policy,case,path_idx,day,spot,spread_bps,PL_APR_2026_futures,PL_APR_2026_contract_size,PL_APR_2026_position,PL_APR_2026_trade,PL_APR_2026_trade_cash,PL_APR_2026_trade_cost,PL_APR_2026_position_mtm,PL_JUL_2026_futures,PL_JUL_2026_contract_size,PL_JUL_2026_position,PL_JUL_2026_trade,PL_JUL_2026_trade_cash,PL_JUL_2026_trade_cost,PL_JUL_2026_position_mtm,PL_OCT_2026_futures,PL_OCT_2026_contract_size,PL_OCT_2026_position,PL_OCT_2026_trade,PL_OCT_2026_trade_cash,PL_OCT_2026_trade_cost,PL_OCT_2026_position_mtm,portfolio_position_mtm,portfolio_cum_trade_cash,portfolio_cum_trade_cost,hedge_portfolio_ex_funding,mtm_ex_post_settle_discount,total_ex_funding_discount
ml,worst,446,2026-04-10,2055.000244,10.000000,2026.171509,50.000000,-2.000000,-2.000000,202617.156250,101.308571,-202617.156250,2047.068848,50.000000,-2.000000,-2.000000,204706.890625,102.353439,-204706.890625,2070.749756,50.000000,-2.000000,-2.000000,207074.968750,103.537483,-207074.968750,-614399.000000,614399.000000,307.199493,-307.199493,4854.181641,4546.981934
ml,worst,446,2026-04-11,2054.153809,10.000000,2052.232910,50.000000,-2.000000,0.000000,-0.000000,0.000000,-205223.296875,2075.079590,50.000000,-2.000000,0.000000,-0.000000,0.000000,-207507.953125,2101.060547,50.000000,-2.000000,0.000000,-0.000000,0.000000,-210106.062500,-622837.312500,614399.000000,307.199493,-8745.511719,80.828957,-8664.682617
ml,worst,446,2026-04-12,2028.083740,10.000000,2022.866333,50.000000,-2.000000,0.000000,-0.000000,0.000000,-202286.640625,2047.953491,50.000000,-2.000000,0.000000,-0.000000,0.000000,-204795.343750,2074.674561,50.000000,-2.000000,0.000000,-0.000000,0.000000,-207467.453125,-614549.437500,614399.000000,307.199493,-457.636993,-64963.031250,-65420.667969
ml,worst,446,2026-04-13,2044.614136,10.000000,2020.312134,50.000000,-1.000000,1.000000,-101015.609375,50.507805,-101015.609375,2045.426025,50.000000,-1.000000,1.000000,-102271.304688,51.135651,-102271.304688,2070.898682,50.000000,-1.000000,1.000000,-103544.937500,51.772469,-103544.937500,-306831.843750,307567.156250,460.615417,274.697083,-18950.523438,-18675.826172
ml,worst,446,2026-04-14,2032.623535,10.000000,2016.461426,50.000000,0.000000,1.000000,-100823.070312,50.411533,0.000000,2042.856934,50.000000,0.000000,1.000000,-102142.843750,51.071419,0.000000,2069.121826,50.000000,-2.000000,-1.000000,103456.093750,51.728046,-206912.187500,-206912.187500,208057.343750,613.826416,531.329834,-38905.066406,-38373.738281
ml,worst,446,2026-04-15,2024.030029,10.000000,1983.458008,50.000000,-2.000000,-2.000000,198345.796875,99.172897,-198345.796875,2006.723877,50.000000,-2.000000,-2.000000,200672.390625,100.336189,-200672.390625,2031.449585,50.000000,-1.000000,1.000000,-101572.476562,50.786236,-101572.476562,-500590.656250,505503.062500,864.121704,4048.284668,-55782.097656,-51733.812500
ml,worst,446,2026-04-16,1992.313965,10.000000,1976.618408,50.000000,-1.000000,1.000000,-98830.921875,49.415462,-98830.921875,1996.774170,50.000000,-1.000000,1.000000,-99838.710938,49.919353,-99838.710938,2020.267944,50.000000,-3.000000,-2.000000,202026.796875,101.013397,-303040.187500,-501709.812500,508860.218750,1064.469971,6085.936523,-131884.015625,-125798.078125
ml,worst,446,2026-04-17,2035.682739,10.000000,2035.867676,50.000000,0.000000,1.000000,-101793.382812,50.896690,0.000000,2057.065186,50.000000,0.000000,1.000000,-102853.257812,51.426628,0.000000,2080.790527,50.000000,-2.000000,1.000000,-104039.523438,52.019760,-208079.046875,-208079.046875,200174.062500,1218.812988,-9123.796875,-13381.950195,-22505.746094
ml,worst,446,2026-04-18,2032.929688,10.000000,2027.189087,50.000000,0.000000,0.000000,-0.000000,0.000000,0.000000,2048.137939,50.000000,0.000000,0.000000,-0.000000,0.000000,0.000000,2072.372559,50.000000,-2.000000,0.000000,-0.000000,0.000000,-207237.250000,-207237.250000,200174.062500,1218.812988,-8282.000000,-15867.924805,-24149.925781
ml,worst,446,2026-04-19,2039.008057,10.000000,2016.707397,50.000000,0.000000,0.000000,-0.000000,0.000000,0.000000,2037.388550,50.000000,0.000000,0.000000,-0.000000,0.000000,0.000000,2060.567871,50.000000,-2.000000,0.000000,-0.000000,0.000000,-206056.781250,-206056.781250,200174.062500,1218.812988,-7101.531738,1230.560669,-5870.971191
ml,worst,446,2026-04-20,2053.510498,10.000000,2041.007935,50.000000,-2.000000,-2.000000,204100.796875,102.050400,-204100.796875,2062.531982,50.000000,-2.000000,-2.000000,206253.203125,103.126595,-206253.203125,2086.899658,50.000000,-1.000000,1.000000,-104344.984375,52.172493,-104344.984375,-514699.000000,506183.062500,1476.162476,-9992.099609,44340.710938,34348.609375
ml,worst,446,2026-04-21,2056.396240,10.000000,2059.851074,50.000000,-1.000000,1.000000,-102992.554688,51.496277,-102992.554688,2083.308350,50.000000,-1.000000,1.000000,-104165.414062,52.082706,-104165.414062,2109.154053,50.000000,0.000000,1.000000,-105457.703125,52.728848,0.000000,-207157.968750,193567.390625,1632.470459,-15223.048828,59168.183594,43945.132812
ml,worst,446,2026-04-22,2070.967773,10.000000,2076.047607,50.000000,0.000000,1.000000,-103802.382812,51.901188,0.000000,2097.576172,50.000000,0.000000,1.000000,-104878.812500,52.439404,0.000000,2123.129639,50.000000,-2.000000,-2.000000,212312.968750,106.156487,-212312.968750,-212312.968750,197199.171875,1842.967529,-16956.763672,95683.664062,78726.898438
ml,worst,446,2026-04-23,2131.797119,10.000000,2157.684082,50.000000,-2.000000,-2.000000,215768.406250,107.884201,-215768.406250,2178.356934,50.000000,-2.000000,-2.000000,217835.687500,108.917847,-217835.687500,2204.199219,50.000000,-1.000000,1.000000,-110209.960938,55.104980,-110209.960938,-543814.062500,520593.312500,2114.874512,-25335.625000,250682.484375,225346.859375
ml,worst,446,2026-04-24,2113.499268,10.000000,2136.633301,50.000000,-1.000000,1.000000,-106831.664062,53.415829,-106831.664062,2156.173828,50.000000,-1.000000,1.000000,-107808.687500,53.904343,-107808.687500,2181.755371,50.000000,0.000000,1.000000,-109087.765625,54.543880,0.000000,-214640.343750,196865.187500,2276.738525,-20051.894531,210095.484375,190043.593750
ml,worst,446,2026-04-25,2117.656494,10.000000,2121.035156,50.000000,-1.000000,0.000000,-0.000000,0.000000,-106051.757812,2139.095947,50.000000,-1.000000,0.000000,-0.000000,0.000000,-106954.796875,2163.214355,50.000000,0.000000,0.000000,-0.000000,0.000000,0.000000,-213006.562500,196865.187500,2276.738525,-18418.113281,233408.968750,214990.859375
ml,worst,446,2026-04-26,2009.753174,10.000000,2034.993774,50.000000,-1.000000,0.000000,-0.000000,0.000000,-101749.687500,2053.197021,50.000000,-1.000000,0.000000,-0.000000,0.000000,-102659.851562,2076.562744,50.000000,0.000000,0.000000,-0.000000,0.000000,0.000000,-204409.531250,196865.187500,2276.738525,-9821.082031,-29213.535156,-39034.617188
ml,worst,446,2026-04-27,1972.469116,10.000000,1956.485840,50.000000,0.000000,1.000000,-97824.289062,48.912144,0.000000,1975.163452,50.000000,-2.000000,-1.000000,98758.171875,49.379086,-197516.343750,1997.283203,50.000000,-2.000000,-2.000000,199728.312500,99.864151,-199728.312500,-397244.656250,397527.375000,2474.893799,-2192.175049,-120417.390625,-122609.562500
ml,worst,446,2026-04-28,1941.583130,10.000000,1964.942993,50.000000,-2.000000,-2.000000,196494.296875,98.247147,-196494.296875,1981.485596,50.000000,-3.000000,-1.000000,99074.281250,49.537140,-297222.843750,2001.761963,50.000000,-1.000000,1.000000,-100088.101562,50.044048,-100088.101562,-593805.250000,593007.875000,2672.722168,-3470.097168,-191505.046875,-194975.140625
ml,worst,446,2026-04-29,1968.000000,10.000000,1985.684814,50.000000,-1.000000,1.000000,-99284.242188,49.642120,-99284.242188,2001.993286,50.000000,-4.000000,-1.000000,100099.664062,50.049831,-400398.656250,2022.045654,50.000000,0.000000,1.000000,-101102.281250,50.551140,0.000000,-499682.906250,492721.000000,2822.965332,-9784.871094,-119921.812500,-129706.687500
ml,worst,446,2026-04-30,1992.075562,10.000000,1985.684814,50.000000,0.000000,1.000000,-99284.242188,49.642120,0.000000,2008.764893,50.000000,-3.000000,1.000000,-100438.242188,50.219120,-301314.750000,2027.917358,50.000000,-2.000000,-2.000000,202791.734375,101.395866,-202791.734375,-504106.500000,495790.250000,3024.222412,-11340.472656,-66764.968750,-78105.437500
ml,worst,446,2026-05-01,1995.633179,10.000000,1985.684814,50.000000,-2.000000,-2.000000,198568.484375,99.284241,-198568.484375,1953.274170,50.000000,-2.000000,1.000000,-97663.710938,48.831856,-195327.421875,1971.853760,50.000000,-1.000000,1.000000,-98592.687500,49.296341,-98592.687500,-492488.593750,498102.312500,3221.634766,2392.083984,-54866.527344,-52474.445312
ml,worst,446,2026-05-02,2009.428467,10.000000,1985.684814,50.000000,-2.000000,0.000000,-0.000000,0.000000,-198568.484375,2006.673706,50.000000,-2.000000,0.000000,-0.000000,0.000000,-200667.375000,2025.937378,50.000000,-1.000000,0.000000,-0.000000,0.000000,-101296.867188,-500532.750000,498102.312500,3221.634766,-5652.072266,-19765.894531,-25417.966797
ml,worst,446,2026-05-03,2020.137573,10.000000,1985.684814,50.000000,-2.000000,0.000000,-0.000000,0.000000,-198568.484375,2029.137817,50.000000,-2.000000,0.000000,-0.000000,0.000000,-202913.781250,2049.179443,50.000000,-1.000000,0.000000,-0.000000,0.000000,-102458.968750,-503941.218750,498102.312500,3221.634766,-9060.541016,4542.131836,-4518.409180
ml,worst,446,2026-05-04,1986.105957,10.000000,1985.684814,50.000000,-1.000000,1.000000,-99284.242188,49.642120,-99284.242188,1992.766968,50.000000,-1.000000,1.000000,-99638.351562,49.819172,-99638.351562,2013.582031,50.000000,-2.000000,-1.000000,100679.101562,50.339550,-201358.203125,-400280.812500,399858.843750,3371.435547,-3793.404297,-78301.125000,-82094.531250
ml,worst,446,2026-05-05,2012.579346,10.000000,1985.684814,50.000000,0.000000,1.000000,-99284.242188,49.642120,0.000000,2035.259399,50.000000,-3.000000,-2.000000,203525.937500,101.762970,-305288.906250,2056.475586,50.000000,-1.000000,1.000000,-102823.781250,51.411888,-102823.781250,-408112.687500,401276.750000,3574.252686,-10410.190430,-17765.376953,-28175.566406
ml,worst,446,2026-05-06,1989.903320,10.000000,1985.684814,50.000000,-2.000000,-2.000000,198568.484375,99.284241,-198568.484375,1999.730835,50.000000,-2.000000,1.000000,-99986.539062,49.993267,-199973.078125,2020.162720,50.000000,-2.000000,-1.000000,101008.132812,50.504063,-202016.265625,-600557.812500,600866.875000,3774.034180,-3464.971680,-73715.023438,-77179.992188
ml,worst,446,2026-05-07,2003.015991,10.000000,1985.684814,50.000000,-1.000000,1.000000,-99284.242188,49.642120,-99284.242188,2027.557739,50.000000,-3.000000,-1.000000,101377.890625,50.688942,-304133.656250,2048.867920,50.000000,-1.000000,1.000000,-102443.398438,51.221699,-102443.398438,-505861.312500,500517.093750,3925.586914,-9269.805664,-43989.347656,-53259.152344
ml,worst,446,2026-05-08,1985.376831,10.000000,1985.684814,50.000000,0.000000,1.000000,-99284.242188,49.642120,0.000000,1996.449951,50.000000,-2.000000,1.000000,-99822.500000,49.911247,-199645.000000,2018.557129,50.000000,0.000000,1.000000,-100927.859375,50.463928,0.000000,-199645.000000,200482.500000,4075.604492,-3238.104492,-90991.585938,-94229.687500
ml,worst,446,2026-05-09,2007.080322,10.000000,1985.684814,50.000000,0.000000,0.000000,-0.000000,0.000000,0.000000,2021.287842,50.000000,-2.000000,0.000000,-0.000000,0.000000,-202128.781250,2042.692871,50.000000,0.000000,0.000000,-0.000000,0.000000,0.000000,-202128.781250,200482.500000,4075.604492,-5721.885742,-39479.648438,-45201.535156
ml,worst,446,2026-05-10,1962.462769,10.000000,1985.684814,50.000000,0.000000,0.000000,-0.000000,0.000000,0.000000,1966.718384,50.000000,-2.000000,0.000000,-0.000000,0.000000,-196671.843750,1986.057739,50.000000,0.000000,0.000000,-0.000000,0.000000,0.000000,-196671.843750,200482.500000,4075.604492,-264.948242,-150494.578125,-150759.531250
ml,worst,446,2026-05-11,1958.118042,10.000000,1985.684814,50.000000,-2.000000,-2.000000,198568.484375,99.284241,-198568.484375,1967.485352,50.000000,-3.000000,-1.000000,98374.265625,49.187130,-295122.812500,1986.381714,50.000000,-2.000000,-2.000000,198638.171875,99.319084,-198638.171875,-692329.500000,696063.375000,4323.394531,-589.519531,-162716.406250,-163305.921875
ml,worst,446,2026-05-12,1945.735229,10.000000,1985.684814,50.000000,-1.000000,1.000000,-99284.242188,49.642120,-99284.242188,1946.839966,50.000000,-2.000000,1.000000,-97342.000000,48.670998,-194684.000000,1966.336182,50.000000,-1.000000,1.000000,-98316.812500,49.158405,-98316.812500,-392285.062500,401120.343750,4470.866211,4364.415039,-194430.218750,-190065.796875
ml,worst,446,2026-05-13,1929.673096,10.000000,1985.684814,50.000000,0.000000,1.000000,-99284.242188,49.642120,0.000000,1917.900269,50.000000,-1.000000,1.000000,-95895.015625,47.947506,-95895.015625,1943.610962,50.000000,-3.000000,-2.000000,194361.093750,97.180550,-291541.656250,-387436.687500,400302.187500,4665.636719,8199.863281,-239381.921875,-231182.062500
ml,worst,446,2026-05-14,1912.927856,10.000000,1985.684814,50.000000,-2.000000,-2.000000,198568.484375,99.284241,-198568.484375,1908.566040,50.000000,-3.000000,-2.000000,190856.609375,95.428307,-286284.906250,1940.907837,50.000000,-2.000000,1.000000,-97045.390625,48.522694,-194090.781250,-678944.125000,692681.875000,4908.871582,8828.878906,-283483.187500,-274654.312500
ml,worst,446,2026-05-15,1856.210449,10.000000,1985.684814,50.000000,-1.000000,1.000000,-99284.242188,49.642120,-99284.242188,1842.663208,50.000000,-2.000000,1.000000,-92133.164062,46.066582,-184266.328125,1875.107300,50.000000,-1.000000,1.000000,-93755.367188,46.877682,-93755.367188,-377305.937500,407509.125000,5051.458008,25151.730469,-427009.781250,-401858.062500
ml,worst,446,2026-05-16,1870.690430,10.000000,1985.684814,50.000000,-1.000000,0.000000,-0.000000,0.000000,-99284.242188,1887.101807,50.000000,-2.000000,0.000000,-0.000000,0.000000,-188710.187500,1919.476929,50.000000,-1.000000,0.000000,-0.000000,0.000000,-95973.843750,-383968.281250,407509.125000,5051.458008,18489.386719,-389960.781250,-371471.406250
ml,worst,446,2026-05-17,1838.255859,10.000000,1985.684814,50.000000,-1.000000,0.000000,-0.000000,0.000000,-99284.242188,1850.926147,50.000000,-2.000000,0.000000,-0.000000,0.000000,-185092.609375,1886.100098,50.000000,-1.000000,0.000000,-0.000000,0.000000,-94305.007812,-378681.843750,407509.125000,5051.458008,23775.824219,-475651.875000,-451876.062500
ml,worst,446,2026-05-18,1772.887451,10.000000,1985.684814,50.000000,0.000000,1.000000,-99284.242188,49.642120,0.000000,1784.851929,50.000000,-1.000000,1.000000,-89242.593750,44.621296,-89242.593750,1817.657837,50.000000,-2.000000,-1.000000,90882.890625,45.441444,-181765.781250,-271008.375000,309865.187500,5191.163086,33665.648438,-643764.125000,-610098.500000
ml,worst,446,2026-05-19,1773.945312,10.000000,1985.684814,50.000000,-2.000000,-2.000000,198568.484375,99.284241,-198568.484375,1787.697266,50.000000,-3.000000,-2.000000,178769.718750,89.384857,-268154.593750,1814.130859,50.000000,-3.000000,-1.000000,90706.546875,45.353275,-272119.625000,-738842.687500,777909.875000,5425.185059,33642.003906,-644401.812500,-610759.812500
ml,worst,446,2026-05-20,1772.786011,10.000000,1985.684814,50.000000,-1.000000,1.000000,-99284.242188,49.642120,-99284.242188,1779.221558,50.000000,-2.000000,1.000000,-88961.078125,44.480537,-177922.156250,1806.368042,50.000000,-2.000000,1.000000,-90318.398438,45.159199,-180636.796875,-457843.187500,499346.187500,5564.466797,35938.531250,-652536.437500,-616597.875000
ml,worst,446,2026-05-21,1753.736328,10.000000,1985.684814,50.000000,0.000000,1.000000,-99284.242188,49.642120,0.000000,1790.989868,50.000000,-3.000000,-1.000000,89549.492188,44.774746,-268648.500000,1821.735229,50.000000,-3.000000,-1.000000,91086.757812,45.543377,-273260.281250,-541908.750000,580698.187500,5704.427246,33085.011719,-702209.625000,-669124.625000
ml,worst,446,2026-05-22,1745.752441,10.000000,1985.684814,50.000000,-2.000000,-2.000000,198568.484375,99.284241,-198568.484375,1780.181641,50.000000,-2.000000,1.000000,-89009.078125,44.504536,-178018.156250,1810.379883,50.000000,-2.000000,1.000000,-90518.992188,45.259495,-181037.984375,-557624.625000,599738.625000,5893.475586,36220.523438,-719431.062500,-683210.562500
ml,worst,446,2026-05-23,1744.842041,10.000000,1985.684814,50.000000,-2.000000,0.000000,-0.000000,0.000000,-198568.484375,1779.547729,50.000000,-2.000000,0.000000,-0.000000,0.000000,-177954.765625,1808.119873,50.000000,-2.000000,0.000000,-0.000000,0.000000,-180811.984375,-557335.250000,599738.625000,5893.475586,36509.898438,-721461.062500,-684951.187500
ml,worst,446,2026-05-24,1717.491943,10.000000,1985.684814,50.000000,-2.000000,0.000000,-0.000000,0.000000,-198568.484375,1752.315308,50.000000,-2.000000,0.000000,-0.000000,0.000000,-175231.531250,1782.272095,50.000000,-2.000000,0.000000,-0.000000,0.000000,-178227.203125,-552027.187500,599738.625000,5893.475586,41817.960938,-794762.562500,-752944.625000
ml,worst,446,2026-05-25,1683.895996,10.000000,1985.684814,50.000000,-2.000000,0.000000,-0.000000,0.000000,-198568.484375,1698.541504,50.000000,-2.000000,0.000000,-0.000000,0.000000,-169854.156250,1730.882935,50.000000,-2.000000,0.000000,-0.000000,0.000000,-173088.296875,-541510.937500,599738.625000,5893.475586,52334.210938,-880901.062500,-828566.875000
ml,worst,446,2026-05-26,1674.048706,10.000000,1985.684814,50.000000,-1.000000,1.000000,-99284.242188,49.642120,-99284.242188,1687.593994,50.000000,-3.000000,-1.000000,84379.703125,42.189850,-253139.109375,1715.364258,50.000000,-3.000000,-1.000000,85768.210938,42.884106,-257304.640625,-609728.000000,670602.312500,6028.191895,54846.121094,-906349.750000,-851503.625000
ml,worst,446,2026-05-27,1669.073364,10.000000,1985.684814,50.000000,0.000000,1.000000,-99284.242188,49.642120,0.000000,1670.024414,50.000000,-2.000000,1.000000,-83501.218750,41.750607,-167002.437500,1692.124268,50.000000,-2.000000,1.000000,-84606.210938,42.303104,-169212.421875,-336214.875000,403210.625000,6161.887695,60833.863281,-916702.812500,-855868.937500
ml,worst,446,2026-05-28,1666.176636,10.000000,1985.684814,50.000000,-2.000000,-2.000000,198568.484375,99.284241,-198568.484375,1679.142090,50.000000,-3.000000,-1.000000,83957.101562,41.978550,-251871.312500,1699.909058,50.000000,-3.000000,-1.000000,84995.453125,42.497723,-254986.359375,-705426.187500,770731.625000,6345.647949,58959.789062,-923164.437500,-864204.625000
ml,worst,446,2026-05-29,1653.594116,10.000000,1985.684814,50.000000,-1.000000,1.000000,-99284.242188,49.642120,-99284.242188,1670.354126,50.000000,-2.000000,1.000000,-83517.703125,41.758850,-167035.406250,1692.409668,50.000000,-2.000000,1.000000,-84620.484375,42.310242,-169240.968750,-435560.625000,503309.250000,6479.359375,61269.265625,-952778.375000,-891509.125000
ml,worst,446,2026-05-30,1595.695312,10.000000,1985.684814,50.000000,-1.000000,0.000000,-0.000000,0.000000,-99284.242188,1578.783813,50.000000,-2.000000,0.000000,-0.000000,0.000000,-157878.375000,1598.632324,50.000000,-2.000000,0.000000,-0.000000,0.000000,-159863.234375,-417025.875000,503309.250000,6479.359375,79804.015625,-1101298.125000,-1021494.125000
ml,worst,446,2026-05-31,1607.847046,10.000000,1985.684814,50.000000,-1.000000,0.000000,-0.000000,0.000000,-99284.242188,1595.029175,50.000000,-2.000000,0.000000,-0.000000,0.000000,-159502.921875,1616.216797,50.000000,-2.000000,0.000000,-0.000000,0.000000,-161621.687500,-420408.843750,503309.250000,6479.359375,76421.046875,-1072969.625000,-996548.562500
ml,worst,446,2026-06-01,1591.098511,10.000000,1985.684814,50.000000,0.000000,1.000000,-99284.242188,49.642120,0.000000,1588.484863,50.000000,-3.000000,-1.000000,79424.242188,39.712120,-238272.734375,1607.989258,50.000000,-3.000000,-1.000000,80399.460938,40.199730,-241198.390625,-479471.125000,563848.687500,6608.913086,77768.648438,-1116779.125000,-1039010.500000
ml,worst,446,2026-06-02,1589.180176,10.000000,1985.684814,50.000000,-2.000000,-2.000000,198568.484375,99.284241,-198568.484375,1596.113647,50.000000,-4.000000,-1.000000,79805.679688,39.902840,-319222.718750,1615.966553,50.000000,-4.000000,-1.000000,80798.328125,40.399162,-323193.312500,-840984.500000,923021.125000,6788.499512,75248.125000,-1122235.750000,-1046987.625000
ml,worst,446,2026-06-03,1582.582275,10.000000,1985.684814,50.000000,-1.000000,1.000000,-99284.242188,49.642120,-99284.242188,1591.920044,50.000000,-3.000000,1.000000,-79596.000000,39.798000,-238788.015625,1610.456299,50.000000,-3.000000,1.000000,-80522.812500,40.261406,-241568.453125,-579640.687500,663618.125000,6918.201172,77059.234375,-1137600.375000,-1060541.125000
ml,worst,446,2026-06-04,1571.437378,10.000000,1985.684814,50.000000,0.000000,1.000000,-99284.242188,49.642120,0.000000,1583.195679,50.000000,-2.000000,1.000000,-79159.781250,39.579891,-158319.562500,1601.034912,50.000000,-2.000000,1.000000,-80051.742188,40.025871,-160103.484375,-318423.062500,405122.375000,7047.449219,79651.859375,-1165801.250000,-1086149.375000
ml,worst,446,2026-06-05,1568.784790,10.000000,1985.684814,50.000000,-2.000000,-2.000000,198568.484375,99.284241,-198568.484375,1596.259399,50.000000,-3.000000,-1.000000,79812.968750,39.906483,-239438.921875,1613.084473,50.000000,-3.000000,-1.000000,80654.226562,40.327110,-241962.671875,-679970.062500,764158.000000,7226.966797,76960.968750,-1174527.875000,-1097566.875000
ml,worst,446,2026-06-06,1601.534302,10.000000,1985.684814,50.000000,-2.000000,0.000000,-0.000000,0.000000,-198568.484375,1623.113159,50.000000,-3.000000,0.000000,-0.000000,0.000000,-243466.968750,1641.318359,50.000000,-3.000000,0.000000,-0.000000,0.000000,-246197.750000,-688233.187500,764158.000000,7226.966797,68697.843750,-1095175.125000,-1026477.250000
ml,worst,446,2026-06-07,1595.651978,10.000000,1985.684814,50.000000,-2.000000,0.000000,-0.000000,0.000000,-198568.484375,1601.795654,50.000000,-3.000000,0.000000,-0.000000,0.000000,-240269.343750,1620.965576,50.000000,-3.000000,0.000000,-0.000000,0.000000,-243144.828125,-681982.625000,764158.000000,7226.966797,74948.406250,-1111698.500000,-1036750.125000
ml,worst,446,2026-06-08,1590.662354,10.000000,1985.684814,50.000000,-1.000000,1.000000,-99284.242188,49.642120,-99284.242188,1581.457275,50.000000,-2.000000,1.000000,-79072.867188,39.536434,-158145.734375,1604.400513,50.000000,-2.000000,1.000000,-80220.023438,40.110012,-160440.046875,-417870.000000,505580.937500,7356.255371,80354.679688,-1123461.500000,-1043106.812500
ml,worst,446,2026-06-09,1609.198486,10.000000,1985.684814,50.000000,0.000000,1.000000,-99284.242188,49.642120,0.000000,1601.137329,50.000000,-3.000000,-1.000000,80056.867188,40.028435,-240170.609375,1624.881592,50.000000,-3.000000,-1.000000,81244.078125,40.622036,-243732.218750,-483902.812500,567597.625000,7486.547852,76208.265625,-1079870.500000,-1003662.250000
ml,worst,446,2026-06-10,1607.686035,10.000000,1985.684814,50.000000,-2.000000,-2.000000,198568.484375,99.284241,-198568.484375,1616.984985,50.000000,-4.000000,-1.000000,80849.250000,40.424625,-323397.000000,1639.491455,50.000000,-4.000000,-1.000000,81974.570312,40.987282,-327898.281250,-849863.750000,928989.875000,7667.244141,71458.882812,-1084599.375000,-1013140.500000
ml,worst,446,2026-06-11,1595.231323,10.000000,1985.684814,50.000000,-1.000000,1.000000,-99284.242188,49.642120,-99284.242188,1609.290161,50.000000,-3.000000,1.000000,-80464.507812,40.232250,-241393.531250,1633.816650,50.000000,-3.000000,1.000000,-81690.835938,40.845417,-245072.515625,-585750.312500,667550.375000,7797.963867,74002.101562,-1116386.250000,-1042384.125000
ml,worst,446,2026-06-12,1585.470703,10.000000,1985.684814,50.000000,0.000000,1.000000,-99284.242188,49.642120,0.000000,1596.217529,50.000000,-2.000000,1.000000,-79810.875000,39.905437,-159621.750000,1620.217285,50.000000,-2.000000,1.000000,-81010.867188,40.505432,-162021.734375,-321643.500000,407444.343750,7928.016602,77872.828125,-1140559.625000,-1062686.750000
ml,worst,446,2026-06-13,1613.744385,10.000000,1985.684814,50.000000,0.000000,0.000000,-0.000000,0.000000,0.000000,1612.792358,50.000000,-2.000000,0.000000,-0.000000,0.000000,-161279.234375,1637.140625,50.000000,-2.000000,0.000000,-0.000000,0.000000,-163714.062500,-324993.312500,407444.343750,7928.016602,74523.015625,-1072151.000000,-997628.000000
ml,worst,446,2026-06-14,1578.712769,10.000000,1985.684814,50.000000,0.000000,0.000000,-0.000000,0.000000,0.000000,1580.545410,50.000000,-2.000000,0.000000,-0.000000,0.000000,-158054.546875,1602.622192,50.000000,-2.000000,0.000000,-0.000000,0.000000,-160262.218750,-318316.750000,407444.343750,7928.016602,81199.578125,-1160055.375000,-1078855.750000
ml,worst,446,2026-06-15,1588.038696,10.000000,1985.684814,50.000000,-2.000000,-2.000000,198568.484375,99.284241,-198568.484375,1582.597656,50.000000,-3.000000,-1.000000,79129.882812,39.564941,-237389.656250,1606.706299,50.000000,-3.000000,-1.000000,80335.312500,40.167656,-241005.953125,-676964.062500,765478.000000,8107.033203,80406.906250,-1139100.875000,-1058694.000000
ml,worst,446,2026-06-16,1589.898804,10.000000,1985.684814,50.000000,-1.000000,1.000000,-99284.242188,49.642120,-99284.242188,1612.249512,50.000000,-4.000000,-1.000000,80612.476562,40.306236,-322449.906250,1637.927979,50.000000,-4.000000,-1.000000,81896.398438,40.948200,-327585.593750,-749319.750000,828702.687500,8237.930664,71145.007812,-1134049.750000,-1062904.750000
ml,worst,446,2026-06-17,1573.462524,10.000000,1985.684814,50.000000,0.000000,1.000000,-99284.242188,49.642120,0.000000,1593.717896,50.000000,-3.000000,1.000000,-79685.898438,39.842949,-239057.687500,1615.145996,50.000000,-3.000000,1.000000,-80757.296875,40.378651,-242271.906250,-481329.593750,568975.250000,8367.793945,79277.859375,-1176635.875000,-1097358.000000
ml,worst,446,2026-06-18,1559.084106,10.000000,1985.684814,50.000000,-2.000000,-2.000000,198568.484375,99.284241,-198568.484375,1588.018433,50.000000,-2.000000,1.000000,-79400.921875,39.700462,-158801.843750,1606.777466,50.000000,-2.000000,1.000000,-80338.875000,40.169437,-160677.750000,-518048.062500,607803.875000,8546.947266,81208.867188,-1213379.875000,-1132171.000000
ml,worst,446,2026-06-19,1559.356323,10.000000,1985.684814,50.000000,-2.000000,0.000000,-0.000000,0.000000,-198568.484375,1571.229248,50.000000,-2.000000,0.000000,-0.000000,0.000000,-157122.921875,1592.770996,50.000000,-2.000000,0.000000,-0.000000,0.000000,-159277.093750,-514968.500000,607803.875000,8546.947266,84288.429688,-1213337.750000,-1129049.375000
ml,worst,446,2026-06-20,1560.225830,10.000000,1985.684814,50.000000,-2.000000,0.000000,-0.000000,0.000000,-198568.484375,1568.780518,50.000000,-2.000000,0.000000,-0.000000,0.000000,-156878.046875,1589.501831,50.000000,-2.000000,0.000000,-0.000000,0.000000,-158950.187500,-514396.718750,607803.875000,8546.947266,84860.210938,-1211997.125000,-1127136.875000
ml,worst,446,2026-06-21,1533.443848,10.000000,1985.684814,50.000000,-2.000000,0.000000,-0.000000,0.000000,-198568.484375,1533.873901,50.000000,-2.000000,0.000000,-0.000000,0.000000,-153387.390625,1554.591553,50.000000,-2.000000,0.000000,-0.000000,0.000000,-155459.156250,-507415.031250,607803.875000,8546.947266,91841.898438,-1279720.875000,-1187879.000000
ml,worst,446,2026-06-22,1523.772827,10.000000,1985.684814,50.000000,-1.000000,1.000000,-99284.242188,49.642120,-99284.242188,1527.250244,50.000000,-3.000000,-1.000000,76362.515625,38.181255,-229087.546875,1547.802246,50.000000,-3.000000,-1.000000,77390.109375,38.695057,-232170.343750,-560542.125000,662272.312500,8673.466797,93056.718750,-1304450.125000,-1211393.375000
ml,worst,446,2026-06-23,1483.378052,10.000000,1985.684814,50.000000,0.000000,1.000000,-99284.242188,49.642120,0.000000,1500.954590,50.000000,-2.000000,1.000000,-75047.726562,37.523861,-150095.453125,1523.460571,50.000000,-2.000000,1.000000,-76173.031250,38.086514,-152346.062500,-302441.500000,411767.312500,8798.718750,100527.093750,-1406049.875000,-1305522.750000
ml,worst,446,2026-06-24,1454.827148,10.000000,1985.684814,50.000000,-2.000000,-2.000000,198568.484375,99.284241,-198568.484375,1457.312744,50.000000,-1.000000,1.000000,-72865.640625,36.432819,-72865.640625,1478.464722,50.000000,-3.000000,-1.000000,73923.234375,36.961617,-221769.703125,-493203.812500,611393.375000,8971.398438,109218.164062,-1477169.500000,-1367951.375000
ml,worst,446,2026-06-25,1477.982544,10.000000,1985.684814,50.000000,-1.000000,1.000000,-99284.242188,49.642120,-99284.242188,1465.141235,50.000000,-3.000000,-2.000000,146514.125000,73.257057,-219771.187500,1485.105957,50.000000,-4.000000,-1.000000,74255.296875,37.127647,-297021.187500,-616076.625000,732878.562500,9131.424805,107670.515625,-1420685.000000,-1313014.500000
ml,worst,446,2026-06-26,1463.690552,10.000000,1985.684814,50.000000,0.000000,1.000000,-99284.242188,49.642120,0.000000,1482.105103,50.000000,-4.000000,-1.000000,74105.257812,37.052628,-296421.031250,1501.224731,50.000000,-5.000000,-1.000000,75061.234375,37.530617,-375306.187500,-671727.250000,782760.750000,9255.650391,101777.851562,-1457530.625000,-1355752.750000
ml,worst,446,2026-06-27,1484.017700,10.000000,1985.684814,50.000000,0.000000,0.000000,-0.000000,0.000000,0.000000,1464.380981,50.000000,-4.000000,0.000000,-0.000000,0.000000,-292876.187500,1482.217407,50.000000,-5.000000,0.000000,-0.000000,0.000000,-370554.343750,-663430.500000,782760.750000,9255.650391,110074.601562,-1407194.500000,-1297119.875000
ml,worst,446,2026-06-28,1475.064209,10.000000,1985.684814,50.000000,0.000000,0.000000,-0.000000,0.000000,0.000000,1457.124512,50.000000,-4.000000,0.000000,-0.000000,0.000000,-291424.906250,1474.108887,50.000000,-5.000000,0.000000,-0.000000,0.000000,-368527.218750,-659952.125000,782760.750000,9255.650391,113552.976562,-1430903.125000,-1317350.125000
ml,worst,446,2026-06-29,1480.198608,10.000000,1985.684814,50.000000,-2.000000,-2.000000,198568.484375,99.284241,-198568.484375,1471.509399,50.000000,-3.000000,1.000000,-73575.468750,36.787735,-220726.421875,1488.886841,50.000000,-4.000000,1.000000,-74444.343750,37.222172,-297777.375000,-717072.250000,833309.500000,9428.943359,106808.304688,-1419654.000000,-1312845.750000
ml,worst,446,2026-06-30,1487.299194,10.000000,1985.684814,50.000000,-1.000000,1.000000,-99284.242188,49.642120,-99284.242188,1511.918091,50.000000,-4.000000,-1.000000,75595.906250,37.797951,-302383.625000,1528.917725,50.000000,-5.000000,-1.000000,76445.882812,38.222939,-382229.437500,-783897.312500,886067.000000,9554.606445,92615.078125,-1402633.250000,-1310018.125000
ml,worst,446,2026-07-01,1478.551392,10.000000,1985.684814,50.000000,0.000000,1.000000,-99284.242188,49.642120,0.000000,1504.648071,50.000000,-3.000000,1.000000,-75232.406250,37.616203,-225697.218750,1521.911011,50.000000,-4.000000,1.000000,-76095.546875,38.047775,-304382.187500,-530079.375000,635454.875000,9679.913086,95695.585938,-1425321.500000,-1329625.875000
ml,worst,446,2026-07-02,1472.780762,10.000000,1985.684814,50.000000,-2.000000,-2.000000,198568.484375,99.284241,-198568.484375,1477.668701,50.000000,-2.000000,1.000000,-73883.437500,36.941719,-147766.875000,1495.019775,50.000000,-3.000000,1.000000,-74750.992188,37.375496,-224252.984375,-570588.375000,685388.875000,9853.514648,104946.984375,-1440832.000000,-1335885.000000
ml,worst,446,2026-07-03,1471.006470,10.000000,1985.684814,50.000000,-1.000000,1.000000,-99284.242188,49.642120,-99284.242188,1495.637817,50.000000,-3.000000,-1.000000,74781.890625,37.390942,-224345.671875,1513.920898,50.000000,-4.000000,-1.000000,75696.046875,37.848022,-302784.187500,-626414.125000,736582.625000,9978.395508,100190.101562,-1445064.750000,-1344874.625000
ml,worst,446,2026-07-04,1463.272583,10.000000,1985.684814,50.000000,-1.000000,0.000000,-0.000000,0.000000,-99284.242188,1463.477661,50.000000,-3.000000,0.000000,-0.000000,0.000000,-219521.656250,1479.941528,50.000000,-4.000000,0.000000,-0.000000,0.000000,-295988.312500,-614794.250000,736582.625000,9978.395508,111809.976562,-1462377.125000,-1350567.125000
ml,worst,446,2026-07-05,1471.470215,10.000000,1985.684814,50.000000,-1.000000,0.000000,-0.000000,0.000000,-99284.242188,1509.495239,50.000000,-3.000000,0.000000,-0.000000,0.000000,-226424.296875,1526.975464,50.000000,-4.000000,0.000000,-0.000000,0.000000,-305395.093750,-631103.625000,736582.625000,9978.395508,95500.601562,-1445755.000000,-1350254.375000
ml,worst,446,2026-07-06,1450.302124,10.000000,1985.684814,50.000000,0.000000,1.000000,-99284.242188,49.642120,0.000000,1453.425781,50.000000,-2.000000,1.000000,-72671.289062,36.335644,-145342.578125,1469.817505,50.000000,-3.000000,1.000000,-73490.875000,36.745438,-220472.625000,-365815.187500,491136.187500,10101.119141,115219.882812,-1492093.625000,-1376873.750000
ml,worst,446,2026-07-07,1443.382446,10.000000,1985.684814,50.000000,-2.000000,-2.000000,198568.484375,99.284241,-198568.484375,1441.338989,50.000000,-1.000000,1.000000,-72066.953125,36.033474,-72066.953125,1459.588501,50.000000,-2.000000,1.000000,-72979.421875,36.489712,-145958.843750,-416594.281250,544658.250000,10272.925781,117791.046875,-1507141.875000,-1389350.875000
ml,worst,446,2026-07-08,1449.331421,10.000000,1985.684814,50.000000,-1.000000,1.000000,-99284.242188,49.642120,-99284.242188,1441.420044,50.000000,-3.000000,-2.000000,144142.000000,72.070999,-216213.015625,1459.952026,50.000000,-3.000000,-1.000000,72997.601562,36.498798,-218992.796875,-534490.062500,662513.625000,10431.138672,117592.421875,-1496226.125000,-1378633.750000
ml,worst,446,2026-07-09,1453.371704,10.000000,1985.684814,50.000000,0.000000,1.000000,-99284.242188,49.642120,0.000000,1449.701294,50.000000,-4.000000,-1.000000,72485.062500,36.242531,-289940.250000,1468.380127,50.000000,-4.000000,-1.000000,73419.007812,36.709503,-293676.031250,-583616.250000,709133.500000,10553.732422,114963.515625,-1489364.375000,-1374400.875000
ml,worst,446,2026-07-10,1463.782715,10.000000,1985.684814,50.000000,-2.000000,-2.000000,198568.484375,99.284241,-198568.484375,1477.021240,50.000000,-3.000000,1.000000,-73851.062500,36.925529,-221553.171875,1496.340698,50.000000,-5.000000,-1.000000,74817.031250,37.408516,-374085.187500,-794206.875000,908667.875000,10727.350586,103733.648438,-1471684.375000,-1367950.750000
ml,worst,446,2026-07-11,1466.640991,10.000000,1985.684814,50.000000,-2.000000,0.000000,-0.000000,0.000000,-198568.484375,1467.968872,50.000000,-3.000000,0.000000,-0.000000,0.000000,-220195.343750,1485.698242,50.000000,-5.000000,0.000000,-0.000000,0.000000,-371424.562500,-790188.375000,908667.875000,10727.350586,107752.148438,-1468158.125000,-1360406.000000
ml,worst,446,2026-07-12,1466.194824,10.000000,1985.684814,50.000000,-2.000000,0.000000,-0.000000,0.000000,-198568.484375,1488.473999,50.000000,-3.000000,0.000000,-0.000000,0.000000,-223271.093750,1507.211304,50.000000,-5.000000,0.000000,-0.000000,0.000000,-376802.843750,-798642.375000,908667.875000,10727.350586,99298.148438,-1469792.375000,-1370494.250000
ml,worst,446,2026-07-13,1457.521851,10.000000,1985.684814,50.000000,-1.000000,1.000000,-99284.242188,49.642120,-99284.242188,1471.545288,50.000000,-2.000000,1.000000,-73577.265625,36.788631,-147154.531250,1490.639038,50.000000,-4.000000,1.000000,-74531.953125,37.265976,-298127.812500,-544566.625000,661274.500000,10851.046875,105856.828125,-1484435.125000,-1378578.250000
ml,worst,446,2026-07-14,1451.068604,10.000000,1985.684814,50.000000,0.000000,1.000000,-99284.242188,49.642120,0.000000,1459.391602,50.000000,-1.000000,1.000000,-72969.578125,36.484787,-72969.578125,1477.455933,50.000000,-3.000000,1.000000,-73872.796875,36.936398,-221618.390625,-294587.968750,415147.843750,10974.110352,109585.765625,-1495006.625000,-1385420.875000
ml,worst,446,2026-07-15,1445.439697,10.000000,1985.684814,50.000000,-2.000000,-2.000000,198568.484375,99.284241,-198568.484375,1424.741943,50.000000,-2.000000,-1.000000,71237.093750,35.618546,-142474.187500,1440.768555,50.000000,-2.000000,1.000000,-72038.429688,36.019215,-144076.859375,-485119.562500,612915.000000,11145.033203,116650.406250,-1503242.625000,-1386592.250000
ml,worst,446,2026-07-16,1463.493042,10.000000,1985.684814,50.000000,-1.000000,1.000000,-99284.242188,49.642120,-99284.242188,1464.862427,50.000000,-3.000000,-1.000000,73243.125000,36.621563,-219729.375000,1481.228149,50.000000,-3.000000,-1.000000,74061.406250,37.030701,-222184.234375,-541197.875000,660935.250000,11268.327148,108469.046875,-1480162.750000,-1371693.750000
ml,worst,446,2026-07-17,1451.712891,10.000000,1985.684814,50.000000,0.000000,1.000000,-99284.242188,49.642120,0.000000,1445.771606,50.000000,-2.000000,1.000000,-72288.578125,36.144287,-144577.156250,1463.442871,50.000000,-2.000000,1.000000,-73172.140625,36.586067,-146344.281250,-290921.437500,416190.312500,11390.699219,113878.171875,-1494712.000000,-1380833.875000
ml,worst,446,2026-07-18,1398.978149,10.000000,1985.684814,50.000000,0.000000,0.000000,-0.000000,0.000000,0.000000,1383.564331,50.000000,-2.000000,0.000000,-0.000000,0.000000,-138356.437500,1400.266235,50.000000,-2.000000,0.000000,-0.000000,0.000000,-140026.625000,-278383.062500,416190.312500,11390.699219,126416.546875,-1552383.125000,-1425966.625000
ml,worst,446,2026-07-19,1392.361084,10.000000,1985.684814,50.000000,0.000000,0.000000,-0.000000,0.000000,0.000000,1378.790161,50.000000,-2.000000,0.000000,-0.000000,0.000000,-137879.015625,1394.559692,50.000000,-2.000000,0.000000,-0.000000,0.000000,-139455.968750,-277335.000000,416190.312500,11390.699219,127464.609375,-1559866.750000,-1432402.125000
ml,worst,446,2026-07-20,1391.285156,10.000000,1985.684814,50.000000,-2.000000,-2.000000,198568.484375,99.284241,-198568.484375,1380.262573,50.000000,-3.000000,-1.000000,69013.125000,34.506561,-207039.375000,1396.165771,50.000000,-3.000000,-1.000000,69808.289062,34.904144,-209424.859375,-615032.750000,753580.250000,11559.394531,126988.109375,-1561389.250000,-1434401.125000
ml,worst,446,2026-07-21,1410.843018,10.000000,1985.684814,50.000000,-1.000000,1.000000,-99284.242188,49.642120,-99284.242188,1409.015747,50.000000,-4.000000,-1.000000,70450.789062,35.225391,-281803.156250,1424.636719,50.000000,-4.000000,-1.000000,71231.835938,35.615917,-284927.343750,-666014.750000,795978.625000,11679.876953,118284.000000,-1542571.250000,-1424287.250000
ml,worst,446,2026-07-22,1380.406250,10.000000,1985.684814,50.000000,0.000000,1.000000,-99284.242188,49.642120,0.000000,1372.989136,50.000000,-3.000000,1.000000,-68649.453125,34.324722,-205948.359375,1389.134766,50.000000,-3.000000,1.000000,-69456.734375,34.728367,-208370.218750,-414318.562500,558588.125000,11798.572266,132470.984375,-1569431.375000,-1436960.375000
ml,worst,446,2026-07-23,1386.020386,10.000000,1985.684814,50.000000,-2.000000,-2.000000,198568.484375,99.284241,-198568.484375,1365.367310,50.000000,-2.000000,1.000000,-68268.367188,34.134182,-136536.734375,1382.739746,50.000000,-2.000000,1.000000,-69136.984375,34.568493,-138273.968750,-473379.187500,619751.312500,11966.560547,134405.562500,-1565572.750000,-1431167.250000
ml,worst,446,2026-07-24,1360.941895,10.000000,1985.684814,50.000000,-1.000000,1.000000,-99284.242188,49.642120,-99284.242188,1345.547119,50.000000,-1.000000,1.000000,-67277.359375,33.638680,-67277.359375,1362.588379,50.000000,-3.000000,-1.000000,68129.421875,34.064713,-204388.250000,-370949.843750,521319.125000,12083.905273,138285.375000,-1582178.875000,-1443893.500000
ml,worst,446,2026-07-25,1365.087891,10.000000,1985.684814,50.000000,-1.000000,0.000000,-0.000000,0.000000,-99284.242188,1367.981934,50.000000,-1.000000,0.000000,-0.000000,0.000000,-68399.093750,1383.395386,50.000000,-3.000000,0.000000,-0.000000,0.000000,-207509.296875,-375192.625000,521319.125000,12083.905273,134042.593750,-1580236.375000,-1446193.750000
ml,worst,446,2026-07-26,1363.111816,10.000000,1985.684814,50.000000,-1.000000,0.000000,-0.000000,0.000000,-99284.242188,1355.755127,50.000000,-1.000000,0.000000,-0.000000,0.000000,-67787.757812,1370.804565,50.000000,-3.000000,0.000000,-0.000000,0.000000,-205620.671875,-372692.687500,521319.125000,12083.905273,136542.531250,-1581611.750000,-1445069.250000
ml,worst,446,2026-07-27,1377.220215,10.000000,1985.684814,50.000000,0.000000,1.000000,-99284.242188,49.642120,0.000000,1363.392212,50.000000,-3.000000,-2.000000,136339.218750,68.169609,-204508.843750,1378.551270,50.000000,-4.000000,-1.000000,68927.562500,34.463779,-275710.250000,-480219.093750,627301.625000,12236.181641,134846.343750,-1574258.250000,-1439411.875000
ml,worst,446,2026-07-28,1383.942139,10.000000,1985.684814,50.000000,-2.000000,-2.000000,198568.484375,99.284241,-198568.484375,1358.958984,50.000000,-2.000000,1.000000,-67947.953125,33.973972,-135895.906250,1373.895264,50.000000,-3.000000,1.000000,-68694.765625,34.347382,-206084.281250,-540548.625000,689227.437500,12403.787109,136275.031250,-1571591.000000,-1435316.000000
ml,worst,446,2026-07-29,1388.698975,10.000000,1985.684814,50.000000,-1.000000,1.000000,-99284.242188,49.642120,-99284.242188,1390.429688,50.000000,-1.000000,1.000000,-69521.484375,34.760742,-69521.484375,1406.367798,50.000000,-4.000000,-1.000000,70318.390625,35.159191,-281273.562500,-450079.281250,590740.125000,12523.347656,128137.500000,-1570283.625000,-1442146.125000
ml,worst,446,2026-07-30,1388.898315,10.000000,1985.684814,50.000000,0.000000,1.000000,-99284.242188,49.642120,0.000000,1390.429688,50.000000,0.000000,1.000000,-69521.484375,34.760742,0.000000,1389.247925,50.000000,-3.000000,1.000000,-69462.398438,34.731197,-208387.187500,-208387.187500,352471.968750,12642.482422,131442.296875,-1570439.125000,-1438996.875000
ml,worst,446,2026-07-31,1394.275757,10.000000,1985.684814,50.000000,-2.000000,-2.000000,198568.484375,99.284241,-198568.484375,1390.429688,50.000000,-2.000000,-2.000000,139042.968750,69.521484,-139042.968750,1409.433838,50.000000,-4.000000,-1.000000,70471.695312,35.235847,-281886.781250,-619498.250000,760555.125000,12846.524414,128210.351562,-1570017.875000,-1441807.500000
ml,worst,446,2026-08-01,1400.928101,10.000000,1985.684814,50.000000,-2.000000,0.000000,-0.000000,0.000000,-198568.484375,1390.429688,50.000000,-2.000000,0.000000,-0.000000,0.000000,-139042.968750,1423.590698,50.000000,-4.000000,0.000000,-0.000000,0.000000,-284718.125000,-622329.562500,760555.125000,12846.524414,125379.039062,-1570149.500000,-1444770.500000
ml,worst,446,2026-08-02,1403.621460,10.000000,1985.684814,50.000000,-2.000000,0.000000,-0.000000,0.000000,-198568.484375,1390.429688,50.000000,-2.000000,0.000000,-0.000000,0.000000,-139042.968750,1406.598633,50.000000,-4.000000,0.000000,-0.000000,0.000000,-281319.718750,-618931.125000,760555.125000,12846.524414,128777.476562,-1570285.125000,-1441507.625000
ml,worst,446,2026-08-03,1392.395630,10.000000,1985.684814,50.000000,-1.000000,1.000000,-99284.242188,49.642120,-99284.242188,1390.429688,50.000000,-1.000000,1.000000,-69521.484375,34.760742,-69521.484375,1411.870728,50.000000,-3.000000,1.000000,-70593.539062,35.296768,-211780.609375,-380586.312500,521155.843750,12966.224609,127603.304688,-1570438.875000,-1442835.625000
ml,worst,446,2026-08-04,1386.341064,10.000000,1985.684814,50.000000,0.000000,1.000000,-99284.242188,49.642120,0.000000,1390.429688,50.000000,0.000000,1.000000,-69521.484375,34.760742,0.000000,1409.094116,50.000000,-2.000000,1.000000,-70454.703125,35.227348,-140909.406250,-140909.406250,281895.437500,13085.855469,127900.171875,-1570582.875000,-1442682.750000
ml,worst,446,2026-08-05,1398.231934,10.000000,1985.684814,50.000000,-2.000000,-2.000000,198568.484375,99.284241,-198568.484375,1390.429688,50.000000,-2.000000,-2.000000,139042.968750,69.521484,-139042.968750,1418.608032,50.000000,-3.000000,-1.000000,70930.398438,35.465199,-212791.218750,-550402.625000,690437.250000,13290.125000,126744.500000,-1570730.625000,-1443986.125000
ml,worst,446,2026-08-06,1402.000000,10.000000,1985.684814,50.000000,-1.000000,1.000000,-99284.242188,49.642120,-99284.242188,1390.429688,50.000000,-1.000000,1.000000,-69521.484375,34.760742,-69521.484375,1418.407837,50.000000,-4.000000,-1.000000,70920.390625,35.460194,-283681.562500,-452487.281250,592551.937500,13409.988281,126654.671875,-1570730.625000,-1444076.000000
ml,worst,446,2026-08-07,1400.492065,10.000000,1985.684814,50.000000,0.000000,1.000000,-99284.242188,49.642120,0.000000,1390.429688,50.000000,0.000000,1.000000,-69521.484375,34.760742,0.000000,1421.881470,50.000000,-3.000000,1.000000,-71094.070312,35.547035,-213282.218750,-213282.218750,352652.156250,13529.938477,125840.000000,-1570730.625000,-1444890.625000
ml,worst,446,2026-08-08,1402.280151,10.000000,1985.684814,50.000000,0.000000,0.000000,-0.000000,0.000000,0.000000,1390.429688,50.000000,0.000000,0.000000,-0.000000,0.000000,0.000000,1409.749390,50.000000,-3.000000,0.000000,-0.000000,0.000000,-211462.406250,-211462.406250,352652.156250,13529.938477,127659.812500,-1570730.625000,-1443070.750000
ml,worst,446,2026-08-09,1398.588013,10.000000,1985.684814,50.000000,0.000000,0.000000,-0.000000,0.000000,0.000000,1390.429688,50.000000,0.000000,0.000000,-0.000000,0.000000,0.000000,1420.446777,50.000000,-3.000000,0.000000,-0.000000,0.000000,-213067.015625,-213067.015625,352652.156250,13529.938477,126055.203125,-1570730.625000,-1444675.375000
ml,worst,446,2026-08-10,1384.629150,10.000000,1985.684814,50.000000,-2.000000,-2.000000,198568.484375,99.284241,-198568.484375,1390.429688,50.000000,-2.000000,-2.000000,139042.968750,69.521484,-139042.968750,1398.073853,50.000000,-2.000000,1.000000,-69903.695312,34.951847,-139807.390625,-477418.812500,620359.875000,13733.695312,129207.367188,-1570730.625000,-1441523.250000
ml,worst,446,2026-08-11,1384.641113,10.000000,1985.684814,50.000000,-1.000000,1.000000,-99284.242188,49.642120,-99284.242188,1390.429688,50.000000,-1.000000,1.000000,-69521.484375,34.760742,-69521.484375,1403.231689,50.000000,-3.000000,-1.000000,70161.585938,35.080791,-210484.765625,-379290.500000,521715.750000,13853.179688,128572.070312,-1570730.625000,-1442158.500000
ml,worst,446,2026-08-12,1386.547241,10.000000,1985.684814,50.000000,0.000000,1.000000,-99284.242188,49.642120,0.000000,1390.429688,50.000000,0.000000,1.000000,-69521.484375,34.760742,0.000000,1395.033203,50.000000,-2.000000,1.000000,-69751.656250,34.875828,-139503.312500,-139503.312500,283158.375000,13972.458984,129682.601562,-1570730.625000,-1441048.000000
ml,worst,446,2026-08-13,1380.225952,10.000000,1985.684814,50.000000,-2.000000,-2.000000,198568.484375,99.284241,-198568.484375,1390.429688,50.000000,-2.000000,-2.000000,139042.968750,69.521484,-139042.968750,1364.478271,50.000000,-1.000000,1.000000,-68223.914062,34.111954,-68223.914062,-405835.343750,552545.875000,14175.375000,132535.156250,-1570730.625000,-1438195.500000
ml,worst,446,2026-08-14,1385.009521,10.000000,1985.684814,50.000000,-1.000000,1.000000,-99284.242188,49.642120,-99284.242188,1390.429688,50.000000,-1.000000,1.000000,-69521.484375,34.760742,-69521.484375,1346.328369,50.000000,-3.000000,-2.000000,134632.843750,67.316422,-201949.250000,-370754.968750,518373.031250,14327.094727,133290.968750,-1570730.625000,-1437439.625000
ml,worst,446,2026-08-15,1388.085938,10.000000,1985.684814,50.000000,-1.000000,0.000000,-0.000000,0.000000,-99284.242188,1390.429688,50.000000,-1.000000,0.000000,-0.000000,0.000000,-69521.484375,1380.852661,50.000000,-3.000000,0.000000,-0.000000,0.000000,-207127.906250,-375933.625000,518373.031250,14327.094727,128112.312500,-1570730.625000,-1442618.250000
ml,worst,446,2026-08-16,1380.656372,10.000000,1985.684814,50.000000,-1.000000,0.000000,-0.000000,0.000000,-99284.242188,1390.429688,50.000000,-1.000000,0.000000,-0.000000,0.000000,-69521.484375,1368.874146,50.000000,-3.000000,0.000000,-0.000000,0.000000,-205331.125000,-374136.843750,518373.031250,14327.094727,129909.093750,-1570730.625000,-1440821.500000
ml,worst,446,2026-08-17,1379.740234,10.000000,1985.684814,50.000000,0.000000,1.000000,-99284.242188,49.642120,0.000000,1390.429688,50.000000,0.000000,1.000000,-69521.484375,34.760742,0.000000,1379.291382,50.000000,-4.000000,-1.000000,68964.570312,34.482285,-275858.281250,-275858.281250,418531.875000,14445.980469,128227.609375,-1570730.625000,-1442503.000000
ml,worst,446,2026-08-18,1381.538208,10.000000,1985.684814,50.000000,-2.000000,-2.000000,198568.484375,99.284241,-198568.484375,1390.429688,50.000000,-2.000000,-2.000000,139042.968750,69.521484,-139042.968750,1397.949707,50.000000,-3.000000,1.000000,-69897.484375,34.948742,-209692.453125,-547303.875000,686245.875000,14649.734375,124292.265625,-1570730.625000,-1446438.375000
ml,worst,446,2026-08-19,1394.733276,10.000000,1985.684814,50.000000,-1.000000,1.000000,-99284.242188,49.642120,-99284.242188,1390.429688,50.000000,-1.000000,1.000000,-69521.484375,34.760742,-69521.484375,1407.303223,50.000000,-4.000000,-1.000000,70365.164062,35.182579,-281460.656250,-450266.375000,587805.250000,14769.320312,122769.554688,-1570730.625000,-1447961.125000
ml,worst,446,2026-08-20,1390.523193,10.000000,1985.684814,50.000000,0.000000,1.000000,-99284.242188,49.642120,0.000000,1390.429688,50.000000,0.000000,1.000000,-69521.484375,34.760742,0.000000,1400.023804,50.000000,-3.000000,1.000000,-70001.187500,35.000591,-210003.562500,-210003.562500,348998.375000,14888.723633,124106.085938,-1570730.625000,-1446624.500000
ml,worst,446,2026-08-21,1421.842407,10.000000,1985.684814,50.000000,-2.000000,-2.000000,198568.484375,99.284241,-198568.484375,1390.429688,50.000000,-2.000000,-2.000000,139042.968750,69.521484,-139042.968750,1439.679443,50.000000,-2.000000,1.000000,-71983.968750,35.991985,-143967.937500,-481579.375000,614625.875000,15093.521484,117952.976562,-1570730.625000,-1452777.625000
ml,worst,446,2026-08-22,1421.105835,10.000000,1985.684814,50.000000,-2.000000,0.000000,-0.000000,0.000000,-198568.484375,1390.429688,50.000000,-2.000000,0.000000,-0.000000,0.000000,-139042.968750,1440.990234,50.000000,-2.000000,0.000000,-0.000000,0.000000,-144099.031250,-481710.468750,614625.875000,15093.521484,117821.882812,-1570730.625000,-1452908.750000
ml,worst,446,2026-08-23,1430.756714,10.000000,1985.684814,50.000000,-2.000000,0.000000,-0.000000,0.000000,-198568.484375,1390.429688,50.000000,-2.000000,0.000000,-0.000000,0.000000,-139042.968750,1431.958374,50.000000,-2.000000,0.000000,-0.000000,0.000000,-143195.843750,-480807.281250,614625.875000,15093.521484,118725.070312,-1570730.625000,-1452005.500000
ml,worst,446,2026-08-24,1422.804199,10.000000,1985.684814,50.000000,-1.000000,1.000000,-99284.242188,49.642120,-99284.242188,1390.429688,50.000000,-1.000000,1.000000,-69521.484375,34.760742,-69521.484375,1426.546265,50.000000,-1.000000,1.000000,-71327.312500,35.663654,-71327.312500,-240133.031250,374492.812500,15213.587891,119146.195312,-1570730.625000,-1451584.375000
ml,worst,446,2026-08-25,1417.391846,10.000000,1985.684814,50.000000,0.000000,1.000000,-99284.242188,49.642120,0.000000,1390.429688,50.000000,0.000000,1.000000,-69521.484375,34.760742,0.000000,1436.274902,50.000000,-3.000000,-2.000000,143627.484375,71.813744,-215441.234375,-215441.234375,349314.562500,15369.804688,118503.523438,-1570730.625000,-1452227.125000
ml,worst,446,2026-08-26,1413.775879,10.000000,1985.684814,50.000000,-2.000000,-2.000000,198568.484375,99.284241,-198568.484375,1390.429688,50.000000,-2.000000,-2.000000,139042.968750,69.521484,-139042.968750,1428.239624,50.000000,-2.000000,1.000000,-71411.984375,35.705994,-142823.968750,-480435.406250,615514.000000,15574.316406,119504.281250,-1570730.625000,-1451226.375000
ml,worst,446,2026-08-27,1414.389404,10.000000,1985.684814,50.000000,0.000000,2.000000,-198568.484375,99.284241,0.000000,1390.429688,50.000000,-1.000000,1.000000,-69521.484375,34.760742,-69521.484375,1425.507080,50.000000,-1.000000,1.000000,-71275.351562,35.637672,-71275.351562,-140796.843750,276148.718750,15743.998047,119607.875000,-1570730.625000,-1451122.750000
ml,worst,446,2026-08-28,1429.147583,10.000000,1985.684814,50.000000,-2.000000,-2.000000,198568.484375,99.284241,-198568.484375,1390.429688,50.000000,0.000000,1.000000,-69521.484375,34.760742,0.000000,1442.224731,50.000000,-3.000000,-2.000000,144222.468750,72.111237,-216333.718750,-414902.187500,549418.187500,15950.154297,118565.843750,-1570730.625000,-1452164.750000
ml,worst,446,2026-08-29,1445.161255,10.000000,1985.684814,50.000000,-2.000000,0.000000,-0.000000,0.000000,-198568.484375,1390.429688,50.000000,0.000000,0.000000,-0.000000,0.000000,0.000000,1449.421143,50.000000,-3.000000,0.000000,-0.000000,0.000000,-217413.187500,-415981.687500,549418.187500,15950.154297,117486.343750,-1570730.625000,-1453244.250000
ml,worst,446,2026-08-30,1434.613892,10.000000,1985.684814,50.000000,-2.000000,0.000000,-0.000000,0.000000,-198568.484375,1390.429688,50.000000,0.000000,0.000000,-0.000000,0.000000,0.000000,1433.421997,50.000000,-3.000000,0.000000,-0.000000,0.000000,-215013.312500,-413581.812500,549418.187500,15950.154297,119886.218750,-1570730.625000,-1450844.375000
ml,worst,446,2026-08-31,1452.352051,10.000000,1985.684814,50.000000,0.000000,2.000000,-198568.484375,99.284241,0.000000,1390.429688,50.000000,-2.000000,-2.000000,139042.968750,69.521484,-139042.968750,1463.537964,50.000000,-2.000000,1.000000,-73176.898438,36.588448,-146353.796875,-285396.750000,416715.781250,16155.548828,115163.484375,-1570730.625000,-1455567.125000
ml,worst,446,2026-09-01,1463.023438,10.000000,1985.684814,50.000000,-2.000000,-2.000000,198568.484375,99.284241,-198568.484375,1390.429688,50.000000,0.000000,2.000000,-139042.968750,69.521484,0.000000,1481.647461,50.000000,-1.000000,1.000000,-74082.375000,37.041187,-74082.375000,-272650.875000,402158.906250,16361.396484,113146.632812,-1570730.625000,-1457584.000000
ml,worst,446,2026-09-02,1476.731445,10.000000,1985.684814,50.000000,0.000000,2.000000,-198568.484375,99.284241,0.000000,1390.429688,50.000000,-2.000000,-2.000000,139042.968750,69.521484,-139042.968750,1499.226807,50.000000,-3.000000,-2.000000,149922.687500,74.961342,-224884.031250,-363927.000000,492556.093750,16605.162109,112023.929688,-1570730.625000,-1458706.750000
ml,worst,446,2026-09-03,1472.031006,10.000000,1985.684814,50.000000,-2.000000,-2.000000,198568.484375,99.284241,-198568.484375,1390.429688,50.000000,0.000000,2.000000,-139042.968750,69.521484,0.000000,1475.636353,50.000000,-2.000000,1.000000,-73781.820312,36.890907,-147563.640625,-346132.125000,478299.781250,16810.859375,115356.796875,-1570730.625000,-1455373.875000
ml,worst,446,2026-09-04,1488.444214,10.000000,1985.684814,50.000000,0.000000,2.000000,-198568.484375,99.284241,0.000000,1390.429688,50.000000,-2.000000,-2.000000,139042.968750,69.521484,-139042.968750,1502.971436,50.000000,-1.000000,1.000000,-75148.570312,37.574284,-75148.570312,-214191.531250,343625.687500,17017.238281,112416.921875,-1570730.625000,-1458313.750000
ml,worst,446,2026-09-05,1498.283813,10.000000,1985.684814,50.000000,0.000000,0.000000,-0.000000,0.000000,0.000000,1390.429688,50.000000,-2.000000,0.000000,-0.000000,0.000000,-139042.968750,1506.488159,50.000000,-1.000000,0.000000,-0.000000,0.000000,-75324.406250,-214367.375000,343625.687500,17017.238281,112241.078125,-1570730.625000,-1458489.500000
ml,worst,446,2026-09-06,1471.884277,10.000000,1985.684814,50.000000,0.000000,0.000000,-0.000000,0.000000,0.000000,1390.429688,50.000000,-2.000000,0.000000,-0.000000,0.000000,-139042.968750,1484.521729,50.000000,-1.000000,0.000000,-0.000000,0.000000,-74226.085938,-213269.062500,343625.687500,17017.238281,113339.390625,-1570730.625000,-1457391.250000
ml,worst,446,2026-09-07,1468.270020,10.000000,1985.684814,50.000000,0.000000,0.000000,-0.000000,0.000000,0.000000,1390.429688,50.000000,-2.000000,0.000000,-0.000000,0.000000,-139042.968750,1469.876831,50.000000,-1.000000,0.000000,-0.000000,0.000000,-73493.843750,-212536.812500,343625.687500,17017.238281,114071.640625,-1570730.625000,-1456659.000000
ml,worst,446,2026-09-08,1458.836060,10.000000,1985.684814,50.000000,-2.000000,-2.000000,198568.484375,99.284241,-198568.484375,1390.429688,50.000000,0.000000,2.000000,-139042.968750,69.521484,0.000000,1453.789551,50.000000,0.000000,1.000000,-72689.476562,36.344738,0.000000,-198568.484375,330461.718750,17222.390625,114670.843750,-1570730.625000,-1456059.750000
ml,worst,446,2026-09-09,1461.736206,10.000000,1985.684814,50.000000,0.000000,2.000000,-198568.484375,99.284241,0.000000,1390.429688,50.000000,-2.000000,-2.000000,139042.968750,69.521484,-139042.968750,1459.846069,50.000000,-2.000000,-2.000000,145984.609375,72.992302,-145984.609375,-285027.562500,416920.843750,17464.187500,114429.093750,-1570730.625000,-1456301.500000
ml,worst,446,2026-09-10,1479.461182,10.000000,1985.684814,50.000000,-2.000000,-2.000000,198568.484375,99.284241,-198568.484375,1390.429688,50.000000,0.000000,2.000000,-139042.968750,69.521484,0.000000,1476.814209,50.000000,-1.000000,1.000000,-73840.710938,36.920357,-73840.710938,-272409.187500,402605.625000,17669.914062,112526.523438,-1570730.625000,-1458204.125000
ml,worst,446,2026-09-11,1494.014038,10.000000,1985.684814,50.000000,0.000000,2.000000,-198568.484375,99.284241,0.000000,1390.429688,50.000000,-2.000000,-2.000000,139042.968750,69.521484,-139042.968750,1507.555786,50.000000,0.000000,1.000000,-75377.789062,37.688892,0.000000,-139042.968750,267702.343750,17876.408203,110782.968750,-1570730.625000,-1459947.625000
ml,worst,446,2026-09-12,1480.939209,10.000000,1985.684814,50.000000,0.000000,0.000000,-0.000000,0.000000,0.000000,1390.429688,50.000000,-2.000000,0.000000,-0.000000,0.000000,-139042.968750,1485.485962,50.000000,0.000000,0.000000,-0.000000,0.000000,0.000000,-139042.968750,267702.343750,17876.408203,110782.968750,-1570730.625000,-1459947.625000
ml,worst,446,2026-09-13,1507.283325,10.000000,1985.684814,50.000000,0.000000,0.000000,-0.000000,0.000000,0.000000,1390.429688,50.000000,-2.000000,0.000000,-0.000000,0.000000,-139042.968750,1557.377075,50.000000,0.000000,0.000000,-0.000000,0.000000,0.000000,-139042.968750,267702.343750,17876.408203,110782.968750,-1570730.625000,-1459947.625000
ml,worst,446,2026-09-14,1547.578369,10.000000,1985.684814,50.000000,-2.000000,-2.000000,198568.484375,99.284241,-198568.484375,1390.429688,50.000000,0.000000,2.000000,-139042.968750,69.521484,0.000000,1577.185181,50.000000,-2.000000,-2.000000,157718.515625,78.859253,-157718.515625,-356287.000000,484946.343750,18124.074219,110535.265625,-1570730.625000,-1460195.375000
ml,worst,446,2026-09-15,1542.538330,10.000000,1985.684814,50.000000,0.000000,2.000000,-198568.484375,99.284241,0.000000,1390.429688,50.000000,-2.000000,-2.000000,139042.968750,69.521484,-139042.968750,1566.292236,50.000000,-1.000000,1.000000,-78314.609375,39.157307,-78314.609375,-217357.578125,347106.250000,18332.037109,111416.632812,-1570730.625000,-1459314.000000
ml,worst,446,2026-09-16,1550.644653,10.000000,1985.684814,50.000000,-2.000000,-2.000000,198568.484375,99.284241,-198568.484375,1390.429688,50.000000,0.000000,2.000000,-139042.968750,69.521484,0.000000,1583.219116,50.000000,0.000000,1.000000,-79160.953125,39.580475,0.000000,-198568.484375,327470.781250,18540.423828,110361.875000,-1570730.625000,-1460368.750000
ml,worst,446,2026-09-17,1547.292847,10.000000,1985.684814,50.000000,0.000000,2.000000,-198568.484375,99.284241,0.000000,1390.429688,50.000000,-2.000000,-2.000000,139042.968750,69.521484,-139042.968750,1566.408203,50.000000,-2.000000,-2.000000,156640.812500,78.320404,-156640.812500,-295683.781250,424586.093750,18787.548828,110114.765625,-1570730.625000,-1460615.875000
ml,worst,446,2026-09-18,1572.317993,10.000000,1985.684814,50.000000,-2.000000,-2.000000,198568.484375,99.284241,-198568.484375,1390.429688,50.000000,0.000000,2.000000,-139042.968750,69.521484,0.000000,1585.986572,50.000000,-1.000000,1.000000,-79299.328125,39.649662,-79299.328125,-277867.812500,404812.281250,18996.003906,107948.468750,-1570730.625000,-1462782.125000
ml,worst,446,2026-09-19,1561.686157,10.000000,1985.684814,50.000000,-2.000000,0.000000,-0.000000,0.000000,-198568.484375,1390.429688,50.000000,0.000000,0.000000,-0.000000,0.000000,0.000000,1584.860229,50.000000,-1.000000,0.000000,-0.000000,0.000000,-79243.007812,-277811.500000,404812.281250,18996.003906,108004.781250,-1570730.625000,-1462725.875000
ml,worst,446,2026-09-20,1612.567627,10.000000,1985.684814,50.000000,-2.000000,0.000000,-0.000000,0.000000,-198568.484375,1390.429688,50.000000,0.000000,0.000000,-0.000000,0.000000,0.000000,1656.551270,50.000000,-1.000000,0.000000,-0.000000,0.000000,-82827.562500,-281396.062500,404812.281250,18996.003906,104420.218750,-1570730.625000,-1466310.375000
ml,worst,446,2026-09-21,1598.455078,10.000000,1985.684814,50.000000,0.000000,2.000000,-198568.484375,99.284241,0.000000,1390.429688,50.000000,-2.000000,-2.000000,139042.968750,69.521484,-139042.968750,1617.864746,50.000000,0.000000,1.000000,-80893.234375,40.446617,0.000000,-139042.968750,264393.531250,19205.257812,106145.304688,-1570730.625000,-1464585.375000
ml,worst,446,2026-09-22,1613.342041,10.000000,1985.684814,50.000000,-2.000000,-2.000000,198568.484375,99.284241,-198568.484375,1390.429688,50.000000,0.000000,2.000000,-139042.968750,69.521484,0.000000,1624.305420,50.000000,-2.000000,-2.000000,162430.546875,81.215271,-162430.546875,-360999.031250,486349.593750,19455.277344,105895.281250,-1570730.625000,-1464835.375000
ml,worst,446,2026-09-23,1616.020630,10.000000,1985.684814,50.000000,0.000000,2.000000,-198568.484375,99.284241,0.000000,1390.429688,50.000000,-2.000000,-2.000000,139042.968750,69.521484,-139042.968750,1620.562500,50.000000,-1.000000,1.000000,-81028.125000,40.514061,-81028.125000,-220071.093750,345795.968750,19664.597656,106060.281250,-1570730.625000,-1464670.375000
ml,worst,446,2026-09-24,1627.903320,10.000000,1985.684814,50.000000,-2.000000,-2.000000,198568.484375,99.284241,-198568.484375,1390.429688,50.000000,0.000000,2.000000,-139042.968750,69.521484,0.000000,1644.742676,50.000000,0.000000,1.000000,-82237.132812,41.118565,0.000000,-198568.484375,323084.312500,19874.521484,104641.304688,-1570730.625000,-1466089.375000
ml,worst,446,2026-09-25,1645.928101,10.000000,1985.684814,50.000000,0.000000,2.000000,-198568.484375,99.284241,0.000000,1390.429688,50.000000,-2.000000,-2.000000,139042.968750,69.521484,-139042.968750,1651.560181,50.000000,-2.000000,-2.000000,165156.015625,82.578003,-165156.015625,-304199.000000,428714.843750,20125.906250,104389.937500,-1570730.625000,-1466340.750000
ml,worst,446,2026-09-26,1639.025879,10.000000,1985.684814,50.000000,0.000000,0.000000,-0.000000,0.000000,0.000000,1390.429688,50.000000,-2.000000,0.000000,-0.000000,0.000000,-139042.968750,1643.420654,50.000000,-2.000000,0.000000,-0.000000,0.000000,-164342.062500,-303385.031250,428714.843750,20125.906250,105203.906250,-1570730.625000,-1465526.750000
ml,worst,446,2026-09-27,1627.450806,10.000000,1985.684814,50.000000,0.000000,0.000000,-0.000000,0.000000,0.000000,1390.429688,50.000000,-2.000000,0.000000,-0.000000,0.000000,-139042.968750,1612.323975,50.000000,-2.000000,0.000000,-0.000000,0.000000,-161232.390625,-300275.375000,428714.843750,20125.906250,108313.562500,-1570730.625000,-1462417.000000
ml,worst,446,2026-09-28,1608.856323,10.000000,1985.684814,50.000000,-2.000000,-2.000000,198568.484375,99.284241,-198568.484375,1390.429688,50.000000,0.000000,2.000000,-139042.968750,69.521484,0.000000,1610.169434,50.000000,-1.000000,1.000000,-80508.468750,40.254234,-80508.468750,-279076.937500,407731.875000,20334.964844,108319.968750,-1570730.625000,-1462410.625000
ml,worst,446,2026-09-29,1640.276123,10.000000,1985.684814,50.000000,0.000000,2.000000,-198568.484375,99.284241,0.000000,1390.429688,50.000000,-2.000000,-2.000000,139042.968750,69.521484,-139042.968750,1637.415527,50.000000,0.000000,1.000000,-81870.773438,40.935387,0.000000,-139042.968750,266335.593750,20544.707031,106747.921875,-1570730.625000,-1463982.750000
ml,worst,446,2026-09-30,1644.972534,10.000000,1985.684814,50.000000,-2.000000,-2.000000,198568.484375,99.284241,-198568.484375,1390.429688,50.000000,0.000000,2.000000,-139042.968750,69.521484,0.000000,1626.429565,50.000000,-2.000000,-2.000000,162642.953125,81.321472,-162642.953125,-361211.437500,488504.062500,20794.833984,106497.789062,-1570730.625000,-1464232.875000
ml,worst,446,2026-10-01,1649.615479,10.000000,1985.684814,50.000000,0.000000,2.000000,-198568.484375,99.284241,0.000000,1390.429688,50.000000,-2.000000,-2.000000,139042.968750,69.521484,-139042.968750,1644.427856,50.000000,-1.000000,1.000000,-82221.390625,41.110691,-82221.390625,-221264.359375,346757.156250,21004.750000,104488.046875,-1570730.625000,-1466242.625000
ml,worst,446,2026-10-02,1659.765503,10.000000,1985.684814,50.000000,-2.000000,-2.000000,198568.484375,99.284241,-198568.484375,1390.429688,50.000000,0.000000,2.000000,-139042.968750,69.521484,0.000000,1691.571411,50.000000,0.000000,1.000000,-84578.570312,42.289284,0.000000,-198568.484375,321704.093750,21215.843750,101919.765625,-1570730.625000,-1468810.875000
ml,worst,446,2026-10-03,1642.733032,10.000000,1985.684814,50.000000,-2.000000,0.000000,-0.000000,0.000000,-198568.484375,1390.429688,50.000000,0.000000,0.000000,-0.000000,0.000000,0.000000,1678.023438,50.000000,0.000000,0.000000,-0.000000,0.000000,0.000000,-198568.484375,321704.093750,21215.843750,101919.765625,-1570730.625000,-1468810.875000
ml,worst,446,2026-10-04,1622.078735,10.000000,1985.684814,50.000000,-2.000000,0.000000,-0.000000,0.000000,-198568.484375,1390.429688,50.000000,0.000000,0.000000,-0.000000,0.000000,0.000000,1641.004150,50.000000,0.000000,0.000000,-0.000000,0.000000,0.000000,-198568.484375,321704.093750,21215.843750,101919.765625,-1570730.625000,-1468810.875000
ml,worst,446,2026-10-05,1607.292114,10.000000,1985.684814,50.000000,0.000000,2.000000,-198568.484375,99.284241,0.000000,1390.429688,50.000000,-2.000000,-2.000000,139042.968750,69.521484,-139042.968750,1631.566162,50.000000,-2.000000,-2.000000,163156.609375,81.578300,-163156.609375,-302199.562500,425335.187500,21466.230469,101669.390625,-1570730.625000,-1469061.250000
ml,worst,446,2026-10-06,1632.833740,10.000000,1985.684814,50.000000,-2.000000,-2.000000,198568.484375,99.284241,-198568.484375,1390.429688,50.000000,0.000000,2.000000,-139042.968750,69.521484,0.000000,1649.100464,50.000000,-1.000000,1.000000,-82455.023438,41.227512,-82455.023438,-281023.500000,402405.687500,21676.261719,99705.921875,-1570730.625000,-1471024.750000
ml,worst,446,2026-10-07,1654.535156,10.000000,1985.684814,50.000000,0.000000,2.000000,-198568.484375,99.284241,0.000000,1390.429688,50.000000,-2.000000,-2.000000,139042.968750,69.521484,-139042.968750,1650.028198,50.000000,0.000000,1.000000,-82501.406250,41.250702,0.000000,-139042.968750,260378.781250,21886.320312,99449.492188,-1570730.625000,-1471281.125000
ml,worst,446,2026-10-08,1671.959351,10.000000,1985.684814,50.000000,-2.000000,-2.000000,198568.484375,99.284241,-198568.484375,1390.429688,50.000000,0.000000,2.000000,-139042.968750,69.521484,0.000000,1660.458496,50.000000,-2.000000,-2.000000,166045.843750,83.022926,-166045.843750,-364614.312500,485950.125000,22138.146484,99197.664062,-1570730.625000,-1471533.000000
ml,worst,446,2026-10-09,1650.318115,10.000000,1985.684814,50.000000,0.000000,2.000000,-198568.484375,99.284241,0.000000,1390.429688,50.000000,-2.000000,-2.000000,139042.968750,69.521484,-139042.968750,1632.343750,50.000000,-1.000000,1.000000,-81617.187500,40.808594,-81617.187500,-220660.156250,344807.437500,22347.761719,101799.515625,-1570730.625000,-1468931.125000
ml,worst,446,2026-10-10,1656.856323,10.000000,1985.684814,50.000000,0.000000,0.000000,-0.000000,0.000000,0.000000,1390.429688,50.000000,-2.000000,0.000000,-0.000000,0.000000,-139042.968750,1646.178833,50.000000,-1.000000,0.000000,-0.000000,0.000000,-82308.945312,-221351.906250,344807.437500,22347.761719,101107.765625,-1570730.625000,-1469622.875000
ml,worst,446,2026-10-11,1648.605835,10.000000,1985.684814,50.000000,0.000000,0.000000,-0.000000,0.000000,0.000000,1390.429688,50.000000,-2.000000,0.000000,-0.000000,0.000000,-139042.968750,1642.967896,50.000000,-1.000000,0.000000,-0.000000,0.000000,-82148.398438,-221191.375000,344807.437500,22347.761719,101268.296875,-1570730.625000,-1469462.375000
ml,worst,446,2026-10-12,1632.936523,10.000000,1985.684814,50.000000,0.000000,0.000000,-0.000000,0.000000,0.000000,1390.429688,50.000000,-2.000000,0.000000,-0.000000,0.000000,-139042.968750,1630.699341,50.000000,-1.000000,0.000000,-0.000000,0.000000,-81534.968750,-220577.937500,344807.437500,22347.761719,101881.734375,-1570730.625000,-1468848.875000
ml,worst,446,2026-10-13,1614.444824,10.000000,1985.684814,50.000000,-2.000000,-2.000000,198568.484375,99.284241,-198568.484375,1390.429688,50.000000,0.000000,2.000000,-139042.968750,69.521484,0.000000,1608.395752,50.000000,0.000000,1.000000,-80419.789062,40.209892,0.000000,-198568.484375,323913.125000,22556.779297,102787.859375,-1570730.625000,-1467942.750000
ml,worst,446,2026-10-14,1601.447998,10.000000,1985.684814,50.000000,0.000000,2.000000,-198568.484375,99.284241,0.000000,1390.429688,50.000000,-2.000000,-2.000000,139042.968750,69.521484,-139042.968750,1599.845703,50.000000,-2.000000,-2.000000,159984.562500,79.992279,-159984.562500,-299027.531250,424372.187500,22805.576172,102539.078125,-1570730.625000,-1468191.500000
ml,worst,446,2026-10-15,1625.838257,10.000000,1985.684814,50.000000,-2.000000,-2.000000,198568.484375,99.284241,-198568.484375,1390.429688,50.000000,0.000000,2.000000,-139042.968750,69.521484,0.000000,1629.109253,50.000000,-1.000000,1.000000,-81455.460938,40.727730,-81455.460938,-280023.937500,402442.250000,23015.109375,99403.203125,-1570730.625000,-1471327.375000
ml,worst,446,2026-10-16,1643.527588,10.000000,1985.684814,50.000000,0.000000,2.000000,-198568.484375,99.284241,0.000000,1390.429688,50.000000,-2.000000,-2.000000,139042.968750,69.521484,-139042.968750,1641.806152,50.000000,0.000000,1.000000,-82090.304688,41.045151,0.000000,-139042.968750,260826.437500,23224.960938,98558.507812,-1570730.625000,-1472172.125000
ml,worst,446,2026-10-17,1646.933105,10.000000,1985.684814,50.000000,0.000000,0.000000,-0.000000,0.000000,0.000000,1390.429688,50.000000,-2.000000,0.000000,-0.000000,0.000000,-139042.968750,1642.054688,50.000000,0.000000,0.000000,-0.000000,0.000000,0.000000,-139042.968750,260826.437500,23224.960938,98558.507812,-1570730.625000,-1472172.125000
ml,worst,446,2026-10-18,1679.162109,10.000000,1985.684814,50.000000,0.000000,0.000000,-0.000000,0.000000,0.000000,1390.429688,50.000000,-2.000000,0.000000,-0.000000,0.000000,-139042.968750,1693.663208,50.000000,0.000000,0.000000,-0.000000,0.000000,0.000000,-139042.968750,260826.437500,23224.960938,98558.507812,-1570730.625000,-1472172.125000
ml,worst,446,2026-10-19,1692.335083,10.000000,1985.684814,50.000000,-2.000000,-2.000000,198568.484375,99.284241,-198568.484375,1390.429688,50.000000,0.000000,2.000000,-139042.968750,69.521484,0.000000,1686.210938,50.000000,-2.000000,-2.000000,168621.093750,84.310547,-168621.093750,-367189.562500,488973.031250,23478.078125,98305.390625,-1570730.625000,-1472425.250000
ml,worst,446,2026-10-20,1710.776367,10.000000,1985.684814,50.000000,0.000000,2.000000,-198568.484375,99.284241,0.000000,1390.429688,50.000000,-2.000000,-2.000000,139042.968750,69.521484,-139042.968750,1674.715332,50.000000,-1.000000,1.000000,-83735.765625,41.867882,-83735.765625,-222778.734375,345711.750000,23688.750000,99244.265625,-1570730.625000,-1471486.375000
ml,worst,446,2026-10-21,1703.346436,10.000000,1985.684814,50.000000,-2.000000,-2.000000,198568.484375,99.284241,-198568.484375,1390.429688,50.000000,0.000000,2.000000,-139042.968750,69.521484,0.000000,1688.375244,50.000000,0.000000,1.000000,-84418.765625,42.209381,0.000000,-198568.484375,320818.500000,23899.765625,98350.250000,-1570730.625000,-1472380.375000
ml,worst,446,2026-10-22,1696.598999,10.000000,1985.684814,50.000000,0.000000,2.000000,-198568.484375,99.284241,0.000000,1390.429688,50.000000,-2.000000,-2.000000,139042.968750,69.521484,-139042.968750,1697.618164,50.000000,-2.000000,-2.000000,169761.812500,84.880905,-169761.812500,-308804.781250,431054.812500,24153.451172,98096.578125,-1570730.625000,-1472634.000000
ml,worst,446,2026-10-23,1688.804321,10.000000,1985.684814,50.000000,-2.000000,-2.000000,198568.484375,99.284241,-198568.484375,1390.429688,50.000000,0.000000,2.000000,-139042.968750,69.521484,0.000000,1689.629761,50.000000,-1.000000,1.000000,-84481.484375,42.240742,-84481.484375,-283049.968750,406098.812500,24364.498047,98684.343750,-1570730.625000,-1472046.250000
ml,worst,446,2026-10-24,1676.255615,10.000000,1985.684814,50.000000,-2.000000,0.000000,-0.000000,0.000000,-198568.484375,1390.429688,50.000000,0.000000,0.000000,-0.000000,0.000000,0.000000,1672.174072,50.000000,-1.000000,0.000000,-0.000000,0.000000,-83608.703125,-282177.187500,406098.812500,24364.498047,99557.125000,-1570730.625000,-1471173.500000
ml,worst,446,2026-10-25,1622.556030,10.000000,1985.684814,50.000000,-2.000000,0.000000,-0.000000,0.000000,-198568.484375,1390.429688,50.000000,0.000000,0.000000,-0.000000,0.000000,0.000000,1620.751099,50.000000,-1.000000,0.000000,-0.000000,0.000000,-81037.554688,-279606.031250,406098.812500,24364.498047,102128.281250,-1570730.625000,-1468602.375000
ml,worst,446,2026-10-26,1657.494751,10.000000,1985.684814,50.000000,0.000000,2.000000,-198568.484375,99.284241,0.000000,1390.429688,50.000000,-2.000000,-2.000000,139042.968750,69.521484,-139042.968750,1663.069946,50.000000,0.000000,1.000000,-83153.500000,41.576748,0.000000,-139042.968750,263419.812500,24574.878906,99801.968750,-1570730.625000,-1470928.625000
ml,worst,446,2026-10-27,1631.494995,10.000000,1985.684814,50.000000,-2.000000,-2.000000,198568.484375,99.284241,-198568.484375,1390.429688,50.000000,0.000000,2.000000,-139042.968750,69.521484,0.000000,1644.512329,50.000000,-2.000000,-2.000000,164451.234375,82.225616,-164451.234375,-363019.718750,487396.562500,24825.912109,99550.929688,-1570730.625000,-1471179.750000
ml,worst,446,2026-10-28,1610.303101,10.000000,1985.684814,50.000000,0.000000,2.000000,-198568.484375,99.284241,0.000000,1390.429688,50.000000,-2.000000,-2.000000,139042.968750,69.521484,-139042.968750,1612.210327,50.000000,-1.000000,1.000000,-80610.515625,40.305256,-80610.515625,-219653.484375,347260.562500,25035.023438,102572.054688,-1570730.625000,-1468158.625000
ml,worst,446,2026-10-29,1602.755859,10.000000,1985.684814,50.000000,0.000000,0.000000,-0.000000,0.000000,0.000000,1390.429688,50.000000,0.000000,2.000000,-139042.968750,69.521484,0.000000,1616.223999,50.000000,0.000000,1.000000,-80811.203125,40.405598,0.000000,0.000000,127406.367188,25144.949219,102261.421875,-1570730.625000,-1468469.250000
ml,worst,446,2026-10-30,1594.310303,10.000000,1985.684814,50.000000,0.000000,0.000000,-0.000000,0.000000,0.000000,1390.429688,50.000000,0.000000,0.000000,-0.000000,0.000000,0.000000,1616.223999,50.000000,0.000000,0.000000,-0.000000,0.000000,0.000000,0.000000,127406.367188,25144.949219,102261.421875,-1570730.625000,-1468469.250000
ml,p5,38,2026-04-10,2055.000244,10.000000,2026.171509,50.000000,-2.000000,-2.000000,202617.156250,101.308571,-202617.156250,2047.068848,50.000000,-2.000000,-2.000000,204706.890625,102.353439,-204706.890625,2070.749756,50.000000,-2.000000,-2.000000,207074.968750,103.537483,-207074.968750,-614399.000000,614399.000000,307.199493,-307.199493,4854.181641,4546.981934
ml,p5,38,2026-04-11,2034.978027,10.000000,2020.427612,50.000000,-2.000000,0.000000,-0.000000,0.000000,-202042.765625,2039.906738,50.000000,-2.000000,0.000000,-0.000000,0.000000,-203990.671875,2061.481445,50.000000,-2.000000,0.000000,-0.000000,0.000000,-206148.140625,-612181.562500,614399.000000,307.199493,1910.238037,-43810.757812,-41900.519531
ml,p5,38,2026-04-12,2067.080566,10.000000,2075.118896,50.000000,-2.000000,0.000000,-0.000000,0.000000,-207511.890625,2094.687500,50.000000,-2.000000,0.000000,-0.000000,0.000000,-209468.750000,2116.091553,50.000000,-2.000000,0.000000,-0.000000,0.000000,-211609.156250,-628589.750000,614399.000000,307.199493,-14497.949219,40905.875000,26407.925781
ml,p5,38,2026-04-13,2069.077637,10.000000,2069.127441,50.000000,-1.000000,1.000000,-103456.375000,51.728188,-103456.375000,2088.698975,50.000000,-1.000000,1.000000,-104434.945312,52.217472,-104434.945312,2109.117188,50.000000,-1.000000,1.000000,-105455.859375,52.727928,-105455.859375,-313347.187500,301051.812500,463.873077,-12759.248047,40718.082031,27958.833984
ml,p5,38,2026-04-14,2048.478516,10.000000,2054.964355,50.000000,0.000000,1.000000,-102748.218750,51.374107,0.000000,2073.980957,50.000000,0.000000,1.000000,-103699.046875,51.849525,0.000000,2094.111084,50.000000,0.000000,1.000000,-104705.554688,52.352776,0.000000,0.000000,-10100.984375,619.449463,-10720.433594,-9148.424805,-19868.859375
ml,p5,38,2026-04-15,2049.401855,10.000000,2062.632812,50.000000,-2.000000,-2.000000,206263.281250,103.131638,-206263.281250,2081.587646,50.000000,-2.000000,-2.000000,208158.765625,104.079376,-208158.765625,2101.448975,50.000000,-2.000000,-2.000000,210144.890625,105.072449,-210144.890625,-624566.937500,614465.937500,931.733032,-11032.733398,-4061.645020,-15094.378906
ml,p5,38,2026-04-16,2031.021851,10.000000,2014.574829,50.000000,-1.000000,1.000000,-100728.742188,50.364372,-100728.742188,2032.909058,50.000000,-1.000000,1.000000,-101645.453125,50.822723,-101645.453125,2051.018799,50.000000,-3.000000,-1.000000,102550.937500,51.275467,-307652.843750,-510027.031250,514642.687500,1084.195435,3531.460938,-48675.957031,-45144.496094
ml,p5,38,2026-04-17,2022.620483,10.000000,2021.279541,50.000000,-3.000000,-2.000000,202127.953125,101.063972,-303191.937500,2040.418945,50.000000,-3.000000,-2.000000,204041.890625,102.020943,-306062.843750,2058.336670,50.000000,-4.000000,-1.000000,102916.835938,51.458416,-411667.343750,-1020922.125000,1023729.375000,1338.738892,1468.511108,-59983.171875,-58514.660156
ml,p5,38,2026-04-18,2023.743408,10.000000,2028.491821,50.000000,-3.000000,0.000000,-0.000000,0.000000,-304273.781250,2045.461792,50.000000,-3.000000,0.000000,-0.000000,0.000000,-306819.250000,2062.158936,50.000000,-4.000000,0.000000,-0.000000,0.000000,-412431.781250,-1023524.750000,1023729.375000,1338.738892,-1134.113892,-49413.679688,-50547.792969
ml,p5,38,2026-04-19,2020.027832,10.000000,2021.667236,50.000000,-3.000000,0.000000,-0.000000,0.000000,-303250.093750,2040.041016,50.000000,-3.000000,0.000000,-0.000000,0.000000,-306006.156250,2057.909912,50.000000,-4.000000,0.000000,-0.000000,0.000000,-411581.968750,-1020838.250000,1023729.375000,1338.738892,1552.386108,-60375.312500,-58822.925781
ml,p5,38,2026-04-20,1987.813232,10.000000,1989.172485,50.000000,-2.000000,1.000000,-99458.625000,49.729313,-198917.250000,2006.379272,50.000000,-2.000000,1.000000,-100318.960938,50.159481,-200637.921875,2024.060547,50.000000,-3.000000,1.000000,-101203.031250,50.601513,-303609.093750,-703164.250000,722748.750000,1489.229126,18095.271484,-126757.312500,-108662.039062
ml,p5,38,2026-04-21,1995.182251,10.000000,1992.186279,50.000000,-3.000000,-1.000000,99609.312500,49.804653,-298827.937500,2011.245239,50.000000,-3.000000,-1.000000,100562.265625,50.281132,-301686.781250,2030.367920,50.000000,-4.000000,-1.000000,101518.398438,50.759197,-406073.593750,-1006588.375000,1024438.750000,1640.074219,16210.300781,-109482.992188,-93272.687500
ml,p5,38,2026-04-22,1976.518555,10.000000,1978.627441,50.000000,-2.000000,1.000000,-98931.375000,49.465687,-197862.750000,1996.959717,50.000000,-2.000000,1.000000,-99847.984375,49.923992,-199695.968750,2015.360107,50.000000,-3.000000,1.000000,-100768.007812,50.384003,-302304.000000,-699862.750000,724891.375000,1789.847900,23238.777344,-150357.343750,-127118.562500
ml,p5,38,2026-04-23,1956.599487,10.000000,1956.208740,50.000000,-1.000000,1.000000,-97810.437500,48.905216,-97810.437500,1973.560303,50.000000,-1.000000,1.000000,-98678.015625,49.339005,-98678.015625,1992.928711,50.000000,-2.000000,1.000000,-99646.437500,49.823219,-199292.875000,-395781.312500,428756.500000,1937.915283,31037.271484,-188259.156250,-157221.890625
ml,p5,38,2026-04-24,1945.919922,10.000000,1942.076416,50.000000,-2.000000,-1.000000,97103.820312,48.551907,-194207.640625,1959.570679,50.000000,-2.000000,-1.000000,97978.531250,48.989265,-195957.062500,1978.499146,50.000000,-3.000000,-1.000000,98924.960938,49.462479,-296774.875000,-686939.562500,722763.750000,2084.918945,33739.269531,-211787.921875,-178048.656250
ml,p5,38,2026-04-25,1916.150513,10.000000,1912.529663,50.000000,-2.000000,0.000000,-0.000000,0.000000,-191252.968750,1930.011475,50.000000,-2.000000,0.000000,-0.000000,0.000000,-193001.140625,1948.101807,50.000000,-3.000000,0.000000,-0.000000,0.000000,-292215.281250,-676469.375000,722763.750000,2084.918945,44209.457031,-285645.406250,-241435.953125
ml,p5,38,2026-04-26,1911.916504,10.000000,1926.395020,50.000000,-2.000000,0.000000,-0.000000,0.000000,-192639.500000,1942.057251,50.000000,-2.000000,0.000000,-0.000000,0.000000,-194205.718750,1960.311890,50.000000,-3.000000,0.000000,-0.000000,0.000000,-294046.781250,-680892.000000,722763.750000,2084.918945,39786.832031,-289419.937500,-249633.109375
ml,p5,38,2026-04-27,1922.305908,10.000000,1929.412598,50.000000,-3.000000,-1.000000,96470.632812,48.235313,-289411.875000,1943.612183,50.000000,-3.000000,-1.000000,97180.609375,48.590305,-291541.812500,1961.180176,50.000000,-4.000000,-1.000000,98059.007812,49.029503,-392236.031250,-973189.750000,1014474.062500,2230.773926,39053.539062,-262292.968750,-223239.437500
ml,p5,38,2026-04-28,1932.054932,10.000000,1945.013916,50.000000,-2.000000,1.000000,-97250.695312,48.625347,-194501.390625,1958.085205,50.000000,-4.000000,-1.000000,97904.257812,48.952126,-391617.031250,1975.363403,50.000000,-5.000000,-1.000000,98768.171875,49.384087,-493840.875000,-1079959.250000,1113895.750000,2377.735596,31558.763672,-227647.468750,-196088.703125
ml,p5,38,2026-04-29,1912.940674,10.000000,1914.333374,50.000000,-1.000000,1.000000,-95716.671875,47.858337,-95716.671875,1926.543579,50.000000,-3.000000,1.000000,-96327.179688,48.163589,-288981.531250,1942.342529,50.000000,-4.000000,1.000000,-97117.125000,48.558559,-388468.500000,-773166.687500,824734.750000,2522.315918,49045.746094,-267906.500000,-218860.750000
ml,p5,38,2026-04-30,1908.228760,10.000000,1914.333374,50.000000,0.000000,1.000000,-95716.671875,47.858337,0.000000,1921.472900,50.000000,-2.000000,1.000000,-96073.648438,48.036823,-192147.296875,1936.293945,50.000000,-3.000000,1.000000,-96814.695312,48.407345,-290444.093750,-482591.375000,536129.750000,2666.618652,50871.757812,-280150.218750,-229278.468750
ml,p5,38,2026-05-01,1894.266479,10.000000,1914.333374,50.000000,-2.000000,-2.000000,191433.343750,95.716675,-191433.343750,1911.115967,50.000000,-1.000000,1.000000,-95555.796875,47.777901,-95555.796875,1925.192383,50.000000,-2.000000,1.000000,-96259.617188,48.129807,-192519.234375,-479508.375000,535747.750000,2858.243164,53381.132812,-311220.625000,-257839.500000
ml,p5,38,2026-05-02,1885.590698,10.000000,1914.333374,50.000000,-2.000000,0.000000,-0.000000,0.000000,-191433.343750,1902.139648,50.000000,-1.000000,0.000000,-0.000000,0.000000,-95106.984375,1916.133789,50.000000,-2.000000,0.000000,-0.000000,0.000000,-191613.375000,-478153.687500,535747.750000,2858.243164,54735.820312,-334593.156250,-279857.343750
ml,p5,38,2026-05-03,1925.716919,10.000000,1914.333374,50.000000,-2.000000,0.000000,-0.000000,0.000000,-191433.343750,1938.912720,50.000000,-1.000000,0.000000,-0.000000,0.000000,-96945.632812,1950.611816,50.000000,-2.000000,0.000000,-0.000000,0.000000,-195061.187500,-483440.156250,535747.750000,2858.243164,49449.351562,-239195.578125,-189746.218750
ml,p5,38,2026-05-04,1939.562256,10.000000,1914.333374,50.000000,-1.000000,1.000000,-95716.671875,47.858337,-95716.671875,1956.222900,50.000000,-3.000000,-2.000000,195622.296875,97.811150,-293433.437500,1968.615112,50.000000,-3.000000,-1.000000,98430.757812,49.215378,-295292.250000,-684442.375000,734084.125000,3053.127930,46588.621094,-208594.203125,-162005.578125
ml,p5,38,2026-05-05,1923.680298,10.000000,1914.333374,50.000000,0.000000,1.000000,-95716.671875,47.858337,0.000000,1932.884644,50.000000,-2.000000,1.000000,-96644.234375,48.322117,-193288.468750,1943.715088,50.000000,-2.000000,1.000000,-97185.757812,48.592876,-194371.515625,-387660.000000,444537.437500,3197.901123,53679.535156,-251712.406250,-198032.875000
ml,p5,38,2026-05-06,1895.923828,10.000000,1914.333374,50.000000,-2.000000,-2.000000,191433.343750,95.716675,-191433.343750,1900.469238,50.000000,-1.000000,1.000000,-95023.460938,47.511730,-95023.460938,1909.795532,50.000000,-3.000000,-1.000000,95489.773438,47.744884,-286469.343750,-572926.125000,636437.125000,3388.874512,60122.125000,-325099.812500,-264977.687500
ml,p5,38,2026-05-07,1916.594482,10.000000,1914.333374,50.000000,-1.000000,1.000000,-95716.671875,47.858337,-95716.671875,1928.184570,50.000000,-3.000000,-2.000000,192818.453125,96.409225,-289227.687500,1939.339722,50.000000,-4.000000,-1.000000,96966.984375,48.483494,-387867.937500,-772812.312500,830505.875000,3581.625488,54111.937500,-278657.906250,-224545.968750
ml,p5,38,2026-05-08,1937.201538,10.000000,1914.333374,50.000000,0.000000,1.000000,-95716.671875,47.858337,0.000000,1944.995361,50.000000,-4.000000,-1.000000,97249.765625,48.624882,-388999.062500,1956.543091,50.000000,-5.000000,-1.000000,97827.156250,48.913578,-489135.781250,-878134.875000,929866.125000,3727.022461,48004.226562,-229444.515625,-181440.281250
ml,p5,38,2026-05-09,1931.156128,10.000000,1914.333374,50.000000,0.000000,0.000000,-0.000000,0.000000,0.000000,1945.674805,50.000000,-4.000000,0.000000,-0.000000,0.000000,-389134.968750,1957.740845,50.000000,-5.000000,0.000000,-0.000000,0.000000,-489435.218750,-878570.187500,929866.125000,3727.022461,47568.914062,-240671.406250,-193102.500000
ml,p5,38,2026-05-10,1948.294067,10.000000,1914.333374,50.000000,0.000000,0.000000,-0.000000,0.000000,0.000000,1968.826660,50.000000,-4.000000,0.000000,-0.000000,0.000000,-393765.343750,1981.744385,50.000000,-5.000000,0.000000,-0.000000,0.000000,-495436.093750,-889201.437500,929866.125000,3727.022461,36937.664062,-200297.953125,-163360.281250
ml,p5,38,2026-05-11,1936.844116,10.000000,1914.333374,50.000000,-2.000000,-2.000000,191433.343750,95.716675,-191433.343750,1951.369507,50.000000,-3.000000,1.000000,-97568.476562,48.784237,-292705.406250,1965.074463,50.000000,-4.000000,1.000000,-98253.726562,49.126862,-393014.906250,-877153.625000,925477.250000,3920.650146,44402.976562,-227422.140625,-183019.156250
ml,p5,38,2026-05-12,1930.367920,10.000000,1914.333374,50.000000,-1.000000,1.000000,-95716.671875,47.858337,-95716.671875,1948.476318,50.000000,-2.000000,1.000000,-97423.812500,48.711906,-194847.625000,1952.977661,50.000000,-3.000000,1.000000,-97648.882812,48.824440,-292946.656250,-583511.000000,634687.875000,4066.044678,47110.832031,-244658.796875,-197547.968750
ml,p5,38,2026-05-13,1906.850830,10.000000,1914.333374,50.000000,0.000000,1.000000,-95716.671875,47.858337,0.000000,1907.074707,50.000000,-1.000000,1.000000,-95353.734375,47.676868,-95353.734375,1911.949097,50.000000,-2.000000,1.000000,-95597.453125,47.798725,-191194.906250,-286548.625000,348020.000000,4209.378906,57261.996094,-304585.218750,-247323.218750
ml,p5,38,2026-05-14,1906.572632,10.000000,1914.333374,50.000000,-2.000000,-2.000000,191433.343750,95.716675,-191433.343750,1915.454834,50.000000,-3.000000,-2.000000,191545.484375,95.772743,-287318.218750,1920.375000,50.000000,-3.000000,-1.000000,96018.750000,48.009373,-288056.250000,-766807.812500,827017.625000,4448.877441,55760.933594,-310828.562500,-255067.625000
ml,p5,38,2026-05-15,1906.291504,10.000000,1914.333374,50.000000,-1.000000,1.000000,-95716.671875,47.858337,-95716.671875,1887.846191,50.000000,-2.000000,1.000000,-94392.312500,47.196156,-188784.625000,1891.879761,50.000000,-2.000000,1.000000,-94593.984375,47.296993,-189187.968750,-473689.281250,542314.625000,4591.229004,64034.113281,-312110.031250,-248075.921875
ml,p5,38,2026-05-16,1925.446899,10.000000,1914.333374,50.000000,-1.000000,0.000000,-0.000000,0.000000,-95716.671875,1925.078125,50.000000,-2.000000,0.000000,-0.000000,0.000000,-192507.812500,1935.663818,50.000000,-2.000000,0.000000,-0.000000,0.000000,-193566.375000,-481790.875000,542314.625000,4591.229004,55932.519531,-265574.812500,-209642.296875
ml,p5,38,2026-05-17,1931.174438,10.000000,1914.333374,50.000000,-1.000000,0.000000,-0.000000,0.000000,-95716.671875,1945.048706,50.000000,-2.000000,0.000000,-0.000000,0.000000,-194504.875000,1954.600708,50.000000,-2.000000,0.000000,-0.000000,0.000000,-195460.078125,-485681.625000,542314.625000,4591.229004,52041.769531,-250300.578125,-198258.812500
ml,p5,38,2026-05-18,1913.083862,10.000000,1914.333374,50.000000,0.000000,1.000000,-95716.671875,47.858337,0.000000,1920.683960,50.000000,-1.000000,1.000000,-96034.195312,48.017097,-96034.195312,1931.621338,50.000000,-3.000000,-1.000000,96581.070312,48.290535,-289743.218750,-385777.406250,447144.812500,4735.395020,56632.011719,-294638.687500,-238006.671875
ml,p5,38,2026-05-19,1934.535645,10.000000,1914.333374,50.000000,-2.000000,-2.000000,191433.343750,95.716675,-191433.343750,1954.138794,50.000000,-3.000000,-2.000000,195413.875000,97.706932,-293120.812500,1961.298828,50.000000,-4.000000,-1.000000,98064.937500,49.032467,-392259.750000,-876813.875000,932057.000000,4977.851074,50265.273438,-242315.828125,-192050.562500
ml,p5,38,2026-05-20,1940.775269,10.000000,1914.333374,50.000000,-1.000000,1.000000,-95716.671875,47.858337,-95716.671875,1961.037231,50.000000,-4.000000,-1.000000,98051.859375,49.025928,-392207.437500,1969.993652,50.000000,-5.000000,-1.000000,98499.679688,49.249840,-492498.437500,-980422.562500,1032891.875000,5123.985352,47345.328125,-226544.109375,-179198.781250
ml,p5,38,2026-05-21,1946.196533,10.000000,1914.333374,50.000000,0.000000,1.000000,-95716.671875,47.858337,0.000000,1952.394897,50.000000,-3.000000,1.000000,-97619.742188,48.809872,-292859.218750,1961.154297,50.000000,-4.000000,1.000000,-98057.718750,49.028858,-392230.875000,-685090.125000,741497.750000,5269.682617,51137.941406,-207719.109375,-156581.171875
ml,p5,38,2026-05-22,1976.076538,10.000000,1914.333374,50.000000,-2.000000,-2.000000,191433.343750,95.716675,-191433.343750,1997.527100,50.000000,-4.000000,-1.000000,99876.351562,49.938175,-399505.406250,2006.030518,50.000000,-5.000000,-1.000000,100301.523438,50.150761,-501507.625000,-1092446.375000,1133109.000000,5465.487793,35197.136719,-130820.710938,-95623.578125
ml,p5,38,2026-05-23,1987.916626,10.000000,1914.333374,50.000000,-2.000000,0.000000,-0.000000,0.000000,-191433.343750,2007.912109,50.000000,-4.000000,0.000000,-0.000000,0.000000,-401582.437500,2016.837402,50.000000,-5.000000,0.000000,-0.000000,0.000000,-504209.375000,-1097225.125000,1133109.000000,5465.487793,30418.386719,-107150.843750,-76732.453125
ml,p5,38,2026-05-24,2004.521851,10.000000,1914.333374,50.000000,-2.000000,0.000000,-0.000000,0.000000,-191433.343750,2007.830322,50.000000,-4.000000,0.000000,-0.000000,0.000000,-401566.062500,2016.464233,50.000000,-5.000000,0.000000,-0.000000,0.000000,-504116.062500,-1097115.500000,1133109.000000,5465.487793,30528.011719,-66416.992188,-35888.980469
ml,p5,38,2026-05-25,2015.061646,10.000000,1914.333374,50.000000,-2.000000,0.000000,-0.000000,0.000000,-191433.343750,2018.867432,50.000000,-4.000000,0.000000,-0.000000,0.000000,-403773.500000,2026.660522,50.000000,-5.000000,0.000000,-0.000000,0.000000,-506665.125000,-1101872.000000,1133109.000000,5465.487793,25771.511719,-40402.304688,-14630.792969
ml,p5,38,2026-05-26,1976.745728,10.000000,1914.333374,50.000000,-1.000000,1.000000,-95716.671875,47.858337,-95716.671875,1969.156372,50.000000,-3.000000,1.000000,-98457.820312,49.228909,-295373.468750,1976.076904,50.000000,-4.000000,1.000000,-98803.843750,49.401920,-395215.375000,-786305.500000,840130.625000,5611.976562,48213.148438,-137127.515625,-88914.367188
ml,p5,38,2026-05-27,1964.452148,10.000000,1914.333374,50.000000,0.000000,1.000000,-95716.671875,47.858337,0.000000,1964.271851,50.000000,-2.000000,1.000000,-98213.593750,49.106796,-196427.187500,1970.967041,50.000000,-3.000000,1.000000,-98548.351562,49.274174,-295645.062500,-492072.250000,547652.000000,5758.216309,49821.535156,-170589.953125,-120768.421875
ml,p5,38,2026-05-28,1912.729980,10.000000,1914.333374,50.000000,-2.000000,-2.000000,191433.343750,95.716675,-191433.343750,1908.014648,50.000000,-1.000000,1.000000,-95400.734375,47.700367,-95400.734375,1915.059570,50.000000,-2.000000,1.000000,-95752.976562,47.876488,-191505.953125,-478340.000000,547931.625000,5949.509766,63642.117188,-302769.000000,-239126.875000
ml,p5,38,2026-05-29,1844.357056,10.000000,1914.333374,50.000000,-1.000000,1.000000,-95716.671875,47.858337,-95716.671875,1850.616577,50.000000,-2.000000,-1.000000,92530.828125,46.265411,-185061.656250,1860.670044,50.000000,-3.000000,-1.000000,93033.500000,46.516750,-279100.500000,-559878.812500,637779.250000,6090.149902,71810.289062,-473407.781250,-401597.500000
ml,p5,38,2026-05-30,1849.309814,10.000000,1914.333374,50.000000,-1.000000,0.000000,-0.000000,0.000000,-95716.671875,1848.616211,50.000000,-2.000000,0.000000,-0.000000,0.000000,-184861.625000,1861.965942,50.000000,-3.000000,0.000000,-0.000000,0.000000,-279294.906250,-559873.250000,637779.250000,6090.149902,71815.851562,-462064.218750,-390248.375000
ml,p5,38,2026-05-31,1844.387817,10.000000,1914.333374,50.000000,-1.000000,0.000000,-0.000000,0.000000,-95716.671875,1796.885620,50.000000,-2.000000,0.000000,-0.000000,0.000000,-179688.562500,1808.386963,50.000000,-3.000000,0.000000,-0.000000,0.000000,-271258.062500,-546663.312500,637779.250000,6090.149902,85025.789062,-475293.281250,-390267.500000
ml,p5,38,2026-06-01,1842.532227,10.000000,1914.333374,50.000000,0.000000,1.000000,-95716.671875,47.858337,0.000000,1809.892090,50.000000,-3.000000,-1.000000,90494.601562,45.247299,-271483.812500,1818.965942,50.000000,-4.000000,-1.000000,90948.296875,45.474148,-363793.187500,-635277.000000,723505.500000,6228.729492,81999.773438,-479560.000000,-397560.218750
ml,p5,38,2026-06-02,1832.656128,10.000000,1914.333374,50.000000,-2.000000,-2.000000,191433.343750,95.716675,-191433.343750,1818.748657,50.000000,-4.000000,-1.000000,90937.429688,45.468716,-363749.718750,1826.033936,50.000000,-5.000000,-1.000000,91301.695312,45.650845,-456508.500000,-1011691.562500,1097178.000000,6415.565918,79070.875000,-501120.250000,-422049.375000
ml,p5,38,2026-06-03,1832.237671,10.000000,1914.333374,50.000000,-1.000000,1.000000,-95716.671875,47.858337,-95716.671875,1830.395386,50.000000,-3.000000,1.000000,-91519.765625,45.759880,-274559.312500,1838.727417,50.000000,-4.000000,1.000000,-91936.367188,45.968182,-367745.468750,-738021.500000,818005.125000,6555.152832,73428.468750,-504212.312500,-430783.843750
ml,p5,38,2026-06-04,1837.921875,10.000000,1914.333374,50.000000,0.000000,1.000000,-95716.671875,47.858337,0.000000,1857.348389,50.000000,-4.000000,-1.000000,92867.421875,46.433712,-371469.687500,1866.774170,50.000000,-5.000000,-1.000000,93338.710938,46.669353,-466693.562500,-838163.250000,908494.625000,6696.113770,63635.261719,-489949.875000,-426314.625000
ml,p5,38,2026-06-05,1785.170898,10.000000,1914.333374,50.000000,-2.000000,-2.000000,191433.343750,95.716675,-191433.343750,1799.697754,50.000000,-3.000000,1.000000,-89984.890625,44.992443,-269954.656250,1808.376221,50.000000,-4.000000,1.000000,-90418.812500,45.209404,-361675.250000,-823063.250000,919524.250000,6882.032715,89578.968750,-621810.812500,-532231.875000
ml,p5,38,2026-06-06,1765.188354,10.000000,1914.333374,50.000000,-2.000000,0.000000,-0.000000,0.000000,-191433.343750,1800.088135,50.000000,-3.000000,0.000000,-0.000000,0.000000,-270013.218750,1812.372925,50.000000,-4.000000,0.000000,-0.000000,0.000000,-362474.593750,-823921.125000,919524.250000,6882.032715,88721.093750,-672523.187500,-583802.125000
ml,p5,38,2026-06-07,1765.682617,10.000000,1914.333374,50.000000,-2.000000,0.000000,-0.000000,0.000000,-191433.343750,1765.034180,50.000000,-3.000000,0.000000,-0.000000,0.000000,-264755.125000,1777.970093,50.000000,-4.000000,0.000000,-0.000000,0.000000,-355594.031250,-811782.500000,919524.250000,6882.032715,100859.718750,-674945.187500,-574085.500000
ml,p5,38,2026-06-08,1755.389526,10.000000,1914.333374,50.000000,-1.000000,1.000000,-95716.671875,47.858337,-95716.671875,1754.419922,50.000000,-2.000000,1.000000,-87721.000000,43.860500,-175442.000000,1770.073975,50.000000,-3.000000,1.000000,-88503.695312,44.251846,-265511.093750,-536669.750000,647582.937500,7018.003906,103895.187500,-699506.250000,-595611.062500
ml,p5,38,2026-06-09,1768.706055,10.000000,1914.333374,50.000000,0.000000,1.000000,-95716.671875,47.858337,0.000000,1728.143188,50.000000,-1.000000,1.000000,-86407.156250,43.203575,-86407.156250,1745.037476,50.000000,-2.000000,1.000000,-87251.875000,43.625935,-174503.750000,-260910.906250,378207.187500,7152.691406,110143.593750,-665205.687500,-555062.125000
ml,p5,38,2026-06-10,1715.351562,10.000000,1914.333374,50.000000,-2.000000,-2.000000,191433.343750,95.716675,-191433.343750,1701.406616,50.000000,-2.000000,-1.000000,85070.328125,42.535160,-170140.656250,1717.892578,50.000000,-3.000000,-1.000000,85894.625000,42.947311,-257683.890625,-619257.875000,740605.500000,7333.890625,114013.734375,-801697.250000,-687683.500000
ml,p5,38,2026-06-11,1727.559326,10.000000,1914.333374,50.000000,-1.000000,1.000000,-95716.671875,47.858337,-95716.671875,1723.011353,50.000000,-3.000000,-1.000000,86150.570312,43.075283,-258451.703125,1742.292114,50.000000,-4.000000,-1.000000,87114.609375,43.557304,-348458.437500,-702626.812500,818154.000000,7468.381348,108058.804688,-769800.375000,-661741.562500
ml,p5,38,2026-06-12,1764.381348,10.000000,1914.333374,50.000000,0.000000,1.000000,-95716.671875,47.858337,0.000000,1769.340820,50.000000,-4.000000,-1.000000,88467.039062,44.233517,-353868.156250,1789.699585,50.000000,-5.000000,-1.000000,89484.976562,44.742485,-447424.906250,-801293.062500,900389.375000,7605.215820,91491.093750,-676988.687500,-585497.625000
ml,p5,38,2026-06-13,1748.751831,10.000000,1914.333374,50.000000,0.000000,0.000000,-0.000000,0.000000,0.000000,1749.050903,50.000000,-4.000000,0.000000,-0.000000,0.000000,-349810.187500,1771.223633,50.000000,-5.000000,0.000000,-0.000000,0.000000,-442805.906250,-792616.125000,900389.375000,7605.215820,100168.031250,-715543.937500,-615375.875000
ml,p5,38,2026-06-14,1769.131958,10.000000,1914.333374,50.000000,0.000000,0.000000,-0.000000,0.000000,0.000000,1742.760742,50.000000,-4.000000,0.000000,-0.000000,0.000000,-348552.156250,1764.564575,50.000000,-5.000000,0.000000,-0.000000,0.000000,-441141.156250,-789693.312500,900389.375000,7605.215820,103090.843750,-665048.062500,-561957.250000
ml,p5,38,2026-06-15,1733.556030,10.000000,1914.333374,50.000000,-2.000000,-2.000000,191433.343750,95.716675,-191433.343750,1725.746460,50.000000,-3.000000,1.000000,-86287.320312,43.143658,-258861.968750,1747.609619,50.000000,-4.000000,1.000000,-87380.484375,43.690243,-349521.937500,-799817.250000,918154.875000,7787.766113,110549.859375,-754583.562500,-644033.687500
ml,p5,38,2026-06-16,1714.300049,10.000000,1914.333374,50.000000,-1.000000,1.000000,-95716.671875,47.858337,-95716.671875,1699.874023,50.000000,-2.000000,1.000000,-84993.703125,42.496849,-169987.406250,1718.906250,50.000000,-3.000000,1.000000,-85945.312500,42.972656,-257835.937500,-523540.000000,651499.250000,7921.094238,120038.156250,-805194.375000,-685156.250000
ml,p5,38,2026-06-17,1750.036499,10.000000,1914.333374,50.000000,0.000000,1.000000,-95716.671875,47.858337,0.000000,1765.151123,50.000000,-3.000000,-1.000000,88257.554688,44.128777,-264772.656250,1786.949707,50.000000,-4.000000,-1.000000,89347.484375,44.673744,-357389.937500,-622162.625000,733387.562500,8057.754883,103167.179688,-717347.812500,-614180.625000
ml,p5,38,2026-06-18,1742.252319,10.000000,1914.333374,50.000000,-2.000000,-2.000000,191433.343750,95.716675,-191433.343750,1760.990479,50.000000,-2.000000,1.000000,-88049.523438,44.024761,-176099.046875,1784.334473,50.000000,-3.000000,1.000000,-89216.726562,44.608360,-267650.156250,-635182.500000,747554.625000,8242.105469,104130.015625,-736583.875000,-632453.875000
ml,p5,38,2026-06-19,1722.048828,10.000000,1914.333374,50.000000,-2.000000,0.000000,-0.000000,0.000000,-191433.343750,1729.208008,50.000000,-2.000000,0.000000,-0.000000,0.000000,-172920.796875,1753.082520,50.000000,-3.000000,0.000000,-0.000000,0.000000,-262962.375000,-627316.500000,747554.625000,8242.105469,111996.015625,-788915.750000,-676919.750000
ml,p5,38,2026-06-20,1728.679199,10.000000,1914.333374,50.000000,-2.000000,0.000000,-0.000000,0.000000,-191433.343750,1732.922729,50.000000,-2.000000,0.000000,-0.000000,0.000000,-173292.265625,1755.384888,50.000000,-3.000000,0.000000,-0.000000,0.000000,-263307.750000,-628033.375000,747554.625000,8242.105469,111279.140625,-774715.625000,-663436.500000
ml,p5,38,2026-06-21,1697.583740,10.000000,1914.333374,50.000000,-2.000000,0.000000,-0.000000,0.000000,-191433.343750,1697.682617,50.000000,-2.000000,0.000000,-0.000000,0.000000,-169768.265625,1717.875488,50.000000,-3.000000,0.000000,-0.000000,0.000000,-257681.328125,-618882.937500,747554.625000,8242.105469,120429.578125,-854993.000000,-734563.437500
ml,p5,38,2026-06-22,1715.665771,10.000000,1914.333374,50.000000,-1.000000,1.000000,-95716.671875,47.858337,-95716.671875,1709.740967,50.000000,-3.000000,-1.000000,85487.046875,42.743523,-256461.125000,1727.812988,50.000000,-4.000000,-1.000000,86390.648438,43.195324,-345562.593750,-697740.375000,823715.687500,8375.902344,117599.406250,-810175.250000,-692575.875000
ml,p5,38,2026-06-23,1699.289307,10.000000,1914.333374,50.000000,0.000000,1.000000,-95716.671875,47.858337,0.000000,1707.950317,50.000000,-2.000000,1.000000,-85397.515625,42.698753,-170795.031250,1725.595703,50.000000,-3.000000,1.000000,-86279.781250,43.139889,-258839.359375,-429634.375000,556321.750000,8509.598633,118177.773438,-852654.250000,-734476.500000
ml,p5,38,2026-06-24,1672.984009,10.000000,1914.333374,50.000000,-2.000000,-2.000000,191433.343750,95.716675,-191433.343750,1669.018188,50.000000,-1.000000,1.000000,-83450.906250,41.725452,-83450.906250,1687.505005,50.000000,-2.000000,1.000000,-84375.250000,42.187622,-168750.500000,-443634.750000,579928.875000,8689.228516,127604.898438,-919856.687500,-792251.812500
ml,p5,38,2026-06-25,1700.026855,10.000000,1914.333374,50.000000,-1.000000,1.000000,-95716.671875,47.858337,-95716.671875,1716.266846,50.000000,-3.000000,-2.000000,171626.687500,85.813339,-257440.031250,1732.963379,50.000000,-3.000000,-1.000000,86648.171875,43.324085,-259944.500000,-613101.187500,742487.062500,8866.224609,120519.648438,-853517.437500,-732997.812500
ml,p5,38,2026-06-26,1688.638306,10.000000,1914.333374,50.000000,0.000000,1.000000,-95716.671875,47.858337,0.000000,1701.180298,50.000000,-2.000000,1.000000,-85059.015625,42.529507,-170118.031250,1717.223022,50.000000,-2.000000,1.000000,-85861.148438,42.930573,-171722.296875,-341840.312500,475850.250000,8999.542969,125010.390625,-883378.312500,-758367.937500
ml,p5,38,2026-06-27,1688.495850,10.000000,1914.333374,50.000000,0.000000,0.000000,-0.000000,0.000000,0.000000,1680.509888,50.000000,-2.000000,0.000000,-0.000000,0.000000,-168050.984375,1697.082153,50.000000,-2.000000,0.000000,-0.000000,0.000000,-169708.218750,-337759.187500,475850.250000,8999.542969,129091.515625,-885712.812500,-756621.312500
ml,p5,38,2026-06-28,1705.802612,10.000000,1914.333374,50.000000,0.000000,0.000000,-0.000000,0.000000,0.000000,1689.096069,50.000000,-2.000000,0.000000,-0.000000,0.000000,-168909.609375,1705.353271,50.000000,-2.000000,0.000000,-0.000000,0.000000,-170535.328125,-339444.937500,475850.250000,8999.542969,127405.765625,-844769.687500,-717363.937500
ml,p5,38,2026-06-29,1688.749512,10.000000,1914.333374,50.000000,-2.000000,-2.000000,191433.343750,95.716675,-191433.343750,1699.622925,50.000000,-3.000000,-1.000000,84981.148438,42.490574,-254943.437500,1716.095093,50.000000,-3.000000,-1.000000,85804.757812,42.902378,-257414.250000,-703791.000000,838069.500000,9180.652344,125097.843750,-888912.750000,-763814.875000
ml,p5,38,2026-06-30,1687.403687,10.000000,1914.333374,50.000000,-1.000000,1.000000,-95716.671875,47.858337,-95716.671875,1699.981323,50.000000,-2.000000,1.000000,-84999.062500,42.499531,-169998.125000,1717.124634,50.000000,-4.000000,-1.000000,85856.234375,42.928116,-343424.937500,-609139.750000,743210.000000,9313.938477,124756.312500,-892427.000000,-767670.687500
ml,p5,38,2026-07-01,1687.335205,10.000000,1914.333374,50.000000,0.000000,1.000000,-95716.671875,47.858337,0.000000,1687.607666,50.000000,-1.000000,1.000000,-84380.382812,42.190189,-84380.382812,1705.686523,50.000000,-3.000000,1.000000,-85284.328125,42.642162,-255852.984375,-340233.375000,477828.625000,9446.628906,128148.625000,-894472.437500,-766323.812500
ml,p5,38,2026-07-02,1695.287109,10.000000,1914.333374,50.000000,-2.000000,-2.000000,191433.343750,95.716675,-191433.343750,1692.258423,50.000000,-3.000000,-2.000000,169225.843750,84.612923,-253838.765625,1710.288818,50.000000,-4.000000,-1.000000,85514.437500,42.757217,-342057.750000,-787329.875000,924002.250000,9669.715820,127002.656250,-876919.062500,-749916.375000
ml,p5,38,2026-07-03,1698.467163,10.000000,1914.333374,50.000000,-1.000000,1.000000,-95716.671875,47.858337,-95716.671875,1694.161011,50.000000,-4.000000,-1.000000,84708.046875,42.354023,-338832.187500,1710.936523,50.000000,-5.000000,-1.000000,85546.828125,42.773411,-427734.125000,-862283.000000,998540.375000,9802.701172,126454.671875,-870972.250000,-744517.562500
ml,p5,38,2026-07-04,1703.248901,10.000000,1914.333374,50.000000,-1.000000,0.000000,-0.000000,0.000000,-95716.671875,1710.214355,50.000000,-4.000000,0.000000,-0.000000,0.000000,-342042.875000,1727.861694,50.000000,-5.000000,0.000000,-0.000000,0.000000,-431965.437500,-869725.000000,998540.375000,9802.701172,119012.671875,-862227.062500,-743214.375000
ml,p5,38,2026-07-05,1685.634399,10.000000,1914.333374,50.000000,-1.000000,0.000000,-0.000000,0.000000,-95716.671875,1691.328857,50.000000,-4.000000,0.000000,-0.000000,0.000000,-338265.781250,1707.255371,50.000000,-5.000000,0.000000,-0.000000,0.000000,-426813.875000,-860796.312500,998540.375000,9802.701172,127941.359375,-902226.812500,-774285.437500
ml,p5,38,2026-07-06,1680.290649,10.000000,1914.333374,50.000000,0.000000,1.000000,-95716.671875,47.858337,0.000000,1687.525757,50.000000,-3.000000,1.000000,-84376.289062,42.188141,-253128.859375,1703.361572,50.000000,-4.000000,1.000000,-85168.078125,42.584038,-340672.312500,-593801.187500,733279.375000,9935.332031,129542.859375,-915406.437500,-785863.562500
ml,p5,38,2026-07-07,1686.153687,10.000000,1914.333374,50.000000,-2.000000,-2.000000,191433.343750,95.716675,-191433.343750,1696.782593,50.000000,-4.000000,-1.000000,84839.132812,42.419563,-339356.531250,1713.843384,50.000000,-5.000000,-1.000000,85692.171875,42.846085,-428460.843750,-959250.750000,1095244.000000,10116.314453,125876.937500,-904746.812500,-778869.875000
ml,p5,38,2026-07-08,1684.879150,10.000000,1914.333374,50.000000,-1.000000,1.000000,-95716.671875,47.858337,-95716.671875,1689.102539,50.000000,-3.000000,1.000000,-84455.125000,42.227562,-253365.375000,1704.361816,50.000000,-4.000000,1.000000,-85218.093750,42.609047,-340872.375000,-689954.437500,829854.125000,10249.009766,129650.679688,-908312.562500,-778661.875000
ml,p5,38,2026-07-09,1681.896973,10.000000,1914.333374,50.000000,0.000000,1.000000,-95716.671875,47.858337,0.000000,1659.400513,50.000000,-2.000000,1.000000,-82970.023438,41.485012,-165940.046875,1673.010864,50.000000,-3.000000,1.000000,-83650.546875,41.825275,-250951.640625,-416891.687500,567516.937500,10380.177734,140245.078125,-915079.687500,-774834.625000
ml,p5,38,2026-07-10,1711.824219,10.000000,1914.333374,50.000000,-2.000000,-2.000000,191433.343750,95.716675,-191433.343750,1701.096558,50.000000,-3.000000,-1.000000,85054.828125,42.527412,-255164.484375,1715.104492,50.000000,-4.000000,-1.000000,85755.226562,42.877613,-343020.906250,-789618.750000,929760.312500,10561.299805,129580.265625,-864284.500000,-734704.250000
ml,p5,38,2026-07-11,1711.628296,10.000000,1914.333374,50.000000,-2.000000,0.000000,-0.000000,0.000000,-191433.343750,1724.391602,50.000000,-3.000000,0.000000,-0.000000,0.000000,-258658.734375,1740.434937,50.000000,-4.000000,0.000000,-0.000000,0.000000,-348087.000000,-798179.062500,929760.312500,10561.299805,121019.953125,-864941.187500,-743921.250000
ml,p5,38,2026-07-12,1719.791504,10.000000,1914.333374,50.000000,-2.000000,0.000000,-0.000000,0.000000,-191433.343750,1723.472412,50.000000,-3.000000,0.000000,-0.000000,0.000000,-258520.843750,1739.649780,50.000000,-4.000000,0.000000,-0.000000,0.000000,-347929.968750,-797884.125000,929760.312500,10561.299805,121314.890625,-852546.937500,-731232.062500
ml,p5,38,2026-07-13,1735.775391,10.000000,1914.333374,50.000000,-1.000000,1.000000,-95716.671875,47.858337,-95716.671875,1747.211914,50.000000,-4.000000,-1.000000,87360.593750,43.680294,-349442.375000,1763.523926,50.000000,-5.000000,-1.000000,88176.195312,44.088097,-440880.968750,-886040.000000,1009580.375000,10696.926758,112843.445312,-827278.000000,-714434.562500
ml,p5,38,2026-07-14,1728.610718,10.000000,1914.333374,50.000000,0.000000,1.000000,-95716.671875,47.858337,0.000000,1727.069336,50.000000,-3.000000,1.000000,-86353.468750,43.176735,-259060.406250,1744.509277,50.000000,-4.000000,1.000000,-87225.460938,43.612732,-348901.843750,-607962.250000,740284.812500,10831.574219,121490.984375,-839429.125000,-717938.125000
ml,p5,38,2026-07-15,1706.900269,10.000000,1914.333374,50.000000,-2.000000,-2.000000,191433.343750,95.716675,-191433.343750,1701.113647,50.000000,-2.000000,1.000000,-85055.679688,42.527840,-170111.359375,1718.743286,50.000000,-3.000000,1.000000,-85937.164062,42.968578,-257811.500000,-619356.187500,760725.375000,11012.787109,130356.398438,-871427.812500,-741071.437500
ml,p5,38,2026-07-16,1711.740112,10.000000,1914.333374,50.000000,-1.000000,1.000000,-95716.671875,47.858337,-95716.671875,1717.246704,50.000000,-3.000000,-1.000000,85862.335938,42.931168,-257587.015625,1735.375122,50.000000,-4.000000,-1.000000,86768.757812,43.384377,-347075.031250,-700378.750000,837639.750000,11146.960938,126114.039062,-865647.937500,-739533.875000
ml,p5,38,2026-07-17,1709.488770,10.000000,1914.333374,50.000000,0.000000,1.000000,-95716.671875,47.858337,0.000000,1709.280029,50.000000,-2.000000,1.000000,-85464.000000,42.731998,-170928.000000,1728.030884,50.000000,-3.000000,1.000000,-86401.546875,43.200775,-259204.640625,-430132.625000,570057.500000,11280.751953,128644.125000,-869200.625000,-740556.500000
ml,p5,38,2026-07-18,1701.762451,10.000000,1914.333374,50.000000,0.000000,0.000000,-0.000000,0.000000,0.000000,1695.261353,50.000000,-2.000000,0.000000,-0.000000,0.000000,-169526.140625,1713.503906,50.000000,-3.000000,0.000000,-0.000000,0.000000,-257025.593750,-426551.750000,570057.500000,11280.751953,132225.000000,-878197.625000,-745972.625000
ml,p5,38,2026-07-19,1711.744995,10.000000,1914.333374,50.000000,0.000000,0.000000,-0.000000,0.000000,0.000000,1717.870483,50.000000,-2.000000,0.000000,-0.000000,0.000000,-171787.046875,1736.754639,50.000000,-3.000000,0.000000,-0.000000,0.000000,-260513.187500,-432300.250000,570057.500000,11280.751953,126476.500000,-868062.000000,-741585.500000
ml,p5,38,2026-07-20,1718.867432,10.000000,1914.333374,50.000000,-2.000000,-2.000000,191433.343750,95.716675,-191433.343750,1723.645020,50.000000,-3.000000,-1.000000,86182.250000,43.091125,-258546.750000,1744.233765,50.000000,-4.000000,-1.000000,87211.687500,43.605843,-348846.750000,-798826.875000,934884.812500,11463.166016,124594.773438,-860968.000000,-736373.250000
ml,p5,38,2026-07-21,1710.942139,10.000000,1914.333374,50.000000,-1.000000,1.000000,-95716.671875,47.858337,-95716.671875,1738.162964,50.000000,-4.000000,-1.000000,86908.148438,43.454075,-347632.593750,1759.010132,50.000000,-5.000000,-1.000000,87950.507812,43.975250,-439752.531250,-883101.750000,1014026.812500,11598.453125,119326.609375,-869215.562500,-749888.937500
ml,p5,38,2026-07-22,1710.652466,10.000000,1914.333374,50.000000,0.000000,1.000000,-95716.671875,47.858337,0.000000,1721.521240,50.000000,-3.000000,1.000000,-86076.062500,43.038029,-258228.171875,1741.420898,50.000000,-4.000000,1.000000,-87071.046875,43.535522,-348284.187500,-606512.375000,745163.000000,11732.885742,126917.742188,-869944.187500,-743026.437500
ml,p5,38,2026-07-23,1715.453979,10.000000,1914.333374,50.000000,-2.000000,-2.000000,191433.343750,95.716675,-191433.343750,1722.809692,50.000000,-2.000000,1.000000,-86140.484375,43.070244,-172280.968750,1742.777832,50.000000,-3.000000,1.000000,-87138.890625,43.569443,-261416.671875,-625131.000000,763317.000000,11915.241211,126270.757812,-866732.250000,-740461.500000
ml,p5,38,2026-07-24,1715.871216,10.000000,1914.333374,50.000000,-1.000000,1.000000,-95716.671875,47.858337,-95716.671875,1717.887817,50.000000,-1.000000,1.000000,-85894.390625,42.947193,-85894.390625,1737.541138,50.000000,-2.000000,1.000000,-86877.054688,43.438526,-173754.109375,-355365.187500,494828.875000,12049.486328,127414.203125,-866838.750000,-739424.562500
ml,p5,38,2026-07-25,1729.224976,10.000000,1914.333374,50.000000,-1.000000,0.000000,-0.000000,0.000000,-95716.671875,1714.803223,50.000000,-1.000000,0.000000,-0.000000,0.000000,-85740.164062,1733.473999,50.000000,-2.000000,0.000000,-0.000000,0.000000,-173347.406250,-354804.250000,494828.875000,12049.486328,127975.140625,-859910.250000,-731935.125000
ml,p5,38,2026-07-26,1731.738403,10.000000,1914.333374,50.000000,-1.000000,0.000000,-0.000000,0.000000,-95716.671875,1720.697266,50.000000,-1.000000,0.000000,-0.000000,0.000000,-86034.859375,1738.963745,50.000000,-2.000000,0.000000,-0.000000,0.000000,-173896.375000,-355647.906250,494828.875000,12049.486328,127131.484375,-858901.125000,-731769.625000
ml,p5,38,2026-07-27,1740.833130,10.000000,1914.333374,50.000000,0.000000,1.000000,-95716.671875,47.858337,0.000000,1727.998535,50.000000,-3.000000,-2.000000,172799.859375,86.399933,-259199.781250,1746.427368,50.000000,-3.000000,-1.000000,87321.367188,43.660683,-261964.109375,-521163.875000,659233.375000,12227.405273,125842.093750,-854306.625000,-728464.500000
ml,p5,38,2026-07-28,1739.801636,10.000000,1914.333374,50.000000,-2.000000,-2.000000,191433.343750,95.716675,-191433.343750,1726.665771,50.000000,-2.000000,1.000000,-86333.289062,43.166641,-172666.578125,1743.561646,50.000000,-2.000000,1.000000,-87178.085938,43.589043,-174356.171875,-538456.125000,677155.375000,12409.876953,126289.375000,-855053.625000,-728764.250000
ml,p5,38,2026-07-29,1746.302856,10.000000,1914.333374,50.000000,-1.000000,1.000000,-95716.671875,47.858337,-95716.671875,1730.991821,50.000000,-1.000000,1.000000,-86549.593750,43.274796,-86549.593750,1748.461060,50.000000,-3.000000,-1.000000,87423.054688,43.711529,-262269.156250,-444535.437500,582312.187500,12544.722656,125232.031250,-853189.125000,-727957.125000
ml,p5,38,2026-07-30,1757.924194,10.000000,1914.333374,50.000000,0.000000,1.000000,-95716.671875,47.858337,0.000000,1730.991821,50.000000,0.000000,1.000000,-86549.593750,43.274796,0.000000,1768.549683,50.000000,-4.000000,-1.000000,88427.484375,44.213741,-353709.937500,-353709.937500,488473.406250,12680.068359,122083.398438,-850840.187500,-728756.812500
ml,p5,38,2026-07-31,1754.026489,10.000000,1914.333374,50.000000,-2.000000,-2.000000,191433.343750,95.716675,-191433.343750,1730.991821,50.000000,-2.000000,-2.000000,173099.187500,86.549591,-173099.187500,1772.791260,50.000000,-3.000000,1.000000,-88639.562500,44.319778,-265918.687500,-630451.250000,764366.375000,12906.655273,121008.468750,-851373.875000,-730365.375000
ml,p5,38,2026-08-01,1745.854858,10.000000,1914.333374,50.000000,-2.000000,0.000000,-0.000000,0.000000,-191433.343750,1730.991821,50.000000,-2.000000,0.000000,-0.000000,0.000000,-173099.187500,1762.601807,50.000000,-3.000000,0.000000,-0.000000,0.000000,-264390.281250,-628922.812500,764366.375000,12906.655273,122536.906250,-851432.750000,-728895.875000
ml,p5,38,2026-08-02,1736.527832,10.000000,1914.333374,50.000000,-2.000000,0.000000,-0.000000,0.000000,-191433.343750,1730.991821,50.000000,-2.000000,0.000000,-0.000000,0.000000,-173099.187500,1748.255127,50.000000,-3.000000,0.000000,-0.000000,0.000000,-262238.281250,-626770.812500,764366.375000,12906.655273,124688.906250,-851503.625000,-726814.750000
ml,p5,38,2026-08-03,1706.721191,10.000000,1914.333374,50.000000,-1.000000,1.000000,-95716.671875,47.858337,-95716.671875,1730.991821,50.000000,-1.000000,1.000000,-86549.593750,43.274796,-86549.593750,1719.369385,50.000000,-2.000000,1.000000,-85968.468750,42.984234,-171936.937500,-354203.187500,496131.625000,13040.771484,128887.664062,-851570.187500,-722682.500000
ml,p5,38,2026-08-04,1716.572388,10.000000,1914.333374,50.000000,0.000000,1.000000,-95716.671875,47.858337,0.000000,1730.991821,50.000000,0.000000,1.000000,-86549.593750,43.274796,0.000000,1729.134155,50.000000,-3.000000,-1.000000,86456.710938,43.228355,-259370.125000,-259370.125000,400322.062500,13175.132812,127776.804688,-851638.312500,-723861.500000
ml,p5,38,2026-08-05,1720.445190,10.000000,1914.333374,50.000000,-2.000000,-2.000000,191433.343750,95.716675,-191433.343750,1730.991821,50.000000,-2.000000,-2.000000,173099.187500,86.549591,-173099.187500,1734.034668,50.000000,-2.000000,1.000000,-86701.734375,43.350868,-173403.468750,-537936.000000,678152.875000,13400.750977,126816.125000,-851703.812500,-724887.687500
ml,p5,38,2026-08-06,1719.488159,10.000000,1914.333374,50.000000,-1.000000,1.000000,-95716.671875,47.858337,-95716.671875,1730.991821,50.000000,-1.000000,1.000000,-86549.593750,43.274796,-86549.593750,1728.310425,50.000000,-3.000000,-1.000000,86415.523438,43.207760,-259246.562500,-441512.812500,582302.125000,13535.091797,127254.218750,-851703.812500,-724449.625000
ml,p5,38,2026-08-07,1728.369263,10.000000,1914.333374,50.000000,0.000000,1.000000,-95716.671875,47.858337,0.000000,1730.991821,50.000000,0.000000,1.000000,-86549.593750,43.274796,0.000000,1748.686890,50.000000,-4.000000,-1.000000,87434.343750,43.717171,-349737.375000,-349737.375000,487470.218750,13669.942383,124062.898438,-851703.812500,-727640.937500
ml,p5,38,2026-08-08,1744.639038,10.000000,1914.333374,50.000000,0.000000,0.000000,-0.000000,0.000000,0.000000,1730.991821,50.000000,0.000000,0.000000,-0.000000,0.000000,0.000000,1749.173950,50.000000,-4.000000,0.000000,-0.000000,0.000000,-349834.781250,-349834.781250,487470.218750,13669.942383,123965.492188,-851703.812500,-727738.312500
ml,p5,38,2026-08-09,1733.615479,10.000000,1914.333374,50.000000,0.000000,0.000000,-0.000000,0.000000,0.000000,1730.991821,50.000000,0.000000,0.000000,-0.000000,0.000000,0.000000,1753.703613,50.000000,-4.000000,0.000000,-0.000000,0.000000,-350740.718750,-350740.718750,487470.218750,13669.942383,123059.554688,-851703.812500,-728644.250000
ml,p5,38,2026-08-10,1728.042969,10.000000,1914.333374,50.000000,-2.000000,-2.000000,191433.343750,95.716675,-191433.343750,1730.991821,50.000000,-2.000000,-2.000000,173099.187500,86.549591,-173099.187500,1734.745239,50.000000,-3.000000,1.000000,-86737.265625,43.368629,-260211.796875,-624744.312500,765265.500000,13895.576172,126625.609375,-851703.812500,-725078.187500
ml,p5,38,2026-08-11,1744.061768,10.000000,1914.333374,50.000000,-1.000000,1.000000,-95716.671875,47.858337,-95716.671875,1730.991821,50.000000,-1.000000,1.000000,-86549.593750,43.274796,-86549.593750,1759.936279,50.000000,-4.000000,-1.000000,87996.812500,43.998405,-351987.250000,-534253.500000,670996.000000,14030.708008,122711.789062,-851703.812500,-728992.000000
ml,p5,38,2026-08-12,1751.605347,10.000000,1914.333374,50.000000,0.000000,1.000000,-95716.671875,47.858337,0.000000,1730.991821,50.000000,0.000000,1.000000,-86549.593750,43.274796,0.000000,1771.027954,50.000000,-3.000000,1.000000,-88551.398438,44.275700,-265654.187500,-265654.187500,400178.375000,14166.117188,120358.070312,-851703.812500,-731345.750000
ml,p5,38,2026-08-13,1729.572144,10.000000,1914.333374,50.000000,-2.000000,-2.000000,191433.343750,95.716675,-191433.343750,1730.991821,50.000000,-2.000000,-2.000000,173099.187500,86.549591,-173099.187500,1734.849487,50.000000,-2.000000,1.000000,-86742.476562,43.371235,-173484.953125,-538017.500000,677968.375000,14391.754883,125559.117188,-851703.812500,-726144.687500
ml,p5,38,2026-08-14,1743.488892,10.000000,1914.333374,50.000000,-1.000000,1.000000,-95716.671875,47.858337,-95716.671875,1730.991821,50.000000,-1.000000,1.000000,-86549.593750,43.274796,-86549.593750,1750.623779,50.000000,-4.000000,-2.000000,175062.375000,87.531189,-350124.750000,-532391.000000,670764.500000,14570.418945,123803.078125,-851703.812500,-727900.750000
ml,p5,38,2026-08-15,1748.313354,10.000000,1914.333374,50.000000,-1.000000,0.000000,-0.000000,0.000000,-95716.671875,1730.991821,50.000000,-1.000000,0.000000,-0.000000,0.000000,-86549.593750,1751.171509,50.000000,-4.000000,0.000000,-0.000000,0.000000,-350234.312500,-532500.562500,670764.500000,14570.418945,123693.515625,-851703.812500,-728010.312500
ml,p5,38,2026-08-16,1756.673340,10.000000,1914.333374,50.000000,-1.000000,0.000000,-0.000000,0.000000,-95716.671875,1730.991821,50.000000,-1.000000,0.000000,-0.000000,0.000000,-86549.593750,1768.000977,50.000000,-4.000000,0.000000,-0.000000,0.000000,-353600.187500,-535866.437500,670764.500000,14570.418945,120327.640625,-851703.812500,-731376.187500
ml,p5,38,2026-08-17,1762.602905,10.000000,1914.333374,50.000000,0.000000,1.000000,-95716.671875,47.858337,0.000000,1730.991821,50.000000,0.000000,1.000000,-86549.593750,43.274796,0.000000,1794.794189,50.000000,-3.000000,1.000000,-89739.710938,44.869854,-269219.125000,-269219.125000,398758.562500,14706.421875,114833.015625,-851703.812500,-736870.812500
ml,p5,38,2026-08-18,1774.286255,10.000000,1914.333374,50.000000,-2.000000,-2.000000,191433.343750,95.716675,-191433.343750,1730.991821,50.000000,-2.000000,-2.000000,173099.187500,86.549591,-173099.187500,1784.337158,50.000000,-2.000000,1.000000,-89216.859375,44.608429,-178433.718750,-542966.250000,674074.250000,14933.296875,116174.703125,-851703.812500,-735529.125000
ml,p5,38,2026-08-19,1746.565186,10.000000,1914.333374,50.000000,-1.000000,1.000000,-95716.671875,47.858337,-95716.671875,1730.991821,50.000000,-1.000000,1.000000,-86549.593750,43.274796,-86549.593750,1725.242432,50.000000,-1.000000,1.000000,-86262.125000,43.131062,-86262.125000,-268528.375000,405545.812500,15067.561523,121949.875000,-851703.812500,-729753.937500
ml,p5,38,2026-08-20,1745.320435,10.000000,1914.333374,50.000000,0.000000,1.000000,-95716.671875,47.858337,0.000000,1730.991821,50.000000,0.000000,1.000000,-86549.593750,43.274796,0.000000,1741.065186,50.000000,-3.000000,-2.000000,174106.515625,87.053253,-261159.765625,-261159.765625,397386.062500,15245.748047,120980.546875,-851703.812500,-730723.250000
ml,p5,38,2026-08-21,1726.648438,10.000000,1914.333374,50.000000,-2.000000,-2.000000,191433.343750,95.716675,-191433.343750,1730.991821,50.000000,-2.000000,-2.000000,173099.187500,86.549591,-173099.187500,1720.832886,50.000000,-2.000000,1.000000,-86041.640625,43.020817,-172083.281250,-536615.812500,675877.000000,15471.034180,123790.156250,-851703.812500,-727913.625000
ml,p5,38,2026-08-22,1717.904663,10.000000,1914.333374,50.000000,-2.000000,0.000000,-0.000000,0.000000,-191433.343750,1730.991821,50.000000,-2.000000,0.000000,-0.000000,0.000000,-173099.187500,1710.270386,50.000000,-2.000000,0.000000,-0.000000,0.000000,-171027.031250,-535559.562500,675877.000000,15471.034180,124846.406250,-851703.812500,-726857.375000
ml,p5,38,2026-08-23,1719.469238,10.000000,1914.333374,50.000000,-2.000000,0.000000,-0.000000,0.000000,-191433.343750,1730.991821,50.000000,-2.000000,0.000000,-0.000000,0.000000,-173099.187500,1721.013428,50.000000,-2.000000,0.000000,-0.000000,0.000000,-172101.343750,-536633.875000,675877.000000,15471.034180,123772.093750,-851703.812500,-727931.750000
ml,p5,38,2026-08-24,1699.310425,10.000000,1914.333374,50.000000,-1.000000,1.000000,-95716.671875,47.858337,-95716.671875,1730.991821,50.000000,-1.000000,1.000000,-86549.593750,43.274796,-86549.593750,1708.285400,50.000000,-1.000000,1.000000,-85414.273438,42.707138,-85414.273438,-267680.531250,408196.437500,15604.875000,124911.031250,-851703.812500,-726792.750000
ml,p5,38,2026-08-25,1723.452759,10.000000,1914.333374,50.000000,0.000000,1.000000,-95716.671875,47.858337,0.000000,1730.991821,50.000000,0.000000,1.000000,-86549.593750,43.274796,0.000000,1755.412598,50.000000,-3.000000,-2.000000,175541.265625,87.770630,-263311.875000,-263311.875000,401471.437500,15783.778320,122375.781250,-851703.812500,-729328.000000
ml,p5,38,2026-08-26,1739.043579,10.000000,1914.333374,50.000000,-2.000000,-2.000000,191433.343750,95.716675,-191433.343750,1730.991821,50.000000,-2.000000,-2.000000,173099.187500,86.549591,-173099.187500,1751.580078,50.000000,-2.000000,1.000000,-87579.000000,43.789497,-175158.000000,-539690.500000,678425.000000,16009.833984,122724.664062,-851703.812500,-728979.125000
ml,p5,38,2026-08-27,1722.411133,10.000000,1914.333374,50.000000,0.000000,2.000000,-191433.343750,95.716675,0.000000,1730.991821,50.000000,-1.000000,1.000000,-86549.593750,43.274796,-86549.593750,1723.928589,50.000000,-1.000000,1.000000,-86196.429688,43.098213,-86196.429688,-172746.031250,314245.593750,16191.923828,125307.640625,-851703.812500,-726396.187500
ml,p5,38,2026-08-28,1724.334717,10.000000,1914.333374,50.000000,-2.000000,-2.000000,191433.343750,95.716675,-191433.343750,1730.991821,50.000000,0.000000,1.000000,-86549.593750,43.274796,0.000000,1741.571777,50.000000,-3.000000,-2.000000,174157.171875,87.078583,-261235.765625,-452669.125000,593286.500000,16417.994141,124199.382812,-851703.812500,-727504.437500
ml,p5,38,2026-08-29,1730.665283,10.000000,1914.333374,50.000000,-2.000000,0.000000,-0.000000,0.000000,-191433.343750,1730.991821,50.000000,0.000000,0.000000,-0.000000,0.000000,0.000000,1739.123047,50.000000,-3.000000,0.000000,-0.000000,0.000000,-260868.453125,-452301.812500,593286.500000,16417.994141,124566.695312,-851703.812500,-727137.125000
ml,p5,38,2026-08-30,1734.295288,10.000000,1914.333374,50.000000,-2.000000,0.000000,-0.000000,0.000000,-191433.343750,1730.991821,50.000000,0.000000,0.000000,-0.000000,0.000000,0.000000,1747.048584,50.000000,-3.000000,0.000000,-0.000000,0.000000,-262057.281250,-453490.625000,593286.500000,16417.994141,123377.882812,-851703.812500,-728325.937500
ml,p5,38,2026-08-31,1728.988281,10.000000,1914.333374,50.000000,0.000000,2.000000,-191433.343750,95.716675,0.000000,1730.991821,50.000000,-2.000000,-2.000000,173099.187500,86.549591,-173099.187500,1721.216309,50.000000,-2.000000,1.000000,-86060.812500,43.030407,-172121.625000,-345220.812500,488891.562500,16643.291016,127027.460938,-851703.812500,-724676.375000
ml,p5,38,2026-09-01,1717.772827,10.000000,1914.333374,50.000000,-2.000000,-2.000000,191433.343750,95.716675,-191433.343750,1730.991821,50.000000,0.000000,2.000000,-173099.187500,86.549591,0.000000,1722.291870,50.000000,-1.000000,1.000000,-86114.593750,43.057297,-86114.593750,-277547.937500,421111.125000,16868.615234,126694.570312,-851703.812500,-725009.250000
ml,p5,38,2026-09-02,1712.946167,10.000000,1914.333374,50.000000,0.000000,2.000000,-191433.343750,95.716675,0.000000,1730.991821,50.000000,-2.000000,-2.000000,173099.187500,86.549591,-173099.187500,1731.616089,50.000000,0.000000,1.000000,-86580.804688,43.290401,0.000000,-173099.187500,316196.156250,17094.171875,126002.796875,-851703.812500,-725701.000000
ml,p5,38,2026-09-03,1720.942383,10.000000,1914.333374,50.000000,-2.000000,-2.000000,191433.343750,95.716675,-191433.343750,1730.991821,50.000000,0.000000,2.000000,-173099.187500,86.549591,0.000000,1751.171265,50.000000,-2.000000,-2.000000,175117.125000,87.558563,-175117.125000,-366550.468750,509647.437500,17363.996094,125732.968750,-851703.812500,-725970.875000
ml,p5,38,2026-09-04,1711.239014,10.000000,1914.333374,50.000000,0.000000,2.000000,-191433.343750,95.716675,0.000000,1730.991821,50.000000,-2.000000,-2.000000,173099.187500,86.549591,-173099.187500,1723.705811,50.000000,-1.000000,1.000000,-86185.289062,43.092644,-86185.289062,-259284.468750,405128.000000,17589.355469,128254.171875,-851703.812500,-723449.625000
ml,p5,38,2026-09-05,1712.382568,10.000000,1914.333374,50.000000,0.000000,0.000000,-0.000000,0.000000,0.000000,1730.991821,50.000000,-2.000000,0.000000,-0.000000,0.000000,-173099.187500,1739.996094,50.000000,-1.000000,0.000000,-0.000000,0.000000,-86999.804688,-260099.000000,405128.000000,17589.355469,127439.640625,-851703.812500,-724264.187500
ml,p5,38,2026-09-06,1714.749756,10.000000,1914.333374,50.000000,0.000000,0.000000,-0.000000,0.000000,0.000000,1730.991821,50.000000,-2.000000,0.000000,-0.000000,0.000000,-173099.187500,1727.144653,50.000000,-1.000000,0.000000,-0.000000,0.000000,-86357.234375,-259456.421875,405128.000000,17589.355469,128082.218750,-851703.812500,-723621.625000
ml,p5,38,2026-09-07,1742.556396,10.000000,1914.333374,50.000000,0.000000,0.000000,-0.000000,0.000000,0.000000,1730.991821,50.000000,-2.000000,0.000000,-0.000000,0.000000,-173099.187500,1723.614502,50.000000,-1.000000,0.000000,-0.000000,0.000000,-86180.726562,-259279.906250,405128.000000,17589.355469,128258.734375,-851703.812500,-723445.062500
ml,p5,38,2026-09-08,1748.753540,10.000000,1914.333374,50.000000,-2.000000,-2.000000,191433.343750,95.716675,-191433.343750,1730.991821,50.000000,0.000000,2.000000,-173099.187500,86.549591,0.000000,1753.479126,50.000000,0.000000,1.000000,-87673.953125,43.836975,0.000000,-191433.343750,335788.187500,17815.457031,126539.390625,-851703.812500,-725164.437500
ml,p5,38,2026-09-09,1748.564331,10.000000,1914.333374,50.000000,0.000000,2.000000,-191433.343750,95.716675,0.000000,1730.991821,50.000000,-2.000000,-2.000000,173099.187500,86.549591,-173099.187500,1734.332764,50.000000,-2.000000,-2.000000,173433.281250,86.716637,-173433.281250,-346532.468750,490887.312500,18084.441406,126270.406250,-851703.812500,-725433.375000
ml,p5,38,2026-09-10,1741.037476,10.000000,1914.333374,50.000000,-2.000000,-2.000000,191433.343750,95.716675,-191433.343750,1730.991821,50.000000,0.000000,2.000000,-173099.187500,86.549591,0.000000,1747.321533,50.000000,-1.000000,1.000000,-87366.078125,43.683037,-87366.078125,-278799.437500,421855.375000,18310.390625,124745.546875,-851703.812500,-726958.250000
ml,p5,38,2026-09-11,1768.601562,10.000000,1914.333374,50.000000,0.000000,2.000000,-191433.343750,95.716675,0.000000,1730.991821,50.000000,-2.000000,-2.000000,173099.187500,86.549591,-173099.187500,1775.533691,50.000000,0.000000,1.000000,-88776.687500,44.388344,0.000000,-173099.187500,314744.562500,18537.044922,123108.328125,-851703.812500,-728595.500000
ml,p5,38,2026-09-12,1776.212891,10.000000,1914.333374,50.000000,0.000000,0.000000,-0.000000,0.000000,0.000000,1730.991821,50.000000,-2.000000,0.000000,-0.000000,0.000000,-173099.187500,1795.714355,50.000000,0.000000,0.000000,-0.000000,0.000000,0.000000,-173099.187500,314744.562500,18537.044922,123108.328125,-851703.812500,-728595.500000
ml,p5,38,2026-09-13,1767.500366,10.000000,1914.333374,50.000000,0.000000,0.000000,-0.000000,0.000000,0.000000,1730.991821,50.000000,-2.000000,0.000000,-0.000000,0.000000,-173099.187500,1783.287354,50.000000,0.000000,0.000000,-0.000000,0.000000,0.000000,-173099.187500,314744.562500,18537.044922,123108.328125,-851703.812500,-728595.500000
ml,p5,38,2026-09-14,1761.445068,10.000000,1914.333374,50.000000,-2.000000,-2.000000,191433.343750,95.716675,-191433.343750,1730.991821,50.000000,0.000000,2.000000,-173099.187500,86.549591,0.000000,1777.082642,50.000000,-2.000000,-2.000000,177708.265625,88.854126,-177708.265625,-369141.625000,510786.968750,18808.164062,122837.179688,-851703.812500,-728866.625000
ml,p5,38,2026-09-15,1728.149170,10.000000,1914.333374,50.000000,0.000000,2.000000,-191433.343750,95.716675,0.000000,1730.991821,50.000000,-2.000000,-2.000000,173099.187500,86.549591,-173099.187500,1720.593018,50.000000,-1.000000,1.000000,-86029.648438,43.014824,-86029.648438,-259128.843750,406423.156250,19033.447266,128260.867188,-851703.812500,-723442.937500
ml,p5,38,2026-09-16,1716.497925,10.000000,1914.333374,50.000000,-2.000000,-2.000000,191433.343750,95.716675,-191433.343750,1730.991821,50.000000,0.000000,2.000000,-173099.187500,86.549591,0.000000,1718.500732,50.000000,0.000000,1.000000,-85925.039062,42.962517,0.000000,-191433.343750,338832.281250,19258.675781,128140.265625,-851703.812500,-723563.562500
ml,p5,38,2026-09-17,1706.677246,10.000000,1914.333374,50.000000,0.000000,2.000000,-191433.343750,95.716675,0.000000,1730.991821,50.000000,-2.000000,-2.000000,173099.187500,86.549591,-173099.187500,1709.744873,50.000000,-2.000000,-2.000000,170974.484375,85.487244,-170974.484375,-344073.687500,491472.625000,19526.429688,127872.507812,-851703.812500,-723831.312500
ml,p5,38,2026-09-18,1710.371948,10.000000,1914.333374,50.000000,-2.000000,-2.000000,191433.343750,95.716675,-191433.343750,1730.991821,50.000000,0.000000,2.000000,-173099.187500,86.549591,0.000000,1719.289917,50.000000,-1.000000,1.000000,-85964.492188,42.982246,-85964.492188,-277397.843750,423842.281250,19751.675781,126692.765625,-851703.812500,-725011.062500
ml,p5,38,2026-09-19,1695.056030,10.000000,1914.333374,50.000000,-2.000000,0.000000,-0.000000,0.000000,-191433.343750,1730.991821,50.000000,0.000000,0.000000,-0.000000,0.000000,0.000000,1691.438477,50.000000,-1.000000,0.000000,-0.000000,0.000000,-84571.921875,-276005.250000,423842.281250,19751.675781,128085.359375,-851703.812500,-723618.437500
ml,p5,38,2026-09-20,1726.562866,10.000000,1914.333374,50.000000,-2.000000,0.000000,-0.000000,0.000000,-191433.343750,1730.991821,50.000000,0.000000,0.000000,-0.000000,0.000000,0.000000,1737.555908,50.000000,-1.000000,0.000000,-0.000000,0.000000,-86877.796875,-278311.125000,423842.281250,19751.675781,125779.484375,-851703.812500,-725924.312500
ml,p5,38,2026-09-21,1732.604736,10.000000,1914.333374,50.000000,0.000000,2.000000,-191433.343750,95.716675,0.000000,1730.991821,50.000000,-2.000000,-2.000000,173099.187500,86.549591,-173099.187500,1739.836670,50.000000,0.000000,1.000000,-86991.835938,43.495918,0.000000,-173099.187500,318516.281250,19977.439453,125439.656250,-851703.812500,-726264.125000
ml,p5,38,2026-09-22,1722.161499,10.000000,1914.333374,50.000000,-2.000000,-2.000000,191433.343750,95.716675,-191433.343750,1730.991821,50.000000,0.000000,2.000000,-173099.187500,86.549591,0.000000,1729.589600,50.000000,-2.000000,-2.000000,172958.953125,86.479469,-172958.953125,-364392.312500,509809.375000,20246.185547,125170.875000,-851703.812500,-726532.937500
ml,p5,38,2026-09-23,1722.361816,10.000000,1914.333374,50.000000,0.000000,2.000000,-191433.343750,95.716675,0.000000,1730.991821,50.000000,-2.000000,-2.000000,173099.187500,86.549591,-173099.187500,1723.152832,50.000000,-1.000000,1.000000,-86157.640625,43.078819,-86157.640625,-259256.828125,405317.593750,20471.531250,125589.234375,-851703.812500,-726114.562500
ml,p5,38,2026-09-24,1738.488892,10.000000,1914.333374,50.000000,-2.000000,-2.000000,191433.343750,95.716675,-191433.343750,1730.991821,50.000000,0.000000,2.000000,-173099.187500,86.549591,0.000000,1725.291748,50.000000,0.000000,1.000000,-86264.585938,43.132294,0.000000,-191433.343750,337387.156250,20696.929688,125256.882812,-851703.812500,-726446.937500
ml,p5,38,2026-09-25,1738.261841,10.000000,1914.333374,50.000000,0.000000,2.000000,-191433.343750,95.716675,0.000000,1730.991821,50.000000,-2.000000,-2.000000,173099.187500,86.549591,-173099.187500,1739.960571,50.000000,-2.000000,-2.000000,173996.062500,86.998032,-173996.062500,-347095.250000,493049.062500,20966.191406,124987.625000,-851703.812500,-726716.187500
ml,p5,38,2026-09-26,1737.250854,10.000000,1914.333374,50.000000,0.000000,0.000000,-0.000000,0.000000,0.000000,1730.991821,50.000000,-2.000000,0.000000,-0.000000,0.000000,-173099.187500,1719.262939,50.000000,-2.000000,0.000000,-0.000000,0.000000,-171926.296875,-345025.500000,493049.062500,20966.191406,127057.375000,-851703.812500,-724646.437500
ml,p5,38,2026-09-27,1723.076416,10.000000,1914.333374,50.000000,0.000000,0.000000,-0.000000,0.000000,0.000000,1730.991821,50.000000,-2.000000,0.000000,-0.000000,0.000000,-173099.187500,1721.783569,50.000000,-2.000000,0.000000,-0.000000,0.000000,-172178.359375,-345277.562500,493049.062500,20966.191406,126805.312500,-851703.812500,-724898.500000
ml,p5,38,2026-09-28,1725.115356,10.000000,1914.333374,50.000000,-2.000000,-2.000000,191433.343750,95.716675,-191433.343750,1730.991821,50.000000,0.000000,2.000000,-173099.187500,86.549591,0.000000,1728.360718,50.000000,-1.000000,1.000000,-86418.039062,43.209019,-86418.039062,-277851.375000,424965.187500,21191.667969,125922.140625,-851703.812500,-725781.687500
ml,p5,38,2026-09-29,1714.667114,10.000000,1914.333374,50.000000,0.000000,2.000000,-191433.343750,95.716675,0.000000,1730.991821,50.000000,-2.000000,-2.000000,173099.187500,86.549591,-173099.187500,1706.699585,50.000000,0.000000,1.000000,-85334.976562,42.667488,0.000000,-173099.187500,321296.062500,21416.601562,126780.273438,-851703.812500,-724923.562500
ml,p5,38,2026-09-30,1708.577637,10.000000,1914.333374,50.000000,-2.000000,-2.000000,191433.343750,95.716675,-191433.343750,1730.991821,50.000000,0.000000,2.000000,-173099.187500,86.549591,0.000000,1724.978638,50.000000,-2.000000,-2.000000,172497.859375,86.248932,-172497.859375,-363931.187500,512128.062500,21685.117188,126511.757812,-851703.812500,-725192.062500
ml,p5,38,2026-10-01,1691.769531,10.000000,1914.333374,50.000000,0.000000,2.000000,-191433.343750,95.716675,0.000000,1730.991821,50.000000,-2.000000,-2.000000,173099.187500,86.549591,-173099.187500,1686.735229,50.000000,-1.000000,1.000000,-84336.757812,42.168377,-84336.757812,-257435.937500,409457.156250,21909.552734,130111.664062,-851703.812500,-721592.125000
ml,p5,38,2026-10-02,1693.397339,10.000000,1914.333374,50.000000,-2.000000,-2.000000,191433.343750,95.716675,-191433.343750,1730.991821,50.000000,0.000000,2.000000,-173099.187500,86.549591,0.000000,1689.267212,50.000000,0.000000,1.000000,-84463.359375,42.231682,0.000000,-191433.343750,343327.937500,22134.050781,129760.546875,-851703.812500,-721943.250000
ml,p5,38,2026-10-03,1680.732910,10.000000,1914.333374,50.000000,-2.000000,0.000000,-0.000000,0.000000,-191433.343750,1730.991821,50.000000,0.000000,0.000000,-0.000000,0.000000,0.000000,1680.040771,50.000000,0.000000,0.000000,-0.000000,0.000000,0.000000,-191433.343750,343327.937500,22134.050781,129760.546875,-851703.812500,-721943.250000
ml,p5,38,2026-10-04,1679.805176,10.000000,1914.333374,50.000000,-2.000000,0.000000,-0.000000,0.000000,-191433.343750,1730.991821,50.000000,0.000000,0.000000,-0.000000,0.000000,0.000000,1678.097412,50.000000,0.000000,0.000000,-0.000000,0.000000,0.000000,-191433.343750,343327.937500,22134.050781,129760.546875,-851703.812500,-721943.250000
ml,p5,38,2026-10-05,1684.491089,10.000000,1914.333374,50.000000,0.000000,2.000000,-191433.343750,95.716675,0.000000,1730.991821,50.000000,-2.000000,-2.000000,173099.187500,86.549591,-173099.187500,1685.886963,50.000000,-2.000000,-2.000000,168588.703125,84.294350,-168588.703125,-341687.875000,493582.500000,22400.611328,129494.015625,-851703.812500,-722209.812500
ml,p5,38,2026-10-06,1688.764038,10.000000,1914.333374,50.000000,-2.000000,-2.000000,191433.343750,95.716675,-191433.343750,1730.991821,50.000000,0.000000,2.000000,-173099.187500,86.549591,0.000000,1679.599609,50.000000,-1.000000,1.000000,-83979.984375,41.989994,-83979.984375,-275413.312500,427936.687500,22624.867188,129898.507812,-851703.812500,-721805.312500
ml,p5,38,2026-10-07,1683.518677,10.000000,1914.333374,50.000000,0.000000,2.000000,-191433.343750,95.716675,0.000000,1730.991821,50.000000,-2.000000,-2.000000,173099.187500,86.549591,-173099.187500,1683.342773,50.000000,0.000000,1.000000,-84167.140625,42.083569,0.000000,-173099.187500,325435.375000,22849.216797,129486.968750,-851703.812500,-722216.875000
ml,p5,38,2026-10-08,1698.731201,10.000000,1914.333374,50.000000,-2.000000,-2.000000,191433.343750,95.716675,-191433.343750,1730.991821,50.000000,0.000000,2.000000,-173099.187500,86.549591,0.000000,1689.690552,50.000000,-2.000000,-2.000000,168969.062500,84.484528,-168969.062500,-360402.406250,512738.593750,23115.966797,129220.218750,-851703.812500,-722483.625000
ml,p5,38,2026-10-09,1689.085327,10.000000,1914.333374,50.000000,0.000000,2.000000,-191433.343750,95.716675,0.000000,1730.991821,50.000000,-2.000000,-2.000000,173099.187500,86.549591,-173099.187500,1675.554810,50.000000,-1.000000,1.000000,-83777.742188,41.888870,-83777.742188,-256876.937500,410626.687500,23340.123047,130409.625000,-851703.812500,-721294.187500
ml,p5,38,2026-10-10,1676.844116,10.000000,1914.333374,50.000000,0.000000,0.000000,-0.000000,0.000000,0.000000,1730.991821,50.000000,-2.000000,0.000000,-0.000000,0.000000,-173099.187500,1674.281128,50.000000,-1.000000,0.000000,-0.000000,0.000000,-83714.054688,-256813.250000,410626.687500,23340.123047,130473.312500,-851703.812500,-721230.500000
ml,p5,38,2026-10-11,1681.921875,10.000000,1914.333374,50.000000,0.000000,0.000000,-0.000000,0.000000,0.000000,1730.991821,50.000000,-2.000000,0.000000,-0.000000,0.000000,-173099.187500,1683.455444,50.000000,-1.000000,0.000000,-0.000000,0.000000,-84172.773438,-257271.968750,410626.687500,23340.123047,130014.593750,-851703.812500,-721689.250000
ml,p5,38,2026-10-12,1650.284302,10.000000,1914.333374,50.000000,0.000000,0.000000,-0.000000,0.000000,0.000000,1730.991821,50.000000,-2.000000,0.000000,-0.000000,0.000000,-173099.187500,1644.511353,50.000000,-1.000000,0.000000,-0.000000,0.000000,-82225.570312,-255324.750000,410626.687500,23340.123047,131961.812500,-851703.812500,-719742.000000
ml,p5,38,2026-10-13,1649.061035,10.000000,1914.333374,50.000000,-2.000000,-2.000000,191433.343750,95.716675,-191433.343750,1730.991821,50.000000,0.000000,2.000000,-173099.187500,86.549591,0.000000,1658.754028,50.000000,0.000000,1.000000,-82937.703125,41.468849,0.000000,-191433.343750,346023.156250,23563.857422,131025.953125,-851703.812500,-720677.875000
ml,p5,38,2026-10-14,1654.523315,10.000000,1914.333374,50.000000,0.000000,2.000000,-191433.343750,95.716675,0.000000,1730.991821,50.000000,-2.000000,-2.000000,173099.187500,86.549591,-173099.187500,1665.220459,50.000000,-2.000000,-2.000000,166522.046875,83.261024,-166522.046875,-339621.250000,494211.031250,23829.384766,130760.398438,-851703.812500,-720943.437500
ml,p5,38,2026-10-15,1657.652832,10.000000,1914.333374,50.000000,-2.000000,-2.000000,191433.343750,95.716675,-191433.343750,1730.991821,50.000000,0.000000,2.000000,-173099.187500,86.549591,0.000000,1657.513062,50.000000,-1.000000,1.000000,-82875.656250,41.437828,-82875.656250,-274309.000000,429669.531250,24053.089844,131307.437500,-851703.812500,-720396.375000
ml,p5,38,2026-10-16,1658.849243,10.000000,1914.333374,50.000000,0.000000,2.000000,-191433.343750,95.716675,0.000000,1730.991821,50.000000,-2.000000,-2.000000,173099.187500,86.549591,-173099.187500,1646.870728,50.000000,0.000000,1.000000,-82343.539062,41.171768,0.000000,-173099.187500,328991.843750,24276.527344,131616.125000,-851703.812500,-720087.687500
ml,p5,38,2026-10-17,1667.653442,10.000000,1914.333374,50.000000,0.000000,0.000000,-0.000000,0.000000,0.000000,1730.991821,50.000000,-2.000000,0.000000,-0.000000,0.000000,-173099.187500,1660.328125,50.000000,0.000000,0.000000,-0.000000,0.000000,0.000000,-173099.187500,328991.843750,24276.527344,131616.125000,-851703.812500,-720087.687500
ml,p5,38,2026-10-18,1664.416870,10.000000,1914.333374,50.000000,0.000000,0.000000,-0.000000,0.000000,0.000000,1730.991821,50.000000,-2.000000,0.000000,-0.000000,0.000000,-173099.187500,1667.142456,50.000000,0.000000,0.000000,-0.000000,0.000000,0.000000,-173099.187500,328991.843750,24276.527344,131616.125000,-851703.812500,-720087.687500
ml,p5,38,2026-10-19,1652.384277,10.000000,1914.333374,50.000000,-2.000000,-2.000000,191433.343750,95.716675,-191433.343750,1730.991821,50.000000,0.000000,2.000000,-173099.187500,86.549591,0.000000,1646.904541,50.000000,-2.000000,-2.000000,164690.453125,82.345222,-164690.453125,-356123.812500,512016.437500,24541.140625,131351.484375,-851703.812500,-720352.312500
ml,p5,38,2026-10-20,1644.623413,10.000000,1914.333374,50.000000,0.000000,2.000000,-191433.343750,95.716675,0.000000,1730.991821,50.000000,-2.000000,-2.000000,173099.187500,86.549591,-173099.187500,1636.150513,50.000000,-1.000000,1.000000,-81807.523438,40.903763,-81807.523438,-254906.718750,411874.781250,24764.308594,132203.750000,-851703.812500,-719500.062500
ml,p5,38,2026-10-21,1650.113403,10.000000,1914.333374,50.000000,-2.000000,-2.000000,191433.343750,95.716675,-191433.343750,1730.991821,50.000000,0.000000,2.000000,-173099.187500,86.549591,0.000000,1650.209839,50.000000,0.000000,1.000000,-82510.492188,41.255245,0.000000,-191433.343750,347698.437500,24987.830078,131277.265625,-851703.812500,-720426.562500
ml,p5,38,2026-10-22,1659.329468,10.000000,1914.333374,50.000000,0.000000,2.000000,-191433.343750,95.716675,0.000000,1730.991821,50.000000,-2.000000,-2.000000,173099.187500,86.549591,-173099.187500,1661.958008,50.000000,-2.000000,-2.000000,166195.796875,83.097900,-166195.796875,-339295.000000,495560.062500,25253.193359,131011.867188,-851703.812500,-720691.937500
ml,p5,38,2026-10-23,1663.706787,10.000000,1914.333374,50.000000,-2.000000,-2.000000,191433.343750,95.716675,-191433.343750,1730.991821,50.000000,0.000000,2.000000,-173099.187500,86.549591,0.000000,1662.672607,50.000000,-1.000000,1.000000,-83133.632812,41.566814,-83133.632812,-274566.968750,430760.593750,25477.025391,130716.601562,-851703.812500,-720987.187500
ml,p5,38,2026-10-24,1664.795532,10.000000,1914.333374,50.000000,-2.000000,0.000000,-0.000000,0.000000,-191433.343750,1730.991821,50.000000,0.000000,0.000000,-0.000000,0.000000,0.000000,1661.177490,50.000000,-1.000000,0.000000,-0.000000,0.000000,-83058.875000,-274492.218750,430760.593750,25477.025391,130791.351562,-851703.812500,-720912.437500
ml,p5,38,2026-10-25,1656.704590,10.000000,1914.333374,50.000000,-2.000000,0.000000,-0.000000,0.000000,-191433.343750,1730.991821,50.000000,0.000000,0.000000,-0.000000,0.000000,0.000000,1658.878906,50.000000,-1.000000,0.000000,-0.000000,0.000000,-82943.945312,-274377.281250,430760.593750,25477.025391,130906.289062,-851703.812500,-720797.500000
ml,p5,38,2026-10-26,1659.645264,10.000000,1914.333374,50.000000,0.000000,2.000000,-191433.343750,95.716675,0.000000,1730.991821,50.000000,-2.000000,-2.000000,173099.187500,86.549591,-173099.187500,1667.003784,50.000000,0.000000,1.000000,-83350.187500,41.675095,0.000000,-173099.187500,329076.250000,25700.968750,130276.093750,-851703.812500,-721427.750000
ml,p5,38,2026-10-27,1677.818970,10.000000,1914.333374,50.000000,-2.000000,-2.000000,191433.343750,95.716675,-191433.343750,1730.991821,50.000000,0.000000,2.000000,-173099.187500,86.549591,0.000000,1686.178955,50.000000,-2.000000,-2.000000,168617.890625,84.308945,-168617.890625,-360051.250000,516028.312500,25967.544922,130009.515625,-851703.812500,-721694.312500
ml,p5,38,2026-10-28,1664.023315,10.000000,1914.333374,50.000000,0.000000,2.000000,-191433.343750,95.716675,0.000000,1730.991821,50.000000,-2.000000,-2.000000,173099.187500,86.549591,-173099.187500,1648.443726,50.000000,-1.000000,1.000000,-82422.187500,41.211094,-82422.187500,-255521.375000,415271.968750,26191.021484,133559.578125,-851703.812500,-718144.250000
ml,p5,38,2026-10-29,1628.273560,10.000000,1914.333374,50.000000,0.000000,0.000000,-0.000000,0.000000,0.000000,1730.991821,50.000000,0.000000,2.000000,-173099.187500,86.549591,0.000000,1618.328369,50.000000,0.000000,1.000000,-80916.421875,40.458210,0.000000,0.000000,161256.359375,26318.029297,134938.328125,-851703.812500,-716765.500000
ml,p5,38,2026-10-30,1634.139160,10.000000,1914.333374,50.000000,0.000000,0.000000,-0.000000,0.000000,0.000000,1730.991821,50.000000,0.000000,0.000000,-0.000000,0.000000,0.000000,1618.328369,50.000000,0.000000,0.000000,-0.000000,0.000000,0.000000,0.000000,161256.359375,26318.029297,134938.328125,-851703.812500,-716765.500000
ml,p95,422,2026-04-10,2055.000244,10.000000,2026.171509,50.000000,-2.000000,-2.000000,202617.156250,101.308571,-202617.156250,2047.068848,50.000000,-2.000000,-2.000000,204706.890625,102.353439,-204706.890625,2070.749756,50.000000,-2.000000,-2.000000,207074.968750,103.537483,-207074.968750,-614399.000000,614399.000000,307.199493,-307.199493,4854.181641,4546.981934
ml,p95,422,2026-04-11,2064.902588,10.000000,2051.204834,50.000000,-2.000000,0.000000,-0.000000,0.000000,-205120.484375,2071.544922,50.000000,-2.000000,0.000000,-0.000000,0.000000,-207154.500000,2094.423828,50.000000,-2.000000,0.000000,-0.000000,0.000000,-209442.375000,-621717.375000,614399.000000,307.199493,-7625.574707,27884.351562,20258.777344
ml,p95,422,2026-04-12,2040.478638,10.000000,2042.457153,50.000000,-2.000000,0.000000,-0.000000,0.000000,-204245.718750,2061.789795,50.000000,-2.000000,0.000000,-0.000000,0.000000,-206178.984375,2084.070801,50.000000,-2.000000,0.000000,-0.000000,0.000000,-208407.078125,-618831.750000,614399.000000,307.199493,-4739.949707,-30526.658203,-35266.609375
ml,p95,422,2026-04-13,2076.468506,10.000000,2084.719727,50.000000,-1.000000,1.000000,-104235.984375,52.117992,-104235.984375,2104.913086,50.000000,-1.000000,1.000000,-105245.656250,52.622822,-105245.656250,2128.135986,50.000000,-1.000000,1.000000,-106406.796875,53.203400,-106406.796875,-315888.437500,298510.562500,465.143707,-17843.019531,55306.941406,37463.921875
ml,p95,422,2026-04-14,2092.710693,10.000000,2096.619141,50.000000,0.000000,1.000000,-104830.953125,52.415474,0.000000,2115.937988,50.000000,0.000000,1.000000,-105796.898438,52.898449,0.000000,2138.469238,50.000000,0.000000,1.000000,-106923.460938,53.461731,0.000000,0.000000,-19040.734375,623.919312,-19664.654297,96459.992188,76795.335938
ml,p95,422,2026-04-15,2071.466309,10.000000,2066.118652,50.000000,-2.000000,-2.000000,206611.859375,103.305931,-206611.859375,2085.968262,50.000000,-2.000000,-2.000000,208596.828125,104.298409,-208596.828125,2109.231689,50.000000,-2.000000,-2.000000,210923.171875,105.461586,-210923.171875,-626131.875000,607091.125000,936.985291,-19977.734375,48346.148438,28368.414062
ml,p95,422,2026-04-16,2101.991455,10.000000,2112.629639,50.000000,-1.000000,1.000000,-105631.484375,52.815742,-105631.484375,2132.941162,50.000000,-1.000000,1.000000,-106647.054688,53.323524,-106647.054688,2157.369385,50.000000,-1.000000,1.000000,-107868.468750,53.934235,-107868.468750,-320147.000000,286944.125000,1097.058838,-34299.933594,131996.250000,97696.312500
ml,p95,422,2026-04-17,2088.416260,10.000000,2113.733398,50.000000,0.000000,1.000000,-105686.671875,52.843338,0.000000,2135.548828,50.000000,0.000000,1.000000,-106777.437500,53.388718,0.000000,2159.872070,50.000000,0.000000,1.000000,-107993.601562,53.996799,0.000000,0.000000,-33513.593750,1257.287598,-34770.882812,92299.750000,57528.867188
ml,p95,422,2026-04-18,2118.664307,10.000000,2124.024658,50.000000,0.000000,0.000000,-0.000000,0.000000,0.000000,2145.576172,50.000000,0.000000,0.000000,-0.000000,0.000000,0.000000,2170.007324,50.000000,0.000000,0.000000,-0.000000,0.000000,0.000000,0.000000,-33513.593750,1257.287598,-34770.882812,175630.359375,140859.468750
ml,p95,422,2026-04-19,2134.362305,10.000000,2139.038086,50.000000,0.000000,0.000000,-0.000000,0.000000,0.000000,2159.880371,50.000000,0.000000,0.000000,-0.000000,0.000000,0.000000,2182.450439,50.000000,0.000000,0.000000,-0.000000,0.000000,0.000000,0.000000,-33513.593750,1257.287598,-34770.882812,211494.750000,176723.875000
ml,p95,422,2026-04-20,2145.847656,10.000000,2142.344727,50.000000,-2.000000,-2.000000,214234.468750,107.117233,-214234.468750,2162.750244,50.000000,-2.000000,-2.000000,216275.031250,108.137512,-216275.031250,2184.119629,50.000000,-2.000000,-2.000000,218411.968750,109.205986,-218411.968750,-648921.500000,615407.875000,1581.748291,-35095.375000,248797.796875,213702.421875
ml,p95,422,2026-04-21,2169.930420,10.000000,2165.413086,50.000000,-1.000000,1.000000,-108270.656250,54.135323,-108270.656250,2183.913086,50.000000,-1.000000,1.000000,-109195.656250,54.597824,-109195.656250,2203.907227,50.000000,-1.000000,1.000000,-110195.359375,55.097679,-110195.359375,-327661.687500,287746.187500,1745.579346,-41661.078125,309433.843750,267772.750000
ml,p95,422,2026-04-22,2150.265381,10.000000,2140.532959,50.000000,0.000000,1.000000,-107026.648438,53.513325,0.000000,2156.974121,50.000000,0.000000,1.000000,-107848.703125,53.924347,0.000000,2175.163330,50.000000,0.000000,1.000000,-108758.164062,54.379082,0.000000,0.000000,-35887.312500,1907.395874,-37794.707031,264569.093750,226774.390625
ml,p95,422,2026-04-23,2163.653564,10.000000,2108.522705,50.000000,-2.000000,-2.000000,210852.265625,105.426132,-210852.265625,2122.975830,50.000000,-2.000000,-2.000000,212297.578125,106.148788,-212297.578125,2139.470215,50.000000,-2.000000,-2.000000,213947.015625,106.973511,-213947.015625,-637096.875000,601209.500000,2225.944336,-38113.320312,297257.437500,259144.125000
ml,p95,422,2026-04-24,2176.236816,10.000000,2151.138672,50.000000,-1.000000,1.000000,-107556.937500,53.778469,-107556.937500,2167.492920,50.000000,-1.000000,1.000000,-108374.648438,54.187325,-108374.648438,2185.500732,50.000000,-1.000000,1.000000,-109275.039062,54.637516,-109275.039062,-325206.625000,276002.937500,2388.547852,-51592.234375,333728.656250,282136.437500
ml,p95,422,2026-04-25,2187.974609,10.000000,2170.915283,50.000000,-1.000000,0.000000,-0.000000,0.000000,-108545.765625,2188.533936,50.000000,-1.000000,0.000000,-0.000000,0.000000,-109426.695312,2206.982910,50.000000,-1.000000,0.000000,-0.000000,0.000000,-110349.148438,-328321.625000,276002.937500,2388.547852,-54707.234375,363443.031250,308735.812500
ml,p95,422,2026-04-26,2210.458740,10.000000,2203.589111,50.000000,-1.000000,0.000000,-0.000000,0.000000,-110179.453125,2221.333252,50.000000,-1.000000,0.000000,-0.000000,0.000000,-111066.664062,2239.801758,50.000000,-1.000000,0.000000,-0.000000,0.000000,-111990.085938,-333236.218750,276002.937500,2388.547852,-59621.828125,424224.906250,364603.062500
ml,p95,422,2026-04-27,2247.291748,10.000000,2262.746826,50.000000,0.000000,1.000000,-113137.343750,56.568672,0.000000,2280.751953,50.000000,0.000000,1.000000,-114037.593750,57.018799,0.000000,2300.292969,50.000000,0.000000,1.000000,-115014.648438,57.507324,0.000000,0.000000,-66186.664062,2559.642578,-68746.304688,521086.343750,452340.031250
ml,p95,422,2026-04-28,2292.119629,10.000000,2305.653809,50.000000,-2.000000,-2.000000,230565.375000,115.282684,-230565.375000,2323.966797,50.000000,-2.000000,-2.000000,232396.687500,116.198349,-232396.687500,2343.418701,50.000000,-2.000000,-2.000000,234341.875000,117.170937,-234341.875000,-697303.937500,631117.250000,2908.294434,-69094.984375,640295.937500,571200.937500
ml,p95,422,2026-04-29,2281.615234,10.000000,2270.182617,50.000000,-1.000000,1.000000,-113509.132812,56.754566,-113509.132812,2285.170654,50.000000,-1.000000,1.000000,-114258.531250,57.129261,-114258.531250,2302.308838,50.000000,-1.000000,1.000000,-115115.445312,57.557724,-115115.445312,-342883.093750,288234.187500,3079.735840,-57728.640625,620228.125000,562499.500000
ml,p95,422,2026-04-30,2293.765137,10.000000,2270.182617,50.000000,0.000000,1.000000,-113509.132812,56.754566,0.000000,2292.293457,50.000000,-3.000000,-2.000000,229229.343750,114.614670,-343844.031250,2308.721680,50.000000,-3.000000,-2.000000,230872.171875,115.436081,-346308.250000,-690152.250000,634826.562500,3366.541504,-58692.230469,642256.750000,583564.500000
ml,p95,422,2026-05-01,2311.158936,10.000000,2270.182617,50.000000,-2.000000,-2.000000,227018.265625,113.509132,-227018.265625,2309.797363,50.000000,-2.000000,1.000000,-115489.867188,57.744930,-230979.734375,2325.178223,50.000000,-2.000000,1.000000,-116258.914062,58.129456,-232517.828125,-690515.812500,630096.000000,3595.924805,-64015.738281,683696.375000,619680.625000
ml,p95,422,2026-05-02,2283.331299,10.000000,2270.182617,50.000000,-2.000000,0.000000,-0.000000,0.000000,-227018.265625,2300.412354,50.000000,-2.000000,0.000000,-0.000000,0.000000,-230041.234375,2316.410400,50.000000,-2.000000,0.000000,-0.000000,0.000000,-231641.046875,-688700.562500,630096.000000,3595.924805,-62200.488281,618239.937500,556039.437500
ml,p95,422,2026-05-03,2246.007324,10.000000,2270.182617,50.000000,-2.000000,0.000000,-0.000000,0.000000,-227018.265625,2253.630371,50.000000,-2.000000,0.000000,-0.000000,0.000000,-225363.031250,2269.782227,50.000000,-2.000000,0.000000,-0.000000,0.000000,-226978.218750,-679359.500000,630096.000000,3595.924805,-52859.425781,516153.500000,463294.062500
ml,p95,422,2026-05-04,2244.672119,10.000000,2270.182617,50.000000,-1.000000,1.000000,-113509.132812,56.754566,-113509.132812,2256.867920,50.000000,-3.000000,-1.000000,112843.398438,56.421700,-338530.187500,2272.707275,50.000000,-3.000000,-1.000000,113635.367188,56.817680,-340906.093750,-792945.375000,743065.625000,3765.918945,-53645.667969,509615.250000,455969.593750
ml,p95,422,2026-05-05,2245.177490,10.000000,2270.182617,50.000000,0.000000,1.000000,-113509.132812,56.754566,0.000000,2290.281494,50.000000,-2.000000,1.000000,-114514.078125,57.257034,-229028.156250,2307.203613,50.000000,-4.000000,-1.000000,115360.179688,57.680084,-461440.718750,-690468.875000,630402.625000,3937.610352,-64003.859375,514631.625000,450627.750000
ml,p95,422,2026-05-06,2158.226318,10.000000,2270.182617,50.000000,-2.000000,-2.000000,227018.265625,113.509132,-227018.265625,2183.488770,50.000000,-1.000000,1.000000,-109174.437500,54.587219,-109174.437500,2199.421143,50.000000,-3.000000,1.000000,-109971.054688,54.985523,-329913.187500,-666105.875000,638275.375000,4160.692383,-31991.191406,294878.312500,262887.125000
ml,p95,422,2026-05-07,2124.430908,10.000000,2270.182617,50.000000,-1.000000,1.000000,-113509.132812,56.754566,-113509.132812,2135.335693,50.000000,-2.000000,-1.000000,106766.781250,53.383385,-213533.562500,2152.314453,50.000000,-2.000000,1.000000,-107615.718750,53.807861,-215231.437500,-542274.125000,523917.312500,4324.637695,-22681.449219,209041.718750,186360.265625
ml,p95,422,2026-05-08,2123.268066,10.000000,2270.182617,50.000000,0.000000,1.000000,-113509.132812,56.754566,0.000000,2134.203857,50.000000,-3.000000,-1.000000,106710.195312,53.355099,-320130.562500,2150.947754,50.000000,-3.000000,-1.000000,107547.390625,53.773693,-322642.156250,-642772.750000,624665.812500,4488.521484,-22595.458984,202662.515625,180067.062500
ml,p95,422,2026-05-09,2144.442139,10.000000,2270.182617,50.000000,0.000000,0.000000,-0.000000,0.000000,0.000000,2185.882568,50.000000,-3.000000,0.000000,-0.000000,0.000000,-327882.375000,2202.917969,50.000000,-3.000000,0.000000,-0.000000,0.000000,-330437.687500,-658320.062500,624665.812500,4488.521484,-38142.773438,257309.906250,219167.125000
ml,p95,422,2026-05-10,2179.105713,10.000000,2270.182617,50.000000,0.000000,0.000000,-0.000000,0.000000,0.000000,2213.909424,50.000000,-3.000000,0.000000,-0.000000,0.000000,-332086.437500,2232.578369,50.000000,-3.000000,0.000000,-0.000000,0.000000,-334886.781250,-666973.250000,624665.812500,4488.521484,-46795.960938,343180.531250,296384.562500
ml,p95,422,2026-05-11,2210.311279,10.000000,2270.182617,50.000000,-2.000000,-2.000000,227018.265625,113.509132,-227018.265625,2267.541504,50.000000,-2.000000,1.000000,-113377.078125,56.688538,-226754.156250,2286.492432,50.000000,-4.000000,-1.000000,114324.625000,57.162312,-457298.500000,-911070.937500,852631.625000,4715.881836,-63155.195312,425186.500000,362031.312500
ml,p95,422,2026-05-12,2209.431396,10.000000,2270.182617,50.000000,-1.000000,1.000000,-113509.132812,56.754566,-113509.132812,2258.290771,50.000000,-1.000000,1.000000,-112914.539062,56.457268,-112914.539062,2270.493652,50.000000,-3.000000,1.000000,-113524.679688,56.762337,-340574.062500,-566997.750000,512683.250000,4885.855957,-59200.355469,416453.781250,357253.437500
ml,p95,422,2026-05-13,2249.373779,10.000000,2270.182617,50.000000,0.000000,1.000000,-113509.132812,56.754566,0.000000,2247.617188,50.000000,0.000000,1.000000,-112380.859375,56.190430,0.000000,2261.033203,50.000000,-2.000000,1.000000,-113051.656250,56.525822,-226103.312500,-226103.312500,173741.593750,5055.326172,-57417.046875,512511.812500,455094.750000
ml,p95,422,2026-05-14,2269.389893,10.000000,2270.182617,50.000000,-2.000000,-2.000000,227018.265625,113.509132,-227018.265625,2272.785889,50.000000,-2.000000,-2.000000,227278.593750,113.639297,-227278.593750,2285.936523,50.000000,-3.000000,-1.000000,114296.828125,57.148411,-342890.468750,-797187.375000,742335.250000,5339.623047,-60191.750000,561000.562500,500808.812500
ml,p95,422,2026-05-15,2267.204102,10.000000,2270.182617,50.000000,-1.000000,1.000000,-113509.132812,56.754566,-113509.132812,2283.434082,50.000000,-1.000000,1.000000,-114171.703125,57.085850,-114171.703125,2298.226562,50.000000,-4.000000,-1.000000,114911.328125,57.455662,-459645.312500,-687326.125000,629565.750000,5510.919434,-63271.292969,552982.000000,489710.718750
ml,p95,422,2026-05-16,2258.999268,10.000000,2270.182617,50.000000,-1.000000,0.000000,-0.000000,0.000000,-113509.132812,2268.565674,50.000000,-1.000000,0.000000,-0.000000,0.000000,-113428.281250,2285.365723,50.000000,-4.000000,0.000000,-0.000000,0.000000,-457073.156250,-684010.562500,629565.750000,5510.919434,-59955.730469,535662.312500,475706.593750
ml,p95,422,2026-05-17,2286.796143,10.000000,2270.182617,50.000000,-1.000000,0.000000,-0.000000,0.000000,-113509.132812,2289.810791,50.000000,-1.000000,0.000000,-0.000000,0.000000,-114490.539062,2313.025146,50.000000,-4.000000,0.000000,-0.000000,0.000000,-462605.031250,-690604.687500,629565.750000,5510.919434,-66549.859375,604065.875000,537516.000000
ml,p95,422,2026-05-18,2287.126709,10.000000,2270.182617,50.000000,0.000000,1.000000,-113509.132812,56.754566,0.000000,2278.094238,50.000000,0.000000,1.000000,-113904.710938,56.952354,0.000000,2300.017822,50.000000,-3.000000,1.000000,-115000.890625,57.500443,-345002.687500,-345002.687500,287151.062500,5682.126953,-63533.750000,607455.000000,543921.250000
ml,p95,422,2026-05-19,2316.011963,10.000000,2270.182617,50.000000,-2.000000,-2.000000,227018.265625,113.509132,-227018.265625,2343.085449,50.000000,-2.000000,-2.000000,234308.546875,117.154274,-234308.546875,2366.752686,50.000000,-2.000000,1.000000,-118337.632812,59.168816,-236675.265625,-698002.062500,630140.250000,5971.958984,-73833.773438,677912.250000,604078.500000
ml,p95,422,2026-05-20,2348.917236,10.000000,2270.182617,50.000000,-1.000000,1.000000,-113509.132812,56.754566,-113509.132812,2367.498291,50.000000,-1.000000,1.000000,-118374.914062,59.187454,-118374.914062,2388.055908,50.000000,-1.000000,1.000000,-119402.796875,59.701397,-119402.796875,-351286.843750,278853.375000,6147.602539,-78581.070312,757567.187500,678986.125000
ml,p95,422,2026-05-21,2374.925537,10.000000,2270.182617,50.000000,0.000000,1.000000,-113509.132812,56.754566,0.000000,2414.211426,50.000000,0.000000,1.000000,-120710.570312,60.355286,0.000000,2437.278076,50.000000,0.000000,1.000000,-121863.906250,60.931950,0.000000,0.000000,-77230.226562,6325.643555,-83555.867188,824755.562500,741199.687500
ml,p95,422,2026-05-22,2367.932617,10.000000,2270.182617,50.000000,-2.000000,-2.000000,227018.265625,113.509132,-227018.265625,2402.091309,50.000000,-2.000000,-2.000000,240209.125000,120.104561,-240209.125000,2423.781738,50.000000,-2.000000,-2.000000,242378.171875,121.189087,-242378.171875,-709605.562500,632375.312500,6680.447266,-83910.695312,805715.437500,721804.750000
ml,p95,422,2026-05-23,2409.021240,10.000000,2270.182617,50.000000,-2.000000,0.000000,-0.000000,0.000000,-227018.265625,2438.932861,50.000000,-2.000000,0.000000,-0.000000,0.000000,-243893.281250,2460.593750,50.000000,-2.000000,0.000000,-0.000000,0.000000,-246059.375000,-716970.937500,632375.312500,6680.447266,-91276.070312,907711.375000,816435.312500
ml,p95,422,2026-05-24,2442.124023,10.000000,2270.182617,50.000000,-2.000000,0.000000,-0.000000,0.000000,-227018.265625,2462.154297,50.000000,-2.000000,0.000000,-0.000000,0.000000,-246215.437500,2485.843750,50.000000,-2.000000,0.000000,-0.000000,0.000000,-248584.375000,-721818.062500,632375.312500,6680.447266,-96123.195312,991386.000000,895262.812500
ml,p95,422,2026-05-25,2389.845703,10.000000,2270.182617,50.000000,-2.000000,0.000000,-0.000000,0.000000,-227018.265625,2390.505371,50.000000,-2.000000,0.000000,-0.000000,0.000000,-239050.531250,2406.978271,50.000000,-2.000000,0.000000,-0.000000,0.000000,-240697.828125,-706766.625000,632375.312500,6680.447266,-81071.757812,866088.375000,785016.625000
ml,p95,422,2026-05-26,2392.776123,10.000000,2270.182617,50.000000,-1.000000,1.000000,-113509.132812,56.754566,-113509.132812,2396.213135,50.000000,-1.000000,1.000000,-119810.656250,59.905323,-119810.656250,2411.499023,50.000000,-3.000000,-1.000000,120574.953125,60.287472,-361724.843750,-595044.625000,519630.500000,6857.394531,-82271.515625,871113.750000,788842.250000
ml,p95,422,2026-05-27,2428.366943,10.000000,2270.182617,50.000000,0.000000,1.000000,-113509.132812,56.754566,0.000000,2445.603027,50.000000,0.000000,1.000000,-122280.148438,61.140072,0.000000,2463.998291,50.000000,-2.000000,1.000000,-123199.914062,61.599957,-246399.828125,-246399.828125,160641.312500,7036.889160,-92795.406250,961137.875000,868342.500000
ml,p95,422,2026-05-28,2412.206543,10.000000,2270.182617,50.000000,-2.000000,-2.000000,227018.265625,113.509132,-227018.265625,2441.668945,50.000000,-2.000000,-2.000000,244166.890625,122.083450,-244166.890625,2462.273193,50.000000,-1.000000,1.000000,-123113.656250,61.556824,-123113.656250,-594298.812500,508712.812500,7334.038086,-92920.039062,914264.687500,821344.625000
ml,p95,422,2026-05-29,2420.920166,10.000000,2270.182617,50.000000,-1.000000,1.000000,-113509.132812,56.754566,-113509.132812,2415.917236,50.000000,-1.000000,1.000000,-120795.859375,60.397930,-120795.859375,2432.544434,50.000000,0.000000,1.000000,-121627.218750,60.813610,0.000000,-234305.000000,152780.593750,7512.004395,-89036.414062,939691.312500,850654.875000
ml,p95,422,2026-05-30,2380.245850,10.000000,2270.182617,50.000000,-1.000000,0.000000,-0.000000,0.000000,-113509.132812,2371.633301,50.000000,-1.000000,0.000000,-0.000000,0.000000,-118581.664062,2383.331543,50.000000,0.000000,0.000000,-0.000000,0.000000,0.000000,-232090.796875,152780.593750,7512.004395,-86822.210938,832710.562500,745888.375000
ml,p95,422,2026-05-31,2399.674072,10.000000,2270.182617,50.000000,-1.000000,0.000000,-0.000000,0.000000,-113509.132812,2400.410645,50.000000,-1.000000,0.000000,-0.000000,0.000000,-120020.531250,2412.576904,50.000000,0.000000,0.000000,-0.000000,0.000000,0.000000,-233529.656250,152780.593750,7512.004395,-88261.070312,877728.187500,789467.125000
ml,p95,422,2026-06-01,2409.627930,10.000000,2270.182617,50.000000,0.000000,1.000000,-113509.132812,56.754566,0.000000,2423.928467,50.000000,-3.000000,-2.000000,242392.843750,121.196419,-363589.250000,2436.754395,50.000000,-2.000000,-2.000000,243675.437500,121.837723,-243675.437500,-607264.687500,525339.750000,7811.792969,-89736.734375,902702.125000,812965.375000
ml,p95,422,2026-06-02,2384.429932,10.000000,2270.182617,50.000000,-2.000000,-2.000000,227018.265625,113.509132,-227018.265625,2392.424072,50.000000,-2.000000,1.000000,-119621.203125,59.810600,-239242.406250,2409.945801,50.000000,-1.000000,1.000000,-120497.289062,60.248642,-120497.289062,-586758.000000,512239.500000,8045.361328,-82563.859375,838536.500000,755972.625000
ml,p95,422,2026-06-03,2403.295898,10.000000,2270.182617,50.000000,-1.000000,1.000000,-113509.132812,56.754566,-113509.132812,2410.046631,50.000000,-3.000000,-1.000000,120502.328125,60.251160,-361506.968750,2426.387451,50.000000,-3.000000,-2.000000,242638.750000,121.319374,-363958.093750,-838974.187500,761871.437500,8283.686523,-85386.437500,882933.937500,797547.500000
ml,p95,422,2026-06-04,2418.596436,10.000000,2270.182617,50.000000,0.000000,1.000000,-113509.132812,56.754566,0.000000,2425.008301,50.000000,-2.000000,1.000000,-121250.414062,60.625206,-242500.828125,2441.800049,50.000000,-2.000000,1.000000,-122090.000000,61.044998,-244180.000000,-486680.812500,405021.937500,8462.111328,-90120.984375,917858.250000,827737.250000
ml,p95,422,2026-06-05,2372.198975,10.000000,2270.182617,50.000000,-2.000000,-2.000000,227018.265625,113.509132,-227018.265625,2379.397705,50.000000,-1.000000,1.000000,-118969.882812,59.484943,-118969.882812,2393.809082,50.000000,-1.000000,1.000000,-119690.453125,59.845222,-119690.453125,-465678.625000,393379.843750,8694.951172,-80993.734375,799125.750000,718132.000000
ml,p95,422,2026-06-06,2369.027100,10.000000,2270.182617,50.000000,-2.000000,0.000000,-0.000000,0.000000,-227018.265625,2358.962646,50.000000,-1.000000,0.000000,-0.000000,0.000000,-117948.132812,2375.173584,50.000000,-1.000000,0.000000,-0.000000,0.000000,-118758.679688,-463725.093750,393379.843750,8694.951172,-79040.203125,794739.437500,715699.250000
ml,p95,422,2026-06-07,2350.106934,10.000000,2270.182617,50.000000,-2.000000,0.000000,-0.000000,0.000000,-227018.265625,2341.845215,50.000000,-1.000000,0.000000,-0.000000,0.000000,-117092.257812,2360.708008,50.000000,-1.000000,0.000000,-0.000000,0.000000,-118035.398438,-462145.937500,393379.843750,8694.951172,-77461.046875,747815.312500,670354.250000
ml,p95,422,2026-06-08,2336.341309,10.000000,2270.182617,50.000000,-1.000000,1.000000,-113509.132812,56.754566,-113509.132812,2346.892090,50.000000,-3.000000,-2.000000,234689.203125,117.344597,-352033.812500,2362.868164,50.000000,-3.000000,-2.000000,236286.812500,118.143394,-354430.218750,-819973.125000,750846.750000,8987.193359,-78113.570312,717241.062500,639127.500000
ml,p95,422,2026-06-09,2352.933838,10.000000,2270.182617,50.000000,0.000000,1.000000,-113509.132812,56.754566,0.000000,2365.905518,50.000000,-2.000000,1.000000,-118295.273438,59.147636,-236590.546875,2382.529541,50.000000,-4.000000,-1.000000,119126.476562,59.563236,-476505.906250,-713096.437500,638168.750000,9162.658203,-84090.343750,759638.000000,675547.625000
ml,p95,422,2026-06-10,2365.816406,10.000000,2270.182617,50.000000,-2.000000,-2.000000,227018.265625,113.509132,-227018.265625,2399.717285,50.000000,-1.000000,1.000000,-119985.867188,59.992931,-119985.867188,2414.484863,50.000000,-3.000000,1.000000,-120724.242188,60.362118,-362172.718750,-709176.875000,624477.000000,9396.522461,-94096.398438,789720.062500,695623.687500
ml,p95,422,2026-06-11,2318.251465,10.000000,2270.182617,50.000000,-1.000000,1.000000,-113509.132812,56.754566,-113509.132812,2328.869629,50.000000,0.000000,1.000000,-116443.484375,58.221741,0.000000,2337.488037,50.000000,-2.000000,1.000000,-116874.398438,58.437199,-233748.796875,-347257.937500,277649.937500,9569.936523,-79177.937500,670758.125000,591580.187500
ml,p95,422,2026-06-12,2351.848877,10.000000,2270.182617,50.000000,0.000000,1.000000,-113509.132812,56.754566,0.000000,2373.728516,50.000000,-2.000000,-2.000000,237372.843750,118.686424,-237372.843750,2383.404053,50.000000,-3.000000,-1.000000,119170.203125,59.585098,-357510.593750,-594883.437500,520683.843750,9804.961914,-84004.554688,754061.875000,670057.312500
ml,p95,422,2026-06-13,2369.694824,10.000000,2270.182617,50.000000,0.000000,0.000000,-0.000000,0.000000,0.000000,2377.072754,50.000000,-2.000000,0.000000,-0.000000,0.000000,-237707.281250,2387.304443,50.000000,-3.000000,0.000000,-0.000000,0.000000,-358095.656250,-595802.937500,520683.843750,9804.961914,-84924.054688,798274.125000,713350.062500
ml,p95,422,2026-06-14,2454.947021,10.000000,2270.182617,50.000000,0.000000,0.000000,-0.000000,0.000000,0.000000,2482.490234,50.000000,-2.000000,0.000000,-0.000000,0.000000,-248249.031250,2492.235840,50.000000,-3.000000,0.000000,-0.000000,0.000000,-373835.375000,-622084.375000,520683.843750,9804.961914,-111205.492188,1014053.062500,902847.562500
ml,p95,422,2026-06-15,2490.593506,10.000000,2270.182617,50.000000,-2.000000,-2.000000,227018.265625,113.509132,-227018.265625,2521.916504,50.000000,-1.000000,1.000000,-126095.828125,63.047913,-126095.828125,2531.990723,50.000000,-2.000000,1.000000,-126599.539062,63.299767,-253199.078125,-606313.187500,495006.750000,10044.819336,-121351.257812,1098868.250000,977517.000000
ml,p95,422,2026-06-16,2450.365967,10.000000,2270.182617,50.000000,-1.000000,1.000000,-113509.132812,56.754566,-113509.132812,2515.984131,50.000000,0.000000,1.000000,-125799.203125,62.899597,0.000000,2527.283936,50.000000,-1.000000,1.000000,-126364.195312,63.182098,-126364.195312,-239873.328125,129334.218750,10227.656250,-120766.765625,993286.937500,872520.187500
ml,p95,422,2026-06-17,2499.318604,10.000000,2270.182617,50.000000,0.000000,1.000000,-113509.132812,56.754566,0.000000,2531.083496,50.000000,-2.000000,-2.000000,253108.343750,126.554169,-253108.343750,2539.510742,50.000000,0.000000,1.000000,-126975.539062,63.487766,0.000000,-253108.343750,141957.890625,10474.452148,-121624.906250,1115779.500000,994154.625000
ml,p95,422,2026-06-18,2476.805420,10.000000,2270.182617,50.000000,-2.000000,-2.000000,227018.265625,113.509132,-227018.265625,2504.288574,50.000000,-1.000000,1.000000,-125214.429688,62.607212,-125214.429688,2513.902588,50.000000,-2.000000,-2.000000,251390.265625,125.695137,-251390.265625,-603622.937500,495151.968750,10776.263672,-119247.234375,1061507.750000,942260.500000
ml,p95,422,2026-06-19,2510.414551,10.000000,2270.182617,50.000000,-2.000000,0.000000,-0.000000,0.000000,-227018.265625,2531.665771,50.000000,-1.000000,0.000000,-0.000000,0.000000,-126583.289062,2538.937744,50.000000,-2.000000,0.000000,-0.000000,0.000000,-253893.781250,-607495.375000,495151.968750,10776.263672,-123119.671875,1146118.750000,1022999.062500
ml,p95,422,2026-06-20,2558.873535,10.000000,2270.182617,50.000000,-2.000000,0.000000,-0.000000,0.000000,-227018.265625,2560.859375,50.000000,-1.000000,0.000000,-0.000000,0.000000,-128042.968750,2568.475586,50.000000,-2.000000,0.000000,-0.000000,0.000000,-256847.562500,-611908.812500,495151.968750,10776.263672,-127533.109375,1265260.125000,1137727.000000
ml,p95,422,2026-06-21,2566.479492,10.000000,2270.182617,50.000000,-2.000000,0.000000,-0.000000,0.000000,-227018.265625,2594.199951,50.000000,-1.000000,0.000000,-0.000000,0.000000,-129710.000000,2604.494385,50.000000,-2.000000,0.000000,-0.000000,0.000000,-260449.437500,-617177.687500,495151.968750,10776.263672,-132801.984375,1284574.125000,1151772.125000
ml,p95,422,2026-06-22,2575.289795,10.000000,2270.182617,50.000000,-1.000000,1.000000,-113509.132812,56.754566,-113509.132812,2599.840088,50.000000,0.000000,1.000000,-129992.007812,64.996002,0.000000,2607.028320,50.000000,-1.000000,1.000000,-130351.414062,65.175705,-130351.414062,-243860.546875,121299.437500,10963.189453,-133524.296875,1304644.500000,1171120.250000
ml,p95,422,2026-06-23,2596.189941,10.000000,2270.182617,50.000000,0.000000,1.000000,-113509.132812,56.754566,0.000000,2609.768799,50.000000,-2.000000,-2.000000,260976.875000,130.488434,-260976.875000,2619.297607,50.000000,0.000000,1.000000,-130964.882812,65.482445,0.000000,-260976.875000,137802.296875,11215.915039,-134390.500000,1356256.375000,1221865.875000
ml,p95,422,2026-06-24,2588.383789,10.000000,2270.182617,50.000000,-2.000000,-2.000000,227018.265625,113.509132,-227018.265625,2596.443848,50.000000,-1.000000,1.000000,-129822.195312,64.911095,-129822.195312,2607.747314,50.000000,-2.000000,-2.000000,260774.734375,130.387360,-260774.734375,-617615.187500,495773.093750,11524.722656,-133366.812500,1336391.250000,1203024.500000
ml,p95,422,2026-06-25,2584.746582,10.000000,2270.182617,50.000000,-1.000000,1.000000,-113509.132812,56.754566,-113509.132812,2612.484131,50.000000,-3.000000,-2.000000,261248.406250,130.624191,-391872.593750,2621.359375,50.000000,-1.000000,1.000000,-131067.968750,65.533989,-131067.968750,-636449.687500,512444.406250,11777.635742,-135782.921875,1328655.875000,1192873.000000
ml,p95,422,2026-06-26,2614.950684,10.000000,2270.182617,50.000000,0.000000,1.000000,-113509.132812,56.754566,0.000000,2648.246094,50.000000,-2.000000,1.000000,-132412.312500,66.206154,-264824.625000,2657.671143,50.000000,0.000000,1.000000,-132883.562500,66.441780,0.000000,-264824.625000,133639.406250,11967.038086,-143152.250000,1402240.875000,1259088.625000
ml,p95,422,2026-06-27,2622.997803,10.000000,2270.182617,50.000000,0.000000,0.000000,-0.000000,0.000000,0.000000,2621.190674,50.000000,-2.000000,0.000000,-0.000000,0.000000,-262119.062500,2630.764893,50.000000,0.000000,0.000000,-0.000000,0.000000,0.000000,-262119.062500,133639.406250,11967.038086,-140446.687500,1423971.875000,1283525.250000
ml,p95,422,2026-06-28,2628.133301,10.000000,2270.182617,50.000000,0.000000,0.000000,-0.000000,0.000000,0.000000,2627.736328,50.000000,-2.000000,0.000000,-0.000000,0.000000,-262773.625000,2636.695801,50.000000,0.000000,0.000000,-0.000000,0.000000,0.000000,-262773.625000,133639.406250,11967.038086,-141101.250000,1437532.250000,1296431.000000
ml,p95,422,2026-06-29,2634.983643,10.000000,2270.182617,50.000000,-2.000000,-2.000000,227018.265625,113.509132,-227018.265625,2647.331787,50.000000,-1.000000,1.000000,-132366.593750,66.183296,-132366.593750,2658.418945,50.000000,-2.000000,-2.000000,265841.906250,132.920944,-265841.906250,-625226.750000,494132.968750,12279.651367,-143373.437500,1453432.000000,1310058.500000
ml,p95,422,2026-06-30,2641.823975,10.000000,2270.182617,50.000000,-1.000000,1.000000,-113509.132812,56.754566,-113509.132812,2639.480957,50.000000,0.000000,1.000000,-131974.046875,65.987022,0.000000,2651.025879,50.000000,-1.000000,1.000000,-132551.296875,66.275650,-132551.296875,-246060.437500,116098.500000,12468.668945,-142430.609375,1471262.250000,1328831.625000
ml,p95,422,2026-07-01,2644.717773,10.000000,2270.182617,50.000000,0.000000,1.000000,-113509.132812,56.754566,0.000000,2649.473877,50.000000,-2.000000,-2.000000,264947.375000,132.473679,-264947.375000,2658.643799,50.000000,-3.000000,-2.000000,265864.375000,132.932190,-398796.593750,-663744.000000,533401.125000,12790.830078,-143133.703125,1478845.875000,1335712.125000
ml,p95,422,2026-07-02,2628.079590,10.000000,2270.182617,50.000000,-2.000000,-2.000000,227018.265625,113.509132,-227018.265625,2617.043701,50.000000,-1.000000,1.000000,-130852.187500,65.426094,-130852.187500,2627.873779,50.000000,-2.000000,1.000000,-131393.687500,65.696838,-262787.375000,-620657.812500,498173.500000,13035.460938,-135519.781250,1439713.500000,1304193.750000
ml,p95,422,2026-07-03,2634.906982,10.000000,2270.182617,50.000000,-1.000000,1.000000,-113509.132812,56.754566,-113509.132812,2634.004150,50.000000,-3.000000,-2.000000,263400.406250,131.700195,-395100.625000,2645.387207,50.000000,-3.000000,-1.000000,132269.359375,66.134682,-396808.093750,-905417.875000,780334.125000,13290.049805,-138373.796875,1454046.125000,1315672.375000
ml,p95,422,2026-07-04,2643.203613,10.000000,2270.182617,50.000000,-1.000000,0.000000,-0.000000,0.000000,-113509.132812,2639.423828,50.000000,-3.000000,0.000000,-0.000000,0.000000,-395913.562500,2652.235840,50.000000,-3.000000,0.000000,-0.000000,0.000000,-397835.375000,-907258.062500,780334.125000,13290.049805,-140213.984375,1474420.875000,1334206.875000
ml,p95,422,2026-07-05,2645.770996,10.000000,2270.182617,50.000000,-1.000000,0.000000,-0.000000,0.000000,-113509.132812,2639.411377,50.000000,-3.000000,0.000000,-0.000000,0.000000,-395911.718750,2652.338623,50.000000,-3.000000,0.000000,-0.000000,0.000000,-397850.781250,-907271.625000,780334.125000,13290.049805,-140227.546875,1478579.500000,1338352.000000
ml,p95,422,2026-07-06,2660.461182,10.000000,2270.182617,50.000000,0.000000,1.000000,-113509.132812,56.754566,0.000000,2656.871582,50.000000,-2.000000,1.000000,-132843.578125,66.421783,-265687.156250,2669.330322,50.000000,-2.000000,1.000000,-133466.515625,66.733253,-266933.031250,-532620.187500,400514.937500,13479.960938,-145585.218750,1510104.625000,1364519.375000
ml,p95,422,2026-07-07,2647.247559,10.000000,2270.182617,50.000000,-2.000000,-2.000000,227018.265625,113.509132,-227018.265625,2662.809326,50.000000,-1.000000,1.000000,-133140.468750,66.570236,-133140.468750,2676.496338,50.000000,-1.000000,1.000000,-133824.812500,66.912407,-133824.812500,-493983.562500,360567.875000,13726.951172,-147142.640625,1482171.625000,1335029.000000
ml,p95,422,2026-07-08,2675.480713,10.000000,2270.182617,50.000000,-1.000000,1.000000,-113509.132812,56.754566,-113509.132812,2691.310059,50.000000,0.000000,1.000000,-134565.500000,67.282745,0.000000,2704.955322,50.000000,0.000000,1.000000,-135247.765625,67.623878,0.000000,-113509.132812,-22754.500000,13918.613281,-150182.234375,1537983.000000,1387800.750000
ml,p95,422,2026-07-09,2591.813721,10.000000,2270.182617,50.000000,0.000000,1.000000,-113509.132812,56.754566,0.000000,2600.044922,50.000000,-2.000000,-2.000000,260004.500000,130.002243,-260004.500000,2617.198730,50.000000,-2.000000,-2.000000,261719.875000,130.859940,-261719.875000,-521724.375000,385460.750000,14236.230469,-150499.859375,1383228.625000,1232728.750000
ml,p95,422,2026-07-10,2586.633057,10.000000,2270.182617,50.000000,-2.000000,-2.000000,227018.265625,113.509132,-227018.265625,2582.533691,50.000000,-1.000000,1.000000,-129126.687500,64.563339,-129126.687500,2601.452637,50.000000,-1.000000,1.000000,-130072.632812,65.036316,-130072.632812,-486217.562500,353279.687500,14479.338867,-147417.218750,1373626.875000,1226209.625000
ml,p95,422,2026-07-11,2593.579102,10.000000,2270.182617,50.000000,-2.000000,0.000000,-0.000000,0.000000,-227018.265625,2594.008301,50.000000,-1.000000,0.000000,-0.000000,0.000000,-129700.414062,2614.388672,50.000000,-1.000000,0.000000,-0.000000,0.000000,-130719.437500,-487438.125000,353279.687500,14479.338867,-148637.781250,1384198.250000,1235560.500000
ml,p95,422,2026-07-12,2593.465332,10.000000,2270.182617,50.000000,-2.000000,0.000000,-0.000000,0.000000,-227018.265625,2608.356201,50.000000,-1.000000,0.000000,-0.000000,0.000000,-130417.812500,2627.992432,50.000000,-1.000000,0.000000,-0.000000,0.000000,-131399.625000,-488835.687500,353279.687500,14479.338867,-150035.343750,1383700.375000,1233665.000000
ml,p95,422,2026-07-13,2567.623779,10.000000,2270.182617,50.000000,-1.000000,1.000000,-113509.132812,56.754566,-113509.132812,2571.624023,50.000000,0.000000,1.000000,-128581.203125,64.290596,0.000000,2591.118408,50.000000,0.000000,1.000000,-129555.921875,64.777962,0.000000,-113509.132812,-18366.570312,14665.162109,-146540.859375,1341205.875000,1194665.000000
ml,p95,422,2026-07-14,2557.525879,10.000000,2270.182617,50.000000,0.000000,1.000000,-113509.132812,56.754566,0.000000,2578.445068,50.000000,-2.000000,-2.000000,257844.500000,128.922241,-257844.500000,2599.477539,50.000000,-2.000000,-2.000000,259947.750000,129.973877,-259947.750000,-517792.250000,385916.531250,14980.812500,-146856.531250,1325256.750000,1178400.250000
ml,p95,422,2026-07-15,2554.583496,10.000000,2270.182617,50.000000,-2.000000,-2.000000,227018.265625,113.509132,-227018.265625,2566.284668,50.000000,-1.000000,1.000000,-128314.234375,64.157120,-128314.234375,2586.725342,50.000000,-1.000000,1.000000,-129336.265625,64.668129,-129336.265625,-484668.750000,355284.312500,15223.147461,-144607.578125,1321087.750000,1176480.125000
ml,p95,422,2026-07-16,2562.613770,10.000000,2270.182617,50.000000,-1.000000,1.000000,-113509.132812,56.754566,-113509.132812,2586.740479,50.000000,0.000000,1.000000,-129337.023438,64.668510,0.000000,2607.335449,50.000000,-3.000000,-2.000000,260733.546875,130.366776,-391100.312500,-504609.437500,373171.687500,15474.937500,-146912.687500,1331348.750000,1184436.000000
ml,p95,422,2026-07-17,2563.072021,10.000000,2270.182617,50.000000,0.000000,1.000000,-113509.132812,56.754566,0.000000,2555.997314,50.000000,-2.000000,-2.000000,255599.734375,127.799858,-255599.734375,2576.519775,50.000000,-2.000000,1.000000,-128825.992188,64.412994,-257651.984375,-513251.718750,386436.312500,15723.904297,-142539.312500,1331231.875000,1188692.500000
ml,p95,422,2026-07-18,2564.227295,10.000000,2270.182617,50.000000,0.000000,0.000000,-0.000000,0.000000,0.000000,2578.139404,50.000000,-2.000000,0.000000,-0.000000,0.000000,-257813.937500,2598.442383,50.000000,-2.000000,0.000000,-0.000000,0.000000,-259844.234375,-517658.187500,386436.312500,15723.904297,-146945.781250,1331898.125000,1184952.375000
ml,p95,422,2026-07-19,2538.516113,10.000000,2270.182617,50.000000,0.000000,0.000000,-0.000000,0.000000,0.000000,2536.445801,50.000000,-2.000000,0.000000,-0.000000,0.000000,-253644.578125,2553.378418,50.000000,-2.000000,0.000000,-0.000000,0.000000,-255337.843750,-508982.437500,386436.312500,15723.904297,-138270.031250,1303595.375000,1165325.375000
ml,p95,422,2026-07-20,2541.852051,10.000000,2270.182617,50.000000,-2.000000,-2.000000,227018.265625,113.509132,-227018.265625,2539.031006,50.000000,-1.000000,1.000000,-126951.546875,63.475773,-126951.546875,2557.948242,50.000000,-3.000000,-1.000000,127897.414062,63.948704,-383692.250000,-737662.062500,614400.437500,15964.838867,-139226.468750,1306891.125000,1167664.625000
ml,p95,422,2026-07-21,2570.473145,10.000000,2270.182617,50.000000,-1.000000,1.000000,-113509.132812,56.754566,-113509.132812,2562.347900,50.000000,-3.000000,-2.000000,256234.796875,128.117401,-384352.187500,2579.998779,50.000000,-2.000000,1.000000,-128999.937500,64.499969,-257999.875000,-755861.187500,628126.187500,16214.209961,-143949.203125,1334906.625000,1190957.375000
ml,p95,422,2026-07-22,2589.641846,10.000000,2270.182617,50.000000,0.000000,1.000000,-113509.132812,56.754566,0.000000,2595.917480,50.000000,-2.000000,1.000000,-129795.875000,64.897934,-259591.750000,2614.307861,50.000000,-1.000000,1.000000,-130715.390625,65.357689,-130715.390625,-390307.125000,254105.781250,16401.218750,-152602.562500,1351491.000000,1198888.500000
ml,p95,422,2026-07-23,2569.382568,10.000000,2270.182617,50.000000,-2.000000,-2.000000,227018.265625,113.509132,-227018.265625,2549.748047,50.000000,-1.000000,1.000000,-127487.406250,63.743698,-127487.406250,2567.508545,50.000000,0.000000,1.000000,-128375.429688,64.187714,0.000000,-354505.687500,225261.203125,16642.660156,-145887.140625,1336054.500000,1190167.375000
ml,p95,422,2026-07-24,2564.168701,10.000000,2270.182617,50.000000,-1.000000,1.000000,-113509.132812,56.754566,-113509.132812,2557.539307,50.000000,0.000000,1.000000,-127876.968750,63.938484,0.000000,2573.126953,50.000000,-2.000000,-2.000000,257312.687500,128.656342,-257312.687500,-370821.812500,241187.781250,16892.009766,-146526.046875,1332527.750000,1186001.750000
ml,p95,422,2026-07-25,2555.561768,10.000000,2270.182617,50.000000,-1.000000,0.000000,-0.000000,0.000000,-113509.132812,2552.649658,50.000000,0.000000,0.000000,-0.000000,0.000000,0.000000,2570.327637,50.000000,-2.000000,0.000000,-0.000000,0.000000,-257032.765625,-370541.906250,241187.781250,16892.009766,-146246.140625,1327891.250000,1181645.125000
ml,p95,422,2026-07-26,2510.558350,10.000000,2270.182617,50.000000,-1.000000,0.000000,-0.000000,0.000000,-113509.132812,2504.047607,50.000000,0.000000,0.000000,-0.000000,0.000000,0.000000,2521.728027,50.000000,-2.000000,0.000000,-0.000000,0.000000,-252172.796875,-365681.937500,241187.781250,16892.009766,-141386.171875,1303406.625000,1162020.500000
ml,p95,422,2026-07-27,2518.770752,10.000000,2270.182617,50.000000,0.000000,1.000000,-113509.132812,56.754566,0.000000,2514.357422,50.000000,-2.000000,-2.000000,251435.750000,125.717873,-251435.750000,2531.262451,50.000000,-3.000000,-1.000000,126563.125000,63.281563,-379689.343750,-631125.125000,505677.531250,17137.763672,-142585.359375,1307880.000000,1165294.625000
ml,p95,422,2026-07-28,2493.785400,10.000000,2270.182617,50.000000,-2.000000,-2.000000,227018.265625,113.509132,-227018.265625,2501.149902,50.000000,-1.000000,1.000000,-125057.492188,62.528744,-125057.492188,2519.739990,50.000000,-2.000000,1.000000,-125987.000000,62.993500,-251974.000000,-604049.750000,481651.312500,17376.794922,-139775.234375,1297022.625000,1157247.375000
ml,p95,422,2026-07-29,2532.372070,10.000000,2270.182617,50.000000,-1.000000,1.000000,-113509.132812,56.754566,-113509.132812,2551.019531,50.000000,0.000000,1.000000,-127550.976562,63.775486,0.000000,2569.638428,50.000000,-1.000000,1.000000,-128481.921875,64.240959,-128481.921875,-241991.062500,112109.273438,17561.566406,-147443.359375,1309590.500000,1162147.125000
ml,p95,422,2026-07-30,2491.703857,10.000000,2270.182617,50.000000,0.000000,1.000000,-113509.132812,56.754566,0.000000,2551.019531,50.000000,-2.000000,-2.000000,255101.953125,127.550972,-255101.953125,2526.477295,50.000000,0.000000,1.000000,-126323.867188,63.161930,0.000000,-255101.953125,127378.226562,17809.033203,-145532.765625,1300811.625000,1155278.875000
ml,p95,422,2026-07-31,2475.443115,10.000000,2270.182617,50.000000,-2.000000,-2.000000,227018.265625,113.509132,-227018.265625,2551.019531,50.000000,-1.000000,1.000000,-127550.976562,63.775486,-127550.976562,2500.392578,50.000000,-2.000000,-2.000000,250039.250000,125.019623,-250039.250000,-604608.500000,476884.750000,18111.337891,-145835.093750,1299163.500000,1153328.375000
ml,p95,422,2026-08-01,2506.768799,10.000000,2270.182617,50.000000,-2.000000,0.000000,-0.000000,0.000000,-227018.265625,2551.019531,50.000000,-1.000000,0.000000,-0.000000,0.000000,-127550.976562,2521.638184,50.000000,-2.000000,0.000000,-0.000000,0.000000,-252163.812500,-606733.062500,476884.750000,18111.337891,-147959.656250,1299268.625000,1151309.000000
ml,p95,422,2026-08-02,2547.440674,10.000000,2270.182617,50.000000,-2.000000,0.000000,-0.000000,0.000000,-227018.265625,2551.019531,50.000000,-1.000000,0.000000,-0.000000,0.000000,-127550.976562,2575.040283,50.000000,-2.000000,0.000000,-0.000000,0.000000,-257504.031250,-612073.250000,476884.750000,18111.337891,-153299.843750,1299392.250000,1146092.375000
ml,p95,422,2026-08-03,2661.764404,10.000000,2270.182617,50.000000,-1.000000,1.000000,-113509.132812,56.754566,-113509.132812,2551.019531,50.000000,0.000000,1.000000,-127550.976562,63.775486,0.000000,2683.900879,50.000000,-1.000000,1.000000,-134195.046875,67.097527,-134195.046875,-247704.187500,101629.609375,18298.964844,-164373.546875,1299505.875000,1135132.375000
ml,p95,422,2026-08-04,2660.613525,10.000000,2270.182617,50.000000,0.000000,1.000000,-113509.132812,56.754566,0.000000,2551.019531,50.000000,-2.000000,-2.000000,255101.953125,127.550972,-255101.953125,2695.851074,50.000000,0.000000,1.000000,-134792.546875,67.396271,0.000000,-255101.953125,108429.882812,18550.667969,-165222.734375,1299607.375000,1134384.625000
ml,p95,422,2026-08-05,2695.946533,10.000000,2270.182617,50.000000,-2.000000,-2.000000,227018.265625,113.509132,-227018.265625,2551.019531,50.000000,-1.000000,1.000000,-127550.976562,63.775486,-127550.976562,2676.616211,50.000000,-2.000000,-2.000000,267661.625000,133.830811,-267661.625000,-622230.875000,475558.781250,18861.783203,-165533.875000,1299712.500000,1134178.625000
ml,p95,422,2026-08-06,2687.007568,10.000000,2270.182617,50.000000,0.000000,2.000000,-227018.265625,113.509132,0.000000,2551.019531,50.000000,0.000000,1.000000,-127550.976562,63.775486,0.000000,2680.127686,50.000000,-1.000000,1.000000,-134006.390625,67.003189,-134006.390625,-134006.390625,-13016.835938,19106.070312,-166129.281250,1299712.500000,1133583.250000
ml,p95,422,2026-08-07,2711.705322,10.000000,2270.182617,50.000000,-2.000000,-2.000000,227018.265625,113.509132,-227018.265625,2551.019531,50.000000,-2.000000,-2.000000,255101.953125,127.550972,-255101.953125,2730.203369,50.000000,0.000000,1.000000,-136510.171875,68.255089,0.000000,-482120.218750,332593.187500,19415.384766,-168942.421875,1299712.500000,1130770.125000
ml,p95,422,2026-08-08,2636.926758,10.000000,2270.182617,50.000000,-2.000000,0.000000,-0.000000,0.000000,-227018.265625,2551.019531,50.000000,-2.000000,0.000000,-0.000000,0.000000,-255101.953125,2652.147705,50.000000,0.000000,0.000000,-0.000000,0.000000,0.000000,-482120.218750,332593.187500,19415.384766,-168942.421875,1299712.500000,1130770.125000
ml,p95,422,2026-08-09,2661.239014,10.000000,2270.182617,50.000000,-2.000000,0.000000,-0.000000,0.000000,-227018.265625,2551.019531,50.000000,-2.000000,0.000000,-0.000000,0.000000,-255101.953125,2708.792725,50.000000,0.000000,0.000000,-0.000000,0.000000,0.000000,-482120.218750,332593.187500,19415.384766,-168942.421875,1299712.500000,1130770.125000
ml,p95,422,2026-08-10,2642.439941,10.000000,2270.182617,50.000000,-1.000000,1.000000,-113509.132812,56.754566,-113509.132812,2551.019531,50.000000,-1.000000,1.000000,-127550.976562,63.775486,-127550.976562,2667.317383,50.000000,-2.000000,-2.000000,266731.750000,133.365875,-266731.750000,-507791.875000,358264.843750,19669.281250,-169196.312500,1299712.500000,1130516.250000
ml,p95,422,2026-08-11,2655.510742,10.000000,2270.182617,50.000000,0.000000,1.000000,-113509.132812,56.754566,0.000000,2551.019531,50.000000,0.000000,1.000000,-127550.976562,63.775486,0.000000,2658.912109,50.000000,-1.000000,1.000000,-132945.609375,66.472801,-132945.609375,-132945.609375,-15740.867188,19856.285156,-168542.750000,1299712.500000,1131169.750000
ml,p95,422,2026-08-12,2676.354736,10.000000,2270.182617,50.000000,-2.000000,-2.000000,227018.265625,113.509132,-227018.265625,2551.019531,50.000000,-2.000000,-2.000000,255101.953125,127.550972,-255101.953125,2681.721680,50.000000,0.000000,1.000000,-134086.078125,67.043037,0.000000,-482120.218750,332293.250000,20164.388672,-169991.359375,1299712.500000,1129721.125000
ml,p95,422,2026-08-13,2607.774414,10.000000,2270.182617,50.000000,0.000000,2.000000,-227018.265625,113.509132,0.000000,2551.019531,50.000000,-1.000000,1.000000,-127550.976562,63.775486,-127550.976562,2618.063721,50.000000,-2.000000,-2.000000,261806.375000,130.903183,-261806.375000,-389357.343750,239530.406250,20472.576172,-170299.515625,1299712.500000,1129413.000000
ml,p95,422,2026-08-14,2548.461182,10.000000,2270.182617,50.000000,-2.000000,-2.000000,227018.265625,113.509132,-227018.265625,2551.019531,50.000000,0.000000,1.000000,-127550.976562,63.775486,0.000000,2589.554932,50.000000,-1.000000,1.000000,-129477.750000,64.738876,-129477.750000,-356496.000000,209519.937500,20714.597656,-167690.656250,1299712.500000,1132021.875000
ml,p95,422,2026-08-15,2541.548828,10.000000,2270.182617,50.000000,-2.000000,0.000000,-0.000000,0.000000,-227018.265625,2551.019531,50.000000,0.000000,0.000000,-0.000000,0.000000,0.000000,2568.562988,50.000000,-1.000000,0.000000,-0.000000,0.000000,-128428.148438,-355446.406250,209519.937500,20714.597656,-166641.062500,1299712.500000,1133071.500000
ml,p95,422,2026-08-16,2540.275635,10.000000,2270.182617,50.000000,-2.000000,0.000000,-0.000000,0.000000,-227018.265625,2551.019531,50.000000,0.000000,0.000000,-0.000000,0.000000,0.000000,2548.476562,50.000000,-1.000000,0.000000,-0.000000,0.000000,-127423.828125,-354442.093750,209519.937500,20714.597656,-165636.750000,1299712.500000,1134075.750000
ml,p95,422,2026-08-17,2505.008545,10.000000,2270.182617,50.000000,-1.000000,1.000000,-113509.132812,56.754566,-113509.132812,2551.019531,50.000000,-2.000000,-2.000000,255101.953125,127.550972,-255101.953125,2516.134521,50.000000,0.000000,1.000000,-125806.726562,62.903362,0.000000,-368611.093750,225306.031250,20961.808594,-164266.875000,1299712.500000,1135445.625000
ml,p95,422,2026-08-18,2531.092285,10.000000,2270.182617,50.000000,0.000000,1.000000,-113509.132812,56.754566,0.000000,2551.019531,50.000000,-1.000000,1.000000,-127550.976562,63.775486,-127550.976562,2544.861572,50.000000,-2.000000,-2.000000,254486.156250,127.243073,-254486.156250,-382037.125000,238732.093750,21209.582031,-164514.609375,1299712.500000,1135197.875000
ml,p95,422,2026-08-19,2553.344971,10.000000,2270.182617,50.000000,-2.000000,-2.000000,227018.265625,113.509132,-227018.265625,2551.019531,50.000000,0.000000,1.000000,-127550.976562,63.775486,0.000000,2569.314453,50.000000,-1.000000,1.000000,-128465.718750,64.232864,-128465.718750,-355484.000000,209733.656250,21451.099609,-167201.437500,1299712.500000,1132511.000000
ml,p95,422,2026-08-20,2568.756592,10.000000,2270.182617,50.000000,0.000000,2.000000,-227018.265625,113.509132,0.000000,2551.019531,50.000000,-2.000000,-2.000000,255101.953125,127.550972,-255101.953125,2598.450439,50.000000,0.000000,1.000000,-129922.523438,64.961258,0.000000,-255101.953125,107894.820312,21757.121094,-168964.250000,1299712.500000,1130748.250000
ml,p95,422,2026-08-21,2558.915283,10.000000,2270.182617,50.000000,-2.000000,-2.000000,227018.265625,113.509132,-227018.265625,2551.019531,50.000000,-1.000000,1.000000,-127550.976562,63.775486,-127550.976562,2599.713623,50.000000,-2.000000,-2.000000,259971.359375,129.985672,-259971.359375,-614540.625000,467333.468750,22064.390625,-169271.546875,1299712.500000,1130441.000000
ml,p95,422,2026-08-22,2528.286621,10.000000,2270.182617,50.000000,-2.000000,0.000000,-0.000000,0.000000,-227018.265625,2551.019531,50.000000,-1.000000,0.000000,-0.000000,0.000000,-127550.976562,2549.057861,50.000000,-2.000000,0.000000,-0.000000,0.000000,-254905.781250,-609475.000000,467333.468750,22064.390625,-164205.921875,1299712.500000,1135506.625000
ml,p95,422,2026-08-23,2478.037598,10.000000,2270.182617,50.000000,-2.000000,0.000000,-0.000000,0.000000,-227018.265625,2551.019531,50.000000,-1.000000,0.000000,-0.000000,0.000000,-127550.976562,2471.365234,50.000000,-2.000000,0.000000,-0.000000,0.000000,-247136.531250,-601705.750000,467333.468750,22064.390625,-156436.671875,1299712.500000,1143275.875000
ml,p95,422,2026-08-24,2530.822021,10.000000,2270.182617,50.000000,-1.000000,1.000000,-113509.132812,56.754566,-113509.132812,2551.019531,50.000000,0.000000,1.000000,-127550.976562,63.775486,0.000000,2543.858398,50.000000,-1.000000,1.000000,-127192.921875,63.596462,-127192.921875,-240702.062500,99080.437500,22248.517578,-163870.140625,1299712.500000,1135842.375000
ml,p95,422,2026-08-25,2563.413086,10.000000,2270.182617,50.000000,0.000000,1.000000,-113509.132812,56.754566,0.000000,2551.019531,50.000000,-2.000000,-2.000000,255101.953125,127.550972,-255101.953125,2580.627441,50.000000,0.000000,1.000000,-129031.375000,64.515686,0.000000,-255101.953125,111641.882812,22497.337891,-165957.406250,1299712.500000,1133755.125000
ml,p95,422,2026-08-26,2575.184082,10.000000,2270.182617,50.000000,-2.000000,-2.000000,227018.265625,113.509132,-227018.265625,2551.019531,50.000000,0.000000,2.000000,-255101.953125,127.550972,0.000000,2598.630859,50.000000,-2.000000,-2.000000,259863.093750,129.931549,-259863.093750,-486881.375000,343421.281250,22868.330078,-166328.421875,1299712.500000,1133384.125000
ml,p95,422,2026-08-27,2482.080811,10.000000,2270.182617,50.000000,0.000000,2.000000,-227018.265625,113.509132,0.000000,2551.019531,50.000000,-2.000000,-2.000000,255101.953125,127.550972,-255101.953125,2491.024170,50.000000,-1.000000,1.000000,-124551.210938,62.275604,-124551.210938,-379653.156250,246953.765625,23171.664062,-155871.062500,1299712.500000,1143841.500000
ml,p95,422,2026-08-28,2508.918945,10.000000,2270.182617,50.000000,-2.000000,-2.000000,227018.265625,113.509132,-227018.265625,2551.019531,50.000000,0.000000,2.000000,-255101.953125,127.550972,0.000000,2516.676514,50.000000,0.000000,1.000000,-125833.828125,62.916912,0.000000,-227018.265625,93036.250000,23475.642578,-157457.656250,1299712.500000,1142254.875000
ml,p95,422,2026-08-29,2521.763184,10.000000,2270.182617,50.000000,-2.000000,0.000000,-0.000000,0.000000,-227018.265625,2551.019531,50.000000,0.000000,0.000000,-0.000000,0.000000,0.000000,2543.303711,50.000000,0.000000,0.000000,-0.000000,0.000000,0.000000,-227018.265625,93036.250000,23475.642578,-157457.656250,1299712.500000,1142254.875000
ml,p95,422,2026-08-30,2596.390625,10.000000,2270.182617,50.000000,-2.000000,0.000000,-0.000000,0.000000,-227018.265625,2551.019531,50.000000,0.000000,0.000000,-0.000000,0.000000,0.000000,2625.878418,50.000000,0.000000,0.000000,-0.000000,0.000000,0.000000,-227018.265625,93036.250000,23475.642578,-157457.656250,1299712.500000,1142254.875000
ml,p95,422,2026-08-31,2582.021729,10.000000,2270.182617,50.000000,0.000000,2.000000,-227018.265625,113.509132,0.000000,2551.019531,50.000000,-2.000000,-2.000000,255101.953125,127.550972,-255101.953125,2611.770752,50.000000,-2.000000,-2.000000,261177.078125,130.588531,-261177.078125,-516279.031250,382297.000000,23847.291016,-157829.328125,1299712.500000,1141883.125000
ml,p95,422,2026-09-01,2550.335693,10.000000,2270.182617,50.000000,-2.000000,-2.000000,227018.265625,113.509132,-227018.265625,2551.019531,50.000000,0.000000,2.000000,-255101.953125,127.550972,0.000000,2545.231934,50.000000,-1.000000,1.000000,-127261.593750,63.630798,-127261.593750,-354279.875000,226951.734375,24151.982422,-151480.125000,1299712.500000,1148232.375000
ml,p95,422,2026-09-02,2527.600586,10.000000,2270.182617,50.000000,0.000000,2.000000,-227018.265625,113.509132,0.000000,2551.019531,50.000000,-2.000000,-2.000000,255101.953125,127.550972,-255101.953125,2531.727783,50.000000,0.000000,1.000000,-126586.390625,63.293194,0.000000,-255101.953125,128449.031250,24456.335938,-151109.250000,1299712.500000,1148603.250000
ml,p95,422,2026-09-03,2519.909424,10.000000,2270.182617,50.000000,-2.000000,-2.000000,227018.265625,113.509132,-227018.265625,2551.019531,50.000000,0.000000,2.000000,-255101.953125,127.550972,0.000000,2534.533203,50.000000,-2.000000,-2.000000,253453.312500,126.726646,-253453.312500,-480471.562500,353818.656250,24824.121094,-151477.031250,1299712.500000,1148235.500000
ml,p95,422,2026-09-04,2575.935791,10.000000,2270.182617,50.000000,0.000000,2.000000,-227018.265625,113.509132,0.000000,2551.019531,50.000000,-2.000000,-2.000000,255101.953125,127.550972,-255101.953125,2605.528809,50.000000,-1.000000,1.000000,-130276.437500,65.138214,-130276.437500,-385378.375000,251625.906250,25130.322266,-158882.796875,1299712.500000,1140829.750000
ml,p95,422,2026-09-05,2638.233398,10.000000,2270.182617,50.000000,0.000000,0.000000,-0.000000,0.000000,0.000000,2551.019531,50.000000,-2.000000,0.000000,-0.000000,0.000000,-255101.953125,2669.077148,50.000000,-1.000000,0.000000,-0.000000,0.000000,-133453.859375,-388555.812500,251625.906250,25130.322266,-162060.234375,1299712.500000,1137652.250000
ml,p95,422,2026-09-06,2695.517090,10.000000,2270.182617,50.000000,0.000000,0.000000,-0.000000,0.000000,0.000000,2551.019531,50.000000,-2.000000,0.000000,-0.000000,0.000000,-255101.953125,2739.442871,50.000000,-1.000000,0.000000,-0.000000,0.000000,-136972.140625,-392074.093750,251625.906250,25130.322266,-165578.515625,1299712.500000,1134134.000000
ml,p95,422,2026-09-07,2728.392822,10.000000,2270.182617,50.000000,0.000000,0.000000,-0.000000,0.000000,0.000000,2551.019531,50.000000,-2.000000,0.000000,-0.000000,0.000000,-255101.953125,2747.309082,50.000000,-1.000000,0.000000,-0.000000,0.000000,-137365.453125,-392467.406250,251625.906250,25130.322266,-165971.828125,1299712.500000,1133740.625000
ml,p95,422,2026-09-08,2683.193604,10.000000,2270.182617,50.000000,-2.000000,-2.000000,227018.265625,113.509132,-227018.265625,2551.019531,50.000000,0.000000,2.000000,-255101.953125,127.550972,0.000000,2687.690674,50.000000,0.000000,1.000000,-134384.531250,67.192261,0.000000,-227018.265625,89157.687500,25438.572266,-163299.156250,1299712.500000,1136413.375000
ml,p95,422,2026-09-09,2735.408936,10.000000,2270.182617,50.000000,0.000000,2.000000,-227018.265625,113.509132,0.000000,2551.019531,50.000000,-2.000000,-2.000000,255101.953125,127.550972,-255101.953125,2734.408691,50.000000,-2.000000,-2.000000,273440.875000,136.720428,-273440.875000,-528542.812500,390682.250000,25816.353516,-163676.921875,1299712.500000,1136035.625000
ml,p95,422,2026-09-10,2768.916504,10.000000,2270.182617,50.000000,-2.000000,-2.000000,227018.265625,113.509132,-227018.265625,2551.019531,50.000000,0.000000,2.000000,-255101.953125,127.550972,0.000000,2779.256592,50.000000,-1.000000,1.000000,-138962.828125,69.481407,-138962.828125,-365981.093750,223635.734375,26126.894531,-168472.250000,1299712.500000,1131240.250000
ml,p95,422,2026-09-11,2746.185791,10.000000,2270.182617,50.000000,0.000000,2.000000,-227018.265625,113.509132,0.000000,2551.019531,50.000000,-2.000000,-2.000000,255101.953125,127.550972,-255101.953125,2770.255615,50.000000,0.000000,1.000000,-138512.781250,69.256386,0.000000,-255101.953125,113206.640625,26437.210938,-168332.531250,1299712.500000,1131380.000000
ml,p95,422,2026-09-12,2727.550049,10.000000,2270.182617,50.000000,0.000000,0.000000,-0.000000,0.000000,0.000000,2551.019531,50.000000,-2.000000,0.000000,-0.000000,0.000000,-255101.953125,2742.254639,50.000000,0.000000,0.000000,-0.000000,0.000000,0.000000,-255101.953125,113206.640625,26437.210938,-168332.531250,1299712.500000,1131380.000000
ml,p95,422,2026-09-13,2754.064453,10.000000,2270.182617,50.000000,0.000000,0.000000,-0.000000,0.000000,0.000000,2551.019531,50.000000,-2.000000,0.000000,-0.000000,0.000000,-255101.953125,2788.838867,50.000000,0.000000,0.000000,-0.000000,0.000000,0.000000,-255101.953125,113206.640625,26437.210938,-168332.531250,1299712.500000,1131380.000000
ml,p95,422,2026-09-14,2761.153320,10.000000,2270.182617,50.000000,-2.000000,-2.000000,227018.265625,113.509132,-227018.265625,2551.019531,50.000000,0.000000,2.000000,-255101.953125,127.550972,0.000000,2784.388184,50.000000,-2.000000,-2.000000,278438.812500,139.219391,-278438.812500,-505457.062500,363561.750000,26817.492188,-168712.812500,1299712.500000,1130999.750000
ml,p95,422,2026-09-15,2758.134766,10.000000,2270.182617,50.000000,0.000000,2.000000,-227018.265625,113.509132,0.000000,2551.019531,50.000000,-2.000000,-2.000000,255101.953125,127.550972,-255101.953125,2764.499268,50.000000,-1.000000,1.000000,-138224.968750,69.112488,-138224.968750,-393326.937500,253420.484375,27127.664062,-167034.125000,1299712.500000,1132678.375000
ml,p95,422,2026-09-16,2773.660400,10.000000,2270.182617,50.000000,-2.000000,-2.000000,227018.265625,113.509132,-227018.265625,2551.019531,50.000000,0.000000,2.000000,-255101.953125,127.550972,0.000000,2780.925293,50.000000,0.000000,1.000000,-139046.265625,69.523132,0.000000,-227018.265625,86290.531250,27438.246094,-168165.984375,1299712.500000,1131546.500000
ml,p95,422,2026-09-17,2720.274902,10.000000,2270.182617,50.000000,0.000000,2.000000,-227018.265625,113.509132,0.000000,2551.019531,50.000000,-2.000000,-2.000000,255101.953125,127.550972,-255101.953125,2726.741699,50.000000,-2.000000,-2.000000,272674.156250,136.337067,-272674.156250,-527776.125000,387048.375000,27815.644531,-168543.390625,1299712.500000,1131169.125000
ml,p95,422,2026-09-18,2690.972412,10.000000,2270.182617,50.000000,-2.000000,-2.000000,227018.265625,113.509132,-227018.265625,2551.019531,50.000000,0.000000,2.000000,-255101.953125,127.550972,0.000000,2713.056885,50.000000,-1.000000,1.000000,-135652.843750,67.826424,-135652.843750,-362671.125000,223311.843750,28124.529297,-167483.812500,1299712.500000,1132228.750000
ml,p95,422,2026-09-19,2710.158203,10.000000,2270.182617,50.000000,-2.000000,0.000000,-0.000000,0.000000,-227018.265625,2551.019531,50.000000,0.000000,0.000000,-0.000000,0.000000,0.000000,2751.542236,50.000000,-1.000000,0.000000,-0.000000,0.000000,-137577.109375,-364595.375000,223311.843750,28124.529297,-169408.062500,1299712.500000,1130304.500000
ml,p95,422,2026-09-20,2701.328125,10.000000,2270.182617,50.000000,-2.000000,0.000000,-0.000000,0.000000,-227018.265625,2551.019531,50.000000,0.000000,0.000000,-0.000000,0.000000,0.000000,2729.802002,50.000000,-1.000000,0.000000,-0.000000,0.000000,-136490.093750,-363508.375000,223311.843750,28124.529297,-168321.062500,1299712.500000,1131391.500000
ml,p95,422,2026-09-21,2716.593506,10.000000,2270.182617,50.000000,0.000000,2.000000,-227018.265625,113.509132,0.000000,2551.019531,50.000000,-2.000000,-2.000000,255101.953125,127.550972,-255101.953125,2738.933350,50.000000,0.000000,1.000000,-136946.671875,68.473335,0.000000,-255101.953125,114448.859375,28434.062500,-169087.156250,1299712.500000,1130625.375000
ml,p95,422,2026-09-22,2688.890625,10.000000,2270.182617,50.000000,-2.000000,-2.000000,227018.265625,113.509132,-227018.265625,2551.019531,50.000000,0.000000,2.000000,-255101.953125,127.550972,0.000000,2699.047119,50.000000,-2.000000,-2.000000,269904.718750,134.952362,-269904.718750,-496923.000000,356269.875000,28810.076172,-169463.203125,1299712.500000,1130249.250000
ml,p95,422,2026-09-23,2704.740967,10.000000,2270.182617,50.000000,0.000000,2.000000,-227018.265625,113.509132,0.000000,2551.019531,50.000000,-2.000000,-2.000000,255101.953125,127.550972,-255101.953125,2758.133057,50.000000,-1.000000,1.000000,-137906.656250,68.953323,-137906.656250,-393008.625000,246446.921875,29120.087891,-175681.796875,1299712.500000,1124030.750000
ml,p95,422,2026-09-24,2688.454834,10.000000,2270.182617,50.000000,-2.000000,-2.000000,227018.265625,113.509132,-227018.265625,2551.019531,50.000000,0.000000,2.000000,-255101.953125,127.550972,0.000000,2727.901123,50.000000,0.000000,1.000000,-136395.062500,68.197533,0.000000,-227018.265625,81968.171875,29429.347656,-174479.437500,1299712.500000,1125233.000000
ml,p95,422,2026-09-25,2682.711426,10.000000,2270.182617,50.000000,0.000000,2.000000,-227018.265625,113.509132,0.000000,2551.019531,50.000000,-2.000000,-2.000000,255101.953125,127.550972,-255101.953125,2710.429932,50.000000,-2.000000,-2.000000,271043.000000,135.521500,-271043.000000,-526144.937500,381094.875000,29805.929688,-174856.000000,1299712.500000,1124856.500000
ml,p95,422,2026-09-26,2697.003418,10.000000,2270.182617,50.000000,0.000000,0.000000,-0.000000,0.000000,0.000000,2551.019531,50.000000,-2.000000,0.000000,-0.000000,0.000000,-255101.953125,2708.593506,50.000000,-2.000000,0.000000,-0.000000,0.000000,-270859.343750,-525961.312500,381094.875000,29805.929688,-174672.375000,1299712.500000,1125040.125000
ml,p95,422,2026-09-27,2673.825439,10.000000,2270.182617,50.000000,0.000000,0.000000,-0.000000,0.000000,0.000000,2551.019531,50.000000,-2.000000,0.000000,-0.000000,0.000000,-255101.953125,2664.605225,50.000000,-2.000000,0.000000,-0.000000,0.000000,-266460.531250,-521562.500000,381094.875000,29805.929688,-170273.562500,1299712.500000,1129439.000000
ml,p95,422,2026-09-28,2742.441895,10.000000,2270.182617,50.000000,-2.000000,-2.000000,227018.265625,113.509132,-227018.265625,2551.019531,50.000000,0.000000,2.000000,-255101.953125,127.550972,0.000000,2752.807373,50.000000,-1.000000,1.000000,-137640.375000,68.820183,-137640.375000,-364658.625000,215370.796875,30115.808594,-179403.640625,1299712.500000,1120308.875000
ml,p95,422,2026-09-29,2778.490723,10.000000,2270.182617,50.000000,0.000000,2.000000,-227018.265625,113.509132,0.000000,2551.019531,50.000000,-2.000000,-2.000000,255101.953125,127.550972,-255101.953125,2773.860840,50.000000,0.000000,1.000000,-138693.046875,69.346519,0.000000,-255101.953125,104761.437500,30426.214844,-180766.734375,1299712.500000,1118945.750000
ml,p95,422,2026-09-30,2737.921143,10.000000,2270.182617,50.000000,-2.000000,-2.000000,227018.265625,113.509132,-227018.265625,2551.019531,50.000000,0.000000,2.000000,-255101.953125,127.550972,0.000000,2725.563232,50.000000,-2.000000,-2.000000,272556.312500,136.278152,-272556.312500,-499574.562500,349234.062500,30803.552734,-181144.046875,1299712.500000,1118568.500000
ml,p95,422,2026-10-01,2769.592529,10.000000,2270.182617,50.000000,0.000000,2.000000,-227018.265625,113.509132,0.000000,2551.019531,50.000000,-2.000000,-2.000000,255101.953125,127.550972,-255101.953125,2772.096436,50.000000,-1.000000,1.000000,-138604.828125,69.302414,-138604.828125,-393706.781250,238712.921875,31113.916016,-186107.781250,1299712.500000,1113604.750000
ml,p95,422,2026-10-02,2727.923340,10.000000,2270.182617,50.000000,-2.000000,-2.000000,227018.265625,113.509132,-227018.265625,2551.019531,50.000000,0.000000,2.000000,-255101.953125,127.550972,0.000000,2724.807861,50.000000,0.000000,1.000000,-136240.390625,68.120193,0.000000,-227018.265625,74388.843750,31423.097656,-184052.515625,1299712.500000,1115660.000000
ml,p95,422,2026-10-03,2741.402588,10.000000,2270.182617,50.000000,-2.000000,0.000000,-0.000000,0.000000,-227018.265625,2551.019531,50.000000,0.000000,0.000000,-0.000000,0.000000,0.000000,2755.002686,50.000000,0.000000,0.000000,-0.000000,0.000000,0.000000,-227018.265625,74388.843750,31423.097656,-184052.515625,1299712.500000,1115660.000000
ml,p95,422,2026-10-04,2796.805176,10.000000,2270.182617,50.000000,-2.000000,0.000000,-0.000000,0.000000,-227018.265625,2551.019531,50.000000,0.000000,0.000000,-0.000000,0.000000,0.000000,2806.336426,50.000000,0.000000,0.000000,-0.000000,0.000000,0.000000,-227018.265625,74388.843750,31423.097656,-184052.515625,1299712.500000,1115660.000000
ml,p95,422,2026-10-05,2799.959717,10.000000,2270.182617,50.000000,0.000000,2.000000,-227018.265625,113.509132,0.000000,2551.019531,50.000000,-2.000000,-2.000000,255101.953125,127.550972,-255101.953125,2793.441162,50.000000,-2.000000,-2.000000,279344.125000,139.672058,-279344.125000,-534446.062500,381816.656250,31803.828125,-184433.234375,1299712.500000,1115279.250000
ml,p95,422,2026-10-06,2830.488281,10.000000,2270.182617,50.000000,-2.000000,-2.000000,227018.265625,113.509132,-227018.265625,2551.019531,50.000000,0.000000,2.000000,-255101.953125,127.550972,0.000000,2833.287354,50.000000,-1.000000,1.000000,-141664.375000,70.832184,-141664.375000,-368682.625000,212068.593750,32115.722656,-188729.750000,1299712.500000,1110982.750000
ml,p95,422,2026-10-07,2835.934082,10.000000,2270.182617,50.000000,0.000000,2.000000,-227018.265625,113.509132,0.000000,2551.019531,50.000000,-2.000000,-2.000000,255101.953125,127.550972,-255101.953125,2833.572510,50.000000,0.000000,1.000000,-141678.625000,70.839310,0.000000,-255101.953125,98473.656250,32427.621094,-189055.921875,1299712.500000,1110656.625000
ml,p95,422,2026-10-08,2841.693848,10.000000,2270.182617,50.000000,-2.000000,-2.000000,227018.265625,113.509132,-227018.265625,2551.019531,50.000000,0.000000,2.000000,-255101.953125,127.550972,0.000000,2842.599609,50.000000,-2.000000,-2.000000,284259.968750,142.129990,-284259.968750,-511278.250000,354649.937500,32810.812500,-189439.125000,1299712.500000,1110273.375000
ml,p95,422,2026-10-09,2850.687744,10.000000,2270.182617,50.000000,0.000000,2.000000,-227018.265625,113.509132,0.000000,2551.019531,50.000000,-2.000000,-2.000000,255101.953125,127.550972,-255101.953125,2861.460938,50.000000,-1.000000,1.000000,-143073.046875,71.536522,-143073.046875,-398175.000000,239660.578125,33123.406250,-191637.828125,1299712.500000,1108074.625000
ml,p95,422,2026-10-10,2843.842285,10.000000,2270.182617,50.000000,0.000000,0.000000,-0.000000,0.000000,0.000000,2551.019531,50.000000,-2.000000,0.000000,-0.000000,0.000000,-255101.953125,2830.041992,50.000000,-1.000000,0.000000,-0.000000,0.000000,-141502.093750,-396604.062500,239660.578125,33123.406250,-190066.890625,1299712.500000,1109645.625000
ml,p95,422,2026-10-11,2845.453613,10.000000,2270.182617,50.000000,0.000000,0.000000,-0.000000,0.000000,0.000000,2551.019531,50.000000,-2.000000,0.000000,-0.000000,0.000000,-255101.953125,2843.382568,50.000000,-1.000000,0.000000,-0.000000,0.000000,-142169.125000,-397271.062500,239660.578125,33123.406250,-190733.890625,1299712.500000,1108978.625000
ml,p95,422,2026-10-12,2856.187500,10.000000,2270.182617,50.000000,0.000000,0.000000,-0.000000,0.000000,0.000000,2551.019531,50.000000,-2.000000,0.000000,-0.000000,0.000000,-255101.953125,2848.434082,50.000000,-1.000000,0.000000,-0.000000,0.000000,-142421.703125,-397523.656250,239660.578125,33123.406250,-190986.484375,1299712.500000,1108726.000000
ml,p95,422,2026-10-13,2859.427734,10.000000,2270.182617,50.000000,-2.000000,-2.000000,227018.265625,113.509132,-227018.265625,2551.019531,50.000000,0.000000,2.000000,-255101.953125,127.550972,0.000000,2868.799805,50.000000,0.000000,1.000000,-143439.984375,71.719994,0.000000,-227018.265625,68136.906250,33436.187500,-192317.546875,1299712.500000,1107395.000000
ml,p95,422,2026-10-14,2888.932373,10.000000,2270.182617,50.000000,0.000000,2.000000,-227018.265625,113.509132,0.000000,2551.019531,50.000000,-2.000000,-2.000000,255101.953125,127.550972,-255101.953125,2882.912598,50.000000,-2.000000,-2.000000,288291.250000,144.145615,-288291.250000,-543393.187500,384511.843750,33821.394531,-192702.734375,1299712.500000,1107009.750000
ml,p95,422,2026-10-15,2889.158203,10.000000,2270.182617,50.000000,-2.000000,-2.000000,227018.265625,113.509132,-227018.265625,2551.019531,50.000000,0.000000,2.000000,-255101.953125,127.550972,0.000000,2889.457764,50.000000,-1.000000,1.000000,-144472.890625,72.236443,-144472.890625,-371491.156250,211955.265625,34134.687500,-193670.578125,1299712.500000,1106041.875000
ml,p95,422,2026-10-16,2920.327881,10.000000,2270.182617,50.000000,0.000000,2.000000,-227018.265625,113.509132,0.000000,2551.019531,50.000000,-2.000000,-2.000000,255101.953125,127.550972,-255101.953125,2918.651855,50.000000,0.000000,1.000000,-145932.593750,72.966301,0.000000,-255101.953125,94106.359375,34448.714844,-195444.312500,1299712.500000,1104268.250000
ml,p95,422,2026-10-17,2916.459229,10.000000,2270.182617,50.000000,0.000000,0.000000,-0.000000,0.000000,0.000000,2551.019531,50.000000,-2.000000,0.000000,-0.000000,0.000000,-255101.953125,2905.861572,50.000000,0.000000,0.000000,-0.000000,0.000000,0.000000,-255101.953125,94106.359375,34448.714844,-195444.312500,1299712.500000,1104268.250000
ml,p95,422,2026-10-18,2965.836914,10.000000,2270.182617,50.000000,0.000000,0.000000,-0.000000,0.000000,0.000000,2551.019531,50.000000,-2.000000,0.000000,-0.000000,0.000000,-255101.953125,2982.066162,50.000000,0.000000,0.000000,-0.000000,0.000000,0.000000,-255101.953125,94106.359375,34448.714844,-195444.312500,1299712.500000,1104268.250000
ml,p95,422,2026-10-19,2947.253174,10.000000,2270.182617,50.000000,-2.000000,-2.000000,227018.265625,113.509132,-227018.265625,2551.019531,50.000000,0.000000,2.000000,-255101.953125,127.550972,0.000000,2962.038574,50.000000,-2.000000,-2.000000,296203.843750,148.101929,-296203.843750,-523222.125000,362226.500000,34837.878906,-195833.500000,1299712.500000,1103879.000000
ml,p95,422,2026-10-20,2893.185059,10.000000,2270.182617,50.000000,0.000000,2.000000,-227018.265625,113.509132,0.000000,2551.019531,50.000000,-2.000000,-2.000000,255101.953125,127.550972,-255101.953125,2889.316895,50.000000,-1.000000,1.000000,-144465.843750,72.232925,-144465.843750,-399567.812500,245844.359375,35151.171875,-188874.625000,1299712.500000,1110837.875000
ml,p95,422,2026-10-21,2957.074707,10.000000,2270.182617,50.000000,-2.000000,-2.000000,227018.265625,113.509132,-227018.265625,2551.019531,50.000000,0.000000,2.000000,-255101.953125,127.550972,0.000000,2963.712646,50.000000,0.000000,1.000000,-148185.625000,74.092812,0.000000,-227018.265625,69575.046875,35466.324219,-192909.546875,1299712.500000,1106803.000000
ml,p95,422,2026-10-22,3022.699463,10.000000,2270.182617,50.000000,0.000000,2.000000,-227018.265625,113.509132,0.000000,2551.019531,50.000000,-2.000000,-2.000000,255101.953125,127.550972,-255101.953125,3022.472900,50.000000,-2.000000,-2.000000,302247.281250,151.123627,-302247.281250,-557349.250000,399906.000000,35858.507812,-193301.750000,1299712.500000,1106410.750000
ml,p95,422,2026-10-23,3012.256348,10.000000,2270.182617,50.000000,-2.000000,-2.000000,227018.265625,113.509132,-227018.265625,2551.019531,50.000000,0.000000,2.000000,-255101.953125,127.550972,0.000000,3016.881348,50.000000,-1.000000,1.000000,-150844.062500,75.422028,-150844.062500,-377862.312500,220978.265625,36174.988281,-193059.031250,1299712.500000,1106653.500000
ml,p95,422,2026-10-24,3107.143311,10.000000,2270.182617,50.000000,-2.000000,0.000000,-0.000000,0.000000,-227018.265625,2551.019531,50.000000,0.000000,0.000000,-0.000000,0.000000,0.000000,3119.352051,50.000000,-1.000000,0.000000,-0.000000,0.000000,-155967.609375,-382985.875000,220978.265625,36174.988281,-198182.593750,1299712.500000,1101529.875000
ml,p95,422,2026-10-25,3190.613281,10.000000,2270.182617,50.000000,-2.000000,0.000000,-0.000000,0.000000,-227018.265625,2551.019531,50.000000,0.000000,0.000000,-0.000000,0.000000,0.000000,3176.255127,50.000000,-1.000000,0.000000,-0.000000,0.000000,-158812.750000,-385831.000000,220978.265625,36174.988281,-201027.718750,1299712.500000,1098684.750000
ml,p95,422,2026-10-26,3132.755615,10.000000,2270.182617,50.000000,0.000000,2.000000,-227018.265625,113.509132,0.000000,2551.019531,50.000000,-2.000000,-2.000000,255101.953125,127.550972,-255101.953125,3124.239746,50.000000,0.000000,1.000000,-156211.984375,78.105995,0.000000,-255101.953125,92849.968750,36494.156250,-198746.140625,1299712.500000,1100966.375000
ml,p95,422,2026-10-27,3154.070068,10.000000,2270.182617,50.000000,-2.000000,-2.000000,227018.265625,113.509132,-227018.265625,2551.019531,50.000000,0.000000,2.000000,-255101.953125,127.550972,0.000000,3156.268311,50.000000,-2.000000,-2.000000,315626.843750,157.813416,-315626.843750,-542645.125000,380393.125000,36893.027344,-199145.031250,1299712.500000,1100567.500000
ml,p95,422,2026-10-28,3172.880371,10.000000,2270.182617,50.000000,0.000000,2.000000,-227018.265625,113.509132,0.000000,2551.019531,50.000000,-2.000000,-2.000000,255101.953125,127.550972,-255101.953125,3198.193115,50.000000,-1.000000,1.000000,-159909.656250,79.954826,-159909.656250,-415011.625000,248567.156250,37214.042969,-203658.515625,1299712.500000,1096054.000000
ml,p95,422,2026-10-29,3162.934814,10.000000,2270.182617,50.000000,0.000000,0.000000,-0.000000,0.000000,0.000000,2551.019531,50.000000,0.000000,2.000000,-255101.953125,127.550972,0.000000,3185.121094,50.000000,0.000000,1.000000,-159256.062500,79.628029,0.000000,0.000000,-165790.859375,37421.222656,-203212.078125,1299712.500000,1096500.375000
ml,p95,422,2026-10-30,3192.326660,10.000000,2270.182617,50.000000,0.000000,0.000000,-0.000000,0.000000,0.000000,2551.019531,50.000000,0.000000,0.000000,-0.000000,0.000000,0.000000,3185.121094,50.000000,0.000000,0.000000,-0.000000,0.000000,0.000000,0.000000,-165790.859375,37421.222656,-203212.078125,1299712.500000,1096500.375000
ml,best,368,2026-04-10,2055.000244,10.000000,2026.171509,50.000000,-2.000000,-2.000000,202617.156250,101.308571,-202617.156250,2047.068848,50.000000,-2.000000,-2.000000,204706.890625,102.353439,-204706.890625,2070.749756,50.000000,-2.000000,-2.000000,207074.968750,103.537483,-207074.968750,-614399.000000,614399.000000,307.199493,-307.199493,4854.181641,4546.981934
ml,best,368,2026-04-11,2071.796387,10.000000,2090.917969,50.000000,-2.000000,0.000000,-0.000000,0.000000,-209091.796875,2115.338379,50.000000,-2.000000,0.000000,-0.000000,0.000000,-211533.843750,2142.262207,50.000000,-2.000000,0.000000,-0.000000,0.000000,-214226.218750,-634851.875000,614399.000000,307.199493,-20760.074219,52852.429688,32092.355469
ml,best,368,2026-04-12,2037.810547,10.000000,2041.308350,50.000000,-2.000000,0.000000,-0.000000,0.000000,-204130.828125,2062.816406,50.000000,-2.000000,0.000000,-0.000000,0.000000,-206281.640625,2087.806641,50.000000,-2.000000,0.000000,-0.000000,0.000000,-208780.656250,-619193.125000,614399.000000,307.199493,-5101.324707,-33087.816406,-38189.140625
ml,best,368,2026-04-13,2139.397949,10.000000,2113.770508,50.000000,-1.000000,1.000000,-105688.523438,52.844261,-105688.523438,2139.205078,50.000000,-1.000000,1.000000,-106960.250000,53.480125,-106960.250000,2166.712402,50.000000,-1.000000,1.000000,-108335.617188,54.167805,-108335.617188,-320984.406250,293414.625000,467.691681,-28037.472656,221576.343750,193538.875000
ml,best,368,2026-04-14,2168.074707,10.000000,2144.789307,50.000000,0.000000,1.000000,-107239.468750,53.619736,0.000000,2171.226562,50.000000,0.000000,1.000000,-108561.328125,54.280663,0.000000,2198.494385,50.000000,0.000000,1.000000,-109924.718750,54.962360,0.000000,0.000000,-32310.890625,630.554443,-32941.445312,293205.531250,260264.093750
ml,best,368,2026-04-15,2142.474609,10.000000,2129.481689,50.000000,-2.000000,-2.000000,212948.171875,106.474083,-212948.171875,2155.912842,50.000000,-2.000000,-2.000000,215591.281250,107.795631,-215591.281250,2183.215332,50.000000,-2.000000,-2.000000,218321.531250,109.160759,-218321.531250,-646861.000000,614550.125000,953.984863,-33264.859375,238792.890625,205528.031250
ml,best,368,2026-04-16,2137.940430,10.000000,2127.155273,50.000000,-1.000000,1.000000,-106357.765625,53.178879,-106357.765625,2152.464600,50.000000,-1.000000,1.000000,-107623.226562,53.811611,-107623.226562,2180.098145,50.000000,-1.000000,1.000000,-109004.906250,54.502449,-109004.906250,-322985.906250,291564.187500,1115.477783,-32537.197266,230435.593750,197898.390625
ml,best,368,2026-04-17,2131.188232,10.000000,2134.516602,50.000000,0.000000,1.000000,-106725.828125,53.362911,0.000000,2161.656006,50.000000,0.000000,1.000000,-108082.796875,54.041397,0.000000,2190.664307,50.000000,0.000000,1.000000,-109533.218750,54.766613,0.000000,0.000000,-32777.648438,1277.648804,-34055.296875,214001.625000,179946.328125
ml,best,368,2026-04-18,2138.018066,10.000000,2119.938721,50.000000,0.000000,0.000000,-0.000000,0.000000,0.000000,2144.272461,50.000000,0.000000,0.000000,-0.000000,0.000000,0.000000,2170.857178,50.000000,0.000000,0.000000,-0.000000,0.000000,0.000000,0.000000,-32777.648438,1277.648804,-34055.296875,235182.734375,201127.437500
ml,best,368,2026-04-19,2144.531982,10.000000,2136.024414,50.000000,0.000000,0.000000,-0.000000,0.000000,0.000000,2160.491699,50.000000,0.000000,0.000000,-0.000000,0.000000,0.000000,2185.991699,50.000000,0.000000,0.000000,-0.000000,0.000000,0.000000,0.000000,-32777.648438,1277.648804,-34055.296875,251476.765625,217421.468750
ml,best,368,2026-04-20,2184.226074,10.000000,2163.666016,50.000000,-2.000000,-2.000000,216366.593750,108.183296,-216366.593750,2188.963623,50.000000,-2.000000,-2.000000,218896.359375,109.448174,-218896.359375,2214.334473,50.000000,-2.000000,-2.000000,221433.453125,110.716721,-221433.453125,-656696.375000,623918.750000,1605.997070,-34383.621094,358164.875000,323781.250000
ml,best,368,2026-04-21,2188.976318,10.000000,2200.012451,50.000000,-1.000000,1.000000,-110000.625000,55.000313,-110000.625000,2223.565430,50.000000,-1.000000,1.000000,-111178.273438,55.589134,-111178.273438,2248.738037,50.000000,-1.000000,1.000000,-112436.898438,56.218449,-112436.898438,-333615.812500,290302.968750,1772.804932,-45085.648438,372907.125000,327821.468750
ml,best,368,2026-04-22,2203.973633,10.000000,2240.924072,50.000000,0.000000,1.000000,-112046.203125,56.023098,0.000000,2263.120850,50.000000,0.000000,1.000000,-113156.039062,56.578018,0.000000,2288.691895,50.000000,0.000000,1.000000,-114434.593750,57.217300,0.000000,0.000000,-49333.875000,1942.623291,-51276.500000,416788.562500,365512.062500
ml,best,368,2026-04-23,2216.360840,10.000000,2242.195557,50.000000,-2.000000,-2.000000,224219.562500,112.109772,-224219.562500,2264.972168,50.000000,-2.000000,-2.000000,226497.218750,113.248611,-226497.218750,2291.030518,50.000000,-2.000000,-2.000000,229103.046875,114.551521,-229103.046875,-679819.812500,630485.937500,2282.533203,-51616.406250,452759.812500,401143.406250
ml,best,368,2026-04-24,2220.261963,10.000000,2225.376953,50.000000,-1.000000,1.000000,-111268.843750,55.634422,-111268.843750,2247.875732,50.000000,-1.000000,1.000000,-112393.789062,56.196892,-112393.789062,2273.025146,50.000000,-3.000000,-1.000000,113651.257812,56.825630,-340953.750000,-564616.375000,520474.593750,2451.189941,-46592.972656,470421.343750,423828.375000
ml,best,368,2026-04-25,2218.531738,10.000000,2223.775635,50.000000,-1.000000,0.000000,-0.000000,0.000000,-111188.781250,2247.220215,50.000000,-1.000000,0.000000,-0.000000,0.000000,-112361.007812,2274.632080,50.000000,-3.000000,0.000000,-0.000000,0.000000,-341194.812500,-564744.625000,520474.593750,2451.189941,-46721.222656,462851.312500,416130.093750
ml,best,368,2026-04-26,2172.670898,10.000000,2187.075439,50.000000,-1.000000,0.000000,-0.000000,0.000000,-109353.773438,2208.655029,50.000000,-1.000000,0.000000,-0.000000,0.000000,-110432.750000,2234.425293,50.000000,-3.000000,0.000000,-0.000000,0.000000,-335163.781250,-554950.312500,520474.593750,2451.189941,-36926.910156,349839.968750,312913.062500
ml,best,368,2026-04-27,2199.470703,10.000000,2209.456787,50.000000,-3.000000,-2.000000,220945.671875,110.472832,-331418.500000,2231.168945,50.000000,-3.000000,-2.000000,223116.890625,111.558449,-334675.343750,2257.361328,50.000000,-4.000000,-1.000000,112868.062500,56.434029,-451472.250000,-1117566.125000,1077405.250000,2729.655273,-42890.531250,425954.250000,383063.718750
ml,best,368,2026-04-28,2216.916992,10.000000,2214.379395,50.000000,-2.000000,1.000000,-110718.968750,55.359486,-221437.937500,2235.399658,50.000000,-2.000000,1.000000,-111769.984375,55.884991,-223539.968750,2262.056152,50.000000,-5.000000,-1.000000,113102.804688,56.551399,-565514.062500,-1010492.000000,968019.062500,2897.451416,-45370.390625,478473.531250,433103.125000
ml,best,368,2026-04-29,2211.941406,10.000000,2223.844727,50.000000,-1.000000,1.000000,-111192.234375,55.596119,-111192.234375,2245.315918,50.000000,-1.000000,1.000000,-112265.796875,56.132900,-112265.796875,2272.022949,50.000000,-4.000000,1.000000,-113601.148438,56.800575,-454404.593750,-677862.625000,630959.875000,3065.980957,-49968.730469,470157.906250,420189.187500
ml,best,368,2026-04-30,2164.884766,10.000000,2223.844727,50.000000,0.000000,1.000000,-111192.234375,55.596119,0.000000,2165.043945,50.000000,-2.000000,-1.000000,108252.195312,54.126099,-216504.390625,2190.180664,50.000000,-3.000000,1.000000,-109509.031250,54.754513,-328527.093750,-545031.500000,518510.812500,3230.457520,-29751.144531,351226.031250,321474.875000
ml,best,368,2026-05-01,2162.282715,10.000000,2223.844727,50.000000,-2.000000,-2.000000,222384.468750,111.192238,-222384.468750,2178.516602,50.000000,-3.000000,-1.000000,108925.828125,54.462910,-326777.500000,2204.678711,50.000000,-4.000000,-1.000000,110233.937500,55.116966,-440935.750000,-990097.750000,960055.062500,3451.229980,-33493.917969,346760.375000,313266.468750
ml,best,368,2026-05-02,2156.044678,10.000000,2223.844727,50.000000,-2.000000,0.000000,-0.000000,0.000000,-222384.468750,2178.372559,50.000000,-3.000000,0.000000,-0.000000,0.000000,-326755.875000,2204.825928,50.000000,-4.000000,0.000000,-0.000000,0.000000,-440965.187500,-990105.562500,960055.062500,3451.229980,-33501.730469,328253.437500,294751.718750
ml,best,368,2026-05-03,2120.184326,10.000000,2223.844727,50.000000,-2.000000,0.000000,-0.000000,0.000000,-222384.468750,2143.368408,50.000000,-3.000000,0.000000,-0.000000,0.000000,-321505.281250,2169.005371,50.000000,-4.000000,0.000000,-0.000000,0.000000,-433801.062500,-977690.812500,960055.062500,3451.229980,-21086.980469,235569.671875,214482.687500
ml,best,368,2026-05-04,2198.282471,10.000000,2223.844727,50.000000,-1.000000,1.000000,-111192.234375,55.596119,-111192.234375,2221.627197,50.000000,-2.000000,1.000000,-111081.359375,55.540680,-222162.718750,2247.804443,50.000000,-5.000000,-1.000000,112390.218750,56.195110,-561951.125000,-895306.062500,850171.625000,3618.561768,-48753.000000,424838.906250,376085.906250
ml,best,368,2026-05-05,2187.389404,10.000000,2223.844727,50.000000,0.000000,1.000000,-111192.234375,55.596119,0.000000,2206.651611,50.000000,-1.000000,1.000000,-110332.578125,55.166286,-110332.578125,2233.192871,50.000000,-4.000000,1.000000,-111659.640625,55.829819,-446638.562500,-556971.125000,516987.187500,3785.153809,-43769.089844,397195.125000,353426.031250
ml,best,368,2026-05-06,2307.335938,10.000000,2223.844727,50.000000,-2.000000,-2.000000,222384.468750,111.192238,-222384.468750,2337.965088,50.000000,0.000000,1.000000,-116898.257812,58.449131,0.000000,2365.217285,50.000000,-3.000000,1.000000,-118260.867188,59.130428,-354782.593750,-577167.062500,504212.562500,4013.925781,-76968.421875,695605.187500,618636.750000
ml,best,368,2026-05-07,2289.230469,10.000000,2223.844727,50.000000,-1.000000,1.000000,-111192.234375,55.596119,-111192.234375,2301.759521,50.000000,-2.000000,-2.000000,230175.953125,115.087975,-230175.953125,2328.812744,50.000000,-2.000000,1.000000,-116440.640625,58.220318,-232881.281250,-574249.500000,506755.625000,4242.830078,-71736.703125,650315.437500,578578.750000
ml,best,368,2026-05-08,2324.117676,10.000000,2223.844727,50.000000,0.000000,1.000000,-111192.234375,55.596119,0.000000,2339.129395,50.000000,-1.000000,1.000000,-116956.468750,58.478237,-116956.468750,2368.021729,50.000000,-1.000000,1.000000,-118401.085938,59.200542,-118401.085938,-235357.562500,160205.843750,4416.104980,-79567.820312,732786.000000,653218.187500
ml,best,368,2026-05-09,2340.580811,10.000000,2223.844727,50.000000,0.000000,0.000000,-0.000000,0.000000,0.000000,2365.319336,50.000000,-1.000000,0.000000,-0.000000,0.000000,-118265.968750,2395.234131,50.000000,-1.000000,0.000000,-0.000000,0.000000,-119761.703125,-238027.671875,160205.843750,4416.104980,-82237.929688,772827.812500,690589.875000
ml,best,368,2026-05-10,2343.553711,10.000000,2223.844727,50.000000,0.000000,0.000000,-0.000000,0.000000,0.000000,2391.964600,50.000000,-1.000000,0.000000,-0.000000,0.000000,-119598.226562,2422.012939,50.000000,-1.000000,0.000000,-0.000000,0.000000,-121100.648438,-240698.875000,160205.843750,4416.104980,-84909.132812,786640.875000,701731.750000
ml,best,368,2026-05-11,2407.623535,10.000000,2223.844727,50.000000,-2.000000,-2.000000,222384.468750,111.192238,-222384.468750,2437.267822,50.000000,0.000000,1.000000,-121863.390625,60.931694,0.000000,2466.202393,50.000000,0.000000,1.000000,-123310.117188,61.655056,0.000000,-222384.468750,137416.812500,4649.883789,-89617.539062,947153.500000,857535.937500
ml,best,368,2026-05-12,2440.165039,10.000000,2223.844727,50.000000,-1.000000,1.000000,-111192.234375,55.596119,-111192.234375,2466.686279,50.000000,-2.000000,-2.000000,246668.625000,123.334312,-246668.625000,2501.753906,50.000000,-2.000000,-2.000000,250175.390625,125.087700,-250175.390625,-608036.250000,523068.593750,4953.902344,-89921.562500,1025622.750000,935701.187500
ml,best,368,2026-05-13,2425.620850,10.000000,2223.844727,50.000000,0.000000,1.000000,-111192.234375,55.596119,0.000000,2450.027100,50.000000,-1.000000,1.000000,-122501.351562,61.250675,-122501.351562,2478.407715,50.000000,-1.000000,1.000000,-123920.382812,61.960194,-123920.382812,-246421.734375,165454.625000,5132.708984,-86099.820312,993962.562500,907862.750000
ml,best,368,2026-05-14,2413.440918,10.000000,2223.844727,50.000000,-2.000000,-2.000000,222384.468750,111.192238,-222384.468750,2441.411621,50.000000,0.000000,1.000000,-122070.578125,61.035286,0.000000,2470.927734,50.000000,-2.000000,-1.000000,123546.390625,61.773193,-247092.781250,-469477.250000,389314.906250,5366.709961,-85529.054688,958701.937500,873172.875000
ml,best,368,2026-05-15,2467.809326,10.000000,2223.844727,50.000000,-1.000000,1.000000,-111192.234375,55.596119,-111192.234375,2486.967041,50.000000,-2.000000,-2.000000,248696.703125,124.348351,-248696.703125,2513.440186,50.000000,-1.000000,1.000000,-125672.007812,62.836006,-125672.007812,-485560.937500,401147.343750,5609.490234,-90023.085938,1094538.625000,1004515.562500
ml,best,368,2026-05-16,2479.714844,10.000000,2223.844727,50.000000,-1.000000,0.000000,-0.000000,0.000000,-111192.234375,2501.754639,50.000000,-2.000000,0.000000,-0.000000,0.000000,-250175.468750,2532.951416,50.000000,-1.000000,0.000000,-0.000000,0.000000,-126647.570312,-488015.250000,401147.343750,5609.490234,-92477.398438,1123264.125000,1030786.750000
ml,best,368,2026-05-17,2558.362305,10.000000,2223.844727,50.000000,-1.000000,0.000000,-0.000000,0.000000,-111192.234375,2584.002686,50.000000,-2.000000,0.000000,-0.000000,0.000000,-258400.265625,2613.573975,50.000000,-1.000000,0.000000,-0.000000,0.000000,-130678.695312,-500271.187500,401147.343750,5609.490234,-104733.335938,1321144.000000,1216410.625000
ml,best,368,2026-05-18,2567.533203,10.000000,2223.844727,50.000000,0.000000,1.000000,-111192.234375,55.596119,0.000000,2589.295654,50.000000,-1.000000,1.000000,-129464.781250,64.732384,-129464.781250,2620.558350,50.000000,0.000000,1.000000,-131027.914062,65.513954,0.000000,-129464.781250,29462.429688,5795.332520,-105797.687500,1343029.875000,1237232.250000
ml,best,368,2026-05-19,2632.263428,10.000000,2223.844727,50.000000,-2.000000,-2.000000,222384.468750,111.192238,-222384.468750,2666.854004,50.000000,0.000000,1.000000,-133342.703125,66.671349,0.000000,2697.937744,50.000000,-2.000000,-2.000000,269793.781250,134.896881,-269793.781250,-492178.250000,388298.000000,6108.093750,-109988.343750,1504789.000000,1394800.625000
ml,best,368,2026-05-20,2627.355469,10.000000,2223.844727,50.000000,-1.000000,1.000000,-111192.234375,55.596119,-111192.234375,2639.805664,50.000000,-2.000000,-2.000000,263980.562500,131.990265,-263980.562500,2666.553955,50.000000,-1.000000,1.000000,-133327.703125,66.663849,-133327.703125,-508500.500000,407758.593750,6362.343262,-107104.250000,1491403.000000,1384298.750000
ml,best,368,2026-05-21,2616.492188,10.000000,2223.844727,50.000000,0.000000,1.000000,-111192.234375,55.596119,0.000000,2641.319092,50.000000,-1.000000,1.000000,-132065.953125,66.032974,-132065.953125,2665.500244,50.000000,-3.000000,-2.000000,266550.031250,133.275009,-399825.062500,-531891.000000,431050.437500,6617.247070,-107457.812500,1464639.750000,1357182.000000
ml,best,368,2026-05-22,2593.462891,10.000000,2223.844727,50.000000,-2.000000,-2.000000,222384.468750,111.192238,-222384.468750,2599.234863,50.000000,0.000000,1.000000,-129961.742188,64.980865,0.000000,2621.258301,50.000000,-2.000000,1.000000,-131062.914062,65.531456,-262125.828125,-484510.312500,392410.250000,6858.952148,-98959.015625,1401891.875000,1302932.875000
ml,best,368,2026-05-23,2583.934570,10.000000,2223.844727,50.000000,-2.000000,0.000000,-0.000000,0.000000,-222384.468750,2592.168457,50.000000,0.000000,0.000000,-0.000000,0.000000,0.000000,2611.944092,50.000000,-2.000000,0.000000,-0.000000,0.000000,-261194.406250,-483578.875000,392410.250000,6858.952148,-98027.578125,1374051.375000,1276023.750000
ml,best,368,2026-05-24,2635.903320,10.000000,2223.844727,50.000000,-2.000000,0.000000,-0.000000,0.000000,-222384.468750,2670.710938,50.000000,0.000000,0.000000,-0.000000,0.000000,0.000000,2691.252686,50.000000,-2.000000,0.000000,-0.000000,0.000000,-269125.281250,-491509.750000,392410.250000,6858.952148,-105958.453125,1498442.750000,1392484.250000
ml,best,368,2026-05-25,2658.580566,10.000000,2223.844727,50.000000,-2.000000,0.000000,-0.000000,0.000000,-222384.468750,2692.319580,50.000000,0.000000,0.000000,-0.000000,0.000000,0.000000,2714.133789,50.000000,-2.000000,0.000000,-0.000000,0.000000,-271413.375000,-493797.843750,392410.250000,6858.952148,-108246.546875,1551230.750000,1442984.250000
ml,best,368,2026-05-26,2793.113525,10.000000,2223.844727,50.000000,-1.000000,1.000000,-111192.234375,55.596119,-111192.234375,2853.537842,50.000000,-2.000000,-2.000000,285353.781250,142.676880,-285353.781250,2878.536133,50.000000,-1.000000,1.000000,-143926.812500,71.963402,-143926.812500,-540472.812500,422645.000000,7129.188477,-124957.000000,1882966.000000,1758009.000000
ml,best,368,2026-05-27,2843.176514,10.000000,2223.844727,50.000000,0.000000,1.000000,-111192.234375,55.596119,0.000000,2867.976318,50.000000,-1.000000,1.000000,-143398.812500,71.699402,-143398.812500,2888.153564,50.000000,0.000000,1.000000,-144407.671875,72.203835,0.000000,-143398.812500,23646.273438,7328.688477,-127081.226562,2009179.500000,1882098.250000
ml,best,368,2026-05-28,2911.265625,10.000000,2223.844727,50.000000,-2.000000,-2.000000,222384.468750,111.192238,-222384.468750,2946.008789,50.000000,0.000000,1.000000,-147300.437500,73.650215,0.000000,2969.630127,50.000000,-2.000000,-2.000000,296963.000000,148.481491,-296963.000000,-519347.468750,395693.312500,7662.011719,-131316.171875,2175829.000000,2044512.875000
ml,best,368,2026-05-29,3006.814697,10.000000,2223.844727,50.000000,-1.000000,1.000000,-111192.234375,55.596119,-111192.234375,3029.845947,50.000000,-2.000000,-2.000000,302984.593750,151.492294,-302984.593750,3053.005371,50.000000,-1.000000,1.000000,-152650.265625,76.325127,-152650.265625,-566827.062500,434835.406250,7945.425293,-139937.078125,2417631.500000,2277694.500000
ml,best,368,2026-05-30,3063.032227,10.000000,2223.844727,50.000000,-1.000000,0.000000,-0.000000,0.000000,-111192.234375,3077.724609,50.000000,-2.000000,0.000000,-0.000000,0.000000,-307772.468750,3106.507324,50.000000,-1.000000,0.000000,-0.000000,0.000000,-155325.359375,-574290.062500,434835.406250,7945.425293,-147400.078125,2551995.500000,2404595.500000
ml,best,368,2026-05-31,3057.595215,10.000000,2223.844727,50.000000,-1.000000,0.000000,-0.000000,0.000000,-111192.234375,3086.384521,50.000000,-2.000000,0.000000,-0.000000,0.000000,-308638.437500,3113.858154,50.000000,-1.000000,0.000000,-0.000000,0.000000,-155692.906250,-575523.625000,434835.406250,7945.425293,-148633.640625,2529844.500000,2381210.750000
ml,best,368,2026-06-01,3130.623535,10.000000,2223.844727,50.000000,0.000000,1.000000,-111192.234375,55.596119,0.000000,3153.676514,50.000000,-1.000000,1.000000,-157683.828125,78.841911,-157683.828125,3184.343018,50.000000,0.000000,1.000000,-159217.156250,79.608574,0.000000,-157683.828125,6742.179688,8159.471680,-159101.125000,2706741.500000,2547640.500000
ml,best,368,2026-06-02,3130.220215,10.000000,2223.844727,50.000000,-2.000000,-2.000000,222384.468750,111.192238,-222384.468750,3143.563721,50.000000,0.000000,1.000000,-157178.187500,78.589088,0.000000,3172.995605,50.000000,-2.000000,-2.000000,317299.562500,158.649765,-317299.562500,-539684.000000,389248.031250,8507.903320,-158943.875000,2700504.500000,2541560.500000
ml,best,368,2026-06-03,3184.135498,10.000000,2223.844727,50.000000,-1.000000,1.000000,-111192.234375,55.596119,-111192.234375,3219.600342,50.000000,-2.000000,-2.000000,321960.031250,160.980011,-321960.031250,3250.314941,50.000000,-1.000000,1.000000,-162515.750000,81.257874,-162515.750000,-595668.000000,437500.062500,8805.737305,-166973.671875,2838190.000000,2671216.250000
ml,best,368,2026-06-04,3213.813232,10.000000,2223.844727,50.000000,0.000000,1.000000,-111192.234375,55.596119,0.000000,3224.913086,50.000000,-1.000000,1.000000,-161245.656250,80.622826,-161245.656250,3252.255859,50.000000,0.000000,1.000000,-162612.796875,81.306396,0.000000,-161245.656250,2449.382812,9023.261719,-167819.546875,2908060.500000,2740241.000000
ml,best,368,2026-06-05,3281.957275,10.000000,2223.844727,50.000000,-2.000000,-2.000000,222384.468750,111.192238,-222384.468750,3267.364746,50.000000,0.000000,1.000000,-163368.234375,81.684120,0.000000,3293.208008,50.000000,-2.000000,-2.000000,329320.812500,164.660400,-329320.812500,-551705.250000,390786.437500,9380.798828,-170299.609375,3080698.000000,2910398.500000
ml,best,368,2026-06-06,3307.741943,10.000000,2223.844727,50.000000,-2.000000,0.000000,-0.000000,0.000000,-222384.468750,3296.054443,50.000000,0.000000,0.000000,-0.000000,0.000000,0.000000,3321.354736,50.000000,-2.000000,0.000000,-0.000000,0.000000,-332135.468750,-554519.937500,390786.437500,9380.798828,-173114.296875,3154086.000000,2980971.750000
ml,best,368,2026-06-07,3337.062988,10.000000,2223.844727,50.000000,-2.000000,0.000000,-0.000000,0.000000,-222384.468750,3354.761719,50.000000,0.000000,0.000000,-0.000000,0.000000,0.000000,3383.216064,50.000000,-2.000000,0.000000,-0.000000,0.000000,-338321.593750,-560706.062500,390786.437500,9380.798828,-179300.421875,3223243.000000,3043942.500000
ml,best,368,2026-06-08,3358.120850,10.000000,2223.844727,50.000000,-1.000000,1.000000,-111192.234375,55.596119,-111192.234375,3380.768311,50.000000,-2.000000,-2.000000,338076.843750,169.038422,-338076.843750,3402.319580,50.000000,-1.000000,1.000000,-170115.984375,85.057991,-170115.984375,-619385.062500,447555.031250,9690.492188,-181520.531250,3275419.750000,3093899.250000
ml,best,368,2026-06-09,3300.179932,10.000000,2223.844727,50.000000,0.000000,1.000000,-111192.234375,55.596119,0.000000,3320.302002,50.000000,-1.000000,1.000000,-166015.093750,83.007545,-166015.093750,3338.460449,50.000000,0.000000,1.000000,-166923.015625,83.461502,0.000000,-166015.093750,3424.710938,9912.556641,-172502.937500,3127181.750000,2954678.750000
ml,best,368,2026-06-10,3358.066406,10.000000,2223.844727,50.000000,-2.000000,-2.000000,222384.468750,111.192238,-222384.468750,3377.248535,50.000000,-3.000000,-2.000000,337724.843750,168.862427,-506587.312500,3393.463867,50.000000,-2.000000,-2.000000,339346.375000,169.673187,-339346.375000,-1068318.125000,902880.375000,10362.285156,-175800.031250,3268861.750000,3093061.750000
ml,best,368,2026-06-11,3318.595703,10.000000,2223.844727,50.000000,-1.000000,1.000000,-111192.234375,55.596119,-111192.234375,3326.189453,50.000000,-2.000000,1.000000,-166309.468750,83.154732,-332618.937500,3347.396240,50.000000,-1.000000,1.000000,-167369.812500,83.684906,-167369.812500,-611181.000000,458008.875000,10584.720703,-163756.843750,3170198.000000,3006441.250000
ml,best,368,2026-06-12,3336.515869,10.000000,2223.844727,50.000000,0.000000,1.000000,-111192.234375,55.596119,0.000000,3344.576416,50.000000,-3.000000,-1.000000,167228.828125,83.614410,-501686.468750,3369.305908,50.000000,-3.000000,-2.000000,336930.593750,168.465302,-505395.906250,-1007082.375000,850976.125000,10892.396484,-166998.640625,3210479.500000,3043480.750000
ml,best,368,2026-06-13,3298.137939,10.000000,2223.844727,50.000000,0.000000,0.000000,-0.000000,0.000000,0.000000,3307.004395,50.000000,-3.000000,0.000000,-0.000000,0.000000,-496050.687500,3334.781494,50.000000,-3.000000,0.000000,-0.000000,0.000000,-500217.250000,-996267.937500,850976.125000,10892.396484,-156184.203125,3116116.000000,2959931.750000
ml,best,368,2026-06-14,3339.922119,10.000000,2223.844727,50.000000,0.000000,0.000000,-0.000000,0.000000,0.000000,3355.982910,50.000000,-3.000000,0.000000,-0.000000,0.000000,-503397.468750,3390.153809,50.000000,-3.000000,0.000000,-0.000000,0.000000,-508523.062500,-1011920.500000,850976.125000,10892.396484,-171836.765625,3217618.750000,3045782.000000
ml,best,368,2026-06-15,3371.473389,10.000000,2223.844727,50.000000,-2.000000,-2.000000,222384.468750,111.192238,-222384.468750,3379.472900,50.000000,-2.000000,1.000000,-168973.640625,84.486816,-337947.281250,3414.060547,50.000000,-2.000000,1.000000,-170703.031250,85.351509,-341406.062500,-901737.812500,733683.875000,11173.426758,-179227.359375,3291525.500000,3112298.250000
ml,best,368,2026-06-16,3356.619141,10.000000,2223.844727,50.000000,-1.000000,1.000000,-111192.234375,55.596119,-111192.234375,3381.437988,50.000000,-1.000000,1.000000,-169071.906250,84.535950,-169071.906250,3411.963379,50.000000,-1.000000,1.000000,-170598.171875,85.299088,-170598.171875,-450862.312500,282821.562500,11398.857422,-179439.609375,3252717.000000,3073277.500000
ml,best,368,2026-06-17,3354.491211,10.000000,2223.844727,50.000000,0.000000,1.000000,-111192.234375,55.596119,0.000000,3375.177490,50.000000,0.000000,1.000000,-168758.875000,84.379433,0.000000,3400.440918,50.000000,0.000000,1.000000,-170022.046875,85.011024,0.000000,0.000000,-167151.593750,11623.844727,-178775.437500,3249687.750000,3070912.250000
ml,best,368,2026-06-18,3359.331787,10.000000,2223.844727,50.000000,-2.000000,-2.000000,222384.468750,111.192238,-222384.468750,3385.076172,50.000000,-2.000000,-2.000000,338507.625000,169.253815,-338507.625000,3407.561035,50.000000,-2.000000,-2.000000,340756.093750,170.378052,-340756.093750,-901648.250000,734496.562500,12074.668945,-179226.359375,3262654.250000,3083428.000000
ml,best,368,2026-06-19,3345.204346,10.000000,2223.844727,50.000000,-2.000000,0.000000,-0.000000,0.000000,-222384.468750,3370.167725,50.000000,-2.000000,0.000000,-0.000000,0.000000,-337016.781250,3387.580811,50.000000,-2.000000,0.000000,-0.000000,0.000000,-338758.093750,-898159.375000,734496.562500,12074.668945,-175737.484375,3224331.250000,3048593.750000
ml,best,368,2026-06-20,3352.556152,10.000000,2223.844727,50.000000,-2.000000,0.000000,-0.000000,0.000000,-222384.468750,3344.427734,50.000000,-2.000000,0.000000,-0.000000,0.000000,-334442.781250,3362.419922,50.000000,-2.000000,0.000000,-0.000000,0.000000,-336242.000000,-893069.250000,734496.562500,12074.668945,-170647.359375,3243478.250000,3072831.000000
ml,best,368,2026-06-21,3333.163818,10.000000,2223.844727,50.000000,-2.000000,0.000000,-0.000000,0.000000,-222384.468750,3320.657715,50.000000,-2.000000,0.000000,-0.000000,0.000000,-332065.781250,3343.587402,50.000000,-2.000000,0.000000,-0.000000,0.000000,-334358.750000,-888809.000000,734496.562500,12074.668945,-166387.109375,3195439.750000,3029052.750000
ml,best,368,2026-06-22,3314.872559,10.000000,2223.844727,50.000000,-1.000000,1.000000,-111192.234375,55.596119,-111192.234375,3315.631836,50.000000,-1.000000,1.000000,-165781.593750,82.890800,-165781.593750,3341.594727,50.000000,-1.000000,1.000000,-167079.734375,83.539864,-167079.734375,-444053.562500,290443.031250,12296.695312,-165907.218750,3147136.000000,2981228.750000
ml,best,368,2026-06-23,3374.062500,10.000000,2223.844727,50.000000,0.000000,1.000000,-111192.234375,55.596119,0.000000,3399.959229,50.000000,-3.000000,-2.000000,339995.937500,169.997971,-509993.906250,3426.552734,50.000000,-3.000000,-2.000000,342655.281250,171.327637,-513982.906250,-1023976.812500,861902.000000,12693.617188,-174768.437500,3295149.250000,3120380.750000
ml,best,368,2026-06-24,3349.433838,10.000000,2223.844727,50.000000,-2.000000,-2.000000,222384.468750,111.192238,-222384.468750,3349.019531,50.000000,-2.000000,1.000000,-167450.968750,83.725487,-334901.937500,3372.600830,50.000000,-2.000000,1.000000,-168630.046875,84.315025,-337260.093750,-894546.500000,748205.437500,12972.849609,-159313.906250,3231459.000000,3072145.000000
ml,best,368,2026-06-25,3398.810303,10.000000,2223.844727,50.000000,-1.000000,1.000000,-111192.234375,55.596119,-111192.234375,3422.165771,50.000000,-3.000000,-1.000000,171108.281250,85.554138,-513324.843750,3448.427246,50.000000,-3.000000,-1.000000,172421.359375,86.210678,-517264.062500,-1141781.125000,980542.875000,13200.210938,-174438.468750,3355091.500000,3180653.000000
ml,best,368,2026-06-26,3392.524658,10.000000,2223.844727,50.000000,0.000000,1.000000,-111192.234375,55.596119,0.000000,3421.137939,50.000000,-2.000000,1.000000,-171056.890625,85.528442,-342113.781250,3449.890869,50.000000,-2.000000,1.000000,-172494.546875,86.247276,-344989.093750,-687102.875000,525799.187500,13427.583008,-174731.265625,3338295.750000,3163564.500000
ml,best,368,2026-06-27,3422.140381,10.000000,2223.844727,50.000000,0.000000,0.000000,-0.000000,0.000000,0.000000,3438.055176,50.000000,-2.000000,0.000000,-0.000000,0.000000,-343805.531250,3468.882324,50.000000,-2.000000,0.000000,-0.000000,0.000000,-346888.218750,-690693.750000,525799.187500,13427.583008,-178322.140625,3412313.750000,3233991.500000
ml,best,368,2026-06-28,3456.593750,10.000000,2223.844727,50.000000,0.000000,0.000000,-0.000000,0.000000,0.000000,3480.405518,50.000000,-2.000000,0.000000,-0.000000,0.000000,-348040.562500,3510.451172,50.000000,-2.000000,0.000000,-0.000000,0.000000,-351045.125000,-699085.687500,525799.187500,13427.583008,-186714.078125,3495108.000000,3308394.000000
ml,best,368,2026-06-29,3489.882324,10.000000,2223.844727,50.000000,-2.000000,-2.000000,222384.468750,111.192238,-222384.468750,3511.324463,50.000000,-1.000000,1.000000,-175566.218750,87.783112,-175566.218750,3539.676514,50.000000,-1.000000,1.000000,-176983.828125,88.491913,-176983.828125,-574934.500000,395633.625000,13715.050781,-193015.921875,3578821.000000,3385805.000000
ml,best,368,2026-06-30,3558.405273,10.000000,2223.844727,50.000000,-1.000000,1.000000,-111192.234375,55.596119,-111192.234375,3564.401611,50.000000,0.000000,1.000000,-178220.078125,89.110039,0.000000,3592.829346,50.000000,0.000000,1.000000,-179641.468750,89.820732,0.000000,-111192.234375,-73420.164062,13949.577148,-198561.984375,3749760.250000,3551198.250000
ml,best,368,2026-07-01,3584.081543,10.000000,2223.844727,50.000000,0.000000,1.000000,-111192.234375,55.596119,0.000000,3623.602051,50.000000,-2.000000,-2.000000,362360.218750,181.180115,-362360.218750,3653.597412,50.000000,-2.000000,-2.000000,365359.750000,182.679871,-365359.750000,-727720.000000,543107.562500,14369.032227,-198981.468750,3814934.750000,3615953.250000
ml,best,368,2026-07-02,3608.511230,10.000000,2223.844727,50.000000,-2.000000,-2.000000,222384.468750,111.192238,-222384.468750,3632.552734,50.000000,-1.000000,1.000000,-181627.640625,90.813820,-181627.640625,3663.819580,50.000000,-1.000000,1.000000,-183190.984375,91.595490,-183190.984375,-587203.125000,400673.437500,14662.634766,-201192.328125,3876653.000000,3675460.750000
ml,best,368,2026-07-03,3596.181396,10.000000,2223.844727,50.000000,-1.000000,1.000000,-111192.234375,55.596119,-111192.234375,3631.980713,50.000000,0.000000,1.000000,-181599.031250,90.799507,0.000000,3661.872070,50.000000,0.000000,1.000000,-183093.609375,91.546806,0.000000,-111192.234375,-75211.460938,14900.577148,-201304.265625,3847522.500000,3646218.250000
ml,best,368,2026-07-04,3681.858887,10.000000,2223.844727,50.000000,-1.000000,0.000000,-0.000000,0.000000,-111192.234375,3710.890137,50.000000,0.000000,0.000000,-0.000000,0.000000,0.000000,3743.385986,50.000000,0.000000,0.000000,-0.000000,0.000000,0.000000,-111192.234375,-75211.460938,14900.577148,-201304.265625,4032412.250000,3831108.000000
ml,best,368,2026-07-05,3576.873535,10.000000,2223.844727,50.000000,-1.000000,0.000000,-0.000000,0.000000,-111192.234375,3567.379395,50.000000,0.000000,0.000000,-0.000000,0.000000,0.000000,3598.076416,50.000000,0.000000,0.000000,-0.000000,0.000000,0.000000,-111192.234375,-75211.460938,14900.577148,-201304.265625,3803924.500000,3602620.250000
ml,best,368,2026-07-06,3634.261230,10.000000,2223.844727,50.000000,0.000000,1.000000,-111192.234375,55.596119,0.000000,3639.835938,50.000000,-2.000000,-2.000000,363983.593750,181.991791,-363983.593750,3672.814209,50.000000,-2.000000,-2.000000,367281.406250,183.640701,-367281.406250,-731265.000000,544861.312500,15321.805664,-201725.500000,3928643.750000,3726918.250000
ml,best,368,2026-07-07,3641.394287,10.000000,2223.844727,50.000000,-2.000000,-2.000000,222384.468750,111.192238,-222384.468750,3679.395020,50.000000,-1.000000,1.000000,-183969.750000,91.984871,-183969.750000,3715.378174,50.000000,-1.000000,1.000000,-185768.906250,92.884445,-185768.906250,-592123.125000,397507.125000,15617.867188,-210233.875000,3944497.750000,3734264.000000
ml,best,368,2026-07-08,3659.106201,10.000000,2223.844727,50.000000,-1.000000,1.000000,-111192.234375,55.596119,-111192.234375,3665.111084,50.000000,0.000000,1.000000,-183255.546875,91.627769,0.000000,3704.939697,50.000000,0.000000,1.000000,-185246.984375,92.623489,0.000000,-111192.234375,-82187.648438,15857.713867,-209237.593750,3978390.750000,3769153.250000
ml,best,368,2026-07-09,3654.781738,10.000000,2223.844727,50.000000,0.000000,1.000000,-111192.234375,55.596119,0.000000,3645.309814,50.000000,-2.000000,-2.000000,364530.968750,182.265488,-364530.968750,3683.218262,50.000000,-2.000000,-2.000000,368321.812500,184.160889,-368321.812500,-732852.750000,539472.937500,16279.737305,-209659.546875,3969477.750000,3759818.250000
ml,best,368,2026-07-10,3634.136475,10.000000,2223.844727,50.000000,-2.000000,-2.000000,222384.468750,111.192238,-222384.468750,3625.638184,50.000000,-1.000000,1.000000,-181281.906250,90.640945,-181281.906250,3665.643799,50.000000,-1.000000,1.000000,-183282.187500,91.641090,-183282.187500,-586948.562500,397293.250000,16573.210938,-206228.531250,3934236.750000,3728008.250000
ml,best,368,2026-07-11,3661.162109,10.000000,2223.844727,50.000000,-2.000000,0.000000,-0.000000,0.000000,-222384.468750,3661.267822,50.000000,-1.000000,0.000000,-0.000000,0.000000,-183063.390625,3703.975830,50.000000,-1.000000,0.000000,-0.000000,0.000000,-185198.796875,-590646.687500,397293.250000,16573.210938,-209926.656250,3977703.000000,3767776.250000
ml,best,368,2026-07-12,3683.998047,10.000000,2223.844727,50.000000,-2.000000,0.000000,-0.000000,0.000000,-222384.468750,3682.477295,50.000000,-1.000000,0.000000,-0.000000,0.000000,-184123.859375,3723.371826,50.000000,-1.000000,0.000000,-0.000000,0.000000,-186168.593750,-592676.875000,397293.250000,16573.210938,-211956.843750,4016138.000000,3804181.250000
ml,best,368,2026-07-13,3682.610352,10.000000,2223.844727,50.000000,-1.000000,1.000000,-111192.234375,55.596119,-111192.234375,3660.794434,50.000000,0.000000,1.000000,-183039.718750,91.519859,0.000000,3701.725586,50.000000,0.000000,1.000000,-185086.281250,92.543137,0.000000,-111192.234375,-82024.960938,16812.871094,-210030.062500,4013356.250000,3803326.250000
ml,best,368,2026-07-14,3696.075684,10.000000,2223.844727,50.000000,0.000000,1.000000,-111192.234375,55.596119,0.000000,3701.291748,50.000000,-2.000000,-2.000000,370129.187500,185.064590,-370129.187500,3740.379395,50.000000,-2.000000,-2.000000,374037.937500,187.018967,-374037.937500,-744167.125000,550950.000000,17240.550781,-210457.671875,4034535.500000,3824077.750000
ml,best,368,2026-07-15,3667.008057,10.000000,2223.844727,50.000000,-2.000000,-2.000000,222384.468750,111.192238,-222384.468750,3671.903564,50.000000,-1.000000,1.000000,-183595.171875,91.797585,-183595.171875,3706.416260,50.000000,-1.000000,1.000000,-185320.812500,92.660400,-185320.812500,-591300.437500,404418.437500,17536.199219,-204418.203125,3992956.250000,3788538.000000
ml,best,368,2026-07-16,3594.933105,10.000000,2223.844727,50.000000,-1.000000,1.000000,-111192.234375,55.596119,-111192.234375,3588.112549,50.000000,0.000000,1.000000,-179405.625000,89.702812,0.000000,3621.933594,50.000000,-2.000000,-1.000000,181096.687500,90.548340,-362193.375000,-473385.625000,294917.250000,17772.046875,-196240.421875,3899771.750000,3703531.250000
ml,best,368,2026-07-17,3514.762451,10.000000,2223.844727,50.000000,0.000000,1.000000,-111192.234375,55.596119,0.000000,3508.718018,50.000000,-2.000000,-2.000000,350871.812500,175.435898,-350871.812500,3540.059082,50.000000,-1.000000,1.000000,-177002.953125,88.501472,-177002.953125,-527874.750000,357593.875000,18091.582031,-188372.453125,3804506.000000,3616133.500000
ml,best,368,2026-07-18,3509.366699,10.000000,2223.844727,50.000000,0.000000,0.000000,-0.000000,0.000000,0.000000,3531.582275,50.000000,-2.000000,0.000000,-0.000000,0.000000,-353158.218750,3563.409424,50.000000,-1.000000,0.000000,-0.000000,0.000000,-178170.468750,-531328.687500,357593.875000,18091.582031,-191826.390625,3798595.500000,3606769.000000
ml,best,368,2026-07-19,3498.149414,10.000000,2223.844727,50.000000,0.000000,0.000000,-0.000000,0.000000,0.000000,3502.299072,50.000000,-2.000000,0.000000,-0.000000,0.000000,-350229.906250,3532.779053,50.000000,-1.000000,0.000000,-0.000000,0.000000,-176638.953125,-526868.875000,357593.875000,18091.582031,-187366.578125,3786606.750000,3599240.250000
ml,best,368,2026-07-20,3552.912109,10.000000,2223.844727,50.000000,-2.000000,-2.000000,222384.468750,111.192238,-222384.468750,3572.149170,50.000000,-1.000000,1.000000,-178607.453125,89.303726,-178607.453125,3601.512695,50.000000,-3.000000,-2.000000,360151.281250,180.075638,-540226.875000,-941218.812500,761522.187500,18472.152344,-198168.781250,3846197.000000,3648028.250000
ml,best,368,2026-07-21,3602.895752,10.000000,2223.844727,50.000000,-1.000000,1.000000,-111192.234375,55.596119,-111192.234375,3619.766357,50.000000,0.000000,1.000000,-180988.312500,90.494156,0.000000,3652.041016,50.000000,-2.000000,1.000000,-182602.046875,91.301025,-365204.093750,-476396.312500,286739.562500,18709.542969,-208366.296875,3895368.000000,3687001.750000
ml,best,368,2026-07-22,3598.527832,10.000000,2223.844727,50.000000,0.000000,1.000000,-111192.234375,55.596119,0.000000,3592.451172,50.000000,-2.000000,-2.000000,359245.125000,179.622559,-359245.125000,3624.488770,50.000000,-1.000000,1.000000,-181224.437500,90.612213,-181224.437500,-540469.562500,353568.062500,19035.375000,-205936.875000,3891429.500000,3685492.500000
ml,best,368,2026-07-23,3605.349854,10.000000,2223.844727,50.000000,-2.000000,-2.000000,222384.468750,111.192238,-222384.468750,3609.067139,50.000000,-1.000000,1.000000,-180453.359375,90.226677,-180453.359375,3641.665039,50.000000,-3.000000,-2.000000,364166.500000,182.083252,-546249.750000,-949087.562500,759665.625000,19418.876953,-208840.812500,3897024.750000,3688184.000000
ml,best,368,2026-07-24,3485.149658,10.000000,2223.844727,50.000000,-1.000000,1.000000,-111192.234375,55.596119,-111192.234375,3463.828369,50.000000,0.000000,1.000000,-173191.421875,86.595711,0.000000,3495.132324,50.000000,-2.000000,1.000000,-174756.609375,87.378304,-349513.218750,-460705.437500,300525.375000,19648.447266,-179828.515625,3818787.250000,3638958.750000
ml,best,368,2026-07-25,3464.924072,10.000000,2223.844727,50.000000,-1.000000,0.000000,-0.000000,0.000000,-111192.234375,3449.072266,50.000000,0.000000,0.000000,-0.000000,0.000000,0.000000,3482.054199,50.000000,-2.000000,0.000000,-0.000000,0.000000,-348205.406250,-459397.625000,300525.375000,19648.447266,-178520.703125,3808062.500000,3629541.750000
ml,best,368,2026-07-26,3414.114746,10.000000,2223.844727,50.000000,-1.000000,0.000000,-0.000000,0.000000,-111192.234375,3387.946045,50.000000,0.000000,0.000000,-0.000000,0.000000,0.000000,3418.435791,50.000000,-2.000000,0.000000,-0.000000,0.000000,-341843.593750,-453035.812500,300525.375000,19648.447266,-172158.890625,3780700.000000,3608541.000000
ml,best,368,2026-07-27,3396.441895,10.000000,2223.844727,50.000000,0.000000,1.000000,-111192.234375,55.596119,0.000000,3406.424805,50.000000,-2.000000,-2.000000,340642.468750,170.321228,-340642.468750,3436.309814,50.000000,-3.000000,-1.000000,171815.484375,85.907745,-515446.500000,-856089.000000,701791.125000,19960.273438,-174258.156250,3771387.500000,3597129.250000
ml,best,368,2026-07-28,3418.086182,10.000000,2223.844727,50.000000,-2.000000,-2.000000,222384.468750,111.192238,-222384.468750,3406.201416,50.000000,-1.000000,1.000000,-170310.078125,85.155037,-170310.078125,3434.205078,50.000000,-2.000000,1.000000,-171710.250000,85.855125,-343420.500000,-736115.062500,582155.250000,20242.474609,-174202.281250,3781067.250000,3606865.000000
ml,best,368,2026-07-29,3421.278809,10.000000,2223.844727,50.000000,-1.000000,1.000000,-111192.234375,55.596119,-111192.234375,3419.742676,50.000000,0.000000,1.000000,-170987.140625,85.493568,0.000000,3447.649902,50.000000,-3.000000,-1.000000,172382.500000,86.191246,-517147.468750,-628339.687500,472358.343750,20469.755859,-176451.093750,3782386.500000,3605935.500000
ml,best,368,2026-07-30,3520.468750,10.000000,2223.844727,50.000000,0.000000,1.000000,-111192.234375,55.596119,0.000000,3419.742676,50.000000,-2.000000,-2.000000,341974.281250,170.987137,-341974.281250,3586.222168,50.000000,-2.000000,1.000000,-179311.109375,89.655556,-358622.218750,-700596.500000,523829.312500,20785.994141,-197553.187500,3804337.000000,3606783.750000
ml,best,368,2026-07-31,3527.115967,10.000000,2223.844727,50.000000,-2.000000,-2.000000,222384.468750,111.192238,-222384.468750,3419.742676,50.000000,-1.000000,1.000000,-170987.140625,85.493568,-170987.140625,3564.490967,50.000000,-1.000000,1.000000,-178224.546875,89.112274,-178224.546875,-571596.187500,397002.062500,21071.792969,-195665.921875,3805488.750000,3609822.750000
ml,best,368,2026-08-01,3543.407227,10.000000,2223.844727,50.000000,-2.000000,0.000000,-0.000000,0.000000,-222384.468750,3419.742676,50.000000,-1.000000,0.000000,-0.000000,0.000000,-170987.140625,3588.701904,50.000000,-1.000000,0.000000,-0.000000,0.000000,-179435.093750,-572806.750000,397002.062500,21071.792969,-196876.484375,3805899.250000,3609022.750000
ml,best,368,2026-08-02,3565.593262,10.000000,2223.844727,50.000000,-2.000000,0.000000,-0.000000,0.000000,-222384.468750,3419.742676,50.000000,-1.000000,0.000000,-0.000000,0.000000,-170987.140625,3593.659912,50.000000,-1.000000,0.000000,-0.000000,0.000000,-179683.000000,-573054.625000,397002.062500,21071.792969,-197124.359375,3806355.000000,3609230.750000
ml,best,368,2026-08-03,3556.271484,10.000000,2223.844727,50.000000,-1.000000,1.000000,-111192.234375,55.596119,-111192.234375,3419.742676,50.000000,0.000000,1.000000,-170987.140625,85.493568,0.000000,3575.184570,50.000000,-2.000000,-1.000000,178759.234375,89.379616,-357518.468750,-468710.687500,293581.937500,21302.261719,-196431.015625,3806803.500000,3610372.500000
ml,best,368,2026-08-04,3577.746582,10.000000,2223.844727,50.000000,0.000000,1.000000,-111192.234375,55.596119,0.000000,3419.742676,50.000000,-2.000000,-2.000000,341974.281250,170.987137,-341974.281250,3605.978027,50.000000,-3.000000,-1.000000,180298.906250,90.149445,-540896.687500,-882871.000000,704662.875000,21618.994141,-199827.125000,3807246.250000,3607419.000000
ml,best,368,2026-08-05,3544.830078,10.000000,2223.844727,50.000000,-2.000000,-2.000000,222384.468750,111.192238,-222384.468750,3419.742676,50.000000,-1.000000,1.000000,-170987.140625,85.493568,-170987.140625,3566.700195,50.000000,-2.000000,1.000000,-178335.015625,89.167503,-356670.031250,-750041.625000,577725.250000,21904.847656,-194221.218750,3807725.250000,3613504.000000
ml,best,368,2026-08-06,3589.243164,10.000000,2223.844727,50.000000,-1.000000,1.000000,-111192.234375,55.596119,-111192.234375,3419.742676,50.000000,0.000000,1.000000,-170987.140625,85.493568,0.000000,3598.790039,50.000000,-3.000000,-1.000000,179939.500000,89.969749,-539818.500000,-651010.750000,475485.343750,22135.906250,-197661.312500,3807725.250000,3610064.000000
ml,best,368,2026-08-07,3643.245850,10.000000,2223.844727,50.000000,0.000000,1.000000,-111192.234375,55.596119,0.000000,3419.742676,50.000000,-2.000000,-2.000000,341974.281250,170.987137,-341974.281250,3665.973389,50.000000,-2.000000,1.000000,-183298.671875,91.649338,-366597.343750,-708571.625000,522968.718750,22454.140625,-208057.046875,3807725.250000,3599668.250000
ml,best,368,2026-08-08,3647.667725,10.000000,2223.844727,50.000000,0.000000,0.000000,-0.000000,0.000000,0.000000,3419.742676,50.000000,-2.000000,0.000000,-0.000000,0.000000,-341974.281250,3682.973145,50.000000,-2.000000,0.000000,-0.000000,0.000000,-368297.312500,-710271.625000,522968.718750,22454.140625,-209757.046875,3807725.250000,3597968.250000
ml,best,368,2026-08-09,3729.304688,10.000000,2223.844727,50.000000,0.000000,0.000000,-0.000000,0.000000,0.000000,3419.742676,50.000000,-2.000000,0.000000,-0.000000,0.000000,-341974.281250,3768.203125,50.000000,-2.000000,0.000000,-0.000000,0.000000,-376820.312500,-718794.625000,522968.718750,22454.140625,-218280.046875,3807725.250000,3589445.250000
ml,best,368,2026-08-10,3714.375977,10.000000,2223.844727,50.000000,-2.000000,-2.000000,222384.468750,111.192238,-222384.468750,3419.742676,50.000000,-1.000000,1.000000,-170987.140625,85.493568,-170987.140625,3731.889160,50.000000,-1.000000,1.000000,-186594.453125,93.297226,-186594.453125,-579966.062500,387771.562500,22744.121094,-214938.625000,3807725.250000,3592786.500000
ml,best,368,2026-08-11,3724.009521,10.000000,2223.844727,50.000000,0.000000,2.000000,-222384.468750,111.192238,0.000000,3419.742676,50.000000,0.000000,1.000000,-170987.140625,85.493568,0.000000,3763.483643,50.000000,0.000000,1.000000,-188174.187500,94.087090,0.000000,0.000000,-193774.218750,23034.896484,-216809.109375,3807725.250000,3590916.250000
ml,best,368,2026-08-12,3625.907715,10.000000,2223.844727,50.000000,-2.000000,-2.000000,222384.468750,111.192238,-222384.468750,3419.742676,50.000000,-2.000000,-2.000000,341974.281250,170.987137,-341974.281250,3660.632568,50.000000,-2.000000,-2.000000,366063.250000,183.031616,-366063.250000,-930422.000000,736647.812500,23500.107422,-217274.296875,3807725.250000,3590451.000000
ml,best,368,2026-08-13,3552.458008,10.000000,2223.844727,50.000000,-1.000000,1.000000,-111192.234375,55.596119,-111192.234375,3419.742676,50.000000,-1.000000,1.000000,-170987.140625,85.493568,-170987.140625,3590.544678,50.000000,-1.000000,1.000000,-179527.234375,89.763618,-179527.234375,-461706.625000,274941.156250,23730.960938,-210496.437500,3807725.250000,3597228.750000
ml,best,368,2026-08-14,3571.239258,10.000000,2223.844727,50.000000,0.000000,1.000000,-111192.234375,55.596119,0.000000,3419.742676,50.000000,0.000000,1.000000,-170987.140625,85.493568,0.000000,3596.708740,50.000000,-3.000000,-2.000000,359670.875000,179.835434,-539506.312500,-539506.312500,352432.656250,24051.884766,-211125.546875,3807725.250000,3596599.750000
ml,best,368,2026-08-15,3580.726562,10.000000,2223.844727,50.000000,0.000000,0.000000,-0.000000,0.000000,0.000000,3419.742676,50.000000,0.000000,0.000000,-0.000000,0.000000,0.000000,3595.867676,50.000000,-3.000000,0.000000,-0.000000,0.000000,-539380.187500,-539380.187500,352432.656250,24051.884766,-210999.421875,3807725.250000,3596725.750000
ml,best,368,2026-08-16,3542.663574,10.000000,2223.844727,50.000000,0.000000,0.000000,-0.000000,0.000000,0.000000,3419.742676,50.000000,0.000000,0.000000,-0.000000,0.000000,0.000000,3560.918457,50.000000,-3.000000,0.000000,-0.000000,0.000000,-534137.812500,-534137.812500,352432.656250,24051.884766,-205757.046875,3807725.250000,3601968.250000
ml,best,368,2026-08-17,3541.511719,10.000000,2223.844727,50.000000,-2.000000,-2.000000,222384.468750,111.192238,-222384.468750,3419.742676,50.000000,-2.000000,-2.000000,341974.281250,170.987137,-341974.281250,3553.009766,50.000000,-2.000000,1.000000,-177650.484375,88.825241,-355300.968750,-919659.750000,739140.937500,24422.890625,-204941.703125,3807725.250000,3602783.500000
ml,best,368,2026-08-18,3475.507568,10.000000,2223.844727,50.000000,-1.000000,1.000000,-111192.234375,55.596119,-111192.234375,3419.742676,50.000000,-1.000000,1.000000,-170987.140625,85.493568,-170987.140625,3513.101807,50.000000,-1.000000,1.000000,-175655.093750,87.827545,-175655.093750,-457834.468750,281306.437500,24651.808594,-201179.843750,3807725.250000,3606545.500000
ml,best,368,2026-08-19,3488.281738,10.000000,2223.844727,50.000000,0.000000,1.000000,-111192.234375,55.596119,0.000000,3419.742676,50.000000,0.000000,1.000000,-170987.140625,85.493568,0.000000,3494.358643,50.000000,-2.000000,-1.000000,174717.937500,87.358963,-349435.875000,-349435.875000,173845.031250,24880.255859,-200471.093750,3807725.250000,3607254.250000
ml,best,368,2026-08-20,3590.054688,10.000000,2223.844727,50.000000,-2.000000,-2.000000,222384.468750,111.192238,-222384.468750,3419.742676,50.000000,-2.000000,-2.000000,341974.281250,170.987137,-341974.281250,3612.076172,50.000000,-1.000000,1.000000,-180603.812500,90.301903,-180603.812500,-744962.562500,557600.000000,25252.738281,-212615.296875,3807725.250000,3595110.000000
ml,best,368,2026-08-21,3620.303223,10.000000,2223.844727,50.000000,-1.000000,1.000000,-111192.234375,55.596119,-111192.234375,3419.742676,50.000000,-1.000000,1.000000,-170987.140625,85.493568,-170987.140625,3621.262207,50.000000,-3.000000,-2.000000,362126.218750,181.063110,-543189.375000,-825368.750000,637546.750000,25574.888672,-213396.890625,3807725.250000,3594328.250000
ml,best,368,2026-08-22,3633.828125,10.000000,2223.844727,50.000000,-1.000000,0.000000,-0.000000,0.000000,-111192.234375,3419.742676,50.000000,-1.000000,0.000000,-0.000000,0.000000,-170987.140625,3652.004395,50.000000,-3.000000,0.000000,-0.000000,0.000000,-547800.687500,-829980.062500,637546.750000,25574.888672,-218008.203125,3807725.250000,3589717.000000
ml,best,368,2026-08-23,3630.062988,10.000000,2223.844727,50.000000,-1.000000,0.000000,-0.000000,0.000000,-111192.234375,3419.742676,50.000000,-1.000000,0.000000,-0.000000,0.000000,-170987.140625,3619.385498,50.000000,-3.000000,0.000000,-0.000000,0.000000,-542907.812500,-825087.187500,637546.750000,25574.888672,-213115.328125,3807725.250000,3594610.000000
ml,best,368,2026-08-24,3595.509277,10.000000,2223.844727,50.000000,0.000000,1.000000,-111192.234375,55.596119,0.000000,3419.742676,50.000000,0.000000,1.000000,-170987.140625,85.493568,0.000000,3640.100586,50.000000,-2.000000,1.000000,-182005.031250,91.002510,-364010.062500,-364010.062500,173362.406250,25806.980469,-216454.640625,3807725.250000,3591270.500000
ml,best,368,2026-08-25,3590.801025,10.000000,2223.844727,50.000000,-2.000000,-2.000000,222384.468750,111.192238,-222384.468750,3419.742676,50.000000,-2.000000,-2.000000,341974.281250,170.987137,-341974.281250,3633.081543,50.000000,-1.000000,1.000000,-181654.078125,90.827034,-181654.078125,-746012.812500,556067.125000,26179.988281,-216125.671875,3807725.250000,3591599.500000
ml,best,368,2026-08-26,3601.106201,10.000000,2223.844727,50.000000,0.000000,2.000000,-222384.468750,111.192238,0.000000,3419.742676,50.000000,0.000000,2.000000,-341974.281250,170.987137,0.000000,3611.903809,50.000000,0.000000,1.000000,-180595.187500,90.297592,0.000000,0.000000,-188886.875000,26552.464844,-215439.343750,3807725.250000,3592286.000000
ml,best,368,2026-08-27,3558.290039,10.000000,2223.844727,50.000000,-2.000000,-2.000000,222384.468750,111.192238,-222384.468750,3419.742676,50.000000,-2.000000,-2.000000,341974.281250,170.987137,-341974.281250,3570.390625,50.000000,-2.000000,-2.000000,357039.062500,178.519516,-357039.062500,-921397.812500,732511.000000,27013.164062,-215899.968750,3807725.250000,3591825.250000
ml,best,368,2026-08-28,3646.228027,10.000000,2223.844727,50.000000,0.000000,2.000000,-222384.468750,111.192238,0.000000,3419.742676,50.000000,0.000000,2.000000,-341974.281250,170.987137,0.000000,3682.525391,50.000000,-1.000000,1.000000,-184126.265625,92.063126,-184126.265625,-184126.265625,-15974.070312,27387.406250,-227487.750000,3807725.250000,3580237.500000
ml,best,368,2026-08-29,3619.419678,10.000000,2223.844727,50.000000,0.000000,0.000000,-0.000000,0.000000,0.000000,3419.742676,50.000000,0.000000,0.000000,-0.000000,0.000000,0.000000,3658.181152,50.000000,-1.000000,0.000000,-0.000000,0.000000,-182909.062500,-182909.062500,-15974.070312,27387.406250,-226270.531250,3807725.250000,3581454.750000
ml,best,368,2026-08-30,3649.108398,10.000000,2223.844727,50.000000,0.000000,0.000000,-0.000000,0.000000,0.000000,3419.742676,50.000000,0.000000,0.000000,-0.000000,0.000000,0.000000,3695.577637,50.000000,-1.000000,0.000000,-0.000000,0.000000,-184778.875000,-184778.875000,-15974.070312,27387.406250,-228140.343750,3807725.250000,3579585.000000
ml,best,368,2026-08-31,3624.075439,10.000000,2223.844727,50.000000,-2.000000,-2.000000,222384.468750,111.192238,-222384.468750,3419.742676,50.000000,-2.000000,-2.000000,341974.281250,170.987137,-341974.281250,3647.047119,50.000000,0.000000,1.000000,-182352.359375,91.176178,0.000000,-564358.750000,366032.343750,27760.761719,-226087.171875,3807725.250000,3581638.000000
ml,best,368,2026-09-01,3596.489990,10.000000,2223.844727,50.000000,0.000000,2.000000,-222384.468750,111.192238,0.000000,3419.742676,50.000000,0.000000,2.000000,-341974.281250,170.987137,0.000000,3624.174316,50.000000,-2.000000,-2.000000,362417.437500,181.208725,-362417.437500,-362417.437500,164091.000000,28224.152344,-226550.593750,3807725.250000,3581174.750000
ml,best,368,2026-09-02,3538.551025,10.000000,2223.844727,50.000000,-2.000000,-2.000000,222384.468750,111.192238,-222384.468750,3419.742676,50.000000,-2.000000,-2.000000,341974.281250,170.987137,-341974.281250,3561.278564,50.000000,-1.000000,1.000000,-178063.921875,89.031960,-178063.921875,-742422.687500,550385.875000,28595.361328,-220632.171875,3807725.250000,3587093.000000
ml,best,368,2026-09-03,3507.860840,10.000000,2223.844727,50.000000,0.000000,2.000000,-222384.468750,111.192238,0.000000,3419.742676,50.000000,0.000000,2.000000,-341974.281250,170.987137,0.000000,3585.782959,50.000000,0.000000,1.000000,-179289.140625,89.644569,0.000000,0.000000,-193262.062500,28967.185547,-222229.250000,3807725.250000,3585496.000000
ml,best,368,2026-09-04,3492.189697,10.000000,2223.844727,50.000000,-2.000000,-2.000000,222384.468750,111.192238,-222384.468750,3419.742676,50.000000,-2.000000,-2.000000,341974.281250,170.987137,-341974.281250,3543.721191,50.000000,-2.000000,-2.000000,354372.125000,177.186050,-354372.125000,-918730.875000,725468.875000,29426.550781,-222688.546875,3807725.250000,3585036.750000
ml,best,368,2026-09-05,3496.485107,10.000000,2223.844727,50.000000,-2.000000,0.000000,-0.000000,0.000000,-222384.468750,3419.742676,50.000000,-2.000000,0.000000,-0.000000,0.000000,-341974.281250,3524.617188,50.000000,-2.000000,0.000000,-0.000000,0.000000,-352461.718750,-916820.500000,725468.875000,29426.550781,-220778.171875,3807725.250000,3586947.000000
ml,best,368,2026-09-06,3513.009766,10.000000,2223.844727,50.000000,-2.000000,0.000000,-0.000000,0.000000,-222384.468750,3419.742676,50.000000,-2.000000,0.000000,-0.000000,0.000000,-341974.281250,3546.322998,50.000000,-2.000000,0.000000,-0.000000,0.000000,-354632.312500,-918991.062500,725468.875000,29426.550781,-222948.734375,3807725.250000,3584776.500000
ml,best,368,2026-09-07,3559.841064,10.000000,2223.844727,50.000000,-2.000000,0.000000,-0.000000,0.000000,-222384.468750,3419.742676,50.000000,-2.000000,0.000000,-0.000000,0.000000,-341974.281250,3588.465088,50.000000,-2.000000,0.000000,-0.000000,0.000000,-358846.500000,-923205.250000,725468.875000,29426.550781,-227162.921875,3807725.250000,3580562.250000
ml,best,368,2026-09-08,3552.617432,10.000000,2223.844727,50.000000,0.000000,2.000000,-222384.468750,111.192238,0.000000,3419.742676,50.000000,0.000000,2.000000,-341974.281250,170.987137,0.000000,3580.282227,50.000000,-1.000000,1.000000,-179014.109375,89.507057,-179014.109375,-179014.109375,-17904.039062,29798.238281,-226716.390625,3807725.250000,3581008.750000
ml,best,368,2026-09-09,3511.341797,10.000000,2223.844727,50.000000,-2.000000,-2.000000,222384.468750,111.192238,-222384.468750,3419.742676,50.000000,-2.000000,-2.000000,341974.281250,170.987137,-341974.281250,3512.217773,50.000000,0.000000,1.000000,-175610.890625,87.805443,0.000000,-564358.750000,370843.843750,30168.222656,-223683.125000,3807725.250000,3584042.000000
ml,best,368,2026-09-10,3514.313477,10.000000,2223.844727,50.000000,0.000000,2.000000,-222384.468750,111.192238,0.000000,3419.742676,50.000000,0.000000,2.000000,-341974.281250,170.987137,0.000000,3534.451660,50.000000,-2.000000,-2.000000,353445.156250,176.722565,-353445.156250,-353445.156250,159930.218750,30627.123047,-224142.062500,3807725.250000,3583583.250000
ml,best,368,2026-09-11,3522.571289,10.000000,2223.844727,50.000000,-2.000000,-2.000000,222384.468750,111.192238,-222384.468750,3419.742676,50.000000,-2.000000,-2.000000,341974.281250,170.987137,-341974.281250,3548.689453,50.000000,-1.000000,1.000000,-177434.468750,88.717232,-177434.468750,-741793.250000,546854.500000,30998.019531,-225936.765625,3807725.250000,3581788.500000
ml,best,368,2026-09-12,3512.674805,10.000000,2223.844727,50.000000,-2.000000,0.000000,-0.000000,0.000000,-222384.468750,3419.742676,50.000000,-2.000000,0.000000,-0.000000,0.000000,-341974.281250,3523.850586,50.000000,-1.000000,0.000000,-0.000000,0.000000,-176192.531250,-740551.250000,546854.500000,30998.019531,-224694.765625,3807725.250000,3583030.500000
ml,best,368,2026-09-13,3503.330811,10.000000,2223.844727,50.000000,-2.000000,0.000000,-0.000000,0.000000,-222384.468750,3419.742676,50.000000,-2.000000,0.000000,-0.000000,0.000000,-341974.281250,3528.495605,50.000000,-1.000000,0.000000,-0.000000,0.000000,-176424.781250,-740783.500000,546854.500000,30998.019531,-224927.015625,3807725.250000,3582798.250000
ml,best,368,2026-09-14,3523.810791,10.000000,2223.844727,50.000000,0.000000,2.000000,-222384.468750,111.192238,0.000000,3419.742676,50.000000,0.000000,2.000000,-341974.281250,170.987137,0.000000,3575.167725,50.000000,0.000000,1.000000,-178758.390625,89.379189,0.000000,0.000000,-196262.625000,31369.578125,-227632.203125,3807725.250000,3580093.000000
ml,best,368,2026-09-15,3510.973633,10.000000,2223.844727,50.000000,-2.000000,-2.000000,222384.468750,111.192238,-222384.468750,3419.742676,50.000000,-2.000000,-2.000000,341974.281250,170.987137,-341974.281250,3536.171875,50.000000,-2.000000,-2.000000,353617.187500,176.808594,-353617.187500,-917975.937500,721713.312500,31828.566406,-228091.187500,3807725.250000,3579634.000000
ml,best,368,2026-09-16,3582.472168,10.000000,2223.844727,50.000000,0.000000,2.000000,-222384.468750,111.192238,0.000000,3419.742676,50.000000,0.000000,2.000000,-341974.281250,170.987137,0.000000,3619.717285,50.000000,-1.000000,1.000000,-180985.859375,90.492928,-180985.859375,-180985.859375,-23631.304688,32201.240234,-236818.390625,3807725.250000,3570906.750000
ml,best,368,2026-09-17,3536.759277,10.000000,2223.844727,50.000000,-2.000000,-2.000000,222384.468750,111.192238,-222384.468750,3419.742676,50.000000,-2.000000,-2.000000,341974.281250,170.987137,-341974.281250,3528.715088,50.000000,0.000000,1.000000,-176435.750000,88.217873,0.000000,-564358.750000,364291.718750,32571.636719,-232638.671875,3807725.250000,3575086.500000
ml,best,368,2026-09-18,3518.945068,10.000000,2223.844727,50.000000,0.000000,2.000000,-222384.468750,111.192238,0.000000,3419.742676,50.000000,0.000000,2.000000,-341974.281250,170.987137,0.000000,3521.235596,50.000000,-2.000000,-2.000000,352123.562500,176.061768,-352123.562500,-352123.562500,152056.500000,33029.878906,-233096.937500,3807725.250000,3574628.250000
ml,best,368,2026-09-19,3502.161621,10.000000,2223.844727,50.000000,0.000000,0.000000,-0.000000,0.000000,0.000000,3419.742676,50.000000,0.000000,0.000000,-0.000000,0.000000,0.000000,3505.853271,50.000000,-2.000000,0.000000,-0.000000,0.000000,-350585.312500,-350585.312500,152056.500000,33029.878906,-231558.687500,3807725.250000,3576166.500000
ml,best,368,2026-09-20,3512.798828,10.000000,2223.844727,50.000000,0.000000,0.000000,-0.000000,0.000000,0.000000,3419.742676,50.000000,0.000000,0.000000,-0.000000,0.000000,0.000000,3532.318359,50.000000,-2.000000,0.000000,-0.000000,0.000000,-353231.843750,-353231.843750,152056.500000,33029.878906,-234205.218750,3807725.250000,3573520.000000
ml,best,368,2026-09-21,3475.600586,10.000000,2223.844727,50.000000,-2.000000,-2.000000,222384.468750,111.192238,-222384.468750,3419.742676,50.000000,-2.000000,-2.000000,341974.281250,170.987137,-341974.281250,3488.011475,50.000000,-1.000000,1.000000,-174400.578125,87.200287,-174400.578125,-738759.312500,542014.687500,33399.257812,-230143.875000,3807725.250000,3577581.500000
ml,best,368,2026-09-22,3387.610596,10.000000,2223.844727,50.000000,0.000000,2.000000,-222384.468750,111.192238,0.000000,3419.742676,50.000000,0.000000,2.000000,-341974.281250,170.987137,0.000000,3413.358643,50.000000,0.000000,1.000000,-170667.937500,85.333969,0.000000,0.000000,-193012.000000,33766.769531,-226778.765625,3807725.250000,3580946.500000
ml,best,368,2026-09-23,3389.452637,10.000000,2223.844727,50.000000,-2.000000,-2.000000,222384.468750,111.192238,-222384.468750,3419.742676,50.000000,-2.000000,-2.000000,341974.281250,170.987137,-341974.281250,3410.740967,50.000000,-2.000000,-2.000000,341074.093750,170.537048,-341074.093750,-905432.875000,712420.875000,34219.488281,-227231.484375,3807725.250000,3580493.750000
ml,best,368,2026-09-24,3374.342529,10.000000,2223.844727,50.000000,0.000000,2.000000,-222384.468750,111.192238,0.000000,3419.742676,50.000000,0.000000,2.000000,-341974.281250,170.987137,0.000000,3407.097656,50.000000,-1.000000,1.000000,-170354.875000,85.177437,-170354.875000,-170354.875000,-22292.789062,34586.843750,-227234.500000,3807725.250000,3580490.750000
ml,best,368,2026-09-25,3362.155273,10.000000,2223.844727,50.000000,-2.000000,-2.000000,222384.468750,111.192238,-222384.468750,3419.742676,50.000000,-2.000000,-2.000000,341974.281250,170.987137,-341974.281250,3383.808350,50.000000,0.000000,1.000000,-169190.421875,84.595207,0.000000,-564358.750000,372875.562500,34953.617188,-226436.812500,3807725.250000,3581288.500000
ml,best,368,2026-09-26,3344.180420,10.000000,2223.844727,50.000000,-2.000000,0.000000,-0.000000,0.000000,-222384.468750,3419.742676,50.000000,-2.000000,0.000000,-0.000000,0.000000,-341974.281250,3350.205566,50.000000,0.000000,0.000000,-0.000000,0.000000,0.000000,-564358.750000,372875.562500,34953.617188,-226436.812500,3807725.250000,3581288.500000
ml,best,368,2026-09-27,3342.235352,10.000000,2223.844727,50.000000,-2.000000,0.000000,-0.000000,0.000000,-222384.468750,3419.742676,50.000000,-2.000000,0.000000,-0.000000,0.000000,-341974.281250,3349.273438,50.000000,0.000000,0.000000,-0.000000,0.000000,0.000000,-564358.750000,372875.562500,34953.617188,-226436.812500,3807725.250000,3581288.500000
ml,best,368,2026-09-28,3323.619141,10.000000,2223.844727,50.000000,0.000000,2.000000,-222384.468750,111.192238,0.000000,3419.742676,50.000000,0.000000,2.000000,-341974.281250,170.987137,0.000000,3340.409668,50.000000,-2.000000,-2.000000,334040.968750,167.020477,-334040.968750,-334040.968750,142557.750000,35402.820312,-226886.031250,3807725.250000,3580839.250000
ml,best,368,2026-09-29,3313.880127,10.000000,2223.844727,50.000000,-2.000000,-2.000000,222384.468750,111.192238,-222384.468750,3419.742676,50.000000,-2.000000,-2.000000,341974.281250,170.987137,-341974.281250,3327.727295,50.000000,-1.000000,1.000000,-166386.359375,83.193176,-166386.359375,-730745.125000,540530.187500,35768.191406,-225983.125000,3807725.250000,3581742.000000
ml,best,368,2026-09-30,3282.840088,10.000000,2223.844727,50.000000,0.000000,2.000000,-222384.468750,111.192238,0.000000,3419.742676,50.000000,0.000000,2.000000,-341974.281250,170.987137,0.000000,3343.748047,50.000000,0.000000,1.000000,-167187.406250,83.593697,0.000000,0.000000,-191016.000000,36133.964844,-227149.968750,3807725.250000,3580575.250000
ml,best,368,2026-10-01,3302.821533,10.000000,2223.844727,50.000000,-2.000000,-2.000000,222384.468750,111.192238,-222384.468750,3419.742676,50.000000,-2.000000,-2.000000,341974.281250,170.987137,-341974.281250,3339.869141,50.000000,-2.000000,-2.000000,333986.906250,166.993439,-333986.906250,-898345.625000,707329.687500,36583.136719,-227599.078125,3807725.250000,3580126.250000
ml,best,368,2026-10-02,3328.887939,10.000000,2223.844727,50.000000,0.000000,2.000000,-222384.468750,111.192238,0.000000,3419.742676,50.000000,0.000000,2.000000,-341974.281250,170.987137,0.000000,3379.045898,50.000000,-1.000000,1.000000,-168952.296875,84.476151,-168952.296875,-168952.296875,-25981.398438,36949.792969,-231883.484375,3807725.250000,3575841.750000
ml,best,368,2026-10-03,3326.916992,10.000000,2223.844727,50.000000,0.000000,0.000000,-0.000000,0.000000,0.000000,3419.742676,50.000000,0.000000,0.000000,-0.000000,0.000000,0.000000,3364.127930,50.000000,-1.000000,0.000000,-0.000000,0.000000,-168206.390625,-168206.390625,-25981.398438,36949.792969,-231137.578125,3807725.250000,3576587.750000
ml,best,368,2026-10-04,3272.474854,10.000000,2223.844727,50.000000,0.000000,0.000000,-0.000000,0.000000,0.000000,3419.742676,50.000000,0.000000,0.000000,-0.000000,0.000000,0.000000,3288.453613,50.000000,-1.000000,0.000000,-0.000000,0.000000,-164422.687500,-164422.687500,-25981.398438,36949.792969,-227353.890625,3807725.250000,3580371.250000
ml,best,368,2026-10-05,3240.085449,10.000000,2223.844727,50.000000,-2.000000,-2.000000,222384.468750,111.192238,-222384.468750,3419.742676,50.000000,-2.000000,-2.000000,341974.281250,170.987137,-341974.281250,3257.560791,50.000000,0.000000,1.000000,-162878.046875,81.439026,0.000000,-564358.750000,375499.312500,37313.410156,-226172.843750,3807725.250000,3581552.500000
ml,best,368,2026-10-06,3197.515381,10.000000,2223.844727,50.000000,0.000000,2.000000,-222384.468750,111.192238,0.000000,3419.742676,50.000000,0.000000,2.000000,-341974.281250,170.987137,0.000000,3206.226807,50.000000,-2.000000,-2.000000,320622.687500,160.311340,-320622.687500,-320622.687500,131763.250000,37755.902344,-226615.343750,3807725.250000,3581110.000000
ml,best,368,2026-10-07,3138.661865,10.000000,2223.844727,50.000000,-2.000000,-2.000000,222384.468750,111.192238,-222384.468750,3419.742676,50.000000,-2.000000,-2.000000,341974.281250,170.987137,-341974.281250,3128.302002,50.000000,-1.000000,1.000000,-156415.093750,78.207550,-156415.093750,-720773.875000,539706.937500,38116.289062,-219183.218750,3807725.250000,3588542.000000
ml,best,368,2026-10-08,3112.817383,10.000000,2223.844727,50.000000,0.000000,2.000000,-222384.468750,111.192238,0.000000,3419.742676,50.000000,0.000000,2.000000,-341974.281250,170.987137,0.000000,3109.672852,50.000000,0.000000,1.000000,-155483.640625,77.741814,0.000000,0.000000,-180135.500000,38476.210938,-218611.718750,3807725.250000,3589113.500000
ml,best,368,2026-10-09,3122.167725,10.000000,2223.844727,50.000000,-2.000000,-2.000000,222384.468750,111.192238,-222384.468750,3419.742676,50.000000,-2.000000,-2.000000,341974.281250,170.987137,-341974.281250,3119.672363,50.000000,-2.000000,-2.000000,311967.250000,155.983627,-311967.250000,-876326.000000,696190.500000,38914.375000,-219049.875000,3807725.250000,3588675.500000
ml,best,368,2026-10-10,3174.763184,10.000000,2223.844727,50.000000,-2.000000,0.000000,-0.000000,0.000000,-222384.468750,3419.742676,50.000000,-2.000000,0.000000,-0.000000,0.000000,-341974.281250,3189.298340,50.000000,-2.000000,0.000000,-0.000000,0.000000,-318929.843750,-883288.625000,696190.500000,38914.375000,-226012.500000,3807725.250000,3581712.750000
ml,best,368,2026-10-11,3168.362793,10.000000,2223.844727,50.000000,-2.000000,0.000000,-0.000000,0.000000,-222384.468750,3419.742676,50.000000,-2.000000,0.000000,-0.000000,0.000000,-341974.281250,3150.158203,50.000000,-2.000000,0.000000,-0.000000,0.000000,-315015.812500,-879374.562500,696190.500000,38914.375000,-222098.437500,3807725.250000,3585626.750000
ml,best,368,2026-10-12,3182.930176,10.000000,2223.844727,50.000000,-2.000000,0.000000,-0.000000,0.000000,-222384.468750,3419.742676,50.000000,-2.000000,0.000000,-0.000000,0.000000,-341974.281250,3211.598389,50.000000,-2.000000,0.000000,-0.000000,0.000000,-321159.843750,-885518.625000,696190.500000,38914.375000,-228242.500000,3807725.250000,3579482.750000
ml,best,368,2026-10-13,3169.181885,10.000000,2223.844727,50.000000,0.000000,2.000000,-222384.468750,111.192238,0.000000,3419.742676,50.000000,0.000000,2.000000,-341974.281250,170.987137,0.000000,3190.284180,50.000000,-1.000000,1.000000,-159514.203125,79.757095,-159514.203125,-159514.203125,-27682.445312,39276.308594,-226472.968750,3807725.250000,3581252.250000
ml,best,368,2026-10-14,3150.150146,10.000000,2223.844727,50.000000,-2.000000,-2.000000,222384.468750,111.192238,-222384.468750,3419.742676,50.000000,-2.000000,-2.000000,341974.281250,170.987137,-341974.281250,3179.952637,50.000000,0.000000,1.000000,-158997.625000,79.498810,0.000000,-564358.750000,377678.687500,39637.988281,-226318.046875,3807725.250000,3581407.250000
ml,best,368,2026-10-15,3149.615234,10.000000,2223.844727,50.000000,0.000000,2.000000,-222384.468750,111.192238,0.000000,3419.742676,50.000000,0.000000,2.000000,-341974.281250,170.987137,0.000000,3169.673096,50.000000,-2.000000,-2.000000,316967.312500,158.483643,-316967.312500,-316967.312500,130287.242188,40078.648438,-226758.718750,3807725.250000,3580966.500000
ml,best,368,2026-10-16,3238.787842,10.000000,2223.844727,50.000000,-2.000000,-2.000000,222384.468750,111.192238,-222384.468750,3419.742676,50.000000,-2.000000,-2.000000,341974.281250,170.987137,-341974.281250,3255.122314,50.000000,-1.000000,1.000000,-162756.109375,81.378052,-162756.109375,-727114.875000,531889.875000,40442.207031,-235667.203125,3807725.250000,3572058.000000
ml,best,368,2026-10-17,3244.250244,10.000000,2223.844727,50.000000,-2.000000,0.000000,-0.000000,0.000000,-222384.468750,3419.742676,50.000000,-2.000000,0.000000,-0.000000,0.000000,-341974.281250,3255.584717,50.000000,-1.000000,0.000000,-0.000000,0.000000,-162779.234375,-727138.000000,531889.875000,40442.207031,-235690.328125,3807725.250000,3572035.000000
ml,best,368,2026-10-18,3192.957031,10.000000,2223.844727,50.000000,-2.000000,0.000000,-0.000000,0.000000,-222384.468750,3419.742676,50.000000,-2.000000,0.000000,-0.000000,0.000000,-341974.281250,3220.451172,50.000000,-1.000000,0.000000,-0.000000,0.000000,-161022.562500,-725381.312500,531889.875000,40442.207031,-233933.640625,3807725.250000,3573791.500000
ml,best,368,2026-10-19,3193.800537,10.000000,2223.844727,50.000000,0.000000,2.000000,-222384.468750,111.192238,0.000000,3419.742676,50.000000,0.000000,2.000000,-341974.281250,170.987137,0.000000,3199.700928,50.000000,0.000000,1.000000,-159985.046875,79.992523,0.000000,0.000000,-192453.906250,40804.378906,-233258.281250,3807725.250000,3574467.000000
ml,best,368,2026-10-20,3187.602295,10.000000,2223.844727,50.000000,-2.000000,-2.000000,222384.468750,111.192238,-222384.468750,3419.742676,50.000000,-2.000000,-2.000000,341974.281250,170.987137,-341974.281250,3190.263672,50.000000,-2.000000,-2.000000,319026.375000,159.513184,-319026.375000,-883385.125000,690931.250000,41246.070312,-233699.937500,3807725.250000,3574025.250000
ml,best,368,2026-10-21,3116.676025,10.000000,2223.844727,50.000000,0.000000,2.000000,-222384.468750,111.192238,0.000000,3419.742676,50.000000,0.000000,2.000000,-341974.281250,170.987137,0.000000,3096.246582,50.000000,-1.000000,1.000000,-154812.328125,77.406158,-154812.328125,-154812.328125,-28239.867188,41605.656250,-224657.843750,3807725.250000,3583067.500000
ml,best,368,2026-10-22,3131.456543,10.000000,2223.844727,50.000000,-2.000000,-2.000000,222384.468750,111.192238,-222384.468750,3419.742676,50.000000,-2.000000,-2.000000,341974.281250,170.987137,-341974.281250,3134.762207,50.000000,0.000000,1.000000,-156738.109375,78.369057,0.000000,-564358.750000,379380.812500,41966.207031,-226944.140625,3807725.250000,3580781.000000
ml,best,368,2026-10-23,3133.825439,10.000000,2223.844727,50.000000,0.000000,2.000000,-222384.468750,111.192238,0.000000,3419.742676,50.000000,0.000000,2.000000,-341974.281250,170.987137,0.000000,3134.383057,50.000000,-2.000000,-2.000000,313438.312500,156.719147,-313438.312500,-313438.312500,128460.335938,42405.105469,-227383.078125,3807725.250000,3580342.250000
ml,best,368,2026-10-24,3150.198242,10.000000,2223.844727,50.000000,0.000000,0.000000,-0.000000,0.000000,0.000000,3419.742676,50.000000,0.000000,0.000000,-0.000000,0.000000,0.000000,3148.732910,50.000000,-2.000000,0.000000,-0.000000,0.000000,-314873.281250,-314873.281250,128460.335938,42405.105469,-228818.046875,3807725.250000,3578907.250000
ml,best,368,2026-10-25,3247.051514,10.000000,2223.844727,50.000000,0.000000,0.000000,-0.000000,0.000000,0.000000,3419.742676,50.000000,0.000000,0.000000,-0.000000,0.000000,0.000000,3259.284912,50.000000,-2.000000,0.000000,-0.000000,0.000000,-325928.500000,-325928.500000,128460.335938,42405.105469,-239873.265625,3807725.250000,3567852.000000
ml,best,368,2026-10-26,3350.973877,10.000000,2223.844727,50.000000,-2.000000,-2.000000,222384.468750,111.192238,-222384.468750,3419.742676,50.000000,-2.000000,-2.000000,341974.281250,170.987137,-341974.281250,3358.729004,50.000000,-1.000000,1.000000,-167936.453125,83.968224,-167936.453125,-732295.187500,524882.625000,42771.253906,-250183.812500,3807725.250000,3557541.500000
ml,best,368,2026-10-27,3276.896973,10.000000,2223.844727,50.000000,0.000000,2.000000,-222384.468750,111.192238,0.000000,3419.742676,50.000000,0.000000,2.000000,-341974.281250,170.987137,0.000000,3268.185791,50.000000,0.000000,1.000000,-163409.296875,81.704651,0.000000,0.000000,-202885.406250,43135.136719,-246020.546875,3807725.250000,3561704.750000
ml,best,368,2026-10-28,3280.402100,10.000000,2223.844727,50.000000,-2.000000,-2.000000,222384.468750,111.192238,-222384.468750,3419.742676,50.000000,-2.000000,-2.000000,341974.281250,170.987137,-341974.281250,3287.262207,50.000000,-2.000000,-2.000000,328726.218750,164.363113,-328726.218750,-893085.000000,690199.562500,43581.679688,-246467.125000,3807725.250000,3561258.000000
ml,best,368,2026-10-29,3273.520508,10.000000,2223.844727,50.000000,0.000000,2.000000,-222384.468750,111.192238,0.000000,3419.742676,50.000000,0.000000,2.000000,-341974.281250,170.987137,0.000000,3284.798096,50.000000,0.000000,2.000000,-328479.812500,164.239899,0.000000,0.000000,-202639.000000,44028.097656,-246667.093750,3807725.250000,3561058.250000
ml,best,368,2026-10-30,3285.489746,10.000000,2223.844727,50.000000,0.000000,0.000000,-0.000000,0.000000,0.000000,3419.742676,50.000000,0.000000,0.000000,-0.000000,0.000000,0.000000,3284.798096,50.000000,0.000000,0.000000,-0.000000,0.000000,0.000000,0.000000,-202639.000000,44028.097656,-246667.093750,3807725.250000,3561058.250000
ml,mean,-1,2026-04-10,2055.000244,10.000000,2026.171753,50.000000,-2.000000,-2.000000,202617.156250,101.308586,-202617.156250,2047.068481,50.000000,-2.000000,-2.000000,204706.906250,102.353439,-204706.906250,2070.749756,50.000000,-2.000000,-2.000000,207074.984375,103.537483,-207074.984375,-614399.000000,614399.000000,307.199493,-307.199493,4854.180176,4546.980957
ml,mean,-1,2026-04-11,2054.335938,10.000000,2044.938721,50.000000,-2.000000,0.000000,0.000000,0.000000,-204493.843750,2065.900146,50.000000,-2.000000,0.000000,0.000000,0.000000,-206590.000000,2089.521973,50.000000,-2.000000,0.000000,0.000000,0.000000,-208952.218750,-620036.062500,614399.000000,307.199493,-5944.279785,3187.984131,-2756.294922
ml,mean,-1,2026-04-12,2054.470703,10.000000,2052.451416,50.000000,-2.000000,0.000000,0.000000,0.000000,-205245.140625,2073.425293,50.000000,-2.000000,0.000000,0.000000,0.000000,-207342.515625,2096.919434,50.000000,-2.000000,0.000000,0.000000,0.000000,-209691.921875,-622279.625000,614399.000000,307.199493,-8187.798828,3543.687988,-4644.111328
ml,mean,-1,2026-04-13,2054.145996,10.000000,2054.524902,50.000000,-1.042969,0.957031,-98462.921875,51.363117,-106989.539062,2075.344727,50.000000,-1.111328,0.888672,-92570.546875,51.883621,-114963.937500,2098.625000,50.000000,-1.318359,0.681641,-72577.343750,52.465626,-137285.156250,-359238.625000,350788.218750,462.911865,-8913.361328,2912.308105,-6001.053223
ml,mean,-1,2026-04-14,2054.384766,10.000000,2056.877441,50.000000,-0.321289,0.721680,-74979.617188,55.200687,-32151.462891,2077.683350,50.000000,-0.527344,0.583984,-61929.531250,55.907127,-53232.710938,2100.823242,50.000000,-0.659180,0.659180,-69988.125000,54.826706,-67537.742188,-152921.921875,143890.937500,628.846313,-9659.827148,7834.154785,-1825.671265
ml,mean,-1,2026-04-15,2054.309570,10.000000,2056.830811,50.000000,-1.973633,-1.652344,170883.062500,96.689491,-203042.906250,2077.617676,50.000000,-1.980469,-1.453125,152343.656250,92.926636,-205680.078125,2100.643311,50.000000,-2.041016,-1.381836,146282.484375,91.350372,-213923.265625,-622646.250000,613400.125000,909.812866,-10155.914062,11973.058594,1817.144897
ml,mean,-1,2026-04-16,2054.539307,10.000000,2056.709229,50.000000,-1.049805,0.923828,-95336.250000,51.898865,-107705.484375,2077.408203,50.000000,-1.151367,0.829102,-86815.304688,52.961758,-118878.242188,2100.278076,50.000000,-1.572266,0.468750,-50073.894531,53.309116,-163871.828125,-390455.562500,381174.750000,1067.982544,-10348.818359,16761.013672,6412.195312
ml,mean,-1,2026-04-17,2054.618896,10.000000,2056.806641,50.000000,-0.709961,0.339844,-35419.421875,60.520573,-72281.226562,2077.422119,50.000000,-1.235352,-0.083984,7902.462891,62.386620,-126761.804688,2100.125977,50.000000,-1.531250,0.041016,-5337.269531,60.079636,-158676.484375,-357719.500000,348320.500000,1250.969482,-10650.011719,21162.986328,10512.974609
ml,mean,-1,2026-04-18,2054.872314,10.000000,2057.426758,50.000000,-0.709961,0.000000,0.000000,0.000000,-72329.710938,2077.897949,50.000000,-1.235352,0.000000,0.000000,0.000000,-126911.359375,2100.446533,50.000000,-1.531250,0.000000,0.000000,0.000000,-158881.250000,-358122.312500,348320.500000,1250.969482,-11052.803711,26190.808594,15138.007812
ml,mean,-1,2026-04-19,2056.841309,10.000000,2059.185303,50.000000,-0.709961,0.000000,0.000000,0.000000,-72320.429688,2079.624756,50.000000,-1.235352,0.000000,0.000000,0.000000,-126928.703125,2102.054443,50.000000,-1.531250,0.000000,0.000000,0.000000,-158926.875000,-358176.031250,348320.500000,1250.969482,-11106.505859,35362.773438,24256.265625
ml,mean,-1,2026-04-20,2057.156982,10.000000,2059.033447,50.000000,-1.958984,-1.249023,129381.687500,88.990913,-201716.843750,2079.404541,50.000000,-1.931641,-0.696289,73647.156250,77.244446,-200565.562500,2101.701904,50.000000,-2.147461,-0.616211,65483.996094,72.952888,-224398.734375,-626681.125000,616833.312500,1490.157715,-11338.001953,40511.304688,29173.300781
ml,mean,-1,2026-04-21,2058.063721,10.000000,2059.722656,50.000000,-1.156250,0.802734,-83085.554688,52.967068,-118715.304688,2080.014648,50.000000,-1.462891,0.468750,-50064.710938,56.185738,-150591.093750,2102.224365,50.000000,-1.825195,0.322266,-34981.054688,54.995667,-189527.171875,-458833.593750,448702.062500,1654.306274,-11785.910156,47169.347656,35383.437500
ml,mean,-1,2026-04-22,2059.640381,10.000000,2061.058838,50.000000,-0.886719,0.269531,-28214.146484,61.563038,-90561.203125,2081.266602,50.000000,-1.492188,-0.029297,2952.396484,63.327896,-153674.484375,2103.344482,50.000000,-1.900391,-0.075195,7791.410156,62.842056,-197560.843750,-441796.500000,431231.656250,1842.038940,-12406.896484,55541.292969,43134.394531
ml,mean,-1,2026-04-23,2060.014893,10.000000,2060.426025,50.000000,-1.893555,-1.006836,104471.757812,84.626389,-195014.593750,2080.623779,50.000000,-1.949219,-0.457031,48503.390625,72.529015,-202149.390625,2102.653320,50.000000,-2.142578,-0.242188,25917.447266,66.386642,-223448.171875,-620612.187500,610124.250000,2065.581055,-12553.506836,60645.101562,48091.589844
ml,mean,-1,2026-04-24,2060.026855,10.000000,2061.040283,50.000000,-1.166016,0.727539,-75535.179688,54.043858,-119552.218750,2081.216309,50.000000,-1.599609,0.349609,-37292.789062,57.783333,-164949.156250,2103.174316,50.000000,-2.034180,0.108398,-12097.879883,58.536854,-211432.390625,-495933.781250,485198.406250,2235.945312,-12971.324219,65208.121094,52236.800781
ml,mean,-1,2026-04-25,2061.520508,10.000000,2061.377441,50.000000,-1.166016,0.000000,0.000000,0.000000,-119596.984375,2081.463379,50.000000,-1.599609,0.000000,0.000000,0.000000,-164941.906250,2103.258057,50.000000,-2.034180,0.000000,0.000000,0.000000,-211507.750000,-496046.656250,485198.406250,2235.945312,-13084.183594,73149.250000,60065.066406
ml,mean,-1,2026-04-26,2061.566650,10.000000,2062.661133,50.000000,-1.166016,0.000000,0.000000,0.000000,-119639.453125,2082.691895,50.000000,-1.599609,0.000000,0.000000,0.000000,-165062.484375,2104.430908,50.000000,-2.034180,0.000000,0.000000,0.000000,-211775.875000,-496477.812500,485198.406250,2235.945312,-13515.376953,77675.085938,64159.710938
ml,mean,-1,2026-04-27,2061.535400,10.000000,2062.308838,50.000000,-0.900391,0.265625,-28098.371094,61.871441,-91491.046875,2082.352783,50.000000,-1.658203,-0.058594,5347.007324,62.960289,-170272.093750,2104.028809,50.000000,-2.104492,-0.070312,6759.848145,61.630150,-218469.953125,-480233.093750,469206.875000,2422.406738,-13448.599609,81884.671875,68436.078125
ml,mean,-1,2026-04-28,2060.801514,10.000000,2061.678223,50.000000,-1.857422,-0.957031,99791.992188,83.700401,-191306.656250,2081.614502,50.000000,-1.904297,-0.246094,26854.333984,68.577194,-197178.406250,2103.153076,50.000000,-2.152344,-0.047852,5360.305664,62.661674,-223840.687500,-612325.750000,601213.500000,2637.346436,-13749.585938,84238.382812,70488.789062
ml,mean,-1,2026-04-29,2060.460205,10.000000,2060.172119,50.000000,-0.948242,0.909180,-93755.273438,53.046520,-97407.585938,2080.032227,50.000000,-1.597656,0.306641,-32461.457031,59.239807,-164581.703125,2101.499756,50.000000,-1.933594,0.218750,-23156.642578,60.046696,-200624.328125,-462613.625000,451840.125000,2809.679443,-13583.155273,87732.398438,74149.234375
ml,mean,-1,2026-04-30,2060.913574,10.000000,2060.172119,50.000000,-0.396484,0.551758,-56924.859375,59.184929,-40482.734375,2080.809326,50.000000,-1.605469,-0.007812,516.891968,64.237770,-165177.500000,2102.241943,50.000000,-1.976562,-0.042969,4553.928711,64.099075,-205328.187500,-410988.343750,399986.125000,2997.201172,-13999.475586,87907.125000,73907.640625
ml,mean,-1,2026-05-01,2060.985352,10.000000,2060.172119,50.000000,-1.678711,-1.282227,132916.921875,90.825211,-173399.640625,2080.526367,50.000000,-1.781250,-0.175781,19347.320312,67.757019,-184410.875000,2101.949463,50.000000,-1.929688,0.046875,-4736.947754,62.605034,-200463.562500,-558274.062500,547513.375000,3218.388184,-13979.062500,87194.781250,73215.718750
ml,mean,-1,2026-05-02,2061.996826,10.000000,2060.172119,50.000000,-1.678711,0.000000,0.000000,0.000000,-173399.640625,2081.818359,50.000000,-1.781250,0.000000,0.000000,0.000000,-184489.000000,2103.236572,50.000000,-1.929688,0.000000,0.000000,0.000000,-200561.406250,-558450.062500,547513.375000,3218.388184,-14155.023438,89123.640625,74968.617188
ml,mean,-1,2026-05-03,2061.772949,10.000000,2060.172119,50.000000,-1.678711,0.000000,0.000000,0.000000,-173399.640625,2080.757812,50.000000,-1.781250,0.000000,0.000000,0.000000,-184367.062500,2102.046631,50.000000,-1.929688,0.000000,0.000000,0.000000,-200445.640625,-558212.375000,547513.375000,3218.388184,-13917.359375,87795.453125,73878.093750
ml,mean,-1,2026-05-04,2062.498047,10.000000,2060.172119,50.000000,-0.924805,0.753906,-78256.203125,55.629700,-95143.429688,2080.651367,50.000000,-1.707031,0.074219,-8484.765625,61.134563,-175867.625000,2101.877197,50.000000,-2.100586,-0.170898,17416.039062,62.966831,-217893.187500,-488904.250000,478188.500000,3398.119385,-14113.920898,88563.828125,74449.906250
ml,mean,-1,2026-05-05,2063.635498,10.000000,2060.172119,50.000000,-0.396484,0.528320,-54660.703125,59.562286,-40482.734375,2081.843018,50.000000,-1.767578,-0.060547,5744.435059,64.308304,-181655.515625,2102.996582,50.000000,-2.092773,0.007812,-1027.876831,62.024582,-216928.656250,-439066.875000,428244.312500,3584.014648,-14406.576172,90440.062500,76033.484375
ml,mean,-1,2026-05-06,2064.204346,10.000000,2060.172119,50.000000,-1.678711,-1.282227,132916.921875,90.825211,-173399.640625,2082.711426,50.000000,-1.799805,-0.032227,4290.262695,64.842140,-186052.421875,2103.753906,50.000000,-2.031250,0.061523,-6428.628906,61.000118,-210614.375000,-570066.500000,559022.875000,3800.682129,-14844.260742,91081.585938,76237.312500
ml,mean,-1,2026-05-07,2065.369141,10.000000,2060.172119,50.000000,-0.924805,0.753906,-78256.203125,55.629700,-95143.429688,2083.945557,50.000000,-1.757812,0.041992,-5569.258789,61.619240,-180597.531250,2105.020996,50.000000,-2.146484,-0.115234,11535.257812,62.540535,-222265.093750,-498006.062500,486732.656250,3980.471924,-15253.877930,93134.960938,77881.078125
ml,mean,-1,2026-05-08,2065.914062,10.000000,2060.172119,50.000000,-0.396484,0.528320,-54660.703125,59.562286,-40482.734375,2083.324707,50.000000,-1.743164,0.014648,-1231.552246,63.109505,-179386.609375,2104.324219,50.000000,-2.146484,0.000000,150.514771,60.967117,-222443.500000,-442312.843750,430990.906250,4164.110352,-15486.040039,93432.210938,77946.171875
ml,mean,-1,2026-05-09,2067.594727,10.000000,2060.172119,50.000000,-0.396484,0.000000,0.000000,0.000000,-40482.734375,2084.428955,50.000000,-1.743164,0.000000,0.000000,0.000000,-179445.578125,2105.429688,50.000000,-2.146484,0.000000,0.000000,0.000000,-222503.000000,-442431.375000,430990.906250,4164.110352,-15604.528320,96735.976562,81131.453125
ml,mean,-1,2026-05-10,2068.429199,10.000000,2060.172119,50.000000,-0.396484,0.000000,0.000000,0.000000,-40482.734375,2085.407715,50.000000,-1.743164,0.000000,0.000000,0.000000,-179568.312500,2106.413574,50.000000,-2.146484,0.000000,0.000000,0.000000,-222572.421875,-442623.468750,430990.906250,4164.110352,-15796.672852,97794.554688,81997.882812
ml,mean,-1,2026-05-11,2068.085938,10.000000,2060.172119,50.000000,-1.678711,-1.282227,132916.921875,90.825211,-173399.640625,2084.901367,50.000000,-1.809570,-0.066406,7178.881836,64.771103,-186707.031250,2105.840088,50.000000,-2.118164,0.028320,-3189.115967,60.401566,-219381.531250,-579488.250000,567897.562500,4380.108398,-15970.724609,96024.398438,80053.671875
ml,mean,-1,2026-05-12,2068.893066,10.000000,2060.172119,50.000000,-0.924805,0.753906,-78256.203125,55.629700,-95143.429688,2084.792969,50.000000,-1.760742,0.048828,-6015.856934,62.011917,-180676.187500,2108.065430,50.000000,-2.208008,-0.089844,9310.007812,62.280811,-228957.093750,-504776.687500,492935.500000,4560.030762,-16401.207031,97142.750000,80741.546875
ml,mean,-1,2026-05-13,2069.015625,10.000000,2060.172119,50.000000,-0.396484,0.528320,-54660.703125,59.562286,-40482.734375,2084.014160,50.000000,-1.783203,-0.022461,2535.115723,63.581501,-183251.734375,2107.198975,50.000000,-2.164062,0.043945,-4618.304688,60.789368,-224333.062500,-448067.562500,436191.625000,4743.964355,-16619.873047,96629.031250,80009.156250
ml,mean,-1,2026-05-14,2070.552490,10.000000,2060.172119,50.000000,-1.678711,-1.282227,132916.921875,90.825211,-173399.640625,2085.388428,50.000000,-1.791016,-0.007812,1244.635254,64.701317,-184600.203125,2108.495361,50.000000,-2.099609,0.064453,-6822.188477,60.443966,-217657.062500,-575656.937500,563531.000000,4959.934082,-17085.839844,99426.945312,82341.109375
ml,mean,-1,2026-05-15,2071.031494,10.000000,2060.172119,50.000000,-0.924805,0.753906,-78256.203125,55.629700,-95143.429688,2086.235840,50.000000,-1.780273,0.010742,-1711.576904,62.607044,-182968.328125,2109.224121,50.000000,-2.209961,-0.110352,11659.027344,63.002052,-229443.093750,-507554.843750,495222.250000,5141.173340,-17473.771484,99616.367188,82142.593750
ml,mean,-1,2026-05-16,2069.833496,10.000000,2060.172119,50.000000,-0.924805,0.000000,0.000000,0.000000,-95143.429688,2084.785156,50.000000,-1.780273,0.000000,0.000000,0.000000,-182802.000000,2107.743896,50.000000,-2.209961,0.000000,0.000000,0.000000,-229333.343750,-507278.750000,495222.250000,5141.173340,-17197.722656,95872.343750,78674.617188
ml,mean,-1,2026-05-17,2070.027832,10.000000,2060.172119,50.000000,-0.924805,0.000000,0.000000,0.000000,-95143.429688,2084.609863,50.000000,-1.780273,0.000000,0.000000,0.000000,-182816.890625,2107.560791,50.000000,-2.209961,0.000000,0.000000,0.000000,-229354.750000,-507315.093750,495222.250000,5141.173340,-17234.023438,95469.265625,78235.242188
ml,mean,-1,2026-05-18,2070.402832,10.000000,2060.172119,50.000000,-0.396484,0.528320,-54660.703125,59.562286,-40482.734375,2084.463867,50.000000,-1.828125,-0.047852,5345.122559,63.973709,-188089.406250,2107.372559,50.000000,-2.212891,-0.002930,46.457031,60.607292,-229466.218750,-458038.375000,445953.125000,5325.316895,-17410.558594,95380.414062,77969.867188
ml,mean,-1,2026-05-19,2070.309570,10.000000,2060.172119,50.000000,-1.678711,-1.282227,132916.921875,90.825211,-173399.640625,2084.461914,50.000000,-1.754883,0.073242,-7637.691895,63.161282,-180421.406250,2107.304688,50.000000,-2.106445,0.106445,-11630.605469,60.456890,-217773.500000,-571594.562500,559601.750000,5539.759766,-17532.597656,94093.515625,76560.914062
ml,mean,-1,2026-05-20,2069.921143,10.000000,2060.172119,50.000000,-0.924805,0.753906,-78256.203125,55.629700,-95143.429688,2084.121338,50.000000,-1.761719,-0.006836,366.953949,62.671696,-180701.359375,2106.892090,50.000000,-2.207031,-0.100586,10842.019531,62.090565,-228601.015625,-504445.750000,492554.468750,5720.151855,-17611.431641,92145.023438,74533.585938
ml,mean,-1,2026-05-21,2070.716309,10.000000,2060.172119,50.000000,-0.396484,0.528320,-54660.703125,59.562286,-40482.734375,2085.260986,50.000000,-1.806641,-0.044922,5034.594238,64.118698,-185839.453125,2108.041016,50.000000,-2.218750,-0.011719,927.239258,60.760345,-229663.375000,-455985.562500,443855.656250,5904.593262,-18034.529297,93154.484375,75119.960938
ml,mean,-1,2026-05-22,2072.869629,10.000000,2060.172119,50.000000,-1.678711,-1.282227,132916.921875,90.825211,-173399.640625,2087.928223,50.000000,-1.765625,0.041016,-4117.384766,63.342968,-181873.515625,2110.634521,50.000000,-2.137695,0.081055,-8857.711914,60.032917,-221049.406250,-576322.500000,563797.437500,6118.794922,-18643.914062,97545.187500,78901.273438
ml,mean,-1,2026-05-23,2073.804932,10.000000,2060.172119,50.000000,-1.678711,0.000000,0.000000,0.000000,-173399.640625,2087.693604,50.000000,-1.765625,0.000000,0.000000,0.000000,-181875.250000,2110.406738,50.000000,-2.137695,0.000000,0.000000,0.000000,-221001.500000,-576276.437500,563797.437500,6118.794922,-18597.751953,98873.804688,80276.039062
ml,mean,-1,2026-05-24,2074.571777,10.000000,2060.172119,50.000000,-1.678711,0.000000,0.000000,0.000000,-173399.640625,2088.413086,50.000000,-1.765625,0.000000,0.000000,0.000000,-181808.156250,2111.130127,50.000000,-2.137695,0.000000,0.000000,0.000000,-221002.562500,-576210.375000,563797.437500,6118.794922,-18531.730469,99700.484375,81168.750000
ml,mean,-1,2026-05-25,2074.482910,10.000000,2060.172119,50.000000,-1.678711,0.000000,0.000000,0.000000,-173399.640625,2088.281250,50.000000,-1.765625,0.000000,0.000000,0.000000,-181724.421875,2110.924316,50.000000,-2.137695,0.000000,0.000000,0.000000,-220954.031250,-576078.062500,563797.437500,6118.794922,-18399.433594,98551.656250,80152.218750
ml,mean,-1,2026-05-26,2074.308350,10.000000,2060.172119,50.000000,-0.924805,0.753906,-78256.203125,55.629700,-95143.429688,2087.650635,50.000000,-1.850586,-0.084961,8704.282227,64.051964,-190363.250000,2110.273682,50.000000,-2.330078,-0.192383,20783.019531,62.440487,-241724.812500,-527231.437500,515028.500000,6300.916504,-18503.863281,97288.617188,78784.757812
ml,mean,-1,2026-05-27,2075.546143,10.000000,2060.172119,50.000000,-0.396484,0.528320,-54660.703125,59.562286,-40482.734375,2088.086914,50.000000,-1.837891,0.012695,-1548.606201,63.261177,-188784.296875,2110.564453,50.000000,-2.203125,0.126953,-13599.039062,60.016380,-228128.562500,-457395.593750,445220.156250,6483.756348,-18659.152344,99359.718750,80700.578125
ml,mean,-1,2026-05-28,2075.752930,10.000000,2060.172119,50.000000,-1.678711,-1.282227,132916.921875,90.825211,-173399.640625,2088.302734,50.000000,-1.770508,0.067383,-6843.694824,62.889294,-181929.906250,2110.686279,50.000000,-2.139648,0.063477,-6779.932617,60.487476,-221386.109375,-576715.687500,564513.500000,6697.958008,-18900.138672,98893.031250,79992.890625
ml,mean,-1,2026-05-29,2075.441895,10.000000,2060.172119,50.000000,-0.924805,0.753906,-78256.203125,55.629700,-95143.429688,2087.711670,50.000000,-1.847656,-0.077148,8651.418945,63.954380,-190563.578125,2109.959473,50.000000,-2.262695,-0.123047,13442.654297,62.644947,-234805.781250,-520512.812500,508351.375000,6880.187012,-19041.667969,97355.875000,78314.195312
ml,mean,-1,2026-05-30,2076.009766,10.000000,2060.172119,50.000000,-0.924805,0.000000,0.000000,0.000000,-95143.429688,2088.498291,50.000000,-1.847656,0.000000,0.000000,0.000000,-190592.796875,2110.613770,50.000000,-2.262695,0.000000,0.000000,0.000000,-234797.437500,-520533.687500,508351.375000,6880.187012,-19062.531250,97799.414062,78736.882812
ml,mean,-1,2026-05-31,2076.327637,10.000000,2060.172119,50.000000,-0.924805,0.000000,0.000000,0.000000,-95143.429688,2087.668945,50.000000,-1.847656,0.000000,0.000000,0.000000,-190431.609375,2109.769531,50.000000,-2.262695,0.000000,0.000000,0.000000,-234623.671875,-520198.718750,508351.375000,6880.187012,-18727.572266,97653.578125,78926.000000
ml,mean,-1,2026-06-01,2077.110352,10.000000,2060.172119,50.000000,-0.396484,0.528320,-54660.703125,59.562286,-40482.734375,2089.135742,50.000000,-1.851562,-0.003906,-464.368713,62.535419,-190134.671875,2111.115234,50.000000,-2.308594,-0.045898,4477.129883,60.928986,-239263.578125,-469881.000000,457703.406250,7063.213867,-19240.789062,98713.890625,79473.101562
ml,mean,-1,2026-06-02,2077.506836,10.000000,2060.172119,50.000000,-1.678711,-1.282227,132916.921875,90.825211,-173399.640625,2089.034180,50.000000,-1.732422,0.119141,-11804.595703,62.298504,-178279.312500,2110.920898,50.000000,-2.149414,0.159180,-16885.414062,59.952774,-222377.218750,-574056.125000,561930.312500,7276.291016,-19402.154297,98791.304688,79389.140625
ml,mean,-1,2026-06-03,2078.506592,10.000000,2060.172119,50.000000,-0.924805,0.753906,-78256.203125,55.629700,-95143.429688,2089.801758,50.000000,-1.823242,-0.090820,9470.011719,64.792885,-187723.562500,2111.582275,50.000000,-2.295898,-0.146484,15087.053711,62.017742,-237468.546875,-520335.562500,508231.125000,7458.730469,-19563.119141,100402.976562,80839.859375
ml,mean,-1,2026-06-04,2078.684082,10.000000,2060.172119,50.000000,-0.396484,0.528320,-54660.703125,59.562286,-40482.734375,2090.029053,50.000000,-1.867188,-0.043945,3970.844482,64.261047,-191761.625000,2111.792480,50.000000,-2.291016,0.004883,-621.580322,61.057701,-236829.781250,-469074.125000,456919.718750,7643.612305,-19798.023438,99952.578125,80154.546875
ml,mean,-1,2026-06-05,2079.252441,10.000000,2060.172119,50.000000,-1.678711,-1.282227,132916.921875,90.825211,-173399.640625,2090.606445,50.000000,-1.774414,0.092773,-9470.001953,62.982262,-182384.937500,2112.312500,50.000000,-2.250977,0.040039,-4098.799316,60.525890,-232847.093750,-588631.625000,576267.812500,7857.944824,-20221.792969,100331.562500,80109.773438
ml,mean,-1,2026-06-06,2078.703369,10.000000,2060.172119,50.000000,-1.678711,0.000000,0.000000,0.000000,-173399.640625,2089.977295,50.000000,-1.774414,0.000000,0.000000,0.000000,-182385.765625,2111.666992,50.000000,-2.250977,0.000000,0.000000,0.000000,-232799.093750,-588584.500000,576267.812500,7857.944824,-20174.625000,98146.726562,77972.093750
ml,mean,-1,2026-06-07,2080.274658,10.000000,2060.172119,50.000000,-1.678711,0.000000,0.000000,0.000000,-173399.640625,2090.887695,50.000000,-1.774414,0.000000,0.000000,0.000000,-182574.343750,2112.526611,50.000000,-2.250977,0.000000,0.000000,0.000000,-233009.968750,-588983.937500,576267.812500,7857.944824,-20574.074219,101180.578125,80606.507812
ml,mean,-1,2026-06-08,2082.339600,10.000000,2060.172119,50.000000,-0.924805,0.753906,-78256.203125,55.629700,-95143.429688,2092.432373,50.000000,-1.891602,-0.117188,12702.370117,64.780396,-195316.390625,2114.005127,50.000000,-2.403320,-0.152344,16216.384766,61.670620,-249339.609375,-539799.437500,526930.375000,8040.025879,-20909.095703,105365.570312,84456.468750
ml,mean,-1,2026-06-09,2083.500977,10.000000,2060.172119,50.000000,-0.396484,0.528320,-54660.703125,59.562286,-40482.734375,2094.054688,50.000000,-1.810547,0.081055,-9498.791016,62.446884,-185936.203125,2115.605469,50.000000,-2.318359,0.084961,-9546.726562,59.725380,-239952.921875,-466371.843750,453224.156250,8221.759766,-21369.458984,107337.765625,85968.304688
ml,mean,-1,2026-06-10,2085.075195,10.000000,2060.172119,50.000000,-1.678711,-1.282227,132916.921875,90.825211,-173399.640625,2095.559814,50.000000,-1.728516,0.082031,-7771.109375,63.183510,-178332.109375,2117.000000,50.000000,-2.178711,0.139648,-14576.053711,59.858963,-225578.265625,-577310.000000,563793.937500,8435.628906,-21951.740234,110357.140625,88405.390625
ml,mean,-1,2026-06-11,2085.121094,10.000000,2060.172119,50.000000,-0.924805,0.753906,-78256.203125,55.629700,-95143.429688,2094.505859,50.000000,-1.837891,-0.109375,11354.986328,65.895935,-189550.562500,2115.901855,50.000000,-2.290039,-0.111328,11834.248047,63.129047,-237244.453125,-521938.437500,508726.937500,8620.283203,-21831.802734,109482.671875,87650.875000
ml,mean,-1,2026-06-12,2085.151855,10.000000,2060.172119,50.000000,-0.396484,0.528320,-54660.703125,59.562286,-40482.734375,2095.221436,50.000000,-1.817383,0.020508,-1849.141724,63.230598,-187793.500000,2116.596436,50.000000,-2.309570,-0.019531,2220.293213,61.235191,-239552.312500,-467828.500000,454437.375000,8804.310547,-22195.457031,108613.750000,86418.296875
ml,mean,-1,2026-06-13,2085.890137,10.000000,2060.172119,50.000000,-0.396484,0.000000,0.000000,0.000000,-40482.734375,2096.136230,50.000000,-1.817383,0.000000,0.000000,0.000000,-187841.796875,2117.575195,50.000000,-2.309570,0.000000,0.000000,0.000000,-239622.750000,-467947.250000,454437.375000,8804.310547,-22314.185547,109429.203125,87115.023438
ml,mean,-1,2026-06-14,2085.805420,10.000000,2060.172119,50.000000,-0.396484,0.000000,0.000000,0.000000,-40482.734375,2095.231445,50.000000,-1.817383,0.000000,0.000000,0.000000,-187765.093750,2116.534668,50.000000,-2.309570,0.000000,0.000000,0.000000,-239464.375000,-467712.187500,454437.375000,8804.310547,-22079.136719,108279.125000,86199.984375
ml,mean,-1,2026-06-15,2085.678223,10.000000,2060.172119,50.000000,-1.678711,-1.282227,132916.921875,90.825211,-173399.640625,2095.033203,50.000000,-1.648438,0.168945,-18017.937500,62.628773,-169660.890625,2116.320312,50.000000,-2.250000,0.059570,-6234.502441,59.977104,-233184.390625,-576244.937500,563101.812500,9017.742188,-22160.830078,107073.093750,84912.273438
ml,mean,-1,2026-06-16,2085.896729,10.000000,2060.172119,50.000000,-0.924805,0.753906,-78256.203125,55.629700,-95143.429688,2095.213135,50.000000,-1.824219,-0.175781,18679.246094,66.881218,-188298.000000,2116.408936,50.000000,-2.297852,-0.047852,4834.175293,61.527588,-237960.906250,-521402.312500,508359.062500,9201.781250,-22245.044922,106652.992188,84407.953125
ml,mean,-1,2026-06-17,2086.038818,10.000000,2060.172119,50.000000,-0.396484,0.528320,-54660.703125,59.562286,-40482.734375,2094.350830,50.000000,-1.749023,0.075195,-8422.121094,63.076393,-179824.421875,2115.444824,50.000000,-2.264648,0.033203,-4164.327148,60.272774,-233659.171875,-453966.343750,441111.937500,9384.691406,-22239.095703,106050.343750,83811.242188
ml,mean,-1,2026-06-18,2087.285889,10.000000,2060.172119,50.000000,-1.678711,-1.282227,132916.921875,90.825211,-173399.640625,2095.640137,50.000000,-1.646484,0.102539,-10434.964844,63.980644,-169463.281250,2116.778809,50.000000,-2.234375,0.030273,-2103.677246,61.697647,-231604.718750,-574467.625000,561490.187500,9601.195312,-22578.648438,108207.687500,85629.039062
ml,mean,-1,2026-06-19,2087.759033,10.000000,2060.172119,50.000000,-1.678711,0.000000,0.000000,0.000000,-173399.640625,2095.904297,50.000000,-1.646484,0.000000,0.000000,0.000000,-169499.015625,2116.932129,50.000000,-2.234375,0.000000,0.000000,0.000000,-231576.718750,-574475.375000,561490.187500,9601.195312,-22586.380859,108467.242188,85880.859375
ml,mean,-1,2026-06-20,2087.760742,10.000000,2060.172119,50.000000,-1.678711,0.000000,0.000000,0.000000,-173399.640625,2095.598633,50.000000,-1.646484,0.000000,0.000000,0.000000,-169464.437500,2116.594727,50.000000,-2.234375,0.000000,0.000000,0.000000,-231558.312500,-574422.375000,561490.187500,9601.195312,-22533.414062,107545.484375,85012.070312
ml,mean,-1,2026-06-21,2088.441406,10.000000,2060.172119,50.000000,-1.678711,0.000000,0.000000,0.000000,-173399.640625,2096.162109,50.000000,-1.646484,0.000000,0.000000,0.000000,-169555.046875,2117.133057,50.000000,-2.234375,0.000000,0.000000,0.000000,-231642.593750,-574597.312500,561490.187500,9601.195312,-22708.289062,108255.031250,85546.750000
ml,mean,-1,2026-06-22,2088.860840,10.000000,2060.172119,50.000000,-0.924805,0.753906,-78256.203125,55.629700,-95143.429688,2096.533691,50.000000,-1.784180,-0.137695,14293.553711,66.210159,-183854.109375,2117.472900,50.000000,-2.350586,-0.116211,11665.544922,61.553936,-243332.000000,-522329.562500,509193.062500,9784.588867,-22921.058594,108378.492188,85457.421875
ml,mean,-1,2026-06-23,2089.170898,10.000000,2060.172119,50.000000,-0.396484,0.528320,-54660.703125,59.562286,-40482.734375,2095.815430,50.000000,-1.708984,0.075195,-7557.608887,64.053436,-176119.031250,2116.671143,50.000000,-2.261719,0.088867,-9231.811523,60.319763,-233862.359375,-450464.093750,437742.968750,9968.525391,-22689.689453,108233.992188,85544.296875
ml,mean,-1,2026-06-24,2090.967773,10.000000,2060.172119,50.000000,-1.678711,-1.282227,132916.921875,90.825211,-173399.640625,2098.374512,50.000000,-1.666992,0.041992,-4503.808594,63.941032,-171828.937500,2119.167725,50.000000,-2.201172,0.060547,-6421.141113,60.611671,-227673.046875,-572901.625000,559734.937500,10183.902344,-23350.615234,111695.609375,88345.000000
ml,mean,-1,2026-06-25,2092.867188,10.000000,2060.172119,50.000000,-0.924805,0.753906,-78256.203125,55.629700,-95143.429688,2099.860107,50.000000,-1.793945,-0.126953,13762.881836,66.883400,-185641.500000,2120.620117,50.000000,-2.326172,-0.125000,13979.617188,63.054138,-241692.031250,-522477.000000,509221.187500,10369.469727,-23625.251953,115448.804688,91823.546875
ml,mean,-1,2026-06-26,2092.865234,10.000000,2060.172119,50.000000,-0.396484,0.528320,-54660.703125,59.562286,-40482.734375,2099.348145,50.000000,-1.728516,0.065430,-7248.652832,63.781677,-178326.375000,2120.024414,50.000000,-2.264648,0.061523,-7121.205566,60.499416,-234423.125000,-453232.250000,440190.656250,10553.313477,-23594.925781,114450.804688,90855.882812
ml,mean,-1,2026-06-27,2093.321777,10.000000,2060.172119,50.000000,-0.396484,0.000000,0.000000,0.000000,-40482.734375,2100.376465,50.000000,-1.728516,0.000000,0.000000,0.000000,-178343.203125,2121.087402,50.000000,-2.264648,0.000000,0.000000,0.000000,-234495.265625,-453321.156250,440190.656250,10553.313477,-23683.851562,114598.093750,90914.234375
ml,mean,-1,2026-06-28,2094.037842,10.000000,2060.172119,50.000000,-0.396484,0.000000,0.000000,0.000000,-40482.734375,2100.791504,50.000000,-1.728516,0.000000,0.000000,0.000000,-178346.343750,2121.440918,50.000000,-2.264648,0.000000,0.000000,0.000000,-234537.609375,-453366.656250,440190.656250,10553.313477,-23729.357422,115392.796875,91663.437500
ml,mean,-1,2026-06-29,2095.322266,10.000000,2060.172119,50.000000,-1.678711,-1.282227,132916.921875,90.825211,-173399.640625,2102.121094,50.000000,-1.659180,0.069336,-7610.018066,64.010948,-170832.250000,2122.715088,50.000000,-2.258789,0.005859,-705.066040,60.940048,-233854.937500,-578086.875000,564792.437500,10769.088867,-24063.480469,117604.468750,93541.000000
ml,mean,-1,2026-06-30,2094.772217,10.000000,2060.172119,50.000000,-0.924805,0.753906,-78256.203125,55.629700,-95143.429688,2100.988770,50.000000,-1.791016,-0.131836,14311.480469,67.315247,-184974.093750,2121.565186,50.000000,-2.303711,-0.044922,4367.250977,61.607113,-238085.937500,-518203.437500,505215.000000,10953.641602,-23942.126953,115260.585938,91318.460938
ml,mean,-1,2026-07-01,2092.830811,10.000000,2060.172119,50.000000,-0.396484,0.528320,-54660.703125,59.562286,-40482.734375,2097.862305,50.000000,-1.656250,0.134766,-14415.392578,63.586933,-170343.265625,2118.449219,50.000000,-2.276367,0.027344,-2831.596191,60.716412,-234959.921875,-445785.937500,433307.312500,11137.507812,-23616.142578,109447.093750,85830.953125
ml,mean,-1,2026-07-02,2092.874512,10.000000,2060.172119,50.000000,-1.678711,-1.282227,132916.921875,90.825211,-173399.640625,2097.791016,50.000000,-1.592773,0.063477,-6952.034180,64.681679,-163352.687500,2118.376953,50.000000,-2.230469,0.045898,-4554.688477,61.034050,-230407.781250,-567160.125000,554717.500000,11354.048828,-23796.679688,108601.812500,84805.125000
ml,mean,-1,2026-07-03,2093.614258,10.000000,2060.172119,50.000000,-0.924805,0.753906,-78256.203125,55.629700,-95143.429688,2098.937744,50.000000,-1.737305,-0.144531,15602.255859,67.768471,-179082.453125,2119.500977,50.000000,-2.331055,-0.100586,10626.472656,61.906445,-241214.906250,-515440.812500,502690.031250,11539.353516,-24290.156250,109367.750000,85077.585938
ml,mean,-1,2026-07-04,2093.985596,10.000000,2060.172119,50.000000,-0.924805,0.000000,0.000000,0.000000,-95143.429688,2098.885010,50.000000,-1.737305,0.000000,0.000000,0.000000,-179022.562500,2119.357178,50.000000,-2.331055,0.000000,0.000000,0.000000,-241094.718750,-515260.687500,502690.031250,11539.353516,-24110.064453,109346.835938,85236.773438
ml,mean,-1,2026-07-05,2094.745605,10.000000,2060.172119,50.000000,-0.924805,0.000000,0.000000,0.000000,-95143.429688,2099.672607,50.000000,-1.737305,0.000000,0.000000,0.000000,-179132.281250,2120.095215,50.000000,-2.331055,0.000000,0.000000,0.000000,-241234.468750,-515510.156250,502690.031250,11539.353516,-24359.519531,110155.132812,85795.625000
ml,mean,-1,2026-07-06,2095.731201,10.000000,2060.172119,50.000000,-0.396484,0.528320,-54660.703125,59.562286,-40482.734375,2100.138428,50.000000,-1.677734,0.059570,-6214.657715,64.285965,-172894.359375,2120.523193,50.000000,-2.339844,-0.008789,1111.916992,61.109962,-242353.125000,-455730.218750,442926.500000,11724.310547,-24527.957031,111447.304688,86919.343750
ml,mean,-1,2026-07-07,2095.227295,10.000000,2060.172119,50.000000,-1.678711,-1.282227,132916.921875,90.825211,-173399.640625,2099.512207,50.000000,-1.587891,0.089844,-8891.159180,64.448807,-163971.109375,2119.759033,50.000000,-2.199219,0.140625,-14967.603516,60.249359,-227261.484375,-564632.187500,551984.687500,11939.834961,-24587.357422,109590.125000,85002.765625
ml,mean,-1,2026-07-08,2095.014160,10.000000,2060.172119,50.000000,-0.924805,0.753906,-78256.203125,55.629700,-95143.429688,2099.333984,50.000000,-1.736328,-0.148438,14649.859375,68.103661,-178411.250000,2119.582520,50.000000,-2.287109,-0.087891,8460.610352,61.779716,-235568.140625,-509122.781250,496839.000000,12125.346680,-24409.203125,108396.757812,83987.554688
ml,mean,-1,2026-07-09,2095.790527,10.000000,2060.172119,50.000000,-0.396484,0.528320,-54660.703125,59.562286,-40482.734375,2099.754883,50.000000,-1.651367,0.084961,-8394.895508,64.287415,-170008.796875,2120.028320,50.000000,-2.273438,0.013672,-431.802948,61.710022,-235225.390625,-445716.875000,433351.562500,12310.907227,-24676.244141,109125.835938,84449.593750
ml,mean,-1,2026-07-10,2097.050293,10.000000,2060.172119,50.000000,-1.678711,-1.282227,132916.921875,90.825211,-173399.640625,2101.799805,50.000000,-1.568359,0.083008,-8535.673828,64.924339,-161578.218750,2122.085205,50.000000,-2.197266,0.076172,-8624.798828,60.715027,-226828.031250,-561805.875000,549108.062500,12527.371094,-25225.238281,110623.250000,85398.000000
ml,mean,-1,2026-07-11,2098.906006,10.000000,2060.172119,50.000000,-1.678711,0.000000,0.000000,0.000000,-173399.640625,2103.436035,50.000000,-1.568359,0.000000,0.000000,0.000000,-161660.078125,2123.715576,50.000000,-2.197266,0.000000,0.000000,0.000000,-226989.875000,-562049.625000,549108.062500,12527.371094,-25468.955078,112995.656250,87526.695312
ml,mean,-1,2026-07-12,2098.749268,10.000000,2060.172119,50.000000,-1.678711,0.000000,0.000000,0.000000,-173399.640625,2101.753906,50.000000,-1.568359,0.000000,0.000000,0.000000,-161479.281250,2122.046875,50.000000,-2.197266,0.000000,0.000000,0.000000,-226753.562500,-561632.500000,549108.062500,12527.371094,-25051.855469,112110.562500,87058.703125
ml,mean,-1,2026-07-13,2098.267578,10.000000,2060.172119,50.000000,-0.924805,0.753906,-78256.203125,55.629700,-95143.429688,2100.272461,50.000000,-1.680664,-0.112305,11781.287109,67.647522,-173136.562500,2120.533203,50.000000,-2.329102,-0.131836,14071.536133,63.088669,-240655.843750,-508935.812500,496704.625000,12713.737305,-24944.945312,110691.968750,85747.031250
ml,mean,-1,2026-07-14,2099.085449,10.000000,2060.172119,50.000000,-0.396484,0.528320,-54660.703125,59.562286,-40482.734375,2101.373047,50.000000,-1.668945,0.011719,-1872.927368,65.230873,-171304.796875,2121.663086,50.000000,-2.247070,0.082031,-9348.474609,60.168533,-231386.593750,-443174.156250,430822.500000,12898.699219,-25250.292969,111326.421875,86076.125000
ml,mean,-1,2026-07-15,2099.940918,10.000000,2060.172119,50.000000,-1.678711,-1.282227,132916.921875,90.825211,-173399.640625,2103.406006,50.000000,-1.591797,0.077148,-7794.276367,65.099754,-163699.906250,2123.722656,50.000000,-2.176758,0.070312,-6860.430664,61.031460,-224728.281250,-561827.812500,549084.687500,13115.655273,-25858.763672,111983.062500,86124.304688
ml,mean,-1,2026-07-16,2100.104492,10.000000,2060.172119,50.000000,-0.924805,0.753906,-78256.203125,55.629700,-95143.429688,2103.433350,50.000000,-1.686523,-0.094727,9588.806641,66.764030,-173266.968750,2123.741699,50.000000,-2.307617,-0.130859,13345.083984,63.110237,-238119.515625,-506529.937500,493762.437500,13301.160156,-26068.691406,111697.789062,85629.101562
ml,mean,-1,2026-07-17,2100.119141,10.000000,2060.172119,50.000000,-0.396484,0.528320,-54660.703125,59.562286,-40482.734375,2102.817871,50.000000,-1.601562,0.084961,-8140.109375,65.065178,-165006.828125,2123.147461,50.000000,-2.244141,0.063477,-6307.208496,60.738194,-231706.250000,-437195.812500,424654.375000,13486.526367,-26027.953125,111249.203125,85221.250000
ml,mean,-1,2026-07-18,2098.822754,10.000000,2060.172119,50.000000,-0.396484,0.000000,0.000000,0.000000,-40482.734375,2100.874756,50.000000,-1.601562,0.000000,0.000000,0.000000,-164782.843750,2121.120117,50.000000,-2.244141,0.000000,0.000000,0.000000,-231374.734375,-436640.343750,424654.375000,13486.526367,-25472.472656,109416.453125,83944.000000
ml,mean,-1,2026-07-19,2098.775146,10.000000,2060.172119,50.000000,-0.396484,0.000000,0.000000,0.000000,-40482.734375,2100.771240,50.000000,-1.601562,0.000000,0.000000,0.000000,-164781.296875,2121.022217,50.000000,-2.244141,0.000000,0.000000,0.000000,-231447.328125,-436711.406250,424654.375000,13486.526367,-25543.500000,108949.179688,83405.679688
ml,mean,-1,2026-07-20,2098.735596,10.000000,2060.172119,50.000000,-1.678711,-1.282227,132916.921875,90.825211,-173399.640625,2101.195557,50.000000,-1.564453,0.037109,-3630.231934,65.306671,-161207.296875,2121.461426,50.000000,-2.173828,0.070312,-6743.248047,61.177906,-224723.703125,-559330.625000,547197.812500,13703.834961,-25836.669922,108494.218750,82657.554688
ml,mean,-1,2026-07-21,2099.724609,10.000000,2060.172119,50.000000,-0.924805,0.753906,-78256.203125,55.629700,-95143.429688,2102.025391,50.000000,-1.700195,-0.135742,13333.046875,67.169724,-174591.718750,2122.255127,50.000000,-2.310547,-0.136719,14114.931641,63.080650,-238937.734375,-508672.906250,496389.593750,13889.714844,-26173.021484,109086.453125,82913.421875
ml,mean,-1,2026-07-22,2100.259277,10.000000,2060.172119,50.000000,-0.396484,0.528320,-54660.703125,59.562286,-40482.734375,2101.928223,50.000000,-1.587891,0.112305,-11227.208984,64.319473,-163266.343750,2122.117920,50.000000,-2.235352,0.075195,-8501.306641,60.423359,-230294.531250,-434043.625000,422000.343750,14074.019531,-26117.267578,109216.539062,83099.265625
ml,mean,-1,2026-07-23,2100.820068,10.000000,2060.172119,50.000000,-1.678711,-1.282227,132916.921875,90.825211,-173399.640625,2101.896973,50.000000,-1.523438,0.064453,-7079.195312,65.370667,-156150.343750,2122.046143,50.000000,-2.166992,0.068359,-6661.075684,61.464424,-223590.625000,-553140.625000,541177.000000,14291.680664,-26255.291016,109346.625000,83091.343750
ml,mean,-1,2026-07-24,2101.418457,10.000000,2060.172119,50.000000,-0.924805,0.753906,-78256.203125,55.629700,-95143.429688,2103.077148,50.000000,-1.673828,-0.150391,15717.142578,68.076981,-172037.031250,2123.184814,50.000000,-2.298828,-0.131836,13678.595703,62.760948,-237476.453125,-504656.906250,492316.531250,14478.147461,-26818.527344,109489.687500,82671.140625
ml,mean,-1,2026-07-25,2102.278320,10.000000,2060.172119,50.000000,-0.924805,0.000000,0.000000,0.000000,-95143.429688,2103.168213,50.000000,-1.673828,0.000000,0.000000,0.000000,-172030.406250,2123.272461,50.000000,-2.298828,0.000000,0.000000,0.000000,-237476.515625,-504650.343750,492316.531250,14478.147461,-26811.949219,109751.656250,82939.710938
ml,mean,-1,2026-07-26,2102.261230,10.000000,2060.172119,50.000000,-0.924805,0.000000,0.000000,0.000000,-95143.429688,2103.210205,50.000000,-1.673828,0.000000,0.000000,0.000000,-172002.109375,2123.280273,50.000000,-2.298828,0.000000,0.000000,0.000000,-237352.250000,-504497.781250,492316.531250,14478.147461,-26659.396484,109535.718750,82876.320312
ml,mean,-1,2026-07-27,2103.529053,10.000000,2060.172119,50.000000,-0.395508,0.529297,-54755.515625,59.609695,-40387.914062,2104.252930,50.000000,-1.590820,0.083008,-8765.512695,65.202515,-163351.218750,2124.300781,50.000000,-2.300781,-0.001953,-4.657654,60.528759,-237566.484375,-441305.625000,428790.843750,14663.487305,-27178.253906,110018.992188,82840.742188
ml,mean,-1,2026-07-28,2104.724365,10.000000,2060.172119,50.000000,-1.680664,-1.285156,133201.359375,90.872620,-173589.265625,2105.413086,50.000000,-1.478516,0.112305,-11579.373047,65.254814,-151763.906250,2125.467529,50.000000,-2.128906,0.171875,-18183.341797,60.479675,-219410.359375,-544763.500000,532229.437500,14880.096680,-27414.132812,110374.804688,82960.664062
ml,mean,-1,2026-07-29,2105.175537,10.000000,2060.172119,50.000000,-0.914062,0.766602,-79565.335938,56.094631,-94023.937500,2105.358398,50.000000,-1.136719,0.341797,-33444.597656,64.901413,-118334.062500,2125.389160,50.000000,-2.007812,0.121094,-11208.165039,63.279964,-208140.953125,-420498.937500,408011.406250,15064.372070,-27551.933594,110402.718750,82850.781250
ml,mean,-1,2026-07-30,2106.156494,10.000000,2060.172119,50.000000,-0.414062,0.500000,-51688.980469,60.125782,-42334.960938,2105.358398,50.000000,-0.936523,0.200195,-19803.105469,66.878090,-98530.960938,2126.384766,50.000000,-1.948242,0.059570,-5989.482910,63.339302,-202294.968750,-343160.906250,330529.812500,15254.715820,-27885.775391,110539.796875,82654.031250
ml,mean,-1,2026-07-31,2106.521240,10.000000,2060.172119,50.000000,-1.669922,-1.255859,130123.710938,90.566727,-172458.671875,2105.358398,50.000000,-1.000000,-0.063477,7064.324219,71.355988,-105595.273438,2126.106934,50.000000,-1.861328,0.086914,-9495.413086,64.479805,-192758.890625,-470812.875000,458222.406250,15481.117188,-28071.523438,110566.585938,82495.062500
ml,mean,-1,2026-08-01,2105.290039,10.000000,2060.172119,50.000000,-1.669922,0.000000,0.000000,0.000000,-172458.671875,2105.358398,50.000000,-1.000000,0.000000,0.000000,0.000000,-105595.273438,2124.245117,50.000000,-1.861328,0.000000,0.000000,0.000000,-192552.093750,-470606.062500,458222.406250,15481.117188,-27864.722656,110577.640625,82712.921875
ml,mean,-1,2026-08-02,2104.838379,10.000000,2060.172119,50.000000,-1.669922,0.000000,0.000000,0.000000,-172458.671875,2105.358398,50.000000,-1.000000,0.000000,0.000000,0.000000,-105595.273438,2124.120605,50.000000,-1.861328,0.000000,0.000000,0.000000,-192542.796875,-470596.750000,458222.406250,15481.117188,-27855.416016,110588.570312,82733.156250
ml,mean,-1,2026-08-03,2104.616211,10.000000,2060.172119,50.000000,-0.913086,0.756836,-78533.445312,55.995163,-93925.226562,2105.358398,50.000000,-1.066406,-0.066406,6349.738770,71.236908,-111945.015625,2123.105713,50.000000,-1.958008,-0.096680,10979.526367,64.946655,-203416.406250,-409286.625000,397018.250000,15673.296875,-27941.681641,110599.507812,82657.828125
ml,mean,-1,2026-08-04,2104.888184,10.000000,2060.172119,50.000000,-0.422852,0.490234,-50665.812500,60.228100,-43259.414062,2105.358398,50.000000,-0.933594,0.132812,-13681.569336,67.898346,-98263.453125,2123.635986,50.000000,-1.988281,-0.030273,2741.122803,64.526146,-206228.671875,-347751.531250,335412.000000,15865.948242,-28205.457031,110610.390625,82404.937500
ml,mean,-1,2026-08-05,2104.366943,10.000000,2060.172119,50.000000,-1.655273,-1.232422,127647.562500,90.569786,-170906.968750,2105.358398,50.000000,-1.000000,-0.066406,7331.831055,71.400574,-105595.273438,2123.554932,50.000000,-1.835938,0.152344,-15677.953125,63.284237,-190461.375000,-466963.625000,454713.437500,16091.204102,-28341.398438,110621.296875,82279.890625
ml,mean,-1,2026-08-06,2105.361816,10.000000,2060.172119,50.000000,-0.896484,0.758789,-78774.804688,57.984238,-92132.164062,2105.358398,50.000000,-1.066406,-0.066406,6349.738770,71.236908,-111945.015625,2123.824707,50.000000,-2.059570,-0.223633,22369.742188,68.181984,-212804.375000,-416881.562500,404658.125000,16288.608398,-28512.035156,110621.296875,82109.250000
ml,mean,-1,2026-08-07,2106.273438,10.000000,2060.172119,50.000000,-0.478516,0.417969,-42903.050781,61.801235,-49229.117188,2105.358398,50.000000,-0.933594,0.132812,-13681.569336,67.898346,-98263.453125,2124.704346,50.000000,-2.040039,0.019531,-2465.114746,64.576851,-210448.812500,-357941.406250,345608.375000,16482.882812,-28815.886719,110621.296875,81805.406250
ml,mean,-1,2026-08-08,2107.718994,10.000000,2060.172119,50.000000,-0.478516,0.000000,0.000000,0.000000,-49229.117188,2105.358398,50.000000,-0.933594,0.000000,0.000000,0.000000,-98263.453125,2126.804199,50.000000,-2.040039,0.000000,0.000000,0.000000,-210620.531250,-358113.093750,345608.375000,16482.882812,-28987.601562,110621.296875,81633.695312
ml,mean,-1,2026-08-09,2107.760254,10.000000,2060.172119,50.000000,-0.478516,0.000000,0.000000,0.000000,-49229.117188,2105.358398,50.000000,-0.933594,0.000000,0.000000,0.000000,-98263.453125,2126.363281,50.000000,-2.040039,0.000000,0.000000,0.000000,-210532.937500,-358025.500000,345608.375000,16482.882812,-28900.003906,110621.296875,81721.289062
ml,mean,-1,2026-08-10,2108.074463,10.000000,2060.172119,50.000000,-1.615234,-1.136719,117370.921875,89.223221,-166600.062500,2105.358398,50.000000,-1.000000,-0.066406,7331.831055,71.400574,-105595.273438,2126.291016,50.000000,-1.831055,0.208984,-22230.695312,61.796894,-188330.656250,-460525.968750,448080.468750,16705.304688,-29150.824219,110621.296875,81470.468750
ml,mean,-1,2026-08-11,2108.157959,10.000000,2060.172119,50.000000,-0.875977,0.739258,-76612.531250,59.032055,-89987.523438,2105.358398,50.000000,-1.066406,-0.066406,6349.738770,71.236908,-111945.015625,2126.176758,50.000000,-2.027344,-0.196289,21232.761719,67.375916,-209566.125000,-411498.625000,399050.406250,16902.949219,-29351.166016,110621.296875,81270.125000
ml,mean,-1,2026-08-12,2109.125244,10.000000,2060.172119,50.000000,-0.534180,0.341797,-34827.578125,64.181747,-55159.945312,2105.358398,50.000000,-0.933594,0.132812,-13681.569336,67.898346,-98263.453125,2126.655762,50.000000,-1.970703,0.056641,-6098.121582,64.257286,-203473.203125,-356896.593750,344443.156250,17099.285156,-29552.726562,110621.296875,81068.570312
ml,mean,-1,2026-08-13,2109.491943,10.000000,2060.172119,50.000000,-1.554688,-1.020508,104965.203125,89.982674,-160125.156250,2105.358398,50.000000,-1.000000,-0.066406,7331.831055,71.400574,-105595.273438,2126.807129,50.000000,-1.833984,0.136719,-14310.875000,62.581764,-189148.671875,-454869.125000,442429.343750,17323.250000,-29763.039062,110621.296875,80858.257812
ml,mean,-1,2026-08-14,2110.845459,10.000000,2060.172119,50.000000,-0.916992,0.637695,-65706.492188,61.085419,-94418.664062,2105.358398,50.000000,-1.066406,-0.066406,6349.738770,71.236908,-111945.015625,2126.735352,50.000000,-1.962891,-0.128906,13700.039062,67.001221,-202756.296875,-409120.000000,396772.625000,17522.576172,-29869.949219,110621.296875,80751.343750
ml,mean,-1,2026-08-15,2110.827637,10.000000,2060.172119,50.000000,-0.916992,0.000000,0.000000,0.000000,-94418.664062,2105.358398,50.000000,-1.066406,0.000000,0.000000,0.000000,-111945.015625,2126.677734,50.000000,-1.962891,0.000000,0.000000,0.000000,-202709.375000,-409073.062500,396772.625000,17522.576172,-29823.011719,110621.296875,80798.296875
ml,mean,-1,2026-08-16,2111.807617,10.000000,2060.172119,50.000000,-0.916992,0.000000,0.000000,0.000000,-94418.664062,2105.358398,50.000000,-1.066406,0.000000,0.000000,0.000000,-111945.015625,2127.018799,50.000000,-1.962891,0.000000,0.000000,0.000000,-202764.031250,-409127.718750,396772.625000,17522.576172,-29877.681641,110621.296875,80743.609375
ml,mean,-1,2026-08-17,2112.635498,10.000000,2060.172119,50.000000,-0.536133,0.380859,-39185.332031,65.004730,-55233.328125,2105.358398,50.000000,-0.933594,0.132812,-13681.569336,67.898346,-98263.453125,2128.078125,50.000000,-1.870117,0.092773,-10396.281250,64.489609,-192395.656250,-345892.468750,333509.406250,17719.968750,-30102.978516,110621.296875,80518.312500
ml,mean,-1,2026-08-18,2112.376221,10.000000,2060.172119,50.000000,-1.535156,-0.999023,102931.726562,89.496735,-158165.062500,2105.358398,50.000000,-1.000000,-0.066406,7331.831055,71.400574,-105595.273438,2127.689453,50.000000,-1.803711,0.066406,-6498.591309,66.010605,-185816.921875,-449577.250000,437274.406250,17946.875000,-30249.734375,110621.296875,80371.554688
ml,mean,-1,2026-08-19,2112.408203,10.000000,2060.172119,50.000000,-0.919922,0.615234,-63402.585938,62.350990,-94762.460938,2105.358398,50.000000,-1.066406,-0.066406,6349.738770,71.236908,-111945.015625,2127.645508,50.000000,-1.900391,-0.096680,10536.052734,68.724739,-196382.750000,-403090.250000,390757.562500,18149.187500,-30481.832031,110621.296875,80139.460938
ml,mean,-1,2026-08-20,2112.955811,10.000000,2060.172119,50.000000,-0.561523,0.358398,-36985.851562,65.634888,-57776.613281,2105.358398,50.000000,-0.933594,0.132812,-13681.569336,67.898346,-98263.453125,2128.099609,50.000000,-1.838867,0.061523,-6642.871094,67.377396,-189690.843750,-345730.906250,333447.312500,18350.099609,-30633.726562,110621.296875,79987.570312
ml,mean,-1,2026-08-21,2114.033447,10.000000,2060.172119,50.000000,-1.508789,-0.947266,97740.421875,88.735725,-155517.031250,2105.358398,50.000000,-1.000000,-0.066406,7331.831055,71.400574,-105595.273438,2128.925781,50.000000,-1.651367,0.187500,-18789.166016,66.503853,-170953.593750,-432065.906250,419730.406250,18576.738281,-30912.261719,110621.296875,79709.031250
ml,mean,-1,2026-08-22,2114.576904,10.000000,2060.172119,50.000000,-1.508789,0.000000,0.000000,0.000000,-155517.031250,2105.358398,50.000000,-1.000000,0.000000,0.000000,0.000000,-105595.273438,2129.273682,50.000000,-1.651367,0.000000,0.000000,0.000000,-171008.468750,-432120.781250,419730.406250,18576.738281,-30967.113281,110621.296875,79654.171875
ml,mean,-1,2026-08-23,2114.293701,10.000000,2060.172119,50.000000,-1.508789,0.000000,0.000000,0.000000,-155517.031250,2105.358398,50.000000,-1.000000,0.000000,0.000000,0.000000,-105595.273438,2128.321533,50.000000,-1.651367,0.000000,0.000000,0.000000,-170831.031250,-431943.343750,419730.406250,18576.738281,-30789.679688,110621.296875,79831.609375
ml,mean,-1,2026-08-24,2115.354004,10.000000,2060.172119,50.000000,-0.834961,0.673828,-69610.125000,67.394127,-85906.921875,2105.358398,50.000000,-1.063477,-0.063477,6055.097656,71.384216,-111650.375000,2129.267822,50.000000,-1.246094,0.405273,-39539.570312,64.817162,-131377.953125,-328935.250000,316635.781250,18780.335938,-31079.792969,110621.296875,79541.492188
ml,mean,-1,2026-08-25,2115.075195,10.000000,2060.172119,50.000000,-0.646484,0.188477,-19114.470703,76.349670,-66792.445312,2105.358398,50.000000,-0.662109,0.401367,-42956.152344,83.124916,-68694.226562,2128.618164,50.000000,-1.166992,0.079102,-9633.904297,69.924019,-121656.382812,-257143.062500,244931.250000,19009.734375,-31221.515625,110621.296875,79399.781250
ml,mean,-1,2026-08-26,2116.147705,10.000000,2060.172119,50.000000,-1.353516,-0.707031,72432.304688,103.008591,-139224.765625,2105.358398,50.000000,-1.266602,-0.604492,66698.460938,101.444992,-135392.687500,2129.123535,50.000000,-1.095703,0.071289,-6676.586914,70.270370,-115018.179688,-389635.625000,377385.437500,19284.457031,-31534.625000,110621.296875,79086.671875
ml,mean,-1,2026-08-27,2116.968262,10.000000,2060.172119,50.000000,-0.646484,0.707031,-72432.304688,103.008591,-66792.445312,2105.358398,50.000000,-0.779297,0.487305,-56050.664062,102.570023,-79342.015625,2130.468262,50.000000,-1.076172,0.019531,-510.944092,71.005402,-114558.898438,-260693.359375,248391.515625,19561.042969,-31862.871094,110621.296875,78758.414062
ml,mean,-1,2026-08-28,2117.836914,10.000000,2060.172119,50.000000,-1.353516,-0.707031,72432.304688,103.008591,-139224.765625,2105.358398,50.000000,-1.171875,-0.392578,47407.265625,102.692841,-126749.281250,2131.544189,50.000000,-1.015625,0.060547,-7069.917480,69.944046,-107502.531250,-373476.562500,361161.187500,19836.685547,-32152.082031,110621.296875,78469.203125
ml,mean,-1,2026-08-29,2118.157471,10.000000,2060.172119,50.000000,-1.353516,0.000000,0.000000,0.000000,-139224.765625,2105.358398,50.000000,-1.171875,0.000000,0.000000,0.000000,-126749.281250,2131.066650,50.000000,-1.015625,0.000000,0.000000,0.000000,-107467.859375,-373441.906250,361161.187500,19836.685547,-32117.398438,110621.296875,78503.898438
ml,mean,-1,2026-08-30,2118.594238,10.000000,2060.172119,50.000000,-1.353516,0.000000,0.000000,0.000000,-139224.765625,2105.358398,50.000000,-1.171875,0.000000,0.000000,0.000000,-126749.281250,2131.309082,50.000000,-1.015625,0.000000,0.000000,0.000000,-107432.890625,-373406.906250,361161.187500,19836.685547,-32082.425781,110621.296875,78538.867188
ml,mean,-1,2026-08-31,2119.824707,10.000000,2060.172119,50.000000,-0.646484,0.707031,-72432.304688,103.008591,-66792.445312,2105.358398,50.000000,-0.824219,0.347656,-43315.539062,105.091515,-83433.742188,2131.833496,50.000000,-1.030273,-0.014648,1445.884521,71.437500,-108994.875000,-259221.046875,246859.234375,20116.224609,-32478.058594,110621.296875,78143.226562
ml,mean,-1,2026-09-01,2120.561035,10.000000,2060.172119,50.000000,-1.353516,-0.707031,72432.304688,103.008591,-139224.765625,2105.358398,50.000000,-1.175781,-0.351562,43668.343750,105.267914,-127102.093750,2132.932617,50.000000,-1.025391,0.004883,539.306091,71.256927,-109618.773438,-375945.625000,363499.187500,20395.757812,-32842.195312,110621.296875,77779.093750
ml,mean,-1,2026-09-02,2121.195557,10.000000,2060.172119,50.000000,-0.646484,0.707031,-72432.304688,103.008591,-66792.445312,2105.358398,50.000000,-0.824219,0.351562,-43668.343750,105.267914,-83433.742188,2133.717285,50.000000,-0.981445,0.043945,-5283.369629,70.388512,-104400.679688,-254626.859375,242115.156250,20674.421875,-33186.136719,110621.296875,77435.164062
ml,mean,-1,2026-09-03,2122.009521,10.000000,2060.172119,50.000000,-1.353516,-0.707031,72432.304688,103.008591,-139224.765625,2105.358398,50.000000,-1.175781,-0.351562,43668.343750,105.267914,-127102.093750,2134.664795,50.000000,-1.016602,-0.035156,3570.597168,71.895821,-108001.406250,-374328.250000,361786.406250,20954.593750,-33496.433594,110621.296875,77124.859375
ml,mean,-1,2026-09-04,2121.775146,10.000000,2060.172119,50.000000,-0.646484,0.707031,-72432.304688,103.008591,-66792.445312,2105.358398,50.000000,-0.824219,0.351562,-43668.343750,105.267914,-83433.742188,2133.434326,50.000000,-1.024414,-0.007812,1644.305420,71.388527,-109598.914062,-259825.093750,247330.078125,21234.259766,-33729.300781,110621.296875,76891.992188
ml,mean,-1,2026-09-05,2122.192871,10.000000,2060.172119,50.000000,-0.646484,0.000000,0.000000,0.000000,-66792.445312,2105.358398,50.000000,-0.824219,0.000000,0.000000,0.000000,-83433.742188,2133.638672,50.000000,-1.024414,0.000000,0.000000,0.000000,-109648.523438,-259874.703125,247330.078125,21234.259766,-33778.906250,110621.296875,76842.390625
ml,mean,-1,2026-09-06,2123.489258,10.000000,2060.172119,50.000000,-0.646484,0.000000,0.000000,0.000000,-66792.445312,2105.358398,50.000000,-0.824219,0.000000,0.000000,0.000000,-83433.742188,2135.423340,50.000000,-1.024414,0.000000,0.000000,0.000000,-109730.578125,-259956.765625,247330.078125,21234.259766,-33860.964844,110621.296875,76760.335938
ml,mean,-1,2026-09-07,2124.676025,10.000000,2060.172119,50.000000,-0.646484,0.000000,0.000000,0.000000,-66792.445312,2105.358398,50.000000,-0.824219,0.000000,0.000000,0.000000,-83433.742188,2135.663818,50.000000,-1.024414,0.000000,0.000000,0.000000,-109783.117188,-260009.312500,247330.078125,21234.259766,-33913.507812,110621.296875,76707.789062
ml,mean,-1,2026-09-08,2125.346924,10.000000,2060.172119,50.000000,-1.353516,-0.707031,72432.304688,103.008591,-139224.765625,2105.358398,50.000000,-1.175781,-0.351562,43668.343750,105.267914,-127102.093750,2136.572266,50.000000,-0.964844,0.059570,-6945.903320,70.504990,-102883.140625,-369210.000000,356484.812500,21513.041016,-34238.214844,110621.296875,76383.085938
ml,mean,-1,2026-09-09,2125.596680,10.000000,2060.172119,50.000000,-0.646484,0.707031,-72432.304688,103.008591,-66792.445312,2105.358398,50.000000,-0.824219,0.351562,-43668.343750,105.267914,-83433.742188,2135.537842,50.000000,-1.020508,-0.055664,5834.255859,72.288673,-108661.750000,-258887.937500,246218.406250,21793.607422,-34463.128906,110621.296875,76158.156250
ml,mean,-1,2026-09-10,2126.255859,10.000000,2060.172119,50.000000,-1.353516,-0.707031,72432.304688,103.008591,-139224.765625,2105.358398,50.000000,-1.175781,-0.351562,43668.343750,105.267914,-127102.093750,2136.436768,50.000000,-1.017578,0.002930,509.765869,71.437645,-109130.203125,-375457.031250,362828.843750,22073.322266,-34701.535156,110621.296875,75919.757812
ml,mean,-1,2026-09-11,2126.465820,10.000000,2060.172119,50.000000,-0.646484,0.707031,-72432.304688,103.008591,-66792.445312,2105.358398,50.000000,-0.824219,0.351562,-43668.343750,105.267914,-83433.742188,2136.119141,50.000000,-0.966797,0.050781,-6016.038086,70.201294,-103094.382812,-253320.562500,240712.156250,22351.798828,-34960.226562,110621.296875,75661.070312
ml,mean,-1,2026-09-12,2126.460938,10.000000,2060.172119,50.000000,-0.646484,0.000000,0.000000,0.000000,-66792.445312,2105.358398,50.000000,-0.824219,0.000000,0.000000,0.000000,-83433.742188,2136.797852,50.000000,-0.966797,0.000000,0.000000,0.000000,-103047.812500,-253273.984375,240712.156250,22351.798828,-34913.656250,110621.296875,75707.640625
ml,mean,-1,2026-09-13,2126.887939,10.000000,2060.172119,50.000000,-0.646484,0.000000,0.000000,0.000000,-66792.445312,2105.358398,50.000000,-0.824219,0.000000,0.000000,0.000000,-83433.742188,2137.373779,50.000000,-0.966797,0.000000,0.000000,0.000000,-103096.031250,-253322.218750,240712.156250,22351.798828,-34961.875000,110621.296875,75659.414062
ml,mean,-1,2026-09-14,2126.864746,10.000000,2060.172119,50.000000,-1.353516,-0.707031,72432.304688,103.008591,-139224.765625,2105.358398,50.000000,-1.175781,-0.351562,43668.343750,105.267914,-127102.093750,2136.542236,50.000000,-1.014648,-0.047852,5067.331055,72.366272,-108059.398438,-374386.250000,361880.156250,22632.443359,-35138.558594,110621.296875,75482.734375
ml,mean,-1,2026-09-15,2126.431396,10.000000,2060.172119,50.000000,-0.646484,0.707031,-72432.304688,103.008591,-66792.445312,2105.358398,50.000000,-0.824219,0.351562,-43668.343750,105.267914,-83433.742188,2135.281982,50.000000,-1.018555,-0.003906,1228.487305,71.734444,-109254.460938,-259480.656250,247007.953125,22912.451172,-35385.152344,110621.296875,75236.140625
ml,mean,-1,2026-09-16,2127.743408,10.000000,2060.172119,50.000000,-1.353516,-0.707031,72432.304688,103.008591,-139224.765625,2105.358398,50.000000,-1.175781,-0.351562,43668.343750,105.267914,-127102.093750,2137.156738,50.000000,-0.965820,0.052734,-6359.911621,70.535744,-103020.921875,-369347.750000,356748.687500,23191.265625,-35790.324219,110621.296875,74830.968750
ml,mean,-1,2026-09-17,2126.910400,10.000000,2060.172119,50.000000,-0.646484,0.707031,-72432.304688,103.008591,-66792.445312,2105.358398,50.000000,-0.824219,0.351562,-43668.343750,105.267914,-83433.742188,2136.332520,50.000000,-1.018555,-0.052734,5537.237305,72.271591,-108478.257812,-258704.437500,246185.296875,23471.812500,-35990.968750,110621.296875,74630.320312
ml,mean,-1,2026-09-18,2127.697754,10.000000,2060.172119,50.000000,-1.353516,-0.707031,72432.304688,103.008591,-139224.765625,2105.358398,50.000000,-1.175781,-0.351562,43668.343750,105.267914,-127102.093750,2135.975342,50.000000,-1.017578,0.000977,669.350708,71.310738,-109174.359375,-375501.187500,362955.281250,23751.398438,-36297.312500,110621.296875,74323.984375
ml,mean,-1,2026-09-19,2126.959229,10.000000,2060.172119,50.000000,-1.353516,0.000000,0.000000,0.000000,-139224.765625,2105.358398,50.000000,-1.175781,0.000000,0.000000,0.000000,-127102.093750,2134.875000,50.000000,-1.017578,0.000000,0.000000,0.000000,-109103.687500,-375430.562500,362955.281250,23751.398438,-36226.636719,110621.296875,74394.664062
ml,mean,-1,2026-09-20,2127.593262,10.000000,2060.172119,50.000000,-1.353516,0.000000,0.000000,0.000000,-139224.765625,2105.358398,50.000000,-1.175781,0.000000,0.000000,0.000000,-127102.093750,2135.503174,50.000000,-1.017578,0.000000,0.000000,0.000000,-109121.289062,-375448.125000,362955.281250,23751.398438,-36244.238281,110621.296875,74377.062500
ml,mean,-1,2026-09-21,2128.872559,10.000000,2060.172119,50.000000,-0.646484,0.707031,-72432.304688,103.008591,-66792.445312,2105.358398,50.000000,-0.824219,0.351562,-43668.343750,105.267914,-83433.742188,2136.972412,50.000000,-0.958008,0.059570,-7019.025391,70.472740,-102181.515625,-252407.718750,239835.609375,24030.150391,-36602.246094,110621.296875,74019.046875
ml,mean,-1,2026-09-22,2130.475098,10.000000,2060.172119,50.000000,-1.353516,-0.707031,72432.304688,103.008591,-139224.765625,2105.358398,50.000000,-1.175781,-0.351562,43668.343750,105.267914,-127102.093750,2138.429688,50.000000,-1.027344,-0.069336,7221.952148,72.687737,-109522.781250,-375849.625000,363158.250000,24311.113281,-37002.523438,110621.296875,73618.765625
ml,mean,-1,2026-09-23,2132.000488,10.000000,2060.172119,50.000000,-0.646484,0.707031,-72432.304688,103.008591,-66792.445312,2105.358398,50.000000,-0.824219,0.351562,-43668.343750,105.267914,-83433.742188,2139.872803,50.000000,-1.014648,0.012695,-643.421509,71.473373,-108947.109375,-259173.312500,246414.156250,24590.865234,-37350.027344,110621.296875,73271.265625
ml,mean,-1,2026-09-24,2132.396729,10.000000,2060.172119,50.000000,-1.353516,-0.707031,72432.304688,103.008591,-139224.765625,2105.358398,50.000000,-1.175781,-0.351562,43668.343750,105.267914,-127102.093750,2139.626221,50.000000,-0.958008,0.056641,-6463.823242,70.459969,-102490.312500,-368817.156250,356050.968750,24869.599609,-37635.789062,110621.296875,72985.507812
ml,mean,-1,2026-09-25,2133.740967,10.000000,2060.172119,50.000000,-0.646484,0.707031,-72432.304688,103.008591,-66792.445312,2105.358398,50.000000,-0.824219,0.351562,-43668.343750,105.267914,-83433.742188,2141.615234,50.000000,-1.030273,-0.072266,7417.052246,72.623352,-110002.078125,-260228.281250,247367.359375,25150.500000,-38011.398438,110621.296875,72609.898438
ml,mean,-1,2026-09-26,2132.860596,10.000000,2060.172119,50.000000,-0.646484,0.000000,0.000000,0.000000,-66792.445312,2105.358398,50.000000,-0.824219,0.000000,0.000000,0.000000,-83433.742188,2140.766602,50.000000,-1.030273,0.000000,0.000000,0.000000,-109968.617188,-260194.781250,247367.359375,25150.500000,-37977.921875,110621.296875,72643.367188
ml,mean,-1,2026-09-27,2132.689209,10.000000,2060.172119,50.000000,-0.646484,0.000000,0.000000,0.000000,-66792.445312,2105.358398,50.000000,-0.824219,0.000000,0.000000,0.000000,-83433.742188,2140.338867,50.000000,-1.030273,0.000000,0.000000,0.000000,-109902.296875,-260128.468750,247367.359375,25150.500000,-37911.613281,110621.296875,72709.679688
ml,mean,-1,2026-09-28,2132.876709,10.000000,2060.172119,50.000000,-1.353516,-0.707031,72432.304688,103.008591,-139224.765625,2105.358398,50.000000,-1.175781,-0.351562,43668.343750,105.267914,-127102.093750,2140.989502,50.000000,-1.006836,0.023438,-1752.718506,71.449234,-108088.664062,-374415.531250,361715.343750,25430.226562,-38130.421875,110621.296875,72490.875000
ml,mean,-1,2026-09-29,2133.171143,10.000000,2060.172119,50.000000,-0.646484,0.707031,-72432.304688,103.008591,-66792.445312,2105.358398,50.000000,-0.824219,0.351562,-43668.343750,105.267914,-83433.742188,2139.988770,50.000000,-0.963867,0.042969,-4828.268555,70.810371,-103240.296875,-253466.484375,240786.375000,25709.310547,-38389.421875,110621.296875,72231.867188
ml,mean,-1,2026-09-30,2133.133057,10.000000,2060.172119,50.000000,-1.353516,-0.707031,72432.304688,103.008591,-139224.765625,2105.358398,50.000000,-1.175781,-0.351562,43668.343750,105.267914,-127102.093750,2139.199707,50.000000,-1.030273,-0.066406,6395.247559,72.634331,-109650.125000,-375976.937500,363282.250000,25990.222656,-38684.898438,110621.296875,71936.398438
ml,mean,-1,2026-10-01,2134.281982,10.000000,2060.172119,50.000000,-0.646484,0.707031,-72432.304688,103.008591,-66792.445312,2105.358398,50.000000,-0.824219,0.351562,-43668.343750,105.267914,-83433.742188,2139.774170,50.000000,-1.006836,0.023438,-1504.190674,71.266479,-108159.750000,-258385.937500,245677.437500,26269.767578,-38978.265625,110621.296875,71643.031250
ml,mean,-1,2026-10-02,2133.977051,10.000000,2060.172119,50.000000,-1.353516,-0.707031,72432.304688,103.008591,-139224.765625,2105.358398,50.000000,-1.175781,-0.351562,43668.343750,105.267914,-127102.093750,2140.116455,50.000000,-0.958984,0.047852,-5444.475586,70.935760,-102706.898438,-369033.718750,356333.656250,26548.978516,-39249.089844,110621.296875,71372.203125
ml,mean,-1,2026-10-03,2134.538574,10.000000,2060.172119,50.000000,-1.353516,0.000000,0.000000,0.000000,-139224.765625,2105.358398,50.000000,-1.175781,0.000000,0.000000,0.000000,-127102.093750,2140.312500,50.000000,-0.958984,0.000000,0.000000,0.000000,-102758.500000,-369085.343750,356333.656250,26548.978516,-39300.699219,110621.296875,71320.585938
ml,mean,-1,2026-10-04,2135.719238,10.000000,2060.172119,50.000000,-1.353516,0.000000,0.000000,0.000000,-139224.765625,2105.358398,50.000000,-1.175781,0.000000,0.000000,0.000000,-127102.093750,2141.734863,50.000000,-0.958984,0.000000,0.000000,0.000000,-102746.875000,-369073.718750,356333.656250,26548.978516,-39289.078125,110621.296875,71332.218750
ml,mean,-1,2026-10-05,2135.208740,10.000000,2060.172119,50.000000,-0.646484,0.707031,-72432.304688,103.008591,-66792.445312,2105.358398,50.000000,-0.824219,0.351562,-43668.343750,105.267914,-83433.742188,2141.197021,50.000000,-1.020508,-0.061523,6190.060547,73.823021,-108920.390625,-259146.578125,246423.031250,26831.078125,-39554.640625,110621.296875,71066.656250
ml,mean,-1,2026-10-06,2135.076660,10.000000,2060.172119,50.000000,-1.353516,-0.707031,72432.304688,103.008591,-139224.765625,2105.358398,50.000000,-1.175781,-0.351562,43668.343750,105.267914,-127102.093750,2140.922852,50.000000,-1.035156,-0.014648,1973.906616,72.111099,-110981.195312,-377308.031250,364497.562500,27111.462891,-39921.917969,110621.296875,70699.375000
ml,mean,-1,2026-10-07,2135.302979,10.000000,2060.172119,50.000000,-0.646484,0.707031,-72432.304688,103.008591,-66792.445312,2105.358398,50.000000,-0.824219,0.351562,-43668.343750,105.267914,-83433.742188,2139.718750,50.000000,-0.947266,0.087891,-9519.791016,69.898155,-101425.164062,-251651.359375,238877.140625,27389.640625,-40163.851562,110621.296875,70457.445312
ml,mean,-1,2026-10-08,2135.849365,10.000000,2060.172119,50.000000,-1.353516,-0.707031,72432.304688,103.008591,-139224.765625,2105.358398,50.000000,-1.175781,-0.351562,43668.343750,105.267914,-127102.093750,2139.681641,50.000000,-1.016602,-0.069336,7105.611816,72.735008,-108499.796875,-374826.625000,362083.437500,27670.652344,-40413.886719,110621.296875,70207.398438
ml,mean,-1,2026-10-09,2135.876221,10.000000,2060.172119,50.000000,-0.646484,0.707031,-72432.304688,103.008591,-66792.445312,2105.358398,50.000000,-0.824219,0.351562,-43668.343750,105.267914,-83433.742188,2139.381836,50.000000,-1.036133,-0.019531,2563.314453,71.950195,-111061.437500,-261287.625000,248546.062500,27950.876953,-40692.441406,110621.296875,69928.851562
ml,mean,-1,2026-10-10,2136.623779,10.000000,2060.172119,50.000000,-0.646484,0.000000,0.000000,0.000000,-66792.445312,2105.358398,50.000000,-0.824219,0.000000,0.000000,0.000000,-83433.742188,2140.540039,50.000000,-1.036133,0.000000,0.000000,0.000000,-111121.570312,-261347.781250,248546.062500,27950.876953,-40752.578125,110621.296875,69868.710938
ml,mean,-1,2026-10-11,2136.488770,10.000000,2060.172119,50.000000,-0.646484,0.000000,0.000000,0.000000,-66792.445312,2105.358398,50.000000,-0.824219,0.000000,0.000000,0.000000,-83433.742188,2139.480469,50.000000,-1.036133,0.000000,0.000000,0.000000,-111017.882812,-261244.062500,248546.062500,27950.876953,-40648.886719,110621.296875,69972.406250
ml,mean,-1,2026-10-12,2136.515381,10.000000,2060.172119,50.000000,-0.646484,0.000000,0.000000,0.000000,-66792.445312,2105.358398,50.000000,-0.824219,0.000000,0.000000,0.000000,-83433.742188,2139.693848,50.000000,-1.036133,0.000000,0.000000,0.000000,-111060.312500,-261286.500000,248546.062500,27950.876953,-40691.308594,110621.296875,69929.984375
ml,mean,-1,2026-10-13,2137.123779,10.000000,2060.172119,50.000000,-1.353516,-0.707031,72432.304688,103.008591,-139224.765625,2105.358398,50.000000,-1.175781,-0.351562,43668.343750,105.267914,-127102.093750,2140.261719,50.000000,-0.923828,0.112305,-12187.007812,71.226814,-98860.398438,-365187.250000,352459.718750,28230.382812,-40957.921875,110621.296875,69663.375000
ml,mean,-1,2026-10-14,2138.384277,10.000000,2060.172119,50.000000,-0.646484,0.707031,-72432.304688,103.008591,-66792.445312,2105.358398,50.000000,-0.824219,0.351562,-43668.343750,105.267914,-83433.742188,2141.381348,50.000000,-1.063477,-0.139648,14881.808594,74.084877,-113765.234375,-263991.437500,251240.890625,28512.746094,-41263.296875,110621.296875,69358.000000
ml,mean,-1,2026-10-15,2138.975342,10.000000,2060.172119,50.000000,-1.353516,-0.707031,72432.304688,103.008591,-139224.765625,2105.358398,50.000000,-1.175781,-0.351562,43668.343750,105.267914,-127102.093750,2141.894043,50.000000,-1.006836,0.056641,-5921.202637,71.070633,-107935.593750,-374262.437500,361420.281250,28792.089844,-41634.207031,110621.296875,68987.078125
ml,mean,-1,2026-10-16,2140.604980,10.000000,2060.172119,50.000000,-0.646484,0.707031,-72432.304688,103.008591,-66792.445312,2105.358398,50.000000,-0.824219,0.351562,-43668.343750,105.267914,-83433.742188,2143.755371,50.000000,-0.935547,0.071289,-7725.120605,70.393768,-100277.578125,-250503.781250,237594.531250,29070.759766,-41979.988281,110621.296875,68641.304688
ml,mean,-1,2026-10-17,2141.971436,10.000000,2060.172119,50.000000,-0.646484,0.000000,0.000000,0.000000,-66792.445312,2105.358398,50.000000,-0.824219,0.000000,0.000000,0.000000,-83433.742188,2144.935791,50.000000,-0.935547,0.000000,0.000000,0.000000,-100268.921875,-250495.125000,237594.531250,29070.759766,-41971.335938,110621.296875,68649.960938
ml,mean,-1,2026-10-18,2141.718750,10.000000,2060.172119,50.000000,-0.646484,0.000000,0.000000,0.000000,-66792.445312,2105.358398,50.000000,-0.824219,0.000000,0.000000,0.000000,-83433.742188,2144.378906,50.000000,-0.935547,0.000000,0.000000,0.000000,-100253.273438,-250479.437500,237594.531250,29070.759766,-41955.675781,110621.296875,68665.609375
ml,mean,-1,2026-10-19,2139.760010,10.000000,2060.172119,50.000000,-1.353516,-0.707031,72432.304688,103.008591,-139224.765625,2105.358398,50.000000,-1.175781,-0.351562,43668.343750,105.267914,-127102.093750,2142.039307,50.000000,-1.034180,-0.098633,10571.984375,75.151749,-110664.187500,-376991.031250,364267.218750,29354.189453,-42078.031250,110621.296875,68543.265625
ml,mean,-1,2026-10-20,2140.264160,10.000000,2060.172119,50.000000,-0.646484,0.707031,-72432.304688,103.008591,-66792.445312,2105.358398,50.000000,-0.824219,0.351562,-43668.343750,105.267914,-83433.742188,2142.382812,50.000000,-1.050781,-0.016602,2131.960693,72.214020,-112847.234375,-263073.437500,250298.500000,29634.679688,-42409.609375,110621.296875,68211.687500
ml,mean,-1,2026-10-21,2140.025391,10.000000,2060.172119,50.000000,-1.353516,-0.707031,72432.304688,103.008591,-139224.765625,2105.358398,50.000000,-1.175781,-0.351562,43668.343750,105.267914,-127102.093750,2141.584473,50.000000,-0.914062,0.136719,-15087.088867,69.355171,-97693.054688,-364019.937500,351312.062500,29912.312500,-42620.152344,110621.296875,68001.140625
ml,mean,-1,2026-10-22,2141.062500,10.000000,2060.172119,50.000000,-0.646484,0.707031,-72432.304688,103.008591,-66792.445312,2105.358398,50.000000,-0.824219,0.351562,-43668.343750,105.267914,-83433.742188,2142.536621,50.000000,-1.041016,-0.126953,13555.770508,73.755203,-111384.562500,-261610.750000,248767.187500,30194.341797,-43037.925781,110621.296875,67583.367188
ml,mean,-1,2026-10-23,2141.251953,10.000000,2060.172119,50.000000,-1.353516,-0.707031,72432.304688,103.008591,-139224.765625,2105.358398,50.000000,-1.175781,-0.351562,43668.343750,105.267914,-127102.093750,2142.197510,50.000000,-1.033203,0.007812,-516.632812,72.217087,-110922.250000,-377249.093750,364351.218750,30474.835938,-43372.734375,110621.296875,67248.562500
ml,mean,-1,2026-10-24,2141.639404,10.000000,2060.172119,50.000000,-1.353516,0.000000,0.000000,0.000000,-139224.765625,2105.358398,50.000000,-1.175781,0.000000,0.000000,0.000000,-127102.093750,2143.059570,50.000000,-1.033203,0.000000,0.000000,0.000000,-110909.585938,-377236.468750,364351.218750,30474.835938,-43360.074219,110621.296875,67261.226562
ml,mean,-1,2026-10-25,2141.716797,10.000000,2060.172119,50.000000,-1.353516,0.000000,0.000000,0.000000,-139224.765625,2105.358398,50.000000,-1.175781,0.000000,0.000000,0.000000,-127102.093750,2143.273438,50.000000,-1.033203,0.000000,0.000000,0.000000,-110936.468750,-377263.343750,364351.218750,30474.835938,-43386.957031,110621.296875,67234.335938
ml,mean,-1,2026-10-26,2141.849609,10.000000,2060.172119,50.000000,-0.646484,0.707031,-72432.304688,103.008591,-66792.445312,2105.358398,50.000000,-0.824219,0.351562,-43668.343750,105.267914,-83433.742188,2143.064941,50.000000,-0.918945,0.114258,-12869.126953,70.771454,-98093.125000,-248319.312500,235381.390625,30753.884766,-43691.781250,110621.296875,66929.523438
ml,mean,-1,2026-10-27,2142.348877,10.000000,2060.172119,50.000000,-1.353516,-0.707031,72432.304688,103.008591,-139224.765625,2105.358398,50.000000,-1.175781,-0.351562,43668.343750,105.267914,-127102.093750,2142.662109,50.000000,-1.058594,-0.139648,15480.624023,74.656494,-113580.328125,-379907.156250,366962.687500,31036.820312,-43981.300781,110621.296875,66640.000000
ml,mean,-1,2026-10-28,2142.381348,10.000000,2060.172119,50.000000,-0.646484,0.707031,-72432.304688,103.008591,-66792.445312,2105.358398,50.000000,-0.824219,0.351562,-43668.343750,105.267914,-83433.742188,2142.810059,50.000000,-1.023438,0.035156,-3620.045654,71.361168,-109928.453125,-260154.640625,247242.000000,31316.455078,-44229.101562,110621.296875,66392.195312
ml,mean,-1,2026-10-29,2143.090088,10.000000,2060.172119,50.000000,0.000000,0.646484,-66792.445312,33.396221,0.000000,2105.358398,50.000000,0.000000,0.824219,-83433.742188,41.716869,0.000000,2143.609375,50.000000,0.000000,1.023438,-109968.726562,54.984360,0.000000,0.000000,-12952.919922,31446.552734,-44399.476562,110621.296875,66221.820312
ml,mean,-1,2026-10-30,2142.528809,10.000000,2060.172119,50.000000,0.000000,0.000000,0.000000,0.000000,0.000000,2105.358398,50.000000,0.000000,0.000000,0.000000,0.000000,0.000000,2143.609375,50.000000,0.000000,0.000000,0.000000,0.000000,0.000000,0.000000,-12952.919922,31446.552734,-44399.476562,110621.296875,66221.820312
