policy,case,path_idx,day,spot,spread_bps,PL_APR_2026_futures,PL_APR_2026_contract_size,PL_APR_2026_position,PL_APR_2026_trade,PL_APR_2026_trade_cash,PL_APR_2026_trade_cost,PL_APR_2026_position_mtm,PL_JUL_2026_futures,PL_JUL_2026_contract_size,PL_JUL_2026_position,PL_JUL_2026_trade,PL_JUL_2026_trade_cash,PL_JUL_2026_trade_cost,PL_JUL_2026_position_mtm,PL_OCT_2026_futures,PL_OCT_2026_contract_size,PL_OCT_2026_position,PL_OCT_2026_trade,PL_OCT_2026_trade_cash,PL_OCT_2026_trade_cost,PL_OCT_2026_position_mtm,portfolio_position_mtm,portfolio_cum_trade_cash,portfolio_cum_trade_cost,hedge_portfolio_ex_funding,mtm_ex_post_settle_discount,total_ex_funding_discount
ml,worst,8122,2026-04-10,2055.000244,10.000000,2026.171509,50.000000,-1.000000,-1.000000,101308.578125,50.654285,-101308.578125,2047.068848,50.000000,-1.000000,-1.000000,102353.445312,51.176720,-102353.445312,2070.749756,50.000000,-1.000000,-1.000000,103537.484375,51.768742,-103537.484375,-307199.500000,307199.500000,153.599747,-153.599747,29559.361328,29405.761719
ml,worst,8122,2026-04-11,2020.087402,10.000000,1994.041138,50.000000,-1.000000,0.000000,-0.000000,0.000000,-99702.054688,2014.748047,50.000000,-1.000000,0.000000,-0.000000,0.000000,-100737.406250,2037.363525,50.000000,-1.000000,0.000000,-0.000000,0.000000,-101868.179688,-302307.656250,307199.500000,153.599747,4738.244141,-54713.535156,-49975.289062
ml,worst,8122,2026-04-12,2035.394409,10.000000,2031.165283,50.000000,-1.000000,0.000000,-0.000000,0.000000,-101558.265625,2051.020508,50.000000,-1.000000,0.000000,-0.000000,0.000000,-102551.023438,2073.513184,50.000000,-1.000000,0.000000,-0.000000,0.000000,-103675.656250,-307784.937500,307199.500000,153.599747,-739.037231,-12353.306641,-13092.343750
ml,worst,8122,2026-04-13,2051.504150,10.000000,2051.119629,50.000000,-2.000000,-1.000000,102555.984375,51.277992,-205111.968750,2070.920654,50.000000,-2.000000,-1.000000,103546.031250,51.773014,-207092.062500,2093.601562,50.000000,-2.000000,-1.000000,104680.078125,52.340034,-209360.156250,-621564.187500,617981.625000,308.990784,-3891.553223,24306.285156,20414.732422
ml,worst,8122,2026-04-14,2012.933594,10.000000,2009.096924,50.000000,-3.000000,-1.000000,100454.843750,50.227421,-301364.562500,2027.519775,50.000000,-3.000000,-1.000000,101375.992188,50.687996,-304127.968750,2049.027832,50.000000,-3.000000,-1.000000,102451.390625,51.225693,-307354.187500,-912846.687500,922263.812500,461.131897,8955.993164,-64069.191406,-55113.199219
ml,worst,8122,2026-04-15,1947.054199,10.000000,1930.267212,50.000000,-3.000000,0.000000,-0.000000,0.000000,-289540.093750,1946.357178,50.000000,-4.000000,-1.000000,97317.859375,48.658932,-389271.437500,1965.929077,50.000000,-4.000000,-1.000000,98296.453125,49.148224,-393185.812500,-1071997.250000,1117878.125000,558.939087,45321.937500,-226580.000000,-181258.062500
ml,worst,8122,2026-04-16,1973.511597,10.000000,1984.592896,50.000000,-3.000000,0.000000,-0.000000,0.000000,-297688.937500,2000.297852,50.000000,-4.000000,0.000000,-0.000000,0.000000,-400059.562500,2020.378906,50.000000,-4.000000,0.000000,-0.000000,0.000000,-404075.781250,-1101824.250000,1117878.125000,558.939087,15494.935547,-157596.984375,-142102.046875
ml,worst,8122,2026-04-17,1996.005493,10.000000,2001.077881,50.000000,-3.000000,0.000000,-0.000000,0.000000,-300161.656250,2016.320190,50.000000,-4.000000,0.000000,-0.000000,0.000000,-403264.031250,2035.937622,50.000000,-4.000000,0.000000,-0.000000,0.000000,-407187.531250,-1110613.250000,1117878.125000,558.939087,6705.936035,-99273.406250,-92567.468750
ml,worst,8122,2026-04-18,1968.072144,10.000000,1972.191650,50.000000,-3.000000,0.000000,-0.000000,0.000000,-295828.750000,1987.080688,50.000000,-4.000000,0.000000,-0.000000,0.000000,-397416.125000,2006.219116,50.000000,-4.000000,0.000000,-0.000000,0.000000,-401243.812500,-1094488.750000,1117878.125000,558.939087,22830.435547,-160150.765625,-137320.328125
ml,worst,8122,2026-04-19,1945.818848,10.000000,1942.082520,50.000000,-3.000000,0.000000,-0.000000,0.000000,-291312.375000,1956.697021,50.000000,-4.000000,0.000000,-0.000000,0.000000,-391339.406250,1974.828857,50.000000,-4.000000,0.000000,-0.000000,0.000000,-394965.781250,-1077617.500000,1117878.125000,558.939087,39701.687500,-212929.765625,-173228.078125
ml,worst,8122,2026-04-20,1917.305664,10.000000,1918.800537,50.000000,-3.000000,0.000000,-0.000000,0.000000,-287820.062500,1932.955078,50.000000,-4.000000,0.000000,-0.000000,0.000000,-386591.000000,1949.885742,50.000000,-4.000000,0.000000,-0.000000,0.000000,-389977.156250,-1064388.250000,1117878.125000,558.939087,52930.937500,-281817.156250,-228886.218750
ml,worst,8122,2026-04-21,1911.689575,10.000000,1916.124023,50.000000,-3.000000,0.000000,-0.000000,0.000000,-287418.593750,1929.965576,50.000000,-4.000000,0.000000,-0.000000,0.000000,-385993.125000,1945.771484,50.000000,-4.000000,0.000000,-0.000000,0.000000,-389154.312500,-1062566.000000,1117878.125000,558.939087,54753.187500,-289884.187500,-235131.000000
ml,worst,8122,2026-04-22,1844.717651,10.000000,1838.003296,50.000000,-3.000000,0.000000,-0.000000,0.000000,-275700.500000,1850.946899,50.000000,-4.000000,0.000000,-0.000000,0.000000,-370189.375000,1865.652588,50.000000,-4.000000,0.000000,-0.000000,0.000000,-373130.531250,-1019020.375000,1117878.125000,558.939087,98298.812500,-455789.093750,-357490.281250
ml,worst,8122,2026-04-23,1845.368652,10.000000,1844.725220,50.000000,-3.000000,0.000000,-0.000000,0.000000,-276708.781250,1859.821045,50.000000,-4.000000,0.000000,-0.000000,0.000000,-371964.218750,1876.290649,50.000000,-4.000000,0.000000,-0.000000,0.000000,-375258.125000,-1023931.125000,1117878.125000,558.939087,93388.062500,-454875.406250,-361487.343750
ml,worst,8122,2026-04-24,1837.420532,10.000000,1810.369019,50.000000,-3.000000,0.000000,-0.000000,0.000000,-271555.343750,1824.432373,50.000000,-4.000000,0.000000,-0.000000,0.000000,-364886.468750,1839.321045,50.000000,-5.000000,-1.000000,91966.054688,45.983028,-459830.281250,-1096272.125000,1209844.250000,604.922119,112967.203125,-472090.312500,-359123.125000
ml,worst,8122,2026-04-25,1847.287109,10.000000,1840.744629,50.000000,-3.000000,0.000000,-0.000000,0.000000,-276111.687500,1855.846191,50.000000,-4.000000,0.000000,-0.000000,0.000000,-371169.250000,1872.488159,50.000000,-5.000000,0.000000,-0.000000,0.000000,-468122.031250,-1115403.000000,1209844.250000,604.922119,93836.328125,-445912.093750,-352075.750000
ml,worst,8122,2026-04-26,1827.545044,10.000000,1824.481812,50.000000,-3.000000,0.000000,-0.000000,0.000000,-273672.250000,1838.248535,50.000000,-4.000000,0.000000,-0.000000,0.000000,-367649.718750,1853.691284,50.000000,-5.000000,0.000000,-0.000000,0.000000,-463422.812500,-1104744.750000,1209844.250000,604.922119,104494.578125,-491451.187500,-386956.625000
ml,worst,8122,2026-04-27,1859.468750,10.000000,1856.752319,50.000000,-3.000000,0.000000,-0.000000,0.000000,-278512.843750,1870.835693,50.000000,-4.000000,0.000000,-0.000000,0.000000,-374167.125000,1886.556152,50.000000,-5.000000,0.000000,-0.000000,0.000000,-471639.062500,-1124319.000000,1209844.250000,604.922119,84920.328125,-410357.593750,-325437.250000
ml,worst,8122,2026-04-28,1841.884766,10.000000,1838.581177,50.000000,-4.000000,-1.000000,91929.062500,45.964531,-367716.250000,1852.597290,50.000000,-4.000000,0.000000,-0.000000,0.000000,-370519.468750,1868.517944,50.000000,-5.000000,0.000000,-0.000000,0.000000,-467129.500000,-1205365.250000,1301773.250000,650.886597,95757.117188,-446086.968750,-350329.843750
ml,worst,8122,2026-04-29,1841.021606,10.000000,1834.347656,50.000000,-3.000000,1.000000,-91717.382812,45.858688,-275152.156250,1850.669678,50.000000,-4.000000,0.000000,-0.000000,0.000000,-370133.937500,1867.788818,50.000000,-5.000000,0.000000,-0.000000,0.000000,-466947.218750,-1112233.375000,1210055.875000,696.745300,97125.757812,-444562.812500,-347437.062500
ml,worst,8122,2026-04-30,1830.224121,10.000000,1834.347656,50.000000,-3.000000,0.000000,-0.000000,0.000000,-275152.156250,1854.114380,50.000000,-4.000000,0.000000,-0.000000,0.000000,-370822.875000,1872.317139,50.000000,-5.000000,0.000000,-0.000000,0.000000,-468079.312500,-1114054.250000,1210055.875000,696.745300,95304.882812,-473543.000000,-378238.125000
ml,worst,8122,2026-05-01,1828.131714,10.000000,1834.347656,50.000000,-3.000000,0.000000,-0.000000,0.000000,-275152.156250,1849.638062,50.000000,-4.000000,0.000000,-0.000000,0.000000,-369927.625000,1866.297852,50.000000,-5.000000,0.000000,-0.000000,0.000000,-466574.468750,-1111654.250000,1210055.875000,696.745300,97704.882812,-482643.875000,-384939.000000
ml,worst,8122,2026-05-02,1808.856445,10.000000,1834.347656,50.000000,-3.000000,0.000000,-0.000000,0.000000,-275152.156250,1829.054443,50.000000,-4.000000,0.000000,-0.000000,0.000000,-365810.875000,1844.632568,50.000000,-5.000000,0.000000,-0.000000,0.000000,-461158.156250,-1102121.125000,1210055.875000,696.745300,107238.007812,-533984.937500,-426746.937500
ml,worst,8122,2026-05-03,1792.868164,10.000000,1834.347656,50.000000,-3.000000,0.000000,-0.000000,0.000000,-275152.156250,1814.657837,50.000000,-4.000000,0.000000,-0.000000,0.000000,-362931.562500,1829.881226,50.000000,-5.000000,0.000000,-0.000000,0.000000,-457470.312500,-1095554.000000,1210055.875000,696.745300,113805.132812,-577302.750000,-463497.625000
ml,worst,8122,2026-05-04,1835.874023,10.000000,1834.347656,50.000000,-3.000000,0.000000,-0.000000,0.000000,-275152.156250,1888.941772,50.000000,-4.000000,0.000000,-0.000000,0.000000,-377788.343750,1905.154663,50.000000,-5.000000,0.000000,-0.000000,0.000000,-476288.687500,-1129229.250000,1210055.875000,696.745300,80129.882812,-462394.593750,-382264.718750
ml,worst,8122,2026-05-05,1792.237305,10.000000,1834.347656,50.000000,-3.000000,0.000000,-0.000000,0.000000,-275152.156250,1815.255981,50.000000,-5.000000,-1.000000,90762.796875,45.381397,-453814.000000,1830.828369,50.000000,-6.000000,-1.000000,91541.421875,45.770710,-549248.562500,-1278214.750000,1392360.125000,787.897339,113357.476562,-570536.437500,-457178.968750
ml,worst,8122,2026-05-06,1800.148682,10.000000,1834.347656,50.000000,-3.000000,0.000000,-0.000000,0.000000,-275152.156250,1829.487915,50.000000,-5.000000,0.000000,-0.000000,0.000000,-457371.968750,1847.136353,50.000000,-6.000000,0.000000,-0.000000,0.000000,-554140.937500,-1286665.000000,1392360.125000,787.897339,104907.226562,-555780.000000,-450872.781250
ml,worst,8122,2026-05-07,1804.764038,10.000000,1834.347656,50.000000,-3.000000,0.000000,-0.000000,0.000000,-275152.156250,1828.530640,50.000000,-5.000000,0.000000,-0.000000,0.000000,-457132.656250,1846.270386,50.000000,-6.000000,0.000000,-0.000000,0.000000,-553881.125000,-1286166.000000,1392360.125000,787.897339,105406.226562,-547193.812500,-441787.593750
ml,worst,8122,2026-05-08,1801.605957,10.000000,1834.347656,50.000000,-3.000000,0.000000,-0.000000,0.000000,-275152.156250,1845.690674,50.000000,-5.000000,0.000000,-0.000000,0.000000,-461422.656250,1866.442261,50.000000,-6.000000,0.000000,-0.000000,0.000000,-559932.687500,-1296507.500000,1392360.125000,787.897339,95064.726562,-554956.062500,-459891.343750
ml,worst,8122,2026-05-09,1745.680908,10.000000,1834.347656,50.000000,-3.000000,0.000000,-0.000000,0.000000,-275152.156250,1766.543457,50.000000,-5.000000,0.000000,-0.000000,0.000000,-441635.843750,1784.137817,50.000000,-6.000000,0.000000,-0.000000,0.000000,-535241.375000,-1252029.375000,1392360.125000,787.897339,139542.859375,-692471.437500,-552928.562500
ml,worst,8122,2026-05-10,1668.789185,10.000000,1834.347656,50.000000,-3.000000,0.000000,-0.000000,0.000000,-275152.156250,1683.115112,50.000000,-5.000000,0.000000,-0.000000,0.000000,-420778.750000,1698.772095,50.000000,-6.000000,0.000000,-0.000000,0.000000,-509631.625000,-1205562.500000,1392360.125000,787.897339,186009.734375,-885795.500000,-699785.750000
ml,worst,8122,2026-05-11,1666.845703,10.000000,1834.347656,50.000000,-3.000000,0.000000,-0.000000,0.000000,-275152.156250,1670.134277,50.000000,-5.000000,0.000000,-0.000000,0.000000,-417533.593750,1686.837402,50.000000,-6.000000,0.000000,-0.000000,0.000000,-506051.218750,-1198737.000000,1392360.125000,787.897339,192835.234375,-891368.000000,-698532.750000
ml,worst,8122,2026-05-12,1663.385376,10.000000,1834.347656,50.000000,-3.000000,0.000000,-0.000000,0.000000,-275152.156250,1675.317139,50.000000,-5.000000,0.000000,-0.000000,0.000000,-418829.312500,1690.292358,50.000000,-6.000000,0.000000,-0.000000,0.000000,-507087.687500,-1201069.250000,1392360.125000,787.897339,190502.984375,-898732.937500,-708229.937500
ml,worst,8122,2026-05-13,1680.099121,10.000000,1834.347656,50.000000,-3.000000,0.000000,-0.000000,0.000000,-275152.156250,1711.604980,50.000000,-5.000000,0.000000,-0.000000,0.000000,-427901.281250,1729.386108,50.000000,-6.000000,0.000000,-0.000000,0.000000,-518815.812500,-1221869.250000,1392360.125000,787.897339,169702.984375,-853987.437500,-684284.437500
ml,worst,8122,2026-05-14,1668.156860,10.000000,1834.347656,50.000000,-3.000000,0.000000,-0.000000,0.000000,-275152.156250,1693.651855,50.000000,-5.000000,0.000000,-0.000000,0.000000,-423413.000000,1713.106201,50.000000,-6.000000,0.000000,-0.000000,0.000000,-513931.843750,-1212497.000000,1392360.125000,787.897339,179075.234375,-888770.937500,-709695.687500
ml,worst,8122,2026-05-15,1669.456177,10.000000,1834.347656,50.000000,-3.000000,0.000000,-0.000000,0.000000,-275152.156250,1695.799683,50.000000,-5.000000,0.000000,-0.000000,0.000000,-423949.906250,1714.354004,50.000000,-6.000000,0.000000,-0.000000,0.000000,-514306.187500,-1213408.250000,1392360.125000,787.897339,178163.984375,-887962.875000,-709798.875000
ml,worst,8122,2026-05-16,1636.763306,10.000000,1834.347656,50.000000,-3.000000,0.000000,-0.000000,0.000000,-275152.156250,1637.932129,50.000000,-5.000000,0.000000,-0.000000,0.000000,-409483.031250,1654.995483,50.000000,-6.000000,0.000000,-0.000000,0.000000,-496498.625000,-1181133.750000,1392360.125000,787.897339,210438.484375,-972191.375000,-761752.875000
ml,worst,8122,2026-05-17,1619.820923,10.000000,1834.347656,50.000000,-3.000000,0.000000,-0.000000,0.000000,-275152.156250,1637.885132,50.000000,-5.000000,0.000000,-0.000000,0.000000,-409471.281250,1655.591797,50.000000,-6.000000,0.000000,-0.000000,0.000000,-496677.531250,-1181301.000000,1392360.125000,787.897339,210271.234375,-1014343.375000,-804072.125000
ml,worst,8122,2026-05-18,1615.523682,10.000000,1834.347656,50.000000,-3.000000,0.000000,-0.000000,0.000000,-275152.156250,1633.552856,50.000000,-5.000000,0.000000,-0.000000,0.000000,-408388.218750,1654.407715,50.000000,-6.000000,0.000000,-0.000000,0.000000,-496322.312500,-1179862.750000,1392360.125000,787.897339,211709.484375,-1028421.187500,-816711.687500
ml,worst,8122,2026-05-19,1631.482666,10.000000,1834.347656,50.000000,-3.000000,0.000000,-0.000000,0.000000,-275152.156250,1628.718994,50.000000,-5.000000,0.000000,-0.000000,0.000000,-407179.750000,1647.390747,50.000000,-6.000000,0.000000,-0.000000,0.000000,-494217.250000,-1176549.125000,1392360.125000,787.897339,215023.109375,-987185.187500,-772162.062500
ml,worst,8122,2026-05-20,1623.611694,10.000000,1834.347656,50.000000,-3.000000,0.000000,-0.000000,0.000000,-275152.156250,1606.592285,50.000000,-5.000000,0.000000,-0.000000,0.000000,-401648.062500,1622.503906,50.000000,-6.000000,0.000000,-0.000000,0.000000,-486751.187500,-1163551.500000,1392360.125000,787.897339,228020.734375,-1006742.937500,-778722.187500
ml,worst,8122,2026-05-21,1617.815552,10.000000,1834.347656,50.000000,-3.000000,0.000000,-0.000000,0.000000,-275152.156250,1615.187012,50.000000,-5.000000,0.000000,-0.000000,0.000000,-403796.750000,1629.356201,50.000000,-6.000000,0.000000,-0.000000,0.000000,-488806.843750,-1167755.750000,1392360.125000,787.897339,223816.484375,-1023697.750000,-799881.250000
ml,worst,8122,2026-05-22,1624.298462,10.000000,1834.347656,50.000000,-3.000000,0.000000,-0.000000,0.000000,-275152.156250,1638.156250,50.000000,-5.000000,0.000000,-0.000000,0.000000,-409539.062500,1649.350830,50.000000,-6.000000,0.000000,-0.000000,0.000000,-494805.281250,-1179496.500000,1392360.125000,787.897339,212075.734375,-1009518.000000,-797442.250000
ml,worst,8122,2026-05-23,1624.253540,10.000000,1834.347656,50.000000,-3.000000,0.000000,-0.000000,0.000000,-275152.156250,1643.778198,50.000000,-5.000000,0.000000,-0.000000,0.000000,-410944.531250,1652.469360,50.000000,-6.000000,0.000000,-0.000000,0.000000,-495740.812500,-1181837.500000,1392360.125000,787.897339,209734.734375,-1012653.000000,-802918.250000
ml,worst,8122,2026-05-24,1628.730957,10.000000,1834.347656,50.000000,-3.000000,0.000000,-0.000000,0.000000,-275152.156250,1647.861816,50.000000,-5.000000,0.000000,-0.000000,0.000000,-411965.437500,1658.480957,50.000000,-6.000000,0.000000,-0.000000,0.000000,-497544.281250,-1184661.875000,1392360.125000,787.897339,206910.359375,-1005701.687500,-798791.312500
ml,worst,8122,2026-05-25,1637.357422,10.000000,1834.347656,50.000000,-3.000000,0.000000,-0.000000,0.000000,-275152.156250,1644.299561,50.000000,-5.000000,0.000000,-0.000000,0.000000,-411074.906250,1655.213257,50.000000,-6.000000,0.000000,-0.000000,0.000000,-496563.968750,-1182791.000000,1392360.125000,787.897339,208781.234375,-985209.062500,-776427.812500
ml,worst,8122,2026-05-26,1653.595825,10.000000,1834.347656,50.000000,-3.000000,0.000000,-0.000000,0.000000,-275152.156250,1666.999878,50.000000,-5.000000,0.000000,-0.000000,0.000000,-416749.937500,1679.802979,50.000000,-6.000000,0.000000,-0.000000,0.000000,-503940.906250,-1195843.000000,1392360.125000,787.897339,195729.234375,-945574.562500,-749845.312500
ml,worst,8122,2026-05-27,1657.966675,10.000000,1834.347656,50.000000,-3.000000,0.000000,-0.000000,0.000000,-275152.156250,1661.462769,50.000000,-5.000000,0.000000,-0.000000,0.000000,-415365.687500,1672.880615,50.000000,-6.000000,0.000000,-0.000000,0.000000,-501864.156250,-1192382.000000,1392360.125000,787.897339,199190.234375,-932497.125000,-733306.875000
ml,worst,8122,2026-05-28,1639.328491,10.000000,1834.347656,50.000000,-3.000000,0.000000,-0.000000,0.000000,-275152.156250,1633.874023,50.000000,-5.000000,0.000000,-0.000000,0.000000,-408468.500000,1641.494629,50.000000,-6.000000,0.000000,-0.000000,0.000000,-492448.375000,-1176069.000000,1392360.125000,787.897339,215503.234375,-979628.500000,-764125.250000
ml,worst,8122,2026-05-29,1645.567871,10.000000,1834.347656,50.000000,-3.000000,0.000000,-0.000000,0.000000,-275152.156250,1642.460815,50.000000,-5.000000,0.000000,-0.000000,0.000000,-410615.187500,1649.649658,50.000000,-6.000000,0.000000,-0.000000,0.000000,-494894.937500,-1180662.250000,1392360.125000,787.897339,210909.984375,-965567.500000,-754657.500000
ml,worst,8122,2026-05-30,1671.595825,10.000000,1834.347656,50.000000,-3.000000,0.000000,-0.000000,0.000000,-275152.156250,1679.885864,50.000000,-5.000000,0.000000,-0.000000,0.000000,-419971.500000,1687.678345,50.000000,-6.000000,0.000000,-0.000000,0.000000,-506303.500000,-1201427.125000,1392360.125000,787.897339,190145.109375,-899170.062500,-709024.937500
ml,worst,8122,2026-05-31,1664.020996,10.000000,1834.347656,50.000000,-3.000000,0.000000,-0.000000,0.000000,-275152.156250,1672.784180,50.000000,-5.000000,0.000000,-0.000000,0.000000,-418196.031250,1679.282959,50.000000,-6.000000,0.000000,-0.000000,0.000000,-503784.875000,-1197133.000000,1392360.125000,787.897339,194439.234375,-918360.562500,-723921.312500
ml,worst,8122,2026-06-01,1605.570801,10.000000,1834.347656,50.000000,-3.000000,0.000000,-0.000000,0.000000,-275152.156250,1601.188965,50.000000,-5.000000,0.000000,-0.000000,0.000000,-400297.250000,1609.745728,50.000000,-6.000000,0.000000,-0.000000,0.000000,-482923.718750,-1158373.125000,1392360.125000,787.897339,233199.109375,-1066227.500000,-833028.375000
ml,worst,8122,2026-06-02,1571.291992,10.000000,1834.347656,50.000000,-3.000000,0.000000,-0.000000,0.000000,-275152.156250,1572.390137,50.000000,-5.000000,0.000000,-0.000000,0.000000,-393097.531250,1581.993896,50.000000,-6.000000,0.000000,-0.000000,0.000000,-474598.156250,-1142847.875000,1392360.125000,787.897339,248724.359375,-1147502.125000,-898777.750000
ml,worst,8122,2026-06-03,1592.246216,10.000000,1834.347656,50.000000,-3.000000,0.000000,-0.000000,0.000000,-275152.156250,1581.254883,50.000000,-5.000000,0.000000,-0.000000,0.000000,-395313.718750,1589.323364,50.000000,-6.000000,0.000000,-0.000000,0.000000,-476797.031250,-1147262.875000,1392360.125000,787.897339,244309.359375,-1093038.375000,-848729.000000
ml,worst,8122,2026-06-04,1586.497681,10.000000,1834.347656,50.000000,-3.000000,0.000000,-0.000000,0.000000,-275152.156250,1602.451416,50.000000,-5.000000,0.000000,-0.000000,0.000000,-400612.843750,1611.534546,50.000000,-6.000000,0.000000,-0.000000,0.000000,-483460.343750,-1159225.375000,1392360.125000,787.897339,232346.859375,-1108024.750000,-875677.875000
ml,worst,8122,2026-06-05,1570.980225,10.000000,1834.347656,50.000000,-3.000000,0.000000,-0.000000,0.000000,-275152.156250,1602.810303,50.000000,-5.000000,0.000000,-0.000000,0.000000,-400702.593750,1613.418823,50.000000,-6.000000,0.000000,-0.000000,0.000000,-484025.625000,-1159880.375000,1392360.125000,787.897339,231691.859375,-1145675.125000,-913983.250000
ml,worst,8122,2026-06-06,1548.504639,10.000000,1834.347656,50.000000,-3.000000,0.000000,-0.000000,0.000000,-275152.156250,1565.640137,50.000000,-5.000000,0.000000,-0.000000,0.000000,-391410.031250,1578.068237,50.000000,-6.000000,0.000000,-0.000000,0.000000,-473420.468750,-1139982.625000,1392360.125000,787.897339,251589.609375,-1200824.875000,-949235.250000
ml,worst,8122,2026-06-07,1556.204468,10.000000,1834.347656,50.000000,-3.000000,0.000000,-0.000000,0.000000,-275152.156250,1587.945801,50.000000,-5.000000,0.000000,-0.000000,0.000000,-396986.437500,1601.960571,50.000000,-6.000000,0.000000,-0.000000,0.000000,-480588.187500,-1152726.750000,1392360.125000,787.897339,238845.484375,-1180192.500000,-941347.000000
ml,worst,8122,2026-06-08,1576.274048,10.000000,1834.347656,50.000000,-2.000000,1.000000,-91717.382812,45.858688,-183434.765625,1617.917236,50.000000,-5.000000,0.000000,-0.000000,0.000000,-404479.312500,1633.713867,50.000000,-6.000000,0.000000,-0.000000,0.000000,-490114.156250,-1078028.250000,1300642.750000,833.756104,221780.750000,-1131730.750000,-909950.000000
ml,worst,8122,2026-06-09,1571.225220,10.000000,1834.347656,50.000000,-2.000000,0.000000,-0.000000,0.000000,-183434.765625,1591.847534,50.000000,-5.000000,0.000000,-0.000000,0.000000,-397961.875000,1607.973877,50.000000,-6.000000,0.000000,-0.000000,0.000000,-482392.187500,-1063788.750000,1300642.750000,833.756104,236020.250000,-1146669.000000,-910648.750000
ml,worst,8122,2026-06-10,1575.276367,10.000000,1834.347656,50.000000,-2.000000,0.000000,-0.000000,0.000000,-183434.765625,1577.917725,50.000000,-5.000000,0.000000,-0.000000,0.000000,-394479.437500,1594.204956,50.000000,-6.000000,0.000000,-0.000000,0.000000,-478261.468750,-1056175.625000,1300642.750000,833.756104,243633.375000,-1136632.750000,-892999.375000
ml,worst,8122,2026-06-11,1575.850952,10.000000,1834.347656,50.000000,-2.000000,0.000000,-0.000000,0.000000,-183434.765625,1590.797607,50.000000,-5.000000,0.000000,-0.000000,0.000000,-397699.406250,1609.695312,50.000000,-6.000000,0.000000,-0.000000,0.000000,-482908.593750,-1064042.750000,1300642.750000,833.756104,235766.250000,-1135506.375000,-899740.125000
ml,worst,8122,2026-06-12,1560.801636,10.000000,1834.347656,50.000000,-2.000000,0.000000,-0.000000,0.000000,-183434.765625,1542.827148,50.000000,-5.000000,0.000000,-0.000000,0.000000,-385706.781250,1561.122314,50.000000,-6.000000,0.000000,-0.000000,0.000000,-468336.718750,-1037478.250000,1300642.750000,833.756104,262330.750000,-1173818.250000,-911487.500000
ml,worst,8122,2026-06-13,1566.053711,10.000000,1834.347656,50.000000,-2.000000,0.000000,-0.000000,0.000000,-183434.765625,1553.943848,50.000000,-5.000000,0.000000,-0.000000,0.000000,-388485.968750,1572.689087,50.000000,-6.000000,0.000000,-0.000000,0.000000,-471806.750000,-1043727.500000,1300642.750000,833.756104,256081.500000,-1164116.125000,-908034.625000
ml,worst,8122,2026-06-14,1538.304443,10.000000,1834.347656,50.000000,-2.000000,0.000000,-0.000000,0.000000,-183434.765625,1511.997559,50.000000,-5.000000,0.000000,-0.000000,0.000000,-377999.375000,1532.274414,50.000000,-6.000000,0.000000,-0.000000,0.000000,-459682.312500,-1021116.437500,1300642.750000,833.756104,278692.562500,-1233696.500000,-955003.937500
ml,worst,8122,2026-06-15,1531.874023,10.000000,1834.347656,50.000000,-2.000000,0.000000,-0.000000,0.000000,-183434.765625,1539.168945,50.000000,-5.000000,0.000000,-0.000000,0.000000,-384792.250000,1561.189819,50.000000,-6.000000,0.000000,-0.000000,0.000000,-468356.937500,-1036583.937500,1300642.750000,833.756104,263225.062500,-1249436.500000,-986211.437500
ml,worst,8122,2026-06-16,1552.674072,10.000000,1834.347656,50.000000,-2.000000,0.000000,-0.000000,0.000000,-183434.765625,1548.355713,50.000000,-5.000000,0.000000,-0.000000,0.000000,-387088.906250,1570.351562,50.000000,-6.000000,0.000000,-0.000000,0.000000,-471105.468750,-1041629.125000,1300642.750000,833.756104,258179.875000,-1197895.000000,-939715.125000
ml,worst,8122,2026-06-17,1544.144165,10.000000,1834.347656,50.000000,-2.000000,0.000000,-0.000000,0.000000,-183434.765625,1528.539917,50.000000,-5.000000,0.000000,-0.000000,0.000000,-382135.000000,1550.901367,50.000000,-6.000000,0.000000,-0.000000,0.000000,-465270.406250,-1030840.125000,1300642.750000,833.756104,268968.875000,-1220335.500000,-951366.625000
ml,worst,8122,2026-06-18,1513.207275,10.000000,1834.347656,50.000000,-2.000000,0.000000,-0.000000,0.000000,-183434.765625,1505.414185,50.000000,-5.000000,0.000000,-0.000000,0.000000,-376353.531250,1528.203491,50.000000,-6.000000,0.000000,-0.000000,0.000000,-458461.031250,-1018249.375000,1300642.750000,833.756104,281559.625000,-1298911.375000,-1017351.750000
ml,worst,8122,2026-06-19,1489.425415,10.000000,1834.347656,50.000000,-2.000000,0.000000,-0.000000,0.000000,-183434.765625,1459.472168,50.000000,-5.000000,0.000000,-0.000000,0.000000,-364868.031250,1481.066650,50.000000,-6.000000,0.000000,-0.000000,0.000000,-444320.031250,-992622.875000,1300642.750000,833.756104,307186.125000,-1357970.000000,-1050783.875000
ml,worst,8122,2026-06-20,1502.479126,10.000000,1834.347656,50.000000,-2.000000,0.000000,-0.000000,0.000000,-183434.765625,1488.812988,50.000000,-5.000000,0.000000,-0.000000,0.000000,-372203.250000,1511.967896,50.000000,-6.000000,0.000000,-0.000000,0.000000,-453590.375000,-1009228.375000,1300642.750000,833.756104,290580.625000,-1324786.750000,-1034206.125000
ml,worst,8122,2026-06-21,1490.984375,10.000000,1834.347656,50.000000,-2.000000,0.000000,-0.000000,0.000000,-183434.765625,1508.620361,50.000000,-5.000000,0.000000,-0.000000,0.000000,-377155.062500,1530.920044,50.000000,-6.000000,0.000000,-0.000000,0.000000,-459276.031250,-1019865.875000,1300642.750000,833.756104,279943.125000,-1354903.125000,-1074960.000000
ml,worst,8122,2026-06-22,1395.734497,10.000000,1834.347656,50.000000,-2.000000,0.000000,-0.000000,0.000000,-183434.765625,1404.599487,50.000000,-5.000000,0.000000,-0.000000,0.000000,-351149.875000,1427.600708,50.000000,-6.000000,0.000000,-0.000000,0.000000,-428280.218750,-962864.875000,1300642.750000,833.756104,336944.125000,-1595244.000000,-1258299.875000
ml,worst,8122,2026-06-23,1314.642700,10.000000,1834.347656,50.000000,-2.000000,0.000000,-0.000000,0.000000,-183434.765625,1316.077881,50.000000,-5.000000,0.000000,-0.000000,0.000000,-329019.468750,1338.285889,50.000000,-6.000000,0.000000,-0.000000,0.000000,-401485.781250,-913940.000000,1300642.750000,833.756104,385869.000000,-1800267.375000,-1414398.375000
ml,worst,8122,2026-06-24,1317.191528,10.000000,1834.347656,50.000000,-2.000000,0.000000,-0.000000,0.000000,-183434.765625,1315.128052,50.000000,-5.000000,0.000000,-0.000000,0.000000,-328782.000000,1335.502441,50.000000,-6.000000,0.000000,-0.000000,0.000000,-400650.718750,-912867.500000,1300642.750000,833.756104,386941.500000,-1794624.125000,-1407682.625000
ml,worst,8122,2026-06-25,1333.860596,10.000000,1834.347656,50.000000,-2.000000,0.000000,-0.000000,0.000000,-183434.765625,1316.066772,50.000000,-5.000000,0.000000,-0.000000,0.000000,-329016.687500,1336.476196,50.000000,-6.000000,0.000000,-0.000000,0.000000,-400942.875000,-913394.312500,1300642.750000,833.756104,386414.687500,-1754648.500000,-1368233.750000
ml,worst,8122,2026-06-26,1300.025635,10.000000,1834.347656,50.000000,-2.000000,0.000000,-0.000000,0.000000,-183434.765625,1302.680298,50.000000,-5.000000,0.000000,-0.000000,0.000000,-325670.062500,1323.749756,50.000000,-6.000000,0.000000,-0.000000,0.000000,-397124.937500,-906229.750000,1300642.750000,833.756104,393579.250000,-1840288.250000,-1446709.000000
ml,worst,8122,2026-06-27,1279.760864,10.000000,1834.347656,50.000000,-2.000000,0.000000,-0.000000,0.000000,-183434.765625,1263.667847,50.000000,-5.000000,0.000000,-0.000000,0.000000,-315916.968750,1284.204834,50.000000,-6.000000,0.000000,-0.000000,0.000000,-385261.437500,-884613.187500,1300642.750000,833.756104,415195.812500,-1891713.375000,-1476517.500000
ml,worst,8122,2026-06-28,1259.800415,10.000000,1834.347656,50.000000,-2.000000,0.000000,-0.000000,0.000000,-183434.765625,1243.118774,50.000000,-5.000000,0.000000,-0.000000,0.000000,-310779.687500,1262.457153,50.000000,-6.000000,0.000000,-0.000000,0.000000,-378737.156250,-872951.625000,1300642.750000,833.756104,426857.375000,-1942567.625000,-1515710.250000
ml,worst,8122,2026-06-29,1250.938721,10.000000,1834.347656,50.000000,-2.000000,0.000000,-0.000000,0.000000,-183434.765625,1256.429565,50.000000,-5.000000,0.000000,-0.000000,0.000000,-314107.406250,1276.914429,50.000000,-6.000000,0.000000,-0.000000,0.000000,-383074.312500,-880616.500000,1300642.750000,833.756104,419192.500000,-1965816.625000,-1546624.125000
ml,worst,8122,2026-06-30,1228.556274,10.000000,1834.347656,50.000000,-2.000000,0.000000,-0.000000,0.000000,-183434.765625,1231.585205,50.000000,-5.000000,0.000000,-0.000000,0.000000,-307896.281250,1251.961670,50.000000,-6.000000,0.000000,-0.000000,0.000000,-375588.500000,-866919.562500,1300642.750000,833.756104,432889.437500,-2022701.500000,-1589812.000000
ml,worst,8122,2026-07-01,1245.322266,10.000000,1834.347656,50.000000,-2.000000,0.000000,-0.000000,0.000000,-183434.765625,1284.190674,50.000000,-5.000000,0.000000,-0.000000,0.000000,-321047.656250,1304.967651,50.000000,-6.000000,0.000000,-0.000000,0.000000,-391490.281250,-895972.750000,1300642.750000,833.756104,403836.250000,-1980752.500000,-1576916.250000
ml,worst,8122,2026-07-02,1266.050171,10.000000,1834.347656,50.000000,-2.000000,0.000000,-0.000000,0.000000,-183434.765625,1288.367798,50.000000,-5.000000,0.000000,-0.000000,0.000000,-322091.937500,1308.434326,50.000000,-6.000000,0.000000,-0.000000,0.000000,-392530.312500,-898057.000000,1300642.750000,833.756104,401752.000000,-1931865.500000,-1530113.500000
ml,worst,8122,2026-07-03,1285.590332,10.000000,1834.347656,50.000000,-2.000000,0.000000,-0.000000,0.000000,-183434.765625,1302.935425,50.000000,-5.000000,0.000000,-0.000000,0.000000,-325733.875000,1322.082520,50.000000,-6.000000,0.000000,-0.000000,0.000000,-396624.750000,-905793.375000,1300642.750000,833.756104,394015.625000,-1888101.875000,-1494086.250000
ml,worst,8122,2026-07-04,1276.001221,10.000000,1834.347656,50.000000,-2.000000,0.000000,-0.000000,0.000000,-183434.765625,1281.305542,50.000000,-5.000000,0.000000,-0.000000,0.000000,-320326.406250,1299.580200,50.000000,-6.000000,0.000000,-0.000000,0.000000,-389874.062500,-893635.250000,1300642.750000,833.756104,406173.750000,-1910084.875000,-1503911.125000
ml,worst,8122,2026-07-05,1270.872070,10.000000,1834.347656,50.000000,-2.000000,0.000000,-0.000000,0.000000,-183434.765625,1266.532227,50.000000,-5.000000,0.000000,-0.000000,0.000000,-316633.062500,1285.595703,50.000000,-6.000000,0.000000,-0.000000,0.000000,-385678.718750,-885746.500000,1300642.750000,833.756104,414062.500000,-1922324.375000,-1508261.875000
ml,worst,8122,2026-07-06,1262.494629,10.000000,1834.347656,50.000000,-2.000000,0.000000,-0.000000,0.000000,-183434.765625,1252.022339,50.000000,-5.000000,0.000000,-0.000000,0.000000,-313005.593750,1269.692261,50.000000,-6.000000,0.000000,-0.000000,0.000000,-380907.656250,-877348.000000,1300642.750000,833.756104,422461.000000,-1940989.250000,-1518528.250000
ml,worst,8122,2026-07-07,1264.628662,10.000000,1834.347656,50.000000,-2.000000,0.000000,-0.000000,0.000000,-183434.765625,1248.540649,50.000000,-5.000000,0.000000,-0.000000,0.000000,-312135.156250,1264.822876,50.000000,-6.000000,0.000000,-0.000000,0.000000,-379446.875000,-875016.812500,1300642.750000,833.756104,424792.187500,-1936997.250000,-1512205.000000
ml,worst,8122,2026-07-08,1276.755249,10.000000,1834.347656,50.000000,-2.000000,0.000000,-0.000000,0.000000,-183434.765625,1281.233276,50.000000,-5.000000,0.000000,-0.000000,0.000000,-320308.312500,1298.124878,50.000000,-6.000000,0.000000,-0.000000,0.000000,-389437.437500,-893180.500000,1300642.750000,833.756104,406628.500000,-1913607.000000,-1506978.500000
ml,worst,8122,2026-07-09,1297.825073,10.000000,1834.347656,50.000000,-2.000000,0.000000,-0.000000,0.000000,-183434.765625,1310.260620,50.000000,-5.000000,0.000000,-0.000000,0.000000,-327565.156250,1329.257568,50.000000,-6.000000,0.000000,-0.000000,0.000000,-398777.281250,-909777.250000,1300642.750000,833.756104,390031.750000,-1875495.500000,-1485463.750000
ml,worst,8122,2026-07-10,1269.525635,10.000000,1834.347656,50.000000,-2.000000,0.000000,-0.000000,0.000000,-183434.765625,1281.406372,50.000000,-5.000000,0.000000,-0.000000,0.000000,-320351.593750,1299.214233,50.000000,-6.000000,0.000000,-0.000000,0.000000,-389764.250000,-893550.625000,1300642.750000,833.756104,406258.375000,-1925007.500000,-1518749.125000
ml,worst,8122,2026-07-11,1255.469482,10.000000,1834.347656,50.000000,-2.000000,0.000000,-0.000000,0.000000,-183434.765625,1251.029907,50.000000,-5.000000,0.000000,-0.000000,0.000000,-312757.468750,1268.253906,50.000000,-6.000000,0.000000,-0.000000,0.000000,-380476.187500,-876668.437500,1300642.750000,833.756104,423140.562500,-1949048.375000,-1525907.750000
ml,worst,8122,2026-07-12,1255.570068,10.000000,1834.347656,50.000000,-2.000000,0.000000,-0.000000,0.000000,-183434.765625,1257.923706,50.000000,-5.000000,0.000000,-0.000000,0.000000,-314480.937500,1274.365479,50.000000,-6.000000,0.000000,-0.000000,0.000000,-382309.656250,-880225.375000,1300642.750000,833.756104,419583.625000,-1949728.750000,-1530145.125000
ml,worst,8122,2026-07-13,1238.904907,10.000000,1834.347656,50.000000,-2.000000,0.000000,-0.000000,0.000000,-183434.765625,1239.374634,50.000000,-5.000000,0.000000,-0.000000,0.000000,-309843.656250,1254.503296,50.000000,-6.000000,0.000000,-0.000000,0.000000,-376350.968750,-869629.375000,1300642.750000,833.756104,430179.625000,-1977891.750000,-1547712.125000
ml,worst,8122,2026-07-14,1245.154785,10.000000,1834.347656,50.000000,-2.000000,0.000000,-0.000000,0.000000,-183434.765625,1258.662476,50.000000,-5.000000,0.000000,-0.000000,0.000000,-314665.625000,1273.544067,50.000000,-6.000000,0.000000,-0.000000,0.000000,-382063.218750,-880163.625000,1300642.750000,833.756104,419645.375000,-1969132.625000,-1549487.250000
ml,worst,8122,2026-07-15,1260.479370,10.000000,1834.347656,50.000000,-2.000000,0.000000,-0.000000,0.000000,-183434.765625,1252.785522,50.000000,-5.000000,0.000000,-0.000000,0.000000,-313196.375000,1265.963745,50.000000,-6.000000,0.000000,-0.000000,0.000000,-379789.125000,-876420.250000,1300642.750000,833.756104,423388.750000,-1947877.250000,-1524488.500000
ml,worst,8122,2026-07-16,1266.625610,10.000000,1834.347656,50.000000,-2.000000,0.000000,-0.000000,0.000000,-183434.765625,1265.419189,50.000000,-5.000000,0.000000,-0.000000,0.000000,-316354.781250,1279.335449,50.000000,-6.000000,0.000000,-0.000000,0.000000,-383800.625000,-883590.187500,1300642.750000,833.756104,416218.812500,-1940525.500000,-1524306.750000
ml,worst,8122,2026-07-17,1290.402222,10.000000,1834.347656,50.000000,-2.000000,0.000000,-0.000000,0.000000,-183434.765625,1282.204590,50.000000,-5.000000,0.000000,-0.000000,0.000000,-320551.156250,1296.223145,50.000000,-6.000000,0.000000,-0.000000,0.000000,-388866.937500,-892852.875000,1300642.750000,833.756104,406956.125000,-1912380.500000,-1505424.375000
ml,worst,8122,2026-07-18,1287.645508,10.000000,1834.347656,50.000000,-2.000000,0.000000,-0.000000,0.000000,-183434.765625,1277.339722,50.000000,-5.000000,0.000000,-0.000000,0.000000,-319334.937500,1290.556152,50.000000,-6.000000,0.000000,-0.000000,0.000000,-387166.843750,-889936.500000,1300642.750000,833.756104,409872.500000,-1916011.250000,-1506138.750000
ml,worst,8122,2026-07-19,1286.675781,10.000000,1834.347656,50.000000,-2.000000,0.000000,-0.000000,0.000000,-183434.765625,1282.115723,50.000000,-5.000000,0.000000,-0.000000,0.000000,-320528.937500,1295.068604,50.000000,-6.000000,0.000000,-0.000000,0.000000,-388520.593750,-892484.250000,1300642.750000,833.756104,407324.750000,-1917373.875000,-1510049.125000
ml,worst,8122,2026-07-20,1281.149170,10.000000,1834.347656,50.000000,-2.000000,0.000000,-0.000000,0.000000,-183434.765625,1278.854248,50.000000,-5.000000,0.000000,-0.000000,0.000000,-319713.562500,1293.255127,50.000000,-6.000000,0.000000,-0.000000,0.000000,-387976.531250,-891124.875000,1300642.750000,833.756104,408684.125000,-1923932.000000,-1515247.875000
ml,worst,8122,2026-07-21,1249.312500,10.000000,1834.347656,50.000000,-2.000000,0.000000,-0.000000,0.000000,-183434.765625,1228.297363,50.000000,-5.000000,0.000000,-0.000000,0.000000,-307074.343750,1241.291748,50.000000,-6.000000,0.000000,-0.000000,0.000000,-372387.531250,-862896.625000,1300642.750000,833.756104,436912.375000,-1955537.625000,-1518625.250000
ml,worst,8122,2026-07-22,1241.987671,10.000000,1834.347656,50.000000,-2.000000,0.000000,-0.000000,0.000000,-183434.765625,1231.946777,50.000000,-5.000000,0.000000,-0.000000,0.000000,-307986.687500,1244.928467,50.000000,-6.000000,0.000000,-0.000000,0.000000,-373478.531250,-864900.000000,1300642.750000,833.756104,434909.000000,-1962381.750000,-1527472.750000
ml,worst,8122,2026-07-23,1247.921753,10.000000,1834.347656,50.000000,-2.000000,0.000000,-0.000000,0.000000,-183434.765625,1249.928467,50.000000,-5.000000,0.000000,-0.000000,0.000000,-312482.125000,1262.755859,50.000000,-6.000000,0.000000,-0.000000,0.000000,-378826.750000,-874743.625000,1300642.750000,833.756104,425065.375000,-1958319.625000,-1533254.250000
ml,worst,8122,2026-07-24,1234.261841,10.000000,1834.347656,50.000000,-2.000000,0.000000,-0.000000,0.000000,-183434.765625,1225.521729,50.000000,-5.000000,0.000000,-0.000000,0.000000,-306380.406250,1237.407349,50.000000,-6.000000,0.000000,-0.000000,0.000000,-371222.218750,-861037.375000,1300642.750000,833.756104,438771.625000,-1967595.875000,-1528824.250000
ml,worst,8122,2026-07-25,1257.541992,10.000000,1834.347656,50.000000,-2.000000,0.000000,-0.000000,0.000000,-183434.765625,1254.032349,50.000000,-5.000000,0.000000,-0.000000,0.000000,-313508.093750,1266.035767,50.000000,-6.000000,0.000000,-0.000000,0.000000,-379810.750000,-876753.625000,1300642.750000,833.756104,423055.375000,-1955294.500000,-1532239.125000
ml,worst,8122,2026-07-26,1231.537720,10.000000,1834.347656,50.000000,-2.000000,0.000000,-0.000000,0.000000,-183434.765625,1256.299927,50.000000,-5.000000,0.000000,-0.000000,0.000000,-314074.968750,1268.651733,50.000000,-6.000000,0.000000,-0.000000,0.000000,-380595.500000,-878105.250000,1300642.750000,833.756104,421703.750000,-1969798.875000,-1548095.125000
ml,worst,8122,2026-07-27,1246.757080,10.000000,1834.347656,50.000000,-2.000000,0.000000,-0.000000,0.000000,-183434.765625,1246.516479,50.000000,-5.000000,0.000000,-0.000000,0.000000,-311629.125000,1259.528564,50.000000,-6.000000,0.000000,-0.000000,0.000000,-377858.562500,-872922.437500,1300642.750000,833.756104,426886.562500,-1961946.000000,-1535059.500000
ml,worst,8122,2026-07-28,1251.810547,10.000000,1834.347656,50.000000,-2.000000,0.000000,-0.000000,0.000000,-183434.765625,1231.020752,50.000000,-5.000000,0.000000,-0.000000,0.000000,-307755.187500,1242.686157,50.000000,-6.000000,0.000000,-0.000000,0.000000,-372805.875000,-863995.812500,1300642.750000,833.756104,435813.187500,-1960098.750000,-1524285.500000
ml,worst,8122,2026-07-29,1227.272217,10.000000,1834.347656,50.000000,-2.000000,0.000000,-0.000000,0.000000,-183434.765625,1218.041626,50.000000,-3.000000,2.000000,-121804.164062,60.902081,-182706.250000,1228.836792,50.000000,-6.000000,0.000000,-0.000000,0.000000,-368651.031250,-734792.000000,1178838.500000,894.658203,443151.843750,-1968461.375000,-1525309.500000
ml,worst,8122,2026-07-30,1227.837769,10.000000,1834.347656,50.000000,-2.000000,0.000000,-0.000000,0.000000,-183434.765625,1218.041626,50.000000,-3.000000,0.000000,-0.000000,0.000000,-182706.250000,1235.761719,50.000000,-6.000000,0.000000,-0.000000,0.000000,-370728.500000,-736869.500000,1178838.500000,894.658203,441074.343750,-1968685.500000,-1527611.125000
ml,worst,8122,2026-07-31,1231.727417,10.000000,1834.347656,50.000000,-2.000000,0.000000,-0.000000,0.000000,-183434.765625,1218.041626,50.000000,-3.000000,0.000000,-0.000000,0.000000,-182706.250000,1257.741821,50.000000,-5.000000,1.000000,-62887.089844,31.443542,-314435.437500,-680576.437500,1115951.500000,926.101685,434448.968750,-1968568.000000,-1534119.000000
ml,worst,8122,2026-08-01,1222.240356,10.000000,1834.347656,50.000000,-2.000000,0.000000,-0.000000,0.000000,-183434.765625,1218.041626,50.000000,-3.000000,0.000000,-0.000000,0.000000,-182706.250000,1248.022583,50.000000,-5.000000,0.000000,-0.000000,0.000000,-312005.625000,-678146.625000,1115951.500000,926.101685,436878.781250,-1968903.125000,-1532024.375000
ml,worst,8122,2026-08-02,1217.367920,10.000000,1834.347656,50.000000,-2.000000,0.000000,-0.000000,0.000000,-183434.765625,1218.041626,50.000000,-3.000000,0.000000,-0.000000,0.000000,-182706.250000,1225.982910,50.000000,-5.000000,0.000000,-0.000000,0.000000,-306495.718750,-672636.750000,1115951.500000,926.101685,442388.656250,-1969197.000000,-1526808.375000
ml,worst,8122,2026-08-03,1206.959351,10.000000,1834.347656,50.000000,-2.000000,0.000000,-0.000000,0.000000,-183434.765625,1218.041626,50.000000,-3.000000,0.000000,-0.000000,0.000000,-182706.250000,1206.335083,50.000000,-5.000000,0.000000,-0.000000,0.000000,-301583.750000,-667724.750000,1115951.500000,926.101685,447300.656250,-1969505.125000,-1522204.500000
ml,worst,8122,2026-08-04,1180.714355,10.000000,1834.347656,50.000000,-2.000000,0.000000,-0.000000,0.000000,-183434.765625,1218.041626,50.000000,-3.000000,0.000000,-0.000000,0.000000,-182706.250000,1183.070801,50.000000,-5.000000,0.000000,-0.000000,0.000000,-295767.687500,-661908.687500,1115951.500000,926.101685,453116.718750,-1969821.000000,-1516704.250000
ml,worst,8122,2026-08-05,1172.801514,10.000000,1834.347656,50.000000,-2.000000,0.000000,-0.000000,0.000000,-183434.765625,1218.041626,50.000000,-3.000000,0.000000,-0.000000,0.000000,-182706.250000,1194.339111,50.000000,-5.000000,0.000000,-0.000000,0.000000,-298584.750000,-664725.750000,1115951.500000,926.101685,450299.656250,-1970130.625000,-1519831.000000
ml,worst,8122,2026-08-06,1199.195801,10.000000,1834.347656,50.000000,-1.000000,1.000000,-91717.382812,45.858688,-91717.382812,1218.041626,50.000000,-2.000000,1.000000,-60902.082031,30.451040,-121804.164062,1200.154785,50.000000,-4.000000,1.000000,-60007.738281,30.003868,-240030.953125,-453552.500000,903324.250000,1032.415283,448739.343750,-1970130.625000,-1521391.250000
ml,worst,8122,2026-08-07,1197.886475,10.000000,1834.347656,50.000000,-1.000000,0.000000,-0.000000,0.000000,-91717.382812,1218.041626,50.000000,-2.000000,0.000000,-0.000000,0.000000,-121804.164062,1208.494141,50.000000,-4.000000,0.000000,-0.000000,0.000000,-241698.828125,-455220.375000,903324.250000,1032.415283,447071.468750,-1970130.625000,-1523059.125000
ml,worst,8122,2026-08-08,1213.162109,10.000000,1834.347656,50.000000,-1.000000,0.000000,-0.000000,0.000000,-91717.382812,1218.041626,50.000000,-2.000000,0.000000,-0.000000,0.000000,-121804.164062,1220.667236,50.000000,-4.000000,0.000000,-0.000000,0.000000,-244133.453125,-457655.000000,903324.250000,1032.415283,444636.843750,-1970130.625000,-1525493.750000
ml,worst,8122,2026-08-09,1250.593994,10.000000,1834.347656,50.000000,-1.000000,0.000000,-0.000000,0.000000,-91717.382812,1218.041626,50.000000,-2.000000,0.000000,-0.000000,0.000000,-121804.164062,1277.368530,50.000000,-4.000000,0.000000,-0.000000,0.000000,-255473.703125,-468995.250000,903324.250000,1032.415283,433296.593750,-1970130.625000,-1536834.000000
ml,worst,8122,2026-08-10,1267.069702,10.000000,1834.347656,50.000000,-1.000000,0.000000,-0.000000,0.000000,-91717.382812,1218.041626,50.000000,-2.000000,0.000000,-0.000000,0.000000,-121804.164062,1291.580444,50.000000,-4.000000,0.000000,-0.000000,0.000000,-258316.093750,-471837.625000,903324.250000,1032.415283,430454.218750,-1970130.625000,-1539676.375000
ml,worst,8122,2026-08-11,1288.219727,10.000000,1834.347656,50.000000,-1.000000,0.000000,-0.000000,0.000000,-91717.382812,1218.041626,50.000000,-2.000000,0.000000,-0.000000,0.000000,-121804.164062,1307.895264,50.000000,-4.000000,0.000000,-0.000000,0.000000,-261579.046875,-475100.593750,903324.250000,1032.415283,427191.250000,-1970130.625000,-1542939.375000
ml,worst,8122,2026-08-12,1305.271362,10.000000,1834.347656,50.000000,-1.000000,0.000000,-0.000000,0.000000,-91717.382812,1218.041626,50.000000,-2.000000,0.000000,-0.000000,0.000000,-121804.164062,1311.892090,50.000000,-4.000000,0.000000,-0.000000,0.000000,-262378.406250,-475899.937500,903324.250000,1032.415283,426391.906250,-1970130.625000,-1543738.750000
ml,worst,8122,2026-08-13,1291.926025,10.000000,1834.347656,50.000000,-1.000000,0.000000,-0.000000,0.000000,-91717.382812,1218.041626,50.000000,-2.000000,0.000000,-0.000000,0.000000,-121804.164062,1298.849121,50.000000,-4.000000,0.000000,-0.000000,0.000000,-259769.828125,-473291.375000,903324.250000,1032.415283,429000.468750,-1970130.625000,-1541130.125000
ml,worst,8122,2026-08-14,1288.325317,10.000000,1834.347656,50.000000,-1.000000,0.000000,-0.000000,0.000000,-91717.382812,1218.041626,50.000000,-2.000000,0.000000,-0.000000,0.000000,-121804.164062,1301.405273,50.000000,-4.000000,0.000000,-0.000000,0.000000,-260281.062500,-473802.625000,903324.250000,1032.415283,428489.218750,-1970130.625000,-1541641.375000
ml,worst,8122,2026-08-15,1280.314453,10.000000,1834.347656,50.000000,-1.000000,0.000000,-0.000000,0.000000,-91717.382812,1218.041626,50.000000,-2.000000,0.000000,-0.000000,0.000000,-121804.164062,1281.080078,50.000000,-4.000000,0.000000,-0.000000,0.000000,-256216.015625,-469737.562500,903324.250000,1032.415283,432554.281250,-1970130.625000,-1537576.375000
ml,worst,8122,2026-08-16,1299.578857,10.000000,1834.347656,50.000000,-1.000000,0.000000,-0.000000,0.000000,-91717.382812,1218.041626,50.000000,-2.000000,0.000000,-0.000000,0.000000,-121804.164062,1304.732300,50.000000,-4.000000,0.000000,-0.000000,0.000000,-260946.453125,-474468.000000,903324.250000,1032.415283,427823.843750,-1970130.625000,-1542306.750000
ml,worst,8122,2026-08-17,1300.281738,10.000000,1834.347656,50.000000,-1.000000,0.000000,-0.000000,0.000000,-91717.382812,1218.041626,50.000000,-2.000000,0.000000,-0.000000,0.000000,-121804.164062,1322.621582,50.000000,-3.000000,1.000000,-66131.078125,33.065536,-198393.234375,-411914.781250,837193.125000,1065.480835,424212.875000,-1970130.625000,-1545917.750000
ml,worst,8122,2026-08-18,1287.140259,10.000000,1834.347656,50.000000,-1.000000,0.000000,-0.000000,0.000000,-91717.382812,1218.041626,50.000000,-2.000000,0.000000,-0.000000,0.000000,-121804.164062,1292.112061,50.000000,-3.000000,0.000000,-0.000000,0.000000,-193816.812500,-407338.375000,837193.125000,1065.480835,428789.281250,-1970130.625000,-1541341.375000
ml,worst,8122,2026-08-19,1300.335693,10.000000,1834.347656,50.000000,-1.000000,0.000000,-0.000000,0.000000,-91717.382812,1218.041626,50.000000,-1.000000,1.000000,-60902.082031,30.451040,-60902.082031,1306.754639,50.000000,-3.000000,0.000000,-0.000000,0.000000,-196013.203125,-348632.687500,776291.125000,1095.931885,426562.500000,-1970130.625000,-1543568.125000
ml,worst,8122,2026-08-20,1267.493896,10.000000,1834.347656,50.000000,-1.000000,0.000000,-0.000000,0.000000,-91717.382812,1218.041626,50.000000,-1.000000,0.000000,-0.000000,0.000000,-60902.082031,1281.291992,50.000000,-3.000000,0.000000,-0.000000,0.000000,-192193.796875,-344813.250000,776291.125000,1095.931885,430381.937500,-1970130.625000,-1539748.750000
ml,worst,8122,2026-08-21,1277.124878,10.000000,1834.347656,50.000000,-1.000000,0.000000,-0.000000,0.000000,-91717.382812,1218.041626,50.000000,-1.000000,0.000000,-0.000000,0.000000,-60902.082031,1292.046143,50.000000,-3.000000,0.000000,-0.000000,0.000000,-193806.921875,-346426.375000,776291.125000,1095.931885,428768.812500,-1970130.625000,-1541361.750000
ml,worst,8122,2026-08-22,1295.779541,10.000000,1834.347656,50.000000,-1.000000,0.000000,-0.000000,0.000000,-91717.382812,1218.041626,50.000000,-1.000000,0.000000,-0.000000,0.000000,-60902.082031,1309.226562,50.000000,-3.000000,0.000000,-0.000000,0.000000,-196383.984375,-349003.437500,776291.125000,1095.931885,426191.750000,-1970130.625000,-1543938.875000
ml,worst,8122,2026-08-23,1311.605835,10.000000,1834.347656,50.000000,-1.000000,0.000000,-0.000000,0.000000,-91717.382812,1218.041626,50.000000,-1.000000,0.000000,-0.000000,0.000000,-60902.082031,1307.361206,50.000000,-3.000000,0.000000,-0.000000,0.000000,-196104.171875,-348723.625000,776291.125000,1095.931885,426471.562500,-1970130.625000,-1543659.000000
ml,worst,8122,2026-08-24,1291.748047,10.000000,1834.347656,50.000000,-1.000000,0.000000,-0.000000,0.000000,-91717.382812,1218.041626,50.000000,-1.000000,0.000000,-0.000000,0.000000,-60902.082031,1303.041016,50.000000,-3.000000,0.000000,-0.000000,0.000000,-195456.156250,-348075.625000,776291.125000,1095.931885,427119.562500,-1970130.625000,-1543011.000000
ml,worst,8122,2026-08-25,1275.037720,10.000000,1834.347656,50.000000,-1.000000,0.000000,-0.000000,0.000000,-91717.382812,1218.041626,50.000000,-1.000000,0.000000,-0.000000,0.000000,-60902.082031,1282.623901,50.000000,-3.000000,0.000000,-0.000000,0.000000,-192393.578125,-345013.062500,776291.125000,1095.931885,430182.125000,-1970130.625000,-1539948.500000
ml,worst,8122,2026-08-26,1291.637085,10.000000,1834.347656,50.000000,-1.000000,0.000000,-0.000000,0.000000,-91717.382812,1218.041626,50.000000,-1.000000,0.000000,-0.000000,0.000000,-60902.082031,1296.252075,50.000000,-3.000000,0.000000,-0.000000,0.000000,-194437.812500,-347057.281250,776291.125000,1095.931885,428137.906250,-1970130.625000,-1541992.750000
ml,worst,8122,2026-08-27,1280.345581,10.000000,1834.347656,50.000000,-1.000000,0.000000,-0.000000,0.000000,-91717.382812,1218.041626,50.000000,-1.000000,0.000000,-0.000000,0.000000,-60902.082031,1287.559570,50.000000,-3.000000,0.000000,-0.000000,0.000000,-193133.937500,-345753.406250,776291.125000,1095.931885,429441.781250,-1970130.625000,-1540688.875000
ml,worst,8122,2026-08-28,1268.675415,10.000000,1834.347656,50.000000,-1.000000,0.000000,-0.000000,0.000000,-91717.382812,1218.041626,50.000000,-1.000000,0.000000,-0.000000,0.000000,-60902.082031,1279.860352,50.000000,-3.000000,0.000000,-0.000000,0.000000,-191979.046875,-344598.500000,776291.125000,1095.931885,430596.687500,-1970130.625000,-1539534.000000
ml,worst,8122,2026-08-29,1271.942627,10.000000,1834.347656,50.000000,-1.000000,0.000000,-0.000000,0.000000,-91717.382812,1218.041626,50.000000,-1.000000,0.000000,-0.000000,0.000000,-60902.082031,1258.343628,50.000000,-3.000000,0.000000,-0.000000,0.000000,-188751.531250,-341371.000000,776291.125000,1095.931885,433824.187500,-1970130.625000,-1536306.500000
ml,worst,8122,2026-08-30,1272.333984,10.000000,1834.347656,50.000000,-1.000000,0.000000,-0.000000,0.000000,-91717.382812,1218.041626,50.000000,-1.000000,0.000000,-0.000000,0.000000,-60902.082031,1274.005615,50.000000,-3.000000,0.000000,-0.000000,0.000000,-191100.843750,-343720.312500,776291.125000,1095.931885,431474.875000,-1970130.625000,-1538655.750000
ml,worst,8122,2026-08-31,1275.257812,10.000000,1834.347656,50.000000,-1.000000,0.000000,-0.000000,0.000000,-91717.382812,1218.041626,50.000000,-1.000000,0.000000,-0.000000,0.000000,-60902.082031,1279.566650,50.000000,-3.000000,0.000000,-0.000000,0.000000,-191935.000000,-344554.468750,776291.125000,1095.931885,430640.718750,-1970130.625000,-1539489.875000
ml,worst,8122,2026-09-01,1283.046875,10.000000,1834.347656,50.000000,-1.000000,0.000000,-0.000000,0.000000,-91717.382812,1218.041626,50.000000,-1.000000,0.000000,-0.000000,0.000000,-60902.082031,1288.705688,50.000000,-3.000000,0.000000,-0.000000,0.000000,-193305.859375,-345925.312500,776291.125000,1095.931885,429269.875000,-1970130.625000,-1540860.750000
ml,worst,8122,2026-09-02,1278.954346,10.000000,1834.347656,50.000000,-1.000000,0.000000,-0.000000,0.000000,-91717.382812,1218.041626,50.000000,-1.000000,0.000000,-0.000000,0.000000,-60902.082031,1281.401123,50.000000,-3.000000,0.000000,-0.000000,0.000000,-192210.171875,-344829.625000,776291.125000,1095.931885,430365.562500,-1970130.625000,-1539765.000000
ml,worst,8122,2026-09-03,1278.357422,10.000000,1834.347656,50.000000,-1.000000,0.000000,-0.000000,0.000000,-91717.382812,1218.041626,50.000000,-1.000000,0.000000,-0.000000,0.000000,-60902.082031,1298.902466,50.000000,-3.000000,0.000000,-0.000000,0.000000,-194835.375000,-347454.843750,776291.125000,1095.931885,427740.343750,-1970130.625000,-1542390.250000
ml,worst,8122,2026-09-04,1268.259277,10.000000,1834.347656,50.000000,-1.000000,0.000000,-0.000000,0.000000,-91717.382812,1218.041626,50.000000,-1.000000,0.000000,-0.000000,0.000000,-60902.082031,1275.988403,50.000000,-3.000000,0.000000,-0.000000,0.000000,-191398.265625,-344017.750000,776291.125000,1095.931885,431177.437500,-1970130.625000,-1538953.250000
ml,worst,8122,2026-09-05,1254.911133,10.000000,1834.347656,50.000000,-1.000000,0.000000,-0.000000,0.000000,-91717.382812,1218.041626,50.000000,-1.000000,0.000000,-0.000000,0.000000,-60902.082031,1258.674805,50.000000,-3.000000,0.000000,-0.000000,0.000000,-188801.218750,-341420.687500,776291.125000,1095.931885,433774.500000,-1970130.625000,-1536356.125000
ml,worst,8122,2026-09-06,1256.415161,10.000000,1834.347656,50.000000,-1.000000,0.000000,-0.000000,0.000000,-91717.382812,1218.041626,50.000000,-1.000000,0.000000,-0.000000,0.000000,-60902.082031,1263.160522,50.000000,-3.000000,0.000000,-0.000000,0.000000,-189474.078125,-342093.562500,776291.125000,1095.931885,433101.625000,-1970130.625000,-1537029.000000
ml,worst,8122,2026-09-07,1265.386230,10.000000,1834.347656,50.000000,-1.000000,0.000000,-0.000000,0.000000,-91717.382812,1218.041626,50.000000,-1.000000,0.000000,-0.000000,0.000000,-60902.082031,1287.099487,50.000000,-3.000000,0.000000,-0.000000,0.000000,-193064.921875,-345684.375000,776291.125000,1095.931885,429510.812500,-1970130.625000,-1540619.750000
ml,worst,8122,2026-09-08,1276.465454,10.000000,1834.347656,50.000000,-1.000000,0.000000,-0.000000,0.000000,-91717.382812,1218.041626,50.000000,-1.000000,0.000000,-0.000000,0.000000,-60902.082031,1308.721069,50.000000,-3.000000,0.000000,-0.000000,0.000000,-196308.156250,-348927.625000,776291.125000,1095.931885,426267.562500,-1970130.625000,-1543863.000000
ml,worst,8122,2026-09-09,1274.137085,10.000000,1834.347656,50.000000,-1.000000,0.000000,-0.000000,0.000000,-91717.382812,1218.041626,50.000000,-1.000000,0.000000,-0.000000,0.000000,-60902.082031,1290.003662,50.000000,-3.000000,0.000000,-0.000000,0.000000,-193500.546875,-346120.000000,776291.125000,1095.931885,429075.187500,-1970130.625000,-1541055.500000
ml,worst,8122,2026-09-10,1276.070557,10.000000,1834.347656,50.000000,-1.000000,0.000000,-0.000000,0.000000,-91717.382812,1218.041626,50.000000,-1.000000,0.000000,-0.000000,0.000000,-60902.082031,1278.630615,50.000000,-3.000000,0.000000,-0.000000,0.000000,-191794.593750,-344414.062500,776291.125000,1095.931885,430781.125000,-1970130.625000,-1539349.500000
ml,worst,8122,2026-09-11,1277.953979,10.000000,1834.347656,50.000000,-1.000000,0.000000,-0.000000,0.000000,-91717.382812,1218.041626,50.000000,-1.000000,0.000000,-0.000000,0.000000,-60902.082031,1242.400879,50.000000,-3.000000,0.000000,-0.000000,0.000000,-186360.125000,-338979.593750,776291.125000,1095.931885,436215.593750,-1970130.625000,-1533915.000000
ml,worst,8122,2026-09-12,1276.515991,10.000000,1834.347656,50.000000,-1.000000,0.000000,-0.000000,0.000000,-91717.382812,1218.041626,50.000000,-1.000000,0.000000,-0.000000,0.000000,-60902.082031,1267.949219,50.000000,-3.000000,0.000000,-0.000000,0.000000,-190192.375000,-342811.843750,776291.125000,1095.931885,432383.343750,-1970130.625000,-1537747.250000
ml,worst,8122,2026-09-13,1265.318604,10.000000,1834.347656,50.000000,-1.000000,0.000000,-0.000000,0.000000,-91717.382812,1218.041626,50.000000,-1.000000,0.000000,-0.000000,0.000000,-60902.082031,1269.673462,50.000000,-3.000000,0.000000,-0.000000,0.000000,-190451.031250,-343070.500000,776291.125000,1095.931885,432124.687500,-1970130.625000,-1538006.000000
ml,worst,8122,2026-09-14,1255.824585,10.000000,1834.347656,50.000000,-1.000000,0.000000,-0.000000,0.000000,-91717.382812,1218.041626,50.000000,-1.000000,0.000000,-0.000000,0.000000,-60902.082031,1258.116943,50.000000,-3.000000,0.000000,-0.000000,0.000000,-188717.546875,-341337.000000,776291.125000,1095.931885,433858.187500,-1970130.625000,-1536272.500000
ml,worst,8122,2026-09-15,1263.345947,10.000000,1834.347656,50.000000,-1.000000,0.000000,-0.000000,0.000000,-91717.382812,1218.041626,50.000000,-1.000000,0.000000,-0.000000,0.000000,-60902.082031,1253.994141,50.000000,-3.000000,0.000000,-0.000000,0.000000,-188099.125000,-340718.593750,776291.125000,1095.931885,434476.593750,-1970130.625000,-1535654.000000
ml,worst,8122,2026-09-16,1296.521851,10.000000,1834.347656,50.000000,-1.000000,0.000000,-0.000000,0.000000,-91717.382812,1218.041626,50.000000,-1.000000,0.000000,-0.000000,0.000000,-60902.082031,1310.498291,50.000000,-3.000000,0.000000,-0.000000,0.000000,-196574.750000,-349194.218750,776291.125000,1095.931885,426000.968750,-1970130.625000,-1544129.625000
ml,worst,8122,2026-09-17,1280.956299,10.000000,1834.347656,50.000000,-1.000000,0.000000,-0.000000,0.000000,-91717.382812,1218.041626,50.000000,-1.000000,0.000000,-0.000000,0.000000,-60902.082031,1287.801147,50.000000,-3.000000,0.000000,-0.000000,0.000000,-193170.171875,-345789.625000,776291.125000,1095.931885,429405.562500,-1970130.625000,-1540725.000000
ml,worst,8122,2026-09-18,1273.811523,10.000000,1834.347656,50.000000,-1.000000,0.000000,-0.000000,0.000000,-91717.382812,1218.041626,50.000000,-1.000000,0.000000,-0.000000,0.000000,-60902.082031,1271.338135,50.000000,-3.000000,0.000000,-0.000000,0.000000,-190700.718750,-343320.187500,776291.125000,1095.931885,431875.000000,-1970130.625000,-1538255.625000
ml,worst,8122,2026-09-19,1280.529297,10.000000,1834.347656,50.000000,-1.000000,0.000000,-0.000000,0.000000,-91717.382812,1218.041626,50.000000,-1.000000,0.000000,-0.000000,0.000000,-60902.082031,1286.218994,50.000000,-3.000000,0.000000,-0.000000,0.000000,-192932.843750,-345552.312500,776291.125000,1095.931885,429642.875000,-1970130.625000,-1540487.750000
ml,worst,8122,2026-09-20,1283.194946,10.000000,1834.347656,50.000000,-1.000000,0.000000,-0.000000,0.000000,-91717.382812,1218.041626,50.000000,-1.000000,0.000000,-0.000000,0.000000,-60902.082031,1289.623169,50.000000,-3.000000,0.000000,-0.000000,0.000000,-193443.484375,-346062.937500,776291.125000,1095.931885,429132.250000,-1970130.625000,-1540998.375000
ml,worst,8122,2026-09-21,1273.478027,10.000000,1834.347656,50.000000,-1.000000,0.000000,-0.000000,0.000000,-91717.382812,1218.041626,50.000000,-1.000000,0.000000,-0.000000,0.000000,-60902.082031,1278.152344,50.000000,-3.000000,0.000000,-0.000000,0.000000,-191722.843750,-344342.312500,776291.125000,1095.931885,430852.875000,-1970130.625000,-1539277.750000
ml,worst,8122,2026-09-22,1293.824219,10.000000,1834.347656,50.000000,-1.000000,0.000000,-0.000000,0.000000,-91717.382812,1218.041626,50.000000,-1.000000,0.000000,-0.000000,0.000000,-60902.082031,1295.437744,50.000000,-3.000000,0.000000,-0.000000,0.000000,-194315.656250,-346935.125000,776291.125000,1095.931885,428260.062500,-1970130.625000,-1541870.500000
ml,worst,8122,2026-09-23,1292.483643,10.000000,1834.347656,50.000000,-1.000000,0.000000,-0.000000,0.000000,-91717.382812,1218.041626,50.000000,-1.000000,0.000000,-0.000000,0.000000,-60902.082031,1290.802368,50.000000,-3.000000,0.000000,-0.000000,0.000000,-193620.359375,-346239.812500,776291.125000,1095.931885,428955.375000,-1970130.625000,-1541175.250000
ml,worst,8122,2026-09-24,1289.848022,10.000000,1834.347656,50.000000,-1.000000,0.000000,-0.000000,0.000000,-91717.382812,1218.041626,50.000000,-1.000000,0.000000,-0.000000,0.000000,-60902.082031,1293.106323,50.000000,-3.000000,0.000000,-0.000000,0.000000,-193965.937500,-346585.406250,776291.125000,1095.931885,428609.781250,-1970130.625000,-1541520.875000
ml,worst,8122,2026-09-25,1283.264648,10.000000,1834.347656,50.000000,-1.000000,0.000000,-0.000000,0.000000,-91717.382812,1218.041626,50.000000,-1.000000,0.000000,-0.000000,0.000000,-60902.082031,1267.808594,50.000000,-3.000000,0.000000,-0.000000,0.000000,-190171.281250,-342790.750000,776291.125000,1095.931885,432404.437500,-1970130.625000,-1537726.250000
ml,worst,8122,2026-09-26,1284.032349,10.000000,1834.347656,50.000000,-1.000000,0.000000,-0.000000,0.000000,-91717.382812,1218.041626,50.000000,-1.000000,0.000000,-0.000000,0.000000,-60902.082031,1275.208740,50.000000,-3.000000,0.000000,-0.000000,0.000000,-191281.312500,-343900.781250,776291.125000,1095.931885,431294.406250,-1970130.625000,-1538836.250000
ml,worst,8122,2026-09-27,1292.636475,10.000000,1834.347656,50.000000,-1.000000,0.000000,-0.000000,0.000000,-91717.382812,1218.041626,50.000000,-1.000000,0.000000,-0.000000,0.000000,-60902.082031,1297.247925,50.000000,-3.000000,0.000000,-0.000000,0.000000,-194587.187500,-347206.656250,776291.125000,1095.931885,427988.531250,-1970130.625000,-1542142.125000
ml,worst,8122,2026-09-28,1281.432739,10.000000,1834.347656,50.000000,-1.000000,0.000000,-0.000000,0.000000,-91717.382812,1218.041626,50.000000,-1.000000,0.000000,-0.000000,0.000000,-60902.082031,1287.612305,50.000000,-3.000000,0.000000,-0.000000,0.000000,-193141.843750,-345761.312500,776291.125000,1095.931885,429433.875000,-1970130.625000,-1540696.750000
ml,worst,8122,2026-09-29,1286.905273,10.000000,1834.347656,50.000000,-1.000000,0.000000,-0.000000,0.000000,-91717.382812,1218.041626,50.000000,-1.000000,0.000000,-0.000000,0.000000,-60902.082031,1295.343262,50.000000,-3.000000,0.000000,-0.000000,0.000000,-194301.484375,-346920.937500,776291.125000,1095.931885,428274.250000,-1970130.625000,-1541856.375000
ml,worst,8122,2026-09-30,1284.323120,10.000000,1834.347656,50.000000,-1.000000,0.000000,-0.000000,0.000000,-91717.382812,1218.041626,50.000000,-1.000000,0.000000,-0.000000,0.000000,-60902.082031,1290.844360,50.000000,-3.000000,0.000000,-0.000000,0.000000,-193626.656250,-346246.125000,776291.125000,1095.931885,428949.062500,-1970130.625000,-1541181.500000
ml,worst,8122,2026-10-01,1290.652710,10.000000,1834.347656,50.000000,-1.000000,0.000000,-0.000000,0.000000,-91717.382812,1218.041626,50.000000,-1.000000,0.000000,-0.000000,0.000000,-60902.082031,1293.662964,50.000000,-3.000000,0.000000,-0.000000,0.000000,-194049.437500,-346668.906250,776291.125000,1095.931885,428526.281250,-1970130.625000,-1541604.375000
ml,worst,8122,2026-10-02,1295.075317,10.000000,1834.347656,50.000000,-1.000000,0.000000,-0.000000,0.000000,-91717.382812,1218.041626,50.000000,-1.000000,0.000000,-0.000000,0.000000,-60902.082031,1312.812378,50.000000,-3.000000,0.000000,-0.000000,0.000000,-196921.843750,-349541.312500,776291.125000,1095.931885,425653.875000,-1970130.625000,-1544476.750000
ml,worst,8122,2026-10-03,1292.460815,10.000000,1834.347656,50.000000,-1.000000,0.000000,-0.000000,0.000000,-91717.382812,1218.041626,50.000000,-1.000000,0.000000,-0.000000,0.000000,-60902.082031,1313.281128,50.000000,-3.000000,0.000000,-0.000000,0.000000,-196992.156250,-349611.625000,776291.125000,1095.931885,425583.562500,-1970130.625000,-1544547.000000
ml,worst,8122,2026-10-04,1292.446655,10.000000,1834.347656,50.000000,-1.000000,0.000000,-0.000000,0.000000,-91717.382812,1218.041626,50.000000,-1.000000,0.000000,-0.000000,0.000000,-60902.082031,1306.178833,50.000000,-3.000000,0.000000,-0.000000,0.000000,-195926.828125,-348546.312500,776291.125000,1095.931885,426648.875000,-1970130.625000,-1543481.750000
ml,worst,8122,2026-10-05,1300.778442,10.000000,1834.347656,50.000000,0.000000,1.000000,-91717.382812,45.858688,0.000000,1218.041626,50.000000,-1.000000,0.000000,-0.000000,0.000000,-60902.082031,1318.614014,50.000000,-3.000000,0.000000,-0.000000,0.000000,-197792.109375,-258694.187500,684573.750000,1141.790527,424737.781250,-1970130.625000,-1545392.875000
ml,worst,8122,2026-10-06,1299.487793,10.000000,1834.347656,50.000000,0.000000,0.000000,-0.000000,0.000000,0.000000,1218.041626,50.000000,-1.000000,0.000000,-0.000000,0.000000,-60902.082031,1305.166382,50.000000,-3.000000,0.000000,-0.000000,0.000000,-195774.953125,-256677.031250,684573.750000,1141.790527,426754.937500,-1970130.625000,-1543375.750000
ml,worst,8122,2026-10-07,1284.075806,10.000000,1834.347656,50.000000,0.000000,0.000000,-0.000000,0.000000,0.000000,1218.041626,50.000000,-1.000000,0.000000,-0.000000,0.000000,-60902.082031,1276.043701,50.000000,-3.000000,0.000000,-0.000000,0.000000,-191406.562500,-252308.640625,684573.750000,1141.790527,431123.343750,-1970130.625000,-1539007.250000
ml,worst,8122,2026-10-08,1305.201050,10.000000,1834.347656,50.000000,0.000000,0.000000,-0.000000,0.000000,0.000000,1218.041626,50.000000,-1.000000,0.000000,-0.000000,0.000000,-60902.082031,1275.096313,50.000000,-3.000000,0.000000,-0.000000,0.000000,-191264.453125,-252166.531250,684573.750000,1141.790527,431265.437500,-1970130.625000,-1538865.250000
ml,worst,8122,2026-10-09,1321.025269,10.000000,1834.347656,50.000000,0.000000,0.000000,-0.000000,0.000000,0.000000,1218.041626,50.000000,-1.000000,0.000000,-0.000000,0.000000,-60902.082031,1329.340210,50.000000,-2.000000,1.000000,-66467.007812,33.233501,-132934.015625,-193836.093750,618106.750000,1175.024048,423095.625000,-1970130.625000,-1547035.000000
ml,worst,8122,2026-10-10,1319.482300,10.000000,1834.347656,50.000000,0.000000,0.000000,-0.000000,0.000000,0.000000,1218.041626,50.000000,-1.000000,0.000000,-0.000000,0.000000,-60902.082031,1313.627686,50.000000,-2.000000,0.000000,-0.000000,0.000000,-131362.765625,-192264.843750,618106.750000,1175.024048,424666.875000,-1970130.625000,-1545463.750000
ml,worst,8122,2026-10-11,1345.126953,10.000000,1834.347656,50.000000,0.000000,0.000000,-0.000000,0.000000,0.000000,1218.041626,50.000000,-1.000000,0.000000,-0.000000,0.000000,-60902.082031,1358.192017,50.000000,-2.000000,0.000000,-0.000000,0.000000,-135819.203125,-196721.281250,618106.750000,1175.024048,420210.437500,-1970130.625000,-1549920.250000
ml,worst,8122,2026-10-12,1343.517944,10.000000,1834.347656,50.000000,0.000000,0.000000,-0.000000,0.000000,0.000000,1218.041626,50.000000,-1.000000,0.000000,-0.000000,0.000000,-60902.082031,1351.095947,50.000000,-2.000000,0.000000,-0.000000,0.000000,-135109.593750,-196011.671875,618106.750000,1175.024048,420920.031250,-1970130.625000,-1549210.625000
ml,worst,8122,2026-10-13,1329.988403,10.000000,1834.347656,50.000000,0.000000,0.000000,-0.000000,0.000000,0.000000,1218.041626,50.000000,-1.000000,0.000000,-0.000000,0.000000,-60902.082031,1332.277222,50.000000,-2.000000,0.000000,-0.000000,0.000000,-133227.718750,-194129.796875,618106.750000,1175.024048,422801.906250,-1970130.625000,-1547328.750000
ml,worst,8122,2026-10-14,1300.542725,10.000000,1834.347656,50.000000,0.000000,0.000000,-0.000000,0.000000,0.000000,1218.041626,50.000000,-1.000000,0.000000,-0.000000,0.000000,-60902.082031,1297.157471,50.000000,-2.000000,0.000000,-0.000000,0.000000,-129715.750000,-190617.828125,618106.750000,1175.024048,426313.906250,-1970130.625000,-1543816.750000
ml,worst,8122,2026-10-15,1306.990356,10.000000,1834.347656,50.000000,0.000000,0.000000,-0.000000,0.000000,0.000000,1218.041626,50.000000,-1.000000,0.000000,-0.000000,0.000000,-60902.082031,1329.599487,50.000000,-2.000000,0.000000,-0.000000,0.000000,-132959.953125,-193862.031250,618106.750000,1175.024048,423069.687500,-1970130.625000,-1547061.000000
ml,worst,8122,2026-10-16,1308.513794,10.000000,1834.347656,50.000000,0.000000,0.000000,-0.000000,0.000000,0.000000,1218.041626,50.000000,-1.000000,0.000000,-0.000000,0.000000,-60902.082031,1313.388062,50.000000,-2.000000,0.000000,-0.000000,0.000000,-131338.812500,-192240.890625,618106.750000,1175.024048,424690.843750,-1970130.625000,-1545439.750000
ml,worst,8122,2026-10-17,1311.258911,10.000000,1834.347656,50.000000,0.000000,0.000000,-0.000000,0.000000,0.000000,1218.041626,50.000000,-1.000000,0.000000,-0.000000,0.000000,-60902.082031,1318.380859,50.000000,-2.000000,0.000000,-0.000000,0.000000,-131838.093750,-192740.171875,618106.750000,1175.024048,424191.531250,-1970130.625000,-1545939.125000
ml,worst,8122,2026-10-18,1301.708618,10.000000,1834.347656,50.000000,0.000000,0.000000,-0.000000,0.000000,0.000000,1218.041626,50.000000,-1.000000,0.000000,-0.000000,0.000000,-60902.082031,1307.679810,50.000000,-2.000000,0.000000,-0.000000,0.000000,-130767.984375,-191670.062500,618106.750000,1175.024048,425261.656250,-1970130.625000,-1544869.000000
ml,worst,8122,2026-10-19,1297.412476,10.000000,1834.347656,50.000000,0.000000,0.000000,-0.000000,0.000000,0.000000,1218.041626,50.000000,-1.000000,0.000000,-0.000000,0.000000,-60902.082031,1299.591919,50.000000,-2.000000,0.000000,-0.000000,0.000000,-129959.195312,-190861.281250,618106.750000,1175.024048,426070.437500,-1970130.625000,-1544060.250000
ml,worst,8122,2026-10-20,1281.629028,10.000000,1834.347656,50.000000,0.000000,0.000000,-0.000000,0.000000,0.000000,1218.041626,50.000000,-1.000000,0.000000,-0.000000,0.000000,-60902.082031,1281.265869,50.000000,-2.000000,0.000000,-0.000000,0.000000,-128126.585938,-189028.671875,618106.750000,1175.024048,427903.031250,-1970130.625000,-1542227.625000
ml,worst,8122,2026-10-21,1281.974854,10.000000,1834.347656,50.000000,0.000000,0.000000,-0.000000,0.000000,0.000000,1218.041626,50.000000,-1.000000,0.000000,-0.000000,0.000000,-60902.082031,1282.608398,50.000000,-2.000000,0.000000,-0.000000,0.000000,-128260.843750,-189162.921875,618106.750000,1175.024048,427768.781250,-1970130.625000,-1542361.875000
ml,worst,8122,2026-10-22,1279.316040,10.000000,1834.347656,50.000000,0.000000,0.000000,-0.000000,0.000000,0.000000,1218.041626,50.000000,-1.000000,0.000000,-0.000000,0.000000,-60902.082031,1289.928467,50.000000,-2.000000,0.000000,-0.000000,0.000000,-128992.843750,-189894.921875,618106.750000,1175.024048,427036.781250,-1970130.625000,-1543093.875000
ml,worst,8122,2026-10-23,1269.434814,10.000000,1834.347656,50.000000,0.000000,0.000000,-0.000000,0.000000,0.000000,1218.041626,50.000000,-1.000000,0.000000,-0.000000,0.000000,-60902.082031,1275.123779,50.000000,-2.000000,0.000000,-0.000000,0.000000,-127512.375000,-188414.453125,618106.750000,1175.024048,428517.281250,-1970130.625000,-1541613.375000
ml,worst,8122,2026-10-24,1271.364868,10.000000,1834.347656,50.000000,0.000000,0.000000,-0.000000,0.000000,0.000000,1218.041626,50.000000,-1.000000,0.000000,-0.000000,0.000000,-60902.082031,1286.705200,50.000000,-2.000000,0.000000,-0.000000,0.000000,-128670.523438,-189572.609375,618106.750000,1175.024048,427359.093750,-1970130.625000,-1542771.500000
ml,worst,8122,2026-10-25,1269.999634,10.000000,1834.347656,50.000000,0.000000,0.000000,-0.000000,0.000000,0.000000,1218.041626,50.000000,-1.000000,0.000000,-0.000000,0.000000,-60902.082031,1269.325562,50.000000,-2.000000,0.000000,-0.000000,0.000000,-126932.554688,-187834.640625,618106.750000,1175.024048,429097.093750,-1970130.625000,-1541033.500000
ml,worst,8122,2026-10-26,1273.003296,10.000000,1834.347656,50.000000,0.000000,0.000000,-0.000000,0.000000,0.000000,1218.041626,50.000000,-1.000000,0.000000,-0.000000,0.000000,-60902.082031,1271.309082,50.000000,-2.000000,0.000000,-0.000000,0.000000,-127130.906250,-188032.984375,618106.750000,1175.024048,428898.718750,-1970130.625000,-1541231.875000
ml,worst,8122,2026-10-27,1274.069580,10.000000,1834.347656,50.000000,0.000000,0.000000,-0.000000,0.000000,0.000000,1218.041626,50.000000,-1.000000,0.000000,-0.000000,0.000000,-60902.082031,1278.191284,50.000000,-2.000000,0.000000,-0.000000,0.000000,-127819.125000,-188721.203125,618106.750000,1175.024048,428210.531250,-1970130.625000,-1541920.125000
ml,worst,8122,2026-10-28,1269.554077,10.000000,1834.347656,50.000000,0.000000,0.000000,-0.000000,0.000000,0.000000,1218.041626,50.000000,-1.000000,0.000000,-0.000000,0.000000,-60902.082031,1277.560181,50.000000,-2.000000,0.000000,-0.000000,0.000000,-127756.015625,-188658.093750,618106.750000,1175.024048,428273.625000,-1970130.625000,-1541857.000000
ml,worst,8122,2026-10-29,1264.089111,10.000000,1834.347656,50.000000,0.000000,0.000000,-0.000000,0.000000,0.000000,1218.041626,50.000000,0.000000,1.000000,-60902.082031,30.451040,0.000000,1280.467041,50.000000,0.000000,2.000000,-128046.703125,64.023346,0.000000,0.000000,429157.937500,1269.498535,427888.437500,-1970130.625000,-1542242.250000
ml,worst,8122,2026-10-30,1252.460693,10.000000,1834.347656,50.000000,0.000000,0.000000,-0.000000,0.000000,0.000000,1218.041626,50.000000,0.000000,0.000000,-0.000000,0.000000,0.000000,1280.467041,50.000000,0.000000,0.000000,-0.000000,0.000000,0.000000,0.000000,429157.937500,1269.498535,427888.437500,-1970130.625000,-1542242.250000
ml,p5,217,2026-04-10,2055.000244,10.000000,2026.171509,50.000000,-1.000000,-1.000000,101308.578125,50.654285,-101308.578125,2047.068848,50.000000,-1.000000,-1.000000,102353.445312,51.176720,-102353.445312,2070.749756,50.000000,-1.000000,-1.000000,103537.484375,51.768742,-103537.484375,-307199.500000,307199.500000,153.599747,-153.599747,29559.361328,29405.761719
ml,p5,217,2026-04-11,2033.318481,10.000000,2015.254395,50.000000,-1.000000,0.000000,-0.000000,0.000000,-100762.718750,2035.121460,50.000000,-1.000000,0.000000,-0.000000,0.000000,-101756.070312,2058.043457,50.000000,-1.000000,0.000000,-0.000000,0.000000,-102902.171875,-305420.937500,307199.500000,153.599747,1624.962769,-22707.320312,-21082.357422
ml,p5,217,2026-04-12,2047.732544,10.000000,2043.692749,50.000000,-1.000000,0.000000,-0.000000,0.000000,-102184.640625,2062.852539,50.000000,-1.000000,0.000000,-0.000000,0.000000,-103142.625000,2085.588623,50.000000,-1.000000,0.000000,-0.000000,0.000000,-104279.429688,-309606.687500,307199.500000,153.599747,-2560.787354,7321.578125,4760.791016
ml,p5,217,2026-04-13,2050.393066,10.000000,2074.940186,50.000000,-2.000000,-1.000000,103747.007812,51.873501,-207494.015625,2095.773193,50.000000,-2.000000,-1.000000,104788.656250,52.394325,-209577.312500,2120.626953,50.000000,-2.000000,-1.000000,106031.343750,53.015675,-212062.687500,-629134.000000,621766.500000,310.883240,-7678.383301,15124.772461,7446.389160
ml,p5,217,2026-04-14,2050.601318,10.000000,2059.481934,50.000000,-2.000000,0.000000,-0.000000,0.000000,-205948.187500,2080.878418,50.000000,-2.000000,0.000000,-0.000000,0.000000,-208087.843750,2106.569824,50.000000,-3.000000,-1.000000,105328.492188,52.664242,-315985.468750,-730021.500000,727095.000000,363.547485,-3290.047363,14826.357422,11536.310547
ml,p5,217,2026-04-15,2138.152588,10.000000,2145.084961,50.000000,-3.000000,-1.000000,107254.250000,53.627125,-321762.750000,2169.528320,50.000000,-3.000000,-1.000000,108476.414062,54.238205,-325429.250000,2198.393555,50.000000,-4.000000,-1.000000,109919.679688,54.959835,-439678.718750,-1086870.750000,1052745.375000,526.372681,-34651.746094,238176.484375,203524.734375
ml,p5,217,2026-04-16,2145.593018,10.000000,2148.842285,50.000000,-3.000000,0.000000,-0.000000,0.000000,-322326.343750,2171.009766,50.000000,-4.000000,-1.000000,108550.484375,54.275242,-434201.937500,2197.976562,50.000000,-4.000000,0.000000,-0.000000,0.000000,-439595.312500,-1196123.500000,1161295.875000,580.647888,-35408.273438,256084.234375,220675.968750
ml,p5,217,2026-04-17,2199.066895,10.000000,2196.539551,50.000000,-3.000000,0.000000,-0.000000,0.000000,-329480.937500,2218.818848,50.000000,-4.000000,0.000000,-0.000000,0.000000,-443763.781250,2245.555420,50.000000,-4.000000,0.000000,-0.000000,0.000000,-449111.093750,-1222355.875000,1161295.875000,580.647888,-61640.648438,394527.187500,332886.531250
ml,p5,217,2026-04-18,2200.288818,10.000000,2216.858398,50.000000,-3.000000,0.000000,-0.000000,0.000000,-332528.750000,2240.126221,50.000000,-4.000000,0.000000,-0.000000,0.000000,-448025.250000,2267.713623,50.000000,-4.000000,0.000000,-0.000000,0.000000,-453542.718750,-1234096.750000,1161295.875000,580.647888,-73381.523438,402096.906250,328715.375000
ml,p5,217,2026-04-19,2151.964844,10.000000,2168.798096,50.000000,-3.000000,0.000000,-0.000000,0.000000,-325319.718750,2192.912354,50.000000,-4.000000,0.000000,-0.000000,0.000000,-438582.468750,2221.223877,50.000000,-4.000000,0.000000,-0.000000,0.000000,-444244.781250,-1208147.000000,1161295.875000,580.647888,-47431.773438,288255.531250,240823.750000
ml,p5,217,2026-04-20,2141.332764,10.000000,2134.345215,50.000000,-3.000000,0.000000,-0.000000,0.000000,-320151.781250,2158.081543,50.000000,-4.000000,0.000000,-0.000000,0.000000,-431616.312500,2186.440186,50.000000,-4.000000,0.000000,-0.000000,0.000000,-437288.031250,-1189056.125000,1161295.875000,580.647888,-28340.898438,268547.531250,240206.625000
ml,p5,217,2026-04-21,2139.822266,10.000000,2156.608154,50.000000,-3.000000,0.000000,-0.000000,0.000000,-323491.218750,2178.458008,50.000000,-4.000000,0.000000,-0.000000,0.000000,-435691.593750,2205.649414,50.000000,-4.000000,0.000000,-0.000000,0.000000,-441129.875000,-1200312.750000,1161295.875000,580.647888,-39597.523438,258542.750000,218945.218750
ml,p5,217,2026-04-22,2117.535156,10.000000,2112.791992,50.000000,-3.000000,0.000000,-0.000000,0.000000,-316918.812500,2134.411133,50.000000,-4.000000,0.000000,-0.000000,0.000000,-426882.218750,2160.936035,50.000000,-4.000000,0.000000,-0.000000,0.000000,-432187.218750,-1175988.250000,1161295.875000,580.647888,-15273.022461,203897.062500,188624.046875
ml,p5,217,2026-04-23,2107.278076,10.000000,2096.599609,50.000000,-3.000000,0.000000,-0.000000,0.000000,-314489.937500,2116.259033,50.000000,-4.000000,0.000000,-0.000000,0.000000,-423251.812500,2141.271240,50.000000,-4.000000,0.000000,-0.000000,0.000000,-428254.250000,-1165996.000000,1161295.875000,580.647888,-5280.772949,188649.265625,183368.500000
ml,p5,217,2026-04-24,2134.041748,10.000000,2138.705566,50.000000,-3.000000,0.000000,-0.000000,0.000000,-320805.843750,2160.017334,50.000000,-4.000000,0.000000,-0.000000,0.000000,-432003.468750,2186.027832,50.000000,-4.000000,0.000000,-0.000000,0.000000,-437205.562500,-1190014.875000,1161295.875000,580.647888,-29299.648438,265330.968750,236031.312500
ml,p5,217,2026-04-25,2131.869141,10.000000,2168.228027,50.000000,-3.000000,0.000000,-0.000000,0.000000,-325234.218750,2191.574463,50.000000,-4.000000,0.000000,-0.000000,0.000000,-438314.906250,2220.199707,50.000000,-4.000000,0.000000,-0.000000,0.000000,-444039.937500,-1207589.000000,1161295.875000,580.647888,-46873.773438,263082.281250,216208.500000
ml,p5,217,2026-04-26,2137.205566,10.000000,2158.190430,50.000000,-3.000000,0.000000,-0.000000,0.000000,-323728.562500,2181.020508,50.000000,-4.000000,0.000000,-0.000000,0.000000,-436204.093750,2209.855713,50.000000,-4.000000,0.000000,-0.000000,0.000000,-441971.156250,-1201903.750000,1161295.875000,580.647888,-41188.523438,280150.468750,238961.937500
ml,p5,217,2026-04-27,2091.750977,10.000000,2113.785645,50.000000,-3.000000,0.000000,-0.000000,0.000000,-317067.843750,2135.993896,50.000000,-4.000000,0.000000,-0.000000,0.000000,-427198.781250,2163.762695,50.000000,-4.000000,0.000000,-0.000000,0.000000,-432752.531250,-1177019.125000,1161295.875000,580.647888,-16303.897461,167918.343750,151614.453125
ml,p5,217,2026-04-28,2074.875977,10.000000,2065.415039,50.000000,-3.000000,0.000000,-0.000000,0.000000,-309812.250000,2085.364502,50.000000,-4.000000,0.000000,-0.000000,0.000000,-417072.906250,2110.606689,50.000000,-5.000000,-1.000000,105530.335938,52.765167,-527651.687500,-1254536.750000,1266826.250000,633.413025,11656.086914,133719.390625,145375.484375
ml,p5,217,2026-04-29,2102.722168,10.000000,2101.863281,50.000000,-2.000000,1.000000,-105093.164062,52.546581,-210186.328125,2122.889893,50.000000,-4.000000,0.000000,-0.000000,0.000000,-424577.968750,2148.722900,50.000000,-5.000000,0.000000,-0.000000,0.000000,-537180.687500,-1171945.000000,1161733.000000,685.959595,-10897.959961,204703.375000,193805.421875
ml,p5,217,2026-04-30,2085.761963,10.000000,2101.863281,50.000000,-2.000000,0.000000,-0.000000,0.000000,-210186.328125,2094.370605,50.000000,-4.000000,0.000000,-0.000000,0.000000,-418874.125000,2119.603760,50.000000,-5.000000,0.000000,-0.000000,0.000000,-529900.937500,-1158961.375000,1161733.000000,685.959595,2085.665527,165999.687500,168085.359375
ml,p5,217,2026-05-01,2087.489258,10.000000,2101.863281,50.000000,-2.000000,0.000000,-0.000000,0.000000,-210186.328125,2100.497559,50.000000,-4.000000,0.000000,-0.000000,0.000000,-420099.500000,2125.972656,50.000000,-5.000000,0.000000,-0.000000,0.000000,-531493.187500,-1161779.000000,1161733.000000,685.959595,-731.959595,163723.656250,162991.703125
ml,p5,217,2026-05-02,2132.458740,10.000000,2101.863281,50.000000,-2.000000,0.000000,-0.000000,0.000000,-210186.328125,2155.813477,50.000000,-4.000000,0.000000,-0.000000,0.000000,-431162.687500,2182.598877,50.000000,-5.000000,0.000000,-0.000000,0.000000,-545649.687500,-1186998.750000,1161733.000000,685.959595,-25951.708984,272505.687500,246553.984375
ml,p5,217,2026-05-03,2136.530029,10.000000,2101.863281,50.000000,-2.000000,0.000000,-0.000000,0.000000,-210186.328125,2161.222412,50.000000,-4.000000,0.000000,-0.000000,0.000000,-432244.468750,2188.365967,50.000000,-5.000000,0.000000,-0.000000,0.000000,-547091.500000,-1189522.250000,1161733.000000,685.959595,-28475.208984,282411.062500,253935.859375
ml,p5,217,2026-05-04,2137.780518,10.000000,2101.863281,50.000000,-2.000000,0.000000,-0.000000,0.000000,-210186.328125,2158.766846,50.000000,-4.000000,0.000000,-0.000000,0.000000,-431753.375000,2185.300049,50.000000,-5.000000,0.000000,-0.000000,0.000000,-546325.000000,-1188264.750000,1161733.000000,685.959595,-27217.708984,282497.156250,255279.453125
ml,p5,217,2026-05-05,2124.145996,10.000000,2101.863281,50.000000,-2.000000,0.000000,-0.000000,0.000000,-210186.328125,2152.457275,50.000000,-4.000000,0.000000,-0.000000,0.000000,-430491.468750,2181.685059,50.000000,-5.000000,0.000000,-0.000000,0.000000,-545421.312500,-1186099.125000,1161733.000000,685.959595,-25052.083984,245816.812500,220764.734375
ml,p5,217,2026-05-06,2094.287842,10.000000,2101.863281,50.000000,-2.000000,0.000000,-0.000000,0.000000,-210186.328125,2103.229492,50.000000,-5.000000,-1.000000,105161.476562,52.580738,-525807.375000,2131.528564,50.000000,-5.000000,0.000000,-0.000000,0.000000,-532882.125000,-1268875.750000,1266894.500000,738.540344,-2719.790283,166968.203125,164248.406250
ml,p5,217,2026-05-07,2120.305664,10.000000,2101.863281,50.000000,-2.000000,0.000000,-0.000000,0.000000,-210186.328125,2142.173828,50.000000,-5.000000,0.000000,-0.000000,0.000000,-535543.437500,2170.715332,50.000000,-5.000000,0.000000,-0.000000,0.000000,-542678.812500,-1288408.500000,1266894.500000,738.540344,-22252.541016,236464.656250,214212.109375
ml,p5,217,2026-05-08,2075.061035,10.000000,2101.863281,50.000000,-2.000000,0.000000,-0.000000,0.000000,-210186.328125,2101.096924,50.000000,-5.000000,0.000000,-0.000000,0.000000,-525274.250000,2128.373047,50.000000,-5.000000,0.000000,-0.000000,0.000000,-532093.250000,-1267553.750000,1266894.500000,738.540344,-1397.790283,117283.046875,115885.257812
ml,p5,217,2026-05-09,2053.129395,10.000000,2101.863281,50.000000,-2.000000,0.000000,-0.000000,0.000000,-210186.328125,2065.250977,50.000000,-5.000000,0.000000,-0.000000,0.000000,-516312.750000,2091.578857,50.000000,-5.000000,0.000000,-0.000000,0.000000,-522894.718750,-1249393.750000,1266894.500000,738.540344,16762.208984,63526.769531,80288.976562
ml,p5,217,2026-05-10,2034.073975,10.000000,2101.863281,50.000000,-2.000000,0.000000,-0.000000,0.000000,-210186.328125,2043.948242,50.000000,-5.000000,0.000000,-0.000000,0.000000,-510987.062500,2071.644531,50.000000,-5.000000,0.000000,-0.000000,0.000000,-517911.125000,-1239084.500000,1266894.500000,738.540344,27071.458984,7410.477051,34481.937500
ml,p5,217,2026-05-11,2022.761353,10.000000,2101.863281,50.000000,-2.000000,0.000000,-0.000000,0.000000,-210186.328125,2032.790894,50.000000,-5.000000,0.000000,-0.000000,0.000000,-508197.718750,2057.610596,50.000000,-5.000000,0.000000,-0.000000,0.000000,-514402.625000,-1232786.750000,1266894.500000,738.540344,33369.210938,-18863.013672,14506.197266
ml,p5,217,2026-05-12,2027.980347,10.000000,2101.863281,50.000000,-2.000000,0.000000,-0.000000,0.000000,-210186.328125,2036.431396,50.000000,-5.000000,0.000000,-0.000000,0.000000,-509107.875000,2062.016357,50.000000,-5.000000,0.000000,-0.000000,0.000000,-515504.093750,-1234798.250000,1266894.500000,738.540344,31357.708984,-9233.014648,22124.695312
ml,p5,217,2026-05-13,1996.491699,10.000000,2101.863281,50.000000,-2.000000,0.000000,-0.000000,0.000000,-210186.328125,2022.136719,50.000000,-5.000000,0.000000,-0.000000,0.000000,-505534.187500,2048.165527,50.000000,-5.000000,0.000000,-0.000000,0.000000,-512041.406250,-1227761.875000,1266894.500000,738.540344,38394.085938,-88701.367188,-50307.281250
ml,p5,217,2026-05-14,1962.736816,10.000000,2101.863281,50.000000,-2.000000,0.000000,-0.000000,0.000000,-210186.328125,1985.954712,50.000000,-5.000000,0.000000,-0.000000,0.000000,-496488.687500,2009.609253,50.000000,-5.000000,0.000000,-0.000000,0.000000,-502402.281250,-1209077.250000,1266894.500000,738.540344,57078.710938,-172636.265625,-115557.554688
ml,p5,217,2026-05-15,1924.789673,10.000000,2101.863281,50.000000,-2.000000,0.000000,-0.000000,0.000000,-210186.328125,1942.121704,50.000000,-5.000000,0.000000,-0.000000,0.000000,-485530.406250,1964.615723,50.000000,-5.000000,0.000000,-0.000000,0.000000,-491153.906250,-1186870.625000,1266894.500000,738.540344,79285.335938,-264599.968750,-185314.625000
ml,p5,217,2026-05-16,1929.731201,10.000000,2101.863281,50.000000,-2.000000,0.000000,-0.000000,0.000000,-210186.328125,1946.530396,50.000000,-5.000000,0.000000,-0.000000,0.000000,-486632.625000,1974.091309,50.000000,-5.000000,0.000000,-0.000000,0.000000,-493522.843750,-1190341.750000,1266894.500000,738.540344,75814.210938,-252111.968750,-176297.750000
ml,p5,217,2026-05-17,1910.414795,10.000000,2101.863281,50.000000,-2.000000,0.000000,-0.000000,0.000000,-210186.328125,1909.443848,50.000000,-5.000000,0.000000,-0.000000,0.000000,-477360.937500,1934.305542,50.000000,-5.000000,0.000000,-0.000000,0.000000,-483576.375000,-1171123.625000,1266894.500000,738.540344,95032.335938,-300725.343750,-205693.000000
ml,p5,217,2026-05-18,1898.660645,10.000000,2101.863281,50.000000,-2.000000,0.000000,-0.000000,0.000000,-210186.328125,1903.765259,50.000000,-5.000000,0.000000,-0.000000,0.000000,-475941.312500,1926.928833,50.000000,-5.000000,0.000000,-0.000000,0.000000,-481732.218750,-1167859.875000,1266894.500000,738.540344,98296.085938,-329186.781250,-230890.687500
ml,p5,217,2026-05-19,1897.252319,10.000000,2101.863281,50.000000,-2.000000,0.000000,-0.000000,0.000000,-210186.328125,1914.213257,50.000000,-5.000000,0.000000,-0.000000,0.000000,-478553.312500,1937.405151,50.000000,-5.000000,0.000000,-0.000000,0.000000,-484351.281250,-1173090.875000,1266894.500000,738.540344,93065.085938,-337183.062500,-244117.968750
ml,p5,217,2026-05-20,1903.196289,10.000000,2101.863281,50.000000,-2.000000,0.000000,-0.000000,0.000000,-210186.328125,1909.505859,50.000000,-5.000000,0.000000,-0.000000,0.000000,-477376.468750,1929.852539,50.000000,-5.000000,0.000000,-0.000000,0.000000,-482463.125000,-1170026.000000,1266894.500000,738.540344,96129.960938,-326693.875000,-230563.906250
ml,p5,217,2026-05-21,1885.868530,10.000000,2101.863281,50.000000,-2.000000,0.000000,-0.000000,0.000000,-210186.328125,1877.845947,50.000000,-5.000000,0.000000,-0.000000,0.000000,-469461.468750,1895.425293,50.000000,-5.000000,0.000000,-0.000000,0.000000,-473856.343750,-1153504.125000,1266894.500000,738.540344,112651.835938,-371590.562500,-258938.718750
ml,p5,217,2026-05-22,1858.530029,10.000000,2101.863281,50.000000,-2.000000,0.000000,-0.000000,0.000000,-210186.328125,1849.594238,50.000000,-5.000000,0.000000,-0.000000,0.000000,-462398.531250,1866.090698,50.000000,-5.000000,0.000000,-0.000000,0.000000,-466522.656250,-1139107.500000,1266894.500000,738.540344,127048.460938,-440479.593750,-313431.125000
ml,p5,217,2026-05-23,1854.541016,10.000000,2101.863281,50.000000,-2.000000,0.000000,-0.000000,0.000000,-210186.328125,1858.027222,50.000000,-5.000000,0.000000,-0.000000,0.000000,-464506.781250,1875.452271,50.000000,-5.000000,0.000000,-0.000000,0.000000,-468863.093750,-1143556.250000,1266894.500000,738.540344,122599.710938,-451066.531250,-328466.812500
ml,p5,217,2026-05-24,1854.658569,10.000000,2101.863281,50.000000,-2.000000,0.000000,-0.000000,0.000000,-210186.328125,1853.465332,50.000000,-5.000000,0.000000,-0.000000,0.000000,-463366.312500,1868.702515,50.000000,-5.000000,0.000000,-0.000000,0.000000,-467175.625000,-1140728.250000,1266894.500000,738.540344,125427.710938,-449277.406250,-323849.687500
ml,p5,217,2026-05-25,1889.064453,10.000000,2101.863281,50.000000,-2.000000,0.000000,-0.000000,0.000000,-210186.328125,1896.497681,50.000000,-5.000000,0.000000,-0.000000,0.000000,-474124.406250,1911.742798,50.000000,-5.000000,0.000000,-0.000000,0.000000,-477935.687500,-1162246.500000,1266894.500000,738.540344,103909.460938,-362304.968750,-258395.500000
ml,p5,217,2026-05-26,1900.007324,10.000000,2101.863281,50.000000,-2.000000,0.000000,-0.000000,0.000000,-210186.328125,1915.627808,50.000000,-5.000000,0.000000,-0.000000,0.000000,-478906.937500,1930.247314,50.000000,-5.000000,0.000000,-0.000000,0.000000,-482561.812500,-1171655.000000,1266894.500000,738.540344,94500.960938,-332862.906250,-238361.937500
ml,p5,217,2026-05-27,1904.064941,10.000000,2101.863281,50.000000,-2.000000,0.000000,-0.000000,0.000000,-210186.328125,1920.459473,50.000000,-5.000000,0.000000,-0.000000,0.000000,-480114.843750,1932.384399,50.000000,-5.000000,0.000000,-0.000000,0.000000,-483096.093750,-1173397.250000,1266894.500000,738.540344,92758.710938,-321580.500000,-228821.781250
ml,p5,217,2026-05-28,1914.401611,10.000000,2101.863281,50.000000,-2.000000,0.000000,-0.000000,0.000000,-210186.328125,1919.946289,50.000000,-5.000000,0.000000,-0.000000,0.000000,-479986.562500,1930.907715,50.000000,-5.000000,0.000000,-0.000000,0.000000,-482726.937500,-1172899.750000,1266894.500000,738.540344,93256.210938,-295000.625000,-201744.406250
ml,p5,217,2026-05-29,1916.814819,10.000000,2101.863281,50.000000,-2.000000,0.000000,-0.000000,0.000000,-210186.328125,1923.416138,50.000000,-5.000000,0.000000,-0.000000,0.000000,-480854.062500,1938.057861,50.000000,-5.000000,0.000000,-0.000000,0.000000,-484514.437500,-1175554.750000,1266894.500000,738.540344,90601.210938,-287929.250000,-197328.031250
ml,p5,217,2026-05-30,1898.203369,10.000000,2101.863281,50.000000,-2.000000,0.000000,-0.000000,0.000000,-210186.328125,1905.558716,50.000000,-5.000000,0.000000,-0.000000,0.000000,-476389.687500,1919.667969,50.000000,-5.000000,0.000000,-0.000000,0.000000,-479917.000000,-1166493.000000,1266894.500000,738.540344,99662.960938,-333403.625000,-233740.656250
ml,p5,217,2026-05-31,1861.542969,10.000000,2101.863281,50.000000,-2.000000,0.000000,-0.000000,0.000000,-210186.328125,1882.270264,50.000000,-5.000000,0.000000,-0.000000,0.000000,-470567.562500,1898.652100,50.000000,-5.000000,0.000000,-0.000000,0.000000,-474663.031250,-1155416.875000,1266894.500000,738.540344,110739.085938,-427790.375000,-317051.281250
ml,p5,217,2026-06-01,1871.543457,10.000000,2101.863281,50.000000,-2.000000,0.000000,-0.000000,0.000000,-210186.328125,1870.813599,50.000000,-5.000000,0.000000,-0.000000,0.000000,-467703.406250,1887.613159,50.000000,-5.000000,0.000000,-0.000000,0.000000,-471903.281250,-1149793.000000,1266894.500000,738.540344,116362.960938,-403868.875000,-287505.906250
ml,p5,217,2026-06-02,1882.509277,10.000000,2101.863281,50.000000,-2.000000,0.000000,-0.000000,0.000000,-210186.328125,1887.755371,50.000000,-5.000000,0.000000,-0.000000,0.000000,-471938.875000,1905.046997,50.000000,-5.000000,0.000000,-0.000000,0.000000,-476261.781250,-1158387.000000,1266894.500000,738.540344,107768.960938,-376011.281250,-268242.312500
ml,p5,217,2026-06-03,1835.931763,10.000000,2101.863281,50.000000,-2.000000,0.000000,-0.000000,0.000000,-210186.328125,1876.299072,50.000000,-5.000000,0.000000,-0.000000,0.000000,-469074.750000,1893.768677,50.000000,-5.000000,0.000000,-0.000000,0.000000,-473442.187500,-1152703.250000,1266894.500000,738.540344,113452.710938,-488842.562500,-375389.843750
ml,p5,217,2026-06-04,1820.151855,10.000000,2101.863281,50.000000,-2.000000,0.000000,-0.000000,0.000000,-210186.328125,1832.938477,50.000000,-5.000000,0.000000,-0.000000,0.000000,-458234.625000,1850.252930,50.000000,-5.000000,0.000000,-0.000000,0.000000,-462563.218750,-1130984.125000,1266894.500000,738.540344,135171.828125,-526657.312500,-391485.500000
ml,p5,217,2026-06-05,1825.574097,10.000000,2101.863281,50.000000,-2.000000,0.000000,-0.000000,0.000000,-210186.328125,1851.210083,50.000000,-5.000000,0.000000,-0.000000,0.000000,-462802.531250,1869.912598,50.000000,-5.000000,0.000000,-0.000000,0.000000,-467478.125000,-1140467.000000,1266894.500000,738.540344,125688.960938,-515518.312500,-389829.343750
ml,p5,217,2026-06-06,1806.386108,10.000000,2101.863281,50.000000,-2.000000,0.000000,-0.000000,0.000000,-210186.328125,1812.579834,50.000000,-5.000000,0.000000,-0.000000,0.000000,-453144.968750,1830.110962,50.000000,-5.000000,0.000000,-0.000000,0.000000,-457527.750000,-1120859.000000,1266894.500000,738.540344,145296.953125,-567109.187500,-421812.250000
ml,p5,217,2026-06-07,1762.261719,10.000000,2101.863281,50.000000,-2.000000,0.000000,-0.000000,0.000000,-210186.328125,1748.741699,50.000000,-5.000000,0.000000,-0.000000,0.000000,-437185.437500,1766.642456,50.000000,-5.000000,0.000000,-0.000000,0.000000,-441660.593750,-1089032.375000,1266894.500000,738.540344,177123.578125,-677974.000000,-500850.437500
ml,p5,217,2026-06-08,1752.017822,10.000000,2101.863281,50.000000,-2.000000,0.000000,-0.000000,0.000000,-210186.328125,1743.157471,50.000000,-5.000000,0.000000,-0.000000,0.000000,-435789.343750,1762.833984,50.000000,-6.000000,-1.000000,88141.703125,44.070850,-528850.187500,-1174825.875000,1355036.250000,782.611206,179427.765625,-704056.312500,-524628.562500
ml,p5,217,2026-06-09,1743.615234,10.000000,2101.863281,50.000000,-2.000000,0.000000,-0.000000,0.000000,-210186.328125,1759.518066,50.000000,-5.000000,0.000000,-0.000000,0.000000,-439879.500000,1778.716797,50.000000,-6.000000,0.000000,-0.000000,0.000000,-533615.062500,-1183680.875000,1355036.250000,782.611206,170572.765625,-725858.937500,-555286.187500
ml,p5,217,2026-06-10,1676.296509,10.000000,2101.863281,50.000000,-2.000000,0.000000,-0.000000,0.000000,-210186.328125,1666.442505,50.000000,-5.000000,0.000000,-0.000000,0.000000,-416610.656250,1683.311768,50.000000,-6.000000,0.000000,-0.000000,0.000000,-504993.562500,-1131790.500000,1355036.250000,782.611206,222463.140625,-892942.250000,-670479.125000
ml,p5,217,2026-06-11,1683.098877,10.000000,2101.863281,50.000000,-2.000000,0.000000,-0.000000,0.000000,-210186.328125,1690.659058,50.000000,-5.000000,0.000000,-0.000000,0.000000,-422664.750000,1707.643921,50.000000,-6.000000,0.000000,-0.000000,0.000000,-512293.156250,-1145144.250000,1355036.250000,782.611206,209109.390625,-876753.875000,-667644.500000
ml,p5,217,2026-06-12,1711.354126,10.000000,2101.863281,50.000000,-2.000000,0.000000,-0.000000,0.000000,-210186.328125,1702.181030,50.000000,-5.000000,0.000000,-0.000000,0.000000,-425545.250000,1721.838257,50.000000,-6.000000,0.000000,-0.000000,0.000000,-516551.468750,-1152283.000000,1355036.250000,782.611206,201970.640625,-806493.125000,-604522.500000
ml,p5,217,2026-06-13,1692.772583,10.000000,2101.863281,50.000000,-2.000000,0.000000,-0.000000,0.000000,-210186.328125,1693.126953,50.000000,-5.000000,0.000000,-0.000000,0.000000,-423281.750000,1713.815674,50.000000,-6.000000,0.000000,-0.000000,0.000000,-514144.718750,-1147612.750000,1355036.250000,782.611206,206640.890625,-852695.437500,-646054.562500
ml,p5,217,2026-06-14,1681.500854,10.000000,2101.863281,50.000000,-2.000000,0.000000,-0.000000,0.000000,-210186.328125,1664.046631,50.000000,-5.000000,0.000000,-0.000000,0.000000,-416011.656250,1686.730469,50.000000,-6.000000,0.000000,-0.000000,0.000000,-506019.125000,-1132217.125000,1355036.250000,782.611206,222036.515625,-878900.062500,-656863.562500
ml,p5,217,2026-06-15,1686.247803,10.000000,2101.863281,50.000000,-2.000000,0.000000,-0.000000,0.000000,-210186.328125,1704.049072,50.000000,-5.000000,0.000000,-0.000000,0.000000,-426012.250000,1725.340332,50.000000,-6.000000,0.000000,-0.000000,0.000000,-517602.093750,-1153800.625000,1355036.250000,782.611206,200453.015625,-867664.562500,-667211.562500
ml,p5,217,2026-06-16,1653.138550,10.000000,2101.863281,50.000000,-2.000000,0.000000,-0.000000,0.000000,-210186.328125,1669.814209,50.000000,-5.000000,0.000000,-0.000000,0.000000,-417453.562500,1690.758789,50.000000,-6.000000,0.000000,-0.000000,0.000000,-507227.625000,-1134867.500000,1355036.250000,782.611206,219386.140625,-950831.750000,-731445.625000
ml,p5,217,2026-06-17,1653.915161,10.000000,2101.863281,50.000000,-2.000000,0.000000,-0.000000,0.000000,-210186.328125,1669.091064,50.000000,-5.000000,0.000000,-0.000000,0.000000,-417272.750000,1692.532837,50.000000,-6.000000,0.000000,-0.000000,0.000000,-507759.875000,-1135219.000000,1355036.250000,782.611206,219034.640625,-947732.000000,-728697.375000
ml,p5,217,2026-06-18,1700.328369,10.000000,2101.863281,50.000000,-2.000000,0.000000,-0.000000,0.000000,-210186.328125,1698.246460,50.000000,-5.000000,0.000000,-0.000000,0.000000,-424561.625000,1721.994629,50.000000,-6.000000,0.000000,-0.000000,0.000000,-516598.375000,-1151346.250000,1355036.250000,782.611206,202907.390625,-832085.500000,-629178.125000
ml,p5,217,2026-06-19,1682.854980,10.000000,2101.863281,50.000000,-2.000000,0.000000,-0.000000,0.000000,-210186.328125,1666.548462,50.000000,-5.000000,0.000000,-0.000000,0.000000,-416637.125000,1689.231689,50.000000,-6.000000,0.000000,-0.000000,0.000000,-506769.531250,-1133593.000000,1355036.250000,782.611206,220660.640625,-877081.187500,-656420.562500
ml,p5,217,2026-06-20,1700.338135,10.000000,2101.863281,50.000000,-2.000000,0.000000,-0.000000,0.000000,-210186.328125,1687.071167,50.000000,-5.000000,0.000000,-0.000000,0.000000,-421767.781250,1712.745239,50.000000,-6.000000,0.000000,-0.000000,0.000000,-513823.593750,-1145777.750000,1355036.250000,782.611206,208475.890625,-833721.125000,-625245.250000
ml,p5,217,2026-06-21,1696.208984,10.000000,2101.863281,50.000000,-2.000000,0.000000,-0.000000,0.000000,-210186.328125,1694.608276,50.000000,-5.000000,0.000000,-0.000000,0.000000,-423652.062500,1719.750122,50.000000,-6.000000,0.000000,-0.000000,0.000000,-515925.062500,-1149763.500000,1355036.250000,782.611206,204490.140625,-847480.062500,-642989.937500
ml,p5,217,2026-06-22,1678.186279,10.000000,2101.863281,50.000000,-2.000000,0.000000,-0.000000,0.000000,-210186.328125,1681.270386,50.000000,-5.000000,0.000000,-0.000000,0.000000,-420317.562500,1705.734375,50.000000,-6.000000,0.000000,-0.000000,0.000000,-511720.312500,-1142224.250000,1355036.250000,782.611206,212029.390625,-891921.000000,-679891.625000
ml,p5,217,2026-06-23,1668.109863,10.000000,2101.863281,50.000000,-2.000000,0.000000,-0.000000,0.000000,-210186.328125,1646.839600,50.000000,-5.000000,0.000000,-0.000000,0.000000,-411709.906250,1669.749878,50.000000,-6.000000,0.000000,-0.000000,0.000000,-500924.937500,-1122821.250000,1355036.250000,782.611206,231432.390625,-918035.937500,-686603.562500
ml,p5,217,2026-06-24,1671.935425,10.000000,2101.863281,50.000000,-2.000000,0.000000,-0.000000,0.000000,-210186.328125,1681.130493,50.000000,-5.000000,0.000000,-0.000000,0.000000,-420282.625000,1701.013550,50.000000,-6.000000,0.000000,-0.000000,0.000000,-510304.062500,-1140773.000000,1355036.250000,782.611206,213480.640625,-912292.312500,-698811.687500
ml,p5,217,2026-06-25,1699.139404,10.000000,2101.863281,50.000000,-2.000000,0.000000,-0.000000,0.000000,-210186.328125,1704.727417,50.000000,-5.000000,0.000000,-0.000000,0.000000,-426181.843750,1725.439941,50.000000,-6.000000,0.000000,-0.000000,0.000000,-517631.968750,-1154000.125000,1355036.250000,782.611206,200253.515625,-846066.375000,-645812.875000
ml,p5,217,2026-06-26,1720.118652,10.000000,2101.863281,50.000000,-2.000000,0.000000,-0.000000,0.000000,-210186.328125,1734.040771,50.000000,-5.000000,0.000000,-0.000000,0.000000,-433510.218750,1752.270996,50.000000,-6.000000,0.000000,-0.000000,0.000000,-525681.312500,-1169377.875000,1355036.250000,782.611206,184875.765625,-793308.312500,-608432.562500
ml,p5,217,2026-06-27,1712.692993,10.000000,2101.863281,50.000000,-2.000000,0.000000,-0.000000,0.000000,-210186.328125,1709.400146,50.000000,-5.000000,0.000000,-0.000000,0.000000,-427350.062500,1727.343994,50.000000,-6.000000,0.000000,-0.000000,0.000000,-518203.218750,-1155739.625000,1355036.250000,782.611206,198514.015625,-812986.625000,-614472.625000
ml,p5,217,2026-06-28,1763.956543,10.000000,2101.863281,50.000000,-2.000000,0.000000,-0.000000,0.000000,-210186.328125,1785.107422,50.000000,-5.000000,0.000000,-0.000000,0.000000,-446276.843750,1803.626709,50.000000,-6.000000,0.000000,-0.000000,0.000000,-541088.000000,-1197551.250000,1355036.250000,782.611206,156702.390625,-685167.750000,-528465.375000
ml,p5,217,2026-06-29,1765.869507,10.000000,2101.863281,50.000000,-2.000000,0.000000,-0.000000,0.000000,-210186.328125,1779.634888,50.000000,-5.000000,0.000000,-0.000000,0.000000,-444908.750000,1798.212769,50.000000,-6.000000,0.000000,-0.000000,0.000000,-539463.812500,-1194558.875000,1355036.250000,782.611206,159694.765625,-680920.125000,-521225.375000
ml,p5,217,2026-06-30,1762.894531,10.000000,2101.863281,50.000000,-2.000000,0.000000,-0.000000,0.000000,-210186.328125,1764.281982,50.000000,-5.000000,0.000000,-0.000000,0.000000,-441070.500000,1782.826538,50.000000,-6.000000,0.000000,-0.000000,0.000000,-534847.937500,-1186104.750000,1355036.250000,782.611206,168148.890625,-688684.000000,-520535.125000
ml,p5,217,2026-07-01,1730.837769,10.000000,2101.863281,50.000000,-2.000000,0.000000,-0.000000,0.000000,-210186.328125,1728.941895,50.000000,-5.000000,0.000000,-0.000000,0.000000,-432235.437500,1745.592529,50.000000,-6.000000,0.000000,-0.000000,0.000000,-523677.750000,-1166099.500000,1355036.250000,782.611206,188154.140625,-769015.000000,-580860.875000
ml,p5,217,2026-07-02,1715.257690,10.000000,2101.863281,50.000000,-2.000000,0.000000,-0.000000,0.000000,-210186.328125,1715.078735,50.000000,-5.000000,0.000000,-0.000000,0.000000,-428769.687500,1731.259888,50.000000,-6.000000,0.000000,-0.000000,0.000000,-519377.968750,-1158334.000000,1355036.250000,782.611206,195919.640625,-808546.250000,-612626.625000
ml,p5,217,2026-07-03,1756.625488,10.000000,2101.863281,50.000000,-2.000000,0.000000,-0.000000,0.000000,-210186.328125,1775.086182,50.000000,-5.000000,0.000000,-0.000000,0.000000,-443771.531250,1789.696289,50.000000,-5.000000,1.000000,-89484.812500,44.742405,-447424.062500,-1101382.000000,1265551.500000,827.353638,163342.140625,-714398.687500,-551056.562500
ml,p5,217,2026-07-04,1713.264771,10.000000,2101.863281,50.000000,-2.000000,0.000000,-0.000000,0.000000,-210186.328125,1713.731201,50.000000,-5.000000,0.000000,-0.000000,0.000000,-428432.812500,1726.733154,50.000000,-5.000000,0.000000,-0.000000,0.000000,-431683.312500,-1070302.500000,1265551.500000,827.353638,194421.640625,-809249.937500,-614828.312500
ml,p5,217,2026-07-05,1695.178833,10.000000,2101.863281,50.000000,-2.000000,0.000000,-0.000000,0.000000,-210186.328125,1687.610107,50.000000,-5.000000,0.000000,-0.000000,0.000000,-421902.531250,1701.410034,50.000000,-5.000000,0.000000,-0.000000,0.000000,-425352.500000,-1057441.375000,1265551.500000,827.353638,207282.765625,-849630.687500,-642347.937500
ml,p5,217,2026-07-06,1711.120728,10.000000,2101.863281,50.000000,-2.000000,0.000000,-0.000000,0.000000,-210186.328125,1698.389282,50.000000,-5.000000,0.000000,-0.000000,0.000000,-424597.312500,1712.094727,50.000000,-5.000000,0.000000,-0.000000,0.000000,-428023.687500,-1062807.250000,1265551.500000,827.353638,201916.890625,-815952.937500,-614036.062500
ml,p5,217,2026-07-07,1729.870728,10.000000,2101.863281,50.000000,-2.000000,0.000000,-0.000000,0.000000,-210186.328125,1746.122681,50.000000,-5.000000,0.000000,-0.000000,0.000000,-436530.656250,1761.128174,50.000000,-5.000000,0.000000,-0.000000,0.000000,-440282.031250,-1086999.000000,1265551.500000,827.353638,177725.140625,-778020.687500,-600295.562500
ml,p5,217,2026-07-08,1789.556641,10.000000,2101.863281,50.000000,-2.000000,0.000000,-0.000000,0.000000,-210186.328125,1792.870850,50.000000,-5.000000,0.000000,-0.000000,0.000000,-448217.718750,1810.199341,50.000000,-5.000000,0.000000,-0.000000,0.000000,-452549.843750,-1110953.875000,1265551.500000,827.353638,153770.265625,-661712.500000,-507942.250000
ml,p5,217,2026-07-09,1815.013184,10.000000,2101.863281,50.000000,-2.000000,0.000000,-0.000000,0.000000,-210186.328125,1812.412720,50.000000,-5.000000,0.000000,-0.000000,0.000000,-453103.187500,1828.761230,50.000000,-5.000000,0.000000,-0.000000,0.000000,-457190.343750,-1120479.875000,1265551.500000,827.353638,144244.265625,-615179.562500,-470935.312500
ml,p5,217,2026-07-10,1804.130737,10.000000,2101.863281,50.000000,-2.000000,0.000000,-0.000000,0.000000,-210186.328125,1806.564331,50.000000,-5.000000,0.000000,-0.000000,0.000000,-451641.062500,1824.914185,50.000000,-5.000000,0.000000,-0.000000,0.000000,-456228.562500,-1118056.000000,1265551.500000,827.353638,146668.140625,-634878.125000,-488210.000000
ml,p5,217,2026-07-11,1769.806152,10.000000,2101.863281,50.000000,-2.000000,0.000000,-0.000000,0.000000,-210186.328125,1769.713867,50.000000,-5.000000,0.000000,-0.000000,0.000000,-442428.468750,1788.573120,50.000000,-5.000000,0.000000,-0.000000,0.000000,-447143.250000,-1099758.000000,1265551.500000,827.353638,164966.140625,-690976.937500,-526010.812500
ml,p5,217,2026-07-12,1774.452026,10.000000,2101.863281,50.000000,-2.000000,0.000000,-0.000000,0.000000,-210186.328125,1789.098145,50.000000,-5.000000,0.000000,-0.000000,0.000000,-447274.500000,1807.815308,50.000000,-5.000000,0.000000,-0.000000,0.000000,-451953.812500,-1109414.625000,1265551.500000,827.353638,155309.515625,-684668.125000,-529358.625000
ml,p5,217,2026-07-13,1756.419434,10.000000,2101.863281,50.000000,-2.000000,0.000000,-0.000000,0.000000,-210186.328125,1755.101685,50.000000,-5.000000,0.000000,-0.000000,0.000000,-438775.437500,1773.001953,50.000000,-5.000000,0.000000,-0.000000,0.000000,-443250.500000,-1092212.250000,1265551.500000,827.353638,172511.890625,-714537.125000,-542025.250000
ml,p5,217,2026-07-14,1753.097534,10.000000,2101.863281,50.000000,-2.000000,0.000000,-0.000000,0.000000,-210186.328125,1746.981201,50.000000,-5.000000,0.000000,-0.000000,0.000000,-436745.312500,1763.983521,50.000000,-5.000000,0.000000,-0.000000,0.000000,-440995.906250,-1087927.500000,1265551.500000,827.353638,176796.640625,-720329.125000,-543532.500000
ml,p5,217,2026-07-15,1748.166626,10.000000,2101.863281,50.000000,-2.000000,0.000000,-0.000000,0.000000,-210186.328125,1740.291992,50.000000,-5.000000,0.000000,-0.000000,0.000000,-435073.000000,1758.081055,50.000000,-5.000000,0.000000,-0.000000,0.000000,-439520.250000,-1084779.500000,1265551.500000,827.353638,179944.640625,-727482.375000,-547537.750000
ml,p5,217,2026-07-16,1740.726196,10.000000,2101.863281,50.000000,-2.000000,0.000000,-0.000000,0.000000,-210186.328125,1753.286255,50.000000,-5.000000,0.000000,-0.000000,0.000000,-438321.593750,1771.035645,50.000000,-5.000000,0.000000,-0.000000,0.000000,-442758.875000,-1091266.750000,1265551.500000,827.353638,173457.390625,-737846.937500,-564389.562500
ml,p5,217,2026-07-17,1718.595337,10.000000,2101.863281,50.000000,-2.000000,0.000000,-0.000000,0.000000,-210186.328125,1717.335205,50.000000,-5.000000,0.000000,-0.000000,0.000000,-429333.781250,1735.400513,50.000000,-5.000000,0.000000,-0.000000,0.000000,-433850.156250,-1073370.250000,1265551.500000,827.353638,191353.890625,-765177.187500,-573823.312500
ml,p5,217,2026-07-18,1685.324951,10.000000,2101.863281,50.000000,-2.000000,0.000000,-0.000000,0.000000,-210186.328125,1674.651733,50.000000,-5.000000,0.000000,-0.000000,0.000000,-418662.937500,1690.172119,50.000000,-5.000000,0.000000,-0.000000,0.000000,-422543.031250,-1051392.250000,1265551.500000,827.353638,213331.890625,-801575.437500,-588243.562500
ml,p5,217,2026-07-19,1695.207153,10.000000,2101.863281,50.000000,-2.000000,0.000000,-0.000000,0.000000,-210186.328125,1702.831421,50.000000,-5.000000,0.000000,-0.000000,0.000000,-425707.875000,1720.226318,50.000000,-5.000000,0.000000,-0.000000,0.000000,-430056.593750,-1065950.750000,1265551.500000,827.353638,198773.390625,-791403.312500,-592629.937500
ml,p5,217,2026-07-20,1710.721069,10.000000,2101.863281,50.000000,-2.000000,0.000000,-0.000000,0.000000,-210186.328125,1717.635010,50.000000,-5.000000,0.000000,-0.000000,0.000000,-429408.750000,1735.836792,50.000000,-5.000000,0.000000,-0.000000,0.000000,-433959.187500,-1073554.250000,1265551.500000,827.353638,191169.890625,-774922.250000,-583752.375000
ml,p5,217,2026-07-21,1698.480957,10.000000,2101.863281,50.000000,-2.000000,0.000000,-0.000000,0.000000,-210186.328125,1691.981567,50.000000,-5.000000,0.000000,-0.000000,0.000000,-422995.406250,1708.857422,50.000000,-5.000000,0.000000,-0.000000,0.000000,-427214.343750,-1060396.125000,1265551.500000,827.353638,204328.015625,-787170.062500,-582842.062500
ml,p5,217,2026-07-22,1736.009521,10.000000,2101.863281,50.000000,-2.000000,0.000000,-0.000000,0.000000,-210186.328125,1734.837769,50.000000,-4.000000,1.000000,-86741.890625,43.370941,-346967.562500,1750.266602,50.000000,-5.000000,0.000000,-0.000000,0.000000,-437566.656250,-994720.500000,1178809.500000,870.724609,183218.281250,-754905.062500,-571686.750000
ml,p5,217,2026-07-23,1738.067749,10.000000,2101.863281,50.000000,-2.000000,0.000000,-0.000000,0.000000,-210186.328125,1728.811646,50.000000,-4.000000,0.000000,-0.000000,0.000000,-345762.343750,1743.618530,50.000000,-5.000000,0.000000,-0.000000,0.000000,-435904.625000,-991853.312500,1178809.500000,870.724609,186085.468750,-753785.625000,-567700.125000
ml,p5,217,2026-07-24,1753.185425,10.000000,2101.863281,50.000000,-2.000000,0.000000,-0.000000,0.000000,-210186.328125,1742.704956,50.000000,-4.000000,0.000000,-0.000000,0.000000,-348541.000000,1755.767334,50.000000,-5.000000,0.000000,-0.000000,0.000000,-438941.843750,-997669.125000,1178809.500000,870.724609,180269.656250,-744201.625000,-563932.000000
ml,p5,217,2026-07-25,1741.068970,10.000000,2101.863281,50.000000,-2.000000,0.000000,-0.000000,0.000000,-210186.328125,1759.867065,50.000000,-4.000000,0.000000,-0.000000,0.000000,-351973.406250,1774.199219,50.000000,-5.000000,0.000000,-0.000000,0.000000,-443549.812500,-1005709.562500,1178809.500000,870.724609,172229.218750,-751014.125000,-578784.875000
ml,p5,217,2026-07-26,1783.229370,10.000000,2101.863281,50.000000,-2.000000,0.000000,-0.000000,0.000000,-210186.328125,1797.061768,50.000000,-4.000000,0.000000,-0.000000,0.000000,-359412.343750,1812.064941,50.000000,-5.000000,0.000000,-0.000000,0.000000,-453016.218750,-1022614.875000,1178809.500000,870.724609,155323.906250,-728381.312500,-573057.375000
ml,p5,217,2026-07-27,1770.395264,10.000000,2101.863281,50.000000,-2.000000,0.000000,-0.000000,0.000000,-210186.328125,1781.179565,50.000000,-4.000000,0.000000,-0.000000,0.000000,-356235.906250,1794.789917,50.000000,-5.000000,0.000000,-0.000000,0.000000,-448697.468750,-1015119.750000,1178809.500000,870.724609,162819.031250,-735597.250000,-572778.250000
ml,p5,217,2026-07-28,1756.716797,10.000000,2101.863281,50.000000,-2.000000,0.000000,-0.000000,0.000000,-210186.328125,1757.045166,50.000000,-4.000000,0.000000,-0.000000,0.000000,-351409.031250,1770.210815,50.000000,-5.000000,0.000000,-0.000000,0.000000,-442552.687500,-1004148.062500,1178809.500000,870.724609,173790.718750,-741769.937500,-567979.250000
ml,p5,217,2026-07-29,1773.020996,10.000000,2101.863281,50.000000,-2.000000,0.000000,-0.000000,0.000000,-210186.328125,1766.009399,50.000000,-2.000000,2.000000,-176600.937500,88.300468,-176600.937500,1779.376465,50.000000,-5.000000,0.000000,-0.000000,0.000000,-444844.125000,-831631.375000,1002208.562500,959.025024,169618.156250,-736625.687500,-567007.500000
ml,p5,217,2026-07-30,1739.164673,10.000000,2101.863281,50.000000,-2.000000,0.000000,-0.000000,0.000000,-210186.328125,1766.009399,50.000000,-2.000000,0.000000,-0.000000,0.000000,-176600.937500,1723.690552,50.000000,-5.000000,0.000000,-0.000000,0.000000,-430922.656250,-817709.875000,1002208.562500,959.025024,183539.656250,-744110.375000,-560570.750000
ml,p5,217,2026-07-31,1743.701050,10.000000,2101.863281,50.000000,-2.000000,0.000000,-0.000000,0.000000,-210186.328125,1766.009399,50.000000,-2.000000,0.000000,-0.000000,0.000000,-176600.937500,1737.047363,50.000000,-5.000000,0.000000,-0.000000,0.000000,-434261.812500,-821049.062500,1002208.562500,959.025024,180200.468750,-743721.937500,-563521.500000
ml,p5,217,2026-08-01,1739.519653,10.000000,2101.863281,50.000000,-2.000000,0.000000,-0.000000,0.000000,-210186.328125,1766.009399,50.000000,-2.000000,0.000000,-0.000000,0.000000,-176600.937500,1753.092163,50.000000,-5.000000,0.000000,-0.000000,0.000000,-438273.062500,-825060.312500,1002208.562500,959.025024,176189.218750,-743807.812500,-567618.625000
ml,p5,217,2026-08-02,1721.427490,10.000000,2101.863281,50.000000,-2.000000,0.000000,-0.000000,0.000000,-210186.328125,1766.009399,50.000000,-2.000000,0.000000,-0.000000,0.000000,-176600.937500,1732.189087,50.000000,-5.000000,0.000000,-0.000000,0.000000,-433047.250000,-819834.500000,1002208.562500,959.025024,181415.031250,-743887.687500,-562472.625000
ml,p5,217,2026-08-03,1731.070435,10.000000,2101.863281,50.000000,-2.000000,0.000000,-0.000000,0.000000,-210186.328125,1766.009399,50.000000,-2.000000,0.000000,-0.000000,0.000000,-176600.937500,1741.469116,50.000000,-5.000000,0.000000,-0.000000,0.000000,-435367.281250,-822154.500000,1002208.562500,959.025024,179095.031250,-743972.625000,-564877.625000
ml,p5,217,2026-08-04,1736.206543,10.000000,2101.863281,50.000000,-2.000000,0.000000,-0.000000,0.000000,-210186.328125,1766.009399,50.000000,-2.000000,0.000000,-0.000000,0.000000,-176600.937500,1755.256348,50.000000,-5.000000,0.000000,-0.000000,0.000000,-438814.062500,-825601.312500,1002208.562500,959.025024,175648.218750,-744059.125000,-568410.875000
ml,p5,217,2026-08-05,1730.079468,10.000000,2101.863281,50.000000,-2.000000,0.000000,-0.000000,0.000000,-210186.328125,1766.009399,50.000000,-2.000000,0.000000,-0.000000,0.000000,-176600.937500,1743.032349,50.000000,-5.000000,0.000000,-0.000000,0.000000,-435758.093750,-822545.375000,1002208.562500,959.025024,178704.156250,-744143.375000,-565439.250000
ml,p5,217,2026-08-06,1729.114502,10.000000,2101.863281,50.000000,-1.000000,1.000000,-105093.164062,52.546581,-105093.164062,1766.009399,50.000000,-2.000000,0.000000,-0.000000,0.000000,-176600.937500,1729.182983,50.000000,-4.000000,1.000000,-86459.148438,43.229572,-345836.593750,-627530.687500,810656.250000,1054.801270,182070.765625,-744143.375000,-562072.625000
ml,p5,217,2026-08-07,1702.573364,10.000000,2101.863281,50.000000,-1.000000,0.000000,-0.000000,0.000000,-105093.164062,1766.009399,50.000000,-2.000000,0.000000,-0.000000,0.000000,-176600.937500,1725.942871,50.000000,-4.000000,0.000000,-0.000000,0.000000,-345188.562500,-626882.625000,810656.250000,1054.801270,182718.828125,-744143.375000,-561424.562500
ml,p5,217,2026-08-08,1690.663086,10.000000,2101.863281,50.000000,-1.000000,0.000000,-0.000000,0.000000,-105093.164062,1766.009399,50.000000,-2.000000,0.000000,-0.000000,0.000000,-176600.937500,1676.158813,50.000000,-4.000000,0.000000,-0.000000,0.000000,-335231.750000,-616925.875000,810656.250000,1054.801270,192675.578125,-744143.375000,-551467.812500
ml,p5,217,2026-08-09,1727.716675,10.000000,2101.863281,50.000000,-1.000000,0.000000,-0.000000,0.000000,-105093.164062,1766.009399,50.000000,-2.000000,0.000000,-0.000000,0.000000,-176600.937500,1692.730591,50.000000,-4.000000,0.000000,-0.000000,0.000000,-338546.125000,-620240.250000,810656.250000,1054.801270,189361.203125,-744143.375000,-554782.187500
ml,p5,217,2026-08-10,1738.567627,10.000000,2101.863281,50.000000,-1.000000,0.000000,-0.000000,0.000000,-105093.164062,1766.009399,50.000000,-2.000000,0.000000,-0.000000,0.000000,-176600.937500,1733.200806,50.000000,-4.000000,0.000000,-0.000000,0.000000,-346640.156250,-628334.250000,810656.250000,1054.801270,181267.203125,-744143.375000,-562876.187500
ml,p5,217,2026-08-11,1727.925903,10.000000,2101.863281,50.000000,-1.000000,0.000000,-0.000000,0.000000,-105093.164062,1766.009399,50.000000,-2.000000,0.000000,-0.000000,0.000000,-176600.937500,1734.406860,50.000000,-4.000000,0.000000,-0.000000,0.000000,-346881.375000,-628575.500000,810656.250000,1054.801270,181025.953125,-744143.375000,-563117.437500
ml,p5,217,2026-08-12,1723.861206,10.000000,2101.863281,50.000000,-1.000000,0.000000,-0.000000,0.000000,-105093.164062,1766.009399,50.000000,-2.000000,0.000000,-0.000000,0.000000,-176600.937500,1720.789917,50.000000,-4.000000,0.000000,-0.000000,0.000000,-344157.968750,-625852.062500,810656.250000,1054.801270,183749.390625,-744143.375000,-560394.000000
ml,p5,217,2026-08-13,1726.868408,10.000000,2101.863281,50.000000,-1.000000,0.000000,-0.000000,0.000000,-105093.164062,1766.009399,50.000000,-2.000000,0.000000,-0.000000,0.000000,-176600.937500,1720.936157,50.000000,-4.000000,0.000000,-0.000000,0.000000,-344187.218750,-625881.312500,810656.250000,1054.801270,183720.140625,-744143.375000,-560423.250000
ml,p5,217,2026-08-14,1723.019775,10.000000,2101.863281,50.000000,-1.000000,0.000000,-0.000000,0.000000,-105093.164062,1766.009399,50.000000,-2.000000,0.000000,-0.000000,0.000000,-176600.937500,1718.088989,50.000000,-4.000000,0.000000,-0.000000,0.000000,-343617.812500,-625311.875000,810656.250000,1054.801270,184289.578125,-744143.375000,-559853.812500
ml,p5,217,2026-08-15,1706.244263,10.000000,2101.863281,50.000000,-1.000000,0.000000,-0.000000,0.000000,-105093.164062,1766.009399,50.000000,-2.000000,0.000000,-0.000000,0.000000,-176600.937500,1721.039917,50.000000,-4.000000,0.000000,-0.000000,0.000000,-344207.968750,-625902.062500,810656.250000,1054.801270,183699.390625,-744143.375000,-560444.000000
ml,p5,217,2026-08-16,1701.907715,10.000000,2101.863281,50.000000,-1.000000,0.000000,-0.000000,0.000000,-105093.164062,1766.009399,50.000000,-2.000000,0.000000,-0.000000,0.000000,-176600.937500,1725.391479,50.000000,-4.000000,0.000000,-0.000000,0.000000,-345078.281250,-626772.375000,810656.250000,1054.801270,182829.078125,-744143.375000,-561314.312500
ml,p5,217,2026-08-17,1703.338257,10.000000,2101.863281,50.000000,-1.000000,0.000000,-0.000000,0.000000,-105093.164062,1766.009399,50.000000,-2.000000,0.000000,-0.000000,0.000000,-176600.937500,1721.471191,50.000000,-4.000000,0.000000,-0.000000,0.000000,-344294.250000,-625988.375000,810656.250000,1054.801270,183613.078125,-744143.375000,-560530.312500
ml,p5,217,2026-08-18,1714.838013,10.000000,2101.863281,50.000000,-1.000000,0.000000,-0.000000,0.000000,-105093.164062,1766.009399,50.000000,-1.000000,1.000000,-88300.468750,44.150234,-88300.468750,1722.309082,50.000000,-3.000000,1.000000,-86115.453125,43.057724,-258346.359375,-451740.000000,636240.312500,1142.009155,183358.296875,-744143.375000,-560785.062500
ml,p5,217,2026-08-19,1754.483276,10.000000,2101.863281,50.000000,-1.000000,0.000000,-0.000000,0.000000,-105093.164062,1766.009399,50.000000,-1.000000,0.000000,-0.000000,0.000000,-88300.468750,1771.674072,50.000000,-2.000000,1.000000,-88583.703125,44.291847,-177167.406250,-370561.031250,547656.625000,1186.301025,175909.296875,-744143.375000,-568234.062500
ml,p5,217,2026-08-20,1788.104980,10.000000,2101.863281,50.000000,-1.000000,0.000000,-0.000000,0.000000,-105093.164062,1766.009399,50.000000,-1.000000,0.000000,-0.000000,0.000000,-88300.468750,1796.389038,50.000000,-2.000000,0.000000,-0.000000,0.000000,-179638.906250,-373032.531250,547656.625000,1186.301025,173437.796875,-744143.375000,-570705.562500
ml,p5,217,2026-08-21,1780.085083,10.000000,2101.863281,50.000000,0.000000,1.000000,-105093.164062,52.546581,0.000000,1766.009399,50.000000,-1.000000,0.000000,-0.000000,0.000000,-88300.468750,1801.541992,50.000000,-2.000000,0.000000,-0.000000,0.000000,-180154.203125,-268454.687500,442563.468750,1238.847534,172869.937500,-744143.375000,-571273.437500
ml,p5,217,2026-08-22,1784.570923,10.000000,2101.863281,50.000000,0.000000,0.000000,-0.000000,0.000000,0.000000,1766.009399,50.000000,-1.000000,0.000000,-0.000000,0.000000,-88300.468750,1812.301392,50.000000,-2.000000,0.000000,-0.000000,0.000000,-181230.140625,-269530.625000,442563.468750,1238.847534,171794.000000,-744143.375000,-572349.375000
ml,p5,217,2026-08-23,1784.556274,10.000000,2101.863281,50.000000,0.000000,0.000000,-0.000000,0.000000,0.000000,1766.009399,50.000000,-1.000000,0.000000,-0.000000,0.000000,-88300.468750,1818.373291,50.000000,-2.000000,0.000000,-0.000000,0.000000,-181837.328125,-270137.812500,442563.468750,1238.847534,171186.812500,-744143.375000,-572956.562500
ml,p5,217,2026-08-24,1814.221558,10.000000,2101.863281,50.000000,0.000000,0.000000,-0.000000,0.000000,0.000000,1766.009399,50.000000,-1.000000,0.000000,-0.000000,0.000000,-88300.468750,1842.164551,50.000000,-2.000000,0.000000,-0.000000,0.000000,-184216.453125,-272516.937500,442563.468750,1238.847534,168807.687500,-744143.375000,-575335.687500
ml,p5,217,2026-08-25,1816.653198,10.000000,2101.863281,50.000000,0.000000,0.000000,-0.000000,0.000000,0.000000,1766.009399,50.000000,-1.000000,0.000000,-0.000000,0.000000,-88300.468750,1834.921753,50.000000,-2.000000,0.000000,-0.000000,0.000000,-183492.171875,-271792.625000,442563.468750,1238.847534,169532.000000,-744143.375000,-574611.375000
ml,p5,217,2026-08-26,1832.724365,10.000000,2101.863281,50.000000,0.000000,0.000000,-0.000000,0.000000,0.000000,1766.009399,50.000000,-1.000000,0.000000,-0.000000,0.000000,-88300.468750,1858.212280,50.000000,-2.000000,0.000000,-0.000000,0.000000,-185821.234375,-274121.687500,442563.468750,1238.847534,167202.937500,-744143.375000,-576940.437500
ml,p5,217,2026-08-27,1798.175537,10.000000,2101.863281,50.000000,0.000000,0.000000,-0.000000,0.000000,0.000000,1766.009399,50.000000,-1.000000,0.000000,-0.000000,0.000000,-88300.468750,1803.020630,50.000000,-2.000000,0.000000,-0.000000,0.000000,-180302.062500,-268602.531250,442563.468750,1238.847534,172722.093750,-744143.375000,-571421.250000
ml,p5,217,2026-08-28,1805.034302,10.000000,2101.863281,50.000000,0.000000,0.000000,-0.000000,0.000000,0.000000,1766.009399,50.000000,-1.000000,0.000000,-0.000000,0.000000,-88300.468750,1827.604248,50.000000,-2.000000,0.000000,-0.000000,0.000000,-182760.421875,-271060.875000,442563.468750,1238.847534,170263.750000,-744143.375000,-573879.625000
ml,p5,217,2026-08-29,1814.271729,10.000000,2101.863281,50.000000,0.000000,0.000000,-0.000000,0.000000,0.000000,1766.009399,50.000000,-1.000000,0.000000,-0.000000,0.000000,-88300.468750,1842.530518,50.000000,-2.000000,0.000000,-0.000000,0.000000,-184253.046875,-272553.500000,442563.468750,1238.847534,168771.125000,-744143.375000,-575372.250000
ml,p5,217,2026-08-30,1823.428711,10.000000,2101.863281,50.000000,0.000000,0.000000,-0.000000,0.000000,0.000000,1766.009399,50.000000,-1.000000,0.000000,-0.000000,0.000000,-88300.468750,1840.409180,50.000000,-2.000000,0.000000,-0.000000,0.000000,-184040.921875,-272341.375000,442563.468750,1238.847534,168983.250000,-744143.375000,-575160.125000
ml,p5,217,2026-08-31,1835.729614,10.000000,2101.863281,50.000000,0.000000,0.000000,-0.000000,0.000000,0.000000,1766.009399,50.000000,-1.000000,0.000000,-0.000000,0.000000,-88300.468750,1839.411743,50.000000,-2.000000,0.000000,-0.000000,0.000000,-183941.171875,-272241.625000,442563.468750,1238.847534,169083.000000,-744143.375000,-575060.375000
ml,p5,217,2026-09-01,1844.203125,10.000000,2101.863281,50.000000,0.000000,0.000000,-0.000000,0.000000,0.000000,1766.009399,50.000000,-1.000000,0.000000,-0.000000,0.000000,-88300.468750,1865.161865,50.000000,-2.000000,0.000000,-0.000000,0.000000,-186516.187500,-274816.656250,442563.468750,1238.847534,166507.968750,-744143.375000,-577635.375000
ml,p5,217,2026-09-02,1828.454956,10.000000,2101.863281,50.000000,0.000000,0.000000,-0.000000,0.000000,0.000000,1766.009399,50.000000,-1.000000,0.000000,-0.000000,0.000000,-88300.468750,1859.296021,50.000000,-2.000000,0.000000,-0.000000,0.000000,-185929.609375,-274230.062500,442563.468750,1238.847534,167094.562500,-744143.375000,-577048.812500
ml,p5,217,2026-09-03,1844.145996,10.000000,2101.863281,50.000000,0.000000,0.000000,-0.000000,0.000000,0.000000,1766.009399,50.000000,-1.000000,0.000000,-0.000000,0.000000,-88300.468750,1857.046021,50.000000,-2.000000,0.000000,-0.000000,0.000000,-185704.609375,-274005.062500,442563.468750,1238.847534,167319.562500,-744143.375000,-576823.812500
ml,p5,217,2026-09-04,1827.144165,10.000000,2101.863281,50.000000,0.000000,0.000000,-0.000000,0.000000,0.000000,1766.009399,50.000000,-1.000000,0.000000,-0.000000,0.000000,-88300.468750,1831.296387,50.000000,-2.000000,0.000000,-0.000000,0.000000,-183129.640625,-271430.125000,442563.468750,1238.847534,169894.500000,-744143.375000,-574248.875000
ml,p5,217,2026-09-05,1810.721313,10.000000,2101.863281,50.000000,0.000000,0.000000,-0.000000,0.000000,0.000000,1766.009399,50.000000,-1.000000,0.000000,-0.000000,0.000000,-88300.468750,1818.969482,50.000000,-2.000000,0.000000,-0.000000,0.000000,-181896.953125,-270197.437500,442563.468750,1238.847534,171127.187500,-744143.375000,-573016.187500
ml,p5,217,2026-09-06,1836.542969,10.000000,2101.863281,50.000000,0.000000,0.000000,-0.000000,0.000000,0.000000,1766.009399,50.000000,-1.000000,0.000000,-0.000000,0.000000,-88300.468750,1839.419556,50.000000,-2.000000,0.000000,-0.000000,0.000000,-183941.953125,-272242.437500,442563.468750,1238.847534,169082.187500,-744143.375000,-575061.187500
ml,p5,217,2026-09-07,1844.357056,10.000000,2101.863281,50.000000,0.000000,0.000000,-0.000000,0.000000,0.000000,1766.009399,50.000000,-1.000000,0.000000,-0.000000,0.000000,-88300.468750,1852.908936,50.000000,-2.000000,0.000000,-0.000000,0.000000,-185290.890625,-273591.375000,442563.468750,1238.847534,167733.250000,-744143.375000,-576410.125000
ml,p5,217,2026-09-08,1852.399536,10.000000,2101.863281,50.000000,0.000000,0.000000,-0.000000,0.000000,0.000000,1766.009399,50.000000,-1.000000,0.000000,-0.000000,0.000000,-88300.468750,1871.590210,50.000000,-2.000000,0.000000,-0.000000,0.000000,-187159.015625,-275459.500000,442563.468750,1238.847534,165865.125000,-744143.375000,-578278.250000
ml,p5,217,2026-09-09,1877.046021,10.000000,2101.863281,50.000000,0.000000,0.000000,-0.000000,0.000000,0.000000,1766.009399,50.000000,-1.000000,0.000000,-0.000000,0.000000,-88300.468750,1890.460327,50.000000,-2.000000,0.000000,-0.000000,0.000000,-189046.031250,-277346.500000,442563.468750,1238.847534,163978.125000,-744143.375000,-580165.250000
ml,p5,217,2026-09-10,1902.545776,10.000000,2101.863281,50.000000,0.000000,0.000000,-0.000000,0.000000,0.000000,1766.009399,50.000000,-1.000000,0.000000,-0.000000,0.000000,-88300.468750,1942.169312,50.000000,-2.000000,0.000000,-0.000000,0.000000,-194216.937500,-282517.406250,442563.468750,1238.847534,158807.218750,-744143.375000,-585336.125000
ml,p5,217,2026-09-11,1896.117310,10.000000,2101.863281,50.000000,0.000000,0.000000,-0.000000,0.000000,0.000000,1766.009399,50.000000,-1.000000,0.000000,-0.000000,0.000000,-88300.468750,1922.019531,50.000000,-2.000000,0.000000,-0.000000,0.000000,-192201.953125,-280502.437500,442563.468750,1238.847534,160822.187500,-744143.375000,-583321.187500
ml,p5,217,2026-09-12,1886.177856,10.000000,2101.863281,50.000000,0.000000,0.000000,-0.000000,0.000000,0.000000,1766.009399,50.000000,-1.000000,0.000000,-0.000000,0.000000,-88300.468750,1879.246826,50.000000,-2.000000,0.000000,-0.000000,0.000000,-187924.687500,-276225.156250,442563.468750,1238.847534,165099.468750,-744143.375000,-579043.875000
ml,p5,217,2026-09-13,1886.199585,10.000000,2101.863281,50.000000,0.000000,0.000000,-0.000000,0.000000,0.000000,1766.009399,50.000000,-1.000000,0.000000,-0.000000,0.000000,-88300.468750,1889.699341,50.000000,-2.000000,0.000000,-0.000000,0.000000,-188969.937500,-277270.406250,442563.468750,1238.847534,164054.218750,-744143.375000,-580089.125000
ml,p5,217,2026-09-14,1881.063843,10.000000,2101.863281,50.000000,0.000000,0.000000,-0.000000,0.000000,0.000000,1766.009399,50.000000,-1.000000,0.000000,-0.000000,0.000000,-88300.468750,1908.539062,50.000000,-2.000000,0.000000,-0.000000,0.000000,-190853.906250,-279154.375000,442563.468750,1238.847534,162170.250000,-744143.375000,-581973.125000
ml,p5,217,2026-09-15,1873.487183,10.000000,2101.863281,50.000000,0.000000,0.000000,-0.000000,0.000000,0.000000,1766.009399,50.000000,-1.000000,0.000000,-0.000000,0.000000,-88300.468750,1883.371460,50.000000,-2.000000,0.000000,-0.000000,0.000000,-188337.140625,-276637.625000,442563.468750,1238.847534,164687.000000,-744143.375000,-579456.375000
ml,p5,217,2026-09-16,1925.004517,10.000000,2101.863281,50.000000,0.000000,0.000000,-0.000000,0.000000,0.000000,1766.009399,50.000000,-1.000000,0.000000,-0.000000,0.000000,-88300.468750,1928.297485,50.000000,-2.000000,0.000000,-0.000000,0.000000,-192829.750000,-281130.218750,442563.468750,1238.847534,160194.406250,-744143.375000,-583949.000000
ml,p5,217,2026-09-17,1931.945435,10.000000,2101.863281,50.000000,0.000000,0.000000,-0.000000,0.000000,0.000000,1766.009399,50.000000,-1.000000,0.000000,-0.000000,0.000000,-88300.468750,1977.908569,50.000000,-2.000000,0.000000,-0.000000,0.000000,-197790.859375,-286091.312500,442563.468750,1238.847534,155233.312500,-744143.375000,-588910.062500
ml,p5,217,2026-09-18,1925.724243,10.000000,2101.863281,50.000000,0.000000,0.000000,-0.000000,0.000000,0.000000,1766.009399,50.000000,-1.000000,0.000000,-0.000000,0.000000,-88300.468750,1961.430298,50.000000,-2.000000,0.000000,-0.000000,0.000000,-196143.031250,-284443.500000,442563.468750,1238.847534,156881.125000,-744143.375000,-587262.250000
ml,p5,217,2026-09-19,1944.936646,10.000000,2101.863281,50.000000,0.000000,0.000000,-0.000000,0.000000,0.000000,1766.009399,50.000000,-1.000000,0.000000,-0.000000,0.000000,-88300.468750,1972.971802,50.000000,-2.000000,0.000000,-0.000000,0.000000,-197297.187500,-285597.656250,442563.468750,1238.847534,155726.968750,-744143.375000,-588416.375000
ml,p5,217,2026-09-20,1965.872803,10.000000,2101.863281,50.000000,0.000000,0.000000,-0.000000,0.000000,0.000000,1766.009399,50.000000,-1.000000,0.000000,-0.000000,0.000000,-88300.468750,1985.305786,50.000000,-2.000000,0.000000,-0.000000,0.000000,-198530.578125,-286831.062500,442563.468750,1238.847534,154493.562500,-744143.375000,-589649.812500
ml,p5,217,2026-09-21,1983.954468,10.000000,2101.863281,50.000000,0.000000,0.000000,-0.000000,0.000000,0.000000,1766.009399,50.000000,-1.000000,0.000000,-0.000000,0.000000,-88300.468750,2019.757812,50.000000,-2.000000,0.000000,-0.000000,0.000000,-201975.781250,-290276.250000,442563.468750,1238.847534,151048.375000,-744143.375000,-593095.000000
ml,p5,217,2026-09-22,2010.110596,10.000000,2101.863281,50.000000,0.000000,0.000000,-0.000000,0.000000,0.000000,1766.009399,50.000000,-1.000000,0.000000,-0.000000,0.000000,-88300.468750,2036.557861,50.000000,-2.000000,0.000000,-0.000000,0.000000,-203655.781250,-291956.250000,442563.468750,1238.847534,149368.375000,-744143.375000,-594775.000000
ml,p5,217,2026-09-23,2056.402100,10.000000,2101.863281,50.000000,0.000000,0.000000,-0.000000,0.000000,0.000000,1766.009399,50.000000,-1.000000,0.000000,-0.000000,0.000000,-88300.468750,2076.240967,50.000000,-2.000000,0.000000,-0.000000,0.000000,-207624.093750,-295924.562500,442563.468750,1238.847534,145400.062500,-744143.375000,-598743.312500
ml,p5,217,2026-09-24,2090.464600,10.000000,2101.863281,50.000000,0.000000,0.000000,-0.000000,0.000000,0.000000,1766.009399,50.000000,-1.000000,0.000000,-0.000000,0.000000,-88300.468750,2100.019775,50.000000,-2.000000,0.000000,-0.000000,0.000000,-210001.984375,-298302.437500,442563.468750,1238.847534,143022.187500,-744143.375000,-601121.187500
ml,p5,217,2026-09-25,2077.275635,10.000000,2101.863281,50.000000,0.000000,0.000000,-0.000000,0.000000,0.000000,1766.009399,50.000000,-1.000000,0.000000,-0.000000,0.000000,-88300.468750,2090.962402,50.000000,-2.000000,0.000000,-0.000000,0.000000,-209096.234375,-297396.687500,442563.468750,1238.847534,143927.937500,-744143.375000,-600215.437500
ml,p5,217,2026-09-26,2085.866455,10.000000,2101.863281,50.000000,0.000000,0.000000,-0.000000,0.000000,0.000000,1766.009399,50.000000,-1.000000,0.000000,-0.000000,0.000000,-88300.468750,2092.675537,50.000000,-2.000000,0.000000,-0.000000,0.000000,-209267.546875,-297568.000000,442563.468750,1238.847534,143756.625000,-744143.375000,-600386.750000
ml,p5,217,2026-09-27,2093.266602,10.000000,2101.863281,50.000000,0.000000,0.000000,-0.000000,0.000000,0.000000,1766.009399,50.000000,-1.000000,0.000000,-0.000000,0.000000,-88300.468750,2096.636230,50.000000,-2.000000,0.000000,-0.000000,0.000000,-209663.625000,-297964.093750,442563.468750,1238.847534,143360.531250,-744143.375000,-600782.875000
ml,p5,217,2026-09-28,2079.088135,10.000000,2101.863281,50.000000,0.000000,0.000000,-0.000000,0.000000,0.000000,1766.009399,50.000000,-1.000000,0.000000,-0.000000,0.000000,-88300.468750,2105.650391,50.000000,-2.000000,0.000000,-0.000000,0.000000,-210565.031250,-298865.500000,442563.468750,1238.847534,142459.125000,-744143.375000,-601684.250000
ml,p5,217,2026-09-29,2077.731201,10.000000,2101.863281,50.000000,0.000000,0.000000,-0.000000,0.000000,0.000000,1766.009399,50.000000,-1.000000,0.000000,-0.000000,0.000000,-88300.468750,2106.779297,50.000000,-2.000000,0.000000,-0.000000,0.000000,-210677.937500,-298978.406250,442563.468750,1238.847534,142346.218750,-744143.375000,-601797.125000
ml,p5,217,2026-09-30,2080.427979,10.000000,2101.863281,50.000000,0.000000,0.000000,-0.000000,0.000000,0.000000,1766.009399,50.000000,-1.000000,0.000000,-0.000000,0.000000,-88300.468750,2100.767822,50.000000,-2.000000,0.000000,-0.000000,0.000000,-210076.781250,-298377.250000,442563.468750,1238.847534,142947.375000,-744143.375000,-601196.000000
ml,p5,217,2026-10-01,2080.517090,10.000000,2101.863281,50.000000,0.000000,0.000000,-0.000000,0.000000,0.000000,1766.009399,50.000000,-1.000000,0.000000,-0.000000,0.000000,-88300.468750,2093.242920,50.000000,-2.000000,0.000000,-0.000000,0.000000,-209324.296875,-297624.750000,442563.468750,1238.847534,143699.875000,-744143.375000,-600443.500000
ml,p5,217,2026-10-02,2088.006836,10.000000,2101.863281,50.000000,0.000000,0.000000,-0.000000,0.000000,0.000000,1766.009399,50.000000,-1.000000,0.000000,-0.000000,0.000000,-88300.468750,2072.692139,50.000000,-2.000000,0.000000,-0.000000,0.000000,-207269.218750,-295569.687500,442563.468750,1238.847534,145754.937500,-744143.375000,-598388.437500
ml,p5,217,2026-10-03,2063.741943,10.000000,2101.863281,50.000000,0.000000,0.000000,-0.000000,0.000000,0.000000,1766.009399,50.000000,-1.000000,0.000000,-0.000000,0.000000,-88300.468750,2057.642334,50.000000,-2.000000,0.000000,-0.000000,0.000000,-205764.234375,-294064.687500,442563.468750,1238.847534,147259.937500,-744143.375000,-596883.437500
ml,p5,217,2026-10-04,2035.937134,10.000000,2101.863281,50.000000,0.000000,0.000000,-0.000000,0.000000,0.000000,1766.009399,50.000000,-1.000000,0.000000,-0.000000,0.000000,-88300.468750,2036.654175,50.000000,-2.000000,0.000000,-0.000000,0.000000,-203665.421875,-291965.875000,442563.468750,1238.847534,149358.750000,-744143.375000,-594784.625000
ml,p5,217,2026-10-05,2036.103027,10.000000,2101.863281,50.000000,0.000000,0.000000,-0.000000,0.000000,0.000000,1766.009399,50.000000,-1.000000,0.000000,-0.000000,0.000000,-88300.468750,2070.612793,50.000000,-2.000000,0.000000,-0.000000,0.000000,-207061.281250,-295361.750000,442563.468750,1238.847534,145962.875000,-744143.375000,-598180.500000
ml,p5,217,2026-10-06,2058.301270,10.000000,2101.863281,50.000000,0.000000,0.000000,-0.000000,0.000000,0.000000,1766.009399,50.000000,-1.000000,0.000000,-0.000000,0.000000,-88300.468750,2079.304688,50.000000,-2.000000,0.000000,-0.000000,0.000000,-207930.468750,-296230.937500,442563.468750,1238.847534,145093.687500,-744143.375000,-599049.687500
ml,p5,217,2026-10-07,2059.510986,10.000000,2101.863281,50.000000,0.000000,0.000000,-0.000000,0.000000,0.000000,1766.009399,50.000000,-1.000000,0.000000,-0.000000,0.000000,-88300.468750,2068.067139,50.000000,-2.000000,0.000000,-0.000000,0.000000,-206806.718750,-295107.187500,442563.468750,1238.847534,146217.437500,-744143.375000,-597925.937500
ml,p5,217,2026-10-08,2042.358398,10.000000,2101.863281,50.000000,0.000000,0.000000,-0.000000,0.000000,0.000000,1766.009399,50.000000,-1.000000,0.000000,-0.000000,0.000000,-88300.468750,2062.908447,50.000000,-2.000000,0.000000,-0.000000,0.000000,-206290.843750,-294591.312500,442563.468750,1238.847534,146733.312500,-744143.375000,-597410.062500
ml,p5,217,2026-10-09,2064.131592,10.000000,2101.863281,50.000000,0.000000,0.000000,-0.000000,0.000000,0.000000,1766.009399,50.000000,-1.000000,0.000000,-0.000000,0.000000,-88300.468750,2064.669678,50.000000,-2.000000,0.000000,-0.000000,0.000000,-206466.968750,-294767.437500,442563.468750,1238.847534,146557.187500,-744143.375000,-597586.187500
ml,p5,217,2026-10-10,2060.780029,10.000000,2101.863281,50.000000,0.000000,0.000000,-0.000000,0.000000,0.000000,1766.009399,50.000000,-1.000000,0.000000,-0.000000,0.000000,-88300.468750,2082.453369,50.000000,-2.000000,0.000000,-0.000000,0.000000,-208245.343750,-296545.812500,442563.468750,1238.847534,144778.812500,-744143.375000,-599364.562500
ml,p5,217,2026-10-11,2108.181641,10.000000,2101.863281,50.000000,0.000000,0.000000,-0.000000,0.000000,0.000000,1766.009399,50.000000,-1.000000,0.000000,-0.000000,0.000000,-88300.468750,2121.710449,50.000000,-2.000000,0.000000,-0.000000,0.000000,-212171.046875,-300471.500000,442563.468750,1238.847534,140853.125000,-744143.375000,-603290.250000
ml,p5,217,2026-10-12,2102.890625,10.000000,2101.863281,50.000000,0.000000,0.000000,-0.000000,0.000000,0.000000,1766.009399,50.000000,-1.000000,0.000000,-0.000000,0.000000,-88300.468750,2097.039551,50.000000,-2.000000,0.000000,-0.000000,0.000000,-209703.953125,-298004.437500,442563.468750,1238.847534,143320.187500,-744143.375000,-600823.187500
ml,p5,217,2026-10-13,2129.717285,10.000000,2101.863281,50.000000,0.000000,0.000000,-0.000000,0.000000,0.000000,1766.009399,50.000000,-1.000000,0.000000,-0.000000,0.000000,-88300.468750,2122.775635,50.000000,-2.000000,0.000000,-0.000000,0.000000,-212277.562500,-300578.031250,442563.468750,1238.847534,140746.593750,-744143.375000,-603396.750000
ml,p5,217,2026-10-14,2129.045166,10.000000,2101.863281,50.000000,0.000000,0.000000,-0.000000,0.000000,0.000000,1766.009399,50.000000,-1.000000,0.000000,-0.000000,0.000000,-88300.468750,2130.007080,50.000000,-2.000000,0.000000,-0.000000,0.000000,-213000.703125,-301301.187500,442563.468750,1238.847534,140023.437500,-744143.375000,-604119.937500
ml,p5,217,2026-10-15,2102.952881,10.000000,2101.863281,50.000000,0.000000,0.000000,-0.000000,0.000000,0.000000,1766.009399,50.000000,-1.000000,0.000000,-0.000000,0.000000,-88300.468750,2070.475342,50.000000,-2.000000,0.000000,-0.000000,0.000000,-207047.531250,-295348.000000,442563.468750,1238.847534,145976.625000,-744143.375000,-598166.750000
ml,p5,217,2026-10-16,2120.346191,10.000000,2101.863281,50.000000,0.000000,0.000000,-0.000000,0.000000,0.000000,1766.009399,50.000000,-1.000000,0.000000,-0.000000,0.000000,-88300.468750,2112.971680,50.000000,-2.000000,0.000000,-0.000000,0.000000,-211297.171875,-299597.625000,442563.468750,1238.847534,141727.000000,-744143.375000,-602416.375000
ml,p5,217,2026-10-17,2183.010986,10.000000,2101.863281,50.000000,0.000000,0.000000,-0.000000,0.000000,0.000000,1766.009399,50.000000,-1.000000,0.000000,-0.000000,0.000000,-88300.468750,2185.770020,50.000000,-2.000000,0.000000,-0.000000,0.000000,-218577.000000,-306877.468750,442563.468750,1238.847534,134447.156250,-744143.375000,-609696.250000
ml,p5,217,2026-10-18,2163.681396,10.000000,2101.863281,50.000000,0.000000,0.000000,-0.000000,0.000000,0.000000,1766.009399,50.000000,-1.000000,0.000000,-0.000000,0.000000,-88300.468750,2187.239746,50.000000,-2.000000,0.000000,-0.000000,0.000000,-218723.968750,-307024.437500,442563.468750,1238.847534,134300.187500,-744143.375000,-609843.187500
ml,p5,217,2026-10-19,2169.946777,10.000000,2101.863281,50.000000,0.000000,0.000000,-0.000000,0.000000,0.000000,1766.009399,50.000000,-1.000000,0.000000,-0.000000,0.000000,-88300.468750,2172.273682,50.000000,-2.000000,0.000000,-0.000000,0.000000,-217227.375000,-305527.843750,442563.468750,1238.847534,135796.781250,-744143.375000,-608346.625000
ml,p5,217,2026-10-20,2187.038818,10.000000,2101.863281,50.000000,0.000000,0.000000,-0.000000,0.000000,0.000000,1766.009399,50.000000,-1.000000,0.000000,-0.000000,0.000000,-88300.468750,2183.214355,50.000000,-2.000000,0.000000,-0.000000,0.000000,-218321.437500,-306621.906250,442563.468750,1238.847534,134702.718750,-744143.375000,-609440.625000
ml,p5,217,2026-10-21,2189.618408,10.000000,2101.863281,50.000000,0.000000,0.000000,-0.000000,0.000000,0.000000,1766.009399,50.000000,-1.000000,0.000000,-0.000000,0.000000,-88300.468750,2189.864746,50.000000,-2.000000,0.000000,-0.000000,0.000000,-218986.468750,-307286.937500,442563.468750,1238.847534,134037.687500,-744143.375000,-610105.687500
ml,p5,217,2026-10-22,2168.950684,10.000000,2101.863281,50.000000,0.000000,0.000000,-0.000000,0.000000,0.000000,1766.009399,50.000000,-1.000000,0.000000,-0.000000,0.000000,-88300.468750,2182.906738,50.000000,-2.000000,0.000000,-0.000000,0.000000,-218290.671875,-306591.125000,442563.468750,1238.847534,134733.500000,-744143.375000,-609409.875000
ml,p5,217,2026-10-23,2207.014893,10.000000,2101.863281,50.000000,0.000000,0.000000,-0.000000,0.000000,0.000000,1766.009399,50.000000,-1.000000,0.000000,-0.000000,0.000000,-88300.468750,2215.250244,50.000000,-2.000000,0.000000,-0.000000,0.000000,-221525.031250,-309825.500000,442563.468750,1238.847534,131499.125000,-744143.375000,-612644.250000
ml,p5,217,2026-10-24,2219.132568,10.000000,2101.863281,50.000000,0.000000,0.000000,-0.000000,0.000000,0.000000,1766.009399,50.000000,-1.000000,0.000000,-0.000000,0.000000,-88300.468750,2217.599609,50.000000,-2.000000,0.000000,-0.000000,0.000000,-221759.968750,-310060.437500,442563.468750,1238.847534,131264.187500,-744143.375000,-612879.187500
ml,p5,217,2026-10-25,2234.934082,10.000000,2101.863281,50.000000,0.000000,0.000000,-0.000000,0.000000,0.000000,1766.009399,50.000000,-1.000000,0.000000,-0.000000,0.000000,-88300.468750,2250.862305,50.000000,-2.000000,0.000000,-0.000000,0.000000,-225086.234375,-313386.687500,442563.468750,1238.847534,127937.937500,-744143.375000,-616205.437500
ml,p5,217,2026-10-26,2192.394287,10.000000,2101.863281,50.000000,0.000000,0.000000,-0.000000,0.000000,0.000000,1766.009399,50.000000,-1.000000,0.000000,-0.000000,0.000000,-88300.468750,2096.377197,50.000000,-2.000000,0.000000,-0.000000,0.000000,-209637.718750,-297938.187500,442563.468750,1238.847534,143386.437500,-744143.375000,-600756.937500
ml,p5,217,2026-10-27,2188.579590,10.000000,2101.863281,50.000000,0.000000,0.000000,-0.000000,0.000000,0.000000,1766.009399,50.000000,-1.000000,0.000000,-0.000000,0.000000,-88300.468750,2132.508301,50.000000,-2.000000,0.000000,-0.000000,0.000000,-213250.828125,-301551.312500,442563.468750,1238.847534,139773.312500,-744143.375000,-604370.062500
ml,p5,217,2026-10-28,2170.669189,10.000000,2101.863281,50.000000,0.000000,0.000000,-0.000000,0.000000,0.000000,1766.009399,50.000000,-1.000000,0.000000,-0.000000,0.000000,-88300.468750,2146.502686,50.000000,-2.000000,0.000000,-0.000000,0.000000,-214650.265625,-302950.750000,442563.468750,1238.847534,138373.875000,-744143.375000,-605769.500000
ml,p5,217,2026-10-29,2196.872070,10.000000,2101.863281,50.000000,0.000000,0.000000,-0.000000,0.000000,0.000000,1766.009399,50.000000,0.000000,1.000000,-88300.468750,44.150234,0.000000,2196.735840,50.000000,0.000000,2.000000,-219673.578125,109.836784,0.000000,0.000000,134589.406250,1392.834595,133196.578125,-744143.375000,-610946.812500
ml,p5,217,2026-10-30,2199.259766,10.000000,2101.863281,50.000000,0.000000,0.000000,-0.000000,0.000000,0.000000,1766.009399,50.000000,0.000000,0.000000,-0.000000,0.000000,0.000000,2196.735840,50.000000,0.000000,0.000000,-0.000000,0.000000,0.000000,0.000000,134589.406250,1392.834595,133196.578125,-744143.375000,-610946.812500
ml,p95,6129,2026-04-10,2055.000244,10.000000,2026.171509,50.000000,-1.000000,-1.000000,101308.578125,50.654285,-101308.578125,2047.068848,50.000000,-1.000000,-1.000000,102353.445312,51.176720,-102353.445312,2070.749756,50.000000,-1.000000,-1.000000,103537.484375,51.768742,-103537.484375,-307199.500000,307199.500000,153.599747,-153.599747,29559.361328,29405.761719
ml,p95,6129,2026-04-11,2073.617920,10.000000,2075.088135,50.000000,-1.000000,0.000000,-0.000000,0.000000,-103754.406250,2097.936768,50.000000,-1.000000,0.000000,-0.000000,0.000000,-104896.835938,2123.790039,50.000000,-1.000000,0.000000,-0.000000,0.000000,-106189.500000,-314840.750000,307199.500000,153.599747,-7794.849609,78684.281250,70889.429688
ml,p95,6129,2026-04-12,2064.602295,10.000000,2045.800781,50.000000,-1.000000,0.000000,-0.000000,0.000000,-102290.039062,2068.467285,50.000000,-1.000000,0.000000,-0.000000,0.000000,-103423.367188,2094.159180,50.000000,-1.000000,0.000000,-0.000000,0.000000,-104707.960938,-310421.375000,307199.500000,153.599747,-3375.474854,56147.519531,52772.042969
ml,p95,6129,2026-04-13,2056.406982,10.000000,2056.795898,50.000000,-2.000000,-1.000000,102839.796875,51.419899,-205679.593750,2080.391357,50.000000,-2.000000,-1.000000,104019.570312,52.009785,-208039.140625,2106.727539,50.000000,-2.000000,-1.000000,105336.375000,52.668186,-210672.750000,-624391.500000,619395.250000,309.697632,-5305.947754,38344.539062,33038.589844
ml,p95,6129,2026-04-14,2051.492432,10.000000,2042.515991,50.000000,-2.000000,0.000000,-0.000000,0.000000,-204251.593750,2069.538330,50.000000,-3.000000,-1.000000,103476.914062,51.738457,-310430.750000,2097.352051,50.000000,-3.000000,-1.000000,104867.601562,52.433800,-314602.812500,-829285.125000,827739.750000,413.869873,-1959.244873,25849.562500,23890.318359
ml,p95,6129,2026-04-15,2069.031006,10.000000,2064.551514,50.000000,-3.000000,-1.000000,103227.578125,51.613785,-309682.718750,2091.943115,50.000000,-4.000000,-1.000000,104597.156250,52.298576,-418388.625000,2120.352783,50.000000,-4.000000,-1.000000,106017.640625,53.008816,-424070.562500,-1152142.000000,1141582.125000,570.791016,-11130.666016,68630.867188,57500.203125
ml,p95,6129,2026-04-16,2073.733398,10.000000,2081.835449,50.000000,-3.000000,0.000000,-0.000000,0.000000,-312275.312500,2106.875000,50.000000,-4.000000,0.000000,-0.000000,0.000000,-421375.000000,2134.399902,50.000000,-4.000000,0.000000,-0.000000,0.000000,-426879.968750,-1160530.250000,1141582.125000,570.791016,-19518.916016,91087.718750,71568.804688
ml,p95,6129,2026-04-17,2074.571289,10.000000,2069.280762,50.000000,-3.000000,0.000000,-0.000000,0.000000,-310392.125000,2094.224121,50.000000,-4.000000,0.000000,-0.000000,0.000000,-418844.812500,2120.747070,50.000000,-4.000000,0.000000,-0.000000,0.000000,-424149.406250,-1153386.375000,1141582.125000,570.791016,-12375.041016,105619.367188,93244.328125
ml,p95,6129,2026-04-18,2071.786621,10.000000,2073.116211,50.000000,-3.000000,0.000000,-0.000000,0.000000,-310967.437500,2097.977539,50.000000,-4.000000,0.000000,-0.000000,0.000000,-419595.500000,2124.409424,50.000000,-4.000000,0.000000,-0.000000,0.000000,-424881.875000,-1155444.750000,1141582.125000,570.791016,-14433.416016,108083.609375,93650.195312
ml,p95,6129,2026-04-19,2066.255859,10.000000,2082.650879,50.000000,-3.000000,0.000000,-0.000000,0.000000,-312397.625000,2107.618408,50.000000,-4.000000,0.000000,-0.000000,0.000000,-421523.687500,2135.474365,50.000000,-4.000000,0.000000,-0.000000,0.000000,-427094.875000,-1161016.250000,1141582.125000,570.791016,-20004.916016,102187.476562,82182.562500
ml,p95,6129,2026-04-20,2103.363037,10.000000,2122.096191,50.000000,-3.000000,0.000000,-0.000000,0.000000,-318314.437500,2144.136475,50.000000,-4.000000,0.000000,-0.000000,0.000000,-428827.281250,2171.255615,50.000000,-4.000000,0.000000,-0.000000,0.000000,-434251.125000,-1181392.875000,1141582.125000,570.791016,-40381.539062,193057.093750,152675.562500
ml,p95,6129,2026-04-21,2102.545654,10.000000,2103.469971,50.000000,-3.000000,0.000000,-0.000000,0.000000,-315520.500000,2126.911377,50.000000,-4.000000,0.000000,-0.000000,0.000000,-425382.281250,2155.135498,50.000000,-4.000000,0.000000,-0.000000,0.000000,-431027.093750,-1171929.875000,1141582.125000,570.791016,-30918.541016,187240.750000,156322.203125
ml,p95,6129,2026-04-22,2100.282227,10.000000,2097.082764,50.000000,-3.000000,0.000000,-0.000000,0.000000,-314562.406250,2121.086426,50.000000,-4.000000,0.000000,-0.000000,0.000000,-424217.281250,2149.902588,50.000000,-4.000000,0.000000,-0.000000,0.000000,-429980.531250,-1168760.250000,1141582.125000,570.791016,-27748.916016,189181.953125,161433.031250
ml,p95,6129,2026-04-23,2110.991211,10.000000,2115.354736,50.000000,-3.000000,0.000000,-0.000000,0.000000,-317303.218750,2138.723389,50.000000,-4.000000,0.000000,-0.000000,0.000000,-427744.687500,2166.025146,50.000000,-4.000000,0.000000,-0.000000,0.000000,-433205.031250,-1178252.875000,1141582.125000,570.791016,-37241.539062,221791.187500,184549.656250
ml,p95,6129,2026-04-24,2112.142090,10.000000,2117.656494,50.000000,-3.000000,0.000000,-0.000000,0.000000,-317648.500000,2141.547852,50.000000,-4.000000,0.000000,-0.000000,0.000000,-428309.562500,2168.373535,50.000000,-4.000000,0.000000,-0.000000,0.000000,-433674.718750,-1179632.750000,1141582.125000,570.791016,-38621.414062,226637.375000,188015.968750
ml,p95,6129,2026-04-25,2161.250000,10.000000,2174.216309,50.000000,-3.000000,0.000000,-0.000000,0.000000,-326132.437500,2198.628662,50.000000,-4.000000,0.000000,-0.000000,0.000000,-439725.718750,2226.265381,50.000000,-4.000000,0.000000,-0.000000,0.000000,-445253.062500,-1211111.250000,1141582.125000,570.791016,-70099.914062,355609.593750,285509.687500
ml,p95,6129,2026-04-26,2162.035400,10.000000,2173.901367,50.000000,-3.000000,0.000000,-0.000000,0.000000,-326085.218750,2197.041992,50.000000,-4.000000,0.000000,-0.000000,0.000000,-439408.406250,2223.277100,50.000000,-4.000000,0.000000,-0.000000,0.000000,-444655.406250,-1210149.000000,1141582.125000,570.791016,-69137.664062,359378.843750,290241.187500
ml,p95,6129,2026-04-27,2163.338867,10.000000,2160.802490,50.000000,-3.000000,0.000000,-0.000000,0.000000,-324120.375000,2184.038330,50.000000,-4.000000,0.000000,-0.000000,0.000000,-436807.656250,2209.911865,50.000000,-4.000000,0.000000,-0.000000,0.000000,-441982.375000,-1202910.375000,1141582.125000,570.791016,-61899.039062,363728.656250,301829.625000
ml,p95,6129,2026-04-28,2145.962158,10.000000,2143.410400,50.000000,-3.000000,0.000000,-0.000000,0.000000,-321511.562500,2167.058350,50.000000,-4.000000,0.000000,-0.000000,0.000000,-433411.656250,2193.725342,50.000000,-4.000000,0.000000,-0.000000,0.000000,-438745.062500,-1193668.250000,1141582.125000,570.791016,-52656.914062,324206.281250,271549.375000
ml,p95,6129,2026-04-29,2147.139160,10.000000,2149.218262,50.000000,-2.000000,1.000000,-107460.914062,53.730453,-214921.828125,2174.616455,50.000000,-4.000000,0.000000,-0.000000,0.000000,-434923.281250,2201.773438,50.000000,-4.000000,0.000000,-0.000000,0.000000,-440354.687500,-1090199.750000,1034121.250000,624.521484,-56703.023438,330236.156250,273533.125000
ml,p95,6129,2026-04-30,2161.418945,10.000000,2149.218262,50.000000,-2.000000,0.000000,-0.000000,0.000000,-214921.828125,2190.578613,50.000000,-4.000000,0.000000,-0.000000,0.000000,-438115.718750,2216.119873,50.000000,-4.000000,0.000000,-0.000000,0.000000,-443223.968750,-1096261.500000,1034121.250000,624.521484,-62764.773438,358416.375000,295651.593750
ml,p95,6129,2026-05-01,2172.269043,10.000000,2149.218262,50.000000,-2.000000,0.000000,-0.000000,0.000000,-214921.828125,2199.889160,50.000000,-4.000000,0.000000,-0.000000,0.000000,-439977.843750,2225.887695,50.000000,-4.000000,0.000000,-0.000000,0.000000,-445177.531250,-1100077.250000,1034121.250000,624.521484,-66580.523438,386054.250000,319473.718750
ml,p95,6129,2026-05-02,2189.688477,10.000000,2149.218262,50.000000,-2.000000,0.000000,-0.000000,0.000000,-214921.828125,2215.446777,50.000000,-4.000000,0.000000,-0.000000,0.000000,-443089.343750,2241.213623,50.000000,-4.000000,0.000000,-0.000000,0.000000,-448242.718750,-1106253.875000,1034121.250000,624.521484,-72757.148438,421891.125000,349133.968750
ml,p95,6129,2026-05-03,2194.918457,10.000000,2149.218262,50.000000,-2.000000,0.000000,-0.000000,0.000000,-214921.828125,2209.848145,50.000000,-4.000000,0.000000,-0.000000,0.000000,-441969.625000,2235.069336,50.000000,-4.000000,0.000000,-0.000000,0.000000,-447013.875000,-1103905.250000,1034121.250000,624.521484,-70408.523438,434553.468750,364144.937500
ml,p95,6129,2026-05-04,2207.974854,10.000000,2149.218262,50.000000,-2.000000,0.000000,-0.000000,0.000000,-214921.828125,2226.343262,50.000000,-4.000000,0.000000,-0.000000,0.000000,-445268.656250,2251.178711,50.000000,-4.000000,0.000000,-0.000000,0.000000,-450235.750000,-1110426.250000,1034121.250000,624.521484,-76929.523438,466424.750000,389495.218750
ml,p95,6129,2026-05-05,2243.191406,10.000000,2149.218262,50.000000,-2.000000,0.000000,-0.000000,0.000000,-214921.828125,2285.640625,50.000000,-4.000000,0.000000,-0.000000,0.000000,-457128.125000,2312.466553,50.000000,-4.000000,0.000000,-0.000000,0.000000,-462493.312500,-1134543.250000,1034121.250000,624.521484,-101046.523438,557852.437500,456805.906250
ml,p95,6129,2026-05-06,2289.684570,10.000000,2149.218262,50.000000,-2.000000,0.000000,-0.000000,0.000000,-214921.828125,2324.590820,50.000000,-4.000000,0.000000,-0.000000,0.000000,-464918.156250,2351.674805,50.000000,-4.000000,0.000000,-0.000000,0.000000,-470334.968750,-1150175.000000,1034121.250000,624.521484,-116678.273438,672655.375000,555977.125000
ml,p95,6129,2026-05-07,2276.355469,10.000000,2149.218262,50.000000,-2.000000,0.000000,-0.000000,0.000000,-214921.828125,2290.309814,50.000000,-4.000000,0.000000,-0.000000,0.000000,-458061.968750,2315.747803,50.000000,-5.000000,-1.000000,115787.390625,57.893692,-578936.937500,-1251920.750000,1149908.625000,682.415161,-102694.539062,639872.625000,537178.062500
ml,p95,6129,2026-05-08,2258.780762,10.000000,2149.218262,50.000000,-2.000000,0.000000,-0.000000,0.000000,-214921.828125,2271.227539,50.000000,-4.000000,0.000000,-0.000000,0.000000,-454245.500000,2295.575928,50.000000,-5.000000,0.000000,-0.000000,0.000000,-573894.000000,-1243061.250000,1149908.625000,682.415161,-93835.039062,596498.062500,502663.031250
ml,p95,6129,2026-05-09,2263.109375,10.000000,2149.218262,50.000000,-2.000000,0.000000,-0.000000,0.000000,-214921.828125,2300.534668,50.000000,-4.000000,0.000000,-0.000000,0.000000,-460106.937500,2326.997070,50.000000,-5.000000,0.000000,-0.000000,0.000000,-581749.250000,-1256778.000000,1149908.625000,682.415161,-107551.789062,612159.625000,504607.843750
ml,p95,6129,2026-05-10,2271.870361,10.000000,2149.218262,50.000000,-2.000000,0.000000,-0.000000,0.000000,-214921.828125,2276.258057,50.000000,-4.000000,0.000000,-0.000000,0.000000,-455251.625000,2302.307617,50.000000,-5.000000,0.000000,-0.000000,0.000000,-575576.875000,-1245750.250000,1149908.625000,682.415161,-96524.039062,625531.125000,529007.062500
ml,p95,6129,2026-05-11,2269.276123,10.000000,2149.218262,50.000000,-2.000000,0.000000,-0.000000,0.000000,-214921.828125,2285.888184,50.000000,-4.000000,0.000000,-0.000000,0.000000,-457177.625000,2312.858154,50.000000,-5.000000,0.000000,-0.000000,0.000000,-578214.562500,-1250314.000000,1149908.625000,682.415161,-101087.789062,616294.875000,515207.093750
ml,p95,6129,2026-05-12,2284.470459,10.000000,2149.218262,50.000000,-2.000000,0.000000,-0.000000,0.000000,-214921.828125,2305.156738,50.000000,-4.000000,0.000000,-0.000000,0.000000,-461031.343750,2339.983643,50.000000,-5.000000,0.000000,-0.000000,0.000000,-584995.875000,-1260949.000000,1149908.625000,682.415161,-111722.789062,657701.875000,545979.062500
ml,p95,6129,2026-05-13,2295.195068,10.000000,2149.218262,50.000000,-2.000000,0.000000,-0.000000,0.000000,-214921.828125,2315.190674,50.000000,-4.000000,0.000000,-0.000000,0.000000,-463038.125000,2351.523193,50.000000,-5.000000,0.000000,-0.000000,0.000000,-587880.812500,-1265840.750000,1149908.625000,682.415161,-116614.539062,683884.375000,567269.812500
ml,p95,6129,2026-05-14,2280.517578,10.000000,2149.218262,50.000000,-2.000000,0.000000,-0.000000,0.000000,-214921.828125,2282.361572,50.000000,-4.000000,0.000000,-0.000000,0.000000,-456472.312500,2320.353760,50.000000,-5.000000,0.000000,-0.000000,0.000000,-580088.437500,-1251482.500000,1149908.625000,682.415161,-102256.289062,649164.187500,546907.875000
ml,p95,6129,2026-05-15,2308.836914,10.000000,2149.218262,50.000000,-2.000000,0.000000,-0.000000,0.000000,-214921.828125,2324.746826,50.000000,-4.000000,0.000000,-0.000000,0.000000,-464949.375000,2365.591553,50.000000,-5.000000,0.000000,-0.000000,0.000000,-591397.875000,-1271269.000000,1149908.625000,682.415161,-122042.789062,717805.375000,595762.562500
ml,p95,6129,2026-05-16,2318.333252,10.000000,2149.218262,50.000000,-2.000000,0.000000,-0.000000,0.000000,-214921.828125,2330.083008,50.000000,-4.000000,0.000000,-0.000000,0.000000,-466016.593750,2372.562744,50.000000,-5.000000,0.000000,-0.000000,0.000000,-593140.687500,-1274079.125000,1149908.625000,682.415161,-124852.914062,740358.187500,615505.250000
ml,p95,6129,2026-05-17,2316.608398,10.000000,2149.218262,50.000000,-2.000000,0.000000,-0.000000,0.000000,-214921.828125,2306.448730,50.000000,-4.000000,0.000000,-0.000000,0.000000,-461289.750000,2346.944824,50.000000,-5.000000,0.000000,-0.000000,0.000000,-586736.250000,-1262947.750000,1149908.625000,682.415161,-113721.539062,732232.187500,618510.625000
ml,p95,6129,2026-05-18,2316.044922,10.000000,2149.218262,50.000000,-2.000000,0.000000,-0.000000,0.000000,-214921.828125,2322.195068,50.000000,-4.000000,0.000000,-0.000000,0.000000,-464439.000000,2359.370850,50.000000,-5.000000,0.000000,-0.000000,0.000000,-589842.750000,-1269203.500000,1149908.625000,682.415161,-119977.289062,724799.625000,604822.312500
ml,p95,6129,2026-05-19,2292.108643,10.000000,2149.218262,50.000000,-2.000000,0.000000,-0.000000,0.000000,-214921.828125,2302.437256,50.000000,-4.000000,0.000000,-0.000000,0.000000,-460487.437500,2338.726318,50.000000,-5.000000,0.000000,-0.000000,0.000000,-584681.562500,-1260090.750000,1149908.625000,682.415161,-110864.539062,663008.062500,552143.500000
ml,p95,6129,2026-05-20,2275.591553,10.000000,2149.218262,50.000000,-2.000000,0.000000,-0.000000,0.000000,-214921.828125,2292.526611,50.000000,-4.000000,0.000000,-0.000000,0.000000,-458505.312500,2331.004639,50.000000,-5.000000,0.000000,-0.000000,0.000000,-582751.187500,-1256178.250000,1149908.625000,682.415161,-106952.039062,620267.125000,513315.093750
ml,p95,6129,2026-05-21,2296.277588,10.000000,2149.218262,50.000000,-2.000000,0.000000,-0.000000,0.000000,-214921.828125,2320.040283,50.000000,-4.000000,0.000000,-0.000000,0.000000,-464008.062500,2359.280273,50.000000,-5.000000,0.000000,-0.000000,0.000000,-589820.062500,-1268750.000000,1149908.625000,682.415161,-119523.789062,673901.625000,554377.812500
ml,p95,6129,2026-05-22,2288.199951,10.000000,2149.218262,50.000000,-2.000000,0.000000,-0.000000,0.000000,-214921.828125,2314.582520,50.000000,-4.000000,0.000000,-0.000000,0.000000,-462916.500000,2350.757324,50.000000,-5.000000,0.000000,-0.000000,0.000000,-587689.375000,-1265527.750000,1149908.625000,682.415161,-116301.539062,652649.187500,536347.625000
ml,p95,6129,2026-05-23,2263.797852,10.000000,2149.218262,50.000000,-2.000000,0.000000,-0.000000,0.000000,-214921.828125,2276.171875,50.000000,-4.000000,0.000000,-0.000000,0.000000,-455234.375000,2309.526367,50.000000,-5.000000,0.000000,-0.000000,0.000000,-577381.562500,-1247537.750000,1149908.625000,682.415161,-98311.539062,588250.375000,489938.843750
ml,p95,6129,2026-05-24,2284.638184,10.000000,2149.218262,50.000000,-2.000000,0.000000,-0.000000,0.000000,-214921.828125,2309.853760,50.000000,-4.000000,0.000000,-0.000000,0.000000,-461970.750000,2345.626709,50.000000,-5.000000,0.000000,-0.000000,0.000000,-586406.687500,-1263299.250000,1149908.625000,682.415161,-114073.039062,643910.687500,529837.625000
ml,p95,6129,2026-05-25,2278.503418,10.000000,2149.218262,50.000000,-2.000000,0.000000,-0.000000,0.000000,-214921.828125,2295.368408,50.000000,-4.000000,0.000000,-0.000000,0.000000,-459073.687500,2336.003662,50.000000,-5.000000,0.000000,-0.000000,0.000000,-584000.937500,-1257996.500000,1149908.625000,682.415161,-108770.289062,627015.875000,518245.593750
ml,p95,6129,2026-05-26,2256.536133,10.000000,2149.218262,50.000000,-2.000000,0.000000,-0.000000,0.000000,-214921.828125,2274.823730,50.000000,-4.000000,0.000000,-0.000000,0.000000,-454964.750000,2316.259766,50.000000,-5.000000,0.000000,-0.000000,0.000000,-579064.937500,-1248951.500000,1149908.625000,682.415161,-99725.289062,572128.000000,472402.718750
ml,p95,6129,2026-05-27,2255.411865,10.000000,2149.218262,50.000000,-2.000000,0.000000,-0.000000,0.000000,-214921.828125,2273.411377,50.000000,-4.000000,0.000000,-0.000000,0.000000,-454682.281250,2312.981201,50.000000,-5.000000,0.000000,-0.000000,0.000000,-578245.312500,-1247849.500000,1149908.625000,682.415161,-98623.289062,570626.687500,472003.406250
ml,p95,6129,2026-05-28,2264.108643,10.000000,2149.218262,50.000000,-2.000000,0.000000,-0.000000,0.000000,-214921.828125,2289.958008,50.000000,-4.000000,0.000000,-0.000000,0.000000,-457991.593750,2330.031738,50.000000,-5.000000,0.000000,-0.000000,0.000000,-582507.937500,-1255421.375000,1149908.625000,682.415161,-106195.164062,589445.187500,483250.031250
ml,p95,6129,2026-05-29,2280.026123,10.000000,2149.218262,50.000000,-2.000000,0.000000,-0.000000,0.000000,-214921.828125,2299.452393,50.000000,-4.000000,0.000000,-0.000000,0.000000,-459890.468750,2336.677734,50.000000,-5.000000,0.000000,-0.000000,0.000000,-584169.437500,-1258981.750000,1149908.625000,682.415161,-109755.539062,622179.312500,512423.781250
ml,p95,6129,2026-05-30,2288.227539,10.000000,2149.218262,50.000000,-2.000000,0.000000,-0.000000,0.000000,-214921.828125,2313.416504,50.000000,-4.000000,0.000000,-0.000000,0.000000,-462683.312500,2347.777832,50.000000,-5.000000,0.000000,-0.000000,0.000000,-586944.437500,-1264549.500000,1149908.625000,682.415161,-115323.289062,644311.812500,528988.500000
ml,p95,6129,2026-05-31,2292.139160,10.000000,2149.218262,50.000000,-2.000000,0.000000,-0.000000,0.000000,-214921.828125,2305.619141,50.000000,-4.000000,0.000000,-0.000000,0.000000,-461123.812500,2338.209717,50.000000,-5.000000,0.000000,-0.000000,0.000000,-584552.437500,-1260598.000000,1149908.625000,682.415161,-111371.789062,650739.375000,539367.562500
ml,p95,6129,2026-06-01,2309.290771,10.000000,2149.218262,50.000000,-2.000000,0.000000,-0.000000,0.000000,-214921.828125,2318.741699,50.000000,-4.000000,0.000000,-0.000000,0.000000,-463748.343750,2353.171631,50.000000,-5.000000,0.000000,-0.000000,0.000000,-588292.937500,-1266963.125000,1149908.625000,682.415161,-117736.914062,690693.125000,572956.187500
ml,p95,6129,2026-06-02,2350.875732,10.000000,2149.218262,50.000000,-2.000000,0.000000,-0.000000,0.000000,-214921.828125,2368.301270,50.000000,-4.000000,0.000000,-0.000000,0.000000,-473660.250000,2406.221924,50.000000,-5.000000,0.000000,-0.000000,0.000000,-601555.500000,-1290137.500000,1149908.625000,682.415161,-140911.296875,793821.187500,652909.875000
ml,p95,6129,2026-06-03,2335.073975,10.000000,2149.218262,50.000000,-2.000000,0.000000,-0.000000,0.000000,-214921.828125,2351.990967,50.000000,-4.000000,0.000000,-0.000000,0.000000,-470398.187500,2390.696289,50.000000,-5.000000,0.000000,-0.000000,0.000000,-597674.062500,-1282994.000000,1149908.625000,682.415161,-133767.796875,752363.062500,618595.250000
ml,p95,6129,2026-06-04,2307.116943,10.000000,2149.218262,50.000000,-2.000000,0.000000,-0.000000,0.000000,-214921.828125,2315.503174,50.000000,-4.000000,0.000000,-0.000000,0.000000,-463100.625000,2353.687744,50.000000,-5.000000,0.000000,-0.000000,0.000000,-588421.937500,-1266444.375000,1149908.625000,682.415161,-117218.164062,685546.187500,568328.000000
ml,p95,6129,2026-06-05,2311.486328,10.000000,2149.218262,50.000000,-2.000000,0.000000,-0.000000,0.000000,-214921.828125,2333.793213,50.000000,-4.000000,0.000000,-0.000000,0.000000,-466758.656250,2376.978760,50.000000,-5.000000,0.000000,-0.000000,0.000000,-594244.687500,-1275925.250000,1149908.625000,682.415161,-126699.039062,697170.687500,570471.625000
ml,p95,6129,2026-06-06,2308.679688,10.000000,2149.218262,50.000000,-2.000000,0.000000,-0.000000,0.000000,-214921.828125,2315.998291,50.000000,-4.000000,0.000000,-0.000000,0.000000,-463199.656250,2357.250244,50.000000,-5.000000,0.000000,-0.000000,0.000000,-589312.562500,-1267434.000000,1149908.625000,682.415161,-118207.789062,690103.812500,571896.000000
ml,p95,6129,2026-06-07,2305.683838,10.000000,2149.218262,50.000000,-2.000000,0.000000,-0.000000,0.000000,-214921.828125,2312.585449,50.000000,-4.000000,0.000000,-0.000000,0.000000,-462517.093750,2351.236084,50.000000,-5.000000,0.000000,-0.000000,0.000000,-587809.062500,-1265248.000000,1149908.625000,682.415161,-116021.789062,678217.125000,562195.312500
ml,p95,6129,2026-06-08,2322.039551,10.000000,2149.218262,50.000000,-2.000000,0.000000,-0.000000,0.000000,-214921.828125,2334.531006,50.000000,-4.000000,0.000000,-0.000000,0.000000,-466906.187500,2376.562256,50.000000,-5.000000,0.000000,-0.000000,0.000000,-594140.562500,-1275968.500000,1149908.625000,682.415161,-126742.289062,719165.812500,592423.500000
ml,p95,6129,2026-06-09,2335.648438,10.000000,2149.218262,50.000000,-2.000000,0.000000,-0.000000,0.000000,-214921.828125,2356.806885,50.000000,-4.000000,0.000000,-0.000000,0.000000,-471361.375000,2398.567139,50.000000,-5.000000,0.000000,-0.000000,0.000000,-599641.812500,-1285925.000000,1149908.625000,682.415161,-136698.796875,754340.125000,617641.312500
ml,p95,6129,2026-06-10,2334.660889,10.000000,2149.218262,50.000000,-2.000000,0.000000,-0.000000,0.000000,-214921.828125,2368.365479,50.000000,-4.000000,0.000000,-0.000000,0.000000,-473673.093750,2410.589600,50.000000,-5.000000,0.000000,-0.000000,0.000000,-602647.437500,-1291242.375000,1149908.625000,682.415161,-142016.171875,749124.750000,607108.562500
ml,p95,6129,2026-06-11,2326.645996,10.000000,2149.218262,50.000000,-2.000000,0.000000,-0.000000,0.000000,-214921.828125,2341.000244,50.000000,-4.000000,0.000000,-0.000000,0.000000,-468200.062500,2379.199707,50.000000,-5.000000,0.000000,-0.000000,0.000000,-594799.875000,-1277921.750000,1149908.625000,682.415161,-128695.539062,728677.750000,599982.187500
ml,p95,6129,2026-06-12,2351.229004,10.000000,2149.218262,50.000000,-2.000000,0.000000,-0.000000,0.000000,-214921.828125,2380.566895,50.000000,-4.000000,0.000000,-0.000000,0.000000,-476113.375000,2417.630615,50.000000,-5.000000,0.000000,-0.000000,0.000000,-604407.687500,-1295442.875000,1149908.625000,682.415161,-146216.671875,787467.625000,641250.937500
ml,p95,6129,2026-06-13,2374.804199,10.000000,2149.218262,50.000000,-2.000000,0.000000,-0.000000,0.000000,-214921.828125,2376.450684,50.000000,-4.000000,0.000000,-0.000000,0.000000,-475290.125000,2411.075195,50.000000,-5.000000,0.000000,-0.000000,0.000000,-602768.812500,-1292980.750000,1149908.625000,682.415161,-143754.546875,842495.125000,698740.562500
ml,p95,6129,2026-06-14,2354.661133,10.000000,2149.218262,50.000000,-2.000000,0.000000,-0.000000,0.000000,-214921.828125,2369.620605,50.000000,-4.000000,0.000000,-0.000000,0.000000,-473924.125000,2400.409424,50.000000,-5.000000,0.000000,-0.000000,0.000000,-600102.375000,-1288948.250000,1149908.625000,682.415161,-139722.046875,794131.687500,654409.625000
ml,p95,6129,2026-06-15,2345.274170,10.000000,2149.218262,50.000000,-2.000000,0.000000,-0.000000,0.000000,-214921.828125,2352.957275,50.000000,-4.000000,0.000000,-0.000000,0.000000,-470591.468750,2382.628418,50.000000,-5.000000,0.000000,-0.000000,0.000000,-595657.125000,-1281170.500000,1149908.625000,682.415161,-131944.296875,769587.000000,637642.687500
ml,p95,6129,2026-06-16,2352.451172,10.000000,2149.218262,50.000000,-2.000000,0.000000,-0.000000,0.000000,-214921.828125,2357.156006,50.000000,-4.000000,0.000000,-0.000000,0.000000,-471431.187500,2393.590576,50.000000,-5.000000,0.000000,-0.000000,0.000000,-598397.625000,-1284750.625000,1149908.625000,682.415161,-135524.421875,786960.937500,651436.500000
ml,p95,6129,2026-06-17,2350.149658,10.000000,2149.218262,50.000000,-2.000000,0.000000,-0.000000,0.000000,-214921.828125,2363.923584,50.000000,-4.000000,0.000000,-0.000000,0.000000,-472784.718750,2400.277100,50.000000,-5.000000,0.000000,-0.000000,0.000000,-600069.312500,-1287775.875000,1149908.625000,682.415161,-138549.671875,779626.562500,641076.875000
ml,p95,6129,2026-06-18,2359.004639,10.000000,2149.218262,50.000000,-2.000000,0.000000,-0.000000,0.000000,-214921.828125,2369.817627,50.000000,-4.000000,0.000000,-0.000000,0.000000,-473963.531250,2405.972168,50.000000,-5.000000,0.000000,-0.000000,0.000000,-601493.062500,-1290378.500000,1149908.625000,682.415161,-141152.296875,799960.375000,658808.062500
ml,p95,6129,2026-06-19,2359.062012,10.000000,2149.218262,50.000000,-2.000000,0.000000,-0.000000,0.000000,-214921.828125,2370.066650,50.000000,-4.000000,0.000000,-0.000000,0.000000,-474013.343750,2404.001953,50.000000,-5.000000,0.000000,-0.000000,0.000000,-601000.500000,-1289935.750000,1149908.625000,682.415161,-140709.546875,798630.812500,657921.250000
ml,p95,6129,2026-06-20,2382.253418,10.000000,2149.218262,50.000000,-2.000000,0.000000,-0.000000,0.000000,-214921.828125,2382.098145,50.000000,-4.000000,0.000000,-0.000000,0.000000,-476419.625000,2418.236816,50.000000,-5.000000,0.000000,-0.000000,0.000000,-604559.187500,-1295900.625000,1149908.625000,682.415161,-146674.421875,856544.500000,709870.062500
ml,p95,6129,2026-06-21,2408.048584,10.000000,2149.218262,50.000000,-2.000000,0.000000,-0.000000,0.000000,-214921.828125,2400.136963,50.000000,-4.000000,0.000000,-0.000000,0.000000,-480027.406250,2437.774902,50.000000,-5.000000,0.000000,-0.000000,0.000000,-609443.750000,-1304393.000000,1149908.625000,682.415161,-155166.796875,920670.250000,765503.437500
ml,p95,6129,2026-06-22,2415.340576,10.000000,2149.218262,50.000000,-2.000000,0.000000,-0.000000,0.000000,-214921.828125,2413.587646,50.000000,-4.000000,0.000000,-0.000000,0.000000,-482717.531250,2449.108154,50.000000,-5.000000,0.000000,-0.000000,0.000000,-612277.062500,-1309916.500000,1149908.625000,682.415161,-160690.296875,938903.000000,778212.687500
ml,p95,6129,2026-06-23,2399.282715,10.000000,2149.218262,50.000000,-2.000000,0.000000,-0.000000,0.000000,-214921.828125,2402.269531,50.000000,-4.000000,0.000000,-0.000000,0.000000,-480453.906250,2437.235840,50.000000,-5.000000,0.000000,-0.000000,0.000000,-609309.000000,-1304684.750000,1149908.625000,682.415161,-155458.546875,897680.000000,742221.437500
ml,p95,6129,2026-06-24,2416.652832,10.000000,2149.218262,50.000000,-2.000000,0.000000,-0.000000,0.000000,-214921.828125,2425.469727,50.000000,-4.000000,0.000000,-0.000000,0.000000,-485093.937500,2462.429199,50.000000,-5.000000,0.000000,-0.000000,0.000000,-615607.312500,-1315623.000000,1149908.625000,682.415161,-166396.796875,939072.062500,772675.250000
ml,p95,6129,2026-06-25,2411.844238,10.000000,2149.218262,50.000000,-2.000000,0.000000,-0.000000,0.000000,-214921.828125,2434.831055,50.000000,-4.000000,0.000000,-0.000000,0.000000,-486966.218750,2472.542236,50.000000,-5.000000,0.000000,-0.000000,0.000000,-618135.562500,-1320023.625000,1149908.625000,682.415161,-170797.421875,927653.250000,756855.812500
ml,p95,6129,2026-06-26,2397.202637,10.000000,2149.218262,50.000000,-2.000000,0.000000,-0.000000,0.000000,-214921.828125,2405.559326,50.000000,-4.000000,0.000000,-0.000000,0.000000,-481111.875000,2439.725098,50.000000,-5.000000,0.000000,-0.000000,0.000000,-609931.250000,-1305965.000000,1149908.625000,682.415161,-156738.796875,889543.187500,732804.375000
ml,p95,6129,2026-06-27,2400.448730,10.000000,2149.218262,50.000000,-2.000000,0.000000,-0.000000,0.000000,-214921.828125,2410.083740,50.000000,-4.000000,0.000000,-0.000000,0.000000,-482016.750000,2443.856445,50.000000,-5.000000,0.000000,-0.000000,0.000000,-610964.125000,-1307902.750000,1149908.625000,682.415161,-158676.546875,897062.750000,738386.187500
ml,p95,6129,2026-06-28,2355.386475,10.000000,2149.218262,50.000000,-2.000000,0.000000,-0.000000,0.000000,-214921.828125,2339.122559,50.000000,-4.000000,0.000000,-0.000000,0.000000,-467824.500000,2374.523682,50.000000,-5.000000,0.000000,-0.000000,0.000000,-593630.937500,-1276377.250000,1149908.625000,682.415161,-127151.039062,782893.937500,655742.875000
ml,p95,6129,2026-06-29,2367.527344,10.000000,2149.218262,50.000000,-2.000000,0.000000,-0.000000,0.000000,-214921.828125,2375.575684,50.000000,-4.000000,0.000000,-0.000000,0.000000,-475115.125000,2410.051270,50.000000,-5.000000,0.000000,-0.000000,0.000000,-602512.812500,-1292549.750000,1149908.625000,682.415161,-143323.546875,813879.687500,670556.125000
ml,p95,6129,2026-06-30,2308.352539,10.000000,2149.218262,50.000000,-2.000000,0.000000,-0.000000,0.000000,-214921.828125,2301.883057,50.000000,-4.000000,0.000000,-0.000000,0.000000,-460376.625000,2334.476074,50.000000,-5.000000,0.000000,-0.000000,0.000000,-583619.062500,-1258917.500000,1149908.625000,682.415161,-109691.289062,665634.562500,555943.250000
ml,p95,6129,2026-07-01,2316.006348,10.000000,2149.218262,50.000000,-2.000000,0.000000,-0.000000,0.000000,-214921.828125,2358.687744,50.000000,-4.000000,0.000000,-0.000000,0.000000,-471737.562500,2391.807617,50.000000,-5.000000,0.000000,-0.000000,0.000000,-597951.875000,-1284611.250000,1149908.625000,682.415161,-135385.046875,684824.500000,549439.437500
ml,p95,6129,2026-07-02,2406.967285,10.000000,2149.218262,50.000000,-2.000000,0.000000,-0.000000,0.000000,-214921.828125,2469.628662,50.000000,-4.000000,0.000000,-0.000000,0.000000,-493925.718750,2505.840332,50.000000,-5.000000,0.000000,-0.000000,0.000000,-626460.062500,-1335307.625000,1149908.625000,682.415161,-186081.421875,900807.750000,714726.312500
ml,p95,6129,2026-07-03,2415.345215,10.000000,2149.218262,50.000000,-2.000000,0.000000,-0.000000,0.000000,-214921.828125,2455.522217,50.000000,-4.000000,0.000000,-0.000000,0.000000,-491104.437500,2491.363770,50.000000,-5.000000,0.000000,-0.000000,0.000000,-622840.937500,-1328867.250000,1149908.625000,682.415161,-179641.046875,918762.812500,739121.750000
ml,p95,6129,2026-07-04,2439.749512,10.000000,2149.218262,50.000000,-2.000000,0.000000,-0.000000,0.000000,-214921.828125,2471.627930,50.000000,-4.000000,0.000000,-0.000000,0.000000,-494325.593750,2503.957764,50.000000,-5.000000,0.000000,-0.000000,0.000000,-625989.437500,-1335236.875000,1149908.625000,682.415161,-186010.671875,972261.375000,786250.687500
ml,p95,6129,2026-07-05,2427.475586,10.000000,2149.218262,50.000000,-2.000000,0.000000,-0.000000,0.000000,-214921.828125,2444.538574,50.000000,-4.000000,0.000000,-0.000000,0.000000,-488907.718750,2474.868896,50.000000,-5.000000,0.000000,-0.000000,0.000000,-618717.250000,-1322546.750000,1149908.625000,682.415161,-173320.546875,945412.875000,772092.312500
ml,p95,6129,2026-07-06,2427.552002,10.000000,2149.218262,50.000000,-2.000000,0.000000,-0.000000,0.000000,-214921.828125,2448.277100,50.000000,-4.000000,0.000000,-0.000000,0.000000,-489655.406250,2475.774658,50.000000,-5.000000,0.000000,-0.000000,0.000000,-618943.625000,-1323520.875000,1149908.625000,682.415161,-174294.671875,945734.375000,771439.687500
ml,p95,6129,2026-07-07,2472.598633,10.000000,2149.218262,50.000000,-2.000000,0.000000,-0.000000,0.000000,-214921.828125,2486.019287,50.000000,-4.000000,0.000000,-0.000000,0.000000,-497203.843750,2512.483887,50.000000,-5.000000,0.000000,-0.000000,0.000000,-628121.000000,-1340246.750000,1149908.625000,682.415161,-191020.546875,1037276.875000,846256.312500
ml,p95,6129,2026-07-08,2487.756592,10.000000,2149.218262,50.000000,-2.000000,0.000000,-0.000000,0.000000,-214921.828125,2508.463867,50.000000,-4.000000,0.000000,-0.000000,0.000000,-501692.781250,2536.274170,50.000000,-5.000000,0.000000,-0.000000,0.000000,-634068.562500,-1350683.250000,1149908.625000,682.415161,-201457.046875,1066611.000000,865153.937500
ml,p95,6129,2026-07-09,2526.932861,10.000000,2149.218262,50.000000,-2.000000,0.000000,-0.000000,0.000000,-214921.828125,2544.291748,50.000000,-4.000000,0.000000,-0.000000,0.000000,-508858.343750,2574.360840,50.000000,-5.000000,0.000000,-0.000000,0.000000,-643590.250000,-1367370.500000,1149908.625000,682.415161,-218144.296875,1138267.250000,920122.937500
ml,p95,6129,2026-07-10,2510.025635,10.000000,2149.218262,50.000000,-2.000000,0.000000,-0.000000,0.000000,-214921.828125,2511.750977,50.000000,-4.000000,0.000000,-0.000000,0.000000,-502350.187500,2541.232910,50.000000,-5.000000,0.000000,-0.000000,0.000000,-635308.187500,-1352580.250000,1149908.625000,682.415161,-203354.046875,1108752.625000,905398.562500
ml,p95,6129,2026-07-11,2563.734619,10.000000,2149.218262,50.000000,-2.000000,0.000000,-0.000000,0.000000,-214921.828125,2572.135254,50.000000,-4.000000,0.000000,-0.000000,0.000000,-514427.062500,2603.123779,50.000000,-5.000000,0.000000,-0.000000,0.000000,-650780.937500,-1380129.750000,1149908.625000,682.415161,-230903.546875,1195681.125000,964777.562500
ml,p95,6129,2026-07-12,2529.010010,10.000000,2149.218262,50.000000,-2.000000,0.000000,-0.000000,0.000000,-214921.828125,2526.989258,50.000000,-4.000000,0.000000,-0.000000,0.000000,-505397.843750,2554.815674,50.000000,-5.000000,0.000000,-0.000000,0.000000,-638703.875000,-1359023.500000,1149908.625000,682.415161,-209797.296875,1138783.750000,928986.437500
ml,p95,6129,2026-07-13,2551.005859,10.000000,2149.218262,50.000000,-2.000000,0.000000,-0.000000,0.000000,-214921.828125,2553.277100,50.000000,-4.000000,0.000000,-0.000000,0.000000,-510655.406250,2581.250488,50.000000,-5.000000,0.000000,-0.000000,0.000000,-645312.625000,-1370889.875000,1149908.625000,682.415161,-221663.671875,1174111.125000,952447.437500
ml,p95,6129,2026-07-14,2547.070312,10.000000,2149.218262,50.000000,-2.000000,0.000000,-0.000000,0.000000,-214921.828125,2555.697021,50.000000,-4.000000,0.000000,-0.000000,0.000000,-511139.406250,2584.910156,50.000000,-5.000000,0.000000,-0.000000,0.000000,-646227.562500,-1372288.750000,1149908.625000,682.415161,-223062.546875,1168161.375000,945098.812500
ml,p95,6129,2026-07-15,2580.868408,10.000000,2149.218262,50.000000,-2.000000,0.000000,-0.000000,0.000000,-214921.828125,2594.064941,50.000000,-4.000000,0.000000,-0.000000,0.000000,-518813.000000,2622.880371,50.000000,-5.000000,0.000000,-0.000000,0.000000,-655720.125000,-1389455.000000,1149908.625000,682.415161,-240228.796875,1215259.500000,975030.687500
ml,p95,6129,2026-07-16,2526.716309,10.000000,2149.218262,50.000000,-2.000000,0.000000,-0.000000,0.000000,-214921.828125,2539.148193,50.000000,-4.000000,0.000000,-0.000000,0.000000,-507829.625000,2565.239746,50.000000,-5.000000,0.000000,-0.000000,0.000000,-641309.937500,-1364061.375000,1149908.625000,682.415161,-214835.171875,1144204.750000,929369.562500
ml,p95,6129,2026-07-17,2558.584473,10.000000,2149.218262,50.000000,-2.000000,0.000000,-0.000000,0.000000,-214921.828125,2553.653564,50.000000,-4.000000,0.000000,-0.000000,0.000000,-510730.718750,2580.143799,50.000000,-5.000000,0.000000,-0.000000,0.000000,-645035.937500,-1370688.500000,1149908.625000,682.415161,-221462.296875,1181861.375000,960399.062500
ml,p95,6129,2026-07-18,2564.854492,10.000000,2149.218262,50.000000,-2.000000,0.000000,-0.000000,0.000000,-214921.828125,2572.919678,50.000000,-4.000000,0.000000,-0.000000,0.000000,-514583.937500,2598.838867,50.000000,-5.000000,0.000000,-0.000000,0.000000,-649709.687500,-1379215.500000,1149908.625000,682.415161,-229989.296875,1188716.375000,958727.062500
ml,p95,6129,2026-07-19,2552.919922,10.000000,2149.218262,50.000000,-2.000000,0.000000,-0.000000,0.000000,-214921.828125,2559.267822,50.000000,-4.000000,0.000000,-0.000000,0.000000,-511853.562500,2586.783691,50.000000,-5.000000,0.000000,-0.000000,0.000000,-646695.875000,-1373471.250000,1149908.625000,682.415161,-224245.046875,1175618.125000,951373.062500
ml,p95,6129,2026-07-20,2537.795898,10.000000,2149.218262,50.000000,-2.000000,0.000000,-0.000000,0.000000,-214921.828125,2532.637939,50.000000,-4.000000,0.000000,-0.000000,0.000000,-506527.593750,2561.007080,50.000000,-5.000000,0.000000,-0.000000,0.000000,-640251.750000,-1361701.250000,1149908.625000,682.415161,-212475.046875,1159053.375000,946578.312500
ml,p95,6129,2026-07-21,2511.221680,10.000000,2149.218262,50.000000,-2.000000,0.000000,-0.000000,0.000000,-214921.828125,2516.638428,50.000000,-4.000000,0.000000,-0.000000,0.000000,-503327.687500,2548.037354,50.000000,-5.000000,0.000000,-0.000000,0.000000,-637009.312500,-1355258.750000,1149908.625000,682.415161,-206032.546875,1132815.625000,926783.062500
ml,p95,6129,2026-07-22,2524.503906,10.000000,2149.218262,50.000000,-2.000000,0.000000,-0.000000,0.000000,-214921.828125,2508.579102,50.000000,-4.000000,0.000000,-0.000000,0.000000,-501715.812500,2540.790527,50.000000,-5.000000,0.000000,-0.000000,0.000000,-635197.625000,-1351835.250000,1149908.625000,682.415161,-202609.046875,1144179.500000,941570.437500
ml,p95,6129,2026-07-23,2536.144775,10.000000,2149.218262,50.000000,-2.000000,0.000000,-0.000000,0.000000,-214921.828125,2511.501709,50.000000,-4.000000,0.000000,-0.000000,0.000000,-502300.343750,2544.699951,50.000000,-5.000000,0.000000,-0.000000,0.000000,-636175.000000,-1353397.250000,1149908.625000,682.415161,-204171.046875,1153021.750000,948850.687500
ml,p95,6129,2026-07-24,2533.636719,10.000000,2149.218262,50.000000,-2.000000,0.000000,-0.000000,0.000000,-214921.828125,2523.137939,50.000000,-4.000000,0.000000,-0.000000,0.000000,-504627.593750,2554.820557,50.000000,-5.000000,0.000000,-0.000000,0.000000,-638705.125000,-1358254.500000,1149908.625000,682.415161,-209028.296875,1151305.000000,942276.687500
ml,p95,6129,2026-07-25,2545.450684,10.000000,2149.218262,50.000000,-2.000000,0.000000,-0.000000,0.000000,-214921.828125,2544.457031,50.000000,-4.000000,0.000000,-0.000000,0.000000,-508891.406250,2575.352295,50.000000,-5.000000,0.000000,-0.000000,0.000000,-643838.062500,-1367651.250000,1149908.625000,682.415161,-218425.046875,1157762.125000,939337.062500
ml,p95,6129,2026-07-26,2551.608154,10.000000,2149.218262,50.000000,-2.000000,0.000000,-0.000000,0.000000,-214921.828125,2545.226562,50.000000,-4.000000,0.000000,-0.000000,0.000000,-509045.312500,2573.915771,50.000000,-5.000000,0.000000,-0.000000,0.000000,-643478.937500,-1367446.000000,1149908.625000,682.415161,-218219.796875,1161170.250000,942950.437500
ml,p95,6129,2026-07-27,2585.054932,10.000000,2149.218262,50.000000,-2.000000,0.000000,-0.000000,0.000000,-214921.828125,2583.403320,50.000000,-4.000000,0.000000,-0.000000,0.000000,-516680.656250,2609.920654,50.000000,-4.000000,1.000000,-130496.031250,65.248009,-521984.125000,-1253586.625000,1019412.625000,747.663208,-234921.656250,1179378.750000,944457.125000
ml,p95,6129,2026-07-28,2579.181641,10.000000,2149.218262,50.000000,-2.000000,0.000000,-0.000000,0.000000,-214921.828125,2582.837646,50.000000,-4.000000,0.000000,-0.000000,0.000000,-516567.531250,2609.300049,50.000000,-4.000000,0.000000,-0.000000,0.000000,-521860.000000,-1253349.375000,1019412.625000,747.663208,-234684.406250,1176908.125000,942223.750000
ml,p95,6129,2026-07-29,2551.333252,10.000000,2149.218262,50.000000,-2.000000,0.000000,-0.000000,0.000000,-214921.828125,2552.262939,50.000000,-2.000000,2.000000,-255226.296875,127.613144,-255226.296875,2576.544678,50.000000,-4.000000,0.000000,-0.000000,0.000000,-515308.937500,-985457.062500,764186.250000,875.276367,-222146.093750,1167967.375000,945821.250000
ml,p95,6129,2026-07-30,2602.858643,10.000000,2149.218262,50.000000,-2.000000,0.000000,-0.000000,0.000000,-214921.828125,2552.262939,50.000000,-2.000000,0.000000,-0.000000,0.000000,-255226.296875,2607.160156,50.000000,-4.000000,0.000000,-0.000000,0.000000,-521432.031250,-991580.125000,764186.250000,875.276367,-228269.156250,1179285.250000,951016.125000
ml,p95,6129,2026-07-31,2628.644775,10.000000,2149.218262,50.000000,-2.000000,0.000000,-0.000000,0.000000,-214921.828125,2552.262939,50.000000,-2.000000,0.000000,-0.000000,0.000000,-255226.296875,2656.136230,50.000000,-4.000000,0.000000,-0.000000,0.000000,-531227.250000,-1001375.375000,764186.250000,875.276367,-238064.406250,1182227.125000,944162.750000
ml,p95,6129,2026-08-01,2599.162598,10.000000,2149.218262,50.000000,-2.000000,0.000000,-0.000000,0.000000,-214921.828125,2552.262939,50.000000,-2.000000,0.000000,-0.000000,0.000000,-255226.296875,2627.163574,50.000000,-4.000000,0.000000,-0.000000,0.000000,-525432.687500,-995580.812500,764186.250000,875.276367,-232269.843750,1182366.625000,950096.750000
ml,p95,6129,2026-08-02,2553.471436,10.000000,2149.218262,50.000000,-2.000000,0.000000,-0.000000,0.000000,-214921.828125,2552.262939,50.000000,-2.000000,0.000000,-0.000000,0.000000,-255226.296875,2589.752930,50.000000,-4.000000,0.000000,-0.000000,0.000000,-517950.593750,-988098.750000,764186.250000,875.276367,-224787.781250,1182505.750000,957718.000000
ml,p95,6129,2026-08-03,2565.110107,10.000000,2149.218262,50.000000,-2.000000,0.000000,-0.000000,0.000000,-214921.828125,2552.262939,50.000000,-2.000000,0.000000,-0.000000,0.000000,-255226.296875,2594.977539,50.000000,-4.000000,0.000000,-0.000000,0.000000,-518995.500000,-989143.625000,764186.250000,875.276367,-225832.656250,1182640.250000,956807.625000
ml,p95,6129,2026-08-04,2517.846191,10.000000,2149.218262,50.000000,-2.000000,0.000000,-0.000000,0.000000,-214921.828125,2552.262939,50.000000,-2.000000,0.000000,-0.000000,0.000000,-255226.296875,2543.275391,50.000000,-4.000000,0.000000,-0.000000,0.000000,-508655.062500,-978803.187500,764186.250000,875.276367,-215492.218750,1182775.375000,967283.125000
ml,p95,6129,2026-08-05,2513.072510,10.000000,2149.218262,50.000000,-2.000000,0.000000,-0.000000,0.000000,-214921.828125,2552.262939,50.000000,-2.000000,0.000000,-0.000000,0.000000,-255226.296875,2539.320801,50.000000,-4.000000,0.000000,-0.000000,0.000000,-507864.156250,-978012.250000,764186.250000,875.276367,-214701.281250,1182913.875000,968212.625000
ml,p95,6129,2026-08-06,2524.531738,10.000000,2149.218262,50.000000,-1.000000,1.000000,-107460.914062,53.730453,-107460.914062,2552.262939,50.000000,-2.000000,0.000000,-0.000000,0.000000,-255226.296875,2547.600342,50.000000,-4.000000,0.000000,-0.000000,0.000000,-509520.062500,-872207.250000,656725.375000,929.006775,-216410.875000,1182913.875000,966503.000000
ml,p95,6129,2026-08-07,2505.701416,10.000000,2149.218262,50.000000,-1.000000,0.000000,-0.000000,0.000000,-107460.914062,2552.262939,50.000000,-2.000000,0.000000,-0.000000,0.000000,-255226.296875,2523.804688,50.000000,-3.000000,1.000000,-126190.234375,63.095116,-378570.687500,-741257.875000,530535.125000,992.101929,-211714.859375,1182913.875000,971199.000000
ml,p95,6129,2026-08-08,2519.838623,10.000000,2149.218262,50.000000,-1.000000,0.000000,-0.000000,0.000000,-107460.914062,2552.262939,50.000000,-2.000000,0.000000,-0.000000,0.000000,-255226.296875,2527.358643,50.000000,-3.000000,0.000000,-0.000000,0.000000,-379103.812500,-741791.000000,530535.125000,992.101929,-212247.984375,1182913.875000,970665.875000
ml,p95,6129,2026-08-09,2531.388184,10.000000,2149.218262,50.000000,-1.000000,0.000000,-0.000000,0.000000,-107460.914062,2552.262939,50.000000,-2.000000,0.000000,-0.000000,0.000000,-255226.296875,2567.279785,50.000000,-3.000000,0.000000,-0.000000,0.000000,-385091.968750,-747779.187500,530535.125000,992.101929,-218236.171875,1182913.875000,964677.687500
ml,p95,6129,2026-08-10,2492.998291,10.000000,2149.218262,50.000000,-1.000000,0.000000,-0.000000,0.000000,-107460.914062,2552.262939,50.000000,-2.000000,0.000000,-0.000000,0.000000,-255226.296875,2511.465332,50.000000,-3.000000,0.000000,-0.000000,0.000000,-376719.812500,-739407.000000,530535.125000,992.101929,-209863.984375,1182913.875000,973049.875000
ml,p95,6129,2026-08-11,2491.689697,10.000000,2149.218262,50.000000,-1.000000,0.000000,-0.000000,0.000000,-107460.914062,2552.262939,50.000000,-1.000000,1.000000,-127613.148438,63.806572,-127613.148438,2522.942871,50.000000,-3.000000,0.000000,-0.000000,0.000000,-378441.437500,-613515.500000,402922.000000,1055.908447,-211649.406250,1182913.875000,971264.500000
ml,p95,6129,2026-08-12,2510.481689,10.000000,2149.218262,50.000000,-1.000000,0.000000,-0.000000,0.000000,-107460.914062,2552.262939,50.000000,-1.000000,0.000000,-0.000000,0.000000,-127613.148438,2527.435791,50.000000,-3.000000,0.000000,-0.000000,0.000000,-379115.375000,-614189.437500,402922.000000,1055.908447,-212323.343750,1182913.875000,970590.500000
ml,p95,6129,2026-08-13,2546.748535,10.000000,2149.218262,50.000000,-1.000000,0.000000,-0.000000,0.000000,-107460.914062,2552.262939,50.000000,-1.000000,0.000000,-0.000000,0.000000,-127613.148438,2566.457031,50.000000,-3.000000,0.000000,-0.000000,0.000000,-384968.562500,-620042.625000,402922.000000,1055.908447,-218176.531250,1182913.875000,964737.375000
ml,p95,6129,2026-08-14,2562.727539,10.000000,2149.218262,50.000000,-1.000000,0.000000,-0.000000,0.000000,-107460.914062,2552.262939,50.000000,-1.000000,0.000000,-0.000000,0.000000,-127613.148438,2580.060303,50.000000,-3.000000,0.000000,-0.000000,0.000000,-387009.031250,-622083.125000,402922.000000,1055.908447,-220217.031250,1182913.875000,962696.875000
ml,p95,6129,2026-08-15,2570.846924,10.000000,2149.218262,50.000000,-1.000000,0.000000,-0.000000,0.000000,-107460.914062,2552.262939,50.000000,-1.000000,0.000000,-0.000000,0.000000,-127613.148438,2588.960693,50.000000,-3.000000,0.000000,-0.000000,0.000000,-388344.093750,-623418.125000,402922.000000,1055.908447,-221552.031250,1182913.875000,961361.875000
ml,p95,6129,2026-08-16,2527.581299,10.000000,2149.218262,50.000000,-1.000000,0.000000,-0.000000,0.000000,-107460.914062,2552.262939,50.000000,-1.000000,0.000000,-0.000000,0.000000,-127613.148438,2569.453369,50.000000,-3.000000,0.000000,-0.000000,0.000000,-385418.031250,-620492.125000,402922.000000,1055.908447,-218626.031250,1182913.875000,964287.875000
ml,p95,6129,2026-08-17,2527.946777,10.000000,2149.218262,50.000000,-1.000000,0.000000,-0.000000,0.000000,-107460.914062,2552.262939,50.000000,-1.000000,0.000000,-0.000000,0.000000,-127613.148438,2590.200439,50.000000,-3.000000,0.000000,-0.000000,0.000000,-388530.062500,-623604.125000,402922.000000,1055.908447,-221738.031250,1182913.875000,961175.875000
ml,p95,6129,2026-08-18,2546.446045,10.000000,2149.218262,50.000000,-1.000000,0.000000,-0.000000,0.000000,-107460.914062,2552.262939,50.000000,-1.000000,0.000000,-0.000000,0.000000,-127613.148438,2586.962402,50.000000,-3.000000,0.000000,-0.000000,0.000000,-388044.375000,-623118.437500,402922.000000,1055.908447,-221252.343750,1182913.875000,961661.500000
ml,p95,6129,2026-08-19,2515.975342,10.000000,2149.218262,50.000000,-1.000000,0.000000,-0.000000,0.000000,-107460.914062,2552.262939,50.000000,-1.000000,0.000000,-0.000000,0.000000,-127613.148438,2545.422852,50.000000,-3.000000,0.000000,-0.000000,0.000000,-381813.437500,-616887.500000,402922.000000,1055.908447,-215021.406250,1182913.875000,967892.500000
ml,p95,6129,2026-08-20,2490.226562,10.000000,2149.218262,50.000000,-1.000000,0.000000,-0.000000,0.000000,-107460.914062,2552.262939,50.000000,-1.000000,0.000000,-0.000000,0.000000,-127613.148438,2506.701172,50.000000,-2.000000,1.000000,-125335.062500,62.667530,-250670.125000,-485744.187500,277586.937500,1118.575928,-209275.828125,1182913.875000,973638.062500
ml,p95,6129,2026-08-21,2507.637695,10.000000,2149.218262,50.000000,-1.000000,0.000000,-0.000000,0.000000,-107460.914062,2552.262939,50.000000,-1.000000,0.000000,-0.000000,0.000000,-127613.148438,2535.996582,50.000000,-2.000000,0.000000,-0.000000,0.000000,-253599.656250,-488673.718750,277586.937500,1118.575928,-212205.359375,1182913.875000,970708.500000
ml,p95,6129,2026-08-22,2517.038086,10.000000,2149.218262,50.000000,-1.000000,0.000000,-0.000000,0.000000,-107460.914062,2552.262939,50.000000,-1.000000,0.000000,-0.000000,0.000000,-127613.148438,2539.538330,50.000000,-2.000000,0.000000,-0.000000,0.000000,-253953.828125,-489027.875000,277586.937500,1118.575928,-212559.515625,1182913.875000,970354.375000
ml,p95,6129,2026-08-23,2537.349609,10.000000,2149.218262,50.000000,-1.000000,0.000000,-0.000000,0.000000,-107460.914062,2552.262939,50.000000,-1.000000,0.000000,-0.000000,0.000000,-127613.148438,2575.740234,50.000000,-2.000000,0.000000,-0.000000,0.000000,-257574.031250,-492648.093750,277586.937500,1118.575928,-216179.734375,1182913.875000,966734.125000
ml,p95,6129,2026-08-24,2517.940918,10.000000,2149.218262,50.000000,-1.000000,0.000000,-0.000000,0.000000,-107460.914062,2552.262939,50.000000,-1.000000,0.000000,-0.000000,0.000000,-127613.148438,2551.754883,50.000000,-2.000000,0.000000,-0.000000,0.000000,-255175.484375,-490249.562500,277586.937500,1118.575928,-213781.203125,1182913.875000,969132.687500
ml,p95,6129,2026-08-25,2540.186035,10.000000,2149.218262,50.000000,-1.000000,0.000000,-0.000000,0.000000,-107460.914062,2552.262939,50.000000,-1.000000,0.000000,-0.000000,0.000000,-127613.148438,2571.092285,50.000000,-2.000000,0.000000,-0.000000,0.000000,-257109.234375,-492183.312500,277586.937500,1118.575928,-215714.953125,1182913.875000,967198.937500
ml,p95,6129,2026-08-26,2502.173340,10.000000,2149.218262,50.000000,-1.000000,0.000000,-0.000000,0.000000,-107460.914062,2552.262939,50.000000,-1.000000,0.000000,-0.000000,0.000000,-127613.148438,2521.082031,50.000000,-2.000000,0.000000,-0.000000,0.000000,-252108.203125,-487182.250000,277586.937500,1118.575928,-210713.890625,1182913.875000,972200.000000
ml,p95,6129,2026-08-27,2532.327148,10.000000,2149.218262,50.000000,-1.000000,0.000000,-0.000000,0.000000,-107460.914062,2552.262939,50.000000,-1.000000,0.000000,-0.000000,0.000000,-127613.148438,2560.558105,50.000000,-2.000000,0.000000,-0.000000,0.000000,-256055.812500,-491129.875000,277586.937500,1118.575928,-214661.515625,1182913.875000,968252.375000
ml,p95,6129,2026-08-28,2520.255615,10.000000,2149.218262,50.000000,-1.000000,0.000000,-0.000000,0.000000,-107460.914062,2552.262939,50.000000,-1.000000,0.000000,-0.000000,0.000000,-127613.148438,2506.837891,50.000000,-2.000000,0.000000,-0.000000,0.000000,-250683.781250,-485757.843750,277586.937500,1118.575928,-209289.484375,1182913.875000,973624.375000
ml,p95,6129,2026-08-29,2544.442139,10.000000,2149.218262,50.000000,-1.000000,0.000000,-0.000000,0.000000,-107460.914062,2552.262939,50.000000,-1.000000,0.000000,-0.000000,0.000000,-127613.148438,2589.365479,50.000000,-2.000000,0.000000,-0.000000,0.000000,-258936.546875,-494010.625000,277586.937500,1118.575928,-217542.265625,1182913.875000,965371.625000
ml,p95,6129,2026-08-30,2520.285889,10.000000,2149.218262,50.000000,-1.000000,0.000000,-0.000000,0.000000,-107460.914062,2552.262939,50.000000,-1.000000,0.000000,-0.000000,0.000000,-127613.148438,2532.318359,50.000000,-2.000000,0.000000,-0.000000,0.000000,-253231.843750,-488305.906250,277586.937500,1118.575928,-211837.546875,1182913.875000,971076.312500
ml,p95,6129,2026-08-31,2507.466797,10.000000,2149.218262,50.000000,-1.000000,0.000000,-0.000000,0.000000,-107460.914062,2552.262939,50.000000,-1.000000,0.000000,-0.000000,0.000000,-127613.148438,2515.928223,50.000000,-2.000000,0.000000,-0.000000,0.000000,-251592.828125,-486666.875000,277586.937500,1118.575928,-210198.515625,1182913.875000,972715.375000
ml,p95,6129,2026-09-01,2481.416992,10.000000,2149.218262,50.000000,-1.000000,0.000000,-0.000000,0.000000,-107460.914062,2552.262939,50.000000,-1.000000,0.000000,-0.000000,0.000000,-127613.148438,2484.717529,50.000000,-2.000000,0.000000,-0.000000,0.000000,-248471.750000,-483545.812500,277586.937500,1118.575928,-207077.453125,1182913.875000,975836.437500
ml,p95,6129,2026-09-02,2436.897461,10.000000,2149.218262,50.000000,-1.000000,0.000000,-0.000000,0.000000,-107460.914062,2552.262939,50.000000,-1.000000,0.000000,-0.000000,0.000000,-127613.148438,2456.114258,50.000000,-2.000000,0.000000,-0.000000,0.000000,-245611.421875,-480685.500000,277586.937500,1118.575928,-204217.140625,1182913.875000,978696.750000
ml,p95,6129,2026-09-03,2448.099365,10.000000,2149.218262,50.000000,-1.000000,0.000000,-0.000000,0.000000,-107460.914062,2552.262939,50.000000,-1.000000,0.000000,-0.000000,0.000000,-127613.148438,2467.832764,50.000000,-2.000000,0.000000,-0.000000,0.000000,-246783.281250,-481857.343750,277586.937500,1118.575928,-205388.984375,1182913.875000,977524.875000
ml,p95,6129,2026-09-04,2424.957031,10.000000,2149.218262,50.000000,-1.000000,0.000000,-0.000000,0.000000,-107460.914062,2552.262939,50.000000,-1.000000,0.000000,-0.000000,0.000000,-127613.148438,2450.632568,50.000000,-2.000000,0.000000,-0.000000,0.000000,-245063.250000,-480137.312500,277586.937500,1118.575928,-203668.953125,1182913.875000,979244.937500
ml,p95,6129,2026-09-05,2449.966553,10.000000,2149.218262,50.000000,-1.000000,0.000000,-0.000000,0.000000,-107460.914062,2552.262939,50.000000,-1.000000,0.000000,-0.000000,0.000000,-127613.148438,2459.778809,50.000000,-2.000000,0.000000,-0.000000,0.000000,-245977.875000,-481051.937500,277586.937500,1118.575928,-204583.578125,1182913.875000,978330.312500
ml,p95,6129,2026-09-06,2415.353271,10.000000,2149.218262,50.000000,-1.000000,0.000000,-0.000000,0.000000,-107460.914062,2552.262939,50.000000,-1.000000,0.000000,-0.000000,0.000000,-127613.148438,2418.429443,50.000000,-2.000000,0.000000,-0.000000,0.000000,-241842.937500,-476917.000000,277586.937500,1118.575928,-200448.640625,1182913.875000,982465.250000
ml,p95,6129,2026-09-07,2451.830566,10.000000,2149.218262,50.000000,-1.000000,0.000000,-0.000000,0.000000,-107460.914062,2552.262939,50.000000,-1.000000,0.000000,-0.000000,0.000000,-127613.148438,2477.999512,50.000000,-2.000000,0.000000,-0.000000,0.000000,-247799.953125,-482874.000000,277586.937500,1118.575928,-206405.640625,1182913.875000,976508.250000
ml,p95,6129,2026-09-08,2453.332275,10.000000,2149.218262,50.000000,-1.000000,0.000000,-0.000000,0.000000,-107460.914062,2552.262939,50.000000,-1.000000,0.000000,-0.000000,0.000000,-127613.148438,2448.447266,50.000000,-2.000000,0.000000,-0.000000,0.000000,-244844.718750,-479918.781250,277586.937500,1118.575928,-203450.421875,1182913.875000,979463.437500
ml,p95,6129,2026-09-09,2479.685547,10.000000,2149.218262,50.000000,-1.000000,0.000000,-0.000000,0.000000,-107460.914062,2552.262939,50.000000,-1.000000,0.000000,-0.000000,0.000000,-127613.148438,2490.149414,50.000000,-2.000000,0.000000,-0.000000,0.000000,-249014.937500,-484089.000000,277586.937500,1118.575928,-207620.640625,1182913.875000,975293.250000
ml,p95,6129,2026-09-10,2509.353027,10.000000,2149.218262,50.000000,-1.000000,0.000000,-0.000000,0.000000,-107460.914062,2552.262939,50.000000,-1.000000,0.000000,-0.000000,0.000000,-127613.148438,2537.946289,50.000000,-2.000000,0.000000,-0.000000,0.000000,-253794.625000,-488868.687500,277586.937500,1118.575928,-212400.328125,1182913.875000,970513.562500
ml,p95,6129,2026-09-11,2530.556641,10.000000,2149.218262,50.000000,-1.000000,0.000000,-0.000000,0.000000,-107460.914062,2552.262939,50.000000,-1.000000,0.000000,-0.000000,0.000000,-127613.148438,2536.352295,50.000000,-2.000000,0.000000,-0.000000,0.000000,-253635.234375,-488709.312500,277586.937500,1118.575928,-212240.953125,1182913.875000,970672.937500
ml,p95,6129,2026-09-12,2522.498047,10.000000,2149.218262,50.000000,-1.000000,0.000000,-0.000000,0.000000,-107460.914062,2552.262939,50.000000,-1.000000,0.000000,-0.000000,0.000000,-127613.148438,2547.620361,50.000000,-2.000000,0.000000,-0.000000,0.000000,-254762.031250,-489836.093750,277586.937500,1118.575928,-213367.734375,1182913.875000,969546.125000
ml,p95,6129,2026-09-13,2568.718506,10.000000,2149.218262,50.000000,-1.000000,0.000000,-0.000000,0.000000,-107460.914062,2552.262939,50.000000,-1.000000,0.000000,-0.000000,0.000000,-127613.148438,2589.027100,50.000000,-2.000000,0.000000,-0.000000,0.000000,-258902.703125,-493976.750000,277586.937500,1118.575928,-217508.390625,1182913.875000,965405.500000
ml,p95,6129,2026-09-14,2566.031494,10.000000,2149.218262,50.000000,-1.000000,0.000000,-0.000000,0.000000,-107460.914062,2552.262939,50.000000,-1.000000,0.000000,-0.000000,0.000000,-127613.148438,2592.535645,50.000000,-2.000000,0.000000,-0.000000,0.000000,-259253.562500,-494327.625000,277586.937500,1118.575928,-217859.265625,1182913.875000,965054.625000
ml,p95,6129,2026-09-15,2566.355713,10.000000,2149.218262,50.000000,-1.000000,0.000000,-0.000000,0.000000,-107460.914062,2552.262939,50.000000,-1.000000,0.000000,-0.000000,0.000000,-127613.148438,2589.165527,50.000000,-2.000000,0.000000,-0.000000,0.000000,-258916.546875,-493990.625000,277586.937500,1118.575928,-217522.265625,1182913.875000,965391.625000
ml,p95,6129,2026-09-16,2590.731445,10.000000,2149.218262,50.000000,-1.000000,0.000000,-0.000000,0.000000,-107460.914062,2552.262939,50.000000,-1.000000,0.000000,-0.000000,0.000000,-127613.148438,2603.484375,50.000000,-2.000000,0.000000,-0.000000,0.000000,-260348.437500,-495422.500000,277586.937500,1118.575928,-218954.140625,1182913.875000,963959.750000
ml,p95,6129,2026-09-17,2527.218506,10.000000,2149.218262,50.000000,-1.000000,0.000000,-0.000000,0.000000,-107460.914062,2552.262939,50.000000,-1.000000,0.000000,-0.000000,0.000000,-127613.148438,2528.937256,50.000000,-2.000000,0.000000,-0.000000,0.000000,-252893.718750,-487967.781250,277586.937500,1118.575928,-211499.421875,1182913.875000,971414.437500
ml,p95,6129,2026-09-18,2483.459961,10.000000,2149.218262,50.000000,-1.000000,0.000000,-0.000000,0.000000,-107460.914062,2552.262939,50.000000,-1.000000,0.000000,-0.000000,0.000000,-127613.148438,2498.024658,50.000000,-2.000000,0.000000,-0.000000,0.000000,-249802.468750,-484876.531250,277586.937500,1118.575928,-208408.171875,1182913.875000,974505.687500
ml,p95,6129,2026-09-19,2469.247803,10.000000,2149.218262,50.000000,-1.000000,0.000000,-0.000000,0.000000,-107460.914062,2552.262939,50.000000,-1.000000,0.000000,-0.000000,0.000000,-127613.148438,2447.904297,50.000000,-2.000000,0.000000,-0.000000,0.000000,-244790.437500,-479864.500000,277586.937500,1118.575928,-203396.140625,1182913.875000,979517.750000
ml,p95,6129,2026-09-20,2433.744629,10.000000,2149.218262,50.000000,-1.000000,0.000000,-0.000000,0.000000,-107460.914062,2552.262939,50.000000,-1.000000,0.000000,-0.000000,0.000000,-127613.148438,2435.311279,50.000000,-2.000000,0.000000,-0.000000,0.000000,-243531.125000,-478605.187500,277586.937500,1118.575928,-202136.828125,1182913.875000,980777.062500
ml,p95,6129,2026-09-21,2439.484375,10.000000,2149.218262,50.000000,-1.000000,0.000000,-0.000000,0.000000,-107460.914062,2552.262939,50.000000,-1.000000,0.000000,-0.000000,0.000000,-127613.148438,2460.186035,50.000000,-2.000000,0.000000,-0.000000,0.000000,-246018.609375,-481092.687500,277586.937500,1118.575928,-204624.328125,1182913.875000,978289.562500
ml,p95,6129,2026-09-22,2455.781982,10.000000,2149.218262,50.000000,-1.000000,0.000000,-0.000000,0.000000,-107460.914062,2552.262939,50.000000,-1.000000,0.000000,-0.000000,0.000000,-127613.148438,2468.762695,50.000000,-2.000000,0.000000,-0.000000,0.000000,-246876.265625,-481950.312500,277586.937500,1118.575928,-205481.953125,1182913.875000,977431.937500
ml,p95,6129,2026-09-23,2383.375977,10.000000,2149.218262,50.000000,-1.000000,0.000000,-0.000000,0.000000,-107460.914062,2552.262939,50.000000,-1.000000,0.000000,-0.000000,0.000000,-127613.148438,2411.414795,50.000000,-2.000000,0.000000,-0.000000,0.000000,-241141.484375,-476215.562500,277586.937500,1118.575928,-199747.203125,1182913.875000,983166.687500
ml,p95,6129,2026-09-24,2393.987061,10.000000,2149.218262,50.000000,-1.000000,0.000000,-0.000000,0.000000,-107460.914062,2552.262939,50.000000,-1.000000,0.000000,-0.000000,0.000000,-127613.148438,2417.253418,50.000000,-2.000000,0.000000,-0.000000,0.000000,-241725.343750,-476799.406250,277586.937500,1118.575928,-200331.046875,1182913.875000,982582.812500
ml,p95,6129,2026-09-25,2389.495850,10.000000,2149.218262,50.000000,-1.000000,0.000000,-0.000000,0.000000,-107460.914062,2552.262939,50.000000,-1.000000,0.000000,-0.000000,0.000000,-127613.148438,2401.791748,50.000000,-2.000000,0.000000,-0.000000,0.000000,-240179.171875,-475253.250000,277586.937500,1118.575928,-198784.890625,1182913.875000,984129.000000
ml,p95,6129,2026-09-26,2410.002686,10.000000,2149.218262,50.000000,-1.000000,0.000000,-0.000000,0.000000,-107460.914062,2552.262939,50.000000,-1.000000,0.000000,-0.000000,0.000000,-127613.148438,2414.062744,50.000000,-2.000000,0.000000,-0.000000,0.000000,-241406.281250,-476480.343750,277586.937500,1118.575928,-200011.984375,1182913.875000,982901.875000
ml,p95,6129,2026-09-27,2440.084717,10.000000,2149.218262,50.000000,-1.000000,0.000000,-0.000000,0.000000,-107460.914062,2552.262939,50.000000,-1.000000,0.000000,-0.000000,0.000000,-127613.148438,2455.798340,50.000000,-2.000000,0.000000,-0.000000,0.000000,-245579.828125,-480653.875000,277586.937500,1118.575928,-204185.515625,1182913.875000,978728.375000
ml,p95,6129,2026-09-28,2404.245117,10.000000,2149.218262,50.000000,-1.000000,0.000000,-0.000000,0.000000,-107460.914062,2552.262939,50.000000,-1.000000,0.000000,-0.000000,0.000000,-127613.148438,2403.518799,50.000000,-2.000000,0.000000,-0.000000,0.000000,-240351.875000,-475425.937500,277586.937500,1118.575928,-198957.578125,1182913.875000,983956.312500
ml,p95,6129,2026-09-29,2412.800049,10.000000,2149.218262,50.000000,-1.000000,0.000000,-0.000000,0.000000,-107460.914062,2552.262939,50.000000,-1.000000,0.000000,-0.000000,0.000000,-127613.148438,2439.007080,50.000000,-2.000000,0.000000,-0.000000,0.000000,-243900.703125,-478974.750000,277586.937500,1118.575928,-202506.390625,1182913.875000,980407.500000
ml,p95,6129,2026-09-30,2355.049561,10.000000,2149.218262,50.000000,-1.000000,0.000000,-0.000000,0.000000,-107460.914062,2552.262939,50.000000,-1.000000,0.000000,-0.000000,0.000000,-127613.148438,2341.266602,50.000000,-2.000000,0.000000,-0.000000,0.000000,-234126.656250,-469200.718750,277586.937500,1118.575928,-192732.359375,1182913.875000,990181.500000
ml,p95,6129,2026-10-01,2329.273438,10.000000,2149.218262,50.000000,-1.000000,0.000000,-0.000000,0.000000,-107460.914062,2552.262939,50.000000,-1.000000,0.000000,-0.000000,0.000000,-127613.148438,2323.114990,50.000000,-2.000000,0.000000,-0.000000,0.000000,-232311.500000,-467385.562500,277586.937500,1118.575928,-190917.203125,1182913.875000,991996.687500
ml,p95,6129,2026-10-02,2339.753906,10.000000,2149.218262,50.000000,-1.000000,0.000000,-0.000000,0.000000,-107460.914062,2552.262939,50.000000,-1.000000,0.000000,-0.000000,0.000000,-127613.148438,2319.277100,50.000000,-2.000000,0.000000,-0.000000,0.000000,-231927.703125,-467001.750000,277586.937500,1118.575928,-190533.390625,1182913.875000,992380.500000
ml,p95,6129,2026-10-03,2347.447021,10.000000,2149.218262,50.000000,-1.000000,0.000000,-0.000000,0.000000,-107460.914062,2552.262939,50.000000,-1.000000,0.000000,-0.000000,0.000000,-127613.148438,2353.238037,50.000000,-2.000000,0.000000,-0.000000,0.000000,-235323.796875,-470397.875000,277586.937500,1118.575928,-193929.515625,1182913.875000,988984.375000
ml,p95,6129,2026-10-04,2354.761963,10.000000,2149.218262,50.000000,-1.000000,0.000000,-0.000000,0.000000,-107460.914062,2552.262939,50.000000,-1.000000,0.000000,-0.000000,0.000000,-127613.148438,2356.836182,50.000000,-2.000000,0.000000,-0.000000,0.000000,-235683.625000,-470757.687500,277586.937500,1118.575928,-194289.328125,1182913.875000,988624.562500
ml,p95,6129,2026-10-05,2345.633301,10.000000,2149.218262,50.000000,0.000000,1.000000,-107460.914062,53.730453,0.000000,2552.262939,50.000000,-1.000000,0.000000,-0.000000,0.000000,-127613.148438,2374.289307,50.000000,-2.000000,0.000000,-0.000000,0.000000,-237428.937500,-365042.093750,170126.000000,1172.306396,-196088.406250,1182913.875000,986825.500000
ml,p95,6129,2026-10-06,2336.751221,10.000000,2149.218262,50.000000,0.000000,0.000000,-0.000000,0.000000,0.000000,2552.262939,50.000000,-1.000000,0.000000,-0.000000,0.000000,-127613.148438,2303.812988,50.000000,-2.000000,0.000000,-0.000000,0.000000,-230381.296875,-357994.437500,170126.000000,1172.306396,-189040.750000,1182913.875000,993873.125000
ml,p95,6129,2026-10-07,2344.715088,10.000000,2149.218262,50.000000,0.000000,0.000000,-0.000000,0.000000,0.000000,2552.262939,50.000000,-1.000000,0.000000,-0.000000,0.000000,-127613.148438,2326.324707,50.000000,-2.000000,0.000000,-0.000000,0.000000,-232632.468750,-360245.625000,170126.000000,1172.306396,-191291.937500,1182913.875000,991621.937500
ml,p95,6129,2026-10-08,2348.582275,10.000000,2149.218262,50.000000,0.000000,0.000000,-0.000000,0.000000,0.000000,2552.262939,50.000000,-1.000000,0.000000,-0.000000,0.000000,-127613.148438,2333.435303,50.000000,-2.000000,0.000000,-0.000000,0.000000,-233343.531250,-360956.687500,170126.000000,1172.306396,-192003.000000,1182913.875000,990910.875000
ml,p95,6129,2026-10-09,2339.876709,10.000000,2149.218262,50.000000,0.000000,0.000000,-0.000000,0.000000,0.000000,2552.262939,50.000000,-1.000000,0.000000,-0.000000,0.000000,-127613.148438,2333.764160,50.000000,-2.000000,0.000000,-0.000000,0.000000,-233376.421875,-360989.562500,170126.000000,1172.306396,-192035.875000,1182913.875000,990878.000000
ml,p95,6129,2026-10-10,2351.141602,10.000000,2149.218262,50.000000,0.000000,0.000000,-0.000000,0.000000,0.000000,2552.262939,50.000000,-1.000000,0.000000,-0.000000,0.000000,-127613.148438,2356.439941,50.000000,-2.000000,0.000000,-0.000000,0.000000,-235644.000000,-363257.156250,170126.000000,1172.306396,-194303.468750,1182913.875000,988610.375000
ml,p95,6129,2026-10-11,2382.344238,10.000000,2149.218262,50.000000,0.000000,0.000000,-0.000000,0.000000,0.000000,2552.262939,50.000000,-1.000000,0.000000,-0.000000,0.000000,-127613.148438,2386.295654,50.000000,-2.000000,0.000000,-0.000000,0.000000,-238629.562500,-366242.718750,170126.000000,1172.306396,-197289.031250,1182913.875000,985624.875000
ml,p95,6129,2026-10-12,2381.429932,10.000000,2149.218262,50.000000,0.000000,0.000000,-0.000000,0.000000,0.000000,2552.262939,50.000000,-1.000000,0.000000,-0.000000,0.000000,-127613.148438,2383.597656,50.000000,-2.000000,0.000000,-0.000000,0.000000,-238359.765625,-365972.906250,170126.000000,1172.306396,-197019.218750,1182913.875000,985894.625000
ml,p95,6129,2026-10-13,2361.583008,10.000000,2149.218262,50.000000,0.000000,0.000000,-0.000000,0.000000,0.000000,2552.262939,50.000000,-1.000000,0.000000,-0.000000,0.000000,-127613.148438,2344.625977,50.000000,-2.000000,0.000000,-0.000000,0.000000,-234462.593750,-362075.750000,170126.000000,1172.306396,-193122.062500,1182913.875000,989791.812500
ml,p95,6129,2026-10-14,2367.355713,10.000000,2149.218262,50.000000,0.000000,0.000000,-0.000000,0.000000,0.000000,2552.262939,50.000000,-1.000000,0.000000,-0.000000,0.000000,-127613.148438,2370.859619,50.000000,-2.000000,0.000000,-0.000000,0.000000,-237085.968750,-364699.125000,170126.000000,1172.306396,-195745.437500,1182913.875000,987168.437500
ml,p95,6129,2026-10-15,2361.450195,10.000000,2149.218262,50.000000,0.000000,0.000000,-0.000000,0.000000,0.000000,2552.262939,50.000000,-1.000000,0.000000,-0.000000,0.000000,-127613.148438,2364.902832,50.000000,-2.000000,0.000000,-0.000000,0.000000,-236490.281250,-364103.437500,170126.000000,1172.306396,-195149.750000,1182913.875000,987764.125000
ml,p95,6129,2026-10-16,2362.307373,10.000000,2149.218262,50.000000,0.000000,0.000000,-0.000000,0.000000,0.000000,2552.262939,50.000000,-1.000000,0.000000,-0.000000,0.000000,-127613.148438,2369.312256,50.000000,-2.000000,0.000000,-0.000000,0.000000,-236931.218750,-364544.375000,170126.000000,1172.306396,-195590.687500,1182913.875000,987323.187500
ml,p95,6129,2026-10-17,2390.968262,10.000000,2149.218262,50.000000,0.000000,0.000000,-0.000000,0.000000,0.000000,2552.262939,50.000000,-1.000000,0.000000,-0.000000,0.000000,-127613.148438,2392.731689,50.000000,-2.000000,0.000000,-0.000000,0.000000,-239273.171875,-366886.312500,170126.000000,1172.306396,-197932.625000,1182913.875000,984981.250000
ml,p95,6129,2026-10-18,2407.568604,10.000000,2149.218262,50.000000,0.000000,0.000000,-0.000000,0.000000,0.000000,2552.262939,50.000000,-1.000000,0.000000,-0.000000,0.000000,-127613.148438,2431.499268,50.000000,-2.000000,0.000000,-0.000000,0.000000,-243149.921875,-370763.062500,170126.000000,1172.306396,-201809.375000,1182913.875000,981104.500000
ml,p95,6129,2026-10-19,2390.714111,10.000000,2149.218262,50.000000,0.000000,0.000000,-0.000000,0.000000,0.000000,2552.262939,50.000000,-1.000000,0.000000,-0.000000,0.000000,-127613.148438,2414.281250,50.000000,-2.000000,0.000000,-0.000000,0.000000,-241428.125000,-369041.281250,170126.000000,1172.306396,-200087.593750,1182913.875000,982826.250000
ml,p95,6129,2026-10-20,2406.682373,10.000000,2149.218262,50.000000,0.000000,0.000000,-0.000000,0.000000,0.000000,2552.262939,50.000000,-1.000000,0.000000,-0.000000,0.000000,-127613.148438,2426.537354,50.000000,-2.000000,0.000000,-0.000000,0.000000,-242653.734375,-370266.875000,170126.000000,1172.306396,-201313.187500,1182913.875000,981600.687500
ml,p95,6129,2026-10-21,2408.205811,10.000000,2149.218262,50.000000,0.000000,0.000000,-0.000000,0.000000,0.000000,2552.262939,50.000000,-1.000000,0.000000,-0.000000,0.000000,-127613.148438,2416.276123,50.000000,-2.000000,0.000000,-0.000000,0.000000,-241627.609375,-369240.750000,170126.000000,1172.306396,-200287.062500,1182913.875000,982626.812500
ml,p95,6129,2026-10-22,2403.290283,10.000000,2149.218262,50.000000,0.000000,0.000000,-0.000000,0.000000,0.000000,2552.262939,50.000000,-1.000000,0.000000,-0.000000,0.000000,-127613.148438,2416.489502,50.000000,-2.000000,0.000000,-0.000000,0.000000,-241648.953125,-369262.093750,170126.000000,1172.306396,-200308.406250,1182913.875000,982605.500000
ml,p95,6129,2026-10-23,2411.579834,10.000000,2149.218262,50.000000,0.000000,0.000000,-0.000000,0.000000,0.000000,2552.262939,50.000000,-1.000000,0.000000,-0.000000,0.000000,-127613.148438,2413.838623,50.000000,-2.000000,0.000000,-0.000000,0.000000,-241383.859375,-368997.000000,170126.000000,1172.306396,-200043.312500,1182913.875000,982870.562500
ml,p95,6129,2026-10-24,2410.148682,10.000000,2149.218262,50.000000,0.000000,0.000000,-0.000000,0.000000,0.000000,2552.262939,50.000000,-1.000000,0.000000,-0.000000,0.000000,-127613.148438,2427.021973,50.000000,-2.000000,0.000000,-0.000000,0.000000,-242702.203125,-370315.343750,170126.000000,1172.306396,-201361.656250,1182913.875000,981552.250000
ml,p95,6129,2026-10-25,2411.744141,10.000000,2149.218262,50.000000,0.000000,0.000000,-0.000000,0.000000,0.000000,2552.262939,50.000000,-1.000000,0.000000,-0.000000,0.000000,-127613.148438,2413.525635,50.000000,-2.000000,0.000000,-0.000000,0.000000,-241352.562500,-368965.718750,170126.000000,1172.306396,-200012.031250,1182913.875000,982901.875000
ml,p95,6129,2026-10-26,2409.229248,10.000000,2149.218262,50.000000,0.000000,0.000000,-0.000000,0.000000,0.000000,2552.262939,50.000000,-1.000000,0.000000,-0.000000,0.000000,-127613.148438,2384.329102,50.000000,-2.000000,0.000000,-0.000000,0.000000,-238432.906250,-366046.062500,170126.000000,1172.306396,-197092.375000,1182913.875000,985821.500000
ml,p95,6129,2026-10-27,2428.945068,10.000000,2149.218262,50.000000,0.000000,0.000000,-0.000000,0.000000,0.000000,2552.262939,50.000000,-1.000000,0.000000,-0.000000,0.000000,-127613.148438,2436.266846,50.000000,-2.000000,0.000000,-0.000000,0.000000,-243626.687500,-371239.843750,170126.000000,1172.306396,-202286.156250,1182913.875000,980627.750000
ml,p95,6129,2026-10-28,2413.406494,10.000000,2149.218262,50.000000,0.000000,0.000000,-0.000000,0.000000,0.000000,2552.262939,50.000000,-1.000000,0.000000,-0.000000,0.000000,-127613.148438,2402.697510,50.000000,-2.000000,0.000000,-0.000000,0.000000,-240269.750000,-367882.906250,170126.000000,1172.306396,-198929.218750,1182913.875000,983984.625000
ml,p95,6129,2026-10-29,2442.651611,10.000000,2149.218262,50.000000,0.000000,0.000000,-0.000000,0.000000,0.000000,2552.262939,50.000000,0.000000,1.000000,-127613.148438,63.806572,0.000000,2444.368408,50.000000,0.000000,2.000000,-244436.843750,122.218422,0.000000,0.000000,-201923.968750,1358.331543,-203282.296875,1182913.875000,979631.562500
ml,p95,6129,2026-10-30,2456.129883,10.000000,2149.218262,50.000000,0.000000,0.000000,-0.000000,0.000000,0.000000,2552.262939,50.000000,0.000000,0.000000,-0.000000,0.000000,0.000000,2444.368408,50.000000,0.000000,0.000000,-0.000000,0.000000,0.000000,0.000000,-201923.968750,1358.331543,-203282.296875,1182913.875000,979631.562500
ml,best,6671,2026-04-10,2055.000244,10.000000,2026.171509,50.000000,-1.000000,-1.000000,101308.578125,50.654285,-101308.578125,2047.068848,50.000000,-1.000000,-1.000000,102353.445312,51.176720,-102353.445312,2070.749756,50.000000,-1.000000,-1.000000,103537.484375,51.768742,-103537.484375,-307199.500000,307199.500000,153.599747,-153.599747,29559.361328,29405.761719
ml,best,6671,2026-04-11,2040.810425,10.000000,2039.753906,50.000000,-1.000000,0.000000,-0.000000,0.000000,-101987.695312,2058.103027,50.000000,-1.000000,0.000000,-0.000000,0.000000,-102905.148438,2078.319336,50.000000,-1.000000,0.000000,-0.000000,0.000000,-103915.968750,-308808.812500,307199.500000,153.599747,-1762.912231,-5168.118164,-6931.030273
ml,best,6671,2026-04-12,2052.456055,10.000000,2055.341309,50.000000,-1.000000,0.000000,-0.000000,0.000000,-102767.062500,2072.124512,50.000000,-1.000000,0.000000,-0.000000,0.000000,-103606.226562,2091.827881,50.000000,-1.000000,0.000000,-0.000000,0.000000,-104591.390625,-310964.687500,307199.500000,153.599747,-3918.787354,32999.347656,29080.560547
ml,best,6671,2026-04-13,2075.661621,10.000000,2073.223877,50.000000,-2.000000,-1.000000,103661.195312,51.830597,-207322.390625,2090.471436,50.000000,-2.000000,-1.000000,104523.570312,52.261784,-209047.140625,2110.310547,50.000000,-2.000000,-1.000000,105515.531250,52.757763,-211031.062500,-627400.625000,620899.812500,310.449890,-6811.262207,85509.171875,78697.906250
ml,best,6671,2026-04-14,2078.559814,10.000000,2071.594238,50.000000,-3.000000,-1.000000,103579.710938,51.789856,-310739.125000,2089.629150,50.000000,-3.000000,-1.000000,104481.460938,52.240730,-313444.375000,2109.126465,50.000000,-3.000000,-1.000000,105456.320312,52.728161,-316368.968750,-940552.500000,934417.375000,467.208649,-6602.333496,94854.976562,88252.640625
ml,best,6671,2026-04-15,2077.923584,10.000000,2074.372559,50.000000,-3.000000,0.000000,-0.000000,0.000000,-311155.875000,2092.889160,50.000000,-4.000000,-1.000000,104644.460938,52.322231,-418577.843750,2113.464111,50.000000,-4.000000,-1.000000,105673.203125,52.836597,-422692.812500,-1152426.500000,1144735.000000,572.367432,-8263.867188,100556.765625,92292.898438
ml,best,6671,2026-04-16,2148.511719,10.000000,2144.356201,50.000000,-3.000000,0.000000,-0.000000,0.000000,-321653.406250,2162.115967,50.000000,-4.000000,0.000000,-0.000000,0.000000,-432423.187500,2182.955566,50.000000,-4.000000,0.000000,-0.000000,0.000000,-436591.125000,-1190667.750000,1144735.000000,572.367432,-46505.117188,284361.562500,237856.437500
ml,best,6671,2026-04-17,2166.989502,10.000000,2179.259277,50.000000,-3.000000,0.000000,-0.000000,0.000000,-326888.906250,2197.365967,50.000000,-4.000000,0.000000,-0.000000,0.000000,-439473.187500,2218.803223,50.000000,-4.000000,0.000000,-0.000000,0.000000,-443760.656250,-1210122.750000,1144735.000000,572.367432,-65960.117188,338657.687500,272697.562500
ml,best,6671,2026-04-18,2177.758545,10.000000,2174.017822,50.000000,-3.000000,0.000000,-0.000000,0.000000,-326102.687500,2190.840820,50.000000,-4.000000,0.000000,-0.000000,0.000000,-438168.156250,2210.309570,50.000000,-4.000000,0.000000,-0.000000,0.000000,-442061.906250,-1206332.750000,1144735.000000,572.367432,-62170.117188,371471.843750,309301.718750
ml,best,6671,2026-04-19,2205.135986,10.000000,2204.432373,50.000000,-3.000000,0.000000,-0.000000,0.000000,-330664.843750,2224.198486,50.000000,-4.000000,0.000000,-0.000000,0.000000,-444839.687500,2244.843994,50.000000,-4.000000,0.000000,-0.000000,0.000000,-448968.812500,-1224473.250000,1144735.000000,572.367432,-80310.617188,437422.843750,357112.218750
ml,best,6671,2026-04-20,2177.683594,10.000000,2170.039307,50.000000,-3.000000,0.000000,-0.000000,0.000000,-325505.906250,2188.617676,50.000000,-4.000000,0.000000,-0.000000,0.000000,-437723.531250,2208.989502,50.000000,-4.000000,0.000000,-0.000000,0.000000,-441797.906250,-1205027.375000,1144735.000000,572.367432,-60864.742188,374598.000000,313733.250000
ml,best,6671,2026-04-21,2164.013672,10.000000,2162.168945,50.000000,-3.000000,0.000000,-0.000000,0.000000,-324325.343750,2181.680664,50.000000,-4.000000,0.000000,-0.000000,0.000000,-436336.125000,2203.076904,50.000000,-4.000000,0.000000,-0.000000,0.000000,-440615.375000,-1201276.875000,1144735.000000,572.367432,-57114.242188,346239.343750,289125.093750
ml,best,6671,2026-04-22,2116.010254,10.000000,2122.503174,50.000000,-3.000000,0.000000,-0.000000,0.000000,-318375.500000,2140.793213,50.000000,-4.000000,0.000000,-0.000000,0.000000,-428158.656250,2160.946777,50.000000,-4.000000,0.000000,-0.000000,0.000000,-432189.343750,-1178723.500000,1144735.000000,572.367432,-34560.867188,229385.437500,194824.562500
ml,best,6671,2026-04-23,2155.396973,10.000000,2149.613770,50.000000,-3.000000,0.000000,-0.000000,0.000000,-322442.062500,2167.637695,50.000000,-4.000000,0.000000,-0.000000,0.000000,-433527.531250,2186.921387,50.000000,-4.000000,0.000000,-0.000000,0.000000,-437384.281250,-1193353.875000,1144735.000000,572.367432,-49191.242188,332209.656250,283018.406250
ml,best,6671,2026-04-24,2183.712646,10.000000,2183.096924,50.000000,-3.000000,0.000000,-0.000000,0.000000,-327464.562500,2201.131348,50.000000,-4.000000,0.000000,-0.000000,0.000000,-440226.281250,2220.086914,50.000000,-4.000000,0.000000,-0.000000,0.000000,-444017.375000,-1211708.250000,1144735.000000,572.367432,-67545.617188,401886.312500,334340.687500
ml,best,6671,2026-04-25,2188.792480,10.000000,2201.754639,50.000000,-3.000000,0.000000,-0.000000,0.000000,-330263.187500,2219.315918,50.000000,-4.000000,0.000000,-0.000000,0.000000,-443863.187500,2239.629639,50.000000,-4.000000,0.000000,-0.000000,0.000000,-447925.937500,-1222052.250000,1144735.000000,572.367432,-77889.617188,414384.875000,336495.250000
ml,best,6671,2026-04-26,2187.692871,10.000000,2196.970215,50.000000,-3.000000,0.000000,-0.000000,0.000000,-329545.531250,2216.098145,50.000000,-4.000000,0.000000,-0.000000,0.000000,-443219.625000,2236.648682,50.000000,-4.000000,0.000000,-0.000000,0.000000,-447329.750000,-1220094.875000,1144735.000000,572.367432,-75932.242188,417019.500000,341087.250000
ml,best,6671,2026-04-27,2149.574463,10.000000,2151.377441,50.000000,-3.000000,0.000000,-0.000000,0.000000,-322706.625000,2169.682373,50.000000,-4.000000,0.000000,-0.000000,0.000000,-433936.468750,2190.032959,50.000000,-4.000000,0.000000,-0.000000,0.000000,-438006.593750,-1194649.750000,1144735.000000,572.367432,-50487.117188,327601.343750,277114.218750
ml,best,6671,2026-04-28,2193.961914,10.000000,2192.015625,50.000000,-3.000000,0.000000,-0.000000,0.000000,-328802.343750,2210.280273,50.000000,-4.000000,0.000000,-0.000000,0.000000,-442056.062500,2230.222412,50.000000,-4.000000,0.000000,-0.000000,0.000000,-446044.468750,-1216902.875000,1144735.000000,572.367432,-72740.242188,442739.312500,369999.062500
ml,best,6671,2026-04-29,2223.429688,10.000000,2243.041992,50.000000,-2.000000,1.000000,-112152.101562,56.076050,-224304.203125,2262.937744,50.000000,-4.000000,0.000000,-0.000000,0.000000,-452587.562500,2284.757568,50.000000,-4.000000,0.000000,-0.000000,0.000000,-456951.500000,-1133843.250000,1032582.875000,628.443481,-101888.820312,522823.375000,420934.562500
ml,best,6671,2026-04-30,2219.363281,10.000000,2243.041992,50.000000,-2.000000,0.000000,-0.000000,0.000000,-224304.203125,2243.142578,50.000000,-4.000000,0.000000,-0.000000,0.000000,-448628.500000,2265.684814,50.000000,-4.000000,0.000000,-0.000000,0.000000,-453136.968750,-1126069.625000,1032582.875000,628.443481,-94115.195312,515433.343750,421318.156250
ml,best,6671,2026-05-01,2223.218750,10.000000,2243.041992,50.000000,-2.000000,0.000000,-0.000000,0.000000,-224304.203125,2249.531982,50.000000,-4.000000,0.000000,-0.000000,0.000000,-449906.406250,2273.946289,50.000000,-4.000000,0.000000,-0.000000,0.000000,-454789.250000,-1128999.875000,1032582.875000,628.443481,-97045.445312,525182.875000,428137.437500
ml,best,6671,2026-05-02,2237.021729,10.000000,2243.041992,50.000000,-2.000000,0.000000,-0.000000,0.000000,-224304.203125,2255.920410,50.000000,-4.000000,0.000000,-0.000000,0.000000,-451184.093750,2281.903076,50.000000,-4.000000,0.000000,-0.000000,0.000000,-456380.625000,-1131869.000000,1032582.875000,628.443481,-99914.570312,559256.687500,459342.125000
ml,best,6671,2026-05-03,2217.740479,10.000000,2243.041992,50.000000,-2.000000,0.000000,-0.000000,0.000000,-224304.203125,2236.497314,50.000000,-4.000000,0.000000,-0.000000,0.000000,-447299.468750,2259.738525,50.000000,-4.000000,0.000000,-0.000000,0.000000,-451947.718750,-1123551.375000,1032582.875000,628.443481,-91596.945312,506745.156250,415148.218750
ml,best,6671,2026-05-04,2201.198486,10.000000,2243.041992,50.000000,-2.000000,0.000000,-0.000000,0.000000,-224304.203125,2215.169434,50.000000,-4.000000,0.000000,-0.000000,0.000000,-443033.875000,2237.937256,50.000000,-5.000000,-1.000000,111896.859375,55.948429,-559484.312500,-1226822.375000,1144479.750000,684.391968,-83027.015625,465760.468750,382733.437500
ml,best,6671,2026-05-05,2218.165527,10.000000,2243.041992,50.000000,-2.000000,0.000000,-0.000000,0.000000,-224304.203125,2238.359863,50.000000,-4.000000,0.000000,-0.000000,0.000000,-447671.968750,2261.251221,50.000000,-5.000000,0.000000,-0.000000,0.000000,-565312.812500,-1237289.000000,1144479.750000,684.391968,-93493.640625,509983.187500,416489.562500
ml,best,6671,2026-05-06,2216.018555,10.000000,2243.041992,50.000000,-2.000000,0.000000,-0.000000,0.000000,-224304.203125,2225.770996,50.000000,-4.000000,0.000000,-0.000000,0.000000,-445154.187500,2251.079346,50.000000,-5.000000,0.000000,-0.000000,0.000000,-562769.812500,-1232228.250000,1144479.750000,684.391968,-88432.890625,505725.812500,417292.937500
ml,best,6671,2026-05-07,2327.116455,10.000000,2243.041992,50.000000,-2.000000,0.000000,-0.000000,0.000000,-224304.203125,2337.375977,50.000000,-4.000000,0.000000,-0.000000,0.000000,-467475.187500,2363.356689,50.000000,-5.000000,0.000000,-0.000000,0.000000,-590839.187500,-1282618.500000,1144479.750000,684.391968,-138823.140625,789525.500000,650702.375000
ml,best,6671,2026-05-08,2287.248779,10.000000,2243.041992,50.000000,-2.000000,0.000000,-0.000000,0.000000,-224304.203125,2309.267822,50.000000,-4.000000,0.000000,-0.000000,0.000000,-461853.562500,2332.811279,50.000000,-5.000000,0.000000,-0.000000,0.000000,-583202.812500,-1269360.500000,1144479.750000,684.391968,-125565.140625,688166.937500,562601.812500
ml,best,6671,2026-05-09,2342.591797,10.000000,2243.041992,50.000000,-2.000000,0.000000,-0.000000,0.000000,-224304.203125,2352.345947,50.000000,-4.000000,0.000000,-0.000000,0.000000,-470469.187500,2376.083496,50.000000,-5.000000,0.000000,-0.000000,0.000000,-594020.875000,-1288794.250000,1144479.750000,684.391968,-144998.890625,823424.062500,678425.187500
ml,best,6671,2026-05-10,2328.130859,10.000000,2243.041992,50.000000,-2.000000,0.000000,-0.000000,0.000000,-224304.203125,2318.166016,50.000000,-4.000000,0.000000,-0.000000,0.000000,-463633.187500,2341.688477,50.000000,-5.000000,0.000000,-0.000000,0.000000,-585422.125000,-1273359.500000,1144479.750000,684.391968,-129564.140625,783753.562500,654189.437500
ml,best,6671,2026-05-11,2389.046875,10.000000,2243.041992,50.000000,-2.000000,0.000000,-0.000000,0.000000,-224304.203125,2396.266113,50.000000,-4.000000,0.000000,-0.000000,0.000000,-479253.218750,2420.364746,50.000000,-5.000000,0.000000,-0.000000,0.000000,-605091.187500,-1308648.625000,1144479.750000,684.391968,-164853.265625,939062.187500,774208.937500
ml,best,6671,2026-05-12,2417.653320,10.000000,2243.041992,50.000000,-2.000000,0.000000,-0.000000,0.000000,-224304.203125,2426.782471,50.000000,-4.000000,0.000000,-0.000000,0.000000,-485356.500000,2450.297119,50.000000,-5.000000,0.000000,-0.000000,0.000000,-612574.250000,-1322235.000000,1144479.750000,684.391968,-178439.640625,1005858.187500,827418.562500
ml,best,6671,2026-05-13,2452.798828,10.000000,2243.041992,50.000000,-2.000000,0.000000,-0.000000,0.000000,-224304.203125,2473.920166,50.000000,-4.000000,0.000000,-0.000000,0.000000,-494784.031250,2499.336670,50.000000,-5.000000,0.000000,-0.000000,0.000000,-624834.187500,-1343922.500000,1144479.750000,684.391968,-200127.140625,1088968.000000,888840.875000
ml,best,6671,2026-05-14,2446.497070,10.000000,2243.041992,50.000000,-2.000000,0.000000,-0.000000,0.000000,-224304.203125,2470.197021,50.000000,-4.000000,0.000000,-0.000000,0.000000,-494039.406250,2497.145996,50.000000,-5.000000,0.000000,-0.000000,0.000000,-624286.500000,-1342630.125000,1144479.750000,684.391968,-198834.765625,1078366.875000,879532.125000
ml,best,6671,2026-05-15,2478.646240,10.000000,2243.041992,50.000000,-2.000000,0.000000,-0.000000,0.000000,-224304.203125,2494.722656,50.000000,-4.000000,0.000000,-0.000000,0.000000,-498944.531250,2532.120850,50.000000,-5.000000,0.000000,-0.000000,0.000000,-633030.250000,-1356279.000000,1144479.750000,684.391968,-212483.640625,1162515.750000,950032.125000
ml,best,6671,2026-05-16,2540.807373,10.000000,2243.041992,50.000000,-2.000000,0.000000,-0.000000,0.000000,-224304.203125,2550.050781,50.000000,-4.000000,0.000000,-0.000000,0.000000,-510010.156250,2586.626953,50.000000,-5.000000,0.000000,-0.000000,0.000000,-646656.750000,-1380971.125000,1144479.750000,684.391968,-237175.765625,1313671.500000,1076495.750000
ml,best,6671,2026-05-17,2562.762695,10.000000,2243.041992,50.000000,-2.000000,0.000000,-0.000000,0.000000,-224304.203125,2576.625488,50.000000,-4.000000,0.000000,-0.000000,0.000000,-515325.093750,2612.636475,50.000000,-5.000000,0.000000,-0.000000,0.000000,-653159.125000,-1392788.500000,1144479.750000,684.391968,-248993.140625,1361476.000000,1112482.875000
ml,best,6671,2026-05-18,2595.011719,10.000000,2243.041992,50.000000,-2.000000,0.000000,-0.000000,0.000000,-224304.203125,2616.276855,50.000000,-4.000000,0.000000,-0.000000,0.000000,-523255.375000,2654.159180,50.000000,-5.000000,0.000000,-0.000000,0.000000,-663539.812500,-1411099.375000,1144479.750000,684.391968,-267304.031250,1443854.875000,1176550.875000
ml,best,6671,2026-05-19,2636.347168,10.000000,2243.041992,50.000000,-2.000000,0.000000,-0.000000,0.000000,-224304.203125,2678.997314,50.000000,-4.000000,0.000000,-0.000000,0.000000,-535799.437500,2725.384766,50.000000,-5.000000,0.000000,-0.000000,0.000000,-681346.187500,-1441449.750000,1144479.750000,684.391968,-297654.406250,1548172.875000,1250518.500000
ml,best,6671,2026-05-20,2799.515137,10.000000,2243.041992,50.000000,-2.000000,0.000000,-0.000000,0.000000,-224304.203125,2850.552490,50.000000,-4.000000,0.000000,-0.000000,0.000000,-570110.500000,2901.949463,50.000000,-5.000000,0.000000,-0.000000,0.000000,-725487.375000,-1519902.000000,1144479.750000,684.391968,-376106.656250,1956722.875000,1580616.250000
ml,best,6671,2026-05-21,2819.602539,10.000000,2243.041992,50.000000,-2.000000,0.000000,-0.000000,0.000000,-224304.203125,2849.949707,50.000000,-4.000000,0.000000,-0.000000,0.000000,-569989.937500,2896.181885,50.000000,-5.000000,0.000000,-0.000000,0.000000,-724045.437500,-1518339.500000,1144479.750000,684.391968,-374544.156250,2001722.125000,1627178.000000
ml,best,6671,2026-05-22,2833.611816,10.000000,2243.041992,50.000000,-2.000000,0.000000,-0.000000,0.000000,-224304.203125,2860.370605,50.000000,-4.000000,0.000000,-0.000000,0.000000,-572074.125000,2904.786377,50.000000,-5.000000,0.000000,-0.000000,0.000000,-726196.562500,-1522574.875000,1144479.750000,684.391968,-378779.531250,2037339.375000,1658559.875000
ml,best,6671,2026-05-23,2864.965088,10.000000,2243.041992,50.000000,-2.000000,0.000000,-0.000000,0.000000,-224304.203125,2891.691650,50.000000,-4.000000,0.000000,-0.000000,0.000000,-578338.312500,2935.706299,50.000000,-5.000000,0.000000,-0.000000,0.000000,-733926.562500,-1536569.000000,1144479.750000,684.391968,-392773.656250,2114312.250000,1721538.625000
ml,best,6671,2026-05-24,2855.825195,10.000000,2243.041992,50.000000,-2.000000,0.000000,-0.000000,0.000000,-224304.203125,2873.144043,50.000000,-4.000000,0.000000,-0.000000,0.000000,-574628.812500,2915.261475,50.000000,-5.000000,0.000000,-0.000000,0.000000,-728815.375000,-1527748.375000,1144479.750000,684.391968,-383953.031250,2089925.375000,1705972.375000
ml,best,6671,2026-05-25,2878.599854,10.000000,2243.041992,50.000000,-2.000000,0.000000,-0.000000,0.000000,-224304.203125,2889.580566,50.000000,-4.000000,0.000000,-0.000000,0.000000,-577916.125000,2932.556885,50.000000,-5.000000,0.000000,-0.000000,0.000000,-733139.187500,-1535359.500000,1144479.750000,684.391968,-391564.156250,2146754.500000,1755190.375000
ml,best,6671,2026-05-26,2896.448242,10.000000,2243.041992,50.000000,-2.000000,0.000000,-0.000000,0.000000,-224304.203125,2924.632080,50.000000,-4.000000,0.000000,-0.000000,0.000000,-584926.437500,2965.384521,50.000000,-5.000000,0.000000,-0.000000,0.000000,-741346.125000,-1550576.750000,1144479.750000,684.391968,-406781.406250,2188415.750000,1781634.375000
ml,best,6671,2026-05-27,2891.296875,10.000000,2243.041992,50.000000,-2.000000,0.000000,-0.000000,0.000000,-224304.203125,2957.280029,50.000000,-4.000000,0.000000,-0.000000,0.000000,-591456.000000,2997.424072,50.000000,-5.000000,0.000000,-0.000000,0.000000,-749356.000000,-1565116.250000,1144479.750000,684.391968,-421320.906250,2177585.750000,1756264.875000
ml,best,6671,2026-05-28,2893.710693,10.000000,2243.041992,50.000000,-2.000000,0.000000,-0.000000,0.000000,-224304.203125,2947.229004,50.000000,-4.000000,0.000000,-0.000000,0.000000,-589445.812500,2988.266602,50.000000,-5.000000,0.000000,-0.000000,0.000000,-747066.625000,-1560816.625000,1144479.750000,684.391968,-417021.281250,2182144.250000,1765123.000000
ml,best,6671,2026-05-29,2867.565918,10.000000,2243.041992,50.000000,-2.000000,0.000000,-0.000000,0.000000,-224304.203125,2909.090332,50.000000,-4.000000,0.000000,-0.000000,0.000000,-581818.062500,2952.700439,50.000000,-5.000000,0.000000,-0.000000,0.000000,-738175.125000,-1544297.375000,1144479.750000,684.391968,-400502.031250,2113393.000000,1712891.000000
ml,best,6671,2026-05-30,2869.862549,10.000000,2243.041992,50.000000,-2.000000,0.000000,-0.000000,0.000000,-224304.203125,2914.888916,50.000000,-4.000000,0.000000,-0.000000,0.000000,-582977.812500,2958.527832,50.000000,-5.000000,0.000000,-0.000000,0.000000,-739631.937500,-1546914.000000,1144479.750000,684.391968,-403118.656250,2117160.250000,1714041.625000
ml,best,6671,2026-05-31,2949.979492,10.000000,2243.041992,50.000000,-2.000000,0.000000,-0.000000,0.000000,-224304.203125,2961.782471,50.000000,-4.000000,0.000000,-0.000000,0.000000,-592356.500000,3003.652588,50.000000,-5.000000,0.000000,-0.000000,0.000000,-750913.125000,-1567573.750000,1144479.750000,684.391968,-423778.406250,2316918.250000,1893139.875000
ml,best,6671,2026-06-01,2887.194336,10.000000,2243.041992,50.000000,-2.000000,0.000000,-0.000000,0.000000,-224304.203125,2914.091553,50.000000,-4.000000,0.000000,-0.000000,0.000000,-582818.312500,2955.404541,50.000000,-5.000000,0.000000,-0.000000,0.000000,-738851.125000,-1545973.625000,1144479.750000,684.391968,-402178.281250,2154592.500000,1752414.250000
ml,best,6671,2026-06-02,2891.317627,10.000000,2243.041992,50.000000,-2.000000,0.000000,-0.000000,0.000000,-224304.203125,2929.161133,50.000000,-4.000000,0.000000,-0.000000,0.000000,-585832.250000,2972.475586,50.000000,-5.000000,0.000000,-0.000000,0.000000,-743118.875000,-1553255.250000,1144479.750000,684.391968,-409459.906250,2164331.500000,1754871.625000
ml,best,6671,2026-06-03,2924.508789,10.000000,2243.041992,50.000000,-2.000000,0.000000,-0.000000,0.000000,-224304.203125,2961.791260,50.000000,-4.000000,0.000000,-0.000000,0.000000,-592358.250000,3003.000732,50.000000,-5.000000,0.000000,-0.000000,0.000000,-750750.187500,-1567412.625000,1144479.750000,684.391968,-423617.281250,2247392.000000,1823774.750000
ml,best,6671,2026-06-04,2935.102295,10.000000,2243.041992,50.000000,-2.000000,0.000000,-0.000000,0.000000,-224304.203125,2960.335938,50.000000,-4.000000,0.000000,-0.000000,0.000000,-592067.187500,3000.931641,50.000000,-5.000000,0.000000,-0.000000,0.000000,-750232.937500,-1566604.250000,1144479.750000,684.391968,-422808.906250,2274374.500000,1851565.625000
ml,best,6671,2026-06-05,2973.411377,10.000000,2243.041992,50.000000,-2.000000,0.000000,-0.000000,0.000000,-224304.203125,2977.285156,50.000000,-4.000000,0.000000,-0.000000,0.000000,-595457.000000,3021.457520,50.000000,-5.000000,0.000000,-0.000000,0.000000,-755364.375000,-1575125.500000,1144479.750000,684.391968,-431330.156250,2369534.000000,1938203.875000
ml,best,6671,2026-06-06,2933.363037,10.000000,2243.041992,50.000000,-2.000000,0.000000,-0.000000,0.000000,-224304.203125,2932.408447,50.000000,-4.000000,0.000000,-0.000000,0.000000,-586481.687500,2974.520020,50.000000,-5.000000,0.000000,-0.000000,0.000000,-743630.000000,-1554415.875000,1144479.750000,684.391968,-410620.531250,2269528.750000,1858908.250000
ml,best,6671,2026-06-07,2898.050781,10.000000,2243.041992,50.000000,-2.000000,0.000000,-0.000000,0.000000,-224304.203125,2913.727295,50.000000,-4.000000,0.000000,-0.000000,0.000000,-582745.437500,2958.973877,50.000000,-5.000000,0.000000,-0.000000,0.000000,-739743.437500,-1546793.000000,1144479.750000,684.391968,-402997.656250,2179661.500000,1776663.875000
ml,best,6671,2026-06-08,2917.529053,10.000000,2243.041992,50.000000,-2.000000,0.000000,-0.000000,0.000000,-224304.203125,2929.158447,50.000000,-4.000000,0.000000,-0.000000,0.000000,-585831.687500,2970.450928,50.000000,-5.000000,0.000000,-0.000000,0.000000,-742612.750000,-1552748.625000,1144479.750000,684.391968,-408953.281250,2224947.000000,1815993.750000
ml,best,6671,2026-06-09,2970.024658,10.000000,2243.041992,50.000000,-2.000000,0.000000,-0.000000,0.000000,-224304.203125,2992.495850,50.000000,-4.000000,0.000000,-0.000000,0.000000,-598499.187500,3037.487793,50.000000,-5.000000,0.000000,-0.000000,0.000000,-759372.000000,-1582175.375000,1144479.750000,684.391968,-438380.031250,2361389.750000,1923009.750000
ml,best,6671,2026-06-10,3053.663818,10.000000,2243.041992,50.000000,-2.000000,0.000000,-0.000000,0.000000,-224304.203125,3080.474365,50.000000,-4.000000,0.000000,-0.000000,0.000000,-616094.875000,3122.525391,50.000000,-4.000000,1.000000,-156126.265625,78.063126,-624505.062500,-1464904.125000,988353.437500,762.455078,-477313.156250,2568036.500000,2090723.375000
ml,best,6671,2026-06-11,3063.692383,10.000000,2243.041992,50.000000,-2.000000,0.000000,-0.000000,0.000000,-224304.203125,3098.537354,50.000000,-4.000000,0.000000,-0.000000,0.000000,-619707.500000,3141.541748,50.000000,-4.000000,0.000000,-0.000000,0.000000,-628308.375000,-1472320.000000,988353.437500,762.455078,-484729.031250,2594051.250000,2109322.250000
ml,best,6671,2026-06-12,3163.381348,10.000000,2243.041992,50.000000,-2.000000,0.000000,-0.000000,0.000000,-224304.203125,3207.537354,50.000000,-4.000000,0.000000,-0.000000,0.000000,-641507.500000,3252.817139,50.000000,-4.000000,0.000000,-0.000000,0.000000,-650563.437500,-1516375.125000,988353.437500,762.455078,-528784.125000,2843157.500000,2314373.500000
ml,best,6671,2026-06-13,3160.839111,10.000000,2243.041992,50.000000,-2.000000,0.000000,-0.000000,0.000000,-224304.203125,3207.572998,50.000000,-4.000000,0.000000,-0.000000,0.000000,-641514.625000,3252.179199,50.000000,-4.000000,0.000000,-0.000000,0.000000,-650435.812500,-1516254.625000,988353.437500,762.455078,-528663.625000,2836039.500000,2307376.000000
ml,best,6671,2026-06-14,3119.735840,10.000000,2243.041992,50.000000,-2.000000,0.000000,-0.000000,0.000000,-224304.203125,3134.406494,50.000000,-4.000000,0.000000,-0.000000,0.000000,-626881.312500,3173.659912,50.000000,-4.000000,0.000000,-0.000000,0.000000,-634732.000000,-1485917.500000,988353.437500,762.455078,-498326.531250,2732259.750000,2233933.250000
ml,best,6671,2026-06-15,3135.355957,10.000000,2243.041992,50.000000,-2.000000,0.000000,-0.000000,0.000000,-224304.203125,3143.035400,50.000000,-4.000000,0.000000,-0.000000,0.000000,-628607.062500,3183.248779,50.000000,-4.000000,0.000000,-0.000000,0.000000,-636649.750000,-1489561.000000,988353.437500,762.455078,-501970.031250,2770200.500000,2268230.500000
ml,best,6671,2026-06-16,3150.733154,10.000000,2243.041992,50.000000,-2.000000,0.000000,-0.000000,0.000000,-224304.203125,3172.698486,50.000000,-4.000000,0.000000,-0.000000,0.000000,-634539.687500,3211.497559,50.000000,-4.000000,0.000000,-0.000000,0.000000,-642299.500000,-1501143.375000,988353.437500,762.455078,-513552.406250,2804090.000000,2290537.500000
ml,best,6671,2026-06-17,3167.583740,10.000000,2243.041992,50.000000,-2.000000,0.000000,-0.000000,0.000000,-224304.203125,3203.889404,50.000000,-4.000000,0.000000,-0.000000,0.000000,-640777.875000,3241.376221,50.000000,-4.000000,0.000000,-0.000000,0.000000,-648275.250000,-1513357.250000,988353.437500,762.455078,-525766.250000,2842962.500000,2317196.250000
ml,best,6671,2026-06-18,3210.471191,10.000000,2243.041992,50.000000,-2.000000,0.000000,-0.000000,0.000000,-224304.203125,3216.598633,50.000000,-4.000000,0.000000,-0.000000,0.000000,-643319.750000,3250.886230,50.000000,-4.000000,0.000000,-0.000000,0.000000,-650177.250000,-1517801.250000,988353.437500,762.455078,-530210.250000,2946370.250000,2416160.000000
ml,best,6671,2026-06-19,3223.682373,10.000000,2243.041992,50.000000,-2.000000,0.000000,-0.000000,0.000000,-224304.203125,3288.440186,50.000000,-4.000000,0.000000,-0.000000,0.000000,-657688.062500,3319.269531,50.000000,-4.000000,0.000000,-0.000000,0.000000,-663853.875000,-1545846.125000,988353.437500,762.455078,-558255.125000,2978975.250000,2420720.000000
ml,best,6671,2026-06-20,3260.468994,10.000000,2243.041992,50.000000,-2.000000,0.000000,-0.000000,0.000000,-224304.203125,3327.201660,50.000000,-4.000000,0.000000,-0.000000,0.000000,-665440.312500,3363.657715,50.000000,-4.000000,0.000000,-0.000000,0.000000,-672731.562500,-1562476.000000,988353.437500,762.455078,-574885.000000,3070149.750000,2495264.750000
ml,best,6671,2026-06-21,3261.647461,10.000000,2243.041992,50.000000,-2.000000,0.000000,-0.000000,0.000000,-224304.203125,3310.363770,50.000000,-4.000000,0.000000,-0.000000,0.000000,-662072.750000,3348.224609,50.000000,-4.000000,0.000000,-0.000000,0.000000,-669644.937500,-1556021.875000,988353.437500,762.455078,-568430.875000,3068541.750000,2500111.000000
ml,best,6671,2026-06-22,3241.337158,10.000000,2243.041992,50.000000,-2.000000,0.000000,-0.000000,0.000000,-224304.203125,3250.782715,50.000000,-4.000000,0.000000,-0.000000,0.000000,-650156.562500,3287.649902,50.000000,-4.000000,0.000000,-0.000000,0.000000,-657530.000000,-1531990.750000,988353.437500,762.455078,-544399.750000,3014887.250000,2470487.500000
ml,best,6671,2026-06-23,3234.213623,10.000000,2243.041992,50.000000,-2.000000,0.000000,-0.000000,0.000000,-224304.203125,3218.800293,50.000000,-4.000000,0.000000,-0.000000,0.000000,-643760.062500,3252.063721,50.000000,-4.000000,0.000000,-0.000000,0.000000,-650412.750000,-1518477.000000,988353.437500,762.455078,-530886.000000,2997702.250000,2466816.250000
ml,best,6671,2026-06-24,3270.259766,10.000000,2243.041992,50.000000,-2.000000,0.000000,-0.000000,0.000000,-224304.203125,3263.701660,50.000000,-4.000000,0.000000,-0.000000,0.000000,-652740.312500,3300.505859,50.000000,-4.000000,0.000000,-0.000000,0.000000,-660101.187500,-1537145.750000,988353.437500,762.455078,-549554.750000,3088126.750000,2538572.000000
ml,best,6671,2026-06-25,3253.619873,10.000000,2243.041992,50.000000,-2.000000,0.000000,-0.000000,0.000000,-224304.203125,3244.208496,50.000000,-4.000000,0.000000,-0.000000,0.000000,-648841.687500,3278.706543,50.000000,-4.000000,0.000000,-0.000000,0.000000,-655741.312500,-1528887.250000,988353.437500,762.455078,-541296.250000,3043724.750000,2502428.500000
ml,best,6671,2026-06-26,3340.537109,10.000000,2243.041992,50.000000,-2.000000,0.000000,-0.000000,0.000000,-224304.203125,3315.815186,50.000000,-4.000000,0.000000,-0.000000,0.000000,-663163.062500,3353.795898,50.000000,-4.000000,0.000000,-0.000000,0.000000,-670759.187500,-1558226.500000,988353.437500,762.455078,-570635.500000,3258528.500000,2687893.000000
ml,best,6671,2026-06-27,3284.668945,10.000000,2243.041992,50.000000,-2.000000,0.000000,-0.000000,0.000000,-224304.203125,3276.863281,50.000000,-4.000000,0.000000,-0.000000,0.000000,-655372.625000,3315.355957,50.000000,-4.000000,0.000000,-0.000000,0.000000,-663071.187500,-1542748.000000,988353.437500,762.455078,-555157.000000,3117593.250000,2562436.250000
ml,best,6671,2026-06-28,3332.340576,10.000000,2243.041992,50.000000,-2.000000,0.000000,-0.000000,0.000000,-224304.203125,3342.969238,50.000000,-4.000000,0.000000,-0.000000,0.000000,-668593.875000,3376.600098,50.000000,-4.000000,0.000000,-0.000000,0.000000,-675320.000000,-1568218.000000,988353.437500,762.455078,-580627.000000,3235181.000000,2654554.000000
ml,best,6671,2026-06-29,3285.624512,10.000000,2243.041992,50.000000,-2.000000,0.000000,-0.000000,0.000000,-224304.203125,3288.658447,50.000000,-4.000000,0.000000,-0.000000,0.000000,-657731.687500,3320.790039,50.000000,-4.000000,0.000000,-0.000000,0.000000,-664158.000000,-1546193.875000,988353.437500,762.455078,-558602.875000,3116326.500000,2557723.500000
ml,best,6671,2026-06-30,3262.310303,10.000000,2243.041992,50.000000,-2.000000,0.000000,-0.000000,0.000000,-224304.203125,3256.047607,50.000000,-4.000000,0.000000,-0.000000,0.000000,-651209.500000,3286.639160,50.000000,-4.000000,0.000000,-0.000000,0.000000,-657327.812500,-1532841.500000,988353.437500,762.455078,-545250.500000,3057673.750000,2512423.250000
ml,best,6671,2026-07-01,3203.192383,10.000000,2243.041992,50.000000,-2.000000,0.000000,-0.000000,0.000000,-224304.203125,3202.069580,50.000000,-4.000000,0.000000,-0.000000,0.000000,-640413.937500,3233.645752,50.000000,-4.000000,0.000000,-0.000000,0.000000,-646729.125000,-1511447.250000,988353.437500,762.455078,-523856.281250,2907525.500000,2383669.250000
ml,best,6671,2026-07-02,3177.337891,10.000000,2243.041992,50.000000,-2.000000,0.000000,-0.000000,0.000000,-224304.203125,3169.843506,50.000000,-4.000000,0.000000,-0.000000,0.000000,-633968.687500,3200.234131,50.000000,-4.000000,0.000000,-0.000000,0.000000,-640046.812500,-1498319.750000,988353.437500,762.455078,-510728.781250,2845813.750000,2335085.000000
ml,best,6671,2026-07-03,3152.581543,10.000000,2243.041992,50.000000,-2.000000,0.000000,-0.000000,0.000000,-224304.203125,3155.089355,50.000000,-4.000000,0.000000,-0.000000,0.000000,-631017.875000,3187.888672,50.000000,-4.000000,0.000000,-0.000000,0.000000,-637577.750000,-1492899.750000,988353.437500,762.455078,-505308.781250,2788221.500000,2282912.750000
ml,best,6671,2026-07-04,3161.806885,10.000000,2243.041992,50.000000,-2.000000,0.000000,-0.000000,0.000000,-224304.203125,3182.921143,50.000000,-4.000000,0.000000,-0.000000,0.000000,-636584.250000,3221.518311,50.000000,-4.000000,0.000000,-0.000000,0.000000,-644303.687500,-1505192.125000,988353.437500,762.455078,-517601.156250,2807023.500000,2289422.250000
ml,best,6671,2026-07-05,3185.833496,10.000000,2243.041992,50.000000,-2.000000,0.000000,-0.000000,0.000000,-224304.203125,3197.406738,50.000000,-4.000000,0.000000,-0.000000,0.000000,-639481.375000,3233.779053,50.000000,-4.000000,0.000000,-0.000000,0.000000,-646755.812500,-1510541.375000,988353.437500,762.455078,-522950.406250,2858034.250000,2335083.750000
ml,best,6671,2026-07-06,3293.539551,10.000000,2243.041992,50.000000,-2.000000,0.000000,-0.000000,0.000000,-224304.203125,3338.062744,50.000000,-3.000000,1.000000,-166903.140625,83.451569,-500709.437500,3377.131348,50.000000,-4.000000,0.000000,-0.000000,0.000000,-675426.250000,-1400439.875000,821450.312500,845.906616,-579835.500000,3093772.000000,2513936.500000
ml,best,6671,2026-07-07,3332.381836,10.000000,2243.041992,50.000000,-2.000000,0.000000,-0.000000,0.000000,-224304.203125,3348.267578,50.000000,-3.000000,0.000000,-0.000000,0.000000,-502240.125000,3384.910645,50.000000,-4.000000,0.000000,-0.000000,0.000000,-676982.125000,-1403526.500000,821450.312500,845.906616,-582922.125000,3172088.250000,2589166.000000
ml,best,6671,2026-07-08,3355.866943,10.000000,2243.041992,50.000000,-2.000000,0.000000,-0.000000,0.000000,-224304.203125,3370.731445,50.000000,-3.000000,0.000000,-0.000000,0.000000,-505609.718750,3405.205322,50.000000,-4.000000,0.000000,-0.000000,0.000000,-681041.062500,-1410955.000000,821450.312500,845.906616,-590350.625000,3216894.500000,2626544.000000
ml,best,6671,2026-07-09,3312.578369,10.000000,2243.041992,50.000000,-2.000000,0.000000,-0.000000,0.000000,-224304.203125,3300.110840,50.000000,-3.000000,0.000000,-0.000000,0.000000,-495016.593750,3336.054443,50.000000,-4.000000,0.000000,-0.000000,0.000000,-667210.875000,-1386531.750000,821450.312500,845.906616,-565927.375000,3136869.500000,2570942.000000
ml,best,6671,2026-07-10,3337.951172,10.000000,2243.041992,50.000000,-2.000000,0.000000,-0.000000,0.000000,-224304.203125,3339.462891,50.000000,-3.000000,0.000000,-0.000000,0.000000,-500919.437500,3372.698730,50.000000,-4.000000,0.000000,-0.000000,0.000000,-674539.750000,-1399763.375000,821450.312500,845.906616,-579159.000000,3179068.750000,2599909.750000
ml,best,6671,2026-07-11,3304.034668,10.000000,2243.041992,50.000000,-2.000000,0.000000,-0.000000,0.000000,-224304.203125,3305.805176,50.000000,-3.000000,0.000000,-0.000000,0.000000,-495870.812500,3341.289307,50.000000,-4.000000,0.000000,-0.000000,0.000000,-668257.875000,-1388432.875000,821450.312500,845.906616,-567828.500000,3122612.500000,2554784.000000
ml,best,6671,2026-07-12,3315.210938,10.000000,2243.041992,50.000000,-2.000000,0.000000,-0.000000,0.000000,-224304.203125,3299.828369,50.000000,-3.000000,0.000000,-0.000000,0.000000,-494974.281250,3334.467285,50.000000,-4.000000,0.000000,-0.000000,0.000000,-666893.437500,-1386172.000000,821450.312500,845.906616,-565567.625000,3140111.750000,2574544.000000
ml,best,6671,2026-07-13,3377.146484,10.000000,2243.041992,50.000000,-2.000000,0.000000,-0.000000,0.000000,-224304.203125,3380.410889,50.000000,-3.000000,0.000000,-0.000000,0.000000,-507061.625000,3415.926758,50.000000,-4.000000,0.000000,-0.000000,0.000000,-683185.375000,-1414551.250000,821450.312500,845.906616,-593946.875000,3240043.250000,2646096.500000
ml,best,6671,2026-07-14,3398.648438,10.000000,2243.041992,50.000000,-2.000000,0.000000,-0.000000,0.000000,-224304.203125,3394.564453,50.000000,-3.000000,0.000000,-0.000000,0.000000,-509184.656250,3431.805664,50.000000,-4.000000,0.000000,-0.000000,0.000000,-686361.125000,-1419850.000000,821450.312500,845.906616,-599245.625000,3272004.000000,2672758.500000
ml,best,6671,2026-07-15,3363.329102,10.000000,2243.041992,50.000000,-2.000000,0.000000,-0.000000,0.000000,-224304.203125,3355.917969,50.000000,-3.000000,0.000000,-0.000000,0.000000,-503387.687500,3391.289062,50.000000,-4.000000,0.000000,-0.000000,0.000000,-678257.812500,-1405949.750000,821450.312500,845.906616,-585345.375000,3222112.500000,2636767.000000
ml,best,6671,2026-07-16,3318.485107,10.000000,2243.041992,50.000000,-2.000000,0.000000,-0.000000,0.000000,-224304.203125,3330.299072,50.000000,-3.000000,0.000000,-0.000000,0.000000,-499544.875000,3359.956787,50.000000,-4.000000,0.000000,-0.000000,0.000000,-671991.375000,-1395840.500000,821450.312500,845.906616,-575236.125000,3163574.250000,2588338.000000
ml,best,6671,2026-07-17,3309.954102,10.000000,2243.041992,50.000000,-2.000000,0.000000,-0.000000,0.000000,-224304.203125,3300.246826,50.000000,-3.000000,0.000000,-0.000000,0.000000,-495037.000000,3327.583496,50.000000,-4.000000,0.000000,-0.000000,0.000000,-665516.687500,-1384857.875000,821450.312500,845.906616,-564253.500000,3153154.500000,2588901.000000
ml,best,6671,2026-07-18,3362.953857,10.000000,2243.041992,50.000000,-2.000000,0.000000,-0.000000,0.000000,-224304.203125,3352.538330,50.000000,-3.000000,0.000000,-0.000000,0.000000,-502880.750000,3380.383545,50.000000,-4.000000,0.000000,-0.000000,0.000000,-676076.687500,-1403261.625000,821450.312500,845.906616,-582657.250000,3210278.000000,2627620.750000
ml,best,6671,2026-07-19,3375.395020,10.000000,2243.041992,50.000000,-2.000000,0.000000,-0.000000,0.000000,-224304.203125,3384.304688,50.000000,-3.000000,0.000000,-0.000000,0.000000,-507645.687500,3415.272217,50.000000,-4.000000,0.000000,-0.000000,0.000000,-683054.437500,-1415004.250000,821450.312500,845.906616,-594399.875000,3223123.750000,2628724.000000
ml,best,6671,2026-07-20,3403.484619,10.000000,2243.041992,50.000000,-2.000000,0.000000,-0.000000,0.000000,-224304.203125,3423.250000,50.000000,-3.000000,0.000000,-0.000000,0.000000,-513487.500000,3456.238770,50.000000,-4.000000,0.000000,-0.000000,0.000000,-691247.750000,-1429039.500000,821450.312500,845.906616,-608435.125000,3252880.000000,2644445.000000
ml,best,6671,2026-07-21,3449.950928,10.000000,2243.041992,50.000000,-2.000000,0.000000,-0.000000,0.000000,-224304.203125,3466.695068,50.000000,-3.000000,0.000000,-0.000000,0.000000,-520004.250000,3503.921143,50.000000,-4.000000,0.000000,-0.000000,0.000000,-700784.250000,-1445092.750000,821450.312500,845.906616,-624488.375000,3297662.750000,2673174.500000
ml,best,6671,2026-07-22,3396.522949,10.000000,2243.041992,50.000000,-2.000000,0.000000,-0.000000,0.000000,-224304.203125,3399.785889,50.000000,-3.000000,0.000000,-0.000000,0.000000,-509967.875000,3434.976562,50.000000,-4.000000,0.000000,-0.000000,0.000000,-686995.312500,-1421267.375000,821450.312500,845.906616,-600663.000000,3250765.500000,2650102.500000
ml,best,6671,2026-07-23,3391.418457,10.000000,2243.041992,50.000000,-2.000000,0.000000,-0.000000,0.000000,-224304.203125,3386.449951,50.000000,-3.000000,0.000000,-0.000000,0.000000,-507967.468750,3423.792236,50.000000,-4.000000,0.000000,-0.000000,0.000000,-684758.437500,-1417030.125000,821450.312500,845.906616,-596425.750000,3246863.500000,2650437.750000
ml,best,6671,2026-07-24,3441.617432,10.000000,2243.041992,50.000000,-2.000000,0.000000,-0.000000,0.000000,-224304.203125,3452.408447,50.000000,-3.000000,0.000000,-0.000000,0.000000,-517861.281250,3489.072266,50.000000,-4.000000,0.000000,-0.000000,0.000000,-697814.437500,-1439980.000000,821450.312500,845.906616,-619375.625000,3279280.500000,2659905.000000
ml,best,6671,2026-07-25,3455.041504,10.000000,2243.041992,50.000000,-2.000000,0.000000,-0.000000,0.000000,-224304.203125,3465.151367,50.000000,-3.000000,0.000000,-0.000000,0.000000,-519772.718750,3501.489014,50.000000,-4.000000,0.000000,-0.000000,0.000000,-700297.812500,-1444374.750000,821450.312500,845.906616,-623770.375000,3286567.250000,2662797.000000
ml,best,6671,2026-07-26,3447.020996,10.000000,2243.041992,50.000000,-2.000000,0.000000,-0.000000,0.000000,-224304.203125,3464.190918,50.000000,-3.000000,0.000000,-0.000000,0.000000,-519628.625000,3499.182861,50.000000,-4.000000,0.000000,-0.000000,0.000000,-699836.562500,-1443769.375000,821450.312500,845.906616,-623165.000000,3282057.000000,2658892.000000
ml,best,6671,2026-07-27,3609.595215,10.000000,2243.041992,50.000000,-2.000000,0.000000,-0.000000,0.000000,-224304.203125,3637.417969,50.000000,-3.000000,0.000000,-0.000000,0.000000,-545612.687500,3674.535156,50.000000,-4.000000,0.000000,-0.000000,0.000000,-734907.000000,-1504823.875000,821450.312500,845.906616,-684219.500000,3370179.500000,2685960.000000
ml,best,6671,2026-07-28,3601.872070,10.000000,2243.041992,50.000000,-2.000000,0.000000,-0.000000,0.000000,-224304.203125,3612.875977,50.000000,-3.000000,0.000000,-0.000000,0.000000,-541931.375000,3648.888184,50.000000,-4.000000,0.000000,-0.000000,0.000000,-729777.625000,-1496013.250000,821450.312500,845.906616,-675408.875000,3366721.750000,2691313.000000
ml,best,6671,2026-07-29,3624.946533,10.000000,2243.041992,50.000000,-2.000000,0.000000,-0.000000,0.000000,-224304.203125,3621.817383,50.000000,-1.000000,2.000000,-362181.750000,181.090866,-181090.875000,3661.601318,50.000000,-4.000000,0.000000,-0.000000,0.000000,-732320.250000,-1137715.250000,459268.562500,1026.997437,-679473.687500,3374374.000000,2694900.250000
ml,best,6671,2026-07-30,3642.015869,10.000000,2243.041992,50.000000,-2.000000,0.000000,-0.000000,0.000000,-224304.203125,3621.817383,50.000000,-1.000000,0.000000,-0.000000,0.000000,-181090.875000,3703.912354,50.000000,-4.000000,0.000000,-0.000000,0.000000,-740782.500000,-1146177.500000,459268.562500,1026.997437,-687935.937500,3378312.750000,2690376.750000
ml,best,6671,2026-07-31,3617.059082,10.000000,2243.041992,50.000000,-2.000000,0.000000,-0.000000,0.000000,-224304.203125,3621.817383,50.000000,-1.000000,0.000000,-0.000000,0.000000,-181090.875000,3662.749023,50.000000,-4.000000,0.000000,-0.000000,0.000000,-732549.812500,-1137944.875000,459268.562500,1026.997437,-679703.312500,3375930.250000,2696227.000000
ml,best,6671,2026-08-01,3585.452393,10.000000,2243.041992,50.000000,-2.000000,0.000000,-0.000000,0.000000,-224304.203125,3621.817383,50.000000,-1.000000,0.000000,-0.000000,0.000000,-181090.875000,3607.907959,50.000000,-4.000000,0.000000,-0.000000,0.000000,-721581.562500,-1126976.625000,459268.562500,1026.997437,-668735.062500,3376315.750000,2707580.750000
ml,best,6671,2026-08-02,3591.537354,10.000000,2243.041992,50.000000,-2.000000,0.000000,-0.000000,0.000000,-224304.203125,3621.817383,50.000000,-1.000000,0.000000,-0.000000,0.000000,-181090.875000,3623.381348,50.000000,-4.000000,0.000000,-0.000000,0.000000,-724676.250000,-1130071.250000,459268.562500,1026.997437,-671829.687500,3376719.500000,2704889.750000
ml,best,6671,2026-08-03,3711.875732,10.000000,2243.041992,50.000000,-2.000000,0.000000,-0.000000,0.000000,-224304.203125,3621.817383,50.000000,-1.000000,0.000000,-0.000000,0.000000,-181090.875000,3762.937012,50.000000,-3.000000,1.000000,-188146.843750,94.073425,-564440.500000,-969835.562500,271121.687500,1121.070923,-699834.937500,3377089.750000,2677254.750000
ml,best,6671,2026-08-04,3695.444580,10.000000,2243.041992,50.000000,-2.000000,0.000000,-0.000000,0.000000,-224304.203125,3621.817383,50.000000,-1.000000,0.000000,-0.000000,0.000000,-181090.875000,3732.481445,50.000000,-3.000000,0.000000,-0.000000,0.000000,-559872.187500,-965267.250000,271121.687500,1121.070923,-695266.625000,3377485.750000,2682219.000000
ml,best,6671,2026-08-05,3667.008057,10.000000,2243.041992,50.000000,-1.000000,1.000000,-112152.101562,56.076050,-112152.101562,3621.817383,50.000000,-1.000000,0.000000,-0.000000,0.000000,-181090.875000,3705.320068,50.000000,-3.000000,0.000000,-0.000000,0.000000,-555798.000000,-849041.000000,158969.609375,1177.146973,-691248.500000,3377878.500000,2686630.000000
ml,best,6671,2026-08-06,3662.286865,10.000000,2243.041992,50.000000,-1.000000,0.000000,-0.000000,0.000000,-112152.101562,3621.817383,50.000000,-1.000000,0.000000,-0.000000,0.000000,-181090.875000,3658.118896,50.000000,-3.000000,0.000000,-0.000000,0.000000,-548717.812500,-841960.750000,158969.609375,1177.146973,-684168.250000,3377878.500000,2693710.250000
ml,best,6671,2026-08-07,3669.887451,10.000000,2243.041992,50.000000,-1.000000,0.000000,-0.000000,0.000000,-112152.101562,3621.817383,50.000000,-1.000000,0.000000,-0.000000,0.000000,-181090.875000,3693.997314,50.000000,-3.000000,0.000000,-0.000000,0.000000,-554099.625000,-847342.625000,158969.609375,1177.146973,-689550.125000,3377878.500000,2688328.500000
ml,best,6671,2026-08-08,3684.750000,10.000000,2243.041992,50.000000,-1.000000,0.000000,-0.000000,0.000000,-112152.101562,3621.817383,50.000000,-1.000000,0.000000,-0.000000,0.000000,-181090.875000,3721.883545,50.000000,-3.000000,0.000000,-0.000000,0.000000,-558282.500000,-851525.500000,158969.609375,1177.146973,-693733.000000,3377878.500000,2684145.500000
ml,best,6671,2026-08-09,3689.732910,10.000000,2243.041992,50.000000,-1.000000,0.000000,-0.000000,0.000000,-112152.101562,3621.817383,50.000000,-1.000000,0.000000,-0.000000,0.000000,-181090.875000,3704.411377,50.000000,-3.000000,0.000000,-0.000000,0.000000,-555661.750000,-848904.750000,158969.609375,1177.146973,-691112.250000,3377878.500000,2686766.250000
ml,best,6671,2026-08-10,3658.589844,10.000000,2243.041992,50.000000,-1.000000,0.000000,-0.000000,0.000000,-112152.101562,3621.817383,50.000000,-1.000000,0.000000,-0.000000,0.000000,-181090.875000,3681.084473,50.000000,-3.000000,0.000000,-0.000000,0.000000,-552162.687500,-845405.625000,158969.609375,1177.146973,-687613.125000,3377878.500000,2690265.500000
ml,best,6671,2026-08-11,3531.424072,10.000000,2243.041992,50.000000,-1.000000,0.000000,-0.000000,0.000000,-112152.101562,3621.817383,50.000000,-1.000000,0.000000,-0.000000,0.000000,-181090.875000,3558.931152,50.000000,-3.000000,0.000000,-0.000000,0.000000,-533839.625000,-827082.625000,158969.609375,1177.146973,-669290.125000,3377878.500000,2708588.500000
ml,best,6671,2026-08-12,3517.354492,10.000000,2243.041992,50.000000,-1.000000,0.000000,-0.000000,0.000000,-112152.101562,3621.817383,50.000000,-1.000000,0.000000,-0.000000,0.000000,-181090.875000,3550.744873,50.000000,-3.000000,0.000000,-0.000000,0.000000,-532611.750000,-825854.750000,158969.609375,1177.146973,-668062.250000,3377878.500000,2709816.250000
ml,best,6671,2026-08-13,3468.028076,10.000000,2243.041992,50.000000,-1.000000,0.000000,-0.000000,0.000000,-112152.101562,3621.817383,50.000000,-1.000000,0.000000,-0.000000,0.000000,-181090.875000,3502.653076,50.000000,-3.000000,0.000000,-0.000000,0.000000,-525397.937500,-818640.875000,158969.609375,1177.146973,-660848.375000,3377878.500000,2717030.000000
ml,best,6671,2026-08-14,3503.765381,10.000000,2243.041992,50.000000,-1.000000,0.000000,-0.000000,0.000000,-112152.101562,3621.817383,50.000000,-1.000000,0.000000,-0.000000,0.000000,-181090.875000,3555.948730,50.000000,-3.000000,0.000000,-0.000000,0.000000,-533392.312500,-826635.250000,158969.609375,1177.146973,-668842.750000,3377878.500000,2709035.750000
ml,best,6671,2026-08-15,3525.972412,10.000000,2243.041992,50.000000,-1.000000,0.000000,-0.000000,0.000000,-112152.101562,3621.817383,50.000000,-1.000000,0.000000,-0.000000,0.000000,-181090.875000,3571.684326,50.000000,-3.000000,0.000000,-0.000000,0.000000,-535752.625000,-828995.625000,158969.609375,1177.146973,-671203.125000,3377878.500000,2706675.500000
ml,best,6671,2026-08-16,3490.315186,10.000000,2243.041992,50.000000,-1.000000,0.000000,-0.000000,0.000000,-112152.101562,3621.817383,50.000000,-1.000000,0.000000,-0.000000,0.000000,-181090.875000,3553.281738,50.000000,-3.000000,0.000000,-0.000000,0.000000,-532992.312500,-826235.250000,158969.609375,1177.146973,-668442.750000,3377878.500000,2709435.750000
ml,best,6671,2026-08-17,3481.611572,10.000000,2243.041992,50.000000,-1.000000,0.000000,-0.000000,0.000000,-112152.101562,3621.817383,50.000000,-1.000000,0.000000,-0.000000,0.000000,-181090.875000,3530.537842,50.000000,-3.000000,0.000000,-0.000000,0.000000,-529580.687500,-822823.625000,158969.609375,1177.146973,-665031.125000,3377878.500000,2712847.500000
ml,best,6671,2026-08-18,3560.577881,10.000000,2243.041992,50.000000,-1.000000,0.000000,-0.000000,0.000000,-112152.101562,3621.817383,50.000000,-1.000000,0.000000,-0.000000,0.000000,-181090.875000,3599.156006,50.000000,-2.000000,1.000000,-179957.796875,89.978897,-359915.593750,-653158.562500,-20988.179688,1267.125854,-675413.875000,3377878.500000,2702464.500000
ml,best,6671,2026-08-19,3600.869385,10.000000,2243.041992,50.000000,-1.000000,0.000000,-0.000000,0.000000,-112152.101562,3621.817383,50.000000,-1.000000,0.000000,-0.000000,0.000000,-181090.875000,3634.392090,50.000000,-2.000000,0.000000,-0.000000,0.000000,-363439.218750,-656682.187500,-20988.179688,1267.125854,-678937.500000,3377878.500000,2698941.000000
ml,best,6671,2026-08-20,3560.947998,10.000000,2243.041992,50.000000,-1.000000,0.000000,-0.000000,0.000000,-112152.101562,3621.817383,50.000000,-1.000000,0.000000,-0.000000,0.000000,-181090.875000,3564.569336,50.000000,-2.000000,0.000000,-0.000000,0.000000,-356456.937500,-649699.875000,-20988.179688,1267.125854,-671955.187500,3377878.500000,2705923.250000
ml,best,6671,2026-08-21,3585.968994,10.000000,2243.041992,50.000000,-1.000000,0.000000,-0.000000,0.000000,-112152.101562,3621.817383,50.000000,-1.000000,0.000000,-0.000000,0.000000,-181090.875000,3598.759033,50.000000,-2.000000,0.000000,-0.000000,0.000000,-359875.906250,-653118.875000,-20988.179688,1267.125854,-675374.187500,3377878.500000,2702504.250000
ml,best,6671,2026-08-22,3672.001953,10.000000,2243.041992,50.000000,-1.000000,0.000000,-0.000000,0.000000,-112152.101562,3621.817383,50.000000,-1.000000,0.000000,-0.000000,0.000000,-181090.875000,3686.594971,50.000000,-2.000000,0.000000,-0.000000,0.000000,-368659.500000,-661902.500000,-20988.179688,1267.125854,-684157.812500,3377878.500000,2693720.750000
ml,best,6671,2026-08-23,3693.045410,10.000000,2243.041992,50.000000,-1.000000,0.000000,-0.000000,0.000000,-112152.101562,3621.817383,50.000000,-1.000000,0.000000,-0.000000,0.000000,-181090.875000,3739.302734,50.000000,-2.000000,0.000000,-0.000000,0.000000,-373930.281250,-667173.250000,-20988.179688,1267.125854,-689428.562500,3377878.500000,2688450.000000
ml,best,6671,2026-08-24,3718.770996,10.000000,2243.041992,50.000000,-1.000000,0.000000,-0.000000,0.000000,-112152.101562,3621.817383,50.000000,-1.000000,0.000000,-0.000000,0.000000,-181090.875000,3730.933838,50.000000,-2.000000,0.000000,-0.000000,0.000000,-373093.375000,-666336.375000,-20988.179688,1267.125854,-688591.687500,3377878.500000,2689286.750000
ml,best,6671,2026-08-25,3817.709961,10.000000,2243.041992,50.000000,-1.000000,0.000000,-0.000000,0.000000,-112152.101562,3621.817383,50.000000,-1.000000,0.000000,-0.000000,0.000000,-181090.875000,3849.097900,50.000000,-2.000000,0.000000,-0.000000,0.000000,-384909.781250,-678152.750000,-20988.179688,1267.125854,-700408.062500,3377878.500000,2677470.500000
ml,best,6671,2026-08-26,3813.219727,10.000000,2243.041992,50.000000,-1.000000,0.000000,-0.000000,0.000000,-112152.101562,3621.817383,50.000000,-1.000000,0.000000,-0.000000,0.000000,-181090.875000,3811.739258,50.000000,-2.000000,0.000000,-0.000000,0.000000,-381173.937500,-674416.875000,-20988.179688,1267.125854,-696672.187500,3377878.500000,2681206.250000
ml,best,6671,2026-08-27,3799.560059,10.000000,2243.041992,50.000000,-1.000000,0.000000,-0.000000,0.000000,-112152.101562,3621.817383,50.000000,-1.000000,0.000000,-0.000000,0.000000,-181090.875000,3801.985596,50.000000,-2.000000,0.000000,-0.000000,0.000000,-380198.562500,-673441.500000,-20988.179688,1267.125854,-695696.812500,3377878.500000,2682181.750000
ml,best,6671,2026-08-28,3813.448975,10.000000,2243.041992,50.000000,-1.000000,0.000000,-0.000000,0.000000,-112152.101562,3621.817383,50.000000,-1.000000,0.000000,-0.000000,0.000000,-181090.875000,3825.764160,50.000000,-2.000000,0.000000,-0.000000,0.000000,-382576.406250,-675819.375000,-20988.179688,1267.125854,-698074.687500,3377878.500000,2679803.750000
ml,best,6671,2026-08-29,3833.789062,10.000000,2243.041992,50.000000,-1.000000,0.000000,-0.000000,0.000000,-112152.101562,3621.817383,50.000000,-1.000000,0.000000,-0.000000,0.000000,-181090.875000,3850.194824,50.000000,-2.000000,0.000000,-0.000000,0.000000,-385019.468750,-678262.437500,-20988.179688,1267.125854,-700517.750000,3377878.500000,2677360.750000
ml,best,6671,2026-08-30,3846.408936,10.000000,2243.041992,50.000000,-1.000000,0.000000,-0.000000,0.000000,-112152.101562,3621.817383,50.000000,-1.000000,0.000000,-0.000000,0.000000,-181090.875000,3844.907471,50.000000,-2.000000,0.000000,-0.000000,0.000000,-384490.750000,-677733.750000,-20988.179688,1267.125854,-699989.062500,3377878.500000,2677889.500000
ml,best,6671,2026-08-31,3831.369141,10.000000,2243.041992,50.000000,-1.000000,0.000000,-0.000000,0.000000,-112152.101562,3621.817383,50.000000,-1.000000,0.000000,-0.000000,0.000000,-181090.875000,3861.345703,50.000000,-2.000000,0.000000,-0.000000,0.000000,-386134.562500,-679377.500000,-20988.179688,1267.125854,-701632.812500,3377878.500000,2676245.750000
ml,best,6671,2026-09-01,3860.288818,10.000000,2243.041992,50.000000,-1.000000,0.000000,-0.000000,0.000000,-112152.101562,3621.817383,50.000000,-1.000000,0.000000,-0.000000,0.000000,-181090.875000,3886.797852,50.000000,-2.000000,0.000000,-0.000000,0.000000,-388679.781250,-681922.750000,-20988.179688,1267.125854,-704178.062500,3377878.500000,2673700.500000
ml,best,6671,2026-09-02,4123.785645,10.000000,2243.041992,50.000000,-1.000000,0.000000,-0.000000,0.000000,-112152.101562,3621.817383,50.000000,-1.000000,0.000000,-0.000000,0.000000,-181090.875000,4181.372070,50.000000,-2.000000,0.000000,-0.000000,0.000000,-418137.218750,-711380.187500,-20988.179688,1267.125854,-733635.500000,3377878.500000,2644243.000000
ml,best,6671,2026-09-03,4130.511719,10.000000,2243.041992,50.000000,-1.000000,0.000000,-0.000000,0.000000,-112152.101562,3621.817383,50.000000,-1.000000,0.000000,-0.000000,0.000000,-181090.875000,4163.385254,50.000000,-2.000000,0.000000,-0.000000,0.000000,-416338.531250,-709581.500000,-20988.179688,1267.125854,-731836.812500,3377878.500000,2646041.750000
ml,best,6671,2026-09-04,4164.039551,10.000000,2243.041992,50.000000,-1.000000,0.000000,-0.000000,0.000000,-112152.101562,3621.817383,50.000000,-1.000000,0.000000,-0.000000,0.000000,-181090.875000,4185.984375,50.000000,-2.000000,0.000000,-0.000000,0.000000,-418598.437500,-711841.375000,-20988.179688,1267.125854,-734096.687500,3377878.500000,2643781.750000
ml,best,6671,2026-09-05,4078.226318,10.000000,2243.041992,50.000000,-1.000000,0.000000,-0.000000,0.000000,-112152.101562,3621.817383,50.000000,-1.000000,0.000000,-0.000000,0.000000,-181090.875000,4085.174805,50.000000,-2.000000,0.000000,-0.000000,0.000000,-408517.468750,-701760.437500,-20988.179688,1267.125854,-724015.750000,3377878.500000,2653862.750000
ml,best,6671,2026-09-06,4084.898193,10.000000,2243.041992,50.000000,-1.000000,0.000000,-0.000000,0.000000,-112152.101562,3621.817383,50.000000,-1.000000,0.000000,-0.000000,0.000000,-181090.875000,4106.765137,50.000000,-2.000000,0.000000,-0.000000,0.000000,-410676.500000,-703919.500000,-20988.179688,1267.125854,-726174.812500,3377878.500000,2651703.750000
ml,best,6671,2026-09-07,4111.812012,10.000000,2243.041992,50.000000,-1.000000,0.000000,-0.000000,0.000000,-112152.101562,3621.817383,50.000000,-1.000000,0.000000,-0.000000,0.000000,-181090.875000,4149.146973,50.000000,-2.000000,0.000000,-0.000000,0.000000,-414914.687500,-708157.625000,-20988.179688,1267.125854,-730412.937500,3377878.500000,2647465.500000
ml,best,6671,2026-09-08,4139.013672,10.000000,2243.041992,50.000000,-1.000000,0.000000,-0.000000,0.000000,-112152.101562,3621.817383,50.000000,-1.000000,0.000000,-0.000000,0.000000,-181090.875000,4178.272949,50.000000,-2.000000,0.000000,-0.000000,0.000000,-417827.281250,-711070.250000,-20988.179688,1267.125854,-733325.562500,3377878.500000,2644553.000000
ml,best,6671,2026-09-09,4095.801025,10.000000,2243.041992,50.000000,-1.000000,0.000000,-0.000000,0.000000,-112152.101562,3621.817383,50.000000,-1.000000,0.000000,-0.000000,0.000000,-181090.875000,4109.232422,50.000000,-2.000000,0.000000,-0.000000,0.000000,-410923.250000,-704166.250000,-20988.179688,1267.125854,-726421.562500,3377878.500000,2651457.000000
ml,best,6671,2026-09-10,4034.443848,10.000000,2243.041992,50.000000,-1.000000,0.000000,-0.000000,0.000000,-112152.101562,3621.817383,50.000000,-1.000000,0.000000,-0.000000,0.000000,-181090.875000,4047.245605,50.000000,-2.000000,0.000000,-0.000000,0.000000,-404724.562500,-697967.500000,-20988.179688,1267.125854,-720222.812500,3377878.500000,2657655.750000
ml,best,6671,2026-09-11,3965.147705,10.000000,2243.041992,50.000000,-1.000000,0.000000,-0.000000,0.000000,-112152.101562,3621.817383,50.000000,-1.000000,0.000000,-0.000000,0.000000,-181090.875000,3986.405518,50.000000,-2.000000,0.000000,-0.000000,0.000000,-398640.562500,-691883.500000,-20988.179688,1267.125854,-714138.812500,3377878.500000,2663739.750000
ml,best,6671,2026-09-12,3958.105225,10.000000,2243.041992,50.000000,-1.000000,0.000000,-0.000000,0.000000,-112152.101562,3621.817383,50.000000,-1.000000,0.000000,-0.000000,0.000000,-181090.875000,3971.907227,50.000000,-2.000000,0.000000,-0.000000,0.000000,-397190.718750,-690433.687500,-20988.179688,1267.125854,-712689.000000,3377878.500000,2665189.500000
ml,best,6671,2026-09-13,3933.502930,10.000000,2243.041992,50.000000,-1.000000,0.000000,-0.000000,0.000000,-112152.101562,3621.817383,50.000000,-1.000000,0.000000,-0.000000,0.000000,-181090.875000,3952.205322,50.000000,-2.000000,0.000000,-0.000000,0.000000,-395220.531250,-688463.500000,-20988.179688,1267.125854,-710718.812500,3377878.500000,2667159.750000
ml,best,6671,2026-09-14,3947.504883,10.000000,2243.041992,50.000000,-1.000000,0.000000,-0.000000,0.000000,-112152.101562,3621.817383,50.000000,-1.000000,0.000000,-0.000000,0.000000,-181090.875000,3972.879150,50.000000,-2.000000,0.000000,-0.000000,0.000000,-397287.906250,-690530.875000,-20988.179688,1267.125854,-712786.187500,3377878.500000,2665092.250000
ml,best,6671,2026-09-15,3963.280029,10.000000,2243.041992,50.000000,-1.000000,0.000000,-0.000000,0.000000,-112152.101562,3621.817383,50.000000,-1.000000,0.000000,-0.000000,0.000000,-181090.875000,3985.577881,50.000000,-2.000000,0.000000,-0.000000,0.000000,-398557.781250,-691800.750000,-20988.179688,1267.125854,-714056.062500,3377878.500000,2663822.500000
ml,best,6671,2026-09-16,3817.815674,10.000000,2243.041992,50.000000,-1.000000,0.000000,-0.000000,0.000000,-112152.101562,3621.817383,50.000000,-1.000000,0.000000,-0.000000,0.000000,-181090.875000,3821.253906,50.000000,-2.000000,0.000000,-0.000000,0.000000,-382125.375000,-675368.375000,-20988.179688,1267.125854,-697623.687500,3377878.500000,2680254.750000
ml,best,6671,2026-09-17,3942.895996,10.000000,2243.041992,50.000000,-1.000000,0.000000,-0.000000,0.000000,-112152.101562,3621.817383,50.000000,-1.000000,0.000000,-0.000000,0.000000,-181090.875000,3965.180908,50.000000,-2.000000,0.000000,-0.000000,0.000000,-396518.093750,-689761.062500,-20988.179688,1267.125854,-712016.375000,3377878.500000,2665862.000000
ml,best,6671,2026-09-18,3908.605957,10.000000,2243.041992,50.000000,-1.000000,0.000000,-0.000000,0.000000,-112152.101562,3621.817383,50.000000,-1.000000,0.000000,-0.000000,0.000000,-181090.875000,3926.314697,50.000000,-2.000000,0.000000,-0.000000,0.000000,-392631.468750,-685874.437500,-20988.179688,1267.125854,-708129.750000,3377878.500000,2669748.750000
ml,best,6671,2026-09-19,3867.470703,10.000000,2243.041992,50.000000,-1.000000,0.000000,-0.000000,0.000000,-112152.101562,3621.817383,50.000000,-1.000000,0.000000,-0.000000,0.000000,-181090.875000,3889.176025,50.000000,-2.000000,0.000000,-0.000000,0.000000,-388917.593750,-682160.562500,-20988.179688,1267.125854,-704415.875000,3377878.500000,2673462.500000
ml,best,6671,2026-09-20,3830.729736,10.000000,2243.041992,50.000000,-1.000000,0.000000,-0.000000,0.000000,-112152.101562,3621.817383,50.000000,-1.000000,0.000000,-0.000000,0.000000,-181090.875000,3847.391602,50.000000,-2.000000,0.000000,-0.000000,0.000000,-384739.156250,-677982.125000,-20988.179688,1267.125854,-700237.437500,3377878.500000,2677641.000000
ml,best,6671,2026-09-21,3844.487305,10.000000,2243.041992,50.000000,-1.000000,0.000000,-0.000000,0.000000,-112152.101562,3621.817383,50.000000,-1.000000,0.000000,-0.000000,0.000000,-181090.875000,3881.244141,50.000000,-2.000000,0.000000,-0.000000,0.000000,-388124.406250,-681367.375000,-20988.179688,1267.125854,-703622.687500,3377878.500000,2674255.750000
ml,best,6671,2026-09-22,3780.962158,10.000000,2243.041992,50.000000,-1.000000,0.000000,-0.000000,0.000000,-112152.101562,3621.817383,50.000000,-1.000000,0.000000,-0.000000,0.000000,-181090.875000,3794.968262,50.000000,-2.000000,0.000000,-0.000000,0.000000,-379496.812500,-672739.750000,-20988.179688,1267.125854,-694995.062500,3377878.500000,2682883.500000
ml,best,6671,2026-09-23,3732.439697,10.000000,2243.041992,50.000000,-1.000000,0.000000,-0.000000,0.000000,-112152.101562,3621.817383,50.000000,-1.000000,0.000000,-0.000000,0.000000,-181090.875000,3750.429199,50.000000,-2.000000,0.000000,-0.000000,0.000000,-375042.906250,-668285.875000,-20988.179688,1267.125854,-690541.187500,3377878.500000,2687337.250000
ml,best,6671,2026-09-24,3730.745605,10.000000,2243.041992,50.000000,-1.000000,0.000000,-0.000000,0.000000,-112152.101562,3621.817383,50.000000,-1.000000,0.000000,-0.000000,0.000000,-181090.875000,3745.482422,50.000000,-2.000000,0.000000,-0.000000,0.000000,-374548.250000,-667791.250000,-20988.179688,1267.125854,-690046.562500,3377878.500000,2687832.000000
ml,best,6671,2026-09-25,3783.855469,10.000000,2243.041992,50.000000,-1.000000,0.000000,-0.000000,0.000000,-112152.101562,3621.817383,50.000000,-1.000000,0.000000,-0.000000,0.000000,-181090.875000,3801.572266,50.000000,-2.000000,0.000000,-0.000000,0.000000,-380157.218750,-673400.187500,-20988.179688,1267.125854,-695655.500000,3377878.500000,2682223.000000
ml,best,6671,2026-09-26,3811.190918,10.000000,2243.041992,50.000000,-1.000000,0.000000,-0.000000,0.000000,-112152.101562,3621.817383,50.000000,-1.000000,0.000000,-0.000000,0.000000,-181090.875000,3843.565186,50.000000,-2.000000,0.000000,-0.000000,0.000000,-384356.531250,-677599.500000,-20988.179688,1267.125854,-699854.812500,3377878.500000,2678023.750000
ml,best,6671,2026-09-27,3811.463623,10.000000,2243.041992,50.000000,-1.000000,0.000000,-0.000000,0.000000,-112152.101562,3621.817383,50.000000,-1.000000,0.000000,-0.000000,0.000000,-181090.875000,3830.599121,50.000000,-2.000000,0.000000,-0.000000,0.000000,-383059.906250,-676302.875000,-20988.179688,1267.125854,-698558.187500,3377878.500000,2679320.250000
ml,best,6671,2026-09-28,3804.799316,10.000000,2243.041992,50.000000,-1.000000,0.000000,-0.000000,0.000000,-112152.101562,3621.817383,50.000000,-1.000000,0.000000,-0.000000,0.000000,-181090.875000,3812.082031,50.000000,-2.000000,0.000000,-0.000000,0.000000,-381208.187500,-674451.125000,-20988.179688,1267.125854,-696706.437500,3377878.500000,2681172.000000
ml,best,6671,2026-09-29,3746.018799,10.000000,2243.041992,50.000000,-1.000000,0.000000,-0.000000,0.000000,-112152.101562,3621.817383,50.000000,-1.000000,0.000000,-0.000000,0.000000,-181090.875000,3725.735107,50.000000,-2.000000,0.000000,-0.000000,0.000000,-372573.500000,-665816.500000,-20988.179688,1267.125854,-688071.812500,3377878.500000,2689806.750000
ml,best,6671,2026-09-30,3702.764893,10.000000,2243.041992,50.000000,-1.000000,0.000000,-0.000000,0.000000,-112152.101562,3621.817383,50.000000,-1.000000,0.000000,-0.000000,0.000000,-181090.875000,3693.457275,50.000000,-2.000000,0.000000,-0.000000,0.000000,-369345.718750,-662588.687500,-20988.179688,1267.125854,-684844.000000,3377878.500000,2693034.500000
ml,best,6671,2026-10-01,3671.869141,10.000000,2243.041992,50.000000,-1.000000,0.000000,-0.000000,0.000000,-112152.101562,3621.817383,50.000000,-1.000000,0.000000,-0.000000,0.000000,-181090.875000,3622.022949,50.000000,-2.000000,0.000000,-0.000000,0.000000,-362202.281250,-655445.250000,-20988.179688,1267.125854,-677700.562500,3377878.500000,2700178.000000
ml,best,6671,2026-10-02,3714.935547,10.000000,2243.041992,50.000000,-1.000000,0.000000,-0.000000,0.000000,-112152.101562,3621.817383,50.000000,-1.000000,0.000000,-0.000000,0.000000,-181090.875000,3714.296143,50.000000,-2.000000,0.000000,-0.000000,0.000000,-371429.625000,-664672.625000,-20988.179688,1267.125854,-686927.937500,3377878.500000,2690950.500000
ml,best,6671,2026-10-03,3777.545654,10.000000,2243.041992,50.000000,-1.000000,0.000000,-0.000000,0.000000,-112152.101562,3621.817383,50.000000,-1.000000,0.000000,-0.000000,0.000000,-181090.875000,3779.431885,50.000000,-2.000000,0.000000,-0.000000,0.000000,-377943.187500,-671186.125000,-20988.179688,1267.125854,-693441.437500,3377878.500000,2684437.000000
ml,best,6671,2026-10-04,3694.317139,10.000000,2243.041992,50.000000,-1.000000,0.000000,-0.000000,0.000000,-112152.101562,3621.817383,50.000000,-1.000000,0.000000,-0.000000,0.000000,-181090.875000,3681.686768,50.000000,-2.000000,0.000000,-0.000000,0.000000,-368168.687500,-661411.625000,-20988.179688,1267.125854,-683666.937500,3377878.500000,2694211.500000
ml,best,6671,2026-10-05,3673.819824,10.000000,2243.041992,50.000000,-1.000000,0.000000,-0.000000,0.000000,-112152.101562,3621.817383,50.000000,-1.000000,0.000000,-0.000000,0.000000,-181090.875000,3658.864014,50.000000,-2.000000,0.000000,-0.000000,0.000000,-365886.406250,-659129.375000,-20988.179688,1267.125854,-681384.687500,3377878.500000,2696493.750000
ml,best,6671,2026-10-06,3726.759277,10.000000,2243.041992,50.000000,0.000000,1.000000,-112152.101562,56.076050,0.000000,3621.817383,50.000000,-1.000000,0.000000,-0.000000,0.000000,-181090.875000,3720.573242,50.000000,-2.000000,0.000000,-0.000000,0.000000,-372057.312500,-553148.187500,-133140.281250,1323.201904,-687611.687500,3377878.500000,2690266.750000
ml,best,6671,2026-10-07,3724.062744,10.000000,2243.041992,50.000000,0.000000,0.000000,-0.000000,0.000000,0.000000,3621.817383,50.000000,-1.000000,0.000000,-0.000000,0.000000,-181090.875000,3746.367188,50.000000,-2.000000,0.000000,-0.000000,0.000000,-374636.718750,-555727.625000,-133140.281250,1323.201904,-690191.062500,3377878.500000,2687687.500000
ml,best,6671,2026-10-08,3736.837891,10.000000,2243.041992,50.000000,0.000000,0.000000,-0.000000,0.000000,0.000000,3621.817383,50.000000,-1.000000,0.000000,-0.000000,0.000000,-181090.875000,3743.709229,50.000000,-2.000000,0.000000,-0.000000,0.000000,-374370.937500,-555461.812500,-133140.281250,1323.201904,-689925.312500,3377878.500000,2687953.250000
ml,best,6671,2026-10-09,3752.658936,10.000000,2243.041992,50.000000,0.000000,0.000000,-0.000000,0.000000,0.000000,3621.817383,50.000000,-1.000000,0.000000,-0.000000,0.000000,-181090.875000,3755.334473,50.000000,-2.000000,0.000000,-0.000000,0.000000,-375533.437500,-556624.312500,-133140.281250,1323.201904,-691087.812500,3377878.500000,2686790.750000
ml,best,6671,2026-10-10,3744.686523,10.000000,2243.041992,50.000000,0.000000,0.000000,-0.000000,0.000000,0.000000,3621.817383,50.000000,-1.000000,0.000000,-0.000000,0.000000,-181090.875000,3759.715576,50.000000,-2.000000,0.000000,-0.000000,0.000000,-375971.562500,-557062.437500,-133140.281250,1323.201904,-691525.937500,3377878.500000,2686352.500000
ml,best,6671,2026-10-11,3705.937256,10.000000,2243.041992,50.000000,0.000000,0.000000,-0.000000,0.000000,0.000000,3621.817383,50.000000,-1.000000,0.000000,-0.000000,0.000000,-181090.875000,3734.936035,50.000000,-2.000000,0.000000,-0.000000,0.000000,-373493.593750,-554584.500000,-133140.281250,1323.201904,-689047.937500,3377878.500000,2688830.500000
ml,best,6671,2026-10-12,3714.942627,10.000000,2243.041992,50.000000,0.000000,0.000000,-0.000000,0.000000,0.000000,3621.817383,50.000000,-1.000000,0.000000,-0.000000,0.000000,-181090.875000,3727.198975,50.000000,-2.000000,0.000000,-0.000000,0.000000,-372719.906250,-553810.750000,-133140.281250,1323.201904,-688274.187500,3377878.500000,2689604.250000
ml,best,6671,2026-10-13,3677.525146,10.000000,2243.041992,50.000000,0.000000,0.000000,-0.000000,0.000000,0.000000,3621.817383,50.000000,-1.000000,0.000000,-0.000000,0.000000,-181090.875000,3685.150879,50.000000,-2.000000,0.000000,-0.000000,0.000000,-368515.093750,-549606.000000,-133140.281250,1323.201904,-684069.437500,3377878.500000,2693809.000000
ml,best,6671,2026-10-14,3660.910889,10.000000,2243.041992,50.000000,0.000000,0.000000,-0.000000,0.000000,0.000000,3621.817383,50.000000,-1.000000,0.000000,-0.000000,0.000000,-181090.875000,3656.159668,50.000000,-2.000000,0.000000,-0.000000,0.000000,-365615.968750,-546706.875000,-133140.281250,1323.201904,-681170.312500,3377878.500000,2696708.250000
ml,best,6671,2026-10-15,3656.095947,10.000000,2243.041992,50.000000,0.000000,0.000000,-0.000000,0.000000,0.000000,3621.817383,50.000000,-1.000000,0.000000,-0.000000,0.000000,-181090.875000,3650.020996,50.000000,-2.000000,0.000000,-0.000000,0.000000,-365002.093750,-546093.000000,-133140.281250,1323.201904,-680556.437500,3377878.500000,2697322.000000
ml,best,6671,2026-10-16,3683.790771,10.000000,2243.041992,50.000000,0.000000,0.000000,-0.000000,0.000000,0.000000,3621.817383,50.000000,-1.000000,0.000000,-0.000000,0.000000,-181090.875000,3683.885254,50.000000,-2.000000,0.000000,-0.000000,0.000000,-368388.531250,-549479.375000,-133140.281250,1323.201904,-683942.812500,3377878.500000,2693935.750000
ml,best,6671,2026-10-17,3678.124756,10.000000,2243.041992,50.000000,0.000000,0.000000,-0.000000,0.000000,0.000000,3621.817383,50.000000,-1.000000,0.000000,-0.000000,0.000000,-181090.875000,3681.784424,50.000000,-2.000000,0.000000,-0.000000,0.000000,-368178.437500,-549269.312500,-133140.281250,1323.201904,-683732.812500,3377878.500000,2694145.750000
ml,best,6671,2026-10-18,3667.718262,10.000000,2243.041992,50.000000,0.000000,0.000000,-0.000000,0.000000,0.000000,3621.817383,50.000000,-1.000000,0.000000,-0.000000,0.000000,-181090.875000,3676.363770,50.000000,-2.000000,0.000000,-0.000000,0.000000,-367636.375000,-548727.250000,-133140.281250,1323.201904,-683190.687500,3377878.500000,2694687.750000
ml,best,6671,2026-10-19,3775.359375,10.000000,2243.041992,50.000000,0.000000,0.000000,-0.000000,0.000000,0.000000,3621.817383,50.000000,-1.000000,0.000000,-0.000000,0.000000,-181090.875000,3801.402100,50.000000,-2.000000,0.000000,-0.000000,0.000000,-380140.218750,-561231.125000,-133140.281250,1323.201904,-695694.562500,3377878.500000,2682184.000000
ml,best,6671,2026-10-20,3804.320557,10.000000,2243.041992,50.000000,0.000000,0.000000,-0.000000,0.000000,0.000000,3621.817383,50.000000,-1.000000,0.000000,-0.000000,0.000000,-181090.875000,3831.329590,50.000000,-2.000000,0.000000,-0.000000,0.000000,-383132.968750,-564223.875000,-133140.281250,1323.201904,-698687.312500,3377878.500000,2679191.250000
ml,best,6671,2026-10-21,3810.409668,10.000000,2243.041992,50.000000,0.000000,0.000000,-0.000000,0.000000,0.000000,3621.817383,50.000000,-1.000000,0.000000,-0.000000,0.000000,-181090.875000,3794.165527,50.000000,-2.000000,0.000000,-0.000000,0.000000,-379416.562500,-560507.437500,-133140.281250,1323.201904,-694970.937500,3377878.500000,2682907.500000
ml,best,6671,2026-10-22,3844.652100,10.000000,2243.041992,50.000000,0.000000,0.000000,-0.000000,0.000000,0.000000,3621.817383,50.000000,-1.000000,0.000000,-0.000000,0.000000,-181090.875000,3841.623291,50.000000,-2.000000,0.000000,-0.000000,0.000000,-384162.343750,-565253.250000,-133140.281250,1323.201904,-699716.687500,3377878.500000,2678161.750000
ml,best,6671,2026-10-23,3847.105957,10.000000,2243.041992,50.000000,0.000000,0.000000,-0.000000,0.000000,0.000000,3621.817383,50.000000,-1.000000,0.000000,-0.000000,0.000000,-181090.875000,3853.394287,50.000000,-2.000000,0.000000,-0.000000,0.000000,-385339.437500,-566430.312500,-133140.281250,1323.201904,-700893.812500,3377878.500000,2676984.750000
ml,best,6671,2026-10-24,3837.300537,10.000000,2243.041992,50.000000,0.000000,0.000000,-0.000000,0.000000,0.000000,3621.817383,50.000000,-1.000000,0.000000,-0.000000,0.000000,-181090.875000,3856.769043,50.000000,-2.000000,0.000000,-0.000000,0.000000,-385676.906250,-566767.750000,-133140.281250,1323.201904,-701231.187500,3377878.500000,2676647.250000
ml,best,6671,2026-10-25,3817.094482,10.000000,2243.041992,50.000000,0.000000,0.000000,-0.000000,0.000000,0.000000,3621.817383,50.000000,-1.000000,0.000000,-0.000000,0.000000,-181090.875000,3839.897949,50.000000,-2.000000,0.000000,-0.000000,0.000000,-383989.781250,-565080.625000,-133140.281250,1323.201904,-699544.062500,3377878.500000,2678334.500000
ml,best,6671,2026-10-26,3861.938477,10.000000,2243.041992,50.000000,0.000000,0.000000,-0.000000,0.000000,0.000000,3621.817383,50.000000,-1.000000,0.000000,-0.000000,0.000000,-181090.875000,3864.170410,50.000000,-2.000000,0.000000,-0.000000,0.000000,-386417.031250,-567507.875000,-133140.281250,1323.201904,-701971.312500,3377878.500000,2675907.250000
ml,best,6671,2026-10-27,3854.961670,10.000000,2243.041992,50.000000,0.000000,0.000000,-0.000000,0.000000,0.000000,3621.817383,50.000000,-1.000000,0.000000,-0.000000,0.000000,-181090.875000,3843.341553,50.000000,-2.000000,0.000000,-0.000000,0.000000,-384334.156250,-565425.000000,-133140.281250,1323.201904,-699888.437500,3377878.500000,2677990.000000
ml,best,6671,2026-10-28,3905.260010,10.000000,2243.041992,50.000000,0.000000,0.000000,-0.000000,0.000000,0.000000,3621.817383,50.000000,-1.000000,0.000000,-0.000000,0.000000,-181090.875000,3905.791992,50.000000,-2.000000,0.000000,-0.000000,0.000000,-390579.187500,-571670.062500,-133140.281250,1323.201904,-706133.562500,3377878.500000,2671745.000000
ml,best,6671,2026-10-29,3897.617432,10.000000,2243.041992,50.000000,0.000000,0.000000,-0.000000,0.000000,0.000000,3621.817383,50.000000,0.000000,1.000000,-181090.875000,90.545433,0.000000,3910.287598,50.000000,0.000000,2.000000,-391028.750000,195.514374,0.000000,0.000000,-705259.875000,1609.261719,-706869.125000,3377878.500000,2671009.500000
ml,best,6671,2026-10-30,3948.227783,10.000000,2243.041992,50.000000,0.000000,0.000000,-0.000000,0.000000,0.000000,3621.817383,50.000000,0.000000,0.000000,-0.000000,0.000000,0.000000,3910.287598,50.000000,0.000000,0.000000,-0.000000,0.000000,0.000000,0.000000,-705259.875000,1609.261719,-706869.125000,3377878.500000,2671009.500000
ml,mean,-1,2026-04-10,2055.000244,10.000000,2026.171753,50.000000,-1.000000,-1.000000,101308.593750,50.654293,-101308.593750,2047.068481,50.000000,-1.000000,-1.000000,102353.468750,51.176712,-102353.468750,2070.749756,50.000000,-1.000000,-1.000000,103537.492188,51.768742,-103537.492188,-307199.500000,307199.500000,153.599747,-153.599747,29559.373047,29405.751953
ml,mean,-1,2026-04-11,2054.952881,10.000000,2045.233887,50.000000,-1.000000,0.000000,0.000000,0.000000,-102261.703125,2066.175293,50.000000,-1.000000,0.000000,0.000000,0.000000,-103308.765625,2089.818359,50.000000,-1.000000,0.000000,0.000000,0.000000,-104490.921875,-310061.375000,307199.500000,153.599747,-3015.479980,29546.269531,26530.789062
ml,mean,-1,2026-04-12,2055.392822,10.000000,2053.014160,50.000000,-1.000000,0.000000,0.000000,0.000000,-102650.703125,2073.924805,50.000000,-1.000000,0.000000,0.000000,0.000000,-103696.234375,2097.417236,50.000000,-1.000000,0.000000,0.000000,0.000000,-104870.859375,-311217.812500,307199.500000,153.599747,-4171.910156,30632.919922,26461.011719
ml,mean,-1,2026-04-13,2056.137695,10.000000,2057.003906,50.000000,-2.000000,-1.000000,102850.195312,51.425098,-205700.390625,2077.876221,50.000000,-2.000000,-1.000000,103893.828125,51.946903,-207787.656250,2101.220459,50.000000,-2.000000,-1.000000,105061.015625,52.530514,-210122.031250,-623610.000000,619004.500000,309.502258,-4915.021973,32550.570312,27635.550781
ml,mean,-1,2026-04-14,2056.242188,10.000000,2058.069824,50.000000,-2.837036,-0.837036,86287.460938,43.143730,-292094.437500,2078.858398,50.000000,-2.977783,-0.977783,101646.875000,50.823433,-309532.750000,2102.016113,50.000000,-2.999390,-0.999390,105037.132812,52.518566,-315238.750000,-916865.937500,911976.062500,455.987976,-5345.906250,37010.109375,31664.207031
ml,mean,-1,2026-04-15,2056.324219,10.000000,2058.742432,50.000000,-2.972656,-0.135620,13829.954102,6.914976,-306034.375000,2079.469482,50.000000,-3.491089,-0.513306,53553.613281,26.776806,-363177.593750,2102.465576,50.000000,-3.858887,-0.859497,90510.843750,45.255417,-405817.625000,-1075029.625000,1069870.375000,534.935181,-5694.127930,41516.277344,35822.152344
ml,mean,-1,2026-04-16,2056.769287,10.000000,2059.110840,50.000000,-3.019409,-0.046753,4777.939453,2.426444,-310885.562500,2079.774170,50.000000,-3.675659,-0.184570,19138.015625,9.569008,-382442.187500,2102.623291,50.000000,-4.036987,-0.178101,18532.208984,9.266104,-424402.875000,-1117730.500000,1112318.500000,556.196716,-5968.277832,46771.101562,40802.820312
ml,mean,-1,2026-04-17,2056.666016,10.000000,2059.079590,50.000000,-3.037231,-0.017822,1821.757812,0.999165,-312712.937500,2079.675781,50.000000,-3.766846,-0.091187,9398.962891,4.699481,-391858.093750,2102.373535,50.000000,-4.112305,-0.075317,7856.772461,3.954077,-432233.843750,-1136804.875000,1131396.000000,565.849487,-5974.654785,50779.949219,44805.296875
ml,mean,-1,2026-04-18,2056.785889,10.000000,2058.744873,50.000000,-3.037231,0.000000,0.000000,0.000000,-312678.093750,2079.249023,50.000000,-3.766846,0.000000,0.000000,0.000000,-391806.656250,2101.791748,50.000000,-4.112305,0.000000,0.000000,0.000000,-432144.312500,-1136629.000000,1131396.000000,565.849487,-5798.824707,55339.902344,49541.078125
ml,mean,-1,2026-04-19,2057.213379,10.000000,2059.260498,50.000000,-3.037231,0.000000,0.000000,0.000000,-312764.750000,2079.701660,50.000000,-3.766846,0.000000,0.000000,0.000000,-391903.875000,2102.118164,50.000000,-4.112305,0.000000,0.000000,0.000000,-432230.718750,-1136899.250000,1131396.000000,565.849487,-6069.098633,60690.136719,54621.046875
ml,mean,-1,2026-04-20,2057.383789,10.000000,2059.299316,50.000000,-3.046997,-0.009766,992.461914,0.634902,-313765.000000,2079.672607,50.000000,-3.835327,-0.068481,7047.185547,3.536278,-398966.906250,2101.985840,50.000000,-4.161987,-0.049683,5148.890137,2.664376,-437358.750000,-1150090.750000,1144584.625000,572.684998,-6078.746582,65494.812500,59416.066406
ml,mean,-1,2026-04-21,2057.550781,10.000000,2059.429688,50.000000,-3.052002,-0.005005,503.783844,0.504435,-314297.187500,2079.724365,50.000000,-3.874146,-0.038818,4003.546387,2.014447,-402998.562500,2101.928711,50.000000,-4.196533,-0.034546,3581.766602,1.931970,-440945.937500,-1158241.750000,1152673.750000,577.135925,-6145.092285,70147.148438,64002.050781
ml,mean,-1,2026-04-22,2057.930664,10.000000,2059.282227,50.000000,-3.057373,-0.005371,543.272766,0.460488,-314827.312500,2079.531250,50.000000,-3.897583,-0.023438,2420.897461,1.223014,-405393.906250,2101.634033,50.000000,-4.224609,-0.028076,2901.421631,1.604317,-443815.687500,-1164036.875000,1158539.250000,580.423645,-6078.034180,75423.531250,69345.492188
ml,mean,-1,2026-04-23,2058.101318,10.000000,2059.105713,50.000000,-3.061157,-0.003784,383.865967,0.418134,-315189.250000,2079.304199,50.000000,-3.908813,-0.011230,1158.105225,0.591625,-406520.218750,2101.319092,50.000000,-4.248535,-0.023926,2459.057861,1.433303,-446242.062500,-1167951.500000,1162540.250000,582.866699,-5994.137695,80160.203125,74166.070312
ml,mean,-1,2026-04-24,2058.778320,10.000000,2059.827393,50.000000,-3.064331,-0.003174,321.744873,0.362065,-315627.031250,2079.960205,50.000000,-3.921143,-0.012329,1260.371704,0.693168,-407918.312500,2101.866943,50.000000,-4.271606,-0.023071,2363.983398,1.437147,-448735.937500,-1172281.375000,1166486.500000,585.359131,-6380.261230,86139.250000,79758.984375
ml,mean,-1,2026-04-25,2059.231445,10.000000,2060.240967,50.000000,-3.064331,0.000000,0.000000,0.000000,-315693.093750,2080.326172,50.000000,-3.921143,0.000000,0.000000,0.000000,-407992.968750,2102.150391,50.000000,-4.271606,0.000000,0.000000,0.000000,-448812.312500,-1172498.375000,1166486.500000,585.359131,-6597.285156,91559.835938,84962.554688
ml,mean,-1,2026-04-26,2059.917480,10.000000,2060.589600,50.000000,-3.064331,0.000000,0.000000,0.000000,-315750.781250,2080.616699,50.000000,-3.921143,0.000000,0.000000,0.000000,-408053.250000,2102.343506,50.000000,-4.271606,0.000000,0.000000,0.000000,-448860.312500,-1172664.250000,1166486.500000,585.359131,-6763.257812,97624.976562,90861.718750
ml,mean,-1,2026-04-27,2060.107422,10.000000,2060.559570,50.000000,-3.068115,-0.003784,371.249023,0.423854,-316117.406250,2080.544189,50.000000,-3.934570,-0.013428,1374.595825,0.699793,-409416.718750,2102.188232,50.000000,-4.302612,-0.031006,3126.162354,1.818394,-451950.468750,-1177484.625000,1171358.375000,588.301086,-6714.477051,102443.296875,95728.828125
ml,mean,-1,2026-04-28,2060.382324,10.000000,2060.694336,50.000000,-3.070435,-0.002319,226.067566,0.427695,-316374.875000,2080.636230,50.000000,-3.947266,-0.012695,1294.056274,0.647028,-410738.312500,2102.212158,50.000000,-4.329712,-0.027100,2720.102783,1.653980,-454700.437500,-1181813.625000,1175598.625000,591.029907,-6806.021973,107482.007812,100675.984375
ml,mean,-1,2026-04-29,2060.695068,10.000000,2061.031250,50.000000,-2.350098,0.720337,-75305.367188,37.652679,-241131.484375,2080.925537,50.000000,-3.951050,-0.003784,388.727142,0.232068,-411191.562500,2102.423828,50.000000,-4.340454,-0.010742,1094.020508,0.749724,-455861.031250,-1108184.125000,1101776.000000,629.664429,-7037.730957,112607.750000,105570.015625
ml,mean,-1,2026-04-30,2061.165771,10.000000,2061.031250,50.000000,-2.228027,0.122070,-12448.256836,6.452807,-228683.234375,2081.252930,50.000000,-3.955322,-0.004272,434.713135,0.255160,-411694.000000,2102.704102,50.000000,-4.358154,-0.017700,1781.258423,1.300108,-457713.531250,-1098090.625000,1091543.750000,637.672485,-7184.639160,112898.609375,105713.968750
ml,mean,-1,2026-05-01,2061.561035,10.000000,2061.031250,50.000000,-2.174561,0.053467,-5470.563477,2.810044,-223212.656250,2081.351807,50.000000,-3.959839,-0.004517,454.273956,0.277339,-412170.968750,2102.749268,50.000000,-4.371094,-0.012939,1301.306152,1.237402,-459051.187500,-1094434.750000,1087828.750000,641.997253,-7248.035645,112960.117188,105712.078125
ml,mean,-1,2026-05-02,2062.003174,10.000000,2061.031250,50.000000,-2.174561,0.000000,0.000000,0.000000,-223212.656250,2081.513184,50.000000,-3.959839,0.000000,0.000000,0.000000,-412208.937500,2102.863525,50.000000,-4.371094,0.000000,0.000000,0.000000,-459110.625000,-1094532.250000,1087828.750000,641.997253,-7345.424805,113108.515625,105763.085938
ml,mean,-1,2026-05-03,2062.211670,10.000000,2061.031250,50.000000,-2.174561,0.000000,0.000000,0.000000,-223212.656250,2081.242676,50.000000,-3.959839,0.000000,0.000000,0.000000,-412156.937500,2102.538574,50.000000,-4.371094,0.000000,0.000000,0.000000,-459062.156250,-1094431.750000,1087828.750000,641.997253,-7244.986816,112743.453125,105498.468750
ml,mean,-1,2026-05-04,2063.398926,10.000000,2061.031250,50.000000,-2.178833,-0.004272,436.789124,0.355103,-223649.453125,2082.437988,50.000000,-4.075684,-0.115845,11365.246094,5.682623,-423761.687500,2103.692871,50.000000,-4.723755,-0.352661,36886.070312,18.468729,-496208.406250,-1143619.500000,1136516.875000,666.503662,-7769.162598,114773.703125,107004.539062
ml,mean,-1,2026-05-05,2063.573975,10.000000,2061.031250,50.000000,-2.179077,-0.000244,24.284195,0.099747,-223673.734375,2082.173096,50.000000,-4.133667,-0.057983,5695.117188,3.252787,-429421.625000,2103.357910,50.000000,-4.872314,-0.148560,15691.075195,7.960530,-511866.250000,-1164961.500000,1157927.375000,677.816772,-7712.043945,114370.101562,106658.054688
ml,mean,-1,2026-05-06,2064.318359,10.000000,2061.031250,50.000000,-2.177612,0.001465,-149.148132,0.124000,-223524.562500,2082.611572,50.000000,-4.166748,-0.033081,3246.110596,2.452009,-432780.281250,2103.734863,50.000000,-4.942261,-0.069946,7455.524414,3.980773,-519451.593750,-1175756.500000,1168479.875000,684.373474,-7960.980957,115313.875000,107352.890625
ml,mean,-1,2026-05-07,2064.322998,10.000000,2061.031250,50.000000,-2.176636,0.000977,-100.977745,0.100067,-223423.593750,2082.243652,50.000000,-4.190063,-0.023315,2282.288574,1.905741,-434993.718750,2103.301025,50.000000,-4.973755,-0.031494,3325.974854,1.951497,-522686.031250,-1181103.250000,1173987.125000,688.330811,-7804.527344,114451.273438,106646.750000
ml,mean,-1,2026-05-08,2064.746582,10.000000,2061.031250,50.000000,-2.174194,0.002441,-246.918320,0.136190,-223176.671875,2082.458984,50.000000,-4.205444,-0.015381,1499.868164,1.711261,-436552.437500,2103.472900,50.000000,-4.988037,-0.014282,1506.464355,1.242119,-524247.906250,-1183977.000000,1176746.500000,691.420410,-7921.940430,114626.078125,106704.132812
ml,mean,-1,2026-05-09,2065.083984,10.000000,2061.031250,50.000000,-2.174194,0.000000,0.000000,0.000000,-223176.671875,2082.854980,50.000000,-4.205444,0.000000,0.000000,0.000000,-436657.937500,2103.831543,50.000000,-4.988037,0.000000,0.000000,0.000000,-524343.187500,-1184177.750000,1176746.500000,691.420410,-8122.678711,114513.859375,106391.171875
ml,mean,-1,2026-05-10,2065.445068,10.000000,2061.031250,50.000000,-2.174194,0.000000,0.000000,0.000000,-223176.671875,2082.598633,50.000000,-4.205444,0.000000,0.000000,0.000000,-436604.375000,2103.516846,50.000000,-4.988037,0.000000,0.000000,0.000000,-524265.312500,-1184046.375000,1176746.500000,691.420410,-7991.218750,114500.570312,106509.359375
ml,mean,-1,2026-05-11,2065.730225,10.000000,2061.031250,50.000000,-2.169434,0.004761,-486.332703,0.293294,-222690.328125,2082.827148,50.000000,-4.219971,-0.014526,1410.788452,1.566606,-438065.531250,2103.701904,50.000000,-5.004150,-0.016113,1646.978027,1.229973,-525964.875000,-1186720.750000,1179318.000000,694.510254,-8097.275391,114224.078125,106126.789062
ml,mean,-1,2026-05-12,2065.889893,10.000000,2061.031250,50.000000,-2.166992,0.002441,-249.546829,0.162106,-222440.796875,2081.685059,50.000000,-4.231323,-0.011353,1098.755005,1.434997,-438929.656250,2104.490967,50.000000,-5.011230,-0.007080,712.742065,0.921447,-526881.750000,-1188252.250000,1180880.000000,697.028809,-8069.311523,113681.070312,105611.765625
ml,mean,-1,2026-05-13,2066.474365,10.000000,2061.031250,50.000000,-2.164673,0.002319,-235.851181,0.117926,-222204.937500,2082.322021,50.000000,-4.237793,-0.006470,596.005005,1.384158,-439677.531250,2105.052490,50.000000,-5.016357,-0.005127,510.172180,0.724102,-527545.312500,-1189427.750000,1181750.250000,699.255005,-8376.786133,114264.125000,105887.343750
ml,mean,-1,2026-05-14,2067.122314,10.000000,2061.031250,50.000000,-2.162354,0.002319,-236.199585,0.155491,-221968.750000,2082.745605,50.000000,-4.240601,-0.002808,255.458008,1.074128,-440033.156250,2105.400391,50.000000,-5.018066,-0.001709,161.332397,0.694021,-527799.375000,-1189801.250000,1181930.875000,701.178650,-8571.635742,114940.671875,106369.046875
ml,mean,-1,2026-05-15,2067.532471,10.000000,2061.031250,50.000000,-2.160034,0.002319,-238.820541,0.144083,-221729.921875,2083.063232,50.000000,-4.237549,0.003052,-342.952271,1.203897,-439775.062500,2105.672363,50.000000,-5.021484,-0.003418,331.713715,0.715301,-528204.875000,-1189709.875000,1181680.750000,703.241943,-8732.342773,115023.250000,106290.906250
ml,mean,-1,2026-05-16,2067.497803,10.000000,2061.031250,50.000000,-2.160034,0.000000,0.000000,0.000000,-221729.921875,2082.889160,50.000000,-4.237549,0.000000,0.000000,0.000000,-439756.281250,2105.409180,50.000000,-5.021484,0.000000,0.000000,0.000000,-528149.625000,-1189635.750000,1181680.750000,703.241943,-8658.262695,114043.015625,105384.750000
ml,mean,-1,2026-05-17,2067.832031,10.000000,2061.031250,50.000000,-2.160034,0.000000,0.000000,0.000000,-221729.921875,2083.063965,50.000000,-4.237549,0.000000,0.000000,0.000000,-439811.375000,2105.520264,50.000000,-5.021484,0.000000,0.000000,0.000000,-528177.750000,-1189719.125000,1181680.750000,703.241943,-8741.560547,113969.109375,105227.531250
ml,mean,-1,2026-05-18,2068.252197,10.000000,2061.031250,50.000000,-2.152832,0.007202,-737.562012,0.368781,-220992.359375,2083.323975,50.000000,-4.237427,0.000122,-63.381687,1.067411,-439813.187500,2105.733398,50.000000,-5.022339,-0.000854,56.934669,0.733925,-528295.000000,-1189100.625000,1180936.750000,705.411987,-8869.232422,114120.445312,105251.226562
ml,mean,-1,2026-05-19,2068.343750,10.000000,2061.031250,50.000000,-2.146362,0.006470,-660.581543,0.342573,-220331.781250,2083.024414,50.000000,-4.235107,0.002319,-267.636658,0.935584,-439496.187500,2105.360840,50.000000,-5.021729,0.000610,-75.061310,0.612025,-528131.750000,-1187959.625000,1179933.500000,707.302185,-8733.506836,113457.593750,104724.093750
ml,mean,-1,2026-05-20,2068.848145,10.000000,2061.031250,50.000000,-2.140747,0.005615,-572.042969,0.286022,-219759.750000,2083.309570,50.000000,-4.233032,0.002075,-239.221603,0.740126,-439326.031250,2105.587158,50.000000,-5.021484,0.000244,-28.257210,0.572447,-528167.062500,-1187252.750000,1179094.000000,708.900818,-8867.756836,113781.054688,104913.304688
ml,mean,-1,2026-05-21,2069.177246,10.000000,2061.031250,50.000000,-2.133179,0.007568,-765.270752,0.382635,-218994.468750,2083.345947,50.000000,-4.230469,0.002563,-291.169067,0.812325,-439042.656250,2105.538574,50.000000,-5.021606,-0.000122,-1.274948,0.582583,-528158.937500,-1186196.125000,1178036.250000,710.678345,-8870.529297,113640.203125,104769.687500
ml,mean,-1,2026-05-22,2069.999512,10.000000,2061.031250,50.000000,-2.126221,0.006958,-700.630005,0.362933,-218293.828125,2084.218506,50.000000,-4.225342,0.005127,-541.817261,0.723692,-438687.093750,2106.375488,50.000000,-5.019409,0.002197,-227.149384,0.514051,-528149.187500,-1185130.125000,1176566.625000,712.278992,-9275.753906,114797.437500,105521.671875
ml,mean,-1,2026-05-23,2070.847168,10.000000,2061.031250,50.000000,-2.126221,0.000000,0.000000,0.000000,-218293.828125,2084.800293,50.000000,-4.225342,0.000000,0.000000,0.000000,-438821.843750,2106.883301,50.000000,-5.019409,0.000000,0.000000,0.000000,-528283.625000,-1185399.375000,1176566.625000,712.278992,-9544.968750,115982.867188,106437.906250
ml,mean,-1,2026-05-24,2071.176025,10.000000,2061.031250,50.000000,-2.126221,0.000000,0.000000,0.000000,-218293.828125,2084.930664,50.000000,-4.225342,0.000000,0.000000,0.000000,-438854.125000,2106.952393,50.000000,-5.019409,0.000000,0.000000,0.000000,-528304.375000,-1185452.375000,1176566.625000,712.278992,-9597.983398,115840.445312,106242.468750
ml,mean,-1,2026-05-25,2071.548340,10.000000,2061.031250,50.000000,-2.126221,0.000000,0.000000,0.000000,-218293.828125,2085.233643,50.000000,-4.225342,0.000000,0.000000,0.000000,-438916.000000,2107.221191,50.000000,-5.019409,0.000000,0.000000,0.000000,-528375.125000,-1185585.000000,1176566.625000,712.278992,-9730.616211,115830.664062,106100.039062
ml,mean,-1,2026-05-26,2072.034668,10.000000,2061.031250,50.000000,-2.112549,0.013672,-1371.354248,0.685677,-216922.468750,2085.045166,50.000000,-4.222046,0.003296,-379.494568,0.788661,-438494.250000,2106.944580,50.000000,-5.020020,-0.000610,23.809357,0.595660,-528329.750000,-1183746.500000,1174839.625000,714.348999,-9621.242188,116173.359375,106552.125000
ml,mean,-1,2026-05-27,2071.983398,10.000000,2061.031250,50.000000,-2.103149,0.009399,-932.655762,0.466328,-215989.843750,2084.802246,50.000000,-4.215698,0.006348,-672.263733,0.729932,-437766.031250,2106.669678,50.000000,-5.019653,0.000366,-65.564545,0.540829,-528192.812500,-1181948.625000,1173169.125000,716.086121,-9495.631836,115129.968750,105634.335938
ml,mean,-1,2026-05-28,2072.473633,10.000000,2061.031250,50.000000,-2.096069,0.007080,-694.880493,0.347440,-215294.953125,2085.173584,50.000000,-4.211304,0.004395,-464.515869,0.664354,-437381.656250,2107.017578,50.000000,-5.019409,0.000244,-54.785637,0.599648,-528232.500000,-1180909.250000,1171954.875000,717.697571,-9671.895508,115426.531250,105754.632812
ml,mean,-1,2026-05-29,2072.770996,10.000000,2061.031250,50.000000,-2.090088,0.005981,-585.166687,0.292583,-214709.781250,2085.337158,50.000000,-4.207031,0.004272,-452.002472,0.556435,-436968.437500,2107.161865,50.000000,-5.015625,0.003784,-399.112213,0.622702,-527872.625000,-1179550.750000,1170518.625000,719.169250,-9751.332031,115231.937500,105480.609375
ml,mean,-1,2026-05-30,2073.395996,10.000000,2061.031250,50.000000,-2.090088,0.000000,0.000000,0.000000,-214709.781250,2085.933105,50.000000,-4.207031,0.000000,0.000000,0.000000,-437097.687500,2107.737061,50.000000,-5.015625,0.000000,0.000000,0.000000,-528021.312500,-1179828.875000,1170518.625000,719.169250,-10029.272461,115895.531250,105866.250000
ml,mean,-1,2026-05-31,2073.311523,10.000000,2061.031250,50.000000,-2.090088,0.000000,0.000000,0.000000,-214709.781250,2085.598389,50.000000,-4.207031,0.000000,0.000000,0.000000,-437038.437500,2107.349121,50.000000,-5.015625,0.000000,0.000000,0.000000,-527920.187500,-1179668.500000,1170518.625000,719.169250,-9868.959961,114731.953125,104863.000000
ml,mean,-1,2026-06-01,2073.584473,10.000000,2061.031250,50.000000,-2.079712,0.010376,-1008.186951,0.504093,-213701.578125,2085.708740,50.000000,-4.202271,0.004761,-514.424011,0.705561,-436557.468750,2107.379639,50.000000,-5.012573,0.003052,-319.999817,0.649111,-527619.125000,-1177878.125000,1168676.125000,721.028076,-9923.119141,114482.445312,104559.328125
ml,mean,-1,2026-06-02,2074.268555,10.000000,2061.031250,50.000000,-2.072266,0.007446,-719.622498,0.359811,-212981.968750,2086.234863,50.000000,-4.197510,0.004761,-498.975189,0.564649,-436174.218750,2107.874023,50.000000,-5.010010,0.002563,-268.804810,0.600589,-527474.375000,-1176630.625000,1167188.625000,722.553101,-10164.442383,115295.867188,105131.437500
ml,mean,-1,2026-06-03,2074.807373,10.000000,2061.031250,50.000000,-2.066772,0.005493,-531.307861,0.265654,-212450.687500,2086.727295,50.000000,-4.190796,0.006714,-686.813721,0.562202,-435597.906250,2108.310547,50.000000,-5.005493,0.004517,-471.549988,0.724940,-527118.812500,-1175167.375000,1165499.000000,724.105835,-10392.462891,115692.234375,105299.765625
ml,mean,-1,2026-06-04,2075.431885,10.000000,2061.031250,50.000000,-2.062012,0.004761,-459.864319,0.229932,-211990.812500,2087.042236,50.000000,-4.184570,0.006226,-638.245789,0.543819,-435035.875000,2108.586182,50.000000,-5.002441,0.003052,-318.544281,0.666509,-526876.187500,-1173902.875000,1164082.375000,725.546204,-10546.084961,116301.828125,105755.734375
ml,mean,-1,2026-06-05,2075.741455,10.000000,2061.031250,50.000000,-2.056519,0.005493,-530.367737,0.265184,-211460.437500,2087.008301,50.000000,-4.180542,0.004028,-419.856262,0.409354,-434621.656250,2108.497803,50.000000,-4.998535,0.003906,-420.751190,0.675641,-526445.125000,-1172527.250000,1162711.250000,726.896362,-10542.715820,116161.617188,105618.890625
ml,mean,-1,2026-06-06,2075.932861,10.000000,2061.031250,50.000000,-2.056519,0.000000,0.000000,0.000000,-211460.437500,2087.083496,50.000000,-4.180542,0.000000,0.000000,0.000000,-434641.281250,2108.502686,50.000000,-4.998535,0.000000,0.000000,0.000000,-526455.437500,-1172557.125000,1162711.250000,726.896362,-10572.687500,115708.468750,105135.773438
ml,mean,-1,2026-06-07,2076.330811,10.000000,2061.031250,50.000000,-2.056519,0.000000,0.000000,0.000000,-211460.437500,2087.201904,50.000000,-4.180542,0.000000,0.000000,0.000000,-434674.312500,2108.608154,50.000000,-4.998535,0.000000,0.000000,0.000000,-526482.625000,-1172617.500000,1162711.250000,726.896362,-10632.915039,115824.710938,105191.789062
ml,mean,-1,2026-06-08,2076.555176,10.000000,2061.031250,50.000000,-2.046997,0.009521,-915.268066,0.457634,-210545.171875,2087.181396,50.000000,-4.176147,0.004395,-457.872253,0.482250,-434211.875000,2108.533936,50.000000,-4.995483,0.003052,-341.043762,0.850189,-526123.625000,-1170880.625000,1160997.250000,728.686401,-10612.168945,115449.609375,104837.429688
ml,mean,-1,2026-06-09,2077.095703,10.000000,2061.031250,50.000000,-2.040771,0.006226,-595.423218,0.297712,-209949.734375,2087.354980,50.000000,-4.170776,0.005371,-546.131226,0.428187,-433708.187500,2108.645508,50.000000,-4.989746,0.005737,-586.649536,0.671037,-525570.125000,-1169228.000000,1159269.000000,730.083374,-10689.151367,115870.796875,105181.648438
ml,mean,-1,2026-06-10,2077.407227,10.000000,2061.031250,50.000000,-2.035522,0.005249,-502.286316,0.263293,-209447.453125,2087.559814,50.000000,-4.163574,0.007202,-735.306396,0.555578,-433009.656250,2108.812256,50.000000,-4.985718,0.004028,-429.187836,0.838633,-525182.500000,-1167639.625000,1157602.125000,731.740845,-10769.129883,115701.531250,104932.406250
ml,mean,-1,2026-06-11,2077.668457,10.000000,2061.031250,50.000000,-2.031250,0.004272,-407.352997,0.203676,-209040.093750,2087.512451,50.000000,-4.154175,0.009399,-963.106628,0.598471,-432045.875000,2108.721436,50.000000,-4.981567,0.004150,-433.749023,0.682691,-524724.375000,-1165810.500000,1155798.000000,733.225708,-10745.621094,115396.734375,104651.117188
ml,mean,-1,2026-06-12,2078.044189,10.000000,2061.031250,50.000000,-2.027344,0.003906,-367.887054,0.183944,-208672.203125,2087.455322,50.000000,-4.147583,0.006592,-680.888062,0.493725,-431357.125000,2108.619873,50.000000,-4.975342,0.006226,-652.364258,0.943884,-524057.812500,-1164087.250000,1154096.750000,734.847229,-10725.151367,115394.742188,104669.601562
ml,mean,-1,2026-06-13,2078.346436,10.000000,2061.031250,50.000000,-2.027344,0.000000,0.000000,0.000000,-208672.203125,2088.031494,50.000000,-4.147583,0.000000,0.000000,0.000000,-431481.687500,2109.150879,50.000000,-4.975342,0.000000,0.000000,0.000000,-524194.687500,-1164348.625000,1154096.750000,734.847229,-10986.619141,115210.781250,104224.156250
ml,mean,-1,2026-06-14,2078.641113,10.000000,2061.031250,50.000000,-2.027344,0.000000,0.000000,0.000000,-208672.203125,2088.092773,50.000000,-4.147583,0.000000,0.000000,0.000000,-431496.312500,2109.176270,50.000000,-4.975342,0.000000,0.000000,0.000000,-524203.281250,-1164372.000000,1154096.750000,734.847229,-11009.848633,115004.101562,103994.242188
ml,mean,-1,2026-06-15,2079.126221,10.000000,2061.031250,50.000000,-2.020874,0.006470,-613.799316,0.306900,-208058.437500,2088.088379,50.000000,-4.138794,0.008789,-909.572388,0.700729,-430587.000000,2109.145996,50.000000,-4.969360,0.005981,-626.014648,1.086591,-523570.750000,-1162216.250000,1151947.500000,736.941467,-11005.655273,115296.414062,104290.765625
ml,mean,-1,2026-06-16,2079.625488,10.000000,2061.031250,50.000000,-2.017944,0.002930,-276.735474,0.138368,-207781.687500,2088.201660,50.000000,-4.129639,0.009155,-911.517944,0.574220,-429692.437500,2109.219238,50.000000,-4.961670,0.007690,-806.806274,1.041398,-522788.750000,-1160262.875000,1149952.375000,738.695435,-11049.178711,115574.039062,104524.859375
ml,mean,-1,2026-06-17,2079.963623,10.000000,2061.031250,50.000000,-2.014526,0.003418,-325.141388,0.162571,-207456.531250,2088.487305,50.000000,-4.121948,0.007690,-792.794678,0.594142,-428961.812500,2109.469238,50.000000,-4.954956,0.006714,-703.412964,0.829931,-522140.562500,-1158558.875000,1148131.000000,740.282104,-11168.149414,115468.703125,104300.539062
ml,mean,-1,2026-06-18,2080.373535,10.000000,2061.031250,50.000000,-2.010986,0.003540,-333.548126,0.166774,-207122.984375,2088.883301,50.000000,-4.114014,0.007935,-806.215515,0.568358,-428247.562500,2109.852539,50.000000,-4.947998,0.006958,-720.696533,1.051139,-521530.312500,-1156900.875000,1146270.500000,742.068359,-11372.356445,115551.460938,104179.109375
ml,mean,-1,2026-06-19,2080.869873,10.000000,2061.031250,50.000000,-2.010986,0.000000,0.000000,0.000000,-207122.984375,2089.310791,50.000000,-4.114014,0.000000,0.000000,0.000000,-428347.062500,2110.266113,50.000000,-4.947998,0.000000,0.000000,0.000000,-521634.218750,-1157104.375000,1146270.500000,742.068359,-11575.732422,115835.718750,104259.984375
ml,mean,-1,2026-06-20,2081.405273,10.000000,2061.031250,50.000000,-2.010986,0.000000,0.000000,0.000000,-207122.984375,2089.531006,50.000000,-4.114014,0.000000,0.000000,0.000000,-428400.625000,2110.441895,50.000000,-4.947998,0.000000,0.000000,0.000000,-521688.656250,-1157212.250000,1146270.500000,742.068359,-11683.790039,116231.585938,104547.796875
ml,mean,-1,2026-06-21,2081.542969,10.000000,2061.031250,50.000000,-2.010986,0.000000,0.000000,0.000000,-207122.984375,2089.107422,50.000000,-4.114014,0.000000,0.000000,0.000000,-428309.187500,2109.972168,50.000000,-4.947998,0.000000,0.000000,0.000000,-521569.187500,-1157001.375000,1146270.500000,742.068359,-11472.857422,115628.039062,104155.179688
ml,mean,-1,2026-06-22,2082.320068,10.000000,2061.031250,50.000000,-2.006226,0.004761,-452.911896,0.226456,-206670.078125,2089.979248,50.000000,-4.102295,0.011719,-1185.444824,0.773378,-427299.218750,2110.803711,50.000000,-4.937256,0.010742,-1128.789307,1.092726,-520647.312500,-1154616.625000,1143503.500000,744.160889,-11857.344727,116654.507812,104797.164062
ml,mean,-1,2026-06-23,2083.042236,10.000000,2061.031250,50.000000,-2.003540,0.002686,-254.635010,0.127318,-206415.453125,2090.552002,50.000000,-4.092163,0.010132,-1028.313599,0.629889,-426380.750000,2111.330811,50.000000,-4.923950,0.013306,-1386.300537,1.207327,-519388.750000,-1152185.000000,1140834.250000,746.125488,-12096.887695,117499.515625,105402.632812
ml,mean,-1,2026-06-24,2083.371826,10.000000,2061.031250,50.000000,-2.001831,0.001709,-163.123962,0.081562,-206252.343750,2090.521729,50.000000,-4.083130,0.009033,-902.310852,0.624960,-425481.562500,2111.281494,50.000000,-4.914673,0.009277,-964.373413,1.034752,-518419.906250,-1150153.750000,1138804.250000,747.866760,-12097.258789,117380.242188,105282.984375
ml,mean,-1,2026-06-25,2083.633057,10.000000,2061.031250,50.000000,-2.000977,0.000854,-79.615356,0.039808,-206172.687500,2090.571289,50.000000,-4.074707,0.008423,-845.315430,0.606686,-424653.718750,2111.291016,50.000000,-4.903931,0.010742,-1142.490234,1.102059,-517289.468750,-1148116.000000,1136737.000000,749.615295,-12128.558594,117061.273438,104932.726562
ml,mean,-1,2026-06-26,2083.454102,10.000000,2061.031250,50.000000,-2.000488,0.000488,-45.694183,0.022847,-206127.000000,2090.304932,50.000000,-4.066406,0.008301,-813.638245,0.527058,-423798.218750,2110.962158,50.000000,-4.894409,0.009521,-1000.733276,1.073612,-516215.781250,-1146140.875000,1134876.875000,751.238770,-12015.352539,115658.484375,103643.125000
ml,mean,-1,2026-06-27,2084.069092,10.000000,2061.031250,50.000000,-2.000488,0.000000,0.000000,0.000000,-206127.000000,2090.880371,50.000000,-4.066406,0.000000,0.000000,0.000000,-423916.750000,2111.516113,50.000000,-4.894409,0.000000,0.000000,0.000000,-516369.125000,-1146412.875000,1134876.875000,751.238770,-12287.229492,116251.640625,103964.421875
ml,mean,-1,2026-06-28,2084.790039,10.000000,2061.031250,50.000000,-2.000488,0.000000,0.000000,0.000000,-206127.000000,2091.156982,50.000000,-4.066406,0.000000,0.000000,0.000000,-423976.718750,2111.741699,50.000000,-4.894409,0.000000,0.000000,0.000000,-516425.875000,-1146529.750000,1134876.875000,751.238770,-12403.944336,117090.593750,104686.648438
ml,mean,-1,2026-06-29,2085.022461,10.000000,2061.031250,50.000000,-1.999268,0.001221,-111.558815,0.055779,-206015.437500,2091.099854,50.000000,-4.058838,0.007568,-740.365540,0.609536,-423228.406250,2111.670410,50.000000,-4.884521,0.009888,-1070.164429,1.264302,-515342.312500,-1144586.125000,1132954.875000,753.168457,-12384.569336,116701.820312,104317.242188
ml,mean,-1,2026-06-30,2085.394043,10.000000,2061.031250,50.000000,-1.998535,0.000732,-68.889633,0.034445,-205946.562500,2091.400879,50.000000,-4.049561,0.009277,-923.963867,0.676862,-422367.062500,2111.939941,50.000000,-4.869263,0.015259,-1645.470825,1.363123,-513759.281250,-1142072.875000,1130316.500000,755.242859,-12511.661133,116675.484375,104163.820312
ml,mean,-1,2026-07-01,2085.762695,10.000000,2061.031250,50.000000,-1.998169,0.000366,-33.241177,0.016621,-205913.312500,2091.785889,50.000000,-4.043335,0.006226,-602.105103,0.535576,-421840.093750,2112.286865,50.000000,-4.856079,0.013184,-1399.535645,1.215534,-512465.500000,-1140219.000000,1128281.625000,757.010620,-12694.278320,116635.257812,103940.984375
ml,mean,-1,2026-07-02,2086.215332,10.000000,2061.031250,50.000000,-1.998169,0.000000,0.000000,0.000000,-205913.312500,2091.950928,50.000000,-4.036133,0.007202,-706.248657,0.576425,-421172.218750,2112.470703,50.000000,-4.842285,0.013794,-1463.973511,1.323299,-511057.312500,-1138142.875000,1126111.375000,758.910339,-12790.365234,116788.929688,103998.562500
ml,mean,-1,2026-07-03,2086.923340,10.000000,2061.031250,50.000000,-1.998047,0.000122,-10.932678,0.005466,-205902.375000,2092.546631,50.000000,-4.028687,0.007446,-726.977356,0.500248,-420566.375000,2113.032227,50.000000,-4.826294,0.015991,-1734.019653,1.284177,-509475.687500,-1135944.500000,1123639.250000,760.700195,-13065.754883,117524.976562,104459.218750
ml,mean,-1,2026-07-04,2087.221680,10.000000,2061.031250,50.000000,-1.998047,0.000000,0.000000,0.000000,-205902.375000,2092.593262,50.000000,-4.028687,0.000000,0.000000,0.000000,-420582.250000,2113.051025,50.000000,-4.826294,0.000000,0.000000,0.000000,-509498.906250,-1135983.625000,1123639.250000,760.700195,-13104.814453,117337.632812,104232.828125
ml,mean,-1,2026-07-05,2087.330811,10.000000,2061.031250,50.000000,-1.998047,0.000000,0.000000,0.000000,-205902.375000,2092.446045,50.000000,-4.028687,0.000000,0.000000,0.000000,-420554.062500,2112.892090,50.000000,-4.826294,0.000000,0.000000,0.000000,-509458.250000,-1135914.750000,1123639.250000,760.700195,-13035.957031,116726.593750,103690.632812
ml,mean,-1,2026-07-06,2087.568359,10.000000,2061.031250,50.000000,-1.998047,0.000000,0.000000,0.000000,-205902.375000,2092.387451,50.000000,-4.020142,0.008545,-843.638306,0.726344,-419706.562500,2112.808350,50.000000,-4.803833,0.022461,-2438.430664,1.811023,-507009.093750,-1132618.000000,1120357.500000,763.237549,-13023.878906,116395.718750,103371.828125
ml,mean,-1,2026-07-07,2088.138672,10.000000,2061.031250,50.000000,-1.998047,0.000000,0.000000,0.000000,-205902.375000,2093.040039,50.000000,-4.009644,0.010498,-1030.260986,0.784595,-418802.093750,2113.430908,50.000000,-4.781982,0.021851,-2360.488525,1.564001,-504793.656250,-1129498.125000,1116966.625000,765.586121,-13297.059570,116778.382812,103481.320312
ml,mean,-1,2026-07-08,2088.835449,10.000000,2061.031250,50.000000,-1.998047,0.000000,0.000000,0.000000,-205902.375000,2093.489990,50.000000,-3.998779,0.010864,-1069.056030,0.732638,-417833.156250,2113.901123,50.000000,-4.760986,0.020996,-2264.880371,1.417570,-502645.687500,-1126381.375000,1113632.625000,767.736328,-13516.300781,117380.890625,103864.585938
ml,mean,-1,2026-07-09,2089.278320,10.000000,2061.031250,50.000000,-1.997925,0.000122,-10.493631,0.005247,-205891.906250,2093.347900,50.000000,-3.991943,0.006836,-655.943542,0.535912,-417153.500000,2113.750488,50.000000,-4.738525,0.022461,-2466.808105,1.551623,-500157.781250,-1123203.250000,1110499.500000,769.829102,-13473.549805,117486.867188,104013.320312
ml,mean,-1,2026-07-10,2089.962646,10.000000,2061.031250,50.000000,-1.997925,0.000000,0.000000,0.000000,-205891.906250,2093.998291,50.000000,-3.982422,0.009521,-924.968262,0.670169,-416367.125000,2114.388184,50.000000,-4.718384,0.020142,-2225.251465,1.436298,-498092.875000,-1120351.875000,1107349.250000,771.935608,-13774.621094,117990.304688,104215.671875
ml,mean,-1,2026-07-11,2090.149414,10.000000,2061.031250,50.000000,-1.997925,0.000000,0.000000,0.000000,-205891.906250,2094.030762,50.000000,-3.982422,0.000000,0.000000,0.000000,-416378.937500,2114.403809,50.000000,-4.718384,0.000000,0.000000,0.000000,-498096.843750,-1120367.625000,1107349.250000,771.935608,-13790.373047,117666.765625,103876.390625
ml,mean,-1,2026-07-12,2090.536133,10.000000,2061.031250,50.000000,-1.997925,0.000000,0.000000,0.000000,-205891.906250,2094.178711,50.000000,-3.982422,0.000000,0.000000,0.000000,-416417.093750,2114.511230,50.000000,-4.718384,0.000000,0.000000,0.000000,-498142.718750,-1120451.625000,1107349.250000,771.935608,-13874.372070,117669.101562,103794.742188
ml,mean,-1,2026-07-13,2090.741699,10.000000,2061.031250,50.000000,-1.997925,0.000000,0.000000,0.000000,-205891.906250,2093.808594,50.000000,-3.969971,0.012451,-1219.303101,0.879592,-415125.437500,2114.127686,50.000000,-4.692993,0.025391,-2766.592285,1.680005,-495303.375000,-1116320.625000,1103363.375000,774.495300,-13731.875000,117373.578125,103641.703125
ml,mean,-1,2026-07-14,2091.017578,10.000000,2061.031250,50.000000,-1.997925,0.000000,0.000000,0.000000,-205891.906250,2094.031982,50.000000,-3.958862,0.011108,-1098.942627,0.807668,-414081.500000,2114.312744,50.000000,-4.669922,0.023071,-2527.145996,1.679778,-492844.281250,-1112817.625000,1099737.250000,776.982666,-13857.416992,117199.007812,103341.593750
ml,mean,-1,2026-07-15,2091.456055,10.000000,2061.031250,50.000000,-1.997925,0.000000,0.000000,0.000000,-205891.906250,2094.290039,50.000000,-3.947876,0.010986,-1073.445923,0.766861,-413067.906250,2114.568115,50.000000,-4.645508,0.024414,-2678.322998,1.649309,-490243.625000,-1109203.500000,1095985.500000,779.398804,-13997.302734,117267.679688,103270.359375
ml,mean,-1,2026-07-16,2091.864990,10.000000,2061.031250,50.000000,-1.997925,0.000000,0.000000,0.000000,-205891.906250,2094.411133,50.000000,-3.934448,0.013428,-1326.908691,0.761225,-411763.875000,2114.656982,50.000000,-4.625732,0.019775,-2230.559570,1.416425,-488038.156250,-1105693.875000,1092428.000000,781.576416,-14047.488281,117298.289062,103250.804688
ml,mean,-1,2026-07-17,2092.101562,10.000000,2061.031250,50.000000,-1.997925,0.000000,0.000000,0.000000,-205891.906250,2094.530273,50.000000,-3.922241,0.012207,-1192.512451,0.780764,-410588.781250,2114.759277,50.000000,-4.608398,0.017334,-1916.635254,1.356983,-486139.312500,-1102620.000000,1089319.000000,783.714172,-14084.843750,117119.296875,103034.453125
ml,mean,-1,2026-07-18,2092.621826,10.000000,2061.031250,50.000000,-1.997925,0.000000,0.000000,0.000000,-205891.906250,2094.942139,50.000000,-3.922241,0.000000,0.000000,0.000000,-410679.000000,2115.134766,50.000000,-4.608398,0.000000,0.000000,0.000000,-486241.625000,-1102812.500000,1089319.000000,783.714172,-14277.407227,117261.703125,102984.296875
ml,mean,-1,2026-07-19,2093.092773,10.000000,2061.031250,50.000000,-1.997925,0.000000,0.000000,0.000000,-205891.906250,2094.932617,50.000000,-3.922241,0.000000,0.000000,0.000000,-410675.125000,2115.097168,50.000000,-4.608398,0.000000,0.000000,0.000000,-486232.531250,-1102799.500000,1089319.000000,783.714172,-14264.389648,117354.546875,103090.164062
ml,mean,-1,2026-07-20,2093.276367,10.000000,2061.031250,50.000000,-1.997925,0.000000,0.000000,0.000000,-205891.906250,2095.046631,50.000000,-3.910156,0.012085,-1200.114136,0.783203,-409495.906250,2115.189941,50.000000,-4.580688,0.027710,-3101.176270,1.879758,-483147.687500,-1098535.625000,1085017.500000,786.377258,-14304.293945,117134.023438,102829.726562
ml,mean,-1,2026-07-21,2093.655029,10.000000,2061.031250,50.000000,-1.997925,0.000000,0.000000,0.000000,-205891.906250,2095.743896,50.000000,-3.894775,0.015381,-1544.989014,0.894837,-408073.562500,2115.909912,50.000000,-4.552368,0.028320,-3136.155518,1.815341,-480170.937500,-1094136.375000,1080336.500000,789.087341,-14589.024414,117129.484375,102540.468750
ml,mean,-1,2026-07-22,2093.870117,10.000000,2061.031250,50.000000,-1.997925,0.000000,0.000000,0.000000,-205891.906250,2095.411865,50.000000,-3.877319,0.017456,-1752.375854,1.014287,-406259.500000,2115.560059,50.000000,-4.526123,0.026245,-2860.395752,1.562725,-477235.437500,-1089386.750000,1075723.625000,791.664368,-14454.842773,116983.304688,102528.460938
ml,mean,-1,2026-07-23,2093.982178,10.000000,2061.031250,50.000000,-1.997803,0.000122,-16.489670,0.008245,-205875.406250,2095.240234,50.000000,-3.859009,0.018311,-1878.451660,1.036117,-404352.531250,2115.374023,50.000000,-4.499023,0.027100,-2991.521240,1.616221,-474226.906250,-1084454.750000,1070837.250000,794.325012,-14411.943359,116776.882812,102364.937500
ml,mean,-1,2026-07-24,2094.171631,10.000000,2061.031250,50.000000,-1.997803,0.000000,0.000000,0.000000,-205875.406250,2095.244385,50.000000,-3.843506,0.015503,-1584.478760,0.939814,-402773.593750,2115.341797,50.000000,-4.471680,0.027344,-3030.912109,1.713647,-471190.343750,-1079839.375000,1066221.875000,796.978455,-14414.501953,116652.703125,102238.187500
ml,mean,-1,2026-07-25,2094.698975,10.000000,2061.031250,50.000000,-1.997803,0.000000,0.000000,0.000000,-205875.406250,2095.502197,50.000000,-3.843506,0.000000,0.000000,0.000000,-402822.906250,2115.571777,50.000000,-4.471680,0.000000,0.000000,0.000000,-471261.562500,-1079959.875000,1066221.875000,796.978455,-14535.072266,116734.335938,102199.257812
ml,mean,-1,2026-07-26,2095.501465,10.000000,2061.031250,50.000000,-1.997803,0.000000,0.000000,0.000000,-205875.406250,2095.942627,50.000000,-3.843506,0.000000,0.000000,0.000000,-402908.437500,2115.981689,50.000000,-4.471680,0.000000,0.000000,0.000000,-471346.968750,-1080130.875000,1066221.875000,796.978455,-14705.994141,116964.593750,102258.593750
ml,mean,-1,2026-07-27,2095.382812,10.000000,2061.031250,50.000000,-1.997559,0.000244,-28.107811,0.014054,-205847.281250,2095.570801,50.000000,-3.819336,0.024170,-2519.399170,1.379280,-400310.312500,2115.589111,50.000000,-4.434937,0.036743,-4090.424561,2.173791,-467164.687500,-1073322.250000,1059583.875000,800.545532,-14538.938477,116694.242188,102155.304688
ml,mean,-1,2026-07-28,2095.460449,10.000000,2061.031250,50.000000,-1.996948,0.000610,-69.269234,0.034635,-205778.031250,2095.491211,50.000000,-3.791260,0.028076,-2928.447510,1.566299,-397368.281250,2115.498535,50.000000,-4.402466,0.032471,-3585.216797,1.948383,-463556.156250,-1066702.625000,1053000.875000,804.094849,-14505.661133,116565.304688,102059.640625
ml,mean,-1,2026-07-29,2095.906494,10.000000,2061.031250,50.000000,-1.995239,0.001709,-189.660599,0.094830,-205588.375000,2095.751465,50.000000,-2.122559,1.668701,-177055.140625,88.527573,-220370.359375,2115.743896,50.000000,-4.351685,0.050781,-5648.422363,2.910121,-457974.750000,-883933.500000,870107.750000,895.627441,-14721.403320,116591.484375,101870.078125
ml,mean,-1,2026-07-30,2095.954102,10.000000,2061.031250,50.000000,-1.973267,0.021973,-2388.225342,1.194113,-203200.140625,2095.751465,50.000000,-2.010864,0.111694,-10570.902344,5.298292,-209799.453125,2115.806396,50.000000,-4.253174,0.098511,-10835.876953,5.467569,-447160.281250,-860160.000000,846312.687500,907.587402,-14754.830078,116526.421875,101771.601562
ml,mean,-1,2026-07-31,2096.196777,10.000000,2061.031250,50.000000,-1.954346,0.018921,-2043.109253,1.021555,-201157.031250,2095.751465,50.000000,-1.997192,0.013672,-1204.461304,0.602231,-208594.984375,2115.600098,50.000000,-4.189331,0.063843,-6720.333984,3.411051,-440418.281250,-850170.312500,836344.875000,912.622192,-14738.093750,116540.671875,101802.578125
ml,mean,-1,2026-08-01,2096.394531,10.000000,2061.031250,50.000000,-1.954346,0.000000,0.000000,0.000000,-201157.031250,2095.751465,50.000000,-1.997192,0.000000,0.000000,0.000000,-208594.984375,2115.438477,50.000000,-4.189331,0.000000,0.000000,0.000000,-440392.500000,-850144.562500,836344.875000,912.622192,-14712.360352,116552.570312,101840.218750
ml,mean,-1,2026-08-02,2096.971436,10.000000,2061.031250,50.000000,-1.954346,0.000000,0.000000,0.000000,-201157.031250,2095.751465,50.000000,-1.997192,0.000000,0.000000,0.000000,-208594.984375,2116.011719,50.000000,-4.189331,0.000000,0.000000,0.000000,-440523.500000,-850275.562500,836344.875000,912.622192,-14843.363281,116564.585938,101721.218750
ml,mean,-1,2026-08-03,2097.544922,10.000000,2061.031250,50.000000,-1.921021,0.033325,-3547.064941,1.773532,-197609.968750,2095.751465,50.000000,-1.982056,0.015137,-1314.998413,0.657499,-207279.984375,2116.370361,50.000000,-4.130737,0.058594,-6155.252930,3.127401,-434443.656250,-839333.625000,825327.437500,918.180664,-14924.311523,116576.562500,101652.250000
ml,mean,-1,2026-08-04,2098.006592,10.000000,2061.031250,50.000000,-1.903687,0.017334,-1845.755981,0.922878,-195764.203125,2095.751465,50.000000,-1.977783,0.004272,-366.177979,0.183089,-206913.796875,2116.307861,50.000000,-4.098145,0.032593,-3313.042969,1.780459,-431120.218750,-833798.250000,819802.500000,921.067017,-14916.810547,116588.523438,101671.718750
ml,mean,-1,2026-08-05,2098.449219,10.000000,2061.031250,50.000000,-1.796875,0.106812,-11445.809570,5.722905,-184318.406250,2095.751465,50.000000,-1.964355,0.013428,-1145.819092,0.572910,-205767.984375,2116.586426,50.000000,-3.982666,0.115479,-12226.653320,6.124615,-418963.000000,-809049.375000,794984.250000,933.487427,-14998.631836,116600.500000,101601.875000
ml,mean,-1,2026-08-06,2098.645508,10.000000,2061.031250,50.000000,-1.232178,0.564697,-58156.812500,29.078407,-126161.585938,2095.751465,50.000000,-1.961792,0.002563,-262.657532,0.131329,-205505.343750,2116.663574,50.000000,-3.670532,0.312134,-30227.187500,15.200553,-388776.343750,-720443.250000,706337.500000,977.897766,-15083.602539,116600.500000,101516.906250
ml,mean,-1,2026-08-07,2099.070801,10.000000,2061.031250,50.000000,-1.210815,0.021362,-2198.298584,1.099149,-123963.296875,2095.751465,50.000000,-1.959717,0.002075,-310.870300,0.155435,-205194.468750,2117.302246,50.000000,-3.611694,0.058838,-7148.411621,4.200433,-381764.937500,-710922.687500,696680.000000,983.352722,-15226.037109,116600.500000,101374.468750
ml,mean,-1,2026-08-08,2099.088623,10.000000,2061.031250,50.000000,-1.210815,0.000000,0.000000,0.000000,-123963.296875,2095.751465,50.000000,-1.959717,0.000000,0.000000,0.000000,-205194.468750,2116.590820,50.000000,-3.611694,0.000000,0.000000,0.000000,-381638.375000,-710796.125000,696680.000000,983.352722,-15099.503906,116600.500000,101501.000000
ml,mean,-1,2026-08-09,2099.315918,10.000000,2061.031250,50.000000,-1.210815,0.000000,0.000000,0.000000,-123963.296875,2095.751465,50.000000,-1.959717,0.000000,0.000000,0.000000,-205194.468750,2117.015869,50.000000,-3.611694,0.000000,0.000000,0.000000,-381712.062500,-710869.812500,696680.000000,983.352722,-15173.167969,116600.500000,101427.335938
ml,mean,-1,2026-08-10,2099.635742,10.000000,2061.031250,50.000000,-1.171265,0.039551,-4020.056641,2.010028,-119943.218750,2095.751465,50.000000,-1.952026,0.007690,-1094.452515,0.547226,-204100.015625,2117.092773,50.000000,-3.512573,0.099121,-11474.328125,5.818455,-370267.750000,-694311.062500,680091.250000,991.728455,-15211.602539,116600.500000,101388.890625
ml,mean,-1,2026-08-11,2100.461426,10.000000,2061.031250,50.000000,-1.109009,0.062256,-6269.793457,3.134897,-113673.437500,2095.751465,50.000000,-1.796509,0.155518,-19164.748047,9.582375,-184935.250000,2117.665527,50.000000,-3.309448,0.203125,-22978.884766,11.489443,-347383.875000,-645992.562500,631677.750000,1015.935181,-15330.773438,116600.500000,101269.726562
ml,mean,-1,2026-08-12,2100.692871,10.000000,2061.031250,50.000000,-1.088623,0.020386,-2050.394043,1.025197,-111623.046875,2095.751465,50.000000,-1.737305,0.059204,-6716.253906,3.358127,-178219.000000,2117.621826,50.000000,-3.255859,0.053589,-5563.869141,2.793909,-341836.406250,-631678.375000,617347.187500,1023.112427,-15354.355469,116600.500000,101246.148438
ml,mean,-1,2026-08-13,2100.898193,10.000000,2061.031250,50.000000,-1.069214,0.019409,-1937.444092,0.968722,-109685.601562,2095.751465,50.000000,-1.686646,0.050659,-5649.524902,2.824763,-172569.484375,2117.245117,50.000000,-3.203369,0.052490,-5270.744141,2.635372,-336508.093750,-618763.187500,604489.500000,1029.541260,-15303.227539,116600.500000,101297.265625
ml,mean,-1,2026-08-14,2101.272217,10.000000,2061.031250,50.000000,-1.040771,0.028442,-2781.862061,1.390931,-106903.742188,2095.751465,50.000000,-1.634155,0.052490,-5758.182129,2.879091,-166811.312500,2117.460205,50.000000,-3.146362,0.057007,-5567.006348,2.783503,-330989.656250,-604704.687500,590382.437500,1036.594849,-15358.849609,116600.500000,101241.656250
ml,mean,-1,2026-08-15,2101.700684,10.000000,2061.031250,50.000000,-1.040771,0.000000,0.000000,0.000000,-106903.742188,2095.751465,50.000000,-1.634155,0.000000,0.000000,0.000000,-166811.312500,2117.754639,50.000000,-3.146362,0.000000,0.000000,0.000000,-331052.093750,-604767.187500,590382.437500,1036.594849,-15421.310547,116600.500000,101179.195312
ml,mean,-1,2026-08-16,2102.149902,10.000000,2061.031250,50.000000,-1.040771,0.000000,0.000000,0.000000,-106903.742188,2095.751465,50.000000,-1.634155,0.000000,0.000000,0.000000,-166811.312500,2118.038330,50.000000,-3.146362,0.000000,0.000000,0.000000,-331103.031250,-604818.000000,590382.437500,1036.594849,-15472.222656,116600.500000,101128.273438
ml,mean,-1,2026-08-17,2102.621582,10.000000,2061.031250,50.000000,-1.000244,0.040527,-3830.356934,1.915179,-103073.382812,2095.751465,50.000000,-1.342896,0.291260,-30029.976562,15.014988,-136781.328125,2118.073975,50.000000,-3.061035,0.085327,-8213.157227,4.106579,-322886.656250,-562741.375000,548308.937500,1057.631470,-15490.033203,116600.500000,101110.476562
ml,mean,-1,2026-08-18,2102.901123,10.000000,2061.031250,50.000000,-0.999634,0.000610,-58.932667,0.029466,-103014.453125,2095.751465,50.000000,-1.047485,0.295410,-27411.554688,13.705777,-109369.781250,2118.181641,50.000000,-2.982788,0.078247,-7481.898926,3.740949,-315433.875000,-527818.125000,513356.562500,1075.107788,-15536.647461,116600.500000,101063.859375
ml,mean,-1,2026-08-19,2103.321777,10.000000,2061.031250,50.000000,-0.999023,0.000610,-62.433815,0.031217,-102952.015625,2095.751465,50.000000,-1.002075,0.045410,-4374.580566,2.187290,-104995.187500,2118.027832,50.000000,-2.839600,0.143188,-14620.334961,7.310167,-300803.906250,-508751.125000,494299.218750,1084.636475,-15536.551758,116600.500000,101063.945312
ml,mean,-1,2026-08-20,2103.763184,10.000000,2061.031250,50.000000,-0.972656,0.026367,-2692.117188,1.346059,-100259.898438,2095.751465,50.000000,-1.000000,0.002075,-207.624908,0.103812,-104787.562500,2118.415527,50.000000,-2.535889,0.303711,-33415.070312,16.707535,-267476.125000,-472523.593750,457984.406250,1102.793823,-15641.992188,116600.500000,100958.500000
ml,mean,-1,2026-08-21,2103.680664,10.000000,2061.031250,50.000000,-0.674194,0.298462,-30316.427734,15.158215,-69943.468750,2095.751465,50.000000,-0.998535,0.001465,-150.912903,0.075456,-104636.656250,2118.087158,50.000000,-2.155396,0.380493,-41482.625000,20.741310,-226002.000000,-400582.156250,386034.437500,1138.768799,-15686.458984,116600.500000,100914.046875
ml,mean,-1,2026-08-22,2104.007568,10.000000,2061.031250,50.000000,-0.674194,0.000000,0.000000,0.000000,-69943.468750,2095.751465,50.000000,-0.998535,0.000000,0.000000,0.000000,-104636.656250,2117.978027,50.000000,-2.155396,0.000000,0.000000,0.000000,-226026.593750,-400606.718750,386034.437500,1138.768799,-15711.034180,116600.500000,100889.460938
ml,mean,-1,2026-08-23,2104.748047,10.000000,2061.031250,50.000000,-0.674194,0.000000,0.000000,0.000000,-69943.468750,2095.751465,50.000000,-0.998535,0.000000,0.000000,0.000000,-104636.656250,2118.797363,50.000000,-2.155396,0.000000,0.000000,0.000000,-226122.468750,-400702.593750,386034.437500,1138.768799,-15806.911133,116600.500000,100793.593750
ml,mean,-1,2026-08-24,2104.757080,10.000000,2061.031250,50.000000,-0.505737,0.168457,-17026.849609,8.513425,-52916.621094,2095.751465,50.000000,-0.995605,0.002930,-303.035583,0.151518,-104333.617188,2118.642090,50.000000,-2.142944,0.012451,-1278.903931,0.639452,-224829.140625,-382079.375000,367425.656250,1148.073120,-15801.776367,116600.500000,100798.726562
ml,mean,-1,2026-08-25,2104.978027,10.000000,2061.031250,50.000000,-0.496582,0.009155,-902.023315,0.451012,-52014.597656,2095.751465,50.000000,-0.994629,0.000977,-98.954292,0.049477,-104234.664062,2118.719238,50.000000,-2.136475,0.006470,-672.216553,0.336108,-224172.859375,-380422.125000,365752.437500,1148.909912,-15818.574219,116600.500000,100781.929688
ml,mean,-1,2026-08-26,2105.414795,10.000000,2061.031250,50.000000,-0.489624,0.006958,-692.364868,0.346182,-51322.234375,2095.751465,50.000000,-0.994507,0.000122,-12.584090,0.006292,-104222.078125,2119.173096,50.000000,-2.131592,0.004883,-493.335876,0.246668,-223722.578125,-379266.906250,364554.156250,1149.509033,-15862.211914,116600.500000,100738.296875
ml,mean,-1,2026-08-27,2105.415283,10.000000,2061.031250,50.000000,-0.483521,0.006104,-617.231201,0.308616,-50705.000000,2095.751465,50.000000,-0.993774,0.000732,-75.155174,0.037578,-104146.929688,2118.912842,50.000000,-2.127808,0.003784,-385.885620,0.192943,-223316.640625,-378168.531250,363475.906250,1150.048096,-15842.704102,116600.500000,100757.796875
ml,mean,-1,2026-08-28,2105.927002,10.000000,2061.031250,50.000000,-0.477539,0.005981,-597.117493,0.298559,-50107.882812,2095.751465,50.000000,-0.993530,0.000244,-25.397449,0.012699,-104121.531250,2119.037598,50.000000,-2.125122,0.002686,-276.386841,0.138193,-223048.734375,-377278.156250,362577.031250,1150.497559,-15851.636719,116600.500000,100748.859375
ml,mean,-1,2026-08-29,2106.532471,10.000000,2061.031250,50.000000,-0.477539,0.000000,0.000000,0.000000,-50107.882812,2095.751465,50.000000,-0.993530,0.000000,0.000000,0.000000,-104121.531250,2119.796143,50.000000,-2.125122,0.000000,0.000000,0.000000,-223126.375000,-377355.781250,362577.031250,1150.497559,-15929.275391,116600.500000,100671.226562
ml,mean,-1,2026-08-30,2107.000488,10.000000,2061.031250,50.000000,-0.477539,0.000000,0.000000,0.000000,-50107.882812,2095.751465,50.000000,-0.993530,0.000000,0.000000,0.000000,-104121.531250,2120.033936,50.000000,-2.125122,0.000000,0.000000,0.000000,-223152.062500,-377381.500000,362577.031250,1150.497559,-15954.983398,116600.500000,100645.515625
ml,mean,-1,2026-08-31,2107.460449,10.000000,2061.031250,50.000000,-0.476685,0.000854,-83.559067,0.041780,-50024.324219,2095.751465,50.000000,-0.993164,0.000366,-37.992294,0.018996,-104083.539062,2120.191650,50.000000,-2.122314,0.002808,-287.772278,0.143886,-222890.296875,-376998.156250,362167.718750,1150.702148,-15981.158203,116600.500000,100619.343750
ml,mean,-1,2026-09-01,2107.718750,10.000000,2061.031250,50.000000,-0.475952,0.000732,-72.385033,0.036193,-49951.937500,2095.751465,50.000000,-0.993164,0.000000,0.000000,0.000000,-104083.539062,2120.054932,50.000000,-2.120239,0.002075,-211.613617,0.105807,-222663.015625,-376698.500000,361883.718750,1150.844116,-15965.661133,116600.500000,100634.843750
ml,mean,-1,2026-09-02,2108.395996,10.000000,2061.031250,50.000000,-0.475220,0.000732,-71.711411,0.035856,-49880.226562,2095.751465,50.000000,-0.992920,0.000244,-24.764175,0.012382,-104058.773438,2120.270996,50.000000,-2.118896,0.001343,-136.651825,0.068326,-222545.921875,-376484.906250,361650.562500,1150.960815,-15985.315430,116600.500000,100615.187500
ml,mean,-1,2026-09-03,2108.571777,10.000000,2061.031250,50.000000,-0.475098,0.000122,-12.497777,0.006249,-49867.726562,2095.751465,50.000000,-0.992920,0.000000,0.000000,0.000000,-104058.773438,2120.511475,50.000000,-2.116821,0.002075,-209.329407,0.104665,-222366.531250,-376293.031250,361428.718750,1151.071655,-16015.395508,116600.500000,100585.109375
ml,mean,-1,2026-09-04,2108.762939,10.000000,2061.031250,50.000000,-0.473877,0.001221,-124.319458,0.062160,-49743.410156,2095.751465,50.000000,-0.992798,0.000122,-12.475970,0.006238,-104046.296875,2120.529297,50.000000,-2.115356,0.001465,-147.157227,0.073579,-222224.218750,-376013.937500,361144.781250,1151.213745,-16020.346680,116600.500000,100580.148438
ml,mean,-1,2026-09-05,2109.635742,10.000000,2061.031250,50.000000,-0.473877,0.000000,0.000000,0.000000,-49743.410156,2095.751465,50.000000,-0.992798,0.000000,0.000000,0.000000,-104046.296875,2121.363037,50.000000,-2.115356,0.000000,0.000000,0.000000,-222321.703125,-376111.437500,361144.781250,1151.213745,-16117.841797,116600.500000,100482.648438
ml,mean,-1,2026-09-06,2109.645752,10.000000,2061.031250,50.000000,-0.473877,0.000000,0.000000,0.000000,-49743.410156,2095.751465,50.000000,-0.992798,0.000000,0.000000,0.000000,-104046.296875,2120.995850,50.000000,-2.115356,0.000000,0.000000,0.000000,-222271.468750,-376061.218750,361144.781250,1151.213745,-16067.619141,116600.500000,100532.882812
ml,mean,-1,2026-09-07,2110.280029,10.000000,2061.031250,50.000000,-0.473877,0.000000,0.000000,0.000000,-49743.410156,2095.751465,50.000000,-0.992798,0.000000,0.000000,0.000000,-104046.296875,2121.403320,50.000000,-2.115356,0.000000,0.000000,0.000000,-222313.828125,-376103.531250,361144.781250,1151.213745,-16109.978516,116600.500000,100490.539062
ml,mean,-1,2026-09-08,2110.662109,10.000000,2061.031250,50.000000,-0.468872,0.005005,-504.146118,0.252073,-49239.265625,2095.751465,50.000000,-0.992432,0.000366,-37.937576,0.018969,-104008.359375,2121.447021,50.000000,-2.111328,0.004028,-402.669556,0.201335,-221919.265625,-375166.906250,360200.031250,1151.686157,-16118.558594,116600.500000,100481.937500
ml,mean,-1,2026-09-09,2110.435303,10.000000,2061.031250,50.000000,-0.465332,0.003540,-357.621765,0.178811,-48881.640625,2095.751465,50.000000,-0.992310,0.000122,-12.370999,0.006185,-103995.984375,2120.937988,50.000000,-2.110352,0.000977,-101.254044,0.050627,-221763.437500,-374641.125000,359728.781250,1151.921631,-16064.244141,116600.500000,100536.265625
ml,mean,-1,2026-09-10,2111.012695,10.000000,2061.031250,50.000000,-0.461792,0.003540,-352.094971,0.176048,-48529.546875,2095.751465,50.000000,-0.992065,0.000244,-24.999420,0.012500,-103970.992188,2121.531006,50.000000,-2.107788,0.002563,-253.628922,0.126814,-221572.953125,-374073.468750,359098.062500,1152.237061,-16127.675781,116600.500000,100472.820312
ml,mean,-1,2026-09-11,2111.694092,10.000000,2061.031250,50.000000,-0.458740,0.003052,-305.345886,0.152673,-48224.199219,2095.751465,50.000000,-0.991821,0.000244,-25.186037,0.012593,-103945.804688,2121.752686,50.000000,-2.106079,0.001709,-175.047058,0.087524,-221422.546875,-373592.562500,358592.468750,1152.489746,-16152.578125,116600.500000,100447.929688
ml,mean,-1,2026-09-12,2112.353760,10.000000,2061.031250,50.000000,-0.458740,0.000000,0.000000,0.000000,-48224.199219,2095.751465,50.000000,-0.991821,0.000000,0.000000,0.000000,-103945.804688,2122.377197,50.000000,-2.106079,0.000000,0.000000,0.000000,-221488.156250,-373658.187500,358592.468750,1152.489746,-16218.182617,116600.500000,100382.320312
ml,mean,-1,2026-09-13,2113.059570,10.000000,2061.031250,50.000000,-0.458740,0.000000,0.000000,0.000000,-48224.199219,2095.751465,50.000000,-0.991821,0.000000,0.000000,0.000000,-103945.804688,2122.923096,50.000000,-2.106079,0.000000,0.000000,0.000000,-221546.531250,-373716.531250,358592.468750,1152.489746,-16276.564453,116600.500000,100323.953125
ml,mean,-1,2026-09-14,2113.685791,10.000000,2061.031250,50.000000,-0.451660,0.007080,-713.017456,0.356509,-47511.179688,2095.751465,50.000000,-0.991821,0.000000,0.000000,0.000000,-103945.804688,2123.258789,50.000000,-2.103271,0.002808,-285.679718,0.142840,-221301.562500,-372758.562500,357593.781250,1152.989136,-16317.766602,116600.500000,100282.742188
ml,mean,-1,2026-09-15,2114.483398,10.000000,2061.031250,50.000000,-0.446411,0.005249,-523.920166,0.261960,-46987.261719,2095.751465,50.000000,-0.991699,0.000122,-12.562283,0.006281,-103933.242188,2124.084717,50.000000,-2.101440,0.001831,-185.166519,0.092583,-221200.062500,-372120.593750,356872.156250,1153.349976,-16401.787109,116600.500000,100198.718750
ml,mean,-1,2026-09-16,2114.618652,10.000000,2061.031250,50.000000,-0.442261,0.004150,-416.983032,0.208492,-46570.281250,2095.751465,50.000000,-0.991699,0.000000,0.000000,0.000000,-103933.242188,2123.670654,50.000000,-2.098511,0.002930,-295.431427,0.147716,-220864.843750,-371368.406250,356159.687500,1153.706177,-16362.342773,116600.500000,100238.164062
ml,mean,-1,2026-09-17,2114.744385,10.000000,2061.031250,50.000000,-0.438477,0.003784,-381.386932,0.190693,-46188.890625,2095.751465,50.000000,-0.991699,0.000000,0.000000,0.000000,-103933.242188,2123.944336,50.000000,-2.096436,0.002075,-210.727127,0.105364,-220679.562500,-370801.687500,355567.625000,1154.002197,-16388.091797,116600.500000,100212.406250
ml,mean,-1,2026-09-18,2114.965088,10.000000,2061.031250,50.000000,-0.435547,0.002930,-293.289093,0.146645,-45895.605469,2095.751465,50.000000,-0.991577,0.000122,-12.821367,0.006411,-103920.421875,2123.819336,50.000000,-2.095215,0.001221,-119.977524,0.059989,-220549.812500,-370365.843750,355141.500000,1154.215210,-16378.521484,116600.500000,100221.968750
ml,mean,-1,2026-09-19,2114.950684,10.000000,2061.031250,50.000000,-0.435547,0.000000,0.000000,0.000000,-45895.605469,2095.751465,50.000000,-0.991577,0.000000,0.000000,0.000000,-103920.421875,2123.815918,50.000000,-2.095215,0.000000,0.000000,0.000000,-220553.609375,-370369.656250,355141.500000,1154.215210,-16382.348633,116600.500000,100218.148438
ml,mean,-1,2026-09-20,2115.298340,10.000000,2061.031250,50.000000,-0.435547,0.000000,0.000000,0.000000,-45895.605469,2095.751465,50.000000,-0.991577,0.000000,0.000000,0.000000,-103920.421875,2123.992920,50.000000,-2.095215,0.000000,0.000000,0.000000,-220573.468750,-370389.531250,355141.500000,1154.215210,-16402.191406,116600.500000,100198.312500
ml,mean,-1,2026-09-21,2115.496826,10.000000,2061.031250,50.000000,-0.427002,0.008545,-858.564026,0.429282,-45037.039062,2095.751465,50.000000,-0.991211,0.000366,-37.846130,0.018923,-103882.570312,2123.927979,50.000000,-2.091797,0.003418,-332.343628,0.166172,-220239.484375,-369159.093750,353912.750000,1154.829712,-16401.175781,116600.500000,100199.320312
ml,mean,-1,2026-09-22,2115.565430,10.000000,2061.031250,50.000000,-0.422363,0.004639,-461.118530,0.230559,-44575.921875,2095.751465,50.000000,-0.990967,0.000244,-25.053045,0.012527,-103857.515625,2123.643555,50.000000,-2.089111,0.002686,-260.567841,0.130284,-219948.609375,-368382.000000,353166.000000,1155.203003,-16371.214844,116600.500000,100229.289062
ml,mean,-1,2026-09-23,2116.017090,10.000000,2061.031250,50.000000,-0.418213,0.004150,-412.570190,0.206285,-44163.351562,2095.751465,50.000000,-0.990723,0.000244,-24.565540,0.012283,-103832.953125,2123.856934,50.000000,-2.086304,0.002808,-277.846527,0.138923,-219693.859375,-367690.156250,352451.062500,1155.560425,-16394.687500,116600.500000,100205.812500
ml,mean,-1,2026-09-24,2116.403809,10.000000,2061.031250,50.000000,-0.413818,0.004395,-435.900055,0.217950,-43727.453125,2095.751465,50.000000,-0.990479,0.000244,-25.766123,0.012883,-103807.187500,2124.076904,50.000000,-2.083740,0.002563,-242.959076,0.121480,-219480.187500,-367014.812500,351746.437500,1155.912842,-16424.330078,116600.500000,100176.164062
ml,mean,-1,2026-09-25,2116.530029,10.000000,2061.031250,50.000000,-0.408691,0.005127,-510.805878,0.255403,-43216.648438,2095.751465,50.000000,-0.990112,0.000366,-37.528316,0.018764,-103769.656250,2123.742676,50.000000,-2.081665,0.002075,-200.705978,0.100353,-219248.437500,-366234.781250,350997.375000,1156.287354,-16393.650391,116600.500000,100206.859375
ml,mean,-1,2026-09-26,2116.872070,10.000000,2061.031250,50.000000,-0.408691,0.000000,0.000000,0.000000,-43216.648438,2095.751465,50.000000,-0.990112,0.000000,0.000000,0.000000,-103769.656250,2123.948975,50.000000,-2.081665,0.000000,0.000000,0.000000,-219264.468750,-366250.750000,350997.375000,1156.287354,-16409.695312,116600.500000,100190.804688
ml,mean,-1,2026-09-27,2116.925781,10.000000,2061.031250,50.000000,-0.408691,0.000000,0.000000,0.000000,-43216.648438,2095.751465,50.000000,-0.990112,0.000000,0.000000,0.000000,-103769.656250,2123.543945,50.000000,-2.081665,0.000000,0.000000,0.000000,-219222.468750,-366208.781250,350997.375000,1156.287354,-16367.688477,116600.500000,100232.812500
ml,mean,-1,2026-09-28,2117.161377,10.000000,2061.031250,50.000000,-0.395386,0.013306,-1327.354980,0.663678,-41889.292969,2095.751465,50.000000,-0.989014,0.001099,-113.182755,0.056591,-103656.484375,2123.529297,50.000000,-2.078735,0.002930,-280.867310,0.140434,-218940.265625,-364486.031250,349276.000000,1157.148071,-16367.208984,116600.500000,100233.296875
ml,mean,-1,2026-09-29,2117.794678,10.000000,2061.031250,50.000000,-0.386475,0.008911,-887.309631,0.443655,-41001.980469,2095.751465,50.000000,-0.988525,0.000488,-50.176613,0.025088,-103606.304688,2124.008789,50.000000,-2.075439,0.003296,-317.474915,0.158737,-218672.828125,-363281.125000,348021.031250,1157.775513,-16417.875000,116600.500000,100182.625000
ml,mean,-1,2026-09-30,2118.371094,10.000000,2061.031250,50.000000,-0.379272,0.007202,-714.410706,0.357205,-40287.570312,2095.751465,50.000000,-0.988159,0.000366,-38.198681,0.019099,-103568.101562,2124.458008,50.000000,-2.071899,0.003540,-338.912231,0.169456,-218389.078125,-362244.781250,346929.500000,1158.321289,-16473.572266,116600.500000,100126.929688
ml,mean,-1,2026-10-01,2119.161865,10.000000,2061.031250,50.000000,-0.370850,0.008423,-846.771118,0.423386,-39440.796875,2095.751465,50.000000,-0.987915,0.000244,-25.215725,0.012608,-103542.882812,2125.222656,50.000000,-2.069458,0.002441,-235.081451,0.117541,-218228.515625,-361212.187500,345822.406250,1158.874878,-16548.648438,116600.500000,100051.851562
ml,mean,-1,2026-10-02,2119.174561,10.000000,2061.031250,50.000000,-0.364136,0.006714,-667.496399,0.333748,-38773.304688,2095.751465,50.000000,-0.987305,0.000610,-61.904434,0.030952,-103480.992188,2124.611328,50.000000,-2.066406,0.003052,-299.663513,0.149832,-217866.578125,-360120.843750,344793.375000,1159.389282,-16486.880859,116600.500000,100113.609375
ml,mean,-1,2026-10-03,2119.461426,10.000000,2061.031250,50.000000,-0.364136,0.000000,0.000000,0.000000,-38773.304688,2095.751465,50.000000,-0.987305,0.000000,0.000000,0.000000,-103480.992188,2125.128174,50.000000,-2.066406,0.000000,0.000000,0.000000,-217914.187500,-360168.437500,344793.375000,1159.389282,-16534.498047,116600.500000,100066.000000
ml,mean,-1,2026-10-04,2119.564697,10.000000,2061.031250,50.000000,-0.364136,0.000000,0.000000,0.000000,-38773.304688,2095.751465,50.000000,-0.987305,0.000000,0.000000,0.000000,-103480.992188,2124.968750,50.000000,-2.066406,0.000000,0.000000,0.000000,-217896.468750,-360150.812500,344793.375000,1159.389282,-16516.800781,116600.500000,100083.703125
ml,mean,-1,2026-10-05,2120.087891,10.000000,2061.031250,50.000000,-0.182983,0.181152,-19259.451172,9.629725,-19513.849609,2095.751465,50.000000,-0.981079,0.006226,-646.842102,0.323421,-102834.140625,2125.256104,50.000000,-2.035645,0.030762,-2718.972900,1.359486,-215212.031250,-337560.000000,322168.093750,1170.701904,-16562.644531,116600.500000,100037.859375
ml,mean,-1,2026-10-06,2120.137939,10.000000,2061.031250,50.000000,-0.148438,0.034546,-3688.977051,1.844489,-15824.875000,2095.751465,50.000000,-0.977905,0.003174,-327.093750,0.163547,-102507.046875,2124.926514,50.000000,-2.017090,0.018555,-1639.014038,0.819507,-213538.125000,-331870.062500,316513.000000,1173.529419,-16530.564453,116600.500000,100069.937500
ml,mean,-1,2026-10-07,2120.690430,10.000000,2061.031250,50.000000,-0.131836,0.016602,-1777.930176,0.888965,-14046.943359,2095.751465,50.000000,-0.976318,0.001587,-163.149078,0.081575,-102343.898438,2125.445557,50.000000,-2.001343,0.015747,-1391.584473,0.695792,-212208.296875,-328599.125000,313180.343750,1175.196045,-16594.000000,116600.500000,100006.507812
ml,mean,-1,2026-10-08,2120.480957,10.000000,2061.031250,50.000000,-0.122437,0.009399,-983.367859,0.491684,-13063.576172,2095.751465,50.000000,-0.974731,0.001587,-162.800262,0.081400,-102181.093750,2125.180908,50.000000,-1.994141,0.007202,-660.357056,0.330179,-211531.031250,-326775.687500,311373.812500,1176.099121,-16578.000000,116600.500000,100022.500000
ml,mean,-1,2026-10-09,2121.168457,10.000000,2061.031250,50.000000,-0.117554,0.004883,-504.951843,0.252476,-12558.625000,2095.751465,50.000000,-0.973877,0.000854,-87.046722,0.043523,-102094.046875,2125.430664,50.000000,-1.987183,0.006958,-625.661743,0.312831,-210936.078125,-325588.718750,310156.125000,1176.708008,-16609.312500,116600.500000,99991.187500
ml,mean,-1,2026-10-10,2121.168701,10.000000,2061.031250,50.000000,-0.117554,0.000000,0.000000,0.000000,-12558.625000,2095.751465,50.000000,-0.973877,0.000000,0.000000,0.000000,-102094.046875,2125.387695,50.000000,-1.987183,0.000000,0.000000,0.000000,-210932.906250,-325585.562500,310156.125000,1176.708008,-16606.138672,116600.500000,99994.359375
ml,mean,-1,2026-10-11,2121.522461,10.000000,2061.031250,50.000000,-0.117554,0.000000,0.000000,0.000000,-12558.625000,2095.751465,50.000000,-0.973877,0.000000,0.000000,0.000000,-102094.046875,2125.557861,50.000000,-1.987183,0.000000,0.000000,0.000000,-210946.640625,-325599.343750,310156.125000,1176.708008,-16619.892578,116600.500000,99980.617188
ml,mean,-1,2026-10-12,2121.953613,10.000000,2061.031250,50.000000,-0.117554,0.000000,0.000000,0.000000,-12558.625000,2095.751465,50.000000,-0.973877,0.000000,0.000000,0.000000,-102094.046875,2125.750000,50.000000,-1.987183,0.000000,0.000000,0.000000,-210966.468750,-325619.187500,310156.125000,1176.708008,-16639.718750,116600.500000,99960.781250
ml,mean,-1,2026-10-13,2122.371582,10.000000,2061.031250,50.000000,-0.106201,0.011353,-1190.562012,0.595281,-11368.062500,2095.751465,50.000000,-0.968750,0.005127,-526.057922,0.263029,-101567.992188,2125.988281,50.000000,-1.981812,0.005371,-501.002502,0.250501,-210489.078125,-323425.125000,307938.500000,1177.816895,-16664.416016,116600.500000,99936.085938
ml,mean,-1,2026-10-14,2122.867676,10.000000,2061.031250,50.000000,-0.100586,0.005615,-595.174438,0.297587,-10772.887695,2095.751465,50.000000,-0.966187,0.002563,-262.174408,0.131087,-101305.820312,2126.210449,50.000000,-1.975952,0.005859,-593.609985,0.296805,-209917.812500,-321996.500000,306487.562500,1178.542236,-16687.488281,116600.500000,99913.000000
ml,mean,-1,2026-10-15,2123.464600,10.000000,2061.031250,50.000000,-0.095703,0.004883,-517.698181,0.258849,-10255.189453,2095.751465,50.000000,-0.963257,0.002930,-301.523407,0.150762,-101004.289062,2126.718506,50.000000,-1.971191,0.004761,-462.450562,0.231225,-209503.937500,-320763.375000,305205.937500,1179.183105,-16736.685547,116600.500000,99863.820312
ml,mean,-1,2026-10-16,2123.771729,10.000000,2061.031250,50.000000,-0.092285,0.003418,-362.261353,0.181131,-9892.928711,2095.751465,50.000000,-0.961792,0.001465,-148.998810,0.074499,-100855.296875,2126.476318,50.000000,-1.966797,0.004395,-452.952911,0.226476,-209030.250000,-319778.500000,304241.687500,1179.665283,-16716.476562,116600.500000,99884.023438
ml,mean,-1,2026-10-17,2124.275879,10.000000,2061.031250,50.000000,-0.092285,0.000000,0.000000,0.000000,-9892.928711,2095.751465,50.000000,-0.961792,0.000000,0.000000,0.000000,-100855.296875,2126.751953,50.000000,-1.966797,0.000000,0.000000,0.000000,-209058.328125,-319806.531250,304241.687500,1179.665283,-16744.539062,116600.500000,99855.968750
ml,mean,-1,2026-10-18,2124.673828,10.000000,2061.031250,50.000000,-0.092285,0.000000,0.000000,0.000000,-9892.928711,2095.751465,50.000000,-0.961792,0.000000,0.000000,0.000000,-100855.296875,2127.241211,50.000000,-1.966797,0.000000,0.000000,0.000000,-209110.640625,-319858.875000,304241.687500,1179.665283,-16796.855469,116600.500000,99803.640625
ml,mean,-1,2026-10-19,2124.774902,10.000000,2061.031250,50.000000,-0.086426,0.005859,-623.900146,0.311950,-9269.028320,2095.751465,50.000000,-0.958984,0.002808,-288.645630,0.144323,-100566.656250,2127.155518,50.000000,-1.963501,0.003296,-324.764893,0.162382,-208777.406250,-318613.062500,303004.375000,1180.283813,-16788.996094,116600.500000,99811.500000
ml,mean,-1,2026-10-20,2124.889893,10.000000,2061.031250,50.000000,-0.079956,0.006470,-683.936340,0.341968,-8585.091797,2095.751465,50.000000,-0.955688,0.003296,-335.844025,0.167922,-100230.812500,2126.955811,50.000000,-1.959595,0.003906,-398.681580,0.199341,-208359.875000,-317175.781250,301585.906250,1180.993164,-16770.851562,116600.500000,99829.648438
ml,mean,-1,2026-10-21,2125.496338,10.000000,2061.031250,50.000000,-0.075439,0.004517,-483.611267,0.241806,-8101.480469,2095.751465,50.000000,-0.952271,0.003418,-348.906769,0.174453,-99881.890625,2127.235596,50.000000,-1.955322,0.004272,-440.174866,0.220087,-207947.468750,-315930.843750,300313.187500,1181.629517,-16799.255859,116600.500000,99801.242188
ml,mean,-1,2026-10-22,2126.054688,10.000000,2061.031250,50.000000,-0.072632,0.002808,-298.611725,0.149306,-7802.869141,2095.751465,50.000000,-0.950195,0.002075,-212.650848,0.106325,-99669.242188,2127.468506,50.000000,-1.950317,0.005005,-533.174866,0.266587,-207434.343750,-314906.468750,299268.781250,1182.151611,-16819.841797,116600.500000,99780.671875
ml,mean,-1,2026-10-23,2126.020508,10.000000,2061.031250,50.000000,-0.067627,0.005005,-533.054688,0.266527,-7269.813965,2095.751465,50.000000,-0.948120,0.002075,-211.508423,0.105754,-99457.742188,2127.120117,50.000000,-1.947144,0.003174,-328.494690,0.164247,-207078.296875,-313805.812500,298195.687500,1182.688232,-16792.810547,116600.500000,99807.687500
ml,mean,-1,2026-10-24,2126.771729,10.000000,2061.031250,50.000000,-0.067627,0.000000,0.000000,0.000000,-7269.813965,2095.751465,50.000000,-0.948120,0.000000,0.000000,0.000000,-99457.742188,2127.800781,50.000000,-1.947144,0.000000,0.000000,0.000000,-207148.609375,-313876.156250,298195.687500,1182.688232,-16863.132812,116600.500000,99737.375000
ml,mean,-1,2026-10-25,2126.958496,10.000000,2061.031250,50.000000,-0.067627,0.000000,0.000000,0.000000,-7269.813965,2095.751465,50.000000,-0.948120,0.000000,0.000000,0.000000,-99457.742188,2127.712158,50.000000,-1.947144,0.000000,0.000000,0.000000,-207131.781250,-313859.312500,298195.687500,1182.688232,-16846.296875,116600.500000,99754.203125
ml,mean,-1,2026-10-26,2127.798096,10.000000,2061.031250,50.000000,-0.059937,0.007690,-815.452637,0.407726,-6454.361328,2095.751465,50.000000,-0.944702,0.003418,-349.585144,0.174793,-99108.156250,2128.467285,50.000000,-1.941162,0.005981,-624.835876,0.312418,-206585.234375,-312147.781250,296405.812500,1183.583130,-16925.486328,116600.500000,99675.015625
ml,mean,-1,2026-10-27,2128.411621,10.000000,2061.031250,50.000000,-0.055054,0.004883,-522.235596,0.261118,-5932.125977,2095.751465,50.000000,-0.940186,0.004517,-458.803314,0.229402,-98649.359375,2128.995850,50.000000,-1.934937,0.006226,-668.581238,0.334291,-205965.000000,-310546.468750,294756.250000,1184.407959,-16974.650391,116600.500000,99625.851562
ml,mean,-1,2026-10-28,2128.606689,10.000000,2061.031250,50.000000,-0.050781,0.004272,-455.218628,0.227609,-5476.907227,2095.751465,50.000000,-0.936279,0.003906,-399.827148,0.199914,-98249.531250,2129.085693,50.000000,-1.930420,0.004517,-464.028870,0.232014,-205509.031250,-309235.468750,293437.156250,1185.067505,-16983.371094,116600.500000,99617.125000
ml,mean,-1,2026-10-29,2129.202393,10.000000,2061.031250,50.000000,0.000000,0.050781,-5476.907227,2.738453,0.000000,2095.751465,50.000000,0.000000,0.936279,-98249.531250,49.124760,0.000000,2129.265381,50.000000,0.000000,1.930420,-205534.500000,102.767242,0.000000,0.000000,-15823.771484,1339.697998,-17163.466797,116600.500000,99437.031250
ml,mean,-1,2026-10-30,2129.832520,10.000000,2061.031250,50.000000,0.000000,0.000000,0.000000,0.000000,0.000000,2095.751465,50.000000,0.000000,0.000000,0.000000,0.000000,0.000000,2129.265381,50.000000,0.000000,0.000000,0.000000,0.000000,0.000000,0.000000,-15823.771484,1339.697998,-17163.466797,116600.500000,99437.031250
