INFO root ARM B driftless: months=['202105', '202106', '202001', '202011'] run_dir=/home/vretiel/PycharmProjects/riskflow/artifacts/walk_forward/artifacts/walk_forward/driftless_gpu0 CUDA=0 riskflow=/home/vretiel/PycharmProjects/riskflow/riskflow/__init__.py
INFO root === ARM B 202105 DRIFTLESS retrain: md=md_202104_garch_driftless.json Convexity=Yes (omega=1.839e-06 alpha=0.0374 beta=0.9541 nu=7.49 H0=3.788e-04) ===
INFO root === TRAIN 202105 seed=7 (fair=1217.45, strike=1209.45) ===
WARNING md_202104_garch_driftless Price Factor 'DiscountRate.USD-SOFR' not found in market data
INFO md_202104_garch_driftless Creating default Discount Factor(type='DiscountRate', name=('USD-SOFR',))
INFO PLAT_JUL29 liability scalars: total_leg_volume=2500.0 last_settlement_index=154
INFO PLAT_JUL29 utility_scale (symlog c) resolved to 959391.66
INFO PLAT_JUL29 DiffSolverV2 setup: n_hedge=3 active=[0, 1, 2] T_dec=125 (of 127 sim steps; last-live mtm=[-2]) B_outer=2048 levels=9 fit_iters=40 lr=0.002 | contract_size=[50.0, 50.0, 50.0] | q∈[[-50.0, -50.0, -50.0], [0.0, 0.0, 0.0]] total_abs_limit=50
INFO PLAT_JUL29 DiffSolverV2 inner forks: one_step=True (window {t, t+1} generation+pricing)
INFO PLAT_JUL29 DiffSolverV2 bank: market_dim=7 | swept W∈[-1.561e+06, 2.836e+06] mean=1.237e+04 std=5.645e+05 | q_rep(t=0)=[-7.270622730255127, -7.019043922424316, -5.269061088562012]
INFO PLAT_JUL29 DiffSolverV2 action grid: K=165 actions (levels=9 ^ active=3)
INFO PLAT_JUL29 DiffSolverV2 C[t=124] fitted: val_loss=0.00136 |Y_boot|=1.387 |A|=0.01726 Y_mean=-0.8921 q*_mean=['0.000', '-1.379', '-21.417']
INFO PLAT_JUL29 DiffSolverV2 C[t=123] fitted: val_loss=0.001358 |Y_boot|=1.387 |A|=0.03699 Y_mean=-0.876 q*_mean=['0.000', '-1.508', '-21.466']
INFO PLAT_JUL29 DiffSolverV2 C[t=122] fitted: val_loss=0.001483 |Y_boot|=1.386 |A|=0.05723 Y_mean=-0.8547 q*_mean=['0.000', '-1.300', '-21.948']
INFO PLAT_JUL29 DiffSolverV2 C[t=121] fitted: val_loss=0.001509 |Y_boot|=1.386 |A|=0.06668 Y_mean=-0.8347 q*_mean=['0.000', '-1.068', '-21.393']
INFO PLAT_JUL29 DiffSolverV2 C[t=120] fitted: val_loss=0.001526 |Y_boot|=1.385 |A|=0.06914 Y_mean=-0.8251 q*_mean=['0.000', '-1.355', '-21.271']
INFO PLAT_JUL29 DiffSolverV2 C[t=119] fitted: val_loss=0.001478 |Y_boot|=1.386 |A|=0.07206 Y_mean=-0.8234 q*_mean=['0.000', '-1.385', '-21.149']
INFO PLAT_JUL29 DiffSolverV2 C[t=118] fitted: val_loss=0.001671 |Y_boot|=1.385 |A|=0.07194 Y_mean=-0.8198 q*_mean=['0.000', '-1.251', '-20.520']
INFO PLAT_JUL29 DiffSolverV2 C[t=117] fitted: val_loss=0.00156 |Y_boot|=1.385 |A|=0.07023 Y_mean=-0.8205 q*_mean=['0.000', '-1.044', '-20.654']
INFO PLAT_JUL29 DiffSolverV2 C[t=116] fitted: val_loss=0.00138 |Y_boot|=1.385 |A|=0.0725 Y_mean=-0.823 q*_mean=['0.000', '-1.276', '-20.258']
INFO PLAT_JUL29 DiffSolverV2 C[t=115] fitted: val_loss=0.001551 |Y_boot|=1.386 |A|=0.07095 Y_mean=-0.821 q*_mean=['0.000', '-1.715', '-20.776']
INFO PLAT_JUL29 DiffSolverV2 C[t=114] fitted: val_loss=0.00183 |Y_boot|=1.384 |A|=0.07085 Y_mean=-0.821 q*_mean=['0.000', '-1.428', '-20.398']
INFO PLAT_JUL29 DiffSolverV2 C[t=113] fitted: val_loss=0.00238 |Y_boot|=1.383 |A|=0.06958 Y_mean=-0.8196 q*_mean=['0.000', '-1.593', '-20.386']
INFO PLAT_JUL29 DiffSolverV2 C[t=112] fitted: val_loss=0.00265 |Y_boot|=1.384 |A|=0.0704 Y_mean=-0.822 q*_mean=['0.000', '-1.666', '-20.251']
INFO PLAT_JUL29 DiffSolverV2 C[t=111] fitted: val_loss=0.003015 |Y_boot|=1.386 |A|=0.06941 Y_mean=-0.823 q*_mean=['0.000', '-1.746', '-20.142']
INFO PLAT_JUL29 DiffSolverV2 C[t=110] fitted: val_loss=0.002581 |Y_boot|=1.384 |A|=0.0689 Y_mean=-0.824 q*_mean=['0.000', '-1.849', '-20.026']
INFO PLAT_JUL29 DiffSolverV2 C[t=109] fitted: val_loss=0.002475 |Y_boot|=1.385 |A|=0.06928 Y_mean=-0.8251 q*_mean=['0.000', '-1.459', '-19.946']
INFO PLAT_JUL29 DiffSolverV2 C[t=108] fitted: val_loss=0.002565 |Y_boot|=1.385 |A|=0.06915 Y_mean=-0.8255 q*_mean=['0.000', '-1.874', '-20.227']
INFO PLAT_JUL29 DiffSolverV2 C[t=107] fitted: val_loss=0.003425 |Y_boot|=1.382 |A|=0.06835 Y_mean=-0.8235 q*_mean=['0.000', '-1.514', '-20.197']
INFO PLAT_JUL29 DiffSolverV2 C[t=106] fitted: val_loss=0.004676 |Y_boot|=1.384 |A|=0.06913 Y_mean=-0.826 q*_mean=['0.000', '-1.666', '-20.148']
INFO PLAT_JUL29 DiffSolverV2 C[t=105] fitted: val_loss=0.004703 |Y_boot|=1.384 |A|=0.06938 Y_mean=-0.8253 q*_mean=['0.000', '-1.837', '-20.111']
INFO PLAT_JUL29 DiffSolverV2 C[t=104] fitted: val_loss=0.005202 |Y_boot|=1.384 |A|=0.06869 Y_mean=-0.8268 q*_mean=['0.000', '-2.051', '-20.105']
INFO PLAT_JUL29 DiffSolverV2 C[t=103] fitted: val_loss=0.005505 |Y_boot|=1.383 |A|=0.06814 Y_mean=-0.8279 q*_mean=['0.000', '-1.733', '-20.038']
INFO PLAT_JUL29 DiffSolverV2 C[t=102] fitted: val_loss=0.004499 |Y_boot|=1.383 |A|=0.06826 Y_mean=-0.8278 q*_mean=['0.000', '-1.648', '-19.873']
INFO PLAT_JUL29 DiffSolverV2 C[t=101] fitted: val_loss=0.0058 |Y_boot|=1.383 |A|=0.06837 Y_mean=-0.8289 q*_mean=['0.000', '-1.532', '-20.013']
INFO PLAT_JUL29 DiffSolverV2 C[t=100] fitted: val_loss=0.005999 |Y_boot|=1.382 |A|=0.06822 Y_mean=-0.8275 q*_mean=['0.000', '-1.880', '-20.239']
INFO PLAT_JUL29 DiffSolverV2 C[t=99] fitted: val_loss=0.00693 |Y_boot|=1.381 |A|=0.06769 Y_mean=-0.8274 q*_mean=['0.000', '-2.020', '-20.038']
INFO PLAT_JUL29 DiffSolverV2 C[t=98] fitted: val_loss=0.007217 |Y_boot|=1.38 |A|=0.06789 Y_mean=-0.8259 q*_mean=['0.000', '-2.032', '-19.940']
INFO PLAT_JUL29 DiffSolverV2 C[t=97] fitted: val_loss=0.00988 |Y_boot|=1.377 |A|=0.06859 Y_mean=-0.8223 q*_mean=['0.000', '-2.527', '-20.111']
INFO PLAT_JUL29 DiffSolverV2 C[t=96] fitted: val_loss=0.01015 |Y_boot|=1.375 |A|=0.06828 Y_mean=-0.8207 q*_mean=['0.000', '-1.904', '-19.690']
INFO PLAT_JUL29 DiffSolverV2 C[t=95] fitted: val_loss=0.009845 |Y_boot|=1.376 |A|=0.06876 Y_mean=-0.8211 q*_mean=['0.000', '-2.039', '-19.202']
INFO PLAT_JUL29 DiffSolverV2 C[t=94] fitted: val_loss=0.0144 |Y_boot|=1.372 |A|=0.069 Y_mean=-0.8156 q*_mean=['0.000', '-2.167', '-19.360']
INFO PLAT_JUL29 DiffSolverV2 C[t=93] fitted: val_loss=0.01354 |Y_boot|=1.371 |A|=0.06912 Y_mean=-0.8157 q*_mean=['0.000', '-2.728', '-19.238']
INFO PLAT_JUL29 DiffSolverV2 C[t=92] fitted: val_loss=0.01192 |Y_boot|=1.37 |A|=0.06743 Y_mean=-0.8159 q*_mean=['0.000', '-2.362', '-19.135']
INFO PLAT_JUL29 DiffSolverV2 C[t=91] fitted: val_loss=0.01112 |Y_boot|=1.366 |A|=0.06715 Y_mean=-0.8133 q*_mean=['0.000', '-2.448', '-18.909']
INFO PLAT_JUL29 DiffSolverV2 C[t=90] fitted: val_loss=0.01583 |Y_boot|=1.364 |A|=0.06724 Y_mean=-0.8146 q*_mean=['0.000', '-2.625', '-19.238']
INFO PLAT_JUL29 DiffSolverV2 C[t=89] fitted: val_loss=0.01424 |Y_boot|=1.36 |A|=0.06764 Y_mean=-0.8112 q*_mean=['0.000', '-1.770', '-19.104']
INFO PLAT_JUL29 DiffSolverV2 C[t=88] fitted: val_loss=0.01438 |Y_boot|=1.357 |A|=0.06724 Y_mean=-0.8098 q*_mean=['-28.693', '-2.283', '-19.025']
INFO PLAT_JUL29 DiffSolverV2 C[t=87] fitted: val_loss=0.01207 |Y_boot|=1.358 |A|=0.06226 Y_mean=-0.8184 q*_mean=['-13.953', '-3.058', '-8.972']
INFO PLAT_JUL29 DiffSolverV2 C[t=86] fitted: val_loss=0.0127 |Y_boot|=1.356 |A|=0.05931 Y_mean=-0.8215 q*_mean=['-12.555', '-3.522', '-8.209']
INFO PLAT_JUL29 DiffSolverV2 C[t=85] fitted: val_loss=0.01238 |Y_boot|=1.358 |A|=0.05883 Y_mean=-0.8243 q*_mean=['-12.134', '-3.766', '-9.027']
INFO PLAT_JUL29 DiffSolverV2 C[t=84] fitted: val_loss=0.0146 |Y_boot|=1.362 |A|=0.06108 Y_mean=-0.827 q*_mean=['-12.537', '-4.498', '-8.801']
INFO PLAT_JUL29 DiffSolverV2 C[t=83] fitted: val_loss=0.01444 |Y_boot|=1.366 |A|=0.06238 Y_mean=-0.8286 q*_mean=['-13.641', '-3.546', '-8.521']
INFO PLAT_JUL29 DiffSolverV2 C[t=82] fitted: val_loss=0.01328 |Y_boot|=1.364 |A|=0.06035 Y_mean=-0.8243 q*_mean=['-12.268', '-3.455', '-9.369']
INFO PLAT_JUL29 DiffSolverV2 C[t=81] fitted: val_loss=0.01193 |Y_boot|=1.362 |A|=0.05936 Y_mean=-0.8235 q*_mean=['-13.184', '-3.748', '-8.429']
INFO PLAT_JUL29 DiffSolverV2 C[t=80] fitted: val_loss=0.0148 |Y_boot|=1.364 |A|=0.05987 Y_mean=-0.8272 q*_mean=['-12.189', '-3.748', '-8.258']
INFO PLAT_JUL29 DiffSolverV2 C[t=79] fitted: val_loss=0.01294 |Y_boot|=1.361 |A|=0.06121 Y_mean=-0.8261 q*_mean=['-12.567', '-3.229', '-9.369']
INFO PLAT_JUL29 DiffSolverV2 C[t=78] fitted: val_loss=0.01219 |Y_boot|=1.362 |A|=0.06329 Y_mean=-0.8262 q*_mean=['-12.781', '-3.534', '-9.424']
INFO PLAT_JUL29 DiffSolverV2 C[t=77] fitted: val_loss=0.01246 |Y_boot|=1.361 |A|=0.06228 Y_mean=-0.825 q*_mean=['-12.299', '-3.577', '-9.717']
INFO PLAT_JUL29 DiffSolverV2 C[t=76] fitted: val_loss=0.01349 |Y_boot|=1.36 |A|=0.05959 Y_mean=-0.825 q*_mean=['-12.000', '-3.265', '-9.601']
INFO PLAT_JUL29 DiffSolverV2 C[t=75] fitted: val_loss=0.01124 |Y_boot|=1.358 |A|=0.0607 Y_mean=-0.824 q*_mean=['-12.738', '-3.229', '-8.844']
INFO PLAT_JUL29 DiffSolverV2 C[t=74] fitted: val_loss=0.01331 |Y_boot|=1.358 |A|=0.06102 Y_mean=-0.8218 q*_mean=['-11.707', '-3.217', '-9.607']
INFO PLAT_JUL29 DiffSolverV2 C[t=73] fitted: val_loss=0.01178 |Y_boot|=1.357 |A|=0.06037 Y_mean=-0.8204 q*_mean=['-12.061', '-2.197', '-9.650']
INFO PLAT_JUL29 DiffSolverV2 C[t=72] fitted: val_loss=0.01239 |Y_boot|=1.354 |A|=0.05897 Y_mean=-0.8179 q*_mean=['-12.866', '-2.814', '-9.467']
INFO PLAT_JUL29 DiffSolverV2 C[t=71] fitted: val_loss=0.01574 |Y_boot|=1.35 |A|=0.05743 Y_mean=-0.8141 q*_mean=['-12.109', '-2.191', '-9.076']
INFO PLAT_JUL29 DiffSolverV2 C[t=70] fitted: val_loss=0.01465 |Y_boot|=1.348 |A|=0.05614 Y_mean=-0.8122 q*_mean=['-12.482', '-2.948', '-9.918']
INFO PLAT_JUL29 DiffSolverV2 C[t=69] fitted: val_loss=0.01315 |Y_boot|=1.343 |A|=0.05436 Y_mean=-0.8101 q*_mean=['-12.225', '-2.814', '-9.668']
INFO PLAT_JUL29 DiffSolverV2 C[t=68] fitted: val_loss=0.01172 |Y_boot|=1.342 |A|=0.05487 Y_mean=-0.8085 q*_mean=['-13.043', '-2.393', '-9.808']
INFO PLAT_JUL29 DiffSolverV2 C[t=67] fitted: val_loss=0.01223 |Y_boot|=1.337 |A|=0.05988 Y_mean=-0.8033 q*_mean=['-12.317', '-2.075', '-9.381']
INFO PLAT_JUL29 DiffSolverV2 C[t=66] fitted: val_loss=0.01279 |Y_boot|=1.335 |A|=0.06237 Y_mean=-0.7966 q*_mean=['-12.646', '-2.539', '-10.297']
INFO PLAT_JUL29 DiffSolverV2 C[t=65] fitted: val_loss=0.01147 |Y_boot|=1.332 |A|=0.06341 Y_mean=-0.7927 q*_mean=['-12.793', '-2.692', '-9.723']
INFO PLAT_JUL29 DiffSolverV2 C[t=64] fitted: val_loss=0.01208 |Y_boot|=1.334 |A|=0.0643 Y_mean=-0.7953 q*_mean=['-10.754', '-1.996', '-9.967']
INFO PLAT_JUL29 DiffSolverV2 C[t=63] fitted: val_loss=0.01233 |Y_boot|=1.33 |A|=0.06157 Y_mean=-0.7919 q*_mean=['-13.300', '-2.417', '-10.089']
INFO PLAT_JUL29 DiffSolverV2 C[t=62] fitted: val_loss=0.01378 |Y_boot|=1.328 |A|=0.05976 Y_mean=-0.7919 q*_mean=['-11.884', '-1.843', '-10.449']
INFO PLAT_JUL29 DiffSolverV2 C[t=61] fitted: val_loss=0.01274 |Y_boot|=1.325 |A|=0.05913 Y_mean=-0.7913 q*_mean=['-11.621', '-2.124', '-10.040']
INFO PLAT_JUL29 DiffSolverV2 C[t=60] fitted: val_loss=0.0143 |Y_boot|=1.321 |A|=0.05788 Y_mean=-0.7879 q*_mean=['-10.931', '-1.917', '-10.413']
INFO PLAT_JUL29 DiffSolverV2 C[t=59] fitted: val_loss=0.01405 |Y_boot|=1.313 |A|=0.05615 Y_mean=-0.7816 q*_mean=['-10.431', '-1.923', '-10.358']
INFO PLAT_JUL29 DiffSolverV2 C[t=58] fitted: val_loss=0.01252 |Y_boot|=1.309 |A|=0.05795 Y_mean=-0.7821 q*_mean=['-11.340', '-1.599', '-11.053']
INFO PLAT_JUL29 DiffSolverV2 C[t=57] fitted: val_loss=0.01251 |Y_boot|=1.305 |A|=0.05774 Y_mean=-0.7771 q*_mean=['-10.693', '-1.495', '-10.388']
INFO PLAT_JUL29 DiffSolverV2 C[t=56] fitted: val_loss=0.017 |Y_boot|=1.305 |A|=0.0601 Y_mean=-0.777 q*_mean=['-11.102', '-1.721', '-10.760']
INFO PLAT_JUL29 DiffSolverV2 C[t=55] fitted: val_loss=0.01447 |Y_boot|=1.3 |A|=0.06077 Y_mean=-0.771 q*_mean=['-10.919', '-1.587', '-11.121']
INFO PLAT_JUL29 DiffSolverV2 C[t=54] fitted: val_loss=0.01227 |Y_boot|=1.299 |A|=0.06014 Y_mean=-0.7701 q*_mean=['-11.218', '-1.678', '-11.273']
INFO PLAT_JUL29 DiffSolverV2 C[t=53] fitted: val_loss=0.01286 |Y_boot|=1.301 |A|=0.06153 Y_mean=-0.772 q*_mean=['-12.250', '-1.489', '-11.365']
INFO PLAT_JUL29 DiffSolverV2 C[t=52] fitted: val_loss=0.01297 |Y_boot|=1.295 |A|=0.06126 Y_mean=-0.7628 q*_mean=['-10.364', '-1.044', '-11.310']
INFO PLAT_JUL29 DiffSolverV2 C[t=51] fitted: val_loss=0.01274 |Y_boot|=1.291 |A|=0.06057 Y_mean=-0.7581 q*_mean=['-10.455', '-1.544', '-11.163']
INFO PLAT_JUL29 DiffSolverV2 C[t=50] fitted: val_loss=0.01394 |Y_boot|=1.287 |A|=0.06015 Y_mean=-0.755 q*_mean=['-11.139', '-1.160', '-12.158']
INFO PLAT_JUL29 DiffSolverV2 C[t=49] fitted: val_loss=0.01381 |Y_boot|=1.285 |A|=0.06322 Y_mean=-0.7524 q*_mean=['-10.687', '-1.251', '-11.652']
INFO PLAT_JUL29 DiffSolverV2 C[t=48] fitted: val_loss=0.01514 |Y_boot|=1.285 |A|=0.06444 Y_mean=-0.7479 q*_mean=['-9.784', '-0.958', '-11.932']
INFO PLAT_JUL29 DiffSolverV2 C[t=47] fitted: val_loss=0.01397 |Y_boot|=1.282 |A|=0.06404 Y_mean=-0.7445 q*_mean=['-10.333', '-0.861', '-11.462']
INFO PLAT_JUL29 DiffSolverV2 C[t=46] fitted: val_loss=0.01772 |Y_boot|=1.282 |A|=0.06391 Y_mean=-0.7458 q*_mean=['-10.504', '-0.903', '-12.390']
INFO PLAT_JUL29 DiffSolverV2 C[t=45] fitted: val_loss=0.01392 |Y_boot|=1.28 |A|=0.06396 Y_mean=-0.744 q*_mean=['-10.736', '-1.270', '-12.769']
INFO PLAT_JUL29 DiffSolverV2 C[t=44] fitted: val_loss=0.01145 |Y_boot|=1.278 |A|=0.06095 Y_mean=-0.7428 q*_mean=['-10.071', '-0.903', '-12.708']
INFO PLAT_JUL29 DiffSolverV2 C[t=43] fitted: val_loss=0.01353 |Y_boot|=1.276 |A|=0.06068 Y_mean=-0.746 q*_mean=['-8.636', '-0.751', '-12.708']
INFO PLAT_JUL29 DiffSolverV2 C[t=42] fitted: val_loss=0.01418 |Y_boot|=1.277 |A|=0.06129 Y_mean=-0.7489 q*_mean=['-9.406', '-0.592', '-13.141']
INFO PLAT_JUL29 DiffSolverV2 C[t=41] fitted: val_loss=0.01341 |Y_boot|=1.27 |A|=0.06134 Y_mean=-0.7437 q*_mean=['-10.199', '-0.897', '-12.921']
INFO PLAT_JUL29 DiffSolverV2 C[t=40] fitted: val_loss=0.01401 |Y_boot|=1.265 |A|=0.05965 Y_mean=-0.7393 q*_mean=['-10.175', '-0.659', '-13.165']
INFO PLAT_JUL29 DiffSolverV2 C[t=39] fitted: val_loss=0.01214 |Y_boot|=1.262 |A|=0.05824 Y_mean=-0.7369 q*_mean=['-9.723', '-0.354', '-13.452']
INFO PLAT_JUL29 DiffSolverV2 C[t=38] fitted: val_loss=0.01279 |Y_boot|=1.261 |A|=0.05903 Y_mean=-0.737 q*_mean=['-9.045', '-0.653', '-12.604']
INFO PLAT_JUL29 DiffSolverV2 C[t=37] fitted: val_loss=0.01565 |Y_boot|=1.262 |A|=0.06267 Y_mean=-0.7389 q*_mean=['-9.558', '-0.836', '-13.239']
INFO PLAT_JUL29 DiffSolverV2 C[t=36] fitted: val_loss=0.01224 |Y_boot|=1.259 |A|=0.06278 Y_mean=-0.7338 q*_mean=['-8.270', '-0.732', '-13.177']
INFO PLAT_JUL29 DiffSolverV2 C[t=35] fitted: val_loss=0.01028 |Y_boot|=1.258 |A|=0.06279 Y_mean=-0.7343 q*_mean=['-9.125', '-0.513', '-13.330']
INFO PLAT_JUL29 DiffSolverV2 C[t=34] fitted: val_loss=0.01451 |Y_boot|=1.252 |A|=0.06194 Y_mean=-0.7294 q*_mean=['-7.819', '-0.659', '-13.245']
INFO PLAT_JUL29 DiffSolverV2 C[t=33] fitted: val_loss=0.01391 |Y_boot|=1.247 |A|=0.06221 Y_mean=-0.7257 q*_mean=['-7.806', '-0.610', '-13.580']
INFO PLAT_JUL29 DiffSolverV2 C[t=32] fitted: val_loss=0.01333 |Y_boot|=1.244 |A|=0.06305 Y_mean=-0.7227 q*_mean=['-8.124', '-0.580', '-13.611']
INFO PLAT_JUL29 DiffSolverV2 C[t=31] fitted: val_loss=0.01123 |Y_boot|=1.243 |A|=0.06087 Y_mean=-0.7211 q*_mean=['-8.728', '-0.690', '-13.623']
INFO PLAT_JUL29 DiffSolverV2 C[t=30] fitted: val_loss=0.01591 |Y_boot|=1.242 |A|=0.06333 Y_mean=-0.723 q*_mean=['-8.569', '-0.769', '-14.056']
INFO PLAT_JUL29 DiffSolverV2 C[t=29] fitted: val_loss=0.01218 |Y_boot|=1.242 |A|=0.06454 Y_mean=-0.7225 q*_mean=['-9.448', '-1.929', '-11.169']
INFO PLAT_JUL29 DiffSolverV2 C[t=28] fitted: val_loss=0.01119 |Y_boot|=1.24 |A|=0.06454 Y_mean=-0.7203 q*_mean=['-10.022', '-1.501', '-11.096']
INFO PLAT_JUL29 DiffSolverV2 C[t=27] fitted: val_loss=0.01231 |Y_boot|=1.236 |A|=0.06278 Y_mean=-0.7186 q*_mean=['-8.984', '-1.611', '-11.591']
INFO PLAT_JUL29 DiffSolverV2 C[t=26] fitted: val_loss=0.01258 |Y_boot|=1.232 |A|=0.06124 Y_mean=-0.7173 q*_mean=['-10.309', '-1.575', '-11.652']
INFO PLAT_JUL29 DiffSolverV2 C[t=25] fitted: val_loss=0.01346 |Y_boot|=1.23 |A|=0.05852 Y_mean=-0.7174 q*_mean=['-10.651', '-0.775', '-12.897']
INFO PLAT_JUL29 DiffSolverV2 C[t=24] fitted: val_loss=0.01408 |Y_boot|=1.229 |A|=0.06069 Y_mean=-0.7178 q*_mean=['-9.869', '-0.842', '-13.007']
INFO PLAT_JUL29 DiffSolverV2 C[t=23] fitted: val_loss=0.01177 |Y_boot|=1.228 |A|=0.06124 Y_mean=-0.7158 q*_mean=['-9.460', '-0.629', '-13.092']
INFO PLAT_JUL29 DiffSolverV2 C[t=22] fitted: val_loss=0.01205 |Y_boot|=1.226 |A|=0.06041 Y_mean=-0.7111 q*_mean=['-9.961', '-0.476', '-13.727']
INFO PLAT_JUL29 DiffSolverV2 C[t=21] fitted: val_loss=0.01342 |Y_boot|=1.222 |A|=0.06275 Y_mean=-0.7088 q*_mean=['-10.284', '-0.629', '-13.605']
INFO PLAT_JUL29 DiffSolverV2 C[t=20] fitted: val_loss=0.01339 |Y_boot|=1.217 |A|=0.06226 Y_mean=-0.7016 q*_mean=['-10.773', '-0.323', '-13.733']
INFO PLAT_JUL29 DiffSolverV2 C[t=19] fitted: val_loss=0.019 |Y_boot|=1.217 |A|=0.06275 Y_mean=-0.701 q*_mean=['-11.322', '-0.269', '-13.342']
INFO PLAT_JUL29 DiffSolverV2 C[t=18] fitted: val_loss=0.01665 |Y_boot|=1.219 |A|=0.06324 Y_mean=-0.7028 q*_mean=['-12.164', '-0.189', '-13.989']
INFO PLAT_JUL29 DiffSolverV2 C[t=17] fitted: val_loss=0.01185 |Y_boot|=1.216 |A|=0.06154 Y_mean=-0.6986 q*_mean=['-11.365', '-0.061', '-14.240']
INFO PLAT_JUL29 DiffSolverV2 C[t=16] fitted: val_loss=0.01211 |Y_boot|=1.216 |A|=0.06226 Y_mean=-0.6996 q*_mean=['-12.701', '-0.073', '-13.837']
INFO PLAT_JUL29 DiffSolverV2 C[t=15] fitted: val_loss=0.01308 |Y_boot|=1.214 |A|=0.06127 Y_mean=-0.6964 q*_mean=['-13.879', '0.000', '-13.953']
INFO PLAT_JUL29 DiffSolverV2 C[t=14] fitted: val_loss=0.01283 |Y_boot|=1.215 |A|=0.06035 Y_mean=-0.6986 q*_mean=['-15.649', '0.000', '-13.989']
INFO PLAT_JUL29 DiffSolverV2 C[t=13] fitted: val_loss=0.01478 |Y_boot|=1.213 |A|=0.06126 Y_mean=-0.6967 q*_mean=['-16.083', '-0.037', '-14.136']
INFO PLAT_JUL29 DiffSolverV2 C[t=12] fitted: val_loss=0.01308 |Y_boot|=1.212 |A|=0.06269 Y_mean=-0.6957 q*_mean=['-18.311', '-0.098', '-13.434']
INFO PLAT_JUL29 DiffSolverV2 C[t=11] fitted: val_loss=0.01146 |Y_boot|=1.207 |A|=0.06078 Y_mean=-0.6903 q*_mean=['-19.177', '-0.690', '-13.715']
INFO PLAT_JUL29 DiffSolverV2 C[t=10] fitted: val_loss=0.01313 |Y_boot|=1.2 |A|=0.05909 Y_mean=-0.6852 q*_mean=['-15.515', '-7.550', '-13.007']
INFO PLAT_JUL29 DiffSolverV2 C[t=9] fitted: val_loss=0.01339 |Y_boot|=1.199 |A|=0.0567 Y_mean=-0.6856 q*_mean=['-3.448', '-21.844', '-11.432']
INFO PLAT_JUL29 DiffSolverV2 C[t=8] fitted: val_loss=0.01193 |Y_boot|=1.193 |A|=0.05778 Y_mean=-0.6808 q*_mean=['-2.277', '-24.847', '-7.953']
INFO PLAT_JUL29 DiffSolverV2 C[t=7] fitted: val_loss=0.01198 |Y_boot|=1.187 |A|=0.06001 Y_mean=-0.6741 q*_mean=['-2.917', '-25.909', '-3.851']
INFO PLAT_JUL29 DiffSolverV2 C[t=6] fitted: val_loss=0.01361 |Y_boot|=1.185 |A|=0.05998 Y_mean=-0.6692 q*_mean=['-3.223', '-19.196', '-11.108']
INFO PLAT_JUL29 DiffSolverV2 C[t=5] fitted: val_loss=0.01114 |Y_boot|=1.18 |A|=0.06315 Y_mean=-0.6617 q*_mean=['-3.174', '-2.649', '-28.986']
INFO PLAT_JUL29 DiffSolverV2 C[t=4] fitted: val_loss=0.01395 |Y_boot|=1.177 |A|=0.06761 Y_mean=-0.6533 q*_mean=['-3.296', '-0.793', '-30.682']
INFO PLAT_JUL29 DiffSolverV2 C[t=3] fitted: val_loss=0.01257 |Y_boot|=1.169 |A|=0.07013 Y_mean=-0.6375 q*_mean=['-2.380', '-0.439', '-31.787']
INFO PLAT_JUL29 DiffSolverV2 C[t=2] fitted: val_loss=0.0144 |Y_boot|=1.158 |A|=0.0717 Y_mean=-0.6203 q*_mean=['-2.509', '-0.195', '-32.428']
INFO PLAT_JUL29 DiffSolverV2 C[t=1] fitted: val_loss=0.01884 |Y_boot|=1.153 |A|=0.07223 Y_mean=-0.6096 q*_mean=['-2.850', '-0.122', '-32.385']
INFO PLAT_JUL29 DiffSolverV2 C[t=0] fitted: val_loss=0.0256 |Y_boot|=1.139 |A|=0.07402 Y_mean=-0.5897 q*_mean=['-2.679', '0.000', '-32.715']
INFO PLAT_JUL29 DiffSolverV2 sweep complete: t=124→0 | max|Y_boot|=1.387 (BOUNDED) | V_0=-0.589695 | n_star@t=0=[-2.679443359375, 0.0, -32.71484375]
INFO PLAT_JUL29 DiffSolverV2 SAVED value fn to /home/vretiel/PycharmProjects/riskflow/artifacts/walk_forward/artifacts/walk_forward/driftless_gpu0/value_fn_202105_garch_s7.pt (V_0=-0.589695)
INFO PLAT_JUL29 DiffSolverV2 IN-SAMPLE vs OOS u(W_T): greedy IS=-0.55913 OOS=-0.44161 | textbook IS=-0.91527 OOS=-0.76172 (gap IS−OOS greedy=-0.11752 → overfit if large)
INFO PLAT_JUL29 DiffSolverV2 VERDICT (OUT-OF-SAMPLE rollout t=0→T over 1024 outer paths, start flat):
  policy    u(W_T)mean    W_T mean       W_T p5         W_T CVaR5
  greedy    -0.44161    +1.7691e+05   -7.7561e+05   -9.5855e+05
  textbook  -0.76172    +4.3995e+04   -8.0921e+05   -9.8545e+05
  nohedge   -1.10832    +3.1887e+04   -9.4860e+05   -1.1576e+06
  → on the OBJECTIVE E[u(W_T)]: beats no-hedge=True, beats textbook=True | tail(CVaR5) competitive w/ textbook=True
INFO PLAT_JUL29 DiffSolverV2 greedy positions: mean|q| per instrument=['5.93', '1.74', '15.54'] | q@t0=[-0.732421875, 0.0, -32.666015625] | q@mid=[-10.162353515625, -1.513671875, -11.041259765625] (textbook q@t0=[-7.270622730255127, -7.019043922424316, -5.269061088562012])
INFO PLAT_JUL29 solve_hedge tracks: {'DiffSolverV2': -0.5897} | ladder holds=True
INFO PLAT_JUL29 === TRAIN 202105 seed=42 (fair=1217.45, strike=1209.45) ===
WARNING md_202104_garch_driftless Price Factor 'DiscountRate.USD-SOFR' not found in market data
INFO md_202104_garch_driftless Creating default Discount Factor(type='DiscountRate', name=('USD-SOFR',))
INFO PLAT_JUL29 liability scalars: total_leg_volume=2500.0 last_settlement_index=154
INFO PLAT_JUL29 utility_scale (symlog c) resolved to 941614.31
INFO PLAT_JUL29 DiffSolverV2 setup: n_hedge=3 active=[0, 1, 2] T_dec=125 (of 127 sim steps; last-live mtm=[-2]) B_outer=2048 levels=9 fit_iters=40 lr=0.002 | contract_size=[50.0, 50.0, 50.0] | q∈[[-50.0, -50.0, -50.0], [0.0, 0.0, 0.0]] total_abs_limit=50
INFO PLAT_JUL29 DiffSolverV2 inner forks: one_step=True (window {t, t+1} generation+pricing)
INFO PLAT_JUL29 DiffSolverV2 bank: market_dim=7 | swept W∈[-1.933e+06, 4.566e+06] mean=2.339e+04 std=5.843e+05 | q_rep(t=0)=[-7.661025524139404, -7.457831859588623, -5.650947093963623]
INFO PLAT_JUL29 DiffSolverV2 action grid: K=165 actions (levels=9 ^ active=3)
INFO PLAT_JUL29 DiffSolverV2 C[t=124] fitted: val_loss=0.001399 |Y_boot|=1.401 |A|=0.01638 Y_mean=-0.887 q*_mean=['0.000', '-1.617', '-21.906']
INFO PLAT_JUL29 DiffSolverV2 C[t=123] fitted: val_loss=0.001462 |Y_boot|=1.401 |A|=0.03588 Y_mean=-0.8698 q*_mean=['0.000', '-1.208', '-21.356']
INFO PLAT_JUL29 DiffSolverV2 C[t=122] fitted: val_loss=0.001591 |Y_boot|=1.4 |A|=0.05691 Y_mean=-0.8487 q*_mean=['0.000', '-1.147', '-21.759']
INFO PLAT_JUL29 DiffSolverV2 C[t=121] fitted: val_loss=0.001635 |Y_boot|=1.4 |A|=0.06652 Y_mean=-0.8282 q*_mean=['0.000', '-1.312', '-22.015']
INFO PLAT_JUL29 DiffSolverV2 C[t=120] fitted: val_loss=0.00203 |Y_boot|=1.401 |A|=0.0685 Y_mean=-0.819 q*_mean=['0.000', '-1.575', '-21.606']
INFO PLAT_JUL29 DiffSolverV2 C[t=119] fitted: val_loss=0.001845 |Y_boot|=1.402 |A|=0.07039 Y_mean=-0.8179 q*_mean=['0.000', '-1.343', '-21.600']
INFO PLAT_JUL29 DiffSolverV2 C[t=118] fitted: val_loss=0.001959 |Y_boot|=1.402 |A|=0.07034 Y_mean=-0.816 q*_mean=['0.000', '-1.373', '-21.234']
INFO PLAT_JUL29 DiffSolverV2 C[t=117] fitted: val_loss=0.001953 |Y_boot|=1.403 |A|=0.07043 Y_mean=-0.817 q*_mean=['0.000', '-1.227', '-21.704']
INFO PLAT_JUL29 DiffSolverV2 C[t=116] fitted: val_loss=0.001862 |Y_boot|=1.404 |A|=0.07243 Y_mean=-0.8177 q*_mean=['0.000', '-1.404', '-21.094']
INFO PLAT_JUL29 DiffSolverV2 C[t=115] fitted: val_loss=0.002162 |Y_boot|=1.404 |A|=0.07 Y_mean=-0.8163 q*_mean=['0.000', '-1.434', '-20.721']
INFO PLAT_JUL29 DiffSolverV2 C[t=114] fitted: val_loss=0.002273 |Y_boot|=1.405 |A|=0.06961 Y_mean=-0.8192 q*_mean=['0.000', '-1.581', '-20.587']
INFO PLAT_JUL29 DiffSolverV2 C[t=113] fitted: val_loss=0.002378 |Y_boot|=1.405 |A|=0.0692 Y_mean=-0.8205 q*_mean=['0.000', '-1.758', '-19.794']
INFO PLAT_JUL29 DiffSolverV2 C[t=112] fitted: val_loss=0.002474 |Y_boot|=1.404 |A|=0.06915 Y_mean=-0.8209 q*_mean=['0.000', '-1.941', '-20.197']
INFO PLAT_JUL29 DiffSolverV2 C[t=111] fitted: val_loss=0.002669 |Y_boot|=1.405 |A|=0.06922 Y_mean=-0.821 q*_mean=['0.000', '-1.746', '-20.709']
INFO PLAT_JUL29 DiffSolverV2 C[t=110] fitted: val_loss=0.002707 |Y_boot|=1.405 |A|=0.06894 Y_mean=-0.8208 q*_mean=['0.000', '-1.581', '-20.349']
INFO PLAT_JUL29 DiffSolverV2 C[t=109] fitted: val_loss=0.002558 |Y_boot|=1.404 |A|=0.06864 Y_mean=-0.8203 q*_mean=['0.000', '-1.392', '-20.099']
INFO PLAT_JUL29 DiffSolverV2 C[t=108] fitted: val_loss=0.002904 |Y_boot|=1.401 |A|=0.06854 Y_mean=-0.8183 q*_mean=['0.000', '-1.239', '-20.526']
INFO PLAT_JUL29 DiffSolverV2 C[t=107] fitted: val_loss=0.003997 |Y_boot|=1.399 |A|=0.06887 Y_mean=-0.816 q*_mean=['0.000', '-1.434', '-20.044']
INFO PLAT_JUL29 DiffSolverV2 C[t=106] fitted: val_loss=0.004507 |Y_boot|=1.4 |A|=0.06831 Y_mean=-0.8165 q*_mean=['0.000', '-1.923', '-19.775']
INFO PLAT_JUL29 DiffSolverV2 C[t=105] fitted: val_loss=0.004575 |Y_boot|=1.4 |A|=0.06775 Y_mean=-0.8172 q*_mean=['0.000', '-1.660', '-19.916']
INFO PLAT_JUL29 DiffSolverV2 C[t=104] fitted: val_loss=0.005367 |Y_boot|=1.398 |A|=0.06754 Y_mean=-0.8166 q*_mean=['0.000', '-2.142', '-19.562']
INFO PLAT_JUL29 DiffSolverV2 C[t=103] fitted: val_loss=0.006227 |Y_boot|=1.398 |A|=0.06768 Y_mean=-0.8156 q*_mean=['0.000', '-1.630', '-19.775']
INFO PLAT_JUL29 DiffSolverV2 C[t=102] fitted: val_loss=0.004825 |Y_boot|=1.399 |A|=0.06835 Y_mean=-0.8167 q*_mean=['0.000', '-1.599', '-19.531']
INFO PLAT_JUL29 DiffSolverV2 C[t=101] fitted: val_loss=0.005156 |Y_boot|=1.399 |A|=0.06852 Y_mean=-0.8163 q*_mean=['0.000', '-1.984', '-19.232']
INFO PLAT_JUL29 DiffSolverV2 C[t=100] fitted: val_loss=0.006361 |Y_boot|=1.398 |A|=0.06823 Y_mean=-0.8148 q*_mean=['0.000', '-1.868', '-19.031']
INFO PLAT_JUL29 DiffSolverV2 C[t=99] fitted: val_loss=0.006993 |Y_boot|=1.395 |A|=0.06819 Y_mean=-0.8125 q*_mean=['0.000', '-2.032', '-19.202']
INFO PLAT_JUL29 DiffSolverV2 C[t=98] fitted: val_loss=0.008973 |Y_boot|=1.394 |A|=0.06897 Y_mean=-0.8125 q*_mean=['0.000', '-2.527', '-18.884']
INFO PLAT_JUL29 DiffSolverV2 C[t=97] fitted: val_loss=0.008839 |Y_boot|=1.393 |A|=0.06809 Y_mean=-0.8123 q*_mean=['0.000', '-2.246', '-18.726']
INFO PLAT_JUL29 DiffSolverV2 C[t=96] fitted: val_loss=0.007944 |Y_boot|=1.393 |A|=0.06823 Y_mean=-0.8146 q*_mean=['0.000', '-2.185', '-18.561']
INFO PLAT_JUL29 DiffSolverV2 C[t=95] fitted: val_loss=0.007684 |Y_boot|=1.393 |A|=0.06773 Y_mean=-0.8148 q*_mean=['0.000', '-1.868', '-18.341']
INFO PLAT_JUL29 DiffSolverV2 C[t=94] fitted: val_loss=0.01031 |Y_boot|=1.392 |A|=0.06796 Y_mean=-0.814 q*_mean=['0.000', '-2.411', '-18.158']
INFO PLAT_JUL29 DiffSolverV2 C[t=93] fitted: val_loss=0.01261 |Y_boot|=1.387 |A|=0.06801 Y_mean=-0.8109 q*_mean=['0.000', '-1.984', '-18.207']
INFO PLAT_JUL29 DiffSolverV2 C[t=92] fitted: val_loss=0.0109 |Y_boot|=1.382 |A|=0.06693 Y_mean=-0.807 q*_mean=['0.000', '-2.124', '-18.488']
INFO PLAT_JUL29 DiffSolverV2 C[t=91] fitted: val_loss=0.01405 |Y_boot|=1.378 |A|=0.06901 Y_mean=-0.8056 q*_mean=['0.000', '-2.472', '-18.420']
INFO PLAT_JUL29 DiffSolverV2 C[t=90] fitted: val_loss=0.01465 |Y_boot|=1.373 |A|=0.0675 Y_mean=-0.7991 q*_mean=['0.000', '-2.161', '-18.530']
INFO PLAT_JUL29 DiffSolverV2 C[t=89] fitted: val_loss=0.01548 |Y_boot|=1.369 |A|=0.06668 Y_mean=-0.7966 q*_mean=['0.000', '-2.185', '-18.701']
INFO PLAT_JUL29 DiffSolverV2 C[t=88] fitted: val_loss=0.01659 |Y_boot|=1.364 |A|=0.06674 Y_mean=-0.794 q*_mean=['-29.700', '-2.087', '-18.213']
INFO PLAT_JUL29 DiffSolverV2 C[t=87] fitted: val_loss=0.01449 |Y_boot|=1.372 |A|=0.06122 Y_mean=-0.807 q*_mean=['-14.545', '-2.533', '-8.575']
INFO PLAT_JUL29 DiffSolverV2 C[t=86] fitted: val_loss=0.01362 |Y_boot|=1.368 |A|=0.06143 Y_mean=-0.8108 q*_mean=['-13.232', '-3.387', '-8.807']
INFO PLAT_JUL29 DiffSolverV2 C[t=85] fitted: val_loss=0.01267 |Y_boot|=1.366 |A|=0.05874 Y_mean=-0.8091 q*_mean=['-13.593', '-3.241', '-8.575']
INFO PLAT_JUL29 DiffSolverV2 C[t=84] fitted: val_loss=0.01445 |Y_boot|=1.358 |A|=0.05919 Y_mean=-0.8061 q*_mean=['-13.196', '-3.003', '-8.453']
INFO PLAT_JUL29 DiffSolverV2 C[t=83] fitted: val_loss=0.0137 |Y_boot|=1.357 |A|=0.06054 Y_mean=-0.8041 q*_mean=['-13.849', '-3.308', '-8.081']
INFO PLAT_JUL29 DiffSolverV2 C[t=82] fitted: val_loss=0.01198 |Y_boot|=1.358 |A|=0.06183 Y_mean=-0.8037 q*_mean=['-13.367', '-3.143', '-7.983']
INFO PLAT_JUL29 DiffSolverV2 C[t=81] fitted: val_loss=0.01478 |Y_boot|=1.359 |A|=0.06271 Y_mean=-0.8031 q*_mean=['-13.397', '-2.899', '-8.868']
INFO PLAT_JUL29 DiffSolverV2 C[t=80] fitted: val_loss=0.01217 |Y_boot|=1.358 |A|=0.06089 Y_mean=-0.8019 q*_mean=['-12.714', '-2.759', '-8.868']
INFO PLAT_JUL29 DiffSolverV2 C[t=79] fitted: val_loss=0.01351 |Y_boot|=1.358 |A|=0.05756 Y_mean=-0.8051 q*_mean=['-12.598', '-3.302', '-8.740']
INFO PLAT_JUL29 DiffSolverV2 C[t=78] fitted: val_loss=0.01202 |Y_boot|=1.354 |A|=0.05357 Y_mean=-0.8026 q*_mean=['-14.441', '-2.887', '-8.728']
INFO PLAT_JUL29 DiffSolverV2 C[t=77] fitted: val_loss=0.01457 |Y_boot|=1.351 |A|=0.04902 Y_mean=-0.8013 q*_mean=['-12.378', '-2.881', '-8.844']
INFO PLAT_JUL29 DiffSolverV2 C[t=76] fitted: val_loss=0.01368 |Y_boot|=1.345 |A|=0.04979 Y_mean=-0.8006 q*_mean=['-12.939', '-2.942', '-8.722']
INFO PLAT_JUL29 DiffSolverV2 C[t=75] fitted: val_loss=0.01208 |Y_boot|=1.342 |A|=0.05288 Y_mean=-0.7968 q*_mean=['-12.476', '-3.046', '-8.606']
INFO PLAT_JUL29 DiffSolverV2 C[t=74] fitted: val_loss=0.0128 |Y_boot|=1.342 |A|=0.05574 Y_mean=-0.7928 q*_mean=['-12.109', '-2.643', '-9.015']
INFO PLAT_JUL29 DiffSolverV2 C[t=73] fitted: val_loss=0.01427 |Y_boot|=1.34 |A|=0.05694 Y_mean=-0.7876 q*_mean=['-12.970', '-2.954', '-8.453']
INFO PLAT_JUL29 DiffSolverV2 C[t=72] fitted: val_loss=0.01187 |Y_boot|=1.339 |A|=0.0576 Y_mean=-0.7864 q*_mean=['-12.256', '-2.673', '-9.241']
INFO PLAT_JUL29 DiffSolverV2 C[t=71] fitted: val_loss=0.01483 |Y_boot|=1.335 |A|=0.05557 Y_mean=-0.7813 q*_mean=['-12.854', '-2.832', '-9.265']
INFO PLAT_JUL29 DiffSolverV2 C[t=70] fitted: val_loss=0.01397 |Y_boot|=1.337 |A|=0.05906 Y_mean=-0.7842 q*_mean=['-13.086', '-2.435', '-8.600']
INFO PLAT_JUL29 DiffSolverV2 C[t=69] fitted: val_loss=0.01094 |Y_boot|=1.339 |A|=0.05994 Y_mean=-0.7848 q*_mean=['-13.147', '-2.582', '-9.186']
INFO PLAT_JUL29 DiffSolverV2 C[t=68] fitted: val_loss=0.01331 |Y_boot|=1.335 |A|=0.06092 Y_mean=-0.7821 q*_mean=['-12.122', '-2.625', '-9.863']
INFO PLAT_JUL29 DiffSolverV2 C[t=67] fitted: val_loss=0.01281 |Y_boot|=1.328 |A|=0.05924 Y_mean=-0.7776 q*_mean=['-12.347', '-2.954', '-9.625']
INFO PLAT_JUL29 DiffSolverV2 C[t=66] fitted: val_loss=0.01405 |Y_boot|=1.331 |A|=0.06179 Y_mean=-0.7825 q*_mean=['-12.830', '-2.667', '-9.418']
INFO PLAT_JUL29 DiffSolverV2 C[t=65] fitted: val_loss=0.01264 |Y_boot|=1.327 |A|=0.06017 Y_mean=-0.7773 q*_mean=['-12.976', '-2.136', '-9.119']
INFO PLAT_JUL29 DiffSolverV2 C[t=64] fitted: val_loss=0.01448 |Y_boot|=1.323 |A|=0.05769 Y_mean=-0.7755 q*_mean=['-12.689', '-2.258', '-9.503']
INFO PLAT_JUL29 DiffSolverV2 C[t=63] fitted: val_loss=0.0146 |Y_boot|=1.314 |A|=0.05679 Y_mean=-0.7691 q*_mean=['-11.346', '-2.039', '-9.631']
INFO PLAT_JUL29 DiffSolverV2 C[t=62] fitted: val_loss=0.01379 |Y_boot|=1.311 |A|=0.06009 Y_mean=-0.7674 q*_mean=['-12.115', '-1.807', '-9.668']
INFO PLAT_JUL29 DiffSolverV2 C[t=61] fitted: val_loss=0.01482 |Y_boot|=1.304 |A|=0.06129 Y_mean=-0.7567 q*_mean=['-11.835', '-2.380', '-9.540']
INFO PLAT_JUL29 DiffSolverV2 C[t=60] fitted: val_loss=0.01161 |Y_boot|=1.307 |A|=0.0641 Y_mean=-0.7591 q*_mean=['-11.182', '-2.264', '-9.967']
INFO PLAT_JUL29 DiffSolverV2 C[t=59] fitted: val_loss=0.01069 |Y_boot|=1.307 |A|=0.06369 Y_mean=-0.7568 q*_mean=['-11.188', '-2.222', '-10.297']
INFO PLAT_JUL29 DiffSolverV2 C[t=58] fitted: val_loss=0.01349 |Y_boot|=1.302 |A|=0.06402 Y_mean=-0.7519 q*_mean=['-11.096', '-2.051', '-10.089']
INFO PLAT_JUL29 DiffSolverV2 C[t=57] fitted: val_loss=0.01201 |Y_boot|=1.301 |A|=0.06275 Y_mean=-0.7505 q*_mean=['-11.609', '-1.764', '-10.199']
INFO PLAT_JUL29 DiffSolverV2 C[t=56] fitted: val_loss=0.01282 |Y_boot|=1.3 |A|=0.06124 Y_mean=-0.7515 q*_mean=['-10.889', '-2.002', '-9.912']
INFO PLAT_JUL29 DiffSolverV2 C[t=55] fitted: val_loss=0.01346 |Y_boot|=1.295 |A|=0.0579 Y_mean=-0.7487 q*_mean=['-11.694', '-2.026', '-10.114']
INFO PLAT_JUL29 DiffSolverV2 C[t=54] fitted: val_loss=0.01463 |Y_boot|=1.29 |A|=0.05842 Y_mean=-0.7484 q*_mean=['-11.877', '-1.508', '-10.034']
INFO PLAT_JUL29 DiffSolverV2 C[t=53] fitted: val_loss=0.01188 |Y_boot|=1.293 |A|=0.05995 Y_mean=-0.7522 q*_mean=['-11.188', '-1.508', '-10.284']
INFO PLAT_JUL29 DiffSolverV2 C[t=52] fitted: val_loss=0.0127 |Y_boot|=1.293 |A|=0.06152 Y_mean=-0.7487 q*_mean=['-10.565', '-1.740', '-10.535']
INFO PLAT_JUL29 DiffSolverV2 C[t=51] fitted: val_loss=0.01301 |Y_boot|=1.29 |A|=0.06146 Y_mean=-0.7462 q*_mean=['-11.444', '-1.434', '-10.394']
INFO PLAT_JUL29 DiffSolverV2 C[t=50] fitted: val_loss=0.01292 |Y_boot|=1.288 |A|=0.06182 Y_mean=-0.7437 q*_mean=['-11.761', '-1.459', '-10.431']
INFO PLAT_JUL29 DiffSolverV2 C[t=49] fitted: val_loss=0.01218 |Y_boot|=1.288 |A|=0.05792 Y_mean=-0.7437 q*_mean=['-11.456', '-1.056', '-10.822']
INFO PLAT_JUL29 DiffSolverV2 C[t=48] fitted: val_loss=0.01133 |Y_boot|=1.286 |A|=0.0623 Y_mean=-0.7447 q*_mean=['-10.260', '-1.447', '-10.327']
INFO PLAT_JUL29 DiffSolverV2 C[t=47] fitted: val_loss=0.01112 |Y_boot|=1.281 |A|=0.06399 Y_mean=-0.7372 q*_mean=['-9.918', '-1.276', '-11.182']
INFO PLAT_JUL29 DiffSolverV2 C[t=46] fitted: val_loss=0.01486 |Y_boot|=1.282 |A|=0.06302 Y_mean=-0.7373 q*_mean=['-10.321', '-0.989', '-11.212']
INFO PLAT_JUL29 DiffSolverV2 C[t=45] fitted: val_loss=0.01263 |Y_boot|=1.275 |A|=0.06084 Y_mean=-0.732 q*_mean=['-10.590', '-0.903', '-11.487']
INFO PLAT_JUL29 DiffSolverV2 C[t=44] fitted: val_loss=0.01588 |Y_boot|=1.274 |A|=0.06281 Y_mean=-0.7337 q*_mean=['-10.229', '-0.555', '-11.951']
INFO PLAT_JUL29 DiffSolverV2 C[t=43] fitted: val_loss=0.01139 |Y_boot|=1.274 |A|=0.06425 Y_mean=-0.7314 q*_mean=['-11.102', '-0.726', '-11.279']
INFO PLAT_JUL29 DiffSolverV2 C[t=42] fitted: val_loss=0.01245 |Y_boot|=1.276 |A|=0.06437 Y_mean=-0.7328 q*_mean=['-10.071', '-0.757', '-11.804']
INFO PLAT_JUL29 DiffSolverV2 C[t=41] fitted: val_loss=0.01406 |Y_boot|=1.27 |A|=0.06354 Y_mean=-0.7284 q*_mean=['-10.016', '-0.769', '-11.755']
INFO PLAT_JUL29 DiffSolverV2 C[t=40] fitted: val_loss=0.01408 |Y_boot|=1.271 |A|=0.06299 Y_mean=-0.7322 q*_mean=['-10.199', '-0.836', '-12.054']
INFO PLAT_JUL29 DiffSolverV2 C[t=39] fitted: val_loss=0.01692 |Y_boot|=1.272 |A|=0.06446 Y_mean=-0.7338 q*_mean=['-9.576', '-0.757', '-11.700']
INFO PLAT_JUL29 DiffSolverV2 C[t=38] fitted: val_loss=0.01196 |Y_boot|=1.271 |A|=0.06177 Y_mean=-0.7327 q*_mean=['-10.040', '-0.635', '-11.914']
INFO PLAT_JUL29 DiffSolverV2 C[t=37] fitted: val_loss=0.01291 |Y_boot|=1.267 |A|=0.06244 Y_mean=-0.731 q*_mean=['-9.137', '-0.543', '-12.402']
INFO PLAT_JUL29 DiffSolverV2 C[t=36] fitted: val_loss=0.01445 |Y_boot|=1.269 |A|=0.06511 Y_mean=-0.7314 q*_mean=['-9.613', '-0.647', '-12.024']
INFO PLAT_JUL29 DiffSolverV2 C[t=35] fitted: val_loss=0.0122 |Y_boot|=1.27 |A|=0.06391 Y_mean=-0.7288 q*_mean=['-9.351', '-0.568', '-12.396']
INFO PLAT_JUL29 DiffSolverV2 C[t=34] fitted: val_loss=0.01296 |Y_boot|=1.264 |A|=0.06031 Y_mean=-0.7257 q*_mean=['-9.430', '-0.714', '-12.347']
INFO PLAT_JUL29 DiffSolverV2 C[t=33] fitted: val_loss=0.01304 |Y_boot|=1.265 |A|=0.0642 Y_mean=-0.7319 q*_mean=['-9.259', '-0.604', '-11.713']
INFO PLAT_JUL29 DiffSolverV2 C[t=32] fitted: val_loss=0.01067 |Y_boot|=1.267 |A|=0.06568 Y_mean=-0.7299 q*_mean=['-9.375', '-0.714', '-12.152']
INFO PLAT_JUL29 DiffSolverV2 C[t=31] fitted: val_loss=0.01151 |Y_boot|=1.266 |A|=0.0652 Y_mean=-0.7282 q*_mean=['-8.948', '-1.013', '-11.731']
INFO PLAT_JUL29 DiffSolverV2 C[t=30] fitted: val_loss=0.01181 |Y_boot|=1.26 |A|=0.06185 Y_mean=-0.723 q*_mean=['-9.271', '-0.714', '-11.963']
INFO PLAT_JUL29 DiffSolverV2 C[t=29] fitted: val_loss=0.0123 |Y_boot|=1.257 |A|=0.06204 Y_mean=-0.7233 q*_mean=['-8.966', '-1.556', '-11.151']
INFO PLAT_JUL29 DiffSolverV2 C[t=28] fitted: val_loss=0.01077 |Y_boot|=1.256 |A|=0.06017 Y_mean=-0.7224 q*_mean=['-9.930', '-1.562', '-10.913']
INFO PLAT_JUL29 DiffSolverV2 C[t=27] fitted: val_loss=0.01181 |Y_boot|=1.258 |A|=0.06381 Y_mean=-0.7276 q*_mean=['-9.528', '-1.367', '-11.462']
INFO PLAT_JUL29 DiffSolverV2 C[t=26] fitted: val_loss=0.0122 |Y_boot|=1.255 |A|=0.06136 Y_mean=-0.7223 q*_mean=['-9.619', '-1.105', '-11.383']
INFO PLAT_JUL29 DiffSolverV2 C[t=25] fitted: val_loss=0.01114 |Y_boot|=1.255 |A|=0.05946 Y_mean=-0.7241 q*_mean=['-10.876', '-0.922', '-11.896']
INFO PLAT_JUL29 DiffSolverV2 C[t=24] fitted: val_loss=0.01162 |Y_boot|=1.249 |A|=0.06044 Y_mean=-0.7205 q*_mean=['-9.540', '-0.702', '-12.305']
INFO PLAT_JUL29 DiffSolverV2 C[t=23] fitted: val_loss=0.01334 |Y_boot|=1.242 |A|=0.05634 Y_mean=-0.7127 q*_mean=['-10.217', '-0.861', '-12.805']
INFO PLAT_JUL29 DiffSolverV2 C[t=22] fitted: val_loss=0.01122 |Y_boot|=1.244 |A|=0.05968 Y_mean=-0.7185 q*_mean=['-9.125', '-0.580', '-13.458']
INFO PLAT_JUL29 DiffSolverV2 C[t=21] fitted: val_loss=0.01225 |Y_boot|=1.239 |A|=0.06292 Y_mean=-0.7113 q*_mean=['-9.308', '-0.476', '-12.561']
INFO PLAT_JUL29 DiffSolverV2 C[t=20] fitted: val_loss=0.01277 |Y_boot|=1.237 |A|=0.06309 Y_mean=-0.7069 q*_mean=['-10.236', '-0.317', '-12.927']
INFO PLAT_JUL29 DiffSolverV2 C[t=19] fitted: val_loss=0.01389 |Y_boot|=1.235 |A|=0.06409 Y_mean=-0.7026 q*_mean=['-10.132', '-0.262', '-13.171']
INFO PLAT_JUL29 DiffSolverV2 C[t=18] fitted: val_loss=0.01264 |Y_boot|=1.235 |A|=0.0629 Y_mean=-0.7008 q*_mean=['-11.047', '-0.305', '-12.872']
INFO PLAT_JUL29 DiffSolverV2 C[t=17] fitted: val_loss=0.01468 |Y_boot|=1.228 |A|=0.06398 Y_mean=-0.6952 q*_mean=['-11.700', '-0.140', '-12.476']
INFO PLAT_JUL29 DiffSolverV2 C[t=16] fitted: val_loss=0.01123 |Y_boot|=1.222 |A|=0.06245 Y_mean=-0.6884 q*_mean=['-13.885', '-0.092', '-12.579']
INFO PLAT_JUL29 DiffSolverV2 C[t=15] fitted: val_loss=0.0125 |Y_boot|=1.218 |A|=0.06266 Y_mean=-0.6866 q*_mean=['-15.271', '0.000', '-12.726']
INFO PLAT_JUL29 DiffSolverV2 C[t=14] fitted: val_loss=0.01445 |Y_boot|=1.218 |A|=0.06203 Y_mean=-0.6857 q*_mean=['-15.668', '0.000', '-12.750']
INFO PLAT_JUL29 DiffSolverV2 C[t=13] fitted: val_loss=0.01286 |Y_boot|=1.212 |A|=0.05956 Y_mean=-0.6819 q*_mean=['-17.432', '-0.043', '-12.451']
INFO PLAT_JUL29 DiffSolverV2 C[t=12] fitted: val_loss=0.01578 |Y_boot|=1.208 |A|=0.05349 Y_mean=-0.6807 q*_mean=['-19.537', '-0.085', '-12.170']
INFO PLAT_JUL29 DiffSolverV2 C[t=11] fitted: val_loss=0.01303 |Y_boot|=1.201 |A|=0.05302 Y_mean=-0.6773 q*_mean=['-20.941', '-0.317', '-11.938']
INFO PLAT_JUL29 DiffSolverV2 C[t=10] fitted: val_loss=0.01245 |Y_boot|=1.201 |A|=0.06062 Y_mean=-0.6771 q*_mean=['-15.381', '-8.484', '-11.188']
INFO PLAT_JUL29 DiffSolverV2 C[t=9] fitted: val_loss=0.01325 |Y_boot|=1.201 |A|=0.06217 Y_mean=-0.668 q*_mean=['-3.101', '-22.607', '-10.065']
INFO PLAT_JUL29 DiffSolverV2 C[t=8] fitted: val_loss=0.0118 |Y_boot|=1.202 |A|=0.06388 Y_mean=-0.6676 q*_mean=['-2.661', '-26.202', '-7.861']
INFO PLAT_JUL29 DiffSolverV2 C[t=7] fitted: val_loss=0.01212 |Y_boot|=1.204 |A|=0.06363 Y_mean=-0.6663 q*_mean=['-3.040', '-27.136', '-5.133']
INFO PLAT_JUL29 DiffSolverV2 C[t=6] fitted: val_loss=0.01121 |Y_boot|=1.2 |A|=0.06488 Y_mean=-0.661 q*_mean=['-3.424', '-19.543', '-12.183']
INFO PLAT_JUL29 DiffSolverV2 C[t=5] fitted: val_loss=0.01384 |Y_boot|=1.194 |A|=0.06597 Y_mean=-0.6523 q*_mean=['-3.503', '-2.368', '-30.066']
INFO PLAT_JUL29 DiffSolverV2 C[t=4] fitted: val_loss=0.01184 |Y_boot|=1.19 |A|=0.06822 Y_mean=-0.6432 q*_mean=['-2.881', '-0.653', '-32.428']
INFO PLAT_JUL29 DiffSolverV2 C[t=3] fitted: val_loss=0.01443 |Y_boot|=1.181 |A|=0.06939 Y_mean=-0.6275 q*_mean=['-2.661', '-0.214', '-33.282']
INFO PLAT_JUL29 DiffSolverV2 C[t=2] fitted: val_loss=0.01678 |Y_boot|=1.174 |A|=0.07173 Y_mean=-0.6161 q*_mean=['-2.472', '-0.128', '-33.496']
INFO PLAT_JUL29 DiffSolverV2 C[t=1] fitted: val_loss=0.02061 |Y_boot|=1.17 |A|=0.0731 Y_mean=-0.6044 q*_mean=['-2.417', '-0.128', '-33.887']
INFO PLAT_JUL29 DiffSolverV2 C[t=0] fitted: val_loss=0.02675 |Y_boot|=1.156 |A|=0.07376 Y_mean=-0.5829 q*_mean=['-2.466', '0.000', '-33.942']
INFO PLAT_JUL29 DiffSolverV2 sweep complete: t=124→0 | max|Y_boot|=1.405 (BOUNDED) | V_0=-0.582906 | n_star@t=0=[-2.4658203125, 0.0, -33.941650390625]
INFO PLAT_JUL29 DiffSolverV2 SAVED value fn to /home/vretiel/PycharmProjects/riskflow/artifacts/walk_forward/artifacts/walk_forward/driftless_gpu0/value_fn_202105_garch_s42.pt (V_0=-0.582906)
INFO PLAT_JUL29 DiffSolverV2 IN-SAMPLE vs OOS u(W_T): greedy IS=-0.53969 OOS=-0.45380 | textbook IS=-0.89593 OOS=-0.80706 (gap IS−OOS greedy=-0.08588 → overfit if large)
INFO PLAT_JUL29 DiffSolverV2 VERDICT (OUT-OF-SAMPLE rollout t=0→T over 1024 outer paths, start flat):
  policy    u(W_T)mean    W_T mean       W_T p5         W_T CVaR5
  greedy    -0.45380    +1.8464e+05   -7.4267e+05   -9.4740e+05
  textbook  -0.80706    +5.6918e+04   -8.2259e+05   -1.0115e+06
  nohedge   -1.06364    +6.2089e+04   -9.5432e+05   -1.1591e+06
  → on the OBJECTIVE E[u(W_T)]: beats no-hedge=True, beats textbook=True | tail(CVaR5) competitive w/ textbook=True
INFO PLAT_JUL29 DiffSolverV2 greedy positions: mean|q| per instrument=['6.05', '1.82', '15.57'] | q@t0=[-0.5615234375, 0.0, -33.184814453125] | q@mid=[-9.869384765625, -1.751708984375, -10.8642578125] (textbook q@t0=[-7.661025524139404, -7.457831859588623, -5.650947093963623])
INFO PLAT_JUL29 solve_hedge tracks: {'DiffSolverV2': -0.5829} | ladder holds=True
INFO PLAT_JUL29 === TRAIN 202105 seed=314 (fair=1217.45, strike=1209.45) ===
WARNING md_202104_garch_driftless Price Factor 'DiscountRate.USD-SOFR' not found in market data
INFO md_202104_garch_driftless Creating default Discount Factor(type='DiscountRate', name=('USD-SOFR',))
INFO PLAT_JUL29 liability scalars: total_leg_volume=2500.0 last_settlement_index=154
INFO PLAT_JUL29 utility_scale (symlog c) resolved to 957610.42
INFO PLAT_JUL29 DiffSolverV2 setup: n_hedge=3 active=[0, 1, 2] T_dec=125 (of 127 sim steps; last-live mtm=[-2]) B_outer=2048 levels=9 fit_iters=40 lr=0.002 | contract_size=[50.0, 50.0, 50.0] | q∈[[-50.0, -50.0, -50.0], [0.0, 0.0, 0.0]] total_abs_limit=50
INFO PLAT_JUL29 DiffSolverV2 inner forks: one_step=True (window {t, t+1} generation+pricing)
INFO PLAT_JUL29 DiffSolverV2 bank: market_dim=7 | swept W∈[-1.708e+06, 3.488e+06] mean=4.229e+04 std=5.727e+05 | q_rep(t=0)=[-7.6133904457092285, -7.196652889251709, -5.234362602233887]
INFO PLAT_JUL29 DiffSolverV2 action grid: K=165 actions (levels=9 ^ active=3)
INFO PLAT_JUL29 DiffSolverV2 C[t=124] fitted: val_loss=0.001168 |Y_boot|=1.316 |A|=0.01624 Y_mean=-0.782 q*_mean=['0.000', '-1.031', '-23.029']
INFO PLAT_JUL29 DiffSolverV2 C[t=123] fitted: val_loss=0.001077 |Y_boot|=1.317 |A|=0.03367 Y_mean=-0.7673 q*_mean=['0.000', '-1.337', '-22.668']
INFO PLAT_JUL29 DiffSolverV2 C[t=122] fitted: val_loss=0.001228 |Y_boot|=1.317 |A|=0.0541 Y_mean=-0.7495 q*_mean=['0.000', '-0.861', '-22.388']
INFO PLAT_JUL29 DiffSolverV2 C[t=121] fitted: val_loss=0.001316 |Y_boot|=1.316 |A|=0.06569 Y_mean=-0.7272 q*_mean=['0.000', '-1.093', '-22.583']
INFO PLAT_JUL29 DiffSolverV2 C[t=120] fitted: val_loss=0.001408 |Y_boot|=1.317 |A|=0.06848 Y_mean=-0.7169 q*_mean=['0.000', '-1.367', '-21.771']
INFO PLAT_JUL29 DiffSolverV2 C[t=119] fitted: val_loss=0.001284 |Y_boot|=1.316 |A|=0.07041 Y_mean=-0.7135 q*_mean=['0.000', '-1.624', '-21.796']
INFO PLAT_JUL29 DiffSolverV2 C[t=118] fitted: val_loss=0.001227 |Y_boot|=1.318 |A|=0.07164 Y_mean=-0.7134 q*_mean=['0.000', '-1.666', '-21.539']
INFO PLAT_JUL29 DiffSolverV2 C[t=117] fitted: val_loss=0.001305 |Y_boot|=1.319 |A|=0.07164 Y_mean=-0.7131 q*_mean=['0.000', '-1.556', '-21.259']
INFO PLAT_JUL29 DiffSolverV2 C[t=116] fitted: val_loss=0.001314 |Y_boot|=1.32 |A|=0.07076 Y_mean=-0.7135 q*_mean=['0.000', '-1.318', '-21.252']
INFO PLAT_JUL29 DiffSolverV2 C[t=115] fitted: val_loss=0.001285 |Y_boot|=1.319 |A|=0.07115 Y_mean=-0.7144 q*_mean=['0.000', '-1.562', '-21.063']
INFO PLAT_JUL29 DiffSolverV2 C[t=114] fitted: val_loss=0.001188 |Y_boot|=1.32 |A|=0.07292 Y_mean=-0.7144 q*_mean=['0.000', '-1.477', '-21.027']
INFO PLAT_JUL29 DiffSolverV2 C[t=113] fitted: val_loss=0.001723 |Y_boot|=1.316 |A|=0.07056 Y_mean=-0.7115 q*_mean=['0.000', '-1.849', '-21.350']
INFO PLAT_JUL29 DiffSolverV2 C[t=112] fitted: val_loss=0.001914 |Y_boot|=1.319 |A|=0.0698 Y_mean=-0.7152 q*_mean=['0.000', '-1.746', '-21.252']
INFO PLAT_JUL29 DiffSolverV2 C[t=111] fitted: val_loss=0.002324 |Y_boot|=1.318 |A|=0.06896 Y_mean=-0.7151 q*_mean=['0.000', '-1.904', '-21.045']
INFO PLAT_JUL29 DiffSolverV2 C[t=110] fitted: val_loss=0.002369 |Y_boot|=1.317 |A|=0.06869 Y_mean=-0.7147 q*_mean=['0.000', '-1.990', '-20.697']
INFO PLAT_JUL29 DiffSolverV2 C[t=109] fitted: val_loss=0.002094 |Y_boot|=1.316 |A|=0.06834 Y_mean=-0.7144 q*_mean=['0.000', '-2.014', '-20.752']
INFO PLAT_JUL29 DiffSolverV2 C[t=108] fitted: val_loss=0.002474 |Y_boot|=1.315 |A|=0.0684 Y_mean=-0.7147 q*_mean=['0.000', '-2.258', '-19.897']
INFO PLAT_JUL29 DiffSolverV2 C[t=107] fitted: val_loss=0.002864 |Y_boot|=1.318 |A|=0.06817 Y_mean=-0.717 q*_mean=['0.000', '-1.624', '-20.569']
INFO PLAT_JUL29 DiffSolverV2 C[t=106] fitted: val_loss=0.003495 |Y_boot|=1.319 |A|=0.0687 Y_mean=-0.7198 q*_mean=['0.000', '-1.849', '-20.276']
INFO PLAT_JUL29 DiffSolverV2 C[t=105] fitted: val_loss=0.003563 |Y_boot|=1.318 |A|=0.06821 Y_mean=-0.7177 q*_mean=['0.000', '-1.782', '-19.916']
INFO PLAT_JUL29 DiffSolverV2 C[t=104] fitted: val_loss=0.004364 |Y_boot|=1.319 |A|=0.06729 Y_mean=-0.7184 q*_mean=['0.000', '-2.081', '-19.781']
INFO PLAT_JUL29 DiffSolverV2 C[t=103] fitted: val_loss=0.004476 |Y_boot|=1.318 |A|=0.06724 Y_mean=-0.7191 q*_mean=['0.000', '-1.990', '-19.940']
INFO PLAT_JUL29 DiffSolverV2 C[t=102] fitted: val_loss=0.004225 |Y_boot|=1.318 |A|=0.06703 Y_mean=-0.7191 q*_mean=['0.000', '-1.562', '-19.958']
INFO PLAT_JUL29 DiffSolverV2 C[t=101] fitted: val_loss=0.006169 |Y_boot|=1.314 |A|=0.06643 Y_mean=-0.7147 q*_mean=['0.000', '-1.752', '-20.142']
INFO PLAT_JUL29 DiffSolverV2 C[t=100] fitted: val_loss=0.005738 |Y_boot|=1.311 |A|=0.0658 Y_mean=-0.713 q*_mean=['0.000', '-1.709', '-19.635']
INFO PLAT_JUL29 DiffSolverV2 C[t=99] fitted: val_loss=0.006936 |Y_boot|=1.311 |A|=0.06749 Y_mean=-0.7127 q*_mean=['0.000', '-1.898', '-20.142']
INFO PLAT_JUL29 DiffSolverV2 C[t=98] fitted: val_loss=0.007289 |Y_boot|=1.31 |A|=0.06796 Y_mean=-0.7074 q*_mean=['0.000', '-1.709', '-20.081']
INFO PLAT_JUL29 DiffSolverV2 C[t=97] fitted: val_loss=0.008895 |Y_boot|=1.312 |A|=0.0682 Y_mean=-0.7113 q*_mean=['0.000', '-2.124', '-19.568']
INFO PLAT_JUL29 DiffSolverV2 C[t=96] fitted: val_loss=0.009589 |Y_boot|=1.311 |A|=0.06725 Y_mean=-0.7103 q*_mean=['0.000', '-2.417', '-19.464']
INFO PLAT_JUL29 DiffSolverV2 C[t=95] fitted: val_loss=0.008245 |Y_boot|=1.309 |A|=0.06743 Y_mean=-0.7101 q*_mean=['0.000', '-2.313', '-19.305']
INFO PLAT_JUL29 DiffSolverV2 C[t=94] fitted: val_loss=0.008372 |Y_boot|=1.308 |A|=0.06767 Y_mean=-0.7085 q*_mean=['0.000', '-2.039', '-19.476']
INFO PLAT_JUL29 DiffSolverV2 C[t=93] fitted: val_loss=0.009246 |Y_boot|=1.305 |A|=0.0674 Y_mean=-0.7045 q*_mean=['0.000', '-2.271', '-19.379']
INFO PLAT_JUL29 DiffSolverV2 C[t=92] fitted: val_loss=0.01166 |Y_boot|=1.3 |A|=0.06693 Y_mean=-0.7 q*_mean=['0.000', '-2.252', '-19.818']
INFO PLAT_JUL29 DiffSolverV2 C[t=91] fitted: val_loss=0.01302 |Y_boot|=1.297 |A|=0.06586 Y_mean=-0.6999 q*_mean=['0.000', '-2.350', '-19.318']
INFO PLAT_JUL29 DiffSolverV2 C[t=90] fitted: val_loss=0.01173 |Y_boot|=1.297 |A|=0.06645 Y_mean=-0.6987 q*_mean=['0.000', '-1.990', '-19.043']
INFO PLAT_JUL29 DiffSolverV2 C[t=89] fitted: val_loss=0.01439 |Y_boot|=1.294 |A|=0.06714 Y_mean=-0.6966 q*_mean=['0.000', '-1.764', '-18.817']
INFO PLAT_JUL29 DiffSolverV2 C[t=88] fitted: val_loss=0.01314 |Y_boot|=1.291 |A|=0.06757 Y_mean=-0.6937 q*_mean=['-29.242', '-2.142', '-18.616']
INFO PLAT_JUL29 DiffSolverV2 C[t=87] fitted: val_loss=0.01226 |Y_boot|=1.297 |A|=0.06347 Y_mean=-0.7071 q*_mean=['-13.031', '-3.137', '-8.765']
INFO PLAT_JUL29 DiffSolverV2 C[t=86] fitted: val_loss=0.01049 |Y_boot|=1.295 |A|=0.05953 Y_mean=-0.7096 q*_mean=['-12.781', '-3.156', '-9.265']
INFO PLAT_JUL29 DiffSolverV2 C[t=85] fitted: val_loss=0.01325 |Y_boot|=1.293 |A|=0.06102 Y_mean=-0.7116 q*_mean=['-12.622', '-3.363', '-9.198']
INFO PLAT_JUL29 DiffSolverV2 C[t=84] fitted: val_loss=0.0136 |Y_boot|=1.292 |A|=0.06076 Y_mean=-0.7086 q*_mean=['-12.036', '-3.436', '-8.942']
INFO PLAT_JUL29 DiffSolverV2 C[t=83] fitted: val_loss=0.0129 |Y_boot|=1.288 |A|=0.06118 Y_mean=-0.7039 q*_mean=['-12.860', '-2.960', '-9.143']
INFO PLAT_JUL29 DiffSolverV2 C[t=82] fitted: val_loss=0.01054 |Y_boot|=1.284 |A|=0.05837 Y_mean=-0.6998 q*_mean=['-13.135', '-3.210', '-8.966']
INFO PLAT_JUL29 DiffSolverV2 C[t=81] fitted: val_loss=0.01269 |Y_boot|=1.279 |A|=0.05796 Y_mean=-0.6995 q*_mean=['-13.397', '-3.290', '-8.856']
INFO PLAT_JUL29 DiffSolverV2 C[t=80] fitted: val_loss=0.01265 |Y_boot|=1.277 |A|=0.05719 Y_mean=-0.6975 q*_mean=['-12.921', '-2.991', '-8.655']
INFO PLAT_JUL29 DiffSolverV2 C[t=79] fitted: val_loss=0.01148 |Y_boot|=1.272 |A|=0.05723 Y_mean=-0.6952 q*_mean=['-11.981', '-3.210', '-9.387']
INFO PLAT_JUL29 DiffSolverV2 C[t=78] fitted: val_loss=0.01119 |Y_boot|=1.268 |A|=0.05508 Y_mean=-0.6907 q*_mean=['-11.816', '-2.618', '-8.856']
INFO PLAT_JUL29 DiffSolverV2 C[t=77] fitted: val_loss=0.01142 |Y_boot|=1.258 |A|=0.05657 Y_mean=-0.6832 q*_mean=['-13.257', '-2.850', '-9.241']
INFO PLAT_JUL29 DiffSolverV2 C[t=76] fitted: val_loss=0.01226 |Y_boot|=1.257 |A|=0.05844 Y_mean=-0.6812 q*_mean=['-13.495', '-2.771', '-9.546']
INFO PLAT_JUL29 DiffSolverV2 C[t=75] fitted: val_loss=0.01384 |Y_boot|=1.258 |A|=0.05974 Y_mean=-0.6812 q*_mean=['-11.902', '-2.759', '-9.137']
INFO PLAT_JUL29 DiffSolverV2 C[t=74] fitted: val_loss=0.01201 |Y_boot|=1.255 |A|=0.06011 Y_mean=-0.6779 q*_mean=['-13.654', '-2.100', '-9.778']
INFO PLAT_JUL29 DiffSolverV2 C[t=73] fitted: val_loss=0.01191 |Y_boot|=1.254 |A|=0.06271 Y_mean=-0.6764 q*_mean=['-13.672', '-2.625', '-8.966']
INFO PLAT_JUL29 DiffSolverV2 C[t=72] fitted: val_loss=0.01242 |Y_boot|=1.256 |A|=0.06153 Y_mean=-0.6776 q*_mean=['-12.836', '-2.069', '-9.167']
INFO PLAT_JUL29 DiffSolverV2 C[t=71] fitted: val_loss=0.01198 |Y_boot|=1.255 |A|=0.06174 Y_mean=-0.6777 q*_mean=['-11.682', '-2.777', '-9.131']
INFO PLAT_JUL29 DiffSolverV2 C[t=70] fitted: val_loss=0.01077 |Y_boot|=1.256 |A|=0.06012 Y_mean=-0.6795 q*_mean=['-11.731', '-2.771', '-9.589']
INFO PLAT_JUL29 DiffSolverV2 C[t=69] fitted: val_loss=0.01071 |Y_boot|=1.253 |A|=0.06141 Y_mean=-0.6796 q*_mean=['-12.054', '-2.258', '-9.625']
INFO PLAT_JUL29 DiffSolverV2 C[t=68] fitted: val_loss=0.009932 |Y_boot|=1.252 |A|=0.05962 Y_mean=-0.6784 q*_mean=['-12.317', '-2.893', '-9.949']
INFO PLAT_JUL29 DiffSolverV2 C[t=67] fitted: val_loss=0.01326 |Y_boot|=1.254 |A|=0.06083 Y_mean=-0.6837 q*_mean=['-12.225', '-2.625', '-9.753']
INFO PLAT_JUL29 DiffSolverV2 C[t=66] fitted: val_loss=0.0132 |Y_boot|=1.25 |A|=0.05979 Y_mean=-0.6782 q*_mean=['-12.585', '-2.393', '-9.882']
INFO PLAT_JUL29 DiffSolverV2 C[t=65] fitted: val_loss=0.01146 |Y_boot|=1.247 |A|=0.05842 Y_mean=-0.6755 q*_mean=['-12.103', '-1.746', '-9.924']
INFO PLAT_JUL29 DiffSolverV2 C[t=64] fitted: val_loss=0.01167 |Y_boot|=1.252 |A|=0.05976 Y_mean=-0.6799 q*_mean=['-12.091', '-2.246', '-10.156']
INFO PLAT_JUL29 DiffSolverV2 C[t=63] fitted: val_loss=0.01022 |Y_boot|=1.248 |A|=0.061 Y_mean=-0.6752 q*_mean=['-11.499', '-2.277', '-9.851']
INFO PLAT_JUL29 DiffSolverV2 C[t=62] fitted: val_loss=0.01229 |Y_boot|=1.248 |A|=0.06136 Y_mean=-0.6739 q*_mean=['-11.902', '-1.923', '-10.199']
INFO PLAT_JUL29 DiffSolverV2 C[t=61] fitted: val_loss=0.01199 |Y_boot|=1.245 |A|=0.06034 Y_mean=-0.672 q*_mean=['-11.578', '-2.142', '-10.828']
INFO PLAT_JUL29 DiffSolverV2 C[t=60] fitted: val_loss=0.01157 |Y_boot|=1.241 |A|=0.06075 Y_mean=-0.6676 q*_mean=['-11.853', '-2.002', '-9.998']
INFO PLAT_JUL29 DiffSolverV2 C[t=59] fitted: val_loss=0.009828 |Y_boot|=1.237 |A|=0.05987 Y_mean=-0.6649 q*_mean=['-10.724', '-1.959', '-11.035']
INFO PLAT_JUL29 DiffSolverV2 C[t=58] fitted: val_loss=0.01195 |Y_boot|=1.238 |A|=0.06077 Y_mean=-0.6676 q*_mean=['-11.212', '-2.081', '-10.645']
INFO PLAT_JUL29 DiffSolverV2 C[t=57] fitted: val_loss=0.01066 |Y_boot|=1.238 |A|=0.05872 Y_mean=-0.6679 q*_mean=['-11.169', '-2.240', '-10.712']
INFO PLAT_JUL29 DiffSolverV2 C[t=56] fitted: val_loss=0.01059 |Y_boot|=1.237 |A|=0.0602 Y_mean=-0.6698 q*_mean=['-11.359', '-1.807', '-10.516']
INFO PLAT_JUL29 DiffSolverV2 C[t=55] fitted: val_loss=0.01043 |Y_boot|=1.235 |A|=0.05941 Y_mean=-0.6662 q*_mean=['-11.761', '-1.996', '-10.675']
INFO PLAT_JUL29 DiffSolverV2 C[t=54] fitted: val_loss=0.01072 |Y_boot|=1.23 |A|=0.0595 Y_mean=-0.6622 q*_mean=['-11.371', '-1.715', '-10.522']
INFO PLAT_JUL29 DiffSolverV2 C[t=53] fitted: val_loss=0.01385 |Y_boot|=1.225 |A|=0.05725 Y_mean=-0.6586 q*_mean=['-10.913', '-1.855', '-11.035']
INFO PLAT_JUL29 DiffSolverV2 C[t=52] fitted: val_loss=0.01201 |Y_boot|=1.225 |A|=0.0579 Y_mean=-0.6626 q*_mean=['-11.694', '-1.532', '-11.182']
INFO PLAT_JUL29 DiffSolverV2 C[t=51] fitted: val_loss=0.01116 |Y_boot|=1.22 |A|=0.05771 Y_mean=-0.6597 q*_mean=['-10.522', '-1.099', '-12.042']
INFO PLAT_JUL29 DiffSolverV2 C[t=50] fitted: val_loss=0.01179 |Y_boot|=1.217 |A|=0.0593 Y_mean=-0.6584 q*_mean=['-10.706', '-1.300', '-11.261']
INFO PLAT_JUL29 DiffSolverV2 C[t=49] fitted: val_loss=0.01105 |Y_boot|=1.215 |A|=0.05915 Y_mean=-0.6552 q*_mean=['-10.718', '-0.970', '-12.280']
INFO PLAT_JUL29 DiffSolverV2 C[t=48] fitted: val_loss=0.01346 |Y_boot|=1.215 |A|=0.05894 Y_mean=-0.6557 q*_mean=['-10.535', '-1.007', '-12.177']
INFO PLAT_JUL29 DiffSolverV2 C[t=47] fitted: val_loss=0.01651 |Y_boot|=1.216 |A|=0.0603 Y_mean=-0.6571 q*_mean=['-10.266', '-1.312', '-12.036']
INFO PLAT_JUL29 DiffSolverV2 C[t=46] fitted: val_loss=0.01436 |Y_boot|=1.212 |A|=0.06101 Y_mean=-0.6519 q*_mean=['-9.229', '-1.080', '-11.755']
INFO PLAT_JUL29 DiffSolverV2 C[t=45] fitted: val_loss=0.01336 |Y_boot|=1.208 |A|=0.05959 Y_mean=-0.6489 q*_mean=['-11.157', '-0.983', '-12.238']
INFO PLAT_JUL29 DiffSolverV2 C[t=44] fitted: val_loss=0.01185 |Y_boot|=1.201 |A|=0.06008 Y_mean=-0.6447 q*_mean=['-9.528', '-1.019', '-12.659']
INFO PLAT_JUL29 DiffSolverV2 C[t=43] fitted: val_loss=0.01466 |Y_boot|=1.208 |A|=0.05831 Y_mean=-0.6521 q*_mean=['-9.698', '-0.903', '-12.811']
INFO PLAT_JUL29 DiffSolverV2 C[t=42] fitted: val_loss=0.01435 |Y_boot|=1.207 |A|=0.06015 Y_mean=-0.6536 q*_mean=['-9.784', '-0.757', '-12.433']
INFO PLAT_JUL29 DiffSolverV2 C[t=41] fitted: val_loss=0.01169 |Y_boot|=1.207 |A|=0.06123 Y_mean=-0.6526 q*_mean=['-9.631', '-0.812', '-12.860']
INFO PLAT_JUL29 DiffSolverV2 C[t=40] fitted: val_loss=0.01124 |Y_boot|=1.207 |A|=0.05918 Y_mean=-0.6524 q*_mean=['-9.973', '-0.885', '-12.665']
INFO PLAT_JUL29 DiffSolverV2 C[t=39] fitted: val_loss=0.0128 |Y_boot|=1.204 |A|=0.05585 Y_mean=-0.6514 q*_mean=['-9.363', '-0.934', '-12.921']
INFO PLAT_JUL29 DiffSolverV2 C[t=38] fitted: val_loss=0.01289 |Y_boot|=1.2 |A|=0.05766 Y_mean=-0.6523 q*_mean=['-8.575', '-1.068', '-13.788']
INFO PLAT_JUL29 DiffSolverV2 C[t=37] fitted: val_loss=0.0117 |Y_boot|=1.2 |A|=0.06125 Y_mean=-0.65 q*_mean=['-8.130', '-0.922', '-13.123']
INFO PLAT_JUL29 DiffSolverV2 C[t=36] fitted: val_loss=0.0128 |Y_boot|=1.199 |A|=0.0639 Y_mean=-0.6453 q*_mean=['-8.929', '-1.123', '-13.678']
INFO PLAT_JUL29 DiffSolverV2 C[t=35] fitted: val_loss=0.01171 |Y_boot|=1.196 |A|=0.05978 Y_mean=-0.6416 q*_mean=['-7.880', '-0.580', '-13.458']
INFO PLAT_JUL29 DiffSolverV2 C[t=34] fitted: val_loss=0.01281 |Y_boot|=1.192 |A|=0.06067 Y_mean=-0.6431 q*_mean=['-7.904', '-0.793', '-13.470']
INFO PLAT_JUL29 DiffSolverV2 C[t=33] fitted: val_loss=0.01164 |Y_boot|=1.191 |A|=0.06036 Y_mean=-0.6415 q*_mean=['-8.569', '-0.641', '-13.770']
INFO PLAT_JUL29 DiffSolverV2 C[t=32] fitted: val_loss=0.01036 |Y_boot|=1.192 |A|=0.06189 Y_mean=-0.6437 q*_mean=['-8.881', '-0.671', '-13.556']
INFO PLAT_JUL29 DiffSolverV2 C[t=31] fitted: val_loss=0.012 |Y_boot|=1.19 |A|=0.06125 Y_mean=-0.6419 q*_mean=['-7.568', '-0.751', '-13.513']
INFO PLAT_JUL29 DiffSolverV2 C[t=30] fitted: val_loss=0.01311 |Y_boot|=1.189 |A|=0.06108 Y_mean=-0.6421 q*_mean=['-8.429', '-0.708', '-13.287']
INFO PLAT_JUL29 DiffSolverV2 C[t=29] fitted: val_loss=0.01176 |Y_boot|=1.189 |A|=0.06216 Y_mean=-0.6413 q*_mean=['-8.533', '-2.161', '-12.762']
INFO PLAT_JUL29 DiffSolverV2 C[t=28] fitted: val_loss=0.01032 |Y_boot|=1.189 |A|=0.06196 Y_mean=-0.6405 q*_mean=['-9.125', '-1.648', '-12.677']
INFO PLAT_JUL29 DiffSolverV2 C[t=27] fitted: val_loss=0.01344 |Y_boot|=1.186 |A|=0.06105 Y_mean=-0.6384 q*_mean=['-8.722', '-1.300', '-12.933']
INFO PLAT_JUL29 DiffSolverV2 C[t=26] fitted: val_loss=0.01072 |Y_boot|=1.185 |A|=0.0601 Y_mean=-0.6394 q*_mean=['-9.985', '-1.080', '-13.312']
INFO PLAT_JUL29 DiffSolverV2 C[t=25] fitted: val_loss=0.01009 |Y_boot|=1.187 |A|=0.06089 Y_mean=-0.6426 q*_mean=['-9.595', '-0.977', '-12.665']
INFO PLAT_JUL29 DiffSolverV2 C[t=24] fitted: val_loss=0.009457 |Y_boot|=1.184 |A|=0.06121 Y_mean=-0.6404 q*_mean=['-9.491', '-0.769', '-12.970']
INFO PLAT_JUL29 DiffSolverV2 C[t=23] fitted: val_loss=0.01121 |Y_boot|=1.183 |A|=0.06175 Y_mean=-0.6393 q*_mean=['-8.826', '-0.684', '-13.611']
INFO PLAT_JUL29 DiffSolverV2 C[t=22] fitted: val_loss=0.01066 |Y_boot|=1.181 |A|=0.06023 Y_mean=-0.6356 q*_mean=['-9.857', '-0.507', '-13.434']
INFO PLAT_JUL29 DiffSolverV2 C[t=21] fitted: val_loss=0.009747 |Y_boot|=1.178 |A|=0.06103 Y_mean=-0.6337 q*_mean=['-10.022', '-0.745', '-13.245']
INFO PLAT_JUL29 DiffSolverV2 C[t=20] fitted: val_loss=0.01085 |Y_boot|=1.177 |A|=0.0599 Y_mean=-0.6318 q*_mean=['-10.181', '-0.385', '-13.953']
INFO PLAT_JUL29 DiffSolverV2 C[t=19] fitted: val_loss=0.01107 |Y_boot|=1.177 |A|=0.05981 Y_mean=-0.6314 q*_mean=['-11.230', '-0.214', '-13.483']
INFO PLAT_JUL29 DiffSolverV2 C[t=18] fitted: val_loss=0.01206 |Y_boot|=1.173 |A|=0.06219 Y_mean=-0.6285 q*_mean=['-11.511', '-0.195', '-13.654']
INFO PLAT_JUL29 DiffSolverV2 C[t=17] fitted: val_loss=0.0108 |Y_boot|=1.175 |A|=0.06185 Y_mean=-0.6287 q*_mean=['-12.231', '-0.128', '-14.020']
INFO PLAT_JUL29 DiffSolverV2 C[t=16] fitted: val_loss=0.0109 |Y_boot|=1.176 |A|=0.06198 Y_mean=-0.6308 q*_mean=['-12.476', '-0.067', '-14.221']
INFO PLAT_JUL29 DiffSolverV2 C[t=15] fitted: val_loss=0.01284 |Y_boot|=1.173 |A|=0.06479 Y_mean=-0.6282 q*_mean=['-14.233', '0.000', '-13.690']
INFO PLAT_JUL29 DiffSolverV2 C[t=14] fitted: val_loss=0.01149 |Y_boot|=1.171 |A|=0.06472 Y_mean=-0.6256 q*_mean=['-14.099', '0.000', '-13.928']
INFO PLAT_JUL29 DiffSolverV2 C[t=13] fitted: val_loss=0.01214 |Y_boot|=1.173 |A|=0.06582 Y_mean=-0.6273 q*_mean=['-17.035', '-0.049', '-14.050']
INFO PLAT_JUL29 DiffSolverV2 C[t=12] fitted: val_loss=0.01118 |Y_boot|=1.171 |A|=0.06427 Y_mean=-0.6227 q*_mean=['-17.352', '-0.049', '-13.965']
INFO PLAT_JUL29 DiffSolverV2 C[t=11] fitted: val_loss=0.01243 |Y_boot|=1.176 |A|=0.06122 Y_mean=-0.6294 q*_mean=['-19.196', '-0.568', '-13.147']
INFO PLAT_JUL29 DiffSolverV2 C[t=10] fitted: val_loss=0.01193 |Y_boot|=1.174 |A|=0.05989 Y_mean=-0.63 q*_mean=['-15.137', '-7.355', '-12.927']
INFO PLAT_JUL29 DiffSolverV2 C[t=9] fitted: val_loss=0.01204 |Y_boot|=1.17 |A|=0.05858 Y_mean=-0.6279 q*_mean=['-3.015', '-22.363', '-11.584']
INFO PLAT_JUL29 DiffSolverV2 C[t=8] fitted: val_loss=0.01262 |Y_boot|=1.162 |A|=0.05739 Y_mean=-0.6204 q*_mean=['-2.264', '-25.781', '-7.953']
INFO PLAT_JUL29 DiffSolverV2 C[t=7] fitted: val_loss=0.0106 |Y_boot|=1.161 |A|=0.05887 Y_mean=-0.6175 q*_mean=['-2.515', '-26.105', '-4.724']
INFO PLAT_JUL29 DiffSolverV2 C[t=6] fitted: val_loss=0.01266 |Y_boot|=1.157 |A|=0.06128 Y_mean=-0.6107 q*_mean=['-3.192', '-18.677', '-12.427']
INFO PLAT_JUL29 DiffSolverV2 C[t=5] fitted: val_loss=0.01202 |Y_boot|=1.153 |A|=0.06454 Y_mean=-0.6018 q*_mean=['-2.545', '-2.325', '-29.260']
INFO PLAT_JUL29 DiffSolverV2 C[t=4] fitted: val_loss=0.01454 |Y_boot|=1.151 |A|=0.06809 Y_mean=-0.5923 q*_mean=['-2.563', '-0.818', '-31.244']
INFO PLAT_JUL29 DiffSolverV2 C[t=3] fitted: val_loss=0.01413 |Y_boot|=1.146 |A|=0.07027 Y_mean=-0.5809 q*_mean=['-2.820', '-0.385', '-32.147']
INFO PLAT_JUL29 DiffSolverV2 C[t=2] fitted: val_loss=0.01366 |Y_boot|=1.144 |A|=0.07197 Y_mean=-0.5727 q*_mean=['-2.637', '-0.208', '-32.574']
INFO PLAT_JUL29 DiffSolverV2 C[t=1] fitted: val_loss=0.01784 |Y_boot|=1.136 |A|=0.07306 Y_mean=-0.5607 q*_mean=['-2.466', '-0.073', '-33.057']
INFO PLAT_JUL29 DiffSolverV2 C[t=0] fitted: val_loss=0.02245 |Y_boot|=1.128 |A|=0.07356 Y_mean=-0.547 q*_mean=['-2.136', '0.000', '-33.087']
INFO PLAT_JUL29 DiffSolverV2 sweep complete: t=124→0 | max|Y_boot|=1.32 (BOUNDED) | V_0=-0.546986 | n_star@t=0=[-2.13623046875, 0.0, -33.087158203125]
INFO PLAT_JUL29 DiffSolverV2 SAVED value fn to /home/vretiel/PycharmProjects/riskflow/artifacts/walk_forward/artifacts/walk_forward/driftless_gpu0/value_fn_202105_garch_s314.pt (V_0=-0.546986)
INFO PLAT_JUL29 DiffSolverV2 IN-SAMPLE vs OOS u(W_T): greedy IS=-0.47417 OOS=-0.41413 | textbook IS=-0.79791 OOS=-0.77104 (gap IS−OOS greedy=-0.06004 → overfit if large)
INFO PLAT_JUL29 DiffSolverV2 VERDICT (OUT-OF-SAMPLE rollout t=0→T over 1024 outer paths, start flat):
  policy    u(W_T)mean    W_T mean       W_T p5         W_T CVaR5
  greedy    -0.41413    +1.7261e+05   -7.2696e+05   -9.1369e+05
  textbook  -0.77104    +3.8889e+04   -8.0802e+05   -9.6490e+05
  nohedge   -1.02259    +4.0760e+04   -9.2784e+05   -1.0853e+06
  → on the OBJECTIVE E[u(W_T)]: beats no-hedge=True, beats textbook=True | tail(CVaR5) competitive w/ textbook=True
INFO PLAT_JUL29 DiffSolverV2 greedy positions: mean|q| per instrument=['5.76', '1.77', '16.13'] | q@t0=[-0.9033203125, 0.0, -32.135009765625] | q@mid=[-9.906005859375, -1.40380859375, -12.01171875] (textbook q@t0=[-7.6133904457092285, -7.196652889251709, -5.234362602233887])
INFO PLAT_JUL29 solve_hedge tracks: {'DiffSolverV2': -0.547} | ladder holds=True
INFO PLAT_JUL29 === ROLL 202105 (stepper, realized path, 3-seed ensemble, inner=512) ===
WARNING md_202104_garch_driftless Price Factor 'DiscountRate.USD-SOFR' not found in market data
INFO md_202104_garch_driftless Creating default Discount Factor(type='DiscountRate', name=('USD-SOFR',))
INFO PLAT_JUL29 Observed_Scenario substituted 2 factor(s): ['CommodityPrice.PLATINUM_CME', 'CommodityBasis.LME_CME']
INFO PLAT_JUL29 liability scalars: total_leg_volume=2500.0 last_settlement_index=154
INFO PLAT_JUL29 utility_scale (symlog c) resolved to 452892.53
INFO PLAT_JUL29 DiffSolverV2 setup: n_hedge=3 active=[0, 1, 2] T_dec=125 (of 127 sim steps; last-live mtm=[-2]) B_outer=1 levels=9 fit_iters=60 lr=0.002 | contract_size=[50.0, 50.0, 50.0] | q∈[[-50.0, -50.0, -50.0], [0.0, 0.0, 0.0]] total_abs_limit=50
INFO PLAT_JUL29 DiffSolverV2 inner forks: one_step=True (window {t, t+1} generation+pricing)
/home/vretiel/PycharmProjects/riskflow/riskflow/hedge_solver.py:625: UserWarning: var(): degrees of freedom is <= 0. Correction should be strictly less than the reduction factor (input numel divided by output numel). (Triggered internally at /pytorch/aten/src/ATen/native/ReduceOps.cpp:1839.)
  var = dF.var()
INFO PLAT_JUL29 DiffSolverV2 bank: market_dim=7 | swept W∈[-4.937e+05, 1.357e+05] mean=-2.238e+05 std=1.702e+05 | q_rep(t=0)=[0.0, 0.0, 0.0]
INFO PLAT_JUL29 DiffSolverV2 LOADED value fn from /home/vretiel/PycharmProjects/riskflow/artifacts/walk_forward/artifacts/walk_forward/driftless_gpu0/value_fn_202105_garch_s7.pt (train V_0=-0.589695) | eval-world market drift vs train frame: max 0.592 σ | utility_scale 959392
INFO PLAT_JUL29 DiffSolverV2 LOADED value fn from /home/vretiel/PycharmProjects/riskflow/artifacts/walk_forward/artifacts/walk_forward/driftless_gpu0/value_fn_202105_garch_s42.pt (train V_0=-0.582906) | eval-world market drift vs train frame: max 0.649 σ | utility_scale 941614
INFO PLAT_JUL29 DiffSolverV2 LOADED value fn from /home/vretiel/PycharmProjects/riskflow/artifacts/walk_forward/artifacts/walk_forward/driftless_gpu0/value_fn_202105_garch_s314.pt (train V_0=-0.546986) | eval-world market drift vs train frame: max 0.694 σ | utility_scale 957610
WARNING PLAT_JUL29 DiffSolverV2 ensemble utility_scale spread 1.85% — members trained against different anchors; averaging is approximate
INFO PLAT_JUL29 DiffSolverV2 action grid: K=165 actions (levels=9 ^ active=3)
INFO PLAT_JUL29 DiffSolverV2 ENSEMBLE argmax over 3 value fns
INFO PLAT_JUL29 DiffSolverV2 STEPPER ROLLOUT (frozen policy, realized path, real accounting):
  greedy   wT=-3.2186e+05 p5=-3.2186e+05 cvar5=-3.2186e+05
  textbook wT=-4.9538e+05 p5=-4.9538e+05 cvar5=-4.9538e+05
  nohedge  wT=-4.9538e+05 p5=-4.9538e+05 cvar5=-4.9538e+05
INFO PLAT_JUL29 DiffSolverV2 VERDICT (OUT-OF-SAMPLE rollout t=0→T over 1 outer paths, start flat):
  policy    u(W_T)mean    W_T mean       W_T p5         W_T CVaR5
  greedy    -1.12818    -3.4134e+05   -3.4134e+05   -3.4134e+05
  textbook  -2.14157    -4.9538e+05   -4.9538e+05   -4.9538e+05
  nohedge   -2.14157    -4.9538e+05   -4.9538e+05   -4.9538e+05
  → on the OBJECTIVE E[u(W_T)]: beats no-hedge=True, beats textbook=True | tail(CVaR5) competitive w/ textbook=True
INFO PLAT_JUL29 DiffSolverV2 greedy positions: mean|q| per instrument=['5.25', '3.00', '18.65'] | q@t0=[0.0, 0.0, -25.0] | q@mid=[-12.5, -6.25, 0.0] (textbook q@t0=[0.0, 0.0, 0.0])
INFO PLAT_JUL29 solve_hedge tracks: {'DiffSolverV2': -0.5897} | ladder holds=True
INFO PLAT_JUL29 === TRAIN 202105 seed=7 SKIP (checkpoint exists) ===
INFO PLAT_JUL29 === TRAIN 202105 seed=42 SKIP (checkpoint exists) ===
INFO PLAT_JUL29 === TRAIN 202105 seed=314 SKIP (checkpoint exists) ===
INFO PLAT_JUL29 === ROLL 202105 (stepper, realized path, 3-seed ensemble, inner=512) ===
WARNING md_202104_garch_driftless Price Factor 'DiscountRate.USD-SOFR' not found in market data
INFO md_202104_garch_driftless Creating default Discount Factor(type='DiscountRate', name=('USD-SOFR',))
INFO PLAT_JUL29 Observed_Scenario substituted 2 factor(s): ['CommodityPrice.PLATINUM_CME', 'CommodityBasis.LME_CME']
INFO PLAT_JUL29 liability scalars: total_leg_volume=2500.0 last_settlement_index=154
INFO PLAT_JUL29 utility_scale (symlog c) resolved to 452892.53
INFO PLAT_JUL29 DiffSolverV2 setup: n_hedge=3 active=[0, 1, 2] T_dec=125 (of 127 sim steps; last-live mtm=[-2]) B_outer=1 levels=9 fit_iters=60 lr=0.002 | contract_size=[50.0, 50.0, 50.0] | q∈[[-50.0, -50.0, -50.0], [0.0, 0.0, 0.0]] total_abs_limit=50
INFO PLAT_JUL29 DiffSolverV2 inner forks: one_step=True (window {t, t+1} generation+pricing)
INFO PLAT_JUL29 DiffSolverV2 bank IN Total_Position_Schedule (post-projection): residual frac(Σq outside corridor) min=0.000 mean=0.000 max=0.000 | worst t=0 corridor=[-50, -42.5] bank Σq∈[-42.5, -42.5] frac_oob=0.000 (≈0 ⇒ projection clean)
INFO PLAT_JUL29 DiffSolverV2 bank: market_dim=7 | swept W∈[-7.257e+04, 2.333e+05] mean=2.693e+04 std=5.693e+04 | q_rep(t=0)=[0.0, 0.0, 0.0]
INFO PLAT_JUL29 DiffV2_Load_Value_Fn: /home/vretiel/PycharmProjects/riskflow/artifacts/walk_forward/artifacts/walk_forward/driftless_gpu0/b015_202105/value_fn_202105_garch_s7.pt trained corridor-free (widest wealth support); rolling under a Total_Position_Schedule only restricts to a learned subset — valid.
INFO PLAT_JUL29 DiffSolverV2 LOADED value fn from /home/vretiel/PycharmProjects/riskflow/artifacts/walk_forward/artifacts/walk_forward/driftless_gpu0/b015_202105/value_fn_202105_garch_s7.pt (train V_0=-0.589695) | eval-world market drift vs train frame: max 0.592 σ | utility_scale 959392
INFO PLAT_JUL29 DiffV2_Load_Value_Fn: /home/vretiel/PycharmProjects/riskflow/artifacts/walk_forward/artifacts/walk_forward/driftless_gpu0/b015_202105/value_fn_202105_garch_s42.pt trained corridor-free (widest wealth support); rolling under a Total_Position_Schedule only restricts to a learned subset — valid.
INFO PLAT_JUL29 DiffSolverV2 LOADED value fn from /home/vretiel/PycharmProjects/riskflow/artifacts/walk_forward/artifacts/walk_forward/driftless_gpu0/b015_202105/value_fn_202105_garch_s42.pt (train V_0=-0.582906) | eval-world market drift vs train frame: max 0.649 σ | utility_scale 941614
INFO PLAT_JUL29 DiffV2_Load_Value_Fn: /home/vretiel/PycharmProjects/riskflow/artifacts/walk_forward/artifacts/walk_forward/driftless_gpu0/b015_202105/value_fn_202105_garch_s314.pt trained corridor-free (widest wealth support); rolling under a Total_Position_Schedule only restricts to a learned subset — valid.
INFO PLAT_JUL29 DiffSolverV2 LOADED value fn from /home/vretiel/PycharmProjects/riskflow/artifacts/walk_forward/artifacts/walk_forward/driftless_gpu0/b015_202105/value_fn_202105_garch_s314.pt (train V_0=-0.546986) | eval-world market drift vs train frame: max 0.694 σ | utility_scale 957610
WARNING PLAT_JUL29 DiffSolverV2 ensemble utility_scale spread 1.85% — members trained against different anchors; averaging is approximate
INFO PLAT_JUL29 DiffSolverV2 action grid: K=165 actions (levels=9 ^ active=3)
INFO PLAT_JUL29 DiffSolverV2 ENSEMBLE argmax over 3 value fns
INFO PLAT_JUL29 DiffSolverV2 STEPPER ROLLOUT (frozen policy, realized path, real accounting):
  greedy   wT=+6.4977e+03 p5=+6.4977e+03 cvar5=+6.4977e+03
  textbook wT=-4.0623e+04 p5=-4.0623e+04 cvar5=-4.0623e+04
  nohedge  wT=-4.9538e+05 p5=-4.9538e+05 cvar5=-4.9538e+05
INFO PLAT_JUL29 DiffSolverV2 VERDICT (OUT-OF-SAMPLE rollout t=0→T over 1 outer paths, start flat):
  policy    u(W_T)mean    W_T mean       W_T p5         W_T CVaR5
  greedy    +0.00243    +2.3165e+03   +2.3165e+03   +2.3165e+03
  textbook  -0.04201    -3.3124e+04   -3.3124e+04   -3.3124e+04
  nohedge   -2.14157    -4.9538e+05   -4.9538e+05   -4.9538e+05
  → on the OBJECTIVE E[u(W_T)]: beats no-hedge=True, beats textbook=True | tail(CVaR5) competitive w/ textbook=True
INFO PLAT_JUL29 DiffSolverV2 greedy positions: mean|q| per instrument=['0.00', '0.00', '38.65'] | q@t0=[0.0, 0.0, -43.75] | q@mid=[0.0, 0.0, -43.75] (textbook q@t0=[0.0, 0.0, 0.0])
INFO PLAT_JUL29 solve_hedge tracks: {'DiffSolverV2': -0.5897} | ladder holds=True
INFO PLAT_JUL29 JOB 202105 DONE: greedy_free=-128.74 greedy_015=2.6 u_pre_free=0.4615 u_pre_015=0.875 PASS=True breaches=0 churn_015=50.0 train_u=[-0.4416, -0.4538, -0.4141]
INFO PLAT_JUL29 === ARM B 202106 DRIFTLESS retrain: md=md_202104_garch_driftless.json Convexity=Yes (omega=1.839e-06 alpha=0.0374 beta=0.9541 nu=7.49 H0=3.788e-04) ===
INFO PLAT_JUL29 === TRAIN 202106 seed=7 (fair=1180.70, strike=1172.70) ===
WARNING md_202104_garch_driftless Price Factor 'DiscountRate.USD-SOFR' not found in market data
INFO md_202104_garch_driftless Creating default Discount Factor(type='DiscountRate', name=('USD-SOFR',))
INFO PLAT_JUL29 liability scalars: total_leg_volume=2500.0 last_settlement_index=155
INFO PLAT_JUL29 utility_scale (symlog c) resolved to 929678.01
INFO PLAT_JUL29 DiffSolverV2 setup: n_hedge=3 active=[0, 1, 2] T_dec=126 (of 128 sim steps; last-live mtm=[-2]) B_outer=2048 levels=9 fit_iters=40 lr=0.002 | contract_size=[50.0, 50.0, 50.0] | q∈[[-50.0, -50.0, -50.0], [0.0, 0.0, 0.0]] total_abs_limit=50
INFO PLAT_JUL29 DiffSolverV2 inner forks: one_step=True (window {t, t+1} generation+pricing)
INFO PLAT_JUL29 DiffSolverV2 bank: market_dim=7 | swept W∈[-1.427e+06, 2.793e+06] mean=3.749e+04 std=5.401e+05 | q_rep(t=0)=[-7.246669769287109, -7.225348472595215, -6.70875883102417]
INFO PLAT_JUL29 DiffSolverV2 action grid: K=165 actions (levels=9 ^ active=3)
INFO PLAT_JUL29 DiffSolverV2 C[t=125] fitted: val_loss=2.401e-05 |Y_boot|=1.368 |A|=0.0005382 Y_mean=-0.8491 q*_mean=['0.000', '-6.415', '-14.355']
INFO PLAT_JUL29 DiffSolverV2 C[t=124] fitted: val_loss=1.747e-05 |Y_boot|=1.368 |A|=0.0007829 Y_mean=-0.8487 q*_mean=['0.000', '-6.299', '-13.855']
INFO PLAT_JUL29 DiffSolverV2 C[t=123] fitted: val_loss=1.654e-05 |Y_boot|=1.369 |A|=0.001017 Y_mean=-0.8499 q*_mean=['0.000', '-6.903', '-13.324']
INFO PLAT_JUL29 DiffSolverV2 C[t=122] fitted: val_loss=2.755 |Y_boot|=1.413 |A|=0.0796 Y_mean=+0.1505 q*_mean=['0.000', '0.000', '-26.709']
INFO PLAT_JUL29 DiffSolverV2 C[t=121] fitted: val_loss=0.5196 |Y_boot|=1.25 |A|=0.07845 Y_mean=-0.4077 q*_mean=['0.000', '-0.079', '-26.086']
INFO PLAT_JUL29 DiffSolverV2 C[t=120] fitted: val_loss=0.2173 |Y_boot|=1.27 |A|=0.0778 Y_mean=-0.5399 q*_mean=['0.000', '-0.250', '-26.080']
INFO PLAT_JUL29 DiffSolverV2 C[t=119] fitted: val_loss=0.1109 |Y_boot|=1.296 |A|=0.07722 Y_mean=-0.6067 q*_mean=['0.000', '-0.305', '-26.086']
INFO PLAT_JUL29 DiffSolverV2 C[t=118] fitted: val_loss=0.06803 |Y_boot|=1.311 |A|=0.07657 Y_mean=-0.6462 q*_mean=['0.000', '-0.281', '-25.452']
INFO PLAT_JUL29 DiffSolverV2 C[t=117] fitted: val_loss=0.04467 |Y_boot|=1.323 |A|=0.07648 Y_mean=-0.672 q*_mean=['0.000', '-0.385', '-26.111']
INFO PLAT_JUL29 DiffSolverV2 C[t=116] fitted: val_loss=0.03161 |Y_boot|=1.329 |A|=0.07602 Y_mean=-0.6874 q*_mean=['0.000', '-0.226', '-25.659']
INFO PLAT_JUL29 DiffSolverV2 C[t=115] fitted: val_loss=0.02372 |Y_boot|=1.335 |A|=0.07496 Y_mean=-0.7009 q*_mean=['0.000', '-0.446', '-24.304']
INFO PLAT_JUL29 DiffSolverV2 C[t=114] fitted: val_loss=0.01857 |Y_boot|=1.339 |A|=0.07464 Y_mean=-0.7103 q*_mean=['0.000', '-0.745', '-24.408']
INFO PLAT_JUL29 DiffSolverV2 C[t=113] fitted: val_loss=0.01502 |Y_boot|=1.341 |A|=0.07421 Y_mean=-0.7158 q*_mean=['0.000', '-0.531', '-24.115']
INFO PLAT_JUL29 DiffSolverV2 C[t=112] fitted: val_loss=0.01191 |Y_boot|=1.343 |A|=0.07521 Y_mean=-0.7209 q*_mean=['0.000', '-0.623', '-24.066']
INFO PLAT_JUL29 DiffSolverV2 C[t=111] fitted: val_loss=0.01172 |Y_boot|=1.342 |A|=0.0731 Y_mean=-0.7204 q*_mean=['0.000', '-0.916', '-24.054']
INFO PLAT_JUL29 DiffSolverV2 C[t=110] fitted: val_loss=0.009817 |Y_boot|=1.341 |A|=0.07288 Y_mean=-0.7249 q*_mean=['0.000', '-0.684', '-23.883']
INFO PLAT_JUL29 DiffSolverV2 C[t=109] fitted: val_loss=0.008256 |Y_boot|=1.343 |A|=0.07283 Y_mean=-0.7283 q*_mean=['0.000', '-1.263', '-23.657']
INFO PLAT_JUL29 DiffSolverV2 C[t=108] fitted: val_loss=0.007631 |Y_boot|=1.342 |A|=0.07207 Y_mean=-0.7311 q*_mean=['0.000', '-1.154', '-23.315']
INFO PLAT_JUL29 DiffSolverV2 C[t=107] fitted: val_loss=0.008502 |Y_boot|=1.344 |A|=0.07225 Y_mean=-0.7346 q*_mean=['0.000', '-1.239', '-23.224']
INFO PLAT_JUL29 DiffSolverV2 C[t=106] fitted: val_loss=0.007377 |Y_boot|=1.347 |A|=0.07153 Y_mean=-0.7369 q*_mean=['0.000', '-1.196', '-23.596']
INFO PLAT_JUL29 DiffSolverV2 C[t=105] fitted: val_loss=0.00818 |Y_boot|=1.347 |A|=0.07143 Y_mean=-0.7384 q*_mean=['0.000', '-0.818', '-24.298']
INFO PLAT_JUL29 DiffSolverV2 C[t=104] fitted: val_loss=0.00843 |Y_boot|=1.348 |A|=0.07112 Y_mean=-0.7429 q*_mean=['0.000', '-1.166', '-23.712']
INFO PLAT_JUL29 DiffSolverV2 C[t=103] fitted: val_loss=0.01333 |Y_boot|=1.352 |A|=0.0709 Y_mean=-0.7469 q*_mean=['0.000', '-1.202', '-23.993']
INFO PLAT_JUL29 DiffSolverV2 C[t=102] fitted: val_loss=0.008554 |Y_boot|=1.35 |A|=0.0695 Y_mean=-0.7476 q*_mean=['0.000', '-1.727', '-23.608']
INFO PLAT_JUL29 DiffSolverV2 C[t=101] fitted: val_loss=0.009097 |Y_boot|=1.349 |A|=0.07027 Y_mean=-0.7495 q*_mean=['0.000', '-1.288', '-23.615']
INFO PLAT_JUL29 DiffSolverV2 C[t=100] fitted: val_loss=0.007495 |Y_boot|=1.349 |A|=0.07053 Y_mean=-0.7485 q*_mean=['0.000', '-1.471', '-23.749']
INFO PLAT_JUL29 DiffSolverV2 C[t=99] fitted: val_loss=0.008591 |Y_boot|=1.352 |A|=0.06957 Y_mean=-0.7506 q*_mean=['0.000', '-1.245', '-23.309']
INFO PLAT_JUL29 DiffSolverV2 C[t=98] fitted: val_loss=0.009237 |Y_boot|=1.359 |A|=0.07023 Y_mean=-0.7596 q*_mean=['0.000', '-2.039', '-22.858']
INFO PLAT_JUL29 DiffSolverV2 C[t=97] fitted: val_loss=0.01204 |Y_boot|=1.36 |A|=0.06956 Y_mean=-0.7606 q*_mean=['0.000', '-2.350', '-23.090']
INFO PLAT_JUL29 DiffSolverV2 C[t=96] fitted: val_loss=0.01423 |Y_boot|=1.36 |A|=0.06867 Y_mean=-0.76 q*_mean=['0.000', '-2.161', '-22.375']
INFO PLAT_JUL29 DiffSolverV2 C[t=95] fitted: val_loss=0.01085 |Y_boot|=1.356 |A|=0.06841 Y_mean=-0.7592 q*_mean=['0.000', '-1.886', '-22.229']
INFO PLAT_JUL29 DiffSolverV2 C[t=94] fitted: val_loss=0.01163 |Y_boot|=1.351 |A|=0.06783 Y_mean=-0.7561 q*_mean=['0.000', '-1.709', '-22.589']
INFO PLAT_JUL29 DiffSolverV2 C[t=93] fitted: val_loss=0.01224 |Y_boot|=1.352 |A|=0.06895 Y_mean=-0.7572 q*_mean=['0.000', '-1.758', '-22.278']
INFO PLAT_JUL29 DiffSolverV2 C[t=92] fitted: val_loss=0.01386 |Y_boot|=1.348 |A|=0.06831 Y_mean=-0.7522 q*_mean=['0.000', '-2.118', '-22.186']
INFO PLAT_JUL29 DiffSolverV2 C[t=91] fitted: val_loss=0.01386 |Y_boot|=1.342 |A|=0.0684 Y_mean=-0.7479 q*_mean=['0.000', '-2.509', '-22.046']
INFO PLAT_JUL29 DiffSolverV2 C[t=90] fitted: val_loss=0.01576 |Y_boot|=1.339 |A|=0.06808 Y_mean=-0.7458 q*_mean=['0.000', '-2.026', '-21.979']
INFO PLAT_JUL29 DiffSolverV2 C[t=89] fitted: val_loss=0.01416 |Y_boot|=1.338 |A|=0.06882 Y_mean=-0.7443 q*_mean=['0.000', '-1.874', '-22.034']
INFO PLAT_JUL29 DiffSolverV2 C[t=88] fitted: val_loss=0.01649 |Y_boot|=1.334 |A|=0.06859 Y_mean=-0.7402 q*_mean=['0.000', '-1.904', '-22.064']
INFO PLAT_JUL29 DiffSolverV2 C[t=87] fitted: val_loss=0.01855 |Y_boot|=1.329 |A|=0.06905 Y_mean=-0.7376 q*_mean=['0.000', '-2.405', '-21.820']
INFO PLAT_JUL29 DiffSolverV2 C[t=86] fitted: val_loss=0.01651 |Y_boot|=1.333 |A|=0.0682 Y_mean=-0.7437 q*_mean=['0.000', '-1.965', '-21.558']
INFO PLAT_JUL29 DiffSolverV2 C[t=85] fitted: val_loss=0.01504 |Y_boot|=1.332 |A|=0.06693 Y_mean=-0.7426 q*_mean=['0.000', '-2.502', '-21.478']
INFO PLAT_JUL29 DiffSolverV2 C[t=84] fitted: val_loss=0.01375 |Y_boot|=1.328 |A|=0.06576 Y_mean=-0.7412 q*_mean=['0.000', '-2.478', '-21.344']
INFO PLAT_JUL29 DiffSolverV2 C[t=83] fitted: val_loss=0.01307 |Y_boot|=1.327 |A|=0.06647 Y_mean=-0.7401 q*_mean=['0.000', '-2.307', '-21.033']
INFO PLAT_JUL29 DiffSolverV2 C[t=82] fitted: val_loss=0.01296 |Y_boot|=1.325 |A|=0.06603 Y_mean=-0.7407 q*_mean=['0.000', '-2.649', '-21.246']
INFO PLAT_JUL29 DiffSolverV2 C[t=81] fitted: val_loss=0.01569 |Y_boot|=1.316 |A|=0.06611 Y_mean=-0.7337 q*_mean=['0.000', '-2.289', '-21.100']
INFO PLAT_JUL29 DiffSolverV2 C[t=80] fitted: val_loss=0.01472 |Y_boot|=1.309 |A|=0.06643 Y_mean=-0.7269 q*_mean=['0.000', '-1.843', '-21.332']
INFO PLAT_JUL29 DiffSolverV2 C[t=79] fitted: val_loss=0.01305 |Y_boot|=1.307 |A|=0.06663 Y_mean=-0.7226 q*_mean=['0.000', '-2.063', '-20.575']
INFO PLAT_JUL29 DiffSolverV2 C[t=78] fitted: val_loss=0.01516 |Y_boot|=1.302 |A|=0.06625 Y_mean=-0.7179 q*_mean=['0.000', '-2.380', '-20.538']
INFO PLAT_JUL29 DiffSolverV2 C[t=77] fitted: val_loss=0.01487 |Y_boot|=1.3 |A|=0.0665 Y_mean=-0.7183 q*_mean=['0.000', '-2.698', '-20.294']
INFO PLAT_JUL29 DiffSolverV2 C[t=76] fitted: val_loss=0.01511 |Y_boot|=1.299 |A|=0.06686 Y_mean=-0.7175 q*_mean=['0.000', '-2.515', '-20.197']
INFO PLAT_JUL29 DiffSolverV2 C[t=75] fitted: val_loss=0.01508 |Y_boot|=1.293 |A|=0.06776 Y_mean=-0.7115 q*_mean=['0.000', '-1.910', '-20.331']
INFO PLAT_JUL29 DiffSolverV2 C[t=74] fitted: val_loss=0.01292 |Y_boot|=1.289 |A|=0.06599 Y_mean=-0.7084 q*_mean=['0.000', '-2.539', '-19.775']
INFO PLAT_JUL29 DiffSolverV2 C[t=73] fitted: val_loss=0.01128 |Y_boot|=1.281 |A|=0.0668 Y_mean=-0.7039 q*_mean=['0.000', '-2.563', '-19.305']
INFO PLAT_JUL29 DiffSolverV2 C[t=72] fitted: val_loss=0.0129 |Y_boot|=1.281 |A|=0.06773 Y_mean=-0.7049 q*_mean=['0.000', '-2.069', '-19.922']
INFO PLAT_JUL29 DiffSolverV2 C[t=71] fitted: val_loss=0.01426 |Y_boot|=1.28 |A|=0.06725 Y_mean=-0.7059 q*_mean=['0.000', '-2.271', '-19.116']
INFO PLAT_JUL29 DiffSolverV2 C[t=70] fitted: val_loss=0.01324 |Y_boot|=1.28 |A|=0.0679 Y_mean=-0.7069 q*_mean=['0.000', '-2.234', '-19.403']
INFO PLAT_JUL29 DiffSolverV2 C[t=69] fitted: val_loss=0.01321 |Y_boot|=1.274 |A|=0.06772 Y_mean=-0.6993 q*_mean=['0.000', '-2.240', '-19.177']
INFO PLAT_JUL29 DiffSolverV2 C[t=68] fitted: val_loss=0.01351 |Y_boot|=1.269 |A|=0.06724 Y_mean=-0.6957 q*_mean=['0.000', '-2.307', '-18.994']
INFO PLAT_JUL29 DiffSolverV2 C[t=67] fitted: val_loss=0.01392 |Y_boot|=1.27 |A|=0.06615 Y_mean=-0.6956 q*_mean=['0.000', '-2.399', '-18.610']
INFO PLAT_JUL29 DiffSolverV2 C[t=66] fitted: val_loss=0.01238 |Y_boot|=1.267 |A|=0.06625 Y_mean=-0.6929 q*_mean=['0.000', '-2.472', '-18.976']
INFO PLAT_JUL29 DiffSolverV2 C[t=65] fitted: val_loss=0.01214 |Y_boot|=1.263 |A|=0.06744 Y_mean=-0.6895 q*_mean=['0.000', '-2.380', '-18.469']
INFO PLAT_JUL29 DiffSolverV2 C[t=64] fitted: val_loss=0.01222 |Y_boot|=1.258 |A|=0.06798 Y_mean=-0.6837 q*_mean=['0.000', '-1.617', '-18.176']
INFO PLAT_JUL29 DiffSolverV2 C[t=63] fitted: val_loss=0.01297 |Y_boot|=1.256 |A|=0.06655 Y_mean=-0.6824 q*_mean=['0.000', '-2.417', '-18.121']
INFO PLAT_JUL29 DiffSolverV2 C[t=62] fitted: val_loss=0.01776 |Y_boot|=1.255 |A|=0.06511 Y_mean=-0.6797 q*_mean=['0.000', '-1.868', '-18.396']
INFO PLAT_JUL29 DiffSolverV2 C[t=61] fitted: val_loss=0.01368 |Y_boot|=1.25 |A|=0.0663 Y_mean=-0.6752 q*_mean=['0.000', '-2.039', '-18.048']
INFO PLAT_JUL29 DiffSolverV2 C[t=60] fitted: val_loss=0.01517 |Y_boot|=1.255 |A|=0.0675 Y_mean=-0.6785 q*_mean=['0.000', '-2.454', '-17.444']
INFO PLAT_JUL29 DiffSolverV2 C[t=59] fitted: val_loss=0.01416 |Y_boot|=1.25 |A|=0.06848 Y_mean=-0.6744 q*_mean=['-30.231', '-2.466', '-17.303']
INFO PLAT_JUL29 DiffSolverV2 C[t=58] fitted: val_loss=0.01158 |Y_boot|=1.26 |A|=0.06658 Y_mean=-0.6888 q*_mean=['-14.502', '-1.575', '-9.015']
INFO PLAT_JUL29 DiffSolverV2 C[t=57] fitted: val_loss=0.0121 |Y_boot|=1.261 |A|=0.0619 Y_mean=-0.6939 q*_mean=['-13.208', '-1.526', '-7.880']
INFO PLAT_JUL29 DiffSolverV2 C[t=56] fitted: val_loss=0.01217 |Y_boot|=1.256 |A|=0.06084 Y_mean=-0.6947 q*_mean=['-14.520', '-1.312', '-8.905']
INFO PLAT_JUL29 DiffSolverV2 C[t=55] fitted: val_loss=0.0115 |Y_boot|=1.25 |A|=0.05824 Y_mean=-0.6906 q*_mean=['-15.076', '-1.392', '-8.459']
INFO PLAT_JUL29 DiffSolverV2 C[t=54] fitted: val_loss=0.01187 |Y_boot|=1.247 |A|=0.05614 Y_mean=-0.6882 q*_mean=['-13.922', '-1.373', '-9.546']
INFO PLAT_JUL29 DiffSolverV2 C[t=53] fitted: val_loss=0.01344 |Y_boot|=1.242 |A|=0.05789 Y_mean=-0.6851 q*_mean=['-15.192', '-1.086', '-8.838']
INFO PLAT_JUL29 DiffSolverV2 C[t=52] fitted: val_loss=0.0121 |Y_boot|=1.236 |A|=0.05883 Y_mean=-0.6798 q*_mean=['-14.062', '-1.178', '-8.435']
INFO PLAT_JUL29 DiffSolverV2 C[t=51] fitted: val_loss=0.01112 |Y_boot|=1.234 |A|=0.0574 Y_mean=-0.6777 q*_mean=['-13.568', '-1.117', '-8.942']
INFO PLAT_JUL29 DiffSolverV2 C[t=50] fitted: val_loss=0.01287 |Y_boot|=1.231 |A|=0.05634 Y_mean=-0.6755 q*_mean=['-14.465', '-1.343', '-9.082']
INFO PLAT_JUL29 DiffSolverV2 C[t=49] fitted: val_loss=0.01354 |Y_boot|=1.231 |A|=0.05808 Y_mean=-0.6778 q*_mean=['-14.044', '-1.221', '-8.704']
INFO PLAT_JUL29 DiffSolverV2 C[t=48] fitted: val_loss=0.01559 |Y_boot|=1.229 |A|=0.05921 Y_mean=-0.6756 q*_mean=['-13.019', '-1.440', '-8.618']
INFO PLAT_JUL29 DiffSolverV2 C[t=47] fitted: val_loss=0.01469 |Y_boot|=1.226 |A|=0.05954 Y_mean=-0.6705 q*_mean=['-13.129', '-1.514', '-8.417']
INFO PLAT_JUL29 DiffSolverV2 C[t=46] fitted: val_loss=0.01227 |Y_boot|=1.224 |A|=0.06008 Y_mean=-0.667 q*_mean=['-14.398', '-1.581', '-9.247']
INFO PLAT_JUL29 DiffSolverV2 C[t=45] fitted: val_loss=0.01217 |Y_boot|=1.222 |A|=0.06156 Y_mean=-0.6644 q*_mean=['-14.697', '-1.202', '-9.271']
INFO PLAT_JUL29 DiffSolverV2 C[t=44] fitted: val_loss=0.01144 |Y_boot|=1.217 |A|=0.06053 Y_mean=-0.6584 q*_mean=['-13.855', '-1.398', '-9.381']
INFO PLAT_JUL29 DiffSolverV2 C[t=43] fitted: val_loss=0.01154 |Y_boot|=1.213 |A|=0.06062 Y_mean=-0.6544 q*_mean=['-12.561', '-0.885', '-9.180']
INFO PLAT_JUL29 DiffSolverV2 C[t=42] fitted: val_loss=0.01089 |Y_boot|=1.214 |A|=0.061 Y_mean=-0.6557 q*_mean=['-13.586', '-1.123', '-9.912']
INFO PLAT_JUL29 DiffSolverV2 C[t=41] fitted: val_loss=0.0115 |Y_boot|=1.212 |A|=0.06244 Y_mean=-0.6539 q*_mean=['-13.879', '-1.135', '-9.326']
INFO PLAT_JUL29 DiffSolverV2 C[t=40] fitted: val_loss=0.01159 |Y_boot|=1.21 |A|=0.06244 Y_mean=-0.6513 q*_mean=['-14.075', '-0.897', '-9.497']
INFO PLAT_JUL29 DiffSolverV2 C[t=39] fitted: val_loss=0.0122 |Y_boot|=1.206 |A|=0.06275 Y_mean=-0.6488 q*_mean=['-13.617', '-0.861', '-9.381']
INFO PLAT_JUL29 DiffSolverV2 C[t=38] fitted: val_loss=0.01264 |Y_boot|=1.206 |A|=0.0619 Y_mean=-0.6491 q*_mean=['-13.391', '-0.787', '-9.515']
INFO PLAT_JUL29 DiffSolverV2 C[t=37] fitted: val_loss=0.01202 |Y_boot|=1.202 |A|=0.06292 Y_mean=-0.6478 q*_mean=['-13.751', '-0.873', '-9.851']
INFO PLAT_JUL29 DiffSolverV2 C[t=36] fitted: val_loss=0.01069 |Y_boot|=1.2 |A|=0.06031 Y_mean=-0.646 q*_mean=['-12.311', '-1.111', '-9.601']
INFO PLAT_JUL29 DiffSolverV2 C[t=35] fitted: val_loss=0.01182 |Y_boot|=1.197 |A|=0.05781 Y_mean=-0.6462 q*_mean=['-13.013', '-0.720', '-9.784']
INFO PLAT_JUL29 DiffSolverV2 C[t=34] fitted: val_loss=0.0127 |Y_boot|=1.198 |A|=0.06012 Y_mean=-0.65 q*_mean=['-12.268', '-1.007', '-9.229']
INFO PLAT_JUL29 DiffSolverV2 C[t=33] fitted: val_loss=0.01461 |Y_boot|=1.197 |A|=0.06166 Y_mean=-0.6471 q*_mean=['-12.695', '-0.775', '-10.541']
INFO PLAT_JUL29 DiffSolverV2 C[t=32] fitted: val_loss=0.01457 |Y_boot|=1.196 |A|=0.0621 Y_mean=-0.6427 q*_mean=['-12.097', '-0.787', '-9.393']
INFO PLAT_JUL29 DiffSolverV2 C[t=31] fitted: val_loss=0.01363 |Y_boot|=1.195 |A|=0.06147 Y_mean=-0.6412 q*_mean=['-12.866', '-0.848', '-9.552']
INFO PLAT_JUL29 DiffSolverV2 C[t=30] fitted: val_loss=0.01213 |Y_boot|=1.194 |A|=0.06023 Y_mean=-0.6415 q*_mean=['-12.897', '-0.909', '-9.814']
INFO PLAT_JUL29 DiffSolverV2 C[t=29] fitted: val_loss=0.01327 |Y_boot|=1.194 |A|=0.06078 Y_mean=-0.6436 q*_mean=['-10.919', '-4.187', '-9.442']
INFO PLAT_JUL29 DiffSolverV2 C[t=28] fitted: val_loss=0.01386 |Y_boot|=1.188 |A|=0.06152 Y_mean=-0.6381 q*_mean=['-10.358', '-4.254', '-8.521']
INFO PLAT_JUL29 DiffSolverV2 C[t=27] fitted: val_loss=0.01202 |Y_boot|=1.188 |A|=0.06293 Y_mean=-0.6365 q*_mean=['-9.613', '-4.071', '-9.381']
INFO PLAT_JUL29 DiffSolverV2 C[t=26] fitted: val_loss=0.01342 |Y_boot|=1.188 |A|=0.06308 Y_mean=-0.636 q*_mean=['-11.371', '-4.669', '-8.740']
INFO PLAT_JUL29 DiffSolverV2 C[t=25] fitted: val_loss=0.01172 |Y_boot|=1.184 |A|=0.06072 Y_mean=-0.6341 q*_mean=['-11.633', '-4.193', '-9.753']
INFO PLAT_JUL29 DiffSolverV2 C[t=24] fitted: val_loss=0.01066 |Y_boot|=1.179 |A|=0.06114 Y_mean=-0.6318 q*_mean=['-10.229', '-3.827', '-8.826']
INFO PLAT_JUL29 DiffSolverV2 C[t=23] fitted: val_loss=0.01161 |Y_boot|=1.176 |A|=0.0608 Y_mean=-0.6296 q*_mean=['-10.486', '-4.266', '-9.357']
INFO PLAT_JUL29 DiffSolverV2 C[t=22] fitted: val_loss=0.01269 |Y_boot|=1.179 |A|=0.06361 Y_mean=-0.6332 q*_mean=['-10.107', '-4.059', '-9.991']
INFO PLAT_JUL29 DiffSolverV2 C[t=21] fitted: val_loss=0.01199 |Y_boot|=1.178 |A|=0.06503 Y_mean=-0.6293 q*_mean=['-10.468', '-4.517', '-9.546']
INFO PLAT_JUL29 DiffSolverV2 C[t=20] fitted: val_loss=0.01284 |Y_boot|=1.174 |A|=0.06329 Y_mean=-0.6258 q*_mean=['-9.436', '-5.835', '-9.894']
INFO PLAT_JUL29 DiffSolverV2 C[t=19] fitted: val_loss=0.01373 |Y_boot|=1.168 |A|=0.05861 Y_mean=-0.6232 q*_mean=['-8.569', '-6.171', '-9.589']
INFO PLAT_JUL29 DiffSolverV2 C[t=18] fitted: val_loss=0.01477 |Y_boot|=1.163 |A|=0.05688 Y_mean=-0.6241 q*_mean=['-6.830', '-8.441', '-10.132']
INFO PLAT_JUL29 DiffSolverV2 C[t=17] fitted: val_loss=0.01133 |Y_boot|=1.162 |A|=0.05649 Y_mean=-0.6257 q*_mean=['-4.938', '-10.785', '-10.016']
INFO PLAT_JUL29 DiffSolverV2 C[t=16] fitted: val_loss=0.01081 |Y_boot|=1.165 |A|=0.05609 Y_mean=-0.6292 q*_mean=['-3.455', '-13.269', '-9.705']
INFO PLAT_JUL29 DiffSolverV2 C[t=15] fitted: val_loss=0.01291 |Y_boot|=1.161 |A|=0.05732 Y_mean=-0.6249 q*_mean=['-2.643', '-15.735', '-9.515']
INFO PLAT_JUL29 DiffSolverV2 C[t=14] fitted: val_loss=0.01383 |Y_boot|=1.16 |A|=0.05692 Y_mean=-0.6214 q*_mean=['-1.587', '-17.157', '-9.912']
INFO PLAT_JUL29 DiffSolverV2 C[t=13] fitted: val_loss=0.01187 |Y_boot|=1.159 |A|=0.05956 Y_mean=-0.6219 q*_mean=['-2.393', '-18.127', '-8.716']
INFO PLAT_JUL29 DiffSolverV2 C[t=12] fitted: val_loss=0.0102 |Y_boot|=1.161 |A|=0.05998 Y_mean=-0.6199 q*_mean=['-2.521', '-20.111', '-7.788']
INFO PLAT_JUL29 DiffSolverV2 C[t=11] fitted: val_loss=0.01405 |Y_boot|=1.161 |A|=0.06146 Y_mean=-0.6192 q*_mean=['-2.911', '-21.423', '-6.610']
INFO PLAT_JUL29 DiffSolverV2 C[t=10] fitted: val_loss=0.0117 |Y_boot|=1.159 |A|=0.06055 Y_mean=-0.6159 q*_mean=['-4.413', '-22.748', '-4.779']
INFO PLAT_JUL29 DiffSolverV2 C[t=9] fitted: val_loss=0.01025 |Y_boot|=1.154 |A|=0.05959 Y_mean=-0.6131 q*_mean=['-5.823', '-22.260', '-4.755']
INFO PLAT_JUL29 DiffSolverV2 C[t=8] fitted: val_loss=0.0111 |Y_boot|=1.153 |A|=0.0601 Y_mean=-0.6138 q*_mean=['-4.865', '-18.903', '-8.698']
INFO PLAT_JUL29 DiffSolverV2 C[t=7] fitted: val_loss=0.01272 |Y_boot|=1.147 |A|=0.05919 Y_mean=-0.6086 q*_mean=['-5.316', '-8.240', '-20.404']
INFO PLAT_JUL29 DiffSolverV2 C[t=6] fitted: val_loss=0.01288 |Y_boot|=1.144 |A|=0.05963 Y_mean=-0.6056 q*_mean=['-5.554', '-2.887', '-26.190']
INFO PLAT_JUL29 DiffSolverV2 C[t=5] fitted: val_loss=0.01376 |Y_boot|=1.137 |A|=0.06137 Y_mean=-0.599 q*_mean=['-5.273', '-1.630', '-28.912']
INFO PLAT_JUL29 DiffSolverV2 C[t=4] fitted: val_loss=0.01028 |Y_boot|=1.13 |A|=0.06447 Y_mean=-0.5901 q*_mean=['-4.871', '-0.769', '-30.548']
INFO PLAT_JUL29 DiffSolverV2 C[t=3] fitted: val_loss=0.01189 |Y_boot|=1.126 |A|=0.06498 Y_mean=-0.5807 q*_mean=['-5.389', '-0.360', '-31.195']
INFO PLAT_JUL29 DiffSolverV2 C[t=2] fitted: val_loss=0.01612 |Y_boot|=1.121 |A|=0.06666 Y_mean=-0.5723 q*_mean=['-4.840', '-0.165', '-31.787']
INFO PLAT_JUL29 DiffSolverV2 C[t=1] fitted: val_loss=0.01465 |Y_boot|=1.119 |A|=0.06866 Y_mean=-0.5674 q*_mean=['-5.139', '-0.189', '-32.208']
INFO PLAT_JUL29 DiffSolverV2 C[t=0] fitted: val_loss=0.01234 |Y_boot|=1.116 |A|=0.07003 Y_mean=-0.5599 q*_mean=['-5.426', '0.000', '-32.300']
INFO PLAT_JUL29 DiffSolverV2 sweep complete: t=125→0 | max|Y_boot|=1.413 (BOUNDED) | V_0=-0.559866 | n_star@t=0=[-5.426025390625, 0.0, -32.2998046875]
INFO PLAT_JUL29 DiffSolverV2 SAVED value fn to /home/vretiel/PycharmProjects/riskflow/artifacts/walk_forward/artifacts/walk_forward/driftless_gpu0/value_fn_202106_garch_s7.pt (V_0=-0.559866)
INFO PLAT_JUL29 DiffSolverV2 IN-SAMPLE vs OOS u(W_T): greedy IS=-0.66002 OOS=-0.59178 | textbook IS=-0.85526 OOS=-0.78716 (gap IS−OOS greedy=-0.06823 → overfit if large)
INFO PLAT_JUL29 DiffSolverV2 VERDICT (OUT-OF-SAMPLE rollout t=0→T over 1024 outer paths, start flat):
  policy    u(W_T)mean    W_T mean       W_T p5         W_T CVaR5
  greedy    -0.59178    +1.1459e+05   -7.6034e+05   -9.6195e+05
  textbook  -0.78716    +4.7002e+04   -8.1553e+05   -9.9003e+05
  nohedge   -1.09444    +3.8286e+04   -9.2085e+05   -1.1216e+06
  → on the OBJECTIVE E[u(W_T)]: beats no-hedge=True, beats textbook=True | tail(CVaR5) competitive w/ textbook=True
INFO PLAT_JUL29 DiffSolverV2 greedy positions: mean|q| per instrument=['3.96', '2.03', '17.57'] | q@t0=[-1.52587890625, 0.0, -33.074951171875] | q@mid=[0.0, -1.513671875, -16.29638671875] (textbook q@t0=[-7.246669769287109, -7.225348472595215, -6.70875883102417])
INFO PLAT_JUL29 solve_hedge tracks: {'DiffSolverV2': -0.5599} | ladder holds=True
INFO PLAT_JUL29 === TRAIN 202106 seed=42 (fair=1180.70, strike=1172.70) ===
WARNING md_202104_garch_driftless Price Factor 'DiscountRate.USD-SOFR' not found in market data
INFO md_202104_garch_driftless Creating default Discount Factor(type='DiscountRate', name=('USD-SOFR',))
INFO PLAT_JUL29 liability scalars: total_leg_volume=2500.0 last_settlement_index=155
INFO PLAT_JUL29 utility_scale (symlog c) resolved to 930098.20
INFO PLAT_JUL29 DiffSolverV2 setup: n_hedge=3 active=[0, 1, 2] T_dec=126 (of 128 sim steps; last-live mtm=[-2]) B_outer=2048 levels=9 fit_iters=40 lr=0.002 | contract_size=[50.0, 50.0, 50.0] | q∈[[-50.0, -50.0, -50.0], [0.0, 0.0, 0.0]] total_abs_limit=50
INFO PLAT_JUL29 DiffSolverV2 inner forks: one_step=True (window {t, t+1} generation+pricing)
INFO PLAT_JUL29 DiffSolverV2 bank: market_dim=7 | swept W∈[-1.516e+06, 4.665e+06] mean=3.855e+04 std=5.587e+05 | q_rep(t=0)=[-7.631287574768066, -7.61140775680542, -7.123780727386475]
INFO PLAT_JUL29 DiffSolverV2 action grid: K=165 actions (levels=9 ^ active=3)
INFO PLAT_JUL29 DiffSolverV2 C[t=125] fitted: val_loss=2.01e-05 |Y_boot|=1.301 |A|=0.0005767 Y_mean=-0.7913 q*_mean=['0.000', '-6.000', '-14.606']
INFO PLAT_JUL29 DiffSolverV2 C[t=124] fitted: val_loss=2.79e-05 |Y_boot|=1.301 |A|=0.0004052 Y_mean=-0.7916 q*_mean=['0.000', '-5.615', '-14.490']
INFO PLAT_JUL29 DiffSolverV2 C[t=123] fitted: val_loss=2.561e-05 |Y_boot|=1.302 |A|=0.0008249 Y_mean=-0.7918 q*_mean=['0.000', '-6.134', '-13.367']
INFO PLAT_JUL29 DiffSolverV2 C[t=122] fitted: val_loss=2.955 |Y_boot|=1.436 |A|=0.07906 Y_mean=+0.2659 q*_mean=['0.000', '-0.055', '-27.289']
INFO PLAT_JUL29 DiffSolverV2 C[t=121] fitted: val_loss=0.5375 |Y_boot|=1.184 |A|=0.07836 Y_mean=-0.3438 q*_mean=['0.000', '-0.146', '-26.331']
INFO PLAT_JUL29 DiffSolverV2 C[t=120] fitted: val_loss=0.2141 |Y_boot|=1.208 |A|=0.07827 Y_mean=-0.4879 q*_mean=['0.000', '-0.134', '-26.288']
INFO PLAT_JUL29 DiffSolverV2 C[t=119] fitted: val_loss=0.1115 |Y_boot|=1.227 |A|=0.07685 Y_mean=-0.5503 q*_mean=['0.000', '-0.037', '-26.477']
INFO PLAT_JUL29 DiffSolverV2 C[t=118] fitted: val_loss=0.07063 |Y_boot|=1.24 |A|=0.07637 Y_mean=-0.5889 q*_mean=['0.000', '-0.287', '-26.782']
INFO PLAT_JUL29 DiffSolverV2 C[t=117] fitted: val_loss=0.05246 |Y_boot|=1.248 |A|=0.07578 Y_mean=-0.6087 q*_mean=['0.000', '-0.513', '-26.483']
INFO PLAT_JUL29 DiffSolverV2 C[t=116] fitted: val_loss=0.03617 |Y_boot|=1.256 |A|=0.07565 Y_mean=-0.6281 q*_mean=['0.000', '-0.403', '-25.360']
INFO PLAT_JUL29 DiffSolverV2 C[t=115] fitted: val_loss=0.02762 |Y_boot|=1.262 |A|=0.07526 Y_mean=-0.64 q*_mean=['0.000', '-0.470', '-25.580']
INFO PLAT_JUL29 DiffSolverV2 C[t=114] fitted: val_loss=0.02079 |Y_boot|=1.27 |A|=0.07453 Y_mean=-0.6531 q*_mean=['0.000', '-0.677', '-25.787']
INFO PLAT_JUL29 DiffSolverV2 C[t=113] fitted: val_loss=0.01761 |Y_boot|=1.275 |A|=0.07417 Y_mean=-0.6612 q*_mean=['0.000', '-0.745', '-24.927']
INFO PLAT_JUL29 DiffSolverV2 C[t=112] fitted: val_loss=0.01394 |Y_boot|=1.279 |A|=0.07365 Y_mean=-0.6684 q*_mean=['0.000', '-0.757', '-24.963']
INFO PLAT_JUL29 DiffSolverV2 C[t=111] fitted: val_loss=0.01296 |Y_boot|=1.281 |A|=0.07331 Y_mean=-0.6744 q*_mean=['0.000', '-0.671', '-25.269']
INFO PLAT_JUL29 DiffSolverV2 C[t=110] fitted: val_loss=0.01058 |Y_boot|=1.284 |A|=0.0727 Y_mean=-0.6803 q*_mean=['0.000', '-1.007', '-24.615']
INFO PLAT_JUL29 DiffSolverV2 C[t=109] fitted: val_loss=0.009936 |Y_boot|=1.286 |A|=0.07244 Y_mean=-0.6842 q*_mean=['0.000', '-0.641', '-24.451']
INFO PLAT_JUL29 DiffSolverV2 C[t=108] fitted: val_loss=0.008908 |Y_boot|=1.286 |A|=0.07233 Y_mean=-0.6865 q*_mean=['0.000', '-1.111', '-24.506']
INFO PLAT_JUL29 DiffSolverV2 C[t=107] fitted: val_loss=0.00757 |Y_boot|=1.286 |A|=0.07213 Y_mean=-0.6868 q*_mean=['0.000', '-0.916', '-24.274']
INFO PLAT_JUL29 DiffSolverV2 C[t=106] fitted: val_loss=0.007739 |Y_boot|=1.286 |A|=0.07215 Y_mean=-0.6876 q*_mean=['0.000', '-1.129', '-24.084']
INFO PLAT_JUL29 DiffSolverV2 C[t=105] fitted: val_loss=0.007919 |Y_boot|=1.289 |A|=0.07149 Y_mean=-0.6923 q*_mean=['0.000', '-1.489', '-23.071']
INFO PLAT_JUL29 DiffSolverV2 C[t=104] fitted: val_loss=0.007647 |Y_boot|=1.289 |A|=0.07076 Y_mean=-0.6941 q*_mean=['0.000', '-1.324', '-23.621']
INFO PLAT_JUL29 DiffSolverV2 C[t=103] fitted: val_loss=0.007421 |Y_boot|=1.287 |A|=0.06993 Y_mean=-0.6939 q*_mean=['0.000', '-1.270', '-23.041']
INFO PLAT_JUL29 DiffSolverV2 C[t=102] fitted: val_loss=0.007632 |Y_boot|=1.288 |A|=0.07028 Y_mean=-0.6957 q*_mean=['0.000', '-1.581', '-22.919']
INFO PLAT_JUL29 DiffSolverV2 C[t=101] fitted: val_loss=0.007009 |Y_boot|=1.287 |A|=0.07051 Y_mean=-0.695 q*_mean=['0.000', '-1.917', '-22.461']
INFO PLAT_JUL29 DiffSolverV2 C[t=100] fitted: val_loss=0.006692 |Y_boot|=1.286 |A|=0.07063 Y_mean=-0.6944 q*_mean=['0.000', '-1.520', '-22.894']
INFO PLAT_JUL29 DiffSolverV2 C[t=99] fitted: val_loss=0.008047 |Y_boot|=1.287 |A|=0.06885 Y_mean=-0.6956 q*_mean=['0.000', '-1.465', '-22.607']
INFO PLAT_JUL29 DiffSolverV2 C[t=98] fitted: val_loss=0.008827 |Y_boot|=1.284 |A|=0.06907 Y_mean=-0.6955 q*_mean=['0.000', '-2.026', '-22.736']
INFO PLAT_JUL29 DiffSolverV2 C[t=97] fitted: val_loss=0.01029 |Y_boot|=1.286 |A|=0.06953 Y_mean=-0.698 q*_mean=['0.000', '-1.709', '-22.742']
INFO PLAT_JUL29 DiffSolverV2 C[t=96] fitted: val_loss=0.01156 |Y_boot|=1.288 |A|=0.06917 Y_mean=-0.7011 q*_mean=['0.000', '-1.074', '-22.388']
INFO PLAT_JUL29 DiffSolverV2 C[t=95] fitted: val_loss=0.0105 |Y_boot|=1.29 |A|=0.06814 Y_mean=-0.7048 q*_mean=['0.000', '-1.666', '-21.930']
INFO PLAT_JUL29 DiffSolverV2 C[t=94] fitted: val_loss=0.01041 |Y_boot|=1.289 |A|=0.06817 Y_mean=-0.7037 q*_mean=['0.000', '-1.978', '-21.948']
INFO PLAT_JUL29 DiffSolverV2 C[t=93] fitted: val_loss=0.01407 |Y_boot|=1.286 |A|=0.06874 Y_mean=-0.7022 q*_mean=['0.000', '-2.319', '-21.527']
INFO PLAT_JUL29 DiffSolverV2 C[t=92] fitted: val_loss=0.01417 |Y_boot|=1.284 |A|=0.06876 Y_mean=-0.7008 q*_mean=['0.000', '-2.551', '-21.033']
INFO PLAT_JUL29 DiffSolverV2 C[t=91] fitted: val_loss=0.01318 |Y_boot|=1.282 |A|=0.06811 Y_mean=-0.7024 q*_mean=['0.000', '-2.008', '-21.442']
INFO PLAT_JUL29 DiffSolverV2 C[t=90] fitted: val_loss=0.01383 |Y_boot|=1.279 |A|=0.06859 Y_mean=-0.7035 q*_mean=['0.000', '-2.563', '-20.624']
INFO PLAT_JUL29 DiffSolverV2 C[t=89] fitted: val_loss=0.01302 |Y_boot|=1.275 |A|=0.06661 Y_mean=-0.701 q*_mean=['0.000', '-2.386', '-19.885']
INFO PLAT_JUL29 DiffSolverV2 C[t=88] fitted: val_loss=0.01397 |Y_boot|=1.273 |A|=0.06806 Y_mean=-0.7008 q*_mean=['0.000', '-2.069', '-20.630']
INFO PLAT_JUL29 DiffSolverV2 C[t=87] fitted: val_loss=0.01206 |Y_boot|=1.272 |A|=0.06759 Y_mean=-0.6972 q*_mean=['0.000', '-2.405', '-20.111']
INFO PLAT_JUL29 DiffSolverV2 C[t=86] fitted: val_loss=0.01367 |Y_boot|=1.269 |A|=0.06678 Y_mean=-0.6969 q*_mean=['0.000', '-2.325', '-20.483']
INFO PLAT_JUL29 DiffSolverV2 C[t=85] fitted: val_loss=0.01218 |Y_boot|=1.264 |A|=0.06754 Y_mean=-0.6912 q*_mean=['0.000', '-2.600', '-20.239']
INFO PLAT_JUL29 DiffSolverV2 C[t=84] fitted: val_loss=0.01138 |Y_boot|=1.261 |A|=0.06621 Y_mean=-0.6901 q*_mean=['0.000', '-2.454', '-19.543']
INFO PLAT_JUL29 DiffSolverV2 C[t=83] fitted: val_loss=0.01325 |Y_boot|=1.259 |A|=0.06765 Y_mean=-0.6903 q*_mean=['0.000', '-2.692', '-19.696']
INFO PLAT_JUL29 DiffSolverV2 C[t=82] fitted: val_loss=0.01477 |Y_boot|=1.253 |A|=0.06714 Y_mean=-0.6839 q*_mean=['0.000', '-2.673', '-19.183']
INFO PLAT_JUL29 DiffSolverV2 C[t=81] fitted: val_loss=0.01352 |Y_boot|=1.25 |A|=0.06509 Y_mean=-0.6801 q*_mean=['0.000', '-2.100', '-19.464']
INFO PLAT_JUL29 DiffSolverV2 C[t=80] fitted: val_loss=0.01415 |Y_boot|=1.242 |A|=0.06472 Y_mean=-0.6745 q*_mean=['0.000', '-2.515', '-19.458']
INFO PLAT_JUL29 DiffSolverV2 C[t=79] fitted: val_loss=0.01281 |Y_boot|=1.237 |A|=0.06517 Y_mean=-0.6694 q*_mean=['0.000', '-2.405', '-18.591']
INFO PLAT_JUL29 DiffSolverV2 C[t=78] fitted: val_loss=0.0122 |Y_boot|=1.233 |A|=0.06668 Y_mean=-0.6654 q*_mean=['0.000', '-2.374', '-19.257']
INFO PLAT_JUL29 DiffSolverV2 C[t=77] fitted: val_loss=0.01068 |Y_boot|=1.232 |A|=0.066 Y_mean=-0.6612 q*_mean=['0.000', '-2.142', '-19.299']
INFO PLAT_JUL29 DiffSolverV2 C[t=76] fitted: val_loss=0.01411 |Y_boot|=1.232 |A|=0.06722 Y_mean=-0.6612 q*_mean=['0.000', '-2.271', '-18.884']
INFO PLAT_JUL29 DiffSolverV2 C[t=75] fitted: val_loss=0.01404 |Y_boot|=1.23 |A|=0.0673 Y_mean=-0.6577 q*_mean=['0.000', '-1.947', '-19.153']
INFO PLAT_JUL29 DiffSolverV2 C[t=74] fitted: val_loss=0.01547 |Y_boot|=1.229 |A|=0.06748 Y_mean=-0.6573 q*_mean=['0.000', '-2.240', '-18.433']
INFO PLAT_JUL29 DiffSolverV2 C[t=73] fitted: val_loss=0.01525 |Y_boot|=1.229 |A|=0.06687 Y_mean=-0.6575 q*_mean=['0.000', '-2.405', '-18.530']
INFO PLAT_JUL29 DiffSolverV2 C[t=72] fitted: val_loss=0.01242 |Y_boot|=1.227 |A|=0.06566 Y_mean=-0.6522 q*_mean=['0.000', '-2.325', '-17.798']
INFO PLAT_JUL29 DiffSolverV2 C[t=71] fitted: val_loss=0.01476 |Y_boot|=1.22 |A|=0.06495 Y_mean=-0.6448 q*_mean=['0.000', '-2.545', '-18.121']
INFO PLAT_JUL29 DiffSolverV2 C[t=70] fitted: val_loss=0.01527 |Y_boot|=1.213 |A|=0.06575 Y_mean=-0.6371 q*_mean=['0.000', '-2.228', '-18.219']
INFO PLAT_JUL29 DiffSolverV2 C[t=69] fitted: val_loss=0.01513 |Y_boot|=1.208 |A|=0.06573 Y_mean=-0.6318 q*_mean=['0.000', '-2.502', '-18.256']
INFO PLAT_JUL29 DiffSolverV2 C[t=68] fitted: val_loss=0.01215 |Y_boot|=1.21 |A|=0.06589 Y_mean=-0.6345 q*_mean=['0.000', '-2.875', '-17.914']
INFO PLAT_JUL29 DiffSolverV2 C[t=67] fitted: val_loss=0.01244 |Y_boot|=1.206 |A|=0.06684 Y_mean=-0.6306 q*_mean=['0.000', '-2.106', '-17.969']
INFO PLAT_JUL29 DiffSolverV2 C[t=66] fitted: val_loss=0.01427 |Y_boot|=1.207 |A|=0.06719 Y_mean=-0.6315 q*_mean=['0.000', '-2.191', '-18.176']
INFO PLAT_JUL29 DiffSolverV2 C[t=65] fitted: val_loss=0.01664 |Y_boot|=1.201 |A|=0.0664 Y_mean=-0.6248 q*_mean=['0.000', '-2.051', '-17.975']
INFO PLAT_JUL29 DiffSolverV2 C[t=64] fitted: val_loss=0.01282 |Y_boot|=1.197 |A|=0.06681 Y_mean=-0.6214 q*_mean=['0.000', '-2.155', '-17.432']
INFO PLAT_JUL29 DiffSolverV2 C[t=63] fitted: val_loss=0.01143 |Y_boot|=1.193 |A|=0.06647 Y_mean=-0.618 q*_mean=['0.000', '-1.819', '-17.328']
INFO PLAT_JUL29 DiffSolverV2 C[t=62] fitted: val_loss=0.01389 |Y_boot|=1.191 |A|=0.0669 Y_mean=-0.6181 q*_mean=['0.000', '-1.837', '-17.236']
INFO PLAT_JUL29 DiffSolverV2 C[t=61] fitted: val_loss=0.01266 |Y_boot|=1.19 |A|=0.06769 Y_mean=-0.6187 q*_mean=['0.000', '-2.142', '-17.108']
INFO PLAT_JUL29 DiffSolverV2 C[t=60] fitted: val_loss=0.01171 |Y_boot|=1.19 |A|=0.06751 Y_mean=-0.6179 q*_mean=['0.000', '-2.380', '-17.145']
INFO PLAT_JUL29 DiffSolverV2 C[t=59] fitted: val_loss=0.01778 |Y_boot|=1.188 |A|=0.06578 Y_mean=-0.6176 q*_mean=['-30.945', '-2.039', '-17.017']
INFO PLAT_JUL29 DiffSolverV2 C[t=58] fitted: val_loss=0.01387 |Y_boot|=1.2 |A|=0.06415 Y_mean=-0.6384 q*_mean=['-14.117', '-1.337', '-7.959']
INFO PLAT_JUL29 DiffSolverV2 C[t=57] fitted: val_loss=0.01245 |Y_boot|=1.197 |A|=0.06075 Y_mean=-0.6389 q*_mean=['-14.685', '-1.239', '-8.051']
INFO PLAT_JUL29 DiffSolverV2 C[t=56] fitted: val_loss=0.01176 |Y_boot|=1.195 |A|=0.06009 Y_mean=-0.641 q*_mean=['-14.227', '-1.642', '-7.281']
INFO PLAT_JUL29 DiffSolverV2 C[t=55] fitted: val_loss=0.01482 |Y_boot|=1.192 |A|=0.05968 Y_mean=-0.6379 q*_mean=['-15.308', '-1.202', '-7.928']
INFO PLAT_JUL29 DiffSolverV2 C[t=54] fitted: val_loss=0.01274 |Y_boot|=1.191 |A|=0.06277 Y_mean=-0.6374 q*_mean=['-15.479', '-1.251', '-7.666']
INFO PLAT_JUL29 DiffSolverV2 C[t=53] fitted: val_loss=0.01281 |Y_boot|=1.19 |A|=0.05975 Y_mean=-0.6343 q*_mean=['-15.094', '-1.404', '-7.599']
INFO PLAT_JUL29 DiffSolverV2 C[t=52] fitted: val_loss=0.01166 |Y_boot|=1.188 |A|=0.06196 Y_mean=-0.6373 q*_mean=['-14.539', '-1.276', '-8.099']
INFO PLAT_JUL29 DiffSolverV2 C[t=51] fitted: val_loss=0.01259 |Y_boot|=1.191 |A|=0.06262 Y_mean=-0.6384 q*_mean=['-14.618', '-1.239', '-8.301']
INFO PLAT_JUL29 DiffSolverV2 C[t=50] fitted: val_loss=0.01118 |Y_boot|=1.187 |A|=0.06186 Y_mean=-0.6354 q*_mean=['-15.356', '-1.392', '-8.044']
INFO PLAT_JUL29 DiffSolverV2 C[t=49] fitted: val_loss=0.01177 |Y_boot|=1.183 |A|=0.05896 Y_mean=-0.6327 q*_mean=['-15.210', '-1.117', '-7.971']
INFO PLAT_JUL29 DiffSolverV2 C[t=48] fitted: val_loss=0.01193 |Y_boot|=1.181 |A|=0.05966 Y_mean=-0.6346 q*_mean=['-14.551', '-1.343', '-8.087']
INFO PLAT_JUL29 DiffSolverV2 C[t=47] fitted: val_loss=0.01277 |Y_boot|=1.177 |A|=0.05892 Y_mean=-0.6304 q*_mean=['-13.654', '-1.190', '-8.282']
INFO PLAT_JUL29 DiffSolverV2 C[t=46] fitted: val_loss=0.0119 |Y_boot|=1.174 |A|=0.05989 Y_mean=-0.6281 q*_mean=['-14.240', '-1.038', '-8.112']
INFO PLAT_JUL29 DiffSolverV2 C[t=45] fitted: val_loss=0.01114 |Y_boot|=1.174 |A|=0.06197 Y_mean=-0.6299 q*_mean=['-15.009', '-1.300', '-8.459']
INFO PLAT_JUL29 DiffSolverV2 C[t=44] fitted: val_loss=0.01308 |Y_boot|=1.17 |A|=0.06252 Y_mean=-0.6238 q*_mean=['-13.721', '-0.989', '-8.917']
INFO PLAT_JUL29 DiffSolverV2 C[t=43] fitted: val_loss=0.01347 |Y_boot|=1.17 |A|=0.0608 Y_mean=-0.622 q*_mean=['-15.228', '-1.038', '-8.221']
INFO PLAT_JUL29 DiffSolverV2 C[t=42] fitted: val_loss=0.01179 |Y_boot|=1.164 |A|=0.06037 Y_mean=-0.6181 q*_mean=['-14.148', '-0.806', '-8.594']
INFO PLAT_JUL29 DiffSolverV2 C[t=41] fitted: val_loss=0.01032 |Y_boot|=1.16 |A|=0.05975 Y_mean=-0.6155 q*_mean=['-14.142', '-0.995', '-8.459']
INFO PLAT_JUL29 DiffSolverV2 C[t=40] fitted: val_loss=0.01142 |Y_boot|=1.164 |A|=0.05941 Y_mean=-0.6219 q*_mean=['-15.082', '-1.361', '-8.691']
INFO PLAT_JUL29 DiffSolverV2 C[t=39] fitted: val_loss=0.01118 |Y_boot|=1.16 |A|=0.06034 Y_mean=-0.6194 q*_mean=['-13.324', '-1.019', '-8.539']
INFO PLAT_JUL29 DiffSolverV2 C[t=38] fitted: val_loss=0.01404 |Y_boot|=1.161 |A|=0.06307 Y_mean=-0.6193 q*_mean=['-14.252', '-0.934', '-8.868']
INFO PLAT_JUL29 DiffSolverV2 C[t=37] fitted: val_loss=0.01193 |Y_boot|=1.157 |A|=0.06435 Y_mean=-0.6122 q*_mean=['-13.623', '-0.824', '-8.588']
INFO PLAT_JUL29 DiffSolverV2 C[t=36] fitted: val_loss=0.01507 |Y_boot|=1.158 |A|=0.0628 Y_mean=-0.6124 q*_mean=['-14.148', '-1.270', '-8.569']
INFO PLAT_JUL29 DiffSolverV2 C[t=35] fitted: val_loss=0.01285 |Y_boot|=1.16 |A|=0.06321 Y_mean=-0.6174 q*_mean=['-13.812', '-0.891', '-9.229']
INFO PLAT_JUL29 DiffSolverV2 C[t=34] fitted: val_loss=0.0118 |Y_boot|=1.162 |A|=0.06242 Y_mean=-0.6195 q*_mean=['-13.605', '-0.854', '-8.728']
INFO PLAT_JUL29 DiffSolverV2 C[t=33] fitted: val_loss=0.01584 |Y_boot|=1.158 |A|=0.06147 Y_mean=-0.6173 q*_mean=['-12.561', '-0.903', '-8.142']
INFO PLAT_JUL29 DiffSolverV2 C[t=32] fitted: val_loss=0.01051 |Y_boot|=1.16 |A|=0.05965 Y_mean=-0.6208 q*_mean=['-13.940', '-0.928', '-8.289']
INFO PLAT_JUL29 DiffSolverV2 C[t=31] fitted: val_loss=0.0162 |Y_boot|=1.162 |A|=0.06051 Y_mean=-0.6229 q*_mean=['-13.171', '-1.025', '-8.307']
INFO PLAT_JUL29 DiffSolverV2 C[t=30] fitted: val_loss=0.01284 |Y_boot|=1.161 |A|=0.06088 Y_mean=-0.621 q*_mean=['-12.854', '-0.861', '-8.508']
INFO PLAT_JUL29 DiffSolverV2 C[t=29] fitted: val_loss=0.01447 |Y_boot|=1.159 |A|=0.06022 Y_mean=-0.6188 q*_mean=['-11.218', '-4.047', '-7.642']
INFO PLAT_JUL29 DiffSolverV2 C[t=28] fitted: val_loss=0.01435 |Y_boot|=1.16 |A|=0.06365 Y_mean=-0.6232 q*_mean=['-12.128', '-4.169', '-7.318']
INFO PLAT_JUL29 DiffSolverV2 C[t=27] fitted: val_loss=0.0129 |Y_boot|=1.155 |A|=0.06421 Y_mean=-0.6143 q*_mean=['-11.401', '-3.979', '-8.301']
INFO PLAT_JUL29 DiffSolverV2 C[t=26] fitted: val_loss=0.01354 |Y_boot|=1.151 |A|=0.06211 Y_mean=-0.6105 q*_mean=['-11.304', '-4.120', '-8.258']
INFO PLAT_JUL29 DiffSolverV2 C[t=25] fitted: val_loss=0.01065 |Y_boot|=1.154 |A|=0.062 Y_mean=-0.6174 q*_mean=['-11.407', '-4.401', '-8.563']
INFO PLAT_JUL29 DiffSolverV2 C[t=24] fitted: val_loss=0.01047 |Y_boot|=1.152 |A|=0.06111 Y_mean=-0.6151 q*_mean=['-10.284', '-4.126', '-8.313']
INFO PLAT_JUL29 DiffSolverV2 C[t=23] fitted: val_loss=0.0125 |Y_boot|=1.146 |A|=0.06243 Y_mean=-0.6093 q*_mean=['-11.151', '-4.047', '-8.447']
INFO PLAT_JUL29 DiffSolverV2 C[t=22] fitted: val_loss=0.01219 |Y_boot|=1.143 |A|=0.06127 Y_mean=-0.606 q*_mean=['-10.370', '-4.083', '-8.887']
INFO PLAT_JUL29 DiffSolverV2 C[t=21] fitted: val_loss=0.01133 |Y_boot|=1.143 |A|=0.06257 Y_mean=-0.6065 q*_mean=['-10.242', '-4.443', '-8.350']
INFO PLAT_JUL29 DiffSolverV2 C[t=20] fitted: val_loss=0.01252 |Y_boot|=1.144 |A|=0.05861 Y_mean=-0.6055 q*_mean=['-10.291', '-4.645', '-9.155']
INFO PLAT_JUL29 DiffSolverV2 C[t=19] fitted: val_loss=0.01251 |Y_boot|=1.147 |A|=0.05852 Y_mean=-0.6123 q*_mean=['-8.209', '-6.549', '-9.131']
INFO PLAT_JUL29 DiffSolverV2 C[t=18] fitted: val_loss=0.01172 |Y_boot|=1.142 |A|=0.05501 Y_mean=-0.6085 q*_mean=['-6.958', '-7.605', '-9.930']
INFO PLAT_JUL29 DiffSolverV2 C[t=17] fitted: val_loss=0.01191 |Y_boot|=1.138 |A|=0.05466 Y_mean=-0.609 q*_mean=['-4.285', '-10.876', '-9.406']
INFO PLAT_JUL29 DiffSolverV2 C[t=16] fitted: val_loss=0.01373 |Y_boot|=1.133 |A|=0.05302 Y_mean=-0.6046 q*_mean=['-2.826', '-14.844', '-8.868']
INFO PLAT_JUL29 DiffSolverV2 C[t=15] fitted: val_loss=0.01187 |Y_boot|=1.123 |A|=0.04982 Y_mean=-0.598 q*_mean=['-2.484', '-16.400', '-9.033']
INFO PLAT_JUL29 DiffSolverV2 C[t=14] fitted: val_loss=0.01198 |Y_boot|=1.124 |A|=0.05366 Y_mean=-0.6024 q*_mean=['-2.148', '-17.560', '-8.234']
INFO PLAT_JUL29 DiffSolverV2 C[t=13] fitted: val_loss=0.01402 |Y_boot|=1.12 |A|=0.05675 Y_mean=-0.5925 q*_mean=['-1.910', '-20.074', '-8.105']
INFO PLAT_JUL29 DiffSolverV2 C[t=12] fitted: val_loss=0.01051 |Y_boot|=1.121 |A|=0.05534 Y_mean=-0.5899 q*_mean=['-2.014', '-22.083', '-6.610']
INFO PLAT_JUL29 DiffSolverV2 C[t=11] fitted: val_loss=0.01161 |Y_boot|=1.116 |A|=0.05619 Y_mean=-0.5854 q*_mean=['-3.149', '-22.937', '-5.286']
INFO PLAT_JUL29 DiffSolverV2 C[t=10] fitted: val_loss=0.01338 |Y_boot|=1.114 |A|=0.0589 Y_mean=-0.5821 q*_mean=['-4.492', '-24.622', '-4.254']
INFO PLAT_JUL29 DiffSolverV2 C[t=9] fitted: val_loss=0.01173 |Y_boot|=1.111 |A|=0.06108 Y_mean=-0.5771 q*_mean=['-4.785', '-23.169', '-4.535']
INFO PLAT_JUL29 DiffSolverV2 C[t=8] fitted: val_loss=0.01211 |Y_boot|=1.108 |A|=0.05951 Y_mean=-0.5708 q*_mean=['-5.103', '-19.189', '-10.138']
INFO PLAT_JUL29 DiffSolverV2 C[t=7] fitted: val_loss=0.01475 |Y_boot|=1.101 |A|=0.05987 Y_mean=-0.5668 q*_mean=['-5.243', '-7.294', '-23.224']
INFO PLAT_JUL29 DiffSolverV2 C[t=6] fitted: val_loss=0.01389 |Y_boot|=1.095 |A|=0.05464 Y_mean=-0.5591 q*_mean=['-5.310', '-2.118', '-29.285']
INFO PLAT_JUL29 DiffSolverV2 C[t=5] fitted: val_loss=0.01133 |Y_boot|=1.084 |A|=0.05546 Y_mean=-0.5494 q*_mean=['-5.005', '-1.398', '-31.213']
INFO PLAT_JUL29 DiffSolverV2 C[t=4] fitted: val_loss=0.0141 |Y_boot|=1.077 |A|=0.06046 Y_mean=-0.5406 q*_mean=['-3.998', '-0.824', '-32.446']
INFO PLAT_JUL29 DiffSolverV2 C[t=3] fitted: val_loss=0.01569 |Y_boot|=1.076 |A|=0.06428 Y_mean=-0.533 q*_mean=['-4.651', '-0.385', '-33.466']
INFO PLAT_JUL29 DiffSolverV2 C[t=2] fitted: val_loss=0.01149 |Y_boot|=1.077 |A|=0.06841 Y_mean=-0.5283 q*_mean=['-3.839', '-0.317', '-33.936']
INFO PLAT_JUL29 DiffSolverV2 C[t=1] fitted: val_loss=0.0123 |Y_boot|=1.07 |A|=0.06841 Y_mean=-0.5153 q*_mean=['-4.126', '-0.055', '-34.070']
INFO PLAT_JUL29 DiffSolverV2 C[t=0] fitted: val_loss=0.01283 |Y_boot|=1.06 |A|=0.0689 Y_mean=-0.5031 q*_mean=['-3.979', '0.000', '-34.558']
INFO PLAT_JUL29 DiffSolverV2 sweep complete: t=125→0 | max|Y_boot|=1.436 (BOUNDED) | V_0=-0.503086 | n_star@t=0=[-3.9794921875, 0.0, -34.55810546875]
INFO PLAT_JUL29 DiffSolverV2 SAVED value fn to /home/vretiel/PycharmProjects/riskflow/artifacts/walk_forward/artifacts/walk_forward/driftless_gpu0/value_fn_202106_garch_s42.pt (V_0=-0.503086)
INFO PLAT_JUL29 DiffSolverV2 IN-SAMPLE vs OOS u(W_T): greedy IS=-0.63489 OOS=-0.60143 | textbook IS=-0.77894 OOS=-0.74367 (gap IS−OOS greedy=-0.03346 → overfit if large)
INFO PLAT_JUL29 DiffSolverV2 VERDICT (OUT-OF-SAMPLE rollout t=0→T over 1024 outer paths, start flat):
  policy    u(W_T)mean    W_T mean       W_T p5         W_T CVaR5
  greedy    -0.60143    +1.2622e+05   -7.8392e+05   -1.0088e+06
  textbook  -0.74367    +6.2448e+04   -8.0347e+05   -1.0046e+06
  nohedge   -0.99140    +6.5006e+04   -9.5552e+05   -1.1411e+06
  → on the OBJECTIVE E[u(W_T)]: beats no-hedge=True, beats textbook=True | tail(CVaR5) competitive w/ textbook=True
INFO PLAT_JUL29 DiffSolverV2 greedy positions: mean|q| per instrument=['3.90', '2.04', '18.14'] | q@t0=[-1.324462890625, 0.0, -32.5439453125] | q@mid=[0.0, -1.26953125, -17.56591796875] (textbook q@t0=[-7.631287574768066, -7.61140775680542, -7.123780727386475])
INFO PLAT_JUL29 solve_hedge tracks: {'DiffSolverV2': -0.5031} | ladder holds=True
INFO PLAT_JUL29 === TRAIN 202106 seed=314 (fair=1180.70, strike=1172.70) ===
WARNING md_202104_garch_driftless Price Factor 'DiscountRate.USD-SOFR' not found in market data
INFO md_202104_garch_driftless Creating default Discount Factor(type='DiscountRate', name=('USD-SOFR',))
INFO PLAT_JUL29 liability scalars: total_leg_volume=2500.0 last_settlement_index=155
INFO PLAT_JUL29 utility_scale (symlog c) resolved to 953713.23
INFO PLAT_JUL29 DiffSolverV2 setup: n_hedge=3 active=[0, 1, 2] T_dec=126 (of 128 sim steps; last-live mtm=[-2]) B_outer=2048 levels=9 fit_iters=40 lr=0.002 | contract_size=[50.0, 50.0, 50.0] | q∈[[-50.0, -50.0, -50.0], [0.0, 0.0, 0.0]] total_abs_limit=50
INFO PLAT_JUL29 DiffSolverV2 inner forks: one_step=True (window {t, t+1} generation+pricing)
INFO PLAT_JUL29 DiffSolverV2 bank: market_dim=7 | swept W∈[-1.591e+06, 2.922e+06] mean=5.498e+04 std=5.527e+05 | q_rep(t=0)=[-7.347919940948486, -7.336307048797607, -6.859274864196777]
INFO PLAT_JUL29 DiffSolverV2 action grid: K=165 actions (levels=9 ^ active=3)
INFO PLAT_JUL29 DiffSolverV2 C[t=125] fitted: val_loss=1.207e-05 |Y_boot|=1.292 |A|=0.0007048 Y_mean=-0.7584 q*_mean=['0.000', '-6.122', '-14.343']
INFO PLAT_JUL29 DiffSolverV2 C[t=124] fitted: val_loss=2.003e-05 |Y_boot|=1.291 |A|=0.001481 Y_mean=-0.7577 q*_mean=['0.000', '-6.781', '-13.934']
INFO PLAT_JUL29 DiffSolverV2 C[t=123] fitted: val_loss=1.874e-05 |Y_boot|=1.291 |A|=0.002171 Y_mean=-0.7564 q*_mean=['0.000', '-6.531', '-14.404']
INFO PLAT_JUL29 DiffSolverV2 C[t=122] fitted: val_loss=2.492 |Y_boot|=1.429 |A|=0.07929 Y_mean=+0.2483 q*_mean=['0.000', '0.000', '-26.746']
INFO PLAT_JUL29 DiffSolverV2 C[t=121] fitted: val_loss=0.5218 |Y_boot|=1.183 |A|=0.07825 Y_mean=-0.3128 q*_mean=['0.000', '-0.098', '-26.660']
INFO PLAT_JUL29 DiffSolverV2 C[t=120] fitted: val_loss=0.2142 |Y_boot|=1.201 |A|=0.07769 Y_mean=-0.4524 q*_mean=['0.000', '-0.140', '-26.245']
INFO PLAT_JUL29 DiffSolverV2 C[t=119] fitted: val_loss=0.1084 |Y_boot|=1.225 |A|=0.07723 Y_mean=-0.5203 q*_mean=['0.000', '-0.366', '-25.964']
INFO PLAT_JUL29 DiffSolverV2 C[t=118] fitted: val_loss=0.06887 |Y_boot|=1.237 |A|=0.07651 Y_mean=-0.5583 q*_mean=['0.000', '-0.305', '-26.038']
INFO PLAT_JUL29 DiffSolverV2 C[t=117] fitted: val_loss=0.0466 |Y_boot|=1.247 |A|=0.07613 Y_mean=-0.5819 q*_mean=['0.000', '-0.378', '-25.842']
INFO PLAT_JUL29 DiffSolverV2 C[t=116] fitted: val_loss=0.03264 |Y_boot|=1.253 |A|=0.07557 Y_mean=-0.5972 q*_mean=['0.000', '-0.391', '-25.635']
INFO PLAT_JUL29 DiffSolverV2 C[t=115] fitted: val_loss=0.0221 |Y_boot|=1.259 |A|=0.07451 Y_mean=-0.6115 q*_mean=['0.000', '-0.537', '-26.190']
INFO PLAT_JUL29 DiffSolverV2 C[t=114] fitted: val_loss=0.01735 |Y_boot|=1.262 |A|=0.07504 Y_mean=-0.6223 q*_mean=['0.000', '-0.446', '-25.580']
INFO PLAT_JUL29 DiffSolverV2 C[t=113] fitted: val_loss=0.01483 |Y_boot|=1.268 |A|=0.07411 Y_mean=-0.6305 q*_mean=['0.000', '-0.629', '-24.969']
INFO PLAT_JUL29 DiffSolverV2 C[t=112] fitted: val_loss=0.01186 |Y_boot|=1.273 |A|=0.0738 Y_mean=-0.6391 q*_mean=['0.000', '-0.763', '-24.890']
INFO PLAT_JUL29 DiffSolverV2 C[t=111] fitted: val_loss=0.009614 |Y_boot|=1.275 |A|=0.07331 Y_mean=-0.6434 q*_mean=['0.000', '-0.800', '-24.756']
INFO PLAT_JUL29 DiffSolverV2 C[t=110] fitted: val_loss=0.008262 |Y_boot|=1.275 |A|=0.07243 Y_mean=-0.6451 q*_mean=['0.000', '-0.635', '-24.896']
INFO PLAT_JUL29 DiffSolverV2 C[t=109] fitted: val_loss=0.006973 |Y_boot|=1.276 |A|=0.0719 Y_mean=-0.6489 q*_mean=['0.000', '-1.245', '-24.951']
INFO PLAT_JUL29 DiffSolverV2 C[t=108] fitted: val_loss=0.006569 |Y_boot|=1.277 |A|=0.07172 Y_mean=-0.6515 q*_mean=['0.000', '-1.044', '-24.329']
INFO PLAT_JUL29 DiffSolverV2 C[t=107] fitted: val_loss=0.006432 |Y_boot|=1.277 |A|=0.07132 Y_mean=-0.6532 q*_mean=['0.000', '-1.184', '-24.390']
INFO PLAT_JUL29 DiffSolverV2 C[t=106] fitted: val_loss=0.006707 |Y_boot|=1.276 |A|=0.07035 Y_mean=-0.6546 q*_mean=['0.000', '-1.471', '-23.602']
INFO PLAT_JUL29 DiffSolverV2 C[t=105] fitted: val_loss=0.006365 |Y_boot|=1.276 |A|=0.07003 Y_mean=-0.6569 q*_mean=['0.000', '-1.257', '-24.011']
INFO PLAT_JUL29 DiffSolverV2 C[t=104] fitted: val_loss=0.007306 |Y_boot|=1.274 |A|=0.0701 Y_mean=-0.6564 q*_mean=['0.000', '-1.489', '-23.907']
INFO PLAT_JUL29 DiffSolverV2 C[t=103] fitted: val_loss=0.007206 |Y_boot|=1.279 |A|=0.07056 Y_mean=-0.6611 q*_mean=['0.000', '-1.801', '-23.456']
INFO PLAT_JUL29 DiffSolverV2 C[t=102] fitted: val_loss=0.007681 |Y_boot|=1.279 |A|=0.07065 Y_mean=-0.6614 q*_mean=['0.000', '-1.440', '-22.894']
INFO PLAT_JUL29 DiffSolverV2 C[t=101] fitted: val_loss=0.006742 |Y_boot|=1.28 |A|=0.06943 Y_mean=-0.663 q*_mean=['0.000', '-1.801', '-23.474']
INFO PLAT_JUL29 DiffSolverV2 C[t=100] fitted: val_loss=0.007234 |Y_boot|=1.282 |A|=0.06918 Y_mean=-0.6675 q*_mean=['0.000', '-1.801', '-23.462']
INFO PLAT_JUL29 DiffSolverV2 C[t=99] fitted: val_loss=0.009431 |Y_boot|=1.281 |A|=0.06954 Y_mean=-0.6668 q*_mean=['0.000', '-1.459', '-23.309']
INFO PLAT_JUL29 DiffSolverV2 C[t=98] fitted: val_loss=0.008251 |Y_boot|=1.286 |A|=0.06955 Y_mean=-0.6717 q*_mean=['0.000', '-1.898', '-22.760']
INFO PLAT_JUL29 DiffSolverV2 C[t=97] fitted: val_loss=0.009129 |Y_boot|=1.28 |A|=0.06931 Y_mean=-0.6661 q*_mean=['0.000', '-2.466', '-21.942']
INFO PLAT_JUL29 DiffSolverV2 C[t=96] fitted: val_loss=0.01067 |Y_boot|=1.282 |A|=0.06772 Y_mean=-0.6687 q*_mean=['0.000', '-2.240', '-22.632']
INFO PLAT_JUL29 DiffSolverV2 C[t=95] fitted: val_loss=0.01184 |Y_boot|=1.276 |A|=0.06769 Y_mean=-0.6647 q*_mean=['0.000', '-1.764', '-22.638']
INFO PLAT_JUL29 DiffSolverV2 C[t=94] fitted: val_loss=0.008487 |Y_boot|=1.271 |A|=0.06703 Y_mean=-0.6612 q*_mean=['0.000', '-2.081', '-22.443']
INFO PLAT_JUL29 DiffSolverV2 C[t=93] fitted: val_loss=0.01188 |Y_boot|=1.269 |A|=0.06786 Y_mean=-0.6602 q*_mean=['0.000', '-1.917', '-22.992']
INFO PLAT_JUL29 DiffSolverV2 C[t=92] fitted: val_loss=0.009822 |Y_boot|=1.266 |A|=0.06854 Y_mean=-0.655 q*_mean=['0.000', '-2.118', '-22.455']
INFO PLAT_JUL29 DiffSolverV2 C[t=91] fitted: val_loss=0.01302 |Y_boot|=1.267 |A|=0.06786 Y_mean=-0.6578 q*_mean=['0.000', '-2.478', '-21.844']
INFO PLAT_JUL29 DiffSolverV2 C[t=90] fitted: val_loss=0.01122 |Y_boot|=1.266 |A|=0.06843 Y_mean=-0.6575 q*_mean=['0.000', '-2.124', '-21.790']
INFO PLAT_JUL29 DiffSolverV2 C[t=89] fitted: val_loss=0.01219 |Y_boot|=1.268 |A|=0.06826 Y_mean=-0.6596 q*_mean=['0.000', '-2.112', '-21.362']
INFO PLAT_JUL29 DiffSolverV2 C[t=88] fitted: val_loss=0.01244 |Y_boot|=1.264 |A|=0.0673 Y_mean=-0.6573 q*_mean=['0.000', '-2.844', '-20.953']
INFO PLAT_JUL29 DiffSolverV2 C[t=87] fitted: val_loss=0.01101 |Y_boot|=1.259 |A|=0.06742 Y_mean=-0.6535 q*_mean=['0.000', '-2.228', '-21.356']
INFO PLAT_JUL29 DiffSolverV2 C[t=86] fitted: val_loss=0.01194 |Y_boot|=1.255 |A|=0.06769 Y_mean=-0.6496 q*_mean=['0.000', '-2.405', '-21.118']
INFO PLAT_JUL29 DiffSolverV2 C[t=85] fitted: val_loss=0.01286 |Y_boot|=1.251 |A|=0.06746 Y_mean=-0.646 q*_mean=['0.000', '-2.765', '-20.996']
INFO PLAT_JUL29 DiffSolverV2 C[t=84] fitted: val_loss=0.0135 |Y_boot|=1.245 |A|=0.06572 Y_mean=-0.6384 q*_mean=['0.000', '-2.417', '-20.374']
INFO PLAT_JUL29 DiffSolverV2 C[t=83] fitted: val_loss=0.01162 |Y_boot|=1.241 |A|=0.06503 Y_mean=-0.6385 q*_mean=['0.000', '-2.435', '-20.355']
INFO PLAT_JUL29 DiffSolverV2 C[t=82] fitted: val_loss=0.01192 |Y_boot|=1.239 |A|=0.06679 Y_mean=-0.6381 q*_mean=['0.000', '-2.631', '-20.032']
INFO PLAT_JUL29 DiffSolverV2 C[t=81] fitted: val_loss=0.01259 |Y_boot|=1.239 |A|=0.06625 Y_mean=-0.6391 q*_mean=['0.000', '-2.820', '-19.861']
INFO PLAT_JUL29 DiffSolverV2 C[t=80] fitted: val_loss=0.008941 |Y_boot|=1.234 |A|=0.06506 Y_mean=-0.6352 q*_mean=['0.000', '-2.338', '-19.318']
INFO PLAT_JUL29 DiffSolverV2 C[t=79] fitted: val_loss=0.01107 |Y_boot|=1.234 |A|=0.06555 Y_mean=-0.6355 q*_mean=['0.000', '-2.484', '-19.366']
INFO PLAT_JUL29 DiffSolverV2 C[t=78] fitted: val_loss=0.01267 |Y_boot|=1.231 |A|=0.06643 Y_mean=-0.6322 q*_mean=['0.000', '-2.527', '-19.238']
INFO PLAT_JUL29 DiffSolverV2 C[t=77] fitted: val_loss=0.01266 |Y_boot|=1.227 |A|=0.06751 Y_mean=-0.6278 q*_mean=['0.000', '-2.014', '-19.293']
INFO PLAT_JUL29 DiffSolverV2 C[t=76] fitted: val_loss=0.01177 |Y_boot|=1.223 |A|=0.0667 Y_mean=-0.6205 q*_mean=['0.000', '-2.606', '-18.994']
INFO PLAT_JUL29 DiffSolverV2 C[t=75] fitted: val_loss=0.01331 |Y_boot|=1.22 |A|=0.06714 Y_mean=-0.6189 q*_mean=['0.000', '-1.978', '-18.927']
INFO PLAT_JUL29 DiffSolverV2 C[t=74] fitted: val_loss=0.009067 |Y_boot|=1.212 |A|=0.0655 Y_mean=-0.6105 q*_mean=['0.000', '-2.252', '-19.025']
INFO PLAT_JUL29 DiffSolverV2 C[t=73] fitted: val_loss=0.0112 |Y_boot|=1.205 |A|=0.06509 Y_mean=-0.6077 q*_mean=['0.000', '-2.533', '-18.610']
INFO PLAT_JUL29 DiffSolverV2 C[t=72] fitted: val_loss=0.009174 |Y_boot|=1.2 |A|=0.06481 Y_mean=-0.6022 q*_mean=['0.000', '-2.600', '-18.689']
INFO PLAT_JUL29 DiffSolverV2 C[t=71] fitted: val_loss=0.01063 |Y_boot|=1.191 |A|=0.06788 Y_mean=-0.5922 q*_mean=['0.000', '-2.979', '-18.848']
INFO PLAT_JUL29 DiffSolverV2 C[t=70] fitted: val_loss=0.009163 |Y_boot|=1.195 |A|=0.06797 Y_mean=-0.5906 q*_mean=['0.000', '-1.971', '-18.524']
INFO PLAT_JUL29 DiffSolverV2 C[t=69] fitted: val_loss=0.01232 |Y_boot|=1.189 |A|=0.06708 Y_mean=-0.5861 q*_mean=['0.000', '-1.575', '-18.964']
INFO PLAT_JUL29 DiffSolverV2 C[t=68] fitted: val_loss=0.01101 |Y_boot|=1.19 |A|=0.06746 Y_mean=-0.5876 q*_mean=['0.000', '-2.191', '-18.738']
INFO PLAT_JUL29 DiffSolverV2 C[t=67] fitted: val_loss=0.01187 |Y_boot|=1.187 |A|=0.06791 Y_mean=-0.5841 q*_mean=['0.000', '-2.606', '-18.372']
INFO PLAT_JUL29 DiffSolverV2 C[t=66] fitted: val_loss=0.01 |Y_boot|=1.189 |A|=0.06735 Y_mean=-0.5894 q*_mean=['0.000', '-2.484', '-18.256']
INFO PLAT_JUL29 DiffSolverV2 C[t=65] fitted: val_loss=0.01266 |Y_boot|=1.187 |A|=0.06807 Y_mean=-0.5903 q*_mean=['0.000', '-2.289', '-17.963']
INFO PLAT_JUL29 DiffSolverV2 C[t=64] fitted: val_loss=0.01398 |Y_boot|=1.189 |A|=0.06684 Y_mean=-0.5911 q*_mean=['0.000', '-2.313', '-17.999']
INFO PLAT_JUL29 DiffSolverV2 C[t=63] fitted: val_loss=0.01382 |Y_boot|=1.185 |A|=0.06756 Y_mean=-0.5911 q*_mean=['0.000', '-1.971', '-17.963']
INFO PLAT_JUL29 DiffSolverV2 C[t=62] fitted: val_loss=0.01015 |Y_boot|=1.184 |A|=0.06593 Y_mean=-0.588 q*_mean=['0.000', '-2.155', '-18.323']
INFO PLAT_JUL29 DiffSolverV2 C[t=61] fitted: val_loss=0.01164 |Y_boot|=1.182 |A|=0.06639 Y_mean=-0.5888 q*_mean=['0.000', '-1.758', '-17.950']
INFO PLAT_JUL29 DiffSolverV2 C[t=60] fitted: val_loss=0.01236 |Y_boot|=1.175 |A|=0.06569 Y_mean=-0.5815 q*_mean=['0.000', '-2.246', '-17.847']
INFO PLAT_JUL29 DiffSolverV2 C[t=59] fitted: val_loss=0.0116 |Y_boot|=1.178 |A|=0.06809 Y_mean=-0.5859 q*_mean=['-30.804', '-1.923', '-17.273']
INFO PLAT_JUL29 DiffSolverV2 C[t=58] fitted: val_loss=0.01128 |Y_boot|=1.183 |A|=0.06495 Y_mean=-0.5948 q*_mean=['-14.758', '-1.599', '-8.228']
INFO PLAT_JUL29 DiffSolverV2 C[t=57] fitted: val_loss=0.009669 |Y_boot|=1.183 |A|=0.06334 Y_mean=-0.5995 q*_mean=['-14.648', '-1.465', '-8.881']
INFO PLAT_JUL29 DiffSolverV2 C[t=56] fitted: val_loss=0.01013 |Y_boot|=1.183 |A|=0.06291 Y_mean=-0.6035 q*_mean=['-14.709', '-0.977', '-8.575']
INFO PLAT_JUL29 DiffSolverV2 C[t=55] fitted: val_loss=0.008762 |Y_boot|=1.184 |A|=0.06153 Y_mean=-0.6044 q*_mean=['-14.587', '-1.910', '-8.429']
INFO PLAT_JUL29 DiffSolverV2 C[t=54] fitted: val_loss=0.01051 |Y_boot|=1.181 |A|=0.06266 Y_mean=-0.6032 q*_mean=['-13.562', '-1.697', '-8.270']
INFO PLAT_JUL29 DiffSolverV2 C[t=53] fitted: val_loss=0.01044 |Y_boot|=1.183 |A|=0.06274 Y_mean=-0.6042 q*_mean=['-13.989', '-1.715', '-8.789']
INFO PLAT_JUL29 DiffSolverV2 C[t=52] fitted: val_loss=0.01198 |Y_boot|=1.185 |A|=0.06399 Y_mean=-0.6058 q*_mean=['-14.514', '-1.727', '-8.765']
INFO PLAT_JUL29 DiffSolverV2 C[t=51] fitted: val_loss=0.01008 |Y_boot|=1.182 |A|=0.06146 Y_mean=-0.6029 q*_mean=['-14.075', '-1.453', '-9.064']
INFO PLAT_JUL29 DiffSolverV2 C[t=50] fitted: val_loss=0.009755 |Y_boot|=1.182 |A|=0.05878 Y_mean=-0.6063 q*_mean=['-14.203', '-1.318', '-8.862']
INFO PLAT_JUL29 DiffSolverV2 C[t=49] fitted: val_loss=0.01111 |Y_boot|=1.18 |A|=0.05733 Y_mean=-0.6064 q*_mean=['-13.824', '-1.459', '-8.575']
INFO PLAT_JUL29 DiffSolverV2 C[t=48] fitted: val_loss=0.009802 |Y_boot|=1.177 |A|=0.05836 Y_mean=-0.6048 q*_mean=['-14.069', '-1.331', '-8.801']
INFO PLAT_JUL29 DiffSolverV2 C[t=47] fitted: val_loss=0.01057 |Y_boot|=1.173 |A|=0.05895 Y_mean=-0.6012 q*_mean=['-14.142', '-1.202', '-9.131']
INFO PLAT_JUL29 DiffSolverV2 C[t=46] fitted: val_loss=0.01067 |Y_boot|=1.169 |A|=0.05866 Y_mean=-0.5972 q*_mean=['-12.854', '-0.977', '-8.972']
INFO PLAT_JUL29 DiffSolverV2 C[t=45] fitted: val_loss=0.009871 |Y_boot|=1.167 |A|=0.0585 Y_mean=-0.5977 q*_mean=['-14.728', '-1.062', '-8.917']
INFO PLAT_JUL29 DiffSolverV2 C[t=44] fitted: val_loss=0.01246 |Y_boot|=1.168 |A|=0.06013 Y_mean=-0.6006 q*_mean=['-13.544', '-1.276', '-9.491']
INFO PLAT_JUL29 DiffSolverV2 C[t=43] fitted: val_loss=0.01167 |Y_boot|=1.166 |A|=0.05907 Y_mean=-0.5964 q*_mean=['-14.691', '-1.172', '-9.088']
INFO PLAT_JUL29 DiffSolverV2 C[t=42] fitted: val_loss=0.01057 |Y_boot|=1.165 |A|=0.05892 Y_mean=-0.5971 q*_mean=['-13.843', '-0.751', '-9.070']
INFO PLAT_JUL29 DiffSolverV2 C[t=41] fitted: val_loss=0.01061 |Y_boot|=1.16 |A|=0.05842 Y_mean=-0.5936 q*_mean=['-14.087', '-1.257', '-9.393']
INFO PLAT_JUL29 DiffSolverV2 C[t=40] fitted: val_loss=0.0122 |Y_boot|=1.159 |A|=0.05994 Y_mean=-0.5932 q*_mean=['-13.580', '-1.166', '-9.845']
INFO PLAT_JUL29 DiffSolverV2 C[t=39] fitted: val_loss=0.0114 |Y_boot|=1.163 |A|=0.06081 Y_mean=-0.5955 q*_mean=['-14.221', '-1.007', '-8.740']
INFO PLAT_JUL29 DiffSolverV2 C[t=38] fitted: val_loss=0.01139 |Y_boot|=1.161 |A|=0.06152 Y_mean=-0.5952 q*_mean=['-13.898', '-0.909', '-9.558']
INFO PLAT_JUL29 DiffSolverV2 C[t=37] fitted: val_loss=0.009951 |Y_boot|=1.16 |A|=0.05951 Y_mean=-0.5936 q*_mean=['-12.830', '-1.208', '-8.734']
INFO PLAT_JUL29 DiffSolverV2 C[t=36] fitted: val_loss=0.01301 |Y_boot|=1.157 |A|=0.05964 Y_mean=-0.5927 q*_mean=['-13.342', '-0.989', '-9.314']
INFO PLAT_JUL29 DiffSolverV2 C[t=35] fitted: val_loss=0.01306 |Y_boot|=1.157 |A|=0.0584 Y_mean=-0.5931 q*_mean=['-12.463', '-1.221', '-9.351']
INFO PLAT_JUL29 DiffSolverV2 C[t=34] fitted: val_loss=0.01113 |Y_boot|=1.157 |A|=0.05916 Y_mean=-0.5952 q*_mean=['-12.537', '-1.208', '-8.997']
INFO PLAT_JUL29 DiffSolverV2 C[t=33] fitted: val_loss=0.0102 |Y_boot|=1.157 |A|=0.06019 Y_mean=-0.5936 q*_mean=['-12.878', '-1.044', '-9.430']
INFO PLAT_JUL29 DiffSolverV2 C[t=32] fitted: val_loss=0.01121 |Y_boot|=1.152 |A|=0.05884 Y_mean=-0.5891 q*_mean=['-13.580', '-0.928', '-8.881']
INFO PLAT_JUL29 DiffSolverV2 C[t=31] fitted: val_loss=0.0106 |Y_boot|=1.147 |A|=0.05657 Y_mean=-0.5856 q*_mean=['-12.134', '-1.483', '-9.070']
INFO PLAT_JUL29 DiffSolverV2 C[t=30] fitted: val_loss=0.01168 |Y_boot|=1.147 |A|=0.05967 Y_mean=-0.5886 q*_mean=['-12.543', '-1.410', '-8.844']
INFO PLAT_JUL29 DiffSolverV2 C[t=29] fitted: val_loss=0.01203 |Y_boot|=1.151 |A|=0.0598 Y_mean=-0.5894 q*_mean=['-10.126', '-5.298', '-8.380']
INFO PLAT_JUL29 DiffSolverV2 C[t=28] fitted: val_loss=0.01086 |Y_boot|=1.148 |A|=0.05984 Y_mean=-0.5874 q*_mean=['-10.516', '-4.291', '-9.161']
INFO PLAT_JUL29 DiffSolverV2 C[t=27] fitted: val_loss=0.01146 |Y_boot|=1.144 |A|=0.05889 Y_mean=-0.5854 q*_mean=['-9.937', '-3.802', '-9.723']
INFO PLAT_JUL29 DiffSolverV2 C[t=26] fitted: val_loss=0.01217 |Y_boot|=1.139 |A|=0.05725 Y_mean=-0.5835 q*_mean=['-11.505', '-3.925', '-9.491']
INFO PLAT_JUL29 DiffSolverV2 C[t=25] fitted: val_loss=0.01321 |Y_boot|=1.137 |A|=0.05545 Y_mean=-0.5851 q*_mean=['-10.059', '-3.662', '-9.198']
INFO PLAT_JUL29 DiffSolverV2 C[t=24] fitted: val_loss=0.01258 |Y_boot|=1.135 |A|=0.0567 Y_mean=-0.5861 q*_mean=['-10.217', '-3.790', '-10.071']
INFO PLAT_JUL29 DiffSolverV2 C[t=23] fitted: val_loss=0.01236 |Y_boot|=1.133 |A|=0.06013 Y_mean=-0.5834 q*_mean=['-10.498', '-3.552', '-9.521']
INFO PLAT_JUL29 DiffSolverV2 C[t=22] fitted: val_loss=0.01037 |Y_boot|=1.134 |A|=0.0598 Y_mean=-0.5797 q*_mean=['-10.217', '-3.772', '-10.339']
INFO PLAT_JUL29 DiffSolverV2 C[t=21] fitted: val_loss=0.01118 |Y_boot|=1.133 |A|=0.06106 Y_mean=-0.5797 q*_mean=['-10.419', '-4.443', '-9.357']
INFO PLAT_JUL29 DiffSolverV2 C[t=20] fitted: val_loss=0.01049 |Y_boot|=1.129 |A|=0.06069 Y_mean=-0.5755 q*_mean=['-9.314', '-5.396', '-10.175']
INFO PLAT_JUL29 DiffSolverV2 C[t=19] fitted: val_loss=0.01089 |Y_boot|=1.128 |A|=0.06033 Y_mean=-0.576 q*_mean=['-8.105', '-6.464', '-9.973']
INFO PLAT_JUL29 DiffSolverV2 C[t=18] fitted: val_loss=0.009523 |Y_boot|=1.124 |A|=0.0592 Y_mean=-0.5745 q*_mean=['-6.946', '-8.929', '-9.595']
INFO PLAT_JUL29 DiffSolverV2 C[t=17] fitted: val_loss=0.009169 |Y_boot|=1.121 |A|=0.05697 Y_mean=-0.5726 q*_mean=['-5.103', '-11.877', '-9.674']
INFO PLAT_JUL29 DiffSolverV2 C[t=16] fitted: val_loss=0.008649 |Y_boot|=1.116 |A|=0.0545 Y_mean=-0.57 q*_mean=['-3.235', '-13.611', '-9.320']
INFO PLAT_JUL29 DiffSolverV2 C[t=15] fitted: val_loss=0.01023 |Y_boot|=1.112 |A|=0.05447 Y_mean=-0.568 q*_mean=['-1.984', '-15.582', '-8.911']
INFO PLAT_JUL29 DiffSolverV2 C[t=14] fitted: val_loss=0.009667 |Y_boot|=1.106 |A|=0.05641 Y_mean=-0.5637 q*_mean=['-1.685', '-16.992', '-8.752']
INFO PLAT_JUL29 DiffSolverV2 C[t=13] fitted: val_loss=0.01001 |Y_boot|=1.102 |A|=0.05446 Y_mean=-0.5586 q*_mean=['-2.234', '-19.769', '-8.459']
INFO PLAT_JUL29 DiffSolverV2 C[t=12] fitted: val_loss=0.01111 |Y_boot|=1.098 |A|=0.05576 Y_mean=-0.5564 q*_mean=['-3.143', '-19.861', '-7.147']
INFO PLAT_JUL29 DiffSolverV2 C[t=11] fitted: val_loss=0.01228 |Y_boot|=1.1 |A|=0.05622 Y_mean=-0.5578 q*_mean=['-2.686', '-21.490', '-5.902']
INFO PLAT_JUL29 DiffSolverV2 C[t=10] fitted: val_loss=0.01124 |Y_boot|=1.099 |A|=0.05483 Y_mean=-0.5573 q*_mean=['-4.504', '-22.925', '-4.199']
INFO PLAT_JUL29 DiffSolverV2 C[t=9] fitted: val_loss=0.009699 |Y_boot|=1.097 |A|=0.05891 Y_mean=-0.5559 q*_mean=['-5.829', '-22.540', '-4.840']
INFO PLAT_JUL29 DiffSolverV2 C[t=8] fitted: val_loss=0.01047 |Y_boot|=1.096 |A|=0.05981 Y_mean=-0.5523 q*_mean=['-4.950', '-18.994', '-9.766']
INFO PLAT_JUL29 DiffSolverV2 C[t=7] fitted: val_loss=0.01096 |Y_boot|=1.09 |A|=0.06176 Y_mean=-0.5456 q*_mean=['-5.688', '-7.666', '-20.746']
INFO PLAT_JUL29 DiffSolverV2 C[t=6] fitted: val_loss=0.00834 |Y_boot|=1.088 |A|=0.06475 Y_mean=-0.5402 q*_mean=['-5.347', '-2.686', '-27.704']
INFO PLAT_JUL29 DiffSolverV2 C[t=5] fitted: val_loss=0.01222 |Y_boot|=1.091 |A|=0.06521 Y_mean=-0.5383 q*_mean=['-4.822', '-1.556', '-30.121']
INFO PLAT_JUL29 DiffSolverV2 C[t=4] fitted: val_loss=0.01325 |Y_boot|=1.081 |A|=0.06351 Y_mean=-0.5266 q*_mean=['-4.736', '-0.842', '-31.384']
INFO PLAT_JUL29 DiffSolverV2 C[t=3] fitted: val_loss=0.009982 |Y_boot|=1.076 |A|=0.06491 Y_mean=-0.5205 q*_mean=['-5.023', '-0.555', '-32.233']
INFO PLAT_JUL29 DiffSolverV2 C[t=2] fitted: val_loss=0.01088 |Y_boot|=1.071 |A|=0.06711 Y_mean=-0.5136 q*_mean=['-4.608', '-0.305', '-33.136']
INFO PLAT_JUL29 DiffSolverV2 C[t=1] fitted: val_loss=0.01069 |Y_boot|=1.064 |A|=0.06884 Y_mean=-0.5019 q*_mean=['-5.023', '-0.171', '-33.289']
INFO PLAT_JUL29 DiffSolverV2 C[t=0] fitted: val_loss=0.01088 |Y_boot|=1.059 |A|=0.06975 Y_mean=-0.4934 q*_mean=['-4.199', '0.000', '-33.252']
INFO PLAT_JUL29 DiffSolverV2 sweep complete: t=125→0 | max|Y_boot|=1.429 (BOUNDED) | V_0=-0.493441 | n_star@t=0=[-4.19921875, 0.0, -33.251953125]
INFO PLAT_JUL29 DiffSolverV2 SAVED value fn to /home/vretiel/PycharmProjects/riskflow/artifacts/walk_forward/artifacts/walk_forward/driftless_gpu0/value_fn_202106_garch_s314.pt (V_0=-0.493441)
INFO PLAT_JUL29 DiffSolverV2 IN-SAMPLE vs OOS u(W_T): greedy IS=-0.61437 OOS=-0.54651 | textbook IS=-0.74027 OOS=-0.66738 (gap IS−OOS greedy=-0.06785 → overfit if large)
INFO PLAT_JUL29 DiffSolverV2 VERDICT (OUT-OF-SAMPLE rollout t=0→T over 1024 outer paths, start flat):
  policy    u(W_T)mean    W_T mean       W_T p5         W_T CVaR5
  greedy    -0.54651    +1.2462e+05   -7.3773e+05   -9.3652e+05
  textbook  -0.66738    +6.8791e+04   -7.6359e+05   -9.3056e+05
  nohedge   -0.88931    +7.3463e+04   -8.7575e+05   -1.0611e+06
  → on the OBJECTIVE E[u(W_T)]: beats no-hedge=True, beats textbook=True | tail(CVaR5) competitive w/ textbook=True
INFO PLAT_JUL29 DiffSolverV2 greedy positions: mean|q| per instrument=['3.93', '2.01', '18.97'] | q@t0=[-1.519775390625, 0.0, -31.43310546875] | q@mid=[0.0, -1.483154296875, -18.975830078125] (textbook q@t0=[-7.347919940948486, -7.336307048797607, -6.859274864196777])
INFO PLAT_JUL29 solve_hedge tracks: {'DiffSolverV2': -0.4934} | ladder holds=True
INFO PLAT_JUL29 === ROLL 202106 (stepper, realized path, 3-seed ensemble, inner=512) ===
WARNING md_202104_garch_driftless Price Factor 'DiscountRate.USD-SOFR' not found in market data
INFO md_202104_garch_driftless Creating default Discount Factor(type='DiscountRate', name=('USD-SOFR',))
INFO PLAT_JUL29 Observed_Scenario substituted 2 factor(s): ['CommodityPrice.PLATINUM_CME', 'CommodityBasis.LME_CME']
INFO PLAT_JUL29 liability scalars: total_leg_volume=2500.0 last_settlement_index=155
INFO PLAT_JUL29 utility_scale (symlog c) resolved to 471819.95
INFO PLAT_JUL29 DiffSolverV2 setup: n_hedge=3 active=[0, 1, 2] T_dec=126 (of 128 sim steps; last-live mtm=[-2]) B_outer=1 levels=9 fit_iters=60 lr=0.002 | contract_size=[50.0, 50.0, 50.0] | q∈[[-50.0, -50.0, -50.0], [0.0, 0.0, 0.0]] total_abs_limit=50
INFO PLAT_JUL29 DiffSolverV2 inner forks: one_step=True (window {t, t+1} generation+pricing)
INFO PLAT_JUL29 DiffSolverV2 bank: market_dim=7 | swept W∈[-4.362e+05, 6.73e+04] mean=-2.281e+05 std=1.351e+05 | q_rep(t=0)=[0.0, 0.0, 0.0]
INFO PLAT_JUL29 DiffSolverV2 LOADED value fn from /home/vretiel/PycharmProjects/riskflow/artifacts/walk_forward/artifacts/walk_forward/driftless_gpu0/value_fn_202106_garch_s7.pt (train V_0=-0.559866) | eval-world market drift vs train frame: max 0.874 σ | utility_scale 929678
INFO PLAT_JUL29 DiffSolverV2 LOADED value fn from /home/vretiel/PycharmProjects/riskflow/artifacts/walk_forward/artifacts/walk_forward/driftless_gpu0/value_fn_202106_garch_s42.pt (train V_0=-0.503086) | eval-world market drift vs train frame: max 0.874 σ | utility_scale 930098
INFO PLAT_JUL29 DiffSolverV2 LOADED value fn from /home/vretiel/PycharmProjects/riskflow/artifacts/walk_forward/artifacts/walk_forward/driftless_gpu0/value_fn_202106_garch_s314.pt (train V_0=-0.493441) | eval-world market drift vs train frame: max 0.967 σ | utility_scale 953713
WARNING PLAT_JUL29 DiffSolverV2 ensemble utility_scale spread 2.52% — members trained against different anchors; averaging is approximate
INFO PLAT_JUL29 DiffSolverV2 action grid: K=165 actions (levels=9 ^ active=3)
INFO PLAT_JUL29 DiffSolverV2 ENSEMBLE argmax over 3 value fns
INFO PLAT_JUL29 DiffSolverV2 STEPPER ROLLOUT (frozen policy, realized path, real accounting):
  greedy   wT=-2.1481e+05 p5=-2.1481e+05 cvar5=-2.1481e+05
  textbook wT=-4.9020e+05 p5=-4.9020e+05 cvar5=-4.9020e+05
  nohedge  wT=-4.9020e+05 p5=-4.9020e+05 cvar5=-4.9020e+05
INFO PLAT_JUL29 DiffSolverV2 VERDICT (OUT-OF-SAMPLE rollout t=0→T over 1 outer paths, start flat):
  policy    u(W_T)mean    W_T mean       W_T p5         W_T CVaR5
  greedy    -0.49199    -2.0154e+05   -2.0154e+05   -2.0154e+05
  textbook  -2.16201    -4.9021e+05   -4.9021e+05   -4.9021e+05
  nohedge   -2.16201    -4.9021e+05   -4.9021e+05   -4.9021e+05
  → on the OBJECTIVE E[u(W_T)]: beats no-hedge=True, beats textbook=True | tail(CVaR5) competitive w/ textbook=True
INFO PLAT_JUL29 DiffSolverV2 greedy positions: mean|q| per instrument=['0.00', '0.00', '29.56'] | q@t0=[0.0, 0.0, 0.0] | q@mid=[0.0, 0.0, -37.5] (textbook q@t0=[0.0, 0.0, 0.0])
INFO PLAT_JUL29 solve_hedge tracks: {'DiffSolverV2': -0.5599} | ladder holds=True
INFO PLAT_JUL29 === TRAIN 202106 seed=7 SKIP (checkpoint exists) ===
INFO PLAT_JUL29 === TRAIN 202106 seed=42 SKIP (checkpoint exists) ===
INFO PLAT_JUL29 === TRAIN 202106 seed=314 SKIP (checkpoint exists) ===
INFO PLAT_JUL29 === ROLL 202106 (stepper, realized path, 3-seed ensemble, inner=512) ===
WARNING md_202104_garch_driftless Price Factor 'DiscountRate.USD-SOFR' not found in market data
INFO md_202104_garch_driftless Creating default Discount Factor(type='DiscountRate', name=('USD-SOFR',))
INFO PLAT_JUL29 Observed_Scenario substituted 2 factor(s): ['CommodityPrice.PLATINUM_CME', 'CommodityBasis.LME_CME']
INFO PLAT_JUL29 liability scalars: total_leg_volume=2500.0 last_settlement_index=155
INFO PLAT_JUL29 utility_scale (symlog c) resolved to 471819.95
INFO PLAT_JUL29 DiffSolverV2 setup: n_hedge=3 active=[0, 1, 2] T_dec=126 (of 128 sim steps; last-live mtm=[-2]) B_outer=1 levels=9 fit_iters=60 lr=0.002 | contract_size=[50.0, 50.0, 50.0] | q∈[[-50.0, -50.0, -50.0], [0.0, 0.0, 0.0]] total_abs_limit=50
INFO PLAT_JUL29 DiffSolverV2 inner forks: one_step=True (window {t, t+1} generation+pricing)
INFO PLAT_JUL29 DiffSolverV2 bank IN Total_Position_Schedule (post-projection): residual frac(Σq outside corridor) min=0.000 mean=0.000 max=0.000 | worst t=0 corridor=[-50, -42.5] bank Σq∈[-42.5, -42.5] frac_oob=0.000 (≈0 ⇒ projection clean)
INFO PLAT_JUL29 DiffSolverV2 bank: market_dim=7 | swept W∈[-1.021e+05, 2.606e+05] mean=1.715e+04 std=6.756e+04 | q_rep(t=0)=[0.0, 0.0, 0.0]
INFO PLAT_JUL29 DiffV2_Load_Value_Fn: /home/vretiel/PycharmProjects/riskflow/artifacts/walk_forward/artifacts/walk_forward/driftless_gpu0/b015_202106/value_fn_202106_garch_s7.pt trained corridor-free (widest wealth support); rolling under a Total_Position_Schedule only restricts to a learned subset — valid.
INFO PLAT_JUL29 DiffSolverV2 LOADED value fn from /home/vretiel/PycharmProjects/riskflow/artifacts/walk_forward/artifacts/walk_forward/driftless_gpu0/b015_202106/value_fn_202106_garch_s7.pt (train V_0=-0.559866) | eval-world market drift vs train frame: max 0.874 σ | utility_scale 929678
INFO PLAT_JUL29 DiffV2_Load_Value_Fn: /home/vretiel/PycharmProjects/riskflow/artifacts/walk_forward/artifacts/walk_forward/driftless_gpu0/b015_202106/value_fn_202106_garch_s42.pt trained corridor-free (widest wealth support); rolling under a Total_Position_Schedule only restricts to a learned subset — valid.
INFO PLAT_JUL29 DiffSolverV2 LOADED value fn from /home/vretiel/PycharmProjects/riskflow/artifacts/walk_forward/artifacts/walk_forward/driftless_gpu0/b015_202106/value_fn_202106_garch_s42.pt (train V_0=-0.503086) | eval-world market drift vs train frame: max 0.874 σ | utility_scale 930098
INFO PLAT_JUL29 DiffV2_Load_Value_Fn: /home/vretiel/PycharmProjects/riskflow/artifacts/walk_forward/artifacts/walk_forward/driftless_gpu0/b015_202106/value_fn_202106_garch_s314.pt trained corridor-free (widest wealth support); rolling under a Total_Position_Schedule only restricts to a learned subset — valid.
INFO PLAT_JUL29 DiffSolverV2 LOADED value fn from /home/vretiel/PycharmProjects/riskflow/artifacts/walk_forward/artifacts/walk_forward/driftless_gpu0/b015_202106/value_fn_202106_garch_s314.pt (train V_0=-0.493441) | eval-world market drift vs train frame: max 0.967 σ | utility_scale 953713
WARNING PLAT_JUL29 DiffSolverV2 ensemble utility_scale spread 2.52% — members trained against different anchors; averaging is approximate
INFO PLAT_JUL29 DiffSolverV2 action grid: K=165 actions (levels=9 ^ active=3)
INFO PLAT_JUL29 DiffSolverV2 ENSEMBLE argmax over 3 value fns
INFO PLAT_JUL29 DiffSolverV2 STEPPER ROLLOUT (frozen policy, realized path, real accounting):
  greedy   wT=+6.5176e+04 p5=+6.5176e+04 cvar5=+6.5176e+04
  textbook wT=-5.3227e+04 p5=-5.3227e+04 cvar5=-5.3227e+04
  nohedge  wT=-4.9020e+05 p5=-4.9020e+05 cvar5=-4.9020e+05
INFO PLAT_JUL29 DiffSolverV2 VERDICT (OUT-OF-SAMPLE rollout t=0→T over 1 outer paths, start flat):
  policy    u(W_T)mean    W_T mean       W_T p5         W_T CVaR5
  greedy    +0.08191    +7.6814e+04   +7.6814e+04   +7.6814e+04
  textbook  -0.06962    -4.9571e+04   -4.9571e+04   -4.9571e+04
  nohedge   -2.16201    -4.9021e+05   -4.9021e+05   -4.9021e+05
  → on the OBJECTIVE E[u(W_T)]: beats no-hedge=True, beats textbook=True | tail(CVaR5) competitive w/ textbook=True
INFO PLAT_JUL29 DiffSolverV2 greedy positions: mean|q| per instrument=['0.00', '0.00', '40.13'] | q@t0=[0.0, 0.0, -43.75] | q@mid=[0.0, 0.0, -50.0] (textbook q@t0=[0.0, 0.0, 0.0])
INFO PLAT_JUL29 solve_hedge tracks: {'DiffSolverV2': -0.5599} | ladder holds=True
INFO PLAT_JUL29 JOB 202106 DONE: greedy_free=-85.92 greedy_015=26.07 u_pre_free=0.4981 u_pre_015=0.8939 PASS=True breaches=0 churn_015=93.8 train_u=[-0.5918, -0.6014, -0.5465]
INFO PLAT_JUL29 === ARM B 202001 DRIFTLESS retrain: md=md_202001_garch_driftless.json Convexity=Yes (omega=2.882e-06 alpha=0.0335 beta=0.9496 nu=8.05 H0=1.814e-04) ===
INFO PLAT_JUL29 === TRAIN 202001 seed=7 (fair=959.64, strike=951.64) ===
WARNING md_202001_garch_driftless Price Factor 'DiscountRate.USD-SOFR' not found in market data
INFO md_202001_garch_driftless Creating default Discount Factor(type='DiscountRate', name=('USD-SOFR',))
INFO PLAT_JUL29 liability scalars: total_leg_volume=2500.0 last_settlement_index=154
INFO PLAT_JUL29 utility_scale (symlog c) resolved to 580883.94
INFO PLAT_JUL29 DiffSolverV2 setup: n_hedge=3 active=[0, 1, 2] T_dec=125 (of 127 sim steps; last-live mtm=[-2]) B_outer=2048 levels=9 fit_iters=40 lr=0.002 | contract_size=[50.0, 50.0, 50.0] | q∈[[-50.0, -50.0, -50.0], [0.0, 0.0, 0.0]] total_abs_limit=50
INFO PLAT_JUL29 DiffSolverV2 inner forks: one_step=True (window {t, t+1} generation+pricing)
INFO PLAT_JUL29 DiffSolverV2 bank: market_dim=7 | swept W∈[-9.643e+05, 1.512e+06] mean=3.52e+04 std=3.303e+05 | q_rep(t=0)=[-8.41927433013916, -8.368577003479004, -8.326764106750488]
INFO PLAT_JUL29 DiffSolverV2 action grid: K=165 actions (levels=9 ^ active=3)
INFO PLAT_JUL29 DiffSolverV2 C[t=124] fitted: val_loss=4.219e-05 |Y_boot|=1.281 |A|=0.0004855 Y_mean=-0.753 q*_mean=['0.000', '0.000', '-17.578']
INFO PLAT_JUL29 DiffSolverV2 C[t=123] fitted: val_loss=5.596e-05 |Y_boot|=1.282 |A|=0.0006827 Y_mean=-0.7545 q*_mean=['0.000', '0.000', '-18.707']
INFO PLAT_JUL29 DiffSolverV2 C[t=122] fitted: val_loss=4.441e-05 |Y_boot|=1.282 |A|=0.0003446 Y_mean=-0.7541 q*_mean=['0.000', '0.000', '-18.671']
INFO PLAT_JUL29 DiffSolverV2 C[t=121] fitted: val_loss=5.38e-05 |Y_boot|=1.282 |A|=0.000195 Y_mean=-0.7533 q*_mean=['0.000', '0.000', '-17.603']
INFO PLAT_JUL29 DiffSolverV2 C[t=120] fitted: val_loss=0.0001158 |Y_boot|=1.28 |A|=0.000551 Y_mean=-0.7519 q*_mean=['0.000', '-10.187', '-8.069']
INFO PLAT_JUL29 DiffSolverV2 C[t=119] fitted: val_loss=0.0001277 |Y_boot|=1.281 |A|=0.0005837 Y_mean=-0.7522 q*_mean=['0.000', '-11.261', '-6.305']
INFO PLAT_JUL29 DiffSolverV2 C[t=118] fitted: val_loss=0.0002502 |Y_boot|=1.28 |A|=0.0005758 Y_mean=-0.7513 q*_mean=['0.000', '-14.252', '-4.138']
INFO PLAT_JUL29 DiffSolverV2 C[t=117] fitted: val_loss=0.0005243 |Y_boot|=1.281 |A|=0.0008639 Y_mean=-0.7513 q*_mean=['0.000', '-14.587', '-4.297']
INFO PLAT_JUL29 DiffSolverV2 C[t=116] fitted: val_loss=0.000875 |Y_boot|=1.281 |A|=0.0006984 Y_mean=-0.7533 q*_mean=['0.000', '-14.276', '-4.108']
INFO PLAT_JUL29 DiffSolverV2 C[t=115] fitted: val_loss=0.0008688 |Y_boot|=1.281 |A|=0.0007227 Y_mean=-0.753 q*_mean=['0.000', '-15.149', '-4.694']
INFO PLAT_JUL29 DiffSolverV2 C[t=114] fitted: val_loss=0.001098 |Y_boot|=1.28 |A|=0.0008905 Y_mean=-0.7504 q*_mean=['0.000', '-15.564', '-5.176']
INFO PLAT_JUL29 DiffSolverV2 C[t=113] fitted: val_loss=0.001499 |Y_boot|=1.277 |A|=0.001307 Y_mean=-0.7481 q*_mean=['0.000', '-14.380', '-5.817']
INFO PLAT_JUL29 DiffSolverV2 C[t=112] fitted: val_loss=0.002659 |Y_boot|=1.278 |A|=0.0006431 Y_mean=-0.7484 q*_mean=['0.000', '-14.172', '-5.573']
INFO PLAT_JUL29 DiffSolverV2 C[t=111] fitted: val_loss=0.00276 |Y_boot|=1.279 |A|=0.004801 Y_mean=-0.7504 q*_mean=['0.000', '-14.679', '-6.439']
INFO PLAT_JUL29 DiffSolverV2 C[t=110] fitted: val_loss=0.003852 |Y_boot|=1.278 |A|=0.002734 Y_mean=-0.7465 q*_mean=['0.000', '-16.052', '-6.805']
INFO PLAT_JUL29 DiffSolverV2 C[t=109] fitted: val_loss=0.00402 |Y_boot|=1.279 |A|=0.003285 Y_mean=-0.7492 q*_mean=['0.000', '-15.271', '-6.787']
INFO PLAT_JUL29 DiffSolverV2 C[t=108] fitted: val_loss=0.003477 |Y_boot|=1.279 |A|=0.002919 Y_mean=-0.7496 q*_mean=['0.000', '-15.546', '-6.744']
INFO PLAT_JUL29 DiffSolverV2 C[t=107] fitted: val_loss=0.004683 |Y_boot|=1.275 |A|=0.0007335 Y_mean=-0.7466 q*_mean=['0.000', '-15.375', '-6.384']
INFO PLAT_JUL29 DiffSolverV2 C[t=106] fitted: val_loss=0.006015 |Y_boot|=1.277 |A|=0.002617 Y_mean=-0.7515 q*_mean=['0.000', '-17.053', '-7.611']
INFO PLAT_JUL29 DiffSolverV2 C[t=105] fitted: val_loss=0.00636 |Y_boot|=1.276 |A|=0.007473 Y_mean=-0.7482 q*_mean=['0.000', '-15.619', '-7.635']
INFO PLAT_JUL29 DiffSolverV2 C[t=104] fitted: val_loss=0.007786 |Y_boot|=1.277 |A|=0.01104 Y_mean=-0.7452 q*_mean=['0.000', '-18.060', '-7.318']
INFO PLAT_JUL29 DiffSolverV2 C[t=103] fitted: val_loss=0.008805 |Y_boot|=1.276 |A|=0.0121 Y_mean=-0.7419 q*_mean=['0.000', '-17.950', '-7.104']
INFO PLAT_JUL29 DiffSolverV2 C[t=102] fitted: val_loss=0.01015 |Y_boot|=1.275 |A|=0.01289 Y_mean=-0.7398 q*_mean=['0.000', '-18.988', '-7.660']
INFO PLAT_JUL29 DiffSolverV2 C[t=101] fitted: val_loss=0.009933 |Y_boot|=1.276 |A|=0.01571 Y_mean=-0.7401 q*_mean=['0.000', '-17.957', '-7.648']
INFO PLAT_JUL29 DiffSolverV2 C[t=100] fitted: val_loss=0.009329 |Y_boot|=1.274 |A|=0.01651 Y_mean=-0.7359 q*_mean=['0.000', '-19.885', '-7.367']
INFO PLAT_JUL29 DiffSolverV2 C[t=99] fitted: val_loss=0.01067 |Y_boot|=1.274 |A|=0.01587 Y_mean=-0.7362 q*_mean=['0.000', '-19.879', '-7.074']
INFO PLAT_JUL29 DiffSolverV2 C[t=98] fitted: val_loss=0.01186 |Y_boot|=1.272 |A|=0.01485 Y_mean=-0.7339 q*_mean=['0.000', '-20.667', '-7.654']
INFO PLAT_JUL29 DiffSolverV2 C[t=97] fitted: val_loss=0.01592 |Y_boot|=1.267 |A|=0.01776 Y_mean=-0.7303 q*_mean=['0.000', '-21.741', '-7.477']
INFO PLAT_JUL29 DiffSolverV2 C[t=96] fitted: val_loss=0.01796 |Y_boot|=1.266 |A|=0.0165 Y_mean=-0.7266 q*_mean=['0.000', '-21.771', '-7.788']
INFO PLAT_JUL29 DiffSolverV2 C[t=95] fitted: val_loss=0.02019 |Y_boot|=1.267 |A|=0.01605 Y_mean=-0.728 q*_mean=['0.000', '-21.454', '-7.941']
INFO PLAT_JUL29 DiffSolverV2 C[t=94] fitted: val_loss=0.02714 |Y_boot|=1.261 |A|=0.01767 Y_mean=-0.7228 q*_mean=['0.000', '-21.881', '-8.246']
INFO PLAT_JUL29 DiffSolverV2 C[t=93] fitted: val_loss=0.0212 |Y_boot|=1.261 |A|=0.02423 Y_mean=-0.721 q*_mean=['0.000', '-21.106', '-8.728']
INFO PLAT_JUL29 DiffSolverV2 C[t=92] fitted: val_loss=0.02055 |Y_boot|=1.261 |A|=0.01817 Y_mean=-0.7164 q*_mean=['0.000', '-23.065', '-7.526']
INFO PLAT_JUL29 DiffSolverV2 C[t=91] fitted: val_loss=0.01957 |Y_boot|=1.257 |A|=0.0124 Y_mean=-0.7181 q*_mean=['0.000', '-23.511', '-8.020']
INFO PLAT_JUL29 DiffSolverV2 C[t=90] fitted: val_loss=3.837 |Y_boot|=1.374 |A|=0.0794 Y_mean=+0.5876 q*_mean=['0.000', '-0.006', '-33.594']
INFO PLAT_JUL29 DiffSolverV2 C[t=89] fitted: val_loss=0.4192 |Y_boot|=1.117 |A|=0.07867 Y_mean=-0.2978 q*_mean=['0.000', '-0.330', '-34.033']
INFO PLAT_JUL29 DiffSolverV2 C[t=88] fitted: val_loss=0.1716 |Y_boot|=1.155 |A|=0.07812 Y_mean=-0.4448 q*_mean=['0.000', '-0.372', '-33.783']
INFO PLAT_JUL29 DiffSolverV2 C[t=87] fitted: val_loss=0.08162 |Y_boot|=1.169 |A|=0.07717 Y_mean=-0.5025 q*_mean=['0.000', '-0.549', '-35.010']
INFO PLAT_JUL29 DiffSolverV2 C[t=86] fitted: val_loss=0.0567 |Y_boot|=1.18 |A|=0.07603 Y_mean=-0.5353 q*_mean=['0.000', '-0.934', '-33.978']
INFO PLAT_JUL29 DiffSolverV2 C[t=85] fitted: val_loss=0.04601 |Y_boot|=1.191 |A|=0.07511 Y_mean=-0.5592 q*_mean=['0.000', '-1.422', '-33.136']
INFO PLAT_JUL29 DiffSolverV2 C[t=84] fitted: val_loss=0.04542 |Y_boot|=1.199 |A|=0.07469 Y_mean=-0.5723 q*_mean=['0.000', '-2.008', '-33.612']
INFO PLAT_JUL29 DiffSolverV2 C[t=83] fitted: val_loss=0.04217 |Y_boot|=1.21 |A|=0.07447 Y_mean=-0.5883 q*_mean=['0.000', '-1.343', '-33.075']
INFO PLAT_JUL29 DiffSolverV2 C[t=82] fitted: val_loss=0.03503 |Y_boot|=1.213 |A|=0.07288 Y_mean=-0.5967 q*_mean=['0.000', '-1.819', '-33.569']
INFO PLAT_JUL29 DiffSolverV2 C[t=81] fitted: val_loss=0.03175 |Y_boot|=1.213 |A|=0.07249 Y_mean=-0.6 q*_mean=['0.000', '-2.173', '-33.917']
INFO PLAT_JUL29 DiffSolverV2 C[t=80] fitted: val_loss=0.03201 |Y_boot|=1.216 |A|=0.07163 Y_mean=-0.6072 q*_mean=['0.000', '-2.124', '-34.015']
INFO PLAT_JUL29 DiffSolverV2 C[t=79] fitted: val_loss=0.02707 |Y_boot|=1.212 |A|=0.07121 Y_mean=-0.608 q*_mean=['0.000', '-1.929', '-34.436']
INFO PLAT_JUL29 DiffSolverV2 C[t=78] fitted: val_loss=0.02645 |Y_boot|=1.211 |A|=0.07158 Y_mean=-0.6116 q*_mean=['0.000', '-2.826', '-34.070']
INFO PLAT_JUL29 DiffSolverV2 C[t=77] fitted: val_loss=0.02701 |Y_boot|=1.214 |A|=0.07041 Y_mean=-0.6185 q*_mean=['0.000', '-3.229', '-33.984']
INFO PLAT_JUL29 DiffSolverV2 C[t=76] fitted: val_loss=0.02841 |Y_boot|=1.215 |A|=0.06922 Y_mean=-0.6222 q*_mean=['0.000', '-3.339', '-33.472']
INFO PLAT_JUL29 DiffSolverV2 C[t=75] fitted: val_loss=0.02391 |Y_boot|=1.209 |A|=0.06952 Y_mean=-0.6168 q*_mean=['0.000', '-3.333', '-33.649']
INFO PLAT_JUL29 DiffSolverV2 C[t=74] fitted: val_loss=0.02496 |Y_boot|=1.211 |A|=0.06843 Y_mean=-0.6183 q*_mean=['0.000', '-3.638', '-33.453']
INFO PLAT_JUL29 DiffSolverV2 C[t=73] fitted: val_loss=0.02383 |Y_boot|=1.212 |A|=0.06804 Y_mean=-0.62 q*_mean=['0.000', '-3.790', '-32.635']
INFO PLAT_JUL29 DiffSolverV2 C[t=72] fitted: val_loss=0.02333 |Y_boot|=1.21 |A|=0.06668 Y_mean=-0.6168 q*_mean=['0.000', '-4.584', '-32.227']
INFO PLAT_JUL29 DiffSolverV2 C[t=71] fitted: val_loss=0.02936 |Y_boot|=1.205 |A|=0.06538 Y_mean=-0.6139 q*_mean=['0.000', '-3.748', '-32.477']
INFO PLAT_JUL29 DiffSolverV2 C[t=70] fitted: val_loss=0.02826 |Y_boot|=1.201 |A|=0.06494 Y_mean=-0.6102 q*_mean=['0.000', '-5.054', '-31.836']
INFO PLAT_JUL29 DiffSolverV2 C[t=69] fitted: val_loss=0.02662 |Y_boot|=1.195 |A|=0.06386 Y_mean=-0.6075 q*_mean=['0.000', '-5.164', '-31.165']
INFO PLAT_JUL29 DiffSolverV2 C[t=68] fitted: val_loss=0.02266 |Y_boot|=1.193 |A|=0.06415 Y_mean=-0.6053 q*_mean=['0.000', '-4.980', '-31.134']
INFO PLAT_JUL29 DiffSolverV2 C[t=67] fitted: val_loss=0.02547 |Y_boot|=1.185 |A|=0.06664 Y_mean=-0.597 q*_mean=['0.000', '-5.109', '-30.109']
INFO PLAT_JUL29 DiffSolverV2 C[t=66] fitted: val_loss=0.02409 |Y_boot|=1.185 |A|=0.06697 Y_mean=-0.5943 q*_mean=['0.000', '-5.878', '-30.695']
INFO PLAT_JUL29 DiffSolverV2 C[t=65] fitted: val_loss=0.02067 |Y_boot|=1.181 |A|=0.06657 Y_mean=-0.5921 q*_mean=['0.000', '-5.292', '-29.980']
INFO PLAT_JUL29 DiffSolverV2 C[t=64] fitted: val_loss=0.0229 |Y_boot|=1.183 |A|=0.06728 Y_mean=-0.5963 q*_mean=['0.000', '-5.249', '-30.060']
INFO PLAT_JUL29 DiffSolverV2 C[t=63] fitted: val_loss=0.02282 |Y_boot|=1.178 |A|=0.06495 Y_mean=-0.5937 q*_mean=['0.000', '-6.104', '-30.182']
INFO PLAT_JUL29 DiffSolverV2 C[t=62] fitted: val_loss=0.02557 |Y_boot|=1.174 |A|=0.06325 Y_mean=-0.5923 q*_mean=['0.000', '-5.682', '-31.122']
INFO PLAT_JUL29 DiffSolverV2 C[t=61] fitted: val_loss=0.02266 |Y_boot|=1.171 |A|=0.063 Y_mean=-0.5918 q*_mean=['0.000', '-5.743', '-30.652']
INFO PLAT_JUL29 DiffSolverV2 C[t=60] fitted: val_loss=0.02434 |Y_boot|=1.167 |A|=0.06161 Y_mean=-0.5873 q*_mean=['0.000', '-6.232', '-29.816']
INFO PLAT_JUL29 DiffSolverV2 C[t=59] fitted: val_loss=0.02395 |Y_boot|=1.158 |A|=0.05927 Y_mean=-0.5794 q*_mean=['0.000', '-6.085', '-30.127']
INFO PLAT_JUL29 DiffSolverV2 C[t=58] fitted: val_loss=0.02424 |Y_boot|=1.151 |A|=0.06204 Y_mean=-0.5782 q*_mean=['0.000', '-6.311', '-30.219']
INFO PLAT_JUL29 DiffSolverV2 C[t=57] fitted: val_loss=0.02323 |Y_boot|=1.148 |A|=0.06144 Y_mean=-0.5742 q*_mean=['0.000', '-6.030', '-29.706']
INFO PLAT_JUL29 DiffSolverV2 C[t=56] fitted: val_loss=0.03052 |Y_boot|=1.145 |A|=0.06376 Y_mean=-0.572 q*_mean=['0.000', '-6.531', '-29.248']
INFO PLAT_JUL29 DiffSolverV2 C[t=55] fitted: val_loss=0.02767 |Y_boot|=1.139 |A|=0.06415 Y_mean=-0.5666 q*_mean=['0.000', '-6.976', '-29.272']
INFO PLAT_JUL29 DiffSolverV2 C[t=54] fitted: val_loss=0.02192 |Y_boot|=1.138 |A|=0.06234 Y_mean=-0.5652 q*_mean=['0.000', '-6.921', '-29.462']
INFO PLAT_JUL29 DiffSolverV2 C[t=53] fitted: val_loss=0.02184 |Y_boot|=1.137 |A|=0.06457 Y_mean=-0.5661 q*_mean=['0.000', '-7.117', '-29.602']
INFO PLAT_JUL29 DiffSolverV2 C[t=52] fitted: val_loss=0.02182 |Y_boot|=1.131 |A|=0.06303 Y_mean=-0.5568 q*_mean=['0.000', '-6.860', '-29.486']
INFO PLAT_JUL29 DiffSolverV2 C[t=51] fitted: val_loss=0.02116 |Y_boot|=1.126 |A|=0.06275 Y_mean=-0.5523 q*_mean=['0.000', '-6.439', '-29.297']
INFO PLAT_JUL29 DiffSolverV2 C[t=50] fitted: val_loss=0.02492 |Y_boot|=1.12 |A|=0.06175 Y_mean=-0.5475 q*_mean=['0.000', '-7.947', '-28.918']
INFO PLAT_JUL29 DiffSolverV2 C[t=49] fitted: val_loss=0.0222 |Y_boot|=1.115 |A|=0.06534 Y_mean=-0.5415 q*_mean=['0.000', '-6.647', '-29.578']
INFO PLAT_JUL29 DiffSolverV2 C[t=48] fitted: val_loss=0.02422 |Y_boot|=1.117 |A|=0.06652 Y_mean=-0.5372 q*_mean=['0.000', '-6.659', '-29.468']
INFO PLAT_JUL29 DiffSolverV2 C[t=47] fitted: val_loss=0.02289 |Y_boot|=1.115 |A|=0.0653 Y_mean=-0.5338 q*_mean=['0.000', '-6.726', '-28.571']
INFO PLAT_JUL29 DiffSolverV2 C[t=46] fitted: val_loss=0.0298 |Y_boot|=1.114 |A|=0.06493 Y_mean=-0.5353 q*_mean=['0.000', '-8.521', '-28.235']
INFO PLAT_JUL29 DiffSolverV2 C[t=45] fitted: val_loss=0.02608 |Y_boot|=1.11 |A|=0.06551 Y_mean=-0.5325 q*_mean=['0.000', '-7.733', '-28.644']
INFO PLAT_JUL29 DiffSolverV2 C[t=44] fitted: val_loss=0.02041 |Y_boot|=1.109 |A|=0.06149 Y_mean=-0.533 q*_mean=['0.000', '-8.453', '-28.461']
INFO PLAT_JUL29 DiffSolverV2 C[t=43] fitted: val_loss=0.0233 |Y_boot|=1.105 |A|=0.05995 Y_mean=-0.5346 q*_mean=['0.000', '-7.190', '-28.040']
INFO PLAT_JUL29 DiffSolverV2 C[t=42] fitted: val_loss=0.02465 |Y_boot|=1.105 |A|=0.06174 Y_mean=-0.5379 q*_mean=['0.000', '-7.477', '-29.095']
INFO PLAT_JUL29 DiffSolverV2 C[t=41] fitted: val_loss=0.02427 |Y_boot|=1.097 |A|=0.06248 Y_mean=-0.5308 q*_mean=['0.000', '-8.551', '-28.174']
INFO PLAT_JUL29 DiffSolverV2 C[t=40] fitted: val_loss=0.02476 |Y_boot|=1.092 |A|=0.05993 Y_mean=-0.5258 q*_mean=['0.000', '-7.782', '-29.266']
INFO PLAT_JUL29 DiffSolverV2 C[t=39] fitted: val_loss=0.02161 |Y_boot|=1.086 |A|=0.05807 Y_mean=-0.5228 q*_mean=['0.000', '-7.892', '-28.485']
INFO PLAT_JUL29 DiffSolverV2 C[t=38] fitted: val_loss=0.02158 |Y_boot|=1.083 |A|=0.05781 Y_mean=-0.5201 q*_mean=['0.000', '-7.678', '-29.047']
INFO PLAT_JUL29 DiffSolverV2 C[t=37] fitted: val_loss=0.02813 |Y_boot|=1.082 |A|=0.06312 Y_mean=-0.5204 q*_mean=['0.000', '-8.325', '-28.577']
INFO PLAT_JUL29 DiffSolverV2 C[t=36] fitted: val_loss=0.02171 |Y_boot|=1.08 |A|=0.06231 Y_mean=-0.515 q*_mean=['0.000', '-7.812', '-27.899']
INFO PLAT_JUL29 DiffSolverV2 C[t=35] fitted: val_loss=0.0175 |Y_boot|=1.079 |A|=0.06226 Y_mean=-0.5159 q*_mean=['0.000', '-8.380', '-28.503']
INFO PLAT_JUL29 DiffSolverV2 C[t=34] fitted: val_loss=0.02476 |Y_boot|=1.071 |A|=0.06214 Y_mean=-0.509 q*_mean=['0.000', '-7.507', '-28.400']
INFO PLAT_JUL29 DiffSolverV2 C[t=33] fitted: val_loss=0.02333 |Y_boot|=1.065 |A|=0.06206 Y_mean=-0.5023 q*_mean=['0.000', '-8.484', '-28.107']
INFO PLAT_JUL29 DiffSolverV2 C[t=32] fitted: val_loss=0.02012 |Y_boot|=1.06 |A|=0.06323 Y_mean=-0.4979 q*_mean=['0.000', '-8.026', '-28.479']
INFO PLAT_JUL29 DiffSolverV2 C[t=31] fitted: val_loss=0.01905 |Y_boot|=1.059 |A|=0.05979 Y_mean=-0.4961 q*_mean=['-13.995', '-6.982', '-29.022']
INFO PLAT_JUL29 DiffSolverV2 C[t=30] fitted: val_loss=0.02599 |Y_boot|=1.058 |A|=0.06111 Y_mean=-0.501 q*_mean=['-11.835', '-3.320', '-15.350']
INFO PLAT_JUL29 DiffSolverV2 C[t=29] fitted: val_loss=0.02083 |Y_boot|=1.059 |A|=0.06349 Y_mean=-0.4998 q*_mean=['-11.542', '-3.595', '-15.411']
INFO PLAT_JUL29 DiffSolverV2 C[t=28] fitted: val_loss=0.01887 |Y_boot|=1.057 |A|=0.06342 Y_mean=-0.4968 q*_mean=['-10.364', '-4.266', '-14.099']
INFO PLAT_JUL29 DiffSolverV2 C[t=27] fitted: val_loss=0.02119 |Y_boot|=1.054 |A|=0.0602 Y_mean=-0.4955 q*_mean=['-11.011', '-5.096', '-13.861']
INFO PLAT_JUL29 DiffSolverV2 C[t=26] fitted: val_loss=0.02252 |Y_boot|=1.05 |A|=0.057 Y_mean=-0.4958 q*_mean=['-11.469', '-6.122', '-12.976']
INFO PLAT_JUL29 DiffSolverV2 C[t=25] fitted: val_loss=0.02288 |Y_boot|=1.05 |A|=0.05111 Y_mean=-0.4992 q*_mean=['-12.280', '-6.360', '-13.379']
INFO PLAT_JUL29 DiffSolverV2 C[t=24] fitted: val_loss=0.02128 |Y_boot|=1.047 |A|=0.05314 Y_mean=-0.5029 q*_mean=['-10.083', '-6.635', '-12.299']
INFO PLAT_JUL29 DiffSolverV2 C[t=23] fitted: val_loss=0.02027 |Y_boot|=1.047 |A|=0.05555 Y_mean=-0.5016 q*_mean=['-11.194', '-6.097', '-13.092']
INFO PLAT_JUL29 DiffSolverV2 C[t=22] fitted: val_loss=0.0208 |Y_boot|=1.045 |A|=0.0535 Y_mean=-0.496 q*_mean=['-11.041', '-6.708', '-11.798']
INFO PLAT_JUL29 DiffSolverV2 C[t=21] fitted: val_loss=0.02227 |Y_boot|=1.042 |A|=0.05735 Y_mean=-0.494 q*_mean=['-11.890', '-6.482', '-12.305']
INFO PLAT_JUL29 DiffSolverV2 C[t=20] fitted: val_loss=0.02115 |Y_boot|=1.038 |A|=0.0571 Y_mean=-0.486 q*_mean=['-11.285', '-7.825', '-11.621']
INFO PLAT_JUL29 DiffSolverV2 C[t=19] fitted: val_loss=0.03502 |Y_boot|=1.037 |A|=0.05883 Y_mean=-0.4859 q*_mean=['-10.632', '-7.391', '-10.779']
INFO PLAT_JUL29 DiffSolverV2 C[t=18] fitted: val_loss=0.02762 |Y_boot|=1.039 |A|=0.06017 Y_mean=-0.4866 q*_mean=['-10.974', '-7.898', '-10.840']
INFO PLAT_JUL29 DiffSolverV2 C[t=17] fitted: val_loss=0.02067 |Y_boot|=1.038 |A|=0.05661 Y_mean=-0.483 q*_mean=['-11.115', '-7.330', '-10.333']
INFO PLAT_JUL29 DiffSolverV2 C[t=16] fitted: val_loss=0.02094 |Y_boot|=1.037 |A|=0.0575 Y_mean=-0.486 q*_mean=['-10.889', '-7.593', '-10.400']
INFO PLAT_JUL29 DiffSolverV2 C[t=15] fitted: val_loss=0.02206 |Y_boot|=1.035 |A|=0.05422 Y_mean=-0.4824 q*_mean=['-11.444', '-8.569', '-9.741']
INFO PLAT_JUL29 DiffSolverV2 C[t=14] fitted: val_loss=0.02347 |Y_boot|=1.036 |A|=0.0525 Y_mean=-0.4868 q*_mean=['-11.188', '-8.502', '-9.943']
INFO PLAT_JUL29 DiffSolverV2 C[t=13] fitted: val_loss=0.0227 |Y_boot|=1.034 |A|=0.05422 Y_mean=-0.4856 q*_mean=['-11.353', '-8.551', '-9.845']
INFO PLAT_JUL29 DiffSolverV2 C[t=12] fitted: val_loss=0.02108 |Y_boot|=1.033 |A|=0.05837 Y_mean=-0.4842 q*_mean=['-10.907', '-8.594', '-9.442']
INFO PLAT_JUL29 DiffSolverV2 C[t=11] fitted: val_loss=0.01697 |Y_boot|=1.03 |A|=0.05763 Y_mean=-0.4775 q*_mean=['-11.676', '-8.203', '-9.082']
INFO PLAT_JUL29 DiffSolverV2 C[t=10] fitted: val_loss=0.02093 |Y_boot|=1.024 |A|=0.05517 Y_mean=-0.4731 q*_mean=['-11.609', '-8.545', '-9.692']
INFO PLAT_JUL29 DiffSolverV2 C[t=9] fitted: val_loss=0.02232 |Y_boot|=1.022 |A|=0.05338 Y_mean=-0.4752 q*_mean=['-11.816', '-8.423', '-8.716']
INFO PLAT_JUL29 DiffSolverV2 C[t=8] fitted: val_loss=0.01884 |Y_boot|=1.017 |A|=0.05555 Y_mean=-0.4716 q*_mean=['-12.329', '-8.698', '-8.160']
INFO PLAT_JUL29 DiffSolverV2 C[t=7] fitted: val_loss=0.0188 |Y_boot|=1.014 |A|=0.05692 Y_mean=-0.4664 q*_mean=['-11.664', '-8.685', '-7.751']
INFO PLAT_JUL29 DiffSolverV2 C[t=6] fitted: val_loss=0.02171 |Y_boot|=1.015 |A|=0.05503 Y_mean=-0.4661 q*_mean=['-11.688', '-9.137', '-7.135']
INFO PLAT_JUL29 DiffSolverV2 C[t=5] fitted: val_loss=0.01817 |Y_boot|=1.012 |A|=0.05454 Y_mean=-0.4657 q*_mean=['-12.854', '-9.143', '-6.189']
INFO PLAT_JUL29 DiffSolverV2 C[t=4] fitted: val_loss=0.02409 |Y_boot|=1.013 |A|=0.05998 Y_mean=-0.4671 q*_mean=['-13.440', '-9.180', '-4.700']
INFO PLAT_JUL29 DiffSolverV2 C[t=3] fitted: val_loss=0.0193 |Y_boot|=1.011 |A|=0.06082 Y_mean=-0.4604 q*_mean=['-14.569', '-9.454', '-3.638']
INFO PLAT_JUL29 DiffSolverV2 C[t=2] fitted: val_loss=0.01853 |Y_boot|=1.005 |A|=0.06265 Y_mean=-0.455 q*_mean=['-15.808', '-9.094', '-2.283']
INFO PLAT_JUL29 DiffSolverV2 C[t=1] fitted: val_loss=0.02064 |Y_boot|=1.007 |A|=0.05693 Y_mean=-0.4563 q*_mean=['-17.145', '-9.180', '-0.989']
INFO PLAT_JUL29 DiffSolverV2 C[t=0] fitted: val_loss=0.02424 |Y_boot|=1.001 |A|=0.05791 Y_mean=-0.4553 q*_mean=['-15.521', '-9.711', '0.000']
INFO PLAT_JUL29 DiffSolverV2 sweep complete: t=124→0 | max|Y_boot|=1.374 (BOUNDED) | V_0=-0.455264 | n_star@t=0=[-15.521240234375, -9.710693359375, 0.0]
INFO PLAT_JUL29 DiffSolverV2 SAVED value fn to /home/vretiel/PycharmProjects/riskflow/artifacts/walk_forward/artifacts/walk_forward/driftless_gpu0/value_fn_202001_garch_s7.pt (V_0=-0.455264)
INFO PLAT_JUL29 DiffSolverV2 IN-SAMPLE vs OOS u(W_T): greedy IS=-0.63244 OOS=-0.48419 | textbook IS=-0.75937 OOS=-0.65208 (gap IS−OOS greedy=-0.14825 → overfit if large)
INFO PLAT_JUL29 DiffSolverV2 VERDICT (OUT-OF-SAMPLE rollout t=0→T over 1024 outer paths, start flat):
  policy    u(W_T)mean    W_T mean       W_T p5         W_T CVaR5
  greedy    -0.48419    +6.5743e+04   -4.5176e+05   -5.5809e+05
  textbook  -0.65208    +4.6858e+04   -4.6235e+05   -5.8568e+05
  nohedge   -1.03603    +3.5221e+04   -5.7277e+05   -7.0494e+05
  → on the OBJECTIVE E[u(W_T)]: beats no-hedge=True, beats textbook=True | tail(CVaR5) competitive w/ textbook=True
INFO PLAT_JUL29 DiffSolverV2 greedy positions: mean|q| per instrument=['3.10', '6.84', '19.87'] | q@t0=[-4.98046875, -3.6865234375, -0.048828125] | q@mid=[0.0, -4.876708984375, -30.859375] (textbook q@t0=[-8.41927433013916, -8.368577003479004, -8.326764106750488])
INFO PLAT_JUL29 solve_hedge tracks: {'DiffSolverV2': -0.4553} | ladder holds=True
INFO PLAT_JUL29 === TRAIN 202001 seed=42 (fair=959.64, strike=951.64) ===
WARNING md_202001_garch_driftless Price Factor 'DiscountRate.USD-SOFR' not found in market data
INFO md_202001_garch_driftless Creating default Discount Factor(type='DiscountRate', name=('USD-SOFR',))
INFO PLAT_JUL29 liability scalars: total_leg_volume=2500.0 last_settlement_index=154
INFO PLAT_JUL29 utility_scale (symlog c) resolved to 577773.18
INFO PLAT_JUL29 DiffSolverV2 setup: n_hedge=3 active=[0, 1, 2] T_dec=125 (of 127 sim steps; last-live mtm=[-2]) B_outer=2048 levels=9 fit_iters=40 lr=0.002 | contract_size=[50.0, 50.0, 50.0] | q∈[[-50.0, -50.0, -50.0], [0.0, 0.0, 0.0]] total_abs_limit=50
INFO PLAT_JUL29 DiffSolverV2 inner forks: one_step=True (window {t, t+1} generation+pricing)
INFO PLAT_JUL29 DiffSolverV2 bank: market_dim=7 | swept W∈[-1.043e+06, 2.102e+06] mean=4.09e+04 std=3.353e+05 | q_rep(t=0)=[-9.262723922729492, -9.207077980041504, -9.17013168334961]
INFO PLAT_JUL29 DiffSolverV2 action grid: K=165 actions (levels=9 ^ active=3)
INFO PLAT_JUL29 DiffSolverV2 C[t=124] fitted: val_loss=1.437e-05 |Y_boot|=1.276 |A|=0.000318 Y_mean=-0.7358 q*_mean=['0.000', '0.000', '-18.451']
INFO PLAT_JUL29 DiffSolverV2 C[t=123] fitted: val_loss=1.508e-05 |Y_boot|=1.276 |A|=0.0002719 Y_mean=-0.7358 q*_mean=['0.000', '0.000', '-18.079']
INFO PLAT_JUL29 DiffSolverV2 C[t=122] fitted: val_loss=1.081e-05 |Y_boot|=1.276 |A|=0.0003618 Y_mean=-0.7358 q*_mean=['0.000', '0.000', '-18.365']
INFO PLAT_JUL29 DiffSolverV2 C[t=121] fitted: val_loss=9.65e-06 |Y_boot|=1.276 |A|=0.0006045 Y_mean=-0.7353 q*_mean=['0.000', '0.000', '-18.457']
INFO PLAT_JUL29 DiffSolverV2 C[t=120] fitted: val_loss=8.232e-06 |Y_boot|=1.276 |A|=0.0005199 Y_mean=-0.7359 q*_mean=['0.000', '-10.095', '-8.459']
INFO PLAT_JUL29 DiffSolverV2 C[t=119] fitted: val_loss=6.099e-05 |Y_boot|=1.277 |A|=0.0009546 Y_mean=-0.7365 q*_mean=['0.000', '-13.110', '-7.263']
INFO PLAT_JUL29 DiffSolverV2 C[t=118] fitted: val_loss=0.0002376 |Y_boot|=1.276 |A|=0.0004574 Y_mean=-0.7367 q*_mean=['0.000', '-14.825', '-4.266']
INFO PLAT_JUL29 DiffSolverV2 C[t=117] fitted: val_loss=0.0005296 |Y_boot|=1.277 |A|=0.0005539 Y_mean=-0.7366 q*_mean=['0.000', '-15.729', '-3.699']
INFO PLAT_JUL29 DiffSolverV2 C[t=116] fitted: val_loss=0.0009334 |Y_boot|=1.278 |A|=0.000853 Y_mean=-0.7368 q*_mean=['0.000', '-16.406', '-4.681']
INFO PLAT_JUL29 DiffSolverV2 C[t=115] fitted: val_loss=0.0007997 |Y_boot|=1.277 |A|=0.0008001 Y_mean=-0.7364 q*_mean=['0.000', '-15.906', '-4.980']
INFO PLAT_JUL29 DiffSolverV2 C[t=114] fitted: val_loss=0.0008487 |Y_boot|=1.278 |A|=0.0004253 Y_mean=-0.7369 q*_mean=['0.000', '-15.900', '-4.114']
INFO PLAT_JUL29 DiffSolverV2 C[t=113] fitted: val_loss=0.001411 |Y_boot|=1.278 |A|=0.0009773 Y_mean=-0.7379 q*_mean=['0.000', '-16.187', '-4.535']
INFO PLAT_JUL29 DiffSolverV2 C[t=112] fitted: val_loss=0.001903 |Y_boot|=1.277 |A|=0.001163 Y_mean=-0.7383 q*_mean=['0.000', '-17.047', '-5.804']
INFO PLAT_JUL29 DiffSolverV2 C[t=111] fitted: val_loss=0.002188 |Y_boot|=1.277 |A|=0.001003 Y_mean=-0.7361 q*_mean=['0.000', '-16.901', '-5.139']
INFO PLAT_JUL29 DiffSolverV2 C[t=110] fitted: val_loss=0.00329 |Y_boot|=1.277 |A|=0.001458 Y_mean=-0.736 q*_mean=['0.000', '-16.943', '-6.244']
INFO PLAT_JUL29 DiffSolverV2 C[t=109] fitted: val_loss=0.003913 |Y_boot|=1.275 |A|=0.002752 Y_mean=-0.7337 q*_mean=['0.000', '-17.578', '-5.713']
INFO PLAT_JUL29 DiffSolverV2 C[t=108] fitted: val_loss=0.003669 |Y_boot|=1.272 |A|=0.00305 Y_mean=-0.7294 q*_mean=['0.000', '-17.511', '-5.591']
INFO PLAT_JUL29 DiffSolverV2 C[t=107] fitted: val_loss=0.004124 |Y_boot|=1.27 |A|=0.002773 Y_mean=-0.7265 q*_mean=['0.000', '-16.760', '-6.647']
INFO PLAT_JUL29 DiffSolverV2 C[t=106] fitted: val_loss=0.004996 |Y_boot|=1.271 |A|=0.0004614 Y_mean=-0.7281 q*_mean=['0.000', '-17.615', '-6.567']
INFO PLAT_JUL29 DiffSolverV2 C[t=105] fitted: val_loss=0.005801 |Y_boot|=1.27 |A|=0.001381 Y_mean=-0.7312 q*_mean=['0.000', '-17.725', '-6.653']
INFO PLAT_JUL29 DiffSolverV2 C[t=104] fitted: val_loss=0.007441 |Y_boot|=1.269 |A|=0.003089 Y_mean=-0.7306 q*_mean=['0.000', '-18.573', '-7.214']
INFO PLAT_JUL29 DiffSolverV2 C[t=103] fitted: val_loss=0.01109 |Y_boot|=1.268 |A|=0.00469 Y_mean=-0.7309 q*_mean=['0.000', '-19.318', '-6.927']
INFO PLAT_JUL29 DiffSolverV2 C[t=102] fitted: val_loss=0.009205 |Y_boot|=1.269 |A|=0.002358 Y_mean=-0.7337 q*_mean=['0.000', '-18.341', '-7.800']
INFO PLAT_JUL29 DiffSolverV2 C[t=101] fitted: val_loss=0.009734 |Y_boot|=1.268 |A|=0.001376 Y_mean=-0.7315 q*_mean=['0.000', '-20.990', '-6.915']
INFO PLAT_JUL29 DiffSolverV2 C[t=100] fitted: val_loss=0.009558 |Y_boot|=1.267 |A|=0.005029 Y_mean=-0.7291 q*_mean=['0.000', '-21.259', '-6.677']
INFO PLAT_JUL29 DiffSolverV2 C[t=99] fitted: val_loss=0.01055 |Y_boot|=1.262 |A|=0.004052 Y_mean=-0.7278 q*_mean=['0.000', '-21.442', '-6.268']
INFO PLAT_JUL29 DiffSolverV2 C[t=98] fitted: val_loss=0.0144 |Y_boot|=1.261 |A|=0.0005117 Y_mean=-0.7257 q*_mean=['0.000', '-21.753', '-6.854']
INFO PLAT_JUL29 DiffSolverV2 C[t=97] fitted: val_loss=0.01512 |Y_boot|=1.261 |A|=0.0006903 Y_mean=-0.7231 q*_mean=['0.000', '-22.308', '-6.592']
INFO PLAT_JUL29 DiffSolverV2 C[t=96] fitted: val_loss=0.01475 |Y_boot|=1.26 |A|=0.002736 Y_mean=-0.7241 q*_mean=['0.000', '-22.363', '-6.757']
INFO PLAT_JUL29 DiffSolverV2 C[t=95] fitted: val_loss=0.01567 |Y_boot|=1.259 |A|=0.0006992 Y_mean=-0.7223 q*_mean=['0.000', '-23.016', '-7.147']
INFO PLAT_JUL29 DiffSolverV2 C[t=94] fitted: val_loss=0.01829 |Y_boot|=1.258 |A|=0.001234 Y_mean=-0.7217 q*_mean=['0.000', '-22.510', '-8.051']
INFO PLAT_JUL29 DiffSolverV2 C[t=93] fitted: val_loss=0.02079 |Y_boot|=1.254 |A|=0.001066 Y_mean=-0.7187 q*_mean=['0.000', '-23.914', '-7.367']
INFO PLAT_JUL29 DiffSolverV2 C[t=92] fitted: val_loss=0.01949 |Y_boot|=1.249 |A|=0.007072 Y_mean=-0.715 q*_mean=['0.000', '-22.833', '-7.660']
INFO PLAT_JUL29 DiffSolverV2 C[t=91] fitted: val_loss=0.01992 |Y_boot|=1.243 |A|=0.001928 Y_mean=-0.7186 q*_mean=['0.000', '-22.833', '-8.453']
INFO PLAT_JUL29 DiffSolverV2 C[t=90] fitted: val_loss=3.587 |Y_boot|=1.378 |A|=0.07987 Y_mean=+0.5691 q*_mean=['0.000', '-0.067', '-34.375']
INFO PLAT_JUL29 DiffSolverV2 C[t=89] fitted: val_loss=0.474 |Y_boot|=1.108 |A|=0.0789 Y_mean=-0.2388 q*_mean=['0.000', '-0.128', '-34.900']
INFO PLAT_JUL29 DiffSolverV2 C[t=88] fitted: val_loss=0.1777 |Y_boot|=1.137 |A|=0.07792 Y_mean=-0.4041 q*_mean=['0.000', '-0.494', '-34.882']
INFO PLAT_JUL29 DiffSolverV2 C[t=87] fitted: val_loss=0.0956 |Y_boot|=1.162 |A|=0.07667 Y_mean=-0.4735 q*_mean=['0.000', '-0.470', '-34.509']
INFO PLAT_JUL29 DiffSolverV2 C[t=86] fitted: val_loss=0.07087 |Y_boot|=1.172 |A|=0.07622 Y_mean=-0.5031 q*_mean=['0.000', '-1.019', '-33.905']
INFO PLAT_JUL29 DiffSolverV2 C[t=85] fitted: val_loss=0.04429 |Y_boot|=1.178 |A|=0.07527 Y_mean=-0.5282 q*_mean=['0.000', '-1.215', '-34.375']
INFO PLAT_JUL29 DiffSolverV2 C[t=84] fitted: val_loss=0.04475 |Y_boot|=1.175 |A|=0.07421 Y_mean=-0.5365 q*_mean=['0.000', '-1.447', '-34.119']
INFO PLAT_JUL29 DiffSolverV2 C[t=83] fitted: val_loss=0.03948 |Y_boot|=1.177 |A|=0.07387 Y_mean=-0.5446 q*_mean=['0.000', '-1.782', '-34.363']
INFO PLAT_JUL29 DiffSolverV2 C[t=82] fitted: val_loss=0.03259 |Y_boot|=1.182 |A|=0.07343 Y_mean=-0.5535 q*_mean=['0.000', '-1.892', '-34.143']
INFO PLAT_JUL29 DiffSolverV2 C[t=81] fitted: val_loss=0.03688 |Y_boot|=1.186 |A|=0.07332 Y_mean=-0.5615 q*_mean=['0.000', '-2.185', '-34.296']
INFO PLAT_JUL29 DiffSolverV2 C[t=80] fitted: val_loss=0.02763 |Y_boot|=1.19 |A|=0.07215 Y_mean=-0.5685 q*_mean=['0.000', '-1.923', '-34.955']
INFO PLAT_JUL29 DiffSolverV2 C[t=79] fitted: val_loss=0.02801 |Y_boot|=1.194 |A|=0.07072 Y_mean=-0.5765 q*_mean=['0.000', '-2.490', '-34.235']
INFO PLAT_JUL29 DiffSolverV2 C[t=78] fitted: val_loss=0.02312 |Y_boot|=1.193 |A|=0.0694 Y_mean=-0.5768 q*_mean=['0.000', '-3.021', '-33.826']
INFO PLAT_JUL29 DiffSolverV2 C[t=77] fitted: val_loss=0.02898 |Y_boot|=1.188 |A|=0.06761 Y_mean=-0.5733 q*_mean=['0.000', '-3.235', '-33.905']
INFO PLAT_JUL29 DiffSolverV2 C[t=76] fitted: val_loss=0.02554 |Y_boot|=1.179 |A|=0.06842 Y_mean=-0.5679 q*_mean=['0.000', '-3.217', '-34.283']
INFO PLAT_JUL29 DiffSolverV2 C[t=75] fitted: val_loss=0.02161 |Y_boot|=1.175 |A|=0.06829 Y_mean=-0.5646 q*_mean=['0.000', '-3.619', '-33.759']
INFO PLAT_JUL29 DiffSolverV2 C[t=74] fitted: val_loss=0.02408 |Y_boot|=1.173 |A|=0.06827 Y_mean=-0.5642 q*_mean=['0.000', '-3.516', '-34.338']
INFO PLAT_JUL29 DiffSolverV2 C[t=73] fitted: val_loss=0.02878 |Y_boot|=1.172 |A|=0.06774 Y_mean=-0.5628 q*_mean=['0.000', '-3.589', '-33.905']
INFO PLAT_JUL29 DiffSolverV2 C[t=72] fitted: val_loss=0.02014 |Y_boot|=1.171 |A|=0.06724 Y_mean=-0.5635 q*_mean=['0.000', '-3.668', '-34.064']
INFO PLAT_JUL29 DiffSolverV2 C[t=71] fitted: val_loss=0.02484 |Y_boot|=1.167 |A|=0.06544 Y_mean=-0.5611 q*_mean=['0.000', '-3.857', '-34.204']
INFO PLAT_JUL29 DiffSolverV2 C[t=70] fitted: val_loss=0.02701 |Y_boot|=1.167 |A|=0.06721 Y_mean=-0.5629 q*_mean=['0.000', '-3.931', '-33.612']
INFO PLAT_JUL29 DiffSolverV2 C[t=69] fitted: val_loss=0.01997 |Y_boot|=1.169 |A|=0.06686 Y_mean=-0.5653 q*_mean=['0.000', '-4.071', '-34.314']
INFO PLAT_JUL29 DiffSolverV2 C[t=68] fitted: val_loss=0.02355 |Y_boot|=1.165 |A|=0.06645 Y_mean=-0.564 q*_mean=['0.000', '-4.626', '-33.728']
INFO PLAT_JUL29 DiffSolverV2 C[t=67] fitted: val_loss=0.02254 |Y_boot|=1.158 |A|=0.06367 Y_mean=-0.5618 q*_mean=['0.000', '-4.938', '-33.740']
INFO PLAT_JUL29 DiffSolverV2 C[t=66] fitted: val_loss=0.02598 |Y_boot|=1.16 |A|=0.0662 Y_mean=-0.568 q*_mean=['0.000', '-4.987', '-32.843']
INFO PLAT_JUL29 DiffSolverV2 C[t=65] fitted: val_loss=0.02301 |Y_boot|=1.157 |A|=0.06503 Y_mean=-0.5651 q*_mean=['0.000', '-4.980', '-32.898']
INFO PLAT_JUL29 DiffSolverV2 C[t=64] fitted: val_loss=0.02639 |Y_boot|=1.151 |A|=0.06359 Y_mean=-0.5616 q*_mean=['0.000', '-5.353', '-32.703']
INFO PLAT_JUL29 DiffSolverV2 C[t=63] fitted: val_loss=0.025 |Y_boot|=1.139 |A|=0.06224 Y_mean=-0.5527 q*_mean=['0.000', '-5.347', '-32.068']
INFO PLAT_JUL29 DiffSolverV2 C[t=62] fitted: val_loss=0.02259 |Y_boot|=1.134 |A|=0.065 Y_mean=-0.5503 q*_mean=['0.000', '-6.250', '-31.592']
INFO PLAT_JUL29 DiffSolverV2 C[t=61] fitted: val_loss=0.02449 |Y_boot|=1.126 |A|=0.06341 Y_mean=-0.5397 q*_mean=['0.000', '-6.085', '-31.775']
INFO PLAT_JUL29 DiffSolverV2 C[t=60] fitted: val_loss=0.0205 |Y_boot|=1.129 |A|=0.06647 Y_mean=-0.5442 q*_mean=['0.000', '-5.499', '-32.227']
INFO PLAT_JUL29 DiffSolverV2 C[t=59] fitted: val_loss=0.01923 |Y_boot|=1.128 |A|=0.06623 Y_mean=-0.5418 q*_mean=['0.000', '-6.335', '-31.378']
INFO PLAT_JUL29 DiffSolverV2 C[t=58] fitted: val_loss=0.02472 |Y_boot|=1.121 |A|=0.06663 Y_mean=-0.5345 q*_mean=['0.000', '-5.499', '-31.122']
INFO PLAT_JUL29 DiffSolverV2 C[t=57] fitted: val_loss=0.02108 |Y_boot|=1.121 |A|=0.06511 Y_mean=-0.5346 q*_mean=['0.000', '-5.579', '-32.288']
INFO PLAT_JUL29 DiffSolverV2 C[t=56] fitted: val_loss=0.02345 |Y_boot|=1.121 |A|=0.06373 Y_mean=-0.5365 q*_mean=['0.000', '-5.499', '-30.945']
INFO PLAT_JUL29 DiffSolverV2 C[t=55] fitted: val_loss=0.02239 |Y_boot|=1.117 |A|=0.0604 Y_mean=-0.5347 q*_mean=['0.000', '-6.659', '-30.664']
INFO PLAT_JUL29 DiffSolverV2 C[t=54] fitted: val_loss=0.02318 |Y_boot|=1.113 |A|=0.06075 Y_mean=-0.5339 q*_mean=['0.000', '-7.031', '-29.767']
INFO PLAT_JUL29 DiffSolverV2 C[t=53] fitted: val_loss=0.02088 |Y_boot|=1.114 |A|=0.06238 Y_mean=-0.5368 q*_mean=['0.000', '-6.976', '-30.640']
INFO PLAT_JUL29 DiffSolverV2 C[t=52] fitted: val_loss=0.02294 |Y_boot|=1.111 |A|=0.06433 Y_mean=-0.5312 q*_mean=['0.000', '-6.995', '-30.127']
INFO PLAT_JUL29 DiffSolverV2 C[t=51] fitted: val_loss=0.02265 |Y_boot|=1.107 |A|=0.0637 Y_mean=-0.5275 q*_mean=['0.000', '-7.068', '-29.785']
INFO PLAT_JUL29 DiffSolverV2 C[t=50] fitted: val_loss=0.02292 |Y_boot|=1.103 |A|=0.06373 Y_mean=-0.5242 q*_mean=['0.000', '-7.935', '-29.218']
INFO PLAT_JUL29 DiffSolverV2 C[t=49] fitted: val_loss=0.02099 |Y_boot|=1.106 |A|=0.0582 Y_mean=-0.5278 q*_mean=['0.000', '-7.538', '-29.913']
INFO PLAT_JUL29 DiffSolverV2 C[t=48] fitted: val_loss=0.01808 |Y_boot|=1.099 |A|=0.06337 Y_mean=-0.5252 q*_mean=['0.000', '-6.885', '-29.822']
INFO PLAT_JUL29 DiffSolverV2 C[t=47] fitted: val_loss=0.01808 |Y_boot|=1.095 |A|=0.06489 Y_mean=-0.5163 q*_mean=['0.000', '-6.744', '-29.388']
INFO PLAT_JUL29 DiffSolverV2 C[t=46] fitted: val_loss=0.02509 |Y_boot|=1.099 |A|=0.06481 Y_mean=-0.5196 q*_mean=['0.000', '-7.288', '-29.657']
INFO PLAT_JUL29 DiffSolverV2 C[t=45] fitted: val_loss=0.02089 |Y_boot|=1.089 |A|=0.06052 Y_mean=-0.5114 q*_mean=['0.000', '-7.709', '-29.187']
INFO PLAT_JUL29 DiffSolverV2 C[t=44] fitted: val_loss=0.02667 |Y_boot|=1.085 |A|=0.06288 Y_mean=-0.5115 q*_mean=['0.000', '-6.885', '-30.066']
INFO PLAT_JUL29 DiffSolverV2 C[t=43] fitted: val_loss=0.01865 |Y_boot|=1.083 |A|=0.06446 Y_mean=-0.5076 q*_mean=['0.000', '-7.794', '-29.211']
INFO PLAT_JUL29 DiffSolverV2 C[t=42] fitted: val_loss=0.02122 |Y_boot|=1.085 |A|=0.06498 Y_mean=-0.5094 q*_mean=['0.000', '-7.483', '-29.761']
INFO PLAT_JUL29 DiffSolverV2 C[t=41] fitted: val_loss=0.02514 |Y_boot|=1.082 |A|=0.06324 Y_mean=-0.5057 q*_mean=['0.000', '-7.581', '-29.724']
INFO PLAT_JUL29 DiffSolverV2 C[t=40] fitted: val_loss=0.02326 |Y_boot|=1.08 |A|=0.06261 Y_mean=-0.5091 q*_mean=['0.000', '-8.221', '-29.932']
INFO PLAT_JUL29 DiffSolverV2 C[t=39] fitted: val_loss=0.0286 |Y_boot|=1.078 |A|=0.06427 Y_mean=-0.5081 q*_mean=['0.000', '-7.214', '-29.749']
INFO PLAT_JUL29 DiffSolverV2 C[t=38] fitted: val_loss=0.01987 |Y_boot|=1.078 |A|=0.06175 Y_mean=-0.5084 q*_mean=['0.000', '-7.709', '-28.882']
INFO PLAT_JUL29 DiffSolverV2 C[t=37] fitted: val_loss=0.02213 |Y_boot|=1.072 |A|=0.06181 Y_mean=-0.5049 q*_mean=['0.000', '-7.379', '-29.852']
INFO PLAT_JUL29 DiffSolverV2 C[t=36] fitted: val_loss=0.02423 |Y_boot|=1.074 |A|=0.06539 Y_mean=-0.5052 q*_mean=['0.000', '-8.081', '-29.102']
INFO PLAT_JUL29 DiffSolverV2 C[t=35] fitted: val_loss=0.02112 |Y_boot|=1.076 |A|=0.06426 Y_mean=-0.5012 q*_mean=['0.000', '-8.020', '-29.108']
INFO PLAT_JUL29 DiffSolverV2 C[t=34] fitted: val_loss=0.02186 |Y_boot|=1.07 |A|=0.05808 Y_mean=-0.4985 q*_mean=['0.000', '-7.196', '-30.231']
INFO PLAT_JUL29 DiffSolverV2 C[t=33] fitted: val_loss=0.02032 |Y_boot|=1.065 |A|=0.06304 Y_mean=-0.502 q*_mean=['0.000', '-6.970', '-29.834']
INFO PLAT_JUL29 DiffSolverV2 C[t=32] fitted: val_loss=0.01758 |Y_boot|=1.065 |A|=0.06516 Y_mean=-0.4981 q*_mean=['0.000', '-7.178', '-30.475']
INFO PLAT_JUL29 DiffSolverV2 C[t=31] fitted: val_loss=0.01912 |Y_boot|=1.064 |A|=0.06574 Y_mean=-0.4955 q*_mean=['-13.501', '-6.372', '-30.127']
INFO PLAT_JUL29 DiffSolverV2 C[t=30] fitted: val_loss=0.02016 |Y_boot|=1.063 |A|=0.05802 Y_mean=-0.4952 q*_mean=['-11.774', '-2.588', '-16.223']
INFO PLAT_JUL29 DiffSolverV2 C[t=29] fitted: val_loss=0.02061 |Y_boot|=1.057 |A|=0.05805 Y_mean=-0.4973 q*_mean=['-11.786', '-2.698', '-15.448']
INFO PLAT_JUL29 DiffSolverV2 C[t=28] fitted: val_loss=0.01943 |Y_boot|=1.056 |A|=0.05316 Y_mean=-0.4963 q*_mean=['-11.603', '-3.571', '-14.874']
INFO PLAT_JUL29 DiffSolverV2 C[t=27] fitted: val_loss=0.01951 |Y_boot|=1.056 |A|=0.05983 Y_mean=-0.5033 q*_mean=['-12.085', '-4.590', '-14.746']
INFO PLAT_JUL29 DiffSolverV2 C[t=26] fitted: val_loss=0.02021 |Y_boot|=1.056 |A|=0.05648 Y_mean=-0.4967 q*_mean=['-11.743', '-5.481', '-14.087']
INFO PLAT_JUL29 DiffSolverV2 C[t=25] fitted: val_loss=0.01876 |Y_boot|=1.056 |A|=0.05424 Y_mean=-0.4999 q*_mean=['-11.707', '-5.682', '-13.721']
INFO PLAT_JUL29 DiffSolverV2 C[t=24] fitted: val_loss=0.01908 |Y_boot|=1.052 |A|=0.0569 Y_mean=-0.4973 q*_mean=['-12.421', '-5.579', '-12.524']
INFO PLAT_JUL29 DiffSolverV2 C[t=23] fitted: val_loss=0.02095 |Y_boot|=1.046 |A|=0.04592 Y_mean=-0.4897 q*_mean=['-11.963', '-5.981', '-12.341']
INFO PLAT_JUL29 DiffSolverV2 C[t=22] fitted: val_loss=0.01869 |Y_boot|=1.045 |A|=0.05125 Y_mean=-0.5008 q*_mean=['-10.217', '-6.482', '-12.012']
INFO PLAT_JUL29 DiffSolverV2 C[t=21] fitted: val_loss=0.02202 |Y_boot|=1.041 |A|=0.05633 Y_mean=-0.4919 q*_mean=['-11.444', '-6.311', '-11.060']
INFO PLAT_JUL29 DiffSolverV2 C[t=20] fitted: val_loss=0.01965 |Y_boot|=1.04 |A|=0.05843 Y_mean=-0.4865 q*_mean=['-11.713', '-6.360', '-11.798']
INFO PLAT_JUL29 DiffSolverV2 C[t=19] fitted: val_loss=0.02161 |Y_boot|=1.038 |A|=0.05976 Y_mean=-0.4805 q*_mean=['-10.980', '-6.854', '-11.542']
INFO PLAT_JUL29 DiffSolverV2 C[t=18] fitted: val_loss=0.02017 |Y_boot|=1.039 |A|=0.05779 Y_mean=-0.4788 q*_mean=['-12.323', '-6.232', '-11.664']
INFO PLAT_JUL29 DiffSolverV2 C[t=17] fitted: val_loss=0.02282 |Y_boot|=1.033 |A|=0.06025 Y_mean=-0.4738 q*_mean=['-11.017', '-6.555', '-11.426']
INFO PLAT_JUL29 DiffSolverV2 C[t=16] fitted: val_loss=0.01776 |Y_boot|=1.028 |A|=0.05829 Y_mean=-0.4679 q*_mean=['-10.437', '-7.855', '-11.316']
INFO PLAT_JUL29 DiffSolverV2 C[t=15] fitted: val_loss=0.02043 |Y_boot|=1.026 |A|=0.05823 Y_mean=-0.4677 q*_mean=['-12.146', '-7.648', '-10.907']
INFO PLAT_JUL29 DiffSolverV2 C[t=14] fitted: val_loss=0.02274 |Y_boot|=1.027 |A|=0.05769 Y_mean=-0.4681 q*_mean=['-10.748', '-7.947', '-11.053']
INFO PLAT_JUL29 DiffSolverV2 C[t=13] fitted: val_loss=0.01906 |Y_boot|=1.024 |A|=0.05433 Y_mean=-0.4663 q*_mean=['-11.578', '-8.014', '-10.260']
INFO PLAT_JUL29 DiffSolverV2 C[t=12] fitted: val_loss=0.02309 |Y_boot|=1.021 |A|=0.04446 Y_mean=-0.4681 q*_mean=['-11.566', '-8.057', '-10.040']
INFO PLAT_JUL29 DiffSolverV2 C[t=11] fitted: val_loss=0.01843 |Y_boot|=1.013 |A|=0.03579 Y_mean=-0.4689 q*_mean=['-11.841', '-8.057', '-9.515']
INFO PLAT_JUL29 DiffSolverV2 C[t=10] fitted: val_loss=0.02078 |Y_boot|=1.009 |A|=0.04641 Y_mean=-0.4753 q*_mean=['-11.609', '-9.113', '-9.265']
INFO PLAT_JUL29 DiffSolverV2 C[t=9] fitted: val_loss=0.0212 |Y_boot|=1.012 |A|=0.05234 Y_mean=-0.4644 q*_mean=['-11.523', '-7.776', '-8.997']
INFO PLAT_JUL29 DiffSolverV2 C[t=8] fitted: val_loss=0.01879 |Y_boot|=1.015 |A|=0.05847 Y_mean=-0.4607 q*_mean=['-11.920', '-8.191', '-8.777']
INFO PLAT_JUL29 DiffSolverV2 C[t=7] fitted: val_loss=0.01946 |Y_boot|=1.018 |A|=0.0606 Y_mean=-0.4574 q*_mean=['-13.208', '-8.630', '-7.550']
INFO PLAT_JUL29 DiffSolverV2 C[t=6] fitted: val_loss=0.01794 |Y_boot|=1.017 |A|=0.06178 Y_mean=-0.4531 q*_mean=['-13.177', '-8.472', '-6.915']
INFO PLAT_JUL29 DiffSolverV2 C[t=5] fitted: val_loss=0.02089 |Y_boot|=1.016 |A|=0.05992 Y_mean=-0.4518 q*_mean=['-13.245', '-9.058', '-6.287']
INFO PLAT_JUL29 DiffSolverV2 C[t=4] fitted: val_loss=0.01747 |Y_boot|=1.015 |A|=0.06003 Y_mean=-0.4534 q*_mean=['-14.050', '-7.959', '-4.993']
INFO PLAT_JUL29 DiffSolverV2 C[t=3] fitted: val_loss=0.0206 |Y_boot|=1.012 |A|=0.05744 Y_mean=-0.4496 q*_mean=['-14.154', '-8.783', '-4.138']
INFO PLAT_JUL29 DiffSolverV2 C[t=2] fitted: val_loss=0.02035 |Y_boot|=1.011 |A|=0.05628 Y_mean=-0.4532 q*_mean=['-15.912', '-8.917', '-2.332']
INFO PLAT_JUL29 DiffSolverV2 C[t=1] fitted: val_loss=0.01891 |Y_boot|=1.013 |A|=0.05841 Y_mean=-0.4578 q*_mean=['-17.303', '-8.722', '-0.647']
INFO PLAT_JUL29 DiffSolverV2 C[t=0] fitted: val_loss=0.02248 |Y_boot|=1.01 |A|=0.05628 Y_mean=-0.4513 q*_mean=['-15.656', '-8.765', '-0.049']
INFO PLAT_JUL29 DiffSolverV2 sweep complete: t=124→0 | max|Y_boot|=1.378 (BOUNDED) | V_0=-0.451291 | n_star@t=0=[-15.655517578125, -8.7646484375, -0.048828125]
INFO PLAT_JUL29 DiffSolverV2 SAVED value fn to /home/vretiel/PycharmProjects/riskflow/artifacts/walk_forward/artifacts/walk_forward/driftless_gpu0/value_fn_202001_garch_s42.pt (V_0=-0.451291)
INFO PLAT_JUL29 DiffSolverV2 IN-SAMPLE vs OOS u(W_T): greedy IS=-0.61846 OOS=-0.54493 | textbook IS=-0.73132 OOS=-0.66467 (gap IS−OOS greedy=-0.07353 → overfit if large)
INFO PLAT_JUL29 DiffSolverV2 VERDICT (OUT-OF-SAMPLE rollout t=0→T over 1024 outer paths, start flat):
  policy    u(W_T)mean    W_T mean       W_T p5         W_T CVaR5
  greedy    -0.54493    +5.9520e+04   -4.3936e+05   -5.5276e+05
  textbook  -0.66467    +5.4162e+04   -4.9321e+05   -5.9864e+05
  nohedge   -0.94546    +5.4457e+04   -5.8747e+05   -6.9620e+05
  → on the OBJECTIVE E[u(W_T)]: beats no-hedge=True, beats textbook=True | tail(CVaR5) competitive w/ textbook=True
INFO PLAT_JUL29 DiffSolverV2 greedy positions: mean|q| per instrument=['3.14', '7.15', '20.20'] | q@t0=[-4.30908203125, -3.5888671875, 0.0] | q@mid=[0.0, -5.8349609375, -31.146240234375] (textbook q@t0=[-9.262723922729492, -9.207077980041504, -9.17013168334961])
INFO PLAT_JUL29 solve_hedge tracks: {'DiffSolverV2': -0.4513} | ladder holds=True
INFO PLAT_JUL29 === TRAIN 202001 seed=314 (fair=959.64, strike=951.64) ===
WARNING md_202001_garch_driftless Price Factor 'DiscountRate.USD-SOFR' not found in market data
INFO md_202001_garch_driftless Creating default Discount Factor(type='DiscountRate', name=('USD-SOFR',))
INFO PLAT_JUL29 liability scalars: total_leg_volume=2500.0 last_settlement_index=154
INFO PLAT_JUL29 utility_scale (symlog c) resolved to 583502.12
INFO PLAT_JUL29 DiffSolverV2 setup: n_hedge=3 active=[0, 1, 2] T_dec=125 (of 127 sim steps; last-live mtm=[-2]) B_outer=2048 levels=9 fit_iters=40 lr=0.002 | contract_size=[50.0, 50.0, 50.0] | q∈[[-50.0, -50.0, -50.0], [0.0, 0.0, 0.0]] total_abs_limit=50
INFO PLAT_JUL29 DiffSolverV2 inner forks: one_step=True (window {t, t+1} generation+pricing)
INFO PLAT_JUL29 DiffSolverV2 bank: market_dim=7 | swept W∈[-1.036e+06, 1.867e+06] mean=5.06e+04 std=3.327e+05 | q_rep(t=0)=[-8.955442428588867, -8.925726890563965, -8.870729446411133]
INFO PLAT_JUL29 DiffSolverV2 action grid: K=165 actions (levels=9 ^ active=3)
INFO PLAT_JUL29 DiffSolverV2 C[t=124] fitted: val_loss=1.276e-05 |Y_boot|=1.214 |A|=0.0001079 Y_mean=-0.6564 q*_mean=['0.000', '0.000', '-18.512']
INFO PLAT_JUL29 DiffSolverV2 C[t=123] fitted: val_loss=1.582e-05 |Y_boot|=1.214 |A|=0.0001138 Y_mean=-0.6567 q*_mean=['0.000', '0.000', '-19.458']
INFO PLAT_JUL29 DiffSolverV2 C[t=122] fitted: val_loss=1.511e-05 |Y_boot|=1.214 |A|=7.447e-05 Y_mean=-0.6569 q*_mean=['0.000', '0.000', '-17.914']
INFO PLAT_JUL29 DiffSolverV2 C[t=121] fitted: val_loss=8.981e-06 |Y_boot|=1.213 |A|=0.0002456 Y_mean=-0.6558 q*_mean=['0.000', '0.000', '-17.566']
INFO PLAT_JUL29 DiffSolverV2 C[t=120] fitted: val_loss=1.312e-05 |Y_boot|=1.213 |A|=0.0002685 Y_mean=-0.656 q*_mean=['0.000', '-10.394', '-8.295']
INFO PLAT_JUL29 DiffSolverV2 C[t=119] fitted: val_loss=6.536e-05 |Y_boot|=1.213 |A|=0.0005428 Y_mean=-0.6555 q*_mean=['0.000', '-11.786', '-7.416']
INFO PLAT_JUL29 DiffSolverV2 C[t=118] fitted: val_loss=0.0001652 |Y_boot|=1.214 |A|=0.001363 Y_mean=-0.6574 q*_mean=['0.000', '-14.893', '-4.474']
INFO PLAT_JUL29 DiffSolverV2 C[t=117] fitted: val_loss=0.0003833 |Y_boot|=1.215 |A|=0.001705 Y_mean=-0.6587 q*_mean=['0.000', '-15.222', '-4.413']
INFO PLAT_JUL29 DiffSolverV2 C[t=116] fitted: val_loss=0.0007664 |Y_boot|=1.216 |A|=0.002654 Y_mean=-0.66 q*_mean=['0.000', '-14.337', '-4.535']
INFO PLAT_JUL29 DiffSolverV2 C[t=115] fitted: val_loss=0.0007209 |Y_boot|=1.215 |A|=0.002866 Y_mean=-0.6605 q*_mean=['0.000', '-14.783', '-5.554']
INFO PLAT_JUL29 DiffSolverV2 C[t=114] fitted: val_loss=0.0006397 |Y_boot|=1.215 |A|=0.004254 Y_mean=-0.6605 q*_mean=['0.000', '-14.941', '-6.189']
INFO PLAT_JUL29 DiffSolverV2 C[t=113] fitted: val_loss=0.001078 |Y_boot|=1.214 |A|=0.005521 Y_mean=-0.6606 q*_mean=['0.000', '-14.392', '-6.219']
INFO PLAT_JUL29 DiffSolverV2 C[t=112] fitted: val_loss=0.001891 |Y_boot|=1.214 |A|=0.005376 Y_mean=-0.6625 q*_mean=['0.000', '-15.173', '-5.853']
INFO PLAT_JUL29 DiffSolverV2 C[t=111] fitted: val_loss=0.002472 |Y_boot|=1.213 |A|=0.004551 Y_mean=-0.6614 q*_mean=['0.000', '-16.003', '-6.659']
INFO PLAT_JUL29 DiffSolverV2 C[t=110] fitted: val_loss=0.0028 |Y_boot|=1.211 |A|=0.001717 Y_mean=-0.6583 q*_mean=['0.000', '-15.967', '-6.586']
INFO PLAT_JUL29 DiffSolverV2 C[t=109] fitted: val_loss=0.00398 |Y_boot|=1.21 |A|=0.004436 Y_mean=-0.6549 q*_mean=['0.000', '-17.004', '-6.750']
INFO PLAT_JUL29 DiffSolverV2 C[t=108] fitted: val_loss=0.003773 |Y_boot|=1.208 |A|=0.005137 Y_mean=-0.6563 q*_mean=['0.000', '-16.730', '-7.062']
INFO PLAT_JUL29 DiffSolverV2 C[t=107] fitted: val_loss=0.003328 |Y_boot|=1.21 |A|=0.004629 Y_mean=-0.6587 q*_mean=['0.000', '-16.516', '-6.641']
INFO PLAT_JUL29 DiffSolverV2 C[t=106] fitted: val_loss=0.004804 |Y_boot|=1.211 |A|=0.001258 Y_mean=-0.6609 q*_mean=['0.000', '-17.328', '-7.550']
INFO PLAT_JUL29 DiffSolverV2 C[t=105] fitted: val_loss=0.00563 |Y_boot|=1.21 |A|=0.0007247 Y_mean=-0.6559 q*_mean=['0.000', '-17.432', '-7.623']
INFO PLAT_JUL29 DiffSolverV2 C[t=104] fitted: val_loss=0.00697 |Y_boot|=1.211 |A|=0.001033 Y_mean=-0.6561 q*_mean=['0.000', '-17.719', '-6.897']
INFO PLAT_JUL29 DiffSolverV2 C[t=103] fitted: val_loss=0.007844 |Y_boot|=1.209 |A|=0.001511 Y_mean=-0.6551 q*_mean=['0.000', '-18.500', '-7.385']
INFO PLAT_JUL29 DiffSolverV2 C[t=102] fitted: val_loss=0.008725 |Y_boot|=1.21 |A|=0.003826 Y_mean=-0.6562 q*_mean=['0.000', '-18.396', '-7.410']
INFO PLAT_JUL29 DiffSolverV2 C[t=101] fitted: val_loss=0.01196 |Y_boot|=1.204 |A|=0.005146 Y_mean=-0.6533 q*_mean=['0.000', '-18.848', '-7.690']
INFO PLAT_JUL29 DiffSolverV2 C[t=100] fitted: val_loss=0.008766 |Y_boot|=1.201 |A|=0.01209 Y_mean=-0.6525 q*_mean=['0.000', '-18.066', '-8.081']
INFO PLAT_JUL29 DiffSolverV2 C[t=99] fitted: val_loss=0.01165 |Y_boot|=1.199 |A|=0.01276 Y_mean=-0.6571 q*_mean=['0.000', '-19.501', '-7.910']
INFO PLAT_JUL29 DiffSolverV2 C[t=98] fitted: val_loss=0.01249 |Y_boot|=1.198 |A|=0.01047 Y_mean=-0.6543 q*_mean=['0.000', '-20.734', '-8.228']
INFO PLAT_JUL29 DiffSolverV2 C[t=97] fitted: val_loss=0.01469 |Y_boot|=1.2 |A|=0.009375 Y_mean=-0.6565 q*_mean=['0.000', '-20.264', '-8.429']
INFO PLAT_JUL29 DiffSolverV2 C[t=96] fitted: val_loss=0.01593 |Y_boot|=1.198 |A|=0.007975 Y_mean=-0.6537 q*_mean=['0.000', '-21.307', '-8.356']
INFO PLAT_JUL29 DiffSolverV2 C[t=95] fitted: val_loss=0.01638 |Y_boot|=1.195 |A|=0.008831 Y_mean=-0.6495 q*_mean=['0.000', '-21.600', '-8.282']
INFO PLAT_JUL29 DiffSolverV2 C[t=94] fitted: val_loss=0.01535 |Y_boot|=1.192 |A|=0.005404 Y_mean=-0.6469 q*_mean=['0.000', '-21.533', '-8.051']
INFO PLAT_JUL29 DiffSolverV2 C[t=93] fitted: val_loss=0.01524 |Y_boot|=1.188 |A|=0.002877 Y_mean=-0.64 q*_mean=['0.000', '-22.113', '-8.057']
INFO PLAT_JUL29 DiffSolverV2 C[t=92] fitted: val_loss=0.01856 |Y_boot|=1.184 |A|=0.005247 Y_mean=-0.6337 q*_mean=['0.000', '-21.814', '-8.527']
INFO PLAT_JUL29 DiffSolverV2 C[t=91] fitted: val_loss=0.02134 |Y_boot|=1.182 |A|=0.009423 Y_mean=-0.6359 q*_mean=['0.000', '-22.711', '-9.070']
INFO PLAT_JUL29 DiffSolverV2 C[t=90] fitted: val_loss=2.6 |Y_boot|=1.259 |A|=0.07964 Y_mean=+0.4597 q*_mean=['0.000', '-0.061', '-33.643']
INFO PLAT_JUL29 DiffSolverV2 C[t=89] fitted: val_loss=0.4 |Y_boot|=1.053 |A|=0.0787 Y_mean=-0.1984 q*_mean=['0.000', '-0.342', '-33.496']
INFO PLAT_JUL29 DiffSolverV2 C[t=88] fitted: val_loss=0.1562 |Y_boot|=1.083 |A|=0.07796 Y_mean=-0.3416 q*_mean=['0.000', '-0.500', '-32.874']
INFO PLAT_JUL29 DiffSolverV2 C[t=87] fitted: val_loss=0.09387 |Y_boot|=1.106 |A|=0.07676 Y_mean=-0.4009 q*_mean=['0.000', '-1.123', '-33.392']
INFO PLAT_JUL29 DiffSolverV2 C[t=86] fitted: val_loss=0.05507 |Y_boot|=1.116 |A|=0.0758 Y_mean=-0.4365 q*_mean=['0.000', '-0.964', '-33.685']
INFO PLAT_JUL29 DiffSolverV2 C[t=85] fitted: val_loss=0.04709 |Y_boot|=1.124 |A|=0.07515 Y_mean=-0.4542 q*_mean=['0.000', '-0.885', '-33.630']
INFO PLAT_JUL29 DiffSolverV2 C[t=84] fitted: val_loss=0.03759 |Y_boot|=1.13 |A|=0.07392 Y_mean=-0.4694 q*_mean=['0.000', '-1.404', '-32.294']
INFO PLAT_JUL29 DiffSolverV2 C[t=83] fitted: val_loss=0.04341 |Y_boot|=1.128 |A|=0.07389 Y_mean=-0.4729 q*_mean=['0.000', '-1.514', '-32.532']
INFO PLAT_JUL29 DiffSolverV2 C[t=82] fitted: val_loss=0.02479 |Y_boot|=1.13 |A|=0.07256 Y_mean=-0.4785 q*_mean=['0.000', '-1.843', '-33.228']
INFO PLAT_JUL29 DiffSolverV2 C[t=81] fitted: val_loss=0.02729 |Y_boot|=1.132 |A|=0.07204 Y_mean=-0.4846 q*_mean=['0.000', '-2.118', '-33.173']
INFO PLAT_JUL29 DiffSolverV2 C[t=80] fitted: val_loss=0.02533 |Y_boot|=1.133 |A|=0.07118 Y_mean=-0.4876 q*_mean=['0.000', '-2.130', '-32.440']
INFO PLAT_JUL29 DiffSolverV2 C[t=79] fitted: val_loss=0.02422 |Y_boot|=1.129 |A|=0.071 Y_mean=-0.4885 q*_mean=['0.000', '-2.539', '-33.051']
INFO PLAT_JUL29 DiffSolverV2 C[t=78] fitted: val_loss=0.02337 |Y_boot|=1.126 |A|=0.06957 Y_mean=-0.4883 q*_mean=['0.000', '-2.911', '-32.391']
INFO PLAT_JUL29 DiffSolverV2 C[t=77] fitted: val_loss=0.02274 |Y_boot|=1.114 |A|=0.06933 Y_mean=-0.4789 q*_mean=['0.000', '-3.278', '-33.057']
INFO PLAT_JUL29 DiffSolverV2 C[t=76] fitted: val_loss=0.02212 |Y_boot|=1.114 |A|=0.06881 Y_mean=-0.4808 q*_mean=['0.000', '-3.619', '-32.684']
INFO PLAT_JUL29 DiffSolverV2 C[t=75] fitted: val_loss=0.0258 |Y_boot|=1.113 |A|=0.06869 Y_mean=-0.4838 q*_mean=['0.000', '-3.461', '-32.617']
INFO PLAT_JUL29 DiffSolverV2 C[t=74] fitted: val_loss=0.02371 |Y_boot|=1.111 |A|=0.06792 Y_mean=-0.4824 q*_mean=['0.000', '-3.937', '-32.880']
INFO PLAT_JUL29 DiffSolverV2 C[t=73] fitted: val_loss=0.02082 |Y_boot|=1.109 |A|=0.06895 Y_mean=-0.4821 q*_mean=['0.000', '-4.041', '-31.989']
INFO PLAT_JUL29 DiffSolverV2 C[t=72] fitted: val_loss=0.02459 |Y_boot|=1.113 |A|=0.06734 Y_mean=-0.488 q*_mean=['0.000', '-3.833', '-32.611']
INFO PLAT_JUL29 DiffSolverV2 C[t=71] fitted: val_loss=0.02156 |Y_boot|=1.11 |A|=0.0675 Y_mean=-0.4869 q*_mean=['0.000', '-4.034', '-32.214']
INFO PLAT_JUL29 DiffSolverV2 C[t=70] fitted: val_loss=0.01888 |Y_boot|=1.112 |A|=0.066 Y_mean=-0.4913 q*_mean=['0.000', '-3.735', '-32.996']
INFO PLAT_JUL29 DiffSolverV2 C[t=69] fitted: val_loss=0.01913 |Y_boot|=1.106 |A|=0.06685 Y_mean=-0.4898 q*_mean=['0.000', '-4.108', '-32.764']
INFO PLAT_JUL29 DiffSolverV2 C[t=68] fitted: val_loss=0.01906 |Y_boot|=1.103 |A|=0.06374 Y_mean=-0.4883 q*_mean=['0.000', '-3.992', '-33.429']
INFO PLAT_JUL29 DiffSolverV2 C[t=67] fitted: val_loss=0.02239 |Y_boot|=1.104 |A|=0.06619 Y_mean=-0.4934 q*_mean=['0.000', '-4.645', '-32.904']
INFO PLAT_JUL29 DiffSolverV2 C[t=66] fitted: val_loss=0.02257 |Y_boot|=1.1 |A|=0.06458 Y_mean=-0.4863 q*_mean=['0.000', '-5.115', '-32.471']
INFO PLAT_JUL29 DiffSolverV2 C[t=65] fitted: val_loss=0.02103 |Y_boot|=1.097 |A|=0.06341 Y_mean=-0.4847 q*_mean=['0.000', '-5.334', '-31.921']
INFO PLAT_JUL29 DiffSolverV2 C[t=64] fitted: val_loss=0.02219 |Y_boot|=1.103 |A|=0.06444 Y_mean=-0.4901 q*_mean=['0.000', '-6.311', '-30.719']
INFO PLAT_JUL29 DiffSolverV2 C[t=63] fitted: val_loss=0.01761 |Y_boot|=1.099 |A|=0.06528 Y_mean=-0.4859 q*_mean=['0.000', '-5.829', '-30.798']
INFO PLAT_JUL29 DiffSolverV2 C[t=62] fitted: val_loss=0.02335 |Y_boot|=1.098 |A|=0.06591 Y_mean=-0.4842 q*_mean=['0.000', '-5.884', '-31.232']
INFO PLAT_JUL29 DiffSolverV2 C[t=61] fitted: val_loss=0.02381 |Y_boot|=1.096 |A|=0.06442 Y_mean=-0.4839 q*_mean=['0.000', '-5.493', '-31.543']
INFO PLAT_JUL29 DiffSolverV2 C[t=60] fitted: val_loss=0.02148 |Y_boot|=1.091 |A|=0.06462 Y_mean=-0.4789 q*_mean=['0.000', '-5.688', '-31.244']
INFO PLAT_JUL29 DiffSolverV2 C[t=59] fitted: val_loss=0.01674 |Y_boot|=1.088 |A|=0.06288 Y_mean=-0.4769 q*_mean=['0.000', '-5.505', '-31.531']
INFO PLAT_JUL29 DiffSolverV2 C[t=58] fitted: val_loss=0.02038 |Y_boot|=1.091 |A|=0.06363 Y_mean=-0.482 q*_mean=['0.000', '-6.580', '-30.908']
INFO PLAT_JUL29 DiffSolverV2 C[t=57] fitted: val_loss=0.01792 |Y_boot|=1.093 |A|=0.06092 Y_mean=-0.4834 q*_mean=['0.000', '-6.348', '-30.872']
INFO PLAT_JUL29 DiffSolverV2 C[t=56] fitted: val_loss=0.01865 |Y_boot|=1.09 |A|=0.06311 Y_mean=-0.485 q*_mean=['0.000', '-6.604', '-30.133']
INFO PLAT_JUL29 DiffSolverV2 C[t=55] fitted: val_loss=0.01736 |Y_boot|=1.087 |A|=0.06234 Y_mean=-0.4793 q*_mean=['0.000', '-6.683', '-30.591']
INFO PLAT_JUL29 DiffSolverV2 C[t=54] fitted: val_loss=0.01801 |Y_boot|=1.082 |A|=0.06206 Y_mean=-0.4741 q*_mean=['0.000', '-6.628', '-29.767']
INFO PLAT_JUL29 DiffSolverV2 C[t=53] fitted: val_loss=0.02161 |Y_boot|=1.078 |A|=0.05942 Y_mean=-0.4722 q*_mean=['0.000', '-6.732', '-29.681']
INFO PLAT_JUL29 DiffSolverV2 C[t=52] fitted: val_loss=0.02784 |Y_boot|=1.074 |A|=0.06103 Y_mean=-0.4738 q*_mean=['0.000', '-7.159', '-30.652']
INFO PLAT_JUL29 DiffSolverV2 C[t=51] fitted: val_loss=0.02064 |Y_boot|=1.067 |A|=0.06075 Y_mean=-0.4672 q*_mean=['0.000', '-6.708', '-29.486']
INFO PLAT_JUL29 DiffSolverV2 C[t=50] fitted: val_loss=0.02071 |Y_boot|=1.062 |A|=0.06136 Y_mean=-0.4656 q*_mean=['0.000', '-7.025', '-29.767']
INFO PLAT_JUL29 DiffSolverV2 C[t=49] fitted: val_loss=0.01764 |Y_boot|=1.06 |A|=0.05996 Y_mean=-0.4631 q*_mean=['0.000', '-6.177', '-30.817']
INFO PLAT_JUL29 DiffSolverV2 C[t=48] fitted: val_loss=0.02372 |Y_boot|=1.059 |A|=0.05867 Y_mean=-0.4634 q*_mean=['0.000', '-7.135', '-30.011']
INFO PLAT_JUL29 DiffSolverV2 C[t=47] fitted: val_loss=0.0253 |Y_boot|=1.056 |A|=0.06153 Y_mean=-0.4629 q*_mean=['0.000', '-7.135', '-30.707']
INFO PLAT_JUL29 DiffSolverV2 C[t=46] fitted: val_loss=0.02455 |Y_boot|=1.052 |A|=0.06256 Y_mean=-0.4574 q*_mean=['0.000', '-6.830', '-30.322']
INFO PLAT_JUL29 DiffSolverV2 C[t=45] fitted: val_loss=0.02275 |Y_boot|=1.051 |A|=0.06145 Y_mean=-0.456 q*_mean=['0.000', '-7.288', '-29.822']
INFO PLAT_JUL29 DiffSolverV2 C[t=44] fitted: val_loss=0.0197 |Y_boot|=1.043 |A|=0.05993 Y_mean=-0.4523 q*_mean=['0.000', '-7.343', '-30.408']
INFO PLAT_JUL29 DiffSolverV2 C[t=43] fitted: val_loss=0.02421 |Y_boot|=1.049 |A|=0.05669 Y_mean=-0.4611 q*_mean=['0.000', '-7.050', '-30.200']
INFO PLAT_JUL29 DiffSolverV2 C[t=42] fitted: val_loss=0.02331 |Y_boot|=1.046 |A|=0.05918 Y_mean=-0.4624 q*_mean=['0.000', '-6.616', '-30.566']
INFO PLAT_JUL29 DiffSolverV2 C[t=41] fitted: val_loss=0.021 |Y_boot|=1.048 |A|=0.0616 Y_mean=-0.4614 q*_mean=['0.000', '-7.739', '-29.877']
INFO PLAT_JUL29 DiffSolverV2 C[t=40] fitted: val_loss=0.01934 |Y_boot|=1.048 |A|=0.05934 Y_mean=-0.4611 q*_mean=['0.000', '-7.788', '-29.828']
INFO PLAT_JUL29 DiffSolverV2 C[t=39] fitted: val_loss=0.02031 |Y_boot|=1.043 |A|=0.05423 Y_mean=-0.4597 q*_mean=['0.000', '-7.281', '-29.266']
INFO PLAT_JUL29 DiffSolverV2 C[t=38] fitted: val_loss=0.0226 |Y_boot|=1.037 |A|=0.05595 Y_mean=-0.4599 q*_mean=['0.000', '-7.318', '-29.919']
INFO PLAT_JUL29 DiffSolverV2 C[t=37] fitted: val_loss=0.01874 |Y_boot|=1.034 |A|=0.06018 Y_mean=-0.4545 q*_mean=['0.000', '-7.611', '-29.468']
INFO PLAT_JUL29 DiffSolverV2 C[t=36] fitted: val_loss=0.02232 |Y_boot|=1.032 |A|=0.06353 Y_mean=-0.4483 q*_mean=['0.000', '-7.843', '-29.663']
INFO PLAT_JUL29 DiffSolverV2 C[t=35] fitted: val_loss=0.02042 |Y_boot|=1.033 |A|=0.05918 Y_mean=-0.4467 q*_mean=['0.000', '-7.739', '-29.785']
INFO PLAT_JUL29 DiffSolverV2 C[t=34] fitted: val_loss=0.02266 |Y_boot|=1.024 |A|=0.0593 Y_mean=-0.4447 q*_mean=['0.000', '-7.599', '-29.260']
INFO PLAT_JUL29 DiffSolverV2 C[t=33] fitted: val_loss=0.02213 |Y_boot|=1.021 |A|=0.05693 Y_mean=-0.4419 q*_mean=['0.000', '-7.507', '-29.822']
INFO PLAT_JUL29 DiffSolverV2 C[t=32] fitted: val_loss=0.01839 |Y_boot|=1.021 |A|=0.0608 Y_mean=-0.4441 q*_mean=['0.000', '-7.471', '-29.761']
INFO PLAT_JUL29 DiffSolverV2 C[t=31] fitted: val_loss=0.02189 |Y_boot|=1.017 |A|=0.06119 Y_mean=-0.4385 q*_mean=['-13.977', '-6.006', '-30.017']
INFO PLAT_JUL29 DiffSolverV2 C[t=30] fitted: val_loss=0.02231 |Y_boot|=1.018 |A|=0.05722 Y_mean=-0.4412 q*_mean=['-11.755', '-2.899', '-15.063']
INFO PLAT_JUL29 DiffSolverV2 C[t=29] fitted: val_loss=0.01905 |Y_boot|=1.017 |A|=0.05953 Y_mean=-0.442 q*_mean=['-11.664', '-3.601', '-15.216']
INFO PLAT_JUL29 DiffSolverV2 C[t=28] fitted: val_loss=0.01734 |Y_boot|=1.017 |A|=0.05853 Y_mean=-0.4398 q*_mean=['-11.951', '-3.998', '-14.282']
INFO PLAT_JUL29 DiffSolverV2 C[t=27] fitted: val_loss=0.02278 |Y_boot|=1.014 |A|=0.05621 Y_mean=-0.4387 q*_mean=['-12.189', '-4.626', '-13.013']
INFO PLAT_JUL29 DiffSolverV2 C[t=26] fitted: val_loss=0.01779 |Y_boot|=1.013 |A|=0.05373 Y_mean=-0.4409 q*_mean=['-11.914', '-5.212', '-13.159']
INFO PLAT_JUL29 DiffSolverV2 C[t=25] fitted: val_loss=0.01798 |Y_boot|=1.014 |A|=0.05363 Y_mean=-0.4449 q*_mean=['-10.626', '-5.475', '-13.007']
INFO PLAT_JUL29 DiffSolverV2 C[t=24] fitted: val_loss=0.01536 |Y_boot|=1.01 |A|=0.05365 Y_mean=-0.4429 q*_mean=['-11.658', '-6.024', '-12.018']
INFO PLAT_JUL29 DiffSolverV2 C[t=23] fitted: val_loss=0.01755 |Y_boot|=1.009 |A|=0.05575 Y_mean=-0.4415 q*_mean=['-11.725', '-5.682', '-11.829']
INFO PLAT_JUL29 DiffSolverV2 C[t=22] fitted: val_loss=0.01783 |Y_boot|=1.008 |A|=0.0533 Y_mean=-0.4369 q*_mean=['-11.652', '-7.404', '-11.279']
INFO PLAT_JUL29 DiffSolverV2 C[t=21] fitted: val_loss=0.01733 |Y_boot|=1.004 |A|=0.0554 Y_mean=-0.4355 q*_mean=['-10.876', '-7.135', '-11.237']
INFO PLAT_JUL29 DiffSolverV2 C[t=20] fitted: val_loss=0.01773 |Y_boot|=1.003 |A|=0.05163 Y_mean=-0.4324 q*_mean=['-11.194', '-7.440', '-10.883']
INFO PLAT_JUL29 DiffSolverV2 C[t=19] fitted: val_loss=0.02019 |Y_boot|=1.001 |A|=0.04967 Y_mean=-0.4341 q*_mean=['-10.809', '-7.281', '-10.791']
INFO PLAT_JUL29 DiffSolverV2 C[t=18] fitted: val_loss=0.02166 |Y_boot|=0.9989 |A|=0.05353 Y_mean=-0.4331 q*_mean=['-11.371', '-7.782', '-10.309']
INFO PLAT_JUL29 DiffSolverV2 C[t=17] fitted: val_loss=0.01959 |Y_boot|=1.002 |A|=0.05396 Y_mean=-0.4326 q*_mean=['-11.816', '-6.781', '-11.426']
INFO PLAT_JUL29 DiffSolverV2 C[t=16] fitted: val_loss=0.01836 |Y_boot|=1.002 |A|=0.05418 Y_mean=-0.4338 q*_mean=['-12.262', '-6.696', '-10.706']
INFO PLAT_JUL29 DiffSolverV2 C[t=15] fitted: val_loss=0.01904 |Y_boot|=0.997 |A|=0.06023 Y_mean=-0.4289 q*_mean=['-11.279', '-7.062', '-11.200']
INFO PLAT_JUL29 DiffSolverV2 C[t=14] fitted: val_loss=0.01857 |Y_boot|=0.9977 |A|=0.06009 Y_mean=-0.4244 q*_mean=['-10.907', '-7.361', '-9.497']
INFO PLAT_JUL29 DiffSolverV2 C[t=13] fitted: val_loss=0.02051 |Y_boot|=0.9986 |A|=0.06341 Y_mean=-0.4255 q*_mean=['-11.780', '-8.118', '-10.474']
INFO PLAT_JUL29 DiffSolverV2 C[t=12] fitted: val_loss=0.02025 |Y_boot|=0.9976 |A|=0.06213 Y_mean=-0.4201 q*_mean=['-10.822', '-7.489', '-10.364']
INFO PLAT_JUL29 DiffSolverV2 C[t=11] fitted: val_loss=0.02 |Y_boot|=1.005 |A|=0.05934 Y_mean=-0.4285 q*_mean=['-11.725', '-7.416', '-9.192']
INFO PLAT_JUL29 DiffSolverV2 C[t=10] fitted: val_loss=0.02117 |Y_boot|=1.003 |A|=0.05801 Y_mean=-0.4295 q*_mean=['-12.756', '-8.002', '-8.899']
INFO PLAT_JUL29 DiffSolverV2 C[t=9] fitted: val_loss=0.02074 |Y_boot|=1.001 |A|=0.05698 Y_mean=-0.4291 q*_mean=['-12.488', '-8.026', '-8.484']
INFO PLAT_JUL29 DiffSolverV2 C[t=8] fitted: val_loss=0.0202 |Y_boot|=0.9951 |A|=0.05507 Y_mean=-0.4237 q*_mean=['-12.720', '-8.142', '-8.167']
INFO PLAT_JUL29 DiffSolverV2 C[t=7] fitted: val_loss=0.01689 |Y_boot|=0.9945 |A|=0.05612 Y_mean=-0.4238 q*_mean=['-12.256', '-7.751', '-7.715']
INFO PLAT_JUL29 DiffSolverV2 C[t=6] fitted: val_loss=0.02159 |Y_boot|=0.9921 |A|=0.0575 Y_mean=-0.4197 q*_mean=['-12.982', '-8.575', '-6.604']
INFO PLAT_JUL29 DiffSolverV2 C[t=5] fitted: val_loss=0.01885 |Y_boot|=0.9919 |A|=0.05957 Y_mean=-0.4183 q*_mean=['-12.933', '-7.751', '-6.317']
INFO PLAT_JUL29 DiffSolverV2 C[t=4] fitted: val_loss=0.0236 |Y_boot|=0.9928 |A|=0.05961 Y_mean=-0.4162 q*_mean=['-15.033', '-8.472', '-5.011']
INFO PLAT_JUL29 DiffSolverV2 C[t=3] fitted: val_loss=0.01937 |Y_boot|=0.9912 |A|=0.06171 Y_mean=-0.4154 q*_mean=['-14.734', '-8.282', '-4.114']
INFO PLAT_JUL29 DiffSolverV2 C[t=2] fitted: val_loss=0.01633 |Y_boot|=0.9946 |A|=0.06281 Y_mean=-0.4166 q*_mean=['-15.430', '-9.314', '-2.759']
INFO PLAT_JUL29 DiffSolverV2 C[t=1] fitted: val_loss=0.01827 |Y_boot|=0.9938 |A|=0.06399 Y_mean=-0.4158 q*_mean=['-17.224', '-10.193', '-1.001']
INFO PLAT_JUL29 DiffSolverV2 C[t=0] fitted: val_loss=0.01873 |Y_boot|=0.9938 |A|=0.06068 Y_mean=-0.4159 q*_mean=['-15.637', '-9.619', '0.000']
INFO PLAT_JUL29 DiffSolverV2 sweep complete: t=124→0 | max|Y_boot|=1.259 (BOUNDED) | V_0=-0.415864 | n_star@t=0=[-15.63720703125, -9.619140625, 0.0]
INFO PLAT_JUL29 DiffSolverV2 SAVED value fn to /home/vretiel/PycharmProjects/riskflow/artifacts/walk_forward/artifacts/walk_forward/driftless_gpu0/value_fn_202001_garch_s314.pt (V_0=-0.415864)
INFO PLAT_JUL29 DiffSolverV2 IN-SAMPLE vs OOS u(W_T): greedy IS=-0.53133 OOS=-0.53016 | textbook IS=-0.66005 OOS=-0.62370 (gap IS−OOS greedy=-0.00116 → overfit if large)
INFO PLAT_JUL29 DiffSolverV2 VERDICT (OUT-OF-SAMPLE rollout t=0→T over 1024 outer paths, start flat):
  policy    u(W_T)mean    W_T mean       W_T p5         W_T CVaR5
  greedy    -0.53016    +6.3413e+04   -4.4412e+05   -5.6921e+05
  textbook  -0.62370    +4.6356e+04   -4.6341e+05   -5.6016e+05
  nohedge   -0.90543    +4.4491e+04   -5.4795e+05   -6.5560e+05
  → on the OBJECTIVE E[u(W_T)]: beats no-hedge=True, beats textbook=True | tail(CVaR5) competitive w/ textbook=True
INFO PLAT_JUL29 DiffSolverV2 greedy positions: mean|q| per instrument=['3.27', '7.15', '20.22'] | q@t0=[-5.35888671875, -4.644775390625, 0.0] | q@mid=[0.0, -5.487060546875, -32.659912109375] (textbook q@t0=[-8.955442428588867, -8.925726890563965, -8.870729446411133])
INFO PLAT_JUL29 solve_hedge tracks: {'DiffSolverV2': -0.4159} | ladder holds=True
INFO PLAT_JUL29 === ROLL 202001 (stepper, realized path, 3-seed ensemble, inner=512) ===
WARNING md_202001_garch_driftless Price Factor 'DiscountRate.USD-SOFR' not found in market data
INFO md_202001_garch_driftless Creating default Discount Factor(type='DiscountRate', name=('USD-SOFR',))
INFO PLAT_JUL29 Observed_Scenario substituted 2 factor(s): ['CommodityPrice.PLATINUM_CME', 'CommodityBasis.LME_CME']
INFO PLAT_JUL29 liability scalars: total_leg_volume=2500.0 last_settlement_index=154
INFO PLAT_JUL29 utility_scale (symlog c) resolved to 305001.02
INFO PLAT_JUL29 DiffSolverV2 setup: n_hedge=3 active=[0, 1, 2] T_dec=125 (of 127 sim steps; last-live mtm=[-2]) B_outer=1 levels=9 fit_iters=60 lr=0.002 | contract_size=[50.0, 50.0, 50.0] | q∈[[-50.0, -50.0, -50.0], [0.0, 0.0, 0.0]] total_abs_limit=50
INFO PLAT_JUL29 DiffSolverV2 inner forks: one_step=True (window {t, t+1} generation+pricing)
INFO PLAT_JUL29 DiffSolverV2 bank: market_dim=7 | swept W∈[-7.884e+05, 1.486e+05] mean=-1.967e+05 std=2.653e+05 | q_rep(t=0)=[0.0, 0.0, 0.0]
INFO PLAT_JUL29 DiffSolverV2 LOADED value fn from /home/vretiel/PycharmProjects/riskflow/artifacts/walk_forward/artifacts/walk_forward/driftless_gpu0/value_fn_202001_garch_s7.pt (train V_0=-0.455264) | eval-world market drift vs train frame: max 3.56 σ | utility_scale 580884
INFO PLAT_JUL29 DiffSolverV2 LOADED value fn from /home/vretiel/PycharmProjects/riskflow/artifacts/walk_forward/artifacts/walk_forward/driftless_gpu0/value_fn_202001_garch_s42.pt (train V_0=-0.451291) | eval-world market drift vs train frame: max 3.73 σ | utility_scale 577773
INFO PLAT_JUL29 DiffSolverV2 LOADED value fn from /home/vretiel/PycharmProjects/riskflow/artifacts/walk_forward/artifacts/walk_forward/driftless_gpu0/value_fn_202001_garch_s314.pt (train V_0=-0.415864) | eval-world market drift vs train frame: max 3.83 σ | utility_scale 583502
INFO PLAT_JUL29 DiffSolverV2 action grid: K=165 actions (levels=9 ^ active=3)
INFO PLAT_JUL29 DiffSolverV2 ENSEMBLE argmax over 3 value fns
INFO PLAT_JUL29 DiffSolverV2 STEPPER ROLLOUT (frozen policy, realized path, real accounting):
  greedy   wT=-2.4368e+05 p5=-2.4368e+05 cvar5=-2.4368e+05
  textbook wT=-4.8586e+05 p5=-4.8586e+05 cvar5=-4.8586e+05
  nohedge  wT=-4.8586e+05 p5=-4.8586e+05 cvar5=-4.8586e+05
INFO PLAT_JUL29 DiffSolverV2 VERDICT (OUT-OF-SAMPLE rollout t=0→T over 1 outer paths, start flat):
  policy    u(W_T)mean    W_T mean       W_T p5         W_T CVaR5
  greedy    -1.16062    -2.1156e+05   -2.1156e+05   -2.1156e+05
  textbook  -5.03867    -4.8597e+05   -4.8597e+05   -4.8597e+05
  nohedge   -5.03867    -4.8597e+05   -4.8597e+05   -4.8597e+05
  → on the OBJECTIVE E[u(W_T)]: beats no-hedge=True, beats textbook=True | tail(CVaR5) competitive w/ textbook=True
INFO PLAT_JUL29 DiffSolverV2 greedy positions: mean|q| per instrument=['0.00', '0.00', '16.65'] | q@t0=[0.0, 0.0, 0.0] | q@mid=[0.0, 0.0, -31.25] (textbook q@t0=[0.0, 0.0, 0.0])
INFO PLAT_JUL29 solve_hedge tracks: {'DiffSolverV2': -0.4553} | ladder holds=True
INFO PLAT_JUL29 === TRAIN 202001 seed=7 SKIP (checkpoint exists) ===
INFO PLAT_JUL29 === TRAIN 202001 seed=42 SKIP (checkpoint exists) ===
INFO PLAT_JUL29 === TRAIN 202001 seed=314 SKIP (checkpoint exists) ===
INFO PLAT_JUL29 === ROLL 202001 (stepper, realized path, 3-seed ensemble, inner=512) ===
WARNING md_202001_garch_driftless Price Factor 'DiscountRate.USD-SOFR' not found in market data
INFO md_202001_garch_driftless Creating default Discount Factor(type='DiscountRate', name=('USD-SOFR',))
INFO PLAT_JUL29 Observed_Scenario substituted 2 factor(s): ['CommodityPrice.PLATINUM_CME', 'CommodityBasis.LME_CME']
INFO PLAT_JUL29 liability scalars: total_leg_volume=2500.0 last_settlement_index=154
INFO PLAT_JUL29 utility_scale (symlog c) resolved to 305001.02
INFO PLAT_JUL29 DiffSolverV2 setup: n_hedge=3 active=[0, 1, 2] T_dec=125 (of 127 sim steps; last-live mtm=[-2]) B_outer=1 levels=9 fit_iters=60 lr=0.002 | contract_size=[50.0, 50.0, 50.0] | q∈[[-50.0, -50.0, -50.0], [0.0, 0.0, 0.0]] total_abs_limit=50
INFO PLAT_JUL29 DiffSolverV2 inner forks: one_step=True (window {t, t+1} generation+pricing)
INFO PLAT_JUL29 DiffSolverV2 bank IN Total_Position_Schedule (post-projection): residual frac(Σq outside corridor) min=0.000 mean=0.000 max=0.000 | worst t=0 corridor=[-50, -42.5] bank Σq∈[-42.5, -42.5] frac_oob=0.000 (≈0 ⇒ projection clean)
INFO PLAT_JUL29 DiffSolverV2 bank: market_dim=7 | swept W∈[-4.097e+05, 1.729e+05] mean=-2.92e+04 std=1.322e+05 | q_rep(t=0)=[0.0, 0.0, 0.0]
INFO PLAT_JUL29 DiffV2_Load_Value_Fn: /home/vretiel/PycharmProjects/riskflow/artifacts/walk_forward/artifacts/walk_forward/driftless_gpu0/b015_202001/value_fn_202001_garch_s7.pt trained corridor-free (widest wealth support); rolling under a Total_Position_Schedule only restricts to a learned subset — valid.
INFO PLAT_JUL29 DiffSolverV2 LOADED value fn from /home/vretiel/PycharmProjects/riskflow/artifacts/walk_forward/artifacts/walk_forward/driftless_gpu0/b015_202001/value_fn_202001_garch_s7.pt (train V_0=-0.455264) | eval-world market drift vs train frame: max 3.56 σ | utility_scale 580884
INFO PLAT_JUL29 DiffV2_Load_Value_Fn: /home/vretiel/PycharmProjects/riskflow/artifacts/walk_forward/artifacts/walk_forward/driftless_gpu0/b015_202001/value_fn_202001_garch_s42.pt trained corridor-free (widest wealth support); rolling under a Total_Position_Schedule only restricts to a learned subset — valid.
INFO PLAT_JUL29 DiffSolverV2 LOADED value fn from /home/vretiel/PycharmProjects/riskflow/artifacts/walk_forward/artifacts/walk_forward/driftless_gpu0/b015_202001/value_fn_202001_garch_s42.pt (train V_0=-0.451291) | eval-world market drift vs train frame: max 3.73 σ | utility_scale 577773
INFO PLAT_JUL29 DiffV2_Load_Value_Fn: /home/vretiel/PycharmProjects/riskflow/artifacts/walk_forward/artifacts/walk_forward/driftless_gpu0/b015_202001/value_fn_202001_garch_s314.pt trained corridor-free (widest wealth support); rolling under a Total_Position_Schedule only restricts to a learned subset — valid.
INFO PLAT_JUL29 DiffSolverV2 LOADED value fn from /home/vretiel/PycharmProjects/riskflow/artifacts/walk_forward/artifacts/walk_forward/driftless_gpu0/b015_202001/value_fn_202001_garch_s314.pt (train V_0=-0.415864) | eval-world market drift vs train frame: max 3.83 σ | utility_scale 583502
INFO PLAT_JUL29 DiffSolverV2 action grid: K=165 actions (levels=9 ^ active=3)
INFO PLAT_JUL29 DiffSolverV2 ENSEMBLE argmax over 3 value fns
INFO PLAT_JUL29 DiffSolverV2 STEPPER ROLLOUT (frozen policy, realized path, real accounting):
  greedy   wT=+6.4453e+04 p5=+6.4453e+04 cvar5=+6.4453e+04
  textbook wT=-1.6484e+05 p5=-1.6484e+05 cvar5=-1.6484e+05
  nohedge  wT=-4.8586e+05 p5=-4.8586e+05 cvar5=-4.8586e+05
INFO PLAT_JUL29 DiffSolverV2 VERDICT (OUT-OF-SAMPLE rollout t=0→T over 1 outer paths, start flat):
  policy    u(W_T)mean    W_T mean       W_T p5         W_T CVaR5
  greedy    +0.09782    +5.6806e+04   +5.6806e+04   +5.6806e+04
  textbook  -0.72393    -1.5905e+05   -1.5905e+05   -1.5905e+05
  nohedge   -5.03867    -4.8597e+05   -4.8597e+05   -4.8597e+05
  → on the OBJECTIVE E[u(W_T)]: beats no-hedge=True, beats textbook=True | tail(CVaR5) competitive w/ textbook=True
INFO PLAT_JUL29 DiffSolverV2 greedy positions: mean|q| per instrument=['0.00', '0.90', '38.90'] | q@t0=[0.0, 0.0, -43.75] | q@mid=[0.0, 0.0, -50.0] (textbook q@t0=[0.0, 0.0, 0.0])
INFO PLAT_JUL29 solve_hedge tracks: {'DiffSolverV2': -0.4553} | ladder holds=True
INFO PLAT_JUL29 JOB 202001 DONE: greedy_free=-97.47 greedy_015=25.78 u_pre_free=0.4135 u_pre_015=0.9231 PASS=True breaches=0 churn_015=68.8 train_u=[-0.4842, -0.5449, -0.5302]
INFO PLAT_JUL29 === ARM B 202011 DRIFTLESS retrain: md=md_202010_garch_driftless.json Convexity=Yes (omega=2.332e-06 alpha=0.0389 beta=0.9499 nu=7.11 H0=5.760e-04) ===
INFO PLAT_JUL29 === TRAIN 202011 seed=7 (fair=858.26, strike=850.26) ===
WARNING md_202010_garch_driftless Price Factor 'DiscountRate.USD-SOFR' not found in market data
INFO md_202010_garch_driftless Creating default Discount Factor(type='DiscountRate', name=('USD-SOFR',))
INFO PLAT_JUL29 liability scalars: total_leg_volume=2500.0 last_settlement_index=152
INFO PLAT_JUL29 utility_scale (symlog c) resolved to 740631.80
INFO PLAT_JUL29 DiffSolverV2 setup: n_hedge=3 active=[0, 1, 2] T_dec=123 (of 125 sim steps; last-live mtm=[-2]) B_outer=2048 levels=9 fit_iters=40 lr=0.002 | contract_size=[50.0, 50.0, 50.0] | q∈[[-50.0, -50.0, -50.0], [0.0, 0.0, 0.0]] total_abs_limit=50
INFO PLAT_JUL29 DiffSolverV2 inner forks: one_step=True (window {t, t+1} generation+pricing)
INFO PLAT_JUL29 DiffSolverV2 bank: market_dim=7 | swept W∈[-1.239e+06, 2.264e+06] mean=1428 std=4.522e+05 | q_rep(t=0)=[-7.926018238067627, -7.595181465148926, -5.489627838134766]
INFO PLAT_JUL29 DiffSolverV2 action grid: K=165 actions (levels=9 ^ active=3)
INFO PLAT_JUL29 DiffSolverV2 C[t=122] fitted: val_loss=0.0008893 |Y_boot|=1.48 |A|=0.01222 Y_mean=-0.9802 q*_mean=['0.000', '-1.349', '-18.195']
INFO PLAT_JUL29 DiffSolverV2 C[t=121] fitted: val_loss=0.0007979 |Y_boot|=1.48 |A|=0.02214 Y_mean=-0.9694 q*_mean=['0.000', '-1.605', '-18.103']
INFO PLAT_JUL29 DiffSolverV2 C[t=120] fitted: val_loss=0.0007737 |Y_boot|=1.479 |A|=0.03653 Y_mean=-0.9591 q*_mean=['0.000', '-1.959', '-18.243']
INFO PLAT_JUL29 DiffSolverV2 C[t=119] fitted: val_loss=0.0007515 |Y_boot|=1.48 |A|=0.05235 Y_mean=-0.9465 q*_mean=['0.000', '-1.459', '-18.439']
INFO PLAT_JUL29 DiffSolverV2 C[t=118] fitted: val_loss=0.0006625 |Y_boot|=1.48 |A|=0.06271 Y_mean=-0.9318 q*_mean=['0.000', '-1.392', '-17.877']
INFO PLAT_JUL29 DiffSolverV2 C[t=117] fitted: val_loss=0.0005941 |Y_boot|=1.477 |A|=0.06697 Y_mean=-0.9199 q*_mean=['0.000', '-1.776', '-17.712']
INFO PLAT_JUL29 DiffSolverV2 C[t=116] fitted: val_loss=0.0006054 |Y_boot|=1.478 |A|=0.07112 Y_mean=-0.9161 q*_mean=['0.000', '-1.831', '-17.395']
INFO PLAT_JUL29 DiffSolverV2 C[t=115] fitted: val_loss=0.0006513 |Y_boot|=1.478 |A|=0.07113 Y_mean=-0.9118 q*_mean=['0.000', '-1.447', '-17.670']
INFO PLAT_JUL29 DiffSolverV2 C[t=114] fitted: val_loss=0.0006401 |Y_boot|=1.477 |A|=0.07591 Y_mean=-0.9119 q*_mean=['0.000', '-1.855', '-17.456']
INFO PLAT_JUL29 DiffSolverV2 C[t=113] fitted: val_loss=0.001356 |Y_boot|=1.476 |A|=0.07019 Y_mean=-0.9058 q*_mean=['0.000', '-2.264', '-17.548']
INFO PLAT_JUL29 DiffSolverV2 C[t=112] fitted: val_loss=0.001479 |Y_boot|=1.477 |A|=0.0703 Y_mean=-0.9119 q*_mean=['0.000', '-1.959', '-17.200']
INFO PLAT_JUL29 DiffSolverV2 C[t=111] fitted: val_loss=0.002003 |Y_boot|=1.477 |A|=0.06804 Y_mean=-0.9112 q*_mean=['0.000', '-1.746', '-17.377']
INFO PLAT_JUL29 DiffSolverV2 C[t=110] fitted: val_loss=0.001967 |Y_boot|=1.476 |A|=0.06746 Y_mean=-0.9127 q*_mean=['0.000', '-1.837', '-17.554']
INFO PLAT_JUL29 DiffSolverV2 C[t=109] fitted: val_loss=0.001507 |Y_boot|=1.475 |A|=0.06888 Y_mean=-0.912 q*_mean=['0.000', '-2.466', '-17.560']
INFO PLAT_JUL29 DiffSolverV2 C[t=108] fitted: val_loss=0.001997 |Y_boot|=1.474 |A|=0.06759 Y_mean=-0.9108 q*_mean=['0.000', '-1.776', '-17.865']
INFO PLAT_JUL29 DiffSolverV2 C[t=107] fitted: val_loss=0.002092 |Y_boot|=1.475 |A|=0.06691 Y_mean=-0.9121 q*_mean=['0.000', '-1.984', '-17.328']
INFO PLAT_JUL29 DiffSolverV2 C[t=106] fitted: val_loss=0.003651 |Y_boot|=1.474 |A|=0.06682 Y_mean=-0.9124 q*_mean=['0.000', '-2.045', '-17.590']
INFO PLAT_JUL29 DiffSolverV2 C[t=105] fitted: val_loss=0.004209 |Y_boot|=1.475 |A|=0.06735 Y_mean=-0.9126 q*_mean=['0.000', '-2.118', '-17.316']
INFO PLAT_JUL29 DiffSolverV2 C[t=104] fitted: val_loss=0.006766 |Y_boot|=1.475 |A|=0.06669 Y_mean=-0.9132 q*_mean=['0.000', '-2.203', '-17.194']
INFO PLAT_JUL29 DiffSolverV2 C[t=103] fitted: val_loss=0.006103 |Y_boot|=1.476 |A|=0.06671 Y_mean=-0.9137 q*_mean=['0.000', '-2.167', '-17.712']
INFO PLAT_JUL29 DiffSolverV2 C[t=102] fitted: val_loss=0.005376 |Y_boot|=1.475 |A|=0.06559 Y_mean=-0.9125 q*_mean=['0.000', '-2.386', '-16.644']
INFO PLAT_JUL29 DiffSolverV2 C[t=101] fitted: val_loss=0.006206 |Y_boot|=1.473 |A|=0.06516 Y_mean=-0.9121 q*_mean=['0.000', '-2.441', '-16.510']
INFO PLAT_JUL29 DiffSolverV2 C[t=100] fitted: val_loss=0.007106 |Y_boot|=1.474 |A|=0.06457 Y_mean=-0.9147 q*_mean=['0.000', '-2.698', '-16.278']
INFO PLAT_JUL29 DiffSolverV2 C[t=99] fitted: val_loss=0.009041 |Y_boot|=1.47 |A|=0.06386 Y_mean=-0.912 q*_mean=['0.000', '-2.936', '-16.345']
INFO PLAT_JUL29 DiffSolverV2 C[t=98] fitted: val_loss=0.00886 |Y_boot|=1.465 |A|=0.06373 Y_mean=-0.9072 q*_mean=['0.000', '-2.686', '-16.943']
INFO PLAT_JUL29 DiffSolverV2 C[t=97] fitted: val_loss=0.0108 |Y_boot|=1.463 |A|=0.06372 Y_mean=-0.9046 q*_mean=['0.000', '-3.595', '-16.583']
INFO PLAT_JUL29 DiffSolverV2 C[t=96] fitted: val_loss=0.01197 |Y_boot|=1.463 |A|=0.0649 Y_mean=-0.904 q*_mean=['0.000', '-3.412', '-16.412']
INFO PLAT_JUL29 DiffSolverV2 C[t=95] fitted: val_loss=0.00963 |Y_boot|=1.464 |A|=0.06552 Y_mean=-0.904 q*_mean=['0.000', '-3.168', '-15.656']
INFO PLAT_JUL29 DiffSolverV2 C[t=94] fitted: val_loss=0.01095 |Y_boot|=1.466 |A|=0.06747 Y_mean=-0.9064 q*_mean=['0.000', '-3.455', '-15.948']
INFO PLAT_JUL29 DiffSolverV2 C[t=93] fitted: val_loss=0.01194 |Y_boot|=1.463 |A|=0.06739 Y_mean=-0.8989 q*_mean=['0.000', '-2.808', '-16.443']
INFO PLAT_JUL29 DiffSolverV2 C[t=92] fitted: val_loss=0.01638 |Y_boot|=1.46 |A|=0.06637 Y_mean=-0.8985 q*_mean=['0.000', '-3.656', '-16.248']
INFO PLAT_JUL29 DiffSolverV2 C[t=91] fitted: val_loss=0.0203 |Y_boot|=1.456 |A|=0.06788 Y_mean=-0.8972 q*_mean=['0.000', '-3.455', '-15.997']
INFO PLAT_JUL29 DiffSolverV2 C[t=90] fitted: val_loss=0.01605 |Y_boot|=1.458 |A|=0.06699 Y_mean=-0.8975 q*_mean=['0.000', '-3.564', '-16.345']
INFO PLAT_JUL29 DiffSolverV2 C[t=89] fitted: val_loss=0.01751 |Y_boot|=1.453 |A|=0.06726 Y_mean=-0.8977 q*_mean=['0.000', '-3.113', '-15.839']
INFO PLAT_JUL29 DiffSolverV2 C[t=88] fitted: val_loss=0.0172 |Y_boot|=1.446 |A|=0.0645 Y_mean=-0.891 q*_mean=['-30.109', '-3.845', '-16.046']
INFO PLAT_JUL29 DiffSolverV2 C[t=87] fitted: val_loss=0.02366 |Y_boot|=1.446 |A|=0.06158 Y_mean=-0.8961 q*_mean=['-15.338', '-3.650', '-6.714']
INFO PLAT_JUL29 DiffSolverV2 C[t=86] fitted: val_loss=0.02046 |Y_boot|=1.443 |A|=0.0574 Y_mean=-0.8952 q*_mean=['-13.940', '-3.674', '-6.165']
INFO PLAT_JUL29 DiffSolverV2 C[t=85] fitted: val_loss=0.01671 |Y_boot|=1.442 |A|=0.05408 Y_mean=-0.8985 q*_mean=['-14.484', '-3.778', '-6.659']
INFO PLAT_JUL29 DiffSolverV2 C[t=84] fitted: val_loss=0.01964 |Y_boot|=1.437 |A|=0.05574 Y_mean=-0.8965 q*_mean=['-15.546', '-3.467', '-6.805']
INFO PLAT_JUL29 DiffSolverV2 C[t=83] fitted: val_loss=0.02103 |Y_boot|=1.433 |A|=0.05736 Y_mean=-0.8917 q*_mean=['-14.990', '-3.906', '-6.622']
INFO PLAT_JUL29 DiffSolverV2 C[t=82] fitted: val_loss=0.02031 |Y_boot|=1.427 |A|=0.05879 Y_mean=-0.8842 q*_mean=['-13.928', '-3.400', '-7.452']
INFO PLAT_JUL29 DiffSolverV2 C[t=81] fitted: val_loss=0.01854 |Y_boot|=1.425 |A|=0.05794 Y_mean=-0.8817 q*_mean=['-14.380', '-4.047', '-6.628']
INFO PLAT_JUL29 DiffSolverV2 C[t=80] fitted: val_loss=0.01434 |Y_boot|=1.422 |A|=0.05716 Y_mean=-0.8779 q*_mean=['-13.495', '-3.271', '-6.714']
INFO PLAT_JUL29 DiffSolverV2 C[t=79] fitted: val_loss=0.0164 |Y_boot|=1.415 |A|=0.05674 Y_mean=-0.8716 q*_mean=['-14.142', '-2.344', '-7.336']
INFO PLAT_JUL29 DiffSolverV2 C[t=78] fitted: val_loss=0.01798 |Y_boot|=1.417 |A|=0.05576 Y_mean=-0.8737 q*_mean=['-14.935', '-3.143', '-7.385']
INFO PLAT_JUL29 DiffSolverV2 C[t=77] fitted: val_loss=0.0204 |Y_boot|=1.417 |A|=0.05739 Y_mean=-0.8767 q*_mean=['-15.277', '-3.015', '-7.428']
INFO PLAT_JUL29 DiffSolverV2 C[t=76] fitted: val_loss=0.01552 |Y_boot|=1.415 |A|=0.05893 Y_mean=-0.8747 q*_mean=['-14.752', '-2.783', '-6.622']
INFO PLAT_JUL29 DiffSolverV2 C[t=75] fitted: val_loss=0.01495 |Y_boot|=1.413 |A|=0.05726 Y_mean=-0.872 q*_mean=['-14.124', '-3.180', '-6.726']
INFO PLAT_JUL29 DiffSolverV2 C[t=74] fitted: val_loss=0.01556 |Y_boot|=1.416 |A|=0.05873 Y_mean=-0.8774 q*_mean=['-13.965', '-2.771', '-7.239']
INFO PLAT_JUL29 DiffSolverV2 C[t=73] fitted: val_loss=0.01847 |Y_boot|=1.42 |A|=0.06077 Y_mean=-0.8782 q*_mean=['-13.525', '-2.527', '-7.214']
INFO PLAT_JUL29 DiffSolverV2 C[t=72] fitted: val_loss=0.01962 |Y_boot|=1.417 |A|=0.06237 Y_mean=-0.8748 q*_mean=['-14.221', '-2.893', '-7.507']
INFO PLAT_JUL29 DiffSolverV2 C[t=71] fitted: val_loss=0.0187 |Y_boot|=1.414 |A|=0.06219 Y_mean=-0.8702 q*_mean=['-13.110', '-2.625', '-6.848']
INFO PLAT_JUL29 DiffSolverV2 C[t=70] fitted: val_loss=0.01418 |Y_boot|=1.413 |A|=0.06263 Y_mean=-0.8714 q*_mean=['-14.087', '-2.887', '-6.982']
INFO PLAT_JUL29 DiffSolverV2 C[t=69] fitted: val_loss=0.01548 |Y_boot|=1.413 |A|=0.06246 Y_mean=-0.8723 q*_mean=['-14.728', '-2.136', '-7.147']
INFO PLAT_JUL29 DiffSolverV2 C[t=68] fitted: val_loss=0.01739 |Y_boot|=1.409 |A|=0.06206 Y_mean=-0.8701 q*_mean=['-14.551', '-2.264', '-7.056']
INFO PLAT_JUL29 DiffSolverV2 C[t=67] fitted: val_loss=0.01862 |Y_boot|=1.405 |A|=0.06264 Y_mean=-0.8679 q*_mean=['-13.971', '-2.014', '-7.153']
INFO PLAT_JUL29 DiffSolverV2 C[t=66] fitted: val_loss=0.02045 |Y_boot|=1.406 |A|=0.06307 Y_mean=-0.8684 q*_mean=['-14.136', '-2.557', '-8.093']
INFO PLAT_JUL29 DiffSolverV2 C[t=65] fitted: val_loss=0.01566 |Y_boot|=1.403 |A|=0.06375 Y_mean=-0.867 q*_mean=['-14.032', '-2.112', '-7.709']
INFO PLAT_JUL29 DiffSolverV2 C[t=64] fitted: val_loss=0.01804 |Y_boot|=1.398 |A|=0.06384 Y_mean=-0.8609 q*_mean=['-12.720', '-2.057', '-7.385']
INFO PLAT_JUL29 DiffSolverV2 C[t=63] fitted: val_loss=0.01558 |Y_boot|=1.393 |A|=0.06229 Y_mean=-0.8557 q*_mean=['-14.197', '-2.039', '-8.008']
INFO PLAT_JUL29 DiffSolverV2 C[t=62] fitted: val_loss=0.01535 |Y_boot|=1.392 |A|=0.0627 Y_mean=-0.8565 q*_mean=['-13.898', '-1.831', '-7.678']
INFO PLAT_JUL29 DiffSolverV2 C[t=61] fitted: val_loss=0.01582 |Y_boot|=1.385 |A|=0.06228 Y_mean=-0.8482 q*_mean=['-13.684', '-2.295', '-7.465']
INFO PLAT_JUL29 DiffSolverV2 C[t=60] fitted: val_loss=0.01471 |Y_boot|=1.376 |A|=0.05726 Y_mean=-0.8404 q*_mean=['-12.604', '-2.100', '-8.441']
INFO PLAT_JUL29 DiffSolverV2 C[t=59] fitted: val_loss=0.01624 |Y_boot|=1.373 |A|=0.05722 Y_mean=-0.8427 q*_mean=['-12.463', '-1.544', '-8.026']
INFO PLAT_JUL29 DiffSolverV2 C[t=58] fitted: val_loss=0.0187 |Y_boot|=1.374 |A|=0.05862 Y_mean=-0.8439 q*_mean=['-13.062', '-2.081', '-7.910']
INFO PLAT_JUL29 DiffSolverV2 C[t=57] fitted: val_loss=0.021 |Y_boot|=1.371 |A|=0.0608 Y_mean=-0.8404 q*_mean=['-11.859', '-1.660', '-7.446']
INFO PLAT_JUL29 DiffSolverV2 C[t=56] fitted: val_loss=0.01967 |Y_boot|=1.371 |A|=0.06027 Y_mean=-0.839 q*_mean=['-12.616', '-1.575', '-8.984']
INFO PLAT_JUL29 DiffSolverV2 C[t=55] fitted: val_loss=0.01776 |Y_boot|=1.371 |A|=0.05943 Y_mean=-0.8387 q*_mean=['-12.256', '-1.715', '-8.911']
INFO PLAT_JUL29 DiffSolverV2 C[t=54] fitted: val_loss=0.01591 |Y_boot|=1.366 |A|=0.05863 Y_mean=-0.837 q*_mean=['-12.256', '-1.709', '-9.027']
INFO PLAT_JUL29 DiffSolverV2 C[t=53] fitted: val_loss=0.01751 |Y_boot|=1.366 |A|=0.0606 Y_mean=-0.8388 q*_mean=['-13.257', '-1.471', '-8.716']
INFO PLAT_JUL29 DiffSolverV2 C[t=52] fitted: val_loss=0.01833 |Y_boot|=1.358 |A|=0.05922 Y_mean=-0.8301 q*_mean=['-12.073', '-1.550', '-8.698']
INFO PLAT_JUL29 DiffSolverV2 C[t=51] fitted: val_loss=0.01573 |Y_boot|=1.361 |A|=0.06139 Y_mean=-0.834 q*_mean=['-11.493', '-1.544', '-9.363']
INFO PLAT_JUL29 DiffSolverV2 C[t=50] fitted: val_loss=0.01908 |Y_boot|=1.356 |A|=0.06047 Y_mean=-0.8277 q*_mean=['-12.482', '-1.483', '-9.161']
INFO PLAT_JUL29 DiffSolverV2 C[t=49] fitted: val_loss=0.01828 |Y_boot|=1.356 |A|=0.06167 Y_mean=-0.8298 q*_mean=['-11.749', '-1.215', '-9.076']
INFO PLAT_JUL29 DiffSolverV2 C[t=48] fitted: val_loss=0.01606 |Y_boot|=1.355 |A|=0.06055 Y_mean=-0.8281 q*_mean=['-11.035', '-1.263', '-9.131']
INFO PLAT_JUL29 DiffSolverV2 C[t=47] fitted: val_loss=0.0184 |Y_boot|=1.352 |A|=0.05838 Y_mean=-0.8258 q*_mean=['-11.011', '-0.922', '-8.893']
INFO PLAT_JUL29 DiffSolverV2 C[t=46] fitted: val_loss=0.02058 |Y_boot|=1.349 |A|=0.06149 Y_mean=-0.8255 q*_mean=['-12.897', '-1.117', '-9.125']
INFO PLAT_JUL29 DiffSolverV2 C[t=45] fitted: val_loss=0.0185 |Y_boot|=1.347 |A|=0.06286 Y_mean=-0.8189 q*_mean=['-12.683', '-0.940', '-9.943']
INFO PLAT_JUL29 DiffSolverV2 C[t=44] fitted: val_loss=0.01626 |Y_boot|=1.344 |A|=0.06371 Y_mean=-0.8152 q*_mean=['-12.390', '-0.824', '-9.930']
INFO PLAT_JUL29 DiffSolverV2 C[t=43] fitted: val_loss=0.01635 |Y_boot|=1.337 |A|=0.06011 Y_mean=-0.8105 q*_mean=['-10.217', '-0.690', '-9.821']
INFO PLAT_JUL29 DiffSolverV2 C[t=42] fitted: val_loss=0.01778 |Y_boot|=1.335 |A|=0.05743 Y_mean=-0.811 q*_mean=['-11.102', '-1.062', '-9.900']
INFO PLAT_JUL29 DiffSolverV2 C[t=41] fitted: val_loss=0.01562 |Y_boot|=1.331 |A|=0.05302 Y_mean=-0.8103 q*_mean=['-11.731', '-0.555', '-10.016']
INFO PLAT_JUL29 DiffSolverV2 C[t=40] fitted: val_loss=0.01379 |Y_boot|=1.333 |A|=0.05831 Y_mean=-0.8166 q*_mean=['-11.786', '-0.763', '-9.985']
INFO PLAT_JUL29 DiffSolverV2 C[t=39] fitted: val_loss=0.01844 |Y_boot|=1.332 |A|=0.05966 Y_mean=-0.8106 q*_mean=['-11.145', '-0.580', '-10.577']
INFO PLAT_JUL29 DiffSolverV2 C[t=38] fitted: val_loss=0.01641 |Y_boot|=1.33 |A|=0.05983 Y_mean=-0.8082 q*_mean=['-10.565', '-0.739', '-10.193']
INFO PLAT_JUL29 DiffSolverV2 C[t=37] fitted: val_loss=0.01669 |Y_boot|=1.33 |A|=0.06006 Y_mean=-0.809 q*_mean=['-10.437', '-0.507', '-10.602']
INFO PLAT_JUL29 DiffSolverV2 C[t=36] fitted: val_loss=0.01643 |Y_boot|=1.326 |A|=0.06125 Y_mean=-0.8046 q*_mean=['-9.906', '-0.739', '-10.596']
INFO PLAT_JUL29 DiffSolverV2 C[t=35] fitted: val_loss=0.01858 |Y_boot|=1.325 |A|=0.06348 Y_mean=-0.804 q*_mean=['-10.437', '-0.720', '-10.358']
INFO PLAT_JUL29 DiffSolverV2 C[t=34] fitted: val_loss=0.0154 |Y_boot|=1.323 |A|=0.06245 Y_mean=-0.7991 q*_mean=['-10.052', '-0.507', '-10.260']
INFO PLAT_JUL29 DiffSolverV2 C[t=33] fitted: val_loss=0.01626 |Y_boot|=1.319 |A|=0.06071 Y_mean=-0.7952 q*_mean=['-10.742', '-0.201', '-10.754']
INFO PLAT_JUL29 DiffSolverV2 C[t=32] fitted: val_loss=0.01781 |Y_boot|=1.319 |A|=0.06127 Y_mean=-0.7959 q*_mean=['-9.747', '-0.397', '-10.370']
INFO PLAT_JUL29 DiffSolverV2 C[t=31] fitted: val_loss=0.01656 |Y_boot|=1.319 |A|=0.0607 Y_mean=-0.7948 q*_mean=['-9.698', '-0.653', '-10.419']
INFO PLAT_JUL29 DiffSolverV2 C[t=30] fitted: val_loss=0.01802 |Y_boot|=1.32 |A|=0.06017 Y_mean=-0.797 q*_mean=['-10.748', '-0.800', '-10.773']
INFO PLAT_JUL29 DiffSolverV2 C[t=29] fitted: val_loss=0.01475 |Y_boot|=1.323 |A|=0.06171 Y_mean=-0.7989 q*_mean=['-8.472', '-3.314', '-9.650']
INFO PLAT_JUL29 DiffSolverV2 C[t=28] fitted: val_loss=0.01852 |Y_boot|=1.324 |A|=0.06282 Y_mean=-0.7996 q*_mean=['-9.717', '-2.319', '-9.186']
INFO PLAT_JUL29 DiffSolverV2 C[t=27] fitted: val_loss=0.01432 |Y_boot|=1.319 |A|=0.06278 Y_mean=-0.7944 q*_mean=['-9.723', '-1.813', '-9.045']
INFO PLAT_JUL29 DiffSolverV2 C[t=26] fitted: val_loss=0.01409 |Y_boot|=1.317 |A|=0.05929 Y_mean=-0.7941 q*_mean=['-11.700', '-1.624', '-9.467']
INFO PLAT_JUL29 DiffSolverV2 C[t=25] fitted: val_loss=0.0155 |Y_boot|=1.316 |A|=0.06144 Y_mean=-0.7979 q*_mean=['-11.609', '-1.263', '-9.998']
INFO PLAT_JUL29 DiffSolverV2 C[t=24] fitted: val_loss=0.02047 |Y_boot|=1.314 |A|=0.06219 Y_mean=-0.7948 q*_mean=['-11.237', '-0.861', '-10.199']
INFO PLAT_JUL29 DiffSolverV2 C[t=23] fitted: val_loss=0.01708 |Y_boot|=1.309 |A|=0.05928 Y_mean=-0.7888 q*_mean=['-11.462', '-0.928', '-10.217']
INFO PLAT_JUL29 DiffSolverV2 C[t=22] fitted: val_loss=0.01683 |Y_boot|=1.306 |A|=0.05989 Y_mean=-0.7888 q*_mean=['-12.946', '-0.671', '-10.895']
INFO PLAT_JUL29 DiffSolverV2 C[t=21] fitted: val_loss=0.01656 |Y_boot|=1.306 |A|=0.05961 Y_mean=-0.7894 q*_mean=['-13.318', '-0.391', '-10.425']
INFO PLAT_JUL29 DiffSolverV2 C[t=20] fitted: val_loss=0.01802 |Y_boot|=1.304 |A|=0.06294 Y_mean=-0.7884 q*_mean=['-14.722', '-0.281', '-10.510']
INFO PLAT_JUL29 DiffSolverV2 C[t=19] fitted: val_loss=0.0197 |Y_boot|=1.302 |A|=0.06389 Y_mean=-0.7825 q*_mean=['-14.606', '-0.250', '-11.108']
INFO PLAT_JUL29 DiffSolverV2 C[t=18] fitted: val_loss=0.0152 |Y_boot|=1.3 |A|=0.06311 Y_mean=-0.7792 q*_mean=['-16.815', '-0.244', '-10.516']
INFO PLAT_JUL29 DiffSolverV2 C[t=17] fitted: val_loss=0.01478 |Y_boot|=1.299 |A|=0.06319 Y_mean=-0.7787 q*_mean=['-16.864', '-0.128', '-10.907']
INFO PLAT_JUL29 DiffSolverV2 C[t=16] fitted: val_loss=0.01602 |Y_boot|=1.301 |A|=0.06454 Y_mean=-0.78 q*_mean=['-17.786', '-0.201', '-11.377']
INFO PLAT_JUL29 DiffSolverV2 C[t=15] fitted: val_loss=0.01508 |Y_boot|=1.296 |A|=0.06419 Y_mean=-0.7761 q*_mean=['-20.886', '-0.085', '-11.023']
INFO PLAT_JUL29 DiffSolverV2 C[t=14] fitted: val_loss=0.01575 |Y_boot|=1.29 |A|=0.06355 Y_mean=-0.7726 q*_mean=['-21.320', '0.000', '-11.395']
INFO PLAT_JUL29 DiffSolverV2 C[t=13] fitted: val_loss=0.01925 |Y_boot|=1.287 |A|=0.05484 Y_mean=-0.7694 q*_mean=['-24.066', '0.000', '-11.023']
INFO PLAT_JUL29 DiffSolverV2 C[t=12] fitted: val_loss=0.01601 |Y_boot|=1.28 |A|=0.05848 Y_mean=-0.7725 q*_mean=['-25.092', '-0.031', '-11.206']
INFO PLAT_JUL29 DiffSolverV2 C[t=11] fitted: val_loss=0.01835 |Y_boot|=1.278 |A|=0.06087 Y_mean=-0.767 q*_mean=['-26.013', '-0.238', '-11.023']
INFO PLAT_JUL29 DiffSolverV2 C[t=10] fitted: val_loss=0.02016 |Y_boot|=1.276 |A|=0.06386 Y_mean=-0.7638 q*_mean=['-25.531', '-2.173', '-10.901']
INFO PLAT_JUL29 DiffSolverV2 C[t=9] fitted: val_loss=0.01715 |Y_boot|=1.276 |A|=0.06398 Y_mean=-0.7609 q*_mean=['-4.419', '-25.409', '-9.961']
INFO PLAT_JUL29 DiffSolverV2 C[t=8] fitted: val_loss=0.01604 |Y_boot|=1.27 |A|=0.06328 Y_mean=-0.7552 q*_mean=['-1.666', '-29.407', '-8.203']
INFO PLAT_JUL29 DiffSolverV2 C[t=7] fitted: val_loss=0.01688 |Y_boot|=1.27 |A|=0.06367 Y_mean=-0.7557 q*_mean=['-1.202', '-30.994', '-5.688']
INFO PLAT_JUL29 DiffSolverV2 C[t=6] fitted: val_loss=0.01469 |Y_boot|=1.264 |A|=0.06269 Y_mean=-0.7474 q*_mean=['-2.130', '-31.085', '-3.284']
INFO PLAT_JUL29 DiffSolverV2 C[t=5] fitted: val_loss=0.01764 |Y_boot|=1.253 |A|=0.06534 Y_mean=-0.7385 q*_mean=['-2.704', '-11.133', '-23.541']
INFO PLAT_JUL29 DiffSolverV2 C[t=4] fitted: val_loss=0.01467 |Y_boot|=1.243 |A|=0.06743 Y_mean=-0.7245 q*_mean=['-3.113', '-0.946', '-33.905']
INFO PLAT_JUL29 DiffSolverV2 C[t=3] fitted: val_loss=0.01564 |Y_boot|=1.236 |A|=0.06933 Y_mean=-0.7111 q*_mean=['-2.917', '-0.354', '-35.162']
INFO PLAT_JUL29 DiffSolverV2 C[t=2] fitted: val_loss=0.02195 |Y_boot|=1.23 |A|=0.0718 Y_mean=-0.7 q*_mean=['-2.783', '-0.153', '-35.651']
INFO PLAT_JUL29 DiffSolverV2 C[t=1] fitted: val_loss=0.02673 |Y_boot|=1.216 |A|=0.07351 Y_mean=-0.6807 q*_mean=['-3.027', '0.000', '-36.127']
INFO PLAT_JUL29 DiffSolverV2 C[t=0] fitted: val_loss=0.03141 |Y_boot|=1.203 |A|=0.07475 Y_mean=-0.6634 q*_mean=['-4.126', '0.000', '-36.090']
INFO PLAT_JUL29 DiffSolverV2 sweep complete: t=122→0 | max|Y_boot|=1.48 (BOUNDED) | V_0=-0.663351 | n_star@t=0=[-4.1259765625, 0.0, -36.090087890625]
INFO PLAT_JUL29 DiffSolverV2 SAVED value fn to /home/vretiel/PycharmProjects/riskflow/artifacts/walk_forward/artifacts/walk_forward/driftless_gpu0/value_fn_202011_garch_s7.pt (V_0=-0.663351)
INFO PLAT_JUL29 DiffSolverV2 IN-SAMPLE vs OOS u(W_T): greedy IS=-0.64450 OOS=-0.50683 | textbook IS=-0.98724 OOS=-0.84023 (gap IS−OOS greedy=-0.13767 → overfit if large)
INFO PLAT_JUL29 DiffSolverV2 VERDICT (OUT-OF-SAMPLE rollout t=0→T over 1024 outer paths, start flat):
  policy    u(W_T)mean    W_T mean       W_T p5         W_T CVaR5
  greedy    -0.50683    +1.2217e+05   -6.0188e+05   -7.4018e+05
  textbook  -0.84023    +1.5954e+04   -6.5405e+05   -7.8555e+05
  nohedge   -1.15939    +1.6729e+03   -7.6092e+05   -8.9842e+05
  → on the OBJECTIVE E[u(W_T)]: beats no-hedge=True, beats textbook=True | tail(CVaR5) competitive w/ textbook=True
INFO PLAT_JUL29 DiffSolverV2 greedy positions: mean|q| per instrument=['7.07', '2.84', '12.32'] | q@t0=[-1.373291015625, 0.0, -37.322998046875] | q@mid=[-12.591552734375, -1.33056640625, -8.416748046875] (textbook q@t0=[-7.926018238067627, -7.595181465148926, -5.489627838134766])
INFO PLAT_JUL29 solve_hedge tracks: {'DiffSolverV2': -0.6634} | ladder holds=True
INFO PLAT_JUL29 === TRAIN 202011 seed=42 (fair=858.26, strike=850.26) ===
WARNING md_202010_garch_driftless Price Factor 'DiscountRate.USD-SOFR' not found in market data
INFO md_202010_garch_driftless Creating default Discount Factor(type='DiscountRate', name=('USD-SOFR',))
INFO PLAT_JUL29 liability scalars: total_leg_volume=2500.0 last_settlement_index=152
INFO PLAT_JUL29 utility_scale (symlog c) resolved to 739582.54
INFO PLAT_JUL29 DiffSolverV2 setup: n_hedge=3 active=[0, 1, 2] T_dec=123 (of 125 sim steps; last-live mtm=[-2]) B_outer=2048 levels=9 fit_iters=40 lr=0.002 | contract_size=[50.0, 50.0, 50.0] | q∈[[-50.0, -50.0, -50.0], [0.0, 0.0, 0.0]] total_abs_limit=50
INFO PLAT_JUL29 DiffSolverV2 inner forks: one_step=True (window {t, t+1} generation+pricing)
INFO PLAT_JUL29 DiffSolverV2 bank: market_dim=7 | swept W∈[-1.671e+06, 3.294e+06] mean=3097 std=4.7e+05 | q_rep(t=0)=[-7.268425941467285, -7.02217435836792, -5.267472267150879]
INFO PLAT_JUL29 DiffSolverV2 action grid: K=165 actions (levels=9 ^ active=3)
INFO PLAT_JUL29 DiffSolverV2 C[t=122] fitted: val_loss=0.0007932 |Y_boot|=1.457 |A|=0.01188 Y_mean=-0.9653 q*_mean=['0.000', '-1.532', '-18.555']
INFO PLAT_JUL29 DiffSolverV2 C[t=121] fitted: val_loss=0.000728 |Y_boot|=1.457 |A|=0.02052 Y_mean=-0.9562 q*_mean=['0.000', '-1.953', '-17.535']
INFO PLAT_JUL29 DiffSolverV2 C[t=120] fitted: val_loss=0.0007799 |Y_boot|=1.457 |A|=0.03263 Y_mean=-0.9481 q*_mean=['0.000', '-1.868', '-18.109']
INFO PLAT_JUL29 DiffSolverV2 C[t=119] fitted: val_loss=0.0006663 |Y_boot|=1.457 |A|=0.04731 Y_mean=-0.9367 q*_mean=['0.000', '-1.636', '-17.816']
INFO PLAT_JUL29 DiffSolverV2 C[t=118] fitted: val_loss=0.0006021 |Y_boot|=1.455 |A|=0.05974 Y_mean=-0.9214 q*_mean=['0.000', '-1.721', '-17.688']
INFO PLAT_JUL29 DiffSolverV2 C[t=117] fitted: val_loss=0.0005524 |Y_boot|=1.454 |A|=0.06591 Y_mean=-0.9084 q*_mean=['0.000', '-1.819', '-17.706']
INFO PLAT_JUL29 DiffSolverV2 C[t=116] fitted: val_loss=0.0005593 |Y_boot|=1.455 |A|=0.06973 Y_mean=-0.903 q*_mean=['0.000', '-1.660', '-18.121']
INFO PLAT_JUL29 DiffSolverV2 C[t=115] fitted: val_loss=0.0006625 |Y_boot|=1.454 |A|=0.07089 Y_mean=-0.8989 q*_mean=['0.000', '-1.721', '-17.859']
INFO PLAT_JUL29 DiffSolverV2 C[t=114] fitted: val_loss=0.0007871 |Y_boot|=1.455 |A|=0.07089 Y_mean=-0.898 q*_mean=['0.000', '-1.727', '-17.725']
INFO PLAT_JUL29 DiffSolverV2 C[t=113] fitted: val_loss=0.0009899 |Y_boot|=1.454 |A|=0.0694 Y_mean=-0.8974 q*_mean=['0.000', '-2.240', '-16.998']
INFO PLAT_JUL29 DiffSolverV2 C[t=112] fitted: val_loss=0.001346 |Y_boot|=1.454 |A|=0.06766 Y_mean=-0.8992 q*_mean=['0.000', '-2.448', '-16.339']
INFO PLAT_JUL29 DiffSolverV2 C[t=111] fitted: val_loss=0.001747 |Y_boot|=1.455 |A|=0.06778 Y_mean=-0.9016 q*_mean=['0.000', '-2.008', '-16.553']
INFO PLAT_JUL29 DiffSolverV2 C[t=110] fitted: val_loss=0.001879 |Y_boot|=1.455 |A|=0.06772 Y_mean=-0.9016 q*_mean=['0.000', '-1.868', '-16.333']
INFO PLAT_JUL29 DiffSolverV2 C[t=109] fitted: val_loss=0.001371 |Y_boot|=1.455 |A|=0.06687 Y_mean=-0.902 q*_mean=['0.000', '-2.368', '-16.522']
INFO PLAT_JUL29 DiffSolverV2 C[t=108] fitted: val_loss=0.001865 |Y_boot|=1.454 |A|=0.0664 Y_mean=-0.9018 q*_mean=['0.000', '-1.746', '-16.089']
INFO PLAT_JUL29 DiffSolverV2 C[t=107] fitted: val_loss=0.003263 |Y_boot|=1.454 |A|=0.06692 Y_mean=-0.9031 q*_mean=['0.000', '-2.142', '-16.211']
INFO PLAT_JUL29 DiffSolverV2 C[t=106] fitted: val_loss=0.003348 |Y_boot|=1.452 |A|=0.06705 Y_mean=-0.9011 q*_mean=['0.000', '-2.631', '-16.467']
INFO PLAT_JUL29 DiffSolverV2 C[t=105] fitted: val_loss=0.004585 |Y_boot|=1.452 |A|=0.06543 Y_mean=-0.9003 q*_mean=['0.000', '-2.643', '-15.820']
INFO PLAT_JUL29 DiffSolverV2 C[t=104] fitted: val_loss=0.004863 |Y_boot|=1.451 |A|=0.06501 Y_mean=-0.9021 q*_mean=['0.000', '-2.917', '-15.619']
INFO PLAT_JUL29 DiffSolverV2 C[t=103] fitted: val_loss=0.004962 |Y_boot|=1.449 |A|=0.06494 Y_mean=-0.8998 q*_mean=['0.000', '-3.076', '-15.472']
INFO PLAT_JUL29 DiffSolverV2 C[t=102] fitted: val_loss=0.004266 |Y_boot|=1.451 |A|=0.06517 Y_mean=-0.9017 q*_mean=['0.000', '-2.881', '-15.277']
INFO PLAT_JUL29 DiffSolverV2 C[t=101] fitted: val_loss=0.00552 |Y_boot|=1.448 |A|=0.06505 Y_mean=-0.8986 q*_mean=['0.000', '-2.515', '-15.289']
INFO PLAT_JUL29 DiffSolverV2 C[t=100] fitted: val_loss=0.006901 |Y_boot|=1.447 |A|=0.0651 Y_mean=-0.8976 q*_mean=['0.000', '-3.186', '-14.441']
INFO PLAT_JUL29 DiffSolverV2 C[t=99] fitted: val_loss=0.007739 |Y_boot|=1.446 |A|=0.06461 Y_mean=-0.8975 q*_mean=['0.000', '-2.911', '-14.606']
INFO PLAT_JUL29 DiffSolverV2 C[t=98] fitted: val_loss=0.009321 |Y_boot|=1.445 |A|=0.06562 Y_mean=-0.8959 q*_mean=['0.000', '-3.192', '-14.191']
INFO PLAT_JUL29 DiffSolverV2 C[t=97] fitted: val_loss=0.01133 |Y_boot|=1.442 |A|=0.06441 Y_mean=-0.8916 q*_mean=['0.000', '-3.705', '-14.557']
INFO PLAT_JUL29 DiffSolverV2 C[t=96] fitted: val_loss=0.01145 |Y_boot|=1.439 |A|=0.0644 Y_mean=-0.8898 q*_mean=['0.000', '-3.564', '-14.313']
INFO PLAT_JUL29 DiffSolverV2 C[t=95] fitted: val_loss=0.01025 |Y_boot|=1.443 |A|=0.0641 Y_mean=-0.8927 q*_mean=['0.000', '-3.271', '-14.154']
INFO PLAT_JUL29 DiffSolverV2 C[t=94] fitted: val_loss=0.01231 |Y_boot|=1.442 |A|=0.06402 Y_mean=-0.892 q*_mean=['0.000', '-3.577', '-13.922']
INFO PLAT_JUL29 DiffSolverV2 C[t=93] fitted: val_loss=0.01362 |Y_boot|=1.444 |A|=0.06488 Y_mean=-0.892 q*_mean=['0.000', '-4.163', '-14.197']
INFO PLAT_JUL29 DiffSolverV2 C[t=92] fitted: val_loss=0.01179 |Y_boot|=1.446 |A|=0.06503 Y_mean=-0.8921 q*_mean=['0.000', '-3.430', '-13.806']
INFO PLAT_JUL29 DiffSolverV2 C[t=91] fitted: val_loss=0.01706 |Y_boot|=1.442 |A|=0.06236 Y_mean=-0.8908 q*_mean=['0.000', '-3.699', '-13.861']
INFO PLAT_JUL29 DiffSolverV2 C[t=90] fitted: val_loss=0.01536 |Y_boot|=1.443 |A|=0.06359 Y_mean=-0.8916 q*_mean=['0.000', '-3.766', '-14.093']
INFO PLAT_JUL29 DiffSolverV2 C[t=89] fitted: val_loss=0.01905 |Y_boot|=1.436 |A|=0.06307 Y_mean=-0.8829 q*_mean=['0.000', '-3.412', '-14.258']
INFO PLAT_JUL29 DiffSolverV2 C[t=88] fitted: val_loss=0.01801 |Y_boot|=1.43 |A|=0.06427 Y_mean=-0.8769 q*_mean=['-32.635', '-3.497', '-13.867']
INFO PLAT_JUL29 DiffSolverV2 C[t=87] fitted: val_loss=0.01813 |Y_boot|=1.429 |A|=0.0604 Y_mean=-0.8782 q*_mean=['-15.637', '-3.174', '-6.219']
INFO PLAT_JUL29 DiffSolverV2 C[t=86] fitted: val_loss=0.01914 |Y_boot|=1.432 |A|=0.05691 Y_mean=-0.8861 q*_mean=['-15.094', '-3.534', '-6.274']
INFO PLAT_JUL29 DiffSolverV2 C[t=85] fitted: val_loss=0.01998 |Y_boot|=1.43 |A|=0.05627 Y_mean=-0.8869 q*_mean=['-15.277', '-3.680', '-5.859']
INFO PLAT_JUL29 DiffSolverV2 C[t=84] fitted: val_loss=0.02603 |Y_boot|=1.429 |A|=0.05886 Y_mean=-0.886 q*_mean=['-14.954', '-3.436', '-5.914']
INFO PLAT_JUL29 DiffSolverV2 C[t=83] fitted: val_loss=0.02047 |Y_boot|=1.424 |A|=0.05429 Y_mean=-0.878 q*_mean=['-14.923', '-3.546', '-5.780']
INFO PLAT_JUL29 DiffSolverV2 C[t=82] fitted: val_loss=0.01869 |Y_boot|=1.425 |A|=0.05699 Y_mean=-0.8828 q*_mean=['-14.996', '-3.333', '-5.878']
INFO PLAT_JUL29 DiffSolverV2 C[t=81] fitted: val_loss=0.01485 |Y_boot|=1.424 |A|=0.05692 Y_mean=-0.8796 q*_mean=['-15.009', '-3.271', '-5.890']
INFO PLAT_JUL29 DiffSolverV2 C[t=80] fitted: val_loss=0.01616 |Y_boot|=1.42 |A|=0.05569 Y_mean=-0.8779 q*_mean=['-14.331', '-2.832', '-6.451']
INFO PLAT_JUL29 DiffSolverV2 C[t=79] fitted: val_loss=0.01648 |Y_boot|=1.417 |A|=0.05715 Y_mean=-0.877 q*_mean=['-14.087', '-3.156', '-6.207']
INFO PLAT_JUL29 DiffSolverV2 C[t=78] fitted: val_loss=0.01631 |Y_boot|=1.42 |A|=0.06056 Y_mean=-0.8777 q*_mean=['-16.193', '-3.210', '-5.811']
INFO PLAT_JUL29 DiffSolverV2 C[t=77] fitted: val_loss=0.0194 |Y_boot|=1.415 |A|=0.05837 Y_mean=-0.8699 q*_mean=['-14.563', '-3.088', '-5.743']
INFO PLAT_JUL29 DiffSolverV2 C[t=76] fitted: val_loss=0.01639 |Y_boot|=1.416 |A|=0.06185 Y_mean=-0.874 q*_mean=['-15.149', '-2.722', '-6.097']
INFO PLAT_JUL29 DiffSolverV2 C[t=75] fitted: val_loss=0.01915 |Y_boot|=1.411 |A|=0.06442 Y_mean=-0.8669 q*_mean=['-14.807', '-2.618', '-6.049']
INFO PLAT_JUL29 DiffSolverV2 C[t=74] fitted: val_loss=0.01645 |Y_boot|=1.407 |A|=0.06304 Y_mean=-0.8609 q*_mean=['-15.039', '-2.344', '-5.963']
INFO PLAT_JUL29 DiffSolverV2 C[t=73] fitted: val_loss=0.01477 |Y_boot|=1.404 |A|=0.06041 Y_mean=-0.8579 q*_mean=['-15.692', '-2.472', '-5.743']
INFO PLAT_JUL29 DiffSolverV2 C[t=72] fitted: val_loss=0.02081 |Y_boot|=1.403 |A|=0.05946 Y_mean=-0.8582 q*_mean=['-14.850', '-2.240', '-6.030']
INFO PLAT_JUL29 DiffSolverV2 C[t=71] fitted: val_loss=0.02053 |Y_boot|=1.4 |A|=0.0539 Y_mean=-0.8576 q*_mean=['-15.833', '-2.252', '-6.287']
INFO PLAT_JUL29 DiffSolverV2 C[t=70] fitted: val_loss=0.01904 |Y_boot|=1.394 |A|=0.05639 Y_mean=-0.8578 q*_mean=['-14.795', '-2.386', '-6.287']
INFO PLAT_JUL29 DiffSolverV2 C[t=69] fitted: val_loss=0.01653 |Y_boot|=1.397 |A|=0.06074 Y_mean=-0.859 q*_mean=['-15.082', '-2.716', '-6.134']
INFO PLAT_JUL29 DiffSolverV2 C[t=68] fitted: val_loss=0.01851 |Y_boot|=1.397 |A|=0.0614 Y_mean=-0.8549 q*_mean=['-14.862', '-2.777', '-6.604']
INFO PLAT_JUL29 DiffSolverV2 C[t=67] fitted: val_loss=0.01647 |Y_boot|=1.395 |A|=0.06054 Y_mean=-0.8523 q*_mean=['-15.112', '-2.576', '-6.866']
INFO PLAT_JUL29 DiffSolverV2 C[t=66] fitted: val_loss=0.01677 |Y_boot|=1.389 |A|=0.06215 Y_mean=-0.8483 q*_mean=['-14.642', '-2.209', '-6.989']
INFO PLAT_JUL29 DiffSolverV2 C[t=65] fitted: val_loss=0.01405 |Y_boot|=1.388 |A|=0.0601 Y_mean=-0.8458 q*_mean=['-14.606', '-2.161', '-6.128']
INFO PLAT_JUL29 DiffSolverV2 C[t=64] fitted: val_loss=0.0167 |Y_boot|=1.389 |A|=0.06137 Y_mean=-0.8499 q*_mean=['-14.819', '-2.368', '-6.506']
INFO PLAT_JUL29 DiffSolverV2 C[t=63] fitted: val_loss=0.01664 |Y_boot|=1.392 |A|=0.06198 Y_mean=-0.8512 q*_mean=['-12.988', '-2.234', '-6.610']
INFO PLAT_JUL29 DiffSolverV2 C[t=62] fitted: val_loss=0.01878 |Y_boot|=1.393 |A|=0.06236 Y_mean=-0.8505 q*_mean=['-13.354', '-2.069', '-6.708']
INFO PLAT_JUL29 DiffSolverV2 C[t=61] fitted: val_loss=0.01702 |Y_boot|=1.388 |A|=0.05737 Y_mean=-0.8461 q*_mean=['-13.971', '-2.063', '-6.433']
INFO PLAT_JUL29 DiffSolverV2 C[t=60] fitted: val_loss=0.02017 |Y_boot|=1.383 |A|=0.05983 Y_mean=-0.8467 q*_mean=['-13.715', '-1.776', '-7.178']
INFO PLAT_JUL29 DiffSolverV2 C[t=59] fitted: val_loss=0.01275 |Y_boot|=1.384 |A|=0.0606 Y_mean=-0.8465 q*_mean=['-12.604', '-1.801', '-7.941']
INFO PLAT_JUL29 DiffSolverV2 C[t=58] fitted: val_loss=0.0166 |Y_boot|=1.383 |A|=0.0601 Y_mean=-0.8454 q*_mean=['-13.593', '-1.672', '-6.964']
INFO PLAT_JUL29 DiffSolverV2 C[t=57] fitted: val_loss=0.01706 |Y_boot|=1.379 |A|=0.05933 Y_mean=-0.8403 q*_mean=['-13.641', '-1.495', '-7.025']
INFO PLAT_JUL29 DiffSolverV2 C[t=56] fitted: val_loss=0.01741 |Y_boot|=1.377 |A|=0.0602 Y_mean=-0.8393 q*_mean=['-13.007', '-1.813', '-6.982']
INFO PLAT_JUL29 DiffSolverV2 C[t=55] fitted: val_loss=0.02127 |Y_boot|=1.38 |A|=0.06319 Y_mean=-0.8416 q*_mean=['-13.513', '-1.538', '-7.617']
INFO PLAT_JUL29 DiffSolverV2 C[t=54] fitted: val_loss=0.01622 |Y_boot|=1.385 |A|=0.06287 Y_mean=-0.8446 q*_mean=['-14.557', '-0.714', '-7.166']
INFO PLAT_JUL29 DiffSolverV2 C[t=53] fitted: val_loss=0.02391 |Y_boot|=1.383 |A|=0.06319 Y_mean=-0.8433 q*_mean=['-13.110', '-1.123', '-7.104']
INFO PLAT_JUL29 DiffSolverV2 C[t=52] fitted: val_loss=0.01866 |Y_boot|=1.386 |A|=0.06482 Y_mean=-0.8477 q*_mean=['-13.580', '-1.019', '-7.684']
INFO PLAT_JUL29 DiffSolverV2 C[t=51] fitted: val_loss=0.01646 |Y_boot|=1.382 |A|=0.06261 Y_mean=-0.8408 q*_mean=['-13.165', '-1.312', '-7.782']
INFO PLAT_JUL29 DiffSolverV2 C[t=50] fitted: val_loss=0.01913 |Y_boot|=1.379 |A|=0.05606 Y_mean=-0.8401 q*_mean=['-14.172', '-1.251', '-7.275']
INFO PLAT_JUL29 DiffSolverV2 C[t=49] fitted: val_loss=0.01975 |Y_boot|=1.377 |A|=0.05959 Y_mean=-0.846 q*_mean=['-13.232', '-0.970', '-7.642']
INFO PLAT_JUL29 DiffSolverV2 C[t=48] fitted: val_loss=0.01443 |Y_boot|=1.378 |A|=0.06394 Y_mean=-0.8449 q*_mean=['-12.268', '-0.824', '-8.197']
INFO PLAT_JUL29 DiffSolverV2 C[t=47] fitted: val_loss=0.02357 |Y_boot|=1.375 |A|=0.06524 Y_mean=-0.8383 q*_mean=['-11.804', '-0.928', '-8.057']
INFO PLAT_JUL29 DiffSolverV2 C[t=46] fitted: val_loss=0.0166 |Y_boot|=1.369 |A|=0.06451 Y_mean=-0.8324 q*_mean=['-12.378', '-1.001', '-7.996']
INFO PLAT_JUL29 DiffSolverV2 C[t=45] fitted: val_loss=0.01659 |Y_boot|=1.364 |A|=0.06288 Y_mean=-0.8288 q*_mean=['-12.323', '-0.940', '-8.777']
INFO PLAT_JUL29 DiffSolverV2 C[t=44] fitted: val_loss=0.01689 |Y_boot|=1.361 |A|=0.05906 Y_mean=-0.8289 q*_mean=['-12.219', '-0.745', '-8.472']
INFO PLAT_JUL29 DiffSolverV2 C[t=43] fitted: val_loss=0.01514 |Y_boot|=1.365 |A|=0.06051 Y_mean=-0.8375 q*_mean=['-13.483', '-0.909', '-8.112']
INFO PLAT_JUL29 DiffSolverV2 C[t=42] fitted: val_loss=0.01684 |Y_boot|=1.36 |A|=0.05966 Y_mean=-0.8319 q*_mean=['-12.732', '-0.677', '-8.508']
INFO PLAT_JUL29 DiffSolverV2 C[t=41] fitted: val_loss=0.0179 |Y_boot|=1.359 |A|=0.06204 Y_mean=-0.8313 q*_mean=['-11.719', '-0.507', '-8.881']
INFO PLAT_JUL29 DiffSolverV2 C[t=40] fitted: val_loss=0.01643 |Y_boot|=1.358 |A|=0.061 Y_mean=-0.8285 q*_mean=['-13.116', '-0.671', '-8.698']
INFO PLAT_JUL29 DiffSolverV2 C[t=39] fitted: val_loss=0.01706 |Y_boot|=1.354 |A|=0.05983 Y_mean=-0.8266 q*_mean=['-11.218', '-0.616', '-8.801']
INFO PLAT_JUL29 DiffSolverV2 C[t=38] fitted: val_loss=0.01798 |Y_boot|=1.365 |A|=0.06183 Y_mean=-0.8383 q*_mean=['-11.407', '-0.537', '-8.728']
INFO PLAT_JUL29 DiffSolverV2 C[t=37] fitted: val_loss=0.0179 |Y_boot|=1.362 |A|=0.06094 Y_mean=-0.8346 q*_mean=['-10.889', '-0.745', '-8.990']
INFO PLAT_JUL29 DiffSolverV2 C[t=36] fitted: val_loss=0.01589 |Y_boot|=1.36 |A|=0.06029 Y_mean=-0.8337 q*_mean=['-10.870', '-0.574', '-8.777']
INFO PLAT_JUL29 DiffSolverV2 C[t=35] fitted: val_loss=0.0179 |Y_boot|=1.359 |A|=0.05933 Y_mean=-0.8336 q*_mean=['-10.986', '-0.775', '-9.204']
INFO PLAT_JUL29 DiffSolverV2 C[t=34] fitted: val_loss=0.01724 |Y_boot|=1.356 |A|=0.0615 Y_mean=-0.831 q*_mean=['-11.957', '-0.854', '-8.649']
INFO PLAT_JUL29 DiffSolverV2 C[t=33] fitted: val_loss=0.01624 |Y_boot|=1.356 |A|=0.06393 Y_mean=-0.8291 q*_mean=['-10.730', '-0.623', '-8.514']
INFO PLAT_JUL29 DiffSolverV2 C[t=32] fitted: val_loss=0.01853 |Y_boot|=1.352 |A|=0.06261 Y_mean=-0.822 q*_mean=['-10.779', '-0.720', '-8.997']
INFO PLAT_JUL29 DiffSolverV2 C[t=31] fitted: val_loss=0.01675 |Y_boot|=1.35 |A|=0.06315 Y_mean=-0.82 q*_mean=['-10.486', '-0.739', '-8.984']
INFO PLAT_JUL29 DiffSolverV2 C[t=30] fitted: val_loss=0.01613 |Y_boot|=1.348 |A|=0.06088 Y_mean=-0.8183 q*_mean=['-10.840', '-0.604', '-8.649']
INFO PLAT_JUL29 DiffSolverV2 C[t=29] fitted: val_loss=0.01633 |Y_boot|=1.342 |A|=0.05768 Y_mean=-0.8168 q*_mean=['-10.089', '-2.234', '-8.984']
INFO PLAT_JUL29 DiffSolverV2 C[t=28] fitted: val_loss=0.01558 |Y_boot|=1.341 |A|=0.05663 Y_mean=-0.8198 q*_mean=['-10.492', '-1.880', '-8.759']
INFO PLAT_JUL29 DiffSolverV2 C[t=27] fitted: val_loss=0.01487 |Y_boot|=1.339 |A|=0.05949 Y_mean=-0.8183 q*_mean=['-10.651', '-1.666', '-8.685']
INFO PLAT_JUL29 DiffSolverV2 C[t=26] fitted: val_loss=0.01886 |Y_boot|=1.343 |A|=0.0615 Y_mean=-0.8201 q*_mean=['-11.127', '-1.105', '-8.881']
INFO PLAT_JUL29 DiffSolverV2 C[t=25] fitted: val_loss=0.01679 |Y_boot|=1.342 |A|=0.06043 Y_mean=-0.8164 q*_mean=['-12.421', '-0.824', '-9.143']
INFO PLAT_JUL29 DiffSolverV2 C[t=24] fitted: val_loss=0.01738 |Y_boot|=1.338 |A|=0.0583 Y_mean=-0.8146 q*_mean=['-10.913', '-0.970', '-9.125']
INFO PLAT_JUL29 DiffSolverV2 C[t=23] fitted: val_loss=0.02071 |Y_boot|=1.331 |A|=0.06204 Y_mean=-0.8081 q*_mean=['-12.891', '-0.647', '-9.363']
INFO PLAT_JUL29 DiffSolverV2 C[t=22] fitted: val_loss=0.01546 |Y_boot|=1.323 |A|=0.06301 Y_mean=-0.7973 q*_mean=['-12.329', '-0.616', '-9.021']
INFO PLAT_JUL29 DiffSolverV2 C[t=21] fitted: val_loss=0.01595 |Y_boot|=1.321 |A|=0.0635 Y_mean=-0.7952 q*_mean=['-13.159', '-0.275', '-9.216']
INFO PLAT_JUL29 DiffSolverV2 C[t=20] fitted: val_loss=0.01626 |Y_boot|=1.316 |A|=0.06272 Y_mean=-0.7904 q*_mean=['-14.856', '-0.122', '-9.637']
INFO PLAT_JUL29 DiffSolverV2 C[t=19] fitted: val_loss=0.01906 |Y_boot|=1.312 |A|=0.05796 Y_mean=-0.7872 q*_mean=['-15.295', '-0.226', '-9.393']
INFO PLAT_JUL29 DiffSolverV2 C[t=18] fitted: val_loss=0.01496 |Y_boot|=1.307 |A|=0.05878 Y_mean=-0.7889 q*_mean=['-16.077', '-0.165', '-9.229']
INFO PLAT_JUL29 DiffSolverV2 C[t=17] fitted: val_loss=0.01584 |Y_boot|=1.308 |A|=0.06064 Y_mean=-0.79 q*_mean=['-17.084', '-0.250', '-9.241']
INFO PLAT_JUL29 DiffSolverV2 C[t=16] fitted: val_loss=0.01578 |Y_boot|=1.301 |A|=0.06201 Y_mean=-0.7808 q*_mean=['-19.739', '0.000', '-9.613']
INFO PLAT_JUL29 DiffSolverV2 C[t=15] fitted: val_loss=0.01939 |Y_boot|=1.299 |A|=0.06389 Y_mean=-0.7766 q*_mean=['-21.631', '-0.061', '-10.297']
INFO PLAT_JUL29 DiffSolverV2 C[t=14] fitted: val_loss=0.01702 |Y_boot|=1.293 |A|=0.06023 Y_mean=-0.7699 q*_mean=['-23.053', '0.000', '-9.991']
INFO PLAT_JUL29 DiffSolverV2 C[t=13] fitted: val_loss=0.01898 |Y_boot|=1.29 |A|=0.06011 Y_mean=-0.7696 q*_mean=['-25.146', '0.000', '-10.077']
INFO PLAT_JUL29 DiffSolverV2 C[t=12] fitted: val_loss=0.02024 |Y_boot|=1.291 |A|=0.06232 Y_mean=-0.7703 q*_mean=['-26.331', '-0.037', '-9.485']
INFO PLAT_JUL29 DiffSolverV2 C[t=11] fitted: val_loss=0.01721 |Y_boot|=1.289 |A|=0.06146 Y_mean=-0.7665 q*_mean=['-27.551', '-0.226', '-9.534']
INFO PLAT_JUL29 DiffSolverV2 C[t=10] fitted: val_loss=0.01855 |Y_boot|=1.287 |A|=0.05959 Y_mean=-0.7651 q*_mean=['-26.178', '-2.863', '-9.760']
INFO PLAT_JUL29 DiffSolverV2 C[t=9] fitted: val_loss=0.02068 |Y_boot|=1.286 |A|=0.06262 Y_mean=-0.7656 q*_mean=['-3.833', '-26.959', '-8.276']
INFO PLAT_JUL29 DiffSolverV2 C[t=8] fitted: val_loss=0.01603 |Y_boot|=1.284 |A|=0.06112 Y_mean=-0.7617 q*_mean=['-1.581', '-31.512', '-7.867']
INFO PLAT_JUL29 DiffSolverV2 C[t=7] fitted: val_loss=0.01543 |Y_boot|=1.275 |A|=0.05833 Y_mean=-0.7546 q*_mean=['-1.440', '-32.922', '-5.359']
INFO PLAT_JUL29 DiffSolverV2 C[t=6] fitted: val_loss=0.01451 |Y_boot|=1.269 |A|=0.06155 Y_mean=-0.7504 q*_mean=['-2.234', '-32.642', '-3.619']
INFO PLAT_JUL29 DiffSolverV2 C[t=5] fitted: val_loss=0.01842 |Y_boot|=1.268 |A|=0.06186 Y_mean=-0.7453 q*_mean=['-2.081', '-11.761', '-25.049']
INFO PLAT_JUL29 DiffSolverV2 C[t=4] fitted: val_loss=0.01792 |Y_boot|=1.257 |A|=0.06423 Y_mean=-0.7289 q*_mean=['-2.582', '-0.769', '-36.359']
INFO PLAT_JUL29 DiffSolverV2 C[t=3] fitted: val_loss=0.02195 |Y_boot|=1.249 |A|=0.06884 Y_mean=-0.7146 q*_mean=['-2.563', '-0.262', '-37.335']
INFO PLAT_JUL29 DiffSolverV2 C[t=2] fitted: val_loss=0.01711 |Y_boot|=1.236 |A|=0.07161 Y_mean=-0.6932 q*_mean=['-2.380', '-0.275', '-37.720']
INFO PLAT_JUL29 DiffSolverV2 C[t=1] fitted: val_loss=0.02483 |Y_boot|=1.227 |A|=0.0733 Y_mean=-0.6763 q*_mean=['-2.539', '-0.073', '-38.049']
INFO PLAT_JUL29 DiffSolverV2 C[t=0] fitted: val_loss=0.03492 |Y_boot|=1.218 |A|=0.0748 Y_mean=-0.6621 q*_mean=['-2.979', '0.000', '-37.695']
INFO PLAT_JUL29 DiffSolverV2 sweep complete: t=122→0 | max|Y_boot|=1.457 (BOUNDED) | V_0=-0.662089 | n_star@t=0=[-2.978515625, 0.0, -37.6953125]
INFO PLAT_JUL29 DiffSolverV2 SAVED value fn to /home/vretiel/PycharmProjects/riskflow/artifacts/walk_forward/artifacts/walk_forward/driftless_gpu0/value_fn_202011_garch_s42.pt (V_0=-0.662089)
INFO PLAT_JUL29 DiffSolverV2 IN-SAMPLE vs OOS u(W_T): greedy IS=-0.57586 OOS=-0.46226 | textbook IS=-0.96004 OOS=-0.82572 (gap IS−OOS greedy=-0.11360 → overfit if large)
INFO PLAT_JUL29 DiffSolverV2 VERDICT (OUT-OF-SAMPLE rollout t=0→T over 1024 outer paths, start flat):
  policy    u(W_T)mean    W_T mean       W_T p5         W_T CVaR5
  greedy    -0.46226    +1.2922e+05   -5.7219e+05   -7.2895e+05
  textbook  -0.82572    +2.9270e+04   -6.4702e+05   -7.7958e+05
  nohedge   -1.05795    +3.4399e+04   -7.3546e+05   -8.8033e+05
  → on the OBJECTIVE E[u(W_T)]: beats no-hedge=True, beats textbook=True | tail(CVaR5) competitive w/ textbook=True
INFO PLAT_JUL29 DiffSolverV2 greedy positions: mean|q| per instrument=['7.22', '3.07', '11.86'] | q@t0=[-1.11083984375, 0.0, -37.945556640625] | q@mid=[-11.932373046875, -1.513671875, -7.7392578125] (textbook q@t0=[-7.268425941467285, -7.02217435836792, -5.267472267150879])
INFO PLAT_JUL29 solve_hedge tracks: {'DiffSolverV2': -0.6621} | ladder holds=True
INFO PLAT_JUL29 === TRAIN 202011 seed=314 (fair=858.26, strike=850.26) ===
WARNING md_202010_garch_driftless Price Factor 'DiscountRate.USD-SOFR' not found in market data
INFO md_202010_garch_driftless Creating default Discount Factor(type='DiscountRate', name=('USD-SOFR',))
INFO PLAT_JUL29 liability scalars: total_leg_volume=2500.0 last_settlement_index=152
INFO PLAT_JUL29 utility_scale (symlog c) resolved to 746436.89
INFO PLAT_JUL29 DiffSolverV2 setup: n_hedge=3 active=[0, 1, 2] T_dec=123 (of 125 sim steps; last-live mtm=[-2]) B_outer=2048 levels=9 fit_iters=40 lr=0.002 | contract_size=[50.0, 50.0, 50.0] | q∈[[-50.0, -50.0, -50.0], [0.0, 0.0, 0.0]] total_abs_limit=50
INFO PLAT_JUL29 DiffSolverV2 inner forks: one_step=True (window {t, t+1} generation+pricing)
INFO PLAT_JUL29 DiffSolverV2 bank: market_dim=7 | swept W∈[-1.226e+06, 5.864e+06] mean=1.357e+04 std=4.808e+05 | q_rep(t=0)=[-6.556380271911621, -6.298707962036133, -4.640498638153076]
INFO PLAT_JUL29 DiffSolverV2 action grid: K=165 actions (levels=9 ^ active=3)
INFO PLAT_JUL29 DiffSolverV2 C[t=122] fitted: val_loss=0.0006263 |Y_boot|=1.413 |A|=0.01132 Y_mean=-0.8945 q*_mean=['0.000', '-1.422', '-18.921']
INFO PLAT_JUL29 DiffSolverV2 C[t=121] fitted: val_loss=0.0006115 |Y_boot|=1.413 |A|=0.02002 Y_mean=-0.8845 q*_mean=['0.000', '-1.190', '-18.671']
INFO PLAT_JUL29 DiffSolverV2 C[t=120] fitted: val_loss=0.0005648 |Y_boot|=1.413 |A|=0.03081 Y_mean=-0.8769 q*_mean=['0.000', '-1.709', '-18.762']
INFO PLAT_JUL29 DiffSolverV2 C[t=119] fitted: val_loss=0.0005162 |Y_boot|=1.412 |A|=0.0439 Y_mean=-0.8665 q*_mean=['0.000', '-1.434', '-18.781']
INFO PLAT_JUL29 DiffSolverV2 C[t=118] fitted: val_loss=0.0004538 |Y_boot|=1.412 |A|=0.05648 Y_mean=-0.8538 q*_mean=['0.000', '-1.599', '-17.584']
INFO PLAT_JUL29 DiffSolverV2 C[t=117] fitted: val_loss=0.0004814 |Y_boot|=1.412 |A|=0.06505 Y_mean=-0.8415 q*_mean=['0.000', '-1.910', '-17.596']
INFO PLAT_JUL29 DiffSolverV2 C[t=116] fitted: val_loss=0.0004442 |Y_boot|=1.412 |A|=0.06848 Y_mean=-0.8334 q*_mean=['0.000', '-1.526', '-17.603']
INFO PLAT_JUL29 DiffSolverV2 C[t=115] fitted: val_loss=0.0004414 |Y_boot|=1.412 |A|=0.07493 Y_mean=-0.831 q*_mean=['0.000', '-2.136', '-17.511']
INFO PLAT_JUL29 DiffSolverV2 C[t=114] fitted: val_loss=0.000399 |Y_boot|=1.41 |A|=0.08617 Y_mean=-0.8233 q*_mean=['0.000', '-2.051', '-17.334']
INFO PLAT_JUL29 DiffSolverV2 C[t=113] fitted: val_loss=0.001377 |Y_boot|=1.402 |A|=0.07554 Y_mean=-0.8113 q*_mean=['0.000', '-2.032', '-17.810']
INFO PLAT_JUL29 DiffSolverV2 C[t=112] fitted: val_loss=0.001228 |Y_boot|=1.41 |A|=0.07149 Y_mean=-0.8227 q*_mean=['0.000', '-2.106', '-17.267']
INFO PLAT_JUL29 DiffSolverV2 C[t=111] fitted: val_loss=0.001443 |Y_boot|=1.411 |A|=0.06911 Y_mean=-0.8283 q*_mean=['0.000', '-2.423', '-17.273']
INFO PLAT_JUL29 DiffSolverV2 C[t=110] fitted: val_loss=0.001383 |Y_boot|=1.412 |A|=0.0681 Y_mean=-0.8309 q*_mean=['0.000', '-2.374', '-16.974']
INFO PLAT_JUL29 DiffSolverV2 C[t=109] fitted: val_loss=0.001477 |Y_boot|=1.414 |A|=0.06759 Y_mean=-0.8332 q*_mean=['0.000', '-2.191', '-16.876']
INFO PLAT_JUL29 DiffSolverV2 C[t=108] fitted: val_loss=0.001771 |Y_boot|=1.412 |A|=0.06671 Y_mean=-0.832 q*_mean=['0.000', '-2.264', '-16.797']
INFO PLAT_JUL29 DiffSolverV2 C[t=107] fitted: val_loss=0.00275 |Y_boot|=1.412 |A|=0.0659 Y_mean=-0.8334 q*_mean=['0.000', '-1.984', '-16.266']
INFO PLAT_JUL29 DiffSolverV2 C[t=106] fitted: val_loss=0.002943 |Y_boot|=1.411 |A|=0.06474 Y_mean=-0.8333 q*_mean=['0.000', '-2.399', '-16.174']
INFO PLAT_JUL29 DiffSolverV2 C[t=105] fitted: val_loss=0.004021 |Y_boot|=1.409 |A|=0.06509 Y_mean=-0.8328 q*_mean=['0.000', '-2.551', '-16.205']
INFO PLAT_JUL29 DiffSolverV2 C[t=104] fitted: val_loss=0.004152 |Y_boot|=1.409 |A|=0.06524 Y_mean=-0.8319 q*_mean=['0.000', '-2.942', '-16.473']
INFO PLAT_JUL29 DiffSolverV2 C[t=103] fitted: val_loss=0.004376 |Y_boot|=1.406 |A|=0.06581 Y_mean=-0.8307 q*_mean=['0.000', '-2.869', '-16.553']
INFO PLAT_JUL29 DiffSolverV2 C[t=102] fitted: val_loss=0.004244 |Y_boot|=1.405 |A|=0.06587 Y_mean=-0.8282 q*_mean=['0.000', '-2.386', '-16.113']
INFO PLAT_JUL29 DiffSolverV2 C[t=101] fitted: val_loss=0.004637 |Y_boot|=1.405 |A|=0.06585 Y_mean=-0.8293 q*_mean=['0.000', '-2.338', '-15.955']
INFO PLAT_JUL29 DiffSolverV2 C[t=100] fitted: val_loss=0.007305 |Y_boot|=1.404 |A|=0.06583 Y_mean=-0.8277 q*_mean=['0.000', '-2.802', '-15.656']
INFO PLAT_JUL29 DiffSolverV2 C[t=99] fitted: val_loss=0.008326 |Y_boot|=1.405 |A|=0.0662 Y_mean=-0.8299 q*_mean=['0.000', '-2.972', '-15.521']
INFO PLAT_JUL29 DiffSolverV2 C[t=98] fitted: val_loss=0.006861 |Y_boot|=1.403 |A|=0.06442 Y_mean=-0.8271 q*_mean=['0.000', '-2.667', '-15.527']
INFO PLAT_JUL29 DiffSolverV2 C[t=97] fitted: val_loss=0.008807 |Y_boot|=1.403 |A|=0.06497 Y_mean=-0.8294 q*_mean=['0.000', '-3.003', '-15.247']
INFO PLAT_JUL29 DiffSolverV2 C[t=96] fitted: val_loss=0.008287 |Y_boot|=1.405 |A|=0.06476 Y_mean=-0.8299 q*_mean=['0.000', '-3.033', '-15.405']
INFO PLAT_JUL29 DiffSolverV2 C[t=95] fitted: val_loss=0.0114 |Y_boot|=1.405 |A|=0.06602 Y_mean=-0.8294 q*_mean=['0.000', '-3.320', '-15.002']
INFO PLAT_JUL29 DiffSolverV2 C[t=94] fitted: val_loss=0.01169 |Y_boot|=1.402 |A|=0.06619 Y_mean=-0.8244 q*_mean=['0.000', '-3.125', '-15.332']
INFO PLAT_JUL29 DiffSolverV2 C[t=93] fitted: val_loss=0.01114 |Y_boot|=1.398 |A|=0.06329 Y_mean=-0.8199 q*_mean=['0.000', '-3.137', '-14.954']
INFO PLAT_JUL29 DiffSolverV2 C[t=92] fitted: val_loss=0.01323 |Y_boot|=1.395 |A|=0.06303 Y_mean=-0.8201 q*_mean=['0.000', '-3.387', '-15.204']
INFO PLAT_JUL29 DiffSolverV2 C[t=91] fitted: val_loss=0.01689 |Y_boot|=1.395 |A|=0.06214 Y_mean=-0.8206 q*_mean=['0.000', '-3.558', '-15.607']
INFO PLAT_JUL29 DiffSolverV2 C[t=90] fitted: val_loss=0.0145 |Y_boot|=1.393 |A|=0.06396 Y_mean=-0.819 q*_mean=['0.000', '-2.277', '-15.320']
INFO PLAT_JUL29 DiffSolverV2 C[t=89] fitted: val_loss=0.01442 |Y_boot|=1.386 |A|=0.06598 Y_mean=-0.8084 q*_mean=['0.000', '-2.930', '-15.680']
INFO PLAT_JUL29 DiffSolverV2 C[t=88] fitted: val_loss=0.01623 |Y_boot|=1.383 |A|=0.06624 Y_mean=-0.8033 q*_mean=['-31.177', '-3.180', '-15.643']
INFO PLAT_JUL29 DiffSolverV2 C[t=87] fitted: val_loss=0.01773 |Y_boot|=1.388 |A|=0.06376 Y_mean=-0.8112 q*_mean=['-15.338', '-3.027', '-7.050']
INFO PLAT_JUL29 DiffSolverV2 C[t=86] fitted: val_loss=0.01779 |Y_boot|=1.389 |A|=0.05925 Y_mean=-0.814 q*_mean=['-15.002', '-2.985', '-6.970']
INFO PLAT_JUL29 DiffSolverV2 C[t=85] fitted: val_loss=0.01714 |Y_boot|=1.39 |A|=0.06146 Y_mean=-0.8199 q*_mean=['-14.001', '-3.235', '-7.147']
INFO PLAT_JUL29 DiffSolverV2 C[t=84] fitted: val_loss=0.01615 |Y_boot|=1.386 |A|=0.05762 Y_mean=-0.816 q*_mean=['-13.916', '-2.850', '-6.915']
INFO PLAT_JUL29 DiffSolverV2 C[t=83] fitted: val_loss=0.01448 |Y_boot|=1.39 |A|=0.06197 Y_mean=-0.825 q*_mean=['-14.050', '-3.180', '-7.092']
INFO PLAT_JUL29 DiffSolverV2 C[t=82] fitted: val_loss=0.01412 |Y_boot|=1.389 |A|=0.06038 Y_mean=-0.8207 q*_mean=['-15.155', '-2.667', '-6.677']
INFO PLAT_JUL29 DiffSolverV2 C[t=81] fitted: val_loss=0.01448 |Y_boot|=1.38 |A|=0.06041 Y_mean=-0.8151 q*_mean=['-14.264', '-2.808', '-6.982']
INFO PLAT_JUL29 DiffSolverV2 C[t=80] fitted: val_loss=0.01472 |Y_boot|=1.381 |A|=0.06048 Y_mean=-0.8173 q*_mean=['-14.746', '-2.454', '-6.982']
INFO PLAT_JUL29 DiffSolverV2 C[t=79] fitted: val_loss=0.01446 |Y_boot|=1.382 |A|=0.06214 Y_mean=-0.8176 q*_mean=['-15.393', '-2.441', '-6.982']
INFO PLAT_JUL29 DiffSolverV2 C[t=78] fitted: val_loss=0.02189 |Y_boot|=1.381 |A|=0.06231 Y_mean=-0.8144 q*_mean=['-13.873', '-2.612', '-6.580']
INFO PLAT_JUL29 DiffSolverV2 C[t=77] fitted: val_loss=0.01537 |Y_boot|=1.377 |A|=0.06005 Y_mean=-0.8101 q*_mean=['-15.643', '-2.771', '-6.592']
INFO PLAT_JUL29 DiffSolverV2 C[t=76] fitted: val_loss=0.0153 |Y_boot|=1.375 |A|=0.05832 Y_mean=-0.8094 q*_mean=['-14.886', '-2.838', '-7.672']
INFO PLAT_JUL29 DiffSolverV2 C[t=75] fitted: val_loss=0.01488 |Y_boot|=1.374 |A|=0.05704 Y_mean=-0.811 q*_mean=['-13.989', '-2.252', '-6.830']
INFO PLAT_JUL29 DiffSolverV2 C[t=74] fitted: val_loss=0.01689 |Y_boot|=1.373 |A|=0.05841 Y_mean=-0.8123 q*_mean=['-15.308', '-1.978', '-6.995']
INFO PLAT_JUL29 DiffSolverV2 C[t=73] fitted: val_loss=0.01366 |Y_boot|=1.378 |A|=0.05771 Y_mean=-0.8156 q*_mean=['-15.405', '-2.399', '-7.800']
INFO PLAT_JUL29 DiffSolverV2 C[t=72] fitted: val_loss=0.01862 |Y_boot|=1.381 |A|=0.06012 Y_mean=-0.8189 q*_mean=['-14.252', '-2.405', '-6.842']
INFO PLAT_JUL29 DiffSolverV2 C[t=71] fitted: val_loss=0.01526 |Y_boot|=1.376 |A|=0.06203 Y_mean=-0.8125 q*_mean=['-13.953', '-2.563', '-6.616']
INFO PLAT_JUL29 DiffSolverV2 C[t=70] fitted: val_loss=0.01607 |Y_boot|=1.377 |A|=0.06044 Y_mean=-0.8113 q*_mean=['-14.777', '-2.136', '-7.471']
INFO PLAT_JUL29 DiffSolverV2 C[t=69] fitted: val_loss=0.01487 |Y_boot|=1.373 |A|=0.05709 Y_mean=-0.8111 q*_mean=['-13.348', '-2.722', '-6.824']
INFO PLAT_JUL29 DiffSolverV2 C[t=68] fitted: val_loss=0.01659 |Y_boot|=1.376 |A|=0.05927 Y_mean=-0.8188 q*_mean=['-14.307', '-1.752', '-7.672']
INFO PLAT_JUL29 DiffSolverV2 C[t=67] fitted: val_loss=0.01689 |Y_boot|=1.377 |A|=0.05699 Y_mean=-0.8151 q*_mean=['-14.539', '-2.466', '-7.355']
INFO PLAT_JUL29 DiffSolverV2 C[t=66] fitted: val_loss=0.01679 |Y_boot|=1.375 |A|=0.05551 Y_mean=-0.8144 q*_mean=['-13.672', '-2.423', '-7.635']
INFO PLAT_JUL29 DiffSolverV2 C[t=65] fitted: val_loss=0.01604 |Y_boot|=1.372 |A|=0.05433 Y_mean=-0.814 q*_mean=['-14.154', '-1.672', '-7.391']
INFO PLAT_JUL29 DiffSolverV2 C[t=64] fitted: val_loss=0.01919 |Y_boot|=1.366 |A|=0.05561 Y_mean=-0.8104 q*_mean=['-13.629', '-1.971', '-7.611']
INFO PLAT_JUL29 DiffSolverV2 C[t=63] fitted: val_loss=0.01893 |Y_boot|=1.366 |A|=0.05926 Y_mean=-0.8093 q*_mean=['-12.836', '-1.605', '-7.837']
INFO PLAT_JUL29 DiffSolverV2 C[t=62] fitted: val_loss=0.01872 |Y_boot|=1.365 |A|=0.06126 Y_mean=-0.804 q*_mean=['-13.220', '-2.008', '-7.739']
INFO PLAT_JUL29 DiffSolverV2 C[t=61] fitted: val_loss=0.01481 |Y_boot|=1.366 |A|=0.05913 Y_mean=-0.8033 q*_mean=['-13.086', '-2.118', '-7.678']
INFO PLAT_JUL29 DiffSolverV2 C[t=60] fitted: val_loss=0.01822 |Y_boot|=1.363 |A|=0.05341 Y_mean=-0.8028 q*_mean=['-14.246', '-1.917', '-7.202']
INFO PLAT_JUL29 DiffSolverV2 C[t=59] fitted: val_loss=0.01673 |Y_boot|=1.362 |A|=0.04965 Y_mean=-0.8081 q*_mean=['-12.720', '-1.569', '-8.319']
INFO PLAT_JUL29 DiffSolverV2 C[t=58] fitted: val_loss=0.01684 |Y_boot|=1.358 |A|=0.05098 Y_mean=-0.8088 q*_mean=['-13.300', '-2.136', '-7.703']
INFO PLAT_JUL29 DiffSolverV2 C[t=57] fitted: val_loss=0.01528 |Y_boot|=1.357 |A|=0.05471 Y_mean=-0.8065 q*_mean=['-13.525', '-1.465', '-8.484']
INFO PLAT_JUL29 DiffSolverV2 C[t=56] fitted: val_loss=0.01701 |Y_boot|=1.355 |A|=0.05819 Y_mean=-0.8032 q*_mean=['-13.000', '-1.447', '-8.356']
INFO PLAT_JUL29 DiffSolverV2 C[t=55] fitted: val_loss=0.01469 |Y_boot|=1.355 |A|=0.05679 Y_mean=-0.8007 q*_mean=['-13.672', '-1.562', '-8.490']
INFO PLAT_JUL29 DiffSolverV2 C[t=54] fitted: val_loss=0.01463 |Y_boot|=1.355 |A|=0.05775 Y_mean=-0.8023 q*_mean=['-12.946', '-1.331', '-8.313']
INFO PLAT_JUL29 DiffSolverV2 C[t=53] fitted: val_loss=0.01726 |Y_boot|=1.355 |A|=0.05961 Y_mean=-0.8028 q*_mean=['-12.531', '-1.495', '-8.533']
INFO PLAT_JUL29 DiffSolverV2 C[t=52] fitted: val_loss=0.0155 |Y_boot|=1.353 |A|=0.06026 Y_mean=-0.7998 q*_mean=['-12.811', '-1.398', '-9.058']
INFO PLAT_JUL29 DiffSolverV2 C[t=51] fitted: val_loss=0.01738 |Y_boot|=1.348 |A|=0.05706 Y_mean=-0.7937 q*_mean=['-11.682', '-1.453', '-9.314']
INFO PLAT_JUL29 DiffSolverV2 C[t=50] fitted: val_loss=0.01601 |Y_boot|=1.345 |A|=0.05599 Y_mean=-0.7941 q*_mean=['-12.329', '-1.373', '-8.612']
INFO PLAT_JUL29 DiffSolverV2 C[t=49] fitted: val_loss=0.01468 |Y_boot|=1.342 |A|=0.05531 Y_mean=-0.7914 q*_mean=['-11.261', '-1.263', '-9.387']
INFO PLAT_JUL29 DiffSolverV2 C[t=48] fitted: val_loss=0.01493 |Y_boot|=1.341 |A|=0.06012 Y_mean=-0.7926 q*_mean=['-11.914', '-0.909', '-9.155']
INFO PLAT_JUL29 DiffSolverV2 C[t=47] fitted: val_loss=0.02031 |Y_boot|=1.341 |A|=0.06128 Y_mean=-0.79 q*_mean=['-12.207', '-1.141', '-9.009']
INFO PLAT_JUL29 DiffSolverV2 C[t=46] fitted: val_loss=0.01715 |Y_boot|=1.34 |A|=0.063 Y_mean=-0.7887 q*_mean=['-10.938', '-1.062', '-8.911']
INFO PLAT_JUL29 DiffSolverV2 C[t=45] fitted: val_loss=0.01668 |Y_boot|=1.34 |A|=0.0629 Y_mean=-0.788 q*_mean=['-12.939', '-0.903', '-9.155']
INFO PLAT_JUL29 DiffSolverV2 C[t=44] fitted: val_loss=0.01551 |Y_boot|=1.335 |A|=0.0596 Y_mean=-0.7841 q*_mean=['-11.407', '-1.062', '-9.296']
INFO PLAT_JUL29 DiffSolverV2 C[t=43] fitted: val_loss=0.01589 |Y_boot|=1.332 |A|=0.05588 Y_mean=-0.7851 q*_mean=['-11.688', '-0.781', '-9.406']
INFO PLAT_JUL29 DiffSolverV2 C[t=42] fitted: val_loss=0.01577 |Y_boot|=1.328 |A|=0.05508 Y_mean=-0.7858 q*_mean=['-11.340', '-0.995', '-9.387']
INFO PLAT_JUL29 DiffSolverV2 C[t=41] fitted: val_loss=0.01708 |Y_boot|=1.329 |A|=0.05679 Y_mean=-0.7874 q*_mean=['-11.102', '-0.824', '-9.711']
INFO PLAT_JUL29 DiffSolverV2 C[t=40] fitted: val_loss=0.01364 |Y_boot|=1.331 |A|=0.05865 Y_mean=-0.7904 q*_mean=['-11.194', '-1.031', '-9.802']
INFO PLAT_JUL29 DiffSolverV2 C[t=39] fitted: val_loss=0.01452 |Y_boot|=1.331 |A|=0.06072 Y_mean=-0.7876 q*_mean=['-10.730', '-0.824', '-9.589']
INFO PLAT_JUL29 DiffSolverV2 C[t=38] fitted: val_loss=0.01745 |Y_boot|=1.331 |A|=0.06222 Y_mean=-0.7865 q*_mean=['-10.626', '-0.800', '-10.089']
INFO PLAT_JUL29 DiffSolverV2 C[t=37] fitted: val_loss=0.01479 |Y_boot|=1.328 |A|=0.06018 Y_mean=-0.7834 q*_mean=['-9.845', '-0.446', '-10.278']
INFO PLAT_JUL29 DiffSolverV2 C[t=36] fitted: val_loss=0.01588 |Y_boot|=1.325 |A|=0.05733 Y_mean=-0.7832 q*_mean=['-10.571', '-0.854', '-10.211']
INFO PLAT_JUL29 DiffSolverV2 C[t=35] fitted: val_loss=0.01433 |Y_boot|=1.323 |A|=0.05526 Y_mean=-0.7846 q*_mean=['-10.156', '-0.879', '-10.022']
INFO PLAT_JUL29 DiffSolverV2 C[t=34] fitted: val_loss=0.01753 |Y_boot|=1.322 |A|=0.05473 Y_mean=-0.7862 q*_mean=['-9.229', '-0.781', '-10.083']
INFO PLAT_JUL29 DiffSolverV2 C[t=33] fitted: val_loss=0.01728 |Y_boot|=1.32 |A|=0.05704 Y_mean=-0.7841 q*_mean=['-10.474', '-0.751', '-9.570']
INFO PLAT_JUL29 DiffSolverV2 C[t=32] fitted: val_loss=0.01966 |Y_boot|=1.32 |A|=0.05952 Y_mean=-0.7834 q*_mean=['-10.156', '-0.714', '-9.869']
INFO PLAT_JUL29 DiffSolverV2 C[t=31] fitted: val_loss=0.01557 |Y_boot|=1.319 |A|=0.0609 Y_mean=-0.7819 q*_mean=['-9.875', '-0.720', '-10.431']
INFO PLAT_JUL29 DiffSolverV2 C[t=30] fitted: val_loss=0.01493 |Y_boot|=1.319 |A|=0.06429 Y_mean=-0.7808 q*_mean=['-10.004', '-0.323', '-10.004']
INFO PLAT_JUL29 DiffSolverV2 C[t=29] fitted: val_loss=0.02502 |Y_boot|=1.319 |A|=0.06602 Y_mean=-0.7797 q*_mean=['-9.906', '-2.740', '-9.100']
INFO PLAT_JUL29 DiffSolverV2 C[t=28] fitted: val_loss=0.01527 |Y_boot|=1.316 |A|=0.06355 Y_mean=-0.776 q*_mean=['-10.370', '-2.069', '-9.668']
INFO PLAT_JUL29 DiffSolverV2 C[t=27] fitted: val_loss=0.01642 |Y_boot|=1.316 |A|=0.06455 Y_mean=-0.7773 q*_mean=['-9.875', '-1.392', '-9.363']
INFO PLAT_JUL29 DiffSolverV2 C[t=26] fitted: val_loss=0.01684 |Y_boot|=1.315 |A|=0.06337 Y_mean=-0.7783 q*_mean=['-10.797', '-1.379', '-9.521']
INFO PLAT_JUL29 DiffSolverV2 C[t=25] fitted: val_loss=0.01635 |Y_boot|=1.313 |A|=0.06456 Y_mean=-0.7776 q*_mean=['-11.218', '-0.922', '-10.077']
INFO PLAT_JUL29 DiffSolverV2 C[t=24] fitted: val_loss=0.01369 |Y_boot|=1.312 |A|=0.0629 Y_mean=-0.7763 q*_mean=['-11.444', '-0.818', '-9.515']
INFO PLAT_JUL29 DiffSolverV2 C[t=23] fitted: val_loss=0.01413 |Y_boot|=1.312 |A|=0.06044 Y_mean=-0.7786 q*_mean=['-11.664', '-0.494', '-10.400']
INFO PLAT_JUL29 DiffSolverV2 C[t=22] fitted: val_loss=0.01873 |Y_boot|=1.31 |A|=0.05934 Y_mean=-0.7792 q*_mean=['-13.196', '-0.348', '-9.833']
INFO PLAT_JUL29 DiffSolverV2 C[t=21] fitted: val_loss=0.01464 |Y_boot|=1.306 |A|=0.05952 Y_mean=-0.7767 q*_mean=['-13.580', '-0.323', '-10.266']
INFO PLAT_JUL29 DiffSolverV2 C[t=20] fitted: val_loss=0.01646 |Y_boot|=1.3 |A|=0.058 Y_mean=-0.77 q*_mean=['-13.800', '-0.232', '-10.461']
INFO PLAT_JUL29 DiffSolverV2 C[t=19] fitted: val_loss=0.01622 |Y_boot|=1.297 |A|=0.06125 Y_mean=-0.7669 q*_mean=['-14.453', '-0.195', '-10.382']
INFO PLAT_JUL29 DiffSolverV2 C[t=18] fitted: val_loss=0.01481 |Y_boot|=1.294 |A|=0.0626 Y_mean=-0.7597 q*_mean=['-16.382', '-0.171', '-10.724']
INFO PLAT_JUL29 DiffSolverV2 C[t=17] fitted: val_loss=0.01591 |Y_boot|=1.292 |A|=0.06315 Y_mean=-0.7562 q*_mean=['-18.433', '-0.140', '-10.321']
INFO PLAT_JUL29 DiffSolverV2 C[t=16] fitted: val_loss=0.01444 |Y_boot|=1.291 |A|=0.06312 Y_mean=-0.7533 q*_mean=['-19.849', '-0.110', '-10.358']
INFO PLAT_JUL29 DiffSolverV2 C[t=15] fitted: val_loss=0.01702 |Y_boot|=1.292 |A|=0.06448 Y_mean=-0.7539 q*_mean=['-21.716', '-0.049', '-10.168']
INFO PLAT_JUL29 DiffSolverV2 C[t=14] fitted: val_loss=0.01643 |Y_boot|=1.285 |A|=0.06271 Y_mean=-0.7478 q*_mean=['-21.844', '-0.061', '-10.364']
INFO PLAT_JUL29 DiffSolverV2 C[t=13] fitted: val_loss=0.01879 |Y_boot|=1.288 |A|=0.0637 Y_mean=-0.7535 q*_mean=['-25.024', '-0.098', '-10.431']
INFO PLAT_JUL29 DiffSolverV2 C[t=12] fitted: val_loss=0.01558 |Y_boot|=1.282 |A|=0.06161 Y_mean=-0.7465 q*_mean=['-25.439', '-0.067', '-10.254']
INFO PLAT_JUL29 DiffSolverV2 C[t=11] fitted: val_loss=0.02063 |Y_boot|=1.278 |A|=0.06086 Y_mean=-0.7437 q*_mean=['-27.338', '-0.195', '-10.107']
INFO PLAT_JUL29 DiffSolverV2 C[t=10] fitted: val_loss=0.0167 |Y_boot|=1.277 |A|=0.06199 Y_mean=-0.7426 q*_mean=['-26.239', '-3.107', '-9.875']
INFO PLAT_JUL29 DiffSolverV2 C[t=9] fitted: val_loss=0.01507 |Y_boot|=1.276 |A|=0.0633 Y_mean=-0.7412 q*_mean=['-3.882', '-26.648', '-9.412']
INFO PLAT_JUL29 DiffSolverV2 C[t=8] fitted: val_loss=0.01452 |Y_boot|=1.272 |A|=0.06364 Y_mean=-0.7355 q*_mean=['-1.575', '-30.743', '-8.185']
INFO PLAT_JUL29 DiffSolverV2 C[t=7] fitted: val_loss=0.01572 |Y_boot|=1.267 |A|=0.06359 Y_mean=-0.7298 q*_mean=['-1.349', '-31.812', '-5.402']
INFO PLAT_JUL29 DiffSolverV2 C[t=6] fitted: val_loss=0.01525 |Y_boot|=1.264 |A|=0.06231 Y_mean=-0.7267 q*_mean=['-1.971', '-32.300', '-3.461']
INFO PLAT_JUL29 DiffSolverV2 C[t=5] fitted: val_loss=0.01338 |Y_boot|=1.261 |A|=0.06003 Y_mean=-0.7242 q*_mean=['-2.417', '-11.700', '-23.572']
INFO PLAT_JUL29 DiffSolverV2 C[t=4] fitted: val_loss=0.01961 |Y_boot|=1.253 |A|=0.06566 Y_mean=-0.7159 q*_mean=['-3.107', '-1.007', '-35.156']
INFO PLAT_JUL29 DiffSolverV2 C[t=3] fitted: val_loss=0.01847 |Y_boot|=1.246 |A|=0.06968 Y_mean=-0.7007 q*_mean=['-2.600', '-0.366', '-36.011']
INFO PLAT_JUL29 DiffSolverV2 C[t=2] fitted: val_loss=0.01949 |Y_boot|=1.235 |A|=0.07168 Y_mean=-0.68 q*_mean=['-2.576', '-0.073', '-37.073']
INFO PLAT_JUL29 DiffSolverV2 C[t=1] fitted: val_loss=0.02291 |Y_boot|=1.227 |A|=0.0734 Y_mean=-0.6637 q*_mean=['-2.887', '-0.073', '-37.024']
INFO PLAT_JUL29 DiffSolverV2 C[t=0] fitted: val_loss=0.03079 |Y_boot|=1.216 |A|=0.07456 Y_mean=-0.6456 q*_mean=['-3.088', '0.000', '-37.177']
INFO PLAT_JUL29 DiffSolverV2 sweep complete: t=122→0 | max|Y_boot|=1.414 (BOUNDED) | V_0=-0.645629 | n_star@t=0=[-3.08837890625, 0.0, -37.176513671875]
INFO PLAT_JUL29 DiffSolverV2 SAVED value fn to /home/vretiel/PycharmProjects/riskflow/artifacts/walk_forward/artifacts/walk_forward/driftless_gpu0/value_fn_202011_garch_s314.pt (V_0=-0.645629)
INFO PLAT_JUL29 DiffSolverV2 IN-SAMPLE vs OOS u(W_T): greedy IS=-0.54766 OOS=-0.59397 | textbook IS=-0.90264 OOS=-0.87957 (gap IS−OOS greedy=+0.04631 → overfit if large)
INFO PLAT_JUL29 DiffSolverV2 VERDICT (OUT-OF-SAMPLE rollout t=0→T over 1024 outer paths, start flat):
  policy    u(W_T)mean    W_T mean       W_T p5         W_T CVaR5
  greedy    -0.59397    +9.2263e+04   -6.0427e+05   -7.6531e+05
  textbook  -0.87957    +4.7599e+03   -6.5395e+05   -7.7471e+05
  nohedge   -1.10842    +9.6383e+03   -7.1703e+05   -8.6278e+05
  → on the OBJECTIVE E[u(W_T)]: beats no-hedge=True, beats textbook=True | tail(CVaR5) competitive w/ textbook=True
INFO PLAT_JUL29 DiffSolverV2 greedy positions: mean|q| per instrument=['6.84', '2.90', '13.18'] | q@t0=[-1.6845703125, 0.0, -35.528564453125] | q@mid=[-11.24267578125, -1.74560546875, -8.807373046875] (textbook q@t0=[-6.556380271911621, -6.298707962036133, -4.640498638153076])
INFO PLAT_JUL29 solve_hedge tracks: {'DiffSolverV2': -0.6456} | ladder holds=True
INFO PLAT_JUL29 === ROLL 202011 (stepper, realized path, 3-seed ensemble, inner=512) ===
WARNING md_202010_garch_driftless Price Factor 'DiscountRate.USD-SOFR' not found in market data
INFO md_202010_garch_driftless Creating default Discount Factor(type='DiscountRate', name=('USD-SOFR',))
INFO PLAT_JUL29 Observed_Scenario substituted 2 factor(s): ['CommodityPrice.PLATINUM_CME', 'CommodityBasis.LME_CME']
INFO PLAT_JUL29 liability scalars: total_leg_volume=2500.0 last_settlement_index=152
INFO PLAT_JUL29 utility_scale (symlog c) resolved to 363055.21
INFO PLAT_JUL29 DiffSolverV2 setup: n_hedge=3 active=[0, 1, 2] T_dec=123 (of 125 sim steps; last-live mtm=[-2]) B_outer=1 levels=9 fit_iters=60 lr=0.002 | contract_size=[50.0, 50.0, 50.0] | q∈[[-50.0, -50.0, -50.0], [0.0, 0.0, 0.0]] total_abs_limit=50
INFO PLAT_JUL29 DiffSolverV2 inner forks: one_step=True (window {t, t+1} generation+pricing)
INFO PLAT_JUL29 DiffSolverV2 bank: market_dim=7 | swept W∈[1162, 6.471e+05] mean=3.767e+05 std=1.704e+05 | q_rep(t=0)=[0.0, 0.0, 0.0]
INFO PLAT_JUL29 DiffSolverV2 LOADED value fn from /home/vretiel/PycharmProjects/riskflow/artifacts/walk_forward/artifacts/walk_forward/driftless_gpu0/value_fn_202011_garch_s7.pt (train V_0=-0.663351) | eval-world market drift vs train frame: max 1.16 σ | utility_scale 740632
INFO PLAT_JUL29 DiffSolverV2 LOADED value fn from /home/vretiel/PycharmProjects/riskflow/artifacts/walk_forward/artifacts/walk_forward/driftless_gpu0/value_fn_202011_garch_s42.pt (train V_0=-0.662089) | eval-world market drift vs train frame: max 1.05 σ | utility_scale 739583
INFO PLAT_JUL29 DiffSolverV2 LOADED value fn from /home/vretiel/PycharmProjects/riskflow/artifacts/walk_forward/artifacts/walk_forward/driftless_gpu0/value_fn_202011_garch_s314.pt (train V_0=-0.645629) | eval-world market drift vs train frame: max 1.22 σ | utility_scale 746437
INFO PLAT_JUL29 DiffSolverV2 action grid: K=165 actions (levels=9 ^ active=3)
INFO PLAT_JUL29 DiffSolverV2 ENSEMBLE argmax over 3 value fns
INFO PLAT_JUL29 DiffSolverV2 STEPPER ROLLOUT (frozen policy, realized path, real accounting):
  greedy   wT=+3.5185e+05 p5=+3.5185e+05 cvar5=+3.5185e+05
  textbook wT=+8.8036e+05 p5=+8.8036e+05 cvar5=+8.8036e+05
  nohedge  wT=+8.8036e+05 p5=+8.8036e+05 cvar5=+8.8036e+05
INFO PLAT_JUL29 DiffSolverV2 VERDICT (OUT-OF-SAMPLE rollout t=0→T over 1 outer paths, start flat):
  policy    u(W_T)mean    W_T mean       W_T p5         W_T CVaR5
  greedy    +0.50292    +3.7328e+05   +3.7328e+05   +3.7328e+05
  textbook  +1.18611    +8.8035e+05   +8.8035e+05   +8.8035e+05
  nohedge   +1.18611    +8.8035e+05   +8.8035e+05   +8.8035e+05
  → on the OBJECTIVE E[u(W_T)]: beats no-hedge=False, beats textbook=False | tail(CVaR5) competitive w/ textbook=False
INFO PLAT_JUL29 DiffSolverV2 greedy positions: mean|q| per instrument=['1.17', '0.00', '42.38'] | q@t0=[-6.25, 0.0, 0.0] | q@mid=[0.0, 0.0, -50.0] (textbook q@t0=[0.0, 0.0, 0.0])
INFO PLAT_JUL29 solve_hedge tracks: {'DiffSolverV2': -0.6634} | ladder holds=True
INFO PLAT_JUL29 === TRAIN 202011 seed=7 SKIP (checkpoint exists) ===
INFO PLAT_JUL29 === TRAIN 202011 seed=42 SKIP (checkpoint exists) ===
INFO PLAT_JUL29 === TRAIN 202011 seed=314 SKIP (checkpoint exists) ===
INFO PLAT_JUL29 === ROLL 202011 (stepper, realized path, 3-seed ensemble, inner=512) ===
WARNING md_202010_garch_driftless Price Factor 'DiscountRate.USD-SOFR' not found in market data
INFO md_202010_garch_driftless Creating default Discount Factor(type='DiscountRate', name=('USD-SOFR',))
INFO PLAT_JUL29 Observed_Scenario substituted 2 factor(s): ['CommodityPrice.PLATINUM_CME', 'CommodityBasis.LME_CME']
INFO PLAT_JUL29 liability scalars: total_leg_volume=2500.0 last_settlement_index=152
INFO PLAT_JUL29 utility_scale (symlog c) resolved to 363055.21
INFO PLAT_JUL29 DiffSolverV2 setup: n_hedge=3 active=[0, 1, 2] T_dec=123 (of 125 sim steps; last-live mtm=[-2]) B_outer=1 levels=9 fit_iters=60 lr=0.002 | contract_size=[50.0, 50.0, 50.0] | q∈[[-50.0, -50.0, -50.0], [0.0, 0.0, 0.0]] total_abs_limit=50
INFO PLAT_JUL29 DiffSolverV2 inner forks: one_step=True (window {t, t+1} generation+pricing)
INFO PLAT_JUL29 DiffSolverV2 bank IN Total_Position_Schedule (post-projection): residual frac(Σq outside corridor) min=0.000 mean=0.000 max=0.000 | worst t=0 corridor=[-50, -42.5] bank Σq∈[-42.5, -42.5] frac_oob=0.000 (≈0 ⇒ projection clean)
INFO PLAT_JUL29 DiffSolverV2 bank: market_dim=7 | swept W∈[-3.942e+04, 2.689e+05] mean=1.019e+05 std=7.998e+04 | q_rep(t=0)=[0.0, 0.0, 0.0]
INFO PLAT_JUL29 DiffV2_Load_Value_Fn: /home/vretiel/PycharmProjects/riskflow/artifacts/walk_forward/artifacts/walk_forward/driftless_gpu0/b015_202011/value_fn_202011_garch_s7.pt trained corridor-free (widest wealth support); rolling under a Total_Position_Schedule only restricts to a learned subset — valid.
INFO PLAT_JUL29 DiffSolverV2 LOADED value fn from /home/vretiel/PycharmProjects/riskflow/artifacts/walk_forward/artifacts/walk_forward/driftless_gpu0/b015_202011/value_fn_202011_garch_s7.pt (train V_0=-0.663351) | eval-world market drift vs train frame: max 1.16 σ | utility_scale 740632
INFO PLAT_JUL29 DiffV2_Load_Value_Fn: /home/vretiel/PycharmProjects/riskflow/artifacts/walk_forward/artifacts/walk_forward/driftless_gpu0/b015_202011/value_fn_202011_garch_s42.pt trained corridor-free (widest wealth support); rolling under a Total_Position_Schedule only restricts to a learned subset — valid.
INFO PLAT_JUL29 DiffSolverV2 LOADED value fn from /home/vretiel/PycharmProjects/riskflow/artifacts/walk_forward/artifacts/walk_forward/driftless_gpu0/b015_202011/value_fn_202011_garch_s42.pt (train V_0=-0.662089) | eval-world market drift vs train frame: max 1.05 σ | utility_scale 739583
INFO PLAT_JUL29 DiffV2_Load_Value_Fn: /home/vretiel/PycharmProjects/riskflow/artifacts/walk_forward/artifacts/walk_forward/driftless_gpu0/b015_202011/value_fn_202011_garch_s314.pt trained corridor-free (widest wealth support); rolling under a Total_Position_Schedule only restricts to a learned subset — valid.
INFO PLAT_JUL29 DiffSolverV2 LOADED value fn from /home/vretiel/PycharmProjects/riskflow/artifacts/walk_forward/artifacts/walk_forward/driftless_gpu0/b015_202011/value_fn_202011_garch_s314.pt (train V_0=-0.645629) | eval-world market drift vs train frame: max 1.22 σ | utility_scale 746437
INFO PLAT_JUL29 DiffSolverV2 action grid: K=165 actions (levels=9 ^ active=3)
INFO PLAT_JUL29 DiffSolverV2 ENSEMBLE argmax over 3 value fns
INFO PLAT_JUL29 DiffSolverV2 STEPPER ROLLOUT (frozen policy, realized path, real accounting):
  greedy   wT=+1.7962e+05 p5=+1.7962e+05 cvar5=+1.7962e+05
  textbook wT=+2.1867e+05 p5=+2.1867e+05 cvar5=+2.1867e+05
  nohedge  wT=+8.8036e+05 p5=+8.8036e+05 cvar5=+8.8036e+05
INFO PLAT_JUL29 DiffSolverV2 VERDICT (OUT-OF-SAMPLE rollout t=0→T over 1 outer paths, start flat):
  policy    u(W_T)mean    W_T mean       W_T p5         W_T CVaR5
  greedy    +0.11481    +8.5215e+04   +8.5215e+04   +8.5215e+04
  textbook  +0.30580    +2.2697e+05   +2.2697e+05   +2.2697e+05
  nohedge   +1.18611    +8.8035e+05   +8.8035e+05   +8.8035e+05
  → on the OBJECTIVE E[u(W_T)]: beats no-hedge=False, beats textbook=False | tail(CVaR5) competitive w/ textbook=False
INFO PLAT_JUL29 DiffSolverV2 greedy positions: mean|q| per instrument=['28.61', '0.00', '10.16'] | q@t0=[-43.75, 0.0, 0.0] | q@mid=[-37.5, 0.0, -6.25] (textbook q@t0=[0.0, 0.0, 0.0])
INFO PLAT_JUL29 solve_hedge tracks: {'DiffSolverV2': -0.6634} | ladder holds=True
INFO PLAT_JUL29 JOB 202011 DONE: greedy_free=140.74 greedy_015=71.85 u_pre_free=0.7769 u_pre_015=0.8769 PASS=True breaches=0 churn_015=137.5 train_u=[-0.5068, -0.4623, -0.594]
INFO PLAT_JUL29 ARM B LANE COMPLETE (run_dir=/home/vretiel/PycharmProjects/riskflow/artifacts/walk_forward/artifacts/walk_forward/driftless_gpu0, 4 months)
