INFO root ARM B driftless: months=['202202', '202204', '202102', '202112'] run_dir=/home/vretiel/PycharmProjects/riskflow/artifacts/walk_forward/artifacts/walk_forward/driftless_gpu1 CUDA=1 riskflow=/home/vretiel/PycharmProjects/riskflow/riskflow/__init__.py
INFO root === ARM B 202202 DRIFTLESS retrain: md=md_202201_garch_driftless.json Convexity=Yes (omega=1.441e-06 alpha=0.0324 beta=0.9612 nu=7.34 H0=3.286e-04) ===
INFO root === TRAIN 202202 seed=7 (fair=1016.87, strike=1008.87) ===
WARNING md_202201_garch_driftless Price Factor 'DiscountRate.USD-SOFR' not found in market data
INFO md_202201_garch_driftless Creating default Discount Factor(type='DiscountRate', name=('USD-SOFR',))
INFO PLAT_JUL29 liability scalars: total_leg_volume=2500.0 last_settlement_index=153
INFO PLAT_JUL29 utility_scale (symlog c) resolved to 807654.83
INFO PLAT_JUL29 DiffSolverV2 setup: n_hedge=3 active=[0, 1, 2] T_dec=124 (of 126 sim steps; last-live mtm=[-2]) B_outer=2048 levels=9 fit_iters=40 lr=0.002 | contract_size=[50.0, 50.0, 50.0] | q∈[[-50.0, -50.0, -50.0], [0.0, 0.0, 0.0]] total_abs_limit=50
INFO PLAT_JUL29 DiffSolverV2 inner forks: one_step=True (window {t, t+1} generation+pricing)
INFO PLAT_JUL29 DiffSolverV2 bank: market_dim=7 | swept W∈[-1.412e+06, 1.881e+06] mean=2.063e+04 std=4.384e+05 | q_rep(t=0)=[-7.641017913818359, -7.530303478240967, -7.377119064331055]
INFO PLAT_JUL29 DiffSolverV2 action grid: K=165 actions (levels=9 ^ active=3)
INFO PLAT_JUL29 DiffSolverV2 C[t=123] fitted: val_loss=0.001967 |Y_boot|=1.235 |A|=0.02269 Y_mean=-0.7497 q*_mean=['0.000', '-0.800', '-27.094']
INFO PLAT_JUL29 DiffSolverV2 C[t=122] fitted: val_loss=0.001875 |Y_boot|=1.235 |A|=0.05173 Y_mean=-0.728 q*_mean=['0.000', '-0.781', '-27.179']
INFO PLAT_JUL29 DiffSolverV2 C[t=121] fitted: val_loss=0.002232 |Y_boot|=1.238 |A|=0.0671 Y_mean=-0.6993 q*_mean=['0.000', '-0.922', '-25.830']
INFO PLAT_JUL29 DiffSolverV2 C[t=120] fitted: val_loss=0.002518 |Y_boot|=1.239 |A|=0.07026 Y_mean=-0.6842 q*_mean=['0.000', '-0.769', '-25.488']
INFO PLAT_JUL29 DiffSolverV2 C[t=119] fitted: val_loss=0.002536 |Y_boot|=1.241 |A|=0.07137 Y_mean=-0.6825 q*_mean=['0.000', '-1.025', '-25.647']
INFO PLAT_JUL29 DiffSolverV2 C[t=118] fitted: val_loss=0.002294 |Y_boot|=1.24 |A|=0.07215 Y_mean=-0.6802 q*_mean=['0.000', '-0.885', '-24.963']
INFO PLAT_JUL29 DiffSolverV2 C[t=117] fitted: val_loss=0.002628 |Y_boot|=1.24 |A|=0.07231 Y_mean=-0.6798 q*_mean=['0.000', '-0.775', '-25.055']
INFO PLAT_JUL29 DiffSolverV2 C[t=116] fitted: val_loss=0.002388 |Y_boot|=1.241 |A|=0.07281 Y_mean=-0.6798 q*_mean=['0.000', '-0.977', '-24.896']
INFO PLAT_JUL29 DiffSolverV2 C[t=115] fitted: val_loss=0.002209 |Y_boot|=1.24 |A|=0.07167 Y_mean=-0.6796 q*_mean=['0.000', '-1.178', '-25.079']
INFO PLAT_JUL29 DiffSolverV2 C[t=114] fitted: val_loss=0.002365 |Y_boot|=1.241 |A|=0.07214 Y_mean=-0.6827 q*_mean=['0.000', '-1.117', '-25.079']
INFO PLAT_JUL29 DiffSolverV2 C[t=113] fitted: val_loss=0.002811 |Y_boot|=1.24 |A|=0.07061 Y_mean=-0.6819 q*_mean=['0.000', '-1.123', '-24.530']
INFO PLAT_JUL29 DiffSolverV2 C[t=112] fitted: val_loss=0.002936 |Y_boot|=1.24 |A|=0.07199 Y_mean=-0.6835 q*_mean=['0.000', '-0.787', '-25.189']
INFO PLAT_JUL29 DiffSolverV2 C[t=111] fitted: val_loss=0.0034 |Y_boot|=1.241 |A|=0.07031 Y_mean=-0.683 q*_mean=['0.000', '-1.031', '-25.415']
INFO PLAT_JUL29 DiffSolverV2 C[t=110] fitted: val_loss=0.003219 |Y_boot|=1.242 |A|=0.0705 Y_mean=-0.6866 q*_mean=['0.000', '-1.086', '-25.220']
INFO PLAT_JUL29 DiffSolverV2 C[t=109] fitted: val_loss=0.003513 |Y_boot|=1.244 |A|=0.07218 Y_mean=-0.6884 q*_mean=['0.000', '-1.270', '-24.695']
INFO PLAT_JUL29 DiffSolverV2 C[t=108] fitted: val_loss=0.003763 |Y_boot|=1.243 |A|=0.07068 Y_mean=-0.687 q*_mean=['0.000', '-0.916', '-24.591']
INFO PLAT_JUL29 DiffSolverV2 C[t=107] fitted: val_loss=0.00362 |Y_boot|=1.242 |A|=0.0699 Y_mean=-0.6875 q*_mean=['0.000', '-0.970', '-25.098']
INFO PLAT_JUL29 DiffSolverV2 C[t=106] fitted: val_loss=0.00395 |Y_boot|=1.242 |A|=0.06954 Y_mean=-0.6883 q*_mean=['0.000', '-0.934', '-25.220']
INFO PLAT_JUL29 DiffSolverV2 C[t=105] fitted: val_loss=0.005002 |Y_boot|=1.243 |A|=0.06915 Y_mean=-0.6894 q*_mean=['0.000', '-0.775', '-24.939']
INFO PLAT_JUL29 DiffSolverV2 C[t=104] fitted: val_loss=0.006345 |Y_boot|=1.239 |A|=0.06866 Y_mean=-0.6862 q*_mean=['0.000', '-1.367', '-24.609']
INFO PLAT_JUL29 DiffSolverV2 C[t=103] fitted: val_loss=0.008589 |Y_boot|=1.235 |A|=0.06915 Y_mean=-0.6839 q*_mean=['0.000', '-0.970', '-25.415']
INFO PLAT_JUL29 DiffSolverV2 C[t=102] fitted: val_loss=0.006125 |Y_boot|=1.235 |A|=0.06878 Y_mean=-0.682 q*_mean=['0.000', '-1.068', '-25.037']
INFO PLAT_JUL29 DiffSolverV2 C[t=101] fitted: val_loss=0.006223 |Y_boot|=1.233 |A|=0.06847 Y_mean=-0.6806 q*_mean=['0.000', '-1.007', '-24.091']
INFO PLAT_JUL29 DiffSolverV2 C[t=100] fitted: val_loss=0.005798 |Y_boot|=1.23 |A|=0.06788 Y_mean=-0.6781 q*_mean=['0.000', '-1.379', '-24.365']
INFO PLAT_JUL29 DiffSolverV2 C[t=99] fitted: val_loss=0.007352 |Y_boot|=1.233 |A|=0.06786 Y_mean=-0.6814 q*_mean=['0.000', '-1.337', '-24.133']
INFO PLAT_JUL29 DiffSolverV2 C[t=98] fitted: val_loss=0.00929 |Y_boot|=1.234 |A|=0.06906 Y_mean=-0.6851 q*_mean=['0.000', '-1.575', '-23.834']
INFO PLAT_JUL29 DiffSolverV2 C[t=97] fitted: val_loss=0.009262 |Y_boot|=1.235 |A|=0.06914 Y_mean=-0.6842 q*_mean=['0.000', '-1.666', '-24.164']
INFO PLAT_JUL29 DiffSolverV2 C[t=96] fitted: val_loss=0.01175 |Y_boot|=1.236 |A|=0.06848 Y_mean=-0.6856 q*_mean=['0.000', '-1.367', '-23.932']
INFO PLAT_JUL29 DiffSolverV2 C[t=95] fitted: val_loss=0.01089 |Y_boot|=1.234 |A|=0.06902 Y_mean=-0.684 q*_mean=['0.000', '-1.562', '-24.286']
INFO PLAT_JUL29 DiffSolverV2 C[t=94] fitted: val_loss=0.01108 |Y_boot|=1.229 |A|=0.06569 Y_mean=-0.6808 q*_mean=['0.000', '-1.550', '-24.103']
INFO PLAT_JUL29 DiffSolverV2 C[t=93] fitted: val_loss=0.01198 |Y_boot|=1.223 |A|=0.06495 Y_mean=-0.6781 q*_mean=['0.000', '-1.178', '-23.889']
INFO PLAT_JUL29 DiffSolverV2 C[t=92] fitted: val_loss=0.01524 |Y_boot|=1.216 |A|=0.06574 Y_mean=-0.6721 q*_mean=['0.000', '-1.349', '-23.468']
INFO PLAT_JUL29 DiffSolverV2 C[t=91] fitted: val_loss=0.01469 |Y_boot|=1.215 |A|=0.06822 Y_mean=-0.6706 q*_mean=['0.000', '-1.550', '-23.297']
INFO PLAT_JUL29 DiffSolverV2 C[t=90] fitted: val_loss=0.01381 |Y_boot|=1.213 |A|=0.06744 Y_mean=-0.6653 q*_mean=['0.000', '-1.477', '-23.218']
INFO PLAT_JUL29 DiffSolverV2 C[t=89] fitted: val_loss=0.01667 |Y_boot|=1.212 |A|=0.06707 Y_mean=-0.6669 q*_mean=['0.000', '-1.141', '-23.132']
INFO PLAT_JUL29 DiffSolverV2 C[t=88] fitted: val_loss=0.01671 |Y_boot|=1.209 |A|=0.06671 Y_mean=-0.6651 q*_mean=['0.000', '-1.324', '-23.682']
INFO PLAT_JUL29 DiffSolverV2 C[t=87] fitted: val_loss=0.01862 |Y_boot|=1.207 |A|=0.06796 Y_mean=-0.6636 q*_mean=['-25.269', '-1.758', '-22.974']
INFO PLAT_JUL29 DiffSolverV2 C[t=86] fitted: val_loss=0.01589 |Y_boot|=1.211 |A|=0.06495 Y_mean=-0.6754 q*_mean=['-11.536', '-5.310', '-7.263']
INFO PLAT_JUL29 DiffSolverV2 C[t=85] fitted: val_loss=0.01493 |Y_boot|=1.208 |A|=0.06409 Y_mean=-0.6756 q*_mean=['-12.061', '-5.334', '-7.886']
INFO PLAT_JUL29 DiffSolverV2 C[t=84] fitted: val_loss=0.01514 |Y_boot|=1.207 |A|=0.06287 Y_mean=-0.6768 q*_mean=['-12.421', '-5.933', '-7.526']
INFO PLAT_JUL29 DiffSolverV2 C[t=83] fitted: val_loss=0.01628 |Y_boot|=1.207 |A|=0.06338 Y_mean=-0.6813 q*_mean=['-12.128', '-5.652', '-8.051']
INFO PLAT_JUL29 DiffSolverV2 C[t=82] fitted: val_loss=0.01191 |Y_boot|=1.203 |A|=0.06138 Y_mean=-0.6766 q*_mean=['-11.932', '-5.536', '-7.727']
INFO PLAT_JUL29 DiffSolverV2 C[t=81] fitted: val_loss=0.01445 |Y_boot|=1.2 |A|=0.0607 Y_mean=-0.6757 q*_mean=['-12.756', '-5.719', '-7.465']
INFO PLAT_JUL29 DiffSolverV2 C[t=80] fitted: val_loss=0.01555 |Y_boot|=1.194 |A|=0.05773 Y_mean=-0.6699 q*_mean=['-12.085', '-4.834', '-7.672']
INFO PLAT_JUL29 DiffSolverV2 C[t=79] fitted: val_loss=0.01358 |Y_boot|=1.188 |A|=0.05339 Y_mean=-0.6675 q*_mean=['-11.865', '-5.646', '-7.074']
INFO PLAT_JUL29 DiffSolverV2 C[t=78] fitted: val_loss=0.01835 |Y_boot|=1.188 |A|=0.04886 Y_mean=-0.6703 q*_mean=['-12.488', '-6.226', '-7.465']
INFO PLAT_JUL29 DiffSolverV2 C[t=77] fitted: val_loss=0.01566 |Y_boot|=1.183 |A|=0.05 Y_mean=-0.6719 q*_mean=['-12.756', '-5.975', '-7.214']
INFO PLAT_JUL29 DiffSolverV2 C[t=76] fitted: val_loss=0.01576 |Y_boot|=1.186 |A|=0.05754 Y_mean=-0.6727 q*_mean=['-12.274', '-5.035', '-7.404']
INFO PLAT_JUL29 DiffSolverV2 C[t=75] fitted: val_loss=0.01529 |Y_boot|=1.182 |A|=0.05757 Y_mean=-0.6623 q*_mean=['-12.488', '-5.267', '-6.879']
INFO PLAT_JUL29 DiffSolverV2 C[t=74] fitted: val_loss=0.01628 |Y_boot|=1.181 |A|=0.05731 Y_mean=-0.6597 q*_mean=['-11.877', '-4.944', '-7.538']
INFO PLAT_JUL29 DiffSolverV2 C[t=73] fitted: val_loss=0.01626 |Y_boot|=1.177 |A|=0.06027 Y_mean=-0.6551 q*_mean=['-11.884', '-4.608', '-7.172']
INFO PLAT_JUL29 DiffSolverV2 C[t=72] fitted: val_loss=0.01488 |Y_boot|=1.175 |A|=0.06047 Y_mean=-0.65 q*_mean=['-11.877', '-5.811', '-7.703']
INFO PLAT_JUL29 DiffSolverV2 C[t=71] fitted: val_loss=0.01909 |Y_boot|=1.169 |A|=0.06199 Y_mean=-0.6462 q*_mean=['-11.298', '-4.926', '-7.281']
INFO PLAT_JUL29 DiffSolverV2 C[t=70] fitted: val_loss=0.01445 |Y_boot|=1.17 |A|=0.06199 Y_mean=-0.6462 q*_mean=['-12.585', '-5.505', '-7.385']
INFO PLAT_JUL29 DiffSolverV2 C[t=69] fitted: val_loss=0.01341 |Y_boot|=1.17 |A|=0.06001 Y_mean=-0.6471 q*_mean=['-12.939', '-4.602', '-7.312']
INFO PLAT_JUL29 DiffSolverV2 C[t=68] fitted: val_loss=0.01554 |Y_boot|=1.168 |A|=0.05761 Y_mean=-0.6455 q*_mean=['-12.781', '-4.590', '-7.635']
INFO PLAT_JUL29 DiffSolverV2 C[t=67] fitted: val_loss=0.013 |Y_boot|=1.165 |A|=0.05382 Y_mean=-0.6444 q*_mean=['-12.286', '-4.553', '-6.879']
INFO PLAT_JUL29 DiffSolverV2 C[t=66] fitted: val_loss=0.01551 |Y_boot|=1.164 |A|=0.05443 Y_mean=-0.6471 q*_mean=['-13.031', '-4.877', '-7.837']
INFO PLAT_JUL29 DiffSolverV2 C[t=65] fitted: val_loss=0.01465 |Y_boot|=1.161 |A|=0.06008 Y_mean=-0.6421 q*_mean=['-13.007', '-3.979', '-7.654']
INFO PLAT_JUL29 DiffSolverV2 C[t=64] fitted: val_loss=0.01836 |Y_boot|=1.156 |A|=0.0636 Y_mean=-0.6343 q*_mean=['-11.090', '-3.986', '-7.574']
INFO PLAT_JUL29 DiffSolverV2 C[t=63] fitted: val_loss=0.0144 |Y_boot|=1.155 |A|=0.06224 Y_mean=-0.6311 q*_mean=['-13.165', '-4.694', '-7.733']
INFO PLAT_JUL29 DiffSolverV2 C[t=62] fitted: val_loss=0.01369 |Y_boot|=1.155 |A|=0.06215 Y_mean=-0.6324 q*_mean=['-12.494', '-4.468', '-7.971']
INFO PLAT_JUL29 DiffSolverV2 C[t=61] fitted: val_loss=0.01333 |Y_boot|=1.153 |A|=0.06254 Y_mean=-0.6325 q*_mean=['-11.835', '-3.937', '-8.160']
INFO PLAT_JUL29 DiffSolverV2 C[t=60] fitted: val_loss=0.01533 |Y_boot|=1.153 |A|=0.06211 Y_mean=-0.6323 q*_mean=['-11.676', '-4.254', '-8.771']
INFO PLAT_JUL29 DiffSolverV2 C[t=59] fitted: val_loss=0.01499 |Y_boot|=1.149 |A|=0.06104 Y_mean=-0.6283 q*_mean=['-11.298', '-3.754', '-8.258']
INFO PLAT_JUL29 DiffSolverV2 C[t=58] fitted: val_loss=0.01582 |Y_boot|=1.149 |A|=0.06189 Y_mean=-0.6298 q*_mean=['-11.810', '-3.937', '-8.777']
INFO PLAT_JUL29 DiffSolverV2 C[t=57] fitted: val_loss=0.01538 |Y_boot|=1.146 |A|=0.06268 Y_mean=-0.6242 q*_mean=['-10.785', '-3.552', '-7.910']
INFO PLAT_JUL29 DiffSolverV2 C[t=56] fitted: val_loss=0.01516 |Y_boot|=1.145 |A|=0.06177 Y_mean=-0.6214 q*_mean=['-11.707', '-3.821', '-8.984']
INFO PLAT_JUL29 DiffSolverV2 C[t=55] fitted: val_loss=0.01503 |Y_boot|=1.137 |A|=0.06152 Y_mean=-0.6147 q*_mean=['-12.268', '-3.864', '-8.289']
INFO PLAT_JUL29 DiffSolverV2 C[t=54] fitted: val_loss=0.01575 |Y_boot|=1.134 |A|=0.06102 Y_mean=-0.6127 q*_mean=['-11.200', '-4.352', '-8.429']
INFO PLAT_JUL29 DiffSolverV2 C[t=53] fitted: val_loss=0.01904 |Y_boot|=1.132 |A|=0.0616 Y_mean=-0.6097 q*_mean=['-12.170', '-4.620', '-8.215']
INFO PLAT_JUL29 DiffSolverV2 C[t=52] fitted: val_loss=0.01564 |Y_boot|=1.13 |A|=0.05917 Y_mean=-0.606 q*_mean=['-11.053', '-4.352', '-8.331']
INFO PLAT_JUL29 DiffSolverV2 C[t=51] fitted: val_loss=0.01295 |Y_boot|=1.122 |A|=0.05781 Y_mean=-0.6046 q*_mean=['-10.779', '-3.979', '-8.618']
INFO PLAT_JUL29 DiffSolverV2 C[t=50] fitted: val_loss=0.015 |Y_boot|=1.128 |A|=0.05872 Y_mean=-0.6123 q*_mean=['-11.652', '-4.303', '-8.728']
INFO PLAT_JUL29 DiffSolverV2 C[t=49] fitted: val_loss=0.01614 |Y_boot|=1.126 |A|=0.06083 Y_mean=-0.6116 q*_mean=['-11.139', '-4.053', '-8.936']
INFO PLAT_JUL29 DiffSolverV2 C[t=48] fitted: val_loss=0.01629 |Y_boot|=1.122 |A|=0.06029 Y_mean=-0.6078 q*_mean=['-10.645', '-4.053', '-8.521']
INFO PLAT_JUL29 DiffSolverV2 C[t=47] fitted: val_loss=0.01416 |Y_boot|=1.121 |A|=0.05983 Y_mean=-0.6078 q*_mean=['-10.303', '-4.236', '-8.350']
INFO PLAT_JUL29 DiffSolverV2 C[t=46] fitted: val_loss=0.0162 |Y_boot|=1.118 |A|=0.06092 Y_mean=-0.6066 q*_mean=['-11.249', '-4.706', '-9.119']
INFO PLAT_JUL29 DiffSolverV2 C[t=45] fitted: val_loss=0.01442 |Y_boot|=1.118 |A|=0.06111 Y_mean=-0.6056 q*_mean=['-10.901', '-5.048', '-8.630']
INFO PLAT_JUL29 DiffSolverV2 C[t=44] fitted: val_loss=0.01231 |Y_boot|=1.114 |A|=0.06242 Y_mean=-0.6005 q*_mean=['-10.931', '-4.822', '-8.734']
INFO PLAT_JUL29 DiffSolverV2 C[t=43] fitted: val_loss=0.01343 |Y_boot|=1.113 |A|=0.06354 Y_mean=-0.6002 q*_mean=['-9.924', '-4.590', '-8.624']
INFO PLAT_JUL29 DiffSolverV2 C[t=42] fitted: val_loss=0.0154 |Y_boot|=1.108 |A|=0.06199 Y_mean=-0.5954 q*_mean=['-10.150', '-5.212', '-8.331']
INFO PLAT_JUL29 DiffSolverV2 C[t=41] fitted: val_loss=0.01326 |Y_boot|=1.106 |A|=0.06109 Y_mean=-0.5956 q*_mean=['-11.523', '-4.889', '-8.386']
INFO PLAT_JUL29 DiffSolverV2 C[t=40] fitted: val_loss=0.01212 |Y_boot|=1.099 |A|=0.05976 Y_mean=-0.5889 q*_mean=['-10.431', '-5.078', '-8.569']
INFO PLAT_JUL29 DiffSolverV2 C[t=39] fitted: val_loss=0.01353 |Y_boot|=1.094 |A|=0.05884 Y_mean=-0.5861 q*_mean=['-9.009', '-5.438', '-8.521']
INFO PLAT_JUL29 DiffSolverV2 C[t=38] fitted: val_loss=0.01546 |Y_boot|=1.09 |A|=0.06283 Y_mean=-0.5861 q*_mean=['-10.095', '-5.731', '-7.178']
INFO PLAT_JUL29 DiffSolverV2 C[t=37] fitted: val_loss=0.01383 |Y_boot|=1.091 |A|=0.0643 Y_mean=-0.5837 q*_mean=['-8.740', '-6.830', '-6.897']
INFO PLAT_JUL29 DiffSolverV2 C[t=36] fitted: val_loss=0.01441 |Y_boot|=1.085 |A|=0.06515 Y_mean=-0.5771 q*_mean=['-8.466', '-6.940', '-6.635']
INFO PLAT_JUL29 DiffSolverV2 C[t=35] fitted: val_loss=0.01212 |Y_boot|=1.081 |A|=0.0632 Y_mean=-0.5754 q*_mean=['-8.008', '-8.374', '-6.097']
INFO PLAT_JUL29 DiffSolverV2 C[t=34] fitted: val_loss=0.01557 |Y_boot|=1.083 |A|=0.06232 Y_mean=-0.5792 q*_mean=['-6.836', '-8.228', '-5.652']
INFO PLAT_JUL29 DiffSolverV2 C[t=33] fitted: val_loss=0.01188 |Y_boot|=1.077 |A|=0.05912 Y_mean=-0.5759 q*_mean=['-6.830', '-9.393', '-5.756']
INFO PLAT_JUL29 DiffSolverV2 C[t=32] fitted: val_loss=0.01269 |Y_boot|=1.079 |A|=0.0612 Y_mean=-0.5819 q*_mean=['-6.067', '-9.766', '-4.846']
INFO PLAT_JUL29 DiffSolverV2 C[t=31] fitted: val_loss=0.01477 |Y_boot|=1.078 |A|=0.0607 Y_mean=-0.578 q*_mean=['-6.470', '-10.791', '-3.491']
INFO PLAT_JUL29 DiffSolverV2 C[t=30] fitted: val_loss=0.01558 |Y_boot|=1.075 |A|=0.06088 Y_mean=-0.5746 q*_mean=['-6.805', '-11.615', '-3.583']
INFO PLAT_JUL29 DiffSolverV2 C[t=29] fitted: val_loss=0.0138 |Y_boot|=1.076 |A|=0.06268 Y_mean=-0.5766 q*_mean=['-5.896', '-12.134', '-2.557']
INFO PLAT_JUL29 DiffSolverV2 C[t=28] fitted: val_loss=0.01438 |Y_boot|=1.081 |A|=0.06104 Y_mean=-0.5797 q*_mean=['-5.786', '-20.721', '-3.003']
INFO PLAT_JUL29 DiffSolverV2 C[t=27] fitted: val_loss=0.01446 |Y_boot|=1.08 |A|=0.06216 Y_mean=-0.5786 q*_mean=['-5.902', '-21.765', '-2.539']
INFO PLAT_JUL29 DiffSolverV2 C[t=26] fitted: val_loss=0.01405 |Y_boot|=1.077 |A|=0.06054 Y_mean=-0.5751 q*_mean=['-6.464', '-22.919', '-2.222']
INFO PLAT_JUL29 DiffSolverV2 C[t=25] fitted: val_loss=0.01488 |Y_boot|=1.071 |A|=0.06039 Y_mean=-0.5725 q*_mean=['-6.799', '-23.846', '-2.142']
INFO PLAT_JUL29 DiffSolverV2 C[t=24] fitted: val_loss=0.01721 |Y_boot|=1.076 |A|=0.06136 Y_mean=-0.5775 q*_mean=['-5.786', '-23.322', '-2.216']
INFO PLAT_JUL29 DiffSolverV2 C[t=23] fitted: val_loss=0.0147 |Y_boot|=1.076 |A|=0.06046 Y_mean=-0.577 q*_mean=['-6.079', '-24.445', '-1.733']
INFO PLAT_JUL29 DiffSolverV2 C[t=22] fitted: val_loss=0.01318 |Y_boot|=1.075 |A|=0.06079 Y_mean=-0.5769 q*_mean=['-6.122', '-23.962', '-2.002']
INFO PLAT_JUL29 DiffSolverV2 C[t=21] fitted: val_loss=0.01585 |Y_boot|=1.074 |A|=0.06315 Y_mean=-0.5759 q*_mean=['-5.963', '-24.506', '-1.843']
INFO PLAT_JUL29 DiffSolverV2 C[t=20] fitted: val_loss=0.01487 |Y_boot|=1.073 |A|=0.06323 Y_mean=-0.5727 q*_mean=['-5.884', '-25.366', '-2.246']
INFO PLAT_JUL29 DiffSolverV2 C[t=19] fitted: val_loss=0.01569 |Y_boot|=1.071 |A|=0.06346 Y_mean=-0.5716 q*_mean=['-4.974', '-25.024', '-2.515']
INFO PLAT_JUL29 DiffSolverV2 C[t=18] fitted: val_loss=0.01629 |Y_boot|=1.068 |A|=0.06148 Y_mean=-0.5702 q*_mean=['-4.877', '-25.067', '-2.936']
INFO PLAT_JUL29 DiffSolverV2 C[t=17] fitted: val_loss=0.01609 |Y_boot|=1.066 |A|=0.06088 Y_mean=-0.5707 q*_mean=['-4.980', '-24.133', '-4.041']
INFO PLAT_JUL29 DiffSolverV2 C[t=16] fitted: val_loss=0.01289 |Y_boot|=1.064 |A|=0.06207 Y_mean=-0.5695 q*_mean=['-4.736', '-19.928', '-8.588']
INFO PLAT_JUL29 DiffSolverV2 C[t=15] fitted: val_loss=0.01296 |Y_boot|=1.063 |A|=0.06119 Y_mean=-0.5674 q*_mean=['-4.639', '-12.500', '-16.650']
INFO PLAT_JUL29 DiffSolverV2 C[t=14] fitted: val_loss=0.0126 |Y_boot|=1.06 |A|=0.06218 Y_mean=-0.5662 q*_mean=['-4.767', '-6.653', '-22.137']
INFO PLAT_JUL29 DiffSolverV2 C[t=13] fitted: val_loss=0.01614 |Y_boot|=1.059 |A|=0.06439 Y_mean=-0.5632 q*_mean=['-4.309', '-4.059', '-25.085']
INFO PLAT_JUL29 DiffSolverV2 C[t=12] fitted: val_loss=0.01466 |Y_boot|=1.057 |A|=0.06589 Y_mean=-0.5624 q*_mean=['-3.833', '-2.875', '-26.599']
INFO PLAT_JUL29 DiffSolverV2 C[t=11] fitted: val_loss=0.01496 |Y_boot|=1.056 |A|=0.06577 Y_mean=-0.5596 q*_mean=['-3.387', '-2.301', '-27.667']
INFO PLAT_JUL29 DiffSolverV2 C[t=10] fitted: val_loss=0.01477 |Y_boot|=1.053 |A|=0.06553 Y_mean=-0.5572 q*_mean=['-3.778', '-1.929', '-28.296']
INFO PLAT_JUL29 DiffSolverV2 C[t=9] fitted: val_loss=0.01335 |Y_boot|=1.054 |A|=0.06475 Y_mean=-0.5602 q*_mean=['-3.448', '-1.422', '-28.619']
INFO PLAT_JUL29 DiffSolverV2 C[t=8] fitted: val_loss=0.01287 |Y_boot|=1.049 |A|=0.06627 Y_mean=-0.5573 q*_mean=['-3.229', '-1.904', '-28.333']
INFO PLAT_JUL29 DiffSolverV2 C[t=7] fitted: val_loss=0.01282 |Y_boot|=1.049 |A|=0.0646 Y_mean=-0.5574 q*_mean=['-2.802', '-2.087', '-28.210']
INFO PLAT_JUL29 DiffSolverV2 C[t=6] fitted: val_loss=0.0141 |Y_boot|=1.043 |A|=0.06484 Y_mean=-0.553 q*_mean=['-2.686', '-3.259', '-27.173']
INFO PLAT_JUL29 DiffSolverV2 C[t=5] fitted: val_loss=0.01371 |Y_boot|=1.038 |A|=0.06393 Y_mean=-0.5475 q*_mean=['-2.405', '-11.774', '-19.080']
INFO PLAT_JUL29 DiffSolverV2 C[t=4] fitted: val_loss=0.01346 |Y_boot|=1.032 |A|=0.06747 Y_mean=-0.5426 q*_mean=['-1.715', '-28.888', '-2.014']
INFO PLAT_JUL29 DiffSolverV2 C[t=3] fitted: val_loss=0.01197 |Y_boot|=1.03 |A|=0.06793 Y_mean=-0.5353 q*_mean=['-1.422', '-30.457', '-0.543']
INFO PLAT_JUL29 DiffSolverV2 C[t=2] fitted: val_loss=0.01596 |Y_boot|=1.024 |A|=0.06788 Y_mean=-0.5242 q*_mean=['-1.312', '-31.104', '-0.531']
INFO PLAT_JUL29 DiffSolverV2 C[t=1] fitted: val_loss=0.01463 |Y_boot|=1.017 |A|=0.06865 Y_mean=-0.5114 q*_mean=['-0.562', '-31.421', '-0.641']
INFO PLAT_JUL29 DiffSolverV2 C[t=0] fitted: val_loss=0.01629 |Y_boot|=1.005 |A|=0.06962 Y_mean=-0.4919 q*_mean=['-0.214', '-31.696', '-0.549']
INFO PLAT_JUL29 DiffSolverV2 sweep complete: t=123→0 | max|Y_boot|=1.244 (BOUNDED) | V_0=-0.491922 | n_star@t=0=[-0.213623046875, -31.695556640625, -0.54931640625]
INFO PLAT_JUL29 DiffSolverV2 SAVED value fn to /home/vretiel/PycharmProjects/riskflow/artifacts/walk_forward/artifacts/walk_forward/driftless_gpu1/value_fn_202202_garch_s7.pt (V_0=-0.491922)
INFO PLAT_JUL29 DiffSolverV2 IN-SAMPLE vs OOS u(W_T): greedy IS=-0.66100 OOS=-0.56910 | textbook IS=-0.77235 OOS=-0.66547 (gap IS−OOS greedy=-0.09191 → overfit if large)
INFO PLAT_JUL29 DiffSolverV2 VERDICT (OUT-OF-SAMPLE rollout t=0→T over 1024 outer paths, start flat):
  policy    u(W_T)mean    W_T mean       W_T p5         W_T CVaR5
  greedy    -0.56910    +7.6955e+04   -6.2021e+05   -7.9047e+05
  textbook  -0.66547    +3.4810e+04   -6.4147e+05   -8.0617e+05
  nohedge   -0.96148    +2.3901e+04   -7.3565e+05   -9.1712e+05
  → on the OBJECTIVE E[u(W_T)]: beats no-hedge=True, beats textbook=True | tail(CVaR5) competitive w/ textbook=True
INFO PLAT_JUL29 DiffSolverV2 greedy positions: mean|q| per instrument=['5.66', '10.10', '10.10'] | q@t0=[-0.08544921875, -32.080078125, -0.164794921875] | q@mid=[-12.213134765625, -5.413818359375, -6.292724609375] (textbook q@t0=[-7.641017913818359, -7.530303478240967, -7.377119064331055])
INFO PLAT_JUL29 solve_hedge tracks: {'DiffSolverV2': -0.4919} | ladder holds=True
INFO PLAT_JUL29 === TRAIN 202202 seed=42 (fair=1016.87, strike=1008.87) ===
WARNING md_202201_garch_driftless Price Factor 'DiscountRate.USD-SOFR' not found in market data
INFO md_202201_garch_driftless Creating default Discount Factor(type='DiscountRate', name=('USD-SOFR',))
INFO PLAT_JUL29 liability scalars: total_leg_volume=2500.0 last_settlement_index=153
INFO PLAT_JUL29 utility_scale (symlog c) resolved to 836177.68
INFO PLAT_JUL29 DiffSolverV2 setup: n_hedge=3 active=[0, 1, 2] T_dec=124 (of 126 sim steps; last-live mtm=[-2]) B_outer=2048 levels=9 fit_iters=40 lr=0.002 | contract_size=[50.0, 50.0, 50.0] | q∈[[-50.0, -50.0, -50.0], [0.0, 0.0, 0.0]] total_abs_limit=50
INFO PLAT_JUL29 DiffSolverV2 inner forks: one_step=True (window {t, t+1} generation+pricing)
INFO PLAT_JUL29 DiffSolverV2 bank: market_dim=7 | swept W∈[-1.35e+06, 5.567e+06] mean=3.113e+04 std=4.776e+05 | q_rep(t=0)=[-7.872648239135742, -7.857102870941162, -7.5880208015441895]
INFO PLAT_JUL29 DiffSolverV2 action grid: K=165 actions (levels=9 ^ active=3)
INFO PLAT_JUL29 DiffSolverV2 C[t=123] fitted: val_loss=0.00209 |Y_boot|=1.174 |A|=0.0232 Y_mean=-0.6784 q*_mean=['0.000', '-0.720', '-28.113']
INFO PLAT_JUL29 DiffSolverV2 C[t=122] fitted: val_loss=0.001949 |Y_boot|=1.174 |A|=0.05148 Y_mean=-0.6552 q*_mean=['0.000', '-1.031', '-27.258']
INFO PLAT_JUL29 DiffSolverV2 C[t=121] fitted: val_loss=0.00229 |Y_boot|=1.173 |A|=0.06665 Y_mean=-0.6258 q*_mean=['0.000', '-0.757', '-27.130']
INFO PLAT_JUL29 DiffSolverV2 C[t=120] fitted: val_loss=0.002384 |Y_boot|=1.175 |A|=0.0699 Y_mean=-0.6128 q*_mean=['0.000', '-1.160', '-27.081']
INFO PLAT_JUL29 DiffSolverV2 C[t=119] fitted: val_loss=0.002597 |Y_boot|=1.175 |A|=0.07091 Y_mean=-0.6102 q*_mean=['0.000', '-1.306', '-27.075']
INFO PLAT_JUL29 DiffSolverV2 C[t=118] fitted: val_loss=0.002537 |Y_boot|=1.177 |A|=0.07131 Y_mean=-0.6113 q*_mean=['0.000', '-0.781', '-27.228']
INFO PLAT_JUL29 DiffSolverV2 C[t=117] fitted: val_loss=0.002564 |Y_boot|=1.177 |A|=0.07155 Y_mean=-0.61 q*_mean=['0.000', '-1.093', '-27.142']
INFO PLAT_JUL29 DiffSolverV2 C[t=116] fitted: val_loss=0.002198 |Y_boot|=1.177 |A|=0.07381 Y_mean=-0.6108 q*_mean=['0.000', '-0.970', '-26.880']
INFO PLAT_JUL29 DiffSolverV2 C[t=115] fitted: val_loss=0.002177 |Y_boot|=1.177 |A|=0.07168 Y_mean=-0.6093 q*_mean=['0.000', '-1.331', '-26.434']
INFO PLAT_JUL29 DiffSolverV2 C[t=114] fitted: val_loss=0.00227 |Y_boot|=1.178 |A|=0.07066 Y_mean=-0.6123 q*_mean=['0.000', '-1.074', '-26.257']
INFO PLAT_JUL29 DiffSolverV2 C[t=113] fitted: val_loss=0.00226 |Y_boot|=1.18 |A|=0.07162 Y_mean=-0.6147 q*_mean=['0.000', '-0.867', '-26.251']
INFO PLAT_JUL29 DiffSolverV2 C[t=112] fitted: val_loss=0.002693 |Y_boot|=1.177 |A|=0.07023 Y_mean=-0.6119 q*_mean=['0.000', '-1.074', '-26.355']
INFO PLAT_JUL29 DiffSolverV2 C[t=111] fitted: val_loss=0.002848 |Y_boot|=1.179 |A|=0.07072 Y_mean=-0.6146 q*_mean=['0.000', '-1.129', '-26.422']
INFO PLAT_JUL29 DiffSolverV2 C[t=110] fitted: val_loss=0.003237 |Y_boot|=1.179 |A|=0.07004 Y_mean=-0.6146 q*_mean=['0.000', '-1.178', '-25.781']
INFO PLAT_JUL29 DiffSolverV2 C[t=109] fitted: val_loss=0.00334 |Y_boot|=1.181 |A|=0.06975 Y_mean=-0.6172 q*_mean=['0.000', '-1.459', '-25.024']
INFO PLAT_JUL29 DiffSolverV2 C[t=108] fitted: val_loss=0.003172 |Y_boot|=1.182 |A|=0.06995 Y_mean=-0.6178 q*_mean=['0.000', '-1.410', '-25.250']
INFO PLAT_JUL29 DiffSolverV2 C[t=107] fitted: val_loss=0.003233 |Y_boot|=1.18 |A|=0.07004 Y_mean=-0.6172 q*_mean=['0.000', '-1.031', '-24.933']
INFO PLAT_JUL29 DiffSolverV2 C[t=106] fitted: val_loss=0.003672 |Y_boot|=1.181 |A|=0.06996 Y_mean=-0.6179 q*_mean=['0.000', '-1.294', '-25.403']
INFO PLAT_JUL29 DiffSolverV2 C[t=105] fitted: val_loss=0.004587 |Y_boot|=1.181 |A|=0.06978 Y_mean=-0.6179 q*_mean=['0.000', '-1.398', '-24.200']
INFO PLAT_JUL29 DiffSolverV2 C[t=104] fitted: val_loss=0.005507 |Y_boot|=1.184 |A|=0.0698 Y_mean=-0.6211 q*_mean=['0.000', '-0.983', '-25.159']
INFO PLAT_JUL29 DiffSolverV2 C[t=103] fitted: val_loss=0.006102 |Y_boot|=1.183 |A|=0.0692 Y_mean=-0.6212 q*_mean=['0.000', '-0.934', '-24.799']
INFO PLAT_JUL29 DiffSolverV2 C[t=102] fitted: val_loss=0.005542 |Y_boot|=1.181 |A|=0.06911 Y_mean=-0.6222 q*_mean=['0.000', '-1.416', '-24.030']
INFO PLAT_JUL29 DiffSolverV2 C[t=101] fitted: val_loss=0.004625 |Y_boot|=1.181 |A|=0.0689 Y_mean=-0.6242 q*_mean=['0.000', '-1.349', '-24.457']
INFO PLAT_JUL29 DiffSolverV2 C[t=100] fitted: val_loss=0.006462 |Y_boot|=1.181 |A|=0.06912 Y_mean=-0.6235 q*_mean=['0.000', '-1.373', '-23.816']
INFO PLAT_JUL29 DiffSolverV2 C[t=99] fitted: val_loss=0.006365 |Y_boot|=1.18 |A|=0.06892 Y_mean=-0.623 q*_mean=['0.000', '-1.257', '-24.384']
INFO PLAT_JUL29 DiffSolverV2 C[t=98] fitted: val_loss=0.005955 |Y_boot|=1.174 |A|=0.06787 Y_mean=-0.6183 q*_mean=['0.000', '-1.611', '-24.164']
INFO PLAT_JUL29 DiffSolverV2 C[t=97] fitted: val_loss=0.007534 |Y_boot|=1.171 |A|=0.0676 Y_mean=-0.617 q*_mean=['0.000', '-1.465', '-24.396']
INFO PLAT_JUL29 DiffSolverV2 C[t=96] fitted: val_loss=0.008155 |Y_boot|=1.171 |A|=0.06708 Y_mean=-0.6176 q*_mean=['0.000', '-1.331', '-23.651']
INFO PLAT_JUL29 DiffSolverV2 C[t=95] fitted: val_loss=0.01036 |Y_boot|=1.166 |A|=0.0666 Y_mean=-0.6152 q*_mean=['0.000', '-1.312', '-22.888']
INFO PLAT_JUL29 DiffSolverV2 C[t=94] fitted: val_loss=0.009593 |Y_boot|=1.163 |A|=0.06734 Y_mean=-0.614 q*_mean=['0.000', '-1.263', '-23.291']
INFO PLAT_JUL29 DiffSolverV2 C[t=93] fitted: val_loss=0.009904 |Y_boot|=1.161 |A|=0.06667 Y_mean=-0.6106 q*_mean=['0.000', '-1.154', '-23.291']
INFO PLAT_JUL29 DiffSolverV2 C[t=92] fitted: val_loss=0.01223 |Y_boot|=1.16 |A|=0.06753 Y_mean=-0.6097 q*_mean=['0.000', '-1.343', '-23.413']
INFO PLAT_JUL29 DiffSolverV2 C[t=91] fitted: val_loss=0.01304 |Y_boot|=1.158 |A|=0.06756 Y_mean=-0.6061 q*_mean=['0.000', '-2.039', '-22.754']
INFO PLAT_JUL29 DiffSolverV2 C[t=90] fitted: val_loss=0.01435 |Y_boot|=1.153 |A|=0.06872 Y_mean=-0.6037 q*_mean=['0.000', '-1.788', '-22.998']
INFO PLAT_JUL29 DiffSolverV2 C[t=89] fitted: val_loss=0.01492 |Y_boot|=1.154 |A|=0.06729 Y_mean=-0.6021 q*_mean=['0.000', '-1.843', '-23.383']
INFO PLAT_JUL29 DiffSolverV2 C[t=88] fitted: val_loss=0.01444 |Y_boot|=1.15 |A|=0.06642 Y_mean=-0.5987 q*_mean=['0.000', '-1.813', '-22.253']
INFO PLAT_JUL29 DiffSolverV2 C[t=87] fitted: val_loss=0.01969 |Y_boot|=1.151 |A|=0.06715 Y_mean=-0.6002 q*_mean=['-25.757', '-1.886', '-22.357']
INFO PLAT_JUL29 DiffSolverV2 C[t=86] fitted: val_loss=0.01162 |Y_boot|=1.157 |A|=0.062 Y_mean=-0.6102 q*_mean=['-12.842', '-5.334', '-7.764']
INFO PLAT_JUL29 DiffSolverV2 C[t=85] fitted: val_loss=0.01376 |Y_boot|=1.157 |A|=0.05722 Y_mean=-0.6142 q*_mean=['-13.409', '-5.298', '-7.129']
INFO PLAT_JUL29 DiffSolverV2 C[t=84] fitted: val_loss=0.01182 |Y_boot|=1.154 |A|=0.05401 Y_mean=-0.6153 q*_mean=['-12.469', '-5.469', '-6.635']
INFO PLAT_JUL29 DiffSolverV2 C[t=83] fitted: val_loss=0.01422 |Y_boot|=1.147 |A|=0.05238 Y_mean=-0.6123 q*_mean=['-12.445', '-5.444', '-7.739']
INFO PLAT_JUL29 DiffSolverV2 C[t=82] fitted: val_loss=0.01384 |Y_boot|=1.142 |A|=0.05487 Y_mean=-0.6089 q*_mean=['-12.585', '-5.573', '-7.202']
INFO PLAT_JUL29 DiffSolverV2 C[t=81] fitted: val_loss=0.01267 |Y_boot|=1.136 |A|=0.05721 Y_mean=-0.6019 q*_mean=['-13.147', '-5.481', '-6.641']
INFO PLAT_JUL29 DiffSolverV2 C[t=80] fitted: val_loss=0.01275 |Y_boot|=1.131 |A|=0.05574 Y_mean=-0.5952 q*_mean=['-11.835', '-5.243', '-7.288']
INFO PLAT_JUL29 DiffSolverV2 C[t=79] fitted: val_loss=0.01155 |Y_boot|=1.127 |A|=0.05444 Y_mean=-0.5923 q*_mean=['-11.755', '-6.042', '-6.848']
INFO PLAT_JUL29 DiffSolverV2 C[t=78] fitted: val_loss=0.01242 |Y_boot|=1.127 |A|=0.05519 Y_mean=-0.5924 q*_mean=['-13.428', '-6.256', '-6.213']
INFO PLAT_JUL29 DiffSolverV2 C[t=77] fitted: val_loss=0.01372 |Y_boot|=1.123 |A|=0.05563 Y_mean=-0.5893 q*_mean=['-12.543', '-5.817', '-6.000']
INFO PLAT_JUL29 DiffSolverV2 C[t=76] fitted: val_loss=0.01321 |Y_boot|=1.122 |A|=0.05737 Y_mean=-0.5868 q*_mean=['-12.781', '-6.091', '-6.580']
INFO PLAT_JUL29 DiffSolverV2 C[t=75] fitted: val_loss=0.01188 |Y_boot|=1.12 |A|=0.05578 Y_mean=-0.5836 q*_mean=['-12.561', '-5.426', '-6.659']
INFO PLAT_JUL29 DiffSolverV2 C[t=74] fitted: val_loss=0.01531 |Y_boot|=1.117 |A|=0.05819 Y_mean=-0.5846 q*_mean=['-11.938', '-5.927', '-7.068']
INFO PLAT_JUL29 DiffSolverV2 C[t=73] fitted: val_loss=0.01197 |Y_boot|=1.118 |A|=0.05789 Y_mean=-0.584 q*_mean=['-12.836', '-5.139', '-6.702']
INFO PLAT_JUL29 DiffSolverV2 C[t=72] fitted: val_loss=0.01508 |Y_boot|=1.115 |A|=0.05857 Y_mean=-0.5838 q*_mean=['-11.987', '-5.371', '-6.891']
INFO PLAT_JUL29 DiffSolverV2 C[t=71] fitted: val_loss=0.01596 |Y_boot|=1.115 |A|=0.05866 Y_mean=-0.5824 q*_mean=['-11.633', '-6.360', '-7.288']
INFO PLAT_JUL29 DiffSolverV2 C[t=70] fitted: val_loss=0.01407 |Y_boot|=1.117 |A|=0.05895 Y_mean=-0.5828 q*_mean=['-12.402', '-5.255', '-7.227']
INFO PLAT_JUL29 DiffSolverV2 C[t=69] fitted: val_loss=0.0132 |Y_boot|=1.11 |A|=0.05754 Y_mean=-0.5761 q*_mean=['-12.982', '-5.157', '-6.903']
INFO PLAT_JUL29 DiffSolverV2 C[t=68] fitted: val_loss=0.01353 |Y_boot|=1.112 |A|=0.06245 Y_mean=-0.58 q*_mean=['-12.360', '-5.273', '-7.812']
INFO PLAT_JUL29 DiffSolverV2 C[t=67] fitted: val_loss=0.01269 |Y_boot|=1.113 |A|=0.06462 Y_mean=-0.5753 q*_mean=['-13.141', '-5.353', '-7.635']
INFO PLAT_JUL29 DiffSolverV2 C[t=66] fitted: val_loss=0.01307 |Y_boot|=1.112 |A|=0.06431 Y_mean=-0.572 q*_mean=['-12.872', '-5.573', '-7.251']
INFO PLAT_JUL29 DiffSolverV2 C[t=65] fitted: val_loss=0.01249 |Y_boot|=1.108 |A|=0.06033 Y_mean=-0.57 q*_mean=['-13.165', '-5.017', '-6.726']
INFO PLAT_JUL29 DiffSolverV2 C[t=64] fitted: val_loss=0.01349 |Y_boot|=1.104 |A|=0.06145 Y_mean=-0.5716 q*_mean=['-12.842', '-5.005', '-7.452']
INFO PLAT_JUL29 DiffSolverV2 C[t=63] fitted: val_loss=0.01291 |Y_boot|=1.101 |A|=0.06007 Y_mean=-0.5665 q*_mean=['-11.487', '-4.486', '-7.214']
INFO PLAT_JUL29 DiffSolverV2 C[t=62] fitted: val_loss=0.01254 |Y_boot|=1.101 |A|=0.05818 Y_mean=-0.5694 q*_mean=['-12.268', '-4.089', '-7.727']
INFO PLAT_JUL29 DiffSolverV2 C[t=61] fitted: val_loss=0.01418 |Y_boot|=1.102 |A|=0.05877 Y_mean=-0.5712 q*_mean=['-12.634', '-4.553', '-7.501']
INFO PLAT_JUL29 DiffSolverV2 C[t=60] fitted: val_loss=0.01467 |Y_boot|=1.097 |A|=0.06057 Y_mean=-0.5651 q*_mean=['-12.524', '-4.102', '-7.831']
INFO PLAT_JUL29 DiffSolverV2 C[t=59] fitted: val_loss=0.01443 |Y_boot|=1.092 |A|=0.06066 Y_mean=-0.56 q*_mean=['-12.109', '-4.114', '-8.148']
INFO PLAT_JUL29 DiffSolverV2 C[t=58] fitted: val_loss=0.01324 |Y_boot|=1.087 |A|=0.06089 Y_mean=-0.5564 q*_mean=['-11.243', '-4.712', '-7.886']
INFO PLAT_JUL29 DiffSolverV2 C[t=57] fitted: val_loss=0.0118 |Y_boot|=1.082 |A|=0.0587 Y_mean=-0.5533 q*_mean=['-12.408', '-3.918', '-7.758']
INFO PLAT_JUL29 DiffSolverV2 C[t=56] fitted: val_loss=0.01019 |Y_boot|=1.086 |A|=0.06133 Y_mean=-0.5589 q*_mean=['-11.786', '-4.797', '-7.410']
INFO PLAT_JUL29 DiffSolverV2 C[t=55] fitted: val_loss=0.01031 |Y_boot|=1.083 |A|=0.05814 Y_mean=-0.5549 q*_mean=['-12.701', '-4.559', '-7.770']
INFO PLAT_JUL29 DiffSolverV2 C[t=54] fitted: val_loss=0.01377 |Y_boot|=1.077 |A|=0.06143 Y_mean=-0.552 q*_mean=['-12.585', '-4.639', '-7.269']
INFO PLAT_JUL29 DiffSolverV2 C[t=53] fitted: val_loss=0.01073 |Y_boot|=1.075 |A|=0.06052 Y_mean=-0.5464 q*_mean=['-11.731', '-4.907', '-7.397']
INFO PLAT_JUL29 DiffSolverV2 C[t=52] fitted: val_loss=0.01305 |Y_boot|=1.075 |A|=0.05816 Y_mean=-0.5497 q*_mean=['-11.572', '-4.944', '-7.867']
INFO PLAT_JUL29 DiffSolverV2 C[t=51] fitted: val_loss=0.01229 |Y_boot|=1.074 |A|=0.0607 Y_mean=-0.5515 q*_mean=['-12.170', '-4.877', '-7.507']
INFO PLAT_JUL29 DiffSolverV2 C[t=50] fitted: val_loss=0.01246 |Y_boot|=1.07 |A|=0.06178 Y_mean=-0.5463 q*_mean=['-11.920', '-4.993', '-7.477']
INFO PLAT_JUL29 DiffSolverV2 C[t=49] fitted: val_loss=0.0116 |Y_boot|=1.066 |A|=0.06221 Y_mean=-0.5408 q*_mean=['-12.048', '-5.060', '-7.404']
INFO PLAT_JUL29 DiffSolverV2 C[t=48] fitted: val_loss=0.0116 |Y_boot|=1.068 |A|=0.06053 Y_mean=-0.5427 q*_mean=['-11.578', '-4.596', '-7.684']
INFO PLAT_JUL29 DiffSolverV2 C[t=47] fitted: val_loss=0.01508 |Y_boot|=1.068 |A|=0.06345 Y_mean=-0.5458 q*_mean=['-11.108', '-4.889', '-7.678']
INFO PLAT_JUL29 DiffSolverV2 C[t=46] fitted: val_loss=0.01197 |Y_boot|=1.069 |A|=0.06337 Y_mean=-0.5453 q*_mean=['-11.780', '-4.388', '-7.135']
INFO PLAT_JUL29 DiffSolverV2 C[t=45] fitted: val_loss=0.01382 |Y_boot|=1.067 |A|=0.06306 Y_mean=-0.5437 q*_mean=['-11.139', '-5.664', '-7.117']
INFO PLAT_JUL29 DiffSolverV2 C[t=44] fitted: val_loss=0.01548 |Y_boot|=1.069 |A|=0.06403 Y_mean=-0.5456 q*_mean=['-10.492', '-5.194', '-7.629']
INFO PLAT_JUL29 DiffSolverV2 C[t=43] fitted: val_loss=0.01297 |Y_boot|=1.064 |A|=0.06187 Y_mean=-0.5388 q*_mean=['-12.177', '-4.858', '-7.532']
INFO PLAT_JUL29 DiffSolverV2 C[t=42] fitted: val_loss=0.01464 |Y_boot|=1.061 |A|=0.05728 Y_mean=-0.537 q*_mean=['-10.779', '-5.383', '-7.513']
INFO PLAT_JUL29 DiffSolverV2 C[t=41] fitted: val_loss=0.01143 |Y_boot|=1.06 |A|=0.05905 Y_mean=-0.542 q*_mean=['-11.249', '-4.797', '-7.129']
INFO PLAT_JUL29 DiffSolverV2 C[t=40] fitted: val_loss=0.01123 |Y_boot|=1.058 |A|=0.06303 Y_mean=-0.5405 q*_mean=['-11.310', '-5.701', '-7.294']
INFO PLAT_JUL29 DiffSolverV2 C[t=39] fitted: val_loss=0.01176 |Y_boot|=1.054 |A|=0.0652 Y_mean=-0.5331 q*_mean=['-9.558', '-5.890', '-7.269']
INFO PLAT_JUL29 DiffSolverV2 C[t=38] fitted: val_loss=0.01364 |Y_boot|=1.047 |A|=0.06394 Y_mean=-0.5257 q*_mean=['-10.162', '-5.725', '-7.166']
INFO PLAT_JUL29 DiffSolverV2 C[t=37] fitted: val_loss=0.01226 |Y_boot|=1.044 |A|=0.06074 Y_mean=-0.5258 q*_mean=['-9.839', '-6.018', '-6.909']
INFO PLAT_JUL29 DiffSolverV2 C[t=36] fitted: val_loss=0.01265 |Y_boot|=1.04 |A|=0.05534 Y_mean=-0.5246 q*_mean=['-9.351', '-6.293', '-6.360']
INFO PLAT_JUL29 DiffSolverV2 C[t=35] fitted: val_loss=0.01207 |Y_boot|=1.04 |A|=0.05952 Y_mean=-0.531 q*_mean=['-9.106', '-6.549', '-6.915']
INFO PLAT_JUL29 DiffSolverV2 C[t=34] fitted: val_loss=0.01162 |Y_boot|=1.039 |A|=0.0605 Y_mean=-0.5259 q*_mean=['-9.192', '-7.410', '-5.530']
INFO PLAT_JUL29 DiffSolverV2 C[t=33] fitted: val_loss=0.01178 |Y_boot|=1.037 |A|=0.0636 Y_mean=-0.5225 q*_mean=['-7.928', '-7.861', '-4.474']
INFO PLAT_JUL29 DiffSolverV2 C[t=32] fitted: val_loss=0.01186 |Y_boot|=1.039 |A|=0.06291 Y_mean=-0.5206 q*_mean=['-7.867', '-8.569', '-4.523']
INFO PLAT_JUL29 DiffSolverV2 C[t=31] fitted: val_loss=0.01122 |Y_boot|=1.034 |A|=0.05722 Y_mean=-0.5171 q*_mean=['-7.751', '-9.778', '-3.503']
INFO PLAT_JUL29 DiffSolverV2 C[t=30] fitted: val_loss=0.01131 |Y_boot|=1.036 |A|=0.06074 Y_mean=-0.5245 q*_mean=['-7.330', '-10.059', '-3.027']
INFO PLAT_JUL29 DiffSolverV2 C[t=29] fitted: val_loss=0.01277 |Y_boot|=1.035 |A|=0.06094 Y_mean=-0.5202 q*_mean=['-6.635', '-11.188', '-2.466']
INFO PLAT_JUL29 DiffSolverV2 C[t=28] fitted: val_loss=0.01314 |Y_boot|=1.035 |A|=0.06117 Y_mean=-0.5242 q*_mean=['-5.804', '-22.162', '-3.162']
INFO PLAT_JUL29 DiffSolverV2 C[t=27] fitted: val_loss=0.01204 |Y_boot|=1.03 |A|=0.06339 Y_mean=-0.5214 q*_mean=['-5.566', '-23.218', '-2.814']
INFO PLAT_JUL29 DiffSolverV2 C[t=26] fitted: val_loss=0.01432 |Y_boot|=1.028 |A|=0.06263 Y_mean=-0.5183 q*_mean=['-5.969', '-23.785', '-2.747']
INFO PLAT_JUL29 DiffSolverV2 C[t=25] fitted: val_loss=0.01271 |Y_boot|=1.029 |A|=0.06354 Y_mean=-0.5208 q*_mean=['-5.872', '-24.841', '-2.496']
INFO PLAT_JUL29 DiffSolverV2 C[t=24] fitted: val_loss=0.01246 |Y_boot|=1.027 |A|=0.06167 Y_mean=-0.5187 q*_mean=['-5.585', '-25.165', '-2.588']
INFO PLAT_JUL29 DiffSolverV2 C[t=23] fitted: val_loss=0.01207 |Y_boot|=1.024 |A|=0.06228 Y_mean=-0.5172 q*_mean=['-5.560', '-25.195', '-2.808']
INFO PLAT_JUL29 DiffSolverV2 C[t=22] fitted: val_loss=0.01169 |Y_boot|=1.02 |A|=0.061 Y_mean=-0.5148 q*_mean=['-4.614', '-25.342', '-2.557']
INFO PLAT_JUL29 DiffSolverV2 C[t=21] fitted: val_loss=0.01084 |Y_boot|=1.017 |A|=0.06005 Y_mean=-0.5132 q*_mean=['-4.962', '-25.781', '-2.386']
INFO PLAT_JUL29 DiffSolverV2 C[t=20] fitted: val_loss=0.01558 |Y_boot|=1.019 |A|=0.06016 Y_mean=-0.5168 q*_mean=['-4.565', '-26.379', '-2.777']
INFO PLAT_JUL29 DiffSolverV2 C[t=19] fitted: val_loss=0.01041 |Y_boot|=1.016 |A|=0.06029 Y_mean=-0.515 q*_mean=['-4.474', '-26.221', '-3.156']
INFO PLAT_JUL29 DiffSolverV2 C[t=18] fitted: val_loss=0.0148 |Y_boot|=1.015 |A|=0.05948 Y_mean=-0.5152 q*_mean=['-4.498', '-25.958', '-3.967']
INFO PLAT_JUL29 DiffSolverV2 C[t=17] fitted: val_loss=0.01334 |Y_boot|=1.007 |A|=0.05976 Y_mean=-0.5063 q*_mean=['-3.687', '-25.226', '-5.151']
INFO PLAT_JUL29 DiffSolverV2 C[t=16] fitted: val_loss=0.01046 |Y_boot|=1.005 |A|=0.06377 Y_mean=-0.5044 q*_mean=['-3.864', '-21.753', '-8.514']
INFO PLAT_JUL29 DiffSolverV2 C[t=15] fitted: val_loss=0.01254 |Y_boot|=1.006 |A|=0.06472 Y_mean=-0.5025 q*_mean=['-4.382', '-13.049', '-17.407']
INFO PLAT_JUL29 DiffSolverV2 C[t=14] fitted: val_loss=0.01353 |Y_boot|=1.004 |A|=0.06532 Y_mean=-0.5012 q*_mean=['-3.961', '-6.201', '-24.432']
INFO PLAT_JUL29 DiffSolverV2 C[t=13] fitted: val_loss=0.01375 |Y_boot|=1.004 |A|=0.06483 Y_mean=-0.501 q*_mean=['-3.967', '-3.601', '-27.399']
INFO PLAT_JUL29 DiffSolverV2 C[t=12] fitted: val_loss=0.01203 |Y_boot|=1.002 |A|=0.06514 Y_mean=-0.5025 q*_mean=['-4.150', '-2.283', '-29.199']
INFO PLAT_JUL29 DiffSolverV2 C[t=11] fitted: val_loss=0.01342 |Y_boot|=0.9995 |A|=0.06181 Y_mean=-0.5019 q*_mean=['-2.850', '-2.209', '-29.456']
INFO PLAT_JUL29 DiffSolverV2 C[t=10] fitted: val_loss=0.01184 |Y_boot|=0.9998 |A|=0.06239 Y_mean=-0.5064 q*_mean=['-3.510', '-1.447', '-30.273']
INFO PLAT_JUL29 DiffSolverV2 C[t=9] fitted: val_loss=0.01229 |Y_boot|=1.002 |A|=0.06523 Y_mean=-0.5093 q*_mean=['-3.345', '-1.819', '-30.237']
INFO PLAT_JUL29 DiffSolverV2 C[t=8] fitted: val_loss=0.01318 |Y_boot|=1.002 |A|=0.06581 Y_mean=-0.5068 q*_mean=['-3.394', '-1.837', '-30.109']
INFO PLAT_JUL29 DiffSolverV2 C[t=7] fitted: val_loss=0.0138 |Y_boot|=1.005 |A|=0.06564 Y_mean=-0.5088 q*_mean=['-3.033', '-2.277', '-29.742']
INFO PLAT_JUL29 DiffSolverV2 C[t=6] fitted: val_loss=0.01273 |Y_boot|=1 |A|=0.06636 Y_mean=-0.5025 q*_mean=['-2.881', '-4.065', '-28.345']
INFO PLAT_JUL29 DiffSolverV2 C[t=5] fitted: val_loss=0.01447 |Y_boot|=1.001 |A|=0.06639 Y_mean=-0.5019 q*_mean=['-2.289', '-11.511', '-21.179']
INFO PLAT_JUL29 DiffSolverV2 C[t=4] fitted: val_loss=0.01333 |Y_boot|=0.9972 |A|=0.06566 Y_mean=-0.4981 q*_mean=['-1.813', '-30.383', '-2.277']
INFO PLAT_JUL29 DiffSolverV2 C[t=3] fitted: val_loss=0.01346 |Y_boot|=0.9903 |A|=0.06698 Y_mean=-0.4898 q*_mean=['-1.715', '-32.654', '-0.793']
INFO PLAT_JUL29 DiffSolverV2 C[t=2] fitted: val_loss=0.01512 |Y_boot|=0.9846 |A|=0.06614 Y_mean=-0.4802 q*_mean=['-1.270', '-33.002', '-0.623']
INFO PLAT_JUL29 DiffSolverV2 C[t=1] fitted: val_loss=0.01109 |Y_boot|=0.9733 |A|=0.06645 Y_mean=-0.4646 q*_mean=['-0.818', '-33.588', '-0.482']
INFO PLAT_JUL29 DiffSolverV2 C[t=0] fitted: val_loss=0.0135 |Y_boot|=0.9552 |A|=0.06619 Y_mean=-0.4408 q*_mean=['-0.275', '-33.679', '-0.671']
INFO PLAT_JUL29 DiffSolverV2 sweep complete: t=123→0 | max|Y_boot|=1.184 (BOUNDED) | V_0=-0.440818 | n_star@t=0=[-0.274658203125, -33.67919921875, -0.67138671875]
INFO PLAT_JUL29 DiffSolverV2 SAVED value fn to /home/vretiel/PycharmProjects/riskflow/artifacts/walk_forward/artifacts/walk_forward/driftless_gpu1/value_fn_202202_garch_s42.pt (V_0=-0.440818)
INFO PLAT_JUL29 DiffSolverV2 IN-SAMPLE vs OOS u(W_T): greedy IS=-0.58421 OOS=-0.54885 | textbook IS=-0.69845 OOS=-0.64313 (gap IS−OOS greedy=-0.03536 → overfit if large)
INFO PLAT_JUL29 DiffSolverV2 VERDICT (OUT-OF-SAMPLE rollout t=0→T over 1024 outer paths, start flat):
  policy    u(W_T)mean    W_T mean       W_T p5         W_T CVaR5
  greedy    -0.54885    +7.8986e+04   -6.1064e+05   -8.4435e+05
  textbook  -0.64313    +5.4120e+04   -6.4952e+05   -8.4070e+05
  nohedge   -0.86882    +5.5757e+04   -7.5589e+05   -9.6699e+05
  → on the OBJECTIVE E[u(W_T)]: beats no-hedge=True, beats textbook=True | tail(CVaR5) competitive w/ textbook=True
INFO PLAT_JUL29 DiffSolverV2 greedy positions: mean|q| per instrument=['5.55', '10.44', '10.63'] | q@t0=[-0.006103515625, -32.8125, -0.15869140625] | q@mid=[-11.529541015625, -5.609130859375, -7.0068359375] (textbook q@t0=[-7.872648239135742, -7.857102870941162, -7.5880208015441895])
INFO PLAT_JUL29 solve_hedge tracks: {'DiffSolverV2': -0.4408} | ladder holds=True
INFO PLAT_JUL29 === TRAIN 202202 seed=314 (fair=1016.87, strike=1008.87) ===
WARNING md_202201_garch_driftless Price Factor 'DiscountRate.USD-SOFR' not found in market data
INFO md_202201_garch_driftless Creating default Discount Factor(type='DiscountRate', name=('USD-SOFR',))
INFO PLAT_JUL29 liability scalars: total_leg_volume=2500.0 last_settlement_index=153
INFO PLAT_JUL29 utility_scale (symlog c) resolved to 820391.97
INFO PLAT_JUL29 DiffSolverV2 setup: n_hedge=3 active=[0, 1, 2] T_dec=124 (of 126 sim steps; last-live mtm=[-2]) B_outer=2048 levels=9 fit_iters=40 lr=0.002 | contract_size=[50.0, 50.0, 50.0] | q∈[[-50.0, -50.0, -50.0], [0.0, 0.0, 0.0]] total_abs_limit=50
INFO PLAT_JUL29 DiffSolverV2 inner forks: one_step=True (window {t, t+1} generation+pricing)
INFO PLAT_JUL29 DiffSolverV2 bank: market_dim=7 | swept W∈[-1.321e+06, 2.778e+06] mean=4.461e+04 std=4.592e+05 | q_rep(t=0)=[-7.870777130126953, -7.873619556427002, -7.5888190269470215]
INFO PLAT_JUL29 DiffSolverV2 action grid: K=165 actions (levels=9 ^ active=3)
INFO PLAT_JUL29 DiffSolverV2 C[t=123] fitted: val_loss=0.001917 |Y_boot|=1.159 |A|=0.02113 Y_mean=-0.6359 q*_mean=['0.000', '-0.671', '-26.282']
INFO PLAT_JUL29 DiffSolverV2 C[t=122] fitted: val_loss=0.001797 |Y_boot|=1.159 |A|=0.04893 Y_mean=-0.615 q*_mean=['0.000', '-0.836', '-26.495']
INFO PLAT_JUL29 DiffSolverV2 C[t=121] fitted: val_loss=0.001976 |Y_boot|=1.158 |A|=0.06582 Y_mean=-0.585 q*_mean=['0.000', '-0.946', '-26.764']
INFO PLAT_JUL29 DiffSolverV2 C[t=120] fitted: val_loss=0.002246 |Y_boot|=1.16 |A|=0.07051 Y_mean=-0.5696 q*_mean=['0.000', '-1.007', '-26.385']
INFO PLAT_JUL29 DiffSolverV2 C[t=119] fitted: val_loss=0.002297 |Y_boot|=1.161 |A|=0.07167 Y_mean=-0.5658 q*_mean=['0.000', '-1.007', '-26.770']
INFO PLAT_JUL29 DiffSolverV2 C[t=118] fitted: val_loss=0.002228 |Y_boot|=1.162 |A|=0.07163 Y_mean=-0.5657 q*_mean=['0.000', '-0.909', '-26.074']
INFO PLAT_JUL29 DiffSolverV2 C[t=117] fitted: val_loss=0.002032 |Y_boot|=1.162 |A|=0.0724 Y_mean=-0.5648 q*_mean=['0.000', '-1.135', '-26.221']
INFO PLAT_JUL29 DiffSolverV2 C[t=116] fitted: val_loss=0.001925 |Y_boot|=1.162 |A|=0.07158 Y_mean=-0.5647 q*_mean=['0.000', '-0.854', '-26.050']
INFO PLAT_JUL29 DiffSolverV2 C[t=115] fitted: val_loss=0.001756 |Y_boot|=1.163 |A|=0.07174 Y_mean=-0.5679 q*_mean=['0.000', '-0.690', '-26.129']
INFO PLAT_JUL29 DiffSolverV2 C[t=114] fitted: val_loss=0.00143 |Y_boot|=1.164 |A|=0.07615 Y_mean=-0.5689 q*_mean=['0.000', '-0.769', '-26.373']
INFO PLAT_JUL29 DiffSolverV2 C[t=113] fitted: val_loss=0.002251 |Y_boot|=1.161 |A|=0.0725 Y_mean=-0.5653 q*_mean=['0.000', '-0.818', '-26.404']
INFO PLAT_JUL29 DiffSolverV2 C[t=112] fitted: val_loss=0.002308 |Y_boot|=1.164 |A|=0.07137 Y_mean=-0.5686 q*_mean=['0.000', '-0.897', '-26.050']
INFO PLAT_JUL29 DiffSolverV2 C[t=111] fitted: val_loss=0.002338 |Y_boot|=1.164 |A|=0.07073 Y_mean=-0.5703 q*_mean=['0.000', '-0.995', '-26.080']
INFO PLAT_JUL29 DiffSolverV2 C[t=110] fitted: val_loss=0.002482 |Y_boot|=1.165 |A|=0.06999 Y_mean=-0.5717 q*_mean=['0.000', '-0.952', '-25.757']
INFO PLAT_JUL29 DiffSolverV2 C[t=109] fitted: val_loss=0.002374 |Y_boot|=1.165 |A|=0.07004 Y_mean=-0.5731 q*_mean=['0.000', '-1.343', '-25.641']
INFO PLAT_JUL29 DiffSolverV2 C[t=108] fitted: val_loss=0.002549 |Y_boot|=1.165 |A|=0.0694 Y_mean=-0.5743 q*_mean=['0.000', '-1.215', '-25.134']
INFO PLAT_JUL29 DiffSolverV2 C[t=107] fitted: val_loss=0.002982 |Y_boot|=1.165 |A|=0.06914 Y_mean=-0.5746 q*_mean=['0.000', '-1.160', '-25.018']
INFO PLAT_JUL29 DiffSolverV2 C[t=106] fitted: val_loss=0.00334 |Y_boot|=1.162 |A|=0.06858 Y_mean=-0.5733 q*_mean=['0.000', '-0.787', '-25.952']
INFO PLAT_JUL29 DiffSolverV2 C[t=105] fitted: val_loss=0.004542 |Y_boot|=1.162 |A|=0.06933 Y_mean=-0.5746 q*_mean=['0.000', '-0.848', '-25.031']
INFO PLAT_JUL29 DiffSolverV2 C[t=104] fitted: val_loss=0.004505 |Y_boot|=1.16 |A|=0.06875 Y_mean=-0.572 q*_mean=['0.000', '-1.312', '-24.591']
INFO PLAT_JUL29 DiffSolverV2 C[t=103] fitted: val_loss=0.005502 |Y_boot|=1.161 |A|=0.06887 Y_mean=-0.5745 q*_mean=['0.000', '-1.239', '-25.024']
INFO PLAT_JUL29 DiffSolverV2 C[t=102] fitted: val_loss=0.004903 |Y_boot|=1.161 |A|=0.06926 Y_mean=-0.5737 q*_mean=['0.000', '-1.221', '-25.153']
INFO PLAT_JUL29 DiffSolverV2 C[t=101] fitted: val_loss=0.005944 |Y_boot|=1.161 |A|=0.06863 Y_mean=-0.5734 q*_mean=['0.000', '-1.483', '-24.860']
INFO PLAT_JUL29 DiffSolverV2 C[t=100] fitted: val_loss=0.005574 |Y_boot|=1.159 |A|=0.06827 Y_mean=-0.5721 q*_mean=['0.000', '-1.086', '-25.275']
INFO PLAT_JUL29 DiffSolverV2 C[t=99] fitted: val_loss=0.005996 |Y_boot|=1.159 |A|=0.06876 Y_mean=-0.5726 q*_mean=['0.000', '-1.172', '-24.701']
INFO PLAT_JUL29 DiffSolverV2 C[t=98] fitted: val_loss=0.006421 |Y_boot|=1.159 |A|=0.06732 Y_mean=-0.5705 q*_mean=['0.000', '-1.086', '-24.866']
INFO PLAT_JUL29 DiffSolverV2 C[t=97] fitted: val_loss=0.008381 |Y_boot|=1.155 |A|=0.06719 Y_mean=-0.5704 q*_mean=['0.000', '-1.599', '-24.554']
INFO PLAT_JUL29 DiffSolverV2 C[t=96] fitted: val_loss=0.007403 |Y_boot|=1.15 |A|=0.06689 Y_mean=-0.565 q*_mean=['0.000', '-1.282', '-24.628']
INFO PLAT_JUL29 DiffSolverV2 C[t=95] fitted: val_loss=0.008302 |Y_boot|=1.151 |A|=0.06761 Y_mean=-0.5672 q*_mean=['0.000', '-1.355', '-24.213']
INFO PLAT_JUL29 DiffSolverV2 C[t=94] fitted: val_loss=0.008692 |Y_boot|=1.151 |A|=0.06811 Y_mean=-0.5655 q*_mean=['0.000', '-1.447', '-23.712']
INFO PLAT_JUL29 DiffSolverV2 C[t=93] fitted: val_loss=0.0111 |Y_boot|=1.154 |A|=0.06846 Y_mean=-0.5692 q*_mean=['0.000', '-1.483', '-23.633']
INFO PLAT_JUL29 DiffSolverV2 C[t=92] fitted: val_loss=0.01233 |Y_boot|=1.151 |A|=0.06688 Y_mean=-0.5664 q*_mean=['0.000', '-1.660', '-23.657']
INFO PLAT_JUL29 DiffSolverV2 C[t=91] fitted: val_loss=0.0136 |Y_boot|=1.152 |A|=0.06745 Y_mean=-0.5669 q*_mean=['0.000', '-1.312', '-23.291']
INFO PLAT_JUL29 DiffSolverV2 C[t=90] fitted: val_loss=0.01146 |Y_boot|=1.144 |A|=0.06573 Y_mean=-0.5584 q*_mean=['0.000', '-1.331', '-23.578']
INFO PLAT_JUL29 DiffSolverV2 C[t=89] fitted: val_loss=0.01435 |Y_boot|=1.14 |A|=0.06625 Y_mean=-0.5568 q*_mean=['0.000', '-1.166', '-23.468']
INFO PLAT_JUL29 DiffSolverV2 C[t=88] fitted: val_loss=0.01511 |Y_boot|=1.14 |A|=0.06687 Y_mean=-0.5544 q*_mean=['0.000', '-1.941', '-23.401']
INFO PLAT_JUL29 DiffSolverV2 C[t=87] fitted: val_loss=0.01373 |Y_boot|=1.133 |A|=0.06629 Y_mean=-0.5477 q*_mean=['-25.610', '-1.294', '-23.096']
INFO PLAT_JUL29 DiffSolverV2 C[t=86] fitted: val_loss=0.01353 |Y_boot|=1.135 |A|=0.06207 Y_mean=-0.5552 q*_mean=['-12.646', '-4.559', '-8.508']
INFO PLAT_JUL29 DiffSolverV2 C[t=85] fitted: val_loss=0.01314 |Y_boot|=1.129 |A|=0.05905 Y_mean=-0.5529 q*_mean=['-11.975', '-4.828', '-8.643']
INFO PLAT_JUL29 DiffSolverV2 C[t=84] fitted: val_loss=0.01197 |Y_boot|=1.124 |A|=0.05605 Y_mean=-0.551 q*_mean=['-11.517', '-4.572', '-8.234']
INFO PLAT_JUL29 DiffSolverV2 C[t=83] fitted: val_loss=0.01587 |Y_boot|=1.12 |A|=0.05917 Y_mean=-0.5498 q*_mean=['-12.250', '-4.608', '-8.319']
INFO PLAT_JUL29 DiffSolverV2 C[t=82] fitted: val_loss=0.01144 |Y_boot|=1.12 |A|=0.06092 Y_mean=-0.5462 q*_mean=['-12.915', '-4.669', '-7.257']
INFO PLAT_JUL29 DiffSolverV2 C[t=81] fitted: val_loss=0.01146 |Y_boot|=1.119 |A|=0.06228 Y_mean=-0.5447 q*_mean=['-12.805', '-4.443', '-7.837']
INFO PLAT_JUL29 DiffSolverV2 C[t=80] fitted: val_loss=0.01266 |Y_boot|=1.119 |A|=0.06254 Y_mean=-0.5431 q*_mean=['-12.695', '-4.773', '-7.855']
INFO PLAT_JUL29 DiffSolverV2 C[t=79] fitted: val_loss=0.01395 |Y_boot|=1.116 |A|=0.06357 Y_mean=-0.5412 q*_mean=['-13.074', '-4.889', '-7.587']
INFO PLAT_JUL29 DiffSolverV2 C[t=78] fitted: val_loss=0.01349 |Y_boot|=1.117 |A|=0.06182 Y_mean=-0.5413 q*_mean=['-11.877', '-4.572', '-7.477']
INFO PLAT_JUL29 DiffSolverV2 C[t=77] fitted: val_loss=0.01087 |Y_boot|=1.115 |A|=0.06296 Y_mean=-0.5423 q*_mean=['-13.196', '-5.145', '-7.684']
INFO PLAT_JUL29 DiffSolverV2 C[t=76] fitted: val_loss=0.01163 |Y_boot|=1.114 |A|=0.05714 Y_mean=-0.5417 q*_mean=['-13.416', '-4.510', '-7.489']
INFO PLAT_JUL29 DiffSolverV2 C[t=75] fitted: val_loss=0.01156 |Y_boot|=1.112 |A|=0.06278 Y_mean=-0.5487 q*_mean=['-12.189', '-4.907', '-7.129']
INFO PLAT_JUL29 DiffSolverV2 C[t=74] fitted: val_loss=0.01093 |Y_boot|=1.111 |A|=0.06065 Y_mean=-0.5426 q*_mean=['-13.037', '-5.103', '-7.703']
INFO PLAT_JUL29 DiffSolverV2 C[t=73] fitted: val_loss=0.01398 |Y_boot|=1.112 |A|=0.0593 Y_mean=-0.5441 q*_mean=['-13.367', '-4.675', '-7.874']
INFO PLAT_JUL29 DiffSolverV2 C[t=72] fitted: val_loss=0.01294 |Y_boot|=1.113 |A|=0.06095 Y_mean=-0.5475 q*_mean=['-11.810', '-4.395', '-7.697']
INFO PLAT_JUL29 DiffSolverV2 C[t=71] fitted: val_loss=0.01128 |Y_boot|=1.113 |A|=0.06232 Y_mean=-0.5462 q*_mean=['-12.219', '-4.535', '-7.159']
INFO PLAT_JUL29 DiffSolverV2 C[t=70] fitted: val_loss=0.01358 |Y_boot|=1.114 |A|=0.06265 Y_mean=-0.5448 q*_mean=['-13.153', '-4.047', '-7.758']
INFO PLAT_JUL29 DiffSolverV2 C[t=69] fitted: val_loss=0.0124 |Y_boot|=1.11 |A|=0.06224 Y_mean=-0.5418 q*_mean=['-12.384', '-4.407', '-7.849']
INFO PLAT_JUL29 DiffSolverV2 C[t=68] fitted: val_loss=0.01216 |Y_boot|=1.11 |A|=0.06296 Y_mean=-0.5432 q*_mean=['-12.384', '-5.243', '-7.605']
INFO PLAT_JUL29 DiffSolverV2 C[t=67] fitted: val_loss=0.01178 |Y_boot|=1.105 |A|=0.06004 Y_mean=-0.5405 q*_mean=['-12.280', '-4.993', '-7.770']
INFO PLAT_JUL29 DiffSolverV2 C[t=66] fitted: val_loss=0.01355 |Y_boot|=1.1 |A|=0.05883 Y_mean=-0.5396 q*_mean=['-12.097', '-3.973', '-8.325']
INFO PLAT_JUL29 DiffSolverV2 C[t=65] fitted: val_loss=0.01213 |Y_boot|=1.099 |A|=0.0598 Y_mean=-0.5394 q*_mean=['-12.891', '-3.375', '-7.452']
INFO PLAT_JUL29 DiffSolverV2 C[t=64] fitted: val_loss=0.01314 |Y_boot|=1.099 |A|=0.0607 Y_mean=-0.5384 q*_mean=['-12.274', '-4.474', '-8.282']
INFO PLAT_JUL29 DiffSolverV2 C[t=63] fitted: val_loss=0.01015 |Y_boot|=1.097 |A|=0.05915 Y_mean=-0.5363 q*_mean=['-11.566', '-4.700', '-7.678']
INFO PLAT_JUL29 DiffSolverV2 C[t=62] fitted: val_loss=0.013 |Y_boot|=1.093 |A|=0.05637 Y_mean=-0.5345 q*_mean=['-11.951', '-4.688', '-8.282']
INFO PLAT_JUL29 DiffSolverV2 C[t=61] fitted: val_loss=0.01211 |Y_boot|=1.091 |A|=0.05227 Y_mean=-0.5332 q*_mean=['-12.054', '-4.266', '-8.179']
INFO PLAT_JUL29 DiffSolverV2 C[t=60] fitted: val_loss=0.01493 |Y_boot|=1.091 |A|=0.0546 Y_mean=-0.5379 q*_mean=['-12.115', '-4.535', '-7.837']
INFO PLAT_JUL29 DiffSolverV2 C[t=59] fitted: val_loss=0.01564 |Y_boot|=1.087 |A|=0.05638 Y_mean=-0.5326 q*_mean=['-11.517', '-3.656', '-9.125']
INFO PLAT_JUL29 DiffSolverV2 C[t=58] fitted: val_loss=0.0127 |Y_boot|=1.085 |A|=0.05769 Y_mean=-0.53 q*_mean=['-12.085', '-4.584', '-8.478']
INFO PLAT_JUL29 DiffSolverV2 C[t=57] fitted: val_loss=0.01178 |Y_boot|=1.085 |A|=0.05996 Y_mean=-0.5291 q*_mean=['-12.164', '-4.639', '-8.350']
INFO PLAT_JUL29 DiffSolverV2 C[t=56] fitted: val_loss=0.01258 |Y_boot|=1.084 |A|=0.06089 Y_mean=-0.5267 q*_mean=['-11.737', '-4.071', '-8.704']
INFO PLAT_JUL29 DiffSolverV2 C[t=55] fitted: val_loss=0.01245 |Y_boot|=1.085 |A|=0.061 Y_mean=-0.5276 q*_mean=['-12.384', '-4.431', '-8.502']
INFO PLAT_JUL29 DiffSolverV2 C[t=54] fitted: val_loss=0.01434 |Y_boot|=1.083 |A|=0.06001 Y_mean=-0.5249 q*_mean=['-11.304', '-4.144', '-8.453']
INFO PLAT_JUL29 DiffSolverV2 C[t=53] fitted: val_loss=0.0141 |Y_boot|=1.08 |A|=0.05801 Y_mean=-0.5244 q*_mean=['-11.096', '-4.572', '-8.734']
INFO PLAT_JUL29 DiffSolverV2 C[t=52] fitted: val_loss=0.01293 |Y_boot|=1.075 |A|=0.05492 Y_mean=-0.5222 q*_mean=['-11.414', '-4.932', '-9.088']
INFO PLAT_JUL29 DiffSolverV2 C[t=51] fitted: val_loss=0.01338 |Y_boot|=1.07 |A|=0.05566 Y_mean=-0.5224 q*_mean=['-10.614', '-4.364', '-9.448']
INFO PLAT_JUL29 DiffSolverV2 C[t=50] fitted: val_loss=0.01288 |Y_boot|=1.067 |A|=0.05764 Y_mean=-0.5223 q*_mean=['-10.834', '-5.011', '-8.398']
INFO PLAT_JUL29 DiffSolverV2 C[t=49] fitted: val_loss=0.0135 |Y_boot|=1.071 |A|=0.05899 Y_mean=-0.5253 q*_mean=['-10.321', '-5.280', '-8.624']
INFO PLAT_JUL29 DiffSolverV2 C[t=48] fitted: val_loss=0.01225 |Y_boot|=1.068 |A|=0.05923 Y_mean=-0.5217 q*_mean=['-10.297', '-5.383', '-8.820']
INFO PLAT_JUL29 DiffSolverV2 C[t=47] fitted: val_loss=0.01153 |Y_boot|=1.067 |A|=0.05789 Y_mean=-0.5209 q*_mean=['-10.870', '-5.365', '-8.368']
INFO PLAT_JUL29 DiffSolverV2 C[t=46] fitted: val_loss=0.01365 |Y_boot|=1.067 |A|=0.05739 Y_mean=-0.5235 q*_mean=['-8.960', '-5.377', '-8.490']
INFO PLAT_JUL29 DiffSolverV2 C[t=45] fitted: val_loss=0.01398 |Y_boot|=1.064 |A|=0.05967 Y_mean=-0.522 q*_mean=['-10.895', '-5.542', '-8.533']
INFO PLAT_JUL29 DiffSolverV2 C[t=44] fitted: val_loss=0.01256 |Y_boot|=1.06 |A|=0.05919 Y_mean=-0.5163 q*_mean=['-9.717', '-5.347', '-8.734']
INFO PLAT_JUL29 DiffSolverV2 C[t=43] fitted: val_loss=0.01378 |Y_boot|=1.055 |A|=0.05731 Y_mean=-0.5126 q*_mean=['-10.016', '-5.511', '-8.496']
INFO PLAT_JUL29 DiffSolverV2 C[t=42] fitted: val_loss=0.01335 |Y_boot|=1.054 |A|=0.05728 Y_mean=-0.5133 q*_mean=['-9.570', '-5.383', '-8.423']
INFO PLAT_JUL29 DiffSolverV2 C[t=41] fitted: val_loss=0.0137 |Y_boot|=1.052 |A|=0.05658 Y_mean=-0.5138 q*_mean=['-9.064', '-6.256', '-8.063']
INFO PLAT_JUL29 DiffSolverV2 C[t=40] fitted: val_loss=0.01195 |Y_boot|=1.049 |A|=0.05811 Y_mean=-0.5128 q*_mean=['-9.839', '-6.555', '-7.874']
INFO PLAT_JUL29 DiffSolverV2 C[t=39] fitted: val_loss=0.01636 |Y_boot|=1.046 |A|=0.0601 Y_mean=-0.509 q*_mean=['-9.265', '-6.085', '-7.471']
INFO PLAT_JUL29 DiffSolverV2 C[t=38] fitted: val_loss=0.01293 |Y_boot|=1.044 |A|=0.05963 Y_mean=-0.5055 q*_mean=['-9.088', '-7.385', '-7.202']
INFO PLAT_JUL29 DiffSolverV2 C[t=37] fitted: val_loss=0.01004 |Y_boot|=1.04 |A|=0.05869 Y_mean=-0.504 q*_mean=['-8.539', '-7.294', '-6.622']
INFO PLAT_JUL29 DiffSolverV2 C[t=36] fitted: val_loss=0.0134 |Y_boot|=1.038 |A|=0.05947 Y_mean=-0.5018 q*_mean=['-7.977', '-7.446', '-7.019']
INFO PLAT_JUL29 DiffSolverV2 C[t=35] fitted: val_loss=0.01233 |Y_boot|=1.034 |A|=0.05961 Y_mean=-0.4968 q*_mean=['-7.294', '-7.904', '-6.390']
INFO PLAT_JUL29 DiffSolverV2 C[t=34] fitted: val_loss=0.01118 |Y_boot|=1.033 |A|=0.05903 Y_mean=-0.4969 q*_mean=['-7.202', '-8.960', '-5.536']
INFO PLAT_JUL29 DiffSolverV2 C[t=33] fitted: val_loss=0.01283 |Y_boot|=1.032 |A|=0.0611 Y_mean=-0.4963 q*_mean=['-7.623', '-8.765', '-5.627']
INFO PLAT_JUL29 DiffSolverV2 C[t=32] fitted: val_loss=0.01133 |Y_boot|=1.03 |A|=0.06032 Y_mean=-0.4939 q*_mean=['-7.391', '-9.229', '-4.840']
INFO PLAT_JUL29 DiffSolverV2 C[t=31] fitted: val_loss=0.01146 |Y_boot|=1.026 |A|=0.06014 Y_mean=-0.4908 q*_mean=['-6.964', '-9.735', '-4.095']
INFO PLAT_JUL29 DiffSolverV2 C[t=30] fitted: val_loss=0.01029 |Y_boot|=1.022 |A|=0.06037 Y_mean=-0.4893 q*_mean=['-6.281', '-10.004', '-3.577']
INFO PLAT_JUL29 DiffSolverV2 C[t=29] fitted: val_loss=0.01115 |Y_boot|=1.019 |A|=0.06036 Y_mean=-0.4862 q*_mean=['-6.110', '-11.530', '-2.893']
INFO PLAT_JUL29 DiffSolverV2 C[t=28] fitted: val_loss=0.0103 |Y_boot|=1.018 |A|=0.05423 Y_mean=-0.4875 q*_mean=['-6.018', '-21.472', '-3.308']
INFO PLAT_JUL29 DiffSolverV2 C[t=27] fitted: val_loss=0.01273 |Y_boot|=1.018 |A|=0.05404 Y_mean=-0.4931 q*_mean=['-5.353', '-22.205', '-3.107']
INFO PLAT_JUL29 DiffSolverV2 C[t=26] fitted: val_loss=0.0138 |Y_boot|=1.017 |A|=0.05509 Y_mean=-0.4926 q*_mean=['-5.804', '-22.900', '-2.979']
INFO PLAT_JUL29 DiffSolverV2 C[t=25] fitted: val_loss=0.01102 |Y_boot|=1.017 |A|=0.05546 Y_mean=-0.4936 q*_mean=['-6.189', '-22.339', '-3.107']
INFO PLAT_JUL29 DiffSolverV2 C[t=24] fitted: val_loss=0.01306 |Y_boot|=1.015 |A|=0.05994 Y_mean=-0.4928 q*_mean=['-6.506', '-23.083', '-2.356']
INFO PLAT_JUL29 DiffSolverV2 C[t=23] fitted: val_loss=0.01189 |Y_boot|=1.017 |A|=0.06332 Y_mean=-0.4914 q*_mean=['-6.012', '-23.602', '-2.112']
INFO PLAT_JUL29 DiffSolverV2 C[t=22] fitted: val_loss=0.01032 |Y_boot|=1.018 |A|=0.06232 Y_mean=-0.4901 q*_mean=['-5.969', '-24.762', '-1.758']
INFO PLAT_JUL29 DiffSolverV2 C[t=21] fitted: val_loss=0.01217 |Y_boot|=1.018 |A|=0.0644 Y_mean=-0.492 q*_mean=['-5.890', '-23.969', '-2.258']
INFO PLAT_JUL29 DiffSolverV2 C[t=20] fitted: val_loss=0.01536 |Y_boot|=1.016 |A|=0.0635 Y_mean=-0.4888 q*_mean=['-5.951', '-25.439', '-2.386']
INFO PLAT_JUL29 DiffSolverV2 C[t=19] fitted: val_loss=0.01034 |Y_boot|=1.012 |A|=0.06414 Y_mean=-0.4877 q*_mean=['-5.243', '-25.018', '-2.551']
INFO PLAT_JUL29 DiffSolverV2 C[t=18] fitted: val_loss=0.01302 |Y_boot|=1.01 |A|=0.06329 Y_mean=-0.4866 q*_mean=['-5.267', '-24.585', '-3.516']
INFO PLAT_JUL29 DiffSolverV2 C[t=17] fitted: val_loss=0.01257 |Y_boot|=1.013 |A|=0.063 Y_mean=-0.491 q*_mean=['-4.517', '-23.053', '-5.469']
INFO PLAT_JUL29 DiffSolverV2 C[t=16] fitted: val_loss=0.01195 |Y_boot|=1.011 |A|=0.06102 Y_mean=-0.4893 q*_mean=['-5.273', '-19.830', '-8.807']
INFO PLAT_JUL29 DiffSolverV2 C[t=15] fitted: val_loss=0.01164 |Y_boot|=1.008 |A|=0.06093 Y_mean=-0.4879 q*_mean=['-4.443', '-13.129', '-15.796']
INFO PLAT_JUL29 DiffSolverV2 C[t=14] fitted: val_loss=0.01247 |Y_boot|=1.007 |A|=0.06186 Y_mean=-0.4856 q*_mean=['-3.986', '-5.780', '-23.352']
INFO PLAT_JUL29 DiffSolverV2 C[t=13] fitted: val_loss=0.0137 |Y_boot|=1.007 |A|=0.06351 Y_mean=-0.4843 q*_mean=['-4.816', '-2.936', '-26.361']
INFO PLAT_JUL29 DiffSolverV2 C[t=12] fitted: val_loss=0.01234 |Y_boot|=1.006 |A|=0.06361 Y_mean=-0.4821 q*_mean=['-4.095', '-2.380', '-27.533']
INFO PLAT_JUL29 DiffSolverV2 C[t=11] fitted: val_loss=0.01196 |Y_boot|=1.007 |A|=0.06466 Y_mean=-0.4847 q*_mean=['-3.778', '-1.672', '-28.198']
INFO PLAT_JUL29 DiffSolverV2 C[t=10] fitted: val_loss=0.01262 |Y_boot|=1.007 |A|=0.06649 Y_mean=-0.4834 q*_mean=['-3.754', '-1.678', '-29.059']
INFO PLAT_JUL29 DiffSolverV2 C[t=9] fitted: val_loss=0.01097 |Y_boot|=1.007 |A|=0.06698 Y_mean=-0.4818 q*_mean=['-3.229', '-1.276', '-29.291']
INFO PLAT_JUL29 DiffSolverV2 C[t=8] fitted: val_loss=0.01138 |Y_boot|=1.005 |A|=0.06624 Y_mean=-0.4814 q*_mean=['-3.296', '-1.703', '-29.071']
INFO PLAT_JUL29 DiffSolverV2 C[t=7] fitted: val_loss=0.01355 |Y_boot|=1.006 |A|=0.06567 Y_mean=-0.4843 q*_mean=['-3.168', '-2.045', '-28.790']
INFO PLAT_JUL29 DiffSolverV2 C[t=6] fitted: val_loss=0.01349 |Y_boot|=0.9998 |A|=0.06457 Y_mean=-0.4806 q*_mean=['-2.692', '-3.613', '-27.826']
INFO PLAT_JUL29 DiffSolverV2 C[t=5] fitted: val_loss=0.01342 |Y_boot|=1.003 |A|=0.06638 Y_mean=-0.4835 q*_mean=['-2.539', '-10.492', '-20.929']
INFO PLAT_JUL29 DiffSolverV2 C[t=4] fitted: val_loss=0.0181 |Y_boot|=0.9967 |A|=0.06672 Y_mean=-0.4744 q*_mean=['-2.032', '-28.888', '-2.667']
INFO PLAT_JUL29 DiffSolverV2 C[t=3] fitted: val_loss=0.01671 |Y_boot|=0.9905 |A|=0.06613 Y_mean=-0.4673 q*_mean=['-1.453', '-31.134', '-0.879']
INFO PLAT_JUL29 DiffSolverV2 C[t=2] fitted: val_loss=0.01448 |Y_boot|=0.9845 |A|=0.06624 Y_mean=-0.4583 q*_mean=['-1.331', '-31.769', '-0.342']
INFO PLAT_JUL29 DiffSolverV2 C[t=1] fitted: val_loss=0.01718 |Y_boot|=0.9757 |A|=0.0671 Y_mean=-0.4429 q*_mean=['-0.574', '-32.196', '-0.446']
INFO PLAT_JUL29 DiffSolverV2 C[t=0] fitted: val_loss=0.01153 |Y_boot|=0.9646 |A|=0.06817 Y_mean=-0.4256 q*_mean=['-0.049', '-32.556', '-0.427']
INFO PLAT_JUL29 DiffSolverV2 sweep complete: t=123→0 | max|Y_boot|=1.165 (BOUNDED) | V_0=-0.425619 | n_star@t=0=[-0.048828125, -32.55615234375, -0.42724609375]
INFO PLAT_JUL29 DiffSolverV2 SAVED value fn to /home/vretiel/PycharmProjects/riskflow/artifacts/walk_forward/artifacts/walk_forward/driftless_gpu1/value_fn_202202_garch_s314.pt (V_0=-0.425619)
INFO PLAT_JUL29 DiffSolverV2 IN-SAMPLE vs OOS u(W_T): greedy IS=-0.52397 OOS=-0.55487 | textbook IS=-0.65207 OOS=-0.66423 (gap IS−OOS greedy=+0.03090 → overfit if large)
INFO PLAT_JUL29 DiffSolverV2 VERDICT (OUT-OF-SAMPLE rollout t=0→T over 1024 outer paths, start flat):
  policy    u(W_T)mean    W_T mean       W_T p5         W_T CVaR5
  greedy    -0.55487    +7.8106e+04   -6.3966e+05   -8.1119e+05
  textbook  -0.66423    +4.5066e+04   -6.5710e+05   -7.9239e+05
  nohedge   -0.92809    +4.6079e+04   -7.7039e+05   -9.2698e+05
  → on the OBJECTIVE E[u(W_T)]: beats no-hedge=True, beats textbook=True | tail(CVaR5) competitive w/ textbook=True
INFO PLAT_JUL29 DiffSolverV2 greedy positions: mean|q| per instrument=['5.46', '9.99', '11.16'] | q@t0=[-0.2197265625, -31.103515625, -0.250244140625] | q@mid=[-10.565185546875, -5.224609375, -8.599853515625] (textbook q@t0=[-7.870777130126953, -7.873619556427002, -7.5888190269470215])
INFO PLAT_JUL29 solve_hedge tracks: {'DiffSolverV2': -0.4256} | ladder holds=True
INFO PLAT_JUL29 === ROLL 202202 (stepper, realized path, 3-seed ensemble, inner=512) ===
WARNING md_202201_garch_driftless Price Factor 'DiscountRate.USD-SOFR' not found in market data
INFO md_202201_garch_driftless Creating default Discount Factor(type='DiscountRate', name=('USD-SOFR',))
INFO PLAT_JUL29 Observed_Scenario substituted 2 factor(s): ['CommodityPrice.PLATINUM_CME', 'CommodityBasis.LME_CME']
INFO PLAT_JUL29 liability scalars: total_leg_volume=2500.0 last_settlement_index=153
INFO PLAT_JUL29 utility_scale (symlog c) resolved to 503955.67
INFO PLAT_JUL29 DiffSolverV2 setup: n_hedge=3 active=[0, 1, 2] T_dec=124 (of 126 sim steps; last-live mtm=[-2]) B_outer=1 levels=9 fit_iters=60 lr=0.002 | contract_size=[50.0, 50.0, 50.0] | q∈[[-50.0, -50.0, -50.0], [0.0, 0.0, 0.0]] total_abs_limit=50
INFO PLAT_JUL29 DiffSolverV2 inner forks: one_step=True (window {t, t+1} generation+pricing)
/home/vretiel/PycharmProjects/riskflow/riskflow/hedge_solver.py:625: UserWarning: var(): degrees of freedom is <= 0. Correction should be strictly less than the reduction factor (input numel divided by output numel). (Triggered internally at /pytorch/aten/src/ATen/native/ReduceOps.cpp:1839.)
  var = dF.var()
INFO PLAT_JUL29 DiffSolverV2 bank: market_dim=7 | swept W∈[-1.942e+05, 3.021e+05] mean=-1.527e+04 std=1.078e+05 | q_rep(t=0)=[0.0, 0.0, 0.0]
INFO PLAT_JUL29 DiffSolverV2 LOADED value fn from /home/vretiel/PycharmProjects/riskflow/artifacts/walk_forward/artifacts/walk_forward/driftless_gpu1/value_fn_202202_garch_s7.pt (train V_0=-0.491922) | eval-world market drift vs train frame: max 0.862 σ | utility_scale 807655
INFO PLAT_JUL29 DiffSolverV2 LOADED value fn from /home/vretiel/PycharmProjects/riskflow/artifacts/walk_forward/artifacts/walk_forward/driftless_gpu1/value_fn_202202_garch_s42.pt (train V_0=-0.440818) | eval-world market drift vs train frame: max 0.871 σ | utility_scale 836178
INFO PLAT_JUL29 DiffSolverV2 LOADED value fn from /home/vretiel/PycharmProjects/riskflow/artifacts/walk_forward/artifacts/walk_forward/driftless_gpu1/value_fn_202202_garch_s314.pt (train V_0=-0.425619) | eval-world market drift vs train frame: max 0.921 σ | utility_scale 820392
WARNING PLAT_JUL29 DiffSolverV2 ensemble utility_scale spread 3.41% — members trained against different anchors; averaging is approximate
INFO PLAT_JUL29 DiffSolverV2 action grid: K=165 actions (levels=9 ^ active=3)
INFO PLAT_JUL29 DiffSolverV2 ENSEMBLE argmax over 3 value fns
INFO PLAT_JUL29 DiffSolverV2 STEPPER ROLLOUT (frozen policy, realized path, real accounting):
  greedy   wT=-3.0721e+05 p5=-3.0721e+05 cvar5=-3.0721e+05
  textbook wT=-1.3325e+05 p5=-1.3325e+05 cvar5=-1.3325e+05
  nohedge  wT=-1.3325e+05 p5=-1.3325e+05 cvar5=-1.3325e+05
INFO PLAT_JUL29 DiffSolverV2 VERDICT (OUT-OF-SAMPLE rollout t=0→T over 1 outer paths, start flat):
  policy    u(W_T)mean    W_T mean       W_T p5         W_T CVaR5
  greedy    -0.92880    -2.6190e+05   -2.6190e+05   -2.6190e+05
  textbook  -0.32015    -1.3326e+05   -1.3326e+05   -1.3326e+05
  nohedge   -0.32015    -1.3326e+05   -1.3326e+05   -1.3326e+05
  → on the OBJECTIVE E[u(W_T)]: beats no-hedge=False, beats textbook=False | tail(CVaR5) competitive w/ textbook=False
INFO PLAT_JUL29 DiffSolverV2 greedy positions: mean|q| per instrument=['7.96', '0.00', '8.06'] | q@t0=[0.0, 0.0, 0.0] | q@mid=[-18.75, 0.0, 0.0] (textbook q@t0=[0.0, 0.0, 0.0])
INFO PLAT_JUL29 solve_hedge tracks: {'DiffSolverV2': -0.4919} | ladder holds=True
INFO PLAT_JUL29 === TRAIN 202202 seed=7 SKIP (checkpoint exists) ===
INFO PLAT_JUL29 === TRAIN 202202 seed=42 SKIP (checkpoint exists) ===
INFO PLAT_JUL29 === TRAIN 202202 seed=314 SKIP (checkpoint exists) ===
INFO PLAT_JUL29 === ROLL 202202 (stepper, realized path, 3-seed ensemble, inner=512) ===
WARNING md_202201_garch_driftless Price Factor 'DiscountRate.USD-SOFR' not found in market data
INFO md_202201_garch_driftless Creating default Discount Factor(type='DiscountRate', name=('USD-SOFR',))
INFO PLAT_JUL29 Observed_Scenario substituted 2 factor(s): ['CommodityPrice.PLATINUM_CME', 'CommodityBasis.LME_CME']
INFO PLAT_JUL29 liability scalars: total_leg_volume=2500.0 last_settlement_index=153
INFO PLAT_JUL29 utility_scale (symlog c) resolved to 503955.67
INFO PLAT_JUL29 DiffSolverV2 setup: n_hedge=3 active=[0, 1, 2] T_dec=124 (of 126 sim steps; last-live mtm=[-2]) B_outer=1 levels=9 fit_iters=60 lr=0.002 | contract_size=[50.0, 50.0, 50.0] | q∈[[-50.0, -50.0, -50.0], [0.0, 0.0, 0.0]] total_abs_limit=50
INFO PLAT_JUL29 DiffSolverV2 inner forks: one_step=True (window {t, t+1} generation+pricing)
INFO PLAT_JUL29 DiffSolverV2 bank IN Total_Position_Schedule (post-projection): residual frac(Σq outside corridor) min=0.000 mean=0.000 max=0.000 | worst t=0 corridor=[-50, -42.5] bank Σq∈[-42.5, -42.5] frac_oob=0.000 (≈0 ⇒ projection clean)
INFO PLAT_JUL29 DiffSolverV2 bank: market_dim=7 | swept W∈[-7.893e+04, 1.963e+05] mean=3.931e+04 std=4.794e+04 | q_rep(t=0)=[0.0, 0.0, 0.0]
INFO PLAT_JUL29 DiffV2_Load_Value_Fn: /home/vretiel/PycharmProjects/riskflow/artifacts/walk_forward/artifacts/walk_forward/driftless_gpu1/b015_202202/value_fn_202202_garch_s7.pt trained corridor-free (widest wealth support); rolling under a Total_Position_Schedule only restricts to a learned subset — valid.
INFO PLAT_JUL29 DiffSolverV2 LOADED value fn from /home/vretiel/PycharmProjects/riskflow/artifacts/walk_forward/artifacts/walk_forward/driftless_gpu1/b015_202202/value_fn_202202_garch_s7.pt (train V_0=-0.491922) | eval-world market drift vs train frame: max 0.862 σ | utility_scale 807655
INFO PLAT_JUL29 DiffV2_Load_Value_Fn: /home/vretiel/PycharmProjects/riskflow/artifacts/walk_forward/artifacts/walk_forward/driftless_gpu1/b015_202202/value_fn_202202_garch_s42.pt trained corridor-free (widest wealth support); rolling under a Total_Position_Schedule only restricts to a learned subset — valid.
INFO PLAT_JUL29 DiffSolverV2 LOADED value fn from /home/vretiel/PycharmProjects/riskflow/artifacts/walk_forward/artifacts/walk_forward/driftless_gpu1/b015_202202/value_fn_202202_garch_s42.pt (train V_0=-0.440818) | eval-world market drift vs train frame: max 0.871 σ | utility_scale 836178
INFO PLAT_JUL29 DiffV2_Load_Value_Fn: /home/vretiel/PycharmProjects/riskflow/artifacts/walk_forward/artifacts/walk_forward/driftless_gpu1/b015_202202/value_fn_202202_garch_s314.pt trained corridor-free (widest wealth support); rolling under a Total_Position_Schedule only restricts to a learned subset — valid.
INFO PLAT_JUL29 DiffSolverV2 LOADED value fn from /home/vretiel/PycharmProjects/riskflow/artifacts/walk_forward/artifacts/walk_forward/driftless_gpu1/b015_202202/value_fn_202202_garch_s314.pt (train V_0=-0.425619) | eval-world market drift vs train frame: max 0.921 σ | utility_scale 820392
WARNING PLAT_JUL29 DiffSolverV2 ensemble utility_scale spread 3.41% — members trained against different anchors; averaging is approximate
INFO PLAT_JUL29 DiffSolverV2 action grid: K=165 actions (levels=9 ^ active=3)
INFO PLAT_JUL29 DiffSolverV2 ENSEMBLE argmax over 3 value fns
INFO PLAT_JUL29 DiffSolverV2 STEPPER ROLLOUT (frozen policy, realized path, real accounting):
  greedy   wT=+1.2561e+04 p5=+1.2561e+04 cvar5=+1.2561e+04
  textbook wT=+2.2227e+04 p5=+2.2227e+04 cvar5=+2.2227e+04
  nohedge  wT=-1.3325e+05 p5=-1.3325e+05 cvar5=-1.3325e+05
INFO PLAT_JUL29 DiffSolverV2 VERDICT (OUT-OF-SAMPLE rollout t=0→T over 1 outer paths, start flat):
  policy    u(W_T)mean    W_T mean       W_T p5         W_T CVaR5
  greedy    +0.05244    +4.3075e+04   +4.3075e+04   +4.3075e+04
  textbook  +0.03223    +2.6473e+04   +2.6473e+04   +2.6473e+04
  nohedge   -0.32015    -1.3326e+05   -1.3326e+05   -1.3326e+05
  → on the OBJECTIVE E[u(W_T)]: beats no-hedge=True, beats textbook=True | tail(CVaR5) competitive w/ textbook=True
INFO PLAT_JUL29 DiffSolverV2 greedy positions: mean|q| per instrument=['30.95', '0.00', '7.46'] | q@t0=[-43.75, 0.0, 0.0] | q@mid=[-43.75, 0.0, 0.0] (textbook q@t0=[0.0, 0.0, 0.0])
INFO PLAT_JUL29 solve_hedge tracks: {'DiffSolverV2': -0.4919} | ladder holds=True
INFO PLAT_JUL29 JOB 202202 DONE: greedy_free=-122.88 greedy_015=5.02 u_pre_free=0.2773 u_pre_015=0.877 PASS=True breaches=0 churn_015=137.5 train_u=[-0.5691, -0.5488, -0.5549]
INFO PLAT_JUL29 === ARM B 202204 DRIFTLESS retrain: md=md_202204_garch_driftless.json Convexity=Yes (omega=1.293e-06 alpha=0.0322 beta=0.9623 nu=7.43 H0=3.999e-04) ===
INFO PLAT_JUL29 === TRAIN 202204 seed=7 (fair=994.87, strike=986.87) ===
WARNING md_202204_garch_driftless Price Factor 'DiscountRate.USD-SOFR' not found in market data
INFO md_202204_garch_driftless Creating default Discount Factor(type='DiscountRate', name=('USD-SOFR',))
INFO PLAT_JUL29 liability scalars: total_leg_volume=2500.0 last_settlement_index=155
INFO PLAT_JUL29 utility_scale (symlog c) resolved to 887198.37
INFO PLAT_JUL29 DiffSolverV2 setup: n_hedge=3 active=[0, 1, 2] T_dec=126 (of 128 sim steps; last-live mtm=[-2]) B_outer=2048 levels=9 fit_iters=40 lr=0.002 | contract_size=[50.0, 50.0, 50.0] | q∈[[-50.0, -50.0, -50.0], [0.0, 0.0, 0.0]] total_abs_limit=50
INFO PLAT_JUL29 DiffSolverV2 inner forks: one_step=True (window {t, t+1} generation+pricing)
INFO PLAT_JUL29 DiffSolverV2 bank: market_dim=7 | swept W∈[-1.327e+06, 2.507e+06] mean=-1.768e+04 std=4.768e+05 | q_rep(t=0)=[-6.586296558380127, -6.570385932922363, -6.496100902557373]
INFO PLAT_JUL29 DiffSolverV2 action grid: K=165 actions (levels=9 ^ active=3)
INFO PLAT_JUL29 DiffSolverV2 C[t=125] fitted: val_loss=0.0003084 |Y_boot|=1.376 |A|=0.00734 Y_mean=-0.95 q*_mean=['0.000', '0.000', '-28.571']
INFO PLAT_JUL29 DiffSolverV2 C[t=124] fitted: val_loss=0.0002471 |Y_boot|=1.375 |A|=0.01484 Y_mean=-0.9428 q*_mean=['0.000', '0.000', '-28.839']
INFO PLAT_JUL29 DiffSolverV2 C[t=123] fitted: val_loss=0.0002927 |Y_boot|=1.374 |A|=0.02076 Y_mean=-0.9352 q*_mean=['0.000', '0.000', '-28.485']
INFO PLAT_JUL29 DiffSolverV2 C[t=122] fitted: val_loss=0.0002759 |Y_boot|=1.373 |A|=0.02784 Y_mean=-0.9292 q*_mean=['0.000', '0.000', '-28.693']
INFO PLAT_JUL29 DiffSolverV2 C[t=121] fitted: val_loss=0.0003246 |Y_boot|=1.372 |A|=0.03898 Y_mean=-0.9211 q*_mean=['0.000', '0.000', '-27.594']
INFO PLAT_JUL29 DiffSolverV2 C[t=120] fitted: val_loss=0.0004454 |Y_boot|=1.371 |A|=0.05234 Y_mean=-0.9096 q*_mean=['0.000', '0.000', '-28.119']
INFO PLAT_JUL29 DiffSolverV2 C[t=119] fitted: val_loss=0.0003222 |Y_boot|=1.371 |A|=0.06255 Y_mean=-0.8961 q*_mean=['0.000', '0.000', '-28.564']
INFO PLAT_JUL29 DiffSolverV2 C[t=118] fitted: val_loss=0.0001877 |Y_boot|=1.374 |A|=0.07164 Y_mean=-0.8906 q*_mean=['0.000', '-6.549', '-23.303']
INFO PLAT_JUL29 DiffSolverV2 C[t=117] fitted: val_loss=0.0001913 |Y_boot|=1.372 |A|=0.0754 Y_mean=-0.8812 q*_mean=['0.000', '-6.354', '-23.456']
INFO PLAT_JUL29 DiffSolverV2 C[t=116] fitted: val_loss=0.0004803 |Y_boot|=1.372 |A|=0.07404 Y_mean=-0.8777 q*_mean=['0.000', '-5.981', '-23.755']
INFO PLAT_JUL29 DiffSolverV2 C[t=115] fitted: val_loss=0.0007261 |Y_boot|=1.372 |A|=0.06896 Y_mean=-0.8771 q*_mean=['0.000', '-5.804', '-24.396']
INFO PLAT_JUL29 DiffSolverV2 C[t=114] fitted: val_loss=0.00107 |Y_boot|=1.37 |A|=0.0667 Y_mean=-0.8813 q*_mean=['0.000', '-6.512', '-24.121']
INFO PLAT_JUL29 DiffSolverV2 C[t=113] fitted: val_loss=0.001197 |Y_boot|=1.369 |A|=0.06545 Y_mean=-0.8818 q*_mean=['0.000', '-6.500', '-24.402']
INFO PLAT_JUL29 DiffSolverV2 C[t=112] fitted: val_loss=0.001008 |Y_boot|=1.368 |A|=0.06687 Y_mean=-0.8816 q*_mean=['0.000', '-5.481', '-24.011']
INFO PLAT_JUL29 DiffSolverV2 C[t=111] fitted: val_loss=0.001464 |Y_boot|=1.366 |A|=0.06538 Y_mean=-0.878 q*_mean=['0.000', '-6.140', '-24.609']
INFO PLAT_JUL29 DiffSolverV2 C[t=110] fitted: val_loss=0.001429 |Y_boot|=1.365 |A|=0.06477 Y_mean=-0.8779 q*_mean=['0.000', '-5.707', '-24.335']
INFO PLAT_JUL29 DiffSolverV2 C[t=109] fitted: val_loss=0.002608 |Y_boot|=1.364 |A|=0.06395 Y_mean=-0.8774 q*_mean=['0.000', '-6.158', '-24.487']
INFO PLAT_JUL29 DiffSolverV2 C[t=108] fitted: val_loss=0.003175 |Y_boot|=1.362 |A|=0.06469 Y_mean=-0.8778 q*_mean=['0.000', '-5.450', '-24.365']
INFO PLAT_JUL29 DiffSolverV2 C[t=107] fitted: val_loss=0.003582 |Y_boot|=1.362 |A|=0.06492 Y_mean=-0.8777 q*_mean=['0.000', '-5.133', '-24.579']
INFO PLAT_JUL29 DiffSolverV2 C[t=106] fitted: val_loss=0.003724 |Y_boot|=1.363 |A|=0.06438 Y_mean=-0.8776 q*_mean=['0.000', '-5.542', '-25.110']
INFO PLAT_JUL29 DiffSolverV2 C[t=105] fitted: val_loss=0.003721 |Y_boot|=1.364 |A|=0.06438 Y_mean=-0.8776 q*_mean=['0.000', '-4.919', '-25.348']
INFO PLAT_JUL29 DiffSolverV2 C[t=104] fitted: val_loss=0.004986 |Y_boot|=1.364 |A|=0.06439 Y_mean=-0.8797 q*_mean=['0.000', '-5.206', '-25.677']
INFO PLAT_JUL29 DiffSolverV2 C[t=103] fitted: val_loss=0.008872 |Y_boot|=1.368 |A|=0.06491 Y_mean=-0.8828 q*_mean=['0.000', '-4.883', '-26.044']
INFO PLAT_JUL29 DiffSolverV2 C[t=102] fitted: val_loss=0.006451 |Y_boot|=1.365 |A|=0.06247 Y_mean=-0.8804 q*_mean=['0.000', '-5.811', '-25.983']
INFO PLAT_JUL29 DiffSolverV2 C[t=101] fitted: val_loss=0.008033 |Y_boot|=1.364 |A|=0.06537 Y_mean=-0.8817 q*_mean=['0.000', '-5.359', '-25.922']
INFO PLAT_JUL29 DiffSolverV2 C[t=100] fitted: val_loss=0.00709 |Y_boot|=1.361 |A|=0.06516 Y_mean=-0.8771 q*_mean=['0.000', '-4.651', '-27.069']
INFO PLAT_JUL29 DiffSolverV2 C[t=99] fitted: val_loss=0.008126 |Y_boot|=1.362 |A|=0.06338 Y_mean=-0.8776 q*_mean=['0.000', '-5.005', '-27.203']
INFO PLAT_JUL29 DiffSolverV2 C[t=98] fitted: val_loss=0.007894 |Y_boot|=1.369 |A|=0.0647 Y_mean=-0.8863 q*_mean=['0.000', '-4.987', '-27.911']
INFO PLAT_JUL29 DiffSolverV2 C[t=97] fitted: val_loss=0.0109 |Y_boot|=1.368 |A|=0.06425 Y_mean=-0.8853 q*_mean=['0.000', '-4.834', '-28.259']
INFO PLAT_JUL29 DiffSolverV2 C[t=96] fitted: val_loss=0.01384 |Y_boot|=1.367 |A|=0.06407 Y_mean=-0.8824 q*_mean=['0.000', '-4.584', '-27.594']
INFO PLAT_JUL29 DiffSolverV2 C[t=95] fitted: val_loss=0.01105 |Y_boot|=1.362 |A|=0.06217 Y_mean=-0.8803 q*_mean=['0.000', '-5.231', '-27.979']
INFO PLAT_JUL29 DiffSolverV2 C[t=94] fitted: val_loss=0.01547 |Y_boot|=1.356 |A|=0.06158 Y_mean=-0.8774 q*_mean=['0.000', '-4.535', '-28.687']
INFO PLAT_JUL29 DiffSolverV2 C[t=93] fitted: val_loss=0.01362 |Y_boot|=1.358 |A|=0.06412 Y_mean=-0.8789 q*_mean=['0.000', '-4.663', '-28.528']
INFO PLAT_JUL29 DiffSolverV2 C[t=92] fitted: val_loss=3.293 |Y_boot|=1.237 |A|=0.07915 Y_mean=+0.3527 q*_mean=['0.000', '0.000', '-33.057']
INFO PLAT_JUL29 DiffSolverV2 C[t=91] fitted: val_loss=0.5381 |Y_boot|=1.147 |A|=0.07899 Y_mean=-0.4283 q*_mean=['0.000', '-0.201', '-33.002']
INFO PLAT_JUL29 DiffSolverV2 C[t=90] fitted: val_loss=0.227 |Y_boot|=1.201 |A|=0.07809 Y_mean=-0.5876 q*_mean=['0.000', '-0.391', '-33.136']
INFO PLAT_JUL29 DiffSolverV2 C[t=89] fitted: val_loss=0.1341 |Y_boot|=1.235 |A|=0.07795 Y_mean=-0.6502 q*_mean=['0.000', '-0.348', '-33.417']
INFO PLAT_JUL29 DiffSolverV2 C[t=88] fitted: val_loss=0.09027 |Y_boot|=1.252 |A|=0.07754 Y_mean=-0.6912 q*_mean=['0.000', '-0.397', '-32.758']
INFO PLAT_JUL29 DiffSolverV2 C[t=87] fitted: val_loss=0.07052 |Y_boot|=1.262 |A|=0.07709 Y_mean=-0.7161 q*_mean=['0.000', '-0.665', '-32.837']
INFO PLAT_JUL29 DiffSolverV2 C[t=86] fitted: val_loss=0.05112 |Y_boot|=1.277 |A|=0.07622 Y_mean=-0.7426 q*_mean=['0.000', '-0.830', '-33.069']
INFO PLAT_JUL29 DiffSolverV2 C[t=85] fitted: val_loss=0.04002 |Y_boot|=1.284 |A|=0.07565 Y_mean=-0.7557 q*_mean=['0.000', '-0.592', '-32.666']
INFO PLAT_JUL29 DiffSolverV2 C[t=84] fitted: val_loss=0.03091 |Y_boot|=1.286 |A|=0.07513 Y_mean=-0.7632 q*_mean=['0.000', '-0.592', '-33.820']
INFO PLAT_JUL29 DiffSolverV2 C[t=83] fitted: val_loss=0.02787 |Y_boot|=1.288 |A|=0.07489 Y_mean=-0.7694 q*_mean=['0.000', '-0.879', '-32.556']
INFO PLAT_JUL29 DiffSolverV2 C[t=82] fitted: val_loss=0.02693 |Y_boot|=1.291 |A|=0.07416 Y_mean=-0.7787 q*_mean=['0.000', '-1.178', '-32.886']
INFO PLAT_JUL29 DiffSolverV2 C[t=81] fitted: val_loss=0.02922 |Y_boot|=1.285 |A|=0.07437 Y_mean=-0.7765 q*_mean=['0.000', '-1.154', '-32.440']
INFO PLAT_JUL29 DiffSolverV2 C[t=80] fitted: val_loss=0.02595 |Y_boot|=1.28 |A|=0.07356 Y_mean=-0.7744 q*_mean=['0.000', '-0.824', '-32.129']
INFO PLAT_JUL29 DiffSolverV2 C[t=79] fitted: val_loss=0.02153 |Y_boot|=1.28 |A|=0.07391 Y_mean=-0.7748 q*_mean=['0.000', '-1.556', '-32.159']
INFO PLAT_JUL29 DiffSolverV2 C[t=78] fitted: val_loss=0.02282 |Y_boot|=1.277 |A|=0.07286 Y_mean=-0.7721 q*_mean=['0.000', '-1.428', '-32.794']
INFO PLAT_JUL29 DiffSolverV2 C[t=77] fitted: val_loss=0.02221 |Y_boot|=1.276 |A|=0.07304 Y_mean=-0.7763 q*_mean=['0.000', '-1.361', '-33.173']
INFO PLAT_JUL29 DiffSolverV2 C[t=76] fitted: val_loss=0.02329 |Y_boot|=1.277 |A|=0.07278 Y_mean=-0.7789 q*_mean=['0.000', '-1.123', '-33.374']
INFO PLAT_JUL29 DiffSolverV2 C[t=75] fitted: val_loss=0.02125 |Y_boot|=1.273 |A|=0.07228 Y_mean=-0.7767 q*_mean=['0.000', '-1.410', '-33.368']
INFO PLAT_JUL29 DiffSolverV2 C[t=74] fitted: val_loss=0.01885 |Y_boot|=1.27 |A|=0.07146 Y_mean=-0.7762 q*_mean=['0.000', '-1.410', '-33.112']
INFO PLAT_JUL29 DiffSolverV2 C[t=73] fitted: val_loss=0.0174 |Y_boot|=1.262 |A|=0.07197 Y_mean=-0.7713 q*_mean=['0.000', '-1.538', '-32.745']
INFO PLAT_JUL29 DiffSolverV2 C[t=72] fitted: val_loss=0.01824 |Y_boot|=1.262 |A|=0.0718 Y_mean=-0.774 q*_mean=['0.000', '-1.636', '-33.057']
INFO PLAT_JUL29 DiffSolverV2 C[t=71] fitted: val_loss=0.01857 |Y_boot|=1.262 |A|=0.07097 Y_mean=-0.7773 q*_mean=['0.000', '-1.196', '-33.069']
INFO PLAT_JUL29 DiffSolverV2 C[t=70] fitted: val_loss=0.01593 |Y_boot|=1.264 |A|=0.07185 Y_mean=-0.7807 q*_mean=['0.000', '-1.825', '-32.153']
INFO PLAT_JUL29 DiffSolverV2 C[t=69] fitted: val_loss=0.01685 |Y_boot|=1.258 |A|=0.0711 Y_mean=-0.774 q*_mean=['0.000', '-1.331', '-31.873']
INFO PLAT_JUL29 DiffSolverV2 C[t=68] fitted: val_loss=0.0171 |Y_boot|=1.253 |A|=0.07052 Y_mean=-0.7711 q*_mean=['0.000', '-1.965', '-31.323']
INFO PLAT_JUL29 DiffSolverV2 C[t=67] fitted: val_loss=0.01779 |Y_boot|=1.254 |A|=0.06985 Y_mean=-0.7713 q*_mean=['0.000', '-1.556', '-31.287']
INFO PLAT_JUL29 DiffSolverV2 C[t=66] fitted: val_loss=0.01425 |Y_boot|=1.251 |A|=0.0697 Y_mean=-0.7692 q*_mean=['0.000', '-2.277', '-31.281']
INFO PLAT_JUL29 DiffSolverV2 C[t=65] fitted: val_loss=0.01465 |Y_boot|=1.247 |A|=0.07043 Y_mean=-0.7671 q*_mean=['0.000', '-2.045', '-31.647']
INFO PLAT_JUL29 DiffSolverV2 C[t=64] fitted: val_loss=0.01493 |Y_boot|=1.242 |A|=0.07016 Y_mean=-0.7622 q*_mean=['0.000', '-2.032', '-31.116']
INFO PLAT_JUL29 DiffSolverV2 C[t=63] fitted: val_loss=0.01534 |Y_boot|=1.24 |A|=0.0692 Y_mean=-0.7608 q*_mean=['0.000', '-1.910', '-30.914']
INFO PLAT_JUL29 DiffSolverV2 C[t=62] fitted: val_loss=0.01957 |Y_boot|=1.239 |A|=0.06782 Y_mean=-0.7585 q*_mean=['0.000', '-1.624', '-30.865']
INFO PLAT_JUL29 DiffSolverV2 C[t=61] fitted: val_loss=0.01687 |Y_boot|=1.236 |A|=0.06859 Y_mean=-0.7557 q*_mean=['0.000', '-1.990', '-30.933']
INFO PLAT_JUL29 DiffSolverV2 C[t=60] fitted: val_loss=0.01729 |Y_boot|=1.241 |A|=0.0693 Y_mean=-0.7597 q*_mean=['0.000', '-1.581', '-30.627']
INFO PLAT_JUL29 DiffSolverV2 C[t=59] fitted: val_loss=0.01691 |Y_boot|=1.237 |A|=0.07007 Y_mean=-0.7569 q*_mean=['0.000', '-2.063', '-31.030']
INFO PLAT_JUL29 DiffSolverV2 C[t=58] fitted: val_loss=0.01495 |Y_boot|=1.24 |A|=0.06992 Y_mean=-0.7593 q*_mean=['0.000', '-1.971', '-31.329']
INFO PLAT_JUL29 DiffSolverV2 C[t=57] fitted: val_loss=0.01462 |Y_boot|=1.238 |A|=0.06831 Y_mean=-0.7579 q*_mean=['0.000', '-2.051', '-30.731']
INFO PLAT_JUL29 DiffSolverV2 C[t=56] fitted: val_loss=0.01508 |Y_boot|=1.235 |A|=0.06841 Y_mean=-0.756 q*_mean=['0.000', '-2.020', '-31.024']
INFO PLAT_JUL29 DiffSolverV2 C[t=55] fitted: val_loss=0.01347 |Y_boot|=1.227 |A|=0.06742 Y_mean=-0.7501 q*_mean=['0.000', '-1.874', '-31.262']
INFO PLAT_JUL29 DiffSolverV2 C[t=54] fitted: val_loss=0.01329 |Y_boot|=1.222 |A|=0.06672 Y_mean=-0.7448 q*_mean=['0.000', '-1.715', '-31.793']
INFO PLAT_JUL29 DiffSolverV2 C[t=53] fitted: val_loss=0.01509 |Y_boot|=1.215 |A|=0.06763 Y_mean=-0.7387 q*_mean=['0.000', '-2.448', '-31.268']
INFO PLAT_JUL29 DiffSolverV2 C[t=52] fitted: val_loss=0.0141 |Y_boot|=1.209 |A|=0.06741 Y_mean=-0.7338 q*_mean=['0.000', '-2.100', '-30.792']
INFO PLAT_JUL29 DiffSolverV2 C[t=51] fitted: val_loss=0.01246 |Y_boot|=1.206 |A|=0.06682 Y_mean=-0.7319 q*_mean=['0.000', '-1.843', '-31.207']
INFO PLAT_JUL29 DiffSolverV2 C[t=50] fitted: val_loss=0.01403 |Y_boot|=1.2 |A|=0.06634 Y_mean=-0.7268 q*_mean=['0.000', '-2.509', '-30.908']
INFO PLAT_JUL29 DiffSolverV2 C[t=49] fitted: val_loss=0.0155 |Y_boot|=1.196 |A|=0.0674 Y_mean=-0.7253 q*_mean=['0.000', '-1.935', '-30.530']
INFO PLAT_JUL29 DiffSolverV2 C[t=48] fitted: val_loss=0.01762 |Y_boot|=1.194 |A|=0.06773 Y_mean=-0.7234 q*_mean=['0.000', '-1.990', '-31.311']
INFO PLAT_JUL29 DiffSolverV2 C[t=47] fitted: val_loss=0.01639 |Y_boot|=1.19 |A|=0.06734 Y_mean=-0.7179 q*_mean=['0.000', '-2.362', '-30.597']
INFO PLAT_JUL29 DiffSolverV2 C[t=46] fitted: val_loss=0.01468 |Y_boot|=1.187 |A|=0.06736 Y_mean=-0.7152 q*_mean=['0.000', '-2.112', '-30.310']
INFO PLAT_JUL29 DiffSolverV2 C[t=45] fitted: val_loss=0.0145 |Y_boot|=1.186 |A|=0.06771 Y_mean=-0.7127 q*_mean=['0.000', '-2.448', '-30.640']
INFO PLAT_JUL29 DiffSolverV2 C[t=44] fitted: val_loss=0.01323 |Y_boot|=1.18 |A|=0.06694 Y_mean=-0.7066 q*_mean=['0.000', '-2.258', '-30.804']
INFO PLAT_JUL29 DiffSolverV2 C[t=43] fitted: val_loss=0.01315 |Y_boot|=1.173 |A|=0.06662 Y_mean=-0.6993 q*_mean=['0.000', '-2.271', '-30.817']
INFO PLAT_JUL29 DiffSolverV2 C[t=42] fitted: val_loss=0.01233 |Y_boot|=1.172 |A|=0.06692 Y_mean=-0.6995 q*_mean=['0.000', '-1.959', '-30.719']
INFO PLAT_JUL29 DiffSolverV2 C[t=41] fitted: val_loss=0.01289 |Y_boot|=1.168 |A|=0.06778 Y_mean=-0.6956 q*_mean=['0.000', '-2.515', '-30.798']
INFO PLAT_JUL29 DiffSolverV2 C[t=40] fitted: val_loss=0.01318 |Y_boot|=1.165 |A|=0.06739 Y_mean=-0.6926 q*_mean=['0.000', '-2.545', '-30.652']
INFO PLAT_JUL29 DiffSolverV2 C[t=39] fitted: val_loss=0.01335 |Y_boot|=1.159 |A|=0.06744 Y_mean=-0.6892 q*_mean=['0.000', '-2.161', '-30.737']
INFO PLAT_JUL29 DiffSolverV2 C[t=38] fitted: val_loss=0.01394 |Y_boot|=1.157 |A|=0.0668 Y_mean=-0.6888 q*_mean=['0.000', '-2.539', '-30.524']
INFO PLAT_JUL29 DiffSolverV2 C[t=37] fitted: val_loss=0.01332 |Y_boot|=1.152 |A|=0.06681 Y_mean=-0.6858 q*_mean=['0.000', '-2.264', '-31.226']
INFO PLAT_JUL29 DiffSolverV2 C[t=36] fitted: val_loss=0.01189 |Y_boot|=1.148 |A|=0.06504 Y_mean=-0.6834 q*_mean=['0.000', '-2.240', '-30.304']
INFO PLAT_JUL29 DiffSolverV2 C[t=35] fitted: val_loss=0.01305 |Y_boot|=1.143 |A|=0.06421 Y_mean=-0.6821 q*_mean=['0.000', '-2.618', '-30.444']
INFO PLAT_JUL29 DiffSolverV2 C[t=34] fitted: val_loss=0.01384 |Y_boot|=1.142 |A|=0.06617 Y_mean=-0.6828 q*_mean=['0.000', '-1.959', '-30.432']
INFO PLAT_JUL29 DiffSolverV2 C[t=33] fitted: val_loss=0.01598 |Y_boot|=1.141 |A|=0.06647 Y_mean=-0.6791 q*_mean=['0.000', '-1.764', '-30.621']
INFO PLAT_JUL29 DiffSolverV2 C[t=32] fitted: val_loss=0.01625 |Y_boot|=1.137 |A|=0.06629 Y_mean=-0.6739 q*_mean=['0.000', '-1.855', '-30.762']
INFO PLAT_JUL29 DiffSolverV2 C[t=31] fitted: val_loss=0.01498 |Y_boot|=1.136 |A|=0.06603 Y_mean=-0.6727 q*_mean=['0.000', '-1.880', '-30.365']
INFO PLAT_JUL29 DiffSolverV2 C[t=30] fitted: val_loss=0.01352 |Y_boot|=1.135 |A|=0.06545 Y_mean=-0.6725 q*_mean=['0.000', '-2.344', '-30.066']
INFO PLAT_JUL29 DiffSolverV2 C[t=29] fitted: val_loss=0.01509 |Y_boot|=1.134 |A|=0.06592 Y_mean=-0.6732 q*_mean=['0.000', '-2.411', '-29.669']
INFO PLAT_JUL29 DiffSolverV2 C[t=28] fitted: val_loss=0.01505 |Y_boot|=1.126 |A|=0.06655 Y_mean=-0.6646 q*_mean=['-18.628', '-1.788', '-29.584']
INFO PLAT_JUL29 DiffSolverV2 C[t=27] fitted: val_loss=0.01278 |Y_boot|=1.131 |A|=0.06371 Y_mean=-0.6724 q*_mean=['-10.559', '-6.543', '-8.899']
INFO PLAT_JUL29 DiffSolverV2 C[t=26] fitted: val_loss=0.01458 |Y_boot|=1.13 |A|=0.06345 Y_mean=-0.6748 q*_mean=['-10.590', '-7.501', '-9.229']
INFO PLAT_JUL29 DiffSolverV2 C[t=25] fitted: val_loss=0.01265 |Y_boot|=1.126 |A|=0.0604 Y_mean=-0.6729 q*_mean=['-10.742', '-8.197', '-9.546']
INFO PLAT_JUL29 DiffSolverV2 C[t=24] fitted: val_loss=0.01145 |Y_boot|=1.121 |A|=0.06026 Y_mean=-0.6709 q*_mean=['-9.479', '-7.440', '-8.398']
INFO PLAT_JUL29 DiffSolverV2 C[t=23] fitted: val_loss=0.01282 |Y_boot|=1.118 |A|=0.05969 Y_mean=-0.6687 q*_mean=['-10.309', '-8.008', '-8.167']
INFO PLAT_JUL29 DiffSolverV2 C[t=22] fitted: val_loss=0.01394 |Y_boot|=1.12 |A|=0.06263 Y_mean=-0.6725 q*_mean=['-10.425', '-7.825', '-7.697']
INFO PLAT_JUL29 DiffSolverV2 C[t=21] fitted: val_loss=0.01313 |Y_boot|=1.119 |A|=0.06404 Y_mean=-0.6684 q*_mean=['-9.991', '-8.466', '-8.569']
INFO PLAT_JUL29 DiffSolverV2 C[t=20] fitted: val_loss=0.01376 |Y_boot|=1.115 |A|=0.06245 Y_mean=-0.6641 q*_mean=['-9.833', '-8.710', '-8.478']
INFO PLAT_JUL29 DiffSolverV2 C[t=19] fitted: val_loss=0.01436 |Y_boot|=1.109 |A|=0.05703 Y_mean=-0.6607 q*_mean=['-9.949', '-8.533', '-7.489']
INFO PLAT_JUL29 DiffSolverV2 C[t=18] fitted: val_loss=0.0157 |Y_boot|=1.103 |A|=0.05487 Y_mean=-0.662 q*_mean=['-10.309', '-8.447', '-7.941']
INFO PLAT_JUL29 DiffSolverV2 C[t=17] fitted: val_loss=0.01211 |Y_boot|=1.102 |A|=0.05471 Y_mean=-0.6637 q*_mean=['-9.576', '-8.380', '-7.556']
INFO PLAT_JUL29 DiffSolverV2 C[t=16] fitted: val_loss=0.0114 |Y_boot|=1.106 |A|=0.05367 Y_mean=-0.667 q*_mean=['-9.741', '-8.051', '-7.568']
INFO PLAT_JUL29 DiffSolverV2 C[t=15] fitted: val_loss=0.014 |Y_boot|=1.102 |A|=0.05548 Y_mean=-0.6633 q*_mean=['-9.332', '-9.637', '-7.513']
INFO PLAT_JUL29 DiffSolverV2 C[t=14] fitted: val_loss=0.01477 |Y_boot|=1.1 |A|=0.05488 Y_mean=-0.6593 q*_mean=['-10.156', '-8.795', '-7.489']
INFO PLAT_JUL29 DiffSolverV2 C[t=13] fitted: val_loss=0.01236 |Y_boot|=1.1 |A|=0.05777 Y_mean=-0.6604 q*_mean=['-9.320', '-9.119', '-7.141']
INFO PLAT_JUL29 DiffSolverV2 C[t=12] fitted: val_loss=0.01122 |Y_boot|=1.101 |A|=0.05869 Y_mean=-0.6581 q*_mean=['-9.930', '-8.575', '-7.867']
INFO PLAT_JUL29 DiffSolverV2 C[t=11] fitted: val_loss=0.01498 |Y_boot|=1.102 |A|=0.06068 Y_mean=-0.6573 q*_mean=['-9.308', '-8.679', '-8.075']
INFO PLAT_JUL29 DiffSolverV2 C[t=10] fitted: val_loss=0.01254 |Y_boot|=1.099 |A|=0.05973 Y_mean=-0.6538 q*_mean=['-9.570', '-8.551', '-8.478']
INFO PLAT_JUL29 DiffSolverV2 C[t=9] fitted: val_loss=0.01095 |Y_boot|=1.094 |A|=0.05837 Y_mean=-0.6516 q*_mean=['-8.929', '-9.314', '-7.849']
INFO PLAT_JUL29 DiffSolverV2 C[t=8] fitted: val_loss=0.01195 |Y_boot|=1.095 |A|=0.05853 Y_mean=-0.6541 q*_mean=['-8.984', '-8.783', '-7.758']
INFO PLAT_JUL29 DiffSolverV2 C[t=7] fitted: val_loss=0.01396 |Y_boot|=1.089 |A|=0.05719 Y_mean=-0.651 q*_mean=['-8.069', '-9.052', '-7.355']
INFO PLAT_JUL29 DiffSolverV2 C[t=6] fitted: val_loss=0.0138 |Y_boot|=1.087 |A|=0.05607 Y_mean=-0.6503 q*_mean=['-8.032', '-9.644', '-7.031']
INFO PLAT_JUL29 DiffSolverV2 C[t=5] fitted: val_loss=0.01437 |Y_boot|=1.081 |A|=0.05625 Y_mean=-0.6486 q*_mean=['-8.521', '-10.309', '-7.050']
INFO PLAT_JUL29 DiffSolverV2 C[t=4] fitted: val_loss=0.01096 |Y_boot|=1.076 |A|=0.0578 Y_mean=-0.6446 q*_mean=['-8.746', '-10.034', '-6.311']
INFO PLAT_JUL29 DiffSolverV2 C[t=3] fitted: val_loss=0.01226 |Y_boot|=1.073 |A|=0.05642 Y_mean=-0.6405 q*_mean=['-8.032', '-10.809', '-6.226']
INFO PLAT_JUL29 DiffSolverV2 C[t=2] fitted: val_loss=0.01581 |Y_boot|=1.07 |A|=0.05584 Y_mean=-0.6385 q*_mean=['-9.088', '-10.278', '-5.634']
INFO PLAT_JUL29 DiffSolverV2 C[t=1] fitted: val_loss=0.01404 |Y_boot|=1.07 |A|=0.05752 Y_mean=-0.6404 q*_mean=['-9.467', '-10.626', '-4.602']
INFO PLAT_JUL29 DiffSolverV2 C[t=0] fitted: val_loss=0.01104 |Y_boot|=1.069 |A|=0.05921 Y_mean=-0.6385 q*_mean=['-10.052', '-11.084', '-2.301']
INFO PLAT_JUL29 DiffSolverV2 sweep complete: t=125→0 | max|Y_boot|=1.376 (BOUNDED) | V_0=-0.638506 | n_star@t=0=[-10.052490234375, -11.083984375, -2.301025390625]
INFO PLAT_JUL29 DiffSolverV2 SAVED value fn to /home/vretiel/PycharmProjects/riskflow/artifacts/walk_forward/artifacts/walk_forward/driftless_gpu1/value_fn_202204_garch_s7.pt (V_0=-0.638506)
INFO PLAT_JUL29 DiffSolverV2 IN-SAMPLE vs OOS u(W_T): greedy IS=-0.83968 OOS=-0.78037 | textbook IS=-0.97407 OOS=-0.92293 (gap IS−OOS greedy=-0.05931 → overfit if large)
INFO PLAT_JUL29 DiffSolverV2 VERDICT (OUT-OF-SAMPLE rollout t=0→T over 1024 outer paths, start flat):
  policy    u(W_T)mean    W_T mean       W_T p5         W_T CVaR5
  greedy    -0.78037    +8.5949e+03   -7.6573e+05   -9.1749e+05
  textbook  -0.92293    -1.6345e+04   -7.7642e+05   -9.3109e+05
  nohedge   -1.17427    -2.4964e+04   -8.6234e+05   -1.0248e+06
  → on the OBJECTIVE E[u(W_T)]: beats no-hedge=True, beats textbook=True | tail(CVaR5) competitive w/ textbook=True
INFO PLAT_JUL29 DiffSolverV2 greedy positions: mean|q| per instrument=['2.13', '3.10', '24.76'] | q@t0=[-4.45556640625, -5.010986328125, -1.123046875] | q@mid=[0.0, -0.860595703125, -31.134033203125] (textbook q@t0=[-6.586296558380127, -6.570385932922363, -6.496100902557373])
INFO PLAT_JUL29 solve_hedge tracks: {'DiffSolverV2': -0.6385} | ladder holds=True
INFO PLAT_JUL29 === TRAIN 202204 seed=42 (fair=994.87, strike=986.87) ===
WARNING md_202204_garch_driftless Price Factor 'DiscountRate.USD-SOFR' not found in market data
INFO md_202204_garch_driftless Creating default Discount Factor(type='DiscountRate', name=('USD-SOFR',))
INFO PLAT_JUL29 liability scalars: total_leg_volume=2500.0 last_settlement_index=155
INFO PLAT_JUL29 utility_scale (symlog c) resolved to 895585.62
INFO PLAT_JUL29 DiffSolverV2 setup: n_hedge=3 active=[0, 1, 2] T_dec=126 (of 128 sim steps; last-live mtm=[-2]) B_outer=2048 levels=9 fit_iters=40 lr=0.002 | contract_size=[50.0, 50.0, 50.0] | q∈[[-50.0, -50.0, -50.0], [0.0, 0.0, 0.0]] total_abs_limit=50
INFO PLAT_JUL29 DiffSolverV2 inner forks: one_step=True (window {t, t+1} generation+pricing)
INFO PLAT_JUL29 DiffSolverV2 bank: market_dim=7 | swept W∈[-1.395e+06, 3.804e+06] mean=-1.699e+04 std=4.908e+05 | q_rep(t=0)=[-7.0185441970825195, -7.005913257598877, -6.925699234008789]
INFO PLAT_JUL29 DiffSolverV2 action grid: K=165 actions (levels=9 ^ active=3)
INFO PLAT_JUL29 DiffSolverV2 C[t=125] fitted: val_loss=0.0002204 |Y_boot|=1.299 |A|=0.007211 Y_mean=-0.8838 q*_mean=['0.000', '0.000', '-29.602']
INFO PLAT_JUL29 DiffSolverV2 C[t=124] fitted: val_loss=0.0002177 |Y_boot|=1.298 |A|=0.01471 Y_mean=-0.8764 q*_mean=['0.000', '0.000', '-28.601']
INFO PLAT_JUL29 DiffSolverV2 C[t=123] fitted: val_loss=0.0002003 |Y_boot|=1.297 |A|=0.02065 Y_mean=-0.8687 q*_mean=['0.000', '0.000', '-28.882']
INFO PLAT_JUL29 DiffSolverV2 C[t=122] fitted: val_loss=0.0002081 |Y_boot|=1.296 |A|=0.02768 Y_mean=-0.8629 q*_mean=['0.000', '0.000', '-28.644']
INFO PLAT_JUL29 DiffSolverV2 C[t=121] fitted: val_loss=0.0002609 |Y_boot|=1.294 |A|=0.03897 Y_mean=-0.8554 q*_mean=['0.000', '0.000', '-28.955']
INFO PLAT_JUL29 DiffSolverV2 C[t=120] fitted: val_loss=0.0002612 |Y_boot|=1.293 |A|=0.052 Y_mean=-0.8436 q*_mean=['0.000', '0.000', '-29.089']
INFO PLAT_JUL29 DiffSolverV2 C[t=119] fitted: val_loss=0.0002217 |Y_boot|=1.292 |A|=0.06265 Y_mean=-0.8306 q*_mean=['0.000', '0.000', '-28.668']
INFO PLAT_JUL29 DiffSolverV2 C[t=118] fitted: val_loss=0.0001436 |Y_boot|=1.293 |A|=0.07309 Y_mean=-0.8252 q*_mean=['0.000', '-5.701', '-24.500']
INFO PLAT_JUL29 DiffSolverV2 C[t=117] fitted: val_loss=0.0002432 |Y_boot|=1.291 |A|=0.07829 Y_mean=-0.8138 q*_mean=['0.000', '-5.688', '-24.683']
INFO PLAT_JUL29 DiffSolverV2 C[t=116] fitted: val_loss=0.0004066 |Y_boot|=1.29 |A|=0.07861 Y_mean=-0.8077 q*_mean=['0.000', '-5.988', '-25.275']
INFO PLAT_JUL29 DiffSolverV2 C[t=115] fitted: val_loss=0.0007327 |Y_boot|=1.292 |A|=0.07314 Y_mean=-0.8073 q*_mean=['0.000', '-6.921', '-24.854']
INFO PLAT_JUL29 DiffSolverV2 C[t=114] fitted: val_loss=0.001008 |Y_boot|=1.294 |A|=0.06751 Y_mean=-0.8143 q*_mean=['0.000', '-5.017', '-25.128']
INFO PLAT_JUL29 DiffSolverV2 C[t=113] fitted: val_loss=0.0009842 |Y_boot|=1.294 |A|=0.06633 Y_mean=-0.8186 q*_mean=['0.000', '-5.029', '-25.000']
INFO PLAT_JUL29 DiffSolverV2 C[t=112] fitted: val_loss=0.001051 |Y_boot|=1.294 |A|=0.06437 Y_mean=-0.8191 q*_mean=['0.000', '-5.945', '-25.415']
INFO PLAT_JUL29 DiffSolverV2 C[t=111] fitted: val_loss=0.001593 |Y_boot|=1.295 |A|=0.06442 Y_mean=-0.8221 q*_mean=['0.000', '-4.767', '-26.093']
INFO PLAT_JUL29 DiffSolverV2 C[t=110] fitted: val_loss=0.001758 |Y_boot|=1.295 |A|=0.06415 Y_mean=-0.8224 q*_mean=['0.000', '-5.511', '-25.433']
INFO PLAT_JUL29 DiffSolverV2 C[t=109] fitted: val_loss=0.002148 |Y_boot|=1.295 |A|=0.06482 Y_mean=-0.8221 q*_mean=['0.000', '-5.139', '-25.659']
INFO PLAT_JUL29 DiffSolverV2 C[t=108] fitted: val_loss=0.002968 |Y_boot|=1.294 |A|=0.0645 Y_mean=-0.8211 q*_mean=['0.000', '-5.322', '-25.238']
INFO PLAT_JUL29 DiffSolverV2 C[t=107] fitted: val_loss=0.003286 |Y_boot|=1.291 |A|=0.064 Y_mean=-0.8178 q*_mean=['0.000', '-5.157', '-26.099']
INFO PLAT_JUL29 DiffSolverV2 C[t=106] fitted: val_loss=0.003411 |Y_boot|=1.289 |A|=0.06546 Y_mean=-0.816 q*_mean=['0.000', '-4.913', '-26.691']
INFO PLAT_JUL29 DiffSolverV2 C[t=105] fitted: val_loss=0.003526 |Y_boot|=1.29 |A|=0.06498 Y_mean=-0.8165 q*_mean=['0.000', '-5.090', '-26.666']
INFO PLAT_JUL29 DiffSolverV2 C[t=104] fitted: val_loss=0.004164 |Y_boot|=1.289 |A|=0.06424 Y_mean=-0.816 q*_mean=['0.000', '-5.438', '-26.996']
INFO PLAT_JUL29 DiffSolverV2 C[t=103] fitted: val_loss=0.004297 |Y_boot|=1.287 |A|=0.06332 Y_mean=-0.8144 q*_mean=['0.000', '-4.968', '-26.404']
INFO PLAT_JUL29 DiffSolverV2 C[t=102] fitted: val_loss=0.005632 |Y_boot|=1.287 |A|=0.06403 Y_mean=-0.8154 q*_mean=['0.000', '-5.170', '-26.984']
INFO PLAT_JUL29 DiffSolverV2 C[t=101] fitted: val_loss=0.006365 |Y_boot|=1.285 |A|=0.06477 Y_mean=-0.8118 q*_mean=['0.000', '-4.688', '-27.588']
INFO PLAT_JUL29 DiffSolverV2 C[t=100] fitted: val_loss=0.006375 |Y_boot|=1.283 |A|=0.06545 Y_mean=-0.8097 q*_mean=['0.000', '-4.199', '-28.607']
INFO PLAT_JUL29 DiffSolverV2 C[t=99] fitted: val_loss=0.008413 |Y_boot|=1.282 |A|=0.06406 Y_mean=-0.8081 q*_mean=['0.000', '-5.182', '-27.863']
INFO PLAT_JUL29 DiffSolverV2 C[t=98] fitted: val_loss=0.007124 |Y_boot|=1.278 |A|=0.06296 Y_mean=-0.8056 q*_mean=['0.000', '-4.712', '-28.058']
INFO PLAT_JUL29 DiffSolverV2 C[t=97] fitted: val_loss=0.008902 |Y_boot|=1.279 |A|=0.0646 Y_mean=-0.809 q*_mean=['0.000', '-5.457', '-27.997']
INFO PLAT_JUL29 DiffSolverV2 C[t=96] fitted: val_loss=0.01115 |Y_boot|=1.28 |A|=0.06472 Y_mean=-0.8088 q*_mean=['0.000', '-4.236', '-27.716']
INFO PLAT_JUL29 DiffSolverV2 C[t=95] fitted: val_loss=0.01175 |Y_boot|=1.282 |A|=0.06254 Y_mean=-0.8113 q*_mean=['0.000', '-4.926', '-28.027']
INFO PLAT_JUL29 DiffSolverV2 C[t=94] fitted: val_loss=0.01265 |Y_boot|=1.282 |A|=0.06311 Y_mean=-0.8116 q*_mean=['0.000', '-5.414', '-28.271']
INFO PLAT_JUL29 DiffSolverV2 C[t=93] fitted: val_loss=0.01538 |Y_boot|=1.278 |A|=0.06409 Y_mean=-0.8078 q*_mean=['0.000', '-5.164', '-29.108']
INFO PLAT_JUL29 DiffSolverV2 C[t=92] fitted: val_loss=3.126 |Y_boot|=1.253 |A|=0.08 Y_mean=+0.3983 q*_mean=['0.000', '0.000', '-34.375']
INFO PLAT_JUL29 DiffSolverV2 C[t=91] fitted: val_loss=0.5452 |Y_boot|=1.083 |A|=0.07919 Y_mean=-0.3557 q*_mean=['0.000', '-0.134', '-34.076']
INFO PLAT_JUL29 DiffSolverV2 C[t=90] fitted: val_loss=0.2245 |Y_boot|=1.133 |A|=0.07838 Y_mean=-0.525 q*_mean=['0.000', '-0.342', '-34.082']
INFO PLAT_JUL29 DiffSolverV2 C[t=89] fitted: val_loss=0.1366 |Y_boot|=1.163 |A|=0.0778 Y_mean=-0.5865 q*_mean=['0.000', '-0.549', '-33.807']
INFO PLAT_JUL29 DiffSolverV2 C[t=88] fitted: val_loss=0.08923 |Y_boot|=1.183 |A|=0.0774 Y_mean=-0.6367 q*_mean=['0.000', '-0.543', '-33.398']
INFO PLAT_JUL29 DiffSolverV2 C[t=87] fitted: val_loss=0.06326 |Y_boot|=1.193 |A|=0.07644 Y_mean=-0.6607 q*_mean=['0.000', '-0.635', '-33.368']
INFO PLAT_JUL29 DiffSolverV2 C[t=86] fitted: val_loss=0.04979 |Y_boot|=1.197 |A|=0.076 Y_mean=-0.6767 q*_mean=['0.000', '-0.476', '-34.027']
INFO PLAT_JUL29 DiffSolverV2 C[t=85] fitted: val_loss=0.04092 |Y_boot|=1.199 |A|=0.07592 Y_mean=-0.6864 q*_mean=['0.000', '-0.604', '-33.606']
INFO PLAT_JUL29 DiffSolverV2 C[t=84] fitted: val_loss=0.03344 |Y_boot|=1.205 |A|=0.0749 Y_mean=-0.698 q*_mean=['0.000', '-0.787', '-33.478']
INFO PLAT_JUL29 DiffSolverV2 C[t=83] fitted: val_loss=0.02971 |Y_boot|=1.208 |A|=0.07491 Y_mean=-0.7059 q*_mean=['0.000', '-0.922', '-33.728']
INFO PLAT_JUL29 DiffSolverV2 C[t=82] fitted: val_loss=0.02962 |Y_boot|=1.205 |A|=0.07452 Y_mean=-0.7084 q*_mean=['0.000', '-1.141', '-33.746']
INFO PLAT_JUL29 DiffSolverV2 C[t=81] fitted: val_loss=0.02493 |Y_boot|=1.204 |A|=0.07383 Y_mean=-0.7094 q*_mean=['0.000', '-1.154', '-33.533']
INFO PLAT_JUL29 DiffSolverV2 C[t=80] fitted: val_loss=0.02362 |Y_boot|=1.2 |A|=0.07376 Y_mean=-0.7077 q*_mean=['0.000', '-1.007', '-33.795']
INFO PLAT_JUL29 DiffSolverV2 C[t=79] fitted: val_loss=0.02171 |Y_boot|=1.198 |A|=0.07296 Y_mean=-0.7064 q*_mean=['0.000', '-1.044', '-33.667']
INFO PLAT_JUL29 DiffSolverV2 C[t=78] fitted: val_loss=0.02202 |Y_boot|=1.196 |A|=0.07305 Y_mean=-0.707 q*_mean=['0.000', '-1.404', '-33.691']
INFO PLAT_JUL29 DiffSolverV2 C[t=77] fitted: val_loss=0.01665 |Y_boot|=1.196 |A|=0.07258 Y_mean=-0.7069 q*_mean=['0.000', '-1.270', '-34.106']
INFO PLAT_JUL29 DiffSolverV2 C[t=76] fitted: val_loss=0.02052 |Y_boot|=1.197 |A|=0.073 Y_mean=-0.7093 q*_mean=['0.000', '-1.630', '-33.557']
INFO PLAT_JUL29 DiffSolverV2 C[t=75] fitted: val_loss=0.02027 |Y_boot|=1.196 |A|=0.0723 Y_mean=-0.7088 q*_mean=['0.000', '-1.093', '-33.289']
INFO PLAT_JUL29 DiffSolverV2 C[t=74] fitted: val_loss=0.02036 |Y_boot|=1.196 |A|=0.07234 Y_mean=-0.7102 q*_mean=['0.000', '-1.550', '-33.105']
INFO PLAT_JUL29 DiffSolverV2 C[t=73] fitted: val_loss=0.02014 |Y_boot|=1.195 |A|=0.0717 Y_mean=-0.7114 q*_mean=['0.000', '-1.508', '-33.813']
INFO PLAT_JUL29 DiffSolverV2 C[t=72] fitted: val_loss=0.01687 |Y_boot|=1.193 |A|=0.07089 Y_mean=-0.7077 q*_mean=['0.000', '-1.514', '-33.673']
INFO PLAT_JUL29 DiffSolverV2 C[t=71] fitted: val_loss=0.01775 |Y_boot|=1.187 |A|=0.07072 Y_mean=-0.7012 q*_mean=['0.000', '-1.788', '-33.490']
INFO PLAT_JUL29 DiffSolverV2 C[t=70] fitted: val_loss=0.01813 |Y_boot|=1.181 |A|=0.07061 Y_mean=-0.6951 q*_mean=['0.000', '-1.611', '-33.923']
INFO PLAT_JUL29 DiffSolverV2 C[t=69] fitted: val_loss=0.01938 |Y_boot|=1.177 |A|=0.07015 Y_mean=-0.6914 q*_mean=['0.000', '-1.581', '-34.277']
INFO PLAT_JUL29 DiffSolverV2 C[t=68] fitted: val_loss=0.01478 |Y_boot|=1.179 |A|=0.07038 Y_mean=-0.6945 q*_mean=['0.000', '-1.630', '-33.997']
INFO PLAT_JUL29 DiffSolverV2 C[t=67] fitted: val_loss=0.01509 |Y_boot|=1.176 |A|=0.07058 Y_mean=-0.6923 q*_mean=['0.000', '-1.880', '-33.612']
INFO PLAT_JUL29 DiffSolverV2 C[t=66] fitted: val_loss=0.01721 |Y_boot|=1.176 |A|=0.07089 Y_mean=-0.6942 q*_mean=['0.000', '-1.263', '-34.039']
INFO PLAT_JUL29 DiffSolverV2 C[t=65] fitted: val_loss=0.01892 |Y_boot|=1.17 |A|=0.06975 Y_mean=-0.6889 q*_mean=['0.000', '-1.752', '-33.820']
INFO PLAT_JUL29 DiffSolverV2 C[t=64] fitted: val_loss=0.0143 |Y_boot|=1.167 |A|=0.06963 Y_mean=-0.6867 q*_mean=['0.000', '-1.556', '-33.258']
INFO PLAT_JUL29 DiffSolverV2 C[t=63] fitted: val_loss=0.0125 |Y_boot|=1.164 |A|=0.06918 Y_mean=-0.6852 q*_mean=['0.000', '-1.343', '-32.861']
INFO PLAT_JUL29 DiffSolverV2 C[t=62] fitted: val_loss=0.01612 |Y_boot|=1.163 |A|=0.06929 Y_mean=-0.6859 q*_mean=['0.000', '-1.630', '-33.380']
INFO PLAT_JUL29 DiffSolverV2 C[t=61] fitted: val_loss=0.01392 |Y_boot|=1.163 |A|=0.0694 Y_mean=-0.6875 q*_mean=['0.000', '-1.691', '-33.179']
INFO PLAT_JUL29 DiffSolverV2 C[t=60] fitted: val_loss=0.01229 |Y_boot|=1.163 |A|=0.06894 Y_mean=-0.6875 q*_mean=['0.000', '-1.886', '-33.215']
INFO PLAT_JUL29 DiffSolverV2 C[t=59] fitted: val_loss=0.01662 |Y_boot|=1.16 |A|=0.06737 Y_mean=-0.687 q*_mean=['0.000', '-1.776', '-32.886']
INFO PLAT_JUL29 DiffSolverV2 C[t=58] fitted: val_loss=0.01505 |Y_boot|=1.165 |A|=0.0684 Y_mean=-0.6947 q*_mean=['0.000', '-1.660', '-32.672']
INFO PLAT_JUL29 DiffSolverV2 C[t=57] fitted: val_loss=0.01394 |Y_boot|=1.159 |A|=0.06792 Y_mean=-0.6882 q*_mean=['0.000', '-1.727', '-32.745']
INFO PLAT_JUL29 DiffSolverV2 C[t=56] fitted: val_loss=0.01402 |Y_boot|=1.155 |A|=0.06828 Y_mean=-0.6862 q*_mean=['0.000', '-1.764', '-32.819']
INFO PLAT_JUL29 DiffSolverV2 C[t=55] fitted: val_loss=0.01702 |Y_boot|=1.15 |A|=0.06835 Y_mean=-0.6804 q*_mean=['0.000', '-1.929', '-32.404']
INFO PLAT_JUL29 DiffSolverV2 C[t=54] fitted: val_loss=0.01476 |Y_boot|=1.147 |A|=0.06983 Y_mean=-0.6792 q*_mean=['0.000', '-2.118', '-32.068']
INFO PLAT_JUL29 DiffSolverV2 C[t=53] fitted: val_loss=0.01401 |Y_boot|=1.145 |A|=0.06772 Y_mean=-0.6763 q*_mean=['0.000', '-2.203', '-31.763']
INFO PLAT_JUL29 DiffSolverV2 C[t=52] fitted: val_loss=0.01352 |Y_boot|=1.142 |A|=0.0691 Y_mean=-0.678 q*_mean=['0.000', '-2.686', '-31.451']
INFO PLAT_JUL29 DiffSolverV2 C[t=51] fitted: val_loss=0.01463 |Y_boot|=1.144 |A|=0.06911 Y_mean=-0.6792 q*_mean=['0.000', '-2.191', '-32.172']
INFO PLAT_JUL29 DiffSolverV2 C[t=50] fitted: val_loss=0.01293 |Y_boot|=1.14 |A|=0.0679 Y_mean=-0.6765 q*_mean=['0.000', '-2.295', '-32.135']
INFO PLAT_JUL29 DiffSolverV2 C[t=49] fitted: val_loss=0.01265 |Y_boot|=1.136 |A|=0.06623 Y_mean=-0.6741 q*_mean=['0.000', '-2.039', '-31.628']
INFO PLAT_JUL29 DiffSolverV2 C[t=48] fitted: val_loss=0.01262 |Y_boot|=1.132 |A|=0.06767 Y_mean=-0.6726 q*_mean=['0.000', '-2.087', '-31.055']
INFO PLAT_JUL29 DiffSolverV2 C[t=47] fitted: val_loss=0.01409 |Y_boot|=1.126 |A|=0.06701 Y_mean=-0.6665 q*_mean=['0.000', '-1.733', '-32.257']
INFO PLAT_JUL29 DiffSolverV2 C[t=46] fitted: val_loss=0.0128 |Y_boot|=1.12 |A|=0.06752 Y_mean=-0.6626 q*_mean=['0.000', '-1.788', '-31.769']
INFO PLAT_JUL29 DiffSolverV2 C[t=45] fitted: val_loss=0.01281 |Y_boot|=1.119 |A|=0.06817 Y_mean=-0.6637 q*_mean=['0.000', '-2.148', '-31.976']
INFO PLAT_JUL29 DiffSolverV2 C[t=44] fitted: val_loss=0.01486 |Y_boot|=1.116 |A|=0.06794 Y_mean=-0.6589 q*_mean=['0.000', '-1.978', '-31.879']
INFO PLAT_JUL29 DiffSolverV2 C[t=43] fitted: val_loss=0.01479 |Y_boot|=1.114 |A|=0.06628 Y_mean=-0.658 q*_mean=['0.000', '-2.380', '-31.750']
INFO PLAT_JUL29 DiffSolverV2 C[t=42] fitted: val_loss=0.01303 |Y_boot|=1.105 |A|=0.06556 Y_mean=-0.6516 q*_mean=['0.000', '-2.576', '-30.627']
INFO PLAT_JUL29 DiffSolverV2 C[t=41] fitted: val_loss=0.01095 |Y_boot|=1.102 |A|=0.06522 Y_mean=-0.6487 q*_mean=['0.000', '-2.539', '-30.597']
INFO PLAT_JUL29 DiffSolverV2 C[t=40] fitted: val_loss=0.01261 |Y_boot|=1.106 |A|=0.06552 Y_mean=-0.6547 q*_mean=['0.000', '-2.545', '-30.664']
INFO PLAT_JUL29 DiffSolverV2 C[t=39] fitted: val_loss=0.01247 |Y_boot|=1.101 |A|=0.06671 Y_mean=-0.6497 q*_mean=['0.000', '-2.679', '-30.762']
INFO PLAT_JUL29 DiffSolverV2 C[t=38] fitted: val_loss=0.01575 |Y_boot|=1.099 |A|=0.06762 Y_mean=-0.648 q*_mean=['0.000', '-2.460', '-31.183']
INFO PLAT_JUL29 DiffSolverV2 C[t=37] fitted: val_loss=0.01306 |Y_boot|=1.095 |A|=0.06768 Y_mean=-0.6426 q*_mean=['0.000', '-2.527', '-31.024']
INFO PLAT_JUL29 DiffSolverV2 C[t=36] fitted: val_loss=0.01617 |Y_boot|=1.096 |A|=0.06662 Y_mean=-0.6443 q*_mean=['0.000', '-2.100', '-31.445']
INFO PLAT_JUL29 DiffSolverV2 C[t=35] fitted: val_loss=0.01395 |Y_boot|=1.096 |A|=0.06692 Y_mean=-0.6473 q*_mean=['0.000', '-2.576', '-30.695']
INFO PLAT_JUL29 DiffSolverV2 C[t=34] fitted: val_loss=0.01275 |Y_boot|=1.098 |A|=0.06651 Y_mean=-0.6499 q*_mean=['0.000', '-2.972', '-30.237']
INFO PLAT_JUL29 DiffSolverV2 C[t=33] fitted: val_loss=0.01668 |Y_boot|=1.093 |A|=0.06568 Y_mean=-0.6453 q*_mean=['0.000', '-2.191', '-30.237']
INFO PLAT_JUL29 DiffSolverV2 C[t=32] fitted: val_loss=0.01097 |Y_boot|=1.094 |A|=0.06472 Y_mean=-0.6476 q*_mean=['0.000', '-2.594', '-30.768']
INFO PLAT_JUL29 DiffSolverV2 C[t=31] fitted: val_loss=0.0165 |Y_boot|=1.094 |A|=0.06577 Y_mean=-0.6478 q*_mean=['0.000', '-2.325', '-30.945']
INFO PLAT_JUL29 DiffSolverV2 C[t=30] fitted: val_loss=0.01395 |Y_boot|=1.092 |A|=0.06552 Y_mean=-0.6443 q*_mean=['0.000', '-1.917', '-31.323']
INFO PLAT_JUL29 DiffSolverV2 C[t=29] fitted: val_loss=0.01509 |Y_boot|=1.09 |A|=0.06505 Y_mean=-0.6417 q*_mean=['0.000', '-1.843', '-31.409']
INFO PLAT_JUL29 DiffSolverV2 C[t=28] fitted: val_loss=0.01548 |Y_boot|=1.089 |A|=0.06719 Y_mean=-0.6437 q*_mean=['-16.113', '-2.209', '-31.677']
INFO PLAT_JUL29 DiffSolverV2 C[t=27] fitted: val_loss=0.01362 |Y_boot|=1.089 |A|=0.06414 Y_mean=-0.6454 q*_mean=['-10.712', '-6.512', '-10.284']
INFO PLAT_JUL29 DiffSolverV2 C[t=26] fitted: val_loss=0.01416 |Y_boot|=1.084 |A|=0.06179 Y_mean=-0.6439 q*_mean=['-11.163', '-6.372', '-10.297']
INFO PLAT_JUL29 DiffSolverV2 C[t=25] fitted: val_loss=0.01134 |Y_boot|=1.088 |A|=0.06154 Y_mean=-0.6506 q*_mean=['-9.967', '-7.092', '-10.803']
INFO PLAT_JUL29 DiffSolverV2 C[t=24] fitted: val_loss=0.01101 |Y_boot|=1.086 |A|=0.06027 Y_mean=-0.6482 q*_mean=['-10.931', '-6.641', '-9.088']
INFO PLAT_JUL29 DiffSolverV2 C[t=23] fitted: val_loss=0.01319 |Y_boot|=1.079 |A|=0.06145 Y_mean=-0.6424 q*_mean=['-10.638', '-7.159', '-9.375']
INFO PLAT_JUL29 DiffSolverV2 C[t=22] fitted: val_loss=0.01298 |Y_boot|=1.076 |A|=0.06032 Y_mean=-0.6381 q*_mean=['-9.613', '-7.513', '-8.759']
INFO PLAT_JUL29 DiffSolverV2 C[t=21] fitted: val_loss=0.01193 |Y_boot|=1.074 |A|=0.06123 Y_mean=-0.6376 q*_mean=['-9.802', '-7.098', '-8.575']
INFO PLAT_JUL29 DiffSolverV2 C[t=20] fitted: val_loss=0.01312 |Y_boot|=1.074 |A|=0.05672 Y_mean=-0.6358 q*_mean=['-9.875', '-7.288', '-8.905']
INFO PLAT_JUL29 DiffSolverV2 C[t=19] fitted: val_loss=0.01311 |Y_boot|=1.077 |A|=0.05591 Y_mean=-0.6428 q*_mean=['-9.674', '-7.227', '-9.021']
INFO PLAT_JUL29 DiffSolverV2 C[t=18] fitted: val_loss=0.01203 |Y_boot|=1.072 |A|=0.05199 Y_mean=-0.6394 q*_mean=['-10.510', '-7.068', '-8.765']
INFO PLAT_JUL29 DiffSolverV2 C[t=17] fitted: val_loss=0.0124 |Y_boot|=1.068 |A|=0.05153 Y_mean=-0.6406 q*_mean=['-10.205', '-7.416', '-7.947']
INFO PLAT_JUL29 DiffSolverV2 C[t=16] fitted: val_loss=0.0141 |Y_boot|=1.062 |A|=0.04961 Y_mean=-0.6361 q*_mean=['-9.839', '-8.136', '-8.508']
INFO PLAT_JUL29 DiffSolverV2 C[t=15] fitted: val_loss=0.01217 |Y_boot|=1.053 |A|=0.04511 Y_mean=-0.63 q*_mean=['-10.583', '-7.928', '-8.356']
INFO PLAT_JUL29 DiffSolverV2 C[t=14] fitted: val_loss=0.01224 |Y_boot|=1.055 |A|=0.04934 Y_mean=-0.6365 q*_mean=['-9.418', '-7.520', '-8.679']
INFO PLAT_JUL29 DiffSolverV2 C[t=13] fitted: val_loss=0.01441 |Y_boot|=1.049 |A|=0.0534 Y_mean=-0.6267 q*_mean=['-9.766', '-8.215', '-8.777']
INFO PLAT_JUL29 DiffSolverV2 C[t=12] fitted: val_loss=0.01094 |Y_boot|=1.05 |A|=0.05285 Y_mean=-0.6232 q*_mean=['-9.686', '-7.397', '-8.783']
INFO PLAT_JUL29 DiffSolverV2 C[t=11] fitted: val_loss=0.01213 |Y_boot|=1.045 |A|=0.05432 Y_mean=-0.6183 q*_mean=['-8.936', '-8.093', '-8.496']
INFO PLAT_JUL29 DiffSolverV2 C[t=10] fitted: val_loss=0.01366 |Y_boot|=1.044 |A|=0.05741 Y_mean=-0.6152 q*_mean=['-9.570', '-8.685', '-9.033']
INFO PLAT_JUL29 DiffSolverV2 C[t=9] fitted: val_loss=0.01195 |Y_boot|=1.042 |A|=0.0601 Y_mean=-0.6113 q*_mean=['-8.527', '-7.751', '-8.887']
INFO PLAT_JUL29 DiffSolverV2 C[t=8] fitted: val_loss=0.01258 |Y_boot|=1.038 |A|=0.0582 Y_mean=-0.6053 q*_mean=['-9.076', '-8.301', '-8.179']
INFO PLAT_JUL29 DiffSolverV2 C[t=7] fitted: val_loss=0.0152 |Y_boot|=1.034 |A|=0.05795 Y_mean=-0.6037 q*_mean=['-9.235', '-8.246', '-8.514']
INFO PLAT_JUL29 DiffSolverV2 C[t=6] fitted: val_loss=0.0147 |Y_boot|=1.028 |A|=0.04947 Y_mean=-0.5993 q*_mean=['-8.594', '-8.484', '-8.002']
INFO PLAT_JUL29 DiffSolverV2 C[t=5] fitted: val_loss=0.01151 |Y_boot|=1.019 |A|=0.04502 Y_mean=-0.5964 q*_mean=['-9.143', '-8.435', '-7.977']
INFO PLAT_JUL29 DiffSolverV2 C[t=4] fitted: val_loss=0.01426 |Y_boot|=1.015 |A|=0.04542 Y_mean=-0.5972 q*_mean=['-8.832', '-8.344', '-6.921']
INFO PLAT_JUL29 DiffSolverV2 C[t=3] fitted: val_loss=0.01528 |Y_boot|=1.016 |A|=0.04706 Y_mean=-0.5985 q*_mean=['-9.222', '-9.015', '-6.812']
INFO PLAT_JUL29 DiffSolverV2 C[t=2] fitted: val_loss=0.01125 |Y_boot|=1.018 |A|=0.05462 Y_mean=-0.6006 q*_mean=['-8.966', '-9.528', '-5.908']
INFO PLAT_JUL29 DiffSolverV2 C[t=1] fitted: val_loss=0.01166 |Y_boot|=1.015 |A|=0.05392 Y_mean=-0.5899 q*_mean=['-9.369', '-9.259', '-5.402']
INFO PLAT_JUL29 DiffSolverV2 C[t=0] fitted: val_loss=0.01191 |Y_boot|=1.008 |A|=0.05155 Y_mean=-0.5842 q*_mean=['-10.211', '-9.686', '-2.832']
INFO PLAT_JUL29 DiffSolverV2 sweep complete: t=125→0 | max|Y_boot|=1.299 (BOUNDED) | V_0=-0.584231 | n_star@t=0=[-10.211181640625, -9.686279296875, -2.83203125]
INFO PLAT_JUL29 DiffSolverV2 SAVED value fn to /home/vretiel/PycharmProjects/riskflow/artifacts/walk_forward/artifacts/walk_forward/driftless_gpu1/value_fn_202204_garch_s42.pt (V_0=-0.584231)
INFO PLAT_JUL29 DiffSolverV2 IN-SAMPLE vs OOS u(W_T): greedy IS=-0.77278 OOS=-0.69159 | textbook IS=-0.88583 OOS=-0.84680 (gap IS−OOS greedy=-0.08119 → overfit if large)
INFO PLAT_JUL29 DiffSolverV2 VERDICT (OUT-OF-SAMPLE rollout t=0→T over 1024 outer paths, start flat):
  policy    u(W_T)mean    W_T mean       W_T p5         W_T CVaR5
  greedy    -0.69159    +2.9448e+04   -7.2305e+05   -8.8046e+05
  textbook  -0.84680    -5.4003e+02   -7.6788e+05   -9.3892e+05
  nohedge   -1.05508    -1.5475e+03   -8.8303e+05   -1.0426e+06
  → on the OBJECTIVE E[u(W_T)]: beats no-hedge=True, beats textbook=True | tail(CVaR5) competitive w/ textbook=True
INFO PLAT_JUL29 DiffSolverV2 greedy positions: mean|q| per instrument=['2.07', '3.16', '25.36'] | q@t0=[-3.57666015625, -5.37109375, -1.080322265625] | q@mid=[0.0, -0.74462890625, -32.025146484375] (textbook q@t0=[-7.0185441970825195, -7.005913257598877, -6.925699234008789])
INFO PLAT_JUL29 solve_hedge tracks: {'DiffSolverV2': -0.5842} | ladder holds=True
INFO PLAT_JUL29 === TRAIN 202204 seed=314 (fair=994.87, strike=986.87) ===
WARNING md_202204_garch_driftless Price Factor 'DiscountRate.USD-SOFR' not found in market data
INFO md_202204_garch_driftless Creating default Discount Factor(type='DiscountRate', name=('USD-SOFR',))
INFO PLAT_JUL29 liability scalars: total_leg_volume=2500.0 last_settlement_index=155
INFO PLAT_JUL29 utility_scale (symlog c) resolved to 901349.80
INFO PLAT_JUL29 DiffSolverV2 setup: n_hedge=3 active=[0, 1, 2] T_dec=126 (of 128 sim steps; last-live mtm=[-2]) B_outer=2048 levels=9 fit_iters=40 lr=0.002 | contract_size=[50.0, 50.0, 50.0] | q∈[[-50.0, -50.0, -50.0], [0.0, 0.0, 0.0]] total_abs_limit=50
INFO PLAT_JUL29 DiffSolverV2 inner forks: one_step=True (window {t, t+1} generation+pricing)
INFO PLAT_JUL29 DiffSolverV2 bank: market_dim=7 | swept W∈[-1.446e+06, 2.703e+06] mean=-1914 std=4.884e+05 | q_rep(t=0)=[-6.665502071380615, -6.637998104095459, -6.566404819488525]
INFO PLAT_JUL29 DiffSolverV2 action grid: K=165 actions (levels=9 ^ active=3)
INFO PLAT_JUL29 DiffSolverV2 C[t=125] fitted: val_loss=0.0002101 |Y_boot|=1.312 |A|=0.0068 Y_mean=-0.8662 q*_mean=['0.000', '0.000', '-28.522']
INFO PLAT_JUL29 DiffSolverV2 C[t=124] fitted: val_loss=0.0002283 |Y_boot|=1.31 |A|=0.01527 Y_mean=-0.859 q*_mean=['0.000', '0.000', '-28.857']
INFO PLAT_JUL29 DiffSolverV2 C[t=123] fitted: val_loss=0.0002346 |Y_boot|=1.309 |A|=0.02126 Y_mean=-0.8505 q*_mean=['0.000', '0.000', '-28.656']
INFO PLAT_JUL29 DiffSolverV2 C[t=122] fitted: val_loss=0.0002268 |Y_boot|=1.309 |A|=0.02896 Y_mean=-0.8438 q*_mean=['0.000', '0.000', '-28.253']
INFO PLAT_JUL29 DiffSolverV2 C[t=121] fitted: val_loss=0.0002767 |Y_boot|=1.307 |A|=0.0408 Y_mean=-0.8351 q*_mean=['0.000', '0.000', '-28.662']
INFO PLAT_JUL29 DiffSolverV2 C[t=120] fitted: val_loss=0.000276 |Y_boot|=1.307 |A|=0.05403 Y_mean=-0.8235 q*_mean=['0.000', '0.000', '-28.619']
INFO PLAT_JUL29 DiffSolverV2 C[t=119] fitted: val_loss=0.0002559 |Y_boot|=1.307 |A|=0.06354 Y_mean=-0.8108 q*_mean=['0.000', '0.000', '-28.082']
INFO PLAT_JUL29 DiffSolverV2 C[t=118] fitted: val_loss=0.0001273 |Y_boot|=1.31 |A|=0.07093 Y_mean=-0.806 q*_mean=['0.000', '-6.421', '-24.335']
INFO PLAT_JUL29 DiffSolverV2 C[t=117] fitted: val_loss=0.0002078 |Y_boot|=1.307 |A|=0.07997 Y_mean=-0.797 q*_mean=['0.000', '-6.256', '-23.651']
INFO PLAT_JUL29 DiffSolverV2 C[t=116] fitted: val_loss=0.0005824 |Y_boot|=1.309 |A|=0.07261 Y_mean=-0.7885 q*_mean=['0.000', '-5.804', '-24.475']
INFO PLAT_JUL29 DiffSolverV2 C[t=115] fitted: val_loss=0.0007371 |Y_boot|=1.308 |A|=0.0697 Y_mean=-0.7963 q*_mean=['0.000', '-5.865', '-25.098']
INFO PLAT_JUL29 DiffSolverV2 C[t=114] fitted: val_loss=0.001063 |Y_boot|=1.308 |A|=0.06788 Y_mean=-0.7988 q*_mean=['0.000', '-6.152', '-25.256']
INFO PLAT_JUL29 DiffSolverV2 C[t=113] fitted: val_loss=0.001069 |Y_boot|=1.31 |A|=0.06633 Y_mean=-0.8028 q*_mean=['0.000', '-5.908', '-24.524']
INFO PLAT_JUL29 DiffSolverV2 C[t=112] fitted: val_loss=0.001056 |Y_boot|=1.311 |A|=0.06849 Y_mean=-0.8052 q*_mean=['0.000', '-5.225', '-24.731']
INFO PLAT_JUL29 DiffSolverV2 C[t=111] fitted: val_loss=0.001296 |Y_boot|=1.31 |A|=0.06587 Y_mean=-0.8013 q*_mean=['0.000', '-6.653', '-24.561']
INFO PLAT_JUL29 DiffSolverV2 C[t=110] fitted: val_loss=0.00155 |Y_boot|=1.309 |A|=0.06449 Y_mean=-0.8023 q*_mean=['0.000', '-6.073', '-24.408']
INFO PLAT_JUL29 DiffSolverV2 C[t=109] fitted: val_loss=0.001709 |Y_boot|=1.309 |A|=0.06313 Y_mean=-0.8029 q*_mean=['0.000', '-5.701', '-24.628']
INFO PLAT_JUL29 DiffSolverV2 C[t=108] fitted: val_loss=0.002819 |Y_boot|=1.31 |A|=0.06323 Y_mean=-0.8039 q*_mean=['0.000', '-5.621', '-25.635']
INFO PLAT_JUL29 DiffSolverV2 C[t=107] fitted: val_loss=0.002778 |Y_boot|=1.306 |A|=0.06403 Y_mean=-0.8018 q*_mean=['0.000', '-5.164', '-26.202']
INFO PLAT_JUL29 DiffSolverV2 C[t=106] fitted: val_loss=0.003609 |Y_boot|=1.304 |A|=0.0629 Y_mean=-0.7995 q*_mean=['0.000', '-6.146', '-25.867']
INFO PLAT_JUL29 DiffSolverV2 C[t=105] fitted: val_loss=0.003562 |Y_boot|=1.303 |A|=0.06151 Y_mean=-0.7997 q*_mean=['0.000', '-4.852', '-26.300']
INFO PLAT_JUL29 DiffSolverV2 C[t=104] fitted: val_loss=0.0045 |Y_boot|=1.302 |A|=0.0624 Y_mean=-0.7997 q*_mean=['0.000', '-4.474', '-26.526']
INFO PLAT_JUL29 DiffSolverV2 C[t=103] fitted: val_loss=0.004901 |Y_boot|=1.305 |A|=0.06454 Y_mean=-0.801 q*_mean=['0.000', '-4.785', '-26.642']
INFO PLAT_JUL29 DiffSolverV2 C[t=102] fitted: val_loss=0.006284 |Y_boot|=1.303 |A|=0.06466 Y_mean=-0.7973 q*_mean=['0.000', '-4.413', '-25.970']
INFO PLAT_JUL29 DiffSolverV2 C[t=101] fitted: val_loss=0.006997 |Y_boot|=1.303 |A|=0.06279 Y_mean=-0.7974 q*_mean=['0.000', '-4.584', '-26.996']
INFO PLAT_JUL29 DiffSolverV2 C[t=100] fitted: val_loss=0.008251 |Y_boot|=1.303 |A|=0.06237 Y_mean=-0.8005 q*_mean=['0.000', '-4.810', '-27.130']
INFO PLAT_JUL29 DiffSolverV2 C[t=99] fitted: val_loss=0.009193 |Y_boot|=1.301 |A|=0.06337 Y_mean=-0.7985 q*_mean=['0.000', '-5.151', '-26.276']
INFO PLAT_JUL29 DiffSolverV2 C[t=98] fitted: val_loss=0.007557 |Y_boot|=1.306 |A|=0.06474 Y_mean=-0.8018 q*_mean=['0.000', '-5.066', '-26.764']
INFO PLAT_JUL29 DiffSolverV2 C[t=97] fitted: val_loss=0.008229 |Y_boot|=1.3 |A|=0.06387 Y_mean=-0.7945 q*_mean=['0.000', '-5.280', '-26.221']
INFO PLAT_JUL29 DiffSolverV2 C[t=96] fitted: val_loss=0.01056 |Y_boot|=1.302 |A|=0.06268 Y_mean=-0.7966 q*_mean=['0.000', '-5.145', '-27.148']
INFO PLAT_JUL29 DiffSolverV2 C[t=95] fitted: val_loss=0.01294 |Y_boot|=1.296 |A|=0.06135 Y_mean=-0.7913 q*_mean=['0.000', '-4.993', '-27.466']
INFO PLAT_JUL29 DiffSolverV2 C[t=94] fitted: val_loss=0.01085 |Y_boot|=1.29 |A|=0.06039 Y_mean=-0.7872 q*_mean=['0.000', '-4.877', '-27.679']
INFO PLAT_JUL29 DiffSolverV2 C[t=93] fitted: val_loss=0.01406 |Y_boot|=1.288 |A|=0.06275 Y_mean=-0.7861 q*_mean=['0.000', '-4.865', '-27.869']
INFO PLAT_JUL29 DiffSolverV2 C[t=92] fitted: val_loss=2.734 |Y_boot|=1.215 |A|=0.07917 Y_mean=+0.3194 q*_mean=['0.000', '0.000', '-32.373']
INFO PLAT_JUL29 DiffSolverV2 C[t=91] fitted: val_loss=0.5102 |Y_boot|=1.103 |A|=0.07836 Y_mean=-0.353 q*_mean=['0.000', '-0.238', '-33.417']
INFO PLAT_JUL29 DiffSolverV2 C[t=90] fitted: val_loss=0.2188 |Y_boot|=1.151 |A|=0.07837 Y_mean=-0.509 q*_mean=['0.000', '-0.226', '-33.411']
INFO PLAT_JUL29 DiffSolverV2 C[t=89] fitted: val_loss=0.1294 |Y_boot|=1.182 |A|=0.07782 Y_mean=-0.5785 q*_mean=['0.000', '-0.311', '-32.800']
INFO PLAT_JUL29 DiffSolverV2 C[t=88] fitted: val_loss=0.08404 |Y_boot|=1.197 |A|=0.07714 Y_mean=-0.6207 q*_mean=['0.000', '-0.641', '-32.666']
INFO PLAT_JUL29 DiffSolverV2 C[t=87] fitted: val_loss=0.06291 |Y_boot|=1.206 |A|=0.07642 Y_mean=-0.6393 q*_mean=['0.000', '-0.562', '-33.069']
INFO PLAT_JUL29 DiffSolverV2 C[t=86] fitted: val_loss=0.05072 |Y_boot|=1.211 |A|=0.07624 Y_mean=-0.6537 q*_mean=['0.000', '-0.623', '-32.318']
INFO PLAT_JUL29 DiffSolverV2 C[t=85] fitted: val_loss=0.04316 |Y_boot|=1.214 |A|=0.07538 Y_mean=-0.6641 q*_mean=['0.000', '-1.007', '-32.300']
INFO PLAT_JUL29 DiffSolverV2 C[t=84] fitted: val_loss=0.03355 |Y_boot|=1.212 |A|=0.07499 Y_mean=-0.6673 q*_mean=['0.000', '-0.763', '-32.532']
INFO PLAT_JUL29 DiffSolverV2 C[t=83] fitted: val_loss=0.02936 |Y_boot|=1.214 |A|=0.07425 Y_mean=-0.6741 q*_mean=['0.000', '-0.714', '-32.764']
INFO PLAT_JUL29 DiffSolverV2 C[t=82] fitted: val_loss=0.02631 |Y_boot|=1.216 |A|=0.07422 Y_mean=-0.6805 q*_mean=['0.000', '-1.221', '-32.263']
INFO PLAT_JUL29 DiffSolverV2 C[t=81] fitted: val_loss=0.0226 |Y_boot|=1.22 |A|=0.07398 Y_mean=-0.6884 q*_mean=['0.000', '-1.001', '-32.037']
INFO PLAT_JUL29 DiffSolverV2 C[t=80] fitted: val_loss=0.01767 |Y_boot|=1.216 |A|=0.0734 Y_mean=-0.6879 q*_mean=['0.000', '-1.178', '-32.330']
INFO PLAT_JUL29 DiffSolverV2 C[t=79] fitted: val_loss=0.01928 |Y_boot|=1.216 |A|=0.07322 Y_mean=-0.6905 q*_mean=['0.000', '-1.031', '-32.825']
INFO PLAT_JUL29 DiffSolverV2 C[t=78] fitted: val_loss=0.0212 |Y_boot|=1.216 |A|=0.07314 Y_mean=-0.6922 q*_mean=['0.000', '-1.794', '-32.043']
INFO PLAT_JUL29 DiffSolverV2 C[t=77] fitted: val_loss=0.02021 |Y_boot|=1.215 |A|=0.07293 Y_mean=-0.692 q*_mean=['0.000', '-1.740', '-31.683']
INFO PLAT_JUL29 DiffSolverV2 C[t=76] fitted: val_loss=0.01742 |Y_boot|=1.212 |A|=0.07209 Y_mean=-0.6882 q*_mean=['0.000', '-1.373', '-32.367']
INFO PLAT_JUL29 DiffSolverV2 C[t=75] fitted: val_loss=0.01971 |Y_boot|=1.21 |A|=0.07238 Y_mean=-0.6886 q*_mean=['0.000', '-1.520', '-32.568']
INFO PLAT_JUL29 DiffSolverV2 C[t=74] fitted: val_loss=0.01279 |Y_boot|=1.201 |A|=0.07127 Y_mean=-0.6807 q*_mean=['0.000', '-1.660', '-32.648']
INFO PLAT_JUL29 DiffSolverV2 C[t=73] fitted: val_loss=0.01431 |Y_boot|=1.195 |A|=0.071 Y_mean=-0.6798 q*_mean=['0.000', '-1.355', '-32.941']
INFO PLAT_JUL29 DiffSolverV2 C[t=72] fitted: val_loss=0.01222 |Y_boot|=1.192 |A|=0.07059 Y_mean=-0.6757 q*_mean=['0.000', '-1.245', '-33.276']
INFO PLAT_JUL29 DiffSolverV2 C[t=71] fitted: val_loss=0.01513 |Y_boot|=1.183 |A|=0.07173 Y_mean=-0.6669 q*_mean=['0.000', '-1.227', '-33.252']
INFO PLAT_JUL29 DiffSolverV2 C[t=70] fitted: val_loss=0.01287 |Y_boot|=1.187 |A|=0.0715 Y_mean=-0.6685 q*_mean=['0.000', '-1.300', '-32.587']
INFO PLAT_JUL29 DiffSolverV2 C[t=69] fitted: val_loss=0.01524 |Y_boot|=1.182 |A|=0.07078 Y_mean=-0.6654 q*_mean=['0.000', '-1.642', '-32.672']
INFO PLAT_JUL29 DiffSolverV2 C[t=68] fitted: val_loss=0.01386 |Y_boot|=1.182 |A|=0.07062 Y_mean=-0.6668 q*_mean=['0.000', '-1.465', '-32.568']
INFO PLAT_JUL29 DiffSolverV2 C[t=67] fitted: val_loss=0.01485 |Y_boot|=1.179 |A|=0.07054 Y_mean=-0.6648 q*_mean=['0.000', '-1.910', '-33.203']
INFO PLAT_JUL29 DiffSolverV2 C[t=66] fitted: val_loss=0.01357 |Y_boot|=1.182 |A|=0.0702 Y_mean=-0.6713 q*_mean=['0.000', '-1.917', '-32.892']
INFO PLAT_JUL29 DiffSolverV2 C[t=65] fitted: val_loss=0.01525 |Y_boot|=1.181 |A|=0.07082 Y_mean=-0.6727 q*_mean=['0.000', '-1.477', '-33.130']
INFO PLAT_JUL29 DiffSolverV2 C[t=64] fitted: val_loss=0.01658 |Y_boot|=1.183 |A|=0.07001 Y_mean=-0.6733 q*_mean=['0.000', '-1.831', '-33.112']
INFO PLAT_JUL29 DiffSolverV2 C[t=63] fitted: val_loss=0.0156 |Y_boot|=1.179 |A|=0.07045 Y_mean=-0.6732 q*_mean=['0.000', '-1.221', '-33.185']
INFO PLAT_JUL29 DiffSolverV2 C[t=62] fitted: val_loss=0.01215 |Y_boot|=1.177 |A|=0.06896 Y_mean=-0.6703 q*_mean=['0.000', '-1.691', '-32.465']
INFO PLAT_JUL29 DiffSolverV2 C[t=61] fitted: val_loss=0.01402 |Y_boot|=1.176 |A|=0.0689 Y_mean=-0.6718 q*_mean=['0.000', '-2.173', '-31.348']
INFO PLAT_JUL29 DiffSolverV2 C[t=60] fitted: val_loss=0.01486 |Y_boot|=1.167 |A|=0.06796 Y_mean=-0.6647 q*_mean=['0.000', '-1.917', '-31.909']
INFO PLAT_JUL29 DiffSolverV2 C[t=59] fitted: val_loss=0.01363 |Y_boot|=1.171 |A|=0.06967 Y_mean=-0.6704 q*_mean=['0.000', '-1.447', '-32.251']
INFO PLAT_JUL29 DiffSolverV2 C[t=58] fitted: val_loss=0.01331 |Y_boot|=1.17 |A|=0.06942 Y_mean=-0.6661 q*_mean=['0.000', '-1.770', '-32.477']
INFO PLAT_JUL29 DiffSolverV2 C[t=57] fitted: val_loss=0.0125 |Y_boot|=1.168 |A|=0.06892 Y_mean=-0.6642 q*_mean=['0.000', '-1.801', '-32.721']
INFO PLAT_JUL29 DiffSolverV2 C[t=56] fitted: val_loss=0.01259 |Y_boot|=1.169 |A|=0.06928 Y_mean=-0.6671 q*_mean=['0.000', '-1.349', '-32.874']
INFO PLAT_JUL29 DiffSolverV2 C[t=55] fitted: val_loss=0.01076 |Y_boot|=1.169 |A|=0.06852 Y_mean=-0.6678 q*_mean=['0.000', '-1.617', '-32.312']
INFO PLAT_JUL29 DiffSolverV2 C[t=54] fitted: val_loss=0.0136 |Y_boot|=1.165 |A|=0.06897 Y_mean=-0.6647 q*_mean=['0.000', '-2.008', '-31.970']
INFO PLAT_JUL29 DiffSolverV2 C[t=53] fitted: val_loss=0.01328 |Y_boot|=1.167 |A|=0.06903 Y_mean=-0.6665 q*_mean=['0.000', '-1.624', '-32.343']
INFO PLAT_JUL29 DiffSolverV2 C[t=52] fitted: val_loss=0.01452 |Y_boot|=1.169 |A|=0.0689 Y_mean=-0.6683 q*_mean=['0.000', '-1.953', '-32.361']
INFO PLAT_JUL29 DiffSolverV2 C[t=51] fitted: val_loss=0.01215 |Y_boot|=1.165 |A|=0.06741 Y_mean=-0.6672 q*_mean=['0.000', '-1.849', '-31.390']
INFO PLAT_JUL29 DiffSolverV2 C[t=50] fitted: val_loss=0.01214 |Y_boot|=1.163 |A|=0.06651 Y_mean=-0.6679 q*_mean=['0.000', '-2.094', '-31.604']
INFO PLAT_JUL29 DiffSolverV2 C[t=49] fitted: val_loss=0.01313 |Y_boot|=1.161 |A|=0.06583 Y_mean=-0.6656 q*_mean=['0.000', '-1.550', '-32.013']
INFO PLAT_JUL29 DiffSolverV2 C[t=48] fitted: val_loss=0.01155 |Y_boot|=1.155 |A|=0.06671 Y_mean=-0.6609 q*_mean=['0.000', '-2.539', '-30.774']
INFO PLAT_JUL29 DiffSolverV2 C[t=47] fitted: val_loss=0.01241 |Y_boot|=1.149 |A|=0.06686 Y_mean=-0.6564 q*_mean=['0.000', '-2.606', '-31.042']
INFO PLAT_JUL29 DiffSolverV2 C[t=46] fitted: val_loss=0.01241 |Y_boot|=1.143 |A|=0.06686 Y_mean=-0.6512 q*_mean=['0.000', '-2.191', '-31.561']
INFO PLAT_JUL29 DiffSolverV2 C[t=45] fitted: val_loss=0.01155 |Y_boot|=1.139 |A|=0.06639 Y_mean=-0.6494 q*_mean=['0.000', '-2.277', '-31.958']
INFO PLAT_JUL29 DiffSolverV2 C[t=44] fitted: val_loss=0.01419 |Y_boot|=1.14 |A|=0.06719 Y_mean=-0.6522 q*_mean=['0.000', '-2.234', '-31.982']
INFO PLAT_JUL29 DiffSolverV2 C[t=43] fitted: val_loss=0.01348 |Y_boot|=1.138 |A|=0.06627 Y_mean=-0.6492 q*_mean=['0.000', '-2.246', '-32.343']
INFO PLAT_JUL29 DiffSolverV2 C[t=42] fitted: val_loss=0.01208 |Y_boot|=1.137 |A|=0.06642 Y_mean=-0.6491 q*_mean=['0.000', '-2.112', '-32.288']
INFO PLAT_JUL29 DiffSolverV2 C[t=41] fitted: val_loss=0.01217 |Y_boot|=1.132 |A|=0.06562 Y_mean=-0.6462 q*_mean=['0.000', '-2.222', '-31.647']
INFO PLAT_JUL29 DiffSolverV2 C[t=40] fitted: val_loss=0.01406 |Y_boot|=1.128 |A|=0.06641 Y_mean=-0.6431 q*_mean=['0.000', '-2.191', '-32.251']
INFO PLAT_JUL29 DiffSolverV2 C[t=39] fitted: val_loss=0.01325 |Y_boot|=1.13 |A|=0.06685 Y_mean=-0.6455 q*_mean=['0.000', '-1.758', '-31.891']
INFO PLAT_JUL29 DiffSolverV2 C[t=38] fitted: val_loss=0.01316 |Y_boot|=1.128 |A|=0.0669 Y_mean=-0.6456 q*_mean=['0.000', '-1.801', '-32.031']
INFO PLAT_JUL29 DiffSolverV2 C[t=37] fitted: val_loss=0.01161 |Y_boot|=1.127 |A|=0.06565 Y_mean=-0.6446 q*_mean=['0.000', '-1.569', '-31.506']
INFO PLAT_JUL29 DiffSolverV2 C[t=36] fitted: val_loss=0.01466 |Y_boot|=1.122 |A|=0.06551 Y_mean=-0.6421 q*_mean=['0.000', '-2.045', '-31.305']
INFO PLAT_JUL29 DiffSolverV2 C[t=35] fitted: val_loss=0.01458 |Y_boot|=1.122 |A|=0.06457 Y_mean=-0.6426 q*_mean=['0.000', '-1.959', '-30.902']
INFO PLAT_JUL29 DiffSolverV2 C[t=34] fitted: val_loss=0.01254 |Y_boot|=1.122 |A|=0.06489 Y_mean=-0.6442 q*_mean=['0.000', '-2.008', '-31.104']
INFO PLAT_JUL29 DiffSolverV2 C[t=33] fitted: val_loss=0.01213 |Y_boot|=1.122 |A|=0.06548 Y_mean=-0.6433 q*_mean=['0.000', '-2.594', '-31.519']
INFO PLAT_JUL29 DiffSolverV2 C[t=32] fitted: val_loss=0.01296 |Y_boot|=1.116 |A|=0.06457 Y_mean=-0.6374 q*_mean=['0.000', '-1.691', '-31.384']
INFO PLAT_JUL29 DiffSolverV2 C[t=31] fitted: val_loss=0.012 |Y_boot|=1.108 |A|=0.06324 Y_mean=-0.6316 q*_mean=['0.000', '-2.032', '-31.653']
INFO PLAT_JUL29 DiffSolverV2 C[t=30] fitted: val_loss=0.0131 |Y_boot|=1.107 |A|=0.06546 Y_mean=-0.633 q*_mean=['0.000', '-2.405', '-31.482']
INFO PLAT_JUL29 DiffSolverV2 C[t=29] fitted: val_loss=0.01363 |Y_boot|=1.11 |A|=0.06533 Y_mean=-0.6344 q*_mean=['0.000', '-1.672', '-31.604']
INFO PLAT_JUL29 DiffSolverV2 C[t=28] fitted: val_loss=0.01275 |Y_boot|=1.105 |A|=0.06551 Y_mean=-0.6298 q*_mean=['-17.065', '-1.813', '-31.122']
INFO PLAT_JUL29 DiffSolverV2 C[t=27] fitted: val_loss=0.01291 |Y_boot|=1.106 |A|=0.06071 Y_mean=-0.6366 q*_mean=['-10.718', '-6.042', '-9.491']
INFO PLAT_JUL29 DiffSolverV2 C[t=26] fitted: val_loss=0.01368 |Y_boot|=1.101 |A|=0.05783 Y_mean=-0.6374 q*_mean=['-10.681', '-6.561', '-9.943']
INFO PLAT_JUL29 DiffSolverV2 C[t=25] fitted: val_loss=0.01463 |Y_boot|=1.1 |A|=0.05481 Y_mean=-0.6399 q*_mean=['-10.114', '-5.829', '-10.089']
INFO PLAT_JUL29 DiffSolverV2 C[t=24] fitted: val_loss=0.01372 |Y_boot|=1.097 |A|=0.0558 Y_mean=-0.6418 q*_mean=['-11.108', '-6.903', '-8.307']
INFO PLAT_JUL29 DiffSolverV2 C[t=23] fitted: val_loss=0.01359 |Y_boot|=1.094 |A|=0.05916 Y_mean=-0.639 q*_mean=['-10.931', '-6.512', '-8.282']
INFO PLAT_JUL29 DiffSolverV2 C[t=22] fitted: val_loss=0.01165 |Y_boot|=1.094 |A|=0.05906 Y_mean=-0.6349 q*_mean=['-10.980', '-7.849', '-8.179']
INFO PLAT_JUL29 DiffSolverV2 C[t=21] fitted: val_loss=0.01263 |Y_boot|=1.093 |A|=0.06001 Y_mean=-0.6341 q*_mean=['-10.126', '-7.190', '-8.826']
INFO PLAT_JUL29 DiffSolverV2 C[t=20] fitted: val_loss=0.01174 |Y_boot|=1.089 |A|=0.05954 Y_mean=-0.6303 q*_mean=['-10.382', '-8.276', '-7.953']
INFO PLAT_JUL29 DiffSolverV2 C[t=19] fitted: val_loss=0.0121 |Y_boot|=1.088 |A|=0.05927 Y_mean=-0.6302 q*_mean=['-9.973', '-8.105', '-7.672']
INFO PLAT_JUL29 DiffSolverV2 C[t=18] fitted: val_loss=0.01062 |Y_boot|=1.083 |A|=0.0581 Y_mean=-0.6283 q*_mean=['-10.486', '-9.192', '-6.940']
INFO PLAT_JUL29 DiffSolverV2 C[t=17] fitted: val_loss=0.01031 |Y_boot|=1.08 |A|=0.05575 Y_mean=-0.626 q*_mean=['-10.724', '-8.112', '-8.087']
INFO PLAT_JUL29 DiffSolverV2 C[t=16] fitted: val_loss=0.009715 |Y_boot|=1.076 |A|=0.05305 Y_mean=-0.6237 q*_mean=['-10.474', '-8.496', '-7.336']
INFO PLAT_JUL29 DiffSolverV2 C[t=15] fitted: val_loss=0.01185 |Y_boot|=1.073 |A|=0.05333 Y_mean=-0.6221 q*_mean=['-10.199', '-7.861', '-7.867']
INFO PLAT_JUL29 DiffSolverV2 C[t=14] fitted: val_loss=0.01078 |Y_boot|=1.066 |A|=0.05492 Y_mean=-0.6174 q*_mean=['-9.607', '-8.270', '-7.495']
INFO PLAT_JUL29 DiffSolverV2 C[t=13] fitted: val_loss=0.01106 |Y_boot|=1.062 |A|=0.05256 Y_mean=-0.6128 q*_mean=['-10.443', '-8.923', '-7.965']
INFO PLAT_JUL29 DiffSolverV2 C[t=12] fitted: val_loss=0.01222 |Y_boot|=1.058 |A|=0.05338 Y_mean=-0.611 q*_mean=['-9.583', '-8.069', '-7.886']
INFO PLAT_JUL29 DiffSolverV2 C[t=11] fitted: val_loss=0.01365 |Y_boot|=1.059 |A|=0.05236 Y_mean=-0.6126 q*_mean=['-9.125', '-7.983', '-8.411']
INFO PLAT_JUL29 DiffSolverV2 C[t=10] fitted: val_loss=0.01351 |Y_boot|=1.058 |A|=0.05035 Y_mean=-0.6137 q*_mean=['-9.296', '-8.911', '-7.953']
INFO PLAT_JUL29 DiffSolverV2 C[t=9] fitted: val_loss=0.01092 |Y_boot|=1.056 |A|=0.05567 Y_mean=-0.6145 q*_mean=['-9.222', '-8.691', '-7.953']
INFO PLAT_JUL29 DiffSolverV2 C[t=8] fitted: val_loss=0.01168 |Y_boot|=1.054 |A|=0.05657 Y_mean=-0.6104 q*_mean=['-9.717', '-8.472', '-7.983']
INFO PLAT_JUL29 DiffSolverV2 C[t=7] fitted: val_loss=0.01198 |Y_boot|=1.05 |A|=0.05898 Y_mean=-0.6057 q*_mean=['-8.722', '-8.826', '-7.318']
INFO PLAT_JUL29 DiffSolverV2 C[t=6] fitted: val_loss=0.009581 |Y_boot|=1.05 |A|=0.06231 Y_mean=-0.6026 q*_mean=['-9.662', '-8.813', '-6.940']
INFO PLAT_JUL29 DiffSolverV2 C[t=5] fitted: val_loss=0.01321 |Y_boot|=1.053 |A|=0.06217 Y_mean=-0.6032 q*_mean=['-8.362', '-9.155', '-6.464']
INFO PLAT_JUL29 DiffSolverV2 C[t=4] fitted: val_loss=0.01437 |Y_boot|=1.046 |A|=0.05787 Y_mean=-0.5953 q*_mean=['-9.039', '-10.150', '-7.208']
INFO PLAT_JUL29 DiffSolverV2 C[t=3] fitted: val_loss=0.01096 |Y_boot|=1.043 |A|=0.05747 Y_mean=-0.5956 q*_mean=['-9.338', '-10.132', '-5.664']
INFO PLAT_JUL29 DiffSolverV2 C[t=2] fitted: val_loss=0.01143 |Y_boot|=1.041 |A|=0.05862 Y_mean=-0.5947 q*_mean=['-9.076', '-10.565', '-5.676']
INFO PLAT_JUL29 DiffSolverV2 C[t=1] fitted: val_loss=0.01077 |Y_boot|=1.036 |A|=0.05977 Y_mean=-0.5887 q*_mean=['-10.211', '-11.121', '-4.224']
INFO PLAT_JUL29 DiffSolverV2 C[t=0] fitted: val_loss=0.01044 |Y_boot|=1.033 |A|=0.06047 Y_mean=-0.5856 q*_mean=['-10.895', '-10.620', '-2.527']
INFO PLAT_JUL29 DiffSolverV2 sweep complete: t=125→0 | max|Y_boot|=1.312 (BOUNDED) | V_0=-0.585631 | n_star@t=0=[-10.894775390625, -10.6201171875, -2.52685546875]
INFO PLAT_JUL29 DiffSolverV2 SAVED value fn to /home/vretiel/PycharmProjects/riskflow/artifacts/walk_forward/artifacts/walk_forward/driftless_gpu1/value_fn_202204_garch_s314.pt (V_0=-0.585631)
INFO PLAT_JUL29 DiffSolverV2 IN-SAMPLE vs OOS u(W_T): greedy IS=-0.77575 OOS=-0.67379 | textbook IS=-0.86837 OOS=-0.81175 (gap IS−OOS greedy=-0.10197 → overfit if large)
INFO PLAT_JUL29 DiffSolverV2 VERDICT (OUT-OF-SAMPLE rollout t=0→T over 1024 outer paths, start flat):
  policy    u(W_T)mean    W_T mean       W_T p5         W_T CVaR5
  greedy    -0.67379    +2.6121e+04   -7.2195e+05   -8.7431e+05
  textbook  -0.81175    +4.7732e+03   -7.3505e+05   -8.8055e+05
  nohedge   -0.99583    +6.3419e+03   -8.1794e+05   -9.7496e+05
  → on the OBJECTIVE E[u(W_T)]: beats no-hedge=True, beats textbook=True | tail(CVaR5) competitive w/ textbook=True
INFO PLAT_JUL29 DiffSolverV2 greedy positions: mean|q| per instrument=['2.15', '3.30', '25.39'] | q@t0=[-4.425048828125, -6.646728515625, -1.0498046875] | q@mid=[0.0, -0.787353515625, -32.65380859375] (textbook q@t0=[-6.665502071380615, -6.637998104095459, -6.566404819488525])
INFO PLAT_JUL29 solve_hedge tracks: {'DiffSolverV2': -0.5856} | ladder holds=True
INFO PLAT_JUL29 === ROLL 202204 (stepper, realized path, 3-seed ensemble, inner=512) ===
WARNING md_202204_garch_driftless Price Factor 'DiscountRate.USD-SOFR' not found in market data
INFO md_202204_garch_driftless Creating default Discount Factor(type='DiscountRate', name=('USD-SOFR',))
INFO PLAT_JUL29 Observed_Scenario substituted 2 factor(s): ['CommodityPrice.PLATINUM_CME', 'CommodityBasis.LME_CME']
INFO PLAT_JUL29 liability scalars: total_leg_volume=2500.0 last_settlement_index=155
INFO PLAT_JUL29 utility_scale (symlog c) resolved to 566358.44
INFO PLAT_JUL29 DiffSolverV2 setup: n_hedge=3 active=[0, 1, 2] T_dec=126 (of 128 sim steps; last-live mtm=[-2]) B_outer=1 levels=9 fit_iters=60 lr=0.002 | contract_size=[50.0, 50.0, 50.0] | q∈[[-50.0, -50.0, -50.0], [0.0, 0.0, 0.0]] total_abs_limit=50
INFO PLAT_JUL29 DiffSolverV2 inner forks: one_step=True (window {t, t+1} generation+pricing)
INFO PLAT_JUL29 DiffSolverV2 bank: market_dim=7 | swept W∈[-3.359e+05, 6.911e+04] mean=-1.375e+05 std=1.148e+05 | q_rep(t=0)=[0.0, 0.0, 0.0]
INFO PLAT_JUL29 DiffSolverV2 LOADED value fn from /home/vretiel/PycharmProjects/riskflow/artifacts/walk_forward/artifacts/walk_forward/driftless_gpu1/value_fn_202204_garch_s7.pt (train V_0=-0.638506) | eval-world market drift vs train frame: max 0.889 σ | utility_scale 887198
INFO PLAT_JUL29 DiffSolverV2 LOADED value fn from /home/vretiel/PycharmProjects/riskflow/artifacts/walk_forward/artifacts/walk_forward/driftless_gpu1/value_fn_202204_garch_s42.pt (train V_0=-0.584231) | eval-world market drift vs train frame: max 0.962 σ | utility_scale 895586
INFO PLAT_JUL29 DiffSolverV2 LOADED value fn from /home/vretiel/PycharmProjects/riskflow/artifacts/walk_forward/artifacts/walk_forward/driftless_gpu1/value_fn_202204_garch_s314.pt (train V_0=-0.585631) | eval-world market drift vs train frame: max 0.915 σ | utility_scale 901350
WARNING PLAT_JUL29 DiffSolverV2 ensemble utility_scale spread 1.57% — members trained against different anchors; averaging is approximate
INFO PLAT_JUL29 DiffSolverV2 action grid: K=165 actions (levels=9 ^ active=3)
INFO PLAT_JUL29 DiffSolverV2 ENSEMBLE argmax over 3 value fns
INFO PLAT_JUL29 DiffSolverV2 STEPPER ROLLOUT (frozen policy, realized path, real accounting):
  greedy   wT=-2.0454e+05 p5=-2.0454e+05 cvar5=-2.0454e+05
  textbook wT=-2.8920e+05 p5=-2.8920e+05 cvar5=-2.8920e+05
  nohedge  wT=-2.8920e+05 p5=-2.8920e+05 cvar5=-2.8920e+05
INFO PLAT_JUL29 DiffSolverV2 VERDICT (OUT-OF-SAMPLE rollout t=0→T over 1 outer paths, start flat):
  policy    u(W_T)mean    W_T mean       W_T p5         W_T CVaR5
  greedy    -0.37098    -1.6008e+05   -1.6008e+05   -1.6008e+05
  textbook  -0.95026    -2.8923e+05   -2.8923e+05   -2.8923e+05
  nohedge   -0.95026    -2.8923e+05   -2.8923e+05   -2.8923e+05
  → on the OBJECTIVE E[u(W_T)]: beats no-hedge=True, beats textbook=True | tail(CVaR5) competitive w/ textbook=True
INFO PLAT_JUL29 DiffSolverV2 greedy positions: mean|q| per instrument=['0.00', '5.70', '9.62'] | q@t0=[0.0, -12.5, 0.0] | q@mid=[0.0, 0.0, 0.0] (textbook q@t0=[0.0, 0.0, 0.0])
INFO PLAT_JUL29 solve_hedge tracks: {'DiffSolverV2': -0.6385} | ladder holds=True
INFO PLAT_JUL29 === TRAIN 202204 seed=7 SKIP (checkpoint exists) ===
INFO PLAT_JUL29 === TRAIN 202204 seed=42 SKIP (checkpoint exists) ===
INFO PLAT_JUL29 === TRAIN 202204 seed=314 SKIP (checkpoint exists) ===
INFO PLAT_JUL29 === ROLL 202204 (stepper, realized path, 3-seed ensemble, inner=512) ===
WARNING md_202204_garch_driftless Price Factor 'DiscountRate.USD-SOFR' not found in market data
INFO md_202204_garch_driftless Creating default Discount Factor(type='DiscountRate', name=('USD-SOFR',))
INFO PLAT_JUL29 Observed_Scenario substituted 2 factor(s): ['CommodityPrice.PLATINUM_CME', 'CommodityBasis.LME_CME']
INFO PLAT_JUL29 liability scalars: total_leg_volume=2500.0 last_settlement_index=155
INFO PLAT_JUL29 utility_scale (symlog c) resolved to 566358.44
INFO PLAT_JUL29 DiffSolverV2 setup: n_hedge=3 active=[0, 1, 2] T_dec=126 (of 128 sim steps; last-live mtm=[-2]) B_outer=1 levels=9 fit_iters=60 lr=0.002 | contract_size=[50.0, 50.0, 50.0] | q∈[[-50.0, -50.0, -50.0], [0.0, 0.0, 0.0]] total_abs_limit=50
INFO PLAT_JUL29 DiffSolverV2 inner forks: one_step=True (window {t, t+1} generation+pricing)
INFO PLAT_JUL29 DiffSolverV2 bank IN Total_Position_Schedule (post-projection): residual frac(Σq outside corridor) min=0.000 mean=0.000 max=0.000 | worst t=0 corridor=[-50, -42.5] bank Σq∈[-42.5, -42.5] frac_oob=0.000 (≈0 ⇒ projection clean)
INFO PLAT_JUL29 DiffSolverV2 bank: market_dim=7 | swept W∈[-1.515e+05, 1.163e+05] mean=-2.745e+04 std=6.852e+04 | q_rep(t=0)=[0.0, 0.0, 0.0]
INFO PLAT_JUL29 DiffV2_Load_Value_Fn: /home/vretiel/PycharmProjects/riskflow/artifacts/walk_forward/artifacts/walk_forward/driftless_gpu1/b015_202204/value_fn_202204_garch_s7.pt trained corridor-free (widest wealth support); rolling under a Total_Position_Schedule only restricts to a learned subset — valid.
INFO PLAT_JUL29 DiffSolverV2 LOADED value fn from /home/vretiel/PycharmProjects/riskflow/artifacts/walk_forward/artifacts/walk_forward/driftless_gpu1/b015_202204/value_fn_202204_garch_s7.pt (train V_0=-0.638506) | eval-world market drift vs train frame: max 0.889 σ | utility_scale 887198
INFO PLAT_JUL29 DiffV2_Load_Value_Fn: /home/vretiel/PycharmProjects/riskflow/artifacts/walk_forward/artifacts/walk_forward/driftless_gpu1/b015_202204/value_fn_202204_garch_s42.pt trained corridor-free (widest wealth support); rolling under a Total_Position_Schedule only restricts to a learned subset — valid.
INFO PLAT_JUL29 DiffSolverV2 LOADED value fn from /home/vretiel/PycharmProjects/riskflow/artifacts/walk_forward/artifacts/walk_forward/driftless_gpu1/b015_202204/value_fn_202204_garch_s42.pt (train V_0=-0.584231) | eval-world market drift vs train frame: max 0.962 σ | utility_scale 895586
INFO PLAT_JUL29 DiffV2_Load_Value_Fn: /home/vretiel/PycharmProjects/riskflow/artifacts/walk_forward/artifacts/walk_forward/driftless_gpu1/b015_202204/value_fn_202204_garch_s314.pt trained corridor-free (widest wealth support); rolling under a Total_Position_Schedule only restricts to a learned subset — valid.
INFO PLAT_JUL29 DiffSolverV2 LOADED value fn from /home/vretiel/PycharmProjects/riskflow/artifacts/walk_forward/artifacts/walk_forward/driftless_gpu1/b015_202204/value_fn_202204_garch_s314.pt (train V_0=-0.585631) | eval-world market drift vs train frame: max 0.915 σ | utility_scale 901350
WARNING PLAT_JUL29 DiffSolverV2 ensemble utility_scale spread 1.57% — members trained against different anchors; averaging is approximate
INFO PLAT_JUL29 DiffSolverV2 action grid: K=165 actions (levels=9 ^ active=3)
INFO PLAT_JUL29 DiffSolverV2 ENSEMBLE argmax over 3 value fns
INFO PLAT_JUL29 DiffSolverV2 STEPPER ROLLOUT (frozen policy, realized path, real accounting):
  greedy   wT=-4.2466e+04 p5=-4.2466e+04 cvar5=-4.2466e+04
  textbook wT=-9.0254e+04 p5=-9.0254e+04 cvar5=-9.0254e+04
  nohedge  wT=-2.8920e+05 p5=-2.8920e+05 cvar5=-2.8920e+05
INFO PLAT_JUL29 DiffSolverV2 VERDICT (OUT-OF-SAMPLE rollout t=0→T over 1 outer paths, start flat):
  policy    u(W_T)mean    W_T mean       W_T p5         W_T CVaR5
  greedy    -0.01524    -1.2576e+04   -1.2576e+04   -1.2576e+04
  textbook  -0.15510    -8.7466e+04   -8.7466e+04   -8.7466e+04
  nohedge   -0.95026    -2.8923e+05   -2.8923e+05   -2.8923e+05
  → on the OBJECTIVE E[u(W_T)]: beats no-hedge=True, beats textbook=True | tail(CVaR5) competitive w/ textbook=True
INFO PLAT_JUL29 DiffSolverV2 greedy positions: mean|q| per instrument=['0.25', '27.18', '10.12'] | q@t0=[0.0, -43.75, 0.0] | q@mid=[0.0, -43.75, 0.0] (textbook q@t0=[0.0, 0.0, 0.0])
INFO PLAT_JUL29 solve_hedge tracks: {'DiffSolverV2': -0.6385} | ladder holds=True
INFO PLAT_JUL29 JOB 202204 DONE: greedy_free=-81.82 greedy_015=-16.99 u_pre_free=0.2962 u_pre_015=0.8865 PASS=True breaches=0 churn_015=531.2 train_u=[-0.7804, -0.6916, -0.6738]
INFO PLAT_JUL29 === ARM B 202102 DRIFTLESS retrain: md=md_202101_garch_driftless.json Convexity=Yes (omega=2.196e-06 alpha=0.0379 beta=0.9514 nu=7.33 H0=3.025e-04) ===
INFO PLAT_JUL29 === TRAIN 202102 seed=7 (fair=1100.42, strike=1092.42) ===
WARNING md_202101_garch_driftless Price Factor 'DiscountRate.USD-SOFR' not found in market data
INFO md_202101_garch_driftless Creating default Discount Factor(type='DiscountRate', name=('USD-SOFR',))
INFO PLAT_JUL29 liability scalars: total_leg_volume=2500.0 last_settlement_index=153
INFO PLAT_JUL29 utility_scale (symlog c) resolved to 1076481.24
INFO PLAT_JUL29 DiffSolverV2 setup: n_hedge=3 active=[0, 1, 2] T_dec=124 (of 126 sim steps; last-live mtm=[-2]) B_outer=2048 levels=9 fit_iters=40 lr=0.002 | contract_size=[50.0, 50.0, 50.0] | q∈[[-50.0, -50.0, -50.0], [0.0, 0.0, 0.0]] total_abs_limit=50
INFO PLAT_JUL29 DiffSolverV2 inner forks: one_step=True (window {t, t+1} generation+pricing)
INFO PLAT_JUL29 DiffSolverV2 bank: market_dim=7 | swept W∈[-1.416e+06, 1.979e+06] mean=8.848e+04 std=4.527e+05 | q_rep(t=0)=[-7.2605509757995605, -6.857355117797852, -4.88215446472168]
INFO PLAT_JUL29 DiffSolverV2 action grid: K=165 actions (levels=9 ^ active=3)
INFO PLAT_JUL29 DiffSolverV2 C[t=123] fitted: val_loss=0.0003502 |Y_boot|=0.7174 |A|=0.00832 Y_mean=-0.2807 q*_mean=['0.000', '-1.556', '-18.842']
INFO PLAT_JUL29 DiffSolverV2 C[t=122] fitted: val_loss=0.0003872 |Y_boot|=0.7179 |A|=0.01626 Y_mean=-0.2719 q*_mean=['0.000', '-1.318', '-19.440']
INFO PLAT_JUL29 DiffSolverV2 C[t=121] fitted: val_loss=0.0003969 |Y_boot|=0.7197 |A|=0.02397 Y_mean=-0.2647 q*_mean=['0.000', '-1.239', '-18.390']
INFO PLAT_JUL29 DiffSolverV2 C[t=120] fitted: val_loss=0.0003861 |Y_boot|=0.7207 |A|=0.03421 Y_mean=-0.2569 q*_mean=['0.000', '-1.080', '-18.451']
INFO PLAT_JUL29 DiffSolverV2 C[t=119] fitted: val_loss=0.0003914 |Y_boot|=0.723 |A|=0.04678 Y_mean=-0.2471 q*_mean=['0.000', '-1.385', '-18.073']
INFO PLAT_JUL29 DiffSolverV2 C[t=118] fitted: val_loss=0.0003507 |Y_boot|=0.7245 |A|=0.0593 Y_mean=-0.2339 q*_mean=['0.000', '-1.135', '-18.005']
INFO PLAT_JUL29 DiffSolverV2 C[t=117] fitted: val_loss=0.0003633 |Y_boot|=0.7258 |A|=0.06751 Y_mean=-0.2214 q*_mean=['0.000', '-1.044', '-18.536']
INFO PLAT_JUL29 DiffSolverV2 C[t=116] fitted: val_loss=0.0003556 |Y_boot|=0.7273 |A|=0.07599 Y_mean=-0.2129 q*_mean=['0.000', '-1.257', '-17.993']
INFO PLAT_JUL29 DiffSolverV2 C[t=115] fitted: val_loss=0.0003305 |Y_boot|=0.73 |A|=0.07849 Y_mean=-0.2043 q*_mean=['0.000', '-1.093', '-18.146']
INFO PLAT_JUL29 DiffSolverV2 C[t=114] fitted: val_loss=0.0004041 |Y_boot|=0.7283 |A|=0.07918 Y_mean=-0.2026 q*_mean=['0.000', '-1.337', '-17.896']
INFO PLAT_JUL29 DiffSolverV2 C[t=113] fitted: val_loss=0.0007787 |Y_boot|=0.7287 |A|=0.07227 Y_mean=-0.2015 q*_mean=['0.000', '-1.727', '-17.645']
INFO PLAT_JUL29 DiffSolverV2 C[t=112] fitted: val_loss=0.0006259 |Y_boot|=0.7287 |A|=0.07486 Y_mean=-0.209 q*_mean=['0.000', '-1.672', '-17.633']
INFO PLAT_JUL29 DiffSolverV2 C[t=111] fitted: val_loss=0.0009088 |Y_boot|=0.7299 |A|=0.07037 Y_mean=-0.2068 q*_mean=['0.000', '-1.178', '-17.859']
INFO PLAT_JUL29 DiffSolverV2 C[t=110] fitted: val_loss=0.0006376 |Y_boot|=0.7298 |A|=0.07183 Y_mean=-0.2122 q*_mean=['0.000', '-1.367', '-17.975']
INFO PLAT_JUL29 DiffSolverV2 C[t=109] fitted: val_loss=0.0007025 |Y_boot|=0.7306 |A|=0.07397 Y_mean=-0.2115 q*_mean=['0.000', '-1.160', '-17.896']
INFO PLAT_JUL29 DiffSolverV2 C[t=108] fitted: val_loss=0.0009778 |Y_boot|=0.7296 |A|=0.07252 Y_mean=-0.2093 q*_mean=['0.000', '-1.190', '-17.126']
INFO PLAT_JUL29 DiffSolverV2 C[t=107] fitted: val_loss=0.001025 |Y_boot|=0.7281 |A|=0.06943 Y_mean=-0.2104 q*_mean=['0.000', '-1.367', '-17.346']
INFO PLAT_JUL29 DiffSolverV2 C[t=106] fitted: val_loss=0.001117 |Y_boot|=0.7279 |A|=0.06732 Y_mean=-0.2132 q*_mean=['0.000', '-1.550', '-17.285']
INFO PLAT_JUL29 DiffSolverV2 C[t=105] fitted: val_loss=0.001439 |Y_boot|=0.7287 |A|=0.06692 Y_mean=-0.2157 q*_mean=['0.000', '-1.373', '-17.908']
INFO PLAT_JUL29 DiffSolverV2 C[t=104] fitted: val_loss=0.002028 |Y_boot|=0.7262 |A|=0.0664 Y_mean=-0.2138 q*_mean=['0.000', '-1.447', '-17.847']
INFO PLAT_JUL29 DiffSolverV2 C[t=103] fitted: val_loss=0.002452 |Y_boot|=0.7248 |A|=0.06617 Y_mean=-0.2128 q*_mean=['0.000', '-1.508', '-17.188']
INFO PLAT_JUL29 DiffSolverV2 C[t=102] fitted: val_loss=0.00162 |Y_boot|=0.7251 |A|=0.06611 Y_mean=-0.2124 q*_mean=['0.000', '-1.495', '-17.444']
INFO PLAT_JUL29 DiffSolverV2 C[t=101] fitted: val_loss=0.0019 |Y_boot|=0.7241 |A|=0.06599 Y_mean=-0.2113 q*_mean=['0.000', '-1.404', '-17.126']
INFO PLAT_JUL29 DiffSolverV2 C[t=100] fitted: val_loss=0.001761 |Y_boot|=0.7223 |A|=0.06532 Y_mean=-0.2098 q*_mean=['0.000', '-1.569', '-17.358']
INFO PLAT_JUL29 DiffSolverV2 C[t=99] fitted: val_loss=0.002243 |Y_boot|=0.7239 |A|=0.06561 Y_mean=-0.2116 q*_mean=['0.000', '-1.129', '-17.114']
INFO PLAT_JUL29 DiffSolverV2 C[t=98] fitted: val_loss=0.002736 |Y_boot|=0.7246 |A|=0.06631 Y_mean=-0.213 q*_mean=['0.000', '-1.685', '-17.175']
INFO PLAT_JUL29 DiffSolverV2 C[t=97] fitted: val_loss=0.002693 |Y_boot|=0.7252 |A|=0.06681 Y_mean=-0.2124 q*_mean=['0.000', '-1.917', '-17.249']
INFO PLAT_JUL29 DiffSolverV2 C[t=96] fitted: val_loss=0.003201 |Y_boot|=0.7259 |A|=0.06633 Y_mean=-0.2127 q*_mean=['0.000', '-1.849', '-16.968']
INFO PLAT_JUL29 DiffSolverV2 C[t=95] fitted: val_loss=0.002966 |Y_boot|=0.7248 |A|=0.06701 Y_mean=-0.2117 q*_mean=['0.000', '-1.862', '-16.852']
INFO PLAT_JUL29 DiffSolverV2 C[t=94] fitted: val_loss=0.003476 |Y_boot|=0.722 |A|=0.06456 Y_mean=-0.2099 q*_mean=['0.000', '-1.910', '-16.852']
INFO PLAT_JUL29 DiffSolverV2 C[t=93] fitted: val_loss=0.003834 |Y_boot|=0.7178 |A|=0.06372 Y_mean=-0.2085 q*_mean=['0.000', '-1.544', '-16.974']
INFO PLAT_JUL29 DiffSolverV2 C[t=92] fitted: val_loss=0.004721 |Y_boot|=0.7129 |A|=0.0642 Y_mean=-0.2049 q*_mean=['0.000', '-1.727', '-16.248']
INFO PLAT_JUL29 DiffSolverV2 C[t=91] fitted: val_loss=0.004498 |Y_boot|=0.7125 |A|=0.066 Y_mean=-0.204 q*_mean=['0.000', '-1.691', '-16.699']
INFO PLAT_JUL29 DiffSolverV2 C[t=90] fitted: val_loss=0.004325 |Y_boot|=0.7113 |A|=0.06594 Y_mean=-0.2003 q*_mean=['0.000', '-1.453', '-16.577']
INFO PLAT_JUL29 DiffSolverV2 C[t=89] fitted: val_loss=0.004801 |Y_boot|=0.7109 |A|=0.06528 Y_mean=-0.2009 q*_mean=['0.000', '-1.666', '-16.608']
INFO PLAT_JUL29 DiffSolverV2 C[t=88] fitted: val_loss=0.004973 |Y_boot|=0.7096 |A|=0.06544 Y_mean=-0.2008 q*_mean=['-31.952', '-1.294', '-16.754']
INFO PLAT_JUL29 DiffSolverV2 C[t=87] fitted: val_loss=0.004638 |Y_boot|=0.7112 |A|=0.06404 Y_mean=-0.2071 q*_mean=['-14.777', '-3.540', '-7.983']
INFO PLAT_JUL29 DiffSolverV2 C[t=86] fitted: val_loss=0.004404 |Y_boot|=0.7102 |A|=0.06347 Y_mean=-0.21 q*_mean=['-14.038', '-3.210', '-6.934']
INFO PLAT_JUL29 DiffSolverV2 C[t=85] fitted: val_loss=0.004123 |Y_boot|=0.7084 |A|=0.06317 Y_mean=-0.2092 q*_mean=['-13.837', '-3.668', '-7.568']
INFO PLAT_JUL29 DiffSolverV2 C[t=84] fitted: val_loss=0.004252 |Y_boot|=0.7073 |A|=0.06273 Y_mean=-0.2098 q*_mean=['-14.630', '-3.326', '-7.538']
INFO PLAT_JUL29 DiffSolverV2 C[t=83] fitted: val_loss=0.004589 |Y_boot|=0.7069 |A|=0.06313 Y_mean=-0.2125 q*_mean=['-14.154', '-3.485', '-7.843']
INFO PLAT_JUL29 DiffSolverV2 C[t=82] fitted: val_loss=0.003334 |Y_boot|=0.7056 |A|=0.06207 Y_mean=-0.2101 q*_mean=['-13.995', '-3.180', '-7.727']
INFO PLAT_JUL29 DiffSolverV2 C[t=81] fitted: val_loss=0.004264 |Y_boot|=0.7036 |A|=0.06174 Y_mean=-0.2098 q*_mean=['-14.178', '-3.314', '-7.507']
INFO PLAT_JUL29 DiffSolverV2 C[t=80] fitted: val_loss=0.004705 |Y_boot|=0.7009 |A|=0.06001 Y_mean=-0.2072 q*_mean=['-13.629', '-2.722', '-7.623']
INFO PLAT_JUL29 DiffSolverV2 C[t=79] fitted: val_loss=0.003796 |Y_boot|=0.698 |A|=0.05793 Y_mean=-0.2061 q*_mean=['-13.464', '-2.795', '-7.800']
INFO PLAT_JUL29 DiffSolverV2 C[t=78] fitted: val_loss=0.005164 |Y_boot|=0.6982 |A|=0.05673 Y_mean=-0.2076 q*_mean=['-14.606', '-3.143', '-7.837']
INFO PLAT_JUL29 DiffSolverV2 C[t=77] fitted: val_loss=0.004416 |Y_boot|=0.6954 |A|=0.05815 Y_mean=-0.2077 q*_mean=['-14.453', '-2.863', '-8.118']
INFO PLAT_JUL29 DiffSolverV2 C[t=76] fitted: val_loss=0.004306 |Y_boot|=0.6968 |A|=0.06106 Y_mean=-0.2071 q*_mean=['-13.202', '-2.588', '-7.977']
INFO PLAT_JUL29 DiffSolverV2 C[t=75] fitted: val_loss=0.004177 |Y_boot|=0.6957 |A|=0.06044 Y_mean=-0.2031 q*_mean=['-13.776', '-2.264', '-7.355']
INFO PLAT_JUL29 DiffSolverV2 C[t=74] fitted: val_loss=0.004449 |Y_boot|=0.6956 |A|=0.06003 Y_mean=-0.2024 q*_mean=['-13.013', '-2.588', '-7.819']
INFO PLAT_JUL29 DiffSolverV2 C[t=73] fitted: val_loss=0.004314 |Y_boot|=0.6936 |A|=0.06134 Y_mean=-0.2005 q*_mean=['-12.891', '-2.148', '-8.136']
INFO PLAT_JUL29 DiffSolverV2 C[t=72] fitted: val_loss=0.004279 |Y_boot|=0.6928 |A|=0.06149 Y_mean=-0.1983 q*_mean=['-12.933', '-2.795', '-8.612']
INFO PLAT_JUL29 DiffSolverV2 C[t=71] fitted: val_loss=0.005302 |Y_boot|=0.6893 |A|=0.06257 Y_mean=-0.1962 q*_mean=['-12.555', '-2.124', '-8.008']
INFO PLAT_JUL29 DiffSolverV2 C[t=70] fitted: val_loss=0.004032 |Y_boot|=0.6896 |A|=0.06276 Y_mean=-0.1962 q*_mean=['-13.794', '-2.179', '-8.319']
INFO PLAT_JUL29 DiffSolverV2 C[t=69] fitted: val_loss=0.003723 |Y_boot|=0.6889 |A|=0.06162 Y_mean=-0.1966 q*_mean=['-14.032', '-1.819', '-7.990']
INFO PLAT_JUL29 DiffSolverV2 C[t=68] fitted: val_loss=0.00435 |Y_boot|=0.6876 |A|=0.06011 Y_mean=-0.1958 q*_mean=['-13.147', '-2.167', '-8.209']
INFO PLAT_JUL29 DiffSolverV2 C[t=67] fitted: val_loss=0.003598 |Y_boot|=0.6863 |A|=0.05875 Y_mean=-0.1957 q*_mean=['-12.604', '-1.880', '-7.941']
INFO PLAT_JUL29 DiffSolverV2 C[t=66] fitted: val_loss=0.004587 |Y_boot|=0.686 |A|=0.05946 Y_mean=-0.1966 q*_mean=['-13.110', '-2.148', '-9.064']
INFO PLAT_JUL29 DiffSolverV2 C[t=65] fitted: val_loss=0.00405 |Y_boot|=0.6849 |A|=0.06192 Y_mean=-0.1935 q*_mean=['-13.708', '-1.813', '-8.496']
INFO PLAT_JUL29 DiffSolverV2 C[t=64] fitted: val_loss=0.004187 |Y_boot|=0.6824 |A|=0.06355 Y_mean=-0.1899 q*_mean=['-11.572', '-1.562', '-8.557']
INFO PLAT_JUL29 DiffSolverV2 C[t=63] fitted: val_loss=0.004188 |Y_boot|=0.6834 |A|=0.06262 Y_mean=-0.1894 q*_mean=['-13.617', '-1.794', '-9.015']
INFO PLAT_JUL29 DiffSolverV2 C[t=62] fitted: val_loss=0.003779 |Y_boot|=0.6839 |A|=0.06246 Y_mean=-0.1906 q*_mean=['-12.775', '-1.959', '-8.740']
INFO PLAT_JUL29 DiffSolverV2 C[t=61] fitted: val_loss=0.003621 |Y_boot|=0.6827 |A|=0.06273 Y_mean=-0.1912 q*_mean=['-11.877', '-1.764', '-8.936']
INFO PLAT_JUL29 DiffSolverV2 C[t=60] fitted: val_loss=0.004231 |Y_boot|=0.6825 |A|=0.06241 Y_mean=-0.191 q*_mean=['-11.145', '-1.807', '-9.259']
INFO PLAT_JUL29 DiffSolverV2 C[t=59] fitted: val_loss=0.004256 |Y_boot|=0.6799 |A|=0.0619 Y_mean=-0.1891 q*_mean=['-11.749', '-1.306', '-9.149']
INFO PLAT_JUL29 DiffSolverV2 C[t=58] fitted: val_loss=0.004488 |Y_boot|=0.6805 |A|=0.06217 Y_mean=-0.1899 q*_mean=['-11.884', '-1.636', '-9.229']
INFO PLAT_JUL29 DiffSolverV2 C[t=57] fitted: val_loss=0.004447 |Y_boot|=0.6785 |A|=0.06231 Y_mean=-0.1869 q*_mean=['-10.785', '-1.489', '-8.557']
INFO PLAT_JUL29 DiffSolverV2 C[t=56] fitted: val_loss=0.00425 |Y_boot|=0.6784 |A|=0.06172 Y_mean=-0.1859 q*_mean=['-11.591', '-1.440', '-9.723']
INFO PLAT_JUL29 DiffSolverV2 C[t=55] fitted: val_loss=0.004274 |Y_boot|=0.6751 |A|=0.06189 Y_mean=-0.1827 q*_mean=['-10.956', '-1.300', '-9.528']
INFO PLAT_JUL29 DiffSolverV2 C[t=54] fitted: val_loss=0.004559 |Y_boot|=0.674 |A|=0.0616 Y_mean=-0.1819 q*_mean=['-10.950', '-1.385', '-9.619']
INFO PLAT_JUL29 DiffSolverV2 C[t=53] fitted: val_loss=0.005377 |Y_boot|=0.6723 |A|=0.06181 Y_mean=-0.18 q*_mean=['-11.920', '-1.428', '-9.729']
INFO PLAT_JUL29 DiffSolverV2 C[t=52] fitted: val_loss=0.004481 |Y_boot|=0.6714 |A|=0.06106 Y_mean=-0.1786 q*_mean=['-10.388', '-1.111', '-9.833']
INFO PLAT_JUL29 DiffSolverV2 C[t=51] fitted: val_loss=0.003475 |Y_boot|=0.6674 |A|=0.06061 Y_mean=-0.1778 q*_mean=['-10.394', '-1.373', '-9.961']
INFO PLAT_JUL29 DiffSolverV2 C[t=50] fitted: val_loss=0.004251 |Y_boot|=0.6708 |A|=0.06143 Y_mean=-0.182 q*_mean=['-11.176', '-1.245', '-10.437']
INFO PLAT_JUL29 DiffSolverV2 C[t=49] fitted: val_loss=0.004934 |Y_boot|=0.6698 |A|=0.06253 Y_mean=-0.1817 q*_mean=['-10.181', '-1.239', '-10.223']
INFO PLAT_JUL29 DiffSolverV2 C[t=48] fitted: val_loss=0.004955 |Y_boot|=0.6685 |A|=0.0622 Y_mean=-0.1803 q*_mean=['-9.430', '-1.221', '-9.985']
INFO PLAT_JUL29 DiffSolverV2 C[t=47] fitted: val_loss=0.004011 |Y_boot|=0.668 |A|=0.06182 Y_mean=-0.1806 q*_mean=['-9.515', '-1.038', '-10.229']
INFO PLAT_JUL29 DiffSolverV2 C[t=46] fitted: val_loss=0.004578 |Y_boot|=0.667 |A|=0.06248 Y_mean=-0.1805 q*_mean=['-10.779', '-0.946', '-10.718']
INFO PLAT_JUL29 DiffSolverV2 C[t=45] fitted: val_loss=0.004042 |Y_boot|=0.6675 |A|=0.06245 Y_mean=-0.18 q*_mean=['-11.475', '-1.190', '-10.461']
INFO PLAT_JUL29 DiffSolverV2 C[t=44] fitted: val_loss=0.00346 |Y_boot|=0.6655 |A|=0.06333 Y_mean=-0.1779 q*_mean=['-10.327', '-0.677', '-10.760']
INFO PLAT_JUL29 DiffSolverV2 C[t=43] fitted: val_loss=0.003862 |Y_boot|=0.6651 |A|=0.06379 Y_mean=-0.1778 q*_mean=['-8.514', '-0.830', '-10.620']
INFO PLAT_JUL29 DiffSolverV2 C[t=42] fitted: val_loss=0.004364 |Y_boot|=0.6623 |A|=0.06277 Y_mean=-0.1759 q*_mean=['-9.839', '-0.879', '-10.938']
INFO PLAT_JUL29 DiffSolverV2 C[t=41] fitted: val_loss=0.003845 |Y_boot|=0.6614 |A|=0.06243 Y_mean=-0.1764 q*_mean=['-10.034', '-0.684', '-10.736']
INFO PLAT_JUL29 DiffSolverV2 C[t=40] fitted: val_loss=0.003442 |Y_boot|=0.6581 |A|=0.06175 Y_mean=-0.1729 q*_mean=['-9.357', '-0.708', '-11.212']
INFO PLAT_JUL29 DiffSolverV2 C[t=39] fitted: val_loss=0.003732 |Y_boot|=0.6551 |A|=0.06165 Y_mean=-0.1717 q*_mean=['-8.875', '-0.769', '-11.279']
INFO PLAT_JUL29 DiffSolverV2 C[t=38] fitted: val_loss=0.004332 |Y_boot|=0.6525 |A|=0.06362 Y_mean=-0.1714 q*_mean=['-8.606', '-0.409', '-10.950']
INFO PLAT_JUL29 DiffSolverV2 C[t=37] fitted: val_loss=0.003869 |Y_boot|=0.6525 |A|=0.06415 Y_mean=-0.1707 q*_mean=['-8.905', '-0.421', '-11.206']
INFO PLAT_JUL29 DiffSolverV2 C[t=36] fitted: val_loss=0.004232 |Y_boot|=0.6495 |A|=0.06445 Y_mean=-0.1678 q*_mean=['-8.472', '-0.543', '-11.359']
INFO PLAT_JUL29 DiffSolverV2 C[t=35] fitted: val_loss=0.003329 |Y_boot|=0.6474 |A|=0.06361 Y_mean=-0.1677 q*_mean=['-8.771', '-0.610', '-11.176']
INFO PLAT_JUL29 DiffSolverV2 C[t=34] fitted: val_loss=0.004445 |Y_boot|=0.6483 |A|=0.06283 Y_mean=-0.1699 q*_mean=['-7.782', '-0.739', '-10.693']
INFO PLAT_JUL29 DiffSolverV2 C[t=33] fitted: val_loss=0.003324 |Y_boot|=0.6451 |A|=0.06118 Y_mean=-0.1688 q*_mean=['-7.611', '-0.574', '-11.798']
INFO PLAT_JUL29 DiffSolverV2 C[t=32] fitted: val_loss=0.003521 |Y_boot|=0.6461 |A|=0.06259 Y_mean=-0.1724 q*_mean=['-7.391', '-0.592', '-11.713']
INFO PLAT_JUL29 DiffSolverV2 C[t=31] fitted: val_loss=0.004342 |Y_boot|=0.6457 |A|=0.06174 Y_mean=-0.1702 q*_mean=['-7.526', '-0.531', '-11.487']
INFO PLAT_JUL29 DiffSolverV2 C[t=30] fitted: val_loss=0.004742 |Y_boot|=0.6452 |A|=0.06149 Y_mean=-0.1696 q*_mean=['-8.917', '-0.885', '-11.633']
INFO PLAT_JUL29 DiffSolverV2 C[t=29] fitted: val_loss=0.003956 |Y_boot|=0.647 |A|=0.06186 Y_mean=-0.1724 q*_mean=['-9.210', '-1.526', '-9.991']
INFO PLAT_JUL29 DiffSolverV2 C[t=28] fitted: val_loss=0.004106 |Y_boot|=0.6482 |A|=0.06177 Y_mean=-0.1719 q*_mean=['-8.569', '-1.630', '-9.937']
INFO PLAT_JUL29 DiffSolverV2 C[t=27] fitted: val_loss=0.004151 |Y_boot|=0.6475 |A|=0.06292 Y_mean=-0.1702 q*_mean=['-8.319', '-1.373', '-10.083']
INFO PLAT_JUL29 DiffSolverV2 C[t=26] fitted: val_loss=0.003845 |Y_boot|=0.6463 |A|=0.06207 Y_mean=-0.1675 q*_mean=['-9.821', '-1.550', '-10.022']
INFO PLAT_JUL29 DiffSolverV2 C[t=25] fitted: val_loss=0.00412 |Y_boot|=0.6431 |A|=0.06217 Y_mean=-0.1662 q*_mean=['-9.332', '-1.251', '-11.108']
INFO PLAT_JUL29 DiffSolverV2 C[t=24] fitted: val_loss=0.005372 |Y_boot|=0.6456 |A|=0.06252 Y_mean=-0.1683 q*_mean=['-8.496', '-0.983', '-10.889']
INFO PLAT_JUL29 DiffSolverV2 C[t=23] fitted: val_loss=0.004051 |Y_boot|=0.6454 |A|=0.06192 Y_mean=-0.168 q*_mean=['-8.942', '-0.714', '-11.206']
INFO PLAT_JUL29 DiffSolverV2 C[t=22] fitted: val_loss=0.003661 |Y_boot|=0.6451 |A|=0.06224 Y_mean=-0.1676 q*_mean=['-9.485', '-0.659', '-11.487']
INFO PLAT_JUL29 DiffSolverV2 C[t=21] fitted: val_loss=0.004341 |Y_boot|=0.6439 |A|=0.06342 Y_mean=-0.1661 q*_mean=['-9.668', '-0.433', '-11.444']
INFO PLAT_JUL29 DiffSolverV2 C[t=20] fitted: val_loss=0.004444 |Y_boot|=0.6425 |A|=0.06303 Y_mean=-0.1638 q*_mean=['-10.297', '-0.470', '-11.603']
INFO PLAT_JUL29 DiffSolverV2 C[t=19] fitted: val_loss=0.004703 |Y_boot|=0.6404 |A|=0.0629 Y_mean=-0.1629 q*_mean=['-9.747', '-0.439', '-11.676']
INFO PLAT_JUL29 DiffSolverV2 C[t=18] fitted: val_loss=0.004942 |Y_boot|=0.6394 |A|=0.06229 Y_mean=-0.1618 q*_mean=['-11.963', '-0.500', '-11.169']
INFO PLAT_JUL29 DiffSolverV2 C[t=17] fitted: val_loss=0.004292 |Y_boot|=0.6382 |A|=0.06158 Y_mean=-0.1611 q*_mean=['-11.377', '-0.177', '-11.713']
INFO PLAT_JUL29 DiffSolverV2 C[t=16] fitted: val_loss=0.00373 |Y_boot|=0.6368 |A|=0.06214 Y_mean=-0.1596 q*_mean=['-12.415', '-0.049', '-11.676']
INFO PLAT_JUL29 DiffSolverV2 C[t=15] fitted: val_loss=0.00368 |Y_boot|=0.6358 |A|=0.06186 Y_mean=-0.1577 q*_mean=['-14.539', '-0.098', '-11.798']
INFO PLAT_JUL29 DiffSolverV2 C[t=14] fitted: val_loss=0.003459 |Y_boot|=0.6344 |A|=0.06201 Y_mean=-0.1563 q*_mean=['-16.425', '-0.098', '-11.646']
INFO PLAT_JUL29 DiffSolverV2 C[t=13] fitted: val_loss=0.00434 |Y_boot|=0.6332 |A|=0.06288 Y_mean=-0.154 q*_mean=['-18.292', '-0.134', '-11.517']
INFO PLAT_JUL29 DiffSolverV2 C[t=12] fitted: val_loss=0.00395 |Y_boot|=0.6322 |A|=0.06345 Y_mean=-0.1528 q*_mean=['-20.593', '-0.098', '-11.719']
INFO PLAT_JUL29 DiffSolverV2 C[t=11] fitted: val_loss=0.00421 |Y_boot|=0.6311 |A|=0.06316 Y_mean=-0.1506 q*_mean=['-23.303', '-0.427', '-10.486']
INFO PLAT_JUL29 DiffSolverV2 C[t=10] fitted: val_loss=0.004118 |Y_boot|=0.6291 |A|=0.06264 Y_mean=-0.149 q*_mean=['-19.019', '-7.501', '-10.175']
INFO PLAT_JUL29 DiffSolverV2 C[t=9] fitted: val_loss=0.003737 |Y_boot|=0.6293 |A|=0.06189 Y_mean=-0.15 q*_mean=['-3.668', '-25.342', '-9.271']
INFO PLAT_JUL29 DiffSolverV2 C[t=8] fitted: val_loss=0.00347 |Y_boot|=0.6252 |A|=0.06255 Y_mean=-0.1473 q*_mean=['-2.332', '-28.662', '-6.262']
INFO PLAT_JUL29 DiffSolverV2 C[t=7] fitted: val_loss=0.003594 |Y_boot|=0.6246 |A|=0.06154 Y_mean=-0.1463 q*_mean=['-2.368', '-29.675', '-3.772']
INFO PLAT_JUL29 DiffSolverV2 C[t=6] fitted: val_loss=0.003902 |Y_boot|=0.622 |A|=0.06246 Y_mean=-0.143 q*_mean=['-2.679', '-21.906', '-11.707']
INFO PLAT_JUL29 DiffSolverV2 C[t=5] fitted: val_loss=0.003728 |Y_boot|=0.6192 |A|=0.06319 Y_mean=-0.1363 q*_mean=['-2.496', '-2.136', '-32.202']
INFO PLAT_JUL29 DiffSolverV2 C[t=4] fitted: val_loss=0.00406 |Y_boot|=0.6148 |A|=0.06668 Y_mean=-0.1287 q*_mean=['-1.990', '-0.543', '-34.277']
INFO PLAT_JUL29 DiffSolverV2 C[t=3] fitted: val_loss=0.00394 |Y_boot|=0.6133 |A|=0.06909 Y_mean=-0.1203 q*_mean=['-2.368', '-0.305', '-34.851']
INFO PLAT_JUL29 DiffSolverV2 C[t=2] fitted: val_loss=0.005829 |Y_boot|=0.612 |A|=0.07096 Y_mean=-0.11 q*_mean=['-2.240', '-0.024', '-35.394']
INFO PLAT_JUL29 DiffSolverV2 C[t=1] fitted: val_loss=0.006314 |Y_boot|=0.6097 |A|=0.07385 Y_mean=-0.09958 q*_mean=['-1.929', '0.000', '-35.419']
INFO PLAT_JUL29 DiffSolverV2 C[t=0] fitted: val_loss=0.009135 |Y_boot|=0.6055 |A|=0.07373 Y_mean=-0.08615 q*_mean=['-1.898', '0.000', '-35.767']
INFO PLAT_JUL29 DiffSolverV2 sweep complete: t=123→0 | max|Y_boot|=0.7306 (BOUNDED) | V_0=-0.0861498 | n_star@t=0=[-1.898193359375, 0.0, -35.7666015625]
INFO PLAT_JUL29 DiffSolverV2 SAVED value fn to /home/vretiel/PycharmProjects/riskflow/artifacts/walk_forward/artifacts/walk_forward/driftless_gpu1/value_fn_202102_garch_s7.pt (V_0=-0.0861498)
INFO PLAT_JUL29 DiffSolverV2 IN-SAMPLE vs OOS u(W_T): greedy IS=-0.06304 OOS=-0.01601 | textbook IS=-0.28297 OOS=-0.21925 (gap IS−OOS greedy=-0.04702 → overfit if large)
INFO PLAT_JUL29 DiffSolverV2 VERDICT (OUT-OF-SAMPLE rollout t=0→T over 1024 outer paths, start flat):
  policy    u(W_T)mean    W_T mean       W_T p5         W_T CVaR5
  greedy    -0.01601    +2.3742e+05   -5.0049e+05   -7.1880e+05
  textbook  -0.21925    +1.0571e+05   -5.9793e+05   -7.6423e+05
  nohedge   -0.38976    +9.5103e+04   -6.8991e+05   -8.8946e+05
  → on the OBJECTIVE E[u(W_T)]: beats no-hedge=True, beats textbook=True | tail(CVaR5) competitive w/ textbook=True
INFO PLAT_JUL29 DiffSolverV2 greedy positions: mean|q| per instrument=['5.82', '1.82', '13.15'] | q@t0=[-0.677490234375, 0.0, -36.383056640625] | q@mid=[-9.869384765625, -1.18408203125, -8.465576171875] (textbook q@t0=[-7.2605509757995605, -6.857355117797852, -4.88215446472168])
INFO PLAT_JUL29 solve_hedge tracks: {'DiffSolverV2': -0.0861} | ladder holds=True
INFO PLAT_JUL29 === TRAIN 202102 seed=42 (fair=1100.42, strike=1092.42) ===
WARNING md_202101_garch_driftless Price Factor 'DiscountRate.USD-SOFR' not found in market data
INFO md_202101_garch_driftless Creating default Discount Factor(type='DiscountRate', name=('USD-SOFR',))
INFO PLAT_JUL29 liability scalars: total_leg_volume=2500.0 last_settlement_index=153
INFO PLAT_JUL29 utility_scale (symlog c) resolved to 1077831.07
INFO PLAT_JUL29 DiffSolverV2 setup: n_hedge=3 active=[0, 1, 2] T_dec=124 (of 126 sim steps; last-live mtm=[-2]) B_outer=2048 levels=9 fit_iters=40 lr=0.002 | contract_size=[50.0, 50.0, 50.0] | q∈[[-50.0, -50.0, -50.0], [0.0, 0.0, 0.0]] total_abs_limit=50
INFO PLAT_JUL29 DiffSolverV2 inner forks: one_step=True (window {t, t+1} generation+pricing)
INFO PLAT_JUL29 DiffSolverV2 bank: market_dim=7 | swept W∈[-1.339e+06, 5.796e+06] mean=1.008e+05 std=4.954e+05 | q_rep(t=0)=[-7.407132148742676, -7.235012054443359, -5.520939350128174]
INFO PLAT_JUL29 DiffSolverV2 action grid: K=165 actions (levels=9 ^ active=3)
INFO PLAT_JUL29 DiffSolverV2 C[t=123] fitted: val_loss=0.0004246 |Y_boot|=0.7258 |A|=0.008753 Y_mean=-0.2659 q*_mean=['0.000', '-1.184', '-19.391']
INFO PLAT_JUL29 DiffSolverV2 C[t=122] fitted: val_loss=0.0004523 |Y_boot|=0.7258 |A|=0.01632 Y_mean=-0.256 q*_mean=['0.000', '-1.355', '-19.879']
INFO PLAT_JUL29 DiffSolverV2 C[t=121] fitted: val_loss=0.0004439 |Y_boot|=0.7266 |A|=0.02438 Y_mean=-0.2492 q*_mean=['0.000', '-1.288', '-19.867']
INFO PLAT_JUL29 DiffSolverV2 C[t=120] fitted: val_loss=0.0004148 |Y_boot|=0.7285 |A|=0.03538 Y_mean=-0.242 q*_mean=['0.000', '-1.270', '-18.872']
INFO PLAT_JUL29 DiffSolverV2 C[t=119] fitted: val_loss=0.0004633 |Y_boot|=0.73 |A|=0.04887 Y_mean=-0.2312 q*_mean=['0.000', '-1.276', '-18.756']
INFO PLAT_JUL29 DiffSolverV2 C[t=118] fitted: val_loss=0.000455 |Y_boot|=0.7329 |A|=0.06072 Y_mean=-0.2188 q*_mean=['0.000', '-1.611', '-18.127']
INFO PLAT_JUL29 DiffSolverV2 C[t=117] fitted: val_loss=0.0004117 |Y_boot|=0.7349 |A|=0.06768 Y_mean=-0.2065 q*_mean=['0.000', '-1.526', '-18.738']
INFO PLAT_JUL29 DiffSolverV2 C[t=116] fitted: val_loss=0.000349 |Y_boot|=0.7361 |A|=0.0783 Y_mean=-0.1997 q*_mean=['0.000', '-1.263', '-18.005']
INFO PLAT_JUL29 DiffSolverV2 C[t=115] fitted: val_loss=0.0004354 |Y_boot|=0.7369 |A|=0.07987 Y_mean=-0.189 q*_mean=['0.000', '-1.318', '-17.731']
INFO PLAT_JUL29 DiffSolverV2 C[t=114] fitted: val_loss=0.0004886 |Y_boot|=0.7395 |A|=0.07786 Y_mean=-0.1883 q*_mean=['0.000', '-1.385', '-17.963']
INFO PLAT_JUL29 DiffSolverV2 C[t=113] fitted: val_loss=0.0004551 |Y_boot|=0.7393 |A|=0.07773 Y_mean=-0.1906 q*_mean=['0.000', '-1.508', '-17.822']
INFO PLAT_JUL29 DiffSolverV2 C[t=112] fitted: val_loss=0.0007597 |Y_boot|=0.7361 |A|=0.0713 Y_mean=-0.1898 q*_mean=['0.000', '-1.703', '-17.456']
INFO PLAT_JUL29 DiffSolverV2 C[t=111] fitted: val_loss=0.0007547 |Y_boot|=0.737 |A|=0.07072 Y_mean=-0.1966 q*_mean=['0.000', '-1.343', '-17.523']
INFO PLAT_JUL29 DiffSolverV2 C[t=110] fitted: val_loss=0.000697 |Y_boot|=0.7371 |A|=0.0698 Y_mean=-0.1973 q*_mean=['0.000', '-1.477', '-17.053']
INFO PLAT_JUL29 DiffSolverV2 C[t=109] fitted: val_loss=0.0007994 |Y_boot|=0.7377 |A|=0.06805 Y_mean=-0.1991 q*_mean=['0.000', '-1.147', '-17.108']
INFO PLAT_JUL29 DiffSolverV2 C[t=108] fitted: val_loss=0.0009353 |Y_boot|=0.7381 |A|=0.06822 Y_mean=-0.2007 q*_mean=['0.000', '-1.544', '-16.736']
INFO PLAT_JUL29 DiffSolverV2 C[t=107] fitted: val_loss=0.0008859 |Y_boot|=0.7371 |A|=0.06956 Y_mean=-0.2003 q*_mean=['0.000', '-1.660', '-16.400']
INFO PLAT_JUL29 DiffSolverV2 C[t=106] fitted: val_loss=0.001125 |Y_boot|=0.7376 |A|=0.06839 Y_mean=-0.1993 q*_mean=['0.000', '-1.880', '-16.736']
INFO PLAT_JUL29 DiffSolverV2 C[t=105] fitted: val_loss=0.001509 |Y_boot|=0.7375 |A|=0.06725 Y_mean=-0.2 q*_mean=['0.000', '-1.740', '-17.096']
INFO PLAT_JUL29 DiffSolverV2 C[t=104] fitted: val_loss=0.001807 |Y_boot|=0.7386 |A|=0.06722 Y_mean=-0.203 q*_mean=['0.000', '-1.727', '-16.742']
INFO PLAT_JUL29 DiffSolverV2 C[t=103] fitted: val_loss=0.001906 |Y_boot|=0.7374 |A|=0.06659 Y_mean=-0.203 q*_mean=['0.000', '-1.544', '-16.962']
INFO PLAT_JUL29 DiffSolverV2 C[t=102] fitted: val_loss=0.001542 |Y_boot|=0.7358 |A|=0.06798 Y_mean=-0.2036 q*_mean=['0.000', '-1.562', '-16.742']
INFO PLAT_JUL29 DiffSolverV2 C[t=101] fitted: val_loss=0.001458 |Y_boot|=0.7361 |A|=0.06765 Y_mean=-0.2035 q*_mean=['0.000', '-1.794', '-16.248']
INFO PLAT_JUL29 DiffSolverV2 C[t=100] fitted: val_loss=0.002103 |Y_boot|=0.7356 |A|=0.06697 Y_mean=-0.2028 q*_mean=['0.000', '-1.929', '-16.364']
INFO PLAT_JUL29 DiffSolverV2 C[t=99] fitted: val_loss=0.002194 |Y_boot|=0.7343 |A|=0.06642 Y_mean=-0.203 q*_mean=['0.000', '-1.953', '-15.973']
INFO PLAT_JUL29 DiffSolverV2 C[t=98] fitted: val_loss=0.002069 |Y_boot|=0.7307 |A|=0.06589 Y_mean=-0.2005 q*_mean=['0.000', '-1.758', '-15.924']
INFO PLAT_JUL29 DiffSolverV2 C[t=97] fitted: val_loss=0.002515 |Y_boot|=0.7278 |A|=0.06568 Y_mean=-0.1992 q*_mean=['0.000', '-2.277', '-15.643']
INFO PLAT_JUL29 DiffSolverV2 C[t=96] fitted: val_loss=0.002453 |Y_boot|=0.728 |A|=0.06531 Y_mean=-0.1992 q*_mean=['0.000', '-2.032', '-15.625']
INFO PLAT_JUL29 DiffSolverV2 C[t=95] fitted: val_loss=0.003255 |Y_boot|=0.7254 |A|=0.0646 Y_mean=-0.1979 q*_mean=['0.000', '-1.550', '-15.375']
INFO PLAT_JUL29 DiffSolverV2 C[t=94] fitted: val_loss=0.003232 |Y_boot|=0.7235 |A|=0.06513 Y_mean=-0.1978 q*_mean=['0.000', '-2.106', '-15.558']
INFO PLAT_JUL29 DiffSolverV2 C[t=93] fitted: val_loss=0.003371 |Y_boot|=0.7227 |A|=0.06477 Y_mean=-0.1957 q*_mean=['0.000', '-1.642', '-15.778']
INFO PLAT_JUL29 DiffSolverV2 C[t=92] fitted: val_loss=0.004436 |Y_boot|=0.723 |A|=0.06517 Y_mean=-0.195 q*_mean=['0.000', '-1.569', '-15.466']
INFO PLAT_JUL29 DiffSolverV2 C[t=91] fitted: val_loss=0.004464 |Y_boot|=0.7208 |A|=0.06568 Y_mean=-0.1925 q*_mean=['0.000', '-1.642', '-15.466']
INFO PLAT_JUL29 DiffSolverV2 C[t=90] fitted: val_loss=0.004887 |Y_boot|=0.7174 |A|=0.06631 Y_mean=-0.1905 q*_mean=['0.000', '-1.880', '-15.698']
INFO PLAT_JUL29 DiffSolverV2 C[t=89] fitted: val_loss=0.004737 |Y_boot|=0.7181 |A|=0.06533 Y_mean=-0.1899 q*_mean=['0.000', '-1.923', '-15.570']
INFO PLAT_JUL29 DiffSolverV2 C[t=88] fitted: val_loss=0.004672 |Y_boot|=0.7169 |A|=0.06508 Y_mean=-0.1878 q*_mean=['-32.886', '-1.556', '-15.558']
INFO PLAT_JUL29 DiffSolverV2 C[t=87] fitted: val_loss=0.005139 |Y_boot|=0.7197 |A|=0.06324 Y_mean=-0.1951 q*_mean=['-15.863', '-2.905', '-6.964']
INFO PLAT_JUL29 DiffSolverV2 C[t=86] fitted: val_loss=0.003508 |Y_boot|=0.719 |A|=0.06162 Y_mean=-0.1979 q*_mean=['-15.082', '-3.400', '-7.086']
INFO PLAT_JUL29 DiffSolverV2 C[t=85] fitted: val_loss=0.004101 |Y_boot|=0.7183 |A|=0.05883 Y_mean=-0.1986 q*_mean=['-14.734', '-3.607', '-6.836']
INFO PLAT_JUL29 DiffSolverV2 C[t=84] fitted: val_loss=0.003725 |Y_boot|=0.7167 |A|=0.05786 Y_mean=-0.1997 q*_mean=['-14.392', '-2.917', '-6.848']
INFO PLAT_JUL29 DiffSolverV2 C[t=83] fitted: val_loss=0.004472 |Y_boot|=0.712 |A|=0.05761 Y_mean=-0.1974 q*_mean=['-14.618', '-3.369', '-6.946']
INFO PLAT_JUL29 DiffSolverV2 C[t=82] fitted: val_loss=0.00444 |Y_boot|=0.7094 |A|=0.0589 Y_mean=-0.1947 q*_mean=['-14.404', '-3.058', '-6.757']
INFO PLAT_JUL29 DiffSolverV2 C[t=81] fitted: val_loss=0.004118 |Y_boot|=0.7068 |A|=0.05993 Y_mean=-0.1911 q*_mean=['-15.112', '-3.040', '-6.586']
INFO PLAT_JUL29 DiffSolverV2 C[t=80] fitted: val_loss=0.004177 |Y_boot|=0.7035 |A|=0.05902 Y_mean=-0.1876 q*_mean=['-13.367', '-3.082', '-6.805']
INFO PLAT_JUL29 DiffSolverV2 C[t=79] fitted: val_loss=0.003611 |Y_boot|=0.7018 |A|=0.05866 Y_mean=-0.1861 q*_mean=['-13.812', '-2.875', '-6.891']
INFO PLAT_JUL29 DiffSolverV2 C[t=78] fitted: val_loss=0.003852 |Y_boot|=0.7022 |A|=0.05912 Y_mean=-0.186 q*_mean=['-15.265', '-3.265', '-6.567']
INFO PLAT_JUL29 DiffSolverV2 C[t=77] fitted: val_loss=0.004406 |Y_boot|=0.7 |A|=0.05962 Y_mean=-0.1844 q*_mean=['-13.904', '-2.582', '-6.531']
INFO PLAT_JUL29 DiffSolverV2 C[t=76] fitted: val_loss=0.004381 |Y_boot|=0.7005 |A|=0.06015 Y_mean=-0.1829 q*_mean=['-14.331', '-3.009', '-6.665']
INFO PLAT_JUL29 DiffSolverV2 C[t=75] fitted: val_loss=0.003758 |Y_boot|=0.6989 |A|=0.05914 Y_mean=-0.182 q*_mean=['-14.014', '-2.753', '-6.720']
INFO PLAT_JUL29 DiffSolverV2 C[t=74] fitted: val_loss=0.004906 |Y_boot|=0.6969 |A|=0.06052 Y_mean=-0.1827 q*_mean=['-14.093', '-2.423', '-6.995']
INFO PLAT_JUL29 DiffSolverV2 C[t=73] fitted: val_loss=0.003949 |Y_boot|=0.6977 |A|=0.06055 Y_mean=-0.1829 q*_mean=['-14.606', '-2.271', '-6.873']
INFO PLAT_JUL29 DiffSolverV2 C[t=72] fitted: val_loss=0.004785 |Y_boot|=0.6967 |A|=0.06083 Y_mean=-0.183 q*_mean=['-13.501', '-2.722', '-7.184']
INFO PLAT_JUL29 DiffSolverV2 C[t=71] fitted: val_loss=0.005081 |Y_boot|=0.6969 |A|=0.06077 Y_mean=-0.1827 q*_mean=['-13.837', '-2.588', '-7.623']
INFO PLAT_JUL29 DiffSolverV2 C[t=70] fitted: val_loss=0.004798 |Y_boot|=0.6975 |A|=0.06104 Y_mean=-0.1827 q*_mean=['-13.763', '-2.637', '-7.288']
INFO PLAT_JUL29 DiffSolverV2 C[t=69] fitted: val_loss=0.004153 |Y_boot|=0.6944 |A|=0.05985 Y_mean=-0.1791 q*_mean=['-14.319', '-1.971', '-7.697']
INFO PLAT_JUL29 DiffSolverV2 C[t=68] fitted: val_loss=0.004265 |Y_boot|=0.6943 |A|=0.06256 Y_mean=-0.1814 q*_mean=['-13.666', '-2.167', '-8.228']
INFO PLAT_JUL29 DiffSolverV2 C[t=67] fitted: val_loss=0.003931 |Y_boot|=0.695 |A|=0.06421 Y_mean=-0.179 q*_mean=['-14.136', '-2.399', '-8.331']
INFO PLAT_JUL29 DiffSolverV2 C[t=66] fitted: val_loss=0.004329 |Y_boot|=0.6944 |A|=0.06428 Y_mean=-0.177 q*_mean=['-13.440', '-2.399', '-7.825']
INFO PLAT_JUL29 DiffSolverV2 C[t=65] fitted: val_loss=0.004127 |Y_boot|=0.6926 |A|=0.06193 Y_mean=-0.1762 q*_mean=['-14.215', '-2.106', '-7.062']
INFO PLAT_JUL29 DiffSolverV2 C[t=64] fitted: val_loss=0.004445 |Y_boot|=0.6906 |A|=0.06258 Y_mean=-0.1773 q*_mean=['-13.312', '-1.813', '-7.812']
INFO PLAT_JUL29 DiffSolverV2 C[t=63] fitted: val_loss=0.004064 |Y_boot|=0.6895 |A|=0.06158 Y_mean=-0.1745 q*_mean=['-11.566', '-2.124', '-7.941']
INFO PLAT_JUL29 DiffSolverV2 C[t=62] fitted: val_loss=0.00391 |Y_boot|=0.6891 |A|=0.06045 Y_mean=-0.1766 q*_mean=['-12.695', '-2.002', '-8.105']
INFO PLAT_JUL29 DiffSolverV2 C[t=61] fitted: val_loss=0.004576 |Y_boot|=0.6898 |A|=0.06053 Y_mean=-0.1778 q*_mean=['-13.025', '-1.392', '-8.099']
INFO PLAT_JUL29 DiffSolverV2 C[t=60] fitted: val_loss=0.004652 |Y_boot|=0.6874 |A|=0.06194 Y_mean=-0.175 q*_mean=['-12.836', '-1.459', '-8.160']
INFO PLAT_JUL29 DiffSolverV2 C[t=59] fitted: val_loss=0.004571 |Y_boot|=0.685 |A|=0.06167 Y_mean=-0.1721 q*_mean=['-11.902', '-1.562', '-8.521']
INFO PLAT_JUL29 DiffSolverV2 C[t=58] fitted: val_loss=0.004234 |Y_boot|=0.6819 |A|=0.062 Y_mean=-0.1706 q*_mean=['-11.633', '-1.532', '-8.148']
INFO PLAT_JUL29 DiffSolverV2 C[t=57] fitted: val_loss=0.003677 |Y_boot|=0.6786 |A|=0.0608 Y_mean=-0.1689 q*_mean=['-12.317', '-1.501', '-8.112']
INFO PLAT_JUL29 DiffSolverV2 C[t=56] fitted: val_loss=0.003152 |Y_boot|=0.6806 |A|=0.0626 Y_mean=-0.1722 q*_mean=['-12.476', '-1.453', '-7.513']
INFO PLAT_JUL29 DiffSolverV2 C[t=55] fitted: val_loss=0.003188 |Y_boot|=0.68 |A|=0.06102 Y_mean=-0.1702 q*_mean=['-12.805', '-1.593', '-8.392']
INFO PLAT_JUL29 DiffSolverV2 C[t=54] fitted: val_loss=0.004402 |Y_boot|=0.6769 |A|=0.06274 Y_mean=-0.1685 q*_mean=['-12.103', '-1.624', '-8.105']
INFO PLAT_JUL29 DiffSolverV2 C[t=53] fitted: val_loss=0.003303 |Y_boot|=0.676 |A|=0.06221 Y_mean=-0.166 q*_mean=['-11.682', '-1.532', '-8.295']
INFO PLAT_JUL29 DiffSolverV2 C[t=52] fitted: val_loss=0.00412 |Y_boot|=0.6757 |A|=0.06079 Y_mean=-0.1683 q*_mean=['-11.530', '-1.556', '-8.826']
INFO PLAT_JUL29 DiffSolverV2 C[t=51] fitted: val_loss=0.003875 |Y_boot|=0.6752 |A|=0.06214 Y_mean=-0.1696 q*_mean=['-11.707', '-1.495', '-8.356']
INFO PLAT_JUL29 DiffSolverV2 C[t=50] fitted: val_loss=0.004027 |Y_boot|=0.6736 |A|=0.0626 Y_mean=-0.1672 q*_mean=['-12.000', '-1.483', '-8.405']
INFO PLAT_JUL29 DiffSolverV2 C[t=49] fitted: val_loss=0.003608 |Y_boot|=0.6715 |A|=0.06296 Y_mean=-0.1644 q*_mean=['-11.981', '-1.215', '-8.740']
INFO PLAT_JUL29 DiffSolverV2 C[t=48] fitted: val_loss=0.003829 |Y_boot|=0.6731 |A|=0.0622 Y_mean=-0.1658 q*_mean=['-10.840', '-0.806', '-9.021']
INFO PLAT_JUL29 DiffSolverV2 C[t=47] fitted: val_loss=0.005165 |Y_boot|=0.6733 |A|=0.06344 Y_mean=-0.1676 q*_mean=['-10.138', '-1.001', '-9.320']
INFO PLAT_JUL29 DiffSolverV2 C[t=46] fitted: val_loss=0.003844 |Y_boot|=0.675 |A|=0.0636 Y_mean=-0.1684 q*_mean=['-10.535', '-1.013', '-8.685']
INFO PLAT_JUL29 DiffSolverV2 C[t=45] fitted: val_loss=0.004601 |Y_boot|=0.6731 |A|=0.06356 Y_mean=-0.1672 q*_mean=['-11.041', '-0.928', '-9.308']
INFO PLAT_JUL29 DiffSolverV2 C[t=44] fitted: val_loss=0.005229 |Y_boot|=0.6735 |A|=0.06391 Y_mean=-0.1681 q*_mean=['-10.962', '-0.812', '-9.460']
INFO PLAT_JUL29 DiffSolverV2 C[t=43] fitted: val_loss=0.003215 |Y_boot|=0.671 |A|=0.06201 Y_mean=-0.1645 q*_mean=['-10.883', '-1.007', '-9.509']
INFO PLAT_JUL29 DiffSolverV2 C[t=42] fitted: val_loss=0.004566 |Y_boot|=0.6699 |A|=0.05972 Y_mean=-0.1642 q*_mean=['-10.431', '-0.641', '-9.406']
INFO PLAT_JUL29 DiffSolverV2 C[t=41] fitted: val_loss=0.003636 |Y_boot|=0.6691 |A|=0.06118 Y_mean=-0.167 q*_mean=['-9.692', '-0.848', '-9.546']
INFO PLAT_JUL29 DiffSolverV2 C[t=40] fitted: val_loss=0.003594 |Y_boot|=0.6675 |A|=0.0633 Y_mean=-0.1662 q*_mean=['-10.736', '-1.050', '-9.338']
INFO PLAT_JUL29 DiffSolverV2 C[t=39] fitted: val_loss=0.003674 |Y_boot|=0.6651 |A|=0.06479 Y_mean=-0.1621 q*_mean=['-9.039', '-0.842', '-9.796']
INFO PLAT_JUL29 DiffSolverV2 C[t=38] fitted: val_loss=0.004445 |Y_boot|=0.662 |A|=0.0636 Y_mean=-0.1582 q*_mean=['-9.888', '-0.677', '-9.863']
INFO PLAT_JUL29 DiffSolverV2 C[t=37] fitted: val_loss=0.003847 |Y_boot|=0.6608 |A|=0.06208 Y_mean=-0.1594 q*_mean=['-9.381', '-0.653', '-10.028']
INFO PLAT_JUL29 DiffSolverV2 C[t=36] fitted: val_loss=0.003983 |Y_boot|=0.6593 |A|=0.05934 Y_mean=-0.1589 q*_mean=['-8.899', '-0.824', '-9.479']
INFO PLAT_JUL29 DiffSolverV2 C[t=35] fitted: val_loss=0.003768 |Y_boot|=0.6591 |A|=0.06146 Y_mean=-0.1627 q*_mean=['-8.905', '-0.751', '-10.211']
INFO PLAT_JUL29 DiffSolverV2 C[t=34] fitted: val_loss=0.0037 |Y_boot|=0.6591 |A|=0.06202 Y_mean=-0.1604 q*_mean=['-9.650', '-0.671', '-9.851']
INFO PLAT_JUL29 DiffSolverV2 C[t=33] fitted: val_loss=0.003848 |Y_boot|=0.6579 |A|=0.06395 Y_mean=-0.1588 q*_mean=['-8.459', '-0.641', '-9.552']
INFO PLAT_JUL29 DiffSolverV2 C[t=32] fitted: val_loss=0.003857 |Y_boot|=0.66 |A|=0.06365 Y_mean=-0.1579 q*_mean=['-8.997', '-0.537', '-10.083']
INFO PLAT_JUL29 DiffSolverV2 C[t=31] fitted: val_loss=0.003579 |Y_boot|=0.6577 |A|=0.06043 Y_mean=-0.1563 q*_mean=['-9.241', '-0.763', '-10.303']
INFO PLAT_JUL29 DiffSolverV2 C[t=30] fitted: val_loss=0.003627 |Y_boot|=0.6596 |A|=0.06216 Y_mean=-0.1612 q*_mean=['-8.289', '-0.696', '-10.272']
INFO PLAT_JUL29 DiffSolverV2 C[t=29] fitted: val_loss=0.004339 |Y_boot|=0.66 |A|=0.06134 Y_mean=-0.1601 q*_mean=['-9.363', '-1.221', '-8.862']
INFO PLAT_JUL29 DiffSolverV2 C[t=28] fitted: val_loss=0.004116 |Y_boot|=0.6583 |A|=0.06178 Y_mean=-0.1602 q*_mean=['-9.229', '-1.190', '-9.442']
INFO PLAT_JUL29 DiffSolverV2 C[t=27] fitted: val_loss=0.003928 |Y_boot|=0.6548 |A|=0.06333 Y_mean=-0.158 q*_mean=['-9.082', '-1.239', '-9.375']
INFO PLAT_JUL29 DiffSolverV2 C[t=26] fitted: val_loss=0.00463 |Y_boot|=0.6539 |A|=0.06333 Y_mean=-0.1559 q*_mean=['-9.399', '-1.050', '-10.004']
INFO PLAT_JUL29 DiffSolverV2 C[t=25] fitted: val_loss=0.003989 |Y_boot|=0.6539 |A|=0.06399 Y_mean=-0.1565 q*_mean=['-10.364', '-0.598', '-10.315']
INFO PLAT_JUL29 DiffSolverV2 C[t=24] fitted: val_loss=0.003905 |Y_boot|=0.6525 |A|=0.06319 Y_mean=-0.155 q*_mean=['-9.485', '-0.580', '-10.077']
INFO PLAT_JUL29 DiffSolverV2 C[t=23] fitted: val_loss=0.003813 |Y_boot|=0.65 |A|=0.06347 Y_mean=-0.1531 q*_mean=['-9.723', '-0.385', '-10.638']
INFO PLAT_JUL29 DiffSolverV2 C[t=22] fitted: val_loss=0.00351 |Y_boot|=0.6474 |A|=0.06223 Y_mean=-0.1514 q*_mean=['-9.399', '-0.372', '-10.175']
INFO PLAT_JUL29 DiffSolverV2 C[t=21] fitted: val_loss=0.003337 |Y_boot|=0.6453 |A|=0.06179 Y_mean=-0.1505 q*_mean=['-9.735', '-0.397', '-10.229']
INFO PLAT_JUL29 DiffSolverV2 C[t=20] fitted: val_loss=0.004916 |Y_boot|=0.6463 |A|=0.06169 Y_mean=-0.1522 q*_mean=['-10.413', '-0.226', '-10.168']
INFO PLAT_JUL29 DiffSolverV2 C[t=19] fitted: val_loss=0.003296 |Y_boot|=0.6445 |A|=0.06217 Y_mean=-0.1506 q*_mean=['-10.706', '-0.085', '-10.797']
INFO PLAT_JUL29 DiffSolverV2 C[t=18] fitted: val_loss=0.004971 |Y_boot|=0.6435 |A|=0.06127 Y_mean=-0.1496 q*_mean=['-11.853', '-0.159', '-10.107']
INFO PLAT_JUL29 DiffSolverV2 C[t=17] fitted: val_loss=0.004289 |Y_boot|=0.6388 |A|=0.06125 Y_mean=-0.1435 q*_mean=['-11.969', '-0.073', '-10.217']
INFO PLAT_JUL29 DiffSolverV2 C[t=16] fitted: val_loss=0.003271 |Y_boot|=0.6368 |A|=0.06352 Y_mean=-0.1413 q*_mean=['-13.702', '0.000', '-10.553']
INFO PLAT_JUL29 DiffSolverV2 C[t=15] fitted: val_loss=0.003969 |Y_boot|=0.6368 |A|=0.06347 Y_mean=-0.1391 q*_mean=['-15.869', '-0.043', '-10.309']
INFO PLAT_JUL29 DiffSolverV2 C[t=14] fitted: val_loss=0.004398 |Y_boot|=0.6348 |A|=0.06309 Y_mean=-0.1376 q*_mean=['-17.145', '0.000', '-10.406']
INFO PLAT_JUL29 DiffSolverV2 C[t=13] fitted: val_loss=0.003706 |Y_boot|=0.6335 |A|=0.06243 Y_mean=-0.1369 q*_mean=['-19.080', '-0.146', '-10.583']
INFO PLAT_JUL29 DiffSolverV2 C[t=12] fitted: val_loss=0.003834 |Y_boot|=0.6321 |A|=0.0624 Y_mean=-0.1375 q*_mean=['-21.252', '-0.122', '-10.278']
INFO PLAT_JUL29 DiffSolverV2 C[t=11] fitted: val_loss=0.004432 |Y_boot|=0.6299 |A|=0.05949 Y_mean=-0.1365 q*_mean=['-23.096', '-0.763', '-10.077']
INFO PLAT_JUL29 DiffSolverV2 C[t=10] fitted: val_loss=0.003644 |Y_boot|=0.6286 |A|=0.05898 Y_mean=-0.1384 q*_mean=['-18.652', '-7.867', '-9.650']
INFO PLAT_JUL29 DiffSolverV2 C[t=9] fitted: val_loss=0.003853 |Y_boot|=0.6281 |A|=0.06058 Y_mean=-0.1391 q*_mean=['-2.600', '-26.593', '-8.722']
INFO PLAT_JUL29 DiffSolverV2 C[t=8] fitted: val_loss=0.003968 |Y_boot|=0.6275 |A|=0.06148 Y_mean=-0.1357 q*_mean=['-1.715', '-30.438', '-6.525']
INFO PLAT_JUL29 DiffSolverV2 C[t=7] fitted: val_loss=0.004296 |Y_boot|=0.6289 |A|=0.06166 Y_mean=-0.1345 q*_mean=['-2.252', '-31.201', '-4.510']
INFO PLAT_JUL29 DiffSolverV2 C[t=6] fitted: val_loss=0.004042 |Y_boot|=0.6258 |A|=0.06327 Y_mean=-0.1287 q*_mean=['-2.441', '-23.340', '-12.811']
INFO PLAT_JUL29 DiffSolverV2 C[t=5] fitted: val_loss=0.004863 |Y_boot|=0.6256 |A|=0.06478 Y_mean=-0.1239 q*_mean=['-2.557', '-2.417', '-34.369']
INFO PLAT_JUL29 DiffSolverV2 C[t=4] fitted: val_loss=0.004504 |Y_boot|=0.6228 |A|=0.06623 Y_mean=-0.1169 q*_mean=['-2.014', '-0.623', '-36.053']
INFO PLAT_JUL29 DiffSolverV2 C[t=3] fitted: val_loss=0.005137 |Y_boot|=0.6194 |A|=0.06915 Y_mean=-0.1078 q*_mean=['-1.776', '-0.275', '-37.079']
INFO PLAT_JUL29 DiffSolverV2 C[t=2] fitted: val_loss=0.006362 |Y_boot|=0.6172 |A|=0.07036 Y_mean=-0.09817 q*_mean=['-1.904', '-0.098', '-37.476']
INFO PLAT_JUL29 DiffSolverV2 C[t=1] fitted: val_loss=0.006004 |Y_boot|=0.6122 |A|=0.0717 Y_mean=-0.08638 q*_mean=['-1.685', '0.000', '-37.811']
INFO PLAT_JUL29 DiffSolverV2 C[t=0] fitted: val_loss=0.008266 |Y_boot|=0.6043 |A|=0.07257 Y_mean=-0.07256 q*_mean=['-1.788', '0.000', '-37.683']
INFO PLAT_JUL29 DiffSolverV2 sweep complete: t=123→0 | max|Y_boot|=0.7395 (BOUNDED) | V_0=-0.0725588 | n_star@t=0=[-1.788330078125, 0.0, -37.68310546875]
INFO PLAT_JUL29 DiffSolverV2 SAVED value fn to /home/vretiel/PycharmProjects/riskflow/artifacts/walk_forward/artifacts/walk_forward/driftless_gpu1/value_fn_202102_garch_s42.pt (V_0=-0.0725588)
INFO PLAT_JUL29 DiffSolverV2 IN-SAMPLE vs OOS u(W_T): greedy IS=-0.01957 OOS=-0.00635 | textbook IS=-0.26736 OOS=-0.23982 (gap IS−OOS greedy=-0.01322 → overfit if large)
INFO PLAT_JUL29 DiffSolverV2 VERDICT (OUT-OF-SAMPLE rollout t=0→T over 1024 outer paths, start flat):
  policy    u(W_T)mean    W_T mean       W_T p5         W_T CVaR5
  greedy    -0.00635    +2.5435e+05   -5.1787e+05   -7.2735e+05
  textbook  -0.23982    +1.2318e+05   -6.0632e+05   -8.0446e+05
  nohedge   -0.37627    +1.2761e+05   -7.1507e+05   -9.4456e+05
  → on the OBJECTIVE E[u(W_T)]: beats no-hedge=True, beats textbook=True | tail(CVaR5) competitive w/ textbook=True
INFO PLAT_JUL29 DiffSolverV2 greedy positions: mean|q| per instrument=['5.84', '1.80', '13.60'] | q@t0=[-0.421142578125, 0.0, -37.127685546875] | q@mid=[-9.539794921875, -1.593017578125, -9.38720703125] (textbook q@t0=[-7.407132148742676, -7.235012054443359, -5.520939350128174])
INFO PLAT_JUL29 solve_hedge tracks: {'DiffSolverV2': -0.0726} | ladder holds=True
INFO PLAT_JUL29 === TRAIN 202102 seed=314 (fair=1100.42, strike=1092.42) ===
WARNING md_202101_garch_driftless Price Factor 'DiscountRate.USD-SOFR' not found in market data
INFO md_202101_garch_driftless Creating default Discount Factor(type='DiscountRate', name=('USD-SOFR',))
INFO PLAT_JUL29 liability scalars: total_leg_volume=2500.0 last_settlement_index=153
INFO PLAT_JUL29 utility_scale (symlog c) resolved to 1078696.58
INFO PLAT_JUL29 DiffSolverV2 setup: n_hedge=3 active=[0, 1, 2] T_dec=124 (of 126 sim steps; last-live mtm=[-2]) B_outer=2048 levels=9 fit_iters=40 lr=0.002 | contract_size=[50.0, 50.0, 50.0] | q∈[[-50.0, -50.0, -50.0], [0.0, 0.0, 0.0]] total_abs_limit=50
INFO PLAT_JUL29 DiffSolverV2 inner forks: one_step=True (window {t, t+1} generation+pricing)
INFO PLAT_JUL29 DiffSolverV2 bank: market_dim=7 | swept W∈[-1.315e+06, 2.749e+06] mean=1.142e+05 std=4.738e+05 | q_rep(t=0)=[-7.3751115798950195, -7.187819004058838, -5.405686855316162]
INFO PLAT_JUL29 DiffSolverV2 action grid: K=165 actions (levels=9 ^ active=3)
INFO PLAT_JUL29 DiffSolverV2 C[t=123] fitted: val_loss=0.0003463 |Y_boot|=0.6947 |A|=0.007752 Y_mean=-0.2213 q*_mean=['0.000', '-0.867', '-20.367']
INFO PLAT_JUL29 DiffSolverV2 C[t=122] fitted: val_loss=0.0003847 |Y_boot|=0.6949 |A|=0.01652 Y_mean=-0.2128 q*_mean=['0.000', '-0.726', '-20.209']
INFO PLAT_JUL29 DiffSolverV2 C[t=121] fitted: val_loss=0.0003425 |Y_boot|=0.6956 |A|=0.02432 Y_mean=-0.2041 q*_mean=['0.000', '-0.891', '-20.343']
INFO PLAT_JUL29 DiffSolverV2 C[t=120] fitted: val_loss=0.0003685 |Y_boot|=0.697 |A|=0.03402 Y_mean=-0.1969 q*_mean=['0.000', '-1.056', '-19.641']
INFO PLAT_JUL29 DiffSolverV2 C[t=119] fitted: val_loss=0.0003639 |Y_boot|=0.6987 |A|=0.04629 Y_mean=-0.1878 q*_mean=['0.000', '-1.282', '-20.282']
INFO PLAT_JUL29 DiffSolverV2 C[t=118] fitted: val_loss=0.0003598 |Y_boot|=0.7012 |A|=0.05778 Y_mean=-0.1758 q*_mean=['0.000', '-1.483', '-19.080']
INFO PLAT_JUL29 DiffSolverV2 C[t=117] fitted: val_loss=0.0003271 |Y_boot|=0.7029 |A|=0.06922 Y_mean=-0.1638 q*_mean=['0.000', '-1.520', '-18.671']
INFO PLAT_JUL29 DiffSolverV2 C[t=116] fitted: val_loss=0.0002437 |Y_boot|=0.7062 |A|=0.07662 Y_mean=-0.1528 q*_mean=['0.000', '-1.166', '-19.891']
INFO PLAT_JUL29 DiffSolverV2 C[t=115] fitted: val_loss=0.0002523 |Y_boot|=0.7062 |A|=0.08482 Y_mean=-0.1464 q*_mean=['0.000', '-1.062', '-18.842']
INFO PLAT_JUL29 DiffSolverV2 C[t=114] fitted: val_loss=0.0002433 |Y_boot|=0.7071 |A|=0.09898 Y_mean=-0.1383 q*_mean=['0.000', '-1.154', '-18.860']
INFO PLAT_JUL29 DiffSolverV2 C[t=113] fitted: val_loss=0.001462 |Y_boot|=0.7008 |A|=0.07971 Y_mean=-0.1242 q*_mean=['0.000', '-1.501', '-18.781']
INFO PLAT_JUL29 DiffSolverV2 C[t=112] fitted: val_loss=0.0005337 |Y_boot|=0.7075 |A|=0.08076 Y_mean=-0.1441 q*_mean=['0.000', '-1.233', '-19.055']
INFO PLAT_JUL29 DiffSolverV2 C[t=111] fitted: val_loss=0.0006601 |Y_boot|=0.708 |A|=0.07544 Y_mean=-0.1432 q*_mean=['0.000', '-1.379', '-18.439']
INFO PLAT_JUL29 DiffSolverV2 C[t=110] fitted: val_loss=0.000527 |Y_boot|=0.7073 |A|=0.07326 Y_mean=-0.1488 q*_mean=['0.000', '-1.001', '-18.225']
INFO PLAT_JUL29 DiffSolverV2 C[t=109] fitted: val_loss=0.0004739 |Y_boot|=0.7072 |A|=0.0729 Y_mean=-0.1513 q*_mean=['0.000', '-1.331', '-18.134']
INFO PLAT_JUL29 DiffSolverV2 C[t=108] fitted: val_loss=0.0006783 |Y_boot|=0.7073 |A|=0.07241 Y_mean=-0.1521 q*_mean=['0.000', '-1.410', '-17.786']
INFO PLAT_JUL29 DiffSolverV2 C[t=107] fitted: val_loss=0.0008368 |Y_boot|=0.7078 |A|=0.06902 Y_mean=-0.1523 q*_mean=['0.000', '-1.129', '-17.474']
INFO PLAT_JUL29 DiffSolverV2 C[t=106] fitted: val_loss=0.0009586 |Y_boot|=0.7049 |A|=0.06715 Y_mean=-0.1552 q*_mean=['0.000', '-1.367', '-17.816']
INFO PLAT_JUL29 DiffSolverV2 C[t=105] fitted: val_loss=0.0013 |Y_boot|=0.7048 |A|=0.0672 Y_mean=-0.1572 q*_mean=['0.000', '-1.740', '-17.719']
INFO PLAT_JUL29 DiffSolverV2 C[t=104] fitted: val_loss=0.001328 |Y_boot|=0.7042 |A|=0.06672 Y_mean=-0.156 q*_mean=['0.000', '-1.410', '-17.554']
INFO PLAT_JUL29 DiffSolverV2 C[t=103] fitted: val_loss=0.001409 |Y_boot|=0.7042 |A|=0.0669 Y_mean=-0.1573 q*_mean=['0.000', '-2.100', '-16.925']
INFO PLAT_JUL29 DiffSolverV2 C[t=102] fitted: val_loss=0.001185 |Y_boot|=0.7044 |A|=0.06768 Y_mean=-0.1566 q*_mean=['0.000', '-2.026', '-17.590']
INFO PLAT_JUL29 DiffSolverV2 C[t=101] fitted: val_loss=0.001823 |Y_boot|=0.7045 |A|=0.06648 Y_mean=-0.1557 q*_mean=['0.000', '-2.063', '-17.175']
INFO PLAT_JUL29 DiffSolverV2 C[t=100] fitted: val_loss=0.001761 |Y_boot|=0.7032 |A|=0.06579 Y_mean=-0.1555 q*_mean=['0.000', '-1.514', '-17.303']
INFO PLAT_JUL29 DiffSolverV2 C[t=99] fitted: val_loss=0.001826 |Y_boot|=0.7029 |A|=0.06606 Y_mean=-0.1562 q*_mean=['0.000', '-1.990', '-16.718']
INFO PLAT_JUL29 DiffSolverV2 C[t=98] fitted: val_loss=0.001958 |Y_boot|=0.7022 |A|=0.06515 Y_mean=-0.1543 q*_mean=['0.000', '-1.392', '-17.151']
INFO PLAT_JUL29 DiffSolverV2 C[t=97] fitted: val_loss=0.002689 |Y_boot|=0.6992 |A|=0.06496 Y_mean=-0.1545 q*_mean=['0.000', '-1.904', '-16.888']
INFO PLAT_JUL29 DiffSolverV2 C[t=96] fitted: val_loss=0.002072 |Y_boot|=0.6967 |A|=0.0648 Y_mean=-0.1515 q*_mean=['0.000', '-1.416', '-17.004']
INFO PLAT_JUL29 DiffSolverV2 C[t=95] fitted: val_loss=0.002319 |Y_boot|=0.6977 |A|=0.06548 Y_mean=-0.1524 q*_mean=['0.000', '-1.569', '-16.797']
INFO PLAT_JUL29 DiffSolverV2 C[t=94] fitted: val_loss=0.002684 |Y_boot|=0.6966 |A|=0.0657 Y_mean=-0.1509 q*_mean=['0.000', '-1.953', '-16.528']
INFO PLAT_JUL29 DiffSolverV2 C[t=93] fitted: val_loss=0.003625 |Y_boot|=0.6973 |A|=0.066 Y_mean=-0.1528 q*_mean=['0.000', '-1.849', '-16.272']
INFO PLAT_JUL29 DiffSolverV2 C[t=92] fitted: val_loss=0.003943 |Y_boot|=0.6964 |A|=0.0651 Y_mean=-0.1509 q*_mean=['0.000', '-2.130', '-15.735']
INFO PLAT_JUL29 DiffSolverV2 C[t=91] fitted: val_loss=0.004417 |Y_boot|=0.6963 |A|=0.06561 Y_mean=-0.1508 q*_mean=['0.000', '-2.307', '-15.826']
INFO PLAT_JUL29 DiffSolverV2 C[t=90] fitted: val_loss=0.003737 |Y_boot|=0.6921 |A|=0.06452 Y_mean=-0.1459 q*_mean=['0.000', '-2.002', '-15.887']
INFO PLAT_JUL29 DiffSolverV2 C[t=89] fitted: val_loss=0.004319 |Y_boot|=0.6901 |A|=0.06479 Y_mean=-0.1446 q*_mean=['0.000', '-1.678', '-16.296']
INFO PLAT_JUL29 DiffSolverV2 C[t=88] fitted: val_loss=0.004597 |Y_boot|=0.6893 |A|=0.06517 Y_mean=-0.1428 q*_mean=['-32.050', '-2.118', '-15.833']
INFO PLAT_JUL29 DiffSolverV2 C[t=87] fitted: val_loss=0.003944 |Y_boot|=0.6896 |A|=0.06339 Y_mean=-0.147 q*_mean=['-14.496', '-2.563', '-7.434']
INFO PLAT_JUL29 DiffSolverV2 C[t=86] fitted: val_loss=0.004117 |Y_boot|=0.6878 |A|=0.06193 Y_mean=-0.1477 q*_mean=['-14.172', '-2.802', '-8.002']
INFO PLAT_JUL29 DiffSolverV2 C[t=85] fitted: val_loss=0.003821 |Y_boot|=0.6839 |A|=0.06032 Y_mean=-0.1454 q*_mean=['-13.678', '-2.832', '-8.148']
INFO PLAT_JUL29 DiffSolverV2 C[t=84] fitted: val_loss=0.003398 |Y_boot|=0.6816 |A|=0.05917 Y_mean=-0.1442 q*_mean=['-13.525', '-3.058', '-7.745']
INFO PLAT_JUL29 DiffSolverV2 C[t=83] fitted: val_loss=0.004335 |Y_boot|=0.6796 |A|=0.06021 Y_mean=-0.143 q*_mean=['-13.922', '-2.551', '-8.038']
INFO PLAT_JUL29 DiffSolverV2 C[t=82] fitted: val_loss=0.003331 |Y_boot|=0.6793 |A|=0.06113 Y_mean=-0.1417 q*_mean=['-13.898', '-3.033', '-7.550']
INFO PLAT_JUL29 DiffSolverV2 C[t=81] fitted: val_loss=0.003336 |Y_boot|=0.6789 |A|=0.06212 Y_mean=-0.1414 q*_mean=['-13.898', '-2.704', '-7.715']
INFO PLAT_JUL29 DiffSolverV2 C[t=80] fitted: val_loss=0.003734 |Y_boot|=0.6797 |A|=0.06249 Y_mean=-0.1405 q*_mean=['-13.483', '-3.015', '-7.904']
INFO PLAT_JUL29 DiffSolverV2 C[t=79] fitted: val_loss=0.004098 |Y_boot|=0.6786 |A|=0.06306 Y_mean=-0.1393 q*_mean=['-14.349', '-2.350', '-8.020']
INFO PLAT_JUL29 DiffSolverV2 C[t=78] fitted: val_loss=0.004009 |Y_boot|=0.6797 |A|=0.06196 Y_mean=-0.1399 q*_mean=['-13.135', '-2.106', '-7.526']
INFO PLAT_JUL29 DiffSolverV2 C[t=77] fitted: val_loss=0.003197 |Y_boot|=0.6783 |A|=0.06303 Y_mean=-0.1407 q*_mean=['-14.600', '-2.136', '-7.880']
INFO PLAT_JUL29 DiffSolverV2 C[t=76] fitted: val_loss=0.003448 |Y_boot|=0.6782 |A|=0.06013 Y_mean=-0.1406 q*_mean=['-14.636', '-2.148', '-7.782']
INFO PLAT_JUL29 DiffSolverV2 C[t=75] fitted: val_loss=0.00346 |Y_boot|=0.6764 |A|=0.06294 Y_mean=-0.144 q*_mean=['-13.434', '-2.020', '-7.825']
INFO PLAT_JUL29 DiffSolverV2 C[t=74] fitted: val_loss=0.003298 |Y_boot|=0.6759 |A|=0.06203 Y_mean=-0.1415 q*_mean=['-14.886', '-1.874', '-8.093']
INFO PLAT_JUL29 DiffSolverV2 C[t=73] fitted: val_loss=0.004174 |Y_boot|=0.6766 |A|=0.06147 Y_mean=-0.1421 q*_mean=['-14.618', '-1.917', '-8.203']
INFO PLAT_JUL29 DiffSolverV2 C[t=72] fitted: val_loss=0.003834 |Y_boot|=0.6774 |A|=0.06224 Y_mean=-0.144 q*_mean=['-13.287', '-2.008', '-7.770']
INFO PLAT_JUL29 DiffSolverV2 C[t=71] fitted: val_loss=0.00336 |Y_boot|=0.6776 |A|=0.06222 Y_mean=-0.1437 q*_mean=['-12.958', '-2.234', '-7.428']
INFO PLAT_JUL29 DiffSolverV2 C[t=70] fitted: val_loss=0.004019 |Y_boot|=0.6785 |A|=0.06268 Y_mean=-0.1438 q*_mean=['-13.489', '-1.868', '-8.258']
INFO PLAT_JUL29 DiffSolverV2 C[t=69] fitted: val_loss=0.003699 |Y_boot|=0.6766 |A|=0.0627 Y_mean=-0.1422 q*_mean=['-12.946', '-2.228', '-7.941']
INFO PLAT_JUL29 DiffSolverV2 C[t=68] fitted: val_loss=0.003643 |Y_boot|=0.6767 |A|=0.06314 Y_mean=-0.1432 q*_mean=['-13.306', '-2.448', '-8.362']
INFO PLAT_JUL29 DiffSolverV2 C[t=67] fitted: val_loss=0.003473 |Y_boot|=0.6744 |A|=0.06138 Y_mean=-0.1423 q*_mean=['-12.811', '-2.252', '-8.319']
INFO PLAT_JUL29 DiffSolverV2 C[t=66] fitted: val_loss=0.004216 |Y_boot|=0.6722 |A|=0.061 Y_mean=-0.1422 q*_mean=['-13.147', '-1.770', '-8.484']
INFO PLAT_JUL29 DiffSolverV2 C[t=65] fitted: val_loss=0.003789 |Y_boot|=0.6712 |A|=0.06125 Y_mean=-0.142 q*_mean=['-13.086', '-1.599', '-8.325']
INFO PLAT_JUL29 DiffSolverV2 C[t=64] fitted: val_loss=0.004337 |Y_boot|=0.6711 |A|=0.06194 Y_mean=-0.1418 q*_mean=['-12.653', '-2.039', '-8.392']
INFO PLAT_JUL29 DiffSolverV2 C[t=63] fitted: val_loss=0.003004 |Y_boot|=0.6705 |A|=0.06111 Y_mean=-0.1406 q*_mean=['-12.115', '-2.258', '-8.105']
INFO PLAT_JUL29 DiffSolverV2 C[t=62] fitted: val_loss=0.003785 |Y_boot|=0.6689 |A|=0.05945 Y_mean=-0.1401 q*_mean=['-12.177', '-2.313', '-8.612']
INFO PLAT_JUL29 DiffSolverV2 C[t=61] fitted: val_loss=0.003571 |Y_boot|=0.6675 |A|=0.05796 Y_mean=-0.1394 q*_mean=['-12.183', '-1.868', '-8.557']
INFO PLAT_JUL29 DiffSolverV2 C[t=60] fitted: val_loss=0.004386 |Y_boot|=0.6677 |A|=0.05925 Y_mean=-0.1414 q*_mean=['-12.848', '-2.106', '-8.142']
INFO PLAT_JUL29 DiffSolverV2 C[t=59] fitted: val_loss=0.004797 |Y_boot|=0.6665 |A|=0.06002 Y_mean=-0.1388 q*_mean=['-11.224', '-1.666', '-9.430']
INFO PLAT_JUL29 DiffSolverV2 C[t=58] fitted: val_loss=0.003728 |Y_boot|=0.6651 |A|=0.0608 Y_mean=-0.1377 q*_mean=['-12.201', '-1.996', '-8.728']
INFO PLAT_JUL29 DiffSolverV2 C[t=57] fitted: val_loss=0.003466 |Y_boot|=0.6655 |A|=0.0616 Y_mean=-0.1374 q*_mean=['-12.140', '-1.947', '-8.533']
INFO PLAT_JUL29 DiffSolverV2 C[t=56] fitted: val_loss=0.003757 |Y_boot|=0.6648 |A|=0.06198 Y_mean=-0.1367 q*_mean=['-11.438', '-1.660', '-8.740']
INFO PLAT_JUL29 DiffSolverV2 C[t=55] fitted: val_loss=0.003828 |Y_boot|=0.666 |A|=0.06215 Y_mean=-0.1378 q*_mean=['-11.560', '-1.788', '-9.100']
INFO PLAT_JUL29 DiffSolverV2 C[t=54] fitted: val_loss=0.004321 |Y_boot|=0.6647 |A|=0.0616 Y_mean=-0.1363 q*_mean=['-11.554', '-1.746', '-8.728']
INFO PLAT_JUL29 DiffSolverV2 C[t=53] fitted: val_loss=0.004273 |Y_boot|=0.6631 |A|=0.06075 Y_mean=-0.1363 q*_mean=['-11.316', '-1.886', '-9.460']
INFO PLAT_JUL29 DiffSolverV2 C[t=52] fitted: val_loss=0.003755 |Y_boot|=0.6601 |A|=0.05923 Y_mean=-0.1354 q*_mean=['-11.902', '-1.447', '-9.607']
INFO PLAT_JUL29 DiffSolverV2 C[t=51] fitted: val_loss=0.003988 |Y_boot|=0.657 |A|=0.05978 Y_mean=-0.1354 q*_mean=['-10.254', '-1.434', '-10.333']
INFO PLAT_JUL29 DiffSolverV2 C[t=50] fitted: val_loss=0.003765 |Y_boot|=0.6548 |A|=0.06087 Y_mean=-0.1357 q*_mean=['-10.986', '-1.044', '-9.229']
INFO PLAT_JUL29 DiffSolverV2 C[t=49] fitted: val_loss=0.004074 |Y_boot|=0.6571 |A|=0.06143 Y_mean=-0.1377 q*_mean=['-10.828', '-1.093', '-9.851']
INFO PLAT_JUL29 DiffSolverV2 C[t=48] fitted: val_loss=0.003717 |Y_boot|=0.6558 |A|=0.06127 Y_mean=-0.1359 q*_mean=['-10.297', '-1.038', '-10.101']
INFO PLAT_JUL29 DiffSolverV2 C[t=47] fitted: val_loss=0.003466 |Y_boot|=0.6557 |A|=0.06077 Y_mean=-0.1362 q*_mean=['-10.492', '-1.367', '-9.515']
INFO PLAT_JUL29 DiffSolverV2 C[t=46] fitted: val_loss=0.004026 |Y_boot|=0.6549 |A|=0.06047 Y_mean=-0.1375 q*_mean=['-8.887', '-1.483', '-9.821']
INFO PLAT_JUL29 DiffSolverV2 C[t=45] fitted: val_loss=0.004141 |Y_boot|=0.6528 |A|=0.06151 Y_mean=-0.1368 q*_mean=['-11.230', '-1.019', '-10.303']
INFO PLAT_JUL29 DiffSolverV2 C[t=44] fitted: val_loss=0.00368 |Y_boot|=0.6499 |A|=0.06112 Y_mean=-0.1341 q*_mean=['-10.107', '-0.806', '-10.156']
INFO PLAT_JUL29 DiffSolverV2 C[t=43] fitted: val_loss=0.004103 |Y_boot|=0.6481 |A|=0.06048 Y_mean=-0.1326 q*_mean=['-9.998', '-0.812', '-10.443']
INFO PLAT_JUL29 DiffSolverV2 C[t=42] fitted: val_loss=0.004131 |Y_boot|=0.6473 |A|=0.06033 Y_mean=-0.1325 q*_mean=['-9.979', '-0.836', '-10.419']
INFO PLAT_JUL29 DiffSolverV2 C[t=41] fitted: val_loss=0.004021 |Y_boot|=0.6465 |A|=0.06008 Y_mean=-0.1331 q*_mean=['-9.369', '-0.751', '-10.504']
INFO PLAT_JUL29 DiffSolverV2 C[t=40] fitted: val_loss=0.00344 |Y_boot|=0.6455 |A|=0.06099 Y_mean=-0.133 q*_mean=['-9.851', '-0.757', '-10.791']
INFO PLAT_JUL29 DiffSolverV2 C[t=39] fitted: val_loss=0.005036 |Y_boot|=0.6436 |A|=0.06238 Y_mean=-0.1313 q*_mean=['-9.491', '-0.641', '-10.297']
INFO PLAT_JUL29 DiffSolverV2 C[t=38] fitted: val_loss=0.003827 |Y_boot|=0.6428 |A|=0.06185 Y_mean=-0.1295 q*_mean=['-9.497', '-0.702', '-10.968']
INFO PLAT_JUL29 DiffSolverV2 C[t=37] fitted: val_loss=0.002991 |Y_boot|=0.6408 |A|=0.06116 Y_mean=-0.1294 q*_mean=['-8.569', '-0.568', '-10.919']
INFO PLAT_JUL29 DiffSolverV2 C[t=36] fitted: val_loss=0.003952 |Y_boot|=0.6394 |A|=0.06146 Y_mean=-0.1285 q*_mean=['-8.301', '-0.696', '-11.462']
INFO PLAT_JUL29 DiffSolverV2 C[t=35] fitted: val_loss=0.003608 |Y_boot|=0.6372 |A|=0.06109 Y_mean=-0.126 q*_mean=['-7.855', '-0.854', '-11.011']
INFO PLAT_JUL29 DiffSolverV2 C[t=34] fitted: val_loss=0.00323 |Y_boot|=0.6367 |A|=0.06076 Y_mean=-0.1267 q*_mean=['-8.313', '-0.659', '-11.407']
INFO PLAT_JUL29 DiffSolverV2 C[t=33] fitted: val_loss=0.003652 |Y_boot|=0.6355 |A|=0.06156 Y_mean=-0.1265 q*_mean=['-8.960', '-0.604', '-10.681']
INFO PLAT_JUL29 DiffSolverV2 C[t=32] fitted: val_loss=0.003231 |Y_boot|=0.6349 |A|=0.06122 Y_mean=-0.126 q*_mean=['-8.978', '-0.507', '-10.864']
INFO PLAT_JUL29 DiffSolverV2 C[t=31] fitted: val_loss=0.003382 |Y_boot|=0.6332 |A|=0.06118 Y_mean=-0.1248 q*_mean=['-7.874', '-0.519', '-11.359']
INFO PLAT_JUL29 DiffSolverV2 C[t=30] fitted: val_loss=0.003085 |Y_boot|=0.6312 |A|=0.06144 Y_mean=-0.1246 q*_mean=['-8.289', '-0.677', '-10.364']
INFO PLAT_JUL29 DiffSolverV2 C[t=29] fitted: val_loss=0.00336 |Y_boot|=0.6306 |A|=0.061 Y_mean=-0.1236 q*_mean=['-8.411', '-1.788', '-10.535']
INFO PLAT_JUL29 DiffSolverV2 C[t=28] fitted: val_loss=0.00312 |Y_boot|=0.6282 |A|=0.05879 Y_mean=-0.1223 q*_mean=['-9.747', '-1.617', '-10.114']
INFO PLAT_JUL29 DiffSolverV2 C[t=27] fitted: val_loss=0.003697 |Y_boot|=0.6283 |A|=0.05905 Y_mean=-0.124 q*_mean=['-9.076', '-1.019', '-10.657']
INFO PLAT_JUL29 DiffSolverV2 C[t=26] fitted: val_loss=0.004032 |Y_boot|=0.6274 |A|=0.05946 Y_mean=-0.1231 q*_mean=['-9.344', '-1.025', '-10.913']
INFO PLAT_JUL29 DiffSolverV2 C[t=25] fitted: val_loss=0.003246 |Y_boot|=0.6279 |A|=0.06016 Y_mean=-0.1238 q*_mean=['-8.746', '-0.659', '-11.395']
INFO PLAT_JUL29 DiffSolverV2 C[t=24] fitted: val_loss=0.003822 |Y_boot|=0.6265 |A|=0.06167 Y_mean=-0.1227 q*_mean=['-9.216', '-0.647', '-10.699']
INFO PLAT_JUL29 DiffSolverV2 C[t=23] fitted: val_loss=0.00344 |Y_boot|=0.6266 |A|=0.06366 Y_mean=-0.1222 q*_mean=['-8.783', '-0.763', '-10.773']
INFO PLAT_JUL29 DiffSolverV2 C[t=22] fitted: val_loss=0.003029 |Y_boot|=0.6271 |A|=0.06327 Y_mean=-0.1211 q*_mean=['-9.857', '-0.397', '-10.925']
INFO PLAT_JUL29 DiffSolverV2 C[t=21] fitted: val_loss=0.003535 |Y_boot|=0.6273 |A|=0.06436 Y_mean=-0.1214 q*_mean=['-9.833', '-0.256', '-11.255']
INFO PLAT_JUL29 DiffSolverV2 C[t=20] fitted: val_loss=0.00459 |Y_boot|=0.6259 |A|=0.06385 Y_mean=-0.1193 q*_mean=['-10.736', '-0.256', '-11.462']
INFO PLAT_JUL29 DiffSolverV2 C[t=19] fitted: val_loss=0.002966 |Y_boot|=0.6228 |A|=0.06394 Y_mean=-0.1178 q*_mean=['-10.620', '-0.409', '-11.450']
INFO PLAT_JUL29 DiffSolverV2 C[t=18] fitted: val_loss=0.003816 |Y_boot|=0.6216 |A|=0.06323 Y_mean=-0.1169 q*_mean=['-11.316', '-0.317', '-11.493']
INFO PLAT_JUL29 DiffSolverV2 C[t=17] fitted: val_loss=0.003955 |Y_boot|=0.6224 |A|=0.06299 Y_mean=-0.1186 q*_mean=['-12.537', '-0.140', '-11.444']
INFO PLAT_JUL29 DiffSolverV2 C[t=16] fitted: val_loss=0.003493 |Y_boot|=0.6208 |A|=0.06132 Y_mean=-0.1167 q*_mean=['-13.580', '-0.098', '-11.438']
INFO PLAT_JUL29 DiffSolverV2 C[t=15] fitted: val_loss=0.003449 |Y_boot|=0.6188 |A|=0.06113 Y_mean=-0.1154 q*_mean=['-14.734', '-0.092', '-11.365']
INFO PLAT_JUL29 DiffSolverV2 C[t=14] fitted: val_loss=0.003687 |Y_boot|=0.6177 |A|=0.06122 Y_mean=-0.1133 q*_mean=['-14.886', '-0.006', '-11.737']
INFO PLAT_JUL29 DiffSolverV2 C[t=13] fitted: val_loss=0.004224 |Y_boot|=0.6179 |A|=0.06226 Y_mean=-0.1119 q*_mean=['-18.896', '-0.049', '-11.536']
INFO PLAT_JUL29 DiffSolverV2 C[t=12] fitted: val_loss=0.003734 |Y_boot|=0.6171 |A|=0.06178 Y_mean=-0.1099 q*_mean=['-19.830', '-0.189', '-11.383']
INFO PLAT_JUL29 DiffSolverV2 C[t=11] fitted: val_loss=0.003446 |Y_boot|=0.6166 |A|=0.06205 Y_mean=-0.1106 q*_mean=['-22.321', '-0.409', '-10.944']
INFO PLAT_JUL29 DiffSolverV2 C[t=10] fitted: val_loss=0.003609 |Y_boot|=0.6159 |A|=0.06269 Y_mean=-0.109 q*_mean=['-18.005', '-8.185', '-10.254']
INFO PLAT_JUL29 DiffSolverV2 C[t=9] fitted: val_loss=0.003047 |Y_boot|=0.6154 |A|=0.06344 Y_mean=-0.1072 q*_mean=['-3.076', '-26.001', '-9.381']
INFO PLAT_JUL29 DiffSolverV2 C[t=8] fitted: val_loss=0.003231 |Y_boot|=0.614 |A|=0.06302 Y_mean=-0.1055 q*_mean=['-2.319', '-29.242', '-6.732']
INFO PLAT_JUL29 DiffSolverV2 C[t=7] fitted: val_loss=0.004018 |Y_boot|=0.6138 |A|=0.06273 Y_mean=-0.1057 q*_mean=['-2.740', '-29.449', '-4.858']
INFO PLAT_JUL29 DiffSolverV2 C[t=6] fitted: val_loss=0.003971 |Y_boot|=0.611 |A|=0.06217 Y_mean=-0.1027 q*_mean=['-3.094', '-21.790', '-12.500']
INFO PLAT_JUL29 DiffSolverV2 C[t=5] fitted: val_loss=0.003852 |Y_boot|=0.6116 |A|=0.06453 Y_mean=-0.1006 q*_mean=['-2.527', '-1.971', '-33.051']
INFO PLAT_JUL29 DiffSolverV2 C[t=4] fitted: val_loss=0.006078 |Y_boot|=0.6074 |A|=0.06678 Y_mean=-0.09085 q*_mean=['-2.533', '-0.574', '-34.985']
INFO PLAT_JUL29 DiffSolverV2 C[t=3] fitted: val_loss=0.005887 |Y_boot|=0.6038 |A|=0.06774 Y_mean=-0.08245 q*_mean=['-2.484', '-0.220', '-35.394']
INFO PLAT_JUL29 DiffSolverV2 C[t=2] fitted: val_loss=0.005333 |Y_boot|=0.6014 |A|=0.06976 Y_mean=-0.07418 q*_mean=['-2.209', '-0.134', '-35.870']
INFO PLAT_JUL29 DiffSolverV2 C[t=1] fitted: val_loss=0.007961 |Y_boot|=0.5989 |A|=0.07125 Y_mean=-0.06219 q*_mean=['-1.794', '-0.049', '-36.224']
INFO PLAT_JUL29 DiffSolverV2 C[t=0] fitted: val_loss=0.007633 |Y_boot|=0.5952 |A|=0.0726 Y_mean=-0.05193 q*_mean=['-1.697', '0.000', '-36.212']
INFO PLAT_JUL29 DiffSolverV2 sweep complete: t=123→0 | max|Y_boot|=0.708 (BOUNDED) | V_0=-0.0519315 | n_star@t=0=[-1.69677734375, 0.0, -36.212158203125]
INFO PLAT_JUL29 DiffSolverV2 SAVED value fn to /home/vretiel/PycharmProjects/riskflow/artifacts/walk_forward/artifacts/walk_forward/driftless_gpu1/value_fn_202102_garch_s314.pt (V_0=-0.0519315)
INFO PLAT_JUL29 DiffSolverV2 IN-SAMPLE vs OOS u(W_T): greedy IS=+0.01334 OOS=-0.00399 | textbook IS=-0.22267 OOS=-0.22810 (gap IS−OOS greedy=+0.01733 → overfit if large)
INFO PLAT_JUL29 DiffSolverV2 VERDICT (OUT-OF-SAMPLE rollout t=0→T over 1024 outer paths, start flat):
  policy    u(W_T)mean    W_T mean       W_T p5         W_T CVaR5
  greedy    -0.00399    +2.4479e+05   -4.9911e+05   -6.9725e+05
  textbook  -0.22810    +1.1414e+05   -6.0287e+05   -7.4987e+05
  nohedge   -0.38060    +1.1790e+05   -7.3270e+05   -8.9700e+05
  → on the OBJECTIVE E[u(W_T)]: beats no-hedge=True, beats textbook=True | tail(CVaR5) competitive w/ textbook=True
INFO PLAT_JUL29 DiffSolverV2 greedy positions: mean|q| per instrument=['5.78', '1.73', '14.51'] | q@t0=[-0.469970703125, 0.0, -34.87548828125] | q@mid=[-9.43603515625, -1.220703125, -10.455322265625] (textbook q@t0=[-7.3751115798950195, -7.187819004058838, -5.405686855316162])
INFO PLAT_JUL29 solve_hedge tracks: {'DiffSolverV2': -0.0519} | ladder holds=True
INFO PLAT_JUL29 === ROLL 202102 (stepper, realized path, 3-seed ensemble, inner=512) ===
WARNING md_202101_garch_driftless Price Factor 'DiscountRate.USD-SOFR' not found in market data
INFO md_202101_garch_driftless Creating default Discount Factor(type='DiscountRate', name=('USD-SOFR',))
INFO PLAT_JUL29 Observed_Scenario substituted 2 factor(s): ['CommodityPrice.PLATINUM_CME', 'CommodityBasis.LME_CME']
INFO PLAT_JUL29 liability scalars: total_leg_volume=2500.0 last_settlement_index=153
INFO PLAT_JUL29 utility_scale (symlog c) resolved to 803328.59
INFO PLAT_JUL29 DiffSolverV2 setup: n_hedge=3 active=[0, 1, 2] T_dec=124 (of 126 sim steps; last-live mtm=[-2]) B_outer=1 levels=9 fit_iters=60 lr=0.002 | contract_size=[50.0, 50.0, 50.0] | q∈[[-50.0, -50.0, -50.0], [0.0, 0.0, 0.0]] total_abs_limit=50
INFO PLAT_JUL29 DiffSolverV2 inner forks: one_step=True (window {t, t+1} generation+pricing)
INFO PLAT_JUL29 DiffSolverV2 bank: market_dim=7 | swept W∈[2.001e+04, 4.63e+05] mean=2.444e+05 std=8.652e+04 | q_rep(t=0)=[0.0, 0.0, 0.0]
INFO PLAT_JUL29 DiffSolverV2 LOADED value fn from /home/vretiel/PycharmProjects/riskflow/artifacts/walk_forward/artifacts/walk_forward/driftless_gpu1/value_fn_202102_garch_s7.pt (train V_0=-0.0861498) | eval-world market drift vs train frame: max 1.1 σ | utility_scale 1.07648e+06
INFO PLAT_JUL29 DiffSolverV2 LOADED value fn from /home/vretiel/PycharmProjects/riskflow/artifacts/walk_forward/artifacts/walk_forward/driftless_gpu1/value_fn_202102_garch_s42.pt (train V_0=-0.0725588) | eval-world market drift vs train frame: max 1.11 σ | utility_scale 1.07783e+06
INFO PLAT_JUL29 DiffSolverV2 LOADED value fn from /home/vretiel/PycharmProjects/riskflow/artifacts/walk_forward/artifacts/walk_forward/driftless_gpu1/value_fn_202102_garch_s314.pt (train V_0=-0.0519315) | eval-world market drift vs train frame: max 1.16 σ | utility_scale 1.0787e+06
INFO PLAT_JUL29 DiffSolverV2 action grid: K=165 actions (levels=9 ^ active=3)
INFO PLAT_JUL29 DiffSolverV2 ENSEMBLE argmax over 3 value fns
INFO PLAT_JUL29 DiffSolverV2 STEPPER ROLLOUT (frozen policy, realized path, real accounting):
  greedy   wT=+6.1268e+05 p5=+6.1268e+05 cvar5=+6.1268e+05
  textbook wT=+3.0967e+05 p5=+3.0967e+05 cvar5=+3.0967e+05
  nohedge  wT=+3.0967e+05 p5=+3.0967e+05 cvar5=+3.0967e+05
INFO PLAT_JUL29 DiffSolverV2 VERDICT (OUT-OF-SAMPLE rollout t=0→T over 1 outer paths, start flat):
  policy    u(W_T)mean    W_T mean       W_T p5         W_T CVaR5
  greedy    +0.57150    +6.1589e+05   +6.1589e+05   +6.1589e+05
  textbook  +0.28734    +3.0966e+05   +3.0966e+05   +3.0966e+05
  nohedge   +0.28734    +3.0966e+05   +3.0966e+05   +3.0966e+05
  → on the OBJECTIVE E[u(W_T)]: beats no-hedge=True, beats textbook=True | tail(CVaR5) competitive w/ textbook=True
INFO PLAT_JUL29 DiffSolverV2 greedy positions: mean|q| per instrument=['0.00', '0.00', '43.95'] | q@t0=[0.0, 0.0, 0.0] | q@mid=[0.0, 0.0, -50.0] (textbook q@t0=[0.0, 0.0, 0.0])
INFO PLAT_JUL29 solve_hedge tracks: {'DiffSolverV2': -0.0861} | ladder holds=True
INFO PLAT_JUL29 === TRAIN 202102 seed=7 SKIP (checkpoint exists) ===
INFO PLAT_JUL29 === TRAIN 202102 seed=42 SKIP (checkpoint exists) ===
INFO PLAT_JUL29 === TRAIN 202102 seed=314 SKIP (checkpoint exists) ===
INFO PLAT_JUL29 === ROLL 202102 (stepper, realized path, 3-seed ensemble, inner=512) ===
WARNING md_202101_garch_driftless Price Factor 'DiscountRate.USD-SOFR' not found in market data
INFO md_202101_garch_driftless Creating default Discount Factor(type='DiscountRate', name=('USD-SOFR',))
INFO PLAT_JUL29 Observed_Scenario substituted 2 factor(s): ['CommodityPrice.PLATINUM_CME', 'CommodityBasis.LME_CME']
INFO PLAT_JUL29 liability scalars: total_leg_volume=2500.0 last_settlement_index=153
INFO PLAT_JUL29 utility_scale (symlog c) resolved to 803328.59
INFO PLAT_JUL29 DiffSolverV2 setup: n_hedge=3 active=[0, 1, 2] T_dec=124 (of 126 sim steps; last-live mtm=[-2]) B_outer=1 levels=9 fit_iters=60 lr=0.002 | contract_size=[50.0, 50.0, 50.0] | q∈[[-50.0, -50.0, -50.0], [0.0, 0.0, 0.0]] total_abs_limit=50
INFO PLAT_JUL29 DiffSolverV2 inner forks: one_step=True (window {t, t+1} generation+pricing)
INFO PLAT_JUL29 DiffSolverV2 bank IN Total_Position_Schedule (post-projection): residual frac(Σq outside corridor) min=0.000 mean=0.000 max=0.000 | worst t=0 corridor=[-50, -42.5] bank Σq∈[-42.5, -42.5] frac_oob=0.000 (≈0 ⇒ projection clean)
INFO PLAT_JUL29 DiffSolverV2 bank: market_dim=7 | swept W∈[-1.449e+04, 3.039e+05] mean=1.372e+05 std=6.02e+04 | q_rep(t=0)=[0.0, 0.0, 0.0]
INFO PLAT_JUL29 DiffV2_Load_Value_Fn: /home/vretiel/PycharmProjects/riskflow/artifacts/walk_forward/artifacts/walk_forward/driftless_gpu1/b015_202102/value_fn_202102_garch_s7.pt trained corridor-free (widest wealth support); rolling under a Total_Position_Schedule only restricts to a learned subset — valid.
INFO PLAT_JUL29 DiffSolverV2 LOADED value fn from /home/vretiel/PycharmProjects/riskflow/artifacts/walk_forward/artifacts/walk_forward/driftless_gpu1/b015_202102/value_fn_202102_garch_s7.pt (train V_0=-0.0861498) | eval-world market drift vs train frame: max 1.1 σ | utility_scale 1.07648e+06
INFO PLAT_JUL29 DiffV2_Load_Value_Fn: /home/vretiel/PycharmProjects/riskflow/artifacts/walk_forward/artifacts/walk_forward/driftless_gpu1/b015_202102/value_fn_202102_garch_s42.pt trained corridor-free (widest wealth support); rolling under a Total_Position_Schedule only restricts to a learned subset — valid.
INFO PLAT_JUL29 DiffSolverV2 LOADED value fn from /home/vretiel/PycharmProjects/riskflow/artifacts/walk_forward/artifacts/walk_forward/driftless_gpu1/b015_202102/value_fn_202102_garch_s42.pt (train V_0=-0.0725588) | eval-world market drift vs train frame: max 1.11 σ | utility_scale 1.07783e+06
INFO PLAT_JUL29 DiffV2_Load_Value_Fn: /home/vretiel/PycharmProjects/riskflow/artifacts/walk_forward/artifacts/walk_forward/driftless_gpu1/b015_202102/value_fn_202102_garch_s314.pt trained corridor-free (widest wealth support); rolling under a Total_Position_Schedule only restricts to a learned subset — valid.
INFO PLAT_JUL29 DiffSolverV2 LOADED value fn from /home/vretiel/PycharmProjects/riskflow/artifacts/walk_forward/artifacts/walk_forward/driftless_gpu1/b015_202102/value_fn_202102_garch_s314.pt (train V_0=-0.0519315) | eval-world market drift vs train frame: max 1.16 σ | utility_scale 1.0787e+06
INFO PLAT_JUL29 DiffSolverV2 action grid: K=165 actions (levels=9 ^ active=3)
INFO PLAT_JUL29 DiffSolverV2 ENSEMBLE argmax over 3 value fns
INFO PLAT_JUL29 DiffSolverV2 STEPPER ROLLOUT (frozen policy, realized path, real accounting):
  greedy   wT=+1.7449e+05 p5=+1.7449e+05 cvar5=+1.7449e+05
  textbook wT=+1.4909e+05 p5=+1.4909e+05 cvar5=+1.4909e+05
  nohedge  wT=+3.0967e+05 p5=+3.0967e+05 cvar5=+3.0967e+05
INFO PLAT_JUL29 DiffSolverV2 VERDICT (OUT-OF-SAMPLE rollout t=0→T over 1 outer paths, start flat):
  policy    u(W_T)mean    W_T mean       W_T p5         W_T CVaR5
  greedy    +0.18238    +1.9655e+05   +1.9655e+05   +1.9655e+05
  textbook  +0.14624    +1.5760e+05   +1.5760e+05   +1.5760e+05
  nohedge   +0.28734    +3.0966e+05   +3.0966e+05   +3.0966e+05
  → on the OBJECTIVE E[u(W_T)]: beats no-hedge=False, beats textbook=True | tail(CVaR5) competitive w/ textbook=True
INFO PLAT_JUL29 DiffSolverV2 greedy positions: mean|q| per instrument=['31.05', '0.00', '11.95'] | q@t0=[-43.75, 0.0, 0.0] | q@mid=[-43.75, 0.0, -6.25] (textbook q@t0=[0.0, 0.0, 0.0])
INFO PLAT_JUL29 solve_hedge tracks: {'DiffSolverV2': -0.0861} | ladder holds=True
INFO PLAT_JUL29 JOB 202102 DONE: greedy_free=245.07 greedy_015=69.8 u_pre_free=0.8308 u_pre_015=0.9788 PASS=True breaches=0 churn_015=137.5 train_u=[-0.016, -0.0064, -0.004]
INFO PLAT_JUL29 === ARM B 202112 DRIFTLESS retrain: md=md_202110_garch_driftless.json Convexity=Yes (omega=1.498e-06 alpha=0.0342 beta=0.9592 nu=7.42 H0=4.519e-04) ===
INFO PLAT_JUL29 === TRAIN 202112 seed=7 (fair=946.98, strike=938.98) ===
WARNING md_202110_garch_driftless Price Factor 'DiscountRate.USD-SOFR' not found in market data
INFO md_202110_garch_driftless Creating default Discount Factor(type='DiscountRate', name=('USD-SOFR',))
INFO PLAT_JUL29 liability scalars: total_leg_volume=2500.0 last_settlement_index=154
INFO PLAT_JUL29 utility_scale (symlog c) resolved to 839730.70
INFO PLAT_JUL29 DiffSolverV2 setup: n_hedge=3 active=[0, 1, 2] T_dec=125 (of 127 sim steps; last-live mtm=[-2]) B_outer=2048 levels=9 fit_iters=40 lr=0.002 | contract_size=[50.0, 50.0, 50.0] | q∈[[-50.0, -50.0, -50.0], [0.0, 0.0, 0.0]] total_abs_limit=50
INFO PLAT_JUL29 DiffSolverV2 inner forks: one_step=True (window {t, t+1} generation+pricing)
INFO PLAT_JUL29 DiffSolverV2 bank: market_dim=7 | swept W∈[-1.351e+06, 2.411e+06] mean=-3.703e+04 std=4.766e+05 | q_rep(t=0)=[-7.303957462310791, -7.397531509399414, -7.279134750366211]
INFO PLAT_JUL29 DiffSolverV2 action grid: K=165 actions (levels=9 ^ active=3)
INFO PLAT_JUL29 DiffSolverV2 C[t=124] fitted: val_loss=0.0003127 |Y_boot|=1.477 |A|=0.008069 Y_mean=-1.048 q*_mean=['0.000', '-2.899', '-21.655']
INFO PLAT_JUL29 DiffSolverV2 C[t=123] fitted: val_loss=0.0003391 |Y_boot|=1.477 |A|=0.01672 Y_mean=-1.041 q*_mean=['0.000', '-2.368', '-21.533']
INFO PLAT_JUL29 DiffSolverV2 C[t=122] fitted: val_loss=0.0003366 |Y_boot|=1.474 |A|=0.02325 Y_mean=-1.031 q*_mean=['0.000', '-3.076', '-21.869']
INFO PLAT_JUL29 DiffSolverV2 C[t=121] fitted: val_loss=0.00035 |Y_boot|=1.474 |A|=0.0324 Y_mean=-1.024 q*_mean=['0.000', '-1.904', '-21.783']
INFO PLAT_JUL29 DiffSolverV2 C[t=120] fitted: val_loss=0.0003792 |Y_boot|=1.472 |A|=0.0447 Y_mean=-1.014 q*_mean=['0.000', '-1.978', '-21.722']
INFO PLAT_JUL29 DiffSolverV2 C[t=119] fitted: val_loss=0.0003964 |Y_boot|=1.471 |A|=0.05776 Y_mean=-1.002 q*_mean=['0.000', '-2.417', '-21.680']
INFO PLAT_JUL29 DiffSolverV2 C[t=118] fitted: val_loss=0.0004834 |Y_boot|=1.469 |A|=0.06663 Y_mean=-0.9881 q*_mean=['0.000', '-1.746', '-20.898']
INFO PLAT_JUL29 DiffSolverV2 C[t=117] fitted: val_loss=0.0006411 |Y_boot|=1.467 |A|=0.0686 Y_mean=-0.9792 q*_mean=['0.000', '-1.923', '-21.112']
INFO PLAT_JUL29 DiffSolverV2 C[t=116] fitted: val_loss=2.902 |Y_boot|=1.441 |A|=0.07923 Y_mean=-0.01216 q*_mean=['0.000', '-0.006', '-24.176']
INFO PLAT_JUL29 DiffSolverV2 C[t=115] fitted: val_loss=0.553 |Y_boot|=1.323 |A|=0.07864 Y_mean=-0.6109 q*_mean=['0.000', '-0.183', '-24.365']
INFO PLAT_JUL29 DiffSolverV2 C[t=114] fitted: val_loss=0.2738 |Y_boot|=1.346 |A|=0.0783 Y_mean=-0.7285 q*_mean=['0.000', '-0.049', '-24.017']
INFO PLAT_JUL29 DiffSolverV2 C[t=113] fitted: val_loss=0.1696 |Y_boot|=1.363 |A|=0.07742 Y_mean=-0.7853 q*_mean=['0.000', '-0.177', '-23.456']
INFO PLAT_JUL29 DiffSolverV2 C[t=112] fitted: val_loss=0.1131 |Y_boot|=1.382 |A|=0.07739 Y_mean=-0.823 q*_mean=['0.000', '-0.153', '-23.297']
INFO PLAT_JUL29 DiffSolverV2 C[t=111] fitted: val_loss=0.08472 |Y_boot|=1.398 |A|=0.07648 Y_mean=-0.8486 q*_mean=['0.000', '-0.195', '-23.370']
INFO PLAT_JUL29 DiffSolverV2 C[t=110] fitted: val_loss=0.06646 |Y_boot|=1.404 |A|=0.07614 Y_mean=-0.865 q*_mean=['0.000', '-0.409', '-22.772']
INFO PLAT_JUL29 DiffSolverV2 C[t=109] fitted: val_loss=0.0553 |Y_boot|=1.411 |A|=0.07593 Y_mean=-0.8775 q*_mean=['0.000', '-0.171', '-23.157']
INFO PLAT_JUL29 DiffSolverV2 C[t=108] fitted: val_loss=0.04542 |Y_boot|=1.415 |A|=0.07595 Y_mean=-0.8862 q*_mean=['0.000', '-0.311', '-23.608']
INFO PLAT_JUL29 DiffSolverV2 C[t=107] fitted: val_loss=0.03907 |Y_boot|=1.417 |A|=0.07584 Y_mean=-0.8917 q*_mean=['0.000', '-0.244', '-23.883']
INFO PLAT_JUL29 DiffSolverV2 C[t=106] fitted: val_loss=0.03682 |Y_boot|=1.423 |A|=0.07548 Y_mean=-0.8999 q*_mean=['0.000', '-0.269', '-23.700']
INFO PLAT_JUL29 DiffSolverV2 C[t=105] fitted: val_loss=0.03301 |Y_boot|=1.424 |A|=0.07529 Y_mean=-0.9055 q*_mean=['0.000', '-0.256', '-23.413']
INFO PLAT_JUL29 DiffSolverV2 C[t=104] fitted: val_loss=0.02794 |Y_boot|=1.428 |A|=0.0751 Y_mean=-0.9125 q*_mean=['0.000', '-0.226', '-23.474']
INFO PLAT_JUL29 DiffSolverV2 C[t=103] fitted: val_loss=0.02688 |Y_boot|=1.43 |A|=0.07484 Y_mean=-0.9167 q*_mean=['0.000', '-0.458', '-23.590']
INFO PLAT_JUL29 DiffSolverV2 C[t=102] fitted: val_loss=0.02317 |Y_boot|=1.431 |A|=0.07409 Y_mean=-0.9189 q*_mean=['0.000', '-0.415', '-23.486']
INFO PLAT_JUL29 DiffSolverV2 C[t=101] fitted: val_loss=0.02364 |Y_boot|=1.432 |A|=0.07416 Y_mean=-0.9239 q*_mean=['0.000', '-0.415', '-23.364']
INFO PLAT_JUL29 DiffSolverV2 C[t=100] fitted: val_loss=0.02151 |Y_boot|=1.434 |A|=0.07444 Y_mean=-0.9249 q*_mean=['0.000', '-0.403', '-23.541']
INFO PLAT_JUL29 DiffSolverV2 C[t=99] fitted: val_loss=0.02201 |Y_boot|=1.433 |A|=0.07348 Y_mean=-0.9256 q*_mean=['0.000', '-0.299', '-23.016']
INFO PLAT_JUL29 DiffSolverV2 C[t=98] fitted: val_loss=0.02074 |Y_boot|=1.432 |A|=0.07409 Y_mean=-0.9267 q*_mean=['0.000', '-0.317', '-22.357']
INFO PLAT_JUL29 DiffSolverV2 C[t=97] fitted: val_loss=0.02449 |Y_boot|=1.431 |A|=0.07403 Y_mean=-0.9248 q*_mean=['0.000', '-0.787', '-22.479']
INFO PLAT_JUL29 DiffSolverV2 C[t=96] fitted: val_loss=0.02451 |Y_boot|=1.43 |A|=0.07354 Y_mean=-0.9251 q*_mean=['0.000', '-0.543', '-21.991']
INFO PLAT_JUL29 DiffSolverV2 C[t=95] fitted: val_loss=0.0248 |Y_boot|=1.431 |A|=0.07418 Y_mean=-0.9273 q*_mean=['0.000', '-0.616', '-21.661']
INFO PLAT_JUL29 DiffSolverV2 C[t=94] fitted: val_loss=0.02915 |Y_boot|=1.428 |A|=0.07372 Y_mean=-0.923 q*_mean=['0.000', '-0.665', '-21.765']
INFO PLAT_JUL29 DiffSolverV2 C[t=93] fitted: val_loss=0.02676 |Y_boot|=1.428 |A|=0.07368 Y_mean=-0.9248 q*_mean=['0.000', '-0.665', '-21.967']
INFO PLAT_JUL29 DiffSolverV2 C[t=92] fitted: val_loss=0.0223 |Y_boot|=1.426 |A|=0.07278 Y_mean=-0.9253 q*_mean=['0.000', '-0.385', '-21.906']
INFO PLAT_JUL29 DiffSolverV2 C[t=91] fitted: val_loss=0.02125 |Y_boot|=1.423 |A|=0.07286 Y_mean=-0.9228 q*_mean=['0.000', '-0.348', '-21.802']
INFO PLAT_JUL29 DiffSolverV2 C[t=90] fitted: val_loss=0.02735 |Y_boot|=1.423 |A|=0.07268 Y_mean=-0.9258 q*_mean=['0.000', '-0.708', '-21.576']
INFO PLAT_JUL29 DiffSolverV2 C[t=89] fitted: val_loss=0.02561 |Y_boot|=1.421 |A|=0.07304 Y_mean=-0.9247 q*_mean=['0.000', '-0.500', '-20.978']
INFO PLAT_JUL29 DiffSolverV2 C[t=88] fitted: val_loss=0.02641 |Y_boot|=1.418 |A|=0.07267 Y_mean=-0.9238 q*_mean=['0.000', '-0.537', '-21.436']
INFO PLAT_JUL29 DiffSolverV2 C[t=87] fitted: val_loss=0.02538 |Y_boot|=1.408 |A|=0.07216 Y_mean=-0.9169 q*_mean=['0.000', '-0.769', '-20.941']
INFO PLAT_JUL29 DiffSolverV2 C[t=86] fitted: val_loss=0.02179 |Y_boot|=1.403 |A|=0.07205 Y_mean=-0.9117 q*_mean=['0.000', '-0.751', '-21.393']
INFO PLAT_JUL29 DiffSolverV2 C[t=85] fitted: val_loss=0.02333 |Y_boot|=1.404 |A|=0.07249 Y_mean=-0.9108 q*_mean=['0.000', '-0.726', '-21.606']
INFO PLAT_JUL29 DiffSolverV2 C[t=84] fitted: val_loss=0.02746 |Y_boot|=1.405 |A|=0.07268 Y_mean=-0.9107 q*_mean=['0.000', '-0.305', '-21.906']
INFO PLAT_JUL29 DiffSolverV2 C[t=83] fitted: val_loss=0.02702 |Y_boot|=1.409 |A|=0.07296 Y_mean=-0.915 q*_mean=['0.000', '-0.525', '-20.770']
INFO PLAT_JUL29 DiffSolverV2 C[t=82] fitted: val_loss=0.02347 |Y_boot|=1.406 |A|=0.07273 Y_mean=-0.9119 q*_mean=['0.000', '-0.464', '-20.947']
INFO PLAT_JUL29 DiffSolverV2 C[t=81] fitted: val_loss=0.02193 |Y_boot|=1.403 |A|=0.07279 Y_mean=-0.9079 q*_mean=['0.000', '-0.726', '-20.685']
INFO PLAT_JUL29 DiffSolverV2 C[t=80] fitted: val_loss=0.02574 |Y_boot|=1.403 |A|=0.07247 Y_mean=-0.9095 q*_mean=['0.000', '-0.580', '-20.691']
INFO PLAT_JUL29 DiffSolverV2 C[t=79] fitted: val_loss=0.02444 |Y_boot|=1.397 |A|=0.07296 Y_mean=-0.9066 q*_mean=['0.000', '-0.494', '-20.734']
INFO PLAT_JUL29 DiffSolverV2 C[t=78] fitted: val_loss=0.02411 |Y_boot|=1.397 |A|=0.07326 Y_mean=-0.9083 q*_mean=['0.000', '-0.922', '-20.001']
INFO PLAT_JUL29 DiffSolverV2 C[t=77] fitted: val_loss=0.02432 |Y_boot|=1.397 |A|=0.07271 Y_mean=-0.909 q*_mean=['0.000', '-0.610', '-19.800']
INFO PLAT_JUL29 DiffSolverV2 C[t=76] fitted: val_loss=0.024 |Y_boot|=1.396 |A|=0.07252 Y_mean=-0.9091 q*_mean=['0.000', '-0.690', '-19.684']
INFO PLAT_JUL29 DiffSolverV2 C[t=75] fitted: val_loss=0.02264 |Y_boot|=1.391 |A|=0.07293 Y_mean=-0.9029 q*_mean=['0.000', '-0.714', '-19.635']
INFO PLAT_JUL29 DiffSolverV2 C[t=74] fitted: val_loss=0.02559 |Y_boot|=1.391 |A|=0.07263 Y_mean=-0.9006 q*_mean=['0.000', '-0.616', '-19.434']
INFO PLAT_JUL29 DiffSolverV2 C[t=73] fitted: val_loss=0.02077 |Y_boot|=1.389 |A|=0.07287 Y_mean=-0.8997 q*_mean=['0.000', '-0.659', '-19.000']
INFO PLAT_JUL29 DiffSolverV2 C[t=72] fitted: val_loss=0.02174 |Y_boot|=1.384 |A|=0.07228 Y_mean=-0.8943 q*_mean=['0.000', '-0.702', '-18.939']
INFO PLAT_JUL29 DiffSolverV2 C[t=71] fitted: val_loss=0.02743 |Y_boot|=1.379 |A|=0.07203 Y_mean=-0.8889 q*_mean=['0.000', '-0.476', '-18.622']
INFO PLAT_JUL29 DiffSolverV2 C[t=70] fitted: val_loss=0.02614 |Y_boot|=1.374 |A|=0.07221 Y_mean=-0.8827 q*_mean=['0.000', '-0.397', '-18.921']
INFO PLAT_JUL29 DiffSolverV2 C[t=69] fitted: val_loss=0.02308 |Y_boot|=1.368 |A|=0.07183 Y_mean=-0.8784 q*_mean=['0.000', '-0.439', '-18.512']
INFO PLAT_JUL29 DiffSolverV2 C[t=68] fitted: val_loss=0.02226 |Y_boot|=1.368 |A|=0.07208 Y_mean=-0.8764 q*_mean=['0.000', '-0.500', '-18.054']
INFO PLAT_JUL29 DiffSolverV2 C[t=67] fitted: val_loss=0.02311 |Y_boot|=1.361 |A|=0.07287 Y_mean=-0.8693 q*_mean=['0.000', '-0.330', '-17.853']
INFO PLAT_JUL29 DiffSolverV2 C[t=66] fitted: val_loss=0.02326 |Y_boot|=1.359 |A|=0.07333 Y_mean=-0.8673 q*_mean=['0.000', '-0.580', '-17.889']
INFO PLAT_JUL29 DiffSolverV2 C[t=65] fitted: val_loss=0.02338 |Y_boot|=1.355 |A|=0.07322 Y_mean=-0.864 q*_mean=['0.000', '-0.574', '-17.542']
INFO PLAT_JUL29 DiffSolverV2 C[t=64] fitted: val_loss=0.02465 |Y_boot|=1.357 |A|=0.07391 Y_mean=-0.8672 q*_mean=['0.000', '-0.372', '-17.773']
INFO PLAT_JUL29 DiffSolverV2 C[t=63] fitted: val_loss=0.02227 |Y_boot|=1.349 |A|=0.07269 Y_mean=-0.8617 q*_mean=['0.000', '-0.574', '-17.676']
INFO PLAT_JUL29 DiffSolverV2 C[t=62] fitted: val_loss=0.02346 |Y_boot|=1.345 |A|=0.07229 Y_mean=-0.8588 q*_mean=['0.000', '-0.452', '-17.834']
INFO PLAT_JUL29 DiffSolverV2 C[t=61] fitted: val_loss=0.02154 |Y_boot|=1.342 |A|=0.07278 Y_mean=-0.8569 q*_mean=['-32.062', '-0.330', '-17.609']
INFO PLAT_JUL29 DiffSolverV2 C[t=60] fitted: val_loss=0.01783 |Y_boot|=1.366 |A|=0.06517 Y_mean=-0.8963 q*_mean=['-13.745', '-1.215', '-8.221']
INFO PLAT_JUL29 DiffSolverV2 C[t=59] fitted: val_loss=0.01727 |Y_boot|=1.361 |A|=0.05959 Y_mean=-0.8996 q*_mean=['-13.550', '-0.854', '-8.185']
INFO PLAT_JUL29 DiffSolverV2 C[t=58] fitted: val_loss=0.01593 |Y_boot|=1.358 |A|=0.05942 Y_mean=-0.9048 q*_mean=['-14.508', '-0.806', '-8.929']
INFO PLAT_JUL29 DiffSolverV2 C[t=57] fitted: val_loss=0.01669 |Y_boot|=1.354 |A|=0.05849 Y_mean=-0.9017 q*_mean=['-13.373', '-0.842', '-8.038']
INFO PLAT_JUL29 DiffSolverV2 C[t=56] fitted: val_loss=0.02171 |Y_boot|=1.354 |A|=0.06037 Y_mean=-0.9023 q*_mean=['-14.471', '-0.848', '-8.508']
INFO PLAT_JUL29 DiffSolverV2 C[t=55] fitted: val_loss=0.01811 |Y_boot|=1.348 |A|=0.06074 Y_mean=-0.8965 q*_mean=['-14.282', '-0.977', '-8.630']
INFO PLAT_JUL29 DiffSolverV2 C[t=54] fitted: val_loss=0.01553 |Y_boot|=1.348 |A|=0.05998 Y_mean=-0.8958 q*_mean=['-14.166', '-0.751', '-9.015']
INFO PLAT_JUL29 DiffSolverV2 C[t=53] fitted: val_loss=0.01642 |Y_boot|=1.35 |A|=0.06139 Y_mean=-0.8989 q*_mean=['-15.033', '-0.696', '-8.783']
INFO PLAT_JUL29 DiffSolverV2 C[t=52] fitted: val_loss=0.01657 |Y_boot|=1.344 |A|=0.06086 Y_mean=-0.8895 q*_mean=['-13.489', '-0.507', '-8.691']
INFO PLAT_JUL29 DiffSolverV2 C[t=51] fitted: val_loss=0.01586 |Y_boot|=1.341 |A|=0.05985 Y_mean=-0.8853 q*_mean=['-13.519', '-0.842', '-8.569']
INFO PLAT_JUL29 DiffSolverV2 C[t=50] fitted: val_loss=0.0176 |Y_boot|=1.337 |A|=0.05968 Y_mean=-0.8828 q*_mean=['-14.032', '-0.574', '-9.125']
INFO PLAT_JUL29 DiffSolverV2 C[t=49] fitted: val_loss=0.01729 |Y_boot|=1.336 |A|=0.06307 Y_mean=-0.8803 q*_mean=['-13.586', '-0.543', '-8.997']
INFO PLAT_JUL29 DiffSolverV2 C[t=48] fitted: val_loss=0.01917 |Y_boot|=1.334 |A|=0.06433 Y_mean=-0.8755 q*_mean=['-12.946', '-0.494', '-8.667']
INFO PLAT_JUL29 DiffSolverV2 C[t=47] fitted: val_loss=0.0176 |Y_boot|=1.332 |A|=0.06374 Y_mean=-0.8715 q*_mean=['-13.013', '-0.403', '-8.704']
INFO PLAT_JUL29 DiffSolverV2 C[t=46] fitted: val_loss=0.02192 |Y_boot|=1.331 |A|=0.06349 Y_mean=-0.8731 q*_mean=['-14.105', '-0.500', '-9.528']
INFO PLAT_JUL29 DiffSolverV2 C[t=45] fitted: val_loss=0.01764 |Y_boot|=1.329 |A|=0.06353 Y_mean=-0.8714 q*_mean=['-13.940', '-0.861', '-9.399']
INFO PLAT_JUL29 DiffSolverV2 C[t=44] fitted: val_loss=0.01464 |Y_boot|=1.326 |A|=0.05978 Y_mean=-0.8697 q*_mean=['-13.483', '-0.592', '-9.540']
INFO PLAT_JUL29 DiffSolverV2 C[t=43] fitted: val_loss=0.01731 |Y_boot|=1.325 |A|=0.05865 Y_mean=-0.8738 q*_mean=['-12.207', '-0.562', '-9.393']
INFO PLAT_JUL29 DiffSolverV2 C[t=42] fitted: val_loss=0.01834 |Y_boot|=1.327 |A|=0.05943 Y_mean=-0.878 q*_mean=['-13.293', '-0.281', '-10.065']
INFO PLAT_JUL29 DiffSolverV2 C[t=41] fitted: val_loss=0.01699 |Y_boot|=1.32 |A|=0.05927 Y_mean=-0.8727 q*_mean=['-13.971', '-0.299', '-9.692']
INFO PLAT_JUL29 DiffSolverV2 C[t=40] fitted: val_loss=0.01815 |Y_boot|=1.314 |A|=0.05724 Y_mean=-0.8681 q*_mean=['-13.513', '-0.549', '-9.662']
INFO PLAT_JUL29 DiffSolverV2 C[t=39] fitted: val_loss=0.01594 |Y_boot|=1.311 |A|=0.0557 Y_mean=-0.8664 q*_mean=['-12.793', '-0.458', '-9.778']
INFO PLAT_JUL29 DiffSolverV2 C[t=38] fitted: val_loss=0.01667 |Y_boot|=1.311 |A|=0.05618 Y_mean=-0.8668 q*_mean=['-12.976', '-0.256', '-9.534']
INFO PLAT_JUL29 DiffSolverV2 C[t=37] fitted: val_loss=0.01977 |Y_boot|=1.313 |A|=0.06101 Y_mean=-0.8696 q*_mean=['-13.385', '-0.275', '-9.827']
INFO PLAT_JUL29 DiffSolverV2 C[t=36] fitted: val_loss=0.01601 |Y_boot|=1.309 |A|=0.06099 Y_mean=-0.8629 q*_mean=['-12.354', '-0.281', '-9.406']
INFO PLAT_JUL29 DiffSolverV2 C[t=35] fitted: val_loss=0.01321 |Y_boot|=1.308 |A|=0.06122 Y_mean=-0.8639 q*_mean=['-12.628', '-0.305', '-9.729']
INFO PLAT_JUL29 DiffSolverV2 C[t=34] fitted: val_loss=0.01826 |Y_boot|=1.302 |A|=0.06071 Y_mean=-0.8589 q*_mean=['-11.310', '-0.555', '-9.900']
INFO PLAT_JUL29 DiffSolverV2 C[t=33] fitted: val_loss=0.01722 |Y_boot|=1.297 |A|=0.06093 Y_mean=-0.8547 q*_mean=['-11.688', '-0.378', '-10.718']
INFO PLAT_JUL29 DiffSolverV2 C[t=32] fitted: val_loss=0.01624 |Y_boot|=1.293 |A|=0.06142 Y_mean=-0.8517 q*_mean=['-11.584', '-0.574', '-9.576']
INFO PLAT_JUL29 DiffSolverV2 C[t=31] fitted: val_loss=0.01482 |Y_boot|=1.292 |A|=0.05865 Y_mean=-0.8502 q*_mean=['-12.354', '-0.476', '-9.424']
INFO PLAT_JUL29 DiffSolverV2 C[t=30] fitted: val_loss=0.0202 |Y_boot|=1.292 |A|=0.06178 Y_mean=-0.8534 q*_mean=['-12.274', '-0.677', '-10.358']
INFO PLAT_JUL29 DiffSolverV2 C[t=29] fitted: val_loss=0.0157 |Y_boot|=1.292 |A|=0.06414 Y_mean=-0.8519 q*_mean=['-12.592', '-0.537', '-9.875']
INFO PLAT_JUL29 DiffSolverV2 C[t=28] fitted: val_loss=0.01429 |Y_boot|=1.291 |A|=0.06345 Y_mean=-0.8506 q*_mean=['-8.801', '-3.162', '-15.118']
INFO PLAT_JUL29 DiffSolverV2 C[t=27] fitted: val_loss=0.01563 |Y_boot|=1.288 |A|=0.06132 Y_mean=-0.8498 q*_mean=['-8.423', '-3.125', '-15.948']
INFO PLAT_JUL29 DiffSolverV2 C[t=26] fitted: val_loss=0.01592 |Y_boot|=1.284 |A|=0.05925 Y_mean=-0.8495 q*_mean=['-9.027', '-2.887', '-17.462']
INFO PLAT_JUL29 DiffSolverV2 C[t=25] fitted: val_loss=0.01661 |Y_boot|=1.283 |A|=0.05551 Y_mean=-0.8506 q*_mean=['-7.953', '-3.369', '-19.489']
INFO PLAT_JUL29 DiffSolverV2 C[t=24] fitted: val_loss=0.01772 |Y_boot|=1.282 |A|=0.05704 Y_mean=-0.8528 q*_mean=['-7.410', '-2.667', '-18.494']
INFO PLAT_JUL29 DiffSolverV2 C[t=23] fitted: val_loss=0.01573 |Y_boot|=1.283 |A|=0.05822 Y_mean=-0.8523 q*_mean=['-7.758', '-2.264', '-20.459']
INFO PLAT_JUL29 DiffSolverV2 C[t=22] fitted: val_loss=0.01563 |Y_boot|=1.28 |A|=0.05664 Y_mean=-0.8475 q*_mean=['-8.215', '-2.106', '-20.251']
INFO PLAT_JUL29 DiffSolverV2 C[t=21] fitted: val_loss=0.01726 |Y_boot|=1.277 |A|=0.05995 Y_mean=-0.8465 q*_mean=['-7.812', '-1.978', '-22.046']
INFO PLAT_JUL29 DiffSolverV2 C[t=20] fitted: val_loss=0.01698 |Y_boot|=1.271 |A|=0.06019 Y_mean=-0.8388 q*_mean=['-7.874', '-1.599', '-22.516']
INFO PLAT_JUL29 DiffSolverV2 C[t=19] fitted: val_loss=0.02297 |Y_boot|=1.271 |A|=0.06132 Y_mean=-0.8389 q*_mean=['-7.233', '-1.654', '-23.138']
INFO PLAT_JUL29 DiffSolverV2 C[t=18] fitted: val_loss=0.02486 |Y_boot|=1.274 |A|=0.06251 Y_mean=-0.8414 q*_mean=['-7.074', '-1.355', '-24.658']
INFO PLAT_JUL29 DiffSolverV2 C[t=17] fitted: val_loss=0.01559 |Y_boot|=1.272 |A|=0.05977 Y_mean=-0.8366 q*_mean=['-7.434', '-0.916', '-25.781']
INFO PLAT_JUL29 DiffSolverV2 C[t=16] fitted: val_loss=0.01504 |Y_boot|=1.273 |A|=0.06085 Y_mean=-0.84 q*_mean=['-6.604', '-0.848', '-25.891']
INFO PLAT_JUL29 DiffSolverV2 C[t=15] fitted: val_loss=0.01675 |Y_boot|=1.271 |A|=0.06038 Y_mean=-0.8373 q*_mean=['-7.501', '-0.653', '-27.307']
INFO PLAT_JUL29 DiffSolverV2 C[t=14] fitted: val_loss=0.01615 |Y_boot|=1.272 |A|=0.05944 Y_mean=-0.8395 q*_mean=['-7.123', '-1.160', '-27.826']
INFO PLAT_JUL29 DiffSolverV2 C[t=13] fitted: val_loss=0.01828 |Y_boot|=1.271 |A|=0.06108 Y_mean=-0.8385 q*_mean=['-7.019', '-0.616', '-28.424']
INFO PLAT_JUL29 DiffSolverV2 C[t=12] fitted: val_loss=0.01658 |Y_boot|=1.27 |A|=0.06318 Y_mean=-0.8374 q*_mean=['-6.378', '-0.549', '-28.888']
INFO PLAT_JUL29 DiffSolverV2 C[t=11] fitted: val_loss=0.01448 |Y_boot|=1.265 |A|=0.06234 Y_mean=-0.8313 q*_mean=['-6.287', '-0.580', '-29.431']
INFO PLAT_JUL29 DiffSolverV2 C[t=10] fitted: val_loss=0.01638 |Y_boot|=1.257 |A|=0.06155 Y_mean=-0.8248 q*_mean=['-5.566', '-0.696', '-29.944']
INFO PLAT_JUL29 DiffSolverV2 C[t=9] fitted: val_loss=0.01643 |Y_boot|=1.256 |A|=0.06078 Y_mean=-0.8247 q*_mean=['-5.322', '-0.842', '-30.475']
INFO PLAT_JUL29 DiffSolverV2 C[t=8] fitted: val_loss=0.01571 |Y_boot|=1.25 |A|=0.06237 Y_mean=-0.8183 q*_mean=['-4.449', '-0.421', '-30.743']
INFO PLAT_JUL29 DiffSolverV2 C[t=7] fitted: val_loss=0.01587 |Y_boot|=1.244 |A|=0.06413 Y_mean=-0.8106 q*_mean=['-4.712', '-0.525', '-30.823']
INFO PLAT_JUL29 DiffSolverV2 C[t=6] fitted: val_loss=0.0174 |Y_boot|=1.241 |A|=0.06406 Y_mean=-0.8061 q*_mean=['-4.120', '-0.671', '-31.134']
INFO PLAT_JUL29 DiffSolverV2 C[t=5] fitted: val_loss=0.01442 |Y_boot|=1.236 |A|=0.06555 Y_mean=-0.8008 q*_mean=['-3.589', '-0.659', '-31.909']
INFO PLAT_JUL29 DiffSolverV2 C[t=4] fitted: val_loss=0.01777 |Y_boot|=1.235 |A|=0.06793 Y_mean=-0.7976 q*_mean=['-3.339', '-0.739', '-31.470']
INFO PLAT_JUL29 DiffSolverV2 C[t=3] fitted: val_loss=0.01525 |Y_boot|=1.228 |A|=0.06867 Y_mean=-0.7866 q*_mean=['-2.325', '-0.397', '-32.379']
INFO PLAT_JUL29 DiffSolverV2 C[t=2] fitted: val_loss=0.01507 |Y_boot|=1.218 |A|=0.06929 Y_mean=-0.7737 q*_mean=['-2.130', '-0.513', '-32.635']
INFO PLAT_JUL29 DiffSolverV2 C[t=1] fitted: val_loss=0.01684 |Y_boot|=1.213 |A|=0.06734 Y_mean=-0.7655 q*_mean=['-2.295', '-0.269', '-32.611']
INFO PLAT_JUL29 DiffSolverV2 C[t=0] fitted: val_loss=0.02038 |Y_boot|=1.201 |A|=0.06952 Y_mean=-0.75 q*_mean=['-1.379', '-0.092', '-33.301']
INFO PLAT_JUL29 DiffSolverV2 sweep complete: t=124→0 | max|Y_boot|=1.477 (BOUNDED) | V_0=-0.750004 | n_star@t=0=[-1.37939453125, -0.091552734375, -33.30078125]
INFO PLAT_JUL29 DiffSolverV2 SAVED value fn to /home/vretiel/PycharmProjects/riskflow/artifacts/walk_forward/artifacts/walk_forward/driftless_gpu1/value_fn_202112_garch_s7.pt (V_0=-0.750004)
INFO PLAT_JUL29 DiffSolverV2 IN-SAMPLE vs OOS u(W_T): greedy IS=-0.85629 OOS=-0.68743 | textbook IS=-1.06709 OOS=-0.91356 (gap IS−OOS greedy=-0.16887 → overfit if large)
INFO PLAT_JUL29 DiffSolverV2 VERDICT (OUT-OF-SAMPLE rollout t=0→T over 1024 outer paths, start flat):
  policy    u(W_T)mean    W_T mean       W_T p5         W_T CVaR5
  greedy    -0.68743    +5.5639e+04   -7.0793e+05   -8.4654e+05
  textbook  -0.91356    -1.0396e+04   -7.3383e+05   -8.6917e+05
  nohedge   -1.22018    -2.0363e+04   -8.3454e+05   -9.9418e+05
  → on the OBJECTIVE E[u(W_T)]: beats no-hedge=True, beats textbook=True | tail(CVaR5) competitive w/ textbook=True
INFO PLAT_JUL29 DiffSolverV2 greedy positions: mean|q| per instrument=['4.30', '0.44', '19.59'] | q@t0=[-0.5615234375, -0.018310546875, -32.806396484375] | q@mid=[0.0, -0.177001953125, -17.303466796875] (textbook q@t0=[-7.303957462310791, -7.397531509399414, -7.279134750366211])
INFO PLAT_JUL29 solve_hedge tracks: {'DiffSolverV2': -0.75} | ladder holds=True
INFO PLAT_JUL29 === TRAIN 202112 seed=42 (fair=946.98, strike=938.98) ===
WARNING md_202110_garch_driftless Price Factor 'DiscountRate.USD-SOFR' not found in market data
INFO md_202110_garch_driftless Creating default Discount Factor(type='DiscountRate', name=('USD-SOFR',))
INFO PLAT_JUL29 liability scalars: total_leg_volume=2500.0 last_settlement_index=154
INFO PLAT_JUL29 utility_scale (symlog c) resolved to 823796.70
INFO PLAT_JUL29 DiffSolverV2 setup: n_hedge=3 active=[0, 1, 2] T_dec=125 (of 127 sim steps; last-live mtm=[-2]) B_outer=2048 levels=9 fit_iters=40 lr=0.002 | contract_size=[50.0, 50.0, 50.0] | q∈[[-50.0, -50.0, -50.0], [0.0, 0.0, 0.0]] total_abs_limit=50
INFO PLAT_JUL29 DiffSolverV2 inner forks: one_step=True (window {t, t+1} generation+pricing)
INFO PLAT_JUL29 DiffSolverV2 bank: market_dim=7 | swept W∈[-1.603e+06, 3.935e+06] mean=-2.819e+04 std=4.92e+05 | q_rep(t=0)=[-7.712836265563965, -7.849064350128174, -7.732592582702637]
INFO PLAT_JUL29 DiffSolverV2 action grid: K=165 actions (levels=9 ^ active=3)
INFO PLAT_JUL29 DiffSolverV2 C[t=124] fitted: val_loss=0.0003072 |Y_boot|=1.49 |A|=0.007721 Y_mean=-1.048 q*_mean=['0.000', '-2.869', '-22.339']
INFO PLAT_JUL29 DiffSolverV2 C[t=123] fitted: val_loss=0.0003464 |Y_boot|=1.488 |A|=0.01653 Y_mean=-1.039 q*_mean=['0.000', '-2.472', '-21.637']
INFO PLAT_JUL29 DiffSolverV2 C[t=122] fitted: val_loss=0.000339 |Y_boot|=1.486 |A|=0.02287 Y_mean=-1.029 q*_mean=['0.000', '-2.301', '-22.229']
INFO PLAT_JUL29 DiffSolverV2 C[t=121] fitted: val_loss=0.0003707 |Y_boot|=1.486 |A|=0.03305 Y_mean=-1.023 q*_mean=['0.000', '-2.350', '-22.607']
INFO PLAT_JUL29 DiffSolverV2 C[t=120] fitted: val_loss=0.00046 |Y_boot|=1.485 |A|=0.04675 Y_mean=-1.013 q*_mean=['0.000', '-2.789', '-22.516']
INFO PLAT_JUL29 DiffSolverV2 C[t=119] fitted: val_loss=0.0004515 |Y_boot|=1.484 |A|=0.059 Y_mean=-0.9998 q*_mean=['0.000', '-1.929', '-22.552']
INFO PLAT_JUL29 DiffSolverV2 C[t=118] fitted: val_loss=0.0005734 |Y_boot|=1.484 |A|=0.06655 Y_mean=-0.9872 q*_mean=['0.000', '-2.173', '-22.040']
INFO PLAT_JUL29 DiffSolverV2 C[t=117] fitted: val_loss=0.0008504 |Y_boot|=1.484 |A|=0.06921 Y_mean=-0.9801 q*_mean=['0.000', '-2.222', '-22.174']
INFO PLAT_JUL29 DiffSolverV2 C[t=116] fitted: val_loss=3.143 |Y_boot|=1.495 |A|=0.07948 Y_mean=+0.02205 q*_mean=['0.000', '0.000', '-25.000']
INFO PLAT_JUL29 DiffSolverV2 C[t=115] fitted: val_loss=0.6714 |Y_boot|=1.326 |A|=0.07856 Y_mean=-0.5907 q*_mean=['0.000', '-0.049', '-25.073']
INFO PLAT_JUL29 DiffSolverV2 C[t=114] fitted: val_loss=0.3166 |Y_boot|=1.36 |A|=0.07797 Y_mean=-0.7243 q*_mean=['0.000', '-0.061', '-24.579']
INFO PLAT_JUL29 DiffSolverV2 C[t=113] fitted: val_loss=0.1771 |Y_boot|=1.389 |A|=0.07739 Y_mean=-0.7897 q*_mean=['0.000', '-0.226', '-24.036']
INFO PLAT_JUL29 DiffSolverV2 C[t=112] fitted: val_loss=0.1225 |Y_boot|=1.401 |A|=0.07714 Y_mean=-0.8234 q*_mean=['0.000', '-0.177', '-24.579']
INFO PLAT_JUL29 DiffSolverV2 C[t=111] fitted: val_loss=0.08901 |Y_boot|=1.412 |A|=0.07673 Y_mean=-0.8463 q*_mean=['0.000', '-0.244', '-24.347']
INFO PLAT_JUL29 DiffSolverV2 C[t=110] fitted: val_loss=0.06929 |Y_boot|=1.424 |A|=0.0761 Y_mean=-0.8647 q*_mean=['0.000', '-0.165', '-24.127']
INFO PLAT_JUL29 DiffSolverV2 C[t=109] fitted: val_loss=0.05673 |Y_boot|=1.429 |A|=0.07607 Y_mean=-0.8757 q*_mean=['0.000', '-0.250', '-24.622']
INFO PLAT_JUL29 DiffSolverV2 C[t=108] fitted: val_loss=0.04784 |Y_boot|=1.43 |A|=0.07551 Y_mean=-0.8824 q*_mean=['0.000', '-0.342', '-24.646']
INFO PLAT_JUL29 DiffSolverV2 C[t=107] fitted: val_loss=0.04404 |Y_boot|=1.431 |A|=0.07585 Y_mean=-0.8876 q*_mean=['0.000', '-0.336', '-24.091']
INFO PLAT_JUL29 DiffSolverV2 C[t=106] fitted: val_loss=0.03875 |Y_boot|=1.436 |A|=0.07559 Y_mean=-0.8955 q*_mean=['0.000', '-0.531', '-23.352']
INFO PLAT_JUL29 DiffSolverV2 C[t=105] fitted: val_loss=0.03402 |Y_boot|=1.441 |A|=0.07506 Y_mean=-0.9016 q*_mean=['0.000', '-0.519', '-23.254']
INFO PLAT_JUL29 DiffSolverV2 C[t=104] fitted: val_loss=0.0332 |Y_boot|=1.442 |A|=0.0747 Y_mean=-0.905 q*_mean=['0.000', '-0.494', '-23.022']
INFO PLAT_JUL29 DiffSolverV2 C[t=103] fitted: val_loss=0.03066 |Y_boot|=1.443 |A|=0.07432 Y_mean=-0.9075 q*_mean=['0.000', '-0.500', '-22.595']
INFO PLAT_JUL29 DiffSolverV2 C[t=102] fitted: val_loss=0.02775 |Y_boot|=1.446 |A|=0.07427 Y_mean=-0.9122 q*_mean=['0.000', '-0.488', '-22.583']
INFO PLAT_JUL29 DiffSolverV2 C[t=101] fitted: val_loss=0.02497 |Y_boot|=1.448 |A|=0.07433 Y_mean=-0.9156 q*_mean=['0.000', '-0.793', '-22.119']
INFO PLAT_JUL29 DiffSolverV2 C[t=100] fitted: val_loss=0.02546 |Y_boot|=1.448 |A|=0.07447 Y_mean=-0.9162 q*_mean=['0.000', '-0.287', '-22.394']
INFO PLAT_JUL29 DiffSolverV2 C[t=99] fitted: val_loss=0.02553 |Y_boot|=1.447 |A|=0.07388 Y_mean=-0.9166 q*_mean=['0.000', '-0.403', '-22.150']
INFO PLAT_JUL29 DiffSolverV2 C[t=98] fitted: val_loss=0.02573 |Y_boot|=1.446 |A|=0.0744 Y_mean=-0.9193 q*_mean=['0.000', '-0.952', '-22.107']
INFO PLAT_JUL29 DiffSolverV2 C[t=97] fitted: val_loss=0.0236 |Y_boot|=1.446 |A|=0.07361 Y_mean=-0.9206 q*_mean=['0.000', '-0.555', '-21.820']
INFO PLAT_JUL29 DiffSolverV2 C[t=96] fitted: val_loss=0.02406 |Y_boot|=1.448 |A|=0.07367 Y_mean=-0.9244 q*_mean=['0.000', '-0.635', '-21.179']
INFO PLAT_JUL29 DiffSolverV2 C[t=95] fitted: val_loss=0.02242 |Y_boot|=1.447 |A|=0.07353 Y_mean=-0.9266 q*_mean=['0.000', '-0.574', '-21.124']
INFO PLAT_JUL29 DiffSolverV2 C[t=94] fitted: val_loss=0.02445 |Y_boot|=1.448 |A|=0.07303 Y_mean=-0.9271 q*_mean=['0.000', '-0.922', '-20.770']
INFO PLAT_JUL29 DiffSolverV2 C[t=93] fitted: val_loss=0.02594 |Y_boot|=1.444 |A|=0.07324 Y_mean=-0.9253 q*_mean=['0.000', '-0.525', '-20.850']
INFO PLAT_JUL29 DiffSolverV2 C[t=92] fitted: val_loss=0.02194 |Y_boot|=1.44 |A|=0.07302 Y_mean=-0.9229 q*_mean=['0.000', '-0.580', '-20.520']
INFO PLAT_JUL29 DiffSolverV2 C[t=91] fitted: val_loss=0.02831 |Y_boot|=1.437 |A|=0.0736 Y_mean=-0.9224 q*_mean=['0.000', '-0.531', '-20.721']
INFO PLAT_JUL29 DiffSolverV2 C[t=90] fitted: val_loss=0.02587 |Y_boot|=1.432 |A|=0.07277 Y_mean=-0.9172 q*_mean=['0.000', '-0.543', '-20.837']
INFO PLAT_JUL29 DiffSolverV2 C[t=89] fitted: val_loss=0.02865 |Y_boot|=1.428 |A|=0.07223 Y_mean=-0.9153 q*_mean=['0.000', '-0.641', '-20.673']
INFO PLAT_JUL29 DiffSolverV2 C[t=88] fitted: val_loss=0.02921 |Y_boot|=1.423 |A|=0.07187 Y_mean=-0.9126 q*_mean=['0.000', '-0.769', '-20.520']
INFO PLAT_JUL29 DiffSolverV2 C[t=87] fitted: val_loss=0.02765 |Y_boot|=1.42 |A|=0.07175 Y_mean=-0.91 q*_mean=['0.000', '-0.531', '-20.612']
INFO PLAT_JUL29 DiffSolverV2 C[t=86] fitted: val_loss=0.02987 |Y_boot|=1.414 |A|=0.0728 Y_mean=-0.9058 q*_mean=['0.000', '-0.616', '-20.227']
INFO PLAT_JUL29 DiffSolverV2 C[t=85] fitted: val_loss=0.02606 |Y_boot|=1.411 |A|=0.07256 Y_mean=-0.9014 q*_mean=['0.000', '-0.598', '-20.465']
INFO PLAT_JUL29 DiffSolverV2 C[t=84] fitted: val_loss=0.02769 |Y_boot|=1.401 |A|=0.07256 Y_mean=-0.8945 q*_mean=['0.000', '-0.623', '-19.800']
INFO PLAT_JUL29 DiffSolverV2 C[t=83] fitted: val_loss=0.02575 |Y_boot|=1.398 |A|=0.0729 Y_mean=-0.8911 q*_mean=['0.000', '-0.812', '-20.032']
INFO PLAT_JUL29 DiffSolverV2 C[t=82] fitted: val_loss=0.02657 |Y_boot|=1.399 |A|=0.07292 Y_mean=-0.8909 q*_mean=['0.000', '-0.507', '-19.446']
INFO PLAT_JUL29 DiffSolverV2 C[t=81] fitted: val_loss=0.03017 |Y_boot|=1.399 |A|=0.07316 Y_mean=-0.8916 q*_mean=['0.000', '-0.458', '-19.672']
INFO PLAT_JUL29 DiffSolverV2 C[t=80] fitted: val_loss=0.02726 |Y_boot|=1.398 |A|=0.07292 Y_mean=-0.8902 q*_mean=['0.000', '-0.647', '-19.830']
INFO PLAT_JUL29 DiffSolverV2 C[t=79] fitted: val_loss=0.02473 |Y_boot|=1.397 |A|=0.07208 Y_mean=-0.8916 q*_mean=['0.000', '-0.464', '-19.220']
INFO PLAT_JUL29 DiffSolverV2 C[t=78] fitted: val_loss=0.02265 |Y_boot|=1.392 |A|=0.0716 Y_mean=-0.8863 q*_mean=['0.000', '-0.739', '-19.635']
INFO PLAT_JUL29 DiffSolverV2 C[t=77] fitted: val_loss=0.02615 |Y_boot|=1.385 |A|=0.07182 Y_mean=-0.8786 q*_mean=['0.000', '-0.726', '-19.244']
INFO PLAT_JUL29 DiffSolverV2 C[t=76] fitted: val_loss=0.02344 |Y_boot|=1.377 |A|=0.07233 Y_mean=-0.871 q*_mean=['0.000', '-0.720', '-18.811']
INFO PLAT_JUL29 DiffSolverV2 C[t=75] fitted: val_loss=0.02243 |Y_boot|=1.373 |A|=0.07235 Y_mean=-0.8664 q*_mean=['0.000', '-0.421', '-18.652']
INFO PLAT_JUL29 DiffSolverV2 C[t=74] fitted: val_loss=0.02315 |Y_boot|=1.374 |A|=0.07237 Y_mean=-0.866 q*_mean=['0.000', '-0.623', '-18.658']
INFO PLAT_JUL29 DiffSolverV2 C[t=73] fitted: val_loss=0.02499 |Y_boot|=1.37 |A|=0.07238 Y_mean=-0.8621 q*_mean=['0.000', '-0.745', '-18.536']
INFO PLAT_JUL29 DiffSolverV2 C[t=72] fitted: val_loss=0.02434 |Y_boot|=1.368 |A|=0.07243 Y_mean=-0.8605 q*_mean=['0.000', '-0.616', '-18.457']
INFO PLAT_JUL29 DiffSolverV2 C[t=71] fitted: val_loss=0.02729 |Y_boot|=1.362 |A|=0.07177 Y_mean=-0.8552 q*_mean=['0.000', '-0.482', '-18.787']
INFO PLAT_JUL29 DiffSolverV2 C[t=70] fitted: val_loss=0.02589 |Y_boot|=1.363 |A|=0.07248 Y_mean=-0.8562 q*_mean=['0.000', '-0.385', '-17.914']
INFO PLAT_JUL29 DiffSolverV2 C[t=69] fitted: val_loss=0.02247 |Y_boot|=1.363 |A|=0.0725 Y_mean=-0.8574 q*_mean=['0.000', '-0.604', '-18.219']
INFO PLAT_JUL29 DiffSolverV2 C[t=68] fitted: val_loss=0.02527 |Y_boot|=1.359 |A|=0.07288 Y_mean=-0.8548 q*_mean=['0.000', '-0.812', '-17.798']
INFO PLAT_JUL29 DiffSolverV2 C[t=67] fitted: val_loss=0.02415 |Y_boot|=1.35 |A|=0.07238 Y_mean=-0.8495 q*_mean=['0.000', '-0.592', '-17.828']
INFO PLAT_JUL29 DiffSolverV2 C[t=66] fitted: val_loss=0.02767 |Y_boot|=1.355 |A|=0.07343 Y_mean=-0.8553 q*_mean=['0.000', '-0.604', '-17.578']
INFO PLAT_JUL29 DiffSolverV2 C[t=65] fitted: val_loss=0.02471 |Y_boot|=1.35 |A|=0.07291 Y_mean=-0.8504 q*_mean=['0.000', '-0.336', '-17.645']
INFO PLAT_JUL29 DiffSolverV2 C[t=64] fitted: val_loss=0.02653 |Y_boot|=1.345 |A|=0.07249 Y_mean=-0.8459 q*_mean=['0.000', '-0.476', '-17.529']
INFO PLAT_JUL29 DiffSolverV2 C[t=63] fitted: val_loss=0.02602 |Y_boot|=1.334 |A|=0.07249 Y_mean=-0.8356 q*_mean=['0.000', '-0.476', '-17.267']
INFO PLAT_JUL29 DiffSolverV2 C[t=62] fitted: val_loss=0.02763 |Y_boot|=1.33 |A|=0.07314 Y_mean=-0.832 q*_mean=['0.000', '-0.299', '-17.456']
INFO PLAT_JUL29 DiffSolverV2 C[t=61] fitted: val_loss=0.02996 |Y_boot|=1.32 |A|=0.07297 Y_mean=-0.8221 q*_mean=['-32.709', '-0.208', '-17.084']
INFO PLAT_JUL29 DiffSolverV2 C[t=60] fitted: val_loss=0.01594 |Y_boot|=1.355 |A|=0.06855 Y_mean=-0.8733 q*_mean=['-13.635', '-1.215', '-8.441']
INFO PLAT_JUL29 DiffSolverV2 C[t=59] fitted: val_loss=0.01405 |Y_boot|=1.357 |A|=0.06534 Y_mean=-0.8827 q*_mean=['-13.837', '-1.166', '-8.673']
INFO PLAT_JUL29 DiffSolverV2 C[t=58] fitted: val_loss=0.0171 |Y_boot|=1.352 |A|=0.06429 Y_mean=-0.8805 q*_mean=['-13.892', '-0.958', '-8.398']
INFO PLAT_JUL29 DiffSolverV2 C[t=57] fitted: val_loss=0.01545 |Y_boot|=1.351 |A|=0.06218 Y_mean=-0.8802 q*_mean=['-14.349', '-1.056', '-8.325']
INFO PLAT_JUL29 DiffSolverV2 C[t=56] fitted: val_loss=0.01661 |Y_boot|=1.349 |A|=0.06043 Y_mean=-0.8819 q*_mean=['-14.014', '-1.068', '-7.587']
INFO PLAT_JUL29 DiffSolverV2 C[t=55] fitted: val_loss=0.01735 |Y_boot|=1.345 |A|=0.05605 Y_mean=-0.8791 q*_mean=['-14.648', '-1.166', '-8.057']
INFO PLAT_JUL29 DiffSolverV2 C[t=54] fitted: val_loss=0.01823 |Y_boot|=1.341 |A|=0.05631 Y_mean=-0.8797 q*_mean=['-15.320', '-0.818', '-7.367']
INFO PLAT_JUL29 DiffSolverV2 C[t=53] fitted: val_loss=0.01543 |Y_boot|=1.344 |A|=0.05805 Y_mean=-0.8841 q*_mean=['-14.771', '-0.891', '-8.087']
INFO PLAT_JUL29 DiffSolverV2 C[t=52] fitted: val_loss=0.01652 |Y_boot|=1.343 |A|=0.06064 Y_mean=-0.8807 q*_mean=['-14.288', '-0.769', '-8.466']
INFO PLAT_JUL29 DiffSolverV2 C[t=51] fitted: val_loss=0.01686 |Y_boot|=1.34 |A|=0.06068 Y_mean=-0.877 q*_mean=['-14.337', '-0.800', '-8.405']
INFO PLAT_JUL29 DiffSolverV2 C[t=50] fitted: val_loss=0.01662 |Y_boot|=1.338 |A|=0.06073 Y_mean=-0.8745 q*_mean=['-15.112', '-0.787', '-7.996']
INFO PLAT_JUL29 DiffSolverV2 C[t=49] fitted: val_loss=0.01572 |Y_boot|=1.338 |A|=0.05596 Y_mean=-0.8744 q*_mean=['-14.856', '-0.555', '-7.935']
INFO PLAT_JUL29 DiffSolverV2 C[t=48] fitted: val_loss=0.01471 |Y_boot|=1.337 |A|=0.06096 Y_mean=-0.877 q*_mean=['-14.160', '-0.751', '-8.093']
INFO PLAT_JUL29 DiffSolverV2 C[t=47] fitted: val_loss=0.01453 |Y_boot|=1.331 |A|=0.06292 Y_mean=-0.8683 q*_mean=['-13.312', '-0.787', '-8.722']
INFO PLAT_JUL29 DiffSolverV2 C[t=46] fitted: val_loss=0.0189 |Y_boot|=1.332 |A|=0.06196 Y_mean=-0.8682 q*_mean=['-13.574', '-0.665', '-8.167']
INFO PLAT_JUL29 DiffSolverV2 C[t=45] fitted: val_loss=0.01656 |Y_boot|=1.324 |A|=0.05923 Y_mean=-0.8623 q*_mean=['-14.117', '-0.452', '-8.759']
INFO PLAT_JUL29 DiffSolverV2 C[t=44] fitted: val_loss=0.02021 |Y_boot|=1.323 |A|=0.0615 Y_mean=-0.865 q*_mean=['-13.477', '-0.549', '-8.820']
INFO PLAT_JUL29 DiffSolverV2 C[t=43] fitted: val_loss=0.01457 |Y_boot|=1.324 |A|=0.06343 Y_mean=-0.8632 q*_mean=['-14.844', '-0.549', '-8.154']
INFO PLAT_JUL29 DiffSolverV2 C[t=42] fitted: val_loss=0.01616 |Y_boot|=1.325 |A|=0.06359 Y_mean=-0.8635 q*_mean=['-13.525', '-0.598', '-8.740']
INFO PLAT_JUL29 DiffSolverV2 C[t=41] fitted: val_loss=0.01829 |Y_boot|=1.317 |A|=0.06252 Y_mean=-0.858 q*_mean=['-13.922', '-0.366', '-9.094']
INFO PLAT_JUL29 DiffSolverV2 C[t=40] fitted: val_loss=0.01786 |Y_boot|=1.319 |A|=0.06165 Y_mean=-0.8626 q*_mean=['-14.874', '-0.641', '-8.691']
INFO PLAT_JUL29 DiffSolverV2 C[t=39] fitted: val_loss=0.02161 |Y_boot|=1.321 |A|=0.0634 Y_mean=-0.8651 q*_mean=['-12.958', '-0.391', '-8.801']
INFO PLAT_JUL29 DiffSolverV2 C[t=38] fitted: val_loss=0.01543 |Y_boot|=1.32 |A|=0.06052 Y_mean=-0.8639 q*_mean=['-13.959', '-0.415', '-8.612']
INFO PLAT_JUL29 DiffSolverV2 C[t=37] fitted: val_loss=0.01659 |Y_boot|=1.317 |A|=0.06121 Y_mean=-0.8626 q*_mean=['-12.994', '-0.476', '-9.149']
INFO PLAT_JUL29 DiffSolverV2 C[t=36] fitted: val_loss=0.01893 |Y_boot|=1.319 |A|=0.06454 Y_mean=-0.8636 q*_mean=['-13.440', '-0.531', '-8.557']
INFO PLAT_JUL29 DiffSolverV2 C[t=35] fitted: val_loss=0.01586 |Y_boot|=1.319 |A|=0.06265 Y_mean=-0.8596 q*_mean=['-12.933', '-0.385', '-9.247']
INFO PLAT_JUL29 DiffSolverV2 C[t=34] fitted: val_loss=0.0172 |Y_boot|=1.313 |A|=0.05829 Y_mean=-0.8565 q*_mean=['-13.239', '-0.458', '-9.100']
INFO PLAT_JUL29 DiffSolverV2 C[t=33] fitted: val_loss=0.0164 |Y_boot|=1.316 |A|=0.06267 Y_mean=-0.8652 q*_mean=['-12.714', '-0.378', '-8.167']
INFO PLAT_JUL29 DiffSolverV2 C[t=32] fitted: val_loss=0.01357 |Y_boot|=1.317 |A|=0.06463 Y_mean=-0.8632 q*_mean=['-13.116', '-0.433', '-9.174']
INFO PLAT_JUL29 DiffSolverV2 C[t=31] fitted: val_loss=0.01511 |Y_boot|=1.316 |A|=0.06452 Y_mean=-0.8608 q*_mean=['-12.799', '-0.269', '-9.039']
INFO PLAT_JUL29 DiffSolverV2 C[t=30] fitted: val_loss=0.01495 |Y_boot|=1.309 |A|=0.06023 Y_mean=-0.8546 q*_mean=['-12.158', '-0.391', '-8.960']
INFO PLAT_JUL29 DiffSolverV2 C[t=29] fitted: val_loss=0.01597 |Y_boot|=1.306 |A|=0.06036 Y_mean=-0.8551 q*_mean=['-12.390', '-0.403', '-9.247']
INFO PLAT_JUL29 DiffSolverV2 C[t=28] fitted: val_loss=0.01454 |Y_boot|=1.306 |A|=0.05715 Y_mean=-0.856 q*_mean=['-8.636', '-3.571', '-15.594']
INFO PLAT_JUL29 DiffSolverV2 C[t=27] fitted: val_loss=0.01581 |Y_boot|=1.308 |A|=0.06111 Y_mean=-0.8634 q*_mean=['-7.916', '-3.046', '-17.755']
INFO PLAT_JUL29 DiffSolverV2 C[t=26] fitted: val_loss=0.01573 |Y_boot|=1.305 |A|=0.05818 Y_mean=-0.8583 q*_mean=['-8.002', '-3.705', '-17.413']
INFO PLAT_JUL29 DiffSolverV2 C[t=25] fitted: val_loss=0.01463 |Y_boot|=1.306 |A|=0.05554 Y_mean=-0.8611 q*_mean=['-8.759', '-3.046', '-19.720']
INFO PLAT_JUL29 DiffSolverV2 C[t=24] fitted: val_loss=0.01517 |Y_boot|=1.3 |A|=0.05666 Y_mean=-0.8589 q*_mean=['-7.434', '-2.692', '-21.106']
INFO PLAT_JUL29 DiffSolverV2 C[t=23] fitted: val_loss=0.017 |Y_boot|=1.294 |A|=0.04994 Y_mean=-0.8515 q*_mean=['-6.891', '-2.393', '-22.046']
INFO PLAT_JUL29 DiffSolverV2 C[t=22] fitted: val_loss=0.01491 |Y_boot|=1.299 |A|=0.05419 Y_mean=-0.8626 q*_mean=['-7.410', '-1.941', '-22.699']
INFO PLAT_JUL29 DiffSolverV2 C[t=21] fitted: val_loss=0.01628 |Y_boot|=1.294 |A|=0.05926 Y_mean=-0.8553 q*_mean=['-6.897', '-1.801', '-23.315']
INFO PLAT_JUL29 DiffSolverV2 C[t=20] fitted: val_loss=0.01611 |Y_boot|=1.291 |A|=0.06069 Y_mean=-0.8495 q*_mean=['-6.964', '-1.440', '-23.633']
INFO PLAT_JUL29 DiffSolverV2 C[t=19] fitted: val_loss=0.01775 |Y_boot|=1.289 |A|=0.06249 Y_mean=-0.8449 q*_mean=['-7.465', '-1.312', '-24.573']
INFO PLAT_JUL29 DiffSolverV2 C[t=18] fitted: val_loss=0.01679 |Y_boot|=1.289 |A|=0.06143 Y_mean=-0.8434 q*_mean=['-7.178', '-1.196', '-24.890']
INFO PLAT_JUL29 DiffSolverV2 C[t=17] fitted: val_loss=0.01857 |Y_boot|=1.283 |A|=0.06308 Y_mean=-0.8388 q*_mean=['-6.750', '-0.897', '-26.776']
INFO PLAT_JUL29 DiffSolverV2 C[t=16] fitted: val_loss=0.01452 |Y_boot|=1.277 |A|=0.06169 Y_mean=-0.8318 q*_mean=['-7.239', '-0.891', '-27.167']
INFO PLAT_JUL29 DiffSolverV2 C[t=15] fitted: val_loss=0.01645 |Y_boot|=1.273 |A|=0.06192 Y_mean=-0.8303 q*_mean=['-7.025', '-1.038', '-27.869']
INFO PLAT_JUL29 DiffSolverV2 C[t=14] fitted: val_loss=0.01862 |Y_boot|=1.273 |A|=0.06206 Y_mean=-0.8304 q*_mean=['-6.293', '-0.720', '-28.729']
INFO PLAT_JUL29 DiffSolverV2 C[t=13] fitted: val_loss=0.01691 |Y_boot|=1.268 |A|=0.06017 Y_mean=-0.8263 q*_mean=['-6.677', '-0.653', '-29.114']
INFO PLAT_JUL29 DiffSolverV2 C[t=12] fitted: val_loss=0.02 |Y_boot|=1.265 |A|=0.05505 Y_mean=-0.8249 q*_mean=['-6.696', '-0.500', '-29.999']
INFO PLAT_JUL29 DiffSolverV2 C[t=11] fitted: val_loss=0.01674 |Y_boot|=1.258 |A|=0.05648 Y_mean=-0.8209 q*_mean=['-6.036', '-0.647', '-30.194']
INFO PLAT_JUL29 DiffSolverV2 C[t=10] fitted: val_loss=0.01659 |Y_boot|=1.258 |A|=0.06458 Y_mean=-0.8195 q*_mean=['-5.719', '-0.659', '-31.207']
INFO PLAT_JUL29 DiffSolverV2 C[t=9] fitted: val_loss=0.01764 |Y_boot|=1.257 |A|=0.066 Y_mean=-0.8092 q*_mean=['-5.823', '-0.409', '-31.036']
INFO PLAT_JUL29 DiffSolverV2 C[t=8] fitted: val_loss=0.01557 |Y_boot|=1.258 |A|=0.06711 Y_mean=-0.8093 q*_mean=['-5.054', '-0.800', '-31.396']
INFO PLAT_JUL29 DiffSolverV2 C[t=7] fitted: val_loss=0.01614 |Y_boot|=1.26 |A|=0.06684 Y_mean=-0.8092 q*_mean=['-4.901', '-0.659', '-31.976']
INFO PLAT_JUL29 DiffSolverV2 C[t=6] fitted: val_loss=0.01468 |Y_boot|=1.255 |A|=0.06741 Y_mean=-0.8034 q*_mean=['-4.602', '-0.348', '-32.684']
INFO PLAT_JUL29 DiffSolverV2 C[t=5] fitted: val_loss=0.01817 |Y_boot|=1.25 |A|=0.06767 Y_mean=-0.7976 q*_mean=['-3.888', '-0.452', '-33.020']
INFO PLAT_JUL29 DiffSolverV2 C[t=4] fitted: val_loss=0.015 |Y_boot|=1.248 |A|=0.06781 Y_mean=-0.7926 q*_mean=['-2.972', '-0.494', '-33.148']
INFO PLAT_JUL29 DiffSolverV2 C[t=3] fitted: val_loss=0.01725 |Y_boot|=1.239 |A|=0.06734 Y_mean=-0.7811 q*_mean=['-2.563', '-0.397', '-33.478']
INFO PLAT_JUL29 DiffSolverV2 C[t=2] fitted: val_loss=0.01803 |Y_boot|=1.234 |A|=0.06797 Y_mean=-0.7743 q*_mean=['-2.081', '-0.385', '-33.508']
INFO PLAT_JUL29 DiffSolverV2 C[t=1] fitted: val_loss=0.01689 |Y_boot|=1.23 |A|=0.06917 Y_mean=-0.7666 q*_mean=['-1.764', '-0.433', '-33.923']
INFO PLAT_JUL29 DiffSolverV2 C[t=0] fitted: val_loss=0.01929 |Y_boot|=1.215 |A|=0.06901 Y_mean=-0.7459 q*_mean=['-1.398', '-0.116', '-34.216']
INFO PLAT_JUL29 DiffSolverV2 sweep complete: t=124→0 | max|Y_boot|=1.495 (BOUNDED) | V_0=-0.745898 | n_star@t=0=[-1.397705078125, -0.115966796875, -34.21630859375]
INFO PLAT_JUL29 DiffSolverV2 SAVED value fn to /home/vretiel/PycharmProjects/riskflow/artifacts/walk_forward/artifacts/walk_forward/driftless_gpu1/value_fn_202112_garch_s42.pt (V_0=-0.745898)
INFO PLAT_JUL29 DiffSolverV2 IN-SAMPLE vs OOS u(W_T): greedy IS=-0.82485 OOS=-0.78736 | textbook IS=-1.05067 OOS=-0.95637 (gap IS−OOS greedy=-0.03749 → overfit if large)
INFO PLAT_JUL29 DiffSolverV2 VERDICT (OUT-OF-SAMPLE rollout t=0→T over 1024 outer paths, start flat):
  policy    u(W_T)mean    W_T mean       W_T p5         W_T CVaR5
  greedy    -0.78736    +4.9744e+04   -6.9577e+05   -8.6398e+05
  textbook  -0.95637    +1.3271e+03   -7.3738e+05   -8.8842e+05
  nohedge   -1.17763    +5.0727e+03   -8.3259e+05   -9.9488e+05
  → on the OBJECTIVE E[u(W_T)]: beats no-hedge=True, beats textbook=True | tail(CVaR5) competitive w/ textbook=True
INFO PLAT_JUL29 DiffSolverV2 greedy positions: mean|q| per instrument=['4.27', '0.49', '20.02'] | q@t0=[-0.439453125, -0.054931640625, -33.245849609375] | q@mid=[0.0, -0.29296875, -17.10205078125] (textbook q@t0=[-7.712836265563965, -7.849064350128174, -7.732592582702637])
INFO PLAT_JUL29 solve_hedge tracks: {'DiffSolverV2': -0.7459} | ladder holds=True
INFO PLAT_JUL29 === TRAIN 202112 seed=314 (fair=946.98, strike=938.98) ===
WARNING md_202110_garch_driftless Price Factor 'DiscountRate.USD-SOFR' not found in market data
INFO md_202110_garch_driftless Creating default Discount Factor(type='DiscountRate', name=('USD-SOFR',))
INFO PLAT_JUL29 liability scalars: total_leg_volume=2500.0 last_settlement_index=154
INFO PLAT_JUL29 utility_scale (symlog c) resolved to 858217.54
INFO PLAT_JUL29 DiffSolverV2 setup: n_hedge=3 active=[0, 1, 2] T_dec=125 (of 127 sim steps; last-live mtm=[-2]) B_outer=2048 levels=9 fit_iters=40 lr=0.002 | contract_size=[50.0, 50.0, 50.0] | q∈[[-50.0, -50.0, -50.0], [0.0, 0.0, 0.0]] total_abs_limit=50
INFO PLAT_JUL29 DiffSolverV2 inner forks: one_step=True (window {t, t+1} generation+pricing)
INFO PLAT_JUL29 DiffSolverV2 bank: market_dim=7 | swept W∈[-1.436e+06, 3.013e+06] mean=-1.202e+04 std=4.83e+05 | q_rep(t=0)=[-7.665980815887451, -7.581933498382568, -7.421176910400391]
INFO PLAT_JUL29 DiffSolverV2 action grid: K=165 actions (levels=9 ^ active=3)
INFO PLAT_JUL29 DiffSolverV2 C[t=124] fitted: val_loss=0.0002674 |Y_boot|=1.34 |A|=0.008183 Y_mean=-0.8885 q*_mean=['0.000', '-2.679', '-23.236']
INFO PLAT_JUL29 DiffSolverV2 C[t=123] fitted: val_loss=0.0002708 |Y_boot|=1.339 |A|=0.01518 Y_mean=-0.8811 q*_mean=['0.000', '-2.686', '-22.925']
INFO PLAT_JUL29 DiffSolverV2 C[t=122] fitted: val_loss=0.0002785 |Y_boot|=1.34 |A|=0.02095 Y_mean=-0.8747 q*_mean=['0.000', '-2.228', '-22.577']
INFO PLAT_JUL29 DiffSolverV2 C[t=121] fitted: val_loss=0.000317 |Y_boot|=1.337 |A|=0.02943 Y_mean=-0.8667 q*_mean=['0.000', '-2.203', '-22.479']
INFO PLAT_JUL29 DiffSolverV2 C[t=120] fitted: val_loss=0.0003251 |Y_boot|=1.337 |A|=0.04062 Y_mean=-0.8588 q*_mean=['0.000', '-2.228', '-22.021']
INFO PLAT_JUL29 DiffSolverV2 C[t=119] fitted: val_loss=0.0003456 |Y_boot|=1.335 |A|=0.05299 Y_mean=-0.8467 q*_mean=['0.000', '-2.258', '-22.552']
INFO PLAT_JUL29 DiffSolverV2 C[t=118] fitted: val_loss=0.000408 |Y_boot|=1.336 |A|=0.06306 Y_mean=-0.8355 q*_mean=['0.000', '-2.051', '-22.461']
INFO PLAT_JUL29 DiffSolverV2 C[t=117] fitted: val_loss=0.0005551 |Y_boot|=1.336 |A|=0.07072 Y_mean=-0.8262 q*_mean=['0.000', '-2.692', '-21.765']
INFO PLAT_JUL29 DiffSolverV2 C[t=116] fitted: val_loss=2.568 |Y_boot|=1.398 |A|=0.07972 Y_mean=+0.1021 q*_mean=['0.000', '-0.031', '-25.488']
INFO PLAT_JUL29 DiffSolverV2 C[t=115] fitted: val_loss=0.5052 |Y_boot|=1.217 |A|=0.07851 Y_mean=-0.4707 q*_mean=['0.000', '-0.146', '-25.067']
INFO PLAT_JUL29 DiffSolverV2 C[t=114] fitted: val_loss=0.2076 |Y_boot|=1.243 |A|=0.07816 Y_mean=-0.5985 q*_mean=['0.000', '-0.110', '-25.452']
INFO PLAT_JUL29 DiffSolverV2 C[t=113] fitted: val_loss=0.1249 |Y_boot|=1.259 |A|=0.07747 Y_mean=-0.6492 q*_mean=['0.000', '-0.165', '-25.037']
INFO PLAT_JUL29 DiffSolverV2 C[t=112] fitted: val_loss=0.0802 |Y_boot|=1.273 |A|=0.07659 Y_mean=-0.6863 q*_mean=['0.000', '-0.311', '-25.208']
INFO PLAT_JUL29 DiffSolverV2 C[t=111] fitted: val_loss=0.06288 |Y_boot|=1.279 |A|=0.07653 Y_mean=-0.7043 q*_mean=['0.000', '-0.214', '-25.128']
INFO PLAT_JUL29 DiffSolverV2 C[t=110] fitted: val_loss=0.05075 |Y_boot|=1.284 |A|=0.07611 Y_mean=-0.7172 q*_mean=['0.000', '-0.250', '-24.670']
INFO PLAT_JUL29 DiffSolverV2 C[t=109] fitted: val_loss=0.03932 |Y_boot|=1.287 |A|=0.0758 Y_mean=-0.7268 q*_mean=['0.000', '-0.366', '-24.609']
INFO PLAT_JUL29 DiffSolverV2 C[t=108] fitted: val_loss=0.0325 |Y_boot|=1.29 |A|=0.07538 Y_mean=-0.7349 q*_mean=['0.000', '-0.360', '-24.146']
INFO PLAT_JUL29 DiffSolverV2 C[t=107] fitted: val_loss=0.0295 |Y_boot|=1.294 |A|=0.0749 Y_mean=-0.7429 q*_mean=['0.000', '-0.409', '-24.261']
INFO PLAT_JUL29 DiffSolverV2 C[t=106] fitted: val_loss=0.02571 |Y_boot|=1.3 |A|=0.07483 Y_mean=-0.7528 q*_mean=['0.000', '-0.494', '-23.566']
INFO PLAT_JUL29 DiffSolverV2 C[t=105] fitted: val_loss=0.02183 |Y_boot|=1.302 |A|=0.07476 Y_mean=-0.7572 q*_mean=['0.000', '-0.464', '-23.157']
INFO PLAT_JUL29 DiffSolverV2 C[t=104] fitted: val_loss=0.02165 |Y_boot|=1.303 |A|=0.07421 Y_mean=-0.7598 q*_mean=['0.000', '-0.476', '-23.456']
INFO PLAT_JUL29 DiffSolverV2 C[t=103] fitted: val_loss=0.0206 |Y_boot|=1.306 |A|=0.07403 Y_mean=-0.7646 q*_mean=['0.000', '-0.543', '-23.700']
INFO PLAT_JUL29 DiffSolverV2 C[t=102] fitted: val_loss=0.01848 |Y_boot|=1.307 |A|=0.07382 Y_mean=-0.7682 q*_mean=['0.000', '-0.311', '-22.870']
INFO PLAT_JUL29 DiffSolverV2 C[t=101] fitted: val_loss=0.01925 |Y_boot|=1.304 |A|=0.07307 Y_mean=-0.766 q*_mean=['0.000', '-0.671', '-22.455']
INFO PLAT_JUL29 DiffSolverV2 C[t=100] fitted: val_loss=0.01675 |Y_boot|=1.302 |A|=0.07306 Y_mean=-0.766 q*_mean=['0.000', '-0.806', '-22.321']
INFO PLAT_JUL29 DiffSolverV2 C[t=99] fitted: val_loss=0.01749 |Y_boot|=1.302 |A|=0.07358 Y_mean=-0.7669 q*_mean=['0.000', '-0.391', '-22.766']
INFO PLAT_JUL29 DiffSolverV2 C[t=98] fitted: val_loss=0.01805 |Y_boot|=1.301 |A|=0.07336 Y_mean=-0.7634 q*_mean=['0.000', '-0.378', '-22.986']
INFO PLAT_JUL29 DiffSolverV2 C[t=97] fitted: val_loss=0.01884 |Y_boot|=1.306 |A|=0.07382 Y_mean=-0.7704 q*_mean=['0.000', '-0.409', '-22.314']
INFO PLAT_JUL29 DiffSolverV2 C[t=96] fitted: val_loss=0.02101 |Y_boot|=1.305 |A|=0.07289 Y_mean=-0.7705 q*_mean=['0.000', '-0.793', '-22.125']
INFO PLAT_JUL29 DiffSolverV2 C[t=95] fitted: val_loss=0.01908 |Y_boot|=1.305 |A|=0.07306 Y_mean=-0.7718 q*_mean=['0.000', '-0.519', '-22.290']
INFO PLAT_JUL29 DiffSolverV2 C[t=94] fitted: val_loss=0.01658 |Y_boot|=1.304 |A|=0.07361 Y_mean=-0.7715 q*_mean=['0.000', '-0.690', '-22.107']
INFO PLAT_JUL29 DiffSolverV2 C[t=93] fitted: val_loss=0.01751 |Y_boot|=1.301 |A|=0.07299 Y_mean=-0.7676 q*_mean=['0.000', '-0.330', '-22.253']
INFO PLAT_JUL29 DiffSolverV2 C[t=92] fitted: val_loss=0.01945 |Y_boot|=1.297 |A|=0.07243 Y_mean=-0.7646 q*_mean=['0.000', '-0.610', '-21.832']
INFO PLAT_JUL29 DiffSolverV2 C[t=91] fitted: val_loss=0.02026 |Y_boot|=1.295 |A|=0.07191 Y_mean=-0.7659 q*_mean=['0.000', '-0.690', '-21.741']
INFO PLAT_JUL29 DiffSolverV2 C[t=90] fitted: val_loss=0.01957 |Y_boot|=1.296 |A|=0.07208 Y_mean=-0.7656 q*_mean=['0.000', '-0.604', '-21.021']
INFO PLAT_JUL29 DiffSolverV2 C[t=89] fitted: val_loss=0.02267 |Y_boot|=1.293 |A|=0.07249 Y_mean=-0.7645 q*_mean=['0.000', '-0.452', '-21.088']
INFO PLAT_JUL29 DiffSolverV2 C[t=88] fitted: val_loss=0.02099 |Y_boot|=1.29 |A|=0.07244 Y_mean=-0.7625 q*_mean=['0.000', '-0.708', '-20.990']
INFO PLAT_JUL29 DiffSolverV2 C[t=87] fitted: val_loss=0.02106 |Y_boot|=1.289 |A|=0.07233 Y_mean=-0.7638 q*_mean=['0.000', '-0.616', '-21.014']
INFO PLAT_JUL29 DiffSolverV2 C[t=86] fitted: val_loss=0.01817 |Y_boot|=1.287 |A|=0.07177 Y_mean=-0.7609 q*_mean=['0.000', '-0.647', '-20.441']
INFO PLAT_JUL29 DiffSolverV2 C[t=85] fitted: val_loss=0.02317 |Y_boot|=1.283 |A|=0.07212 Y_mean=-0.7585 q*_mean=['0.000', '-0.665', '-20.001']
INFO PLAT_JUL29 DiffSolverV2 C[t=84] fitted: val_loss=0.02339 |Y_boot|=1.283 |A|=0.07228 Y_mean=-0.7563 q*_mean=['0.000', '-0.470', '-20.093']
INFO PLAT_JUL29 DiffSolverV2 C[t=83] fitted: val_loss=0.04178 |Y_boot|=1.278 |A|=0.07246 Y_mean=-0.7505 q*_mean=['0.000', '-0.488', '-20.288']
INFO PLAT_JUL29 DiffSolverV2 C[t=82] fitted: val_loss=0.01725 |Y_boot|=1.273 |A|=0.07134 Y_mean=-0.7448 q*_mean=['0.000', '-0.653', '-19.940']
INFO PLAT_JUL29 DiffSolverV2 C[t=81] fitted: val_loss=0.01963 |Y_boot|=1.269 |A|=0.07161 Y_mean=-0.7444 q*_mean=['0.000', '-0.507', '-20.184']
INFO PLAT_JUL29 DiffSolverV2 C[t=80] fitted: val_loss=0.01936 |Y_boot|=1.266 |A|=0.07152 Y_mean=-0.7409 q*_mean=['0.000', '-0.592', '-19.843']
INFO PLAT_JUL29 DiffSolverV2 C[t=79] fitted: val_loss=0.01932 |Y_boot|=1.261 |A|=0.07158 Y_mean=-0.7388 q*_mean=['0.000', '-0.677', '-19.672']
INFO PLAT_JUL29 DiffSolverV2 C[t=78] fitted: val_loss=0.01815 |Y_boot|=1.256 |A|=0.07114 Y_mean=-0.734 q*_mean=['0.000', '-0.549', '-19.830']
INFO PLAT_JUL29 DiffSolverV2 C[t=77] fitted: val_loss=0.01963 |Y_boot|=1.245 |A|=0.07188 Y_mean=-0.7226 q*_mean=['0.000', '-0.696', '-19.574']
INFO PLAT_JUL29 DiffSolverV2 C[t=76] fitted: val_loss=0.02053 |Y_boot|=1.245 |A|=0.07167 Y_mean=-0.7213 q*_mean=['0.000', '-0.513', '-19.098']
INFO PLAT_JUL29 DiffSolverV2 C[t=75] fitted: val_loss=0.0215 |Y_boot|=1.244 |A|=0.07235 Y_mean=-0.7229 q*_mean=['0.000', '-0.464', '-19.012']
INFO PLAT_JUL29 DiffSolverV2 C[t=74] fitted: val_loss=0.01877 |Y_boot|=1.242 |A|=0.07203 Y_mean=-0.7213 q*_mean=['0.000', '-0.494', '-19.037']
INFO PLAT_JUL29 DiffSolverV2 C[t=73] fitted: val_loss=0.02074 |Y_boot|=1.24 |A|=0.07268 Y_mean=-0.7199 q*_mean=['0.000', '-0.372', '-18.719']
INFO PLAT_JUL29 DiffSolverV2 C[t=72] fitted: val_loss=0.02107 |Y_boot|=1.241 |A|=0.07191 Y_mean=-0.7224 q*_mean=['0.000', '-0.592', '-18.756']
INFO PLAT_JUL29 DiffSolverV2 C[t=71] fitted: val_loss=0.01965 |Y_boot|=1.238 |A|=0.07214 Y_mean=-0.7209 q*_mean=['0.000', '-0.513', '-18.744']
INFO PLAT_JUL29 DiffSolverV2 C[t=70] fitted: val_loss=0.01783 |Y_boot|=1.238 |A|=0.07218 Y_mean=-0.7222 q*_mean=['0.000', '-0.421', '-19.006']
INFO PLAT_JUL29 DiffSolverV2 C[t=69] fitted: val_loss=0.01818 |Y_boot|=1.233 |A|=0.07221 Y_mean=-0.7193 q*_mean=['0.000', '-0.342', '-18.909']
INFO PLAT_JUL29 DiffSolverV2 C[t=68] fitted: val_loss=0.01681 |Y_boot|=1.231 |A|=0.07169 Y_mean=-0.7184 q*_mean=['0.000', '-0.238', '-18.744']
INFO PLAT_JUL29 DiffSolverV2 C[t=67] fitted: val_loss=0.01948 |Y_boot|=1.234 |A|=0.07215 Y_mean=-0.7228 q*_mean=['0.000', '-0.726', '-18.408']
INFO PLAT_JUL29 DiffSolverV2 C[t=66] fitted: val_loss=0.01873 |Y_boot|=1.227 |A|=0.07188 Y_mean=-0.7156 q*_mean=['0.000', '-0.604', '-18.335']
INFO PLAT_JUL29 DiffSolverV2 C[t=65] fitted: val_loss=0.0173 |Y_boot|=1.224 |A|=0.07153 Y_mean=-0.7115 q*_mean=['0.000', '-0.305', '-18.732']
INFO PLAT_JUL29 DiffSolverV2 C[t=64] fitted: val_loss=0.01825 |Y_boot|=1.232 |A|=0.0718 Y_mean=-0.7169 q*_mean=['0.000', '-0.427', '-18.512']
INFO PLAT_JUL29 DiffSolverV2 C[t=63] fitted: val_loss=0.01664 |Y_boot|=1.226 |A|=0.07182 Y_mean=-0.7133 q*_mean=['0.000', '-0.482', '-18.323']
INFO PLAT_JUL29 DiffSolverV2 C[t=62] fitted: val_loss=0.01824 |Y_boot|=1.226 |A|=0.07186 Y_mean=-0.7125 q*_mean=['0.000', '-0.482', '-17.767']
INFO PLAT_JUL29 DiffSolverV2 C[t=61] fitted: val_loss=0.01914 |Y_boot|=1.222 |A|=0.07217 Y_mean=-0.7096 q*_mean=['-31.219', '-0.354', '-18.427']
INFO PLAT_JUL29 DiffSolverV2 C[t=60] fitted: val_loss=0.01377 |Y_boot|=1.237 |A|=0.06622 Y_mean=-0.7415 q*_mean=['-14.716', '-0.989', '-7.983']
INFO PLAT_JUL29 DiffSolverV2 C[t=59] fitted: val_loss=0.01158 |Y_boot|=1.236 |A|=0.06161 Y_mean=-0.7488 q*_mean=['-13.458', '-0.983', '-9.149']
INFO PLAT_JUL29 DiffSolverV2 C[t=58] fitted: val_loss=0.01361 |Y_boot|=1.237 |A|=0.06062 Y_mean=-0.7551 q*_mean=['-14.594', '-0.977', '-8.356']
INFO PLAT_JUL29 DiffSolverV2 C[t=57] fitted: val_loss=0.01245 |Y_boot|=1.237 |A|=0.05734 Y_mean=-0.7571 q*_mean=['-14.227', '-1.074', '-8.978']
INFO PLAT_JUL29 DiffSolverV2 C[t=56] fitted: val_loss=0.01243 |Y_boot|=1.237 |A|=0.05907 Y_mean=-0.7607 q*_mean=['-13.593', '-0.714', '-8.856']
INFO PLAT_JUL29 DiffSolverV2 C[t=55] fitted: val_loss=0.01252 |Y_boot|=1.235 |A|=0.05841 Y_mean=-0.7571 q*_mean=['-14.990', '-1.019', '-8.618']
INFO PLAT_JUL29 DiffSolverV2 C[t=54] fitted: val_loss=0.01306 |Y_boot|=1.23 |A|=0.05852 Y_mean=-0.7528 q*_mean=['-13.965', '-0.739', '-8.466']
INFO PLAT_JUL29 DiffSolverV2 C[t=53] fitted: val_loss=0.01614 |Y_boot|=1.225 |A|=0.05562 Y_mean=-0.7487 q*_mean=['-13.763', '-0.787', '-8.917']
INFO PLAT_JUL29 DiffSolverV2 C[t=52] fitted: val_loss=0.0144 |Y_boot|=1.224 |A|=0.05616 Y_mean=-0.7536 q*_mean=['-14.648', '-0.690', '-8.954']
INFO PLAT_JUL29 DiffSolverV2 C[t=51] fitted: val_loss=0.01316 |Y_boot|=1.22 |A|=0.05537 Y_mean=-0.7507 q*_mean=['-12.854', '-0.787', '-9.546']
INFO PLAT_JUL29 DiffSolverV2 C[t=50] fitted: val_loss=0.01379 |Y_boot|=1.217 |A|=0.05726 Y_mean=-0.7505 q*_mean=['-13.373', '-0.775', '-8.820']
INFO PLAT_JUL29 DiffSolverV2 C[t=49] fitted: val_loss=0.0129 |Y_boot|=1.215 |A|=0.057 Y_mean=-0.7472 q*_mean=['-13.379', '-0.604', '-9.528']
INFO PLAT_JUL29 DiffSolverV2 C[t=48] fitted: val_loss=0.01561 |Y_boot|=1.214 |A|=0.05694 Y_mean=-0.7476 q*_mean=['-13.458', '-0.720', '-9.534']
INFO PLAT_JUL29 DiffSolverV2 C[t=47] fitted: val_loss=0.01864 |Y_boot|=1.216 |A|=0.05888 Y_mean=-0.7487 q*_mean=['-13.788', '-0.629', '-9.143']
INFO PLAT_JUL29 DiffSolverV2 C[t=46] fitted: val_loss=0.01695 |Y_boot|=1.212 |A|=0.05926 Y_mean=-0.7432 q*_mean=['-12.048', '-0.781', '-9.192']
INFO PLAT_JUL29 DiffSolverV2 C[t=45] fitted: val_loss=0.0159 |Y_boot|=1.208 |A|=0.05755 Y_mean=-0.7402 q*_mean=['-13.739', '-0.812', '-9.277']
INFO PLAT_JUL29 DiffSolverV2 C[t=44] fitted: val_loss=0.01423 |Y_boot|=1.201 |A|=0.05752 Y_mean=-0.7364 q*_mean=['-12.811', '-0.671', '-9.875']
INFO PLAT_JUL29 DiffSolverV2 C[t=43] fitted: val_loss=0.01757 |Y_boot|=1.208 |A|=0.05524 Y_mean=-0.7441 q*_mean=['-13.165', '-0.580', '-10.040']
INFO PLAT_JUL29 DiffSolverV2 C[t=42] fitted: val_loss=0.01667 |Y_boot|=1.207 |A|=0.05721 Y_mean=-0.7467 q*_mean=['-12.988', '-0.537', '-9.753']
INFO PLAT_JUL29 DiffSolverV2 C[t=41] fitted: val_loss=0.01409 |Y_boot|=1.208 |A|=0.05923 Y_mean=-0.7459 q*_mean=['-13.397', '-0.494', '-9.595']
INFO PLAT_JUL29 DiffSolverV2 C[t=40] fitted: val_loss=0.01324 |Y_boot|=1.208 |A|=0.05682 Y_mean=-0.7448 q*_mean=['-12.958', '-0.385', '-9.576']
INFO PLAT_JUL29 DiffSolverV2 C[t=39] fitted: val_loss=0.01485 |Y_boot|=1.205 |A|=0.052 Y_mean=-0.7442 q*_mean=['-12.762', '-0.519', '-9.277']
INFO PLAT_JUL29 DiffSolverV2 C[t=38] fitted: val_loss=0.01497 |Y_boot|=1.201 |A|=0.0538 Y_mean=-0.7469 q*_mean=['-12.323', '-0.507', '-10.327']
INFO PLAT_JUL29 DiffSolverV2 C[t=37] fitted: val_loss=0.01402 |Y_boot|=1.2 |A|=0.0583 Y_mean=-0.745 q*_mean=['-11.823', '-0.476', '-9.717']
INFO PLAT_JUL29 DiffSolverV2 C[t=36] fitted: val_loss=0.01508 |Y_boot|=1.199 |A|=0.06205 Y_mean=-0.7395 q*_mean=['-12.482', '-0.507', '-10.120']
INFO PLAT_JUL29 DiffSolverV2 C[t=35] fitted: val_loss=0.01389 |Y_boot|=1.196 |A|=0.05765 Y_mean=-0.7341 q*_mean=['-11.224', '-0.415', '-10.419']
INFO PLAT_JUL29 DiffSolverV2 C[t=34] fitted: val_loss=0.01564 |Y_boot|=1.194 |A|=0.05866 Y_mean=-0.7367 q*_mean=['-11.157', '-0.354', '-9.698']
INFO PLAT_JUL29 DiffSolverV2 C[t=33] fitted: val_loss=0.01406 |Y_boot|=1.193 |A|=0.05817 Y_mean=-0.7352 q*_mean=['-11.761', '-0.500', '-10.077']
INFO PLAT_JUL29 DiffSolverV2 C[t=32] fitted: val_loss=0.01265 |Y_boot|=1.194 |A|=0.06044 Y_mean=-0.738 q*_mean=['-12.524', '-0.409', '-9.552']
INFO PLAT_JUL29 DiffSolverV2 C[t=31] fitted: val_loss=0.01458 |Y_boot|=1.192 |A|=0.06007 Y_mean=-0.7355 q*_mean=['-11.298', '-0.598', '-9.894']
INFO PLAT_JUL29 DiffSolverV2 C[t=30] fitted: val_loss=0.01521 |Y_boot|=1.191 |A|=0.05952 Y_mean=-0.7354 q*_mean=['-12.109', '-0.513', '-9.113']
INFO PLAT_JUL29 DiffSolverV2 C[t=29] fitted: val_loss=0.01366 |Y_boot|=1.19 |A|=0.06073 Y_mean=-0.7342 q*_mean=['-11.633', '-0.360', '-10.150']
INFO PLAT_JUL29 DiffSolverV2 C[t=28] fitted: val_loss=0.01259 |Y_boot|=1.192 |A|=0.06036 Y_mean=-0.7356 q*_mean=['-8.032', '-3.253', '-16.840']
INFO PLAT_JUL29 DiffSolverV2 C[t=27] fitted: val_loss=0.01601 |Y_boot|=1.189 |A|=0.05945 Y_mean=-0.7343 q*_mean=['-7.971', '-2.600', '-17.487']
INFO PLAT_JUL29 DiffSolverV2 C[t=26] fitted: val_loss=0.01292 |Y_boot|=1.189 |A|=0.058 Y_mean=-0.7358 q*_mean=['-8.124', '-2.917', '-18.622']
INFO PLAT_JUL29 DiffSolverV2 C[t=25] fitted: val_loss=0.01233 |Y_boot|=1.191 |A|=0.05867 Y_mean=-0.7401 q*_mean=['-7.874', '-2.924', '-18.518']
INFO PLAT_JUL29 DiffSolverV2 C[t=24] fitted: val_loss=0.01128 |Y_boot|=1.188 |A|=0.05888 Y_mean=-0.7388 q*_mean=['-8.392', '-2.472', '-19.000']
INFO PLAT_JUL29 DiffSolverV2 C[t=23] fitted: val_loss=0.01324 |Y_boot|=1.188 |A|=0.05955 Y_mean=-0.7384 q*_mean=['-8.020', '-1.691', '-20.490']
INFO PLAT_JUL29 DiffSolverV2 C[t=22] fitted: val_loss=0.01238 |Y_boot|=1.186 |A|=0.05807 Y_mean=-0.7352 q*_mean=['-7.758', '-1.843', '-21.362']
INFO PLAT_JUL29 DiffSolverV2 C[t=21] fitted: val_loss=0.01202 |Y_boot|=1.184 |A|=0.05849 Y_mean=-0.7346 q*_mean=['-7.581', '-1.447', '-22.119']
INFO PLAT_JUL29 DiffSolverV2 C[t=20] fitted: val_loss=0.01289 |Y_boot|=1.183 |A|=0.05666 Y_mean=-0.7338 q*_mean=['-8.636', '-1.526', '-22.430']
INFO PLAT_JUL29 DiffSolverV2 C[t=19] fitted: val_loss=0.01379 |Y_boot|=1.183 |A|=0.05664 Y_mean=-0.7352 q*_mean=['-7.751', '-1.154', '-23.096']
INFO PLAT_JUL29 DiffSolverV2 C[t=18] fitted: val_loss=0.01456 |Y_boot|=1.181 |A|=0.05992 Y_mean=-0.7332 q*_mean=['-8.374', '-1.422', '-24.579']
INFO PLAT_JUL29 DiffSolverV2 C[t=17] fitted: val_loss=0.01297 |Y_boot|=1.183 |A|=0.06042 Y_mean=-0.7331 q*_mean=['-7.605', '-1.166', '-25.317']
INFO PLAT_JUL29 DiffSolverV2 C[t=16] fitted: val_loss=0.01316 |Y_boot|=1.185 |A|=0.06111 Y_mean=-0.7355 q*_mean=['-7.513', '-0.830', '-26.105']
INFO PLAT_JUL29 DiffSolverV2 C[t=15] fitted: val_loss=0.01488 |Y_boot|=1.183 |A|=0.06457 Y_mean=-0.7338 q*_mean=['-7.458', '-0.751', '-26.752']
INFO PLAT_JUL29 DiffSolverV2 C[t=14] fitted: val_loss=0.01395 |Y_boot|=1.181 |A|=0.06436 Y_mean=-0.7314 q*_mean=['-6.873', '-0.623', '-27.515']
INFO PLAT_JUL29 DiffSolverV2 C[t=13] fitted: val_loss=0.01439 |Y_boot|=1.184 |A|=0.06609 Y_mean=-0.7344 q*_mean=['-7.269', '-0.885', '-27.905']
INFO PLAT_JUL29 DiffSolverV2 C[t=12] fitted: val_loss=0.01375 |Y_boot|=1.181 |A|=0.06512 Y_mean=-0.7293 q*_mean=['-7.172', '-0.671', '-28.552']
INFO PLAT_JUL29 DiffSolverV2 C[t=11] fitted: val_loss=0.01437 |Y_boot|=1.187 |A|=0.06294 Y_mean=-0.7353 q*_mean=['-5.713', '-0.580', '-29.584']
INFO PLAT_JUL29 DiffSolverV2 C[t=10] fitted: val_loss=0.01441 |Y_boot|=1.184 |A|=0.06263 Y_mean=-0.7352 q*_mean=['-6.427', '-0.452', '-29.865']
INFO PLAT_JUL29 DiffSolverV2 C[t=9] fitted: val_loss=0.01436 |Y_boot|=1.181 |A|=0.06278 Y_mean=-0.7322 q*_mean=['-5.737', '-0.702', '-30.658']
INFO PLAT_JUL29 DiffSolverV2 C[t=8] fitted: val_loss=0.01476 |Y_boot|=1.174 |A|=0.0629 Y_mean=-0.7236 q*_mean=['-5.200', '-0.464', '-30.994']
INFO PLAT_JUL29 DiffSolverV2 C[t=7] fitted: val_loss=0.01299 |Y_boot|=1.173 |A|=0.064 Y_mean=-0.7201 q*_mean=['-4.541', '-0.507', '-31.073']
INFO PLAT_JUL29 DiffSolverV2 C[t=6] fitted: val_loss=0.01515 |Y_boot|=1.168 |A|=0.06545 Y_mean=-0.7137 q*_mean=['-4.749', '-0.519', '-31.500']
INFO PLAT_JUL29 DiffSolverV2 C[t=5] fitted: val_loss=0.01454 |Y_boot|=1.163 |A|=0.0665 Y_mean=-0.7075 q*_mean=['-3.516', '-0.366', '-31.720']
INFO PLAT_JUL29 DiffSolverV2 C[t=4] fitted: val_loss=0.0173 |Y_boot|=1.163 |A|=0.06778 Y_mean=-0.7029 q*_mean=['-2.924', '-0.421', '-32.166']
INFO PLAT_JUL29 DiffSolverV2 C[t=3] fitted: val_loss=0.0151 |Y_boot|=1.159 |A|=0.06845 Y_mean=-0.6967 q*_mean=['-2.789', '-0.446', '-32.373']
INFO PLAT_JUL29 DiffSolverV2 C[t=2] fitted: val_loss=0.01271 |Y_boot|=1.156 |A|=0.06915 Y_mean=-0.6919 q*_mean=['-2.173', '-0.421', '-32.758']
INFO PLAT_JUL29 DiffSolverV2 C[t=1] fitted: val_loss=0.01389 |Y_boot|=1.148 |A|=0.06941 Y_mean=-0.682 q*_mean=['-1.843', '-0.378', '-33.191']
INFO PLAT_JUL29 DiffSolverV2 C[t=0] fitted: val_loss=0.01433 |Y_boot|=1.139 |A|=0.06872 Y_mean=-0.6697 q*_mean=['-1.044', '-0.195', '-33.423']
INFO PLAT_JUL29 DiffSolverV2 sweep complete: t=124→0 | max|Y_boot|=1.398 (BOUNDED) | V_0=-0.6697 | n_star@t=0=[-1.043701171875, -0.1953125, -33.4228515625]
INFO PLAT_JUL29 DiffSolverV2 SAVED value fn to /home/vretiel/PycharmProjects/riskflow/artifacts/walk_forward/artifacts/walk_forward/driftless_gpu1/value_fn_202112_garch_s314.pt (V_0=-0.6697)
INFO PLAT_JUL29 DiffSolverV2 IN-SAMPLE vs OOS u(W_T): greedy IS=-0.74744 OOS=-0.69980 | textbook IS=-0.90193 OOS=-0.87795 (gap IS−OOS greedy=-0.04764 → overfit if large)
INFO PLAT_JUL29 DiffSolverV2 VERDICT (OUT-OF-SAMPLE rollout t=0→T over 1024 outer paths, start flat):
  policy    u(W_T)mean    W_T mean       W_T p5         W_T CVaR5
  greedy    -0.69980    +4.1904e+04   -6.8171e+05   -8.4402e+05
  textbook  -0.87795    -1.3341e+04   -7.2290e+05   -8.5008e+05
  nohedge   -1.09426    -1.3901e+04   -8.1528e+05   -9.3944e+05
  → on the OBJECTIVE E[u(W_T)]: beats no-hedge=True, beats textbook=True | tail(CVaR5) competitive w/ textbook=True
INFO PLAT_JUL29 DiffSolverV2 greedy positions: mean|q| per instrument=['4.47', '0.41', '20.23'] | q@t0=[-0.665283203125, -0.048828125, -32.135009765625] | q@mid=[0.0, -0.4150390625, -17.63916015625] (textbook q@t0=[-7.665980815887451, -7.581933498382568, -7.421176910400391])
INFO PLAT_JUL29 solve_hedge tracks: {'DiffSolverV2': -0.6697} | ladder holds=True
INFO PLAT_JUL29 === ROLL 202112 (stepper, realized path, 3-seed ensemble, inner=512) ===
WARNING md_202110_garch_driftless Price Factor 'DiscountRate.USD-SOFR' not found in market data
INFO md_202110_garch_driftless Creating default Discount Factor(type='DiscountRate', name=('USD-SOFR',))
INFO PLAT_JUL29 Observed_Scenario substituted 2 factor(s): ['CommodityPrice.PLATINUM_CME', 'CommodityBasis.LME_CME']
INFO PLAT_JUL29 liability scalars: total_leg_volume=2500.0 last_settlement_index=154
INFO PLAT_JUL29 utility_scale (symlog c) resolved to 459816.82
INFO PLAT_JUL29 DiffSolverV2 setup: n_hedge=3 active=[0, 1, 2] T_dec=125 (of 127 sim steps; last-live mtm=[-2]) B_outer=1 levels=9 fit_iters=60 lr=0.002 | contract_size=[50.0, 50.0, 50.0] | q∈[[-50.0, -50.0, -50.0], [0.0, 0.0, 0.0]] total_abs_limit=50
INFO PLAT_JUL29 DiffSolverV2 inner forks: one_step=True (window {t, t+1} generation+pricing)
INFO PLAT_JUL29 DiffSolverV2 bank: market_dim=7 | swept W∈[-1.854e+04, 4.623e+05] mean=1.851e+05 std=1.275e+05 | q_rep(t=0)=[0.0, 0.0, 0.0]
INFO PLAT_JUL29 DiffSolverV2 LOADED value fn from /home/vretiel/PycharmProjects/riskflow/artifacts/walk_forward/artifacts/walk_forward/driftless_gpu1/value_fn_202112_garch_s7.pt (train V_0=-0.750004) | eval-world market drift vs train frame: max 0.586 σ | utility_scale 839731
INFO PLAT_JUL29 DiffSolverV2 LOADED value fn from /home/vretiel/PycharmProjects/riskflow/artifacts/walk_forward/artifacts/walk_forward/driftless_gpu1/value_fn_202112_garch_s42.pt (train V_0=-0.745898) | eval-world market drift vs train frame: max 0.638 σ | utility_scale 823797
INFO PLAT_JUL29 DiffSolverV2 LOADED value fn from /home/vretiel/PycharmProjects/riskflow/artifacts/walk_forward/artifacts/walk_forward/driftless_gpu1/value_fn_202112_garch_s314.pt (train V_0=-0.6697) | eval-world market drift vs train frame: max 0.684 σ | utility_scale 858218
WARNING PLAT_JUL29 DiffSolverV2 ensemble utility_scale spread 4.01% — members trained against different anchors; averaging is approximate
INFO PLAT_JUL29 DiffSolverV2 action grid: K=165 actions (levels=9 ^ active=3)
INFO PLAT_JUL29 DiffSolverV2 ENSEMBLE argmax over 3 value fns
INFO PLAT_JUL29 DiffSolverV2 STEPPER ROLLOUT (frozen policy, realized path, real accounting):
  greedy   wT=+5.5587e+05 p5=+5.5587e+05 cvar5=+5.5587e+05
  textbook wT=+2.7033e+05 p5=+2.7033e+05 cvar5=+2.7033e+05
  nohedge  wT=+2.7033e+05 p5=+2.7033e+05 cvar5=+2.7033e+05
INFO PLAT_JUL29 DiffSolverV2 VERDICT (OUT-OF-SAMPLE rollout t=0→T over 1 outer paths, start flat):
  policy    u(W_T)mean    W_T mean       W_T p5         W_T CVaR5
  greedy    +0.64523    +5.4236e+05   +5.4236e+05   +5.4236e+05
  textbook  +0.32159    +2.7032e+05   +2.7032e+05   +2.7032e+05
  nohedge   +0.32159    +2.7032e+05   +2.7032e+05   +2.7032e+05
  → on the OBJECTIVE E[u(W_T)]: beats no-hedge=True, beats textbook=True | tail(CVaR5) competitive w/ textbook=True
INFO PLAT_JUL29 DiffSolverV2 greedy positions: mean|q| per instrument=['9.20', '0.00', '22.00'] | q@t0=[-12.5, 0.0, 0.0] | q@mid=[0.0, 0.0, 0.0] (textbook q@t0=[0.0, 0.0, 0.0])
INFO PLAT_JUL29 solve_hedge tracks: {'DiffSolverV2': -0.75} | ladder holds=True
INFO PLAT_JUL29 === TRAIN 202112 seed=7 SKIP (checkpoint exists) ===
INFO PLAT_JUL29 === TRAIN 202112 seed=42 SKIP (checkpoint exists) ===
INFO PLAT_JUL29 === TRAIN 202112 seed=314 SKIP (checkpoint exists) ===
INFO PLAT_JUL29 === ROLL 202112 (stepper, realized path, 3-seed ensemble, inner=512) ===
WARNING md_202110_garch_driftless Price Factor 'DiscountRate.USD-SOFR' not found in market data
INFO md_202110_garch_driftless Creating default Discount Factor(type='DiscountRate', name=('USD-SOFR',))
INFO PLAT_JUL29 Observed_Scenario substituted 2 factor(s): ['CommodityPrice.PLATINUM_CME', 'CommodityBasis.LME_CME']
INFO PLAT_JUL29 liability scalars: total_leg_volume=2500.0 last_settlement_index=154
INFO PLAT_JUL29 utility_scale (symlog c) resolved to 459816.82
INFO PLAT_JUL29 DiffSolverV2 setup: n_hedge=3 active=[0, 1, 2] T_dec=125 (of 127 sim steps; last-live mtm=[-2]) B_outer=1 levels=9 fit_iters=60 lr=0.002 | contract_size=[50.0, 50.0, 50.0] | q∈[[-50.0, -50.0, -50.0], [0.0, 0.0, 0.0]] total_abs_limit=50
INFO PLAT_JUL29 DiffSolverV2 inner forks: one_step=True (window {t, t+1} generation+pricing)
INFO PLAT_JUL29 DiffSolverV2 bank IN Total_Position_Schedule (post-projection): residual frac(Σq outside corridor) min=0.000 mean=0.000 max=0.000 | worst t=0 corridor=[-50, -42.5] bank Σq∈[-42.5, -42.5] frac_oob=0.000 (≈0 ⇒ projection clean)
INFO PLAT_JUL29 DiffSolverV2 bank: market_dim=7 | swept W∈[-1.06e+05, 1.993e+05] mean=3.144e+04 std=5.358e+04 | q_rep(t=0)=[0.0, 0.0, 0.0]
INFO PLAT_JUL29 DiffV2_Load_Value_Fn: /home/vretiel/PycharmProjects/riskflow/artifacts/walk_forward/artifacts/walk_forward/driftless_gpu1/b015_202112/value_fn_202112_garch_s7.pt trained corridor-free (widest wealth support); rolling under a Total_Position_Schedule only restricts to a learned subset — valid.
INFO PLAT_JUL29 DiffSolverV2 LOADED value fn from /home/vretiel/PycharmProjects/riskflow/artifacts/walk_forward/artifacts/walk_forward/driftless_gpu1/b015_202112/value_fn_202112_garch_s7.pt (train V_0=-0.750004) | eval-world market drift vs train frame: max 0.586 σ | utility_scale 839731
INFO PLAT_JUL29 DiffV2_Load_Value_Fn: /home/vretiel/PycharmProjects/riskflow/artifacts/walk_forward/artifacts/walk_forward/driftless_gpu1/b015_202112/value_fn_202112_garch_s42.pt trained corridor-free (widest wealth support); rolling under a Total_Position_Schedule only restricts to a learned subset — valid.
INFO PLAT_JUL29 DiffSolverV2 LOADED value fn from /home/vretiel/PycharmProjects/riskflow/artifacts/walk_forward/artifacts/walk_forward/driftless_gpu1/b015_202112/value_fn_202112_garch_s42.pt (train V_0=-0.745898) | eval-world market drift vs train frame: max 0.638 σ | utility_scale 823797
INFO PLAT_JUL29 DiffV2_Load_Value_Fn: /home/vretiel/PycharmProjects/riskflow/artifacts/walk_forward/artifacts/walk_forward/driftless_gpu1/b015_202112/value_fn_202112_garch_s314.pt trained corridor-free (widest wealth support); rolling under a Total_Position_Schedule only restricts to a learned subset — valid.
INFO PLAT_JUL29 DiffSolverV2 LOADED value fn from /home/vretiel/PycharmProjects/riskflow/artifacts/walk_forward/artifacts/walk_forward/driftless_gpu1/b015_202112/value_fn_202112_garch_s314.pt (train V_0=-0.6697) | eval-world market drift vs train frame: max 0.684 σ | utility_scale 858218
WARNING PLAT_JUL29 DiffSolverV2 ensemble utility_scale spread 4.01% — members trained against different anchors; averaging is approximate
INFO PLAT_JUL29 DiffSolverV2 action grid: K=165 actions (levels=9 ^ active=3)
INFO PLAT_JUL29 DiffSolverV2 ENSEMBLE argmax over 3 value fns
INFO PLAT_JUL29 DiffSolverV2 STEPPER ROLLOUT (frozen policy, realized path, real accounting):
  greedy   wT=+4.1664e+04 p5=+4.1664e+04 cvar5=+4.1664e+04
  textbook wT=+3.3572e+04 p5=+3.3572e+04 cvar5=+3.3572e+04
  nohedge  wT=+2.7033e+05 p5=+2.7033e+05 cvar5=+2.7033e+05
INFO PLAT_JUL29 DiffSolverV2 VERDICT (OUT-OF-SAMPLE rollout t=0→T over 1 outer paths, start flat):
  policy    u(W_T)mean    W_T mean       W_T p5         W_T CVaR5
  greedy    +0.07001    +5.8846e+04   +5.8846e+04   +5.8846e+04
  textbook  +0.03352    +2.8173e+04   +2.8173e+04   +2.8173e+04
  nohedge   +0.32159    +2.7032e+05   +2.7032e+05   +2.7032e+05
  → on the OBJECTIVE E[u(W_T)]: beats no-hedge=False, beats textbook=True | tail(CVaR5) competitive w/ textbook=True
INFO PLAT_JUL29 DiffSolverV2 greedy positions: mean|q| per instrument=['21.70', '1.60', '16.20'] | q@t0=[-43.75, 0.0, 0.0] | q@mid=[0.0, -6.25, -37.5] (textbook q@t0=[0.0, 0.0, 0.0])
INFO PLAT_JUL29 solve_hedge tracks: {'DiffSolverV2': -0.75} | ladder holds=True
INFO PLAT_JUL29 JOB 202112 DONE: greedy_free=222.35 greedy_015=16.67 u_pre_free=0.5527 u_pre_015=0.8965 PASS=True breaches=0 churn_015=450.0 train_u=[-0.6874, -0.7874, -0.6998]
INFO PLAT_JUL29 ARM B LANE COMPLETE (run_dir=/home/vretiel/PycharmProjects/riskflow/artifacts/walk_forward/artifacts/walk_forward/driftless_gpu1, 4 months)
