INFO root BAND 0.15: 48 months, CUDA_VISIBLE_DEVICES=1 riskflow=/home/vretiel/PycharmProjects/riskflow/riskflow/__init__.py
INFO root === JOB 202001 band=0.15 md=md_202001_garch.json trade_date=2020-01-01 (EVAL-ONLY re-roll) ===
INFO root === TRAIN 202001 seed=7 SKIP (checkpoint exists) ===
INFO root === TRAIN 202001 seed=42 SKIP (checkpoint exists) ===
INFO root === TRAIN 202001 seed=314 SKIP (checkpoint exists) ===
INFO root === ROLL 202001 (stepper, realized path, 3-seed ensemble, inner=512) ===
WARNING md_202001_garch Price Factor 'DiscountRate.USD-SOFR' not found in market data
INFO md_202001_garch Creating default Discount Factor(type='DiscountRate', name=('USD-SOFR',))
INFO PLAT_JUL29 Observed_Scenario substituted 2 factor(s): ['CommodityPrice.PLATINUM_CME', 'ObservedBasis.PLATINUM_CME.LME_CME']
INFO PLAT_JUL29 liability scalars: total_leg_volume=2500.0 last_settlement_index=154
INFO PLAT_JUL29 utility_scale (symlog c) resolved to 348060.25
INFO PLAT_JUL29 DiffSolverV2 setup: n_hedge=3 active=[0, 1, 2] T_dec=125 (of 127 sim steps; last-live mtm=[-2]) B_outer=1 levels=9 fit_iters=60 lr=0.002 | contract_size=[50.0, 50.0, 50.0] | q∈[[-50.0, -50.0, -50.0], [0.0, 0.0, 0.0]] total_abs_limit=50
INFO PLAT_JUL29 DiffSolverV2 inner forks: one_step=True (window {t, t+1} generation+pricing)
/home/vretiel/PycharmProjects/riskflow/riskflow/hedge_solver.py:624: UserWarning: var(): degrees of freedom is <= 0. Correction should be strictly less than the reduction factor (input numel divided by output numel). (Triggered internally at /pytorch/aten/src/ATen/native/ReduceOps.cpp:1839.)
  var = dF.var()
INFO PLAT_JUL29 DiffSolverV2 bank IN Total_Position_Schedule (post-projection): residual frac(Σq outside corridor) min=0.000 mean=0.000 max=0.000 | worst t=0 corridor=[-50, -42.5] bank Σq∈[-42.5, -42.5] frac_oob=0.000 (≈0 ⇒ projection clean)
INFO PLAT_JUL29 DiffSolverV2 bank: market_dim=6 | swept W∈[-4.097e+05, 1.729e+05] mean=-2.92e+04 std=1.322e+05 | q_rep(t=0)=[0.0, 0.0, 0.0]
INFO PLAT_JUL29 DiffV2_Load_Value_Fn: /home/vretiel/PycharmProjects/riskflow/artifacts/walk_forward/reval48_corridor/run_b015/value_fn_202001_garch_s7.pt trained corridor-free (widest wealth support); rolling under a Total_Position_Schedule only restricts to a learned subset — valid.
INFO PLAT_JUL29 DiffSolverV2 LOADED value fn from /home/vretiel/PycharmProjects/riskflow/artifacts/walk_forward/reval48_corridor/run_b015/value_fn_202001_garch_s7.pt (train V_0=-0.419736) | eval-world market drift vs train frame: max 3.71 σ | utility_scale 600741
INFO PLAT_JUL29 DiffV2_Load_Value_Fn: /home/vretiel/PycharmProjects/riskflow/artifacts/walk_forward/reval48_corridor/run_b015/value_fn_202001_garch_s42.pt trained corridor-free (widest wealth support); rolling under a Total_Position_Schedule only restricts to a learned subset — valid.
INFO PLAT_JUL29 DiffSolverV2 LOADED value fn from /home/vretiel/PycharmProjects/riskflow/artifacts/walk_forward/reval48_corridor/run_b015/value_fn_202001_garch_s42.pt (train V_0=-0.416254) | eval-world market drift vs train frame: max 3.6 σ | utility_scale 597951
INFO PLAT_JUL29 DiffV2_Load_Value_Fn: /home/vretiel/PycharmProjects/riskflow/artifacts/walk_forward/reval48_corridor/run_b015/value_fn_202001_garch_s314.pt trained corridor-free (widest wealth support); rolling under a Total_Position_Schedule only restricts to a learned subset — valid.
INFO PLAT_JUL29 DiffSolverV2 LOADED value fn from /home/vretiel/PycharmProjects/riskflow/artifacts/walk_forward/reval48_corridor/run_b015/value_fn_202001_garch_s314.pt (train V_0=-0.37731) | eval-world market drift vs train frame: max 3.82 σ | utility_scale 611497
WARNING PLAT_JUL29 DiffSolverV2 ensemble utility_scale spread 2.22% — members trained against different anchors; averaging is approximate
INFO PLAT_JUL29 DiffSolverV2 action grid: K=165 actions (levels=9 ^ active=3)
INFO PLAT_JUL29 DiffSolverV2 ENSEMBLE argmax over 3 value fns
INFO PLAT_JUL29 DiffSolverV2 STEPPER ROLLOUT (frozen policy, realized path, real accounting):
  greedy   wT=+5.5204e+04 p5=+5.5204e+04 cvar5=+5.5204e+04
  textbook wT=-1.6484e+05 p5=-1.6484e+05 cvar5=-1.6484e+05
  nohedge  wT=-4.8586e+05 p5=-4.8586e+05 cvar5=-4.8586e+05
INFO PLAT_JUL29 DiffSolverV2 VERDICT (OUT-OF-SAMPLE rollout t=0→T over 1 outer paths, start flat):
  policy    u(W_T)mean    W_T mean       W_T p5         W_T CVaR5
  greedy    +0.07033    +4.2434e+04   +4.2434e+04   +4.2434e+04
  textbook  -0.68045    -1.5905e+05   -1.5905e+05   -1.5905e+05
  nohedge   -4.69733    -4.8597e+05   -4.8597e+05   -4.8597e+05
  → on the OBJECTIVE E[u(W_T)]: beats no-hedge=True, beats textbook=True | tail(CVaR5) competitive w/ textbook=True
INFO PLAT_JUL29 DiffSolverV2 greedy positions: mean|q| per instrument=['0.00', '0.00', '40.20'] | q@t0=[0.0, 0.0, -43.75] | q@mid=[0.0, 0.0, -50.0] (textbook q@t0=[0.0, 0.0, 0.0])
INFO PLAT_JUL29 solve_hedge tracks: {'DiffSolverV2': -0.4197} | ladder holds=True
INFO PLAT_JUL29 JOB 202001 b0.15 DONE: greedy=22.08 nohedge=-194.35 bound=810.1 PASS=True churn=50.0 breaches=0(worst=0)
INFO PLAT_JUL29 === JOB 202002 band=0.15 md=md_202001_garch.json trade_date=2020-02-03 (EVAL-ONLY re-roll) ===
INFO PLAT_JUL29 === TRAIN 202002 seed=7 SKIP (checkpoint exists) ===
INFO PLAT_JUL29 === TRAIN 202002 seed=42 SKIP (checkpoint exists) ===
INFO PLAT_JUL29 === TRAIN 202002 seed=314 SKIP (checkpoint exists) ===
INFO PLAT_JUL29 === ROLL 202002 (stepper, realized path, 3-seed ensemble, inner=512) ===
WARNING md_202001_garch Price Factor 'DiscountRate.USD-SOFR' not found in market data
INFO md_202001_garch Creating default Discount Factor(type='DiscountRate', name=('USD-SOFR',))
INFO PLAT_JUL29 Observed_Scenario substituted 2 factor(s): ['CommodityPrice.PLATINUM_CME', 'ObservedBasis.PLATINUM_CME.LME_CME']
INFO PLAT_JUL29 liability scalars: total_leg_volume=2500.0 last_settlement_index=152
INFO PLAT_JUL29 utility_scale (symlog c) resolved to 460331.21
INFO PLAT_JUL29 DiffSolverV2 setup: n_hedge=3 active=[0, 1, 2] T_dec=123 (of 125 sim steps; last-live mtm=[-2]) B_outer=1 levels=9 fit_iters=60 lr=0.002 | contract_size=[50.0, 50.0, 50.0] | q∈[[-50.0, -50.0, -50.0], [0.0, 0.0, 0.0]] total_abs_limit=50
INFO PLAT_JUL29 DiffSolverV2 inner forks: one_step=True (window {t, t+1} generation+pricing)
INFO PLAT_JUL29 DiffSolverV2 bank IN Total_Position_Schedule (post-projection): residual frac(Σq outside corridor) min=0.000 mean=0.000 max=0.000 | worst t=0 corridor=[-50, -42.5] bank Σq∈[-42.5, -42.5] frac_oob=0.000 (≈0 ⇒ projection clean)
INFO PLAT_JUL29 DiffSolverV2 bank: market_dim=6 | swept W∈[-2.798e+05, 2.431e+05] mean=-3.893e+04 std=8.944e+04 | q_rep(t=0)=[0.0, 0.0, 0.0]
INFO PLAT_JUL29 DiffV2_Load_Value_Fn: /home/vretiel/PycharmProjects/riskflow/artifacts/walk_forward/reval48_corridor/run_b015/value_fn_202002_garch_s7.pt trained corridor-free (widest wealth support); rolling under a Total_Position_Schedule only restricts to a learned subset — valid.
INFO PLAT_JUL29 DiffSolverV2 LOADED value fn from /home/vretiel/PycharmProjects/riskflow/artifacts/walk_forward/reval48_corridor/run_b015/value_fn_202002_garch_s7.pt (train V_0=-0.452337) | eval-world market drift vs train frame: max 5.04 σ | utility_scale 656743
INFO PLAT_JUL29 DiffV2_Load_Value_Fn: /home/vretiel/PycharmProjects/riskflow/artifacts/walk_forward/reval48_corridor/run_b015/value_fn_202002_garch_s42.pt trained corridor-free (widest wealth support); rolling under a Total_Position_Schedule only restricts to a learned subset — valid.
INFO PLAT_JUL29 DiffSolverV2 LOADED value fn from /home/vretiel/PycharmProjects/riskflow/artifacts/walk_forward/reval48_corridor/run_b015/value_fn_202002_garch_s42.pt (train V_0=-0.461322) | eval-world market drift vs train frame: max 4.77 σ | utility_scale 653937
INFO PLAT_JUL29 DiffV2_Load_Value_Fn: /home/vretiel/PycharmProjects/riskflow/artifacts/walk_forward/reval48_corridor/run_b015/value_fn_202002_garch_s314.pt trained corridor-free (widest wealth support); rolling under a Total_Position_Schedule only restricts to a learned subset — valid.
INFO PLAT_JUL29 DiffSolverV2 LOADED value fn from /home/vretiel/PycharmProjects/riskflow/artifacts/walk_forward/reval48_corridor/run_b015/value_fn_202002_garch_s314.pt (train V_0=-0.439009) | eval-world market drift vs train frame: max 5.15 σ | utility_scale 662742
WARNING PLAT_JUL29 DiffSolverV2 ensemble utility_scale spread 1.33% — members trained against different anchors; averaging is approximate
INFO PLAT_JUL29 DiffSolverV2 action grid: K=165 actions (levels=9 ^ active=3)
INFO PLAT_JUL29 DiffSolverV2 ENSEMBLE argmax over 3 value fns
INFO PLAT_JUL29 DiffSolverV2 STEPPER ROLLOUT (frozen policy, realized path, real accounting):
  greedy   wT=-1.0063e+05 p5=-1.0063e+05 cvar5=-1.0063e+05
  textbook wT=-1.0989e+05 p5=-1.0989e+05 cvar5=-1.0989e+05
  nohedge  wT=-4.3032e+05 p5=-4.3032e+05 cvar5=-4.3032e+05
INFO PLAT_JUL29 DiffSolverV2 VERDICT (OUT-OF-SAMPLE rollout t=0→T over 1 outer paths, start flat):
  policy    u(W_T)mean    W_T mean       W_T p5         W_T CVaR5
  greedy    -0.28223    -9.8020e+04   -9.8020e+04   -9.8020e+04
  textbook  -0.32724    -1.0829e+05   -1.0829e+05   -1.0829e+05
  nohedge   -3.22360    -4.3045e+05   -4.3045e+05   -4.3045e+05
  → on the OBJECTIVE E[u(W_T)]: beats no-hedge=True, beats textbook=True | tail(CVaR5) competitive w/ textbook=True
INFO PLAT_JUL29 DiffSolverV2 greedy positions: mean|q| per instrument=['31.15', '0.00', '6.00'] | q@t0=[-43.75, 0.0, 0.0] | q@mid=[-43.75, 0.0, 0.0] (textbook q@t0=[0.0, 0.0, 0.0])
INFO PLAT_JUL29 solve_hedge tracks: {'DiffSolverV2': -0.4523} | ladder holds=True
INFO PLAT_JUL29 JOB 202002 b0.15 DONE: greedy=-40.25 nohedge=-172.13 bound=892.94 PASS=True churn=125.0 breaches=0(worst=0)
INFO PLAT_JUL29 === JOB 202003 band=0.15 md=md_202001_garch.json trade_date=2020-03-02 (EVAL-ONLY re-roll) ===
INFO PLAT_JUL29 === TRAIN 202003 seed=7 SKIP (checkpoint exists) ===
INFO PLAT_JUL29 === TRAIN 202003 seed=42 SKIP (checkpoint exists) ===
INFO PLAT_JUL29 === TRAIN 202003 seed=314 SKIP (checkpoint exists) ===
INFO PLAT_JUL29 === ROLL 202003 (stepper, realized path, 3-seed ensemble, inner=512) ===
WARNING md_202001_garch Price Factor 'DiscountRate.USD-SOFR' not found in market data
INFO md_202001_garch Creating default Discount Factor(type='DiscountRate', name=('USD-SOFR',))
INFO PLAT_JUL29 Observed_Scenario substituted 2 factor(s): ['CommodityPrice.PLATINUM_CME', 'ObservedBasis.PLATINUM_CME.LME_CME']
INFO PLAT_JUL29 liability scalars: total_leg_volume=2500.0 last_settlement_index=154
INFO PLAT_JUL29 utility_scale (symlog c) resolved to 452624.67
INFO PLAT_JUL29 DiffSolverV2 setup: n_hedge=3 active=[0, 1, 2] T_dec=125 (of 127 sim steps; last-live mtm=[-2]) B_outer=1 levels=9 fit_iters=60 lr=0.002 | contract_size=[50.0, 50.0, 50.0] | q∈[[-50.0, -50.0, -50.0], [0.0, 0.0, 0.0]] total_abs_limit=50
INFO PLAT_JUL29 DiffSolverV2 inner forks: one_step=True (window {t, t+1} generation+pricing)
INFO PLAT_JUL29 DiffSolverV2 bank IN Total_Position_Schedule (post-projection): residual frac(Σq outside corridor) min=0.000 mean=0.000 max=0.000 | worst t=0 corridor=[-50, -42.5] bank Σq∈[-42.5, -42.5] frac_oob=0.000 (≈0 ⇒ projection clean)
INFO PLAT_JUL29 DiffSolverV2 bank: market_dim=6 | swept W∈[-2.875e+05, 2.35e+05] mean=-6.482e+04 std=7.64e+04 | q_rep(t=0)=[0.0, 0.0, 0.0]
INFO PLAT_JUL29 DiffV2_Load_Value_Fn: /home/vretiel/PycharmProjects/riskflow/artifacts/walk_forward/reval48_corridor/run_b015/value_fn_202003_garch_s7.pt trained corridor-free (widest wealth support); rolling under a Total_Position_Schedule only restricts to a learned subset — valid.
INFO PLAT_JUL29 DiffSolverV2 LOADED value fn from /home/vretiel/PycharmProjects/riskflow/artifacts/walk_forward/reval48_corridor/run_b015/value_fn_202003_garch_s7.pt (train V_0=-0.696585) | eval-world market drift vs train frame: max 5.9 σ | utility_scale 623907
INFO PLAT_JUL29 DiffV2_Load_Value_Fn: /home/vretiel/PycharmProjects/riskflow/artifacts/walk_forward/reval48_corridor/run_b015/value_fn_202003_garch_s42.pt trained corridor-free (widest wealth support); rolling under a Total_Position_Schedule only restricts to a learned subset — valid.
INFO PLAT_JUL29 DiffSolverV2 LOADED value fn from /home/vretiel/PycharmProjects/riskflow/artifacts/walk_forward/reval48_corridor/run_b015/value_fn_202003_garch_s42.pt (train V_0=-0.691215) | eval-world market drift vs train frame: max 5.72 σ | utility_scale 620042
INFO PLAT_JUL29 DiffV2_Load_Value_Fn: /home/vretiel/PycharmProjects/riskflow/artifacts/walk_forward/reval48_corridor/run_b015/value_fn_202003_garch_s314.pt trained corridor-free (widest wealth support); rolling under a Total_Position_Schedule only restricts to a learned subset — valid.
INFO PLAT_JUL29 DiffSolverV2 LOADED value fn from /home/vretiel/PycharmProjects/riskflow/artifacts/walk_forward/reval48_corridor/run_b015/value_fn_202003_garch_s314.pt (train V_0=-0.653791) | eval-world market drift vs train frame: max 6.05 σ | utility_scale 628481
WARNING PLAT_JUL29 DiffSolverV2 ensemble utility_scale spread 1.34% — members trained against different anchors; averaging is approximate
INFO PLAT_JUL29 DiffSolverV2 action grid: K=165 actions (levels=9 ^ active=3)
INFO PLAT_JUL29 DiffSolverV2 ENSEMBLE argmax over 3 value fns
INFO PLAT_JUL29 DiffSolverV2 STEPPER ROLLOUT (frozen policy, realized path, real accounting):
  greedy   wT=-6.1800e+04 p5=-6.1800e+04 cvar5=-6.1800e+04
  textbook wT=-5.3175e+04 p5=-5.3175e+04 cvar5=-5.3175e+04
  nohedge  wT=-1.2486e+05 p5=-1.2486e+05 cvar5=-1.2486e+05
INFO PLAT_JUL29 DiffSolverV2 VERDICT (OUT-OF-SAMPLE rollout t=0→T over 1 outer paths, start flat):
  policy    u(W_T)mean    W_T mean       W_T p5         W_T CVaR5
  greedy    -0.14257    -5.7357e+04   -5.7357e+04   -5.7357e+04
  textbook  -0.10716    -4.6287e+04   -4.6287e+04   -4.6287e+04
  nohedge   -0.44065    -1.2495e+05   -1.2495e+05   -1.2495e+05
  → on the OBJECTIVE E[u(W_T)]: beats no-hedge=True, beats textbook=False | tail(CVaR5) competitive w/ textbook=False
INFO PLAT_JUL29 DiffSolverV2 greedy positions: mean|q| per instrument=['0.10', '0.00', '37.85'] | q@t0=[0.0, 0.0, -43.75] | q@mid=[0.0, 0.0, -43.75] (textbook q@t0=[0.0, 0.0, 0.0])
INFO PLAT_JUL29 solve_hedge tracks: {'DiffSolverV2': -0.6966} | ladder holds=True
INFO PLAT_JUL29 JOB 202003 b0.15 DONE: greedy=-24.72 nohedge=-49.94 bound=845.94 PASS=True churn=93.8 breaches=0(worst=0)
INFO PLAT_JUL29 === JOB 202004 band=0.15 md=md_202004_garch.json trade_date=2020-04-01 (EVAL-ONLY re-roll) ===
INFO PLAT_JUL29 === TRAIN 202004 seed=7 SKIP (checkpoint exists) ===
INFO PLAT_JUL29 === TRAIN 202004 seed=42 SKIP (checkpoint exists) ===
INFO PLAT_JUL29 === TRAIN 202004 seed=314 SKIP (checkpoint exists) ===
INFO PLAT_JUL29 === ROLL 202004 (stepper, realized path, 3-seed ensemble, inner=512) ===
WARNING md_202004_garch Price Factor 'DiscountRate.USD-SOFR' not found in market data
INFO md_202004_garch Creating default Discount Factor(type='DiscountRate', name=('USD-SOFR',))
INFO PLAT_JUL29 Observed_Scenario substituted 2 factor(s): ['CommodityPrice.PLATINUM_CME', 'ObservedBasis.PLATINUM_CME.LME_CME']
INFO PLAT_JUL29 liability scalars: total_leg_volume=2500.0 last_settlement_index=155
INFO PLAT_JUL29 utility_scale (symlog c) resolved to 1082913.88
INFO PLAT_JUL29 DiffSolverV2 setup: n_hedge=3 active=[0, 1, 2] T_dec=126 (of 128 sim steps; last-live mtm=[-2]) B_outer=1 levels=9 fit_iters=60 lr=0.002 | contract_size=[50.0, 50.0, 50.0] | q∈[[-50.0, -50.0, -50.0], [0.0, 0.0, 0.0]] total_abs_limit=50
INFO PLAT_JUL29 DiffSolverV2 inner forks: one_step=True (window {t, t+1} generation+pricing)
INFO PLAT_JUL29 DiffSolverV2 bank IN Total_Position_Schedule (post-projection): residual frac(Σq outside corridor) min=0.000 mean=0.000 max=0.000 | worst t=0 corridor=[-50, -42.5] bank Σq∈[-42.5, -42.5] frac_oob=0.000 (≈0 ⇒ projection clean)
INFO PLAT_JUL29 DiffSolverV2 bank: market_dim=6 | swept W∈[-1.783e+05, 8.577e+04] mean=5292 std=5.503e+04 | q_rep(t=0)=[0.0, 0.0, 0.0]
INFO PLAT_JUL29 DiffV2_Load_Value_Fn: /home/vretiel/PycharmProjects/riskflow/artifacts/walk_forward/reval48_corridor/run_b015/value_fn_202004_garch_s7.pt trained corridor-free (widest wealth support); rolling under a Total_Position_Schedule only restricts to a learned subset — valid.
INFO PLAT_JUL29 DiffSolverV2 LOADED value fn from /home/vretiel/PycharmProjects/riskflow/artifacts/walk_forward/reval48_corridor/run_b015/value_fn_202004_garch_s7.pt (train V_0=-0.423584) | eval-world market drift vs train frame: max 1.78 σ | utility_scale 1.3144e+06
INFO PLAT_JUL29 DiffV2_Load_Value_Fn: /home/vretiel/PycharmProjects/riskflow/artifacts/walk_forward/reval48_corridor/run_b015/value_fn_202004_garch_s42.pt trained corridor-free (widest wealth support); rolling under a Total_Position_Schedule only restricts to a learned subset — valid.
INFO PLAT_JUL29 DiffSolverV2 LOADED value fn from /home/vretiel/PycharmProjects/riskflow/artifacts/walk_forward/reval48_corridor/run_b015/value_fn_202004_garch_s42.pt (train V_0=-0.408527) | eval-world market drift vs train frame: max 1.7 σ | utility_scale 1.30419e+06
INFO PLAT_JUL29 DiffV2_Load_Value_Fn: /home/vretiel/PycharmProjects/riskflow/artifacts/walk_forward/reval48_corridor/run_b015/value_fn_202004_garch_s314.pt trained corridor-free (widest wealth support); rolling under a Total_Position_Schedule only restricts to a learned subset — valid.
INFO PLAT_JUL29 DiffSolverV2 LOADED value fn from /home/vretiel/PycharmProjects/riskflow/artifacts/walk_forward/reval48_corridor/run_b015/value_fn_202004_garch_s314.pt (train V_0=-0.387663) | eval-world market drift vs train frame: max 1.82 σ | utility_scale 1.32468e+06
WARNING PLAT_JUL29 DiffSolverV2 ensemble utility_scale spread 1.55% — members trained against different anchors; averaging is approximate
INFO PLAT_JUL29 DiffSolverV2 action grid: K=165 actions (levels=9 ^ active=3)
INFO PLAT_JUL29 DiffSolverV2 ENSEMBLE argmax over 3 value fns
INFO PLAT_JUL29 DiffSolverV2 STEPPER ROLLOUT (frozen policy, realized path, real accounting):
  greedy   wT=-1.4512e+04 p5=-1.4512e+04 cvar5=-1.4512e+04
  textbook wT=+5.0098e+04 p5=+5.0098e+04 cvar5=+5.0098e+04
  nohedge  wT=+3.3850e+05 p5=+3.3850e+05 cvar5=+3.3850e+05
INFO PLAT_JUL29 DiffSolverV2 VERDICT (OUT-OF-SAMPLE rollout t=0→T over 1 outer paths, start flat):
  policy    u(W_T)mean    W_T mean       W_T p5         W_T CVaR5
  greedy    -0.01181    -1.4555e+04   -1.4555e+04   -1.4555e+04
  textbook  +0.04415    +5.8026e+04   +5.8026e+04   +5.8026e+04
  nohedge   +0.25701    +3.3783e+05   +3.3783e+05   +3.3783e+05
  → on the OBJECTIVE E[u(W_T)]: beats no-hedge=False, beats textbook=False | tail(CVaR5) competitive w/ textbook=False
INFO PLAT_JUL29 DiffSolverV2 greedy positions: mean|q| per instrument=['0.05', '30.16', '7.74'] | q@t0=[0.0, -43.75, 0.0] | q@mid=[0.0, -37.5, -6.25] (textbook q@t0=[0.0, 0.0, 0.0])
INFO PLAT_JUL29 solve_hedge tracks: {'DiffSolverV2': -0.4236} | ladder holds=True
INFO PLAT_JUL29 JOB 202004 b0.15 DONE: greedy=-5.8 nohedge=135.4 bound=628.43 PASS=True churn=268.8 breaches=0(worst=0)
INFO PLAT_JUL29 === JOB 202005 band=0.15 md=md_202004_garch.json trade_date=2020-05-01 (EVAL-ONLY re-roll) ===
INFO PLAT_JUL29 === TRAIN 202005 seed=7 SKIP (checkpoint exists) ===
INFO PLAT_JUL29 === TRAIN 202005 seed=42 SKIP (checkpoint exists) ===
INFO PLAT_JUL29 === TRAIN 202005 seed=314 SKIP (checkpoint exists) ===
INFO PLAT_JUL29 === ROLL 202005 (stepper, realized path, 3-seed ensemble, inner=512) ===
WARNING md_202004_garch Price Factor 'DiscountRate.USD-SOFR' not found in market data
INFO md_202004_garch Creating default Discount Factor(type='DiscountRate', name=('USD-SOFR',))
INFO PLAT_JUL29 Observed_Scenario substituted 2 factor(s): ['CommodityPrice.PLATINUM_CME', 'ObservedBasis.PLATINUM_CME.LME_CME']
INFO PLAT_JUL29 liability scalars: total_leg_volume=2500.0 last_settlement_index=156
INFO PLAT_JUL29 utility_scale (symlog c) resolved to 674126.17
INFO PLAT_JUL29 DiffSolverV2 setup: n_hedge=3 active=[0, 1, 2] T_dec=127 (of 129 sim steps; last-live mtm=[-2]) B_outer=1 levels=9 fit_iters=60 lr=0.002 | contract_size=[50.0, 50.0, 50.0] | q∈[[-50.0, -50.0, -50.0], [0.0, 0.0, 0.0]] total_abs_limit=50
INFO PLAT_JUL29 DiffSolverV2 inner forks: one_step=True (window {t, t+1} generation+pricing)
INFO PLAT_JUL29 DiffSolverV2 bank IN Total_Position_Schedule (post-projection): residual frac(Σq outside corridor) min=0.000 mean=0.000 max=0.000 | worst t=0 corridor=[-50, -42.5] bank Σq∈[-42.5, -42.5] frac_oob=0.000 (≈0 ⇒ projection clean)
INFO PLAT_JUL29 DiffSolverV2 bank: market_dim=6 | swept W∈[-1.713e+05, 2.258e+05] mean=8.501e+04 std=7.059e+04 | q_rep(t=0)=[0.0, 0.0, 0.0]
INFO PLAT_JUL29 DiffV2_Load_Value_Fn: /home/vretiel/PycharmProjects/riskflow/artifacts/walk_forward/reval48_corridor/run_b015/value_fn_202005_garch_s7.pt trained corridor-free (widest wealth support); rolling under a Total_Position_Schedule only restricts to a learned subset — valid.
INFO PLAT_JUL29 DiffSolverV2 LOADED value fn from /home/vretiel/PycharmProjects/riskflow/artifacts/walk_forward/reval48_corridor/run_b015/value_fn_202005_garch_s7.pt (train V_0=-0.457096) | eval-world market drift vs train frame: max 1.58 σ | utility_scale 1.10049e+06
INFO PLAT_JUL29 DiffV2_Load_Value_Fn: /home/vretiel/PycharmProjects/riskflow/artifacts/walk_forward/reval48_corridor/run_b015/value_fn_202005_garch_s42.pt trained corridor-free (widest wealth support); rolling under a Total_Position_Schedule only restricts to a learned subset — valid.
INFO PLAT_JUL29 DiffSolverV2 LOADED value fn from /home/vretiel/PycharmProjects/riskflow/artifacts/walk_forward/reval48_corridor/run_b015/value_fn_202005_garch_s42.pt (train V_0=-0.41557) | eval-world market drift vs train frame: max 1.63 σ | utility_scale 1.08134e+06
INFO PLAT_JUL29 DiffV2_Load_Value_Fn: /home/vretiel/PycharmProjects/riskflow/artifacts/walk_forward/reval48_corridor/run_b015/value_fn_202005_garch_s314.pt trained corridor-free (widest wealth support); rolling under a Total_Position_Schedule only restricts to a learned subset — valid.
INFO PLAT_JUL29 DiffSolverV2 LOADED value fn from /home/vretiel/PycharmProjects/riskflow/artifacts/walk_forward/reval48_corridor/run_b015/value_fn_202005_garch_s314.pt (train V_0=-0.348006) | eval-world market drift vs train frame: max 1.71 σ | utility_scale 1.15481e+06
WARNING PLAT_JUL29 DiffSolverV2 ensemble utility_scale spread 6.36% — members trained against different anchors; averaging is approximate
INFO PLAT_JUL29 DiffSolverV2 action grid: K=165 actions (levels=9 ^ active=3)
INFO PLAT_JUL29 DiffSolverV2 ENSEMBLE argmax over 3 value fns
INFO PLAT_JUL29 DiffSolverV2 STEPPER ROLLOUT (frozen policy, realized path, real accounting):
  greedy   wT=+1.4757e+05 p5=+1.4757e+05 cvar5=+1.4757e+05
  textbook wT=+1.4755e+05 p5=+1.4755e+05 cvar5=+1.4755e+05
  nohedge  wT=+4.2396e+05 p5=+4.2396e+05 cvar5=+4.2396e+05
INFO PLAT_JUL29 DiffSolverV2 VERDICT (OUT-OF-SAMPLE rollout t=0→T over 1 outer paths, start flat):
  policy    u(W_T)mean    W_T mean       W_T p5         W_T CVaR5
  greedy    +0.08670    +9.6433e+04   +9.6433e+04   +9.6433e+04
  textbook  +0.13679    +1.5215e+05   +1.5215e+05   +1.5215e+05
  nohedge   +0.38089    +4.2364e+05   +4.2364e+05   +4.2364e+05
  → on the OBJECTIVE E[u(W_T)]: beats no-hedge=False, beats textbook=False | tail(CVaR5) competitive w/ textbook=False
INFO PLAT_JUL29 DiffSolverV2 greedy positions: mean|q| per instrument=['23.97', '0.00', '16.83'] | q@t0=[-43.75, 0.0, 0.0] | q@mid=[-31.25, 0.0, -18.75] (textbook q@t0=[0.0, 0.0, 0.0])
INFO PLAT_JUL29 solve_hedge tracks: {'DiffSolverV2': -0.4571} | ladder holds=True
INFO PLAT_JUL29 JOB 202005 b0.15 DONE: greedy=59.03 nohedge=169.58 bound=746.71 PASS=True churn=137.5 breaches=0(worst=0)
INFO PLAT_JUL29 === JOB 202006 band=0.15 md=md_202004_garch.json trade_date=2020-06-01 (EVAL-ONLY re-roll) ===
INFO PLAT_JUL29 === TRAIN 202006 seed=7 SKIP (checkpoint exists) ===
INFO PLAT_JUL29 === TRAIN 202006 seed=42 SKIP (checkpoint exists) ===
INFO PLAT_JUL29 === TRAIN 202006 seed=314 SKIP (checkpoint exists) ===
INFO PLAT_JUL29 === ROLL 202006 (stepper, realized path, 3-seed ensemble, inner=512) ===
WARNING md_202004_garch Price Factor 'DiscountRate.USD-SOFR' not found in market data
INFO md_202004_garch Creating default Discount Factor(type='DiscountRate', name=('USD-SOFR',))
INFO PLAT_JUL29 Observed_Scenario substituted 2 factor(s): ['CommodityPrice.PLATINUM_CME', 'ObservedBasis.PLATINUM_CME.LME_CME']
INFO PLAT_JUL29 liability scalars: total_leg_volume=2500.0 last_settlement_index=155
INFO PLAT_JUL29 utility_scale (symlog c) resolved to 846658.00
INFO PLAT_JUL29 DiffSolverV2 setup: n_hedge=3 active=[0, 1, 2] T_dec=126 (of 128 sim steps; last-live mtm=[-2]) B_outer=1 levels=9 fit_iters=60 lr=0.002 | contract_size=[50.0, 50.0, 50.0] | q∈[[-50.0, -50.0, -50.0], [0.0, 0.0, 0.0]] total_abs_limit=50
INFO PLAT_JUL29 DiffSolverV2 inner forks: one_step=True (window {t, t+1} generation+pricing)
INFO PLAT_JUL29 DiffSolverV2 bank IN Total_Position_Schedule (post-projection): residual frac(Σq outside corridor) min=0.000 mean=0.000 max=0.000 | worst t=0 corridor=[-50, -42.5] bank Σq∈[-42.5, -42.5] frac_oob=0.000 (≈0 ⇒ projection clean)
INFO PLAT_JUL29 DiffSolverV2 bank: market_dim=6 | swept W∈[-7648, 2.898e+05] mean=1.694e+05 std=5.244e+04 | q_rep(t=0)=[0.0, 0.0, 0.0]
INFO PLAT_JUL29 DiffV2_Load_Value_Fn: /home/vretiel/PycharmProjects/riskflow/artifacts/walk_forward/reval48_corridor/run_b015/value_fn_202006_garch_s7.pt trained corridor-free (widest wealth support); rolling under a Total_Position_Schedule only restricts to a learned subset — valid.
INFO PLAT_JUL29 DiffSolverV2 LOADED value fn from /home/vretiel/PycharmProjects/riskflow/artifacts/walk_forward/reval48_corridor/run_b015/value_fn_202006_garch_s7.pt (train V_0=-0.180687) | eval-world market drift vs train frame: max 1.41 σ | utility_scale 1.28062e+06
INFO PLAT_JUL29 DiffV2_Load_Value_Fn: /home/vretiel/PycharmProjects/riskflow/artifacts/walk_forward/reval48_corridor/run_b015/value_fn_202006_garch_s42.pt trained corridor-free (widest wealth support); rolling under a Total_Position_Schedule only restricts to a learned subset — valid.
INFO PLAT_JUL29 DiffSolverV2 LOADED value fn from /home/vretiel/PycharmProjects/riskflow/artifacts/walk_forward/reval48_corridor/run_b015/value_fn_202006_garch_s42.pt (train V_0=-0.158341) | eval-world market drift vs train frame: max 1.35 σ | utility_scale 1.26852e+06
INFO PLAT_JUL29 DiffV2_Load_Value_Fn: /home/vretiel/PycharmProjects/riskflow/artifacts/walk_forward/reval48_corridor/run_b015/value_fn_202006_garch_s314.pt trained corridor-free (widest wealth support); rolling under a Total_Position_Schedule only restricts to a learned subset — valid.
INFO PLAT_JUL29 DiffSolverV2 LOADED value fn from /home/vretiel/PycharmProjects/riskflow/artifacts/walk_forward/reval48_corridor/run_b015/value_fn_202006_garch_s314.pt (train V_0=-0.139044) | eval-world market drift vs train frame: max 1.46 σ | utility_scale 1.30085e+06
WARNING PLAT_JUL29 DiffSolverV2 ensemble utility_scale spread 2.49% — members trained against different anchors; averaging is approximate
INFO PLAT_JUL29 DiffSolverV2 action grid: K=165 actions (levels=9 ^ active=3)
INFO PLAT_JUL29 DiffSolverV2 ENSEMBLE argmax over 3 value fns
INFO PLAT_JUL29 DiffSolverV2 STEPPER ROLLOUT (frozen policy, realized path, real accounting):
  greedy   wT=+2.3846e+05 p5=+2.3846e+05 cvar5=+2.3846e+05
  textbook wT=+2.0178e+05 p5=+2.0178e+05 cvar5=+2.0178e+05
  nohedge  wT=+2.1824e+05 p5=+2.1824e+05 cvar5=+2.1824e+05
INFO PLAT_JUL29 DiffSolverV2 VERDICT (OUT-OF-SAMPLE rollout t=0→T over 1 outer paths, start flat):
  policy    u(W_T)mean    W_T mean       W_T p5         W_T CVaR5
  greedy    +0.17252    +2.2140e+05   +2.2140e+05   +2.2140e+05
  textbook  +0.15492    +1.9881e+05   +1.9881e+05   +1.9881e+05
  nohedge   +0.16994    +2.1809e+05   +2.1809e+05   +2.1809e+05
  → on the OBJECTIVE E[u(W_T)]: beats no-hedge=True, beats textbook=True | tail(CVaR5) competitive w/ textbook=True
INFO PLAT_JUL29 DiffSolverV2 greedy positions: mean|q| per instrument=['5.90', '0.89', '33.58'] | q@t0=[0.0, 0.0, -43.75] | q@mid=[0.0, 0.0, -43.75] (textbook q@t0=[0.0, 0.0, 0.0])
INFO PLAT_JUL29 solve_hedge tracks: {'DiffSolverV2': -0.1807} | ladder holds=True
INFO PLAT_JUL29 JOB 202006 b0.15 DONE: greedy=95.38 nohedge=87.3 bound=751.38 PASS=True churn=62.5 breaches=0(worst=0)
INFO PLAT_JUL29 === JOB 202007 band=0.15 md=md_202007_garch.json trade_date=2020-07-01 (EVAL-ONLY re-roll) ===
INFO PLAT_JUL29 === TRAIN 202007 seed=7 SKIP (checkpoint exists) ===
INFO PLAT_JUL29 === TRAIN 202007 seed=42 SKIP (checkpoint exists) ===
INFO PLAT_JUL29 === TRAIN 202007 seed=314 SKIP (checkpoint exists) ===
INFO PLAT_JUL29 === ROLL 202007 (stepper, realized path, 3-seed ensemble, inner=512) ===
WARNING md_202007_garch Price Factor 'DiscountRate.USD-SOFR' not found in market data
INFO md_202007_garch Creating default Discount Factor(type='DiscountRate', name=('USD-SOFR',))
INFO PLAT_JUL29 Observed_Scenario substituted 2 factor(s): ['CommodityPrice.PLATINUM_CME', 'ObservedBasis.PLATINUM_CME.LME_CME']
INFO PLAT_JUL29 liability scalars: total_leg_volume=2500.0 last_settlement_index=156
INFO PLAT_JUL29 utility_scale (symlog c) resolved to 531111.45
INFO PLAT_JUL29 DiffSolverV2 setup: n_hedge=3 active=[0, 1, 2] T_dec=127 (of 129 sim steps; last-live mtm=[-2]) B_outer=1 levels=9 fit_iters=60 lr=0.002 | contract_size=[50.0, 50.0, 50.0] | q∈[[-50.0, -50.0, -50.0], [0.0, 0.0, 0.0]] total_abs_limit=50
INFO PLAT_JUL29 DiffSolverV2 inner forks: one_step=True (window {t, t+1} generation+pricing)
INFO PLAT_JUL29 DiffSolverV2 bank IN Total_Position_Schedule (post-projection): residual frac(Σq outside corridor) min=0.000 mean=0.000 max=0.000 | worst t=0 corridor=[-50, -42.5] bank Σq∈[-42.5, -42.5] frac_oob=0.000 (≈0 ⇒ projection clean)
INFO PLAT_JUL29 DiffSolverV2 bank: market_dim=6 | swept W∈[-1.237e+05, 2.417e+05] mean=7.495e+04 std=6.064e+04 | q_rep(t=0)=[0.0, 0.0, 0.0]
INFO PLAT_JUL29 DiffV2_Load_Value_Fn: /home/vretiel/PycharmProjects/riskflow/artifacts/walk_forward/reval48_corridor/run_b015/value_fn_202007_garch_s7.pt trained corridor-free (widest wealth support); rolling under a Total_Position_Schedule only restricts to a learned subset — valid.
INFO PLAT_JUL29 DiffSolverV2 LOADED value fn from /home/vretiel/PycharmProjects/riskflow/artifacts/walk_forward/reval48_corridor/run_b015/value_fn_202007_garch_s7.pt (train V_0=-0.579707) | eval-world market drift vs train frame: max 1.79 σ | utility_scale 809182
INFO PLAT_JUL29 DiffV2_Load_Value_Fn: /home/vretiel/PycharmProjects/riskflow/artifacts/walk_forward/reval48_corridor/run_b015/value_fn_202007_garch_s42.pt trained corridor-free (widest wealth support); rolling under a Total_Position_Schedule only restricts to a learned subset — valid.
INFO PLAT_JUL29 DiffSolverV2 LOADED value fn from /home/vretiel/PycharmProjects/riskflow/artifacts/walk_forward/reval48_corridor/run_b015/value_fn_202007_garch_s42.pt (train V_0=-0.530919) | eval-world market drift vs train frame: max 1.86 σ | utility_scale 803363
INFO PLAT_JUL29 DiffV2_Load_Value_Fn: /home/vretiel/PycharmProjects/riskflow/artifacts/walk_forward/reval48_corridor/run_b015/value_fn_202007_garch_s314.pt trained corridor-free (widest wealth support); rolling under a Total_Position_Schedule only restricts to a learned subset — valid.
INFO PLAT_JUL29 DiffSolverV2 LOADED value fn from /home/vretiel/PycharmProjects/riskflow/artifacts/walk_forward/reval48_corridor/run_b015/value_fn_202007_garch_s314.pt (train V_0=-0.464272) | eval-world market drift vs train frame: max 1.92 σ | utility_scale 845778
WARNING PLAT_JUL29 DiffSolverV2 ensemble utility_scale spread 5.01% — members trained against different anchors; averaging is approximate
INFO PLAT_JUL29 DiffSolverV2 action grid: K=165 actions (levels=9 ^ active=3)
INFO PLAT_JUL29 DiffSolverV2 ENSEMBLE argmax over 3 value fns
INFO PLAT_JUL29 DiffSolverV2 STEPPER ROLLOUT (frozen policy, realized path, real accounting):
  greedy   wT=+1.0998e+05 p5=+1.0998e+05 cvar5=+1.0998e+05
  textbook wT=+4.7821e+04 p5=+4.7821e+04 cvar5=+4.7821e+04
  nohedge  wT=+1.5741e+05 p5=+1.5741e+05 cvar5=+1.5741e+05
INFO PLAT_JUL29 DiffSolverV2 VERDICT (OUT-OF-SAMPLE rollout t=0→T over 1 outer paths, start flat):
  policy    u(W_T)mean    W_T mean       W_T p5         W_T CVaR5
  greedy    +0.11605    +9.5094e+04   +9.5094e+04   +9.5094e+04
  textbook  +0.04929    +4.0388e+04   +4.0388e+04   +4.0388e+04
  nohedge   +0.19209    +1.5740e+05   +1.5740e+05   +1.5740e+05
  → on the OBJECTIVE E[u(W_T)]: beats no-hedge=False, beats textbook=True | tail(CVaR5) competitive w/ textbook=True
INFO PLAT_JUL29 DiffSolverV2 greedy positions: mean|q| per instrument=['0.00', '1.38', '40.45'] | q@t0=[0.0, 0.0, -43.75] | q@mid=[0.0, 0.0, -50.0] (textbook q@t0=[0.0, 0.0, 0.0])
INFO PLAT_JUL29 solve_hedge tracks: {'DiffSolverV2': -0.5797} | ladder holds=True
INFO PLAT_JUL29 JOB 202007 b0.15 DONE: greedy=43.99 nohedge=62.96 bound=699.5 PASS=True churn=262.5 breaches=0(worst=0)
INFO PLAT_JUL29 === JOB 202008 band=0.15 md=md_202007_garch.json trade_date=2020-08-03 (EVAL-ONLY re-roll) ===
INFO PLAT_JUL29 === TRAIN 202008 seed=7 SKIP (checkpoint exists) ===
INFO PLAT_JUL29 === TRAIN 202008 seed=42 SKIP (checkpoint exists) ===
INFO PLAT_JUL29 === TRAIN 202008 seed=314 SKIP (checkpoint exists) ===
INFO PLAT_JUL29 === ROLL 202008 (stepper, realized path, 3-seed ensemble, inner=512) ===
WARNING md_202007_garch Price Factor 'DiscountRate.USD-SOFR' not found in market data
INFO md_202007_garch Creating default Discount Factor(type='DiscountRate', name=('USD-SOFR',))
INFO PLAT_JUL29 Observed_Scenario substituted 2 factor(s): ['CommodityPrice.PLATINUM_CME', 'ObservedBasis.PLATINUM_CME.LME_CME']
INFO PLAT_JUL29 liability scalars: total_leg_volume=2500.0 last_settlement_index=153
INFO PLAT_JUL29 utility_scale (symlog c) resolved to 717085.04
INFO PLAT_JUL29 DiffSolverV2 setup: n_hedge=3 active=[0, 1, 2] T_dec=124 (of 126 sim steps; last-live mtm=[-2]) B_outer=1 levels=9 fit_iters=60 lr=0.002 | contract_size=[50.0, 50.0, 50.0] | q∈[[-50.0, -50.0, -50.0], [0.0, 0.0, 0.0]] total_abs_limit=50
INFO PLAT_JUL29 DiffSolverV2 inner forks: one_step=True (window {t, t+1} generation+pricing)
INFO PLAT_JUL29 DiffSolverV2 bank IN Total_Position_Schedule (post-projection): residual frac(Σq outside corridor) min=0.000 mean=0.000 max=0.000 | worst t=0 corridor=[-50, -42.5] bank Σq∈[-42.5, -42.5] frac_oob=0.000 (≈0 ⇒ projection clean)
INFO PLAT_JUL29 DiffSolverV2 bank: market_dim=6 | swept W∈[-6.997e+04, 2.272e+05] mean=7.715e+04 std=4.846e+04 | q_rep(t=0)=[0.0, 0.0, 0.0]
INFO PLAT_JUL29 DiffV2_Load_Value_Fn: /home/vretiel/PycharmProjects/riskflow/artifacts/walk_forward/reval48_corridor/run_b015/value_fn_202008_garch_s7.pt trained corridor-free (widest wealth support); rolling under a Total_Position_Schedule only restricts to a learned subset — valid.
INFO PLAT_JUL29 DiffSolverV2 LOADED value fn from /home/vretiel/PycharmProjects/riskflow/artifacts/walk_forward/reval48_corridor/run_b015/value_fn_202008_garch_s7.pt (train V_0=-0.360737) | eval-world market drift vs train frame: max 1.63 σ | utility_scale 975759
INFO PLAT_JUL29 DiffV2_Load_Value_Fn: /home/vretiel/PycharmProjects/riskflow/artifacts/walk_forward/reval48_corridor/run_b015/value_fn_202008_garch_s42.pt trained corridor-free (widest wealth support); rolling under a Total_Position_Schedule only restricts to a learned subset — valid.
INFO PLAT_JUL29 DiffSolverV2 LOADED value fn from /home/vretiel/PycharmProjects/riskflow/artifacts/walk_forward/reval48_corridor/run_b015/value_fn_202008_garch_s42.pt (train V_0=-0.323726) | eval-world market drift vs train frame: max 1.61 σ | utility_scale 1.00129e+06
INFO PLAT_JUL29 DiffV2_Load_Value_Fn: /home/vretiel/PycharmProjects/riskflow/artifacts/walk_forward/reval48_corridor/run_b015/value_fn_202008_garch_s314.pt trained corridor-free (widest wealth support); rolling under a Total_Position_Schedule only restricts to a learned subset — valid.
INFO PLAT_JUL29 DiffSolverV2 LOADED value fn from /home/vretiel/PycharmProjects/riskflow/artifacts/walk_forward/reval48_corridor/run_b015/value_fn_202008_garch_s314.pt (train V_0=-0.306798) | eval-world market drift vs train frame: max 1.67 σ | utility_scale 981078
WARNING PLAT_JUL29 DiffSolverV2 ensemble utility_scale spread 2.55% — members trained against different anchors; averaging is approximate
INFO PLAT_JUL29 DiffSolverV2 action grid: K=165 actions (levels=9 ^ active=3)
INFO PLAT_JUL29 DiffSolverV2 ENSEMBLE argmax over 3 value fns
INFO PLAT_JUL29 DiffSolverV2 STEPPER ROLLOUT (frozen policy, realized path, real accounting):
  greedy   wT=+1.4390e+04 p5=+1.4390e+04 cvar5=+1.4390e+04
  textbook wT=+9.4555e+04 p5=+9.4555e+04 cvar5=+9.4555e+04
  nohedge  wT=+3.3988e+03 p5=+3.3988e+03 cvar5=+3.3988e+03
INFO PLAT_JUL29 DiffSolverV2 VERDICT (OUT-OF-SAMPLE rollout t=0→T over 1 outer paths, start flat):
  policy    u(W_T)mean    W_T mean       W_T p5         W_T CVaR5
  greedy    +0.02459    +2.4251e+04   +2.4251e+04   +2.4251e+04
  textbook  +0.10018    +9.8781e+04   +9.8781e+04   +9.8781e+04
  nohedge   +0.00344    +3.3905e+03   +3.3905e+03   +3.3905e+03
  → on the OBJECTIVE E[u(W_T)]: beats no-hedge=True, beats textbook=False | tail(CVaR5) competitive w/ textbook=False
INFO PLAT_JUL29 DiffSolverV2 greedy positions: mean|q| per instrument=['0.50', '36.19', '3.58'] | q@t0=[0.0, 0.0, -50.0] | q@mid=[0.0, -43.75, 0.0] (textbook q@t0=[0.0, 0.0, 0.0])
INFO PLAT_JUL29 solve_hedge tracks: {'DiffSolverV2': -0.3607} | ladder holds=True
INFO PLAT_JUL29 JOB 202008 b0.15 DONE: greedy=5.76 nohedge=1.36 bound=637.15 PASS=True churn=168.8 breaches=0(worst=0)
INFO PLAT_JUL29 === JOB 202009 band=0.15 md=md_202007_garch.json trade_date=2020-09-01 (EVAL-ONLY re-roll) ===
INFO PLAT_JUL29 === TRAIN 202009 seed=7 SKIP (checkpoint exists) ===
INFO PLAT_JUL29 === TRAIN 202009 seed=42 SKIP (checkpoint exists) ===
INFO PLAT_JUL29 === TRAIN 202009 seed=314 SKIP (checkpoint exists) ===
INFO PLAT_JUL29 === ROLL 202009 (stepper, realized path, 3-seed ensemble, inner=512) ===
WARNING md_202007_garch Price Factor 'DiscountRate.USD-SOFR' not found in market data
INFO md_202007_garch Creating default Discount Factor(type='DiscountRate', name=('USD-SOFR',))
INFO PLAT_JUL29 Observed_Scenario substituted 2 factor(s): ['CommodityPrice.PLATINUM_CME', 'ObservedBasis.PLATINUM_CME.LME_CME']
INFO PLAT_JUL29 liability scalars: total_leg_volume=2500.0 last_settlement_index=155
INFO PLAT_JUL29 utility_scale (symlog c) resolved to 533506.12
INFO PLAT_JUL29 DiffSolverV2 setup: n_hedge=3 active=[0, 1, 2] T_dec=126 (of 128 sim steps; last-live mtm=[-2]) B_outer=1 levels=9 fit_iters=60 lr=0.002 | contract_size=[50.0, 50.0, 50.0] | q∈[[-50.0, -50.0, -50.0], [0.0, 0.0, 0.0]] total_abs_limit=50
INFO PLAT_JUL29 DiffSolverV2 inner forks: one_step=True (window {t, t+1} generation+pricing)
INFO PLAT_JUL29 DiffSolverV2 bank IN Total_Position_Schedule (post-projection): residual frac(Σq outside corridor) min=0.000 mean=0.000 max=0.000 | worst t=0 corridor=[-50, -42.5] bank Σq∈[-42.5, -42.5] frac_oob=0.000 (≈0 ⇒ projection clean)
INFO PLAT_JUL29 DiffSolverV2 bank: market_dim=6 | swept W∈[-3.571e+04, 2.299e+05] mean=9.749e+04 std=7.335e+04 | q_rep(t=0)=[0.0, 0.0, 0.0]
INFO PLAT_JUL29 DiffV2_Load_Value_Fn: /home/vretiel/PycharmProjects/riskflow/artifacts/walk_forward/reval48_corridor/run_b015/value_fn_202009_garch_s7.pt trained corridor-free (widest wealth support); rolling under a Total_Position_Schedule only restricts to a learned subset — valid.
INFO PLAT_JUL29 DiffSolverV2 LOADED value fn from /home/vretiel/PycharmProjects/riskflow/artifacts/walk_forward/reval48_corridor/run_b015/value_fn_202009_garch_s7.pt (train V_0=-0.539917) | eval-world market drift vs train frame: max 1.55 σ | utility_scale 887296
INFO PLAT_JUL29 DiffV2_Load_Value_Fn: /home/vretiel/PycharmProjects/riskflow/artifacts/walk_forward/reval48_corridor/run_b015/value_fn_202009_garch_s42.pt trained corridor-free (widest wealth support); rolling under a Total_Position_Schedule only restricts to a learned subset — valid.
INFO PLAT_JUL29 DiffSolverV2 LOADED value fn from /home/vretiel/PycharmProjects/riskflow/artifacts/walk_forward/reval48_corridor/run_b015/value_fn_202009_garch_s42.pt (train V_0=-0.512106) | eval-world market drift vs train frame: max 1.49 σ | utility_scale 879538
INFO PLAT_JUL29 DiffV2_Load_Value_Fn: /home/vretiel/PycharmProjects/riskflow/artifacts/walk_forward/reval48_corridor/run_b015/value_fn_202009_garch_s314.pt trained corridor-free (widest wealth support); rolling under a Total_Position_Schedule only restricts to a learned subset — valid.
INFO PLAT_JUL29 DiffSolverV2 LOADED value fn from /home/vretiel/PycharmProjects/riskflow/artifacts/walk_forward/reval48_corridor/run_b015/value_fn_202009_garch_s314.pt (train V_0=-0.482849) | eval-world market drift vs train frame: max 1.59 σ | utility_scale 906251
WARNING PLAT_JUL29 DiffSolverV2 ensemble utility_scale spread 2.95% — members trained against different anchors; averaging is approximate
INFO PLAT_JUL29 DiffSolverV2 action grid: K=165 actions (levels=9 ^ active=3)
INFO PLAT_JUL29 DiffSolverV2 ENSEMBLE argmax over 3 value fns
INFO PLAT_JUL29 DiffSolverV2 STEPPER ROLLOUT (frozen policy, realized path, real accounting):
  greedy   wT=+2.8256e+04 p5=+2.8256e+04 cvar5=+2.8256e+04
  textbook wT=+2.0369e+05 p5=+2.0369e+05 cvar5=+2.0369e+05
  nohedge  wT=+2.2429e+05 p5=+2.2429e+05 cvar5=+2.2429e+05
INFO PLAT_JUL29 DiffSolverV2 VERDICT (OUT-OF-SAMPLE rollout t=0→T over 1 outer paths, start flat):
  policy    u(W_T)mean    W_T mean       W_T p5         W_T CVaR5
  greedy    +0.04201    +3.7436e+04   +3.7436e+04   +3.7436e+04
  textbook  +0.22596    +2.0133e+05   +2.0133e+05   +2.0133e+05
  nohedge   +0.25172    +2.2429e+05   +2.2429e+05   +2.2429e+05
  → on the OBJECTIVE E[u(W_T)]: beats no-hedge=False, beats textbook=False | tail(CVaR5) competitive w/ textbook=False
INFO PLAT_JUL29 DiffSolverV2 greedy positions: mean|q| per instrument=['0.00', '0.60', '39.73'] | q@t0=[0.0, 0.0, -50.0] | q@mid=[0.0, 0.0, -43.75] (textbook q@t0=[0.0, 0.0, 0.0])
INFO PLAT_JUL29 solve_hedge tracks: {'DiffSolverV2': -0.5399} | ladder holds=True
INFO PLAT_JUL29 JOB 202009 b0.15 DONE: greedy=11.3 nohedge=89.72 bound=605.54 PASS=True churn=187.5 breaches=0(worst=0)
INFO PLAT_JUL29 === JOB 202010 band=0.15 md=md_202010_garch.json trade_date=2020-10-01 (EVAL-ONLY re-roll) ===
INFO PLAT_JUL29 === TRAIN 202010 seed=7 SKIP (checkpoint exists) ===
INFO PLAT_JUL29 === TRAIN 202010 seed=42 SKIP (checkpoint exists) ===
INFO PLAT_JUL29 === TRAIN 202010 seed=314 SKIP (checkpoint exists) ===
INFO PLAT_JUL29 === ROLL 202010 (stepper, realized path, 3-seed ensemble, inner=512) ===
WARNING md_202010_garch Price Factor 'DiscountRate.USD-SOFR' not found in market data
INFO md_202010_garch Creating default Discount Factor(type='DiscountRate', name=('USD-SOFR',))
INFO PLAT_JUL29 Observed_Scenario substituted 2 factor(s): ['CommodityPrice.PLATINUM_CME', 'ObservedBasis.PLATINUM_CME.LME_CME']
INFO PLAT_JUL29 liability scalars: total_leg_volume=2500.0 last_settlement_index=156
INFO PLAT_JUL29 utility_scale (symlog c) resolved to 689784.42
INFO PLAT_JUL29 DiffSolverV2 setup: n_hedge=3 active=[0, 1, 2] T_dec=127 (of 129 sim steps; last-live mtm=[-2]) B_outer=1 levels=9 fit_iters=60 lr=0.002 | contract_size=[50.0, 50.0, 50.0] | q∈[[-50.0, -50.0, -50.0], [0.0, 0.0, 0.0]] total_abs_limit=50
INFO PLAT_JUL29 DiffSolverV2 inner forks: one_step=True (window {t, t+1} generation+pricing)
INFO PLAT_JUL29 DiffSolverV2 bank IN Total_Position_Schedule (post-projection): residual frac(Σq outside corridor) min=0.000 mean=0.000 max=0.000 | worst t=0 corridor=[-50, -42.5] bank Σq∈[-42.5, -42.5] frac_oob=0.000 (≈0 ⇒ projection clean)
INFO PLAT_JUL29 DiffSolverV2 bank: market_dim=6 | swept W∈[-6388, 4.081e+05] mean=1.936e+05 std=1.215e+05 | q_rep(t=0)=[0.0, 0.0, 0.0]
INFO PLAT_JUL29 DiffV2_Load_Value_Fn: /home/vretiel/PycharmProjects/riskflow/artifacts/walk_forward/reval48_corridor/run_b015/value_fn_202010_garch_s7.pt trained corridor-free (widest wealth support); rolling under a Total_Position_Schedule only restricts to a learned subset — valid.
INFO PLAT_JUL29 DiffSolverV2 LOADED value fn from /home/vretiel/PycharmProjects/riskflow/artifacts/walk_forward/reval48_corridor/run_b015/value_fn_202010_garch_s7.pt (train V_0=-0.425942) | eval-world market drift vs train frame: max 0.921 σ | utility_scale 963384
INFO PLAT_JUL29 DiffV2_Load_Value_Fn: /home/vretiel/PycharmProjects/riskflow/artifacts/walk_forward/reval48_corridor/run_b015/value_fn_202010_garch_s42.pt trained corridor-free (widest wealth support); rolling under a Total_Position_Schedule only restricts to a learned subset — valid.
INFO PLAT_JUL29 DiffSolverV2 LOADED value fn from /home/vretiel/PycharmProjects/riskflow/artifacts/walk_forward/reval48_corridor/run_b015/value_fn_202010_garch_s42.pt (train V_0=-0.390286) | eval-world market drift vs train frame: max 0.976 σ | utility_scale 953519
INFO PLAT_JUL29 DiffV2_Load_Value_Fn: /home/vretiel/PycharmProjects/riskflow/artifacts/walk_forward/reval48_corridor/run_b015/value_fn_202010_garch_s314.pt trained corridor-free (widest wealth support); rolling under a Total_Position_Schedule only restricts to a learned subset — valid.
INFO PLAT_JUL29 DiffSolverV2 LOADED value fn from /home/vretiel/PycharmProjects/riskflow/artifacts/walk_forward/reval48_corridor/run_b015/value_fn_202010_garch_s314.pt (train V_0=-0.341892) | eval-world market drift vs train frame: max 1.02 σ | utility_scale 996784
WARNING PLAT_JUL29 DiffSolverV2 ensemble utility_scale spread 4.34% — members trained against different anchors; averaging is approximate
INFO PLAT_JUL29 DiffSolverV2 action grid: K=165 actions (levels=9 ^ active=3)
INFO PLAT_JUL29 DiffSolverV2 ENSEMBLE argmax over 3 value fns
INFO PLAT_JUL29 DiffSolverV2 STEPPER ROLLOUT (frozen policy, realized path, real accounting):
  greedy   wT=+1.5865e+04 p5=+1.5865e+04 cvar5=+1.5865e+04
  textbook wT=+3.1313e+05 p5=+3.1313e+05 cvar5=+3.1313e+05
  nohedge  wT=+5.2614e+05 p5=+5.2614e+05 cvar5=+5.2614e+05
INFO PLAT_JUL29 DiffSolverV2 VERDICT (OUT-OF-SAMPLE rollout t=0→T over 1 outer paths, start flat):
  policy    u(W_T)mean    W_T mean       W_T p5         W_T CVaR5
  greedy    +0.02965    +2.8801e+04   +2.8801e+04   +2.8801e+04
  textbook  +0.31434    +3.0530e+05   +3.0530e+05   +3.0530e+05
  nohedge   +0.54172    +5.2614e+05   +5.2614e+05   +5.2614e+05
  → on the OBJECTIVE E[u(W_T)]: beats no-hedge=False, beats textbook=False | tail(CVaR5) competitive w/ textbook=False
INFO PLAT_JUL29 DiffSolverV2 greedy positions: mean|q| per instrument=['0.00', '0.00', '43.01'] | q@t0=[0.0, 0.0, -43.75] | q@mid=[0.0, 0.0, -50.0] (textbook q@t0=[0.0, 0.0, 0.0])
INFO PLAT_JUL29 solve_hedge tracks: {'DiffSolverV2': -0.4259} | ladder holds=True
INFO PLAT_JUL29 JOB 202010 b0.15 DONE: greedy=6.35 nohedge=210.46 bound=625.76 PASS=True churn=62.5 breaches=0(worst=0)
INFO PLAT_JUL29 === JOB 202011 band=0.15 md=md_202010_garch.json trade_date=2020-11-02 (EVAL-ONLY re-roll) ===
INFO PLAT_JUL29 === TRAIN 202011 seed=7 SKIP (checkpoint exists) ===
INFO PLAT_JUL29 === TRAIN 202011 seed=42 SKIP (checkpoint exists) ===
INFO PLAT_JUL29 === TRAIN 202011 seed=314 SKIP (checkpoint exists) ===
INFO PLAT_JUL29 === ROLL 202011 (stepper, realized path, 3-seed ensemble, inner=512) ===
WARNING md_202010_garch Price Factor 'DiscountRate.USD-SOFR' not found in market data
INFO md_202010_garch Creating default Discount Factor(type='DiscountRate', name=('USD-SOFR',))
INFO PLAT_JUL29 Observed_Scenario substituted 2 factor(s): ['CommodityPrice.PLATINUM_CME', 'ObservedBasis.PLATINUM_CME.LME_CME']
INFO PLAT_JUL29 liability scalars: total_leg_volume=2500.0 last_settlement_index=152
INFO PLAT_JUL29 utility_scale (symlog c) resolved to 443440.55
INFO PLAT_JUL29 DiffSolverV2 setup: n_hedge=3 active=[0, 1, 2] T_dec=123 (of 125 sim steps; last-live mtm=[-2]) B_outer=1 levels=9 fit_iters=60 lr=0.002 | contract_size=[50.0, 50.0, 50.0] | q∈[[-50.0, -50.0, -50.0], [0.0, 0.0, 0.0]] total_abs_limit=50
INFO PLAT_JUL29 DiffSolverV2 inner forks: one_step=True (window {t, t+1} generation+pricing)
INFO PLAT_JUL29 DiffSolverV2 bank IN Total_Position_Schedule (post-projection): residual frac(Σq outside corridor) min=0.000 mean=0.000 max=0.000 | worst t=0 corridor=[-50, -42.5] bank Σq∈[-42.5, -42.5] frac_oob=0.000 (≈0 ⇒ projection clean)
INFO PLAT_JUL29 DiffSolverV2 bank: market_dim=6 | swept W∈[-3.942e+04, 2.689e+05] mean=1.019e+05 std=7.998e+04 | q_rep(t=0)=[0.0, 0.0, 0.0]
INFO PLAT_JUL29 DiffV2_Load_Value_Fn: /home/vretiel/PycharmProjects/riskflow/artifacts/walk_forward/reval48_corridor/run_b015/value_fn_202011_garch_s7.pt trained corridor-free (widest wealth support); rolling under a Total_Position_Schedule only restricts to a learned subset — valid.
INFO PLAT_JUL29 DiffSolverV2 LOADED value fn from /home/vretiel/PycharmProjects/riskflow/artifacts/walk_forward/reval48_corridor/run_b015/value_fn_202011_garch_s7.pt (train V_0=-0.596601) | eval-world market drift vs train frame: max 1.13 σ | utility_scale 777389
INFO PLAT_JUL29 DiffV2_Load_Value_Fn: /home/vretiel/PycharmProjects/riskflow/artifacts/walk_forward/reval48_corridor/run_b015/value_fn_202011_garch_s42.pt trained corridor-free (widest wealth support); rolling under a Total_Position_Schedule only restricts to a learned subset — valid.
INFO PLAT_JUL29 DiffSolverV2 LOADED value fn from /home/vretiel/PycharmProjects/riskflow/artifacts/walk_forward/reval48_corridor/run_b015/value_fn_202011_garch_s42.pt (train V_0=-0.605756) | eval-world market drift vs train frame: max 1.1 σ | utility_scale 769160
INFO PLAT_JUL29 DiffV2_Load_Value_Fn: /home/vretiel/PycharmProjects/riskflow/artifacts/walk_forward/reval48_corridor/run_b015/value_fn_202011_garch_s314.pt trained corridor-free (widest wealth support); rolling under a Total_Position_Schedule only restricts to a learned subset — valid.
INFO PLAT_JUL29 DiffSolverV2 LOADED value fn from /home/vretiel/PycharmProjects/riskflow/artifacts/walk_forward/reval48_corridor/run_b015/value_fn_202011_garch_s314.pt (train V_0=-0.581889) | eval-world market drift vs train frame: max 1.2 σ | utility_scale 782451
WARNING PLAT_JUL29 DiffSolverV2 ensemble utility_scale spread 1.7% — members trained against different anchors; averaging is approximate
INFO PLAT_JUL29 DiffSolverV2 action grid: K=165 actions (levels=9 ^ active=3)
INFO PLAT_JUL29 DiffSolverV2 ENSEMBLE argmax over 3 value fns
INFO PLAT_JUL29 DiffSolverV2 STEPPER ROLLOUT (frozen policy, realized path, real accounting):
  greedy   wT=+8.5835e+04 p5=+8.5835e+04 cvar5=+8.5835e+04
  textbook wT=+2.1867e+05 p5=+2.1867e+05 cvar5=+2.1867e+05
  nohedge  wT=+8.8036e+05 p5=+8.8036e+05 cvar5=+8.8036e+05
INFO PLAT_JUL29 DiffSolverV2 VERDICT (OUT-OF-SAMPLE rollout t=0→T over 1 outer paths, start flat):
  policy    u(W_T)mean    W_T mean       W_T p5         W_T CVaR5
  greedy    +0.11005    +8.5438e+04   +8.5438e+04   +8.5438e+04
  textbook  +0.29236    +2.2697e+05   +2.2697e+05   +2.2697e+05
  nohedge   +1.13399    +8.8035e+05   +8.8035e+05   +8.8035e+05
  → on the OBJECTIVE E[u(W_T)]: beats no-hedge=False, beats textbook=False | tail(CVaR5) competitive w/ textbook=False
INFO PLAT_JUL29 DiffSolverV2 greedy positions: mean|q| per instrument=['25.71', '0.00', '13.21'] | q@t0=[-43.75, 0.0, 0.0] | q@mid=[-31.25, 0.0, -12.5] (textbook q@t0=[0.0, 0.0, 0.0])
INFO PLAT_JUL29 solve_hedge tracks: {'DiffSolverV2': -0.5966} | ladder holds=True
INFO PLAT_JUL29 JOB 202011 b0.15 DONE: greedy=34.33 nohedge=352.15 bound=685.55 PASS=True churn=150.0 breaches=0(worst=0)
INFO PLAT_JUL29 === JOB 202012 band=0.15 md=md_202010_garch.json trade_date=2020-12-01 (EVAL-ONLY re-roll) ===
INFO PLAT_JUL29 === TRAIN 202012 seed=7 SKIP (checkpoint exists) ===
INFO PLAT_JUL29 === TRAIN 202012 seed=42 SKIP (checkpoint exists) ===
INFO PLAT_JUL29 === TRAIN 202012 seed=314 SKIP (checkpoint exists) ===
INFO PLAT_JUL29 === ROLL 202012 (stepper, realized path, 3-seed ensemble, inner=512) ===
WARNING md_202010_garch Price Factor 'DiscountRate.USD-SOFR' not found in market data
INFO md_202010_garch Creating default Discount Factor(type='DiscountRate', name=('USD-SOFR',))
INFO PLAT_JUL29 Observed_Scenario substituted 2 factor(s): ['CommodityPrice.PLATINUM_CME', 'ObservedBasis.PLATINUM_CME.LME_CME']
INFO PLAT_JUL29 liability scalars: total_leg_volume=2500.0 last_settlement_index=154
INFO PLAT_JUL29 utility_scale (symlog c) resolved to 615988.24
INFO PLAT_JUL29 DiffSolverV2 setup: n_hedge=3 active=[0, 1, 2] T_dec=125 (of 127 sim steps; last-live mtm=[-2]) B_outer=1 levels=9 fit_iters=60 lr=0.002 | contract_size=[50.0, 50.0, 50.0] | q∈[[-50.0, -50.0, -50.0], [0.0, 0.0, 0.0]] total_abs_limit=50
INFO PLAT_JUL29 DiffSolverV2 inner forks: one_step=True (window {t, t+1} generation+pricing)
INFO PLAT_JUL29 DiffSolverV2 bank IN Total_Position_Schedule (post-projection): residual frac(Σq outside corridor) min=0.000 mean=0.000 max=0.000 | worst t=0 corridor=[-50, -42.5] bank Σq∈[-42.5, -42.5] frac_oob=0.000 (≈0 ⇒ projection clean)
INFO PLAT_JUL29 DiffSolverV2 bank: market_dim=6 | swept W∈[1759, 4.454e+05] mean=1.997e+05 std=1.145e+05 | q_rep(t=0)=[0.0, 0.0, 0.0]
INFO PLAT_JUL29 DiffV2_Load_Value_Fn: /home/vretiel/PycharmProjects/riskflow/artifacts/walk_forward/reval48_corridor/run_b015/value_fn_202012_garch_s7.pt trained corridor-free (widest wealth support); rolling under a Total_Position_Schedule only restricts to a learned subset — valid.
INFO PLAT_JUL29 DiffSolverV2 LOADED value fn from /home/vretiel/PycharmProjects/riskflow/artifacts/walk_forward/reval48_corridor/run_b015/value_fn_202012_garch_s7.pt (train V_0=-0.406526) | eval-world market drift vs train frame: max 1.09 σ | utility_scale 949781
INFO PLAT_JUL29 DiffV2_Load_Value_Fn: /home/vretiel/PycharmProjects/riskflow/artifacts/walk_forward/reval48_corridor/run_b015/value_fn_202012_garch_s42.pt trained corridor-free (widest wealth support); rolling under a Total_Position_Schedule only restricts to a learned subset — valid.
INFO PLAT_JUL29 DiffSolverV2 LOADED value fn from /home/vretiel/PycharmProjects/riskflow/artifacts/walk_forward/reval48_corridor/run_b015/value_fn_202012_garch_s42.pt (train V_0=-0.37644) | eval-world market drift vs train frame: max 1.08 σ | utility_scale 966948
INFO PLAT_JUL29 DiffV2_Load_Value_Fn: /home/vretiel/PycharmProjects/riskflow/artifacts/walk_forward/reval48_corridor/run_b015/value_fn_202012_garch_s314.pt trained corridor-free (widest wealth support); rolling under a Total_Position_Schedule only restricts to a learned subset — valid.
INFO PLAT_JUL29 DiffSolverV2 LOADED value fn from /home/vretiel/PycharmProjects/riskflow/artifacts/walk_forward/reval48_corridor/run_b015/value_fn_202012_garch_s314.pt (train V_0=-0.37531) | eval-world market drift vs train frame: max 1.17 σ | utility_scale 947607
WARNING PLAT_JUL29 DiffSolverV2 ensemble utility_scale spread 2% — members trained against different anchors; averaging is approximate
INFO PLAT_JUL29 DiffSolverV2 action grid: K=165 actions (levels=9 ^ active=3)
INFO PLAT_JUL29 DiffSolverV2 ENSEMBLE argmax over 3 value fns
INFO PLAT_JUL29 DiffSolverV2 STEPPER ROLLOUT (frozen policy, realized path, real accounting):
  greedy   wT=+1.0349e+05 p5=+1.0349e+05 cvar5=+1.0349e+05
  textbook wT=+2.3720e+05 p5=+2.3720e+05 cvar5=+2.3720e+05
  nohedge  wT=+5.3454e+05 p5=+5.3454e+05 cvar5=+5.3454e+05
INFO PLAT_JUL29 DiffSolverV2 VERDICT (OUT-OF-SAMPLE rollout t=0→T over 1 outer paths, start flat):
  policy    u(W_T)mean    W_T mean       W_T p5         W_T CVaR5
  greedy    +0.09073    +8.6625e+04   +8.6625e+04   +8.6625e+04
  textbook  +0.25038    +2.3906e+05   +2.3906e+05   +2.3906e+05
  nohedge   +0.55985    +5.3453e+05   +5.3453e+05   +5.3453e+05
  → on the OBJECTIVE E[u(W_T)]: beats no-hedge=False, beats textbook=False | tail(CVaR5) competitive w/ textbook=False
INFO PLAT_JUL29 DiffSolverV2 greedy positions: mean|q| per instrument=['0.50', '0.35', '40.05'] | q@t0=[0.0, 0.0, -43.75] | q@mid=[0.0, 0.0, -43.75] (textbook q@t0=[0.0, 0.0, 0.0])
INFO PLAT_JUL29 solve_hedge tracks: {'DiffSolverV2': -0.4065} | ladder holds=True
INFO PLAT_JUL29 JOB 202012 b0.15 DONE: greedy=41.4 nohedge=213.82 bound=708.43 PASS=True churn=112.5 breaches=0(worst=0)
INFO PLAT_JUL29 === JOB 202101 band=0.15 md=md_202101_garch.json trade_date=2021-01-01 (EVAL-ONLY re-roll) ===
INFO PLAT_JUL29 === TRAIN 202101 seed=7 SKIP (checkpoint exists) ===
INFO PLAT_JUL29 === TRAIN 202101 seed=42 SKIP (checkpoint exists) ===
INFO PLAT_JUL29 === TRAIN 202101 seed=314 SKIP (checkpoint exists) ===
INFO PLAT_JUL29 === ROLL 202101 (stepper, realized path, 3-seed ensemble, inner=512) ===
WARNING md_202101_garch Price Factor 'DiscountRate.USD-SOFR' not found in market data
INFO md_202101_garch Creating default Discount Factor(type='DiscountRate', name=('USD-SOFR',))
INFO PLAT_JUL29 Observed_Scenario substituted 2 factor(s): ['CommodityPrice.PLATINUM_CME', 'ObservedBasis.PLATINUM_CME.LME_CME']
INFO PLAT_JUL29 liability scalars: total_leg_volume=2500.0 last_settlement_index=153
INFO PLAT_JUL29 utility_scale (symlog c) resolved to 473752.76
INFO PLAT_JUL29 DiffSolverV2 setup: n_hedge=3 active=[0, 1, 2] T_dec=124 (of 126 sim steps; last-live mtm=[-2]) B_outer=1 levels=9 fit_iters=60 lr=0.002 | contract_size=[50.0, 50.0, 50.0] | q∈[[-50.0, -50.0, -50.0], [0.0, 0.0, 0.0]] total_abs_limit=50
INFO PLAT_JUL29 DiffSolverV2 inner forks: one_step=True (window {t, t+1} generation+pricing)
INFO PLAT_JUL29 DiffSolverV2 bank IN Total_Position_Schedule (post-projection): residual frac(Σq outside corridor) min=0.000 mean=0.000 max=0.000 | worst t=0 corridor=[-50, -42.5] bank Σq∈[-42.5, -42.5] frac_oob=0.000 (≈0 ⇒ projection clean)
INFO PLAT_JUL29 DiffSolverV2 bank: market_dim=6 | swept W∈[-6.657e+04, 2.911e+05] mean=9.77e+04 std=7.326e+04 | q_rep(t=0)=[0.0, 0.0, 0.0]
INFO PLAT_JUL29 DiffV2_Load_Value_Fn: /home/vretiel/PycharmProjects/riskflow/artifacts/walk_forward/reval48_corridor/run_b015/value_fn_202101_garch_s7.pt trained corridor-free (widest wealth support); rolling under a Total_Position_Schedule only restricts to a learned subset — valid.
INFO PLAT_JUL29 DiffSolverV2 LOADED value fn from /home/vretiel/PycharmProjects/riskflow/artifacts/walk_forward/reval48_corridor/run_b015/value_fn_202101_garch_s7.pt (train V_0=-0.589792) | eval-world market drift vs train frame: max 1.63 σ | utility_scale 784273
INFO PLAT_JUL29 DiffV2_Load_Value_Fn: /home/vretiel/PycharmProjects/riskflow/artifacts/walk_forward/reval48_corridor/run_b015/value_fn_202101_garch_s42.pt trained corridor-free (widest wealth support); rolling under a Total_Position_Schedule only restricts to a learned subset — valid.
INFO PLAT_JUL29 DiffSolverV2 LOADED value fn from /home/vretiel/PycharmProjects/riskflow/artifacts/walk_forward/reval48_corridor/run_b015/value_fn_202101_garch_s42.pt (train V_0=-0.529054) | eval-world market drift vs train frame: max 1.61 σ | utility_scale 816161
INFO PLAT_JUL29 DiffV2_Load_Value_Fn: /home/vretiel/PycharmProjects/riskflow/artifacts/walk_forward/reval48_corridor/run_b015/value_fn_202101_garch_s314.pt trained corridor-free (widest wealth support); rolling under a Total_Position_Schedule only restricts to a learned subset — valid.
INFO PLAT_JUL29 DiffSolverV2 LOADED value fn from /home/vretiel/PycharmProjects/riskflow/artifacts/walk_forward/reval48_corridor/run_b015/value_fn_202101_garch_s314.pt (train V_0=-0.5205) | eval-world market drift vs train frame: max 1.68 σ | utility_scale 797625
WARNING PLAT_JUL29 DiffSolverV2 ensemble utility_scale spread 3.91% — members trained against different anchors; averaging is approximate
INFO PLAT_JUL29 DiffSolverV2 action grid: K=165 actions (levels=9 ^ active=3)
INFO PLAT_JUL29 DiffSolverV2 ENSEMBLE argmax over 3 value fns
INFO PLAT_JUL29 DiffSolverV2 STEPPER ROLLOUT (frozen policy, realized path, real accounting):
  greedy   wT=+3.1445e+04 p5=+3.1445e+04 cvar5=+3.1445e+04
  textbook wT=+1.7865e+05 p5=+1.7865e+05 cvar5=+1.7865e+05
  nohedge  wT=+3.5514e+05 p5=+3.5514e+05 cvar5=+3.5514e+05
INFO PLAT_JUL29 DiffSolverV2 VERDICT (OUT-OF-SAMPLE rollout t=0→T over 1 outer paths, start flat):
  policy    u(W_T)mean    W_T mean       W_T p5         W_T CVaR5
  greedy    +0.04935    +3.9447e+04   +3.9447e+04   +3.9447e+04
  textbook  +0.21849    +1.7465e+05   +1.7465e+05   +1.7465e+05
  nohedge   +0.44427    +3.5513e+05   +3.5513e+05   +3.5513e+05
  → on the OBJECTIVE E[u(W_T)]: beats no-hedge=False, beats textbook=False | tail(CVaR5) competitive w/ textbook=False
INFO PLAT_JUL29 DiffSolverV2 greedy positions: mean|q| per instrument=['0.00', '2.82', '37.60'] | q@t0=[0.0, 0.0, -43.75] | q@mid=[0.0, 0.0, -50.0] (textbook q@t0=[0.0, 0.0, 0.0])
INFO PLAT_JUL29 solve_hedge tracks: {'DiffSolverV2': -0.5898} | ladder holds=True
INFO PLAT_JUL29 JOB 202101 b0.15 DONE: greedy=12.58 nohedge=142.05 bound=758.24 PASS=True churn=437.5 breaches=0(worst=0)
INFO PLAT_JUL29 === JOB 202102 band=0.15 md=md_202101_garch.json trade_date=2021-02-01 (EVAL-ONLY re-roll) ===
INFO PLAT_JUL29 === TRAIN 202102 seed=7 SKIP (checkpoint exists) ===
INFO PLAT_JUL29 === TRAIN 202102 seed=42 SKIP (checkpoint exists) ===
INFO PLAT_JUL29 === TRAIN 202102 seed=314 SKIP (checkpoint exists) ===
INFO PLAT_JUL29 === ROLL 202102 (stepper, realized path, 3-seed ensemble, inner=512) ===
WARNING md_202101_garch Price Factor 'DiscountRate.USD-SOFR' not found in market data
INFO md_202101_garch Creating default Discount Factor(type='DiscountRate', name=('USD-SOFR',))
INFO PLAT_JUL29 Observed_Scenario substituted 2 factor(s): ['CommodityPrice.PLATINUM_CME', 'ObservedBasis.PLATINUM_CME.LME_CME']
INFO PLAT_JUL29 liability scalars: total_leg_volume=2500.0 last_settlement_index=153
INFO PLAT_JUL29 utility_scale (symlog c) resolved to 830165.48
INFO PLAT_JUL29 DiffSolverV2 setup: n_hedge=3 active=[0, 1, 2] T_dec=124 (of 126 sim steps; last-live mtm=[-2]) B_outer=1 levels=9 fit_iters=60 lr=0.002 | contract_size=[50.0, 50.0, 50.0] | q∈[[-50.0, -50.0, -50.0], [0.0, 0.0, 0.0]] total_abs_limit=50
INFO PLAT_JUL29 DiffSolverV2 inner forks: one_step=True (window {t, t+1} generation+pricing)
INFO PLAT_JUL29 DiffSolverV2 bank IN Total_Position_Schedule (post-projection): residual frac(Σq outside corridor) min=0.000 mean=0.000 max=0.000 | worst t=0 corridor=[-50, -42.5] bank Σq∈[-42.5, -42.5] frac_oob=0.000 (≈0 ⇒ projection clean)
INFO PLAT_JUL29 DiffSolverV2 bank: market_dim=6 | swept W∈[-1.449e+04, 3.039e+05] mean=1.372e+05 std=6.02e+04 | q_rep(t=0)=[0.0, 0.0, 0.0]
INFO PLAT_JUL29 DiffV2_Load_Value_Fn: /home/vretiel/PycharmProjects/riskflow/artifacts/walk_forward/reval48_corridor/run_b015/value_fn_202102_garch_s7.pt trained corridor-free (widest wealth support); rolling under a Total_Position_Schedule only restricts to a learned subset — valid.
INFO PLAT_JUL29 DiffSolverV2 LOADED value fn from /home/vretiel/PycharmProjects/riskflow/artifacts/walk_forward/reval48_corridor/run_b015/value_fn_202102_garch_s7.pt (train V_0=-0.116078) | eval-world market drift vs train frame: max 1.1 σ | utility_scale 1.01344e+06
INFO PLAT_JUL29 DiffV2_Load_Value_Fn: /home/vretiel/PycharmProjects/riskflow/artifacts/walk_forward/reval48_corridor/run_b015/value_fn_202102_garch_s42.pt trained corridor-free (widest wealth support); rolling under a Total_Position_Schedule only restricts to a learned subset — valid.
INFO PLAT_JUL29 DiffSolverV2 LOADED value fn from /home/vretiel/PycharmProjects/riskflow/artifacts/walk_forward/reval48_corridor/run_b015/value_fn_202102_garch_s42.pt (train V_0=-0.0987985) | eval-world market drift vs train frame: max 1.08 σ | utility_scale 1.01619e+06
INFO PLAT_JUL29 DiffV2_Load_Value_Fn: /home/vretiel/PycharmProjects/riskflow/artifacts/walk_forward/reval48_corridor/run_b015/value_fn_202102_garch_s314.pt trained corridor-free (widest wealth support); rolling under a Total_Position_Schedule only restricts to a learned subset — valid.
INFO PLAT_JUL29 DiffSolverV2 LOADED value fn from /home/vretiel/PycharmProjects/riskflow/artifacts/walk_forward/reval48_corridor/run_b015/value_fn_202102_garch_s314.pt (train V_0=-0.0745433) | eval-world market drift vs train frame: max 1.15 σ | utility_scale 1.01611e+06
INFO PLAT_JUL29 DiffSolverV2 action grid: K=165 actions (levels=9 ^ active=3)
INFO PLAT_JUL29 DiffSolverV2 ENSEMBLE argmax over 3 value fns
INFO PLAT_JUL29 DiffSolverV2 STEPPER ROLLOUT (frozen policy, realized path, real accounting):
  greedy   wT=+1.7332e+05 p5=+1.7332e+05 cvar5=+1.7332e+05
  textbook wT=+1.4909e+05 p5=+1.4909e+05 cvar5=+1.4909e+05
  nohedge  wT=+3.0967e+05 p5=+3.0967e+05 cvar5=+3.0967e+05
INFO PLAT_JUL29 DiffSolverV2 VERDICT (OUT-OF-SAMPLE rollout t=0→T over 1 outer paths, start flat):
  policy    u(W_T)mean    W_T mean       W_T p5         W_T CVaR5
  greedy    +0.18740    +1.9026e+05   +1.9026e+05   +1.9026e+05
  textbook  +0.15523    +1.5760e+05   +1.5760e+05   +1.5760e+05
  nohedge   +0.30501    +3.0966e+05   +3.0966e+05   +3.0966e+05
  → on the OBJECTIVE E[u(W_T)]: beats no-hedge=False, beats textbook=True | tail(CVaR5) competitive w/ textbook=True
INFO PLAT_JUL29 DiffSolverV2 greedy positions: mean|q| per instrument=['31.05', '0.00', '12.10'] | q@t0=[-43.75, 0.0, 0.0] | q@mid=[-43.75, 0.0, -6.25] (textbook q@t0=[0.0, 0.0, 0.0])
INFO PLAT_JUL29 solve_hedge tracks: {'DiffSolverV2': -0.1161} | ladder holds=True
INFO PLAT_JUL29 JOB 202102 b0.15 DONE: greedy=69.33 nohedge=123.87 bound=765.09 PASS=True churn=137.5 breaches=0(worst=0)
INFO PLAT_JUL29 === JOB 202103 band=0.15 md=md_202101_garch.json trade_date=2021-03-01 (EVAL-ONLY re-roll) ===
INFO PLAT_JUL29 === TRAIN 202103 seed=7 SKIP (checkpoint exists) ===
INFO PLAT_JUL29 === TRAIN 202103 seed=42 SKIP (checkpoint exists) ===
INFO PLAT_JUL29 === TRAIN 202103 seed=314 SKIP (checkpoint exists) ===
INFO PLAT_JUL29 === ROLL 202103 (stepper, realized path, 3-seed ensemble, inner=512) ===
WARNING md_202101_garch Price Factor 'DiscountRate.USD-SOFR' not found in market data
INFO md_202101_garch Creating default Discount Factor(type='DiscountRate', name=('USD-SOFR',))
INFO PLAT_JUL29 Observed_Scenario substituted 2 factor(s): ['CommodityPrice.PLATINUM_CME', 'ObservedBasis.PLATINUM_CME.LME_CME']
INFO PLAT_JUL29 liability scalars: total_leg_volume=2500.0 last_settlement_index=155
INFO PLAT_JUL29 utility_scale (symlog c) resolved to 867411.48
INFO PLAT_JUL29 DiffSolverV2 setup: n_hedge=3 active=[0, 1, 2] T_dec=126 (of 128 sim steps; last-live mtm=[-2]) B_outer=1 levels=9 fit_iters=60 lr=0.002 | contract_size=[50.0, 50.0, 50.0] | q∈[[-50.0, -50.0, -50.0], [0.0, 0.0, 0.0]] total_abs_limit=50
INFO PLAT_JUL29 DiffSolverV2 inner forks: one_step=True (window {t, t+1} generation+pricing)
INFO PLAT_JUL29 DiffSolverV2 bank IN Total_Position_Schedule (post-projection): residual frac(Σq outside corridor) min=0.000 mean=0.000 max=0.000 | worst t=0 corridor=[-50, -42.5] bank Σq∈[-42.5, -42.5] frac_oob=0.000 (≈0 ⇒ projection clean)
INFO PLAT_JUL29 DiffSolverV2 bank: market_dim=6 | swept W∈[-1.297e+05, 1.125e+05] mean=-2.802e+04 std=4.562e+04 | q_rep(t=0)=[0.0, 0.0, 0.0]
INFO PLAT_JUL29 DiffV2_Load_Value_Fn: /home/vretiel/PycharmProjects/riskflow/artifacts/walk_forward/reval48_corridor/run_b015/value_fn_202103_garch_s7.pt trained corridor-free (widest wealth support); rolling under a Total_Position_Schedule only restricts to a learned subset — valid.
INFO PLAT_JUL29 DiffSolverV2 LOADED value fn from /home/vretiel/PycharmProjects/riskflow/artifacts/walk_forward/reval48_corridor/run_b015/value_fn_202103_garch_s7.pt (train V_0=-0.50467) | eval-world market drift vs train frame: max 0.815 σ | utility_scale 1.11933e+06
INFO PLAT_JUL29 DiffV2_Load_Value_Fn: /home/vretiel/PycharmProjects/riskflow/artifacts/walk_forward/reval48_corridor/run_b015/value_fn_202103_garch_s42.pt trained corridor-free (widest wealth support); rolling under a Total_Position_Schedule only restricts to a learned subset — valid.
INFO PLAT_JUL29 DiffSolverV2 LOADED value fn from /home/vretiel/PycharmProjects/riskflow/artifacts/walk_forward/reval48_corridor/run_b015/value_fn_202103_garch_s42.pt (train V_0=-0.472938) | eval-world market drift vs train frame: max 0.789 σ | utility_scale 1.11649e+06
INFO PLAT_JUL29 DiffV2_Load_Value_Fn: /home/vretiel/PycharmProjects/riskflow/artifacts/walk_forward/reval48_corridor/run_b015/value_fn_202103_garch_s314.pt trained corridor-free (widest wealth support); rolling under a Total_Position_Schedule only restricts to a learned subset — valid.
INFO PLAT_JUL29 DiffSolverV2 LOADED value fn from /home/vretiel/PycharmProjects/riskflow/artifacts/walk_forward/reval48_corridor/run_b015/value_fn_202103_garch_s314.pt (train V_0=-0.46716) | eval-world market drift vs train frame: max 0.865 σ | utility_scale 1.13436e+06
WARNING PLAT_JUL29 DiffSolverV2 ensemble utility_scale spread 1.58% — members trained against different anchors; averaging is approximate
INFO PLAT_JUL29 DiffSolverV2 action grid: K=165 actions (levels=9 ^ active=3)
INFO PLAT_JUL29 DiffSolverV2 ENSEMBLE argmax over 3 value fns
INFO PLAT_JUL29 DiffSolverV2 STEPPER ROLLOUT (frozen policy, realized path, real accounting):
  greedy   wT=+3.2463e+04 p5=+3.2463e+04 cvar5=+3.2463e+04
  textbook wT=-8.6579e+04 p5=-8.6579e+04 cvar5=-8.6579e+04
  nohedge  wT=-1.8294e+05 p5=-1.8294e+05 cvar5=-1.8294e+05
INFO PLAT_JUL29 DiffSolverV2 VERDICT (OUT-OF-SAMPLE rollout t=0→T over 1 outer paths, start flat):
  policy    u(W_T)mean    W_T mean       W_T p5         W_T CVaR5
  greedy    +0.04560    +5.1228e+04   +5.1228e+04   +5.1228e+04
  textbook  -0.11351    -8.7047e+04   -8.7047e+04   -8.7047e+04
  nohedge   -0.32198    -1.8295e+05   -1.8295e+05   -1.8295e+05
  → on the OBJECTIVE E[u(W_T)]: beats no-hedge=True, beats textbook=True | tail(CVaR5) competitive w/ textbook=True
INFO PLAT_JUL29 DiffSolverV2 greedy positions: mean|q| per instrument=['0.00', '0.00', '39.58'] | q@t0=[0.0, 0.0, -43.75] | q@mid=[0.0, 0.0, -43.75] (textbook q@t0=[0.0, 0.0, 0.0])
INFO PLAT_JUL29 solve_hedge tracks: {'DiffSolverV2': -0.5047} | ladder holds=True
INFO PLAT_JUL29 JOB 202103 b0.15 DONE: greedy=12.99 nohedge=-73.18 bound=751.02 PASS=True churn=75.0 breaches=0(worst=0)
INFO PLAT_JUL29 === JOB 202104 band=0.15 md=md_202104_garch.json trade_date=2021-04-01 (EVAL-ONLY re-roll) ===
INFO PLAT_JUL29 === TRAIN 202104 seed=7 SKIP (checkpoint exists) ===
INFO PLAT_JUL29 === TRAIN 202104 seed=42 SKIP (checkpoint exists) ===
INFO PLAT_JUL29 === TRAIN 202104 seed=314 SKIP (checkpoint exists) ===
INFO PLAT_JUL29 === ROLL 202104 (stepper, realized path, 3-seed ensemble, inner=512) ===
WARNING md_202104_garch Price Factor 'DiscountRate.USD-SOFR' not found in market data
INFO md_202104_garch Creating default Discount Factor(type='DiscountRate', name=('USD-SOFR',))
INFO PLAT_JUL29 Observed_Scenario substituted 2 factor(s): ['CommodityPrice.PLATINUM_CME', 'ObservedBasis.PLATINUM_CME.LME_CME']
INFO PLAT_JUL29 liability scalars: total_leg_volume=2500.0 last_settlement_index=155
INFO PLAT_JUL29 utility_scale (symlog c) resolved to 610651.62
INFO PLAT_JUL29 DiffSolverV2 setup: n_hedge=3 active=[0, 1, 2] T_dec=126 (of 128 sim steps; last-live mtm=[-2]) B_outer=1 levels=9 fit_iters=60 lr=0.002 | contract_size=[50.0, 50.0, 50.0] | q∈[[-50.0, -50.0, -50.0], [0.0, 0.0, 0.0]] total_abs_limit=50
INFO PLAT_JUL29 DiffSolverV2 inner forks: one_step=True (window {t, t+1} generation+pricing)
INFO PLAT_JUL29 DiffSolverV2 bank IN Total_Position_Schedule (post-projection): residual frac(Σq outside corridor) min=0.000 mean=0.000 max=0.000 | worst t=0 corridor=[-50, -42.5] bank Σq∈[-42.5, -42.5] frac_oob=0.000 (≈0 ⇒ projection clean)
INFO PLAT_JUL29 DiffSolverV2 bank: market_dim=6 | swept W∈[-1.09e+05, 2.108e+05] mean=5.795e+04 std=6.181e+04 | q_rep(t=0)=[0.0, 0.0, 0.0]
INFO PLAT_JUL29 DiffV2_Load_Value_Fn: /home/vretiel/PycharmProjects/riskflow/artifacts/walk_forward/reval48_corridor/run_b015/value_fn_202104_garch_s7.pt trained corridor-free (widest wealth support); rolling under a Total_Position_Schedule only restricts to a learned subset — valid.
INFO PLAT_JUL29 DiffSolverV2 LOADED value fn from /home/vretiel/PycharmProjects/riskflow/artifacts/walk_forward/reval48_corridor/run_b015/value_fn_202104_garch_s7.pt (train V_0=-0.445937) | eval-world market drift vs train frame: max 0.519 σ | utility_scale 1.00147e+06
INFO PLAT_JUL29 DiffV2_Load_Value_Fn: /home/vretiel/PycharmProjects/riskflow/artifacts/walk_forward/reval48_corridor/run_b015/value_fn_202104_garch_s42.pt trained corridor-free (widest wealth support); rolling under a Total_Position_Schedule only restricts to a learned subset — valid.
INFO PLAT_JUL29 DiffSolverV2 LOADED value fn from /home/vretiel/PycharmProjects/riskflow/artifacts/walk_forward/reval48_corridor/run_b015/value_fn_202104_garch_s42.pt (train V_0=-0.403638) | eval-world market drift vs train frame: max 0.498 σ | utility_scale 998573
INFO PLAT_JUL29 DiffV2_Load_Value_Fn: /home/vretiel/PycharmProjects/riskflow/artifacts/walk_forward/reval48_corridor/run_b015/value_fn_202104_garch_s314.pt trained corridor-free (widest wealth support); rolling under a Total_Position_Schedule only restricts to a learned subset — valid.
INFO PLAT_JUL29 DiffSolverV2 LOADED value fn from /home/vretiel/PycharmProjects/riskflow/artifacts/walk_forward/reval48_corridor/run_b015/value_fn_202104_garch_s314.pt (train V_0=-0.392288) | eval-world market drift vs train frame: max 0.574 σ | utility_scale 1.01993e+06
WARNING PLAT_JUL29 DiffSolverV2 ensemble utility_scale spread 2.09% — members trained against different anchors; averaging is approximate
INFO PLAT_JUL29 DiffSolverV2 action grid: K=165 actions (levels=9 ^ active=3)
INFO PLAT_JUL29 DiffSolverV2 ENSEMBLE argmax over 3 value fns
INFO PLAT_JUL29 DiffSolverV2 STEPPER ROLLOUT (frozen policy, realized path, real accounting):
  greedy   wT=+1.1967e+05 p5=+1.1967e+05 cvar5=+1.1967e+05
  textbook wT=-4.1829e+04 p5=-4.1829e+04 cvar5=-4.1829e+04
  nohedge  wT=-2.1109e+05 p5=-2.1109e+05 cvar5=-2.1109e+05
INFO PLAT_JUL29 DiffSolverV2 VERDICT (OUT-OF-SAMPLE rollout t=0→T over 1 outer paths, start flat):
  policy    u(W_T)mean    W_T mean       W_T p5         W_T CVaR5
  greedy    +0.11407    +1.1483e+05   +1.1483e+05   +1.1483e+05
  textbook  -0.04565    -3.7551e+04   -3.7551e+04   -3.7551e+04
  nohedge   -0.47353    -2.1109e+05   -2.1109e+05   -2.1109e+05
  → on the OBJECTIVE E[u(W_T)]: beats no-hedge=True, beats textbook=True | tail(CVaR5) competitive w/ textbook=True
INFO PLAT_JUL29 DiffSolverV2 greedy positions: mean|q| per instrument=['0.89', '10.17', '29.71'] | q@t0=[0.0, 0.0, -43.75] | q@mid=[0.0, 0.0, -50.0] (textbook q@t0=[0.0, 0.0, 0.0])
INFO PLAT_JUL29 solve_hedge tracks: {'DiffSolverV2': -0.4459} | ladder holds=True
INFO PLAT_JUL29 JOB 202104 b0.15 DONE: greedy=47.87 nohedge=-84.43 bound=765.31 PASS=True churn=381.2 breaches=0(worst=0)
INFO PLAT_JUL29 === JOB 202105 band=0.15 md=md_202104_garch.json trade_date=2021-05-03 (EVAL-ONLY re-roll) ===
INFO PLAT_JUL29 === TRAIN 202105 seed=7 SKIP (checkpoint exists) ===
INFO PLAT_JUL29 === TRAIN 202105 seed=42 SKIP (checkpoint exists) ===
INFO PLAT_JUL29 === TRAIN 202105 seed=314 SKIP (checkpoint exists) ===
INFO PLAT_JUL29 === ROLL 202105 (stepper, realized path, 3-seed ensemble, inner=512) ===
WARNING md_202104_garch Price Factor 'DiscountRate.USD-SOFR' not found in market data
INFO md_202104_garch Creating default Discount Factor(type='DiscountRate', name=('USD-SOFR',))
INFO PLAT_JUL29 Observed_Scenario substituted 2 factor(s): ['CommodityPrice.PLATINUM_CME', 'ObservedBasis.PLATINUM_CME.LME_CME']
INFO PLAT_JUL29 liability scalars: total_leg_volume=2500.0 last_settlement_index=154
INFO PLAT_JUL29 utility_scale (symlog c) resolved to 628848.82
INFO PLAT_JUL29 DiffSolverV2 setup: n_hedge=3 active=[0, 1, 2] T_dec=125 (of 127 sim steps; last-live mtm=[-2]) B_outer=1 levels=9 fit_iters=60 lr=0.002 | contract_size=[50.0, 50.0, 50.0] | q∈[[-50.0, -50.0, -50.0], [0.0, 0.0, 0.0]] total_abs_limit=50
INFO PLAT_JUL29 DiffSolverV2 inner forks: one_step=True (window {t, t+1} generation+pricing)
INFO PLAT_JUL29 DiffSolverV2 bank IN Total_Position_Schedule (post-projection): residual frac(Σq outside corridor) min=0.000 mean=0.000 max=0.000 | worst t=0 corridor=[-50, -42.5] bank Σq∈[-42.5, -42.5] frac_oob=0.000 (≈0 ⇒ projection clean)
INFO PLAT_JUL29 DiffSolverV2 bank: market_dim=6 | swept W∈[-7.257e+04, 2.333e+05] mean=2.693e+04 std=5.693e+04 | q_rep(t=0)=[0.0, 0.0, 0.0]
INFO PLAT_JUL29 DiffV2_Load_Value_Fn: /home/vretiel/PycharmProjects/riskflow/artifacts/walk_forward/reval48_corridor/run_b015/value_fn_202105_garch_s7.pt trained corridor-free (widest wealth support); rolling under a Total_Position_Schedule only restricts to a learned subset — valid.
INFO PLAT_JUL29 DiffSolverV2 LOADED value fn from /home/vretiel/PycharmProjects/riskflow/artifacts/walk_forward/reval48_corridor/run_b015/value_fn_202105_garch_s7.pt (train V_0=-0.507902) | eval-world market drift vs train frame: max 0.605 σ | utility_scale 1.0223e+06
INFO PLAT_JUL29 DiffV2_Load_Value_Fn: /home/vretiel/PycharmProjects/riskflow/artifacts/walk_forward/reval48_corridor/run_b015/value_fn_202105_garch_s42.pt trained corridor-free (widest wealth support); rolling under a Total_Position_Schedule only restricts to a learned subset — valid.
INFO PLAT_JUL29 DiffSolverV2 LOADED value fn from /home/vretiel/PycharmProjects/riskflow/artifacts/walk_forward/reval48_corridor/run_b015/value_fn_202105_garch_s42.pt (train V_0=-0.480186) | eval-world market drift vs train frame: max 0.599 σ | utility_scale 1.02697e+06
INFO PLAT_JUL29 DiffV2_Load_Value_Fn: /home/vretiel/PycharmProjects/riskflow/artifacts/walk_forward/reval48_corridor/run_b015/value_fn_202105_garch_s314.pt trained corridor-free (widest wealth support); rolling under a Total_Position_Schedule only restricts to a learned subset — valid.
INFO PLAT_JUL29 DiffSolverV2 LOADED value fn from /home/vretiel/PycharmProjects/riskflow/artifacts/walk_forward/reval48_corridor/run_b015/value_fn_202105_garch_s314.pt (train V_0=-0.465193) | eval-world market drift vs train frame: max 0.685 σ | utility_scale 1.028e+06
INFO PLAT_JUL29 DiffSolverV2 action grid: K=165 actions (levels=9 ^ active=3)
INFO PLAT_JUL29 DiffSolverV2 ENSEMBLE argmax over 3 value fns
INFO PLAT_JUL29 DiffSolverV2 STEPPER ROLLOUT (frozen policy, realized path, real accounting):
  greedy   wT=+6.4977e+03 p5=+6.4977e+03 cvar5=+6.4977e+03
  textbook wT=-4.0623e+04 p5=-4.0623e+04 cvar5=-4.0623e+04
  nohedge  wT=-4.9538e+05 p5=-4.9538e+05 cvar5=-4.9538e+05
INFO PLAT_JUL29 DiffSolverV2 VERDICT (OUT-OF-SAMPLE rollout t=0→T over 1 outer paths, start flat):
  policy    u(W_T)mean    W_T mean       W_T p5         W_T CVaR5
  greedy    -0.00990    -9.6160e+03   -9.6160e+03   -9.6160e+03
  textbook  -0.03855    -3.3124e+04   -3.3124e+04   -3.3124e+04
  nohedge   -1.88236    -4.9538e+05   -4.9538e+05   -4.9538e+05
  → on the OBJECTIVE E[u(W_T)]: beats no-hedge=True, beats textbook=True | tail(CVaR5) competitive w/ textbook=True
INFO PLAT_JUL29 DiffSolverV2 greedy positions: mean|q| per instrument=['0.00', '0.00', '38.55'] | q@t0=[0.0, 0.0, -43.75] | q@mid=[0.0, 0.0, -43.75] (textbook q@t0=[0.0, 0.0, 0.0])
INFO PLAT_JUL29 solve_hedge tracks: {'DiffSolverV2': -0.5079} | ladder holds=True
INFO PLAT_JUL29 JOB 202105 b0.15 DONE: greedy=2.6 nohedge=-198.15 bound=768.28 PASS=True churn=50.0 breaches=0(worst=0)
INFO PLAT_JUL29 === JOB 202106 band=0.15 md=md_202104_garch.json trade_date=2021-06-01 (EVAL-ONLY re-roll) ===
INFO PLAT_JUL29 === TRAIN 202106 seed=7 SKIP (checkpoint exists) ===
INFO PLAT_JUL29 === TRAIN 202106 seed=42 SKIP (checkpoint exists) ===
INFO PLAT_JUL29 === TRAIN 202106 seed=314 SKIP (checkpoint exists) ===
INFO PLAT_JUL29 === ROLL 202106 (stepper, realized path, 3-seed ensemble, inner=512) ===
WARNING md_202104_garch Price Factor 'DiscountRate.USD-SOFR' not found in market data
INFO md_202104_garch Creating default Discount Factor(type='DiscountRate', name=('USD-SOFR',))
INFO PLAT_JUL29 Observed_Scenario substituted 2 factor(s): ['CommodityPrice.PLATINUM_CME', 'ObservedBasis.PLATINUM_CME.LME_CME']
INFO PLAT_JUL29 liability scalars: total_leg_volume=2500.0 last_settlement_index=155
INFO PLAT_JUL29 utility_scale (symlog c) resolved to 492121.19
INFO PLAT_JUL29 DiffSolverV2 setup: n_hedge=3 active=[0, 1, 2] T_dec=126 (of 128 sim steps; last-live mtm=[-2]) B_outer=1 levels=9 fit_iters=60 lr=0.002 | contract_size=[50.0, 50.0, 50.0] | q∈[[-50.0, -50.0, -50.0], [0.0, 0.0, 0.0]] total_abs_limit=50
INFO PLAT_JUL29 DiffSolverV2 inner forks: one_step=True (window {t, t+1} generation+pricing)
INFO PLAT_JUL29 DiffSolverV2 bank IN Total_Position_Schedule (post-projection): residual frac(Σq outside corridor) min=0.000 mean=0.000 max=0.000 | worst t=0 corridor=[-50, -42.5] bank Σq∈[-42.5, -42.5] frac_oob=0.000 (≈0 ⇒ projection clean)
INFO PLAT_JUL29 DiffSolverV2 bank: market_dim=6 | swept W∈[-1.021e+05, 2.606e+05] mean=1.715e+04 std=6.756e+04 | q_rep(t=0)=[0.0, 0.0, 0.0]
INFO PLAT_JUL29 DiffV2_Load_Value_Fn: /home/vretiel/PycharmProjects/riskflow/artifacts/walk_forward/reval48_corridor/run_b015/value_fn_202106_garch_s7.pt trained corridor-free (widest wealth support); rolling under a Total_Position_Schedule only restricts to a learned subset — valid.
INFO PLAT_JUL29 DiffSolverV2 LOADED value fn from /home/vretiel/PycharmProjects/riskflow/artifacts/walk_forward/reval48_corridor/run_b015/value_fn_202106_garch_s7.pt (train V_0=-0.552244) | eval-world market drift vs train frame: max 0.892 σ | utility_scale 932308
INFO PLAT_JUL29 DiffV2_Load_Value_Fn: /home/vretiel/PycharmProjects/riskflow/artifacts/walk_forward/reval48_corridor/run_b015/value_fn_202106_garch_s42.pt trained corridor-free (widest wealth support); rolling under a Total_Position_Schedule only restricts to a learned subset — valid.
INFO PLAT_JUL29 DiffSolverV2 LOADED value fn from /home/vretiel/PycharmProjects/riskflow/artifacts/walk_forward/reval48_corridor/run_b015/value_fn_202106_garch_s42.pt (train V_0=-0.504561) | eval-world market drift vs train frame: max 0.855 σ | utility_scale 929158
INFO PLAT_JUL29 DiffV2_Load_Value_Fn: /home/vretiel/PycharmProjects/riskflow/artifacts/walk_forward/reval48_corridor/run_b015/value_fn_202106_garch_s314.pt trained corridor-free (widest wealth support); rolling under a Total_Position_Schedule only restricts to a learned subset — valid.
INFO PLAT_JUL29 DiffSolverV2 LOADED value fn from /home/vretiel/PycharmProjects/riskflow/artifacts/walk_forward/reval48_corridor/run_b015/value_fn_202106_garch_s314.pt (train V_0=-0.492335) | eval-world market drift vs train frame: max 0.946 σ | utility_scale 952539
WARNING PLAT_JUL29 DiffSolverV2 ensemble utility_scale spread 2.45% — members trained against different anchors; averaging is approximate
INFO PLAT_JUL29 DiffSolverV2 action grid: K=165 actions (levels=9 ^ active=3)
INFO PLAT_JUL29 DiffSolverV2 ENSEMBLE argmax over 3 value fns
INFO PLAT_JUL29 DiffSolverV2 STEPPER ROLLOUT (frozen policy, realized path, real accounting):
  greedy   wT=+7.4717e+04 p5=+7.4717e+04 cvar5=+7.4717e+04
  textbook wT=-5.3227e+04 p5=-5.3227e+04 cvar5=-5.3227e+04
  nohedge  wT=-4.9020e+05 p5=-4.9020e+05 cvar5=-4.9020e+05
INFO PLAT_JUL29 DiffSolverV2 VERDICT (OUT-OF-SAMPLE rollout t=0→T over 1 outer paths, start flat):
  policy    u(W_T)mean    W_T mean       W_T p5         W_T CVaR5
  greedy    +0.08506    +7.9786e+04   +7.9786e+04   +7.9786e+04
  textbook  -0.06960    -4.9571e+04   -4.9571e+04   -4.9571e+04
  nohedge   -2.16132    -4.9021e+05   -4.9021e+05   -4.9021e+05
  → on the OBJECTIVE E[u(W_T)]: beats no-hedge=True, beats textbook=True | tail(CVaR5) competitive w/ textbook=True
INFO PLAT_JUL29 DiffSolverV2 greedy positions: mean|q| per instrument=['0.00', '0.00', '40.08'] | q@t0=[0.0, 0.0, -43.75] | q@mid=[0.0, 0.0, -50.0] (textbook q@t0=[0.0, 0.0, 0.0])
INFO PLAT_JUL29 solve_hedge tracks: {'DiffSolverV2': -0.5522} | ladder holds=True
INFO PLAT_JUL29 JOB 202106 b0.15 DONE: greedy=29.89 nohedge=-196.08 bound=808.98 PASS=True churn=93.8 breaches=0(worst=0)
INFO PLAT_JUL29 === JOB 202107 band=0.15 md=md_202107_garch.json trade_date=2021-07-01 (EVAL-ONLY re-roll) ===
INFO PLAT_JUL29 === TRAIN 202107 seed=7 SKIP (checkpoint exists) ===
INFO PLAT_JUL29 === TRAIN 202107 seed=42 SKIP (checkpoint exists) ===
INFO PLAT_JUL29 === TRAIN 202107 seed=314 SKIP (checkpoint exists) ===
INFO PLAT_JUL29 === ROLL 202107 (stepper, realized path, 3-seed ensemble, inner=512) ===
WARNING md_202107_garch Price Factor 'DiscountRate.USD-SOFR' not found in market data
INFO md_202107_garch Creating default Discount Factor(type='DiscountRate', name=('USD-SOFR',))
INFO PLAT_JUL29 Observed_Scenario substituted 2 factor(s): ['CommodityPrice.PLATINUM_CME', 'ObservedBasis.PLATINUM_CME.LME_CME']
INFO PLAT_JUL29 liability scalars: total_leg_volume=2500.0 last_settlement_index=156
INFO PLAT_JUL29 utility_scale (symlog c) resolved to 690222.66
INFO PLAT_JUL29 DiffSolverV2 setup: n_hedge=3 active=[0, 1, 2] T_dec=127 (of 129 sim steps; last-live mtm=[-2]) B_outer=1 levels=9 fit_iters=60 lr=0.002 | contract_size=[50.0, 50.0, 50.0] | q∈[[-50.0, -50.0, -50.0], [0.0, 0.0, 0.0]] total_abs_limit=50
INFO PLAT_JUL29 DiffSolverV2 inner forks: one_step=True (window {t, t+1} generation+pricing)
INFO PLAT_JUL29 DiffSolverV2 bank IN Total_Position_Schedule (post-projection): residual frac(Σq outside corridor) min=0.000 mean=0.000 max=0.000 | worst t=0 corridor=[-50, -42.5] bank Σq∈[-42.5, -42.5] frac_oob=0.000 (≈0 ⇒ projection clean)
INFO PLAT_JUL29 DiffSolverV2 bank: market_dim=6 | swept W∈[-1.7e+05, 2.352e+05] mean=2.701e+04 std=6.465e+04 | q_rep(t=0)=[0.0, 0.0, 0.0]
INFO PLAT_JUL29 DiffV2_Load_Value_Fn: /home/vretiel/PycharmProjects/riskflow/artifacts/walk_forward/reval48_corridor/run_b015/value_fn_202107_garch_s7.pt trained corridor-free (widest wealth support); rolling under a Total_Position_Schedule only restricts to a learned subset — valid.
INFO PLAT_JUL29 DiffSolverV2 LOADED value fn from /home/vretiel/PycharmProjects/riskflow/artifacts/walk_forward/reval48_corridor/run_b015/value_fn_202107_garch_s7.pt (train V_0=-0.399164) | eval-world market drift vs train frame: max 0.682 σ | utility_scale 990225
INFO PLAT_JUL29 DiffV2_Load_Value_Fn: /home/vretiel/PycharmProjects/riskflow/artifacts/walk_forward/reval48_corridor/run_b015/value_fn_202107_garch_s42.pt trained corridor-free (widest wealth support); rolling under a Total_Position_Schedule only restricts to a learned subset — valid.
INFO PLAT_JUL29 DiffSolverV2 LOADED value fn from /home/vretiel/PycharmProjects/riskflow/artifacts/walk_forward/reval48_corridor/run_b015/value_fn_202107_garch_s42.pt (train V_0=-0.362962) | eval-world market drift vs train frame: max 0.731 σ | utility_scale 980682
INFO PLAT_JUL29 DiffV2_Load_Value_Fn: /home/vretiel/PycharmProjects/riskflow/artifacts/walk_forward/reval48_corridor/run_b015/value_fn_202107_garch_s314.pt trained corridor-free (widest wealth support); rolling under a Total_Position_Schedule only restricts to a learned subset — valid.
INFO PLAT_JUL29 DiffSolverV2 LOADED value fn from /home/vretiel/PycharmProjects/riskflow/artifacts/walk_forward/reval48_corridor/run_b015/value_fn_202107_garch_s314.pt (train V_0=-0.310664) | eval-world market drift vs train frame: max 0.774 σ | utility_scale 1.03345e+06
WARNING PLAT_JUL29 DiffSolverV2 ensemble utility_scale spread 5.11% — members trained against different anchors; averaging is approximate
INFO PLAT_JUL29 DiffSolverV2 action grid: K=165 actions (levels=9 ^ active=3)
INFO PLAT_JUL29 DiffSolverV2 ENSEMBLE argmax over 3 value fns
INFO PLAT_JUL29 DiffSolverV2 STEPPER ROLLOUT (frozen policy, realized path, real accounting):
  greedy   wT=+3.6583e+04 p5=+3.6583e+04 cvar5=+3.6583e+04
  textbook wT=+1.6065e+04 p5=+1.6065e+04 cvar5=+1.6065e+04
  nohedge  wT=-8.9029e+04 p5=-8.9029e+04 cvar5=-8.9029e+04
INFO PLAT_JUL29 DiffSolverV2 VERDICT (OUT-OF-SAMPLE rollout t=0→T over 1 outer paths, start flat):
  policy    u(W_T)mean    W_T mean       W_T p5         W_T CVaR5
  greedy    +0.04412    +4.4188e+04   +4.4188e+04   +4.4188e+04
  textbook  +0.01725    +1.7277e+04   +1.7277e+04   +1.7277e+04
  nohedge   -0.13633    -8.9032e+04   -8.9032e+04   -8.9032e+04
  → on the OBJECTIVE E[u(W_T)]: beats no-hedge=True, beats textbook=True | tail(CVaR5) competitive w/ textbook=True
INFO PLAT_JUL29 DiffSolverV2 greedy positions: mean|q| per instrument=['0.00', '2.41', '38.48'] | q@t0=[0.0, 0.0, -43.75] | q@mid=[0.0, 0.0, -50.0] (textbook q@t0=[0.0, 0.0, 0.0])
INFO PLAT_JUL29 solve_hedge tracks: {'DiffSolverV2': -0.3992} | ladder holds=True
INFO PLAT_JUL29 JOB 202107 b0.15 DONE: greedy=14.63 nohedge=-35.61 bound=691.04 PASS=True churn=431.2 breaches=0(worst=0)
INFO PLAT_JUL29 === JOB 202108 band=0.15 md=md_202107_garch.json trade_date=2021-08-02 (EVAL-ONLY re-roll) ===
INFO PLAT_JUL29 === TRAIN 202108 seed=7 SKIP (checkpoint exists) ===
INFO PLAT_JUL29 === TRAIN 202108 seed=42 SKIP (checkpoint exists) ===
INFO PLAT_JUL29 === TRAIN 202108 seed=314 SKIP (checkpoint exists) ===
INFO PLAT_JUL29 === ROLL 202108 (stepper, realized path, 3-seed ensemble, inner=512) ===
WARNING md_202107_garch Price Factor 'DiscountRate.USD-SOFR' not found in market data
INFO md_202107_garch Creating default Discount Factor(type='DiscountRate', name=('USD-SOFR',))
INFO PLAT_JUL29 Observed_Scenario substituted 2 factor(s): ['CommodityPrice.PLATINUM_CME', 'ObservedBasis.PLATINUM_CME.LME_CME']
INFO PLAT_JUL29 liability scalars: total_leg_volume=2500.0 last_settlement_index=154
INFO PLAT_JUL29 utility_scale (symlog c) resolved to 487180.76
INFO PLAT_JUL29 DiffSolverV2 setup: n_hedge=3 active=[0, 1, 2] T_dec=125 (of 127 sim steps; last-live mtm=[-2]) B_outer=1 levels=9 fit_iters=60 lr=0.002 | contract_size=[50.0, 50.0, 50.0] | q∈[[-50.0, -50.0, -50.0], [0.0, 0.0, 0.0]] total_abs_limit=50
INFO PLAT_JUL29 DiffSolverV2 inner forks: one_step=True (window {t, t+1} generation+pricing)
INFO PLAT_JUL29 DiffSolverV2 bank IN Total_Position_Schedule (post-projection): residual frac(Σq outside corridor) min=0.000 mean=0.000 max=0.000 | worst t=0 corridor=[-50, -42.5] bank Σq∈[-42.5, -42.5] frac_oob=0.000 (≈0 ⇒ projection clean)
INFO PLAT_JUL29 DiffSolverV2 bank: market_dim=6 | swept W∈[-1.657e+05, 1.274e+05] mean=2.208e+04 std=5.11e+04 | q_rep(t=0)=[0.0, 0.0, 0.0]
INFO PLAT_JUL29 DiffV2_Load_Value_Fn: /home/vretiel/PycharmProjects/riskflow/artifacts/walk_forward/reval48_corridor/run_b015/value_fn_202108_garch_s7.pt trained corridor-free (widest wealth support); rolling under a Total_Position_Schedule only restricts to a learned subset — valid.
INFO PLAT_JUL29 DiffSolverV2 LOADED value fn from /home/vretiel/PycharmProjects/riskflow/artifacts/walk_forward/reval48_corridor/run_b015/value_fn_202108_garch_s7.pt (train V_0=-0.592949) | eval-world market drift vs train frame: max 0.777 σ | utility_scale 871557
INFO PLAT_JUL29 DiffV2_Load_Value_Fn: /home/vretiel/PycharmProjects/riskflow/artifacts/walk_forward/reval48_corridor/run_b015/value_fn_202108_garch_s42.pt trained corridor-free (widest wealth support); rolling under a Total_Position_Schedule only restricts to a learned subset — valid.
INFO PLAT_JUL29 DiffSolverV2 LOADED value fn from /home/vretiel/PycharmProjects/riskflow/artifacts/walk_forward/reval48_corridor/run_b015/value_fn_202108_garch_s42.pt (train V_0=-0.578735) | eval-world market drift vs train frame: max 0.767 σ | utility_scale 865825
INFO PLAT_JUL29 DiffV2_Load_Value_Fn: /home/vretiel/PycharmProjects/riskflow/artifacts/walk_forward/reval48_corridor/run_b015/value_fn_202108_garch_s314.pt trained corridor-free (widest wealth support); rolling under a Total_Position_Schedule only restricts to a learned subset — valid.
INFO PLAT_JUL29 DiffSolverV2 LOADED value fn from /home/vretiel/PycharmProjects/riskflow/artifacts/walk_forward/reval48_corridor/run_b015/value_fn_202108_garch_s314.pt (train V_0=-0.539837) | eval-world market drift vs train frame: max 0.856 σ | utility_scale 880985
WARNING PLAT_JUL29 DiffSolverV2 ensemble utility_scale spread 1.72% — members trained against different anchors; averaging is approximate
INFO PLAT_JUL29 DiffSolverV2 action grid: K=165 actions (levels=9 ^ active=3)
INFO PLAT_JUL29 DiffSolverV2 ENSEMBLE argmax over 3 value fns
INFO PLAT_JUL29 DiffSolverV2 STEPPER ROLLOUT (frozen policy, realized path, real accounting):
  greedy   wT=+8.8107e+04 p5=+8.8107e+04 cvar5=+8.8107e+04
  textbook wT=+2.7112e+04 p5=+2.7112e+04 cvar5=+2.7112e+04
  nohedge  wT=-1.4127e+04 p5=-1.4127e+04 cvar5=-1.4127e+04
INFO PLAT_JUL29 DiffSolverV2 VERDICT (OUT-OF-SAMPLE rollout t=0→T over 1 outer paths, start flat):
  policy    u(W_T)mean    W_T mean       W_T p5         W_T CVaR5
  greedy    +0.10148    +8.8575e+04   +8.8575e+04   +8.8575e+04
  textbook  +0.03859    +3.3678e+04   +3.3678e+04   +3.3678e+04
  nohedge   -0.01776    -1.4131e+04   -1.4131e+04   -1.4131e+04
  → on the OBJECTIVE E[u(W_T)]: beats no-hedge=True, beats textbook=True | tail(CVaR5) competitive w/ textbook=True
INFO PLAT_JUL29 DiffSolverV2 greedy positions: mean|q| per instrument=['31.00', '0.00', '7.75'] | q@t0=[-43.75, 0.0, 0.0] | q@mid=[-43.75, 0.0, 0.0] (textbook q@t0=[0.0, 0.0, 0.0])
INFO PLAT_JUL29 solve_hedge tracks: {'DiffSolverV2': -0.5929} | ladder holds=True
INFO PLAT_JUL29 JOB 202108 b0.15 DONE: greedy=35.24 nohedge=-5.65 bound=730.94 PASS=True churn=162.5 breaches=0(worst=0)
INFO PLAT_JUL29 === JOB 202109 band=0.15 md=md_202107_garch.json trade_date=2021-09-01 (EVAL-ONLY re-roll) ===
INFO PLAT_JUL29 === TRAIN 202109 seed=7 SKIP (checkpoint exists) ===
INFO PLAT_JUL29 === TRAIN 202109 seed=42 SKIP (checkpoint exists) ===
INFO PLAT_JUL29 === TRAIN 202109 seed=314 SKIP (checkpoint exists) ===
INFO PLAT_JUL29 === ROLL 202109 (stepper, realized path, 3-seed ensemble, inner=512) ===
WARNING md_202107_garch Price Factor 'DiscountRate.USD-SOFR' not found in market data
INFO md_202107_garch Creating default Discount Factor(type='DiscountRate', name=('USD-SOFR',))
INFO PLAT_JUL29 Observed_Scenario substituted 2 factor(s): ['CommodityPrice.PLATINUM_CME', 'ObservedBasis.PLATINUM_CME.LME_CME']
INFO PLAT_JUL29 liability scalars: total_leg_volume=2500.0 last_settlement_index=155
INFO PLAT_JUL29 utility_scale (symlog c) resolved to 539290.74
INFO PLAT_JUL29 DiffSolverV2 setup: n_hedge=3 active=[0, 1, 2] T_dec=126 (of 128 sim steps; last-live mtm=[-2]) B_outer=1 levels=9 fit_iters=60 lr=0.002 | contract_size=[50.0, 50.0, 50.0] | q∈[[-50.0, -50.0, -50.0], [0.0, 0.0, 0.0]] total_abs_limit=50
INFO PLAT_JUL29 DiffSolverV2 inner forks: one_step=True (window {t, t+1} generation+pricing)
INFO PLAT_JUL29 DiffSolverV2 bank IN Total_Position_Schedule (post-projection): residual frac(Σq outside corridor) min=0.000 mean=0.000 max=0.000 | worst t=0 corridor=[-50, -42.5] bank Σq∈[-42.5, -42.5] frac_oob=0.000 (≈0 ⇒ projection clean)
INFO PLAT_JUL29 DiffSolverV2 bank: market_dim=6 | swept W∈[-1.73e+05, 1.552e+05] mean=2739 std=5.808e+04 | q_rep(t=0)=[0.0, 0.0, 0.0]
INFO PLAT_JUL29 DiffV2_Load_Value_Fn: /home/vretiel/PycharmProjects/riskflow/artifacts/walk_forward/reval48_corridor/run_b015/value_fn_202109_garch_s7.pt trained corridor-free (widest wealth support); rolling under a Total_Position_Schedule only restricts to a learned subset — valid.
INFO PLAT_JUL29 DiffSolverV2 LOADED value fn from /home/vretiel/PycharmProjects/riskflow/artifacts/walk_forward/reval48_corridor/run_b015/value_fn_202109_garch_s7.pt (train V_0=-0.653715) | eval-world market drift vs train frame: max 0.793 σ | utility_scale 868036
INFO PLAT_JUL29 DiffV2_Load_Value_Fn: /home/vretiel/PycharmProjects/riskflow/artifacts/walk_forward/reval48_corridor/run_b015/value_fn_202109_garch_s42.pt trained corridor-free (widest wealth support); rolling under a Total_Position_Schedule only restricts to a learned subset — valid.
INFO PLAT_JUL29 DiffSolverV2 LOADED value fn from /home/vretiel/PycharmProjects/riskflow/artifacts/walk_forward/reval48_corridor/run_b015/value_fn_202109_garch_s42.pt (train V_0=-0.612776) | eval-world market drift vs train frame: max 0.762 σ | utility_scale 865850
INFO PLAT_JUL29 DiffV2_Load_Value_Fn: /home/vretiel/PycharmProjects/riskflow/artifacts/walk_forward/reval48_corridor/run_b015/value_fn_202109_garch_s314.pt trained corridor-free (widest wealth support); rolling under a Total_Position_Schedule only restricts to a learned subset — valid.
INFO PLAT_JUL29 DiffSolverV2 LOADED value fn from /home/vretiel/PycharmProjects/riskflow/artifacts/walk_forward/reval48_corridor/run_b015/value_fn_202109_garch_s314.pt (train V_0=-0.60279) | eval-world market drift vs train frame: max 0.84 σ | utility_scale 881733
WARNING PLAT_JUL29 DiffSolverV2 ensemble utility_scale spread 1.8% — members trained against different anchors; averaging is approximate
INFO PLAT_JUL29 DiffSolverV2 action grid: K=165 actions (levels=9 ^ active=3)
INFO PLAT_JUL29 DiffSolverV2 ENSEMBLE argmax over 3 value fns
INFO PLAT_JUL29 DiffSolverV2 STEPPER ROLLOUT (frozen policy, realized path, real accounting):
  greedy   wT=+2.8143e+04 p5=+2.8143e+04 cvar5=+2.8143e+04
  textbook wT=-6.6264e+04 p5=-6.6264e+04 cvar5=-6.6264e+04
  nohedge  wT=-1.3684e+05 p5=-1.3684e+05 cvar5=-1.3684e+05
INFO PLAT_JUL29 DiffSolverV2 VERDICT (OUT-OF-SAMPLE rollout t=0→T over 1 outer paths, start flat):
  policy    u(W_T)mean    W_T mean       W_T p5         W_T CVaR5
  greedy    +0.02144    +1.8690e+04   +1.8690e+04   +1.8690e+04
  textbook  -0.10237    -6.2433e+04   -6.2433e+04   -6.2433e+04
  nohedge   -0.30476    -1.3684e+05   -1.3684e+05   -1.3684e+05
  → on the OBJECTIVE E[u(W_T)]: beats no-hedge=True, beats textbook=True | tail(CVaR5) competitive w/ textbook=True
INFO PLAT_JUL29 DiffSolverV2 greedy positions: mean|q| per instrument=['0.10', '0.00', '39.63'] | q@t0=[0.0, 0.0, -43.75] | q@mid=[0.0, 0.0, -43.75] (textbook q@t0=[0.0, 0.0, 0.0])
INFO PLAT_JUL29 solve_hedge tracks: {'DiffSolverV2': -0.6537} | ladder holds=True
INFO PLAT_JUL29 JOB 202109 b0.15 DONE: greedy=11.26 nohedge=-54.74 bound=631.75 PASS=True churn=112.5 breaches=0(worst=0)
INFO PLAT_JUL29 === JOB 202110 band=0.15 md=md_202110_garch.json trade_date=2021-10-01 (EVAL-ONLY re-roll) ===
INFO PLAT_JUL29 === TRAIN 202110 seed=7 SKIP (checkpoint exists) ===
INFO PLAT_JUL29 === TRAIN 202110 seed=42 SKIP (checkpoint exists) ===
INFO PLAT_JUL29 === TRAIN 202110 seed=314 SKIP (checkpoint exists) ===
INFO PLAT_JUL29 === ROLL 202110 (stepper, realized path, 3-seed ensemble, inner=512) ===
WARNING md_202110_garch Price Factor 'DiscountRate.USD-SOFR' not found in market data
INFO md_202110_garch Creating default Discount Factor(type='DiscountRate', name=('USD-SOFR',))
INFO PLAT_JUL29 Observed_Scenario substituted 2 factor(s): ['CommodityPrice.PLATINUM_CME', 'ObservedBasis.PLATINUM_CME.LME_CME']
INFO PLAT_JUL29 liability scalars: total_leg_volume=2500.0 last_settlement_index=156
INFO PLAT_JUL29 utility_scale (symlog c) resolved to 647311.72
INFO PLAT_JUL29 DiffSolverV2 setup: n_hedge=3 active=[0, 1, 2] T_dec=127 (of 129 sim steps; last-live mtm=[-2]) B_outer=1 levels=9 fit_iters=60 lr=0.002 | contract_size=[50.0, 50.0, 50.0] | q∈[[-50.0, -50.0, -50.0], [0.0, 0.0, 0.0]] total_abs_limit=50
INFO PLAT_JUL29 DiffSolverV2 inner forks: one_step=True (window {t, t+1} generation+pricing)
INFO PLAT_JUL29 DiffSolverV2 bank IN Total_Position_Schedule (post-projection): residual frac(Σq outside corridor) min=0.000 mean=0.000 max=0.000 | worst t=0 corridor=[-50, -42.5] bank Σq∈[-42.5, -42.5] frac_oob=0.000 (≈0 ⇒ projection clean)
INFO PLAT_JUL29 DiffSolverV2 bank: market_dim=6 | swept W∈[-9.718e+04, 1.855e+05] mean=2.075e+04 std=6.57e+04 | q_rep(t=0)=[0.0, 0.0, 0.0]
INFO PLAT_JUL29 DiffV2_Load_Value_Fn: /home/vretiel/PycharmProjects/riskflow/artifacts/walk_forward/reval48_corridor/run_b015/value_fn_202110_garch_s7.pt trained corridor-free (widest wealth support); rolling under a Total_Position_Schedule only restricts to a learned subset — valid.
INFO PLAT_JUL29 DiffSolverV2 LOADED value fn from /home/vretiel/PycharmProjects/riskflow/artifacts/walk_forward/reval48_corridor/run_b015/value_fn_202110_garch_s7.pt (train V_0=-0.481231) | eval-world market drift vs train frame: max 0.392 σ | utility_scale 945176
INFO PLAT_JUL29 DiffV2_Load_Value_Fn: /home/vretiel/PycharmProjects/riskflow/artifacts/walk_forward/reval48_corridor/run_b015/value_fn_202110_garch_s42.pt trained corridor-free (widest wealth support); rolling under a Total_Position_Schedule only restricts to a learned subset — valid.
INFO PLAT_JUL29 DiffSolverV2 LOADED value fn from /home/vretiel/PycharmProjects/riskflow/artifacts/walk_forward/reval48_corridor/run_b015/value_fn_202110_garch_s42.pt (train V_0=-0.442329) | eval-world market drift vs train frame: max 0.437 σ | utility_scale 936871
INFO PLAT_JUL29 DiffV2_Load_Value_Fn: /home/vretiel/PycharmProjects/riskflow/artifacts/walk_forward/reval48_corridor/run_b015/value_fn_202110_garch_s314.pt trained corridor-free (widest wealth support); rolling under a Total_Position_Schedule only restricts to a learned subset — valid.
INFO PLAT_JUL29 DiffSolverV2 LOADED value fn from /home/vretiel/PycharmProjects/riskflow/artifacts/walk_forward/reval48_corridor/run_b015/value_fn_202110_garch_s314.pt (train V_0=-0.386995) | eval-world market drift vs train frame: max 0.483 σ | utility_scale 983461
WARNING PLAT_JUL29 DiffSolverV2 ensemble utility_scale spread 4.74% — members trained against different anchors; averaging is approximate
INFO PLAT_JUL29 DiffSolverV2 action grid: K=165 actions (levels=9 ^ active=3)
INFO PLAT_JUL29 DiffSolverV2 ENSEMBLE argmax over 3 value fns
INFO PLAT_JUL29 DiffSolverV2 STEPPER ROLLOUT (frozen policy, realized path, real accounting):
  greedy   wT=+6.7300e+04 p5=+6.7300e+04 cvar5=+6.7300e+04
  textbook wT=+2.8254e+04 p5=+2.8254e+04 cvar5=+2.8254e+04
  nohedge  wT=+8.7390e+04 p5=+8.7390e+04 cvar5=+8.7390e+04
INFO PLAT_JUL29 DiffSolverV2 VERDICT (OUT-OF-SAMPLE rollout t=0→T over 1 outer paths, start flat):
  policy    u(W_T)mean    W_T mean       W_T p5         W_T CVaR5
  greedy    +0.06121    +5.8468e+04   +5.8468e+04   +5.8468e+04
  textbook  +0.02792    +2.6671e+04   +2.6671e+04   +2.6671e+04
  nohedge   +0.09149    +8.7387e+04   +8.7387e+04   +8.7387e+04
  → on the OBJECTIVE E[u(W_T)]: beats no-hedge=False, beats textbook=True | tail(CVaR5) competitive w/ textbook=True
INFO PLAT_JUL29 DiffSolverV2 greedy positions: mean|q| per instrument=['0.00', '3.10', '38.39'] | q@t0=[0.0, 0.0, -43.75] | q@mid=[0.0, 0.0, -50.0] (textbook q@t0=[0.0, 0.0, 0.0])
INFO PLAT_JUL29 solve_hedge tracks: {'DiffSolverV2': -0.4812} | ladder holds=True
INFO PLAT_JUL29 JOB 202110 b0.15 DONE: greedy=26.92 nohedge=34.96 bound=605.85 PASS=True churn=293.8 breaches=0(worst=0)
INFO PLAT_JUL29 === JOB 202111 band=0.15 md=md_202110_garch.json trade_date=2021-11-01 (EVAL-ONLY re-roll) ===
INFO PLAT_JUL29 === TRAIN 202111 seed=7 SKIP (checkpoint exists) ===
INFO PLAT_JUL29 === TRAIN 202111 seed=42 SKIP (checkpoint exists) ===
INFO PLAT_JUL29 === TRAIN 202111 seed=314 SKIP (checkpoint exists) ===
INFO PLAT_JUL29 === ROLL 202111 (stepper, realized path, 3-seed ensemble, inner=512) ===
WARNING md_202110_garch Price Factor 'DiscountRate.USD-SOFR' not found in market data
INFO md_202110_garch Creating default Discount Factor(type='DiscountRate', name=('USD-SOFR',))
INFO PLAT_JUL29 Observed_Scenario substituted 2 factor(s): ['CommodityPrice.PLATINUM_CME', 'ObservedBasis.PLATINUM_CME.LME_CME']
INFO PLAT_JUL29 liability scalars: total_leg_volume=2500.0 last_settlement_index=153
INFO PLAT_JUL29 utility_scale (symlog c) resolved to 457710.31
INFO PLAT_JUL29 DiffSolverV2 setup: n_hedge=3 active=[0, 1, 2] T_dec=124 (of 126 sim steps; last-live mtm=[-2]) B_outer=1 levels=9 fit_iters=60 lr=0.002 | contract_size=[50.0, 50.0, 50.0] | q∈[[-50.0, -50.0, -50.0], [0.0, 0.0, 0.0]] total_abs_limit=50
INFO PLAT_JUL29 DiffSolverV2 inner forks: one_step=True (window {t, t+1} generation+pricing)
INFO PLAT_JUL29 DiffSolverV2 bank IN Total_Position_Schedule (post-projection): residual frac(Σq outside corridor) min=0.000 mean=0.000 max=0.000 | worst t=0 corridor=[-50, -42.5] bank Σq∈[-42.5, -42.5] frac_oob=0.000 (≈0 ⇒ projection clean)
INFO PLAT_JUL29 DiffSolverV2 bank: market_dim=6 | swept W∈[-1.056e+05, 1.876e+05] mean=3.132e+04 std=4.715e+04 | q_rep(t=0)=[0.0, 0.0, 0.0]
INFO PLAT_JUL29 DiffV2_Load_Value_Fn: /home/vretiel/PycharmProjects/riskflow/artifacts/walk_forward/reval48_corridor/run_b015/value_fn_202111_garch_s7.pt trained corridor-free (widest wealth support); rolling under a Total_Position_Schedule only restricts to a learned subset — valid.
INFO PLAT_JUL29 DiffSolverV2 LOADED value fn from /home/vretiel/PycharmProjects/riskflow/artifacts/walk_forward/reval48_corridor/run_b015/value_fn_202111_garch_s7.pt (train V_0=-0.626221) | eval-world market drift vs train frame: max 0.585 σ | utility_scale 858533
INFO PLAT_JUL29 DiffV2_Load_Value_Fn: /home/vretiel/PycharmProjects/riskflow/artifacts/walk_forward/reval48_corridor/run_b015/value_fn_202111_garch_s42.pt trained corridor-free (widest wealth support); rolling under a Total_Position_Schedule only restricts to a learned subset — valid.
INFO PLAT_JUL29 DiffSolverV2 LOADED value fn from /home/vretiel/PycharmProjects/riskflow/artifacts/walk_forward/reval48_corridor/run_b015/value_fn_202111_garch_s42.pt (train V_0=-0.564909) | eval-world market drift vs train frame: max 0.577 σ | utility_scale 886731
INFO PLAT_JUL29 DiffV2_Load_Value_Fn: /home/vretiel/PycharmProjects/riskflow/artifacts/walk_forward/reval48_corridor/run_b015/value_fn_202111_garch_s314.pt trained corridor-free (widest wealth support); rolling under a Total_Position_Schedule only restricts to a learned subset — valid.
INFO PLAT_JUL29 DiffSolverV2 LOADED value fn from /home/vretiel/PycharmProjects/riskflow/artifacts/walk_forward/reval48_corridor/run_b015/value_fn_202111_garch_s314.pt (train V_0=-0.537941) | eval-world market drift vs train frame: max 0.644 σ | utility_scale 881219
WARNING PLAT_JUL29 DiffSolverV2 ensemble utility_scale spread 3.18% — members trained against different anchors; averaging is approximate
INFO PLAT_JUL29 DiffSolverV2 action grid: K=165 actions (levels=9 ^ active=3)
INFO PLAT_JUL29 DiffSolverV2 ENSEMBLE argmax over 3 value fns
INFO PLAT_JUL29 DiffSolverV2 STEPPER ROLLOUT (frozen policy, realized path, real accounting):
  greedy   wT=-2.2526e+04 p5=-2.2526e+04 cvar5=-2.2526e+04
  textbook wT=+4.5380e+04 p5=+4.5380e+04 cvar5=+4.5380e+04
  nohedge  wT=+9.4733e+04 p5=+9.4733e+04 cvar5=+9.4733e+04
INFO PLAT_JUL29 DiffSolverV2 VERDICT (OUT-OF-SAMPLE rollout t=0→T over 1 outer paths, start flat):
  policy    u(W_T)mean    W_T mean       W_T p5         W_T CVaR5
  greedy    -0.02507    -1.9375e+04   -1.9375e+04   -1.9375e+04
  textbook  +0.05342    +4.6769e+04   +4.6769e+04   +4.6769e+04
  nohedge   +0.10820    +9.4727e+04   +9.4727e+04   +9.4727e+04
  → on the OBJECTIVE E[u(W_T)]: beats no-hedge=False, beats textbook=False | tail(CVaR5) competitive w/ textbook=False
INFO PLAT_JUL29 DiffSolverV2 greedy positions: mean|q| per instrument=['33.52', '0.91', '4.39'] | q@t0=[-43.75, 0.0, 0.0] | q@mid=[-43.75, 0.0, 0.0] (textbook q@t0=[0.0, 0.0, 0.0])
INFO PLAT_JUL29 solve_hedge tracks: {'DiffSolverV2': -0.6262} | ladder holds=True
INFO PLAT_JUL29 JOB 202111 b0.15 DONE: greedy=-9.01 nohedge=37.89 bound=607.29 PASS=True churn=212.5 breaches=0(worst=0)
INFO PLAT_JUL29 === JOB 202112 band=0.15 md=md_202110_garch.json trade_date=2021-12-01 (EVAL-ONLY re-roll) ===
INFO PLAT_JUL29 === TRAIN 202112 seed=7 SKIP (checkpoint exists) ===
INFO PLAT_JUL29 === TRAIN 202112 seed=42 SKIP (checkpoint exists) ===
INFO PLAT_JUL29 === TRAIN 202112 seed=314 SKIP (checkpoint exists) ===
INFO PLAT_JUL29 === ROLL 202112 (stepper, realized path, 3-seed ensemble, inner=512) ===
WARNING md_202110_garch Price Factor 'DiscountRate.USD-SOFR' not found in market data
INFO md_202110_garch Creating default Discount Factor(type='DiscountRate', name=('USD-SOFR',))
INFO PLAT_JUL29 Observed_Scenario substituted 2 factor(s): ['CommodityPrice.PLATINUM_CME', 'ObservedBasis.PLATINUM_CME.LME_CME']
INFO PLAT_JUL29 liability scalars: total_leg_volume=2500.0 last_settlement_index=154
INFO PLAT_JUL29 utility_scale (symlog c) resolved to 514990.70
INFO PLAT_JUL29 DiffSolverV2 setup: n_hedge=3 active=[0, 1, 2] T_dec=125 (of 127 sim steps; last-live mtm=[-2]) B_outer=1 levels=9 fit_iters=60 lr=0.002 | contract_size=[50.0, 50.0, 50.0] | q∈[[-50.0, -50.0, -50.0], [0.0, 0.0, 0.0]] total_abs_limit=50
INFO PLAT_JUL29 DiffSolverV2 inner forks: one_step=True (window {t, t+1} generation+pricing)
INFO PLAT_JUL29 DiffSolverV2 bank IN Total_Position_Schedule (post-projection): residual frac(Σq outside corridor) min=0.000 mean=0.000 max=0.000 | worst t=0 corridor=[-50, -42.5] bank Σq∈[-42.5, -42.5] frac_oob=0.000 (≈0 ⇒ projection clean)
INFO PLAT_JUL29 DiffSolverV2 bank: market_dim=6 | swept W∈[-1.06e+05, 1.993e+05] mean=3.144e+04 std=5.358e+04 | q_rep(t=0)=[0.0, 0.0, 0.0]
INFO PLAT_JUL29 DiffV2_Load_Value_Fn: /home/vretiel/PycharmProjects/riskflow/artifacts/walk_forward/reval48_corridor/run_b015/value_fn_202112_garch_s7.pt trained corridor-free (widest wealth support); rolling under a Total_Position_Schedule only restricts to a learned subset — valid.
INFO PLAT_JUL29 DiffSolverV2 LOADED value fn from /home/vretiel/PycharmProjects/riskflow/artifacts/walk_forward/reval48_corridor/run_b015/value_fn_202112_garch_s7.pt (train V_0=-0.701298) | eval-world market drift vs train frame: max 0.596 σ | utility_scale 864872
INFO PLAT_JUL29 DiffV2_Load_Value_Fn: /home/vretiel/PycharmProjects/riskflow/artifacts/walk_forward/reval48_corridor/run_b015/value_fn_202112_garch_s42.pt trained corridor-free (widest wealth support); rolling under a Total_Position_Schedule only restricts to a learned subset — valid.
INFO PLAT_JUL29 DiffSolverV2 LOADED value fn from /home/vretiel/PycharmProjects/riskflow/artifacts/walk_forward/reval48_corridor/run_b015/value_fn_202112_garch_s42.pt (train V_0=-0.695424) | eval-world market drift vs train frame: max 0.59 σ | utility_scale 853681
INFO PLAT_JUL29 DiffV2_Load_Value_Fn: /home/vretiel/PycharmProjects/riskflow/artifacts/walk_forward/reval48_corridor/run_b015/value_fn_202112_garch_s314.pt trained corridor-free (widest wealth support); rolling under a Total_Position_Schedule only restricts to a learned subset — valid.
INFO PLAT_JUL29 DiffSolverV2 LOADED value fn from /home/vretiel/PycharmProjects/riskflow/artifacts/walk_forward/reval48_corridor/run_b015/value_fn_202112_garch_s314.pt (train V_0=-0.648073) | eval-world market drift vs train frame: max 0.676 σ | utility_scale 872360
WARNING PLAT_JUL29 DiffSolverV2 ensemble utility_scale spread 2.14% — members trained against different anchors; averaging is approximate
INFO PLAT_JUL29 DiffSolverV2 action grid: K=165 actions (levels=9 ^ active=3)
INFO PLAT_JUL29 DiffSolverV2 ENSEMBLE argmax over 3 value fns
INFO PLAT_JUL29 DiffSolverV2 STEPPER ROLLOUT (frozen policy, realized path, real accounting):
  greedy   wT=+3.5665e+04 p5=+3.5665e+04 cvar5=+3.5665e+04
  textbook wT=+3.3572e+04 p5=+3.3572e+04 cvar5=+3.3572e+04
  nohedge  wT=+2.7033e+05 p5=+2.7033e+05 cvar5=+2.7033e+05
INFO PLAT_JUL29 DiffSolverV2 VERDICT (OUT-OF-SAMPLE rollout t=0→T over 1 outer paths, start flat):
  policy    u(W_T)mean    W_T mean       W_T p5         W_T CVaR5
  greedy    +0.04998    +4.3161e+04   +4.3161e+04   +4.3161e+04
  textbook  +0.03262    +2.8173e+04   +2.8173e+04   +2.8173e+04
  nohedge   +0.31301    +2.7032e+05   +2.7032e+05   +2.7032e+05
  → on the OBJECTIVE E[u(W_T)]: beats no-hedge=False, beats textbook=True | tail(CVaR5) competitive w/ textbook=True
INFO PLAT_JUL29 DiffSolverV2 greedy positions: mean|q| per instrument=['21.70', '1.85', '16.15'] | q@t0=[-43.75, 0.0, 0.0] | q@mid=[0.0, -6.25, -37.5] (textbook q@t0=[0.0, 0.0, 0.0])
INFO PLAT_JUL29 solve_hedge tracks: {'DiffSolverV2': -0.7013} | ladder holds=True
INFO PLAT_JUL29 JOB 202112 b0.15 DONE: greedy=14.27 nohedge=108.13 bound=649.35 PASS=True churn=437.5 breaches=0(worst=0)
INFO PLAT_JUL29 === JOB 202201 band=0.15 md=md_202201_garch.json trade_date=2022-01-03 (EVAL-ONLY re-roll) ===
INFO PLAT_JUL29 === TRAIN 202201 seed=7 SKIP (checkpoint exists) ===
INFO PLAT_JUL29 === TRAIN 202201 seed=42 SKIP (checkpoint exists) ===
INFO PLAT_JUL29 === TRAIN 202201 seed=314 SKIP (checkpoint exists) ===
INFO PLAT_JUL29 === ROLL 202201 (stepper, realized path, 3-seed ensemble, inner=512) ===
WARNING md_202201_garch Price Factor 'DiscountRate.USD-SOFR' not found in market data
INFO md_202201_garch Creating default Discount Factor(type='DiscountRate', name=('USD-SOFR',))
INFO PLAT_JUL29 Observed_Scenario substituted 2 factor(s): ['CommodityPrice.PLATINUM_CME', 'ObservedBasis.PLATINUM_CME.LME_CME']
INFO PLAT_JUL29 liability scalars: total_leg_volume=2500.0 last_settlement_index=151
INFO PLAT_JUL29 utility_scale (symlog c) resolved to 443944.25
INFO PLAT_JUL29 DiffSolverV2 setup: n_hedge=3 active=[0, 1, 2] T_dec=122 (of 124 sim steps; last-live mtm=[-2]) B_outer=1 levels=9 fit_iters=60 lr=0.002 | contract_size=[50.0, 50.0, 50.0] | q∈[[-50.0, -50.0, -50.0], [0.0, 0.0, 0.0]] total_abs_limit=50
INFO PLAT_JUL29 DiffSolverV2 inner forks: one_step=True (window {t, t+1} generation+pricing)
INFO PLAT_JUL29 DiffSolverV2 bank IN Total_Position_Schedule (post-projection): residual frac(Σq outside corridor) min=0.000 mean=0.000 max=0.000 | worst t=0 corridor=[-50, -42.5] bank Σq∈[-42.5, -42.5] frac_oob=0.000 (≈0 ⇒ projection clean)
INFO PLAT_JUL29 DiffSolverV2 bank: market_dim=6 | swept W∈[-1.046e+05, 2.039e+05] mean=1.029e+04 std=5.926e+04 | q_rep(t=0)=[0.0, 0.0, 0.0]
INFO PLAT_JUL29 DiffV2_Load_Value_Fn: /home/vretiel/PycharmProjects/riskflow/artifacts/walk_forward/reval48_corridor/run_b015/value_fn_202201_garch_s7.pt trained corridor-free (widest wealth support); rolling under a Total_Position_Schedule only restricts to a learned subset — valid.
INFO PLAT_JUL29 DiffSolverV2 LOADED value fn from /home/vretiel/PycharmProjects/riskflow/artifacts/walk_forward/reval48_corridor/run_b015/value_fn_202201_garch_s7.pt (train V_0=-0.692653) | eval-world market drift vs train frame: max 0.946 σ | utility_scale 753123
INFO PLAT_JUL29 DiffV2_Load_Value_Fn: /home/vretiel/PycharmProjects/riskflow/artifacts/walk_forward/reval48_corridor/run_b015/value_fn_202201_garch_s42.pt trained corridor-free (widest wealth support); rolling under a Total_Position_Schedule only restricts to a learned subset — valid.
INFO PLAT_JUL29 DiffSolverV2 LOADED value fn from /home/vretiel/PycharmProjects/riskflow/artifacts/walk_forward/reval48_corridor/run_b015/value_fn_202201_garch_s42.pt (train V_0=-0.644044) | eval-world market drift vs train frame: max 0.992 σ | utility_scale 752244
INFO PLAT_JUL29 DiffV2_Load_Value_Fn: /home/vretiel/PycharmProjects/riskflow/artifacts/walk_forward/reval48_corridor/run_b015/value_fn_202201_garch_s314.pt trained corridor-free (widest wealth support); rolling under a Total_Position_Schedule only restricts to a learned subset — valid.
INFO PLAT_JUL29 DiffSolverV2 LOADED value fn from /home/vretiel/PycharmProjects/riskflow/artifacts/walk_forward/reval48_corridor/run_b015/value_fn_202201_garch_s314.pt (train V_0=-0.646478) | eval-world market drift vs train frame: max 0.994 σ | utility_scale 748788
INFO PLAT_JUL29 DiffSolverV2 action grid: K=165 actions (levels=9 ^ active=3)
INFO PLAT_JUL29 DiffSolverV2 ENSEMBLE argmax over 3 value fns
INFO PLAT_JUL29 DiffSolverV2 STEPPER ROLLOUT (frozen policy, realized path, real accounting):
  greedy   wT=-8.2298e+03 p5=-8.2298e+03 cvar5=-8.2298e+03
  textbook wT=-3.3674e+04 p5=-3.3674e+04 cvar5=-3.3674e+04
  nohedge  wT=+3.6466e+04 p5=+3.6466e+04 cvar5=+3.6466e+04
INFO PLAT_JUL29 DiffSolverV2 VERDICT (OUT-OF-SAMPLE rollout t=0→T over 1 outer paths, start flat):
  policy    u(W_T)mean    W_T mean       W_T p5         W_T CVaR5
  greedy    +0.02187    +1.6434e+04   +1.6434e+04   +1.6434e+04
  textbook  -0.05654    -3.3515e+04   -3.3515e+04   -3.3515e+04
  nohedge   +0.04852    +3.6459e+04   +3.6459e+04   +3.6459e+04
  → on the OBJECTIVE E[u(W_T)]: beats no-hedge=False, beats textbook=True | tail(CVaR5) competitive w/ textbook=True
INFO PLAT_JUL29 DiffSolverV2 greedy positions: mean|q| per instrument=['10.40', '19.72', '7.68'] | q@t0=[-43.75, 0.0, 0.0] | q@mid=[0.0, -43.75, 0.0] (textbook q@t0=[0.0, 0.0, 0.0])
INFO PLAT_JUL29 solve_hedge tracks: {'DiffSolverV2': -0.6927} | ladder holds=True
INFO PLAT_JUL29 JOB 202201 b0.15 DONE: greedy=-3.29 nohedge=14.59 bound=657.46 PASS=True churn=237.5 breaches=0(worst=0)
INFO PLAT_JUL29 === JOB 202202 band=0.15 md=md_202201_garch.json trade_date=2022-02-01 (EVAL-ONLY re-roll) ===
INFO PLAT_JUL29 === TRAIN 202202 seed=7 SKIP (checkpoint exists) ===
INFO PLAT_JUL29 === TRAIN 202202 seed=42 SKIP (checkpoint exists) ===
INFO PLAT_JUL29 === TRAIN 202202 seed=314 SKIP (checkpoint exists) ===
INFO PLAT_JUL29 === ROLL 202202 (stepper, realized path, 3-seed ensemble, inner=512) ===
WARNING md_202201_garch Price Factor 'DiscountRate.USD-SOFR' not found in market data
INFO md_202201_garch Creating default Discount Factor(type='DiscountRate', name=('USD-SOFR',))
INFO PLAT_JUL29 Observed_Scenario substituted 2 factor(s): ['CommodityPrice.PLATINUM_CME', 'ObservedBasis.PLATINUM_CME.LME_CME']
INFO PLAT_JUL29 liability scalars: total_leg_volume=2500.0 last_settlement_index=153
INFO PLAT_JUL29 utility_scale (symlog c) resolved to 675098.23
INFO PLAT_JUL29 DiffSolverV2 setup: n_hedge=3 active=[0, 1, 2] T_dec=124 (of 126 sim steps; last-live mtm=[-2]) B_outer=1 levels=9 fit_iters=60 lr=0.002 | contract_size=[50.0, 50.0, 50.0] | q∈[[-50.0, -50.0, -50.0], [0.0, 0.0, 0.0]] total_abs_limit=50
INFO PLAT_JUL29 DiffSolverV2 inner forks: one_step=True (window {t, t+1} generation+pricing)
INFO PLAT_JUL29 DiffSolverV2 bank IN Total_Position_Schedule (post-projection): residual frac(Σq outside corridor) min=0.000 mean=0.000 max=0.000 | worst t=0 corridor=[-50, -42.5] bank Σq∈[-42.5, -42.5] frac_oob=0.000 (≈0 ⇒ projection clean)
INFO PLAT_JUL29 DiffSolverV2 bank: market_dim=6 | swept W∈[-7.893e+04, 1.963e+05] mean=3.931e+04 std=4.794e+04 | q_rep(t=0)=[0.0, 0.0, 0.0]
INFO PLAT_JUL29 DiffV2_Load_Value_Fn: /home/vretiel/PycharmProjects/riskflow/artifacts/walk_forward/reval48_corridor/run_b015/value_fn_202202_garch_s7.pt trained corridor-free (widest wealth support); rolling under a Total_Position_Schedule only restricts to a learned subset — valid.
INFO PLAT_JUL29 DiffSolverV2 LOADED value fn from /home/vretiel/PycharmProjects/riskflow/artifacts/walk_forward/reval48_corridor/run_b015/value_fn_202202_garch_s7.pt (train V_0=-0.355983) | eval-world market drift vs train frame: max 0.851 σ | utility_scale 926889
INFO PLAT_JUL29 DiffV2_Load_Value_Fn: /home/vretiel/PycharmProjects/riskflow/artifacts/walk_forward/reval48_corridor/run_b015/value_fn_202202_garch_s42.pt trained corridor-free (widest wealth support); rolling under a Total_Position_Schedule only restricts to a learned subset — valid.
INFO PLAT_JUL29 DiffSolverV2 LOADED value fn from /home/vretiel/PycharmProjects/riskflow/artifacts/walk_forward/reval48_corridor/run_b015/value_fn_202202_garch_s42.pt (train V_0=-0.323362) | eval-world market drift vs train frame: max 0.837 σ | utility_scale 951460
INFO PLAT_JUL29 DiffV2_Load_Value_Fn: /home/vretiel/PycharmProjects/riskflow/artifacts/walk_forward/reval48_corridor/run_b015/value_fn_202202_garch_s314.pt trained corridor-free (widest wealth support); rolling under a Total_Position_Schedule only restricts to a learned subset — valid.
INFO PLAT_JUL29 DiffSolverV2 LOADED value fn from /home/vretiel/PycharmProjects/riskflow/artifacts/walk_forward/reval48_corridor/run_b015/value_fn_202202_garch_s314.pt (train V_0=-0.30641) | eval-world market drift vs train frame: max 0.904 σ | utility_scale 935853
WARNING PLAT_JUL29 DiffSolverV2 ensemble utility_scale spread 2.58% — members trained against different anchors; averaging is approximate
INFO PLAT_JUL29 DiffSolverV2 action grid: K=165 actions (levels=9 ^ active=3)
INFO PLAT_JUL29 DiffSolverV2 ENSEMBLE argmax over 3 value fns
INFO PLAT_JUL29 DiffSolverV2 STEPPER ROLLOUT (frozen policy, realized path, real accounting):
  greedy   wT=+1.2561e+04 p5=+1.2561e+04 cvar5=+1.2561e+04
  textbook wT=+2.2227e+04 p5=+2.2227e+04 cvar5=+2.2227e+04
  nohedge  wT=-1.3325e+05 p5=-1.3325e+05 cvar5=-1.3325e+05
INFO PLAT_JUL29 DiffSolverV2 VERDICT (OUT-OF-SAMPLE rollout t=0→T over 1 outer paths, start flat):
  policy    u(W_T)mean    W_T mean       W_T p5         W_T CVaR5
  greedy    +0.04608    +4.3224e+04   +4.3224e+04   +4.3224e+04
  textbook  +0.02822    +2.6473e+04   +2.6473e+04   +2.6473e+04
  nohedge   -0.26314    -1.3326e+05   -1.3326e+05   -1.3326e+05
  → on the OBJECTIVE E[u(W_T)]: beats no-hedge=True, beats textbook=True | tail(CVaR5) competitive w/ textbook=True
INFO PLAT_JUL29 DiffSolverV2 greedy positions: mean|q| per instrument=['31.00', '0.00', '7.41'] | q@t0=[-43.75, 0.0, 0.0] | q@mid=[-43.75, 0.0, 0.0] (textbook q@t0=[0.0, 0.0, 0.0])
INFO PLAT_JUL29 solve_hedge tracks: {'DiffSolverV2': -0.356} | ladder holds=True
INFO PLAT_JUL29 JOB 202202 b0.15 DONE: greedy=5.02 nohedge=-53.3 bound=671.06 PASS=True churn=137.5 breaches=0(worst=0)
INFO PLAT_JUL29 === JOB 202203 band=0.15 md=md_202201_garch.json trade_date=2022-03-01 (EVAL-ONLY re-roll) ===
INFO PLAT_JUL29 === TRAIN 202203 seed=7 SKIP (checkpoint exists) ===
INFO PLAT_JUL29 === TRAIN 202203 seed=42 SKIP (checkpoint exists) ===
INFO PLAT_JUL29 === TRAIN 202203 seed=314 SKIP (checkpoint exists) ===
INFO PLAT_JUL29 === ROLL 202203 (stepper, realized path, 3-seed ensemble, inner=512) ===
WARNING md_202201_garch Price Factor 'DiscountRate.USD-SOFR' not found in market data
INFO md_202201_garch Creating default Discount Factor(type='DiscountRate', name=('USD-SOFR',))
INFO PLAT_JUL29 Observed_Scenario substituted 2 factor(s): ['CommodityPrice.PLATINUM_CME', 'ObservedBasis.PLATINUM_CME.LME_CME']
INFO PLAT_JUL29 liability scalars: total_leg_volume=2500.0 last_settlement_index=155
INFO PLAT_JUL29 utility_scale (symlog c) resolved to 491440.10
INFO PLAT_JUL29 DiffSolverV2 setup: n_hedge=3 active=[0, 1, 2] T_dec=126 (of 128 sim steps; last-live mtm=[-2]) B_outer=1 levels=9 fit_iters=60 lr=0.002 | contract_size=[50.0, 50.0, 50.0] | q∈[[-50.0, -50.0, -50.0], [0.0, 0.0, 0.0]] total_abs_limit=50
INFO PLAT_JUL29 DiffSolverV2 inner forks: one_step=True (window {t, t+1} generation+pricing)
INFO PLAT_JUL29 DiffSolverV2 bank IN Total_Position_Schedule (post-projection): residual frac(Σq outside corridor) min=0.000 mean=0.000 max=0.000 | worst t=0 corridor=[-50, -42.5] bank Σq∈[-42.5, -42.5] frac_oob=0.000 (≈0 ⇒ projection clean)
INFO PLAT_JUL29 DiffSolverV2 bank: market_dim=6 | swept W∈[-1.013e+05, 1.141e+05] mean=-1.493e+04 std=4.337e+04 | q_rep(t=0)=[0.0, 0.0, 0.0]
INFO PLAT_JUL29 DiffV2_Load_Value_Fn: /home/vretiel/PycharmProjects/riskflow/artifacts/walk_forward/reval48_corridor/run_b015/value_fn_202203_garch_s7.pt trained corridor-free (widest wealth support); rolling under a Total_Position_Schedule only restricts to a learned subset — valid.
INFO PLAT_JUL29 DiffSolverV2 LOADED value fn from /home/vretiel/PycharmProjects/riskflow/artifacts/walk_forward/reval48_corridor/run_b015/value_fn_202203_garch_s7.pt (train V_0=-0.709185) | eval-world market drift vs train frame: max 1.03 σ | utility_scale 831334
INFO PLAT_JUL29 DiffV2_Load_Value_Fn: /home/vretiel/PycharmProjects/riskflow/artifacts/walk_forward/reval48_corridor/run_b015/value_fn_202203_garch_s42.pt trained corridor-free (widest wealth support); rolling under a Total_Position_Schedule only restricts to a learned subset — valid.
INFO PLAT_JUL29 DiffSolverV2 LOADED value fn from /home/vretiel/PycharmProjects/riskflow/artifacts/walk_forward/reval48_corridor/run_b015/value_fn_202203_garch_s42.pt (train V_0=-0.673041) | eval-world market drift vs train frame: max 0.99 σ | utility_scale 824015
INFO PLAT_JUL29 DiffV2_Load_Value_Fn: /home/vretiel/PycharmProjects/riskflow/artifacts/walk_forward/reval48_corridor/run_b015/value_fn_202203_garch_s314.pt trained corridor-free (widest wealth support); rolling under a Total_Position_Schedule only restricts to a learned subset — valid.
INFO PLAT_JUL29 DiffSolverV2 LOADED value fn from /home/vretiel/PycharmProjects/riskflow/artifacts/walk_forward/reval48_corridor/run_b015/value_fn_202203_garch_s314.pt (train V_0=-0.651005) | eval-world market drift vs train frame: max 1.08 σ | utility_scale 845654
WARNING PLAT_JUL29 DiffSolverV2 ensemble utility_scale spread 2.56% — members trained against different anchors; averaging is approximate
INFO PLAT_JUL29 DiffSolverV2 action grid: K=165 actions (levels=9 ^ active=3)
INFO PLAT_JUL29 DiffSolverV2 ENSEMBLE argmax over 3 value fns
INFO PLAT_JUL29 DiffSolverV2 STEPPER ROLLOUT (frozen policy, realized path, real accounting):
  greedy   wT=+1.4290e+04 p5=+1.4290e+04 cvar5=+1.4290e+04
  textbook wT=-4.3497e+04 p5=-4.3497e+04 cvar5=-4.3497e+04
  nohedge  wT=-2.4931e+05 p5=-2.4931e+05 cvar5=-2.4931e+05
INFO PLAT_JUL29 DiffSolverV2 VERDICT (OUT-OF-SAMPLE rollout t=0→T over 1 outer paths, start flat):
  policy    u(W_T)mean    W_T mean       W_T p5         W_T CVaR5
  greedy    +0.03271    +2.7266e+04   +2.7266e+04   +2.7266e+04
  textbook  -0.06580    -4.2100e+04   -4.2100e+04   -4.2100e+04
  nohedge   -0.83571    -2.4932e+05   -2.4932e+05   -2.4932e+05
  → on the OBJECTIVE E[u(W_T)]: beats no-hedge=True, beats textbook=True | tail(CVaR5) competitive w/ textbook=True
INFO PLAT_JUL29 DiffSolverV2 greedy positions: mean|q| per instrument=['0.20', '27.83', '10.37'] | q@t0=[0.0, -43.75, 0.0] | q@mid=[0.0, -43.75, 0.0] (textbook q@t0=[0.0, 0.0, 0.0])
INFO PLAT_JUL29 solve_hedge tracks: {'DiffSolverV2': -0.7092} | ladder holds=True
INFO PLAT_JUL29 JOB 202203 b0.15 DONE: greedy=5.72 nohedge=-99.72 bound=764.6 PASS=True churn=518.8 breaches=0(worst=0)
INFO PLAT_JUL29 === JOB 202204 band=0.15 md=md_202204_garch.json trade_date=2022-04-01 (EVAL-ONLY re-roll) ===
INFO PLAT_JUL29 === TRAIN 202204 seed=7 SKIP (checkpoint exists) ===
INFO PLAT_JUL29 === TRAIN 202204 seed=42 SKIP (checkpoint exists) ===
INFO PLAT_JUL29 === TRAIN 202204 seed=314 SKIP (checkpoint exists) ===
INFO PLAT_JUL29 === ROLL 202204 (stepper, realized path, 3-seed ensemble, inner=512) ===
WARNING md_202204_garch Price Factor 'DiscountRate.USD-SOFR' not found in market data
INFO md_202204_garch Creating default Discount Factor(type='DiscountRate', name=('USD-SOFR',))
INFO PLAT_JUL29 Observed_Scenario substituted 2 factor(s): ['CommodityPrice.PLATINUM_CME', 'ObservedBasis.PLATINUM_CME.LME_CME']
INFO PLAT_JUL29 liability scalars: total_leg_volume=2500.0 last_settlement_index=155
INFO PLAT_JUL29 utility_scale (symlog c) resolved to 623261.16
INFO PLAT_JUL29 DiffSolverV2 setup: n_hedge=3 active=[0, 1, 2] T_dec=126 (of 128 sim steps; last-live mtm=[-2]) B_outer=1 levels=9 fit_iters=60 lr=0.002 | contract_size=[50.0, 50.0, 50.0] | q∈[[-50.0, -50.0, -50.0], [0.0, 0.0, 0.0]] total_abs_limit=50
INFO PLAT_JUL29 DiffSolverV2 inner forks: one_step=True (window {t, t+1} generation+pricing)
INFO PLAT_JUL29 DiffSolverV2 bank IN Total_Position_Schedule (post-projection): residual frac(Σq outside corridor) min=0.000 mean=0.000 max=0.000 | worst t=0 corridor=[-50, -42.5] bank Σq∈[-42.5, -42.5] frac_oob=0.000 (≈0 ⇒ projection clean)
INFO PLAT_JUL29 DiffSolverV2 bank: market_dim=6 | swept W∈[-1.515e+05, 1.163e+05] mean=-2.745e+04 std=6.852e+04 | q_rep(t=0)=[0.0, 0.0, 0.0]
INFO PLAT_JUL29 DiffV2_Load_Value_Fn: /home/vretiel/PycharmProjects/riskflow/artifacts/walk_forward/reval48_corridor/run_b015/value_fn_202204_garch_s7.pt trained corridor-free (widest wealth support); rolling under a Total_Position_Schedule only restricts to a learned subset — valid.
INFO PLAT_JUL29 DiffSolverV2 LOADED value fn from /home/vretiel/PycharmProjects/riskflow/artifacts/walk_forward/reval48_corridor/run_b015/value_fn_202204_garch_s7.pt (train V_0=-0.570792) | eval-world market drift vs train frame: max 0.918 σ | utility_scale 933076
INFO PLAT_JUL29 DiffV2_Load_Value_Fn: /home/vretiel/PycharmProjects/riskflow/artifacts/walk_forward/reval48_corridor/run_b015/value_fn_202204_garch_s42.pt trained corridor-free (widest wealth support); rolling under a Total_Position_Schedule only restricts to a learned subset — valid.
INFO PLAT_JUL29 DiffSolverV2 LOADED value fn from /home/vretiel/PycharmProjects/riskflow/artifacts/walk_forward/reval48_corridor/run_b015/value_fn_202204_garch_s42.pt (train V_0=-0.53384) | eval-world market drift vs train frame: max 0.979 σ | utility_scale 929244
INFO PLAT_JUL29 DiffV2_Load_Value_Fn: /home/vretiel/PycharmProjects/riskflow/artifacts/walk_forward/reval48_corridor/run_b015/value_fn_202204_garch_s314.pt trained corridor-free (widest wealth support); rolling under a Total_Position_Schedule only restricts to a learned subset — valid.
INFO PLAT_JUL29 DiffSolverV2 LOADED value fn from /home/vretiel/PycharmProjects/riskflow/artifacts/walk_forward/reval48_corridor/run_b015/value_fn_202204_garch_s314.pt (train V_0=-0.526926) | eval-world market drift vs train frame: max 0.965 σ | utility_scale 940994
WARNING PLAT_JUL29 DiffSolverV2 ensemble utility_scale spread 1.25% — members trained against different anchors; averaging is approximate
INFO PLAT_JUL29 DiffSolverV2 action grid: K=165 actions (levels=9 ^ active=3)
INFO PLAT_JUL29 DiffSolverV2 ENSEMBLE argmax over 3 value fns
INFO PLAT_JUL29 DiffSolverV2 STEPPER ROLLOUT (frozen policy, realized path, real accounting):
  greedy   wT=-4.6089e+04 p5=-4.6089e+04 cvar5=-4.6089e+04
  textbook wT=-9.0254e+04 p5=-9.0254e+04 cvar5=-9.0254e+04
  nohedge  wT=-2.8920e+05 p5=-2.8920e+05 cvar5=-2.8920e+05
INFO PLAT_JUL29 DiffSolverV2 VERDICT (OUT-OF-SAMPLE rollout t=0→T over 1 outer paths, start flat):
  policy    u(W_T)mean    W_T mean       W_T p5         W_T CVaR5
  greedy    -0.03292    -2.6314e+04   -2.6314e+04   -2.6314e+04
  textbook  -0.14617    -8.7466e+04   -8.7466e+04   -8.7466e+04
  nohedge   -0.88433    -2.8923e+05   -2.8923e+05   -2.8923e+05
  → on the OBJECTIVE E[u(W_T)]: beats no-hedge=True, beats textbook=True | tail(CVaR5) competitive w/ textbook=True
INFO PLAT_JUL29 DiffSolverV2 greedy positions: mean|q| per instrument=['0.25', '27.18', '10.32'] | q@t0=[0.0, -43.75, 0.0] | q@mid=[0.0, -43.75, 0.0] (textbook q@t0=[0.0, 0.0, 0.0])
INFO PLAT_JUL29 solve_hedge tracks: {'DiffSolverV2': -0.5708} | ladder holds=True
INFO PLAT_JUL29 JOB 202204 b0.15 DONE: greedy=-18.44 nohedge=-115.68 bound=647.84 PASS=True churn=543.8 breaches=0(worst=0)
INFO PLAT_JUL29 === JOB 202205 band=0.15 md=md_202204_garch.json trade_date=2022-05-02 (EVAL-ONLY re-roll) ===
INFO PLAT_JUL29 === TRAIN 202205 seed=7 SKIP (checkpoint exists) ===
INFO PLAT_JUL29 === TRAIN 202205 seed=42 SKIP (checkpoint exists) ===
INFO PLAT_JUL29 === TRAIN 202205 seed=314 SKIP (checkpoint exists) ===
INFO PLAT_JUL29 === ROLL 202205 (stepper, realized path, 3-seed ensemble, inner=512) ===
WARNING md_202204_garch Price Factor 'DiscountRate.USD-SOFR' not found in market data
INFO md_202204_garch Creating default Discount Factor(type='DiscountRate', name=('USD-SOFR',))
INFO PLAT_JUL29 Observed_Scenario substituted 2 factor(s): ['CommodityPrice.PLATINUM_CME', 'ObservedBasis.PLATINUM_CME.LME_CME']
INFO PLAT_JUL29 liability scalars: total_leg_volume=2500.0 last_settlement_index=155
INFO PLAT_JUL29 utility_scale (symlog c) resolved to 430964.81
INFO PLAT_JUL29 DiffSolverV2 setup: n_hedge=3 active=[0, 1, 2] T_dec=126 (of 128 sim steps; last-live mtm=[-2]) B_outer=1 levels=9 fit_iters=60 lr=0.002 | contract_size=[50.0, 50.0, 50.0] | q∈[[-50.0, -50.0, -50.0], [0.0, 0.0, 0.0]] total_abs_limit=50
INFO PLAT_JUL29 DiffSolverV2 inner forks: one_step=True (window {t, t+1} generation+pricing)
INFO PLAT_JUL29 DiffSolverV2 bank IN Total_Position_Schedule (post-projection): residual frac(Σq outside corridor) min=0.000 mean=0.000 max=0.000 | worst t=0 corridor=[-50, -42.5] bank Σq∈[-42.5, -42.5] frac_oob=0.000 (≈0 ⇒ projection clean)
INFO PLAT_JUL29 DiffSolverV2 bank: market_dim=6 | swept W∈[-3.249e+04, 1.82e+05] mean=6.591e+04 std=4.625e+04 | q_rep(t=0)=[0.0, 0.0, 0.0]
INFO PLAT_JUL29 DiffV2_Load_Value_Fn: /home/vretiel/PycharmProjects/riskflow/artifacts/walk_forward/reval48_corridor/run_b015/value_fn_202205_garch_s7.pt trained corridor-free (widest wealth support); rolling under a Total_Position_Schedule only restricts to a learned subset — valid.
INFO PLAT_JUL29 DiffSolverV2 LOADED value fn from /home/vretiel/PycharmProjects/riskflow/artifacts/walk_forward/reval48_corridor/run_b015/value_fn_202205_garch_s7.pt (train V_0=-0.367137) | eval-world market drift vs train frame: max 0.668 σ | utility_scale 797479
INFO PLAT_JUL29 DiffV2_Load_Value_Fn: /home/vretiel/PycharmProjects/riskflow/artifacts/walk_forward/reval48_corridor/run_b015/value_fn_202205_garch_s42.pt trained corridor-free (widest wealth support); rolling under a Total_Position_Schedule only restricts to a learned subset — valid.
INFO PLAT_JUL29 DiffSolverV2 LOADED value fn from /home/vretiel/PycharmProjects/riskflow/artifacts/walk_forward/reval48_corridor/run_b015/value_fn_202205_garch_s42.pt (train V_0=-0.331177) | eval-world market drift vs train frame: max 0.64 σ | utility_scale 791157
INFO PLAT_JUL29 DiffV2_Load_Value_Fn: /home/vretiel/PycharmProjects/riskflow/artifacts/walk_forward/reval48_corridor/run_b015/value_fn_202205_garch_s314.pt trained corridor-free (widest wealth support); rolling under a Total_Position_Schedule only restricts to a learned subset — valid.
INFO PLAT_JUL29 DiffSolverV2 LOADED value fn from /home/vretiel/PycharmProjects/riskflow/artifacts/walk_forward/reval48_corridor/run_b015/value_fn_202205_garch_s314.pt (train V_0=-0.329099) | eval-world market drift vs train frame: max 0.723 σ | utility_scale 804005
WARNING PLAT_JUL29 DiffSolverV2 ensemble utility_scale spread 1.6% — members trained against different anchors; averaging is approximate
INFO PLAT_JUL29 DiffSolverV2 action grid: K=165 actions (levels=9 ^ active=3)
INFO PLAT_JUL29 DiffSolverV2 ENSEMBLE argmax over 3 value fns
INFO PLAT_JUL29 DiffSolverV2 STEPPER ROLLOUT (frozen policy, realized path, real accounting):
  greedy   wT=+1.1362e+05 p5=+1.1362e+05 cvar5=+1.1362e+05
  textbook wT=+5.4395e+04 p5=+5.4395e+04 cvar5=+5.4395e+04
  nohedge  wT=-2.1683e+03 p5=-2.1683e+03 cvar5=-2.1683e+03
INFO PLAT_JUL29 DiffSolverV2 VERDICT (OUT-OF-SAMPLE rollout t=0→T over 1 outer paths, start flat):
  policy    u(W_T)mean    W_T mean       W_T p5         W_T CVaR5
  greedy    +0.10790    +8.6056e+04   +8.6056e+04   +8.6056e+04
  textbook  +0.06520    +5.1999e+04   +5.1999e+04   +5.1999e+04
  nohedge   -0.00281    -2.2017e+03   -2.2017e+03   -2.2017e+03
  → on the OBJECTIVE E[u(W_T)]: beats no-hedge=True, beats textbook=True | tail(CVaR5) competitive w/ textbook=True
INFO PLAT_JUL29 DiffSolverV2 greedy positions: mean|q| per instrument=['31.99', '0.00', '6.45'] | q@t0=[-43.75, 0.0, 0.0] | q@mid=[-43.75, 0.0, 0.0] (textbook q@t0=[0.0, 0.0, 0.0])
INFO PLAT_JUL29 solve_hedge tracks: {'DiffSolverV2': -0.3671} | ladder holds=True
INFO PLAT_JUL29 JOB 202205 b0.15 DONE: greedy=45.45 nohedge=-0.87 bound=687.6 PASS=True churn=156.2 breaches=0(worst=0)
INFO PLAT_JUL29 === JOB 202206 band=0.15 md=md_202204_garch.json trade_date=2022-06-01 (EVAL-ONLY re-roll) ===
INFO PLAT_JUL29 === TRAIN 202206 seed=7 SKIP (checkpoint exists) ===
INFO PLAT_JUL29 === TRAIN 202206 seed=42 SKIP (checkpoint exists) ===
INFO PLAT_JUL29 === TRAIN 202206 seed=314 SKIP (checkpoint exists) ===
INFO PLAT_JUL29 === ROLL 202206 (stepper, realized path, 3-seed ensemble, inner=512) ===
WARNING md_202204_garch Price Factor 'DiscountRate.USD-SOFR' not found in market data
INFO md_202204_garch Creating default Discount Factor(type='DiscountRate', name=('USD-SOFR',))
INFO PLAT_JUL29 Observed_Scenario substituted 2 factor(s): ['CommodityPrice.PLATINUM_CME', 'ObservedBasis.PLATINUM_CME.LME_CME']
INFO PLAT_JUL29 liability scalars: total_leg_volume=2500.0 last_settlement_index=155
INFO PLAT_JUL29 utility_scale (symlog c) resolved to 658883.02
INFO PLAT_JUL29 DiffSolverV2 setup: n_hedge=3 active=[0, 1, 2] T_dec=126 (of 128 sim steps; last-live mtm=[-2]) B_outer=1 levels=9 fit_iters=60 lr=0.002 | contract_size=[50.0, 50.0, 50.0] | q∈[[-50.0, -50.0, -50.0], [0.0, 0.0, 0.0]] total_abs_limit=50
INFO PLAT_JUL29 DiffSolverV2 inner forks: one_step=True (window {t, t+1} generation+pricing)
INFO PLAT_JUL29 DiffSolverV2 bank IN Total_Position_Schedule (post-projection): residual frac(Σq outside corridor) min=0.000 mean=0.000 max=0.000 | worst t=0 corridor=[-50, -42.5] bank Σq∈[-42.5, -42.5] frac_oob=0.000 (≈0 ⇒ projection clean)
INFO PLAT_JUL29 DiffSolverV2 bank: market_dim=6 | swept W∈[-1.298e+04, 1.893e+05] mean=9.2e+04 std=4.482e+04 | q_rep(t=0)=[0.0, 0.0, 0.0]
INFO PLAT_JUL29 DiffV2_Load_Value_Fn: /home/vretiel/PycharmProjects/riskflow/artifacts/walk_forward/reval48_corridor/run_b015/value_fn_202206_garch_s7.pt trained corridor-free (widest wealth support); rolling under a Total_Position_Schedule only restricts to a learned subset — valid.
INFO PLAT_JUL29 DiffSolverV2 LOADED value fn from /home/vretiel/PycharmProjects/riskflow/artifacts/walk_forward/reval48_corridor/run_b015/value_fn_202206_garch_s7.pt (train V_0=-0.206633) | eval-world market drift vs train frame: max 0.812 σ | utility_scale 936192
INFO PLAT_JUL29 DiffV2_Load_Value_Fn: /home/vretiel/PycharmProjects/riskflow/artifacts/walk_forward/reval48_corridor/run_b015/value_fn_202206_garch_s42.pt trained corridor-free (widest wealth support); rolling under a Total_Position_Schedule only restricts to a learned subset — valid.
INFO PLAT_JUL29 DiffSolverV2 LOADED value fn from /home/vretiel/PycharmProjects/riskflow/artifacts/walk_forward/reval48_corridor/run_b015/value_fn_202206_garch_s42.pt (train V_0=-0.171149) | eval-world market drift vs train frame: max 0.758 σ | utility_scale 937678
INFO PLAT_JUL29 DiffV2_Load_Value_Fn: /home/vretiel/PycharmProjects/riskflow/artifacts/walk_forward/reval48_corridor/run_b015/value_fn_202206_garch_s314.pt trained corridor-free (widest wealth support); rolling under a Total_Position_Schedule only restricts to a learned subset — valid.
INFO PLAT_JUL29 DiffSolverV2 LOADED value fn from /home/vretiel/PycharmProjects/riskflow/artifacts/walk_forward/reval48_corridor/run_b015/value_fn_202206_garch_s314.pt (train V_0=-0.168264) | eval-world market drift vs train frame: max 0.812 σ | utility_scale 953414
WARNING PLAT_JUL29 DiffSolverV2 ensemble utility_scale spread 1.81% — members trained against different anchors; averaging is approximate
INFO PLAT_JUL29 DiffSolverV2 action grid: K=165 actions (levels=9 ^ active=3)
INFO PLAT_JUL29 DiffSolverV2 ENSEMBLE argmax over 3 value fns
INFO PLAT_JUL29 DiffSolverV2 STEPPER ROLLOUT (frozen policy, realized path, real accounting):
  greedy   wT=+8.7152e+04 p5=+8.7152e+04 cvar5=+8.7152e+04
  textbook wT=+3.9339e+04 p5=+3.9339e+04 cvar5=+3.9339e+04
  nohedge  wT=-1.8588e+05 p5=-1.8588e+05 cvar5=-1.8588e+05
INFO PLAT_JUL29 DiffSolverV2 VERDICT (OUT-OF-SAMPLE rollout t=0→T over 1 outer paths, start flat):
  policy    u(W_T)mean    W_T mean       W_T p5         W_T CVaR5
  greedy    +0.09029    +8.5089e+04   +8.5089e+04   +8.5089e+04
  textbook  +0.05718    +5.3888e+04   +5.3888e+04   +5.3888e+04
  nohedge   -0.43086    -1.8594e+05   -1.8594e+05   -1.8594e+05
  → on the OBJECTIVE E[u(W_T)]: beats no-hedge=True, beats textbook=True | tail(CVaR5) competitive w/ textbook=True
INFO PLAT_JUL29 DiffSolverV2 greedy positions: mean|q| per instrument=['2.63', '28.08', '8.04'] | q@t0=[0.0, -43.75, 0.0] | q@mid=[0.0, -43.75, 0.0] (textbook q@t0=[0.0, 0.0, 0.0])
INFO PLAT_JUL29 solve_hedge tracks: {'DiffSolverV2': -0.2066} | ladder holds=True
INFO PLAT_JUL29 JOB 202206 b0.15 DONE: greedy=34.86 nohedge=-74.35 bound=661.69 PASS=True churn=593.8 breaches=0(worst=0)
INFO PLAT_JUL29 === JOB 202207 band=0.15 md=md_202207_garch.json trade_date=2022-07-01 (EVAL-ONLY re-roll) ===
INFO PLAT_JUL29 === TRAIN 202207 seed=7 SKIP (checkpoint exists) ===
INFO PLAT_JUL29 === TRAIN 202207 seed=42 SKIP (checkpoint exists) ===
INFO PLAT_JUL29 === TRAIN 202207 seed=314 SKIP (checkpoint exists) ===
INFO PLAT_JUL29 === ROLL 202207 (stepper, realized path, 3-seed ensemble, inner=512) ===
WARNING md_202207_garch Price Factor 'DiscountRate.USD-SOFR' not found in market data
INFO md_202207_garch Creating default Discount Factor(type='DiscountRate', name=('USD-SOFR',))
INFO PLAT_JUL29 Observed_Scenario substituted 2 factor(s): ['CommodityPrice.PLATINUM_CME', 'ObservedBasis.PLATINUM_CME.LME_CME']
INFO PLAT_JUL29 liability scalars: total_leg_volume=2500.0 last_settlement_index=156
INFO PLAT_JUL29 utility_scale (symlog c) resolved to 468758.98
INFO PLAT_JUL29 DiffSolverV2 setup: n_hedge=3 active=[0, 1, 2] T_dec=127 (of 129 sim steps; last-live mtm=[-2]) B_outer=1 levels=9 fit_iters=60 lr=0.002 | contract_size=[50.0, 50.0, 50.0] | q∈[[-50.0, -50.0, -50.0], [0.0, 0.0, 0.0]] total_abs_limit=50
INFO PLAT_JUL29 DiffSolverV2 inner forks: one_step=True (window {t, t+1} generation+pricing)
INFO PLAT_JUL29 DiffSolverV2 bank IN Total_Position_Schedule (post-projection): residual frac(Σq outside corridor) min=0.000 mean=0.000 max=0.000 | worst t=0 corridor=[-50, -42.5] bank Σq∈[-42.5, -42.5] frac_oob=0.000 (≈0 ⇒ projection clean)
INFO PLAT_JUL29 DiffSolverV2 bank: market_dim=6 | swept W∈[-2.319e+05, 4.979e+04] mean=-7.184e+04 std=5.653e+04 | q_rep(t=0)=[0.0, 0.0, 0.0]
INFO PLAT_JUL29 DiffV2_Load_Value_Fn: /home/vretiel/PycharmProjects/riskflow/artifacts/walk_forward/reval48_corridor/run_b015/value_fn_202207_garch_s7.pt trained corridor-free (widest wealth support); rolling under a Total_Position_Schedule only restricts to a learned subset — valid.
INFO PLAT_JUL29 DiffSolverV2 LOADED value fn from /home/vretiel/PycharmProjects/riskflow/artifacts/walk_forward/reval48_corridor/run_b015/value_fn_202207_garch_s7.pt (train V_0=-0.841079) | eval-world market drift vs train frame: max 1.69 σ | utility_scale 758357
INFO PLAT_JUL29 DiffV2_Load_Value_Fn: /home/vretiel/PycharmProjects/riskflow/artifacts/walk_forward/reval48_corridor/run_b015/value_fn_202207_garch_s42.pt trained corridor-free (widest wealth support); rolling under a Total_Position_Schedule only restricts to a learned subset — valid.
INFO PLAT_JUL29 DiffSolverV2 LOADED value fn from /home/vretiel/PycharmProjects/riskflow/artifacts/walk_forward/reval48_corridor/run_b015/value_fn_202207_garch_s42.pt (train V_0=-0.82041) | eval-world market drift vs train frame: max 1.76 σ | utility_scale 740594
INFO PLAT_JUL29 DiffV2_Load_Value_Fn: /home/vretiel/PycharmProjects/riskflow/artifacts/walk_forward/reval48_corridor/run_b015/value_fn_202207_garch_s314.pt trained corridor-free (widest wealth support); rolling under a Total_Position_Schedule only restricts to a learned subset — valid.
INFO PLAT_JUL29 DiffSolverV2 LOADED value fn from /home/vretiel/PycharmProjects/riskflow/artifacts/walk_forward/reval48_corridor/run_b015/value_fn_202207_garch_s314.pt (train V_0=-0.709387) | eval-world market drift vs train frame: max 1.78 σ | utility_scale 789267
WARNING PLAT_JUL29 DiffSolverV2 ensemble utility_scale spread 6.17% — members trained against different anchors; averaging is approximate
INFO PLAT_JUL29 DiffSolverV2 action grid: K=165 actions (levels=9 ^ active=3)
INFO PLAT_JUL29 DiffSolverV2 ENSEMBLE argmax over 3 value fns
INFO PLAT_JUL29 DiffSolverV2 STEPPER ROLLOUT (frozen policy, realized path, real accounting):
  greedy   wT=-1.3682e+05 p5=-1.3682e+05 cvar5=-1.3682e+05
  textbook wT=-7.4424e+04 p5=-7.4424e+04 cvar5=-7.4424e+04
  nohedge  wT=+2.7088e+04 p5=+2.7088e+04 cvar5=+2.7088e+04
INFO PLAT_JUL29 DiffSolverV2 VERDICT (OUT-OF-SAMPLE rollout t=0→T over 1 outer paths, start flat):
  policy    u(W_T)mean    W_T mean       W_T p5         W_T CVaR5
  greedy    -0.27629    -1.1202e+05   -1.1202e+05   -1.1202e+05
  textbook  -0.15067    -7.3001e+04   -7.3001e+04   -7.3001e+04
  nohedge   +0.03543    +2.7026e+04   +2.7026e+04   +2.7026e+04
  → on the OBJECTIVE E[u(W_T)]: beats no-hedge=False, beats textbook=False | tail(CVaR5) competitive w/ textbook=False
INFO PLAT_JUL29 DiffSolverV2 greedy positions: mean|q| per instrument=['9.65', '5.61', '24.70'] | q@t0=[-43.75, 0.0, 0.0] | q@mid=[0.0, 0.0, -50.0] (textbook q@t0=[0.0, 0.0, 0.0])
INFO PLAT_JUL29 solve_hedge tracks: {'DiffSolverV2': -0.8411} | ladder holds=True
INFO PLAT_JUL29 JOB 202207 b0.15 DONE: greedy=-54.73 nohedge=10.84 bound=619.8 PASS=True churn=487.5 breaches=0(worst=0)
INFO PLAT_JUL29 === JOB 202208 band=0.15 md=md_202207_garch.json trade_date=2022-08-01 (EVAL-ONLY re-roll) ===
INFO PLAT_JUL29 === TRAIN 202208 seed=7 SKIP (checkpoint exists) ===
INFO PLAT_JUL29 === TRAIN 202208 seed=42 SKIP (checkpoint exists) ===
INFO PLAT_JUL29 === TRAIN 202208 seed=314 SKIP (checkpoint exists) ===
INFO PLAT_JUL29 === ROLL 202208 (stepper, realized path, 3-seed ensemble, inner=512) ===
WARNING md_202207_garch Price Factor 'DiscountRate.USD-SOFR' not found in market data
INFO md_202207_garch Creating default Discount Factor(type='DiscountRate', name=('USD-SOFR',))
INFO PLAT_JUL29 Observed_Scenario substituted 2 factor(s): ['CommodityPrice.PLATINUM_CME', 'ObservedBasis.PLATINUM_CME.LME_CME']
INFO PLAT_JUL29 liability scalars: total_leg_volume=2500.0 last_settlement_index=155
INFO PLAT_JUL29 utility_scale (symlog c) resolved to 462420.66
INFO PLAT_JUL29 DiffSolverV2 setup: n_hedge=3 active=[0, 1, 2] T_dec=126 (of 128 sim steps; last-live mtm=[-2]) B_outer=1 levels=9 fit_iters=60 lr=0.002 | contract_size=[50.0, 50.0, 50.0] | q∈[[-50.0, -50.0, -50.0], [0.0, 0.0, 0.0]] total_abs_limit=50
INFO PLAT_JUL29 DiffSolverV2 inner forks: one_step=True (window {t, t+1} generation+pricing)
INFO PLAT_JUL29 DiffSolverV2 bank IN Total_Position_Schedule (post-projection): residual frac(Σq outside corridor) min=0.000 mean=0.000 max=0.000 | worst t=0 corridor=[-50, -42.5] bank Σq∈[-42.5, -42.5] frac_oob=0.000 (≈0 ⇒ projection clean)
INFO PLAT_JUL29 DiffSolverV2 bank: market_dim=6 | swept W∈[-1.345e+05, 1.44e+05] mean=3.755e+04 std=5.865e+04 | q_rep(t=0)=[0.0, 0.0, 0.0]
INFO PLAT_JUL29 DiffV2_Load_Value_Fn: /home/vretiel/PycharmProjects/riskflow/artifacts/walk_forward/reval48_corridor/run_b015/value_fn_202208_garch_s7.pt trained corridor-free (widest wealth support); rolling under a Total_Position_Schedule only restricts to a learned subset — valid.
INFO PLAT_JUL29 DiffSolverV2 LOADED value fn from /home/vretiel/PycharmProjects/riskflow/artifacts/walk_forward/reval48_corridor/run_b015/value_fn_202208_garch_s7.pt (train V_0=-0.406279) | eval-world market drift vs train frame: max 1.66 σ | utility_scale 762344
INFO PLAT_JUL29 DiffV2_Load_Value_Fn: /home/vretiel/PycharmProjects/riskflow/artifacts/walk_forward/reval48_corridor/run_b015/value_fn_202208_garch_s42.pt trained corridor-free (widest wealth support); rolling under a Total_Position_Schedule only restricts to a learned subset — valid.
INFO PLAT_JUL29 DiffSolverV2 LOADED value fn from /home/vretiel/PycharmProjects/riskflow/artifacts/walk_forward/reval48_corridor/run_b015/value_fn_202208_garch_s42.pt (train V_0=-0.366717) | eval-world market drift vs train frame: max 1.7 σ | utility_scale 755586
INFO PLAT_JUL29 DiffV2_Load_Value_Fn: /home/vretiel/PycharmProjects/riskflow/artifacts/walk_forward/reval48_corridor/run_b015/value_fn_202208_garch_s314.pt trained corridor-free (widest wealth support); rolling under a Total_Position_Schedule only restricts to a learned subset — valid.
INFO PLAT_JUL29 DiffSolverV2 LOADED value fn from /home/vretiel/PycharmProjects/riskflow/artifacts/walk_forward/reval48_corridor/run_b015/value_fn_202208_garch_s314.pt (train V_0=-0.354693) | eval-world market drift vs train frame: max 1.7 σ | utility_scale 779847
WARNING PLAT_JUL29 DiffSolverV2 ensemble utility_scale spread 3.11% — members trained against different anchors; averaging is approximate
INFO PLAT_JUL29 DiffSolverV2 action grid: K=165 actions (levels=9 ^ active=3)
INFO PLAT_JUL29 DiffSolverV2 ENSEMBLE argmax over 3 value fns
INFO PLAT_JUL29 DiffSolverV2 STEPPER ROLLOUT (frozen policy, realized path, real accounting):
  greedy   wT=-1.9449e+04 p5=-1.9449e+04 cvar5=-1.9449e+04
  textbook wT=+7.1530e+04 p5=+7.1530e+04 cvar5=+7.1530e+04
  nohedge  wT=+2.4826e+05 p5=+2.4826e+05 cvar5=+2.4826e+05
INFO PLAT_JUL29 DiffSolverV2 VERDICT (OUT-OF-SAMPLE rollout t=0→T over 1 outer paths, start flat):
  policy    u(W_T)mean    W_T mean       W_T p5         W_T CVaR5
  greedy    -0.02612    -1.7582e+04   -1.7582e+04   -1.7582e+04
  textbook  +0.09626    +7.3726e+04   +7.3726e+04   +7.3726e+04
  nohedge   +0.32397    +2.4814e+05   +2.4814e+05   +2.4814e+05
  → on the OBJECTIVE E[u(W_T)]: beats no-hedge=False, beats textbook=False | tail(CVaR5) competitive w/ textbook=False
INFO PLAT_JUL29 DiffSolverV2 greedy positions: mean|q| per instrument=['3.12', '0.45', '33.93'] | q@t0=[-43.75, 0.0, 0.0] | q@mid=[0.0, 0.0, -43.75] (textbook q@t0=[0.0, 0.0, 0.0])
INFO PLAT_JUL29 solve_hedge tracks: {'DiffSolverV2': -0.4063} | ladder holds=True
INFO PLAT_JUL29 JOB 202208 b0.15 DONE: greedy=-7.78 nohedge=99.31 bound=636.88 PASS=True churn=187.5 breaches=0(worst=0)
INFO PLAT_JUL29 === JOB 202209 band=0.15 md=md_202207_garch.json trade_date=2022-09-01 (EVAL-ONLY re-roll) ===
INFO PLAT_JUL29 === TRAIN 202209 seed=7 SKIP (checkpoint exists) ===
INFO PLAT_JUL29 === TRAIN 202209 seed=42 SKIP (checkpoint exists) ===
INFO PLAT_JUL29 === TRAIN 202209 seed=314 SKIP (checkpoint exists) ===
INFO PLAT_JUL29 === ROLL 202209 (stepper, realized path, 3-seed ensemble, inner=512) ===
WARNING md_202207_garch Price Factor 'DiscountRate.USD-SOFR' not found in market data
INFO md_202207_garch Creating default Discount Factor(type='DiscountRate', name=('USD-SOFR',))
INFO PLAT_JUL29 Observed_Scenario substituted 2 factor(s): ['CommodityPrice.PLATINUM_CME', 'ObservedBasis.PLATINUM_CME.LME_CME']
INFO PLAT_JUL29 liability scalars: total_leg_volume=2500.0 last_settlement_index=155
INFO PLAT_JUL29 utility_scale (symlog c) resolved to 402475.38
INFO PLAT_JUL29 DiffSolverV2 setup: n_hedge=3 active=[0, 1, 2] T_dec=126 (of 128 sim steps; last-live mtm=[-2]) B_outer=1 levels=9 fit_iters=60 lr=0.002 | contract_size=[50.0, 50.0, 50.0] | q∈[[-50.0, -50.0, -50.0], [0.0, 0.0, 0.0]] total_abs_limit=50
INFO PLAT_JUL29 DiffSolverV2 inner forks: one_step=True (window {t, t+1} generation+pricing)
INFO PLAT_JUL29 DiffSolverV2 bank IN Total_Position_Schedule (post-projection): residual frac(Σq outside corridor) min=0.000 mean=0.000 max=0.000 | worst t=0 corridor=[-50, -42.5] bank Σq∈[-42.5, -42.5] frac_oob=0.000 (≈0 ⇒ projection clean)
INFO PLAT_JUL29 DiffSolverV2 bank: market_dim=6 | swept W∈[-2.251e+05, 1.128e+05] mean=-2.078e+04 std=7.608e+04 | q_rep(t=0)=[0.0, 0.0, 0.0]
INFO PLAT_JUL29 DiffV2_Load_Value_Fn: /home/vretiel/PycharmProjects/riskflow/artifacts/walk_forward/reval48_corridor/run_b015/value_fn_202209_garch_s7.pt trained corridor-free (widest wealth support); rolling under a Total_Position_Schedule only restricts to a learned subset — valid.
INFO PLAT_JUL29 DiffSolverV2 LOADED value fn from /home/vretiel/PycharmProjects/riskflow/artifacts/walk_forward/reval48_corridor/run_b015/value_fn_202209_garch_s7.pt (train V_0=-1.08208) | eval-world market drift vs train frame: max 1.06 σ | utility_scale 685142
INFO PLAT_JUL29 DiffV2_Load_Value_Fn: /home/vretiel/PycharmProjects/riskflow/artifacts/walk_forward/reval48_corridor/run_b015/value_fn_202209_garch_s42.pt trained corridor-free (widest wealth support); rolling under a Total_Position_Schedule only restricts to a learned subset — valid.
INFO PLAT_JUL29 DiffSolverV2 LOADED value fn from /home/vretiel/PycharmProjects/riskflow/artifacts/walk_forward/reval48_corridor/run_b015/value_fn_202209_garch_s42.pt (train V_0=-1.06886) | eval-world market drift vs train frame: max 1.12 σ | utility_scale 673004
INFO PLAT_JUL29 DiffV2_Load_Value_Fn: /home/vretiel/PycharmProjects/riskflow/artifacts/walk_forward/reval48_corridor/run_b015/value_fn_202209_garch_s314.pt trained corridor-free (widest wealth support); rolling under a Total_Position_Schedule only restricts to a learned subset — valid.
INFO PLAT_JUL29 DiffSolverV2 LOADED value fn from /home/vretiel/PycharmProjects/riskflow/artifacts/walk_forward/reval48_corridor/run_b015/value_fn_202209_garch_s314.pt (train V_0=-1.0124) | eval-world market drift vs train frame: max 1.12 σ | utility_scale 697225
WARNING PLAT_JUL29 DiffSolverV2 ensemble utility_scale spread 3.47% — members trained against different anchors; averaging is approximate
INFO PLAT_JUL29 DiffSolverV2 action grid: K=165 actions (levels=9 ^ active=3)
INFO PLAT_JUL29 DiffSolverV2 ENSEMBLE argmax over 3 value fns
INFO PLAT_JUL29 DiffSolverV2 STEPPER ROLLOUT (frozen policy, realized path, real accounting):
  greedy   wT=-4.1082e+04 p5=-4.1082e+04 cvar5=-4.1082e+04
  textbook wT=+3.7647e+04 p5=+3.7647e+04 cvar5=+3.7647e+04
  nohedge  wT=+4.1875e+05 p5=+4.1875e+05 cvar5=+4.1875e+05
INFO PLAT_JUL29 DiffSolverV2 VERDICT (OUT-OF-SAMPLE rollout t=0→T over 1 outer paths, start flat):
  policy    u(W_T)mean    W_T mean       W_T p5         W_T CVaR5
  greedy    -0.17965    -7.4488e+04   -7.4488e+04   -7.4488e+04
  textbook  +0.03038    +2.0817e+04   +2.0817e+04   +2.0817e+04
  nohedge   +0.61102    +4.1862e+05   +4.1862e+05   +4.1862e+05
  → on the OBJECTIVE E[u(W_T)]: beats no-hedge=False, beats textbook=False | tail(CVaR5) competitive w/ textbook=False
INFO PLAT_JUL29 DiffSolverV2 greedy positions: mean|q| per instrument=['18.01', '2.38', '17.11'] | q@t0=[-37.5, 0.0, -6.25] | q@mid=[0.0, 0.0, -50.0] (textbook q@t0=[0.0, 0.0, 0.0])
INFO PLAT_JUL29 solve_hedge tracks: {'DiffSolverV2': -1.0821} | ladder holds=True
INFO PLAT_JUL29 JOB 202209 b0.15 DONE: greedy=-16.43 nohedge=167.5 bound=608.84 PASS=True churn=237.5 breaches=0(worst=0)
INFO PLAT_JUL29 === JOB 202210 band=0.15 md=md_202210_garch.json trade_date=2022-10-03 (EVAL-ONLY re-roll) ===
INFO PLAT_JUL29 === TRAIN 202210 seed=7 SKIP (checkpoint exists) ===
INFO PLAT_JUL29 === TRAIN 202210 seed=42 SKIP (checkpoint exists) ===
INFO PLAT_JUL29 === TRAIN 202210 seed=314 SKIP (checkpoint exists) ===
INFO PLAT_JUL29 === ROLL 202210 (stepper, realized path, 3-seed ensemble, inner=512) ===
WARNING md_202210_garch Price Factor 'DiscountRate.USD-SOFR' not found in market data
INFO md_202210_garch Creating default Discount Factor(type='DiscountRate', name=('USD-SOFR',))
INFO PLAT_JUL29 Observed_Scenario substituted 2 factor(s): ['CommodityPrice.PLATINUM_CME', 'ObservedBasis.PLATINUM_CME.LME_CME']
INFO PLAT_JUL29 liability scalars: total_leg_volume=2500.0 last_settlement_index=154
INFO PLAT_JUL29 utility_scale (symlog c) resolved to 572533.55
INFO PLAT_JUL29 DiffSolverV2 setup: n_hedge=3 active=[0, 1, 2] T_dec=125 (of 127 sim steps; last-live mtm=[-2]) B_outer=1 levels=9 fit_iters=60 lr=0.002 | contract_size=[50.0, 50.0, 50.0] | q∈[[-50.0, -50.0, -50.0], [0.0, 0.0, 0.0]] total_abs_limit=50
INFO PLAT_JUL29 DiffSolverV2 inner forks: one_step=True (window {t, t+1} generation+pricing)
INFO PLAT_JUL29 DiffSolverV2 bank IN Total_Position_Schedule (post-projection): residual frac(Σq outside corridor) min=0.000 mean=0.000 max=0.000 | worst t=0 corridor=[-50, -42.5] bank Σq∈[-42.5, -42.5] frac_oob=0.000 (≈0 ⇒ projection clean)
INFO PLAT_JUL29 DiffSolverV2 bank: market_dim=6 | swept W∈[-4.13e+04, 3.439e+05] mean=1.929e+05 std=8.883e+04 | q_rep(t=0)=[0.0, 0.0, 0.0]
INFO PLAT_JUL29 DiffV2_Load_Value_Fn: /home/vretiel/PycharmProjects/riskflow/artifacts/walk_forward/reval48_corridor/run_b015/value_fn_202210_garch_s7.pt trained corridor-free (widest wealth support); rolling under a Total_Position_Schedule only restricts to a learned subset — valid.
INFO PLAT_JUL29 DiffSolverV2 LOADED value fn from /home/vretiel/PycharmProjects/riskflow/artifacts/walk_forward/reval48_corridor/run_b015/value_fn_202210_garch_s7.pt (train V_0=-0.000331679) | eval-world market drift vs train frame: max 1.89 σ | utility_scale 804659
INFO PLAT_JUL29 DiffV2_Load_Value_Fn: /home/vretiel/PycharmProjects/riskflow/artifacts/walk_forward/reval48_corridor/run_b015/value_fn_202210_garch_s42.pt trained corridor-free (widest wealth support); rolling under a Total_Position_Schedule only restricts to a learned subset — valid.
INFO PLAT_JUL29 DiffSolverV2 LOADED value fn from /home/vretiel/PycharmProjects/riskflow/artifacts/walk_forward/reval48_corridor/run_b015/value_fn_202210_garch_s42.pt (train V_0=+0.00911652) | eval-world market drift vs train frame: max 1.93 σ | utility_scale 821893
INFO PLAT_JUL29 DiffV2_Load_Value_Fn: /home/vretiel/PycharmProjects/riskflow/artifacts/walk_forward/reval48_corridor/run_b015/value_fn_202210_garch_s314.pt trained corridor-free (widest wealth support); rolling under a Total_Position_Schedule only restricts to a learned subset — valid.
INFO PLAT_JUL29 DiffSolverV2 LOADED value fn from /home/vretiel/PycharmProjects/riskflow/artifacts/walk_forward/reval48_corridor/run_b015/value_fn_202210_garch_s314.pt (train V_0=+0.019683) | eval-world market drift vs train frame: max 1.95 σ | utility_scale 813213
WARNING PLAT_JUL29 DiffSolverV2 ensemble utility_scale spread 2.1% — members trained against different anchors; averaging is approximate
INFO PLAT_JUL29 DiffSolverV2 action grid: K=165 actions (levels=9 ^ active=3)
INFO PLAT_JUL29 DiffSolverV2 ENSEMBLE argmax over 3 value fns
INFO PLAT_JUL29 DiffSolverV2 STEPPER ROLLOUT (frozen policy, realized path, real accounting):
  greedy   wT=+1.5573e+05 p5=+1.5573e+05 cvar5=+1.5573e+05
  textbook wT=+2.8540e+05 p5=+2.8540e+05 cvar5=+2.8540e+05
  nohedge  wT=+5.1957e+05 p5=+5.1957e+05 cvar5=+5.1957e+05
INFO PLAT_JUL29 DiffSolverV2 VERDICT (OUT-OF-SAMPLE rollout t=0→T over 1 outer paths, start flat):
  policy    u(W_T)mean    W_T mean       W_T p5         W_T CVaR5
  greedy    +0.20407    +1.6596e+05   +1.6596e+05   +1.6596e+05
  textbook  +0.34099    +2.7731e+05   +2.7731e+05   +2.7731e+05
  nohedge   +0.63612    +5.1732e+05   +5.1732e+05   +5.1732e+05
  → on the OBJECTIVE E[u(W_T)]: beats no-hedge=False, beats textbook=False | tail(CVaR5) competitive w/ textbook=False
INFO PLAT_JUL29 DiffSolverV2 greedy positions: mean|q| per instrument=['9.90', '0.70', '31.60'] | q@t0=[-43.75, 0.0, 0.0] | q@mid=[0.0, 0.0, -50.0] (textbook q@t0=[0.0, 0.0, 0.0])
INFO PLAT_JUL29 solve_hedge tracks: {'DiffSolverV2': -0.0003} | ladder holds=True
INFO PLAT_JUL29 JOB 202210 b0.15 DONE: greedy=62.29 nohedge=207.83 bound=675.46 PASS=True churn=325.0 breaches=0(worst=0)
INFO PLAT_JUL29 === JOB 202211 band=0.15 md=md_202210_garch.json trade_date=2022-11-01 (EVAL-ONLY re-roll) ===
INFO PLAT_JUL29 === TRAIN 202211 seed=7 SKIP (checkpoint exists) ===
INFO PLAT_JUL29 === TRAIN 202211 seed=42 SKIP (checkpoint exists) ===
INFO PLAT_JUL29 === TRAIN 202211 seed=314 SKIP (checkpoint exists) ===
INFO PLAT_JUL29 === ROLL 202211 (stepper, realized path, 3-seed ensemble, inner=512) ===
WARNING md_202210_garch Price Factor 'DiscountRate.USD-SOFR' not found in market data
INFO md_202210_garch Creating default Discount Factor(type='DiscountRate', name=('USD-SOFR',))
INFO PLAT_JUL29 Observed_Scenario substituted 2 factor(s): ['CommodityPrice.PLATINUM_CME', 'ObservedBasis.PLATINUM_CME.LME_CME']
INFO PLAT_JUL29 liability scalars: total_leg_volume=2500.0 last_settlement_index=153
INFO PLAT_JUL29 utility_scale (symlog c) resolved to 616289.74
INFO PLAT_JUL29 DiffSolverV2 setup: n_hedge=3 active=[0, 1, 2] T_dec=124 (of 126 sim steps; last-live mtm=[-2]) B_outer=1 levels=9 fit_iters=60 lr=0.002 | contract_size=[50.0, 50.0, 50.0] | q∈[[-50.0, -50.0, -50.0], [0.0, 0.0, 0.0]] total_abs_limit=50
INFO PLAT_JUL29 DiffSolverV2 inner forks: one_step=True (window {t, t+1} generation+pricing)
INFO PLAT_JUL29 DiffSolverV2 bank IN Total_Position_Schedule (post-projection): residual frac(Σq outside corridor) min=0.000 mean=0.000 max=0.000 | worst t=0 corridor=[-50, -42.5] bank Σq∈[-42.5, -42.5] frac_oob=0.000 (≈0 ⇒ projection clean)
INFO PLAT_JUL29 DiffSolverV2 bank: market_dim=6 | swept W∈[-1.098e+05, 1.996e+05] mean=8.129e+04 std=6.824e+04 | q_rep(t=0)=[0.0, 0.0, 0.0]
INFO PLAT_JUL29 DiffV2_Load_Value_Fn: /home/vretiel/PycharmProjects/riskflow/artifacts/walk_forward/reval48_corridor/run_b015/value_fn_202211_garch_s7.pt trained corridor-free (widest wealth support); rolling under a Total_Position_Schedule only restricts to a learned subset — valid.
INFO PLAT_JUL29 DiffSolverV2 LOADED value fn from /home/vretiel/PycharmProjects/riskflow/artifacts/walk_forward/reval48_corridor/run_b015/value_fn_202211_garch_s7.pt (train V_0=-0.0909709) | eval-world market drift vs train frame: max 1.76 σ | utility_scale 865906
INFO PLAT_JUL29 DiffV2_Load_Value_Fn: /home/vretiel/PycharmProjects/riskflow/artifacts/walk_forward/reval48_corridor/run_b015/value_fn_202211_garch_s42.pt trained corridor-free (widest wealth support); rolling under a Total_Position_Schedule only restricts to a learned subset — valid.
INFO PLAT_JUL29 DiffSolverV2 LOADED value fn from /home/vretiel/PycharmProjects/riskflow/artifacts/walk_forward/reval48_corridor/run_b015/value_fn_202211_garch_s42.pt (train V_0=-0.0661472) | eval-world market drift vs train frame: max 1.75 σ | utility_scale 896482
INFO PLAT_JUL29 DiffV2_Load_Value_Fn: /home/vretiel/PycharmProjects/riskflow/artifacts/walk_forward/reval48_corridor/run_b015/value_fn_202211_garch_s314.pt trained corridor-free (widest wealth support); rolling under a Total_Position_Schedule only restricts to a learned subset — valid.
INFO PLAT_JUL29 DiffSolverV2 LOADED value fn from /home/vretiel/PycharmProjects/riskflow/artifacts/walk_forward/reval48_corridor/run_b015/value_fn_202211_garch_s314.pt (train V_0=-0.047348) | eval-world market drift vs train frame: max 1.76 σ | utility_scale 880539
WARNING PLAT_JUL29 DiffSolverV2 ensemble utility_scale spread 3.41% — members trained against different anchors; averaging is approximate
INFO PLAT_JUL29 DiffSolverV2 action grid: K=165 actions (levels=9 ^ active=3)
INFO PLAT_JUL29 DiffSolverV2 ENSEMBLE argmax over 3 value fns
INFO PLAT_JUL29 DiffSolverV2 STEPPER ROLLOUT (frozen policy, realized path, real accounting):
  greedy   wT=+2.4086e+05 p5=+2.4086e+05 cvar5=+2.4086e+05
  textbook wT=+7.2146e+04 p5=+7.2146e+04 cvar5=+7.2146e+04
  nohedge  wT=+1.0959e+05 p5=+1.0959e+05 cvar5=+1.0959e+05
INFO PLAT_JUL29 DiffSolverV2 VERDICT (OUT-OF-SAMPLE rollout t=0→T over 1 outer paths, start flat):
  policy    u(W_T)mean    W_T mean       W_T p5         W_T CVaR5
  greedy    +0.30545    +2.6909e+05   +2.6909e+05   +2.6909e+05
  textbook  +0.08319    +7.3289e+04   +7.3289e+04   +7.3289e+04
  nohedge   +0.12207    +1.0754e+05   +1.0754e+05   +1.0754e+05
  → on the OBJECTIVE E[u(W_T)]: beats no-hedge=True, beats textbook=True | tail(CVaR5) competitive w/ textbook=True
INFO PLAT_JUL29 DiffSolverV2 greedy positions: mean|q| per instrument=['0.00', '24.45', '16.89'] | q@t0=[0.0, -50.0, 0.0] | q@mid=[0.0, -43.75, 0.0] (textbook q@t0=[0.0, 0.0, 0.0])
INFO PLAT_JUL29 solve_hedge tracks: {'DiffSolverV2': -0.091} | ladder holds=True
INFO PLAT_JUL29 JOB 202211 b0.15 DONE: greedy=96.34 nohedge=43.84 bound=654.87 PASS=True churn=343.8 breaches=0(worst=0)
INFO PLAT_JUL29 === JOB 202212 band=0.15 md=md_202212_fresh_garch.json trade_date=2022-12-01 (EVAL-ONLY re-roll) ===
INFO PLAT_JUL29 === TRAIN 202212 seed=7 SKIP (checkpoint exists) ===
INFO PLAT_JUL29 === TRAIN 202212 seed=42 SKIP (checkpoint exists) ===
INFO PLAT_JUL29 === TRAIN 202212 seed=314 SKIP (checkpoint exists) ===
INFO PLAT_JUL29 === ROLL 202212 (stepper, realized path, 3-seed ensemble, inner=512) ===
WARNING md_202212_fresh_garch Price Factor 'DiscountRate.USD-SOFR' not found in market data
INFO md_202212_fresh_garch Creating default Discount Factor(type='DiscountRate', name=('USD-SOFR',))
INFO PLAT_JUL29 Observed_Scenario substituted 2 factor(s): ['CommodityPrice.PLATINUM_CME', 'ObservedBasis.PLATINUM_CME.LME_CME']
INFO PLAT_JUL29 liability scalars: total_leg_volume=2500.0 last_settlement_index=154
INFO PLAT_JUL29 utility_scale (symlog c) resolved to 661727.29
INFO PLAT_JUL29 DiffSolverV2 setup: n_hedge=3 active=[0, 1, 2] T_dec=125 (of 127 sim steps; last-live mtm=[-2]) B_outer=1 levels=9 fit_iters=60 lr=0.002 | contract_size=[50.0, 50.0, 50.0] | q∈[[-50.0, -50.0, -50.0], [0.0, 0.0, 0.0]] total_abs_limit=50
INFO PLAT_JUL29 DiffSolverV2 inner forks: one_step=True (window {t, t+1} generation+pricing)
INFO PLAT_JUL29 DiffSolverV2 bank IN Total_Position_Schedule (post-projection): residual frac(Σq outside corridor) min=0.000 mean=0.000 max=0.000 | worst t=0 corridor=[-50, -42.5] bank Σq∈[-42.5, -42.5] frac_oob=0.000 (≈0 ⇒ projection clean)
INFO PLAT_JUL29 DiffSolverV2 bank: market_dim=6 | swept W∈[-1.133e+05, 1.377e+05] mean=-1025 std=7.031e+04 | q_rep(t=0)=[0.0, 0.0, 0.0]
INFO PLAT_JUL29 DiffV2_Load_Value_Fn: /home/vretiel/PycharmProjects/riskflow/artifacts/walk_forward/reval48_corridor/run_b015/value_fn_202212_garch_s7.pt trained corridor-free (widest wealth support); rolling under a Total_Position_Schedule only restricts to a learned subset — valid.
INFO PLAT_JUL29 DiffSolverV2 LOADED value fn from /home/vretiel/PycharmProjects/riskflow/artifacts/walk_forward/reval48_corridor/run_b015/value_fn_202212_garch_s7.pt (train V_0=-0.315191) | eval-world market drift vs train frame: max 0.334 σ | utility_scale 1.01832e+06
INFO PLAT_JUL29 DiffV2_Load_Value_Fn: /home/vretiel/PycharmProjects/riskflow/artifacts/walk_forward/reval48_corridor/run_b015/value_fn_202212_garch_s42.pt trained corridor-free (widest wealth support); rolling under a Total_Position_Schedule only restricts to a learned subset — valid.
INFO PLAT_JUL29 DiffSolverV2 LOADED value fn from /home/vretiel/PycharmProjects/riskflow/artifacts/walk_forward/reval48_corridor/run_b015/value_fn_202212_garch_s42.pt (train V_0=-0.296027) | eval-world market drift vs train frame: max 0.31 σ | utility_scale 1.04408e+06
INFO PLAT_JUL29 DiffV2_Load_Value_Fn: /home/vretiel/PycharmProjects/riskflow/artifacts/walk_forward/reval48_corridor/run_b015/value_fn_202212_garch_s314.pt trained corridor-free (widest wealth support); rolling under a Total_Position_Schedule only restricts to a learned subset — valid.
INFO PLAT_JUL29 DiffSolverV2 LOADED value fn from /home/vretiel/PycharmProjects/riskflow/artifacts/walk_forward/reval48_corridor/run_b015/value_fn_202212_garch_s314.pt (train V_0=-0.269886) | eval-world market drift vs train frame: max 0.363 σ | utility_scale 1.04473e+06
WARNING PLAT_JUL29 DiffSolverV2 ensemble utility_scale spread 2.53% — members trained against different anchors; averaging is approximate
INFO PLAT_JUL29 DiffSolverV2 action grid: K=165 actions (levels=9 ^ active=3)
INFO PLAT_JUL29 DiffSolverV2 ENSEMBLE argmax over 3 value fns
INFO PLAT_JUL29 DiffSolverV2 STEPPER ROLLOUT (frozen policy, realized path, real accounting):
  greedy   wT=+2.1956e+04 p5=+2.1956e+04 cvar5=+2.1956e+04
  textbook wT=-2.4001e+04 p5=-2.4001e+04 cvar5=-2.4001e+04
  nohedge  wT=-1.4974e+05 p5=-1.4974e+05 cvar5=-1.4974e+05
INFO PLAT_JUL29 DiffSolverV2 VERDICT (OUT-OF-SAMPLE rollout t=0→T over 1 outer paths, start flat):
  policy    u(W_T)mean    W_T mean       W_T p5         W_T CVaR5
  greedy    +0.04225    +4.3755e+04   +4.3755e+04   +4.3755e+04
  textbook  -0.01728    -1.6346e+04   -1.6346e+04   -1.6346e+04
  nohedge   -0.27736    -1.5252e+05   -1.5252e+05   -1.5252e+05
  → on the OBJECTIVE E[u(W_T)]: beats no-hedge=True, beats textbook=True | tail(CVaR5) competitive w/ textbook=True
INFO PLAT_JUL29 DiffSolverV2 greedy positions: mean|q| per instrument=['4.20', '19.25', '16.70'] | q@t0=[0.0, -43.75, 0.0] | q@mid=[0.0, 0.0, -50.0] (textbook q@t0=[0.0, 0.0, 0.0])
INFO PLAT_JUL29 solve_hedge tracks: {'DiffSolverV2': -0.3152} | ladder holds=True
INFO PLAT_JUL29 JOB 202212 b0.15 DONE: greedy=8.78 nohedge=-59.89 bound=678.57 PASS=True churn=412.5 breaches=0(worst=0)
INFO PLAT_JUL29 === JOB 202301 band=0.15 md=md_202301_garch.json trade_date=2023-01-02 (EVAL-ONLY re-roll) ===
INFO PLAT_JUL29 === TRAIN 202301 seed=7 SKIP (checkpoint exists) ===
INFO PLAT_JUL29 === TRAIN 202301 seed=42 SKIP (checkpoint exists) ===
INFO PLAT_JUL29 === TRAIN 202301 seed=314 SKIP (checkpoint exists) ===
INFO PLAT_JUL29 === ROLL 202301 (stepper, realized path, 3-seed ensemble, inner=512) ===
WARNING md_202301_garch Price Factor 'DiscountRate.USD-SOFR' not found in market data
INFO md_202301_garch Creating default Discount Factor(type='DiscountRate', name=('USD-SOFR',))
INFO PLAT_JUL29 Observed_Scenario substituted 2 factor(s): ['CommodityPrice.PLATINUM_CME', 'ObservedBasis.PLATINUM_CME.LME_CME']
INFO PLAT_JUL29 liability scalars: total_leg_volume=2500.0 last_settlement_index=152
INFO PLAT_JUL29 utility_scale (symlog c) resolved to 657283.24
INFO PLAT_JUL29 DiffSolverV2 setup: n_hedge=3 active=[0, 1, 2] T_dec=123 (of 125 sim steps; last-live mtm=[-2]) B_outer=1 levels=9 fit_iters=60 lr=0.002 | contract_size=[50.0, 50.0, 50.0] | q∈[[-50.0, -50.0, -50.0], [0.0, 0.0, 0.0]] total_abs_limit=50
INFO PLAT_JUL29 DiffSolverV2 inner forks: one_step=True (window {t, t+1} generation+pricing)
INFO PLAT_JUL29 DiffSolverV2 bank IN Total_Position_Schedule (post-projection): residual frac(Σq outside corridor) min=0.000 mean=0.000 max=0.000 | worst t=0 corridor=[-50, -42.5] bank Σq∈[-42.5, -42.5] frac_oob=0.000 (≈0 ⇒ projection clean)
INFO PLAT_JUL29 DiffSolverV2 bank: market_dim=6 | swept W∈[1.972e+04, 2.27e+05] mean=1.139e+05 std=4.936e+04 | q_rep(t=0)=[0.0, 0.0, 0.0]
INFO PLAT_JUL29 DiffV2_Load_Value_Fn: /home/vretiel/PycharmProjects/riskflow/artifacts/walk_forward/reval48_corridor/run_b015/value_fn_202301_garch_s7.pt trained corridor-free (widest wealth support); rolling under a Total_Position_Schedule only restricts to a learned subset — valid.
INFO PLAT_JUL29 DiffSolverV2 LOADED value fn from /home/vretiel/PycharmProjects/riskflow/artifacts/walk_forward/reval48_corridor/run_b015/value_fn_202301_garch_s7.pt (train V_0=-0.209812) | eval-world market drift vs train frame: max 0.801 σ | utility_scale 1.04777e+06
INFO PLAT_JUL29 DiffV2_Load_Value_Fn: /home/vretiel/PycharmProjects/riskflow/artifacts/walk_forward/reval48_corridor/run_b015/value_fn_202301_garch_s42.pt trained corridor-free (widest wealth support); rolling under a Total_Position_Schedule only restricts to a learned subset — valid.
INFO PLAT_JUL29 DiffSolverV2 LOADED value fn from /home/vretiel/PycharmProjects/riskflow/artifacts/walk_forward/reval48_corridor/run_b015/value_fn_202301_garch_s42.pt (train V_0=-0.214688) | eval-world market drift vs train frame: max 0.869 σ | utility_scale 1.04846e+06
INFO PLAT_JUL29 DiffV2_Load_Value_Fn: /home/vretiel/PycharmProjects/riskflow/artifacts/walk_forward/reval48_corridor/run_b015/value_fn_202301_garch_s314.pt trained corridor-free (widest wealth support); rolling under a Total_Position_Schedule only restricts to a learned subset — valid.
INFO PLAT_JUL29 DiffSolverV2 LOADED value fn from /home/vretiel/PycharmProjects/riskflow/artifacts/walk_forward/reval48_corridor/run_b015/value_fn_202301_garch_s314.pt (train V_0=-0.209044) | eval-world market drift vs train frame: max 0.85 σ | utility_scale 1.04454e+06
INFO PLAT_JUL29 DiffSolverV2 action grid: K=165 actions (levels=9 ^ active=3)
INFO PLAT_JUL29 DiffSolverV2 ENSEMBLE argmax over 3 value fns
INFO PLAT_JUL29 DiffSolverV2 STEPPER ROLLOUT (frozen policy, realized path, real accounting):
  greedy   wT=+1.0700e+05 p5=+1.0700e+05 cvar5=+1.0700e+05
  textbook wT=+1.8995e+05 p5=+1.8995e+05 cvar5=+1.8995e+05
  nohedge  wT=+6.1180e+04 p5=+6.1180e+04 cvar5=+6.1180e+04
INFO PLAT_JUL29 DiffSolverV2 VERDICT (OUT-OF-SAMPLE rollout t=0→T over 1 outer paths, start flat):
  policy    u(W_T)mean    W_T mean       W_T p5         W_T CVaR5
  greedy    +0.08034    +8.4106e+04   +8.4106e+04   +8.4106e+04
  textbook  +0.16361    +1.7129e+05   +1.7129e+05   +1.7129e+05
  nohedge   +0.05654    +5.9192e+04   +5.9192e+04   +5.9192e+04
  → on the OBJECTIVE E[u(W_T)]: beats no-hedge=True, beats textbook=False | tail(CVaR5) competitive w/ textbook=False
INFO PLAT_JUL29 DiffSolverV2 greedy positions: mean|q| per instrument=['0.00', '14.13', '28.46'] | q@t0=[0.0, -50.0, 0.0] | q@mid=[0.0, 0.0, -50.0] (textbook q@t0=[0.0, 0.0, 0.0])
INFO PLAT_JUL29 solve_hedge tracks: {'DiffSolverV2': -0.2098} | ladder holds=True
INFO PLAT_JUL29 JOB 202301 b0.15 DONE: greedy=42.8 nohedge=24.47 bound=607.03 PASS=True churn=331.2 breaches=0(worst=0)
INFO PLAT_JUL29 === JOB 202302 band=0.15 md=md_202301_garch.json trade_date=2023-02-01 (EVAL-ONLY re-roll) ===
INFO PLAT_JUL29 === TRAIN 202302 seed=7 SKIP (checkpoint exists) ===
INFO PLAT_JUL29 === TRAIN 202302 seed=42 SKIP (checkpoint exists) ===
INFO PLAT_JUL29 === TRAIN 202302 seed=314 SKIP (checkpoint exists) ===
INFO PLAT_JUL29 === ROLL 202302 (stepper, realized path, 3-seed ensemble, inner=512) ===
WARNING md_202301_garch Price Factor 'DiscountRate.USD-SOFR' not found in market data
INFO md_202301_garch Creating default Discount Factor(type='DiscountRate', name=('USD-SOFR',))
INFO PLAT_JUL29 Observed_Scenario substituted 2 factor(s): ['CommodityPrice.PLATINUM_CME', 'ObservedBasis.PLATINUM_CME.LME_CME']
INFO PLAT_JUL29 liability scalars: total_leg_volume=2500.0 last_settlement_index=153
INFO PLAT_JUL29 utility_scale (symlog c) resolved to 378724.67
INFO PLAT_JUL29 DiffSolverV2 setup: n_hedge=3 active=[0, 1, 2] T_dec=124 (of 126 sim steps; last-live mtm=[-2]) B_outer=1 levels=9 fit_iters=60 lr=0.002 | contract_size=[50.0, 50.0, 50.0] | q∈[[-50.0, -50.0, -50.0], [0.0, 0.0, 0.0]] total_abs_limit=50
INFO PLAT_JUL29 DiffSolverV2 inner forks: one_step=True (window {t, t+1} generation+pricing)
INFO PLAT_JUL29 DiffSolverV2 bank IN Total_Position_Schedule (post-projection): residual frac(Σq outside corridor) min=0.000 mean=0.000 max=0.000 | worst t=0 corridor=[-50, -42.5] bank Σq∈[-42.5, -42.5] frac_oob=0.000 (≈0 ⇒ projection clean)
INFO PLAT_JUL29 DiffSolverV2 bank: market_dim=6 | swept W∈[-6.479e+04, 1.376e+05] mean=4521 std=4.186e+04 | q_rep(t=0)=[0.0, 0.0, 0.0]
INFO PLAT_JUL29 DiffV2_Load_Value_Fn: /home/vretiel/PycharmProjects/riskflow/artifacts/walk_forward/reval48_corridor/run_b015/value_fn_202302_garch_s7.pt trained corridor-free (widest wealth support); rolling under a Total_Position_Schedule only restricts to a learned subset — valid.
INFO PLAT_JUL29 DiffSolverV2 LOADED value fn from /home/vretiel/PycharmProjects/riskflow/artifacts/walk_forward/reval48_corridor/run_b015/value_fn_202302_garch_s7.pt (train V_0=-0.261213) | eval-world market drift vs train frame: max 0.663 σ | utility_scale 846198
INFO PLAT_JUL29 DiffV2_Load_Value_Fn: /home/vretiel/PycharmProjects/riskflow/artifacts/walk_forward/reval48_corridor/run_b015/value_fn_202302_garch_s42.pt trained corridor-free (widest wealth support); rolling under a Total_Position_Schedule only restricts to a learned subset — valid.
INFO PLAT_JUL29 DiffSolverV2 LOADED value fn from /home/vretiel/PycharmProjects/riskflow/artifacts/walk_forward/reval48_corridor/run_b015/value_fn_202302_garch_s42.pt (train V_0=-0.199281) | eval-world market drift vs train frame: max 0.715 σ | utility_scale 864315
INFO PLAT_JUL29 DiffV2_Load_Value_Fn: /home/vretiel/PycharmProjects/riskflow/artifacts/walk_forward/reval48_corridor/run_b015/value_fn_202302_garch_s314.pt trained corridor-free (widest wealth support); rolling under a Total_Position_Schedule only restricts to a learned subset — valid.
INFO PLAT_JUL29 DiffSolverV2 LOADED value fn from /home/vretiel/PycharmProjects/riskflow/artifacts/walk_forward/reval48_corridor/run_b015/value_fn_202302_garch_s314.pt (train V_0=-0.1922) | eval-world market drift vs train frame: max 0.685 σ | utility_scale 869701
WARNING PLAT_JUL29 DiffSolverV2 ensemble utility_scale spread 2.7% — members trained against different anchors; averaging is approximate
INFO PLAT_JUL29 DiffSolverV2 action grid: K=165 actions (levels=9 ^ active=3)
INFO PLAT_JUL29 DiffSolverV2 ENSEMBLE argmax over 3 value fns
INFO PLAT_JUL29 DiffSolverV2 STEPPER ROLLOUT (frozen policy, realized path, real accounting):
  greedy   wT=+1.6621e+04 p5=+1.6621e+04 cvar5=+1.6621e+04
  textbook wT=-1.5795e+04 p5=-1.5795e+04 cvar5=-1.5795e+04
  nohedge  wT=+1.5364e+05 p5=+1.5364e+05 cvar5=+1.5364e+05
INFO PLAT_JUL29 DiffSolverV2 VERDICT (OUT-OF-SAMPLE rollout t=0→T over 1 outer paths, start flat):
  policy    u(W_T)mean    W_T mean       W_T p5         W_T CVaR5
  greedy    +0.01171    +1.0070e+04   +1.0070e+04   +1.0070e+04
  textbook  -0.01713    -1.3467e+04   -1.3467e+04   -1.3467e+04
  nohedge   +0.17594    +1.5132e+05   +1.5132e+05   +1.5132e+05
  → on the OBJECTIVE E[u(W_T)]: beats no-hedge=False, beats textbook=True | tail(CVaR5) competitive w/ textbook=True
INFO PLAT_JUL29 DiffSolverV2 greedy positions: mean|q| per instrument=['19.05', '16.83', '2.47'] | q@t0=[0.0, 0.0, -43.75] | q@mid=[-43.75, 0.0, 0.0] (textbook q@t0=[0.0, 0.0, 0.0])
INFO PLAT_JUL29 solve_hedge tracks: {'DiffSolverV2': -0.2612} | ladder holds=True
INFO PLAT_JUL29 JOB 202302 b0.15 DONE: greedy=6.65 nohedge=61.45 bound=625.74 PASS=True churn=468.8 breaches=0(worst=0)
INFO PLAT_JUL29 === JOB 202303 band=0.15 md=md_202303_fresh_garch.json trade_date=2023-03-01 (EVAL-ONLY re-roll) ===
INFO PLAT_JUL29 === TRAIN 202303 seed=7 SKIP (checkpoint exists) ===
INFO PLAT_JUL29 === TRAIN 202303 seed=42 SKIP (checkpoint exists) ===
INFO PLAT_JUL29 === TRAIN 202303 seed=314 SKIP (checkpoint exists) ===
INFO PLAT_JUL29 === ROLL 202303 (stepper, realized path, 3-seed ensemble, inner=512) ===
WARNING md_202303_fresh_garch Price Factor 'DiscountRate.USD-SOFR' not found in market data
INFO md_202303_fresh_garch Creating default Discount Factor(type='DiscountRate', name=('USD-SOFR',))
INFO PLAT_JUL29 Observed_Scenario substituted 2 factor(s): ['CommodityPrice.PLATINUM_CME', 'ObservedBasis.PLATINUM_CME.LME_CME']
INFO PLAT_JUL29 liability scalars: total_leg_volume=2500.0 last_settlement_index=155
INFO PLAT_JUL29 utility_scale (symlog c) resolved to 625650.76
INFO PLAT_JUL29 DiffSolverV2 setup: n_hedge=3 active=[0, 1, 2] T_dec=126 (of 128 sim steps; last-live mtm=[-2]) B_outer=1 levels=9 fit_iters=60 lr=0.002 | contract_size=[50.0, 50.0, 50.0] | q∈[[-50.0, -50.0, -50.0], [0.0, 0.0, 0.0]] total_abs_limit=50
INFO PLAT_JUL29 DiffSolverV2 inner forks: one_step=True (window {t, t+1} generation+pricing)
INFO PLAT_JUL29 DiffSolverV2 bank IN Total_Position_Schedule (post-projection): residual frac(Σq outside corridor) min=0.000 mean=0.000 max=0.000 | worst t=0 corridor=[-50, -42.5] bank Σq∈[-42.5, -42.5] frac_oob=0.000 (≈0 ⇒ projection clean)
INFO PLAT_JUL29 DiffSolverV2 bank: market_dim=6 | swept W∈[-9.134e+04, 1.058e+05] mean=-1476 std=4.815e+04 | q_rep(t=0)=[0.0, 0.0, 0.0]
INFO PLAT_JUL29 DiffV2_Load_Value_Fn: /home/vretiel/PycharmProjects/riskflow/artifacts/walk_forward/reval48_corridor/run_b015/value_fn_202303_garch_s7.pt trained corridor-free (widest wealth support); rolling under a Total_Position_Schedule only restricts to a learned subset — valid.
INFO PLAT_JUL29 DiffSolverV2 LOADED value fn from /home/vretiel/PycharmProjects/riskflow/artifacts/walk_forward/reval48_corridor/run_b015/value_fn_202303_garch_s7.pt (train V_0=-0.461993) | eval-world market drift vs train frame: max 0.614 σ | utility_scale 939443
INFO PLAT_JUL29 DiffV2_Load_Value_Fn: /home/vretiel/PycharmProjects/riskflow/artifacts/walk_forward/reval48_corridor/run_b015/value_fn_202303_garch_s42.pt trained corridor-free (widest wealth support); rolling under a Total_Position_Schedule only restricts to a learned subset — valid.
INFO PLAT_JUL29 DiffSolverV2 LOADED value fn from /home/vretiel/PycharmProjects/riskflow/artifacts/walk_forward/reval48_corridor/run_b015/value_fn_202303_garch_s42.pt (train V_0=-0.452917) | eval-world market drift vs train frame: max 0.505 σ | utility_scale 937341
INFO PLAT_JUL29 DiffV2_Load_Value_Fn: /home/vretiel/PycharmProjects/riskflow/artifacts/walk_forward/reval48_corridor/run_b015/value_fn_202303_garch_s314.pt trained corridor-free (widest wealth support); rolling under a Total_Position_Schedule only restricts to a learned subset — valid.
INFO PLAT_JUL29 DiffSolverV2 LOADED value fn from /home/vretiel/PycharmProjects/riskflow/artifacts/walk_forward/reval48_corridor/run_b015/value_fn_202303_garch_s314.pt (train V_0=-0.415735) | eval-world market drift vs train frame: max 0.599 σ | utility_scale 960269
WARNING PLAT_JUL29 DiffSolverV2 ensemble utility_scale spread 2.39% — members trained against different anchors; averaging is approximate
INFO PLAT_JUL29 DiffSolverV2 action grid: K=165 actions (levels=9 ^ active=3)
INFO PLAT_JUL29 DiffSolverV2 ENSEMBLE argmax over 3 value fns
INFO PLAT_JUL29 DiffSolverV2 STEPPER ROLLOUT (frozen policy, realized path, real accounting):
  greedy   wT=+6.2987e+04 p5=+6.2987e+04 cvar5=+6.2987e+04
  textbook wT=-9.2703e+04 p5=-9.2703e+04 cvar5=-9.2703e+04
  nohedge  wT=+3.0610e+04 p5=+3.0610e+04 cvar5=+3.0610e+04
INFO PLAT_JUL29 DiffSolverV2 VERDICT (OUT-OF-SAMPLE rollout t=0→T over 1 outer paths, start flat):
  policy    u(W_T)mean    W_T mean       W_T p5         W_T CVaR5
  greedy    +0.06262    +5.9215e+04   +5.9215e+04   +5.9215e+04
  textbook  -0.15837    -9.3864e+04   -9.3864e+04   -9.3864e+04
  nohedge   +0.02942    +2.7819e+04   +2.7819e+04   +2.7819e+04
  → on the OBJECTIVE E[u(W_T)]: beats no-hedge=True, beats textbook=True | tail(CVaR5) competitive w/ textbook=True
INFO PLAT_JUL29 DiffSolverV2 greedy positions: mean|q| per instrument=['0.00', '20.83', '19.84'] | q@t0=[0.0, -43.75, 0.0] | q@mid=[0.0, 0.0, -50.0] (textbook q@t0=[0.0, 0.0, 0.0])
INFO PLAT_JUL29 solve_hedge tracks: {'DiffSolverV2': -0.462} | ladder holds=True
INFO PLAT_JUL29 JOB 202303 b0.15 DONE: greedy=25.19 nohedge=12.24 bound=594.21 PASS=True churn=137.5 breaches=0(worst=0)
INFO PLAT_JUL29 === JOB 202304 band=0.15 md=md_202304_garch.json trade_date=2023-04-03 (EVAL-ONLY re-roll) ===
INFO PLAT_JUL29 === TRAIN 202304 seed=7 SKIP (checkpoint exists) ===
INFO PLAT_JUL29 === TRAIN 202304 seed=42 SKIP (checkpoint exists) ===
INFO PLAT_JUL29 === TRAIN 202304 seed=314 SKIP (checkpoint exists) ===
INFO PLAT_JUL29 === ROLL 202304 (stepper, realized path, 3-seed ensemble, inner=512) ===
WARNING md_202304_garch Price Factor 'DiscountRate.USD-SOFR' not found in market data
INFO md_202304_garch Creating default Discount Factor(type='DiscountRate', name=('USD-SOFR',))
INFO PLAT_JUL29 Observed_Scenario substituted 2 factor(s): ['CommodityPrice.PLATINUM_CME', 'ObservedBasis.PLATINUM_CME.LME_CME']
INFO PLAT_JUL29 liability scalars: total_leg_volume=2500.0 last_settlement_index=153
INFO PLAT_JUL29 utility_scale (symlog c) resolved to 491689.22
INFO PLAT_JUL29 DiffSolverV2 setup: n_hedge=3 active=[0, 1, 2] T_dec=124 (of 126 sim steps; last-live mtm=[-2]) B_outer=1 levels=9 fit_iters=60 lr=0.002 | contract_size=[50.0, 50.0, 50.0] | q∈[[-50.0, -50.0, -50.0], [0.0, 0.0, 0.0]] total_abs_limit=50
INFO PLAT_JUL29 DiffSolverV2 inner forks: one_step=True (window {t, t+1} generation+pricing)
INFO PLAT_JUL29 DiffSolverV2 bank IN Total_Position_Schedule (post-projection): residual frac(Σq outside corridor) min=0.000 mean=0.000 max=0.000 | worst t=0 corridor=[-50, -42.5] bank Σq∈[-42.5, -42.5] frac_oob=0.000 (≈0 ⇒ projection clean)
INFO PLAT_JUL29 DiffSolverV2 bank: market_dim=6 | swept W∈[-1.907e+05, 9.336e+04] mean=-5.01e+04 std=7.838e+04 | q_rep(t=0)=[0.0, 0.0, 0.0]
INFO PLAT_JUL29 DiffV2_Load_Value_Fn: /home/vretiel/PycharmProjects/riskflow/artifacts/walk_forward/reval48_corridor/run_b015/value_fn_202304_garch_s7.pt trained corridor-free (widest wealth support); rolling under a Total_Position_Schedule only restricts to a learned subset — valid.
INFO PLAT_JUL29 DiffSolverV2 LOADED value fn from /home/vretiel/PycharmProjects/riskflow/artifacts/walk_forward/reval48_corridor/run_b015/value_fn_202304_garch_s7.pt (train V_0=-0.634051) | eval-world market drift vs train frame: max 1.09 σ | utility_scale 816689
INFO PLAT_JUL29 DiffV2_Load_Value_Fn: /home/vretiel/PycharmProjects/riskflow/artifacts/walk_forward/reval48_corridor/run_b015/value_fn_202304_garch_s42.pt trained corridor-free (widest wealth support); rolling under a Total_Position_Schedule only restricts to a learned subset — valid.
INFO PLAT_JUL29 DiffSolverV2 LOADED value fn from /home/vretiel/PycharmProjects/riskflow/artifacts/walk_forward/reval48_corridor/run_b015/value_fn_202304_garch_s42.pt (train V_0=-0.606725) | eval-world market drift vs train frame: max 1.14 σ | utility_scale 835917
INFO PLAT_JUL29 DiffV2_Load_Value_Fn: /home/vretiel/PycharmProjects/riskflow/artifacts/walk_forward/reval48_corridor/run_b015/value_fn_202304_garch_s314.pt trained corridor-free (widest wealth support); rolling under a Total_Position_Schedule only restricts to a learned subset — valid.
INFO PLAT_JUL29 DiffSolverV2 LOADED value fn from /home/vretiel/PycharmProjects/riskflow/artifacts/walk_forward/reval48_corridor/run_b015/value_fn_202304_garch_s314.pt (train V_0=-0.568434) | eval-world market drift vs train frame: max 1.14 σ | utility_scale 836559
WARNING PLAT_JUL29 DiffSolverV2 ensemble utility_scale spread 2.38% — members trained against different anchors; averaging is approximate
INFO PLAT_JUL29 DiffSolverV2 action grid: K=165 actions (levels=9 ^ active=3)
INFO PLAT_JUL29 DiffSolverV2 ENSEMBLE argmax over 3 value fns
INFO PLAT_JUL29 DiffSolverV2 STEPPER ROLLOUT (frozen policy, realized path, real accounting):
  greedy   wT=+1.4583e+04 p5=+1.4583e+04 cvar5=+1.4583e+04
  textbook wT=-1.1337e+05 p5=-1.1337e+05 cvar5=-1.1337e+05
  nohedge  wT=-1.0272e+05 p5=-1.0272e+05 cvar5=-1.0272e+05
INFO PLAT_JUL29 DiffSolverV2 VERDICT (OUT-OF-SAMPLE rollout t=0→T over 1 outer paths, start flat):
  policy    u(W_T)mean    W_T mean       W_T p5         W_T CVaR5
  greedy    +0.04726    +3.9213e+04   +3.9213e+04   +3.9213e+04
  textbook  -0.22633    -1.0621e+05   -1.0621e+05   -1.0621e+05
  nohedge   -0.22318    -1.0518e+05   -1.0518e+05   -1.0518e+05
  → on the OBJECTIVE E[u(W_T)]: beats no-hedge=True, beats textbook=True | tail(CVaR5) competitive w/ textbook=True
INFO PLAT_JUL29 DiffSolverV2 greedy positions: mean|q| per instrument=['0.00', '9.88', '32.46'] | q@t0=[0.0, -43.75, 0.0] | q@mid=[0.0, 0.0, -50.0] (textbook q@t0=[0.0, 0.0, 0.0])
INFO PLAT_JUL29 solve_hedge tracks: {'DiffSolverV2': -0.6341} | ladder holds=True
INFO PLAT_JUL29 JOB 202304 b0.15 DONE: greedy=5.83 nohedge=-41.09 bound=580.73 PASS=True churn=325.0 breaches=0(worst=0)
INFO PLAT_JUL29 === JOB 202305 band=0.15 md=md_202304_garch.json trade_date=2023-05-01 (EVAL-ONLY re-roll) ===
INFO PLAT_JUL29 === TRAIN 202305 seed=7 SKIP (checkpoint exists) ===
INFO PLAT_JUL29 === TRAIN 202305 seed=42 SKIP (checkpoint exists) ===
INFO PLAT_JUL29 === TRAIN 202305 seed=314 SKIP (checkpoint exists) ===
INFO PLAT_JUL29 === ROLL 202305 (stepper, realized path, 3-seed ensemble, inner=512) ===
WARNING md_202304_garch Price Factor 'DiscountRate.USD-SOFR' not found in market data
INFO md_202304_garch Creating default Discount Factor(type='DiscountRate', name=('USD-SOFR',))
INFO PLAT_JUL29 Observed_Scenario substituted 2 factor(s): ['CommodityPrice.PLATINUM_CME', 'ObservedBasis.PLATINUM_CME.LME_CME']
INFO PLAT_JUL29 liability scalars: total_leg_volume=2500.0 last_settlement_index=156
INFO PLAT_JUL29 utility_scale (symlog c) resolved to 605285.13
INFO PLAT_JUL29 DiffSolverV2 setup: n_hedge=3 active=[0, 1, 2] T_dec=127 (of 129 sim steps; last-live mtm=[-2]) B_outer=1 levels=9 fit_iters=60 lr=0.002 | contract_size=[50.0, 50.0, 50.0] | q∈[[-50.0, -50.0, -50.0], [0.0, 0.0, 0.0]] total_abs_limit=50
INFO PLAT_JUL29 DiffSolverV2 inner forks: one_step=True (window {t, t+1} generation+pricing)
INFO PLAT_JUL29 DiffSolverV2 bank IN Total_Position_Schedule (post-projection): residual frac(Σq outside corridor) min=0.000 mean=0.000 max=0.000 | worst t=0 corridor=[-50, -42.5] bank Σq∈[-42.5, -42.5] frac_oob=0.000 (≈0 ⇒ projection clean)
INFO PLAT_JUL29 DiffSolverV2 bank: market_dim=6 | swept W∈[-5.437e+04, 1.168e+05] mean=4546 std=3.563e+04 | q_rep(t=0)=[0.0, 0.0, 0.0]
INFO PLAT_JUL29 DiffV2_Load_Value_Fn: /home/vretiel/PycharmProjects/riskflow/artifacts/walk_forward/reval48_corridor/run_b015/value_fn_202305_garch_s7.pt trained corridor-free (widest wealth support); rolling under a Total_Position_Schedule only restricts to a learned subset — valid.
INFO PLAT_JUL29 DiffSolverV2 LOADED value fn from /home/vretiel/PycharmProjects/riskflow/artifacts/walk_forward/reval48_corridor/run_b015/value_fn_202305_garch_s7.pt (train V_0=-0.262493) | eval-world market drift vs train frame: max 0.415 σ | utility_scale 950250
INFO PLAT_JUL29 DiffV2_Load_Value_Fn: /home/vretiel/PycharmProjects/riskflow/artifacts/walk_forward/reval48_corridor/run_b015/value_fn_202305_garch_s42.pt trained corridor-free (widest wealth support); rolling under a Total_Position_Schedule only restricts to a learned subset — valid.
INFO PLAT_JUL29 DiffSolverV2 LOADED value fn from /home/vretiel/PycharmProjects/riskflow/artifacts/walk_forward/reval48_corridor/run_b015/value_fn_202305_garch_s42.pt (train V_0=-0.233866) | eval-world market drift vs train frame: max 0.436 σ | utility_scale 946139
INFO PLAT_JUL29 DiffV2_Load_Value_Fn: /home/vretiel/PycharmProjects/riskflow/artifacts/walk_forward/reval48_corridor/run_b015/value_fn_202305_garch_s314.pt trained corridor-free (widest wealth support); rolling under a Total_Position_Schedule only restricts to a learned subset — valid.
INFO PLAT_JUL29 DiffSolverV2 LOADED value fn from /home/vretiel/PycharmProjects/riskflow/artifacts/walk_forward/reval48_corridor/run_b015/value_fn_202305_garch_s314.pt (train V_0=-0.192176) | eval-world market drift vs train frame: max 0.474 σ | utility_scale 983717
WARNING PLAT_JUL29 DiffSolverV2 ensemble utility_scale spread 3.82% — members trained against different anchors; averaging is approximate
INFO PLAT_JUL29 DiffSolverV2 action grid: K=165 actions (levels=9 ^ active=3)
INFO PLAT_JUL29 DiffSolverV2 ENSEMBLE argmax over 3 value fns
INFO PLAT_JUL29 DiffSolverV2 STEPPER ROLLOUT (frozen policy, realized path, real accounting):
  greedy   wT=+8.2646e+04 p5=+8.2646e+04 cvar5=+8.2646e+04
  textbook wT=+4.8316e+03 p5=+4.8316e+03 cvar5=+4.8316e+03
  nohedge  wT=-3.5462e+05 p5=-3.5462e+05 cvar5=-3.5462e+05
INFO PLAT_JUL29 DiffSolverV2 VERDICT (OUT-OF-SAMPLE rollout t=0→T over 1 outer paths, start flat):
  policy    u(W_T)mean    W_T mean       W_T p5         W_T CVaR5
  greedy    +0.02459    +2.3605e+04   +2.3605e+04   +2.3605e+04
  textbook  +0.00107    +1.0262e+03   +1.0262e+03   +1.0262e+03
  nohedge   -1.21018    -3.5851e+05   -3.5851e+05   -3.5851e+05
  → on the OBJECTIVE E[u(W_T)]: beats no-hedge=True, beats textbook=True | tail(CVaR5) competitive w/ textbook=True
INFO PLAT_JUL29 DiffSolverV2 greedy positions: mean|q| per instrument=['18.26', '14.42', '6.94'] | q@t0=[0.0, 0.0, -43.75] | q@mid=[-31.25, -12.5, 0.0] (textbook q@t0=[0.0, 0.0, 0.0])
INFO PLAT_JUL29 solve_hedge tracks: {'DiffSolverV2': -0.2625} | ladder holds=True
INFO PLAT_JUL29 JOB 202305 b0.15 DONE: greedy=33.06 nohedge=-141.85 bound=590.67 PASS=True churn=437.5 breaches=0(worst=0)
INFO PLAT_JUL29 === JOB 202306 band=0.15 md=md_202306_fresh_garch.json trade_date=2023-06-01 (EVAL-ONLY re-roll) ===
INFO PLAT_JUL29 === TRAIN 202306 seed=7 SKIP (checkpoint exists) ===
INFO PLAT_JUL29 === TRAIN 202306 seed=42 SKIP (checkpoint exists) ===
INFO PLAT_JUL29 === TRAIN 202306 seed=314 SKIP (checkpoint exists) ===
INFO PLAT_JUL29 === ROLL 202306 (stepper, realized path, 3-seed ensemble, inner=512) ===
WARNING md_202306_fresh_garch Price Factor 'DiscountRate.USD-SOFR' not found in market data
INFO md_202306_fresh_garch Creating default Discount Factor(type='DiscountRate', name=('USD-SOFR',))
INFO PLAT_JUL29 Observed_Scenario substituted 2 factor(s): ['CommodityPrice.PLATINUM_CME', 'ObservedBasis.PLATINUM_CME.LME_CME']
INFO PLAT_JUL29 liability scalars: total_leg_volume=2500.0 last_settlement_index=155
INFO PLAT_JUL29 utility_scale (symlog c) resolved to 480883.87
INFO PLAT_JUL29 DiffSolverV2 setup: n_hedge=3 active=[0, 1, 2] T_dec=126 (of 128 sim steps; last-live mtm=[-2]) B_outer=1 levels=9 fit_iters=60 lr=0.002 | contract_size=[50.0, 50.0, 50.0] | q∈[[-50.0, -50.0, -50.0], [0.0, 0.0, 0.0]] total_abs_limit=50
INFO PLAT_JUL29 DiffSolverV2 inner forks: one_step=True (window {t, t+1} generation+pricing)
INFO PLAT_JUL29 DiffSolverV2 bank IN Total_Position_Schedule (post-projection): residual frac(Σq outside corridor) min=0.000 mean=0.000 max=0.000 | worst t=0 corridor=[-50, -42.5] bank Σq∈[-42.5, -42.5] frac_oob=0.000 (≈0 ⇒ projection clean)
INFO PLAT_JUL29 DiffSolverV2 bank: market_dim=6 | swept W∈[-6.85e+04, 7.15e+04] mean=-1.186e+04 std=3.497e+04 | q_rep(t=0)=[0.0, 0.0, 0.0]
INFO PLAT_JUL29 DiffV2_Load_Value_Fn: /home/vretiel/PycharmProjects/riskflow/artifacts/walk_forward/reval48_corridor/run_b015/value_fn_202306_garch_s7.pt trained corridor-free (widest wealth support); rolling under a Total_Position_Schedule only restricts to a learned subset — valid.
INFO PLAT_JUL29 DiffSolverV2 LOADED value fn from /home/vretiel/PycharmProjects/riskflow/artifacts/walk_forward/reval48_corridor/run_b015/value_fn_202306_garch_s7.pt (train V_0=-0.508333) | eval-world market drift vs train frame: max 0.548 σ | utility_scale 822530
INFO PLAT_JUL29 DiffV2_Load_Value_Fn: /home/vretiel/PycharmProjects/riskflow/artifacts/walk_forward/reval48_corridor/run_b015/value_fn_202306_garch_s42.pt trained corridor-free (widest wealth support); rolling under a Total_Position_Schedule only restricts to a learned subset — valid.
INFO PLAT_JUL29 DiffSolverV2 LOADED value fn from /home/vretiel/PycharmProjects/riskflow/artifacts/walk_forward/reval48_corridor/run_b015/value_fn_202306_garch_s42.pt (train V_0=-0.500633) | eval-world market drift vs train frame: max 0.444 σ | utility_scale 818412
INFO PLAT_JUL29 DiffV2_Load_Value_Fn: /home/vretiel/PycharmProjects/riskflow/artifacts/walk_forward/reval48_corridor/run_b015/value_fn_202306_garch_s314.pt trained corridor-free (widest wealth support); rolling under a Total_Position_Schedule only restricts to a learned subset — valid.
INFO PLAT_JUL29 DiffSolverV2 LOADED value fn from /home/vretiel/PycharmProjects/riskflow/artifacts/walk_forward/reval48_corridor/run_b015/value_fn_202306_garch_s314.pt (train V_0=-0.457701) | eval-world market drift vs train frame: max 0.532 σ | utility_scale 840630
WARNING PLAT_JUL29 DiffSolverV2 ensemble utility_scale spread 2.64% — members trained against different anchors; averaging is approximate
INFO PLAT_JUL29 DiffSolverV2 action grid: K=165 actions (levels=9 ^ active=3)
INFO PLAT_JUL29 DiffSolverV2 ENSEMBLE argmax over 3 value fns
INFO PLAT_JUL29 DiffSolverV2 STEPPER ROLLOUT (frozen policy, realized path, real accounting):
  greedy   wT=+3.7034e+04 p5=+3.7034e+04 cvar5=+3.7034e+04
  textbook wT=-3.4633e+04 p5=-3.4633e+04 cvar5=-3.4633e+04
  nohedge  wT=-2.0220e+05 p5=-2.0220e+05 cvar5=-2.0220e+05
INFO PLAT_JUL29 DiffSolverV2 VERDICT (OUT-OF-SAMPLE rollout t=0→T over 1 outer paths, start flat):
  policy    u(W_T)mean    W_T mean       W_T p5         W_T CVaR5
  greedy    +0.06671    +5.5184e+04   +5.5184e+04   +5.5184e+04
  textbook  -0.06997    -4.3898e+04   -4.3898e+04   -4.3898e+04
  nohedge   -0.61723    -2.0519e+05   -2.0519e+05   -2.0519e+05
  → on the OBJECTIVE E[u(W_T)]: beats no-hedge=True, beats textbook=True | tail(CVaR5) competitive w/ textbook=True
INFO PLAT_JUL29 DiffSolverV2 greedy positions: mean|q| per instrument=['20.83', '1.04', '18.50'] | q@t0=[-43.75, 0.0, 0.0] | q@mid=[0.0, 0.0, -50.0] (textbook q@t0=[0.0, 0.0, 0.0])
INFO PLAT_JUL29 solve_hedge tracks: {'DiffSolverV2': -0.5083} | ladder holds=True
INFO PLAT_JUL29 JOB 202306 b0.15 DONE: greedy=14.81 nohedge=-80.88 bound=559.36 PASS=True churn=325.0 breaches=0(worst=0)
INFO PLAT_JUL29 === JOB 202307 band=0.15 md=md_202307_garch.json trade_date=2023-07-03 (EVAL-ONLY re-roll) ===
INFO PLAT_JUL29 === TRAIN 202307 seed=7 SKIP (checkpoint exists) ===
INFO PLAT_JUL29 === TRAIN 202307 seed=42 SKIP (checkpoint exists) ===
INFO PLAT_JUL29 === TRAIN 202307 seed=314 SKIP (checkpoint exists) ===
INFO PLAT_JUL29 === ROLL 202307 (stepper, realized path, 3-seed ensemble, inner=512) ===
WARNING md_202307_garch Price Factor 'DiscountRate.USD-SOFR' not found in market data
INFO md_202307_garch Creating default Discount Factor(type='DiscountRate', name=('USD-SOFR',))
INFO PLAT_JUL29 Observed_Scenario substituted 2 factor(s): ['CommodityPrice.PLATINUM_CME', 'ObservedBasis.PLATINUM_CME.LME_CME']
INFO PLAT_JUL29 liability scalars: total_leg_volume=2500.0 last_settlement_index=154
INFO PLAT_JUL29 utility_scale (symlog c) resolved to 373351.15
INFO PLAT_JUL29 DiffSolverV2 setup: n_hedge=3 active=[0, 1, 2] T_dec=125 (of 127 sim steps; last-live mtm=[-2]) B_outer=1 levels=9 fit_iters=60 lr=0.002 | contract_size=[50.0, 50.0, 50.0] | q∈[[-50.0, -50.0, -50.0], [0.0, 0.0, 0.0]] total_abs_limit=50
INFO PLAT_JUL29 DiffSolverV2 inner forks: one_step=True (window {t, t+1} generation+pricing)
INFO PLAT_JUL29 DiffSolverV2 bank IN Total_Position_Schedule (post-projection): residual frac(Σq outside corridor) min=0.000 mean=0.000 max=0.000 | worst t=0 corridor=[-50, -42.5] bank Σq∈[-42.5, -42.5] frac_oob=0.000 (≈0 ⇒ projection clean)
INFO PLAT_JUL29 DiffSolverV2 bank: market_dim=6 | swept W∈[-8.9e+04, 1.109e+05] mean=2939 std=4.578e+04 | q_rep(t=0)=[0.0, 0.0, 0.0]
INFO PLAT_JUL29 DiffV2_Load_Value_Fn: /home/vretiel/PycharmProjects/riskflow/artifacts/walk_forward/reval48_corridor/run_b015/value_fn_202307_garch_s7.pt trained corridor-free (widest wealth support); rolling under a Total_Position_Schedule only restricts to a learned subset — valid.
INFO PLAT_JUL29 DiffSolverV2 LOADED value fn from /home/vretiel/PycharmProjects/riskflow/artifacts/walk_forward/reval48_corridor/run_b015/value_fn_202307_garch_s7.pt (train V_0=-0.568251) | eval-world market drift vs train frame: max 0.917 σ | utility_scale 669465
INFO PLAT_JUL29 DiffV2_Load_Value_Fn: /home/vretiel/PycharmProjects/riskflow/artifacts/walk_forward/reval48_corridor/run_b015/value_fn_202307_garch_s42.pt trained corridor-free (widest wealth support); rolling under a Total_Position_Schedule only restricts to a learned subset — valid.
INFO PLAT_JUL29 DiffSolverV2 LOADED value fn from /home/vretiel/PycharmProjects/riskflow/artifacts/walk_forward/reval48_corridor/run_b015/value_fn_202307_garch_s42.pt (train V_0=-0.537959) | eval-world market drift vs train frame: max 0.965 σ | utility_scale 682429
INFO PLAT_JUL29 DiffV2_Load_Value_Fn: /home/vretiel/PycharmProjects/riskflow/artifacts/walk_forward/reval48_corridor/run_b015/value_fn_202307_garch_s314.pt trained corridor-free (widest wealth support); rolling under a Total_Position_Schedule only restricts to a learned subset — valid.
INFO PLAT_JUL29 DiffSolverV2 LOADED value fn from /home/vretiel/PycharmProjects/riskflow/artifacts/walk_forward/reval48_corridor/run_b015/value_fn_202307_garch_s314.pt (train V_0=-0.494648) | eval-world market drift vs train frame: max 0.96 σ | utility_scale 687619
WARNING PLAT_JUL29 DiffSolverV2 ensemble utility_scale spread 2.64% — members trained against different anchors; averaging is approximate
INFO PLAT_JUL29 DiffSolverV2 action grid: K=165 actions (levels=9 ^ active=3)
INFO PLAT_JUL29 DiffSolverV2 ENSEMBLE argmax over 3 value fns
INFO PLAT_JUL29 DiffSolverV2 STEPPER ROLLOUT (frozen policy, realized path, real accounting):
  greedy   wT=-3.8253e+03 p5=-3.8253e+03 cvar5=-3.8253e+03
  textbook wT=-1.5284e+04 p5=-1.5284e+04 cvar5=-1.5284e+04
  nohedge  wT=-2.5465e+04 p5=-2.5465e+04 cvar5=-2.5465e+04
INFO PLAT_JUL29 DiffSolverV2 VERDICT (OUT-OF-SAMPLE rollout t=0→T over 1 outer paths, start flat):
  policy    u(W_T)mean    W_T mean       W_T p5         W_T CVaR5
  greedy    +0.02107    +1.4326e+04   +1.4326e+04   +1.4326e+04
  textbook  -0.02094    -1.2790e+04   -1.2790e+04   -1.2790e+04
  nohedge   -0.05319    -2.8827e+04   -2.8827e+04   -2.8827e+04
  → on the OBJECTIVE E[u(W_T)]: beats no-hedge=True, beats textbook=True | tail(CVaR5) competitive w/ textbook=True
INFO PLAT_JUL29 DiffSolverV2 greedy positions: mean|q| per instrument=['9.80', '1.40', '30.80'] | q@t0=[-43.75, 0.0, 0.0] | q@mid=[0.0, 0.0, -50.0] (textbook q@t0=[0.0, 0.0, 0.0])
INFO PLAT_JUL29 solve_hedge tracks: {'DiffSolverV2': -0.5683} | ladder holds=True
INFO PLAT_JUL29 JOB 202307 b0.15 DONE: greedy=-1.53 nohedge=-10.19 bound=456.39 PASS=True churn=325.0 breaches=0(worst=0)
INFO PLAT_JUL29 === JOB 202308 band=0.15 md=md_202307_garch.json trade_date=2023-08-01 (EVAL-ONLY re-roll) ===
INFO PLAT_JUL29 === TRAIN 202308 seed=7 SKIP (checkpoint exists) ===
INFO PLAT_JUL29 === TRAIN 202308 seed=42 SKIP (checkpoint exists) ===
INFO PLAT_JUL29 === TRAIN 202308 seed=314 SKIP (checkpoint exists) ===
INFO PLAT_JUL29 === ROLL 202308 (stepper, realized path, 3-seed ensemble, inner=512) ===
WARNING md_202307_garch Price Factor 'DiscountRate.USD-SOFR' not found in market data
INFO md_202307_garch Creating default Discount Factor(type='DiscountRate', name=('USD-SOFR',))
INFO PLAT_JUL29 Observed_Scenario substituted 2 factor(s): ['CommodityPrice.PLATINUM_CME', 'ObservedBasis.PLATINUM_CME.LME_CME']
INFO PLAT_JUL29 liability scalars: total_leg_volume=2500.0 last_settlement_index=155
INFO PLAT_JUL29 utility_scale (symlog c) resolved to 426937.82
INFO PLAT_JUL29 DiffSolverV2 setup: n_hedge=3 active=[0, 1, 2] T_dec=126 (of 128 sim steps; last-live mtm=[-2]) B_outer=1 levels=9 fit_iters=60 lr=0.002 | contract_size=[50.0, 50.0, 50.0] | q∈[[-50.0, -50.0, -50.0], [0.0, 0.0, 0.0]] total_abs_limit=50
INFO PLAT_JUL29 DiffSolverV2 inner forks: one_step=True (window {t, t+1} generation+pricing)
INFO PLAT_JUL29 DiffSolverV2 bank IN Total_Position_Schedule (post-projection): residual frac(Σq outside corridor) min=0.000 mean=0.000 max=0.000 | worst t=0 corridor=[-50, -42.5] bank Σq∈[-42.5, -42.5] frac_oob=0.000 (≈0 ⇒ projection clean)
INFO PLAT_JUL29 DiffSolverV2 bank: market_dim=6 | swept W∈[-5.381e+04, 7.13e+04] mean=9653 std=2.534e+04 | q_rep(t=0)=[0.0, 0.0, 0.0]
INFO PLAT_JUL29 DiffV2_Load_Value_Fn: /home/vretiel/PycharmProjects/riskflow/artifacts/walk_forward/reval48_corridor/run_b015/value_fn_202308_garch_s7.pt trained corridor-free (widest wealth support); rolling under a Total_Position_Schedule only restricts to a learned subset — valid.
INFO PLAT_JUL29 DiffSolverV2 LOADED value fn from /home/vretiel/PycharmProjects/riskflow/artifacts/walk_forward/reval48_corridor/run_b015/value_fn_202308_garch_s7.pt (train V_0=-0.445378) | eval-world market drift vs train frame: max 1.32 σ | utility_scale 725727
INFO PLAT_JUL29 DiffV2_Load_Value_Fn: /home/vretiel/PycharmProjects/riskflow/artifacts/walk_forward/reval48_corridor/run_b015/value_fn_202308_garch_s42.pt trained corridor-free (widest wealth support); rolling under a Total_Position_Schedule only restricts to a learned subset — valid.
INFO PLAT_JUL29 DiffSolverV2 LOADED value fn from /home/vretiel/PycharmProjects/riskflow/artifacts/walk_forward/reval48_corridor/run_b015/value_fn_202308_garch_s42.pt (train V_0=-0.452722) | eval-world market drift vs train frame: max 1.21 σ | utility_scale 715873
INFO PLAT_JUL29 DiffV2_Load_Value_Fn: /home/vretiel/PycharmProjects/riskflow/artifacts/walk_forward/reval48_corridor/run_b015/value_fn_202308_garch_s314.pt trained corridor-free (widest wealth support); rolling under a Total_Position_Schedule only restricts to a learned subset — valid.
INFO PLAT_JUL29 DiffSolverV2 LOADED value fn from /home/vretiel/PycharmProjects/riskflow/artifacts/walk_forward/reval48_corridor/run_b015/value_fn_202308_garch_s314.pt (train V_0=-0.412681) | eval-world market drift vs train frame: max 1.32 σ | utility_scale 733121
WARNING PLAT_JUL29 DiffSolverV2 ensemble utility_scale spread 2.35% — members trained against different anchors; averaging is approximate
INFO PLAT_JUL29 DiffSolverV2 action grid: K=165 actions (levels=9 ^ active=3)
INFO PLAT_JUL29 DiffSolverV2 ENSEMBLE argmax over 3 value fns
INFO PLAT_JUL29 DiffSolverV2 STEPPER ROLLOUT (frozen policy, realized path, real accounting):
  greedy   wT=+8.0936e+04 p5=+8.0936e+04 cvar5=+8.0936e+04
  textbook wT=-1.1387e+04 p5=-1.1387e+04 cvar5=-1.1387e+04
  nohedge  wT=-7.0888e+04 p5=-7.0888e+04 cvar5=-7.0888e+04
INFO PLAT_JUL29 DiffSolverV2 VERDICT (OUT-OF-SAMPLE rollout t=0→T over 1 outer paths, start flat):
  policy    u(W_T)mean    W_T mean       W_T p5         W_T CVaR5
  greedy    +0.09328    +6.7616e+04   +6.7616e+04   +6.7616e+04
  textbook  -0.02239    -1.4491e+04   -1.4491e+04   -1.4491e+04
  nohedge   -0.16449    -7.3963e+04   -7.3963e+04   -7.3963e+04
  → on the OBJECTIVE E[u(W_T)]: beats no-hedge=True, beats textbook=True | tail(CVaR5) competitive w/ textbook=True
INFO PLAT_JUL29 DiffSolverV2 greedy positions: mean|q| per instrument=['0.00', '26.44', '15.87'] | q@t0=[0.0, -50.0, 0.0] | q@mid=[0.0, -50.0, 0.0] (textbook q@t0=[0.0, 0.0, 0.0])
INFO PLAT_JUL29 solve_hedge tracks: {'DiffSolverV2': -0.4454} | ladder holds=True
INFO PLAT_JUL29 JOB 202308 b0.15 DONE: greedy=32.37 nohedge=-28.36 bound=535.92 PASS=True churn=343.8 breaches=0(worst=0)
INFO PLAT_JUL29 === JOB 202309 band=0.15 md=md_202309_fresh_garch.json trade_date=2023-09-01 (EVAL-ONLY re-roll) ===
INFO PLAT_JUL29 === TRAIN 202309 seed=7 SKIP (checkpoint exists) ===
INFO PLAT_JUL29 === TRAIN 202309 seed=42 SKIP (checkpoint exists) ===
INFO PLAT_JUL29 === TRAIN 202309 seed=314 SKIP (checkpoint exists) ===
INFO PLAT_JUL29 === ROLL 202309 (stepper, realized path, 3-seed ensemble, inner=512) ===
WARNING md_202309_fresh_garch Price Factor 'DiscountRate.USD-SOFR' not found in market data
INFO md_202309_fresh_garch Creating default Discount Factor(type='DiscountRate', name=('USD-SOFR',))
INFO PLAT_JUL29 Observed_Scenario substituted 2 factor(s): ['CommodityPrice.PLATINUM_CME', 'ObservedBasis.PLATINUM_CME.LME_CME']
INFO PLAT_JUL29 liability scalars: total_leg_volume=2500.0 last_settlement_index=155
INFO PLAT_JUL29 utility_scale (symlog c) resolved to 332736.96
INFO PLAT_JUL29 DiffSolverV2 setup: n_hedge=3 active=[0, 1, 2] T_dec=126 (of 128 sim steps; last-live mtm=[-2]) B_outer=1 levels=9 fit_iters=60 lr=0.002 | contract_size=[50.0, 50.0, 50.0] | q∈[[-50.0, -50.0, -50.0], [0.0, 0.0, 0.0]] total_abs_limit=50
INFO PLAT_JUL29 DiffSolverV2 inner forks: one_step=True (window {t, t+1} generation+pricing)
INFO PLAT_JUL29 DiffSolverV2 bank IN Total_Position_Schedule (post-projection): residual frac(Σq outside corridor) min=0.000 mean=0.000 max=0.000 | worst t=0 corridor=[-50, -42.5] bank Σq∈[-42.5, -42.5] frac_oob=0.000 (≈0 ⇒ projection clean)
INFO PLAT_JUL29 DiffSolverV2 bank: market_dim=6 | swept W∈[-1.339e+05, 2.627e+04] mean=-2.719e+04 std=3.17e+04 | q_rep(t=0)=[0.0, 0.0, 0.0]
INFO PLAT_JUL29 DiffV2_Load_Value_Fn: /home/vretiel/PycharmProjects/riskflow/artifacts/walk_forward/reval48_corridor/run_b015/value_fn_202309_garch_s7.pt trained corridor-free (widest wealth support); rolling under a Total_Position_Schedule only restricts to a learned subset — valid.
INFO PLAT_JUL29 DiffSolverV2 LOADED value fn from /home/vretiel/PycharmProjects/riskflow/artifacts/walk_forward/reval48_corridor/run_b015/value_fn_202309_garch_s7.pt (train V_0=-0.738597) | eval-world market drift vs train frame: max 0.559 σ | utility_scale 638152
INFO PLAT_JUL29 DiffV2_Load_Value_Fn: /home/vretiel/PycharmProjects/riskflow/artifacts/walk_forward/reval48_corridor/run_b015/value_fn_202309_garch_s42.pt trained corridor-free (widest wealth support); rolling under a Total_Position_Schedule only restricts to a learned subset — valid.
INFO PLAT_JUL29 DiffSolverV2 LOADED value fn from /home/vretiel/PycharmProjects/riskflow/artifacts/walk_forward/reval48_corridor/run_b015/value_fn_202309_garch_s42.pt (train V_0=-0.737914) | eval-world market drift vs train frame: max 0.48 σ | utility_scale 632061
INFO PLAT_JUL29 DiffV2_Load_Value_Fn: /home/vretiel/PycharmProjects/riskflow/artifacts/walk_forward/reval48_corridor/run_b015/value_fn_202309_garch_s314.pt trained corridor-free (widest wealth support); rolling under a Total_Position_Schedule only restricts to a learned subset — valid.
INFO PLAT_JUL29 DiffSolverV2 LOADED value fn from /home/vretiel/PycharmProjects/riskflow/artifacts/walk_forward/reval48_corridor/run_b015/value_fn_202309_garch_s314.pt (train V_0=-0.674847) | eval-world market drift vs train frame: max 0.549 σ | utility_scale 653313
WARNING PLAT_JUL29 DiffSolverV2 ensemble utility_scale spread 3.25% — members trained against different anchors; averaging is approximate
INFO PLAT_JUL29 DiffSolverV2 action grid: K=165 actions (levels=9 ^ active=3)
INFO PLAT_JUL29 DiffSolverV2 ENSEMBLE argmax over 3 value fns
INFO PLAT_JUL29 DiffSolverV2 STEPPER ROLLOUT (frozen policy, realized path, real accounting):
  greedy   wT=-3.7331e+04 p5=-3.7331e+04 cvar5=-3.7331e+04
  textbook wT=-1.7563e+04 p5=-1.7563e+04 cvar5=-1.7563e+04
  nohedge  wT=-8.1363e+04 p5=-8.1363e+04 cvar5=-8.1363e+04
INFO PLAT_JUL29 DiffSolverV2 VERDICT (OUT-OF-SAMPLE rollout t=0→T over 1 outer paths, start flat):
  policy    u(W_T)mean    W_T mean       W_T p5         W_T CVaR5
  greedy    -0.08993    -4.1526e+04   -4.1526e+04   -4.1526e+04
  textbook  -0.04968    -2.5682e+04   -2.5682e+04   -2.5682e+04
  nohedge   -0.23584    -8.4460e+04   -8.4460e+04   -8.4460e+04
  → on the OBJECTIVE E[u(W_T)]: beats no-hedge=True, beats textbook=False | tail(CVaR5) competitive w/ textbook=False
INFO PLAT_JUL29 DiffSolverV2 greedy positions: mean|q| per instrument=['0.00', '21.88', '18.11'] | q@t0=[0.0, -43.75, 0.0] | q@mid=[0.0, 0.0, -50.0] (textbook q@t0=[0.0, 0.0, 0.0])
INFO PLAT_JUL29 solve_hedge tracks: {'DiffSolverV2': -0.7386} | ladder holds=True
INFO PLAT_JUL29 JOB 202309 b0.15 DONE: greedy=-14.93 nohedge=-32.55 bound=548.63 PASS=True churn=325.0 breaches=0(worst=0)
INFO PLAT_JUL29 === JOB 202310 band=0.15 md=md_202310_garch.json trade_date=2023-10-02 (EVAL-ONLY re-roll) ===
INFO PLAT_JUL29 === TRAIN 202310 seed=7 SKIP (checkpoint exists) ===
INFO PLAT_JUL29 === TRAIN 202310 seed=42 SKIP (checkpoint exists) ===
INFO PLAT_JUL29 === TRAIN 202310 seed=314 SKIP (checkpoint exists) ===
INFO PLAT_JUL29 === ROLL 202310 (stepper, realized path, 3-seed ensemble, inner=512) ===
WARNING md_202310_garch Price Factor 'DiscountRate.USD-SOFR' not found in market data
INFO md_202310_garch Creating default Discount Factor(type='DiscountRate', name=('USD-SOFR',))
INFO PLAT_JUL29 Observed_Scenario substituted 2 factor(s): ['CommodityPrice.PLATINUM_CME', 'ObservedBasis.PLATINUM_CME.LME_CME']
INFO PLAT_JUL29 liability scalars: total_leg_volume=2500.0 last_settlement_index=155
INFO PLAT_JUL29 utility_scale (symlog c) resolved to 444932.28
INFO PLAT_JUL29 DiffSolverV2 setup: n_hedge=3 active=[0, 1, 2] T_dec=126 (of 128 sim steps; last-live mtm=[-2]) B_outer=1 levels=9 fit_iters=60 lr=0.002 | contract_size=[50.0, 50.0, 50.0] | q∈[[-50.0, -50.0, -50.0], [0.0, 0.0, 0.0]] total_abs_limit=50
INFO PLAT_JUL29 DiffSolverV2 inner forks: one_step=True (window {t, t+1} generation+pricing)
INFO PLAT_JUL29 DiffSolverV2 bank IN Total_Position_Schedule (post-projection): residual frac(Σq outside corridor) min=0.000 mean=0.000 max=0.000 | worst t=0 corridor=[-50, -42.5] bank Σq∈[-42.5, -42.5] frac_oob=0.000 (≈0 ⇒ projection clean)
INFO PLAT_JUL29 DiffSolverV2 bank: market_dim=6 | swept W∈[-1.28e+05, 4.314e+04] mean=-4.401e+04 std=2.945e+04 | q_rep(t=0)=[0.0, 0.0, 0.0]
INFO PLAT_JUL29 DiffV2_Load_Value_Fn: /home/vretiel/PycharmProjects/riskflow/artifacts/walk_forward/reval48_corridor/run_b015/value_fn_202310_garch_s7.pt trained corridor-free (widest wealth support); rolling under a Total_Position_Schedule only restricts to a learned subset — valid.
INFO PLAT_JUL29 DiffSolverV2 LOADED value fn from /home/vretiel/PycharmProjects/riskflow/artifacts/walk_forward/reval48_corridor/run_b015/value_fn_202310_garch_s7.pt (train V_0=-0.886037) | eval-world market drift vs train frame: max 0.655 σ | utility_scale 682319
INFO PLAT_JUL29 DiffV2_Load_Value_Fn: /home/vretiel/PycharmProjects/riskflow/artifacts/walk_forward/reval48_corridor/run_b015/value_fn_202310_garch_s42.pt trained corridor-free (widest wealth support); rolling under a Total_Position_Schedule only restricts to a learned subset — valid.
INFO PLAT_JUL29 DiffSolverV2 LOADED value fn from /home/vretiel/PycharmProjects/riskflow/artifacts/walk_forward/reval48_corridor/run_b015/value_fn_202310_garch_s42.pt (train V_0=-0.878322) | eval-world market drift vs train frame: max 0.726 σ | utility_scale 677222
INFO PLAT_JUL29 DiffV2_Load_Value_Fn: /home/vretiel/PycharmProjects/riskflow/artifacts/walk_forward/reval48_corridor/run_b015/value_fn_202310_garch_s314.pt trained corridor-free (widest wealth support); rolling under a Total_Position_Schedule only restricts to a learned subset — valid.
INFO PLAT_JUL29 DiffSolverV2 LOADED value fn from /home/vretiel/PycharmProjects/riskflow/artifacts/walk_forward/reval48_corridor/run_b015/value_fn_202310_garch_s314.pt (train V_0=-0.817462) | eval-world market drift vs train frame: max 0.709 σ | utility_scale 691796
WARNING PLAT_JUL29 DiffSolverV2 ensemble utility_scale spread 2.11% — members trained against different anchors; averaging is approximate
INFO PLAT_JUL29 DiffSolverV2 action grid: K=165 actions (levels=9 ^ active=3)
INFO PLAT_JUL29 DiffSolverV2 ENSEMBLE argmax over 3 value fns
INFO PLAT_JUL29 DiffSolverV2 STEPPER ROLLOUT (frozen policy, realized path, real accounting):
  greedy   wT=+6.4195e+03 p5=+6.4195e+03 cvar5=+6.4195e+03
  textbook wT=-3.9629e+04 p5=-3.9629e+04 cvar5=-3.9629e+04
  nohedge  wT=+5.2613e+04 p5=+5.2613e+04 cvar5=+5.2613e+04
INFO PLAT_JUL29 DiffSolverV2 VERDICT (OUT-OF-SAMPLE rollout t=0→T over 1 outer paths, start flat):
  policy    u(W_T)mean    W_T mean       W_T p5         W_T CVaR5
  greedy    +0.01542    +1.0544e+04   +1.0544e+04   +1.0544e+04
  textbook  -0.09025    -4.4407e+04   -4.4407e+04   -4.4407e+04
  nohedge   +0.07238    +4.9495e+04   +4.9495e+04   +4.9495e+04
  → on the OBJECTIVE E[u(W_T)]: beats no-hedge=False, beats textbook=True | tail(CVaR5) competitive w/ textbook=True
INFO PLAT_JUL29 DiffSolverV2 greedy positions: mean|q| per instrument=['0.00', '11.46', '30.46'] | q@t0=[0.0, -43.75, 0.0] | q@mid=[0.0, 0.0, -50.0] (textbook q@t0=[0.0, 0.0, 0.0])
INFO PLAT_JUL29 solve_hedge tracks: {'DiffSolverV2': -0.886} | ladder holds=True
INFO PLAT_JUL29 JOB 202310 b0.15 DONE: greedy=2.57 nohedge=21.05 bound=516.71 PASS=True churn=325.0 breaches=0(worst=0)
INFO PLAT_JUL29 === JOB 202311 band=0.15 md=md_202310_garch.json trade_date=2023-11-01 (EVAL-ONLY re-roll) ===
INFO PLAT_JUL29 === TRAIN 202311 seed=7 SKIP (checkpoint exists) ===
INFO PLAT_JUL29 === TRAIN 202311 seed=42 SKIP (checkpoint exists) ===
INFO PLAT_JUL29 === TRAIN 202311 seed=314 SKIP (checkpoint exists) ===
INFO PLAT_JUL29 === ROLL 202311 (stepper, realized path, 3-seed ensemble, inner=512) ===
WARNING md_202310_garch Price Factor 'DiscountRate.USD-SOFR' not found in market data
INFO md_202310_garch Creating default Discount Factor(type='DiscountRate', name=('USD-SOFR',))
INFO PLAT_JUL29 Observed_Scenario substituted 2 factor(s): ['CommodityPrice.PLATINUM_CME', 'ObservedBasis.PLATINUM_CME.LME_CME']
INFO PLAT_JUL29 liability scalars: total_leg_volume=2500.0 last_settlement_index=154
INFO PLAT_JUL29 utility_scale (symlog c) resolved to 378213.28
INFO PLAT_JUL29 DiffSolverV2 setup: n_hedge=3 active=[0, 1, 2] T_dec=125 (of 127 sim steps; last-live mtm=[-2]) B_outer=1 levels=9 fit_iters=60 lr=0.002 | contract_size=[50.0, 50.0, 50.0] | q∈[[-50.0, -50.0, -50.0], [0.0, 0.0, 0.0]] total_abs_limit=50
INFO PLAT_JUL29 DiffSolverV2 inner forks: one_step=True (window {t, t+1} generation+pricing)
INFO PLAT_JUL29 DiffSolverV2 bank IN Total_Position_Schedule (post-projection): residual frac(Σq outside corridor) min=0.000 mean=0.000 max=0.000 | worst t=0 corridor=[-50, -42.5] bank Σq∈[-42.5, -42.5] frac_oob=0.000 (≈0 ⇒ projection clean)
INFO PLAT_JUL29 DiffSolverV2 bank: market_dim=6 | swept W∈[-3.828e+04, 7.857e+04] mean=9921 std=3.025e+04 | q_rep(t=0)=[0.0, 0.0, 0.0]
INFO PLAT_JUL29 DiffV2_Load_Value_Fn: /home/vretiel/PycharmProjects/riskflow/artifacts/walk_forward/reval48_corridor/run_b015/value_fn_202311_garch_s7.pt trained corridor-free (widest wealth support); rolling under a Total_Position_Schedule only restricts to a learned subset — valid.
INFO PLAT_JUL29 DiffSolverV2 LOADED value fn from /home/vretiel/PycharmProjects/riskflow/artifacts/walk_forward/reval48_corridor/run_b015/value_fn_202311_garch_s7.pt (train V_0=-0.484022) | eval-world market drift vs train frame: max 0.965 σ | utility_scale 673652
INFO PLAT_JUL29 DiffV2_Load_Value_Fn: /home/vretiel/PycharmProjects/riskflow/artifacts/walk_forward/reval48_corridor/run_b015/value_fn_202311_garch_s42.pt trained corridor-free (widest wealth support); rolling under a Total_Position_Schedule only restricts to a learned subset — valid.
INFO PLAT_JUL29 DiffSolverV2 LOADED value fn from /home/vretiel/PycharmProjects/riskflow/artifacts/walk_forward/reval48_corridor/run_b015/value_fn_202311_garch_s42.pt (train V_0=-0.491087) | eval-world market drift vs train frame: max 0.864 σ | utility_scale 674918
INFO PLAT_JUL29 DiffV2_Load_Value_Fn: /home/vretiel/PycharmProjects/riskflow/artifacts/walk_forward/reval48_corridor/run_b015/value_fn_202311_garch_s314.pt trained corridor-free (widest wealth support); rolling under a Total_Position_Schedule only restricts to a learned subset — valid.
INFO PLAT_JUL29 DiffSolverV2 LOADED value fn from /home/vretiel/PycharmProjects/riskflow/artifacts/walk_forward/reval48_corridor/run_b015/value_fn_202311_garch_s314.pt (train V_0=-0.423238) | eval-world market drift vs train frame: max 0.955 σ | utility_scale 696391
WARNING PLAT_JUL29 DiffSolverV2 ensemble utility_scale spread 3.27% — members trained against different anchors; averaging is approximate
INFO PLAT_JUL29 DiffSolverV2 action grid: K=165 actions (levels=9 ^ active=3)
INFO PLAT_JUL29 DiffSolverV2 ENSEMBLE argmax over 3 value fns
INFO PLAT_JUL29 DiffSolverV2 STEPPER ROLLOUT (frozen policy, realized path, real accounting):
  greedy   wT=+2.9282e+03 p5=+2.9282e+03 cvar5=+2.9282e+03
  textbook wT=-2.2126e+04 p5=-2.2126e+04 cvar5=-2.2126e+04
  nohedge  wT=-7.7448e+04 p5=-7.7448e+04 cvar5=-7.7448e+04
INFO PLAT_JUL29 DiffSolverV2 VERDICT (OUT-OF-SAMPLE rollout t=0→T over 1 outer paths, start flat):
  policy    u(W_T)mean    W_T mean       W_T p5         W_T CVaR5
  greedy    -0.00724    -4.7360e+03   -4.7360e+03   -4.7360e+03
  textbook  -0.04276    -2.4053e+04   -2.4053e+04   -2.4053e+04
  nohedge   -0.20318    -8.0895e+04   -8.0895e+04   -8.0895e+04
  → on the OBJECTIVE E[u(W_T)]: beats no-hedge=True, beats textbook=True | tail(CVaR5) competitive w/ textbook=True
INFO PLAT_JUL29 DiffSolverV2 greedy positions: mean|q| per instrument=['0.00', '5.35', '34.05'] | q@t0=[0.0, -43.75, 0.0] | q@mid=[0.0, -6.25, -37.5] (textbook q@t0=[0.0, 0.0, 0.0])
INFO PLAT_JUL29 solve_hedge tracks: {'DiffSolverV2': -0.484} | ladder holds=True
INFO PLAT_JUL29 JOB 202311 b0.15 DONE: greedy=1.17 nohedge=-30.98 bound=568.83 PASS=True churn=137.5 breaches=0(worst=0)
INFO PLAT_JUL29 === JOB 202312 band=0.15 md=md_202312_fresh_garch.json trade_date=2023-12-01 (EVAL-ONLY re-roll) ===
INFO PLAT_JUL29 === TRAIN 202312 seed=7 SKIP (checkpoint exists) ===
INFO PLAT_JUL29 === TRAIN 202312 seed=42 SKIP (checkpoint exists) ===
INFO PLAT_JUL29 === TRAIN 202312 seed=314 SKIP (checkpoint exists) ===
INFO PLAT_JUL29 === ROLL 202312 (stepper, realized path, 3-seed ensemble, inner=512) ===
WARNING md_202312_fresh_garch Price Factor 'DiscountRate.USD-SOFR' not found in market data
INFO md_202312_fresh_garch Creating default Discount Factor(type='DiscountRate', name=('USD-SOFR',))
INFO PLAT_JUL29 Observed_Scenario substituted 2 factor(s): ['CommodityPrice.PLATINUM_CME', 'ObservedBasis.PLATINUM_CME.LME_CME']
INFO PLAT_JUL29 liability scalars: total_leg_volume=2500.0 last_settlement_index=155
INFO PLAT_JUL29 utility_scale (symlog c) resolved to 502621.38
INFO PLAT_JUL29 DiffSolverV2 setup: n_hedge=3 active=[0, 1, 2] T_dec=126 (of 128 sim steps; last-live mtm=[-2]) B_outer=1 levels=9 fit_iters=60 lr=0.002 | contract_size=[50.0, 50.0, 50.0] | q∈[[-50.0, -50.0, -50.0], [0.0, 0.0, 0.0]] total_abs_limit=50
INFO PLAT_JUL29 DiffSolverV2 inner forks: one_step=True (window {t, t+1} generation+pricing)
INFO PLAT_JUL29 DiffSolverV2 bank IN Total_Position_Schedule (post-projection): residual frac(Σq outside corridor) min=0.000 mean=0.000 max=0.000 | worst t=0 corridor=[-50, -42.5] bank Σq∈[-42.5, -42.5] frac_oob=0.000 (≈0 ⇒ projection clean)
INFO PLAT_JUL29 DiffSolverV2 bank: market_dim=6 | swept W∈[-7.022e+04, 7.665e+04] mean=359.8 std=3.337e+04 | q_rep(t=0)=[0.0, 0.0, 0.0]
INFO PLAT_JUL29 DiffV2_Load_Value_Fn: /home/vretiel/PycharmProjects/riskflow/artifacts/walk_forward/reval48_corridor/run_b015/value_fn_202312_garch_s7.pt trained corridor-free (widest wealth support); rolling under a Total_Position_Schedule only restricts to a learned subset — valid.
INFO PLAT_JUL29 DiffSolverV2 LOADED value fn from /home/vretiel/PycharmProjects/riskflow/artifacts/walk_forward/reval48_corridor/run_b015/value_fn_202312_garch_s7.pt (train V_0=-0.478275) | eval-world market drift vs train frame: max 0.395 σ | utility_scale 772763
INFO PLAT_JUL29 DiffV2_Load_Value_Fn: /home/vretiel/PycharmProjects/riskflow/artifacts/walk_forward/reval48_corridor/run_b015/value_fn_202312_garch_s42.pt trained corridor-free (widest wealth support); rolling under a Total_Position_Schedule only restricts to a learned subset — valid.
INFO PLAT_JUL29 DiffSolverV2 LOADED value fn from /home/vretiel/PycharmProjects/riskflow/artifacts/walk_forward/reval48_corridor/run_b015/value_fn_202312_garch_s42.pt (train V_0=-0.469166) | eval-world market drift vs train frame: max 0.301 σ | utility_scale 770967
INFO PLAT_JUL29 DiffV2_Load_Value_Fn: /home/vretiel/PycharmProjects/riskflow/artifacts/walk_forward/reval48_corridor/run_b015/value_fn_202312_garch_s314.pt trained corridor-free (widest wealth support); rolling under a Total_Position_Schedule only restricts to a learned subset — valid.
INFO PLAT_JUL29 DiffSolverV2 LOADED value fn from /home/vretiel/PycharmProjects/riskflow/artifacts/walk_forward/reval48_corridor/run_b015/value_fn_202312_garch_s314.pt (train V_0=-0.430068) | eval-world market drift vs train frame: max 0.379 σ | utility_scale 791641
WARNING PLAT_JUL29 DiffSolverV2 ensemble utility_scale spread 2.61% — members trained against different anchors; averaging is approximate
INFO PLAT_JUL29 DiffSolverV2 action grid: K=165 actions (levels=9 ^ active=3)
INFO PLAT_JUL29 DiffSolverV2 ENSEMBLE argmax over 3 value fns
INFO PLAT_JUL29 DiffSolverV2 STEPPER ROLLOUT (frozen policy, realized path, real accounting):
  greedy   wT=-1.1720e+04 p5=-1.1720e+04 cvar5=-1.1720e+04
  textbook wT=-2.2262e+04 p5=-2.2262e+04 cvar5=-2.2262e+04
  nohedge  wT=-6.0581e+04 p5=-6.0581e+04 cvar5=-6.0581e+04
INFO PLAT_JUL29 DiffSolverV2 VERDICT (OUT-OF-SAMPLE rollout t=0→T over 1 outer paths, start flat):
  policy    u(W_T)mean    W_T mean       W_T p5         W_T CVaR5
  greedy    -0.02038    -1.4292e+04   -1.4292e+04   -1.4292e+04
  textbook  -0.02601    -1.7804e+04   -1.7804e+04   -1.7804e+04
  nohedge   -0.12197    -6.3688e+04   -6.3688e+04   -6.3688e+04
  → on the OBJECTIVE E[u(W_T)]: beats no-hedge=True, beats textbook=True | tail(CVaR5) competitive w/ textbook=True
INFO PLAT_JUL29 DiffSolverV2 greedy positions: mean|q| per instrument=['21.18', '1.39', '17.31'] | q@t0=[-43.75, 0.0, 0.0] | q@mid=[0.0, 0.0, -50.0] (textbook q@t0=[0.0, 0.0, 0.0])
INFO PLAT_JUL29 solve_hedge tracks: {'DiffSolverV2': -0.4783} | ladder holds=True
INFO PLAT_JUL29 JOB 202312 b0.15 DONE: greedy=-4.69 nohedge=-24.23 bound=526.54 PASS=True churn=325.0 breaches=0(worst=0)
INFO PLAT_JUL29 BAND 0.15 COMPLETE
