INFO root BAND 0.60: 48 months, CUDA_VISIBLE_DEVICES=0 riskflow=/home/vretiel/PycharmProjects/riskflow/riskflow/__init__.py
INFO root === JOB 202001 band=0.60 md=md_202001_garch.json trade_date=2020-01-01 (EVAL-ONLY re-roll) ===
INFO root === TRAIN 202001 seed=7 SKIP (checkpoint exists) ===
INFO root === TRAIN 202001 seed=42 SKIP (checkpoint exists) ===
INFO root === TRAIN 202001 seed=314 SKIP (checkpoint exists) ===
INFO root === ROLL 202001 (stepper, realized path, 3-seed ensemble, inner=512) ===
WARNING md_202001_garch Price Factor 'DiscountRate.USD-SOFR' not found in market data
INFO md_202001_garch Creating default Discount Factor(type='DiscountRate', name=('USD-SOFR',))
INFO PLAT_JUL29 Observed_Scenario substituted 2 factor(s): ['CommodityPrice.PLATINUM_CME', 'ObservedBasis.PLATINUM_CME.LME_CME']
INFO PLAT_JUL29 liability scalars: total_leg_volume=2500.0 last_settlement_index=154
INFO PLAT_JUL29 utility_scale (symlog c) resolved to 348060.25
INFO PLAT_JUL29 DiffSolverV2 setup: n_hedge=3 active=[0, 1, 2] T_dec=125 (of 127 sim steps; last-live mtm=[-2]) B_outer=1 levels=9 fit_iters=60 lr=0.002 | contract_size=[50.0, 50.0, 50.0] | q∈[[-50.0, -50.0, -50.0], [0.0, 0.0, 0.0]] total_abs_limit=50
INFO PLAT_JUL29 DiffSolverV2 inner forks: one_step=True (window {t, t+1} generation+pricing)
/home/vretiel/PycharmProjects/riskflow/riskflow/hedge_solver.py:624: UserWarning: var(): degrees of freedom is <= 0. Correction should be strictly less than the reduction factor (input numel divided by output numel). (Triggered internally at /pytorch/aten/src/ATen/native/ReduceOps.cpp:1839.)
  var = dF.var()
INFO PLAT_JUL29 DiffSolverV2 bank IN Total_Position_Schedule (post-projection): residual frac(Σq outside corridor) min=0.000 mean=0.000 max=0.000 | worst t=0 corridor=[-50, -20] bank Σq∈[-29.95, -29.95] frac_oob=0.000 (≈0 ⇒ projection clean)
INFO PLAT_JUL29 DiffSolverV2 bank: market_dim=6 | swept W∈[-6.221e+05, 1.642e+05] mean=-1.185e+05 std=2.173e+05 | q_rep(t=0)=[0.0, 0.0, 0.0]
INFO PLAT_JUL29 DiffV2_Load_Value_Fn: /home/vretiel/PycharmProjects/riskflow/artifacts/walk_forward/reval48_corridor/run_b060/value_fn_202001_garch_s7.pt trained corridor-free (widest wealth support); rolling under a Total_Position_Schedule only restricts to a learned subset — valid.
INFO PLAT_JUL29 DiffSolverV2 LOADED value fn from /home/vretiel/PycharmProjects/riskflow/artifacts/walk_forward/reval48_corridor/run_b060/value_fn_202001_garch_s7.pt (train V_0=-0.419736) | eval-world market drift vs train frame: max 3.71 σ | utility_scale 600741
INFO PLAT_JUL29 DiffV2_Load_Value_Fn: /home/vretiel/PycharmProjects/riskflow/artifacts/walk_forward/reval48_corridor/run_b060/value_fn_202001_garch_s42.pt trained corridor-free (widest wealth support); rolling under a Total_Position_Schedule only restricts to a learned subset — valid.
INFO PLAT_JUL29 DiffSolverV2 LOADED value fn from /home/vretiel/PycharmProjects/riskflow/artifacts/walk_forward/reval48_corridor/run_b060/value_fn_202001_garch_s42.pt (train V_0=-0.416254) | eval-world market drift vs train frame: max 3.6 σ | utility_scale 597951
INFO PLAT_JUL29 DiffV2_Load_Value_Fn: /home/vretiel/PycharmProjects/riskflow/artifacts/walk_forward/reval48_corridor/run_b060/value_fn_202001_garch_s314.pt trained corridor-free (widest wealth support); rolling under a Total_Position_Schedule only restricts to a learned subset — valid.
INFO PLAT_JUL29 DiffSolverV2 LOADED value fn from /home/vretiel/PycharmProjects/riskflow/artifacts/walk_forward/reval48_corridor/run_b060/value_fn_202001_garch_s314.pt (train V_0=-0.37731) | eval-world market drift vs train frame: max 3.82 σ | utility_scale 611497
WARNING PLAT_JUL29 DiffSolverV2 ensemble utility_scale spread 2.22% — members trained against different anchors; averaging is approximate
INFO PLAT_JUL29 DiffSolverV2 action grid: K=165 actions (levels=9 ^ active=3)
INFO PLAT_JUL29 DiffSolverV2 ENSEMBLE argmax over 3 value fns
INFO PLAT_JUL29 DiffSolverV2 STEPPER ROLLOUT (frozen policy, realized path, real accounting):
  greedy   wT=-2.3534e+05 p5=-2.3534e+05 cvar5=-2.3534e+05
  textbook wT=-3.1213e+05 p5=-3.1213e+05 cvar5=-3.1213e+05
  nohedge  wT=-4.8586e+05 p5=-4.8586e+05 cvar5=-4.8586e+05
INFO PLAT_JUL29 DiffSolverV2 VERDICT (OUT-OF-SAMPLE rollout t=0→T over 1 outer paths, start flat):
  policy    u(W_T)mean    W_T mean       W_T p5         W_T CVaR5
  greedy    -1.44084    -2.4965e+05   -2.4965e+05   -2.4965e+05
  textbook  -2.17542    -3.1651e+05   -3.1651e+05   -3.1651e+05
  nohedge   -4.69733    -4.8597e+05   -4.8597e+05   -4.8597e+05
  → on the OBJECTIVE E[u(W_T)]: beats no-hedge=True, beats textbook=True | tail(CVaR5) competitive w/ textbook=True
INFO PLAT_JUL29 DiffSolverV2 greedy positions: mean|q| per instrument=['0.00', '0.00', '26.85'] | q@t0=[0.0, 0.0, -25.0] | q@mid=[0.0, 0.0, -31.25] (textbook q@t0=[0.0, 0.0, 0.0])
INFO PLAT_JUL29 solve_hedge tracks: {'DiffSolverV2': -0.4197} | ladder holds=True
INFO PLAT_JUL29 JOB 202001 b0.60 DONE: greedy=-94.14 nohedge=-194.35 bound=810.1 PASS=True churn=75.0 breaches=0(worst=0)
INFO PLAT_JUL29 === JOB 202002 band=0.60 md=md_202001_garch.json trade_date=2020-02-03 (EVAL-ONLY re-roll) ===
INFO PLAT_JUL29 === TRAIN 202002 seed=7 SKIP (checkpoint exists) ===
INFO PLAT_JUL29 === TRAIN 202002 seed=42 SKIP (checkpoint exists) ===
INFO PLAT_JUL29 === TRAIN 202002 seed=314 SKIP (checkpoint exists) ===
INFO PLAT_JUL29 === ROLL 202002 (stepper, realized path, 3-seed ensemble, inner=512) ===
WARNING md_202001_garch Price Factor 'DiscountRate.USD-SOFR' not found in market data
INFO md_202001_garch Creating default Discount Factor(type='DiscountRate', name=('USD-SOFR',))
INFO PLAT_JUL29 Observed_Scenario substituted 2 factor(s): ['CommodityPrice.PLATINUM_CME', 'ObservedBasis.PLATINUM_CME.LME_CME']
INFO PLAT_JUL29 liability scalars: total_leg_volume=2500.0 last_settlement_index=152
INFO PLAT_JUL29 utility_scale (symlog c) resolved to 460331.21
INFO PLAT_JUL29 DiffSolverV2 setup: n_hedge=3 active=[0, 1, 2] T_dec=123 (of 125 sim steps; last-live mtm=[-2]) B_outer=1 levels=9 fit_iters=60 lr=0.002 | contract_size=[50.0, 50.0, 50.0] | q∈[[-50.0, -50.0, -50.0], [0.0, 0.0, 0.0]] total_abs_limit=50
INFO PLAT_JUL29 DiffSolverV2 inner forks: one_step=True (window {t, t+1} generation+pricing)
INFO PLAT_JUL29 DiffSolverV2 bank IN Total_Position_Schedule (post-projection): residual frac(Σq outside corridor) min=0.000 mean=0.000 max=0.000 | worst t=0 corridor=[-50, -20] bank Σq∈[-29.95, -29.95] frac_oob=0.000 (≈0 ⇒ projection clean)
INFO PLAT_JUL29 DiffSolverV2 bank: market_dim=6 | swept W∈[-5.807e+05, 1.235e+05] mean=-2.117e+05 std=1.636e+05 | q_rep(t=0)=[0.0, 0.0, 0.0]
INFO PLAT_JUL29 DiffV2_Load_Value_Fn: /home/vretiel/PycharmProjects/riskflow/artifacts/walk_forward/reval48_corridor/run_b060/value_fn_202002_garch_s7.pt trained corridor-free (widest wealth support); rolling under a Total_Position_Schedule only restricts to a learned subset — valid.
INFO PLAT_JUL29 DiffSolverV2 LOADED value fn from /home/vretiel/PycharmProjects/riskflow/artifacts/walk_forward/reval48_corridor/run_b060/value_fn_202002_garch_s7.pt (train V_0=-0.452337) | eval-world market drift vs train frame: max 5.04 σ | utility_scale 656743
INFO PLAT_JUL29 DiffV2_Load_Value_Fn: /home/vretiel/PycharmProjects/riskflow/artifacts/walk_forward/reval48_corridor/run_b060/value_fn_202002_garch_s42.pt trained corridor-free (widest wealth support); rolling under a Total_Position_Schedule only restricts to a learned subset — valid.
INFO PLAT_JUL29 DiffSolverV2 LOADED value fn from /home/vretiel/PycharmProjects/riskflow/artifacts/walk_forward/reval48_corridor/run_b060/value_fn_202002_garch_s42.pt (train V_0=-0.461322) | eval-world market drift vs train frame: max 4.77 σ | utility_scale 653937
INFO PLAT_JUL29 DiffV2_Load_Value_Fn: /home/vretiel/PycharmProjects/riskflow/artifacts/walk_forward/reval48_corridor/run_b060/value_fn_202002_garch_s314.pt trained corridor-free (widest wealth support); rolling under a Total_Position_Schedule only restricts to a learned subset — valid.
INFO PLAT_JUL29 DiffSolverV2 LOADED value fn from /home/vretiel/PycharmProjects/riskflow/artifacts/walk_forward/reval48_corridor/run_b060/value_fn_202002_garch_s314.pt (train V_0=-0.439009) | eval-world market drift vs train frame: max 5.15 σ | utility_scale 662742
WARNING PLAT_JUL29 DiffSolverV2 ensemble utility_scale spread 1.33% — members trained against different anchors; averaging is approximate
INFO PLAT_JUL29 DiffSolverV2 action grid: K=165 actions (levels=9 ^ active=3)
INFO PLAT_JUL29 DiffSolverV2 ENSEMBLE argmax over 3 value fns
INFO PLAT_JUL29 DiffSolverV2 STEPPER ROLLOUT (frozen policy, realized path, real accounting):
  greedy   wT=-2.0674e+05 p5=-2.0674e+05 cvar5=-2.0674e+05
  textbook wT=-2.4107e+05 p5=-2.4107e+05 cvar5=-2.4107e+05
  nohedge  wT=-4.3032e+05 p5=-4.3032e+05 cvar5=-4.3032e+05
INFO PLAT_JUL29 DiffSolverV2 VERDICT (OUT-OF-SAMPLE rollout t=0→T over 1 outer paths, start flat):
  policy    u(W_T)mean    W_T mean       W_T p5         W_T CVaR5
  greedy    -1.13862    -2.3694e+05   -2.3694e+05   -2.3694e+05
  textbook  -1.28169    -2.5411e+05   -2.5411e+05   -2.5411e+05
  nohedge   -3.22360    -4.3045e+05   -4.3045e+05   -4.3045e+05
  → on the OBJECTIVE E[u(W_T)]: beats no-hedge=True, beats textbook=True | tail(CVaR5) competitive w/ textbook=True
INFO PLAT_JUL29 DiffSolverV2 greedy positions: mean|q| per instrument=['18.34', '0.15', '5.34'] | q@t0=[-25.0, 0.0, 0.0] | q@mid=[-25.0, 0.0, 0.0] (textbook q@t0=[0.0, 0.0, 0.0])
INFO PLAT_JUL29 solve_hedge tracks: {'DiffSolverV2': -0.4523} | ladder holds=True
INFO PLAT_JUL29 JOB 202002 b0.60 DONE: greedy=-82.7 nohedge=-172.13 bound=892.94 PASS=True churn=112.5 breaches=0(worst=0)
INFO PLAT_JUL29 === JOB 202003 band=0.60 md=md_202001_garch.json trade_date=2020-03-02 (EVAL-ONLY re-roll) ===
INFO PLAT_JUL29 === TRAIN 202003 seed=7 SKIP (checkpoint exists) ===
INFO PLAT_JUL29 === TRAIN 202003 seed=42 SKIP (checkpoint exists) ===
INFO PLAT_JUL29 === TRAIN 202003 seed=314 SKIP (checkpoint exists) ===
INFO PLAT_JUL29 === ROLL 202003 (stepper, realized path, 3-seed ensemble, inner=512) ===
WARNING md_202001_garch Price Factor 'DiscountRate.USD-SOFR' not found in market data
INFO md_202001_garch Creating default Discount Factor(type='DiscountRate', name=('USD-SOFR',))
INFO PLAT_JUL29 Observed_Scenario substituted 2 factor(s): ['CommodityPrice.PLATINUM_CME', 'ObservedBasis.PLATINUM_CME.LME_CME']
INFO PLAT_JUL29 liability scalars: total_leg_volume=2500.0 last_settlement_index=154
INFO PLAT_JUL29 utility_scale (symlog c) resolved to 452624.67
INFO PLAT_JUL29 DiffSolverV2 setup: n_hedge=3 active=[0, 1, 2] T_dec=125 (of 127 sim steps; last-live mtm=[-2]) B_outer=1 levels=9 fit_iters=60 lr=0.002 | contract_size=[50.0, 50.0, 50.0] | q∈[[-50.0, -50.0, -50.0], [0.0, 0.0, 0.0]] total_abs_limit=50
INFO PLAT_JUL29 DiffSolverV2 inner forks: one_step=True (window {t, t+1} generation+pricing)
INFO PLAT_JUL29 DiffSolverV2 bank IN Total_Position_Schedule (post-projection): residual frac(Σq outside corridor) min=0.000 mean=0.000 max=0.000 | worst t=0 corridor=[-50, -20] bank Σq∈[-29.95, -29.95] frac_oob=0.000 (≈0 ⇒ projection clean)
INFO PLAT_JUL29 DiffSolverV2 bank: market_dim=6 | swept W∈[-4.722e+05, 9.809e+04] mean=-1.46e+05 std=1.021e+05 | q_rep(t=0)=[0.0, 0.0, 0.0]
INFO PLAT_JUL29 DiffV2_Load_Value_Fn: /home/vretiel/PycharmProjects/riskflow/artifacts/walk_forward/reval48_corridor/run_b060/value_fn_202003_garch_s7.pt trained corridor-free (widest wealth support); rolling under a Total_Position_Schedule only restricts to a learned subset — valid.
INFO PLAT_JUL29 DiffSolverV2 LOADED value fn from /home/vretiel/PycharmProjects/riskflow/artifacts/walk_forward/reval48_corridor/run_b060/value_fn_202003_garch_s7.pt (train V_0=-0.696585) | eval-world market drift vs train frame: max 5.9 σ | utility_scale 623907
INFO PLAT_JUL29 DiffV2_Load_Value_Fn: /home/vretiel/PycharmProjects/riskflow/artifacts/walk_forward/reval48_corridor/run_b060/value_fn_202003_garch_s42.pt trained corridor-free (widest wealth support); rolling under a Total_Position_Schedule only restricts to a learned subset — valid.
INFO PLAT_JUL29 DiffSolverV2 LOADED value fn from /home/vretiel/PycharmProjects/riskflow/artifacts/walk_forward/reval48_corridor/run_b060/value_fn_202003_garch_s42.pt (train V_0=-0.691215) | eval-world market drift vs train frame: max 5.72 σ | utility_scale 620042
INFO PLAT_JUL29 DiffV2_Load_Value_Fn: /home/vretiel/PycharmProjects/riskflow/artifacts/walk_forward/reval48_corridor/run_b060/value_fn_202003_garch_s314.pt trained corridor-free (widest wealth support); rolling under a Total_Position_Schedule only restricts to a learned subset — valid.
INFO PLAT_JUL29 DiffSolverV2 LOADED value fn from /home/vretiel/PycharmProjects/riskflow/artifacts/walk_forward/reval48_corridor/run_b060/value_fn_202003_garch_s314.pt (train V_0=-0.653791) | eval-world market drift vs train frame: max 6.05 σ | utility_scale 628481
WARNING PLAT_JUL29 DiffSolverV2 ensemble utility_scale spread 1.34% — members trained against different anchors; averaging is approximate
INFO PLAT_JUL29 DiffSolverV2 action grid: K=165 actions (levels=9 ^ active=3)
INFO PLAT_JUL29 DiffSolverV2 ENSEMBLE argmax over 3 value fns
INFO PLAT_JUL29 DiffSolverV2 STEPPER ROLLOUT (frozen policy, realized path, real accounting):
  greedy   wT=-1.8538e+04 p5=-1.8538e+04 cvar5=-1.8538e+04
  textbook wT=-9.8736e+04 p5=-9.8736e+04 cvar5=-9.8736e+04
  nohedge  wT=-1.2486e+05 p5=-1.2486e+05 cvar5=-1.2486e+05
INFO PLAT_JUL29 DiffSolverV2 VERDICT (OUT-OF-SAMPLE rollout t=0→T over 1 outer paths, start flat):
  policy    u(W_T)mean    W_T mean       W_T p5         W_T CVaR5
  greedy    +0.06475    +4.0412e+04   +4.0412e+04   +4.0412e+04
  textbook  -0.29130    -9.5020e+04   -9.5020e+04   -9.5020e+04
  nohedge   -0.44065    -1.2495e+05   -1.2495e+05   -1.2495e+05
  → on the OBJECTIVE E[u(W_T)]: beats no-hedge=True, beats textbook=True | tail(CVaR5) competitive w/ textbook=True
INFO PLAT_JUL29 DiffSolverV2 greedy positions: mean|q| per instrument=['0.00', '0.00', '31.20'] | q@t0=[0.0, 0.0, -25.0] | q@mid=[0.0, 0.0, -25.0] (textbook q@t0=[0.0, 0.0, 0.0])
INFO PLAT_JUL29 solve_hedge tracks: {'DiffSolverV2': -0.6966} | ladder holds=True
INFO PLAT_JUL29 JOB 202003 b0.60 DONE: greedy=-7.42 nohedge=-49.94 bound=845.94 PASS=True churn=150.0 breaches=0(worst=0)
INFO PLAT_JUL29 === JOB 202004 band=0.60 md=md_202004_garch.json trade_date=2020-04-01 (EVAL-ONLY re-roll) ===
INFO PLAT_JUL29 === TRAIN 202004 seed=7 SKIP (checkpoint exists) ===
INFO PLAT_JUL29 === TRAIN 202004 seed=42 SKIP (checkpoint exists) ===
INFO PLAT_JUL29 === TRAIN 202004 seed=314 SKIP (checkpoint exists) ===
INFO PLAT_JUL29 === ROLL 202004 (stepper, realized path, 3-seed ensemble, inner=512) ===
WARNING md_202004_garch Price Factor 'DiscountRate.USD-SOFR' not found in market data
INFO md_202004_garch Creating default Discount Factor(type='DiscountRate', name=('USD-SOFR',))
INFO PLAT_JUL29 Observed_Scenario substituted 2 factor(s): ['CommodityPrice.PLATINUM_CME', 'ObservedBasis.PLATINUM_CME.LME_CME']
INFO PLAT_JUL29 liability scalars: total_leg_volume=2500.0 last_settlement_index=155
INFO PLAT_JUL29 utility_scale (symlog c) resolved to 1082913.88
INFO PLAT_JUL29 DiffSolverV2 setup: n_hedge=3 active=[0, 1, 2] T_dec=126 (of 128 sim steps; last-live mtm=[-2]) B_outer=1 levels=9 fit_iters=60 lr=0.002 | contract_size=[50.0, 50.0, 50.0] | q∈[[-50.0, -50.0, -50.0], [0.0, 0.0, 0.0]] total_abs_limit=50
INFO PLAT_JUL29 DiffSolverV2 inner forks: one_step=True (window {t, t+1} generation+pricing)
INFO PLAT_JUL29 DiffSolverV2 bank IN Total_Position_Schedule (post-projection): residual frac(Σq outside corridor) min=0.000 mean=0.000 max=0.000 | worst t=0 corridor=[-50, -20] bank Σq∈[-29.95, -29.95] frac_oob=0.000 (≈0 ⇒ projection clean)
INFO PLAT_JUL29 DiffSolverV2 bank: market_dim=6 | swept W∈[-7.029e+04, 2.253e+05] mean=1.135e+05 std=7.467e+04 | q_rep(t=0)=[0.0, 0.0, 0.0]
INFO PLAT_JUL29 DiffV2_Load_Value_Fn: /home/vretiel/PycharmProjects/riskflow/artifacts/walk_forward/reval48_corridor/run_b060/value_fn_202004_garch_s7.pt trained corridor-free (widest wealth support); rolling under a Total_Position_Schedule only restricts to a learned subset — valid.
INFO PLAT_JUL29 DiffSolverV2 LOADED value fn from /home/vretiel/PycharmProjects/riskflow/artifacts/walk_forward/reval48_corridor/run_b060/value_fn_202004_garch_s7.pt (train V_0=-0.423584) | eval-world market drift vs train frame: max 1.78 σ | utility_scale 1.3144e+06
INFO PLAT_JUL29 DiffV2_Load_Value_Fn: /home/vretiel/PycharmProjects/riskflow/artifacts/walk_forward/reval48_corridor/run_b060/value_fn_202004_garch_s42.pt trained corridor-free (widest wealth support); rolling under a Total_Position_Schedule only restricts to a learned subset — valid.
INFO PLAT_JUL29 DiffSolverV2 LOADED value fn from /home/vretiel/PycharmProjects/riskflow/artifacts/walk_forward/reval48_corridor/run_b060/value_fn_202004_garch_s42.pt (train V_0=-0.408527) | eval-world market drift vs train frame: max 1.7 σ | utility_scale 1.30419e+06
INFO PLAT_JUL29 DiffV2_Load_Value_Fn: /home/vretiel/PycharmProjects/riskflow/artifacts/walk_forward/reval48_corridor/run_b060/value_fn_202004_garch_s314.pt trained corridor-free (widest wealth support); rolling under a Total_Position_Schedule only restricts to a learned subset — valid.
INFO PLAT_JUL29 DiffSolverV2 LOADED value fn from /home/vretiel/PycharmProjects/riskflow/artifacts/walk_forward/reval48_corridor/run_b060/value_fn_202004_garch_s314.pt (train V_0=-0.387663) | eval-world market drift vs train frame: max 1.82 σ | utility_scale 1.32468e+06
WARNING PLAT_JUL29 DiffSolverV2 ensemble utility_scale spread 1.55% — members trained against different anchors; averaging is approximate
INFO PLAT_JUL29 DiffSolverV2 action grid: K=165 actions (levels=9 ^ active=3)
INFO PLAT_JUL29 DiffSolverV2 ENSEMBLE argmax over 3 value fns
INFO PLAT_JUL29 DiffSolverV2 STEPPER ROLLOUT (frozen policy, realized path, real accounting):
  greedy   wT=+1.1072e+05 p5=+1.1072e+05 cvar5=+1.1072e+05
  textbook wT=+2.1694e+05 p5=+2.1694e+05 cvar5=+2.1694e+05
  nohedge  wT=+3.3850e+05 p5=+3.3850e+05 cvar5=+3.3850e+05
INFO PLAT_JUL29 DiffSolverV2 VERDICT (OUT-OF-SAMPLE rollout t=0→T over 1 outer paths, start flat):
  policy    u(W_T)mean    W_T mean       W_T p5         W_T CVaR5
  greedy    -0.00167    -2.1784e+03   -2.1784e+03   -2.1784e+03
  textbook  +0.17114    +2.2494e+05   +2.2494e+05   +2.2494e+05
  nohedge   +0.25701    +3.3783e+05   +3.3783e+05   +3.3783e+05
  → on the OBJECTIVE E[u(W_T)]: beats no-hedge=False, beats textbook=False | tail(CVaR5) competitive w/ textbook=False
INFO PLAT_JUL29 DiffSolverV2 greedy positions: mean|q| per instrument=['0.10', '18.35', '9.62'] | q@t0=[0.0, -25.0, 0.0] | q@mid=[0.0, -12.5, -18.75] (textbook q@t0=[0.0, 0.0, 0.0])
INFO PLAT_JUL29 solve_hedge tracks: {'DiffSolverV2': -0.4236} | ladder holds=True
INFO PLAT_JUL29 JOB 202004 b0.60 DONE: greedy=44.29 nohedge=135.4 bound=628.43 PASS=True churn=275.0 breaches=0(worst=0)
INFO PLAT_JUL29 === JOB 202005 band=0.60 md=md_202004_garch.json trade_date=2020-05-01 (EVAL-ONLY re-roll) ===
INFO PLAT_JUL29 === TRAIN 202005 seed=7 SKIP (checkpoint exists) ===
INFO PLAT_JUL29 === TRAIN 202005 seed=42 SKIP (checkpoint exists) ===
INFO PLAT_JUL29 === TRAIN 202005 seed=314 SKIP (checkpoint exists) ===
INFO PLAT_JUL29 === ROLL 202005 (stepper, realized path, 3-seed ensemble, inner=512) ===
WARNING md_202004_garch Price Factor 'DiscountRate.USD-SOFR' not found in market data
INFO md_202004_garch Creating default Discount Factor(type='DiscountRate', name=('USD-SOFR',))
INFO PLAT_JUL29 Observed_Scenario substituted 2 factor(s): ['CommodityPrice.PLATINUM_CME', 'ObservedBasis.PLATINUM_CME.LME_CME']
INFO PLAT_JUL29 liability scalars: total_leg_volume=2500.0 last_settlement_index=156
INFO PLAT_JUL29 utility_scale (symlog c) resolved to 674126.17
INFO PLAT_JUL29 DiffSolverV2 setup: n_hedge=3 active=[0, 1, 2] T_dec=127 (of 129 sim steps; last-live mtm=[-2]) B_outer=1 levels=9 fit_iters=60 lr=0.002 | contract_size=[50.0, 50.0, 50.0] | q∈[[-50.0, -50.0, -50.0], [0.0, 0.0, 0.0]] total_abs_limit=50
INFO PLAT_JUL29 DiffSolverV2 inner forks: one_step=True (window {t, t+1} generation+pricing)
INFO PLAT_JUL29 DiffSolverV2 bank IN Total_Position_Schedule (post-projection): residual frac(Σq outside corridor) min=0.000 mean=0.000 max=0.000 | worst t=0 corridor=[-50, -20] bank Σq∈[-29.95, -29.95] frac_oob=0.000 (≈0 ⇒ projection clean)
INFO PLAT_JUL29 DiffSolverV2 bank: market_dim=6 | swept W∈[-6.235e+04, 3.522e+05] mean=1.518e+05 std=1.072e+05 | q_rep(t=0)=[0.0, 0.0, 0.0]
INFO PLAT_JUL29 DiffV2_Load_Value_Fn: /home/vretiel/PycharmProjects/riskflow/artifacts/walk_forward/reval48_corridor/run_b060/value_fn_202005_garch_s7.pt trained corridor-free (widest wealth support); rolling under a Total_Position_Schedule only restricts to a learned subset — valid.
INFO PLAT_JUL29 DiffSolverV2 LOADED value fn from /home/vretiel/PycharmProjects/riskflow/artifacts/walk_forward/reval48_corridor/run_b060/value_fn_202005_garch_s7.pt (train V_0=-0.457096) | eval-world market drift vs train frame: max 1.58 σ | utility_scale 1.10049e+06
INFO PLAT_JUL29 DiffV2_Load_Value_Fn: /home/vretiel/PycharmProjects/riskflow/artifacts/walk_forward/reval48_corridor/run_b060/value_fn_202005_garch_s42.pt trained corridor-free (widest wealth support); rolling under a Total_Position_Schedule only restricts to a learned subset — valid.
INFO PLAT_JUL29 DiffSolverV2 LOADED value fn from /home/vretiel/PycharmProjects/riskflow/artifacts/walk_forward/reval48_corridor/run_b060/value_fn_202005_garch_s42.pt (train V_0=-0.41557) | eval-world market drift vs train frame: max 1.63 σ | utility_scale 1.08134e+06
INFO PLAT_JUL29 DiffV2_Load_Value_Fn: /home/vretiel/PycharmProjects/riskflow/artifacts/walk_forward/reval48_corridor/run_b060/value_fn_202005_garch_s314.pt trained corridor-free (widest wealth support); rolling under a Total_Position_Schedule only restricts to a learned subset — valid.
INFO PLAT_JUL29 DiffSolverV2 LOADED value fn from /home/vretiel/PycharmProjects/riskflow/artifacts/walk_forward/reval48_corridor/run_b060/value_fn_202005_garch_s314.pt (train V_0=-0.348006) | eval-world market drift vs train frame: max 1.71 σ | utility_scale 1.15481e+06
WARNING PLAT_JUL29 DiffSolverV2 ensemble utility_scale spread 6.36% — members trained against different anchors; averaging is approximate
INFO PLAT_JUL29 DiffSolverV2 action grid: K=165 actions (levels=9 ^ active=3)
INFO PLAT_JUL29 DiffSolverV2 ENSEMBLE argmax over 3 value fns
INFO PLAT_JUL29 DiffSolverV2 STEPPER ROLLOUT (frozen policy, realized path, real accounting):
  greedy   wT=+2.8760e+05 p5=+2.8760e+05 cvar5=+2.8760e+05
  textbook wT=+2.8159e+05 p5=+2.8159e+05 cvar5=+2.8159e+05
  nohedge  wT=+4.2396e+05 p5=+4.2396e+05 cvar5=+4.2396e+05
INFO PLAT_JUL29 DiffSolverV2 VERDICT (OUT-OF-SAMPLE rollout t=0→T over 1 outer paths, start flat):
  policy    u(W_T)mean    W_T mean       W_T p5         W_T CVaR5
  greedy    +0.04891    +5.4400e+04   +5.4400e+04   +5.4400e+04
  textbook  +0.25630    +2.8506e+05   +2.8506e+05   +2.8506e+05
  nohedge   +0.38089    +4.2364e+05   +4.2364e+05   +4.2364e+05
  → on the OBJECTIVE E[u(W_T)]: beats no-hedge=False, beats textbook=False | tail(CVaR5) competitive w/ textbook=False
INFO PLAT_JUL29 DiffSolverV2 greedy positions: mean|q| per instrument=['4.23', '0.00', '30.81'] | q@t0=[-25.0, 0.0, 0.0] | q@mid=[0.0, 0.0, -50.0] (textbook q@t0=[0.0, 0.0, 0.0])
INFO PLAT_JUL29 solve_hedge tracks: {'DiffSolverV2': -0.4571} | ladder holds=True
INFO PLAT_JUL29 JOB 202005 b0.60 DONE: greedy=115.04 nohedge=169.58 bound=746.71 PASS=True churn=143.8 breaches=0(worst=0)
INFO PLAT_JUL29 === JOB 202006 band=0.60 md=md_202004_garch.json trade_date=2020-06-01 (EVAL-ONLY re-roll) ===
INFO PLAT_JUL29 === TRAIN 202006 seed=7 SKIP (checkpoint exists) ===
INFO PLAT_JUL29 === TRAIN 202006 seed=42 SKIP (checkpoint exists) ===
INFO PLAT_JUL29 === TRAIN 202006 seed=314 SKIP (checkpoint exists) ===
INFO PLAT_JUL29 === ROLL 202006 (stepper, realized path, 3-seed ensemble, inner=512) ===
WARNING md_202004_garch Price Factor 'DiscountRate.USD-SOFR' not found in market data
INFO md_202004_garch Creating default Discount Factor(type='DiscountRate', name=('USD-SOFR',))
INFO PLAT_JUL29 Observed_Scenario substituted 2 factor(s): ['CommodityPrice.PLATINUM_CME', 'ObservedBasis.PLATINUM_CME.LME_CME']
INFO PLAT_JUL29 liability scalars: total_leg_volume=2500.0 last_settlement_index=155
INFO PLAT_JUL29 utility_scale (symlog c) resolved to 846658.00
INFO PLAT_JUL29 DiffSolverV2 setup: n_hedge=3 active=[0, 1, 2] T_dec=126 (of 128 sim steps; last-live mtm=[-2]) B_outer=1 levels=9 fit_iters=60 lr=0.002 | contract_size=[50.0, 50.0, 50.0] | q∈[[-50.0, -50.0, -50.0], [0.0, 0.0, 0.0]] total_abs_limit=50
INFO PLAT_JUL29 DiffSolverV2 inner forks: one_step=True (window {t, t+1} generation+pricing)
INFO PLAT_JUL29 DiffSolverV2 bank IN Total_Position_Schedule (post-projection): residual frac(Σq outside corridor) min=0.000 mean=0.000 max=0.000 | worst t=0 corridor=[-50, -20] bank Σq∈[-29.95, -29.95] frac_oob=0.000 (≈0 ⇒ projection clean)
INFO PLAT_JUL29 DiffSolverV2 bank: market_dim=6 | swept W∈[2.001e+04, 3.605e+05] mean=1.737e+05 std=8.549e+04 | q_rep(t=0)=[0.0, 0.0, 0.0]
INFO PLAT_JUL29 DiffV2_Load_Value_Fn: /home/vretiel/PycharmProjects/riskflow/artifacts/walk_forward/reval48_corridor/run_b060/value_fn_202006_garch_s7.pt trained corridor-free (widest wealth support); rolling under a Total_Position_Schedule only restricts to a learned subset — valid.
INFO PLAT_JUL29 DiffSolverV2 LOADED value fn from /home/vretiel/PycharmProjects/riskflow/artifacts/walk_forward/reval48_corridor/run_b060/value_fn_202006_garch_s7.pt (train V_0=-0.180687) | eval-world market drift vs train frame: max 1.41 σ | utility_scale 1.28062e+06
INFO PLAT_JUL29 DiffV2_Load_Value_Fn: /home/vretiel/PycharmProjects/riskflow/artifacts/walk_forward/reval48_corridor/run_b060/value_fn_202006_garch_s42.pt trained corridor-free (widest wealth support); rolling under a Total_Position_Schedule only restricts to a learned subset — valid.
INFO PLAT_JUL29 DiffSolverV2 LOADED value fn from /home/vretiel/PycharmProjects/riskflow/artifacts/walk_forward/reval48_corridor/run_b060/value_fn_202006_garch_s42.pt (train V_0=-0.158341) | eval-world market drift vs train frame: max 1.35 σ | utility_scale 1.26852e+06
INFO PLAT_JUL29 DiffV2_Load_Value_Fn: /home/vretiel/PycharmProjects/riskflow/artifacts/walk_forward/reval48_corridor/run_b060/value_fn_202006_garch_s314.pt trained corridor-free (widest wealth support); rolling under a Total_Position_Schedule only restricts to a learned subset — valid.
INFO PLAT_JUL29 DiffSolverV2 LOADED value fn from /home/vretiel/PycharmProjects/riskflow/artifacts/walk_forward/reval48_corridor/run_b060/value_fn_202006_garch_s314.pt (train V_0=-0.139044) | eval-world market drift vs train frame: max 1.46 σ | utility_scale 1.30085e+06
WARNING PLAT_JUL29 DiffSolverV2 ensemble utility_scale spread 2.49% — members trained against different anchors; averaging is approximate
INFO PLAT_JUL29 DiffSolverV2 action grid: K=165 actions (levels=9 ^ active=3)
INFO PLAT_JUL29 DiffSolverV2 ENSEMBLE argmax over 3 value fns
INFO PLAT_JUL29 DiffSolverV2 STEPPER ROLLOUT (frozen policy, realized path, real accounting):
  greedy   wT=+3.6474e+05 p5=+3.6474e+05 cvar5=+3.6474e+05
  textbook wT=+2.0309e+05 p5=+2.0309e+05 cvar5=+2.0309e+05
  nohedge  wT=+2.1824e+05 p5=+2.1824e+05 cvar5=+2.1824e+05
INFO PLAT_JUL29 DiffSolverV2 VERDICT (OUT-OF-SAMPLE rollout t=0→T over 1 outer paths, start flat):
  policy    u(W_T)mean    W_T mean       W_T p5         W_T CVaR5
  greedy    +0.24450    +3.1378e+05   +3.1378e+05   +3.1378e+05
  textbook  +0.16121    +2.0689e+05   +2.0689e+05   +2.0689e+05
  nohedge   +0.16994    +2.1809e+05   +2.1809e+05   +2.1809e+05
  → on the OBJECTIVE E[u(W_T)]: beats no-hedge=True, beats textbook=True | tail(CVaR5) competitive w/ textbook=True
INFO PLAT_JUL29 DiffSolverV2 greedy positions: mean|q| per instrument=['13.54', '5.75', '15.48'] | q@t0=[0.0, 0.0, -25.0] | q@mid=[0.0, 0.0, -25.0] (textbook q@t0=[0.0, 0.0, 0.0])
INFO PLAT_JUL29 solve_hedge tracks: {'DiffSolverV2': -0.1807} | ladder holds=True
INFO PLAT_JUL29 JOB 202006 b0.60 DONE: greedy=145.9 nohedge=87.3 bound=751.38 PASS=True churn=262.5 breaches=0(worst=0)
INFO PLAT_JUL29 === JOB 202007 band=0.60 md=md_202007_garch.json trade_date=2020-07-01 (EVAL-ONLY re-roll) ===
INFO PLAT_JUL29 === TRAIN 202007 seed=7 SKIP (checkpoint exists) ===
INFO PLAT_JUL29 === TRAIN 202007 seed=42 SKIP (checkpoint exists) ===
INFO PLAT_JUL29 === TRAIN 202007 seed=314 SKIP (checkpoint exists) ===
INFO PLAT_JUL29 === ROLL 202007 (stepper, realized path, 3-seed ensemble, inner=512) ===
WARNING md_202007_garch Price Factor 'DiscountRate.USD-SOFR' not found in market data
INFO md_202007_garch Creating default Discount Factor(type='DiscountRate', name=('USD-SOFR',))
INFO PLAT_JUL29 Observed_Scenario substituted 2 factor(s): ['CommodityPrice.PLATINUM_CME', 'ObservedBasis.PLATINUM_CME.LME_CME']
INFO PLAT_JUL29 liability scalars: total_leg_volume=2500.0 last_settlement_index=156
INFO PLAT_JUL29 utility_scale (symlog c) resolved to 531111.45
INFO PLAT_JUL29 DiffSolverV2 setup: n_hedge=3 active=[0, 1, 2] T_dec=127 (of 129 sim steps; last-live mtm=[-2]) B_outer=1 levels=9 fit_iters=60 lr=0.002 | contract_size=[50.0, 50.0, 50.0] | q∈[[-50.0, -50.0, -50.0], [0.0, 0.0, 0.0]] total_abs_limit=50
INFO PLAT_JUL29 DiffSolverV2 inner forks: one_step=True (window {t, t+1} generation+pricing)
INFO PLAT_JUL29 DiffSolverV2 bank IN Total_Position_Schedule (post-projection): residual frac(Σq outside corridor) min=0.000 mean=0.000 max=0.000 | worst t=0 corridor=[-50, -20] bank Σq∈[-29.95, -29.95] frac_oob=0.000 (≈0 ⇒ projection clean)
INFO PLAT_JUL29 DiffSolverV2 bank: market_dim=6 | swept W∈[2209, 3.463e+05] mean=1.555e+05 std=8.019e+04 | q_rep(t=0)=[0.0, 0.0, 0.0]
INFO PLAT_JUL29 DiffV2_Load_Value_Fn: /home/vretiel/PycharmProjects/riskflow/artifacts/walk_forward/reval48_corridor/run_b060/value_fn_202007_garch_s7.pt trained corridor-free (widest wealth support); rolling under a Total_Position_Schedule only restricts to a learned subset — valid.
INFO PLAT_JUL29 DiffSolverV2 LOADED value fn from /home/vretiel/PycharmProjects/riskflow/artifacts/walk_forward/reval48_corridor/run_b060/value_fn_202007_garch_s7.pt (train V_0=-0.579707) | eval-world market drift vs train frame: max 1.79 σ | utility_scale 809182
INFO PLAT_JUL29 DiffV2_Load_Value_Fn: /home/vretiel/PycharmProjects/riskflow/artifacts/walk_forward/reval48_corridor/run_b060/value_fn_202007_garch_s42.pt trained corridor-free (widest wealth support); rolling under a Total_Position_Schedule only restricts to a learned subset — valid.
INFO PLAT_JUL29 DiffSolverV2 LOADED value fn from /home/vretiel/PycharmProjects/riskflow/artifacts/walk_forward/reval48_corridor/run_b060/value_fn_202007_garch_s42.pt (train V_0=-0.530919) | eval-world market drift vs train frame: max 1.86 σ | utility_scale 803363
INFO PLAT_JUL29 DiffV2_Load_Value_Fn: /home/vretiel/PycharmProjects/riskflow/artifacts/walk_forward/reval48_corridor/run_b060/value_fn_202007_garch_s314.pt trained corridor-free (widest wealth support); rolling under a Total_Position_Schedule only restricts to a learned subset — valid.
INFO PLAT_JUL29 DiffSolverV2 LOADED value fn from /home/vretiel/PycharmProjects/riskflow/artifacts/walk_forward/reval48_corridor/run_b060/value_fn_202007_garch_s314.pt (train V_0=-0.464272) | eval-world market drift vs train frame: max 1.92 σ | utility_scale 845778
WARNING PLAT_JUL29 DiffSolverV2 ensemble utility_scale spread 5.01% — members trained against different anchors; averaging is approximate
INFO PLAT_JUL29 DiffSolverV2 action grid: K=165 actions (levels=9 ^ active=3)
INFO PLAT_JUL29 DiffSolverV2 ENSEMBLE argmax over 3 value fns
INFO PLAT_JUL29 DiffSolverV2 STEPPER ROLLOUT (frozen policy, realized path, real accounting):
  greedy   wT=+1.6099e+05 p5=+1.6099e+05 cvar5=+1.6099e+05
  textbook wT=+9.5951e+04 p5=+9.5951e+04 cvar5=+9.5951e+04
  nohedge  wT=+1.5741e+05 p5=+1.5741e+05 cvar5=+1.5741e+05
INFO PLAT_JUL29 DiffSolverV2 VERDICT (OUT-OF-SAMPLE rollout t=0→T over 1 outer paths, start flat):
  policy    u(W_T)mean    W_T mean       W_T p5         W_T CVaR5
  greedy    +0.14968    +1.2265e+05   +1.2265e+05   +1.2265e+05
  textbook  +0.12422    +1.0179e+05   +1.0179e+05   +1.0179e+05
  nohedge   +0.19209    +1.5740e+05   +1.5740e+05   +1.5740e+05
  → on the OBJECTIVE E[u(W_T)]: beats no-hedge=False, beats textbook=True | tail(CVaR5) competitive w/ textbook=True
INFO PLAT_JUL29 DiffSolverV2 greedy positions: mean|q| per instrument=['0.00', '0.79', '44.98'] | q@t0=[0.0, 0.0, -37.5] | q@mid=[0.0, 0.0, -50.0] (textbook q@t0=[0.0, 0.0, 0.0])
INFO PLAT_JUL29 solve_hedge tracks: {'DiffSolverV2': -0.5797} | ladder holds=True
INFO PLAT_JUL29 JOB 202007 b0.60 DONE: greedy=64.4 nohedge=62.96 bound=699.5 PASS=True churn=212.5 breaches=0(worst=0)
INFO PLAT_JUL29 === JOB 202008 band=0.60 md=md_202007_garch.json trade_date=2020-08-03 (EVAL-ONLY re-roll) ===
INFO PLAT_JUL29 === TRAIN 202008 seed=7 SKIP (checkpoint exists) ===
INFO PLAT_JUL29 === TRAIN 202008 seed=42 SKIP (checkpoint exists) ===
INFO PLAT_JUL29 === TRAIN 202008 seed=314 SKIP (checkpoint exists) ===
INFO PLAT_JUL29 === ROLL 202008 (stepper, realized path, 3-seed ensemble, inner=512) ===
WARNING md_202007_garch Price Factor 'DiscountRate.USD-SOFR' not found in market data
INFO md_202007_garch Creating default Discount Factor(type='DiscountRate', name=('USD-SOFR',))
INFO PLAT_JUL29 Observed_Scenario substituted 2 factor(s): ['CommodityPrice.PLATINUM_CME', 'ObservedBasis.PLATINUM_CME.LME_CME']
INFO PLAT_JUL29 liability scalars: total_leg_volume=2500.0 last_settlement_index=153
INFO PLAT_JUL29 utility_scale (symlog c) resolved to 717085.04
INFO PLAT_JUL29 DiffSolverV2 setup: n_hedge=3 active=[0, 1, 2] T_dec=124 (of 126 sim steps; last-live mtm=[-2]) B_outer=1 levels=9 fit_iters=60 lr=0.002 | contract_size=[50.0, 50.0, 50.0] | q∈[[-50.0, -50.0, -50.0], [0.0, 0.0, 0.0]] total_abs_limit=50
INFO PLAT_JUL29 DiffSolverV2 inner forks: one_step=True (window {t, t+1} generation+pricing)
INFO PLAT_JUL29 DiffSolverV2 bank IN Total_Position_Schedule (post-projection): residual frac(Σq outside corridor) min=0.000 mean=0.000 max=0.000 | worst t=0 corridor=[-50, -20] bank Σq∈[-29.95, -29.95] frac_oob=0.000 (≈0 ⇒ projection clean)
INFO PLAT_JUL29 DiffSolverV2 bank: market_dim=6 | swept W∈[-9.416e+04, 1.749e+05] mean=2.156e+04 std=5.765e+04 | q_rep(t=0)=[0.0, 0.0, 0.0]
INFO PLAT_JUL29 DiffV2_Load_Value_Fn: /home/vretiel/PycharmProjects/riskflow/artifacts/walk_forward/reval48_corridor/run_b060/value_fn_202008_garch_s7.pt trained corridor-free (widest wealth support); rolling under a Total_Position_Schedule only restricts to a learned subset — valid.
INFO PLAT_JUL29 DiffSolverV2 LOADED value fn from /home/vretiel/PycharmProjects/riskflow/artifacts/walk_forward/reval48_corridor/run_b060/value_fn_202008_garch_s7.pt (train V_0=-0.360737) | eval-world market drift vs train frame: max 1.63 σ | utility_scale 975759
INFO PLAT_JUL29 DiffV2_Load_Value_Fn: /home/vretiel/PycharmProjects/riskflow/artifacts/walk_forward/reval48_corridor/run_b060/value_fn_202008_garch_s42.pt trained corridor-free (widest wealth support); rolling under a Total_Position_Schedule only restricts to a learned subset — valid.
INFO PLAT_JUL29 DiffSolverV2 LOADED value fn from /home/vretiel/PycharmProjects/riskflow/artifacts/walk_forward/reval48_corridor/run_b060/value_fn_202008_garch_s42.pt (train V_0=-0.323726) | eval-world market drift vs train frame: max 1.61 σ | utility_scale 1.00129e+06
INFO PLAT_JUL29 DiffV2_Load_Value_Fn: /home/vretiel/PycharmProjects/riskflow/artifacts/walk_forward/reval48_corridor/run_b060/value_fn_202008_garch_s314.pt trained corridor-free (widest wealth support); rolling under a Total_Position_Schedule only restricts to a learned subset — valid.
INFO PLAT_JUL29 DiffSolverV2 LOADED value fn from /home/vretiel/PycharmProjects/riskflow/artifacts/walk_forward/reval48_corridor/run_b060/value_fn_202008_garch_s314.pt (train V_0=-0.306798) | eval-world market drift vs train frame: max 1.67 σ | utility_scale 981078
WARNING PLAT_JUL29 DiffSolverV2 ensemble utility_scale spread 2.55% — members trained against different anchors; averaging is approximate
INFO PLAT_JUL29 DiffSolverV2 action grid: K=165 actions (levels=9 ^ active=3)
INFO PLAT_JUL29 DiffSolverV2 ENSEMBLE argmax over 3 value fns
INFO PLAT_JUL29 DiffSolverV2 STEPPER ROLLOUT (frozen policy, realized path, real accounting):
  greedy   wT=-8.3347e+04 p5=-8.3347e+04 cvar5=-8.3347e+04
  textbook wT=+7.7085e+04 p5=+7.7085e+04 cvar5=+7.7085e+04
  nohedge  wT=+3.3988e+03 p5=+3.3988e+03 cvar5=+3.3988e+03
INFO PLAT_JUL29 DiffSolverV2 VERDICT (OUT-OF-SAMPLE rollout t=0→T over 1 outer paths, start flat):
  policy    u(W_T)mean    W_T mean       W_T p5         W_T CVaR5
  greedy    -0.10814    -7.3638e+04   -7.3638e+04   -7.3638e+04
  textbook  +0.06960    +6.8628e+04   +6.8628e+04   +6.8628e+04
  nohedge   +0.00344    +3.3905e+03   +3.3905e+03   +3.3905e+03
  → on the OBJECTIVE E[u(W_T)]: beats no-hedge=False, beats textbook=False | tail(CVaR5) competitive w/ textbook=False
INFO PLAT_JUL29 DiffSolverV2 greedy positions: mean|q| per instrument=['1.51', '21.12', '6.55'] | q@t0=[0.0, 0.0, -50.0] | q@mid=[0.0, -25.0, 0.0] (textbook q@t0=[0.0, 0.0, 0.0])
INFO PLAT_JUL29 solve_hedge tracks: {'DiffSolverV2': -0.3607} | ladder holds=True
INFO PLAT_JUL29 JOB 202008 b0.60 DONE: greedy=-33.34 nohedge=1.36 bound=637.15 PASS=True churn=225.0 breaches=0(worst=0)
INFO PLAT_JUL29 === JOB 202009 band=0.60 md=md_202007_garch.json trade_date=2020-09-01 (EVAL-ONLY re-roll) ===
INFO PLAT_JUL29 === TRAIN 202009 seed=7 SKIP (checkpoint exists) ===
INFO PLAT_JUL29 === TRAIN 202009 seed=42 SKIP (checkpoint exists) ===
INFO PLAT_JUL29 === TRAIN 202009 seed=314 SKIP (checkpoint exists) ===
INFO PLAT_JUL29 === ROLL 202009 (stepper, realized path, 3-seed ensemble, inner=512) ===
WARNING md_202007_garch Price Factor 'DiscountRate.USD-SOFR' not found in market data
INFO md_202007_garch Creating default Discount Factor(type='DiscountRate', name=('USD-SOFR',))
INFO PLAT_JUL29 Observed_Scenario substituted 2 factor(s): ['CommodityPrice.PLATINUM_CME', 'ObservedBasis.PLATINUM_CME.LME_CME']
INFO PLAT_JUL29 liability scalars: total_leg_volume=2500.0 last_settlement_index=155
INFO PLAT_JUL29 utility_scale (symlog c) resolved to 533506.12
INFO PLAT_JUL29 DiffSolverV2 setup: n_hedge=3 active=[0, 1, 2] T_dec=126 (of 128 sim steps; last-live mtm=[-2]) B_outer=1 levels=9 fit_iters=60 lr=0.002 | contract_size=[50.0, 50.0, 50.0] | q∈[[-50.0, -50.0, -50.0], [0.0, 0.0, 0.0]] total_abs_limit=50
INFO PLAT_JUL29 DiffSolverV2 inner forks: one_step=True (window {t, t+1} generation+pricing)
INFO PLAT_JUL29 DiffSolverV2 bank IN Total_Position_Schedule (post-projection): residual frac(Σq outside corridor) min=0.000 mean=0.000 max=0.000 | worst t=0 corridor=[-50, -20] bank Σq∈[-29.95, -29.95] frac_oob=0.000 (≈0 ⇒ projection clean)
INFO PLAT_JUL29 DiffSolverV2 bank: market_dim=6 | swept W∈[-9.831e+04, 2.7e+05] mean=6.546e+04 std=1.06e+05 | q_rep(t=0)=[0.0, 0.0, 0.0]
INFO PLAT_JUL29 DiffV2_Load_Value_Fn: /home/vretiel/PycharmProjects/riskflow/artifacts/walk_forward/reval48_corridor/run_b060/value_fn_202009_garch_s7.pt trained corridor-free (widest wealth support); rolling under a Total_Position_Schedule only restricts to a learned subset — valid.
INFO PLAT_JUL29 DiffSolverV2 LOADED value fn from /home/vretiel/PycharmProjects/riskflow/artifacts/walk_forward/reval48_corridor/run_b060/value_fn_202009_garch_s7.pt (train V_0=-0.539917) | eval-world market drift vs train frame: max 1.55 σ | utility_scale 887296
INFO PLAT_JUL29 DiffV2_Load_Value_Fn: /home/vretiel/PycharmProjects/riskflow/artifacts/walk_forward/reval48_corridor/run_b060/value_fn_202009_garch_s42.pt trained corridor-free (widest wealth support); rolling under a Total_Position_Schedule only restricts to a learned subset — valid.
INFO PLAT_JUL29 DiffSolverV2 LOADED value fn from /home/vretiel/PycharmProjects/riskflow/artifacts/walk_forward/reval48_corridor/run_b060/value_fn_202009_garch_s42.pt (train V_0=-0.512106) | eval-world market drift vs train frame: max 1.49 σ | utility_scale 879538
INFO PLAT_JUL29 DiffV2_Load_Value_Fn: /home/vretiel/PycharmProjects/riskflow/artifacts/walk_forward/reval48_corridor/run_b060/value_fn_202009_garch_s314.pt trained corridor-free (widest wealth support); rolling under a Total_Position_Schedule only restricts to a learned subset — valid.
INFO PLAT_JUL29 DiffSolverV2 LOADED value fn from /home/vretiel/PycharmProjects/riskflow/artifacts/walk_forward/reval48_corridor/run_b060/value_fn_202009_garch_s314.pt (train V_0=-0.482849) | eval-world market drift vs train frame: max 1.59 σ | utility_scale 906251
WARNING PLAT_JUL29 DiffSolverV2 ensemble utility_scale spread 2.95% — members trained against different anchors; averaging is approximate
INFO PLAT_JUL29 DiffSolverV2 action grid: K=165 actions (levels=9 ^ active=3)
INFO PLAT_JUL29 DiffSolverV2 ENSEMBLE argmax over 3 value fns
INFO PLAT_JUL29 DiffSolverV2 STEPPER ROLLOUT (frozen policy, realized path, real accounting):
  greedy   wT=+9.1487e+04 p5=+9.1487e+04 cvar5=+9.1487e+04
  textbook wT=+2.1231e+05 p5=+2.1231e+05 cvar5=+2.1231e+05
  nohedge  wT=+2.2429e+05 p5=+2.2429e+05 cvar5=+2.2429e+05
INFO PLAT_JUL29 DiffSolverV2 VERDICT (OUT-OF-SAMPLE rollout t=0→T over 1 outer paths, start flat):
  policy    u(W_T)mean    W_T mean       W_T p5         W_T CVaR5
  greedy    +0.11863    +1.0571e+05   +1.0571e+05   +1.0571e+05
  textbook  +0.23625    +2.1050e+05   +2.1050e+05   +2.1050e+05
  nohedge   +0.25172    +2.2429e+05   +2.2429e+05   +2.2429e+05
  → on the OBJECTIVE E[u(W_T)]: beats no-hedge=False, beats textbook=False | tail(CVaR5) competitive w/ textbook=False
INFO PLAT_JUL29 DiffSolverV2 greedy positions: mean|q| per instrument=['0.00', '0.00', '39.98'] | q@t0=[0.0, 0.0, -50.0] | q@mid=[0.0, 0.0, -25.0] (textbook q@t0=[0.0, 0.0, 0.0])
INFO PLAT_JUL29 solve_hedge tracks: {'DiffSolverV2': -0.5399} | ladder holds=True
INFO PLAT_JUL29 JOB 202009 b0.60 DONE: greedy=36.59 nohedge=89.72 bound=605.54 PASS=True churn=268.8 breaches=0(worst=0)
INFO PLAT_JUL29 === JOB 202010 band=0.60 md=md_202010_garch.json trade_date=2020-10-01 (EVAL-ONLY re-roll) ===
INFO PLAT_JUL29 === TRAIN 202010 seed=7 SKIP (checkpoint exists) ===
INFO PLAT_JUL29 === TRAIN 202010 seed=42 SKIP (checkpoint exists) ===
INFO PLAT_JUL29 === TRAIN 202010 seed=314 SKIP (checkpoint exists) ===
INFO PLAT_JUL29 === ROLL 202010 (stepper, realized path, 3-seed ensemble, inner=512) ===
WARNING md_202010_garch Price Factor 'DiscountRate.USD-SOFR' not found in market data
INFO md_202010_garch Creating default Discount Factor(type='DiscountRate', name=('USD-SOFR',))
INFO PLAT_JUL29 Observed_Scenario substituted 2 factor(s): ['CommodityPrice.PLATINUM_CME', 'ObservedBasis.PLATINUM_CME.LME_CME']
INFO PLAT_JUL29 liability scalars: total_leg_volume=2500.0 last_settlement_index=156
INFO PLAT_JUL29 utility_scale (symlog c) resolved to 689784.42
INFO PLAT_JUL29 DiffSolverV2 setup: n_hedge=3 active=[0, 1, 2] T_dec=127 (of 129 sim steps; last-live mtm=[-2]) B_outer=1 levels=9 fit_iters=60 lr=0.002 | contract_size=[50.0, 50.0, 50.0] | q∈[[-50.0, -50.0, -50.0], [0.0, 0.0, 0.0]] total_abs_limit=50
INFO PLAT_JUL29 DiffSolverV2 inner forks: one_step=True (window {t, t+1} generation+pricing)
INFO PLAT_JUL29 DiffSolverV2 bank IN Total_Position_Schedule (post-projection): residual frac(Σq outside corridor) min=0.000 mean=0.000 max=0.000 | worst t=0 corridor=[-50, -20] bank Σq∈[-29.95, -29.95] frac_oob=0.000 (≈0 ⇒ projection clean)
INFO PLAT_JUL29 DiffSolverV2 bank: market_dim=6 | swept W∈[-1.755e+04, 5.055e+05] mean=2.397e+05 std=1.81e+05 | q_rep(t=0)=[0.0, 0.0, 0.0]
INFO PLAT_JUL29 DiffV2_Load_Value_Fn: /home/vretiel/PycharmProjects/riskflow/artifacts/walk_forward/reval48_corridor/run_b060/value_fn_202010_garch_s7.pt trained corridor-free (widest wealth support); rolling under a Total_Position_Schedule only restricts to a learned subset — valid.
INFO PLAT_JUL29 DiffSolverV2 LOADED value fn from /home/vretiel/PycharmProjects/riskflow/artifacts/walk_forward/reval48_corridor/run_b060/value_fn_202010_garch_s7.pt (train V_0=-0.425942) | eval-world market drift vs train frame: max 0.921 σ | utility_scale 963384
INFO PLAT_JUL29 DiffV2_Load_Value_Fn: /home/vretiel/PycharmProjects/riskflow/artifacts/walk_forward/reval48_corridor/run_b060/value_fn_202010_garch_s42.pt trained corridor-free (widest wealth support); rolling under a Total_Position_Schedule only restricts to a learned subset — valid.
INFO PLAT_JUL29 DiffSolverV2 LOADED value fn from /home/vretiel/PycharmProjects/riskflow/artifacts/walk_forward/reval48_corridor/run_b060/value_fn_202010_garch_s42.pt (train V_0=-0.390286) | eval-world market drift vs train frame: max 0.976 σ | utility_scale 953519
INFO PLAT_JUL29 DiffV2_Load_Value_Fn: /home/vretiel/PycharmProjects/riskflow/artifacts/walk_forward/reval48_corridor/run_b060/value_fn_202010_garch_s314.pt trained corridor-free (widest wealth support); rolling under a Total_Position_Schedule only restricts to a learned subset — valid.
INFO PLAT_JUL29 DiffSolverV2 LOADED value fn from /home/vretiel/PycharmProjects/riskflow/artifacts/walk_forward/reval48_corridor/run_b060/value_fn_202010_garch_s314.pt (train V_0=-0.341892) | eval-world market drift vs train frame: max 1.02 σ | utility_scale 996784
WARNING PLAT_JUL29 DiffSolverV2 ensemble utility_scale spread 4.34% — members trained against different anchors; averaging is approximate
INFO PLAT_JUL29 DiffSolverV2 action grid: K=165 actions (levels=9 ^ active=3)
INFO PLAT_JUL29 DiffSolverV2 ENSEMBLE argmax over 3 value fns
INFO PLAT_JUL29 DiffSolverV2 STEPPER ROLLOUT (frozen policy, realized path, real accounting):
  greedy   wT=-1.4636e+04 p5=-1.4636e+04 cvar5=-1.4636e+04
  textbook wT=+4.2872e+05 p5=+4.2872e+05 cvar5=+4.2872e+05
  nohedge  wT=+5.2614e+05 p5=+5.2614e+05 cvar5=+5.2614e+05
INFO PLAT_JUL29 DiffSolverV2 VERDICT (OUT-OF-SAMPLE rollout t=0→T over 1 outer paths, start flat):
  policy    u(W_T)mean    W_T mean       W_T p5         W_T CVaR5
  greedy    +0.00239    +2.3232e+03   +2.3232e+03   +2.3232e+03
  textbook  +0.44331    +4.3056e+05   +4.3056e+05   +4.3056e+05
  nohedge   +0.54172    +5.2614e+05   +5.2614e+05   +5.2614e+05
  → on the OBJECTIVE E[u(W_T)]: beats no-hedge=False, beats textbook=False | tail(CVaR5) competitive w/ textbook=False
INFO PLAT_JUL29 DiffSolverV2 greedy positions: mean|q| per instrument=['0.00', '0.00', '40.70'] | q@t0=[0.0, 0.0, -25.0] | q@mid=[0.0, 0.0, -50.0] (textbook q@t0=[0.0, 0.0, 0.0])
INFO PLAT_JUL29 solve_hedge tracks: {'DiffSolverV2': -0.4259} | ladder holds=True
INFO PLAT_JUL29 JOB 202010 b0.60 DONE: greedy=-5.85 nohedge=210.46 bound=625.76 PASS=True churn=150.0 breaches=0(worst=0)
INFO PLAT_JUL29 === JOB 202011 band=0.60 md=md_202010_garch.json trade_date=2020-11-02 (EVAL-ONLY re-roll) ===
INFO PLAT_JUL29 === TRAIN 202011 seed=7 SKIP (checkpoint exists) ===
INFO PLAT_JUL29 === TRAIN 202011 seed=42 SKIP (checkpoint exists) ===
INFO PLAT_JUL29 === TRAIN 202011 seed=314 SKIP (checkpoint exists) ===
INFO PLAT_JUL29 === ROLL 202011 (stepper, realized path, 3-seed ensemble, inner=512) ===
WARNING md_202010_garch Price Factor 'DiscountRate.USD-SOFR' not found in market data
INFO md_202010_garch Creating default Discount Factor(type='DiscountRate', name=('USD-SOFR',))
INFO PLAT_JUL29 Observed_Scenario substituted 2 factor(s): ['CommodityPrice.PLATINUM_CME', 'ObservedBasis.PLATINUM_CME.LME_CME']
INFO PLAT_JUL29 liability scalars: total_leg_volume=2500.0 last_settlement_index=152
INFO PLAT_JUL29 utility_scale (symlog c) resolved to 443440.55
INFO PLAT_JUL29 DiffSolverV2 setup: n_hedge=3 active=[0, 1, 2] T_dec=123 (of 125 sim steps; last-live mtm=[-2]) B_outer=1 levels=9 fit_iters=60 lr=0.002 | contract_size=[50.0, 50.0, 50.0] | q∈[[-50.0, -50.0, -50.0], [0.0, 0.0, 0.0]] total_abs_limit=50
INFO PLAT_JUL29 DiffSolverV2 inner forks: one_step=True (window {t, t+1} generation+pricing)
INFO PLAT_JUL29 DiffSolverV2 bank IN Total_Position_Schedule (post-projection): residual frac(Σq outside corridor) min=0.000 mean=0.000 max=0.000 | worst t=0 corridor=[-50, -20] bank Σq∈[-29.95, -29.95] frac_oob=0.000 (≈0 ⇒ projection clean)
INFO PLAT_JUL29 DiffSolverV2 bank: market_dim=6 | swept W∈[750, 6.148e+05] mean=3.127e+05 std=1.71e+05 | q_rep(t=0)=[0.0, 0.0, 0.0]
INFO PLAT_JUL29 DiffV2_Load_Value_Fn: /home/vretiel/PycharmProjects/riskflow/artifacts/walk_forward/reval48_corridor/run_b060/value_fn_202011_garch_s7.pt trained corridor-free (widest wealth support); rolling under a Total_Position_Schedule only restricts to a learned subset — valid.
INFO PLAT_JUL29 DiffSolverV2 LOADED value fn from /home/vretiel/PycharmProjects/riskflow/artifacts/walk_forward/reval48_corridor/run_b060/value_fn_202011_garch_s7.pt (train V_0=-0.596601) | eval-world market drift vs train frame: max 1.13 σ | utility_scale 777389
INFO PLAT_JUL29 DiffV2_Load_Value_Fn: /home/vretiel/PycharmProjects/riskflow/artifacts/walk_forward/reval48_corridor/run_b060/value_fn_202011_garch_s42.pt trained corridor-free (widest wealth support); rolling under a Total_Position_Schedule only restricts to a learned subset — valid.
INFO PLAT_JUL29 DiffSolverV2 LOADED value fn from /home/vretiel/PycharmProjects/riskflow/artifacts/walk_forward/reval48_corridor/run_b060/value_fn_202011_garch_s42.pt (train V_0=-0.605756) | eval-world market drift vs train frame: max 1.1 σ | utility_scale 769160
INFO PLAT_JUL29 DiffV2_Load_Value_Fn: /home/vretiel/PycharmProjects/riskflow/artifacts/walk_forward/reval48_corridor/run_b060/value_fn_202011_garch_s314.pt trained corridor-free (widest wealth support); rolling under a Total_Position_Schedule only restricts to a learned subset — valid.
INFO PLAT_JUL29 DiffSolverV2 LOADED value fn from /home/vretiel/PycharmProjects/riskflow/artifacts/walk_forward/reval48_corridor/run_b060/value_fn_202011_garch_s314.pt (train V_0=-0.581889) | eval-world market drift vs train frame: max 1.2 σ | utility_scale 782451
WARNING PLAT_JUL29 DiffSolverV2 ensemble utility_scale spread 1.7% — members trained against different anchors; averaging is approximate
INFO PLAT_JUL29 DiffSolverV2 action grid: K=165 actions (levels=9 ^ active=3)
INFO PLAT_JUL29 DiffSolverV2 ENSEMBLE argmax over 3 value fns
INFO PLAT_JUL29 DiffSolverV2 STEPPER ROLLOUT (frozen policy, realized path, real accounting):
  greedy   wT=+2.6246e+05 p5=+2.6246e+05 cvar5=+2.6246e+05
  textbook wT=+5.9618e+05 p5=+5.9618e+05 cvar5=+5.9618e+05
  nohedge  wT=+8.8036e+05 p5=+8.8036e+05 cvar5=+8.8036e+05
INFO PLAT_JUL29 DiffSolverV2 VERDICT (OUT-OF-SAMPLE rollout t=0→T over 1 outer paths, start flat):
  policy    u(W_T)mean    W_T mean       W_T p5         W_T CVaR5
  greedy    +0.44324    +3.4410e+05   +3.4410e+05   +3.4410e+05
  textbook  +0.79079    +6.1391e+05   +6.1391e+05   +6.1391e+05
  nohedge   +1.13399    +8.8035e+05   +8.8035e+05   +8.8035e+05
  → on the OBJECTIVE E[u(W_T)]: beats no-hedge=False, beats textbook=False | tail(CVaR5) competitive w/ textbook=False
INFO PLAT_JUL29 DiffSolverV2 greedy positions: mean|q| per instrument=['5.84', '0.00', '35.26'] | q@t0=[-25.0, 0.0, 0.0] | q@mid=[0.0, 0.0, -50.0] (textbook q@t0=[0.0, 0.0, 0.0])
INFO PLAT_JUL29 solve_hedge tracks: {'DiffSolverV2': -0.5966} | ladder holds=True
INFO PLAT_JUL29 JOB 202011 b0.60 DONE: greedy=104.98 nohedge=352.15 bound=685.55 PASS=True churn=237.5 breaches=0(worst=0)
INFO PLAT_JUL29 === JOB 202012 band=0.60 md=md_202010_garch.json trade_date=2020-12-01 (EVAL-ONLY re-roll) ===
INFO PLAT_JUL29 === TRAIN 202012 seed=7 SKIP (checkpoint exists) ===
INFO PLAT_JUL29 === TRAIN 202012 seed=42 SKIP (checkpoint exists) ===
INFO PLAT_JUL29 === TRAIN 202012 seed=314 SKIP (checkpoint exists) ===
INFO PLAT_JUL29 === ROLL 202012 (stepper, realized path, 3-seed ensemble, inner=512) ===
WARNING md_202010_garch Price Factor 'DiscountRate.USD-SOFR' not found in market data
INFO md_202010_garch Creating default Discount Factor(type='DiscountRate', name=('USD-SOFR',))
INFO PLAT_JUL29 Observed_Scenario substituted 2 factor(s): ['CommodityPrice.PLATINUM_CME', 'ObservedBasis.PLATINUM_CME.LME_CME']
INFO PLAT_JUL29 liability scalars: total_leg_volume=2500.0 last_settlement_index=154
INFO PLAT_JUL29 utility_scale (symlog c) resolved to 615988.24
INFO PLAT_JUL29 DiffSolverV2 setup: n_hedge=3 active=[0, 1, 2] T_dec=125 (of 127 sim steps; last-live mtm=[-2]) B_outer=1 levels=9 fit_iters=60 lr=0.002 | contract_size=[50.0, 50.0, 50.0] | q∈[[-50.0, -50.0, -50.0], [0.0, 0.0, 0.0]] total_abs_limit=50
INFO PLAT_JUL29 DiffSolverV2 inner forks: one_step=True (window {t, t+1} generation+pricing)
INFO PLAT_JUL29 DiffSolverV2 bank IN Total_Position_Schedule (post-projection): residual frac(Σq outside corridor) min=0.000 mean=0.000 max=0.000 | worst t=0 corridor=[-50, -20] bank Σq∈[-29.95, -29.95] frac_oob=0.000 (≈0 ⇒ projection clean)
INFO PLAT_JUL29 DiffSolverV2 bank: market_dim=6 | swept W∈[2e+04, 6.341e+05] mean=3.116e+05 std=1.701e+05 | q_rep(t=0)=[0.0, 0.0, 0.0]
INFO PLAT_JUL29 DiffV2_Load_Value_Fn: /home/vretiel/PycharmProjects/riskflow/artifacts/walk_forward/reval48_corridor/run_b060/value_fn_202012_garch_s7.pt trained corridor-free (widest wealth support); rolling under a Total_Position_Schedule only restricts to a learned subset — valid.
INFO PLAT_JUL29 DiffSolverV2 LOADED value fn from /home/vretiel/PycharmProjects/riskflow/artifacts/walk_forward/reval48_corridor/run_b060/value_fn_202012_garch_s7.pt (train V_0=-0.406526) | eval-world market drift vs train frame: max 1.09 σ | utility_scale 949781
INFO PLAT_JUL29 DiffV2_Load_Value_Fn: /home/vretiel/PycharmProjects/riskflow/artifacts/walk_forward/reval48_corridor/run_b060/value_fn_202012_garch_s42.pt trained corridor-free (widest wealth support); rolling under a Total_Position_Schedule only restricts to a learned subset — valid.
INFO PLAT_JUL29 DiffSolverV2 LOADED value fn from /home/vretiel/PycharmProjects/riskflow/artifacts/walk_forward/reval48_corridor/run_b060/value_fn_202012_garch_s42.pt (train V_0=-0.37644) | eval-world market drift vs train frame: max 1.08 σ | utility_scale 966948
INFO PLAT_JUL29 DiffV2_Load_Value_Fn: /home/vretiel/PycharmProjects/riskflow/artifacts/walk_forward/reval48_corridor/run_b060/value_fn_202012_garch_s314.pt trained corridor-free (widest wealth support); rolling under a Total_Position_Schedule only restricts to a learned subset — valid.
INFO PLAT_JUL29 DiffSolverV2 LOADED value fn from /home/vretiel/PycharmProjects/riskflow/artifacts/walk_forward/reval48_corridor/run_b060/value_fn_202012_garch_s314.pt (train V_0=-0.37531) | eval-world market drift vs train frame: max 1.17 σ | utility_scale 947607
WARNING PLAT_JUL29 DiffSolverV2 ensemble utility_scale spread 2% — members trained against different anchors; averaging is approximate
INFO PLAT_JUL29 DiffSolverV2 action grid: K=165 actions (levels=9 ^ active=3)
INFO PLAT_JUL29 DiffSolverV2 ENSEMBLE argmax over 3 value fns
INFO PLAT_JUL29 DiffSolverV2 STEPPER ROLLOUT (frozen policy, realized path, real accounting):
  greedy   wT=+9.6468e+03 p5=+9.6468e+03 cvar5=+9.6468e+03
  textbook wT=+3.9444e+05 p5=+3.9444e+05 cvar5=+3.9444e+05
  nohedge  wT=+5.3454e+05 p5=+5.3454e+05 cvar5=+5.3454e+05
INFO PLAT_JUL29 DiffSolverV2 VERDICT (OUT-OF-SAMPLE rollout t=0→T over 1 outer paths, start flat):
  policy    u(W_T)mean    W_T mean       W_T p5         W_T CVaR5
  greedy    -0.00174    -1.6477e+03   -1.6477e+03   -1.6477e+03
  textbook  +0.42327    +4.0413e+05   +4.0413e+05   +4.0413e+05
  nohedge   +0.55985    +5.3453e+05   +5.3453e+05   +5.3453e+05
  → on the OBJECTIVE E[u(W_T)]: beats no-hedge=False, beats textbook=False | tail(CVaR5) competitive w/ textbook=False
INFO PLAT_JUL29 DiffSolverV2 greedy positions: mean|q| per instrument=['2.00', '0.35', '39.80'] | q@t0=[0.0, 0.0, -25.0] | q@mid=[0.0, 0.0, -25.0] (textbook q@t0=[0.0, 0.0, 0.0])
INFO PLAT_JUL29 solve_hedge tracks: {'DiffSolverV2': -0.4065} | ladder holds=True
INFO PLAT_JUL29 JOB 202012 b0.60 DONE: greedy=3.86 nohedge=213.82 bound=708.43 PASS=True churn=312.5 breaches=0(worst=0)
INFO PLAT_JUL29 === JOB 202101 band=0.60 md=md_202101_garch.json trade_date=2021-01-01 (EVAL-ONLY re-roll) ===
INFO PLAT_JUL29 === TRAIN 202101 seed=7 SKIP (checkpoint exists) ===
INFO PLAT_JUL29 === TRAIN 202101 seed=42 SKIP (checkpoint exists) ===
INFO PLAT_JUL29 === TRAIN 202101 seed=314 SKIP (checkpoint exists) ===
INFO PLAT_JUL29 === ROLL 202101 (stepper, realized path, 3-seed ensemble, inner=512) ===
WARNING md_202101_garch Price Factor 'DiscountRate.USD-SOFR' not found in market data
INFO md_202101_garch Creating default Discount Factor(type='DiscountRate', name=('USD-SOFR',))
INFO PLAT_JUL29 Observed_Scenario substituted 2 factor(s): ['CommodityPrice.PLATINUM_CME', 'ObservedBasis.PLATINUM_CME.LME_CME']
INFO PLAT_JUL29 liability scalars: total_leg_volume=2500.0 last_settlement_index=153
INFO PLAT_JUL29 utility_scale (symlog c) resolved to 473752.76
INFO PLAT_JUL29 DiffSolverV2 setup: n_hedge=3 active=[0, 1, 2] T_dec=124 (of 126 sim steps; last-live mtm=[-2]) B_outer=1 levels=9 fit_iters=60 lr=0.002 | contract_size=[50.0, 50.0, 50.0] | q∈[[-50.0, -50.0, -50.0], [0.0, 0.0, 0.0]] total_abs_limit=50
INFO PLAT_JUL29 DiffSolverV2 inner forks: one_step=True (window {t, t+1} generation+pricing)
INFO PLAT_JUL29 DiffSolverV2 bank IN Total_Position_Schedule (post-projection): residual frac(Σq outside corridor) min=0.000 mean=0.000 max=0.000 | worst t=0 corridor=[-50, -20] bank Σq∈[-29.95, -29.95] frac_oob=0.000 (≈0 ⇒ projection clean)
INFO PLAT_JUL29 DiffSolverV2 bank: market_dim=6 | swept W∈[-6.001e+04, 4.114e+05] mean=1.57e+05 std=9.677e+04 | q_rep(t=0)=[0.0, 0.0, 0.0]
INFO PLAT_JUL29 DiffV2_Load_Value_Fn: /home/vretiel/PycharmProjects/riskflow/artifacts/walk_forward/reval48_corridor/run_b060/value_fn_202101_garch_s7.pt trained corridor-free (widest wealth support); rolling under a Total_Position_Schedule only restricts to a learned subset — valid.
INFO PLAT_JUL29 DiffSolverV2 LOADED value fn from /home/vretiel/PycharmProjects/riskflow/artifacts/walk_forward/reval48_corridor/run_b060/value_fn_202101_garch_s7.pt (train V_0=-0.589792) | eval-world market drift vs train frame: max 1.63 σ | utility_scale 784273
INFO PLAT_JUL29 DiffV2_Load_Value_Fn: /home/vretiel/PycharmProjects/riskflow/artifacts/walk_forward/reval48_corridor/run_b060/value_fn_202101_garch_s42.pt trained corridor-free (widest wealth support); rolling under a Total_Position_Schedule only restricts to a learned subset — valid.
INFO PLAT_JUL29 DiffSolverV2 LOADED value fn from /home/vretiel/PycharmProjects/riskflow/artifacts/walk_forward/reval48_corridor/run_b060/value_fn_202101_garch_s42.pt (train V_0=-0.529054) | eval-world market drift vs train frame: max 1.61 σ | utility_scale 816161
INFO PLAT_JUL29 DiffV2_Load_Value_Fn: /home/vretiel/PycharmProjects/riskflow/artifacts/walk_forward/reval48_corridor/run_b060/value_fn_202101_garch_s314.pt trained corridor-free (widest wealth support); rolling under a Total_Position_Schedule only restricts to a learned subset — valid.
INFO PLAT_JUL29 DiffSolverV2 LOADED value fn from /home/vretiel/PycharmProjects/riskflow/artifacts/walk_forward/reval48_corridor/run_b060/value_fn_202101_garch_s314.pt (train V_0=-0.5205) | eval-world market drift vs train frame: max 1.68 σ | utility_scale 797625
WARNING PLAT_JUL29 DiffSolverV2 ensemble utility_scale spread 3.91% — members trained against different anchors; averaging is approximate
INFO PLAT_JUL29 DiffSolverV2 action grid: K=165 actions (levels=9 ^ active=3)
INFO PLAT_JUL29 DiffSolverV2 ENSEMBLE argmax over 3 value fns
INFO PLAT_JUL29 DiffSolverV2 STEPPER ROLLOUT (frozen policy, realized path, real accounting):
  greedy   wT=+1.3999e+04 p5=+1.3999e+04 cvar5=+1.3999e+04
  textbook wT=+2.7087e+05 p5=+2.7087e+05 cvar5=+2.7087e+05
  nohedge  wT=+3.5514e+05 p5=+3.5514e+05 cvar5=+3.5514e+05
INFO PLAT_JUL29 DiffSolverV2 VERDICT (OUT-OF-SAMPLE rollout t=0→T over 1 outer paths, start flat):
  policy    u(W_T)mean    W_T mean       W_T p5         W_T CVaR5
  greedy    +0.01081    +8.6374e+03   +8.6374e+03   +8.6374e+03
  textbook  +0.33850    +2.7058e+05   +2.7058e+05   +2.7058e+05
  nohedge   +0.44427    +3.5513e+05   +3.5513e+05   +3.5513e+05
  → on the OBJECTIVE E[u(W_T)]: beats no-hedge=False, beats textbook=False | tail(CVaR5) competitive w/ textbook=False
INFO PLAT_JUL29 DiffSolverV2 greedy positions: mean|q| per instrument=['0.91', '1.61', '33.22'] | q@t0=[0.0, 0.0, -25.0] | q@mid=[0.0, 0.0, -50.0] (textbook q@t0=[0.0, 0.0, 0.0])
INFO PLAT_JUL29 solve_hedge tracks: {'DiffSolverV2': -0.5898} | ladder holds=True
INFO PLAT_JUL29 JOB 202101 b0.60 DONE: greedy=5.6 nohedge=142.05 bound=758.24 PASS=True churn=500.0 breaches=0(worst=0)
INFO PLAT_JUL29 === JOB 202102 band=0.60 md=md_202101_garch.json trade_date=2021-02-01 (EVAL-ONLY re-roll) ===
INFO PLAT_JUL29 === TRAIN 202102 seed=7 SKIP (checkpoint exists) ===
INFO PLAT_JUL29 === TRAIN 202102 seed=42 SKIP (checkpoint exists) ===
INFO PLAT_JUL29 === TRAIN 202102 seed=314 SKIP (checkpoint exists) ===
INFO PLAT_JUL29 === ROLL 202102 (stepper, realized path, 3-seed ensemble, inner=512) ===
WARNING md_202101_garch Price Factor 'DiscountRate.USD-SOFR' not found in market data
INFO md_202101_garch Creating default Discount Factor(type='DiscountRate', name=('USD-SOFR',))
INFO PLAT_JUL29 Observed_Scenario substituted 2 factor(s): ['CommodityPrice.PLATINUM_CME', 'ObservedBasis.PLATINUM_CME.LME_CME']
INFO PLAT_JUL29 liability scalars: total_leg_volume=2500.0 last_settlement_index=153
INFO PLAT_JUL29 utility_scale (symlog c) resolved to 830165.48
INFO PLAT_JUL29 DiffSolverV2 setup: n_hedge=3 active=[0, 1, 2] T_dec=124 (of 126 sim steps; last-live mtm=[-2]) B_outer=1 levels=9 fit_iters=60 lr=0.002 | contract_size=[50.0, 50.0, 50.0] | q∈[[-50.0, -50.0, -50.0], [0.0, 0.0, 0.0]] total_abs_limit=50
INFO PLAT_JUL29 DiffSolverV2 inner forks: one_step=True (window {t, t+1} generation+pricing)
INFO PLAT_JUL29 DiffSolverV2 bank IN Total_Position_Schedule (post-projection): residual frac(Σq outside corridor) min=0.000 mean=0.000 max=0.000 | worst t=0 corridor=[-50, -20] bank Σq∈[-29.95, -29.95] frac_oob=0.000 (≈0 ⇒ projection clean)
INFO PLAT_JUL29 DiffSolverV2 bank: market_dim=6 | swept W∈[1.204e+04, 3.913e+05] mean=2.289e+05 std=7.418e+04 | q_rep(t=0)=[0.0, 0.0, 0.0]
INFO PLAT_JUL29 DiffV2_Load_Value_Fn: /home/vretiel/PycharmProjects/riskflow/artifacts/walk_forward/reval48_corridor/run_b060/value_fn_202102_garch_s7.pt trained corridor-free (widest wealth support); rolling under a Total_Position_Schedule only restricts to a learned subset — valid.
INFO PLAT_JUL29 DiffSolverV2 LOADED value fn from /home/vretiel/PycharmProjects/riskflow/artifacts/walk_forward/reval48_corridor/run_b060/value_fn_202102_garch_s7.pt (train V_0=-0.116078) | eval-world market drift vs train frame: max 1.1 σ | utility_scale 1.01344e+06
INFO PLAT_JUL29 DiffV2_Load_Value_Fn: /home/vretiel/PycharmProjects/riskflow/artifacts/walk_forward/reval48_corridor/run_b060/value_fn_202102_garch_s42.pt trained corridor-free (widest wealth support); rolling under a Total_Position_Schedule only restricts to a learned subset — valid.
INFO PLAT_JUL29 DiffSolverV2 LOADED value fn from /home/vretiel/PycharmProjects/riskflow/artifacts/walk_forward/reval48_corridor/run_b060/value_fn_202102_garch_s42.pt (train V_0=-0.0987985) | eval-world market drift vs train frame: max 1.08 σ | utility_scale 1.01619e+06
INFO PLAT_JUL29 DiffV2_Load_Value_Fn: /home/vretiel/PycharmProjects/riskflow/artifacts/walk_forward/reval48_corridor/run_b060/value_fn_202102_garch_s314.pt trained corridor-free (widest wealth support); rolling under a Total_Position_Schedule only restricts to a learned subset — valid.
INFO PLAT_JUL29 DiffSolverV2 LOADED value fn from /home/vretiel/PycharmProjects/riskflow/artifacts/walk_forward/reval48_corridor/run_b060/value_fn_202102_garch_s314.pt (train V_0=-0.0745433) | eval-world market drift vs train frame: max 1.15 σ | utility_scale 1.01611e+06
INFO PLAT_JUL29 DiffSolverV2 action grid: K=165 actions (levels=9 ^ active=3)
INFO PLAT_JUL29 DiffSolverV2 ENSEMBLE argmax over 3 value fns
INFO PLAT_JUL29 DiffSolverV2 STEPPER ROLLOUT (frozen policy, realized path, real accounting):
  greedy   wT=+4.0097e+05 p5=+4.0097e+05 cvar5=+4.0097e+05
  textbook wT=+2.1653e+05 p5=+2.1653e+05 cvar5=+2.1653e+05
  nohedge  wT=+3.0967e+05 p5=+3.0967e+05 cvar5=+3.0967e+05
INFO PLAT_JUL29 DiffSolverV2 VERDICT (OUT-OF-SAMPLE rollout t=0→T over 1 outer paths, start flat):
  policy    u(W_T)mean    W_T mean       W_T p5         W_T CVaR5
  greedy    +0.37911    +3.8489e+05   +3.8489e+05   +3.8489e+05
  textbook  +0.22037    +2.2373e+05   +2.2373e+05   +2.2373e+05
  nohedge   +0.30501    +3.0966e+05   +3.0966e+05   +3.0966e+05
  → on the OBJECTIVE E[u(W_T)]: beats no-hedge=True, beats textbook=True | tail(CVaR5) competitive w/ textbook=True
INFO PLAT_JUL29 DiffSolverV2 greedy positions: mean|q| per instrument=['17.74', '0.00', '27.72'] | q@t0=[-25.0, 0.0, 0.0] | q@mid=[-25.0, 0.0, -25.0] (textbook q@t0=[0.0, 0.0, 0.0])
INFO PLAT_JUL29 solve_hedge tracks: {'DiffSolverV2': -0.1161} | ladder holds=True
INFO PLAT_JUL29 JOB 202102 b0.60 DONE: greedy=160.39 nohedge=123.87 bound=765.09 PASS=True churn=100.0 breaches=0(worst=0)
INFO PLAT_JUL29 === JOB 202103 band=0.60 md=md_202101_garch.json trade_date=2021-03-01 (EVAL-ONLY re-roll) ===
INFO PLAT_JUL29 === TRAIN 202103 seed=7 SKIP (checkpoint exists) ===
INFO PLAT_JUL29 === TRAIN 202103 seed=42 SKIP (checkpoint exists) ===
INFO PLAT_JUL29 === TRAIN 202103 seed=314 SKIP (checkpoint exists) ===
INFO PLAT_JUL29 === ROLL 202103 (stepper, realized path, 3-seed ensemble, inner=512) ===
WARNING md_202101_garch Price Factor 'DiscountRate.USD-SOFR' not found in market data
INFO md_202101_garch Creating default Discount Factor(type='DiscountRate', name=('USD-SOFR',))
INFO PLAT_JUL29 Observed_Scenario substituted 2 factor(s): ['CommodityPrice.PLATINUM_CME', 'ObservedBasis.PLATINUM_CME.LME_CME']
INFO PLAT_JUL29 liability scalars: total_leg_volume=2500.0 last_settlement_index=155
INFO PLAT_JUL29 utility_scale (symlog c) resolved to 867411.48
INFO PLAT_JUL29 DiffSolverV2 setup: n_hedge=3 active=[0, 1, 2] T_dec=126 (of 128 sim steps; last-live mtm=[-2]) B_outer=1 levels=9 fit_iters=60 lr=0.002 | contract_size=[50.0, 50.0, 50.0] | q∈[[-50.0, -50.0, -50.0], [0.0, 0.0, 0.0]] total_abs_limit=50
INFO PLAT_JUL29 DiffSolverV2 inner forks: one_step=True (window {t, t+1} generation+pricing)
INFO PLAT_JUL29 DiffSolverV2 bank IN Total_Position_Schedule (post-projection): residual frac(Σq outside corridor) min=0.000 mean=0.000 max=0.000 | worst t=0 corridor=[-50, -20] bank Σq∈[-29.95, -29.95] frac_oob=0.000 (≈0 ⇒ projection clean)
INFO PLAT_JUL29 DiffSolverV2 bank: market_dim=6 | swept W∈[-1.683e+05, 1.083e+05] mean=-4.186e+04 std=5.484e+04 | q_rep(t=0)=[0.0, 0.0, 0.0]
INFO PLAT_JUL29 DiffV2_Load_Value_Fn: /home/vretiel/PycharmProjects/riskflow/artifacts/walk_forward/reval48_corridor/run_b060/value_fn_202103_garch_s7.pt trained corridor-free (widest wealth support); rolling under a Total_Position_Schedule only restricts to a learned subset — valid.
INFO PLAT_JUL29 DiffSolverV2 LOADED value fn from /home/vretiel/PycharmProjects/riskflow/artifacts/walk_forward/reval48_corridor/run_b060/value_fn_202103_garch_s7.pt (train V_0=-0.50467) | eval-world market drift vs train frame: max 0.815 σ | utility_scale 1.11933e+06
INFO PLAT_JUL29 DiffV2_Load_Value_Fn: /home/vretiel/PycharmProjects/riskflow/artifacts/walk_forward/reval48_corridor/run_b060/value_fn_202103_garch_s42.pt trained corridor-free (widest wealth support); rolling under a Total_Position_Schedule only restricts to a learned subset — valid.
INFO PLAT_JUL29 DiffSolverV2 LOADED value fn from /home/vretiel/PycharmProjects/riskflow/artifacts/walk_forward/reval48_corridor/run_b060/value_fn_202103_garch_s42.pt (train V_0=-0.472938) | eval-world market drift vs train frame: max 0.789 σ | utility_scale 1.11649e+06
INFO PLAT_JUL29 DiffV2_Load_Value_Fn: /home/vretiel/PycharmProjects/riskflow/artifacts/walk_forward/reval48_corridor/run_b060/value_fn_202103_garch_s314.pt trained corridor-free (widest wealth support); rolling under a Total_Position_Schedule only restricts to a learned subset — valid.
INFO PLAT_JUL29 DiffSolverV2 LOADED value fn from /home/vretiel/PycharmProjects/riskflow/artifacts/walk_forward/reval48_corridor/run_b060/value_fn_202103_garch_s314.pt (train V_0=-0.46716) | eval-world market drift vs train frame: max 0.865 σ | utility_scale 1.13436e+06
WARNING PLAT_JUL29 DiffSolverV2 ensemble utility_scale spread 1.58% — members trained against different anchors; averaging is approximate
INFO PLAT_JUL29 DiffSolverV2 action grid: K=165 actions (levels=9 ^ active=3)
INFO PLAT_JUL29 DiffSolverV2 ENSEMBLE argmax over 3 value fns
INFO PLAT_JUL29 DiffSolverV2 STEPPER ROLLOUT (frozen policy, realized path, real accounting):
  greedy   wT=+1.4065e+05 p5=+1.4065e+05 cvar5=+1.4065e+05
  textbook wT=-1.6720e+05 p5=-1.6720e+05 cvar5=-1.6720e+05
  nohedge  wT=-1.8294e+05 p5=-1.8294e+05 cvar5=-1.8294e+05
INFO PLAT_JUL29 DiffSolverV2 VERDICT (OUT-OF-SAMPLE rollout t=0→T over 1 outer paths, start flat):
  policy    u(W_T)mean    W_T mean       W_T p5         W_T CVaR5
  greedy    +0.17092    +1.9201e+05   +1.9201e+05   +1.9201e+05
  textbook  -0.27138    -1.6299e+05   -1.6299e+05   -1.6299e+05
  nohedge   -0.32198    -1.8295e+05   -1.8295e+05   -1.8295e+05
  → on the OBJECTIVE E[u(W_T)]: beats no-hedge=True, beats textbook=True | tail(CVaR5) competitive w/ textbook=True
INFO PLAT_JUL29 DiffSolverV2 greedy positions: mean|q| per instrument=['0.00', '0.00', '33.28'] | q@t0=[0.0, 0.0, -25.0] | q@mid=[0.0, 0.0, -31.25] (textbook q@t0=[0.0, 0.0, 0.0])
INFO PLAT_JUL29 solve_hedge tracks: {'DiffSolverV2': -0.5047} | ladder holds=True
INFO PLAT_JUL29 JOB 202103 b0.60 DONE: greedy=56.26 nohedge=-73.18 bound=751.02 PASS=True churn=112.5 breaches=0(worst=0)
INFO PLAT_JUL29 === JOB 202104 band=0.60 md=md_202104_garch.json trade_date=2021-04-01 (EVAL-ONLY re-roll) ===
INFO PLAT_JUL29 === TRAIN 202104 seed=7 SKIP (checkpoint exists) ===
INFO PLAT_JUL29 === TRAIN 202104 seed=42 SKIP (checkpoint exists) ===
INFO PLAT_JUL29 === TRAIN 202104 seed=314 SKIP (checkpoint exists) ===
INFO PLAT_JUL29 === ROLL 202104 (stepper, realized path, 3-seed ensemble, inner=512) ===
WARNING md_202104_garch Price Factor 'DiscountRate.USD-SOFR' not found in market data
INFO md_202104_garch Creating default Discount Factor(type='DiscountRate', name=('USD-SOFR',))
INFO PLAT_JUL29 Observed_Scenario substituted 2 factor(s): ['CommodityPrice.PLATINUM_CME', 'ObservedBasis.PLATINUM_CME.LME_CME']
INFO PLAT_JUL29 liability scalars: total_leg_volume=2500.0 last_settlement_index=155
INFO PLAT_JUL29 utility_scale (symlog c) resolved to 610651.62
INFO PLAT_JUL29 DiffSolverV2 setup: n_hedge=3 active=[0, 1, 2] T_dec=126 (of 128 sim steps; last-live mtm=[-2]) B_outer=1 levels=9 fit_iters=60 lr=0.002 | contract_size=[50.0, 50.0, 50.0] | q∈[[-50.0, -50.0, -50.0], [0.0, 0.0, 0.0]] total_abs_limit=50
INFO PLAT_JUL29 DiffSolverV2 inner forks: one_step=True (window {t, t+1} generation+pricing)
INFO PLAT_JUL29 DiffSolverV2 bank IN Total_Position_Schedule (post-projection): residual frac(Σq outside corridor) min=0.000 mean=0.000 max=0.000 | worst t=0 corridor=[-50, -20] bank Σq∈[-29.95, -29.95] frac_oob=0.000 (≈0 ⇒ projection clean)
INFO PLAT_JUL29 DiffSolverV2 bank: market_dim=6 | swept W∈[-2.03e+05, 2.386e+05] mean=2.226e+04 std=9.377e+04 | q_rep(t=0)=[0.0, 0.0, 0.0]
INFO PLAT_JUL29 DiffV2_Load_Value_Fn: /home/vretiel/PycharmProjects/riskflow/artifacts/walk_forward/reval48_corridor/run_b060/value_fn_202104_garch_s7.pt trained corridor-free (widest wealth support); rolling under a Total_Position_Schedule only restricts to a learned subset — valid.
INFO PLAT_JUL29 DiffSolverV2 LOADED value fn from /home/vretiel/PycharmProjects/riskflow/artifacts/walk_forward/reval48_corridor/run_b060/value_fn_202104_garch_s7.pt (train V_0=-0.445937) | eval-world market drift vs train frame: max 0.519 σ | utility_scale 1.00147e+06
INFO PLAT_JUL29 DiffV2_Load_Value_Fn: /home/vretiel/PycharmProjects/riskflow/artifacts/walk_forward/reval48_corridor/run_b060/value_fn_202104_garch_s42.pt trained corridor-free (widest wealth support); rolling under a Total_Position_Schedule only restricts to a learned subset — valid.
INFO PLAT_JUL29 DiffSolverV2 LOADED value fn from /home/vretiel/PycharmProjects/riskflow/artifacts/walk_forward/reval48_corridor/run_b060/value_fn_202104_garch_s42.pt (train V_0=-0.403638) | eval-world market drift vs train frame: max 0.498 σ | utility_scale 998573
INFO PLAT_JUL29 DiffV2_Load_Value_Fn: /home/vretiel/PycharmProjects/riskflow/artifacts/walk_forward/reval48_corridor/run_b060/value_fn_202104_garch_s314.pt trained corridor-free (widest wealth support); rolling under a Total_Position_Schedule only restricts to a learned subset — valid.
INFO PLAT_JUL29 DiffSolverV2 LOADED value fn from /home/vretiel/PycharmProjects/riskflow/artifacts/walk_forward/reval48_corridor/run_b060/value_fn_202104_garch_s314.pt (train V_0=-0.392288) | eval-world market drift vs train frame: max 0.574 σ | utility_scale 1.01993e+06
WARNING PLAT_JUL29 DiffSolverV2 ensemble utility_scale spread 2.09% — members trained against different anchors; averaging is approximate
INFO PLAT_JUL29 DiffSolverV2 action grid: K=165 actions (levels=9 ^ active=3)
INFO PLAT_JUL29 DiffSolverV2 ENSEMBLE argmax over 3 value fns
INFO PLAT_JUL29 DiffSolverV2 STEPPER ROLLOUT (frozen policy, realized path, real accounting):
  greedy   wT=+1.7957e+05 p5=+1.7957e+05 cvar5=+1.7957e+05
  textbook wT=-1.3163e+05 p5=-1.3163e+05 cvar5=-1.3163e+05
  nohedge  wT=-2.1109e+05 p5=-2.1109e+05 cvar5=-2.1109e+05
INFO PLAT_JUL29 DiffSolverV2 VERDICT (OUT-OF-SAMPLE rollout t=0→T over 1 outer paths, start flat):
  policy    u(W_T)mean    W_T mean       W_T p5         W_T CVaR5
  greedy    +0.12663    +1.2747e+05   +1.2747e+05   +1.2747e+05
  textbook  -0.23005    -1.3033e+05   -1.3033e+05   -1.3033e+05
  nohedge   -0.47353    -2.1109e+05   -2.1109e+05   -2.1109e+05
  → on the OBJECTIVE E[u(W_T)]: beats no-hedge=True, beats textbook=True | tail(CVaR5) competitive w/ textbook=True
INFO PLAT_JUL29 DiffSolverV2 greedy positions: mean|q| per instrument=['0.89', '7.64', '26.64'] | q@t0=[0.0, 0.0, -25.0] | q@mid=[0.0, 0.0, -50.0] (textbook q@t0=[0.0, 0.0, 0.0])
INFO PLAT_JUL29 solve_hedge tracks: {'DiffSolverV2': -0.4459} | ladder holds=True
INFO PLAT_JUL29 JOB 202104 b0.60 DONE: greedy=71.83 nohedge=-84.43 bound=765.31 PASS=True churn=325.0 breaches=0(worst=0)
INFO PLAT_JUL29 === JOB 202105 band=0.60 md=md_202104_garch.json trade_date=2021-05-03 (EVAL-ONLY re-roll) ===
INFO PLAT_JUL29 === TRAIN 202105 seed=7 SKIP (checkpoint exists) ===
INFO PLAT_JUL29 === TRAIN 202105 seed=42 SKIP (checkpoint exists) ===
INFO PLAT_JUL29 === TRAIN 202105 seed=314 SKIP (checkpoint exists) ===
INFO PLAT_JUL29 === ROLL 202105 (stepper, realized path, 3-seed ensemble, inner=512) ===
WARNING md_202104_garch Price Factor 'DiscountRate.USD-SOFR' not found in market data
INFO md_202104_garch Creating default Discount Factor(type='DiscountRate', name=('USD-SOFR',))
INFO PLAT_JUL29 Observed_Scenario substituted 2 factor(s): ['CommodityPrice.PLATINUM_CME', 'ObservedBasis.PLATINUM_CME.LME_CME']
INFO PLAT_JUL29 liability scalars: total_leg_volume=2500.0 last_settlement_index=154
INFO PLAT_JUL29 utility_scale (symlog c) resolved to 628848.82
INFO PLAT_JUL29 DiffSolverV2 setup: n_hedge=3 active=[0, 1, 2] T_dec=125 (of 127 sim steps; last-live mtm=[-2]) B_outer=1 levels=9 fit_iters=60 lr=0.002 | contract_size=[50.0, 50.0, 50.0] | q∈[[-50.0, -50.0, -50.0], [0.0, 0.0, 0.0]] total_abs_limit=50
INFO PLAT_JUL29 DiffSolverV2 inner forks: one_step=True (window {t, t+1} generation+pricing)
INFO PLAT_JUL29 DiffSolverV2 bank IN Total_Position_Schedule (post-projection): residual frac(Σq outside corridor) min=0.000 mean=0.000 max=0.000 | worst t=0 corridor=[-50, -20] bank Σq∈[-29.95, -29.95] frac_oob=0.000 (≈0 ⇒ projection clean)
INFO PLAT_JUL29 DiffSolverV2 bank: market_dim=6 | swept W∈[-3.109e+05, 1.374e+05] mean=-1.185e+05 std=1.143e+05 | q_rep(t=0)=[0.0, 0.0, 0.0]
INFO PLAT_JUL29 DiffV2_Load_Value_Fn: /home/vretiel/PycharmProjects/riskflow/artifacts/walk_forward/reval48_corridor/run_b060/value_fn_202105_garch_s7.pt trained corridor-free (widest wealth support); rolling under a Total_Position_Schedule only restricts to a learned subset — valid.
INFO PLAT_JUL29 DiffSolverV2 LOADED value fn from /home/vretiel/PycharmProjects/riskflow/artifacts/walk_forward/reval48_corridor/run_b060/value_fn_202105_garch_s7.pt (train V_0=-0.507902) | eval-world market drift vs train frame: max 0.605 σ | utility_scale 1.0223e+06
INFO PLAT_JUL29 DiffV2_Load_Value_Fn: /home/vretiel/PycharmProjects/riskflow/artifacts/walk_forward/reval48_corridor/run_b060/value_fn_202105_garch_s42.pt trained corridor-free (widest wealth support); rolling under a Total_Position_Schedule only restricts to a learned subset — valid.
INFO PLAT_JUL29 DiffSolverV2 LOADED value fn from /home/vretiel/PycharmProjects/riskflow/artifacts/walk_forward/reval48_corridor/run_b060/value_fn_202105_garch_s42.pt (train V_0=-0.480186) | eval-world market drift vs train frame: max 0.599 σ | utility_scale 1.02697e+06
INFO PLAT_JUL29 DiffV2_Load_Value_Fn: /home/vretiel/PycharmProjects/riskflow/artifacts/walk_forward/reval48_corridor/run_b060/value_fn_202105_garch_s314.pt trained corridor-free (widest wealth support); rolling under a Total_Position_Schedule only restricts to a learned subset — valid.
INFO PLAT_JUL29 DiffSolverV2 LOADED value fn from /home/vretiel/PycharmProjects/riskflow/artifacts/walk_forward/reval48_corridor/run_b060/value_fn_202105_garch_s314.pt (train V_0=-0.465193) | eval-world market drift vs train frame: max 0.685 σ | utility_scale 1.028e+06
INFO PLAT_JUL29 DiffSolverV2 action grid: K=165 actions (levels=9 ^ active=3)
INFO PLAT_JUL29 DiffSolverV2 ENSEMBLE argmax over 3 value fns
INFO PLAT_JUL29 DiffSolverV2 STEPPER ROLLOUT (frozen policy, realized path, real accounting):
  greedy   wT=-2.0895e+05 p5=-2.0895e+05 cvar5=-2.0895e+05
  textbook wT=-2.6971e+05 p5=-2.6971e+05 cvar5=-2.6971e+05
  nohedge  wT=-4.9538e+05 p5=-4.9538e+05 cvar5=-4.9538e+05
INFO PLAT_JUL29 DiffSolverV2 VERDICT (OUT-OF-SAMPLE rollout t=0→T over 1 outer paths, start flat):
  policy    u(W_T)mean    W_T mean       W_T p5         W_T CVaR5
  greedy    -0.51825    -2.2787e+05   -2.2787e+05   -2.2787e+05
  textbook  -0.71309    -2.7833e+05   -2.7833e+05   -2.7833e+05
  nohedge   -1.88236    -4.9538e+05   -4.9538e+05   -4.9538e+05
  → on the OBJECTIVE E[u(W_T)]: beats no-hedge=True, beats textbook=True | tail(CVaR5) competitive w/ textbook=True
INFO PLAT_JUL29 DiffSolverV2 greedy positions: mean|q| per instrument=['0.00', '0.00', '29.50'] | q@t0=[0.0, 0.0, -31.25] | q@mid=[0.0, 0.0, -25.0] (textbook q@t0=[0.0, 0.0, 0.0])
INFO PLAT_JUL29 solve_hedge tracks: {'DiffSolverV2': -0.5079} | ladder holds=True
INFO PLAT_JUL29 JOB 202105 b0.60 DONE: greedy=-83.58 nohedge=-198.15 bound=768.28 PASS=True churn=168.8 breaches=0(worst=0)
INFO PLAT_JUL29 === JOB 202106 band=0.60 md=md_202104_garch.json trade_date=2021-06-01 (EVAL-ONLY re-roll) ===
INFO PLAT_JUL29 === TRAIN 202106 seed=7 SKIP (checkpoint exists) ===
INFO PLAT_JUL29 === TRAIN 202106 seed=42 SKIP (checkpoint exists) ===
INFO PLAT_JUL29 === TRAIN 202106 seed=314 SKIP (checkpoint exists) ===
INFO PLAT_JUL29 === ROLL 202106 (stepper, realized path, 3-seed ensemble, inner=512) ===
WARNING md_202104_garch Price Factor 'DiscountRate.USD-SOFR' not found in market data
INFO md_202104_garch Creating default Discount Factor(type='DiscountRate', name=('USD-SOFR',))
INFO PLAT_JUL29 Observed_Scenario substituted 2 factor(s): ['CommodityPrice.PLATINUM_CME', 'ObservedBasis.PLATINUM_CME.LME_CME']
INFO PLAT_JUL29 liability scalars: total_leg_volume=2500.0 last_settlement_index=155
INFO PLAT_JUL29 utility_scale (symlog c) resolved to 492121.19
INFO PLAT_JUL29 DiffSolverV2 setup: n_hedge=3 active=[0, 1, 2] T_dec=126 (of 128 sim steps; last-live mtm=[-2]) B_outer=1 levels=9 fit_iters=60 lr=0.002 | contract_size=[50.0, 50.0, 50.0] | q∈[[-50.0, -50.0, -50.0], [0.0, 0.0, 0.0]] total_abs_limit=50
INFO PLAT_JUL29 DiffSolverV2 inner forks: one_step=True (window {t, t+1} generation+pricing)
INFO PLAT_JUL29 DiffSolverV2 bank IN Total_Position_Schedule (post-projection): residual frac(Σq outside corridor) min=0.000 mean=0.000 max=0.000 | worst t=0 corridor=[-50, -20] bank Σq∈[-29.95, -29.95] frac_oob=0.000 (≈0 ⇒ projection clean)
INFO PLAT_JUL29 DiffSolverV2 bank: market_dim=6 | swept W∈[-3.314e+05, 9.562e+04] mean=-1.504e+05 std=1.158e+05 | q_rep(t=0)=[0.0, 0.0, 0.0]
INFO PLAT_JUL29 DiffV2_Load_Value_Fn: /home/vretiel/PycharmProjects/riskflow/artifacts/walk_forward/reval48_corridor/run_b060/value_fn_202106_garch_s7.pt trained corridor-free (widest wealth support); rolling under a Total_Position_Schedule only restricts to a learned subset — valid.
INFO PLAT_JUL29 DiffSolverV2 LOADED value fn from /home/vretiel/PycharmProjects/riskflow/artifacts/walk_forward/reval48_corridor/run_b060/value_fn_202106_garch_s7.pt (train V_0=-0.552244) | eval-world market drift vs train frame: max 0.892 σ | utility_scale 932308
INFO PLAT_JUL29 DiffV2_Load_Value_Fn: /home/vretiel/PycharmProjects/riskflow/artifacts/walk_forward/reval48_corridor/run_b060/value_fn_202106_garch_s42.pt trained corridor-free (widest wealth support); rolling under a Total_Position_Schedule only restricts to a learned subset — valid.
INFO PLAT_JUL29 DiffSolverV2 LOADED value fn from /home/vretiel/PycharmProjects/riskflow/artifacts/walk_forward/reval48_corridor/run_b060/value_fn_202106_garch_s42.pt (train V_0=-0.504561) | eval-world market drift vs train frame: max 0.855 σ | utility_scale 929158
INFO PLAT_JUL29 DiffV2_Load_Value_Fn: /home/vretiel/PycharmProjects/riskflow/artifacts/walk_forward/reval48_corridor/run_b060/value_fn_202106_garch_s314.pt trained corridor-free (widest wealth support); rolling under a Total_Position_Schedule only restricts to a learned subset — valid.
INFO PLAT_JUL29 DiffSolverV2 LOADED value fn from /home/vretiel/PycharmProjects/riskflow/artifacts/walk_forward/reval48_corridor/run_b060/value_fn_202106_garch_s314.pt (train V_0=-0.492335) | eval-world market drift vs train frame: max 0.946 σ | utility_scale 952539
WARNING PLAT_JUL29 DiffSolverV2 ensemble utility_scale spread 2.45% — members trained against different anchors; averaging is approximate
INFO PLAT_JUL29 DiffSolverV2 action grid: K=165 actions (levels=9 ^ active=3)
INFO PLAT_JUL29 DiffSolverV2 ENSEMBLE argmax over 3 value fns
INFO PLAT_JUL29 DiffSolverV2 STEPPER ROLLOUT (frozen policy, realized path, real accounting):
  greedy   wT=-1.5122e+05 p5=-1.5122e+05 cvar5=-1.5122e+05
  textbook wT=-2.8597e+05 p5=-2.8597e+05 cvar5=-2.8597e+05
  nohedge  wT=-4.9020e+05 p5=-4.9020e+05 cvar5=-4.9020e+05
INFO PLAT_JUL29 DiffSolverV2 VERDICT (OUT-OF-SAMPLE rollout t=0→T over 1 outer paths, start flat):
  policy    u(W_T)mean    W_T mean       W_T p5         W_T CVaR5
  greedy    -0.24876    -1.2820e+05   -1.2820e+05   -1.2820e+05
  textbook  -0.90560    -2.9454e+05   -2.9454e+05   -2.9454e+05
  nohedge   -2.16132    -4.9021e+05   -4.9021e+05   -4.9021e+05
  → on the OBJECTIVE E[u(W_T)]: beats no-hedge=True, beats textbook=True | tail(CVaR5) competitive w/ textbook=True
INFO PLAT_JUL29 DiffSolverV2 greedy positions: mean|q| per instrument=['0.00', '0.00', '31.40'] | q@t0=[0.0, 0.0, -25.0] | q@mid=[0.0, 0.0, -25.0] (textbook q@t0=[0.0, 0.0, 0.0])
INFO PLAT_JUL29 solve_hedge tracks: {'DiffSolverV2': -0.5522} | ladder holds=True
INFO PLAT_JUL29 JOB 202106 b0.60 DONE: greedy=-60.49 nohedge=-196.08 bound=808.98 PASS=True churn=237.5 breaches=0(worst=0)
INFO PLAT_JUL29 === JOB 202107 band=0.60 md=md_202107_garch.json trade_date=2021-07-01 (EVAL-ONLY re-roll) ===
INFO PLAT_JUL29 === TRAIN 202107 seed=7 SKIP (checkpoint exists) ===
INFO PLAT_JUL29 === TRAIN 202107 seed=42 SKIP (checkpoint exists) ===
INFO PLAT_JUL29 === TRAIN 202107 seed=314 SKIP (checkpoint exists) ===
INFO PLAT_JUL29 === ROLL 202107 (stepper, realized path, 3-seed ensemble, inner=512) ===
WARNING md_202107_garch Price Factor 'DiscountRate.USD-SOFR' not found in market data
INFO md_202107_garch Creating default Discount Factor(type='DiscountRate', name=('USD-SOFR',))
INFO PLAT_JUL29 Observed_Scenario substituted 2 factor(s): ['CommodityPrice.PLATINUM_CME', 'ObservedBasis.PLATINUM_CME.LME_CME']
INFO PLAT_JUL29 liability scalars: total_leg_volume=2500.0 last_settlement_index=156
INFO PLAT_JUL29 utility_scale (symlog c) resolved to 690222.66
INFO PLAT_JUL29 DiffSolverV2 setup: n_hedge=3 active=[0, 1, 2] T_dec=127 (of 129 sim steps; last-live mtm=[-2]) B_outer=1 levels=9 fit_iters=60 lr=0.002 | contract_size=[50.0, 50.0, 50.0] | q∈[[-50.0, -50.0, -50.0], [0.0, 0.0, 0.0]] total_abs_limit=50
INFO PLAT_JUL29 DiffSolverV2 inner forks: one_step=True (window {t, t+1} generation+pricing)
INFO PLAT_JUL29 DiffSolverV2 bank IN Total_Position_Schedule (post-projection): residual frac(Σq outside corridor) min=0.000 mean=0.000 max=0.000 | worst t=0 corridor=[-50, -20] bank Σq∈[-29.95, -29.95] frac_oob=0.000 (≈0 ⇒ projection clean)
INFO PLAT_JUL29 DiffSolverV2 bank: market_dim=6 | swept W∈[-2.429e+05, 2.192e+05] mean=-3.068e+04 std=9.25e+04 | q_rep(t=0)=[0.0, 0.0, 0.0]
INFO PLAT_JUL29 DiffV2_Load_Value_Fn: /home/vretiel/PycharmProjects/riskflow/artifacts/walk_forward/reval48_corridor/run_b060/value_fn_202107_garch_s7.pt trained corridor-free (widest wealth support); rolling under a Total_Position_Schedule only restricts to a learned subset — valid.
INFO PLAT_JUL29 DiffSolverV2 LOADED value fn from /home/vretiel/PycharmProjects/riskflow/artifacts/walk_forward/reval48_corridor/run_b060/value_fn_202107_garch_s7.pt (train V_0=-0.399164) | eval-world market drift vs train frame: max 0.682 σ | utility_scale 990225
INFO PLAT_JUL29 DiffV2_Load_Value_Fn: /home/vretiel/PycharmProjects/riskflow/artifacts/walk_forward/reval48_corridor/run_b060/value_fn_202107_garch_s42.pt trained corridor-free (widest wealth support); rolling under a Total_Position_Schedule only restricts to a learned subset — valid.
INFO PLAT_JUL29 DiffSolverV2 LOADED value fn from /home/vretiel/PycharmProjects/riskflow/artifacts/walk_forward/reval48_corridor/run_b060/value_fn_202107_garch_s42.pt (train V_0=-0.362962) | eval-world market drift vs train frame: max 0.731 σ | utility_scale 980682
INFO PLAT_JUL29 DiffV2_Load_Value_Fn: /home/vretiel/PycharmProjects/riskflow/artifacts/walk_forward/reval48_corridor/run_b060/value_fn_202107_garch_s314.pt trained corridor-free (widest wealth support); rolling under a Total_Position_Schedule only restricts to a learned subset — valid.
INFO PLAT_JUL29 DiffSolverV2 LOADED value fn from /home/vretiel/PycharmProjects/riskflow/artifacts/walk_forward/reval48_corridor/run_b060/value_fn_202107_garch_s314.pt (train V_0=-0.310664) | eval-world market drift vs train frame: max 0.774 σ | utility_scale 1.03345e+06
WARNING PLAT_JUL29 DiffSolverV2 ensemble utility_scale spread 5.11% — members trained against different anchors; averaging is approximate
INFO PLAT_JUL29 DiffSolverV2 action grid: K=165 actions (levels=9 ^ active=3)
INFO PLAT_JUL29 DiffSolverV2 ENSEMBLE argmax over 3 value fns
INFO PLAT_JUL29 DiffSolverV2 STEPPER ROLLOUT (frozen policy, realized path, real accounting):
  greedy   wT=+7.8330e+04 p5=+7.8330e+04 cvar5=+7.8330e+04
  textbook wT=-1.0049e+04 p5=-1.0049e+04 cvar5=-1.0049e+04
  nohedge  wT=-8.9029e+04 p5=-8.9029e+04 cvar5=-8.9029e+04
INFO PLAT_JUL29 DiffSolverV2 VERDICT (OUT-OF-SAMPLE rollout t=0→T over 1 outer paths, start flat):
  policy    u(W_T)mean    W_T mean       W_T p5         W_T CVaR5
  greedy    +0.09091    +9.1038e+04   +9.1038e+04   +9.1038e+04
  textbook  -0.02140    -1.9215e+04   -1.9215e+04   -1.9215e+04
  nohedge   -0.13633    -8.9032e+04   -8.9032e+04   -8.9032e+04
  → on the OBJECTIVE E[u(W_T)]: beats no-hedge=True, beats textbook=True | tail(CVaR5) competitive w/ textbook=True
INFO PLAT_JUL29 DiffSolverV2 greedy positions: mean|q| per instrument=['3.35', '1.38', '37.01'] | q@t0=[0.0, 0.0, -25.0] | q@mid=[0.0, 0.0, -50.0] (textbook q@t0=[0.0, 0.0, 0.0])
INFO PLAT_JUL29 solve_hedge tracks: {'DiffSolverV2': -0.3992} | ladder holds=True
INFO PLAT_JUL29 JOB 202107 b0.60 DONE: greedy=31.33 nohedge=-35.61 bound=691.04 PASS=True churn=425.0 breaches=0(worst=0)
INFO PLAT_JUL29 === JOB 202108 band=0.60 md=md_202107_garch.json trade_date=2021-08-02 (EVAL-ONLY re-roll) ===
INFO PLAT_JUL29 === TRAIN 202108 seed=7 SKIP (checkpoint exists) ===
INFO PLAT_JUL29 === TRAIN 202108 seed=42 SKIP (checkpoint exists) ===
INFO PLAT_JUL29 === TRAIN 202108 seed=314 SKIP (checkpoint exists) ===
INFO PLAT_JUL29 === ROLL 202108 (stepper, realized path, 3-seed ensemble, inner=512) ===
WARNING md_202107_garch Price Factor 'DiscountRate.USD-SOFR' not found in market data
INFO md_202107_garch Creating default Discount Factor(type='DiscountRate', name=('USD-SOFR',))
INFO PLAT_JUL29 Observed_Scenario substituted 2 factor(s): ['CommodityPrice.PLATINUM_CME', 'ObservedBasis.PLATINUM_CME.LME_CME']
INFO PLAT_JUL29 liability scalars: total_leg_volume=2500.0 last_settlement_index=154
INFO PLAT_JUL29 utility_scale (symlog c) resolved to 487180.76
INFO PLAT_JUL29 DiffSolverV2 setup: n_hedge=3 active=[0, 1, 2] T_dec=125 (of 127 sim steps; last-live mtm=[-2]) B_outer=1 levels=9 fit_iters=60 lr=0.002 | contract_size=[50.0, 50.0, 50.0] | q∈[[-50.0, -50.0, -50.0], [0.0, 0.0, 0.0]] total_abs_limit=50
INFO PLAT_JUL29 DiffSolverV2 inner forks: one_step=True (window {t, t+1} generation+pricing)
INFO PLAT_JUL29 DiffSolverV2 bank IN Total_Position_Schedule (post-projection): residual frac(Σq outside corridor) min=0.000 mean=0.000 max=0.000 | worst t=0 corridor=[-50, -20] bank Σq∈[-29.95, -29.95] frac_oob=0.000 (≈0 ⇒ projection clean)
INFO PLAT_JUL29 DiffSolverV2 bank: market_dim=6 | swept W∈[-2.246e+05, 8.569e+04] mean=-2.801e+04 std=6.403e+04 | q_rep(t=0)=[0.0, 0.0, 0.0]
INFO PLAT_JUL29 DiffV2_Load_Value_Fn: /home/vretiel/PycharmProjects/riskflow/artifacts/walk_forward/reval48_corridor/run_b060/value_fn_202108_garch_s7.pt trained corridor-free (widest wealth support); rolling under a Total_Position_Schedule only restricts to a learned subset — valid.
INFO PLAT_JUL29 DiffSolverV2 LOADED value fn from /home/vretiel/PycharmProjects/riskflow/artifacts/walk_forward/reval48_corridor/run_b060/value_fn_202108_garch_s7.pt (train V_0=-0.592949) | eval-world market drift vs train frame: max 0.777 σ | utility_scale 871557
INFO PLAT_JUL29 DiffV2_Load_Value_Fn: /home/vretiel/PycharmProjects/riskflow/artifacts/walk_forward/reval48_corridor/run_b060/value_fn_202108_garch_s42.pt trained corridor-free (widest wealth support); rolling under a Total_Position_Schedule only restricts to a learned subset — valid.
INFO PLAT_JUL29 DiffSolverV2 LOADED value fn from /home/vretiel/PycharmProjects/riskflow/artifacts/walk_forward/reval48_corridor/run_b060/value_fn_202108_garch_s42.pt (train V_0=-0.578735) | eval-world market drift vs train frame: max 0.767 σ | utility_scale 865825
INFO PLAT_JUL29 DiffV2_Load_Value_Fn: /home/vretiel/PycharmProjects/riskflow/artifacts/walk_forward/reval48_corridor/run_b060/value_fn_202108_garch_s314.pt trained corridor-free (widest wealth support); rolling under a Total_Position_Schedule only restricts to a learned subset — valid.
INFO PLAT_JUL29 DiffSolverV2 LOADED value fn from /home/vretiel/PycharmProjects/riskflow/artifacts/walk_forward/reval48_corridor/run_b060/value_fn_202108_garch_s314.pt (train V_0=-0.539837) | eval-world market drift vs train frame: max 0.856 σ | utility_scale 880985
WARNING PLAT_JUL29 DiffSolverV2 ensemble utility_scale spread 1.72% — members trained against different anchors; averaging is approximate
INFO PLAT_JUL29 DiffSolverV2 action grid: K=165 actions (levels=9 ^ active=3)
INFO PLAT_JUL29 DiffSolverV2 ENSEMBLE argmax over 3 value fns
INFO PLAT_JUL29 DiffSolverV2 STEPPER ROLLOUT (frozen policy, realized path, real accounting):
  greedy   wT=+2.4157e+05 p5=+2.4157e+05 cvar5=+2.4157e+05
  textbook wT=-6.1355e+02 p5=-6.1355e+02 cvar5=-6.1355e+02
  nohedge  wT=-1.4127e+04 p5=-1.4127e+04 cvar5=-1.4127e+04
INFO PLAT_JUL29 DiffSolverV2 VERDICT (OUT-OF-SAMPLE rollout t=0→T over 1 outer paths, start flat):
  policy    u(W_T)mean    W_T mean       W_T p5         W_T CVaR5
  greedy    +0.28674    +2.5026e+05   +2.5026e+05   +2.5026e+05
  textbook  +0.00073    +6.4050e+02   +6.4050e+02   +6.4050e+02
  nohedge   -0.01776    -1.4131e+04   -1.4131e+04   -1.4131e+04
  → on the OBJECTIVE E[u(W_T)]: beats no-hedge=True, beats textbook=True | tail(CVaR5) competitive w/ textbook=True
INFO PLAT_JUL29 DiffSolverV2 greedy positions: mean|q| per instrument=['17.80', '0.00', '9.80'] | q@t0=[-25.0, 0.0, 0.0] | q@mid=[-25.0, 0.0, 0.0] (textbook q@t0=[0.0, 0.0, 0.0])
INFO PLAT_JUL29 solve_hedge tracks: {'DiffSolverV2': -0.5929} | ladder holds=True
INFO PLAT_JUL29 JOB 202108 b0.60 DONE: greedy=96.63 nohedge=-5.65 bound=730.94 PASS=True churn=100.0 breaches=0(worst=0)
INFO PLAT_JUL29 === JOB 202109 band=0.60 md=md_202107_garch.json trade_date=2021-09-01 (EVAL-ONLY re-roll) ===
INFO PLAT_JUL29 === TRAIN 202109 seed=7 SKIP (checkpoint exists) ===
INFO PLAT_JUL29 === TRAIN 202109 seed=42 SKIP (checkpoint exists) ===
INFO PLAT_JUL29 === TRAIN 202109 seed=314 SKIP (checkpoint exists) ===
INFO PLAT_JUL29 === ROLL 202109 (stepper, realized path, 3-seed ensemble, inner=512) ===
WARNING md_202107_garch Price Factor 'DiscountRate.USD-SOFR' not found in market data
INFO md_202107_garch Creating default Discount Factor(type='DiscountRate', name=('USD-SOFR',))
INFO PLAT_JUL29 Observed_Scenario substituted 2 factor(s): ['CommodityPrice.PLATINUM_CME', 'ObservedBasis.PLATINUM_CME.LME_CME']
INFO PLAT_JUL29 liability scalars: total_leg_volume=2500.0 last_settlement_index=155
INFO PLAT_JUL29 utility_scale (symlog c) resolved to 539290.74
INFO PLAT_JUL29 DiffSolverV2 setup: n_hedge=3 active=[0, 1, 2] T_dec=126 (of 128 sim steps; last-live mtm=[-2]) B_outer=1 levels=9 fit_iters=60 lr=0.002 | contract_size=[50.0, 50.0, 50.0] | q∈[[-50.0, -50.0, -50.0], [0.0, 0.0, 0.0]] total_abs_limit=50
INFO PLAT_JUL29 DiffSolverV2 inner forks: one_step=True (window {t, t+1} generation+pricing)
INFO PLAT_JUL29 DiffSolverV2 bank IN Total_Position_Schedule (post-projection): residual frac(Σq outside corridor) min=0.000 mean=0.000 max=0.000 | worst t=0 corridor=[-50, -20] bank Σq∈[-29.95, -29.95] frac_oob=0.000 (≈0 ⇒ projection clean)
INFO PLAT_JUL29 DiffSolverV2 bank: market_dim=6 | swept W∈[-1.703e+05, 2.246e+05] mean=590 std=8.604e+04 | q_rep(t=0)=[0.0, 0.0, 0.0]
INFO PLAT_JUL29 DiffV2_Load_Value_Fn: /home/vretiel/PycharmProjects/riskflow/artifacts/walk_forward/reval48_corridor/run_b060/value_fn_202109_garch_s7.pt trained corridor-free (widest wealth support); rolling under a Total_Position_Schedule only restricts to a learned subset — valid.
INFO PLAT_JUL29 DiffSolverV2 LOADED value fn from /home/vretiel/PycharmProjects/riskflow/artifacts/walk_forward/reval48_corridor/run_b060/value_fn_202109_garch_s7.pt (train V_0=-0.653715) | eval-world market drift vs train frame: max 0.793 σ | utility_scale 868036
INFO PLAT_JUL29 DiffV2_Load_Value_Fn: /home/vretiel/PycharmProjects/riskflow/artifacts/walk_forward/reval48_corridor/run_b060/value_fn_202109_garch_s42.pt trained corridor-free (widest wealth support); rolling under a Total_Position_Schedule only restricts to a learned subset — valid.
INFO PLAT_JUL29 DiffSolverV2 LOADED value fn from /home/vretiel/PycharmProjects/riskflow/artifacts/walk_forward/reval48_corridor/run_b060/value_fn_202109_garch_s42.pt (train V_0=-0.612776) | eval-world market drift vs train frame: max 0.762 σ | utility_scale 865850
INFO PLAT_JUL29 DiffV2_Load_Value_Fn: /home/vretiel/PycharmProjects/riskflow/artifacts/walk_forward/reval48_corridor/run_b060/value_fn_202109_garch_s314.pt trained corridor-free (widest wealth support); rolling under a Total_Position_Schedule only restricts to a learned subset — valid.
INFO PLAT_JUL29 DiffSolverV2 LOADED value fn from /home/vretiel/PycharmProjects/riskflow/artifacts/walk_forward/reval48_corridor/run_b060/value_fn_202109_garch_s314.pt (train V_0=-0.60279) | eval-world market drift vs train frame: max 0.84 σ | utility_scale 881733
WARNING PLAT_JUL29 DiffSolverV2 ensemble utility_scale spread 1.8% — members trained against different anchors; averaging is approximate
INFO PLAT_JUL29 DiffSolverV2 action grid: K=165 actions (levels=9 ^ active=3)
INFO PLAT_JUL29 DiffSolverV2 ENSEMBLE argmax over 3 value fns
INFO PLAT_JUL29 DiffSolverV2 STEPPER ROLLOUT (frozen policy, realized path, real accounting):
  greedy   wT=-2.4621e+04 p5=-2.4621e+04 cvar5=-2.4621e+04
  textbook wT=-9.7916e+04 p5=-9.7916e+04 cvar5=-9.7916e+04
  nohedge  wT=-1.3684e+05 p5=-1.3684e+05 cvar5=-1.3684e+05
INFO PLAT_JUL29 DiffSolverV2 VERDICT (OUT-OF-SAMPLE rollout t=0→T over 1 outer paths, start flat):
  policy    u(W_T)mean    W_T mean       W_T p5         W_T CVaR5
  greedy    -0.02124    -1.6617e+04   -1.6617e+04   -1.6617e+04
  textbook  -0.19074    -9.8937e+04   -9.8937e+04   -9.8937e+04
  nohedge   -0.30476    -1.3684e+05   -1.3684e+05   -1.3684e+05
  → on the OBJECTIVE E[u(W_T)]: beats no-hedge=True, beats textbook=True | tail(CVaR5) competitive w/ textbook=True
INFO PLAT_JUL29 DiffSolverV2 greedy positions: mean|q| per instrument=['0.00', '0.00', '32.99'] | q@t0=[0.0, 0.0, -25.0] | q@mid=[0.0, 0.0, -37.5] (textbook q@t0=[0.0, 0.0, 0.0])
INFO PLAT_JUL29 solve_hedge tracks: {'DiffSolverV2': -0.6537} | ladder holds=True
INFO PLAT_JUL29 JOB 202109 b0.60 DONE: greedy=-9.85 nohedge=-54.74 bound=631.75 PASS=True churn=137.5 breaches=0(worst=0)
INFO PLAT_JUL29 === JOB 202110 band=0.60 md=md_202110_garch.json trade_date=2021-10-01 (EVAL-ONLY re-roll) ===
INFO PLAT_JUL29 === TRAIN 202110 seed=7 SKIP (checkpoint exists) ===
INFO PLAT_JUL29 === TRAIN 202110 seed=42 SKIP (checkpoint exists) ===
INFO PLAT_JUL29 === TRAIN 202110 seed=314 SKIP (checkpoint exists) ===
INFO PLAT_JUL29 === ROLL 202110 (stepper, realized path, 3-seed ensemble, inner=512) ===
WARNING md_202110_garch Price Factor 'DiscountRate.USD-SOFR' not found in market data
INFO md_202110_garch Creating default Discount Factor(type='DiscountRate', name=('USD-SOFR',))
INFO PLAT_JUL29 Observed_Scenario substituted 2 factor(s): ['CommodityPrice.PLATINUM_CME', 'ObservedBasis.PLATINUM_CME.LME_CME']
INFO PLAT_JUL29 liability scalars: total_leg_volume=2500.0 last_settlement_index=156
INFO PLAT_JUL29 utility_scale (symlog c) resolved to 647311.72
INFO PLAT_JUL29 DiffSolverV2 setup: n_hedge=3 active=[0, 1, 2] T_dec=127 (of 129 sim steps; last-live mtm=[-2]) B_outer=1 levels=9 fit_iters=60 lr=0.002 | contract_size=[50.0, 50.0, 50.0] | q∈[[-50.0, -50.0, -50.0], [0.0, 0.0, 0.0]] total_abs_limit=50
INFO PLAT_JUL29 DiffSolverV2 inner forks: one_step=True (window {t, t+1} generation+pricing)
INFO PLAT_JUL29 DiffSolverV2 bank IN Total_Position_Schedule (post-projection): residual frac(Σq outside corridor) min=0.000 mean=0.000 max=0.000 | worst t=0 corridor=[-50, -20] bank Σq∈[-29.95, -29.95] frac_oob=0.000 (≈0 ⇒ projection clean)
INFO PLAT_JUL29 DiffSolverV2 bank: market_dim=6 | swept W∈[-8.782e+04, 2.702e+05] mean=4.781e+04 std=9.483e+04 | q_rep(t=0)=[0.0, 0.0, 0.0]
INFO PLAT_JUL29 DiffV2_Load_Value_Fn: /home/vretiel/PycharmProjects/riskflow/artifacts/walk_forward/reval48_corridor/run_b060/value_fn_202110_garch_s7.pt trained corridor-free (widest wealth support); rolling under a Total_Position_Schedule only restricts to a learned subset — valid.
INFO PLAT_JUL29 DiffSolverV2 LOADED value fn from /home/vretiel/PycharmProjects/riskflow/artifacts/walk_forward/reval48_corridor/run_b060/value_fn_202110_garch_s7.pt (train V_0=-0.481231) | eval-world market drift vs train frame: max 0.392 σ | utility_scale 945176
INFO PLAT_JUL29 DiffV2_Load_Value_Fn: /home/vretiel/PycharmProjects/riskflow/artifacts/walk_forward/reval48_corridor/run_b060/value_fn_202110_garch_s42.pt trained corridor-free (widest wealth support); rolling under a Total_Position_Schedule only restricts to a learned subset — valid.
INFO PLAT_JUL29 DiffSolverV2 LOADED value fn from /home/vretiel/PycharmProjects/riskflow/artifacts/walk_forward/reval48_corridor/run_b060/value_fn_202110_garch_s42.pt (train V_0=-0.442329) | eval-world market drift vs train frame: max 0.437 σ | utility_scale 936871
INFO PLAT_JUL29 DiffV2_Load_Value_Fn: /home/vretiel/PycharmProjects/riskflow/artifacts/walk_forward/reval48_corridor/run_b060/value_fn_202110_garch_s314.pt trained corridor-free (widest wealth support); rolling under a Total_Position_Schedule only restricts to a learned subset — valid.
INFO PLAT_JUL29 DiffSolverV2 LOADED value fn from /home/vretiel/PycharmProjects/riskflow/artifacts/walk_forward/reval48_corridor/run_b060/value_fn_202110_garch_s314.pt (train V_0=-0.386995) | eval-world market drift vs train frame: max 0.483 σ | utility_scale 983461
WARNING PLAT_JUL29 DiffSolverV2 ensemble utility_scale spread 4.74% — members trained against different anchors; averaging is approximate
INFO PLAT_JUL29 DiffSolverV2 action grid: K=165 actions (levels=9 ^ active=3)
INFO PLAT_JUL29 DiffSolverV2 ENSEMBLE argmax over 3 value fns
INFO PLAT_JUL29 DiffSolverV2 STEPPER ROLLOUT (frozen policy, realized path, real accounting):
  greedy   wT=-2.5319e+04 p5=-2.5319e+04 cvar5=-2.5319e+04
  textbook wT=+7.6545e+04 p5=+7.6545e+04 cvar5=+7.6545e+04
  nohedge  wT=+8.7390e+04 p5=+8.7390e+04 cvar5=+8.7390e+04
INFO PLAT_JUL29 DiffSolverV2 VERDICT (OUT-OF-SAMPLE rollout t=0→T over 1 outer paths, start flat):
  policy    u(W_T)mean    W_T mean       W_T p5         W_T CVaR5
  greedy    -0.07763    -5.5088e+04   -5.5088e+04   -5.5088e+04
  textbook  +0.07958    +7.6011e+04   +7.6011e+04   +7.6011e+04
  nohedge   +0.09149    +8.7387e+04   +8.7387e+04   +8.7387e+04
  → on the OBJECTIVE E[u(W_T)]: beats no-hedge=False, beats textbook=False | tail(CVaR5) competitive w/ textbook=False
INFO PLAT_JUL29 DiffSolverV2 greedy positions: mean|q| per instrument=['3.15', '1.77', '32.04'] | q@t0=[0.0, 0.0, -25.0] | q@mid=[0.0, 0.0, -50.0] (textbook q@t0=[0.0, 0.0, 0.0])
INFO PLAT_JUL29 solve_hedge tracks: {'DiffSolverV2': -0.4812} | ladder holds=True
INFO PLAT_JUL29 JOB 202110 b0.60 DONE: greedy=-10.13 nohedge=34.96 bound=605.85 PASS=True churn=375.0 breaches=0(worst=0)
INFO PLAT_JUL29 === JOB 202111 band=0.60 md=md_202110_garch.json trade_date=2021-11-01 (EVAL-ONLY re-roll) ===
INFO PLAT_JUL29 === TRAIN 202111 seed=7 SKIP (checkpoint exists) ===
INFO PLAT_JUL29 === TRAIN 202111 seed=42 SKIP (checkpoint exists) ===
INFO PLAT_JUL29 === TRAIN 202111 seed=314 SKIP (checkpoint exists) ===
INFO PLAT_JUL29 === ROLL 202111 (stepper, realized path, 3-seed ensemble, inner=512) ===
WARNING md_202110_garch Price Factor 'DiscountRate.USD-SOFR' not found in market data
INFO md_202110_garch Creating default Discount Factor(type='DiscountRate', name=('USD-SOFR',))
INFO PLAT_JUL29 Observed_Scenario substituted 2 factor(s): ['CommodityPrice.PLATINUM_CME', 'ObservedBasis.PLATINUM_CME.LME_CME']
INFO PLAT_JUL29 liability scalars: total_leg_volume=2500.0 last_settlement_index=153
INFO PLAT_JUL29 utility_scale (symlog c) resolved to 457710.31
INFO PLAT_JUL29 DiffSolverV2 setup: n_hedge=3 active=[0, 1, 2] T_dec=124 (of 126 sim steps; last-live mtm=[-2]) B_outer=1 levels=9 fit_iters=60 lr=0.002 | contract_size=[50.0, 50.0, 50.0] | q∈[[-50.0, -50.0, -50.0], [0.0, 0.0, 0.0]] total_abs_limit=50
INFO PLAT_JUL29 DiffSolverV2 inner forks: one_step=True (window {t, t+1} generation+pricing)
INFO PLAT_JUL29 DiffSolverV2 bank IN Total_Position_Schedule (post-projection): residual frac(Σq outside corridor) min=0.000 mean=0.000 max=0.000 | worst t=0 corridor=[-50, -20] bank Σq∈[-29.95, -29.95] frac_oob=0.000 (≈0 ⇒ projection clean)
INFO PLAT_JUL29 DiffSolverV2 bank: market_dim=6 | swept W∈[-1.29e+05, 1.711e+05] mean=-2229 std=7.462e+04 | q_rep(t=0)=[0.0, 0.0, 0.0]
INFO PLAT_JUL29 DiffV2_Load_Value_Fn: /home/vretiel/PycharmProjects/riskflow/artifacts/walk_forward/reval48_corridor/run_b060/value_fn_202111_garch_s7.pt trained corridor-free (widest wealth support); rolling under a Total_Position_Schedule only restricts to a learned subset — valid.
INFO PLAT_JUL29 DiffSolverV2 LOADED value fn from /home/vretiel/PycharmProjects/riskflow/artifacts/walk_forward/reval48_corridor/run_b060/value_fn_202111_garch_s7.pt (train V_0=-0.626221) | eval-world market drift vs train frame: max 0.585 σ | utility_scale 858533
INFO PLAT_JUL29 DiffV2_Load_Value_Fn: /home/vretiel/PycharmProjects/riskflow/artifacts/walk_forward/reval48_corridor/run_b060/value_fn_202111_garch_s42.pt trained corridor-free (widest wealth support); rolling under a Total_Position_Schedule only restricts to a learned subset — valid.
INFO PLAT_JUL29 DiffSolverV2 LOADED value fn from /home/vretiel/PycharmProjects/riskflow/artifacts/walk_forward/reval48_corridor/run_b060/value_fn_202111_garch_s42.pt (train V_0=-0.564909) | eval-world market drift vs train frame: max 0.577 σ | utility_scale 886731
INFO PLAT_JUL29 DiffV2_Load_Value_Fn: /home/vretiel/PycharmProjects/riskflow/artifacts/walk_forward/reval48_corridor/run_b060/value_fn_202111_garch_s314.pt trained corridor-free (widest wealth support); rolling under a Total_Position_Schedule only restricts to a learned subset — valid.
INFO PLAT_JUL29 DiffSolverV2 LOADED value fn from /home/vretiel/PycharmProjects/riskflow/artifacts/walk_forward/reval48_corridor/run_b060/value_fn_202111_garch_s314.pt (train V_0=-0.537941) | eval-world market drift vs train frame: max 0.644 σ | utility_scale 881219
WARNING PLAT_JUL29 DiffSolverV2 ensemble utility_scale spread 3.18% — members trained against different anchors; averaging is approximate
INFO PLAT_JUL29 DiffSolverV2 action grid: K=165 actions (levels=9 ^ active=3)
INFO PLAT_JUL29 DiffSolverV2 ENSEMBLE argmax over 3 value fns
INFO PLAT_JUL29 DiffSolverV2 STEPPER ROLLOUT (frozen policy, realized path, real accounting):
  greedy   wT=-8.6762e+04 p5=-8.6762e+04 cvar5=-8.6762e+04
  textbook wT=+8.1603e+04 p5=+8.1603e+04 cvar5=+8.1603e+04
  nohedge  wT=+9.4733e+04 p5=+9.4733e+04 cvar5=+9.4733e+04
INFO PLAT_JUL29 DiffSolverV2 VERDICT (OUT-OF-SAMPLE rollout t=0→T over 1 outer paths, start flat):
  policy    u(W_T)mean    W_T mean       W_T p5         W_T CVaR5
  greedy    +0.05491    +4.8077e+04   +4.8077e+04   +4.8077e+04
  textbook  +0.09641    +8.4403e+04   +8.4403e+04   +8.4403e+04
  nohedge   +0.10820    +9.4727e+04   +9.4727e+04   +9.4727e+04
  → on the OBJECTIVE E[u(W_T)]: beats no-hedge=False, beats textbook=False | tail(CVaR5) competitive w/ textbook=False
INFO PLAT_JUL29 DiffSolverV2 greedy positions: mean|q| per instrument=['28.23', '0.40', '12.60'] | q@t0=[-25.0, 0.0, 0.0] | q@mid=[-43.75, 0.0, 0.0] (textbook q@t0=[0.0, 0.0, 0.0])
INFO PLAT_JUL29 solve_hedge tracks: {'DiffSolverV2': -0.6262} | ladder holds=True
INFO PLAT_JUL29 JOB 202111 b0.60 DONE: greedy=-34.7 nohedge=37.89 bound=607.29 PASS=True churn=187.5 breaches=0(worst=0)
INFO PLAT_JUL29 === JOB 202112 band=0.60 md=md_202110_garch.json trade_date=2021-12-01 (EVAL-ONLY re-roll) ===
INFO PLAT_JUL29 === TRAIN 202112 seed=7 SKIP (checkpoint exists) ===
INFO PLAT_JUL29 === TRAIN 202112 seed=42 SKIP (checkpoint exists) ===
INFO PLAT_JUL29 === TRAIN 202112 seed=314 SKIP (checkpoint exists) ===
INFO PLAT_JUL29 === ROLL 202112 (stepper, realized path, 3-seed ensemble, inner=512) ===
WARNING md_202110_garch Price Factor 'DiscountRate.USD-SOFR' not found in market data
INFO md_202110_garch Creating default Discount Factor(type='DiscountRate', name=('USD-SOFR',))
INFO PLAT_JUL29 Observed_Scenario substituted 2 factor(s): ['CommodityPrice.PLATINUM_CME', 'ObservedBasis.PLATINUM_CME.LME_CME']
INFO PLAT_JUL29 liability scalars: total_leg_volume=2500.0 last_settlement_index=154
INFO PLAT_JUL29 utility_scale (symlog c) resolved to 514990.70
INFO PLAT_JUL29 DiffSolverV2 setup: n_hedge=3 active=[0, 1, 2] T_dec=125 (of 127 sim steps; last-live mtm=[-2]) B_outer=1 levels=9 fit_iters=60 lr=0.002 | contract_size=[50.0, 50.0, 50.0] | q∈[[-50.0, -50.0, -50.0], [0.0, 0.0, 0.0]] total_abs_limit=50
INFO PLAT_JUL29 DiffSolverV2 inner forks: one_step=True (window {t, t+1} generation+pricing)
INFO PLAT_JUL29 DiffSolverV2 bank IN Total_Position_Schedule (post-projection): residual frac(Σq outside corridor) min=0.000 mean=0.000 max=0.000 | worst t=0 corridor=[-50, -20] bank Σq∈[-29.95, -29.95] frac_oob=0.000 (≈0 ⇒ projection clean)
INFO PLAT_JUL29 DiffSolverV2 bank: market_dim=6 | swept W∈[-3.007e+04, 3.488e+05] mean=1.161e+05 std=9.237e+04 | q_rep(t=0)=[0.0, 0.0, 0.0]
INFO PLAT_JUL29 DiffV2_Load_Value_Fn: /home/vretiel/PycharmProjects/riskflow/artifacts/walk_forward/reval48_corridor/run_b060/value_fn_202112_garch_s7.pt trained corridor-free (widest wealth support); rolling under a Total_Position_Schedule only restricts to a learned subset — valid.
INFO PLAT_JUL29 DiffSolverV2 LOADED value fn from /home/vretiel/PycharmProjects/riskflow/artifacts/walk_forward/reval48_corridor/run_b060/value_fn_202112_garch_s7.pt (train V_0=-0.701298) | eval-world market drift vs train frame: max 0.596 σ | utility_scale 864872
INFO PLAT_JUL29 DiffV2_Load_Value_Fn: /home/vretiel/PycharmProjects/riskflow/artifacts/walk_forward/reval48_corridor/run_b060/value_fn_202112_garch_s42.pt trained corridor-free (widest wealth support); rolling under a Total_Position_Schedule only restricts to a learned subset — valid.
INFO PLAT_JUL29 DiffSolverV2 LOADED value fn from /home/vretiel/PycharmProjects/riskflow/artifacts/walk_forward/reval48_corridor/run_b060/value_fn_202112_garch_s42.pt (train V_0=-0.695424) | eval-world market drift vs train frame: max 0.59 σ | utility_scale 853681
INFO PLAT_JUL29 DiffV2_Load_Value_Fn: /home/vretiel/PycharmProjects/riskflow/artifacts/walk_forward/reval48_corridor/run_b060/value_fn_202112_garch_s314.pt trained corridor-free (widest wealth support); rolling under a Total_Position_Schedule only restricts to a learned subset — valid.
INFO PLAT_JUL29 DiffSolverV2 LOADED value fn from /home/vretiel/PycharmProjects/riskflow/artifacts/walk_forward/reval48_corridor/run_b060/value_fn_202112_garch_s314.pt (train V_0=-0.648073) | eval-world market drift vs train frame: max 0.676 σ | utility_scale 872360
WARNING PLAT_JUL29 DiffSolverV2 ensemble utility_scale spread 2.14% — members trained against different anchors; averaging is approximate
INFO PLAT_JUL29 DiffSolverV2 action grid: K=165 actions (levels=9 ^ active=3)
INFO PLAT_JUL29 DiffSolverV2 ENSEMBLE argmax over 3 value fns
INFO PLAT_JUL29 DiffSolverV2 STEPPER ROLLOUT (frozen policy, realized path, real accounting):
  greedy   wT=+3.7751e+05 p5=+3.7751e+05 cvar5=+3.7751e+05
  textbook wT=+1.2589e+05 p5=+1.2589e+05 cvar5=+1.2589e+05
  nohedge  wT=+2.7033e+05 p5=+2.7033e+05 cvar5=+2.7033e+05
INFO PLAT_JUL29 DiffSolverV2 VERDICT (OUT-OF-SAMPLE rollout t=0→T over 1 outer paths, start flat):
  policy    u(W_T)mean    W_T mean       W_T p5         W_T CVaR5
  greedy    +0.42791    +3.6956e+05   +3.6956e+05   +3.6956e+05
  textbook  +0.14876    +1.2847e+05   +1.2847e+05   +1.2847e+05
  nohedge   +0.31301    +2.7032e+05   +2.7032e+05   +2.7032e+05
  → on the OBJECTIVE E[u(W_T)]: beats no-hedge=True, beats textbook=True | tail(CVaR5) competitive w/ textbook=True
INFO PLAT_JUL29 DiffSolverV2 greedy positions: mean|q| per instrument=['12.40', '0.60', '20.45'] | q@t0=[-25.0, 0.0, 0.0] | q@mid=[0.0, 0.0, -25.0] (textbook q@t0=[0.0, 0.0, 0.0])
INFO PLAT_JUL29 solve_hedge tracks: {'DiffSolverV2': -0.7013} | ladder holds=True
INFO PLAT_JUL29 JOB 202112 b0.60 DONE: greedy=151.0 nohedge=108.13 bound=649.35 PASS=True churn=325.0 breaches=0(worst=0)
INFO PLAT_JUL29 === JOB 202201 band=0.60 md=md_202201_garch.json trade_date=2022-01-03 (EVAL-ONLY re-roll) ===
INFO PLAT_JUL29 === TRAIN 202201 seed=7 SKIP (checkpoint exists) ===
INFO PLAT_JUL29 === TRAIN 202201 seed=42 SKIP (checkpoint exists) ===
INFO PLAT_JUL29 === TRAIN 202201 seed=314 SKIP (checkpoint exists) ===
INFO PLAT_JUL29 === ROLL 202201 (stepper, realized path, 3-seed ensemble, inner=512) ===
WARNING md_202201_garch Price Factor 'DiscountRate.USD-SOFR' not found in market data
INFO md_202201_garch Creating default Discount Factor(type='DiscountRate', name=('USD-SOFR',))
INFO PLAT_JUL29 Observed_Scenario substituted 2 factor(s): ['CommodityPrice.PLATINUM_CME', 'ObservedBasis.PLATINUM_CME.LME_CME']
INFO PLAT_JUL29 liability scalars: total_leg_volume=2500.0 last_settlement_index=151
INFO PLAT_JUL29 utility_scale (symlog c) resolved to 443944.25
INFO PLAT_JUL29 DiffSolverV2 setup: n_hedge=3 active=[0, 1, 2] T_dec=122 (of 124 sim steps; last-live mtm=[-2]) B_outer=1 levels=9 fit_iters=60 lr=0.002 | contract_size=[50.0, 50.0, 50.0] | q∈[[-50.0, -50.0, -50.0], [0.0, 0.0, 0.0]] total_abs_limit=50
INFO PLAT_JUL29 DiffSolverV2 inner forks: one_step=True (window {t, t+1} generation+pricing)
INFO PLAT_JUL29 DiffSolverV2 bank IN Total_Position_Schedule (post-projection): residual frac(Σq outside corridor) min=0.000 mean=0.000 max=0.000 | worst t=0 corridor=[-50, -20] bank Σq∈[-29.95, -29.95] frac_oob=0.000 (≈0 ⇒ projection clean)
INFO PLAT_JUL29 DiffSolverV2 bank: market_dim=6 | swept W∈[-5.602e+04, 3.345e+05] mean=6.724e+04 std=8.283e+04 | q_rep(t=0)=[0.0, 0.0, 0.0]
INFO PLAT_JUL29 DiffV2_Load_Value_Fn: /home/vretiel/PycharmProjects/riskflow/artifacts/walk_forward/reval48_corridor/run_b060/value_fn_202201_garch_s7.pt trained corridor-free (widest wealth support); rolling under a Total_Position_Schedule only restricts to a learned subset — valid.
INFO PLAT_JUL29 DiffSolverV2 LOADED value fn from /home/vretiel/PycharmProjects/riskflow/artifacts/walk_forward/reval48_corridor/run_b060/value_fn_202201_garch_s7.pt (train V_0=-0.692653) | eval-world market drift vs train frame: max 0.946 σ | utility_scale 753123
INFO PLAT_JUL29 DiffV2_Load_Value_Fn: /home/vretiel/PycharmProjects/riskflow/artifacts/walk_forward/reval48_corridor/run_b060/value_fn_202201_garch_s42.pt trained corridor-free (widest wealth support); rolling under a Total_Position_Schedule only restricts to a learned subset — valid.
INFO PLAT_JUL29 DiffSolverV2 LOADED value fn from /home/vretiel/PycharmProjects/riskflow/artifacts/walk_forward/reval48_corridor/run_b060/value_fn_202201_garch_s42.pt (train V_0=-0.644044) | eval-world market drift vs train frame: max 0.992 σ | utility_scale 752244
INFO PLAT_JUL29 DiffV2_Load_Value_Fn: /home/vretiel/PycharmProjects/riskflow/artifacts/walk_forward/reval48_corridor/run_b060/value_fn_202201_garch_s314.pt trained corridor-free (widest wealth support); rolling under a Total_Position_Schedule only restricts to a learned subset — valid.
INFO PLAT_JUL29 DiffSolverV2 LOADED value fn from /home/vretiel/PycharmProjects/riskflow/artifacts/walk_forward/reval48_corridor/run_b060/value_fn_202201_garch_s314.pt (train V_0=-0.646478) | eval-world market drift vs train frame: max 0.994 σ | utility_scale 748788
INFO PLAT_JUL29 DiffSolverV2 action grid: K=165 actions (levels=9 ^ active=3)
INFO PLAT_JUL29 DiffSolverV2 ENSEMBLE argmax over 3 value fns
INFO PLAT_JUL29 DiffSolverV2 STEPPER ROLLOUT (frozen policy, realized path, real accounting):
  greedy   wT=+1.4558e+05 p5=+1.4558e+05 cvar5=+1.4558e+05
  textbook wT=-2.3179e+03 p5=-2.3179e+03 cvar5=-2.3179e+03
  nohedge  wT=+3.6466e+04 p5=+3.6466e+04 cvar5=+3.6466e+04
INFO PLAT_JUL29 DiffSolverV2 VERDICT (OUT-OF-SAMPLE rollout t=0→T over 1 outer paths, start flat):
  policy    u(W_T)mean    W_T mean       W_T p5         W_T CVaR5
  greedy    +0.11624    +8.7344e+04   +8.7344e+04   +8.7344e+04
  textbook  +0.00169    +1.2715e+03   +1.2715e+03   +1.2715e+03
  nohedge   +0.04852    +3.6459e+04   +3.6459e+04   +3.6459e+04
  → on the OBJECTIVE E[u(W_T)]: beats no-hedge=True, beats textbook=True | tail(CVaR5) competitive w/ textbook=True
INFO PLAT_JUL29 DiffSolverV2 greedy positions: mean|q| per instrument=['5.94', '11.27', '10.66'] | q@t0=[-25.0, 0.0, 0.0] | q@mid=[0.0, -25.0, 0.0] (textbook q@t0=[0.0, 0.0, 0.0])
INFO PLAT_JUL29 solve_hedge tracks: {'DiffSolverV2': -0.6927} | ladder holds=True
INFO PLAT_JUL29 JOB 202201 b0.60 DONE: greedy=58.23 nohedge=14.59 bound=657.46 PASS=True churn=337.5 breaches=0(worst=0)
INFO PLAT_JUL29 === JOB 202202 band=0.60 md=md_202201_garch.json trade_date=2022-02-01 (EVAL-ONLY re-roll) ===
INFO PLAT_JUL29 === TRAIN 202202 seed=7 SKIP (checkpoint exists) ===
INFO PLAT_JUL29 === TRAIN 202202 seed=42 SKIP (checkpoint exists) ===
INFO PLAT_JUL29 === TRAIN 202202 seed=314 SKIP (checkpoint exists) ===
INFO PLAT_JUL29 === ROLL 202202 (stepper, realized path, 3-seed ensemble, inner=512) ===
WARNING md_202201_garch Price Factor 'DiscountRate.USD-SOFR' not found in market data
INFO md_202201_garch Creating default Discount Factor(type='DiscountRate', name=('USD-SOFR',))
INFO PLAT_JUL29 Observed_Scenario substituted 2 factor(s): ['CommodityPrice.PLATINUM_CME', 'ObservedBasis.PLATINUM_CME.LME_CME']
INFO PLAT_JUL29 liability scalars: total_leg_volume=2500.0 last_settlement_index=153
INFO PLAT_JUL29 utility_scale (symlog c) resolved to 675098.23
INFO PLAT_JUL29 DiffSolverV2 setup: n_hedge=3 active=[0, 1, 2] T_dec=124 (of 126 sim steps; last-live mtm=[-2]) B_outer=1 levels=9 fit_iters=60 lr=0.002 | contract_size=[50.0, 50.0, 50.0] | q∈[[-50.0, -50.0, -50.0], [0.0, 0.0, 0.0]] total_abs_limit=50
INFO PLAT_JUL29 DiffSolverV2 inner forks: one_step=True (window {t, t+1} generation+pricing)
INFO PLAT_JUL29 DiffSolverV2 bank IN Total_Position_Schedule (post-projection): residual frac(Σq outside corridor) min=0.000 mean=0.000 max=0.000 | worst t=0 corridor=[-50, -20] bank Σq∈[-29.95, -29.95] frac_oob=0.000 (≈0 ⇒ projection clean)
INFO PLAT_JUL29 DiffSolverV2 bank: market_dim=6 | swept W∈[-1.471e+05, 2.553e+05] mean=1787 std=8.089e+04 | q_rep(t=0)=[0.0, 0.0, 0.0]
INFO PLAT_JUL29 DiffV2_Load_Value_Fn: /home/vretiel/PycharmProjects/riskflow/artifacts/walk_forward/reval48_corridor/run_b060/value_fn_202202_garch_s7.pt trained corridor-free (widest wealth support); rolling under a Total_Position_Schedule only restricts to a learned subset — valid.
INFO PLAT_JUL29 DiffSolverV2 LOADED value fn from /home/vretiel/PycharmProjects/riskflow/artifacts/walk_forward/reval48_corridor/run_b060/value_fn_202202_garch_s7.pt (train V_0=-0.355983) | eval-world market drift vs train frame: max 0.851 σ | utility_scale 926889
INFO PLAT_JUL29 DiffV2_Load_Value_Fn: /home/vretiel/PycharmProjects/riskflow/artifacts/walk_forward/reval48_corridor/run_b060/value_fn_202202_garch_s42.pt trained corridor-free (widest wealth support); rolling under a Total_Position_Schedule only restricts to a learned subset — valid.
INFO PLAT_JUL29 DiffSolverV2 LOADED value fn from /home/vretiel/PycharmProjects/riskflow/artifacts/walk_forward/reval48_corridor/run_b060/value_fn_202202_garch_s42.pt (train V_0=-0.323362) | eval-world market drift vs train frame: max 0.837 σ | utility_scale 951460
INFO PLAT_JUL29 DiffV2_Load_Value_Fn: /home/vretiel/PycharmProjects/riskflow/artifacts/walk_forward/reval48_corridor/run_b060/value_fn_202202_garch_s314.pt trained corridor-free (widest wealth support); rolling under a Total_Position_Schedule only restricts to a learned subset — valid.
INFO PLAT_JUL29 DiffSolverV2 LOADED value fn from /home/vretiel/PycharmProjects/riskflow/artifacts/walk_forward/reval48_corridor/run_b060/value_fn_202202_garch_s314.pt (train V_0=-0.30641) | eval-world market drift vs train frame: max 0.904 σ | utility_scale 935853
WARNING PLAT_JUL29 DiffSolverV2 ensemble utility_scale spread 2.58% — members trained against different anchors; averaging is approximate
INFO PLAT_JUL29 DiffSolverV2 action grid: K=165 actions (levels=9 ^ active=3)
INFO PLAT_JUL29 DiffSolverV2 ENSEMBLE argmax over 3 value fns
INFO PLAT_JUL29 DiffSolverV2 STEPPER ROLLOUT (frozen policy, realized path, real accounting):
  greedy   wT=-1.6047e+05 p5=-1.6047e+05 cvar5=-1.6047e+05
  textbook wT=-6.2959e+04 p5=-6.2959e+04 cvar5=-6.2959e+04
  nohedge  wT=-1.3325e+05 p5=-1.3325e+05 cvar5=-1.3325e+05
INFO PLAT_JUL29 DiffSolverV2 VERDICT (OUT-OF-SAMPLE rollout t=0→T over 1 outer paths, start flat):
  policy    u(W_T)mean    W_T mean       W_T p5         W_T CVaR5
  greedy    -0.26893    -1.3526e+05   -1.3526e+05   -1.3526e+05
  textbook  -0.09634    -6.4095e+04   -6.4095e+04   -6.4095e+04
  nohedge   -0.26314    -1.3326e+05   -1.3326e+05   -1.3326e+05
  → on the OBJECTIVE E[u(W_T)]: beats no-hedge=False, beats textbook=False | tail(CVaR5) competitive w/ textbook=False
INFO PLAT_JUL29 DiffSolverV2 greedy positions: mean|q| per instrument=['17.74', '0.00', '7.11'] | q@t0=[-25.0, 0.0, 0.0] | q@mid=[-25.0, 0.0, 0.0] (textbook q@t0=[0.0, 0.0, 0.0])
INFO PLAT_JUL29 solve_hedge tracks: {'DiffSolverV2': -0.356} | ladder holds=True
INFO PLAT_JUL29 JOB 202202 b0.60 DONE: greedy=-64.19 nohedge=-53.3 bound=671.06 PASS=True churn=162.5 breaches=0(worst=0)
INFO PLAT_JUL29 === JOB 202203 band=0.60 md=md_202201_garch.json trade_date=2022-03-01 (EVAL-ONLY re-roll) ===
INFO PLAT_JUL29 === TRAIN 202203 seed=7 SKIP (checkpoint exists) ===
INFO PLAT_JUL29 === TRAIN 202203 seed=42 SKIP (checkpoint exists) ===
INFO PLAT_JUL29 === TRAIN 202203 seed=314 SKIP (checkpoint exists) ===
INFO PLAT_JUL29 === ROLL 202203 (stepper, realized path, 3-seed ensemble, inner=512) ===
WARNING md_202201_garch Price Factor 'DiscountRate.USD-SOFR' not found in market data
INFO md_202201_garch Creating default Discount Factor(type='DiscountRate', name=('USD-SOFR',))
INFO PLAT_JUL29 Observed_Scenario substituted 2 factor(s): ['CommodityPrice.PLATINUM_CME', 'ObservedBasis.PLATINUM_CME.LME_CME']
INFO PLAT_JUL29 liability scalars: total_leg_volume=2500.0 last_settlement_index=155
INFO PLAT_JUL29 utility_scale (symlog c) resolved to 491440.10
INFO PLAT_JUL29 DiffSolverV2 setup: n_hedge=3 active=[0, 1, 2] T_dec=126 (of 128 sim steps; last-live mtm=[-2]) B_outer=1 levels=9 fit_iters=60 lr=0.002 | contract_size=[50.0, 50.0, 50.0] | q∈[[-50.0, -50.0, -50.0], [0.0, 0.0, 0.0]] total_abs_limit=50
INFO PLAT_JUL29 DiffSolverV2 inner forks: one_step=True (window {t, t+1} generation+pricing)
INFO PLAT_JUL29 DiffSolverV2 bank IN Total_Position_Schedule (post-projection): residual frac(Σq outside corridor) min=0.000 mean=0.000 max=0.000 | worst t=0 corridor=[-50, -20] bank Σq∈[-29.95, -29.95] frac_oob=0.000 (≈0 ⇒ projection clean)
INFO PLAT_JUL29 DiffSolverV2 bank: market_dim=6 | swept W∈[-2.27e+05, 1.68e+05] mean=-1.007e+05 std=6.632e+04 | q_rep(t=0)=[0.0, 0.0, 0.0]
INFO PLAT_JUL29 DiffV2_Load_Value_Fn: /home/vretiel/PycharmProjects/riskflow/artifacts/walk_forward/reval48_corridor/run_b060/value_fn_202203_garch_s7.pt trained corridor-free (widest wealth support); rolling under a Total_Position_Schedule only restricts to a learned subset — valid.
INFO PLAT_JUL29 DiffSolverV2 LOADED value fn from /home/vretiel/PycharmProjects/riskflow/artifacts/walk_forward/reval48_corridor/run_b060/value_fn_202203_garch_s7.pt (train V_0=-0.709185) | eval-world market drift vs train frame: max 1.03 σ | utility_scale 831334
INFO PLAT_JUL29 DiffV2_Load_Value_Fn: /home/vretiel/PycharmProjects/riskflow/artifacts/walk_forward/reval48_corridor/run_b060/value_fn_202203_garch_s42.pt trained corridor-free (widest wealth support); rolling under a Total_Position_Schedule only restricts to a learned subset — valid.
INFO PLAT_JUL29 DiffSolverV2 LOADED value fn from /home/vretiel/PycharmProjects/riskflow/artifacts/walk_forward/reval48_corridor/run_b060/value_fn_202203_garch_s42.pt (train V_0=-0.673041) | eval-world market drift vs train frame: max 0.99 σ | utility_scale 824015
INFO PLAT_JUL29 DiffV2_Load_Value_Fn: /home/vretiel/PycharmProjects/riskflow/artifacts/walk_forward/reval48_corridor/run_b060/value_fn_202203_garch_s314.pt trained corridor-free (widest wealth support); rolling under a Total_Position_Schedule only restricts to a learned subset — valid.
INFO PLAT_JUL29 DiffSolverV2 LOADED value fn from /home/vretiel/PycharmProjects/riskflow/artifacts/walk_forward/reval48_corridor/run_b060/value_fn_202203_garch_s314.pt (train V_0=-0.651005) | eval-world market drift vs train frame: max 1.08 σ | utility_scale 845654
WARNING PLAT_JUL29 DiffSolverV2 ensemble utility_scale spread 2.56% — members trained against different anchors; averaging is approximate
INFO PLAT_JUL29 DiffSolverV2 action grid: K=165 actions (levels=9 ^ active=3)
INFO PLAT_JUL29 DiffSolverV2 ENSEMBLE argmax over 3 value fns
INFO PLAT_JUL29 DiffSolverV2 STEPPER ROLLOUT (frozen policy, realized path, real accounting):
  greedy   wT=+4.1057e+04 p5=+4.1057e+04 cvar5=+4.1057e+04
  textbook wT=-1.7611e+05 p5=-1.7611e+05 cvar5=-1.7611e+05
  nohedge  wT=-2.4931e+05 p5=-2.4931e+05 cvar5=-2.4931e+05
INFO PLAT_JUL29 DiffSolverV2 VERDICT (OUT-OF-SAMPLE rollout t=0→T over 1 outer paths, start flat):
  policy    u(W_T)mean    W_T mean       W_T p5         W_T CVaR5
  greedy    +0.01604    +1.3376e+04   +1.3376e+04   +1.3376e+04
  textbook  -0.49243    -1.7926e+05   -1.7926e+05   -1.7926e+05
  nohedge   -0.83571    -2.4932e+05   -2.4932e+05   -2.4932e+05
  → on the OBJECTIVE E[u(W_T)]: beats no-hedge=True, beats textbook=True | tail(CVaR5) competitive w/ textbook=True
INFO PLAT_JUL29 DiffSolverV2 greedy positions: mean|q| per instrument=['0.05', '15.62', '11.86'] | q@t0=[0.0, -25.0, 0.0] | q@mid=[0.0, -25.0, 0.0] (textbook q@t0=[0.0, 0.0, 0.0])
INFO PLAT_JUL29 solve_hedge tracks: {'DiffSolverV2': -0.7092} | ladder holds=True
INFO PLAT_JUL29 JOB 202203 b0.60 DONE: greedy=16.42 nohedge=-99.72 bound=764.6 PASS=True churn=462.5 breaches=0(worst=0)
INFO PLAT_JUL29 === JOB 202204 band=0.60 md=md_202204_garch.json trade_date=2022-04-01 (EVAL-ONLY re-roll) ===
INFO PLAT_JUL29 === TRAIN 202204 seed=7 SKIP (checkpoint exists) ===
INFO PLAT_JUL29 === TRAIN 202204 seed=42 SKIP (checkpoint exists) ===
INFO PLAT_JUL29 === TRAIN 202204 seed=314 SKIP (checkpoint exists) ===
INFO PLAT_JUL29 === ROLL 202204 (stepper, realized path, 3-seed ensemble, inner=512) ===
WARNING md_202204_garch Price Factor 'DiscountRate.USD-SOFR' not found in market data
INFO md_202204_garch Creating default Discount Factor(type='DiscountRate', name=('USD-SOFR',))
INFO PLAT_JUL29 Observed_Scenario substituted 2 factor(s): ['CommodityPrice.PLATINUM_CME', 'ObservedBasis.PLATINUM_CME.LME_CME']
INFO PLAT_JUL29 liability scalars: total_leg_volume=2500.0 last_settlement_index=155
INFO PLAT_JUL29 utility_scale (symlog c) resolved to 623261.16
INFO PLAT_JUL29 DiffSolverV2 setup: n_hedge=3 active=[0, 1, 2] T_dec=126 (of 128 sim steps; last-live mtm=[-2]) B_outer=1 levels=9 fit_iters=60 lr=0.002 | contract_size=[50.0, 50.0, 50.0] | q∈[[-50.0, -50.0, -50.0], [0.0, 0.0, 0.0]] total_abs_limit=50
INFO PLAT_JUL29 DiffSolverV2 inner forks: one_step=True (window {t, t+1} generation+pricing)
INFO PLAT_JUL29 DiffSolverV2 bank IN Total_Position_Schedule (post-projection): residual frac(Σq outside corridor) min=0.000 mean=0.000 max=0.000 | worst t=0 corridor=[-50, -20] bank Σq∈[-29.95, -29.95] frac_oob=0.000 (≈0 ⇒ projection clean)
INFO PLAT_JUL29 DiffSolverV2 bank: market_dim=6 | swept W∈[-2.529e+05, 9.959e+04] mean=-8.558e+04 std=9.243e+04 | q_rep(t=0)=[0.0, 0.0, 0.0]
INFO PLAT_JUL29 DiffV2_Load_Value_Fn: /home/vretiel/PycharmProjects/riskflow/artifacts/walk_forward/reval48_corridor/run_b060/value_fn_202204_garch_s7.pt trained corridor-free (widest wealth support); rolling under a Total_Position_Schedule only restricts to a learned subset — valid.
INFO PLAT_JUL29 DiffSolverV2 LOADED value fn from /home/vretiel/PycharmProjects/riskflow/artifacts/walk_forward/reval48_corridor/run_b060/value_fn_202204_garch_s7.pt (train V_0=-0.570792) | eval-world market drift vs train frame: max 0.918 σ | utility_scale 933076
INFO PLAT_JUL29 DiffV2_Load_Value_Fn: /home/vretiel/PycharmProjects/riskflow/artifacts/walk_forward/reval48_corridor/run_b060/value_fn_202204_garch_s42.pt trained corridor-free (widest wealth support); rolling under a Total_Position_Schedule only restricts to a learned subset — valid.
INFO PLAT_JUL29 DiffSolverV2 LOADED value fn from /home/vretiel/PycharmProjects/riskflow/artifacts/walk_forward/reval48_corridor/run_b060/value_fn_202204_garch_s42.pt (train V_0=-0.53384) | eval-world market drift vs train frame: max 0.979 σ | utility_scale 929244
INFO PLAT_JUL29 DiffV2_Load_Value_Fn: /home/vretiel/PycharmProjects/riskflow/artifacts/walk_forward/reval48_corridor/run_b060/value_fn_202204_garch_s314.pt trained corridor-free (widest wealth support); rolling under a Total_Position_Schedule only restricts to a learned subset — valid.
INFO PLAT_JUL29 DiffSolverV2 LOADED value fn from /home/vretiel/PycharmProjects/riskflow/artifacts/walk_forward/reval48_corridor/run_b060/value_fn_202204_garch_s314.pt (train V_0=-0.526926) | eval-world market drift vs train frame: max 0.965 σ | utility_scale 940994
WARNING PLAT_JUL29 DiffSolverV2 ensemble utility_scale spread 1.25% — members trained against different anchors; averaging is approximate
INFO PLAT_JUL29 DiffSolverV2 action grid: K=165 actions (levels=9 ^ active=3)
INFO PLAT_JUL29 DiffSolverV2 ENSEMBLE argmax over 3 value fns
INFO PLAT_JUL29 DiffSolverV2 STEPPER ROLLOUT (frozen policy, realized path, real accounting):
  greedy   wT=-1.4126e+05 p5=-1.4126e+05 cvar5=-1.4126e+05
  textbook wT=-1.9060e+05 p5=-1.9060e+05 cvar5=-1.9060e+05
  nohedge  wT=-2.8920e+05 p5=-2.8920e+05 cvar5=-2.8920e+05
INFO PLAT_JUL29 DiffSolverV2 VERDICT (OUT-OF-SAMPLE rollout t=0→T over 1 outer paths, start flat):
  policy    u(W_T)mean    W_T mean       W_T p5         W_T CVaR5
  greedy    -0.21619    -1.1584e+05   -1.1584e+05   -1.1584e+05
  textbook  -0.49570    -2.0178e+05   -2.0178e+05   -2.0178e+05
  nohedge   -0.88433    -2.8923e+05   -2.8923e+05   -2.8923e+05
  → on the OBJECTIVE E[u(W_T)]: beats no-hedge=True, beats textbook=True | tail(CVaR5) competitive w/ textbook=True
INFO PLAT_JUL29 DiffSolverV2 greedy positions: mean|q| per instrument=['0.10', '15.58', '8.78'] | q@t0=[0.0, -25.0, 0.0] | q@mid=[0.0, -25.0, 0.0] (textbook q@t0=[0.0, 0.0, 0.0])
INFO PLAT_JUL29 solve_hedge tracks: {'DiffSolverV2': -0.5708} | ladder holds=True
INFO PLAT_JUL29 JOB 202204 b0.60 DONE: greedy=-56.5 nohedge=-115.68 bound=647.84 PASS=True churn=412.5 breaches=0(worst=0)
INFO PLAT_JUL29 === JOB 202205 band=0.60 md=md_202204_garch.json trade_date=2022-05-02 (EVAL-ONLY re-roll) ===
INFO PLAT_JUL29 === TRAIN 202205 seed=7 SKIP (checkpoint exists) ===
INFO PLAT_JUL29 === TRAIN 202205 seed=42 SKIP (checkpoint exists) ===
INFO PLAT_JUL29 === TRAIN 202205 seed=314 SKIP (checkpoint exists) ===
INFO PLAT_JUL29 === ROLL 202205 (stepper, realized path, 3-seed ensemble, inner=512) ===
WARNING md_202204_garch Price Factor 'DiscountRate.USD-SOFR' not found in market data
INFO md_202204_garch Creating default Discount Factor(type='DiscountRate', name=('USD-SOFR',))
INFO PLAT_JUL29 Observed_Scenario substituted 2 factor(s): ['CommodityPrice.PLATINUM_CME', 'ObservedBasis.PLATINUM_CME.LME_CME']
INFO PLAT_JUL29 liability scalars: total_leg_volume=2500.0 last_settlement_index=155
INFO PLAT_JUL29 utility_scale (symlog c) resolved to 430964.81
INFO PLAT_JUL29 DiffSolverV2 setup: n_hedge=3 active=[0, 1, 2] T_dec=126 (of 128 sim steps; last-live mtm=[-2]) B_outer=1 levels=9 fit_iters=60 lr=0.002 | contract_size=[50.0, 50.0, 50.0] | q∈[[-50.0, -50.0, -50.0], [0.0, 0.0, 0.0]] total_abs_limit=50
INFO PLAT_JUL29 DiffSolverV2 inner forks: one_step=True (window {t, t+1} generation+pricing)
INFO PLAT_JUL29 DiffSolverV2 bank IN Total_Position_Schedule (post-projection): residual frac(Σq outside corridor) min=0.000 mean=0.000 max=0.000 | worst t=0 corridor=[-50, -20] bank Σq∈[-29.95, -29.95] frac_oob=0.000 (≈0 ⇒ projection clean)
INFO PLAT_JUL29 DiffSolverV2 bank: market_dim=6 | swept W∈[-1.068e+05, 2.106e+05] mean=4.45e+04 std=6.475e+04 | q_rep(t=0)=[0.0, 0.0, 0.0]
INFO PLAT_JUL29 DiffV2_Load_Value_Fn: /home/vretiel/PycharmProjects/riskflow/artifacts/walk_forward/reval48_corridor/run_b060/value_fn_202205_garch_s7.pt trained corridor-free (widest wealth support); rolling under a Total_Position_Schedule only restricts to a learned subset — valid.
INFO PLAT_JUL29 DiffSolverV2 LOADED value fn from /home/vretiel/PycharmProjects/riskflow/artifacts/walk_forward/reval48_corridor/run_b060/value_fn_202205_garch_s7.pt (train V_0=-0.367137) | eval-world market drift vs train frame: max 0.668 σ | utility_scale 797479
INFO PLAT_JUL29 DiffV2_Load_Value_Fn: /home/vretiel/PycharmProjects/riskflow/artifacts/walk_forward/reval48_corridor/run_b060/value_fn_202205_garch_s42.pt trained corridor-free (widest wealth support); rolling under a Total_Position_Schedule only restricts to a learned subset — valid.
INFO PLAT_JUL29 DiffSolverV2 LOADED value fn from /home/vretiel/PycharmProjects/riskflow/artifacts/walk_forward/reval48_corridor/run_b060/value_fn_202205_garch_s42.pt (train V_0=-0.331177) | eval-world market drift vs train frame: max 0.64 σ | utility_scale 791157
INFO PLAT_JUL29 DiffV2_Load_Value_Fn: /home/vretiel/PycharmProjects/riskflow/artifacts/walk_forward/reval48_corridor/run_b060/value_fn_202205_garch_s314.pt trained corridor-free (widest wealth support); rolling under a Total_Position_Schedule only restricts to a learned subset — valid.
INFO PLAT_JUL29 DiffSolverV2 LOADED value fn from /home/vretiel/PycharmProjects/riskflow/artifacts/walk_forward/reval48_corridor/run_b060/value_fn_202205_garch_s314.pt (train V_0=-0.329099) | eval-world market drift vs train frame: max 0.723 σ | utility_scale 804005
WARNING PLAT_JUL29 DiffSolverV2 ensemble utility_scale spread 1.6% — members trained against different anchors; averaging is approximate
INFO PLAT_JUL29 DiffSolverV2 action grid: K=165 actions (levels=9 ^ active=3)
INFO PLAT_JUL29 DiffSolverV2 ENSEMBLE argmax over 3 value fns
INFO PLAT_JUL29 DiffSolverV2 STEPPER ROLLOUT (frozen policy, realized path, real accounting):
  greedy   wT=+2.1477e+05 p5=+2.1477e+05 cvar5=+2.1477e+05
  textbook wT=+9.1784e+03 p5=+9.1784e+03 cvar5=+9.1784e+03
  nohedge  wT=-2.1683e+03 p5=-2.1683e+03 cvar5=-2.1683e+03
INFO PLAT_JUL29 DiffSolverV2 VERDICT (OUT-OF-SAMPLE rollout t=0→T over 1 outer paths, start flat):
  policy    u(W_T)mean    W_T mean       W_T p5         W_T CVaR5
  greedy    +0.09151    +7.2985e+04   +7.2985e+04   +7.2985e+04
  textbook  +0.01127    +8.9895e+03   +8.9895e+03   +8.9895e+03
  nohedge   -0.00281    -2.2017e+03   -2.2017e+03   -2.2017e+03
  → on the OBJECTIVE E[u(W_T)]: beats no-hedge=True, beats textbook=True | tail(CVaR5) competitive w/ textbook=True
INFO PLAT_JUL29 DiffSolverV2 greedy positions: mean|q| per instrument=['18.40', '0.00', '6.99'] | q@t0=[-25.0, 0.0, 0.0] | q@mid=[-25.0, 0.0, 0.0] (textbook q@t0=[0.0, 0.0, 0.0])
INFO PLAT_JUL29 solve_hedge tracks: {'DiffSolverV2': -0.3671} | ladder holds=True
INFO PLAT_JUL29 JOB 202205 b0.60 DONE: greedy=85.91 nohedge=-0.87 bound=687.6 PASS=True churn=187.5 breaches=0(worst=0)
INFO PLAT_JUL29 === JOB 202206 band=0.60 md=md_202204_garch.json trade_date=2022-06-01 (EVAL-ONLY re-roll) ===
INFO PLAT_JUL29 === TRAIN 202206 seed=7 SKIP (checkpoint exists) ===
INFO PLAT_JUL29 === TRAIN 202206 seed=42 SKIP (checkpoint exists) ===
INFO PLAT_JUL29 === TRAIN 202206 seed=314 SKIP (checkpoint exists) ===
INFO PLAT_JUL29 === ROLL 202206 (stepper, realized path, 3-seed ensemble, inner=512) ===
WARNING md_202204_garch Price Factor 'DiscountRate.USD-SOFR' not found in market data
INFO md_202204_garch Creating default Discount Factor(type='DiscountRate', name=('USD-SOFR',))
INFO PLAT_JUL29 Observed_Scenario substituted 2 factor(s): ['CommodityPrice.PLATINUM_CME', 'ObservedBasis.PLATINUM_CME.LME_CME']
INFO PLAT_JUL29 liability scalars: total_leg_volume=2500.0 last_settlement_index=155
INFO PLAT_JUL29 utility_scale (symlog c) resolved to 658883.02
INFO PLAT_JUL29 DiffSolverV2 setup: n_hedge=3 active=[0, 1, 2] T_dec=126 (of 128 sim steps; last-live mtm=[-2]) B_outer=1 levels=9 fit_iters=60 lr=0.002 | contract_size=[50.0, 50.0, 50.0] | q∈[[-50.0, -50.0, -50.0], [0.0, 0.0, 0.0]] total_abs_limit=50
INFO PLAT_JUL29 DiffSolverV2 inner forks: one_step=True (window {t, t+1} generation+pricing)
INFO PLAT_JUL29 DiffSolverV2 bank IN Total_Position_Schedule (post-projection): residual frac(Σq outside corridor) min=0.000 mean=0.000 max=0.000 | worst t=0 corridor=[-50, -20] bank Σq∈[-29.95, -29.95] frac_oob=0.000 (≈0 ⇒ projection clean)
INFO PLAT_JUL29 DiffSolverV2 bank: market_dim=6 | swept W∈[-1.59e+05, 1.513e+05] mean=-2.372e+04 std=6.498e+04 | q_rep(t=0)=[0.0, 0.0, 0.0]
INFO PLAT_JUL29 DiffV2_Load_Value_Fn: /home/vretiel/PycharmProjects/riskflow/artifacts/walk_forward/reval48_corridor/run_b060/value_fn_202206_garch_s7.pt trained corridor-free (widest wealth support); rolling under a Total_Position_Schedule only restricts to a learned subset — valid.
INFO PLAT_JUL29 DiffSolverV2 LOADED value fn from /home/vretiel/PycharmProjects/riskflow/artifacts/walk_forward/reval48_corridor/run_b060/value_fn_202206_garch_s7.pt (train V_0=-0.206633) | eval-world market drift vs train frame: max 0.812 σ | utility_scale 936192
INFO PLAT_JUL29 DiffV2_Load_Value_Fn: /home/vretiel/PycharmProjects/riskflow/artifacts/walk_forward/reval48_corridor/run_b060/value_fn_202206_garch_s42.pt trained corridor-free (widest wealth support); rolling under a Total_Position_Schedule only restricts to a learned subset — valid.
INFO PLAT_JUL29 DiffSolverV2 LOADED value fn from /home/vretiel/PycharmProjects/riskflow/artifacts/walk_forward/reval48_corridor/run_b060/value_fn_202206_garch_s42.pt (train V_0=-0.171149) | eval-world market drift vs train frame: max 0.758 σ | utility_scale 937678
INFO PLAT_JUL29 DiffV2_Load_Value_Fn: /home/vretiel/PycharmProjects/riskflow/artifacts/walk_forward/reval48_corridor/run_b060/value_fn_202206_garch_s314.pt trained corridor-free (widest wealth support); rolling under a Total_Position_Schedule only restricts to a learned subset — valid.
INFO PLAT_JUL29 DiffSolverV2 LOADED value fn from /home/vretiel/PycharmProjects/riskflow/artifacts/walk_forward/reval48_corridor/run_b060/value_fn_202206_garch_s314.pt (train V_0=-0.168264) | eval-world market drift vs train frame: max 0.812 σ | utility_scale 953414
WARNING PLAT_JUL29 DiffSolverV2 ensemble utility_scale spread 1.81% — members trained against different anchors; averaging is approximate
INFO PLAT_JUL29 DiffSolverV2 action grid: K=165 actions (levels=9 ^ active=3)
INFO PLAT_JUL29 DiffSolverV2 ENSEMBLE argmax over 3 value fns
INFO PLAT_JUL29 DiffSolverV2 STEPPER ROLLOUT (frozen policy, realized path, real accounting):
  greedy   wT=+3.2200e+04 p5=+3.2200e+04 cvar5=+3.2200e+04
  textbook wT=-5.7961e+04 p5=-5.7961e+04 cvar5=-5.7961e+04
  nohedge  wT=-1.8588e+05 p5=-1.8588e+05 cvar5=-1.8588e+05
INFO PLAT_JUL29 DiffSolverV2 VERDICT (OUT-OF-SAMPLE rollout t=0→T over 1 outer paths, start flat):
  policy    u(W_T)mean    W_T mean       W_T p5         W_T CVaR5
  greedy    +0.04396    +4.1425e+04   +4.1425e+04   +4.1425e+04
  textbook  -0.08417    -5.7948e+04   -5.7948e+04   -5.7948e+04
  nohedge   -0.43086    -1.8594e+05   -1.8594e+05   -1.8594e+05
  → on the OBJECTIVE E[u(W_T)]: beats no-hedge=True, beats textbook=True | tail(CVaR5) competitive w/ textbook=True
INFO PLAT_JUL29 DiffSolverV2 greedy positions: mean|q| per instrument=['0.20', '16.72', '9.42'] | q@t0=[0.0, -25.0, 0.0] | q@mid=[0.0, -25.0, 0.0] (textbook q@t0=[0.0, 0.0, 0.0])
INFO PLAT_JUL29 solve_hedge tracks: {'DiffSolverV2': -0.2066} | ladder holds=True
INFO PLAT_JUL29 JOB 202206 b0.60 DONE: greedy=12.88 nohedge=-74.35 bound=661.69 PASS=True churn=437.5 breaches=0(worst=0)
INFO PLAT_JUL29 === JOB 202207 band=0.60 md=md_202207_garch.json trade_date=2022-07-01 (EVAL-ONLY re-roll) ===
INFO PLAT_JUL29 === TRAIN 202207 seed=7 SKIP (checkpoint exists) ===
INFO PLAT_JUL29 === TRAIN 202207 seed=42 SKIP (checkpoint exists) ===
INFO PLAT_JUL29 === TRAIN 202207 seed=314 SKIP (checkpoint exists) ===
INFO PLAT_JUL29 === ROLL 202207 (stepper, realized path, 3-seed ensemble, inner=512) ===
WARNING md_202207_garch Price Factor 'DiscountRate.USD-SOFR' not found in market data
INFO md_202207_garch Creating default Discount Factor(type='DiscountRate', name=('USD-SOFR',))
INFO PLAT_JUL29 Observed_Scenario substituted 2 factor(s): ['CommodityPrice.PLATINUM_CME', 'ObservedBasis.PLATINUM_CME.LME_CME']
INFO PLAT_JUL29 liability scalars: total_leg_volume=2500.0 last_settlement_index=156
INFO PLAT_JUL29 utility_scale (symlog c) resolved to 468758.98
INFO PLAT_JUL29 DiffSolverV2 setup: n_hedge=3 active=[0, 1, 2] T_dec=127 (of 129 sim steps; last-live mtm=[-2]) B_outer=1 levels=9 fit_iters=60 lr=0.002 | contract_size=[50.0, 50.0, 50.0] | q∈[[-50.0, -50.0, -50.0], [0.0, 0.0, 0.0]] total_abs_limit=50
INFO PLAT_JUL29 DiffSolverV2 inner forks: one_step=True (window {t, t+1} generation+pricing)
INFO PLAT_JUL29 DiffSolverV2 bank IN Total_Position_Schedule (post-projection): residual frac(Σq outside corridor) min=0.000 mean=0.000 max=0.000 | worst t=0 corridor=[-50, -20] bank Σq∈[-29.95, -29.95] frac_oob=0.000 (≈0 ⇒ projection clean)
INFO PLAT_JUL29 DiffSolverV2 bank: market_dim=6 | swept W∈[-1.909e+05, 1.028e+05] mean=-5.838e+04 std=6.225e+04 | q_rep(t=0)=[0.0, 0.0, 0.0]
INFO PLAT_JUL29 DiffV2_Load_Value_Fn: /home/vretiel/PycharmProjects/riskflow/artifacts/walk_forward/reval48_corridor/run_b060/value_fn_202207_garch_s7.pt trained corridor-free (widest wealth support); rolling under a Total_Position_Schedule only restricts to a learned subset — valid.
INFO PLAT_JUL29 DiffSolverV2 LOADED value fn from /home/vretiel/PycharmProjects/riskflow/artifacts/walk_forward/reval48_corridor/run_b060/value_fn_202207_garch_s7.pt (train V_0=-0.841079) | eval-world market drift vs train frame: max 1.69 σ | utility_scale 758357
INFO PLAT_JUL29 DiffV2_Load_Value_Fn: /home/vretiel/PycharmProjects/riskflow/artifacts/walk_forward/reval48_corridor/run_b060/value_fn_202207_garch_s42.pt trained corridor-free (widest wealth support); rolling under a Total_Position_Schedule only restricts to a learned subset — valid.
INFO PLAT_JUL29 DiffSolverV2 LOADED value fn from /home/vretiel/PycharmProjects/riskflow/artifacts/walk_forward/reval48_corridor/run_b060/value_fn_202207_garch_s42.pt (train V_0=-0.82041) | eval-world market drift vs train frame: max 1.76 σ | utility_scale 740594
INFO PLAT_JUL29 DiffV2_Load_Value_Fn: /home/vretiel/PycharmProjects/riskflow/artifacts/walk_forward/reval48_corridor/run_b060/value_fn_202207_garch_s314.pt trained corridor-free (widest wealth support); rolling under a Total_Position_Schedule only restricts to a learned subset — valid.
INFO PLAT_JUL29 DiffSolverV2 LOADED value fn from /home/vretiel/PycharmProjects/riskflow/artifacts/walk_forward/reval48_corridor/run_b060/value_fn_202207_garch_s314.pt (train V_0=-0.709387) | eval-world market drift vs train frame: max 1.78 σ | utility_scale 789267
WARNING PLAT_JUL29 DiffSolverV2 ensemble utility_scale spread 6.17% — members trained against different anchors; averaging is approximate
INFO PLAT_JUL29 DiffSolverV2 action grid: K=165 actions (levels=9 ^ active=3)
INFO PLAT_JUL29 DiffSolverV2 ENSEMBLE argmax over 3 value fns
INFO PLAT_JUL29 DiffSolverV2 STEPPER ROLLOUT (frozen policy, realized path, real accounting):
  greedy   wT=-1.4997e+05 p5=-1.4997e+05 cvar5=-1.4997e+05
  textbook wT=-1.5425e+04 p5=-1.5425e+04 cvar5=-1.5425e+04
  nohedge  wT=+2.7088e+04 p5=+2.7088e+04 cvar5=+2.7088e+04
INFO PLAT_JUL29 DiffSolverV2 VERDICT (OUT-OF-SAMPLE rollout t=0→T over 1 outer paths, start flat):
  policy    u(W_T)mean    W_T mean       W_T p5         W_T CVaR5
  greedy    -0.16083    -7.6560e+04   -7.6560e+04   -7.6560e+04
  textbook  -0.02059    -1.4132e+04   -1.4132e+04   -1.4132e+04
  nohedge   +0.03543    +2.7026e+04   +2.7026e+04   +2.7026e+04
  → on the OBJECTIVE E[u(W_T)]: beats no-hedge=False, beats textbook=False | tail(CVaR5) competitive w/ textbook=False
INFO PLAT_JUL29 DiffSolverV2 greedy positions: mean|q| per instrument=['5.51', '4.08', '22.19'] | q@t0=[-25.0, 0.0, 0.0] | q@mid=[0.0, 0.0, -50.0] (textbook q@t0=[0.0, 0.0, 0.0])
INFO PLAT_JUL29 solve_hedge tracks: {'DiffSolverV2': -0.8411} | ladder holds=True
INFO PLAT_JUL29 JOB 202207 b0.60 DONE: greedy=-59.99 nohedge=10.84 bound=619.8 PASS=True churn=425.0 breaches=0(worst=0)
INFO PLAT_JUL29 === JOB 202208 band=0.60 md=md_202207_garch.json trade_date=2022-08-01 (EVAL-ONLY re-roll) ===
INFO PLAT_JUL29 === TRAIN 202208 seed=7 SKIP (checkpoint exists) ===
INFO PLAT_JUL29 === TRAIN 202208 seed=42 SKIP (checkpoint exists) ===
INFO PLAT_JUL29 === TRAIN 202208 seed=314 SKIP (checkpoint exists) ===
INFO PLAT_JUL29 === ROLL 202208 (stepper, realized path, 3-seed ensemble, inner=512) ===
WARNING md_202207_garch Price Factor 'DiscountRate.USD-SOFR' not found in market data
INFO md_202207_garch Creating default Discount Factor(type='DiscountRate', name=('USD-SOFR',))
INFO PLAT_JUL29 Observed_Scenario substituted 2 factor(s): ['CommodityPrice.PLATINUM_CME', 'ObservedBasis.PLATINUM_CME.LME_CME']
INFO PLAT_JUL29 liability scalars: total_leg_volume=2500.0 last_settlement_index=155
INFO PLAT_JUL29 utility_scale (symlog c) resolved to 462420.66
INFO PLAT_JUL29 DiffSolverV2 setup: n_hedge=3 active=[0, 1, 2] T_dec=126 (of 128 sim steps; last-live mtm=[-2]) B_outer=1 levels=9 fit_iters=60 lr=0.002 | contract_size=[50.0, 50.0, 50.0] | q∈[[-50.0, -50.0, -50.0], [0.0, 0.0, 0.0]] total_abs_limit=50
INFO PLAT_JUL29 DiffSolverV2 inner forks: one_step=True (window {t, t+1} generation+pricing)
INFO PLAT_JUL29 DiffSolverV2 bank IN Total_Position_Schedule (post-projection): residual frac(Σq outside corridor) min=0.000 mean=0.000 max=0.000 | worst t=0 corridor=[-50, -20] bank Σq∈[-29.95, -29.95] frac_oob=0.000 (≈0 ⇒ projection clean)
INFO PLAT_JUL29 DiffSolverV2 bank: market_dim=6 | swept W∈[-7.827e+04, 2.291e+05] mean=6.576e+04 std=7.638e+04 | q_rep(t=0)=[0.0, 0.0, 0.0]
INFO PLAT_JUL29 DiffV2_Load_Value_Fn: /home/vretiel/PycharmProjects/riskflow/artifacts/walk_forward/reval48_corridor/run_b060/value_fn_202208_garch_s7.pt trained corridor-free (widest wealth support); rolling under a Total_Position_Schedule only restricts to a learned subset — valid.
INFO PLAT_JUL29 DiffSolverV2 LOADED value fn from /home/vretiel/PycharmProjects/riskflow/artifacts/walk_forward/reval48_corridor/run_b060/value_fn_202208_garch_s7.pt (train V_0=-0.406279) | eval-world market drift vs train frame: max 1.66 σ | utility_scale 762344
INFO PLAT_JUL29 DiffV2_Load_Value_Fn: /home/vretiel/PycharmProjects/riskflow/artifacts/walk_forward/reval48_corridor/run_b060/value_fn_202208_garch_s42.pt trained corridor-free (widest wealth support); rolling under a Total_Position_Schedule only restricts to a learned subset — valid.
INFO PLAT_JUL29 DiffSolverV2 LOADED value fn from /home/vretiel/PycharmProjects/riskflow/artifacts/walk_forward/reval48_corridor/run_b060/value_fn_202208_garch_s42.pt (train V_0=-0.366717) | eval-world market drift vs train frame: max 1.7 σ | utility_scale 755586
INFO PLAT_JUL29 DiffV2_Load_Value_Fn: /home/vretiel/PycharmProjects/riskflow/artifacts/walk_forward/reval48_corridor/run_b060/value_fn_202208_garch_s314.pt trained corridor-free (widest wealth support); rolling under a Total_Position_Schedule only restricts to a learned subset — valid.
INFO PLAT_JUL29 DiffSolverV2 LOADED value fn from /home/vretiel/PycharmProjects/riskflow/artifacts/walk_forward/reval48_corridor/run_b060/value_fn_202208_garch_s314.pt (train V_0=-0.354693) | eval-world market drift vs train frame: max 1.7 σ | utility_scale 779847
WARNING PLAT_JUL29 DiffSolverV2 ensemble utility_scale spread 3.11% — members trained against different anchors; averaging is approximate
INFO PLAT_JUL29 DiffSolverV2 action grid: K=165 actions (levels=9 ^ active=3)
INFO PLAT_JUL29 DiffSolverV2 ENSEMBLE argmax over 3 value fns
INFO PLAT_JUL29 DiffSolverV2 STEPPER ROLLOUT (frozen policy, realized path, real accounting):
  greedy   wT=+1.4314e+05 p5=+1.4314e+05 cvar5=+1.4314e+05
  textbook wT=+1.5875e+05 p5=+1.5875e+05 cvar5=+1.5875e+05
  nohedge  wT=+2.4826e+05 p5=+2.4826e+05 cvar5=+2.4826e+05
INFO PLAT_JUL29 DiffSolverV2 VERDICT (OUT-OF-SAMPLE rollout t=0→T over 1 outer paths, start flat):
  policy    u(W_T)mean    W_T mean       W_T p5         W_T CVaR5
  greedy    +0.18652    +1.4286e+05   +1.4286e+05   +1.4286e+05
  textbook  +0.21785    +1.6685e+05   +1.6685e+05   +1.6685e+05
  nohedge   +0.32397    +2.4814e+05   +2.4814e+05   +2.4814e+05
  → on the OBJECTIVE E[u(W_T)]: beats no-hedge=False, beats textbook=False | tail(CVaR5) competitive w/ textbook=False
INFO PLAT_JUL29 DiffSolverV2 greedy positions: mean|q| per instrument=['2.18', '0.00', '23.91'] | q@t0=[-37.5, 0.0, 0.0] | q@mid=[0.0, 0.0, -25.0] (textbook q@t0=[0.0, 0.0, 0.0])
INFO PLAT_JUL29 solve_hedge tracks: {'DiffSolverV2': -0.4063} | ladder holds=True
INFO PLAT_JUL29 JOB 202208 b0.60 DONE: greedy=57.26 nohedge=99.31 bound=636.88 PASS=True churn=268.8 breaches=0(worst=0)
INFO PLAT_JUL29 === JOB 202209 band=0.60 md=md_202207_garch.json trade_date=2022-09-01 (EVAL-ONLY re-roll) ===
INFO PLAT_JUL29 === TRAIN 202209 seed=7 SKIP (checkpoint exists) ===
INFO PLAT_JUL29 === TRAIN 202209 seed=42 SKIP (checkpoint exists) ===
INFO PLAT_JUL29 === TRAIN 202209 seed=314 SKIP (checkpoint exists) ===
INFO PLAT_JUL29 === ROLL 202209 (stepper, realized path, 3-seed ensemble, inner=512) ===
WARNING md_202207_garch Price Factor 'DiscountRate.USD-SOFR' not found in market data
INFO md_202207_garch Creating default Discount Factor(type='DiscountRate', name=('USD-SOFR',))
INFO PLAT_JUL29 Observed_Scenario substituted 2 factor(s): ['CommodityPrice.PLATINUM_CME', 'ObservedBasis.PLATINUM_CME.LME_CME']
INFO PLAT_JUL29 liability scalars: total_leg_volume=2500.0 last_settlement_index=155
INFO PLAT_JUL29 utility_scale (symlog c) resolved to 402475.38
INFO PLAT_JUL29 DiffSolverV2 setup: n_hedge=3 active=[0, 1, 2] T_dec=126 (of 128 sim steps; last-live mtm=[-2]) B_outer=1 levels=9 fit_iters=60 lr=0.002 | contract_size=[50.0, 50.0, 50.0] | q∈[[-50.0, -50.0, -50.0], [0.0, 0.0, 0.0]] total_abs_limit=50
INFO PLAT_JUL29 DiffSolverV2 inner forks: one_step=True (window {t, t+1} generation+pricing)
INFO PLAT_JUL29 DiffSolverV2 bank IN Total_Position_Schedule (post-projection): residual frac(Σq outside corridor) min=0.000 mean=0.000 max=0.000 | worst t=0 corridor=[-50, -20] bank Σq∈[-29.95, -29.95] frac_oob=0.000 (≈0 ⇒ projection clean)
INFO PLAT_JUL29 DiffSolverV2 bank: market_dim=6 | swept W∈[-6.699e+04, 3.39e+05] mean=1.37e+05 std=1.171e+05 | q_rep(t=0)=[0.0, 0.0, 0.0]
INFO PLAT_JUL29 DiffV2_Load_Value_Fn: /home/vretiel/PycharmProjects/riskflow/artifacts/walk_forward/reval48_corridor/run_b060/value_fn_202209_garch_s7.pt trained corridor-free (widest wealth support); rolling under a Total_Position_Schedule only restricts to a learned subset — valid.
INFO PLAT_JUL29 DiffSolverV2 LOADED value fn from /home/vretiel/PycharmProjects/riskflow/artifacts/walk_forward/reval48_corridor/run_b060/value_fn_202209_garch_s7.pt (train V_0=-1.08208) | eval-world market drift vs train frame: max 1.06 σ | utility_scale 685142
INFO PLAT_JUL29 DiffV2_Load_Value_Fn: /home/vretiel/PycharmProjects/riskflow/artifacts/walk_forward/reval48_corridor/run_b060/value_fn_202209_garch_s42.pt trained corridor-free (widest wealth support); rolling under a Total_Position_Schedule only restricts to a learned subset — valid.
INFO PLAT_JUL29 DiffSolverV2 LOADED value fn from /home/vretiel/PycharmProjects/riskflow/artifacts/walk_forward/reval48_corridor/run_b060/value_fn_202209_garch_s42.pt (train V_0=-1.06886) | eval-world market drift vs train frame: max 1.12 σ | utility_scale 673004
INFO PLAT_JUL29 DiffV2_Load_Value_Fn: /home/vretiel/PycharmProjects/riskflow/artifacts/walk_forward/reval48_corridor/run_b060/value_fn_202209_garch_s314.pt trained corridor-free (widest wealth support); rolling under a Total_Position_Schedule only restricts to a learned subset — valid.
INFO PLAT_JUL29 DiffSolverV2 LOADED value fn from /home/vretiel/PycharmProjects/riskflow/artifacts/walk_forward/reval48_corridor/run_b060/value_fn_202209_garch_s314.pt (train V_0=-1.0124) | eval-world market drift vs train frame: max 1.12 σ | utility_scale 697225
WARNING PLAT_JUL29 DiffSolverV2 ensemble utility_scale spread 3.47% — members trained against different anchors; averaging is approximate
INFO PLAT_JUL29 DiffSolverV2 action grid: K=165 actions (levels=9 ^ active=3)
INFO PLAT_JUL29 DiffSolverV2 ENSEMBLE argmax over 3 value fns
INFO PLAT_JUL29 DiffSolverV2 STEPPER ROLLOUT (frozen policy, realized path, real accounting):
  greedy   wT=-1.8484e+03 p5=-1.8484e+03 cvar5=-1.8484e+03
  textbook wT=+2.2232e+05 p5=+2.2232e+05 cvar5=+2.2232e+05
  nohedge  wT=+4.1875e+05 p5=+4.1875e+05 cvar5=+4.1875e+05
INFO PLAT_JUL29 DiffSolverV2 VERDICT (OUT-OF-SAMPLE rollout t=0→T over 1 outer paths, start flat):
  policy    u(W_T)mean    W_T mean       W_T p5         W_T CVaR5
  greedy    +0.09272    +6.3527e+04   +6.3527e+04   +6.3527e+04
  textbook  +0.33265    +2.2791e+05   +2.2791e+05   +2.2791e+05
  nohedge   +0.61102    +4.1862e+05   +4.1862e+05   +4.1862e+05
  → on the OBJECTIVE E[u(W_T)]: beats no-hedge=False, beats textbook=False | tail(CVaR5) competitive w/ textbook=False
INFO PLAT_JUL29 DiffSolverV2 greedy positions: mean|q| per instrument=['0.00', '10.76', '21.58'] | q@t0=[0.0, 0.0, -25.0] | q@mid=[0.0, -25.0, -25.0] (textbook q@t0=[0.0, 0.0, 0.0])
INFO PLAT_JUL29 solve_hedge tracks: {'DiffSolverV2': -1.0821} | ladder holds=True
INFO PLAT_JUL29 JOB 202209 b0.60 DONE: greedy=-0.74 nohedge=167.5 bound=608.84 PASS=True churn=306.2 breaches=0(worst=0)
INFO PLAT_JUL29 === JOB 202210 band=0.60 md=md_202210_garch.json trade_date=2022-10-03 (EVAL-ONLY re-roll) ===
INFO PLAT_JUL29 === TRAIN 202210 seed=7 SKIP (checkpoint exists) ===
INFO PLAT_JUL29 === TRAIN 202210 seed=42 SKIP (checkpoint exists) ===
INFO PLAT_JUL29 === TRAIN 202210 seed=314 SKIP (checkpoint exists) ===
INFO PLAT_JUL29 === ROLL 202210 (stepper, realized path, 3-seed ensemble, inner=512) ===
WARNING md_202210_garch Price Factor 'DiscountRate.USD-SOFR' not found in market data
INFO md_202210_garch Creating default Discount Factor(type='DiscountRate', name=('USD-SOFR',))
INFO PLAT_JUL29 Observed_Scenario substituted 2 factor(s): ['CommodityPrice.PLATINUM_CME', 'ObservedBasis.PLATINUM_CME.LME_CME']
INFO PLAT_JUL29 liability scalars: total_leg_volume=2500.0 last_settlement_index=154
INFO PLAT_JUL29 utility_scale (symlog c) resolved to 572533.55
INFO PLAT_JUL29 DiffSolverV2 setup: n_hedge=3 active=[0, 1, 2] T_dec=125 (of 127 sim steps; last-live mtm=[-2]) B_outer=1 levels=9 fit_iters=60 lr=0.002 | contract_size=[50.0, 50.0, 50.0] | q∈[[-50.0, -50.0, -50.0], [0.0, 0.0, 0.0]] total_abs_limit=50
INFO PLAT_JUL29 DiffSolverV2 inner forks: one_step=True (window {t, t+1} generation+pricing)
INFO PLAT_JUL29 DiffSolverV2 bank IN Total_Position_Schedule (post-projection): residual frac(Σq outside corridor) min=0.000 mean=0.000 max=0.000 | worst t=0 corridor=[-50, -20] bank Σq∈[-29.95, -29.95] frac_oob=0.000 (≈0 ⇒ projection clean)
INFO PLAT_JUL29 DiffSolverV2 bank: market_dim=6 | swept W∈[-2.097e+04, 4.621e+05] mean=2.649e+05 std=1.261e+05 | q_rep(t=0)=[0.0, 0.0, 0.0]
INFO PLAT_JUL29 DiffV2_Load_Value_Fn: /home/vretiel/PycharmProjects/riskflow/artifacts/walk_forward/reval48_corridor/run_b060/value_fn_202210_garch_s7.pt trained corridor-free (widest wealth support); rolling under a Total_Position_Schedule only restricts to a learned subset — valid.
INFO PLAT_JUL29 DiffSolverV2 LOADED value fn from /home/vretiel/PycharmProjects/riskflow/artifacts/walk_forward/reval48_corridor/run_b060/value_fn_202210_garch_s7.pt (train V_0=-0.000331679) | eval-world market drift vs train frame: max 1.89 σ | utility_scale 804659
INFO PLAT_JUL29 DiffV2_Load_Value_Fn: /home/vretiel/PycharmProjects/riskflow/artifacts/walk_forward/reval48_corridor/run_b060/value_fn_202210_garch_s42.pt trained corridor-free (widest wealth support); rolling under a Total_Position_Schedule only restricts to a learned subset — valid.
INFO PLAT_JUL29 DiffSolverV2 LOADED value fn from /home/vretiel/PycharmProjects/riskflow/artifacts/walk_forward/reval48_corridor/run_b060/value_fn_202210_garch_s42.pt (train V_0=+0.00911652) | eval-world market drift vs train frame: max 1.93 σ | utility_scale 821893
INFO PLAT_JUL29 DiffV2_Load_Value_Fn: /home/vretiel/PycharmProjects/riskflow/artifacts/walk_forward/reval48_corridor/run_b060/value_fn_202210_garch_s314.pt trained corridor-free (widest wealth support); rolling under a Total_Position_Schedule only restricts to a learned subset — valid.
INFO PLAT_JUL29 DiffSolverV2 LOADED value fn from /home/vretiel/PycharmProjects/riskflow/artifacts/walk_forward/reval48_corridor/run_b060/value_fn_202210_garch_s314.pt (train V_0=+0.019683) | eval-world market drift vs train frame: max 1.95 σ | utility_scale 813213
WARNING PLAT_JUL29 DiffSolverV2 ensemble utility_scale spread 2.1% — members trained against different anchors; averaging is approximate
INFO PLAT_JUL29 DiffSolverV2 action grid: K=165 actions (levels=9 ^ active=3)
INFO PLAT_JUL29 DiffSolverV2 ENSEMBLE argmax over 3 value fns
INFO PLAT_JUL29 DiffSolverV2 STEPPER ROLLOUT (frozen policy, realized path, real accounting):
  greedy   wT=+2.5874e+05 p5=+2.5874e+05 cvar5=+2.5874e+05
  textbook wT=+3.8674e+05 p5=+3.8674e+05 cvar5=+3.8674e+05
  nohedge  wT=+5.1957e+05 p5=+5.1957e+05 cvar5=+5.1957e+05
INFO PLAT_JUL29 DiffSolverV2 VERDICT (OUT-OF-SAMPLE rollout t=0→T over 1 outer paths, start flat):
  policy    u(W_T)mean    W_T mean       W_T p5         W_T CVaR5
  greedy    +0.35435    +2.8818e+05   +2.8818e+05   +2.8818e+05
  textbook  +0.48125    +3.9138e+05   +3.9138e+05   +3.9138e+05
  nohedge   +0.63612    +5.1732e+05   +5.1732e+05   +5.1732e+05
  → on the OBJECTIVE E[u(W_T)]: beats no-hedge=False, beats textbook=False | tail(CVaR5) competitive w/ textbook=False
INFO PLAT_JUL29 DiffSolverV2 greedy positions: mean|q| per instrument=['6.00', '0.40', '35.90'] | q@t0=[-25.0, 0.0, 0.0] | q@mid=[0.0, 0.0, -50.0] (textbook q@t0=[0.0, 0.0, 0.0])
INFO PLAT_JUL29 solve_hedge tracks: {'DiffSolverV2': -0.0003} | ladder holds=True
INFO PLAT_JUL29 JOB 202210 b0.60 DONE: greedy=103.5 nohedge=207.83 bound=675.46 PASS=True churn=250.0 breaches=0(worst=0)
INFO PLAT_JUL29 === JOB 202211 band=0.60 md=md_202210_garch.json trade_date=2022-11-01 (EVAL-ONLY re-roll) ===
INFO PLAT_JUL29 === TRAIN 202211 seed=7 SKIP (checkpoint exists) ===
INFO PLAT_JUL29 === TRAIN 202211 seed=42 SKIP (checkpoint exists) ===
INFO PLAT_JUL29 === TRAIN 202211 seed=314 SKIP (checkpoint exists) ===
INFO PLAT_JUL29 === ROLL 202211 (stepper, realized path, 3-seed ensemble, inner=512) ===
WARNING md_202210_garch Price Factor 'DiscountRate.USD-SOFR' not found in market data
INFO md_202210_garch Creating default Discount Factor(type='DiscountRate', name=('USD-SOFR',))
INFO PLAT_JUL29 Observed_Scenario substituted 2 factor(s): ['CommodityPrice.PLATINUM_CME', 'ObservedBasis.PLATINUM_CME.LME_CME']
INFO PLAT_JUL29 liability scalars: total_leg_volume=2500.0 last_settlement_index=153
INFO PLAT_JUL29 utility_scale (symlog c) resolved to 616289.74
INFO PLAT_JUL29 DiffSolverV2 setup: n_hedge=3 active=[0, 1, 2] T_dec=124 (of 126 sim steps; last-live mtm=[-2]) B_outer=1 levels=9 fit_iters=60 lr=0.002 | contract_size=[50.0, 50.0, 50.0] | q∈[[-50.0, -50.0, -50.0], [0.0, 0.0, 0.0]] total_abs_limit=50
INFO PLAT_JUL29 DiffSolverV2 inner forks: one_step=True (window {t, t+1} generation+pricing)
INFO PLAT_JUL29 DiffSolverV2 bank IN Total_Position_Schedule (post-projection): residual frac(Σq outside corridor) min=0.000 mean=0.000 max=0.000 | worst t=0 corridor=[-50, -20] bank Σq∈[-29.95, -29.95] frac_oob=0.000 (≈0 ⇒ projection clean)
INFO PLAT_JUL29 DiffSolverV2 bank: market_dim=6 | swept W∈[-1.248e+05, 3.125e+05] mean=1.244e+05 std=9.169e+04 | q_rep(t=0)=[0.0, 0.0, 0.0]
INFO PLAT_JUL29 DiffV2_Load_Value_Fn: /home/vretiel/PycharmProjects/riskflow/artifacts/walk_forward/reval48_corridor/run_b060/value_fn_202211_garch_s7.pt trained corridor-free (widest wealth support); rolling under a Total_Position_Schedule only restricts to a learned subset — valid.
INFO PLAT_JUL29 DiffSolverV2 LOADED value fn from /home/vretiel/PycharmProjects/riskflow/artifacts/walk_forward/reval48_corridor/run_b060/value_fn_202211_garch_s7.pt (train V_0=-0.0909709) | eval-world market drift vs train frame: max 1.76 σ | utility_scale 865906
INFO PLAT_JUL29 DiffV2_Load_Value_Fn: /home/vretiel/PycharmProjects/riskflow/artifacts/walk_forward/reval48_corridor/run_b060/value_fn_202211_garch_s42.pt trained corridor-free (widest wealth support); rolling under a Total_Position_Schedule only restricts to a learned subset — valid.
INFO PLAT_JUL29 DiffSolverV2 LOADED value fn from /home/vretiel/PycharmProjects/riskflow/artifacts/walk_forward/reval48_corridor/run_b060/value_fn_202211_garch_s42.pt (train V_0=-0.0661472) | eval-world market drift vs train frame: max 1.75 σ | utility_scale 896482
INFO PLAT_JUL29 DiffV2_Load_Value_Fn: /home/vretiel/PycharmProjects/riskflow/artifacts/walk_forward/reval48_corridor/run_b060/value_fn_202211_garch_s314.pt trained corridor-free (widest wealth support); rolling under a Total_Position_Schedule only restricts to a learned subset — valid.
INFO PLAT_JUL29 DiffSolverV2 LOADED value fn from /home/vretiel/PycharmProjects/riskflow/artifacts/walk_forward/reval48_corridor/run_b060/value_fn_202211_garch_s314.pt (train V_0=-0.047348) | eval-world market drift vs train frame: max 1.76 σ | utility_scale 880539
WARNING PLAT_JUL29 DiffSolverV2 ensemble utility_scale spread 3.41% — members trained against different anchors; averaging is approximate
INFO PLAT_JUL29 DiffSolverV2 action grid: K=165 actions (levels=9 ^ active=3)
INFO PLAT_JUL29 DiffSolverV2 ENSEMBLE argmax over 3 value fns
INFO PLAT_JUL29 DiffSolverV2 STEPPER ROLLOUT (frozen policy, realized path, real accounting):
  greedy   wT=+1.8489e+05 p5=+1.8489e+05 cvar5=+1.8489e+05
  textbook wT=+7.2119e+04 p5=+7.2119e+04 cvar5=+7.2119e+04
  nohedge  wT=+1.0959e+05 p5=+1.0959e+05 cvar5=+1.0959e+05
INFO PLAT_JUL29 DiffSolverV2 VERDICT (OUT-OF-SAMPLE rollout t=0→T over 1 outer paths, start flat):
  policy    u(W_T)mean    W_T mean       W_T p5         W_T CVaR5
  greedy    +0.22644    +1.9949e+05   +1.9949e+05   +1.9949e+05
  textbook  +0.08741    +7.7002e+04   +7.7002e+04   +7.7002e+04
  nohedge   +0.12207    +1.0754e+05   +1.0754e+05   +1.0754e+05
  → on the OBJECTIVE E[u(W_T)]: beats no-hedge=True, beats textbook=True | tail(CVaR5) competitive w/ textbook=True
INFO PLAT_JUL29 DiffSolverV2 greedy positions: mean|q| per instrument=['0.00', '19.15', '18.50'] | q@t0=[0.0, -50.0, 0.0] | q@mid=[0.0, -25.0, 0.0] (textbook q@t0=[0.0, 0.0, 0.0])
INFO PLAT_JUL29 solve_hedge tracks: {'DiffSolverV2': -0.091} | ladder holds=True
INFO PLAT_JUL29 JOB 202211 b0.60 DONE: greedy=73.96 nohedge=43.84 bound=654.87 PASS=True churn=325.0 breaches=0(worst=0)
INFO PLAT_JUL29 === JOB 202212 band=0.60 md=md_202212_fresh_garch.json trade_date=2022-12-01 (EVAL-ONLY re-roll) ===
INFO PLAT_JUL29 === TRAIN 202212 seed=7 SKIP (checkpoint exists) ===
INFO PLAT_JUL29 === TRAIN 202212 seed=42 SKIP (checkpoint exists) ===
INFO PLAT_JUL29 === TRAIN 202212 seed=314 SKIP (checkpoint exists) ===
INFO PLAT_JUL29 === ROLL 202212 (stepper, realized path, 3-seed ensemble, inner=512) ===
WARNING md_202212_fresh_garch Price Factor 'DiscountRate.USD-SOFR' not found in market data
INFO md_202212_fresh_garch Creating default Discount Factor(type='DiscountRate', name=('USD-SOFR',))
INFO PLAT_JUL29 Observed_Scenario substituted 2 factor(s): ['CommodityPrice.PLATINUM_CME', 'ObservedBasis.PLATINUM_CME.LME_CME']
INFO PLAT_JUL29 liability scalars: total_leg_volume=2500.0 last_settlement_index=154
INFO PLAT_JUL29 utility_scale (symlog c) resolved to 661727.29
INFO PLAT_JUL29 DiffSolverV2 setup: n_hedge=3 active=[0, 1, 2] T_dec=125 (of 127 sim steps; last-live mtm=[-2]) B_outer=1 levels=9 fit_iters=60 lr=0.002 | contract_size=[50.0, 50.0, 50.0] | q∈[[-50.0, -50.0, -50.0], [0.0, 0.0, 0.0]] total_abs_limit=50
INFO PLAT_JUL29 DiffSolverV2 inner forks: one_step=True (window {t, t+1} generation+pricing)
INFO PLAT_JUL29 DiffSolverV2 bank IN Total_Position_Schedule (post-projection): residual frac(Σq outside corridor) min=0.000 mean=0.000 max=0.000 | worst t=0 corridor=[-50, -20] bank Σq∈[-29.95, -29.95] frac_oob=0.000 (≈0 ⇒ projection clean)
INFO PLAT_JUL29 DiffSolverV2 bank: market_dim=6 | swept W∈[-2.082e+05, 1.654e+05] mean=-4.091e+04 std=9.811e+04 | q_rep(t=0)=[0.0, 0.0, 0.0]
INFO PLAT_JUL29 DiffV2_Load_Value_Fn: /home/vretiel/PycharmProjects/riskflow/artifacts/walk_forward/reval48_corridor/run_b060/value_fn_202212_garch_s7.pt trained corridor-free (widest wealth support); rolling under a Total_Position_Schedule only restricts to a learned subset — valid.
INFO PLAT_JUL29 DiffSolverV2 LOADED value fn from /home/vretiel/PycharmProjects/riskflow/artifacts/walk_forward/reval48_corridor/run_b060/value_fn_202212_garch_s7.pt (train V_0=-0.315191) | eval-world market drift vs train frame: max 0.334 σ | utility_scale 1.01832e+06
INFO PLAT_JUL29 DiffV2_Load_Value_Fn: /home/vretiel/PycharmProjects/riskflow/artifacts/walk_forward/reval48_corridor/run_b060/value_fn_202212_garch_s42.pt trained corridor-free (widest wealth support); rolling under a Total_Position_Schedule only restricts to a learned subset — valid.
INFO PLAT_JUL29 DiffSolverV2 LOADED value fn from /home/vretiel/PycharmProjects/riskflow/artifacts/walk_forward/reval48_corridor/run_b060/value_fn_202212_garch_s42.pt (train V_0=-0.296027) | eval-world market drift vs train frame: max 0.31 σ | utility_scale 1.04408e+06
INFO PLAT_JUL29 DiffV2_Load_Value_Fn: /home/vretiel/PycharmProjects/riskflow/artifacts/walk_forward/reval48_corridor/run_b060/value_fn_202212_garch_s314.pt trained corridor-free (widest wealth support); rolling under a Total_Position_Schedule only restricts to a learned subset — valid.
INFO PLAT_JUL29 DiffSolverV2 LOADED value fn from /home/vretiel/PycharmProjects/riskflow/artifacts/walk_forward/reval48_corridor/run_b060/value_fn_202212_garch_s314.pt (train V_0=-0.269886) | eval-world market drift vs train frame: max 0.363 σ | utility_scale 1.04473e+06
WARNING PLAT_JUL29 DiffSolverV2 ensemble utility_scale spread 2.53% — members trained against different anchors; averaging is approximate
INFO PLAT_JUL29 DiffSolverV2 action grid: K=165 actions (levels=9 ^ active=3)
INFO PLAT_JUL29 DiffSolverV2 ENSEMBLE argmax over 3 value fns
INFO PLAT_JUL29 DiffSolverV2 STEPPER ROLLOUT (frozen policy, realized path, real accounting):
  greedy   wT=-9.8725e+03 p5=-9.8725e+03 cvar5=-9.8725e+03
  textbook wT=-8.1819e+04 p5=-8.1819e+04 cvar5=-8.1819e+04
  nohedge  wT=-1.4974e+05 p5=-1.4974e+05 cvar5=-1.4974e+05
INFO PLAT_JUL29 DiffSolverV2 VERDICT (OUT-OF-SAMPLE rollout t=0→T over 1 outer paths, start flat):
  policy    u(W_T)mean    W_T mean       W_T p5         W_T CVaR5
  greedy    +0.05159    +5.3431e+04   +5.3431e+04   +5.3431e+04
  textbook  -0.11762    -8.2445e+04   -8.2445e+04   -8.2445e+04
  nohedge   -0.27736    -1.5252e+05   -1.5252e+05   -1.5252e+05
  → on the OBJECTIVE E[u(W_T)]: beats no-hedge=True, beats textbook=True | tail(CVaR5) competitive w/ textbook=True
INFO PLAT_JUL29 DiffSolverV2 greedy positions: mean|q| per instrument=['2.40', '10.95', '21.05'] | q@t0=[0.0, -25.0, 0.0] | q@mid=[0.0, 0.0, -50.0] (textbook q@t0=[0.0, 0.0, 0.0])
INFO PLAT_JUL29 solve_hedge tracks: {'DiffSolverV2': -0.3152} | ladder holds=True
INFO PLAT_JUL29 JOB 202212 b0.60 DONE: greedy=-3.95 nohedge=-59.89 bound=678.57 PASS=True churn=300.0 breaches=0(worst=0)
INFO PLAT_JUL29 === JOB 202301 band=0.60 md=md_202301_garch.json trade_date=2023-01-02 (EVAL-ONLY re-roll) ===
INFO PLAT_JUL29 === TRAIN 202301 seed=7 SKIP (checkpoint exists) ===
INFO PLAT_JUL29 === TRAIN 202301 seed=42 SKIP (checkpoint exists) ===
INFO PLAT_JUL29 === TRAIN 202301 seed=314 SKIP (checkpoint exists) ===
INFO PLAT_JUL29 === ROLL 202301 (stepper, realized path, 3-seed ensemble, inner=512) ===
WARNING md_202301_garch Price Factor 'DiscountRate.USD-SOFR' not found in market data
INFO md_202301_garch Creating default Discount Factor(type='DiscountRate', name=('USD-SOFR',))
INFO PLAT_JUL29 Observed_Scenario substituted 2 factor(s): ['CommodityPrice.PLATINUM_CME', 'ObservedBasis.PLATINUM_CME.LME_CME']
INFO PLAT_JUL29 liability scalars: total_leg_volume=2500.0 last_settlement_index=152
INFO PLAT_JUL29 utility_scale (symlog c) resolved to 657283.24
INFO PLAT_JUL29 DiffSolverV2 setup: n_hedge=3 active=[0, 1, 2] T_dec=123 (of 125 sim steps; last-live mtm=[-2]) B_outer=1 levels=9 fit_iters=60 lr=0.002 | contract_size=[50.0, 50.0, 50.0] | q∈[[-50.0, -50.0, -50.0], [0.0, 0.0, 0.0]] total_abs_limit=50
INFO PLAT_JUL29 DiffSolverV2 inner forks: one_step=True (window {t, t+1} generation+pricing)
INFO PLAT_JUL29 DiffSolverV2 bank IN Total_Position_Schedule (post-projection): residual frac(Σq outside corridor) min=0.000 mean=0.000 max=0.000 | worst t=0 corridor=[-50, -20] bank Σq∈[-29.95, -29.95] frac_oob=0.000 (≈0 ⇒ projection clean)
INFO PLAT_JUL29 DiffSolverV2 bank: market_dim=6 | swept W∈[-1.316e+05, 1.881e+05] mean=2.153e+04 std=8.019e+04 | q_rep(t=0)=[0.0, 0.0, 0.0]
INFO PLAT_JUL29 DiffV2_Load_Value_Fn: /home/vretiel/PycharmProjects/riskflow/artifacts/walk_forward/reval48_corridor/run_b060/value_fn_202301_garch_s7.pt trained corridor-free (widest wealth support); rolling under a Total_Position_Schedule only restricts to a learned subset — valid.
INFO PLAT_JUL29 DiffSolverV2 LOADED value fn from /home/vretiel/PycharmProjects/riskflow/artifacts/walk_forward/reval48_corridor/run_b060/value_fn_202301_garch_s7.pt (train V_0=-0.209812) | eval-world market drift vs train frame: max 0.801 σ | utility_scale 1.04777e+06
INFO PLAT_JUL29 DiffV2_Load_Value_Fn: /home/vretiel/PycharmProjects/riskflow/artifacts/walk_forward/reval48_corridor/run_b060/value_fn_202301_garch_s42.pt trained corridor-free (widest wealth support); rolling under a Total_Position_Schedule only restricts to a learned subset — valid.
INFO PLAT_JUL29 DiffSolverV2 LOADED value fn from /home/vretiel/PycharmProjects/riskflow/artifacts/walk_forward/reval48_corridor/run_b060/value_fn_202301_garch_s42.pt (train V_0=-0.214688) | eval-world market drift vs train frame: max 0.869 σ | utility_scale 1.04846e+06
INFO PLAT_JUL29 DiffV2_Load_Value_Fn: /home/vretiel/PycharmProjects/riskflow/artifacts/walk_forward/reval48_corridor/run_b060/value_fn_202301_garch_s314.pt trained corridor-free (widest wealth support); rolling under a Total_Position_Schedule only restricts to a learned subset — valid.
INFO PLAT_JUL29 DiffSolverV2 LOADED value fn from /home/vretiel/PycharmProjects/riskflow/artifacts/walk_forward/reval48_corridor/run_b060/value_fn_202301_garch_s314.pt (train V_0=-0.209044) | eval-world market drift vs train frame: max 0.85 σ | utility_scale 1.04454e+06
INFO PLAT_JUL29 DiffSolverV2 action grid: K=165 actions (levels=9 ^ active=3)
INFO PLAT_JUL29 DiffSolverV2 ENSEMBLE argmax over 3 value fns
INFO PLAT_JUL29 DiffSolverV2 STEPPER ROLLOUT (frozen policy, realized path, real accounting):
  greedy   wT=-3.4219e+03 p5=-3.4219e+03 cvar5=-3.4219e+03
  textbook wT=+1.5095e+05 p5=+1.5095e+05 cvar5=+1.5095e+05
  nohedge  wT=+6.1180e+04 p5=+6.1180e+04 cvar5=+6.1180e+04
INFO PLAT_JUL29 DiffSolverV2 VERDICT (OUT-OF-SAMPLE rollout t=0→T over 1 outer paths, start flat):
  policy    u(W_T)mean    W_T mean       W_T p5         W_T CVaR5
  greedy    -0.03105    -2.8007e+04   -2.8007e+04   -2.8007e+04
  textbook  +0.13245    +1.3866e+05   +1.3866e+05   +1.3866e+05
  nohedge   +0.05654    +5.9192e+04   +5.9192e+04   +5.9192e+04
  → on the OBJECTIVE E[u(W_T)]: beats no-hedge=False, beats textbook=False | tail(CVaR5) competitive w/ textbook=False
INFO PLAT_JUL29 DiffSolverV2 greedy positions: mean|q| per instrument=['0.00', '11.94', '32.62'] | q@t0=[0.0, -50.0, 0.0] | q@mid=[0.0, 0.0, -50.0] (textbook q@t0=[0.0, 0.0, 0.0])
INFO PLAT_JUL29 solve_hedge tracks: {'DiffSolverV2': -0.2098} | ladder holds=True
INFO PLAT_JUL29 JOB 202301 b0.60 DONE: greedy=-1.37 nohedge=24.47 bound=607.03 PASS=True churn=275.0 breaches=0(worst=0)
INFO PLAT_JUL29 === JOB 202302 band=0.60 md=md_202301_garch.json trade_date=2023-02-01 (EVAL-ONLY re-roll) ===
INFO PLAT_JUL29 === TRAIN 202302 seed=7 SKIP (checkpoint exists) ===
INFO PLAT_JUL29 === TRAIN 202302 seed=42 SKIP (checkpoint exists) ===
INFO PLAT_JUL29 === TRAIN 202302 seed=314 SKIP (checkpoint exists) ===
INFO PLAT_JUL29 === ROLL 202302 (stepper, realized path, 3-seed ensemble, inner=512) ===
WARNING md_202301_garch Price Factor 'DiscountRate.USD-SOFR' not found in market data
INFO md_202301_garch Creating default Discount Factor(type='DiscountRate', name=('USD-SOFR',))
INFO PLAT_JUL29 Observed_Scenario substituted 2 factor(s): ['CommodityPrice.PLATINUM_CME', 'ObservedBasis.PLATINUM_CME.LME_CME']
INFO PLAT_JUL29 liability scalars: total_leg_volume=2500.0 last_settlement_index=153
INFO PLAT_JUL29 utility_scale (symlog c) resolved to 378724.67
INFO PLAT_JUL29 DiffSolverV2 setup: n_hedge=3 active=[0, 1, 2] T_dec=124 (of 126 sim steps; last-live mtm=[-2]) B_outer=1 levels=9 fit_iters=60 lr=0.002 | contract_size=[50.0, 50.0, 50.0] | q∈[[-50.0, -50.0, -50.0], [0.0, 0.0, 0.0]] total_abs_limit=50
INFO PLAT_JUL29 DiffSolverV2 inner forks: one_step=True (window {t, t+1} generation+pricing)
INFO PLAT_JUL29 DiffSolverV2 bank IN Total_Position_Schedule (post-projection): residual frac(Σq outside corridor) min=0.000 mean=0.000 max=0.000 | worst t=0 corridor=[-50, -20] bank Σq∈[-29.95, -29.95] frac_oob=0.000 (≈0 ⇒ projection clean)
INFO PLAT_JUL29 DiffSolverV2 bank: market_dim=6 | swept W∈[-1.177e+05, 1.239e+05] mean=2402 std=6.594e+04 | q_rep(t=0)=[0.0, 0.0, 0.0]
INFO PLAT_JUL29 DiffV2_Load_Value_Fn: /home/vretiel/PycharmProjects/riskflow/artifacts/walk_forward/reval48_corridor/run_b060/value_fn_202302_garch_s7.pt trained corridor-free (widest wealth support); rolling under a Total_Position_Schedule only restricts to a learned subset — valid.
INFO PLAT_JUL29 DiffSolverV2 LOADED value fn from /home/vretiel/PycharmProjects/riskflow/artifacts/walk_forward/reval48_corridor/run_b060/value_fn_202302_garch_s7.pt (train V_0=-0.261213) | eval-world market drift vs train frame: max 0.663 σ | utility_scale 846198
INFO PLAT_JUL29 DiffV2_Load_Value_Fn: /home/vretiel/PycharmProjects/riskflow/artifacts/walk_forward/reval48_corridor/run_b060/value_fn_202302_garch_s42.pt trained corridor-free (widest wealth support); rolling under a Total_Position_Schedule only restricts to a learned subset — valid.
INFO PLAT_JUL29 DiffSolverV2 LOADED value fn from /home/vretiel/PycharmProjects/riskflow/artifacts/walk_forward/reval48_corridor/run_b060/value_fn_202302_garch_s42.pt (train V_0=-0.199281) | eval-world market drift vs train frame: max 0.715 σ | utility_scale 864315
INFO PLAT_JUL29 DiffV2_Load_Value_Fn: /home/vretiel/PycharmProjects/riskflow/artifacts/walk_forward/reval48_corridor/run_b060/value_fn_202302_garch_s314.pt trained corridor-free (widest wealth support); rolling under a Total_Position_Schedule only restricts to a learned subset — valid.
INFO PLAT_JUL29 DiffSolverV2 LOADED value fn from /home/vretiel/PycharmProjects/riskflow/artifacts/walk_forward/reval48_corridor/run_b060/value_fn_202302_garch_s314.pt (train V_0=-0.1922) | eval-world market drift vs train frame: max 0.685 σ | utility_scale 869701
WARNING PLAT_JUL29 DiffSolverV2 ensemble utility_scale spread 2.7% — members trained against different anchors; averaging is approximate
INFO PLAT_JUL29 DiffSolverV2 action grid: K=165 actions (levels=9 ^ active=3)
INFO PLAT_JUL29 DiffSolverV2 ENSEMBLE argmax over 3 value fns
INFO PLAT_JUL29 DiffSolverV2 STEPPER ROLLOUT (frozen policy, realized path, real accounting):
  greedy   wT=+3.9705e+04 p5=+3.9705e+04 cvar5=+3.9705e+04
  textbook wT=+6.0316e+04 p5=+6.0316e+04 cvar5=+6.0316e+04
  nohedge  wT=+1.5364e+05 p5=+1.5364e+05 cvar5=+1.5364e+05
INFO PLAT_JUL29 DiffSolverV2 VERDICT (OUT-OF-SAMPLE rollout t=0→T over 1 outer paths, start flat):
  policy    u(W_T)mean    W_T mean       W_T p5         W_T CVaR5
  greedy    +0.01861    +1.6003e+04   +1.6003e+04   +1.6003e+04
  textbook  +0.07671    +6.5974e+04   +6.5974e+04   +6.5974e+04
  nohedge   +0.17594    +1.5132e+05   +1.5132e+05   +1.5132e+05
  → on the OBJECTIVE E[u(W_T)]: beats no-hedge=False, beats textbook=False | tail(CVaR5) competitive w/ textbook=False
INFO PLAT_JUL29 DiffSolverV2 greedy positions: mean|q| per instrument=['9.22', '15.27', '3.63'] | q@t0=[0.0, 0.0, -25.0] | q@mid=[-18.75, -6.25, 0.0] (textbook q@t0=[0.0, 0.0, 0.0])
INFO PLAT_JUL29 solve_hedge tracks: {'DiffSolverV2': -0.2612} | ladder holds=True
INFO PLAT_JUL29 JOB 202302 b0.60 DONE: greedy=15.88 nohedge=61.45 bound=625.74 PASS=True churn=387.5 breaches=0(worst=0)
INFO PLAT_JUL29 === JOB 202303 band=0.60 md=md_202303_fresh_garch.json trade_date=2023-03-01 (EVAL-ONLY re-roll) ===
INFO PLAT_JUL29 === TRAIN 202303 seed=7 SKIP (checkpoint exists) ===
INFO PLAT_JUL29 === TRAIN 202303 seed=42 SKIP (checkpoint exists) ===
INFO PLAT_JUL29 === TRAIN 202303 seed=314 SKIP (checkpoint exists) ===
INFO PLAT_JUL29 === ROLL 202303 (stepper, realized path, 3-seed ensemble, inner=512) ===
WARNING md_202303_fresh_garch Price Factor 'DiscountRate.USD-SOFR' not found in market data
INFO md_202303_fresh_garch Creating default Discount Factor(type='DiscountRate', name=('USD-SOFR',))
INFO PLAT_JUL29 Observed_Scenario substituted 2 factor(s): ['CommodityPrice.PLATINUM_CME', 'ObservedBasis.PLATINUM_CME.LME_CME']
INFO PLAT_JUL29 liability scalars: total_leg_volume=2500.0 last_settlement_index=155
INFO PLAT_JUL29 utility_scale (symlog c) resolved to 625650.76
INFO PLAT_JUL29 DiffSolverV2 setup: n_hedge=3 active=[0, 1, 2] T_dec=126 (of 128 sim steps; last-live mtm=[-2]) B_outer=1 levels=9 fit_iters=60 lr=0.002 | contract_size=[50.0, 50.0, 50.0] | q∈[[-50.0, -50.0, -50.0], [0.0, 0.0, 0.0]] total_abs_limit=50
INFO PLAT_JUL29 DiffSolverV2 inner forks: one_step=True (window {t, t+1} generation+pricing)
INFO PLAT_JUL29 DiffSolverV2 bank IN Total_Position_Schedule (post-projection): residual frac(Σq outside corridor) min=0.000 mean=0.000 max=0.000 | worst t=0 corridor=[-50, -20] bank Σq∈[-29.95, -29.95] frac_oob=0.000 (≈0 ⇒ projection clean)
INFO PLAT_JUL29 DiffSolverV2 bank: market_dim=6 | swept W∈[-2.788e+04, 2.518e+05] mean=7.693e+04 std=7.774e+04 | q_rep(t=0)=[0.0, 0.0, 0.0]
INFO PLAT_JUL29 DiffV2_Load_Value_Fn: /home/vretiel/PycharmProjects/riskflow/artifacts/walk_forward/reval48_corridor/run_b060/value_fn_202303_garch_s7.pt trained corridor-free (widest wealth support); rolling under a Total_Position_Schedule only restricts to a learned subset — valid.
INFO PLAT_JUL29 DiffSolverV2 LOADED value fn from /home/vretiel/PycharmProjects/riskflow/artifacts/walk_forward/reval48_corridor/run_b060/value_fn_202303_garch_s7.pt (train V_0=-0.461993) | eval-world market drift vs train frame: max 0.614 σ | utility_scale 939443
INFO PLAT_JUL29 DiffV2_Load_Value_Fn: /home/vretiel/PycharmProjects/riskflow/artifacts/walk_forward/reval48_corridor/run_b060/value_fn_202303_garch_s42.pt trained corridor-free (widest wealth support); rolling under a Total_Position_Schedule only restricts to a learned subset — valid.
INFO PLAT_JUL29 DiffSolverV2 LOADED value fn from /home/vretiel/PycharmProjects/riskflow/artifacts/walk_forward/reval48_corridor/run_b060/value_fn_202303_garch_s42.pt (train V_0=-0.452917) | eval-world market drift vs train frame: max 0.505 σ | utility_scale 937341
INFO PLAT_JUL29 DiffV2_Load_Value_Fn: /home/vretiel/PycharmProjects/riskflow/artifacts/walk_forward/reval48_corridor/run_b060/value_fn_202303_garch_s314.pt trained corridor-free (widest wealth support); rolling under a Total_Position_Schedule only restricts to a learned subset — valid.
INFO PLAT_JUL29 DiffSolverV2 LOADED value fn from /home/vretiel/PycharmProjects/riskflow/artifacts/walk_forward/reval48_corridor/run_b060/value_fn_202303_garch_s314.pt (train V_0=-0.415735) | eval-world market drift vs train frame: max 0.599 σ | utility_scale 960269
WARNING PLAT_JUL29 DiffSolverV2 ensemble utility_scale spread 2.39% — members trained against different anchors; averaging is approximate
INFO PLAT_JUL29 DiffSolverV2 action grid: K=165 actions (levels=9 ^ active=3)
INFO PLAT_JUL29 DiffSolverV2 ENSEMBLE argmax over 3 value fns
INFO PLAT_JUL29 DiffSolverV2 STEPPER ROLLOUT (frozen policy, realized path, real accounting):
  greedy   wT=+2.5737e+05 p5=+2.5737e+05 cvar5=+2.5737e+05
  textbook wT=-5.3419e+04 p5=-5.3419e+04 cvar5=-5.3419e+04
  nohedge  wT=+3.0610e+04 p5=+3.0610e+04 cvar5=+3.0610e+04
INFO PLAT_JUL29 DiffSolverV2 VERDICT (OUT-OF-SAMPLE rollout t=0→T over 1 outer paths, start flat):
  policy    u(W_T)mean    W_T mean       W_T p5         W_T CVaR5
  greedy    +0.24905    +2.3552e+05   +2.3552e+05   +2.3552e+05
  textbook  -0.06640    -4.8107e+04   -4.8107e+04   -4.8107e+04
  nohedge   +0.02942    +2.7819e+04   +2.7819e+04   +2.7819e+04
  → on the OBJECTIVE E[u(W_T)]: beats no-hedge=True, beats textbook=True | tail(CVaR5) competitive w/ textbook=True
INFO PLAT_JUL29 DiffSolverV2 greedy positions: mean|q| per instrument=['4.46', '9.67', '24.11'] | q@t0=[0.0, -25.0, 0.0] | q@mid=[0.0, 0.0, -50.0] (textbook q@t0=[0.0, 0.0, 0.0])
INFO PLAT_JUL29 solve_hedge tracks: {'DiffSolverV2': -0.462} | ladder holds=True
INFO PLAT_JUL29 JOB 202303 b0.60 DONE: greedy=102.95 nohedge=12.24 bound=594.21 PASS=True churn=150.0 breaches=0(worst=0)
INFO PLAT_JUL29 === JOB 202304 band=0.60 md=md_202304_garch.json trade_date=2023-04-03 (EVAL-ONLY re-roll) ===
INFO PLAT_JUL29 === TRAIN 202304 seed=7 SKIP (checkpoint exists) ===
INFO PLAT_JUL29 === TRAIN 202304 seed=42 SKIP (checkpoint exists) ===
INFO PLAT_JUL29 === TRAIN 202304 seed=314 SKIP (checkpoint exists) ===
INFO PLAT_JUL29 === ROLL 202304 (stepper, realized path, 3-seed ensemble, inner=512) ===
WARNING md_202304_garch Price Factor 'DiscountRate.USD-SOFR' not found in market data
INFO md_202304_garch Creating default Discount Factor(type='DiscountRate', name=('USD-SOFR',))
INFO PLAT_JUL29 Observed_Scenario substituted 2 factor(s): ['CommodityPrice.PLATINUM_CME', 'ObservedBasis.PLATINUM_CME.LME_CME']
INFO PLAT_JUL29 liability scalars: total_leg_volume=2500.0 last_settlement_index=153
INFO PLAT_JUL29 utility_scale (symlog c) resolved to 491689.22
INFO PLAT_JUL29 DiffSolverV2 setup: n_hedge=3 active=[0, 1, 2] T_dec=124 (of 126 sim steps; last-live mtm=[-2]) B_outer=1 levels=9 fit_iters=60 lr=0.002 | contract_size=[50.0, 50.0, 50.0] | q∈[[-50.0, -50.0, -50.0], [0.0, 0.0, 0.0]] total_abs_limit=50
INFO PLAT_JUL29 DiffSolverV2 inner forks: one_step=True (window {t, t+1} generation+pricing)
INFO PLAT_JUL29 DiffSolverV2 bank IN Total_Position_Schedule (post-projection): residual frac(Σq outside corridor) min=0.000 mean=0.000 max=0.000 | worst t=0 corridor=[-50, -20] bank Σq∈[-29.95, -29.95] frac_oob=0.000 (≈0 ⇒ projection clean)
INFO PLAT_JUL29 DiffSolverV2 bank: market_dim=6 | swept W∈[-2.449e+05, 1.952e+05] mean=-2.38e+04 std=1.224e+05 | q_rep(t=0)=[0.0, 0.0, 0.0]
INFO PLAT_JUL29 DiffV2_Load_Value_Fn: /home/vretiel/PycharmProjects/riskflow/artifacts/walk_forward/reval48_corridor/run_b060/value_fn_202304_garch_s7.pt trained corridor-free (widest wealth support); rolling under a Total_Position_Schedule only restricts to a learned subset — valid.
INFO PLAT_JUL29 DiffSolverV2 LOADED value fn from /home/vretiel/PycharmProjects/riskflow/artifacts/walk_forward/reval48_corridor/run_b060/value_fn_202304_garch_s7.pt (train V_0=-0.634051) | eval-world market drift vs train frame: max 1.09 σ | utility_scale 816689
INFO PLAT_JUL29 DiffV2_Load_Value_Fn: /home/vretiel/PycharmProjects/riskflow/artifacts/walk_forward/reval48_corridor/run_b060/value_fn_202304_garch_s42.pt trained corridor-free (widest wealth support); rolling under a Total_Position_Schedule only restricts to a learned subset — valid.
INFO PLAT_JUL29 DiffSolverV2 LOADED value fn from /home/vretiel/PycharmProjects/riskflow/artifacts/walk_forward/reval48_corridor/run_b060/value_fn_202304_garch_s42.pt (train V_0=-0.606725) | eval-world market drift vs train frame: max 1.14 σ | utility_scale 835917
INFO PLAT_JUL29 DiffV2_Load_Value_Fn: /home/vretiel/PycharmProjects/riskflow/artifacts/walk_forward/reval48_corridor/run_b060/value_fn_202304_garch_s314.pt trained corridor-free (widest wealth support); rolling under a Total_Position_Schedule only restricts to a learned subset — valid.
INFO PLAT_JUL29 DiffSolverV2 LOADED value fn from /home/vretiel/PycharmProjects/riskflow/artifacts/walk_forward/reval48_corridor/run_b060/value_fn_202304_garch_s314.pt (train V_0=-0.568434) | eval-world market drift vs train frame: max 1.14 σ | utility_scale 836559
WARNING PLAT_JUL29 DiffSolverV2 ensemble utility_scale spread 2.38% — members trained against different anchors; averaging is approximate
INFO PLAT_JUL29 DiffSolverV2 action grid: K=165 actions (levels=9 ^ active=3)
INFO PLAT_JUL29 DiffSolverV2 ENSEMBLE argmax over 3 value fns
INFO PLAT_JUL29 DiffSolverV2 STEPPER ROLLOUT (frozen policy, realized path, real accounting):
  greedy   wT=+1.5064e+05 p5=+1.5064e+05 cvar5=+1.5064e+05
  textbook wT=-9.5260e+04 p5=-9.5260e+04 cvar5=-9.5260e+04
  nohedge  wT=-1.0272e+05 p5=-1.0272e+05 cvar5=-1.0272e+05
INFO PLAT_JUL29 DiffSolverV2 VERDICT (OUT-OF-SAMPLE rollout t=0→T over 1 outer paths, start flat):
  policy    u(W_T)mean    W_T mean       W_T p5         W_T CVaR5
  greedy    +0.13937    +1.1564e+05   +1.1564e+05   +1.1564e+05
  textbook  -0.18944    -9.3697e+04   -9.3697e+04   -9.3697e+04
  nohedge   -0.22318    -1.0518e+05   -1.0518e+05   -1.0518e+05
  → on the OBJECTIVE E[u(W_T)]: beats no-hedge=True, beats textbook=True | tail(CVaR5) competitive w/ textbook=True
INFO PLAT_JUL29 DiffSolverV2 greedy positions: mean|q| per instrument=['2.87', '4.64', '36.59'] | q@t0=[0.0, -25.0, 0.0] | q@mid=[0.0, 0.0, -50.0] (textbook q@t0=[0.0, 0.0, 0.0])
INFO PLAT_JUL29 solve_hedge tracks: {'DiffSolverV2': -0.6341} | ladder holds=True
INFO PLAT_JUL29 JOB 202304 b0.60 DONE: greedy=60.26 nohedge=-41.09 bound=580.73 PASS=True churn=250.0 breaches=0(worst=0)
INFO PLAT_JUL29 === JOB 202305 band=0.60 md=md_202304_garch.json trade_date=2023-05-01 (EVAL-ONLY re-roll) ===
INFO PLAT_JUL29 === TRAIN 202305 seed=7 SKIP (checkpoint exists) ===
INFO PLAT_JUL29 === TRAIN 202305 seed=42 SKIP (checkpoint exists) ===
INFO PLAT_JUL29 === TRAIN 202305 seed=314 SKIP (checkpoint exists) ===
INFO PLAT_JUL29 === ROLL 202305 (stepper, realized path, 3-seed ensemble, inner=512) ===
WARNING md_202304_garch Price Factor 'DiscountRate.USD-SOFR' not found in market data
INFO md_202304_garch Creating default Discount Factor(type='DiscountRate', name=('USD-SOFR',))
INFO PLAT_JUL29 Observed_Scenario substituted 2 factor(s): ['CommodityPrice.PLATINUM_CME', 'ObservedBasis.PLATINUM_CME.LME_CME']
INFO PLAT_JUL29 liability scalars: total_leg_volume=2500.0 last_settlement_index=156
INFO PLAT_JUL29 utility_scale (symlog c) resolved to 605285.13
INFO PLAT_JUL29 DiffSolverV2 setup: n_hedge=3 active=[0, 1, 2] T_dec=127 (of 129 sim steps; last-live mtm=[-2]) B_outer=1 levels=9 fit_iters=60 lr=0.002 | contract_size=[50.0, 50.0, 50.0] | q∈[[-50.0, -50.0, -50.0], [0.0, 0.0, 0.0]] total_abs_limit=50
INFO PLAT_JUL29 DiffSolverV2 inner forks: one_step=True (window {t, t+1} generation+pricing)
INFO PLAT_JUL29 DiffSolverV2 bank IN Total_Position_Schedule (post-projection): residual frac(Σq outside corridor) min=0.000 mean=0.000 max=0.000 | worst t=0 corridor=[-50, -20] bank Σq∈[-29.95, -29.95] frac_oob=0.000 (≈0 ⇒ projection clean)
INFO PLAT_JUL29 DiffSolverV2 bank: market_dim=6 | swept W∈[-2.398e+05, 1.227e+05] mean=-1.172e+05 std=1.007e+05 | q_rep(t=0)=[0.0, 0.0, 0.0]
INFO PLAT_JUL29 DiffV2_Load_Value_Fn: /home/vretiel/PycharmProjects/riskflow/artifacts/walk_forward/reval48_corridor/run_b060/value_fn_202305_garch_s7.pt trained corridor-free (widest wealth support); rolling under a Total_Position_Schedule only restricts to a learned subset — valid.
INFO PLAT_JUL29 DiffSolverV2 LOADED value fn from /home/vretiel/PycharmProjects/riskflow/artifacts/walk_forward/reval48_corridor/run_b060/value_fn_202305_garch_s7.pt (train V_0=-0.262493) | eval-world market drift vs train frame: max 0.415 σ | utility_scale 950250
INFO PLAT_JUL29 DiffV2_Load_Value_Fn: /home/vretiel/PycharmProjects/riskflow/artifacts/walk_forward/reval48_corridor/run_b060/value_fn_202305_garch_s42.pt trained corridor-free (widest wealth support); rolling under a Total_Position_Schedule only restricts to a learned subset — valid.
INFO PLAT_JUL29 DiffSolverV2 LOADED value fn from /home/vretiel/PycharmProjects/riskflow/artifacts/walk_forward/reval48_corridor/run_b060/value_fn_202305_garch_s42.pt (train V_0=-0.233866) | eval-world market drift vs train frame: max 0.436 σ | utility_scale 946139
INFO PLAT_JUL29 DiffV2_Load_Value_Fn: /home/vretiel/PycharmProjects/riskflow/artifacts/walk_forward/reval48_corridor/run_b060/value_fn_202305_garch_s314.pt trained corridor-free (widest wealth support); rolling under a Total_Position_Schedule only restricts to a learned subset — valid.
INFO PLAT_JUL29 DiffSolverV2 LOADED value fn from /home/vretiel/PycharmProjects/riskflow/artifacts/walk_forward/reval48_corridor/run_b060/value_fn_202305_garch_s314.pt (train V_0=-0.192176) | eval-world market drift vs train frame: max 0.474 σ | utility_scale 983717
WARNING PLAT_JUL29 DiffSolverV2 ensemble utility_scale spread 3.82% — members trained against different anchors; averaging is approximate
INFO PLAT_JUL29 DiffSolverV2 action grid: K=165 actions (levels=9 ^ active=3)
INFO PLAT_JUL29 DiffSolverV2 ENSEMBLE argmax over 3 value fns
INFO PLAT_JUL29 DiffSolverV2 STEPPER ROLLOUT (frozen policy, realized path, real accounting):
  greedy   wT=+1.1486e+05 p5=+1.1486e+05 cvar5=+1.1486e+05
  textbook wT=-1.7590e+05 p5=-1.7590e+05 cvar5=-1.7590e+05
  nohedge  wT=-3.5462e+05 p5=-3.5462e+05 cvar5=-3.5462e+05
INFO PLAT_JUL29 DiffSolverV2 VERDICT (OUT-OF-SAMPLE rollout t=0→T over 1 outer paths, start flat):
  policy    u(W_T)mean    W_T mean       W_T p5         W_T CVaR5
  greedy    -0.00544    -5.0650e+03   -5.0650e+03   -5.0650e+03
  textbook  -0.43003    -1.8918e+05   -1.8918e+05   -1.8918e+05
  nohedge   -1.21018    -3.5851e+05   -3.5851e+05   -3.5851e+05
  → on the OBJECTIVE E[u(W_T)]: beats no-hedge=True, beats textbook=True | tail(CVaR5) competitive w/ textbook=True
INFO PLAT_JUL29 DiffSolverV2 greedy positions: mean|q| per instrument=['4.97', '19.49', '6.89'] | q@t0=[0.0, 0.0, -25.0] | q@mid=[0.0, -25.0, 0.0] (textbook q@t0=[0.0, 0.0, 0.0])
INFO PLAT_JUL29 solve_hedge tracks: {'DiffSolverV2': -0.2625} | ladder holds=True
INFO PLAT_JUL29 JOB 202305 b0.60 DONE: greedy=45.95 nohedge=-141.85 bound=590.67 PASS=True churn=450.0 breaches=0(worst=0)
INFO PLAT_JUL29 === JOB 202306 band=0.60 md=md_202306_fresh_garch.json trade_date=2023-06-01 (EVAL-ONLY re-roll) ===
INFO PLAT_JUL29 === TRAIN 202306 seed=7 SKIP (checkpoint exists) ===
INFO PLAT_JUL29 === TRAIN 202306 seed=42 SKIP (checkpoint exists) ===
INFO PLAT_JUL29 === TRAIN 202306 seed=314 SKIP (checkpoint exists) ===
INFO PLAT_JUL29 === ROLL 202306 (stepper, realized path, 3-seed ensemble, inner=512) ===
WARNING md_202306_fresh_garch Price Factor 'DiscountRate.USD-SOFR' not found in market data
INFO md_202306_fresh_garch Creating default Discount Factor(type='DiscountRate', name=('USD-SOFR',))
INFO PLAT_JUL29 Observed_Scenario substituted 2 factor(s): ['CommodityPrice.PLATINUM_CME', 'ObservedBasis.PLATINUM_CME.LME_CME']
INFO PLAT_JUL29 liability scalars: total_leg_volume=2500.0 last_settlement_index=155
INFO PLAT_JUL29 utility_scale (symlog c) resolved to 480883.87
INFO PLAT_JUL29 DiffSolverV2 setup: n_hedge=3 active=[0, 1, 2] T_dec=126 (of 128 sim steps; last-live mtm=[-2]) B_outer=1 levels=9 fit_iters=60 lr=0.002 | contract_size=[50.0, 50.0, 50.0] | q∈[[-50.0, -50.0, -50.0], [0.0, 0.0, 0.0]] total_abs_limit=50
INFO PLAT_JUL29 DiffSolverV2 inner forks: one_step=True (window {t, t+1} generation+pricing)
INFO PLAT_JUL29 DiffSolverV2 bank IN Total_Position_Schedule (post-projection): residual frac(Σq outside corridor) min=0.000 mean=0.000 max=0.000 | worst t=0 corridor=[-50, -20] bank Σq∈[-29.95, -29.95] frac_oob=0.000 (≈0 ⇒ projection clean)
INFO PLAT_JUL29 DiffSolverV2 bank: market_dim=6 | swept W∈[-1.664e+05, 8.975e+04] mean=-8.04e+04 std=6.217e+04 | q_rep(t=0)=[0.0, 0.0, 0.0]
INFO PLAT_JUL29 DiffV2_Load_Value_Fn: /home/vretiel/PycharmProjects/riskflow/artifacts/walk_forward/reval48_corridor/run_b060/value_fn_202306_garch_s7.pt trained corridor-free (widest wealth support); rolling under a Total_Position_Schedule only restricts to a learned subset — valid.
INFO PLAT_JUL29 DiffSolverV2 LOADED value fn from /home/vretiel/PycharmProjects/riskflow/artifacts/walk_forward/reval48_corridor/run_b060/value_fn_202306_garch_s7.pt (train V_0=-0.508333) | eval-world market drift vs train frame: max 0.548 σ | utility_scale 822530
INFO PLAT_JUL29 DiffV2_Load_Value_Fn: /home/vretiel/PycharmProjects/riskflow/artifacts/walk_forward/reval48_corridor/run_b060/value_fn_202306_garch_s42.pt trained corridor-free (widest wealth support); rolling under a Total_Position_Schedule only restricts to a learned subset — valid.
INFO PLAT_JUL29 DiffSolverV2 LOADED value fn from /home/vretiel/PycharmProjects/riskflow/artifacts/walk_forward/reval48_corridor/run_b060/value_fn_202306_garch_s42.pt (train V_0=-0.500633) | eval-world market drift vs train frame: max 0.444 σ | utility_scale 818412
INFO PLAT_JUL29 DiffV2_Load_Value_Fn: /home/vretiel/PycharmProjects/riskflow/artifacts/walk_forward/reval48_corridor/run_b060/value_fn_202306_garch_s314.pt trained corridor-free (widest wealth support); rolling under a Total_Position_Schedule only restricts to a learned subset — valid.
INFO PLAT_JUL29 DiffSolverV2 LOADED value fn from /home/vretiel/PycharmProjects/riskflow/artifacts/walk_forward/reval48_corridor/run_b060/value_fn_202306_garch_s314.pt (train V_0=-0.457701) | eval-world market drift vs train frame: max 0.532 σ | utility_scale 840630
WARNING PLAT_JUL29 DiffSolverV2 ensemble utility_scale spread 2.64% — members trained against different anchors; averaging is approximate
INFO PLAT_JUL29 DiffSolverV2 action grid: K=165 actions (levels=9 ^ active=3)
INFO PLAT_JUL29 DiffSolverV2 ENSEMBLE argmax over 3 value fns
INFO PLAT_JUL29 DiffSolverV2 STEPPER ROLLOUT (frozen policy, realized path, real accounting):
  greedy   wT=+2.2289e+04 p5=+2.2289e+04 cvar5=+2.2289e+04
  textbook wT=-1.1550e+05 p5=-1.1550e+05 cvar5=-1.1550e+05
  nohedge  wT=-2.0220e+05 p5=-2.0220e+05 cvar5=-2.0220e+05
INFO PLAT_JUL29 DiffSolverV2 VERDICT (OUT-OF-SAMPLE rollout t=0→T over 1 outer paths, start flat):
  policy    u(W_T)mean    W_T mean       W_T p5         W_T CVaR5
  greedy    +0.09258    +7.6583e+04   +7.6583e+04   +7.6583e+04
  textbook  -0.29577    -1.2723e+05   -1.2723e+05   -1.2723e+05
  nohedge   -0.61723    -2.0519e+05   -2.0519e+05   -2.0519e+05
  → on the OBJECTIVE E[u(W_T)]: beats no-hedge=True, beats textbook=True | tail(CVaR5) competitive w/ textbook=True
INFO PLAT_JUL29 DiffSolverV2 greedy positions: mean|q| per instrument=['11.90', '0.60', '22.67'] | q@t0=[-25.0, 0.0, 0.0] | q@mid=[0.0, 0.0, -50.0] (textbook q@t0=[0.0, 0.0, 0.0])
INFO PLAT_JUL29 solve_hedge tracks: {'DiffSolverV2': -0.5083} | ladder holds=True
INFO PLAT_JUL29 JOB 202306 b0.60 DONE: greedy=8.92 nohedge=-80.88 bound=559.36 PASS=True churn=250.0 breaches=0(worst=0)
INFO PLAT_JUL29 === JOB 202307 band=0.60 md=md_202307_garch.json trade_date=2023-07-03 (EVAL-ONLY re-roll) ===
INFO PLAT_JUL29 === TRAIN 202307 seed=7 SKIP (checkpoint exists) ===
INFO PLAT_JUL29 === TRAIN 202307 seed=42 SKIP (checkpoint exists) ===
INFO PLAT_JUL29 === TRAIN 202307 seed=314 SKIP (checkpoint exists) ===
INFO PLAT_JUL29 === ROLL 202307 (stepper, realized path, 3-seed ensemble, inner=512) ===
WARNING md_202307_garch Price Factor 'DiscountRate.USD-SOFR' not found in market data
INFO md_202307_garch Creating default Discount Factor(type='DiscountRate', name=('USD-SOFR',))
INFO PLAT_JUL29 Observed_Scenario substituted 2 factor(s): ['CommodityPrice.PLATINUM_CME', 'ObservedBasis.PLATINUM_CME.LME_CME']
INFO PLAT_JUL29 liability scalars: total_leg_volume=2500.0 last_settlement_index=154
INFO PLAT_JUL29 utility_scale (symlog c) resolved to 373351.15
INFO PLAT_JUL29 DiffSolverV2 setup: n_hedge=3 active=[0, 1, 2] T_dec=125 (of 127 sim steps; last-live mtm=[-2]) B_outer=1 levels=9 fit_iters=60 lr=0.002 | contract_size=[50.0, 50.0, 50.0] | q∈[[-50.0, -50.0, -50.0], [0.0, 0.0, 0.0]] total_abs_limit=50
INFO PLAT_JUL29 DiffSolverV2 inner forks: one_step=True (window {t, t+1} generation+pricing)
INFO PLAT_JUL29 DiffSolverV2 bank IN Total_Position_Schedule (post-projection): residual frac(Σq outside corridor) min=0.000 mean=0.000 max=0.000 | worst t=0 corridor=[-50, -20] bank Σq∈[-29.95, -29.95] frac_oob=0.000 (≈0 ⇒ projection clean)
INFO PLAT_JUL29 DiffSolverV2 bank: market_dim=6 | swept W∈[-1.093e+05, 1.549e+05] mean=1.804e+04 std=6.956e+04 | q_rep(t=0)=[0.0, 0.0, 0.0]
INFO PLAT_JUL29 DiffV2_Load_Value_Fn: /home/vretiel/PycharmProjects/riskflow/artifacts/walk_forward/reval48_corridor/run_b060/value_fn_202307_garch_s7.pt trained corridor-free (widest wealth support); rolling under a Total_Position_Schedule only restricts to a learned subset — valid.
INFO PLAT_JUL29 DiffSolverV2 LOADED value fn from /home/vretiel/PycharmProjects/riskflow/artifacts/walk_forward/reval48_corridor/run_b060/value_fn_202307_garch_s7.pt (train V_0=-0.568251) | eval-world market drift vs train frame: max 0.917 σ | utility_scale 669465
INFO PLAT_JUL29 DiffV2_Load_Value_Fn: /home/vretiel/PycharmProjects/riskflow/artifacts/walk_forward/reval48_corridor/run_b060/value_fn_202307_garch_s42.pt trained corridor-free (widest wealth support); rolling under a Total_Position_Schedule only restricts to a learned subset — valid.
INFO PLAT_JUL29 DiffSolverV2 LOADED value fn from /home/vretiel/PycharmProjects/riskflow/artifacts/walk_forward/reval48_corridor/run_b060/value_fn_202307_garch_s42.pt (train V_0=-0.537959) | eval-world market drift vs train frame: max 0.965 σ | utility_scale 682429
INFO PLAT_JUL29 DiffV2_Load_Value_Fn: /home/vretiel/PycharmProjects/riskflow/artifacts/walk_forward/reval48_corridor/run_b060/value_fn_202307_garch_s314.pt trained corridor-free (widest wealth support); rolling under a Total_Position_Schedule only restricts to a learned subset — valid.
INFO PLAT_JUL29 DiffSolverV2 LOADED value fn from /home/vretiel/PycharmProjects/riskflow/artifacts/walk_forward/reval48_corridor/run_b060/value_fn_202307_garch_s314.pt (train V_0=-0.494648) | eval-world market drift vs train frame: max 0.96 σ | utility_scale 687619
WARNING PLAT_JUL29 DiffSolverV2 ensemble utility_scale spread 2.64% — members trained against different anchors; averaging is approximate
INFO PLAT_JUL29 DiffSolverV2 action grid: K=165 actions (levels=9 ^ active=3)
INFO PLAT_JUL29 DiffSolverV2 ENSEMBLE argmax over 3 value fns
INFO PLAT_JUL29 DiffSolverV2 STEPPER ROLLOUT (frozen policy, realized path, real accounting):
  greedy   wT=-8.8183e+03 p5=-8.8183e+03 cvar5=-8.8183e+03
  textbook wT=-1.2656e+04 p5=-1.2656e+04 cvar5=-1.2656e+04
  nohedge  wT=-2.5465e+04 p5=-2.5465e+04 cvar5=-2.5465e+04
INFO PLAT_JUL29 DiffSolverV2 VERDICT (OUT-OF-SAMPLE rollout t=0→T over 1 outer paths, start flat):
  policy    u(W_T)mean    W_T mean       W_T p5         W_T CVaR5
  greedy    -0.02424    -1.4600e+04   -1.4600e+04   -1.4600e+04
  textbook  -0.02328    -1.4080e+04   -1.4080e+04   -1.4080e+04
  nohedge   -0.05319    -2.8827e+04   -2.8827e+04   -2.8827e+04
  → on the OBJECTIVE E[u(W_T)]: beats no-hedge=True, beats textbook=False | tail(CVaR5) competitive w/ textbook=True
INFO PLAT_JUL29 DiffSolverV2 greedy positions: mean|q| per instrument=['8.80', '0.80', '35.10'] | q@t0=[-25.0, 0.0, 0.0] | q@mid=[0.0, 0.0, -50.0] (textbook q@t0=[0.0, 0.0, 0.0])
INFO PLAT_JUL29 solve_hedge tracks: {'DiffSolverV2': -0.5683} | ladder holds=True
INFO PLAT_JUL29 JOB 202307 b0.60 DONE: greedy=-3.53 nohedge=-10.19 bound=456.39 PASS=True churn=250.0 breaches=0(worst=0)
INFO PLAT_JUL29 === JOB 202308 band=0.60 md=md_202307_garch.json trade_date=2023-08-01 (EVAL-ONLY re-roll) ===
INFO PLAT_JUL29 === TRAIN 202308 seed=7 SKIP (checkpoint exists) ===
INFO PLAT_JUL29 === TRAIN 202308 seed=42 SKIP (checkpoint exists) ===
INFO PLAT_JUL29 === TRAIN 202308 seed=314 SKIP (checkpoint exists) ===
INFO PLAT_JUL29 === ROLL 202308 (stepper, realized path, 3-seed ensemble, inner=512) ===
WARNING md_202307_garch Price Factor 'DiscountRate.USD-SOFR' not found in market data
INFO md_202307_garch Creating default Discount Factor(type='DiscountRate', name=('USD-SOFR',))
INFO PLAT_JUL29 Observed_Scenario substituted 2 factor(s): ['CommodityPrice.PLATINUM_CME', 'ObservedBasis.PLATINUM_CME.LME_CME']
INFO PLAT_JUL29 liability scalars: total_leg_volume=2500.0 last_settlement_index=155
INFO PLAT_JUL29 utility_scale (symlog c) resolved to 426937.82
INFO PLAT_JUL29 DiffSolverV2 setup: n_hedge=3 active=[0, 1, 2] T_dec=126 (of 128 sim steps; last-live mtm=[-2]) B_outer=1 levels=9 fit_iters=60 lr=0.002 | contract_size=[50.0, 50.0, 50.0] | q∈[[-50.0, -50.0, -50.0], [0.0, 0.0, 0.0]] total_abs_limit=50
INFO PLAT_JUL29 DiffSolverV2 inner forks: one_step=True (window {t, t+1} generation+pricing)
INFO PLAT_JUL29 DiffSolverV2 bank IN Total_Position_Schedule (post-projection): residual frac(Σq outside corridor) min=0.000 mean=0.000 max=0.000 | worst t=0 corridor=[-50, -20] bank Σq∈[-29.95, -29.95] frac_oob=0.000 (≈0 ⇒ projection clean)
INFO PLAT_JUL29 DiffSolverV2 bank: market_dim=6 | swept W∈[-1.123e+05, 9.623e+04] mean=-2.12e+04 std=4.211e+04 | q_rep(t=0)=[0.0, 0.0, 0.0]
INFO PLAT_JUL29 DiffV2_Load_Value_Fn: /home/vretiel/PycharmProjects/riskflow/artifacts/walk_forward/reval48_corridor/run_b060/value_fn_202308_garch_s7.pt trained corridor-free (widest wealth support); rolling under a Total_Position_Schedule only restricts to a learned subset — valid.
INFO PLAT_JUL29 DiffSolverV2 LOADED value fn from /home/vretiel/PycharmProjects/riskflow/artifacts/walk_forward/reval48_corridor/run_b060/value_fn_202308_garch_s7.pt (train V_0=-0.445378) | eval-world market drift vs train frame: max 1.32 σ | utility_scale 725727
INFO PLAT_JUL29 DiffV2_Load_Value_Fn: /home/vretiel/PycharmProjects/riskflow/artifacts/walk_forward/reval48_corridor/run_b060/value_fn_202308_garch_s42.pt trained corridor-free (widest wealth support); rolling under a Total_Position_Schedule only restricts to a learned subset — valid.
INFO PLAT_JUL29 DiffSolverV2 LOADED value fn from /home/vretiel/PycharmProjects/riskflow/artifacts/walk_forward/reval48_corridor/run_b060/value_fn_202308_garch_s42.pt (train V_0=-0.452722) | eval-world market drift vs train frame: max 1.21 σ | utility_scale 715873
INFO PLAT_JUL29 DiffV2_Load_Value_Fn: /home/vretiel/PycharmProjects/riskflow/artifacts/walk_forward/reval48_corridor/run_b060/value_fn_202308_garch_s314.pt trained corridor-free (widest wealth support); rolling under a Total_Position_Schedule only restricts to a learned subset — valid.
INFO PLAT_JUL29 DiffSolverV2 LOADED value fn from /home/vretiel/PycharmProjects/riskflow/artifacts/walk_forward/reval48_corridor/run_b060/value_fn_202308_garch_s314.pt (train V_0=-0.412681) | eval-world market drift vs train frame: max 1.32 σ | utility_scale 733121
WARNING PLAT_JUL29 DiffSolverV2 ensemble utility_scale spread 2.35% — members trained against different anchors; averaging is approximate
INFO PLAT_JUL29 DiffSolverV2 action grid: K=165 actions (levels=9 ^ active=3)
INFO PLAT_JUL29 DiffSolverV2 ENSEMBLE argmax over 3 value fns
INFO PLAT_JUL29 DiffSolverV2 STEPPER ROLLOUT (frozen policy, realized path, real accounting):
  greedy   wT=+9.6030e+04 p5=+9.6030e+04 cvar5=+9.6030e+04
  textbook wT=-3.1451e+04 p5=-3.1451e+04 cvar5=-3.1451e+04
  nohedge  wT=-7.0888e+04 p5=-7.0888e+04 cvar5=-7.0888e+04
INFO PLAT_JUL29 DiffSolverV2 VERDICT (OUT-OF-SAMPLE rollout t=0→T over 1 outer paths, start flat):
  policy    u(W_T)mean    W_T mean       W_T p5         W_T CVaR5
  greedy    +0.11981    +8.6853e+04   +8.6853e+04   +8.6853e+04
  textbook  -0.06899    -3.8036e+04   -3.8036e+04   -3.8036e+04
  nohedge   -0.16449    -7.3963e+04   -7.3963e+04   -7.3963e+04
  → on the OBJECTIVE E[u(W_T)]: beats no-hedge=True, beats textbook=True | tail(CVaR5) competitive w/ textbook=True
INFO PLAT_JUL29 DiffSolverV2 greedy positions: mean|q| per instrument=['0.00', '26.34', '16.57'] | q@t0=[0.0, -50.0, 0.0] | q@mid=[0.0, -50.0, 0.0] (textbook q@t0=[0.0, 0.0, 0.0])
INFO PLAT_JUL29 solve_hedge tracks: {'DiffSolverV2': -0.4454} | ladder holds=True
INFO PLAT_JUL29 JOB 202308 b0.60 DONE: greedy=38.41 nohedge=-28.36 bound=535.92 PASS=True churn=275.0 breaches=0(worst=0)
INFO PLAT_JUL29 === JOB 202309 band=0.60 md=md_202309_fresh_garch.json trade_date=2023-09-01 (EVAL-ONLY re-roll) ===
INFO PLAT_JUL29 === TRAIN 202309 seed=7 SKIP (checkpoint exists) ===
INFO PLAT_JUL29 === TRAIN 202309 seed=42 SKIP (checkpoint exists) ===
INFO PLAT_JUL29 === TRAIN 202309 seed=314 SKIP (checkpoint exists) ===
INFO PLAT_JUL29 === ROLL 202309 (stepper, realized path, 3-seed ensemble, inner=512) ===
WARNING md_202309_fresh_garch Price Factor 'DiscountRate.USD-SOFR' not found in market data
INFO md_202309_fresh_garch Creating default Discount Factor(type='DiscountRate', name=('USD-SOFR',))
INFO PLAT_JUL29 Observed_Scenario substituted 2 factor(s): ['CommodityPrice.PLATINUM_CME', 'ObservedBasis.PLATINUM_CME.LME_CME']
INFO PLAT_JUL29 liability scalars: total_leg_volume=2500.0 last_settlement_index=155
INFO PLAT_JUL29 utility_scale (symlog c) resolved to 332736.96
INFO PLAT_JUL29 DiffSolverV2 setup: n_hedge=3 active=[0, 1, 2] T_dec=126 (of 128 sim steps; last-live mtm=[-2]) B_outer=1 levels=9 fit_iters=60 lr=0.002 | contract_size=[50.0, 50.0, 50.0] | q∈[[-50.0, -50.0, -50.0], [0.0, 0.0, 0.0]] total_abs_limit=50
INFO PLAT_JUL29 DiffSolverV2 inner forks: one_step=True (window {t, t+1} generation+pricing)
INFO PLAT_JUL29 DiffSolverV2 bank IN Total_Position_Schedule (post-projection): residual frac(Σq outside corridor) min=0.000 mean=0.000 max=0.000 | worst t=0 corridor=[-50, -20] bank Σq∈[-29.95, -29.95] frac_oob=0.000 (≈0 ⇒ projection clean)
INFO PLAT_JUL29 DiffSolverV2 bank: market_dim=6 | swept W∈[-2.309e+05, 1.958e+04] mean=-8.66e+04 std=5.103e+04 | q_rep(t=0)=[0.0, 0.0, 0.0]
INFO PLAT_JUL29 DiffV2_Load_Value_Fn: /home/vretiel/PycharmProjects/riskflow/artifacts/walk_forward/reval48_corridor/run_b060/value_fn_202309_garch_s7.pt trained corridor-free (widest wealth support); rolling under a Total_Position_Schedule only restricts to a learned subset — valid.
INFO PLAT_JUL29 DiffSolverV2 LOADED value fn from /home/vretiel/PycharmProjects/riskflow/artifacts/walk_forward/reval48_corridor/run_b060/value_fn_202309_garch_s7.pt (train V_0=-0.738597) | eval-world market drift vs train frame: max 0.559 σ | utility_scale 638152
INFO PLAT_JUL29 DiffV2_Load_Value_Fn: /home/vretiel/PycharmProjects/riskflow/artifacts/walk_forward/reval48_corridor/run_b060/value_fn_202309_garch_s42.pt trained corridor-free (widest wealth support); rolling under a Total_Position_Schedule only restricts to a learned subset — valid.
INFO PLAT_JUL29 DiffSolverV2 LOADED value fn from /home/vretiel/PycharmProjects/riskflow/artifacts/walk_forward/reval48_corridor/run_b060/value_fn_202309_garch_s42.pt (train V_0=-0.737914) | eval-world market drift vs train frame: max 0.48 σ | utility_scale 632061
INFO PLAT_JUL29 DiffV2_Load_Value_Fn: /home/vretiel/PycharmProjects/riskflow/artifacts/walk_forward/reval48_corridor/run_b060/value_fn_202309_garch_s314.pt trained corridor-free (widest wealth support); rolling under a Total_Position_Schedule only restricts to a learned subset — valid.
INFO PLAT_JUL29 DiffSolverV2 LOADED value fn from /home/vretiel/PycharmProjects/riskflow/artifacts/walk_forward/reval48_corridor/run_b060/value_fn_202309_garch_s314.pt (train V_0=-0.674847) | eval-world market drift vs train frame: max 0.549 σ | utility_scale 653313
WARNING PLAT_JUL29 DiffSolverV2 ensemble utility_scale spread 3.25% — members trained against different anchors; averaging is approximate
INFO PLAT_JUL29 DiffSolverV2 action grid: K=165 actions (levels=9 ^ active=3)
INFO PLAT_JUL29 DiffSolverV2 ENSEMBLE argmax over 3 value fns
INFO PLAT_JUL29 DiffSolverV2 STEPPER ROLLOUT (frozen policy, realized path, real accounting):
  greedy   wT=-8.1358e+04 p5=-8.1358e+04 cvar5=-8.1358e+04
  textbook wT=-3.3701e+04 p5=-3.3701e+04 cvar5=-3.3701e+04
  nohedge  wT=-8.1363e+04 p5=-8.1363e+04 cvar5=-8.1363e+04
INFO PLAT_JUL29 DiffSolverV2 VERDICT (OUT-OF-SAMPLE rollout t=0→T over 1 outer paths, start flat):
  policy    u(W_T)mean    W_T mean       W_T p5         W_T CVaR5
  greedy    -0.28056    -9.5156e+04   -9.5156e+04   -9.5156e+04
  textbook  -0.08712    -4.0505e+04   -4.0505e+04   -4.0505e+04
  nohedge   -0.23584    -8.4460e+04   -8.4460e+04   -8.4460e+04
  → on the OBJECTIVE E[u(W_T)]: beats no-hedge=False, beats textbook=False | tail(CVaR5) competitive w/ textbook=False
INFO PLAT_JUL29 DiffSolverV2 greedy positions: mean|q| per instrument=['0.00', '12.50', '22.52'] | q@t0=[0.0, -25.0, 0.0] | q@mid=[0.0, 0.0, -50.0] (textbook q@t0=[0.0, 0.0, 0.0])
INFO PLAT_JUL29 solve_hedge tracks: {'DiffSolverV2': -0.7386} | ladder holds=True
INFO PLAT_JUL29 JOB 202309 b0.60 DONE: greedy=-32.54 nohedge=-32.55 bound=548.63 PASS=True churn=250.0 breaches=0(worst=0)
INFO PLAT_JUL29 === JOB 202310 band=0.60 md=md_202310_garch.json trade_date=2023-10-02 (EVAL-ONLY re-roll) ===
INFO PLAT_JUL29 === TRAIN 202310 seed=7 SKIP (checkpoint exists) ===
INFO PLAT_JUL29 === TRAIN 202310 seed=42 SKIP (checkpoint exists) ===
INFO PLAT_JUL29 === TRAIN 202310 seed=314 SKIP (checkpoint exists) ===
INFO PLAT_JUL29 === ROLL 202310 (stepper, realized path, 3-seed ensemble, inner=512) ===
WARNING md_202310_garch Price Factor 'DiscountRate.USD-SOFR' not found in market data
INFO md_202310_garch Creating default Discount Factor(type='DiscountRate', name=('USD-SOFR',))
INFO PLAT_JUL29 Observed_Scenario substituted 2 factor(s): ['CommodityPrice.PLATINUM_CME', 'ObservedBasis.PLATINUM_CME.LME_CME']
INFO PLAT_JUL29 liability scalars: total_leg_volume=2500.0 last_settlement_index=155
INFO PLAT_JUL29 utility_scale (symlog c) resolved to 444932.28
INFO PLAT_JUL29 DiffSolverV2 setup: n_hedge=3 active=[0, 1, 2] T_dec=126 (of 128 sim steps; last-live mtm=[-2]) B_outer=1 levels=9 fit_iters=60 lr=0.002 | contract_size=[50.0, 50.0, 50.0] | q∈[[-50.0, -50.0, -50.0], [0.0, 0.0, 0.0]] total_abs_limit=50
INFO PLAT_JUL29 DiffSolverV2 inner forks: one_step=True (window {t, t+1} generation+pricing)
INFO PLAT_JUL29 DiffSolverV2 bank IN Total_Position_Schedule (post-projection): residual frac(Σq outside corridor) min=0.000 mean=0.000 max=0.000 | worst t=0 corridor=[-50, -20] bank Σq∈[-29.95, -29.95] frac_oob=0.000 (≈0 ⇒ projection clean)
INFO PLAT_JUL29 DiffSolverV2 bank: market_dim=6 | swept W∈[-1.136e+05, 1.432e+05] mean=2906 std=4.993e+04 | q_rep(t=0)=[0.0, 0.0, 0.0]
INFO PLAT_JUL29 DiffV2_Load_Value_Fn: /home/vretiel/PycharmProjects/riskflow/artifacts/walk_forward/reval48_corridor/run_b060/value_fn_202310_garch_s7.pt trained corridor-free (widest wealth support); rolling under a Total_Position_Schedule only restricts to a learned subset — valid.
INFO PLAT_JUL29 DiffSolverV2 LOADED value fn from /home/vretiel/PycharmProjects/riskflow/artifacts/walk_forward/reval48_corridor/run_b060/value_fn_202310_garch_s7.pt (train V_0=-0.886037) | eval-world market drift vs train frame: max 0.655 σ | utility_scale 682319
INFO PLAT_JUL29 DiffV2_Load_Value_Fn: /home/vretiel/PycharmProjects/riskflow/artifacts/walk_forward/reval48_corridor/run_b060/value_fn_202310_garch_s42.pt trained corridor-free (widest wealth support); rolling under a Total_Position_Schedule only restricts to a learned subset — valid.
INFO PLAT_JUL29 DiffSolverV2 LOADED value fn from /home/vretiel/PycharmProjects/riskflow/artifacts/walk_forward/reval48_corridor/run_b060/value_fn_202310_garch_s42.pt (train V_0=-0.878322) | eval-world market drift vs train frame: max 0.726 σ | utility_scale 677222
INFO PLAT_JUL29 DiffV2_Load_Value_Fn: /home/vretiel/PycharmProjects/riskflow/artifacts/walk_forward/reval48_corridor/run_b060/value_fn_202310_garch_s314.pt trained corridor-free (widest wealth support); rolling under a Total_Position_Schedule only restricts to a learned subset — valid.
INFO PLAT_JUL29 DiffSolverV2 LOADED value fn from /home/vretiel/PycharmProjects/riskflow/artifacts/walk_forward/reval48_corridor/run_b060/value_fn_202310_garch_s314.pt (train V_0=-0.817462) | eval-world market drift vs train frame: max 0.709 σ | utility_scale 691796
WARNING PLAT_JUL29 DiffSolverV2 ensemble utility_scale spread 2.11% — members trained against different anchors; averaging is approximate
INFO PLAT_JUL29 DiffSolverV2 action grid: K=165 actions (levels=9 ^ active=3)
INFO PLAT_JUL29 DiffSolverV2 ENSEMBLE argmax over 3 value fns
INFO PLAT_JUL29 DiffSolverV2 STEPPER ROLLOUT (frozen policy, realized path, real accounting):
  greedy   wT=+7.6813e+04 p5=+7.6813e+04 cvar5=+7.6813e+04
  textbook wT=-1.0437e+04 p5=-1.0437e+04 cvar5=-1.0437e+04
  nohedge  wT=+5.2613e+04 p5=+5.2613e+04 cvar5=+5.2613e+04
INFO PLAT_JUL29 DiffSolverV2 VERDICT (OUT-OF-SAMPLE rollout t=0→T over 1 outer paths, start flat):
  policy    u(W_T)mean    W_T mean       W_T p5         W_T CVaR5
  greedy    +0.15237    +1.0419e+05   +1.0419e+05   +1.0419e+05
  textbook  -0.01694    -1.0599e+04   -1.0599e+04   -1.0599e+04
  nohedge   +0.07238    +4.9495e+04   +4.9495e+04   +4.9495e+04
  → on the OBJECTIVE E[u(W_T)]: beats no-hedge=True, beats textbook=True | tail(CVaR5) competitive w/ textbook=True
INFO PLAT_JUL29 DiffSolverV2 greedy positions: mean|q| per instrument=['0.00', '6.55', '34.77'] | q@t0=[0.0, -25.0, 0.0] | q@mid=[0.0, 0.0, -50.0] (textbook q@t0=[0.0, 0.0, 0.0])
INFO PLAT_JUL29 solve_hedge tracks: {'DiffSolverV2': -0.886} | ladder holds=True
INFO PLAT_JUL29 JOB 202310 b0.60 DONE: greedy=30.73 nohedge=21.05 bound=516.71 PASS=True churn=250.0 breaches=0(worst=0)
INFO PLAT_JUL29 === JOB 202311 band=0.60 md=md_202310_garch.json trade_date=2023-11-01 (EVAL-ONLY re-roll) ===
INFO PLAT_JUL29 === TRAIN 202311 seed=7 SKIP (checkpoint exists) ===
INFO PLAT_JUL29 === TRAIN 202311 seed=42 SKIP (checkpoint exists) ===
INFO PLAT_JUL29 === TRAIN 202311 seed=314 SKIP (checkpoint exists) ===
INFO PLAT_JUL29 === ROLL 202311 (stepper, realized path, 3-seed ensemble, inner=512) ===
WARNING md_202310_garch Price Factor 'DiscountRate.USD-SOFR' not found in market data
INFO md_202310_garch Creating default Discount Factor(type='DiscountRate', name=('USD-SOFR',))
INFO PLAT_JUL29 Observed_Scenario substituted 2 factor(s): ['CommodityPrice.PLATINUM_CME', 'ObservedBasis.PLATINUM_CME.LME_CME']
INFO PLAT_JUL29 liability scalars: total_leg_volume=2500.0 last_settlement_index=154
INFO PLAT_JUL29 utility_scale (symlog c) resolved to 378213.28
INFO PLAT_JUL29 DiffSolverV2 setup: n_hedge=3 active=[0, 1, 2] T_dec=125 (of 127 sim steps; last-live mtm=[-2]) B_outer=1 levels=9 fit_iters=60 lr=0.002 | contract_size=[50.0, 50.0, 50.0] | q∈[[-50.0, -50.0, -50.0], [0.0, 0.0, 0.0]] total_abs_limit=50
INFO PLAT_JUL29 DiffSolverV2 inner forks: one_step=True (window {t, t+1} generation+pricing)
INFO PLAT_JUL29 DiffSolverV2 bank IN Total_Position_Schedule (post-projection): residual frac(Σq outside corridor) min=0.000 mean=0.000 max=0.000 | worst t=0 corridor=[-50, -20] bank Σq∈[-29.95, -29.95] frac_oob=0.000 (≈0 ⇒ projection clean)
INFO PLAT_JUL29 DiffSolverV2 bank: market_dim=6 | swept W∈[-1.099e+05, 1.468e+05] mean=-2045 std=5.416e+04 | q_rep(t=0)=[0.0, 0.0, 0.0]
INFO PLAT_JUL29 DiffV2_Load_Value_Fn: /home/vretiel/PycharmProjects/riskflow/artifacts/walk_forward/reval48_corridor/run_b060/value_fn_202311_garch_s7.pt trained corridor-free (widest wealth support); rolling under a Total_Position_Schedule only restricts to a learned subset — valid.
INFO PLAT_JUL29 DiffSolverV2 LOADED value fn from /home/vretiel/PycharmProjects/riskflow/artifacts/walk_forward/reval48_corridor/run_b060/value_fn_202311_garch_s7.pt (train V_0=-0.484022) | eval-world market drift vs train frame: max 0.965 σ | utility_scale 673652
INFO PLAT_JUL29 DiffV2_Load_Value_Fn: /home/vretiel/PycharmProjects/riskflow/artifacts/walk_forward/reval48_corridor/run_b060/value_fn_202311_garch_s42.pt trained corridor-free (widest wealth support); rolling under a Total_Position_Schedule only restricts to a learned subset — valid.
INFO PLAT_JUL29 DiffSolverV2 LOADED value fn from /home/vretiel/PycharmProjects/riskflow/artifacts/walk_forward/reval48_corridor/run_b060/value_fn_202311_garch_s42.pt (train V_0=-0.491087) | eval-world market drift vs train frame: max 0.864 σ | utility_scale 674918
INFO PLAT_JUL29 DiffV2_Load_Value_Fn: /home/vretiel/PycharmProjects/riskflow/artifacts/walk_forward/reval48_corridor/run_b060/value_fn_202311_garch_s314.pt trained corridor-free (widest wealth support); rolling under a Total_Position_Schedule only restricts to a learned subset — valid.
INFO PLAT_JUL29 DiffSolverV2 LOADED value fn from /home/vretiel/PycharmProjects/riskflow/artifacts/walk_forward/reval48_corridor/run_b060/value_fn_202311_garch_s314.pt (train V_0=-0.423238) | eval-world market drift vs train frame: max 0.955 σ | utility_scale 696391
WARNING PLAT_JUL29 DiffSolverV2 ensemble utility_scale spread 3.27% — members trained against different anchors; averaging is approximate
INFO PLAT_JUL29 DiffSolverV2 action grid: K=165 actions (levels=9 ^ active=3)
INFO PLAT_JUL29 DiffSolverV2 ENSEMBLE argmax over 3 value fns
INFO PLAT_JUL29 DiffSolverV2 STEPPER ROLLOUT (frozen policy, realized path, real accounting):
  greedy   wT=-3.3101e+03 p5=-3.3101e+03 cvar5=-3.3101e+03
  textbook wT=-4.7262e+04 p5=-4.7262e+04 cvar5=-4.7262e+04
  nohedge  wT=-7.7448e+04 p5=-7.7448e+04 cvar5=-7.7448e+04
INFO PLAT_JUL29 DiffSolverV2 VERDICT (OUT-OF-SAMPLE rollout t=0→T over 1 outer paths, start flat):
  policy    u(W_T)mean    W_T mean       W_T p5         W_T CVaR5
  greedy    -0.01899    -1.1732e+04   -1.1732e+04   -1.1732e+04
  textbook  -0.10530    -4.9879e+04   -4.9879e+04   -4.9879e+04
  nohedge   -0.20318    -8.0895e+04   -8.0895e+04   -8.0895e+04
  → on the OBJECTIVE E[u(W_T)]: beats no-hedge=True, beats textbook=True | tail(CVaR5) competitive w/ textbook=True
INFO PLAT_JUL29 DiffSolverV2 greedy positions: mean|q| per instrument=['0.00', '14.55', '18.05'] | q@t0=[0.0, -37.5, 0.0] | q@mid=[0.0, -31.25, 0.0] (textbook q@t0=[0.0, 0.0, 0.0])
INFO PLAT_JUL29 solve_hedge tracks: {'DiffSolverV2': -0.484} | ladder holds=True
INFO PLAT_JUL29 JOB 202311 b0.60 DONE: greedy=-1.32 nohedge=-30.98 bound=568.83 PASS=True churn=193.8 breaches=0(worst=0)
INFO PLAT_JUL29 === JOB 202312 band=0.60 md=md_202312_fresh_garch.json trade_date=2023-12-01 (EVAL-ONLY re-roll) ===
INFO PLAT_JUL29 === TRAIN 202312 seed=7 SKIP (checkpoint exists) ===
INFO PLAT_JUL29 === TRAIN 202312 seed=42 SKIP (checkpoint exists) ===
INFO PLAT_JUL29 === TRAIN 202312 seed=314 SKIP (checkpoint exists) ===
INFO PLAT_JUL29 === ROLL 202312 (stepper, realized path, 3-seed ensemble, inner=512) ===
WARNING md_202312_fresh_garch Price Factor 'DiscountRate.USD-SOFR' not found in market data
INFO md_202312_fresh_garch Creating default Discount Factor(type='DiscountRate', name=('USD-SOFR',))
INFO PLAT_JUL29 Observed_Scenario substituted 2 factor(s): ['CommodityPrice.PLATINUM_CME', 'ObservedBasis.PLATINUM_CME.LME_CME']
INFO PLAT_JUL29 liability scalars: total_leg_volume=2500.0 last_settlement_index=155
INFO PLAT_JUL29 utility_scale (symlog c) resolved to 502621.38
INFO PLAT_JUL29 DiffSolverV2 setup: n_hedge=3 active=[0, 1, 2] T_dec=126 (of 128 sim steps; last-live mtm=[-2]) B_outer=1 levels=9 fit_iters=60 lr=0.002 | contract_size=[50.0, 50.0, 50.0] | q∈[[-50.0, -50.0, -50.0], [0.0, 0.0, 0.0]] total_abs_limit=50
INFO PLAT_JUL29 DiffSolverV2 inner forks: one_step=True (window {t, t+1} generation+pricing)
INFO PLAT_JUL29 DiffSolverV2 bank IN Total_Position_Schedule (post-projection): residual frac(Σq outside corridor) min=0.000 mean=0.000 max=0.000 | worst t=0 corridor=[-50, -20] bank Σq∈[-29.95, -29.95] frac_oob=0.000 (≈0 ⇒ projection clean)
INFO PLAT_JUL29 DiffSolverV2 bank: market_dim=6 | swept W∈[-1.146e+05, 1.406e+05] mean=-1.125e+04 std=5.396e+04 | q_rep(t=0)=[0.0, 0.0, 0.0]
INFO PLAT_JUL29 DiffV2_Load_Value_Fn: /home/vretiel/PycharmProjects/riskflow/artifacts/walk_forward/reval48_corridor/run_b060/value_fn_202312_garch_s7.pt trained corridor-free (widest wealth support); rolling under a Total_Position_Schedule only restricts to a learned subset — valid.
INFO PLAT_JUL29 DiffSolverV2 LOADED value fn from /home/vretiel/PycharmProjects/riskflow/artifacts/walk_forward/reval48_corridor/run_b060/value_fn_202312_garch_s7.pt (train V_0=-0.478275) | eval-world market drift vs train frame: max 0.395 σ | utility_scale 772763
INFO PLAT_JUL29 DiffV2_Load_Value_Fn: /home/vretiel/PycharmProjects/riskflow/artifacts/walk_forward/reval48_corridor/run_b060/value_fn_202312_garch_s42.pt trained corridor-free (widest wealth support); rolling under a Total_Position_Schedule only restricts to a learned subset — valid.
INFO PLAT_JUL29 DiffSolverV2 LOADED value fn from /home/vretiel/PycharmProjects/riskflow/artifacts/walk_forward/reval48_corridor/run_b060/value_fn_202312_garch_s42.pt (train V_0=-0.469166) | eval-world market drift vs train frame: max 0.301 σ | utility_scale 770967
INFO PLAT_JUL29 DiffV2_Load_Value_Fn: /home/vretiel/PycharmProjects/riskflow/artifacts/walk_forward/reval48_corridor/run_b060/value_fn_202312_garch_s314.pt trained corridor-free (widest wealth support); rolling under a Total_Position_Schedule only restricts to a learned subset — valid.
INFO PLAT_JUL29 DiffSolverV2 LOADED value fn from /home/vretiel/PycharmProjects/riskflow/artifacts/walk_forward/reval48_corridor/run_b060/value_fn_202312_garch_s314.pt (train V_0=-0.430068) | eval-world market drift vs train frame: max 0.379 σ | utility_scale 791641
WARNING PLAT_JUL29 DiffSolverV2 ensemble utility_scale spread 2.61% — members trained against different anchors; averaging is approximate
INFO PLAT_JUL29 DiffSolverV2 action grid: K=165 actions (levels=9 ^ active=3)
INFO PLAT_JUL29 DiffSolverV2 ENSEMBLE argmax over 3 value fns
INFO PLAT_JUL29 DiffSolverV2 STEPPER ROLLOUT (frozen policy, realized path, real accounting):
  greedy   wT=+7.6345e+04 p5=+7.6345e+04 cvar5=+7.6345e+04
  textbook wT=-4.1843e+04 p5=-4.1843e+04 cvar5=-4.1843e+04
  nohedge  wT=-6.0581e+04 p5=-6.0581e+04 cvar5=-6.0581e+04
INFO PLAT_JUL29 DiffSolverV2 VERDICT (OUT-OF-SAMPLE rollout t=0→T over 1 outer paths, start flat):
  policy    u(W_T)mean    W_T mean       W_T p5         W_T CVaR5
  greedy    +0.05062    +3.9404e+04   +3.9404e+04   +3.9404e+04
  textbook  -0.06814    -4.0441e+04   -4.0441e+04   -4.0441e+04
  nohedge   -0.12197    -6.3688e+04   -6.3688e+04   -6.3688e+04
  → on the OBJECTIVE E[u(W_T)]: beats no-hedge=True, beats textbook=True | tail(CVaR5) competitive w/ textbook=True
INFO PLAT_JUL29 DiffSolverV2 greedy positions: mean|q| per instrument=['12.10', '7.64', '21.53'] | q@t0=[-25.0, 0.0, 0.0] | q@mid=[0.0, 0.0, -50.0] (textbook q@t0=[0.0, 0.0, 0.0])
INFO PLAT_JUL29 solve_hedge tracks: {'DiffSolverV2': -0.4783} | ladder holds=True
INFO PLAT_JUL29 JOB 202312 b0.60 DONE: greedy=30.54 nohedge=-24.23 bound=526.54 PASS=True churn=300.0 breaches=0(worst=0)
INFO PLAT_JUL29 BAND 0.60 COMPLETE
