policy,case,path_idx,day,spot,spread_bps,PL_APR_2026_futures,PL_APR_2026_contract_size,PL_APR_2026_position,PL_APR_2026_trade,PL_APR_2026_trade_cash,PL_APR_2026_trade_cost,PL_APR_2026_position_mtm,PL_JUL_2026_futures,PL_JUL_2026_contract_size,PL_JUL_2026_position,PL_JUL_2026_trade,PL_JUL_2026_trade_cash,PL_JUL_2026_trade_cost,PL_JUL_2026_position_mtm,PL_OCT_2026_futures,PL_OCT_2026_contract_size,PL_OCT_2026_position,PL_OCT_2026_trade,PL_OCT_2026_trade_cash,PL_OCT_2026_trade_cost,PL_OCT_2026_position_mtm,portfolio_position_mtm,portfolio_cum_trade_cash,portfolio_cum_trade_cost,hedge_portfolio_ex_funding,mtm_ex_post_settle_discount,total_ex_funding_discount
ml,worst,647,2026-04-10,2055.000244,10.000000,2026.171509,50.000000,0.000000,0.000000,-0.000000,0.000000,0.000000,2047.068848,50.000000,0.000000,0.000000,-0.000000,0.000000,0.000000,2070.749756,50.000000,0.000000,0.000000,-0.000000,0.000000,0.000000,0.000000,0.000000,0.000000,0.000000,4854.181641,4854.181641
ml,worst,647,2026-04-11,2065.812500,10.000000,2046.706543,50.000000,0.000000,0.000000,-0.000000,0.000000,0.000000,2066.497070,50.000000,0.000000,0.000000,-0.000000,0.000000,0.000000,2087.301025,50.000000,0.000000,0.000000,-0.000000,0.000000,0.000000,0.000000,0.000000,0.000000,0.000000,21260.687500,21260.687500
ml,worst,647,2026-04-12,2078.417969,10.000000,2079.799072,50.000000,0.000000,0.000000,-0.000000,0.000000,0.000000,2099.327881,50.000000,0.000000,0.000000,-0.000000,0.000000,0.000000,2119.106445,50.000000,0.000000,0.000000,-0.000000,0.000000,0.000000,0.000000,0.000000,0.000000,0.000000,53653.718750,53653.718750
ml,worst,647,2026-04-13,2072.717285,10.000000,2052.699951,50.000000,0.000000,0.000000,-0.000000,0.000000,0.000000,2069.864990,50.000000,0.000000,0.000000,-0.000000,0.000000,0.000000,2088.435059,50.000000,0.000000,0.000000,-0.000000,0.000000,0.000000,0.000000,0.000000,0.000000,0.000000,35766.945312,35766.945312
ml,worst,647,2026-04-14,2008.956055,10.000000,1986.405762,50.000000,0.000000,0.000000,-0.000000,0.000000,0.000000,2003.242065,50.000000,0.000000,0.000000,-0.000000,0.000000,0.000000,2020.572021,50.000000,0.000000,0.000000,-0.000000,0.000000,0.000000,0.000000,0.000000,0.000000,0.000000,-121711.859375,-121711.859375
ml,worst,647,2026-04-15,1935.823853,10.000000,1883.702515,50.000000,0.000000,0.000000,-0.000000,0.000000,0.000000,1900.474976,50.000000,0.000000,0.000000,-0.000000,0.000000,0.000000,1917.325806,50.000000,0.000000,0.000000,-0.000000,0.000000,0.000000,0.000000,0.000000,0.000000,0.000000,-291935.343750,-291935.343750
ml,worst,647,2026-04-16,1911.464478,10.000000,1899.659424,50.000000,0.000000,0.000000,-0.000000,0.000000,0.000000,1916.143188,50.000000,0.000000,0.000000,-0.000000,0.000000,0.000000,1933.708618,50.000000,0.000000,0.000000,-0.000000,0.000000,0.000000,0.000000,0.000000,0.000000,0.000000,-351935.843750,-351935.843750
ml,worst,647,2026-04-17,1955.649902,10.000000,1950.535400,50.000000,0.000000,0.000000,-0.000000,0.000000,0.000000,1967.606323,50.000000,0.000000,0.000000,-0.000000,0.000000,0.000000,1985.490723,50.000000,0.000000,0.000000,-0.000000,0.000000,0.000000,0.000000,0.000000,0.000000,0.000000,-242649.812500,-242649.812500
ml,worst,647,2026-04-18,1957.756714,10.000000,1950.681763,50.000000,0.000000,0.000000,-0.000000,0.000000,0.000000,1969.401001,50.000000,0.000000,0.000000,-0.000000,0.000000,0.000000,1988.694092,50.000000,0.000000,0.000000,-0.000000,0.000000,0.000000,0.000000,0.000000,0.000000,0.000000,-230490.671875,-230490.671875
ml,worst,647,2026-04-19,1971.617065,10.000000,1960.724609,50.000000,0.000000,0.000000,-0.000000,0.000000,0.000000,1979.494751,50.000000,0.000000,0.000000,-0.000000,0.000000,0.000000,1998.929321,50.000000,0.000000,0.000000,-0.000000,0.000000,0.000000,0.000000,0.000000,0.000000,0.000000,-191400.796875,-191400.796875
ml,worst,647,2026-04-20,1985.887207,10.000000,1993.025024,50.000000,0.000000,0.000000,-0.000000,0.000000,0.000000,2011.062622,50.000000,0.000000,0.000000,-0.000000,0.000000,0.000000,2030.757080,50.000000,0.000000,0.000000,-0.000000,0.000000,0.000000,0.000000,0.000000,0.000000,0.000000,-147888.078125,-147888.078125
ml,worst,647,2026-04-21,1998.228149,10.000000,2024.452759,50.000000,0.000000,0.000000,-0.000000,0.000000,0.000000,2042.829224,50.000000,0.000000,0.000000,-0.000000,0.000000,0.000000,2062.569824,50.000000,0.000000,0.000000,-0.000000,0.000000,0.000000,0.000000,0.000000,0.000000,0.000000,-118924.765625,-118924.765625
ml,worst,647,2026-04-22,1965.585938,10.000000,1958.234863,50.000000,0.000000,0.000000,-0.000000,0.000000,0.000000,1975.805420,50.000000,0.000000,0.000000,-0.000000,0.000000,0.000000,1995.361328,50.000000,0.000000,0.000000,-0.000000,0.000000,0.000000,0.000000,0.000000,0.000000,0.000000,-200095.593750,-200095.593750
ml,worst,647,2026-04-23,1961.252075,10.000000,1950.276978,50.000000,0.000000,0.000000,-0.000000,0.000000,0.000000,1967.333496,50.000000,0.000000,0.000000,-0.000000,0.000000,0.000000,1988.105591,50.000000,0.000000,0.000000,-0.000000,0.000000,0.000000,0.000000,0.000000,0.000000,0.000000,-208910.687500,-208910.687500
ml,worst,647,2026-04-24,1952.300293,10.000000,1932.122559,50.000000,0.000000,0.000000,-0.000000,0.000000,0.000000,1950.039062,50.000000,0.000000,0.000000,-0.000000,0.000000,0.000000,1971.830078,50.000000,0.000000,0.000000,-0.000000,0.000000,0.000000,0.000000,0.000000,0.000000,0.000000,-225514.031250,-225514.031250
ml,worst,647,2026-04-25,1957.047363,10.000000,1958.223755,50.000000,0.000000,0.000000,-0.000000,0.000000,0.000000,1977.395142,50.000000,0.000000,0.000000,-0.000000,0.000000,0.000000,1999.908325,50.000000,0.000000,0.000000,-0.000000,0.000000,0.000000,0.000000,0.000000,0.000000,0.000000,-210285.375000,-210285.375000
ml,worst,647,2026-04-26,1947.968872,10.000000,1933.598145,50.000000,0.000000,0.000000,-0.000000,0.000000,0.000000,1952.613525,50.000000,0.000000,0.000000,-0.000000,0.000000,0.000000,1974.945312,50.000000,0.000000,0.000000,-0.000000,0.000000,0.000000,0.000000,0.000000,0.000000,0.000000,-223968.765625,-223968.765625
ml,worst,647,2026-04-27,1914.627075,10.000000,1916.556030,50.000000,0.000000,0.000000,-0.000000,0.000000,0.000000,1936.448242,50.000000,0.000000,0.000000,-0.000000,0.000000,0.000000,1959.885864,50.000000,0.000000,0.000000,-0.000000,0.000000,0.000000,0.000000,0.000000,0.000000,0.000000,-300364.375000,-300364.375000
ml,worst,647,2026-04-28,1913.546509,10.000000,1907.230469,50.000000,0.000000,0.000000,-0.000000,0.000000,0.000000,1926.867432,50.000000,0.000000,0.000000,-0.000000,0.000000,0.000000,1948.960938,50.000000,0.000000,0.000000,-0.000000,0.000000,0.000000,0.000000,0.000000,0.000000,0.000000,-301604.375000,-301604.375000
ml,worst,647,2026-04-29,1913.260742,10.000000,1899.749512,50.000000,0.000000,0.000000,-0.000000,0.000000,0.000000,1918.705566,50.000000,0.000000,0.000000,-0.000000,0.000000,0.000000,1940.738159,50.000000,0.000000,0.000000,-0.000000,0.000000,0.000000,0.000000,0.000000,0.000000,0.000000,-294787.437500,-294787.437500
ml,worst,647,2026-04-30,1877.210693,10.000000,1899.749512,50.000000,0.000000,0.000000,-0.000000,0.000000,0.000000,1865.196289,50.000000,0.000000,0.000000,-0.000000,0.000000,0.000000,1885.690063,50.000000,0.000000,0.000000,-0.000000,0.000000,0.000000,0.000000,0.000000,0.000000,0.000000,-390262.250000,-390262.250000
ml,worst,647,2026-05-01,1860.604980,10.000000,1899.749512,50.000000,0.000000,0.000000,-0.000000,0.000000,0.000000,1859.483887,50.000000,0.000000,0.000000,-0.000000,0.000000,0.000000,1879.269775,50.000000,0.000000,0.000000,-0.000000,0.000000,0.000000,0.000000,0.000000,0.000000,0.000000,-433921.156250,-433921.156250
ml,worst,647,2026-05-02,1894.131958,10.000000,1899.749512,50.000000,0.000000,0.000000,-0.000000,0.000000,0.000000,1913.539062,50.000000,0.000000,0.000000,-0.000000,0.000000,0.000000,1933.051880,50.000000,0.000000,0.000000,-0.000000,0.000000,0.000000,0.000000,0.000000,0.000000,0.000000,-354438.968750,-354438.968750
ml,worst,647,2026-05-03,1861.980591,10.000000,1899.749512,50.000000,0.000000,0.000000,-0.000000,0.000000,0.000000,1869.849365,50.000000,0.000000,0.000000,-0.000000,0.000000,0.000000,1887.806885,50.000000,0.000000,0.000000,-0.000000,0.000000,0.000000,0.000000,0.000000,0.000000,0.000000,-436745.656250,-436745.656250
ml,worst,647,2026-05-04,1843.592896,10.000000,1899.749512,50.000000,0.000000,0.000000,-0.000000,0.000000,0.000000,1853.639404,50.000000,0.000000,0.000000,-0.000000,0.000000,0.000000,1871.951660,50.000000,0.000000,0.000000,-0.000000,0.000000,0.000000,0.000000,0.000000,0.000000,0.000000,-482155.312500,-482155.312500
ml,worst,647,2026-05-05,1804.661621,10.000000,1899.749512,50.000000,0.000000,0.000000,-0.000000,0.000000,0.000000,1811.242554,50.000000,0.000000,0.000000,-0.000000,0.000000,0.000000,1829.686646,50.000000,0.000000,0.000000,-0.000000,0.000000,0.000000,0.000000,0.000000,0.000000,0.000000,-580615.687500,-580615.687500
ml,worst,647,2026-05-06,1816.784790,10.000000,1899.749512,50.000000,0.000000,0.000000,-0.000000,0.000000,0.000000,1814.562134,50.000000,0.000000,0.000000,-0.000000,0.000000,0.000000,1831.844482,50.000000,0.000000,0.000000,-0.000000,0.000000,0.000000,0.000000,0.000000,0.000000,0.000000,-553639.562500,-553639.562500
ml,worst,647,2026-05-07,1808.861572,10.000000,1899.749512,50.000000,0.000000,0.000000,-0.000000,0.000000,0.000000,1814.608643,50.000000,0.000000,0.000000,-0.000000,0.000000,0.000000,1832.137451,50.000000,0.000000,0.000000,-0.000000,0.000000,0.000000,0.000000,0.000000,0.000000,0.000000,-573824.000000,-573824.000000
ml,worst,647,2026-05-08,1818.670166,10.000000,1899.749512,50.000000,0.000000,0.000000,-0.000000,0.000000,0.000000,1827.833496,50.000000,0.000000,0.000000,-0.000000,0.000000,0.000000,1844.610474,50.000000,0.000000,0.000000,-0.000000,0.000000,0.000000,0.000000,0.000000,0.000000,0.000000,-548079.562500,-548079.562500
ml,worst,647,2026-05-09,1789.833130,10.000000,1899.749512,50.000000,0.000000,0.000000,-0.000000,0.000000,0.000000,1769.760498,50.000000,0.000000,0.000000,-0.000000,0.000000,0.000000,1786.160400,50.000000,0.000000,0.000000,-0.000000,0.000000,0.000000,0.000000,0.000000,0.000000,0.000000,-619895.312500,-619895.312500
ml,worst,647,2026-05-10,1772.883179,10.000000,1899.749512,50.000000,0.000000,0.000000,-0.000000,0.000000,0.000000,1778.144043,50.000000,0.000000,0.000000,-0.000000,0.000000,0.000000,1794.924805,50.000000,0.000000,0.000000,-0.000000,0.000000,0.000000,0.000000,0.000000,0.000000,0.000000,-666724.437500,-666724.437500
ml,worst,647,2026-05-11,1746.187988,10.000000,1899.749512,50.000000,0.000000,0.000000,-0.000000,0.000000,0.000000,1748.822021,50.000000,0.000000,0.000000,-0.000000,0.000000,0.000000,1765.078125,50.000000,0.000000,0.000000,-0.000000,0.000000,0.000000,0.000000,0.000000,0.000000,0.000000,-733732.750000,-733732.750000
ml,worst,647,2026-05-12,1712.471558,10.000000,1899.749512,50.000000,0.000000,0.000000,-0.000000,0.000000,0.000000,1688.139526,50.000000,0.000000,0.000000,-0.000000,0.000000,0.000000,1701.707764,50.000000,0.000000,0.000000,-0.000000,0.000000,0.000000,0.000000,0.000000,0.000000,0.000000,-815169.062500,-815169.062500
ml,worst,647,2026-05-13,1715.653564,10.000000,1899.749512,50.000000,0.000000,0.000000,-0.000000,0.000000,0.000000,1719.144897,50.000000,0.000000,0.000000,-0.000000,0.000000,0.000000,1733.637939,50.000000,0.000000,0.000000,-0.000000,0.000000,0.000000,0.000000,0.000000,0.000000,0.000000,-811153.937500,-811153.937500
ml,worst,647,2026-05-14,1693.506470,10.000000,1899.749512,50.000000,0.000000,0.000000,-0.000000,0.000000,0.000000,1707.361938,50.000000,0.000000,0.000000,-0.000000,0.000000,0.000000,1721.563599,50.000000,0.000000,0.000000,-0.000000,0.000000,0.000000,0.000000,0.000000,0.000000,0.000000,-869580.812500,-869580.812500
ml,worst,647,2026-05-15,1649.632080,10.000000,1899.749512,50.000000,0.000000,0.000000,-0.000000,0.000000,0.000000,1656.358276,50.000000,0.000000,0.000000,-0.000000,0.000000,0.000000,1667.211792,50.000000,0.000000,0.000000,-0.000000,0.000000,0.000000,0.000000,0.000000,0.000000,0.000000,-982355.062500,-982355.062500
ml,worst,647,2026-05-16,1637.892334,10.000000,1899.749512,50.000000,0.000000,0.000000,-0.000000,0.000000,0.000000,1634.473022,50.000000,0.000000,0.000000,-0.000000,0.000000,0.000000,1650.312866,50.000000,0.000000,0.000000,-0.000000,0.000000,0.000000,0.000000,0.000000,0.000000,0.000000,-1013321.250000,-1013321.250000
ml,worst,647,2026-05-17,1620.016357,10.000000,1899.749512,50.000000,0.000000,0.000000,-0.000000,0.000000,0.000000,1631.405884,50.000000,0.000000,0.000000,-0.000000,0.000000,0.000000,1648.186523,50.000000,0.000000,0.000000,-0.000000,0.000000,0.000000,0.000000,0.000000,0.000000,0.000000,-1061111.875000,-1061111.875000
ml,worst,647,2026-05-18,1595.929688,10.000000,1899.749512,50.000000,0.000000,0.000000,-0.000000,0.000000,0.000000,1619.094604,50.000000,0.000000,0.000000,-0.000000,0.000000,0.000000,1637.181030,50.000000,0.000000,0.000000,-0.000000,0.000000,0.000000,0.000000,0.000000,0.000000,0.000000,-1120641.000000,-1120641.000000
ml,worst,647,2026-05-19,1593.649780,10.000000,1899.749512,50.000000,0.000000,0.000000,-0.000000,0.000000,0.000000,1606.921021,50.000000,0.000000,0.000000,-0.000000,0.000000,0.000000,1625.999634,50.000000,0.000000,0.000000,-0.000000,0.000000,0.000000,0.000000,0.000000,0.000000,0.000000,-1126142.625000,-1126142.625000
ml,worst,647,2026-05-20,1581.524658,10.000000,1899.749512,50.000000,0.000000,0.000000,-0.000000,0.000000,0.000000,1599.616455,50.000000,0.000000,0.000000,-0.000000,0.000000,0.000000,1620.050049,50.000000,0.000000,0.000000,-0.000000,0.000000,0.000000,0.000000,0.000000,0.000000,0.000000,-1157224.875000,-1157224.875000
ml,worst,647,2026-05-21,1559.688721,10.000000,1899.749512,50.000000,0.000000,0.000000,-0.000000,0.000000,0.000000,1552.947632,50.000000,0.000000,0.000000,-0.000000,0.000000,0.000000,1571.949585,50.000000,0.000000,0.000000,-0.000000,0.000000,0.000000,0.000000,0.000000,0.000000,0.000000,-1209852.875000,-1209852.875000
ml,worst,647,2026-05-22,1514.032959,10.000000,1899.749512,50.000000,0.000000,0.000000,-0.000000,0.000000,0.000000,1517.941284,50.000000,0.000000,0.000000,-0.000000,0.000000,0.000000,1532.830933,50.000000,0.000000,0.000000,-0.000000,0.000000,0.000000,0.000000,0.000000,0.000000,0.000000,-1326266.000000,-1326266.000000
ml,worst,647,2026-05-23,1490.569946,10.000000,1899.749512,50.000000,0.000000,0.000000,-0.000000,0.000000,0.000000,1494.784546,50.000000,0.000000,0.000000,-0.000000,0.000000,0.000000,1510.078125,50.000000,0.000000,0.000000,-0.000000,0.000000,0.000000,0.000000,0.000000,0.000000,0.000000,-1386786.000000,-1386786.000000
ml,worst,647,2026-05-24,1473.199341,10.000000,1899.749512,50.000000,0.000000,0.000000,-0.000000,0.000000,0.000000,1473.746338,50.000000,0.000000,0.000000,-0.000000,0.000000,0.000000,1487.367676,50.000000,0.000000,0.000000,-0.000000,0.000000,0.000000,0.000000,0.000000,0.000000,0.000000,-1429445.500000,-1429445.500000
ml,worst,647,2026-05-25,1451.778564,10.000000,1899.749512,50.000000,0.000000,0.000000,-0.000000,0.000000,0.000000,1458.468262,50.000000,0.000000,0.000000,-0.000000,0.000000,0.000000,1471.169434,50.000000,0.000000,0.000000,-0.000000,0.000000,0.000000,0.000000,0.000000,0.000000,0.000000,-1483705.500000,-1483705.500000
ml,worst,647,2026-05-26,1430.824951,10.000000,1899.749512,50.000000,0.000000,0.000000,-0.000000,0.000000,0.000000,1424.105347,50.000000,0.000000,0.000000,-0.000000,0.000000,0.000000,1437.233887,50.000000,0.000000,0.000000,-0.000000,0.000000,0.000000,0.000000,0.000000,0.000000,0.000000,-1537514.500000,-1537514.500000
ml,worst,647,2026-05-27,1478.068481,10.000000,1899.749512,50.000000,0.000000,0.000000,-0.000000,0.000000,0.000000,1484.684937,50.000000,0.000000,0.000000,-0.000000,0.000000,0.000000,1498.376709,50.000000,0.000000,0.000000,-0.000000,0.000000,0.000000,0.000000,0.000000,0.000000,0.000000,-1419069.625000,-1419069.625000
ml,worst,647,2026-05-28,1463.158203,10.000000,1899.749512,50.000000,0.000000,0.000000,-0.000000,0.000000,0.000000,1472.298096,50.000000,0.000000,0.000000,-0.000000,0.000000,0.000000,1482.550537,50.000000,0.000000,0.000000,-0.000000,0.000000,0.000000,0.000000,0.000000,0.000000,0.000000,-1453351.500000,-1453351.500000
ml,worst,647,2026-05-29,1458.209473,10.000000,1899.749512,50.000000,0.000000,0.000000,-0.000000,0.000000,0.000000,1462.635986,50.000000,0.000000,0.000000,-0.000000,0.000000,0.000000,1474.157349,50.000000,0.000000,0.000000,-0.000000,0.000000,0.000000,0.000000,0.000000,0.000000,0.000000,-1468347.625000,-1468347.625000
ml,worst,647,2026-05-30,1440.720581,10.000000,1899.749512,50.000000,0.000000,0.000000,-0.000000,0.000000,0.000000,1461.842651,50.000000,0.000000,0.000000,-0.000000,0.000000,0.000000,1473.292480,50.000000,0.000000,0.000000,-0.000000,0.000000,0.000000,0.000000,0.000000,0.000000,0.000000,-1513380.375000,-1513380.375000
ml,worst,647,2026-05-31,1431.887573,10.000000,1899.749512,50.000000,0.000000,0.000000,-0.000000,0.000000,0.000000,1429.196045,50.000000,0.000000,0.000000,-0.000000,0.000000,0.000000,1442.084229,50.000000,0.000000,0.000000,-0.000000,0.000000,0.000000,0.000000,0.000000,0.000000,0.000000,-1535642.750000,-1535642.750000
ml,worst,647,2026-06-01,1388.440063,10.000000,1899.749512,50.000000,0.000000,0.000000,-0.000000,0.000000,0.000000,1398.351929,50.000000,0.000000,0.000000,-0.000000,0.000000,0.000000,1409.289551,50.000000,0.000000,0.000000,-0.000000,0.000000,0.000000,0.000000,0.000000,0.000000,0.000000,-1645565.750000,-1645565.750000
ml,worst,647,2026-06-02,1387.555786,10.000000,1899.749512,50.000000,0.000000,0.000000,-0.000000,0.000000,0.000000,1397.890015,50.000000,0.000000,0.000000,-0.000000,0.000000,0.000000,1408.564209,50.000000,0.000000,0.000000,-0.000000,0.000000,0.000000,0.000000,0.000000,0.000000,0.000000,-1648687.375000,-1648687.375000
ml,worst,647,2026-06-03,1385.385376,10.000000,1899.749512,50.000000,0.000000,0.000000,-0.000000,0.000000,0.000000,1410.931396,50.000000,0.000000,0.000000,-0.000000,0.000000,0.000000,1422.521851,50.000000,0.000000,0.000000,-0.000000,0.000000,0.000000,0.000000,0.000000,0.000000,0.000000,-1652113.625000,-1652113.625000
ml,worst,647,2026-06-04,1378.367798,10.000000,1899.749512,50.000000,0.000000,0.000000,-0.000000,0.000000,0.000000,1401.998291,50.000000,0.000000,0.000000,-0.000000,0.000000,0.000000,1417.070557,50.000000,0.000000,0.000000,-0.000000,0.000000,0.000000,0.000000,0.000000,0.000000,0.000000,-1673125.250000,-1673125.250000
ml,worst,647,2026-06-05,1383.515869,10.000000,1899.749512,50.000000,0.000000,0.000000,-0.000000,0.000000,0.000000,1384.133301,50.000000,0.000000,0.000000,-0.000000,0.000000,0.000000,1400.539185,50.000000,0.000000,0.000000,-0.000000,0.000000,0.000000,0.000000,0.000000,0.000000,0.000000,-1660450.375000,-1660450.375000
ml,worst,647,2026-06-06,1367.525879,10.000000,1899.749512,50.000000,0.000000,0.000000,-0.000000,0.000000,0.000000,1361.510376,50.000000,0.000000,0.000000,-0.000000,0.000000,0.000000,1376.801636,50.000000,0.000000,0.000000,-0.000000,0.000000,0.000000,0.000000,0.000000,0.000000,0.000000,-1700225.750000,-1700225.750000
ml,worst,647,2026-06-07,1355.678833,10.000000,1899.749512,50.000000,0.000000,0.000000,-0.000000,0.000000,0.000000,1373.776978,50.000000,0.000000,0.000000,-0.000000,0.000000,0.000000,1389.594971,50.000000,0.000000,0.000000,-0.000000,0.000000,0.000000,0.000000,0.000000,0.000000,0.000000,-1729573.875000,-1729573.875000
ml,worst,647,2026-06-08,1330.360596,10.000000,1899.749512,50.000000,0.000000,0.000000,-0.000000,0.000000,0.000000,1309.436646,50.000000,0.000000,0.000000,-0.000000,0.000000,0.000000,1322.468140,50.000000,0.000000,0.000000,-0.000000,0.000000,0.000000,0.000000,0.000000,0.000000,0.000000,-1792924.000000,-1792924.000000
ml,worst,647,2026-06-09,1338.482422,10.000000,1899.749512,50.000000,0.000000,0.000000,-0.000000,0.000000,0.000000,1350.646240,50.000000,0.000000,0.000000,-0.000000,0.000000,0.000000,1363.017944,50.000000,0.000000,0.000000,-0.000000,0.000000,0.000000,0.000000,0.000000,0.000000,0.000000,-1772455.500000,-1772455.500000
ml,worst,647,2026-06-10,1335.942139,10.000000,1899.749512,50.000000,0.000000,0.000000,-0.000000,0.000000,0.000000,1328.389404,50.000000,0.000000,0.000000,-0.000000,0.000000,0.000000,1339.835938,50.000000,0.000000,0.000000,-0.000000,0.000000,0.000000,0.000000,0.000000,0.000000,0.000000,-1779783.625000,-1779783.625000
ml,worst,647,2026-06-11,1325.238647,10.000000,1899.749512,50.000000,0.000000,0.000000,-0.000000,0.000000,0.000000,1315.520020,50.000000,0.000000,0.000000,-0.000000,0.000000,0.000000,1326.676270,50.000000,0.000000,0.000000,-0.000000,0.000000,0.000000,0.000000,0.000000,0.000000,0.000000,-1806353.375000,-1806353.375000
ml,worst,647,2026-06-12,1337.467285,10.000000,1899.749512,50.000000,0.000000,0.000000,-0.000000,0.000000,0.000000,1334.753784,50.000000,0.000000,0.000000,-0.000000,0.000000,0.000000,1344.352417,50.000000,0.000000,0.000000,-0.000000,0.000000,0.000000,0.000000,0.000000,0.000000,0.000000,-1774824.500000,-1774824.500000
ml,worst,647,2026-06-13,1322.135132,10.000000,1899.749512,50.000000,0.000000,0.000000,-0.000000,0.000000,0.000000,1313.096069,50.000000,0.000000,0.000000,-0.000000,0.000000,0.000000,1321.222900,50.000000,0.000000,0.000000,-0.000000,0.000000,0.000000,0.000000,0.000000,0.000000,0.000000,-1811643.375000,-1811643.375000
ml,worst,647,2026-06-14,1327.450195,10.000000,1899.749512,50.000000,0.000000,0.000000,-0.000000,0.000000,0.000000,1335.638428,50.000000,0.000000,0.000000,-0.000000,0.000000,0.000000,1345.009644,50.000000,0.000000,0.000000,-0.000000,0.000000,0.000000,0.000000,0.000000,0.000000,0.000000,-1798177.000000,-1798177.000000
ml,worst,647,2026-06-15,1320.071411,10.000000,1899.749512,50.000000,0.000000,0.000000,-0.000000,0.000000,0.000000,1327.442627,50.000000,0.000000,0.000000,-0.000000,0.000000,0.000000,1333.456421,50.000000,0.000000,0.000000,-0.000000,0.000000,0.000000,0.000000,0.000000,0.000000,0.000000,-1816037.125000,-1816037.125000
ml,worst,647,2026-06-16,1306.225098,10.000000,1899.749512,50.000000,0.000000,0.000000,-0.000000,0.000000,0.000000,1293.535767,50.000000,0.000000,0.000000,-0.000000,0.000000,0.000000,1300.779175,50.000000,0.000000,0.000000,-0.000000,0.000000,0.000000,0.000000,0.000000,0.000000,0.000000,-1850619.250000,-1850619.250000
ml,worst,647,2026-06-17,1309.669800,10.000000,1899.749512,50.000000,0.000000,0.000000,-0.000000,0.000000,0.000000,1319.391479,50.000000,0.000000,0.000000,-0.000000,0.000000,0.000000,1329.347900,50.000000,0.000000,0.000000,-0.000000,0.000000,0.000000,0.000000,0.000000,0.000000,0.000000,-1842575.500000,-1842575.500000
ml,worst,647,2026-06-18,1339.096558,10.000000,1899.749512,50.000000,0.000000,0.000000,-0.000000,0.000000,0.000000,1356.306885,50.000000,0.000000,0.000000,-0.000000,0.000000,0.000000,1367.284302,50.000000,0.000000,0.000000,-0.000000,0.000000,0.000000,0.000000,0.000000,0.000000,0.000000,-1771908.375000,-1771908.375000
ml,worst,647,2026-06-19,1333.992920,10.000000,1899.749512,50.000000,0.000000,0.000000,-0.000000,0.000000,0.000000,1338.695435,50.000000,0.000000,0.000000,-0.000000,0.000000,0.000000,1351.098022,50.000000,0.000000,0.000000,-0.000000,0.000000,0.000000,0.000000,0.000000,0.000000,0.000000,-1784172.250000,-1784172.250000
ml,worst,647,2026-06-20,1343.453857,10.000000,1899.749512,50.000000,0.000000,0.000000,-0.000000,0.000000,0.000000,1362.105713,50.000000,0.000000,0.000000,-0.000000,0.000000,0.000000,1372.938232,50.000000,0.000000,0.000000,-0.000000,0.000000,0.000000,0.000000,0.000000,0.000000,0.000000,-1762717.750000,-1762717.750000
ml,worst,647,2026-06-21,1325.009155,10.000000,1899.749512,50.000000,0.000000,0.000000,-0.000000,0.000000,0.000000,1332.747314,50.000000,0.000000,0.000000,-0.000000,0.000000,0.000000,1345.269043,50.000000,0.000000,0.000000,-0.000000,0.000000,0.000000,0.000000,0.000000,0.000000,0.000000,-1808655.750000,-1808655.750000
ml,worst,647,2026-06-22,1365.233765,10.000000,1899.749512,50.000000,0.000000,0.000000,-0.000000,0.000000,0.000000,1384.325439,50.000000,0.000000,0.000000,-0.000000,0.000000,0.000000,1395.908691,50.000000,0.000000,0.000000,-0.000000,0.000000,0.000000,0.000000,0.000000,0.000000,0.000000,-1707194.875000,-1707194.875000
ml,worst,647,2026-06-23,1375.278320,10.000000,1899.749512,50.000000,0.000000,0.000000,-0.000000,0.000000,0.000000,1395.427368,50.000000,0.000000,0.000000,-0.000000,0.000000,0.000000,1407.028198,50.000000,0.000000,0.000000,-0.000000,0.000000,0.000000,0.000000,0.000000,0.000000,0.000000,-1682836.125000,-1682836.125000
ml,worst,647,2026-06-24,1375.337891,10.000000,1899.749512,50.000000,0.000000,0.000000,-0.000000,0.000000,0.000000,1421.471680,50.000000,0.000000,0.000000,-0.000000,0.000000,0.000000,1434.954468,50.000000,0.000000,0.000000,-0.000000,0.000000,0.000000,0.000000,0.000000,0.000000,0.000000,-1682966.750000,-1682966.750000
ml,worst,647,2026-06-25,1393.264282,10.000000,1899.749512,50.000000,0.000000,0.000000,-0.000000,0.000000,0.000000,1430.064697,50.000000,0.000000,0.000000,-0.000000,0.000000,0.000000,1445.204712,50.000000,0.000000,0.000000,-0.000000,0.000000,0.000000,0.000000,0.000000,0.000000,0.000000,-1639174.875000,-1639174.875000
ml,worst,647,2026-06-26,1394.047119,10.000000,1899.749512,50.000000,0.000000,0.000000,-0.000000,0.000000,0.000000,1432.560913,50.000000,0.000000,0.000000,-0.000000,0.000000,0.000000,1448.116699,50.000000,0.000000,0.000000,-0.000000,0.000000,0.000000,0.000000,0.000000,0.000000,0.000000,-1638807.750000,-1638807.750000
ml,worst,647,2026-06-27,1393.858398,10.000000,1899.749512,50.000000,0.000000,0.000000,-0.000000,0.000000,0.000000,1403.683838,50.000000,0.000000,0.000000,-0.000000,0.000000,0.000000,1420.113281,50.000000,0.000000,0.000000,-0.000000,0.000000,0.000000,0.000000,0.000000,0.000000,0.000000,-1640968.250000,-1640968.250000
ml,worst,647,2026-06-28,1357.806641,10.000000,1899.749512,50.000000,0.000000,0.000000,-0.000000,0.000000,0.000000,1359.973633,50.000000,0.000000,0.000000,-0.000000,0.000000,0.000000,1376.152710,50.000000,0.000000,0.000000,-0.000000,0.000000,0.000000,0.000000,0.000000,0.000000,0.000000,-1730767.875000,-1730767.875000
ml,worst,647,2026-06-29,1357.906372,10.000000,1899.749512,50.000000,0.000000,0.000000,-0.000000,0.000000,0.000000,1360.846069,50.000000,0.000000,0.000000,-0.000000,0.000000,0.000000,1376.980591,50.000000,0.000000,0.000000,-0.000000,0.000000,0.000000,0.000000,0.000000,0.000000,0.000000,-1731772.625000,-1731772.625000
ml,worst,647,2026-06-30,1365.287109,10.000000,1899.749512,50.000000,0.000000,0.000000,-0.000000,0.000000,0.000000,1350.234985,50.000000,0.000000,0.000000,-0.000000,0.000000,0.000000,1367.929688,50.000000,0.000000,0.000000,-0.000000,0.000000,0.000000,0.000000,0.000000,0.000000,0.000000,-1713822.625000,-1713822.625000
ml,worst,647,2026-07-01,1373.512695,10.000000,1899.749512,50.000000,0.000000,0.000000,-0.000000,0.000000,0.000000,1391.349731,50.000000,0.000000,0.000000,-0.000000,0.000000,0.000000,1408.748535,50.000000,0.000000,0.000000,-0.000000,0.000000,0.000000,0.000000,0.000000,0.000000,0.000000,-1694026.375000,-1694026.375000
ml,worst,647,2026-07-02,1377.010620,10.000000,1899.749512,50.000000,0.000000,0.000000,-0.000000,0.000000,0.000000,1386.092163,50.000000,0.000000,0.000000,-0.000000,0.000000,0.000000,1403.820190,50.000000,0.000000,0.000000,-0.000000,0.000000,0.000000,0.000000,0.000000,0.000000,0.000000,-1686403.875000,-1686403.875000
ml,worst,647,2026-07-03,1367.755493,10.000000,1899.749512,50.000000,0.000000,0.000000,-0.000000,0.000000,0.000000,1376.361328,50.000000,0.000000,0.000000,-0.000000,0.000000,0.000000,1393.987915,50.000000,0.000000,0.000000,-0.000000,0.000000,0.000000,0.000000,0.000000,0.000000,0.000000,-1707308.125000,-1707308.125000
ml,worst,647,2026-07-04,1373.467529,10.000000,1899.749512,50.000000,0.000000,0.000000,-0.000000,0.000000,0.000000,1357.715576,50.000000,0.000000,0.000000,-0.000000,0.000000,0.000000,1373.712769,50.000000,0.000000,0.000000,-0.000000,0.000000,0.000000,0.000000,0.000000,0.000000,0.000000,-1695694.750000,-1695694.750000
ml,worst,647,2026-07-05,1350.302124,10.000000,1899.749512,50.000000,0.000000,0.000000,-0.000000,0.000000,0.000000,1340.240112,50.000000,0.000000,0.000000,-0.000000,0.000000,0.000000,1355.208252,50.000000,0.000000,0.000000,-0.000000,0.000000,0.000000,0.000000,0.000000,0.000000,0.000000,-1746108.500000,-1746108.500000
ml,worst,647,2026-07-06,1342.831299,10.000000,1899.749512,50.000000,0.000000,0.000000,-0.000000,0.000000,0.000000,1341.210083,50.000000,0.000000,0.000000,-0.000000,0.000000,0.000000,1356.299316,50.000000,0.000000,0.000000,-0.000000,0.000000,0.000000,0.000000,0.000000,0.000000,0.000000,-1762562.125000,-1762562.125000
ml,worst,647,2026-07-07,1355.739624,10.000000,1899.749512,50.000000,0.000000,0.000000,-0.000000,0.000000,0.000000,1372.512939,50.000000,0.000000,0.000000,-0.000000,0.000000,0.000000,1387.948364,50.000000,0.000000,0.000000,-0.000000,0.000000,0.000000,0.000000,0.000000,0.000000,0.000000,-1736450.750000,-1736450.750000
ml,worst,647,2026-07-08,1345.751831,10.000000,1899.749512,50.000000,0.000000,0.000000,-0.000000,0.000000,0.000000,1346.368408,50.000000,0.000000,0.000000,-0.000000,0.000000,0.000000,1359.969604,50.000000,0.000000,0.000000,-0.000000,0.000000,0.000000,0.000000,0.000000,0.000000,0.000000,-1756226.875000,-1756226.875000
ml,worst,647,2026-07-09,1344.320190,10.000000,1899.749512,50.000000,0.000000,0.000000,-0.000000,0.000000,0.000000,1343.283691,50.000000,0.000000,0.000000,-0.000000,0.000000,0.000000,1357.661743,50.000000,0.000000,0.000000,-0.000000,0.000000,0.000000,0.000000,0.000000,0.000000,0.000000,-1759326.375000,-1759326.375000
ml,worst,647,2026-07-10,1321.310791,10.000000,1899.749512,50.000000,0.000000,0.000000,-0.000000,0.000000,0.000000,1338.591064,50.000000,0.000000,0.000000,-0.000000,0.000000,0.000000,1352.396118,50.000000,0.000000,0.000000,-0.000000,0.000000,0.000000,0.000000,0.000000,0.000000,0.000000,-1800259.125000,-1800259.125000
ml,worst,647,2026-07-11,1304.626709,10.000000,1899.749512,50.000000,0.000000,0.000000,-0.000000,0.000000,0.000000,1290.525024,50.000000,0.000000,0.000000,-0.000000,0.000000,0.000000,1303.955566,50.000000,0.000000,0.000000,-0.000000,0.000000,0.000000,0.000000,0.000000,0.000000,0.000000,-1827493.625000,-1827493.625000
ml,worst,647,2026-07-12,1291.986938,10.000000,1899.749512,50.000000,0.000000,0.000000,-0.000000,0.000000,0.000000,1296.956177,50.000000,0.000000,0.000000,-0.000000,0.000000,0.000000,1310.433960,50.000000,0.000000,0.000000,-0.000000,0.000000,0.000000,0.000000,0.000000,0.000000,0.000000,-1847927.500000,-1847927.500000
ml,worst,647,2026-07-13,1303.227051,10.000000,1899.749512,50.000000,0.000000,0.000000,-0.000000,0.000000,0.000000,1314.755737,50.000000,0.000000,0.000000,-0.000000,0.000000,0.000000,1328.827515,50.000000,0.000000,0.000000,-0.000000,0.000000,0.000000,0.000000,0.000000,0.000000,0.000000,-1829819.250000,-1829819.250000
ml,worst,647,2026-07-14,1290.842163,10.000000,1899.749512,50.000000,0.000000,0.000000,-0.000000,0.000000,0.000000,1296.976807,50.000000,0.000000,0.000000,-0.000000,0.000000,0.000000,1310.554810,50.000000,0.000000,0.000000,-0.000000,0.000000,0.000000,0.000000,0.000000,0.000000,0.000000,-1848849.750000,-1848849.750000
ml,worst,647,2026-07-15,1283.244507,10.000000,1899.749512,50.000000,0.000000,0.000000,-0.000000,0.000000,0.000000,1291.613159,50.000000,0.000000,0.000000,-0.000000,0.000000,0.000000,1305.359253,50.000000,0.000000,0.000000,-0.000000,0.000000,0.000000,0.000000,0.000000,0.000000,0.000000,-1859813.500000,-1859813.500000
ml,worst,647,2026-07-16,1307.482788,10.000000,1899.749512,50.000000,0.000000,0.000000,-0.000000,0.000000,0.000000,1329.324463,50.000000,0.000000,0.000000,-0.000000,0.000000,0.000000,1343.566528,50.000000,0.000000,0.000000,-0.000000,0.000000,0.000000,0.000000,0.000000,0.000000,0.000000,-1828439.625000,-1828439.625000
ml,worst,647,2026-07-17,1306.075195,10.000000,1899.749512,50.000000,0.000000,0.000000,-0.000000,0.000000,0.000000,1295.219727,50.000000,0.000000,0.000000,-0.000000,0.000000,0.000000,1309.338623,50.000000,0.000000,0.000000,-0.000000,0.000000,0.000000,0.000000,0.000000,0.000000,0.000000,-1830504.500000,-1830504.500000
ml,worst,647,2026-07-18,1290.607178,10.000000,1899.749512,50.000000,0.000000,0.000000,-0.000000,0.000000,0.000000,1274.275635,50.000000,0.000000,0.000000,-0.000000,0.000000,0.000000,1287.119263,50.000000,0.000000,0.000000,-0.000000,0.000000,0.000000,0.000000,0.000000,0.000000,0.000000,-1847568.000000,-1847568.000000
ml,worst,647,2026-07-19,1278.791504,10.000000,1899.749512,50.000000,0.000000,0.000000,-0.000000,0.000000,0.000000,1245.203369,50.000000,0.000000,0.000000,-0.000000,0.000000,0.000000,1258.688477,50.000000,0.000000,0.000000,-0.000000,0.000000,0.000000,0.000000,0.000000,0.000000,0.000000,-1860705.000000,-1860705.000000
ml,worst,647,2026-07-20,1263.082275,10.000000,1899.749512,50.000000,0.000000,0.000000,-0.000000,0.000000,0.000000,1232.521118,50.000000,0.000000,0.000000,-0.000000,0.000000,0.000000,1244.678223,50.000000,0.000000,0.000000,-0.000000,0.000000,0.000000,0.000000,0.000000,0.000000,0.000000,-1878159.125000,-1878159.125000
ml,worst,647,2026-07-21,1232.834961,10.000000,1899.749512,50.000000,0.000000,0.000000,-0.000000,0.000000,0.000000,1216.088623,50.000000,0.000000,0.000000,-0.000000,0.000000,0.000000,1227.441284,50.000000,0.000000,0.000000,-0.000000,0.000000,0.000000,0.000000,0.000000,0.000000,0.000000,-1908063.250000,-1908063.250000
ml,worst,647,2026-07-22,1241.808228,10.000000,1899.749512,50.000000,0.000000,0.000000,-0.000000,0.000000,0.000000,1231.348999,50.000000,0.000000,0.000000,-0.000000,0.000000,0.000000,1242.075562,50.000000,0.000000,0.000000,-0.000000,0.000000,0.000000,0.000000,0.000000,0.000000,0.000000,-1900691.500000,-1900691.500000
ml,worst,647,2026-07-23,1226.018799,10.000000,1899.749512,50.000000,0.000000,0.000000,-0.000000,0.000000,0.000000,1202.124512,50.000000,0.000000,0.000000,-0.000000,0.000000,0.000000,1213.700195,50.000000,0.000000,0.000000,-0.000000,0.000000,0.000000,0.000000,0.000000,0.000000,0.000000,-1912936.250000,-1912936.250000
ml,worst,647,2026-07-24,1217.984619,10.000000,1899.749512,50.000000,0.000000,0.000000,-0.000000,0.000000,0.000000,1230.241211,50.000000,0.000000,0.000000,-0.000000,0.000000,0.000000,1240.797607,50.000000,0.000000,0.000000,-0.000000,0.000000,0.000000,0.000000,0.000000,0.000000,0.000000,-1918330.250000,-1918330.250000
ml,worst,647,2026-07-25,1210.431274,10.000000,1899.749512,50.000000,0.000000,0.000000,-0.000000,0.000000,0.000000,1208.962402,50.000000,0.000000,0.000000,-0.000000,0.000000,0.000000,1218.932617,50.000000,0.000000,0.000000,-0.000000,0.000000,0.000000,0.000000,0.000000,0.000000,0.000000,-1922650.500000,-1922650.500000
ml,worst,647,2026-07-26,1213.084595,10.000000,1899.749512,50.000000,0.000000,0.000000,-0.000000,0.000000,0.000000,1205.430054,50.000000,0.000000,0.000000,-0.000000,0.000000,0.000000,1215.314697,50.000000,0.000000,0.000000,-0.000000,0.000000,0.000000,0.000000,0.000000,0.000000,0.000000,-1921446.875000,-1921446.875000
ml,worst,647,2026-07-27,1199.977173,10.000000,1899.749512,50.000000,0.000000,0.000000,-0.000000,0.000000,0.000000,1197.909668,50.000000,0.000000,0.000000,-0.000000,0.000000,0.000000,1208.570801,50.000000,0.000000,0.000000,-0.000000,0.000000,0.000000,0.000000,0.000000,0.000000,0.000000,-1928855.375000,-1928855.375000
ml,worst,647,2026-07-28,1210.181396,10.000000,1899.749512,50.000000,0.000000,0.000000,-0.000000,0.000000,0.000000,1214.226196,50.000000,0.000000,0.000000,-0.000000,0.000000,0.000000,1225.781372,50.000000,0.000000,0.000000,-0.000000,0.000000,0.000000,0.000000,0.000000,0.000000,0.000000,-1924658.125000,-1924658.125000
ml,worst,647,2026-07-29,1208.185791,10.000000,1899.749512,50.000000,0.000000,0.000000,-0.000000,0.000000,0.000000,1204.575317,50.000000,0.000000,0.000000,-0.000000,0.000000,0.000000,1215.827637,50.000000,0.000000,0.000000,-0.000000,0.000000,0.000000,0.000000,0.000000,0.000000,0.000000,-1925573.625000,-1925573.625000
ml,worst,647,2026-07-30,1206.573853,10.000000,1899.749512,50.000000,0.000000,0.000000,-0.000000,0.000000,0.000000,1204.575317,50.000000,0.000000,0.000000,-0.000000,0.000000,0.000000,1240.519287,50.000000,0.000000,0.000000,-0.000000,0.000000,0.000000,0.000000,0.000000,0.000000,0.000000,-1926154.125000,-1926154.125000
ml,worst,647,2026-07-31,1214.582031,10.000000,1899.749512,50.000000,0.000000,0.000000,-0.000000,0.000000,0.000000,1204.575317,50.000000,0.000000,0.000000,-0.000000,0.000000,0.000000,1269.778564,50.000000,0.000000,0.000000,-0.000000,0.000000,0.000000,0.000000,0.000000,0.000000,0.000000,-1925478.125000,-1925478.125000
ml,worst,647,2026-08-01,1205.370728,10.000000,1899.749512,50.000000,0.000000,0.000000,-0.000000,0.000000,0.000000,1204.575317,50.000000,0.000000,0.000000,-0.000000,0.000000,0.000000,1228.872681,50.000000,0.000000,0.000000,-0.000000,0.000000,0.000000,0.000000,0.000000,0.000000,0.000000,-1925698.375000,-1925698.375000
ml,worst,647,2026-08-02,1219.526978,10.000000,1899.749512,50.000000,0.000000,0.000000,-0.000000,0.000000,0.000000,1204.575317,50.000000,0.000000,0.000000,-0.000000,0.000000,0.000000,1240.027222,50.000000,0.000000,0.000000,-0.000000,0.000000,0.000000,0.000000,0.000000,0.000000,0.000000,-1925925.500000,-1925925.500000
ml,worst,647,2026-08-03,1203.992676,10.000000,1899.749512,50.000000,0.000000,0.000000,-0.000000,0.000000,0.000000,1204.575317,50.000000,0.000000,0.000000,-0.000000,0.000000,0.000000,1214.403442,50.000000,0.000000,0.000000,-0.000000,0.000000,0.000000,0.000000,0.000000,0.000000,0.000000,-1926124.750000,-1926124.750000
ml,worst,647,2026-08-04,1220.418213,10.000000,1899.749512,50.000000,0.000000,0.000000,-0.000000,0.000000,0.000000,1204.575317,50.000000,0.000000,0.000000,-0.000000,0.000000,0.000000,1238.206055,50.000000,0.000000,0.000000,-0.000000,0.000000,0.000000,0.000000,0.000000,0.000000,0.000000,-1926357.000000,-1926357.000000
ml,worst,647,2026-08-05,1228.449097,10.000000,1899.749512,50.000000,0.000000,0.000000,-0.000000,0.000000,0.000000,1204.575317,50.000000,0.000000,0.000000,-0.000000,0.000000,0.000000,1245.893555,50.000000,0.000000,0.000000,-0.000000,0.000000,0.000000,0.000000,0.000000,0.000000,0.000000,-1926594.250000,-1926594.250000
ml,worst,647,2026-08-06,1245.312744,10.000000,1899.749512,50.000000,0.000000,0.000000,-0.000000,0.000000,0.000000,1204.575317,50.000000,0.000000,0.000000,-0.000000,0.000000,0.000000,1252.313477,50.000000,0.000000,0.000000,-0.000000,0.000000,0.000000,0.000000,0.000000,0.000000,0.000000,-1926594.250000,-1926594.250000
ml,worst,647,2026-08-07,1215.061035,10.000000,1899.749512,50.000000,0.000000,0.000000,-0.000000,0.000000,0.000000,1204.575317,50.000000,0.000000,0.000000,-0.000000,0.000000,0.000000,1226.276367,50.000000,0.000000,0.000000,-0.000000,0.000000,0.000000,0.000000,0.000000,0.000000,0.000000,-1926594.250000,-1926594.250000
ml,worst,647,2026-08-08,1215.522949,10.000000,1899.749512,50.000000,0.000000,0.000000,-0.000000,0.000000,0.000000,1204.575317,50.000000,0.000000,0.000000,-0.000000,0.000000,0.000000,1243.005005,50.000000,0.000000,0.000000,-0.000000,0.000000,0.000000,0.000000,0.000000,0.000000,0.000000,-1926594.250000,-1926594.250000
ml,worst,647,2026-08-09,1229.156372,10.000000,1899.749512,50.000000,0.000000,0.000000,-0.000000,0.000000,0.000000,1204.575317,50.000000,0.000000,0.000000,-0.000000,0.000000,0.000000,1271.885986,50.000000,0.000000,0.000000,-0.000000,0.000000,0.000000,0.000000,0.000000,0.000000,0.000000,-1926594.250000,-1926594.250000
ml,worst,647,2026-08-10,1230.559692,10.000000,1899.749512,50.000000,0.000000,0.000000,-0.000000,0.000000,0.000000,1204.575317,50.000000,0.000000,0.000000,-0.000000,0.000000,0.000000,1250.231934,50.000000,0.000000,0.000000,-0.000000,0.000000,0.000000,0.000000,0.000000,0.000000,0.000000,-1926594.250000,-1926594.250000
ml,worst,647,2026-08-11,1232.437012,10.000000,1899.749512,50.000000,0.000000,0.000000,-0.000000,0.000000,0.000000,1204.575317,50.000000,0.000000,0.000000,-0.000000,0.000000,0.000000,1241.686279,50.000000,0.000000,0.000000,-0.000000,0.000000,0.000000,0.000000,0.000000,0.000000,0.000000,-1926594.250000,-1926594.250000
ml,worst,647,2026-08-12,1223.579956,10.000000,1899.749512,50.000000,0.000000,0.000000,-0.000000,0.000000,0.000000,1204.575317,50.000000,0.000000,0.000000,-0.000000,0.000000,0.000000,1224.714722,50.000000,0.000000,0.000000,-0.000000,0.000000,0.000000,0.000000,0.000000,0.000000,0.000000,-1926594.250000,-1926594.250000
ml,worst,647,2026-08-13,1204.392334,10.000000,1899.749512,50.000000,0.000000,0.000000,-0.000000,0.000000,0.000000,1204.575317,50.000000,0.000000,0.000000,-0.000000,0.000000,0.000000,1207.854004,50.000000,0.000000,0.000000,-0.000000,0.000000,0.000000,0.000000,0.000000,0.000000,0.000000,-1926594.250000,-1926594.250000
ml,worst,647,2026-08-14,1210.447388,10.000000,1899.749512,50.000000,0.000000,0.000000,-0.000000,0.000000,0.000000,1204.575317,50.000000,0.000000,0.000000,-0.000000,0.000000,0.000000,1231.968384,50.000000,0.000000,0.000000,-0.000000,0.000000,0.000000,0.000000,0.000000,0.000000,0.000000,-1926594.250000,-1926594.250000
ml,worst,647,2026-08-15,1195.181519,10.000000,1899.749512,50.000000,0.000000,0.000000,-0.000000,0.000000,0.000000,1204.575317,50.000000,0.000000,0.000000,-0.000000,0.000000,0.000000,1195.144653,50.000000,0.000000,0.000000,-0.000000,0.000000,0.000000,0.000000,0.000000,0.000000,0.000000,-1926594.250000,-1926594.250000
ml,worst,647,2026-08-16,1196.218018,10.000000,1899.749512,50.000000,0.000000,0.000000,-0.000000,0.000000,0.000000,1204.575317,50.000000,0.000000,0.000000,-0.000000,0.000000,0.000000,1209.568481,50.000000,0.000000,0.000000,-0.000000,0.000000,0.000000,0.000000,0.000000,0.000000,0.000000,-1926594.250000,-1926594.250000
ml,worst,647,2026-08-17,1185.355957,10.000000,1899.749512,50.000000,0.000000,0.000000,-0.000000,0.000000,0.000000,1204.575317,50.000000,0.000000,0.000000,-0.000000,0.000000,0.000000,1184.821533,50.000000,0.000000,0.000000,-0.000000,0.000000,0.000000,0.000000,0.000000,0.000000,0.000000,-1926594.250000,-1926594.250000
ml,worst,647,2026-08-18,1186.613159,10.000000,1899.749512,50.000000,0.000000,0.000000,-0.000000,0.000000,0.000000,1204.575317,50.000000,0.000000,0.000000,-0.000000,0.000000,0.000000,1187.700806,50.000000,0.000000,0.000000,-0.000000,0.000000,0.000000,0.000000,0.000000,0.000000,0.000000,-1926594.250000,-1926594.250000
ml,worst,647,2026-08-19,1180.608032,10.000000,1899.749512,50.000000,0.000000,0.000000,-0.000000,0.000000,0.000000,1204.575317,50.000000,0.000000,0.000000,-0.000000,0.000000,0.000000,1168.430054,50.000000,0.000000,0.000000,-0.000000,0.000000,0.000000,0.000000,0.000000,0.000000,0.000000,-1926594.250000,-1926594.250000
ml,worst,647,2026-08-20,1189.225586,10.000000,1899.749512,50.000000,0.000000,0.000000,-0.000000,0.000000,0.000000,1204.575317,50.000000,0.000000,0.000000,-0.000000,0.000000,0.000000,1209.310547,50.000000,0.000000,0.000000,-0.000000,0.000000,0.000000,0.000000,0.000000,0.000000,0.000000,-1926594.250000,-1926594.250000
ml,worst,647,2026-08-21,1146.299683,10.000000,1899.749512,50.000000,0.000000,0.000000,-0.000000,0.000000,0.000000,1204.575317,50.000000,0.000000,0.000000,-0.000000,0.000000,0.000000,1161.280640,50.000000,0.000000,0.000000,-0.000000,0.000000,0.000000,0.000000,0.000000,0.000000,0.000000,-1926594.250000,-1926594.250000
ml,worst,647,2026-08-22,1124.215088,10.000000,1899.749512,50.000000,0.000000,0.000000,-0.000000,0.000000,0.000000,1204.575317,50.000000,0.000000,0.000000,-0.000000,0.000000,0.000000,1136.322510,50.000000,0.000000,0.000000,-0.000000,0.000000,0.000000,0.000000,0.000000,0.000000,0.000000,-1926594.250000,-1926594.250000
ml,worst,647,2026-08-23,1108.632324,10.000000,1899.749512,50.000000,0.000000,0.000000,-0.000000,0.000000,0.000000,1204.575317,50.000000,0.000000,0.000000,-0.000000,0.000000,0.000000,1105.902710,50.000000,0.000000,0.000000,-0.000000,0.000000,0.000000,0.000000,0.000000,0.000000,0.000000,-1926594.250000,-1926594.250000
ml,worst,647,2026-08-24,1136.945923,10.000000,1899.749512,50.000000,0.000000,0.000000,-0.000000,0.000000,0.000000,1204.575317,50.000000,0.000000,0.000000,-0.000000,0.000000,0.000000,1139.266724,50.000000,0.000000,0.000000,-0.000000,0.000000,0.000000,0.000000,0.000000,0.000000,0.000000,-1926594.250000,-1926594.250000
ml,worst,647,2026-08-25,1112.124634,10.000000,1899.749512,50.000000,0.000000,0.000000,-0.000000,0.000000,0.000000,1204.575317,50.000000,0.000000,0.000000,-0.000000,0.000000,0.000000,1115.073975,50.000000,0.000000,0.000000,-0.000000,0.000000,0.000000,0.000000,0.000000,0.000000,0.000000,-1926594.250000,-1926594.250000
ml,worst,647,2026-08-26,1139.588013,10.000000,1899.749512,50.000000,0.000000,0.000000,-0.000000,0.000000,0.000000,1204.575317,50.000000,0.000000,0.000000,-0.000000,0.000000,0.000000,1147.247314,50.000000,0.000000,0.000000,-0.000000,0.000000,0.000000,0.000000,0.000000,0.000000,0.000000,-1926594.250000,-1926594.250000
ml,worst,647,2026-08-27,1136.785889,10.000000,1899.749512,50.000000,0.000000,0.000000,-0.000000,0.000000,0.000000,1204.575317,50.000000,0.000000,0.000000,-0.000000,0.000000,0.000000,1154.275024,50.000000,0.000000,0.000000,-0.000000,0.000000,0.000000,0.000000,0.000000,0.000000,0.000000,-1926594.250000,-1926594.250000
ml,worst,647,2026-08-28,1132.177979,10.000000,1899.749512,50.000000,0.000000,0.000000,-0.000000,0.000000,0.000000,1204.575317,50.000000,0.000000,0.000000,-0.000000,0.000000,0.000000,1147.894775,50.000000,0.000000,0.000000,-0.000000,0.000000,0.000000,0.000000,0.000000,0.000000,0.000000,-1926594.250000,-1926594.250000
ml,worst,647,2026-08-29,1121.648560,10.000000,1899.749512,50.000000,0.000000,0.000000,-0.000000,0.000000,0.000000,1204.575317,50.000000,0.000000,0.000000,-0.000000,0.000000,0.000000,1129.765625,50.000000,0.000000,0.000000,-0.000000,0.000000,0.000000,0.000000,0.000000,0.000000,0.000000,-1926594.250000,-1926594.250000
ml,worst,647,2026-08-30,1119.493652,10.000000,1899.749512,50.000000,0.000000,0.000000,-0.000000,0.000000,0.000000,1204.575317,50.000000,0.000000,0.000000,-0.000000,0.000000,0.000000,1126.085083,50.000000,0.000000,0.000000,-0.000000,0.000000,0.000000,0.000000,0.000000,0.000000,0.000000,-1926594.250000,-1926594.250000
ml,worst,647,2026-08-31,1115.358398,10.000000,1899.749512,50.000000,0.000000,0.000000,-0.000000,0.000000,0.000000,1204.575317,50.000000,0.000000,0.000000,-0.000000,0.000000,0.000000,1113.017822,50.000000,0.000000,0.000000,-0.000000,0.000000,0.000000,0.000000,0.000000,0.000000,0.000000,-1926594.250000,-1926594.250000
ml,worst,647,2026-09-01,1127.688232,10.000000,1899.749512,50.000000,0.000000,0.000000,-0.000000,0.000000,0.000000,1204.575317,50.000000,0.000000,0.000000,-0.000000,0.000000,0.000000,1121.633545,50.000000,0.000000,0.000000,-0.000000,0.000000,0.000000,0.000000,0.000000,0.000000,0.000000,-1926594.250000,-1926594.250000
ml,worst,647,2026-09-02,1109.820312,10.000000,1899.749512,50.000000,0.000000,0.000000,-0.000000,0.000000,0.000000,1204.575317,50.000000,0.000000,0.000000,-0.000000,0.000000,0.000000,1066.379395,50.000000,0.000000,0.000000,-0.000000,0.000000,0.000000,0.000000,0.000000,0.000000,0.000000,-1926594.250000,-1926594.250000
ml,worst,647,2026-09-03,1106.293945,10.000000,1899.749512,50.000000,0.000000,0.000000,-0.000000,0.000000,0.000000,1204.575317,50.000000,0.000000,0.000000,-0.000000,0.000000,0.000000,1082.525513,50.000000,0.000000,0.000000,-0.000000,0.000000,0.000000,0.000000,0.000000,0.000000,0.000000,-1926594.250000,-1926594.250000
ml,worst,647,2026-09-04,1116.242065,10.000000,1899.749512,50.000000,0.000000,0.000000,-0.000000,0.000000,0.000000,1204.575317,50.000000,0.000000,0.000000,-0.000000,0.000000,0.000000,1110.439819,50.000000,0.000000,0.000000,-0.000000,0.000000,0.000000,0.000000,0.000000,0.000000,0.000000,-1926594.250000,-1926594.250000
ml,worst,647,2026-09-05,1104.715698,10.000000,1899.749512,50.000000,0.000000,0.000000,-0.000000,0.000000,0.000000,1204.575317,50.000000,0.000000,0.000000,-0.000000,0.000000,0.000000,1114.002319,50.000000,0.000000,0.000000,-0.000000,0.000000,0.000000,0.000000,0.000000,0.000000,0.000000,-1926594.250000,-1926594.250000
ml,worst,647,2026-09-06,1116.065430,10.000000,1899.749512,50.000000,0.000000,0.000000,-0.000000,0.000000,0.000000,1204.575317,50.000000,0.000000,0.000000,-0.000000,0.000000,0.000000,1129.709595,50.000000,0.000000,0.000000,-0.000000,0.000000,0.000000,0.000000,0.000000,0.000000,0.000000,-1926594.250000,-1926594.250000
ml,worst,647,2026-09-07,1090.378174,10.000000,1899.749512,50.000000,0.000000,0.000000,-0.000000,0.000000,0.000000,1204.575317,50.000000,0.000000,0.000000,-0.000000,0.000000,0.000000,1101.331421,50.000000,0.000000,0.000000,-0.000000,0.000000,0.000000,0.000000,0.000000,0.000000,0.000000,-1926594.250000,-1926594.250000
ml,worst,647,2026-09-08,1074.144653,10.000000,1899.749512,50.000000,0.000000,0.000000,-0.000000,0.000000,0.000000,1204.575317,50.000000,0.000000,0.000000,-0.000000,0.000000,0.000000,1102.365601,50.000000,0.000000,0.000000,-0.000000,0.000000,0.000000,0.000000,0.000000,0.000000,0.000000,-1926594.250000,-1926594.250000
ml,worst,647,2026-09-09,1068.562012,10.000000,1899.749512,50.000000,0.000000,0.000000,-0.000000,0.000000,0.000000,1204.575317,50.000000,0.000000,0.000000,-0.000000,0.000000,0.000000,1092.889893,50.000000,0.000000,0.000000,-0.000000,0.000000,0.000000,0.000000,0.000000,0.000000,0.000000,-1926594.250000,-1926594.250000
ml,worst,647,2026-09-10,1070.649048,10.000000,1899.749512,50.000000,0.000000,0.000000,-0.000000,0.000000,0.000000,1204.575317,50.000000,0.000000,0.000000,-0.000000,0.000000,0.000000,1095.620728,50.000000,0.000000,0.000000,-0.000000,0.000000,0.000000,0.000000,0.000000,0.000000,0.000000,-1926594.250000,-1926594.250000
ml,worst,647,2026-09-11,1078.505127,10.000000,1899.749512,50.000000,0.000000,0.000000,-0.000000,0.000000,0.000000,1204.575317,50.000000,0.000000,0.000000,-0.000000,0.000000,0.000000,1106.641602,50.000000,0.000000,0.000000,-0.000000,0.000000,0.000000,0.000000,0.000000,0.000000,0.000000,-1926594.250000,-1926594.250000
ml,worst,647,2026-09-12,1070.402954,10.000000,1899.749512,50.000000,0.000000,0.000000,-0.000000,0.000000,0.000000,1204.575317,50.000000,0.000000,0.000000,-0.000000,0.000000,0.000000,1112.360596,50.000000,0.000000,0.000000,-0.000000,0.000000,0.000000,0.000000,0.000000,0.000000,0.000000,-1926594.250000,-1926594.250000
ml,worst,647,2026-09-13,1081.475952,10.000000,1899.749512,50.000000,0.000000,0.000000,-0.000000,0.000000,0.000000,1204.575317,50.000000,0.000000,0.000000,-0.000000,0.000000,0.000000,1127.009033,50.000000,0.000000,0.000000,-0.000000,0.000000,0.000000,0.000000,0.000000,0.000000,0.000000,-1926594.250000,-1926594.250000
ml,worst,647,2026-09-14,1073.771851,10.000000,1899.749512,50.000000,0.000000,0.000000,-0.000000,0.000000,0.000000,1204.575317,50.000000,0.000000,0.000000,-0.000000,0.000000,0.000000,1112.449097,50.000000,0.000000,0.000000,-0.000000,0.000000,0.000000,0.000000,0.000000,0.000000,0.000000,-1926594.250000,-1926594.250000
ml,worst,647,2026-09-15,1101.922119,10.000000,1899.749512,50.000000,0.000000,0.000000,-0.000000,0.000000,0.000000,1204.575317,50.000000,0.000000,0.000000,-0.000000,0.000000,0.000000,1120.892944,50.000000,0.000000,0.000000,-0.000000,0.000000,0.000000,0.000000,0.000000,0.000000,0.000000,-1926594.250000,-1926594.250000
ml,worst,647,2026-09-16,1093.749878,10.000000,1899.749512,50.000000,0.000000,0.000000,-0.000000,0.000000,0.000000,1204.575317,50.000000,0.000000,0.000000,-0.000000,0.000000,0.000000,1109.431274,50.000000,0.000000,0.000000,-0.000000,0.000000,0.000000,0.000000,0.000000,0.000000,0.000000,-1926594.250000,-1926594.250000
ml,worst,647,2026-09-17,1101.199829,10.000000,1899.749512,50.000000,0.000000,0.000000,-0.000000,0.000000,0.000000,1204.575317,50.000000,0.000000,0.000000,-0.000000,0.000000,0.000000,1091.275146,50.000000,0.000000,0.000000,-0.000000,0.000000,0.000000,0.000000,0.000000,0.000000,0.000000,-1926594.250000,-1926594.250000
ml,worst,647,2026-09-18,1101.988281,10.000000,1899.749512,50.000000,0.000000,0.000000,-0.000000,0.000000,0.000000,1204.575317,50.000000,0.000000,0.000000,-0.000000,0.000000,0.000000,1087.182861,50.000000,0.000000,0.000000,-0.000000,0.000000,0.000000,0.000000,0.000000,0.000000,0.000000,-1926594.250000,-1926594.250000
ml,worst,647,2026-09-19,1108.301514,10.000000,1899.749512,50.000000,0.000000,0.000000,-0.000000,0.000000,0.000000,1204.575317,50.000000,0.000000,0.000000,-0.000000,0.000000,0.000000,1085.675415,50.000000,0.000000,0.000000,-0.000000,0.000000,0.000000,0.000000,0.000000,0.000000,0.000000,-1926594.250000,-1926594.250000
ml,worst,647,2026-09-20,1091.781860,10.000000,1899.749512,50.000000,0.000000,0.000000,-0.000000,0.000000,0.000000,1204.575317,50.000000,0.000000,0.000000,-0.000000,0.000000,0.000000,1084.505737,50.000000,0.000000,0.000000,-0.000000,0.000000,0.000000,0.000000,0.000000,0.000000,0.000000,-1926594.250000,-1926594.250000
ml,worst,647,2026-09-21,1060.173096,10.000000,1899.749512,50.000000,0.000000,0.000000,-0.000000,0.000000,0.000000,1204.575317,50.000000,0.000000,0.000000,-0.000000,0.000000,0.000000,1049.796265,50.000000,0.000000,0.000000,-0.000000,0.000000,0.000000,0.000000,0.000000,0.000000,0.000000,-1926594.250000,-1926594.250000
ml,worst,647,2026-09-22,1050.979248,10.000000,1899.749512,50.000000,0.000000,0.000000,-0.000000,0.000000,0.000000,1204.575317,50.000000,0.000000,0.000000,-0.000000,0.000000,0.000000,1027.112427,50.000000,0.000000,0.000000,-0.000000,0.000000,0.000000,0.000000,0.000000,0.000000,0.000000,-1926594.250000,-1926594.250000
ml,worst,647,2026-09-23,1053.868286,10.000000,1899.749512,50.000000,0.000000,0.000000,-0.000000,0.000000,0.000000,1204.575317,50.000000,0.000000,0.000000,-0.000000,0.000000,0.000000,1052.912598,50.000000,0.000000,0.000000,-0.000000,0.000000,0.000000,0.000000,0.000000,0.000000,0.000000,-1926594.250000,-1926594.250000
ml,worst,647,2026-09-24,1067.224365,10.000000,1899.749512,50.000000,0.000000,0.000000,-0.000000,0.000000,0.000000,1204.575317,50.000000,0.000000,0.000000,-0.000000,0.000000,0.000000,1084.565552,50.000000,0.000000,0.000000,-0.000000,0.000000,0.000000,0.000000,0.000000,0.000000,0.000000,-1926594.250000,-1926594.250000
ml,worst,647,2026-09-25,1043.070923,10.000000,1899.749512,50.000000,0.000000,0.000000,-0.000000,0.000000,0.000000,1204.575317,50.000000,0.000000,0.000000,-0.000000,0.000000,0.000000,1040.881714,50.000000,0.000000,0.000000,-0.000000,0.000000,0.000000,0.000000,0.000000,0.000000,0.000000,-1926594.250000,-1926594.250000
ml,worst,647,2026-09-26,1034.284790,10.000000,1899.749512,50.000000,0.000000,0.000000,-0.000000,0.000000,0.000000,1204.575317,50.000000,0.000000,0.000000,-0.000000,0.000000,0.000000,1042.500977,50.000000,0.000000,0.000000,-0.000000,0.000000,0.000000,0.000000,0.000000,0.000000,0.000000,-1926594.250000,-1926594.250000
ml,worst,647,2026-09-27,1033.902588,10.000000,1899.749512,50.000000,0.000000,0.000000,-0.000000,0.000000,0.000000,1204.575317,50.000000,0.000000,0.000000,-0.000000,0.000000,0.000000,1046.129761,50.000000,0.000000,0.000000,-0.000000,0.000000,0.000000,0.000000,0.000000,0.000000,0.000000,-1926594.250000,-1926594.250000
ml,worst,647,2026-09-28,1045.398804,10.000000,1899.749512,50.000000,0.000000,0.000000,-0.000000,0.000000,0.000000,1204.575317,50.000000,0.000000,0.000000,-0.000000,0.000000,0.000000,1062.478882,50.000000,0.000000,0.000000,-0.000000,0.000000,0.000000,0.000000,0.000000,0.000000,0.000000,-1926594.250000,-1926594.250000
ml,worst,647,2026-09-29,1044.891479,10.000000,1899.749512,50.000000,0.000000,0.000000,-0.000000,0.000000,0.000000,1204.575317,50.000000,0.000000,0.000000,-0.000000,0.000000,0.000000,1086.851318,50.000000,0.000000,0.000000,-0.000000,0.000000,0.000000,0.000000,0.000000,0.000000,0.000000,-1926594.250000,-1926594.250000
ml,worst,647,2026-09-30,1050.822876,10.000000,1899.749512,50.000000,0.000000,0.000000,-0.000000,0.000000,0.000000,1204.575317,50.000000,0.000000,0.000000,-0.000000,0.000000,0.000000,1073.976807,50.000000,0.000000,0.000000,-0.000000,0.000000,0.000000,0.000000,0.000000,0.000000,0.000000,-1926594.250000,-1926594.250000
ml,worst,647,2026-10-01,1033.554077,10.000000,1899.749512,50.000000,0.000000,0.000000,-0.000000,0.000000,0.000000,1204.575317,50.000000,0.000000,0.000000,-0.000000,0.000000,0.000000,1035.423828,50.000000,0.000000,0.000000,-0.000000,0.000000,0.000000,0.000000,0.000000,0.000000,0.000000,-1926594.250000,-1926594.250000
ml,worst,647,2026-10-02,1008.033997,10.000000,1899.749512,50.000000,0.000000,0.000000,-0.000000,0.000000,0.000000,1204.575317,50.000000,0.000000,0.000000,-0.000000,0.000000,0.000000,992.342834,50.000000,0.000000,0.000000,-0.000000,0.000000,0.000000,0.000000,0.000000,0.000000,0.000000,-1926594.250000,-1926594.250000
ml,worst,647,2026-10-03,1003.215271,10.000000,1899.749512,50.000000,0.000000,0.000000,-0.000000,0.000000,0.000000,1204.575317,50.000000,0.000000,0.000000,-0.000000,0.000000,0.000000,1011.761780,50.000000,0.000000,0.000000,-0.000000,0.000000,0.000000,0.000000,0.000000,0.000000,0.000000,-1926594.250000,-1926594.250000
ml,worst,647,2026-10-04,1006.497498,10.000000,1899.749512,50.000000,0.000000,0.000000,-0.000000,0.000000,0.000000,1204.575317,50.000000,0.000000,0.000000,-0.000000,0.000000,0.000000,1018.885376,50.000000,0.000000,0.000000,-0.000000,0.000000,0.000000,0.000000,0.000000,0.000000,0.000000,-1926594.250000,-1926594.250000
ml,worst,647,2026-10-05,1016.115906,10.000000,1899.749512,50.000000,1.000000,1.000000,-94987.476562,47.493736,94987.476562,1204.575317,50.000000,1.000000,1.000000,-60228.765625,30.114380,60228.765625,1021.561829,50.000000,0.000000,0.000000,-0.000000,0.000000,0.000000,155216.250000,-155216.250000,77.608116,-77.608116,-1926594.250000,-1926671.875000
ml,worst,647,2026-10-06,1022.573303,10.000000,1899.749512,50.000000,0.000000,-1.000000,94987.476562,47.493736,0.000000,1204.575317,50.000000,0.000000,-1.000000,60228.765625,30.114380,0.000000,1020.406372,50.000000,0.000000,0.000000,-0.000000,0.000000,0.000000,0.000000,0.000000,155.216232,-155.216232,-1926594.250000,-1926749.500000
ml,worst,647,2026-10-07,1017.880127,10.000000,1899.749512,50.000000,1.000000,1.000000,-94987.476562,47.493736,94987.476562,1204.575317,50.000000,1.000000,1.000000,-60228.765625,30.114380,60228.765625,1032.034790,50.000000,0.000000,0.000000,-0.000000,0.000000,0.000000,155216.250000,-155216.250000,232.824341,-232.824341,-1926594.250000,-1926827.125000
ml,worst,647,2026-10-08,1009.069885,10.000000,1899.749512,50.000000,0.000000,-1.000000,94987.476562,47.493736,0.000000,1204.575317,50.000000,0.000000,-1.000000,60228.765625,30.114380,0.000000,1011.207153,50.000000,0.000000,0.000000,-0.000000,0.000000,0.000000,0.000000,0.000000,310.432465,-310.432465,-1926594.250000,-1926904.625000
ml,worst,647,2026-10-09,1022.661072,10.000000,1899.749512,50.000000,1.000000,1.000000,-94987.476562,47.493736,94987.476562,1204.575317,50.000000,1.000000,1.000000,-60228.765625,30.114380,60228.765625,1033.674683,50.000000,0.000000,0.000000,-0.000000,0.000000,0.000000,155216.250000,-155216.250000,388.040588,-388.040588,-1926594.250000,-1926982.250000
ml,worst,647,2026-10-10,1026.607300,10.000000,1899.749512,50.000000,1.000000,0.000000,-0.000000,0.000000,94987.476562,1204.575317,50.000000,1.000000,0.000000,-0.000000,0.000000,60228.765625,1027.708130,50.000000,0.000000,0.000000,-0.000000,0.000000,0.000000,155216.250000,-155216.250000,388.040588,-388.040588,-1926594.250000,-1926982.250000
ml,worst,647,2026-10-11,1036.774292,10.000000,1899.749512,50.000000,1.000000,0.000000,-0.000000,0.000000,94987.476562,1204.575317,50.000000,1.000000,0.000000,-0.000000,0.000000,60228.765625,1027.617188,50.000000,0.000000,0.000000,-0.000000,0.000000,0.000000,155216.250000,-155216.250000,388.040588,-388.040588,-1926594.250000,-1926982.250000
ml,worst,647,2026-10-12,1022.800537,10.000000,1899.749512,50.000000,1.000000,0.000000,-0.000000,0.000000,94987.476562,1204.575317,50.000000,1.000000,0.000000,-0.000000,0.000000,60228.765625,1007.933655,50.000000,0.000000,0.000000,-0.000000,0.000000,0.000000,155216.250000,-155216.250000,388.040588,-388.040588,-1926594.250000,-1926982.250000
ml,worst,647,2026-10-13,1018.746887,10.000000,1899.749512,50.000000,0.000000,-1.000000,94987.476562,47.493736,0.000000,1204.575317,50.000000,0.000000,-1.000000,60228.765625,30.114380,0.000000,1017.438782,50.000000,0.000000,0.000000,-0.000000,0.000000,0.000000,0.000000,0.000000,465.648682,-465.648682,-1926594.250000,-1927059.875000
ml,worst,647,2026-10-14,1003.432983,10.000000,1899.749512,50.000000,1.000000,1.000000,-94987.476562,47.493736,94987.476562,1204.575317,50.000000,1.000000,1.000000,-60228.765625,30.114380,60228.765625,992.521362,50.000000,0.000000,0.000000,-0.000000,0.000000,0.000000,155216.250000,-155216.250000,543.256836,-543.256836,-1926594.250000,-1927137.500000
ml,worst,647,2026-10-15,999.449036,10.000000,1899.749512,50.000000,0.000000,-1.000000,94987.476562,47.493736,0.000000,1204.575317,50.000000,0.000000,-1.000000,60228.765625,30.114380,0.000000,988.728638,50.000000,0.000000,0.000000,-0.000000,0.000000,0.000000,0.000000,0.000000,620.864929,-620.864929,-1926594.250000,-1927215.125000
ml,worst,647,2026-10-16,1008.862488,10.000000,1899.749512,50.000000,1.000000,1.000000,-94987.476562,47.493736,94987.476562,1204.575317,50.000000,1.000000,1.000000,-60228.765625,30.114380,60228.765625,982.927490,50.000000,0.000000,0.000000,-0.000000,0.000000,0.000000,155216.250000,-155216.250000,698.473022,-698.473022,-1926594.250000,-1927292.750000
ml,worst,647,2026-10-17,1010.979431,10.000000,1899.749512,50.000000,1.000000,0.000000,-0.000000,0.000000,94987.476562,1204.575317,50.000000,1.000000,0.000000,-0.000000,0.000000,60228.765625,1002.019775,50.000000,0.000000,0.000000,-0.000000,0.000000,0.000000,155216.250000,-155216.250000,698.473022,-698.473022,-1926594.250000,-1927292.750000
ml,worst,647,2026-10-18,1003.901550,10.000000,1899.749512,50.000000,1.000000,0.000000,-0.000000,0.000000,94987.476562,1204.575317,50.000000,1.000000,0.000000,-0.000000,0.000000,60228.765625,986.342651,50.000000,0.000000,0.000000,-0.000000,0.000000,0.000000,155216.250000,-155216.250000,698.473022,-698.473022,-1926594.250000,-1927292.750000
ml,worst,647,2026-10-19,997.899414,10.000000,1899.749512,50.000000,0.000000,-1.000000,94987.476562,47.493736,0.000000,1204.575317,50.000000,0.000000,-1.000000,60228.765625,30.114380,0.000000,1005.894775,50.000000,0.000000,0.000000,-0.000000,0.000000,0.000000,0.000000,0.000000,776.081177,-776.081177,-1926594.250000,-1927370.375000
ml,worst,647,2026-10-20,994.550415,10.000000,1899.749512,50.000000,1.000000,1.000000,-94987.476562,47.493736,94987.476562,1204.575317,50.000000,1.000000,1.000000,-60228.765625,30.114380,60228.765625,1003.143982,50.000000,0.000000,0.000000,-0.000000,0.000000,0.000000,155216.250000,-155216.250000,853.689270,-853.689270,-1926594.250000,-1927448.000000
ml,worst,647,2026-10-21,992.709717,10.000000,1899.749512,50.000000,0.000000,-1.000000,94987.476562,47.493736,0.000000,1204.575317,50.000000,0.000000,-1.000000,60228.765625,30.114380,0.000000,979.236389,50.000000,0.000000,0.000000,-0.000000,0.000000,0.000000,0.000000,0.000000,931.297363,-931.297363,-1926594.250000,-1927525.500000
ml,worst,647,2026-10-22,980.547058,10.000000,1899.749512,50.000000,1.000000,1.000000,-94987.476562,47.493736,94987.476562,1204.575317,50.000000,1.000000,1.000000,-60228.765625,30.114380,60228.765625,990.952881,50.000000,0.000000,0.000000,-0.000000,0.000000,0.000000,155216.250000,-155216.250000,1008.905518,-1008.905518,-1926594.250000,-1927603.125000
ml,worst,647,2026-10-23,991.581421,10.000000,1899.749512,50.000000,0.000000,-1.000000,94987.476562,47.493736,0.000000,1204.575317,50.000000,0.000000,-1.000000,60228.765625,30.114380,0.000000,992.524353,50.000000,0.000000,0.000000,-0.000000,0.000000,0.000000,0.000000,0.000000,1086.513672,-1086.513672,-1926594.250000,-1927680.750000
ml,worst,647,2026-10-24,990.939026,10.000000,1899.749512,50.000000,0.000000,0.000000,-0.000000,0.000000,0.000000,1204.575317,50.000000,0.000000,0.000000,-0.000000,0.000000,0.000000,928.213318,50.000000,0.000000,0.000000,-0.000000,0.000000,0.000000,0.000000,0.000000,1086.513672,-1086.513672,-1926594.250000,-1927680.750000
ml,worst,647,2026-10-25,979.855286,10.000000,1899.749512,50.000000,0.000000,0.000000,-0.000000,0.000000,0.000000,1204.575317,50.000000,0.000000,0.000000,-0.000000,0.000000,0.000000,956.567017,50.000000,0.000000,0.000000,-0.000000,0.000000,0.000000,0.000000,0.000000,1086.513672,-1086.513672,-1926594.250000,-1927680.750000
ml,worst,647,2026-10-26,992.297058,10.000000,1899.749512,50.000000,1.000000,1.000000,-94987.476562,47.493736,94987.476562,1204.575317,50.000000,1.000000,1.000000,-60228.765625,30.114380,60228.765625,990.186157,50.000000,0.000000,0.000000,-0.000000,0.000000,0.000000,155216.250000,-155216.250000,1164.121826,-1164.121826,-1926594.250000,-1927758.375000
ml,worst,647,2026-10-27,990.192322,10.000000,1899.749512,50.000000,0.000000,-1.000000,94987.476562,47.493736,0.000000,1204.575317,50.000000,0.000000,-1.000000,60228.765625,30.114380,0.000000,992.885132,50.000000,0.000000,0.000000,-0.000000,0.000000,0.000000,0.000000,0.000000,1241.729858,-1241.729858,-1926594.250000,-1927836.000000
ml,worst,647,2026-10-28,996.278137,10.000000,1899.749512,50.000000,1.000000,1.000000,-94987.476562,47.493736,94987.476562,1204.575317,50.000000,1.000000,1.000000,-60228.765625,30.114380,60228.765625,971.631958,50.000000,0.000000,0.000000,-0.000000,0.000000,0.000000,155216.250000,-155216.250000,1319.337891,-1319.337891,-1926594.250000,-1927913.625000
ml,worst,647,2026-10-29,1001.604980,10.000000,1899.749512,50.000000,0.000000,-1.000000,94987.476562,47.493736,0.000000,1204.575317,50.000000,0.000000,-1.000000,60228.765625,30.114380,0.000000,1020.778076,50.000000,0.000000,0.000000,-0.000000,0.000000,0.000000,0.000000,0.000000,1396.946045,-1396.946045,-1926594.250000,-1927991.250000
ml,worst,647,2026-10-30,998.003113,10.000000,1899.749512,50.000000,0.000000,0.000000,-0.000000,0.000000,0.000000,1204.575317,50.000000,0.000000,0.000000,-0.000000,0.000000,0.000000,1020.778076,50.000000,0.000000,0.000000,-0.000000,0.000000,0.000000,0.000000,0.000000,1396.946045,-1396.946045,-1926594.250000,-1927991.250000
ml,p5,889,2026-04-10,2055.000244,10.000000,2026.171509,50.000000,0.000000,0.000000,-0.000000,0.000000,0.000000,2047.068848,50.000000,0.000000,0.000000,-0.000000,0.000000,0.000000,2070.749756,50.000000,0.000000,0.000000,-0.000000,0.000000,0.000000,0.000000,0.000000,0.000000,0.000000,4854.181641,4854.181641
ml,p5,889,2026-04-11,2012.859741,10.000000,2002.040161,50.000000,0.000000,0.000000,-0.000000,0.000000,0.000000,2021.881714,50.000000,0.000000,0.000000,-0.000000,0.000000,0.000000,2045.303467,50.000000,0.000000,0.000000,-0.000000,0.000000,0.000000,0.000000,0.000000,0.000000,0.000000,-106762.812500,-106762.812500
ml,p5,889,2026-04-12,1999.957275,10.000000,2009.866943,50.000000,0.000000,0.000000,-0.000000,0.000000,0.000000,2032.839111,50.000000,0.000000,0.000000,-0.000000,0.000000,0.000000,2057.737061,50.000000,0.000000,0.000000,-0.000000,0.000000,0.000000,0.000000,0.000000,0.000000,0.000000,-138138.515625,-138138.515625
ml,p5,889,2026-04-13,2015.005981,10.000000,2038.042114,50.000000,0.000000,0.000000,-0.000000,0.000000,0.000000,2061.737549,50.000000,0.000000,0.000000,-0.000000,0.000000,0.000000,2086.773193,50.000000,0.000000,0.000000,-0.000000,0.000000,0.000000,0.000000,0.000000,0.000000,0.000000,-102788.414062,-102788.414062
ml,p5,889,2026-04-14,1998.207153,10.000000,1990.119751,50.000000,0.000000,0.000000,-0.000000,0.000000,0.000000,2011.690308,50.000000,0.000000,0.000000,-0.000000,0.000000,0.000000,2036.023315,50.000000,0.000000,0.000000,-0.000000,0.000000,0.000000,0.000000,0.000000,0.000000,0.000000,-138610.921875,-138610.921875
ml,p5,889,2026-04-15,1994.640991,10.000000,1998.597778,50.000000,0.000000,0.000000,-0.000000,0.000000,0.000000,2017.040894,50.000000,0.000000,0.000000,-0.000000,0.000000,0.000000,2039.120972,50.000000,0.000000,0.000000,-0.000000,0.000000,0.000000,0.000000,0.000000,0.000000,0.000000,-144939.921875,-144939.921875
ml,p5,889,2026-04-16,1984.468140,10.000000,1975.623535,50.000000,0.000000,0.000000,-0.000000,0.000000,0.000000,1994.437988,50.000000,0.000000,0.000000,-0.000000,0.000000,0.000000,2015.592773,50.000000,0.000000,0.000000,-0.000000,0.000000,0.000000,0.000000,0.000000,0.000000,0.000000,-170301.703125,-170301.703125
ml,p5,889,2026-04-17,2000.282471,10.000000,1974.980835,50.000000,0.000000,0.000000,-0.000000,0.000000,0.000000,1995.404541,50.000000,0.000000,0.000000,-0.000000,0.000000,0.000000,2017.056641,50.000000,0.000000,0.000000,-0.000000,0.000000,0.000000,0.000000,0.000000,0.000000,0.000000,-121862.468750,-121862.468750
ml,p5,889,2026-04-18,1961.751587,10.000000,1975.966187,50.000000,0.000000,0.000000,-0.000000,0.000000,0.000000,1996.285767,50.000000,0.000000,0.000000,-0.000000,0.000000,0.000000,2017.587280,50.000000,0.000000,0.000000,-0.000000,0.000000,0.000000,0.000000,0.000000,0.000000,0.000000,-215048.625000,-215048.625000
ml,p5,889,2026-04-19,1991.304443,10.000000,1987.900513,50.000000,0.000000,0.000000,-0.000000,0.000000,0.000000,2006.786011,50.000000,0.000000,0.000000,-0.000000,0.000000,0.000000,2026.547485,50.000000,0.000000,0.000000,-0.000000,0.000000,0.000000,0.000000,0.000000,0.000000,0.000000,-134146.203125,-134146.203125
ml,p5,889,2026-04-20,1963.352905,10.000000,1954.381348,50.000000,0.000000,0.000000,-0.000000,0.000000,0.000000,1972.636597,50.000000,0.000000,0.000000,-0.000000,0.000000,0.000000,1992.636353,50.000000,0.000000,0.000000,-0.000000,0.000000,0.000000,0.000000,0.000000,0.000000,0.000000,-198014.484375,-198014.484375
ml,p5,889,2026-04-21,1975.091187,10.000000,1968.428589,50.000000,0.000000,0.000000,-0.000000,0.000000,0.000000,1987.356567,50.000000,0.000000,0.000000,-0.000000,0.000000,0.000000,2006.015625,50.000000,0.000000,0.000000,-0.000000,0.000000,0.000000,0.000000,0.000000,0.000000,0.000000,-167503.687500,-167503.687500
ml,p5,889,2026-04-22,2022.691895,10.000000,2012.445557,50.000000,0.000000,0.000000,-0.000000,0.000000,0.000000,2032.153931,50.000000,0.000000,0.000000,-0.000000,0.000000,0.000000,2051.377441,50.000000,0.000000,0.000000,-0.000000,0.000000,0.000000,0.000000,0.000000,0.000000,0.000000,-41104.703125,-41104.703125
ml,p5,889,2026-04-23,2027.317017,10.000000,2008.147095,50.000000,0.000000,0.000000,-0.000000,0.000000,0.000000,2025.229980,50.000000,0.000000,0.000000,-0.000000,0.000000,0.000000,2043.396484,50.000000,0.000000,0.000000,-0.000000,0.000000,0.000000,0.000000,0.000000,0.000000,0.000000,-23106.923828,-23106.923828
ml,p5,889,2026-04-24,2003.172729,10.000000,2002.844238,50.000000,0.000000,0.000000,-0.000000,0.000000,0.000000,2019.837769,50.000000,0.000000,0.000000,-0.000000,0.000000,0.000000,2038.773438,50.000000,0.000000,0.000000,-0.000000,0.000000,0.000000,0.000000,0.000000,0.000000,0.000000,-72569.406250,-72569.406250
ml,p5,889,2026-04-25,2019.963257,10.000000,2057.308594,50.000000,0.000000,0.000000,-0.000000,0.000000,0.000000,2074.624023,50.000000,0.000000,0.000000,-0.000000,0.000000,0.000000,2092.956543,50.000000,0.000000,0.000000,-0.000000,0.000000,0.000000,0.000000,0.000000,0.000000,0.000000,-25882.437500,-25882.437500
ml,p5,889,2026-04-26,2018.334106,10.000000,2048.276367,50.000000,0.000000,0.000000,-0.000000,0.000000,0.000000,2065.415527,50.000000,0.000000,0.000000,-0.000000,0.000000,0.000000,2083.754150,50.000000,0.000000,0.000000,-0.000000,0.000000,0.000000,0.000000,0.000000,0.000000,0.000000,-19562.048828,-19562.048828
ml,p5,889,2026-04-27,2007.049683,10.000000,2042.588135,50.000000,0.000000,0.000000,-0.000000,0.000000,0.000000,2061.075684,50.000000,0.000000,0.000000,-0.000000,0.000000,0.000000,2080.641357,50.000000,0.000000,0.000000,-0.000000,0.000000,0.000000,0.000000,0.000000,0.000000,0.000000,-46232.476562,-46232.476562
ml,p5,889,2026-04-28,1990.524170,10.000000,2008.770386,50.000000,0.000000,0.000000,-0.000000,0.000000,0.000000,2026.638306,50.000000,0.000000,0.000000,-0.000000,0.000000,0.000000,2046.280884,50.000000,0.000000,0.000000,-0.000000,0.000000,0.000000,0.000000,0.000000,0.000000,0.000000,-86317.476562,-86317.476562
ml,p5,889,2026-04-29,1961.517700,10.000000,1979.062988,50.000000,0.000000,0.000000,-0.000000,0.000000,0.000000,1996.670898,50.000000,0.000000,0.000000,-0.000000,0.000000,0.000000,2015.296997,50.000000,0.000000,0.000000,-0.000000,0.000000,0.000000,0.000000,0.000000,0.000000,0.000000,-150263.687500,-150263.687500
ml,p5,889,2026-04-30,1922.552368,10.000000,1979.062988,50.000000,0.000000,0.000000,-0.000000,0.000000,0.000000,1966.897095,50.000000,0.000000,0.000000,-0.000000,0.000000,0.000000,1985.296265,50.000000,0.000000,0.000000,-0.000000,0.000000,0.000000,0.000000,0.000000,0.000000,0.000000,-245667.046875,-245667.046875
ml,p5,889,2026-05-01,1888.581787,10.000000,1979.062988,50.000000,0.000000,0.000000,-0.000000,0.000000,0.000000,1918.300537,50.000000,0.000000,0.000000,-0.000000,0.000000,0.000000,1935.149048,50.000000,0.000000,0.000000,-0.000000,0.000000,0.000000,0.000000,0.000000,0.000000,0.000000,-336786.343750,-336786.343750
ml,p5,889,2026-05-02,1890.784912,10.000000,1979.062988,50.000000,0.000000,0.000000,-0.000000,0.000000,0.000000,1913.161255,50.000000,0.000000,0.000000,-0.000000,0.000000,0.000000,1929.706909,50.000000,0.000000,0.000000,-0.000000,0.000000,0.000000,0.000000,0.000000,0.000000,0.000000,-331553.625000,-331553.625000
ml,p5,889,2026-05-03,1890.300903,10.000000,1979.062988,50.000000,0.000000,0.000000,-0.000000,0.000000,0.000000,1905.199463,50.000000,0.000000,0.000000,-0.000000,0.000000,0.000000,1921.303955,50.000000,0.000000,0.000000,-0.000000,0.000000,0.000000,0.000000,0.000000,0.000000,0.000000,-334550.281250,-334550.281250
ml,p5,889,2026-05-04,1906.926147,10.000000,1979.062988,50.000000,0.000000,0.000000,-0.000000,0.000000,0.000000,1949.596313,50.000000,0.000000,0.000000,-0.000000,0.000000,0.000000,1966.968140,50.000000,0.000000,0.000000,-0.000000,0.000000,0.000000,0.000000,0.000000,0.000000,0.000000,-289815.906250,-289815.906250
ml,p5,889,2026-05-05,1901.025879,10.000000,1979.062988,50.000000,0.000000,0.000000,-0.000000,0.000000,0.000000,1939.926025,50.000000,0.000000,0.000000,-0.000000,0.000000,0.000000,1957.031494,50.000000,0.000000,0.000000,-0.000000,0.000000,0.000000,0.000000,0.000000,0.000000,0.000000,-306322.812500,-306322.812500
ml,p5,889,2026-05-06,1900.134155,10.000000,1979.062988,50.000000,0.000000,0.000000,-0.000000,0.000000,0.000000,1933.870239,50.000000,0.000000,0.000000,-0.000000,0.000000,0.000000,1951.642944,50.000000,0.000000,0.000000,-0.000000,0.000000,0.000000,0.000000,0.000000,0.000000,0.000000,-311634.718750,-311634.718750
ml,p5,889,2026-05-07,1896.594727,10.000000,1979.062988,50.000000,0.000000,0.000000,-0.000000,0.000000,0.000000,1878.038818,50.000000,0.000000,0.000000,-0.000000,0.000000,0.000000,1893.941406,50.000000,0.000000,0.000000,-0.000000,0.000000,0.000000,0.000000,0.000000,0.000000,0.000000,-318857.312500,-318857.312500
ml,p5,889,2026-05-08,1876.240723,10.000000,1979.062988,50.000000,0.000000,0.000000,-0.000000,0.000000,0.000000,1874.491821,50.000000,0.000000,0.000000,-0.000000,0.000000,0.000000,1889.256104,50.000000,0.000000,0.000000,-0.000000,0.000000,0.000000,0.000000,0.000000,0.000000,0.000000,-368046.593750,-368046.593750
ml,p5,889,2026-05-09,1869.471436,10.000000,1979.062988,50.000000,0.000000,0.000000,-0.000000,0.000000,0.000000,1877.653198,50.000000,0.000000,0.000000,-0.000000,0.000000,0.000000,1892.303955,50.000000,0.000000,0.000000,-0.000000,0.000000,0.000000,0.000000,0.000000,0.000000,0.000000,-381190.750000,-381190.750000
ml,p5,889,2026-05-10,1863.880737,10.000000,1979.062988,50.000000,0.000000,0.000000,-0.000000,0.000000,0.000000,1874.635010,50.000000,0.000000,0.000000,-0.000000,0.000000,0.000000,1887.855469,50.000000,0.000000,0.000000,-0.000000,0.000000,0.000000,0.000000,0.000000,0.000000,0.000000,-392336.406250,-392336.406250
ml,p5,889,2026-05-11,1858.311279,10.000000,1979.062988,50.000000,0.000000,0.000000,-0.000000,0.000000,0.000000,1871.982788,50.000000,0.000000,0.000000,-0.000000,0.000000,0.000000,1885.604248,50.000000,0.000000,0.000000,-0.000000,0.000000,0.000000,0.000000,0.000000,0.000000,0.000000,-409331.937500,-409331.937500
ml,p5,889,2026-05-12,1881.218018,10.000000,1979.062988,50.000000,0.000000,0.000000,-0.000000,0.000000,0.000000,1881.236938,50.000000,0.000000,0.000000,-0.000000,0.000000,0.000000,1887.059570,50.000000,0.000000,0.000000,-0.000000,0.000000,0.000000,0.000000,0.000000,0.000000,0.000000,-352881.843750,-352881.843750
ml,p5,889,2026-05-13,1875.247925,10.000000,1979.062988,50.000000,0.000000,0.000000,-0.000000,0.000000,0.000000,1870.112793,50.000000,0.000000,0.000000,-0.000000,0.000000,0.000000,1876.115112,50.000000,0.000000,0.000000,-0.000000,0.000000,0.000000,0.000000,0.000000,0.000000,0.000000,-369771.906250,-369771.906250
ml,p5,889,2026-05-14,1896.588501,10.000000,1979.062988,50.000000,0.000000,0.000000,-0.000000,0.000000,0.000000,1912.797241,50.000000,0.000000,0.000000,-0.000000,0.000000,0.000000,1917.403809,50.000000,0.000000,0.000000,-0.000000,0.000000,0.000000,0.000000,0.000000,0.000000,0.000000,-316473.843750,-316473.843750
ml,p5,889,2026-05-15,1903.549438,10.000000,1979.062988,50.000000,0.000000,0.000000,-0.000000,0.000000,0.000000,1920.930054,50.000000,0.000000,0.000000,-0.000000,0.000000,0.000000,1929.106567,50.000000,0.000000,0.000000,-0.000000,0.000000,0.000000,0.000000,0.000000,0.000000,0.000000,-301503.500000,-301503.500000
ml,p5,889,2026-05-16,1895.293823,10.000000,1979.062988,50.000000,0.000000,0.000000,-0.000000,0.000000,0.000000,1879.431274,50.000000,0.000000,0.000000,-0.000000,0.000000,0.000000,1889.306030,50.000000,0.000000,0.000000,-0.000000,0.000000,0.000000,0.000000,0.000000,0.000000,0.000000,-323646.156250,-323646.156250
ml,p5,889,2026-05-17,1914.464600,10.000000,1979.062988,50.000000,0.000000,0.000000,-0.000000,0.000000,0.000000,1918.928955,50.000000,0.000000,0.000000,-0.000000,0.000000,0.000000,1928.836426,50.000000,0.000000,0.000000,-0.000000,0.000000,0.000000,0.000000,0.000000,0.000000,0.000000,-277491.812500,-277491.812500
ml,p5,889,2026-05-18,1890.662354,10.000000,1979.062988,50.000000,0.000000,0.000000,-0.000000,0.000000,0.000000,1903.776001,50.000000,0.000000,0.000000,-0.000000,0.000000,0.000000,1914.911621,50.000000,0.000000,0.000000,-0.000000,0.000000,0.000000,0.000000,0.000000,0.000000,0.000000,-339754.687500,-339754.687500
ml,p5,889,2026-05-19,1904.634399,10.000000,1979.062988,50.000000,0.000000,0.000000,-0.000000,0.000000,0.000000,1938.436890,50.000000,0.000000,0.000000,-0.000000,0.000000,0.000000,1946.005615,50.000000,0.000000,0.000000,-0.000000,0.000000,0.000000,0.000000,0.000000,0.000000,0.000000,-302366.875000,-302366.875000
ml,p5,889,2026-05-20,1929.736572,10.000000,1979.062988,50.000000,0.000000,0.000000,-0.000000,0.000000,0.000000,1947.657837,50.000000,0.000000,0.000000,-0.000000,0.000000,0.000000,1957.746948,50.000000,0.000000,0.000000,-0.000000,0.000000,0.000000,0.000000,0.000000,0.000000,0.000000,-239914.828125,-239914.828125
ml,p5,889,2026-05-21,1933.296265,10.000000,1979.062988,50.000000,0.000000,0.000000,-0.000000,0.000000,0.000000,1956.387207,50.000000,0.000000,0.000000,-0.000000,0.000000,0.000000,1967.639038,50.000000,0.000000,0.000000,-0.000000,0.000000,0.000000,0.000000,0.000000,0.000000,0.000000,-233427.296875,-233427.296875
ml,p5,889,2026-05-22,1947.141357,10.000000,1979.062988,50.000000,0.000000,0.000000,-0.000000,0.000000,0.000000,1970.004150,50.000000,0.000000,0.000000,-0.000000,0.000000,0.000000,1979.390015,50.000000,0.000000,0.000000,-0.000000,0.000000,0.000000,0.000000,0.000000,0.000000,0.000000,-201674.421875,-201674.421875
ml,p5,889,2026-05-23,1946.959473,10.000000,1979.062988,50.000000,0.000000,0.000000,-0.000000,0.000000,0.000000,1926.198853,50.000000,0.000000,0.000000,-0.000000,0.000000,0.000000,1936.386719,50.000000,0.000000,0.000000,-0.000000,0.000000,0.000000,0.000000,0.000000,0.000000,0.000000,-204243.250000,-204243.250000
ml,p5,889,2026-05-24,1910.174194,10.000000,1979.062988,50.000000,0.000000,0.000000,-0.000000,0.000000,0.000000,1883.825684,50.000000,0.000000,0.000000,-0.000000,0.000000,0.000000,1894.465332,50.000000,0.000000,0.000000,-0.000000,0.000000,0.000000,0.000000,0.000000,0.000000,0.000000,-297977.687500,-297977.687500
ml,p5,889,2026-05-25,1897.918335,10.000000,1979.062988,50.000000,0.000000,0.000000,-0.000000,0.000000,0.000000,1913.226685,50.000000,0.000000,0.000000,-0.000000,0.000000,0.000000,1926.718750,50.000000,0.000000,0.000000,-0.000000,0.000000,0.000000,0.000000,0.000000,0.000000,0.000000,-330885.250000,-330885.250000
ml,p5,889,2026-05-26,1892.181152,10.000000,1979.062988,50.000000,0.000000,0.000000,-0.000000,0.000000,0.000000,1888.166016,50.000000,0.000000,0.000000,-0.000000,0.000000,0.000000,1901.335205,50.000000,0.000000,0.000000,-0.000000,0.000000,0.000000,0.000000,0.000000,0.000000,0.000000,-346380.812500,-346380.812500
ml,p5,889,2026-05-27,1892.304810,10.000000,1979.062988,50.000000,0.000000,0.000000,-0.000000,0.000000,0.000000,1901.788574,50.000000,0.000000,0.000000,-0.000000,0.000000,0.000000,1914.286377,50.000000,0.000000,0.000000,-0.000000,0.000000,0.000000,0.000000,0.000000,0.000000,0.000000,-347606.031250,-347606.031250
ml,p5,889,2026-05-28,1845.165405,10.000000,1979.062988,50.000000,0.000000,0.000000,-0.000000,0.000000,0.000000,1846.577393,50.000000,0.000000,0.000000,-0.000000,0.000000,0.000000,1856.774780,50.000000,0.000000,0.000000,-0.000000,0.000000,0.000000,0.000000,0.000000,0.000000,0.000000,-466082.937500,-466082.937500
ml,p5,889,2026-05-29,1874.069702,10.000000,1979.062988,50.000000,0.000000,0.000000,-0.000000,0.000000,0.000000,1899.696045,50.000000,0.000000,0.000000,-0.000000,0.000000,0.000000,1912.398560,50.000000,0.000000,0.000000,-0.000000,0.000000,0.000000,0.000000,0.000000,0.000000,0.000000,-393124.250000,-393124.250000
ml,p5,889,2026-05-30,1879.078979,10.000000,1979.062988,50.000000,0.000000,0.000000,-0.000000,0.000000,0.000000,1902.875366,50.000000,0.000000,0.000000,-0.000000,0.000000,0.000000,1917.915527,50.000000,0.000000,0.000000,-0.000000,0.000000,0.000000,0.000000,0.000000,0.000000,0.000000,-381431.468750,-381431.468750
ml,p5,889,2026-05-31,1894.944946,10.000000,1979.062988,50.000000,0.000000,0.000000,-0.000000,0.000000,0.000000,1916.511475,50.000000,0.000000,0.000000,-0.000000,0.000000,0.000000,1931.803955,50.000000,0.000000,0.000000,-0.000000,0.000000,0.000000,0.000000,0.000000,0.000000,0.000000,-342839.437500,-342839.437500
ml,p5,889,2026-06-01,1854.461426,10.000000,1979.062988,50.000000,0.000000,0.000000,-0.000000,0.000000,0.000000,1892.508911,50.000000,0.000000,0.000000,-0.000000,0.000000,0.000000,1909.393433,50.000000,0.000000,0.000000,-0.000000,0.000000,0.000000,0.000000,0.000000,0.000000,0.000000,-448580.031250,-448580.031250
ml,p5,889,2026-06-02,1847.391113,10.000000,1979.062988,50.000000,0.000000,0.000000,-0.000000,0.000000,0.000000,1872.986572,50.000000,0.000000,0.000000,-0.000000,0.000000,0.000000,1888.944336,50.000000,0.000000,0.000000,-0.000000,0.000000,0.000000,0.000000,0.000000,0.000000,0.000000,-469489.343750,-469489.343750
ml,p5,889,2026-06-03,1841.913696,10.000000,1979.062988,50.000000,0.000000,0.000000,-0.000000,0.000000,0.000000,1846.778076,50.000000,0.000000,0.000000,-0.000000,0.000000,0.000000,1864.428955,50.000000,0.000000,0.000000,-0.000000,0.000000,0.000000,0.000000,0.000000,0.000000,0.000000,-487026.093750,-487026.093750
ml,p5,889,2026-06-04,1859.263916,10.000000,1979.062988,50.000000,0.000000,0.000000,-0.000000,0.000000,0.000000,1884.884644,50.000000,0.000000,0.000000,-0.000000,0.000000,0.000000,1903.550537,50.000000,0.000000,0.000000,-0.000000,0.000000,0.000000,0.000000,0.000000,0.000000,0.000000,-447946.531250,-447946.531250
ml,p5,889,2026-06-05,1838.972900,10.000000,1979.062988,50.000000,0.000000,0.000000,-0.000000,0.000000,0.000000,1861.428101,50.000000,0.000000,0.000000,-0.000000,0.000000,0.000000,1878.888916,50.000000,0.000000,0.000000,-0.000000,0.000000,0.000000,0.000000,0.000000,0.000000,0.000000,-500440.062500,-500440.062500
ml,p5,889,2026-06-06,1825.739502,10.000000,1979.062988,50.000000,0.000000,0.000000,-0.000000,0.000000,0.000000,1832.461304,50.000000,0.000000,0.000000,-0.000000,0.000000,0.000000,1848.462769,50.000000,0.000000,0.000000,-0.000000,0.000000,0.000000,0.000000,0.000000,0.000000,0.000000,-533724.812500,-533724.812500
ml,p5,889,2026-06-07,1840.268677,10.000000,1979.062988,50.000000,0.000000,0.000000,-0.000000,0.000000,0.000000,1858.626221,50.000000,0.000000,0.000000,-0.000000,0.000000,0.000000,1876.367798,50.000000,0.000000,0.000000,-0.000000,0.000000,0.000000,0.000000,0.000000,0.000000,0.000000,-498298.656250,-498298.656250
ml,p5,889,2026-06-08,1882.596313,10.000000,1979.062988,50.000000,0.000000,0.000000,-0.000000,0.000000,0.000000,1910.108643,50.000000,0.000000,0.000000,-0.000000,0.000000,0.000000,1931.984985,50.000000,0.000000,0.000000,-0.000000,0.000000,0.000000,0.000000,0.000000,0.000000,0.000000,-391589.437500,-391589.437500
ml,p5,889,2026-06-09,1882.997681,10.000000,1979.062988,50.000000,0.000000,0.000000,-0.000000,0.000000,0.000000,1881.207642,50.000000,0.000000,0.000000,-0.000000,0.000000,0.000000,1901.021240,50.000000,0.000000,0.000000,-0.000000,0.000000,0.000000,0.000000,0.000000,0.000000,0.000000,-389224.093750,-389224.093750
ml,p5,889,2026-06-10,1835.383789,10.000000,1979.062988,50.000000,0.000000,0.000000,-0.000000,0.000000,0.000000,1844.482788,50.000000,0.000000,0.000000,-0.000000,0.000000,0.000000,1863.181030,50.000000,0.000000,0.000000,-0.000000,0.000000,0.000000,0.000000,0.000000,0.000000,0.000000,-509633.468750,-509633.468750
ml,p5,889,2026-06-11,1833.657959,10.000000,1979.062988,50.000000,0.000000,0.000000,-0.000000,0.000000,0.000000,1854.497803,50.000000,0.000000,0.000000,-0.000000,0.000000,0.000000,1871.824707,50.000000,0.000000,0.000000,-0.000000,0.000000,0.000000,0.000000,0.000000,0.000000,0.000000,-514967.093750,-514967.093750
ml,p5,889,2026-06-12,1826.898560,10.000000,1979.062988,50.000000,0.000000,0.000000,-0.000000,0.000000,0.000000,1857.036377,50.000000,0.000000,0.000000,-0.000000,0.000000,0.000000,1872.394287,50.000000,0.000000,0.000000,-0.000000,0.000000,0.000000,0.000000,0.000000,0.000000,0.000000,-536930.125000,-536930.125000
ml,p5,889,2026-06-13,1783.997437,10.000000,1979.062988,50.000000,0.000000,0.000000,-0.000000,0.000000,0.000000,1786.191772,50.000000,0.000000,0.000000,-0.000000,0.000000,0.000000,1798.332275,50.000000,0.000000,0.000000,-0.000000,0.000000,0.000000,0.000000,0.000000,0.000000,0.000000,-646361.750000,-646361.750000
ml,p5,889,2026-06-14,1823.993896,10.000000,1979.062988,50.000000,0.000000,0.000000,-0.000000,0.000000,0.000000,1829.613281,50.000000,0.000000,0.000000,-0.000000,0.000000,0.000000,1843.563721,50.000000,0.000000,0.000000,-0.000000,0.000000,0.000000,0.000000,0.000000,0.000000,0.000000,-546708.187500,-546708.187500
ml,p5,889,2026-06-15,1804.864746,10.000000,1979.062988,50.000000,0.000000,0.000000,-0.000000,0.000000,0.000000,1815.727783,50.000000,0.000000,0.000000,-0.000000,0.000000,0.000000,1831.611816,50.000000,0.000000,0.000000,-0.000000,0.000000,0.000000,0.000000,0.000000,0.000000,0.000000,-595376.625000,-595376.625000
ml,p5,889,2026-06-16,1818.670166,10.000000,1979.062988,50.000000,0.000000,0.000000,-0.000000,0.000000,0.000000,1811.305542,50.000000,0.000000,0.000000,-0.000000,0.000000,0.000000,1828.373535,50.000000,0.000000,0.000000,-0.000000,0.000000,0.000000,0.000000,0.000000,0.000000,0.000000,-563134.312500,-563134.312500
ml,p5,889,2026-06-17,1872.124512,10.000000,1979.062988,50.000000,0.000000,0.000000,-0.000000,0.000000,0.000000,1853.165649,50.000000,0.000000,0.000000,-0.000000,0.000000,0.000000,1870.046265,50.000000,0.000000,0.000000,-0.000000,0.000000,0.000000,0.000000,0.000000,0.000000,0.000000,-428861.375000,-428861.375000
ml,p5,889,2026-06-18,1857.357910,10.000000,1979.062988,50.000000,0.000000,0.000000,-0.000000,0.000000,0.000000,1880.411743,50.000000,0.000000,0.000000,-0.000000,0.000000,0.000000,1896.571533,50.000000,0.000000,0.000000,-0.000000,0.000000,0.000000,0.000000,0.000000,0.000000,0.000000,-463482.250000,-463482.250000
ml,p5,889,2026-06-19,1855.403320,10.000000,1979.062988,50.000000,0.000000,0.000000,-0.000000,0.000000,0.000000,1863.172119,50.000000,0.000000,0.000000,-0.000000,0.000000,0.000000,1878.454956,50.000000,0.000000,0.000000,-0.000000,0.000000,0.000000,0.000000,0.000000,0.000000,0.000000,-469122.000000,-469122.000000
ml,p5,889,2026-06-20,1840.694092,10.000000,1979.062988,50.000000,0.000000,0.000000,-0.000000,0.000000,0.000000,1839.386108,50.000000,0.000000,0.000000,-0.000000,0.000000,0.000000,1854.750732,50.000000,0.000000,0.000000,-0.000000,0.000000,0.000000,0.000000,0.000000,0.000000,0.000000,-507273.812500,-507273.812500
ml,p5,889,2026-06-21,1867.985229,10.000000,1979.062988,50.000000,0.000000,0.000000,-0.000000,0.000000,0.000000,1870.284058,50.000000,0.000000,0.000000,-0.000000,0.000000,0.000000,1887.611572,50.000000,0.000000,0.000000,-0.000000,0.000000,0.000000,0.000000,0.000000,0.000000,0.000000,-439357.687500,-439357.687500
ml,p5,889,2026-06-22,1854.084717,10.000000,1979.062988,50.000000,0.000000,0.000000,-0.000000,0.000000,0.000000,1851.021729,50.000000,0.000000,0.000000,-0.000000,0.000000,0.000000,1865.800537,50.000000,0.000000,0.000000,-0.000000,0.000000,0.000000,0.000000,0.000000,0.000000,0.000000,-475658.031250,-475658.031250
ml,p5,889,2026-06-23,1861.160400,10.000000,1979.062988,50.000000,0.000000,0.000000,-0.000000,0.000000,0.000000,1874.039795,50.000000,0.000000,0.000000,-0.000000,0.000000,0.000000,1889.451538,50.000000,0.000000,0.000000,-0.000000,0.000000,0.000000,0.000000,0.000000,0.000000,0.000000,-458814.687500,-458814.687500
ml,p5,889,2026-06-24,1853.291992,10.000000,1979.062988,50.000000,0.000000,0.000000,-0.000000,0.000000,0.000000,1882.931274,50.000000,0.000000,0.000000,-0.000000,0.000000,0.000000,1897.767090,50.000000,0.000000,0.000000,-0.000000,0.000000,0.000000,0.000000,0.000000,0.000000,0.000000,-480214.218750,-480214.218750
ml,p5,889,2026-06-25,1882.233765,10.000000,1979.062988,50.000000,0.000000,0.000000,-0.000000,0.000000,0.000000,1905.145508,50.000000,0.000000,0.000000,-0.000000,0.000000,0.000000,1922.669067,50.000000,0.000000,0.000000,-0.000000,0.000000,0.000000,0.000000,0.000000,0.000000,0.000000,-408671.000000,-408671.000000
ml,p5,889,2026-06-26,1876.723877,10.000000,1979.062988,50.000000,0.000000,0.000000,-0.000000,0.000000,0.000000,1916.137939,50.000000,0.000000,0.000000,-0.000000,0.000000,0.000000,1932.665039,50.000000,0.000000,0.000000,-0.000000,0.000000,0.000000,0.000000,0.000000,0.000000,0.000000,-423158.562500,-423158.562500
ml,p5,889,2026-06-27,1854.641846,10.000000,1979.062988,50.000000,0.000000,0.000000,-0.000000,0.000000,0.000000,1874.123291,50.000000,0.000000,0.000000,-0.000000,0.000000,0.000000,1888.306396,50.000000,0.000000,0.000000,-0.000000,0.000000,0.000000,0.000000,0.000000,0.000000,0.000000,-478946.750000,-478946.750000
ml,p5,889,2026-06-28,1849.802856,10.000000,1979.062988,50.000000,0.000000,0.000000,-0.000000,0.000000,0.000000,1868.074097,50.000000,0.000000,0.000000,-0.000000,0.000000,0.000000,1882.454834,50.000000,0.000000,0.000000,-0.000000,0.000000,0.000000,0.000000,0.000000,0.000000,0.000000,-491332.968750,-491332.968750
ml,p5,889,2026-06-29,1878.220825,10.000000,1979.062988,50.000000,0.000000,0.000000,-0.000000,0.000000,0.000000,1881.112183,50.000000,0.000000,0.000000,-0.000000,0.000000,0.000000,1895.075928,50.000000,0.000000,0.000000,-0.000000,0.000000,0.000000,0.000000,0.000000,0.000000,0.000000,-421440.625000,-421440.625000
ml,p5,889,2026-06-30,1892.096436,10.000000,1979.062988,50.000000,0.000000,0.000000,-0.000000,0.000000,0.000000,1905.450806,50.000000,0.000000,0.000000,-0.000000,0.000000,0.000000,1919.268188,50.000000,0.000000,0.000000,-0.000000,0.000000,0.000000,0.000000,0.000000,0.000000,0.000000,-388459.781250,-388459.781250
ml,p5,889,2026-07-01,1897.773438,10.000000,1979.062988,50.000000,0.000000,0.000000,-0.000000,0.000000,0.000000,1904.869263,50.000000,0.000000,0.000000,-0.000000,0.000000,0.000000,1919.176392,50.000000,0.000000,0.000000,-0.000000,0.000000,0.000000,0.000000,0.000000,0.000000,0.000000,-375478.656250,-375478.656250
ml,p5,889,2026-07-02,1885.286011,10.000000,1979.062988,50.000000,0.000000,0.000000,-0.000000,0.000000,0.000000,1888.299683,50.000000,0.000000,0.000000,-0.000000,0.000000,0.000000,1902.848022,50.000000,0.000000,0.000000,-0.000000,0.000000,0.000000,0.000000,0.000000,0.000000,0.000000,-406308.812500,-406308.812500
ml,p5,889,2026-07-03,1882.312744,10.000000,1979.062988,50.000000,0.000000,0.000000,-0.000000,0.000000,0.000000,1892.669678,50.000000,0.000000,0.000000,-0.000000,0.000000,0.000000,1905.953125,50.000000,0.000000,0.000000,-0.000000,0.000000,0.000000,0.000000,0.000000,0.000000,0.000000,-414448.812500,-414448.812500
ml,p5,889,2026-07-04,1856.097168,10.000000,1979.062988,50.000000,0.000000,0.000000,-0.000000,0.000000,0.000000,1860.647827,50.000000,0.000000,0.000000,-0.000000,0.000000,0.000000,1871.582031,50.000000,0.000000,0.000000,-0.000000,0.000000,0.000000,0.000000,0.000000,0.000000,0.000000,-472944.093750,-472944.093750
ml,p5,889,2026-07-05,1876.194214,10.000000,1979.062988,50.000000,0.000000,0.000000,-0.000000,0.000000,0.000000,1891.285034,50.000000,0.000000,0.000000,-0.000000,0.000000,0.000000,1901.259888,50.000000,0.000000,0.000000,-0.000000,0.000000,0.000000,0.000000,0.000000,0.000000,0.000000,-429921.468750,-429921.468750
ml,p5,889,2026-07-06,1833.059937,10.000000,1979.062988,50.000000,0.000000,0.000000,-0.000000,0.000000,0.000000,1859.467651,50.000000,0.000000,0.000000,-0.000000,0.000000,0.000000,1870.715576,50.000000,0.000000,0.000000,-0.000000,0.000000,0.000000,0.000000,0.000000,0.000000,0.000000,-524306.875000,-524306.875000
ml,p5,889,2026-07-07,1900.493896,10.000000,1979.062988,50.000000,0.000000,0.000000,-0.000000,0.000000,0.000000,1925.907837,50.000000,0.000000,0.000000,-0.000000,0.000000,0.000000,1938.568604,50.000000,0.000000,0.000000,-0.000000,0.000000,0.000000,0.000000,0.000000,0.000000,0.000000,-386181.125000,-386181.125000
ml,p5,889,2026-07-08,1913.326538,10.000000,1979.062988,50.000000,0.000000,0.000000,-0.000000,0.000000,0.000000,1926.355835,50.000000,0.000000,0.000000,-0.000000,0.000000,0.000000,1937.256714,50.000000,0.000000,0.000000,-0.000000,0.000000,0.000000,0.000000,0.000000,0.000000,0.000000,-362338.343750,-362338.343750
ml,p5,889,2026-07-09,1860.800171,10.000000,1979.062988,50.000000,0.000000,0.000000,-0.000000,0.000000,0.000000,1851.146851,50.000000,0.000000,0.000000,-0.000000,0.000000,0.000000,1865.685791,50.000000,0.000000,0.000000,-0.000000,0.000000,0.000000,0.000000,0.000000,0.000000,0.000000,-460360.218750,-460360.218750
ml,p5,889,2026-07-10,1846.606323,10.000000,1979.062988,50.000000,0.000000,0.000000,-0.000000,0.000000,0.000000,1838.350708,50.000000,0.000000,0.000000,-0.000000,0.000000,0.000000,1852.781006,50.000000,0.000000,0.000000,-0.000000,0.000000,0.000000,0.000000,0.000000,0.000000,0.000000,-485585.062500,-485585.062500
ml,p5,889,2026-07-11,1885.604248,10.000000,1979.062988,50.000000,0.000000,0.000000,-0.000000,0.000000,0.000000,1878.356079,50.000000,0.000000,0.000000,-0.000000,0.000000,0.000000,1894.352905,50.000000,0.000000,0.000000,-0.000000,0.000000,0.000000,0.000000,0.000000,0.000000,0.000000,-422585.468750,-422585.468750
ml,p5,889,2026-07-12,1887.993896,10.000000,1979.062988,50.000000,0.000000,0.000000,-0.000000,0.000000,0.000000,1894.472778,50.000000,0.000000,0.000000,-0.000000,0.000000,0.000000,1912.924316,50.000000,0.000000,0.000000,-0.000000,0.000000,0.000000,0.000000,0.000000,0.000000,0.000000,-419362.000000,-419362.000000
ml,p5,889,2026-07-13,1879.242920,10.000000,1979.062988,50.000000,0.000000,0.000000,-0.000000,0.000000,0.000000,1887.138428,50.000000,0.000000,0.000000,-0.000000,0.000000,0.000000,1904.736450,50.000000,0.000000,0.000000,-0.000000,0.000000,0.000000,0.000000,0.000000,0.000000,0.000000,-434300.031250,-434300.031250
ml,p5,889,2026-07-14,1860.374268,10.000000,1979.062988,50.000000,0.000000,0.000000,-0.000000,0.000000,0.000000,1857.463257,50.000000,0.000000,0.000000,-0.000000,0.000000,0.000000,1874.857300,50.000000,0.000000,0.000000,-0.000000,0.000000,0.000000,0.000000,0.000000,0.000000,0.000000,-463553.687500,-463553.687500
ml,p5,889,2026-07-15,1746.098877,10.000000,1979.062988,50.000000,0.000000,0.000000,-0.000000,0.000000,0.000000,1714.644409,50.000000,0.000000,0.000000,-0.000000,0.000000,0.000000,1731.525024,50.000000,0.000000,0.000000,-0.000000,0.000000,0.000000,0.000000,0.000000,0.000000,0.000000,-625745.750000,-625745.750000
ml,p5,889,2026-07-16,1717.905518,10.000000,1979.062988,50.000000,0.000000,0.000000,-0.000000,0.000000,0.000000,1694.972534,50.000000,0.000000,0.000000,-0.000000,0.000000,0.000000,1712.446777,50.000000,0.000000,0.000000,-0.000000,0.000000,0.000000,0.000000,0.000000,0.000000,0.000000,-662744.875000,-662744.875000
ml,p5,889,2026-07-17,1705.867676,10.000000,1979.062988,50.000000,0.000000,0.000000,-0.000000,0.000000,0.000000,1694.787354,50.000000,0.000000,0.000000,-0.000000,0.000000,0.000000,1713.093750,50.000000,0.000000,0.000000,-0.000000,0.000000,0.000000,0.000000,0.000000,0.000000,0.000000,-677835.937500,-677835.937500
ml,p5,889,2026-07-18,1687.145508,10.000000,1979.062988,50.000000,0.000000,0.000000,-0.000000,0.000000,0.000000,1678.937378,50.000000,0.000000,0.000000,-0.000000,0.000000,0.000000,1697.515503,50.000000,0.000000,0.000000,-0.000000,0.000000,0.000000,0.000000,0.000000,0.000000,0.000000,-698597.062500,-698597.062500
ml,p5,889,2026-07-19,1656.673828,10.000000,1979.062988,50.000000,0.000000,0.000000,-0.000000,0.000000,0.000000,1666.376465,50.000000,0.000000,0.000000,-0.000000,0.000000,0.000000,1684.355469,50.000000,0.000000,0.000000,-0.000000,0.000000,0.000000,0.000000,0.000000,0.000000,0.000000,-732002.562500,-732002.562500
ml,p5,889,2026-07-20,1695.883057,10.000000,1979.062988,50.000000,0.000000,0.000000,-0.000000,0.000000,0.000000,1712.278931,50.000000,0.000000,0.000000,-0.000000,0.000000,0.000000,1732.047974,50.000000,0.000000,0.000000,-0.000000,0.000000,0.000000,0.000000,0.000000,0.000000,0.000000,-689678.875000,-689678.875000
ml,p5,889,2026-07-21,1670.568726,10.000000,1979.062988,50.000000,0.000000,0.000000,-0.000000,0.000000,0.000000,1676.124268,50.000000,0.000000,0.000000,-0.000000,0.000000,0.000000,1695.621826,50.000000,0.000000,0.000000,-0.000000,0.000000,0.000000,0.000000,0.000000,0.000000,0.000000,-714937.812500,-714937.812500
ml,p5,889,2026-07-22,1681.112793,10.000000,1979.062988,50.000000,0.000000,0.000000,-0.000000,0.000000,0.000000,1695.248901,50.000000,0.000000,0.000000,-0.000000,0.000000,0.000000,1715.851562,50.000000,0.000000,0.000000,-0.000000,0.000000,0.000000,0.000000,0.000000,0.000000,0.000000,-706157.875000,-706157.875000
ml,p5,889,2026-07-23,1670.360840,10.000000,1979.062988,50.000000,0.000000,0.000000,-0.000000,0.000000,0.000000,1674.929688,50.000000,0.000000,0.000000,-0.000000,0.000000,0.000000,1694.103638,50.000000,0.000000,0.000000,-0.000000,0.000000,0.000000,0.000000,0.000000,0.000000,0.000000,-714657.437500,-714657.437500
ml,p5,889,2026-07-24,1668.442383,10.000000,1979.062988,50.000000,0.000000,0.000000,-0.000000,0.000000,0.000000,1664.270874,50.000000,0.000000,0.000000,-0.000000,0.000000,0.000000,1681.273560,50.000000,0.000000,0.000000,-0.000000,0.000000,0.000000,0.000000,0.000000,0.000000,0.000000,-716227.687500,-716227.687500
ml,p5,889,2026-07-25,1660.893677,10.000000,1979.062988,50.000000,0.000000,0.000000,-0.000000,0.000000,0.000000,1661.498291,50.000000,0.000000,0.000000,-0.000000,0.000000,0.000000,1678.440430,50.000000,0.000000,0.000000,-0.000000,0.000000,0.000000,0.000000,0.000000,0.000000,0.000000,-720626.062500,-720626.062500
ml,p5,889,2026-07-26,1626.906128,10.000000,1979.062988,50.000000,0.000000,0.000000,-0.000000,0.000000,0.000000,1613.981934,50.000000,0.000000,0.000000,-0.000000,0.000000,0.000000,1631.163208,50.000000,0.000000,0.000000,-0.000000,0.000000,0.000000,0.000000,0.000000,0.000000,0.000000,-739335.937500,-739335.937500
ml,p5,889,2026-07-27,1601.083740,10.000000,1979.062988,50.000000,0.000000,0.000000,-0.000000,0.000000,0.000000,1609.167969,50.000000,0.000000,0.000000,-0.000000,0.000000,0.000000,1625.807739,50.000000,0.000000,0.000000,-0.000000,0.000000,0.000000,0.000000,0.000000,0.000000,0.000000,-753651.937500,-753651.937500
ml,p5,889,2026-07-28,1626.349243,10.000000,1979.062988,50.000000,0.000000,0.000000,-0.000000,0.000000,0.000000,1621.530151,50.000000,0.000000,0.000000,-0.000000,0.000000,0.000000,1638.603882,50.000000,0.000000,0.000000,-0.000000,0.000000,0.000000,0.000000,0.000000,0.000000,0.000000,-742918.750000,-742918.750000
ml,p5,889,2026-07-29,1612.610596,10.000000,1979.062988,50.000000,0.000000,0.000000,-0.000000,0.000000,0.000000,1631.152588,50.000000,0.000000,0.000000,-0.000000,0.000000,0.000000,1647.732422,50.000000,0.000000,0.000000,-0.000000,0.000000,0.000000,0.000000,0.000000,0.000000,0.000000,-747584.937500,-747584.937500
ml,p5,889,2026-07-30,1574.821167,10.000000,1979.062988,50.000000,0.000000,0.000000,-0.000000,0.000000,0.000000,1631.152588,50.000000,0.000000,0.000000,-0.000000,0.000000,0.000000,1581.620239,50.000000,0.000000,0.000000,-0.000000,0.000000,0.000000,0.000000,0.000000,0.000000,0.000000,-755954.375000,-755954.375000
ml,p5,889,2026-07-31,1556.130371,10.000000,1979.062988,50.000000,0.000000,0.000000,-0.000000,0.000000,0.000000,1631.152588,50.000000,0.000000,0.000000,-0.000000,0.000000,0.000000,1564.270752,50.000000,0.000000,0.000000,-0.000000,0.000000,0.000000,0.000000,0.000000,0.000000,0.000000,-758102.562500,-758102.562500
ml,p5,889,2026-08-01,1552.474976,10.000000,1979.062988,50.000000,0.000000,0.000000,-0.000000,0.000000,0.000000,1631.152588,50.000000,0.000000,0.000000,-0.000000,0.000000,0.000000,1574.045776,50.000000,0.000000,0.000000,-0.000000,0.000000,0.000000,0.000000,0.000000,0.000000,0.000000,-758182.750000,-758182.750000
ml,p5,889,2026-08-02,1536.527466,10.000000,1979.062988,50.000000,0.000000,0.000000,-0.000000,0.000000,0.000000,1631.152588,50.000000,0.000000,0.000000,-0.000000,0.000000,0.000000,1546.390747,50.000000,0.000000,0.000000,-0.000000,0.000000,0.000000,0.000000,0.000000,0.000000,0.000000,-758266.500000,-758266.500000
ml,p5,889,2026-08-03,1512.632324,10.000000,1979.062988,50.000000,0.000000,0.000000,-0.000000,0.000000,0.000000,1631.152588,50.000000,0.000000,0.000000,-0.000000,0.000000,0.000000,1516.438232,50.000000,0.000000,0.000000,-0.000000,0.000000,0.000000,0.000000,0.000000,0.000000,0.000000,-758355.437500,-758355.437500
ml,p5,889,2026-08-04,1490.651001,10.000000,1979.062988,50.000000,0.000000,0.000000,-0.000000,0.000000,0.000000,1631.152588,50.000000,0.000000,0.000000,-0.000000,0.000000,0.000000,1491.778320,50.000000,0.000000,0.000000,-0.000000,0.000000,0.000000,0.000000,0.000000,0.000000,0.000000,-758444.625000,-758444.625000
ml,p5,889,2026-08-05,1483.025269,10.000000,1979.062988,50.000000,0.000000,0.000000,-0.000000,0.000000,0.000000,1631.152588,50.000000,0.000000,0.000000,-0.000000,0.000000,0.000000,1486.106445,50.000000,0.000000,0.000000,-0.000000,0.000000,0.000000,0.000000,0.000000,0.000000,0.000000,-758531.500000,-758531.500000
ml,p5,889,2026-08-06,1479.545776,10.000000,1979.062988,50.000000,0.000000,0.000000,-0.000000,0.000000,0.000000,1631.152588,50.000000,0.000000,0.000000,-0.000000,0.000000,0.000000,1493.928589,50.000000,0.000000,0.000000,-0.000000,0.000000,0.000000,0.000000,0.000000,0.000000,0.000000,-758531.500000,-758531.500000
ml,p5,889,2026-08-07,1505.815796,10.000000,1979.062988,50.000000,0.000000,0.000000,-0.000000,0.000000,0.000000,1631.152588,50.000000,0.000000,0.000000,-0.000000,0.000000,0.000000,1523.846680,50.000000,0.000000,0.000000,-0.000000,0.000000,0.000000,0.000000,0.000000,0.000000,0.000000,-758531.500000,-758531.500000
ml,p5,889,2026-08-08,1482.681519,10.000000,1979.062988,50.000000,0.000000,0.000000,-0.000000,0.000000,0.000000,1631.152588,50.000000,0.000000,0.000000,-0.000000,0.000000,0.000000,1509.276978,50.000000,0.000000,0.000000,-0.000000,0.000000,0.000000,0.000000,0.000000,0.000000,0.000000,-758531.500000,-758531.500000
ml,p5,889,2026-08-09,1503.712769,10.000000,1979.062988,50.000000,0.000000,0.000000,-0.000000,0.000000,0.000000,1631.152588,50.000000,0.000000,0.000000,-0.000000,0.000000,0.000000,1531.969849,50.000000,0.000000,0.000000,-0.000000,0.000000,0.000000,0.000000,0.000000,0.000000,0.000000,-758531.500000,-758531.500000
ml,p5,889,2026-08-10,1493.711914,10.000000,1979.062988,50.000000,0.000000,0.000000,-0.000000,0.000000,0.000000,1631.152588,50.000000,0.000000,0.000000,-0.000000,0.000000,0.000000,1522.152466,50.000000,0.000000,0.000000,-0.000000,0.000000,0.000000,0.000000,0.000000,0.000000,0.000000,-758531.500000,-758531.500000
ml,p5,889,2026-08-11,1487.668579,10.000000,1979.062988,50.000000,0.000000,0.000000,-0.000000,0.000000,0.000000,1631.152588,50.000000,0.000000,0.000000,-0.000000,0.000000,0.000000,1493.120361,50.000000,0.000000,0.000000,-0.000000,0.000000,0.000000,0.000000,0.000000,0.000000,0.000000,-758531.500000,-758531.500000
ml,p5,889,2026-08-12,1480.500000,10.000000,1979.062988,50.000000,0.000000,0.000000,-0.000000,0.000000,0.000000,1631.152588,50.000000,0.000000,0.000000,-0.000000,0.000000,0.000000,1456.749756,50.000000,0.000000,0.000000,-0.000000,0.000000,0.000000,0.000000,0.000000,0.000000,0.000000,-758531.500000,-758531.500000
ml,p5,889,2026-08-13,1523.923340,10.000000,1979.062988,50.000000,0.000000,0.000000,-0.000000,0.000000,0.000000,1631.152588,50.000000,0.000000,0.000000,-0.000000,0.000000,0.000000,1538.819702,50.000000,0.000000,0.000000,-0.000000,0.000000,0.000000,0.000000,0.000000,0.000000,0.000000,-758531.500000,-758531.500000
ml,p5,889,2026-08-14,1521.122437,10.000000,1979.062988,50.000000,0.000000,0.000000,-0.000000,0.000000,0.000000,1631.152588,50.000000,0.000000,0.000000,-0.000000,0.000000,0.000000,1526.983887,50.000000,0.000000,0.000000,-0.000000,0.000000,0.000000,0.000000,0.000000,0.000000,0.000000,-758531.500000,-758531.500000
ml,p5,889,2026-08-15,1509.416748,10.000000,1979.062988,50.000000,0.000000,0.000000,-0.000000,0.000000,0.000000,1631.152588,50.000000,0.000000,0.000000,-0.000000,0.000000,0.000000,1519.861694,50.000000,0.000000,0.000000,-0.000000,0.000000,0.000000,0.000000,0.000000,0.000000,0.000000,-758531.500000,-758531.500000
ml,p5,889,2026-08-16,1520.423340,10.000000,1979.062988,50.000000,0.000000,0.000000,-0.000000,0.000000,0.000000,1631.152588,50.000000,0.000000,0.000000,-0.000000,0.000000,0.000000,1520.085571,50.000000,0.000000,0.000000,-0.000000,0.000000,0.000000,0.000000,0.000000,0.000000,0.000000,-758531.500000,-758531.500000
ml,p5,889,2026-08-17,1522.088135,10.000000,1979.062988,50.000000,0.000000,0.000000,-0.000000,0.000000,0.000000,1631.152588,50.000000,0.000000,0.000000,-0.000000,0.000000,0.000000,1534.246704,50.000000,0.000000,0.000000,-0.000000,0.000000,0.000000,0.000000,0.000000,0.000000,0.000000,-758531.500000,-758531.500000
ml,p5,889,2026-08-18,1502.558716,10.000000,1979.062988,50.000000,0.000000,0.000000,-0.000000,0.000000,0.000000,1631.152588,50.000000,0.000000,0.000000,-0.000000,0.000000,0.000000,1515.593994,50.000000,0.000000,0.000000,-0.000000,0.000000,0.000000,0.000000,0.000000,0.000000,0.000000,-758531.500000,-758531.500000
ml,p5,889,2026-08-19,1525.691528,10.000000,1979.062988,50.000000,0.000000,0.000000,-0.000000,0.000000,0.000000,1631.152588,50.000000,0.000000,0.000000,-0.000000,0.000000,0.000000,1542.672852,50.000000,0.000000,0.000000,-0.000000,0.000000,0.000000,0.000000,0.000000,0.000000,0.000000,-758531.500000,-758531.500000
ml,p5,889,2026-08-20,1516.576294,10.000000,1979.062988,50.000000,0.000000,0.000000,-0.000000,0.000000,0.000000,1631.152588,50.000000,0.000000,0.000000,-0.000000,0.000000,0.000000,1575.637329,50.000000,0.000000,0.000000,-0.000000,0.000000,0.000000,0.000000,0.000000,0.000000,0.000000,-758531.500000,-758531.500000
ml,p5,889,2026-08-21,1533.087646,10.000000,1979.062988,50.000000,0.000000,0.000000,-0.000000,0.000000,0.000000,1631.152588,50.000000,0.000000,0.000000,-0.000000,0.000000,0.000000,1566.659180,50.000000,0.000000,0.000000,-0.000000,0.000000,0.000000,0.000000,0.000000,0.000000,0.000000,-758531.500000,-758531.500000
ml,p5,889,2026-08-22,1536.710693,10.000000,1979.062988,50.000000,0.000000,0.000000,-0.000000,0.000000,0.000000,1631.152588,50.000000,0.000000,0.000000,-0.000000,0.000000,0.000000,1544.670044,50.000000,0.000000,0.000000,-0.000000,0.000000,0.000000,0.000000,0.000000,0.000000,0.000000,-758531.500000,-758531.500000
ml,p5,889,2026-08-23,1556.809326,10.000000,1979.062988,50.000000,0.000000,0.000000,-0.000000,0.000000,0.000000,1631.152588,50.000000,0.000000,0.000000,-0.000000,0.000000,0.000000,1578.814209,50.000000,0.000000,0.000000,-0.000000,0.000000,0.000000,0.000000,0.000000,0.000000,0.000000,-758531.500000,-758531.500000
ml,p5,889,2026-08-24,1577.170288,10.000000,1979.062988,50.000000,0.000000,0.000000,-0.000000,0.000000,0.000000,1631.152588,50.000000,0.000000,0.000000,-0.000000,0.000000,0.000000,1643.085815,50.000000,0.000000,0.000000,-0.000000,0.000000,0.000000,0.000000,0.000000,0.000000,0.000000,-758531.500000,-758531.500000
ml,p5,889,2026-08-25,1590.000366,10.000000,1979.062988,50.000000,0.000000,0.000000,-0.000000,0.000000,0.000000,1631.152588,50.000000,0.000000,0.000000,-0.000000,0.000000,0.000000,1629.953369,50.000000,0.000000,0.000000,-0.000000,0.000000,0.000000,0.000000,0.000000,0.000000,0.000000,-758531.500000,-758531.500000
ml,p5,889,2026-08-26,1567.314087,10.000000,1979.062988,50.000000,0.000000,0.000000,-0.000000,0.000000,0.000000,1631.152588,50.000000,0.000000,0.000000,-0.000000,0.000000,0.000000,1589.199219,50.000000,0.000000,0.000000,-0.000000,0.000000,0.000000,0.000000,0.000000,0.000000,0.000000,-758531.500000,-758531.500000
ml,p5,889,2026-08-27,1565.040039,10.000000,1979.062988,50.000000,0.000000,0.000000,-0.000000,0.000000,0.000000,1631.152588,50.000000,0.000000,0.000000,-0.000000,0.000000,0.000000,1574.066284,50.000000,0.000000,0.000000,-0.000000,0.000000,0.000000,0.000000,0.000000,0.000000,0.000000,-758531.500000,-758531.500000
ml,p5,889,2026-08-28,1618.552490,10.000000,1979.062988,50.000000,0.000000,0.000000,-0.000000,0.000000,0.000000,1631.152588,50.000000,0.000000,0.000000,-0.000000,0.000000,0.000000,1633.227661,50.000000,0.000000,0.000000,-0.000000,0.000000,0.000000,0.000000,0.000000,0.000000,0.000000,-758531.500000,-758531.500000
ml,p5,889,2026-08-29,1616.278687,10.000000,1979.062988,50.000000,0.000000,0.000000,-0.000000,0.000000,0.000000,1631.152588,50.000000,0.000000,0.000000,-0.000000,0.000000,0.000000,1615.573120,50.000000,0.000000,0.000000,-0.000000,0.000000,0.000000,0.000000,0.000000,0.000000,0.000000,-758531.500000,-758531.500000
ml,p5,889,2026-08-30,1598.669312,10.000000,1979.062988,50.000000,0.000000,0.000000,-0.000000,0.000000,0.000000,1631.152588,50.000000,0.000000,0.000000,-0.000000,0.000000,0.000000,1591.820190,50.000000,0.000000,0.000000,-0.000000,0.000000,0.000000,0.000000,0.000000,0.000000,0.000000,-758531.500000,-758531.500000
ml,p5,889,2026-08-31,1629.360229,10.000000,1979.062988,50.000000,0.000000,0.000000,-0.000000,0.000000,0.000000,1631.152588,50.000000,0.000000,0.000000,-0.000000,0.000000,0.000000,1645.986816,50.000000,0.000000,0.000000,-0.000000,0.000000,0.000000,0.000000,0.000000,0.000000,0.000000,-758531.500000,-758531.500000
ml,p5,889,2026-09-01,1603.791016,10.000000,1979.062988,50.000000,0.000000,0.000000,-0.000000,0.000000,0.000000,1631.152588,50.000000,0.000000,0.000000,-0.000000,0.000000,0.000000,1572.378662,50.000000,0.000000,0.000000,-0.000000,0.000000,0.000000,0.000000,0.000000,0.000000,0.000000,-758531.500000,-758531.500000
ml,p5,889,2026-09-02,1613.179688,10.000000,1979.062988,50.000000,0.000000,0.000000,-0.000000,0.000000,0.000000,1631.152588,50.000000,0.000000,0.000000,-0.000000,0.000000,0.000000,1629.883667,50.000000,0.000000,0.000000,-0.000000,0.000000,0.000000,0.000000,0.000000,0.000000,0.000000,-758531.500000,-758531.500000
ml,p5,889,2026-09-03,1606.115234,10.000000,1979.062988,50.000000,0.000000,0.000000,-0.000000,0.000000,0.000000,1631.152588,50.000000,0.000000,0.000000,-0.000000,0.000000,0.000000,1606.914185,50.000000,0.000000,0.000000,-0.000000,0.000000,0.000000,0.000000,0.000000,0.000000,0.000000,-758531.500000,-758531.500000
ml,p5,889,2026-09-04,1615.242554,10.000000,1979.062988,50.000000,0.000000,0.000000,-0.000000,0.000000,0.000000,1631.152588,50.000000,0.000000,0.000000,-0.000000,0.000000,0.000000,1612.701416,50.000000,0.000000,0.000000,-0.000000,0.000000,0.000000,0.000000,0.000000,0.000000,0.000000,-758531.500000,-758531.500000
ml,p5,889,2026-09-05,1584.896240,10.000000,1979.062988,50.000000,0.000000,0.000000,-0.000000,0.000000,0.000000,1631.152588,50.000000,0.000000,0.000000,-0.000000,0.000000,0.000000,1601.141235,50.000000,0.000000,0.000000,-0.000000,0.000000,0.000000,0.000000,0.000000,0.000000,0.000000,-758531.500000,-758531.500000
ml,p5,889,2026-09-06,1580.287598,10.000000,1979.062988,50.000000,0.000000,0.000000,-0.000000,0.000000,0.000000,1631.152588,50.000000,0.000000,0.000000,-0.000000,0.000000,0.000000,1583.847412,50.000000,0.000000,0.000000,-0.000000,0.000000,0.000000,0.000000,0.000000,0.000000,0.000000,-758531.500000,-758531.500000
ml,p5,889,2026-09-07,1550.158081,10.000000,1979.062988,50.000000,0.000000,0.000000,-0.000000,0.000000,0.000000,1631.152588,50.000000,0.000000,0.000000,-0.000000,0.000000,0.000000,1570.717773,50.000000,0.000000,0.000000,-0.000000,0.000000,0.000000,0.000000,0.000000,0.000000,0.000000,-758531.500000,-758531.500000
ml,p5,889,2026-09-08,1545.645508,10.000000,1979.062988,50.000000,0.000000,0.000000,-0.000000,0.000000,0.000000,1631.152588,50.000000,0.000000,0.000000,-0.000000,0.000000,0.000000,1558.535522,50.000000,0.000000,0.000000,-0.000000,0.000000,0.000000,0.000000,0.000000,0.000000,0.000000,-758531.500000,-758531.500000
ml,p5,889,2026-09-09,1537.432617,10.000000,1979.062988,50.000000,0.000000,0.000000,-0.000000,0.000000,0.000000,1631.152588,50.000000,0.000000,0.000000,-0.000000,0.000000,0.000000,1550.455078,50.000000,0.000000,0.000000,-0.000000,0.000000,0.000000,0.000000,0.000000,0.000000,0.000000,-758531.500000,-758531.500000
ml,p5,889,2026-09-10,1558.945068,10.000000,1979.062988,50.000000,0.000000,0.000000,-0.000000,0.000000,0.000000,1631.152588,50.000000,0.000000,0.000000,-0.000000,0.000000,0.000000,1584.888672,50.000000,0.000000,0.000000,-0.000000,0.000000,0.000000,0.000000,0.000000,0.000000,0.000000,-758531.500000,-758531.500000
ml,p5,889,2026-09-11,1549.219727,10.000000,1979.062988,50.000000,0.000000,0.000000,-0.000000,0.000000,0.000000,1631.152588,50.000000,0.000000,0.000000,-0.000000,0.000000,0.000000,1539.797852,50.000000,0.000000,0.000000,-0.000000,0.000000,0.000000,0.000000,0.000000,0.000000,0.000000,-758531.500000,-758531.500000
ml,p5,889,2026-09-12,1526.546631,10.000000,1979.062988,50.000000,0.000000,0.000000,-0.000000,0.000000,0.000000,1631.152588,50.000000,0.000000,0.000000,-0.000000,0.000000,0.000000,1536.907471,50.000000,0.000000,0.000000,-0.000000,0.000000,0.000000,0.000000,0.000000,0.000000,0.000000,-758531.500000,-758531.500000
ml,p5,889,2026-09-13,1511.047729,10.000000,1979.062988,50.000000,0.000000,0.000000,-0.000000,0.000000,0.000000,1631.152588,50.000000,0.000000,0.000000,-0.000000,0.000000,0.000000,1527.699951,50.000000,0.000000,0.000000,-0.000000,0.000000,0.000000,0.000000,0.000000,0.000000,0.000000,-758531.500000,-758531.500000
ml,p5,889,2026-09-14,1513.251953,10.000000,1979.062988,50.000000,0.000000,0.000000,-0.000000,0.000000,0.000000,1631.152588,50.000000,0.000000,0.000000,-0.000000,0.000000,0.000000,1533.521118,50.000000,0.000000,0.000000,-0.000000,0.000000,0.000000,0.000000,0.000000,0.000000,0.000000,-758531.500000,-758531.500000
ml,p5,889,2026-09-15,1520.059448,10.000000,1979.062988,50.000000,0.000000,0.000000,-0.000000,0.000000,0.000000,1631.152588,50.000000,0.000000,0.000000,-0.000000,0.000000,0.000000,1521.701172,50.000000,0.000000,0.000000,-0.000000,0.000000,0.000000,0.000000,0.000000,0.000000,0.000000,-758531.500000,-758531.500000
ml,p5,889,2026-09-16,1521.244141,10.000000,1979.062988,50.000000,0.000000,0.000000,-0.000000,0.000000,0.000000,1631.152588,50.000000,0.000000,0.000000,-0.000000,0.000000,0.000000,1526.650757,50.000000,0.000000,0.000000,-0.000000,0.000000,0.000000,0.000000,0.000000,0.000000,0.000000,-758531.500000,-758531.500000
ml,p5,889,2026-09-17,1516.700684,10.000000,1979.062988,50.000000,0.000000,0.000000,-0.000000,0.000000,0.000000,1631.152588,50.000000,0.000000,0.000000,-0.000000,0.000000,0.000000,1515.622803,50.000000,0.000000,0.000000,-0.000000,0.000000,0.000000,0.000000,0.000000,0.000000,0.000000,-758531.500000,-758531.500000
ml,p5,889,2026-09-18,1513.718872,10.000000,1979.062988,50.000000,0.000000,0.000000,-0.000000,0.000000,0.000000,1631.152588,50.000000,0.000000,0.000000,-0.000000,0.000000,0.000000,1528.788818,50.000000,0.000000,0.000000,-0.000000,0.000000,0.000000,0.000000,0.000000,0.000000,0.000000,-758531.500000,-758531.500000
ml,p5,889,2026-09-19,1511.396484,10.000000,1979.062988,50.000000,0.000000,0.000000,-0.000000,0.000000,0.000000,1631.152588,50.000000,0.000000,0.000000,-0.000000,0.000000,0.000000,1528.284546,50.000000,0.000000,0.000000,-0.000000,0.000000,0.000000,0.000000,0.000000,0.000000,0.000000,-758531.500000,-758531.500000
ml,p5,889,2026-09-20,1545.817871,10.000000,1979.062988,50.000000,0.000000,0.000000,-0.000000,0.000000,0.000000,1631.152588,50.000000,0.000000,0.000000,-0.000000,0.000000,0.000000,1575.986206,50.000000,0.000000,0.000000,-0.000000,0.000000,0.000000,0.000000,0.000000,0.000000,0.000000,-758531.500000,-758531.500000
ml,p5,889,2026-09-21,1494.811401,10.000000,1979.062988,50.000000,0.000000,0.000000,-0.000000,0.000000,0.000000,1631.152588,50.000000,0.000000,0.000000,-0.000000,0.000000,0.000000,1505.619507,50.000000,0.000000,0.000000,-0.000000,0.000000,0.000000,0.000000,0.000000,0.000000,0.000000,-758531.500000,-758531.500000
ml,p5,889,2026-09-22,1506.279663,10.000000,1979.062988,50.000000,0.000000,0.000000,-0.000000,0.000000,0.000000,1631.152588,50.000000,0.000000,0.000000,-0.000000,0.000000,0.000000,1512.451172,50.000000,0.000000,0.000000,-0.000000,0.000000,0.000000,0.000000,0.000000,0.000000,0.000000,-758531.500000,-758531.500000
ml,p5,889,2026-09-23,1620.844604,10.000000,1979.062988,50.000000,0.000000,0.000000,-0.000000,0.000000,0.000000,1631.152588,50.000000,0.000000,0.000000,-0.000000,0.000000,0.000000,1649.076660,50.000000,0.000000,0.000000,-0.000000,0.000000,0.000000,0.000000,0.000000,0.000000,0.000000,-758531.500000,-758531.500000
ml,p5,889,2026-09-24,1508.308716,10.000000,1979.062988,50.000000,0.000000,0.000000,-0.000000,0.000000,0.000000,1631.152588,50.000000,0.000000,0.000000,-0.000000,0.000000,0.000000,1498.285034,50.000000,0.000000,0.000000,-0.000000,0.000000,0.000000,0.000000,0.000000,0.000000,0.000000,-758531.500000,-758531.500000
ml,p5,889,2026-09-25,1485.545654,10.000000,1979.062988,50.000000,0.000000,0.000000,-0.000000,0.000000,0.000000,1631.152588,50.000000,0.000000,0.000000,-0.000000,0.000000,0.000000,1497.409546,50.000000,0.000000,0.000000,-0.000000,0.000000,0.000000,0.000000,0.000000,0.000000,0.000000,-758531.500000,-758531.500000
ml,p5,889,2026-09-26,1476.715942,10.000000,1979.062988,50.000000,0.000000,0.000000,-0.000000,0.000000,0.000000,1631.152588,50.000000,0.000000,0.000000,-0.000000,0.000000,0.000000,1464.861206,50.000000,0.000000,0.000000,-0.000000,0.000000,0.000000,0.000000,0.000000,0.000000,0.000000,-758531.500000,-758531.500000
ml,p5,889,2026-09-27,1489.276245,10.000000,1979.062988,50.000000,0.000000,0.000000,-0.000000,0.000000,0.000000,1631.152588,50.000000,0.000000,0.000000,-0.000000,0.000000,0.000000,1488.171875,50.000000,0.000000,0.000000,-0.000000,0.000000,0.000000,0.000000,0.000000,0.000000,0.000000,-758531.500000,-758531.500000
ml,p5,889,2026-09-28,1520.494263,10.000000,1979.062988,50.000000,0.000000,0.000000,-0.000000,0.000000,0.000000,1631.152588,50.000000,0.000000,0.000000,-0.000000,0.000000,0.000000,1552.494751,50.000000,0.000000,0.000000,-0.000000,0.000000,0.000000,0.000000,0.000000,0.000000,0.000000,-758531.500000,-758531.500000
ml,p5,889,2026-09-29,1516.768677,10.000000,1979.062988,50.000000,0.000000,0.000000,-0.000000,0.000000,0.000000,1631.152588,50.000000,0.000000,0.000000,-0.000000,0.000000,0.000000,1529.561768,50.000000,0.000000,0.000000,-0.000000,0.000000,0.000000,0.000000,0.000000,0.000000,0.000000,-758531.500000,-758531.500000
ml,p5,889,2026-09-30,1487.406982,10.000000,1979.062988,50.000000,0.000000,0.000000,-0.000000,0.000000,0.000000,1631.152588,50.000000,0.000000,0.000000,-0.000000,0.000000,0.000000,1507.871582,50.000000,0.000000,0.000000,-0.000000,0.000000,0.000000,0.000000,0.000000,0.000000,0.000000,-758531.500000,-758531.500000
ml,p5,889,2026-10-01,1471.018555,10.000000,1979.062988,50.000000,0.000000,0.000000,-0.000000,0.000000,0.000000,1631.152588,50.000000,0.000000,0.000000,-0.000000,0.000000,0.000000,1462.544189,50.000000,0.000000,0.000000,-0.000000,0.000000,0.000000,0.000000,0.000000,0.000000,0.000000,-758531.500000,-758531.500000
ml,p5,889,2026-10-02,1453.218628,10.000000,1979.062988,50.000000,0.000000,0.000000,-0.000000,0.000000,0.000000,1631.152588,50.000000,0.000000,0.000000,-0.000000,0.000000,0.000000,1456.195923,50.000000,0.000000,0.000000,-0.000000,0.000000,0.000000,0.000000,0.000000,0.000000,0.000000,-758531.500000,-758531.500000
ml,p5,889,2026-10-03,1441.432617,10.000000,1979.062988,50.000000,0.000000,0.000000,-0.000000,0.000000,0.000000,1631.152588,50.000000,0.000000,0.000000,-0.000000,0.000000,0.000000,1448.371338,50.000000,0.000000,0.000000,-0.000000,0.000000,0.000000,0.000000,0.000000,0.000000,0.000000,-758531.500000,-758531.500000
ml,p5,889,2026-10-04,1431.293091,10.000000,1979.062988,50.000000,0.000000,0.000000,-0.000000,0.000000,0.000000,1631.152588,50.000000,0.000000,0.000000,-0.000000,0.000000,0.000000,1427.231079,50.000000,0.000000,0.000000,-0.000000,0.000000,0.000000,0.000000,0.000000,0.000000,0.000000,-758531.500000,-758531.500000
ml,p5,889,2026-10-05,1443.564819,10.000000,1979.062988,50.000000,1.000000,1.000000,-98953.148438,49.476574,98953.148438,1631.152588,50.000000,1.000000,1.000000,-81557.632812,40.778816,81557.632812,1432.403809,50.000000,0.000000,0.000000,-0.000000,0.000000,0.000000,180510.781250,-180510.781250,90.255386,-90.255386,-758531.500000,-758621.750000
ml,p5,889,2026-10-06,1456.749268,10.000000,1979.062988,50.000000,0.000000,-1.000000,98953.148438,49.476574,0.000000,1631.152588,50.000000,0.000000,-1.000000,81557.632812,40.778816,0.000000,1458.456665,50.000000,0.000000,0.000000,-0.000000,0.000000,0.000000,0.000000,0.000000,180.510773,-180.510773,-758531.500000,-758712.000000
ml,p5,889,2026-10-07,1470.423706,10.000000,1979.062988,50.000000,1.000000,1.000000,-98953.148438,49.476574,98953.148438,1631.152588,50.000000,1.000000,1.000000,-81557.632812,40.778816,81557.632812,1471.054810,50.000000,0.000000,0.000000,-0.000000,0.000000,0.000000,180510.781250,-180510.781250,270.766174,-270.766174,-758531.500000,-758802.250000
ml,p5,889,2026-10-08,1440.554321,10.000000,1979.062988,50.000000,0.000000,-1.000000,98953.148438,49.476574,0.000000,1631.152588,50.000000,0.000000,-1.000000,81557.632812,40.778816,0.000000,1427.076172,50.000000,0.000000,0.000000,-0.000000,0.000000,0.000000,0.000000,0.000000,361.021545,-361.021545,-758531.500000,-758892.500000
ml,p5,889,2026-10-09,1447.203857,10.000000,1979.062988,50.000000,1.000000,1.000000,-98953.148438,49.476574,98953.148438,1631.152588,50.000000,1.000000,1.000000,-81557.632812,40.778816,81557.632812,1443.533569,50.000000,0.000000,0.000000,-0.000000,0.000000,0.000000,180510.781250,-180510.781250,451.276947,-451.276947,-758531.500000,-758982.750000
ml,p5,889,2026-10-10,1454.508057,10.000000,1979.062988,50.000000,1.000000,0.000000,-0.000000,0.000000,98953.148438,1631.152588,50.000000,1.000000,0.000000,-0.000000,0.000000,81557.632812,1467.773560,50.000000,0.000000,0.000000,-0.000000,0.000000,0.000000,180510.781250,-180510.781250,451.276947,-451.276947,-758531.500000,-758982.750000
ml,p5,889,2026-10-11,1478.158081,10.000000,1979.062988,50.000000,1.000000,0.000000,-0.000000,0.000000,98953.148438,1631.152588,50.000000,1.000000,0.000000,-0.000000,0.000000,81557.632812,1482.529419,50.000000,0.000000,0.000000,-0.000000,0.000000,0.000000,180510.781250,-180510.781250,451.276947,-451.276947,-758531.500000,-758982.750000
ml,p5,889,2026-10-12,1498.397461,10.000000,1979.062988,50.000000,1.000000,0.000000,-0.000000,0.000000,98953.148438,1631.152588,50.000000,1.000000,0.000000,-0.000000,0.000000,81557.632812,1516.274658,50.000000,0.000000,0.000000,-0.000000,0.000000,0.000000,180510.781250,-180510.781250,451.276947,-451.276947,-758531.500000,-758982.750000
ml,p5,889,2026-10-13,1515.205078,10.000000,1979.062988,50.000000,0.000000,-1.000000,98953.148438,49.476574,0.000000,1631.152588,50.000000,0.000000,-1.000000,81557.632812,40.778816,0.000000,1527.662964,50.000000,0.000000,0.000000,-0.000000,0.000000,0.000000,0.000000,0.000000,541.532349,-541.532349,-758531.500000,-759073.062500
ml,p5,889,2026-10-14,1518.874756,10.000000,1979.062988,50.000000,1.000000,1.000000,-98953.148438,49.476574,98953.148438,1631.152588,50.000000,1.000000,1.000000,-81557.632812,40.778816,81557.632812,1509.536865,50.000000,0.000000,0.000000,-0.000000,0.000000,0.000000,180510.781250,-180510.781250,631.787720,-631.787720,-758531.500000,-759163.312500
ml,p5,889,2026-10-15,1517.048584,10.000000,1979.062988,50.000000,0.000000,-1.000000,98953.148438,49.476574,0.000000,1631.152588,50.000000,0.000000,-1.000000,81557.632812,40.778816,0.000000,1512.612671,50.000000,0.000000,0.000000,-0.000000,0.000000,0.000000,0.000000,0.000000,722.043091,-722.043091,-758531.500000,-759253.562500
ml,p5,889,2026-10-16,1528.890015,10.000000,1979.062988,50.000000,1.000000,1.000000,-98953.148438,49.476574,98953.148438,1631.152588,50.000000,1.000000,1.000000,-81557.632812,40.778816,81557.632812,1519.589844,50.000000,0.000000,0.000000,-0.000000,0.000000,0.000000,180510.781250,-180510.781250,812.298462,-812.298462,-758531.500000,-759343.812500
ml,p5,889,2026-10-17,1560.749512,10.000000,1979.062988,50.000000,1.000000,0.000000,-0.000000,0.000000,98953.148438,1631.152588,50.000000,1.000000,0.000000,-0.000000,0.000000,81557.632812,1574.123047,50.000000,0.000000,0.000000,-0.000000,0.000000,0.000000,180510.781250,-180510.781250,812.298462,-812.298462,-758531.500000,-759343.812500
ml,p5,889,2026-10-18,1565.376465,10.000000,1979.062988,50.000000,1.000000,0.000000,-0.000000,0.000000,98953.148438,1631.152588,50.000000,1.000000,0.000000,-0.000000,0.000000,81557.632812,1539.906372,50.000000,0.000000,0.000000,-0.000000,0.000000,0.000000,180510.781250,-180510.781250,812.298462,-812.298462,-758531.500000,-759343.812500
ml,p5,889,2026-10-19,1581.429688,10.000000,1979.062988,50.000000,0.000000,-1.000000,98953.148438,49.476574,0.000000,1631.152588,50.000000,0.000000,-1.000000,81557.632812,40.778816,0.000000,1572.251099,50.000000,0.000000,0.000000,-0.000000,0.000000,0.000000,0.000000,0.000000,902.553894,-902.553894,-758531.500000,-759434.062500
ml,p5,889,2026-10-20,1579.325684,10.000000,1979.062988,50.000000,1.000000,1.000000,-98953.148438,49.476574,98953.148438,1631.152588,50.000000,1.000000,1.000000,-81557.632812,40.778816,81557.632812,1575.874512,50.000000,0.000000,0.000000,-0.000000,0.000000,0.000000,180510.781250,-180510.781250,992.809326,-992.809326,-758531.500000,-759524.312500
ml,p5,889,2026-10-21,1535.692383,10.000000,1979.062988,50.000000,0.000000,-1.000000,98953.148438,49.476574,0.000000,1631.152588,50.000000,0.000000,-1.000000,81557.632812,40.778816,0.000000,1550.257202,50.000000,0.000000,0.000000,-0.000000,0.000000,0.000000,0.000000,0.000000,1083.064697,-1083.064697,-758531.500000,-759614.562500
ml,p5,889,2026-10-22,1554.151855,10.000000,1979.062988,50.000000,1.000000,1.000000,-98953.148438,49.476574,98953.148438,1631.152588,50.000000,1.000000,1.000000,-81557.632812,40.778816,81557.632812,1556.796997,50.000000,0.000000,0.000000,-0.000000,0.000000,0.000000,180510.781250,-180510.781250,1173.320068,-1173.320068,-758531.500000,-759704.812500
ml,p5,889,2026-10-23,1569.401245,10.000000,1979.062988,50.000000,0.000000,-1.000000,98953.148438,49.476574,0.000000,1631.152588,50.000000,0.000000,-1.000000,81557.632812,40.778816,0.000000,1590.973877,50.000000,0.000000,0.000000,-0.000000,0.000000,0.000000,0.000000,0.000000,1263.575439,-1263.575439,-758531.500000,-759795.062500
ml,p5,889,2026-10-24,1566.038818,10.000000,1979.062988,50.000000,0.000000,0.000000,-0.000000,0.000000,0.000000,1631.152588,50.000000,0.000000,0.000000,-0.000000,0.000000,0.000000,1577.666260,50.000000,0.000000,0.000000,-0.000000,0.000000,0.000000,0.000000,0.000000,1263.575439,-1263.575439,-758531.500000,-759795.062500
ml,p5,889,2026-10-25,1568.232788,10.000000,1979.062988,50.000000,0.000000,0.000000,-0.000000,0.000000,0.000000,1631.152588,50.000000,0.000000,0.000000,-0.000000,0.000000,0.000000,1575.441772,50.000000,0.000000,0.000000,-0.000000,0.000000,0.000000,0.000000,0.000000,1263.575439,-1263.575439,-758531.500000,-759795.062500
ml,p5,889,2026-10-26,1556.117676,10.000000,1979.062988,50.000000,1.000000,1.000000,-98953.148438,49.476574,98953.148438,1631.152588,50.000000,1.000000,1.000000,-81557.632812,40.778816,81557.632812,1567.194214,50.000000,0.000000,0.000000,-0.000000,0.000000,0.000000,180510.781250,-180510.781250,1353.830811,-1353.830811,-758531.500000,-759885.312500
ml,p5,889,2026-10-27,1554.695801,10.000000,1979.062988,50.000000,0.000000,-1.000000,98953.148438,49.476574,0.000000,1631.152588,50.000000,0.000000,-1.000000,81557.632812,40.778816,0.000000,1673.710571,50.000000,0.000000,0.000000,-0.000000,0.000000,0.000000,0.000000,0.000000,1444.086182,-1444.086182,-758531.500000,-759975.562500
ml,p5,889,2026-10-28,1531.590576,10.000000,1979.062988,50.000000,1.000000,1.000000,-98953.148438,49.476574,98953.148438,1631.152588,50.000000,1.000000,1.000000,-81557.632812,40.778816,81557.632812,1581.975220,50.000000,0.000000,0.000000,-0.000000,0.000000,0.000000,180510.781250,-180510.781250,1534.341553,-1534.341553,-758531.500000,-760065.812500
ml,p5,889,2026-10-29,1515.813599,10.000000,1979.062988,50.000000,0.000000,-1.000000,98953.148438,49.476574,0.000000,1631.152588,50.000000,0.000000,-1.000000,81557.632812,40.778816,0.000000,1540.304810,50.000000,0.000000,0.000000,-0.000000,0.000000,0.000000,0.000000,0.000000,1624.596924,-1624.596924,-758531.500000,-760156.125000
ml,p5,889,2026-10-30,1512.440430,10.000000,1979.062988,50.000000,0.000000,0.000000,-0.000000,0.000000,0.000000,1631.152588,50.000000,0.000000,0.000000,-0.000000,0.000000,0.000000,1540.304810,50.000000,0.000000,0.000000,-0.000000,0.000000,0.000000,0.000000,0.000000,1624.596924,-1624.596924,-758531.500000,-760156.125000
ml,p95,245,2026-04-10,2055.000244,10.000000,2026.171509,50.000000,0.000000,0.000000,-0.000000,0.000000,0.000000,2047.068848,50.000000,0.000000,0.000000,-0.000000,0.000000,0.000000,2070.749756,50.000000,0.000000,0.000000,-0.000000,0.000000,0.000000,0.000000,0.000000,0.000000,0.000000,4854.181641,4854.181641
ml,p95,245,2026-04-11,2079.680908,10.000000,2078.306396,50.000000,0.000000,0.000000,-0.000000,0.000000,0.000000,2100.650391,50.000000,0.000000,0.000000,-0.000000,0.000000,0.000000,2124.963623,50.000000,0.000000,0.000000,-0.000000,0.000000,0.000000,0.000000,0.000000,0.000000,0.000000,58382.878906,58382.878906
ml,p95,245,2026-04-12,2070.103027,10.000000,2062.687744,50.000000,0.000000,0.000000,-0.000000,0.000000,0.000000,2086.971191,50.000000,0.000000,0.000000,-0.000000,0.000000,0.000000,2111.958496,50.000000,0.000000,0.000000,-0.000000,0.000000,0.000000,0.000000,0.000000,0.000000,0.000000,34177.585938,34177.585938
ml,p95,245,2026-04-13,2086.872070,10.000000,2107.057861,50.000000,0.000000,0.000000,-0.000000,0.000000,0.000000,2133.532471,50.000000,0.000000,0.000000,-0.000000,0.000000,0.000000,2161.116699,50.000000,0.000000,0.000000,-0.000000,0.000000,0.000000,0.000000,0.000000,0.000000,0.000000,81623.718750,81623.718750
ml,p95,245,2026-04-14,2080.365234,10.000000,2079.517334,50.000000,0.000000,0.000000,-0.000000,0.000000,0.000000,2105.344482,50.000000,0.000000,0.000000,-0.000000,0.000000,0.000000,2132.836670,50.000000,0.000000,0.000000,-0.000000,0.000000,0.000000,0.000000,0.000000,0.000000,0.000000,65586.078125,65586.078125
ml,p95,245,2026-04-15,2088.707031,10.000000,2087.442871,50.000000,0.000000,0.000000,-0.000000,0.000000,0.000000,2113.396973,50.000000,0.000000,0.000000,-0.000000,0.000000,0.000000,2141.174072,50.000000,0.000000,0.000000,-0.000000,0.000000,0.000000,0.000000,0.000000,0.000000,0.000000,98325.289062,98325.289062
ml,p95,245,2026-04-16,2076.488281,10.000000,2081.750000,50.000000,0.000000,0.000000,-0.000000,0.000000,0.000000,2105.177734,50.000000,0.000000,0.000000,-0.000000,0.000000,0.000000,2131.538330,50.000000,0.000000,0.000000,-0.000000,0.000000,0.000000,0.000000,0.000000,0.000000,0.000000,70413.593750,70413.593750
ml,p95,245,2026-04-17,2096.942871,10.000000,2096.730713,50.000000,0.000000,0.000000,-0.000000,0.000000,0.000000,2119.104736,50.000000,0.000000,0.000000,-0.000000,0.000000,0.000000,2145.118652,50.000000,0.000000,0.000000,-0.000000,0.000000,0.000000,0.000000,0.000000,0.000000,0.000000,127755.570312,127755.570312
ml,p95,245,2026-04-18,2156.602051,10.000000,2157.817627,50.000000,0.000000,0.000000,-0.000000,0.000000,0.000000,2179.086182,50.000000,0.000000,0.000000,-0.000000,0.000000,0.000000,2204.935547,50.000000,0.000000,0.000000,-0.000000,0.000000,0.000000,0.000000,0.000000,0.000000,0.000000,281198.750000,281198.750000
ml,p95,245,2026-04-19,2165.120117,10.000000,2164.155029,50.000000,0.000000,0.000000,-0.000000,0.000000,0.000000,2184.901855,50.000000,0.000000,0.000000,-0.000000,0.000000,0.000000,2211.451660,50.000000,0.000000,0.000000,-0.000000,0.000000,0.000000,0.000000,0.000000,0.000000,0.000000,309879.187500,309879.187500
ml,p95,245,2026-04-20,2151.393555,10.000000,2107.404541,50.000000,0.000000,0.000000,-0.000000,0.000000,0.000000,2127.237305,50.000000,0.000000,0.000000,-0.000000,0.000000,0.000000,2152.532715,50.000000,0.000000,0.000000,-0.000000,0.000000,0.000000,0.000000,0.000000,0.000000,0.000000,283643.500000,283643.500000
ml,p95,245,2026-04-21,2131.695312,10.000000,2122.380859,50.000000,0.000000,0.000000,-0.000000,0.000000,0.000000,2141.971680,50.000000,0.000000,0.000000,-0.000000,0.000000,0.000000,2167.193115,50.000000,0.000000,0.000000,-0.000000,0.000000,0.000000,0.000000,0.000000,0.000000,0.000000,234763.171875,234763.171875
ml,p95,245,2026-04-22,2139.073486,10.000000,2143.705078,50.000000,0.000000,0.000000,-0.000000,0.000000,0.000000,2162.620117,50.000000,0.000000,0.000000,-0.000000,0.000000,0.000000,2187.919678,50.000000,0.000000,0.000000,-0.000000,0.000000,0.000000,0.000000,0.000000,0.000000,0.000000,263930.406250,263930.406250
ml,p95,245,2026-04-23,2130.068604,10.000000,2116.870361,50.000000,0.000000,0.000000,-0.000000,0.000000,0.000000,2136.911133,50.000000,0.000000,0.000000,-0.000000,0.000000,0.000000,2160.465576,50.000000,0.000000,0.000000,-0.000000,0.000000,0.000000,0.000000,0.000000,0.000000,0.000000,246983.531250,246983.531250
ml,p95,245,2026-04-24,2136.511719,10.000000,2145.140381,50.000000,0.000000,0.000000,-0.000000,0.000000,0.000000,2163.765869,50.000000,0.000000,0.000000,-0.000000,0.000000,0.000000,2187.165771,50.000000,0.000000,0.000000,-0.000000,0.000000,0.000000,0.000000,0.000000,0.000000,0.000000,270136.125000,270136.125000
ml,p95,245,2026-04-25,2179.797852,10.000000,2195.371094,50.000000,0.000000,0.000000,-0.000000,0.000000,0.000000,2213.576904,50.000000,0.000000,0.000000,-0.000000,0.000000,0.000000,2236.463379,50.000000,0.000000,0.000000,-0.000000,0.000000,0.000000,0.000000,0.000000,0.000000,0.000000,387630.562500,387630.562500
ml,p95,245,2026-04-26,2195.931641,10.000000,2205.262207,50.000000,0.000000,0.000000,-0.000000,0.000000,0.000000,2224.256592,50.000000,0.000000,0.000000,-0.000000,0.000000,0.000000,2247.101807,50.000000,0.000000,0.000000,-0.000000,0.000000,0.000000,0.000000,0.000000,0.000000,0.000000,438874.906250,438874.906250
ml,p95,245,2026-04-27,2161.946777,10.000000,2162.321777,50.000000,0.000000,0.000000,-0.000000,0.000000,0.000000,2181.827637,50.000000,0.000000,0.000000,-0.000000,0.000000,0.000000,2205.589600,50.000000,0.000000,0.000000,-0.000000,0.000000,0.000000,0.000000,0.000000,0.000000,0.000000,359611.406250,359611.406250
ml,p95,245,2026-04-28,2165.215088,10.000000,2175.696289,50.000000,0.000000,0.000000,-0.000000,0.000000,0.000000,2195.582275,50.000000,0.000000,0.000000,-0.000000,0.000000,0.000000,2218.585449,50.000000,0.000000,0.000000,-0.000000,0.000000,0.000000,0.000000,0.000000,0.000000,0.000000,374057.687500,374057.687500
ml,p95,245,2026-04-29,2245.829590,10.000000,2261.913086,50.000000,0.000000,0.000000,-0.000000,0.000000,0.000000,2281.927490,50.000000,0.000000,0.000000,-0.000000,0.000000,0.000000,2306.280518,50.000000,0.000000,0.000000,-0.000000,0.000000,0.000000,0.000000,0.000000,0.000000,0.000000,580655.312500,580655.312500
ml,p95,245,2026-04-30,2259.825684,10.000000,2261.913086,50.000000,0.000000,0.000000,-0.000000,0.000000,0.000000,2288.576172,50.000000,0.000000,0.000000,-0.000000,0.000000,0.000000,2312.969971,50.000000,0.000000,0.000000,-0.000000,0.000000,0.000000,0.000000,0.000000,0.000000,0.000000,612053.562500,612053.562500
ml,p95,245,2026-05-01,2262.068115,10.000000,2261.913086,50.000000,0.000000,0.000000,-0.000000,0.000000,0.000000,2249.783447,50.000000,0.000000,0.000000,-0.000000,0.000000,0.000000,2273.807617,50.000000,0.000000,0.000000,-0.000000,0.000000,0.000000,0.000000,0.000000,0.000000,0.000000,613997.375000,613997.375000
ml,p95,245,2026-05-02,2296.276611,10.000000,2261.913086,50.000000,0.000000,0.000000,-0.000000,0.000000,0.000000,2317.964355,50.000000,0.000000,0.000000,-0.000000,0.000000,0.000000,2344.021240,50.000000,0.000000,0.000000,-0.000000,0.000000,0.000000,0.000000,0.000000,0.000000,0.000000,699226.875000,699226.875000
ml,p95,245,2026-05-03,2282.703369,10.000000,2261.913086,50.000000,0.000000,0.000000,-0.000000,0.000000,0.000000,2293.954102,50.000000,0.000000,0.000000,-0.000000,0.000000,0.000000,2319.342529,50.000000,0.000000,0.000000,-0.000000,0.000000,0.000000,0.000000,0.000000,0.000000,0.000000,666009.062500,666009.062500
ml,p95,245,2026-05-04,2304.797852,10.000000,2261.913086,50.000000,0.000000,0.000000,-0.000000,0.000000,0.000000,2314.073975,50.000000,0.000000,0.000000,-0.000000,0.000000,0.000000,2339.614014,50.000000,0.000000,0.000000,-0.000000,0.000000,0.000000,0.000000,0.000000,0.000000,0.000000,721527.250000,721527.250000
ml,p95,245,2026-05-05,2346.320068,10.000000,2261.913086,50.000000,0.000000,0.000000,-0.000000,0.000000,0.000000,2355.213623,50.000000,0.000000,0.000000,-0.000000,0.000000,0.000000,2383.406006,50.000000,0.000000,0.000000,-0.000000,0.000000,0.000000,0.000000,0.000000,0.000000,0.000000,820425.750000,820425.750000
ml,p95,245,2026-05-06,2336.451660,10.000000,2261.913086,50.000000,0.000000,0.000000,-0.000000,0.000000,0.000000,2353.552979,50.000000,0.000000,0.000000,-0.000000,0.000000,0.000000,2379.734131,50.000000,0.000000,0.000000,-0.000000,0.000000,0.000000,0.000000,0.000000,0.000000,0.000000,786702.062500,786702.062500
ml,p95,245,2026-05-07,2362.730713,10.000000,2261.913086,50.000000,0.000000,0.000000,-0.000000,0.000000,0.000000,2380.649658,50.000000,0.000000,0.000000,-0.000000,0.000000,0.000000,2406.282227,50.000000,0.000000,0.000000,-0.000000,0.000000,0.000000,0.000000,0.000000,0.000000,0.000000,853574.875000,853574.875000
ml,p95,245,2026-05-08,2491.085205,10.000000,2261.913086,50.000000,0.000000,0.000000,-0.000000,0.000000,0.000000,2539.082031,50.000000,0.000000,0.000000,-0.000000,0.000000,0.000000,2567.614502,50.000000,0.000000,0.000000,-0.000000,0.000000,0.000000,0.000000,0.000000,0.000000,0.000000,1170571.375000,1170571.375000
ml,p95,245,2026-05-09,2412.755371,10.000000,2261.913086,50.000000,0.000000,0.000000,-0.000000,0.000000,0.000000,2461.824951,50.000000,0.000000,0.000000,-0.000000,0.000000,0.000000,2490.184326,50.000000,0.000000,0.000000,-0.000000,0.000000,0.000000,0.000000,0.000000,0.000000,0.000000,972879.562500,972879.562500
ml,p95,245,2026-05-10,2459.255371,10.000000,2261.913086,50.000000,0.000000,0.000000,-0.000000,0.000000,0.000000,2445.952637,50.000000,0.000000,0.000000,-0.000000,0.000000,0.000000,2474.338623,50.000000,0.000000,0.000000,-0.000000,0.000000,0.000000,0.000000,0.000000,0.000000,0.000000,1089427.625000,1089427.625000
ml,p95,245,2026-05-11,2392.700684,10.000000,2261.913086,50.000000,0.000000,0.000000,-0.000000,0.000000,0.000000,2345.577148,50.000000,0.000000,0.000000,-0.000000,0.000000,0.000000,2370.797852,50.000000,0.000000,0.000000,-0.000000,0.000000,0.000000,0.000000,0.000000,0.000000,0.000000,914685.562500,914685.562500
ml,p95,245,2026-05-12,2365.161133,10.000000,2261.913086,50.000000,0.000000,0.000000,-0.000000,0.000000,0.000000,2371.953857,50.000000,0.000000,0.000000,-0.000000,0.000000,0.000000,2400.467041,50.000000,0.000000,0.000000,-0.000000,0.000000,0.000000,0.000000,0.000000,0.000000,0.000000,844945.187500,844945.187500
ml,p95,245,2026-05-13,2383.199707,10.000000,2261.913086,50.000000,0.000000,0.000000,-0.000000,0.000000,0.000000,2375.774170,50.000000,0.000000,0.000000,-0.000000,0.000000,0.000000,2405.333740,50.000000,0.000000,0.000000,-0.000000,0.000000,0.000000,0.000000,0.000000,0.000000,0.000000,892161.312500,892161.312500
ml,p95,245,2026-05-14,2394.963135,10.000000,2261.913086,50.000000,0.000000,0.000000,-0.000000,0.000000,0.000000,2398.098145,50.000000,0.000000,0.000000,-0.000000,0.000000,0.000000,2425.880371,50.000000,0.000000,0.000000,-0.000000,0.000000,0.000000,0.000000,0.000000,0.000000,0.000000,926539.187500,926539.187500
ml,p95,245,2026-05-15,2393.124023,10.000000,2261.913086,50.000000,0.000000,0.000000,-0.000000,0.000000,0.000000,2407.404541,50.000000,0.000000,0.000000,-0.000000,0.000000,0.000000,2433.756104,50.000000,0.000000,0.000000,-0.000000,0.000000,0.000000,0.000000,0.000000,0.000000,0.000000,917648.750000,917648.750000
ml,p95,245,2026-05-16,2344.933105,10.000000,2261.913086,50.000000,0.000000,0.000000,-0.000000,0.000000,0.000000,2340.726807,50.000000,0.000000,0.000000,-0.000000,0.000000,0.000000,2368.146484,50.000000,0.000000,0.000000,-0.000000,0.000000,0.000000,0.000000,0.000000,0.000000,0.000000,794003.937500,794003.937500
ml,p95,245,2026-05-17,2350.422852,10.000000,2261.913086,50.000000,0.000000,0.000000,-0.000000,0.000000,0.000000,2375.954590,50.000000,0.000000,0.000000,-0.000000,0.000000,0.000000,2404.100342,50.000000,0.000000,0.000000,-0.000000,0.000000,0.000000,0.000000,0.000000,0.000000,0.000000,801166.750000,801166.750000
ml,p95,245,2026-05-18,2361.472656,10.000000,2261.913086,50.000000,0.000000,0.000000,-0.000000,0.000000,0.000000,2390.271484,50.000000,0.000000,0.000000,-0.000000,0.000000,0.000000,2421.985352,50.000000,0.000000,0.000000,-0.000000,0.000000,0.000000,0.000000,0.000000,0.000000,0.000000,827730.687500,827730.687500
ml,p95,245,2026-05-19,2382.707764,10.000000,2261.913086,50.000000,0.000000,0.000000,-0.000000,0.000000,0.000000,2413.403320,50.000000,0.000000,0.000000,-0.000000,0.000000,0.000000,2451.121338,50.000000,0.000000,0.000000,-0.000000,0.000000,0.000000,0.000000,0.000000,0.000000,0.000000,872555.937500,872555.937500
ml,p95,245,2026-05-20,2380.678467,10.000000,2261.913086,50.000000,0.000000,0.000000,-0.000000,0.000000,0.000000,2403.527344,50.000000,0.000000,0.000000,-0.000000,0.000000,0.000000,2436.801758,50.000000,0.000000,0.000000,-0.000000,0.000000,0.000000,0.000000,0.000000,0.000000,0.000000,865374.375000,865374.375000
ml,p95,245,2026-05-21,2398.256592,10.000000,2261.913086,50.000000,0.000000,0.000000,-0.000000,0.000000,0.000000,2410.291504,50.000000,0.000000,0.000000,-0.000000,0.000000,0.000000,2444.332275,50.000000,0.000000,0.000000,-0.000000,0.000000,0.000000,0.000000,0.000000,0.000000,0.000000,908800.625000,908800.625000
ml,p95,245,2026-05-22,2381.158691,10.000000,2261.913086,50.000000,0.000000,0.000000,-0.000000,0.000000,0.000000,2391.892334,50.000000,0.000000,0.000000,-0.000000,0.000000,0.000000,2421.966309,50.000000,0.000000,0.000000,-0.000000,0.000000,0.000000,0.000000,0.000000,0.000000,0.000000,869492.312500,869492.312500
ml,p95,245,2026-05-23,2366.421143,10.000000,2261.913086,50.000000,0.000000,0.000000,-0.000000,0.000000,0.000000,2388.488037,50.000000,0.000000,0.000000,-0.000000,0.000000,0.000000,2421.665039,50.000000,0.000000,0.000000,-0.000000,0.000000,0.000000,0.000000,0.000000,0.000000,0.000000,830083.375000,830083.375000
ml,p95,245,2026-05-24,2381.510742,10.000000,2261.913086,50.000000,0.000000,0.000000,-0.000000,0.000000,0.000000,2398.931396,50.000000,0.000000,0.000000,-0.000000,0.000000,0.000000,2436.212891,50.000000,0.000000,0.000000,-0.000000,0.000000,0.000000,0.000000,0.000000,0.000000,0.000000,866309.312500,866309.312500
ml,p95,245,2026-05-25,2383.753418,10.000000,2261.913086,50.000000,0.000000,0.000000,-0.000000,0.000000,0.000000,2391.444092,50.000000,0.000000,0.000000,-0.000000,0.000000,0.000000,2428.247559,50.000000,0.000000,0.000000,-0.000000,0.000000,0.000000,0.000000,0.000000,0.000000,0.000000,874491.125000,874491.125000
ml,p95,245,2026-05-26,2391.958008,10.000000,2261.913086,50.000000,0.000000,0.000000,-0.000000,0.000000,0.000000,2413.301270,50.000000,0.000000,0.000000,-0.000000,0.000000,0.000000,2456.839355,50.000000,0.000000,0.000000,-0.000000,0.000000,0.000000,0.000000,0.000000,0.000000,0.000000,889192.500000,889192.500000
ml,p95,245,2026-05-27,2389.903564,10.000000,2261.913086,50.000000,0.000000,0.000000,-0.000000,0.000000,0.000000,2399.491943,50.000000,0.000000,0.000000,-0.000000,0.000000,0.000000,2445.525879,50.000000,0.000000,0.000000,-0.000000,0.000000,0.000000,0.000000,0.000000,0.000000,0.000000,885249.750000,885249.750000
ml,p95,245,2026-05-28,2373.131104,10.000000,2261.913086,50.000000,0.000000,0.000000,-0.000000,0.000000,0.000000,2360.004395,50.000000,0.000000,0.000000,-0.000000,0.000000,0.000000,2404.631348,50.000000,0.000000,0.000000,-0.000000,0.000000,0.000000,0.000000,0.000000,0.000000,0.000000,842141.812500,842141.812500
ml,p95,245,2026-05-29,2360.691406,10.000000,2261.913086,50.000000,0.000000,0.000000,-0.000000,0.000000,0.000000,2361.052246,50.000000,0.000000,0.000000,-0.000000,0.000000,0.000000,2404.900391,50.000000,0.000000,0.000000,-0.000000,0.000000,0.000000,0.000000,0.000000,0.000000,0.000000,810392.562500,810392.562500
ml,p95,245,2026-05-30,2399.247314,10.000000,2261.913086,50.000000,0.000000,0.000000,-0.000000,0.000000,0.000000,2408.289307,50.000000,0.000000,0.000000,-0.000000,0.000000,0.000000,2455.299072,50.000000,0.000000,0.000000,-0.000000,0.000000,0.000000,0.000000,0.000000,0.000000,0.000000,908450.312500,908450.312500
ml,p95,245,2026-05-31,2402.879883,10.000000,2261.913086,50.000000,0.000000,0.000000,-0.000000,0.000000,0.000000,2406.708496,50.000000,0.000000,0.000000,-0.000000,0.000000,0.000000,2455.427246,50.000000,0.000000,0.000000,-0.000000,0.000000,0.000000,0.000000,0.000000,0.000000,0.000000,915007.625000,915007.625000
ml,p95,245,2026-06-01,2391.537354,10.000000,2261.913086,50.000000,0.000000,0.000000,-0.000000,0.000000,0.000000,2391.639893,50.000000,0.000000,0.000000,-0.000000,0.000000,0.000000,2441.308350,50.000000,0.000000,0.000000,-0.000000,0.000000,0.000000,0.000000,0.000000,0.000000,0.000000,882436.125000,882436.125000
ml,p95,245,2026-06-02,2399.874268,10.000000,2261.913086,50.000000,0.000000,0.000000,-0.000000,0.000000,0.000000,2415.021484,50.000000,0.000000,0.000000,-0.000000,0.000000,0.000000,2459.904785,50.000000,0.000000,0.000000,-0.000000,0.000000,0.000000,0.000000,0.000000,0.000000,0.000000,903142.687500,903142.687500
ml,p95,245,2026-06-03,2393.385498,10.000000,2261.913086,50.000000,0.000000,0.000000,-0.000000,0.000000,0.000000,2398.389893,50.000000,0.000000,0.000000,-0.000000,0.000000,0.000000,2444.944336,50.000000,0.000000,0.000000,-0.000000,0.000000,0.000000,0.000000,0.000000,0.000000,0.000000,883810.750000,883810.750000
ml,p95,245,2026-06-04,2356.638184,10.000000,2261.913086,50.000000,0.000000,0.000000,-0.000000,0.000000,0.000000,2354.013672,50.000000,0.000000,0.000000,-0.000000,0.000000,0.000000,2399.215820,50.000000,0.000000,0.000000,-0.000000,0.000000,0.000000,0.000000,0.000000,0.000000,0.000000,793506.687500,793506.687500
ml,p95,245,2026-06-05,2357.887939,10.000000,2261.913086,50.000000,0.000000,0.000000,-0.000000,0.000000,0.000000,2368.980225,50.000000,0.000000,0.000000,-0.000000,0.000000,0.000000,2415.306152,50.000000,0.000000,0.000000,-0.000000,0.000000,0.000000,0.000000,0.000000,0.000000,0.000000,796586.750000,796586.750000
ml,p95,245,2026-06-06,2360.856934,10.000000,2261.913086,50.000000,0.000000,0.000000,-0.000000,0.000000,0.000000,2376.825195,50.000000,0.000000,0.000000,-0.000000,0.000000,0.000000,2421.697266,50.000000,0.000000,0.000000,-0.000000,0.000000,0.000000,0.000000,0.000000,0.000000,0.000000,808114.625000,808114.625000
ml,p95,245,2026-06-07,2366.213623,10.000000,2261.913086,50.000000,0.000000,0.000000,-0.000000,0.000000,0.000000,2387.011475,50.000000,0.000000,0.000000,-0.000000,0.000000,0.000000,2431.053955,50.000000,0.000000,0.000000,-0.000000,0.000000,0.000000,0.000000,0.000000,0.000000,0.000000,819123.562500,819123.562500
ml,p95,245,2026-06-08,2375.345703,10.000000,2261.913086,50.000000,0.000000,0.000000,-0.000000,0.000000,0.000000,2389.555908,50.000000,0.000000,0.000000,-0.000000,0.000000,0.000000,2433.409668,50.000000,0.000000,0.000000,-0.000000,0.000000,0.000000,0.000000,0.000000,0.000000,0.000000,836698.062500,836698.062500
ml,p95,245,2026-06-09,2378.499756,10.000000,2261.913086,50.000000,0.000000,0.000000,-0.000000,0.000000,0.000000,2399.895996,50.000000,0.000000,0.000000,-0.000000,0.000000,0.000000,2443.252441,50.000000,0.000000,0.000000,-0.000000,0.000000,0.000000,0.000000,0.000000,0.000000,0.000000,844258.437500,844258.437500
ml,p95,245,2026-06-10,2401.087646,10.000000,2261.913086,50.000000,0.000000,0.000000,-0.000000,0.000000,0.000000,2405.461670,50.000000,0.000000,0.000000,-0.000000,0.000000,0.000000,2448.492920,50.000000,0.000000,0.000000,-0.000000,0.000000,0.000000,0.000000,0.000000,0.000000,0.000000,897792.937500,897792.937500
ml,p95,245,2026-06-11,2385.332764,10.000000,2261.913086,50.000000,0.000000,0.000000,-0.000000,0.000000,0.000000,2388.843018,50.000000,0.000000,0.000000,-0.000000,0.000000,0.000000,2430.420410,50.000000,0.000000,0.000000,-0.000000,0.000000,0.000000,0.000000,0.000000,0.000000,0.000000,859087.875000,859087.875000
ml,p95,245,2026-06-12,2420.740234,10.000000,2261.913086,50.000000,0.000000,0.000000,-0.000000,0.000000,0.000000,2418.337158,50.000000,0.000000,0.000000,-0.000000,0.000000,0.000000,2454.904297,50.000000,0.000000,0.000000,-0.000000,0.000000,0.000000,0.000000,0.000000,0.000000,0.000000,946531.437500,946531.437500
ml,p95,245,2026-06-13,2412.441406,10.000000,2261.913086,50.000000,0.000000,0.000000,-0.000000,0.000000,0.000000,2424.989990,50.000000,0.000000,0.000000,-0.000000,0.000000,0.000000,2460.528564,50.000000,0.000000,0.000000,-0.000000,0.000000,0.000000,0.000000,0.000000,0.000000,0.000000,925442.187500,925442.187500
ml,p95,245,2026-06-14,2400.745361,10.000000,2261.913086,50.000000,0.000000,0.000000,-0.000000,0.000000,0.000000,2394.947021,50.000000,0.000000,0.000000,-0.000000,0.000000,0.000000,2429.569092,50.000000,0.000000,0.000000,-0.000000,0.000000,0.000000,0.000000,0.000000,0.000000,0.000000,893308.062500,893308.062500
ml,p95,245,2026-06-15,2408.780273,10.000000,2261.913086,50.000000,0.000000,0.000000,-0.000000,0.000000,0.000000,2410.182373,50.000000,0.000000,0.000000,-0.000000,0.000000,0.000000,2443.268066,50.000000,0.000000,0.000000,-0.000000,0.000000,0.000000,0.000000,0.000000,0.000000,0.000000,908810.125000,908810.125000
ml,p95,245,2026-06-16,2400.360840,10.000000,2261.913086,50.000000,0.000000,0.000000,-0.000000,0.000000,0.000000,2412.614746,50.000000,0.000000,0.000000,-0.000000,0.000000,0.000000,2445.923340,50.000000,0.000000,0.000000,-0.000000,0.000000,0.000000,0.000000,0.000000,0.000000,0.000000,886879.937500,886879.937500
ml,p95,245,2026-06-17,2460.788330,10.000000,2261.913086,50.000000,0.000000,0.000000,-0.000000,0.000000,0.000000,2477.587158,50.000000,0.000000,0.000000,-0.000000,0.000000,0.000000,2511.016602,50.000000,0.000000,0.000000,-0.000000,0.000000,0.000000,0.000000,0.000000,0.000000,0.000000,1036923.375000,1036923.375000
ml,p95,245,2026-06-18,2463.535889,10.000000,2261.913086,50.000000,0.000000,0.000000,-0.000000,0.000000,0.000000,2464.836670,50.000000,0.000000,0.000000,-0.000000,0.000000,0.000000,2497.020996,50.000000,0.000000,0.000000,-0.000000,0.000000,0.000000,0.000000,0.000000,0.000000,0.000000,1039902.500000,1039902.500000
ml,p95,245,2026-06-19,2434.119629,10.000000,2261.913086,50.000000,0.000000,0.000000,-0.000000,0.000000,0.000000,2426.017090,50.000000,0.000000,0.000000,-0.000000,0.000000,0.000000,2457.448486,50.000000,0.000000,0.000000,-0.000000,0.000000,0.000000,0.000000,0.000000,0.000000,0.000000,963630.687500,963630.687500
ml,p95,245,2026-06-20,2442.136719,10.000000,2261.913086,50.000000,0.000000,0.000000,-0.000000,0.000000,0.000000,2435.387207,50.000000,0.000000,0.000000,-0.000000,0.000000,0.000000,2467.072998,50.000000,0.000000,0.000000,-0.000000,0.000000,0.000000,0.000000,0.000000,0.000000,0.000000,982225.500000,982225.500000
ml,p95,245,2026-06-21,2452.038574,10.000000,2261.913086,50.000000,0.000000,0.000000,-0.000000,0.000000,0.000000,2431.814941,50.000000,0.000000,0.000000,-0.000000,0.000000,0.000000,2464.591797,50.000000,0.000000,0.000000,-0.000000,0.000000,0.000000,0.000000,0.000000,0.000000,0.000000,1008235.875000,1008235.875000
ml,p95,245,2026-06-22,2482.553223,10.000000,2261.913086,50.000000,0.000000,0.000000,-0.000000,0.000000,0.000000,2497.643799,50.000000,0.000000,0.000000,-0.000000,0.000000,0.000000,2533.480469,50.000000,0.000000,0.000000,-0.000000,0.000000,0.000000,0.000000,0.000000,0.000000,0.000000,1083481.875000,1083481.875000
ml,p95,245,2026-06-23,2478.114502,10.000000,2261.913086,50.000000,0.000000,0.000000,-0.000000,0.000000,0.000000,2514.663818,50.000000,0.000000,0.000000,-0.000000,0.000000,0.000000,2550.729980,50.000000,0.000000,0.000000,-0.000000,0.000000,0.000000,0.000000,0.000000,0.000000,0.000000,1073295.500000,1073295.500000
ml,p95,245,2026-06-24,2475.544434,10.000000,2261.913086,50.000000,0.000000,0.000000,-0.000000,0.000000,0.000000,2511.383301,50.000000,0.000000,0.000000,-0.000000,0.000000,0.000000,2547.269531,50.000000,0.000000,0.000000,-0.000000,0.000000,0.000000,0.000000,0.000000,0.000000,0.000000,1066383.250000,1066383.250000
ml,p95,245,2026-06-25,2464.282959,10.000000,2261.913086,50.000000,0.000000,0.000000,-0.000000,0.000000,0.000000,2491.107666,50.000000,0.000000,0.000000,-0.000000,0.000000,0.000000,2522.503662,50.000000,0.000000,0.000000,-0.000000,0.000000,0.000000,0.000000,0.000000,0.000000,0.000000,1039604.875000,1039604.875000
ml,p95,245,2026-06-26,2453.692627,10.000000,2261.913086,50.000000,0.000000,0.000000,-0.000000,0.000000,0.000000,2449.400146,50.000000,0.000000,0.000000,-0.000000,0.000000,0.000000,2478.910645,50.000000,0.000000,0.000000,-0.000000,0.000000,0.000000,0.000000,0.000000,0.000000,0.000000,1012756.875000,1012756.875000
ml,p95,245,2026-06-27,2456.496338,10.000000,2261.913086,50.000000,0.000000,0.000000,-0.000000,0.000000,0.000000,2459.772705,50.000000,0.000000,0.000000,-0.000000,0.000000,0.000000,2487.356689,50.000000,0.000000,0.000000,-0.000000,0.000000,0.000000,0.000000,0.000000,0.000000,0.000000,1018419.062500,1018419.062500
ml,p95,245,2026-06-28,2476.304688,10.000000,2261.913086,50.000000,0.000000,0.000000,-0.000000,0.000000,0.000000,2483.160156,50.000000,0.000000,0.000000,-0.000000,0.000000,0.000000,2514.312012,50.000000,0.000000,0.000000,-0.000000,0.000000,0.000000,0.000000,0.000000,0.000000,0.000000,1067977.500000,1067977.500000
ml,p95,245,2026-06-29,2494.601318,10.000000,2261.913086,50.000000,0.000000,0.000000,-0.000000,0.000000,0.000000,2498.492188,50.000000,0.000000,0.000000,-0.000000,0.000000,0.000000,2531.959229,50.000000,0.000000,0.000000,-0.000000,0.000000,0.000000,0.000000,0.000000,0.000000,0.000000,1112130.000000,1112130.000000
ml,p95,245,2026-06-30,2549.057861,10.000000,2261.913086,50.000000,0.000000,0.000000,-0.000000,0.000000,0.000000,2565.689941,50.000000,0.000000,0.000000,-0.000000,0.000000,0.000000,2602.650146,50.000000,0.000000,0.000000,-0.000000,0.000000,0.000000,0.000000,0.000000,0.000000,0.000000,1249696.375000,1249696.375000
ml,p95,245,2026-07-01,2539.523438,10.000000,2261.913086,50.000000,0.000000,0.000000,-0.000000,0.000000,0.000000,2545.858643,50.000000,0.000000,0.000000,-0.000000,0.000000,0.000000,2580.260010,50.000000,0.000000,0.000000,-0.000000,0.000000,0.000000,0.000000,0.000000,0.000000,0.000000,1225529.625000,1225529.625000
ml,p95,245,2026-07-02,2535.981445,10.000000,2261.913086,50.000000,0.000000,0.000000,-0.000000,0.000000,0.000000,2540.396973,50.000000,0.000000,0.000000,-0.000000,0.000000,0.000000,2572.406250,50.000000,0.000000,0.000000,-0.000000,0.000000,0.000000,0.000000,0.000000,0.000000,0.000000,1215539.750000,1215539.750000
ml,p95,245,2026-07-03,2540.035645,10.000000,2261.913086,50.000000,0.000000,0.000000,-0.000000,0.000000,0.000000,2553.382812,50.000000,0.000000,0.000000,-0.000000,0.000000,0.000000,2587.426758,50.000000,0.000000,0.000000,-0.000000,0.000000,0.000000,0.000000,0.000000,0.000000,0.000000,1224118.500000,1224118.500000
ml,p95,245,2026-07-04,2570.946533,10.000000,2261.913086,50.000000,0.000000,0.000000,-0.000000,0.000000,0.000000,2588.916016,50.000000,0.000000,0.000000,-0.000000,0.000000,0.000000,2620.086426,50.000000,0.000000,0.000000,-0.000000,0.000000,0.000000,0.000000,0.000000,0.000000,0.000000,1290654.125000,1290654.125000
ml,p95,245,2026-07-05,2567.230713,10.000000,2261.913086,50.000000,0.000000,0.000000,-0.000000,0.000000,0.000000,2544.996582,50.000000,0.000000,0.000000,-0.000000,0.000000,0.000000,2573.419922,50.000000,0.000000,0.000000,-0.000000,0.000000,0.000000,0.000000,0.000000,0.000000,0.000000,1282135.625000,1282135.625000
ml,p95,245,2026-07-06,2538.574219,10.000000,2261.913086,50.000000,0.000000,0.000000,-0.000000,0.000000,0.000000,2543.373779,50.000000,0.000000,0.000000,-0.000000,0.000000,0.000000,2574.699951,50.000000,0.000000,0.000000,-0.000000,0.000000,0.000000,0.000000,0.000000,0.000000,0.000000,1218796.750000,1218796.750000
ml,p95,245,2026-07-07,2531.892578,10.000000,2261.913086,50.000000,0.000000,0.000000,-0.000000,0.000000,0.000000,2534.363281,50.000000,0.000000,0.000000,-0.000000,0.000000,0.000000,2566.578613,50.000000,0.000000,0.000000,-0.000000,0.000000,0.000000,0.000000,0.000000,0.000000,0.000000,1204471.750000,1204471.750000
ml,p95,245,2026-07-08,2535.424072,10.000000,2261.913086,50.000000,0.000000,0.000000,-0.000000,0.000000,0.000000,2540.333740,50.000000,0.000000,0.000000,-0.000000,0.000000,0.000000,2573.593750,50.000000,0.000000,0.000000,-0.000000,0.000000,0.000000,0.000000,0.000000,0.000000,0.000000,1210806.375000,1210806.375000
ml,p95,245,2026-07-09,2541.141846,10.000000,2261.913086,50.000000,0.000000,0.000000,-0.000000,0.000000,0.000000,2556.781494,50.000000,0.000000,0.000000,-0.000000,0.000000,0.000000,2589.581543,50.000000,0.000000,0.000000,-0.000000,0.000000,0.000000,0.000000,0.000000,0.000000,0.000000,1220786.125000,1220786.125000
ml,p95,245,2026-07-10,2523.631348,10.000000,2261.913086,50.000000,0.000000,0.000000,-0.000000,0.000000,0.000000,2550.640625,50.000000,0.000000,0.000000,-0.000000,0.000000,0.000000,2582.486572,50.000000,0.000000,0.000000,-0.000000,0.000000,0.000000,0.000000,0.000000,0.000000,0.000000,1188864.250000,1188864.250000
ml,p95,245,2026-07-11,2521.059814,10.000000,2261.913086,50.000000,0.000000,0.000000,-0.000000,0.000000,0.000000,2534.526611,50.000000,0.000000,0.000000,-0.000000,0.000000,0.000000,2569.701416,50.000000,0.000000,0.000000,-0.000000,0.000000,0.000000,0.000000,0.000000,0.000000,0.000000,1183883.250000,1183883.250000
ml,p95,245,2026-07-12,2547.323975,10.000000,2261.913086,50.000000,0.000000,0.000000,-0.000000,0.000000,0.000000,2535.960693,50.000000,0.000000,0.000000,-0.000000,0.000000,0.000000,2569.466553,50.000000,0.000000,0.000000,-0.000000,0.000000,0.000000,0.000000,0.000000,0.000000,0.000000,1226076.875000,1226076.875000
ml,p95,245,2026-07-13,2539.384277,10.000000,2261.913086,50.000000,0.000000,0.000000,-0.000000,0.000000,0.000000,2525.576172,50.000000,0.000000,0.000000,-0.000000,0.000000,0.000000,2557.463623,50.000000,0.000000,0.000000,-0.000000,0.000000,0.000000,0.000000,0.000000,0.000000,0.000000,1212619.250000,1212619.250000
ml,p95,245,2026-07-14,2539.711182,10.000000,2261.913086,50.000000,0.000000,0.000000,-0.000000,0.000000,0.000000,2534.354980,50.000000,0.000000,0.000000,-0.000000,0.000000,0.000000,2565.341797,50.000000,0.000000,0.000000,-0.000000,0.000000,0.000000,0.000000,0.000000,0.000000,0.000000,1212628.875000,1212628.875000
ml,p95,245,2026-07-15,2533.315186,10.000000,2261.913086,50.000000,0.000000,0.000000,-0.000000,0.000000,0.000000,2534.350830,50.000000,0.000000,0.000000,-0.000000,0.000000,0.000000,2562.753418,50.000000,0.000000,0.000000,-0.000000,0.000000,0.000000,0.000000,0.000000,0.000000,0.000000,1203097.500000,1203097.500000
ml,p95,245,2026-07-16,2533.518066,10.000000,2261.913086,50.000000,0.000000,0.000000,-0.000000,0.000000,0.000000,2523.322510,50.000000,0.000000,0.000000,-0.000000,0.000000,0.000000,2549.155029,50.000000,0.000000,0.000000,-0.000000,0.000000,0.000000,0.000000,0.000000,0.000000,0.000000,1202373.375000,1202373.375000
ml,p95,245,2026-07-17,2560.431152,10.000000,2261.913086,50.000000,0.000000,0.000000,-0.000000,0.000000,0.000000,2582.051025,50.000000,0.000000,0.000000,-0.000000,0.000000,0.000000,2609.575684,50.000000,0.000000,0.000000,-0.000000,0.000000,0.000000,0.000000,0.000000,0.000000,0.000000,1233809.000000,1233809.000000
ml,p95,245,2026-07-18,2548.487793,10.000000,2261.913086,50.000000,0.000000,0.000000,-0.000000,0.000000,0.000000,2563.727539,50.000000,0.000000,0.000000,-0.000000,0.000000,0.000000,2591.894287,50.000000,0.000000,0.000000,-0.000000,0.000000,0.000000,0.000000,0.000000,0.000000,0.000000,1220355.375000,1220355.375000
ml,p95,245,2026-07-19,2548.617920,10.000000,2261.913086,50.000000,0.000000,0.000000,-0.000000,0.000000,0.000000,2551.941406,50.000000,0.000000,0.000000,-0.000000,0.000000,0.000000,2578.691406,50.000000,0.000000,0.000000,-0.000000,0.000000,0.000000,0.000000,0.000000,0.000000,0.000000,1220245.500000,1220245.500000
ml,p95,245,2026-07-20,2553.511719,10.000000,2261.913086,50.000000,0.000000,0.000000,-0.000000,0.000000,0.000000,2604.338135,50.000000,0.000000,0.000000,-0.000000,0.000000,0.000000,2629.795166,50.000000,0.000000,0.000000,-0.000000,0.000000,0.000000,0.000000,0.000000,0.000000,0.000000,1224967.250000,1224967.250000
ml,p95,245,2026-07-21,2564.920654,10.000000,2261.913086,50.000000,0.000000,0.000000,-0.000000,0.000000,0.000000,2576.929443,50.000000,0.000000,0.000000,-0.000000,0.000000,0.000000,2601.137451,50.000000,0.000000,0.000000,-0.000000,0.000000,0.000000,0.000000,0.000000,0.000000,0.000000,1235764.250000,1235764.250000
ml,p95,245,2026-07-22,2597.882568,10.000000,2261.913086,50.000000,0.000000,0.000000,-0.000000,0.000000,0.000000,2605.395264,50.000000,0.000000,0.000000,-0.000000,0.000000,0.000000,2630.240234,50.000000,0.000000,0.000000,-0.000000,0.000000,0.000000,0.000000,0.000000,0.000000,0.000000,1264101.625000,1264101.625000
ml,p95,245,2026-07-23,2605.410400,10.000000,2261.913086,50.000000,0.000000,0.000000,-0.000000,0.000000,0.000000,2613.445068,50.000000,0.000000,0.000000,-0.000000,0.000000,0.000000,2637.829102,50.000000,0.000000,0.000000,-0.000000,0.000000,0.000000,0.000000,0.000000,0.000000,0.000000,1269523.625000,1269523.625000
ml,p95,245,2026-07-24,2605.436523,10.000000,2261.913086,50.000000,0.000000,0.000000,-0.000000,0.000000,0.000000,2639.556885,50.000000,0.000000,0.000000,-0.000000,0.000000,0.000000,2664.464355,50.000000,0.000000,0.000000,-0.000000,0.000000,0.000000,0.000000,0.000000,0.000000,0.000000,1269445.625000,1269445.625000
ml,p95,245,2026-07-25,2611.649658,10.000000,2261.913086,50.000000,0.000000,0.000000,-0.000000,0.000000,0.000000,2627.297363,50.000000,0.000000,0.000000,-0.000000,0.000000,0.000000,2653.375244,50.000000,0.000000,0.000000,-0.000000,0.000000,0.000000,0.000000,0.000000,0.000000,0.000000,1272684.000000,1272684.000000
ml,p95,245,2026-07-26,2606.593262,10.000000,2261.913086,50.000000,0.000000,0.000000,-0.000000,0.000000,0.000000,2605.989258,50.000000,0.000000,0.000000,-0.000000,0.000000,0.000000,2631.833496,50.000000,0.000000,0.000000,-0.000000,0.000000,0.000000,0.000000,0.000000,0.000000,0.000000,1269887.875000,1269887.875000
ml,p95,245,2026-07-27,2597.559326,10.000000,2261.913086,50.000000,0.000000,0.000000,-0.000000,0.000000,0.000000,2592.166504,50.000000,0.000000,0.000000,-0.000000,0.000000,0.000000,2617.683594,50.000000,0.000000,0.000000,-0.000000,0.000000,0.000000,0.000000,0.000000,0.000000,0.000000,1264894.625000,1264894.625000
ml,p95,245,2026-07-28,2609.617920,10.000000,2261.913086,50.000000,0.000000,0.000000,-0.000000,0.000000,0.000000,2606.314941,50.000000,0.000000,0.000000,-0.000000,0.000000,0.000000,2631.571777,50.000000,0.000000,0.000000,-0.000000,0.000000,0.000000,0.000000,0.000000,0.000000,0.000000,1270040.625000,1270040.625000
ml,p95,245,2026-07-29,2620.214111,10.000000,2261.913086,50.000000,0.000000,0.000000,-0.000000,0.000000,0.000000,2630.733887,50.000000,0.000000,0.000000,-0.000000,0.000000,0.000000,2657.840820,50.000000,0.000000,0.000000,-0.000000,0.000000,0.000000,0.000000,0.000000,0.000000,0.000000,1273474.750000,1273474.750000
ml,p95,245,2026-07-30,2617.078613,10.000000,2261.913086,50.000000,0.000000,0.000000,-0.000000,0.000000,0.000000,2630.733887,50.000000,0.000000,0.000000,-0.000000,0.000000,0.000000,2639.048096,50.000000,0.000000,0.000000,-0.000000,0.000000,0.000000,0.000000,0.000000,0.000000,0.000000,1272803.875000,1272803.875000
ml,p95,245,2026-07-31,2625.205078,10.000000,2261.913086,50.000000,0.000000,0.000000,-0.000000,0.000000,0.000000,2630.733887,50.000000,0.000000,0.000000,-0.000000,0.000000,0.000000,2628.239746,50.000000,0.000000,0.000000,-0.000000,0.000000,0.000000,0.000000,0.000000,0.000000,0.000000,1273799.000000,1273799.000000
ml,p95,245,2026-08-01,2627.248779,10.000000,2261.913086,50.000000,0.000000,0.000000,-0.000000,0.000000,0.000000,2630.733887,50.000000,0.000000,0.000000,-0.000000,0.000000,0.000000,2643.817627,50.000000,0.000000,0.000000,-0.000000,0.000000,0.000000,0.000000,0.000000,0.000000,0.000000,1273927.500000,1273927.500000
ml,p95,245,2026-08-02,2647.719482,10.000000,2261.913086,50.000000,0.000000,0.000000,-0.000000,0.000000,0.000000,2630.733887,50.000000,0.000000,0.000000,-0.000000,0.000000,0.000000,2663.916992,50.000000,0.000000,0.000000,-0.000000,0.000000,0.000000,0.000000,0.000000,0.000000,0.000000,1274048.875000,1274048.875000
ml,p95,245,2026-08-03,2687.883057,10.000000,2261.913086,50.000000,0.000000,0.000000,-0.000000,0.000000,0.000000,2630.733887,50.000000,0.000000,0.000000,-0.000000,0.000000,0.000000,2725.805664,50.000000,0.000000,0.000000,-0.000000,0.000000,0.000000,0.000000,0.000000,0.000000,0.000000,1274164.125000,1274164.125000
ml,p95,245,2026-08-04,2716.400635,10.000000,2261.913086,50.000000,0.000000,0.000000,-0.000000,0.000000,0.000000,2630.733887,50.000000,0.000000,0.000000,-0.000000,0.000000,0.000000,2751.070312,50.000000,0.000000,0.000000,-0.000000,0.000000,0.000000,0.000000,0.000000,0.000000,0.000000,1274278.375000,1274278.375000
ml,p95,245,2026-08-05,2692.359863,10.000000,2261.913086,50.000000,0.000000,0.000000,-0.000000,0.000000,0.000000,2630.733887,50.000000,0.000000,0.000000,-0.000000,0.000000,0.000000,2730.354736,50.000000,0.000000,0.000000,-0.000000,0.000000,0.000000,0.000000,0.000000,0.000000,0.000000,1274391.500000,1274391.500000
ml,p95,245,2026-08-06,2689.450928,10.000000,2261.913086,50.000000,0.000000,0.000000,-0.000000,0.000000,0.000000,2630.733887,50.000000,0.000000,0.000000,-0.000000,0.000000,0.000000,2723.563477,50.000000,0.000000,0.000000,-0.000000,0.000000,0.000000,0.000000,0.000000,0.000000,0.000000,1274391.500000,1274391.500000
ml,p95,245,2026-08-07,2710.979004,10.000000,2261.913086,50.000000,0.000000,0.000000,-0.000000,0.000000,0.000000,2630.733887,50.000000,0.000000,0.000000,-0.000000,0.000000,0.000000,2737.614990,50.000000,0.000000,0.000000,-0.000000,0.000000,0.000000,0.000000,0.000000,0.000000,0.000000,1274391.500000,1274391.500000
ml,p95,245,2026-08-08,2699.700439,10.000000,2261.913086,50.000000,0.000000,0.000000,-0.000000,0.000000,0.000000,2630.733887,50.000000,0.000000,0.000000,-0.000000,0.000000,0.000000,2722.674072,50.000000,0.000000,0.000000,-0.000000,0.000000,0.000000,0.000000,0.000000,0.000000,0.000000,1274391.500000,1274391.500000
ml,p95,245,2026-08-09,2678.384766,10.000000,2261.913086,50.000000,0.000000,0.000000,-0.000000,0.000000,0.000000,2630.733887,50.000000,0.000000,0.000000,-0.000000,0.000000,0.000000,2688.576416,50.000000,0.000000,0.000000,-0.000000,0.000000,0.000000,0.000000,0.000000,0.000000,0.000000,1274391.500000,1274391.500000
ml,p95,245,2026-08-10,2687.801025,10.000000,2261.913086,50.000000,0.000000,0.000000,-0.000000,0.000000,0.000000,2630.733887,50.000000,0.000000,0.000000,-0.000000,0.000000,0.000000,2717.643799,50.000000,0.000000,0.000000,-0.000000,0.000000,0.000000,0.000000,0.000000,0.000000,0.000000,1274391.500000,1274391.500000
ml,p95,245,2026-08-11,2666.600586,10.000000,2261.913086,50.000000,0.000000,0.000000,-0.000000,0.000000,0.000000,2630.733887,50.000000,0.000000,0.000000,-0.000000,0.000000,0.000000,2687.904297,50.000000,0.000000,0.000000,-0.000000,0.000000,0.000000,0.000000,0.000000,0.000000,0.000000,1274391.500000,1274391.500000
ml,p95,245,2026-08-12,2654.655029,10.000000,2261.913086,50.000000,0.000000,0.000000,-0.000000,0.000000,0.000000,2630.733887,50.000000,0.000000,0.000000,-0.000000,0.000000,0.000000,2668.730957,50.000000,0.000000,0.000000,-0.000000,0.000000,0.000000,0.000000,0.000000,0.000000,0.000000,1274391.500000,1274391.500000
ml,p95,245,2026-08-13,2664.992676,10.000000,2261.913086,50.000000,0.000000,0.000000,-0.000000,0.000000,0.000000,2630.733887,50.000000,0.000000,0.000000,-0.000000,0.000000,0.000000,2684.169189,50.000000,0.000000,0.000000,-0.000000,0.000000,0.000000,0.000000,0.000000,0.000000,0.000000,1274391.500000,1274391.500000
ml,p95,245,2026-08-14,2646.168457,10.000000,2261.913086,50.000000,0.000000,0.000000,-0.000000,0.000000,0.000000,2630.733887,50.000000,0.000000,0.000000,-0.000000,0.000000,0.000000,2663.406982,50.000000,0.000000,0.000000,-0.000000,0.000000,0.000000,0.000000,0.000000,0.000000,0.000000,1274391.500000,1274391.500000
ml,p95,245,2026-08-15,2652.578613,10.000000,2261.913086,50.000000,0.000000,0.000000,-0.000000,0.000000,0.000000,2630.733887,50.000000,0.000000,0.000000,-0.000000,0.000000,0.000000,2662.472656,50.000000,0.000000,0.000000,-0.000000,0.000000,0.000000,0.000000,0.000000,0.000000,0.000000,1274391.500000,1274391.500000
ml,p95,245,2026-08-16,2649.025391,10.000000,2261.913086,50.000000,0.000000,0.000000,-0.000000,0.000000,0.000000,2630.733887,50.000000,0.000000,0.000000,-0.000000,0.000000,0.000000,2662.550293,50.000000,0.000000,0.000000,-0.000000,0.000000,0.000000,0.000000,0.000000,0.000000,0.000000,1274391.500000,1274391.500000
ml,p95,245,2026-08-17,2637.893799,10.000000,2261.913086,50.000000,0.000000,0.000000,-0.000000,0.000000,0.000000,2630.733887,50.000000,0.000000,0.000000,-0.000000,0.000000,0.000000,2654.282471,50.000000,0.000000,0.000000,-0.000000,0.000000,0.000000,0.000000,0.000000,0.000000,0.000000,1274391.500000,1274391.500000
ml,p95,245,2026-08-18,2655.760010,10.000000,2261.913086,50.000000,0.000000,0.000000,-0.000000,0.000000,0.000000,2630.733887,50.000000,0.000000,0.000000,-0.000000,0.000000,0.000000,2669.988037,50.000000,0.000000,0.000000,-0.000000,0.000000,0.000000,0.000000,0.000000,0.000000,0.000000,1274391.500000,1274391.500000
ml,p95,245,2026-08-19,2649.766846,10.000000,2261.913086,50.000000,0.000000,0.000000,-0.000000,0.000000,0.000000,2630.733887,50.000000,0.000000,0.000000,-0.000000,0.000000,0.000000,2669.379395,50.000000,0.000000,0.000000,-0.000000,0.000000,0.000000,0.000000,0.000000,0.000000,0.000000,1274391.500000,1274391.500000
ml,p95,245,2026-08-20,2653.135010,10.000000,2261.913086,50.000000,0.000000,0.000000,-0.000000,0.000000,0.000000,2630.733887,50.000000,0.000000,0.000000,-0.000000,0.000000,0.000000,2670.599609,50.000000,0.000000,0.000000,-0.000000,0.000000,0.000000,0.000000,0.000000,0.000000,0.000000,1274391.500000,1274391.500000
ml,p95,245,2026-08-21,2640.260986,10.000000,2261.913086,50.000000,0.000000,0.000000,-0.000000,0.000000,0.000000,2630.733887,50.000000,0.000000,0.000000,-0.000000,0.000000,0.000000,2650.641602,50.000000,0.000000,0.000000,-0.000000,0.000000,0.000000,0.000000,0.000000,0.000000,0.000000,1274391.500000,1274391.500000
ml,p95,245,2026-08-22,2623.650879,10.000000,2261.913086,50.000000,0.000000,0.000000,-0.000000,0.000000,0.000000,2630.733887,50.000000,0.000000,0.000000,-0.000000,0.000000,0.000000,2635.855469,50.000000,0.000000,0.000000,-0.000000,0.000000,0.000000,0.000000,0.000000,0.000000,0.000000,1274391.500000,1274391.500000
ml,p95,245,2026-08-23,2643.963623,10.000000,2261.913086,50.000000,0.000000,0.000000,-0.000000,0.000000,0.000000,2630.733887,50.000000,0.000000,0.000000,-0.000000,0.000000,0.000000,2660.981201,50.000000,0.000000,0.000000,-0.000000,0.000000,0.000000,0.000000,0.000000,0.000000,0.000000,1274391.500000,1274391.500000
ml,p95,245,2026-08-24,2619.534424,10.000000,2261.913086,50.000000,0.000000,0.000000,-0.000000,0.000000,0.000000,2630.733887,50.000000,0.000000,0.000000,-0.000000,0.000000,0.000000,2645.612549,50.000000,0.000000,0.000000,-0.000000,0.000000,0.000000,0.000000,0.000000,0.000000,0.000000,1274391.500000,1274391.500000
ml,p95,245,2026-08-25,2650.561768,10.000000,2261.913086,50.000000,0.000000,0.000000,-0.000000,0.000000,0.000000,2630.733887,50.000000,0.000000,0.000000,-0.000000,0.000000,0.000000,2674.219482,50.000000,0.000000,0.000000,-0.000000,0.000000,0.000000,0.000000,0.000000,0.000000,0.000000,1274391.500000,1274391.500000
ml,p95,245,2026-08-26,2674.838867,10.000000,2261.913086,50.000000,0.000000,0.000000,-0.000000,0.000000,0.000000,2630.733887,50.000000,0.000000,0.000000,-0.000000,0.000000,0.000000,2709.833740,50.000000,0.000000,0.000000,-0.000000,0.000000,0.000000,0.000000,0.000000,0.000000,0.000000,1274391.500000,1274391.500000
ml,p95,245,2026-08-27,2650.967529,10.000000,2261.913086,50.000000,0.000000,0.000000,-0.000000,0.000000,0.000000,2630.733887,50.000000,0.000000,0.000000,-0.000000,0.000000,0.000000,2674.779541,50.000000,0.000000,0.000000,-0.000000,0.000000,0.000000,0.000000,0.000000,0.000000,0.000000,1274391.500000,1274391.500000
ml,p95,245,2026-08-28,2627.956787,10.000000,2261.913086,50.000000,0.000000,0.000000,-0.000000,0.000000,0.000000,2630.733887,50.000000,0.000000,0.000000,-0.000000,0.000000,0.000000,2621.726318,50.000000,0.000000,0.000000,-0.000000,0.000000,0.000000,0.000000,0.000000,0.000000,0.000000,1274391.500000,1274391.500000
ml,p95,245,2026-08-29,2626.935547,10.000000,2261.913086,50.000000,0.000000,0.000000,-0.000000,0.000000,0.000000,2630.733887,50.000000,0.000000,0.000000,-0.000000,0.000000,0.000000,2625.138672,50.000000,0.000000,0.000000,-0.000000,0.000000,0.000000,0.000000,0.000000,0.000000,0.000000,1274391.500000,1274391.500000
ml,p95,245,2026-08-30,2634.923340,10.000000,2261.913086,50.000000,0.000000,0.000000,-0.000000,0.000000,0.000000,2630.733887,50.000000,0.000000,0.000000,-0.000000,0.000000,0.000000,2651.053223,50.000000,0.000000,0.000000,-0.000000,0.000000,0.000000,0.000000,0.000000,0.000000,0.000000,1274391.500000,1274391.500000
ml,p95,245,2026-08-31,2598.645996,10.000000,2261.913086,50.000000,0.000000,0.000000,-0.000000,0.000000,0.000000,2630.733887,50.000000,0.000000,0.000000,-0.000000,0.000000,0.000000,2596.137451,50.000000,0.000000,0.000000,-0.000000,0.000000,0.000000,0.000000,0.000000,0.000000,0.000000,1274391.500000,1274391.500000
ml,p95,245,2026-09-01,2605.007812,10.000000,2261.913086,50.000000,0.000000,0.000000,-0.000000,0.000000,0.000000,2630.733887,50.000000,0.000000,0.000000,-0.000000,0.000000,0.000000,2618.858398,50.000000,0.000000,0.000000,-0.000000,0.000000,0.000000,0.000000,0.000000,0.000000,0.000000,1274391.500000,1274391.500000
ml,p95,245,2026-09-02,2603.769531,10.000000,2261.913086,50.000000,0.000000,0.000000,-0.000000,0.000000,0.000000,2630.733887,50.000000,0.000000,0.000000,-0.000000,0.000000,0.000000,2621.861084,50.000000,0.000000,0.000000,-0.000000,0.000000,0.000000,0.000000,0.000000,0.000000,0.000000,1274391.500000,1274391.500000
ml,p95,245,2026-09-03,2658.187500,10.000000,2261.913086,50.000000,0.000000,0.000000,-0.000000,0.000000,0.000000,2630.733887,50.000000,0.000000,0.000000,-0.000000,0.000000,0.000000,2678.739990,50.000000,0.000000,0.000000,-0.000000,0.000000,0.000000,0.000000,0.000000,0.000000,0.000000,1274391.500000,1274391.500000
ml,p95,245,2026-09-04,2649.413330,10.000000,2261.913086,50.000000,0.000000,0.000000,-0.000000,0.000000,0.000000,2630.733887,50.000000,0.000000,0.000000,-0.000000,0.000000,0.000000,2658.210205,50.000000,0.000000,0.000000,-0.000000,0.000000,0.000000,0.000000,0.000000,0.000000,0.000000,1274391.500000,1274391.500000
ml,p95,245,2026-09-05,2650.272461,10.000000,2261.913086,50.000000,0.000000,0.000000,-0.000000,0.000000,0.000000,2630.733887,50.000000,0.000000,0.000000,-0.000000,0.000000,0.000000,2657.250244,50.000000,0.000000,0.000000,-0.000000,0.000000,0.000000,0.000000,0.000000,0.000000,0.000000,1274391.500000,1274391.500000
ml,p95,245,2026-09-06,2657.901123,10.000000,2261.913086,50.000000,0.000000,0.000000,-0.000000,0.000000,0.000000,2630.733887,50.000000,0.000000,0.000000,-0.000000,0.000000,0.000000,2668.809082,50.000000,0.000000,0.000000,-0.000000,0.000000,0.000000,0.000000,0.000000,0.000000,0.000000,1274391.500000,1274391.500000
ml,p95,245,2026-09-07,2649.295654,10.000000,2261.913086,50.000000,0.000000,0.000000,-0.000000,0.000000,0.000000,2630.733887,50.000000,0.000000,0.000000,-0.000000,0.000000,0.000000,2663.986328,50.000000,0.000000,0.000000,-0.000000,0.000000,0.000000,0.000000,0.000000,0.000000,0.000000,1274391.500000,1274391.500000
ml,p95,245,2026-09-08,2671.570801,10.000000,2261.913086,50.000000,0.000000,0.000000,-0.000000,0.000000,0.000000,2630.733887,50.000000,0.000000,0.000000,-0.000000,0.000000,0.000000,2705.346924,50.000000,0.000000,0.000000,-0.000000,0.000000,0.000000,0.000000,0.000000,0.000000,0.000000,1274391.500000,1274391.500000
ml,p95,245,2026-09-09,2652.274902,10.000000,2261.913086,50.000000,0.000000,0.000000,-0.000000,0.000000,0.000000,2630.733887,50.000000,0.000000,0.000000,-0.000000,0.000000,0.000000,2671.377930,50.000000,0.000000,0.000000,-0.000000,0.000000,0.000000,0.000000,0.000000,0.000000,0.000000,1274391.500000,1274391.500000
ml,p95,245,2026-09-10,2628.464355,10.000000,2261.913086,50.000000,0.000000,0.000000,-0.000000,0.000000,0.000000,2630.733887,50.000000,0.000000,0.000000,-0.000000,0.000000,0.000000,2651.825195,50.000000,0.000000,0.000000,-0.000000,0.000000,0.000000,0.000000,0.000000,0.000000,0.000000,1274391.500000,1274391.500000
ml,p95,245,2026-09-11,2627.814941,10.000000,2261.913086,50.000000,0.000000,0.000000,-0.000000,0.000000,0.000000,2630.733887,50.000000,0.000000,0.000000,-0.000000,0.000000,0.000000,2630.858643,50.000000,0.000000,0.000000,-0.000000,0.000000,0.000000,0.000000,0.000000,0.000000,0.000000,1274391.500000,1274391.500000
ml,p95,245,2026-09-12,2585.387695,10.000000,2261.913086,50.000000,0.000000,0.000000,-0.000000,0.000000,0.000000,2630.733887,50.000000,0.000000,0.000000,-0.000000,0.000000,0.000000,2588.224854,50.000000,0.000000,0.000000,-0.000000,0.000000,0.000000,0.000000,0.000000,0.000000,0.000000,1274391.500000,1274391.500000
ml,p95,245,2026-09-13,2609.367920,10.000000,2261.913086,50.000000,0.000000,0.000000,-0.000000,0.000000,0.000000,2630.733887,50.000000,0.000000,0.000000,-0.000000,0.000000,0.000000,2634.453125,50.000000,0.000000,0.000000,-0.000000,0.000000,0.000000,0.000000,0.000000,0.000000,0.000000,1274391.500000,1274391.500000
ml,p95,245,2026-09-14,2622.586426,10.000000,2261.913086,50.000000,0.000000,0.000000,-0.000000,0.000000,0.000000,2630.733887,50.000000,0.000000,0.000000,-0.000000,0.000000,0.000000,2634.260986,50.000000,0.000000,0.000000,-0.000000,0.000000,0.000000,0.000000,0.000000,0.000000,0.000000,1274391.500000,1274391.500000
ml,p95,245,2026-09-15,2634.204590,10.000000,2261.913086,50.000000,0.000000,0.000000,-0.000000,0.000000,0.000000,2630.733887,50.000000,0.000000,0.000000,-0.000000,0.000000,0.000000,2647.568359,50.000000,0.000000,0.000000,-0.000000,0.000000,0.000000,0.000000,0.000000,0.000000,0.000000,1274391.500000,1274391.500000
ml,p95,245,2026-09-16,2601.998535,10.000000,2261.913086,50.000000,0.000000,0.000000,-0.000000,0.000000,0.000000,2630.733887,50.000000,0.000000,0.000000,-0.000000,0.000000,0.000000,2601.781494,50.000000,0.000000,0.000000,-0.000000,0.000000,0.000000,0.000000,0.000000,0.000000,0.000000,1274391.500000,1274391.500000
ml,p95,245,2026-09-17,2599.726562,10.000000,2261.913086,50.000000,0.000000,0.000000,-0.000000,0.000000,0.000000,2630.733887,50.000000,0.000000,0.000000,-0.000000,0.000000,0.000000,2608.484131,50.000000,0.000000,0.000000,-0.000000,0.000000,0.000000,0.000000,0.000000,0.000000,0.000000,1274391.500000,1274391.500000
ml,p95,245,2026-09-18,2583.574707,10.000000,2261.913086,50.000000,0.000000,0.000000,-0.000000,0.000000,0.000000,2630.733887,50.000000,0.000000,0.000000,-0.000000,0.000000,0.000000,2599.720703,50.000000,0.000000,0.000000,-0.000000,0.000000,0.000000,0.000000,0.000000,0.000000,0.000000,1274391.500000,1274391.500000
ml,p95,245,2026-09-19,2552.174072,10.000000,2261.913086,50.000000,0.000000,0.000000,-0.000000,0.000000,0.000000,2630.733887,50.000000,0.000000,0.000000,-0.000000,0.000000,0.000000,2525.815186,50.000000,0.000000,0.000000,-0.000000,0.000000,0.000000,0.000000,0.000000,0.000000,0.000000,1274391.500000,1274391.500000
ml,p95,245,2026-09-20,2538.873291,10.000000,2261.913086,50.000000,0.000000,0.000000,-0.000000,0.000000,0.000000,2630.733887,50.000000,0.000000,0.000000,-0.000000,0.000000,0.000000,2539.946289,50.000000,0.000000,0.000000,-0.000000,0.000000,0.000000,0.000000,0.000000,0.000000,0.000000,1274391.500000,1274391.500000
ml,p95,245,2026-09-21,2557.345215,10.000000,2261.913086,50.000000,0.000000,0.000000,-0.000000,0.000000,0.000000,2630.733887,50.000000,0.000000,0.000000,-0.000000,0.000000,0.000000,2558.533936,50.000000,0.000000,0.000000,-0.000000,0.000000,0.000000,0.000000,0.000000,0.000000,0.000000,1274391.500000,1274391.500000
ml,p95,245,2026-09-22,2526.982422,10.000000,2261.913086,50.000000,0.000000,0.000000,-0.000000,0.000000,0.000000,2630.733887,50.000000,0.000000,0.000000,-0.000000,0.000000,0.000000,2533.448242,50.000000,0.000000,0.000000,-0.000000,0.000000,0.000000,0.000000,0.000000,0.000000,0.000000,1274391.500000,1274391.500000
ml,p95,245,2026-09-23,2549.290039,10.000000,2261.913086,50.000000,0.000000,0.000000,-0.000000,0.000000,0.000000,2630.733887,50.000000,0.000000,0.000000,-0.000000,0.000000,0.000000,2559.831787,50.000000,0.000000,0.000000,-0.000000,0.000000,0.000000,0.000000,0.000000,0.000000,0.000000,1274391.500000,1274391.500000
ml,p95,245,2026-09-24,2558.644287,10.000000,2261.913086,50.000000,0.000000,0.000000,-0.000000,0.000000,0.000000,2630.733887,50.000000,0.000000,0.000000,-0.000000,0.000000,0.000000,2559.398682,50.000000,0.000000,0.000000,-0.000000,0.000000,0.000000,0.000000,0.000000,0.000000,0.000000,1274391.500000,1274391.500000
ml,p95,245,2026-09-25,2570.034424,10.000000,2261.913086,50.000000,0.000000,0.000000,-0.000000,0.000000,0.000000,2630.733887,50.000000,0.000000,0.000000,-0.000000,0.000000,0.000000,2580.425049,50.000000,0.000000,0.000000,-0.000000,0.000000,0.000000,0.000000,0.000000,0.000000,0.000000,1274391.500000,1274391.500000
ml,p95,245,2026-09-26,2575.026855,10.000000,2261.913086,50.000000,0.000000,0.000000,-0.000000,0.000000,0.000000,2630.733887,50.000000,0.000000,0.000000,-0.000000,0.000000,0.000000,2585.846436,50.000000,0.000000,0.000000,-0.000000,0.000000,0.000000,0.000000,0.000000,0.000000,0.000000,1274391.500000,1274391.500000
ml,p95,245,2026-09-27,2570.769775,10.000000,2261.913086,50.000000,0.000000,0.000000,-0.000000,0.000000,0.000000,2630.733887,50.000000,0.000000,0.000000,-0.000000,0.000000,0.000000,2591.875488,50.000000,0.000000,0.000000,-0.000000,0.000000,0.000000,0.000000,0.000000,0.000000,0.000000,1274391.500000,1274391.500000
ml,p95,245,2026-09-28,2581.260986,10.000000,2261.913086,50.000000,0.000000,0.000000,-0.000000,0.000000,0.000000,2630.733887,50.000000,0.000000,0.000000,-0.000000,0.000000,0.000000,2599.985840,50.000000,0.000000,0.000000,-0.000000,0.000000,0.000000,0.000000,0.000000,0.000000,0.000000,1274391.500000,1274391.500000
ml,p95,245,2026-09-29,2602.563232,10.000000,2261.913086,50.000000,0.000000,0.000000,-0.000000,0.000000,0.000000,2630.733887,50.000000,0.000000,0.000000,-0.000000,0.000000,0.000000,2616.549561,50.000000,0.000000,0.000000,-0.000000,0.000000,0.000000,0.000000,0.000000,0.000000,0.000000,1274391.500000,1274391.500000
ml,p95,245,2026-09-30,2582.742188,10.000000,2261.913086,50.000000,0.000000,0.000000,-0.000000,0.000000,0.000000,2630.733887,50.000000,0.000000,0.000000,-0.000000,0.000000,0.000000,2588.597168,50.000000,0.000000,0.000000,-0.000000,0.000000,0.000000,0.000000,0.000000,0.000000,0.000000,1274391.500000,1274391.500000
ml,p95,245,2026-10-01,2574.285400,10.000000,2261.913086,50.000000,0.000000,0.000000,-0.000000,0.000000,0.000000,2630.733887,50.000000,0.000000,0.000000,-0.000000,0.000000,0.000000,2584.745605,50.000000,0.000000,0.000000,-0.000000,0.000000,0.000000,0.000000,0.000000,0.000000,0.000000,1274391.500000,1274391.500000
ml,p95,245,2026-10-02,2570.457275,10.000000,2261.913086,50.000000,0.000000,0.000000,-0.000000,0.000000,0.000000,2630.733887,50.000000,0.000000,0.000000,-0.000000,0.000000,0.000000,2567.096680,50.000000,0.000000,0.000000,-0.000000,0.000000,0.000000,0.000000,0.000000,0.000000,0.000000,1274391.500000,1274391.500000
ml,p95,245,2026-10-03,2565.509033,10.000000,2261.913086,50.000000,0.000000,0.000000,-0.000000,0.000000,0.000000,2630.733887,50.000000,0.000000,0.000000,-0.000000,0.000000,0.000000,2590.421387,50.000000,0.000000,0.000000,-0.000000,0.000000,0.000000,0.000000,0.000000,0.000000,0.000000,1274391.500000,1274391.500000
ml,p95,245,2026-10-04,2522.748047,10.000000,2261.913086,50.000000,0.000000,0.000000,-0.000000,0.000000,0.000000,2630.733887,50.000000,0.000000,0.000000,-0.000000,0.000000,0.000000,2524.553711,50.000000,0.000000,0.000000,-0.000000,0.000000,0.000000,0.000000,0.000000,0.000000,0.000000,1274391.500000,1274391.500000
ml,p95,245,2026-10-05,2497.156494,10.000000,2261.913086,50.000000,1.000000,1.000000,-113095.656250,56.547825,113095.656250,2630.733887,50.000000,1.000000,1.000000,-131536.687500,65.768341,131536.687500,2488.305908,50.000000,0.000000,0.000000,-0.000000,0.000000,0.000000,244632.343750,-244632.343750,122.316162,-122.316162,1274391.500000,1274269.125000
ml,p95,245,2026-10-06,2491.422607,10.000000,2261.913086,50.000000,0.000000,-1.000000,113095.656250,56.547825,0.000000,2630.733887,50.000000,0.000000,-1.000000,131536.687500,65.768341,0.000000,2514.465576,50.000000,0.000000,0.000000,-0.000000,0.000000,0.000000,0.000000,0.000000,244.632324,-244.632324,1274391.500000,1274146.875000
ml,p95,245,2026-10-07,2524.160889,10.000000,2261.913086,50.000000,1.000000,1.000000,-113095.656250,56.547825,113095.656250,2630.733887,50.000000,1.000000,1.000000,-131536.687500,65.768341,131536.687500,2527.186768,50.000000,0.000000,0.000000,-0.000000,0.000000,0.000000,244632.343750,-244632.343750,366.948486,-366.948486,1274391.500000,1274024.500000
ml,p95,245,2026-10-08,2570.886230,10.000000,2261.913086,50.000000,0.000000,-1.000000,113095.656250,56.547825,0.000000,2630.733887,50.000000,0.000000,-1.000000,131536.687500,65.768341,0.000000,2562.795654,50.000000,0.000000,0.000000,-0.000000,0.000000,0.000000,0.000000,0.000000,489.264648,-489.264648,1274391.500000,1273902.250000
ml,p95,245,2026-10-09,2580.927490,10.000000,2261.913086,50.000000,1.000000,1.000000,-113095.656250,56.547825,113095.656250,2630.733887,50.000000,1.000000,1.000000,-131536.687500,65.768341,131536.687500,2575.151123,50.000000,0.000000,0.000000,-0.000000,0.000000,0.000000,244632.343750,-244632.343750,611.580811,-611.580811,1274391.500000,1273779.875000
ml,p95,245,2026-10-10,2600.564697,10.000000,2261.913086,50.000000,1.000000,0.000000,-0.000000,0.000000,113095.656250,2630.733887,50.000000,1.000000,0.000000,-0.000000,0.000000,131536.687500,2625.213135,50.000000,0.000000,0.000000,-0.000000,0.000000,0.000000,244632.343750,-244632.343750,611.580811,-611.580811,1274391.500000,1273779.875000
ml,p95,245,2026-10-11,2590.301270,10.000000,2261.913086,50.000000,1.000000,0.000000,-0.000000,0.000000,113095.656250,2630.733887,50.000000,1.000000,0.000000,-0.000000,0.000000,131536.687500,2609.725342,50.000000,0.000000,0.000000,-0.000000,0.000000,0.000000,244632.343750,-244632.343750,611.580811,-611.580811,1274391.500000,1273779.875000
ml,p95,245,2026-10-12,2602.729492,10.000000,2261.913086,50.000000,1.000000,0.000000,-0.000000,0.000000,113095.656250,2630.733887,50.000000,1.000000,0.000000,-0.000000,0.000000,131536.687500,2610.497559,50.000000,0.000000,0.000000,-0.000000,0.000000,0.000000,244632.343750,-244632.343750,611.580811,-611.580811,1274391.500000,1273779.875000
ml,p95,245,2026-10-13,2608.191162,10.000000,2261.913086,50.000000,0.000000,-1.000000,113095.656250,56.547825,0.000000,2630.733887,50.000000,0.000000,-1.000000,131536.687500,65.768341,0.000000,2603.180908,50.000000,0.000000,0.000000,-0.000000,0.000000,0.000000,0.000000,0.000000,733.896973,-733.896973,1274391.500000,1273657.625000
ml,p95,245,2026-10-14,2638.473877,10.000000,2261.913086,50.000000,1.000000,1.000000,-113095.656250,56.547825,113095.656250,2630.733887,50.000000,1.000000,1.000000,-131536.687500,65.768341,131536.687500,2644.739746,50.000000,0.000000,0.000000,-0.000000,0.000000,0.000000,244632.343750,-244632.343750,856.213135,-856.213135,1274391.500000,1273535.250000
ml,p95,245,2026-10-15,2649.687256,10.000000,2261.913086,50.000000,0.000000,-1.000000,113095.656250,56.547825,0.000000,2630.733887,50.000000,0.000000,-1.000000,131536.687500,65.768341,0.000000,2673.632080,50.000000,0.000000,0.000000,-0.000000,0.000000,0.000000,0.000000,0.000000,978.529297,-978.529297,1274391.500000,1273413.000000
ml,p95,245,2026-10-16,2662.024658,10.000000,2261.913086,50.000000,1.000000,1.000000,-113095.656250,56.547825,113095.656250,2630.733887,50.000000,1.000000,1.000000,-131536.687500,65.768341,131536.687500,2669.858154,50.000000,0.000000,0.000000,-0.000000,0.000000,0.000000,244632.343750,-244632.343750,1100.845459,-1100.845459,1274391.500000,1273290.625000
ml,p95,245,2026-10-17,2657.699463,10.000000,2261.913086,50.000000,1.000000,0.000000,-0.000000,0.000000,113095.656250,2630.733887,50.000000,1.000000,0.000000,-0.000000,0.000000,131536.687500,2661.357422,50.000000,0.000000,0.000000,-0.000000,0.000000,0.000000,244632.343750,-244632.343750,1100.845459,-1100.845459,1274391.500000,1273290.625000
ml,p95,245,2026-10-18,2634.146973,10.000000,2261.913086,50.000000,1.000000,0.000000,-0.000000,0.000000,113095.656250,2630.733887,50.000000,1.000000,0.000000,-0.000000,0.000000,131536.687500,2633.437256,50.000000,0.000000,0.000000,-0.000000,0.000000,0.000000,244632.343750,-244632.343750,1100.845459,-1100.845459,1274391.500000,1273290.625000
ml,p95,245,2026-10-19,2623.607178,10.000000,2261.913086,50.000000,0.000000,-1.000000,113095.656250,56.547825,0.000000,2630.733887,50.000000,0.000000,-1.000000,131536.687500,65.768341,0.000000,2621.040771,50.000000,0.000000,0.000000,-0.000000,0.000000,0.000000,0.000000,0.000000,1223.161621,-1223.161621,1274391.500000,1273168.375000
ml,p95,245,2026-10-20,2592.855713,10.000000,2261.913086,50.000000,1.000000,1.000000,-113095.656250,56.547825,113095.656250,2630.733887,50.000000,0.000000,0.000000,-0.000000,0.000000,0.000000,2635.860107,50.000000,0.000000,0.000000,-0.000000,0.000000,0.000000,113095.656250,-113095.656250,1279.709473,-1279.709473,1274391.500000,1273111.750000
ml,p95,245,2026-10-21,2590.584229,10.000000,2261.913086,50.000000,0.000000,-1.000000,113095.656250,56.547825,0.000000,2630.733887,50.000000,0.000000,0.000000,-0.000000,0.000000,0.000000,2601.160156,50.000000,0.000000,0.000000,-0.000000,0.000000,0.000000,0.000000,0.000000,1336.257324,-1336.257324,1274391.500000,1273055.250000
ml,p95,245,2026-10-22,2562.897217,10.000000,2261.913086,50.000000,1.000000,1.000000,-113095.656250,56.547825,113095.656250,2630.733887,50.000000,1.000000,1.000000,-131536.687500,65.768341,131536.687500,2549.772217,50.000000,0.000000,0.000000,-0.000000,0.000000,0.000000,244632.343750,-244632.343750,1458.573486,-1458.573486,1274391.500000,1272932.875000
ml,p95,245,2026-10-23,2536.006836,10.000000,2261.913086,50.000000,0.000000,-1.000000,113095.656250,56.547825,0.000000,2630.733887,50.000000,0.000000,-1.000000,131536.687500,65.768341,0.000000,2523.908447,50.000000,0.000000,0.000000,-0.000000,0.000000,0.000000,0.000000,0.000000,1580.889648,-1580.889648,1274391.500000,1272810.625000
ml,p95,245,2026-10-24,2522.838379,10.000000,2261.913086,50.000000,0.000000,0.000000,-0.000000,0.000000,0.000000,2630.733887,50.000000,0.000000,0.000000,-0.000000,0.000000,0.000000,2514.095459,50.000000,0.000000,0.000000,-0.000000,0.000000,0.000000,0.000000,0.000000,1580.889648,-1580.889648,1274391.500000,1272810.625000
ml,p95,245,2026-10-25,2543.519043,10.000000,2261.913086,50.000000,0.000000,0.000000,-0.000000,0.000000,0.000000,2630.733887,50.000000,0.000000,0.000000,-0.000000,0.000000,0.000000,2525.209717,50.000000,0.000000,0.000000,-0.000000,0.000000,0.000000,0.000000,0.000000,1580.889648,-1580.889648,1274391.500000,1272810.625000
ml,p95,245,2026-10-26,2558.926025,10.000000,2261.913086,50.000000,1.000000,1.000000,-113095.656250,56.547825,113095.656250,2630.733887,50.000000,1.000000,1.000000,-131536.687500,65.768341,131536.687500,2554.244141,50.000000,0.000000,0.000000,-0.000000,0.000000,0.000000,244632.343750,-244632.343750,1703.205811,-1703.205811,1274391.500000,1272688.250000
ml,p95,245,2026-10-27,2559.770752,10.000000,2261.913086,50.000000,0.000000,-1.000000,113095.656250,56.547825,0.000000,2630.733887,50.000000,0.000000,-1.000000,131536.687500,65.768341,0.000000,2558.495850,50.000000,0.000000,0.000000,-0.000000,0.000000,0.000000,0.000000,0.000000,1825.521973,-1825.521973,1274391.500000,1272566.000000
ml,p95,245,2026-10-28,2562.930420,10.000000,2261.913086,50.000000,1.000000,1.000000,-113095.656250,56.547825,113095.656250,2630.733887,50.000000,1.000000,1.000000,-131536.687500,65.768341,131536.687500,2563.248779,50.000000,0.000000,0.000000,-0.000000,0.000000,0.000000,244632.343750,-244632.343750,1947.838135,-1947.838135,1274391.500000,1272443.625000
ml,p95,245,2026-10-29,2600.932861,10.000000,2261.913086,50.000000,0.000000,-1.000000,113095.656250,56.547825,0.000000,2630.733887,50.000000,0.000000,-1.000000,131536.687500,65.768341,0.000000,2607.934814,50.000000,0.000000,0.000000,-0.000000,0.000000,0.000000,0.000000,0.000000,2070.154297,-2070.154297,1274391.500000,1272321.375000
ml,p95,245,2026-10-30,2603.191162,10.000000,2261.913086,50.000000,0.000000,0.000000,-0.000000,0.000000,0.000000,2630.733887,50.000000,0.000000,0.000000,-0.000000,0.000000,0.000000,2607.934814,50.000000,0.000000,0.000000,-0.000000,0.000000,0.000000,0.000000,0.000000,2070.154297,-2070.154297,1274391.500000,1272321.375000
ml,best,849,2026-04-10,2055.000244,10.000000,2026.171509,50.000000,0.000000,0.000000,-0.000000,0.000000,0.000000,2047.068848,50.000000,0.000000,0.000000,-0.000000,0.000000,0.000000,2070.749756,50.000000,0.000000,0.000000,-0.000000,0.000000,0.000000,0.000000,0.000000,0.000000,0.000000,4854.181641,4854.181641
ml,best,849,2026-04-11,2118.343262,10.000000,2116.078613,50.000000,0.000000,0.000000,-0.000000,0.000000,0.000000,2138.317383,50.000000,0.000000,0.000000,-0.000000,0.000000,0.000000,2163.420410,50.000000,0.000000,0.000000,-0.000000,0.000000,0.000000,0.000000,0.000000,0.000000,0.000000,161382.750000,161382.750000
ml,best,849,2026-04-12,2096.878906,10.000000,2093.805908,50.000000,0.000000,0.000000,-0.000000,0.000000,0.000000,2115.684082,50.000000,0.000000,0.000000,-0.000000,0.000000,0.000000,2140.042480,50.000000,0.000000,0.000000,-0.000000,0.000000,0.000000,0.000000,0.000000,0.000000,0.000000,111065.406250,111065.406250
ml,best,849,2026-04-13,2096.573975,10.000000,2089.759277,50.000000,0.000000,0.000000,-0.000000,0.000000,0.000000,2109.392578,50.000000,0.000000,0.000000,-0.000000,0.000000,0.000000,2132.182861,50.000000,0.000000,0.000000,-0.000000,0.000000,0.000000,0.000000,0.000000,0.000000,0.000000,107294.632812,107294.632812
ml,best,849,2026-04-14,2102.225098,10.000000,2084.177246,50.000000,0.000000,0.000000,-0.000000,0.000000,0.000000,2103.474854,50.000000,0.000000,0.000000,-0.000000,0.000000,0.000000,2124.670166,50.000000,0.000000,0.000000,-0.000000,0.000000,0.000000,0.000000,0.000000,0.000000,0.000000,125393.921875,125393.921875
ml,best,849,2026-04-15,2120.246094,10.000000,2107.782959,50.000000,0.000000,0.000000,-0.000000,0.000000,0.000000,2130.020752,50.000000,0.000000,0.000000,-0.000000,0.000000,0.000000,2153.245361,50.000000,0.000000,0.000000,-0.000000,0.000000,0.000000,0.000000,0.000000,0.000000,0.000000,170342.953125,170342.953125
ml,best,849,2026-04-16,2139.684570,10.000000,2122.937012,50.000000,0.000000,0.000000,-0.000000,0.000000,0.000000,2148.256836,50.000000,0.000000,0.000000,-0.000000,0.000000,0.000000,2174.621582,50.000000,0.000000,0.000000,-0.000000,0.000000,0.000000,0.000000,0.000000,0.000000,0.000000,225910.125000,225910.125000
ml,best,849,2026-04-17,2162.301270,10.000000,2138.358643,50.000000,0.000000,0.000000,-0.000000,0.000000,0.000000,2163.604492,50.000000,0.000000,0.000000,-0.000000,0.000000,0.000000,2189.608887,50.000000,0.000000,0.000000,-0.000000,0.000000,0.000000,0.000000,0.000000,0.000000,0.000000,276624.031250,276624.031250
ml,best,849,2026-04-18,2163.396484,10.000000,2154.850830,50.000000,0.000000,0.000000,-0.000000,0.000000,0.000000,2179.217773,50.000000,0.000000,0.000000,-0.000000,0.000000,0.000000,2204.526855,50.000000,0.000000,0.000000,-0.000000,0.000000,0.000000,0.000000,0.000000,0.000000,0.000000,281767.281250,281767.281250
ml,best,849,2026-04-19,2151.529785,10.000000,2145.338623,50.000000,0.000000,0.000000,-0.000000,0.000000,0.000000,2167.858887,50.000000,0.000000,0.000000,-0.000000,0.000000,0.000000,2191.032471,50.000000,0.000000,0.000000,-0.000000,0.000000,0.000000,0.000000,0.000000,0.000000,0.000000,263610.093750,263610.093750
ml,best,849,2026-04-20,2177.723145,10.000000,2178.846680,50.000000,0.000000,0.000000,-0.000000,0.000000,0.000000,2201.832520,50.000000,0.000000,0.000000,-0.000000,0.000000,0.000000,2224.645508,50.000000,0.000000,0.000000,-0.000000,0.000000,0.000000,0.000000,0.000000,0.000000,0.000000,334935.625000,334935.625000
ml,best,849,2026-04-21,2202.730469,10.000000,2228.611816,50.000000,0.000000,0.000000,-0.000000,0.000000,0.000000,2251.978027,50.000000,0.000000,0.000000,-0.000000,0.000000,0.000000,2273.907471,50.000000,0.000000,0.000000,-0.000000,0.000000,0.000000,0.000000,0.000000,0.000000,0.000000,404556.968750,404556.968750
ml,best,849,2026-04-22,2214.459473,10.000000,2236.706543,50.000000,0.000000,0.000000,-0.000000,0.000000,0.000000,2260.303711,50.000000,0.000000,0.000000,-0.000000,0.000000,0.000000,2282.602051,50.000000,0.000000,0.000000,-0.000000,0.000000,0.000000,0.000000,0.000000,0.000000,0.000000,447511.218750,447511.218750
ml,best,849,2026-04-23,2240.013672,10.000000,2225.292969,50.000000,0.000000,0.000000,-0.000000,0.000000,0.000000,2248.365479,50.000000,0.000000,0.000000,-0.000000,0.000000,0.000000,2271.059326,50.000000,0.000000,0.000000,-0.000000,0.000000,0.000000,0.000000,0.000000,0.000000,0.000000,507522.000000,507522.000000
ml,best,849,2026-04-24,2222.938965,10.000000,2206.883789,50.000000,0.000000,0.000000,-0.000000,0.000000,0.000000,2231.377686,50.000000,0.000000,0.000000,-0.000000,0.000000,0.000000,2255.963379,50.000000,0.000000,0.000000,-0.000000,0.000000,0.000000,0.000000,0.000000,0.000000,0.000000,470567.875000,470567.875000
ml,best,849,2026-04-25,2231.367676,10.000000,2220.675781,50.000000,0.000000,0.000000,-0.000000,0.000000,0.000000,2244.519531,50.000000,0.000000,0.000000,-0.000000,0.000000,0.000000,2268.515625,50.000000,0.000000,0.000000,-0.000000,0.000000,0.000000,0.000000,0.000000,0.000000,0.000000,494106.093750,494106.093750
ml,best,849,2026-04-26,2251.220459,10.000000,2246.339844,50.000000,0.000000,0.000000,-0.000000,0.000000,0.000000,2270.100830,50.000000,0.000000,0.000000,-0.000000,0.000000,0.000000,2293.743164,50.000000,0.000000,0.000000,-0.000000,0.000000,0.000000,0.000000,0.000000,0.000000,0.000000,547451.937500,547451.937500
ml,best,849,2026-04-27,2274.977295,10.000000,2269.822998,50.000000,0.000000,0.000000,-0.000000,0.000000,0.000000,2292.570557,50.000000,0.000000,0.000000,-0.000000,0.000000,0.000000,2315.481201,50.000000,0.000000,0.000000,-0.000000,0.000000,0.000000,0.000000,0.000000,0.000000,0.000000,614872.125000,614872.125000
ml,best,849,2026-04-28,2273.958008,10.000000,2279.500732,50.000000,0.000000,0.000000,-0.000000,0.000000,0.000000,2301.442627,50.000000,0.000000,0.000000,-0.000000,0.000000,0.000000,2323.812012,50.000000,0.000000,0.000000,-0.000000,0.000000,0.000000,0.000000,0.000000,0.000000,0.000000,614129.125000,614129.125000
ml,best,849,2026-04-29,2310.887939,10.000000,2335.575439,50.000000,0.000000,0.000000,-0.000000,0.000000,0.000000,2358.468994,50.000000,0.000000,0.000000,-0.000000,0.000000,0.000000,2383.226807,50.000000,0.000000,0.000000,-0.000000,0.000000,0.000000,0.000000,0.000000,0.000000,0.000000,713727.875000,713727.875000
ml,best,849,2026-04-30,2377.515625,10.000000,2335.575439,50.000000,0.000000,0.000000,-0.000000,0.000000,0.000000,2433.789062,50.000000,0.000000,0.000000,-0.000000,0.000000,0.000000,2461.021484,50.000000,0.000000,0.000000,-0.000000,0.000000,0.000000,0.000000,0.000000,0.000000,0.000000,880929.875000,880929.875000
ml,best,849,2026-05-01,2393.691406,10.000000,2335.575439,50.000000,0.000000,0.000000,-0.000000,0.000000,0.000000,2431.936035,50.000000,0.000000,0.000000,-0.000000,0.000000,0.000000,2457.623779,50.000000,0.000000,0.000000,-0.000000,0.000000,0.000000,0.000000,0.000000,0.000000,0.000000,924188.375000,924188.375000
ml,best,849,2026-05-02,2476.401611,10.000000,2335.575439,50.000000,0.000000,0.000000,-0.000000,0.000000,0.000000,2510.990479,50.000000,0.000000,0.000000,-0.000000,0.000000,0.000000,2538.716064,50.000000,0.000000,0.000000,-0.000000,0.000000,0.000000,0.000000,0.000000,0.000000,0.000000,1130318.750000,1130318.750000
ml,best,849,2026-05-03,2505.104248,10.000000,2335.575439,50.000000,0.000000,0.000000,-0.000000,0.000000,0.000000,2541.146729,50.000000,0.000000,0.000000,-0.000000,0.000000,0.000000,2567.913818,50.000000,0.000000,0.000000,-0.000000,0.000000,0.000000,0.000000,0.000000,0.000000,0.000000,1199506.500000,1199506.500000
ml,best,849,2026-05-04,2519.484375,10.000000,2335.575439,50.000000,0.000000,0.000000,-0.000000,0.000000,0.000000,2546.347412,50.000000,0.000000,0.000000,-0.000000,0.000000,0.000000,2573.994141,50.000000,0.000000,0.000000,-0.000000,0.000000,0.000000,0.000000,0.000000,0.000000,0.000000,1235750.500000,1235750.500000
ml,best,849,2026-05-05,2535.196777,10.000000,2335.575439,50.000000,0.000000,0.000000,-0.000000,0.000000,0.000000,2547.392334,50.000000,0.000000,0.000000,-0.000000,0.000000,0.000000,2574.907959,50.000000,0.000000,0.000000,-0.000000,0.000000,0.000000,0.000000,0.000000,0.000000,0.000000,1275247.250000,1275247.250000
ml,best,849,2026-05-06,2522.738525,10.000000,2335.575439,50.000000,0.000000,0.000000,-0.000000,0.000000,0.000000,2514.173584,50.000000,0.000000,0.000000,-0.000000,0.000000,0.000000,2539.695801,50.000000,0.000000,0.000000,-0.000000,0.000000,0.000000,0.000000,0.000000,0.000000,0.000000,1253486.000000,1253486.000000
ml,best,849,2026-05-07,2478.617920,10.000000,2335.575439,50.000000,0.000000,0.000000,-0.000000,0.000000,0.000000,2481.144287,50.000000,0.000000,0.000000,-0.000000,0.000000,0.000000,2505.459961,50.000000,0.000000,0.000000,-0.000000,0.000000,0.000000,0.000000,0.000000,0.000000,0.000000,1139638.000000,1139638.000000
ml,best,849,2026-05-08,2462.067871,10.000000,2335.575439,50.000000,0.000000,0.000000,-0.000000,0.000000,0.000000,2485.169189,50.000000,0.000000,0.000000,-0.000000,0.000000,0.000000,2511.966797,50.000000,0.000000,0.000000,-0.000000,0.000000,0.000000,0.000000,0.000000,0.000000,0.000000,1099772.625000,1099772.625000
ml,best,849,2026-05-09,2442.225342,10.000000,2335.575439,50.000000,0.000000,0.000000,-0.000000,0.000000,0.000000,2457.556396,50.000000,0.000000,0.000000,-0.000000,0.000000,0.000000,2482.834961,50.000000,0.000000,0.000000,-0.000000,0.000000,0.000000,0.000000,0.000000,0.000000,0.000000,1043372.750000,1043372.750000
ml,best,849,2026-05-10,2431.581543,10.000000,2335.575439,50.000000,0.000000,0.000000,-0.000000,0.000000,0.000000,2454.717773,50.000000,0.000000,0.000000,-0.000000,0.000000,0.000000,2478.753662,50.000000,0.000000,0.000000,-0.000000,0.000000,0.000000,0.000000,0.000000,0.000000,0.000000,1013013.500000,1013013.500000
ml,best,849,2026-05-11,2462.847412,10.000000,2335.575439,50.000000,0.000000,0.000000,-0.000000,0.000000,0.000000,2493.119141,50.000000,0.000000,0.000000,-0.000000,0.000000,0.000000,2517.865967,50.000000,0.000000,0.000000,-0.000000,0.000000,0.000000,0.000000,0.000000,0.000000,0.000000,1083096.125000,1083096.125000
ml,best,849,2026-05-12,2478.790527,10.000000,2335.575439,50.000000,0.000000,0.000000,-0.000000,0.000000,0.000000,2497.605469,50.000000,0.000000,0.000000,-0.000000,0.000000,0.000000,2531.564209,50.000000,0.000000,0.000000,-0.000000,0.000000,0.000000,0.000000,0.000000,0.000000,0.000000,1124579.875000,1124579.875000
ml,best,849,2026-05-13,2476.294189,10.000000,2335.575439,50.000000,0.000000,0.000000,-0.000000,0.000000,0.000000,2497.254395,50.000000,0.000000,0.000000,-0.000000,0.000000,0.000000,2534.515625,50.000000,0.000000,0.000000,-0.000000,0.000000,0.000000,0.000000,0.000000,0.000000,0.000000,1123551.500000,1123551.500000
ml,best,849,2026-05-14,2518.971191,10.000000,2335.575439,50.000000,0.000000,0.000000,-0.000000,0.000000,0.000000,2542.302490,50.000000,0.000000,0.000000,-0.000000,0.000000,0.000000,2578.458252,50.000000,0.000000,0.000000,-0.000000,0.000000,0.000000,0.000000,0.000000,0.000000,0.000000,1231237.500000,1231237.500000
ml,best,849,2026-05-15,2514.883545,10.000000,2335.575439,50.000000,0.000000,0.000000,-0.000000,0.000000,0.000000,2515.077881,50.000000,0.000000,0.000000,-0.000000,0.000000,0.000000,2551.159912,50.000000,0.000000,0.000000,-0.000000,0.000000,0.000000,0.000000,0.000000,0.000000,0.000000,1219501.375000,1219501.375000
ml,best,849,2026-05-16,2525.300781,10.000000,2335.575439,50.000000,0.000000,0.000000,-0.000000,0.000000,0.000000,2542.309814,50.000000,0.000000,0.000000,-0.000000,0.000000,0.000000,2573.442871,50.000000,0.000000,0.000000,-0.000000,0.000000,0.000000,0.000000,0.000000,0.000000,0.000000,1238908.125000,1238908.125000
ml,best,849,2026-05-17,2547.458984,10.000000,2335.575439,50.000000,0.000000,0.000000,-0.000000,0.000000,0.000000,2566.616699,50.000000,0.000000,0.000000,-0.000000,0.000000,0.000000,2594.687500,50.000000,0.000000,0.000000,-0.000000,0.000000,0.000000,0.000000,0.000000,0.000000,0.000000,1296963.750000,1296963.750000
ml,best,849,2026-05-18,2532.946777,10.000000,2335.575439,50.000000,0.000000,0.000000,-0.000000,0.000000,0.000000,2558.953613,50.000000,0.000000,0.000000,-0.000000,0.000000,0.000000,2590.293457,50.000000,0.000000,0.000000,-0.000000,0.000000,0.000000,0.000000,0.000000,0.000000,0.000000,1255269.250000,1255269.250000
ml,best,849,2026-05-19,2546.120605,10.000000,2335.575439,50.000000,0.000000,0.000000,-0.000000,0.000000,0.000000,2582.645020,50.000000,0.000000,0.000000,-0.000000,0.000000,0.000000,2612.178467,50.000000,0.000000,0.000000,-0.000000,0.000000,0.000000,0.000000,0.000000,0.000000,0.000000,1294671.875000,1294671.875000
ml,best,849,2026-05-20,2579.362549,10.000000,2335.575439,50.000000,0.000000,0.000000,-0.000000,0.000000,0.000000,2604.871338,50.000000,0.000000,0.000000,-0.000000,0.000000,0.000000,2634.530273,50.000000,0.000000,0.000000,-0.000000,0.000000,0.000000,0.000000,0.000000,0.000000,0.000000,1374830.375000,1374830.375000
ml,best,849,2026-05-21,2611.977051,10.000000,2335.575439,50.000000,0.000000,0.000000,-0.000000,0.000000,0.000000,2627.262451,50.000000,0.000000,0.000000,-0.000000,0.000000,0.000000,2654.252197,50.000000,0.000000,0.000000,-0.000000,0.000000,0.000000,0.000000,0.000000,0.000000,0.000000,1449957.000000,1449957.000000
ml,best,849,2026-05-22,2623.604492,10.000000,2335.575439,50.000000,0.000000,0.000000,-0.000000,0.000000,0.000000,2637.509033,50.000000,0.000000,0.000000,-0.000000,0.000000,0.000000,2673.093750,50.000000,0.000000,0.000000,-0.000000,0.000000,0.000000,0.000000,0.000000,0.000000,0.000000,1479602.875000,1479602.875000
ml,best,849,2026-05-23,2615.052734,10.000000,2335.575439,50.000000,0.000000,0.000000,-0.000000,0.000000,0.000000,2639.390137,50.000000,0.000000,0.000000,-0.000000,0.000000,0.000000,2671.125732,50.000000,0.000000,0.000000,-0.000000,0.000000,0.000000,0.000000,0.000000,0.000000,0.000000,1451109.625000,1451109.625000
ml,best,849,2026-05-24,2664.578613,10.000000,2335.575439,50.000000,0.000000,0.000000,-0.000000,0.000000,0.000000,2695.574707,50.000000,0.000000,0.000000,-0.000000,0.000000,0.000000,2729.217773,50.000000,0.000000,0.000000,-0.000000,0.000000,0.000000,0.000000,0.000000,0.000000,0.000000,1569662.875000,1569662.875000
ml,best,849,2026-05-25,2707.466309,10.000000,2335.575439,50.000000,0.000000,0.000000,-0.000000,0.000000,0.000000,2712.029053,50.000000,0.000000,0.000000,-0.000000,0.000000,0.000000,2749.769043,50.000000,0.000000,0.000000,-0.000000,0.000000,0.000000,0.000000,0.000000,0.000000,0.000000,1682331.625000,1682331.625000
ml,best,849,2026-05-26,2696.719238,10.000000,2335.575439,50.000000,0.000000,0.000000,-0.000000,0.000000,0.000000,2699.472168,50.000000,0.000000,0.000000,-0.000000,0.000000,0.000000,2736.053223,50.000000,0.000000,0.000000,-0.000000,0.000000,0.000000,0.000000,0.000000,0.000000,0.000000,1649437.500000,1649437.500000
ml,best,849,2026-05-27,2733.684082,10.000000,2335.575439,50.000000,0.000000,0.000000,-0.000000,0.000000,0.000000,2758.928223,50.000000,0.000000,0.000000,-0.000000,0.000000,0.000000,2792.427979,50.000000,0.000000,0.000000,-0.000000,0.000000,0.000000,0.000000,0.000000,0.000000,0.000000,1741603.875000,1741603.875000
ml,best,849,2026-05-28,2764.589355,10.000000,2335.575439,50.000000,0.000000,0.000000,-0.000000,0.000000,0.000000,2819.192139,50.000000,0.000000,0.000000,-0.000000,0.000000,0.000000,2853.106689,50.000000,0.000000,0.000000,-0.000000,0.000000,0.000000,0.000000,0.000000,0.000000,0.000000,1813553.875000,1813553.875000
ml,best,849,2026-05-29,2711.658936,10.000000,2335.575439,50.000000,0.000000,0.000000,-0.000000,0.000000,0.000000,2744.648682,50.000000,0.000000,0.000000,-0.000000,0.000000,0.000000,2778.125488,50.000000,0.000000,0.000000,-0.000000,0.000000,0.000000,0.000000,0.000000,0.000000,0.000000,1682590.000000,1682590.000000
ml,best,849,2026-05-30,2652.245850,10.000000,2335.575439,50.000000,0.000000,0.000000,-0.000000,0.000000,0.000000,2668.490234,50.000000,0.000000,0.000000,-0.000000,0.000000,0.000000,2695.196289,50.000000,0.000000,0.000000,-0.000000,0.000000,0.000000,0.000000,0.000000,0.000000,0.000000,1537479.375000,1537479.375000
ml,best,849,2026-05-31,2683.037354,10.000000,2335.575439,50.000000,0.000000,0.000000,-0.000000,0.000000,0.000000,2690.998779,50.000000,0.000000,0.000000,-0.000000,0.000000,0.000000,2720.628174,50.000000,0.000000,0.000000,-0.000000,0.000000,0.000000,0.000000,0.000000,0.000000,0.000000,1610015.875000,1610015.875000
ml,best,849,2026-06-01,2760.863770,10.000000,2335.575439,50.000000,0.000000,0.000000,-0.000000,0.000000,0.000000,2745.124512,50.000000,0.000000,0.000000,-0.000000,0.000000,0.000000,2774.952637,50.000000,0.000000,0.000000,-0.000000,0.000000,0.000000,0.000000,0.000000,0.000000,0.000000,1804548.000000,1804548.000000
ml,best,849,2026-06-02,2788.563477,10.000000,2335.575439,50.000000,0.000000,0.000000,-0.000000,0.000000,0.000000,2785.474365,50.000000,0.000000,0.000000,-0.000000,0.000000,0.000000,2817.461914,50.000000,0.000000,0.000000,-0.000000,0.000000,0.000000,0.000000,0.000000,0.000000,0.000000,1868586.500000,1868586.500000
ml,best,849,2026-06-03,2792.367920,10.000000,2335.575439,50.000000,0.000000,0.000000,-0.000000,0.000000,0.000000,2776.358887,50.000000,0.000000,0.000000,-0.000000,0.000000,0.000000,2815.352539,50.000000,0.000000,0.000000,-0.000000,0.000000,0.000000,0.000000,0.000000,0.000000,0.000000,1875722.625000,1875722.625000
ml,best,849,2026-06-04,2754.611084,10.000000,2335.575439,50.000000,0.000000,0.000000,-0.000000,0.000000,0.000000,2753.700439,50.000000,0.000000,0.000000,-0.000000,0.000000,0.000000,2792.353516,50.000000,0.000000,0.000000,-0.000000,0.000000,0.000000,0.000000,0.000000,0.000000,0.000000,1784735.500000,1784735.500000
ml,best,849,2026-06-05,2768.222168,10.000000,2335.575439,50.000000,0.000000,0.000000,-0.000000,0.000000,0.000000,2786.000488,50.000000,0.000000,0.000000,-0.000000,0.000000,0.000000,2822.470459,50.000000,0.000000,0.000000,-0.000000,0.000000,0.000000,0.000000,0.000000,0.000000,0.000000,1818796.000000,1818796.000000
ml,best,849,2026-06-06,2803.526611,10.000000,2335.575439,50.000000,0.000000,0.000000,-0.000000,0.000000,0.000000,2825.062500,50.000000,0.000000,0.000000,-0.000000,0.000000,0.000000,2861.302979,50.000000,0.000000,0.000000,-0.000000,0.000000,0.000000,0.000000,0.000000,0.000000,0.000000,1905026.500000,1905026.500000
ml,best,849,2026-06-07,2814.343750,10.000000,2335.575439,50.000000,0.000000,0.000000,-0.000000,0.000000,0.000000,2841.225098,50.000000,0.000000,0.000000,-0.000000,0.000000,0.000000,2881.536621,50.000000,0.000000,0.000000,-0.000000,0.000000,0.000000,0.000000,0.000000,0.000000,0.000000,1931396.750000,1931396.750000
ml,best,849,2026-06-08,2784.250732,10.000000,2335.575439,50.000000,0.000000,0.000000,-0.000000,0.000000,0.000000,2812.338867,50.000000,0.000000,0.000000,-0.000000,0.000000,0.000000,2850.052490,50.000000,0.000000,0.000000,-0.000000,0.000000,0.000000,0.000000,0.000000,0.000000,0.000000,1849810.500000,1849810.500000
ml,best,849,2026-06-09,2842.041992,10.000000,2335.575439,50.000000,0.000000,0.000000,-0.000000,0.000000,0.000000,2879.147705,50.000000,0.000000,0.000000,-0.000000,0.000000,0.000000,2920.169678,50.000000,0.000000,0.000000,-0.000000,0.000000,0.000000,0.000000,0.000000,0.000000,0.000000,1997207.250000,1997207.250000
ml,best,849,2026-06-10,2905.705566,10.000000,2335.575439,50.000000,0.000000,0.000000,-0.000000,0.000000,0.000000,2952.916260,50.000000,0.000000,0.000000,-0.000000,0.000000,0.000000,2995.549561,50.000000,0.000000,0.000000,-0.000000,0.000000,0.000000,0.000000,0.000000,0.000000,0.000000,2157452.250000,2157452.250000
ml,best,849,2026-06-11,3000.798584,10.000000,2335.575439,50.000000,0.000000,0.000000,-0.000000,0.000000,0.000000,3029.623535,50.000000,0.000000,0.000000,-0.000000,0.000000,0.000000,3073.393799,50.000000,0.000000,0.000000,-0.000000,0.000000,0.000000,0.000000,0.000000,0.000000,0.000000,2396297.500000,2396297.500000
ml,best,849,2026-06-12,2989.709717,10.000000,2335.575439,50.000000,0.000000,0.000000,-0.000000,0.000000,0.000000,3034.254639,50.000000,0.000000,0.000000,-0.000000,0.000000,0.000000,3077.225586,50.000000,0.000000,0.000000,-0.000000,0.000000,0.000000,0.000000,0.000000,0.000000,0.000000,2371866.000000,2371866.000000
ml,best,849,2026-06-13,2919.275635,10.000000,2335.575439,50.000000,0.000000,0.000000,-0.000000,0.000000,0.000000,2951.631348,50.000000,0.000000,0.000000,-0.000000,0.000000,0.000000,2991.416016,50.000000,0.000000,0.000000,-0.000000,0.000000,0.000000,0.000000,0.000000,0.000000,0.000000,2195373.500000,2195373.500000
ml,best,849,2026-06-14,2902.434814,10.000000,2335.575439,50.000000,0.000000,0.000000,-0.000000,0.000000,0.000000,2920.251465,50.000000,0.000000,0.000000,-0.000000,0.000000,0.000000,2960.691162,50.000000,0.000000,0.000000,-0.000000,0.000000,0.000000,0.000000,0.000000,0.000000,0.000000,2156027.750000,2156027.750000
ml,best,849,2026-06-15,2917.645752,10.000000,2335.575439,50.000000,0.000000,0.000000,-0.000000,0.000000,0.000000,2936.621094,50.000000,0.000000,0.000000,-0.000000,0.000000,0.000000,2975.187988,50.000000,0.000000,0.000000,-0.000000,0.000000,0.000000,0.000000,0.000000,0.000000,0.000000,2194545.000000,2194545.000000
ml,best,849,2026-06-16,2955.295654,10.000000,2335.575439,50.000000,0.000000,0.000000,-0.000000,0.000000,0.000000,2981.481445,50.000000,0.000000,0.000000,-0.000000,0.000000,0.000000,3021.170654,50.000000,0.000000,0.000000,-0.000000,0.000000,0.000000,0.000000,0.000000,0.000000,0.000000,2286146.500000,2286146.500000
ml,best,849,2026-06-17,2974.942871,10.000000,2335.575439,50.000000,0.000000,0.000000,-0.000000,0.000000,0.000000,2988.301514,50.000000,0.000000,0.000000,-0.000000,0.000000,0.000000,3024.748047,50.000000,0.000000,0.000000,-0.000000,0.000000,0.000000,0.000000,0.000000,0.000000,0.000000,2333411.750000,2333411.750000
ml,best,849,2026-06-18,2978.639160,10.000000,2335.575439,50.000000,0.000000,0.000000,-0.000000,0.000000,0.000000,2983.411865,50.000000,0.000000,0.000000,-0.000000,0.000000,0.000000,3019.750977,50.000000,0.000000,0.000000,-0.000000,0.000000,0.000000,0.000000,0.000000,0.000000,0.000000,2340661.000000,2340661.000000
ml,best,849,2026-06-19,2974.212402,10.000000,2335.575439,50.000000,0.000000,0.000000,-0.000000,0.000000,0.000000,2980.180176,50.000000,0.000000,0.000000,-0.000000,0.000000,0.000000,3017.132568,50.000000,0.000000,0.000000,-0.000000,0.000000,0.000000,0.000000,0.000000,0.000000,0.000000,2328054.250000,2328054.250000
ml,best,849,2026-06-20,3100.208496,10.000000,2335.575439,50.000000,0.000000,0.000000,-0.000000,0.000000,0.000000,3113.006836,50.000000,0.000000,0.000000,-0.000000,0.000000,0.000000,3148.873779,50.000000,0.000000,0.000000,-0.000000,0.000000,0.000000,0.000000,0.000000,0.000000,0.000000,2641145.000000,2641145.000000
ml,best,849,2026-06-21,3100.924072,10.000000,2335.575439,50.000000,0.000000,0.000000,-0.000000,0.000000,0.000000,3096.543701,50.000000,0.000000,0.000000,-0.000000,0.000000,0.000000,3132.199219,50.000000,0.000000,0.000000,-0.000000,0.000000,0.000000,0.000000,0.000000,0.000000,0.000000,2644079.000000,2644079.000000
ml,best,849,2026-06-22,3142.492676,10.000000,2335.575439,50.000000,0.000000,0.000000,-0.000000,0.000000,0.000000,3157.241699,50.000000,0.000000,0.000000,-0.000000,0.000000,0.000000,3199.673096,50.000000,0.000000,0.000000,-0.000000,0.000000,0.000000,0.000000,0.000000,0.000000,0.000000,2750778.500000,2750778.500000
ml,best,849,2026-06-23,3120.539307,10.000000,2335.575439,50.000000,0.000000,0.000000,-0.000000,0.000000,0.000000,3123.690186,50.000000,0.000000,0.000000,-0.000000,0.000000,0.000000,3165.700195,50.000000,0.000000,0.000000,-0.000000,0.000000,0.000000,0.000000,0.000000,0.000000,0.000000,2694392.750000,2694392.750000
ml,best,849,2026-06-24,3111.208740,10.000000,2335.575439,50.000000,0.000000,0.000000,-0.000000,0.000000,0.000000,3140.711670,50.000000,0.000000,0.000000,-0.000000,0.000000,0.000000,3182.547852,50.000000,0.000000,0.000000,-0.000000,0.000000,0.000000,0.000000,0.000000,0.000000,0.000000,2669147.500000,2669147.500000
ml,best,849,2026-06-25,3165.638672,10.000000,2335.575439,50.000000,0.000000,0.000000,-0.000000,0.000000,0.000000,3179.246094,50.000000,0.000000,0.000000,-0.000000,0.000000,0.000000,3221.435791,50.000000,0.000000,0.000000,-0.000000,0.000000,0.000000,0.000000,0.000000,0.000000,0.000000,2804892.000000,2804892.000000
ml,best,849,2026-06-26,3155.673584,10.000000,2335.575439,50.000000,0.000000,0.000000,-0.000000,0.000000,0.000000,3161.561279,50.000000,0.000000,0.000000,-0.000000,0.000000,0.000000,3206.772949,50.000000,0.000000,0.000000,-0.000000,0.000000,0.000000,0.000000,0.000000,0.000000,0.000000,2778482.750000,2778482.750000
ml,best,849,2026-06-27,3182.432373,10.000000,2335.575439,50.000000,0.000000,0.000000,-0.000000,0.000000,0.000000,3180.867432,50.000000,0.000000,0.000000,-0.000000,0.000000,0.000000,3226.630615,50.000000,0.000000,0.000000,-0.000000,0.000000,0.000000,0.000000,0.000000,0.000000,0.000000,2842870.500000,2842870.500000
ml,best,849,2026-06-28,3225.887207,10.000000,2335.575439,50.000000,0.000000,0.000000,-0.000000,0.000000,0.000000,3194.451904,50.000000,0.000000,0.000000,-0.000000,0.000000,0.000000,3234.948975,50.000000,0.000000,0.000000,-0.000000,0.000000,0.000000,0.000000,0.000000,0.000000,0.000000,2946924.500000,2946924.500000
ml,best,849,2026-06-29,3201.173828,10.000000,2335.575439,50.000000,0.000000,0.000000,-0.000000,0.000000,0.000000,3182.509521,50.000000,0.000000,0.000000,-0.000000,0.000000,0.000000,3224.052246,50.000000,0.000000,0.000000,-0.000000,0.000000,0.000000,0.000000,0.000000,0.000000,0.000000,2882600.750000,2882600.750000
ml,best,849,2026-06-30,3165.119629,10.000000,2335.575439,50.000000,0.000000,0.000000,-0.000000,0.000000,0.000000,3148.690918,50.000000,0.000000,0.000000,-0.000000,0.000000,0.000000,3193.904297,50.000000,0.000000,0.000000,-0.000000,0.000000,0.000000,0.000000,0.000000,0.000000,0.000000,2792563.000000,2792563.000000
ml,best,849,2026-07-01,3206.747314,10.000000,2335.575439,50.000000,0.000000,0.000000,-0.000000,0.000000,0.000000,3217.069092,50.000000,0.000000,0.000000,-0.000000,0.000000,0.000000,3266.412842,50.000000,0.000000,0.000000,-0.000000,0.000000,0.000000,0.000000,0.000000,0.000000,0.000000,2893448.750000,2893448.750000
ml,best,849,2026-07-02,3174.884277,10.000000,2335.575439,50.000000,0.000000,0.000000,-0.000000,0.000000,0.000000,3183.254395,50.000000,0.000000,0.000000,-0.000000,0.000000,0.000000,3231.534668,50.000000,0.000000,0.000000,-0.000000,0.000000,0.000000,0.000000,0.000000,0.000000,0.000000,2817353.250000,2817353.250000
ml,best,849,2026-07-03,3173.924561,10.000000,2335.575439,50.000000,0.000000,0.000000,-0.000000,0.000000,0.000000,3165.599609,50.000000,0.000000,0.000000,-0.000000,0.000000,0.000000,3208.385986,50.000000,0.000000,0.000000,-0.000000,0.000000,0.000000,0.000000,0.000000,0.000000,0.000000,2814545.000000,2814545.000000
ml,best,849,2026-07-04,3219.712646,10.000000,2335.575439,50.000000,0.000000,0.000000,-0.000000,0.000000,0.000000,3219.970947,50.000000,0.000000,0.000000,-0.000000,0.000000,0.000000,3262.614502,50.000000,0.000000,0.000000,-0.000000,0.000000,0.000000,0.000000,0.000000,0.000000,0.000000,2911224.250000,2911224.250000
ml,best,849,2026-07-05,3219.083252,10.000000,2335.575439,50.000000,0.000000,0.000000,-0.000000,0.000000,0.000000,3244.731445,50.000000,0.000000,0.000000,-0.000000,0.000000,0.000000,3285.667236,50.000000,0.000000,0.000000,-0.000000,0.000000,0.000000,0.000000,0.000000,0.000000,0.000000,2910651.000000,2910651.000000
ml,best,849,2026-07-06,3247.779541,10.000000,2335.575439,50.000000,0.000000,0.000000,-0.000000,0.000000,0.000000,3272.878418,50.000000,0.000000,0.000000,-0.000000,0.000000,0.000000,3316.604492,50.000000,0.000000,0.000000,-0.000000,0.000000,0.000000,0.000000,0.000000,0.000000,0.000000,2971845.000000,2971845.000000
ml,best,849,2026-07-07,3266.628418,10.000000,2335.575439,50.000000,0.000000,0.000000,-0.000000,0.000000,0.000000,3296.299316,50.000000,0.000000,0.000000,-0.000000,0.000000,0.000000,3339.431641,50.000000,0.000000,0.000000,-0.000000,0.000000,0.000000,0.000000,0.000000,0.000000,0.000000,3008284.250000,3008284.250000
ml,best,849,2026-07-08,3290.802002,10.000000,2335.575439,50.000000,0.000000,0.000000,-0.000000,0.000000,0.000000,3326.591553,50.000000,0.000000,0.000000,-0.000000,0.000000,0.000000,3368.062988,50.000000,0.000000,0.000000,-0.000000,0.000000,0.000000,0.000000,0.000000,0.000000,0.000000,3054554.500000,3054554.500000
ml,best,849,2026-07-09,3280.739990,10.000000,2335.575439,50.000000,0.000000,0.000000,-0.000000,0.000000,0.000000,3299.972656,50.000000,0.000000,0.000000,-0.000000,0.000000,0.000000,3340.797607,50.000000,0.000000,0.000000,-0.000000,0.000000,0.000000,0.000000,0.000000,0.000000,0.000000,3034514.250000,3034514.250000
ml,best,849,2026-07-10,3243.424561,10.000000,2335.575439,50.000000,0.000000,0.000000,-0.000000,0.000000,0.000000,3253.201660,50.000000,0.000000,0.000000,-0.000000,0.000000,0.000000,3287.704590,50.000000,0.000000,0.000000,-0.000000,0.000000,0.000000,0.000000,0.000000,0.000000,0.000000,2970096.500000,2970096.500000
ml,best,849,2026-07-11,3356.251221,10.000000,2335.575439,50.000000,0.000000,0.000000,-0.000000,0.000000,0.000000,3376.005615,50.000000,0.000000,0.000000,-0.000000,0.000000,0.000000,3410.811035,50.000000,0.000000,0.000000,-0.000000,0.000000,0.000000,0.000000,0.000000,0.000000,0.000000,3153291.250000,3153291.250000
ml,best,849,2026-07-12,3397.335938,10.000000,2335.575439,50.000000,0.000000,0.000000,-0.000000,0.000000,0.000000,3415.507812,50.000000,0.000000,0.000000,-0.000000,0.000000,0.000000,3449.231689,50.000000,0.000000,0.000000,-0.000000,0.000000,0.000000,0.000000,0.000000,0.000000,0.000000,3220247.000000,3220247.000000
ml,best,849,2026-07-13,3331.771729,10.000000,2335.575439,50.000000,0.000000,0.000000,-0.000000,0.000000,0.000000,3341.870605,50.000000,0.000000,0.000000,-0.000000,0.000000,0.000000,3373.596436,50.000000,0.000000,0.000000,-0.000000,0.000000,0.000000,0.000000,0.000000,0.000000,0.000000,3113260.500000,3113260.500000
ml,best,849,2026-07-14,3327.599121,10.000000,2335.575439,50.000000,0.000000,0.000000,-0.000000,0.000000,0.000000,3336.278564,50.000000,0.000000,0.000000,-0.000000,0.000000,0.000000,3366.371582,50.000000,0.000000,0.000000,-0.000000,0.000000,0.000000,0.000000,0.000000,0.000000,0.000000,3105787.750000,3105787.750000
ml,best,849,2026-07-15,3502.532471,10.000000,2335.575439,50.000000,0.000000,0.000000,-0.000000,0.000000,0.000000,3534.436035,50.000000,0.000000,0.000000,-0.000000,0.000000,0.000000,3566.484375,50.000000,0.000000,0.000000,-0.000000,0.000000,0.000000,0.000000,0.000000,0.000000,0.000000,3351629.000000,3351629.000000
ml,best,849,2026-07-16,3539.398193,10.000000,2335.575439,50.000000,0.000000,0.000000,-0.000000,0.000000,0.000000,3536.372314,50.000000,0.000000,0.000000,-0.000000,0.000000,0.000000,3570.594482,50.000000,0.000000,0.000000,-0.000000,0.000000,0.000000,0.000000,0.000000,0.000000,0.000000,3398492.500000,3398492.500000
ml,best,849,2026-07-17,3492.815674,10.000000,2335.575439,50.000000,0.000000,0.000000,-0.000000,0.000000,0.000000,3481.790039,50.000000,0.000000,0.000000,-0.000000,0.000000,0.000000,3512.138672,50.000000,0.000000,0.000000,-0.000000,0.000000,0.000000,0.000000,0.000000,0.000000,0.000000,3341598.000000,3341598.000000
ml,best,849,2026-07-18,3453.328369,10.000000,2335.575439,50.000000,0.000000,0.000000,-0.000000,0.000000,0.000000,3449.922119,50.000000,0.000000,0.000000,-0.000000,0.000000,0.000000,3477.499268,50.000000,0.000000,0.000000,-0.000000,0.000000,0.000000,0.000000,0.000000,0.000000,0.000000,3298387.000000,3298387.000000
ml,best,849,2026-07-19,3409.286377,10.000000,2335.575439,50.000000,0.000000,0.000000,-0.000000,0.000000,0.000000,3406.008301,50.000000,0.000000,0.000000,-0.000000,0.000000,0.000000,3430.711426,50.000000,0.000000,0.000000,-0.000000,0.000000,0.000000,0.000000,0.000000,0.000000,0.000000,3250310.750000,3250310.750000
ml,best,849,2026-07-20,3439.136719,10.000000,2335.575439,50.000000,0.000000,0.000000,-0.000000,0.000000,0.000000,3449.292725,50.000000,0.000000,0.000000,-0.000000,0.000000,0.000000,3473.489258,50.000000,0.000000,0.000000,-0.000000,0.000000,0.000000,0.000000,0.000000,0.000000,0.000000,3282158.500000,3282158.500000
ml,best,849,2026-07-21,3378.528564,10.000000,2335.575439,50.000000,0.000000,0.000000,-0.000000,0.000000,0.000000,3361.731689,50.000000,0.000000,0.000000,-0.000000,0.000000,0.000000,3386.239258,50.000000,0.000000,0.000000,-0.000000,0.000000,0.000000,0.000000,0.000000,0.000000,0.000000,3222340.500000,3222340.500000
ml,best,849,2026-07-22,3397.394287,10.000000,2335.575439,50.000000,0.000000,0.000000,-0.000000,0.000000,0.000000,3380.942139,50.000000,0.000000,0.000000,-0.000000,0.000000,0.000000,3405.668701,50.000000,0.000000,0.000000,-0.000000,0.000000,0.000000,0.000000,0.000000,0.000000,0.000000,3238246.750000,3238246.750000
ml,best,849,2026-07-23,3348.380127,10.000000,2335.575439,50.000000,0.000000,0.000000,-0.000000,0.000000,0.000000,3335.164795,50.000000,0.000000,0.000000,-0.000000,0.000000,0.000000,3362.407227,50.000000,0.000000,0.000000,-0.000000,0.000000,0.000000,0.000000,0.000000,0.000000,0.000000,3200729.250000,3200729.250000
ml,best,849,2026-07-24,3349.427490,10.000000,2335.575439,50.000000,0.000000,0.000000,-0.000000,0.000000,0.000000,3345.504883,50.000000,0.000000,0.000000,-0.000000,0.000000,0.000000,3373.822754,50.000000,0.000000,0.000000,-0.000000,0.000000,0.000000,0.000000,0.000000,0.000000,0.000000,3201155.250000,3201155.250000
ml,best,849,2026-07-25,3395.078613,10.000000,2335.575439,50.000000,0.000000,0.000000,-0.000000,0.000000,0.000000,3401.952148,50.000000,0.000000,0.000000,-0.000000,0.000000,0.000000,3431.591064,50.000000,0.000000,0.000000,-0.000000,0.000000,0.000000,0.000000,0.000000,0.000000,0.000000,3226005.250000,3226005.250000
ml,best,849,2026-07-26,3369.689209,10.000000,2335.575439,50.000000,0.000000,0.000000,-0.000000,0.000000,0.000000,3368.185791,50.000000,0.000000,0.000000,-0.000000,0.000000,0.000000,3398.588135,50.000000,0.000000,0.000000,-0.000000,0.000000,0.000000,0.000000,0.000000,0.000000,0.000000,3212084.500000,3212084.500000
ml,best,849,2026-07-27,3360.812012,10.000000,2335.575439,50.000000,0.000000,0.000000,-0.000000,0.000000,0.000000,3364.190186,50.000000,0.000000,0.000000,-0.000000,0.000000,0.000000,3394.087891,50.000000,0.000000,0.000000,-0.000000,0.000000,0.000000,0.000000,0.000000,0.000000,0.000000,3207156.500000,3207156.500000
ml,best,849,2026-07-28,3342.025146,10.000000,2335.575439,50.000000,0.000000,0.000000,-0.000000,0.000000,0.000000,3322.055908,50.000000,0.000000,0.000000,-0.000000,0.000000,0.000000,3350.683350,50.000000,0.000000,0.000000,-0.000000,0.000000,0.000000,0.000000,0.000000,0.000000,0.000000,3199045.250000,3199045.250000
ml,best,849,2026-07-29,3361.914795,10.000000,2335.575439,50.000000,0.000000,0.000000,-0.000000,0.000000,0.000000,3364.969727,50.000000,0.000000,0.000000,-0.000000,0.000000,0.000000,3395.876465,50.000000,0.000000,0.000000,-0.000000,0.000000,0.000000,0.000000,0.000000,0.000000,0.000000,3205580.000000,3205580.000000
ml,best,849,2026-07-30,3355.329346,10.000000,2335.575439,50.000000,0.000000,0.000000,-0.000000,0.000000,0.000000,3364.969727,50.000000,0.000000,0.000000,-0.000000,0.000000,0.000000,3378.844727,50.000000,0.000000,0.000000,-0.000000,0.000000,0.000000,0.000000,0.000000,0.000000,0.000000,3204350.750000,3204350.750000
ml,best,849,2026-07-31,3413.135010,10.000000,2335.575439,50.000000,0.000000,0.000000,-0.000000,0.000000,0.000000,3364.969727,50.000000,0.000000,0.000000,-0.000000,0.000000,0.000000,3452.217529,50.000000,0.000000,0.000000,-0.000000,0.000000,0.000000,0.000000,0.000000,0.000000,0.000000,3211010.000000,3211010.000000
ml,best,849,2026-08-01,3459.568359,10.000000,2335.575439,50.000000,0.000000,0.000000,-0.000000,0.000000,0.000000,3364.969727,50.000000,0.000000,0.000000,-0.000000,0.000000,0.000000,3492.531494,50.000000,0.000000,0.000000,-0.000000,0.000000,0.000000,0.000000,0.000000,0.000000,0.000000,3211415.250000,3211415.250000
ml,best,849,2026-08-02,3423.188232,10.000000,2335.575439,50.000000,0.000000,0.000000,-0.000000,0.000000,0.000000,3364.969727,50.000000,0.000000,0.000000,-0.000000,0.000000,0.000000,3453.249023,50.000000,0.000000,0.000000,-0.000000,0.000000,0.000000,0.000000,0.000000,0.000000,0.000000,3211826.500000,3211826.500000
ml,best,849,2026-08-03,3435.868652,10.000000,2335.575439,50.000000,0.000000,0.000000,-0.000000,0.000000,0.000000,3364.969727,50.000000,0.000000,0.000000,-0.000000,0.000000,0.000000,3463.678711,50.000000,0.000000,0.000000,-0.000000,0.000000,0.000000,0.000000,0.000000,0.000000,0.000000,3212245.750000,3212245.750000
ml,best,849,2026-08-04,3416.697754,10.000000,2335.575439,50.000000,0.000000,0.000000,-0.000000,0.000000,0.000000,3364.969727,50.000000,0.000000,0.000000,-0.000000,0.000000,0.000000,3427.779053,50.000000,0.000000,0.000000,-0.000000,0.000000,0.000000,0.000000,0.000000,0.000000,0.000000,3212638.250000,3212638.250000
ml,best,849,2026-08-05,3406.260742,10.000000,2335.575439,50.000000,0.000000,0.000000,-0.000000,0.000000,0.000000,3364.969727,50.000000,0.000000,0.000000,-0.000000,0.000000,0.000000,3419.580811,50.000000,0.000000,0.000000,-0.000000,0.000000,0.000000,0.000000,0.000000,0.000000,0.000000,3213057.750000,3213057.750000
ml,best,849,2026-08-06,3431.323486,10.000000,2335.575439,50.000000,0.000000,0.000000,-0.000000,0.000000,0.000000,3364.969727,50.000000,0.000000,0.000000,-0.000000,0.000000,0.000000,3443.114990,50.000000,0.000000,0.000000,-0.000000,0.000000,0.000000,0.000000,0.000000,0.000000,0.000000,3213057.750000,3213057.750000
ml,best,849,2026-08-07,3462.215332,10.000000,2335.575439,50.000000,0.000000,0.000000,-0.000000,0.000000,0.000000,3364.969727,50.000000,0.000000,0.000000,-0.000000,0.000000,0.000000,3473.149658,50.000000,0.000000,0.000000,-0.000000,0.000000,0.000000,0.000000,0.000000,0.000000,0.000000,3213057.750000,3213057.750000
ml,best,849,2026-08-08,3475.368408,10.000000,2335.575439,50.000000,0.000000,0.000000,-0.000000,0.000000,0.000000,3364.969727,50.000000,0.000000,0.000000,-0.000000,0.000000,0.000000,3493.853760,50.000000,0.000000,0.000000,-0.000000,0.000000,0.000000,0.000000,0.000000,0.000000,0.000000,3213057.750000,3213057.750000
ml,best,849,2026-08-09,3498.156006,10.000000,2335.575439,50.000000,0.000000,0.000000,-0.000000,0.000000,0.000000,3364.969727,50.000000,0.000000,0.000000,-0.000000,0.000000,0.000000,3523.142822,50.000000,0.000000,0.000000,-0.000000,0.000000,0.000000,0.000000,0.000000,0.000000,0.000000,3213057.750000,3213057.750000
ml,best,849,2026-08-10,3519.216797,10.000000,2335.575439,50.000000,0.000000,0.000000,-0.000000,0.000000,0.000000,3364.969727,50.000000,0.000000,0.000000,-0.000000,0.000000,0.000000,3521.704346,50.000000,0.000000,0.000000,-0.000000,0.000000,0.000000,0.000000,0.000000,0.000000,0.000000,3213057.750000,3213057.750000
ml,best,849,2026-08-11,3491.047363,10.000000,2335.575439,50.000000,0.000000,0.000000,-0.000000,0.000000,0.000000,3364.969727,50.000000,0.000000,0.000000,-0.000000,0.000000,0.000000,3512.647949,50.000000,0.000000,0.000000,-0.000000,0.000000,0.000000,0.000000,0.000000,0.000000,0.000000,3213057.750000,3213057.750000
ml,best,849,2026-08-12,3449.944336,10.000000,2335.575439,50.000000,0.000000,0.000000,-0.000000,0.000000,0.000000,3364.969727,50.000000,0.000000,0.000000,-0.000000,0.000000,0.000000,3454.258057,50.000000,0.000000,0.000000,-0.000000,0.000000,0.000000,0.000000,0.000000,0.000000,0.000000,3213057.750000,3213057.750000
ml,best,849,2026-08-13,3467.042725,10.000000,2335.575439,50.000000,0.000000,0.000000,-0.000000,0.000000,0.000000,3364.969727,50.000000,0.000000,0.000000,-0.000000,0.000000,0.000000,3506.254395,50.000000,0.000000,0.000000,-0.000000,0.000000,0.000000,0.000000,0.000000,0.000000,0.000000,3213057.750000,3213057.750000
ml,best,849,2026-08-14,3499.160400,10.000000,2335.575439,50.000000,0.000000,0.000000,-0.000000,0.000000,0.000000,3364.969727,50.000000,0.000000,0.000000,-0.000000,0.000000,0.000000,3512.833984,50.000000,0.000000,0.000000,-0.000000,0.000000,0.000000,0.000000,0.000000,0.000000,0.000000,3213057.750000,3213057.750000
ml,best,849,2026-08-15,3481.638184,10.000000,2335.575439,50.000000,0.000000,0.000000,-0.000000,0.000000,0.000000,3364.969727,50.000000,0.000000,0.000000,-0.000000,0.000000,0.000000,3488.011963,50.000000,0.000000,0.000000,-0.000000,0.000000,0.000000,0.000000,0.000000,0.000000,0.000000,3213057.750000,3213057.750000
ml,best,849,2026-08-16,3468.838623,10.000000,2335.575439,50.000000,0.000000,0.000000,-0.000000,0.000000,0.000000,3364.969727,50.000000,0.000000,0.000000,-0.000000,0.000000,0.000000,3480.163574,50.000000,0.000000,0.000000,-0.000000,0.000000,0.000000,0.000000,0.000000,0.000000,0.000000,3213057.750000,3213057.750000
ml,best,849,2026-08-17,3477.069336,10.000000,2335.575439,50.000000,0.000000,0.000000,-0.000000,0.000000,0.000000,3364.969727,50.000000,0.000000,0.000000,-0.000000,0.000000,0.000000,3471.589111,50.000000,0.000000,0.000000,-0.000000,0.000000,0.000000,0.000000,0.000000,0.000000,0.000000,3213057.750000,3213057.750000
ml,best,849,2026-08-18,3455.473145,10.000000,2335.575439,50.000000,0.000000,0.000000,-0.000000,0.000000,0.000000,3364.969727,50.000000,0.000000,0.000000,-0.000000,0.000000,0.000000,3479.177979,50.000000,0.000000,0.000000,-0.000000,0.000000,0.000000,0.000000,0.000000,0.000000,0.000000,3213057.750000,3213057.750000
ml,best,849,2026-08-19,3468.805420,10.000000,2335.575439,50.000000,0.000000,0.000000,-0.000000,0.000000,0.000000,3364.969727,50.000000,0.000000,0.000000,-0.000000,0.000000,0.000000,3485.710938,50.000000,0.000000,0.000000,-0.000000,0.000000,0.000000,0.000000,0.000000,0.000000,0.000000,3213057.750000,3213057.750000
ml,best,849,2026-08-20,3459.845459,10.000000,2335.575439,50.000000,0.000000,0.000000,-0.000000,0.000000,0.000000,3364.969727,50.000000,0.000000,0.000000,-0.000000,0.000000,0.000000,3489.563965,50.000000,0.000000,0.000000,-0.000000,0.000000,0.000000,0.000000,0.000000,0.000000,0.000000,3213057.750000,3213057.750000
ml,best,849,2026-08-21,3497.295410,10.000000,2335.575439,50.000000,0.000000,0.000000,-0.000000,0.000000,0.000000,3364.969727,50.000000,0.000000,0.000000,-0.000000,0.000000,0.000000,3480.361084,50.000000,0.000000,0.000000,-0.000000,0.000000,0.000000,0.000000,0.000000,0.000000,0.000000,3213057.750000,3213057.750000
ml,best,849,2026-08-22,3488.414795,10.000000,2335.575439,50.000000,0.000000,0.000000,-0.000000,0.000000,0.000000,3364.969727,50.000000,0.000000,0.000000,-0.000000,0.000000,0.000000,3498.325684,50.000000,0.000000,0.000000,-0.000000,0.000000,0.000000,0.000000,0.000000,0.000000,0.000000,3213057.750000,3213057.750000
ml,best,849,2026-08-23,3495.078125,10.000000,2335.575439,50.000000,0.000000,0.000000,-0.000000,0.000000,0.000000,3364.969727,50.000000,0.000000,0.000000,-0.000000,0.000000,0.000000,3514.427979,50.000000,0.000000,0.000000,-0.000000,0.000000,0.000000,0.000000,0.000000,0.000000,0.000000,3213057.750000,3213057.750000
ml,best,849,2026-08-24,3525.656494,10.000000,2335.575439,50.000000,0.000000,0.000000,-0.000000,0.000000,0.000000,3364.969727,50.000000,0.000000,0.000000,-0.000000,0.000000,0.000000,3548.893311,50.000000,0.000000,0.000000,-0.000000,0.000000,0.000000,0.000000,0.000000,0.000000,0.000000,3213057.750000,3213057.750000
ml,best,849,2026-08-25,3462.915283,10.000000,2335.575439,50.000000,0.000000,0.000000,-0.000000,0.000000,0.000000,3364.969727,50.000000,0.000000,0.000000,-0.000000,0.000000,0.000000,3469.152832,50.000000,0.000000,0.000000,-0.000000,0.000000,0.000000,0.000000,0.000000,0.000000,0.000000,3213057.750000,3213057.750000
ml,best,849,2026-08-26,3469.745117,10.000000,2335.575439,50.000000,0.000000,0.000000,-0.000000,0.000000,0.000000,3364.969727,50.000000,0.000000,0.000000,-0.000000,0.000000,0.000000,3475.751953,50.000000,0.000000,0.000000,-0.000000,0.000000,0.000000,0.000000,0.000000,0.000000,0.000000,3213057.750000,3213057.750000
ml,best,849,2026-08-27,3435.776611,10.000000,2335.575439,50.000000,0.000000,0.000000,-0.000000,0.000000,0.000000,3364.969727,50.000000,0.000000,0.000000,-0.000000,0.000000,0.000000,3455.807373,50.000000,0.000000,0.000000,-0.000000,0.000000,0.000000,0.000000,0.000000,0.000000,0.000000,3213057.750000,3213057.750000
ml,best,849,2026-08-28,3460.129150,10.000000,2335.575439,50.000000,0.000000,0.000000,-0.000000,0.000000,0.000000,3364.969727,50.000000,0.000000,0.000000,-0.000000,0.000000,0.000000,3454.452148,50.000000,0.000000,0.000000,-0.000000,0.000000,0.000000,0.000000,0.000000,0.000000,0.000000,3213057.750000,3213057.750000
ml,best,849,2026-08-29,3457.282715,10.000000,2335.575439,50.000000,0.000000,0.000000,-0.000000,0.000000,0.000000,3364.969727,50.000000,0.000000,0.000000,-0.000000,0.000000,0.000000,3478.999268,50.000000,0.000000,0.000000,-0.000000,0.000000,0.000000,0.000000,0.000000,0.000000,0.000000,3213057.750000,3213057.750000
ml,best,849,2026-08-30,3481.635010,10.000000,2335.575439,50.000000,0.000000,0.000000,-0.000000,0.000000,0.000000,3364.969727,50.000000,0.000000,0.000000,-0.000000,0.000000,0.000000,3497.491211,50.000000,0.000000,0.000000,-0.000000,0.000000,0.000000,0.000000,0.000000,0.000000,0.000000,3213057.750000,3213057.750000
ml,best,849,2026-08-31,3477.798828,10.000000,2335.575439,50.000000,0.000000,0.000000,-0.000000,0.000000,0.000000,3364.969727,50.000000,0.000000,0.000000,-0.000000,0.000000,0.000000,3497.365967,50.000000,0.000000,0.000000,-0.000000,0.000000,0.000000,0.000000,0.000000,0.000000,0.000000,3213057.750000,3213057.750000
ml,best,849,2026-09-01,3482.650879,10.000000,2335.575439,50.000000,0.000000,0.000000,-0.000000,0.000000,0.000000,3364.969727,50.000000,0.000000,0.000000,-0.000000,0.000000,0.000000,3492.931152,50.000000,0.000000,0.000000,-0.000000,0.000000,0.000000,0.000000,0.000000,0.000000,0.000000,3213057.750000,3213057.750000
ml,best,849,2026-09-02,3505.021729,10.000000,2335.575439,50.000000,0.000000,0.000000,-0.000000,0.000000,0.000000,3364.969727,50.000000,0.000000,0.000000,-0.000000,0.000000,0.000000,3518.903809,50.000000,0.000000,0.000000,-0.000000,0.000000,0.000000,0.000000,0.000000,0.000000,0.000000,3213057.750000,3213057.750000
ml,best,849,2026-09-03,3514.236084,10.000000,2335.575439,50.000000,0.000000,0.000000,-0.000000,0.000000,0.000000,3364.969727,50.000000,0.000000,0.000000,-0.000000,0.000000,0.000000,3517.798828,50.000000,0.000000,0.000000,-0.000000,0.000000,0.000000,0.000000,0.000000,0.000000,0.000000,3213057.750000,3213057.750000
ml,best,849,2026-09-04,3527.933350,10.000000,2335.575439,50.000000,0.000000,0.000000,-0.000000,0.000000,0.000000,3364.969727,50.000000,0.000000,0.000000,-0.000000,0.000000,0.000000,3543.765869,50.000000,0.000000,0.000000,-0.000000,0.000000,0.000000,0.000000,0.000000,0.000000,0.000000,3213057.750000,3213057.750000
ml,best,849,2026-09-05,3530.144531,10.000000,2335.575439,50.000000,0.000000,0.000000,-0.000000,0.000000,0.000000,3364.969727,50.000000,0.000000,0.000000,-0.000000,0.000000,0.000000,3539.490723,50.000000,0.000000,0.000000,-0.000000,0.000000,0.000000,0.000000,0.000000,0.000000,0.000000,3213057.750000,3213057.750000
ml,best,849,2026-09-06,3533.532959,10.000000,2335.575439,50.000000,0.000000,0.000000,-0.000000,0.000000,0.000000,3364.969727,50.000000,0.000000,0.000000,-0.000000,0.000000,0.000000,3535.938965,50.000000,0.000000,0.000000,-0.000000,0.000000,0.000000,0.000000,0.000000,0.000000,0.000000,3213057.750000,3213057.750000
ml,best,849,2026-09-07,3522.816406,10.000000,2335.575439,50.000000,0.000000,0.000000,-0.000000,0.000000,0.000000,3364.969727,50.000000,0.000000,0.000000,-0.000000,0.000000,0.000000,3544.871338,50.000000,0.000000,0.000000,-0.000000,0.000000,0.000000,0.000000,0.000000,0.000000,0.000000,3213057.750000,3213057.750000
ml,best,849,2026-09-08,3516.358398,10.000000,2335.575439,50.000000,0.000000,0.000000,-0.000000,0.000000,0.000000,3364.969727,50.000000,0.000000,0.000000,-0.000000,0.000000,0.000000,3514.232910,50.000000,0.000000,0.000000,-0.000000,0.000000,0.000000,0.000000,0.000000,0.000000,0.000000,3213057.750000,3213057.750000
ml,best,849,2026-09-09,3527.711426,10.000000,2335.575439,50.000000,0.000000,0.000000,-0.000000,0.000000,0.000000,3364.969727,50.000000,0.000000,0.000000,-0.000000,0.000000,0.000000,3543.045166,50.000000,0.000000,0.000000,-0.000000,0.000000,0.000000,0.000000,0.000000,0.000000,0.000000,3213057.750000,3213057.750000
ml,best,849,2026-09-10,3559.277588,10.000000,2335.575439,50.000000,0.000000,0.000000,-0.000000,0.000000,0.000000,3364.969727,50.000000,0.000000,0.000000,-0.000000,0.000000,0.000000,3575.127930,50.000000,0.000000,0.000000,-0.000000,0.000000,0.000000,0.000000,0.000000,0.000000,0.000000,3213057.750000,3213057.750000
ml,best,849,2026-09-11,3600.766113,10.000000,2335.575439,50.000000,0.000000,0.000000,-0.000000,0.000000,0.000000,3364.969727,50.000000,0.000000,0.000000,-0.000000,0.000000,0.000000,3626.678711,50.000000,0.000000,0.000000,-0.000000,0.000000,0.000000,0.000000,0.000000,0.000000,0.000000,3213057.750000,3213057.750000
ml,best,849,2026-09-12,3577.814941,10.000000,2335.575439,50.000000,0.000000,0.000000,-0.000000,0.000000,0.000000,3364.969727,50.000000,0.000000,0.000000,-0.000000,0.000000,0.000000,3588.761719,50.000000,0.000000,0.000000,-0.000000,0.000000,0.000000,0.000000,0.000000,0.000000,0.000000,3213057.750000,3213057.750000
ml,best,849,2026-09-13,3601.604248,10.000000,2335.575439,50.000000,0.000000,0.000000,-0.000000,0.000000,0.000000,3364.969727,50.000000,0.000000,0.000000,-0.000000,0.000000,0.000000,3626.491699,50.000000,0.000000,0.000000,-0.000000,0.000000,0.000000,0.000000,0.000000,0.000000,0.000000,3213057.750000,3213057.750000
ml,best,849,2026-09-14,3619.985352,10.000000,2335.575439,50.000000,0.000000,0.000000,-0.000000,0.000000,0.000000,3364.969727,50.000000,0.000000,0.000000,-0.000000,0.000000,0.000000,3628.667480,50.000000,0.000000,0.000000,-0.000000,0.000000,0.000000,0.000000,0.000000,0.000000,0.000000,3213057.750000,3213057.750000
ml,best,849,2026-09-15,3653.384521,10.000000,2335.575439,50.000000,0.000000,0.000000,-0.000000,0.000000,0.000000,3364.969727,50.000000,0.000000,0.000000,-0.000000,0.000000,0.000000,3679.016357,50.000000,0.000000,0.000000,-0.000000,0.000000,0.000000,0.000000,0.000000,0.000000,0.000000,3213057.750000,3213057.750000
ml,best,849,2026-09-16,3640.595459,10.000000,2335.575439,50.000000,0.000000,0.000000,-0.000000,0.000000,0.000000,3364.969727,50.000000,0.000000,0.000000,-0.000000,0.000000,0.000000,3655.733154,50.000000,0.000000,0.000000,-0.000000,0.000000,0.000000,0.000000,0.000000,0.000000,0.000000,3213057.750000,3213057.750000
ml,best,849,2026-09-17,3635.169434,10.000000,2335.575439,50.000000,0.000000,0.000000,-0.000000,0.000000,0.000000,3364.969727,50.000000,0.000000,0.000000,-0.000000,0.000000,0.000000,3638.698486,50.000000,0.000000,0.000000,-0.000000,0.000000,0.000000,0.000000,0.000000,0.000000,0.000000,3213057.750000,3213057.750000
ml,best,849,2026-09-18,3558.038818,10.000000,2335.575439,50.000000,0.000000,0.000000,-0.000000,0.000000,0.000000,3364.969727,50.000000,0.000000,0.000000,-0.000000,0.000000,0.000000,3578.958740,50.000000,0.000000,0.000000,-0.000000,0.000000,0.000000,0.000000,0.000000,0.000000,0.000000,3213057.750000,3213057.750000
ml,best,849,2026-09-19,3549.728516,10.000000,2335.575439,50.000000,0.000000,0.000000,-0.000000,0.000000,0.000000,3364.969727,50.000000,0.000000,0.000000,-0.000000,0.000000,0.000000,3576.174805,50.000000,0.000000,0.000000,-0.000000,0.000000,0.000000,0.000000,0.000000,0.000000,0.000000,3213057.750000,3213057.750000
ml,best,849,2026-09-20,3620.189209,10.000000,2335.575439,50.000000,0.000000,0.000000,-0.000000,0.000000,0.000000,3364.969727,50.000000,0.000000,0.000000,-0.000000,0.000000,0.000000,3657.430420,50.000000,0.000000,0.000000,-0.000000,0.000000,0.000000,0.000000,0.000000,0.000000,0.000000,3213057.750000,3213057.750000
ml,best,849,2026-09-21,3608.304688,10.000000,2335.575439,50.000000,0.000000,0.000000,-0.000000,0.000000,0.000000,3364.969727,50.000000,0.000000,0.000000,-0.000000,0.000000,0.000000,3648.378662,50.000000,0.000000,0.000000,-0.000000,0.000000,0.000000,0.000000,0.000000,0.000000,0.000000,3213057.750000,3213057.750000
ml,best,849,2026-09-22,3603.988525,10.000000,2335.575439,50.000000,0.000000,0.000000,-0.000000,0.000000,0.000000,3364.969727,50.000000,0.000000,0.000000,-0.000000,0.000000,0.000000,3630.097656,50.000000,0.000000,0.000000,-0.000000,0.000000,0.000000,0.000000,0.000000,0.000000,0.000000,3213057.750000,3213057.750000
ml,best,849,2026-09-23,3583.637451,10.000000,2335.575439,50.000000,0.000000,0.000000,-0.000000,0.000000,0.000000,3364.969727,50.000000,0.000000,0.000000,-0.000000,0.000000,0.000000,3605.573730,50.000000,0.000000,0.000000,-0.000000,0.000000,0.000000,0.000000,0.000000,0.000000,0.000000,3213057.750000,3213057.750000
ml,best,849,2026-09-24,3605.174561,10.000000,2335.575439,50.000000,0.000000,0.000000,-0.000000,0.000000,0.000000,3364.969727,50.000000,0.000000,0.000000,-0.000000,0.000000,0.000000,3614.466553,50.000000,0.000000,0.000000,-0.000000,0.000000,0.000000,0.000000,0.000000,0.000000,0.000000,3213057.750000,3213057.750000
ml,best,849,2026-09-25,3629.443359,10.000000,2335.575439,50.000000,0.000000,0.000000,-0.000000,0.000000,0.000000,3364.969727,50.000000,0.000000,0.000000,-0.000000,0.000000,0.000000,3657.306152,50.000000,0.000000,0.000000,-0.000000,0.000000,0.000000,0.000000,0.000000,0.000000,0.000000,3213057.750000,3213057.750000
ml,best,849,2026-09-26,3709.281982,10.000000,2335.575439,50.000000,0.000000,0.000000,-0.000000,0.000000,0.000000,3364.969727,50.000000,0.000000,0.000000,-0.000000,0.000000,0.000000,3738.662842,50.000000,0.000000,0.000000,-0.000000,0.000000,0.000000,0.000000,0.000000,0.000000,0.000000,3213057.750000,3213057.750000
ml,best,849,2026-09-27,3679.651123,10.000000,2335.575439,50.000000,0.000000,0.000000,-0.000000,0.000000,0.000000,3364.969727,50.000000,0.000000,0.000000,-0.000000,0.000000,0.000000,3697.641602,50.000000,0.000000,0.000000,-0.000000,0.000000,0.000000,0.000000,0.000000,0.000000,0.000000,3213057.750000,3213057.750000
ml,best,849,2026-09-28,3643.228271,10.000000,2335.575439,50.000000,0.000000,0.000000,-0.000000,0.000000,0.000000,3364.969727,50.000000,0.000000,0.000000,-0.000000,0.000000,0.000000,3667.466553,50.000000,0.000000,0.000000,-0.000000,0.000000,0.000000,0.000000,0.000000,0.000000,0.000000,3213057.750000,3213057.750000
ml,best,849,2026-09-29,3664.728760,10.000000,2335.575439,50.000000,0.000000,0.000000,-0.000000,0.000000,0.000000,3364.969727,50.000000,0.000000,0.000000,-0.000000,0.000000,0.000000,3686.093506,50.000000,0.000000,0.000000,-0.000000,0.000000,0.000000,0.000000,0.000000,0.000000,0.000000,3213057.750000,3213057.750000
ml,best,849,2026-09-30,3652.513428,10.000000,2335.575439,50.000000,0.000000,0.000000,-0.000000,0.000000,0.000000,3364.969727,50.000000,0.000000,0.000000,-0.000000,0.000000,0.000000,3674.894531,50.000000,0.000000,0.000000,-0.000000,0.000000,0.000000,0.000000,0.000000,0.000000,0.000000,3213057.750000,3213057.750000
ml,best,849,2026-10-01,3666.095703,10.000000,2335.575439,50.000000,0.000000,0.000000,-0.000000,0.000000,0.000000,3364.969727,50.000000,0.000000,0.000000,-0.000000,0.000000,0.000000,3675.251709,50.000000,0.000000,0.000000,-0.000000,0.000000,0.000000,0.000000,0.000000,0.000000,0.000000,3213057.750000,3213057.750000
ml,best,849,2026-10-02,3738.367432,10.000000,2335.575439,50.000000,0.000000,0.000000,-0.000000,0.000000,0.000000,3364.969727,50.000000,0.000000,0.000000,-0.000000,0.000000,0.000000,3764.230713,50.000000,0.000000,0.000000,-0.000000,0.000000,0.000000,0.000000,0.000000,0.000000,0.000000,3213057.750000,3213057.750000
ml,best,849,2026-10-03,3732.535400,10.000000,2335.575439,50.000000,0.000000,0.000000,-0.000000,0.000000,0.000000,3364.969727,50.000000,0.000000,0.000000,-0.000000,0.000000,0.000000,3741.464111,50.000000,0.000000,0.000000,-0.000000,0.000000,0.000000,0.000000,0.000000,0.000000,0.000000,3213057.750000,3213057.750000
ml,best,849,2026-10-04,3715.119629,10.000000,2335.575439,50.000000,0.000000,0.000000,-0.000000,0.000000,0.000000,3364.969727,50.000000,0.000000,0.000000,-0.000000,0.000000,0.000000,3725.124023,50.000000,0.000000,0.000000,-0.000000,0.000000,0.000000,0.000000,0.000000,0.000000,0.000000,3213057.750000,3213057.750000
ml,best,849,2026-10-05,3716.916748,10.000000,2335.575439,50.000000,1.000000,1.000000,-116778.773438,58.389385,116778.773438,3364.969727,50.000000,1.000000,1.000000,-168248.484375,84.124245,168248.484375,3723.590332,50.000000,0.000000,0.000000,-0.000000,0.000000,0.000000,285027.250000,-285027.250000,142.513626,-142.513626,3213057.750000,3212915.250000
ml,best,849,2026-10-06,3682.445557,10.000000,2335.575439,50.000000,0.000000,-1.000000,116778.773438,58.389385,0.000000,3364.969727,50.000000,0.000000,-1.000000,168248.484375,84.124245,0.000000,3688.218994,50.000000,0.000000,0.000000,-0.000000,0.000000,0.000000,0.000000,0.000000,285.027252,-285.027252,3213057.750000,3212772.750000
ml,best,849,2026-10-07,3674.184570,10.000000,2335.575439,50.000000,1.000000,1.000000,-116778.773438,58.389385,116778.773438,3364.969727,50.000000,0.000000,0.000000,-0.000000,0.000000,0.000000,3687.459229,50.000000,0.000000,0.000000,-0.000000,0.000000,0.000000,116778.773438,-116778.773438,343.416626,-343.416626,3213057.750000,3212714.250000
ml,best,849,2026-10-08,3627.121582,10.000000,2335.575439,50.000000,0.000000,-1.000000,116778.773438,58.389385,0.000000,3364.969727,50.000000,0.000000,0.000000,-0.000000,0.000000,0.000000,3643.325195,50.000000,0.000000,0.000000,-0.000000,0.000000,0.000000,0.000000,0.000000,401.806030,-401.806030,3213057.750000,3212656.000000
ml,best,849,2026-10-09,3641.616699,10.000000,2335.575439,50.000000,1.000000,1.000000,-116778.773438,58.389385,116778.773438,3364.969727,50.000000,1.000000,1.000000,-168248.484375,84.124245,168248.484375,3639.732178,50.000000,0.000000,0.000000,-0.000000,0.000000,0.000000,285027.250000,-285027.250000,544.319702,-544.319702,3213057.750000,3212513.500000
ml,best,849,2026-10-10,3665.270508,10.000000,2335.575439,50.000000,1.000000,0.000000,-0.000000,0.000000,116778.773438,3364.969727,50.000000,1.000000,0.000000,-0.000000,0.000000,168248.484375,3679.651611,50.000000,0.000000,0.000000,-0.000000,0.000000,0.000000,285027.250000,-285027.250000,544.319702,-544.319702,3213057.750000,3212513.500000
ml,best,849,2026-10-11,3687.115723,10.000000,2335.575439,50.000000,1.000000,0.000000,-0.000000,0.000000,116778.773438,3364.969727,50.000000,1.000000,0.000000,-0.000000,0.000000,168248.484375,3677.586914,50.000000,0.000000,0.000000,-0.000000,0.000000,0.000000,285027.250000,-285027.250000,544.319702,-544.319702,3213057.750000,3212513.500000
ml,best,849,2026-10-12,3690.426025,10.000000,2335.575439,50.000000,1.000000,0.000000,-0.000000,0.000000,116778.773438,3364.969727,50.000000,1.000000,0.000000,-0.000000,0.000000,168248.484375,3697.046631,50.000000,0.000000,0.000000,-0.000000,0.000000,0.000000,285027.250000,-285027.250000,544.319702,-544.319702,3213057.750000,3212513.500000
ml,best,849,2026-10-13,3718.118652,10.000000,2335.575439,50.000000,0.000000,-1.000000,116778.773438,58.389385,0.000000,3364.969727,50.000000,0.000000,-1.000000,168248.484375,84.124245,0.000000,3708.120605,50.000000,0.000000,0.000000,-0.000000,0.000000,0.000000,0.000000,0.000000,686.833252,-686.833252,3213057.750000,3212371.000000
ml,best,849,2026-10-14,3744.422363,10.000000,2335.575439,50.000000,1.000000,1.000000,-116778.773438,58.389385,116778.773438,3364.969727,50.000000,1.000000,1.000000,-168248.484375,84.124245,168248.484375,3755.246338,50.000000,0.000000,0.000000,-0.000000,0.000000,0.000000,285027.250000,-285027.250000,829.346924,-829.346924,3213057.750000,3212228.500000
ml,best,849,2026-10-15,3739.269287,10.000000,2335.575439,50.000000,0.000000,-1.000000,116778.773438,58.389385,0.000000,3364.969727,50.000000,0.000000,-1.000000,168248.484375,84.124245,0.000000,3734.560303,50.000000,0.000000,0.000000,-0.000000,0.000000,0.000000,0.000000,0.000000,971.860596,-971.860596,3213057.750000,3212086.000000
ml,best,849,2026-10-16,3787.212646,10.000000,2335.575439,50.000000,1.000000,1.000000,-116778.773438,58.389385,116778.773438,3364.969727,50.000000,1.000000,1.000000,-168248.484375,84.124245,168248.484375,3797.103516,50.000000,0.000000,0.000000,-0.000000,0.000000,0.000000,285027.250000,-285027.250000,1114.374146,-1114.374146,3213057.750000,3211943.500000
ml,best,849,2026-10-17,3760.396729,10.000000,2335.575439,50.000000,1.000000,0.000000,-0.000000,0.000000,116778.773438,3364.969727,50.000000,1.000000,0.000000,-0.000000,0.000000,168248.484375,3766.506836,50.000000,0.000000,0.000000,-0.000000,0.000000,0.000000,285027.250000,-285027.250000,1114.374146,-1114.374146,3213057.750000,3211943.500000
ml,best,849,2026-10-18,3783.288818,10.000000,2335.575439,50.000000,1.000000,0.000000,-0.000000,0.000000,116778.773438,3364.969727,50.000000,1.000000,0.000000,-0.000000,0.000000,168248.484375,3784.100342,50.000000,0.000000,0.000000,-0.000000,0.000000,0.000000,285027.250000,-285027.250000,1114.374146,-1114.374146,3213057.750000,3211943.500000
ml,best,849,2026-10-19,3783.209473,10.000000,2335.575439,50.000000,0.000000,-1.000000,116778.773438,58.389385,0.000000,3364.969727,50.000000,0.000000,-1.000000,168248.484375,84.124245,0.000000,3806.287354,50.000000,0.000000,0.000000,-0.000000,0.000000,0.000000,0.000000,0.000000,1256.887817,-1256.887817,3213057.750000,3211800.750000
ml,best,849,2026-10-20,3739.743652,10.000000,2335.575439,50.000000,1.000000,1.000000,-116778.773438,58.389385,116778.773438,3364.969727,50.000000,1.000000,1.000000,-168248.484375,84.124245,168248.484375,3721.504150,50.000000,0.000000,0.000000,-0.000000,0.000000,0.000000,285027.250000,-285027.250000,1399.401489,-1399.401489,3213057.750000,3211658.250000
ml,best,849,2026-10-21,3752.096680,10.000000,2335.575439,50.000000,0.000000,-1.000000,116778.773438,58.389385,0.000000,3364.969727,50.000000,0.000000,-1.000000,168248.484375,84.124245,0.000000,3753.266357,50.000000,0.000000,0.000000,-0.000000,0.000000,0.000000,0.000000,0.000000,1541.915039,-1541.915039,3213057.750000,3211515.750000
ml,best,849,2026-10-22,3706.326172,10.000000,2335.575439,50.000000,1.000000,1.000000,-116778.773438,58.389385,116778.773438,3364.969727,50.000000,1.000000,1.000000,-168248.484375,84.124245,168248.484375,3699.448486,50.000000,0.000000,0.000000,-0.000000,0.000000,0.000000,285027.250000,-285027.250000,1684.428711,-1684.428711,3213057.750000,3211373.250000
ml,best,849,2026-10-23,3703.683105,10.000000,2335.575439,50.000000,0.000000,-1.000000,116778.773438,58.389385,0.000000,3364.969727,50.000000,0.000000,-1.000000,168248.484375,84.124245,0.000000,3718.808350,50.000000,0.000000,0.000000,-0.000000,0.000000,0.000000,0.000000,0.000000,1826.942383,-1826.942383,3213057.750000,3211230.750000
ml,best,849,2026-10-24,3674.317383,10.000000,2335.575439,50.000000,0.000000,0.000000,-0.000000,0.000000,0.000000,3364.969727,50.000000,0.000000,0.000000,-0.000000,0.000000,0.000000,3660.270020,50.000000,0.000000,0.000000,-0.000000,0.000000,0.000000,0.000000,0.000000,1826.942383,-1826.942383,3213057.750000,3211230.750000
ml,best,849,2026-10-25,3722.195068,10.000000,2335.575439,50.000000,0.000000,0.000000,-0.000000,0.000000,0.000000,3364.969727,50.000000,0.000000,0.000000,-0.000000,0.000000,0.000000,3738.382080,50.000000,0.000000,0.000000,-0.000000,0.000000,0.000000,0.000000,0.000000,1826.942383,-1826.942383,3213057.750000,3211230.750000
ml,best,849,2026-10-26,3715.424561,10.000000,2335.575439,50.000000,1.000000,1.000000,-116778.773438,58.389385,116778.773438,3364.969727,50.000000,1.000000,1.000000,-168248.484375,84.124245,168248.484375,3721.817139,50.000000,0.000000,0.000000,-0.000000,0.000000,0.000000,285027.250000,-285027.250000,1969.456055,-1969.456055,3213057.750000,3211088.250000
ml,best,849,2026-10-27,3724.257812,10.000000,2335.575439,50.000000,0.000000,-1.000000,116778.773438,58.389385,0.000000,3364.969727,50.000000,0.000000,-1.000000,168248.484375,84.124245,0.000000,3724.039551,50.000000,0.000000,0.000000,-0.000000,0.000000,0.000000,0.000000,0.000000,2111.969482,-2111.969482,3213057.750000,3210945.750000
ml,best,849,2026-10-28,3709.189941,10.000000,2335.575439,50.000000,1.000000,1.000000,-116778.773438,58.389385,116778.773438,3364.969727,50.000000,1.000000,1.000000,-168248.484375,84.124245,168248.484375,3714.316162,50.000000,0.000000,0.000000,-0.000000,0.000000,0.000000,285027.250000,-285027.250000,2254.483154,-2254.483154,3213057.750000,3210803.250000
ml,best,849,2026-10-29,3693.894531,10.000000,2335.575439,50.000000,0.000000,-1.000000,116778.773438,58.389385,0.000000,3364.969727,50.000000,0.000000,-1.000000,168248.484375,84.124245,0.000000,3696.209717,50.000000,0.000000,0.000000,-0.000000,0.000000,0.000000,0.000000,0.000000,2396.996826,-2396.996826,3213057.750000,3210660.750000
ml,best,849,2026-10-30,3738.010742,10.000000,2335.575439,50.000000,0.000000,0.000000,-0.000000,0.000000,0.000000,3364.969727,50.000000,0.000000,0.000000,-0.000000,0.000000,0.000000,3696.209717,50.000000,0.000000,0.000000,-0.000000,0.000000,0.000000,0.000000,0.000000,2396.996826,-2396.996826,3213057.750000,3210660.750000
ml,mean,-1,2026-04-10,2055.000244,10.000000,2026.171753,50.000000,0.000000,0.000000,0.000000,0.000000,0.000000,2047.068481,50.000000,0.000000,0.000000,0.000000,0.000000,0.000000,2070.749756,50.000000,0.000000,0.000000,0.000000,0.000000,0.000000,0.000000,0.000000,0.000000,0.000000,4854.180176,4854.180176
ml,mean,-1,2026-04-11,2056.232422,10.000000,2045.532593,50.000000,0.000000,0.000000,0.000000,0.000000,0.000000,2066.496338,50.000000,0.000000,0.000000,0.000000,0.000000,0.000000,2090.139160,50.000000,0.000000,0.000000,0.000000,0.000000,0.000000,0.000000,0.000000,0.000000,0.000000,7880.342285,7880.342285
ml,mean,-1,2026-04-12,2057.253418,10.000000,2054.150879,50.000000,0.000000,0.000000,0.000000,0.000000,0.000000,2075.156494,50.000000,0.000000,0.000000,0.000000,0.000000,0.000000,2098.714844,50.000000,0.000000,0.000000,0.000000,0.000000,0.000000,0.000000,0.000000,0.000000,0.000000,10550.434570,10550.434570
ml,mean,-1,2026-04-13,2058.864258,10.000000,2060.491211,50.000000,0.000000,0.000000,0.000000,0.000000,0.000000,2081.515137,50.000000,0.000000,0.000000,0.000000,0.000000,0.000000,2104.979004,50.000000,0.000000,0.000000,0.000000,0.000000,0.000000,0.000000,0.000000,0.000000,0.000000,14619.737305,14619.737305
ml,mean,-1,2026-04-14,2058.441406,10.000000,2060.238770,50.000000,0.000000,0.000000,0.000000,0.000000,0.000000,2081.217529,50.000000,0.000000,0.000000,0.000000,0.000000,0.000000,2104.476074,50.000000,0.000000,0.000000,0.000000,0.000000,0.000000,0.000000,0.000000,0.000000,0.000000,17761.224609,17761.224609
ml,mean,-1,2026-04-15,2058.634033,10.000000,2060.735840,50.000000,0.000000,0.000000,0.000000,0.000000,0.000000,2081.620361,50.000000,0.000000,0.000000,0.000000,0.000000,0.000000,2104.709961,50.000000,0.000000,0.000000,0.000000,0.000000,0.000000,0.000000,0.000000,0.000000,0.000000,22565.509766,22565.509766
ml,mean,-1,2026-04-16,2058.881836,10.000000,2061.456543,50.000000,0.000000,0.000000,0.000000,0.000000,0.000000,2082.231445,50.000000,0.000000,0.000000,0.000000,0.000000,0.000000,2105.145508,50.000000,0.000000,0.000000,0.000000,0.000000,0.000000,0.000000,0.000000,0.000000,0.000000,27454.707031,27454.707031
ml,mean,-1,2026-04-17,2058.192139,10.000000,2060.467041,50.000000,0.000000,0.000000,0.000000,0.000000,0.000000,2081.120850,50.000000,0.000000,0.000000,0.000000,0.000000,0.000000,2103.833008,50.000000,0.000000,0.000000,0.000000,0.000000,0.000000,0.000000,0.000000,0.000000,0.000000,30099.806641,30099.806641
ml,mean,-1,2026-04-18,2058.662842,10.000000,2061.297363,50.000000,0.000000,0.000000,0.000000,0.000000,0.000000,2081.878418,50.000000,0.000000,0.000000,0.000000,0.000000,0.000000,2104.439941,50.000000,0.000000,0.000000,0.000000,0.000000,0.000000,0.000000,0.000000,0.000000,0.000000,35406.773438,35406.773438
ml,mean,-1,2026-04-19,2059.101562,10.000000,2061.690674,50.000000,0.000000,0.000000,0.000000,0.000000,0.000000,2082.219971,50.000000,0.000000,0.000000,0.000000,0.000000,0.000000,2104.699707,50.000000,0.000000,0.000000,0.000000,0.000000,0.000000,0.000000,0.000000,0.000000,0.000000,40823.000000,40823.000000
ml,mean,-1,2026-04-20,2060.580811,10.000000,2062.596924,50.000000,0.000000,0.000000,0.000000,0.000000,0.000000,2083.077637,50.000000,0.000000,0.000000,0.000000,0.000000,0.000000,2105.464355,50.000000,0.000000,0.000000,0.000000,0.000000,0.000000,0.000000,0.000000,0.000000,0.000000,48998.750000,48998.750000
ml,mean,-1,2026-04-21,2061.582764,10.000000,2063.469727,50.000000,0.000000,0.000000,0.000000,0.000000,0.000000,2083.889404,50.000000,0.000000,0.000000,0.000000,0.000000,0.000000,2106.181641,50.000000,0.000000,0.000000,0.000000,0.000000,0.000000,0.000000,0.000000,0.000000,0.000000,55748.902344,55748.902344
ml,mean,-1,2026-04-22,2063.310303,10.000000,2064.714355,50.000000,0.000000,0.000000,0.000000,0.000000,0.000000,2085.079102,50.000000,0.000000,0.000000,0.000000,0.000000,0.000000,2107.275879,50.000000,0.000000,0.000000,0.000000,0.000000,0.000000,0.000000,0.000000,0.000000,0.000000,64402.792969,64402.792969
ml,mean,-1,2026-04-23,2065.482666,10.000000,2066.709717,50.000000,0.000000,0.000000,0.000000,0.000000,0.000000,2087.086182,50.000000,0.000000,0.000000,0.000000,0.000000,0.000000,2109.230469,50.000000,0.000000,0.000000,0.000000,0.000000,0.000000,0.000000,0.000000,0.000000,0.000000,73972.070312,73972.070312
ml,mean,-1,2026-04-24,2065.077881,10.000000,2066.257568,50.000000,0.000000,0.000000,0.000000,0.000000,0.000000,2086.523926,50.000000,0.000000,0.000000,0.000000,0.000000,0.000000,2108.537842,50.000000,0.000000,0.000000,0.000000,0.000000,0.000000,0.000000,0.000000,0.000000,0.000000,77281.906250,77281.906250
ml,mean,-1,2026-04-25,2065.900146,10.000000,2066.260742,50.000000,0.000000,0.000000,0.000000,0.000000,0.000000,2086.484863,50.000000,0.000000,0.000000,0.000000,0.000000,0.000000,2108.378174,50.000000,0.000000,0.000000,0.000000,0.000000,0.000000,0.000000,0.000000,0.000000,0.000000,83657.789062,83657.789062
ml,mean,-1,2026-04-26,2067.892822,10.000000,2068.335938,50.000000,0.000000,0.000000,0.000000,0.000000,0.000000,2088.472412,50.000000,0.000000,0.000000,0.000000,0.000000,0.000000,2110.266357,50.000000,0.000000,0.000000,0.000000,0.000000,0.000000,0.000000,0.000000,0.000000,0.000000,93043.992188,93043.992188
ml,mean,-1,2026-04-27,2067.684570,10.000000,2068.216797,50.000000,0.000000,0.000000,0.000000,0.000000,0.000000,2088.280029,50.000000,0.000000,0.000000,0.000000,0.000000,0.000000,2109.984863,50.000000,0.000000,0.000000,0.000000,0.000000,0.000000,0.000000,0.000000,0.000000,0.000000,96939.500000,96939.500000
ml,mean,-1,2026-04-28,2067.957275,10.000000,2068.822998,50.000000,0.000000,0.000000,0.000000,0.000000,0.000000,2088.835449,50.000000,0.000000,0.000000,0.000000,0.000000,0.000000,2110.466064,50.000000,0.000000,0.000000,0.000000,0.000000,0.000000,0.000000,0.000000,0.000000,0.000000,102037.984375,102037.984375
ml,mean,-1,2026-04-29,2069.495605,10.000000,2070.036621,50.000000,0.000000,0.000000,0.000000,0.000000,0.000000,2090.024414,50.000000,0.000000,0.000000,0.000000,0.000000,0.000000,2111.633301,50.000000,0.000000,0.000000,0.000000,0.000000,0.000000,0.000000,0.000000,0.000000,0.000000,110381.093750,110381.093750
ml,mean,-1,2026-04-30,2070.181641,10.000000,2070.036621,50.000000,0.000000,0.000000,0.000000,0.000000,0.000000,2090.179443,50.000000,0.000000,0.000000,0.000000,0.000000,0.000000,2111.754883,50.000000,0.000000,0.000000,0.000000,0.000000,0.000000,0.000000,0.000000,0.000000,0.000000,111098.156250,111098.156250
ml,mean,-1,2026-05-01,2069.226318,10.000000,2070.036621,50.000000,0.000000,0.000000,0.000000,0.000000,0.000000,2088.002686,50.000000,0.000000,0.000000,0.000000,0.000000,0.000000,2109.462402,50.000000,0.000000,0.000000,0.000000,0.000000,0.000000,0.000000,0.000000,0.000000,0.000000,107914.218750,107914.218750
ml,mean,-1,2026-05-02,2069.446289,10.000000,2070.036621,50.000000,0.000000,0.000000,0.000000,0.000000,0.000000,2088.699951,50.000000,0.000000,0.000000,0.000000,0.000000,0.000000,2110.116211,50.000000,0.000000,0.000000,0.000000,0.000000,0.000000,0.000000,0.000000,0.000000,0.000000,107577.562500,107577.562500
ml,mean,-1,2026-05-03,2070.466553,10.000000,2070.036621,50.000000,0.000000,0.000000,0.000000,0.000000,0.000000,2089.484619,50.000000,0.000000,0.000000,0.000000,0.000000,0.000000,2110.791016,50.000000,0.000000,0.000000,0.000000,0.000000,0.000000,0.000000,0.000000,0.000000,0.000000,109284.945312,109284.945312
ml,mean,-1,2026-05-04,2070.263428,10.000000,2070.036621,50.000000,0.000000,0.000000,0.000000,0.000000,0.000000,2089.679688,50.000000,0.000000,0.000000,0.000000,0.000000,0.000000,2110.972900,50.000000,0.000000,0.000000,0.000000,0.000000,0.000000,0.000000,0.000000,0.000000,0.000000,107834.710938,107834.710938
ml,mean,-1,2026-05-05,2070.885254,10.000000,2070.036621,50.000000,0.000000,0.000000,0.000000,0.000000,0.000000,2089.456299,50.000000,0.000000,0.000000,0.000000,0.000000,0.000000,2110.653320,50.000000,0.000000,0.000000,0.000000,0.000000,0.000000,0.000000,0.000000,0.000000,0.000000,108633.546875,108633.546875
ml,mean,-1,2026-05-06,2071.672119,10.000000,2070.036621,50.000000,0.000000,0.000000,0.000000,0.000000,0.000000,2089.942627,50.000000,0.000000,0.000000,0.000000,0.000000,0.000000,2111.125000,50.000000,0.000000,0.000000,0.000000,0.000000,0.000000,0.000000,0.000000,0.000000,0.000000,109671.515625,109671.515625
ml,mean,-1,2026-05-07,2071.117920,10.000000,2070.036621,50.000000,0.000000,0.000000,0.000000,0.000000,0.000000,2088.898438,50.000000,0.000000,0.000000,0.000000,0.000000,0.000000,2109.996094,50.000000,0.000000,0.000000,0.000000,0.000000,0.000000,0.000000,0.000000,0.000000,0.000000,107204.468750,107204.468750
ml,mean,-1,2026-05-08,2071.567871,10.000000,2070.036621,50.000000,0.000000,0.000000,0.000000,0.000000,0.000000,2089.628418,50.000000,0.000000,0.000000,0.000000,0.000000,0.000000,2110.677734,50.000000,0.000000,0.000000,0.000000,0.000000,0.000000,0.000000,0.000000,0.000000,0.000000,107340.875000,107340.875000
ml,mean,-1,2026-05-09,2072.642578,10.000000,2070.036621,50.000000,0.000000,0.000000,0.000000,0.000000,0.000000,2090.275879,50.000000,0.000000,0.000000,0.000000,0.000000,0.000000,2111.296631,50.000000,0.000000,0.000000,0.000000,0.000000,0.000000,0.000000,0.000000,0.000000,0.000000,109165.296875,109165.296875
ml,mean,-1,2026-05-10,2073.074707,10.000000,2070.036621,50.000000,0.000000,0.000000,0.000000,0.000000,0.000000,2090.052734,50.000000,0.000000,0.000000,0.000000,0.000000,0.000000,2110.981689,50.000000,0.000000,0.000000,0.000000,0.000000,0.000000,0.000000,0.000000,0.000000,0.000000,109390.273438,109390.273438
ml,mean,-1,2026-05-11,2073.277588,10.000000,2070.036621,50.000000,0.000000,0.000000,0.000000,0.000000,0.000000,2090.212646,50.000000,0.000000,0.000000,0.000000,0.000000,0.000000,2111.125000,50.000000,0.000000,0.000000,0.000000,0.000000,0.000000,0.000000,0.000000,0.000000,0.000000,109032.820312,109032.820312
ml,mean,-1,2026-05-12,2073.415039,10.000000,2070.036621,50.000000,0.000000,0.000000,0.000000,0.000000,0.000000,2088.834229,50.000000,0.000000,0.000000,0.000000,0.000000,0.000000,2111.798584,50.000000,0.000000,0.000000,0.000000,0.000000,0.000000,0.000000,0.000000,0.000000,0.000000,108495.593750,108495.593750
ml,mean,-1,2026-05-13,2074.408203,10.000000,2070.036621,50.000000,0.000000,0.000000,0.000000,0.000000,0.000000,2089.626709,50.000000,0.000000,0.000000,0.000000,0.000000,0.000000,2112.526367,50.000000,0.000000,0.000000,0.000000,0.000000,0.000000,0.000000,0.000000,0.000000,0.000000,109972.234375,109972.234375
ml,mean,-1,2026-05-14,2075.485596,10.000000,2070.036621,50.000000,0.000000,0.000000,0.000000,0.000000,0.000000,2091.156250,50.000000,0.000000,0.000000,0.000000,0.000000,0.000000,2114.028564,50.000000,0.000000,0.000000,0.000000,0.000000,0.000000,0.000000,0.000000,0.000000,0.000000,111668.273438,111668.273438
ml,mean,-1,2026-05-15,2075.712158,10.000000,2070.036621,50.000000,0.000000,0.000000,0.000000,0.000000,0.000000,2091.204346,50.000000,0.000000,0.000000,0.000000,0.000000,0.000000,2114.072266,50.000000,0.000000,0.000000,0.000000,0.000000,0.000000,0.000000,0.000000,0.000000,0.000000,111354.289062,111354.289062
ml,mean,-1,2026-05-16,2075.720703,10.000000,2070.036621,50.000000,0.000000,0.000000,0.000000,0.000000,0.000000,2090.719238,50.000000,0.000000,0.000000,0.000000,0.000000,0.000000,2113.482178,50.000000,0.000000,0.000000,0.000000,0.000000,0.000000,0.000000,0.000000,0.000000,0.000000,110496.531250,110496.531250
ml,mean,-1,2026-05-17,2075.688477,10.000000,2070.036621,50.000000,0.000000,0.000000,0.000000,0.000000,0.000000,2089.920166,50.000000,0.000000,0.000000,0.000000,0.000000,0.000000,2112.416992,50.000000,0.000000,0.000000,0.000000,0.000000,0.000000,0.000000,0.000000,0.000000,0.000000,109692.460938,109692.460938
ml,mean,-1,2026-05-18,2076.183594,10.000000,2070.036621,50.000000,0.000000,0.000000,0.000000,0.000000,0.000000,2090.301758,50.000000,0.000000,0.000000,0.000000,0.000000,0.000000,2112.859619,50.000000,0.000000,0.000000,0.000000,0.000000,0.000000,0.000000,0.000000,0.000000,0.000000,109893.984375,109893.984375
ml,mean,-1,2026-05-19,2076.536133,10.000000,2070.036621,50.000000,0.000000,0.000000,0.000000,0.000000,0.000000,2090.901123,50.000000,0.000000,0.000000,0.000000,0.000000,0.000000,2113.485596,50.000000,0.000000,0.000000,0.000000,0.000000,0.000000,0.000000,0.000000,0.000000,0.000000,109979.281250,109979.281250
ml,mean,-1,2026-05-20,2077.664307,10.000000,2070.036621,50.000000,0.000000,0.000000,0.000000,0.000000,0.000000,2092.033936,50.000000,0.000000,0.000000,0.000000,0.000000,0.000000,2114.529785,50.000000,0.000000,0.000000,0.000000,0.000000,0.000000,0.000000,0.000000,0.000000,0.000000,111781.250000,111781.250000
ml,mean,-1,2026-05-21,2077.783203,10.000000,2070.036621,50.000000,0.000000,0.000000,0.000000,0.000000,0.000000,2091.672852,50.000000,0.000000,0.000000,0.000000,0.000000,0.000000,2114.165771,50.000000,0.000000,0.000000,0.000000,0.000000,0.000000,0.000000,0.000000,0.000000,0.000000,111153.500000,111153.500000
ml,mean,-1,2026-05-22,2077.781738,10.000000,2070.036621,50.000000,0.000000,0.000000,0.000000,0.000000,0.000000,2092.379883,50.000000,0.000000,0.000000,0.000000,0.000000,0.000000,2114.878662,50.000000,0.000000,0.000000,0.000000,0.000000,0.000000,0.000000,0.000000,0.000000,0.000000,110300.609375,110300.609375
ml,mean,-1,2026-05-23,2078.004395,10.000000,2070.036621,50.000000,0.000000,0.000000,0.000000,0.000000,0.000000,2092.219727,50.000000,0.000000,0.000000,0.000000,0.000000,0.000000,2114.677246,50.000000,0.000000,0.000000,0.000000,0.000000,0.000000,0.000000,0.000000,0.000000,0.000000,110189.226562,110189.226562
ml,mean,-1,2026-05-24,2079.006836,10.000000,2070.036621,50.000000,0.000000,0.000000,0.000000,0.000000,0.000000,2092.777344,50.000000,0.000000,0.000000,0.000000,0.000000,0.000000,2115.165039,50.000000,0.000000,0.000000,0.000000,0.000000,0.000000,0.000000,0.000000,0.000000,0.000000,111585.117188,111585.117188
ml,mean,-1,2026-05-25,2078.955078,10.000000,2070.036621,50.000000,0.000000,0.000000,0.000000,0.000000,0.000000,2091.910645,50.000000,0.000000,0.000000,0.000000,0.000000,0.000000,2114.141357,50.000000,0.000000,0.000000,0.000000,0.000000,0.000000,0.000000,0.000000,0.000000,0.000000,110566.390625,110566.390625
ml,mean,-1,2026-05-26,2079.393066,10.000000,2070.036621,50.000000,0.000000,0.000000,0.000000,0.000000,0.000000,2092.507812,50.000000,0.000000,0.000000,0.000000,0.000000,0.000000,2114.672363,50.000000,0.000000,0.000000,0.000000,0.000000,0.000000,0.000000,0.000000,0.000000,0.000000,110833.593750,110833.593750
ml,mean,-1,2026-05-27,2081.133057,10.000000,2070.036621,50.000000,0.000000,0.000000,0.000000,0.000000,0.000000,2094.274170,50.000000,0.000000,0.000000,0.000000,0.000000,0.000000,2116.434082,50.000000,0.000000,0.000000,0.000000,0.000000,0.000000,0.000000,0.000000,0.000000,0.000000,114228.960938,114228.960938
ml,mean,-1,2026-05-28,2080.677734,10.000000,2070.036621,50.000000,0.000000,0.000000,0.000000,0.000000,0.000000,2093.549316,50.000000,0.000000,0.000000,0.000000,0.000000,0.000000,2115.522705,50.000000,0.000000,0.000000,0.000000,0.000000,0.000000,0.000000,0.000000,0.000000,0.000000,112061.921875,112061.921875
ml,mean,-1,2026-05-29,2081.883789,10.000000,2070.036621,50.000000,0.000000,0.000000,0.000000,0.000000,0.000000,2094.361816,50.000000,0.000000,0.000000,0.000000,0.000000,0.000000,2116.286865,50.000000,0.000000,0.000000,0.000000,0.000000,0.000000,0.000000,0.000000,0.000000,0.000000,114069.695312,114069.695312
ml,mean,-1,2026-05-30,2081.872070,10.000000,2070.036621,50.000000,0.000000,0.000000,0.000000,0.000000,0.000000,2094.238770,50.000000,0.000000,0.000000,0.000000,0.000000,0.000000,2116.064941,50.000000,0.000000,0.000000,0.000000,0.000000,0.000000,0.000000,0.000000,0.000000,0.000000,113118.078125,113118.078125
ml,mean,-1,2026-05-31,2081.723633,10.000000,2070.036621,50.000000,0.000000,0.000000,0.000000,0.000000,0.000000,2093.421875,50.000000,0.000000,0.000000,0.000000,0.000000,0.000000,2115.196777,50.000000,0.000000,0.000000,0.000000,0.000000,0.000000,0.000000,0.000000,0.000000,0.000000,111719.640625,111719.640625
ml,mean,-1,2026-06-01,2082.207031,10.000000,2070.036621,50.000000,0.000000,0.000000,0.000000,0.000000,0.000000,2093.854248,50.000000,0.000000,0.000000,0.000000,0.000000,0.000000,2115.716309,50.000000,0.000000,0.000000,0.000000,0.000000,0.000000,0.000000,0.000000,0.000000,0.000000,111917.367188,111917.367188
ml,mean,-1,2026-06-02,2082.831299,10.000000,2070.036621,50.000000,0.000000,0.000000,0.000000,0.000000,0.000000,2093.882324,50.000000,0.000000,0.000000,0.000000,0.000000,0.000000,2115.702148,50.000000,0.000000,0.000000,0.000000,0.000000,0.000000,0.000000,0.000000,0.000000,0.000000,112485.609375,112485.609375
ml,mean,-1,2026-06-03,2082.842773,10.000000,2070.036621,50.000000,0.000000,0.000000,0.000000,0.000000,0.000000,2094.240723,50.000000,0.000000,0.000000,0.000000,0.000000,0.000000,2115.968750,50.000000,0.000000,0.000000,0.000000,0.000000,0.000000,0.000000,0.000000,0.000000,0.000000,111450.921875,111450.921875
ml,mean,-1,2026-06-04,2082.293945,10.000000,2070.036621,50.000000,0.000000,0.000000,0.000000,0.000000,0.000000,2092.990479,50.000000,0.000000,0.000000,0.000000,0.000000,0.000000,2114.683350,50.000000,0.000000,0.000000,0.000000,0.000000,0.000000,0.000000,0.000000,0.000000,0.000000,109201.406250,109201.406250
ml,mean,-1,2026-06-05,2082.515137,10.000000,2070.036621,50.000000,0.000000,0.000000,0.000000,0.000000,0.000000,2092.622559,50.000000,0.000000,0.000000,0.000000,0.000000,0.000000,2114.322510,50.000000,0.000000,0.000000,0.000000,0.000000,0.000000,0.000000,0.000000,0.000000,0.000000,108784.539062,108784.539062
ml,mean,-1,2026-06-06,2083.107422,10.000000,2070.036621,50.000000,0.000000,0.000000,0.000000,0.000000,0.000000,2094.097412,50.000000,0.000000,0.000000,0.000000,0.000000,0.000000,2115.702393,50.000000,0.000000,0.000000,0.000000,0.000000,0.000000,0.000000,0.000000,0.000000,0.000000,109344.492188,109344.492188
ml,mean,-1,2026-06-07,2084.095703,10.000000,2070.036621,50.000000,0.000000,0.000000,0.000000,0.000000,0.000000,2094.513672,50.000000,0.000000,0.000000,0.000000,0.000000,0.000000,2116.068848,50.000000,0.000000,0.000000,0.000000,0.000000,0.000000,0.000000,0.000000,0.000000,0.000000,110780.500000,110780.500000
ml,mean,-1,2026-06-08,2083.652588,10.000000,2070.036621,50.000000,0.000000,0.000000,0.000000,0.000000,0.000000,2094.721191,50.000000,0.000000,0.000000,0.000000,0.000000,0.000000,2116.065918,50.000000,0.000000,0.000000,0.000000,0.000000,0.000000,0.000000,0.000000,0.000000,0.000000,108664.343750,108664.343750
ml,mean,-1,2026-06-09,2082.648438,10.000000,2070.036621,50.000000,0.000000,0.000000,0.000000,0.000000,0.000000,2093.080078,50.000000,0.000000,0.000000,0.000000,0.000000,0.000000,2114.398926,50.000000,0.000000,0.000000,0.000000,0.000000,0.000000,0.000000,0.000000,0.000000,0.000000,105243.500000,105243.500000
ml,mean,-1,2026-06-10,2082.239990,10.000000,2070.036621,50.000000,0.000000,0.000000,0.000000,0.000000,0.000000,2092.903564,50.000000,0.000000,0.000000,0.000000,0.000000,0.000000,2114.188232,50.000000,0.000000,0.000000,0.000000,0.000000,0.000000,0.000000,0.000000,0.000000,0.000000,103264.359375,103264.359375
ml,mean,-1,2026-06-11,2082.808838,10.000000,2070.036621,50.000000,0.000000,0.000000,0.000000,0.000000,0.000000,2092.389160,50.000000,0.000000,0.000000,0.000000,0.000000,0.000000,2113.602295,50.000000,0.000000,0.000000,0.000000,0.000000,0.000000,0.000000,0.000000,0.000000,0.000000,103775.414062,103775.414062
ml,mean,-1,2026-06-12,2083.000488,10.000000,2070.036621,50.000000,0.000000,0.000000,0.000000,0.000000,0.000000,2092.399414,50.000000,0.000000,0.000000,0.000000,0.000000,0.000000,2113.478516,50.000000,0.000000,0.000000,0.000000,0.000000,0.000000,0.000000,0.000000,0.000000,0.000000,103156.773438,103156.773438
ml,mean,-1,2026-06-13,2082.747559,10.000000,2070.036621,50.000000,0.000000,0.000000,0.000000,0.000000,0.000000,2092.133301,50.000000,0.000000,0.000000,0.000000,0.000000,0.000000,2113.130127,50.000000,0.000000,0.000000,0.000000,0.000000,0.000000,0.000000,0.000000,0.000000,0.000000,101467.421875,101467.421875
ml,mean,-1,2026-06-14,2082.921387,10.000000,2070.036621,50.000000,0.000000,0.000000,0.000000,0.000000,0.000000,2092.114502,50.000000,0.000000,0.000000,0.000000,0.000000,0.000000,2113.145996,50.000000,0.000000,0.000000,0.000000,0.000000,0.000000,0.000000,0.000000,0.000000,0.000000,101009.843750,101009.843750
ml,mean,-1,2026-06-15,2083.246582,10.000000,2070.036621,50.000000,0.000000,0.000000,0.000000,0.000000,0.000000,2092.342285,50.000000,0.000000,0.000000,0.000000,0.000000,0.000000,2113.333008,50.000000,0.000000,0.000000,0.000000,0.000000,0.000000,0.000000,0.000000,0.000000,0.000000,100855.914062,100855.914062
ml,mean,-1,2026-06-16,2083.434326,10.000000,2070.036621,50.000000,0.000000,0.000000,0.000000,0.000000,0.000000,2092.382324,50.000000,0.000000,0.000000,0.000000,0.000000,0.000000,2113.309326,50.000000,0.000000,0.000000,0.000000,0.000000,0.000000,0.000000,0.000000,0.000000,0.000000,100303.453125,100303.453125
ml,mean,-1,2026-06-17,2084.651855,10.000000,2070.036621,50.000000,0.000000,0.000000,0.000000,0.000000,0.000000,2093.323730,50.000000,0.000000,0.000000,0.000000,0.000000,0.000000,2114.190918,50.000000,0.000000,0.000000,0.000000,0.000000,0.000000,0.000000,0.000000,0.000000,0.000000,102418.492188,102418.492188
ml,mean,-1,2026-06-18,2085.328125,10.000000,2070.036621,50.000000,0.000000,0.000000,0.000000,0.000000,0.000000,2094.252930,50.000000,0.000000,0.000000,0.000000,0.000000,0.000000,2115.043945,50.000000,0.000000,0.000000,0.000000,0.000000,0.000000,0.000000,0.000000,0.000000,0.000000,103118.945312,103118.945312
ml,mean,-1,2026-06-19,2086.125732,10.000000,2070.036621,50.000000,0.000000,0.000000,0.000000,0.000000,0.000000,2094.847900,50.000000,0.000000,0.000000,0.000000,0.000000,0.000000,2115.715820,50.000000,0.000000,0.000000,0.000000,0.000000,0.000000,0.000000,0.000000,0.000000,0.000000,104120.539062,104120.539062
ml,mean,-1,2026-06-20,2086.480469,10.000000,2070.036621,50.000000,0.000000,0.000000,0.000000,0.000000,0.000000,2094.524658,50.000000,0.000000,0.000000,0.000000,0.000000,0.000000,2115.427734,50.000000,0.000000,0.000000,0.000000,0.000000,0.000000,0.000000,0.000000,0.000000,0.000000,104177.070312,104177.070312
ml,mean,-1,2026-06-21,2087.659424,10.000000,2070.036621,50.000000,0.000000,0.000000,0.000000,0.000000,0.000000,2095.799805,50.000000,0.000000,0.000000,0.000000,0.000000,0.000000,2116.617188,50.000000,0.000000,0.000000,0.000000,0.000000,0.000000,0.000000,0.000000,0.000000,0.000000,106171.343750,106171.343750
ml,mean,-1,2026-06-22,2089.033447,10.000000,2070.036621,50.000000,0.000000,0.000000,0.000000,0.000000,0.000000,2096.495361,50.000000,0.000000,0.000000,0.000000,0.000000,0.000000,2117.309570,50.000000,0.000000,0.000000,0.000000,0.000000,0.000000,0.000000,0.000000,0.000000,0.000000,108606.617188,108606.617188
ml,mean,-1,2026-06-23,2089.274658,10.000000,2070.036621,50.000000,0.000000,0.000000,0.000000,0.000000,0.000000,2096.486084,50.000000,0.000000,0.000000,0.000000,0.000000,0.000000,2117.355469,50.000000,0.000000,0.000000,0.000000,0.000000,0.000000,0.000000,0.000000,0.000000,0.000000,108210.789062,108210.789062
ml,mean,-1,2026-06-24,2089.405029,10.000000,2070.036621,50.000000,0.000000,0.000000,0.000000,0.000000,0.000000,2096.695068,50.000000,0.000000,0.000000,0.000000,0.000000,0.000000,2117.487549,50.000000,0.000000,0.000000,0.000000,0.000000,0.000000,0.000000,0.000000,0.000000,0.000000,107556.687500,107556.687500
ml,mean,-1,2026-06-25,2091.216064,10.000000,2070.036621,50.000000,0.000000,0.000000,0.000000,0.000000,0.000000,2098.031250,50.000000,0.000000,0.000000,0.000000,0.000000,0.000000,2118.764893,50.000000,0.000000,0.000000,0.000000,0.000000,0.000000,0.000000,0.000000,0.000000,0.000000,111111.367188,111111.367188
ml,mean,-1,2026-06-26,2090.856445,10.000000,2070.036621,50.000000,0.000000,0.000000,0.000000,0.000000,0.000000,2098.091553,50.000000,0.000000,0.000000,0.000000,0.000000,0.000000,2118.764404,50.000000,0.000000,0.000000,0.000000,0.000000,0.000000,0.000000,0.000000,0.000000,0.000000,109227.406250,109227.406250
ml,mean,-1,2026-06-27,2090.534180,10.000000,2070.036621,50.000000,0.000000,0.000000,0.000000,0.000000,0.000000,2097.193848,50.000000,0.000000,0.000000,0.000000,0.000000,0.000000,2117.906982,50.000000,0.000000,0.000000,0.000000,0.000000,0.000000,0.000000,0.000000,0.000000,0.000000,107460.640625,107460.640625
ml,mean,-1,2026-06-28,2090.969727,10.000000,2070.036621,50.000000,0.000000,0.000000,0.000000,0.000000,0.000000,2097.236084,50.000000,0.000000,0.000000,0.000000,0.000000,0.000000,2117.802490,50.000000,0.000000,0.000000,0.000000,0.000000,0.000000,0.000000,0.000000,0.000000,0.000000,107545.140625,107545.140625
ml,mean,-1,2026-06-29,2091.816650,10.000000,2070.036621,50.000000,0.000000,0.000000,0.000000,0.000000,0.000000,2097.614014,50.000000,0.000000,0.000000,0.000000,0.000000,0.000000,2118.204590,50.000000,0.000000,0.000000,0.000000,0.000000,0.000000,0.000000,0.000000,0.000000,0.000000,108722.234375,108722.234375
ml,mean,-1,2026-06-30,2091.764893,10.000000,2070.036621,50.000000,0.000000,0.000000,0.000000,0.000000,0.000000,2097.013184,50.000000,0.000000,0.000000,0.000000,0.000000,0.000000,2117.596191,50.000000,0.000000,0.000000,0.000000,0.000000,0.000000,0.000000,0.000000,0.000000,0.000000,107669.906250,107669.906250
ml,mean,-1,2026-07-01,2092.913574,10.000000,2070.036621,50.000000,0.000000,0.000000,0.000000,0.000000,0.000000,2099.071289,50.000000,0.000000,0.000000,0.000000,0.000000,0.000000,2119.688721,50.000000,0.000000,0.000000,0.000000,0.000000,0.000000,0.000000,0.000000,0.000000,0.000000,109550.265625,109550.265625
ml,mean,-1,2026-07-02,2094.014893,10.000000,2070.036621,50.000000,0.000000,0.000000,0.000000,0.000000,0.000000,2099.473877,50.000000,0.000000,0.000000,0.000000,0.000000,0.000000,2120.130615,50.000000,0.000000,0.000000,0.000000,0.000000,0.000000,0.000000,0.000000,0.000000,0.000000,111257.679688,111257.679688
ml,mean,-1,2026-07-03,2094.148193,10.000000,2070.036621,50.000000,0.000000,0.000000,0.000000,0.000000,0.000000,2099.180176,50.000000,0.000000,0.000000,0.000000,0.000000,0.000000,2119.756348,50.000000,0.000000,0.000000,0.000000,0.000000,0.000000,0.000000,0.000000,0.000000,0.000000,110669.187500,110669.187500
ml,mean,-1,2026-07-04,2093.741455,10.000000,2070.036621,50.000000,0.000000,0.000000,0.000000,0.000000,0.000000,2098.319336,50.000000,0.000000,0.000000,0.000000,0.000000,0.000000,2118.904541,50.000000,0.000000,0.000000,0.000000,0.000000,0.000000,0.000000,0.000000,0.000000,0.000000,108968.890625,108968.890625
ml,mean,-1,2026-07-05,2095.481445,10.000000,2070.036621,50.000000,0.000000,0.000000,0.000000,0.000000,0.000000,2100.507080,50.000000,0.000000,0.000000,0.000000,0.000000,0.000000,2121.032227,50.000000,0.000000,0.000000,0.000000,0.000000,0.000000,0.000000,0.000000,0.000000,0.000000,111874.507812,111874.507812
ml,mean,-1,2026-07-06,2094.379639,10.000000,2070.036621,50.000000,0.000000,0.000000,0.000000,0.000000,0.000000,2099.617432,50.000000,0.000000,0.000000,0.000000,0.000000,0.000000,2120.089111,50.000000,0.000000,0.000000,0.000000,0.000000,0.000000,0.000000,0.000000,0.000000,0.000000,108608.796875,108608.796875
ml,mean,-1,2026-07-07,2095.134033,10.000000,2070.036621,50.000000,0.000000,0.000000,0.000000,0.000000,0.000000,2099.636719,50.000000,0.000000,0.000000,0.000000,0.000000,0.000000,2120.167969,50.000000,0.000000,0.000000,0.000000,0.000000,0.000000,0.000000,0.000000,0.000000,0.000000,109348.648438,109348.648438
ml,mean,-1,2026-07-08,2094.789062,10.000000,2070.036621,50.000000,0.000000,0.000000,0.000000,0.000000,0.000000,2098.897461,50.000000,0.000000,0.000000,0.000000,0.000000,0.000000,2119.413330,50.000000,0.000000,0.000000,0.000000,0.000000,0.000000,0.000000,0.000000,0.000000,0.000000,107914.500000,107914.500000
ml,mean,-1,2026-07-09,2095.236572,10.000000,2070.036621,50.000000,0.000000,0.000000,0.000000,0.000000,0.000000,2099.110840,50.000000,0.000000,0.000000,0.000000,0.000000,0.000000,2119.572266,50.000000,0.000000,0.000000,0.000000,0.000000,0.000000,0.000000,0.000000,0.000000,0.000000,108044.609375,108044.609375
ml,mean,-1,2026-07-10,2095.566895,10.000000,2070.036621,50.000000,0.000000,0.000000,0.000000,0.000000,0.000000,2099.836914,50.000000,0.000000,0.000000,0.000000,0.000000,0.000000,2120.190430,50.000000,0.000000,0.000000,0.000000,0.000000,0.000000,0.000000,0.000000,0.000000,0.000000,107940.468750,107940.468750
ml,mean,-1,2026-07-11,2095.485352,10.000000,2070.036621,50.000000,0.000000,0.000000,0.000000,0.000000,0.000000,2099.638916,50.000000,0.000000,0.000000,0.000000,0.000000,0.000000,2119.968262,50.000000,0.000000,0.000000,0.000000,0.000000,0.000000,0.000000,0.000000,0.000000,0.000000,107186.679688,107186.679688
ml,mean,-1,2026-07-12,2095.084473,10.000000,2070.036621,50.000000,0.000000,0.000000,0.000000,0.000000,0.000000,2098.248535,50.000000,0.000000,0.000000,0.000000,0.000000,0.000000,2118.508057,50.000000,0.000000,0.000000,0.000000,0.000000,0.000000,0.000000,0.000000,0.000000,0.000000,105913.820312,105913.820312
ml,mean,-1,2026-07-13,2096.121826,10.000000,2070.036621,50.000000,0.000000,0.000000,0.000000,0.000000,0.000000,2099.173828,50.000000,0.000000,0.000000,0.000000,0.000000,0.000000,2119.447998,50.000000,0.000000,0.000000,0.000000,0.000000,0.000000,0.000000,0.000000,0.000000,0.000000,106983.070312,106983.070312
ml,mean,-1,2026-07-14,2096.845947,10.000000,2070.036621,50.000000,0.000000,0.000000,0.000000,0.000000,0.000000,2099.112549,50.000000,0.000000,0.000000,0.000000,0.000000,0.000000,2119.420410,50.000000,0.000000,0.000000,0.000000,0.000000,0.000000,0.000000,0.000000,0.000000,0.000000,107488.562500,107488.562500
ml,mean,-1,2026-07-15,2097.169189,10.000000,2070.036621,50.000000,0.000000,0.000000,0.000000,0.000000,0.000000,2100.629639,50.000000,0.000000,0.000000,0.000000,0.000000,0.000000,2120.935791,50.000000,0.000000,0.000000,0.000000,0.000000,0.000000,0.000000,0.000000,0.000000,0.000000,107388.906250,107388.906250
ml,mean,-1,2026-07-16,2097.892822,10.000000,2070.036621,50.000000,0.000000,0.000000,0.000000,0.000000,0.000000,2101.297363,50.000000,0.000000,0.000000,0.000000,0.000000,0.000000,2121.515381,50.000000,0.000000,0.000000,0.000000,0.000000,0.000000,0.000000,0.000000,0.000000,0.000000,107836.468750,107836.468750
ml,mean,-1,2026-07-17,2097.804199,10.000000,2070.036621,50.000000,0.000000,0.000000,0.000000,0.000000,0.000000,2101.457275,50.000000,0.000000,0.000000,0.000000,0.000000,0.000000,2121.676514,50.000000,0.000000,0.000000,0.000000,0.000000,0.000000,0.000000,0.000000,0.000000,0.000000,107271.257812,107271.257812
ml,mean,-1,2026-07-18,2097.606689,10.000000,2070.036621,50.000000,0.000000,0.000000,0.000000,0.000000,0.000000,2100.864014,50.000000,0.000000,0.000000,0.000000,0.000000,0.000000,2121.074707,50.000000,0.000000,0.000000,0.000000,0.000000,0.000000,0.000000,0.000000,0.000000,0.000000,106636.210938,106636.210938
ml,mean,-1,2026-07-19,2097.040039,10.000000,2070.036621,50.000000,0.000000,0.000000,0.000000,0.000000,0.000000,2098.598633,50.000000,0.000000,0.000000,0.000000,0.000000,0.000000,2118.754150,50.000000,0.000000,0.000000,0.000000,0.000000,0.000000,0.000000,0.000000,0.000000,0.000000,105592.562500,105592.562500
ml,mean,-1,2026-07-20,2097.678955,10.000000,2070.036621,50.000000,0.000000,0.000000,0.000000,0.000000,0.000000,2099.395508,50.000000,0.000000,0.000000,0.000000,0.000000,0.000000,2119.525879,50.000000,0.000000,0.000000,0.000000,0.000000,0.000000,0.000000,0.000000,0.000000,0.000000,105859.296875,105859.296875
ml,mean,-1,2026-07-21,2098.054688,10.000000,2070.036621,50.000000,0.000000,0.000000,0.000000,0.000000,0.000000,2099.338379,50.000000,0.000000,0.000000,0.000000,0.000000,0.000000,2119.417969,50.000000,0.000000,0.000000,0.000000,0.000000,0.000000,0.000000,0.000000,0.000000,0.000000,105845.828125,105845.828125
ml,mean,-1,2026-07-22,2098.519775,10.000000,2070.036621,50.000000,0.000000,0.000000,0.000000,0.000000,0.000000,2100.093018,50.000000,0.000000,0.000000,0.000000,0.000000,0.000000,2120.178711,50.000000,0.000000,0.000000,0.000000,0.000000,0.000000,0.000000,0.000000,0.000000,0.000000,105918.578125,105918.578125
ml,mean,-1,2026-07-23,2098.531250,10.000000,2070.036621,50.000000,0.000000,0.000000,0.000000,0.000000,0.000000,2100.333008,50.000000,0.000000,0.000000,0.000000,0.000000,0.000000,2120.399414,50.000000,0.000000,0.000000,0.000000,0.000000,0.000000,0.000000,0.000000,0.000000,0.000000,105638.937500,105638.937500
ml,mean,-1,2026-07-24,2098.563232,10.000000,2070.036621,50.000000,0.000000,0.000000,0.000000,0.000000,0.000000,2099.680420,50.000000,0.000000,0.000000,0.000000,0.000000,0.000000,2119.752197,50.000000,0.000000,0.000000,0.000000,0.000000,0.000000,0.000000,0.000000,0.000000,0.000000,105413.750000,105413.750000
ml,mean,-1,2026-07-25,2099.474854,10.000000,2070.036621,50.000000,0.000000,0.000000,0.000000,0.000000,0.000000,2099.932861,50.000000,0.000000,0.000000,0.000000,0.000000,0.000000,2120.017090,50.000000,0.000000,0.000000,0.000000,0.000000,0.000000,0.000000,0.000000,0.000000,0.000000,105702.593750,105702.593750
ml,mean,-1,2026-07-26,2100.260010,10.000000,2070.036621,50.000000,0.000000,0.000000,0.000000,0.000000,0.000000,2101.287109,50.000000,0.000000,0.000000,0.000000,0.000000,0.000000,2121.319092,50.000000,0.000000,0.000000,0.000000,0.000000,0.000000,0.000000,0.000000,0.000000,0.000000,105922.906250,105922.906250
ml,mean,-1,2026-07-27,2100.012451,10.000000,2070.036621,50.000000,0.000000,0.000000,0.000000,0.000000,0.000000,2100.462402,50.000000,0.000000,0.000000,0.000000,0.000000,0.000000,2120.461182,50.000000,0.000000,0.000000,0.000000,0.000000,0.000000,0.000000,0.000000,0.000000,0.000000,105583.554688,105583.554688
ml,mean,-1,2026-07-28,2099.371582,10.000000,2070.036621,50.000000,0.000000,0.000000,0.000000,0.000000,0.000000,2099.347168,50.000000,0.000000,0.000000,0.000000,0.000000,0.000000,2119.299805,50.000000,0.000000,0.000000,0.000000,0.000000,0.000000,0.000000,0.000000,0.000000,0.000000,105142.015625,105142.015625
ml,mean,-1,2026-07-29,2098.205566,10.000000,2070.036621,50.000000,0.000000,0.000000,0.000000,0.000000,0.000000,2098.011719,50.000000,0.000000,0.000000,0.000000,0.000000,0.000000,2117.898193,50.000000,0.000000,0.000000,0.000000,0.000000,0.000000,0.000000,0.000000,0.000000,0.000000,104642.835938,104642.835938
ml,mean,-1,2026-07-30,2098.141113,10.000000,2070.036621,50.000000,0.000000,0.000000,0.000000,0.000000,0.000000,2098.011719,50.000000,0.000000,0.000000,0.000000,0.000000,0.000000,2117.226074,50.000000,0.000000,0.000000,0.000000,0.000000,0.000000,0.000000,0.000000,0.000000,0.000000,104552.484375,104552.484375
ml,mean,-1,2026-07-31,2098.841797,10.000000,2070.036621,50.000000,0.000000,0.000000,0.000000,0.000000,0.000000,2098.011719,50.000000,0.000000,0.000000,0.000000,0.000000,0.000000,2118.147461,50.000000,0.000000,0.000000,0.000000,0.000000,0.000000,0.000000,0.000000,0.000000,0.000000,104615.867188,104615.867188
ml,mean,-1,2026-08-01,2099.302979,10.000000,2070.036621,50.000000,0.000000,0.000000,0.000000,0.000000,0.000000,2098.011719,50.000000,0.000000,0.000000,0.000000,0.000000,0.000000,2118.507324,50.000000,0.000000,0.000000,0.000000,0.000000,0.000000,0.000000,0.000000,0.000000,0.000000,104626.304688,104626.304688
ml,mean,-1,2026-08-02,2100.114502,10.000000,2070.036621,50.000000,0.000000,0.000000,0.000000,0.000000,0.000000,2098.011719,50.000000,0.000000,0.000000,0.000000,0.000000,0.000000,2119.078613,50.000000,0.000000,0.000000,0.000000,0.000000,0.000000,0.000000,0.000000,0.000000,0.000000,104636.515625,104636.515625
ml,mean,-1,2026-08-03,2099.845215,10.000000,2070.036621,50.000000,0.000000,0.000000,0.000000,0.000000,0.000000,2098.011719,50.000000,0.000000,0.000000,0.000000,0.000000,0.000000,2118.599121,50.000000,0.000000,0.000000,0.000000,0.000000,0.000000,0.000000,0.000000,0.000000,0.000000,104646.828125,104646.828125
ml,mean,-1,2026-08-04,2099.528320,10.000000,2070.036621,50.000000,0.000000,0.000000,0.000000,0.000000,0.000000,2098.011719,50.000000,0.000000,0.000000,0.000000,0.000000,0.000000,2117.737549,50.000000,0.000000,0.000000,0.000000,0.000000,0.000000,0.000000,0.000000,0.000000,0.000000,104657.070312,104657.070312
ml,mean,-1,2026-08-05,2099.931152,10.000000,2070.036621,50.000000,0.000000,0.000000,0.000000,0.000000,0.000000,2098.011719,50.000000,0.000000,0.000000,0.000000,0.000000,0.000000,2117.902832,50.000000,0.000000,0.000000,0.000000,0.000000,0.000000,0.000000,0.000000,0.000000,0.000000,104667.210938,104667.210938
ml,mean,-1,2026-08-06,2100.075439,10.000000,2070.036621,50.000000,0.000000,0.000000,0.000000,0.000000,0.000000,2098.011719,50.000000,0.000000,0.000000,0.000000,0.000000,0.000000,2118.510254,50.000000,0.000000,0.000000,0.000000,0.000000,0.000000,0.000000,0.000000,0.000000,0.000000,104667.210938,104667.210938
ml,mean,-1,2026-08-07,2100.295898,10.000000,2070.036621,50.000000,0.000000,0.000000,0.000000,0.000000,0.000000,2098.011719,50.000000,0.000000,0.000000,0.000000,0.000000,0.000000,2118.695312,50.000000,0.000000,0.000000,0.000000,0.000000,0.000000,0.000000,0.000000,0.000000,0.000000,104667.210938,104667.210938
ml,mean,-1,2026-08-08,2102.867676,10.000000,2070.036621,50.000000,0.000000,0.000000,0.000000,0.000000,0.000000,2098.011719,50.000000,0.000000,0.000000,0.000000,0.000000,0.000000,2121.194580,50.000000,0.000000,0.000000,0.000000,0.000000,0.000000,0.000000,0.000000,0.000000,0.000000,104667.210938,104667.210938
ml,mean,-1,2026-08-09,2103.603271,10.000000,2070.036621,50.000000,0.000000,0.000000,0.000000,0.000000,0.000000,2098.011719,50.000000,0.000000,0.000000,0.000000,0.000000,0.000000,2121.342285,50.000000,0.000000,0.000000,0.000000,0.000000,0.000000,0.000000,0.000000,0.000000,0.000000,104667.210938,104667.210938
ml,mean,-1,2026-08-10,2104.107666,10.000000,2070.036621,50.000000,0.000000,0.000000,0.000000,0.000000,0.000000,2098.011719,50.000000,0.000000,0.000000,0.000000,0.000000,0.000000,2120.639648,50.000000,0.000000,0.000000,0.000000,0.000000,0.000000,0.000000,0.000000,0.000000,0.000000,104667.210938,104667.210938
ml,mean,-1,2026-08-11,2103.541016,10.000000,2070.036621,50.000000,0.000000,0.000000,0.000000,0.000000,0.000000,2098.011719,50.000000,0.000000,0.000000,0.000000,0.000000,0.000000,2120.251465,50.000000,0.000000,0.000000,0.000000,0.000000,0.000000,0.000000,0.000000,0.000000,0.000000,104667.210938,104667.210938
ml,mean,-1,2026-08-12,2105.075684,10.000000,2070.036621,50.000000,0.000000,0.000000,0.000000,0.000000,0.000000,2098.011719,50.000000,0.000000,0.000000,0.000000,0.000000,0.000000,2122.005615,50.000000,0.000000,0.000000,0.000000,0.000000,0.000000,0.000000,0.000000,0.000000,0.000000,104667.210938,104667.210938
ml,mean,-1,2026-08-13,2105.913574,10.000000,2070.036621,50.000000,0.000000,0.000000,0.000000,0.000000,0.000000,2098.011719,50.000000,0.000000,0.000000,0.000000,0.000000,0.000000,2122.395752,50.000000,0.000000,0.000000,0.000000,0.000000,0.000000,0.000000,0.000000,0.000000,0.000000,104667.210938,104667.210938
ml,mean,-1,2026-08-14,2106.511475,10.000000,2070.036621,50.000000,0.000000,0.000000,0.000000,0.000000,0.000000,2098.011719,50.000000,0.000000,0.000000,0.000000,0.000000,0.000000,2122.532471,50.000000,0.000000,0.000000,0.000000,0.000000,0.000000,0.000000,0.000000,0.000000,0.000000,104667.210938,104667.210938
ml,mean,-1,2026-08-15,2105.754883,10.000000,2070.036621,50.000000,0.000000,0.000000,0.000000,0.000000,0.000000,2098.011719,50.000000,0.000000,0.000000,0.000000,0.000000,0.000000,2121.404297,50.000000,0.000000,0.000000,0.000000,0.000000,0.000000,0.000000,0.000000,0.000000,0.000000,104667.210938,104667.210938
ml,mean,-1,2026-08-16,2106.435547,10.000000,2070.036621,50.000000,0.000000,0.000000,0.000000,0.000000,0.000000,2098.011719,50.000000,0.000000,0.000000,0.000000,0.000000,0.000000,2121.908691,50.000000,0.000000,0.000000,0.000000,0.000000,0.000000,0.000000,0.000000,0.000000,0.000000,104667.210938,104667.210938
ml,mean,-1,2026-08-17,2107.963867,10.000000,2070.036621,50.000000,0.000000,0.000000,0.000000,0.000000,0.000000,2098.011719,50.000000,0.000000,0.000000,0.000000,0.000000,0.000000,2123.769043,50.000000,0.000000,0.000000,0.000000,0.000000,0.000000,0.000000,0.000000,0.000000,0.000000,104667.210938,104667.210938
ml,mean,-1,2026-08-18,2109.121826,10.000000,2070.036621,50.000000,0.000000,0.000000,0.000000,0.000000,0.000000,2098.011719,50.000000,0.000000,0.000000,0.000000,0.000000,0.000000,2124.800049,50.000000,0.000000,0.000000,0.000000,0.000000,0.000000,0.000000,0.000000,0.000000,0.000000,104667.210938,104667.210938
ml,mean,-1,2026-08-19,2110.139648,10.000000,2070.036621,50.000000,0.000000,0.000000,0.000000,0.000000,0.000000,2098.011719,50.000000,0.000000,0.000000,0.000000,0.000000,0.000000,2125.370605,50.000000,0.000000,0.000000,0.000000,0.000000,0.000000,0.000000,0.000000,0.000000,0.000000,104667.210938,104667.210938
ml,mean,-1,2026-08-20,2112.256836,10.000000,2070.036621,50.000000,0.000000,0.000000,0.000000,0.000000,0.000000,2098.011719,50.000000,0.000000,0.000000,0.000000,0.000000,0.000000,2128.331543,50.000000,0.000000,0.000000,0.000000,0.000000,0.000000,0.000000,0.000000,0.000000,0.000000,104667.210938,104667.210938
ml,mean,-1,2026-08-21,2112.465088,10.000000,2070.036621,50.000000,0.000000,0.000000,0.000000,0.000000,0.000000,2098.011719,50.000000,0.000000,0.000000,0.000000,0.000000,0.000000,2127.700928,50.000000,0.000000,0.000000,0.000000,0.000000,0.000000,0.000000,0.000000,0.000000,0.000000,104667.210938,104667.210938
ml,mean,-1,2026-08-22,2114.320557,10.000000,2070.036621,50.000000,0.000000,0.000000,0.000000,0.000000,0.000000,2098.011719,50.000000,0.000000,0.000000,0.000000,0.000000,0.000000,2128.977539,50.000000,0.000000,0.000000,0.000000,0.000000,0.000000,0.000000,0.000000,0.000000,0.000000,104667.210938,104667.210938
ml,mean,-1,2026-08-23,2115.076660,10.000000,2070.036621,50.000000,0.000000,0.000000,0.000000,0.000000,0.000000,2098.011719,50.000000,0.000000,0.000000,0.000000,0.000000,0.000000,2128.913330,50.000000,0.000000,0.000000,0.000000,0.000000,0.000000,0.000000,0.000000,0.000000,0.000000,104667.210938,104667.210938
ml,mean,-1,2026-08-24,2115.746094,10.000000,2070.036621,50.000000,0.000000,0.000000,0.000000,0.000000,0.000000,2098.011719,50.000000,0.000000,0.000000,0.000000,0.000000,0.000000,2129.411133,50.000000,0.000000,0.000000,0.000000,0.000000,0.000000,0.000000,0.000000,0.000000,0.000000,104667.210938,104667.210938
ml,mean,-1,2026-08-25,2117.671387,10.000000,2070.036621,50.000000,0.000000,0.000000,0.000000,0.000000,0.000000,2098.011719,50.000000,0.000000,0.000000,0.000000,0.000000,0.000000,2131.739258,50.000000,0.000000,0.000000,0.000000,0.000000,0.000000,0.000000,0.000000,0.000000,0.000000,104667.210938,104667.210938
ml,mean,-1,2026-08-26,2118.307617,10.000000,2070.036621,50.000000,0.000000,0.000000,0.000000,0.000000,0.000000,2098.011719,50.000000,0.000000,0.000000,0.000000,0.000000,0.000000,2132.303223,50.000000,0.000000,0.000000,0.000000,0.000000,0.000000,0.000000,0.000000,0.000000,0.000000,104667.210938,104667.210938
ml,mean,-1,2026-08-27,2119.332520,10.000000,2070.036621,50.000000,0.000000,0.000000,0.000000,0.000000,0.000000,2098.011719,50.000000,0.000000,0.000000,0.000000,0.000000,0.000000,2132.688965,50.000000,0.000000,0.000000,0.000000,0.000000,0.000000,0.000000,0.000000,0.000000,0.000000,104667.210938,104667.210938
ml,mean,-1,2026-08-28,2120.080322,10.000000,2070.036621,50.000000,0.000000,0.000000,0.000000,0.000000,0.000000,2098.011719,50.000000,0.000000,0.000000,0.000000,0.000000,0.000000,2133.909180,50.000000,0.000000,0.000000,0.000000,0.000000,0.000000,0.000000,0.000000,0.000000,0.000000,104667.210938,104667.210938
ml,mean,-1,2026-08-29,2121.284424,10.000000,2070.036621,50.000000,0.000000,0.000000,0.000000,0.000000,0.000000,2098.011719,50.000000,0.000000,0.000000,0.000000,0.000000,0.000000,2135.074463,50.000000,0.000000,0.000000,0.000000,0.000000,0.000000,0.000000,0.000000,0.000000,0.000000,104667.210938,104667.210938
ml,mean,-1,2026-08-30,2122.956299,10.000000,2070.036621,50.000000,0.000000,0.000000,0.000000,0.000000,0.000000,2098.011719,50.000000,0.000000,0.000000,0.000000,0.000000,0.000000,2135.570068,50.000000,0.000000,0.000000,0.000000,0.000000,0.000000,0.000000,0.000000,0.000000,0.000000,104667.210938,104667.210938
ml,mean,-1,2026-08-31,2122.450439,10.000000,2070.036621,50.000000,0.000000,0.000000,0.000000,0.000000,0.000000,2098.011719,50.000000,0.000000,0.000000,0.000000,0.000000,0.000000,2135.265137,50.000000,0.000000,0.000000,0.000000,0.000000,0.000000,0.000000,0.000000,0.000000,0.000000,104667.210938,104667.210938
ml,mean,-1,2026-09-01,2121.736816,10.000000,2070.036621,50.000000,0.000000,0.000000,0.000000,0.000000,0.000000,2098.011719,50.000000,0.000000,0.000000,0.000000,0.000000,0.000000,2133.915527,50.000000,0.000000,0.000000,0.000000,0.000000,0.000000,0.000000,0.000000,0.000000,0.000000,104667.210938,104667.210938
ml,mean,-1,2026-09-02,2122.253418,10.000000,2070.036621,50.000000,0.000000,0.000000,0.000000,0.000000,0.000000,2098.011719,50.000000,0.000000,0.000000,0.000000,0.000000,0.000000,2134.631592,50.000000,0.000000,0.000000,0.000000,0.000000,0.000000,0.000000,0.000000,0.000000,0.000000,104667.210938,104667.210938
ml,mean,-1,2026-09-03,2122.148438,10.000000,2070.036621,50.000000,0.000000,0.000000,0.000000,0.000000,0.000000,2098.011719,50.000000,0.000000,0.000000,0.000000,0.000000,0.000000,2134.689209,50.000000,0.000000,0.000000,0.000000,0.000000,0.000000,0.000000,0.000000,0.000000,0.000000,104667.210938,104667.210938
ml,mean,-1,2026-09-04,2121.604980,10.000000,2070.036621,50.000000,0.000000,0.000000,0.000000,0.000000,0.000000,2098.011719,50.000000,0.000000,0.000000,0.000000,0.000000,0.000000,2133.541016,50.000000,0.000000,0.000000,0.000000,0.000000,0.000000,0.000000,0.000000,0.000000,0.000000,104667.210938,104667.210938
ml,mean,-1,2026-09-05,2122.311279,10.000000,2070.036621,50.000000,0.000000,0.000000,0.000000,0.000000,0.000000,2098.011719,50.000000,0.000000,0.000000,0.000000,0.000000,0.000000,2133.914551,50.000000,0.000000,0.000000,0.000000,0.000000,0.000000,0.000000,0.000000,0.000000,0.000000,104667.210938,104667.210938
ml,mean,-1,2026-09-06,2122.718750,10.000000,2070.036621,50.000000,0.000000,0.000000,0.000000,0.000000,0.000000,2098.011719,50.000000,0.000000,0.000000,0.000000,0.000000,0.000000,2133.857178,50.000000,0.000000,0.000000,0.000000,0.000000,0.000000,0.000000,0.000000,0.000000,0.000000,104667.210938,104667.210938
ml,mean,-1,2026-09-07,2123.650635,10.000000,2070.036621,50.000000,0.000000,0.000000,0.000000,0.000000,0.000000,2098.011719,50.000000,0.000000,0.000000,0.000000,0.000000,0.000000,2135.097656,50.000000,0.000000,0.000000,0.000000,0.000000,0.000000,0.000000,0.000000,0.000000,0.000000,104667.210938,104667.210938
ml,mean,-1,2026-09-08,2122.871582,10.000000,2070.036621,50.000000,0.000000,0.000000,0.000000,0.000000,0.000000,2098.011719,50.000000,0.000000,0.000000,0.000000,0.000000,0.000000,2133.971436,50.000000,0.000000,0.000000,0.000000,0.000000,0.000000,0.000000,0.000000,0.000000,0.000000,104667.210938,104667.210938
ml,mean,-1,2026-09-09,2124.331787,10.000000,2070.036621,50.000000,0.000000,0.000000,0.000000,0.000000,0.000000,2098.011719,50.000000,0.000000,0.000000,0.000000,0.000000,0.000000,2135.831055,50.000000,0.000000,0.000000,0.000000,0.000000,0.000000,0.000000,0.000000,0.000000,0.000000,104667.210938,104667.210938
ml,mean,-1,2026-09-10,2124.341309,10.000000,2070.036621,50.000000,0.000000,0.000000,0.000000,0.000000,0.000000,2098.011719,50.000000,0.000000,0.000000,0.000000,0.000000,0.000000,2135.928223,50.000000,0.000000,0.000000,0.000000,0.000000,0.000000,0.000000,0.000000,0.000000,0.000000,104667.210938,104667.210938
ml,mean,-1,2026-09-11,2123.975586,10.000000,2070.036621,50.000000,0.000000,0.000000,0.000000,0.000000,0.000000,2098.011719,50.000000,0.000000,0.000000,0.000000,0.000000,0.000000,2134.979980,50.000000,0.000000,0.000000,0.000000,0.000000,0.000000,0.000000,0.000000,0.000000,0.000000,104667.210938,104667.210938
ml,mean,-1,2026-09-12,2124.671143,10.000000,2070.036621,50.000000,0.000000,0.000000,0.000000,0.000000,0.000000,2098.011719,50.000000,0.000000,0.000000,0.000000,0.000000,0.000000,2135.236328,50.000000,0.000000,0.000000,0.000000,0.000000,0.000000,0.000000,0.000000,0.000000,0.000000,104667.210938,104667.210938
ml,mean,-1,2026-09-13,2124.244385,10.000000,2070.036621,50.000000,0.000000,0.000000,0.000000,0.000000,0.000000,2098.011719,50.000000,0.000000,0.000000,0.000000,0.000000,0.000000,2134.028809,50.000000,0.000000,0.000000,0.000000,0.000000,0.000000,0.000000,0.000000,0.000000,0.000000,104667.210938,104667.210938
ml,mean,-1,2026-09-14,2125.113525,10.000000,2070.036621,50.000000,0.000000,0.000000,0.000000,0.000000,0.000000,2098.011719,50.000000,0.000000,0.000000,0.000000,0.000000,0.000000,2134.857178,50.000000,0.000000,0.000000,0.000000,0.000000,0.000000,0.000000,0.000000,0.000000,0.000000,104667.210938,104667.210938
ml,mean,-1,2026-09-15,2125.794434,10.000000,2070.036621,50.000000,0.000000,0.000000,0.000000,0.000000,0.000000,2098.011719,50.000000,0.000000,0.000000,0.000000,0.000000,0.000000,2135.386475,50.000000,0.000000,0.000000,0.000000,0.000000,0.000000,0.000000,0.000000,0.000000,0.000000,104667.210938,104667.210938
ml,mean,-1,2026-09-16,2125.982910,10.000000,2070.036621,50.000000,0.000000,0.000000,0.000000,0.000000,0.000000,2098.011719,50.000000,0.000000,0.000000,0.000000,0.000000,0.000000,2135.823730,50.000000,0.000000,0.000000,0.000000,0.000000,0.000000,0.000000,0.000000,0.000000,0.000000,104667.210938,104667.210938
ml,mean,-1,2026-09-17,2127.686035,10.000000,2070.036621,50.000000,0.000000,0.000000,0.000000,0.000000,0.000000,2098.011719,50.000000,0.000000,0.000000,0.000000,0.000000,0.000000,2137.075439,50.000000,0.000000,0.000000,0.000000,0.000000,0.000000,0.000000,0.000000,0.000000,0.000000,104667.210938,104667.210938
ml,mean,-1,2026-09-18,2126.952148,10.000000,2070.036621,50.000000,0.000000,0.000000,0.000000,0.000000,0.000000,2098.011719,50.000000,0.000000,0.000000,0.000000,0.000000,0.000000,2136.458008,50.000000,0.000000,0.000000,0.000000,0.000000,0.000000,0.000000,0.000000,0.000000,0.000000,104667.210938,104667.210938
ml,mean,-1,2026-09-19,2126.761230,10.000000,2070.036621,50.000000,0.000000,0.000000,0.000000,0.000000,0.000000,2098.011719,50.000000,0.000000,0.000000,0.000000,0.000000,0.000000,2136.216797,50.000000,0.000000,0.000000,0.000000,0.000000,0.000000,0.000000,0.000000,0.000000,0.000000,104667.210938,104667.210938
ml,mean,-1,2026-09-20,2127.567627,10.000000,2070.036621,50.000000,0.000000,0.000000,0.000000,0.000000,0.000000,2098.011719,50.000000,0.000000,0.000000,0.000000,0.000000,0.000000,2137.597412,50.000000,0.000000,0.000000,0.000000,0.000000,0.000000,0.000000,0.000000,0.000000,0.000000,104667.210938,104667.210938
ml,mean,-1,2026-09-21,2127.856201,10.000000,2070.036621,50.000000,0.000000,0.000000,0.000000,0.000000,0.000000,2098.011719,50.000000,0.000000,0.000000,0.000000,0.000000,0.000000,2136.341797,50.000000,0.000000,0.000000,0.000000,0.000000,0.000000,0.000000,0.000000,0.000000,0.000000,104667.210938,104667.210938
ml,mean,-1,2026-09-22,2127.688232,10.000000,2070.036621,50.000000,0.000000,0.000000,0.000000,0.000000,0.000000,2098.011719,50.000000,0.000000,0.000000,0.000000,0.000000,0.000000,2135.875977,50.000000,0.000000,0.000000,0.000000,0.000000,0.000000,0.000000,0.000000,0.000000,0.000000,104667.210938,104667.210938
ml,mean,-1,2026-09-23,2127.812988,10.000000,2070.036621,50.000000,0.000000,0.000000,0.000000,0.000000,0.000000,2098.011719,50.000000,0.000000,0.000000,0.000000,0.000000,0.000000,2136.324219,50.000000,0.000000,0.000000,0.000000,0.000000,0.000000,0.000000,0.000000,0.000000,0.000000,104667.210938,104667.210938
ml,mean,-1,2026-09-24,2128.801025,10.000000,2070.036621,50.000000,0.000000,0.000000,0.000000,0.000000,0.000000,2098.011719,50.000000,0.000000,0.000000,0.000000,0.000000,0.000000,2137.136963,50.000000,0.000000,0.000000,0.000000,0.000000,0.000000,0.000000,0.000000,0.000000,0.000000,104667.210938,104667.210938
ml,mean,-1,2026-09-25,2129.661377,10.000000,2070.036621,50.000000,0.000000,0.000000,0.000000,0.000000,0.000000,2098.011719,50.000000,0.000000,0.000000,0.000000,0.000000,0.000000,2137.452148,50.000000,0.000000,0.000000,0.000000,0.000000,0.000000,0.000000,0.000000,0.000000,0.000000,104667.210938,104667.210938
ml,mean,-1,2026-09-26,2129.187012,10.000000,2070.036621,50.000000,0.000000,0.000000,0.000000,0.000000,0.000000,2098.011719,50.000000,0.000000,0.000000,0.000000,0.000000,0.000000,2136.678467,50.000000,0.000000,0.000000,0.000000,0.000000,0.000000,0.000000,0.000000,0.000000,0.000000,104667.210938,104667.210938
ml,mean,-1,2026-09-27,2129.785156,10.000000,2070.036621,50.000000,0.000000,0.000000,0.000000,0.000000,0.000000,2098.011719,50.000000,0.000000,0.000000,0.000000,0.000000,0.000000,2137.993896,50.000000,0.000000,0.000000,0.000000,0.000000,0.000000,0.000000,0.000000,0.000000,0.000000,104667.210938,104667.210938
ml,mean,-1,2026-09-28,2129.192383,10.000000,2070.036621,50.000000,0.000000,0.000000,0.000000,0.000000,0.000000,2098.011719,50.000000,0.000000,0.000000,0.000000,0.000000,0.000000,2136.140869,50.000000,0.000000,0.000000,0.000000,0.000000,0.000000,0.000000,0.000000,0.000000,0.000000,104667.210938,104667.210938
ml,mean,-1,2026-09-29,2129.526123,10.000000,2070.036621,50.000000,0.000000,0.000000,0.000000,0.000000,0.000000,2098.011719,50.000000,0.000000,0.000000,0.000000,0.000000,0.000000,2136.311523,50.000000,0.000000,0.000000,0.000000,0.000000,0.000000,0.000000,0.000000,0.000000,0.000000,104667.210938,104667.210938
ml,mean,-1,2026-09-30,2129.506348,10.000000,2070.036621,50.000000,0.000000,0.000000,0.000000,0.000000,0.000000,2098.011719,50.000000,0.000000,0.000000,0.000000,0.000000,0.000000,2135.601318,50.000000,0.000000,0.000000,0.000000,0.000000,0.000000,0.000000,0.000000,0.000000,0.000000,104667.210938,104667.210938
ml,mean,-1,2026-10-01,2130.663330,10.000000,2070.036621,50.000000,0.000000,0.000000,0.000000,0.000000,0.000000,2098.011719,50.000000,0.000000,0.000000,0.000000,0.000000,0.000000,2136.969482,50.000000,0.000000,0.000000,0.000000,0.000000,0.000000,0.000000,0.000000,0.000000,0.000000,104667.210938,104667.210938
ml,mean,-1,2026-10-02,2131.039551,10.000000,2070.036621,50.000000,0.000000,0.000000,0.000000,0.000000,0.000000,2098.011719,50.000000,0.000000,0.000000,0.000000,0.000000,0.000000,2137.352539,50.000000,0.000000,0.000000,0.000000,0.000000,0.000000,0.000000,0.000000,0.000000,0.000000,104667.210938,104667.210938
ml,mean,-1,2026-10-03,2131.522217,10.000000,2070.036621,50.000000,0.000000,0.000000,0.000000,0.000000,0.000000,2098.011719,50.000000,0.000000,0.000000,0.000000,0.000000,0.000000,2137.196289,50.000000,0.000000,0.000000,0.000000,0.000000,0.000000,0.000000,0.000000,0.000000,0.000000,104667.210938,104667.210938
ml,mean,-1,2026-10-04,2132.149658,10.000000,2070.036621,50.000000,0.000000,0.000000,0.000000,0.000000,0.000000,2098.011719,50.000000,0.000000,0.000000,0.000000,0.000000,0.000000,2138.117676,50.000000,0.000000,0.000000,0.000000,0.000000,0.000000,0.000000,0.000000,0.000000,0.000000,104667.210938,104667.210938
ml,mean,-1,2026-10-05,2131.209229,10.000000,2070.036621,50.000000,0.991211,0.991211,-102588.062500,51.294029,102588.062500,2098.011719,50.000000,0.730469,0.730469,-75982.023438,37.991009,75982.023438,2137.113281,50.000000,0.000000,0.000000,0.000000,0.000000,0.000000,178570.078125,-178570.078125,89.285042,-89.285042,104667.210938,104577.921875
ml,mean,-1,2026-10-06,2131.806152,10.000000,2070.036621,50.000000,0.008789,-0.982422,101674.296875,51.750919,913.771851,2098.011719,50.000000,0.002930,-0.727539,75671.101562,38.146465,310.915955,2137.825928,50.000000,0.000000,0.000000,0.000000,0.000000,0.000000,1224.687744,-1224.687744,179.182419,-179.182419,104667.210938,104488.039062
ml,mean,-1,2026-10-07,2131.960449,10.000000,2070.036621,50.000000,0.987305,0.978516,-101274.406250,51.550980,102188.179688,2098.011719,50.000000,0.737305,0.734375,-75943.062500,38.282448,76253.984375,2137.636719,50.000000,0.000000,0.000000,0.000000,0.000000,0.000000,178442.156250,-178442.156250,269.015839,-269.015839,104667.210938,104398.203125
ml,mean,-1,2026-10-08,2131.565918,10.000000,2070.036621,50.000000,0.012695,-0.974609,100874.531250,51.750919,1313.651733,2098.011719,50.000000,0.005859,-0.731445,75637.156250,38.435410,616.833862,2136.257812,50.000000,0.000000,0.000000,0.000000,0.000000,0.000000,1930.485474,-1930.485474,359.202179,-359.202179,104667.210938,104308.015625
ml,mean,-1,2026-10-09,2131.331055,10.000000,2070.036621,50.000000,0.985352,0.972656,-100673.664062,51.650482,101987.312500,2098.011719,50.000000,0.803711,0.797852,-82850.609375,42.042137,83467.445312,2136.065674,50.000000,0.000000,0.000000,0.000000,0.000000,0.000000,185454.765625,-185454.765625,452.894775,-452.894775,104667.210938,104214.312500
ml,mean,-1,2026-10-10,2131.262207,10.000000,2070.036621,50.000000,0.985352,0.000000,0.000000,0.000000,101987.312500,2098.011719,50.000000,0.803711,0.000000,0.000000,0.000000,83467.445312,2135.718750,50.000000,0.000000,0.000000,0.000000,0.000000,0.000000,185454.765625,-185454.765625,452.894775,-452.894775,104667.210938,104214.312500
ml,mean,-1,2026-10-11,2132.369141,10.000000,2070.036621,50.000000,0.985352,0.000000,0.000000,0.000000,101987.312500,2098.011719,50.000000,0.803711,0.000000,0.000000,0.000000,83467.445312,2136.998047,50.000000,0.000000,0.000000,0.000000,0.000000,0.000000,185454.765625,-185454.765625,452.894775,-452.894775,104667.210938,104214.312500
ml,mean,-1,2026-10-12,2131.175537,10.000000,2070.036621,50.000000,0.985352,0.000000,0.000000,0.000000,101987.312500,2098.011719,50.000000,0.803711,0.000000,0.000000,0.000000,83467.445312,2135.450684,50.000000,0.000000,0.000000,0.000000,0.000000,0.000000,185454.765625,-185454.765625,452.894775,-452.894775,104667.210938,104214.312500
ml,mean,-1,2026-10-13,2130.611328,10.000000,2070.036621,50.000000,0.014648,-0.970703,100472.804688,51.750919,1514.516968,2098.011719,50.000000,0.010742,-0.792969,82305.476562,42.314709,1161.968140,2133.893799,50.000000,0.000000,0.000000,0.000000,0.000000,0.000000,2676.485107,-2676.485107,546.960388,-546.960388,104667.210938,104120.250000
ml,mean,-1,2026-10-14,2130.597168,10.000000,2070.036621,50.000000,0.985352,0.970703,-100472.804688,51.750919,101987.312500,2098.011719,50.000000,0.919922,0.909180,-94865.085938,48.594513,96027.054688,2133.427002,50.000000,0.000000,0.000000,0.000000,0.000000,0.000000,198014.359375,-198014.359375,647.305908,-647.305908,104667.210938,104019.906250
ml,mean,-1,2026-10-15,2131.893066,10.000000,2070.036621,50.000000,0.014648,-0.970703,100472.804688,51.750919,1514.516968,2098.011719,50.000000,0.009766,-0.910156,94971.945312,48.541084,1055.113037,2135.057129,50.000000,0.000000,0.000000,0.000000,0.000000,0.000000,2569.630127,-2569.630127,747.597900,-747.597900,104667.210938,103919.609375
ml,mean,-1,2026-10-16,2132.469482,10.000000,2070.036621,50.000000,0.985352,0.970703,-100472.804688,51.750919,101987.312500,2098.011719,50.000000,0.921875,0.912109,-95446.570312,48.778397,96501.671875,2135.487305,50.000000,0.000000,0.000000,0.000000,0.000000,0.000000,198489.000000,-198489.000000,848.127136,-848.127136,104667.210938,103819.085938
ml,mean,-1,2026-10-17,2131.676758,10.000000,2070.036621,50.000000,0.985352,0.000000,0.000000,0.000000,101987.312500,2098.011719,50.000000,0.921875,0.000000,0.000000,0.000000,96501.671875,2134.553223,50.000000,0.000000,0.000000,0.000000,0.000000,0.000000,198489.000000,-198489.000000,848.127136,-848.127136,104667.210938,103819.085938
ml,mean,-1,2026-10-18,2132.375244,10.000000,2070.036621,50.000000,0.985352,0.000000,0.000000,0.000000,101987.312500,2098.011719,50.000000,0.921875,0.000000,0.000000,0.000000,96501.671875,2134.869629,50.000000,0.000000,0.000000,0.000000,0.000000,0.000000,198489.000000,-198489.000000,848.127136,-848.127136,104667.210938,103819.085938
ml,mean,-1,2026-10-19,2134.007324,10.000000,2070.036621,50.000000,0.014648,-0.970703,100472.804688,51.750919,1514.516968,2098.011719,50.000000,0.012695,-0.909180,95199.140625,48.902107,1302.535889,2136.081055,50.000000,0.000000,0.000000,0.000000,0.000000,0.000000,2817.052979,-2817.052979,948.780151,-948.780151,104667.210938,103718.437500
ml,mean,-1,2026-10-20,2134.647461,10.000000,2070.036621,50.000000,0.985352,0.970703,-100472.804688,51.750919,101987.312500,2098.011719,50.000000,0.960938,0.948242,-99239.164062,50.922119,100541.703125,2136.780029,50.000000,0.000000,0.000000,0.000000,0.000000,0.000000,202529.015625,-202529.015625,1051.453125,-1051.453125,104667.210938,103615.757812
ml,mean,-1,2026-10-21,2135.016602,10.000000,2070.036621,50.000000,0.014648,-0.970703,100472.804688,51.750919,1514.516968,2098.011719,50.000000,0.011719,-0.949219,99331.117188,50.876144,1210.578735,2137.094482,50.000000,0.000000,0.000000,0.000000,0.000000,0.000000,2725.095947,-2725.095947,1154.080200,-1154.080200,104667.210938,103513.132812
ml,mean,-1,2026-10-22,2136.362305,10.000000,2070.036621,50.000000,0.985352,0.970703,-100472.804688,51.750919,101987.312500,2098.011719,50.000000,0.958008,0.946289,-99037.304688,50.729233,100247.890625,2138.906738,50.000000,0.000000,0.000000,0.000000,0.000000,0.000000,202235.187500,-202235.187500,1256.560425,-1256.560425,104667.210938,103410.656250
ml,mean,-1,2026-10-23,2135.467285,10.000000,2070.036621,50.000000,0.014648,-0.970703,100472.804688,51.750919,1514.516968,2098.011719,50.000000,0.013672,-0.944336,98835.226562,50.830273,1412.661987,2136.873291,50.000000,0.000000,0.000000,0.000000,0.000000,0.000000,2927.178955,-2927.178955,1359.141602,-1359.141602,104667.210938,103308.078125
ml,mean,-1,2026-10-24,2136.231934,10.000000,2070.036621,50.000000,0.014648,0.000000,0.000000,0.000000,1514.516968,2098.011719,50.000000,0.013672,0.000000,0.000000,0.000000,1412.661987,2136.982422,50.000000,0.000000,0.000000,0.000000,0.000000,0.000000,2927.178955,-2927.178955,1359.141602,-1359.141602,104667.210938,103308.078125
ml,mean,-1,2026-10-25,2136.069336,10.000000,2070.036621,50.000000,0.014648,0.000000,0.000000,0.000000,1514.516968,2098.011719,50.000000,0.013672,0.000000,0.000000,0.000000,1412.661987,2136.510742,50.000000,0.000000,0.000000,0.000000,0.000000,0.000000,2927.178955,-2927.178955,1359.141602,-1359.141602,104667.210938,103308.078125
ml,mean,-1,2026-10-26,2136.715576,10.000000,2070.036621,50.000000,0.985352,0.970703,-100472.804688,51.750919,101987.312500,2098.011719,50.000000,0.981445,0.967773,-101513.164062,52.169247,102925.843750,2136.868408,50.000000,0.000000,0.000000,0.000000,0.000000,0.000000,204913.140625,-204913.140625,1463.061768,-1463.061768,104667.210938,103204.156250
ml,mean,-1,2026-10-27,2137.189209,10.000000,2070.036621,50.000000,0.014648,-0.970703,100472.804688,51.750919,1514.516968,2098.011719,50.000000,0.014648,-0.966797,101366.914062,52.242374,1558.918457,2137.679443,50.000000,0.000000,0.000000,0.000000,0.000000,0.000000,3073.435303,-3073.435303,1567.054932,-1567.054932,104667.210938,103100.164062
ml,mean,-1,2026-10-28,2137.055664,10.000000,2070.036621,50.000000,0.985352,0.970703,-100472.804688,51.750919,101987.312500,2098.011719,50.000000,0.981445,0.966797,-101344.023438,52.230923,102902.953125,2137.077148,50.000000,0.000000,0.000000,0.000000,0.000000,0.000000,204890.265625,-204890.265625,1671.036865,-1671.036865,104667.210938,102996.164062
ml,mean,-1,2026-10-29,2137.120117,10.000000,2070.036621,50.000000,0.000000,-0.985352,101987.312500,50.993656,0.000000,2098.011719,50.000000,0.000000,-0.981445,102902.953125,51.451473,0.000000,2136.801270,50.000000,0.000000,0.000000,0.000000,0.000000,0.000000,0.000000,0.000000,1773.481934,-1773.481934,104667.210938,102893.726562
ml,mean,-1,2026-10-30,2137.832520,10.000000,2070.036621,50.000000,0.000000,0.000000,0.000000,0.000000,0.000000,2098.011719,50.000000,0.000000,0.000000,0.000000,0.000000,0.000000,2136.801270,50.000000,0.000000,0.000000,0.000000,0.000000,0.000000,0.000000,0.000000,1773.481934,-1773.481934,104667.210938,102893.726562
