policy,case,path_idx,day,spot,spread_bps,PL_APR_2026_futures,PL_APR_2026_contract_size,PL_APR_2026_position,PL_APR_2026_trade,PL_APR_2026_trade_cash,PL_APR_2026_trade_cost,PL_APR_2026_position_mtm,PL_JUL_2026_futures,PL_JUL_2026_contract_size,PL_JUL_2026_position,PL_JUL_2026_trade,PL_JUL_2026_trade_cash,PL_JUL_2026_trade_cost,PL_JUL_2026_position_mtm,PL_OCT_2026_futures,PL_OCT_2026_contract_size,PL_OCT_2026_position,PL_OCT_2026_trade,PL_OCT_2026_trade_cash,PL_OCT_2026_trade_cost,PL_OCT_2026_position_mtm,portfolio_position_mtm,portfolio_cum_trade_cash,portfolio_cum_trade_cost,hedge_portfolio_ex_funding,mtm_ex_post_settle_discount,total_ex_funding_discount
ml,worst,863,2026-04-10,2055.000244,10.000000,2026.171509,50.000000,-5.000000,-5.000000,506542.875000,253.271423,-506542.875000,2047.068848,50.000000,-5.000000,-5.000000,511767.187500,255.883606,-511767.187500,2070.749756,50.000000,-5.000000,-5.000000,517687.437500,258.843719,-517687.437500,-1535997.500000,1535997.500000,767.998779,-767.998779,29559.361328,28791.363281
ml,worst,863,2026-04-11,2058.646729,10.000000,2055.972412,50.000000,-5.000000,0.000000,-0.000000,0.000000,-513993.125000,2077.447021,50.000000,-5.000000,0.000000,-0.000000,0.000000,-519361.781250,2101.117920,50.000000,-5.000000,0.000000,-0.000000,0.000000,-525279.500000,-1558634.375000,1535997.500000,767.998779,-23404.873047,46391.863281,22986.990234
ml,worst,863,2026-04-12,2031.215698,10.000000,2027.140747,50.000000,-5.000000,0.000000,-0.000000,0.000000,-506785.218750,2047.100708,50.000000,-5.000000,0.000000,-0.000000,0.000000,-511775.187500,2069.129639,50.000000,-5.000000,0.000000,-0.000000,0.000000,-517282.437500,-1535842.750000,1535997.500000,767.998779,-613.248779,-15958.697266,-16571.945312
ml,worst,863,2026-04-13,2026.295532,10.000000,1987.505005,50.000000,-4.000000,1.000000,-99375.250000,49.687622,-397501.000000,2006.772095,50.000000,-5.000000,0.000000,-0.000000,0.000000,-501693.031250,2028.122314,50.000000,-5.000000,0.000000,-0.000000,0.000000,-507030.562500,-1406224.500000,1436622.250000,817.686401,29580.064453,-32323.470703,-2743.406250
ml,worst,863,2026-04-14,2012.497803,10.000000,1969.400269,50.000000,-4.000000,0.000000,-0.000000,0.000000,-393880.062500,1990.747192,50.000000,-5.000000,0.000000,-0.000000,0.000000,-497686.812500,2012.699463,50.000000,-5.000000,0.000000,-0.000000,0.000000,-503174.843750,-1394741.750000,1436622.250000,817.686401,41062.812500,-60817.320312,-19754.507812
ml,worst,863,2026-04-15,2008.121826,10.000000,1995.371704,50.000000,-4.000000,0.000000,-0.000000,0.000000,-399074.343750,2016.599365,50.000000,-5.000000,0.000000,-0.000000,0.000000,-504149.843750,2039.428955,50.000000,-5.000000,0.000000,-0.000000,0.000000,-509857.218750,-1413081.375000,1436622.250000,817.686401,22723.189453,-78725.765625,-56002.578125
ml,worst,863,2026-04-16,2017.688477,10.000000,1996.043091,50.000000,-4.000000,0.000000,-0.000000,0.000000,-399208.625000,2017.841797,50.000000,-5.000000,0.000000,-0.000000,0.000000,-504460.437500,2040.152466,50.000000,-5.000000,0.000000,-0.000000,0.000000,-510038.125000,-1413707.250000,1436622.250000,817.686401,22097.314453,-55530.507812,-33433.195312
ml,worst,863,2026-04-17,1976.137695,10.000000,1956.831543,50.000000,-4.000000,0.000000,-0.000000,0.000000,-391366.312500,1980.533325,50.000000,-5.000000,0.000000,-0.000000,0.000000,-495133.343750,2004.123291,50.000000,-5.000000,0.000000,-0.000000,0.000000,-501030.812500,-1387530.500000,1436622.250000,817.686401,48274.062500,-155657.578125,-107383.515625
ml,worst,863,2026-04-18,1993.906860,10.000000,1982.333618,50.000000,-4.000000,0.000000,-0.000000,0.000000,-396466.718750,2007.893311,50.000000,-5.000000,0.000000,-0.000000,0.000000,-501973.343750,2032.343384,50.000000,-5.000000,0.000000,-0.000000,0.000000,-508085.843750,-1406525.875000,1436622.250000,817.686401,29278.689453,-107180.843750,-77902.156250
ml,worst,863,2026-04-19,2002.256836,10.000000,1986.831299,50.000000,-4.000000,0.000000,-0.000000,0.000000,-397366.250000,2012.886841,50.000000,-5.000000,0.000000,-0.000000,0.000000,-503221.718750,2037.769897,50.000000,-5.000000,0.000000,-0.000000,0.000000,-509442.468750,-1410030.500000,1436622.250000,817.686401,25774.064453,-82163.976562,-56389.914062
ml,worst,863,2026-04-20,1999.045776,10.000000,1991.849609,50.000000,-4.000000,0.000000,-0.000000,0.000000,-398369.937500,2017.610596,50.000000,-5.000000,0.000000,-0.000000,0.000000,-504402.625000,2041.649536,50.000000,-5.000000,0.000000,-0.000000,0.000000,-510412.406250,-1413185.000000,1436622.250000,817.686401,22619.564453,-85006.992188,-62387.429688
ml,worst,863,2026-04-21,1986.129639,10.000000,1996.211304,50.000000,-4.000000,0.000000,-0.000000,0.000000,-399242.250000,2021.422241,50.000000,-5.000000,0.000000,-0.000000,0.000000,-505355.562500,2043.817871,50.000000,-5.000000,0.000000,-0.000000,0.000000,-510954.500000,-1415552.250000,1436622.250000,817.686401,20252.314453,-111380.703125,-91128.390625
ml,worst,863,2026-04-22,2004.614624,10.000000,2006.605591,50.000000,-4.000000,0.000000,-0.000000,0.000000,-401321.125000,2031.944458,50.000000,-5.000000,0.000000,-0.000000,0.000000,-507986.125000,2054.131592,50.000000,-5.000000,0.000000,-0.000000,0.000000,-513532.906250,-1422840.125000,1436622.250000,817.686401,12964.438477,-71130.601562,-58166.164062
ml,worst,863,2026-04-23,1998.875122,10.000000,2003.948242,50.000000,-4.000000,0.000000,-0.000000,0.000000,-400789.656250,2028.405396,50.000000,-5.000000,0.000000,-0.000000,0.000000,-507101.375000,2051.321777,50.000000,-5.000000,0.000000,-0.000000,0.000000,-512830.468750,-1420721.500000,1436622.250000,817.686401,15083.063477,-76910.414062,-61827.351562
ml,worst,863,2026-04-24,1990.379761,10.000000,2015.476074,50.000000,-4.000000,0.000000,-0.000000,0.000000,-403095.218750,2038.348633,50.000000,-5.000000,0.000000,-0.000000,0.000000,-509587.156250,2061.453613,50.000000,-5.000000,0.000000,-0.000000,0.000000,-515363.375000,-1428045.750000,1436622.250000,817.686401,7758.813477,-100022.218750,-92263.406250
ml,worst,863,2026-04-25,2008.572876,10.000000,2023.775146,50.000000,-4.000000,0.000000,-0.000000,0.000000,-404755.031250,2045.817261,50.000000,-5.000000,0.000000,-0.000000,0.000000,-511454.312500,2068.845459,50.000000,-5.000000,0.000000,-0.000000,0.000000,-517211.375000,-1433420.750000,1436622.250000,817.686401,2383.813477,-39418.679688,-37034.867188
ml,worst,863,2026-04-26,1981.832642,10.000000,1973.564575,50.000000,-4.000000,0.000000,-0.000000,0.000000,-394712.906250,1994.689209,50.000000,-5.000000,0.000000,-0.000000,0.000000,-498672.312500,2017.367554,50.000000,-5.000000,0.000000,-0.000000,0.000000,-504341.906250,-1397727.125000,1436622.250000,817.686401,38077.437500,-101384.343750,-63306.906250
ml,worst,863,2026-04-27,1956.215088,10.000000,1951.072754,50.000000,-4.000000,0.000000,-0.000000,0.000000,-390214.562500,1971.947876,50.000000,-5.000000,0.000000,-0.000000,0.000000,-492986.968750,1993.978638,50.000000,-5.000000,0.000000,-0.000000,0.000000,-498494.687500,-1381696.250000,1436622.250000,817.686401,54108.312500,-158014.343750,-103906.031250
ml,worst,863,2026-04-28,1941.552612,10.000000,1923.812256,50.000000,-4.000000,0.000000,-0.000000,0.000000,-384762.437500,1944.878052,50.000000,-5.000000,0.000000,-0.000000,0.000000,-486219.531250,1967.155396,50.000000,-5.000000,0.000000,-0.000000,0.000000,-491788.875000,-1362770.875000,1436622.250000,817.686401,73033.687500,-190754.625000,-117720.937500
ml,worst,863,2026-04-29,1958.089966,10.000000,1949.201538,50.000000,-4.000000,0.000000,-0.000000,0.000000,-389840.312500,1969.934814,50.000000,-5.000000,0.000000,-0.000000,0.000000,-492483.687500,1992.874634,50.000000,-5.000000,0.000000,-0.000000,0.000000,-498218.656250,-1380542.625000,1436622.250000,817.686401,55261.937500,-149340.906250,-94078.968750
ml,worst,863,2026-04-30,1891.086060,10.000000,1949.201538,50.000000,-3.000000,1.000000,-97460.078125,48.730038,-292380.218750,1876.439209,50.000000,-5.000000,0.000000,-0.000000,0.000000,-469109.812500,1897.979614,50.000000,-5.000000,0.000000,-0.000000,0.000000,-474494.937500,-1235985.000000,1339162.250000,866.416382,102310.835938,-319976.312500,-217665.468750
ml,worst,863,2026-05-01,1890.985107,10.000000,1949.201538,50.000000,-3.000000,0.000000,-0.000000,0.000000,-292380.218750,1872.033936,50.000000,-5.000000,0.000000,-0.000000,0.000000,-468008.500000,1893.578125,50.000000,-5.000000,0.000000,-0.000000,0.000000,-473394.531250,-1233783.250000,1339162.250000,866.416382,104512.585938,-321901.187500,-217388.593750
ml,worst,863,2026-05-02,1895.925659,10.000000,1949.201538,50.000000,-3.000000,0.000000,-0.000000,0.000000,-292380.218750,1929.601074,50.000000,-5.000000,0.000000,-0.000000,0.000000,-482400.281250,1952.498535,50.000000,-5.000000,0.000000,-0.000000,0.000000,-488124.625000,-1262905.125000,1339162.250000,866.416382,75390.710938,-312676.156250,-237285.437500
ml,worst,863,2026-05-03,1871.513184,10.000000,1949.201538,50.000000,-3.000000,0.000000,-0.000000,0.000000,-292380.218750,1848.104736,50.000000,-5.000000,0.000000,-0.000000,0.000000,-462026.187500,1868.445312,50.000000,-5.000000,0.000000,-0.000000,0.000000,-467111.312500,-1221517.750000,1339162.250000,866.416382,116778.085938,-379425.593750,-262647.500000
ml,worst,863,2026-05-04,1883.748413,10.000000,1949.201538,50.000000,-3.000000,0.000000,-0.000000,0.000000,-292380.218750,1877.413940,50.000000,-5.000000,0.000000,-0.000000,0.000000,-469353.468750,1898.328003,50.000000,-5.000000,0.000000,-0.000000,0.000000,-474581.968750,-1236315.625000,1339162.250000,866.416382,101980.210938,-348241.093750,-246260.875000
ml,worst,863,2026-05-05,1852.155762,10.000000,1949.201538,50.000000,-3.000000,0.000000,-0.000000,0.000000,-292380.218750,1864.893066,50.000000,-5.000000,0.000000,-0.000000,0.000000,-466223.250000,1885.424805,50.000000,-5.000000,0.000000,-0.000000,0.000000,-471356.187500,-1229959.750000,1339162.250000,866.416382,108336.085938,-432714.781250,-324378.687500
ml,worst,863,2026-05-06,1801.355957,10.000000,1949.201538,50.000000,-3.000000,0.000000,-0.000000,0.000000,-292380.218750,1828.499512,50.000000,-5.000000,0.000000,-0.000000,0.000000,-457124.906250,1849.181763,50.000000,-5.000000,0.000000,-0.000000,0.000000,-462295.468750,-1211800.625000,1339162.250000,866.416382,126495.210938,-561387.187500,-434891.968750
ml,worst,863,2026-05-07,1794.254395,10.000000,1949.201538,50.000000,-3.000000,0.000000,-0.000000,0.000000,-292380.218750,1821.548462,50.000000,-5.000000,0.000000,-0.000000,0.000000,-455387.125000,1841.514282,50.000000,-5.000000,0.000000,-0.000000,0.000000,-460378.562500,-1208146.000000,1339162.250000,866.416382,130149.835938,-580058.062500,-449908.218750
ml,worst,863,2026-05-08,1801.402344,10.000000,1949.201538,50.000000,-3.000000,0.000000,-0.000000,0.000000,-292380.218750,1816.271484,50.000000,-5.000000,0.000000,-0.000000,0.000000,-454067.875000,1836.062500,50.000000,-5.000000,0.000000,-0.000000,0.000000,-459015.625000,-1205463.750000,1339162.250000,866.416382,132832.078125,-564232.125000,-431400.062500
ml,worst,863,2026-05-09,1780.700684,10.000000,1949.201538,50.000000,-3.000000,0.000000,-0.000000,0.000000,-292380.218750,1775.594849,50.000000,-5.000000,0.000000,-0.000000,0.000000,-443898.718750,1794.865479,50.000000,-5.000000,0.000000,-0.000000,0.000000,-448716.343750,-1184995.250000,1339162.250000,866.416382,153300.578125,-614144.375000,-460843.812500
ml,worst,863,2026-05-10,1797.186279,10.000000,1949.201538,50.000000,-3.000000,0.000000,-0.000000,0.000000,-292380.218750,1812.970337,50.000000,-5.000000,0.000000,-0.000000,0.000000,-453242.562500,1833.998169,50.000000,-5.000000,0.000000,-0.000000,0.000000,-458499.562500,-1204122.250000,1339162.250000,866.416382,134173.578125,-574315.375000,-440141.812500
ml,worst,863,2026-05-11,1790.756836,10.000000,1949.201538,50.000000,-3.000000,0.000000,-0.000000,0.000000,-292380.218750,1810.564209,50.000000,-5.000000,0.000000,-0.000000,0.000000,-452641.062500,1831.146240,50.000000,-5.000000,0.000000,-0.000000,0.000000,-457786.562500,-1202807.750000,1339162.250000,866.416382,135488.078125,-592484.312500,-456996.250000
ml,worst,863,2026-05-12,1837.753540,10.000000,1949.201538,50.000000,-3.000000,0.000000,-0.000000,0.000000,-292380.218750,1827.571045,50.000000,-5.000000,0.000000,-0.000000,0.000000,-456892.781250,1851.315186,50.000000,-5.000000,0.000000,-0.000000,0.000000,-462828.812500,-1212101.750000,1339162.250000,866.416382,126194.085938,-472756.125000,-346562.031250
ml,worst,863,2026-05-13,1791.651123,10.000000,1949.201538,50.000000,-3.000000,0.000000,-0.000000,0.000000,-292380.218750,1775.942383,50.000000,-5.000000,0.000000,-0.000000,0.000000,-443985.593750,1794.692139,50.000000,-5.000000,0.000000,-0.000000,0.000000,-448673.062500,-1185038.875000,1339162.250000,866.416382,153256.953125,-587220.062500,-433963.125000
ml,worst,863,2026-05-14,1779.707397,10.000000,1949.201538,50.000000,-3.000000,0.000000,-0.000000,0.000000,-292380.218750,1790.019775,50.000000,-5.000000,0.000000,-0.000000,0.000000,-447504.937500,1803.725830,50.000000,-5.000000,0.000000,-0.000000,0.000000,-450931.437500,-1190816.500000,1339162.250000,866.416382,147479.328125,-618736.562500,-471257.250000
ml,worst,863,2026-05-15,1787.707642,10.000000,1949.201538,50.000000,-3.000000,0.000000,-0.000000,0.000000,-292380.218750,1769.129272,50.000000,-5.000000,0.000000,-0.000000,0.000000,-442282.312500,1779.654541,50.000000,-5.000000,0.000000,-0.000000,0.000000,-444913.625000,-1179576.125000,1339162.250000,866.416382,158719.703125,-600214.125000,-441494.437500
ml,worst,863,2026-05-16,1793.684814,10.000000,1949.201538,50.000000,-3.000000,0.000000,-0.000000,0.000000,-292380.218750,1788.839966,50.000000,-5.000000,0.000000,-0.000000,0.000000,-447210.000000,1801.825195,50.000000,-5.000000,0.000000,-0.000000,0.000000,-450456.312500,-1190046.500000,1339162.250000,866.416382,148249.328125,-588286.062500,-440036.750000
ml,worst,863,2026-05-17,1787.477417,10.000000,1949.201538,50.000000,-3.000000,0.000000,-0.000000,0.000000,-292380.218750,1794.472290,50.000000,-5.000000,0.000000,-0.000000,0.000000,-448618.062500,1810.241943,50.000000,-5.000000,0.000000,-0.000000,0.000000,-452560.500000,-1193558.750000,1339162.250000,866.416382,144737.078125,-604190.937500,-459453.875000
ml,worst,863,2026-05-18,1779.969849,10.000000,1949.201538,50.000000,-3.000000,0.000000,-0.000000,0.000000,-292380.218750,1779.102539,50.000000,-5.000000,0.000000,-0.000000,0.000000,-444775.625000,1794.276611,50.000000,-5.000000,0.000000,-0.000000,0.000000,-448569.125000,-1185725.000000,1339162.250000,866.416382,152570.828125,-621490.375000,-468919.562500
ml,worst,863,2026-05-19,1777.849854,10.000000,1949.201538,50.000000,-3.000000,0.000000,-0.000000,0.000000,-292380.218750,1770.950806,50.000000,-5.000000,0.000000,-0.000000,0.000000,-442737.687500,1783.350220,50.000000,-5.000000,0.000000,-0.000000,0.000000,-445837.562500,-1180955.500000,1339162.250000,866.416382,157340.328125,-626477.750000,-469137.437500
ml,worst,863,2026-05-20,1763.792480,10.000000,1949.201538,50.000000,-3.000000,0.000000,-0.000000,0.000000,-292380.218750,1785.025879,50.000000,-5.000000,0.000000,-0.000000,0.000000,-446256.437500,1800.672485,50.000000,-5.000000,0.000000,-0.000000,0.000000,-450168.125000,-1188804.750000,1339162.250000,866.416382,149491.078125,-663582.562500,-514091.500000
ml,worst,863,2026-05-21,1758.974854,10.000000,1949.201538,50.000000,-3.000000,0.000000,-0.000000,0.000000,-292380.218750,1769.001221,50.000000,-5.000000,0.000000,-0.000000,0.000000,-442250.281250,1782.582642,50.000000,-5.000000,0.000000,-0.000000,0.000000,-445645.656250,-1180276.125000,1339162.250000,866.416382,158019.703125,-682853.687500,-524834.000000
ml,worst,863,2026-05-22,1766.125488,10.000000,1949.201538,50.000000,-3.000000,0.000000,-0.000000,0.000000,-292380.218750,1804.463623,50.000000,-5.000000,0.000000,-0.000000,0.000000,-451115.906250,1818.929321,50.000000,-5.000000,0.000000,-0.000000,0.000000,-454732.312500,-1198228.500000,1339162.250000,866.416382,140067.328125,-667840.687500,-527773.375000
ml,worst,863,2026-05-23,1743.200562,10.000000,1949.201538,50.000000,-3.000000,0.000000,-0.000000,0.000000,-292380.218750,1775.038330,50.000000,-5.000000,0.000000,-0.000000,0.000000,-443759.562500,1788.580078,50.000000,-5.000000,0.000000,-0.000000,0.000000,-447145.031250,-1183284.750000,1339162.250000,866.416382,155011.078125,-729464.000000,-574452.937500
ml,worst,863,2026-05-24,1746.471802,10.000000,1949.201538,50.000000,-3.000000,0.000000,-0.000000,0.000000,-292380.218750,1778.363159,50.000000,-5.000000,0.000000,-0.000000,0.000000,-444590.781250,1794.296509,50.000000,-5.000000,0.000000,-0.000000,0.000000,-448574.125000,-1185545.125000,1339162.250000,866.416382,152750.703125,-719084.875000,-566334.187500
ml,worst,863,2026-05-25,1706.320923,10.000000,1949.201538,50.000000,-3.000000,0.000000,-0.000000,0.000000,-292380.218750,1717.358643,50.000000,-5.000000,0.000000,-0.000000,0.000000,-429339.656250,1730.682861,50.000000,-5.000000,0.000000,-0.000000,0.000000,-432670.687500,-1154390.500000,1339162.250000,866.416382,183905.328125,-817013.250000,-633107.937500
ml,worst,863,2026-05-26,1688.854248,10.000000,1949.201538,50.000000,-3.000000,0.000000,-0.000000,0.000000,-292380.218750,1694.730469,50.000000,-5.000000,0.000000,-0.000000,0.000000,-423682.625000,1710.959351,50.000000,-5.000000,0.000000,-0.000000,0.000000,-427739.843750,-1143802.750000,1339162.250000,866.416382,194493.078125,-857025.750000,-662532.687500
ml,worst,863,2026-05-27,1696.871460,10.000000,1949.201538,50.000000,-3.000000,0.000000,-0.000000,0.000000,-292380.218750,1692.664551,50.000000,-5.000000,0.000000,-0.000000,0.000000,-423166.125000,1709.293945,50.000000,-5.000000,0.000000,-0.000000,0.000000,-427323.500000,-1142869.875000,1339162.250000,866.416382,195425.953125,-838795.750000,-643369.812500
ml,worst,863,2026-05-28,1554.150391,10.000000,1949.201538,50.000000,-3.000000,0.000000,-0.000000,0.000000,-292380.218750,1521.330566,50.000000,-5.000000,0.000000,-0.000000,0.000000,-380332.656250,1540.428223,50.000000,-5.000000,0.000000,-0.000000,0.000000,-385107.062500,-1057820.000000,1339162.250000,866.416382,280475.843750,-1197077.750000,-916601.875000
ml,worst,863,2026-05-29,1498.878296,10.000000,1949.201538,50.000000,-3.000000,0.000000,-0.000000,0.000000,-292380.218750,1482.710938,50.000000,-5.000000,0.000000,-0.000000,0.000000,-370677.750000,1501.268677,50.000000,-5.000000,0.000000,-0.000000,0.000000,-375317.156250,-1038375.125000,1339162.250000,866.416382,299920.718750,-1335443.875000,-1035523.125000
ml,worst,863,2026-05-30,1533.251465,10.000000,1949.201538,50.000000,-3.000000,0.000000,-0.000000,0.000000,-292380.218750,1542.559692,50.000000,-5.000000,0.000000,-0.000000,0.000000,-385639.906250,1561.151978,50.000000,-5.000000,0.000000,-0.000000,0.000000,-390288.000000,-1068308.125000,1339162.250000,866.416382,269987.718750,-1253435.500000,-983447.750000
ml,worst,863,2026-05-31,1528.203369,10.000000,1949.201538,50.000000,-3.000000,0.000000,-0.000000,0.000000,-292380.218750,1555.953613,50.000000,-5.000000,0.000000,-0.000000,0.000000,-388988.406250,1574.263062,50.000000,-5.000000,0.000000,-0.000000,0.000000,-393565.781250,-1074934.375000,1339162.250000,866.416382,263361.468750,-1267825.375000,-1004463.875000
ml,worst,863,2026-06-01,1523.968994,10.000000,1949.201538,50.000000,-3.000000,0.000000,-0.000000,0.000000,-292380.218750,1535.701050,50.000000,-5.000000,0.000000,-0.000000,0.000000,-383925.281250,1555.094116,50.000000,-5.000000,0.000000,-0.000000,0.000000,-388773.531250,-1065079.000000,1339162.250000,866.416382,273216.843750,-1280047.125000,-1006830.250000
ml,worst,863,2026-06-02,1523.817871,10.000000,1949.201538,50.000000,-3.000000,0.000000,-0.000000,0.000000,-292380.218750,1513.928833,50.000000,-5.000000,0.000000,-0.000000,0.000000,-378482.187500,1535.225220,50.000000,-5.000000,0.000000,-0.000000,0.000000,-383806.312500,-1054668.750000,1339162.250000,866.416382,283627.093750,-1282826.125000,-999199.000000
ml,worst,863,2026-06-03,1477.862793,10.000000,1949.201538,50.000000,-3.000000,0.000000,-0.000000,0.000000,-292380.218750,1466.676758,50.000000,-5.000000,0.000000,-0.000000,0.000000,-366669.187500,1488.059937,50.000000,-5.000000,0.000000,-0.000000,0.000000,-372015.000000,-1031064.375000,1339162.250000,866.416382,307231.468750,-1396373.250000,-1089141.750000
ml,worst,863,2026-06-04,1459.329468,10.000000,1949.201538,50.000000,-3.000000,0.000000,-0.000000,0.000000,-292380.218750,1449.145996,50.000000,-5.000000,0.000000,-0.000000,0.000000,-362286.500000,1472.105713,50.000000,-5.000000,0.000000,-0.000000,0.000000,-368026.406250,-1022693.125000,1339162.250000,866.416382,315602.718750,-1442846.125000,-1127243.375000
ml,worst,863,2026-06-05,1478.115112,10.000000,1949.201538,50.000000,-3.000000,0.000000,-0.000000,0.000000,-292380.218750,1488.788818,50.000000,-5.000000,0.000000,-0.000000,0.000000,-372197.218750,1508.862427,50.000000,-5.000000,0.000000,-0.000000,0.000000,-377215.593750,-1041793.000000,1339162.250000,866.416382,296502.843750,-1396465.625000,-1099962.750000
ml,worst,863,2026-06-06,1468.877075,10.000000,1949.201538,50.000000,-3.000000,0.000000,-0.000000,0.000000,-292380.218750,1469.878052,50.000000,-5.000000,0.000000,-0.000000,0.000000,-367469.500000,1490.169189,50.000000,-5.000000,0.000000,-0.000000,0.000000,-372542.281250,-1032392.000000,1339162.250000,866.416382,305903.843750,-1422868.875000,-1116965.000000
ml,worst,863,2026-06-07,1474.602295,10.000000,1949.201538,50.000000,-3.000000,0.000000,-0.000000,0.000000,-292380.218750,1468.968140,50.000000,-5.000000,0.000000,-0.000000,0.000000,-367242.031250,1490.075806,50.000000,-5.000000,0.000000,-0.000000,0.000000,-372518.937500,-1032141.187500,1339162.250000,866.416382,306154.656250,-1409200.375000,-1103045.750000
ml,worst,863,2026-06-08,1460.047729,10.000000,1949.201538,50.000000,-3.000000,0.000000,-0.000000,0.000000,-292380.218750,1449.856812,50.000000,-5.000000,0.000000,-0.000000,0.000000,-362464.218750,1470.866089,50.000000,-5.000000,0.000000,-0.000000,0.000000,-367716.531250,-1022561.000000,1339162.250000,866.416382,315734.843750,-1443905.125000,-1128170.250000
ml,worst,863,2026-06-09,1473.101807,10.000000,1949.201538,50.000000,-3.000000,0.000000,-0.000000,0.000000,-292380.218750,1438.818726,50.000000,-5.000000,0.000000,-0.000000,0.000000,-359704.687500,1459.154785,50.000000,-5.000000,0.000000,-0.000000,0.000000,-364788.687500,-1016873.562500,1339162.250000,866.416382,321422.281250,-1410871.500000,-1089449.250000
ml,worst,863,2026-06-10,1431.757935,10.000000,1949.201538,50.000000,-3.000000,0.000000,-0.000000,0.000000,-292380.218750,1412.914673,50.000000,-5.000000,0.000000,-0.000000,0.000000,-353228.656250,1430.852905,50.000000,-5.000000,0.000000,-0.000000,0.000000,-357713.218750,-1003322.125000,1339162.250000,866.416382,334973.718750,-1513876.750000,-1178903.000000
ml,worst,863,2026-06-11,1411.319336,10.000000,1949.201538,50.000000,-3.000000,0.000000,-0.000000,0.000000,-292380.218750,1399.721558,50.000000,-5.000000,0.000000,-0.000000,0.000000,-349930.406250,1414.520508,50.000000,-5.000000,0.000000,-0.000000,0.000000,-353630.125000,-995940.750000,1339162.250000,866.416382,342355.093750,-1564102.625000,-1221747.500000
ml,worst,863,2026-06-12,1432.452393,10.000000,1949.201538,50.000000,-3.000000,0.000000,-0.000000,0.000000,-292380.218750,1427.586670,50.000000,-5.000000,0.000000,-0.000000,0.000000,-356896.687500,1441.049316,50.000000,-5.000000,0.000000,-0.000000,0.000000,-360262.343750,-1009539.250000,1339162.250000,866.416382,328756.593750,-1509360.250000,-1180603.625000
ml,worst,863,2026-06-13,1450.126465,10.000000,1949.201538,50.000000,-3.000000,0.000000,-0.000000,0.000000,-292380.218750,1458.418823,50.000000,-5.000000,0.000000,-0.000000,0.000000,-364604.718750,1472.620239,50.000000,-5.000000,0.000000,-0.000000,0.000000,-368155.062500,-1025140.000000,1339162.250000,866.416382,313155.843750,-1463647.500000,-1150491.625000
ml,worst,863,2026-06-14,1454.322876,10.000000,1949.201538,50.000000,-3.000000,0.000000,-0.000000,0.000000,-292380.218750,1517.269287,50.000000,-5.000000,0.000000,-0.000000,0.000000,-379317.343750,1534.082397,50.000000,-5.000000,0.000000,-0.000000,0.000000,-383520.593750,-1055218.125000,1339162.250000,866.416382,283077.718750,-1454858.250000,-1171780.500000
ml,worst,863,2026-06-15,1417.398560,10.000000,1949.201538,50.000000,-3.000000,0.000000,-0.000000,0.000000,-292380.218750,1436.064331,50.000000,-5.000000,0.000000,-0.000000,0.000000,-359016.093750,1451.661011,50.000000,-5.000000,0.000000,-0.000000,0.000000,-362915.250000,-1014311.562500,1339162.250000,866.416382,323984.281250,-1547312.750000,-1223328.500000
ml,worst,863,2026-06-16,1383.996216,10.000000,1949.201538,50.000000,-3.000000,0.000000,-0.000000,0.000000,-292380.218750,1375.717651,50.000000,-5.000000,0.000000,-0.000000,0.000000,-343929.406250,1391.770752,50.000000,-5.000000,0.000000,-0.000000,0.000000,-347942.687500,-984252.312500,1339162.250000,866.416382,354043.531250,-1631841.625000,-1277798.125000
ml,worst,863,2026-06-17,1390.023926,10.000000,1949.201538,50.000000,-3.000000,0.000000,-0.000000,0.000000,-292380.218750,1396.858887,50.000000,-5.000000,0.000000,-0.000000,0.000000,-349214.718750,1410.557129,50.000000,-5.000000,0.000000,-0.000000,0.000000,-352639.281250,-994234.250000,1339162.250000,866.416382,344061.593750,-1617055.625000,-1272994.000000
ml,worst,863,2026-06-18,1369.653320,10.000000,1949.201538,50.000000,-3.000000,0.000000,-0.000000,0.000000,-292380.218750,1395.564209,50.000000,-5.000000,0.000000,-0.000000,0.000000,-348891.062500,1410.873413,50.000000,-5.000000,0.000000,-0.000000,0.000000,-352718.375000,-993989.625000,1339162.250000,866.416382,344306.218750,-1665979.000000,-1321672.750000
ml,worst,863,2026-06-19,1343.031738,10.000000,1949.201538,50.000000,-3.000000,0.000000,-0.000000,0.000000,-292380.218750,1342.033691,50.000000,-5.000000,0.000000,-0.000000,0.000000,-335508.437500,1357.176147,50.000000,-5.000000,0.000000,-0.000000,0.000000,-339294.031250,-967182.625000,1339162.250000,866.416382,371113.218750,-1733395.250000,-1362282.000000
ml,worst,863,2026-06-20,1330.410034,10.000000,1949.201538,50.000000,-3.000000,0.000000,-0.000000,0.000000,-292380.218750,1344.792847,50.000000,-5.000000,0.000000,-0.000000,0.000000,-336198.218750,1359.223267,50.000000,-5.000000,0.000000,-0.000000,0.000000,-339805.812500,-968384.250000,1339162.250000,866.416382,369911.593750,-1765861.625000,-1395950.000000
ml,worst,863,2026-06-21,1301.460938,10.000000,1949.201538,50.000000,-3.000000,0.000000,-0.000000,0.000000,-292380.218750,1305.020508,50.000000,-5.000000,0.000000,-0.000000,0.000000,-326255.125000,1319.173340,50.000000,-5.000000,0.000000,-0.000000,0.000000,-329793.343750,-948428.750000,1339162.250000,866.416382,389867.093750,-1838033.625000,-1448166.500000
ml,worst,863,2026-06-22,1296.571289,10.000000,1949.201538,50.000000,-3.000000,0.000000,-0.000000,0.000000,-292380.218750,1292.071167,50.000000,-5.000000,0.000000,-0.000000,0.000000,-323017.812500,1306.038330,50.000000,-5.000000,0.000000,-0.000000,0.000000,-326509.562500,-941907.562500,1339162.250000,866.416382,396388.281250,-1851234.125000,-1454845.875000
ml,worst,863,2026-06-23,1321.898071,10.000000,1949.201538,50.000000,-3.000000,0.000000,-0.000000,0.000000,-292380.218750,1325.857666,50.000000,-5.000000,0.000000,-0.000000,0.000000,-331464.406250,1341.418213,50.000000,-5.000000,0.000000,-0.000000,0.000000,-335354.531250,-959199.125000,1339162.250000,866.416382,379096.718750,-1789270.625000,-1410173.875000
ml,worst,863,2026-06-24,1303.793945,10.000000,1949.201538,50.000000,-3.000000,0.000000,-0.000000,0.000000,-292380.218750,1316.363892,50.000000,-5.000000,0.000000,-0.000000,0.000000,-329090.968750,1331.444458,50.000000,-5.000000,0.000000,-0.000000,0.000000,-332861.093750,-954332.250000,1339162.250000,866.416382,383963.593750,-1834793.375000,-1450829.750000
ml,worst,863,2026-06-25,1288.679199,10.000000,1949.201538,50.000000,-3.000000,0.000000,-0.000000,0.000000,-292380.218750,1321.717651,50.000000,-5.000000,0.000000,-0.000000,0.000000,-330429.406250,1336.006348,50.000000,-5.000000,0.000000,-0.000000,0.000000,-334001.593750,-956811.250000,1339162.250000,866.416382,381484.593750,-1874020.750000,-1492536.125000
ml,worst,863,2026-06-26,1298.290039,10.000000,1949.201538,50.000000,-3.000000,0.000000,-0.000000,0.000000,-292380.218750,1338.480713,50.000000,-5.000000,0.000000,-0.000000,0.000000,-334620.156250,1355.869507,50.000000,-5.000000,0.000000,-0.000000,0.000000,-338967.375000,-965967.750000,1339162.250000,866.416382,372328.093750,-1850062.500000,-1477734.375000
ml,worst,863,2026-06-27,1286.400269,10.000000,1949.201538,50.000000,-3.000000,0.000000,-0.000000,0.000000,-292380.218750,1294.884399,50.000000,-5.000000,0.000000,-0.000000,0.000000,-323721.093750,1313.536621,50.000000,-5.000000,0.000000,-0.000000,0.000000,-328384.156250,-944485.500000,1339162.250000,866.416382,393810.343750,-1880052.375000,-1486242.000000
ml,worst,863,2026-06-28,1283.351074,10.000000,1949.201538,50.000000,-3.000000,0.000000,-0.000000,0.000000,-292380.218750,1278.004395,50.000000,-5.000000,0.000000,-0.000000,0.000000,-319501.093750,1295.567871,50.000000,-5.000000,0.000000,-0.000000,0.000000,-323891.968750,-935773.250000,1339162.250000,866.416382,402522.593750,-1888218.000000,-1485695.375000
ml,worst,863,2026-06-29,1280.749268,10.000000,1949.201538,50.000000,-3.000000,0.000000,-0.000000,0.000000,-292380.218750,1278.927246,50.000000,-5.000000,0.000000,-0.000000,0.000000,-319731.812500,1295.132202,50.000000,-5.000000,0.000000,-0.000000,0.000000,-323783.062500,-935895.062500,1339162.250000,866.416382,402400.781250,-1895187.250000,-1492786.500000
ml,worst,863,2026-06-30,1267.198364,10.000000,1949.201538,50.000000,-3.000000,0.000000,-0.000000,0.000000,-292380.218750,1295.132202,50.000000,-5.000000,0.000000,-0.000000,0.000000,-323783.062500,1311.280396,50.000000,-5.000000,0.000000,-0.000000,0.000000,-327820.093750,-943983.375000,1339162.250000,866.416382,394312.468750,-1930026.375000,-1535713.875000
ml,worst,863,2026-07-01,1264.111938,10.000000,1949.201538,50.000000,-3.000000,0.000000,-0.000000,0.000000,-292380.218750,1290.453613,50.000000,-5.000000,0.000000,-0.000000,0.000000,-322613.406250,1304.925537,50.000000,-5.000000,0.000000,-0.000000,0.000000,-326231.406250,-941225.000000,1339162.250000,866.416382,397070.843750,-1937456.000000,-1540385.125000
ml,worst,863,2026-07-02,1251.032959,10.000000,1949.201538,50.000000,-3.000000,0.000000,-0.000000,0.000000,-292380.218750,1263.152710,50.000000,-5.000000,0.000000,-0.000000,0.000000,-315788.187500,1275.891724,50.000000,-5.000000,0.000000,-0.000000,0.000000,-318972.937500,-927141.312500,1339162.250000,866.416382,411154.531250,-1969553.500000,-1558399.000000
ml,worst,863,2026-07-03,1265.538940,10.000000,1949.201538,50.000000,-3.000000,0.000000,-0.000000,0.000000,-292380.218750,1249.498901,50.000000,-5.000000,0.000000,-0.000000,0.000000,-312374.718750,1262.948853,50.000000,-5.000000,0.000000,-0.000000,0.000000,-315737.218750,-920492.125000,1339162.250000,866.416382,417803.718750,-1936646.125000,-1518842.375000
ml,worst,863,2026-07-04,1224.123169,10.000000,1949.201538,50.000000,-3.000000,0.000000,-0.000000,0.000000,-292380.218750,1203.082520,50.000000,-5.000000,0.000000,-0.000000,0.000000,-300770.625000,1216.254028,50.000000,-5.000000,0.000000,-0.000000,0.000000,-304063.500000,-897214.375000,1339162.250000,866.416382,441081.468750,-2027246.750000,-1586165.250000
ml,worst,863,2026-07-05,1210.067749,10.000000,1949.201538,50.000000,-3.000000,0.000000,-0.000000,0.000000,-292380.218750,1184.125610,50.000000,-5.000000,0.000000,-0.000000,0.000000,-296031.406250,1196.843750,50.000000,-5.000000,0.000000,-0.000000,0.000000,-299210.937500,-887622.562500,1339162.250000,866.416382,450673.281250,-2058356.125000,-1607682.875000
ml,worst,863,2026-07-06,1196.683594,10.000000,1949.201538,50.000000,-3.000000,0.000000,-0.000000,0.000000,-292380.218750,1191.304443,50.000000,-5.000000,0.000000,-0.000000,0.000000,-297826.125000,1204.705566,50.000000,-5.000000,0.000000,-0.000000,0.000000,-301176.406250,-891382.750000,1339162.250000,866.416382,446913.093750,-2088159.000000,-1641245.875000
ml,worst,863,2026-07-07,1202.884644,10.000000,1949.201538,50.000000,-3.000000,0.000000,-0.000000,0.000000,-292380.218750,1198.234497,50.000000,-5.000000,0.000000,-0.000000,0.000000,-299558.625000,1211.316772,50.000000,-5.000000,0.000000,-0.000000,0.000000,-302829.187500,-894768.062500,1339162.250000,866.416382,443527.781250,-2076297.375000,-1632769.625000
ml,worst,863,2026-07-08,1208.860107,10.000000,1949.201538,50.000000,-3.000000,0.000000,-0.000000,0.000000,-292380.218750,1228.082153,50.000000,-5.000000,0.000000,-0.000000,0.000000,-307020.531250,1241.536011,50.000000,-5.000000,0.000000,-0.000000,0.000000,-310384.000000,-909784.750000,1339162.250000,866.416382,428511.093750,-2065039.125000,-1636528.000000
ml,worst,863,2026-07-09,1188.335083,10.000000,1949.201538,50.000000,-3.000000,0.000000,-0.000000,0.000000,-292380.218750,1195.398804,50.000000,-5.000000,0.000000,-0.000000,0.000000,-298849.718750,1207.786987,50.000000,-5.000000,0.000000,-0.000000,0.000000,-301946.750000,-893176.687500,1339162.250000,866.416382,445119.156250,-2103761.000000,-1658641.875000
ml,worst,863,2026-07-10,1197.955078,10.000000,1949.201538,50.000000,-3.000000,0.000000,-0.000000,0.000000,-292380.218750,1220.162476,50.000000,-5.000000,0.000000,-0.000000,0.000000,-305040.625000,1232.659912,50.000000,-5.000000,0.000000,-0.000000,0.000000,-308165.000000,-905585.875000,1339162.250000,866.416382,432709.968750,-2087114.125000,-1654404.125000
ml,worst,863,2026-07-11,1203.651245,10.000000,1949.201538,50.000000,-3.000000,0.000000,-0.000000,0.000000,-292380.218750,1211.709717,50.000000,-5.000000,0.000000,-0.000000,0.000000,-302927.437500,1223.854370,50.000000,-5.000000,0.000000,-0.000000,0.000000,-305963.593750,-901271.250000,1339162.250000,866.416382,437024.593750,-2078528.875000,-1641504.250000
ml,worst,863,2026-07-12,1164.522827,10.000000,1949.201538,50.000000,-3.000000,0.000000,-0.000000,0.000000,-292380.218750,1159.897217,50.000000,-5.000000,0.000000,-0.000000,0.000000,-289974.312500,1172.005371,50.000000,-5.000000,0.000000,-0.000000,0.000000,-293001.343750,-875355.875000,1339162.250000,866.416382,462939.968750,-2142886.500000,-1679946.500000
ml,worst,863,2026-07-13,1161.806763,10.000000,1949.201538,50.000000,-3.000000,0.000000,-0.000000,0.000000,-292380.218750,1152.133057,50.000000,-5.000000,0.000000,-0.000000,0.000000,-288033.250000,1164.101440,50.000000,-5.000000,0.000000,-0.000000,0.000000,-291025.375000,-871438.875000,1339162.250000,866.416382,466856.968750,-2147940.250000,-1681083.250000
ml,worst,863,2026-07-14,1141.477905,10.000000,1949.201538,50.000000,-3.000000,0.000000,-0.000000,0.000000,-292380.218750,1139.324463,50.000000,-5.000000,0.000000,-0.000000,0.000000,-284831.093750,1150.010010,50.000000,-5.000000,0.000000,-0.000000,0.000000,-287502.500000,-864713.812500,1339162.250000,866.416382,473582.031250,-2179412.250000,-1705830.250000
ml,worst,863,2026-07-15,1132.583984,10.000000,1949.201538,50.000000,-3.000000,0.000000,-0.000000,0.000000,-292380.218750,1149.208740,50.000000,-5.000000,0.000000,-0.000000,0.000000,-287302.187500,1160.539795,50.000000,-5.000000,0.000000,-0.000000,0.000000,-290134.968750,-869817.375000,1339162.250000,866.416382,468478.468750,-2192251.000000,-1723772.500000
ml,worst,863,2026-07-16,1142.084961,10.000000,1949.201538,50.000000,-3.000000,0.000000,-0.000000,0.000000,-292380.218750,1139.011719,50.000000,-5.000000,0.000000,-0.000000,0.000000,-284752.937500,1149.947388,50.000000,-5.000000,0.000000,-0.000000,0.000000,-287486.843750,-864620.000000,1339162.250000,866.416382,473675.843750,-2180460.500000,-1706784.625000
ml,worst,863,2026-07-17,1142.265747,10.000000,1949.201538,50.000000,-3.000000,0.000000,-0.000000,0.000000,-292380.218750,1137.282104,50.000000,-5.000000,0.000000,-0.000000,0.000000,-284320.531250,1147.959106,50.000000,-5.000000,0.000000,-0.000000,0.000000,-286989.781250,-863690.500000,1339162.250000,866.416382,474605.343750,-2180692.500000,-1706087.125000
ml,worst,863,2026-07-18,1132.461426,10.000000,1949.201538,50.000000,-3.000000,0.000000,-0.000000,0.000000,-292380.218750,1139.622314,50.000000,-5.000000,0.000000,-0.000000,0.000000,-284905.562500,1150.249023,50.000000,-5.000000,0.000000,-0.000000,0.000000,-287562.250000,-864848.000000,1339162.250000,866.416382,473447.843750,-2191595.000000,-1718147.125000
ml,worst,863,2026-07-19,1130.382812,10.000000,1949.201538,50.000000,-3.000000,0.000000,-0.000000,0.000000,-292380.218750,1156.482544,50.000000,-5.000000,0.000000,-0.000000,0.000000,-289120.625000,1167.329102,50.000000,-5.000000,0.000000,-0.000000,0.000000,-291832.281250,-873333.125000,1339162.250000,866.416382,464962.718750,-2194285.750000,-1729323.000000
ml,worst,863,2026-07-20,1122.807129,10.000000,1949.201538,50.000000,-3.000000,0.000000,-0.000000,0.000000,-292380.218750,1129.536621,50.000000,-5.000000,0.000000,-0.000000,0.000000,-282384.156250,1139.414185,50.000000,-5.000000,0.000000,-0.000000,0.000000,-284853.531250,-859617.875000,1339162.250000,866.416382,478677.968750,-2202971.750000,-1724293.750000
ml,worst,863,2026-07-21,1149.523682,10.000000,1949.201538,50.000000,-3.000000,0.000000,-0.000000,0.000000,-292380.218750,1143.472046,50.000000,-5.000000,0.000000,-0.000000,0.000000,-285868.031250,1153.152588,50.000000,-5.000000,0.000000,-0.000000,0.000000,-288288.125000,-866536.375000,1339162.250000,866.416382,471759.468750,-2177375.000000,-1705615.500000
ml,worst,863,2026-07-22,1166.422363,10.000000,1949.201538,50.000000,-3.000000,0.000000,-0.000000,0.000000,-292380.218750,1159.793335,50.000000,-5.000000,0.000000,-0.000000,0.000000,-289948.343750,1171.193481,50.000000,-5.000000,0.000000,-0.000000,0.000000,-292798.375000,-875126.937500,1339162.250000,866.416382,463168.906250,-2163186.250000,-1700017.375000
ml,worst,863,2026-07-23,1151.714966,10.000000,1949.201538,50.000000,-3.000000,0.000000,-0.000000,0.000000,-292380.218750,1135.965088,50.000000,-5.000000,0.000000,-0.000000,0.000000,-283991.250000,1146.609619,50.000000,-5.000000,0.000000,-0.000000,0.000000,-286652.406250,-863023.875000,1339162.250000,866.416382,475271.968750,-2174744.000000,-1699472.000000
ml,worst,863,2026-07-24,1132.431152,10.000000,1949.201538,50.000000,-3.000000,0.000000,-0.000000,0.000000,-292380.218750,1115.854736,50.000000,-5.000000,0.000000,-0.000000,0.000000,-278963.687500,1126.777344,50.000000,-5.000000,0.000000,-0.000000,0.000000,-281694.343750,-853038.250000,1339162.250000,866.416382,485257.593750,-2187658.500000,-1702400.875000
ml,worst,863,2026-07-25,1139.428833,10.000000,1949.201538,50.000000,-3.000000,0.000000,-0.000000,0.000000,-292380.218750,1140.434814,50.000000,-5.000000,0.000000,-0.000000,0.000000,-285108.687500,1152.373901,50.000000,-5.000000,0.000000,-0.000000,0.000000,-288093.468750,-865582.375000,1339162.250000,866.416382,472713.468750,-2184171.000000,-1711457.500000
ml,worst,863,2026-07-26,1145.695312,10.000000,1949.201538,50.000000,-3.000000,0.000000,-0.000000,0.000000,-292380.218750,1156.038818,50.000000,-5.000000,0.000000,-0.000000,0.000000,-289009.718750,1169.028198,50.000000,-5.000000,0.000000,-0.000000,0.000000,-292257.062500,-873647.000000,1339162.250000,866.416382,464648.843750,-2181085.750000,-1716436.875000
ml,worst,863,2026-07-27,1146.595459,10.000000,1949.201538,50.000000,-3.000000,0.000000,-0.000000,0.000000,-292380.218750,1169.944580,50.000000,-5.000000,0.000000,-0.000000,0.000000,-292486.125000,1182.668945,50.000000,-5.000000,0.000000,-0.000000,0.000000,-295667.250000,-880533.625000,1339162.250000,866.416382,457762.218750,-2180950.250000,-1723188.000000
ml,worst,863,2026-07-28,1134.395264,10.000000,1949.201538,50.000000,-3.000000,0.000000,-0.000000,0.000000,-292380.218750,1166.819580,50.000000,-5.000000,0.000000,-0.000000,0.000000,-291704.875000,1179.751465,50.000000,-5.000000,0.000000,-0.000000,0.000000,-294937.875000,-879023.000000,1339162.250000,866.416382,459272.843750,-2186585.750000,-1727312.875000
ml,worst,863,2026-07-29,1150.267212,10.000000,1949.201538,50.000000,-3.000000,0.000000,-0.000000,0.000000,-292380.218750,1189.331543,50.000000,-5.000000,0.000000,-0.000000,0.000000,-297332.875000,1202.315796,50.000000,-5.000000,0.000000,-0.000000,0.000000,-300578.968750,-890292.125000,1339162.250000,866.416382,448003.718750,-2181679.000000,-1733675.250000
ml,worst,863,2026-07-30,1162.748413,10.000000,1949.201538,50.000000,-3.000000,0.000000,-0.000000,0.000000,-292380.218750,1189.331543,50.000000,-4.000000,1.000000,-59466.578125,29.733286,-237866.312500,1191.102295,50.000000,-5.000000,0.000000,-0.000000,0.000000,-297775.593750,-828022.125000,1279695.625000,896.149658,450777.343750,-2179206.250000,-1728428.875000
ml,worst,863,2026-07-31,1135.217773,10.000000,1949.201538,50.000000,-3.000000,0.000000,-0.000000,0.000000,-292380.218750,1189.331543,50.000000,-4.000000,0.000000,-0.000000,0.000000,-237866.312500,1137.789307,50.000000,-5.000000,0.000000,-0.000000,0.000000,-284447.312500,-814693.812500,1279695.625000,896.149658,464105.656250,-2182427.750000,-1718322.125000
ml,worst,863,2026-08-01,1128.478394,10.000000,1949.201538,50.000000,-3.000000,0.000000,-0.000000,0.000000,-292380.218750,1189.331543,50.000000,-4.000000,0.000000,-0.000000,0.000000,-237866.312500,1135.326416,50.000000,-5.000000,0.000000,-0.000000,0.000000,-283831.593750,-814078.125000,1279695.625000,896.149658,464721.343750,-2182619.750000,-1717898.375000
ml,worst,863,2026-08-02,1147.176270,10.000000,1949.201538,50.000000,-3.000000,0.000000,-0.000000,0.000000,-292380.218750,1189.331543,50.000000,-4.000000,0.000000,-0.000000,0.000000,-237866.312500,1161.669800,50.000000,-5.000000,0.000000,-0.000000,0.000000,-290417.468750,-820664.000000,1279695.625000,896.149658,458135.468750,-2182818.250000,-1724682.750000
ml,worst,863,2026-08-03,1136.225098,10.000000,1949.201538,50.000000,-3.000000,0.000000,-0.000000,0.000000,-292380.218750,1189.331543,50.000000,-4.000000,0.000000,-0.000000,0.000000,-237866.312500,1154.944336,50.000000,-5.000000,0.000000,-0.000000,0.000000,-288736.093750,-818982.625000,1279695.625000,896.149658,459816.843750,-2183024.000000,-1723207.125000
ml,worst,863,2026-08-04,1156.134399,10.000000,1949.201538,50.000000,-3.000000,0.000000,-0.000000,0.000000,-292380.218750,1189.331543,50.000000,-4.000000,0.000000,-0.000000,0.000000,-237866.312500,1167.785400,50.000000,-5.000000,0.000000,-0.000000,0.000000,-291946.343750,-822192.875000,1279695.625000,896.149658,456606.593750,-2183215.000000,-1726608.375000
ml,worst,863,2026-08-05,1145.073242,10.000000,1949.201538,50.000000,-3.000000,0.000000,-0.000000,0.000000,-292380.218750,1189.331543,50.000000,-4.000000,0.000000,-0.000000,0.000000,-237866.312500,1147.885132,50.000000,-5.000000,0.000000,-0.000000,0.000000,-286971.281250,-817217.750000,1279695.625000,896.149658,461581.718750,-2183397.250000,-1721815.500000
ml,worst,863,2026-08-06,1150.706055,10.000000,1949.201538,50.000000,-3.000000,0.000000,-0.000000,0.000000,-292380.218750,1189.331543,50.000000,-4.000000,0.000000,-0.000000,0.000000,-237866.312500,1168.765503,50.000000,-5.000000,0.000000,-0.000000,0.000000,-292191.375000,-822437.875000,1279695.625000,896.149658,456361.593750,-2183397.250000,-1727035.625000
ml,worst,863,2026-08-07,1155.738770,10.000000,1949.201538,50.000000,-3.000000,0.000000,-0.000000,0.000000,-292380.218750,1189.331543,50.000000,-4.000000,0.000000,-0.000000,0.000000,-237866.312500,1188.310303,50.000000,-5.000000,0.000000,-0.000000,0.000000,-297077.593750,-827324.125000,1279695.625000,896.149658,451475.343750,-2183397.250000,-1731921.875000
ml,worst,863,2026-08-08,1151.045776,10.000000,1949.201538,50.000000,-3.000000,0.000000,-0.000000,0.000000,-292380.218750,1189.331543,50.000000,-4.000000,0.000000,-0.000000,0.000000,-237866.312500,1166.604370,50.000000,-5.000000,0.000000,-0.000000,0.000000,-291651.093750,-821897.625000,1279695.625000,896.149658,456901.843750,-2183397.250000,-1726495.375000
ml,worst,863,2026-08-09,1148.687500,10.000000,1949.201538,50.000000,-3.000000,0.000000,-0.000000,0.000000,-292380.218750,1189.331543,50.000000,-4.000000,0.000000,-0.000000,0.000000,-237866.312500,1169.603638,50.000000,-5.000000,0.000000,-0.000000,0.000000,-292400.906250,-822647.375000,1279695.625000,896.149658,456152.093750,-2183397.250000,-1727245.125000
ml,worst,863,2026-08-10,1125.476074,10.000000,1949.201538,50.000000,-3.000000,0.000000,-0.000000,0.000000,-292380.218750,1189.331543,50.000000,-4.000000,0.000000,-0.000000,0.000000,-237866.312500,1159.214111,50.000000,-5.000000,0.000000,-0.000000,0.000000,-289803.500000,-820050.000000,1279695.625000,896.149658,458749.468750,-2183397.250000,-1724647.750000
ml,worst,863,2026-08-11,1120.102905,10.000000,1949.201538,50.000000,-3.000000,0.000000,-0.000000,0.000000,-292380.218750,1189.331543,50.000000,-4.000000,0.000000,-0.000000,0.000000,-237866.312500,1140.135742,50.000000,-5.000000,0.000000,-0.000000,0.000000,-285033.937500,-815280.437500,1279695.625000,896.149658,463519.031250,-2183397.250000,-1719878.250000
ml,worst,863,2026-08-12,1118.472900,10.000000,1949.201538,50.000000,-3.000000,0.000000,-0.000000,0.000000,-292380.218750,1189.331543,50.000000,-4.000000,0.000000,-0.000000,0.000000,-237866.312500,1143.118286,50.000000,-5.000000,0.000000,-0.000000,0.000000,-285779.562500,-816026.062500,1279695.625000,896.149658,462773.406250,-2183397.250000,-1720623.875000
ml,worst,863,2026-08-13,1115.138306,10.000000,1949.201538,50.000000,-3.000000,0.000000,-0.000000,0.000000,-292380.218750,1189.331543,50.000000,-4.000000,0.000000,-0.000000,0.000000,-237866.312500,1135.566772,50.000000,-5.000000,0.000000,-0.000000,0.000000,-283891.687500,-814138.187500,1279695.625000,896.149658,464661.281250,-2183397.250000,-1718736.000000
ml,worst,863,2026-08-14,1120.236450,10.000000,1949.201538,50.000000,-3.000000,0.000000,-0.000000,0.000000,-292380.218750,1189.331543,50.000000,-4.000000,0.000000,-0.000000,0.000000,-237866.312500,1165.993896,50.000000,-5.000000,0.000000,-0.000000,0.000000,-291498.500000,-821745.000000,1279695.625000,896.149658,457054.468750,-2183397.250000,-1726342.750000
ml,worst,863,2026-08-15,1117.482422,10.000000,1949.201538,50.000000,-3.000000,0.000000,-0.000000,0.000000,-292380.218750,1189.331543,50.000000,-4.000000,0.000000,-0.000000,0.000000,-237866.312500,1138.284790,50.000000,-5.000000,0.000000,-0.000000,0.000000,-284571.187500,-814817.687500,1279695.625000,896.149658,463981.781250,-2183397.250000,-1719415.500000
ml,worst,863,2026-08-16,1084.653198,10.000000,1949.201538,50.000000,-3.000000,0.000000,-0.000000,0.000000,-292380.218750,1189.331543,50.000000,-4.000000,0.000000,-0.000000,0.000000,-237866.312500,1079.665527,50.000000,-5.000000,0.000000,-0.000000,0.000000,-269916.375000,-800162.875000,1279695.625000,896.149658,478636.593750,-2183397.250000,-1704760.625000
ml,worst,863,2026-08-17,1068.084717,10.000000,1949.201538,50.000000,-3.000000,0.000000,-0.000000,0.000000,-292380.218750,1189.331543,50.000000,-4.000000,0.000000,-0.000000,0.000000,-237866.312500,1085.290649,50.000000,-5.000000,0.000000,-0.000000,0.000000,-271322.656250,-801569.125000,1279695.625000,896.149658,477230.343750,-2183397.250000,-1706166.875000
ml,worst,863,2026-08-18,1086.915771,10.000000,1949.201538,50.000000,-3.000000,0.000000,-0.000000,0.000000,-292380.218750,1189.331543,50.000000,-4.000000,0.000000,-0.000000,0.000000,-237866.312500,1103.375854,50.000000,-5.000000,0.000000,-0.000000,0.000000,-275843.968750,-806090.500000,1279695.625000,896.149658,472708.968750,-2183397.250000,-1710688.250000
ml,worst,863,2026-08-19,1092.194214,10.000000,1949.201538,50.000000,-3.000000,0.000000,-0.000000,0.000000,-292380.218750,1189.331543,50.000000,-4.000000,0.000000,-0.000000,0.000000,-237866.312500,1076.217529,50.000000,-5.000000,0.000000,-0.000000,0.000000,-269054.406250,-799300.875000,1279695.625000,896.149658,479498.593750,-2183397.250000,-1703898.625000
ml,worst,863,2026-08-20,1068.131592,10.000000,1949.201538,50.000000,-3.000000,0.000000,-0.000000,0.000000,-292380.218750,1189.331543,50.000000,-4.000000,0.000000,-0.000000,0.000000,-237866.312500,1062.120972,50.000000,-5.000000,0.000000,-0.000000,0.000000,-265530.250000,-795776.750000,1279695.625000,896.149658,483022.718750,-2183397.250000,-1700374.500000
ml,worst,863,2026-08-21,1057.060547,10.000000,1949.201538,50.000000,-3.000000,0.000000,-0.000000,0.000000,-292380.218750,1189.331543,50.000000,-4.000000,0.000000,-0.000000,0.000000,-237866.312500,1044.628540,50.000000,-5.000000,0.000000,-0.000000,0.000000,-261157.125000,-791403.625000,1279695.625000,896.149658,487395.843750,-2183397.250000,-1696001.375000
ml,worst,863,2026-08-22,1050.922119,10.000000,1949.201538,50.000000,-3.000000,0.000000,-0.000000,0.000000,-292380.218750,1189.331543,50.000000,-4.000000,0.000000,-0.000000,0.000000,-237866.312500,1050.016479,50.000000,-5.000000,0.000000,-0.000000,0.000000,-262504.125000,-792750.625000,1279695.625000,896.149658,486048.843750,-2183397.250000,-1697348.375000
ml,worst,863,2026-08-23,1054.488037,10.000000,1949.201538,50.000000,-3.000000,0.000000,-0.000000,0.000000,-292380.218750,1189.331543,50.000000,-4.000000,0.000000,-0.000000,0.000000,-237866.312500,1046.044312,50.000000,-5.000000,0.000000,-0.000000,0.000000,-261511.078125,-791757.562500,1279695.625000,896.149658,487041.906250,-2183397.250000,-1696355.375000
ml,worst,863,2026-08-24,1067.390259,10.000000,1949.201538,50.000000,1.000000,4.000000,-389840.312500,194.920151,97460.078125,1189.331543,50.000000,-3.000000,1.000000,-59466.578125,29.733286,-178399.734375,1064.358521,50.000000,-5.000000,0.000000,-0.000000,0.000000,-266089.625000,-347029.281250,830388.687500,1120.803223,482238.593750,-2183397.250000,-1701158.625000
ml,worst,863,2026-08-25,1069.373047,10.000000,1949.201538,50.000000,-7.000000,-8.000000,779680.625000,389.840302,-682220.562500,1189.331543,50.000000,-2.000000,1.000000,-59466.578125,29.733286,-118933.156250,1054.811646,50.000000,-4.000000,1.000000,-52740.582031,26.370291,-210962.328125,-1012116.062500,1497862.125000,1566.746948,484179.312500,-2183397.250000,-1699218.000000
ml,worst,863,2026-08-26,1063.156372,10.000000,1949.201538,50.000000,-1.000000,6.000000,-584760.437500,292.380219,-97460.078125,1189.331543,50.000000,-2.000000,0.000000,-0.000000,0.000000,-118933.156250,1052.295898,50.000000,-4.000000,0.000000,-0.000000,0.000000,-210459.187500,-426852.437500,913101.750000,1859.127197,484390.187500,-2183397.250000,-1699007.000000
ml,worst,863,2026-08-27,1078.375000,10.000000,1949.201538,50.000000,-1.000000,0.000000,-0.000000,0.000000,-97460.078125,1189.331543,50.000000,-2.000000,0.000000,-0.000000,0.000000,-118933.156250,1077.027222,50.000000,-4.000000,0.000000,-0.000000,0.000000,-215405.437500,-431798.687500,913101.750000,1859.127197,479443.937500,-2183397.250000,-1703953.250000
ml,worst,863,2026-08-28,1110.094482,10.000000,1949.201538,50.000000,-1.000000,0.000000,-0.000000,0.000000,-97460.078125,1189.331543,50.000000,-2.000000,0.000000,-0.000000,0.000000,-118933.156250,1117.788086,50.000000,-4.000000,0.000000,-0.000000,0.000000,-223557.625000,-439950.875000,913101.750000,1859.127197,471291.750000,-2183397.250000,-1712105.500000
ml,worst,863,2026-08-29,1112.776123,10.000000,1949.201538,50.000000,-1.000000,0.000000,-0.000000,0.000000,-97460.078125,1189.331543,50.000000,-2.000000,0.000000,-0.000000,0.000000,-118933.156250,1145.922852,50.000000,-4.000000,0.000000,-0.000000,0.000000,-229184.562500,-445577.812500,913101.750000,1859.127197,465664.812500,-2183397.250000,-1717732.500000
ml,worst,863,2026-08-30,1134.732788,10.000000,1949.201538,50.000000,-1.000000,0.000000,-0.000000,0.000000,-97460.078125,1189.331543,50.000000,-2.000000,0.000000,-0.000000,0.000000,-118933.156250,1140.093506,50.000000,-4.000000,0.000000,-0.000000,0.000000,-228018.703125,-444411.937500,913101.750000,1859.127197,466830.687500,-2183397.250000,-1716566.500000
ml,worst,863,2026-08-31,1132.836304,10.000000,1949.201538,50.000000,-1.000000,0.000000,-0.000000,0.000000,-97460.078125,1189.331543,50.000000,-2.000000,0.000000,-0.000000,0.000000,-118933.156250,1142.241333,50.000000,-4.000000,0.000000,-0.000000,0.000000,-228448.265625,-444841.500000,913101.750000,1859.127197,466401.125000,-2183397.250000,-1716996.125000
ml,worst,863,2026-09-01,1133.141479,10.000000,1949.201538,50.000000,-1.000000,0.000000,-0.000000,0.000000,-97460.078125,1189.331543,50.000000,-2.000000,0.000000,-0.000000,0.000000,-118933.156250,1159.959717,50.000000,-4.000000,0.000000,-0.000000,0.000000,-231991.937500,-448385.187500,913101.750000,1859.127197,462857.437500,-2183397.250000,-1720539.750000
ml,worst,863,2026-09-02,1142.251099,10.000000,1949.201538,50.000000,-1.000000,0.000000,-0.000000,0.000000,-97460.078125,1189.331543,50.000000,-2.000000,0.000000,-0.000000,0.000000,-118933.156250,1145.056763,50.000000,-4.000000,0.000000,-0.000000,0.000000,-229011.359375,-445404.593750,913101.750000,1859.127197,465838.031250,-2183397.250000,-1717559.250000
ml,worst,863,2026-09-03,1117.010010,10.000000,1949.201538,50.000000,-1.000000,0.000000,-0.000000,0.000000,-97460.078125,1189.331543,50.000000,-2.000000,0.000000,-0.000000,0.000000,-118933.156250,1111.158569,50.000000,-4.000000,0.000000,-0.000000,0.000000,-222231.718750,-438624.937500,913101.750000,1859.127197,472617.687500,-2183397.250000,-1710779.500000
ml,worst,863,2026-09-04,1109.012573,10.000000,1949.201538,50.000000,-1.000000,0.000000,-0.000000,0.000000,-97460.078125,1189.331543,50.000000,-2.000000,0.000000,-0.000000,0.000000,-118933.156250,1107.092407,50.000000,-4.000000,0.000000,-0.000000,0.000000,-221418.484375,-437811.718750,913101.750000,1859.127197,473430.906250,-2183397.250000,-1709966.375000
ml,worst,863,2026-09-05,1118.726807,10.000000,1949.201538,50.000000,-1.000000,0.000000,-0.000000,0.000000,-97460.078125,1189.331543,50.000000,-2.000000,0.000000,-0.000000,0.000000,-118933.156250,1120.177368,50.000000,-4.000000,0.000000,-0.000000,0.000000,-224035.468750,-440428.687500,913101.750000,1859.127197,470813.937500,-2183397.250000,-1712583.250000
ml,worst,863,2026-09-06,1099.750000,10.000000,1949.201538,50.000000,-1.000000,0.000000,-0.000000,0.000000,-97460.078125,1189.331543,50.000000,-2.000000,0.000000,-0.000000,0.000000,-118933.156250,1112.019775,50.000000,-4.000000,0.000000,-0.000000,0.000000,-222403.953125,-438797.187500,913101.750000,1859.127197,472445.437500,-2183397.250000,-1710951.750000
ml,worst,863,2026-09-07,1097.438721,10.000000,1949.201538,50.000000,-1.000000,0.000000,-0.000000,0.000000,-97460.078125,1189.331543,50.000000,-2.000000,0.000000,-0.000000,0.000000,-118933.156250,1089.255127,50.000000,-4.000000,0.000000,-0.000000,0.000000,-217851.031250,-434244.250000,913101.750000,1859.127197,476998.375000,-2183397.250000,-1706398.875000
ml,worst,863,2026-09-08,1104.357544,10.000000,1949.201538,50.000000,-1.000000,0.000000,-0.000000,0.000000,-97460.078125,1189.331543,50.000000,-2.000000,0.000000,-0.000000,0.000000,-118933.156250,1103.584351,50.000000,-4.000000,0.000000,-0.000000,0.000000,-220716.875000,-437110.125000,913101.750000,1859.127197,474132.500000,-2183397.250000,-1709264.750000
ml,worst,863,2026-09-09,1109.612305,10.000000,1949.201538,50.000000,-1.000000,0.000000,-0.000000,0.000000,-97460.078125,1189.331543,50.000000,-2.000000,0.000000,-0.000000,0.000000,-118933.156250,1128.164795,50.000000,-4.000000,0.000000,-0.000000,0.000000,-225632.953125,-442026.187500,913101.750000,1859.127197,469216.437500,-2183397.250000,-1714180.750000
ml,worst,863,2026-09-10,1116.771973,10.000000,1949.201538,50.000000,-1.000000,0.000000,-0.000000,0.000000,-97460.078125,1189.331543,50.000000,-2.000000,0.000000,-0.000000,0.000000,-118933.156250,1127.193481,50.000000,-4.000000,0.000000,-0.000000,0.000000,-225438.703125,-441831.937500,913101.750000,1859.127197,469410.687500,-2183397.250000,-1713986.500000
ml,worst,863,2026-09-11,1114.964355,10.000000,1949.201538,50.000000,-1.000000,0.000000,-0.000000,0.000000,-97460.078125,1189.331543,50.000000,-2.000000,0.000000,-0.000000,0.000000,-118933.156250,1133.994751,50.000000,-4.000000,0.000000,-0.000000,0.000000,-226798.953125,-443192.187500,913101.750000,1859.127197,468050.437500,-2183397.250000,-1715346.750000
ml,worst,863,2026-09-12,1131.720215,10.000000,1949.201538,50.000000,-1.000000,0.000000,-0.000000,0.000000,-97460.078125,1189.331543,50.000000,-2.000000,0.000000,-0.000000,0.000000,-118933.156250,1149.445923,50.000000,-4.000000,0.000000,-0.000000,0.000000,-229889.187500,-446282.437500,913101.750000,1859.127197,464960.187500,-2183397.250000,-1718437.000000
ml,worst,863,2026-09-13,1136.070068,10.000000,1949.201538,50.000000,-1.000000,0.000000,-0.000000,0.000000,-97460.078125,1189.331543,50.000000,-2.000000,0.000000,-0.000000,0.000000,-118933.156250,1160.607056,50.000000,-4.000000,0.000000,-0.000000,0.000000,-232121.406250,-448514.625000,913101.750000,1859.127197,462728.000000,-2183397.250000,-1720669.250000
ml,worst,863,2026-09-14,1136.934448,10.000000,1949.201538,50.000000,-1.000000,0.000000,-0.000000,0.000000,-97460.078125,1189.331543,50.000000,-2.000000,0.000000,-0.000000,0.000000,-118933.156250,1150.223267,50.000000,-4.000000,0.000000,-0.000000,0.000000,-230044.656250,-446437.875000,913101.750000,1859.127197,464804.750000,-2183397.250000,-1718592.500000
ml,worst,863,2026-09-15,1127.445679,10.000000,1949.201538,50.000000,-1.000000,0.000000,-0.000000,0.000000,-97460.078125,1189.331543,50.000000,-2.000000,0.000000,-0.000000,0.000000,-118933.156250,1137.090576,50.000000,-4.000000,0.000000,-0.000000,0.000000,-227418.109375,-443811.343750,913101.750000,1859.127197,467431.281250,-2183397.250000,-1715966.000000
ml,worst,863,2026-09-16,1169.211548,10.000000,1949.201538,50.000000,-1.000000,0.000000,-0.000000,0.000000,-97460.078125,1189.331543,50.000000,-2.000000,0.000000,-0.000000,0.000000,-118933.156250,1188.027710,50.000000,-4.000000,0.000000,-0.000000,0.000000,-237605.546875,-453998.781250,913101.750000,1859.127197,457243.843750,-2183397.250000,-1726153.375000
ml,worst,863,2026-09-17,1160.234985,10.000000,1949.201538,50.000000,-1.000000,0.000000,-0.000000,0.000000,-97460.078125,1189.331543,50.000000,-2.000000,0.000000,-0.000000,0.000000,-118933.156250,1175.192261,50.000000,-4.000000,0.000000,-0.000000,0.000000,-235038.453125,-451431.687500,913101.750000,1859.127197,459810.937500,-2183397.250000,-1723586.250000
ml,worst,863,2026-09-18,1166.397339,10.000000,1949.201538,50.000000,-1.000000,0.000000,-0.000000,0.000000,-97460.078125,1189.331543,50.000000,-2.000000,0.000000,-0.000000,0.000000,-118933.156250,1183.965332,50.000000,-4.000000,0.000000,-0.000000,0.000000,-236793.062500,-453186.312500,913101.750000,1859.127197,458056.312500,-2183397.250000,-1725341.000000
ml,worst,863,2026-09-19,1173.151123,10.000000,1949.201538,50.000000,-1.000000,0.000000,-0.000000,0.000000,-97460.078125,1189.331543,50.000000,-2.000000,0.000000,-0.000000,0.000000,-118933.156250,1173.569092,50.000000,-4.000000,0.000000,-0.000000,0.000000,-234713.812500,-451107.062500,913101.750000,1859.127197,460135.562500,-2183397.250000,-1723261.750000
ml,worst,863,2026-09-20,1181.884277,10.000000,1949.201538,50.000000,-1.000000,0.000000,-0.000000,0.000000,-97460.078125,1189.331543,50.000000,-2.000000,0.000000,-0.000000,0.000000,-118933.156250,1167.418457,50.000000,-4.000000,0.000000,-0.000000,0.000000,-233483.687500,-449876.937500,913101.750000,1859.127197,461365.687500,-2183397.250000,-1722031.500000
ml,worst,863,2026-09-21,1181.299561,10.000000,1949.201538,50.000000,-1.000000,0.000000,-0.000000,0.000000,-97460.078125,1189.331543,50.000000,-2.000000,0.000000,-0.000000,0.000000,-118933.156250,1189.238647,50.000000,-4.000000,0.000000,-0.000000,0.000000,-237847.734375,-454240.968750,913101.750000,1859.127197,457001.656250,-2183397.250000,-1726395.625000
ml,worst,863,2026-09-22,1198.536133,10.000000,1949.201538,50.000000,-1.000000,0.000000,-0.000000,0.000000,-97460.078125,1189.331543,50.000000,-2.000000,0.000000,-0.000000,0.000000,-118933.156250,1211.666382,50.000000,-4.000000,0.000000,-0.000000,0.000000,-242333.281250,-458726.500000,913101.750000,1859.127197,452516.125000,-2183397.250000,-1730881.125000
ml,worst,863,2026-09-23,1182.720947,10.000000,1949.201538,50.000000,-1.000000,0.000000,-0.000000,0.000000,-97460.078125,1189.331543,50.000000,-2.000000,0.000000,-0.000000,0.000000,-118933.156250,1190.936401,50.000000,-4.000000,0.000000,-0.000000,0.000000,-238187.281250,-454580.500000,913101.750000,1859.127197,456662.125000,-2183397.250000,-1726735.125000
ml,worst,863,2026-09-24,1144.266479,10.000000,1949.201538,50.000000,-1.000000,0.000000,-0.000000,0.000000,-97460.078125,1189.331543,50.000000,-2.000000,0.000000,-0.000000,0.000000,-118933.156250,1143.153320,50.000000,-4.000000,0.000000,-0.000000,0.000000,-228630.656250,-445023.875000,913101.750000,1859.127197,466218.750000,-2183397.250000,-1717178.500000
ml,worst,863,2026-09-25,1138.730347,10.000000,1949.201538,50.000000,-1.000000,0.000000,-0.000000,0.000000,-97460.078125,1189.331543,50.000000,-2.000000,0.000000,-0.000000,0.000000,-118933.156250,1130.125732,50.000000,-4.000000,0.000000,-0.000000,0.000000,-226025.140625,-442418.375000,913101.750000,1859.127197,468824.250000,-2183397.250000,-1714573.000000
ml,worst,863,2026-09-26,1125.178833,10.000000,1949.201538,50.000000,-1.000000,0.000000,-0.000000,0.000000,-97460.078125,1189.331543,50.000000,-2.000000,0.000000,-0.000000,0.000000,-118933.156250,1106.963135,50.000000,-4.000000,0.000000,-0.000000,0.000000,-221392.625000,-437785.875000,913101.750000,1859.127197,473456.750000,-2183397.250000,-1709940.500000
ml,worst,863,2026-09-27,1123.385620,10.000000,1949.201538,50.000000,-1.000000,0.000000,-0.000000,0.000000,-97460.078125,1189.331543,50.000000,-2.000000,0.000000,-0.000000,0.000000,-118933.156250,1108.122559,50.000000,-4.000000,0.000000,-0.000000,0.000000,-221624.515625,-438017.750000,913101.750000,1859.127197,473224.875000,-2183397.250000,-1710172.375000
ml,worst,863,2026-09-28,1119.980103,10.000000,1949.201538,50.000000,-1.000000,0.000000,-0.000000,0.000000,-97460.078125,1189.331543,50.000000,-2.000000,0.000000,-0.000000,0.000000,-118933.156250,1037.504150,50.000000,-4.000000,0.000000,-0.000000,0.000000,-207500.828125,-423894.062500,913101.750000,1859.127197,487348.562500,-2183397.250000,-1696048.750000
ml,worst,863,2026-09-29,1112.503418,10.000000,1949.201538,50.000000,-1.000000,0.000000,-0.000000,0.000000,-97460.078125,1189.331543,50.000000,-2.000000,0.000000,-0.000000,0.000000,-118933.156250,1076.541992,50.000000,-4.000000,0.000000,-0.000000,0.000000,-215308.406250,-431701.625000,913101.750000,1859.127197,479541.000000,-2183397.250000,-1703856.250000
ml,worst,863,2026-09-30,1104.010010,10.000000,1949.201538,50.000000,-1.000000,0.000000,-0.000000,0.000000,-97460.078125,1189.331543,50.000000,-2.000000,0.000000,-0.000000,0.000000,-118933.156250,1084.425293,50.000000,-4.000000,0.000000,-0.000000,0.000000,-216885.062500,-433278.312500,913101.750000,1859.127197,477964.312500,-2183397.250000,-1705433.000000
ml,worst,863,2026-10-01,1098.295166,10.000000,1949.201538,50.000000,-1.000000,0.000000,-0.000000,0.000000,-97460.078125,1189.331543,50.000000,-2.000000,0.000000,-0.000000,0.000000,-118933.156250,1087.563843,50.000000,-4.000000,0.000000,-0.000000,0.000000,-217512.765625,-433906.000000,913101.750000,1859.127197,477336.625000,-2183397.250000,-1706060.625000
ml,worst,863,2026-10-02,1102.514893,10.000000,1949.201538,50.000000,-1.000000,0.000000,-0.000000,0.000000,-97460.078125,1189.331543,50.000000,-2.000000,0.000000,-0.000000,0.000000,-118933.156250,1105.451782,50.000000,-4.000000,0.000000,-0.000000,0.000000,-221090.359375,-437483.593750,913101.750000,1859.127197,473759.031250,-2183397.250000,-1709638.250000
ml,worst,863,2026-10-03,1095.625488,10.000000,1949.201538,50.000000,-1.000000,0.000000,-0.000000,0.000000,-97460.078125,1189.331543,50.000000,-2.000000,0.000000,-0.000000,0.000000,-118933.156250,1087.226318,50.000000,-4.000000,0.000000,-0.000000,0.000000,-217445.265625,-433838.500000,913101.750000,1859.127197,477404.125000,-2183397.250000,-1705993.125000
ml,worst,863,2026-10-04,1085.709839,10.000000,1949.201538,50.000000,-1.000000,0.000000,-0.000000,0.000000,-97460.078125,1189.331543,50.000000,-2.000000,0.000000,-0.000000,0.000000,-118933.156250,1075.515869,50.000000,-4.000000,0.000000,-0.000000,0.000000,-215103.171875,-431496.406250,913101.750000,1859.127197,479746.218750,-2183397.250000,-1703651.000000
ml,worst,863,2026-10-05,1094.690186,10.000000,1949.201538,50.000000,-1.000000,0.000000,-0.000000,0.000000,-97460.078125,1189.331543,50.000000,-2.000000,0.000000,-0.000000,0.000000,-118933.156250,1088.129517,50.000000,-4.000000,0.000000,-0.000000,0.000000,-217625.906250,-434019.125000,913101.750000,1859.127197,477223.500000,-2183397.250000,-1706173.750000
ml,worst,863,2026-10-06,1081.824097,10.000000,1949.201538,50.000000,-1.000000,0.000000,-0.000000,0.000000,-97460.078125,1189.331543,50.000000,-2.000000,0.000000,-0.000000,0.000000,-118933.156250,1095.982910,50.000000,-4.000000,0.000000,-0.000000,0.000000,-219196.578125,-435589.812500,913101.750000,1859.127197,475652.812500,-2183397.250000,-1707744.500000
ml,worst,863,2026-10-07,1087.963745,10.000000,1949.201538,50.000000,-1.000000,0.000000,-0.000000,0.000000,-97460.078125,1189.331543,50.000000,-2.000000,0.000000,-0.000000,0.000000,-118933.156250,1109.386841,50.000000,-4.000000,0.000000,-0.000000,0.000000,-221877.375000,-438270.625000,913101.750000,1859.127197,472972.000000,-2183397.250000,-1710425.250000
ml,worst,863,2026-10-08,1096.830811,10.000000,1949.201538,50.000000,-1.000000,0.000000,-0.000000,0.000000,-97460.078125,1189.331543,50.000000,-2.000000,0.000000,-0.000000,0.000000,-118933.156250,1123.357056,50.000000,-4.000000,0.000000,-0.000000,0.000000,-224671.406250,-441064.625000,913101.750000,1859.127197,470178.000000,-2183397.250000,-1713219.250000
ml,worst,863,2026-10-09,1101.320557,10.000000,1949.201538,50.000000,-1.000000,0.000000,-0.000000,0.000000,-97460.078125,1189.331543,50.000000,-2.000000,0.000000,-0.000000,0.000000,-118933.156250,1119.069458,50.000000,-4.000000,0.000000,-0.000000,0.000000,-223813.890625,-440207.125000,913101.750000,1859.127197,471035.500000,-2183397.250000,-1712361.750000
ml,worst,863,2026-10-10,1093.516846,10.000000,1949.201538,50.000000,-1.000000,0.000000,-0.000000,0.000000,-97460.078125,1189.331543,50.000000,-2.000000,0.000000,-0.000000,0.000000,-118933.156250,1087.675537,50.000000,-4.000000,0.000000,-0.000000,0.000000,-217535.109375,-433928.343750,913101.750000,1859.127197,477314.281250,-2183397.250000,-1706083.000000
ml,worst,863,2026-10-11,1108.749146,10.000000,1949.201538,50.000000,-1.000000,0.000000,-0.000000,0.000000,-97460.078125,1189.331543,50.000000,-2.000000,0.000000,-0.000000,0.000000,-118933.156250,1089.785034,50.000000,-4.000000,0.000000,-0.000000,0.000000,-217957.000000,-434350.250000,913101.750000,1859.127197,476892.375000,-2183397.250000,-1706504.875000
ml,worst,863,2026-10-12,1102.813599,10.000000,1949.201538,50.000000,-1.000000,0.000000,-0.000000,0.000000,-97460.078125,1189.331543,50.000000,-2.000000,0.000000,-0.000000,0.000000,-118933.156250,1086.879883,50.000000,-4.000000,0.000000,-0.000000,0.000000,-217375.968750,-433769.187500,913101.750000,1859.127197,477473.437500,-2183397.250000,-1705923.750000
ml,worst,863,2026-10-13,1107.770996,10.000000,1949.201538,50.000000,-1.000000,0.000000,-0.000000,0.000000,-97460.078125,1189.331543,50.000000,-2.000000,0.000000,-0.000000,0.000000,-118933.156250,1081.596680,50.000000,-4.000000,0.000000,-0.000000,0.000000,-216319.343750,-432712.562500,913101.750000,1859.127197,478530.062500,-2183397.250000,-1704867.250000
ml,worst,863,2026-10-14,1135.667114,10.000000,1949.201538,50.000000,-1.000000,0.000000,-0.000000,0.000000,-97460.078125,1189.331543,50.000000,-2.000000,0.000000,-0.000000,0.000000,-118933.156250,1151.328369,50.000000,-4.000000,0.000000,-0.000000,0.000000,-230265.671875,-446658.906250,913101.750000,1859.127197,464583.718750,-2183397.250000,-1718813.500000
ml,worst,863,2026-10-15,1123.557495,10.000000,1949.201538,50.000000,-1.000000,0.000000,-0.000000,0.000000,-97460.078125,1189.331543,50.000000,-2.000000,0.000000,-0.000000,0.000000,-118933.156250,1123.387817,50.000000,-4.000000,0.000000,-0.000000,0.000000,-224677.562500,-441070.812500,913101.750000,1859.127197,470171.812500,-2183397.250000,-1713225.500000
ml,worst,863,2026-10-16,1123.160522,10.000000,1949.201538,50.000000,-1.000000,0.000000,-0.000000,0.000000,-97460.078125,1189.331543,50.000000,-2.000000,0.000000,-0.000000,0.000000,-118933.156250,1121.463501,50.000000,-4.000000,0.000000,-0.000000,0.000000,-224292.703125,-440685.937500,913101.750000,1859.127197,470556.687500,-2183397.250000,-1712840.500000
ml,worst,863,2026-10-17,1131.509277,10.000000,1949.201538,50.000000,-1.000000,0.000000,-0.000000,0.000000,-97460.078125,1189.331543,50.000000,-2.000000,0.000000,-0.000000,0.000000,-118933.156250,1140.408936,50.000000,-4.000000,0.000000,-0.000000,0.000000,-228081.781250,-444475.000000,913101.750000,1859.127197,466767.625000,-2183397.250000,-1716629.625000
ml,worst,863,2026-10-18,1134.997437,10.000000,1949.201538,50.000000,-1.000000,0.000000,-0.000000,0.000000,-97460.078125,1189.331543,50.000000,-2.000000,0.000000,-0.000000,0.000000,-118933.156250,1159.087036,50.000000,-4.000000,0.000000,-0.000000,0.000000,-231817.406250,-448210.625000,913101.750000,1859.127197,463032.000000,-2183397.250000,-1720365.250000
ml,worst,863,2026-10-19,1125.080078,10.000000,1949.201538,50.000000,-1.000000,0.000000,-0.000000,0.000000,-97460.078125,1189.331543,50.000000,-2.000000,0.000000,-0.000000,0.000000,-118933.156250,1133.814453,50.000000,-4.000000,0.000000,-0.000000,0.000000,-226762.890625,-443156.125000,913101.750000,1859.127197,468086.500000,-2183397.250000,-1715310.750000
ml,worst,863,2026-10-20,1134.555908,10.000000,1949.201538,50.000000,-1.000000,0.000000,-0.000000,0.000000,-97460.078125,1189.331543,50.000000,-2.000000,0.000000,-0.000000,0.000000,-118933.156250,1140.786011,50.000000,-4.000000,0.000000,-0.000000,0.000000,-228157.203125,-444550.437500,913101.750000,1859.127197,466692.187500,-2183397.250000,-1716705.000000
ml,worst,863,2026-10-21,1126.011230,10.000000,1949.201538,50.000000,-1.000000,0.000000,-0.000000,0.000000,-97460.078125,1189.331543,50.000000,-2.000000,0.000000,-0.000000,0.000000,-118933.156250,1123.648315,50.000000,-4.000000,0.000000,-0.000000,0.000000,-224729.656250,-441122.875000,913101.750000,1859.127197,470119.750000,-2183397.250000,-1713277.500000
ml,worst,863,2026-10-22,1121.261475,10.000000,1949.201538,50.000000,-1.000000,0.000000,-0.000000,0.000000,-97460.078125,1189.331543,50.000000,-2.000000,0.000000,-0.000000,0.000000,-118933.156250,1117.066284,50.000000,-4.000000,0.000000,-0.000000,0.000000,-223413.250000,-439806.500000,913101.750000,1859.127197,471436.125000,-2183397.250000,-1711961.125000
ml,worst,863,2026-10-23,1108.778809,10.000000,1949.201538,50.000000,-1.000000,0.000000,-0.000000,0.000000,-97460.078125,1189.331543,50.000000,-2.000000,0.000000,-0.000000,0.000000,-118933.156250,1099.938965,50.000000,-4.000000,0.000000,-0.000000,0.000000,-219987.796875,-436381.031250,913101.750000,1859.127197,474861.593750,-2183397.250000,-1708535.625000
ml,worst,863,2026-10-24,1095.243042,10.000000,1949.201538,50.000000,-1.000000,0.000000,-0.000000,0.000000,-97460.078125,1189.331543,50.000000,-2.000000,0.000000,-0.000000,0.000000,-118933.156250,1081.843018,50.000000,-4.000000,0.000000,-0.000000,0.000000,-216368.609375,-432761.843750,913101.750000,1859.127197,478480.781250,-2183397.250000,-1704916.500000
ml,worst,863,2026-10-25,1094.570068,10.000000,1949.201538,50.000000,-1.000000,0.000000,-0.000000,0.000000,-97460.078125,1189.331543,50.000000,-2.000000,0.000000,-0.000000,0.000000,-118933.156250,1080.067139,50.000000,-4.000000,0.000000,-0.000000,0.000000,-216013.421875,-432406.656250,913101.750000,1859.127197,478835.968750,-2183397.250000,-1704561.250000
ml,worst,863,2026-10-26,1085.649292,10.000000,1949.201538,50.000000,-1.000000,0.000000,-0.000000,0.000000,-97460.078125,1189.331543,50.000000,-2.000000,0.000000,-0.000000,0.000000,-118933.156250,1072.971436,50.000000,-4.000000,0.000000,-0.000000,0.000000,-214594.281250,-430987.500000,913101.750000,1859.127197,480255.125000,-2183397.250000,-1703142.125000
ml,worst,863,2026-10-27,1090.522217,10.000000,1949.201538,50.000000,-1.000000,0.000000,-0.000000,0.000000,-97460.078125,1189.331543,50.000000,-2.000000,0.000000,-0.000000,0.000000,-118933.156250,1081.967773,50.000000,-4.000000,0.000000,-0.000000,0.000000,-216393.562500,-432786.812500,913101.750000,1859.127197,478455.812500,-2183397.250000,-1704941.500000
ml,worst,863,2026-10-28,1094.882324,10.000000,1949.201538,50.000000,-1.000000,0.000000,-0.000000,0.000000,-97460.078125,1189.331543,50.000000,-2.000000,0.000000,-0.000000,0.000000,-118933.156250,1072.123291,50.000000,-4.000000,0.000000,-0.000000,0.000000,-214424.656250,-430817.875000,913101.750000,1859.127197,480424.750000,-2183397.250000,-1702972.500000
ml,worst,863,2026-10-29,1110.321655,10.000000,1949.201538,50.000000,0.000000,1.000000,-97460.078125,48.730038,0.000000,1189.331543,50.000000,0.000000,2.000000,-118933.156250,59.466572,0.000000,1086.795898,50.000000,0.000000,4.000000,-217359.187500,108.679596,0.000000,0.000000,479349.312500,2076.003418,477273.312500,-2183397.250000,-1706124.000000
ml,worst,863,2026-10-30,1108.412476,10.000000,1949.201538,50.000000,0.000000,0.000000,-0.000000,0.000000,0.000000,1189.331543,50.000000,0.000000,0.000000,-0.000000,0.000000,0.000000,1086.795898,50.000000,0.000000,0.000000,-0.000000,0.000000,0.000000,0.000000,479349.312500,2076.003418,477273.312500,-2183397.250000,-1706124.000000
ml,p5,888,2026-04-10,2055.000244,10.000000,2026.171509,50.000000,-5.000000,-5.000000,506542.875000,253.271423,-506542.875000,2047.068848,50.000000,-5.000000,-5.000000,511767.187500,255.883606,-511767.187500,2070.749756,50.000000,-5.000000,-5.000000,517687.437500,258.843719,-517687.437500,-1535997.500000,1535997.500000,767.998779,-767.998779,29559.361328,28791.363281
ml,p5,888,2026-04-11,2061.149658,10.000000,2053.278564,50.000000,-5.000000,0.000000,-0.000000,0.000000,-513319.625000,2075.018066,50.000000,-5.000000,0.000000,-0.000000,0.000000,-518754.500000,2098.731201,50.000000,-5.000000,0.000000,-0.000000,0.000000,-524682.812500,-1556757.000000,1535997.500000,767.998779,-21527.498047,47190.089844,25662.591797
ml,p5,888,2026-04-12,2050.726318,10.000000,2052.412598,50.000000,-5.000000,0.000000,-0.000000,0.000000,-513103.125000,2072.302490,50.000000,-5.000000,0.000000,-0.000000,0.000000,-518075.625000,2094.432617,50.000000,-5.000000,0.000000,-0.000000,0.000000,-523608.156250,-1554786.875000,1535997.500000,767.998779,-19557.373047,18665.388672,-891.984375
ml,p5,888,2026-04-13,2031.851074,10.000000,2025.343994,50.000000,-4.000000,1.000000,-101267.203125,50.633598,-405068.812500,2044.126831,50.000000,-4.000000,1.000000,-102206.343750,51.103172,-408825.375000,2064.243652,50.000000,-5.000000,0.000000,-0.000000,0.000000,-516060.937500,-1329955.125000,1332524.000000,869.735596,1699.139404,-29541.724609,-27842.585938
ml,p5,888,2026-04-14,2045.432373,10.000000,2027.976318,50.000000,-4.000000,0.000000,-0.000000,0.000000,-405595.250000,2048.025635,50.000000,-4.000000,0.000000,-0.000000,0.000000,-409605.125000,2069.160400,50.000000,-5.000000,0.000000,-0.000000,0.000000,-517290.093750,-1332490.500000,1332524.000000,869.735596,-836.235596,6224.973633,5388.738281
ml,p5,888,2026-04-15,2019.117676,10.000000,2007.731934,50.000000,-4.000000,0.000000,-0.000000,0.000000,-401546.375000,2028.719971,50.000000,-4.000000,0.000000,-0.000000,0.000000,-405744.000000,2050.031250,50.000000,-5.000000,0.000000,-0.000000,0.000000,-512507.812500,-1319798.250000,1332524.000000,869.735596,11856.014648,-54703.214844,-42847.199219
ml,p5,888,2026-04-16,2009.601807,10.000000,2019.414917,50.000000,-4.000000,0.000000,-0.000000,0.000000,-403882.968750,2040.983521,50.000000,-4.000000,0.000000,-0.000000,0.000000,-408196.718750,2063.158936,50.000000,-5.000000,0.000000,-0.000000,0.000000,-515789.750000,-1327869.500000,1332524.000000,869.735596,3784.764404,-75005.468750,-71220.703125
ml,p5,888,2026-04-17,2010.781738,10.000000,2019.795288,50.000000,-4.000000,0.000000,-0.000000,0.000000,-403959.062500,2044.853516,50.000000,-4.000000,0.000000,-0.000000,0.000000,-408970.687500,2068.635498,50.000000,-5.000000,0.000000,-0.000000,0.000000,-517158.875000,-1330088.625000,1332524.000000,869.735596,1565.639404,-75586.187500,-74020.546875
ml,p5,888,2026-04-18,2007.407593,10.000000,2022.766235,50.000000,-4.000000,0.000000,-0.000000,0.000000,-404553.250000,2046.241211,50.000000,-4.000000,0.000000,-0.000000,0.000000,-409248.250000,2069.512939,50.000000,-5.000000,0.000000,-0.000000,0.000000,-517378.218750,-1331179.750000,1332524.000000,869.735596,474.514404,-81674.164062,-81199.648438
ml,p5,888,2026-04-19,2015.292358,10.000000,2016.664307,50.000000,-4.000000,0.000000,-0.000000,0.000000,-403332.875000,2038.012451,50.000000,-4.000000,0.000000,-0.000000,0.000000,-407602.500000,2060.144043,50.000000,-5.000000,0.000000,-0.000000,0.000000,-515036.031250,-1325971.375000,1332524.000000,869.735596,5682.889648,-67962.015625,-62279.125000
ml,p5,888,2026-04-20,1988.917847,10.000000,1972.265991,50.000000,-4.000000,0.000000,-0.000000,0.000000,-394453.187500,1990.959961,50.000000,-4.000000,0.000000,-0.000000,0.000000,-398192.000000,2010.874390,50.000000,-5.000000,0.000000,-0.000000,0.000000,-502718.593750,-1295363.750000,1332524.000000,869.735596,36290.515625,-125536.718750,-89246.203125
ml,p5,888,2026-04-21,1990.015259,10.000000,1987.795044,50.000000,-4.000000,0.000000,-0.000000,0.000000,-397559.000000,2005.651733,50.000000,-4.000000,0.000000,-0.000000,0.000000,-401130.343750,2023.949341,50.000000,-5.000000,0.000000,-0.000000,0.000000,-505987.343750,-1304676.750000,1332524.000000,869.735596,26977.513672,-118362.250000,-91384.734375
ml,p5,888,2026-04-22,1990.031372,10.000000,1999.922363,50.000000,-4.000000,0.000000,-0.000000,0.000000,-399984.468750,2017.457275,50.000000,-4.000000,0.000000,-0.000000,0.000000,-403491.468750,2035.788086,50.000000,-5.000000,0.000000,-0.000000,0.000000,-508947.031250,-1312423.000000,1332524.000000,869.735596,19231.263672,-115758.117188,-96526.851562
ml,p5,888,2026-04-23,1974.556274,10.000000,1988.004272,50.000000,-4.000000,0.000000,-0.000000,0.000000,-397600.843750,2007.661743,50.000000,-4.000000,0.000000,-0.000000,0.000000,-401532.343750,2027.654297,50.000000,-5.000000,0.000000,-0.000000,0.000000,-506913.562500,-1306046.750000,1332524.000000,869.735596,25607.513672,-148884.921875,-123277.406250
ml,p5,888,2026-04-24,1980.462891,10.000000,1985.734985,50.000000,-4.000000,0.000000,-0.000000,0.000000,-397147.000000,2003.347656,50.000000,-4.000000,0.000000,-0.000000,0.000000,-400669.531250,2021.500732,50.000000,-5.000000,0.000000,-0.000000,0.000000,-505375.187500,-1303191.750000,1332524.000000,869.735596,28462.513672,-133750.234375,-105287.718750
ml,p5,888,2026-04-25,1975.307739,10.000000,1976.653076,50.000000,-4.000000,0.000000,-0.000000,0.000000,-395330.625000,1994.185669,50.000000,-4.000000,0.000000,-0.000000,0.000000,-398837.125000,2010.967407,50.000000,-5.000000,0.000000,-0.000000,0.000000,-502741.843750,-1296909.625000,1332524.000000,869.735596,34744.640625,-137773.140625,-103028.500000
ml,p5,888,2026-04-26,1988.363892,10.000000,1999.877197,50.000000,-4.000000,0.000000,-0.000000,0.000000,-399975.437500,2014.750488,50.000000,-4.000000,0.000000,-0.000000,0.000000,-402950.093750,2029.948608,50.000000,-5.000000,0.000000,-0.000000,0.000000,-507487.156250,-1310412.625000,1332524.000000,869.735596,21241.638672,-97411.843750,-76170.203125
ml,p5,888,2026-04-27,1980.440308,10.000000,1984.150635,50.000000,-4.000000,0.000000,-0.000000,0.000000,-396830.125000,2000.865356,50.000000,-4.000000,0.000000,-0.000000,0.000000,-400173.062500,2018.770630,50.000000,-5.000000,0.000000,-0.000000,0.000000,-504692.687500,-1301695.875000,1332524.000000,869.735596,29958.388672,-112641.632812,-82683.242188
ml,p5,888,2026-04-28,1976.253662,10.000000,1977.508911,50.000000,-4.000000,0.000000,-0.000000,0.000000,-395501.781250,1994.368530,50.000000,-4.000000,0.000000,-0.000000,0.000000,-398873.718750,2012.375244,50.000000,-5.000000,0.000000,-0.000000,0.000000,-503093.812500,-1297469.250000,1332524.000000,869.735596,34185.015625,-115981.765625,-81796.750000
ml,p5,888,2026-04-29,1980.763306,10.000000,1978.014648,50.000000,-3.000000,1.000000,-98900.734375,49.450367,-296702.187500,1997.281738,50.000000,-4.000000,0.000000,-0.000000,0.000000,-399456.343750,2017.502808,50.000000,-5.000000,0.000000,-0.000000,0.000000,-504375.687500,-1200534.250000,1233623.250000,919.185913,32169.814453,-100487.656250,-68317.843750
ml,p5,888,2026-04-30,1972.114502,10.000000,1978.014648,50.000000,-3.000000,0.000000,-0.000000,0.000000,-296702.187500,2005.783691,50.000000,-4.000000,0.000000,-0.000000,0.000000,-401156.750000,2025.910034,50.000000,-5.000000,0.000000,-0.000000,0.000000,-506477.500000,-1204336.500000,1233623.250000,919.185913,28367.564453,-123973.125000,-95605.562500
ml,p5,888,2026-05-01,2007.050659,10.000000,1978.014648,50.000000,-3.000000,0.000000,-0.000000,0.000000,-296702.187500,2036.359619,50.000000,-4.000000,0.000000,-0.000000,0.000000,-407271.937500,2056.383545,50.000000,-5.000000,0.000000,-0.000000,0.000000,-514095.906250,-1218070.000000,1233623.250000,919.185913,14634.064453,-36620.691406,-21986.626953
ml,p5,888,2026-05-02,2022.007202,10.000000,1978.014648,50.000000,-3.000000,0.000000,-0.000000,0.000000,-296702.187500,2053.521240,50.000000,-4.000000,0.000000,-0.000000,0.000000,-410704.250000,2074.283936,50.000000,-5.000000,0.000000,-0.000000,0.000000,-518571.000000,-1225977.500000,1233623.250000,919.185913,6726.563965,3074.818359,9801.382812
ml,p5,888,2026-05-03,2046.247803,10.000000,1978.014648,50.000000,-3.000000,0.000000,-0.000000,0.000000,-296702.187500,2101.133789,50.000000,-4.000000,0.000000,-0.000000,0.000000,-420226.750000,2122.886719,50.000000,-5.000000,0.000000,-0.000000,0.000000,-530721.687500,-1247650.625000,1233623.250000,919.185913,-14946.560547,62183.019531,47236.460938
ml,p5,888,2026-05-04,2060.847900,10.000000,1978.014648,50.000000,-3.000000,0.000000,-0.000000,0.000000,-296702.187500,2095.494629,50.000000,-4.000000,0.000000,-0.000000,0.000000,-419098.937500,2116.125000,50.000000,-5.000000,0.000000,-0.000000,0.000000,-529031.250000,-1244832.375000,1233623.250000,919.185913,-12128.310547,100531.789062,88403.476562
ml,p5,888,2026-05-05,2059.540283,10.000000,1978.014648,50.000000,-3.000000,0.000000,-0.000000,0.000000,-296702.187500,2087.821289,50.000000,-4.000000,0.000000,-0.000000,0.000000,-417564.250000,2107.729248,50.000000,-5.000000,0.000000,-0.000000,0.000000,-526932.312500,-1241198.750000,1233623.250000,919.185913,-8494.685547,98645.609375,90150.921875
ml,p5,888,2026-05-06,2073.799805,10.000000,1978.014648,50.000000,-3.000000,0.000000,-0.000000,0.000000,-296702.187500,2100.582520,50.000000,-4.000000,0.000000,-0.000000,0.000000,-420116.500000,2120.226318,50.000000,-5.000000,0.000000,-0.000000,0.000000,-530056.562500,-1246875.250000,1233623.250000,919.185913,-14171.185547,132114.890625,117943.703125
ml,p5,888,2026-05-07,2063.868896,10.000000,1978.014648,50.000000,-3.000000,0.000000,-0.000000,0.000000,-296702.187500,2096.099121,50.000000,-4.000000,0.000000,-0.000000,0.000000,-419219.812500,2116.349121,50.000000,-5.000000,0.000000,-0.000000,0.000000,-529087.312500,-1245009.250000,1233623.250000,919.185913,-12305.185547,106397.250000,94092.062500
ml,p5,888,2026-05-08,2047.635742,10.000000,1978.014648,50.000000,-3.000000,0.000000,-0.000000,0.000000,-296702.187500,2069.619141,50.000000,-4.000000,0.000000,-0.000000,0.000000,-413923.812500,2090.204590,50.000000,-5.000000,0.000000,-0.000000,0.000000,-522551.187500,-1233177.250000,1233623.250000,919.185913,-473.185913,67236.539062,66763.351562
ml,p5,888,2026-05-09,2032.835693,10.000000,1978.014648,50.000000,-3.000000,0.000000,-0.000000,0.000000,-296702.187500,2052.782471,50.000000,-4.000000,0.000000,-0.000000,0.000000,-410556.500000,2072.259521,50.000000,-5.000000,0.000000,-0.000000,0.000000,-518064.906250,-1225323.625000,1233623.250000,919.185913,7380.438965,24575.796875,31956.236328
ml,p5,888,2026-05-10,2002.669312,10.000000,1978.014648,50.000000,-3.000000,0.000000,-0.000000,0.000000,-296702.187500,2019.423584,50.000000,-4.000000,0.000000,-0.000000,0.000000,-403884.718750,2035.384521,50.000000,-5.000000,0.000000,-0.000000,0.000000,-508846.156250,-1209433.000000,1233623.250000,919.185913,23271.064453,-55849.242188,-32578.177734
ml,p5,888,2026-05-11,1993.581787,10.000000,1978.014648,50.000000,-3.000000,0.000000,-0.000000,0.000000,-296702.187500,2007.610596,50.000000,-4.000000,0.000000,-0.000000,0.000000,-401522.125000,2023.046143,50.000000,-5.000000,0.000000,-0.000000,0.000000,-505761.531250,-1203985.875000,1233623.250000,919.185913,28718.189453,-80598.398438,-51880.210938
ml,p5,888,2026-05-12,1984.330078,10.000000,1978.014648,50.000000,-3.000000,0.000000,-0.000000,0.000000,-296702.187500,2007.667480,50.000000,-4.000000,0.000000,-0.000000,0.000000,-401533.500000,2018.706909,50.000000,-5.000000,0.000000,-0.000000,0.000000,-504676.718750,-1202912.375000,1233623.250000,919.185913,29791.689453,-106950.984375,-77159.296875
ml,p5,888,2026-05-13,1958.312134,10.000000,1978.014648,50.000000,-3.000000,0.000000,-0.000000,0.000000,-296702.187500,1968.753784,50.000000,-4.000000,0.000000,-0.000000,0.000000,-393750.750000,1976.823242,50.000000,-5.000000,0.000000,-0.000000,0.000000,-494205.812500,-1184658.750000,1233623.250000,919.185913,48045.312500,-168403.265625,-120357.953125
ml,p5,888,2026-05-14,1968.718872,10.000000,1978.014648,50.000000,-3.000000,0.000000,-0.000000,0.000000,-296702.187500,1989.657227,50.000000,-4.000000,0.000000,-0.000000,0.000000,-397931.437500,1996.090820,50.000000,-5.000000,0.000000,-0.000000,0.000000,-499022.718750,-1193656.375000,1233623.250000,919.185913,39047.687500,-135434.796875,-96387.109375
ml,p5,888,2026-05-15,1948.667603,10.000000,1978.014648,50.000000,-3.000000,0.000000,-0.000000,0.000000,-296702.187500,1969.898193,50.000000,-4.000000,0.000000,-0.000000,0.000000,-393979.625000,1977.980713,50.000000,-5.000000,0.000000,-0.000000,0.000000,-494495.156250,-1185177.000000,1233623.250000,919.185913,47527.062500,-186137.406250,-138610.343750
ml,p5,888,2026-05-16,1946.645752,10.000000,1978.014648,50.000000,-3.000000,0.000000,-0.000000,0.000000,-296702.187500,1973.125732,50.000000,-4.000000,0.000000,-0.000000,0.000000,-394625.156250,1980.875000,50.000000,-5.000000,0.000000,-0.000000,0.000000,-495218.750000,-1186546.125000,1233623.250000,919.185913,46157.937500,-195722.828125,-149564.890625
ml,p5,888,2026-05-17,1960.690186,10.000000,1978.014648,50.000000,-3.000000,0.000000,-0.000000,0.000000,-296702.187500,1973.624512,50.000000,-4.000000,0.000000,-0.000000,0.000000,-394724.906250,1976.524902,50.000000,-5.000000,0.000000,-0.000000,0.000000,-494131.250000,-1185558.375000,1233623.250000,919.185913,47145.687500,-162239.375000,-115093.687500
ml,p5,888,2026-05-18,1960.443359,10.000000,1978.014648,50.000000,-3.000000,0.000000,-0.000000,0.000000,-296702.187500,1990.108032,50.000000,-4.000000,0.000000,-0.000000,0.000000,-398021.593750,1991.194580,50.000000,-5.000000,0.000000,-0.000000,0.000000,-497798.625000,-1192522.375000,1233623.250000,919.185913,40181.687500,-164978.000000,-124796.312500
ml,p5,888,2026-05-19,1950.629150,10.000000,1978.014648,50.000000,-3.000000,0.000000,-0.000000,0.000000,-296702.187500,1974.782959,50.000000,-4.000000,0.000000,-0.000000,0.000000,-394956.593750,1979.335938,50.000000,-5.000000,0.000000,-0.000000,0.000000,-494834.000000,-1186492.750000,1233623.250000,919.185913,46211.312500,-189968.953125,-143757.640625
ml,p5,888,2026-05-20,1945.235229,10.000000,1978.014648,50.000000,-3.000000,0.000000,-0.000000,0.000000,-296702.187500,1952.672729,50.000000,-4.000000,0.000000,-0.000000,0.000000,-390534.531250,1958.996826,50.000000,-5.000000,0.000000,-0.000000,0.000000,-489749.218750,-1176986.000000,1233623.250000,919.185913,55718.062500,-203419.218750,-147701.156250
ml,p5,888,2026-05-21,1959.575073,10.000000,1978.014648,50.000000,-3.000000,0.000000,-0.000000,0.000000,-296702.187500,1967.727661,50.000000,-4.000000,0.000000,-0.000000,0.000000,-393545.531250,1974.991577,50.000000,-5.000000,0.000000,-0.000000,0.000000,-493747.906250,-1183995.625000,1233623.250000,919.185913,48708.437500,-166450.421875,-117741.984375
ml,p5,888,2026-05-22,1973.308228,10.000000,1978.014648,50.000000,-3.000000,0.000000,-0.000000,0.000000,-296702.187500,1995.702515,50.000000,-4.000000,0.000000,-0.000000,0.000000,-399140.500000,2006.998291,50.000000,-5.000000,0.000000,-0.000000,0.000000,-501749.562500,-1197592.250000,1233623.250000,919.185913,35111.812500,-129128.367188,-94016.554688
ml,p5,888,2026-05-23,1975.611206,10.000000,1978.014648,50.000000,-3.000000,0.000000,-0.000000,0.000000,-296702.187500,1981.421265,50.000000,-4.000000,0.000000,-0.000000,0.000000,-396284.250000,1995.779419,50.000000,-5.000000,0.000000,-0.000000,0.000000,-498944.875000,-1191931.250000,1233623.250000,919.185913,40772.812500,-121451.539062,-80678.726562
ml,p5,888,2026-05-24,1992.093750,10.000000,1978.014648,50.000000,-3.000000,0.000000,-0.000000,0.000000,-296702.187500,1999.470093,50.000000,-4.000000,0.000000,-0.000000,0.000000,-399894.031250,2013.644775,50.000000,-5.000000,0.000000,-0.000000,0.000000,-503411.187500,-1200007.500000,1233623.250000,919.185913,32696.564453,-83408.976562,-50712.414062
ml,p5,888,2026-05-25,1971.918945,10.000000,1978.014648,50.000000,-3.000000,0.000000,-0.000000,0.000000,-296702.187500,1985.446045,50.000000,-4.000000,0.000000,-0.000000,0.000000,-397089.218750,1998.497681,50.000000,-5.000000,0.000000,-0.000000,0.000000,-499624.406250,-1193415.750000,1233623.250000,919.185913,39288.312500,-132545.343750,-93257.031250
ml,p5,888,2026-05-26,1975.164673,10.000000,1978.014648,50.000000,-3.000000,0.000000,-0.000000,0.000000,-296702.187500,1987.878052,50.000000,-4.000000,0.000000,-0.000000,0.000000,-397575.625000,1999.496338,50.000000,-5.000000,0.000000,-0.000000,0.000000,-499874.062500,-1194151.875000,1233623.250000,919.185913,38552.187500,-124962.515625,-86410.328125
ml,p5,888,2026-05-27,1971.583374,10.000000,1978.014648,50.000000,-3.000000,0.000000,-0.000000,0.000000,-296702.187500,2003.020508,50.000000,-4.000000,0.000000,-0.000000,0.000000,-400604.093750,2013.883301,50.000000,-5.000000,0.000000,-0.000000,0.000000,-503470.812500,-1200777.000000,1233623.250000,919.185913,31927.064453,-136590.484375,-104663.421875
ml,p5,888,2026-05-28,1956.771973,10.000000,1978.014648,50.000000,-3.000000,0.000000,-0.000000,0.000000,-296702.187500,1984.576538,50.000000,-4.000000,0.000000,-0.000000,0.000000,-396915.312500,1996.384033,50.000000,-5.000000,0.000000,-0.000000,0.000000,-499096.000000,-1192713.500000,1233623.250000,919.185913,39990.562500,-178434.546875,-138443.984375
ml,p5,888,2026-05-29,1958.789429,10.000000,1978.014648,50.000000,-3.000000,0.000000,-0.000000,0.000000,-296702.187500,1978.799194,50.000000,-4.000000,0.000000,-0.000000,0.000000,-395759.843750,1991.126465,50.000000,-5.000000,0.000000,-0.000000,0.000000,-497781.625000,-1190243.625000,1233623.250000,919.185913,42460.437500,-172280.234375,-129819.796875
ml,p5,888,2026-05-30,1976.239624,10.000000,1978.014648,50.000000,-3.000000,0.000000,-0.000000,0.000000,-296702.187500,2002.778564,50.000000,-4.000000,0.000000,-0.000000,0.000000,-400555.718750,2012.848999,50.000000,-5.000000,0.000000,-0.000000,0.000000,-503212.250000,-1200470.125000,1233623.250000,919.185913,32233.939453,-130597.062500,-98363.125000
ml,p5,888,2026-05-31,1983.220581,10.000000,1978.014648,50.000000,-3.000000,0.000000,-0.000000,0.000000,-296702.187500,2016.904297,50.000000,-4.000000,0.000000,-0.000000,0.000000,-403380.875000,2027.666992,50.000000,-5.000000,0.000000,-0.000000,0.000000,-506916.750000,-1206999.750000,1233623.250000,919.185913,25704.314453,-111086.539062,-85382.226562
ml,p5,888,2026-06-01,1981.668335,10.000000,1978.014648,50.000000,-3.000000,0.000000,-0.000000,0.000000,-296702.187500,2016.667114,50.000000,-4.000000,0.000000,-0.000000,0.000000,-403333.437500,2028.805176,50.000000,-5.000000,0.000000,-0.000000,0.000000,-507201.281250,-1207236.875000,1233623.250000,919.185913,25467.189453,-116650.085938,-91182.898438
ml,p5,888,2026-06-02,2007.140625,10.000000,1978.014648,50.000000,-3.000000,0.000000,-0.000000,0.000000,-296702.187500,2020.926758,50.000000,-4.000000,0.000000,-0.000000,0.000000,-404185.343750,2031.982910,50.000000,-5.000000,0.000000,-0.000000,0.000000,-507995.687500,-1208883.250000,1233623.250000,919.185913,23820.814453,-56082.582031,-32261.767578
ml,p5,888,2026-06-03,2000.284302,10.000000,1978.014648,50.000000,-3.000000,0.000000,-0.000000,0.000000,-296702.187500,2029.025269,50.000000,-4.000000,0.000000,-0.000000,0.000000,-405805.062500,2040.780762,50.000000,-5.000000,0.000000,-0.000000,0.000000,-510195.218750,-1212702.500000,1233623.250000,919.185913,20001.564453,-74553.117188,-54551.554688
ml,p5,888,2026-06-04,1979.216797,10.000000,1978.014648,50.000000,-3.000000,0.000000,-0.000000,0.000000,-296702.187500,2000.517090,50.000000,-4.000000,0.000000,-0.000000,0.000000,-400103.406250,2012.643433,50.000000,-5.000000,0.000000,-0.000000,0.000000,-503160.843750,-1199966.500000,1233623.250000,919.185913,32737.564453,-129543.515625,-96805.953125
ml,p5,888,2026-06-05,1970.618042,10.000000,1978.014648,50.000000,-3.000000,0.000000,-0.000000,0.000000,-296702.187500,1978.760376,50.000000,-4.000000,0.000000,-0.000000,0.000000,-395752.062500,1990.847656,50.000000,-5.000000,0.000000,-0.000000,0.000000,-497711.906250,-1190166.125000,1233623.250000,919.185913,42537.937500,-152154.765625,-109616.828125
ml,p5,888,2026-06-06,1960.032104,10.000000,1978.014648,50.000000,-3.000000,0.000000,-0.000000,0.000000,-296702.187500,1979.286865,50.000000,-4.000000,0.000000,-0.000000,0.000000,-395857.375000,1990.313110,50.000000,-5.000000,0.000000,-0.000000,0.000000,-497578.281250,-1190137.875000,1233623.250000,919.185913,42566.187500,-178635.281250,-136069.093750
ml,p5,888,2026-06-07,1944.614746,10.000000,1978.014648,50.000000,-3.000000,0.000000,-0.000000,0.000000,-296702.187500,1940.972168,50.000000,-4.000000,0.000000,-0.000000,0.000000,-388194.437500,1953.652344,50.000000,-5.000000,0.000000,-0.000000,0.000000,-488413.093750,-1173309.750000,1233623.250000,919.185913,59394.312500,-219048.062500,-159653.750000
ml,p5,888,2026-06-08,1928.175659,10.000000,1978.014648,50.000000,-3.000000,0.000000,-0.000000,0.000000,-296702.187500,1948.361450,50.000000,-4.000000,0.000000,-0.000000,0.000000,-389672.281250,1963.172119,50.000000,-5.000000,0.000000,-0.000000,0.000000,-490793.031250,-1177167.500000,1233623.250000,919.185913,55536.562500,-262610.687500,-207074.125000
ml,p5,888,2026-06-09,1958.921143,10.000000,1978.014648,50.000000,-3.000000,0.000000,-0.000000,0.000000,-296702.187500,1961.604736,50.000000,-4.000000,0.000000,-0.000000,0.000000,-392320.937500,1977.361816,50.000000,-5.000000,0.000000,-0.000000,0.000000,-494340.437500,-1183363.500000,1233623.250000,919.185913,49340.562500,-187584.421875,-138243.859375
ml,p5,888,2026-06-10,1935.887695,10.000000,1978.014648,50.000000,-3.000000,0.000000,-0.000000,0.000000,-296702.187500,1947.439087,50.000000,-4.000000,0.000000,-0.000000,0.000000,-389487.812500,1965.523315,50.000000,-5.000000,0.000000,-0.000000,0.000000,-491380.812500,-1177570.750000,1233623.250000,919.185913,55133.312500,-247273.125000,-192139.812500
ml,p5,888,2026-06-11,1913.067505,10.000000,1978.014648,50.000000,-3.000000,0.000000,-0.000000,0.000000,-296702.187500,1922.258423,50.000000,-4.000000,0.000000,-0.000000,0.000000,-384451.687500,1942.611328,50.000000,-5.000000,0.000000,-0.000000,0.000000,-485652.843750,-1166806.750000,1233623.250000,919.185913,65897.312500,-305323.812500,-239426.500000
ml,p5,888,2026-06-12,1906.597900,10.000000,1978.014648,50.000000,-3.000000,0.000000,-0.000000,0.000000,-296702.187500,1919.553589,50.000000,-4.000000,0.000000,-0.000000,0.000000,-383910.718750,1943.386353,50.000000,-5.000000,0.000000,-0.000000,0.000000,-485846.593750,-1166459.500000,1233623.250000,919.185913,66244.562500,-321121.250000,-254876.687500
ml,p5,888,2026-06-13,1899.926636,10.000000,1978.014648,50.000000,-3.000000,0.000000,-0.000000,0.000000,-296702.187500,1907.145996,50.000000,-4.000000,0.000000,-0.000000,0.000000,-381429.187500,1933.603149,50.000000,-5.000000,0.000000,-0.000000,0.000000,-483400.781250,-1161532.125000,1233623.250000,919.185913,71171.937500,-338614.500000,-267442.562500
ml,p5,888,2026-06-14,1878.264771,10.000000,1978.014648,50.000000,-3.000000,0.000000,-0.000000,0.000000,-296702.187500,1881.365234,50.000000,-4.000000,0.000000,-0.000000,0.000000,-376273.062500,1905.348877,50.000000,-5.000000,0.000000,-0.000000,0.000000,-476337.218750,-1149312.500000,1233623.250000,919.185913,83391.562500,-393610.000000,-310218.437500
ml,p5,888,2026-06-15,1867.632324,10.000000,1978.014648,50.000000,-3.000000,0.000000,-0.000000,0.000000,-296702.187500,1884.881592,50.000000,-4.000000,0.000000,-0.000000,0.000000,-376976.312500,1909.276001,50.000000,-5.000000,0.000000,-0.000000,0.000000,-477319.000000,-1150997.500000,1233623.250000,919.185913,81706.562500,-419793.000000,-338086.437500
ml,p5,888,2026-06-16,1868.132202,10.000000,1978.014648,50.000000,-3.000000,0.000000,-0.000000,0.000000,-296702.187500,1876.421021,50.000000,-4.000000,0.000000,-0.000000,0.000000,-375284.218750,1904.334351,50.000000,-5.000000,0.000000,-0.000000,0.000000,-476083.593750,-1148070.000000,1233623.250000,919.185913,84634.062500,-419451.562500,-334817.500000
ml,p5,888,2026-06-17,1851.470581,10.000000,1978.014648,50.000000,-3.000000,0.000000,-0.000000,0.000000,-296702.187500,1860.369019,50.000000,-4.000000,0.000000,-0.000000,0.000000,-372073.812500,1882.749390,50.000000,-5.000000,0.000000,-0.000000,0.000000,-470687.343750,-1139463.375000,1233623.250000,919.185913,93240.687500,-462040.281250,-368799.593750
ml,p5,888,2026-06-18,1833.533813,10.000000,1978.014648,50.000000,-3.000000,0.000000,-0.000000,0.000000,-296702.187500,1838.414795,50.000000,-4.000000,0.000000,-0.000000,0.000000,-367682.968750,1859.786743,50.000000,-5.000000,0.000000,-0.000000,0.000000,-464946.687500,-1129331.750000,1233623.250000,919.185913,103372.312500,-507045.437500,-403673.125000
ml,p5,888,2026-06-19,1825.017822,10.000000,1978.014648,50.000000,-3.000000,0.000000,-0.000000,0.000000,-296702.187500,1836.090820,50.000000,-4.000000,0.000000,-0.000000,0.000000,-367218.156250,1856.202271,50.000000,-5.000000,0.000000,-0.000000,0.000000,-464050.593750,-1127971.000000,1233623.250000,919.185913,104733.062500,-530700.250000,-425967.187500
ml,p5,888,2026-06-20,1823.445068,10.000000,1978.014648,50.000000,-3.000000,0.000000,-0.000000,0.000000,-296702.187500,1841.840698,50.000000,-4.000000,0.000000,-0.000000,0.000000,-368368.125000,1862.500000,50.000000,-5.000000,0.000000,-0.000000,0.000000,-465625.000000,-1130695.250000,1233623.250000,919.185913,102008.812500,-532768.625000,-430759.812500
ml,p5,888,2026-06-21,1832.060425,10.000000,1978.014648,50.000000,-3.000000,0.000000,-0.000000,0.000000,-296702.187500,1851.999512,50.000000,-4.000000,0.000000,-0.000000,0.000000,-370399.906250,1874.302979,50.000000,-5.000000,0.000000,-0.000000,0.000000,-468575.718750,-1135677.875000,1233623.250000,919.185913,97026.187500,-509972.562500,-412946.375000
ml,p5,888,2026-06-22,1846.868774,10.000000,1978.014648,50.000000,-3.000000,0.000000,-0.000000,0.000000,-296702.187500,1872.836548,50.000000,-4.000000,0.000000,-0.000000,0.000000,-374567.312500,1894.552612,50.000000,-5.000000,0.000000,-0.000000,0.000000,-473638.125000,-1144907.625000,1233623.250000,919.185913,87796.437500,-472837.250000,-385040.812500
ml,p5,888,2026-06-23,1846.136963,10.000000,1978.014648,50.000000,-3.000000,0.000000,-0.000000,0.000000,-296702.187500,1855.036499,50.000000,-4.000000,0.000000,-0.000000,0.000000,-371007.312500,1876.736938,50.000000,-5.000000,0.000000,-0.000000,0.000000,-469184.218750,-1136893.750000,1233623.250000,919.185913,95810.312500,-476628.031250,-380817.718750
ml,p5,888,2026-06-24,1842.780884,10.000000,1978.014648,50.000000,-3.000000,0.000000,-0.000000,0.000000,-296702.187500,1844.385742,50.000000,-4.000000,0.000000,-0.000000,0.000000,-368877.156250,1865.361938,50.000000,-5.000000,0.000000,-0.000000,0.000000,-466340.468750,-1131919.875000,1233623.250000,919.185913,100784.187500,-486586.687500,-385802.500000
ml,p5,888,2026-06-25,1845.152344,10.000000,1978.014648,50.000000,-3.000000,0.000000,-0.000000,0.000000,-296702.187500,1841.652344,50.000000,-4.000000,0.000000,-0.000000,0.000000,-368330.468750,1860.473877,50.000000,-5.000000,0.000000,-0.000000,0.000000,-465118.468750,-1130151.125000,1233623.250000,919.185913,102552.937500,-481894.687500,-379341.750000
ml,p5,888,2026-06-26,1855.862549,10.000000,1978.014648,50.000000,-3.000000,0.000000,-0.000000,0.000000,-296702.187500,1846.296753,50.000000,-4.000000,0.000000,-0.000000,0.000000,-369259.343750,1864.932373,50.000000,-5.000000,0.000000,-0.000000,0.000000,-466233.093750,-1132194.625000,1233623.250000,919.185913,100509.437500,-456087.781250,-355578.343750
ml,p5,888,2026-06-27,1851.110474,10.000000,1978.014648,50.000000,-3.000000,0.000000,-0.000000,0.000000,-296702.187500,1866.711182,50.000000,-4.000000,0.000000,-0.000000,0.000000,-373342.250000,1887.082153,50.000000,-5.000000,0.000000,-0.000000,0.000000,-471770.562500,-1141815.000000,1233623.250000,919.185913,90889.062500,-469112.593750,-378223.531250
ml,p5,888,2026-06-28,1841.488647,10.000000,1978.014648,50.000000,-3.000000,0.000000,-0.000000,0.000000,-296702.187500,1849.511230,50.000000,-4.000000,0.000000,-0.000000,0.000000,-369902.250000,1870.362061,50.000000,-5.000000,0.000000,-0.000000,0.000000,-467590.531250,-1134195.000000,1233623.250000,919.185913,98509.062500,-494982.656250,-396473.593750
ml,p5,888,2026-06-29,1809.860718,10.000000,1978.014648,50.000000,-3.000000,0.000000,-0.000000,0.000000,-296702.187500,1807.611084,50.000000,-4.000000,0.000000,-0.000000,0.000000,-361522.218750,1826.803711,50.000000,-5.000000,0.000000,-0.000000,0.000000,-456700.937500,-1114925.250000,1233623.250000,919.185913,117778.812500,-573486.562500,-455707.750000
ml,p5,888,2026-06-30,1807.185547,10.000000,1978.014648,50.000000,-3.000000,0.000000,-0.000000,0.000000,-296702.187500,1809.236816,50.000000,-4.000000,0.000000,-0.000000,0.000000,-361847.375000,1828.264648,50.000000,-5.000000,0.000000,-0.000000,0.000000,-457066.156250,-1115615.750000,1233623.250000,919.185913,117088.312500,-580437.437500,-463349.125000
ml,p5,888,2026-07-01,1800.841553,10.000000,1978.014648,50.000000,-3.000000,0.000000,-0.000000,0.000000,-296702.187500,1809.802124,50.000000,-4.000000,0.000000,-0.000000,0.000000,-361960.437500,1830.356567,50.000000,-5.000000,0.000000,-0.000000,0.000000,-457589.156250,-1116251.750000,1233623.250000,919.185913,116452.312500,-596524.125000,-480071.812500
ml,p5,888,2026-07-02,1804.730469,10.000000,1978.014648,50.000000,-3.000000,0.000000,-0.000000,0.000000,-296702.187500,1835.072510,50.000000,-4.000000,0.000000,-0.000000,0.000000,-367014.500000,1857.436646,50.000000,-5.000000,0.000000,-0.000000,0.000000,-464359.187500,-1128075.875000,1233623.250000,919.185913,104628.187500,-587735.187500,-483107.000000
ml,p5,888,2026-07-03,1798.682251,10.000000,1978.014648,50.000000,-3.000000,0.000000,-0.000000,0.000000,-296702.187500,1809.285889,50.000000,-4.000000,0.000000,-0.000000,0.000000,-361857.187500,1832.663818,50.000000,-5.000000,0.000000,-0.000000,0.000000,-458165.968750,-1116725.375000,1233623.250000,919.185913,115978.687500,-601918.937500,-485940.250000
ml,p5,888,2026-07-04,1797.170776,10.000000,1978.014648,50.000000,-3.000000,0.000000,-0.000000,0.000000,-296702.187500,1812.373169,50.000000,-4.000000,0.000000,-0.000000,0.000000,-362474.625000,1835.079224,50.000000,-5.000000,0.000000,-0.000000,0.000000,-458769.812500,-1117946.625000,1233623.250000,919.185913,114757.437500,-605768.062500,-491010.625000
ml,p5,888,2026-07-05,1783.842651,10.000000,1978.014648,50.000000,-3.000000,0.000000,-0.000000,0.000000,-296702.187500,1798.454590,50.000000,-4.000000,0.000000,-0.000000,0.000000,-359690.906250,1822.439331,50.000000,-5.000000,0.000000,-0.000000,0.000000,-455609.812500,-1112003.000000,1233623.250000,919.185913,120701.062500,-636484.937500,-515783.875000
ml,p5,888,2026-07-06,1765.327271,10.000000,1978.014648,50.000000,-3.000000,0.000000,-0.000000,0.000000,-296702.187500,1766.508423,50.000000,-4.000000,0.000000,-0.000000,0.000000,-353301.687500,1790.214722,50.000000,-5.000000,0.000000,-0.000000,0.000000,-447553.656250,-1097557.500000,1233623.250000,919.185913,135146.562500,-677787.000000,-542640.437500
ml,p5,888,2026-07-07,1772.441162,10.000000,1978.014648,50.000000,-3.000000,0.000000,-0.000000,0.000000,-296702.187500,1771.701172,50.000000,-4.000000,0.000000,-0.000000,0.000000,-354340.250000,1794.742188,50.000000,-5.000000,0.000000,-0.000000,0.000000,-448685.562500,-1099728.000000,1233623.250000,919.185913,132976.062500,-663620.312500,-530644.250000
ml,p5,888,2026-07-08,1776.847412,10.000000,1978.014648,50.000000,-3.000000,0.000000,-0.000000,0.000000,-296702.187500,1781.313232,50.000000,-4.000000,0.000000,-0.000000,0.000000,-356262.656250,1805.184204,50.000000,-5.000000,0.000000,-0.000000,0.000000,-451296.031250,-1104260.875000,1233623.250000,919.185913,128443.187500,-655600.500000,-527157.312500
ml,p5,888,2026-07-09,1784.983521,10.000000,1978.014648,50.000000,-3.000000,0.000000,-0.000000,0.000000,-296702.187500,1791.012085,50.000000,-4.000000,0.000000,-0.000000,0.000000,-358202.406250,1815.546143,50.000000,-5.000000,0.000000,-0.000000,0.000000,-453886.531250,-1108791.125000,1233623.250000,919.185913,123912.937500,-641047.125000,-517134.187500
ml,p5,888,2026-07-10,1792.922852,10.000000,1978.014648,50.000000,-3.000000,0.000000,-0.000000,0.000000,-296702.187500,1800.092041,50.000000,-4.000000,0.000000,-0.000000,0.000000,-360018.406250,1823.667725,50.000000,-5.000000,0.000000,-0.000000,0.000000,-455916.937500,-1112637.500000,1233623.250000,919.185913,120066.562500,-627797.875000,-507731.312500
ml,p5,888,2026-07-11,1782.964966,10.000000,1978.014648,50.000000,-3.000000,0.000000,-0.000000,0.000000,-296702.187500,1776.797363,50.000000,-4.000000,0.000000,-0.000000,0.000000,-355359.468750,1799.122559,50.000000,-5.000000,0.000000,-0.000000,0.000000,-449780.656250,-1101842.250000,1233623.250000,919.185913,130861.812500,-643830.000000,-512968.187500
ml,p5,888,2026-07-12,1790.668945,10.000000,1978.014648,50.000000,-3.000000,0.000000,-0.000000,0.000000,-296702.187500,1772.690430,50.000000,-4.000000,0.000000,-0.000000,0.000000,-354538.093750,1794.709351,50.000000,-5.000000,0.000000,-0.000000,0.000000,-448677.343750,-1099917.625000,1233623.250000,919.185913,132786.437500,-631871.312500,-499084.875000
ml,p5,888,2026-07-13,1787.263672,10.000000,1978.014648,50.000000,-3.000000,0.000000,-0.000000,0.000000,-296702.187500,1767.197754,50.000000,-4.000000,0.000000,-0.000000,0.000000,-353439.562500,1786.776367,50.000000,-5.000000,0.000000,-0.000000,0.000000,-446694.093750,-1096835.875000,1233623.250000,919.185913,135868.187500,-637788.000000,-501919.812500
ml,p5,888,2026-07-14,1767.604980,10.000000,1978.014648,50.000000,-3.000000,0.000000,-0.000000,0.000000,-296702.187500,1765.915283,50.000000,-4.000000,0.000000,-0.000000,0.000000,-353183.062500,1785.398682,50.000000,-5.000000,0.000000,-0.000000,0.000000,-446349.656250,-1096234.875000,1233623.250000,919.185913,136469.187500,-668354.812500,-531885.625000
ml,p5,888,2026-07-15,1777.017578,10.000000,1978.014648,50.000000,-3.000000,0.000000,-0.000000,0.000000,-296702.187500,1771.636597,50.000000,-4.000000,0.000000,-0.000000,0.000000,-354327.312500,1791.580322,50.000000,-5.000000,0.000000,-0.000000,0.000000,-447895.062500,-1098924.500000,1233623.250000,919.185913,133779.562500,-655584.187500,-521804.625000
ml,p5,888,2026-07-16,1786.447266,10.000000,1978.014648,50.000000,-3.000000,0.000000,-0.000000,0.000000,-296702.187500,1777.093872,50.000000,-4.000000,0.000000,-0.000000,0.000000,-355418.781250,1796.530396,50.000000,-5.000000,0.000000,-0.000000,0.000000,-449132.625000,-1101253.625000,1233623.250000,919.185913,131450.437500,-643905.937500,-512455.500000
ml,p5,888,2026-07-17,1781.223755,10.000000,1978.014648,50.000000,-3.000000,0.000000,-0.000000,0.000000,-296702.187500,1782.381836,50.000000,-4.000000,0.000000,-0.000000,0.000000,-356476.375000,1803.285156,50.000000,-5.000000,0.000000,-0.000000,0.000000,-450821.281250,-1103999.875000,1233623.250000,919.185913,128704.187500,-650638.875000,-521934.687500
ml,p5,888,2026-07-18,1771.318237,10.000000,1978.014648,50.000000,-3.000000,0.000000,-0.000000,0.000000,-296702.187500,1766.792847,50.000000,-4.000000,0.000000,-0.000000,0.000000,-353358.562500,1786.909912,50.000000,-5.000000,0.000000,-0.000000,0.000000,-446727.500000,-1096788.250000,1233623.250000,919.185913,135915.812500,-661881.750000,-525965.937500
ml,p5,888,2026-07-19,1757.434814,10.000000,1978.014648,50.000000,-3.000000,0.000000,-0.000000,0.000000,-296702.187500,1750.311646,50.000000,-4.000000,0.000000,-0.000000,0.000000,-350062.343750,1771.813232,50.000000,-5.000000,0.000000,-0.000000,0.000000,-442953.312500,-1089717.750000,1233623.250000,919.185913,142986.312500,-677407.250000,-534420.937500
ml,p5,888,2026-07-20,1764.796143,10.000000,1978.014648,50.000000,-3.000000,0.000000,-0.000000,0.000000,-296702.187500,1775.860229,50.000000,-4.000000,0.000000,-0.000000,0.000000,-355172.031250,1798.038696,50.000000,-5.000000,0.000000,-0.000000,0.000000,-449509.656250,-1101383.875000,1233623.250000,919.185913,131320.187500,-669884.687500,-538564.500000
ml,p5,888,2026-07-21,1755.562012,10.000000,1978.014648,50.000000,-3.000000,0.000000,-0.000000,0.000000,-296702.187500,1759.725586,50.000000,-4.000000,0.000000,-0.000000,0.000000,-351945.125000,1782.182739,50.000000,-5.000000,0.000000,-0.000000,0.000000,-445545.687500,-1094193.000000,1233623.250000,919.185913,138511.062500,-679182.000000,-540670.937500
ml,p5,888,2026-07-22,1750.630737,10.000000,1978.014648,50.000000,-3.000000,0.000000,-0.000000,0.000000,-296702.187500,1734.539429,50.000000,-4.000000,0.000000,-0.000000,0.000000,-346907.875000,1757.700195,50.000000,-5.000000,0.000000,-0.000000,0.000000,-439425.062500,-1083035.125000,1233623.250000,919.185913,149668.937500,-683785.000000,-534116.062500
ml,p5,888,2026-07-23,1742.760010,10.000000,1978.014648,50.000000,-3.000000,0.000000,-0.000000,0.000000,-296702.187500,1729.246582,50.000000,-4.000000,0.000000,-0.000000,0.000000,-345849.312500,1753.232422,50.000000,-5.000000,0.000000,-0.000000,0.000000,-438308.093750,-1080859.625000,1233623.250000,919.185913,151844.437500,-690117.937500,-538273.500000
ml,p5,888,2026-07-24,1732.086914,10.000000,1978.014648,50.000000,-3.000000,0.000000,-0.000000,0.000000,-296702.187500,1699.955200,50.000000,-4.000000,0.000000,-0.000000,0.000000,-339991.031250,1722.744385,50.000000,-5.000000,0.000000,-0.000000,0.000000,-430686.093750,-1067379.375000,1233623.250000,919.185913,165324.687500,-697374.062500,-532049.375000
ml,p5,888,2026-07-25,1730.373169,10.000000,1978.014648,50.000000,-3.000000,0.000000,-0.000000,0.000000,-296702.187500,1708.075195,50.000000,-4.000000,0.000000,-0.000000,0.000000,-341615.031250,1730.833496,50.000000,-5.000000,0.000000,-0.000000,0.000000,-432708.406250,-1071025.625000,1233623.250000,919.185913,161678.437500,-698536.125000,-536857.687500
ml,p5,888,2026-07-26,1713.362793,10.000000,1978.014648,50.000000,-3.000000,0.000000,-0.000000,0.000000,-296702.187500,1699.722168,50.000000,-4.000000,0.000000,-0.000000,0.000000,-339944.437500,1722.364014,50.000000,-5.000000,0.000000,-0.000000,0.000000,-430591.000000,-1067237.625000,1233623.250000,919.185913,165466.437500,-708018.500000,-542552.062500
ml,p5,888,2026-07-27,1686.306641,10.000000,1978.014648,50.000000,-3.000000,0.000000,-0.000000,0.000000,-296702.187500,1681.976807,50.000000,-4.000000,0.000000,-0.000000,0.000000,-336395.375000,1703.962036,50.000000,-5.000000,0.000000,-0.000000,0.000000,-425990.531250,-1059088.125000,1233623.250000,919.185913,173615.937500,-722947.875000,-549331.937500
ml,p5,888,2026-07-28,1676.638672,10.000000,1978.014648,50.000000,-3.000000,0.000000,-0.000000,0.000000,-296702.187500,1666.007812,50.000000,-4.000000,0.000000,-0.000000,0.000000,-333201.562500,1688.195190,50.000000,-5.000000,0.000000,-0.000000,0.000000,-422048.781250,-1051952.500000,1233623.250000,919.185913,180751.562500,-727355.375000,-546603.812500
ml,p5,888,2026-07-29,1666.127319,10.000000,1978.014648,50.000000,-3.000000,0.000000,-0.000000,0.000000,-296702.187500,1660.508301,50.000000,-4.000000,0.000000,-0.000000,0.000000,-332101.656250,1681.642822,50.000000,-5.000000,0.000000,-0.000000,0.000000,-420410.687500,-1049214.500000,1233623.250000,919.185913,183489.562500,-730997.250000,-547507.687500
ml,p5,888,2026-07-30,1683.053101,10.000000,1978.014648,50.000000,-3.000000,0.000000,-0.000000,0.000000,-296702.187500,1660.508301,50.000000,-4.000000,0.000000,-0.000000,0.000000,-332101.656250,1701.593994,50.000000,-5.000000,0.000000,-0.000000,0.000000,-425398.500000,-1054202.375000,1233623.250000,919.185913,178501.687500,-727454.437500,-548952.750000
ml,p5,888,2026-07-31,1694.327881,10.000000,1978.014648,50.000000,-3.000000,0.000000,-0.000000,0.000000,-296702.187500,1660.508301,50.000000,-4.000000,0.000000,-0.000000,0.000000,-332101.656250,1748.044556,50.000000,-5.000000,0.000000,-0.000000,0.000000,-437011.125000,-1065815.000000,1233623.250000,919.185913,166889.062500,-726326.000000,-559436.937500
ml,p5,888,2026-08-01,1700.651123,10.000000,1978.014648,50.000000,-3.000000,0.000000,-0.000000,0.000000,-296702.187500,1660.508301,50.000000,-4.000000,0.000000,-0.000000,0.000000,-332101.656250,1754.505615,50.000000,-5.000000,0.000000,-0.000000,0.000000,-438626.406250,-1067430.250000,1233623.250000,919.185913,165273.812500,-726403.562500,-561129.750000
ml,p5,888,2026-08-02,1701.347046,10.000000,1978.014648,50.000000,-3.000000,0.000000,-0.000000,0.000000,-296702.187500,1660.508301,50.000000,-4.000000,0.000000,-0.000000,0.000000,-332101.656250,1733.661743,50.000000,-5.000000,0.000000,-0.000000,0.000000,-433415.437500,-1062219.250000,1233623.250000,919.185913,170484.812500,-726501.062500,-556016.250000
ml,p5,888,2026-08-03,1693.531372,10.000000,1978.014648,50.000000,-3.000000,0.000000,-0.000000,0.000000,-296702.187500,1660.508301,50.000000,-4.000000,0.000000,-0.000000,0.000000,-332101.656250,1710.223999,50.000000,-5.000000,0.000000,-0.000000,0.000000,-427556.000000,-1056359.875000,1233623.250000,919.185913,176344.187500,-726590.500000,-550246.312500
ml,p5,888,2026-08-04,1694.835327,10.000000,1978.014648,50.000000,-3.000000,0.000000,-0.000000,0.000000,-296702.187500,1660.508301,50.000000,-4.000000,0.000000,-0.000000,0.000000,-332101.656250,1711.927979,50.000000,-5.000000,0.000000,-0.000000,0.000000,-427981.968750,-1056785.875000,1233623.250000,919.185913,175918.187500,-726686.000000,-550767.812500
ml,p5,888,2026-08-05,1722.106323,10.000000,1978.014648,50.000000,-3.000000,0.000000,-0.000000,0.000000,-296702.187500,1660.508301,50.000000,-4.000000,0.000000,-0.000000,0.000000,-332101.656250,1756.179321,50.000000,-5.000000,0.000000,-0.000000,0.000000,-439044.812500,-1067848.750000,1233623.250000,919.185913,164855.312500,-726779.812500,-561924.500000
ml,p5,888,2026-08-06,1723.085571,10.000000,1978.014648,50.000000,-3.000000,0.000000,-0.000000,0.000000,-296702.187500,1660.508301,50.000000,-4.000000,0.000000,-0.000000,0.000000,-332101.656250,1762.351440,50.000000,-5.000000,0.000000,-0.000000,0.000000,-440587.843750,-1069391.750000,1233623.250000,919.185913,163312.312500,-726779.812500,-563467.500000
ml,p5,888,2026-08-07,1752.414673,10.000000,1978.014648,50.000000,-3.000000,0.000000,-0.000000,0.000000,-296702.187500,1660.508301,50.000000,-4.000000,0.000000,-0.000000,0.000000,-332101.656250,1782.326172,50.000000,-5.000000,0.000000,-0.000000,0.000000,-445581.531250,-1074385.375000,1233623.250000,919.185913,158318.687500,-726779.812500,-568461.125000
ml,p5,888,2026-08-08,1752.062134,10.000000,1978.014648,50.000000,-3.000000,0.000000,-0.000000,0.000000,-296702.187500,1660.508301,50.000000,-4.000000,0.000000,-0.000000,0.000000,-332101.656250,1769.463867,50.000000,-5.000000,0.000000,-0.000000,0.000000,-442365.968750,-1071169.875000,1233623.250000,919.185913,161534.187500,-726779.812500,-565245.625000
ml,p5,888,2026-08-09,1740.861328,10.000000,1978.014648,50.000000,-3.000000,0.000000,-0.000000,0.000000,-296702.187500,1660.508301,50.000000,-4.000000,0.000000,-0.000000,0.000000,-332101.656250,1768.100098,50.000000,-5.000000,0.000000,-0.000000,0.000000,-442025.000000,-1070828.875000,1233623.250000,919.185913,161875.187500,-726779.812500,-564904.625000
ml,p5,888,2026-08-10,1751.991943,10.000000,1978.014648,50.000000,-3.000000,0.000000,-0.000000,0.000000,-296702.187500,1660.508301,50.000000,-4.000000,0.000000,-0.000000,0.000000,-332101.656250,1748.505371,50.000000,-5.000000,0.000000,-0.000000,0.000000,-437126.375000,-1065930.250000,1233623.250000,919.185913,166773.812500,-726779.812500,-560006.000000
ml,p5,888,2026-08-11,1727.579102,10.000000,1978.014648,50.000000,-3.000000,0.000000,-0.000000,0.000000,-296702.187500,1660.508301,50.000000,-4.000000,0.000000,-0.000000,0.000000,-332101.656250,1742.057495,50.000000,-5.000000,0.000000,-0.000000,0.000000,-435514.343750,-1064318.250000,1233623.250000,919.185913,168385.812500,-726779.812500,-558394.000000
ml,p5,888,2026-08-12,1684.096802,10.000000,1978.014648,50.000000,-3.000000,0.000000,-0.000000,0.000000,-296702.187500,1660.508301,50.000000,-4.000000,0.000000,-0.000000,0.000000,-332101.656250,1722.221802,50.000000,-5.000000,0.000000,-0.000000,0.000000,-430555.468750,-1059359.375000,1233623.250000,919.185913,173344.687500,-726779.812500,-553435.125000
ml,p5,888,2026-08-13,1659.668091,10.000000,1978.014648,50.000000,-3.000000,0.000000,-0.000000,0.000000,-296702.187500,1660.508301,50.000000,-4.000000,0.000000,-0.000000,0.000000,-332101.656250,1680.534790,50.000000,-5.000000,0.000000,-0.000000,0.000000,-420133.687500,-1048937.500000,1233623.250000,919.185913,183766.562500,-726779.812500,-543013.250000
ml,p5,888,2026-08-14,1648.510742,10.000000,1978.014648,50.000000,-3.000000,0.000000,-0.000000,0.000000,-296702.187500,1660.508301,50.000000,-4.000000,0.000000,-0.000000,0.000000,-332101.656250,1643.006470,50.000000,-5.000000,0.000000,-0.000000,0.000000,-410751.625000,-1039555.500000,1233623.250000,919.185913,193148.562500,-726779.812500,-533631.250000
ml,p5,888,2026-08-15,1654.944702,10.000000,1978.014648,50.000000,-3.000000,0.000000,-0.000000,0.000000,-296702.187500,1660.508301,50.000000,-4.000000,0.000000,-0.000000,0.000000,-332101.656250,1660.189941,50.000000,-5.000000,0.000000,-0.000000,0.000000,-415047.468750,-1043851.375000,1233623.250000,919.185913,188852.687500,-726779.812500,-537927.125000
ml,p5,888,2026-08-16,1653.642212,10.000000,1978.014648,50.000000,-3.000000,0.000000,-0.000000,0.000000,-296702.187500,1660.508301,50.000000,-4.000000,0.000000,-0.000000,0.000000,-332101.656250,1651.338379,50.000000,-5.000000,0.000000,-0.000000,0.000000,-412834.562500,-1041638.437500,1233623.250000,919.185913,191065.625000,-726779.812500,-535714.187500
ml,p5,888,2026-08-17,1645.568726,10.000000,1978.014648,50.000000,-3.000000,0.000000,-0.000000,0.000000,-296702.187500,1660.508301,50.000000,-4.000000,0.000000,-0.000000,0.000000,-332101.656250,1646.660278,50.000000,-5.000000,0.000000,-0.000000,0.000000,-411665.093750,-1040469.000000,1233623.250000,919.185913,192235.062500,-726779.812500,-534544.750000
ml,p5,888,2026-08-18,1676.627441,10.000000,1978.014648,50.000000,-3.000000,0.000000,-0.000000,0.000000,-296702.187500,1660.508301,50.000000,-4.000000,0.000000,-0.000000,0.000000,-332101.656250,1669.661377,50.000000,-5.000000,0.000000,-0.000000,0.000000,-417415.343750,-1046219.250000,1233623.250000,919.185913,186484.812500,-726779.812500,-540295.000000
ml,p5,888,2026-08-19,1704.552856,10.000000,1978.014648,50.000000,-3.000000,0.000000,-0.000000,0.000000,-296702.187500,1660.508301,50.000000,-4.000000,0.000000,-0.000000,0.000000,-332101.656250,1722.927856,50.000000,-5.000000,0.000000,-0.000000,0.000000,-430731.968750,-1059535.875000,1233623.250000,919.185913,173168.187500,-726779.812500,-553611.625000
ml,p5,888,2026-08-20,1739.868774,10.000000,1978.014648,50.000000,-3.000000,0.000000,-0.000000,0.000000,-296702.187500,1660.508301,50.000000,-4.000000,0.000000,-0.000000,0.000000,-332101.656250,1759.128174,50.000000,-5.000000,0.000000,-0.000000,0.000000,-439782.031250,-1068585.875000,1233623.250000,919.185913,164118.187500,-726779.812500,-562661.625000
ml,p5,888,2026-08-21,1760.795898,10.000000,1978.014648,50.000000,-3.000000,0.000000,-0.000000,0.000000,-296702.187500,1660.508301,50.000000,-4.000000,0.000000,-0.000000,0.000000,-332101.656250,1817.486572,50.000000,-5.000000,0.000000,-0.000000,0.000000,-454371.625000,-1083175.500000,1233623.250000,919.185913,149528.562500,-726779.812500,-577251.250000
ml,p5,888,2026-08-22,1755.640015,10.000000,1978.014648,50.000000,-3.000000,0.000000,-0.000000,0.000000,-296702.187500,1660.508301,50.000000,-4.000000,0.000000,-0.000000,0.000000,-332101.656250,1798.364380,50.000000,-5.000000,0.000000,-0.000000,0.000000,-449591.125000,-1078395.000000,1233623.250000,919.185913,154309.062500,-726779.812500,-572470.750000
ml,p5,888,2026-08-23,1756.916992,10.000000,1978.014648,50.000000,-3.000000,0.000000,-0.000000,0.000000,-296702.187500,1660.508301,50.000000,-4.000000,0.000000,-0.000000,0.000000,-332101.656250,1780.516479,50.000000,-5.000000,0.000000,-0.000000,0.000000,-445129.093750,-1073933.000000,1233623.250000,919.185913,158771.062500,-726779.812500,-568008.750000
ml,p5,888,2026-08-24,1741.150146,10.000000,1978.014648,50.000000,1.000000,4.000000,-395602.937500,197.801468,98900.734375,1660.508301,50.000000,0.000000,4.000000,-332101.656250,166.050827,0.000000,1766.534668,50.000000,-4.000000,1.000000,-88326.734375,44.163368,-353306.937500,-254406.203125,417591.875000,1327.201538,161858.468750,-726779.812500,-564921.375000
ml,p5,888,2026-08-25,1737.788452,10.000000,1978.014648,50.000000,-7.000000,-8.000000,791205.875000,395.602936,-692305.125000,1660.508301,50.000000,0.000000,0.000000,-0.000000,0.000000,0.000000,1742.207764,50.000000,-3.000000,1.000000,-87110.390625,43.555191,-261331.156250,-953636.250000,1121687.375000,1766.359619,166284.765625,-726779.812500,-560495.062500
ml,p5,888,2026-08-26,1737.583008,10.000000,1978.014648,50.000000,-1.000000,6.000000,-593404.375000,296.702209,-98900.734375,1660.508301,50.000000,0.000000,0.000000,-0.000000,0.000000,0.000000,1706.989014,50.000000,-3.000000,0.000000,-0.000000,0.000000,-256048.343750,-354949.062500,528283.000000,2063.062012,171270.875000,-726779.812500,-555508.937500
ml,p5,888,2026-08-27,1772.741211,10.000000,1978.014648,50.000000,-1.000000,0.000000,-0.000000,0.000000,-98900.734375,1660.508301,50.000000,0.000000,0.000000,-0.000000,0.000000,0.000000,1768.980957,50.000000,-3.000000,0.000000,-0.000000,0.000000,-265347.156250,-364247.875000,528283.000000,2063.062012,161972.062500,-726779.812500,-564807.750000
ml,p5,888,2026-08-28,1818.201904,10.000000,1978.014648,50.000000,-1.000000,0.000000,-0.000000,0.000000,-98900.734375,1660.508301,50.000000,0.000000,0.000000,-0.000000,0.000000,0.000000,1827.416748,50.000000,-3.000000,0.000000,-0.000000,0.000000,-274112.500000,-373013.250000,528283.000000,2063.062012,153206.687500,-726779.812500,-573573.125000
ml,p5,888,2026-08-29,1793.082642,10.000000,1978.014648,50.000000,-1.000000,0.000000,-0.000000,0.000000,-98900.734375,1660.508301,50.000000,0.000000,0.000000,-0.000000,0.000000,0.000000,1749.780029,50.000000,-3.000000,0.000000,-0.000000,0.000000,-262467.000000,-361367.750000,528283.000000,2063.062012,164852.187500,-726779.812500,-561927.625000
ml,p5,888,2026-08-30,1809.845947,10.000000,1978.014648,50.000000,-1.000000,0.000000,-0.000000,0.000000,-98900.734375,1660.508301,50.000000,0.000000,0.000000,-0.000000,0.000000,0.000000,1811.931519,50.000000,-3.000000,0.000000,-0.000000,0.000000,-271789.718750,-370690.437500,528283.000000,2063.062012,155529.500000,-726779.812500,-571250.312500
ml,p5,888,2026-08-31,1817.468506,10.000000,1978.014648,50.000000,-1.000000,0.000000,-0.000000,0.000000,-98900.734375,1660.508301,50.000000,0.000000,0.000000,-0.000000,0.000000,0.000000,1818.222168,50.000000,-3.000000,0.000000,-0.000000,0.000000,-272733.312500,-371634.062500,528283.000000,2063.062012,154585.875000,-726779.812500,-572193.937500
ml,p5,888,2026-09-01,1819.377075,10.000000,1978.014648,50.000000,-1.000000,0.000000,-0.000000,0.000000,-98900.734375,1660.508301,50.000000,0.000000,0.000000,-0.000000,0.000000,0.000000,1828.819092,50.000000,-3.000000,0.000000,-0.000000,0.000000,-274322.843750,-373223.562500,528283.000000,2063.062012,152996.375000,-726779.812500,-573783.437500
ml,p5,888,2026-09-02,1806.883179,10.000000,1978.014648,50.000000,-1.000000,0.000000,-0.000000,0.000000,-98900.734375,1660.508301,50.000000,0.000000,0.000000,-0.000000,0.000000,0.000000,1816.836182,50.000000,-3.000000,0.000000,-0.000000,0.000000,-272525.437500,-371426.187500,528283.000000,2063.062012,154793.750000,-726779.812500,-571986.062500
ml,p5,888,2026-09-03,1789.867310,10.000000,1978.014648,50.000000,-1.000000,0.000000,-0.000000,0.000000,-98900.734375,1660.508301,50.000000,0.000000,0.000000,-0.000000,0.000000,0.000000,1796.487915,50.000000,-3.000000,0.000000,-0.000000,0.000000,-269473.187500,-368373.937500,528283.000000,2063.062012,157846.000000,-726779.812500,-568933.812500
ml,p5,888,2026-09-04,1824.015625,10.000000,1978.014648,50.000000,-1.000000,0.000000,-0.000000,0.000000,-98900.734375,1660.508301,50.000000,0.000000,0.000000,-0.000000,0.000000,0.000000,1835.336914,50.000000,-3.000000,0.000000,-0.000000,0.000000,-275300.531250,-374201.250000,528283.000000,2063.062012,152018.687500,-726779.812500,-574761.125000
ml,p5,888,2026-09-05,1812.118042,10.000000,1978.014648,50.000000,-1.000000,0.000000,-0.000000,0.000000,-98900.734375,1660.508301,50.000000,0.000000,0.000000,-0.000000,0.000000,0.000000,1845.306274,50.000000,-3.000000,0.000000,-0.000000,0.000000,-276795.937500,-375696.687500,528283.000000,2063.062012,150523.250000,-726779.812500,-576256.562500
ml,p5,888,2026-09-06,1826.222778,10.000000,1978.014648,50.000000,-1.000000,0.000000,-0.000000,0.000000,-98900.734375,1660.508301,50.000000,0.000000,0.000000,-0.000000,0.000000,0.000000,1854.751953,50.000000,-3.000000,0.000000,-0.000000,0.000000,-278212.781250,-377113.500000,528283.000000,2063.062012,149106.437500,-726779.812500,-577673.375000
ml,p5,888,2026-09-07,1862.052612,10.000000,1978.014648,50.000000,-1.000000,0.000000,-0.000000,0.000000,-98900.734375,1660.508301,50.000000,0.000000,0.000000,-0.000000,0.000000,0.000000,1869.987549,50.000000,-3.000000,0.000000,-0.000000,0.000000,-280498.156250,-379398.875000,528283.000000,2063.062012,146821.062500,-726779.812500,-579958.750000
ml,p5,888,2026-09-08,1872.479004,10.000000,1978.014648,50.000000,-1.000000,0.000000,-0.000000,0.000000,-98900.734375,1660.508301,50.000000,0.000000,0.000000,-0.000000,0.000000,0.000000,1869.731323,50.000000,-3.000000,0.000000,-0.000000,0.000000,-280459.687500,-379360.437500,528283.000000,2063.062012,146859.500000,-726779.812500,-579920.312500
ml,p5,888,2026-09-09,1888.281128,10.000000,1978.014648,50.000000,-1.000000,0.000000,-0.000000,0.000000,-98900.734375,1660.508301,50.000000,0.000000,0.000000,-0.000000,0.000000,0.000000,1898.051025,50.000000,-3.000000,0.000000,-0.000000,0.000000,-284707.656250,-383608.375000,528283.000000,2063.062012,142611.562500,-726779.812500,-584168.250000
ml,p5,888,2026-09-10,1879.847778,10.000000,1978.014648,50.000000,-1.000000,0.000000,-0.000000,0.000000,-98900.734375,1660.508301,50.000000,0.000000,0.000000,-0.000000,0.000000,0.000000,1878.115601,50.000000,-3.000000,0.000000,-0.000000,0.000000,-281717.343750,-380618.062500,528283.000000,2063.062012,145601.875000,-726779.812500,-581177.937500
ml,p5,888,2026-09-11,1867.203247,10.000000,1978.014648,50.000000,-1.000000,0.000000,-0.000000,0.000000,-98900.734375,1660.508301,50.000000,0.000000,0.000000,-0.000000,0.000000,0.000000,1850.880127,50.000000,-3.000000,0.000000,-0.000000,0.000000,-277632.031250,-376532.750000,528283.000000,2063.062012,149687.187500,-726779.812500,-577092.625000
ml,p5,888,2026-09-12,1906.654297,10.000000,1978.014648,50.000000,-1.000000,0.000000,-0.000000,0.000000,-98900.734375,1660.508301,50.000000,0.000000,0.000000,-0.000000,0.000000,0.000000,1881.898193,50.000000,-3.000000,0.000000,-0.000000,0.000000,-282284.718750,-381185.437500,528283.000000,2063.062012,145034.500000,-726779.812500,-581745.312500
ml,p5,888,2026-09-13,1910.617920,10.000000,1978.014648,50.000000,-1.000000,0.000000,-0.000000,0.000000,-98900.734375,1660.508301,50.000000,0.000000,0.000000,-0.000000,0.000000,0.000000,1922.750122,50.000000,-3.000000,0.000000,-0.000000,0.000000,-288412.531250,-387313.250000,528283.000000,2063.062012,138906.687500,-726779.812500,-587873.125000
ml,p5,888,2026-09-14,1908.353394,10.000000,1978.014648,50.000000,-1.000000,0.000000,-0.000000,0.000000,-98900.734375,1660.508301,50.000000,0.000000,0.000000,-0.000000,0.000000,0.000000,1904.378906,50.000000,-3.000000,0.000000,-0.000000,0.000000,-285656.843750,-384557.562500,528283.000000,2063.062012,141662.375000,-726779.812500,-585117.437500
ml,p5,888,2026-09-15,1866.154785,10.000000,1978.014648,50.000000,-1.000000,0.000000,-0.000000,0.000000,-98900.734375,1660.508301,50.000000,0.000000,0.000000,-0.000000,0.000000,0.000000,1854.287354,50.000000,-3.000000,0.000000,-0.000000,0.000000,-278143.125000,-377043.875000,528283.000000,2063.062012,149176.062500,-726779.812500,-577603.750000
ml,p5,888,2026-09-16,1874.234131,10.000000,1978.014648,50.000000,-1.000000,0.000000,-0.000000,0.000000,-98900.734375,1660.508301,50.000000,0.000000,0.000000,-0.000000,0.000000,0.000000,1841.099854,50.000000,-3.000000,0.000000,-0.000000,0.000000,-276165.000000,-375065.750000,528283.000000,2063.062012,151154.187500,-726779.812500,-575625.625000
ml,p5,888,2026-09-17,1868.285278,10.000000,1978.014648,50.000000,-1.000000,0.000000,-0.000000,0.000000,-98900.734375,1660.508301,50.000000,0.000000,0.000000,-0.000000,0.000000,0.000000,1857.357056,50.000000,-3.000000,0.000000,-0.000000,0.000000,-278603.562500,-377504.312500,528283.000000,2063.062012,148715.625000,-726779.812500,-578064.187500
ml,p5,888,2026-09-18,1869.063232,10.000000,1978.014648,50.000000,-1.000000,0.000000,-0.000000,0.000000,-98900.734375,1660.508301,50.000000,0.000000,0.000000,-0.000000,0.000000,0.000000,1858.253784,50.000000,-3.000000,0.000000,-0.000000,0.000000,-278738.062500,-377638.812500,528283.000000,2063.062012,148581.125000,-726779.812500,-578198.687500
ml,p5,888,2026-09-19,1876.329224,10.000000,1978.014648,50.000000,-1.000000,0.000000,-0.000000,0.000000,-98900.734375,1660.508301,50.000000,0.000000,0.000000,-0.000000,0.000000,0.000000,1858.442871,50.000000,-3.000000,0.000000,-0.000000,0.000000,-278766.437500,-377667.187500,528283.000000,2063.062012,148552.750000,-726779.812500,-578227.062500
ml,p5,888,2026-09-20,1867.504150,10.000000,1978.014648,50.000000,-1.000000,0.000000,-0.000000,0.000000,-98900.734375,1660.508301,50.000000,0.000000,0.000000,-0.000000,0.000000,0.000000,1864.885498,50.000000,-3.000000,0.000000,-0.000000,0.000000,-279732.812500,-378633.562500,528283.000000,2063.062012,147586.375000,-726779.812500,-579193.437500
ml,p5,888,2026-09-21,1866.489380,10.000000,1978.014648,50.000000,-1.000000,0.000000,-0.000000,0.000000,-98900.734375,1660.508301,50.000000,0.000000,0.000000,-0.000000,0.000000,0.000000,1867.397339,50.000000,-3.000000,0.000000,-0.000000,0.000000,-280109.593750,-379010.312500,528283.000000,2063.062012,147209.625000,-726779.812500,-579570.187500
ml,p5,888,2026-09-22,1885.635742,10.000000,1978.014648,50.000000,-1.000000,0.000000,-0.000000,0.000000,-98900.734375,1660.508301,50.000000,0.000000,0.000000,-0.000000,0.000000,0.000000,1881.865112,50.000000,-3.000000,0.000000,-0.000000,0.000000,-282279.750000,-381180.500000,528283.000000,2063.062012,145039.437500,-726779.812500,-581740.375000
ml,p5,888,2026-09-23,1897.422363,10.000000,1978.014648,50.000000,-1.000000,0.000000,-0.000000,0.000000,-98900.734375,1660.508301,50.000000,0.000000,0.000000,-0.000000,0.000000,0.000000,1895.300659,50.000000,-3.000000,0.000000,-0.000000,0.000000,-284295.093750,-383195.812500,528283.000000,2063.062012,143024.125000,-726779.812500,-583755.687500
ml,p5,888,2026-09-24,1911.033325,10.000000,1978.014648,50.000000,-1.000000,0.000000,-0.000000,0.000000,-98900.734375,1660.508301,50.000000,0.000000,0.000000,-0.000000,0.000000,0.000000,1904.384521,50.000000,-3.000000,0.000000,-0.000000,0.000000,-285657.656250,-384558.375000,528283.000000,2063.062012,141661.562500,-726779.812500,-585118.250000
ml,p5,888,2026-09-25,1892.163940,10.000000,1978.014648,50.000000,-1.000000,0.000000,-0.000000,0.000000,-98900.734375,1660.508301,50.000000,0.000000,0.000000,-0.000000,0.000000,0.000000,1894.904541,50.000000,-3.000000,0.000000,-0.000000,0.000000,-284235.687500,-383136.437500,528283.000000,2063.062012,143083.500000,-726779.812500,-583696.312500
ml,p5,888,2026-09-26,1850.129150,10.000000,1978.014648,50.000000,-1.000000,0.000000,-0.000000,0.000000,-98900.734375,1660.508301,50.000000,0.000000,0.000000,-0.000000,0.000000,0.000000,1840.281006,50.000000,-3.000000,0.000000,-0.000000,0.000000,-276042.125000,-374942.875000,528283.000000,2063.062012,151277.062500,-726779.812500,-575502.750000
ml,p5,888,2026-09-27,1831.158081,10.000000,1978.014648,50.000000,-1.000000,0.000000,-0.000000,0.000000,-98900.734375,1660.508301,50.000000,0.000000,0.000000,-0.000000,0.000000,0.000000,1824.409424,50.000000,-3.000000,0.000000,-0.000000,0.000000,-273661.437500,-372562.187500,528283.000000,2063.062012,153657.750000,-726779.812500,-573122.062500
ml,p5,888,2026-09-28,1817.517944,10.000000,1978.014648,50.000000,-1.000000,0.000000,-0.000000,0.000000,-98900.734375,1660.508301,50.000000,0.000000,0.000000,-0.000000,0.000000,0.000000,1813.268311,50.000000,-3.000000,0.000000,-0.000000,0.000000,-271990.250000,-370891.000000,528283.000000,2063.062012,155328.937500,-726779.812500,-571450.875000
ml,p5,888,2026-09-29,1821.757446,10.000000,1978.014648,50.000000,-1.000000,0.000000,-0.000000,0.000000,-98900.734375,1660.508301,50.000000,0.000000,0.000000,-0.000000,0.000000,0.000000,1832.614868,50.000000,-3.000000,0.000000,-0.000000,0.000000,-274892.250000,-373793.000000,528283.000000,2063.062012,152426.937500,-726779.812500,-574352.875000
ml,p5,888,2026-09-30,1818.811523,10.000000,1978.014648,50.000000,-1.000000,0.000000,-0.000000,0.000000,-98900.734375,1660.508301,50.000000,0.000000,0.000000,-0.000000,0.000000,0.000000,1850.708984,50.000000,-3.000000,0.000000,-0.000000,0.000000,-277606.343750,-376507.062500,528283.000000,2063.062012,149712.875000,-726779.812500,-577066.937500
ml,p5,888,2026-10-01,1813.450806,10.000000,1978.014648,50.000000,-1.000000,0.000000,-0.000000,0.000000,-98900.734375,1660.508301,50.000000,0.000000,0.000000,-0.000000,0.000000,0.000000,1832.395020,50.000000,-3.000000,0.000000,-0.000000,0.000000,-274859.250000,-373760.000000,528283.000000,2063.062012,152459.937500,-726779.812500,-574319.875000
ml,p5,888,2026-10-02,1828.420288,10.000000,1978.014648,50.000000,-1.000000,0.000000,-0.000000,0.000000,-98900.734375,1660.508301,50.000000,0.000000,0.000000,-0.000000,0.000000,0.000000,1857.664185,50.000000,-3.000000,0.000000,-0.000000,0.000000,-278649.625000,-377550.375000,528283.000000,2063.062012,148669.562500,-726779.812500,-578110.250000
ml,p5,888,2026-10-03,1854.245605,10.000000,1978.014648,50.000000,-1.000000,0.000000,-0.000000,0.000000,-98900.734375,1660.508301,50.000000,0.000000,0.000000,-0.000000,0.000000,0.000000,1890.151123,50.000000,-3.000000,0.000000,-0.000000,0.000000,-283522.656250,-382423.375000,528283.000000,2063.062012,143796.562500,-726779.812500,-582983.250000
ml,p5,888,2026-10-04,1917.134766,10.000000,1978.014648,50.000000,-1.000000,0.000000,-0.000000,0.000000,-98900.734375,1660.508301,50.000000,0.000000,0.000000,-0.000000,0.000000,0.000000,1959.244141,50.000000,-3.000000,0.000000,-0.000000,0.000000,-293886.625000,-392787.375000,528283.000000,2063.062012,133432.562500,-726779.812500,-593347.250000
ml,p5,888,2026-10-05,1910.187012,10.000000,1978.014648,50.000000,-1.000000,0.000000,-0.000000,0.000000,-98900.734375,1660.508301,50.000000,0.000000,0.000000,-0.000000,0.000000,0.000000,1906.604004,50.000000,-3.000000,0.000000,-0.000000,0.000000,-285990.593750,-384891.312500,528283.000000,2063.062012,141328.625000,-726779.812500,-585451.187500
ml,p5,888,2026-10-06,1874.773193,10.000000,1978.014648,50.000000,-1.000000,0.000000,-0.000000,0.000000,-98900.734375,1660.508301,50.000000,0.000000,0.000000,-0.000000,0.000000,0.000000,1899.756958,50.000000,-3.000000,0.000000,-0.000000,0.000000,-284963.562500,-383864.312500,528283.000000,2063.062012,142355.625000,-726779.812500,-584424.187500
ml,p5,888,2026-10-07,1898.436890,10.000000,1978.014648,50.000000,-1.000000,0.000000,-0.000000,0.000000,-98900.734375,1660.508301,50.000000,0.000000,0.000000,-0.000000,0.000000,0.000000,1940.613770,50.000000,-3.000000,0.000000,-0.000000,0.000000,-291092.062500,-389992.812500,528283.000000,2063.062012,136227.125000,-726779.812500,-590552.687500
ml,p5,888,2026-10-08,1934.036743,10.000000,1978.014648,50.000000,-1.000000,0.000000,-0.000000,0.000000,-98900.734375,1660.508301,50.000000,0.000000,0.000000,-0.000000,0.000000,0.000000,1965.096924,50.000000,-3.000000,0.000000,-0.000000,0.000000,-294764.562500,-393665.312500,528283.000000,2063.062012,132554.625000,-726779.812500,-594225.187500
ml,p5,888,2026-10-09,1908.204102,10.000000,1978.014648,50.000000,-1.000000,0.000000,-0.000000,0.000000,-98900.734375,1660.508301,50.000000,0.000000,0.000000,-0.000000,0.000000,0.000000,1906.036743,50.000000,-3.000000,0.000000,-0.000000,0.000000,-285905.531250,-384806.250000,528283.000000,2063.062012,141413.687500,-726779.812500,-585366.125000
ml,p5,888,2026-10-10,1901.233521,10.000000,1978.014648,50.000000,-1.000000,0.000000,-0.000000,0.000000,-98900.734375,1660.508301,50.000000,0.000000,0.000000,-0.000000,0.000000,0.000000,1903.505371,50.000000,-3.000000,0.000000,-0.000000,0.000000,-285525.812500,-384426.562500,528283.000000,2063.062012,141793.375000,-726779.812500,-584986.437500
ml,p5,888,2026-10-11,1909.588745,10.000000,1978.014648,50.000000,-1.000000,0.000000,-0.000000,0.000000,-98900.734375,1660.508301,50.000000,0.000000,0.000000,-0.000000,0.000000,0.000000,1909.003784,50.000000,-3.000000,0.000000,-0.000000,0.000000,-286350.562500,-385251.312500,528283.000000,2063.062012,140968.625000,-726779.812500,-585811.187500
ml,p5,888,2026-10-12,1878.023682,10.000000,1978.014648,50.000000,-1.000000,0.000000,-0.000000,0.000000,-98900.734375,1660.508301,50.000000,0.000000,0.000000,-0.000000,0.000000,0.000000,1866.732056,50.000000,-3.000000,0.000000,-0.000000,0.000000,-280009.812500,-378910.562500,528283.000000,2063.062012,147309.375000,-726779.812500,-579470.437500
ml,p5,888,2026-10-13,1890.112549,10.000000,1978.014648,50.000000,-1.000000,0.000000,-0.000000,0.000000,-98900.734375,1660.508301,50.000000,0.000000,0.000000,-0.000000,0.000000,0.000000,1884.938721,50.000000,-3.000000,0.000000,-0.000000,0.000000,-282740.812500,-381641.562500,528283.000000,2063.062012,144578.375000,-726779.812500,-582201.437500
ml,p5,888,2026-10-14,1896.675293,10.000000,1978.014648,50.000000,-1.000000,0.000000,-0.000000,0.000000,-98900.734375,1660.508301,50.000000,0.000000,0.000000,-0.000000,0.000000,0.000000,1886.124268,50.000000,-3.000000,0.000000,-0.000000,0.000000,-282918.656250,-381819.375000,528283.000000,2063.062012,144400.562500,-726779.812500,-582379.250000
ml,p5,888,2026-10-15,2003.569092,10.000000,1978.014648,50.000000,-1.000000,0.000000,-0.000000,0.000000,-98900.734375,1660.508301,50.000000,0.000000,0.000000,-0.000000,0.000000,0.000000,2006.415649,50.000000,-3.000000,0.000000,-0.000000,0.000000,-300962.343750,-399863.062500,528283.000000,2063.062012,126356.875000,-726779.812500,-600422.937500
ml,p5,888,2026-10-16,1995.173706,10.000000,1978.014648,50.000000,-1.000000,0.000000,-0.000000,0.000000,-98900.734375,1660.508301,50.000000,0.000000,0.000000,-0.000000,0.000000,0.000000,1995.012085,50.000000,-3.000000,0.000000,-0.000000,0.000000,-299251.812500,-398152.562500,528283.000000,2063.062012,128067.375000,-726779.812500,-598712.437500
ml,p5,888,2026-10-17,2041.211548,10.000000,1978.014648,50.000000,-1.000000,0.000000,-0.000000,0.000000,-98900.734375,1660.508301,50.000000,0.000000,0.000000,-0.000000,0.000000,0.000000,2051.151367,50.000000,-3.000000,0.000000,-0.000000,0.000000,-307672.718750,-406573.437500,528283.000000,2063.062012,119646.500000,-726779.812500,-607133.312500
ml,p5,888,2026-10-18,2036.031128,10.000000,1978.014648,50.000000,-1.000000,0.000000,-0.000000,0.000000,-98900.734375,1660.508301,50.000000,0.000000,0.000000,-0.000000,0.000000,0.000000,2039.024414,50.000000,-3.000000,0.000000,-0.000000,0.000000,-305853.656250,-404754.375000,528283.000000,2063.062012,121465.562500,-726779.812500,-605314.250000
ml,p5,888,2026-10-19,2034.272827,10.000000,1978.014648,50.000000,-1.000000,0.000000,-0.000000,0.000000,-98900.734375,1660.508301,50.000000,0.000000,0.000000,-0.000000,0.000000,0.000000,2049.836670,50.000000,-3.000000,0.000000,-0.000000,0.000000,-307475.500000,-406376.250000,528283.000000,2063.062012,119843.687500,-726779.812500,-606936.125000
ml,p5,888,2026-10-20,2042.703247,10.000000,1978.014648,50.000000,-1.000000,0.000000,-0.000000,0.000000,-98900.734375,1660.508301,50.000000,0.000000,0.000000,-0.000000,0.000000,0.000000,2068.220947,50.000000,-3.000000,0.000000,-0.000000,0.000000,-310233.156250,-409133.875000,528283.000000,2063.062012,117086.062500,-726779.812500,-609693.750000
ml,p5,888,2026-10-21,2008.973389,10.000000,1978.014648,50.000000,-1.000000,0.000000,-0.000000,0.000000,-98900.734375,1660.508301,50.000000,0.000000,0.000000,-0.000000,0.000000,0.000000,2041.164917,50.000000,-3.000000,0.000000,-0.000000,0.000000,-306174.718750,-405075.437500,528283.000000,2063.062012,121144.500000,-726779.812500,-605635.312500
ml,p5,888,2026-10-22,2006.570312,10.000000,1978.014648,50.000000,-1.000000,0.000000,-0.000000,0.000000,-98900.734375,1660.508301,50.000000,0.000000,0.000000,-0.000000,0.000000,0.000000,2019.693726,50.000000,-3.000000,0.000000,-0.000000,0.000000,-302954.062500,-401854.812500,528283.000000,2063.062012,124365.125000,-726779.812500,-602414.687500
ml,p5,888,2026-10-23,1984.839111,10.000000,1978.014648,50.000000,-1.000000,0.000000,-0.000000,0.000000,-98900.734375,1660.508301,50.000000,0.000000,0.000000,-0.000000,0.000000,0.000000,1983.505493,50.000000,-3.000000,0.000000,-0.000000,0.000000,-297525.843750,-396426.562500,528283.000000,2063.062012,129793.375000,-726779.812500,-596986.437500
ml,p5,888,2026-10-24,2007.501465,10.000000,1978.014648,50.000000,-1.000000,0.000000,-0.000000,0.000000,-98900.734375,1660.508301,50.000000,0.000000,0.000000,-0.000000,0.000000,0.000000,2008.450928,50.000000,-3.000000,0.000000,-0.000000,0.000000,-301267.625000,-400168.375000,528283.000000,2063.062012,126051.562500,-726779.812500,-600728.250000
ml,p5,888,2026-10-25,2013.019897,10.000000,1978.014648,50.000000,-1.000000,0.000000,-0.000000,0.000000,-98900.734375,1660.508301,50.000000,0.000000,0.000000,-0.000000,0.000000,0.000000,2004.199951,50.000000,-3.000000,0.000000,-0.000000,0.000000,-300629.968750,-399530.687500,528283.000000,2063.062012,126689.250000,-726779.812500,-600090.562500
ml,p5,888,2026-10-26,2010.853760,10.000000,1978.014648,50.000000,-1.000000,0.000000,-0.000000,0.000000,-98900.734375,1660.508301,50.000000,0.000000,0.000000,-0.000000,0.000000,0.000000,2026.412231,50.000000,-3.000000,0.000000,-0.000000,0.000000,-303961.843750,-402862.562500,528283.000000,2063.062012,123357.375000,-726779.812500,-603422.437500
ml,p5,888,2026-10-27,2006.879395,10.000000,1978.014648,50.000000,-1.000000,0.000000,-0.000000,0.000000,-98900.734375,1660.508301,50.000000,0.000000,0.000000,-0.000000,0.000000,0.000000,2012.972046,50.000000,-3.000000,0.000000,-0.000000,0.000000,-301945.812500,-400846.562500,528283.000000,2063.062012,125373.375000,-726779.812500,-601406.437500
ml,p5,888,2026-10-28,2029.569702,10.000000,1978.014648,50.000000,-1.000000,0.000000,-0.000000,0.000000,-98900.734375,1660.508301,50.000000,0.000000,0.000000,-0.000000,0.000000,0.000000,2049.954102,50.000000,-3.000000,0.000000,-0.000000,0.000000,-307493.125000,-406393.875000,528283.000000,2063.062012,119826.062500,-726779.812500,-606953.750000
ml,p5,888,2026-10-29,2030.164917,10.000000,1978.014648,50.000000,0.000000,1.000000,-98900.734375,49.450367,0.000000,1660.508301,50.000000,0.000000,0.000000,-0.000000,0.000000,0.000000,2036.652100,50.000000,0.000000,3.000000,-305497.812500,152.748901,0.000000,0.000000,123884.453125,2265.261230,121619.195312,-726779.812500,-605160.625000
ml,p5,888,2026-10-30,2035.919556,10.000000,1978.014648,50.000000,0.000000,0.000000,-0.000000,0.000000,0.000000,1660.508301,50.000000,0.000000,0.000000,-0.000000,0.000000,0.000000,2036.652100,50.000000,0.000000,0.000000,-0.000000,0.000000,0.000000,0.000000,123884.453125,2265.261230,121619.195312,-726779.812500,-605160.625000
ml,p95,146,2026-04-10,2055.000244,10.000000,2026.171509,50.000000,-5.000000,-5.000000,506542.875000,253.271423,-506542.875000,2047.068848,50.000000,-5.000000,-5.000000,511767.187500,255.883606,-511767.187500,2070.749756,50.000000,-5.000000,-5.000000,517687.437500,258.843719,-517687.437500,-1535997.500000,1535997.500000,767.998779,-767.998779,29559.361328,28791.363281
ml,p95,146,2026-04-11,2063.988770,10.000000,2025.495117,50.000000,-5.000000,0.000000,-0.000000,0.000000,-506373.781250,2046.498657,50.000000,-5.000000,0.000000,-0.000000,0.000000,-511624.656250,2070.599121,50.000000,-5.000000,0.000000,-0.000000,0.000000,-517649.812500,-1535648.250000,1535997.500000,767.998779,-418.748779,51354.289062,50935.539062
ml,p95,146,2026-04-12,2041.408203,10.000000,2037.434570,50.000000,-5.000000,0.000000,-0.000000,0.000000,-509358.656250,2058.515625,50.000000,-5.000000,0.000000,-0.000000,0.000000,-514628.906250,2082.165039,50.000000,-5.000000,0.000000,-0.000000,0.000000,-520541.250000,-1544528.750000,1535997.500000,767.998779,-9299.249023,-5586.065918,-14885.314453
ml,p95,146,2026-04-13,2092.542969,10.000000,2112.054688,50.000000,-5.000000,0.000000,-0.000000,0.000000,-528013.687500,2135.352539,50.000000,-5.000000,0.000000,-0.000000,0.000000,-533838.125000,2160.964355,50.000000,-5.000000,0.000000,-0.000000,0.000000,-540241.125000,-1602092.875000,1535997.500000,767.998779,-66863.375000,120452.820312,53589.445312
ml,p95,146,2026-04-14,2099.522217,10.000000,2111.510010,50.000000,-5.000000,0.000000,-0.000000,0.000000,-527877.500000,2134.939697,50.000000,-5.000000,0.000000,-0.000000,0.000000,-533734.937500,2161.107666,50.000000,-5.000000,0.000000,-0.000000,0.000000,-540276.875000,-1601889.375000,1535997.500000,767.998779,-66659.875000,133795.375000,67135.500000
ml,p95,146,2026-04-15,2107.322510,10.000000,2116.720459,50.000000,-5.000000,0.000000,-0.000000,0.000000,-529180.125000,2138.126465,50.000000,-5.000000,0.000000,-0.000000,0.000000,-534531.625000,2163.607910,50.000000,-5.000000,0.000000,-0.000000,0.000000,-540901.937500,-1604613.750000,1535997.500000,767.998779,-69384.250000,154300.515625,84916.265625
ml,p95,146,2026-04-16,2090.659912,10.000000,2085.636963,50.000000,-5.000000,0.000000,-0.000000,0.000000,-521409.218750,2106.261963,50.000000,-5.000000,0.000000,-0.000000,0.000000,-526565.500000,2130.060547,50.000000,-5.000000,0.000000,-0.000000,0.000000,-532515.125000,-1580489.875000,1535997.500000,767.998779,-45260.375000,116611.468750,71351.093750
ml,p95,146,2026-04-17,2075.525146,10.000000,2069.900879,50.000000,-5.000000,0.000000,-0.000000,0.000000,-517475.187500,2092.238037,50.000000,-5.000000,0.000000,-0.000000,0.000000,-523059.531250,2116.201660,50.000000,-5.000000,0.000000,-0.000000,0.000000,-529050.375000,-1569585.125000,1535997.500000,767.998779,-34355.625000,91757.117188,57401.492188
ml,p95,146,2026-04-18,2087.334961,10.000000,2097.113281,50.000000,-5.000000,0.000000,-0.000000,0.000000,-524278.312500,2121.077393,50.000000,-5.000000,0.000000,-0.000000,0.000000,-530269.312500,2145.977051,50.000000,-5.000000,0.000000,-0.000000,0.000000,-536494.250000,-1591041.875000,1535997.500000,767.998779,-55812.375000,128008.359375,72195.984375
ml,p95,146,2026-04-19,2075.949707,10.000000,2071.036865,50.000000,-5.000000,0.000000,-0.000000,0.000000,-517759.218750,2093.771484,50.000000,-5.000000,0.000000,-0.000000,0.000000,-523442.875000,2116.258545,50.000000,-5.000000,0.000000,-0.000000,0.000000,-529064.625000,-1570266.750000,1535997.500000,767.998779,-35037.250000,103374.390625,68337.140625
ml,p95,146,2026-04-20,2116.690186,10.000000,2122.895752,50.000000,-5.000000,0.000000,-0.000000,0.000000,-530723.937500,2145.230957,50.000000,-5.000000,0.000000,-0.000000,0.000000,-536307.687500,2167.787598,50.000000,-5.000000,0.000000,-0.000000,0.000000,-541946.875000,-1608978.500000,1535997.500000,767.998779,-73749.000000,208294.906250,134545.906250
ml,p95,146,2026-04-21,2118.180664,10.000000,2063.254395,50.000000,-5.000000,0.000000,-0.000000,0.000000,-515813.562500,2083.246094,50.000000,-5.000000,0.000000,-0.000000,0.000000,-520811.531250,2103.973145,50.000000,-5.000000,0.000000,-0.000000,0.000000,-525993.250000,-1562618.375000,1535997.500000,767.998779,-27388.873047,219482.250000,192093.375000
ml,p95,146,2026-04-22,2135.868896,10.000000,2117.386719,50.000000,-5.000000,0.000000,-0.000000,0.000000,-529346.687500,2138.995850,50.000000,-5.000000,0.000000,-0.000000,0.000000,-534749.000000,2161.298096,50.000000,-5.000000,0.000000,-0.000000,0.000000,-540324.500000,-1604420.250000,1535997.500000,767.998779,-69190.750000,269234.093750,200043.343750
ml,p95,146,2026-04-23,2135.725342,10.000000,2141.516113,50.000000,-5.000000,0.000000,-0.000000,0.000000,-535379.000000,2162.518555,50.000000,-5.000000,0.000000,-0.000000,0.000000,-540629.625000,2185.253906,50.000000,-5.000000,0.000000,-0.000000,0.000000,-546313.500000,-1622322.125000,1535997.500000,767.998779,-87092.625000,269672.437500,182579.812500
ml,p95,146,2026-04-24,2153.777832,10.000000,2167.453857,50.000000,-5.000000,0.000000,-0.000000,0.000000,-541863.500000,2191.131836,50.000000,-5.000000,0.000000,-0.000000,0.000000,-547782.937500,2216.705078,50.000000,-5.000000,0.000000,-0.000000,0.000000,-554176.250000,-1643822.750000,1535997.500000,767.998779,-108593.250000,318499.625000,209906.375000
ml,p95,146,2026-04-25,2130.349854,10.000000,2134.736328,50.000000,-5.000000,0.000000,-0.000000,0.000000,-533684.062500,2159.960938,50.000000,-5.000000,0.000000,-0.000000,0.000000,-539990.250000,2186.658936,50.000000,-5.000000,0.000000,-0.000000,0.000000,-546664.750000,-1620339.000000,1535997.500000,767.998779,-85109.500000,264975.812500,179866.312500
ml,p95,146,2026-04-26,2161.572510,10.000000,2164.423340,50.000000,-5.000000,0.000000,-0.000000,0.000000,-541105.875000,2188.281982,50.000000,-5.000000,0.000000,-0.000000,0.000000,-547070.500000,2214.097656,50.000000,-5.000000,0.000000,-0.000000,0.000000,-553524.437500,-1641700.750000,1535997.500000,767.998779,-106471.250000,347997.343750,241526.093750
ml,p95,146,2026-04-27,2165.407227,10.000000,2195.837646,50.000000,-5.000000,0.000000,-0.000000,0.000000,-548959.437500,2219.948730,50.000000,-5.000000,0.000000,-0.000000,0.000000,-554987.187500,2245.383545,50.000000,-5.000000,0.000000,-0.000000,0.000000,-561345.875000,-1665292.500000,1535997.500000,767.998779,-130063.000000,368975.656250,238912.656250
ml,p95,146,2026-04-28,2155.185303,10.000000,2199.454346,50.000000,-5.000000,0.000000,-0.000000,0.000000,-549863.562500,2223.398926,50.000000,-5.000000,0.000000,-0.000000,0.000000,-555849.687500,2250.060547,50.000000,-5.000000,0.000000,-0.000000,0.000000,-562515.125000,-1668228.375000,1535997.500000,767.998779,-132998.875000,346954.312500,213955.437500
ml,p95,146,2026-04-29,2158.225342,10.000000,2189.083252,50.000000,-4.000000,1.000000,-109454.164062,54.727081,-437816.656250,2212.760254,50.000000,-5.000000,0.000000,-0.000000,0.000000,-553190.062500,2238.562744,50.000000,-5.000000,0.000000,-0.000000,0.000000,-559640.687500,-1550647.500000,1426543.250000,822.725830,-124926.976562,357842.218750,232915.250000
ml,p95,146,2026-04-30,2114.704834,10.000000,2189.083252,50.000000,-4.000000,0.000000,-0.000000,0.000000,-437816.656250,2142.076172,50.000000,-5.000000,0.000000,-0.000000,0.000000,-535519.062500,2164.828613,50.000000,-5.000000,0.000000,-0.000000,0.000000,-541207.125000,-1514542.875000,1426543.250000,822.725830,-88822.351562,251381.593750,162559.250000
ml,p95,146,2026-05-01,2144.925781,10.000000,2189.083252,50.000000,-4.000000,0.000000,-0.000000,0.000000,-437816.656250,2171.340088,50.000000,-5.000000,0.000000,-0.000000,0.000000,-542835.000000,2196.660889,50.000000,-5.000000,0.000000,-0.000000,0.000000,-549165.250000,-1529816.875000,1426543.250000,822.725830,-104096.351562,325723.718750,221627.375000
ml,p95,146,2026-05-02,2135.081787,10.000000,2189.083252,50.000000,-4.000000,0.000000,-0.000000,0.000000,-437816.656250,2162.272461,50.000000,-5.000000,0.000000,-0.000000,0.000000,-540568.125000,2187.551025,50.000000,-5.000000,0.000000,-0.000000,0.000000,-546887.750000,-1525272.500000,1426543.250000,822.725830,-99551.976562,295182.125000,195630.156250
ml,p95,146,2026-05-03,2178.356689,10.000000,2189.083252,50.000000,-4.000000,0.000000,-0.000000,0.000000,-437816.656250,2215.584473,50.000000,-5.000000,0.000000,-0.000000,0.000000,-553896.125000,2241.512695,50.000000,-5.000000,0.000000,-0.000000,0.000000,-560378.187500,-1552091.000000,1426543.250000,822.725830,-126370.476562,403257.468750,276887.000000
ml,p95,146,2026-05-04,2176.291748,10.000000,2189.083252,50.000000,-4.000000,0.000000,-0.000000,0.000000,-437816.656250,2217.894775,50.000000,-5.000000,0.000000,-0.000000,0.000000,-554473.687500,2245.801758,50.000000,-5.000000,0.000000,-0.000000,0.000000,-561450.437500,-1553740.750000,1426543.250000,822.725830,-128020.226562,396605.750000,268585.531250
ml,p95,146,2026-05-05,2184.609375,10.000000,2189.083252,50.000000,-4.000000,0.000000,-0.000000,0.000000,-437816.656250,2216.662109,50.000000,-5.000000,0.000000,-0.000000,0.000000,-554165.500000,2243.803711,50.000000,-5.000000,0.000000,-0.000000,0.000000,-560950.937500,-1552933.000000,1426543.250000,822.725830,-127212.476562,423744.500000,296532.031250
ml,p95,146,2026-05-06,2172.844971,10.000000,2189.083252,50.000000,-4.000000,0.000000,-0.000000,0.000000,-437816.656250,2199.926025,50.000000,-5.000000,0.000000,-0.000000,0.000000,-549981.500000,2227.071045,50.000000,-5.000000,0.000000,-0.000000,0.000000,-556767.750000,-1544565.875000,1426543.250000,822.725830,-118845.351562,390555.000000,271709.656250
ml,p95,146,2026-05-07,2171.621582,10.000000,2189.083252,50.000000,-4.000000,0.000000,-0.000000,0.000000,-437816.656250,2193.890869,50.000000,-5.000000,0.000000,-0.000000,0.000000,-548472.687500,2219.984375,50.000000,-5.000000,0.000000,-0.000000,0.000000,-554996.125000,-1541285.500000,1426543.250000,822.725830,-115564.976562,383349.531250,267784.562500
ml,p95,146,2026-05-08,2099.644287,10.000000,2189.083252,50.000000,-4.000000,0.000000,-0.000000,0.000000,-437816.656250,2108.129395,50.000000,-5.000000,0.000000,-0.000000,0.000000,-527032.312500,2133.666504,50.000000,-5.000000,0.000000,-0.000000,0.000000,-533416.625000,-1498265.625000,1426543.250000,822.725830,-72545.101562,201377.875000,128832.773438
ml,p95,146,2026-05-09,2117.210205,10.000000,2189.083252,50.000000,-4.000000,0.000000,-0.000000,0.000000,-437816.656250,2137.102295,50.000000,-5.000000,0.000000,-0.000000,0.000000,-534275.562500,2162.482910,50.000000,-5.000000,0.000000,-0.000000,0.000000,-540620.687500,-1512713.000000,1426543.250000,822.725830,-86992.476562,235902.218750,148909.750000
ml,p95,146,2026-05-10,2171.564697,10.000000,2189.083252,50.000000,-4.000000,0.000000,-0.000000,0.000000,-437816.656250,2203.213867,50.000000,-5.000000,0.000000,-0.000000,0.000000,-550803.437500,2230.635986,50.000000,-5.000000,0.000000,-0.000000,0.000000,-557659.000000,-1546279.125000,1426543.250000,822.725830,-120558.601562,374957.156250,254398.562500
ml,p95,146,2026-05-11,2160.590576,10.000000,2189.083252,50.000000,-4.000000,0.000000,-0.000000,0.000000,-437816.656250,2184.370361,50.000000,-5.000000,0.000000,-0.000000,0.000000,-546092.562500,2211.410889,50.000000,-5.000000,0.000000,-0.000000,0.000000,-552852.750000,-1536762.000000,1426543.250000,822.725830,-111041.476562,349460.125000,238418.656250
ml,p95,146,2026-05-12,2172.130127,10.000000,2189.083252,50.000000,-4.000000,0.000000,-0.000000,0.000000,-437816.656250,2180.945557,50.000000,-5.000000,0.000000,-0.000000,0.000000,-545236.375000,2217.761475,50.000000,-5.000000,0.000000,-0.000000,0.000000,-554440.375000,-1537493.375000,1426543.250000,822.725830,-111772.851562,376992.125000,265219.281250
ml,p95,146,2026-05-13,2169.918945,10.000000,2189.083252,50.000000,-4.000000,0.000000,-0.000000,0.000000,-437816.656250,2201.646484,50.000000,-5.000000,0.000000,-0.000000,0.000000,-550411.625000,2236.594238,50.000000,-5.000000,0.000000,-0.000000,0.000000,-559148.562500,-1547376.750000,1426543.250000,822.725830,-121656.226562,362791.156250,241134.937500
ml,p95,146,2026-05-14,2182.333496,10.000000,2189.083252,50.000000,-4.000000,0.000000,-0.000000,0.000000,-437816.656250,2225.332764,50.000000,-5.000000,0.000000,-0.000000,0.000000,-556333.187500,2263.575684,50.000000,-5.000000,0.000000,-0.000000,0.000000,-565893.937500,-1560043.750000,1426543.250000,822.725830,-134323.218750,394816.375000,260493.156250
ml,p95,146,2026-05-15,2195.100342,10.000000,2189.083252,50.000000,-4.000000,0.000000,-0.000000,0.000000,-437816.656250,2235.249512,50.000000,-5.000000,0.000000,-0.000000,0.000000,-558812.375000,2276.196289,50.000000,-5.000000,0.000000,-0.000000,0.000000,-569049.062500,-1565678.000000,1426543.250000,822.725830,-139957.468750,426543.375000,286585.906250
ml,p95,146,2026-05-16,2220.989502,10.000000,2189.083252,50.000000,-4.000000,0.000000,-0.000000,0.000000,-437816.656250,2256.947998,50.000000,-5.000000,0.000000,-0.000000,0.000000,-564237.000000,2298.660889,50.000000,-5.000000,0.000000,-0.000000,0.000000,-574665.250000,-1576718.875000,1426543.250000,822.725830,-150998.343750,492068.031250,341069.687500
ml,p95,146,2026-05-17,2245.579834,10.000000,2189.083252,50.000000,-4.000000,0.000000,-0.000000,0.000000,-437816.656250,2274.971191,50.000000,-5.000000,0.000000,-0.000000,0.000000,-568742.750000,2316.138428,50.000000,-5.000000,0.000000,-0.000000,0.000000,-579034.625000,-1585594.000000,1426543.250000,822.725830,-159873.468750,550894.937500,391021.468750
ml,p95,146,2026-05-18,2240.135254,10.000000,2189.083252,50.000000,-4.000000,0.000000,-0.000000,0.000000,-437816.656250,2242.255127,50.000000,-5.000000,0.000000,-0.000000,0.000000,-560563.750000,2281.791748,50.000000,-5.000000,0.000000,-0.000000,0.000000,-570447.937500,-1568828.250000,1426543.250000,822.725830,-143107.718750,535559.562500,392451.843750
ml,p95,146,2026-05-19,2257.954834,10.000000,2189.083252,50.000000,-4.000000,0.000000,-0.000000,0.000000,-437816.656250,2265.180176,50.000000,-5.000000,0.000000,-0.000000,0.000000,-566295.000000,2300.224121,50.000000,-5.000000,0.000000,-0.000000,0.000000,-575056.062500,-1579167.750000,1426543.250000,822.725830,-153447.218750,575543.062500,422095.843750
ml,p95,146,2026-05-20,2254.094971,10.000000,2189.083252,50.000000,-4.000000,0.000000,-0.000000,0.000000,-437816.656250,2273.888428,50.000000,-5.000000,0.000000,-0.000000,0.000000,-568472.125000,2309.941162,50.000000,-5.000000,0.000000,-0.000000,0.000000,-577485.312500,-1583774.000000,1426543.250000,822.725830,-158053.468750,569061.875000,411008.406250
ml,p95,146,2026-05-21,2306.598877,10.000000,2189.083252,50.000000,-4.000000,0.000000,-0.000000,0.000000,-437816.656250,2332.609619,50.000000,-5.000000,0.000000,-0.000000,0.000000,-583152.375000,2369.898193,50.000000,-5.000000,0.000000,-0.000000,0.000000,-592474.562500,-1613443.500000,1426543.250000,822.725830,-187722.968750,696985.687500,509262.718750
ml,p95,146,2026-05-22,2349.300293,10.000000,2189.083252,50.000000,-4.000000,0.000000,-0.000000,0.000000,-437816.656250,2367.463623,50.000000,-5.000000,0.000000,-0.000000,0.000000,-591865.937500,2399.680176,50.000000,-5.000000,0.000000,-0.000000,0.000000,-599920.000000,-1629602.625000,1426543.250000,822.725830,-203882.093750,808459.812500,604577.750000
ml,p95,146,2026-05-23,2346.277588,10.000000,2189.083252,50.000000,-4.000000,0.000000,-0.000000,0.000000,-437816.656250,2352.183105,50.000000,-5.000000,0.000000,-0.000000,0.000000,-588045.812500,2386.129639,50.000000,-5.000000,0.000000,-0.000000,0.000000,-596532.437500,-1622395.000000,1426543.250000,822.725830,-196674.468750,798456.125000,601781.625000
ml,p95,146,2026-05-24,2443.838867,10.000000,2189.083252,50.000000,-4.000000,0.000000,-0.000000,0.000000,-437816.656250,2467.727783,50.000000,-5.000000,0.000000,-0.000000,0.000000,-616931.937500,2503.277100,50.000000,-5.000000,0.000000,-0.000000,0.000000,-625819.312500,-1680568.000000,1426543.250000,822.725830,-254847.468750,1040481.000000,785633.500000
ml,p95,146,2026-05-25,2415.329102,10.000000,2189.083252,50.000000,-4.000000,0.000000,-0.000000,0.000000,-437816.656250,2425.479492,50.000000,-5.000000,0.000000,-0.000000,0.000000,-606369.875000,2453.321533,50.000000,-5.000000,0.000000,-0.000000,0.000000,-613330.375000,-1657516.875000,1426543.250000,822.725830,-231796.343750,965514.062500,733717.750000
ml,p95,146,2026-05-26,2420.080078,10.000000,2189.083252,50.000000,-3.000000,1.000000,-109454.164062,54.727081,-328362.500000,2405.930176,50.000000,-5.000000,0.000000,-0.000000,0.000000,-601482.500000,2433.855713,50.000000,-5.000000,0.000000,-0.000000,0.000000,-608463.937500,-1538309.000000,1317089.250000,877.452881,-222097.203125,976494.687500,754397.500000
ml,p95,146,2026-05-27,2463.391357,10.000000,2189.083252,50.000000,-3.000000,0.000000,-0.000000,0.000000,-328362.500000,2471.438721,50.000000,-5.000000,0.000000,-0.000000,0.000000,-617859.687500,2501.442139,50.000000,-5.000000,0.000000,-0.000000,0.000000,-625360.562500,-1571582.750000,1317089.250000,877.452881,-255370.953125,1083899.250000,828528.312500
ml,p95,146,2026-05-28,2490.859375,10.000000,2189.083252,50.000000,-3.000000,0.000000,-0.000000,0.000000,-328362.500000,2530.647949,50.000000,-5.000000,0.000000,-0.000000,0.000000,-632662.000000,2557.623291,50.000000,-5.000000,0.000000,-0.000000,0.000000,-639405.812500,-1600430.250000,1317089.250000,877.452881,-284218.437500,1151619.750000,867401.312500
ml,p95,146,2026-05-29,2516.860596,10.000000,2189.083252,50.000000,-3.000000,0.000000,-0.000000,0.000000,-328362.500000,2555.060547,50.000000,-5.000000,0.000000,-0.000000,0.000000,-638765.125000,2585.128418,50.000000,-5.000000,0.000000,-0.000000,0.000000,-646282.125000,-1613409.750000,1317089.250000,877.452881,-297197.937500,1216839.250000,919641.312500
ml,p95,146,2026-05-30,2504.321777,10.000000,2189.083252,50.000000,-3.000000,0.000000,-0.000000,0.000000,-328362.500000,2533.357178,50.000000,-5.000000,0.000000,-0.000000,0.000000,-633339.312500,2566.771729,50.000000,-5.000000,0.000000,-0.000000,0.000000,-641692.937500,-1603394.750000,1317089.250000,877.452881,-287182.937500,1185445.500000,898262.562500
ml,p95,146,2026-05-31,2502.629150,10.000000,2189.083252,50.000000,-3.000000,0.000000,-0.000000,0.000000,-328362.500000,2515.687744,50.000000,-5.000000,0.000000,-0.000000,0.000000,-628921.937500,2546.149658,50.000000,-5.000000,0.000000,-0.000000,0.000000,-636537.375000,-1593821.750000,1317089.250000,877.452881,-277609.937500,1179461.625000,901851.687500
ml,p95,146,2026-06-01,2458.024170,10.000000,2189.083252,50.000000,-3.000000,0.000000,-0.000000,0.000000,-328362.500000,2468.650879,50.000000,-5.000000,0.000000,-0.000000,0.000000,-617162.687500,2499.913330,50.000000,-5.000000,0.000000,-0.000000,0.000000,-624978.312500,-1570503.500000,1317089.250000,877.452881,-254291.703125,1067117.375000,812825.687500
ml,p95,146,2026-06-02,2469.112549,10.000000,2189.083252,50.000000,-3.000000,0.000000,-0.000000,0.000000,-328362.500000,2474.272461,50.000000,-5.000000,0.000000,-0.000000,0.000000,-618568.125000,2507.605469,50.000000,-5.000000,0.000000,-0.000000,0.000000,-626901.375000,-1573832.000000,1317089.250000,877.452881,-257620.203125,1093903.250000,836283.062500
ml,p95,146,2026-06-03,2474.218994,10.000000,2189.083252,50.000000,-3.000000,0.000000,-0.000000,0.000000,-328362.500000,2503.940918,50.000000,-5.000000,0.000000,-0.000000,0.000000,-625985.250000,2540.085449,50.000000,-5.000000,0.000000,-0.000000,0.000000,-635021.375000,-1589369.125000,1317089.250000,877.452881,-273157.312500,1104579.750000,831422.437500
ml,p95,146,2026-06-04,2452.764893,10.000000,2189.083252,50.000000,-3.000000,0.000000,-0.000000,0.000000,-328362.500000,2469.870361,50.000000,-5.000000,0.000000,-0.000000,0.000000,-617467.562500,2501.308838,50.000000,-5.000000,0.000000,-0.000000,0.000000,-625327.187500,-1571157.250000,1317089.250000,877.452881,-254945.453125,1052095.000000,797149.562500
ml,p95,146,2026-06-05,2452.960449,10.000000,2189.083252,50.000000,-3.000000,0.000000,-0.000000,0.000000,-328362.500000,2469.577393,50.000000,-5.000000,0.000000,-0.000000,0.000000,-617394.312500,2496.964355,50.000000,-5.000000,0.000000,-0.000000,0.000000,-624241.125000,-1569998.000000,1317089.250000,877.452881,-253786.203125,1048918.750000,795132.562500
ml,p95,146,2026-06-06,2469.070068,10.000000,2189.083252,50.000000,-3.000000,0.000000,-0.000000,0.000000,-328362.500000,2494.347656,50.000000,-5.000000,0.000000,-0.000000,0.000000,-623586.937500,2525.127441,50.000000,-5.000000,0.000000,-0.000000,0.000000,-631281.812500,-1583231.250000,1317089.250000,877.452881,-267019.437500,1090108.250000,823088.812500
ml,p95,146,2026-06-07,2468.100098,10.000000,2189.083252,50.000000,-3.000000,0.000000,-0.000000,0.000000,-328362.500000,2479.350098,50.000000,-5.000000,0.000000,-0.000000,0.000000,-619837.500000,2509.733154,50.000000,-5.000000,0.000000,-0.000000,0.000000,-627433.312500,-1575633.250000,1317089.250000,877.452881,-259421.453125,1082507.750000,823086.312500
ml,p95,146,2026-06-08,2566.359375,10.000000,2189.083252,50.000000,-3.000000,0.000000,-0.000000,0.000000,-328362.500000,2601.620117,50.000000,-5.000000,0.000000,-0.000000,0.000000,-650405.000000,2631.451172,50.000000,-5.000000,0.000000,-0.000000,0.000000,-657862.812500,-1636630.250000,1317089.250000,877.452881,-320418.437500,1328312.500000,1007894.062500
ml,p95,146,2026-06-09,2549.743652,10.000000,2189.083252,50.000000,-3.000000,0.000000,-0.000000,0.000000,-328362.500000,2571.683594,50.000000,-5.000000,0.000000,-0.000000,0.000000,-642920.875000,2604.964600,50.000000,-5.000000,0.000000,-0.000000,0.000000,-651241.187500,-1622524.500000,1317089.250000,877.452881,-306312.687500,1284393.000000,978080.312500
ml,p95,146,2026-06-10,2538.226807,10.000000,2189.083252,50.000000,-3.000000,0.000000,-0.000000,0.000000,-328362.500000,2528.433350,50.000000,-5.000000,0.000000,-0.000000,0.000000,-632108.375000,2564.137695,50.000000,-5.000000,0.000000,-0.000000,0.000000,-641034.437500,-1601505.250000,1317089.250000,877.452881,-285293.437500,1256497.375000,971203.937500
ml,p95,146,2026-06-11,2516.170654,10.000000,2189.083252,50.000000,-3.000000,0.000000,-0.000000,0.000000,-328362.500000,2524.323242,50.000000,-5.000000,0.000000,-0.000000,0.000000,-631080.812500,2563.034668,50.000000,-5.000000,0.000000,-0.000000,0.000000,-640758.687500,-1600202.000000,1317089.250000,877.452881,-283990.187500,1200559.875000,916569.687500
ml,p95,146,2026-06-12,2502.829590,10.000000,2189.083252,50.000000,-3.000000,0.000000,-0.000000,0.000000,-328362.500000,2507.672363,50.000000,-5.000000,0.000000,-0.000000,0.000000,-626918.062500,2552.594971,50.000000,-5.000000,0.000000,-0.000000,0.000000,-638148.750000,-1593429.250000,1317089.250000,877.452881,-277217.437500,1171187.750000,893970.312500
ml,p95,146,2026-06-13,2499.862061,10.000000,2189.083252,50.000000,-3.000000,0.000000,-0.000000,0.000000,-328362.500000,2523.785889,50.000000,-5.000000,0.000000,-0.000000,0.000000,-630946.500000,2569.744629,50.000000,-5.000000,0.000000,-0.000000,0.000000,-642436.125000,-1601745.125000,1317089.250000,877.452881,-285533.312500,1163672.250000,878138.937500
ml,p95,146,2026-06-14,2504.829346,10.000000,2189.083252,50.000000,-3.000000,0.000000,-0.000000,0.000000,-328362.500000,2513.982422,50.000000,-5.000000,0.000000,-0.000000,0.000000,-628495.625000,2560.087402,50.000000,-5.000000,0.000000,-0.000000,0.000000,-640021.875000,-1596880.000000,1317089.250000,877.452881,-280668.187500,1172925.750000,892257.562500
ml,p95,146,2026-06-15,2477.988037,10.000000,2189.083252,50.000000,-3.000000,0.000000,-0.000000,0.000000,-328362.500000,2493.319336,50.000000,-5.000000,0.000000,-0.000000,0.000000,-623329.812500,2538.131836,50.000000,-5.000000,0.000000,-0.000000,0.000000,-634532.937500,-1586225.250000,1317089.250000,877.452881,-270013.437500,1105939.750000,835926.312500
ml,p95,146,2026-06-16,2484.536865,10.000000,2189.083252,50.000000,-3.000000,0.000000,-0.000000,0.000000,-328362.500000,2506.187500,50.000000,-5.000000,0.000000,-0.000000,0.000000,-626546.875000,2551.208984,50.000000,-5.000000,0.000000,-0.000000,0.000000,-637802.250000,-1592711.625000,1317089.250000,877.452881,-276499.812500,1124388.625000,847888.812500
ml,p95,146,2026-06-17,2485.290283,10.000000,2189.083252,50.000000,-3.000000,0.000000,-0.000000,0.000000,-328362.500000,2491.633545,50.000000,-5.000000,0.000000,-0.000000,0.000000,-622908.375000,2537.943115,50.000000,-5.000000,0.000000,-0.000000,0.000000,-634485.812500,-1585756.750000,1317089.250000,877.452881,-269544.937500,1122978.875000,853433.937500
ml,p95,146,2026-06-18,2504.600098,10.000000,2189.083252,50.000000,-3.000000,0.000000,-0.000000,0.000000,-328362.500000,2505.200928,50.000000,-5.000000,0.000000,-0.000000,0.000000,-626300.250000,2550.454590,50.000000,-5.000000,0.000000,-0.000000,0.000000,-637613.687500,-1592276.500000,1317089.250000,877.452881,-276064.687500,1166525.625000,890460.937500
ml,p95,146,2026-06-19,2507.079346,10.000000,2189.083252,50.000000,-3.000000,0.000000,-0.000000,0.000000,-328362.500000,2499.922119,50.000000,-5.000000,0.000000,-0.000000,0.000000,-624980.500000,2545.762451,50.000000,-5.000000,0.000000,-0.000000,0.000000,-636440.625000,-1589783.625000,1317089.250000,877.452881,-273571.812500,1170340.125000,896768.312500
ml,p95,146,2026-06-20,2541.377930,10.000000,2189.083252,50.000000,-3.000000,0.000000,-0.000000,0.000000,-328362.500000,2546.136475,50.000000,-5.000000,0.000000,-0.000000,0.000000,-636534.125000,2589.783691,50.000000,-5.000000,0.000000,-0.000000,0.000000,-647445.875000,-1612342.500000,1317089.250000,877.452881,-296130.687500,1257791.000000,961660.312500
ml,p95,146,2026-06-21,2527.488525,10.000000,2189.083252,50.000000,-3.000000,0.000000,-0.000000,0.000000,-328362.500000,2547.660645,50.000000,-5.000000,0.000000,-0.000000,0.000000,-636915.125000,2590.515625,50.000000,-5.000000,0.000000,-0.000000,0.000000,-647628.875000,-1612906.500000,1317089.250000,877.452881,-296694.687500,1222276.125000,925581.437500
ml,p95,146,2026-06-22,2512.032227,10.000000,2189.083252,50.000000,-3.000000,0.000000,-0.000000,0.000000,-328362.500000,2486.511475,50.000000,-5.000000,0.000000,-0.000000,0.000000,-621627.875000,2528.142578,50.000000,-5.000000,0.000000,-0.000000,0.000000,-632035.625000,-1582026.000000,1317089.250000,877.452881,-265814.187500,1184397.625000,918583.437500
ml,p95,146,2026-06-23,2549.292725,10.000000,2189.083252,50.000000,-3.000000,0.000000,-0.000000,0.000000,-328362.500000,2551.714844,50.000000,-5.000000,0.000000,-0.000000,0.000000,-637928.687500,2592.159180,50.000000,-5.000000,0.000000,-0.000000,0.000000,-648039.812500,-1614331.000000,1317089.250000,877.452881,-298119.187500,1277282.250000,979163.062500
ml,p95,146,2026-06-24,2532.294678,10.000000,2189.083252,50.000000,-3.000000,0.000000,-0.000000,0.000000,-328362.500000,2546.680176,50.000000,-5.000000,0.000000,-0.000000,0.000000,-636670.000000,2586.942871,50.000000,-5.000000,0.000000,-0.000000,0.000000,-646735.750000,-1611768.250000,1317089.250000,877.452881,-295556.437500,1233194.875000,937638.437500
ml,p95,146,2026-06-25,2523.663818,10.000000,2189.083252,50.000000,-3.000000,0.000000,-0.000000,0.000000,-328362.500000,2532.872559,50.000000,-5.000000,0.000000,-0.000000,0.000000,-633218.187500,2571.483887,50.000000,-5.000000,0.000000,-0.000000,0.000000,-642871.000000,-1604451.750000,1317089.250000,877.452881,-288239.937500,1210612.750000,922372.812500
ml,p95,146,2026-06-26,2514.507080,10.000000,2189.083252,50.000000,-3.000000,0.000000,-0.000000,0.000000,-328362.500000,2524.136230,50.000000,-5.000000,0.000000,-0.000000,0.000000,-631034.062500,2563.338135,50.000000,-5.000000,0.000000,-0.000000,0.000000,-640834.500000,-1600231.000000,1317089.250000,877.452881,-284019.187500,1188687.250000,904668.062500
ml,p95,146,2026-06-27,2454.350098,10.000000,2189.083252,50.000000,-3.000000,0.000000,-0.000000,0.000000,-328362.500000,2460.488037,50.000000,-5.000000,0.000000,-0.000000,0.000000,-615122.000000,2500.096680,50.000000,-5.000000,0.000000,-0.000000,0.000000,-625024.187500,-1568508.750000,1317089.250000,877.452881,-252296.953125,1039459.500000,787162.562500
ml,p95,146,2026-06-28,2475.459473,10.000000,2189.083252,50.000000,-3.000000,0.000000,-0.000000,0.000000,-328362.500000,2463.210938,50.000000,-5.000000,0.000000,-0.000000,0.000000,-615802.750000,2505.235107,50.000000,-5.000000,0.000000,-0.000000,0.000000,-626308.812500,-1570474.000000,1317089.250000,877.452881,-254262.203125,1090724.625000,836462.437500
ml,p95,146,2026-06-29,2445.804199,10.000000,2189.083252,50.000000,-3.000000,0.000000,-0.000000,0.000000,-328362.500000,2452.286865,50.000000,-5.000000,0.000000,-0.000000,0.000000,-613071.750000,2494.404541,50.000000,-5.000000,0.000000,-0.000000,0.000000,-623601.125000,-1565035.375000,1317089.250000,877.452881,-248823.578125,1016569.812500,767746.250000
ml,p95,146,2026-06-30,2453.728760,10.000000,2189.083252,50.000000,-3.000000,0.000000,-0.000000,0.000000,-328362.500000,2456.549805,50.000000,-5.000000,0.000000,-0.000000,0.000000,-614137.437500,2500.376221,50.000000,-5.000000,0.000000,-0.000000,0.000000,-625094.062500,-1567594.000000,1317089.250000,877.452881,-251382.203125,1036920.625000,785538.437500
ml,p95,146,2026-07-01,2492.842529,10.000000,2189.083252,50.000000,-3.000000,0.000000,-0.000000,0.000000,-328362.500000,2503.378662,50.000000,-5.000000,0.000000,-0.000000,0.000000,-625844.687500,2544.759033,50.000000,-5.000000,0.000000,-0.000000,0.000000,-636189.750000,-1590397.000000,1317089.250000,877.452881,-274185.187500,1133989.375000,859804.187500
ml,p95,146,2026-07-02,2530.873779,10.000000,2189.083252,50.000000,-3.000000,0.000000,-0.000000,0.000000,-328362.500000,2560.987305,50.000000,-5.000000,0.000000,-0.000000,0.000000,-640246.812500,2601.642578,50.000000,-5.000000,0.000000,-0.000000,0.000000,-650410.625000,-1619020.000000,1317089.250000,877.452881,-302808.187500,1224720.375000,921912.187500
ml,p95,146,2026-07-03,2541.361084,10.000000,2189.083252,50.000000,-3.000000,0.000000,-0.000000,0.000000,-328362.500000,2573.672852,50.000000,-5.000000,0.000000,-0.000000,0.000000,-643418.187500,2614.584717,50.000000,-5.000000,0.000000,-0.000000,0.000000,-653646.187500,-1625426.875000,1317089.250000,877.452881,-309215.062500,1247410.625000,938195.562500
ml,p95,146,2026-07-04,2531.415771,10.000000,2189.083252,50.000000,-3.000000,0.000000,-0.000000,0.000000,-328362.500000,2559.233643,50.000000,-5.000000,0.000000,-0.000000,0.000000,-639808.375000,2598.961670,50.000000,-5.000000,0.000000,-0.000000,0.000000,-649740.437500,-1617911.250000,1317089.250000,877.452881,-301699.437500,1224508.125000,922808.687500
ml,p95,146,2026-07-05,2515.548096,10.000000,2189.083252,50.000000,-3.000000,0.000000,-0.000000,0.000000,-328362.500000,2553.484375,50.000000,-5.000000,0.000000,-0.000000,0.000000,-638371.125000,2589.552490,50.000000,-5.000000,0.000000,-0.000000,0.000000,-647388.125000,-1614121.750000,1317089.250000,877.452881,-297909.937500,1189293.750000,891383.812500
ml,p95,146,2026-07-06,2468.052979,10.000000,2189.083252,50.000000,-3.000000,0.000000,-0.000000,0.000000,-328362.500000,2488.124756,50.000000,-5.000000,0.000000,-0.000000,0.000000,-622031.187500,2522.632568,50.000000,-5.000000,0.000000,-0.000000,0.000000,-630658.125000,-1581051.750000,1317089.250000,877.452881,-264839.937500,1085191.625000,820351.687500
ml,p95,146,2026-07-07,2457.452393,10.000000,2189.083252,50.000000,-3.000000,0.000000,-0.000000,0.000000,-328362.500000,2472.998779,50.000000,-5.000000,0.000000,-0.000000,0.000000,-618249.687500,2504.365723,50.000000,-5.000000,0.000000,-0.000000,0.000000,-626091.375000,-1572703.500000,1317089.250000,877.452881,-256491.703125,1061815.250000,805323.562500
ml,p95,146,2026-07-08,2460.456299,10.000000,2189.083252,50.000000,-3.000000,0.000000,-0.000000,0.000000,-328362.500000,2491.662354,50.000000,-5.000000,0.000000,-0.000000,0.000000,-622915.562500,2524.402344,50.000000,-5.000000,0.000000,-0.000000,0.000000,-631100.562500,-1582378.625000,1317089.250000,877.452881,-266166.812500,1067132.250000,800965.437500
ml,p95,146,2026-07-09,2445.794922,10.000000,2189.083252,50.000000,-3.000000,0.000000,-0.000000,0.000000,-328362.500000,2462.331055,50.000000,-5.000000,0.000000,-0.000000,0.000000,-615582.750000,2495.841797,50.000000,-5.000000,0.000000,-0.000000,0.000000,-623960.437500,-1567905.750000,1317089.250000,877.452881,-251693.953125,1039756.937500,788063.000000
ml,p95,146,2026-07-10,2445.744873,10.000000,2189.083252,50.000000,-3.000000,0.000000,-0.000000,0.000000,-328362.500000,2452.167480,50.000000,-5.000000,0.000000,-0.000000,0.000000,-613041.875000,2484.844238,50.000000,-5.000000,0.000000,-0.000000,0.000000,-621211.062500,-1562615.500000,1317089.250000,877.452881,-246403.703125,1039054.937500,792651.250000
ml,p95,146,2026-07-11,2476.459473,10.000000,2189.083252,50.000000,-3.000000,0.000000,-0.000000,0.000000,-328362.500000,2486.569336,50.000000,-5.000000,0.000000,-0.000000,0.000000,-621642.312500,2517.316650,50.000000,-5.000000,0.000000,-0.000000,0.000000,-629329.125000,-1579334.000000,1317089.250000,877.452881,-263122.187500,1088843.875000,825721.687500
ml,p95,146,2026-07-12,2466.402588,10.000000,2189.083252,50.000000,-3.000000,0.000000,-0.000000,0.000000,-328362.500000,2468.929688,50.000000,-5.000000,0.000000,-0.000000,0.000000,-617232.437500,2499.147461,50.000000,-5.000000,0.000000,-0.000000,0.000000,-624786.875000,-1570381.750000,1317089.250000,877.452881,-254169.953125,1071263.000000,817093.062500
ml,p95,146,2026-07-13,2497.870850,10.000000,2189.083252,50.000000,-3.000000,0.000000,-0.000000,0.000000,-328362.500000,2500.722900,50.000000,-5.000000,0.000000,-0.000000,0.000000,-625180.687500,2530.931641,50.000000,-5.000000,0.000000,-0.000000,0.000000,-632732.937500,-1586276.125000,1317089.250000,877.452881,-270064.312500,1121731.625000,851667.312500
ml,p95,146,2026-07-14,2529.399414,10.000000,2189.083252,50.000000,-3.000000,0.000000,-0.000000,0.000000,-328362.500000,2525.239990,50.000000,-5.000000,0.000000,-0.000000,0.000000,-631310.000000,2553.901855,50.000000,-5.000000,0.000000,-0.000000,0.000000,-638475.500000,-1598148.000000,1317089.250000,877.452881,-281936.187500,1169510.625000,887574.437500
ml,p95,146,2026-07-15,2513.856201,10.000000,2189.083252,50.000000,-3.000000,0.000000,-0.000000,0.000000,-328362.500000,2507.785645,50.000000,-5.000000,0.000000,-0.000000,0.000000,-626946.375000,2534.423096,50.000000,-5.000000,0.000000,-0.000000,0.000000,-633605.750000,-1588914.625000,1317089.250000,877.452881,-272702.812500,1147461.125000,874758.312500
ml,p95,146,2026-07-16,2526.367920,10.000000,2189.083252,50.000000,-3.000000,0.000000,-0.000000,0.000000,-328362.500000,2511.931885,50.000000,-5.000000,0.000000,-0.000000,0.000000,-627982.937500,2540.233643,50.000000,-5.000000,0.000000,-0.000000,0.000000,-635058.375000,-1591403.750000,1317089.250000,877.452881,-275191.937500,1163376.125000,888184.187500
ml,p95,146,2026-07-17,2519.556396,10.000000,2189.083252,50.000000,-3.000000,0.000000,-0.000000,0.000000,-328362.500000,2545.526855,50.000000,-5.000000,0.000000,-0.000000,0.000000,-636381.750000,2578.114502,50.000000,-5.000000,0.000000,-0.000000,0.000000,-644528.625000,-1609272.875000,1317089.250000,877.452881,-293061.062500,1154502.375000,861441.312500
ml,p95,146,2026-07-18,2519.835205,10.000000,2189.083252,50.000000,-3.000000,0.000000,-0.000000,0.000000,-328362.500000,2522.220703,50.000000,-5.000000,0.000000,-0.000000,0.000000,-630555.187500,2554.154297,50.000000,-5.000000,0.000000,-0.000000,0.000000,-638538.562500,-1597456.250000,1317089.250000,877.452881,-281244.437500,1154590.750000,873346.312500
ml,p95,146,2026-07-19,2566.044922,10.000000,2189.083252,50.000000,-3.000000,0.000000,-0.000000,0.000000,-328362.500000,2586.910645,50.000000,-5.000000,0.000000,-0.000000,0.000000,-646727.625000,2617.161621,50.000000,-5.000000,0.000000,-0.000000,0.000000,-654290.437500,-1629380.500000,1317089.250000,877.452881,-313168.687500,1204408.875000,891240.187500
ml,p95,146,2026-07-20,2580.758789,10.000000,2189.083252,50.000000,-3.000000,0.000000,-0.000000,0.000000,-328362.500000,2589.274902,50.000000,-5.000000,0.000000,-0.000000,0.000000,-647318.750000,2620.526123,50.000000,-5.000000,0.000000,-0.000000,0.000000,-655131.562500,-1630812.750000,1317089.250000,877.452881,-314600.937500,1219736.500000,905135.562500
ml,p95,146,2026-07-21,2597.861572,10.000000,2189.083252,50.000000,-3.000000,0.000000,-0.000000,0.000000,-328362.500000,2633.956543,50.000000,-5.000000,0.000000,-0.000000,0.000000,-658489.187500,2662.949707,50.000000,-5.000000,0.000000,-0.000000,0.000000,-665737.375000,-1652589.000000,1317089.250000,877.452881,-336377.187500,1236045.375000,899668.187500
ml,p95,146,2026-07-22,2611.477539,10.000000,2189.083252,50.000000,-3.000000,0.000000,-0.000000,0.000000,-328362.500000,2633.098877,50.000000,-5.000000,0.000000,-0.000000,0.000000,-658274.687500,2662.874756,50.000000,-5.000000,0.000000,-0.000000,0.000000,-665718.687500,-1652355.875000,1317089.250000,877.452881,-336144.062500,1247244.625000,911100.562500
ml,p95,146,2026-07-23,2619.063477,10.000000,2189.083252,50.000000,-3.000000,0.000000,-0.000000,0.000000,-328362.500000,2663.972168,50.000000,-5.000000,0.000000,-0.000000,0.000000,-665993.062500,2691.451416,50.000000,-5.000000,0.000000,-0.000000,0.000000,-672862.812500,-1667218.375000,1317089.250000,877.452881,-351006.562500,1252585.375000,901578.812500
ml,p95,146,2026-07-24,2614.740967,10.000000,2189.083252,50.000000,-3.000000,0.000000,-0.000000,0.000000,-328362.500000,2613.380859,50.000000,-5.000000,0.000000,-0.000000,0.000000,-653345.187500,2642.622314,50.000000,-5.000000,0.000000,-0.000000,0.000000,-660655.562500,-1642363.250000,1317089.250000,877.452881,-326151.437500,1249293.500000,923142.062500
ml,p95,146,2026-07-25,2605.242432,10.000000,2189.083252,50.000000,-3.000000,0.000000,-0.000000,0.000000,-328362.500000,2609.154785,50.000000,-5.000000,0.000000,-0.000000,0.000000,-652288.687500,2636.653076,50.000000,-5.000000,0.000000,-0.000000,0.000000,-659163.250000,-1639814.500000,1317089.250000,877.452881,-323602.687500,1243823.375000,920220.687500
ml,p95,146,2026-07-26,2598.042480,10.000000,2189.083252,50.000000,-3.000000,0.000000,-0.000000,0.000000,-328362.500000,2606.245605,50.000000,-5.000000,0.000000,-0.000000,0.000000,-651561.437500,2635.491943,50.000000,-5.000000,0.000000,-0.000000,0.000000,-658873.000000,-1638797.000000,1317089.250000,877.452881,-322585.187500,1239792.125000,917206.937500
ml,p95,146,2026-07-27,2555.010010,10.000000,2189.083252,50.000000,-3.000000,0.000000,-0.000000,0.000000,-328362.500000,2551.361328,50.000000,-5.000000,0.000000,-0.000000,0.000000,-637840.312500,2578.816895,50.000000,-5.000000,0.000000,-0.000000,0.000000,-644704.187500,-1610907.000000,1317089.250000,877.452881,-294695.187500,1216233.875000,921538.687500
ml,p95,146,2026-07-28,2557.770996,10.000000,2189.083252,50.000000,-3.000000,0.000000,-0.000000,0.000000,-328362.500000,2540.134766,50.000000,-5.000000,0.000000,-0.000000,0.000000,-635033.687500,2568.321777,50.000000,-5.000000,0.000000,-0.000000,0.000000,-642080.500000,-1605476.750000,1317089.250000,877.452881,-289264.937500,1217308.000000,928043.062500
ml,p95,146,2026-07-29,2517.289307,10.000000,2189.083252,50.000000,-3.000000,0.000000,-0.000000,0.000000,-328362.500000,2488.831299,50.000000,-5.000000,0.000000,-0.000000,0.000000,-622207.812500,2516.267334,50.000000,-5.000000,0.000000,-0.000000,0.000000,-629066.875000,-1579637.250000,1317089.250000,877.452881,-263425.437500,1203973.250000,940547.812500
ml,p95,146,2026-07-30,2543.168701,10.000000,2189.083252,50.000000,-3.000000,0.000000,-0.000000,0.000000,-328362.500000,2488.831299,50.000000,-4.000000,1.000000,-124441.562500,62.220779,-497766.250000,2574.233398,50.000000,-5.000000,0.000000,-0.000000,0.000000,-643558.375000,-1469687.125000,1192647.625000,939.673706,-277979.187500,1209574.375000,931595.187500
ml,p95,146,2026-07-31,2481.468994,10.000000,2189.083252,50.000000,-3.000000,0.000000,-0.000000,0.000000,-328362.500000,2488.831299,50.000000,-4.000000,0.000000,-0.000000,0.000000,-497766.250000,2508.836914,50.000000,-5.000000,0.000000,-0.000000,0.000000,-627209.250000,-1453338.000000,1192647.625000,939.673706,-261630.046875,1202951.750000,941321.687500
ml,p95,146,2026-08-01,2592.984375,10.000000,2189.083252,50.000000,-3.000000,0.000000,-0.000000,0.000000,-328362.500000,2488.831299,50.000000,-4.000000,0.000000,-0.000000,0.000000,-497766.250000,2620.850342,50.000000,-5.000000,0.000000,-0.000000,0.000000,-655212.625000,-1481341.375000,1192647.625000,939.673706,-289633.437500,1203081.750000,913448.312500
ml,p95,146,2026-08-02,2589.464111,10.000000,2189.083252,50.000000,-3.000000,0.000000,-0.000000,0.000000,-328362.500000,2488.831299,50.000000,-4.000000,0.000000,-0.000000,0.000000,-497766.250000,2619.096191,50.000000,-5.000000,0.000000,-0.000000,0.000000,-654774.000000,-1480902.750000,1192647.625000,939.673706,-289194.812500,1203209.250000,914014.437500
ml,p95,146,2026-08-03,2567.126709,10.000000,2189.083252,50.000000,-3.000000,0.000000,-0.000000,0.000000,-328362.500000,2488.831299,50.000000,-4.000000,0.000000,-0.000000,0.000000,-497766.250000,2591.693604,50.000000,-5.000000,0.000000,-0.000000,0.000000,-647923.375000,-1474052.125000,1192647.625000,939.673706,-282344.187500,1203344.375000,921000.187500
ml,p95,146,2026-08-04,2596.604736,10.000000,2189.083252,50.000000,-3.000000,0.000000,-0.000000,0.000000,-328362.500000,2488.831299,50.000000,-4.000000,0.000000,-0.000000,0.000000,-497766.250000,2620.298340,50.000000,-5.000000,0.000000,-0.000000,0.000000,-655074.625000,-1481203.375000,1192647.625000,939.673706,-289495.437500,1203476.250000,913980.812500
ml,p95,146,2026-08-05,2621.088623,10.000000,2189.083252,50.000000,-3.000000,0.000000,-0.000000,0.000000,-328362.500000,2488.831299,50.000000,-4.000000,0.000000,-0.000000,0.000000,-497766.250000,2665.277588,50.000000,-5.000000,0.000000,-0.000000,0.000000,-666319.375000,-1492448.125000,1192647.625000,939.673706,-300740.187500,1203613.250000,902873.062500
ml,p95,146,2026-08-06,2632.098877,10.000000,2189.083252,50.000000,-3.000000,0.000000,-0.000000,0.000000,-328362.500000,2488.831299,50.000000,-4.000000,0.000000,-0.000000,0.000000,-497766.250000,2671.598633,50.000000,-5.000000,0.000000,-0.000000,0.000000,-667899.687500,-1494028.500000,1192647.625000,939.673706,-302320.562500,1203613.250000,901292.687500
ml,p95,146,2026-08-07,2589.991455,10.000000,2189.083252,50.000000,-3.000000,0.000000,-0.000000,0.000000,-328362.500000,2488.831299,50.000000,-4.000000,0.000000,-0.000000,0.000000,-497766.250000,2604.486816,50.000000,-5.000000,0.000000,-0.000000,0.000000,-651121.687500,-1477250.500000,1192647.625000,939.673706,-285542.562500,1203613.250000,918070.687500
ml,p95,146,2026-08-08,2576.047607,10.000000,2189.083252,50.000000,-3.000000,0.000000,-0.000000,0.000000,-328362.500000,2488.831299,50.000000,-4.000000,0.000000,-0.000000,0.000000,-497766.250000,2604.095703,50.000000,-5.000000,0.000000,-0.000000,0.000000,-651023.937500,-1477152.750000,1192647.625000,939.673706,-285444.812500,1203613.250000,918168.437500
ml,p95,146,2026-08-09,2551.148193,10.000000,2189.083252,50.000000,-3.000000,0.000000,-0.000000,0.000000,-328362.500000,2488.831299,50.000000,-4.000000,0.000000,-0.000000,0.000000,-497766.250000,2584.390381,50.000000,-5.000000,0.000000,-0.000000,0.000000,-646097.625000,-1472226.375000,1192647.625000,939.673706,-280518.437500,1203613.250000,923094.812500
ml,p95,146,2026-08-10,2550.300537,10.000000,2189.083252,50.000000,-3.000000,0.000000,-0.000000,0.000000,-328362.500000,2488.831299,50.000000,-4.000000,0.000000,-0.000000,0.000000,-497766.250000,2567.494385,50.000000,-5.000000,0.000000,-0.000000,0.000000,-641873.562500,-1468002.250000,1192647.625000,939.673706,-276294.312500,1203613.250000,927318.937500
ml,p95,146,2026-08-11,2571.281006,10.000000,2189.083252,50.000000,-3.000000,0.000000,-0.000000,0.000000,-328362.500000,2488.831299,50.000000,-4.000000,0.000000,-0.000000,0.000000,-497766.250000,2570.476807,50.000000,-5.000000,0.000000,-0.000000,0.000000,-642619.187500,-1468748.000000,1192647.625000,939.673706,-277040.062500,1203613.250000,926573.187500
ml,p95,146,2026-08-12,2595.500244,10.000000,2189.083252,50.000000,-3.000000,0.000000,-0.000000,0.000000,-328362.500000,2488.831299,50.000000,-4.000000,0.000000,-0.000000,0.000000,-497766.250000,2624.026367,50.000000,-5.000000,0.000000,-0.000000,0.000000,-656006.562500,-1482135.250000,1192647.625000,939.673706,-290427.312500,1203613.250000,913185.937500
ml,p95,146,2026-08-13,2602.157471,10.000000,2189.083252,50.000000,-3.000000,0.000000,-0.000000,0.000000,-328362.500000,2488.831299,50.000000,-4.000000,0.000000,-0.000000,0.000000,-497766.250000,2638.502197,50.000000,-5.000000,0.000000,-0.000000,0.000000,-659625.562500,-1485754.250000,1192647.625000,939.673706,-294046.312500,1203613.250000,909566.937500
ml,p95,146,2026-08-14,2625.429199,10.000000,2189.083252,50.000000,-3.000000,0.000000,-0.000000,0.000000,-328362.500000,2488.831299,50.000000,-4.000000,0.000000,-0.000000,0.000000,-497766.250000,2635.836182,50.000000,-5.000000,0.000000,-0.000000,0.000000,-658959.062500,-1485087.750000,1192647.625000,939.673706,-293379.812500,1203613.250000,910233.437500
ml,p95,146,2026-08-15,2653.648682,10.000000,2189.083252,50.000000,-3.000000,0.000000,-0.000000,0.000000,-328362.500000,2488.831299,50.000000,-4.000000,0.000000,-0.000000,0.000000,-497766.250000,2673.575439,50.000000,-5.000000,0.000000,-0.000000,0.000000,-668393.875000,-1494522.625000,1192647.625000,939.673706,-302814.687500,1203613.250000,900798.562500
ml,p95,146,2026-08-16,2676.982666,10.000000,2189.083252,50.000000,-3.000000,0.000000,-0.000000,0.000000,-328362.500000,2488.831299,50.000000,-4.000000,0.000000,-0.000000,0.000000,-497766.250000,2695.406982,50.000000,-5.000000,0.000000,-0.000000,0.000000,-673851.750000,-1499980.500000,1192647.625000,939.673706,-308272.562500,1203613.250000,895340.687500
ml,p95,146,2026-08-17,2667.622070,10.000000,2189.083252,50.000000,-3.000000,0.000000,-0.000000,0.000000,-328362.500000,2488.831299,50.000000,-4.000000,0.000000,-0.000000,0.000000,-497766.250000,2698.809326,50.000000,-5.000000,0.000000,-0.000000,0.000000,-674702.375000,-1500831.125000,1192647.625000,939.673706,-309123.187500,1203613.250000,894490.062500
ml,p95,146,2026-08-18,2677.328613,10.000000,2189.083252,50.000000,-3.000000,0.000000,-0.000000,0.000000,-328362.500000,2488.831299,50.000000,-4.000000,0.000000,-0.000000,0.000000,-497766.250000,2689.677979,50.000000,-5.000000,0.000000,-0.000000,0.000000,-672419.500000,-1498548.250000,1192647.625000,939.673706,-306840.312500,1203613.250000,896772.937500
ml,p95,146,2026-08-19,2690.133301,10.000000,2189.083252,50.000000,-3.000000,0.000000,-0.000000,0.000000,-328362.500000,2488.831299,50.000000,-4.000000,0.000000,-0.000000,0.000000,-497766.250000,2709.806396,50.000000,-5.000000,0.000000,-0.000000,0.000000,-677451.625000,-1503580.375000,1192647.625000,939.673706,-311872.437500,1203613.250000,891740.812500
ml,p95,146,2026-08-20,2690.955811,10.000000,2189.083252,50.000000,-3.000000,0.000000,-0.000000,0.000000,-328362.500000,2488.831299,50.000000,-4.000000,0.000000,-0.000000,0.000000,-497766.250000,2700.733398,50.000000,-5.000000,0.000000,-0.000000,0.000000,-675183.375000,-1501312.125000,1192647.625000,939.673706,-309604.187500,1203613.250000,894009.062500
ml,p95,146,2026-08-21,2687.160156,10.000000,2189.083252,50.000000,-3.000000,0.000000,-0.000000,0.000000,-328362.500000,2488.831299,50.000000,-4.000000,0.000000,-0.000000,0.000000,-497766.250000,2698.775635,50.000000,-5.000000,0.000000,-0.000000,0.000000,-674693.875000,-1500822.625000,1192647.625000,939.673706,-309114.687500,1203613.250000,894498.562500
ml,p95,146,2026-08-22,2692.497070,10.000000,2189.083252,50.000000,-3.000000,0.000000,-0.000000,0.000000,-328362.500000,2488.831299,50.000000,-4.000000,0.000000,-0.000000,0.000000,-497766.250000,2696.554688,50.000000,-5.000000,0.000000,-0.000000,0.000000,-674138.687500,-1500267.500000,1192647.625000,939.673706,-308559.562500,1203613.250000,895053.687500
ml,p95,146,2026-08-23,2662.081787,10.000000,2189.083252,50.000000,-3.000000,0.000000,-0.000000,0.000000,-328362.500000,2488.831299,50.000000,-4.000000,0.000000,-0.000000,0.000000,-497766.250000,2682.751465,50.000000,-5.000000,0.000000,-0.000000,0.000000,-670687.875000,-1496816.625000,1192647.625000,939.673706,-305108.687500,1203613.250000,898504.562500
ml,p95,146,2026-08-24,2633.426025,10.000000,2189.083252,50.000000,1.000000,4.000000,-437816.656250,218.908325,109454.164062,2488.831299,50.000000,0.000000,4.000000,-497766.250000,248.883118,0.000000,2659.134277,50.000000,-5.000000,0.000000,-0.000000,0.000000,-664783.625000,-555329.437500,257064.703125,1407.465088,-299672.218750,1203613.250000,903941.000000
ml,p95,146,2026-08-25,2650.260986,10.000000,2189.083252,50.000000,-4.000000,-5.000000,547270.812500,273.635406,-437816.656250,2488.831299,50.000000,0.000000,0.000000,-0.000000,0.000000,0.000000,2665.917969,50.000000,-1.000000,4.000000,-533183.625000,266.591797,-133295.906250,-571112.562500,271151.875000,1947.692383,-301908.375000,1203613.250000,901704.875000
ml,p95,146,2026-08-26,2683.791016,10.000000,2189.083252,50.000000,0.000000,4.000000,-437816.656250,218.908325,0.000000,2488.831299,50.000000,0.000000,0.000000,-0.000000,0.000000,0.000000,2757.847656,50.000000,-1.000000,0.000000,-0.000000,0.000000,-137892.375000,-137892.375000,-166664.765625,2166.600586,-306723.718750,1203613.250000,896889.500000
ml,p95,146,2026-08-27,2694.639648,10.000000,2189.083252,50.000000,0.000000,0.000000,-0.000000,0.000000,0.000000,2488.831299,50.000000,0.000000,0.000000,-0.000000,0.000000,0.000000,2746.175537,50.000000,-1.000000,0.000000,-0.000000,0.000000,-137308.781250,-137308.781250,-166664.765625,2166.600586,-306140.156250,1203613.250000,897473.125000
ml,p95,146,2026-08-28,2689.508545,10.000000,2189.083252,50.000000,0.000000,0.000000,-0.000000,0.000000,0.000000,2488.831299,50.000000,0.000000,0.000000,-0.000000,0.000000,0.000000,2700.020996,50.000000,-1.000000,0.000000,-0.000000,0.000000,-135001.046875,-135001.046875,-166664.765625,2166.600586,-303832.406250,1203613.250000,899780.875000
ml,p95,146,2026-08-29,2658.938232,10.000000,2189.083252,50.000000,0.000000,0.000000,-0.000000,0.000000,0.000000,2488.831299,50.000000,0.000000,0.000000,-0.000000,0.000000,0.000000,2685.556641,50.000000,-1.000000,0.000000,-0.000000,0.000000,-134277.828125,-134277.828125,-166664.765625,2166.600586,-303109.187500,1203613.250000,900504.062500
ml,p95,146,2026-08-30,2691.439453,10.000000,2189.083252,50.000000,0.000000,0.000000,-0.000000,0.000000,0.000000,2488.831299,50.000000,0.000000,0.000000,-0.000000,0.000000,0.000000,2733.186768,50.000000,-1.000000,0.000000,-0.000000,0.000000,-136659.343750,-136659.343750,-166664.765625,2166.600586,-305490.718750,1203613.250000,898122.500000
ml,p95,146,2026-08-31,2709.381592,10.000000,2189.083252,50.000000,0.000000,0.000000,-0.000000,0.000000,0.000000,2488.831299,50.000000,0.000000,0.000000,-0.000000,0.000000,0.000000,2740.985840,50.000000,-1.000000,0.000000,-0.000000,0.000000,-137049.296875,-137049.296875,-166664.765625,2166.600586,-305880.656250,1203613.250000,897732.625000
ml,p95,146,2026-09-01,2810.120850,10.000000,2189.083252,50.000000,0.000000,0.000000,-0.000000,0.000000,0.000000,2488.831299,50.000000,0.000000,0.000000,-0.000000,0.000000,0.000000,2851.220947,50.000000,-1.000000,0.000000,-0.000000,0.000000,-142561.046875,-142561.046875,-166664.765625,2166.600586,-311392.406250,1203613.250000,892220.875000
ml,p95,146,2026-09-02,2808.159912,10.000000,2189.083252,50.000000,0.000000,0.000000,-0.000000,0.000000,0.000000,2488.831299,50.000000,0.000000,0.000000,-0.000000,0.000000,0.000000,2838.018555,50.000000,-1.000000,0.000000,-0.000000,0.000000,-141900.921875,-141900.921875,-166664.765625,2166.600586,-310732.281250,1203613.250000,892881.000000
ml,p95,146,2026-09-03,2908.797119,10.000000,2189.083252,50.000000,0.000000,0.000000,-0.000000,0.000000,0.000000,2488.831299,50.000000,0.000000,0.000000,-0.000000,0.000000,0.000000,2924.802246,50.000000,-1.000000,0.000000,-0.000000,0.000000,-146240.109375,-146240.109375,-166664.765625,2166.600586,-315071.468750,1203613.250000,888541.750000
ml,p95,146,2026-09-04,2938.892090,10.000000,2189.083252,50.000000,0.000000,0.000000,-0.000000,0.000000,0.000000,2488.831299,50.000000,0.000000,0.000000,-0.000000,0.000000,0.000000,2968.084961,50.000000,-1.000000,0.000000,-0.000000,0.000000,-148404.250000,-148404.250000,-166664.765625,2166.600586,-317235.593750,1203613.250000,886377.625000
ml,p95,146,2026-09-05,2966.364502,10.000000,2189.083252,50.000000,0.000000,0.000000,-0.000000,0.000000,0.000000,2488.831299,50.000000,0.000000,0.000000,-0.000000,0.000000,0.000000,2985.999268,50.000000,-1.000000,0.000000,-0.000000,0.000000,-149299.968750,-149299.968750,-166664.765625,2166.600586,-318131.343750,1203613.250000,885481.875000
ml,p95,146,2026-09-06,2946.970947,10.000000,2189.083252,50.000000,0.000000,0.000000,-0.000000,0.000000,0.000000,2488.831299,50.000000,0.000000,0.000000,-0.000000,0.000000,0.000000,2975.877197,50.000000,-1.000000,0.000000,-0.000000,0.000000,-148793.859375,-148793.859375,-166664.765625,2166.600586,-317625.218750,1203613.250000,885988.000000
ml,p95,146,2026-09-07,2927.863037,10.000000,2189.083252,50.000000,0.000000,0.000000,-0.000000,0.000000,0.000000,2488.831299,50.000000,0.000000,0.000000,-0.000000,0.000000,0.000000,2958.800537,50.000000,-1.000000,0.000000,-0.000000,0.000000,-147940.031250,-147940.031250,-166664.765625,2166.600586,-316771.406250,1203613.250000,886841.875000
ml,p95,146,2026-09-08,2820.967529,10.000000,2189.083252,50.000000,0.000000,0.000000,-0.000000,0.000000,0.000000,2488.831299,50.000000,0.000000,0.000000,-0.000000,0.000000,0.000000,2836.064697,50.000000,-1.000000,0.000000,-0.000000,0.000000,-141803.234375,-141803.234375,-166664.765625,2166.600586,-310634.593750,1203613.250000,892978.625000
ml,p95,146,2026-09-09,2820.759033,10.000000,2189.083252,50.000000,0.000000,0.000000,-0.000000,0.000000,0.000000,2488.831299,50.000000,0.000000,0.000000,-0.000000,0.000000,0.000000,2834.479980,50.000000,-1.000000,0.000000,-0.000000,0.000000,-141724.000000,-141724.000000,-166664.765625,2166.600586,-310555.343750,1203613.250000,893057.875000
ml,p95,146,2026-09-10,2817.907715,10.000000,2189.083252,50.000000,0.000000,0.000000,-0.000000,0.000000,0.000000,2488.831299,50.000000,0.000000,0.000000,-0.000000,0.000000,0.000000,2801.778320,50.000000,-1.000000,0.000000,-0.000000,0.000000,-140088.921875,-140088.921875,-166664.765625,2166.600586,-308920.281250,1203613.250000,894693.000000
ml,p95,146,2026-09-11,2794.832031,10.000000,2189.083252,50.000000,0.000000,0.000000,-0.000000,0.000000,0.000000,2488.831299,50.000000,0.000000,0.000000,-0.000000,0.000000,0.000000,2876.301758,50.000000,-1.000000,0.000000,-0.000000,0.000000,-143815.093750,-143815.093750,-166664.765625,2166.600586,-312646.468750,1203613.250000,890966.750000
ml,p95,146,2026-09-12,2798.236572,10.000000,2189.083252,50.000000,0.000000,0.000000,-0.000000,0.000000,0.000000,2488.831299,50.000000,0.000000,0.000000,-0.000000,0.000000,0.000000,2835.956787,50.000000,-1.000000,0.000000,-0.000000,0.000000,-141797.843750,-141797.843750,-166664.765625,2166.600586,-310629.218750,1203613.250000,892984.000000
ml,p95,146,2026-09-13,2796.667969,10.000000,2189.083252,50.000000,0.000000,0.000000,-0.000000,0.000000,0.000000,2488.831299,50.000000,0.000000,0.000000,-0.000000,0.000000,0.000000,2808.802246,50.000000,-1.000000,0.000000,-0.000000,0.000000,-140440.109375,-140440.109375,-166664.765625,2166.600586,-309271.468750,1203613.250000,894341.750000
ml,p95,146,2026-09-14,2790.771729,10.000000,2189.083252,50.000000,0.000000,0.000000,-0.000000,0.000000,0.000000,2488.831299,50.000000,0.000000,0.000000,-0.000000,0.000000,0.000000,2791.907471,50.000000,-1.000000,0.000000,-0.000000,0.000000,-139595.375000,-139595.375000,-166664.765625,2166.600586,-308426.718750,1203613.250000,895186.500000
ml,p95,146,2026-09-15,2762.102783,10.000000,2189.083252,50.000000,0.000000,0.000000,-0.000000,0.000000,0.000000,2488.831299,50.000000,0.000000,0.000000,-0.000000,0.000000,0.000000,2787.221924,50.000000,-1.000000,0.000000,-0.000000,0.000000,-139361.093750,-139361.093750,-166664.765625,2166.600586,-308192.468750,1203613.250000,895420.750000
ml,p95,146,2026-09-16,2775.166016,10.000000,2189.083252,50.000000,0.000000,0.000000,-0.000000,0.000000,0.000000,2488.831299,50.000000,0.000000,0.000000,-0.000000,0.000000,0.000000,2797.194824,50.000000,-1.000000,0.000000,-0.000000,0.000000,-139859.734375,-139859.734375,-166664.765625,2166.600586,-308691.093750,1203613.250000,894922.125000
ml,p95,146,2026-09-17,2758.954102,10.000000,2189.083252,50.000000,0.000000,0.000000,-0.000000,0.000000,0.000000,2488.831299,50.000000,0.000000,0.000000,-0.000000,0.000000,0.000000,2773.458252,50.000000,-1.000000,0.000000,-0.000000,0.000000,-138672.906250,-138672.906250,-166664.765625,2166.600586,-307504.281250,1203613.250000,896109.000000
ml,p95,146,2026-09-18,2770.332275,10.000000,2189.083252,50.000000,0.000000,0.000000,-0.000000,0.000000,0.000000,2488.831299,50.000000,0.000000,0.000000,-0.000000,0.000000,0.000000,2785.919434,50.000000,-1.000000,0.000000,-0.000000,0.000000,-139295.968750,-139295.968750,-166664.765625,2166.600586,-308127.343750,1203613.250000,895485.875000
ml,p95,146,2026-09-19,2783.044189,10.000000,2189.083252,50.000000,0.000000,0.000000,-0.000000,0.000000,0.000000,2488.831299,50.000000,0.000000,0.000000,-0.000000,0.000000,0.000000,2803.534668,50.000000,-1.000000,0.000000,-0.000000,0.000000,-140176.734375,-140176.734375,-166664.765625,2166.600586,-309008.093750,1203613.250000,894605.125000
ml,p95,146,2026-09-20,2816.356201,10.000000,2189.083252,50.000000,0.000000,0.000000,-0.000000,0.000000,0.000000,2488.831299,50.000000,0.000000,0.000000,-0.000000,0.000000,0.000000,2858.390625,50.000000,-1.000000,0.000000,-0.000000,0.000000,-142919.531250,-142919.531250,-166664.765625,2166.600586,-311750.906250,1203613.250000,891862.375000
ml,p95,146,2026-09-21,2759.072754,10.000000,2189.083252,50.000000,0.000000,0.000000,-0.000000,0.000000,0.000000,2488.831299,50.000000,0.000000,0.000000,-0.000000,0.000000,0.000000,2760.244629,50.000000,-1.000000,0.000000,-0.000000,0.000000,-138012.234375,-138012.234375,-166664.765625,2166.600586,-306843.593750,1203613.250000,896769.625000
ml,p95,146,2026-09-22,2748.104980,10.000000,2189.083252,50.000000,0.000000,0.000000,-0.000000,0.000000,0.000000,2488.831299,50.000000,0.000000,0.000000,-0.000000,0.000000,0.000000,2722.853516,50.000000,-1.000000,0.000000,-0.000000,0.000000,-136142.671875,-136142.671875,-166664.765625,2166.600586,-304974.031250,1203613.250000,898639.250000
ml,p95,146,2026-09-23,2773.571777,10.000000,2189.083252,50.000000,0.000000,0.000000,-0.000000,0.000000,0.000000,2488.831299,50.000000,0.000000,0.000000,-0.000000,0.000000,0.000000,2767.202881,50.000000,-1.000000,0.000000,-0.000000,0.000000,-138360.140625,-138360.140625,-166664.765625,2166.600586,-307191.500000,1203613.250000,896421.750000
ml,p95,146,2026-09-24,2723.322266,10.000000,2189.083252,50.000000,0.000000,0.000000,-0.000000,0.000000,0.000000,2488.831299,50.000000,0.000000,0.000000,-0.000000,0.000000,0.000000,2714.601318,50.000000,-1.000000,0.000000,-0.000000,0.000000,-135730.062500,-135730.062500,-166664.765625,2166.600586,-304561.406250,1203613.250000,899051.875000
ml,p95,146,2026-09-25,2786.160400,10.000000,2189.083252,50.000000,0.000000,0.000000,-0.000000,0.000000,0.000000,2488.831299,50.000000,0.000000,0.000000,-0.000000,0.000000,0.000000,2785.579102,50.000000,-1.000000,0.000000,-0.000000,0.000000,-139278.953125,-139278.953125,-166664.765625,2166.600586,-308110.312500,1203613.250000,895502.937500
ml,p95,146,2026-09-26,2775.720459,10.000000,2189.083252,50.000000,0.000000,0.000000,-0.000000,0.000000,0.000000,2488.831299,50.000000,0.000000,0.000000,-0.000000,0.000000,0.000000,2770.053223,50.000000,-1.000000,0.000000,-0.000000,0.000000,-138502.656250,-138502.656250,-166664.765625,2166.600586,-307334.031250,1203613.250000,896279.250000
ml,p95,146,2026-09-27,2758.534668,10.000000,2189.083252,50.000000,0.000000,0.000000,-0.000000,0.000000,0.000000,2488.831299,50.000000,0.000000,0.000000,-0.000000,0.000000,0.000000,2766.978271,50.000000,-1.000000,0.000000,-0.000000,0.000000,-138348.906250,-138348.906250,-166664.765625,2166.600586,-307180.281250,1203613.250000,896433.000000
ml,p95,146,2026-09-28,2761.060059,10.000000,2189.083252,50.000000,0.000000,0.000000,-0.000000,0.000000,0.000000,2488.831299,50.000000,0.000000,0.000000,-0.000000,0.000000,0.000000,2758.863770,50.000000,-1.000000,0.000000,-0.000000,0.000000,-137943.187500,-137943.187500,-166664.765625,2166.600586,-306774.531250,1203613.250000,896838.750000
ml,p95,146,2026-09-29,2710.448975,10.000000,2189.083252,50.000000,0.000000,0.000000,-0.000000,0.000000,0.000000,2488.831299,50.000000,0.000000,0.000000,-0.000000,0.000000,0.000000,2699.314453,50.000000,-1.000000,0.000000,-0.000000,0.000000,-134965.718750,-134965.718750,-166664.765625,2166.600586,-303797.093750,1203613.250000,899816.125000
ml,p95,146,2026-09-30,2681.557617,10.000000,2189.083252,50.000000,0.000000,0.000000,-0.000000,0.000000,0.000000,2488.831299,50.000000,0.000000,0.000000,-0.000000,0.000000,0.000000,2688.498779,50.000000,-1.000000,0.000000,-0.000000,0.000000,-134424.937500,-134424.937500,-166664.765625,2166.600586,-303256.281250,1203613.250000,900357.000000
ml,p95,146,2026-10-01,2633.355713,10.000000,2189.083252,50.000000,0.000000,0.000000,-0.000000,0.000000,0.000000,2488.831299,50.000000,0.000000,0.000000,-0.000000,0.000000,0.000000,2654.550537,50.000000,-1.000000,0.000000,-0.000000,0.000000,-132727.531250,-132727.531250,-166664.765625,2166.600586,-301558.906250,1203613.250000,902054.375000
ml,p95,146,2026-10-02,2694.103760,10.000000,2189.083252,50.000000,0.000000,0.000000,-0.000000,0.000000,0.000000,2488.831299,50.000000,0.000000,0.000000,-0.000000,0.000000,0.000000,2760.375977,50.000000,-1.000000,0.000000,-0.000000,0.000000,-138018.796875,-138018.796875,-166664.765625,2166.600586,-306850.156250,1203613.250000,896763.125000
ml,p95,146,2026-10-03,2783.556396,10.000000,2189.083252,50.000000,0.000000,0.000000,-0.000000,0.000000,0.000000,2488.831299,50.000000,0.000000,0.000000,-0.000000,0.000000,0.000000,2833.680664,50.000000,-1.000000,0.000000,-0.000000,0.000000,-141684.031250,-141684.031250,-166664.765625,2166.600586,-310515.406250,1203613.250000,893097.875000
ml,p95,146,2026-10-04,2764.319092,10.000000,2189.083252,50.000000,0.000000,0.000000,-0.000000,0.000000,0.000000,2488.831299,50.000000,0.000000,0.000000,-0.000000,0.000000,0.000000,2791.909668,50.000000,-1.000000,0.000000,-0.000000,0.000000,-139595.484375,-139595.484375,-166664.765625,2166.600586,-308426.843750,1203613.250000,895186.375000
ml,p95,146,2026-10-05,2785.926758,10.000000,2189.083252,50.000000,0.000000,0.000000,-0.000000,0.000000,0.000000,2488.831299,50.000000,0.000000,0.000000,-0.000000,0.000000,0.000000,2793.933594,50.000000,-1.000000,0.000000,-0.000000,0.000000,-139696.687500,-139696.687500,-166664.765625,2166.600586,-308528.031250,1203613.250000,895085.250000
ml,p95,146,2026-10-06,2769.794678,10.000000,2189.083252,50.000000,0.000000,0.000000,-0.000000,0.000000,0.000000,2488.831299,50.000000,0.000000,0.000000,-0.000000,0.000000,0.000000,2774.811035,50.000000,-1.000000,0.000000,-0.000000,0.000000,-138740.546875,-138740.546875,-166664.765625,2166.600586,-307571.906250,1203613.250000,896041.375000
ml,p95,146,2026-10-07,2833.539062,10.000000,2189.083252,50.000000,0.000000,0.000000,-0.000000,0.000000,0.000000,2488.831299,50.000000,0.000000,0.000000,-0.000000,0.000000,0.000000,2851.687744,50.000000,-1.000000,0.000000,-0.000000,0.000000,-142584.390625,-142584.390625,-166664.765625,2166.600586,-311415.750000,1203613.250000,892197.500000
ml,p95,146,2026-10-08,2834.921387,10.000000,2189.083252,50.000000,0.000000,0.000000,-0.000000,0.000000,0.000000,2488.831299,50.000000,0.000000,0.000000,-0.000000,0.000000,0.000000,2852.570068,50.000000,-1.000000,0.000000,-0.000000,0.000000,-142628.500000,-142628.500000,-166664.765625,2166.600586,-311459.843750,1203613.250000,892153.375000
ml,p95,146,2026-10-09,2829.310303,10.000000,2189.083252,50.000000,0.000000,0.000000,-0.000000,0.000000,0.000000,2488.831299,50.000000,0.000000,0.000000,-0.000000,0.000000,0.000000,2844.191406,50.000000,-1.000000,0.000000,-0.000000,0.000000,-142209.562500,-142209.562500,-166664.765625,2166.600586,-311040.906250,1203613.250000,892572.375000
ml,p95,146,2026-10-10,2859.731934,10.000000,2189.083252,50.000000,0.000000,0.000000,-0.000000,0.000000,0.000000,2488.831299,50.000000,0.000000,0.000000,-0.000000,0.000000,0.000000,2856.999512,50.000000,-1.000000,0.000000,-0.000000,0.000000,-142849.968750,-142849.968750,-166664.765625,2166.600586,-311681.343750,1203613.250000,891931.875000
ml,p95,146,2026-10-11,2852.221680,10.000000,2189.083252,50.000000,0.000000,0.000000,-0.000000,0.000000,0.000000,2488.831299,50.000000,0.000000,0.000000,-0.000000,0.000000,0.000000,2855.267090,50.000000,-1.000000,0.000000,-0.000000,0.000000,-142763.359375,-142763.359375,-166664.765625,2166.600586,-311594.718750,1203613.250000,892018.500000
ml,p95,146,2026-10-12,2812.218750,10.000000,2189.083252,50.000000,0.000000,0.000000,-0.000000,0.000000,0.000000,2488.831299,50.000000,0.000000,0.000000,-0.000000,0.000000,0.000000,2812.384033,50.000000,-1.000000,0.000000,-0.000000,0.000000,-140619.203125,-140619.203125,-166664.765625,2166.600586,-309450.562500,1203613.250000,894162.687500
ml,p95,146,2026-10-13,2807.748779,10.000000,2189.083252,50.000000,0.000000,0.000000,-0.000000,0.000000,0.000000,2488.831299,50.000000,0.000000,0.000000,-0.000000,0.000000,0.000000,2816.489258,50.000000,-1.000000,0.000000,-0.000000,0.000000,-140824.468750,-140824.468750,-166664.765625,2166.600586,-309655.843750,1203613.250000,893957.375000
ml,p95,146,2026-10-14,2786.786377,10.000000,2189.083252,50.000000,0.000000,0.000000,-0.000000,0.000000,0.000000,2488.831299,50.000000,0.000000,0.000000,-0.000000,0.000000,0.000000,2781.846191,50.000000,-1.000000,0.000000,-0.000000,0.000000,-139092.312500,-139092.312500,-166664.765625,2166.600586,-307923.656250,1203613.250000,895689.625000
ml,p95,146,2026-10-15,2683.408447,10.000000,2189.083252,50.000000,0.000000,0.000000,-0.000000,0.000000,0.000000,2488.831299,50.000000,0.000000,0.000000,-0.000000,0.000000,0.000000,2662.979492,50.000000,-1.000000,0.000000,-0.000000,0.000000,-133148.968750,-133148.968750,-166664.765625,2166.600586,-301980.343750,1203613.250000,901632.875000
ml,p95,146,2026-10-16,2662.001709,10.000000,2189.083252,50.000000,0.000000,0.000000,-0.000000,0.000000,0.000000,2488.831299,50.000000,0.000000,0.000000,-0.000000,0.000000,0.000000,2650.125732,50.000000,-1.000000,0.000000,-0.000000,0.000000,-132506.281250,-132506.281250,-166664.765625,2166.600586,-301337.656250,1203613.250000,902275.625000
ml,p95,146,2026-10-17,2683.991943,10.000000,2189.083252,50.000000,0.000000,0.000000,-0.000000,0.000000,0.000000,2488.831299,50.000000,0.000000,0.000000,-0.000000,0.000000,0.000000,2699.921875,50.000000,-1.000000,0.000000,-0.000000,0.000000,-134996.093750,-134996.093750,-166664.765625,2166.600586,-303827.468750,1203613.250000,899785.750000
ml,p95,146,2026-10-18,2684.228760,10.000000,2189.083252,50.000000,0.000000,0.000000,-0.000000,0.000000,0.000000,2488.831299,50.000000,0.000000,0.000000,-0.000000,0.000000,0.000000,2680.820557,50.000000,-1.000000,0.000000,-0.000000,0.000000,-134041.031250,-134041.031250,-166664.765625,2166.600586,-302872.406250,1203613.250000,900740.875000
ml,p95,146,2026-10-19,2692.361084,10.000000,2189.083252,50.000000,0.000000,0.000000,-0.000000,0.000000,0.000000,2488.831299,50.000000,0.000000,0.000000,-0.000000,0.000000,0.000000,2696.471436,50.000000,-1.000000,0.000000,-0.000000,0.000000,-134823.578125,-134823.578125,-166664.765625,2166.600586,-303654.937500,1203613.250000,899958.312500
ml,p95,146,2026-10-20,2688.800781,10.000000,2189.083252,50.000000,0.000000,0.000000,-0.000000,0.000000,0.000000,2488.831299,50.000000,0.000000,0.000000,-0.000000,0.000000,0.000000,2690.644043,50.000000,-1.000000,0.000000,-0.000000,0.000000,-134532.203125,-134532.203125,-166664.765625,2166.600586,-303363.562500,1203613.250000,900249.687500
ml,p95,146,2026-10-21,2661.977539,10.000000,2189.083252,50.000000,0.000000,0.000000,-0.000000,0.000000,0.000000,2488.831299,50.000000,0.000000,0.000000,-0.000000,0.000000,0.000000,2657.767822,50.000000,-1.000000,0.000000,-0.000000,0.000000,-132888.390625,-132888.390625,-166664.765625,2166.600586,-301719.750000,1203613.250000,901893.500000
ml,p95,146,2026-10-22,2707.373535,10.000000,2189.083252,50.000000,0.000000,0.000000,-0.000000,0.000000,0.000000,2488.831299,50.000000,0.000000,0.000000,-0.000000,0.000000,0.000000,2705.013428,50.000000,-1.000000,0.000000,-0.000000,0.000000,-135250.671875,-135250.671875,-166664.765625,2166.600586,-304082.031250,1203613.250000,899531.250000
ml,p95,146,2026-10-23,2693.307373,10.000000,2189.083252,50.000000,0.000000,0.000000,-0.000000,0.000000,0.000000,2488.831299,50.000000,0.000000,0.000000,-0.000000,0.000000,0.000000,2681.935547,50.000000,-1.000000,0.000000,-0.000000,0.000000,-134096.781250,-134096.781250,-166664.765625,2166.600586,-302928.156250,1203613.250000,900685.125000
ml,p95,146,2026-10-24,2705.627441,10.000000,2189.083252,50.000000,0.000000,0.000000,-0.000000,0.000000,0.000000,2488.831299,50.000000,0.000000,0.000000,-0.000000,0.000000,0.000000,2690.963867,50.000000,-1.000000,0.000000,-0.000000,0.000000,-134548.187500,-134548.187500,-166664.765625,2166.600586,-303379.531250,1203613.250000,900233.750000
ml,p95,146,2026-10-25,2673.936279,10.000000,2189.083252,50.000000,0.000000,0.000000,-0.000000,0.000000,0.000000,2488.831299,50.000000,0.000000,0.000000,-0.000000,0.000000,0.000000,2662.344238,50.000000,-1.000000,0.000000,-0.000000,0.000000,-133117.218750,-133117.218750,-166664.765625,2166.600586,-301948.593750,1203613.250000,901664.625000
ml,p95,146,2026-10-26,2650.100586,10.000000,2189.083252,50.000000,0.000000,0.000000,-0.000000,0.000000,0.000000,2488.831299,50.000000,0.000000,0.000000,-0.000000,0.000000,0.000000,2618.536621,50.000000,-1.000000,0.000000,-0.000000,0.000000,-130926.828125,-130926.828125,-166664.765625,2166.600586,-299758.187500,1203613.250000,903855.062500
ml,p95,146,2026-10-27,2665.989014,10.000000,2189.083252,50.000000,0.000000,0.000000,-0.000000,0.000000,0.000000,2488.831299,50.000000,0.000000,0.000000,-0.000000,0.000000,0.000000,2643.846680,50.000000,-1.000000,0.000000,-0.000000,0.000000,-132192.328125,-132192.328125,-166664.765625,2166.600586,-301023.687500,1203613.250000,902589.562500
ml,p95,146,2026-10-28,2664.179688,10.000000,2189.083252,50.000000,0.000000,0.000000,-0.000000,0.000000,0.000000,2488.831299,50.000000,0.000000,0.000000,-0.000000,0.000000,0.000000,2648.558594,50.000000,-1.000000,0.000000,-0.000000,0.000000,-132427.937500,-132427.937500,-166664.765625,2166.600586,-301259.281250,1203613.250000,902354.000000
ml,p95,146,2026-10-29,2611.770508,10.000000,2189.083252,50.000000,0.000000,0.000000,-0.000000,0.000000,0.000000,2488.831299,50.000000,0.000000,0.000000,-0.000000,0.000000,0.000000,2597.686523,50.000000,0.000000,1.000000,-129884.328125,64.942162,0.000000,0.000000,-296549.093750,2231.542725,-298780.625000,1203613.250000,904832.625000
ml,p95,146,2026-10-30,2623.624756,10.000000,2189.083252,50.000000,0.000000,0.000000,-0.000000,0.000000,0.000000,2488.831299,50.000000,0.000000,0.000000,-0.000000,0.000000,0.000000,2597.686523,50.000000,0.000000,0.000000,-0.000000,0.000000,0.000000,0.000000,-296549.093750,2231.542725,-298780.625000,1203613.250000,904832.625000
ml,best,12,2026-04-10,2055.000244,10.000000,2026.171509,50.000000,-5.000000,-5.000000,506542.875000,253.271423,-506542.875000,2047.068848,50.000000,-5.000000,-5.000000,511767.187500,255.883606,-511767.187500,2070.749756,50.000000,-5.000000,-5.000000,517687.437500,258.843719,-517687.437500,-1535997.500000,1535997.500000,767.998779,-767.998779,29559.361328,28791.363281
ml,best,12,2026-04-11,2041.744873,10.000000,2023.715210,50.000000,-5.000000,0.000000,-0.000000,0.000000,-505928.812500,2044.830688,50.000000,-5.000000,0.000000,-0.000000,0.000000,-511207.656250,2068.459717,50.000000,-5.000000,0.000000,-0.000000,0.000000,-517114.937500,-1534251.500000,1535997.500000,767.998779,978.001221,-5157.066406,-4179.065430
ml,best,12,2026-04-12,2093.068848,10.000000,2082.741211,50.000000,-5.000000,0.000000,-0.000000,0.000000,-520685.312500,2105.532959,50.000000,-5.000000,0.000000,-0.000000,0.000000,-526383.250000,2130.042725,50.000000,-5.000000,0.000000,-0.000000,0.000000,-532510.687500,-1579579.250000,1535997.500000,767.998779,-44349.750000,123693.250000,79343.500000
ml,best,12,2026-04-13,2097.798096,10.000000,2130.780029,50.000000,-5.000000,0.000000,-0.000000,0.000000,-532695.000000,2154.362793,50.000000,-5.000000,0.000000,-0.000000,0.000000,-538590.750000,2180.970947,50.000000,-5.000000,0.000000,-0.000000,0.000000,-545242.750000,-1616528.500000,1535997.500000,767.998779,-81299.000000,133994.562500,52695.562500
ml,best,12,2026-04-14,2096.125000,10.000000,2106.874756,50.000000,-5.000000,0.000000,-0.000000,0.000000,-526718.687500,2130.481934,50.000000,-5.000000,0.000000,-0.000000,0.000000,-532620.500000,2157.942627,50.000000,-5.000000,0.000000,-0.000000,0.000000,-539485.625000,-1598824.875000,1535997.500000,767.998779,-63595.375000,132935.968750,69340.593750
ml,best,12,2026-04-15,2148.303711,10.000000,2155.118896,50.000000,-5.000000,0.000000,-0.000000,0.000000,-538779.750000,2181.577881,50.000000,-5.000000,0.000000,-0.000000,0.000000,-545394.500000,2212.061523,50.000000,-5.000000,0.000000,-0.000000,0.000000,-553015.375000,-1637189.625000,1535997.500000,767.998779,-101960.125000,271266.968750,169306.843750
ml,best,12,2026-04-16,2208.428711,10.000000,2209.570312,50.000000,-5.000000,0.000000,-0.000000,0.000000,-552392.562500,2234.612061,50.000000,-5.000000,0.000000,-0.000000,0.000000,-558653.000000,2264.708496,50.000000,-5.000000,0.000000,-0.000000,0.000000,-566177.125000,-1677222.625000,1535997.500000,767.998779,-141993.125000,416010.218750,274017.093750
ml,best,12,2026-04-17,2190.126709,10.000000,2196.802246,50.000000,-5.000000,0.000000,-0.000000,0.000000,-549200.562500,2220.574219,50.000000,-5.000000,0.000000,-0.000000,0.000000,-555143.562500,2249.382080,50.000000,-5.000000,0.000000,-0.000000,0.000000,-562345.500000,-1666689.625000,1535997.500000,767.998779,-131460.125000,375118.156250,243658.031250
ml,best,12,2026-04-18,2219.824707,10.000000,2232.600586,50.000000,-5.000000,0.000000,-0.000000,0.000000,-558150.125000,2256.690430,50.000000,-5.000000,0.000000,-0.000000,0.000000,-564172.625000,2286.050781,50.000000,-5.000000,0.000000,-0.000000,0.000000,-571512.687500,-1693835.500000,1535997.500000,767.998779,-158606.000000,455747.375000,297141.375000
ml,best,12,2026-04-19,2265.313965,10.000000,2252.324463,50.000000,-5.000000,0.000000,-0.000000,0.000000,-563081.125000,2276.079102,50.000000,-5.000000,0.000000,-0.000000,0.000000,-569019.750000,2304.460938,50.000000,-5.000000,0.000000,-0.000000,0.000000,-576115.250000,-1708216.125000,1535997.500000,767.998779,-172986.625000,573489.812500,400503.187500
ml,best,12,2026-04-20,2282.582520,10.000000,2272.559326,50.000000,-5.000000,0.000000,-0.000000,0.000000,-568139.875000,2296.189697,50.000000,-5.000000,0.000000,-0.000000,0.000000,-574047.437500,2323.200439,50.000000,-5.000000,0.000000,-0.000000,0.000000,-580800.125000,-1722987.375000,1535997.500000,767.998779,-187757.875000,617632.500000,429874.625000
ml,best,12,2026-04-21,2359.321777,10.000000,2339.796387,50.000000,-5.000000,0.000000,-0.000000,0.000000,-584949.125000,2363.221680,50.000000,-5.000000,0.000000,-0.000000,0.000000,-590805.437500,2391.150146,50.000000,-5.000000,0.000000,-0.000000,0.000000,-597787.562500,-1773542.000000,1535997.500000,767.998779,-238312.500000,818476.437500,580163.937500
ml,best,12,2026-04-22,2447.135254,10.000000,2438.975098,50.000000,-4.000000,1.000000,-121948.757812,60.974380,-487795.031250,2463.015381,50.000000,-5.000000,0.000000,-0.000000,0.000000,-615753.875000,2491.908447,50.000000,-5.000000,0.000000,-0.000000,0.000000,-622977.125000,-1726526.000000,1414048.750000,828.973145,-313306.218750,1040084.500000,726778.250000
ml,best,12,2026-04-23,2443.411133,10.000000,2437.555176,50.000000,-4.000000,0.000000,-0.000000,0.000000,-487511.031250,2463.376709,50.000000,-5.000000,0.000000,-0.000000,0.000000,-615844.187500,2491.632324,50.000000,-5.000000,0.000000,-0.000000,0.000000,-622908.125000,-1726263.375000,1414048.750000,828.973145,-313043.593750,1037502.562500,724459.000000
ml,best,12,2026-04-24,2459.149658,10.000000,2471.475098,50.000000,-4.000000,0.000000,-0.000000,0.000000,-494295.031250,2499.154053,50.000000,-5.000000,0.000000,-0.000000,0.000000,-624788.500000,2529.614258,50.000000,-5.000000,0.000000,-0.000000,0.000000,-632403.562500,-1751487.000000,1414048.750000,828.973145,-338267.218750,1080323.375000,742056.125000
ml,best,12,2026-04-25,2443.465820,10.000000,2445.531982,50.000000,-4.000000,0.000000,-0.000000,0.000000,-489106.406250,2473.480713,50.000000,-5.000000,0.000000,-0.000000,0.000000,-618370.187500,2502.072021,50.000000,-5.000000,0.000000,-0.000000,0.000000,-625518.000000,-1732994.625000,1414048.750000,828.973145,-319774.843750,1046533.625000,726758.750000
ml,best,12,2026-04-26,2445.700439,10.000000,2442.626953,50.000000,-4.000000,0.000000,-0.000000,0.000000,-488525.375000,2468.931152,50.000000,-5.000000,0.000000,-0.000000,0.000000,-617232.812500,2496.188965,50.000000,-5.000000,0.000000,-0.000000,0.000000,-624047.250000,-1729805.500000,1414048.750000,828.973145,-316585.718750,1056286.000000,739700.250000
ml,best,12,2026-04-27,2457.583496,10.000000,2429.895508,50.000000,-4.000000,0.000000,-0.000000,0.000000,-485979.093750,2457.374756,50.000000,-5.000000,0.000000,-0.000000,0.000000,-614343.687500,2485.204346,50.000000,-5.000000,0.000000,-0.000000,0.000000,-621301.062500,-1721623.750000,1414048.750000,828.973145,-308403.968750,1085589.000000,777185.000000
ml,best,12,2026-04-28,2485.038086,10.000000,2470.662842,50.000000,-4.000000,0.000000,-0.000000,0.000000,-494132.562500,2498.822998,50.000000,-5.000000,0.000000,-0.000000,0.000000,-624705.750000,2527.323730,50.000000,-5.000000,0.000000,-0.000000,0.000000,-631830.937500,-1750669.250000,1414048.750000,828.973145,-337449.468750,1163479.875000,826030.375000
ml,best,12,2026-04-29,2513.545654,10.000000,2493.455322,50.000000,-3.000000,1.000000,-124672.765625,62.336380,-374018.312500,2522.160400,50.000000,-5.000000,0.000000,-0.000000,0.000000,-630540.062500,2550.570312,50.000000,-5.000000,0.000000,-0.000000,0.000000,-637642.562500,-1642201.000000,1289376.000000,891.309570,-353716.312500,1239942.500000,886226.187500
ml,best,12,2026-04-30,2498.280762,10.000000,2493.455322,50.000000,-3.000000,0.000000,-0.000000,0.000000,-374018.312500,2502.708984,50.000000,-5.000000,0.000000,-0.000000,0.000000,-625677.250000,2532.211426,50.000000,-5.000000,0.000000,-0.000000,0.000000,-633052.812500,-1632748.375000,1289376.000000,891.309570,-344263.687500,1199087.250000,854823.562500
ml,best,12,2026-05-01,2543.686279,10.000000,2493.455322,50.000000,-3.000000,0.000000,-0.000000,0.000000,-374018.312500,2570.587158,50.000000,-5.000000,0.000000,-0.000000,0.000000,-642646.750000,2599.647217,50.000000,-5.000000,0.000000,-0.000000,0.000000,-649911.812500,-1666576.875000,1289376.000000,891.309570,-378092.187500,1310821.250000,932729.062500
ml,best,12,2026-05-02,2546.534668,10.000000,2493.455322,50.000000,-3.000000,0.000000,-0.000000,0.000000,-374018.312500,2574.437012,50.000000,-5.000000,0.000000,-0.000000,0.000000,-643609.250000,2602.800781,50.000000,-5.000000,0.000000,-0.000000,0.000000,-650700.187500,-1668327.750000,1289376.000000,891.309570,-379843.062500,1314947.250000,935104.187500
ml,best,12,2026-05-03,2584.896973,10.000000,2493.455322,50.000000,-3.000000,0.000000,-0.000000,0.000000,-374018.312500,2635.509277,50.000000,-5.000000,0.000000,-0.000000,0.000000,-658877.375000,2664.121094,50.000000,-5.000000,0.000000,-0.000000,0.000000,-666030.250000,-1698926.000000,1289376.000000,891.309570,-410441.312500,1408633.625000,998192.312500
ml,best,12,2026-05-04,2595.340820,10.000000,2493.455322,50.000000,-3.000000,0.000000,-0.000000,0.000000,-374018.312500,2633.193359,50.000000,-5.000000,0.000000,-0.000000,0.000000,-658298.312500,2661.299316,50.000000,-5.000000,0.000000,-0.000000,0.000000,-665324.812500,-1697641.500000,1289376.000000,891.309570,-409156.812500,1433312.375000,1024155.562500
ml,best,12,2026-05-05,2578.755127,10.000000,2493.455322,50.000000,-3.000000,0.000000,-0.000000,0.000000,-374018.312500,2608.952393,50.000000,-5.000000,0.000000,-0.000000,0.000000,-652238.062500,2638.093262,50.000000,-5.000000,0.000000,-0.000000,0.000000,-659523.312500,-1685779.750000,1289376.000000,891.309570,-397295.062500,1386807.375000,989512.312500
ml,best,12,2026-05-06,2539.982422,10.000000,2493.455322,50.000000,-3.000000,0.000000,-0.000000,0.000000,-374018.312500,2544.208496,50.000000,-5.000000,0.000000,-0.000000,0.000000,-636052.125000,2572.131348,50.000000,-5.000000,0.000000,-0.000000,0.000000,-643032.812500,-1653103.250000,1289376.000000,891.309570,-364618.562500,1294183.375000,929564.812500
ml,best,12,2026-05-07,2514.121094,10.000000,2493.455322,50.000000,-3.000000,0.000000,-0.000000,0.000000,-374018.312500,2524.052734,50.000000,-5.000000,0.000000,-0.000000,0.000000,-631013.187500,2551.449951,50.000000,-5.000000,0.000000,-0.000000,0.000000,-637862.500000,-1642894.000000,1289376.000000,891.309570,-354409.312500,1219152.875000,864743.562500
ml,best,12,2026-05-08,2524.716797,10.000000,2493.455322,50.000000,-3.000000,0.000000,-0.000000,0.000000,-374018.312500,2544.320068,50.000000,-5.000000,0.000000,-0.000000,0.000000,-636080.000000,2571.945312,50.000000,-5.000000,0.000000,-0.000000,0.000000,-642986.312500,-1653084.625000,1289376.000000,891.309570,-364599.937500,1245063.625000,880463.687500
ml,best,12,2026-05-09,2546.817627,10.000000,2493.455322,50.000000,-3.000000,0.000000,-0.000000,0.000000,-374018.312500,2589.350342,50.000000,-5.000000,0.000000,-0.000000,0.000000,-647337.625000,2617.272217,50.000000,-5.000000,0.000000,-0.000000,0.000000,-654318.062500,-1675674.000000,1289376.000000,891.309570,-387189.312500,1293810.250000,906620.937500
ml,best,12,2026-05-10,2500.616699,10.000000,2493.455322,50.000000,-3.000000,0.000000,-0.000000,0.000000,-374018.312500,2546.374756,50.000000,-5.000000,0.000000,-0.000000,0.000000,-636593.687500,2575.609863,50.000000,-5.000000,0.000000,-0.000000,0.000000,-643902.437500,-1654514.500000,1289376.000000,891.309570,-366029.812500,1177447.375000,811417.562500
ml,best,12,2026-05-11,2495.566162,10.000000,2493.455322,50.000000,-3.000000,0.000000,-0.000000,0.000000,-374018.312500,2536.400146,50.000000,-5.000000,0.000000,-0.000000,0.000000,-634100.062500,2565.050537,50.000000,-5.000000,0.000000,-0.000000,0.000000,-641262.625000,-1649381.000000,1289376.000000,891.309570,-360896.312500,1165571.875000,804675.562500
ml,best,12,2026-05-12,2525.481689,10.000000,2493.455322,50.000000,-3.000000,0.000000,-0.000000,0.000000,-374018.312500,2533.585693,50.000000,-5.000000,0.000000,-0.000000,0.000000,-633396.437500,2561.959961,50.000000,-5.000000,0.000000,-0.000000,0.000000,-640490.000000,-1647904.750000,1289376.000000,891.309570,-359420.062500,1237622.125000,878202.062500
ml,best,12,2026-05-13,2570.057861,10.000000,2493.455322,50.000000,-3.000000,0.000000,-0.000000,0.000000,-374018.312500,2570.462402,50.000000,-5.000000,0.000000,-0.000000,0.000000,-642615.625000,2602.601318,50.000000,-5.000000,0.000000,-0.000000,0.000000,-650650.312500,-1667284.250000,1289376.000000,891.309570,-378799.562500,1349487.750000,970688.187500
ml,best,12,2026-05-14,2791.881836,10.000000,2493.455322,50.000000,-3.000000,0.000000,-0.000000,0.000000,-374018.312500,2793.145020,50.000000,-5.000000,0.000000,-0.000000,0.000000,-698286.250000,2824.674561,50.000000,-5.000000,0.000000,-0.000000,0.000000,-706168.625000,-1778473.125000,1289376.000000,891.309570,-489988.437500,1905656.625000,1415668.250000
ml,best,12,2026-05-15,2774.590332,10.000000,2493.455322,50.000000,-3.000000,0.000000,-0.000000,0.000000,-374018.312500,2774.550537,50.000000,-5.000000,0.000000,-0.000000,0.000000,-693637.625000,2801.585205,50.000000,-5.000000,0.000000,-0.000000,0.000000,-700396.312500,-1768052.250000,1289376.000000,891.309570,-479567.562500,1863114.875000,1383547.250000
ml,best,12,2026-05-16,2803.266113,10.000000,2493.455322,50.000000,-3.000000,0.000000,-0.000000,0.000000,-374018.312500,2821.881104,50.000000,-5.000000,0.000000,-0.000000,0.000000,-705470.250000,2844.890137,50.000000,-5.000000,0.000000,-0.000000,0.000000,-711222.562500,-1790711.000000,1289376.000000,891.309570,-502226.312500,1939149.000000,1436922.750000
ml,best,12,2026-05-17,2817.126953,10.000000,2493.455322,50.000000,-3.000000,0.000000,-0.000000,0.000000,-374018.312500,2841.828125,50.000000,-5.000000,0.000000,-0.000000,0.000000,-710457.000000,2856.874268,50.000000,-5.000000,0.000000,-0.000000,0.000000,-714218.562500,-1798693.750000,1289376.000000,891.309570,-510209.062500,1972449.125000,1462240.000000
ml,best,12,2026-05-18,2836.007080,10.000000,2493.455322,50.000000,-3.000000,0.000000,-0.000000,0.000000,-374018.312500,2830.635498,50.000000,-5.000000,0.000000,-0.000000,0.000000,-707658.875000,2844.301025,50.000000,-5.000000,0.000000,-0.000000,0.000000,-711075.250000,-1792752.500000,1289376.000000,891.309570,-504267.812500,2013361.000000,1509093.250000
ml,best,12,2026-05-19,2811.174316,10.000000,2493.455322,50.000000,-3.000000,0.000000,-0.000000,0.000000,-374018.312500,2826.395264,50.000000,-5.000000,0.000000,-0.000000,0.000000,-706598.812500,2845.586426,50.000000,-5.000000,0.000000,-0.000000,0.000000,-711396.562500,-1792013.750000,1289376.000000,891.309570,-503529.062500,1958294.375000,1454765.250000
ml,best,12,2026-05-20,2772.562988,10.000000,2493.455322,50.000000,-3.000000,0.000000,-0.000000,0.000000,-374018.312500,2786.905518,50.000000,-5.000000,0.000000,-0.000000,0.000000,-696726.375000,2800.622559,50.000000,-5.000000,0.000000,-0.000000,0.000000,-700155.687500,-1770900.500000,1289376.000000,891.309570,-482415.812500,1849195.500000,1366779.750000
ml,best,12,2026-05-21,2817.989502,10.000000,2493.455322,50.000000,-3.000000,0.000000,-0.000000,0.000000,-374018.312500,2826.830322,50.000000,-5.000000,0.000000,-0.000000,0.000000,-706707.562500,2839.025146,50.000000,-5.000000,0.000000,-0.000000,0.000000,-709756.312500,-1790482.250000,1289376.000000,891.309570,-501997.562500,1958863.250000,1456865.750000
ml,best,12,2026-05-22,2880.393066,10.000000,2493.455322,50.000000,-3.000000,0.000000,-0.000000,0.000000,-374018.312500,2915.134033,50.000000,-5.000000,0.000000,-0.000000,0.000000,-728783.500000,2927.984619,50.000000,-5.000000,0.000000,-0.000000,0.000000,-731996.125000,-1834797.875000,1289376.000000,891.309570,-546313.187500,2112380.250000,1566067.000000
ml,best,12,2026-05-23,2845.726318,10.000000,2493.455322,50.000000,-3.000000,0.000000,-0.000000,0.000000,-374018.312500,2838.594971,50.000000,-5.000000,0.000000,-0.000000,0.000000,-709648.750000,2848.617432,50.000000,-5.000000,0.000000,-0.000000,0.000000,-712154.375000,-1795821.375000,1289376.000000,891.309570,-507336.687500,2027935.750000,1520599.000000
ml,best,12,2026-05-24,2916.666504,10.000000,2493.455322,50.000000,-3.000000,0.000000,-0.000000,0.000000,-374018.312500,2918.519531,50.000000,-5.000000,0.000000,-0.000000,0.000000,-729629.875000,2933.080078,50.000000,-5.000000,0.000000,-0.000000,0.000000,-733270.000000,-1836918.250000,1289376.000000,891.309570,-548433.562500,2198443.000000,1650009.500000
ml,best,12,2026-05-25,2874.831787,10.000000,2493.455322,50.000000,-3.000000,0.000000,-0.000000,0.000000,-374018.312500,2881.608154,50.000000,-5.000000,0.000000,-0.000000,0.000000,-720402.062500,2898.043457,50.000000,-5.000000,0.000000,-0.000000,0.000000,-724510.812500,-1818931.250000,1289376.000000,891.309570,-530446.562500,2099629.500000,1569183.000000
ml,best,12,2026-05-26,2871.750244,10.000000,2493.455322,50.000000,-3.000000,0.000000,-0.000000,0.000000,-374018.312500,2869.807373,50.000000,-5.000000,0.000000,-0.000000,0.000000,-717451.875000,2891.626709,50.000000,-5.000000,0.000000,-0.000000,0.000000,-722906.687500,-1814377.000000,1289376.000000,891.309570,-525892.312500,2090728.250000,1564836.000000
ml,best,12,2026-05-27,2842.416260,10.000000,2493.455322,50.000000,-3.000000,0.000000,-0.000000,0.000000,-374018.312500,2857.856201,50.000000,-5.000000,0.000000,-0.000000,0.000000,-714464.062500,2876.966553,50.000000,-5.000000,0.000000,-0.000000,0.000000,-719241.625000,-1807724.000000,1289376.000000,891.309570,-519239.312500,2013814.625000,1494575.250000
ml,best,12,2026-05-28,2855.870117,10.000000,2493.455322,50.000000,-3.000000,0.000000,-0.000000,0.000000,-374018.312500,2881.421875,50.000000,-5.000000,0.000000,-0.000000,0.000000,-720355.500000,2905.815918,50.000000,-5.000000,0.000000,-0.000000,0.000000,-726454.000000,-1820827.750000,1289376.000000,891.309570,-532343.062500,2047471.125000,1515128.000000
ml,best,12,2026-05-29,2824.476562,10.000000,2493.455322,50.000000,-3.000000,0.000000,-0.000000,0.000000,-374018.312500,2843.801514,50.000000,-5.000000,0.000000,-0.000000,0.000000,-710950.375000,2868.960449,50.000000,-5.000000,0.000000,-0.000000,0.000000,-717240.125000,-1802208.875000,1289376.000000,891.309570,-513724.187500,1970793.875000,1457069.750000
ml,best,12,2026-05-30,2836.369629,10.000000,2493.455322,50.000000,-3.000000,0.000000,-0.000000,0.000000,-374018.312500,2851.265381,50.000000,-5.000000,0.000000,-0.000000,0.000000,-712816.375000,2881.313965,50.000000,-5.000000,0.000000,-0.000000,0.000000,-720328.500000,-1807163.250000,1289376.000000,891.309570,-518678.562500,1997618.875000,1478940.250000
ml,best,12,2026-05-31,2865.556396,10.000000,2493.455322,50.000000,-3.000000,0.000000,-0.000000,0.000000,-374018.312500,2892.812500,50.000000,-5.000000,0.000000,-0.000000,0.000000,-723203.125000,2923.767334,50.000000,-5.000000,0.000000,-0.000000,0.000000,-730941.875000,-1828163.375000,1289376.000000,891.309570,-539678.687500,2069783.625000,1530105.000000
ml,best,12,2026-06-01,2899.503418,10.000000,2493.455322,50.000000,-3.000000,0.000000,-0.000000,0.000000,-374018.312500,2915.642090,50.000000,-5.000000,0.000000,-0.000000,0.000000,-728910.562500,2944.602295,50.000000,-5.000000,0.000000,-0.000000,0.000000,-736150.562500,-1839079.500000,1289376.000000,891.309570,-550594.812500,2154735.000000,1604140.250000
ml,best,12,2026-06-02,2934.944092,10.000000,2493.455322,50.000000,-3.000000,0.000000,-0.000000,0.000000,-374018.312500,2966.551025,50.000000,-5.000000,0.000000,-0.000000,0.000000,-741637.750000,2993.903320,50.000000,-5.000000,0.000000,-0.000000,0.000000,-748475.812500,-1864131.750000,1289376.000000,891.309570,-575647.062500,2246570.000000,1670923.000000
ml,best,12,2026-06-03,2950.221680,10.000000,2493.455322,50.000000,-3.000000,0.000000,-0.000000,0.000000,-374018.312500,2987.824951,50.000000,-5.000000,0.000000,-0.000000,0.000000,-746956.250000,3013.961914,50.000000,-5.000000,0.000000,-0.000000,0.000000,-753490.500000,-1874465.000000,1289376.000000,891.309570,-585980.312500,2279913.250000,1693933.000000
ml,best,12,2026-06-04,2980.591309,10.000000,2493.455322,50.000000,-3.000000,0.000000,-0.000000,0.000000,-374018.312500,3011.223877,50.000000,-5.000000,0.000000,-0.000000,0.000000,-752805.937500,3037.037109,50.000000,-5.000000,0.000000,-0.000000,0.000000,-759259.250000,-1886083.500000,1289376.000000,891.309570,-597598.812500,2359570.750000,1761972.000000
ml,best,12,2026-06-05,3033.031006,10.000000,2493.455322,50.000000,-3.000000,0.000000,-0.000000,0.000000,-374018.312500,3045.130859,50.000000,-5.000000,0.000000,-0.000000,0.000000,-761282.687500,3068.816895,50.000000,-5.000000,0.000000,-0.000000,0.000000,-767204.187500,-1902505.250000,1289376.000000,891.309570,-614020.562500,2484961.750000,1870941.250000
ml,best,12,2026-06-06,3055.479004,10.000000,2493.455322,50.000000,-3.000000,0.000000,-0.000000,0.000000,-374018.312500,3084.244629,50.000000,-5.000000,0.000000,-0.000000,0.000000,-771061.125000,3104.404297,50.000000,-5.000000,0.000000,-0.000000,0.000000,-776101.062500,-1921180.500000,1289376.000000,891.309570,-632695.812500,2540070.000000,1907374.250000
ml,best,12,2026-06-07,3089.026367,10.000000,2493.455322,50.000000,-3.000000,0.000000,-0.000000,0.000000,-374018.312500,3115.573975,50.000000,-5.000000,0.000000,-0.000000,0.000000,-778893.500000,3136.086670,50.000000,-5.000000,0.000000,-0.000000,0.000000,-784021.687500,-1936933.500000,1289376.000000,891.309570,-648448.812500,2620419.000000,1971970.250000
ml,best,12,2026-06-08,3065.308838,10.000000,2493.455322,50.000000,-3.000000,0.000000,-0.000000,0.000000,-374018.312500,3086.987305,50.000000,-5.000000,0.000000,-0.000000,0.000000,-771746.812500,3108.556641,50.000000,-5.000000,0.000000,-0.000000,0.000000,-777139.187500,-1922904.250000,1289376.000000,891.309570,-634419.562500,2556913.500000,1922494.000000
ml,best,12,2026-06-09,3054.450439,10.000000,2493.455322,50.000000,-3.000000,0.000000,-0.000000,0.000000,-374018.312500,3045.625732,50.000000,-5.000000,0.000000,-0.000000,0.000000,-761406.437500,3069.149658,50.000000,-5.000000,0.000000,-0.000000,0.000000,-767287.375000,-1902712.125000,1289376.000000,891.309570,-614227.437500,2532237.000000,1918009.500000
ml,best,12,2026-06-10,3035.522705,10.000000,2493.455322,50.000000,-3.000000,0.000000,-0.000000,0.000000,-374018.312500,3046.037354,50.000000,-5.000000,0.000000,-0.000000,0.000000,-761509.312500,3069.949707,50.000000,-5.000000,0.000000,-0.000000,0.000000,-767487.375000,-1903015.000000,1289376.000000,891.309570,-614530.312500,2486107.750000,1871577.500000
ml,best,12,2026-06-11,3016.680664,10.000000,2493.455322,50.000000,-3.000000,0.000000,-0.000000,0.000000,-374018.312500,3023.115967,50.000000,-5.000000,0.000000,-0.000000,0.000000,-755779.000000,3047.512451,50.000000,-5.000000,0.000000,-0.000000,0.000000,-761878.125000,-1891675.375000,1289376.000000,891.309570,-603190.687500,2446821.500000,1843630.750000
ml,best,12,2026-06-12,3033.332031,10.000000,2493.455322,50.000000,-3.000000,0.000000,-0.000000,0.000000,-374018.312500,3061.636475,50.000000,-5.000000,0.000000,-0.000000,0.000000,-765409.125000,3085.440430,50.000000,-5.000000,0.000000,-0.000000,0.000000,-771360.125000,-1910787.625000,1289376.000000,891.309570,-622302.937500,2486076.000000,1863773.000000
ml,best,12,2026-06-13,3049.481934,10.000000,2493.455322,50.000000,-3.000000,0.000000,-0.000000,0.000000,-374018.312500,3054.020264,50.000000,-5.000000,0.000000,-0.000000,0.000000,-763505.062500,3078.346924,50.000000,-5.000000,0.000000,-0.000000,0.000000,-769586.750000,-1907110.125000,1289376.000000,891.309570,-618625.437500,2527258.500000,1908633.000000
ml,best,12,2026-06-14,3051.809326,10.000000,2493.455322,50.000000,-3.000000,0.000000,-0.000000,0.000000,-374018.312500,3072.312744,50.000000,-5.000000,0.000000,-0.000000,0.000000,-768078.187500,3097.568848,50.000000,-5.000000,0.000000,-0.000000,0.000000,-774392.187500,-1916488.750000,1289376.000000,891.309570,-628004.062500,2533285.250000,1905281.250000
ml,best,12,2026-06-15,3095.398926,10.000000,2493.455322,50.000000,-3.000000,0.000000,-0.000000,0.000000,-374018.312500,3125.673096,50.000000,-5.000000,0.000000,-0.000000,0.000000,-781418.250000,3152.638428,50.000000,-5.000000,0.000000,-0.000000,0.000000,-788159.625000,-1943596.125000,1289376.000000,891.309570,-655111.437500,2640210.250000,1985098.750000
ml,best,12,2026-06-16,3054.840820,10.000000,2493.455322,50.000000,-3.000000,0.000000,-0.000000,0.000000,-374018.312500,3064.619873,50.000000,-5.000000,0.000000,-0.000000,0.000000,-766155.000000,3090.414551,50.000000,-5.000000,0.000000,-0.000000,0.000000,-772603.625000,-1912776.875000,1289376.000000,891.309570,-624292.187500,2537142.250000,1912850.000000
ml,best,12,2026-06-17,3065.215088,10.000000,2493.455322,50.000000,-3.000000,0.000000,-0.000000,0.000000,-374018.312500,3079.287354,50.000000,-5.000000,0.000000,-0.000000,0.000000,-769821.812500,3102.041992,50.000000,-5.000000,0.000000,-0.000000,0.000000,-775510.500000,-1919350.625000,1289376.000000,891.309570,-630865.937500,2565755.250000,1934889.250000
ml,best,12,2026-06-18,3049.182373,10.000000,2493.455322,50.000000,-3.000000,0.000000,-0.000000,0.000000,-374018.312500,3054.240723,50.000000,-5.000000,0.000000,-0.000000,0.000000,-763560.125000,3073.932129,50.000000,-5.000000,0.000000,-0.000000,0.000000,-768483.000000,-1906061.500000,1289376.000000,891.309570,-617576.812500,2524218.750000,1906642.000000
ml,best,12,2026-06-19,3031.114014,10.000000,2493.455322,50.000000,-3.000000,0.000000,-0.000000,0.000000,-374018.312500,3032.936035,50.000000,-5.000000,0.000000,-0.000000,0.000000,-758234.000000,3048.351074,50.000000,-5.000000,0.000000,-0.000000,0.000000,-762087.812500,-1894340.000000,1289376.000000,891.309570,-605855.312500,2480178.750000,1874323.500000
ml,best,12,2026-06-20,3047.665039,10.000000,2493.455322,50.000000,-3.000000,0.000000,-0.000000,0.000000,-374018.312500,3076.288574,50.000000,-5.000000,0.000000,-0.000000,0.000000,-769072.187500,3098.992920,50.000000,-5.000000,0.000000,-0.000000,0.000000,-774748.250000,-1917838.750000,1289376.000000,891.309570,-629354.062500,2522895.750000,1893541.750000
ml,best,12,2026-06-21,3032.984863,10.000000,2493.455322,50.000000,-3.000000,0.000000,-0.000000,0.000000,-374018.312500,3042.891357,50.000000,-5.000000,0.000000,-0.000000,0.000000,-760722.875000,3068.094727,50.000000,-5.000000,0.000000,-0.000000,0.000000,-767023.687500,-1901765.000000,1289376.000000,891.309570,-613280.312500,2487120.000000,1873839.750000
ml,best,12,2026-06-22,3023.296143,10.000000,2493.455322,50.000000,-3.000000,0.000000,-0.000000,0.000000,-374018.312500,3030.003662,50.000000,-5.000000,0.000000,-0.000000,0.000000,-757500.937500,3057.551514,50.000000,-5.000000,0.000000,-0.000000,0.000000,-764387.875000,-1895907.125000,1289376.000000,891.309570,-607422.437500,2465287.500000,1857865.000000
ml,best,12,2026-06-23,3051.242188,10.000000,2493.455322,50.000000,-3.000000,0.000000,-0.000000,0.000000,-374018.312500,3064.493408,50.000000,-5.000000,0.000000,-0.000000,0.000000,-766123.312500,3091.482666,50.000000,-5.000000,0.000000,-0.000000,0.000000,-772870.625000,-1913012.250000,1289376.000000,891.309570,-624527.562500,2531687.250000,1907159.750000
ml,best,12,2026-06-24,3114.801025,10.000000,2493.455322,50.000000,-3.000000,0.000000,-0.000000,0.000000,-374018.312500,3144.526123,50.000000,-5.000000,0.000000,-0.000000,0.000000,-786131.562500,3172.040527,50.000000,-5.000000,0.000000,-0.000000,0.000000,-793010.125000,-1953160.000000,1289376.000000,891.309570,-664675.312500,2690397.750000,2025722.500000
ml,best,12,2026-06-25,3130.602539,10.000000,2493.455322,50.000000,-3.000000,0.000000,-0.000000,0.000000,-374018.312500,3143.201660,50.000000,-5.000000,0.000000,-0.000000,0.000000,-785800.375000,3165.743896,50.000000,-5.000000,0.000000,-0.000000,0.000000,-791436.000000,-1951254.750000,1289376.000000,891.309570,-662770.062500,2732005.000000,2069235.000000
ml,best,12,2026-06-26,3160.703613,10.000000,2493.455322,50.000000,-3.000000,0.000000,-0.000000,0.000000,-374018.312500,3196.174561,50.000000,-5.000000,0.000000,-0.000000,0.000000,-799043.625000,3219.030518,50.000000,-5.000000,0.000000,-0.000000,0.000000,-804757.625000,-1977819.625000,1289376.000000,891.309570,-689334.937500,2807704.250000,2118369.250000
ml,best,12,2026-06-27,3118.474854,10.000000,2493.455322,50.000000,-3.000000,0.000000,-0.000000,0.000000,-374018.312500,3131.079102,50.000000,-5.000000,0.000000,-0.000000,0.000000,-782769.750000,3156.612061,50.000000,-5.000000,0.000000,-0.000000,0.000000,-789153.000000,-1945941.000000,1289376.000000,891.309570,-657456.312500,2698880.250000,2041424.000000
ml,best,12,2026-06-28,3040.697266,10.000000,2493.455322,50.000000,-3.000000,0.000000,-0.000000,0.000000,-374018.312500,3056.080566,50.000000,-5.000000,0.000000,-0.000000,0.000000,-764020.125000,3080.617188,50.000000,-5.000000,0.000000,-0.000000,0.000000,-770154.312500,-1908192.750000,1289376.000000,891.309570,-619708.062500,2506123.250000,1886415.250000
ml,best,12,2026-06-29,3069.073486,10.000000,2493.455322,50.000000,-3.000000,0.000000,-0.000000,0.000000,-374018.312500,3079.111084,50.000000,-5.000000,0.000000,-0.000000,0.000000,-769777.812500,3108.934082,50.000000,-5.000000,0.000000,-0.000000,0.000000,-777233.500000,-1921029.625000,1289376.000000,891.309570,-632544.937500,2575020.250000,1942475.250000
ml,best,12,2026-06-30,3056.032715,10.000000,2493.455322,50.000000,-3.000000,0.000000,-0.000000,0.000000,-374018.312500,3060.588379,50.000000,-5.000000,0.000000,-0.000000,0.000000,-765147.062500,3087.434814,50.000000,-5.000000,0.000000,-0.000000,0.000000,-771858.687500,-1911024.000000,1289376.000000,891.309570,-622539.312500,2541996.750000,1919457.500000
ml,best,12,2026-07-01,3086.952881,10.000000,2493.455322,50.000000,-3.000000,0.000000,-0.000000,0.000000,-374018.312500,3095.320312,50.000000,-5.000000,0.000000,-0.000000,0.000000,-773830.062500,3126.925781,50.000000,-5.000000,0.000000,-0.000000,0.000000,-781731.437500,-1929579.750000,1289376.000000,891.309570,-641095.062500,2617229.750000,1976134.750000
ml,best,12,2026-07-02,3126.702637,10.000000,2493.455322,50.000000,-3.000000,0.000000,-0.000000,0.000000,-374018.312500,3135.415527,50.000000,-5.000000,0.000000,-0.000000,0.000000,-783853.875000,3162.375244,50.000000,-5.000000,0.000000,-0.000000,0.000000,-790593.812500,-1948466.000000,1289376.000000,891.309570,-659981.312500,2710077.000000,2050095.750000
ml,best,12,2026-07-03,3123.195312,10.000000,2493.455322,50.000000,-3.000000,0.000000,-0.000000,0.000000,-374018.312500,3124.147705,50.000000,-5.000000,0.000000,-0.000000,0.000000,-781036.937500,3154.785645,50.000000,-5.000000,0.000000,-0.000000,0.000000,-788696.375000,-1943751.625000,1289376.000000,891.309570,-655266.937500,2699125.500000,2043858.500000
ml,best,12,2026-07-04,3102.243164,10.000000,2493.455322,50.000000,-3.000000,0.000000,-0.000000,0.000000,-374018.312500,3108.031494,50.000000,-5.000000,0.000000,-0.000000,0.000000,-777007.875000,3137.901123,50.000000,-5.000000,0.000000,-0.000000,0.000000,-784475.312500,-1935501.500000,1289376.000000,891.309570,-647016.812500,2653165.750000,2006149.000000
ml,best,12,2026-07-05,3087.465332,10.000000,2493.455322,50.000000,-3.000000,0.000000,-0.000000,0.000000,-374018.312500,3087.199219,50.000000,-5.000000,0.000000,-0.000000,0.000000,-771799.812500,3115.088379,50.000000,-5.000000,0.000000,-0.000000,0.000000,-778772.062500,-1924590.250000,1289376.000000,891.309570,-636105.562500,2619629.750000,1983524.250000
ml,best,12,2026-07-06,3156.729980,10.000000,2493.455322,50.000000,-3.000000,0.000000,-0.000000,0.000000,-374018.312500,3138.061768,50.000000,-5.000000,0.000000,-0.000000,0.000000,-784515.437500,3167.532227,50.000000,-5.000000,0.000000,-0.000000,0.000000,-791883.062500,-1950416.750000,1289376.000000,891.309570,-661932.062500,2770338.000000,2108406.000000
ml,best,12,2026-07-07,3220.458740,10.000000,2493.455322,50.000000,-3.000000,0.000000,-0.000000,0.000000,-374018.312500,3244.612305,50.000000,-5.000000,0.000000,-0.000000,0.000000,-811153.062500,3275.289551,50.000000,-5.000000,0.000000,-0.000000,0.000000,-818822.375000,-2003993.750000,1289376.000000,891.309570,-715509.062500,2899948.250000,2184439.250000
ml,best,12,2026-07-08,3193.081787,10.000000,2493.455322,50.000000,-3.000000,0.000000,-0.000000,0.000000,-374018.312500,3220.100830,50.000000,-5.000000,0.000000,-0.000000,0.000000,-805025.187500,3251.778076,50.000000,-5.000000,0.000000,-0.000000,0.000000,-812944.500000,-1991988.000000,1289376.000000,891.309570,-703503.312500,2845702.250000,2142199.000000
ml,best,12,2026-07-09,3165.696045,10.000000,2493.455322,50.000000,-3.000000,0.000000,-0.000000,0.000000,-374018.312500,3181.885986,50.000000,-5.000000,0.000000,-0.000000,0.000000,-795471.500000,3208.794189,50.000000,-5.000000,0.000000,-0.000000,0.000000,-802198.562500,-1971688.250000,1289376.000000,891.309570,-683203.562500,2794590.250000,2111386.750000
ml,best,12,2026-07-10,3200.987793,10.000000,2493.455322,50.000000,-3.000000,0.000000,-0.000000,0.000000,-374018.312500,3198.152344,50.000000,-5.000000,0.000000,-0.000000,0.000000,-799538.062500,3230.162109,50.000000,-5.000000,0.000000,-0.000000,0.000000,-807540.500000,-1981096.875000,1289376.000000,891.309570,-692612.187500,2855347.250000,2162735.000000
ml,best,12,2026-07-11,3179.969238,10.000000,2493.455322,50.000000,-3.000000,0.000000,-0.000000,0.000000,-374018.312500,3161.765381,50.000000,-5.000000,0.000000,-0.000000,0.000000,-790441.375000,3194.331787,50.000000,-5.000000,0.000000,-0.000000,0.000000,-798582.937500,-1963042.750000,1289376.000000,891.309570,-674558.062500,2821883.750000,2147325.750000
ml,best,12,2026-07-12,3144.228271,10.000000,2493.455322,50.000000,-3.000000,0.000000,-0.000000,0.000000,-374018.312500,3134.306641,50.000000,-5.000000,0.000000,-0.000000,0.000000,-783576.687500,3168.851318,50.000000,-5.000000,0.000000,-0.000000,0.000000,-792212.812500,-1949807.750000,1289376.000000,891.309570,-661323.062500,2762538.750000,2101215.750000
ml,best,12,2026-07-13,3153.155762,10.000000,2493.455322,50.000000,-3.000000,0.000000,-0.000000,0.000000,-374018.312500,3139.306885,50.000000,-5.000000,0.000000,-0.000000,0.000000,-784826.687500,3172.150146,50.000000,-5.000000,0.000000,-0.000000,0.000000,-793037.562500,-1951882.500000,1289376.000000,891.309570,-663397.812500,2776480.500000,2113082.750000
ml,best,12,2026-07-14,3154.918213,10.000000,2493.455322,50.000000,-3.000000,0.000000,-0.000000,0.000000,-374018.312500,3160.631348,50.000000,-5.000000,0.000000,-0.000000,0.000000,-790157.812500,3192.835205,50.000000,-5.000000,0.000000,-0.000000,0.000000,-798208.812500,-1962385.000000,1289376.000000,891.309570,-673900.312500,2779113.500000,2105213.250000
ml,best,12,2026-07-15,3256.826660,10.000000,2493.455322,50.000000,-3.000000,0.000000,-0.000000,0.000000,-374018.312500,3267.864990,50.000000,-5.000000,0.000000,-0.000000,0.000000,-816966.250000,3300.539551,50.000000,-5.000000,0.000000,-0.000000,0.000000,-825134.875000,-2016119.375000,1289376.000000,891.309570,-727634.687500,2922200.750000,2194566.000000
ml,best,12,2026-07-16,3239.909424,10.000000,2493.455322,50.000000,-3.000000,0.000000,-0.000000,0.000000,-374018.312500,3239.664307,50.000000,-5.000000,0.000000,-0.000000,0.000000,-809916.062500,3271.804199,50.000000,-5.000000,0.000000,-0.000000,0.000000,-817951.062500,-2001885.500000,1289376.000000,891.309570,-713400.812500,2900166.750000,2186766.000000
ml,best,12,2026-07-17,3202.282227,10.000000,2493.455322,50.000000,-3.000000,0.000000,-0.000000,0.000000,-374018.312500,3180.846191,50.000000,-5.000000,0.000000,-0.000000,0.000000,-795211.500000,3211.824219,50.000000,-5.000000,0.000000,-0.000000,0.000000,-802956.062500,-1972185.750000,1289376.000000,891.309570,-683701.062500,2855442.750000,2171741.750000
ml,best,12,2026-07-18,3160.118896,10.000000,2493.455322,50.000000,-3.000000,0.000000,-0.000000,0.000000,-374018.312500,3154.237793,50.000000,-5.000000,0.000000,-0.000000,0.000000,-788559.500000,3182.786865,50.000000,-5.000000,0.000000,-0.000000,0.000000,-795696.750000,-1958274.500000,1289376.000000,891.309570,-669789.812500,2809158.000000,2139368.250000
ml,best,12,2026-07-19,3184.666992,10.000000,2493.455322,50.000000,-3.000000,0.000000,-0.000000,0.000000,-374018.312500,3188.950684,50.000000,-5.000000,0.000000,-0.000000,0.000000,-797237.687500,3217.867920,50.000000,-5.000000,0.000000,-0.000000,0.000000,-804467.000000,-1975723.000000,1289376.000000,891.309570,-687238.312500,2835560.750000,2148322.500000
ml,best,12,2026-07-20,3246.506592,10.000000,2493.455322,50.000000,-3.000000,0.000000,-0.000000,0.000000,-374018.312500,3249.435303,50.000000,-5.000000,0.000000,-0.000000,0.000000,-812358.812500,3281.732422,50.000000,-5.000000,0.000000,-0.000000,0.000000,-820433.125000,-2006810.250000,1289376.000000,891.309570,-718325.562500,2902071.750000,2183746.250000
ml,best,12,2026-07-21,3265.307617,10.000000,2493.455322,50.000000,-3.000000,0.000000,-0.000000,0.000000,-374018.312500,3275.888428,50.000000,-5.000000,0.000000,-0.000000,0.000000,-818972.125000,3307.199951,50.000000,-5.000000,0.000000,-0.000000,0.000000,-826800.000000,-2019790.500000,1289376.000000,891.309570,-731305.812500,2920475.750000,2189170.000000
ml,best,12,2026-07-22,3203.522217,10.000000,2493.455322,50.000000,-3.000000,0.000000,-0.000000,0.000000,-374018.312500,3199.659912,50.000000,-5.000000,0.000000,-0.000000,0.000000,-799915.000000,3228.686523,50.000000,-5.000000,0.000000,-0.000000,0.000000,-807171.625000,-1981104.875000,1289376.000000,891.309570,-692620.187500,2866554.250000,2173934.000000
ml,best,12,2026-07-23,3172.483887,10.000000,2493.455322,50.000000,-3.000000,0.000000,-0.000000,0.000000,-374018.312500,3171.276855,50.000000,-5.000000,0.000000,-0.000000,0.000000,-792819.250000,3200.715576,50.000000,-5.000000,0.000000,-0.000000,0.000000,-800178.875000,-1967016.375000,1289376.000000,891.309570,-678531.687500,2842519.750000,2163988.000000
ml,best,12,2026-07-24,3133.759766,10.000000,2493.455322,50.000000,-3.000000,0.000000,-0.000000,0.000000,-374018.312500,3121.391602,50.000000,-5.000000,0.000000,-0.000000,0.000000,-780347.875000,3149.175781,50.000000,-5.000000,0.000000,-0.000000,0.000000,-787293.937500,-1941660.250000,1289376.000000,891.309570,-653175.562500,2817125.500000,2163950.000000
ml,best,12,2026-07-25,3155.887451,10.000000,2493.455322,50.000000,-3.000000,0.000000,-0.000000,0.000000,-374018.312500,3162.563477,50.000000,-5.000000,0.000000,-0.000000,0.000000,-790640.875000,3192.371094,50.000000,-5.000000,0.000000,-0.000000,0.000000,-798092.750000,-1962752.000000,1289376.000000,891.309570,-674267.312500,2829073.500000,2154806.250000
ml,best,12,2026-07-26,3125.337402,10.000000,2493.455322,50.000000,-3.000000,0.000000,-0.000000,0.000000,-374018.312500,3132.690918,50.000000,-5.000000,0.000000,-0.000000,0.000000,-783172.750000,3160.301270,50.000000,-5.000000,0.000000,-0.000000,0.000000,-790075.312500,-1947266.250000,1289376.000000,891.309570,-658781.562500,2812395.250000,2153613.750000
ml,best,12,2026-07-27,3156.299561,10.000000,2493.455322,50.000000,-3.000000,0.000000,-0.000000,0.000000,-374018.312500,3163.885010,50.000000,-5.000000,0.000000,-0.000000,0.000000,-790971.250000,3190.891602,50.000000,-5.000000,0.000000,-0.000000,0.000000,-797722.875000,-1962712.375000,1289376.000000,891.309570,-674227.687500,2829118.000000,2154890.250000
ml,best,12,2026-07-28,3152.560303,10.000000,2493.455322,50.000000,-3.000000,0.000000,-0.000000,0.000000,-374018.312500,3143.475342,50.000000,-5.000000,0.000000,-0.000000,0.000000,-785868.875000,3169.777344,50.000000,-5.000000,0.000000,-0.000000,0.000000,-792444.312500,-1952331.500000,1289376.000000,891.309570,-663846.812500,2827570.500000,2163723.750000
ml,best,12,2026-07-29,3190.832275,10.000000,2493.455322,50.000000,-3.000000,0.000000,-0.000000,0.000000,-374018.312500,3191.277100,50.000000,-4.000000,1.000000,-159563.859375,79.781929,-638255.437500,3219.097168,50.000000,-5.000000,0.000000,-0.000000,0.000000,-804774.312500,-1817048.000000,1129812.000000,971.091431,-688207.062500,2840186.250000,2151979.250000
ml,best,12,2026-07-30,3134.623779,10.000000,2493.455322,50.000000,-3.000000,0.000000,-0.000000,0.000000,-374018.312500,3191.277100,50.000000,-4.000000,0.000000,-0.000000,0.000000,-638255.437500,3192.227539,50.000000,-5.000000,0.000000,-0.000000,0.000000,-798056.875000,-1810330.625000,1129812.000000,971.091431,-681489.687500,2828104.000000,2146614.250000
ml,best,12,2026-07-31,3098.662354,10.000000,2493.455322,50.000000,-3.000000,0.000000,-0.000000,0.000000,-374018.312500,3191.277100,50.000000,-4.000000,0.000000,-0.000000,0.000000,-638255.437500,3142.494141,50.000000,-5.000000,0.000000,-0.000000,0.000000,-785623.562500,-1797897.250000,1129812.000000,971.091431,-669056.312500,2824509.500000,2155453.250000
ml,best,12,2026-08-01,3120.843018,10.000000,2493.455322,50.000000,-3.000000,0.000000,-0.000000,0.000000,-374018.312500,3191.277100,50.000000,-4.000000,0.000000,-0.000000,0.000000,-638255.437500,3159.602295,50.000000,-5.000000,0.000000,-0.000000,0.000000,-789900.562500,-1802174.250000,1129812.000000,971.091431,-673333.312500,2824805.500000,2151472.250000
ml,best,12,2026-08-02,3108.329102,10.000000,2493.455322,50.000000,-3.000000,0.000000,-0.000000,0.000000,-374018.312500,3191.277100,50.000000,-4.000000,0.000000,-0.000000,0.000000,-638255.437500,3150.419922,50.000000,-5.000000,0.000000,-0.000000,0.000000,-787605.000000,-1799878.750000,1129812.000000,971.091431,-671037.812500,2825122.000000,2154084.250000
ml,best,12,2026-08-03,3060.845215,10.000000,2493.455322,50.000000,-3.000000,0.000000,-0.000000,0.000000,-374018.312500,3191.277100,50.000000,-4.000000,0.000000,-0.000000,0.000000,-638255.437500,3094.802979,50.000000,-5.000000,0.000000,-0.000000,0.000000,-773700.750000,-1785974.500000,1129812.000000,971.091431,-657133.562500,2825462.750000,2168329.250000
ml,best,12,2026-08-04,3073.124023,10.000000,2493.455322,50.000000,-3.000000,0.000000,-0.000000,0.000000,-374018.312500,3191.277100,50.000000,-4.000000,0.000000,-0.000000,0.000000,-638255.437500,3115.159180,50.000000,-5.000000,0.000000,-0.000000,0.000000,-778789.812500,-1791063.500000,1129812.000000,971.091431,-662222.562500,2825787.250000,2163564.750000
ml,best,12,2026-08-05,3117.243652,10.000000,2493.455322,50.000000,-3.000000,0.000000,-0.000000,0.000000,-374018.312500,3191.277100,50.000000,-4.000000,0.000000,-0.000000,0.000000,-638255.437500,3153.463867,50.000000,-5.000000,0.000000,-0.000000,0.000000,-788365.937500,-1800639.750000,1129812.000000,971.091431,-671798.812500,2826136.500000,2154337.750000
ml,best,12,2026-08-06,3108.251953,10.000000,2493.455322,50.000000,-3.000000,0.000000,-0.000000,0.000000,-374018.312500,3191.277100,50.000000,-4.000000,0.000000,-0.000000,0.000000,-638255.437500,3142.576172,50.000000,-5.000000,0.000000,-0.000000,0.000000,-785644.062500,-1797917.750000,1129812.000000,971.091431,-669076.812500,2826136.500000,2157059.750000
ml,best,12,2026-08-07,3111.010010,10.000000,2493.455322,50.000000,-3.000000,0.000000,-0.000000,0.000000,-374018.312500,3191.277100,50.000000,-4.000000,0.000000,-0.000000,0.000000,-638255.437500,3130.080811,50.000000,-5.000000,0.000000,-0.000000,0.000000,-782520.187500,-1794794.000000,1129812.000000,971.091431,-665953.062500,2826136.500000,2160183.500000
ml,best,12,2026-08-08,3156.573486,10.000000,2493.455322,50.000000,-3.000000,0.000000,-0.000000,0.000000,-374018.312500,3191.277100,50.000000,-4.000000,0.000000,-0.000000,0.000000,-638255.437500,3194.151855,50.000000,-5.000000,0.000000,-0.000000,0.000000,-798538.000000,-1810811.750000,1129812.000000,971.091431,-681970.812500,2826136.500000,2144165.750000
ml,best,12,2026-08-09,3202.126465,10.000000,2493.455322,50.000000,-3.000000,0.000000,-0.000000,0.000000,-374018.312500,3191.277100,50.000000,-4.000000,0.000000,-0.000000,0.000000,-638255.437500,3223.937012,50.000000,-5.000000,0.000000,-0.000000,0.000000,-805984.250000,-1818258.000000,1129812.000000,971.091431,-689417.062500,2826136.500000,2136719.500000
ml,best,12,2026-08-10,3255.805176,10.000000,2493.455322,50.000000,-3.000000,0.000000,-0.000000,0.000000,-374018.312500,3191.277100,50.000000,-4.000000,0.000000,-0.000000,0.000000,-638255.437500,3277.431152,50.000000,-5.000000,0.000000,-0.000000,0.000000,-819357.812500,-1831631.500000,1129812.000000,971.091431,-702790.562500,2826136.500000,2123346.000000
ml,best,12,2026-08-11,3239.516846,10.000000,2493.455322,50.000000,-3.000000,0.000000,-0.000000,0.000000,-374018.312500,3191.277100,50.000000,-4.000000,0.000000,-0.000000,0.000000,-638255.437500,3259.565186,50.000000,-5.000000,0.000000,-0.000000,0.000000,-814891.312500,-1827165.000000,1129812.000000,971.091431,-698324.062500,2826136.500000,2127812.500000
ml,best,12,2026-08-12,3257.305176,10.000000,2493.455322,50.000000,-3.000000,0.000000,-0.000000,0.000000,-374018.312500,3191.277100,50.000000,-4.000000,0.000000,-0.000000,0.000000,-638255.437500,3264.717773,50.000000,-5.000000,0.000000,-0.000000,0.000000,-816179.437500,-1828453.250000,1129812.000000,971.091431,-699612.312500,2826136.500000,2126524.250000
ml,best,12,2026-08-13,3278.810303,10.000000,2493.455322,50.000000,-3.000000,0.000000,-0.000000,0.000000,-374018.312500,3191.277100,50.000000,-4.000000,0.000000,-0.000000,0.000000,-638255.437500,3297.185547,50.000000,-5.000000,0.000000,-0.000000,0.000000,-824296.375000,-1836570.125000,1129812.000000,971.091431,-707729.187500,2826136.500000,2118407.250000
ml,best,12,2026-08-14,3266.288818,10.000000,2493.455322,50.000000,-3.000000,0.000000,-0.000000,0.000000,-374018.312500,3191.277100,50.000000,-4.000000,0.000000,-0.000000,0.000000,-638255.437500,3298.881836,50.000000,-5.000000,0.000000,-0.000000,0.000000,-824720.500000,-1836994.250000,1129812.000000,971.091431,-708153.312500,2826136.500000,2117983.250000
ml,best,12,2026-08-15,3286.178955,10.000000,2493.455322,50.000000,-3.000000,0.000000,-0.000000,0.000000,-374018.312500,3191.277100,50.000000,-4.000000,0.000000,-0.000000,0.000000,-638255.437500,3312.785645,50.000000,-5.000000,0.000000,-0.000000,0.000000,-828196.375000,-1840470.125000,1129812.000000,971.091431,-711629.187500,2826136.500000,2114507.250000
ml,best,12,2026-08-16,3349.095459,10.000000,2493.455322,50.000000,-3.000000,0.000000,-0.000000,0.000000,-374018.312500,3191.277100,50.000000,-4.000000,0.000000,-0.000000,0.000000,-638255.437500,3377.719238,50.000000,-5.000000,0.000000,-0.000000,0.000000,-844429.812500,-1856703.500000,1129812.000000,971.091431,-727862.562500,2826136.500000,2098274.000000
ml,best,12,2026-08-17,3328.259521,10.000000,2493.455322,50.000000,-3.000000,0.000000,-0.000000,0.000000,-374018.312500,3191.277100,50.000000,-4.000000,0.000000,-0.000000,0.000000,-638255.437500,3363.661865,50.000000,-5.000000,0.000000,-0.000000,0.000000,-840915.437500,-1853189.250000,1129812.000000,971.091431,-724348.312500,2826136.500000,2101788.250000
ml,best,12,2026-08-18,3374.645020,10.000000,2493.455322,50.000000,-3.000000,0.000000,-0.000000,0.000000,-374018.312500,3191.277100,50.000000,-4.000000,0.000000,-0.000000,0.000000,-638255.437500,3416.850830,50.000000,-5.000000,0.000000,-0.000000,0.000000,-854212.687500,-1866486.500000,1129812.000000,971.091431,-737645.562500,2826136.500000,2088491.000000
ml,best,12,2026-08-19,3370.376953,10.000000,2493.455322,50.000000,-3.000000,0.000000,-0.000000,0.000000,-374018.312500,3191.277100,50.000000,-4.000000,0.000000,-0.000000,0.000000,-638255.437500,3392.036621,50.000000,-5.000000,0.000000,-0.000000,0.000000,-848009.187500,-1860283.000000,1129812.000000,971.091431,-731442.062500,2826136.500000,2094694.500000
ml,best,12,2026-08-20,3349.462646,10.000000,2493.455322,50.000000,-3.000000,0.000000,-0.000000,0.000000,-374018.312500,3191.277100,50.000000,-4.000000,0.000000,-0.000000,0.000000,-638255.437500,3361.827148,50.000000,-5.000000,0.000000,-0.000000,0.000000,-840456.812500,-1852730.500000,1129812.000000,971.091431,-723889.562500,2826136.500000,2102247.000000
ml,best,12,2026-08-21,3343.472412,10.000000,2493.455322,50.000000,-3.000000,0.000000,-0.000000,0.000000,-374018.312500,3191.277100,50.000000,-4.000000,0.000000,-0.000000,0.000000,-638255.437500,3354.071777,50.000000,-5.000000,0.000000,-0.000000,0.000000,-838518.000000,-1850791.750000,1129812.000000,971.091431,-721950.812500,2826136.500000,2104185.750000
ml,best,12,2026-08-22,3349.679932,10.000000,2493.455322,50.000000,-3.000000,0.000000,-0.000000,0.000000,-374018.312500,3191.277100,50.000000,-4.000000,0.000000,-0.000000,0.000000,-638255.437500,3366.081787,50.000000,-5.000000,0.000000,-0.000000,0.000000,-841520.437500,-1853794.250000,1129812.000000,971.091431,-724953.312500,2826136.500000,2101183.250000
ml,best,12,2026-08-23,3338.253662,10.000000,2493.455322,50.000000,-3.000000,0.000000,-0.000000,0.000000,-374018.312500,3191.277100,50.000000,-4.000000,0.000000,-0.000000,0.000000,-638255.437500,3338.883789,50.000000,-5.000000,0.000000,-0.000000,0.000000,-834720.875000,-1846994.625000,1129812.000000,971.091431,-718153.687500,2826136.500000,2107982.750000
ml,best,12,2026-08-24,3382.342285,10.000000,2493.455322,50.000000,1.000000,4.000000,-498691.062500,249.345520,124672.765625,3191.277100,50.000000,0.000000,4.000000,-638255.437500,319.127716,0.000000,3365.048584,50.000000,-5.000000,0.000000,-0.000000,0.000000,-841262.125000,-716589.375000,-7134.437500,1539.564697,-725263.375000,2826136.500000,2100873.000000
ml,best,12,2026-08-25,3391.812988,10.000000,2493.455322,50.000000,-4.000000,-5.000000,623363.812500,311.681885,-498691.062500,3191.277100,50.000000,0.000000,0.000000,-0.000000,0.000000,0.000000,3398.545410,50.000000,-1.000000,4.000000,-679709.062500,339.854523,-169927.265625,-668618.312500,-63479.656250,2191.101074,-734289.125000,2826136.500000,2091847.375000
ml,best,12,2026-08-26,3382.271240,10.000000,2493.455322,50.000000,0.000000,4.000000,-498691.062500,249.345520,0.000000,3191.277100,50.000000,0.000000,0.000000,-0.000000,0.000000,0.000000,3423.281738,50.000000,-1.000000,0.000000,-0.000000,0.000000,-171164.093750,-171164.093750,-562170.750000,2440.446533,-735775.312500,2826136.500000,2090361.250000
ml,best,12,2026-08-27,3336.439453,10.000000,2493.455322,50.000000,0.000000,0.000000,-0.000000,0.000000,0.000000,3191.277100,50.000000,0.000000,0.000000,-0.000000,0.000000,0.000000,3335.993652,50.000000,-1.000000,0.000000,-0.000000,0.000000,-166799.687500,-166799.687500,-562170.750000,2440.446533,-731410.875000,2826136.500000,2094725.625000
ml,best,12,2026-08-28,3341.629883,10.000000,2493.455322,50.000000,0.000000,0.000000,-0.000000,0.000000,0.000000,3191.277100,50.000000,0.000000,0.000000,-0.000000,0.000000,0.000000,3352.348389,50.000000,-1.000000,0.000000,-0.000000,0.000000,-167617.421875,-167617.421875,-562170.750000,2440.446533,-732228.625000,2826136.500000,2093907.875000
ml,best,12,2026-08-29,3353.157227,10.000000,2493.455322,50.000000,0.000000,0.000000,-0.000000,0.000000,0.000000,3191.277100,50.000000,0.000000,0.000000,-0.000000,0.000000,0.000000,3388.949951,50.000000,-1.000000,0.000000,-0.000000,0.000000,-169447.500000,-169447.500000,-562170.750000,2440.446533,-734058.687500,2826136.500000,2092077.750000
ml,best,12,2026-08-30,3325.219971,10.000000,2493.455322,50.000000,0.000000,0.000000,-0.000000,0.000000,0.000000,3191.277100,50.000000,0.000000,0.000000,-0.000000,0.000000,0.000000,3350.804443,50.000000,-1.000000,0.000000,-0.000000,0.000000,-167540.218750,-167540.218750,-562170.750000,2440.446533,-732151.437500,2826136.500000,2093985.000000
ml,best,12,2026-08-31,3313.633789,10.000000,2493.455322,50.000000,0.000000,0.000000,-0.000000,0.000000,0.000000,3191.277100,50.000000,0.000000,0.000000,-0.000000,0.000000,0.000000,3334.663330,50.000000,-1.000000,0.000000,-0.000000,0.000000,-166733.171875,-166733.171875,-562170.750000,2440.446533,-731344.375000,2826136.500000,2094792.125000
ml,best,12,2026-09-01,3279.535645,10.000000,2493.455322,50.000000,0.000000,0.000000,-0.000000,0.000000,0.000000,3191.277100,50.000000,0.000000,0.000000,-0.000000,0.000000,0.000000,3312.584717,50.000000,-1.000000,0.000000,-0.000000,0.000000,-165629.234375,-165629.234375,-562170.750000,2440.446533,-730240.437500,2826136.500000,2095896.000000
ml,best,12,2026-09-02,3260.263672,10.000000,2493.455322,50.000000,0.000000,0.000000,-0.000000,0.000000,0.000000,3191.277100,50.000000,0.000000,0.000000,-0.000000,0.000000,0.000000,3293.290283,50.000000,-1.000000,0.000000,-0.000000,0.000000,-164664.515625,-164664.515625,-562170.750000,2440.446533,-729275.687500,2826136.500000,2096860.750000
ml,best,12,2026-09-03,3249.495850,10.000000,2493.455322,50.000000,0.000000,0.000000,-0.000000,0.000000,0.000000,3191.277100,50.000000,0.000000,0.000000,-0.000000,0.000000,0.000000,3265.381348,50.000000,-1.000000,0.000000,-0.000000,0.000000,-163269.062500,-163269.062500,-562170.750000,2440.446533,-727880.250000,2826136.500000,2098256.250000
ml,best,12,2026-09-04,3242.181152,10.000000,2493.455322,50.000000,0.000000,0.000000,-0.000000,0.000000,0.000000,3191.277100,50.000000,0.000000,0.000000,-0.000000,0.000000,0.000000,3246.003662,50.000000,-1.000000,0.000000,-0.000000,0.000000,-162300.187500,-162300.187500,-562170.750000,2440.446533,-726911.375000,2826136.500000,2099225.000000
ml,best,12,2026-09-05,3222.004150,10.000000,2493.455322,50.000000,0.000000,0.000000,-0.000000,0.000000,0.000000,3191.277100,50.000000,0.000000,0.000000,-0.000000,0.000000,0.000000,3232.052246,50.000000,-1.000000,0.000000,-0.000000,0.000000,-161602.609375,-161602.609375,-562170.750000,2440.446533,-726213.812500,2826136.500000,2099922.750000
ml,best,12,2026-09-06,3248.417480,10.000000,2493.455322,50.000000,0.000000,0.000000,-0.000000,0.000000,0.000000,3191.277100,50.000000,0.000000,0.000000,-0.000000,0.000000,0.000000,3272.273438,50.000000,-1.000000,0.000000,-0.000000,0.000000,-163613.671875,-163613.671875,-562170.750000,2440.446533,-728224.875000,2826136.500000,2097911.500000
ml,best,12,2026-09-07,3234.358643,10.000000,2493.455322,50.000000,0.000000,0.000000,-0.000000,0.000000,0.000000,3191.277100,50.000000,0.000000,0.000000,-0.000000,0.000000,0.000000,3255.522461,50.000000,-1.000000,0.000000,-0.000000,0.000000,-162776.125000,-162776.125000,-562170.750000,2440.446533,-727387.312500,2826136.500000,2098749.250000
ml,best,12,2026-09-08,3237.614502,10.000000,2493.455322,50.000000,0.000000,0.000000,-0.000000,0.000000,0.000000,3191.277100,50.000000,0.000000,0.000000,-0.000000,0.000000,0.000000,3252.550537,50.000000,-1.000000,0.000000,-0.000000,0.000000,-162627.531250,-162627.531250,-562170.750000,2440.446533,-727238.687500,2826136.500000,2098897.750000
ml,best,12,2026-09-09,3227.955322,10.000000,2493.455322,50.000000,0.000000,0.000000,-0.000000,0.000000,0.000000,3191.277100,50.000000,0.000000,0.000000,-0.000000,0.000000,0.000000,3245.433838,50.000000,-1.000000,0.000000,-0.000000,0.000000,-162271.687500,-162271.687500,-562170.750000,2440.446533,-726882.875000,2826136.500000,2099253.500000
ml,best,12,2026-09-10,3248.349365,10.000000,2493.455322,50.000000,0.000000,0.000000,-0.000000,0.000000,0.000000,3191.277100,50.000000,0.000000,0.000000,-0.000000,0.000000,0.000000,3273.769775,50.000000,-1.000000,0.000000,-0.000000,0.000000,-163688.484375,-163688.484375,-562170.750000,2440.446533,-728299.687500,2826136.500000,2097836.750000
ml,best,12,2026-09-11,3241.525635,10.000000,2493.455322,50.000000,0.000000,0.000000,-0.000000,0.000000,0.000000,3191.277100,50.000000,0.000000,0.000000,-0.000000,0.000000,0.000000,3273.292480,50.000000,-1.000000,0.000000,-0.000000,0.000000,-163664.625000,-163664.625000,-562170.750000,2440.446533,-728275.812500,2826136.500000,2097860.750000
ml,best,12,2026-09-12,3175.359619,10.000000,2493.455322,50.000000,0.000000,0.000000,-0.000000,0.000000,0.000000,3191.277100,50.000000,0.000000,0.000000,-0.000000,0.000000,0.000000,3187.483154,50.000000,-1.000000,0.000000,-0.000000,0.000000,-159374.156250,-159374.156250,-562170.750000,2440.446533,-723985.312500,2826136.500000,2102151.250000
ml,best,12,2026-09-13,3209.568115,10.000000,2493.455322,50.000000,0.000000,0.000000,-0.000000,0.000000,0.000000,3191.277100,50.000000,0.000000,0.000000,-0.000000,0.000000,0.000000,3228.982910,50.000000,-1.000000,0.000000,-0.000000,0.000000,-161449.140625,-161449.140625,-562170.750000,2440.446533,-726060.312500,2826136.500000,2100076.250000
ml,best,12,2026-09-14,3168.613770,10.000000,2493.455322,50.000000,0.000000,0.000000,-0.000000,0.000000,0.000000,3191.277100,50.000000,0.000000,0.000000,-0.000000,0.000000,0.000000,3201.251221,50.000000,-1.000000,0.000000,-0.000000,0.000000,-160062.562500,-160062.562500,-562170.750000,2440.446533,-724673.750000,2826136.500000,2101462.750000
ml,best,12,2026-09-15,3189.706543,10.000000,2493.455322,50.000000,0.000000,0.000000,-0.000000,0.000000,0.000000,3191.277100,50.000000,0.000000,0.000000,-0.000000,0.000000,0.000000,3218.319336,50.000000,-1.000000,0.000000,-0.000000,0.000000,-160915.968750,-160915.968750,-562170.750000,2440.446533,-725527.187500,2826136.500000,2100609.250000
ml,best,12,2026-09-16,3191.169922,10.000000,2493.455322,50.000000,0.000000,0.000000,-0.000000,0.000000,0.000000,3191.277100,50.000000,0.000000,0.000000,-0.000000,0.000000,0.000000,3218.719971,50.000000,-1.000000,0.000000,-0.000000,0.000000,-160936.000000,-160936.000000,-562170.750000,2440.446533,-725547.187500,2826136.500000,2100589.250000
ml,best,12,2026-09-17,3224.389404,10.000000,2493.455322,50.000000,0.000000,0.000000,-0.000000,0.000000,0.000000,3191.277100,50.000000,0.000000,0.000000,-0.000000,0.000000,0.000000,3241.017822,50.000000,-1.000000,0.000000,-0.000000,0.000000,-162050.890625,-162050.890625,-562170.750000,2440.446533,-726662.062500,2826136.500000,2099474.500000
ml,best,12,2026-09-18,3245.138428,10.000000,2493.455322,50.000000,0.000000,0.000000,-0.000000,0.000000,0.000000,3191.277100,50.000000,0.000000,0.000000,-0.000000,0.000000,0.000000,3269.869141,50.000000,-1.000000,0.000000,-0.000000,0.000000,-163493.453125,-163493.453125,-562170.750000,2440.446533,-728104.625000,2826136.500000,2098032.000000
ml,best,12,2026-09-19,3232.856689,10.000000,2493.455322,50.000000,0.000000,0.000000,-0.000000,0.000000,0.000000,3191.277100,50.000000,0.000000,0.000000,-0.000000,0.000000,0.000000,3247.440918,50.000000,-1.000000,0.000000,-0.000000,0.000000,-162372.046875,-162372.046875,-562170.750000,2440.446533,-726983.250000,2826136.500000,2099153.250000
ml,best,12,2026-09-20,3245.816162,10.000000,2493.455322,50.000000,0.000000,0.000000,-0.000000,0.000000,0.000000,3191.277100,50.000000,0.000000,0.000000,-0.000000,0.000000,0.000000,3256.608398,50.000000,-1.000000,0.000000,-0.000000,0.000000,-162830.421875,-162830.421875,-562170.750000,2440.446533,-727441.625000,2826136.500000,2098695.000000
ml,best,12,2026-09-21,3266.603271,10.000000,2493.455322,50.000000,0.000000,0.000000,-0.000000,0.000000,0.000000,3191.277100,50.000000,0.000000,0.000000,-0.000000,0.000000,0.000000,3291.589600,50.000000,-1.000000,0.000000,-0.000000,0.000000,-164579.484375,-164579.484375,-562170.750000,2440.446533,-729190.687500,2826136.500000,2096945.750000
ml,best,12,2026-09-22,3288.119873,10.000000,2493.455322,50.000000,0.000000,0.000000,-0.000000,0.000000,0.000000,3191.277100,50.000000,0.000000,0.000000,-0.000000,0.000000,0.000000,3299.998779,50.000000,-1.000000,0.000000,-0.000000,0.000000,-164999.937500,-164999.937500,-562170.750000,2440.446533,-729611.125000,2826136.500000,2096525.375000
ml,best,12,2026-09-23,3250.868896,10.000000,2493.455322,50.000000,0.000000,0.000000,-0.000000,0.000000,0.000000,3191.277100,50.000000,0.000000,0.000000,-0.000000,0.000000,0.000000,3255.522949,50.000000,-1.000000,0.000000,-0.000000,0.000000,-162776.140625,-162776.140625,-562170.750000,2440.446533,-727387.312500,2826136.500000,2098749.250000
ml,best,12,2026-09-24,3244.247314,10.000000,2493.455322,50.000000,0.000000,0.000000,-0.000000,0.000000,0.000000,3191.277100,50.000000,0.000000,0.000000,-0.000000,0.000000,0.000000,3248.610840,50.000000,-1.000000,0.000000,-0.000000,0.000000,-162430.546875,-162430.546875,-562170.750000,2440.446533,-727041.750000,2826136.500000,2099094.750000
ml,best,12,2026-09-25,3212.544434,10.000000,2493.455322,50.000000,0.000000,0.000000,-0.000000,0.000000,0.000000,3191.277100,50.000000,0.000000,0.000000,-0.000000,0.000000,0.000000,3218.790527,50.000000,-1.000000,0.000000,-0.000000,0.000000,-160939.531250,-160939.531250,-562170.750000,2440.446533,-725550.687500,2826136.500000,2100585.750000
ml,best,12,2026-09-26,3212.657959,10.000000,2493.455322,50.000000,0.000000,0.000000,-0.000000,0.000000,0.000000,3191.277100,50.000000,0.000000,0.000000,-0.000000,0.000000,0.000000,3217.379639,50.000000,-1.000000,0.000000,-0.000000,0.000000,-160868.984375,-160868.984375,-562170.750000,2440.446533,-725480.187500,2826136.500000,2100656.250000
ml,best,12,2026-09-27,3214.116699,10.000000,2493.455322,50.000000,0.000000,0.000000,-0.000000,0.000000,0.000000,3191.277100,50.000000,0.000000,0.000000,-0.000000,0.000000,0.000000,3229.152588,50.000000,-1.000000,0.000000,-0.000000,0.000000,-161457.625000,-161457.625000,-562170.750000,2440.446533,-726068.812500,2826136.500000,2100067.750000
ml,best,12,2026-09-28,3182.104736,10.000000,2493.455322,50.000000,0.000000,0.000000,-0.000000,0.000000,0.000000,3191.277100,50.000000,0.000000,0.000000,-0.000000,0.000000,0.000000,3184.873535,50.000000,-1.000000,0.000000,-0.000000,0.000000,-159243.671875,-159243.671875,-562170.750000,2440.446533,-723854.875000,2826136.500000,2102281.500000
ml,best,12,2026-09-29,3193.139648,10.000000,2493.455322,50.000000,0.000000,0.000000,-0.000000,0.000000,0.000000,3191.277100,50.000000,0.000000,0.000000,-0.000000,0.000000,0.000000,3214.066650,50.000000,-1.000000,0.000000,-0.000000,0.000000,-160703.328125,-160703.328125,-562170.750000,2440.446533,-725314.500000,2826136.500000,2100822.000000
ml,best,12,2026-09-30,3173.458496,10.000000,2493.455322,50.000000,0.000000,0.000000,-0.000000,0.000000,0.000000,3191.277100,50.000000,0.000000,0.000000,-0.000000,0.000000,0.000000,3201.695801,50.000000,-1.000000,0.000000,-0.000000,0.000000,-160084.796875,-160084.796875,-562170.750000,2440.446533,-724696.000000,2826136.500000,2101440.500000
ml,best,12,2026-10-01,3169.212158,10.000000,2493.455322,50.000000,0.000000,0.000000,-0.000000,0.000000,0.000000,3191.277100,50.000000,0.000000,0.000000,-0.000000,0.000000,0.000000,3184.093506,50.000000,-1.000000,0.000000,-0.000000,0.000000,-159204.671875,-159204.671875,-562170.750000,2440.446533,-723815.875000,2826136.500000,2102320.500000
ml,best,12,2026-10-02,3159.724121,10.000000,2493.455322,50.000000,0.000000,0.000000,-0.000000,0.000000,0.000000,3191.277100,50.000000,0.000000,0.000000,-0.000000,0.000000,0.000000,3176.299805,50.000000,-1.000000,0.000000,-0.000000,0.000000,-158814.984375,-158814.984375,-562170.750000,2440.446533,-723426.187500,2826136.500000,2102710.250000
ml,best,12,2026-10-03,3146.904297,10.000000,2493.455322,50.000000,0.000000,0.000000,-0.000000,0.000000,0.000000,3191.277100,50.000000,0.000000,0.000000,-0.000000,0.000000,0.000000,3154.228271,50.000000,-1.000000,0.000000,-0.000000,0.000000,-157711.406250,-157711.406250,-562170.750000,2440.446533,-722322.562500,2826136.500000,2103814.000000
ml,best,12,2026-10-04,3165.602295,10.000000,2493.455322,50.000000,0.000000,0.000000,-0.000000,0.000000,0.000000,3191.277100,50.000000,0.000000,0.000000,-0.000000,0.000000,0.000000,3186.594238,50.000000,-1.000000,0.000000,-0.000000,0.000000,-159329.718750,-159329.718750,-562170.750000,2440.446533,-723940.937500,2826136.500000,2102195.500000
ml,best,12,2026-10-05,3155.532227,10.000000,2493.455322,50.000000,0.000000,0.000000,-0.000000,0.000000,0.000000,3191.277100,50.000000,0.000000,0.000000,-0.000000,0.000000,0.000000,3185.540771,50.000000,-1.000000,0.000000,-0.000000,0.000000,-159277.031250,-159277.031250,-562170.750000,2440.446533,-723888.187500,2826136.500000,2102248.250000
ml,best,12,2026-10-06,3163.076660,10.000000,2493.455322,50.000000,0.000000,0.000000,-0.000000,0.000000,0.000000,3191.277100,50.000000,0.000000,0.000000,-0.000000,0.000000,0.000000,3190.700439,50.000000,-1.000000,0.000000,-0.000000,0.000000,-159535.015625,-159535.015625,-562170.750000,2440.446533,-724146.187500,2826136.500000,2101990.250000
ml,best,12,2026-10-07,3145.860107,10.000000,2493.455322,50.000000,0.000000,0.000000,-0.000000,0.000000,0.000000,3191.277100,50.000000,0.000000,0.000000,-0.000000,0.000000,0.000000,3165.553711,50.000000,-1.000000,0.000000,-0.000000,0.000000,-158277.687500,-158277.687500,-562170.750000,2440.446533,-722888.875000,2826136.500000,2103247.500000
ml,best,12,2026-10-08,3126.684814,10.000000,2493.455322,50.000000,0.000000,0.000000,-0.000000,0.000000,0.000000,3191.277100,50.000000,0.000000,0.000000,-0.000000,0.000000,0.000000,3138.686768,50.000000,-1.000000,0.000000,-0.000000,0.000000,-156934.343750,-156934.343750,-562170.750000,2440.446533,-721545.562500,2826136.500000,2104591.000000
ml,best,12,2026-10-09,3107.081299,10.000000,2493.455322,50.000000,0.000000,0.000000,-0.000000,0.000000,0.000000,3191.277100,50.000000,0.000000,0.000000,-0.000000,0.000000,0.000000,3122.124756,50.000000,-1.000000,0.000000,-0.000000,0.000000,-156106.234375,-156106.234375,-562170.750000,2440.446533,-720717.437500,2826136.500000,2105419.000000
ml,best,12,2026-10-10,3121.349121,10.000000,2493.455322,50.000000,0.000000,0.000000,-0.000000,0.000000,0.000000,3191.277100,50.000000,0.000000,0.000000,-0.000000,0.000000,0.000000,3117.284668,50.000000,-1.000000,0.000000,-0.000000,0.000000,-155864.234375,-155864.234375,-562170.750000,2440.446533,-720475.437500,2826136.500000,2105661.000000
ml,best,12,2026-10-11,3093.516113,10.000000,2493.455322,50.000000,0.000000,0.000000,-0.000000,0.000000,0.000000,3191.277100,50.000000,0.000000,0.000000,-0.000000,0.000000,0.000000,3092.491943,50.000000,-1.000000,0.000000,-0.000000,0.000000,-154624.593750,-154624.593750,-562170.750000,2440.446533,-719235.812500,2826136.500000,2106900.750000
ml,best,12,2026-10-12,3074.947510,10.000000,2493.455322,50.000000,0.000000,0.000000,-0.000000,0.000000,0.000000,3191.277100,50.000000,0.000000,0.000000,-0.000000,0.000000,0.000000,3074.443604,50.000000,-1.000000,0.000000,-0.000000,0.000000,-153722.187500,-153722.187500,-562170.750000,2440.446533,-718333.375000,2826136.500000,2107803.000000
ml,best,12,2026-10-13,3055.907227,10.000000,2493.455322,50.000000,0.000000,0.000000,-0.000000,0.000000,0.000000,3191.277100,50.000000,0.000000,0.000000,-0.000000,0.000000,0.000000,3054.572266,50.000000,-1.000000,0.000000,-0.000000,0.000000,-152728.609375,-152728.609375,-562170.750000,2440.446533,-717339.812500,2826136.500000,2108796.750000
ml,best,12,2026-10-14,3099.191406,10.000000,2493.455322,50.000000,0.000000,0.000000,-0.000000,0.000000,0.000000,3191.277100,50.000000,0.000000,0.000000,-0.000000,0.000000,0.000000,3105.902344,50.000000,-1.000000,0.000000,-0.000000,0.000000,-155295.125000,-155295.125000,-562170.750000,2440.446533,-719906.312500,2826136.500000,2106230.250000
ml,best,12,2026-10-15,3074.542725,10.000000,2493.455322,50.000000,0.000000,0.000000,-0.000000,0.000000,0.000000,3191.277100,50.000000,0.000000,0.000000,-0.000000,0.000000,0.000000,3083.077393,50.000000,-1.000000,0.000000,-0.000000,0.000000,-154153.875000,-154153.875000,-562170.750000,2440.446533,-718765.062500,2826136.500000,2107371.500000
ml,best,12,2026-10-16,3061.204346,10.000000,2493.455322,50.000000,0.000000,0.000000,-0.000000,0.000000,0.000000,3191.277100,50.000000,0.000000,0.000000,-0.000000,0.000000,0.000000,3060.443359,50.000000,-1.000000,0.000000,-0.000000,0.000000,-153022.171875,-153022.171875,-562170.750000,2440.446533,-717633.375000,2826136.500000,2108503.000000
ml,best,12,2026-10-17,3055.650879,10.000000,2493.455322,50.000000,0.000000,0.000000,-0.000000,0.000000,0.000000,3191.277100,50.000000,0.000000,0.000000,-0.000000,0.000000,0.000000,3056.040527,50.000000,-1.000000,0.000000,-0.000000,0.000000,-152802.031250,-152802.031250,-562170.750000,2440.446533,-717413.187500,2826136.500000,2108723.250000
ml,best,12,2026-10-18,3068.534912,10.000000,2493.455322,50.000000,0.000000,0.000000,-0.000000,0.000000,0.000000,3191.277100,50.000000,0.000000,0.000000,-0.000000,0.000000,0.000000,3077.122803,50.000000,-1.000000,0.000000,-0.000000,0.000000,-153856.140625,-153856.140625,-562170.750000,2440.446533,-718467.312500,2826136.500000,2107669.250000
ml,best,12,2026-10-19,3071.755615,10.000000,2493.455322,50.000000,0.000000,0.000000,-0.000000,0.000000,0.000000,3191.277100,50.000000,0.000000,0.000000,-0.000000,0.000000,0.000000,3086.927979,50.000000,-1.000000,0.000000,-0.000000,0.000000,-154346.406250,-154346.406250,-562170.750000,2440.446533,-718957.562500,2826136.500000,2107179.000000
ml,best,12,2026-10-20,3052.420654,10.000000,2493.455322,50.000000,0.000000,0.000000,-0.000000,0.000000,0.000000,3191.277100,50.000000,0.000000,0.000000,-0.000000,0.000000,0.000000,3066.242188,50.000000,-1.000000,0.000000,-0.000000,0.000000,-153312.109375,-153312.109375,-562170.750000,2440.446533,-717923.312500,2826136.500000,2108213.250000
ml,best,12,2026-10-21,3054.829102,10.000000,2493.455322,50.000000,0.000000,0.000000,-0.000000,0.000000,0.000000,3191.277100,50.000000,0.000000,0.000000,-0.000000,0.000000,0.000000,3046.894531,50.000000,-1.000000,0.000000,-0.000000,0.000000,-152344.718750,-152344.718750,-562170.750000,2440.446533,-716955.937500,2826136.500000,2109180.500000
ml,best,12,2026-10-22,3064.241943,10.000000,2493.455322,50.000000,0.000000,0.000000,-0.000000,0.000000,0.000000,3191.277100,50.000000,0.000000,0.000000,-0.000000,0.000000,0.000000,3070.587402,50.000000,-1.000000,0.000000,-0.000000,0.000000,-153529.375000,-153529.375000,-562170.750000,2440.446533,-718140.562500,2826136.500000,2107996.000000
ml,best,12,2026-10-23,3041.239746,10.000000,2493.455322,50.000000,0.000000,0.000000,-0.000000,0.000000,0.000000,3191.277100,50.000000,0.000000,0.000000,-0.000000,0.000000,0.000000,3054.208984,50.000000,-1.000000,0.000000,-0.000000,0.000000,-152710.453125,-152710.453125,-562170.750000,2440.446533,-717321.625000,2826136.500000,2108815.000000
ml,best,12,2026-10-24,3034.046631,10.000000,2493.455322,50.000000,0.000000,0.000000,-0.000000,0.000000,0.000000,3191.277100,50.000000,0.000000,0.000000,-0.000000,0.000000,0.000000,3038.869385,50.000000,-1.000000,0.000000,-0.000000,0.000000,-151943.468750,-151943.468750,-562170.750000,2440.446533,-716554.687500,2826136.500000,2109581.750000
ml,best,12,2026-10-25,3068.341553,10.000000,2493.455322,50.000000,0.000000,0.000000,-0.000000,0.000000,0.000000,3191.277100,50.000000,0.000000,0.000000,-0.000000,0.000000,0.000000,3073.735596,50.000000,-1.000000,0.000000,-0.000000,0.000000,-153686.781250,-153686.781250,-562170.750000,2440.446533,-718297.937500,2826136.500000,2107838.500000
ml,best,12,2026-10-26,3070.194580,10.000000,2493.455322,50.000000,0.000000,0.000000,-0.000000,0.000000,0.000000,3191.277100,50.000000,0.000000,0.000000,-0.000000,0.000000,0.000000,3074.524658,50.000000,-1.000000,0.000000,-0.000000,0.000000,-153726.234375,-153726.234375,-562170.750000,2440.446533,-718337.437500,2826136.500000,2107799.000000
ml,best,12,2026-10-27,3039.268066,10.000000,2493.455322,50.000000,0.000000,0.000000,-0.000000,0.000000,0.000000,3191.277100,50.000000,0.000000,0.000000,-0.000000,0.000000,0.000000,3045.418701,50.000000,-1.000000,0.000000,-0.000000,0.000000,-152270.937500,-152270.937500,-562170.750000,2440.446533,-716882.125000,2826136.500000,2109254.500000
ml,best,12,2026-10-28,3023.316406,10.000000,2493.455322,50.000000,0.000000,0.000000,-0.000000,0.000000,0.000000,3191.277100,50.000000,0.000000,0.000000,-0.000000,0.000000,0.000000,3048.453369,50.000000,-1.000000,0.000000,-0.000000,0.000000,-152422.671875,-152422.671875,-562170.750000,2440.446533,-717033.875000,2826136.500000,2109102.500000
ml,best,12,2026-10-29,3031.935059,10.000000,2493.455322,50.000000,0.000000,0.000000,-0.000000,0.000000,0.000000,3191.277100,50.000000,0.000000,0.000000,-0.000000,0.000000,0.000000,3053.619385,50.000000,0.000000,1.000000,-152680.968750,76.340485,0.000000,0.000000,-714851.687500,2516.787109,-717368.500000,2826136.500000,2108768.000000
ml,best,12,2026-10-30,3003.066162,10.000000,2493.455322,50.000000,0.000000,0.000000,-0.000000,0.000000,0.000000,3191.277100,50.000000,0.000000,0.000000,-0.000000,0.000000,0.000000,3053.619385,50.000000,0.000000,0.000000,-0.000000,0.000000,0.000000,0.000000,-714851.687500,2516.787109,-717368.500000,2826136.500000,2108768.000000
ml,mean,-1,2026-04-10,2055.000244,10.000000,2026.171753,50.000000,-5.000000,-5.000000,506542.968750,253.271469,-506542.968750,2047.068481,50.000000,-5.000000,-5.000000,511767.062500,255.883560,-511767.062500,2070.749756,50.000000,-5.000000,-5.000000,517687.468750,258.843719,-517687.468750,-1535997.875000,1535997.875000,767.998962,-767.998962,29559.371094,28791.371094
ml,mean,-1,2026-04-11,2054.853760,10.000000,2045.881348,50.000000,-5.000000,0.000000,0.000000,0.000000,-511470.375000,2066.890625,50.000000,-5.000000,0.000000,0.000000,0.000000,-516722.593750,2090.610352,50.000000,-5.000000,0.000000,0.000000,0.000000,-522652.593750,-1550845.500000,1535997.875000,767.998962,-15616.058594,29190.277344,13574.221680
ml,mean,-1,2026-04-12,2055.330078,10.000000,2054.254150,50.000000,-5.000000,0.000000,0.000000,0.000000,-513563.500000,2075.211670,50.000000,-5.000000,0.000000,0.000000,0.000000,-518802.937500,2098.792480,50.000000,-5.000000,0.000000,0.000000,0.000000,-524698.125000,-1557064.750000,1535997.875000,767.998962,-21835.085938,30430.734375,8595.649414
ml,mean,-1,2026-04-13,2055.988525,10.000000,2057.243896,50.000000,-4.841797,0.158203,-15898.599609,7.949298,-498412.406250,2078.168701,50.000000,-4.974609,0.025391,-2593.650879,1.296825,-516948.500000,2101.602051,50.000000,-4.996094,0.003906,-404.139313,0.202070,-524996.375000,-1540357.250000,1517101.250000,777.447083,-24033.630859,32137.933594,8104.302246
ml,mean,-1,2026-04-14,2055.864502,10.000000,2058.362061,50.000000,-4.728516,0.113281,-11355.107422,5.677553,-487294.250000,2079.230469,50.000000,-4.951172,0.023438,-2393.635986,1.196818,-514808.281250,2102.518799,50.000000,-4.987305,0.008789,-908.706787,0.454353,-524312.312500,-1526414.875000,1502443.875000,784.775696,-24755.935547,36010.402344,11254.465820
ml,mean,-1,2026-04-15,2056.350830,10.000000,2059.666504,50.000000,-4.641602,0.086914,-8765.735352,4.382867,-478802.812500,2080.494385,50.000000,-4.929688,0.021484,-2190.942139,1.095471,-512910.312500,2103.681885,50.000000,-4.981445,0.005859,-605.884338,0.302942,-523993.218750,-1515706.250000,1490881.250000,790.557068,-25615.794922,41553.792969,15937.994141
ml,mean,-1,2026-04-16,2056.683594,10.000000,2058.865479,50.000000,-4.570312,0.071289,-7205.178711,3.602590,-471399.062500,2079.594238,50.000000,-4.902344,0.027344,-2787.645264,1.393823,-509882.750000,2102.589844,50.000000,-4.973633,0.007812,-807.973022,0.403987,-522908.531250,-1504190.250000,1480080.500000,795.957458,-24905.980469,46737.894531,21831.914062
ml,mean,-1,2026-04-17,2057.338135,10.000000,2059.905029,50.000000,-4.529297,0.041016,-4139.638672,2.069819,-467477.562500,2080.565430,50.000000,-4.885742,0.016602,-1693.676758,0.846838,-508445.125000,2103.419189,50.000000,-4.962891,0.010742,-1110.780884,0.555390,-522010.781250,-1497933.500000,1473136.250000,799.429443,-25596.726562,52555.875000,26959.146484
ml,mean,-1,2026-04-18,2057.913330,10.000000,2060.522705,50.000000,-4.529297,0.000000,0.000000,0.000000,-467572.812500,2081.097900,50.000000,-4.885742,0.000000,0.000000,0.000000,-508560.687500,2103.800293,50.000000,-4.962891,0.000000,0.000000,0.000000,-522100.125000,-1498233.625000,1473136.250000,799.429443,-25896.935547,58601.257812,32704.324219
ml,mean,-1,2026-04-19,2058.078125,10.000000,2060.020996,50.000000,-4.529297,0.000000,0.000000,0.000000,-467471.968750,2080.471680,50.000000,-4.885742,0.000000,0.000000,0.000000,-508392.125000,2102.990234,50.000000,-4.962891,0.000000,0.000000,0.000000,-521879.781250,-1497744.000000,1473136.250000,799.429443,-25407.089844,63367.773438,37960.687500
ml,mean,-1,2026-04-20,2058.237061,10.000000,2059.865723,50.000000,-4.473633,0.055664,-5598.537598,2.799269,-461875.218750,2080.187012,50.000000,-4.857422,0.028320,-2876.318359,1.438159,-505464.500000,2102.552979,50.000000,-4.958984,0.003906,-403.589661,0.201795,-521379.281250,-1488719.000000,1464257.875000,803.868713,-25265.125000,68068.007812,42802.878906
ml,mean,-1,2026-04-21,2058.163086,10.000000,2059.365479,50.000000,-4.432617,0.041016,-4144.566406,2.072283,-457611.937500,2079.597168,50.000000,-4.817383,0.040039,-4075.179932,2.037590,-501251.812500,2101.779785,50.000000,-4.953125,0.005859,-605.174744,0.302587,-520575.281250,-1479439.000000,1455432.875000,808.281128,-24814.486328,71995.929688,47181.441406
ml,mean,-1,2026-04-22,2059.670410,10.000000,2061.132324,50.000000,-4.397461,0.035156,-3606.135010,1.803068,-454374.562500,2081.336670,50.000000,-4.785156,0.032227,-3285.940674,1.642970,-498369.218750,2103.446777,50.000000,-4.943359,0.009766,-1009.216858,0.504608,-519965.000000,-1472708.750000,1447531.625000,812.231750,-25989.416016,79995.476562,54006.066406
ml,mean,-1,2026-04-23,2060.055664,10.000000,2061.235596,50.000000,-4.365234,0.032227,-3295.742432,1.647871,-451109.500000,2081.428711,50.000000,-4.761719,0.023438,-2384.186523,1.192093,-496005.375000,2103.456543,50.000000,-4.932617,0.010742,-1109.710815,0.554855,-518852.531250,-1465967.375000,1440742.125000,815.626648,-26041.160156,85347.015625,59305.855469
ml,mean,-1,2026-04-24,2060.682861,10.000000,2061.515625,50.000000,-4.350586,0.014648,-1505.355713,0.752678,-449667.093750,2081.602051,50.000000,-4.744141,0.017578,-1787.609253,0.893805,-494258.500000,2103.479004,50.000000,-4.931641,0.000977,-100.949142,0.050475,-518754.531250,-1462680.000000,1437348.000000,817.323608,-26149.421875,91420.546875,65271.109375
ml,mean,-1,2026-04-25,2061.277832,10.000000,2061.792725,50.000000,-4.350586,0.000000,0.000000,0.000000,-449748.375000,2081.818115,50.000000,-4.744141,0.000000,0.000000,0.000000,-494307.343750,2103.593994,50.000000,-4.931641,0.000000,0.000000,0.000000,-518788.406250,-1462844.000000,1437348.000000,817.323608,-26313.376953,97414.828125,71101.437500
ml,mean,-1,2026-04-26,2061.284424,10.000000,2061.550293,50.000000,-4.350586,0.000000,0.000000,0.000000,-449692.687500,2081.495117,50.000000,-4.744141,0.000000,0.000000,0.000000,-494248.281250,2103.147949,50.000000,-4.931641,0.000000,0.000000,0.000000,-518665.875000,-1462606.875000,1437348.000000,817.323608,-26076.173828,101893.828125,75817.656250
ml,mean,-1,2026-04-27,2063.092285,10.000000,2064.249023,50.000000,-4.320312,0.030273,-3175.536621,1.587768,-447122.593750,2084.177246,50.000000,-4.723633,0.020508,-2082.197021,1.041098,-492824.906250,2105.798584,50.000000,-4.927734,0.003906,-403.773163,0.201887,-518915.437500,-1458862.875000,1431686.625000,820.154297,-27996.603516,110824.101562,82827.484375
ml,mean,-1,2026-04-28,2062.244629,10.000000,2063.111816,50.000000,-4.291016,0.029297,-3091.754883,1.545878,-443806.625000,2082.965820,50.000000,-4.697266,0.026367,-2676.701172,1.338351,-489879.343750,2104.498779,50.000000,-4.916992,0.010742,-1108.024658,0.554012,-517493.468750,-1451179.500000,1424810.125000,823.592590,-27193.064453,113144.617188,85951.554688
ml,mean,-1,2026-04-29,2062.433594,10.000000,2062.454346,50.000000,-3.519531,0.771484,-79861.820312,39.930908,-363798.906250,2082.279785,50.000000,-4.685547,0.011719,-1189.570312,0.594785,-488507.687500,2103.754395,50.000000,-4.912109,0.004883,-505.121338,0.252561,-516797.875000,-1369104.500000,1343253.500000,864.370789,-26715.337891,117831.257812,91115.921875
ml,mean,-1,2026-04-30,2063.263916,10.000000,2062.454346,50.000000,-3.240234,0.279297,-28294.597656,14.147299,-335504.312500,2083.139160,50.000000,-4.663086,0.022461,-2280.661133,1.140331,-486444.437500,2104.593994,50.000000,-4.895508,0.016602,-1711.460327,0.855730,-515290.406250,-1337239.125000,1310966.750000,880.514160,-27152.894531,119009.343750,91856.453125
ml,mean,-1,2026-05-01,2063.805664,10.000000,2062.454346,50.000000,-3.194336,0.045898,-4710.156738,2.355078,-330794.156250,2083.135742,50.000000,-4.645508,0.017578,-1785.384033,0.892692,-484691.406250,2104.560059,50.000000,-4.884766,0.010742,-1106.142090,0.553071,-514186.000000,-1329671.625000,1303365.000000,884.315002,-27190.835938,119377.679688,92186.835938
ml,mean,-1,2026-05-02,2065.068359,10.000000,2062.454346,50.000000,-3.194336,0.000000,0.000000,0.000000,-330794.156250,2084.468506,50.000000,-4.645508,0.000000,0.000000,0.000000,-484978.093750,2105.836914,50.000000,-4.884766,0.000000,0.000000,0.000000,-514479.906250,-1330252.125000,1303365.000000,884.315002,-27771.382812,121342.601562,93571.210938
ml,mean,-1,2026-05-03,2067.183838,10.000000,2062.454346,50.000000,-3.194336,0.000000,0.000000,0.000000,-330794.156250,2086.430908,50.000000,-4.645508,0.000000,0.000000,0.000000,-485439.687500,2107.829102,50.000000,-4.884766,0.000000,0.000000,0.000000,-514971.718750,-1331205.500000,1303365.000000,884.315002,-28724.787109,125920.726562,97195.953125
ml,mean,-1,2026-05-04,2067.002441,10.000000,2062.454346,50.000000,-3.185547,0.008789,-861.858032,0.430929,-329932.312500,2085.275146,50.000000,-4.629883,0.015625,-1590.010254,0.795005,-483603.093750,2106.568604,50.000000,-4.878906,0.005859,-605.811768,0.302906,-514069.625000,-1327605.000000,1300307.500000,885.843811,-28183.457031,124580.968750,96397.500000
ml,mean,-1,2026-05-05,2066.684326,10.000000,2062.454346,50.000000,-3.181641,0.003906,-404.095154,0.202048,-329528.218750,2084.946777,50.000000,-4.615234,0.014648,-1488.878418,0.744439,-482022.843750,2106.155762,50.000000,-4.873047,0.005859,-606.018738,0.303009,-513358.031250,-1324909.000000,1297808.500000,887.093323,-27987.783203,122910.125000,94922.343750
ml,mean,-1,2026-05-06,2065.518311,10.000000,2062.454346,50.000000,-3.178711,0.002930,-301.897095,0.150949,-329226.312500,2083.462402,50.000000,-4.597656,0.017578,-1788.370605,0.894185,-479864.687500,2104.606445,50.000000,-4.870117,0.002930,-302.979309,0.151490,-512648.531250,-1321739.625000,1295415.250000,888.289917,-27212.675781,118958.515625,91745.828125
ml,mean,-1,2026-05-07,2065.920898,10.000000,2062.454346,50.000000,-3.172852,0.005859,-604.548462,0.302274,-328621.750000,2084.458008,50.000000,-4.585938,0.011719,-1188.786743,0.594393,-478898.687500,2105.503418,50.000000,-4.867188,0.002930,-302.739777,0.151370,-512569.812500,-1320090.250000,1293319.125000,889.337952,-27660.449219,119203.265625,91542.820312
ml,mean,-1,2026-05-08,2066.156250,10.000000,2062.454346,50.000000,-3.168945,0.003906,-398.600952,0.199300,-328223.156250,2083.858643,50.000000,-4.573242,0.012695,-1291.755615,0.645878,-477496.250000,2104.895996,50.000000,-4.862305,0.004883,-504.185272,0.252093,-511936.375000,-1317655.625000,1291124.500000,890.435303,-27421.609375,119100.718750,91679.101562
ml,mean,-1,2026-05-09,2067.232666,10.000000,2062.454346,50.000000,-3.168945,0.000000,0.000000,0.000000,-328223.156250,2084.375488,50.000000,-4.573242,0.000000,0.000000,0.000000,-477611.593750,2105.361572,50.000000,-4.862305,0.000000,0.000000,0.000000,-512036.937500,-1317871.625000,1291124.500000,890.435303,-27637.568359,121022.929688,93385.359375
ml,mean,-1,2026-05-10,2068.552734,10.000000,2062.454346,50.000000,-3.168945,0.000000,0.000000,0.000000,-328223.156250,2085.682373,50.000000,-4.573242,0.000000,0.000000,0.000000,-477911.343750,2106.656738,50.000000,-4.862305,0.000000,0.000000,0.000000,-512360.062500,-1318494.500000,1291124.500000,890.435303,-28260.429688,123366.851562,95106.406250
ml,mean,-1,2026-05-11,2067.920410,10.000000,2062.454346,50.000000,-3.157227,0.011719,-1238.193115,0.619097,-326984.968750,2084.719482,50.000000,-4.559570,0.013672,-1388.518311,0.694259,-476286.093750,2105.635498,50.000000,-4.857422,0.004883,-503.883606,0.251942,-511607.375000,-1314878.500000,1287994.000000,892.000610,-27776.466797,120664.976562,92888.523438
ml,mean,-1,2026-05-12,2068.104248,10.000000,2062.454346,50.000000,-3.147461,0.009766,-1019.219421,0.509610,-325965.750000,2084.481445,50.000000,-4.552734,0.006836,-694.926208,0.347463,-475514.062500,2107.411621,50.000000,-4.852539,0.004883,-503.668121,0.251834,-511533.687500,-1313013.500000,1285776.125000,893.109436,-28130.435547,120072.039062,91941.593750
ml,mean,-1,2026-05-13,2068.520752,10.000000,2062.454346,50.000000,-3.138672,0.008789,-923.944946,0.461972,-325041.812500,2084.086670,50.000000,-4.543945,0.008789,-894.604553,0.447302,-474559.093750,2106.960449,50.000000,-4.850586,0.001953,-202.139679,0.101070,-511232.000000,-1310832.875000,1283755.500000,894.119812,-27971.542969,120151.539062,92179.984375
ml,mean,-1,2026-05-14,2069.591553,10.000000,2062.454346,50.000000,-3.130859,0.007812,-821.444336,0.410722,-324220.343750,2084.916016,50.000000,-4.538086,0.005859,-591.917969,0.295959,-474178.312500,2107.570557,50.000000,-4.841797,0.008789,-908.309448,0.454155,-510469.750000,-1308868.375000,1281433.875000,895.280640,-28329.931641,121806.710938,93476.781250
ml,mean,-1,2026-05-15,2070.275391,10.000000,2062.454346,50.000000,-3.119141,0.011719,-1235.016113,0.617508,-322985.343750,2085.555420,50.000000,-4.529297,0.008789,-891.117798,0.445559,-473406.437500,2108.068848,50.000000,-4.837891,0.003906,-404.084717,0.202042,-510188.937500,-1306580.750000,1278903.500000,896.545776,-28573.703125,122565.250000,93991.539062
ml,mean,-1,2026-05-16,2071.720703,10.000000,2062.454346,50.000000,-3.119141,0.000000,0.000000,0.000000,-322985.343750,2087.251953,50.000000,-4.529297,0.000000,0.000000,0.000000,-473794.156250,2109.916992,50.000000,-4.837891,0.000000,0.000000,0.000000,-510639.000000,-1307418.500000,1278903.500000,896.545776,-29411.437500,125338.234375,95926.796875
ml,mean,-1,2026-05-17,2072.793945,10.000000,2062.454346,50.000000,-3.119141,0.000000,0.000000,0.000000,-322985.343750,2088.105713,50.000000,-4.529297,0.000000,0.000000,0.000000,-474002.406250,2110.764160,50.000000,-4.837891,0.000000,0.000000,0.000000,-510874.937500,-1307862.625000,1278903.500000,896.545776,-29855.623047,127065.968750,97210.351562
ml,mean,-1,2026-05-18,2073.209473,10.000000,2062.454346,50.000000,-3.097656,0.021484,-2273.062988,1.136531,-320712.281250,2088.344238,50.000000,-4.518555,0.010742,-1089.906250,0.544953,-472955.593750,2111.043945,50.000000,-4.834961,0.002930,-302.838684,0.151419,-510620.750000,-1304288.625000,1275237.750000,898.378662,-29949.312500,127184.234375,97234.921875
ml,mean,-1,2026-05-19,2074.562256,10.000000,2062.454346,50.000000,-3.083984,0.013672,-1463.977783,0.731989,-319248.312500,2089.312500,50.000000,-4.507812,0.010742,-1093.278809,0.546639,-472091.062500,2111.843018,50.000000,-4.830078,0.004883,-504.684998,0.252342,-510310.843750,-1301650.250000,1272175.750000,899.909607,-30374.277344,129702.679688,99328.406250
ml,mean,-1,2026-05-20,2075.204590,10.000000,2062.454346,50.000000,-3.074219,0.009766,-1039.432739,0.519716,-318208.875000,2089.990723,50.000000,-4.500000,0.007812,-786.976501,0.393488,-471419.468750,2112.413574,50.000000,-4.820312,0.009766,-1007.316040,0.503658,-509409.781250,-1299038.125000,1269342.000000,901.326538,-30597.296875,130350.359375,99753.062500
ml,mean,-1,2026-05-21,2077.042236,10.000000,2062.454346,50.000000,-3.065430,0.008789,-922.821899,0.461411,-317286.031250,2091.063721,50.000000,-4.492188,0.007812,-778.014709,0.389007,-470837.562500,2113.398438,50.000000,-4.814453,0.005859,-604.864014,0.302432,-509054.562500,-1297178.125000,1267036.375000,902.479370,-31044.308594,134016.078125,102971.765625
ml,mean,-1,2026-05-22,2077.294434,10.000000,2062.454346,50.000000,-3.057617,0.007812,-839.974304,0.419987,-316446.093750,2091.263672,50.000000,-4.486328,0.005859,-594.509949,0.297255,-470300.937500,2113.525391,50.000000,-4.810547,0.003906,-404.254730,0.202127,-508690.187500,-1295437.250000,1265197.750000,903.398682,-31142.904297,133717.453125,102574.562500
ml,mean,-1,2026-05-23,2078.216797,10.000000,2062.454346,50.000000,-3.057617,0.000000,0.000000,0.000000,-316446.093750,2092.618652,50.000000,-4.486328,0.000000,0.000000,0.000000,-470558.750000,2114.809082,50.000000,-4.810547,0.000000,0.000000,0.000000,-508998.125000,-1296003.000000,1265197.750000,903.398682,-31708.705078,135103.406250,103394.703125
ml,mean,-1,2026-05-24,2078.353271,10.000000,2062.454346,50.000000,-3.057617,0.000000,0.000000,0.000000,-316446.093750,2091.792725,50.000000,-4.486328,0.000000,0.000000,0.000000,-470368.625000,2113.843994,50.000000,-4.810547,0.000000,0.000000,0.000000,-508729.500000,-1295544.250000,1265197.750000,903.398682,-31249.941406,134415.687500,103165.750000
ml,mean,-1,2026-05-25,2078.228516,10.000000,2062.454346,50.000000,-3.057617,0.000000,0.000000,0.000000,-316446.093750,2092.071777,50.000000,-4.486328,0.000000,0.000000,0.000000,-470412.156250,2114.029541,50.000000,-4.810547,0.000000,0.000000,0.000000,-508763.312500,-1295621.500000,1265197.750000,903.398682,-31327.269531,133113.203125,101785.929688
ml,mean,-1,2026-05-26,2078.091309,10.000000,2062.454346,50.000000,-3.036133,0.021484,-2291.483398,1.145742,-314154.593750,2091.290039,50.000000,-4.469727,0.016602,-1675.496094,0.837748,-468563.468750,2113.160156,50.000000,-4.801758,0.008789,-905.239685,0.452620,-507660.875000,-1290378.875000,1260325.500000,905.834778,-30959.300781,131837.968750,100878.656250
ml,mean,-1,2026-05-27,2077.423096,10.000000,2062.454346,50.000000,-3.023438,0.012695,-1350.419556,0.675210,-312804.187500,2090.636230,50.000000,-4.465820,0.003906,-396.727966,0.198364,-468014.875000,2112.355469,50.000000,-4.798828,0.002930,-302.450806,0.151225,-507161.000000,-1287980.000000,1258275.875000,906.859619,-30610.994141,129320.546875,98709.554688
ml,mean,-1,2026-05-28,2078.105713,10.000000,2062.454346,50.000000,-3.016602,0.006836,-734.981812,0.367491,-312069.187500,2091.357422,50.000000,-4.462891,0.002930,-296.998047,0.148499,-467887.906250,2113.002686,50.000000,-4.794922,0.003906,-403.491180,0.201746,-506932.562500,-1286889.625000,1256840.500000,907.577332,-30956.875000,130196.914062,99240.031250
ml,mean,-1,2026-05-29,2078.842773,10.000000,2062.454346,50.000000,-3.003906,0.012695,-1355.554565,0.677777,-310713.625000,2091.789551,50.000000,-4.458008,0.004883,-494.467560,0.247234,-467470.875000,2113.484619,50.000000,-4.789062,0.005859,-604.515015,0.302257,-506442.531250,-1284627.125000,1254385.750000,908.804626,-31149.939453,131032.382812,99882.437500
ml,mean,-1,2026-05-30,2079.348633,10.000000,2062.454346,50.000000,-3.003906,0.000000,0.000000,0.000000,-310713.625000,2091.578125,50.000000,-4.458008,0.000000,0.000000,0.000000,-467426.312500,2113.245850,50.000000,-4.789062,0.000000,0.000000,0.000000,-506351.656250,-1284491.750000,1254385.750000,908.804626,-31014.623047,131234.718750,100220.101562
ml,mean,-1,2026-05-31,2079.709717,10.000000,2062.454346,50.000000,-3.003906,0.000000,0.000000,0.000000,-310713.625000,2092.179199,50.000000,-4.458008,0.000000,0.000000,0.000000,-467593.250000,2113.854980,50.000000,-4.789062,0.000000,0.000000,0.000000,-506494.937500,-1284801.875000,1254385.750000,908.804626,-31324.835938,131215.828125,99890.992188
ml,mean,-1,2026-06-01,2079.891602,10.000000,2062.454346,50.000000,-2.987305,0.016602,-1770.166748,0.885083,-308943.468750,2092.329102,50.000000,-4.451172,0.006836,-683.804626,0.341902,-466938.750000,2114.013916,50.000000,-4.786133,0.002930,-302.390442,0.151195,-506230.937500,-1282113.125000,1251629.500000,910.182800,-31393.855469,130650.125000,99256.265625
ml,mean,-1,2026-06-02,2080.731201,10.000000,2062.454346,50.000000,-2.977539,0.009766,-1035.309570,0.517655,-307908.156250,2092.439941,50.000000,-4.442383,0.008789,-886.105469,0.443053,-466085.437500,2114.059082,50.000000,-4.781250,0.004883,-503.549774,0.251775,-505730.687500,-1279724.250000,1249204.500000,911.395264,-31431.169922,131916.812500,100485.656250
ml,mean,-1,2026-06-03,2081.087402,10.000000,2062.454346,50.000000,-2.966797,0.010742,-1152.513550,0.576257,-306755.656250,2092.953857,50.000000,-4.437500,0.004883,-496.450745,0.248225,-465694.187500,2114.538574,50.000000,-4.776367,0.004883,-503.728577,0.251864,-505338.281250,-1277788.125000,1247051.875000,912.471558,-31648.808594,131900.156250,100251.343750
ml,mean,-1,2026-06-04,2080.605957,10.000000,2062.454346,50.000000,-2.958984,0.007812,-836.229553,0.418115,-305919.406250,2093.254883,50.000000,-4.431641,0.005859,-596.483398,0.298242,-465182.531250,2114.905518,50.000000,-4.767578,0.008789,-905.880493,0.452940,-504557.000000,-1275659.000000,1244713.250000,913.640869,-31859.402344,129606.281250,97746.898438
ml,mean,-1,2026-06-05,2079.804688,10.000000,2062.454346,50.000000,-2.957031,0.001953,-218.729248,0.109365,-305700.687500,2091.876709,50.000000,-4.425781,0.005859,-593.899231,0.296950,-464279.593750,2113.422852,50.000000,-4.763672,0.003906,-401.456787,0.200728,-503771.750000,-1273751.875000,1243499.000000,914.247986,-31167.148438,126603.453125,95436.312500
ml,mean,-1,2026-06-06,2081.003662,10.000000,2062.454346,50.000000,-2.957031,0.000000,0.000000,0.000000,-305700.687500,2092.414062,50.000000,-4.425781,0.000000,0.000000,0.000000,-464391.031250,2113.902588,50.000000,-4.763672,0.000000,0.000000,0.000000,-503862.093750,-1273953.875000,1243499.000000,914.247986,-31368.921875,128727.585938,97358.671875
ml,mean,-1,2026-06-07,2079.901855,10.000000,2062.454346,50.000000,-2.957031,0.000000,0.000000,0.000000,-305700.687500,2090.176758,50.000000,-4.425781,0.000000,0.000000,0.000000,-463863.812500,2111.669189,50.000000,-4.763672,0.000000,0.000000,0.000000,-503320.656250,-1272885.250000,1243499.000000,914.247986,-30300.328125,124928.398438,94628.054688
ml,mean,-1,2026-06-08,2080.696777,10.000000,2062.454346,50.000000,-2.947266,0.009766,-1053.501343,0.526751,-304647.187500,2091.568359,50.000000,-4.418945,0.006836,-692.880615,0.346440,-463486.156250,2113.010010,50.000000,-4.756836,0.006836,-704.251648,0.352126,-502898.062500,-1271031.500000,1241048.500000,915.473267,-30898.332031,125971.265625,95072.929688
ml,mean,-1,2026-06-09,2081.337891,10.000000,2062.454346,50.000000,-2.937500,0.009766,-1026.278931,0.513139,-303620.937500,2092.402344,50.000000,-4.415039,0.003906,-399.025665,0.199513,-463252.687500,2113.782959,50.000000,-4.750977,0.005859,-603.860046,0.301930,-502478.531250,-1269352.125000,1239019.250000,916.487793,-31249.296875,126637.039062,95387.742188
ml,mean,-1,2026-06-10,2081.290527,10.000000,2062.454346,50.000000,-2.934570,0.002930,-325.014557,0.162507,-303295.875000,2091.658447,50.000000,-4.412109,0.002930,-298.027649,0.149014,-462780.687500,2112.962402,50.000000,-4.749023,0.001953,-201.830200,0.100915,-502086.500000,-1268163.125000,1238194.500000,916.900269,-30885.521484,125668.406250,94782.875000
ml,mean,-1,2026-06-11,2082.037354,10.000000,2062.454346,50.000000,-2.927734,0.006836,-744.007080,0.372004,-302551.906250,2091.594482,50.000000,-4.404297,0.007812,-794.877136,0.397438,-461959.187500,2112.864502,50.000000,-4.743164,0.005859,-604.166321,0.302083,-501442.625000,-1265953.750000,1236051.375000,917.971802,-30820.300781,126620.734375,95800.437500
ml,mean,-1,2026-06-12,2082.310059,10.000000,2062.454346,50.000000,-2.920898,0.006836,-736.529419,0.368265,-301815.343750,2091.335693,50.000000,-4.399414,0.004883,-496.837402,0.248419,-461326.656250,2112.651855,50.000000,-4.736328,0.006836,-705.387146,0.352694,-500656.343750,-1263798.375000,1234112.625000,918.941162,-30604.625000,126322.531250,95717.914062
ml,mean,-1,2026-06-13,2082.619385,10.000000,2062.454346,50.000000,-2.920898,0.000000,0.000000,0.000000,-301815.343750,2092.463623,50.000000,-4.399414,0.000000,0.000000,0.000000,-461621.125000,2113.782227,50.000000,-4.736328,0.000000,0.000000,0.000000,-500924.906250,-1264361.375000,1234112.625000,918.941162,-31167.718750,126093.062500,94925.343750
ml,mean,-1,2026-06-14,2083.254150,10.000000,2062.454346,50.000000,-2.920898,0.000000,0.000000,0.000000,-301815.343750,2093.164795,50.000000,-4.399414,0.000000,0.000000,0.000000,-461748.687500,2114.545654,50.000000,-4.736328,0.000000,0.000000,0.000000,-501109.750000,-1264673.625000,1234112.625000,918.941162,-31480.070312,126711.515625,95231.445312
ml,mean,-1,2026-06-15,2082.432129,10.000000,2062.454346,50.000000,-2.910156,0.010742,-1144.924927,0.572462,-300670.437500,2092.615967,50.000000,-4.392578,0.006836,-690.900024,0.345450,-460956.468750,2113.885498,50.000000,-4.728516,0.007812,-803.062622,0.401531,-500194.343750,-1261821.250000,1231473.625000,920.260620,-31267.699219,123773.195312,92505.476562
ml,mean,-1,2026-06-16,2082.837891,10.000000,2062.454346,50.000000,-2.901367,0.008789,-958.425598,0.479213,-299712.000000,2092.946777,50.000000,-4.388672,0.003906,-386.897888,0.193449,-460623.843750,2114.260742,50.000000,-4.723633,0.004883,-504.995148,0.252498,-499769.906250,-1260105.750000,1229623.375000,921.185791,-31403.486328,123895.648438,92492.156250
ml,mean,-1,2026-06-17,2083.918945,10.000000,2062.454346,50.000000,-2.898438,0.002930,-317.143494,0.158572,-299394.843750,2092.648682,50.000000,-4.384766,0.003906,-395.940491,0.197970,-460151.218750,2113.874023,50.000000,-4.718750,0.004883,-502.979614,0.251490,-499154.156250,-1258700.250000,1228407.375000,921.793762,-31214.625000,125619.421875,94404.796875
ml,mean,-1,2026-06-18,2085.037842,10.000000,2062.454346,50.000000,-2.892578,0.005859,-630.338867,0.315169,-298764.500000,2094.009277,50.000000,-4.379883,0.004883,-495.231720,0.247616,-459990.187500,2115.091309,50.000000,-4.711914,0.006836,-705.869690,0.352935,-498731.500000,-1257486.250000,1226575.875000,922.709473,-31832.990234,127433.679688,95600.703125
ml,mean,-1,2026-06-19,2086.192139,10.000000,2062.454346,50.000000,-2.892578,0.000000,0.000000,0.000000,-298764.500000,2094.869141,50.000000,-4.379883,0.000000,0.000000,0.000000,-460213.187500,2115.914307,50.000000,-4.711914,0.000000,0.000000,0.000000,-498910.125000,-1257887.750000,1226575.875000,922.709473,-32234.593750,129336.828125,97102.242188
ml,mean,-1,2026-06-20,2087.446289,10.000000,2062.454346,50.000000,-2.892578,0.000000,0.000000,0.000000,-298764.500000,2096.292480,50.000000,-4.379883,0.000000,0.000000,0.000000,-460524.062500,2117.302002,50.000000,-4.711914,0.000000,0.000000,0.000000,-499222.031250,-1258510.500000,1226575.875000,922.709473,-32857.378906,131567.125000,98709.726562
ml,mean,-1,2026-06-21,2087.350830,10.000000,2062.454346,50.000000,-2.892578,0.000000,0.000000,0.000000,-298764.500000,2095.406494,50.000000,-4.379883,0.000000,0.000000,0.000000,-460295.937500,2116.397217,50.000000,-4.711914,0.000000,0.000000,0.000000,-499000.656250,-1258061.125000,1226575.875000,922.709473,-32407.888672,130390.226562,97982.343750
ml,mean,-1,2026-06-22,2088.844238,10.000000,2062.454346,50.000000,-2.880859,0.011719,-1222.913574,0.611457,-297541.625000,2096.770752,50.000000,-4.369141,0.010742,-1083.230469,0.541615,-459519.593750,2117.733887,50.000000,-4.703125,0.008789,-904.629028,0.452315,-498404.593750,-1255465.750000,1223365.250000,924.314880,-33024.914062,133200.750000,100175.851562
ml,mean,-1,2026-06-23,2090.060791,10.000000,2062.454346,50.000000,-2.875000,0.005859,-591.922791,0.295961,-296949.687500,2097.665527,50.000000,-4.361328,0.007812,-792.334106,0.396167,-458919.562500,2118.549805,50.000000,-4.698242,0.004883,-499.509735,0.249755,-498103.812500,-1253973.000000,1221481.500000,925.256775,-33416.855469,135216.312500,101799.453125
ml,mean,-1,2026-06-24,2090.397705,10.000000,2062.454346,50.000000,-2.867188,0.007812,-790.932190,0.395466,-296158.750000,2098.014160,50.000000,-4.356445,0.004883,-496.902069,0.248451,-458484.312500,2118.931396,50.000000,-4.693359,0.004883,-501.833038,0.250917,-497658.812500,-1252301.875000,1219691.750000,926.151611,-33536.261719,135078.437500,101542.195312
ml,mean,-1,2026-06-25,2090.554688,10.000000,2062.454346,50.000000,-2.863281,0.003906,-398.597992,0.199299,-295760.156250,2098.474365,50.000000,-4.352539,0.003906,-394.497192,0.197249,-458176.156250,2119.284180,50.000000,-4.688477,0.004883,-501.378479,0.250689,-497226.375000,-1251162.625000,1218397.250000,926.798889,-33692.257812,134494.906250,100802.640625
ml,mean,-1,2026-06-26,2090.155518,10.000000,2062.454346,50.000000,-2.854492,0.008789,-898.330688,0.449165,-294861.812500,2096.563477,50.000000,-4.347656,0.004883,-499.029510,0.249515,-457262.250000,2117.255859,50.000000,-4.682617,0.005859,-603.171814,0.301586,-496126.062500,-1248250.125000,1216396.625000,927.799072,-32781.214844,132503.078125,99721.875000
ml,mean,-1,2026-06-27,2091.482422,10.000000,2062.454346,50.000000,-2.854492,0.000000,0.000000,0.000000,-294861.812500,2097.756836,50.000000,-4.347656,0.000000,0.000000,0.000000,-457540.937500,2118.469238,50.000000,-4.682617,0.000000,0.000000,0.000000,-496368.125000,-1248771.000000,1216396.625000,927.799072,-33302.007812,134857.250000,101555.234375
ml,mean,-1,2026-06-28,2092.441162,10.000000,2062.454346,50.000000,-2.854492,0.000000,0.000000,0.000000,-294861.812500,2098.912598,50.000000,-4.347656,0.000000,0.000000,0.000000,-457799.000000,2119.636475,50.000000,-4.682617,0.000000,0.000000,0.000000,-496637.250000,-1249298.125000,1216396.625000,927.799072,-33829.117188,136282.859375,102453.734375
ml,mean,-1,2026-06-29,2092.649170,10.000000,2062.454346,50.000000,-2.847656,0.006836,-686.578064,0.343289,-294175.281250,2098.999268,50.000000,-4.342773,0.004883,-490.712341,0.245356,-457276.875000,2119.731934,50.000000,-4.678711,0.003906,-402.679596,0.201340,-496215.187500,-1247667.375000,1214816.750000,928.589111,-33779.148438,135799.609375,102020.468750
ml,mean,-1,2026-06-30,2093.579590,10.000000,2062.454346,50.000000,-2.845703,0.001953,-196.150879,0.098075,-293979.125000,2099.354248,50.000000,-4.333984,0.008789,-891.596863,0.445798,-456436.906250,2119.991455,50.000000,-4.673828,0.004883,-503.202332,0.251601,-495759.875000,-1246176.000000,1213225.875000,929.384521,-33879.496094,137148.375000,103268.882812
ml,mean,-1,2026-07-01,2093.629395,10.000000,2062.454346,50.000000,-2.843750,0.001953,-195.361176,0.097681,-293783.750000,2099.608643,50.000000,-4.329102,0.004883,-493.768280,0.246884,-455997.718750,2120.161621,50.000000,-4.667969,0.005859,-600.324402,0.300162,-495193.093750,-1244974.625000,1211936.500000,930.029358,-33968.261719,136295.796875,102327.531250
ml,mean,-1,2026-07-02,2094.036377,10.000000,2062.454346,50.000000,-2.836914,0.006836,-677.159180,0.338580,-293106.593750,2099.692383,50.000000,-4.321289,0.007812,-795.952576,0.397976,-455245.000000,2120.329590,50.000000,-4.662109,0.005859,-601.647888,0.300824,-494630.593750,-1242982.125000,1209861.625000,931.066650,-34051.609375,136350.187500,102298.562500
ml,mean,-1,2026-07-03,2094.086914,10.000000,2062.454346,50.000000,-2.831055,0.005859,-571.907227,0.285954,-292534.687500,2099.906738,50.000000,-4.317383,0.003906,-392.946594,0.196473,-454888.375000,2120.550293,50.000000,-4.658203,0.003906,-397.992981,0.198996,-494253.031250,-1241676.125000,1208498.750000,931.748047,-34109.097656,135602.968750,101493.867188
ml,mean,-1,2026-07-04,2094.540283,10.000000,2062.454346,50.000000,-2.831055,0.000000,0.000000,0.000000,-292534.687500,2099.588867,50.000000,-4.317383,0.000000,0.000000,0.000000,-454800.406250,2120.081299,50.000000,-4.658203,0.000000,0.000000,0.000000,-494129.562500,-1241464.750000,1208498.750000,931.748047,-33897.699219,135726.562500,101828.867188
ml,mean,-1,2026-07-05,2095.430420,10.000000,2062.454346,50.000000,-2.831055,0.000000,0.000000,0.000000,-292534.687500,2100.608643,50.000000,-4.317383,0.000000,0.000000,0.000000,-455038.906250,2121.136963,50.000000,-4.658203,0.000000,0.000000,0.000000,-494382.906250,-1241956.500000,1208498.750000,931.748047,-34389.433594,136813.250000,102423.812500
ml,mean,-1,2026-07-06,2095.819336,10.000000,2062.454346,50.000000,-2.822266,0.008789,-868.252869,0.434126,-291666.406250,2100.016846,50.000000,-4.308594,0.008789,-889.989990,0.444995,-454019.937500,2120.430664,50.000000,-4.652344,0.005859,-603.044312,0.301522,-493618.062500,-1239304.375000,1206137.500000,932.928772,-34099.855469,136793.484375,102693.625000
ml,mean,-1,2026-07-07,2096.982422,10.000000,2062.454346,50.000000,-2.819336,0.002930,-291.082306,0.145541,-291375.343750,2101.154297,50.000000,-4.303711,0.004883,-492.190247,0.246095,-453788.531250,2121.454590,50.000000,-4.648438,0.003906,-397.846710,0.198923,-493465.250000,-1238629.125000,1204956.375000,933.519287,-34606.300781,138385.078125,103778.781250
ml,mean,-1,2026-07-08,2098.122314,10.000000,2062.454346,50.000000,-2.813477,0.005859,-575.560425,0.287780,-290799.812500,2101.417480,50.000000,-4.294922,0.008789,-893.180298,0.446590,-452911.406250,2121.764404,50.000000,-4.640625,0.007812,-798.676880,0.399338,-492756.437500,-1236467.625000,1202689.000000,934.652954,-34713.312500,139860.218750,105146.921875
ml,mean,-1,2026-07-09,2097.269531,10.000000,2062.454346,50.000000,-2.808594,0.004883,-496.375305,0.248188,-290303.406250,2100.703857,50.000000,-4.290039,0.004883,-493.911072,0.246956,-452281.531250,2120.993164,50.000000,-4.633789,0.006836,-695.764404,0.347882,-491859.562500,-1234444.500000,1201002.750000,935.496094,-34377.132812,137586.640625,103209.515625
ml,mean,-1,2026-07-10,2097.449219,10.000000,2062.454346,50.000000,-2.802734,0.005859,-579.055420,0.289528,-289724.343750,2100.998535,50.000000,-4.285156,0.004883,-495.200684,0.247600,-451862.375000,2121.324219,50.000000,-4.630859,0.002930,-303.129944,0.151565,-491675.031250,-1233261.750000,1199625.500000,936.184692,-34572.460938,137233.312500,102660.843750
ml,mean,-1,2026-07-11,2097.128418,10.000000,2062.454346,50.000000,-2.802734,0.000000,0.000000,0.000000,-289724.343750,2100.128906,50.000000,-4.285156,0.000000,0.000000,0.000000,-451640.937500,2120.351318,50.000000,-4.630859,0.000000,0.000000,0.000000,-491432.156250,-1232797.375000,1199625.500000,936.184692,-34108.113281,136086.984375,101978.875000
ml,mean,-1,2026-07-12,2097.587646,10.000000,2062.454346,50.000000,-2.802734,0.000000,0.000000,0.000000,-289724.343750,2100.641602,50.000000,-4.285156,0.000000,0.000000,0.000000,-451719.468750,2120.813965,50.000000,-4.630859,0.000000,0.000000,0.000000,-491502.250000,-1232946.000000,1199625.500000,936.184692,-34256.753906,136193.671875,101936.914062
ml,mean,-1,2026-07-13,2098.209229,10.000000,2062.454346,50.000000,-2.796875,0.005859,-578.253296,0.289127,-289146.125000,2101.498779,50.000000,-4.279297,0.005859,-587.257324,0.293629,-451339.625000,2121.655273,50.000000,-4.621094,0.009766,-1004.674438,0.502337,-490716.062500,-1231201.750000,1197455.250000,937.269836,-34683.726562,136567.046875,101883.328125
ml,mean,-1,2026-07-14,2099.472900,10.000000,2062.454346,50.000000,-2.791016,0.005859,-568.568726,0.284284,-288577.531250,2101.559326,50.000000,-4.272461,0.006836,-684.640320,0.342320,-450721.343750,2121.688232,50.000000,-4.619141,0.001953,-199.786896,0.099893,-490558.843750,-1229857.625000,1196002.375000,937.996399,-34793.343750,137885.906250,103092.546875
ml,mean,-1,2026-07-15,2099.926270,10.000000,2062.454346,50.000000,-2.785156,0.005859,-580.002563,0.290001,-287997.531250,2102.427246,50.000000,-4.263672,0.008789,-887.236145,0.443618,-450037.718750,2122.613281,50.000000,-4.618164,0.000977,-100.488411,0.050244,-490685.812500,-1228721.000000,1194434.500000,938.780212,-35225.281250,137974.203125,102748.921875
ml,mean,-1,2026-07-16,2099.880371,10.000000,2062.454346,50.000000,-2.780273,0.004883,-482.557983,0.241279,-287514.937500,2101.606201,50.000000,-4.257812,0.005859,-590.909790,0.295455,-449320.218750,2121.735840,50.000000,-4.605469,0.012695,-1302.371216,0.651186,-489213.312500,-1226048.500000,1192058.750000,939.968140,-34929.730469,137412.750000,102483.015625
ml,mean,-1,2026-07-17,2099.354980,10.000000,2062.454346,50.000000,-2.774414,0.005859,-579.894897,0.289947,-286935.062500,2101.471436,50.000000,-4.254883,0.002930,-299.747498,0.149874,-448973.593750,2121.596924,50.000000,-4.597656,0.007812,-799.775452,0.399888,-488365.812500,-1224274.500000,1190379.250000,940.807922,-34835.992188,136319.031250,101483.039062
ml,mean,-1,2026-07-18,2100.778809,10.000000,2062.454346,50.000000,-2.774414,0.000000,0.000000,0.000000,-286935.062500,2103.034180,50.000000,-4.254883,0.000000,0.000000,0.000000,-449287.093750,2123.153809,50.000000,-4.597656,0.000000,0.000000,0.000000,-488729.781250,-1224952.000000,1190379.250000,940.807922,-35513.433594,137448.062500,101934.625000
ml,mean,-1,2026-07-19,2101.047852,10.000000,2062.454346,50.000000,-2.774414,0.000000,0.000000,0.000000,-286935.062500,2102.898193,50.000000,-4.254883,0.000000,0.000000,0.000000,-449247.562500,2122.942871,50.000000,-4.597656,0.000000,0.000000,0.000000,-488696.968750,-1224879.625000,1190379.250000,940.807922,-35441.097656,137323.984375,101882.882812
ml,mean,-1,2026-07-20,2100.837646,10.000000,2062.454346,50.000000,-2.765625,0.008789,-862.582703,0.431291,-286072.500000,2102.220459,50.000000,-4.243164,0.011719,-1188.942383,0.594471,-447944.250000,2122.234131,50.000000,-4.594727,0.002930,-296.659363,0.148330,-488256.062500,-1222272.750000,1188031.250000,941.981934,-35183.597656,136671.531250,101487.953125
ml,mean,-1,2026-07-21,2101.330322,10.000000,2062.454346,50.000000,-2.763672,0.001953,-200.163345,0.100082,-285872.343750,2104.227295,50.000000,-4.232422,0.010742,-1091.013184,0.545507,-447305.312500,2124.279053,50.000000,-4.589844,0.004883,-503.845398,0.251923,-488236.812500,-1221414.500000,1186236.125000,942.879395,-36121.238281,136776.828125,100655.585938
ml,mean,-1,2026-07-22,2101.401367,10.000000,2062.454346,50.000000,-2.761719,0.001953,-182.720245,0.091360,-285689.593750,2103.225098,50.000000,-4.224609,0.007812,-782.570007,0.391285,-446283.468750,2123.223145,50.000000,-4.587891,0.001953,-201.186462,0.100593,-487779.281250,-1219752.375000,1185069.625000,943.462708,-35626.167969,136503.281250,100877.125000
ml,mean,-1,2026-07-23,2102.762451,10.000000,2062.454346,50.000000,-2.754883,0.006836,-690.672791,0.345336,-284998.937500,2104.370605,50.000000,-4.218750,0.005859,-585.545654,0.292773,-445965.906250,2124.423828,50.000000,-4.583984,0.003906,-404.340637,0.202170,-487648.593750,-1218613.500000,1183389.000000,944.302979,-36168.664062,137246.828125,101078.179688
ml,mean,-1,2026-07-24,2103.262207,10.000000,2062.454346,50.000000,-2.753906,0.000977,-98.286629,0.049143,-284900.656250,2104.541016,50.000000,-4.211914,0.006836,-684.470581,0.342235,-445277.812500,2124.601807,50.000000,-4.582031,0.001953,-193.800674,0.096900,-487445.843750,-1217624.250000,1182412.375000,944.791260,-36156.542969,137326.031250,101169.484375
ml,mean,-1,2026-07-25,2103.539551,10.000000,2062.454346,50.000000,-2.753906,0.000000,0.000000,0.000000,-284900.656250,2104.974365,50.000000,-4.211914,0.000000,0.000000,0.000000,-445357.718750,2125.005127,50.000000,-4.582031,0.000000,0.000000,0.000000,-487537.281250,-1217795.625000,1182412.375000,944.791260,-36327.945312,137273.390625,100945.460938
ml,mean,-1,2026-07-26,2103.852539,10.000000,2062.454346,50.000000,-2.753906,0.000000,0.000000,0.000000,-284900.656250,2104.319580,50.000000,-4.211914,0.000000,0.000000,0.000000,-445213.406250,2124.320801,50.000000,-4.582031,0.000000,0.000000,0.000000,-487413.718750,-1217527.750000,1182412.375000,944.791260,-36060.031250,137239.593750,101179.554688
ml,mean,-1,2026-07-27,2104.474854,10.000000,2062.454346,50.000000,-2.743164,0.010742,-1074.766968,0.537383,-283825.875000,2104.270508,50.000000,-4.204102,0.007812,-784.231628,0.392116,-444420.875000,2124.259521,50.000000,-4.577148,0.004883,-503.955414,0.251978,-486882.437500,-1215129.125000,1180049.625000,945.972717,-36025.601562,137375.859375,101350.250000
ml,mean,-1,2026-07-28,2105.796631,10.000000,2062.454346,50.000000,-2.736328,0.006836,-692.285156,0.346143,-283133.593750,2106.763428,50.000000,-4.197266,0.006836,-683.704163,0.341852,-444260.562500,2126.755371,50.000000,-4.570312,0.006836,-692.641602,0.346321,-486747.812500,-1214142.000000,1177980.875000,947.006958,-37107.964844,137790.734375,100682.757812
ml,mean,-1,2026-07-29,2105.693848,10.000000,2062.454346,50.000000,-2.736328,0.000000,0.000000,0.000000,-283133.593750,2106.055908,50.000000,-3.635742,0.561523,-58661.093750,29.330544,-385431.093750,2126.083740,50.000000,-4.567383,0.002930,-300.893219,0.150447,-486323.437500,-1154888.125000,1119019.000000,976.487915,-36845.664062,137641.500000,100795.835938
ml,mean,-1,2026-07-30,2107.762207,10.000000,2062.454346,50.000000,-2.735352,0.000977,-99.571999,0.049786,-283034.000000,2106.055908,50.000000,-3.455078,0.180664,-18929.843750,9.464921,-366501.250000,2128.613037,50.000000,-4.564453,0.002930,-302.606476,0.151303,-486574.656250,-1136109.875000,1099686.875000,986.154053,-37409.105469,138017.921875,100608.820312
ml,mean,-1,2026-07-31,2108.201660,10.000000,2062.454346,50.000000,-2.735352,0.000000,0.000000,0.000000,-283034.000000,2106.055908,50.000000,-3.433594,0.021484,-2192.799072,1.096400,-364308.468750,2127.528809,50.000000,-4.561523,0.002930,-301.860260,0.150930,-486039.781250,-1133382.250000,1097192.250000,987.401367,-37177.367188,138055.718750,100878.343750
ml,mean,-1,2026-08-01,2108.789795,10.000000,2062.454346,50.000000,-2.735352,0.000000,0.000000,0.000000,-283034.000000,2106.055908,50.000000,-3.433594,0.000000,0.000000,0.000000,-364308.468750,2128.062012,50.000000,-4.561523,0.000000,0.000000,0.000000,-486185.156250,-1133527.750000,1097192.250000,987.401367,-37322.785156,138069.656250,100746.875000
ml,mean,-1,2026-08-02,2109.856934,10.000000,2062.454346,50.000000,-2.735352,0.000000,0.000000,0.000000,-283034.000000,2106.055908,50.000000,-3.433594,0.000000,0.000000,0.000000,-364308.468750,2129.302246,50.000000,-4.561523,0.000000,0.000000,0.000000,-486482.750000,-1133825.125000,1097192.250000,987.401367,-37620.351562,138083.828125,100463.484375
ml,mean,-1,2026-08-03,2110.334961,10.000000,2062.454346,50.000000,-2.735352,0.000000,0.000000,0.000000,-283034.000000,2106.055908,50.000000,-3.413086,0.020508,-2061.973389,1.030987,-362246.500000,2129.334717,50.000000,-4.558594,0.002930,-300.970398,0.150485,-486185.937500,-1131466.500000,1094829.375000,988.582886,-37625.667969,138098.078125,100472.414062
ml,mean,-1,2026-08-04,2110.677490,10.000000,2062.454346,50.000000,-2.735352,0.000000,0.000000,0.000000,-283034.000000,2106.055908,50.000000,-3.401367,0.011719,-1144.892456,0.572446,-361101.593750,2129.676758,50.000000,-4.556641,0.001953,-200.501175,0.100251,-486045.093750,-1130180.625000,1093484.000000,989.255493,-37686.019531,138112.218750,100426.226562
ml,mean,-1,2026-08-05,2112.200928,10.000000,2062.454346,50.000000,-2.734375,0.000977,-90.177887,0.045089,-282943.843750,2106.055908,50.000000,-3.385742,0.015625,-1688.090576,0.844045,-359413.500000,2130.649170,50.000000,-4.551758,0.004883,-502.204102,0.251102,-485762.718750,-1128120.000000,1091203.625000,990.395813,-37906.984375,138126.437500,100219.445312
ml,mean,-1,2026-08-06,2114.760498,10.000000,2062.454346,50.000000,-2.731445,0.002930,-308.246796,0.154123,-282635.593750,2106.055908,50.000000,-3.333008,0.052734,-4944.645020,2.472322,-354468.875000,2133.265625,50.000000,-4.543945,0.007812,-798.522461,0.399261,-485557.562500,-1122661.875000,1085152.000000,993.421448,-38503.355469,138126.437500,99623.070312
ml,mean,-1,2026-08-07,2115.013428,10.000000,2062.454346,50.000000,-2.731445,0.000000,0.000000,0.000000,-282635.593750,2106.055908,50.000000,-3.332031,0.000977,-99.145729,0.049573,-354369.718750,2132.671143,50.000000,-4.537109,0.006836,-691.286133,0.345643,-484723.531250,-1121728.875000,1084361.625000,993.816711,-38361.023438,138126.437500,99765.414062
ml,mean,-1,2026-08-08,2115.416504,10.000000,2062.454346,50.000000,-2.731445,0.000000,0.000000,0.000000,-282635.593750,2106.055908,50.000000,-3.332031,0.000000,0.000000,0.000000,-354369.718750,2133.842773,50.000000,-4.537109,0.000000,0.000000,0.000000,-484989.437500,-1121994.750000,1084361.625000,993.816711,-38626.949219,138126.437500,99499.484375
ml,mean,-1,2026-08-09,2115.652100,10.000000,2062.454346,50.000000,-2.731445,0.000000,0.000000,0.000000,-282635.593750,2106.055908,50.000000,-3.332031,0.000000,0.000000,0.000000,-354369.718750,2133.302002,50.000000,-4.537109,0.000000,0.000000,0.000000,-484867.062500,-1121872.500000,1084361.625000,993.816711,-38504.636719,138126.437500,99621.796875
ml,mean,-1,2026-08-10,2115.825195,10.000000,2062.454346,50.000000,-2.730469,0.000977,-97.388260,0.048694,-282538.218750,2106.055908,50.000000,-3.324219,0.007812,-805.524719,0.402762,-353564.187500,2133.555176,50.000000,-4.534180,0.002930,-297.117554,0.148559,-484586.062500,-1120688.500000,1083161.625000,994.416626,-38521.242188,138126.437500,99605.179688
ml,mean,-1,2026-08-11,2117.024658,10.000000,2062.454346,50.000000,-2.719727,0.010742,-1093.536255,0.546768,-281444.687500,2106.055908,50.000000,-3.295898,0.028320,-3097.444580,1.548722,-350466.750000,2134.173828,50.000000,-4.529297,0.004883,-501.269836,0.250635,-484237.406250,-1116148.750000,1078469.375000,996.762756,-38676.214844,138126.437500,99450.210938
ml,mean,-1,2026-08-12,2118.106445,10.000000,2062.454346,50.000000,-2.717773,0.001953,-201.183319,0.100592,-281243.500000,2106.055908,50.000000,-3.291016,0.004883,-550.026855,0.275013,-349916.750000,2135.224854,50.000000,-4.524414,0.004883,-498.366241,0.249183,-483986.656250,-1115146.750000,1077219.750000,997.387573,-38924.472656,138126.437500,99201.953125
ml,mean,-1,2026-08-13,2119.073730,10.000000,2062.454346,50.000000,-2.716797,0.000977,-100.955772,0.050478,-281142.531250,2106.055908,50.000000,-3.289062,0.001953,-214.463959,0.107232,-349702.281250,2135.519287,50.000000,-4.519531,0.004883,-501.610107,0.250805,-483569.031250,-1114413.750000,1076402.750000,997.796082,-39008.898438,138126.437500,99117.523438
ml,mean,-1,2026-08-14,2121.851074,10.000000,2062.454346,50.000000,-2.716797,0.000000,0.000000,0.000000,-281142.531250,2106.055908,50.000000,-3.285156,0.003906,-436.363495,0.218182,-349265.875000,2138.468018,50.000000,-4.513672,0.005859,-603.259338,0.301630,-483639.750000,-1114048.250000,1075363.125000,998.315918,-39683.390625,138126.437500,98443.046875
ml,mean,-1,2026-08-15,2124.048584,10.000000,2062.454346,50.000000,-2.716797,0.000000,0.000000,0.000000,-281142.531250,2106.055908,50.000000,-3.285156,0.000000,0.000000,0.000000,-349265.875000,2141.804932,50.000000,-4.513672,0.000000,0.000000,0.000000,-484389.406250,-1114797.750000,1075363.125000,998.315918,-40433.031250,138126.437500,97693.406250
ml,mean,-1,2026-08-16,2125.158691,10.000000,2062.454346,50.000000,-2.716797,0.000000,0.000000,0.000000,-281142.531250,2106.055908,50.000000,-3.285156,0.000000,0.000000,0.000000,-349265.875000,2142.005859,50.000000,-4.513672,0.000000,0.000000,0.000000,-484405.000000,-1114813.500000,1075363.125000,998.315918,-40448.625000,138126.437500,97677.804688
ml,mean,-1,2026-08-17,2126.489746,10.000000,2062.454346,50.000000,-2.714844,0.001953,-197.451569,0.098726,-280945.062500,2106.055908,50.000000,-3.284180,0.000977,-110.488937,0.055244,-349155.375000,2144.272461,50.000000,-4.508789,0.004883,-501.883942,0.250942,-484380.812500,-1114481.375000,1074553.250000,998.720825,-40926.734375,138126.437500,97199.703125
ml,mean,-1,2026-08-18,2127.657471,10.000000,2062.454346,50.000000,-2.714844,0.000000,0.000000,0.000000,-280945.062500,2106.055908,50.000000,-3.284180,0.000000,0.000000,0.000000,-349155.375000,2143.935303,50.000000,-4.504883,0.003906,-402.417053,0.201209,-483895.687500,-1113996.125000,1074150.875000,998.922058,-40844.183594,138126.437500,97282.250000
ml,mean,-1,2026-08-19,2127.023682,10.000000,2062.454346,50.000000,-2.714844,0.000000,0.000000,0.000000,-280945.062500,2106.055908,50.000000,-3.282227,0.001953,-192.738373,0.096369,-348962.656250,2142.600342,50.000000,-4.500977,0.003906,-403.624634,0.201812,-483147.000000,-1113054.750000,1073554.375000,999.220276,-40499.425781,138126.437500,97627.000000
ml,mean,-1,2026-08-20,2128.303955,10.000000,2062.454346,50.000000,-2.714844,0.000000,0.000000,0.000000,-280945.062500,2106.055908,50.000000,-3.282227,0.000000,0.000000,0.000000,-348962.656250,2142.771973,50.000000,-4.496094,0.004883,-501.227997,0.250614,-482648.562500,-1112556.375000,1073053.250000,999.470886,-40502.511719,138126.437500,97623.906250
ml,mean,-1,2026-08-21,2127.314941,10.000000,2062.454346,50.000000,-2.712891,0.001953,-198.894821,0.099447,-280746.156250,2106.055908,50.000000,-3.268555,0.013672,-1239.319702,0.619660,-347723.312500,2141.506348,50.000000,-4.491211,0.004883,-487.687622,0.243844,-481868.937500,-1110338.375000,1071127.375000,1000.433777,-40211.515625,138126.437500,97914.914062
ml,mean,-1,2026-08-22,2128.158447,10.000000,2062.454346,50.000000,-2.712891,0.000000,0.000000,0.000000,-280746.156250,2106.055908,50.000000,-3.268555,0.000000,0.000000,0.000000,-347723.312500,2143.518555,50.000000,-4.491211,0.000000,0.000000,0.000000,-482349.187500,-1110818.625000,1071127.375000,1000.433777,-40691.769531,138126.437500,97434.656250
ml,mean,-1,2026-08-23,2129.222656,10.000000,2062.454346,50.000000,-2.712891,0.000000,0.000000,0.000000,-280746.156250,2106.055908,50.000000,-3.268555,0.000000,0.000000,0.000000,-347723.312500,2144.154541,50.000000,-4.491211,0.000000,0.000000,0.000000,-482420.843750,-1110890.375000,1071127.375000,1000.433777,-40763.414062,138126.437500,97363.015625
ml,mean,-1,2026-08-24,2129.734619,10.000000,2062.454346,50.000000,0.783203,3.496094,-363089.281250,181.544617,82343.078125,2106.055908,50.000000,0.049805,3.318359,-357963.000000,178.981476,10239.625977,2144.341553,50.000000,-3.644531,0.846680,-89259.617188,44.629810,-393249.062500,-300666.281250,260815.531250,1405.589722,-41256.394531,138126.437500,96870.039062
ml,mean,-1,2026-08-25,2129.909668,10.000000,2062.454346,50.000000,-4.215820,-4.999023,516428.156250,262.668945,-434085.093750,2106.055908,50.000000,-2.819336,-2.869141,295830.093750,161.783279,-285590.468750,2144.683838,50.000000,-2.288086,1.356445,-150199.406250,75.099693,-243117.515625,-962793.000000,922874.375000,1905.141602,-41823.812500,138126.437500,96302.625000
ml,mean,-1,2026-08-26,2128.270508,10.000000,2062.454346,50.000000,-0.374023,3.841797,-397552.687500,206.416687,-36532.378906,2106.055908,50.000000,-0.557617,2.261719,-232300.843750,122.928596,-53289.625000,2142.550049,50.000000,-2.005859,0.282227,-33218.859375,25.246819,-209716.000000,-299538.000000,259802.000000,2259.733887,-41995.765625,138126.437500,96130.656250
ml,mean,-1,2026-08-27,2129.011963,10.000000,2062.454346,50.000000,-0.315430,0.058594,-5730.254883,2.865128,-30802.125000,2106.055908,50.000000,-0.512695,0.044922,-5383.679688,2.691840,-47905.945312,2143.892822,50.000000,-1.741211,0.264648,-29765.490234,14.882745,-180143.390625,-258851.484375,218922.546875,2280.173584,-42209.101562,138126.437500,95917.328125
ml,mean,-1,2026-08-28,2129.690186,10.000000,2062.454346,50.000000,-0.315430,0.000000,0.000000,0.000000,-30802.125000,2106.055908,50.000000,-0.511719,0.000977,-93.179588,0.046590,-47812.765625,2143.040527,50.000000,-1.633789,0.107422,-11950.192383,7.304336,-168069.640625,-246684.531250,206879.171875,2287.524170,-42092.867188,138126.437500,96033.562500
ml,mean,-1,2026-08-29,2129.877930,10.000000,2062.454346,50.000000,-0.315430,0.000000,0.000000,0.000000,-30802.125000,2106.055908,50.000000,-0.511719,0.000000,0.000000,0.000000,-47812.765625,2143.342285,50.000000,-1.633789,0.000000,0.000000,0.000000,-168199.062500,-246813.937500,206879.171875,2287.524170,-42222.285156,138126.437500,95904.140625
ml,mean,-1,2026-08-30,2131.382324,10.000000,2062.454346,50.000000,-0.315430,0.000000,0.000000,0.000000,-30802.125000,2106.055908,50.000000,-0.511719,0.000000,0.000000,0.000000,-47812.765625,2144.463135,50.000000,-1.633789,0.000000,0.000000,0.000000,-168242.359375,-246857.250000,206879.171875,2287.524170,-42265.593750,138126.437500,95860.835938
ml,mean,-1,2026-08-31,2131.048340,10.000000,2062.454346,50.000000,-0.315430,0.000000,0.000000,0.000000,-30802.125000,2106.055908,50.000000,-0.511719,0.000000,0.000000,0.000000,-47812.765625,2143.769043,50.000000,-1.570312,0.063477,-7051.622070,4.307599,-161117.500000,-239732.406250,199827.546875,2291.832031,-42196.656250,138126.437500,95929.765625
ml,mean,-1,2026-09-01,2132.408203,10.000000,2062.454346,50.000000,-0.315430,0.000000,0.000000,0.000000,-30802.125000,2106.055908,50.000000,-0.511719,0.000000,0.000000,0.000000,-47812.765625,2145.660400,50.000000,-1.530273,0.040039,-4820.878418,3.223588,-156480.812500,-235095.718750,195006.687500,2295.055664,-42384.093750,138126.437500,95742.343750
ml,mean,-1,2026-09-02,2132.847656,10.000000,2062.454346,50.000000,-0.315430,0.000000,0.000000,0.000000,-30802.125000,2106.055908,50.000000,-0.511719,0.000000,0.000000,0.000000,-47812.765625,2145.187012,50.000000,-1.516602,0.013672,-1612.423462,1.625860,-154846.578125,-233461.453125,193394.250000,2296.681396,-42363.898438,138126.437500,95762.531250
ml,mean,-1,2026-09-03,2132.977539,10.000000,2062.454346,50.000000,-0.315430,0.000000,0.000000,0.000000,-30802.125000,2106.055908,50.000000,-0.511719,0.000000,0.000000,0.000000,-47812.765625,2145.141846,50.000000,-1.479492,0.037109,-4338.937500,2.953684,-150404.234375,-229019.125000,189055.312500,2299.635010,-42263.433594,138126.437500,95863.000000
ml,mean,-1,2026-09-04,2133.374023,10.000000,2062.454346,50.000000,-0.315430,0.000000,0.000000,0.000000,-30802.125000,2106.055908,50.000000,-0.511719,0.000000,0.000000,0.000000,-47812.765625,2145.798584,50.000000,-1.466797,0.012695,-1472.545044,2.366949,-149050.109375,-227665.000000,187582.765625,2302.002197,-42384.222656,138126.437500,95742.203125
ml,mean,-1,2026-09-05,2132.821045,10.000000,2062.454346,50.000000,-0.315430,0.000000,0.000000,0.000000,-30802.125000,2106.055908,50.000000,-0.511719,0.000000,0.000000,0.000000,-47812.765625,2144.590820,50.000000,-1.466797,0.000000,0.000000,0.000000,-149023.750000,-227638.625000,187582.765625,2302.002197,-42357.867188,138126.437500,95768.546875
ml,mean,-1,2026-09-06,2132.562744,10.000000,2062.454346,50.000000,-0.315430,0.000000,0.000000,0.000000,-30802.125000,2106.055908,50.000000,-0.511719,0.000000,0.000000,0.000000,-47812.765625,2143.645996,50.000000,-1.466797,0.000000,0.000000,0.000000,-148991.437500,-227606.343750,187582.765625,2302.002197,-42325.562500,138126.437500,95800.875000
ml,mean,-1,2026-09-07,2132.193359,10.000000,2062.454346,50.000000,-0.315430,0.000000,0.000000,0.000000,-30802.125000,2106.055908,50.000000,-0.511719,0.000000,0.000000,0.000000,-47812.765625,2142.700195,50.000000,-1.466797,0.000000,0.000000,0.000000,-148970.265625,-227585.140625,187582.765625,2302.002197,-42304.375000,138126.437500,95822.046875
ml,mean,-1,2026-09-08,2132.042236,10.000000,2062.454346,50.000000,-0.315430,0.000000,0.000000,0.000000,-30802.125000,2106.055908,50.000000,-0.511719,0.000000,0.000000,0.000000,-47812.765625,2142.606445,50.000000,-1.447266,0.019531,-2221.113037,1.922489,-146874.968750,-225489.875000,185361.671875,2303.924805,-42432.132812,138126.437500,95694.281250
ml,mean,-1,2026-09-09,2132.868408,10.000000,2062.454346,50.000000,-0.315430,0.000000,0.000000,0.000000,-30802.125000,2106.055908,50.000000,-0.511719,0.000000,0.000000,0.000000,-47812.765625,2143.299316,50.000000,-1.438477,0.008789,-999.795166,1.319550,-145825.875000,-224440.765625,184361.875000,2305.244141,-42384.128906,138126.437500,95742.296875
ml,mean,-1,2026-09-10,2134.814453,10.000000,2062.454346,50.000000,-0.315430,0.000000,0.000000,0.000000,-30802.125000,2106.055908,50.000000,-0.511719,0.000000,0.000000,0.000000,-47812.765625,2146.112061,50.000000,-1.436523,0.001953,-272.393677,1.790127,-145684.468750,-224299.343750,184089.484375,2307.034180,-42516.921875,138126.437500,95609.507812
ml,mean,-1,2026-09-11,2134.917969,10.000000,2062.454346,50.000000,-0.315430,0.000000,0.000000,0.000000,-30802.125000,2106.055908,50.000000,-0.511719,0.000000,0.000000,0.000000,-47812.765625,2145.859863,50.000000,-1.440430,-0.003906,369.803711,1.462818,-145931.078125,-224545.968750,184459.281250,2308.497070,-42395.203125,138126.437500,95731.226562
ml,mean,-1,2026-09-12,2136.962158,10.000000,2062.454346,50.000000,-0.315430,0.000000,0.000000,0.000000,-30802.125000,2106.055908,50.000000,-0.511719,0.000000,0.000000,0.000000,-47812.765625,2148.272461,50.000000,-1.440430,0.000000,0.000000,0.000000,-146043.046875,-224657.937500,184459.281250,2308.497070,-42507.156250,138126.437500,95619.273438
ml,mean,-1,2026-09-13,2137.040771,10.000000,2062.454346,50.000000,-0.315430,0.000000,0.000000,0.000000,-30802.125000,2106.055908,50.000000,-0.511719,0.000000,0.000000,0.000000,-47812.765625,2146.564697,50.000000,-1.440430,0.000000,0.000000,0.000000,-145922.843750,-224537.734375,184459.281250,2308.497070,-42386.957031,138126.437500,95739.468750
ml,mean,-1,2026-09-14,2138.113770,10.000000,2062.454346,50.000000,-0.315430,0.000000,0.000000,0.000000,-30802.125000,2106.055908,50.000000,-0.511719,0.000000,0.000000,0.000000,-47812.765625,2147.757324,50.000000,-1.416016,0.024414,-2851.789062,1.425894,-143215.109375,-221830.000000,181607.468750,2309.923096,-42532.445312,138126.437500,95594.000000
ml,mean,-1,2026-09-15,2138.893555,10.000000,2062.454346,50.000000,-0.315430,0.000000,0.000000,0.000000,-30802.125000,2106.055908,50.000000,-0.511719,0.000000,0.000000,0.000000,-47812.765625,2148.694092,50.000000,-1.399414,0.016602,-1848.546631,0.924273,-141453.515625,-220068.406250,179758.921875,2310.847168,-42620.312500,138126.437500,95506.109375
ml,mean,-1,2026-09-16,2138.782959,10.000000,2062.454346,50.000000,-0.315430,0.000000,0.000000,0.000000,-30802.125000,2106.055908,50.000000,-0.511719,0.000000,0.000000,0.000000,-47812.765625,2148.045654,50.000000,-1.403320,-0.003906,224.791229,1.511257,-141613.890625,-220228.796875,179983.734375,2312.358643,-42557.421875,138126.437500,95569.007812
ml,mean,-1,2026-09-17,2139.034180,10.000000,2062.454346,50.000000,-0.315430,0.000000,0.000000,0.000000,-30802.125000,2106.055908,50.000000,-0.511719,0.000000,0.000000,0.000000,-47812.765625,2147.818604,50.000000,-1.395508,0.007812,-1016.182129,1.378115,-140579.953125,-219194.875000,178967.562500,2313.736572,-42541.039062,138126.437500,95585.390625
ml,mean,-1,2026-09-18,2139.454590,10.000000,2062.454346,50.000000,-0.315430,0.000000,0.000000,0.000000,-30802.125000,2106.055908,50.000000,-0.511719,0.000000,0.000000,0.000000,-47812.765625,2147.537354,50.000000,-1.382812,0.012695,-1442.760132,0.721380,-139140.468750,-217755.375000,177524.796875,2314.458008,-42545.035156,138126.437500,95581.398438
ml,mean,-1,2026-09-19,2140.434326,10.000000,2062.454346,50.000000,-0.315430,0.000000,0.000000,0.000000,-30802.125000,2106.055908,50.000000,-0.511719,0.000000,0.000000,0.000000,-47812.765625,2148.551270,50.000000,-1.382812,0.000000,0.000000,0.000000,-139343.125000,-217958.031250,177524.796875,2314.458008,-42747.695312,138126.437500,95378.726562
ml,mean,-1,2026-09-20,2142.406982,10.000000,2062.454346,50.000000,-0.315430,0.000000,0.000000,0.000000,-30802.125000,2106.055908,50.000000,-0.511719,0.000000,0.000000,0.000000,-47812.765625,2150.785889,50.000000,-1.382812,0.000000,0.000000,0.000000,-139483.750000,-218098.625000,177524.796875,2314.458008,-42888.312500,138126.437500,95238.117188
ml,mean,-1,2026-09-21,2142.642578,10.000000,2062.454346,50.000000,-0.315430,0.000000,0.000000,0.000000,-30802.125000,2106.055908,50.000000,-0.511719,0.000000,0.000000,0.000000,-47812.765625,2151.118896,50.000000,-1.377930,0.004883,-510.705902,0.255353,-139038.062500,-217652.953125,177014.093750,2314.713379,-42953.570312,138126.437500,95172.859375
ml,mean,-1,2026-09-22,2142.701172,10.000000,2062.454346,50.000000,-0.315430,0.000000,0.000000,0.000000,-30802.125000,2106.055908,50.000000,-0.511719,0.000000,0.000000,0.000000,-47812.765625,2150.311035,50.000000,-1.381836,-0.003906,389.719116,0.608378,-139303.343750,-217918.234375,177403.812500,2315.321777,-42829.753906,138126.437500,95296.679688
ml,mean,-1,2026-09-23,2143.016357,10.000000,2062.454346,50.000000,-0.315430,0.000000,0.000000,0.000000,-30802.125000,2106.055908,50.000000,-0.510742,0.000977,-84.259148,0.042130,-47728.507812,2150.688232,50.000000,-1.364258,0.017578,-2230.774170,1.963336,-137145.484375,-215676.125000,175088.765625,2317.327148,-42904.671875,138126.437500,95221.750000
ml,mean,-1,2026-09-24,2142.181641,10.000000,2062.454346,50.000000,-0.315430,0.000000,0.000000,0.000000,-30802.125000,2106.055908,50.000000,-0.510742,0.000000,0.000000,0.000000,-47728.507812,2149.293457,50.000000,-1.360352,0.003906,-443.353577,1.050742,-136570.156250,-215100.796875,174645.421875,2318.377930,-42773.757812,138126.437500,95352.664062
ml,mean,-1,2026-09-25,2142.762451,10.000000,2062.454346,50.000000,-0.315430,0.000000,0.000000,0.000000,-30802.125000,2106.055908,50.000000,-0.510742,0.000000,0.000000,0.000000,-47728.507812,2149.398926,50.000000,-1.347656,0.012695,-1449.303467,1.551406,-135039.625000,-213570.250000,173196.125000,2319.929199,-42694.062500,138126.437500,95432.359375
ml,mean,-1,2026-09-26,2142.999512,10.000000,2062.454346,50.000000,-0.315430,0.000000,0.000000,0.000000,-30802.125000,2106.055908,50.000000,-0.510742,0.000000,0.000000,0.000000,-47728.507812,2149.477783,50.000000,-1.347656,0.000000,0.000000,0.000000,-135095.625000,-213626.281250,173196.125000,2319.929199,-42750.089844,138126.437500,95376.335938
ml,mean,-1,2026-09-27,2143.662598,10.000000,2062.454346,50.000000,-0.315430,0.000000,0.000000,0.000000,-30802.125000,2106.055908,50.000000,-0.510742,0.000000,0.000000,0.000000,-47728.507812,2150.989502,50.000000,-1.347656,0.000000,0.000000,0.000000,-135224.531250,-213755.156250,173196.125000,2319.929199,-42878.976562,138126.437500,95247.445312
ml,mean,-1,2026-09-28,2143.770752,10.000000,2062.454346,50.000000,-0.315430,0.000000,0.000000,0.000000,-30802.125000,2106.055908,50.000000,-0.509766,0.000977,-92.216072,0.046108,-47636.292969,2151.031250,50.000000,-1.351562,-0.003906,356.412201,2.020471,-135452.343750,-213890.781250,173460.312500,2321.995850,-42752.457031,138126.437500,95373.984375
ml,mean,-1,2026-09-29,2143.802002,10.000000,2062.454346,50.000000,-0.315430,0.000000,0.000000,0.000000,-30802.125000,2106.055908,50.000000,-0.509766,0.000000,0.000000,0.000000,-47636.292969,2149.923340,50.000000,-1.336914,0.014648,-1667.955566,2.197563,-133788.562500,-212226.984375,171792.343750,2324.193604,-42758.820312,138126.437500,95367.601562
ml,mean,-1,2026-09-30,2145.091553,10.000000,2062.454346,50.000000,-0.315430,0.000000,0.000000,0.000000,-30802.125000,2106.055908,50.000000,-0.508789,0.000977,-94.218819,0.047109,-47542.074219,2151.472900,50.000000,-1.339844,-0.002930,43.226318,1.612911,-133898.718750,-212242.921875,171741.375000,2325.853516,-42827.414062,138126.437500,95299.015625
ml,mean,-1,2026-10-01,2145.664795,10.000000,2062.454346,50.000000,-0.315430,0.000000,0.000000,0.000000,-30802.125000,2106.055908,50.000000,-0.507812,0.000977,-87.989464,0.043995,-47454.085938,2152.135498,50.000000,-1.320312,0.019531,-2085.280762,1.042640,-131901.000000,-210157.203125,169568.093750,2326.940186,-42916.054688,138126.437500,95210.375000
ml,mean,-1,2026-10-02,2146.490234,10.000000,2062.454346,50.000000,-0.315430,0.000000,0.000000,0.000000,-30802.125000,2106.055908,50.000000,-0.507812,0.000000,0.000000,0.000000,-47454.085938,2152.946777,50.000000,-1.337891,-0.017578,1874.317139,1.555781,-133736.250000,-211992.453125,171442.406250,2328.495850,-42878.554688,138126.437500,95247.875000
ml,mean,-1,2026-10-03,2147.040283,10.000000,2062.454346,50.000000,-0.315430,0.000000,0.000000,0.000000,-30802.125000,2106.055908,50.000000,-0.507812,0.000000,0.000000,0.000000,-47454.085938,2153.845215,50.000000,-1.337891,0.000000,0.000000,0.000000,-133696.531250,-211952.718750,171442.406250,2328.495850,-42838.812500,138126.437500,95287.617188
ml,mean,-1,2026-10-04,2147.000977,10.000000,2062.454346,50.000000,-0.315430,0.000000,0.000000,0.000000,-30802.125000,2106.055908,50.000000,-0.507812,0.000000,0.000000,0.000000,-47454.085938,2152.477295,50.000000,-1.337891,0.000000,0.000000,0.000000,-133571.062500,-211827.281250,171442.406250,2328.495850,-42713.347656,138126.437500,95413.070312
ml,mean,-1,2026-10-05,2147.952148,10.000000,2062.454346,50.000000,-0.315430,0.000000,0.000000,0.000000,-30802.125000,2106.055908,50.000000,-0.507812,0.000000,0.000000,0.000000,-47454.085938,2153.296143,50.000000,-1.333984,0.003906,-397.746796,1.013579,-133192.171875,-211448.375000,171044.656250,2329.509521,-42733.222656,138126.437500,95393.218750
ml,mean,-1,2026-10-06,2148.273682,10.000000,2062.454346,50.000000,-0.315430,0.000000,0.000000,0.000000,-30802.125000,2106.055908,50.000000,-0.507812,0.000000,0.000000,0.000000,-47454.085938,2152.935059,50.000000,-1.330078,0.003906,-408.119720,0.204060,-132705.250000,-210961.453125,170636.562500,2329.713623,-42654.617188,138126.437500,95471.812500
ml,mean,-1,2026-10-07,2148.850098,10.000000,2062.454346,50.000000,-0.315430,0.000000,0.000000,0.000000,-30802.125000,2106.055908,50.000000,-0.507812,0.000000,0.000000,0.000000,-47454.085938,2153.695068,50.000000,-1.330078,0.000000,0.000000,0.000000,-132812.656250,-211068.875000,170636.562500,2329.713623,-42762.042969,138126.437500,95364.390625
ml,mean,-1,2026-10-08,2148.027100,10.000000,2062.454346,50.000000,-0.315430,0.000000,0.000000,0.000000,-30802.125000,2106.055908,50.000000,-0.507812,0.000000,0.000000,0.000000,-47454.085938,2152.992432,50.000000,-1.330078,0.000000,0.000000,0.000000,-132766.359375,-211022.562500,170636.562500,2329.713623,-42715.742188,138126.437500,95410.687500
ml,mean,-1,2026-10-09,2147.919922,10.000000,2062.454346,50.000000,-0.315430,0.000000,0.000000,0.000000,-30802.125000,2106.055908,50.000000,-0.507812,0.000000,0.000000,0.000000,-47454.085938,2152.569092,50.000000,-1.330078,0.000000,0.000000,0.000000,-132676.500000,-210932.703125,170636.562500,2329.713623,-42625.878906,138126.437500,95500.562500
ml,mean,-1,2026-10-10,2147.716309,10.000000,2062.454346,50.000000,-0.315430,0.000000,0.000000,0.000000,-30802.125000,2106.055908,50.000000,-0.507812,0.000000,0.000000,0.000000,-47454.085938,2151.763916,50.000000,-1.330078,0.000000,0.000000,0.000000,-132586.062500,-210842.281250,170636.562500,2329.713623,-42535.453125,138126.437500,95590.984375
ml,mean,-1,2026-10-11,2148.547363,10.000000,2062.454346,50.000000,-0.315430,0.000000,0.000000,0.000000,-30802.125000,2106.055908,50.000000,-0.507812,0.000000,0.000000,0.000000,-47454.085938,2153.129883,50.000000,-1.330078,0.000000,0.000000,0.000000,-132732.984375,-210989.187500,170636.562500,2329.713623,-42682.367188,138126.437500,95444.054688
ml,mean,-1,2026-10-12,2149.938477,10.000000,2062.454346,50.000000,-0.315430,0.000000,0.000000,0.000000,-30802.125000,2106.055908,50.000000,-0.507812,0.000000,0.000000,0.000000,-47454.085938,2154.180908,50.000000,-1.330078,0.000000,0.000000,0.000000,-132734.781250,-210991.000000,170636.562500,2329.713623,-42684.156250,138126.437500,95442.273438
ml,mean,-1,2026-10-13,2152.491455,10.000000,2062.454346,50.000000,-0.315430,0.000000,0.000000,0.000000,-30802.125000,2106.055908,50.000000,-0.507812,0.000000,0.000000,0.000000,-47454.085938,2156.738037,50.000000,-1.330078,0.000000,0.000000,0.000000,-132876.687500,-211132.906250,170636.562500,2329.713623,-42826.070312,138126.437500,95300.359375
ml,mean,-1,2026-10-14,2152.123535,10.000000,2062.454346,50.000000,-0.315430,0.000000,0.000000,0.000000,-30802.125000,2106.055908,50.000000,-0.507812,0.000000,0.000000,0.000000,-47454.085938,2155.949951,50.000000,-1.330078,0.000000,0.000000,0.000000,-132931.203125,-211187.421875,170636.562500,2329.713623,-42880.578125,138126.437500,95245.851562
ml,mean,-1,2026-10-15,2151.913818,10.000000,2062.454346,50.000000,-0.315430,0.000000,0.000000,0.000000,-30802.125000,2106.055908,50.000000,-0.507812,0.000000,0.000000,0.000000,-47454.085938,2154.426025,50.000000,-1.330078,0.000000,0.000000,0.000000,-132803.250000,-211059.484375,170636.562500,2329.713623,-42752.652344,138126.437500,95373.773438
ml,mean,-1,2026-10-16,2152.212891,10.000000,2062.454346,50.000000,-0.315430,0.000000,0.000000,0.000000,-30802.125000,2106.055908,50.000000,-0.507812,0.000000,0.000000,0.000000,-47454.085938,2155.856445,50.000000,-1.330078,0.000000,0.000000,0.000000,-132902.265625,-211158.484375,170636.562500,2329.713623,-42851.652344,138126.437500,95274.781250
ml,mean,-1,2026-10-17,2152.990234,10.000000,2062.454346,50.000000,-0.315430,0.000000,0.000000,0.000000,-30802.125000,2106.055908,50.000000,-0.507812,0.000000,0.000000,0.000000,-47454.085938,2155.935303,50.000000,-1.330078,0.000000,0.000000,0.000000,-132910.062500,-211166.281250,170636.562500,2329.713623,-42859.445312,138126.437500,95266.984375
ml,mean,-1,2026-10-18,2153.275391,10.000000,2062.454346,50.000000,-0.315430,0.000000,0.000000,0.000000,-30802.125000,2106.055908,50.000000,-0.507812,0.000000,0.000000,0.000000,-47454.085938,2156.100586,50.000000,-1.330078,0.000000,0.000000,0.000000,-132901.015625,-211157.218750,170636.562500,2329.713623,-42850.398438,138126.437500,95276.031250
ml,mean,-1,2026-10-19,2154.348633,10.000000,2062.454346,50.000000,-0.315430,0.000000,0.000000,0.000000,-30802.125000,2106.055908,50.000000,-0.507812,0.000000,0.000000,0.000000,-47454.085938,2157.219727,50.000000,-1.330078,0.000000,0.000000,0.000000,-132951.468750,-211207.656250,170636.562500,2329.713623,-42900.847656,138126.437500,95225.578125
ml,mean,-1,2026-10-20,2155.045166,10.000000,2062.454346,50.000000,-0.315430,0.000000,0.000000,0.000000,-30802.125000,2106.055908,50.000000,-0.507812,0.000000,0.000000,0.000000,-47454.085938,2157.177246,50.000000,-1.330078,0.000000,0.000000,0.000000,-132992.531250,-211248.750000,170636.562500,2329.713623,-42941.910156,138126.437500,95184.515625
ml,mean,-1,2026-10-21,2155.662842,10.000000,2062.454346,50.000000,-0.315430,0.000000,0.000000,0.000000,-30802.125000,2106.055908,50.000000,-0.507812,0.000000,0.000000,0.000000,-47454.085938,2157.025635,50.000000,-1.330078,0.000000,0.000000,0.000000,-133096.625000,-211352.812500,170636.562500,2329.713623,-43046.003906,138126.437500,95080.421875
ml,mean,-1,2026-10-22,2156.971680,10.000000,2062.454346,50.000000,-0.315430,0.000000,0.000000,0.000000,-30802.125000,2106.055908,50.000000,-0.507812,0.000000,0.000000,0.000000,-47454.085938,2159.399170,50.000000,-1.330078,0.000000,0.000000,0.000000,-133215.421875,-211471.640625,170636.562500,2329.713623,-43164.804688,138126.437500,94961.632812
ml,mean,-1,2026-10-23,2157.814697,10.000000,2062.454346,50.000000,-0.315430,0.000000,0.000000,0.000000,-30802.125000,2106.055908,50.000000,-0.507812,0.000000,0.000000,0.000000,-47454.085938,2159.052246,50.000000,-1.330078,0.000000,0.000000,0.000000,-133189.578125,-211445.765625,170636.562500,2329.713623,-43138.945312,138126.437500,94987.484375
ml,mean,-1,2026-10-24,2158.260742,10.000000,2062.454346,50.000000,-0.315430,0.000000,0.000000,0.000000,-30802.125000,2106.055908,50.000000,-0.507812,0.000000,0.000000,0.000000,-47454.085938,2159.647461,50.000000,-1.330078,0.000000,0.000000,0.000000,-133301.390625,-211557.593750,170636.562500,2329.713623,-43250.773438,138126.437500,94875.656250
ml,mean,-1,2026-10-25,2159.438965,10.000000,2062.454346,50.000000,-0.315430,0.000000,0.000000,0.000000,-30802.125000,2106.055908,50.000000,-0.507812,0.000000,0.000000,0.000000,-47454.085938,2160.597412,50.000000,-1.330078,0.000000,0.000000,0.000000,-133321.921875,-211578.125000,170636.562500,2329.713623,-43271.289062,138126.437500,94855.125000
ml,mean,-1,2026-10-26,2159.522217,10.000000,2062.454346,50.000000,-0.315430,0.000000,0.000000,0.000000,-30802.125000,2106.055908,50.000000,-0.507812,0.000000,0.000000,0.000000,-47454.085938,2160.632080,50.000000,-1.330078,0.000000,0.000000,0.000000,-133275.406250,-211531.625000,170636.562500,2329.713623,-43224.773438,138126.437500,94901.656250
ml,mean,-1,2026-10-27,2160.848389,10.000000,2062.454346,50.000000,-0.315430,0.000000,0.000000,0.000000,-30802.125000,2106.055908,50.000000,-0.507812,0.000000,0.000000,0.000000,-47454.085938,2161.549072,50.000000,-1.330078,0.000000,0.000000,0.000000,-133300.718750,-211556.937500,170636.562500,2329.713623,-43250.101562,138126.437500,94876.320312
ml,mean,-1,2026-10-28,2162.606445,10.000000,2062.454346,50.000000,-0.315430,0.000000,0.000000,0.000000,-30802.125000,2106.055908,50.000000,-0.507812,0.000000,0.000000,0.000000,-47454.085938,2163.792236,50.000000,-1.330078,0.000000,0.000000,0.000000,-133483.984375,-211740.171875,170636.562500,2329.713623,-43433.359375,138126.437500,94693.078125
ml,mean,-1,2026-10-29,2162.714111,10.000000,2062.454346,50.000000,0.000000,0.315430,-30802.125000,15.401062,0.000000,2106.055908,50.000000,0.000000,0.507812,-47454.085938,23.727041,0.000000,2163.119629,50.000000,0.000000,1.330078,-133445.781250,66.722893,0.000000,0.000000,-41065.449219,2435.564941,-43501.011719,138126.437500,94625.421875
ml,mean,-1,2026-10-30,2164.120605,10.000000,2062.454346,50.000000,0.000000,0.000000,0.000000,0.000000,0.000000,2106.055908,50.000000,0.000000,0.000000,0.000000,0.000000,0.000000,2163.119629,50.000000,0.000000,0.000000,0.000000,0.000000,0.000000,0.000000,-41065.449219,2435.564941,-43501.011719,138126.437500,94625.421875
