policy,case,path_idx,day,spot,spread_bps,PL_APR_2026_futures,PL_APR_2026_contract_size,PL_APR_2026_position,PL_APR_2026_trade,PL_APR_2026_trade_cash,PL_APR_2026_trade_cost,PL_APR_2026_position_mtm,PL_JUL_2026_futures,PL_JUL_2026_contract_size,PL_JUL_2026_position,PL_JUL_2026_trade,PL_JUL_2026_trade_cash,PL_JUL_2026_trade_cost,PL_JUL_2026_position_mtm,PL_OCT_2026_futures,PL_OCT_2026_contract_size,PL_OCT_2026_position,PL_OCT_2026_trade,PL_OCT_2026_trade_cash,PL_OCT_2026_trade_cost,PL_OCT_2026_position_mtm,portfolio_position_mtm,portfolio_cum_trade_cash,portfolio_cum_trade_cost,hedge_portfolio_ex_funding,mtm_ex_post_settle_discount,total_ex_funding_discount
ml,worst,446,2026-04-10,2055.000244,10.000000,2026.171509,50.000000,-2.000000,-2.000000,202617.156250,101.308571,-202617.156250,2047.068848,50.000000,-15.000000,-15.000000,1535301.625000,767.650818,-1535301.625000,2070.749756,50.000000,-15.000000,-15.000000,1553062.250000,776.531128,-1553062.250000,-3290981.000000,3290981.000000,1645.490479,-1645.490479,4854.181641,3208.691162
ml,worst,446,2026-04-11,2054.153809,10.000000,2052.232910,50.000000,-2.000000,0.000000,-0.000000,0.000000,-205223.296875,2075.079590,50.000000,-15.000000,0.000000,-0.000000,0.000000,-1556309.625000,2101.060547,50.000000,-15.000000,0.000000,-0.000000,0.000000,-1575795.375000,-3337328.250000,3290981.000000,1645.490479,-47992.742188,80.828957,-47911.914062
ml,worst,446,2026-04-12,2028.083740,10.000000,2022.866333,50.000000,-2.000000,0.000000,-0.000000,0.000000,-202286.640625,2047.953491,50.000000,-15.000000,0.000000,-0.000000,0.000000,-1535965.125000,2074.674561,50.000000,-15.000000,0.000000,-0.000000,0.000000,-1556006.000000,-3294257.750000,3290981.000000,1645.490479,-4922.240234,-64963.031250,-69885.273438
ml,worst,446,2026-04-13,2044.614136,10.000000,2020.312134,50.000000,-4.000000,-2.000000,202031.218750,101.015610,-404062.437500,2045.426025,50.000000,30.000000,45.000000,-4602208.500000,2301.104248,3068139.000000,2070.898682,50.000000,30.000000,45.000000,-4659522.000000,2329.760986,3106348.000000,5770424.500000,-5768718.000000,6377.371094,-4670.871094,-18950.523438,-23621.394531
ml,worst,446,2026-04-14,2032.623535,10.000000,2016.461426,50.000000,-6.000000,-2.000000,201646.140625,100.823067,-604938.437500,2042.856934,50.000000,15.000000,-15.000000,1532142.625000,766.071289,1532142.625000,2069.121826,50.000000,15.000000,-15.000000,1551841.375000,775.920715,1551841.375000,2479045.500000,-2483088.000000,8020.186523,-12062.686523,-38905.066406,-50967.753906
ml,worst,446,2026-04-15,2024.030029,10.000000,1983.458008,50.000000,39.000000,45.000000,-4462780.500000,2231.390137,3867743.000000,2006.723877,50.000000,5.000000,-10.000000,1003361.937500,501.680939,501680.968750,2031.449585,50.000000,6.000000,-9.000000,914152.375000,457.076111,609434.875000,4978859.000000,-5028354.500000,11210.333984,-60705.835938,-55782.097656,-116487.937500
ml,worst,446,2026-04-16,1992.313965,10.000000,1976.618408,50.000000,24.000000,-15.000000,1482463.750000,741.231934,2371942.250000,1996.774170,50.000000,-4.000000,-9.000000,898548.312500,449.274170,-399354.843750,2020.267944,50.000000,-3.000000,-9.000000,909120.625000,454.560303,-303040.187500,1669547.250000,-1738221.625000,12855.400391,-81529.773438,-131884.015625,-213413.781250
ml,worst,446,2026-04-17,2035.682739,10.000000,2035.867676,50.000000,9.000000,-15.000000,1526900.750000,763.450378,916140.437500,2057.065186,50.000000,-8.000000,-4.000000,411413.031250,205.706512,-822826.062500,2080.790527,50.000000,-18.000000,-15.000000,1560592.875000,780.296387,-1872711.500000,-1779397.125000,1760685.000000,14604.852539,-33316.976562,-13381.950195,-46698.925781
ml,worst,446,2026-04-18,2032.929688,10.000000,2027.189087,50.000000,9.000000,0.000000,-0.000000,0.000000,912235.062500,2048.137939,50.000000,-8.000000,0.000000,-0.000000,0.000000,-819255.187500,2072.372559,50.000000,-18.000000,0.000000,-0.000000,0.000000,-1865135.375000,-1772155.500000,1760685.000000,14604.852539,-26075.351562,-15867.924805,-41943.277344
ml,worst,446,2026-04-19,2039.008057,10.000000,2016.707397,50.000000,9.000000,0.000000,-0.000000,0.000000,907518.375000,2037.388550,50.000000,-8.000000,0.000000,-0.000000,0.000000,-814955.437500,2060.567871,50.000000,-18.000000,0.000000,-0.000000,0.000000,-1854511.125000,-1761948.250000,1760685.000000,14604.852539,-15868.102539,1230.560669,-14637.541992
ml,worst,446,2026-04-20,2053.510498,10.000000,2041.007935,50.000000,-6.000000,-15.000000,1530756.000000,765.377991,-612302.375000,2062.531982,50.000000,37.000000,45.000000,-4640697.000000,2320.348389,3815684.000000,2086.899658,50.000000,27.000000,45.000000,-4695524.000000,2347.762207,2817314.500000,6020696.000000,-6044780.000000,20038.341797,-44122.343750,44340.710938,218.367188
ml,worst,446,2026-04-21,2056.396240,10.000000,2059.851074,50.000000,39.000000,45.000000,-4634665.000000,2317.332520,4016709.750000,2083.308350,50.000000,22.000000,-15.000000,1562481.250000,781.240601,2291639.250000,2109.154053,50.000000,12.000000,-15.000000,1581865.500000,790.932739,1265492.375000,7573841.500000,-7535098.000000,23927.847656,14815.652344,59168.183594,73983.835938
ml,worst,446,2026-04-22,2070.967773,10.000000,2076.047607,50.000000,24.000000,-15.000000,1557035.750000,778.517822,2491257.000000,2097.576172,50.000000,7.000000,-15.000000,1573182.125000,786.591064,734151.687500,2123.129639,50.000000,-3.000000,-15.000000,1592347.250000,796.173645,-318469.437500,2906939.250000,-2812533.250000,26289.132812,68116.867188,95683.664062,163800.531250
ml,worst,446,2026-04-23,2131.797119,10.000000,2157.684082,50.000000,9.000000,-15.000000,1618263.125000,809.131531,970957.812500,2178.356934,50.000000,-8.000000,-15.000000,1633767.625000,816.883850,-871342.750000,2204.199219,50.000000,-18.000000,-15.000000,1653149.375000,826.574707,-1983779.250000,-1884164.250000,2092647.000000,28741.718750,179741.031250,250682.484375,430423.500000
ml,worst,446,2026-04-24,2113.499268,10.000000,2136.633301,50.000000,-26.000000,-35.000000,3739108.250000,1869.553955,-2777623.250000,2156.173828,50.000000,37.000000,45.000000,-4851391.000000,2425.695312,3988921.500000,2181.755371,50.000000,27.000000,45.000000,-4908949.500000,2454.474609,2945369.750000,4156668.000000,-3928585.250000,35491.445312,192591.312500,210095.484375,402686.812500
ml,worst,446,2026-04-25,2117.656494,10.000000,2121.035156,50.000000,-26.000000,0.000000,-0.000000,0.000000,-2757345.750000,2139.095947,50.000000,37.000000,0.000000,-0.000000,0.000000,3957327.250000,2163.214355,50.000000,27.000000,0.000000,-0.000000,0.000000,2920339.500000,4120321.000000,-3928585.250000,35491.445312,156244.312500,233408.968750,389653.281250
ml,worst,446,2026-04-26,2009.753174,10.000000,2034.993774,50.000000,-26.000000,0.000000,-0.000000,0.000000,-2645492.000000,2053.197021,50.000000,37.000000,0.000000,-0.000000,0.000000,3798414.500000,2076.562744,50.000000,27.000000,0.000000,-0.000000,0.000000,2803359.750000,3956282.250000,-3928585.250000,35491.445312,-7794.445312,-29213.535156,-37007.980469
ml,worst,446,2026-04-27,1972.469116,10.000000,1956.485840,50.000000,19.000000,45.000000,-4402093.000000,2201.046387,1858661.500000,1975.163452,50.000000,7.000000,-30.000000,2962745.000000,1481.372559,691307.250000,1997.283203,50.000000,-3.000000,-30.000000,2995924.750000,1497.962280,-299592.468750,2250376.250000,-2372008.500000,40671.828125,-162304.078125,-120417.390625,-282721.468750
ml,worst,446,2026-04-28,1941.583130,10.000000,1964.942993,50.000000,4.000000,-15.000000,1473707.250000,736.853577,392988.593750,1981.485596,50.000000,-3.000000,-10.000000,990742.750000,495.371399,-297222.843750,2001.761963,50.000000,-18.000000,-15.000000,1501321.500000,750.660706,-1801585.750000,-1705820.000000,1593763.000000,42654.710938,-154711.718750,-191505.046875,-346216.750000
ml,worst,446,2026-04-29,1968.000000,10.000000,1985.684814,50.000000,-1.000000,-5.000000,496421.187500,248.210602,-99284.242188,2001.993286,50.000000,42.000000,45.000000,-4504485.000000,2252.242432,4204186.000000,2022.045654,50.000000,27.000000,45.000000,-4549602.500000,2274.801270,2729761.750000,6834663.500000,-6963903.000000,47429.964844,-176669.468750,-119921.812500,-296591.281250
ml,worst,446,2026-04-30,1992.075562,10.000000,1985.684814,50.000000,-6.000000,-5.000000,496421.187500,248.210602,-595705.500000,2008.764893,50.000000,32.000000,-10.000000,1004382.437500,502.191193,3214023.750000,2027.917358,50.000000,17.000000,-10.000000,1013958.687500,506.979340,1723729.750000,4342048.000000,-4449141.000000,48687.343750,-155780.343750,-66764.968750,-222545.312500
ml,worst,446,2026-05-01,1995.633179,10.000000,1985.684814,50.000000,-11.000000,-5.000000,496421.187500,248.210602,-1092126.625000,1953.274170,50.000000,-8.000000,-40.000000,3906548.500000,1953.274170,-781309.687500,1971.853760,50.000000,10.000000,-7.000000,690148.812500,345.074402,985926.875000,-887509.375000,643977.625000,51233.906250,-294765.656250,-54866.527344,-349632.187500
ml,worst,446,2026-05-02,2009.428467,10.000000,1985.684814,50.000000,-11.000000,0.000000,-0.000000,0.000000,-1092126.625000,2006.673706,50.000000,-8.000000,0.000000,-0.000000,0.000000,-802669.500000,2025.937378,50.000000,10.000000,0.000000,-0.000000,0.000000,1012968.625000,-881827.500000,643977.625000,51233.906250,-289083.781250,-19765.894531,-308849.687500
ml,worst,446,2026-05-03,2020.137573,10.000000,1985.684814,50.000000,-11.000000,0.000000,-0.000000,0.000000,-1092126.625000,2029.137817,50.000000,-8.000000,0.000000,-0.000000,0.000000,-811655.125000,2049.179443,50.000000,10.000000,0.000000,-0.000000,0.000000,1024589.750000,-879192.000000,643977.625000,51233.906250,-286448.281250,4542.131836,-281906.156250
ml,worst,446,2026-05-04,1986.105957,10.000000,1985.684814,50.000000,-16.000000,-5.000000,496421.187500,248.210602,-1588547.875000,1992.766968,50.000000,37.000000,45.000000,-4483726.000000,2241.862793,3686618.750000,2013.582031,50.000000,2.000000,-8.000000,805432.812500,402.716400,201358.203125,2299429.250000,-2537894.500000,54126.695312,-292591.937500,-78301.125000,-370893.062500
ml,worst,446,2026-05-05,2012.579346,10.000000,1985.684814,50.000000,-21.000000,-5.000000,496421.187500,248.210602,-2084969.125000,2035.259399,50.000000,27.000000,-10.000000,1017629.687500,508.814850,2747600.250000,2056.475586,50.000000,-2.000000,-4.000000,411295.125000,205.647552,-205647.562500,456983.562500,-612548.437500,55089.371094,-210654.250000,-17765.376953,-228419.625000
ml,worst,446,2026-05-06,1989.903320,10.000000,1985.684814,50.000000,-26.000000,-5.000000,496421.187500,248.210602,-2581390.250000,1999.730835,50.000000,-13.000000,-40.000000,3999461.750000,1999.730713,-1299825.000000,2020.162720,50.000000,-32.000000,-30.000000,3030244.250000,1515.121826,-3232260.250000,-7113475.500000,6913578.500000,58852.433594,-258749.437500,-73715.023438,-332464.468750
ml,worst,446,2026-05-07,2003.015991,10.000000,1985.684814,50.000000,19.000000,45.000000,-4467791.000000,2233.895508,1886400.625000,2027.557739,50.000000,-18.000000,-5.000000,506889.437500,253.444702,-1824802.000000,2048.867920,50.000000,13.000000,45.000000,-4609952.500000,2304.976562,1331764.125000,1393362.750000,-1657275.375000,63644.750000,-327557.375000,-43989.347656,-371546.718750
ml,worst,446,2026-05-08,1985.376831,10.000000,1985.684814,50.000000,14.000000,-5.000000,496421.187500,248.210602,1389979.375000,1996.449951,50.000000,27.000000,45.000000,-4492012.500000,2246.006104,2695207.500000,2018.557129,50.000000,-17.000000,-30.000000,3027835.750000,1513.917847,-1715773.625000,2369413.500000,-2625031.000000,67652.882812,-323270.375000,-90991.585938,-414261.968750
ml,worst,446,2026-05-09,2007.080322,10.000000,1985.684814,50.000000,14.000000,0.000000,-0.000000,0.000000,1389979.375000,2021.287842,50.000000,27.000000,0.000000,-0.000000,0.000000,2728738.750000,2042.692871,50.000000,-17.000000,0.000000,-0.000000,0.000000,-1736288.875000,2382429.000000,-2625031.000000,67652.882812,-310254.875000,-39479.648438,-349734.531250
ml,worst,446,2026-05-10,1962.462769,10.000000,1985.684814,50.000000,14.000000,0.000000,-0.000000,0.000000,1389979.375000,1966.718384,50.000000,27.000000,0.000000,-0.000000,0.000000,2655069.750000,1986.057739,50.000000,-17.000000,0.000000,-0.000000,0.000000,-1688149.000000,2356900.000000,-2625031.000000,67652.882812,-335783.875000,-150494.578125,-486278.437500
ml,worst,446,2026-05-11,1958.118042,10.000000,1985.684814,50.000000,9.000000,-5.000000,496421.187500,248.210602,893558.187500,1967.485352,50.000000,-3.000000,-30.000000,2951228.000000,1475.613892,-295122.812500,1986.381714,50.000000,28.000000,45.000000,-4469359.000000,2234.679443,2780934.500000,3379370.000000,-3646740.750000,71611.390625,-338982.125000,-162716.406250,-501698.531250
ml,worst,446,2026-05-12,1945.735229,10.000000,1985.684814,50.000000,4.000000,-5.000000,496421.187500,248.210602,397136.968750,1946.839966,50.000000,17.000000,20.000000,-1946840.000000,973.419922,1654814.000000,1966.336182,50.000000,-2.000000,-30.000000,2949504.250000,1474.752197,-196633.625000,1855317.375000,-2147655.250000,74307.765625,-366645.625000,-194430.218750,-561075.875000
ml,worst,446,2026-05-13,1929.673096,10.000000,1985.684814,50.000000,-1.000000,-5.000000,496421.187500,248.210602,-99284.242188,1917.900269,50.000000,-23.000000,-40.000000,3835800.500000,1917.900269,-2205585.250000,1943.610962,50.000000,-11.000000,-9.000000,874624.875000,437.312469,-1068986.000000,-3373855.500000,3059191.500000,76911.195312,-391575.187500,-239381.921875,-630957.125000
ml,worst,446,2026-05-14,1912.927856,10.000000,1985.684814,50.000000,-6.000000,-5.000000,496421.187500,248.210602,-595705.500000,1908.566040,50.000000,22.000000,45.000000,-4294273.500000,2147.136963,2099422.750000,1940.907837,50.000000,34.000000,45.000000,-4367042.500000,2183.521240,3299543.250000,4803260.500000,-5105703.500000,81490.062500,-383933.062500,-283483.187500,-667416.250000
ml,worst,446,2026-05-15,1856.210449,10.000000,1985.684814,50.000000,-11.000000,-5.000000,496421.187500,248.210602,-1092126.625000,1842.663208,50.000000,15.000000,-7.000000,644932.125000,322.466064,1381997.375000,1875.107300,50.000000,-6.000000,-40.000000,3750214.500000,1875.107300,-562532.187500,-272661.437500,-214135.687500,83935.843750,-570733.000000,-427009.781250,-997742.750000
ml,worst,446,2026-05-16,1870.690430,10.000000,1985.684814,50.000000,-11.000000,0.000000,-0.000000,0.000000,-1092126.625000,1887.101807,50.000000,15.000000,0.000000,-0.000000,0.000000,1415326.375000,1919.476929,50.000000,-6.000000,0.000000,-0.000000,0.000000,-575843.062500,-252643.312500,-214135.687500,83935.843750,-550714.875000,-389960.781250,-940675.625000
ml,worst,446,2026-05-17,1838.255859,10.000000,1985.684814,50.000000,-11.000000,0.000000,-0.000000,0.000000,-1092126.625000,1850.926147,50.000000,15.000000,0.000000,-0.000000,0.000000,1388194.625000,1886.100098,50.000000,-6.000000,0.000000,-0.000000,0.000000,-565830.000000,-269762.000000,-214135.687500,83935.843750,-567833.500000,-475651.875000,-1043485.375000
ml,worst,446,2026-05-18,1772.887451,10.000000,1985.684814,50.000000,-16.000000,-5.000000,496421.187500,248.210602,-1588547.875000,1784.851929,50.000000,8.000000,-7.000000,624698.187500,312.349060,713940.750000,1817.657837,50.000000,39.000000,45.000000,-4089730.000000,2044.864990,3544432.750000,2669825.500000,-3182746.250000,86541.265625,-599462.000000,-643764.125000,-1243226.125000
ml,worst,446,2026-05-19,1773.945312,10.000000,1985.684814,50.000000,-21.000000,-5.000000,496421.187500,248.210602,-2084969.125000,1787.697266,50.000000,-2.000000,-10.000000,893848.625000,446.924286,-178769.718750,1814.130859,50.000000,9.000000,-30.000000,2721196.250000,1360.598267,816358.875000,-1447379.875000,928719.750000,88597.000000,-607257.125000,-644401.812500,-1251659.000000
ml,worst,446,2026-05-20,1772.786011,10.000000,1985.684814,50.000000,24.000000,45.000000,-4467791.000000,2233.895508,2382822.000000,1779.221558,50.000000,-32.000000,-30.000000,2668832.500000,1334.416138,-2846754.500000,1806.368042,50.000000,2.000000,-7.000000,632228.812500,316.114380,180636.796875,-283295.687500,-238010.000000,92481.429688,-613787.125000,-652536.437500,-1266323.500000
ml,worst,446,2026-05-21,1753.736328,10.000000,1985.684814,50.000000,19.000000,-5.000000,496421.187500,248.210602,1886400.625000,1790.989868,50.000000,13.000000,45.000000,-4029727.250000,2014.863525,1164143.500000,1821.735229,50.000000,22.000000,20.000000,-1821735.125000,910.867554,2003908.750000,5054453.000000,-5593051.000000,95655.375000,-634253.375000,-702209.625000,-1336463.000000
ml,worst,446,2026-05-22,1745.752441,10.000000,1985.684814,50.000000,14.000000,-5.000000,496421.187500,248.210602,1389979.375000,1780.181641,50.000000,-17.000000,-30.000000,2670272.500000,1335.136108,-1513154.375000,1810.379883,50.000000,-8.000000,-30.000000,2715570.000000,1357.784790,-724151.937500,-847326.937500,289212.500000,98596.500000,-656710.937500,-719431.062500,-1376142.000000
ml,worst,446,2026-05-23,1744.842041,10.000000,1985.684814,50.000000,14.000000,0.000000,-0.000000,0.000000,1389979.375000,1779.547729,50.000000,-17.000000,0.000000,-0.000000,0.000000,-1512615.500000,1808.119873,50.000000,-8.000000,0.000000,-0.000000,0.000000,-723247.937500,-845884.062500,289212.500000,98596.500000,-655268.062500,-721461.062500,-1376729.125000
ml,worst,446,2026-05-24,1717.491943,10.000000,1985.684814,50.000000,14.000000,0.000000,-0.000000,0.000000,1389979.375000,1752.315308,50.000000,-17.000000,0.000000,-0.000000,0.000000,-1489468.000000,1782.272095,50.000000,-8.000000,0.000000,-0.000000,0.000000,-712908.812500,-812397.437500,289212.500000,98596.500000,-621781.437500,-794762.562500,-1416544.000000
ml,worst,446,2026-05-25,1683.895996,10.000000,1985.684814,50.000000,14.000000,0.000000,-0.000000,0.000000,1389979.375000,1698.541504,50.000000,-17.000000,0.000000,-0.000000,0.000000,-1443760.250000,1730.882935,50.000000,-8.000000,0.000000,-0.000000,0.000000,-692353.187500,-746134.062500,289212.500000,98596.500000,-555518.062500,-880901.062500,-1436419.125000
ml,worst,446,2026-05-26,1674.048706,10.000000,1985.684814,50.000000,9.000000,-5.000000,496421.187500,248.210602,893558.187500,1687.593994,50.000000,28.000000,45.000000,-3797086.250000,1898.543213,2362631.750000,1715.364258,50.000000,37.000000,45.000000,-3859569.500000,1929.784790,3173423.750000,6429614.000000,-6871022.000000,102673.046875,-544081.062500,-906349.750000,-1450430.750000
ml,worst,446,2026-05-27,1669.073364,10.000000,1985.684814,50.000000,4.000000,-5.000000,496421.187500,248.210602,397136.968750,1670.024414,50.000000,-2.000000,-30.000000,2505036.750000,1252.518188,-167002.437500,1692.124268,50.000000,7.000000,-30.000000,2538186.250000,1269.093140,592243.500000,822378.000000,-1331377.750000,105442.859375,-614442.625000,-916702.812500,-1531145.500000
ml,worst,446,2026-05-28,1666.176636,10.000000,1985.684814,50.000000,-1.000000,-5.000000,496421.187500,248.210602,-99284.242188,1679.142090,50.000000,-6.000000,-4.000000,335828.406250,167.914200,-503742.625000,1699.909058,50.000000,3.000000,-4.000000,339981.812500,169.990891,254986.359375,-348040.500000,-159146.437500,106028.984375,-613215.937500,-923164.437500,-1536380.375000
ml,worst,446,2026-05-29,1653.594116,10.000000,1985.684814,50.000000,-6.000000,-5.000000,496421.187500,248.210602,-595705.500000,1670.354126,50.000000,39.000000,45.000000,-3758297.000000,1879.148193,3257190.500000,1692.409668,50.000000,23.000000,20.000000,-1692409.750000,846.204834,1946271.125000,4607756.000000,-5113432.000000,109002.546875,-614678.562500,-952778.375000,-1567457.000000
ml,worst,446,2026-05-30,1595.695312,10.000000,1985.684814,50.000000,-6.000000,0.000000,-0.000000,0.000000,-595705.500000,1578.783813,50.000000,39.000000,0.000000,-0.000000,0.000000,3078628.500000,1598.632324,50.000000,23.000000,0.000000,-0.000000,0.000000,1838427.125000,4321350.000000,-5113432.000000,109002.546875,-901084.562500,-1101298.125000,-2002382.750000
ml,worst,446,2026-05-31,1607.847046,10.000000,1985.684814,50.000000,-6.000000,0.000000,-0.000000,0.000000,-595705.500000,1595.029175,50.000000,39.000000,0.000000,-0.000000,0.000000,3110306.750000,1616.216797,50.000000,23.000000,0.000000,-0.000000,0.000000,1858649.250000,4373250.500000,-5113432.000000,109002.546875,-849184.062500,-1072969.625000,-1922153.750000
ml,worst,446,2026-06-01,1591.098511,10.000000,1985.684814,50.000000,-11.000000,-5.000000,496421.187500,248.210602,-1092126.625000,1588.484863,50.000000,9.000000,-30.000000,2382727.250000,1191.363647,714818.187500,1607.989258,50.000000,-17.000000,-40.000000,3215978.500000,1607.989258,-1366790.875000,-1744099.250000,981695.062500,112050.109375,-874454.312500,-1116779.125000,-1991233.500000
ml,worst,446,2026-06-02,1589.180176,10.000000,1985.684814,50.000000,-16.000000,-5.000000,496421.187500,248.210602,-1588547.875000,1596.113647,50.000000,-1.000000,-10.000000,798056.812500,399.028381,-79805.679688,1615.966553,50.000000,28.000000,45.000000,-3635924.500000,1817.962280,2262353.000000,593999.500000,-1359751.500000,114515.312500,-880267.312500,-1122235.750000,-2002503.000000
ml,worst,446,2026-06-03,1582.582275,10.000000,1985.684814,50.000000,-21.000000,-5.000000,496421.187500,248.210602,-2084969.125000,1591.920044,50.000000,-9.000000,-8.000000,636768.000000,318.384003,-716364.000000,1610.456299,50.000000,-12.000000,-40.000000,3220912.500000,1610.456299,-966273.812500,-3767606.750000,2994350.250000,116692.359375,-889948.875000,-1137600.375000,-2027549.250000
ml,worst,446,2026-06-04,1571.437378,10.000000,1985.684814,50.000000,24.000000,45.000000,-4467791.000000,2233.895508,2382822.000000,1583.195679,50.000000,36.000000,45.000000,-3562190.250000,1781.095093,2849752.250000,1601.034912,50.000000,33.000000,45.000000,-3602328.500000,1801.164185,2641707.500000,7874281.500000,-8637959.000000,122508.515625,-886186.000000,-1165801.250000,-2051987.250000
ml,worst,446,2026-06-05,1568.784790,10.000000,1985.684814,50.000000,19.000000,-5.000000,496421.187500,248.210602,1886400.625000,1596.259399,50.000000,26.000000,-10.000000,798129.687500,399.064819,2075137.250000,1613.084473,50.000000,-7.000000,-40.000000,3226169.000000,1613.084473,-564579.562500,3396958.500000,-4117239.750000,124768.875000,-845050.125000,-1174527.875000,-2019578.000000
ml,worst,446,2026-06-06,1601.534302,10.000000,1985.684814,50.000000,19.000000,0.000000,-0.000000,0.000000,1886400.625000,1623.113159,50.000000,26.000000,0.000000,-0.000000,0.000000,2110047.000000,1641.318359,50.000000,-7.000000,0.000000,-0.000000,0.000000,-574461.437500,3421986.000000,-4117239.750000,124768.875000,-820022.625000,-1095175.125000,-1915197.750000
ml,worst,446,2026-06-07,1595.651978,10.000000,1985.684814,50.000000,19.000000,0.000000,-0.000000,0.000000,1886400.625000,1601.795654,50.000000,26.000000,0.000000,-0.000000,0.000000,2082334.375000,1620.965576,50.000000,-7.000000,0.000000,-0.000000,0.000000,-567337.937500,3401397.000000,-4117239.750000,124768.875000,-840611.625000,-1111698.500000,-1952310.125000
ml,worst,446,2026-06-08,1590.662354,10.000000,1985.684814,50.000000,14.000000,-5.000000,496421.187500,248.210602,1389979.375000,1581.457275,50.000000,-4.000000,-30.000000,2372186.000000,1186.093018,-316291.468750,1604.400513,50.000000,38.000000,45.000000,-3609901.250000,1804.950562,3048361.000000,4122049.000000,-4858534.000000,128008.125000,-864493.125000,-1123461.500000,-1987954.625000
ml,worst,446,2026-06-09,1609.198486,10.000000,1985.684814,50.000000,9.000000,-5.000000,496421.187500,248.210602,893558.187500,1601.137329,50.000000,41.000000,45.000000,-3602559.000000,1801.279541,3282331.750000,1624.881592,50.000000,-2.000000,-40.000000,3249763.250000,1624.881470,-162488.156250,4013401.750000,-4714908.500000,131682.500000,-833189.250000,-1079870.500000,-1913059.750000
ml,worst,446,2026-06-10,1607.686035,10.000000,1985.684814,50.000000,4.000000,-5.000000,496421.187500,248.210602,397136.968750,1616.984985,50.000000,1.000000,-40.000000,3233970.000000,1616.984985,80849.250000,1639.491455,50.000000,43.000000,45.000000,-3688855.750000,1844.427734,3524906.750000,4002893.000000,-4673373.000000,135392.125000,-805872.125000,-1084599.375000,-1890471.500000
ml,worst,446,2026-06-11,1595.231323,10.000000,1985.684814,50.000000,-1.000000,-5.000000,496421.187500,248.210602,-99284.242188,1609.290161,50.000000,46.000000,45.000000,-3620902.750000,1810.451294,3701367.250000,1633.816650,50.000000,3.000000,-40.000000,3267633.250000,1633.816650,245072.515625,3847155.500000,-4530221.500000,139084.593750,-822150.625000,-1116386.250000,-1938536.875000
ml,worst,446,2026-06-12,1585.470703,10.000000,1985.684814,50.000000,-6.000000,-5.000000,496421.187500,248.210602,-595705.500000,1596.217529,50.000000,16.000000,-30.000000,2394326.250000,1197.163086,1276974.000000,1620.217285,50.000000,23.000000,20.000000,-1620217.250000,810.108643,1863249.750000,2544518.250000,-3259691.000000,141340.078125,-856512.812500,-1140559.625000,-1997072.500000
ml,worst,446,2026-06-13,1613.744385,10.000000,1985.684814,50.000000,-6.000000,0.000000,-0.000000,0.000000,-595705.500000,1612.792358,50.000000,16.000000,0.000000,-0.000000,0.000000,1290233.875000,1637.140625,50.000000,23.000000,0.000000,-0.000000,0.000000,1882711.750000,2577240.000000,-3259691.000000,141340.078125,-823791.062500,-1072151.000000,-1895942.000000
ml,worst,446,2026-06-14,1578.712769,10.000000,1985.684814,50.000000,-6.000000,0.000000,-0.000000,0.000000,-595705.500000,1580.545410,50.000000,16.000000,0.000000,-0.000000,0.000000,1264436.375000,1602.622192,50.000000,23.000000,0.000000,-0.000000,0.000000,1843015.375000,2511746.250000,-3259691.000000,141340.078125,-889284.812500,-1160055.375000,-2049340.250000
ml,worst,446,2026-06-15,1588.038696,10.000000,1985.684814,50.000000,-11.000000,-5.000000,496421.187500,248.210602,-1092126.625000,1582.597656,50.000000,6.000000,-10.000000,791298.812500,395.649414,474779.312500,1606.706299,50.000000,-7.000000,-30.000000,2410059.500000,1205.029663,-562347.187500,-1179694.500000,438088.437500,143188.968750,-884795.000000,-1139100.875000,-2023895.875000
ml,worst,446,2026-06-16,1589.898804,10.000000,1985.684814,50.000000,-16.000000,-5.000000,496421.187500,248.210602,-1588547.875000,1612.249512,50.000000,-24.000000,-30.000000,2418374.250000,1209.187134,-1934699.375000,1637.927979,50.000000,38.000000,45.000000,-3685338.000000,1842.669067,3112063.000000,-411184.250000,-332454.000000,146489.031250,-890127.250000,-1134049.750000,-2024177.000000
ml,worst,446,2026-06-17,1573.462524,10.000000,1985.684814,50.000000,-21.000000,-5.000000,496421.187500,248.210602,-2084969.125000,1593.717896,50.000000,21.000000,45.000000,-3585865.250000,1792.932739,1673403.750000,1615.145996,50.000000,8.000000,-30.000000,2422719.000000,1211.359497,646058.375000,234493.000000,-999179.000000,149741.546875,-914427.562500,-1176635.875000,-2091063.500000
ml,worst,446,2026-06-18,1559.084106,10.000000,1985.684814,50.000000,24.000000,45.000000,-4467791.000000,2233.895508,2382822.000000,1588.018433,50.000000,-9.000000,-30.000000,2382027.750000,1191.013916,-714608.312500,1606.777466,50.000000,1.000000,-7.000000,562372.125000,281.186066,80338.875000,1748552.625000,-2522570.250000,153447.640625,-927465.250000,-1213379.875000,-2140845.000000
ml,worst,446,2026-06-19,1559.356323,10.000000,1985.684814,50.000000,24.000000,0.000000,-0.000000,0.000000,2382822.000000,1571.229248,50.000000,-9.000000,0.000000,-0.000000,0.000000,-707053.187500,1592.770996,50.000000,1.000000,0.000000,-0.000000,0.000000,79638.546875,1755407.250000,-2522570.250000,153447.640625,-920610.625000,-1213337.750000,-2133948.500000
ml,worst,446,2026-06-20,1560.225830,10.000000,1985.684814,50.000000,24.000000,0.000000,-0.000000,0.000000,2382822.000000,1568.780518,50.000000,-9.000000,0.000000,-0.000000,0.000000,-705951.250000,1589.501831,50.000000,1.000000,0.000000,-0.000000,0.000000,79475.093750,1756345.875000,-2522570.250000,153447.640625,-919672.000000,-1211997.125000,-2131669.000000
ml,worst,446,2026-06-21,1533.443848,10.000000,1985.684814,50.000000,24.000000,0.000000,-0.000000,0.000000,2382822.000000,1533.873901,50.000000,-9.000000,0.000000,-0.000000,0.000000,-690243.250000,1554.591553,50.000000,1.000000,0.000000,-0.000000,0.000000,77729.578125,1770308.375000,-2522570.250000,153447.640625,-905709.500000,-1279720.875000,-2185430.500000
ml,worst,446,2026-06-22,1523.772827,10.000000,1985.684814,50.000000,19.000000,-5.000000,496421.187500,248.210602,1886400.625000,1527.250244,50.000000,36.000000,45.000000,-3436313.000000,1718.156494,2749050.500000,1547.802246,50.000000,46.000000,45.000000,-3482555.000000,1741.277588,3559945.250000,8195396.000000,-8945017.000000,157155.281250,-906776.250000,-1304450.125000,-2211226.500000
ml,worst,446,2026-06-23,1483.378052,10.000000,1985.684814,50.000000,14.000000,-5.000000,496421.187500,248.210602,1389979.375000,1500.954590,50.000000,-4.000000,-40.000000,3001909.250000,1500.954468,-300190.906250,1523.460571,50.000000,6.000000,-40.000000,3046921.000000,1523.460571,457038.187500,1546826.750000,-2399765.750000,160427.906250,-1013366.875000,-1406049.875000,-2419416.750000
ml,worst,446,2026-06-24,1454.827148,10.000000,1985.684814,50.000000,9.000000,-5.000000,496421.187500,248.210602,893558.187500,1457.312744,50.000000,41.000000,45.000000,-3278953.500000,1639.476929,2987491.250000,1478.464722,50.000000,-1.000000,-7.000000,517462.656250,258.731323,-73923.234375,3807126.250000,-4664835.000000,162574.328125,-1020283.062500,-1477169.500000,-2497452.500000
ml,worst,446,2026-06-25,1477.982544,10.000000,1985.684814,50.000000,4.000000,-5.000000,496421.187500,248.210602,397136.968750,1465.141235,50.000000,1.000000,-40.000000,2930282.500000,1465.141113,73257.062500,1485.105957,50.000000,-5.000000,-4.000000,297021.187500,148.510590,-371276.500000,99117.531250,-941110.500000,164436.187500,-1006429.187500,-1420685.000000,-2427114.250000
ml,worst,446,2026-06-26,1463.690552,10.000000,1985.684814,50.000000,-1.000000,-5.000000,496421.187500,248.210602,-99284.242188,1482.105103,50.000000,46.000000,45.000000,-3334736.250000,1667.368286,3408841.750000,1501.224731,50.000000,40.000000,45.000000,-3377755.500000,1688.877808,3002449.500000,6312007.000000,-7157181.000000,168040.640625,-1013214.625000,-1457530.625000,-2470745.250000
ml,worst,446,2026-06-27,1484.017700,10.000000,1985.684814,50.000000,-1.000000,0.000000,-0.000000,0.000000,-99284.242188,1464.380981,50.000000,46.000000,0.000000,-0.000000,0.000000,3368076.250000,1482.217407,50.000000,40.000000,0.000000,-0.000000,0.000000,2964434.750000,6233227.000000,-7157181.000000,168040.640625,-1091994.625000,-1407194.500000,-2499189.000000
ml,worst,446,2026-06-28,1475.064209,10.000000,1985.684814,50.000000,-1.000000,0.000000,-0.000000,0.000000,-99284.242188,1457.124512,50.000000,46.000000,0.000000,-0.000000,0.000000,3351386.250000,1474.108887,50.000000,40.000000,0.000000,-0.000000,0.000000,2948217.750000,6200320.000000,-7157181.000000,168040.640625,-1124901.625000,-1430903.125000,-2555804.750000
ml,worst,446,2026-06-29,1480.198608,10.000000,1985.684814,50.000000,-6.000000,-5.000000,496421.187500,248.210602,-595705.500000,1471.509399,50.000000,6.000000,-40.000000,2943018.750000,1471.509399,441452.843750,1488.886841,50.000000,0.000000,-40.000000,2977773.750000,1488.886841,0.000000,-154252.656250,-739967.375000,171249.250000,-1065469.250000,-1419654.000000,-2485123.250000
ml,worst,446,2026-06-30,1487.299194,10.000000,1985.684814,50.000000,-11.000000,-5.000000,496421.187500,248.210602,-1092126.625000,1511.918091,50.000000,2.000000,-4.000000,302383.625000,151.191803,151191.812500,1528.917725,50.000000,-15.000000,-15.000000,1146688.250000,573.344055,-1146688.250000,-2087623.000000,1205525.750000,172222.000000,-1054319.250000,-1402633.250000,-2456952.500000
ml,worst,446,2026-07-01,1478.551392,10.000000,1985.684814,50.000000,-16.000000,-5.000000,496421.187500,248.210602,-1588547.875000,1504.648071,50.000000,10.000000,8.000000,-601859.250000,300.929626,752324.000000,1521.911011,50.000000,30.000000,45.000000,-3424299.500000,1712.149902,2282866.500000,1446642.625000,-2324211.750000,174483.281250,-1052052.375000,-1425321.500000,-2477374.000000
ml,worst,446,2026-07-02,1472.780762,10.000000,1985.684814,50.000000,-21.000000,-5.000000,496421.187500,248.210602,-2084969.125000,1477.668701,50.000000,3.000000,-7.000000,517184.031250,258.592041,221650.296875,1495.019775,50.000000,-10.000000,-40.000000,2990039.500000,1495.019775,-747509.875000,-2610828.750000,1679432.750000,176485.125000,-1107881.125000,-1440832.000000,-2548713.000000
ml,worst,446,2026-07-03,1471.006470,10.000000,1985.684814,50.000000,24.000000,45.000000,-4467791.000000,2233.895508,2382822.000000,1495.637817,50.000000,11.000000,8.000000,-598255.125000,299.127533,822600.750000,1513.920898,50.000000,35.000000,45.000000,-3406322.000000,1703.161011,2649361.500000,5854784.000000,-6792935.000000,180721.281250,-1118872.250000,-1445064.750000,-2563937.000000
ml,worst,446,2026-07-04,1463.272583,10.000000,1985.684814,50.000000,24.000000,0.000000,-0.000000,0.000000,2382822.000000,1463.477661,50.000000,11.000000,0.000000,-0.000000,0.000000,804912.687500,1479.941528,50.000000,35.000000,0.000000,-0.000000,0.000000,2589897.750000,5777632.500000,-6792935.000000,180721.281250,-1196023.750000,-1462377.125000,-2658401.000000
ml,worst,446,2026-07-05,1471.470215,10.000000,1985.684814,50.000000,24.000000,0.000000,-0.000000,0.000000,2382822.000000,1509.495239,50.000000,11.000000,0.000000,-0.000000,0.000000,830222.375000,1526.975464,50.000000,35.000000,0.000000,-0.000000,0.000000,2672207.000000,5885251.500000,-6792935.000000,180721.281250,-1088404.750000,-1445755.000000,-2534159.750000
ml,worst,446,2026-07-06,1450.302124,10.000000,1985.684814,50.000000,19.000000,-5.000000,496421.187500,248.210602,1886400.625000,1453.425781,50.000000,4.000000,-7.000000,508699.031250,254.349503,290685.156250,1469.817505,50.000000,27.000000,-8.000000,587927.000000,293.963501,1984253.750000,4161339.500000,-5199888.000000,181517.812500,-1220066.250000,-1492093.625000,-2712160.000000
ml,worst,446,2026-07-07,1443.382446,10.000000,1985.684814,50.000000,14.000000,-5.000000,496421.187500,248.210602,1389979.375000,1441.338989,50.000000,24.000000,20.000000,-1441339.000000,720.669495,1729606.875000,1459.588501,50.000000,19.000000,-8.000000,583835.375000,291.917694,1386609.125000,4506195.500000,-5560970.500000,182778.609375,-1237553.625000,-1507141.875000,-2744695.500000
ml,worst,446,2026-07-08,1449.331421,10.000000,1985.684814,50.000000,9.000000,-5.000000,496421.187500,248.210602,893558.187500,1441.420044,50.000000,-6.000000,-30.000000,2162130.000000,1081.064941,-432426.031250,1459.952026,50.000000,-11.000000,-30.000000,2189928.000000,1094.963989,-802973.625000,-341841.468750,-712491.250000,185202.843750,-1239535.625000,-1496226.125000,-2735761.750000
ml,worst,446,2026-07-09,1453.371704,10.000000,1985.684814,50.000000,4.000000,-5.000000,496421.187500,248.210602,397136.968750,1449.701294,50.000000,39.000000,45.000000,-3261828.000000,1630.913940,2826917.500000,1468.380127,50.000000,34.000000,45.000000,-3303855.500000,1651.927612,2496246.250000,5720301.000000,-6781754.000000,188733.906250,-1250186.875000,-1489364.375000,-2739551.250000
ml,worst,446,2026-07-10,1463.782715,10.000000,1985.684814,50.000000,-1.000000,-5.000000,496421.187500,248.210602,-99284.242188,1477.021240,50.000000,-1.000000,-40.000000,2954042.500000,1477.021240,-73851.062500,1496.340698,50.000000,-6.000000,-40.000000,2992681.500000,1496.340576,-448902.187500,-622037.500000,-338608.406250,191955.484375,-1152601.375000,-1471684.375000,-2624285.750000
ml,worst,446,2026-07-11,1466.640991,10.000000,1985.684814,50.000000,-1.000000,0.000000,-0.000000,0.000000,-99284.242188,1467.968872,50.000000,-1.000000,0.000000,-0.000000,0.000000,-73398.445312,1485.698242,50.000000,-6.000000,0.000000,-0.000000,0.000000,-445709.468750,-618392.125000,-338608.406250,191955.484375,-1148956.000000,-1468158.125000,-2617114.000000
ml,worst,446,2026-07-12,1466.194824,10.000000,1985.684814,50.000000,-1.000000,0.000000,-0.000000,0.000000,-99284.242188,1488.473999,50.000000,-1.000000,0.000000,-0.000000,0.000000,-74423.703125,1507.211304,50.000000,-6.000000,0.000000,-0.000000,0.000000,-452163.375000,-625871.312500,-338608.406250,191955.484375,-1156435.250000,-1469792.375000,-2626227.500000
ml,worst,446,2026-07-13,1457.521851,10.000000,1985.684814,50.000000,-6.000000,-5.000000,496421.187500,248.210602,-595705.500000,1471.545288,50.000000,-31.000000,-30.000000,2207318.000000,1103.658936,-2280895.000000,1490.639038,50.000000,39.000000,45.000000,-3353938.000000,1676.968872,2906746.000000,30145.500000,-988807.250000,194984.328125,-1153646.125000,-1484435.125000,-2638081.250000
ml,worst,446,2026-07-14,1451.068604,10.000000,1985.684814,50.000000,-11.000000,-5.000000,496421.187500,248.210602,-1092126.625000,1459.391602,50.000000,14.000000,45.000000,-3283631.250000,1641.815430,1021574.125000,1477.455933,50.000000,-1.000000,-40.000000,2954912.000000,1477.455933,-73872.796875,-144425.296875,-821105.375000,198351.796875,-1163882.500000,-1495006.625000,-2658889.000000
ml,worst,446,2026-07-15,1445.439697,10.000000,1985.684814,50.000000,-16.000000,-5.000000,496421.187500,248.210602,-1588547.875000,1424.741943,50.000000,7.000000,-7.000000,498659.656250,249.329819,498659.656250,1440.768555,50.000000,-31.000000,-30.000000,2161152.750000,1080.576416,-2233191.250000,-3323079.500000,2335128.500000,199929.921875,-1187880.875000,-1503242.625000,-2691123.500000
ml,worst,446,2026-07-16,1463.493042,10.000000,1985.684814,50.000000,29.000000,45.000000,-4467791.000000,2233.895508,2879243.000000,1464.862427,50.000000,-23.000000,-30.000000,2197293.500000,1098.646851,-1684591.750000,1481.228149,50.000000,14.000000,45.000000,-3332763.250000,1666.381592,1036859.687500,2231511.000000,-3268132.500000,204928.843750,-1241550.375000,-1480162.750000,-2721713.000000
ml,worst,446,2026-07-17,1451.712891,10.000000,1985.684814,50.000000,24.000000,-5.000000,496421.187500,248.210602,2382822.000000,1445.771606,50.000000,22.000000,45.000000,-3252986.250000,1626.492920,1590348.750000,1463.442871,50.000000,7.000000,-7.000000,512204.968750,256.102478,512204.968750,4485375.500000,-5512492.500000,207059.656250,-1234176.625000,-1494712.000000,-2728888.500000
ml,worst,446,2026-07-18,1398.978149,10.000000,1985.684814,50.000000,24.000000,0.000000,-0.000000,0.000000,2382822.000000,1383.564331,50.000000,22.000000,0.000000,-0.000000,0.000000,1521920.750000,1400.266235,50.000000,7.000000,0.000000,-0.000000,0.000000,490093.156250,4394836.000000,-5512492.500000,207059.656250,-1324716.125000,-1552383.125000,-2877099.250000
ml,worst,446,2026-07-19,1392.361084,10.000000,1985.684814,50.000000,24.000000,0.000000,-0.000000,0.000000,2382822.000000,1378.790161,50.000000,22.000000,0.000000,-0.000000,0.000000,1516669.125000,1394.559692,50.000000,7.000000,0.000000,-0.000000,0.000000,488095.906250,4387587.000000,-5512492.500000,207059.656250,-1331965.125000,-1559866.750000,-2891832.000000
ml,worst,446,2026-07-20,1391.285156,10.000000,1985.684814,50.000000,19.000000,-5.000000,496421.187500,248.210602,1886400.625000,1380.262573,50.000000,-8.000000,-30.000000,2070394.000000,1035.196777,-552105.000000,1396.165771,50.000000,15.000000,8.000000,-558466.312500,279.233154,1047124.312500,2381420.000000,-3504143.500000,208622.281250,-1331345.750000,-1561389.250000,-2892735.000000
ml,worst,446,2026-07-21,1410.843018,10.000000,1985.684814,50.000000,14.000000,-5.000000,496421.187500,248.210602,1389979.375000,1409.015747,50.000000,37.000000,45.000000,-3170285.250000,1585.142578,2606679.000000,1424.636719,50.000000,-15.000000,-30.000000,2136955.000000,1068.477539,-1068477.500000,2928181.000000,-4041052.500000,211524.125000,-1324395.625000,-1542571.250000,-2866967.000000
ml,worst,446,2026-07-22,1380.406250,10.000000,1985.684814,50.000000,9.000000,-5.000000,496421.187500,248.210602,893558.187500,1372.989136,50.000000,7.000000,-30.000000,2059483.750000,1029.741699,480546.187500,1389.134766,50.000000,30.000000,45.000000,-3125553.000000,1562.776489,2083702.125000,3457806.500000,-4610701.000000,214364.843750,-1367259.375000,-1569431.375000,-2936690.750000
ml,worst,446,2026-07-23,1386.020386,10.000000,1985.684814,50.000000,4.000000,-5.000000,496421.187500,248.210602,397136.968750,1365.367310,50.000000,0.000000,-7.000000,477878.562500,238.939270,0.000000,1382.739746,50.000000,0.000000,-30.000000,2074109.625000,1037.054810,0.000000,397136.968750,-1562291.500000,215889.062500,-1381043.500000,-1565572.750000,-2946616.250000
ml,worst,446,2026-07-24,1360.941895,10.000000,1985.684814,50.000000,-1.000000,-5.000000,496421.187500,248.210602,-99284.242188,1345.547119,50.000000,-3.000000,-3.000000,201832.062500,100.916039,-201832.062500,1362.588379,50.000000,-3.000000,-3.000000,204388.250000,102.194138,-204388.250000,-505504.562500,-659649.875000,216340.375000,-1381494.875000,-1582178.875000,-2963673.750000
ml,worst,446,2026-07-25,1365.087891,10.000000,1985.684814,50.000000,-1.000000,0.000000,-0.000000,0.000000,-99284.242188,1367.981934,50.000000,-3.000000,0.000000,-0.000000,0.000000,-205197.296875,1383.395386,50.000000,-3.000000,0.000000,-0.000000,0.000000,-207509.296875,-511990.812500,-659649.875000,216340.375000,-1387981.125000,-1580236.375000,-2968217.500000
ml,worst,446,2026-07-26,1363.111816,10.000000,1985.684814,50.000000,-1.000000,0.000000,-0.000000,0.000000,-99284.242188,1355.755127,50.000000,-3.000000,0.000000,-0.000000,0.000000,-203363.265625,1370.804565,50.000000,-3.000000,0.000000,-0.000000,0.000000,-205620.671875,-508268.187500,-659649.875000,216340.375000,-1384258.375000,-1581611.750000,-2965870.000000
ml,worst,446,2026-07-27,1377.220215,10.000000,1985.684814,50.000000,-6.000000,-5.000000,496421.187500,248.210602,-595705.500000,1363.392212,50.000000,42.000000,45.000000,-3067632.500000,1533.816162,2863123.750000,1378.551270,50.000000,42.000000,45.000000,-3101740.500000,1550.870117,2894957.500000,5162376.000000,-6332602.000000,219673.281250,-1389899.250000,-1574258.250000,-2964157.500000
ml,worst,446,2026-07-28,1383.942139,10.000000,1985.684814,50.000000,-11.000000,-5.000000,496421.187500,248.210602,-1092126.625000,1358.958984,50.000000,12.000000,-30.000000,2038438.500000,1019.219177,815375.375000,1373.895264,50.000000,12.000000,-30.000000,2060843.000000,1030.421387,824337.125000,547585.875000,-1736899.000000,221971.125000,-1411284.250000,-1571591.000000,-2982875.250000
ml,worst,446,2026-07-29,1388.698975,10.000000,1985.684814,50.000000,-16.000000,-5.000000,496421.187500,248.210602,-1588547.875000,1390.429688,50.000000,7.000000,-5.000000,347607.437500,173.803711,486650.375000,1406.367798,50.000000,-18.000000,-30.000000,2109551.750000,1054.775757,-1265731.000000,-2367628.500000,1216681.250000,223447.906250,-1374395.125000,-1570283.625000,-2944678.750000
ml,worst,446,2026-07-30,1388.898315,10.000000,1985.684814,50.000000,29.000000,45.000000,-4467791.000000,2233.895508,2879243.000000,1390.429688,50.000000,2.000000,-5.000000,347607.437500,173.803711,139042.968750,1389.247925,50.000000,27.000000,45.000000,-3125807.750000,1562.903931,1875484.750000,4893771.000000,-6029310.000000,227418.500000,-1362957.500000,-1570439.125000,-2933396.500000
ml,worst,446,2026-07-31,1394.275757,10.000000,1985.684814,50.000000,24.000000,-5.000000,496421.187500,248.210602,2382822.000000,1390.429688,50.000000,-3.000000,-5.000000,347607.437500,173.803711,-208564.453125,1409.433838,50.000000,-3.000000,-30.000000,2114150.750000,1057.075439,-211415.093750,1962842.375000,-3071130.500000,228897.609375,-1337185.750000,-1570017.875000,-2907203.500000
ml,worst,446,2026-08-01,1400.928101,10.000000,1985.684814,50.000000,24.000000,0.000000,-0.000000,0.000000,2382822.000000,1390.429688,50.000000,-3.000000,0.000000,-0.000000,0.000000,-208564.453125,1423.590698,50.000000,-3.000000,0.000000,-0.000000,0.000000,-213538.593750,1960718.875000,-3071130.500000,228897.609375,-1339309.250000,-1570149.500000,-2909458.750000
ml,worst,446,2026-08-02,1403.621460,10.000000,1985.684814,50.000000,24.000000,0.000000,-0.000000,0.000000,2382822.000000,1390.429688,50.000000,-3.000000,0.000000,-0.000000,0.000000,-208564.453125,1406.598633,50.000000,-3.000000,0.000000,-0.000000,0.000000,-210989.796875,1963267.750000,-3071130.500000,228897.609375,-1336760.375000,-1570285.125000,-2907045.500000
ml,worst,446,2026-08-03,1392.395630,10.000000,1985.684814,50.000000,19.000000,-5.000000,496421.187500,248.210602,1886400.625000,1390.429688,50.000000,-8.000000,-5.000000,347607.437500,173.803711,-556171.875000,1411.870728,50.000000,42.000000,45.000000,-3176709.250000,1588.354614,2964928.500000,4295157.000000,-5403811.000000,230907.968750,-1339562.000000,-1570438.875000,-2910001.000000
ml,worst,446,2026-08-04,1386.341064,10.000000,1985.684814,50.000000,14.000000,-5.000000,496421.187500,248.210602,1389979.375000,1390.429688,50.000000,-13.000000,-5.000000,347607.437500,173.803711,-903779.312500,1409.094116,50.000000,12.000000,-30.000000,2113641.250000,1056.820435,845456.437500,1331656.500000,-2446141.500000,232386.812500,-1346871.750000,-1570582.875000,-2917454.500000
ml,worst,446,2026-08-05,1398.231934,10.000000,1985.684814,50.000000,9.000000,-5.000000,496421.187500,248.210602,893558.187500,1390.429688,50.000000,32.000000,45.000000,-3128466.750000,1564.233398,2224687.500000,1418.608032,50.000000,20.000000,8.000000,-567443.187500,283.721588,1418608.000000,4536854.000000,-5645630.000000,234482.968750,-1343259.000000,-1570730.625000,-2913989.500000
ml,worst,446,2026-08-06,1402.000000,10.000000,1985.684814,50.000000,4.000000,-5.000000,496421.187500,248.210602,397136.968750,1390.429688,50.000000,37.000000,5.000000,-347607.437500,173.803711,2572295.000000,1418.407837,50.000000,-10.000000,-30.000000,2127611.750000,1063.805786,-709203.875000,2260228.000000,-3369204.500000,235968.796875,-1344945.250000,-1570730.625000,-2915676.000000
ml,worst,446,2026-08-07,1400.492065,10.000000,1985.684814,50.000000,-1.000000,-5.000000,496421.187500,248.210602,-99284.242188,1390.429688,50.000000,12.000000,-25.000000,1738037.125000,869.018555,834257.812500,1421.881470,50.000000,35.000000,45.000000,-3199233.500000,1599.616577,2488292.500000,3223266.000000,-4333980.000000,238685.656250,-1349399.625000,-1570730.625000,-2920130.250000
ml,worst,446,2026-08-08,1402.280151,10.000000,1985.684814,50.000000,-1.000000,0.000000,-0.000000,0.000000,-99284.242188,1390.429688,50.000000,12.000000,0.000000,-0.000000,0.000000,834257.812500,1409.749390,50.000000,35.000000,0.000000,-0.000000,0.000000,2467061.500000,3202035.000000,-4333980.000000,238685.656250,-1370630.625000,-1570730.625000,-2941361.250000
ml,worst,446,2026-08-09,1398.588013,10.000000,1985.684814,50.000000,-1.000000,0.000000,-0.000000,0.000000,-99284.242188,1390.429688,50.000000,12.000000,0.000000,-0.000000,0.000000,834257.812500,1420.446777,50.000000,35.000000,0.000000,-0.000000,0.000000,2485781.750000,3220755.250000,-4333980.000000,238685.656250,-1351910.375000,-1570730.625000,-2922641.000000
ml,worst,446,2026-08-10,1384.629150,10.000000,1985.684814,50.000000,-6.000000,-5.000000,496421.187500,248.210602,-595705.500000,1390.429688,50.000000,7.000000,-5.000000,347607.437500,173.803711,486650.375000,1398.073853,50.000000,5.000000,-30.000000,2097110.750000,1048.555420,349518.468750,240463.343750,-1392840.500000,240156.203125,-1392533.375000,-1570730.625000,-2963264.000000
ml,worst,446,2026-08-11,1384.641113,10.000000,1985.684814,50.000000,-11.000000,-5.000000,496421.187500,248.210602,-1092126.625000,1390.429688,50.000000,2.000000,-5.000000,347607.437500,173.803711,139042.968750,1403.231689,50.000000,-25.000000,-30.000000,2104847.500000,1052.423706,-1754039.625000,-2707123.250000,1556035.750000,241630.656250,-1392718.125000,-1570730.625000,-2963448.750000
ml,worst,446,2026-08-12,1386.547241,10.000000,1985.684814,50.000000,-6.000000,5.000000,-496421.187500,248.210602,-595705.500000,1390.429688,50.000000,-3.000000,-5.000000,347607.437500,173.803711,-208564.453125,1395.033203,50.000000,20.000000,45.000000,-3138824.500000,1569.412231,1395033.250000,590763.312500,-1731602.375000,243622.062500,-1384461.000000,-1570730.625000,-2955191.500000
ml,worst,446,2026-08-13,1380.225952,10.000000,1985.684814,50.000000,-11.000000,-5.000000,496421.187500,248.210602,-1092126.625000,1390.429688,50.000000,-8.000000,-5.000000,347607.437500,173.803711,-556171.875000,1364.478271,50.000000,-10.000000,-30.000000,2046717.375000,1023.358643,-682239.187500,-2330537.750000,1159143.500000,245067.437500,-1416461.750000,-1570730.625000,-2987192.500000
ml,worst,446,2026-08-14,1385.009521,10.000000,1985.684814,50.000000,-6.000000,5.000000,-496421.187500,248.210602,-595705.500000,1390.429688,50.000000,-13.000000,-5.000000,347607.437500,173.803711,-903779.312500,1346.328369,50.000000,35.000000,45.000000,-3029238.750000,1514.619507,2356074.500000,856589.750000,-2018909.000000,247004.078125,-1409323.375000,-1570730.625000,-2980054.000000
ml,worst,446,2026-08-15,1388.085938,10.000000,1985.684814,50.000000,-6.000000,0.000000,-0.000000,0.000000,-595705.500000,1390.429688,50.000000,-13.000000,0.000000,-0.000000,0.000000,-903779.312500,1380.852661,50.000000,35.000000,0.000000,-0.000000,0.000000,2416492.250000,917007.500000,-2018909.000000,247004.078125,-1348905.625000,-1570730.625000,-2919636.250000
ml,worst,446,2026-08-16,1380.656372,10.000000,1985.684814,50.000000,-6.000000,0.000000,-0.000000,0.000000,-595705.500000,1390.429688,50.000000,-13.000000,0.000000,-0.000000,0.000000,-903779.312500,1368.874146,50.000000,35.000000,0.000000,-0.000000,0.000000,2395529.750000,896045.000000,-2018909.000000,247004.078125,-1369868.125000,-1570730.625000,-2940598.750000
ml,worst,446,2026-08-17,1379.740234,10.000000,1985.684814,50.000000,-11.000000,-5.000000,496421.187500,248.210602,-1092126.625000,1390.429688,50.000000,-18.000000,-5.000000,347607.437500,173.803711,-1251386.750000,1379.291382,50.000000,5.000000,-30.000000,2068937.125000,1034.468506,344822.843750,-1998690.625000,894056.750000,248460.562500,-1353094.500000,-1570730.625000,-2923825.000000
ml,worst,446,2026-08-18,1381.538208,10.000000,1985.684814,50.000000,-16.000000,-5.000000,496421.187500,248.210602,-1588547.875000,1390.429688,50.000000,-13.000000,5.000000,-347607.437500,173.803711,-903779.312500,1397.949707,50.000000,-25.000000,-30.000000,2096924.625000,1048.462280,-1747437.125000,-4239764.500000,3139795.250000,249931.031250,-1349900.250000,-1570730.625000,-2920631.000000
ml,worst,446,2026-08-19,1394.733276,10.000000,1985.684814,50.000000,-11.000000,5.000000,-496421.187500,248.210602,-1092126.625000,1390.429688,50.000000,-18.000000,-5.000000,347607.437500,173.803711,-1251386.750000,1407.303223,50.000000,20.000000,45.000000,-3166432.250000,1583.216064,1407303.250000,-936210.250000,-175450.875000,251936.281250,-1363597.375000,-1570730.625000,-2934328.000000
ml,worst,446,2026-08-20,1390.523193,10.000000,1985.684814,50.000000,-16.000000,-5.000000,496421.187500,248.210602,-1588547.875000,1390.429688,50.000000,-23.000000,-5.000000,347607.437500,173.803711,-1598994.125000,1400.023804,50.000000,-10.000000,-30.000000,2100035.750000,1050.017700,-700011.937500,-3887554.000000,2768613.500000,253408.312500,-1372348.750000,-1570730.625000,-2943079.500000
ml,worst,446,2026-08-21,1421.842407,10.000000,1985.684814,50.000000,-11.000000,5.000000,-496421.187500,248.210602,-1092126.625000,1390.429688,50.000000,22.000000,45.000000,-3128466.750000,1564.233398,1529472.625000,1439.679443,50.000000,35.000000,45.000000,-3239278.750000,1619.639282,2519439.000000,2956785.000000,-4095553.250000,256840.375000,-1395608.625000,-1570730.625000,-2966339.250000
ml,worst,446,2026-08-22,1421.105835,10.000000,1985.684814,50.000000,-11.000000,0.000000,-0.000000,0.000000,-1092126.625000,1390.429688,50.000000,22.000000,0.000000,-0.000000,0.000000,1529472.625000,1440.990234,50.000000,35.000000,0.000000,-0.000000,0.000000,2521732.750000,2959078.750000,-4095553.250000,256840.375000,-1393314.875000,-1570730.625000,-2964045.500000
ml,worst,446,2026-08-23,1430.756714,10.000000,1985.684814,50.000000,-11.000000,0.000000,-0.000000,0.000000,-1092126.625000,1390.429688,50.000000,22.000000,0.000000,-0.000000,0.000000,1529472.625000,1431.958374,50.000000,35.000000,0.000000,-0.000000,0.000000,2505927.250000,2943273.250000,-4095553.250000,256840.375000,-1409120.375000,-1570730.625000,-2979851.000000
ml,worst,446,2026-08-24,1422.804199,10.000000,1985.684814,50.000000,-16.000000,-5.000000,496421.187500,248.210602,-1588547.875000,1390.429688,50.000000,17.000000,-5.000000,347607.437500,173.803711,1181865.250000,1426.546265,50.000000,5.000000,-30.000000,2139819.250000,1069.909668,356636.562500,-50046.062500,-1111705.250000,258332.312500,-1420083.500000,-1570730.625000,-2990814.000000
ml,worst,446,2026-08-25,1417.391846,10.000000,1985.684814,50.000000,-11.000000,5.000000,-496421.187500,248.210602,-1092126.625000,1390.429688,50.000000,12.000000,-5.000000,347607.437500,173.803711,834257.812500,1436.274902,50.000000,-5.000000,-10.000000,718137.437500,359.068726,-359068.718750,-616937.500000,-542381.687500,259113.390625,-1418432.625000,-1570730.625000,-2989163.250000
ml,worst,446,2026-08-26,1413.775879,10.000000,1985.684814,50.000000,-6.000000,5.000000,-496421.187500,248.210602,-595705.500000,1390.429688,50.000000,7.000000,-5.000000,347607.437500,173.803711,486650.375000,1428.239624,50.000000,-4.000000,1.000000,-71411.984375,35.705994,-285647.937500,-394703.062500,-762607.375000,259571.125000,-1416881.625000,-1570730.625000,-2987612.250000
ml,worst,446,2026-08-27,1414.389404,10.000000,1985.684814,50.000000,-1.000000,5.000000,-496421.187500,248.210602,-99284.242188,1390.429688,50.000000,2.000000,-5.000000,347607.437500,173.803711,139042.968750,1425.507080,50.000000,-13.000000,-9.000000,641478.187500,320.739044,-926579.562500,-886820.812500,-269943.000000,260313.875000,-1417077.625000,-1570730.625000,-2987808.250000
ml,worst,446,2026-08-28,1429.147583,10.000000,1985.684814,50.000000,-6.000000,-5.000000,496421.187500,248.210602,-595705.500000,1390.429688,50.000000,-3.000000,-5.000000,347607.437500,173.803711,-208564.453125,1442.224731,50.000000,-18.000000,-5.000000,360556.187500,180.278091,-1298002.250000,-2102272.250000,934641.875000,260916.156250,-1428546.500000,-1570730.625000,-2999277.000000
ml,worst,446,2026-08-29,1445.161255,10.000000,1985.684814,50.000000,-6.000000,0.000000,-0.000000,0.000000,-595705.500000,1390.429688,50.000000,-3.000000,0.000000,-0.000000,0.000000,-208564.453125,1449.421143,50.000000,-18.000000,0.000000,-0.000000,0.000000,-1304479.000000,-2108749.000000,934641.875000,260916.156250,-1435023.250000,-1570730.625000,-3005754.000000
ml,worst,446,2026-08-30,1434.613892,10.000000,1985.684814,50.000000,-6.000000,0.000000,-0.000000,0.000000,-595705.500000,1390.429688,50.000000,-3.000000,0.000000,-0.000000,0.000000,-208564.453125,1433.421997,50.000000,-18.000000,0.000000,-0.000000,0.000000,-1290079.750000,-2094349.750000,934641.875000,260916.156250,-1420624.000000,-1570730.625000,-2991354.500000
ml,worst,446,2026-08-31,1452.352051,10.000000,1985.684814,50.000000,-1.000000,5.000000,-496421.187500,248.210602,-99284.242188,1390.429688,50.000000,-8.000000,-5.000000,347607.437500,173.803711,-556171.875000,1463.537964,50.000000,-13.000000,5.000000,-365884.500000,182.942230,-951299.687500,-1606755.750000,419943.625000,261521.125000,-1448333.250000,-1570730.625000,-3019064.000000
ml,worst,446,2026-09-01,1463.023438,10.000000,1985.684814,50.000000,-6.000000,-5.000000,496421.187500,248.210602,-595705.500000,1390.429688,50.000000,-3.000000,5.000000,-347607.437500,173.803711,-208564.453125,1481.647461,50.000000,-18.000000,-5.000000,370411.875000,185.205933,-1333482.750000,-2137752.750000,939169.250000,262128.328125,-1460711.875000,-1570730.625000,-3031442.500000
ml,worst,446,2026-09-02,1476.731445,10.000000,1985.684814,50.000000,-1.000000,5.000000,-496421.187500,248.210602,-99284.242188,1390.429688,50.000000,-8.000000,-5.000000,347607.437500,173.803711,-556171.875000,1499.226807,50.000000,-13.000000,5.000000,-374806.687500,187.403351,-974497.437500,-1629953.500000,415548.812500,262737.750000,-1477142.500000,-1570730.625000,-3047873.000000
ml,worst,446,2026-09-03,1472.031006,10.000000,1985.684814,50.000000,-6.000000,-5.000000,496421.187500,248.210602,-595705.500000,1390.429688,50.000000,-3.000000,5.000000,-347607.437500,173.803711,-208564.453125,1475.636353,50.000000,-18.000000,-5.000000,368909.093750,184.454529,-1328072.750000,-2132342.750000,933271.625000,263344.218750,-1462415.375000,-1570730.625000,-3033146.000000
ml,worst,446,2026-09-04,1488.444214,10.000000,1985.684814,50.000000,-1.000000,5.000000,-496421.187500,248.210602,-99284.242188,1390.429688,50.000000,-8.000000,-5.000000,347607.437500,173.803711,-556171.875000,1502.971436,50.000000,-13.000000,5.000000,-375742.875000,187.871414,-976931.437500,-1632387.500000,408715.000000,263954.125000,-1487626.625000,-1570730.625000,-3058357.250000
ml,worst,446,2026-09-05,1498.283813,10.000000,1985.684814,50.000000,-1.000000,0.000000,-0.000000,0.000000,-99284.242188,1390.429688,50.000000,-8.000000,0.000000,-0.000000,0.000000,-556171.875000,1506.488159,50.000000,-13.000000,0.000000,-0.000000,0.000000,-979217.312500,-1634673.500000,408715.000000,263954.125000,-1489912.625000,-1570730.625000,-3060643.250000
ml,worst,446,2026-09-06,1471.884277,10.000000,1985.684814,50.000000,-1.000000,0.000000,-0.000000,0.000000,-99284.242188,1390.429688,50.000000,-8.000000,0.000000,-0.000000,0.000000,-556171.875000,1484.521729,50.000000,-13.000000,0.000000,-0.000000,0.000000,-964939.187500,-1620395.250000,408715.000000,263954.125000,-1475634.375000,-1570730.625000,-3046365.000000
ml,worst,446,2026-09-07,1468.270020,10.000000,1985.684814,50.000000,-1.000000,0.000000,-0.000000,0.000000,-99284.242188,1390.429688,50.000000,-8.000000,0.000000,-0.000000,0.000000,-556171.875000,1469.876831,50.000000,-13.000000,0.000000,-0.000000,0.000000,-955419.937500,-1610876.000000,408715.000000,263954.125000,-1466115.125000,-1570730.625000,-3036845.750000
ml,worst,446,2026-09-08,1458.836060,10.000000,1985.684814,50.000000,-6.000000,-5.000000,496421.187500,248.210602,-595705.500000,1390.429688,50.000000,-3.000000,5.000000,-347607.437500,173.803711,-208564.453125,1453.789551,50.000000,-18.000000,-5.000000,363447.375000,181.723694,-1308410.500000,-2112680.500000,920976.125000,264557.843750,-1456262.250000,-1570730.625000,-3026993.000000
ml,worst,446,2026-09-09,1461.736206,10.000000,1985.684814,50.000000,-1.000000,5.000000,-496421.187500,248.210602,-99284.242188,1390.429688,50.000000,-8.000000,-5.000000,347607.437500,173.803711,-556171.875000,1459.846069,50.000000,-13.000000,5.000000,-364961.531250,182.480759,-948899.875000,-1604356.000000,407200.875000,265162.343750,-1462317.500000,-1570730.625000,-3033048.000000
ml,worst,446,2026-09-10,1479.461182,10.000000,1985.684814,50.000000,-6.000000,-5.000000,496421.187500,248.210602,-595705.500000,1390.429688,50.000000,-3.000000,5.000000,-347607.437500,173.803711,-208564.453125,1476.814209,50.000000,-18.000000,-5.000000,369203.562500,184.601776,-1329132.750000,-2133402.750000,925218.125000,265768.937500,-1473953.500000,-1570730.625000,-3044684.000000
ml,worst,446,2026-09-11,1494.014038,10.000000,1985.684814,50.000000,-1.000000,5.000000,-496421.187500,248.210602,-99284.242188,1390.429688,50.000000,-8.000000,-5.000000,347607.437500,173.803711,-556171.875000,1507.555786,50.000000,-13.000000,5.000000,-376888.937500,188.444458,-979911.250000,-1635367.375000,399515.500000,266379.406250,-1502231.250000,-1570730.625000,-3072962.000000
ml,worst,446,2026-09-12,1480.939209,10.000000,1985.684814,50.000000,-1.000000,0.000000,-0.000000,0.000000,-99284.242188,1390.429688,50.000000,-8.000000,0.000000,-0.000000,0.000000,-556171.875000,1485.485962,50.000000,-13.000000,0.000000,-0.000000,0.000000,-965565.937500,-1621022.000000,399515.500000,266379.406250,-1487885.875000,-1570730.625000,-3058616.500000
ml,worst,446,2026-09-13,1507.283325,10.000000,1985.684814,50.000000,-1.000000,0.000000,-0.000000,0.000000,-99284.242188,1390.429688,50.000000,-8.000000,0.000000,-0.000000,0.000000,-556171.875000,1557.377075,50.000000,-13.000000,0.000000,-0.000000,0.000000,-1012295.125000,-1667751.250000,399515.500000,266379.406250,-1534615.125000,-1570730.625000,-3105345.750000
ml,worst,446,2026-09-14,1547.578369,10.000000,1985.684814,50.000000,-6.000000,-5.000000,496421.187500,248.210602,-595705.500000,1390.429688,50.000000,-3.000000,5.000000,-347607.437500,173.803711,-208564.453125,1577.185181,50.000000,-18.000000,-5.000000,394296.281250,197.148132,-1419466.750000,-2223736.750000,942625.500000,266998.562500,-1548109.750000,-1570730.625000,-3118840.500000
ml,worst,446,2026-09-15,1542.538330,10.000000,1985.684814,50.000000,-1.000000,5.000000,-496421.187500,248.210602,-99284.242188,1390.429688,50.000000,-8.000000,-5.000000,347607.437500,173.803711,-556171.875000,1566.292236,50.000000,-23.000000,-5.000000,391573.062500,195.786530,-1801236.125000,-2456692.250000,1185384.875000,267616.375000,-1538923.750000,-1570730.625000,-3109654.500000
ml,worst,446,2026-09-16,1550.644653,10.000000,1985.684814,50.000000,-6.000000,-5.000000,496421.187500,248.210602,-595705.500000,1390.429688,50.000000,-3.000000,5.000000,-347607.437500,173.803711,-208564.453125,1583.219116,50.000000,-18.000000,5.000000,-395804.781250,197.902374,-1424897.125000,-2229167.000000,938393.750000,268236.312500,-1559009.500000,-1570730.625000,-3129740.000000
ml,worst,446,2026-09-17,1547.292847,10.000000,1985.684814,50.000000,-1.000000,5.000000,-496421.187500,248.210602,-99284.242188,1390.429688,50.000000,-8.000000,-5.000000,347607.437500,173.803711,-556171.875000,1566.408203,50.000000,-23.000000,-5.000000,391602.062500,195.801010,-1801369.500000,-2456825.500000,1181182.125000,268854.125000,-1544497.500000,-1570730.625000,-3115228.000000
ml,worst,446,2026-09-18,1572.317993,10.000000,1985.684814,50.000000,-6.000000,-5.000000,496421.187500,248.210602,-595705.500000,1390.429688,50.000000,-3.000000,5.000000,-347607.437500,173.803711,-208564.453125,1585.986572,50.000000,-18.000000,5.000000,-396496.625000,198.248306,-1427387.875000,-2231657.750000,933499.250000,269474.375000,-1567632.875000,-1570730.625000,-3138363.500000
ml,worst,446,2026-09-19,1561.686157,10.000000,1985.684814,50.000000,-6.000000,0.000000,-0.000000,0.000000,-595705.500000,1390.429688,50.000000,-3.000000,0.000000,-0.000000,0.000000,-208564.453125,1584.860229,50.000000,-18.000000,0.000000,-0.000000,0.000000,-1426374.250000,-2230644.250000,933499.250000,269474.375000,-1566619.375000,-1570730.625000,-3137350.000000
ml,worst,446,2026-09-20,1612.567627,10.000000,1985.684814,50.000000,-6.000000,0.000000,-0.000000,0.000000,-595705.500000,1390.429688,50.000000,-3.000000,0.000000,-0.000000,0.000000,-208564.453125,1656.551270,50.000000,-18.000000,0.000000,-0.000000,0.000000,-1490896.125000,-2295166.000000,933499.250000,269474.375000,-1631141.125000,-1570730.625000,-3201871.750000
ml,worst,446,2026-09-21,1598.455078,10.000000,1985.684814,50.000000,-1.000000,5.000000,-496421.187500,248.210602,-99284.242188,1390.429688,50.000000,-8.000000,-5.000000,347607.437500,173.803711,-556171.875000,1617.864746,50.000000,-23.000000,-5.000000,404466.187500,202.233093,-1860544.500000,-2516000.500000,1189151.625000,270098.625000,-1596947.500000,-1570730.625000,-3167678.000000
ml,worst,446,2026-09-22,1613.342041,10.000000,1985.684814,50.000000,-6.000000,-5.000000,496421.187500,248.210602,-595705.500000,1390.429688,50.000000,-3.000000,5.000000,-347607.437500,173.803711,-208564.453125,1624.305420,50.000000,-18.000000,5.000000,-406076.375000,203.038177,-1461874.875000,-2266144.750000,931889.000000,270723.656250,-1604979.375000,-1570730.625000,-3175710.000000
ml,worst,446,2026-09-23,1616.020630,10.000000,1985.684814,50.000000,-1.000000,5.000000,-496421.187500,248.210602,-99284.242188,1390.429688,50.000000,2.000000,5.000000,-347607.437500,173.803711,139042.968750,1620.562500,50.000000,-23.000000,-5.000000,405140.625000,202.570312,-1863646.875000,-1823888.125000,493001.000000,271348.250000,-1602235.375000,-1570730.625000,-3172966.000000
ml,worst,446,2026-09-24,1627.903320,10.000000,1985.684814,50.000000,-6.000000,-5.000000,496421.187500,248.210602,-595705.500000,1390.429688,50.000000,-3.000000,-5.000000,347607.437500,173.803711,-208564.453125,1644.742676,50.000000,-18.000000,5.000000,-411185.656250,205.592819,-1480268.375000,-2284538.250000,925844.000000,271975.875000,-1630670.125000,-1570730.625000,-3201400.750000
ml,worst,446,2026-09-25,1645.928101,10.000000,1985.684814,50.000000,-1.000000,5.000000,-496421.187500,248.210602,-99284.242188,1390.429688,50.000000,2.000000,5.000000,-347607.437500,173.803711,139042.968750,1651.560181,50.000000,-23.000000,-5.000000,412890.031250,206.445007,-1899294.125000,-1859535.375000,494705.375000,272604.312500,-1637434.250000,-1570730.625000,-3208165.000000
ml,worst,446,2026-09-26,1639.025879,10.000000,1985.684814,50.000000,-1.000000,0.000000,-0.000000,0.000000,-99284.242188,1390.429688,50.000000,2.000000,0.000000,-0.000000,0.000000,139042.968750,1643.420654,50.000000,-23.000000,0.000000,-0.000000,0.000000,-1889933.750000,-1850175.000000,494705.375000,272604.312500,-1628074.000000,-1570730.625000,-3198804.500000
ml,worst,446,2026-09-27,1627.450806,10.000000,1985.684814,50.000000,-1.000000,0.000000,-0.000000,0.000000,-99284.242188,1390.429688,50.000000,2.000000,0.000000,-0.000000,0.000000,139042.968750,1612.323975,50.000000,-23.000000,0.000000,-0.000000,0.000000,-1854172.625000,-1814413.875000,494705.375000,272604.312500,-1592312.750000,-1570730.625000,-3163043.500000
ml,worst,446,2026-09-28,1608.856323,10.000000,1985.684814,50.000000,-6.000000,-5.000000,496421.187500,248.210602,-595705.500000,1390.429688,50.000000,-3.000000,-5.000000,347607.437500,173.803711,-208564.453125,1610.169434,50.000000,-18.000000,5.000000,-402542.343750,201.271179,-1449152.500000,-2253422.500000,936191.750000,273227.625000,-1590458.375000,-1570730.625000,-3161189.000000
ml,worst,446,2026-09-29,1640.276123,10.000000,1985.684814,50.000000,-1.000000,5.000000,-496421.187500,248.210602,-99284.242188,1390.429688,50.000000,2.000000,5.000000,-347607.437500,173.803711,139042.968750,1637.415527,50.000000,-23.000000,-5.000000,409353.875000,204.676941,-1883027.875000,-1843269.125000,501516.937500,273854.312500,-1615606.500000,-1570730.625000,-3186337.000000
ml,worst,446,2026-09-30,1644.972534,10.000000,1985.684814,50.000000,-6.000000,-5.000000,496421.187500,248.210602,-595705.500000,1390.429688,50.000000,-3.000000,-5.000000,347607.437500,173.803711,-208564.453125,1626.429565,50.000000,-18.000000,5.000000,-406607.406250,203.303680,-1463786.625000,-2268056.500000,938938.125000,274479.625000,-1603598.000000,-1570730.625000,-3174328.500000
ml,worst,446,2026-10-01,1649.615479,10.000000,1985.684814,50.000000,-1.000000,5.000000,-496421.187500,248.210602,-99284.242188,1390.429688,50.000000,2.000000,5.000000,-347607.437500,173.803711,139042.968750,1644.427856,50.000000,-23.000000,-5.000000,411106.968750,205.553452,-1891092.000000,-1851333.250000,506016.500000,275107.187500,-1620424.000000,-1570730.625000,-3191154.500000
ml,worst,446,2026-10-02,1659.765503,10.000000,1985.684814,50.000000,-6.000000,-5.000000,496421.187500,248.210602,-595705.500000,1390.429688,50.000000,-3.000000,-5.000000,347607.437500,173.803711,-208564.453125,1691.571411,50.000000,-18.000000,5.000000,-422892.875000,211.446411,-1522414.250000,-2326684.250000,927152.250000,275740.625000,-1675272.625000,-1570730.625000,-3246003.250000
ml,worst,446,2026-10-03,1642.733032,10.000000,1985.684814,50.000000,-6.000000,0.000000,-0.000000,0.000000,-595705.500000,1390.429688,50.000000,-3.000000,0.000000,-0.000000,0.000000,-208564.453125,1678.023438,50.000000,-18.000000,0.000000,-0.000000,0.000000,-1510221.125000,-2314491.000000,927152.250000,275740.625000,-1663079.375000,-1570730.625000,-3233810.000000
ml,worst,446,2026-10-04,1622.078735,10.000000,1985.684814,50.000000,-6.000000,0.000000,-0.000000,0.000000,-595705.500000,1390.429688,50.000000,-3.000000,0.000000,-0.000000,0.000000,-208564.453125,1641.004150,50.000000,-18.000000,0.000000,-0.000000,0.000000,-1476903.750000,-2281173.750000,927152.250000,275740.625000,-1629762.125000,-1570730.625000,-3200492.750000
ml,worst,446,2026-10-05,1607.292114,10.000000,1985.684814,50.000000,-1.000000,5.000000,-496421.187500,248.210602,-99284.242188,1390.429688,50.000000,2.000000,5.000000,-347607.437500,173.803711,139042.968750,1631.566162,50.000000,-13.000000,5.000000,-407891.562500,203.945755,-1060518.000000,-1020759.250000,-324767.937500,276366.625000,-1621893.875000,-1570730.625000,-3192624.500000
ml,worst,446,2026-10-06,1632.833740,10.000000,1985.684814,50.000000,4.000000,5.000000,-496421.187500,248.210602,397136.968750,1390.429688,50.000000,-3.000000,-5.000000,347607.437500,173.803711,-208564.453125,1649.100464,50.000000,-18.000000,-5.000000,412275.093750,206.137558,-1484190.375000,-1295617.875000,-61306.562500,276994.750000,-1633919.250000,-1570730.625000,-3204650.000000
ml,worst,446,2026-10-07,1654.535156,10.000000,1985.684814,50.000000,-1.000000,-5.000000,496421.187500,248.210602,-99284.242188,1390.429688,50.000000,2.000000,5.000000,-347607.437500,173.803711,139042.968750,1650.028198,50.000000,-13.000000,5.000000,-412507.031250,206.253510,-1072518.375000,-1032759.625000,-324999.875000,277623.031250,-1635382.500000,-1570730.625000,-3206113.000000
ml,worst,446,2026-10-08,1671.959351,10.000000,1985.684814,50.000000,4.000000,5.000000,-496421.187500,248.210602,397136.968750,1390.429688,50.000000,-3.000000,-5.000000,347607.437500,173.803711,-208564.453125,1660.458496,50.000000,-18.000000,-5.000000,415114.656250,207.557312,-1494412.750000,-1305840.250000,-58698.937500,278252.593750,-1642791.875000,-1570730.625000,-3213522.500000
ml,worst,446,2026-10-09,1650.318115,10.000000,1985.684814,50.000000,-1.000000,-5.000000,496421.187500,248.210602,-99284.242188,1390.429688,50.000000,2.000000,5.000000,-347607.437500,173.803711,139042.968750,1632.343750,50.000000,-23.000000,-5.000000,408085.937500,204.042969,-1877195.250000,-1837436.500000,498200.687500,278878.656250,-1618114.375000,-1570730.625000,-3188845.000000
ml,worst,446,2026-10-10,1656.856323,10.000000,1985.684814,50.000000,-1.000000,0.000000,-0.000000,0.000000,-99284.242188,1390.429688,50.000000,2.000000,0.000000,-0.000000,0.000000,139042.968750,1646.178833,50.000000,-23.000000,0.000000,-0.000000,0.000000,-1893105.625000,-1853346.875000,498200.687500,278878.656250,-1634024.875000,-1570730.625000,-3204755.500000
ml,worst,446,2026-10-11,1648.605835,10.000000,1985.684814,50.000000,-1.000000,0.000000,-0.000000,0.000000,-99284.242188,1390.429688,50.000000,2.000000,0.000000,-0.000000,0.000000,139042.968750,1642.967896,50.000000,-23.000000,0.000000,-0.000000,0.000000,-1889413.125000,-1849654.375000,498200.687500,278878.656250,-1630332.375000,-1570730.625000,-3201063.000000
ml,worst,446,2026-10-12,1632.936523,10.000000,1985.684814,50.000000,-1.000000,0.000000,-0.000000,0.000000,-99284.242188,1390.429688,50.000000,2.000000,0.000000,-0.000000,0.000000,139042.968750,1630.699341,50.000000,-23.000000,0.000000,-0.000000,0.000000,-1875304.250000,-1835545.500000,498200.687500,278878.656250,-1616223.375000,-1570730.625000,-3186954.000000
ml,worst,446,2026-10-13,1614.444824,10.000000,1985.684814,50.000000,4.000000,5.000000,-496421.187500,248.210602,397136.968750,1390.429688,50.000000,-3.000000,-5.000000,347607.437500,173.803711,-208564.453125,1608.395752,50.000000,-18.000000,5.000000,-402098.937500,201.049469,-1447556.125000,-1258983.625000,-52711.937500,279501.718750,-1591197.250000,-1570730.625000,-3161928.000000
ml,worst,446,2026-10-14,1601.447998,10.000000,1985.684814,50.000000,-1.000000,-5.000000,496421.187500,248.210602,-99284.242188,1390.429688,50.000000,2.000000,5.000000,-347607.437500,173.803711,139042.968750,1599.845703,50.000000,-13.000000,5.000000,-399961.437500,199.980698,-1039899.687500,-1000140.937500,-303859.687500,280123.718750,-1584124.375000,-1570730.625000,-3154855.000000
ml,worst,446,2026-10-15,1625.838257,10.000000,1985.684814,50.000000,4.000000,5.000000,-496421.187500,248.210602,397136.968750,1390.429688,50.000000,-3.000000,-5.000000,347607.437500,173.803711,-208564.453125,1629.109253,50.000000,-8.000000,5.000000,-407277.312500,203.638641,-651643.687500,-463071.187500,-859950.687500,280749.375000,-1603771.250000,-1570730.625000,-3174502.000000
ml,worst,446,2026-10-16,1643.527588,10.000000,1985.684814,50.000000,-1.000000,-5.000000,496421.187500,248.210602,-99284.242188,1390.429688,50.000000,2.000000,5.000000,-347607.437500,173.803711,139042.968750,1641.806152,50.000000,-13.000000,-5.000000,410451.562500,205.225754,-1067174.000000,-1027415.250000,-300685.437500,281376.625000,-1609477.375000,-1570730.625000,-3180208.000000
ml,worst,446,2026-10-17,1646.933105,10.000000,1985.684814,50.000000,-1.000000,0.000000,-0.000000,0.000000,-99284.242188,1390.429688,50.000000,2.000000,0.000000,-0.000000,0.000000,139042.968750,1642.054688,50.000000,-13.000000,0.000000,-0.000000,0.000000,-1067335.500000,-1027576.750000,-300685.437500,281376.625000,-1609638.875000,-1570730.625000,-3180369.500000
ml,worst,446,2026-10-18,1679.162109,10.000000,1985.684814,50.000000,-1.000000,0.000000,-0.000000,0.000000,-99284.242188,1390.429688,50.000000,2.000000,0.000000,-0.000000,0.000000,139042.968750,1693.663208,50.000000,-13.000000,0.000000,-0.000000,0.000000,-1100881.000000,-1061122.250000,-300685.437500,281376.625000,-1643184.375000,-1570730.625000,-3213915.000000
ml,worst,446,2026-10-19,1692.335083,10.000000,1985.684814,50.000000,4.000000,5.000000,-496421.187500,248.210602,397136.968750,1390.429688,50.000000,-3.000000,-5.000000,347607.437500,173.803711,-208564.453125,1686.210938,50.000000,-8.000000,5.000000,-421552.750000,210.776367,-674484.375000,-485911.875000,-871051.875000,282009.406250,-1638973.125000,-1570730.625000,-3209703.750000
ml,worst,446,2026-10-20,1710.776367,10.000000,1985.684814,50.000000,-1.000000,-5.000000,496421.187500,248.210602,-99284.242188,1390.429688,50.000000,2.000000,5.000000,-347607.437500,173.803711,139042.968750,1674.715332,50.000000,1.000000,9.000000,-753621.875000,376.810944,83735.765625,123494.492188,-1475860.000000,282808.218750,-1635173.750000,-1570730.625000,-3205904.500000
ml,worst,446,2026-10-21,1703.346436,10.000000,1985.684814,50.000000,4.000000,5.000000,-496421.187500,248.210602,397136.968750,1390.429688,50.000000,-3.000000,-5.000000,347607.437500,173.803711,-208564.453125,1688.375244,50.000000,2.000000,1.000000,-84418.765625,42.209381,168837.531250,357410.062500,-1709092.500000,283272.437500,-1634955.000000,-1570730.625000,-3205685.500000
ml,worst,446,2026-10-22,1696.598999,10.000000,1985.684814,50.000000,-1.000000,-5.000000,496421.187500,248.210602,-99284.242188,1390.429688,50.000000,2.000000,5.000000,-347607.437500,173.803711,139042.968750,1697.618164,50.000000,3.000000,1.000000,-84880.906250,42.440453,254642.718750,294401.437500,-1645159.750000,283736.906250,-1634495.125000,-1570730.625000,-3205225.750000
ml,worst,446,2026-10-23,1688.804321,10.000000,1985.684814,50.000000,4.000000,5.000000,-496421.187500,248.210602,397136.968750,1390.429688,50.000000,-3.000000,-5.000000,347607.437500,173.803711,-208564.453125,1689.629761,50.000000,12.000000,9.000000,-760333.375000,380.166687,1013777.812500,1202350.375000,-2554306.750000,284539.093750,-1636495.500000,-1570730.625000,-3207226.000000
ml,worst,446,2026-10-24,1676.255615,10.000000,1985.684814,50.000000,4.000000,0.000000,-0.000000,0.000000,397136.968750,1390.429688,50.000000,-3.000000,0.000000,-0.000000,0.000000,-208564.453125,1672.174072,50.000000,12.000000,0.000000,-0.000000,0.000000,1003304.500000,1191877.000000,-2554306.750000,284539.093750,-1646968.875000,-1570730.625000,-3217699.500000
ml,worst,446,2026-10-25,1622.556030,10.000000,1985.684814,50.000000,4.000000,0.000000,-0.000000,0.000000,397136.968750,1390.429688,50.000000,-3.000000,0.000000,-0.000000,0.000000,-208564.453125,1620.751099,50.000000,12.000000,0.000000,-0.000000,0.000000,972450.687500,1161023.250000,-2554306.750000,284539.093750,-1677822.625000,-1570730.625000,-3248553.250000
ml,worst,446,2026-10-26,1657.494751,10.000000,1985.684814,50.000000,-1.000000,-5.000000,496421.187500,248.210602,-99284.242188,1390.429688,50.000000,2.000000,5.000000,-347607.437500,173.803711,139042.968750,1663.069946,50.000000,4.000000,-8.000000,665228.000000,332.613983,332614.000000,372372.718750,-1740265.125000,285293.687500,-1653186.000000,-1570730.625000,-3223916.500000
ml,worst,446,2026-10-27,1631.494995,10.000000,1985.684814,50.000000,4.000000,5.000000,-496421.187500,248.210602,397136.968750,1390.429688,50.000000,-3.000000,-5.000000,347607.437500,173.803711,-208564.453125,1644.512329,50.000000,10.000000,6.000000,-493353.718750,246.676849,822256.125000,1010828.625000,-2382432.500000,285962.406250,-1657566.250000,-1570730.625000,-3228297.000000
ml,worst,446,2026-10-28,1610.303101,10.000000,1985.684814,50.000000,-1.000000,-5.000000,496421.187500,248.210602,-99284.242188,1390.429688,50.000000,2.000000,5.000000,-347607.437500,173.803711,139042.968750,1612.210327,50.000000,11.000000,1.000000,-80610.515625,40.305256,886715.750000,926474.500000,-2314229.500000,286424.718750,-1674179.750000,-1570730.625000,-3244910.500000
ml,worst,446,2026-10-29,1602.755859,10.000000,1985.684814,50.000000,0.000000,1.000000,-99284.242188,49.642120,0.000000,1390.429688,50.000000,0.000000,-2.000000,139042.968750,69.521484,0.000000,1616.223999,50.000000,0.000000,-11.000000,888923.250000,444.461578,0.000000,0.000000,-1385547.375000,286988.343750,-1672535.750000,-1570730.625000,-3243266.500000
ml,worst,446,2026-10-30,1594.310303,10.000000,1985.684814,50.000000,0.000000,0.000000,-0.000000,0.000000,0.000000,1390.429688,50.000000,0.000000,0.000000,-0.000000,0.000000,0.000000,1616.223999,50.000000,0.000000,0.000000,-0.000000,0.000000,0.000000,0.000000,-1385547.375000,286988.343750,-1672535.750000,-1570730.625000,-3243266.500000
ml,p5,533,2026-04-10,2055.000244,10.000000,2026.171509,50.000000,-2.000000,-2.000000,202617.156250,101.308571,-202617.156250,2047.068848,50.000000,-15.000000,-15.000000,1535301.625000,767.650818,-1535301.625000,2070.749756,50.000000,-15.000000,-15.000000,1553062.250000,776.531128,-1553062.250000,-3290981.000000,3290981.000000,1645.490479,-1645.490479,4854.181641,3208.691162
ml,p5,533,2026-04-11,2051.052246,10.000000,2033.036987,50.000000,-2.000000,0.000000,-0.000000,0.000000,-203303.703125,2055.063232,50.000000,-15.000000,0.000000,-0.000000,0.000000,-1541297.500000,2079.847656,50.000000,-15.000000,0.000000,-0.000000,0.000000,-1559885.750000,-3304487.000000,3290981.000000,1645.490479,-15151.490234,-5938.779785,-21090.269531
ml,p5,533,2026-04-12,2034.268921,10.000000,2026.929932,50.000000,-2.000000,0.000000,-0.000000,0.000000,-202693.000000,2048.659668,50.000000,-15.000000,0.000000,-0.000000,0.000000,-1536494.750000,2071.885986,50.000000,-15.000000,0.000000,-0.000000,0.000000,-1553914.500000,-3293102.250000,3290981.000000,1645.490479,-3766.740479,-51283.187500,-55049.929688
ml,p5,533,2026-04-13,2041.937744,10.000000,2053.613281,50.000000,-17.000000,-15.000000,1540210.000000,770.104919,-1745571.250000,2073.719971,50.000000,-20.000000,-5.000000,518429.968750,259.214996,-2073719.875000,2095.827881,50.000000,30.000000,45.000000,-4715613.000000,2357.806152,3143741.750000,-675549.250000,634008.000000,5032.616699,-46573.867188,-31620.343750,-78194.210938
ml,p5,533,2026-04-14,2038.452026,10.000000,2051.855469,50.000000,-22.000000,-5.000000,512963.875000,256.481934,-2257041.000000,2074.514648,50.000000,-25.000000,-5.000000,518628.656250,259.314331,-2593143.250000,2099.188965,50.000000,15.000000,-15.000000,1574391.750000,787.195862,1574391.750000,-3275792.250000,3239992.000000,6335.608887,-42135.859375,-43093.117188,-85228.976562
ml,p5,533,2026-04-15,2012.530396,10.000000,2021.671875,50.000000,23.000000,45.000000,-4548761.500000,2274.380615,2324922.750000,2043.173462,50.000000,20.000000,45.000000,-4597140.000000,2298.570312,2043173.500000,2066.910645,50.000000,-15.000000,-30.000000,3100366.000000,1550.182861,-1550183.000000,2817913.000000,-2805543.000000,12458.742188,-88.742188,-102577.804688,-102666.546875
ml,p5,533,2026-04-16,1992.141113,10.000000,1996.589111,50.000000,-7.000000,-30.000000,2994883.500000,1497.441650,-698806.187500,2019.349609,50.000000,5.000000,-15.000000,1514512.250000,757.256104,504837.406250,2044.341309,50.000000,30.000000,45.000000,-4599768.000000,2299.883789,3066512.000000,2872543.250000,-2895915.500000,17013.324219,-40385.574219,-149734.890625,-190120.468750
ml,p5,533,2026-04-17,1946.684692,10.000000,1945.398193,50.000000,38.000000,45.000000,-4377146.000000,2188.572754,3696256.750000,1969.967529,50.000000,-25.000000,-30.000000,2954951.250000,1477.475586,-2462459.500000,1996.156128,50.000000,0.000000,-30.000000,2994234.250000,1497.116943,0.000000,1233797.250000,-1323876.000000,22176.488281,-112255.234375,-255339.531250,-367594.750000
ml,p5,533,2026-04-18,1944.802124,10.000000,1957.218872,50.000000,38.000000,0.000000,-0.000000,0.000000,3718716.000000,1982.409912,50.000000,-25.000000,0.000000,-0.000000,0.000000,-2478012.250000,2009.620361,50.000000,0.000000,0.000000,-0.000000,0.000000,0.000000,1240703.750000,-1323876.000000,22176.488281,-105348.734375,-253883.500000,-359232.250000
ml,p5,533,2026-04-19,1924.824707,10.000000,1936.898193,50.000000,38.000000,0.000000,-0.000000,0.000000,3680106.750000,1962.637085,50.000000,-25.000000,0.000000,-0.000000,0.000000,-2453296.250000,1990.046875,50.000000,0.000000,0.000000,-0.000000,0.000000,0.000000,1226810.500000,-1323876.000000,22176.488281,-119241.984375,-297723.312500,-416965.312500
ml,p5,533,2026-04-20,1933.549072,10.000000,1947.350586,50.000000,23.000000,-15.000000,1460512.875000,730.256470,2239453.000000,1973.703247,50.000000,20.000000,45.000000,-4440832.500000,2220.416016,1973703.375000,2002.069092,50.000000,-15.000000,-15.000000,1501551.875000,750.775879,-1501551.875000,2711604.500000,-2802644.000000,25877.937500,-116917.437500,-265949.562500,-382867.000000
ml,p5,533,2026-04-21,1939.549194,10.000000,1948.698364,50.000000,8.000000,-15.000000,1461523.750000,730.761902,779479.375000,1975.114990,50.000000,5.000000,-15.000000,1481336.250000,740.668091,493778.750000,2004.109253,50.000000,30.000000,45.000000,-4509245.500000,2254.622803,3006163.750000,4279422.000000,-4369029.500000,29603.990234,-119211.492188,-247299.984375,-366511.468750
ml,p5,533,2026-04-22,1948.860840,10.000000,1967.701782,50.000000,-7.000000,-15.000000,1475776.375000,737.888123,-688695.625000,1993.242432,50.000000,-5.000000,-10.000000,996621.187500,498.310608,-498310.593750,2021.728882,50.000000,15.000000,-15.000000,1516296.625000,758.148315,1516296.625000,329290.375000,-380335.000000,31598.337891,-82642.960938,-213866.250000,-296509.218750
ml,p5,533,2026-04-23,1968.172607,10.000000,1984.626221,50.000000,38.000000,45.000000,-4465409.000000,2232.704346,3770789.750000,2012.136719,50.000000,40.000000,45.000000,-4527308.000000,2263.653809,4024273.500000,2042.510010,50.000000,0.000000,-15.000000,1531882.500000,765.941223,0.000000,7795063.000000,-7841169.000000,36860.636719,-82966.640625,-154471.734375,-237438.375000
ml,p5,533,2026-04-24,1963.707642,10.000000,1957.709961,50.000000,23.000000,-15.000000,1468282.375000,734.141235,2251366.500000,1984.257935,50.000000,25.000000,-15.000000,1488193.500000,744.096741,2480322.500000,2013.585938,50.000000,-2.000000,-2.000000,201358.593750,100.679298,-201358.593750,4530330.500000,-4683334.500000,38439.554688,-191443.562500,-154816.921875,-346260.500000
ml,p5,533,2026-04-25,1958.187134,10.000000,1964.716187,50.000000,23.000000,0.000000,-0.000000,0.000000,2259423.750000,1992.031860,50.000000,25.000000,0.000000,-0.000000,0.000000,2490039.750000,2022.259766,50.000000,-2.000000,0.000000,-0.000000,0.000000,-202225.968750,4547237.500000,-4683334.500000,38439.554688,-174536.562500,-163615.265625,-338151.812500
ml,p5,533,2026-04-26,1940.430908,10.000000,1948.001709,50.000000,23.000000,0.000000,-0.000000,0.000000,2240202.000000,1975.737183,50.000000,25.000000,0.000000,-0.000000,0.000000,2469671.500000,2007.037964,50.000000,-2.000000,0.000000,-0.000000,0.000000,-200703.796875,4509169.500000,-4683334.500000,38439.554688,-212604.562500,-208276.625000,-420881.187500
ml,p5,533,2026-04-27,1924.776001,10.000000,1921.059937,50.000000,8.000000,-15.000000,1440794.875000,720.397461,768424.000000,1947.948120,50.000000,10.000000,-15.000000,1460961.125000,730.480530,973974.000000,1978.266968,50.000000,-4.000000,-2.000000,197826.703125,98.913345,-395653.406250,1346744.625000,-1583752.500000,39989.347656,-276997.218750,-239668.750000,-516665.968750
ml,p5,533,2026-04-28,1925.152344,10.000000,1926.225830,50.000000,-2.000000,-10.000000,963112.875000,481.556427,-192622.578125,1954.003906,50.000000,-5.000000,-15.000000,1465502.875000,732.751404,-488500.968750,1984.524048,50.000000,-14.000000,-10.000000,992262.000000,496.130981,-1389166.750000,-2070290.250000,1837125.375000,41699.785156,-274864.656250,-237757.859375,-512622.500000
ml,p5,533,2026-04-29,1911.124390,10.000000,1905.504639,50.000000,-7.000000,-5.000000,476376.187500,238.188095,-666926.625000,1931.530151,50.000000,40.000000,45.000000,-4345943.000000,2172.971436,3863060.250000,1961.010986,50.000000,31.000000,45.000000,-4412274.500000,2206.137207,3039567.000000,6235700.500000,-6444716.000000,46317.082031,-255332.578125,-268699.375000,-524031.937500
ml,p5,533,2026-04-30,1914.367798,10.000000,1905.504639,50.000000,-12.000000,-5.000000,476376.187500,238.188095,-1143302.750000,1937.125244,50.000000,30.000000,-10.000000,968562.625000,484.281311,2905688.000000,1967.758179,50.000000,1.000000,-30.000000,2951637.250000,1475.818481,98387.906250,1860773.125000,-2048140.000000,48515.367188,-235882.250000,-264311.312500,-500193.562500
ml,p5,533,2026-05-01,1925.412109,10.000000,1905.504639,50.000000,-17.000000,-5.000000,476376.187500,238.188095,-1619678.875000,1948.555664,50.000000,15.000000,-15.000000,1461416.750000,730.708374,1461416.750000,1978.211792,50.000000,-29.000000,-30.000000,2967317.750000,1483.658691,-2868407.000000,-3026669.000000,2856970.750000,50967.921875,-220666.171875,-239195.953125,-459862.125000
ml,p5,533,2026-05-02,1924.902588,10.000000,1905.504639,50.000000,-17.000000,0.000000,-0.000000,0.000000,-1619678.875000,1964.882080,50.000000,15.000000,0.000000,-0.000000,0.000000,1473661.500000,1995.216675,50.000000,-29.000000,0.000000,-0.000000,0.000000,-2893064.250000,-3039081.500000,2856970.750000,50967.921875,-233078.671875,-243026.312500,-476105.000000
ml,p5,533,2026-05-03,1913.759033,10.000000,1905.504639,50.000000,-17.000000,0.000000,-0.000000,0.000000,-1619678.875000,1957.078003,50.000000,15.000000,0.000000,-0.000000,0.000000,1467808.500000,1987.889771,50.000000,-29.000000,0.000000,-0.000000,0.000000,-2882440.250000,-3034310.500000,2856970.750000,50967.921875,-228307.671875,-266109.562500,-494417.250000
ml,p5,533,2026-05-04,1931.557617,10.000000,1905.504639,50.000000,-22.000000,-5.000000,476376.187500,238.188095,-2096055.125000,1967.546143,50.000000,0.000000,-15.000000,1475659.625000,737.829773,0.000000,1997.758301,50.000000,16.000000,45.000000,-4494956.000000,2247.478027,1598206.625000,-497848.500000,314050.500000,54191.421875,-237989.421875,-223319.125000,-461308.562500
ml,p5,533,2026-05-05,1921.680786,10.000000,1905.504639,50.000000,-27.000000,-5.000000,476376.187500,238.188095,-2572431.250000,1936.262939,50.000000,-2.000000,-2.000000,193626.296875,96.813148,-193626.296875,1965.362061,50.000000,-24.000000,-40.000000,3930724.250000,1965.361938,-2358434.500000,-5124492.000000,4914777.000000,56491.781250,-266206.781250,-248606.734375,-514813.500000
ml,p5,533,2026-05-06,1941.545288,10.000000,1905.504639,50.000000,-32.000000,-5.000000,476376.187500,238.188095,-3048807.500000,1963.345581,50.000000,-17.000000,-15.000000,1472509.125000,736.254639,-1668843.750000,1992.075928,50.000000,21.000000,45.000000,-4482170.500000,2241.085449,2091679.750000,-2625971.250000,2381492.250000,59707.312500,-304186.312500,-195962.218750,-500148.531250
ml,p5,533,2026-05-07,1946.749634,10.000000,1905.504639,50.000000,-37.000000,-5.000000,476376.187500,238.188095,-3525183.500000,1969.941772,50.000000,-22.000000,-5.000000,492485.437500,246.242706,-2166936.000000,1998.232178,50.000000,6.000000,-15.000000,1498674.125000,749.337097,599469.625000,-5092650.000000,4849028.000000,60941.078125,-304563.062500,-183456.375000,-488019.437500
ml,p5,533,2026-05-08,1956.007080,10.000000,1905.504639,50.000000,-42.000000,-5.000000,476376.187500,238.188095,-4001559.750000,1975.223999,50.000000,-27.000000,-5.000000,493806.000000,246.903000,-2666552.250000,2004.675171,50.000000,-9.000000,-15.000000,1503506.375000,751.753174,-902103.812500,-7570216.000000,7322717.000000,62177.921875,-309676.937500,-157631.234375,-467308.187500
ml,p5,533,2026-05-09,1950.937012,10.000000,1905.504639,50.000000,-42.000000,0.000000,-0.000000,0.000000,-4001559.750000,1976.769775,50.000000,-27.000000,0.000000,-0.000000,0.000000,-2668639.250000,2005.136841,50.000000,-9.000000,0.000000,-0.000000,0.000000,-902311.625000,-7572510.500000,7322717.000000,62177.921875,-311971.437500,-168978.078125,-480949.500000
ml,p5,533,2026-05-10,1941.361938,10.000000,1905.504639,50.000000,-42.000000,0.000000,-0.000000,0.000000,-4001559.750000,1960.406128,50.000000,-27.000000,0.000000,-0.000000,0.000000,-2646548.250000,1989.398926,50.000000,-9.000000,0.000000,-0.000000,0.000000,-895229.500000,-7543337.500000,7322717.000000,62177.921875,-282798.437500,-190452.203125,-473250.625000
ml,p5,533,2026-05-11,1950.469971,10.000000,1905.504639,50.000000,3.000000,45.000000,-4287385.500000,2143.692871,285825.687500,1965.097412,50.000000,18.000000,45.000000,-4421469.000000,2210.734619,1768587.750000,1993.726074,50.000000,36.000000,45.000000,-4485883.500000,2242.941895,3588707.000000,5643120.500000,-5872021.500000,68775.289062,-297676.281250,-164480.390625,-462156.687500
ml,p5,533,2026-05-12,1947.264893,10.000000,1905.504639,50.000000,-2.000000,-5.000000,476376.187500,238.188095,-190550.468750,1957.579346,50.000000,8.000000,-10.000000,978789.625000,489.394836,783031.750000,1992.385620,50.000000,6.000000,-30.000000,2988578.500000,1494.289185,597715.687500,1190197.000000,-1428277.250000,70997.164062,-309077.406250,-171652.859375,-480730.250000
ml,p5,533,2026-05-13,1941.130493,10.000000,1905.504639,50.000000,-7.000000,-5.000000,476376.187500,238.188095,-666926.625000,1943.322632,50.000000,-22.000000,-30.000000,2914984.000000,1457.491943,-2137655.000000,1978.497803,50.000000,-2.000000,-8.000000,791399.125000,395.699554,-197849.781250,-3002431.250000,2754482.000000,73088.546875,-321037.812500,-190979.500000,-512017.312500
ml,p5,533,2026-05-14,1928.176636,10.000000,1905.504639,50.000000,-12.000000,-5.000000,476376.187500,238.188095,-1143302.750000,1937.196045,50.000000,23.000000,45.000000,-4358691.000000,2179.345459,2227775.500000,1970.941895,50.000000,-17.000000,-15.000000,1478206.500000,739.103149,-1675300.625000,-590827.875000,350373.875000,76245.179688,-316699.187500,-221955.187500,-538654.375000
ml,p5,533,2026-05-15,1934.981445,10.000000,1905.504639,50.000000,-17.000000,-5.000000,476376.187500,238.188095,-1619678.875000,1950.174805,50.000000,8.000000,-15.000000,1462631.000000,731.315552,780069.937500,1981.167480,50.000000,28.000000,45.000000,-4457627.000000,2228.813477,2773634.500000,1934025.500000,-2168246.000000,79443.500000,-313664.000000,-202364.187500,-516028.187500
ml,p5,533,2026-05-16,1946.639160,10.000000,1905.504639,50.000000,-17.000000,0.000000,-0.000000,0.000000,-1619678.875000,1965.615967,50.000000,8.000000,0.000000,-0.000000,0.000000,786246.375000,1991.736328,50.000000,28.000000,0.000000,-0.000000,0.000000,2788430.750000,1954998.250000,-2168246.000000,79443.500000,-292691.250000,-175319.671875,-468010.937500
ml,p5,533,2026-05-17,1963.614014,10.000000,1905.504639,50.000000,-17.000000,0.000000,-0.000000,0.000000,-1619678.875000,1946.857544,50.000000,8.000000,0.000000,-0.000000,0.000000,778743.000000,1975.895264,50.000000,28.000000,0.000000,-0.000000,0.000000,2766253.250000,1925317.375000,-2168246.000000,79443.500000,-322372.125000,-132272.937500,-454645.062500
ml,p5,533,2026-05-18,1968.101318,10.000000,1905.504639,50.000000,-22.000000,-5.000000,476376.187500,238.188095,-2096055.125000,1959.279297,50.000000,-7.000000,-15.000000,1469459.500000,734.729736,-685747.750000,1989.404785,50.000000,13.000000,-15.000000,1492053.625000,746.026794,1293113.125000,-1488689.875000,1269643.250000,81162.437500,-300209.062500,-127032.187500,-427241.250000
ml,p5,533,2026-05-19,1988.196167,10.000000,1905.504639,50.000000,-27.000000,-5.000000,476376.187500,238.188095,-2572431.250000,1995.189819,50.000000,38.000000,45.000000,-4489177.000000,2244.588623,3790860.500000,2023.767822,50.000000,3.000000,-10.000000,1011883.875000,505.941925,303565.187500,1521994.500000,-1731273.500000,84151.164062,-293430.156250,-76640.570312,-370070.718750
ml,p5,533,2026-05-20,1995.818970,10.000000,1905.504639,50.000000,-32.000000,-5.000000,476376.187500,238.188095,-3048807.500000,1988.303589,50.000000,8.000000,-30.000000,2982455.500000,1491.227661,795321.437500,2017.260254,50.000000,3.000000,0.000000,-0.000000,0.000000,302589.031250,-1950897.000000,1727558.250000,85880.578125,-309219.312500,-61925.726562,-371145.031250
ml,p5,533,2026-05-21,2018.149414,10.000000,1905.504639,50.000000,-37.000000,-5.000000,476376.187500,238.188095,-3525183.500000,2052.469727,50.000000,-7.000000,-15.000000,1539352.375000,769.676086,-718364.375000,2085.124268,50.000000,-7.000000,-10.000000,1042562.125000,521.281067,-729793.500000,-4973341.500000,4785849.000000,87409.726562,-274902.218750,-11036.372070,-285938.593750
ml,p5,533,2026-05-22,2026.891724,10.000000,1905.504639,50.000000,-42.000000,-5.000000,476376.187500,238.188095,-4001559.750000,2047.733154,50.000000,38.000000,45.000000,-4607399.500000,2303.699707,3890693.000000,2080.243408,50.000000,38.000000,45.000000,-4680547.500000,2340.273682,3952462.500000,3841595.750000,-4025722.250000,92291.882812,-276418.375000,9064.309570,-267354.062500
ml,p5,533,2026-05-23,2050.611084,10.000000,1905.504639,50.000000,-42.000000,0.000000,-0.000000,0.000000,-4001559.750000,2075.949219,50.000000,38.000000,0.000000,-0.000000,0.000000,3944303.500000,2108.720459,50.000000,38.000000,0.000000,-0.000000,0.000000,4006568.750000,3949312.500000,-4025722.250000,92291.882812,-168701.625000,66362.000000,-102339.625000
ml,p5,533,2026-05-24,2062.144287,10.000000,1905.504639,50.000000,-42.000000,0.000000,-0.000000,0.000000,-4001559.750000,2073.672119,50.000000,38.000000,0.000000,-0.000000,0.000000,3939977.000000,2106.569092,50.000000,38.000000,0.000000,-0.000000,0.000000,4002481.250000,3940898.500000,-4025722.250000,92291.882812,-177115.625000,92851.335938,-84264.289062
ml,p5,533,2026-05-25,2069.823486,10.000000,1905.504639,50.000000,-42.000000,0.000000,-0.000000,0.000000,-4001559.750000,2090.820068,50.000000,38.000000,0.000000,-0.000000,0.000000,3972558.250000,2126.728760,50.000000,38.000000,0.000000,-0.000000,0.000000,4040784.750000,4011783.250000,-4025722.250000,92291.882812,-106230.882812,114613.007812,8382.125000
ml,p5,533,2026-05-26,2078.744141,10.000000,1905.504639,50.000000,3.000000,45.000000,-4287385.500000,2143.692871,285825.687500,2105.816650,50.000000,8.000000,-30.000000,3158725.000000,1579.362549,842326.687500,2141.735352,50.000000,-2.000000,-40.000000,4283470.500000,2141.735352,-214173.531250,913978.875000,-870912.062500,98156.671875,-55089.859375,133309.453125,78219.593750
ml,p5,533,2026-05-27,2095.639404,10.000000,1905.504639,50.000000,-2.000000,-5.000000,476376.187500,238.188095,-190550.468750,2143.138916,50.000000,-22.000000,-30.000000,3214708.500000,1607.354126,-2357452.750000,2179.873047,50.000000,-12.000000,-10.000000,1089936.500000,544.968201,-1307923.875000,-3855927.000000,3910109.000000,100547.187500,-46365.187500,172808.140625,126442.953125
ml,p5,533,2026-05-28,2102.139893,10.000000,1905.504639,50.000000,-7.000000,-5.000000,476376.187500,238.188095,-666926.625000,2126.990234,50.000000,23.000000,45.000000,-4785728.000000,2392.864014,2446038.750000,2164.058594,50.000000,33.000000,45.000000,-4869132.000000,2434.565674,3570697.000000,5349809.000000,-5268375.000000,105612.796875,-24178.796875,187640.562500,163461.765625
ml,p5,533,2026-05-29,2060.462646,10.000000,1905.504639,50.000000,-12.000000,-5.000000,476376.187500,238.188095,-1143302.750000,2076.931396,50.000000,-7.000000,-30.000000,3115397.000000,1557.698486,-726926.000000,2113.595459,50.000000,3.000000,-30.000000,3170393.250000,1585.196533,317039.312500,-1553189.500000,1493791.750000,108993.890625,-168391.640625,86274.281250,-82117.359375
ml,p5,533,2026-05-30,2044.665771,10.000000,1905.504639,50.000000,-12.000000,0.000000,-0.000000,0.000000,-1143302.750000,2073.169434,50.000000,-7.000000,0.000000,-0.000000,0.000000,-725609.250000,2109.752930,50.000000,3.000000,0.000000,-0.000000,0.000000,316462.937500,-1552449.000000,1493791.750000,108993.890625,-167651.140625,45218.136719,-122433.000000
ml,p5,533,2026-05-31,2024.529175,10.000000,1905.504639,50.000000,-12.000000,0.000000,-0.000000,0.000000,-1143302.750000,2014.091797,50.000000,-7.000000,0.000000,-0.000000,0.000000,-704932.125000,2053.164062,50.000000,3.000000,0.000000,-0.000000,0.000000,307974.625000,-1540260.250000,1493791.750000,108993.890625,-155462.390625,-9447.751953,-164910.140625
ml,p5,533,2026-06-01,2030.738281,10.000000,1905.504639,50.000000,-17.000000,-5.000000,476376.187500,238.188095,-1619678.875000,2043.477905,50.000000,38.000000,45.000000,-4597825.500000,2298.912598,3882608.250000,2081.045654,50.000000,-7.000000,-10.000000,1040522.875000,520.261353,-728365.937500,1534563.500000,-1587134.750000,112051.250000,-164622.500000,2490.241455,-162132.265625
ml,p5,533,2026-06-02,2034.188477,10.000000,1905.504639,50.000000,-22.000000,-5.000000,476376.187500,238.188095,-2096055.125000,2046.891113,50.000000,8.000000,-30.000000,3070336.750000,1535.168213,818756.437500,2087.010742,50.000000,38.000000,45.000000,-4695774.000000,2347.886963,3965320.250000,2688021.500000,-2736195.750000,116172.500000,-164346.750000,12939.496094,-151407.250000
ml,p5,533,2026-06-03,2037.674683,10.000000,1905.504639,50.000000,-27.000000,-5.000000,476376.187500,238.188095,-2572431.250000,2046.635010,50.000000,-22.000000,-30.000000,3069952.500000,1534.976196,-2251298.500000,2089.098633,50.000000,8.000000,-30.000000,3133648.000000,1566.823853,835639.437500,-3988090.500000,3943780.750000,119512.476562,-163822.218750,22070.269531,-141751.953125
ml,p5,533,2026-06-04,2063.791016,10.000000,1905.504639,50.000000,-32.000000,-5.000000,476376.187500,238.188095,-3048807.500000,2077.807373,50.000000,23.000000,45.000000,-4675066.500000,2337.533203,2389478.500000,2117.990234,50.000000,-7.000000,-15.000000,1588492.625000,794.246338,-741296.562500,-1400625.500000,1333583.250000,122882.453125,-189924.703125,86193.523438,-103731.179688
ml,p5,533,2026-06-05,2047.221802,10.000000,1905.504639,50.000000,-37.000000,-5.000000,476376.187500,238.188095,-3525183.500000,2055.504395,50.000000,-12.000000,-35.000000,3597132.750000,1798.566284,-1233302.625000,2092.379150,50.000000,38.000000,45.000000,-4707853.000000,2353.926514,3975520.250000,-782965.750000,699239.250000,127273.125000,-210999.625000,44671.406250,-166328.218750
ml,p5,533,2026-06-06,2045.755127,10.000000,1905.504639,50.000000,-37.000000,0.000000,-0.000000,0.000000,-3525183.500000,2060.109131,50.000000,-12.000000,0.000000,-0.000000,0.000000,-1236065.375000,2095.573242,50.000000,38.000000,0.000000,-0.000000,0.000000,3981589.000000,-779660.000000,699239.250000,127273.125000,-207693.875000,39271.621094,-168422.250000
ml,p5,533,2026-06-07,2049.513428,10.000000,1905.504639,50.000000,-37.000000,0.000000,-0.000000,0.000000,-3525183.500000,2059.966553,50.000000,-12.000000,0.000000,-0.000000,0.000000,-1235979.875000,2091.956299,50.000000,38.000000,0.000000,-0.000000,0.000000,3974716.750000,-786446.750000,699239.250000,127273.125000,-214480.625000,46194.195312,-168286.437500
ml,p5,533,2026-06-08,2019.885254,10.000000,1905.504639,50.000000,8.000000,45.000000,-4287385.500000,2143.692871,762201.875000,2005.256104,50.000000,33.000000,45.000000,-4511826.000000,2255.913086,3308672.750000,2033.383179,50.000000,8.000000,-30.000000,3050074.750000,1525.037231,813353.250000,4884228.000000,-5049897.500000,133197.781250,-298867.281250,-30718.093750,-329585.375000
ml,p5,533,2026-06-09,2022.190308,10.000000,1905.504639,50.000000,3.000000,-5.000000,476376.187500,238.188095,285825.687500,2018.736328,50.000000,3.000000,-30.000000,3028104.500000,1514.052246,302810.437500,2048.172852,50.000000,-2.000000,-10.000000,1024086.437500,512.043213,-204817.281250,383818.843750,-521330.375000,135462.062500,-272973.593750,-27527.568359,-300501.156250
ml,p5,533,2026-06-10,2034.283447,10.000000,1905.504639,50.000000,-2.000000,-5.000000,476376.187500,238.188095,-190550.468750,2041.035400,50.000000,23.000000,20.000000,-2041035.375000,1020.517700,2347190.500000,2067.958740,50.000000,-12.000000,-10.000000,1033979.375000,516.989685,-1240775.250000,915864.750000,-1052010.125000,137237.750000,-273383.125000,3591.469482,-269791.656250
ml,p5,533,2026-06-11,2039.642212,10.000000,1905.504639,50.000000,-7.000000,-5.000000,476376.187500,238.188095,-666926.625000,2038.014771,50.000000,-12.000000,-35.000000,3566525.750000,1783.262939,-1222808.875000,2065.482178,50.000000,33.000000,45.000000,-4647335.000000,2323.667480,3408045.750000,1518310.250000,-1656443.500000,141582.875000,-279716.125000,16475.773438,-263240.343750
ml,p5,533,2026-06-12,2038.387817,10.000000,1905.504639,50.000000,-12.000000,-5.000000,476376.187500,238.188095,-1143302.750000,2066.826416,50.000000,33.000000,45.000000,-4650359.500000,2325.179688,3410263.750000,2097.779297,50.000000,3.000000,-30.000000,3146669.000000,1573.334595,314666.906250,2581628.000000,-2683757.500000,145719.578125,-247849.078125,10313.385742,-237535.687500
ml,p5,533,2026-06-13,2053.175537,10.000000,1905.504639,50.000000,-12.000000,0.000000,-0.000000,0.000000,-1143302.750000,2064.262695,50.000000,33.000000,0.000000,-0.000000,0.000000,3406033.500000,2096.642822,50.000000,3.000000,0.000000,-0.000000,0.000000,314496.437500,2577227.250000,-2683757.500000,145719.578125,-252249.828125,42814.238281,-209435.593750
ml,p5,533,2026-06-14,2055.346191,10.000000,1905.504639,50.000000,-12.000000,0.000000,-0.000000,0.000000,-1143302.750000,2048.020508,50.000000,33.000000,0.000000,-0.000000,0.000000,3379234.000000,2076.745361,50.000000,3.000000,0.000000,-0.000000,0.000000,311511.812500,2547443.000000,-2683757.500000,145719.578125,-282034.062500,48066.933594,-233967.125000
ml,p5,533,2026-06-15,2069.431641,10.000000,1905.504639,50.000000,-17.000000,-5.000000,476376.187500,238.188095,-1619678.875000,2084.383057,50.000000,-7.000000,-40.000000,4168766.000000,2084.383057,-729534.062500,2112.478516,50.000000,-1.000000,-4.000000,422495.687500,211.247849,-105623.921875,-2454837.000000,2383880.250000,148253.390625,-219210.140625,84286.617188,-134923.531250
ml,p5,533,2026-06-16,2107.161621,10.000000,1905.504639,50.000000,-22.000000,-5.000000,476376.187500,238.188095,-2096055.125000,1969.398926,50.000000,38.000000,45.000000,-4431147.500000,2215.573730,3741857.750000,1995.165771,50.000000,-3.000000,-2.000000,199516.578125,99.758286,-299274.843750,1346527.750000,-1371374.375000,150806.906250,-175653.531250,176786.703125,1133.171875
ml,p5,533,2026-06-17,2104.602051,10.000000,1905.504639,50.000000,-27.000000,-5.000000,476376.187500,238.188095,-2572431.250000,2040.442993,50.000000,-2.000000,-40.000000,4080886.000000,2040.442993,-204044.296875,2066.957031,50.000000,42.000000,45.000000,-4650653.000000,2325.326660,4340610.000000,1564134.500000,-1464765.250000,155410.875000,-56041.625000,169483.546875,113441.921875
ml,p5,533,2026-06-18,2092.461182,10.000000,1905.504639,50.000000,-32.000000,-5.000000,476376.187500,238.188095,-3048807.500000,2059.925049,50.000000,-12.000000,-10.000000,1029962.500000,514.981201,-1235955.125000,2088.494873,50.000000,12.000000,-30.000000,3132742.500000,1566.371094,1253096.875000,-3031665.500000,3174315.500000,157730.406250,-15080.406250,140019.187500,124938.781250
ml,p5,533,2026-06-19,2109.374512,10.000000,1905.504639,50.000000,-32.000000,0.000000,-0.000000,0.000000,-3048807.500000,2101.052002,50.000000,-12.000000,0.000000,-0.000000,0.000000,-1260631.250000,2131.726562,50.000000,12.000000,0.000000,-0.000000,0.000000,1279036.000000,-3030403.000000,3174315.500000,157730.406250,-13817.906250,181620.140625,167802.234375
ml,p5,533,2026-06-20,2116.326904,10.000000,1905.504639,50.000000,-32.000000,0.000000,-0.000000,0.000000,-3048807.500000,2114.301270,50.000000,-12.000000,0.000000,-0.000000,0.000000,-1268580.750000,2147.330322,50.000000,12.000000,0.000000,-0.000000,0.000000,1288398.250000,-3028989.750000,3174315.500000,157730.406250,-12404.656250,196823.375000,184418.718750
ml,p5,533,2026-06-21,2103.064209,10.000000,1905.504639,50.000000,-32.000000,0.000000,-0.000000,0.000000,-3048807.500000,2095.334229,50.000000,-12.000000,0.000000,-0.000000,0.000000,-1257200.625000,2128.170898,50.000000,12.000000,0.000000,-0.000000,0.000000,1276902.500000,-3029105.500000,3174315.500000,157730.406250,-12520.406250,160961.171875,148440.765625
ml,p5,533,2026-06-22,2054.025635,10.000000,1905.504639,50.000000,-37.000000,-5.000000,476376.187500,238.188095,-3525183.500000,2069.017578,50.000000,33.000000,45.000000,-4655289.500000,2327.644775,3413879.000000,2100.981689,50.000000,-18.000000,-30.000000,3151472.500000,1575.736328,-1890883.625000,-2002188.125000,2146875.000000,161871.968750,-17185.093750,37975.847656,20790.753906
ml,p5,533,2026-06-23,2058.366211,10.000000,1905.504639,50.000000,8.000000,45.000000,-4287385.500000,2143.692871,762201.875000,2058.154785,50.000000,-2.000000,-35.000000,3601770.750000,1800.885376,-205815.484375,2087.865479,50.000000,27.000000,45.000000,-4697697.500000,2348.848633,2818618.250000,3375004.500000,-3236437.250000,168165.406250,-29598.156250,47092.781250,17494.625000
ml,p5,533,2026-06-24,2023.710571,10.000000,1905.504639,50.000000,3.000000,-5.000000,476376.187500,238.188095,285825.687500,2016.268311,50.000000,43.000000,45.000000,-4536603.500000,2268.301758,4334977.000000,2046.632690,50.000000,-13.000000,-40.000000,4093265.250000,2046.632568,-1330311.250000,3290491.250000,-3203399.000000,172718.531250,-85626.281250,-42775.500000,-128401.781250
ml,p5,533,2026-06-25,2039.685791,10.000000,1905.504639,50.000000,-2.000000,-5.000000,476376.187500,238.188095,-190550.468750,2038.061768,50.000000,3.000000,-40.000000,4076123.500000,2038.061646,305709.281250,2067.689697,50.000000,32.000000,45.000000,-4652302.000000,2326.150879,3308303.500000,3423462.250000,-3303201.500000,177320.937500,-57060.187500,-4790.623047,-61850.812500
ml,p5,533,2026-06-26,2063.457520,10.000000,1905.504639,50.000000,-7.000000,-5.000000,476376.187500,238.188095,-666926.625000,2062.576660,50.000000,23.000000,20.000000,-2062576.500000,1031.288330,2371963.000000,2089.956543,50.000000,2.000000,-30.000000,3134934.750000,1567.467407,208995.656250,1914032.000000,-1754467.000000,180157.875000,-20592.875000,53218.417969,32625.542969
ml,p5,533,2026-06-27,2077.106201,10.000000,1905.504639,50.000000,-7.000000,0.000000,-0.000000,0.000000,-666926.625000,2085.388184,50.000000,23.000000,0.000000,-0.000000,0.000000,2398196.500000,2109.167480,50.000000,2.000000,0.000000,-0.000000,0.000000,210916.750000,1942186.625000,-1754467.000000,180157.875000,7561.750000,85958.937500,93520.687500
ml,p5,533,2026-06-28,2083.725098,10.000000,1905.504639,50.000000,-7.000000,0.000000,-0.000000,0.000000,-666926.625000,2071.899658,50.000000,23.000000,0.000000,-0.000000,0.000000,2382684.500000,2094.395508,50.000000,2.000000,0.000000,-0.000000,0.000000,209439.546875,1925197.375000,-1754467.000000,180157.875000,-9427.500000,101071.132812,91643.632812
ml,p5,533,2026-06-29,2060.503906,10.000000,1905.504639,50.000000,-12.000000,-5.000000,476376.187500,238.188095,-1143302.750000,2058.364990,50.000000,-7.000000,-30.000000,3087547.500000,1543.773804,-720427.750000,2082.565186,50.000000,-28.000000,-30.000000,3123847.750000,1561.923706,-2915591.250000,-4779322.000000,4933304.500000,183501.750000,-29519.250000,39568.050781,10048.800781
ml,p5,533,2026-06-30,2053.702393,10.000000,1905.504639,50.000000,-17.000000,-5.000000,476376.187500,238.188095,-1619678.875000,2054.863770,50.000000,38.000000,45.000000,-4623443.500000,2311.721680,3904241.000000,2078.585205,50.000000,17.000000,45.000000,-4676817.000000,2338.408203,1766797.500000,4051359.500000,-3890580.000000,188390.062500,-27610.562500,21095.429688,-6515.132812
ml,p5,533,2026-07-01,2044.610229,10.000000,1905.504639,50.000000,-22.000000,-5.000000,476376.187500,238.188095,-2096055.125000,2038.884155,50.000000,3.000000,-35.000000,3568047.250000,1784.023560,305832.625000,2062.070557,50.000000,-13.000000,-30.000000,3093105.750000,1546.552979,-1340345.875000,-3130568.500000,3246949.000000,191958.843750,-75578.343750,-4727.721191,-80306.062500
ml,p5,533,2026-07-02,2091.312256,10.000000,1905.504639,50.000000,-27.000000,-5.000000,476376.187500,238.188095,-2572431.250000,2117.620850,50.000000,-27.000000,-30.000000,3176431.250000,1588.215576,-2858788.000000,2141.663330,50.000000,32.000000,45.000000,-4818742.500000,2409.371094,3426661.250000,-2004557.750000,2081014.000000,196194.609375,-119738.359375,105120.445312,-14617.914062
ml,p5,533,2026-07-03,2074.337891,10.000000,1905.504639,50.000000,-32.000000,-5.000000,476376.187500,238.188095,-3048807.500000,2094.599854,50.000000,18.000000,45.000000,-4712849.500000,2356.424805,1885139.875000,2118.093750,50.000000,-8.000000,-40.000000,4236187.500000,2118.093750,-847237.500000,-2010905.125000,2080728.250000,200907.312500,-131084.187500,64817.656250,-66266.531250
ml,p5,533,2026-07-04,2067.575439,10.000000,1905.504639,50.000000,-32.000000,0.000000,-0.000000,0.000000,-3048807.500000,2079.737549,50.000000,18.000000,0.000000,-0.000000,0.000000,1871763.875000,2101.096680,50.000000,-8.000000,0.000000,-0.000000,0.000000,-840438.687500,-2017482.250000,2080728.250000,200907.312500,-137661.312500,49440.015625,-88221.296875
ml,p5,533,2026-07-05,2069.127930,10.000000,1905.504639,50.000000,-32.000000,0.000000,-0.000000,0.000000,-3048807.500000,2074.395996,50.000000,18.000000,0.000000,-0.000000,0.000000,1866956.500000,2094.965576,50.000000,-8.000000,0.000000,-0.000000,0.000000,-837986.250000,-2019837.250000,2080728.250000,200907.312500,-140016.312500,51724.406250,-88291.906250
ml,p5,533,2026-07-06,2073.165039,10.000000,1905.504639,50.000000,13.000000,45.000000,-4287385.500000,2143.692871,1238578.000000,2076.382080,50.000000,-12.000000,-30.000000,3114573.000000,1557.286499,-1245829.250000,2095.896484,50.000000,37.000000,45.000000,-4715767.000000,2357.883545,3877408.500000,3870157.250000,-3807851.500000,206966.187500,-144660.437500,60100.078125,-84560.359375
ml,p5,533,2026-07-07,2059.618896,10.000000,1905.504639,50.000000,6.000000,-7.000000,666926.625000,333.463318,571651.375000,2039.115112,50.000000,33.000000,45.000000,-4588009.000000,2294.004639,3364539.750000,2058.189941,50.000000,-3.000000,-40.000000,4116379.750000,2058.189941,-308728.500000,3627462.500000,-3612553.500000,211651.843750,-196742.843750,30921.126953,-165821.718750
ml,p5,533,2026-07-08,2044.704834,10.000000,1905.504639,50.000000,1.000000,-5.000000,476376.187500,238.188095,95275.234375,2044.041626,50.000000,-2.000000,-35.000000,3577072.750000,1788.536255,-204404.156250,2063.627930,50.000000,42.000000,45.000000,-4643163.000000,2321.581543,4333619.000000,4224490.000000,-4202267.500000,216000.140625,-193777.640625,879.562073,-192898.078125
ml,p5,533,2026-07-09,2063.130859,10.000000,1905.504639,50.000000,-4.000000,-5.000000,476376.187500,238.188095,-381100.937500,2062.715820,50.000000,6.000000,8.000000,-825086.312500,412.543152,618814.750000,2082.227051,50.000000,2.000000,-40.000000,4164454.000000,2082.227051,208222.703125,445936.500000,-386523.968750,218733.093750,-159320.562500,34372.675781,-124947.890625
ml,p5,533,2026-07-10,2062.858398,10.000000,1905.504639,50.000000,-9.000000,-5.000000,476376.187500,238.188095,-857477.062500,2047.287964,50.000000,-24.000000,-30.000000,3070932.000000,1535.465942,-2456745.500000,2066.259033,50.000000,10.000000,8.000000,-826503.625000,413.251801,1033129.500000,-2281093.000000,2334280.500000,220920.000000,-167732.500000,32933.917969,-134798.578125
ml,p5,533,2026-07-11,2049.878906,10.000000,1905.504639,50.000000,-9.000000,0.000000,-0.000000,0.000000,-857477.062500,2039.092163,50.000000,-24.000000,0.000000,-0.000000,0.000000,-2446910.500000,2057.928955,50.000000,10.000000,0.000000,-0.000000,0.000000,1028964.437500,-2275423.000000,2334280.500000,220920.000000,-162062.500000,10863.524414,-151198.968750
ml,p5,533,2026-07-12,2063.613037,10.000000,1905.504639,50.000000,-9.000000,0.000000,-0.000000,0.000000,-857477.062500,2057.216309,50.000000,-24.000000,0.000000,-0.000000,0.000000,-2468659.500000,2077.042969,50.000000,10.000000,0.000000,-0.000000,0.000000,1038521.500000,-2287615.000000,2334280.500000,220920.000000,-174254.500000,31938.800781,-142315.703125
ml,p5,533,2026-07-13,2061.734375,10.000000,1905.504639,50.000000,-14.000000,-5.000000,476376.187500,238.188095,-1333853.250000,2038.444214,50.000000,21.000000,45.000000,-4586499.500000,2293.249756,2140366.500000,2058.738525,50.000000,3.000000,-7.000000,720558.500000,360.279236,308810.781250,1115324.000000,-1055284.250000,223811.718750,-163771.968750,28393.269531,-135378.703125
ml,p5,533,2026-07-14,2068.481689,10.000000,1905.504639,50.000000,-19.000000,-5.000000,476376.187500,238.188095,-1810229.500000,2009.574463,50.000000,-9.000000,-30.000000,3014361.750000,1507.180786,-904308.500000,2030.399048,50.000000,11.000000,8.000000,-812159.625000,406.079803,1116719.375000,-1597818.625000,1623294.125000,225963.187500,-200487.687500,37841.007812,-162646.687500
ml,p5,533,2026-07-15,2062.072754,10.000000,1905.504639,50.000000,-24.000000,-5.000000,476376.187500,238.188095,-2286605.500000,2053.192139,50.000000,36.000000,45.000000,-4619682.500000,2309.841064,3695745.750000,2074.011230,50.000000,-19.000000,-30.000000,3111016.750000,1555.508423,-1970310.750000,-561170.500000,591004.375000,230066.718750,-200232.843750,27761.566406,-172471.281250
ml,p5,533,2026-07-16,2064.637451,10.000000,1905.504639,50.000000,-29.000000,-5.000000,476376.187500,238.188095,-2762981.750000,2067.416992,50.000000,1.000000,-35.000000,3617979.750000,1808.989868,103370.851562,2089.187744,50.000000,26.000000,45.000000,-4700672.500000,2350.336182,2715944.250000,56333.250000,-15312.000000,234464.218750,-193442.968750,30633.347656,-162809.625000
ml,p5,533,2026-07-17,2048.247070,10.000000,1905.504639,50.000000,16.000000,45.000000,-4287385.500000,2143.692871,1524403.750000,2041.792236,50.000000,-4.000000,-5.000000,510448.062500,255.224014,-408358.437500,2062.269043,50.000000,18.000000,-8.000000,824907.625000,412.453796,1856042.250000,2972087.500000,-2967341.750000,237275.609375,-232529.859375,10297.129883,-222232.734375
ml,p5,533,2026-07-18,2032.400513,10.000000,1905.504639,50.000000,16.000000,0.000000,-0.000000,0.000000,1524403.750000,2018.186279,50.000000,-4.000000,0.000000,-0.000000,0.000000,-403637.250000,2040.522461,50.000000,18.000000,0.000000,-0.000000,0.000000,1836470.250000,2957236.750000,-2967341.750000,237275.609375,-247380.609375,-7345.578125,-254726.187500
ml,p5,533,2026-07-19,2063.514648,10.000000,1905.504639,50.000000,16.000000,0.000000,-0.000000,0.000000,1524403.750000,2062.375732,50.000000,-4.000000,0.000000,-0.000000,0.000000,-412475.156250,2083.104004,50.000000,18.000000,0.000000,-0.000000,0.000000,1874793.500000,2986722.000000,-2967341.750000,237275.609375,-217895.359375,25825.744141,-192069.609375
ml,p5,533,2026-07-20,2022.625366,10.000000,1905.504639,50.000000,9.000000,-7.000000,666926.625000,333.463318,857477.062500,2020.379150,50.000000,41.000000,45.000000,-4545853.000000,2272.926514,4141777.250000,2039.091431,50.000000,11.000000,-7.000000,713682.000000,356.840973,1121500.250000,6120755.000000,-6132586.000000,240238.812500,-252069.812500,-19431.867188,-271501.687500
ml,p5,533,2026-07-21,2031.786255,10.000000,1905.504639,50.000000,17.000000,8.000000,-762201.875000,381.100952,1619678.875000,2041.912842,50.000000,6.000000,-35.000000,3573347.750000,1786.673584,612573.812500,2060.985840,50.000000,-19.000000,-30.000000,3091478.750000,1545.739258,-1957936.500000,274316.250000,-229961.500000,243952.343750,-199597.593750,-11209.694336,-210807.281250
ml,p5,533,2026-07-22,1978.286499,10.000000,1905.504639,50.000000,-13.000000,-30.000000,2858257.000000,1429.128540,-1238578.000000,1975.164795,50.000000,1.000000,-5.000000,493791.218750,246.895599,98758.242188,1993.326416,50.000000,26.000000,45.000000,-4484984.500000,2242.491943,2591324.500000,1451504.750000,-1362897.875000,247870.875000,-159264.000000,-58354.195312,-217618.187500
ml,p5,533,2026-07-23,1834.538696,10.000000,1905.504639,50.000000,-18.000000,-5.000000,476376.187500,238.188095,-1714954.125000,1809.012329,50.000000,-4.000000,-5.000000,452253.062500,226.126541,-361802.468750,1825.699829,50.000000,-4.000000,-30.000000,2738549.750000,1369.274780,-365139.968750,-2441896.500000,2304281.000000,249704.453125,-387319.937500,-168314.093750,-555634.000000
ml,p5,533,2026-07-24,1872.034302,10.000000,1905.504639,50.000000,-23.000000,-5.000000,476376.187500,238.188095,-2191330.250000,1892.372803,50.000000,41.000000,45.000000,-4257838.500000,2128.919434,3879364.000000,1909.261353,50.000000,41.000000,45.000000,-4295838.000000,2147.918945,3913986.000000,5602020.000000,-5773019.000000,254219.484375,-425218.500000,-144315.109375,-569533.625000
ml,p5,533,2026-07-25,1771.863159,10.000000,1905.504639,50.000000,-23.000000,0.000000,-0.000000,0.000000,-2191330.250000,1771.529663,50.000000,41.000000,0.000000,-0.000000,0.000000,3631636.000000,1787.406616,50.000000,41.000000,0.000000,-0.000000,0.000000,3664183.500000,5104489.000000,-5773019.000000,254219.484375,-922749.500000,-199178.750000,-1121928.250000
ml,p5,533,2026-07-26,1693.451538,10.000000,1905.504639,50.000000,-23.000000,0.000000,-0.000000,0.000000,-2191330.250000,1678.912231,50.000000,41.000000,0.000000,-0.000000,0.000000,3441770.000000,1692.916748,50.000000,41.000000,0.000000,-0.000000,0.000000,3470479.250000,4720919.000000,-5773019.000000,254219.484375,-1306319.500000,-242174.656250,-1548494.125000
ml,p5,533,2026-07-27,1696.734009,10.000000,1905.504639,50.000000,-28.000000,-5.000000,476376.187500,238.188095,-2667706.500000,1690.254517,50.000000,1.000000,-40.000000,3380509.000000,1690.254517,84512.726562,1704.193481,50.000000,11.000000,-30.000000,2556290.250000,1278.145020,937306.437500,-1645887.250000,640156.250000,257426.062500,-1263157.000000,-240763.312500,-1503920.250000
ml,p5,533,2026-07-28,1719.957886,10.000000,1905.504639,50.000000,17.000000,45.000000,-4287385.500000,2143.692871,1619678.875000,1709.945435,50.000000,9.000000,8.000000,-683978.187500,341.989105,769475.437500,1724.807617,50.000000,-19.000000,-30.000000,2587211.250000,1293.605713,-1638567.250000,750587.000000,-1743996.250000,261205.359375,-1254614.625000,-230987.187500,-1485601.750000
ml,p5,533,2026-07-29,1707.515625,10.000000,1905.504639,50.000000,10.000000,-7.000000,666926.625000,333.463318,952752.375000,1693.095825,50.000000,2.000000,-7.000000,592583.562500,296.291748,169309.578125,1707.625732,50.000000,26.000000,45.000000,-3842157.750000,1921.078979,2219913.500000,3341975.500000,-4326644.000000,263756.187500,-1248424.750000,-235267.093750,-1483691.875000
ml,p5,533,2026-07-30,1703.556641,10.000000,1905.504639,50.000000,5.000000,-5.000000,476376.187500,238.188095,476376.187500,1693.095825,50.000000,-3.000000,-5.000000,423273.968750,211.636963,-253964.375000,1711.349854,50.000000,-4.000000,-30.000000,2567024.750000,1283.512329,-342269.968750,-119858.156250,-859968.812500,265489.531250,-1245316.500000,-236284.593750,-1481601.125000
ml,p5,533,2026-07-31,1690.475342,10.000000,1905.504639,50.000000,0.000000,-5.000000,476376.187500,238.188095,0.000000,1693.095825,50.000000,-8.000000,-5.000000,423273.968750,211.636963,-677238.312500,1736.718262,50.000000,41.000000,45.000000,-3907616.000000,1953.807861,3560272.250000,2883034.000000,-3867934.750000,267893.156250,-1252793.875000,-237773.796875,-1490567.625000
ml,p5,533,2026-08-01,1690.099731,10.000000,1905.504639,50.000000,0.000000,0.000000,-0.000000,0.000000,0.000000,1693.095825,50.000000,-8.000000,0.000000,-0.000000,0.000000,-677238.312500,1723.595337,50.000000,41.000000,0.000000,-0.000000,0.000000,3533370.250000,2856132.000000,-3867934.750000,267893.156250,-1279695.875000,-237797.203125,-1517493.125000
ml,p5,533,2026-08-02,1693.536377,10.000000,1905.504639,50.000000,0.000000,0.000000,-0.000000,0.000000,0.000000,1693.095825,50.000000,-8.000000,0.000000,-0.000000,0.000000,-677238.312500,1722.663452,50.000000,41.000000,0.000000,-0.000000,0.000000,3531460.250000,2854222.000000,-3867934.750000,267893.156250,-1281605.875000,-237819.281250,-1519425.125000
ml,p5,533,2026-08-03,1709.739990,10.000000,1905.504639,50.000000,8.000000,8.000000,-762201.875000,381.100952,762201.875000,1693.095825,50.000000,-13.000000,-5.000000,423273.968750,211.636963,-1100512.250000,1740.384521,50.000000,11.000000,-30.000000,2610576.750000,1305.288330,957211.500000,618901.125000,-1596285.875000,269791.187500,-1247176.000000,-237843.406250,-1485019.375000
ml,p5,533,2026-08-04,1693.944946,10.000000,1905.504639,50.000000,16.000000,8.000000,-762201.875000,381.100952,1524403.750000,1693.095825,50.000000,-18.000000,-5.000000,423273.968750,211.636963,-1523786.250000,1697.706177,50.000000,4.000000,-7.000000,594197.187500,297.098572,339541.250000,340158.750000,-1341016.500000,270681.000000,-1271538.750000,-237865.718750,-1509404.500000
ml,p5,533,2026-08-05,1710.794434,10.000000,1905.504639,50.000000,24.000000,8.000000,-762201.875000,381.100952,2286605.500000,1693.095825,50.000000,27.000000,45.000000,-3809465.500000,1904.732666,2285679.250000,1737.034302,50.000000,12.000000,8.000000,-694813.750000,347.406860,1042220.625000,5614505.500000,-6607497.000000,273314.250000,-1266305.750000,-237888.796875,-1504194.500000
ml,p5,533,2026-08-06,1708.982666,10.000000,1905.504639,50.000000,32.000000,8.000000,-762201.875000,381.100952,3048807.500000,1693.095825,50.000000,35.000000,8.000000,-677238.312500,338.619141,2962917.750000,1734.247559,50.000000,20.000000,8.000000,-693699.000000,346.849487,1734247.625000,7745972.500000,-8740637.000000,274380.843750,-1269045.375000,-237888.796875,-1506934.125000
ml,p5,533,2026-08-07,1695.032593,10.000000,1905.504639,50.000000,2.000000,-30.000000,2858257.000000,1429.128540,190550.468750,1693.095825,50.000000,5.000000,-30.000000,2539643.750000,1269.821777,423273.968750,1705.591919,50.000000,-10.000000,-30.000000,2558388.000000,1279.193970,-852796.000000,-238971.562500,-784348.187500,278359.000000,-1301678.750000,-237888.796875,-1539567.500000
ml,p5,533,2026-08-08,1679.107544,10.000000,1905.504639,50.000000,2.000000,0.000000,-0.000000,0.000000,190550.468750,1693.095825,50.000000,5.000000,0.000000,-0.000000,0.000000,423273.968750,1683.386230,50.000000,-10.000000,0.000000,-0.000000,0.000000,-841693.187500,-227868.750000,-784348.187500,278359.000000,-1290576.000000,-237888.796875,-1528464.750000
ml,p5,533,2026-08-09,1675.411743,10.000000,1905.504639,50.000000,2.000000,0.000000,-0.000000,0.000000,190550.468750,1693.095825,50.000000,5.000000,0.000000,-0.000000,0.000000,423273.968750,1682.043823,50.000000,-10.000000,0.000000,-0.000000,0.000000,-841021.875000,-227197.437500,-784348.187500,278359.000000,-1289904.625000,-237888.796875,-1527793.375000
ml,p5,533,2026-08-10,1689.037109,10.000000,1905.504639,50.000000,-3.000000,-5.000000,476376.187500,238.188095,-285825.687500,1693.095825,50.000000,0.000000,-5.000000,423273.968750,211.636963,0.000000,1724.124390,50.000000,35.000000,45.000000,-3879279.750000,1939.639893,3017217.750000,2731392.000000,-3763977.750000,280748.437500,-1313334.250000,-237888.796875,-1551223.000000
ml,p5,533,2026-08-11,1647.515137,10.000000,1905.504639,50.000000,-8.000000,-5.000000,476376.187500,238.188095,-762201.875000,1693.095825,50.000000,8.000000,8.000000,-677238.312500,338.619141,677238.312500,1667.097656,50.000000,28.000000,-7.000000,583484.187500,291.742096,2333936.750000,2248973.250000,-3381355.750000,281617.000000,-1413999.500000,-237888.796875,-1651888.250000
ml,p5,533,2026-08-12,1654.802612,10.000000,1905.504639,50.000000,-13.000000,-5.000000,476376.187500,238.188095,-1238578.000000,1693.095825,50.000000,16.000000,8.000000,-677238.312500,338.619141,1354476.625000,1677.201416,50.000000,-2.000000,-30.000000,2515802.250000,1257.901001,-167720.140625,-51821.515625,-1066415.500000,283451.687500,-1401688.750000,-237888.796875,-1639577.500000
ml,p5,533,2026-08-13,1587.965210,10.000000,1905.504639,50.000000,-18.000000,-5.000000,476376.187500,238.188095,-1714954.125000,1693.095825,50.000000,-14.000000,-30.000000,2539643.750000,1269.821777,-1185167.125000,1611.705566,50.000000,-9.000000,-7.000000,564097.000000,282.048492,-725267.500000,-3625388.750000,2513701.500000,285241.750000,-1396929.000000,-237888.796875,-1634817.750000
ml,p5,533,2026-08-14,1575.769897,10.000000,1905.504639,50.000000,-13.000000,5.000000,-476376.187500,238.188095,-1238578.000000,1693.095825,50.000000,-19.000000,-5.000000,423273.968750,211.636963,-1608441.000000,1576.826172,50.000000,36.000000,45.000000,-3547859.000000,1773.929443,2838287.000000,-8732.000000,-1087259.500000,287465.500000,-1383457.000000,-237888.796875,-1621345.750000
ml,p5,533,2026-08-15,1579.095215,10.000000,1905.504639,50.000000,-13.000000,0.000000,-0.000000,0.000000,-1238578.000000,1693.095825,50.000000,-19.000000,0.000000,-0.000000,0.000000,-1608441.000000,1591.290283,50.000000,36.000000,0.000000,-0.000000,0.000000,2864322.500000,17303.500000,-1087259.500000,287465.500000,-1357421.500000,-237888.796875,-1595310.250000
ml,p5,533,2026-08-16,1607.022217,10.000000,1905.504639,50.000000,-13.000000,0.000000,-0.000000,0.000000,-1238578.000000,1693.095825,50.000000,-19.000000,0.000000,-0.000000,0.000000,-1608441.000000,1612.424072,50.000000,36.000000,0.000000,-0.000000,0.000000,2902363.250000,55344.250000,-1087259.500000,287465.500000,-1319380.750000,-237888.796875,-1557269.500000
ml,p5,533,2026-08-17,1581.447754,10.000000,1905.504639,50.000000,-18.000000,-5.000000,476376.187500,238.188095,-1714954.125000,1693.095825,50.000000,-24.000000,-5.000000,423273.968750,211.636963,-2031715.000000,1587.944702,50.000000,29.000000,-7.000000,555780.687500,277.890320,2302519.750000,-1444149.250000,368171.000000,288193.218750,-1364171.500000,-237888.796875,-1602060.250000
ml,p5,533,2026-08-18,1603.098999,10.000000,1905.504639,50.000000,-23.000000,-5.000000,476376.187500,238.188095,-2191330.250000,1693.095825,50.000000,21.000000,45.000000,-3809465.500000,1904.732666,1777750.625000,1624.299438,50.000000,-1.000000,-30.000000,2436449.250000,1218.224487,-81214.968750,-494794.593750,-528469.062500,291554.375000,-1314818.000000,-237888.796875,-1552706.750000
ml,p5,533,2026-08-19,1570.746582,10.000000,1905.504639,50.000000,-18.000000,5.000000,-476376.187500,238.188095,-1714954.125000,1693.095825,50.000000,-9.000000,-30.000000,2539643.750000,1269.821777,-761893.125000,1577.286743,50.000000,-8.000000,-7.000000,552050.312500,276.025177,-630914.687500,-3107762.000000,2086848.875000,293338.406250,-1314251.500000,-237888.796875,-1552140.250000
ml,p5,533,2026-08-20,1598.480957,10.000000,1905.504639,50.000000,-13.000000,5.000000,-476376.187500,238.188095,-1238578.000000,1693.095825,50.000000,-14.000000,-5.000000,423273.968750,211.636963,-1185167.125000,1615.462158,50.000000,37.000000,45.000000,-3634789.750000,1817.395020,2988605.000000,564860.000000,-1601043.000000,295605.625000,-1331788.625000,-237888.796875,-1569677.375000
ml,p5,533,2026-08-21,1621.356445,10.000000,1905.504639,50.000000,-18.000000,-5.000000,476376.187500,238.188095,-1714954.125000,1693.095825,50.000000,-19.000000,-5.000000,423273.968750,211.636963,-1608441.000000,1639.622559,50.000000,7.000000,-30.000000,2459433.750000,1229.716919,573867.875000,-2749527.000000,1758040.625000,297285.187500,-1288771.500000,-237888.796875,-1526660.250000
ml,p5,533,2026-08-22,1644.578735,10.000000,1905.504639,50.000000,-18.000000,0.000000,-0.000000,0.000000,-1714954.125000,1693.095825,50.000000,-19.000000,0.000000,-0.000000,0.000000,-1608441.000000,1659.804199,50.000000,7.000000,0.000000,-0.000000,0.000000,580931.437500,-2742463.500000,1758040.625000,297285.187500,-1281708.000000,-237888.796875,-1519596.750000
ml,p5,533,2026-08-23,1646.515381,10.000000,1905.504639,50.000000,-18.000000,0.000000,-0.000000,0.000000,-1714954.125000,1693.095825,50.000000,-19.000000,0.000000,-0.000000,0.000000,-1608441.000000,1636.212036,50.000000,7.000000,0.000000,-0.000000,0.000000,572674.250000,-2750720.750000,1758040.625000,297285.187500,-1289965.250000,-237888.796875,-1527854.000000
ml,p5,533,2026-08-24,1662.289673,10.000000,1905.504639,50.000000,-13.000000,5.000000,-476376.187500,238.188095,-1238578.000000,1693.095825,50.000000,-14.000000,5.000000,-423273.968750,211.636963,-1185167.125000,1666.601929,50.000000,15.000000,8.000000,-666640.750000,333.320374,1249951.500000,-1173793.500000,191749.875000,298068.312500,-1280112.000000,-237888.796875,-1518000.750000
ml,p5,533,2026-08-25,1664.266968,10.000000,1905.504639,50.000000,-8.000000,5.000000,-476376.187500,238.188095,-762201.875000,1693.095825,50.000000,-9.000000,5.000000,-423273.968750,211.636963,-761893.125000,1673.296509,50.000000,5.000000,-10.000000,836648.250000,418.324127,418324.125000,-1105770.875000,128747.875000,298936.437500,-1275959.500000,-237888.796875,-1513848.250000
ml,p5,533,2026-08-26,1640.398071,10.000000,1905.504639,50.000000,-3.000000,5.000000,-476376.187500,238.188095,-285825.687500,1693.095825,50.000000,-4.000000,5.000000,-423273.968750,211.636963,-338619.156250,1643.494995,50.000000,5.000000,0.000000,-0.000000,0.000000,410873.718750,-213571.156250,-770902.187500,299386.312500,-1283859.750000,-237888.796875,-1521748.500000
ml,p5,533,2026-08-27,1639.497192,10.000000,1905.504639,50.000000,-8.000000,-5.000000,476376.187500,238.188095,-762201.875000,1693.095825,50.000000,-9.000000,-5.000000,423273.968750,211.636963,-761893.125000,1661.895630,50.000000,1.000000,-4.000000,332379.125000,166.189560,83094.781250,-1441000.250000,461127.000000,300002.312500,-1279875.500000,-237888.796875,-1517764.250000
ml,p5,533,2026-08-28,1661.511475,10.000000,1905.504639,50.000000,-3.000000,5.000000,-476376.187500,238.188095,-285825.687500,1693.095825,50.000000,-4.000000,5.000000,-423273.968750,211.636963,-338619.156250,1688.515503,50.000000,2.000000,1.000000,-84425.773438,42.212887,168851.546875,-455593.312500,-522948.812500,300494.343750,-1279036.500000,-237888.796875,-1516925.250000
ml,p5,533,2026-08-29,1644.685425,10.000000,1905.504639,50.000000,-3.000000,0.000000,-0.000000,0.000000,-285825.687500,1693.095825,50.000000,-4.000000,0.000000,-0.000000,0.000000,-338619.156250,1670.046997,50.000000,2.000000,0.000000,-0.000000,0.000000,167004.703125,-457440.187500,-522948.812500,300494.343750,-1280883.375000,-237888.796875,-1518772.125000
ml,p5,533,2026-08-30,1631.303589,10.000000,1905.504639,50.000000,-3.000000,0.000000,-0.000000,0.000000,-285825.687500,1693.095825,50.000000,-4.000000,0.000000,-0.000000,0.000000,-338619.156250,1625.274292,50.000000,2.000000,0.000000,-0.000000,0.000000,162527.421875,-461917.437500,-522948.812500,300494.343750,-1285360.625000,-237888.796875,-1523249.375000
ml,p5,533,2026-08-31,1648.705688,10.000000,1905.504639,50.000000,-8.000000,-5.000000,476376.187500,238.188095,-762201.875000,1693.095825,50.000000,-9.000000,-5.000000,423273.968750,211.636963,-761893.125000,1662.129395,50.000000,3.000000,1.000000,-83106.468750,41.553234,249319.406250,-1274775.625000,293594.750000,300985.718750,-1282166.625000,-237888.796875,-1520055.375000
ml,p5,533,2026-09-01,1588.646851,10.000000,1905.504639,50.000000,-3.000000,5.000000,-476376.187500,238.188095,-285825.687500,1693.095825,50.000000,-4.000000,5.000000,-423273.968750,211.636963,-338619.156250,1596.608154,50.000000,3.000000,0.000000,-0.000000,0.000000,239491.218750,-384953.656250,-606055.312500,301435.531250,-1292444.500000,-237888.796875,-1530333.250000
ml,p5,533,2026-09-02,1600.641846,10.000000,1905.504639,50.000000,-8.000000,-5.000000,476376.187500,238.188095,-762201.875000,1693.095825,50.000000,-9.000000,-5.000000,423273.968750,211.636963,-761893.125000,1615.977173,50.000000,4.000000,1.000000,-80798.859375,40.399429,323195.437500,-1200899.500000,212795.875000,301925.750000,-1290029.375000,-237888.796875,-1527918.125000
ml,p5,533,2026-09-03,1602.831543,10.000000,1905.504639,50.000000,-3.000000,5.000000,-476376.187500,238.188095,-285825.687500,1693.095825,50.000000,-4.000000,5.000000,-423273.968750,211.636963,-338619.156250,1607.840698,50.000000,5.000000,1.000000,-80392.031250,40.196014,401960.187500,-222484.687500,-767246.187500,302415.781250,-1292146.625000,-237888.796875,-1530035.375000
ml,p5,533,2026-09-04,1570.061523,10.000000,1905.504639,50.000000,-8.000000,-5.000000,476376.187500,238.188095,-762201.875000,1693.095825,50.000000,-9.000000,-5.000000,423273.968750,211.636963,-761893.125000,1557.528564,50.000000,5.000000,0.000000,-0.000000,0.000000,389382.125000,-1134712.875000,132403.875000,302865.625000,-1305174.625000,-237888.796875,-1543063.375000
ml,p5,533,2026-09-05,1580.023071,10.000000,1905.504639,50.000000,-8.000000,0.000000,-0.000000,0.000000,-762201.875000,1693.095825,50.000000,-9.000000,0.000000,-0.000000,0.000000,-761893.125000,1580.637451,50.000000,5.000000,0.000000,-0.000000,0.000000,395159.375000,-1128935.625000,132403.875000,302865.625000,-1299397.375000,-237888.796875,-1537286.125000
ml,p5,533,2026-09-06,1550.901123,10.000000,1905.504639,50.000000,-8.000000,0.000000,-0.000000,0.000000,-762201.875000,1693.095825,50.000000,-9.000000,0.000000,-0.000000,0.000000,-761893.125000,1548.043945,50.000000,5.000000,0.000000,-0.000000,0.000000,387011.000000,-1137084.000000,132403.875000,302865.625000,-1307545.750000,-237888.796875,-1545434.500000
ml,p5,533,2026-09-07,1534.340576,10.000000,1905.504639,50.000000,-8.000000,0.000000,-0.000000,0.000000,-762201.875000,1693.095825,50.000000,-9.000000,0.000000,-0.000000,0.000000,-761893.125000,1522.069336,50.000000,5.000000,0.000000,-0.000000,0.000000,380517.343750,-1143577.625000,132403.875000,302865.625000,-1314039.375000,-237888.796875,-1551928.125000
ml,p5,533,2026-09-08,1529.664551,10.000000,1905.504639,50.000000,-3.000000,5.000000,-476376.187500,238.188095,-285825.687500,1693.095825,50.000000,-4.000000,5.000000,-423273.968750,211.636963,-338619.156250,1538.354858,50.000000,6.000000,1.000000,-76917.742188,38.458870,461506.437500,-162938.437500,-844163.937500,303353.906250,-1310456.250000,-237888.796875,-1548345.000000
ml,p5,533,2026-09-09,1482.280029,10.000000,1905.504639,50.000000,-8.000000,-5.000000,476376.187500,238.188095,-762201.875000,1693.095825,50.000000,-9.000000,-5.000000,423273.968750,211.636963,-761893.125000,1491.057007,50.000000,6.000000,0.000000,-0.000000,0.000000,447317.093750,-1076777.875000,55486.125000,303803.718750,-1325095.500000,-237888.796875,-1562984.250000
ml,p5,533,2026-09-10,1517.937866,10.000000,1905.504639,50.000000,-3.000000,5.000000,-476376.187500,238.188095,-285825.687500,1693.095825,50.000000,-4.000000,5.000000,-423273.968750,211.636963,-338619.156250,1524.471313,50.000000,7.000000,1.000000,-76223.562500,38.111782,533564.937500,-90879.937500,-920387.562500,304291.656250,-1315559.125000,-237888.796875,-1553447.875000
ml,p5,533,2026-09-11,1514.522461,10.000000,1905.504639,50.000000,-8.000000,-5.000000,476376.187500,238.188095,-762201.875000,1693.095825,50.000000,-9.000000,-5.000000,423273.968750,211.636963,-761893.125000,1513.564087,50.000000,0.000000,-7.000000,529747.437500,264.873688,0.000000,-1524095.000000,509010.000000,305006.343750,-1320091.375000,-237888.796875,-1557980.125000
ml,p5,533,2026-09-12,1531.822876,10.000000,1905.504639,50.000000,-8.000000,0.000000,-0.000000,0.000000,-762201.875000,1693.095825,50.000000,-9.000000,0.000000,-0.000000,0.000000,-761893.125000,1539.156494,50.000000,0.000000,0.000000,-0.000000,0.000000,0.000000,-1524095.000000,509010.000000,305006.343750,-1320091.375000,-237888.796875,-1557980.125000
ml,p5,533,2026-09-13,1558.979370,10.000000,1905.504639,50.000000,-8.000000,0.000000,-0.000000,0.000000,-762201.875000,1693.095825,50.000000,-9.000000,0.000000,-0.000000,0.000000,-761893.125000,1559.037720,50.000000,0.000000,0.000000,-0.000000,0.000000,0.000000,-1524095.000000,509010.000000,305006.343750,-1320091.375000,-237888.796875,-1557980.125000
ml,p5,533,2026-09-14,1566.634766,10.000000,1905.504639,50.000000,-3.000000,5.000000,-476376.187500,238.188095,-285825.687500,1693.095825,50.000000,-4.000000,5.000000,-423273.968750,211.636963,-338619.156250,1570.371582,50.000000,-2.000000,-2.000000,157037.156250,78.518570,-157037.156250,-781482.000000,-233602.937500,305534.687500,-1320619.625000,-237888.796875,-1558508.375000
ml,p5,533,2026-09-15,1553.099854,10.000000,1905.504639,50.000000,-8.000000,-5.000000,476376.187500,238.188095,-762201.875000,1693.095825,50.000000,-9.000000,-5.000000,423273.968750,211.636963,-761893.125000,1560.984619,50.000000,-4.000000,-2.000000,156098.468750,78.049232,-312196.937500,-1836292.000000,822145.625000,306062.562500,-1320209.000000,-237888.796875,-1558097.750000
ml,p5,533,2026-09-16,1550.710327,10.000000,1905.504639,50.000000,-3.000000,5.000000,-476376.187500,238.188095,-285825.687500,1693.095825,50.000000,-4.000000,5.000000,-423273.968750,211.636963,-338619.156250,1590.291748,50.000000,5.000000,9.000000,-715631.312500,357.815643,397572.937500,-226871.937500,-793135.812500,306870.218750,-1326878.000000,-237888.796875,-1564766.750000
ml,p5,533,2026-09-17,1557.918945,10.000000,1905.504639,50.000000,-8.000000,-5.000000,476376.187500,238.188095,-762201.875000,1693.095825,50.000000,-9.000000,-5.000000,423273.968750,211.636963,-761893.125000,1591.707275,50.000000,-3.000000,-8.000000,636682.937500,318.341461,-238756.109375,-1762851.125000,743197.250000,307638.375000,-1327292.250000,-237888.796875,-1565181.000000
ml,p5,533,2026-09-18,1550.327393,10.000000,1905.504639,50.000000,-3.000000,5.000000,-476376.187500,238.188095,-285825.687500,1693.095825,50.000000,-4.000000,5.000000,-423273.968750,211.636963,-338619.156250,1556.056519,50.000000,-11.000000,-8.000000,622422.625000,311.211304,-855831.062500,-1480276.000000,465969.812500,308399.406250,-1322705.625000,-237888.796875,-1560594.375000
ml,p5,533,2026-09-19,1541.833862,10.000000,1905.504639,50.000000,-3.000000,0.000000,-0.000000,0.000000,-285825.687500,1693.095825,50.000000,-4.000000,0.000000,-0.000000,0.000000,-338619.156250,1559.272583,50.000000,-11.000000,0.000000,-0.000000,0.000000,-857599.875000,-1482044.750000,465969.812500,308399.406250,-1324474.375000,-237888.796875,-1562363.125000
ml,p5,533,2026-09-20,1551.774780,10.000000,1905.504639,50.000000,-3.000000,0.000000,-0.000000,0.000000,-285825.687500,1693.095825,50.000000,-4.000000,0.000000,-0.000000,0.000000,-338619.156250,1560.250488,50.000000,-11.000000,0.000000,-0.000000,0.000000,-858137.812500,-1482582.750000,465969.812500,308399.406250,-1325012.375000,-237888.796875,-1562901.125000
ml,p5,533,2026-09-21,1574.255737,10.000000,1905.504639,50.000000,2.000000,5.000000,-476376.187500,238.188095,190550.468750,1693.095825,50.000000,1.000000,5.000000,-423273.968750,211.636963,84654.789062,1596.598145,50.000000,-16.000000,-5.000000,399149.531250,199.574753,-1277278.500000,-1002073.250000,-34530.843750,309048.812500,-1345653.000000,-237888.796875,-1583541.750000
ml,p5,533,2026-09-22,1565.312378,10.000000,1905.504639,50.000000,-3.000000,-5.000000,476376.187500,238.188095,-285825.687500,1693.095825,50.000000,-4.000000,-5.000000,423273.968750,211.636963,-338619.156250,1579.459229,50.000000,-21.000000,-5.000000,394864.781250,197.432404,-1658432.250000,-2282877.000000,1259984.125000,309696.062500,-1332589.000000,-237888.796875,-1570477.750000
ml,p5,533,2026-09-23,1574.670288,10.000000,1905.504639,50.000000,2.000000,5.000000,-476376.187500,238.188095,190550.468750,1693.095825,50.000000,1.000000,5.000000,-423273.968750,211.636963,84654.789062,1603.903564,50.000000,-16.000000,5.000000,-400975.875000,200.487961,-1283122.875000,-1007917.625000,-40641.937500,310346.406250,-1358906.000000,-237888.796875,-1596794.750000
ml,p5,533,2026-09-24,1576.113281,10.000000,1905.504639,50.000000,-3.000000,-5.000000,476376.187500,238.188095,-285825.687500,1693.095825,50.000000,-4.000000,-5.000000,423273.968750,211.636963,-338619.156250,1601.136963,50.000000,-21.000000,-5.000000,400284.218750,200.142120,-1681193.750000,-2305638.500000,1259292.500000,310996.343750,-1357342.375000,-237888.796875,-1595231.125000
ml,p5,533,2026-09-25,1555.857178,10.000000,1905.504639,50.000000,2.000000,5.000000,-476376.187500,238.188095,190550.468750,1693.095825,50.000000,1.000000,5.000000,-423273.968750,211.636963,84654.789062,1584.097290,50.000000,-16.000000,5.000000,-396024.312500,198.012161,-1267277.875000,-992072.625000,-36382.031250,311644.187500,-1340098.750000,-237888.796875,-1577987.500000
ml,p5,533,2026-09-26,1574.070435,10.000000,1905.504639,50.000000,2.000000,0.000000,-0.000000,0.000000,190550.468750,1693.095825,50.000000,1.000000,0.000000,-0.000000,0.000000,84654.789062,1593.586914,50.000000,-16.000000,0.000000,-0.000000,0.000000,-1274869.500000,-999664.250000,-36382.031250,311644.187500,-1347690.500000,-237888.796875,-1585579.250000
ml,p5,533,2026-09-27,1585.443481,10.000000,1905.504639,50.000000,2.000000,0.000000,-0.000000,0.000000,190550.468750,1693.095825,50.000000,1.000000,0.000000,-0.000000,0.000000,84654.789062,1585.942505,50.000000,-16.000000,0.000000,-0.000000,0.000000,-1268754.000000,-993548.750000,-36382.031250,311644.187500,-1341575.000000,-237888.796875,-1579463.750000
ml,p5,533,2026-09-28,1566.547485,10.000000,1905.504639,50.000000,-3.000000,-5.000000,476376.187500,238.188095,-285825.687500,1693.095825,50.000000,-4.000000,-5.000000,423273.968750,211.636963,-338619.156250,1571.584351,50.000000,-21.000000,-5.000000,392896.093750,196.448044,-1650163.500000,-2274608.500000,1256164.250000,312290.468750,-1330734.750000,-237888.796875,-1568623.500000
ml,p5,533,2026-09-29,1568.120605,10.000000,1905.504639,50.000000,2.000000,5.000000,-476376.187500,238.188095,190550.468750,1693.095825,50.000000,1.000000,5.000000,-423273.968750,211.636963,84654.789062,1565.024048,50.000000,-16.000000,5.000000,-391256.000000,195.627991,-1252019.250000,-976814.000000,-34741.937500,312935.937500,-1324491.875000,-237888.796875,-1562380.625000
ml,p5,533,2026-09-30,1566.203003,10.000000,1905.504639,50.000000,-3.000000,-5.000000,476376.187500,238.188095,-285825.687500,1693.095825,50.000000,-4.000000,-5.000000,423273.968750,211.636963,-338619.156250,1576.446411,50.000000,-11.000000,5.000000,-394111.593750,197.055801,-867045.500000,-1491490.375000,470796.656250,313582.812500,-1334276.500000,-237888.796875,-1572165.250000
ml,p5,533,2026-10-01,1520.945435,10.000000,1905.504639,50.000000,2.000000,5.000000,-476376.187500,238.188095,190550.468750,1693.095825,50.000000,1.000000,5.000000,-423273.968750,211.636963,84654.789062,1519.660278,50.000000,-6.000000,5.000000,-379915.062500,189.957520,-455898.093750,-180692.843750,-808768.625000,314222.593750,-1303684.125000,-237888.796875,-1541572.875000
ml,p5,533,2026-10-02,1535.346924,10.000000,1905.504639,50.000000,-3.000000,-5.000000,476376.187500,238.188095,-285825.687500,1693.095825,50.000000,-4.000000,-5.000000,423273.968750,211.636963,-338619.156250,1559.294189,50.000000,-1.000000,5.000000,-389823.531250,194.911789,-77964.710938,-702409.562500,-298941.937500,314867.312500,-1316218.750000,-237888.796875,-1554107.500000
ml,p5,533,2026-10-03,1542.194824,10.000000,1905.504639,50.000000,-3.000000,0.000000,-0.000000,0.000000,-285825.687500,1693.095825,50.000000,-4.000000,0.000000,-0.000000,0.000000,-338619.156250,1549.716797,50.000000,-1.000000,0.000000,-0.000000,0.000000,-77485.843750,-701930.750000,-298941.937500,314867.312500,-1315740.000000,-237888.796875,-1553628.750000
ml,p5,533,2026-10-04,1547.306763,10.000000,1905.504639,50.000000,-3.000000,0.000000,-0.000000,0.000000,-285825.687500,1693.095825,50.000000,-4.000000,0.000000,-0.000000,0.000000,-338619.156250,1543.069946,50.000000,-1.000000,0.000000,-0.000000,0.000000,-77153.500000,-701598.375000,-298941.937500,314867.312500,-1315407.625000,-237888.796875,-1553296.375000
ml,p5,533,2026-10-05,1563.472778,10.000000,1905.504639,50.000000,2.000000,5.000000,-476376.187500,238.188095,190550.468750,1693.095825,50.000000,1.000000,5.000000,-423273.968750,211.636963,84654.789062,1554.121582,50.000000,-3.000000,-2.000000,155412.156250,77.706070,-233118.234375,42087.015625,-1043180.000000,315394.843750,-1316487.875000,-237888.796875,-1554376.625000
ml,p5,533,2026-10-06,1572.935913,10.000000,1905.504639,50.000000,-3.000000,-5.000000,476376.187500,238.188095,-285825.687500,1693.095825,50.000000,-4.000000,-5.000000,423273.968750,211.636963,-338619.156250,1566.846069,50.000000,-5.000000,-2.000000,156684.609375,78.342308,-391711.531250,-1016156.375000,13154.812500,315923.000000,-1318924.500000,-237888.796875,-1556813.250000
ml,p5,533,2026-10-07,1574.853516,10.000000,1905.504639,50.000000,2.000000,5.000000,-476376.187500,238.188095,190550.468750,1693.095825,50.000000,1.000000,5.000000,-423273.968750,211.636963,84654.789062,1566.268799,50.000000,4.000000,9.000000,-704820.937500,352.410461,313253.750000,588459.000000,-1591316.250000,316725.250000,-1319582.500000,-237888.796875,-1557471.250000
ml,p5,533,2026-10-08,1553.934814,10.000000,1905.504639,50.000000,-3.000000,-5.000000,476376.187500,238.188095,-285825.687500,1693.095825,50.000000,-4.000000,-5.000000,423273.968750,211.636963,-338619.156250,1556.742188,50.000000,13.000000,9.000000,-700534.000000,350.266998,1011882.437500,387437.562500,-1392200.000000,317525.375000,-1322287.750000,-237888.796875,-1560176.500000
ml,p5,533,2026-10-09,1558.820312,10.000000,1905.504639,50.000000,2.000000,5.000000,-476376.187500,238.188095,190550.468750,1693.095825,50.000000,1.000000,5.000000,-423273.968750,211.636963,84654.789062,1565.008911,50.000000,5.000000,-8.000000,626003.562500,313.001770,391252.218750,666457.500000,-1665846.750000,318288.187500,-1317677.500000,-237888.796875,-1555566.250000
ml,p5,533,2026-10-10,1567.804321,10.000000,1905.504639,50.000000,2.000000,0.000000,-0.000000,0.000000,190550.468750,1693.095825,50.000000,1.000000,0.000000,-0.000000,0.000000,84654.789062,1557.318970,50.000000,5.000000,0.000000,-0.000000,0.000000,389329.750000,664535.000000,-1665846.750000,318288.187500,-1319600.000000,-237888.796875,-1557488.750000
ml,p5,533,2026-10-11,1554.794556,10.000000,1905.504639,50.000000,2.000000,0.000000,-0.000000,0.000000,190550.468750,1693.095825,50.000000,1.000000,0.000000,-0.000000,0.000000,84654.789062,1544.980591,50.000000,5.000000,0.000000,-0.000000,0.000000,386245.156250,661450.375000,-1665846.750000,318288.187500,-1322684.500000,-237888.796875,-1560573.250000
ml,p5,533,2026-10-12,1535.032837,10.000000,1905.504639,50.000000,2.000000,0.000000,-0.000000,0.000000,190550.468750,1693.095825,50.000000,1.000000,0.000000,-0.000000,0.000000,84654.789062,1538.856323,50.000000,5.000000,0.000000,-0.000000,0.000000,384714.093750,659919.375000,-1665846.750000,318288.187500,-1324215.500000,-237888.796875,-1562104.250000
ml,p5,533,2026-10-13,1522.344360,10.000000,1905.504639,50.000000,-3.000000,-5.000000,476376.187500,238.188095,-285825.687500,1693.095825,50.000000,-4.000000,-5.000000,423273.968750,211.636963,-338619.156250,1512.925415,50.000000,14.000000,9.000000,-680816.437500,340.408203,1059047.750000,434602.875000,-1447013.000000,319078.406250,-1331488.500000,-237888.796875,-1569377.250000
ml,p5,533,2026-10-14,1544.272217,10.000000,1905.504639,50.000000,2.000000,5.000000,-476376.187500,238.188095,190550.468750,1693.095825,50.000000,1.000000,5.000000,-423273.968750,211.636963,84654.789062,1529.987549,50.000000,6.000000,-8.000000,611995.000000,305.997498,458996.281250,734201.500000,-1734668.125000,319834.250000,-1320300.875000,-237888.796875,-1558189.625000
ml,p5,533,2026-10-15,1541.774292,10.000000,1905.504639,50.000000,-3.000000,-5.000000,476376.187500,238.188095,-285825.687500,1693.095825,50.000000,-4.000000,-5.000000,423273.968750,211.636963,-338619.156250,1525.397217,50.000000,0.000000,-6.000000,457619.125000,228.809570,0.000000,-624444.875000,-377398.875000,320512.875000,-1322356.625000,-237888.796875,-1560245.375000
ml,p5,533,2026-10-16,1541.991943,10.000000,1905.504639,50.000000,2.000000,5.000000,-476376.187500,238.188095,190550.468750,1693.095825,50.000000,1.000000,5.000000,-423273.968750,211.636963,84654.789062,1530.074951,50.000000,-2.000000,-2.000000,153007.500000,76.503746,-153007.500000,122197.750000,-1124041.500000,321039.187500,-1322883.000000,-237888.796875,-1560771.750000
ml,p5,533,2026-10-17,1520.938843,10.000000,1905.504639,50.000000,2.000000,0.000000,-0.000000,0.000000,190550.468750,1693.095825,50.000000,1.000000,0.000000,-0.000000,0.000000,84654.789062,1511.251709,50.000000,-2.000000,0.000000,-0.000000,0.000000,-151125.171875,124080.078125,-1124041.500000,321039.187500,-1321000.625000,-237888.796875,-1558889.375000
ml,p5,533,2026-10-18,1523.183716,10.000000,1905.504639,50.000000,2.000000,0.000000,-0.000000,0.000000,190550.468750,1693.095825,50.000000,1.000000,0.000000,-0.000000,0.000000,84654.789062,1513.402588,50.000000,-2.000000,0.000000,-0.000000,0.000000,-151340.265625,123864.984375,-1124041.500000,321039.187500,-1321215.750000,-237888.796875,-1559104.500000
ml,p5,533,2026-10-19,1522.694214,10.000000,1905.504639,50.000000,-3.000000,-5.000000,476376.187500,238.188095,-285825.687500,1693.095825,50.000000,-4.000000,-5.000000,423273.968750,211.636963,-338619.156250,1508.141235,50.000000,-4.000000,-2.000000,150814.125000,75.407059,-301628.250000,-926073.125000,-73577.250000,321564.437500,-1321214.750000,-237888.796875,-1559103.500000
ml,p5,533,2026-10-20,1531.270020,10.000000,1905.504639,50.000000,2.000000,5.000000,-476376.187500,238.188095,190550.468750,1693.095825,50.000000,1.000000,5.000000,-423273.968750,211.636963,84654.789062,1521.141602,50.000000,1.000000,5.000000,-380285.406250,190.142685,76057.078125,351262.312500,-1353512.750000,322204.375000,-1324454.750000,-237888.796875,-1562343.500000
ml,p5,533,2026-10-21,1521.245728,10.000000,1905.504639,50.000000,-3.000000,-5.000000,476376.187500,238.188095,-285825.687500,1693.095825,50.000000,-4.000000,-5.000000,423273.968750,211.636963,-338619.156250,1519.123413,50.000000,10.000000,9.000000,-683605.500000,341.802795,759561.750000,135116.875000,-1137468.250000,322996.000000,-1325347.375000,-237888.796875,-1563236.125000
ml,p5,533,2026-10-22,1513.420776,10.000000,1905.504639,50.000000,2.000000,5.000000,-476376.187500,238.188095,190550.468750,1693.095825,50.000000,1.000000,5.000000,-423273.968750,211.636963,84654.789062,1518.128540,50.000000,8.000000,-2.000000,151812.859375,75.906433,607251.437500,882456.687500,-1885305.500000,323521.750000,-1326370.500000,-237888.796875,-1564259.250000
ml,p5,533,2026-10-23,1497.762451,10.000000,1905.504639,50.000000,-3.000000,-5.000000,476376.187500,238.188095,-285825.687500,1693.095825,50.000000,-4.000000,-5.000000,423273.968750,211.636963,-338619.156250,1505.159302,50.000000,6.000000,-2.000000,150515.937500,75.257965,451547.812500,-172897.062500,-835139.312500,324046.843750,-1332083.250000,-237888.796875,-1569972.000000
ml,p5,533,2026-10-24,1515.252686,10.000000,1905.504639,50.000000,-3.000000,0.000000,-0.000000,0.000000,-285825.687500,1693.095825,50.000000,-4.000000,0.000000,-0.000000,0.000000,-338619.156250,1540.286865,50.000000,6.000000,0.000000,-0.000000,0.000000,462086.031250,-162358.843750,-835139.312500,324046.843750,-1321545.000000,-237888.796875,-1559433.750000
ml,p5,533,2026-10-25,1519.491943,10.000000,1905.504639,50.000000,-3.000000,0.000000,-0.000000,0.000000,-285825.687500,1693.095825,50.000000,-4.000000,0.000000,-0.000000,0.000000,-338619.156250,1544.119385,50.000000,6.000000,0.000000,-0.000000,0.000000,463235.843750,-161209.031250,-835139.312500,324046.843750,-1320395.250000,-237888.796875,-1558284.000000
ml,p5,533,2026-10-26,1518.569824,10.000000,1905.504639,50.000000,2.000000,5.000000,-476376.187500,238.188095,190550.468750,1693.095825,50.000000,1.000000,5.000000,-423273.968750,211.636963,84654.789062,1521.704468,50.000000,12.000000,6.000000,-456511.312500,228.255661,913022.625000,1188227.875000,-2191301.000000,324724.906250,-1327798.000000,-237888.796875,-1565686.750000
ml,p5,533,2026-10-27,1500.089600,10.000000,1905.504639,50.000000,-3.000000,-5.000000,476376.187500,238.188095,-285825.687500,1693.095825,50.000000,6.000000,5.000000,-423273.968750,211.636963,507928.750000,1500.457764,50.000000,13.000000,1.000000,-75022.890625,37.511444,975297.562500,1197400.625000,-2213221.500000,325212.250000,-1341033.125000,-237888.796875,-1578921.875000
ml,p5,533,2026-10-28,1498.371704,10.000000,1905.504639,50.000000,2.000000,5.000000,-476376.187500,238.188095,190550.468750,1693.095825,50.000000,11.000000,5.000000,-423273.968750,211.636963,931202.750000,1490.289185,50.000000,5.000000,-8.000000,596115.687500,298.057831,372572.281250,1494325.500000,-2516756.000000,325960.125000,-1348390.625000,-237888.796875,-1586279.375000
ml,p5,533,2026-10-29,1489.492065,10.000000,1905.504639,50.000000,0.000000,-2.000000,190550.468750,95.275238,0.000000,1693.095825,50.000000,0.000000,-11.000000,931202.750000,465.601318,0.000000,1482.265869,50.000000,0.000000,-5.000000,370566.468750,185.283234,0.000000,0.000000,-1024436.250000,326706.312500,-1351142.500000,-237888.796875,-1589031.250000
ml,p5,533,2026-10-30,1486.251953,10.000000,1905.504639,50.000000,0.000000,0.000000,-0.000000,0.000000,0.000000,1693.095825,50.000000,0.000000,0.000000,-0.000000,0.000000,0.000000,1482.265869,50.000000,0.000000,0.000000,-0.000000,0.000000,0.000000,0.000000,-1024436.250000,326706.312500,-1351142.500000,-237888.796875,-1589031.250000
ml,p95,518,2026-04-10,2055.000244,10.000000,2026.171509,50.000000,-2.000000,-2.000000,202617.156250,101.308571,-202617.156250,2047.068848,50.000000,-15.000000,-15.000000,1535301.625000,767.650818,-1535301.625000,2070.749756,50.000000,-15.000000,-15.000000,1553062.250000,776.531128,-1553062.250000,-3290981.000000,3290981.000000,1645.490479,-1645.490479,4854.181641,3208.691162
ml,p95,518,2026-04-11,2060.019775,10.000000,2063.619873,50.000000,-2.000000,0.000000,-0.000000,0.000000,-206361.984375,2083.269043,50.000000,-15.000000,0.000000,-0.000000,0.000000,-1562451.750000,2105.647461,50.000000,-15.000000,0.000000,-0.000000,0.000000,-1579235.500000,-3348049.250000,3290981.000000,1645.490479,-58713.742188,13476.389648,-45237.351562
ml,p95,518,2026-04-12,2052.282959,10.000000,2080.594238,50.000000,-2.000000,0.000000,-0.000000,0.000000,-208059.421875,2098.849609,50.000000,-15.000000,0.000000,-0.000000,0.000000,-1574137.250000,2121.019043,50.000000,-15.000000,0.000000,-0.000000,0.000000,-1590764.250000,-3372961.000000,3290981.000000,1645.490479,-83625.492188,-4542.647949,-88168.140625
ml,p95,518,2026-04-13,2034.227051,10.000000,2028.125977,50.000000,-4.000000,-2.000000,202812.593750,101.406296,-405625.187500,2045.548462,50.000000,30.000000,45.000000,-4602484.000000,2301.241943,3068322.750000,2066.616455,50.000000,30.000000,45.000000,-4649887.000000,2324.943359,3099924.500000,5762622.000000,-5758577.500000,6373.082031,-2328.582031,-45687.769531,-48016.351562
ml,p95,518,2026-04-14,2064.575684,10.000000,2070.250000,50.000000,41.000000,45.000000,-4658062.500000,2329.031250,4244012.500000,2087.782959,50.000000,15.000000,-15.000000,1565837.250000,782.918579,1565837.250000,2108.701416,50.000000,15.000000,-15.000000,1581526.125000,790.763062,1581526.125000,7391376.000000,-7269276.500000,10275.794922,111823.703125,32864.132812,144687.843750
ml,p95,518,2026-04-15,2088.189209,10.000000,2067.912109,50.000000,26.000000,-15.000000,1550934.125000,775.467041,2688285.750000,2085.061035,50.000000,-15.000000,-30.000000,3127591.500000,1563.795776,-1563795.750000,2104.006104,50.000000,-15.000000,-30.000000,3156009.250000,1578.004395,-1578004.625000,-453514.625000,565258.500000,14193.062500,97550.812500,98185.859375,195736.671875
ml,p95,518,2026-04-16,2083.309570,10.000000,2076.403320,50.000000,11.000000,-15.000000,1557302.500000,778.651184,1142021.875000,2092.181885,50.000000,30.000000,45.000000,-4707409.500000,2353.704590,3138272.750000,2110.451904,50.000000,30.000000,45.000000,-4748517.000000,2374.258545,3165678.000000,7445972.500000,-7333365.500000,19699.675781,92907.328125,91547.945312,184455.281250
ml,p95,518,2026-04-17,2091.272217,10.000000,2066.487305,50.000000,1.000000,-10.000000,1033243.625000,516.621826,103324.367188,2084.008545,50.000000,0.000000,-30.000000,3126013.000000,1563.006470,0.000000,2103.628418,50.000000,0.000000,-30.000000,3155442.500000,1577.721313,0.000000,103324.367188,-18666.500000,23357.027344,61300.839844,118152.734375,179453.578125
ml,p95,518,2026-04-18,2086.978760,10.000000,2060.989502,50.000000,1.000000,0.000000,-0.000000,0.000000,103049.476562,2079.237305,50.000000,0.000000,0.000000,-0.000000,0.000000,0.000000,2097.306641,50.000000,0.000000,0.000000,-0.000000,0.000000,0.000000,103049.476562,-18666.500000,23357.027344,61025.949219,116337.804688,177363.750000
ml,p95,518,2026-04-19,2076.122070,10.000000,2066.432617,50.000000,1.000000,0.000000,-0.000000,0.000000,103321.632812,2085.247314,50.000000,0.000000,0.000000,-0.000000,0.000000,0.000000,2103.490234,50.000000,0.000000,0.000000,-0.000000,0.000000,0.000000,103321.632812,-18666.500000,23357.027344,61298.105469,99910.664062,161208.765625
ml,p95,518,2026-04-20,2057.391602,10.000000,2050.641846,50.000000,46.000000,45.000000,-4613944.000000,2306.971924,4716476.000000,2069.266602,50.000000,-2.000000,-2.000000,206926.656250,103.463326,-206926.656250,2085.992676,50.000000,-2.000000,-2.000000,208599.265625,104.299629,-208599.265625,4300950.000000,-4217084.500000,25871.761719,57993.738281,49056.863281,107050.601562
ml,p95,518,2026-04-21,2089.533691,10.000000,2092.783203,50.000000,31.000000,-15.000000,1569587.375000,784.793640,3243814.000000,2113.482910,50.000000,-17.000000,-15.000000,1585112.250000,792.556091,-1796460.500000,2130.155518,50.000000,-17.000000,-15.000000,1597616.625000,798.808289,-1810632.250000,-363278.750000,535231.750000,28247.919922,143705.078125,133615.203125,277320.281250
ml,p95,518,2026-04-22,2132.651123,10.000000,2132.367920,50.000000,16.000000,-15.000000,1599276.000000,799.638000,1705894.375000,2152.828369,50.000000,-22.000000,-5.000000,538207.062500,269.103577,-2368111.250000,2170.082520,50.000000,28.000000,45.000000,-4882685.500000,2441.342773,3038115.500000,2375898.500000,-2209971.000000,31758.003906,134169.500000,242617.953125,376787.437500
ml,p95,518,2026-04-23,2129.004395,10.000000,2131.485596,50.000000,-19.000000,-35.000000,3730099.500000,1865.049805,-2024911.375000,2152.895020,50.000000,23.000000,45.000000,-4844013.500000,2422.006836,2475829.250000,2172.015137,50.000000,18.000000,-10.000000,1086007.625000,543.003784,1954813.625000,2405731.500000,-2237877.000000,36588.062500,131266.437500,237879.671875,369146.125000
ml,p95,518,2026-04-24,2160.409180,10.000000,2163.916260,50.000000,26.000000,45.000000,-4868811.500000,2434.405762,2813091.250000,2184.212158,50.000000,8.000000,-15.000000,1638159.125000,819.079590,873684.875000,2201.573975,50.000000,3.000000,-15.000000,1651180.500000,825.590210,330236.093750,4017012.000000,-3817349.000000,40667.140625,158995.859375,316107.500000,475103.375000
ml,p95,518,2026-04-25,2155.019775,10.000000,2172.968994,50.000000,26.000000,0.000000,-0.000000,0.000000,2824859.750000,2192.910889,50.000000,8.000000,0.000000,-0.000000,0.000000,877164.375000,2211.392578,50.000000,3.000000,0.000000,-0.000000,0.000000,331708.875000,4033733.000000,-3817349.000000,40667.140625,175716.859375,312294.093750,488010.937500
ml,p95,518,2026-04-26,2123.460449,10.000000,2087.155029,50.000000,26.000000,0.000000,-0.000000,0.000000,2713301.500000,2105.254395,50.000000,8.000000,0.000000,-0.000000,0.000000,842101.750000,2123.109863,50.000000,3.000000,0.000000,-0.000000,0.000000,318466.468750,3873869.750000,-3817349.000000,40667.140625,15853.609375,242679.390625,258533.000000
ml,p95,518,2026-04-27,2082.189453,10.000000,2057.172852,50.000000,11.000000,-15.000000,1542879.750000,771.439758,1131445.125000,2075.743896,50.000000,-1.000000,-9.000000,934084.750000,467.042358,-103787.195312,2094.884033,50.000000,-5.000000,-8.000000,837953.625000,418.976776,-523721.000000,503936.937500,-502430.875000,42324.597656,-40818.535156,139130.828125,98312.296875
ml,p95,518,2026-04-28,2074.394287,10.000000,2063.212402,50.000000,1.000000,-10.000000,1031606.250000,515.803101,103160.617188,2082.438965,50.000000,-16.000000,-15.000000,1561829.250000,780.914551,-1665951.125000,2102.478027,50.000000,-15.000000,-10.000000,1051239.000000,525.619446,-1576858.500000,-3139649.000000,3142243.500000,44146.933594,-41552.433594,120039.101562,78486.671875
ml,p95,518,2026-04-29,2027.167236,10.000000,2012.190063,50.000000,-4.000000,-5.000000,503047.500000,251.523743,-402438.000000,2030.759521,50.000000,29.000000,45.000000,-4569209.000000,2284.604248,2944601.250000,2049.206299,50.000000,30.000000,45.000000,-4610714.000000,2305.356934,3073809.500000,5615973.000000,-5534632.000000,48988.417969,32352.582031,1711.707031,34064.289062
ml,p95,518,2026-04-30,2016.912231,10.000000,2012.190063,50.000000,-9.000000,-5.000000,503047.500000,251.523743,-905485.562500,2049.243408,50.000000,14.000000,-15.000000,1536932.500000,768.466309,1434470.375000,2067.787354,50.000000,0.000000,-30.000000,3101681.000000,1550.840454,0.000000,528984.812500,-392970.875000,51559.250000,84454.687500,-26696.638672,57758.046875
ml,p95,518,2026-05-01,2015.841064,10.000000,2012.190063,50.000000,-14.000000,-5.000000,503047.500000,251.523743,-1408533.000000,2069.050781,50.000000,-16.000000,-30.000000,3103576.250000,1551.788086,-1655240.625000,2089.410889,50.000000,-15.000000,-15.000000,1567058.250000,783.529114,-1567058.250000,-4630832.000000,4780711.000000,54146.093750,95732.906250,-30592.892578,65140.015625
ml,p95,518,2026-05-02,2011.440674,10.000000,2012.190063,50.000000,-14.000000,0.000000,-0.000000,0.000000,-1408533.000000,2050.768311,50.000000,-16.000000,0.000000,-0.000000,0.000000,-1640614.625000,2070.057373,50.000000,-15.000000,0.000000,-0.000000,0.000000,-1552543.125000,-4601690.500000,4780711.000000,54146.093750,124874.406250,-46253.867188,78620.539062
ml,p95,518,2026-05-03,2009.543335,10.000000,2012.190063,50.000000,-14.000000,0.000000,-0.000000,0.000000,-1408533.000000,2024.749023,50.000000,-16.000000,0.000000,-0.000000,0.000000,-1619799.250000,2041.999023,50.000000,-15.000000,0.000000,-0.000000,0.000000,-1531499.250000,-4559831.500000,4780711.000000,54146.093750,166733.406250,-50233.535156,116499.875000
ml,p95,518,2026-05-04,1978.004517,10.000000,2012.190063,50.000000,-19.000000,-5.000000,503047.500000,251.523743,-1911580.500000,2000.113037,50.000000,29.000000,45.000000,-4500254.500000,2250.126953,2900163.750000,2016.730469,50.000000,30.000000,45.000000,-4537644.000000,2268.821777,3025095.750000,4013679.000000,-3754140.000000,58916.566406,200622.437500,-130651.132812,69971.304688
ml,p95,518,2026-05-05,1972.949829,10.000000,2012.190063,50.000000,-24.000000,-5.000000,503047.500000,251.523743,-2414628.000000,2005.099365,50.000000,-1.000000,-30.000000,3007649.000000,1503.824463,-100254.968750,2021.144043,50.000000,0.000000,-30.000000,3031716.000000,1515.857910,0.000000,-2514883.000000,2788272.750000,62187.769531,211201.984375,-145197.171875,66004.812500
ml,p95,518,2026-05-06,1976.951294,10.000000,2012.190063,50.000000,-29.000000,-5.000000,503047.500000,251.523743,-2917675.500000,2007.658569,50.000000,-11.000000,-10.000000,1003829.312500,501.914642,-1104212.250000,2024.148804,50.000000,-15.000000,-15.000000,1518111.625000,759.055786,-1518111.625000,-5539999.500000,5813261.000000,63700.261719,209561.234375,-133209.562500,76351.671875
ml,p95,518,2026-05-07,1995.004395,10.000000,2012.190063,50.000000,-34.000000,-5.000000,503047.500000,251.523743,-3420723.000000,1990.600342,50.000000,34.000000,45.000000,-4478851.000000,2239.425049,3384020.750000,2006.383545,50.000000,30.000000,45.000000,-4514363.000000,2257.181396,3009575.500000,2972873.250000,-2676905.250000,68448.398438,227519.593750,-87971.054688,139548.531250
ml,p95,518,2026-05-08,2014.761841,10.000000,2012.190063,50.000000,-39.000000,-5.000000,503047.500000,251.523743,-3923770.750000,2018.856567,50.000000,4.000000,-30.000000,3028284.750000,1514.142334,403771.312500,2033.740479,50.000000,0.000000,-30.000000,3050610.750000,1525.305298,0.000000,-3519999.500000,3905037.750000,71739.367188,313298.875000,-35629.312500,277669.562500
ml,p95,518,2026-05-09,2046.437134,10.000000,2012.190063,50.000000,-39.000000,0.000000,-0.000000,0.000000,-3923770.750000,2042.385742,50.000000,4.000000,0.000000,-0.000000,0.000000,408477.156250,2057.542480,50.000000,0.000000,0.000000,-0.000000,0.000000,0.000000,-3515293.500000,3905037.750000,71739.367188,318004.875000,40507.417969,358512.281250
ml,p95,518,2026-05-10,2071.227295,10.000000,2012.190063,50.000000,-39.000000,0.000000,-0.000000,0.000000,-3923770.750000,2091.619141,50.000000,4.000000,0.000000,-0.000000,0.000000,418323.812500,2108.606934,50.000000,0.000000,0.000000,-0.000000,0.000000,0.000000,-3505447.000000,3905037.750000,71739.367188,327851.375000,97709.273438,425560.656250
ml,p95,518,2026-05-11,2106.236572,10.000000,2012.190063,50.000000,6.000000,45.000000,-4527427.500000,2263.713623,603657.000000,2113.684570,50.000000,-26.000000,-30.000000,3170527.000000,1585.263306,-2747789.750000,2130.300781,50.000000,-15.000000,-15.000000,1597725.625000,798.862793,-1597725.625000,-3741858.500000,4145862.500000,76387.203125,327616.812500,185584.046875,513200.875000
ml,p95,518,2026-05-12,2099.015625,10.000000,2012.190063,50.000000,1.000000,-5.000000,503047.500000,251.523743,100609.500000,2112.249512,50.000000,19.000000,45.000000,-4752561.500000,2376.280518,2006637.125000,2124.618408,50.000000,30.000000,45.000000,-4780391.500000,2390.195557,3186927.500000,5294174.000000,-4884043.000000,81405.203125,328725.812500,167394.750000,496120.562500
ml,p95,518,2026-05-13,2107.095459,10.000000,2012.190063,50.000000,-4.000000,-5.000000,503047.500000,251.523743,-402438.000000,2136.117676,50.000000,-11.000000,-30.000000,3204176.500000,1602.088257,-1174864.750000,2152.525146,50.000000,15.000000,-15.000000,1614393.875000,807.196960,1614393.875000,37091.125000,437575.000000,84066.015625,390600.125000,186833.468750,577433.625000
ml,p95,518,2026-05-14,2097.577881,10.000000,2012.190063,50.000000,-9.000000,-5.000000,503047.500000,251.523743,-905485.562500,2108.969727,50.000000,34.000000,45.000000,-4745182.000000,2372.590820,3585248.500000,2125.779053,50.000000,-15.000000,-30.000000,3188668.500000,1594.334229,-1594334.250000,1085428.750000,-615891.125000,88284.468750,381253.156250,154541.250000,535794.375000
ml,p95,518,2026-05-15,2097.737061,10.000000,2012.190063,50.000000,-14.000000,-5.000000,503047.500000,251.523743,-1408533.000000,2093.350342,50.000000,-1.000000,-35.000000,3663363.250000,1831.681396,-104667.515625,2112.988281,50.000000,30.000000,45.000000,-4754223.500000,2377.111572,3169482.500000,1656282.000000,-1203703.625000,92744.781250,359833.593750,147500.250000,507333.843750
ml,p95,518,2026-05-16,2098.498291,10.000000,2012.190063,50.000000,-14.000000,0.000000,-0.000000,0.000000,-1408533.000000,2106.126465,50.000000,-1.000000,0.000000,-0.000000,0.000000,-105306.320312,2126.202637,50.000000,30.000000,0.000000,-0.000000,0.000000,3189304.000000,1675464.625000,-1203703.625000,92744.781250,379016.218750,145762.265625,524778.500000
ml,p95,518,2026-05-17,2088.638428,10.000000,2012.190063,50.000000,-14.000000,0.000000,-0.000000,0.000000,-1408533.000000,2111.371094,50.000000,-1.000000,0.000000,-0.000000,0.000000,-105568.554688,2132.689209,50.000000,30.000000,0.000000,-0.000000,0.000000,3199033.750000,1684932.250000,-1203703.625000,92744.781250,388483.843750,123844.156250,512328.000000
ml,p95,518,2026-05-18,2107.485107,10.000000,2012.190063,50.000000,-19.000000,-5.000000,503047.500000,251.523743,-1911580.500000,2142.998535,50.000000,-11.000000,-10.000000,1071499.250000,535.749634,-1178649.250000,2166.779053,50.000000,0.000000,-30.000000,3250168.500000,1625.084106,0.000000,-3090229.750000,3621011.500000,95157.140625,435624.625000,167988.296875,603612.937500
ml,p95,518,2026-05-19,2171.484863,10.000000,2012.190063,50.000000,-24.000000,-5.000000,503047.500000,251.523743,-2414628.000000,2213.942871,50.000000,34.000000,45.000000,-4981371.500000,2490.685547,3763702.750000,2237.469238,50.000000,-15.000000,-15.000000,1678102.000000,839.050964,-1678102.000000,-329027.250000,820789.625000,98738.398438,393023.968750,331329.625000,724353.625000
ml,p95,518,2026-05-20,2177.741699,10.000000,2012.190063,50.000000,-29.000000,-5.000000,503047.500000,251.523743,-2917675.500000,2198.967529,50.000000,-1.000000,-35.000000,3848193.250000,1924.096558,-109948.375000,2226.458496,50.000000,30.000000,45.000000,-5009531.500000,2504.765625,3339688.000000,312064.000000,162499.000000,103418.781250,371144.218750,344410.000000,715554.250000
ml,p95,518,2026-05-21,2222.286133,10.000000,2012.190063,50.000000,-34.000000,-5.000000,503047.500000,251.523743,-3420723.000000,2242.630615,50.000000,-11.000000,-10.000000,1121315.375000,560.657593,-1233446.875000,2270.192627,50.000000,0.000000,-30.000000,3405289.000000,1702.644531,0.000000,-4654170.000000,5192151.000000,105933.609375,432047.375000,457275.562500,889322.937500
ml,p95,518,2026-05-22,2178.960449,10.000000,2012.190063,50.000000,-39.000000,-5.000000,503047.500000,251.523743,-3923770.750000,2188.881104,50.000000,34.000000,45.000000,-4924982.500000,2462.490967,3721098.000000,2216.903320,50.000000,-2.000000,-2.000000,221690.328125,110.845161,-221690.328125,-424363.062500,991906.250000,108758.468750,458784.718750,348211.093750,806995.812500
ml,p95,518,2026-05-23,2198.746094,10.000000,2012.190063,50.000000,-39.000000,0.000000,-0.000000,0.000000,-3923770.750000,2238.572754,50.000000,34.000000,0.000000,-0.000000,0.000000,3805573.750000,2267.693115,50.000000,-2.000000,0.000000,-0.000000,0.000000,-226769.312500,-344966.312500,991906.250000,108758.468750,538181.500000,394458.125000,932639.625000
ml,p95,518,2026-05-24,2161.399414,10.000000,2012.190063,50.000000,-39.000000,0.000000,-0.000000,0.000000,-3923770.750000,2186.478760,50.000000,34.000000,0.000000,-0.000000,0.000000,3717014.000000,2216.660156,50.000000,-2.000000,0.000000,-0.000000,0.000000,-221666.015625,-428422.750000,991906.250000,108758.468750,454725.031250,302718.343750,757443.375000
ml,p95,518,2026-05-25,2161.210693,10.000000,2012.190063,50.000000,-39.000000,0.000000,-0.000000,0.000000,-3923770.750000,2179.583984,50.000000,34.000000,0.000000,-0.000000,0.000000,3705293.000000,2207.395508,50.000000,-2.000000,0.000000,-0.000000,0.000000,-220739.546875,-439217.312500,991906.250000,108758.468750,443930.468750,306805.468750,750735.937500
ml,p95,518,2026-05-26,2164.172607,10.000000,2012.190063,50.000000,6.000000,45.000000,-4527427.500000,2263.713623,603657.000000,2182.418457,50.000000,4.000000,-30.000000,3273627.750000,1636.813843,436483.687500,2208.310303,50.000000,-12.000000,-10.000000,1104155.125000,552.077576,-1324986.125000,-284845.437500,842261.375000,113211.078125,444204.875000,311413.968750,755618.875000
ml,p95,518,2026-05-27,2180.369629,10.000000,2012.190063,50.000000,1.000000,-5.000000,503047.500000,251.523743,100609.500000,2209.043457,50.000000,-26.000000,-30.000000,3313565.250000,1656.782593,-2871756.500000,2234.695801,50.000000,33.000000,45.000000,-5028065.500000,2514.032715,3687248.000000,916101.000000,-369191.250000,117633.406250,429276.343750,351843.843750,781120.187500
ml,p95,518,2026-05-28,2185.765869,10.000000,2012.190063,50.000000,-4.000000,-5.000000,503047.500000,251.523743,-402438.000000,2184.129883,50.000000,19.000000,45.000000,-4914292.000000,2457.145752,2074923.500000,2213.945312,50.000000,-7.000000,-40.000000,4427890.500000,2213.945068,-774880.875000,897604.625000,-352545.375000,122556.031250,422503.218750,368296.312500,790799.500000
ml,p95,518,2026-05-29,2209.454590,10.000000,2012.190063,50.000000,-9.000000,-5.000000,503047.500000,251.523743,-905485.562500,2195.252930,50.000000,-21.000000,-40.000000,4390506.000000,2195.252930,-2305015.500000,2227.767578,50.000000,38.000000,45.000000,-5012477.000000,2506.238525,4232758.500000,1022257.500000,-471468.750000,127509.039062,423279.718750,434578.812500,857858.500000
ml,p95,518,2026-05-30,2203.627686,10.000000,2012.190063,50.000000,-9.000000,0.000000,-0.000000,0.000000,-905485.562500,2207.956543,50.000000,-21.000000,0.000000,-0.000000,0.000000,-2318354.250000,2244.630371,50.000000,38.000000,0.000000,-0.000000,0.000000,4264797.500000,1040957.750000,-471468.750000,127509.039062,441979.968750,421209.875000,863189.875000
ml,p95,518,2026-05-31,2223.449707,10.000000,2012.190063,50.000000,-9.000000,0.000000,-0.000000,0.000000,-905485.562500,2234.841797,50.000000,-21.000000,0.000000,-0.000000,0.000000,-2346584.000000,2272.213623,50.000000,38.000000,0.000000,-0.000000,0.000000,4317206.000000,1065136.500000,-471468.750000,127509.039062,466158.718750,472749.531250,938908.250000
ml,p95,518,2026-06-01,2264.292236,10.000000,2012.190063,50.000000,-14.000000,-5.000000,503047.500000,251.523743,-1408533.000000,2294.125488,50.000000,24.000000,45.000000,-5161782.500000,2580.891113,2752950.500000,2329.404297,50.000000,8.000000,-30.000000,3494106.250000,1747.053345,931761.750000,2276179.250000,-1636097.500000,132088.500000,507993.250000,576541.500000,1084534.750000
ml,p95,518,2026-06-02,2282.883789,10.000000,2012.190063,50.000000,-19.000000,-5.000000,503047.500000,251.523743,-1911580.500000,2299.047363,50.000000,-6.000000,-30.000000,3448571.000000,1724.285400,-689714.187500,2337.864746,50.000000,-32.000000,-40.000000,4675729.500000,2337.864746,-3740583.500000,-6341878.000000,6991250.000000,136402.187500,512969.812500,619861.250000,1132831.000000
ml,p95,518,2026-06-03,2262.606445,10.000000,2012.190063,50.000000,-24.000000,-5.000000,503047.500000,251.523743,-2414628.000000,2281.208740,50.000000,39.000000,45.000000,-5132719.500000,2566.359619,4448357.000000,2318.292480,50.000000,13.000000,45.000000,-5216158.000000,2608.078857,1506890.125000,3540619.000000,-2854579.500000,141828.156250,544211.375000,565692.500000,1109903.875000
ml,p95,518,2026-06-04,2265.414307,10.000000,2012.190063,50.000000,-29.000000,-5.000000,503047.500000,251.523743,-2917675.500000,2290.600830,50.000000,9.000000,-30.000000,3435901.250000,1717.950562,1030770.437500,2328.595947,50.000000,-17.000000,-30.000000,3492893.750000,1746.446899,-1979306.625000,-3866211.500000,4577263.000000,145544.062500,565507.437500,572917.500000,1138425.000000
ml,p95,518,2026-06-05,2284.602295,10.000000,2012.190063,50.000000,-34.000000,-5.000000,503047.500000,251.523743,-3420723.000000,2311.650146,50.000000,-21.000000,-30.000000,3467475.500000,1733.737671,-2427232.500000,2346.324707,50.000000,28.000000,45.000000,-5279230.500000,2639.615234,3284854.750000,-2563100.750000,3268555.250000,150168.937500,555285.562500,619849.125000,1175134.750000
ml,p95,518,2026-06-06,2308.687500,10.000000,2012.190063,50.000000,-34.000000,0.000000,-0.000000,0.000000,-3420723.000000,2327.598389,50.000000,-21.000000,0.000000,-0.000000,0.000000,-2443978.250000,2362.505859,50.000000,28.000000,0.000000,-0.000000,0.000000,3307508.250000,-2557192.750000,3268555.250000,150168.937500,561193.562500,680133.750000,1241327.250000
ml,p95,518,2026-06-07,2315.741211,10.000000,2012.190063,50.000000,-34.000000,0.000000,-0.000000,0.000000,-3420723.000000,2312.214111,50.000000,-21.000000,0.000000,-0.000000,0.000000,-2427824.750000,2343.814941,50.000000,28.000000,0.000000,-0.000000,0.000000,3281341.000000,-2567207.000000,3268555.250000,150168.937500,551179.312500,699802.062500,1250981.375000
ml,p95,518,2026-06-08,2345.227295,10.000000,2012.190063,50.000000,-39.000000,-5.000000,503047.500000,251.523743,-3923770.750000,2350.670410,50.000000,24.000000,45.000000,-5289008.500000,2644.504395,2820804.500000,2384.556641,50.000000,-2.000000,-30.000000,3576835.250000,1788.417358,-238455.656250,-1341421.875000,2059429.875000,154853.390625,563154.625000,776739.062500,1339893.750000
ml,p95,518,2026-06-09,2318.211670,10.000000,2012.190063,50.000000,6.000000,45.000000,-4527427.500000,2263.713623,603657.000000,2323.314209,50.000000,-11.000000,-35.000000,4065800.000000,2032.899902,-1277822.875000,2358.211670,50.000000,-11.000000,-9.000000,1061195.250000,530.597656,-1297016.375000,-1971182.250000,2658997.500000,159680.593750,528134.625000,707328.000000,1235462.625000
ml,p95,518,2026-06-10,2297.670898,10.000000,2012.190063,50.000000,1.000000,-5.000000,503047.500000,251.523743,100609.500000,2314.851318,50.000000,34.000000,45.000000,-5208415.500000,2604.207520,3935247.250000,2348.711182,50.000000,34.000000,45.000000,-5284600.000000,2642.300049,3992809.000000,8028666.000000,-7330971.000000,165178.625000,532516.375000,652665.375000,1185181.750000
ml,p95,518,2026-06-11,2278.574219,10.000000,2012.190063,50.000000,-4.000000,-5.000000,503047.500000,251.523743,-402438.000000,2283.719727,50.000000,-6.000000,-40.000000,4567439.500000,2283.719727,-685115.937500,2313.456299,50.000000,-1.000000,-35.000000,4048548.500000,2024.274048,-115672.812500,-1203226.750000,1788064.875000,169738.156250,415099.968750,606184.000000,1021284.000000
ml,p95,518,2026-06-12,2298.399414,10.000000,2012.190063,50.000000,-9.000000,-5.000000,503047.500000,251.523743,-905485.562500,2274.677246,50.000000,39.000000,45.000000,-5118024.000000,2559.011719,4435620.500000,2300.473389,50.000000,-11.000000,-10.000000,1150236.750000,575.118347,-1265260.375000,2264874.500000,-1676674.875000,173123.812500,415075.812500,655417.812500,1070493.625000
ml,p95,518,2026-06-13,2334.044189,10.000000,2012.190063,50.000000,-9.000000,0.000000,-0.000000,0.000000,-905485.562500,2323.029053,50.000000,39.000000,0.000000,-0.000000,0.000000,4529906.500000,2350.750244,50.000000,-11.000000,0.000000,-0.000000,0.000000,-1292912.625000,2331508.500000,-1676674.875000,173123.812500,481709.812500,743467.625000,1225177.500000
ml,p95,518,2026-06-14,2390.318604,10.000000,2012.190063,50.000000,-9.000000,0.000000,-0.000000,0.000000,-905485.562500,2378.233154,50.000000,39.000000,0.000000,-0.000000,0.000000,4637554.500000,2403.424316,50.000000,-11.000000,0.000000,-0.000000,0.000000,-1321883.375000,2410185.500000,-1676674.875000,173123.812500,560386.812500,882542.062500,1442928.875000
ml,p95,518,2026-06-15,2388.570801,10.000000,2012.190063,50.000000,-14.000000,-5.000000,503047.500000,251.523743,-1408533.000000,2397.875488,50.000000,-1.000000,-40.000000,4795751.000000,2397.875488,-119893.773438,2424.479492,50.000000,34.000000,45.000000,-5455079.000000,2727.539307,4121615.250000,2593188.500000,-1832955.500000,178500.734375,581732.250000,877827.250000,1459559.500000
ml,p95,518,2026-06-16,2388.763428,10.000000,2012.190063,50.000000,-19.000000,-5.000000,503047.500000,251.523743,-1911580.500000,2398.824463,50.000000,-11.000000,-10.000000,1199412.250000,599.706116,-1319353.375000,2428.937744,50.000000,-6.000000,-40.000000,4857875.500000,2428.937744,-728681.375000,-3959615.500000,4727380.000000,181780.906250,585983.625000,877356.000000,1463339.625000
ml,p95,518,2026-06-17,2399.609863,10.000000,2012.190063,50.000000,-24.000000,-5.000000,503047.500000,251.523743,-2414628.000000,2413.388428,50.000000,34.000000,45.000000,-5430124.000000,2715.062012,4102760.250000,2442.131348,50.000000,-16.000000,-10.000000,1221065.625000,610.532898,-1953705.125000,-265572.875000,1021369.250000,185358.031250,570438.375000,905846.687500,1476285.000000
ml,p95,518,2026-06-18,2397.601562,10.000000,2012.190063,50.000000,-29.000000,-5.000000,503047.500000,251.523743,-2917675.500000,2431.735596,50.000000,4.000000,-30.000000,3647603.500000,1823.801514,486347.125000,2458.429688,50.000000,29.000000,45.000000,-5531467.000000,2765.733398,3564723.000000,1133394.500000,-359446.750000,190199.078125,583748.687500,899533.187500,1483281.875000
ml,p95,518,2026-06-19,2454.802002,10.000000,2012.190063,50.000000,-29.000000,0.000000,-0.000000,0.000000,-2917675.500000,2468.353027,50.000000,4.000000,0.000000,-0.000000,0.000000,493670.593750,2497.075439,50.000000,29.000000,0.000000,-0.000000,0.000000,3620759.500000,1196754.500000,-359446.750000,190199.078125,647108.687500,1039462.937500,1686571.625000
ml,p95,518,2026-06-20,2490.572021,10.000000,2012.190063,50.000000,-29.000000,0.000000,-0.000000,0.000000,-2917675.500000,2523.927734,50.000000,4.000000,0.000000,-0.000000,0.000000,504785.562500,2557.414795,50.000000,29.000000,0.000000,-0.000000,0.000000,3708251.500000,1295361.500000,-359446.750000,190199.078125,745715.687500,1126746.125000,1872461.750000
ml,p95,518,2026-06-21,2508.488037,10.000000,2012.190063,50.000000,-29.000000,0.000000,-0.000000,0.000000,-2917675.500000,2538.655762,50.000000,4.000000,0.000000,-0.000000,0.000000,507731.156250,2569.986572,50.000000,29.000000,0.000000,-0.000000,0.000000,3726480.500000,1316536.250000,-359446.750000,190199.078125,766890.437500,1169263.250000,1936153.750000
ml,p95,518,2026-06-22,2552.238281,10.000000,2012.190063,50.000000,-34.000000,-5.000000,503047.500000,251.523743,-3420723.000000,2586.185303,50.000000,-26.000000,-30.000000,3879278.000000,1939.638916,-3362041.000000,2619.149414,50.000000,-11.000000,-40.000000,5238299.000000,2619.149414,-1440532.250000,-8223296.000000,9261178.000000,195009.406250,842872.625000,1278567.500000,2121440.000000
ml,p95,518,2026-06-23,2546.795898,10.000000,2012.190063,50.000000,11.000000,45.000000,-4527427.500000,2263.713623,1106704.500000,2564.876221,50.000000,19.000000,45.000000,-5770971.500000,2885.485596,2436632.500000,2598.105957,50.000000,34.000000,45.000000,-5845738.500000,2922.869385,4416780.000000,7960117.000000,-6882960.000000,203081.468750,874075.500000,1262255.000000,2136330.500000
ml,p95,518,2026-06-24,2464.241943,10.000000,2012.190063,50.000000,4.000000,-7.000000,704266.500000,352.133240,402438.000000,2469.854980,50.000000,-11.000000,-30.000000,3704782.500000,1852.391113,-1358420.250000,2503.832520,50.000000,4.000000,-30.000000,3755748.750000,1877.874268,500766.500000,-455215.750000,1281837.750000,207163.875000,619458.125000,1055036.000000,1674494.125000
ml,p95,518,2026-06-25,2474.169678,10.000000,2012.190063,50.000000,-1.000000,-5.000000,503047.500000,251.523743,-100609.500000,2463.778564,50.000000,34.000000,45.000000,-5543502.000000,2771.750732,4188423.500000,2499.198975,50.000000,-26.000000,-30.000000,3748798.500000,1874.399170,-3248958.500000,838855.500000,-9818.000000,212061.531250,616976.000000,1077311.875000,1694287.875000
ml,p95,518,2026-06-26,2507.010254,10.000000,2012.190063,50.000000,-6.000000,-5.000000,503047.500000,251.523743,-603657.000000,2497.256104,50.000000,-6.000000,-40.000000,4994512.000000,2497.256104,-749176.875000,2529.262451,50.000000,19.000000,45.000000,-5690840.500000,2845.420166,2402799.500000,1049965.625000,-203099.250000,217655.750000,629210.625000,1158760.000000,1787970.625000
ml,p95,518,2026-06-27,2504.581055,10.000000,2012.190063,50.000000,-6.000000,0.000000,-0.000000,0.000000,-603657.000000,2504.046631,50.000000,-6.000000,0.000000,-0.000000,0.000000,-751213.937500,2533.404053,50.000000,19.000000,0.000000,-0.000000,0.000000,2406733.750000,1051862.750000,-203099.250000,217655.750000,631107.750000,1150200.250000,1781308.000000
ml,p95,518,2026-06-28,2490.984131,10.000000,2012.190063,50.000000,-6.000000,0.000000,-0.000000,0.000000,-603657.000000,2477.544434,50.000000,-6.000000,0.000000,-0.000000,0.000000,-743263.312500,2505.809082,50.000000,19.000000,0.000000,-0.000000,0.000000,2380518.500000,1033598.250000,-203099.250000,217655.750000,612843.250000,1112739.250000,1725582.500000
ml,p95,518,2026-06-29,2508.903320,10.000000,2012.190063,50.000000,-11.000000,-5.000000,503047.500000,251.523743,-1106704.500000,2509.791504,50.000000,39.000000,45.000000,-5647031.000000,2823.515381,4894093.500000,2539.916992,50.000000,-21.000000,-40.000000,5079834.000000,2539.916992,-2666913.000000,1120476.000000,-267248.500000,223270.687500,629956.812500,1157017.375000,1786974.250000
ml,p95,518,2026-06-30,2516.697510,10.000000,2012.190063,50.000000,-16.000000,-5.000000,503047.500000,251.523743,-1609752.000000,2524.849609,50.000000,-1.000000,-40.000000,5049699.000000,2524.849609,-126242.484375,2554.066162,50.000000,24.000000,45.000000,-5746649.000000,2873.324219,3064879.250000,1328884.750000,-461151.250000,228920.406250,638813.125000,1176033.000000,1814846.125000
ml,p95,518,2026-07-01,2495.902832,10.000000,2012.190063,50.000000,-21.000000,-5.000000,503047.500000,251.523743,-2112799.500000,2510.892334,50.000000,-9.000000,-8.000000,1004356.937500,502.178436,-1129901.500000,2539.223633,50.000000,-6.000000,-30.000000,3808835.500000,1904.417603,-761767.062500,-4004468.000000,4855089.000000,231578.515625,619042.500000,1122131.500000,1741174.000000
ml,p95,518,2026-07-02,2522.719238,10.000000,2012.190063,50.000000,-26.000000,-5.000000,503047.500000,251.523743,-2615847.000000,2530.810059,50.000000,36.000000,45.000000,-5694322.500000,2847.161133,4555458.000000,2559.957031,50.000000,39.000000,45.000000,-5759903.000000,2879.951660,4991916.500000,6931527.500000,-6096089.000000,237557.156250,597881.375000,1183988.625000,1781870.000000
ml,p95,518,2026-07-03,2541.235107,10.000000,2012.190063,50.000000,-31.000000,-5.000000,503047.500000,251.523743,-3118894.500000,2549.601074,50.000000,1.000000,-35.000000,4461802.000000,2230.900879,127480.054688,2577.568848,50.000000,4.000000,-35.000000,4510745.500000,2255.372803,515513.781250,-2475900.750000,3379505.750000,242294.937500,661310.062500,1225137.000000,1886447.000000
ml,p95,518,2026-07-04,2567.567627,10.000000,2012.190063,50.000000,-31.000000,0.000000,-0.000000,0.000000,-3118894.500000,2575.114014,50.000000,1.000000,0.000000,-0.000000,0.000000,128755.703125,2603.730469,50.000000,4.000000,0.000000,-0.000000,0.000000,520746.093750,-2469392.750000,3379505.750000,242294.937500,667818.062500,1280853.500000,1948671.500000
ml,p95,518,2026-07-05,2541.569580,10.000000,2012.190063,50.000000,-31.000000,0.000000,-0.000000,0.000000,-3118894.500000,2570.348633,50.000000,1.000000,0.000000,-0.000000,0.000000,128517.429688,2603.383789,50.000000,4.000000,0.000000,-0.000000,0.000000,520676.750000,-2469700.250000,3379505.750000,242294.937500,667510.562500,1223764.375000,1891275.000000
ml,p95,518,2026-07-06,2539.884277,10.000000,2012.190063,50.000000,14.000000,45.000000,-4527427.500000,2263.713623,1408533.000000,2567.320557,50.000000,21.000000,20.000000,-2567320.500000,1283.660278,2695686.500000,2598.924316,50.000000,-26.000000,-30.000000,3898386.250000,1949.193359,-3378601.500000,725618.000000,183143.750000,247791.515625,660970.250000,1220547.125000,1881517.375000
ml,p95,518,2026-07-07,2521.451660,10.000000,2012.190063,50.000000,7.000000,-7.000000,704266.500000,352.133240,704266.500000,2544.201904,50.000000,-14.000000,-35.000000,4452353.500000,2226.176758,-1780941.375000,2577.261475,50.000000,19.000000,45.000000,-5798838.500000,2899.418945,2448398.500000,1371723.625000,-459074.625000,253269.250000,659379.750000,1180756.750000,1840136.500000
ml,p95,518,2026-07-08,2525.094971,10.000000,2012.190063,50.000000,2.000000,-5.000000,503047.500000,251.523743,201219.000000,2539.008789,50.000000,31.000000,45.000000,-5712770.000000,2856.384766,3935463.750000,2570.928955,50.000000,-11.000000,-30.000000,3856393.250000,1928.196777,-1414011.000000,2722671.750000,-1812404.000000,258305.343750,651962.375000,1186556.375000,1838518.750000
ml,p95,518,2026-07-09,2548.237793,10.000000,2012.190063,50.000000,-3.000000,-5.000000,503047.500000,251.523743,-301828.500000,2555.223877,50.000000,-4.000000,-35.000000,4471642.000000,2235.821045,-511044.781250,2587.732666,50.000000,34.000000,45.000000,-5822398.500000,2911.199219,4399145.500000,3586272.250000,-2660112.750000,263703.906250,662455.625000,1227027.500000,1889483.125000
ml,p95,518,2026-07-10,2571.602295,10.000000,2012.190063,50.000000,-8.000000,-5.000000,503047.500000,251.523743,-804876.000000,2589.348633,50.000000,41.000000,45.000000,-5826034.500000,2913.017090,5308165.000000,2622.726318,50.000000,-1.000000,-35.000000,4589771.000000,2294.885254,-131136.312500,4372152.500000,-3393328.500000,269163.312500,709660.687500,1265871.250000,1975532.000000
ml,p95,518,2026-07-11,2565.230225,10.000000,2012.190063,50.000000,-8.000000,0.000000,-0.000000,0.000000,-804876.000000,2562.737549,50.000000,41.000000,0.000000,-0.000000,0.000000,5253612.000000,2593.701904,50.000000,-1.000000,0.000000,-0.000000,0.000000,-129685.093750,4319051.000000,-3393328.500000,269163.312500,656559.187500,1255598.000000,1912157.250000
ml,p95,518,2026-07-12,2540.058838,10.000000,2012.190063,50.000000,-8.000000,0.000000,-0.000000,0.000000,-804876.000000,2545.271973,50.000000,41.000000,0.000000,-0.000000,0.000000,5217807.500000,2575.997803,50.000000,-1.000000,0.000000,-0.000000,0.000000,-128799.890625,4284131.500000,-3393328.500000,269163.312500,621639.687500,1213536.250000,1835176.000000
ml,p95,518,2026-07-13,2520.406006,10.000000,2012.190063,50.000000,-13.000000,-5.000000,503047.500000,251.523743,-1307923.500000,2515.941895,50.000000,6.000000,-35.000000,4402898.500000,2201.449219,754782.562500,2545.458496,50.000000,-31.000000,-30.000000,3818188.000000,1909.093750,-3945460.500000,-4498601.500000,5330805.000000,273525.375000,558678.125000,1180586.250000,1739264.375000
ml,p95,518,2026-07-14,2494.090820,10.000000,2012.190063,50.000000,-18.000000,-5.000000,503047.500000,251.523743,-1810971.125000,2495.635742,50.000000,-24.000000,-30.000000,3743453.500000,1871.726807,-2994763.000000,2527.198730,50.000000,14.000000,45.000000,-5686197.500000,2843.098389,1769039.000000,-3036695.000000,3891108.500000,278491.750000,575921.750000,1140177.375000,1716099.125000
ml,p95,518,2026-07-15,2486.640625,10.000000,2012.190063,50.000000,-23.000000,-5.000000,503047.500000,251.523743,-2314018.500000,2475.901123,50.000000,21.000000,45.000000,-5570777.500000,2785.388428,2599696.000000,2508.635010,50.000000,-16.000000,-30.000000,3762952.250000,1881.476196,-2006908.000000,-1721230.500000,2586331.000000,283410.125000,581690.375000,1128620.375000,1710310.750000
ml,p95,518,2026-07-16,2472.335938,10.000000,2012.190063,50.000000,-28.000000,-5.000000,503047.500000,251.523743,-2817066.000000,2470.304443,50.000000,-9.000000,-30.000000,3705456.750000,1852.728271,-1111637.000000,2500.444092,50.000000,29.000000,45.000000,-5625999.000000,2812.999268,3625643.750000,-303059.250000,1168836.250000,288327.375000,577449.625000,1109496.250000,1686945.875000
ml,p95,518,2026-07-17,2426.926025,10.000000,2012.190063,50.000000,17.000000,45.000000,-4527427.500000,2263.713623,1710361.500000,2422.488525,50.000000,36.000000,45.000000,-5450599.000000,2725.299561,4360479.500000,2452.267334,50.000000,-1.000000,-30.000000,3678401.250000,1839.200317,-122613.367188,5948227.500000,-5130789.000000,295155.593750,522282.906250,1054973.625000,1577256.500000
ml,p95,518,2026-07-18,2423.809082,10.000000,2012.190063,50.000000,17.000000,0.000000,-0.000000,0.000000,1710361.500000,2443.099609,50.000000,36.000000,0.000000,-0.000000,0.000000,4397579.500000,2473.186035,50.000000,-1.000000,0.000000,-0.000000,0.000000,-123659.304688,5984281.500000,-5130789.000000,295155.593750,558336.875000,1051130.125000,1609467.000000
ml,p95,518,2026-07-19,2412.431885,10.000000,2012.190063,50.000000,17.000000,0.000000,-0.000000,0.000000,1710361.500000,2452.804688,50.000000,36.000000,0.000000,-0.000000,0.000000,4415048.500000,2479.377686,50.000000,-1.000000,0.000000,-0.000000,0.000000,-123968.882812,6001441.000000,-5130789.000000,295155.593750,575496.375000,1038391.625000,1613888.000000
ml,p95,518,2026-07-20,2425.834961,10.000000,2012.190063,50.000000,10.000000,-7.000000,704266.500000,352.133240,1006095.000000,2435.270264,50.000000,1.000000,-35.000000,4261723.000000,2130.861572,121763.515625,2462.743164,50.000000,-9.000000,-8.000000,985097.250000,492.548584,-1108234.375000,19624.125000,820297.750000,298131.125000,541790.750000,1052400.125000,1594190.875000
ml,p95,518,2026-07-21,2417.260010,10.000000,2012.190063,50.000000,5.000000,-5.000000,503047.500000,251.523743,503047.500000,2419.612305,50.000000,-4.000000,-5.000000,604903.062500,302.451508,-483922.468750,2446.040283,50.000000,36.000000,45.000000,-5503590.500000,2751.795166,4402872.500000,4421997.500000,-3575342.250000,301436.906250,545218.375000,1043415.187500,1588633.500000
ml,p95,518,2026-07-22,2437.004395,10.000000,2012.190063,50.000000,0.000000,-5.000000,503047.500000,251.523743,0.000000,2449.279297,50.000000,41.000000,45.000000,-5510878.500000,2755.439453,5021022.500000,2477.023193,50.000000,1.000000,-35.000000,4334790.500000,2167.395020,123851.156250,5144873.500000,-4248383.000000,306611.250000,589879.250000,1060087.625000,1649966.875000
ml,p95,518,2026-07-23,2457.123291,10.000000,2012.190063,50.000000,8.000000,8.000000,-804876.000000,402.437988,804876.000000,2463.308838,50.000000,6.000000,-35.000000,4310790.500000,2155.395264,738992.687500,2491.887695,50.000000,46.000000,45.000000,-5606747.500000,2803.373535,5731342.000000,7275211.000000,-6349216.000000,311972.468750,614022.500000,1074990.875000,1689013.375000
ml,p95,518,2026-07-24,2446.898438,10.000000,2012.190063,50.000000,16.000000,8.000000,-804876.000000,402.437988,1609752.000000,2483.525146,50.000000,-24.000000,-30.000000,3725288.000000,1862.643921,-2980230.000000,2514.212646,50.000000,11.000000,-35.000000,4399872.500000,2199.936035,1382817.000000,12339.000000,971068.875000,316437.500000,666970.375000,1067946.750000,1734917.125000
ml,p95,518,2026-07-25,2432.421143,10.000000,2012.190063,50.000000,16.000000,0.000000,-0.000000,0.000000,1609752.000000,2449.596191,50.000000,-24.000000,0.000000,-0.000000,0.000000,-2939515.500000,2480.612305,50.000000,11.000000,0.000000,-0.000000,0.000000,1364336.750000,34573.250000,971068.875000,316437.500000,689204.625000,1059720.250000,1748924.875000
ml,p95,518,2026-07-26,2404.016846,10.000000,2012.190063,50.000000,16.000000,0.000000,-0.000000,0.000000,1609752.000000,2399.210205,50.000000,-24.000000,0.000000,-0.000000,0.000000,-2879052.250000,2427.320068,50.000000,11.000000,0.000000,-0.000000,0.000000,1335026.125000,65725.875000,971068.875000,316437.500000,720357.250000,1044113.250000,1764470.500000
ml,p95,518,2026-07-27,2408.593994,10.000000,2012.190063,50.000000,-14.000000,-30.000000,3018285.250000,1509.142456,-1408533.000000,2406.643066,50.000000,21.000000,45.000000,-5414947.000000,2707.473389,2526975.250000,2434.329590,50.000000,-19.000000,-30.000000,3651494.500000,1825.747070,-2312613.000000,-1194170.750000,2225901.500000,322479.875000,709250.875000,1046271.125000,1755522.000000
ml,p95,518,2026-07-28,2448.461182,10.000000,2012.190063,50.000000,-19.000000,-5.000000,503047.500000,251.523743,-1911580.500000,2462.396240,50.000000,-9.000000,-30.000000,3693594.500000,1846.797119,-1108078.375000,2490.479736,50.000000,26.000000,45.000000,-5603579.500000,2801.789795,3237623.750000,217964.750000,818964.000000,327379.968750,709548.750000,1063447.625000,1772996.375000
ml,p95,518,2026-07-29,2424.150146,10.000000,2012.190063,50.000000,-24.000000,-5.000000,503047.500000,251.523743,-2414628.000000,2418.458252,50.000000,-14.000000,-5.000000,604614.562500,302.307281,-1692920.750000,2446.345947,50.000000,-4.000000,-30.000000,3669518.750000,1834.759521,-489269.187500,-4596818.000000,5596145.000000,329768.562500,669558.437500,1055401.250000,1724959.750000
ml,p95,518,2026-07-30,2427.690918,10.000000,2012.190063,50.000000,21.000000,45.000000,-4527427.500000,2263.713623,2112799.500000,2418.458252,50.000000,31.000000,45.000000,-5441531.000000,2720.765625,3748610.250000,2462.344482,50.000000,4.000000,8.000000,-984937.812500,492.468903,492468.906250,6353879.000000,-5357752.000000,335245.500000,660881.500000,1056135.500000,1717017.000000
ml,p95,518,2026-07-31,2459.591797,10.000000,2012.190063,50.000000,-9.000000,-30.000000,3018285.250000,1509.142456,-905485.562500,2418.458252,50.000000,26.000000,-5.000000,604614.562500,302.307281,3143995.750000,2487.905518,50.000000,12.000000,8.000000,-995162.187500,497.581085,1492743.375000,3731253.500000,-2730014.000000,337554.531250,663685.000000,1059654.750000,1723339.750000
ml,p95,518,2026-08-01,2447.337158,10.000000,2012.190063,50.000000,-9.000000,0.000000,-0.000000,0.000000,-905485.562500,2418.458252,50.000000,26.000000,0.000000,-0.000000,0.000000,3143995.750000,2485.205078,50.000000,12.000000,0.000000,-0.000000,0.000000,1491123.000000,3729633.250000,-2730014.000000,337554.531250,662064.750000,1059775.000000,1721839.750000
ml,p95,518,2026-08-02,2417.084961,10.000000,2012.190063,50.000000,-9.000000,0.000000,-0.000000,0.000000,-905485.562500,2418.458252,50.000000,26.000000,0.000000,-0.000000,0.000000,3143995.750000,2427.976318,50.000000,12.000000,0.000000,-0.000000,0.000000,1456785.750000,3695296.000000,-2730014.000000,337554.531250,627727.500000,1059883.500000,1687611.000000
ml,p95,518,2026-08-03,2373.915527,10.000000,2012.190063,50.000000,-14.000000,-5.000000,503047.500000,251.523743,-1408533.000000,2418.458252,50.000000,21.000000,-5.000000,604614.562500,302.307281,2539381.250000,2384.114014,50.000000,-18.000000,-30.000000,3576171.000000,1788.085449,-2145702.500000,-1014854.250000,1953819.250000,339896.437500,599068.562500,1059995.000000,1659063.500000
ml,p95,518,2026-08-04,2405.521240,10.000000,2012.190063,50.000000,-19.000000,-5.000000,503047.500000,251.523743,-1911580.500000,2418.458252,50.000000,16.000000,-5.000000,604614.562500,302.307281,1934766.625000,2426.614258,50.000000,27.000000,45.000000,-5459882.000000,2729.940918,3275929.250000,3299115.500000,-2398400.750000,343180.187500,557534.562500,1060112.750000,1617647.250000
ml,p95,518,2026-08-05,2425.632324,10.000000,2012.190063,50.000000,26.000000,45.000000,-4527427.500000,2263.713623,2615847.000000,2418.458252,50.000000,11.000000,-5.000000,604614.562500,302.307281,1330152.000000,2449.067383,50.000000,-3.000000,-30.000000,3673601.250000,1836.800415,-367360.093750,3578639.000000,-2647612.250000,347583.062500,583443.687500,1060231.875000,1643675.500000
ml,p95,518,2026-08-06,2458.765137,10.000000,2012.190063,50.000000,-4.000000,-30.000000,3018285.250000,1509.142456,-402438.000000,2418.458252,50.000000,6.000000,-5.000000,604614.562500,302.307281,725537.500000,2507.174561,50.000000,5.000000,8.000000,-1002869.812500,501.434875,626793.625000,949893.125000,-27582.437500,349895.937500,572414.750000,1060231.875000,1632646.625000
ml,p95,518,2026-08-07,2463.167969,10.000000,2012.190063,50.000000,-9.000000,-5.000000,503047.500000,251.523743,-905485.562500,2418.458252,50.000000,1.000000,-5.000000,604614.562500,302.307281,120922.914062,2487.049316,50.000000,-25.000000,-30.000000,3730573.750000,1865.287109,-3108811.750000,-3893374.500000,4810653.500000,352315.062500,564963.937500,1060231.875000,1625195.750000
ml,p95,518,2026-08-08,2480.323975,10.000000,2012.190063,50.000000,-9.000000,0.000000,-0.000000,0.000000,-905485.562500,2418.458252,50.000000,1.000000,0.000000,-0.000000,0.000000,120922.914062,2502.740479,50.000000,-25.000000,0.000000,-0.000000,0.000000,-3128425.500000,-3912988.000000,4810653.500000,352315.062500,545350.437500,1060231.875000,1605582.250000
ml,p95,518,2026-08-09,2490.826172,10.000000,2012.190063,50.000000,-9.000000,0.000000,-0.000000,0.000000,-905485.562500,2418.458252,50.000000,1.000000,0.000000,-0.000000,0.000000,120922.914062,2530.196777,50.000000,-25.000000,0.000000,-0.000000,0.000000,-3162746.000000,-3947308.500000,4810653.500000,352315.062500,511029.937500,1060231.875000,1571261.750000
ml,p95,518,2026-08-10,2464.067871,10.000000,2012.190063,50.000000,-14.000000,-5.000000,503047.500000,251.523743,-1408533.000000,2418.458252,50.000000,-4.000000,-5.000000,604614.562500,302.307281,-483691.656250,2497.325928,50.000000,20.000000,45.000000,-5618983.000000,2809.491699,2497326.000000,605101.375000,299332.375000,355678.375000,548755.375000,1060231.875000,1608987.250000
ml,p95,518,2026-08-11,2497.285156,10.000000,2012.190063,50.000000,-19.000000,-5.000000,503047.500000,251.523743,-1911580.500000,2418.458252,50.000000,-9.000000,-5.000000,604614.562500,302.307281,-1088306.250000,2538.440186,50.000000,-10.000000,-30.000000,3807660.250000,1903.830200,-1269220.125000,-4269107.000000,5214655.000000,358136.031250,587412.000000,1060231.875000,1647643.875000
ml,p95,518,2026-08-12,2487.833740,10.000000,2012.190063,50.000000,-14.000000,5.000000,-503047.500000,251.523743,-1408533.000000,2418.458252,50.000000,-14.000000,-5.000000,604614.562500,302.307281,-1692920.750000,2534.757568,50.000000,35.000000,45.000000,-5703204.500000,2851.602051,4435826.000000,1334372.250000,-386982.500000,361541.437500,585848.312500,1060231.875000,1646080.250000
ml,p95,518,2026-08-13,2528.270752,10.000000,2012.190063,50.000000,-19.000000,-5.000000,503047.500000,251.523743,-1911580.500000,2418.458252,50.000000,31.000000,45.000000,-5441531.000000,2720.765625,3748610.250000,2586.849854,50.000000,5.000000,-30.000000,3880274.500000,1940.137207,646712.437500,2483742.250000,-1445191.750000,366453.875000,672096.625000,1060231.875000,1732328.500000
ml,p95,518,2026-08-14,2545.183594,10.000000,2012.190063,50.000000,-14.000000,5.000000,-503047.500000,251.523743,-1408533.000000,2418.458252,50.000000,26.000000,-5.000000,604614.562500,302.307281,3143995.750000,2577.409180,50.000000,-25.000000,-30.000000,3866113.750000,1933.056763,-3221761.500000,-1486298.750000,2522489.000000,368940.750000,667249.500000,1060231.875000,1727481.375000
ml,p95,518,2026-08-15,2637.188477,10.000000,2012.190063,50.000000,-14.000000,0.000000,-0.000000,0.000000,-1408533.000000,2418.458252,50.000000,26.000000,0.000000,-0.000000,0.000000,3143995.750000,2686.211670,50.000000,-25.000000,0.000000,-0.000000,0.000000,-3357764.500000,-1622301.750000,2522489.000000,368940.750000,531246.500000,1060231.875000,1591478.375000
ml,p95,518,2026-08-16,2625.614502,10.000000,2012.190063,50.000000,-14.000000,0.000000,-0.000000,0.000000,-1408533.000000,2418.458252,50.000000,26.000000,0.000000,-0.000000,0.000000,3143995.750000,2659.710693,50.000000,-25.000000,0.000000,-0.000000,0.000000,-3324638.250000,-1589175.500000,2522489.000000,368940.750000,564372.750000,1060231.875000,1624604.625000
ml,p95,518,2026-08-17,2612.517578,10.000000,2012.190063,50.000000,-9.000000,5.000000,-503047.500000,251.523743,-905485.562500,2418.458252,50.000000,21.000000,-5.000000,604614.562500,302.307281,2539381.250000,2640.901123,50.000000,20.000000,45.000000,-5942027.500000,2971.013916,2640901.250000,4274797.000000,-3317971.250000,372465.625000,584360.125000,1060231.875000,1644592.000000
ml,p95,518,2026-08-18,2629.581055,10.000000,2012.190063,50.000000,-14.000000,-5.000000,503047.500000,251.523743,-1408533.000000,2418.458252,50.000000,16.000000,-5.000000,604614.562500,302.307281,1934766.625000,2671.585693,50.000000,-10.000000,-30.000000,4007378.500000,2003.689087,-1335792.875000,-809559.250000,1797069.250000,375023.125000,612486.875000,1060231.875000,1672718.750000
ml,p95,518,2026-08-19,2696.194824,10.000000,2012.190063,50.000000,-9.000000,5.000000,-503047.500000,251.523743,-905485.562500,2418.458252,50.000000,11.000000,-5.000000,604614.562500,302.307281,1330152.000000,2721.392578,50.000000,35.000000,45.000000,-6123133.000000,3061.566650,4762437.000000,5187103.500000,-4224497.000000,378638.562500,583967.937500,1060231.875000,1644199.750000
ml,p95,518,2026-08-20,2673.729736,10.000000,2012.190063,50.000000,-14.000000,-5.000000,503047.500000,251.523743,-1408533.000000,2418.458252,50.000000,6.000000,-5.000000,604614.562500,302.307281,725537.500000,2705.613281,50.000000,5.000000,-30.000000,4058420.000000,2029.209595,676403.312500,-6592.187500,941585.375000,381221.562500,553771.625000,1060231.875000,1614003.500000
ml,p95,518,2026-08-21,2715.211914,10.000000,2012.190063,50.000000,-19.000000,-5.000000,503047.500000,251.523743,-1911580.500000,2418.458252,50.000000,1.000000,-5.000000,604614.562500,302.307281,120922.914062,2741.804199,50.000000,-25.000000,-30.000000,4112706.250000,2056.353027,-3427255.000000,-5217912.500000,6161954.000000,383831.750000,560209.750000,1060231.875000,1620441.625000
ml,p95,518,2026-08-22,2742.269287,10.000000,2012.190063,50.000000,-19.000000,0.000000,-0.000000,0.000000,-1911580.500000,2418.458252,50.000000,1.000000,0.000000,-0.000000,0.000000,120922.914062,2768.029785,50.000000,-25.000000,0.000000,-0.000000,0.000000,-3460037.000000,-5250694.500000,6161954.000000,383831.750000,527427.750000,1060231.875000,1587659.625000
ml,p95,518,2026-08-23,2748.557129,10.000000,2012.190063,50.000000,-19.000000,0.000000,-0.000000,0.000000,-1911580.500000,2418.458252,50.000000,1.000000,0.000000,-0.000000,0.000000,120922.914062,2751.209229,50.000000,-25.000000,0.000000,-0.000000,0.000000,-3439011.750000,-5229669.500000,6161954.000000,383831.750000,548452.750000,1060231.875000,1608684.625000
ml,p95,518,2026-08-24,2741.905762,10.000000,2012.190063,50.000000,-14.000000,5.000000,-503047.500000,251.523743,-1408533.000000,2418.458252,50.000000,-4.000000,-5.000000,604614.562500,302.307281,-483691.656250,2746.845703,50.000000,20.000000,45.000000,-6180402.500000,3090.201172,2746845.750000,854621.125000,83118.500000,387475.812500,550263.812500,1060231.875000,1610495.750000
ml,p95,518,2026-08-25,2731.548340,10.000000,2012.190063,50.000000,-9.000000,5.000000,-503047.500000,251.523743,-905485.562500,2418.458252,50.000000,-9.000000,-5.000000,604614.562500,302.307281,-1088306.250000,2747.128662,50.000000,-10.000000,-30.000000,4120693.000000,2060.346436,-1373564.375000,-3367356.000000,4305378.500000,390090.000000,547932.500000,1060231.875000,1608164.375000
ml,p95,518,2026-08-26,2762.774658,10.000000,2012.190063,50.000000,-4.000000,5.000000,-503047.500000,251.523743,-402438.000000,2418.458252,50.000000,-4.000000,5.000000,-604614.562500,302.307281,-483691.656250,2752.383545,50.000000,-1.000000,9.000000,-1238572.500000,619.286255,-137619.171875,-1023748.812500,1959143.750000,391263.062500,544131.875000,1060231.875000,1604363.750000
ml,p95,518,2026-08-27,2742.088867,10.000000,2012.190063,50.000000,-9.000000,-5.000000,503047.500000,251.523743,-905485.562500,2418.458252,50.000000,-9.000000,-5.000000,604614.562500,302.307281,-1088306.250000,2716.048340,50.000000,-3.000000,-2.000000,271604.843750,135.802414,-407407.250000,-2401199.000000,3338410.750000,391952.718750,545259.000000,1060231.875000,1605490.875000
ml,p95,518,2026-08-28,2720.326904,10.000000,2012.190063,50.000000,-4.000000,5.000000,-503047.500000,251.523743,-402438.000000,2418.458252,50.000000,-4.000000,5.000000,-604614.562500,302.307281,-483691.656250,2709.614258,50.000000,-11.000000,-8.000000,1083845.750000,541.922913,-1490287.875000,-2376417.500000,3314594.500000,393048.500000,545128.500000,1060231.875000,1605360.375000
ml,p95,518,2026-08-29,2763.543945,10.000000,2012.190063,50.000000,-4.000000,0.000000,-0.000000,0.000000,-402438.000000,2418.458252,50.000000,-4.000000,0.000000,-0.000000,0.000000,-483691.656250,2746.766602,50.000000,-11.000000,0.000000,-0.000000,0.000000,-1510721.625000,-2396851.250000,3314594.500000,393048.500000,524694.750000,1060231.875000,1584926.625000
ml,p95,518,2026-08-30,2730.187500,10.000000,2012.190063,50.000000,-4.000000,0.000000,-0.000000,0.000000,-402438.000000,2418.458252,50.000000,-4.000000,0.000000,-0.000000,0.000000,-483691.656250,2747.974609,50.000000,-11.000000,0.000000,-0.000000,0.000000,-1511386.000000,-2397515.500000,3314594.500000,393048.500000,524030.500000,1060231.875000,1584262.375000
ml,p95,518,2026-08-31,2724.900635,10.000000,2012.190063,50.000000,1.000000,5.000000,-503047.500000,251.523743,100609.500000,2418.458252,50.000000,-9.000000,-5.000000,604614.562500,302.307281,-1088306.250000,2744.140381,50.000000,-2.000000,9.000000,-1234863.125000,617.431580,-274414.031250,-1262110.750000,2181298.250000,394219.750000,524967.750000,1060231.875000,1585199.625000
ml,p95,518,2026-09-01,2712.718262,10.000000,2012.190063,50.000000,-4.000000,-5.000000,503047.500000,251.523743,-402438.000000,2418.458252,50.000000,-4.000000,5.000000,-604614.562500,302.307281,-483691.656250,2722.716553,50.000000,-10.000000,-8.000000,1089086.625000,544.543274,-1361358.250000,-2247488.000000,3168818.000000,395318.125000,526011.875000,1060231.875000,1586243.750000
ml,p95,518,2026-09-02,2663.078369,10.000000,2012.190063,50.000000,1.000000,5.000000,-503047.500000,251.523743,100609.500000,2418.458252,50.000000,-9.000000,-5.000000,604614.562500,302.307281,-1088306.250000,2668.852783,50.000000,35.000000,45.000000,-6004919.000000,3002.458984,4670492.000000,3682795.250000,-2734534.000000,398874.406250,549386.875000,1060231.875000,1609618.750000
ml,p95,518,2026-09-03,2674.025391,10.000000,2012.190063,50.000000,-4.000000,-5.000000,503047.500000,251.523743,-402438.000000,2418.458252,50.000000,-4.000000,5.000000,-604614.562500,302.307281,-483691.656250,2707.420166,50.000000,5.000000,-30.000000,4061130.000000,2030.565063,676855.000000,-209274.625000,1225028.875000,401458.812500,614295.437500,1060231.875000,1674527.250000
ml,p95,518,2026-09-04,2697.357178,10.000000,2012.190063,50.000000,-9.000000,-5.000000,503047.500000,251.523743,-905485.562500,2418.458252,50.000000,-9.000000,-5.000000,604614.562500,302.307281,-1088306.250000,2725.836914,50.000000,-3.000000,-8.000000,1090334.750000,545.167358,-408875.531250,-2402667.250000,3423025.750000,402557.812500,617800.687500,1060231.875000,1678032.500000
ml,p95,518,2026-09-05,2678.904297,10.000000,2012.190063,50.000000,-9.000000,0.000000,-0.000000,0.000000,-905485.562500,2418.458252,50.000000,-9.000000,0.000000,-0.000000,0.000000,-1088306.250000,2687.249756,50.000000,-3.000000,0.000000,-0.000000,0.000000,-403087.437500,-2396879.250000,3423025.750000,402557.812500,623588.687500,1060231.875000,1683820.500000
ml,p95,518,2026-09-06,2652.603760,10.000000,2012.190063,50.000000,-9.000000,0.000000,-0.000000,0.000000,-905485.562500,2418.458252,50.000000,-9.000000,0.000000,-0.000000,0.000000,-1088306.250000,2664.392334,50.000000,-3.000000,0.000000,-0.000000,0.000000,-399658.843750,-2393450.500000,3423025.750000,402557.812500,627017.437500,1060231.875000,1687249.250000
ml,p95,518,2026-09-07,2674.089111,10.000000,2012.190063,50.000000,-9.000000,0.000000,-0.000000,0.000000,-905485.562500,2418.458252,50.000000,-9.000000,0.000000,-0.000000,0.000000,-1088306.250000,2671.039795,50.000000,-3.000000,0.000000,-0.000000,0.000000,-400655.968750,-2394447.750000,3423025.750000,402557.812500,626020.187500,1060231.875000,1686252.000000
ml,p95,518,2026-09-08,2690.553955,10.000000,2012.190063,50.000000,-4.000000,5.000000,-503047.500000,251.523743,-402438.000000,2418.458252,50.000000,-4.000000,5.000000,-604614.562500,302.307281,-483691.656250,2696.252441,50.000000,-12.000000,-9.000000,1213313.625000,606.656799,-1617751.500000,-2503881.000000,3528677.500000,403718.281250,621078.250000,1060231.875000,1681310.125000
ml,p95,518,2026-09-09,2707.440674,10.000000,2012.190063,50.000000,1.000000,5.000000,-503047.500000,251.523743,100609.500000,2418.458252,50.000000,-9.000000,-5.000000,604614.562500,302.307281,-1088306.250000,2708.894287,50.000000,-7.000000,5.000000,-677223.562500,338.611786,-948113.000000,-1935809.750000,2953020.500000,404610.718750,612600.000000,1060231.875000,1672831.875000
ml,p95,518,2026-09-10,2708.868652,10.000000,2012.190063,50.000000,-4.000000,-5.000000,503047.500000,251.523743,-402438.000000,2418.458252,50.000000,-4.000000,5.000000,-604614.562500,302.307281,-483691.656250,2707.118896,50.000000,2.000000,9.000000,-1218203.500000,609.101685,270711.875000,-615417.750000,1633250.250000,405773.656250,612058.875000,1060231.875000,1672290.750000
ml,p95,518,2026-09-11,2667.767090,10.000000,2012.190063,50.000000,-9.000000,-5.000000,503047.500000,251.523743,-905485.562500,2418.458252,50.000000,-9.000000,-5.000000,604614.562500,302.307281,-1088306.250000,2687.602295,50.000000,-3.000000,-5.000000,671900.562500,335.950287,-403140.343750,-2396932.000000,3412813.000000,406663.437500,609217.562500,1060231.875000,1669449.500000
ml,p95,518,2026-09-12,2706.409180,10.000000,2012.190063,50.000000,-9.000000,0.000000,-0.000000,0.000000,-905485.562500,2418.458252,50.000000,-9.000000,0.000000,-0.000000,0.000000,-1088306.250000,2730.814209,50.000000,-3.000000,0.000000,-0.000000,0.000000,-409622.125000,-2403414.000000,3412813.000000,406663.437500,602735.562500,1060231.875000,1662967.500000
ml,p95,518,2026-09-13,2723.906738,10.000000,2012.190063,50.000000,-9.000000,0.000000,-0.000000,0.000000,-905485.562500,2418.458252,50.000000,-9.000000,0.000000,-0.000000,0.000000,-1088306.250000,2743.637939,50.000000,-3.000000,0.000000,-0.000000,0.000000,-411545.687500,-2405337.500000,3412813.000000,406663.437500,600812.062500,1060231.875000,1661044.000000
ml,p95,518,2026-09-14,2735.418213,10.000000,2012.190063,50.000000,-4.000000,5.000000,-503047.500000,251.523743,-402438.000000,2418.458252,50.000000,-4.000000,5.000000,-604614.562500,302.307281,-483691.656250,2757.383057,50.000000,-12.000000,-9.000000,1240822.375000,620.411133,-1654429.875000,-2540559.500000,3545973.000000,407837.687500,597575.812500,1060231.875000,1657807.750000
ml,p95,518,2026-09-15,2777.211182,10.000000,2012.190063,50.000000,1.000000,5.000000,-503047.500000,251.523743,100609.500000,2418.458252,50.000000,-9.000000,-5.000000,604614.562500,302.307281,-1088306.250000,2793.311523,50.000000,-7.000000,5.000000,-698327.875000,349.163940,-977659.000000,-1965355.750000,2949212.250000,408740.687500,575115.812500,1060231.875000,1635347.750000
ml,p95,518,2026-09-16,2766.988281,10.000000,2012.190063,50.000000,-4.000000,-5.000000,503047.500000,251.523743,-402438.000000,2418.458252,50.000000,-4.000000,5.000000,-604614.562500,302.307281,-483691.656250,2777.885254,50.000000,2.000000,9.000000,-1250048.375000,625.024170,277788.531250,-608341.125000,1597596.875000,409919.562500,579336.187500,1060231.875000,1639568.000000
ml,p95,518,2026-09-17,2752.138672,10.000000,2012.190063,50.000000,1.000000,5.000000,-503047.500000,251.523743,100609.500000,2418.458252,50.000000,-9.000000,-5.000000,604614.562500,302.307281,-1088306.250000,2698.166992,50.000000,-3.000000,-5.000000,674541.750000,337.270844,-404725.062500,-1392421.750000,2373705.500000,410810.625000,570473.125000,1060231.875000,1630705.000000
ml,p95,518,2026-09-18,2777.374268,10.000000,2012.190063,50.000000,-4.000000,-5.000000,503047.500000,251.523743,-402438.000000,2418.458252,50.000000,-4.000000,5.000000,-604614.562500,302.307281,-483691.656250,2772.387695,50.000000,-13.000000,-10.000000,1386193.875000,693.096924,-1802052.000000,-2688181.500000,3658332.500000,412057.562500,558093.437500,1060231.875000,1618325.250000
ml,p95,518,2026-09-19,2763.508545,10.000000,2012.190063,50.000000,-4.000000,0.000000,-0.000000,0.000000,-402438.000000,2418.458252,50.000000,-4.000000,0.000000,-0.000000,0.000000,-483691.656250,2758.262695,50.000000,-13.000000,0.000000,-0.000000,0.000000,-1792870.750000,-2679000.500000,3658332.500000,412057.562500,567274.437500,1060231.875000,1627506.250000
ml,p95,518,2026-09-20,2836.207275,10.000000,2012.190063,50.000000,-4.000000,0.000000,-0.000000,0.000000,-402438.000000,2418.458252,50.000000,-4.000000,0.000000,-0.000000,0.000000,-483691.656250,2820.556885,50.000000,-13.000000,0.000000,-0.000000,0.000000,-1833361.875000,-2719491.500000,3658332.500000,412057.562500,526783.437500,1060231.875000,1587015.250000
ml,p95,518,2026-09-21,2833.484863,10.000000,2012.190063,50.000000,1.000000,5.000000,-503047.500000,251.523743,100609.500000,2418.458252,50.000000,-9.000000,-5.000000,604614.562500,302.307281,-1088306.250000,2781.154297,50.000000,-8.000000,5.000000,-695288.562500,347.644318,-1112461.750000,-2100158.500000,3064611.000000,412959.062500,551493.437500,1060231.875000,1611725.250000
ml,p95,518,2026-09-22,2800.132080,10.000000,2012.190063,50.000000,-4.000000,-5.000000,503047.500000,251.523743,-402438.000000,2418.458252,50.000000,-4.000000,5.000000,-604614.562500,302.307281,-483691.656250,2759.875732,50.000000,37.000000,45.000000,-6209720.500000,3104.859863,5105770.000000,4219640.500000,-3246676.500000,416617.750000,556346.250000,1060231.875000,1616578.125000
ml,p95,518,2026-09-23,2774.422363,10.000000,2012.190063,50.000000,-9.000000,-5.000000,503047.500000,251.523743,-905485.562500,2418.458252,50.000000,-9.000000,-5.000000,604614.562500,302.307281,-1088306.250000,2760.492920,50.000000,7.000000,-30.000000,4140739.500000,2070.369385,966172.562500,-1027619.187500,2001725.000000,419241.937500,554863.875000,1060231.875000,1615095.750000
ml,p95,518,2026-09-24,2788.094238,10.000000,2012.190063,50.000000,-4.000000,5.000000,-503047.500000,251.523743,-402438.000000,2418.458252,50.000000,-4.000000,5.000000,-604614.562500,302.307281,-483691.656250,2796.840332,50.000000,-1.000000,-8.000000,1118736.125000,559.368042,-139842.015625,-1025971.625000,2012799.000000,420355.125000,566472.250000,1060231.875000,1626704.125000
ml,p95,518,2026-09-25,2749.861328,10.000000,2012.190063,50.000000,-9.000000,-5.000000,503047.500000,251.523743,-905485.562500,2418.458252,50.000000,-9.000000,-5.000000,604614.562500,302.307281,-1088306.250000,2744.117676,50.000000,-9.000000,-8.000000,1097647.125000,548.823547,-1234852.875000,-3228644.500000,4218108.000000,421457.781250,568005.750000,1060231.875000,1628237.625000
ml,p95,518,2026-09-26,2772.139893,10.000000,2012.190063,50.000000,-9.000000,0.000000,-0.000000,0.000000,-905485.562500,2418.458252,50.000000,-9.000000,0.000000,-0.000000,0.000000,-1088306.250000,2774.181152,50.000000,-9.000000,0.000000,-0.000000,0.000000,-1248381.500000,-3242173.250000,4218108.000000,421457.781250,554477.000000,1060231.875000,1614708.875000
ml,p95,518,2026-09-27,2779.558838,10.000000,2012.190063,50.000000,-9.000000,0.000000,-0.000000,0.000000,-905485.562500,2418.458252,50.000000,-9.000000,0.000000,-0.000000,0.000000,-1088306.250000,2777.320801,50.000000,-9.000000,0.000000,-0.000000,0.000000,-1249794.375000,-3243586.000000,4218108.000000,421457.781250,553064.250000,1060231.875000,1613296.125000
ml,p95,518,2026-09-28,2806.528076,10.000000,2012.190063,50.000000,-4.000000,5.000000,-503047.500000,251.523743,-402438.000000,2418.458252,50.000000,-4.000000,5.000000,-604614.562500,302.307281,-483691.656250,2814.602051,50.000000,-4.000000,5.000000,-703650.500000,351.825256,-562920.437500,-1449050.000000,2406795.750000,422363.437500,535382.312500,1060231.875000,1595614.250000
ml,p95,518,2026-09-29,2797.995117,10.000000,2012.190063,50.000000,-9.000000,-5.000000,503047.500000,251.523743,-905485.562500,2418.458252,50.000000,-9.000000,-5.000000,604614.562500,302.307281,-1088306.250000,2807.494873,50.000000,-3.000000,1.000000,-140374.750000,70.187370,-421124.218750,-2414916.000000,3374083.000000,422987.437500,536179.562500,1060231.875000,1596411.500000
ml,p95,518,2026-09-30,2787.093262,10.000000,2012.190063,50.000000,-4.000000,5.000000,-503047.500000,251.523743,-402438.000000,2418.458252,50.000000,-4.000000,5.000000,-604614.562500,302.307281,-483691.656250,2789.798584,50.000000,-2.000000,1.000000,-139489.921875,69.744957,-278979.843750,-1165109.500000,2126931.000000,423611.031250,538210.500000,1060231.875000,1598442.375000
ml,p95,518,2026-10-01,2776.210205,10.000000,2012.190063,50.000000,-9.000000,-5.000000,503047.500000,251.523743,-905485.562500,2418.458252,50.000000,-9.000000,-5.000000,604614.562500,302.307281,-1088306.250000,2759.751709,50.000000,-10.000000,-8.000000,1103900.625000,551.950256,-1379875.875000,-3373667.500000,4338494.000000,424716.812500,540109.687500,1060231.875000,1600341.500000
ml,p95,518,2026-10-02,2812.441406,10.000000,2012.190063,50.000000,-4.000000,5.000000,-503047.500000,251.523743,-402438.000000,2418.458252,50.000000,-4.000000,5.000000,-604614.562500,302.307281,-483691.656250,2805.271484,50.000000,-5.000000,5.000000,-701317.875000,350.658905,-701317.875000,-1587447.500000,2529513.750000,425621.312500,516444.937500,1060231.875000,1576676.750000
ml,p95,518,2026-10-03,2848.801514,10.000000,2012.190063,50.000000,-4.000000,0.000000,-0.000000,0.000000,-402438.000000,2418.458252,50.000000,-4.000000,0.000000,-0.000000,0.000000,-483691.656250,2850.563721,50.000000,-5.000000,0.000000,-0.000000,0.000000,-712640.937500,-1598770.500000,2529513.750000,425621.312500,505121.937500,1060231.875000,1565353.750000
ml,p95,518,2026-10-04,2876.724121,10.000000,2012.190063,50.000000,-4.000000,0.000000,-0.000000,0.000000,-402438.000000,2418.458252,50.000000,-4.000000,0.000000,-0.000000,0.000000,-483691.656250,2877.047363,50.000000,-5.000000,0.000000,-0.000000,0.000000,-719261.812500,-1605391.500000,2529513.750000,425621.312500,498500.937500,1060231.875000,1558732.750000
ml,p95,518,2026-10-05,2892.985107,10.000000,2012.190063,50.000000,1.000000,5.000000,-503047.500000,251.523743,100609.500000,2418.458252,50.000000,1.000000,5.000000,-604614.562500,302.307281,120922.914062,2908.536377,50.000000,4.000000,9.000000,-1308841.375000,654.420593,581707.250000,803239.625000,113010.296875,426829.562500,489420.375000,1060231.875000,1549652.250000
ml,p95,518,2026-10-06,2892.280273,10.000000,2012.190063,50.000000,-4.000000,-5.000000,503047.500000,251.523743,-402438.000000,2418.458252,50.000000,-4.000000,-5.000000,604614.562500,302.307281,-483691.656250,2889.439453,50.000000,13.000000,9.000000,-1300247.750000,650.123840,1878135.500000,992005.875000,-79575.375000,428033.500000,484397.000000,1060231.875000,1544628.875000
ml,p95,518,2026-10-07,2856.081055,10.000000,2012.190063,50.000000,1.000000,5.000000,-503047.500000,251.523743,100609.500000,2418.458252,50.000000,1.000000,5.000000,-604614.562500,302.307281,120922.914062,2860.045654,50.000000,6.000000,-7.000000,1001016.000000,500.507965,858013.687500,1079546.125000,-186221.468750,429087.843750,464236.781250,1060231.875000,1524468.625000
ml,p95,518,2026-10-08,2860.975830,10.000000,2012.190063,50.000000,-4.000000,-5.000000,503047.500000,251.523743,-402438.000000,2418.458252,50.000000,-4.000000,-5.000000,604614.562500,302.307281,-483691.656250,2864.543701,50.000000,4.000000,-2.000000,286454.375000,143.227188,572908.750000,-313220.875000,1207895.000000,429784.906250,464889.218750,1060231.875000,1525121.125000
ml,p95,518,2026-10-09,2867.237549,10.000000,2012.190063,50.000000,1.000000,5.000000,-503047.500000,251.523743,100609.500000,2418.458252,50.000000,1.000000,5.000000,-604614.562500,302.307281,120922.914062,2880.146240,50.000000,-5.000000,-9.000000,1296065.875000,648.032898,-720036.562500,-498504.156250,1396298.750000,430986.781250,466807.843750,1060231.875000,1527039.750000
ml,p95,518,2026-10-10,2866.082764,10.000000,2012.190063,50.000000,1.000000,0.000000,-0.000000,0.000000,100609.500000,2418.458252,50.000000,1.000000,0.000000,-0.000000,0.000000,120922.914062,2898.519043,50.000000,-5.000000,0.000000,-0.000000,0.000000,-724629.812500,-503097.406250,1396298.750000,430986.781250,462214.593750,1060231.875000,1522446.500000
ml,p95,518,2026-10-11,2869.318115,10.000000,2012.190063,50.000000,1.000000,0.000000,-0.000000,0.000000,100609.500000,2418.458252,50.000000,1.000000,0.000000,-0.000000,0.000000,120922.914062,2891.231689,50.000000,-5.000000,0.000000,-0.000000,0.000000,-722807.937500,-501275.531250,1396298.750000,430986.781250,464036.468750,1060231.875000,1524268.375000
ml,p95,518,2026-10-12,2887.069092,10.000000,2012.190063,50.000000,1.000000,0.000000,-0.000000,0.000000,100609.500000,2418.458252,50.000000,1.000000,0.000000,-0.000000,0.000000,120922.914062,2889.417480,50.000000,-5.000000,0.000000,-0.000000,0.000000,-722354.375000,-500821.968750,1396298.750000,430986.781250,464489.968750,1060231.875000,1524721.875000
ml,p95,518,2026-10-13,2877.244141,10.000000,2012.190063,50.000000,-4.000000,-5.000000,503047.500000,251.523743,-402438.000000,2418.458252,50.000000,-4.000000,-5.000000,604614.562500,302.307281,-483691.656250,2878.442871,50.000000,4.000000,9.000000,-1295299.375000,647.649597,575688.562500,-310441.062500,1208661.500000,432188.250000,466032.187500,1060231.875000,1526264.000000
ml,p95,518,2026-10-14,2850.445801,10.000000,2012.190063,50.000000,1.000000,5.000000,-503047.500000,251.523743,100609.500000,2418.458252,50.000000,1.000000,5.000000,-604614.562500,302.307281,120922.914062,2854.327393,50.000000,-1.000000,-5.000000,713581.812500,356.790924,-142716.375000,78816.031250,814581.250000,433098.875000,460298.375000,1060231.875000,1520530.250000
ml,p95,518,2026-10-15,2861.663574,10.000000,2012.190063,50.000000,-4.000000,-5.000000,503047.500000,251.523743,-402438.000000,2418.458252,50.000000,-4.000000,-5.000000,604614.562500,302.307281,-483691.656250,2869.274170,50.000000,-3.000000,-2.000000,286927.406250,143.463699,-430391.125000,-1316520.750000,2209170.750000,433796.187500,458853.812500,1060231.875000,1519085.750000
ml,p95,518,2026-10-16,2928.098877,10.000000,2012.190063,50.000000,1.000000,5.000000,-503047.500000,251.523743,100609.500000,2418.458252,50.000000,1.000000,5.000000,-604614.562500,302.307281,120922.914062,2942.440918,50.000000,-5.000000,-2.000000,294244.093750,147.122040,-735610.250000,-514077.843750,1395752.750000,434497.125000,447177.750000,1060231.875000,1507409.625000
ml,p95,518,2026-10-17,2925.978760,10.000000,2012.190063,50.000000,1.000000,0.000000,-0.000000,0.000000,100609.500000,2418.458252,50.000000,1.000000,0.000000,-0.000000,0.000000,120922.914062,2935.851318,50.000000,-5.000000,0.000000,-0.000000,0.000000,-733962.812500,-512430.406250,1395752.750000,434497.125000,448825.250000,1060231.875000,1509057.125000
ml,p95,518,2026-10-18,2912.288818,10.000000,2012.190063,50.000000,1.000000,0.000000,-0.000000,0.000000,100609.500000,2418.458252,50.000000,1.000000,0.000000,-0.000000,0.000000,120922.914062,2923.001709,50.000000,-5.000000,0.000000,-0.000000,0.000000,-730750.437500,-509218.031250,1395752.750000,434497.125000,452037.625000,1060231.875000,1512269.500000
ml,p95,518,2026-10-19,2986.395752,10.000000,2012.190063,50.000000,-4.000000,-5.000000,503047.500000,251.523743,-402438.000000,2418.458252,50.000000,-4.000000,-5.000000,604614.562500,302.307281,-483691.656250,2999.478760,50.000000,0.000000,5.000000,-749869.687500,374.934845,0.000000,-886129.625000,1753545.125000,435425.875000,431989.625000,1060231.875000,1492221.500000
ml,p95,518,2026-10-20,2995.363525,10.000000,2012.190063,50.000000,1.000000,5.000000,-503047.500000,251.523743,100609.500000,2418.458252,50.000000,1.000000,5.000000,-604614.562500,302.307281,120922.914062,3000.801270,50.000000,-2.000000,-2.000000,300080.125000,150.040054,-300080.125000,-78547.718750,945963.125000,436129.750000,431285.625000,1060231.875000,1491517.500000
ml,p95,518,2026-10-21,3001.110596,10.000000,2012.190063,50.000000,-4.000000,-5.000000,503047.500000,251.523743,-402438.000000,2418.458252,50.000000,-4.000000,-5.000000,604614.562500,302.307281,-483691.656250,3001.670410,50.000000,-4.000000,-2.000000,300167.031250,150.083511,-600334.062500,-1486463.750000,2353792.250000,436833.687500,430494.812500,1060231.875000,1490726.750000
ml,p95,518,2026-10-22,2970.266602,10.000000,2012.190063,50.000000,1.000000,5.000000,-503047.500000,251.523743,100609.500000,2418.458252,50.000000,1.000000,5.000000,-604614.562500,302.307281,120922.914062,2963.750488,50.000000,5.000000,9.000000,-1333687.750000,666.843811,740937.625000,962470.000000,-87557.531250,438054.343750,436858.156250,1060231.875000,1497090.000000
ml,p95,518,2026-10-23,2947.447266,10.000000,2012.190063,50.000000,-4.000000,-5.000000,503047.500000,251.523743,-402438.000000,2418.458252,50.000000,-4.000000,-5.000000,604614.562500,302.307281,-483691.656250,2961.755371,50.000000,14.000000,9.000000,-1332790.000000,666.394897,2073228.750000,1187099.125000,-312685.500000,439274.562500,435139.062500,1060231.875000,1495371.000000
ml,p95,518,2026-10-24,2932.849854,10.000000,2012.190063,50.000000,-4.000000,0.000000,-0.000000,0.000000,-402438.000000,2418.458252,50.000000,-4.000000,0.000000,-0.000000,0.000000,-483691.656250,2943.843994,50.000000,14.000000,0.000000,-0.000000,0.000000,2060690.875000,1174561.250000,-312685.500000,439274.562500,422601.187500,1060231.875000,1482833.000000
ml,p95,518,2026-10-25,2946.053223,10.000000,2012.190063,50.000000,-4.000000,0.000000,-0.000000,0.000000,-402438.000000,2418.458252,50.000000,-4.000000,0.000000,-0.000000,0.000000,-483691.656250,2944.612793,50.000000,14.000000,0.000000,-0.000000,0.000000,2061228.875000,1175099.250000,-312685.500000,439274.562500,423139.187500,1060231.875000,1483371.000000
ml,p95,518,2026-10-26,2873.068115,10.000000,2012.190063,50.000000,1.000000,5.000000,-503047.500000,251.523743,100609.500000,2418.458252,50.000000,1.000000,5.000000,-604614.562500,302.307281,120922.914062,2879.600830,50.000000,15.000000,1.000000,-143980.046875,71.990021,2159700.500000,2381233.000000,-1564327.625000,439900.375000,377005.000000,1060231.875000,1437236.875000
ml,p95,518,2026-10-27,2862.074463,10.000000,2012.190063,50.000000,6.000000,5.000000,-503047.500000,251.523743,603657.000000,2418.458252,50.000000,-4.000000,-5.000000,604614.562500,302.307281,-483691.656250,2860.234619,50.000000,7.000000,-8.000000,1144093.875000,572.046936,1001082.125000,1121047.500000,-318666.625000,441026.250000,361354.625000,1060231.875000,1421586.500000
ml,p95,518,2026-10-28,2830.800049,10.000000,2012.190063,50.000000,11.000000,5.000000,-503047.500000,251.523743,1106704.500000,2418.458252,50.000000,1.000000,5.000000,-604614.562500,302.307281,120922.914062,2815.205811,50.000000,8.000000,1.000000,-140760.296875,70.380150,1126082.375000,2353709.750000,-1567089.000000,441650.500000,344970.250000,1060231.875000,1405202.125000
ml,p95,518,2026-10-29,2864.277832,10.000000,2012.190063,50.000000,0.000000,-11.000000,1106704.500000,553.352234,0.000000,2418.458252,50.000000,0.000000,-1.000000,120922.914062,60.461456,0.000000,2861.183594,50.000000,0.000000,-8.000000,1144473.500000,572.236755,0.000000,0.000000,805011.875000,442836.531250,362175.343750,1060231.875000,1422407.250000
ml,p95,518,2026-10-30,2840.677734,10.000000,2012.190063,50.000000,0.000000,0.000000,-0.000000,0.000000,0.000000,2418.458252,50.000000,0.000000,0.000000,-0.000000,0.000000,0.000000,2861.183594,50.000000,0.000000,0.000000,-0.000000,0.000000,0.000000,0.000000,805011.875000,442836.531250,362175.343750,1060231.875000,1422407.250000
ml,best,368,2026-04-10,2055.000244,10.000000,2026.171509,50.000000,-2.000000,-2.000000,202617.156250,101.308571,-202617.156250,2047.068848,50.000000,-15.000000,-15.000000,1535301.625000,767.650818,-1535301.625000,2070.749756,50.000000,-15.000000,-15.000000,1553062.250000,776.531128,-1553062.250000,-3290981.000000,3290981.000000,1645.490479,-1645.490479,4854.181641,3208.691162
ml,best,368,2026-04-11,2071.796387,10.000000,2090.917969,50.000000,-2.000000,0.000000,-0.000000,0.000000,-209091.796875,2115.338379,50.000000,-15.000000,0.000000,-0.000000,0.000000,-1586503.750000,2142.262207,50.000000,-15.000000,0.000000,-0.000000,0.000000,-1606696.625000,-3402292.000000,3290981.000000,1645.490479,-112956.492188,52852.429688,-60104.062500
ml,best,368,2026-04-12,2037.810547,10.000000,2041.308350,50.000000,-2.000000,0.000000,-0.000000,0.000000,-204130.828125,2062.816406,50.000000,-15.000000,0.000000,-0.000000,0.000000,-1547112.250000,2087.806641,50.000000,-15.000000,0.000000,-0.000000,0.000000,-1565855.000000,-3317098.000000,3290981.000000,1645.490479,-27762.490234,-33087.816406,-60850.304688
ml,best,368,2026-04-13,2139.397949,10.000000,2113.770508,50.000000,-17.000000,-15.000000,1585327.875000,792.663940,-1796704.875000,2139.205078,50.000000,-20.000000,-5.000000,534801.250000,267.400635,-2139205.000000,2166.712402,50.000000,30.000000,45.000000,-4875102.500000,2437.551270,3250068.500000,-685841.500000,536007.750000,5143.106445,-154976.859375,221576.343750,66599.484375
ml,best,368,2026-04-14,2168.074707,10.000000,2144.789307,50.000000,-22.000000,-5.000000,536197.312500,268.098694,-2359268.250000,2171.226562,50.000000,-25.000000,-5.000000,542806.625000,271.403320,-2714033.250000,2198.494385,50.000000,15.000000,-15.000000,1648870.750000,824.435425,1648870.750000,-3424430.750000,3263882.500000,6507.043945,-167055.296875,293205.531250,126150.234375
ml,best,368,2026-04-15,2142.474609,10.000000,2129.481689,50.000000,-27.000000,-5.000000,532370.437500,266.185211,-2874800.250000,2155.912842,50.000000,20.000000,45.000000,-4850804.000000,2425.401611,2155913.000000,2183.215332,50.000000,0.000000,-15.000000,1637411.500000,818.705688,0.000000,-718887.250000,582860.250000,10017.335938,-146044.343750,238792.890625,92748.546875
ml,best,368,2026-04-16,2137.940430,10.000000,2127.155273,50.000000,18.000000,45.000000,-4786099.000000,2393.049561,1914439.875000,2152.464600,50.000000,5.000000,-15.000000,1614348.500000,807.174194,538116.187500,2180.098145,50.000000,-2.000000,-2.000000,218009.812500,109.004898,-218009.812500,2234546.250000,-2370880.500000,13326.565430,-149660.812500,230435.593750,80774.781250
ml,best,368,2026-04-17,2131.188232,10.000000,2134.516602,50.000000,3.000000,-15.000000,1600887.500000,800.443665,320177.500000,2161.656006,50.000000,-10.000000,-15.000000,1621242.000000,810.620972,-1080828.000000,2190.664307,50.000000,-17.000000,-15.000000,1642998.250000,821.499207,-1862064.625000,-2622715.000000,2494247.250000,15759.127930,-144226.875000,214001.625000,69774.750000
ml,best,368,2026-04-18,2138.018066,10.000000,2119.938721,50.000000,3.000000,0.000000,-0.000000,0.000000,317990.812500,2144.272461,50.000000,-10.000000,0.000000,-0.000000,0.000000,-1072136.250000,2170.857178,50.000000,-17.000000,0.000000,-0.000000,0.000000,-1845228.500000,-2599374.000000,2494247.250000,15759.127930,-120885.875000,235182.734375,114296.859375
ml,best,368,2026-04-19,2144.531982,10.000000,2136.024414,50.000000,3.000000,0.000000,-0.000000,0.000000,320403.656250,2160.491699,50.000000,-10.000000,0.000000,-0.000000,0.000000,-1080245.875000,2185.991699,50.000000,-17.000000,0.000000,-0.000000,0.000000,-1858093.000000,-2617935.250000,2494247.250000,15759.127930,-139447.125000,251476.765625,112029.640625
ml,best,368,2026-04-20,2184.226074,10.000000,2163.666016,50.000000,-12.000000,-15.000000,1622749.500000,811.374695,-1298199.625000,2188.963623,50.000000,-15.000000,-5.000000,547240.937500,273.620422,-1641722.625000,2214.334473,50.000000,28.000000,45.000000,-4982252.500000,2491.126221,3100068.250000,160146.000000,-318014.750000,19335.250000,-177204.000000,358164.875000,180960.875000
ml,best,368,2026-04-21,2188.976318,10.000000,2200.012451,50.000000,-17.000000,-5.000000,550003.125000,275.001556,-1870010.500000,2223.565430,50.000000,-20.000000,-5.000000,555891.375000,277.945679,-2223565.500000,2248.738037,50.000000,13.000000,-15.000000,1686553.500000,843.276733,1461679.750000,-2631896.250000,2474433.000000,20731.474609,-178194.718750,372907.125000,194712.406250
ml,best,368,2026-04-22,2203.973633,10.000000,2240.924072,50.000000,-22.000000,-5.000000,560231.000000,280.115479,-2465016.500000,2263.120850,50.000000,-25.000000,-5.000000,565780.250000,282.890076,-2828901.000000,2288.691895,50.000000,-2.000000,-15.000000,1716519.000000,858.259521,-228869.187500,-5522786.500000,5316963.500000,22152.738281,-227975.734375,416788.562500,188812.828125
ml,best,368,2026-04-23,2216.360840,10.000000,2242.195557,50.000000,-27.000000,-5.000000,560548.875000,280.274414,-3026964.000000,2264.972168,50.000000,20.000000,45.000000,-5096187.500000,2548.093750,2264972.250000,2291.030518,50.000000,-12.000000,-10.000000,1145515.250000,572.757629,-1374618.375000,-2136610.000000,1926840.000000,25553.863281,-235323.859375,452759.812500,217435.953125
ml,best,368,2026-04-24,2220.261963,10.000000,2225.376953,50.000000,18.000000,45.000000,-5007098.000000,2503.549072,2002839.250000,2247.875732,50.000000,5.000000,-15.000000,1685906.875000,842.953369,561968.937500,2273.025146,50.000000,33.000000,45.000000,-5114306.500000,2557.153320,3750491.500000,6315300.000000,-6508657.500000,31457.519531,-224815.015625,470421.343750,245606.328125
ml,best,368,2026-04-25,2218.531738,10.000000,2223.775635,50.000000,18.000000,0.000000,-0.000000,0.000000,2001398.000000,2247.220215,50.000000,5.000000,0.000000,-0.000000,0.000000,561805.062500,2274.632080,50.000000,33.000000,0.000000,-0.000000,0.000000,3753143.000000,6316346.000000,-6508657.500000,31457.519531,-223769.015625,462851.312500,239082.296875
ml,best,368,2026-04-26,2172.670898,10.000000,2187.075439,50.000000,18.000000,0.000000,-0.000000,0.000000,1968368.000000,2208.655029,50.000000,5.000000,0.000000,-0.000000,0.000000,552163.750000,2234.425293,50.000000,33.000000,0.000000,-0.000000,0.000000,3686801.500000,6207333.000000,-6508657.500000,31457.519531,-332782.031250,349839.968750,17057.937500
ml,best,368,2026-04-27,2199.470703,10.000000,2209.456787,50.000000,8.000000,-10.000000,1104728.375000,552.364136,883782.687500,2231.168945,50.000000,-5.000000,-10.000000,1115584.500000,557.792236,-557792.250000,2257.361328,50.000000,18.000000,-15.000000,1693021.125000,846.510437,2031625.250000,2357615.750000,-2595323.500000,33414.187500,-271121.937500,425954.250000,154832.312500
ml,best,368,2026-04-28,2216.916992,10.000000,2214.379395,50.000000,-2.000000,-10.000000,1107189.625000,553.594849,-221437.937500,2235.399658,50.000000,40.000000,45.000000,-5029649.000000,2514.824463,4470799.000000,2262.056152,50.000000,3.000000,-15.000000,1696542.250000,848.270996,339308.437500,4588669.500000,-4821240.500000,37330.875000,-269901.875000,478473.531250,208571.656250
ml,best,368,2026-04-29,2211.941406,10.000000,2223.844727,50.000000,-7.000000,-5.000000,555961.187500,277.980591,-778345.625000,2245.315918,50.000000,30.000000,-10.000000,1122658.000000,561.328979,3367973.750000,2272.022949,50.000000,-27.000000,-30.000000,3408034.500000,1704.017212,-3067231.000000,-477603.000000,265413.250000,39874.203125,-252063.953125,470157.906250,218093.953125
ml,best,368,2026-04-30,2164.884766,10.000000,2223.844727,50.000000,-12.000000,-5.000000,555961.187500,277.980591,-1334306.875000,2165.043945,50.000000,-10.000000,-40.000000,4330088.000000,2165.043945,-1082522.000000,2190.180664,50.000000,18.000000,45.000000,-4927906.500000,2463.953125,1971162.500000,-445666.500000,223555.750000,44781.179688,-266891.937500,351226.031250,84334.093750
ml,best,368,2026-05-01,2162.282715,10.000000,2223.844727,50.000000,-17.000000,-5.000000,555961.187500,277.980591,-1890268.000000,2178.516602,50.000000,35.000000,45.000000,-4901662.500000,2450.831055,3812404.000000,2204.678711,50.000000,-12.000000,-30.000000,3307018.000000,1653.509033,-1322807.250000,599328.750000,-815127.250000,49163.503906,-264962.000000,346760.375000,81798.375000
ml,best,368,2026-05-02,2156.044678,10.000000,2223.844727,50.000000,-17.000000,0.000000,-0.000000,0.000000,-1890268.000000,2178.372559,50.000000,35.000000,0.000000,-0.000000,0.000000,3812152.000000,2204.825928,50.000000,-12.000000,0.000000,-0.000000,0.000000,-1322895.500000,598988.500000,-815127.250000,49163.503906,-265302.250000,328253.437500,62951.187500
ml,best,368,2026-05-03,2120.184326,10.000000,2223.844727,50.000000,-17.000000,0.000000,-0.000000,0.000000,-1890268.000000,2143.368408,50.000000,35.000000,0.000000,-0.000000,0.000000,3750894.500000,2169.005371,50.000000,-12.000000,0.000000,-0.000000,0.000000,-1301403.250000,559223.250000,-815127.250000,49163.503906,-305067.500000,235569.671875,-69497.828125
ml,best,368,2026-05-04,2198.282471,10.000000,2223.844727,50.000000,-22.000000,-5.000000,555961.187500,277.980591,-2446229.250000,2221.627197,50.000000,25.000000,-10.000000,1110813.625000,555.406799,2777034.000000,2247.804443,50.000000,33.000000,45.000000,-5057560.000000,2528.780029,3708877.250000,4039682.000000,-4205913.000000,52525.671875,-218756.671875,424838.906250,206082.234375
ml,best,368,2026-05-05,2187.389404,10.000000,2223.844727,50.000000,-27.000000,-5.000000,555961.187500,277.980591,-3002190.500000,2206.651611,50.000000,-5.000000,-30.000000,3309977.250000,1654.988647,-551662.875000,2233.192871,50.000000,-2.000000,-35.000000,3908087.500000,1954.043701,-223319.281250,-3777172.750000,3568113.250000,56412.679688,-265472.187500,397195.125000,131722.937500
ml,best,368,2026-05-06,2307.335938,10.000000,2223.844727,50.000000,-32.000000,-5.000000,555961.187500,277.980591,-3558151.500000,2337.965088,50.000000,40.000000,45.000000,-5260421.500000,2630.210938,4675930.000000,2365.217285,50.000000,-12.000000,-10.000000,1182608.625000,591.304260,-1419130.375000,-301351.875000,46261.750000,59912.179688,-315002.312500,695605.187500,380602.875000
ml,best,368,2026-05-07,2289.230469,10.000000,2223.844727,50.000000,-37.000000,-5.000000,555961.187500,277.980591,-4114113.000000,2301.759521,50.000000,10.000000,-30.000000,3452639.500000,1726.319580,1150879.750000,2328.812744,50.000000,33.000000,45.000000,-5239828.500000,2619.914307,3842541.000000,879307.750000,-1184966.500000,64536.390625,-370195.125000,650315.437500,280120.312500
ml,best,368,2026-05-08,2324.117676,10.000000,2223.844727,50.000000,-42.000000,-5.000000,555961.187500,277.980591,-4670074.000000,2339.129395,50.000000,0.000000,-10.000000,1169564.625000,584.782349,0.000000,2368.021729,50.000000,3.000000,-30.000000,3552032.500000,1776.016235,355203.281250,-4314870.500000,4092592.250000,67175.171875,-289453.437500,732786.000000,443332.562500
ml,best,368,2026-05-09,2340.580811,10.000000,2223.844727,50.000000,-42.000000,0.000000,-0.000000,0.000000,-4670074.000000,2365.319336,50.000000,0.000000,0.000000,-0.000000,0.000000,0.000000,2395.234131,50.000000,3.000000,0.000000,-0.000000,0.000000,359285.093750,-4310789.000000,4092592.250000,67175.171875,-285371.937500,772827.812500,487455.875000
ml,best,368,2026-05-10,2343.553711,10.000000,2223.844727,50.000000,-42.000000,0.000000,-0.000000,0.000000,-4670074.000000,2391.964600,50.000000,0.000000,0.000000,-0.000000,0.000000,0.000000,2422.012939,50.000000,3.000000,0.000000,-0.000000,0.000000,363301.937500,-4306772.000000,4092592.250000,67175.171875,-281354.937500,786640.875000,505285.937500
ml,best,368,2026-05-11,2407.623535,10.000000,2223.844727,50.000000,3.000000,45.000000,-5003651.000000,2501.825439,333576.718750,2437.267822,50.000000,-15.000000,-15.000000,1827950.750000,913.975403,-1827950.750000,2466.202393,50.000000,-27.000000,-30.000000,3699303.500000,1849.651733,-3329373.000000,-4823747.000000,4616195.000000,72440.625000,-279992.625000,947153.500000,667160.875000
ml,best,368,2026-05-12,2440.165039,10.000000,2223.844727,50.000000,-2.000000,-5.000000,555961.187500,277.980591,-222384.468750,2466.686279,50.000000,-20.000000,-5.000000,616671.562500,308.335785,-2466686.250000,2501.753906,50.000000,18.000000,45.000000,-5628946.000000,2814.473145,2251578.500000,-437492.250000,159882.000000,75841.414062,-353451.656250,1025622.750000,672171.125000
ml,best,368,2026-05-13,2425.620850,10.000000,2223.844727,50.000000,-7.000000,-5.000000,555961.187500,277.980591,-778345.625000,2450.027100,50.000000,25.000000,45.000000,-5512561.000000,2756.280273,3062533.750000,2478.407715,50.000000,-12.000000,-30.000000,3717611.750000,1858.805786,-1487044.625000,797143.375000,-1079106.000000,80734.484375,-362697.125000,993962.562500,631265.437500
ml,best,368,2026-05-14,2413.440918,10.000000,2223.844727,50.000000,-12.000000,-5.000000,555961.187500,277.980591,-1334306.875000,2441.411621,50.000000,-5.000000,-30.000000,3662117.500000,1831.058594,-610352.937500,2470.927734,50.000000,33.000000,45.000000,-5559587.500000,2779.793701,4077030.750000,2132371.000000,-2420615.000000,85623.312500,-373867.312500,958701.937500,584834.625000
ml,best,368,2026-05-15,2467.809326,10.000000,2223.844727,50.000000,-17.000000,-5.000000,555961.187500,277.980591,-1890268.000000,2486.967041,50.000000,40.000000,45.000000,-5595676.000000,2797.837891,4973934.000000,2513.440186,50.000000,3.000000,-30.000000,3770160.250000,1885.080200,377016.000000,3460682.000000,-3690169.750000,90584.218750,-320071.968750,1094538.625000,774466.625000
ml,best,368,2026-05-16,2479.714844,10.000000,2223.844727,50.000000,-17.000000,0.000000,-0.000000,0.000000,-1890268.000000,2501.754639,50.000000,40.000000,0.000000,-0.000000,0.000000,5003509.500000,2532.951416,50.000000,3.000000,0.000000,-0.000000,0.000000,379942.718750,3493184.250000,-3690169.750000,90584.218750,-287569.718750,1123264.125000,835694.375000
ml,best,368,2026-05-17,2558.362305,10.000000,2223.844727,50.000000,-17.000000,0.000000,-0.000000,0.000000,-1890268.000000,2584.002686,50.000000,40.000000,0.000000,-0.000000,0.000000,5168005.500000,2613.573975,50.000000,3.000000,0.000000,-0.000000,0.000000,392036.093750,3669773.500000,-3690169.750000,90584.218750,-110980.468750,1321144.000000,1210163.500000
ml,best,368,2026-05-18,2567.533203,10.000000,2223.844727,50.000000,-22.000000,-5.000000,555961.187500,277.980591,-2446229.250000,2589.295654,50.000000,10.000000,-30.000000,3883943.250000,1941.971558,1294647.875000,2620.558350,50.000000,23.000000,20.000000,-2620558.500000,1310.279053,3013642.250000,1862060.875000,-1870823.500000,94114.445312,-102877.070312,1343029.875000,1240152.750000
ml,best,368,2026-05-19,2632.263428,10.000000,2223.844727,50.000000,-27.000000,-5.000000,555961.187500,277.980591,-3002190.500000,2666.854004,50.000000,-20.000000,-30.000000,4000280.750000,2000.140503,-2666854.000000,2697.937744,50.000000,-7.000000,-30.000000,4046906.750000,2023.453247,-944278.250000,-6613323.000000,6732325.500000,98416.015625,20586.484375,1504789.000000,1525375.500000
ml,best,368,2026-05-20,2627.355469,10.000000,2223.844727,50.000000,-32.000000,-5.000000,555961.187500,277.980591,-3558151.500000,2639.805664,50.000000,25.000000,45.000000,-5939563.000000,2969.781006,3299757.000000,2666.553955,50.000000,38.000000,45.000000,-5999746.500000,2999.873291,5066452.500000,4808058.000000,-4651023.000000,104663.656250,52371.343750,1491403.000000,1543774.375000
ml,best,368,2026-05-21,2616.492188,10.000000,2223.844727,50.000000,-37.000000,-5.000000,555961.187500,277.980591,-4114113.000000,2641.319092,50.000000,-15.000000,-40.000000,5282638.500000,2641.318848,-1980989.250000,2665.500244,50.000000,3.000000,-35.000000,4664625.500000,2332.312744,399825.062500,-5695277.000000,5852202.000000,109915.265625,47009.734375,1464639.750000,1511649.500000
ml,best,368,2026-05-22,2593.462891,10.000000,2223.844727,50.000000,-42.000000,-5.000000,555961.187500,277.980591,-4670074.000000,2599.234863,50.000000,30.000000,45.000000,-5848278.500000,2924.138916,3898852.250000,2621.258301,50.000000,-27.000000,-30.000000,3931887.500000,1965.943726,-3538698.750000,-4309920.500000,4491772.000000,115083.328125,66768.171875,1401891.875000,1468660.000000
ml,best,368,2026-05-23,2583.934570,10.000000,2223.844727,50.000000,-42.000000,0.000000,-0.000000,0.000000,-4670074.000000,2592.168457,50.000000,30.000000,0.000000,-0.000000,0.000000,3888252.750000,2611.944092,50.000000,-27.000000,0.000000,-0.000000,0.000000,-3526124.500000,-4307946.000000,4491772.000000,115083.328125,68742.671875,1374051.375000,1442794.000000
ml,best,368,2026-05-24,2635.903320,10.000000,2223.844727,50.000000,-42.000000,0.000000,-0.000000,0.000000,-4670074.000000,2670.710938,50.000000,30.000000,0.000000,-0.000000,0.000000,4006066.500000,2691.252686,50.000000,-27.000000,0.000000,-0.000000,0.000000,-3633191.000000,-4297198.500000,4491772.000000,115083.328125,79490.171875,1498442.750000,1577932.875000
ml,best,368,2026-05-25,2658.580566,10.000000,2223.844727,50.000000,-42.000000,0.000000,-0.000000,0.000000,-4670074.000000,2692.319580,50.000000,30.000000,0.000000,-0.000000,0.000000,4038479.250000,2714.133789,50.000000,-27.000000,0.000000,-0.000000,0.000000,-3664080.500000,-4295675.000000,4491772.000000,115083.328125,81013.671875,1551230.750000,1632244.375000
ml,best,368,2026-05-26,2793.113525,10.000000,2223.844727,50.000000,3.000000,45.000000,-5003651.000000,2501.825439,333576.718750,2853.537842,50.000000,0.000000,-30.000000,4280306.500000,2140.153320,0.000000,2878.536133,50.000000,18.000000,45.000000,-6476706.000000,3238.353027,2590682.500000,2924259.250000,-2708278.250000,122963.664062,93017.335938,1882966.000000,1975983.375000
ml,best,368,2026-05-27,2843.176514,10.000000,2223.844727,50.000000,-2.000000,-5.000000,555961.187500,277.980591,-222384.468750,2867.976318,50.000000,-15.000000,-15.000000,2150982.250000,1075.490967,-2150982.250000,2888.153564,50.000000,-22.000000,-40.000000,5776307.000000,2888.153320,-3176969.000000,-5550336.000000,5774972.000000,127205.281250,97430.718750,2009179.500000,2106610.250000
ml,best,368,2026-05-28,2911.265625,10.000000,2223.844727,50.000000,-7.000000,-5.000000,555961.187500,277.980591,-778345.625000,2946.008789,50.000000,-20.000000,-5.000000,736502.187500,368.251068,-2946008.750000,2969.630127,50.000000,23.000000,45.000000,-6681668.000000,3340.833496,3415074.500000,-309280.000000,385767.500000,131192.343750,-54704.843750,2175829.000000,2121124.250000
ml,best,368,2026-05-29,3006.814697,10.000000,2223.844727,50.000000,-12.000000,-5.000000,555961.187500,277.980591,-1334306.875000,3029.845947,50.000000,-25.000000,-5.000000,757461.500000,378.730743,-3787307.500000,3053.005371,50.000000,8.000000,-15.000000,2289754.000000,1144.876953,1221202.125000,-3900412.500000,3988944.000000,132993.937500,-44462.437500,2417631.500000,2373169.000000
ml,best,368,2026-05-30,3063.032227,10.000000,2223.844727,50.000000,-12.000000,0.000000,-0.000000,0.000000,-1334306.875000,3077.724609,50.000000,-25.000000,0.000000,-0.000000,0.000000,-3847155.750000,3106.507324,50.000000,8.000000,0.000000,-0.000000,0.000000,1242602.875000,-3938859.500000,3988944.000000,132993.937500,-82909.437500,2551995.500000,2469086.000000
ml,best,368,2026-05-31,3057.595215,10.000000,2223.844727,50.000000,-12.000000,0.000000,-0.000000,0.000000,-1334306.875000,3086.384521,50.000000,-25.000000,0.000000,-0.000000,0.000000,-3857980.500000,3113.858154,50.000000,8.000000,0.000000,-0.000000,0.000000,1245543.250000,-3946744.250000,3988944.000000,132993.937500,-90794.187500,2529844.500000,2439050.250000
ml,best,368,2026-06-01,3130.623535,10.000000,2223.844727,50.000000,-17.000000,-5.000000,555961.187500,277.980591,-1890268.000000,3153.676514,50.000000,20.000000,45.000000,-7095772.000000,3547.885986,3153676.500000,3184.343018,50.000000,-7.000000,-15.000000,2388257.250000,1194.128662,-1114520.000000,148888.500000,-162609.250000,138013.937500,-151734.687500,2706741.500000,2555006.750000
ml,best,368,2026-06-02,3130.220215,10.000000,2223.844727,50.000000,-22.000000,-5.000000,555961.187500,277.980591,-2446229.250000,3143.563721,50.000000,-10.000000,-30.000000,4715345.500000,2357.672607,-1571781.875000,3172.995605,50.000000,38.000000,45.000000,-7139240.000000,3569.619629,6028692.000000,2010681.000000,-2030542.250000,144219.203125,-164080.453125,2700504.500000,2536424.000000
ml,best,368,2026-06-03,3184.135498,10.000000,2223.844727,50.000000,-27.000000,-5.000000,555961.187500,277.980591,-3002190.500000,3219.600342,50.000000,-15.000000,-5.000000,804900.125000,402.450012,-2414700.250000,3250.314941,50.000000,8.000000,-30.000000,4875472.500000,2437.736328,1300126.000000,-4116765.000000,4205791.000000,147337.375000,-58311.375000,2838190.000000,2779878.500000
ml,best,368,2026-06-04,3213.813232,10.000000,2223.844727,50.000000,-32.000000,-5.000000,555961.187500,277.980591,-3558151.500000,3224.913086,50.000000,-20.000000,-5.000000,806228.250000,403.114136,-3224913.000000,3252.255859,50.000000,-22.000000,-30.000000,4878383.500000,2439.191895,-3577481.250000,-10360546.000000,10446364.000000,150457.656250,-64639.656250,2908060.500000,2843420.750000
ml,best,368,2026-06-05,3281.957275,10.000000,2223.844727,50.000000,-37.000000,-5.000000,555961.187500,277.980591,-4114113.000000,3267.364746,50.000000,25.000000,45.000000,-7351570.500000,3675.785400,4084205.750000,3293.208008,50.000000,23.000000,45.000000,-7409718.000000,3704.858887,3787189.000000,3757281.750000,-3758963.250000,158116.281250,-159797.781250,3080698.000000,2920900.250000
ml,best,368,2026-06-06,3307.741943,10.000000,2223.844727,50.000000,-37.000000,0.000000,-0.000000,0.000000,-4114113.000000,3296.054443,50.000000,25.000000,0.000000,-0.000000,0.000000,4120068.000000,3321.354736,50.000000,23.000000,0.000000,-0.000000,0.000000,3819557.750000,3825512.750000,-3758963.250000,158116.281250,-91566.781250,3154086.000000,3062519.250000
ml,best,368,2026-06-07,3337.062988,10.000000,2223.844727,50.000000,-37.000000,0.000000,-0.000000,0.000000,-4114113.000000,3354.761719,50.000000,25.000000,0.000000,-0.000000,0.000000,4193452.250000,3383.216064,50.000000,23.000000,0.000000,-0.000000,0.000000,3890698.500000,3970037.750000,-3758963.250000,158116.281250,52958.218750,3223243.000000,3276201.250000
ml,best,368,2026-06-08,3358.120850,10.000000,2223.844727,50.000000,8.000000,45.000000,-5003651.000000,2501.825439,889537.875000,3380.768311,50.000000,15.000000,-10.000000,1690384.125000,845.192139,2535576.250000,3402.319580,50.000000,-17.000000,-40.000000,6804639.000000,3402.319580,-2891971.750000,533142.250000,-267591.000000,164865.625000,100685.625000,3275419.750000,3376105.500000
ml,best,368,2026-06-09,3300.179932,10.000000,2223.844727,50.000000,3.000000,-5.000000,555961.187500,277.980591,333576.718750,3320.302002,50.000000,-25.000000,-40.000000,6640604.000000,3320.301758,-4150377.250000,3338.460449,50.000000,28.000000,45.000000,-7511536.000000,3755.767578,4673844.500000,857044.000000,-582561.500000,172219.671875,102262.828125,3127181.750000,3229444.500000
ml,best,368,2026-06-10,3358.066406,10.000000,2223.844727,50.000000,-2.000000,-5.000000,555961.187500,277.980591,-222384.468750,3377.248535,50.000000,20.000000,45.000000,-7598809.500000,3799.404541,3377248.500000,3393.463867,50.000000,-12.000000,-40.000000,6786928.000000,3393.463867,-2036078.375000,1118785.625000,-838482.250000,179690.531250,100612.843750,3268861.750000,3369474.500000
ml,best,368,2026-06-11,3318.595703,10.000000,2223.844727,50.000000,-7.000000,-5.000000,555961.187500,277.980591,-778345.625000,3326.189453,50.000000,-20.000000,-40.000000,6652379.000000,3326.189209,-3326189.500000,3347.396240,50.000000,33.000000,45.000000,-7531641.500000,3765.820801,5523204.000000,1418669.000000,-1161783.250000,187060.500000,69825.250000,3170198.000000,3240023.250000
ml,best,368,2026-06-12,3336.515869,10.000000,2223.844727,50.000000,-12.000000,-5.000000,555961.187500,277.980591,-1334306.875000,3344.576416,50.000000,25.000000,45.000000,-7525297.000000,3762.648438,4180720.750000,3369.305908,50.000000,-7.000000,-40.000000,6738611.500000,3369.306152,-1179257.000000,1667157.000000,-1392508.000000,194470.437500,80178.562500,3210479.500000,3290658.000000
ml,best,368,2026-06-13,3298.137939,10.000000,2223.844727,50.000000,-12.000000,0.000000,-0.000000,0.000000,-1334306.875000,3307.004395,50.000000,25.000000,0.000000,-0.000000,0.000000,4133755.500000,3334.781494,50.000000,-7.000000,0.000000,-0.000000,0.000000,-1167173.500000,1632275.000000,-1392508.000000,194470.437500,45296.562500,3116116.000000,3161412.500000
ml,best,368,2026-06-14,3339.922119,10.000000,2223.844727,50.000000,-12.000000,0.000000,-0.000000,0.000000,-1334306.875000,3355.982910,50.000000,25.000000,0.000000,-0.000000,0.000000,4194978.500000,3390.153809,50.000000,-7.000000,0.000000,-0.000000,0.000000,-1186553.750000,1674117.750000,-1392508.000000,194470.437500,87139.312500,3217618.750000,3304758.000000
ml,best,368,2026-06-15,3371.473389,10.000000,2223.844727,50.000000,-17.000000,-5.000000,555961.187500,277.980591,-1890268.000000,3379.472900,50.000000,15.000000,-10.000000,1689736.500000,844.868164,2534604.750000,3414.060547,50.000000,38.000000,45.000000,-7681636.000000,3840.817871,6486715.000000,7131052.000000,-6828446.000000,199434.109375,103171.890625,3291525.500000,3394697.500000
ml,best,368,2026-06-16,3356.619141,10.000000,2223.844727,50.000000,-22.000000,-5.000000,555961.187500,277.980591,-2446229.250000,3381.437988,50.000000,5.000000,-10.000000,1690719.000000,845.359497,845359.500000,3411.963379,50.000000,3.000000,-35.000000,5970936.000000,2985.468018,511794.531250,-1089075.250000,1389170.000000,203542.921875,96551.828125,3252717.000000,3349268.750000
ml,best,368,2026-06-17,3354.491211,10.000000,2223.844727,50.000000,-27.000000,-5.000000,555961.187500,277.980591,-3002190.500000,3375.177490,50.000000,-2.000000,-7.000000,1181312.125000,590.656006,-337517.750000,3400.440918,50.000000,-27.000000,-30.000000,5100661.500000,2550.330811,-4590595.500000,-7930304.000000,8227105.000000,206961.906250,89839.093750,3249687.750000,3339526.750000
ml,best,368,2026-06-18,3359.331787,10.000000,2223.844727,50.000000,-32.000000,-5.000000,555961.187500,277.980591,-3558151.500000,3385.076172,50.000000,-6.000000,-4.000000,677015.250000,338.507629,-1015522.875000,3407.561035,50.000000,18.000000,45.000000,-7667012.500000,3833.506104,3066805.000000,-1506869.500000,1793068.750000,211411.890625,74787.359375,3262654.250000,3337441.500000
ml,best,368,2026-06-19,3345.204346,10.000000,2223.844727,50.000000,-32.000000,0.000000,-0.000000,0.000000,-3558151.500000,3370.167725,50.000000,-6.000000,0.000000,-0.000000,0.000000,-1011050.312500,3387.580811,50.000000,18.000000,0.000000,-0.000000,0.000000,3048822.750000,-1520379.250000,1793068.750000,211411.890625,61277.609375,3224331.250000,3285608.750000
ml,best,368,2026-06-20,3352.556152,10.000000,2223.844727,50.000000,-32.000000,0.000000,-0.000000,0.000000,-3558151.500000,3344.427734,50.000000,-6.000000,0.000000,-0.000000,0.000000,-1003328.312500,3362.419922,50.000000,18.000000,0.000000,-0.000000,0.000000,3026178.000000,-1535302.000000,1793068.750000,211411.890625,46354.859375,3243478.250000,3289833.000000
ml,best,368,2026-06-21,3333.163818,10.000000,2223.844727,50.000000,-32.000000,0.000000,-0.000000,0.000000,-3558151.500000,3320.657715,50.000000,-6.000000,0.000000,-0.000000,0.000000,-996197.250000,3343.587402,50.000000,18.000000,0.000000,-0.000000,0.000000,3009228.750000,-1545120.250000,1793068.750000,211411.890625,36536.609375,3195439.750000,3231976.250000
ml,best,368,2026-06-22,3314.872559,10.000000,2223.844727,50.000000,-37.000000,-5.000000,555961.187500,277.980591,-4114113.000000,3315.631836,50.000000,39.000000,45.000000,-7460172.000000,3730.085938,6465482.000000,3341.594727,50.000000,-12.000000,-30.000000,5012392.000000,2506.195801,-2004956.875000,346412.125000,-98750.000000,217926.156250,29735.968750,3147136.000000,3176872.000000
ml,best,368,2026-06-23,3374.062500,10.000000,2223.844727,50.000000,8.000000,45.000000,-5003651.000000,2501.825439,889537.875000,3399.959229,50.000000,9.000000,-30.000000,5099938.500000,2549.969482,1529981.625000,3426.552734,50.000000,33.000000,45.000000,-7709744.000000,3854.871826,5653812.000000,8073331.500000,-7712206.500000,226832.812500,134292.187500,3295149.250000,3429441.500000
ml,best,368,2026-06-24,3349.433838,10.000000,2223.844727,50.000000,3.000000,-5.000000,555961.187500,277.980591,333576.718750,3349.019531,50.000000,2.000000,-7.000000,1172156.875000,586.078430,334901.937500,3372.600830,50.000000,3.000000,-30.000000,5058901.000000,2529.450684,505890.125000,1174368.750000,-925187.437500,230226.328125,18954.984375,3231459.000000,3250414.000000
ml,best,368,2026-06-25,3398.810303,10.000000,2223.844727,50.000000,-2.000000,-5.000000,555961.187500,277.980591,-222384.468750,3422.165771,50.000000,47.000000,45.000000,-7699872.500000,3849.936279,8042090.000000,3448.427246,50.000000,23.000000,20.000000,-3448427.250000,1724.213623,3965691.500000,11785397.000000,-11517526.000000,236078.453125,31792.546875,3355091.500000,3386884.000000
ml,best,368,2026-06-26,3392.524658,10.000000,2223.844727,50.000000,-7.000000,-5.000000,555961.187500,277.980591,-778345.625000,3421.137939,50.000000,7.000000,-40.000000,6842276.000000,3421.137695,1197398.250000,3449.890869,50.000000,-7.000000,-30.000000,5174836.500000,2587.418213,-1207461.875000,-788409.250000,1055547.750000,242365.000000,24773.500000,3338295.750000,3363069.250000
ml,best,368,2026-06-27,3422.140381,10.000000,2223.844727,50.000000,-7.000000,0.000000,-0.000000,0.000000,-778345.625000,3438.055176,50.000000,7.000000,0.000000,-0.000000,0.000000,1203319.375000,3468.882324,50.000000,-7.000000,0.000000,-0.000000,0.000000,-1214108.750000,-789135.000000,1055547.750000,242365.000000,24047.750000,3412313.750000,3436361.500000
ml,best,368,2026-06-28,3456.593750,10.000000,2223.844727,50.000000,-7.000000,0.000000,-0.000000,0.000000,-778345.625000,3480.405518,50.000000,7.000000,0.000000,-0.000000,0.000000,1218141.875000,3510.451172,50.000000,-7.000000,0.000000,-0.000000,0.000000,-1228657.875000,-788861.625000,1055547.750000,242365.000000,24321.125000,3495108.000000,3519429.000000
ml,best,368,2026-06-29,3489.882324,10.000000,2223.844727,50.000000,-12.000000,-5.000000,555961.187500,277.980591,-1334306.875000,3511.324463,50.000000,-23.000000,-30.000000,5266986.500000,2633.493408,-4038023.000000,3539.676514,50.000000,38.000000,45.000000,-7964272.000000,3982.135986,6725385.000000,1353055.000000,-1085776.500000,249258.593750,18019.906250,3578821.000000,3596841.000000
ml,best,368,2026-06-30,3558.405273,10.000000,2223.844727,50.000000,-17.000000,-5.000000,555961.187500,277.980591,-1890268.000000,3564.401611,50.000000,22.000000,45.000000,-8019904.000000,4009.951660,3920841.750000,3592.829346,50.000000,-2.000000,-40.000000,7185658.500000,3592.829346,-359282.937500,1671290.750000,-1364060.750000,257139.359375,50090.640625,3749760.250000,3799851.000000
ml,best,368,2026-07-01,3584.081543,10.000000,2223.844727,50.000000,-22.000000,-5.000000,555961.187500,277.980591,-2446229.250000,3623.602051,50.000000,-18.000000,-40.000000,7247204.000000,3623.602295,-3261241.750000,3653.597412,50.000000,-12.000000,-10.000000,1826798.625000,913.399353,-2192158.500000,-7899629.500000,8265903.000000,261954.343750,104319.156250,3814934.750000,3919254.000000
ml,best,368,2026-07-02,3608.511230,10.000000,2223.844727,50.000000,-27.000000,-5.000000,555961.187500,277.980591,-3002190.500000,3632.552734,50.000000,27.000000,45.000000,-8173244.000000,4086.621826,4903946.000000,3663.819580,50.000000,33.000000,45.000000,-8243594.000000,4121.796875,6045302.500000,7947058.000000,-7594974.000000,270440.750000,81643.250000,3876653.000000,3958296.250000
ml,best,368,2026-07-03,3596.181396,10.000000,2223.844727,50.000000,-32.000000,-5.000000,555961.187500,277.980591,-3558151.500000,3631.980713,50.000000,-3.000000,-30.000000,5447971.000000,2723.985107,-544797.125000,3661.872070,50.000000,3.000000,-30.000000,5492808.000000,2746.404297,549280.812500,-3553667.750000,3901766.500000,276189.125000,71909.625000,3847522.500000,3919432.000000
ml,best,368,2026-07-04,3681.858887,10.000000,2223.844727,50.000000,-32.000000,0.000000,-0.000000,0.000000,-3558151.500000,3710.890137,50.000000,-3.000000,0.000000,-0.000000,0.000000,-556633.500000,3743.385986,50.000000,3.000000,0.000000,-0.000000,0.000000,561507.937500,-3553277.000000,3901766.500000,276189.125000,72300.375000,4032412.250000,4104712.500000
ml,best,368,2026-07-05,3576.873535,10.000000,2223.844727,50.000000,-32.000000,0.000000,-0.000000,0.000000,-3558151.500000,3567.379395,50.000000,-3.000000,0.000000,-0.000000,0.000000,-535106.937500,3598.076416,50.000000,3.000000,0.000000,-0.000000,0.000000,539711.500000,-3553547.000000,3901766.500000,276189.125000,72030.375000,3803924.500000,3875955.000000
ml,best,368,2026-07-06,3634.261230,10.000000,2223.844727,50.000000,13.000000,45.000000,-5003651.000000,2501.825439,1445499.000000,3639.835938,50.000000,42.000000,45.000000,-8189631.000000,4094.815186,7643655.500000,3672.814209,50.000000,-27.000000,-30.000000,5509221.500000,2754.610596,-4958299.000000,4130855.000000,-3782294.000000,285540.375000,63020.625000,3928643.750000,3991664.500000
ml,best,368,2026-07-07,3641.394287,10.000000,2223.844727,50.000000,8.000000,-5.000000,555961.187500,277.980591,889537.875000,3679.395020,50.000000,2.000000,-40.000000,7358790.000000,3679.394775,367939.500000,3715.378174,50.000000,18.000000,45.000000,-8359601.000000,4179.799805,3343840.250000,4601317.500000,-4227144.000000,293677.562500,80495.937500,3944497.750000,4024993.750000
ml,best,368,2026-07-08,3659.106201,10.000000,2223.844727,50.000000,3.000000,-5.000000,555961.187500,277.980591,333576.718750,3665.111084,50.000000,22.000000,20.000000,-3665111.000000,1832.555420,4031622.250000,3704.939697,50.000000,-12.000000,-30.000000,5557409.500000,2778.704590,-2222963.750000,2142235.250000,-1778884.250000,298566.781250,64784.218750,3978390.750000,4043175.000000
ml,best,368,2026-07-09,3654.781738,10.000000,2223.844727,50.000000,-2.000000,-5.000000,555961.187500,277.980591,-222384.468750,3645.309814,50.000000,-8.000000,-30.000000,5467965.000000,2733.982422,-1458123.875000,3683.218262,50.000000,33.000000,45.000000,-8287241.500000,4143.620117,6077310.000000,4396801.500000,-4042199.750000,305722.375000,48879.375000,3969477.750000,4018357.000000
ml,best,368,2026-07-10,3634.136475,10.000000,2223.844727,50.000000,-7.000000,-5.000000,555961.187500,277.980591,-778345.625000,3625.638184,50.000000,37.000000,45.000000,-8157686.000000,4078.842529,6707430.500000,3665.643799,50.000000,-2.000000,-35.000000,6414876.500000,3207.438232,-366564.375000,5562520.500000,-5229048.000000,313286.625000,20185.875000,3934236.750000,3954422.500000
ml,best,368,2026-07-11,3661.162109,10.000000,2223.844727,50.000000,-7.000000,0.000000,-0.000000,0.000000,-778345.625000,3661.267822,50.000000,37.000000,0.000000,-0.000000,0.000000,6773345.500000,3703.975830,50.000000,-2.000000,0.000000,-0.000000,0.000000,-370397.593750,5624602.500000,-5229048.000000,313286.625000,82267.875000,3977703.000000,4059971.000000
ml,best,368,2026-07-12,3683.998047,10.000000,2223.844727,50.000000,-7.000000,0.000000,-0.000000,0.000000,-778345.625000,3682.477295,50.000000,37.000000,0.000000,-0.000000,0.000000,6812583.000000,3723.371826,50.000000,-2.000000,0.000000,-0.000000,0.000000,-372337.187500,5661900.500000,-5229048.000000,313286.625000,119565.875000,4016138.000000,4135704.000000
ml,best,368,2026-07-13,3682.610352,10.000000,2223.844727,50.000000,-12.000000,-5.000000,555961.187500,277.980591,-1334306.875000,3660.794434,50.000000,-3.000000,-40.000000,7321589.000000,3660.794434,-549119.125000,3701.725586,50.000000,18.000000,20.000000,-3701725.750000,1850.862793,3331553.000000,1448127.000000,-1053223.500000,319076.250000,75827.250000,4013356.250000,4089183.500000
ml,best,368,2026-07-14,3696.075684,10.000000,2223.844727,50.000000,-17.000000,-5.000000,555961.187500,277.980591,-1890268.000000,3701.291748,50.000000,42.000000,45.000000,-8327906.000000,4163.953125,7772712.500000,3740.379395,50.000000,-12.000000,-30.000000,5610569.000000,2805.284424,-2244227.750000,3638216.750000,-3214599.000000,326323.500000,97294.250000,4034535.500000,4131829.750000
ml,best,368,2026-07-15,3667.008057,10.000000,2223.844727,50.000000,-22.000000,-5.000000,555961.187500,277.980591,-2446229.250000,3671.903564,50.000000,2.000000,-40.000000,7343807.000000,3671.903320,367190.343750,3706.416260,50.000000,33.000000,45.000000,-8339436.500000,4169.717773,6115586.500000,4036547.500000,-3654267.500000,334443.062500,47836.937500,3992956.250000,4040793.250000
ml,best,368,2026-07-16,3594.933105,10.000000,2223.844727,50.000000,-27.000000,-5.000000,555961.187500,277.980591,-3002190.500000,3588.112549,50.000000,11.000000,9.000000,-1614650.625000,807.325317,1973461.875000,3621.933594,50.000000,3.000000,-30.000000,5432900.500000,2716.450195,543290.062500,-485438.562500,719943.437500,338244.812500,-103739.937500,3899771.750000,3796031.750000
ml,best,368,2026-07-17,3514.762451,10.000000,2223.844727,50.000000,18.000000,45.000000,-5003651.000000,2501.825439,2001460.125000,3508.718018,50.000000,4.000000,-7.000000,1228051.250000,614.025635,701743.625000,3540.059082,50.000000,-27.000000,-30.000000,5310088.500000,2655.044189,-4779079.500000,-2075875.750000,2254432.250000,344015.750000,-165459.250000,3804506.000000,3639046.750000
ml,best,368,2026-07-18,3509.366699,10.000000,2223.844727,50.000000,18.000000,0.000000,-0.000000,0.000000,2001460.125000,3531.582275,50.000000,4.000000,0.000000,-0.000000,0.000000,706316.437500,3563.409424,50.000000,-27.000000,0.000000,-0.000000,0.000000,-4810602.500000,-2102826.000000,2254432.250000,344015.750000,-192409.500000,3798595.500000,3606186.000000
ml,best,368,2026-07-19,3498.149414,10.000000,2223.844727,50.000000,18.000000,0.000000,-0.000000,0.000000,2001460.125000,3502.299072,50.000000,4.000000,0.000000,-0.000000,0.000000,700459.812500,3532.779053,50.000000,-27.000000,0.000000,-0.000000,0.000000,-4769251.500000,-2067331.500000,2254432.250000,344015.750000,-156915.000000,3786606.750000,3629691.750000
ml,best,368,2026-07-20,3552.912109,10.000000,2223.844727,50.000000,11.000000,-7.000000,778345.625000,389.172821,1223114.625000,3572.149170,50.000000,12.000000,8.000000,-1428859.625000,714.429810,2143289.500000,3601.512695,50.000000,18.000000,45.000000,-8103404.000000,4051.701904,3241361.250000,6607765.000000,-6499486.000000,349171.062500,-240892.062500,3846197.000000,3605305.000000
ml,best,368,2026-07-21,3602.895752,10.000000,2223.844727,50.000000,6.000000,-5.000000,555961.187500,277.980591,667153.437500,3619.766357,50.000000,-18.000000,-30.000000,5429649.500000,2714.824707,-3257789.750000,3652.041016,50.000000,-12.000000,-30.000000,5478061.500000,2739.030762,-2191224.500000,-4781861.000000,4964186.500000,354902.875000,-172577.375000,3895368.000000,3722790.500000
ml,best,368,2026-07-22,3598.527832,10.000000,2223.844727,50.000000,1.000000,-5.000000,555961.187500,277.980591,111192.234375,3592.451172,50.000000,27.000000,45.000000,-8083015.000000,4041.507568,4849809.000000,3624.488770,50.000000,33.000000,45.000000,-8155100.000000,4077.549561,5980406.500000,10941408.000000,-10717968.000000,363299.937500,-139859.937500,3891429.500000,3751569.500000
ml,best,368,2026-07-23,3605.349854,10.000000,2223.844727,50.000000,-4.000000,-5.000000,555961.187500,277.980591,-444768.937500,3609.067139,50.000000,-3.000000,-30.000000,5413601.000000,2706.800293,-541360.062500,3641.665039,50.000000,3.000000,-30.000000,5462497.500000,2731.248779,546249.750000,-439879.250000,714092.187500,369015.937500,-94803.000000,3897024.750000,3802221.750000
ml,best,368,2026-07-24,3485.149658,10.000000,2223.844727,50.000000,-9.000000,-5.000000,555961.187500,277.980591,-1000730.062500,3463.828369,50.000000,5.000000,8.000000,-1385531.375000,692.765686,865957.125000,3495.132324,50.000000,-27.000000,-30.000000,5242698.500000,2621.349121,-4718428.500000,-4853201.500000,5127220.500000,372608.031250,-98589.031250,3818787.250000,3720198.250000
ml,best,368,2026-07-25,3464.924072,10.000000,2223.844727,50.000000,-9.000000,0.000000,-0.000000,0.000000,-1000730.062500,3449.072266,50.000000,5.000000,0.000000,-0.000000,0.000000,862268.062500,3482.054199,50.000000,-27.000000,0.000000,-0.000000,0.000000,-4700773.000000,-4839235.000000,5127220.500000,372608.031250,-84622.531250,3808062.500000,3723440.000000
ml,best,368,2026-07-26,3414.114746,10.000000,2223.844727,50.000000,-9.000000,0.000000,-0.000000,0.000000,-1000730.062500,3387.946045,50.000000,5.000000,0.000000,-0.000000,0.000000,846986.500000,3418.435791,50.000000,-27.000000,0.000000,-0.000000,0.000000,-4614888.500000,-4768632.000000,5127220.500000,372608.031250,-14019.531250,3780700.000000,3766680.500000
ml,best,368,2026-07-27,3396.441895,10.000000,2223.844727,50.000000,-14.000000,-5.000000,555961.187500,277.980591,-1556691.250000,3406.424805,50.000000,13.000000,8.000000,-1362569.875000,681.284912,2214176.250000,3436.309814,50.000000,18.000000,45.000000,-7731697.000000,3865.848633,3092679.000000,3750164.000000,-3411085.000000,377433.125000,-38354.125000,3771387.500000,3733033.500000
ml,best,368,2026-07-28,3418.086182,10.000000,2223.844727,50.000000,-19.000000,-5.000000,555961.187500,277.980591,-2112652.500000,3406.201416,50.000000,-17.000000,-30.000000,5109302.000000,2554.651123,-2895271.250000,3434.205078,50.000000,-12.000000,-30.000000,5151308.000000,2575.653809,-2060523.000000,-7068447.000000,7405486.000000,382841.437500,-45802.437500,3781067.250000,3735264.750000
ml,best,368,2026-07-29,3421.278809,10.000000,2223.844727,50.000000,-24.000000,-5.000000,555961.187500,277.980591,-2668613.750000,3419.742676,50.000000,-22.000000,-5.000000,854935.625000,427.467834,-3761716.750000,3447.649902,50.000000,33.000000,45.000000,-7757212.500000,3878.605957,5688622.500000,-741708.000000,1059170.500000,387425.500000,-69963.000000,3782386.500000,3712423.500000
ml,best,368,2026-07-30,3520.468750,10.000000,2223.844727,50.000000,-29.000000,-5.000000,555961.187500,277.980591,-3224574.750000,3419.742676,50.000000,-27.000000,-5.000000,854935.625000,427.467834,-4616652.500000,3586.222168,50.000000,3.000000,-30.000000,5379333.000000,2689.666748,537933.312500,-7303293.500000,7849400.500000,390820.625000,155286.375000,3804337.000000,3959623.500000
ml,best,368,2026-07-31,3527.115967,10.000000,2223.844727,50.000000,16.000000,45.000000,-5003651.000000,2501.825439,1779075.750000,3419.742676,50.000000,18.000000,45.000000,-7694421.000000,3847.210693,3077768.250000,3564.490967,50.000000,-27.000000,-30.000000,5346736.500000,2673.368164,-4812063.000000,44781.000000,498065.000000,399843.000000,143003.000000,3805488.750000,3948491.750000
ml,best,368,2026-08-01,3543.407227,10.000000,2223.844727,50.000000,16.000000,0.000000,-0.000000,0.000000,1779075.750000,3419.742676,50.000000,18.000000,0.000000,-0.000000,0.000000,3077768.250000,3588.701904,50.000000,-27.000000,0.000000,-0.000000,0.000000,-4844747.500000,12096.500000,498065.000000,399843.000000,110318.500000,3805899.250000,3916217.750000
ml,best,368,2026-08-02,3565.593262,10.000000,2223.844727,50.000000,16.000000,0.000000,-0.000000,0.000000,1779075.750000,3419.742676,50.000000,18.000000,0.000000,-0.000000,0.000000,3077768.250000,3593.659912,50.000000,-27.000000,0.000000,-0.000000,0.000000,-4851441.000000,5403.000000,498065.000000,399843.000000,103625.000000,3806355.000000,3909980.000000
ml,best,368,2026-08-03,3556.271484,10.000000,2223.844727,50.000000,9.000000,-7.000000,778345.625000,389.172821,1000730.062500,3419.742676,50.000000,-12.000000,-30.000000,5129614.000000,2564.807129,-2051845.750000,3575.184570,50.000000,18.000000,45.000000,-8044165.500000,4022.082764,3217666.000000,2166550.250000,-1638141.125000,406819.062500,121590.062500,3806803.500000,3928393.500000
ml,best,368,2026-08-04,3577.746582,10.000000,2223.844727,50.000000,4.000000,-5.000000,555961.187500,277.980591,444768.937500,3419.742676,50.000000,-17.000000,-5.000000,854935.625000,427.467834,-2906781.250000,3605.978027,50.000000,-12.000000,-30.000000,5408967.000000,2704.483398,-2163586.750000,-4625599.000000,5181722.500000,410229.000000,145894.500000,3807246.250000,3953140.750000
ml,best,368,2026-08-05,3544.830078,10.000000,2223.844727,50.000000,-1.000000,-5.000000,555961.187500,277.980591,-111192.234375,3419.742676,50.000000,28.000000,45.000000,-7694421.000000,3847.210693,4787640.000000,3566.700195,50.000000,33.000000,45.000000,-8025076.000000,4012.537598,5885055.500000,10561504.000000,-9981813.000000,418366.750000,161324.250000,3807725.250000,3969049.500000
ml,best,368,2026-08-06,3589.243164,10.000000,2223.844727,50.000000,7.000000,8.000000,-889537.875000,444.768951,778345.625000,3419.742676,50.000000,-2.000000,-30.000000,5129614.000000,2564.807129,-341974.281250,3598.790039,50.000000,3.000000,-30.000000,5398185.000000,2699.092529,539818.500000,976189.875000,-343552.125000,424075.406250,208562.343750,3807725.250000,4016287.500000
ml,best,368,2026-08-07,3643.245850,10.000000,2223.844727,50.000000,2.000000,-5.000000,555961.187500,277.980591,222384.468750,3419.742676,50.000000,-7.000000,-5.000000,854935.625000,427.467834,-1196910.000000,3665.973389,50.000000,11.000000,8.000000,-1466389.375000,733.194702,2016285.375000,1041759.875000,-399044.625000,425514.062500,217201.187500,3807725.250000,4024926.500000
ml,best,368,2026-08-08,3647.667725,10.000000,2223.844727,50.000000,2.000000,0.000000,-0.000000,0.000000,222384.468750,3419.742676,50.000000,-7.000000,0.000000,-0.000000,0.000000,-1196910.000000,3682.973145,50.000000,11.000000,0.000000,-0.000000,0.000000,2025635.125000,1051109.625000,-399044.625000,425514.062500,226550.937500,3807725.250000,4034276.250000
ml,best,368,2026-08-09,3729.304688,10.000000,2223.844727,50.000000,2.000000,0.000000,-0.000000,0.000000,222384.468750,3419.742676,50.000000,-7.000000,0.000000,-0.000000,0.000000,-1196910.000000,3768.203125,50.000000,11.000000,0.000000,-0.000000,0.000000,2072511.750000,1097986.250000,-399044.625000,425514.062500,273427.562500,3807725.250000,4081152.750000
ml,best,368,2026-08-10,3714.375977,10.000000,2223.844727,50.000000,-3.000000,-5.000000,555961.187500,277.980591,-333576.718750,3419.742676,50.000000,-12.000000,-5.000000,854935.625000,427.467834,-2051845.750000,3731.889160,50.000000,-19.000000,-30.000000,5597833.500000,2798.916748,-3545294.500000,-5930717.000000,6609685.500000,429018.437500,249950.062500,3807725.250000,4057675.250000
ml,best,368,2026-08-11,3724.009521,10.000000,2223.844727,50.000000,-8.000000,-5.000000,555961.187500,277.980591,-889537.875000,3419.742676,50.000000,-17.000000,-5.000000,854935.625000,427.467834,-2906781.250000,3763.483643,50.000000,26.000000,45.000000,-8467838.000000,4233.918945,4892529.000000,1096210.000000,-447255.500000,433957.781250,214996.718750,3807725.250000,4022722.000000
ml,best,368,2026-08-12,3625.907715,10.000000,2223.844727,50.000000,-13.000000,-5.000000,555961.187500,277.980591,-1445499.000000,3419.742676,50.000000,-22.000000,-5.000000,854935.625000,427.467834,-3761716.750000,3660.632568,50.000000,-4.000000,-30.000000,5490949.000000,2745.474121,-732126.500000,-5939342.500000,6454590.000000,437408.687500,77838.812500,3807725.250000,3885564.000000
ml,best,368,2026-08-13,3552.458008,10.000000,2223.844727,50.000000,-18.000000,-5.000000,555961.187500,277.980591,-2001460.125000,3419.742676,50.000000,-27.000000,-5.000000,854935.625000,427.467834,-4616652.500000,3590.544678,50.000000,41.000000,45.000000,-8078726.000000,4039.362793,7360616.500000,742504.000000,-213239.000000,442153.500000,87111.500000,3807725.250000,3894836.750000
ml,best,368,2026-08-14,3571.239258,10.000000,2223.844727,50.000000,-23.000000,-5.000000,555961.187500,277.980591,-2557421.500000,3419.742676,50.000000,18.000000,45.000000,-7694421.000000,3847.210693,3077768.250000,3596.708740,50.000000,11.000000,-30.000000,5395063.500000,2697.531494,1978189.875000,2498536.500000,-1956635.250000,448976.250000,92925.000000,3807725.250000,3900650.250000
ml,best,368,2026-08-15,3580.726562,10.000000,2223.844727,50.000000,-23.000000,0.000000,-0.000000,0.000000,-2557421.500000,3419.742676,50.000000,18.000000,0.000000,-0.000000,0.000000,3077768.250000,3595.867676,50.000000,11.000000,0.000000,-0.000000,0.000000,1977727.125000,2498074.000000,-1956635.250000,448976.250000,92462.500000,3807725.250000,3900187.750000
ml,best,368,2026-08-16,3542.663574,10.000000,2223.844727,50.000000,-23.000000,0.000000,-0.000000,0.000000,-2557421.500000,3419.742676,50.000000,18.000000,0.000000,-0.000000,0.000000,3077768.250000,3560.918457,50.000000,11.000000,0.000000,-0.000000,0.000000,1958505.125000,2478852.000000,-1956635.250000,448976.250000,73240.500000,3807725.250000,3880965.750000
ml,best,368,2026-08-17,3541.511719,10.000000,2223.844727,50.000000,22.000000,45.000000,-5003651.000000,2501.825439,2446229.250000,3419.742676,50.000000,11.000000,-7.000000,1196910.000000,598.454956,1880858.375000,3553.009766,50.000000,-19.000000,-30.000000,5329515.000000,2664.757324,-3375359.500000,951728.000000,-433861.250000,454741.281250,63125.468750,3807725.250000,3870850.750000
ml,best,368,2026-08-18,3475.507568,10.000000,2223.844727,50.000000,15.000000,-7.000000,778345.625000,389.172821,1667883.625000,3419.742676,50.000000,4.000000,-7.000000,1196910.000000,598.454956,683948.562500,3513.101807,50.000000,26.000000,45.000000,-7904479.000000,3952.239502,4567032.500000,6918865.000000,-6363085.000000,459681.125000,96098.875000,3807725.250000,3903824.000000
ml,best,368,2026-08-19,3488.281738,10.000000,2223.844727,50.000000,8.000000,-7.000000,778345.625000,389.172821,889537.875000,3419.742676,50.000000,-1.000000,-5.000000,854935.625000,427.467834,-170987.140625,3494.358643,50.000000,-4.000000,-30.000000,5241538.000000,2620.768799,-698871.750000,19679.000000,511734.562500,463118.531250,68295.031250,3807725.250000,3876020.250000
ml,best,368,2026-08-20,3590.054688,10.000000,2223.844727,50.000000,3.000000,-5.000000,555961.187500,277.980591,333576.718750,3419.742676,50.000000,-6.000000,-5.000000,854935.625000,427.467834,-1025922.875000,3612.076172,50.000000,41.000000,45.000000,-8127171.000000,4063.585693,7404756.000000,6712410.000000,-6204539.500000,467887.593750,39982.906250,3807725.250000,3847708.250000
ml,best,368,2026-08-21,3620.303223,10.000000,2223.844727,50.000000,-2.000000,-5.000000,555961.187500,277.980591,-222384.468750,3419.742676,50.000000,-11.000000,-5.000000,854935.625000,427.467834,-1880858.375000,3621.262207,50.000000,11.000000,-30.000000,5431893.500000,2715.946777,1991694.125000,-111548.625000,638250.750000,471308.968750,55393.156250,3807725.250000,3863118.500000
ml,best,368,2026-08-22,3633.828125,10.000000,2223.844727,50.000000,-2.000000,0.000000,-0.000000,0.000000,-222384.468750,3419.742676,50.000000,-11.000000,0.000000,-0.000000,0.000000,-1880858.375000,3652.004395,50.000000,11.000000,0.000000,-0.000000,0.000000,2008602.375000,-94640.375000,638250.750000,471308.968750,72301.406250,3807725.250000,3880026.750000
ml,best,368,2026-08-23,3630.062988,10.000000,2223.844727,50.000000,-2.000000,0.000000,-0.000000,0.000000,-222384.468750,3419.742676,50.000000,-11.000000,0.000000,-0.000000,0.000000,-1880858.375000,3619.385498,50.000000,11.000000,0.000000,-0.000000,0.000000,1990662.125000,-112580.625000,638250.750000,471308.968750,54361.156250,3807725.250000,3862086.500000
ml,best,368,2026-08-24,3595.509277,10.000000,2223.844727,50.000000,-7.000000,-5.000000,555961.187500,277.980591,-778345.625000,3419.742676,50.000000,-16.000000,-5.000000,854935.625000,427.467834,-2735794.250000,3640.100586,50.000000,-19.000000,-30.000000,5460151.000000,2730.075195,-3458095.750000,-6972236.000000,7509298.500000,474744.500000,62318.000000,3807725.250000,3870043.250000
ml,best,368,2026-08-25,3590.801025,10.000000,2223.844727,50.000000,-2.000000,5.000000,-555961.187500,277.980591,-222384.468750,3419.742676,50.000000,-11.000000,5.000000,-854935.625000,427.467834,-1880858.375000,3633.081543,50.000000,-14.000000,5.000000,-908270.437500,454.135162,-2543157.000000,-4646400.000000,5190131.000000,475904.093750,67826.906250,3807725.250000,3875552.250000
ml,best,368,2026-08-26,3601.106201,10.000000,2223.844727,50.000000,-7.000000,-5.000000,555961.187500,277.980591,-778345.625000,3419.742676,50.000000,-6.000000,5.000000,-854935.625000,427.467834,-1025922.875000,3611.903809,50.000000,-9.000000,5.000000,-902976.000000,451.487976,-1625356.750000,-3429625.250000,3988181.000000,477061.000000,81494.750000,3807725.250000,3889220.000000
ml,best,368,2026-08-27,3558.290039,10.000000,2223.844727,50.000000,-2.000000,5.000000,-555961.187500,277.980591,-222384.468750,3419.742676,50.000000,-11.000000,-5.000000,854935.625000,427.467834,-1880858.375000,3570.390625,50.000000,36.000000,45.000000,-8033379.000000,4016.689209,6426703.000000,4323460.000000,-3746223.750000,481783.156250,95453.093750,3807725.250000,3903178.250000
ml,best,368,2026-08-28,3646.228027,10.000000,2223.844727,50.000000,-7.000000,-5.000000,555961.187500,277.980591,-778345.625000,3419.742676,50.000000,-16.000000,-5.000000,854935.625000,427.467834,-2735794.250000,3682.525391,50.000000,6.000000,-30.000000,5523788.500000,2761.893799,1104757.625000,-2409382.500000,3188461.500000,485250.500000,293828.500000,3807725.250000,4101553.750000
ml,best,368,2026-08-29,3619.419678,10.000000,2223.844727,50.000000,-7.000000,0.000000,-0.000000,0.000000,-778345.625000,3419.742676,50.000000,-16.000000,0.000000,-0.000000,0.000000,-2735794.250000,3658.181152,50.000000,6.000000,0.000000,-0.000000,0.000000,1097454.250000,-2416685.750000,3188461.500000,485250.500000,286525.250000,3807725.250000,4094250.500000
ml,best,368,2026-08-30,3649.108398,10.000000,2223.844727,50.000000,-7.000000,0.000000,-0.000000,0.000000,-778345.625000,3419.742676,50.000000,-16.000000,0.000000,-0.000000,0.000000,-2735794.250000,3695.577637,50.000000,6.000000,0.000000,-0.000000,0.000000,1108673.250000,-2405466.750000,3188461.500000,485250.500000,297744.250000,3807725.250000,4105469.500000
ml,best,368,2026-08-31,3624.075439,10.000000,2223.844727,50.000000,-12.000000,-5.000000,555961.187500,277.980591,-1334306.875000,3419.742676,50.000000,-11.000000,5.000000,-854935.625000,427.467834,-1880858.375000,3647.047119,50.000000,6.000000,0.000000,-0.000000,0.000000,1094114.125000,-2121051.000000,2889487.000000,485955.937500,282480.062500,3807725.250000,4090205.250000
ml,best,368,2026-09-01,3596.489990,10.000000,2223.844727,50.000000,-7.000000,5.000000,-555961.187500,277.980591,-778345.625000,3419.742676,50.000000,-16.000000,-5.000000,854935.625000,427.467834,-2735794.250000,3624.174316,50.000000,6.000000,0.000000,-0.000000,0.000000,1087252.375000,-2426887.500000,3188461.500000,486661.406250,274912.593750,3807725.250000,4082637.750000
ml,best,368,2026-09-02,3538.551025,10.000000,2223.844727,50.000000,-12.000000,-5.000000,555961.187500,277.980591,-1334306.875000,3419.742676,50.000000,-11.000000,5.000000,-854935.625000,427.467834,-1880858.375000,3561.278564,50.000000,1.000000,-5.000000,890319.625000,445.159790,178063.921875,-3037101.250000,3779806.750000,487812.000000,254893.500000,3807725.250000,4062618.750000
ml,best,368,2026-09-03,3507.860840,10.000000,2223.844727,50.000000,-7.000000,5.000000,-555961.187500,277.980591,-778345.625000,3419.742676,50.000000,-16.000000,-5.000000,854935.625000,427.467834,-2735794.250000,3585.782959,50.000000,1.000000,0.000000,-0.000000,0.000000,179289.140625,-3334850.750000,4078781.250000,488517.468750,255413.031250,3807725.250000,4063138.250000
ml,best,368,2026-09-04,3492.189697,10.000000,2223.844727,50.000000,-2.000000,5.000000,-555961.187500,277.980591,-222384.468750,3419.742676,50.000000,-11.000000,5.000000,-854935.625000,427.467834,-1880858.375000,3543.721191,50.000000,-4.000000,-5.000000,885930.250000,442.965118,-708744.250000,-2811987.000000,3553814.750000,489665.875000,252161.875000,3807725.250000,4059887.000000
ml,best,368,2026-09-05,3496.485107,10.000000,2223.844727,50.000000,-2.000000,0.000000,-0.000000,0.000000,-222384.468750,3419.742676,50.000000,-11.000000,0.000000,-0.000000,0.000000,-1880858.375000,3524.617188,50.000000,-4.000000,0.000000,-0.000000,0.000000,-704923.437500,-2808166.250000,3553814.750000,489665.875000,255982.625000,3807725.250000,4063708.000000
ml,best,368,2026-09-06,3513.009766,10.000000,2223.844727,50.000000,-2.000000,0.000000,-0.000000,0.000000,-222384.468750,3419.742676,50.000000,-11.000000,0.000000,-0.000000,0.000000,-1880858.375000,3546.322998,50.000000,-4.000000,0.000000,-0.000000,0.000000,-709264.625000,-2812507.500000,3553814.750000,489665.875000,251641.375000,3807725.250000,4059366.500000
ml,best,368,2026-09-07,3559.841064,10.000000,2223.844727,50.000000,-2.000000,0.000000,-0.000000,0.000000,-222384.468750,3419.742676,50.000000,-11.000000,0.000000,-0.000000,0.000000,-1880858.375000,3588.465088,50.000000,-4.000000,0.000000,-0.000000,0.000000,-717693.000000,-2820935.750000,3553814.750000,489665.875000,243213.125000,3807725.250000,4050938.500000
ml,best,368,2026-09-08,3552.617432,10.000000,2223.844727,50.000000,-7.000000,-5.000000,555961.187500,277.980591,-778345.625000,3419.742676,50.000000,-6.000000,5.000000,-854935.625000,427.467834,-1025922.875000,3580.282227,50.000000,-3.000000,1.000000,-179014.109375,89.507057,-537042.312500,-2341310.750000,3075826.250000,490460.812500,244054.687500,3807725.250000,4051780.000000
ml,best,368,2026-09-09,3511.341797,10.000000,2223.844727,50.000000,-12.000000,-5.000000,555961.187500,277.980591,-1334306.875000,3419.742676,50.000000,-11.000000,-5.000000,854935.625000,427.467834,-1880858.375000,3512.217773,50.000000,6.000000,9.000000,-1580498.000000,790.248962,1053665.375000,-2161500.000000,2906225.000000,491956.500000,252768.500000,3807725.250000,4060493.750000
ml,best,368,2026-09-10,3514.313477,10.000000,2223.844727,50.000000,-7.000000,5.000000,-555961.187500,277.980591,-778345.625000,3419.742676,50.000000,-16.000000,-5.000000,854935.625000,427.467834,-2735794.250000,3534.451660,50.000000,-1.000000,-7.000000,1237058.125000,618.528992,-176722.578125,-3690862.500000,4442257.500000,493280.500000,258114.500000,3807725.250000,4065839.750000
ml,best,368,2026-09-11,3522.571289,10.000000,2223.844727,50.000000,-12.000000,-5.000000,555961.187500,277.980591,-1334306.875000,3419.742676,50.000000,-11.000000,5.000000,-854935.625000,427.467834,-1880858.375000,3548.689453,50.000000,-11.000000,-10.000000,1774344.750000,887.172302,-1951779.250000,-5166944.500000,5917628.000000,494873.125000,255810.375000,3807725.250000,4063535.500000
ml,best,368,2026-09-12,3512.674805,10.000000,2223.844727,50.000000,-12.000000,0.000000,-0.000000,0.000000,-1334306.875000,3419.742676,50.000000,-11.000000,0.000000,-0.000000,0.000000,-1880858.375000,3523.850586,50.000000,-11.000000,0.000000,-0.000000,0.000000,-1938117.750000,-5153283.000000,5917628.000000,494873.125000,269471.875000,3807725.250000,4077197.000000
ml,best,368,2026-09-13,3503.330811,10.000000,2223.844727,50.000000,-12.000000,0.000000,-0.000000,0.000000,-1334306.875000,3419.742676,50.000000,-11.000000,0.000000,-0.000000,0.000000,-1880858.375000,3528.495605,50.000000,-11.000000,0.000000,-0.000000,0.000000,-1940672.625000,-5155838.000000,5917628.000000,494873.125000,266916.875000,3807725.250000,4074642.000000
ml,best,368,2026-09-14,3523.810791,10.000000,2223.844727,50.000000,-7.000000,5.000000,-555961.187500,277.980591,-778345.625000,3419.742676,50.000000,-6.000000,5.000000,-854935.625000,427.467834,-1025922.875000,3575.167725,50.000000,-6.000000,5.000000,-893791.875000,446.895935,-1072550.250000,-2876818.750000,3612939.250000,496025.437500,240095.062500,3807725.250000,4047820.250000
ml,best,368,2026-09-15,3510.973633,10.000000,2223.844727,50.000000,-2.000000,5.000000,-555961.187500,277.980591,-222384.468750,3419.742676,50.000000,-11.000000,-5.000000,854935.625000,427.467834,-1880858.375000,3536.171875,50.000000,3.000000,9.000000,-1591277.375000,795.638672,530425.750000,-1572817.000000,2320636.250000,497526.562500,250292.687500,3807725.250000,4058018.000000
ml,best,368,2026-09-16,3582.472168,10.000000,2223.844727,50.000000,-7.000000,-5.000000,555961.187500,277.980591,-778345.625000,3419.742676,50.000000,-16.000000,-5.000000,854935.625000,427.467834,-2735794.250000,3619.717285,50.000000,3.000000,0.000000,-0.000000,0.000000,542957.625000,-2971182.500000,3731533.000000,498232.000000,262118.500000,3807725.250000,4069843.750000
ml,best,368,2026-09-17,3536.759277,10.000000,2223.844727,50.000000,-12.000000,-5.000000,555961.187500,277.980591,-1334306.875000,3419.742676,50.000000,-11.000000,5.000000,-854935.625000,427.467834,-1880858.375000,3528.715088,50.000000,-2.000000,-5.000000,882178.812500,441.089355,-352871.500000,-3568036.750000,4314737.500000,499378.562500,247322.187500,3807725.250000,4055047.500000
ml,best,368,2026-09-18,3518.945068,10.000000,2223.844727,50.000000,-7.000000,5.000000,-555961.187500,277.980591,-778345.625000,3419.742676,50.000000,-16.000000,-5.000000,854935.625000,427.467834,-2735794.250000,3521.235596,50.000000,-10.000000,-8.000000,1408494.250000,704.247070,-1760617.750000,-5274758.000000,6022206.000000,500788.250000,246659.750000,3807725.250000,4054385.000000
ml,best,368,2026-09-19,3502.161621,10.000000,2223.844727,50.000000,-7.000000,0.000000,-0.000000,0.000000,-778345.625000,3419.742676,50.000000,-16.000000,0.000000,-0.000000,0.000000,-2735794.250000,3505.853271,50.000000,-10.000000,0.000000,-0.000000,0.000000,-1752926.500000,-5267066.500000,6022206.000000,500788.250000,254351.250000,3807725.250000,4062076.500000
ml,best,368,2026-09-20,3512.798828,10.000000,2223.844727,50.000000,-7.000000,0.000000,-0.000000,0.000000,-778345.625000,3419.742676,50.000000,-16.000000,0.000000,-0.000000,0.000000,-2735794.250000,3532.318359,50.000000,-10.000000,0.000000,-0.000000,0.000000,-1766159.125000,-5280299.000000,6022206.000000,500788.250000,241118.750000,3807725.250000,4048844.000000
ml,best,368,2026-09-21,3475.600586,10.000000,2223.844727,50.000000,-2.000000,5.000000,-555961.187500,277.980591,-222384.468750,3419.742676,50.000000,-11.000000,5.000000,-854935.625000,427.467834,-1880858.375000,3488.011475,50.000000,35.000000,45.000000,-7848026.000000,3924.012939,6104020.000000,4000777.250000,-3236716.750000,505417.687500,258642.812500,3807725.250000,4066368.000000
ml,best,368,2026-09-22,3387.610596,10.000000,2223.844727,50.000000,-7.000000,-5.000000,555961.187500,277.980591,-778345.625000,3419.742676,50.000000,-16.000000,-5.000000,854935.625000,427.467834,-2735794.250000,3413.358643,50.000000,5.000000,-30.000000,5120038.000000,2560.019043,853339.625000,-2660800.500000,3294218.000000,508683.187500,124734.312500,3807725.250000,3932459.500000
ml,best,368,2026-09-23,3389.452637,10.000000,2223.844727,50.000000,-12.000000,-5.000000,555961.187500,277.980591,-1334306.875000,3419.742676,50.000000,-11.000000,5.000000,-854935.625000,427.467834,-1880858.375000,3410.740967,50.000000,-2.000000,-7.000000,1193759.375000,596.879639,-341074.093750,-3556239.250000,4189003.000000,509985.500000,122778.250000,3807725.250000,3930503.500000
ml,best,368,2026-09-24,3374.342529,10.000000,2223.844727,50.000000,-7.000000,5.000000,-555961.187500,277.980591,-778345.625000,3419.742676,50.000000,-16.000000,-5.000000,854935.625000,427.467834,-2735794.250000,3407.097656,50.000000,-10.000000,-8.000000,1362839.000000,681.419495,-1703548.875000,-5217689.000000,5850816.500000,511372.343750,121755.156250,3807725.250000,3929480.500000
ml,best,368,2026-09-25,3362.155273,10.000000,2223.844727,50.000000,-2.000000,5.000000,-555961.187500,277.980591,-222384.468750,3419.742676,50.000000,-11.000000,5.000000,-854935.625000,427.467834,-1880858.375000,3383.808350,50.000000,-5.000000,5.000000,-845952.062500,422.976044,-845952.062500,-2949194.750000,3593967.500000,512500.812500,132271.937500,3807725.250000,3939997.250000
ml,best,368,2026-09-26,3344.180420,10.000000,2223.844727,50.000000,-2.000000,0.000000,-0.000000,0.000000,-222384.468750,3419.742676,50.000000,-11.000000,0.000000,-0.000000,0.000000,-1880858.375000,3350.205566,50.000000,-5.000000,0.000000,-0.000000,0.000000,-837551.375000,-2940794.000000,3593967.500000,512500.812500,140672.687500,3807725.250000,3948398.000000
ml,best,368,2026-09-27,3342.235352,10.000000,2223.844727,50.000000,-2.000000,0.000000,-0.000000,0.000000,-222384.468750,3419.742676,50.000000,-11.000000,0.000000,-0.000000,0.000000,-1880858.375000,3349.273438,50.000000,-5.000000,0.000000,-0.000000,0.000000,-837318.375000,-2940561.000000,3593967.500000,512500.812500,140905.687500,3807725.250000,3948631.000000
ml,best,368,2026-09-28,3323.619141,10.000000,2223.844727,50.000000,-7.000000,-5.000000,555961.187500,277.980591,-778345.625000,3419.742676,50.000000,-6.000000,5.000000,-854935.625000,427.467834,-1025922.875000,3340.409668,50.000000,4.000000,9.000000,-1503184.375000,751.592163,668081.937500,-1136186.500000,1791808.875000,513957.812500,141664.562500,3807725.250000,3949389.750000
ml,best,368,2026-09-29,3313.880127,10.000000,2223.844727,50.000000,-12.000000,-5.000000,555961.187500,277.980591,-1334306.875000,3419.742676,50.000000,-11.000000,-5.000000,854935.625000,427.467834,-1880858.375000,3327.727295,50.000000,-1.000000,-5.000000,831931.812500,415.965881,-166386.359375,-3381551.500000,4034637.250000,515079.250000,138006.500000,3807725.250000,3945731.750000
ml,best,368,2026-09-30,3282.840088,10.000000,2223.844727,50.000000,-7.000000,5.000000,-555961.187500,277.980591,-778345.625000,3419.742676,50.000000,-16.000000,-5.000000,854935.625000,427.467834,-2735794.250000,3343.748047,50.000000,-3.000000,-2.000000,334374.812500,167.187393,-501562.218750,-4015702.250000,4667986.500000,515951.875000,136332.375000,3807725.250000,3944057.500000
ml,best,368,2026-10-01,3302.821533,10.000000,2223.844727,50.000000,-12.000000,-5.000000,555961.187500,277.980591,-1334306.875000,3419.742676,50.000000,-11.000000,5.000000,-854935.625000,427.467834,-1880858.375000,3339.869141,50.000000,-2.000000,1.000000,-166993.453125,83.496719,-333986.906250,-3549152.250000,4202018.500000,516740.812500,136125.437500,3807725.250000,3943850.750000
ml,best,368,2026-10-02,3328.887939,10.000000,2223.844727,50.000000,-7.000000,5.000000,-555961.187500,277.980591,-778345.625000,3419.742676,50.000000,-16.000000,-5.000000,854935.625000,427.467834,-2735794.250000,3379.045898,50.000000,-12.000000,-10.000000,1689523.000000,844.761475,-2027427.500000,-5541567.500000,6190516.000000,518291.031250,130657.468750,3807725.250000,3938382.750000
ml,best,368,2026-10-03,3326.916992,10.000000,2223.844727,50.000000,-7.000000,0.000000,-0.000000,0.000000,-778345.625000,3419.742676,50.000000,-16.000000,0.000000,-0.000000,0.000000,-2735794.250000,3364.127930,50.000000,-12.000000,0.000000,-0.000000,0.000000,-2018476.750000,-5532617.000000,6190516.000000,518291.031250,139607.968750,3807725.250000,3947333.250000
ml,best,368,2026-10-04,3272.474854,10.000000,2223.844727,50.000000,-7.000000,0.000000,-0.000000,0.000000,-778345.625000,3419.742676,50.000000,-16.000000,0.000000,-0.000000,0.000000,-2735794.250000,3288.453613,50.000000,-12.000000,0.000000,-0.000000,0.000000,-1973072.250000,-5487212.000000,6190516.000000,518291.031250,185012.968750,3807725.250000,3992738.250000
ml,best,368,2026-10-05,3240.085449,10.000000,2223.844727,50.000000,-2.000000,5.000000,-555961.187500,277.980591,-222384.468750,3419.742676,50.000000,-11.000000,5.000000,-854935.625000,427.467834,-1880858.375000,3257.560791,50.000000,-7.000000,5.000000,-814390.187500,407.195129,-1140146.250000,-3243389.000000,3965229.250000,519403.687500,202436.562500,3807725.250000,4010161.750000
ml,best,368,2026-10-06,3197.515381,10.000000,2223.844727,50.000000,-7.000000,-5.000000,555961.187500,277.980591,-778345.625000,3419.742676,50.000000,-6.000000,5.000000,-854935.625000,427.467834,-1025922.875000,3206.226807,50.000000,2.000000,9.000000,-1442802.000000,721.401001,320622.687500,-1483645.750000,2223453.000000,520830.531250,218976.718750,3807725.250000,4026702.000000
ml,best,368,2026-10-07,3138.661865,10.000000,2223.844727,50.000000,-2.000000,5.000000,-555961.187500,277.980591,-222384.468750,3419.742676,50.000000,-1.000000,5.000000,-854935.625000,427.467834,-170987.140625,3128.302002,50.000000,-3.000000,-5.000000,782075.500000,391.037750,-469245.312500,-862616.937500,1594631.500000,521927.000000,210087.562500,3807725.250000,4017812.750000
ml,best,368,2026-10-08,3112.817383,10.000000,2223.844727,50.000000,-7.000000,-5.000000,555961.187500,277.980591,-778345.625000,3419.742676,50.000000,-6.000000,-5.000000,854935.625000,427.467834,-1025922.875000,3109.672852,50.000000,6.000000,9.000000,-1399352.750000,699.676331,932901.875000,-871366.625000,1606175.625000,523332.125000,211476.875000,3807725.250000,4019202.000000
ml,best,368,2026-10-09,3122.167725,10.000000,2223.844727,50.000000,-2.000000,5.000000,-555961.187500,277.980591,-222384.468750,3419.742676,50.000000,-1.000000,5.000000,-854935.625000,427.467834,-170987.140625,3119.672363,50.000000,-1.000000,-7.000000,1091885.375000,545.942688,-155983.625000,-549355.250000,1287164.125000,524583.500000,213225.375000,3807725.250000,4020950.500000
ml,best,368,2026-10-10,3174.763184,10.000000,2223.844727,50.000000,-2.000000,0.000000,-0.000000,0.000000,-222384.468750,3419.742676,50.000000,-1.000000,0.000000,-0.000000,0.000000,-170987.140625,3189.298340,50.000000,-1.000000,0.000000,-0.000000,0.000000,-159464.921875,-552836.562500,1287164.125000,524583.500000,209744.062500,3807725.250000,4017469.250000
ml,best,368,2026-10-11,3168.362793,10.000000,2223.844727,50.000000,-2.000000,0.000000,-0.000000,0.000000,-222384.468750,3419.742676,50.000000,-1.000000,0.000000,-0.000000,0.000000,-170987.140625,3150.158203,50.000000,-1.000000,0.000000,-0.000000,0.000000,-157507.906250,-550879.500000,1287164.125000,524583.500000,211701.125000,3807725.250000,4019426.500000
ml,best,368,2026-10-12,3182.930176,10.000000,2223.844727,50.000000,-2.000000,0.000000,-0.000000,0.000000,-222384.468750,3419.742676,50.000000,-1.000000,0.000000,-0.000000,0.000000,-170987.140625,3211.598389,50.000000,-1.000000,0.000000,-0.000000,0.000000,-160579.921875,-553951.562500,1287164.125000,524583.500000,208629.062500,3807725.250000,4016354.250000
ml,best,368,2026-10-13,3169.181885,10.000000,2223.844727,50.000000,-7.000000,-5.000000,555961.187500,277.980591,-778345.625000,3419.742676,50.000000,-6.000000,-5.000000,854935.625000,427.467834,-1025922.875000,3190.284180,50.000000,-3.000000,-2.000000,319028.406250,159.514191,-478542.625000,-2282811.000000,3017089.500000,525448.500000,208830.000000,3807725.250000,4016555.250000
ml,best,368,2026-10-14,3150.150146,10.000000,2223.844727,50.000000,-2.000000,5.000000,-555961.187500,277.980591,-222384.468750,3419.742676,50.000000,-1.000000,5.000000,-854935.625000,427.467834,-170987.140625,3179.952637,50.000000,6.000000,9.000000,-1430978.750000,715.489258,953985.750000,560614.125000,175213.781250,526869.437500,208958.437500,3807725.250000,4016683.750000
ml,best,368,2026-10-15,3149.615234,10.000000,2223.844727,50.000000,-7.000000,-5.000000,555961.187500,277.980591,-778345.625000,3419.742676,50.000000,-6.000000,-5.000000,854935.625000,427.467834,-1025922.875000,3169.673096,50.000000,1.000000,-5.000000,792418.250000,396.209106,158483.656250,-1645784.875000,2378529.000000,527971.125000,204773.000000,3807725.250000,4012498.250000
ml,best,368,2026-10-16,3238.787842,10.000000,2223.844727,50.000000,-2.000000,5.000000,-555961.187500,277.980591,-222384.468750,3419.742676,50.000000,-1.000000,5.000000,-854935.625000,427.467834,-170987.140625,3255.122314,50.000000,-4.000000,-5.000000,813780.562500,406.890259,-651024.437500,-1044396.062500,1781412.625000,529083.437500,207933.125000,3807725.250000,4015658.500000
ml,best,368,2026-10-17,3244.250244,10.000000,2223.844727,50.000000,-2.000000,0.000000,-0.000000,0.000000,-222384.468750,3419.742676,50.000000,-1.000000,0.000000,-0.000000,0.000000,-170987.140625,3255.584717,50.000000,-4.000000,0.000000,-0.000000,0.000000,-651116.937500,-1044488.562500,1781412.625000,529083.437500,207840.625000,3807725.250000,4015566.000000
ml,best,368,2026-10-18,3192.957031,10.000000,2223.844727,50.000000,-2.000000,0.000000,-0.000000,0.000000,-222384.468750,3419.742676,50.000000,-1.000000,0.000000,-0.000000,0.000000,-170987.140625,3220.451172,50.000000,-4.000000,0.000000,-0.000000,0.000000,-644090.250000,-1037461.875000,1781412.625000,529083.437500,214867.312500,3807725.250000,4022592.500000
ml,best,368,2026-10-19,3193.800537,10.000000,2223.844727,50.000000,3.000000,5.000000,-555961.187500,277.980591,333576.718750,3419.742676,50.000000,4.000000,5.000000,-854935.625000,427.467834,683948.562500,3199.700928,50.000000,5.000000,9.000000,-1439865.375000,719.932739,799925.250000,1817450.500000,-1069349.625000,530508.812500,217592.062500,3807725.250000,4025317.250000
ml,best,368,2026-10-20,3187.602295,10.000000,2223.844727,50.000000,-2.000000,-5.000000,555961.187500,277.980591,-222384.468750,3419.742676,50.000000,-1.000000,-5.000000,854935.625000,427.467834,-170987.140625,3190.263672,50.000000,0.000000,-5.000000,797565.937500,398.782959,0.000000,-393371.625000,1139113.125000,531613.000000,214128.500000,3807725.250000,4021853.750000
ml,best,368,2026-10-21,3116.676025,10.000000,2223.844727,50.000000,-7.000000,-5.000000,555961.187500,277.980591,-778345.625000,3419.742676,50.000000,-6.000000,-5.000000,854935.625000,427.467834,-1025922.875000,3096.246582,50.000000,-2.000000,-2.000000,309624.656250,154.812317,-309624.656250,-2113893.250000,2859634.750000,532473.312500,213268.187500,3807725.250000,4020993.500000
ml,best,368,2026-10-22,3131.456543,10.000000,2223.844727,50.000000,-2.000000,5.000000,-555961.187500,277.980591,-222384.468750,3419.742676,50.000000,-1.000000,5.000000,-854935.625000,427.467834,-170987.140625,3134.762207,50.000000,7.000000,9.000000,-1410643.000000,705.321533,1097166.750000,703795.125000,38094.812500,533884.062500,208005.875000,3807725.250000,4015731.000000
ml,best,368,2026-10-23,3133.825439,10.000000,2223.844727,50.000000,3.000000,5.000000,-555961.187500,277.980591,333576.718750,3419.742676,50.000000,-6.000000,-5.000000,854935.625000,427.467834,-1025922.875000,3134.383057,50.000000,8.000000,1.000000,-156719.156250,78.359573,1253753.250000,561407.125000,180350.125000,534667.875000,207089.375000,3807725.250000,4014814.500000
ml,best,368,2026-10-24,3150.198242,10.000000,2223.844727,50.000000,3.000000,0.000000,-0.000000,0.000000,333576.718750,3419.742676,50.000000,-6.000000,0.000000,-0.000000,0.000000,-1025922.875000,3148.732910,50.000000,8.000000,0.000000,-0.000000,0.000000,1259493.125000,567147.000000,180350.125000,534667.875000,212829.250000,3807725.250000,4020554.500000
ml,best,368,2026-10-25,3247.051514,10.000000,2223.844727,50.000000,3.000000,0.000000,-0.000000,0.000000,333576.718750,3419.742676,50.000000,-6.000000,0.000000,-0.000000,0.000000,-1025922.875000,3259.284912,50.000000,8.000000,0.000000,-0.000000,0.000000,1303714.000000,611367.875000,180350.125000,534667.875000,257050.125000,3807725.250000,4064775.500000
ml,best,368,2026-10-26,3350.973877,10.000000,2223.844727,50.000000,-2.000000,-5.000000,555961.187500,277.980591,-222384.468750,3419.742676,50.000000,-1.000000,5.000000,-854935.625000,427.467834,-170987.140625,3358.729004,50.000000,0.000000,-8.000000,1343491.625000,671.745789,0.000000,-393371.625000,1224867.250000,536045.125000,295450.500000,3807725.250000,4103175.750000
ml,best,368,2026-10-27,3276.896973,10.000000,2223.844727,50.000000,3.000000,5.000000,-555961.187500,277.980591,333576.718750,3419.742676,50.000000,4.000000,5.000000,-854935.625000,427.467834,683948.562500,3268.185791,50.000000,1.000000,1.000000,-163409.296875,81.704651,163409.296875,1180934.500000,-349438.875000,536832.187500,294663.437500,3807725.250000,4102388.750000
ml,best,368,2026-10-28,3280.402100,10.000000,2223.844727,50.000000,8.000000,5.000000,-555961.187500,277.980591,889537.875000,3419.742676,50.000000,10.000000,6.000000,-1025922.875000,512.961426,1709871.250000,3287.262207,50.000000,2.000000,1.000000,-164363.109375,82.181557,328726.218750,2928135.250000,-2095686.125000,537705.375000,294743.750000,3807725.250000,4102469.000000
ml,best,368,2026-10-29,3273.520508,10.000000,2223.844727,50.000000,0.000000,-8.000000,889537.875000,444.768951,0.000000,3419.742676,50.000000,0.000000,-10.000000,1709871.250000,854.935669,0.000000,3284.798096,50.000000,0.000000,-2.000000,328479.812500,164.239899,0.000000,0.000000,832202.875000,539169.312500,293033.562500,3807725.250000,4100758.750000
ml,best,368,2026-10-30,3285.489746,10.000000,2223.844727,50.000000,0.000000,0.000000,-0.000000,0.000000,0.000000,3419.742676,50.000000,0.000000,0.000000,-0.000000,0.000000,0.000000,3284.798096,50.000000,0.000000,0.000000,-0.000000,0.000000,0.000000,0.000000,832202.875000,539169.312500,293033.562500,3807725.250000,4100758.750000
ml,mean,-1,2026-04-10,2055.000244,10.000000,2026.171753,50.000000,-2.000000,-2.000000,202617.156250,101.308586,-202617.156250,2047.068481,50.000000,-15.000000,-15.000000,1535301.875000,767.650757,-1535301.875000,2070.749756,50.000000,-15.000000,-15.000000,1553062.125000,776.531189,-1553062.125000,-3290980.250000,3290980.250000,1645.490356,-1645.490356,4854.180176,3208.691162
ml,mean,-1,2026-04-11,2054.335938,10.000000,2044.938721,50.000000,-2.000000,0.000000,0.000000,0.000000,-204493.843750,2065.900146,50.000000,-15.000000,0.000000,0.000000,0.000000,-1549425.125000,2089.521973,50.000000,-15.000000,0.000000,0.000000,0.000000,-1567141.625000,-3321060.500000,3290980.250000,1645.490356,-31724.992188,3187.984131,-28537.009766
ml,mean,-1,2026-04-12,2054.470703,10.000000,2052.451416,50.000000,-2.000000,0.000000,0.000000,0.000000,-205245.140625,2073.425293,50.000000,-15.000000,0.000000,0.000000,0.000000,-1555068.875000,2096.919434,50.000000,-15.000000,0.000000,0.000000,0.000000,-1572689.500000,-3333003.500000,3290980.250000,1645.490356,-43668.015625,3543.687988,-40124.324219
ml,mean,-1,2026-04-13,2054.145996,10.000000,2054.524902,50.000000,-10.566406,-8.566406,886613.062500,443.306549,-1092065.625000,2075.344727,50.000000,4.804688,19.804688,-2021133.625000,1275.406006,464624.906250,2098.625000,50.000000,29.853516,44.853516,-4705361.000000,2354.334961,3131392.500000,2503952.000000,-2548900.750000,5718.538574,-50667.527344,2912.308105,-47755.214844
ml,mean,-1,2026-04-14,2054.384766,10.000000,2056.877441,50.000000,7.265625,17.832031,-1821232.250000,1203.435791,728736.000000,2077.683350,50.000000,-0.620117,-5.424805,560307.937500,741.529541,-90352.890625,2100.823242,50.000000,11.796875,-18.056641,1891600.875000,960.427307,1243382.000000,1881765.250000,-1918224.500000,8623.931641,-45083.164062,7834.154785,-37249.007812
ml,mean,-1,2026-04-15,2054.309570,10.000000,2056.830811,50.000000,10.763672,3.498047,-346978.937500,1087.670898,1076933.625000,2077.617676,50.000000,2.472656,3.092773,-341833.750000,1282.242920,254049.906250,2100.643311,50.000000,-5.014648,-16.811523,1765857.250000,887.193115,-523387.625000,807595.875000,-841180.000000,11881.038086,-45465.164062,11973.058594,-33492.101562
ml,mean,-1,2026-04-16,2054.539307,10.000000,2056.709229,50.000000,0.513672,-10.250000,1049067.375000,979.622192,30627.750000,2077.408203,50.000000,2.307617,-0.165039,14368.294922,1011.487427,241437.343750,2100.278076,50.000000,3.491211,8.505859,-881913.000000,1061.772095,358461.968750,630527.062500,-659657.375000,14933.917969,-44064.183594,16761.013672,-27303.167969
ml,mean,-1,2026-04-17,2054.618896,10.000000,2056.806641,50.000000,3.576172,3.062500,-333249.937500,1182.342041,365636.562500,2077.422119,50.000000,1.280273,-1.027344,112571.921875,1029.964722,129286.359375,2100.125977,50.000000,9.193359,5.702148,-619998.625000,1267.808472,978523.625000,1473446.625000,-1500334.000000,18414.035156,-45301.429688,21162.986328,-24138.441406
ml,mean,-1,2026-04-18,2054.872314,10.000000,2057.426758,50.000000,3.576172,0.000000,0.000000,0.000000,364712.437500,2077.897949,50.000000,1.280273,0.000000,0.000000,0.000000,128355.609375,2100.446533,50.000000,9.193359,0.000000,0.000000,0.000000,976863.312500,1469931.375000,-1500334.000000,18414.035156,-48816.726562,26190.808594,-22625.917969
ml,mean,-1,2026-04-19,2056.841309,10.000000,2059.185303,50.000000,3.576172,0.000000,0.000000,0.000000,364393.312500,2079.624756,50.000000,1.280273,0.000000,0.000000,0.000000,129080.484375,2102.054443,50.000000,9.193359,0.000000,0.000000,0.000000,978308.125000,1471781.750000,-1500334.000000,18414.035156,-46966.171875,35362.773438,-11603.400391
ml,mean,-1,2026-04-20,2057.156982,10.000000,2059.033447,50.000000,6.488281,2.912109,-293698.093750,1069.618652,658232.875000,2079.404541,50.000000,7.809570,6.529297,-677754.687500,1198.536499,807129.375000,2101.701904,50.000000,7.761719,-1.431641,160713.312500,1218.673950,817219.312500,2282581.500000,-2311073.500000,21900.863281,-50392.851562,40511.304688,-9881.550781
ml,mean,-1,2026-04-21,2058.063721,10.000000,2059.722656,50.000000,8.208008,1.719727,-177171.750000,1053.663330,837803.500000,2080.014648,50.000000,8.648438,0.838867,-80047.835938,1134.039429,887942.812500,2102.224365,50.000000,5.713867,-2.047852,223233.703125,1096.324219,594048.937500,2319795.250000,-2345059.250000,25184.888672,-50448.933594,47169.347656,-3279.582520
ml,mean,-1,2026-04-22,2059.640381,10.000000,2061.058838,50.000000,8.141602,-0.066406,2442.630859,1089.105469,836114.000000,2081.266602,50.000000,5.532227,-3.116211,314751.187500,1081.329590,575932.000000,2103.344482,50.000000,3.907227,-1.806641,182493.859375,1084.799927,411568.375000,1823614.250000,-1845371.625000,28440.125000,-50197.472656,55541.292969,5343.816406
ml,mean,-1,2026-04-23,2060.014893,10.000000,2060.426025,50.000000,6.060547,-2.081055,217953.468750,1040.073364,618129.562500,2080.623779,50.000000,5.889648,0.357422,-32319.644531,1158.766602,608758.562500,2102.653320,50.000000,7.941406,4.034180,-423845.843750,1286.383545,835404.812500,2062293.000000,-2083583.625000,31925.349609,-53216.054688,60645.101562,7429.049805
ml,mean,-1,2026-04-24,2060.026855,10.000000,2061.040283,50.000000,6.878906,0.818359,-79846.359375,1063.804443,698603.625000,2081.216309,50.000000,8.076172,2.186523,-226439.687500,1205.039429,835489.625000,2103.174316,50.000000,9.945312,2.003906,-213414.656250,1262.328857,1048770.750000,2582863.750000,-2603284.500000,35456.523438,-55876.902344,65208.121094,9331.224609
ml,mean,-1,2026-04-25,2061.520508,10.000000,2061.377441,50.000000,6.878906,0.000000,0.000000,0.000000,698862.562500,2081.463379,50.000000,8.076172,0.000000,0.000000,0.000000,836687.937500,2103.258057,50.000000,9.945312,0.000000,0.000000,0.000000,1049880.875000,2585431.500000,-2603284.500000,35456.523438,-53309.589844,73149.250000,19839.654297
ml,mean,-1,2026-04-26,2061.566650,10.000000,2062.661133,50.000000,6.878906,0.000000,0.000000,0.000000,698289.312500,2082.691895,50.000000,8.076172,0.000000,0.000000,0.000000,837089.937500,2104.430908,50.000000,9.945312,0.000000,0.000000,0.000000,1049797.375000,2585176.500000,-2603284.500000,35456.523438,-53564.289062,77675.085938,24110.796875
ml,mean,-1,2026-04-27,2061.535400,10.000000,2062.308838,50.000000,5.340820,-1.538086,158707.421875,1064.058472,538488.125000,2082.352783,50.000000,7.938477,-0.137695,20281.257812,1178.595337,816737.937500,2104.028809,50.000000,6.654297,-3.291016,354818.437500,1190.104980,695370.500000,2050596.500000,-2069477.500000,38889.281250,-57770.074219,81884.671875,24114.603516
ml,mean,-1,2026-04-28,2060.801514,10.000000,2061.678223,50.000000,6.869141,1.528320,-162585.609375,1099.203247,701198.500000,2081.614502,50.000000,8.376953,0.438477,-49439.000000,1156.368652,867358.062500,2103.153076,50.000000,6.113281,-0.541016,59148.691406,1190.479736,635588.125000,2204144.750000,-2222353.250000,42335.328125,-60543.796875,84238.382812,23694.589844
ml,mean,-1,2026-04-29,2060.460205,10.000000,2060.172119,50.000000,-0.821289,-7.690430,787128.125000,471.322693,-86262.835938,2080.032227,50.000000,6.574219,-1.802734,176766.437500,1352.392334,688168.937500,2101.499756,50.000000,6.995117,0.881836,-99504.640625,1488.287964,735562.500000,1337468.500000,-1357963.375000,45647.335938,-66142.132812,87732.398438,21590.269531
ml,mean,-1,2026-04-30,2060.913574,10.000000,2060.172119,50.000000,-4.790039,-3.968750,408503.781250,327.479065,-494766.656250,2080.809326,50.000000,7.784180,1.209961,-121489.250000,1352.207275,811343.937500,2102.241943,50.000000,7.707031,0.711914,-76164.953125,1555.714111,812622.500000,1129199.875000,-1147113.750000,48882.734375,-66796.640625,87907.125000,21110.488281
ml,mean,-1,2026-05-01,2060.985352,10.000000,2060.172119,50.000000,-6.791992,-2.001953,206275.218750,379.986237,-701041.875000,2080.526367,50.000000,6.466797,-1.317383,152885.171875,1357.845825,657986.250000,2101.949463,50.000000,6.442383,-1.264648,142257.656250,1519.526855,670876.375000,627820.750000,-645695.625000,52140.101562,-70014.960938,87194.781250,17179.818359
ml,mean,-1,2026-05-02,2061.996826,10.000000,2060.172119,50.000000,-6.791992,0.000000,0.000000,0.000000,-701041.875000,2081.818359,50.000000,6.466797,0.000000,0.000000,0.000000,658791.687500,2103.236572,50.000000,6.442383,0.000000,0.000000,0.000000,669282.937500,627032.687500,-645695.625000,52140.101562,-70803.015625,89123.640625,18320.625000
ml,mean,-1,2026-05-03,2061.772949,10.000000,2060.172119,50.000000,-6.791992,0.000000,0.000000,0.000000,-701041.875000,2080.757812,50.000000,6.466797,0.000000,0.000000,0.000000,659804.687500,2102.046631,50.000000,6.442383,0.000000,0.000000,0.000000,669819.875000,628582.687500,-645695.625000,52140.101562,-69253.007812,87795.453125,18542.443359
ml,mean,-1,2026-05-04,2062.498047,10.000000,2060.172119,50.000000,-7.990234,-1.198242,115815.046875,419.308899,-816856.875000,2080.651367,50.000000,7.909180,1.442383,-160971.234375,1397.094482,820493.187500,2101.877197,50.000000,8.298828,1.856445,-199155.437500,1546.794556,869188.250000,872824.500000,-890007.375000,55503.296875,-72686.164062,88563.828125,15877.664062
ml,mean,-1,2026-05-05,2063.635498,10.000000,2060.172119,50.000000,-9.364258,-1.374023,142444.828125,404.403259,-959301.750000,2081.843018,50.000000,6.504883,-1.404297,143419.687500,1348.634644,679013.750000,2102.996582,50.000000,8.152344,-0.146484,7788.773438,1551.315308,861481.937500,581193.937500,-596354.062500,58807.648438,-73967.789062,90440.062500,16472.277344
ml,mean,-1,2026-05-06,2064.204346,10.000000,2060.172119,50.000000,-10.263672,-0.899414,92022.140625,427.705627,-1051323.875000,2082.711426,50.000000,5.935547,-0.569336,69785.117188,1358.632324,609431.062500,2103.753906,50.000000,6.997070,-1.155273,127443.101562,1512.886353,734243.687500,292350.812500,-307103.718750,62106.875000,-76859.757812,91081.585938,14221.820312
ml,mean,-1,2026-05-07,2065.369141,10.000000,2060.172119,50.000000,-12.532227,-2.268555,232424.156250,377.898560,-1283748.125000,2083.945557,50.000000,7.340820,1.405273,-156298.562500,1404.223022,766619.250000,2105.020996,50.000000,7.419922,0.422852,-42997.906250,1537.278320,777924.562500,260795.781250,-273976.000000,65426.273438,-78606.523438,93134.960938,14528.431641
ml,mean,-1,2026-05-08,2065.914062,10.000000,2060.172119,50.000000,-13.038086,-0.505859,52903.761719,445.619598,-1336651.875000,2083.324707,50.000000,6.217773,-1.123047,127612.718750,1366.394043,640970.750000,2104.324219,50.000000,7.372070,-0.047852,-5126.199219,1560.938721,780931.625000,85250.460938,-98585.750000,68799.226562,-82134.500000,93432.210938,11297.716797
ml,mean,-1,2026-05-09,2067.594727,10.000000,2060.172119,50.000000,-13.038086,0.000000,0.000000,0.000000,-1336651.875000,2084.428955,50.000000,6.217773,0.000000,0.000000,0.000000,640781.875000,2105.429688,50.000000,7.372070,0.000000,0.000000,0.000000,781010.250000,85140.281250,-98585.750000,68799.226562,-82244.671875,96735.976562,14491.311523
ml,mean,-1,2026-05-10,2068.429199,10.000000,2060.172119,50.000000,-13.038086,0.000000,0.000000,0.000000,-1336651.875000,2085.407715,50.000000,6.217773,0.000000,0.000000,0.000000,641872.312500,2106.413574,50.000000,7.372070,0.000000,0.000000,0.000000,782281.687500,87502.109375,-98585.750000,68799.226562,-79882.843750,97794.554688,17911.712891
ml,mean,-1,2026-05-11,2068.085938,10.000000,2060.172119,50.000000,-13.204102,-0.166016,17889.279297,459.790100,-1354541.000000,2084.901367,50.000000,6.223633,0.005859,-5690.757812,1405.428955,647117.187500,2105.840088,50.000000,8.184570,0.812500,-69123.945312,1554.599854,851926.500000,144502.609375,-155511.187500,72219.046875,-83227.648438,96024.398438,12796.754883
ml,mean,-1,2026-05-12,2068.893066,10.000000,2060.172119,50.000000,-12.380859,0.823242,-77407.640625,493.897156,-1277133.500000,2084.792969,50.000000,6.407227,0.183594,-10908.076172,1403.897339,657525.750000,2108.065430,50.000000,8.151367,-0.033203,-11217.148438,1569.690674,863116.000000,243508.281250,-255044.015625,75686.531250,-87222.304688,97142.750000,9920.453125
ml,mean,-1,2026-05-13,2069.015625,10.000000,2060.172119,50.000000,-11.599609,0.781250,-78266.570312,504.681732,-1198866.875000,2084.014160,50.000000,7.245117,0.837891,-88634.695312,1412.398438,747712.000000,2107.198975,50.000000,6.559570,-1.591797,177533.453125,1530.979248,686178.250000,235023.296875,-244411.859375,79134.585938,-88523.140625,96629.031250,8105.876953
ml,mean,-1,2026-05-14,2070.552490,10.000000,2060.172119,50.000000,-9.184570,2.415039,-250272.968750,574.530762,-948593.937500,2085.388428,50.000000,6.630859,-0.614258,60455.195312,1405.401978,688494.625000,2108.495361,50.000000,7.807617,1.248047,-136246.687500,1556.247314,823409.875000,563310.562500,-570476.312500,82670.773438,-89836.562500,99426.945312,9590.383789
ml,mean,-1,2026-05-15,2071.031494,10.000000,2060.172119,50.000000,-8.909180,0.275391,-31352.550781,478.284607,-917241.375000,2086.235840,50.000000,7.326172,0.695312,-69275.210938,1398.064209,758405.812500,2109.224121,50.000000,8.553711,0.746094,-79128.375000,1571.463623,902483.875000,743648.250000,-750232.500000,86118.578125,-92702.796875,99616.367188,6913.567383
ml,mean,-1,2026-05-16,2069.833496,10.000000,2060.172119,50.000000,-8.909180,0.000000,0.000000,0.000000,-917241.375000,2084.785156,50.000000,7.326172,0.000000,0.000000,0.000000,758208.875000,2107.743896,50.000000,8.553711,0.000000,0.000000,0.000000,901365.250000,742332.687500,-750232.500000,86118.578125,-94018.289062,95872.343750,1854.060425
ml,mean,-1,2026-05-17,2070.027832,10.000000,2060.172119,50.000000,-8.909180,0.000000,0.000000,0.000000,-917241.375000,2084.609863,50.000000,7.326172,0.000000,0.000000,0.000000,758316.562500,2107.560791,50.000000,8.553711,0.000000,0.000000,0.000000,900963.875000,742039.062500,-750232.500000,86118.578125,-94312.000000,95469.265625,1157.283081
ml,mean,-1,2026-05-18,2070.402832,10.000000,2060.172119,50.000000,-8.154297,0.754883,-85265.156250,503.651917,-831976.187500,2084.463867,50.000000,7.506836,0.180664,-19855.017578,1391.549194,778409.000000,2107.372559,50.000000,7.405273,-1.148438,127436.125000,1550.686523,773670.125000,720103.000000,-727916.562500,89564.460938,-97377.976562,95380.414062,-1997.555176
ml,mean,-1,2026-05-19,2070.309570,10.000000,2060.172119,50.000000,-9.264648,-1.110352,113457.718750,417.256134,-945433.937500,2084.461914,50.000000,6.878906,-0.627930,69730.148438,1385.239502,709374.500000,2107.304688,50.000000,7.818359,0.413086,-56762.234375,1612.611694,830908.875000,594849.437500,-601490.812500,92979.570312,-99620.968750,94093.515625,-5527.458984
ml,mean,-1,2026-05-20,2069.921143,10.000000,2060.172119,50.000000,-9.864258,-0.599609,63162.359375,439.698425,-1008596.312500,2084.121338,50.000000,7.340820,0.461914,-53317.406250,1412.943970,762519.437500,2106.892090,50.000000,8.275391,0.457031,-39130.550781,1604.429565,869568.187500,623491.250000,-630776.437500,96436.656250,-103721.851562,92145.023438,-11576.835938
ml,mean,-1,2026-05-21,2070.716309,10.000000,2060.172119,50.000000,-12.111328,-2.247070,232423.812500,376.598969,-1241020.125000,2085.260986,50.000000,6.272461,-1.068359,116537.125000,1376.363281,646417.375000,2108.041016,50.000000,6.817383,-1.458008,144791.421875,1548.623779,725576.000000,130973.273438,-137024.078125,99738.226562,-105789.031250,93154.484375,-12634.533203
ml,mean,-1,2026-05-22,2072.869629,10.000000,2060.172119,50.000000,-11.752930,0.358398,-36677.574219,487.778381,-1204342.500000,2087.928223,50.000000,7.564453,1.291992,-145863.375000,1433.461670,793479.812500,2110.634521,50.000000,8.166992,1.349609,-133439.156250,1578.520386,860994.250000,450131.437500,-453004.156250,103237.992188,-106110.703125,97545.187500,-8565.513672
ml,mean,-1,2026-05-23,2073.804932,10.000000,2060.172119,50.000000,-11.752930,0.000000,0.000000,0.000000,-1204342.500000,2087.693604,50.000000,7.564453,0.000000,0.000000,0.000000,793899.625000,2110.406738,50.000000,8.166992,0.000000,0.000000,0.000000,860820.875000,450378.000000,-453004.156250,103237.992188,-105864.117188,98873.804688,-6990.307617
ml,mean,-1,2026-05-24,2074.571777,10.000000,2060.172119,50.000000,-11.752930,0.000000,0.000000,0.000000,-1204342.500000,2088.413086,50.000000,7.564453,0.000000,0.000000,0.000000,793531.187500,2111.130127,50.000000,8.166992,0.000000,0.000000,0.000000,860883.937500,450072.500000,-453004.156250,103237.992188,-106169.648438,99700.484375,-6469.165527
ml,mean,-1,2026-05-25,2074.482910,10.000000,2060.172119,50.000000,-11.752930,0.000000,0.000000,0.000000,-1204342.500000,2088.281250,50.000000,7.564453,0.000000,0.000000,0.000000,794215.875000,2110.924316,50.000000,8.166992,0.000000,0.000000,0.000000,860848.500000,450721.812500,-453004.156250,103237.992188,-105520.335938,98551.656250,-6968.674805
ml,mean,-1,2026-05-26,2074.308350,10.000000,2060.172119,50.000000,-11.620117,0.132812,-10524.728516,471.788879,-1193817.750000,2087.650635,50.000000,6.618164,-0.946289,105968.937500,1392.665649,689126.937500,2110.273682,50.000000,7.912109,-0.254883,30746.806641,1626.196289,829461.875000,324771.031250,-326813.125000,106728.640625,-108770.718750,97288.617188,-11482.093750
ml,mean,-1,2026-05-27,2075.546143,10.000000,2060.172119,50.000000,-11.588867,0.031250,-429.451172,463.969421,-1193388.375000,2088.086914,50.000000,7.059570,0.441406,-48810.890625,1434.690796,738489.750000,2110.564453,50.000000,7.492188,-0.419922,48298.906250,1628.259888,780647.375000,325748.687500,-327754.593750,110255.554688,-112261.453125,99359.718750,-12901.730469
ml,mean,-1,2026-05-28,2075.752930,10.000000,2060.172119,50.000000,-9.571289,2.017578,-203315.250000,547.022034,-990073.125000,2088.302734,50.000000,7.894531,0.834961,-77229.421875,1469.312744,816031.500000,2110.686279,50.000000,8.926758,1.434570,-160979.875000,1642.563477,942215.062500,768173.562500,-769279.187500,113914.460938,-115020.062500,98893.031250,-16127.039062
ml,mean,-1,2026-05-29,2075.441895,10.000000,2060.172119,50.000000,-8.245117,1.326172,-138322.859375,523.950806,-851750.312500,2087.711670,50.000000,6.970703,-0.923828,90343.648438,1436.048340,724255.437500,2109.959473,50.000000,7.624023,-1.302734,141089.265625,1630.610718,802321.812500,674827.000000,-676169.062500,117505.070312,-118847.226562,97355.875000,-21491.351562
ml,mean,-1,2026-05-30,2076.009766,10.000000,2060.172119,50.000000,-8.245117,0.000000,0.000000,0.000000,-851750.312500,2088.498291,50.000000,6.970703,0.000000,0.000000,0.000000,723812.625000,2110.613770,50.000000,7.624023,0.000000,0.000000,0.000000,804151.625000,676213.937500,-676169.062500,117505.070312,-117460.250000,97799.414062,-19660.828125
ml,mean,-1,2026-05-31,2076.327637,10.000000,2060.172119,50.000000,-8.245117,0.000000,0.000000,0.000000,-851750.312500,2087.668945,50.000000,6.970703,0.000000,0.000000,0.000000,724117.500000,2109.769531,50.000000,7.624023,0.000000,0.000000,0.000000,802289.812500,674657.000000,-676169.062500,117505.070312,-119017.210938,97653.578125,-21363.621094
ml,mean,-1,2026-06-01,2077.110352,10.000000,2060.172119,50.000000,-8.377930,-0.132812,9396.395508,465.590790,-861146.625000,2089.135742,50.000000,8.668945,1.698242,-180443.640625,1501.054321,905662.437500,2111.115234,50.000000,8.092773,0.468750,-41201.828125,1633.035034,844740.250000,889256.000000,-888418.187500,121104.750000,-120266.984375,98713.890625,-21553.085938
ml,mean,-1,2026-06-02,2077.506836,10.000000,2060.172119,50.000000,-7.827148,0.550781,-61447.835938,498.148468,-799698.875000,2089.034180,50.000000,7.213867,-1.455078,155220.484375,1458.728149,750241.812500,2110.920898,50.000000,7.925781,-0.166992,6562.167969,1623.372314,839955.250000,790498.312500,-788083.437500,124685.007812,-122270.085938,98791.304688,-23478.785156
ml,mean,-1,2026-06-03,2078.506592,10.000000,2060.172119,50.000000,-8.576172,-0.749023,75163.062500,440.289673,-874861.875000,2089.801758,50.000000,7.520508,0.306641,-32177.671875,1461.943481,782167.000000,2111.582275,50.000000,7.914062,-0.011719,10729.816406,1644.769165,831644.375000,738949.500000,-734368.125000,128232.000000,-123650.703125,100402.976562,-23247.720703
ml,mean,-1,2026-06-04,2078.684082,10.000000,2060.172119,50.000000,-9.820312,-1.244141,130019.125000,413.355560,-1004881.000000,2090.029053,50.000000,7.975586,0.455078,-42323.859375,1464.593506,826091.625000,2111.792480,50.000000,7.435547,-0.478516,51795.562500,1621.183472,777513.312500,598724.000000,-594877.312500,131731.125000,-127884.468750,99952.578125,-27931.892578
ml,mean,-1,2026-06-05,2079.252441,10.000000,2060.172119,50.000000,-11.376953,-1.556641,159702.875000,403.199402,-1164583.875000,2090.606445,50.000000,7.202148,-0.773438,81282.640625,1467.362671,745620.625000,2112.312500,50.000000,8.458984,1.023438,-124097.531250,1674.448608,902125.625000,483162.281250,-477989.312500,135276.156250,-130103.140625,100331.562500,-29771.578125
ml,mean,-1,2026-06-06,2078.703369,10.000000,2060.172119,50.000000,-11.376953,0.000000,0.000000,0.000000,-1164583.875000,2089.977295,50.000000,7.202148,0.000000,0.000000,0.000000,746030.812500,2111.666992,50.000000,8.458984,0.000000,0.000000,0.000000,901786.625000,483233.562500,-477989.312500,135276.156250,-130031.921875,98146.726562,-31885.189453
ml,mean,-1,2026-06-07,2080.274658,10.000000,2060.172119,50.000000,-11.376953,0.000000,0.000000,0.000000,-1164583.875000,2090.887695,50.000000,7.202148,0.000000,0.000000,0.000000,747447.625000,2112.526611,50.000000,8.458984,0.000000,0.000000,0.000000,904060.937500,486924.718750,-477989.312500,135276.156250,-126340.757812,101180.578125,-25160.162109
ml,mean,-1,2026-06-08,2082.339600,10.000000,2060.172119,50.000000,-10.090820,1.286133,-131560.500000,522.494324,-1033023.375000,2092.432373,50.000000,7.738281,0.536133,-64312.804688,1522.595581,812231.875000,2114.005127,50.000000,8.298828,-0.160156,29997.394531,1677.213501,874790.437500,653999.000000,-643865.250000,138998.437500,-128864.718750,105365.570312,-23499.160156
ml,mean,-1,2026-06-09,2083.500977,10.000000,2060.172119,50.000000,-9.918945,0.171875,-13804.068359,475.385254,-1019219.312500,2094.054688,50.000000,7.767578,0.029297,4690.847656,1506.392212,806976.812500,2115.605469,50.000000,6.937500,-1.361328,140775.953125,1664.013306,733803.625000,521561.125000,-512202.406250,142644.234375,-133285.531250,107337.765625,-25947.753906
ml,mean,-1,2026-06-10,2085.075195,10.000000,2060.172119,50.000000,-9.800781,0.118164,-8883.820312,475.025085,-1010335.500000,2095.559814,50.000000,8.224609,0.457031,-52032.210938,1541.592285,859162.625000,2117.000000,50.000000,8.283203,1.345703,-141110.484375,1705.791992,876080.687500,724907.875000,-714229.000000,146366.656250,-135687.765625,110357.140625,-25330.621094
ml,mean,-1,2026-06-11,2085.121094,10.000000,2060.172119,50.000000,-8.225586,1.575195,-162226.812500,530.713440,-848108.687500,2094.505859,50.000000,8.302734,0.078125,402.439453,1529.237061,860054.000000,2115.901855,50.000000,8.028320,-0.254883,22105.929688,1698.380127,851924.500000,863869.812500,-853947.375000,150124.984375,-140202.515625,109482.671875,-30719.839844
ml,mean,-1,2026-06-12,2085.151855,10.000000,2060.172119,50.000000,-8.001953,0.223633,-19939.339844,479.587677,-828169.375000,2095.221436,50.000000,8.527344,0.224609,-44998.554688,1530.311157,905321.750000,2116.596436,50.000000,7.930664,-0.097656,10961.289062,1665.315674,840882.812500,918035.250000,-907924.000000,153800.187500,-143688.953125,108613.750000,-35075.218750
ml,mean,-1,2026-06-13,2085.890137,10.000000,2060.172119,50.000000,-8.001953,0.000000,0.000000,0.000000,-828169.375000,2096.136230,50.000000,8.527344,0.000000,0.000000,0.000000,903367.500000,2117.575195,50.000000,7.930664,0.000000,0.000000,0.000000,841875.312500,917073.437500,-907924.000000,153800.187500,-144650.671875,109429.203125,-35221.468750
ml,mean,-1,2026-06-14,2085.805420,10.000000,2060.172119,50.000000,-8.001953,0.000000,0.000000,0.000000,-828169.375000,2095.231445,50.000000,8.527344,0.000000,0.000000,0.000000,902389.375000,2116.534668,50.000000,7.930664,0.000000,0.000000,0.000000,841526.937500,915746.875000,-907924.000000,153800.187500,-145977.250000,108279.125000,-37698.121094
ml,mean,-1,2026-06-15,2085.678223,10.000000,2060.172119,50.000000,-6.724609,1.277344,-139318.671875,526.892456,-688850.625000,2095.033203,50.000000,8.312500,-0.214844,25774.566406,1548.392578,877740.000000,2116.320312,50.000000,8.905273,0.974609,-105476.804688,1719.508911,945965.312500,1134854.625000,-1126944.875000,157594.984375,-149685.296875,107073.093750,-42612.207031
ml,mean,-1,2026-06-16,2085.896729,10.000000,2060.172119,50.000000,-6.487305,0.237305,-26037.341797,485.171265,-662813.375000,2095.213135,50.000000,8.441406,0.128906,1437.605469,1587.585449,876432.062500,2116.408936,50.000000,7.362305,-1.542969,181408.109375,1758.577637,766068.375000,979687.000000,-970136.500000,161426.328125,-151875.890625,106652.992188,-45222.898438
ml,mean,-1,2026-06-17,2086.038818,10.000000,2060.172119,50.000000,-7.752930,-1.265625,128328.562500,425.352142,-791141.937500,2094.350830,50.000000,7.137695,-1.303711,130930.687500,1569.213379,743734.250000,2115.444824,50.000000,8.951172,1.588867,-186094.812500,1752.660522,952053.000000,904645.125000,-896972.062500,165173.546875,-157500.468750,106050.343750,-51450.132812
ml,mean,-1,2026-06-18,2087.285889,10.000000,2060.172119,50.000000,-8.583984,-0.831055,86783.218750,435.186127,-877925.062500,2095.640137,50.000000,9.467773,2.330078,-245029.875000,1599.029785,989878.000000,2116.778809,50.000000,7.696289,-1.254883,143380.156250,1765.027222,809955.375000,921908.250000,-911838.625000,168972.812500,-158903.156250,108207.687500,-50695.457031
ml,mean,-1,2026-06-19,2087.759033,10.000000,2060.172119,50.000000,-8.583984,0.000000,0.000000,0.000000,-877925.062500,2095.904297,50.000000,9.467773,0.000000,0.000000,0.000000,991431.375000,2116.932129,50.000000,7.696289,0.000000,0.000000,0.000000,809091.000000,922597.250000,-911838.625000,168972.812500,-158214.187500,108467.242188,-49746.925781
ml,mean,-1,2026-06-20,2087.760742,10.000000,2060.172119,50.000000,-8.583984,0.000000,0.000000,0.000000,-877925.062500,2095.598633,50.000000,9.467773,0.000000,0.000000,0.000000,990636.875000,2116.594727,50.000000,7.696289,0.000000,0.000000,0.000000,807999.687500,920711.500000,-911838.625000,168972.812500,-160099.890625,107545.484375,-52554.406250
ml,mean,-1,2026-06-21,2088.441406,10.000000,2060.172119,50.000000,-8.583984,0.000000,0.000000,0.000000,-877925.062500,2096.162109,50.000000,9.467773,0.000000,0.000000,0.000000,991914.250000,2117.133057,50.000000,7.696289,0.000000,0.000000,0.000000,807260.812500,921250.000000,-911838.625000,168972.812500,-159561.453125,108255.031250,-51306.410156
ml,mean,-1,2026-06-22,2088.860840,10.000000,2060.172119,50.000000,-7.851562,0.732422,-74872.312500,508.210968,-803052.750000,2096.533691,50.000000,8.249023,-1.218750,137265.390625,1591.817139,855796.187500,2117.472900,50.000000,8.823242,1.126953,-128156.828125,1799.194092,936351.750000,989095.187500,-977602.375000,172872.015625,-161379.234375,108378.492188,-53000.765625
ml,mean,-1,2026-06-23,2089.170898,10.000000,2060.172119,50.000000,-7.500977,0.350586,-36057.757812,493.590698,-766995.000000,2095.815430,50.000000,8.133789,-0.115234,3845.424805,1599.199585,851478.312500,2116.671143,50.000000,8.537109,-0.286133,37088.976562,1793.220459,898866.750000,983349.937500,-972725.750000,176758.015625,-166133.812500,108233.992188,-57899.835938
ml,mean,-1,2026-06-24,2090.967773,10.000000,2060.172119,50.000000,-8.162109,-0.661133,74181.062500,455.680420,-841176.125000,2098.374512,50.000000,9.485352,1.351562,-142965.125000,1699.685791,996905.562500,2119.167725,50.000000,9.610352,1.073242,-131413.968750,1797.742065,1030655.500000,1186385.000000,-1172923.750000,180711.125000,-167249.953125,111695.609375,-55554.328125
ml,mean,-1,2026-06-25,2092.867188,10.000000,2060.172119,50.000000,-6.791016,1.371094,-137281.203125,520.140320,-703894.937500,2099.860107,50.000000,8.593750,-0.891602,94242.578125,1659.153687,902559.812500,2120.620117,50.000000,7.793945,-1.816406,206069.421875,1755.038330,825624.250000,1024288.937500,-1009893.000000,184645.453125,-170249.500000,115448.804688,-54800.683594
ml,mean,-1,2026-06-26,2092.865234,10.000000,2060.172119,50.000000,-5.366211,1.424805,-148123.578125,544.590698,-555771.312500,2099.348145,50.000000,8.151367,-0.442383,54433.414062,1642.812378,847748.687500,2120.024414,50.000000,7.839844,0.045898,7357.837891,1771.968750,818379.000000,1110356.250000,-1096225.250000,188604.843750,-174473.796875,114450.804688,-60022.984375
ml,mean,-1,2026-06-27,2093.321777,10.000000,2060.172119,50.000000,-5.366211,0.000000,0.000000,0.000000,-555771.312500,2100.376465,50.000000,8.151367,0.000000,0.000000,0.000000,847839.812500,2121.087402,50.000000,7.839844,0.000000,0.000000,0.000000,818732.687500,1110801.250000,-1096225.250000,188604.843750,-174028.953125,114598.093750,-59430.886719
ml,mean,-1,2026-06-28,2094.037842,10.000000,2060.172119,50.000000,-5.366211,0.000000,0.000000,0.000000,-555771.312500,2100.791504,50.000000,8.151367,0.000000,0.000000,0.000000,848728.562500,2121.440918,50.000000,7.839844,0.000000,0.000000,0.000000,817319.500000,1110276.750000,-1096225.250000,188604.843750,-174553.421875,115392.796875,-59160.628906
ml,mean,-1,2026-06-29,2095.322266,10.000000,2060.172119,50.000000,-4.893555,0.472656,-54709.484375,505.040924,-501061.843750,2102.121094,50.000000,8.124023,-0.027344,-2998.007812,1676.119751,852076.125000,2122.715088,50.000000,8.703125,0.863281,-119017.390625,1829.066895,937148.375000,1288162.625000,-1272950.125000,192615.078125,-177402.515625,117604.468750,-59798.023438
ml,mean,-1,2026-06-30,2094.772217,10.000000,2060.172119,50.000000,-4.122070,0.771484,-83553.492188,521.982300,-417508.406250,2100.988770,50.000000,9.390625,1.266602,-132342.562500,1730.074219,984360.312500,2121.565186,50.000000,8.625977,-0.077148,29448.529297,1826.644531,908544.875000,1475396.875000,-1459397.625000,196693.765625,-180694.718750,115260.585938,-65434.109375
ml,mean,-1,2026-07-01,2092.830811,10.000000,2060.172119,50.000000,-4.944336,-0.822266,84064.835938,452.572845,-501573.187500,2097.862305,50.000000,9.194336,-0.196289,23897.687500,1680.907349,960958.750000,2118.449219,50.000000,8.741211,0.115234,-22543.765625,1779.936768,930677.375000,1390062.875000,-1373979.000000,200607.187500,-184523.265625,109447.093750,-75076.156250
ml,mean,-1,2026-07-02,2092.874512,10.000000,2060.172119,50.000000,-5.423828,-0.479492,49056.242188,461.046844,-550629.437500,2097.791016,50.000000,8.180664,-1.013672,107049.710938,1678.345581,854711.812500,2118.376953,50.000000,8.734375,-0.006836,14236.289062,1806.553467,915311.312500,1219393.750000,-1203636.750000,204553.125000,-188796.140625,108601.812500,-80194.312500
ml,mean,-1,2026-07-03,2093.614258,10.000000,2060.172119,50.000000,-5.327148,0.096680,-11539.327148,488.284943,-539090.125000,2098.937744,50.000000,10.555664,2.375000,-261683.843750,1705.821289,1117501.250000,2119.500977,50.000000,10.134766,1.400391,-162550.015625,1848.625977,1077247.250000,1655658.500000,-1639409.875000,208595.859375,-192347.390625,109367.750000,-82979.640625
ml,mean,-1,2026-07-04,2093.985596,10.000000,2060.172119,50.000000,-5.327148,0.000000,0.000000,0.000000,-539090.125000,2098.885010,50.000000,10.555664,0.000000,0.000000,0.000000,1118637.625000,2119.357178,50.000000,10.134766,0.000000,0.000000,0.000000,1076813.000000,1656360.625000,-1639409.875000,208595.859375,-191645.093750,109346.835938,-82298.226562
ml,mean,-1,2026-07-05,2094.745605,10.000000,2060.172119,50.000000,-5.327148,0.000000,0.000000,0.000000,-539090.125000,2099.672607,50.000000,10.555664,0.000000,0.000000,0.000000,1118545.375000,2120.095215,50.000000,10.134766,0.000000,0.000000,0.000000,1078478.125000,1657933.500000,-1639409.875000,208595.859375,-190072.218750,110155.132812,-79917.085938
ml,mean,-1,2026-07-06,2095.731201,10.000000,2060.172119,50.000000,-4.617188,0.709961,-72284.140625,540.431885,-466806.000000,2100.138428,50.000000,8.696289,-1.859375,215276.953125,1688.222656,903525.312500,2120.523193,50.000000,8.005859,-2.128906,218923.296875,1794.419189,859153.125000,1295872.375000,-1277493.875000,212618.937500,-194240.343750,111447.304688,-82793.023438
ml,mean,-1,2026-07-07,2095.227295,10.000000,2060.172119,50.000000,-4.675781,-0.058594,13500.978516,500.310028,-480306.968750,2099.512207,50.000000,9.092773,0.396484,-44224.136719,1684.354614,947864.562500,2119.759033,50.000000,9.224609,1.218750,-110858.671875,1765.010010,969331.875000,1436889.500000,-1419075.625000,216568.609375,-198754.656250,109590.125000,-89164.546875
ml,mean,-1,2026-07-08,2095.014160,10.000000,2060.172119,50.000000,-4.549805,0.125977,-9443.324219,495.489960,-470863.656250,2099.333984,50.000000,8.464844,-0.627930,56740.074219,1665.140381,891565.125000,2119.582520,50.000000,8.117188,-1.107422,103275.781250,1747.083496,866836.125000,1287537.625000,-1268503.125000,220476.328125,-201441.843750,108396.757812,-93045.085938
ml,mean,-1,2026-07-09,2095.790527,10.000000,2060.172119,50.000000,-3.948242,0.601562,-62405.738281,515.119873,-408457.906250,2099.754883,50.000000,7.650391,-0.814453,94403.882812,1654.311279,797131.125000,2120.028320,50.000000,8.606445,0.489258,-36878.882812,1761.685791,905185.937500,1293859.250000,-1273383.750000,224407.421875,-203932.000000,109125.835938,-94806.171875
ml,mean,-1,2026-07-10,2097.050293,10.000000,2060.172119,50.000000,-3.775391,0.172852,-20685.406250,506.558197,-387772.500000,2101.799805,50.000000,9.560547,1.910156,-224511.000000,1710.489380,1022138.375000,2122.085205,50.000000,8.727539,0.121094,-6464.428711,1766.911377,913217.187500,1547583.000000,-1525044.500000,228391.390625,-205853.000000,110623.250000,-95229.757812
ml,mean,-1,2026-07-11,2098.906006,10.000000,2060.172119,50.000000,-3.775391,0.000000,0.000000,0.000000,-387772.500000,2103.436035,50.000000,9.560547,0.000000,0.000000,0.000000,1022714.875000,2123.715576,50.000000,8.727539,0.000000,0.000000,0.000000,912622.500000,1547564.875000,-1525044.500000,228391.390625,-205871.218750,112995.656250,-92875.585938
ml,mean,-1,2026-07-12,2098.749268,10.000000,2060.172119,50.000000,-3.775391,0.000000,0.000000,0.000000,-387772.500000,2101.753906,50.000000,9.560547,0.000000,0.000000,0.000000,1020992.500000,2122.046875,50.000000,8.727539,0.000000,0.000000,0.000000,910995.375000,1544215.250000,-1525044.500000,228391.390625,-209220.640625,112110.562500,-97110.070312
ml,mean,-1,2026-07-13,2098.267578,10.000000,2060.172119,50.000000,-2.204102,1.571289,-164729.171875,574.756470,-223043.312500,2100.272461,50.000000,8.170898,-1.389648,177452.171875,1638.402710,842489.062500,2120.533203,50.000000,7.282227,-1.445312,141841.625000,1730.816650,768433.437500,1387879.125000,-1370480.125000,232335.375000,-214936.296875,110691.968750,-104244.312500
ml,mean,-1,2026-07-14,2099.085449,10.000000,2060.172119,50.000000,-2.366211,-0.162109,14635.080078,504.147064,-237678.406250,2101.373047,50.000000,9.073242,0.902344,-120861.328125,1660.338379,963508.625000,2121.663086,50.000000,8.427734,1.145508,-124389.601562,1784.613892,895761.375000,1621591.750000,-1601095.750000,236284.468750,-215788.687500,111326.421875,-104462.265625
ml,mean,-1,2026-07-15,2099.940918,10.000000,2060.172119,50.000000,-2.903320,-0.537109,55452.367188,465.944672,-293130.781250,2103.406006,50.000000,8.567383,-0.505859,66841.953125,1635.833618,898451.625000,2123.722656,50.000000,7.360352,-1.067383,102188.460938,1758.897583,793425.375000,1398746.000000,-1376613.125000,240145.140625,-218012.093750,111983.062500,-106029.031250
ml,mean,-1,2026-07-16,2100.104492,10.000000,2060.172119,50.000000,-2.546875,0.356445,-33789.601562,525.041992,-259341.171875,2103.433350,50.000000,8.336914,-0.230469,16334.235352,1615.577026,880728.687500,2123.741699,50.000000,8.080078,0.719727,-61767.625000,1757.106445,854150.750000,1475538.250000,-1455836.250000,244042.875000,-224340.687500,111697.789062,-112642.906250
ml,mean,-1,2026-07-17,2100.119141,10.000000,2060.172119,50.000000,-1.981445,0.565430,-60361.207031,548.509094,-198979.953125,2102.817871,50.000000,9.283203,0.946289,-97138.625000,1635.794434,976646.062500,2123.147461,50.000000,7.954102,-0.125977,15737.462891,1747.986450,838933.000000,1616599.125000,-1597598.500000,247975.156250,-228974.468750,111249.203125,-117725.296875
ml,mean,-1,2026-07-18,2098.822754,10.000000,2060.172119,50.000000,-1.981445,0.000000,0.000000,0.000000,-198979.953125,2100.874756,50.000000,9.283203,0.000000,0.000000,0.000000,976952.312500,2121.120117,50.000000,7.954102,0.000000,0.000000,0.000000,839665.875000,1617638.125000,-1597598.500000,247975.156250,-227935.453125,109416.453125,-118518.992188
ml,mean,-1,2026-07-19,2098.775146,10.000000,2060.172119,50.000000,-1.981445,0.000000,0.000000,0.000000,-198979.953125,2100.771240,50.000000,9.283203,0.000000,0.000000,0.000000,977886.750000,2121.022217,50.000000,7.954102,0.000000,0.000000,0.000000,839116.750000,1618023.375000,-1597598.500000,247975.156250,-227550.187500,108949.179688,-118601.015625
ml,mean,-1,2026-07-20,2098.735596,10.000000,2060.172119,50.000000,-1.846680,0.134766,-11793.599609,535.456665,-187186.375000,2101.195557,50.000000,8.017578,-1.265625,139591.968750,1612.157349,838542.625000,2121.461426,50.000000,7.268555,-0.685547,74350.125000,1706.671631,763813.687500,1415170.000000,-1395450.000000,251829.453125,-232109.468750,108494.218750,-123615.257812
ml,mean,-1,2026-07-21,2099.724609,10.000000,2060.172119,50.000000,-3.079102,-1.232422,129195.210938,463.194031,-316381.562500,2102.025391,50.000000,8.474609,0.457031,-53545.234375,1590.301392,892567.562500,2122.255127,50.000000,7.812500,0.543945,-68238.718750,1706.343384,832033.812500,1408219.875000,-1388038.625000,255589.281250,-235408.203125,109086.453125,-126321.734375
ml,mean,-1,2026-07-22,2100.259277,10.000000,2060.172119,50.000000,-2.399414,0.679688,-67613.687500,523.220581,-248767.906250,2101.928223,50.000000,7.083008,-1.391602,149955.000000,1600.837158,743015.562500,2122.117920,50.000000,8.197266,0.384766,-40970.406250,1725.135498,873181.875000,1367429.500000,-1346667.750000,259438.484375,-238676.765625,109216.539062,-129460.218750
ml,mean,-1,2026-07-23,2100.820068,10.000000,2060.172119,50.000000,-2.226562,0.172852,-21368.396484,524.608765,-227399.500000,2101.896973,50.000000,8.019531,0.936523,-113604.562500,1624.966309,856882.312500,2122.046143,50.000000,6.336914,-1.860352,198666.046875,1726.801270,673451.437500,1302934.375000,-1282974.875000,263314.875000,-243355.343750,109346.625000,-134008.687500
ml,mean,-1,2026-07-24,2101.418457,10.000000,2060.172119,50.000000,-1.843750,0.382812,-38660.437500,529.703735,-188739.062500,2103.077148,50.000000,7.277344,-0.742188,103524.000000,1576.211426,753603.750000,2123.184814,50.000000,9.246094,2.909180,-292161.750000,1739.787964,965014.750000,1529879.375000,-1510273.000000,267160.562500,-247554.078125,109489.687500,-138064.406250
ml,mean,-1,2026-07-25,2102.278320,10.000000,2060.172119,50.000000,-1.843750,0.000000,0.000000,0.000000,-188739.062500,2103.168213,50.000000,7.277344,0.000000,0.000000,0.000000,753709.812500,2123.272461,50.000000,9.246094,0.000000,0.000000,0.000000,964865.812500,1529836.500000,-1510273.000000,267160.562500,-247596.906250,109751.656250,-137845.250000
ml,mean,-1,2026-07-26,2102.261230,10.000000,2060.172119,50.000000,-1.843750,0.000000,0.000000,0.000000,-188739.062500,2103.210205,50.000000,7.277344,0.000000,0.000000,0.000000,753733.625000,2123.280273,50.000000,9.246094,0.000000,0.000000,0.000000,965144.500000,1530138.875000,-1510273.000000,267160.562500,-247294.468750,109535.718750,-137758.765625
ml,mean,-1,2026-07-27,2103.529053,10.000000,2060.172119,50.000000,-1.233398,0.610352,-67467.171875,547.025085,-121271.898438,2104.252930,50.000000,8.189453,0.912109,-105078.351562,1580.234985,860441.125000,2124.300781,50.000000,6.527344,-2.718750,274011.625000,1682.521484,690706.687500,1429875.875000,-1408806.750000,270970.343750,-249901.281250,110018.992188,-139882.281250
ml,mean,-1,2026-07-28,2104.724365,10.000000,2060.172119,50.000000,-1.608398,-0.375000,38025.023438,490.603241,-159296.906250,2105.413086,50.000000,6.659180,-1.530273,147501.109375,1592.670776,714566.312500,2125.467529,50.000000,7.565430,1.038086,-101551.937500,1655.789062,792017.937500,1347287.250000,-1324832.625000,274709.406250,-252254.703125,110374.804688,-141879.890625
ml,mean,-1,2026-07-29,2105.175537,10.000000,2060.172119,50.000000,-0.246094,1.362305,-139511.046875,562.559204,-19785.865234,2105.358398,50.000000,5.789062,-0.870117,96728.398438,610.120850,618309.125000,2125.389160,50.000000,8.472656,0.907227,-122057.640625,1661.644531,913674.437500,1512197.875000,-1489672.875000,277543.718750,-255018.906250,110402.718750,-144616.171875
ml,mean,-1,2026-07-30,2106.156494,10.000000,2060.172119,50.000000,-0.903320,-0.657227,65170.296875,503.165649,-84956.156250,2105.358398,50.000000,3.891602,-1.897461,198460.406250,489.929352,419848.812500,2126.384766,50.000000,5.778320,-2.694336,291958.593750,1641.055542,622839.062500,957731.750000,-934083.750000,280177.875000,-256529.734375,110539.796875,-145989.968750
ml,mean,-1,2026-07-31,2106.521240,10.000000,2060.172119,50.000000,-1.162109,-0.258789,25209.689453,489.420502,-110165.843750,2105.358398,50.000000,3.561523,-0.330078,35703.132812,510.883911,384145.687500,2126.106934,50.000000,7.026367,1.248047,-120609.226562,1676.812622,744257.562500,1018237.312500,-993780.000000,282855.000000,-258397.671875,110566.585938,-147831.093750
ml,mean,-1,2026-08-01,2105.290039,10.000000,2060.172119,50.000000,-1.162109,0.000000,0.000000,0.000000,-110165.843750,2105.358398,50.000000,3.561523,0.000000,0.000000,0.000000,384145.687500,2124.245117,50.000000,7.026367,0.000000,0.000000,0.000000,742252.562500,1016232.250000,-993780.000000,282855.000000,-260402.718750,110577.640625,-149825.093750
ml,mean,-1,2026-08-02,2104.838379,10.000000,2060.172119,50.000000,-1.162109,0.000000,0.000000,0.000000,-110165.843750,2105.358398,50.000000,3.561523,0.000000,0.000000,0.000000,384145.687500,2124.120605,50.000000,7.026367,0.000000,0.000000,0.000000,741888.937500,1015868.750000,-993780.000000,282855.000000,-260766.312500,110588.570312,-150177.750000
ml,mean,-1,2026-08-03,2104.616211,10.000000,2060.172119,50.000000,-2.879883,-1.717773,181782.062500,389.802582,-291947.937500,2105.358398,50.000000,0.906250,-2.655273,280028.562500,434.746094,104117.093750,2123.105713,50.000000,6.616211,-0.410156,39132.515625,1634.034180,702194.250000,514363.375000,-492836.875000,285313.562500,-263787.093750,110599.507812,-153187.578125
ml,mean,-1,2026-08-04,2104.888184,10.000000,2060.172119,50.000000,-3.254883,-0.375000,40537.640625,458.632141,-332485.531250,2105.358398,50.000000,0.327148,-0.579102,61665.058594,506.868683,42452.054688,2123.635986,50.000000,7.624023,1.007812,-100452.601562,1600.870850,802324.875000,512291.437500,-491086.781250,287879.937500,-266675.343750,110610.390625,-156064.953125
ml,mean,-1,2026-08-05,2104.366943,10.000000,2060.172119,50.000000,19.100586,22.355469,-2291809.250000,1252.335938,1959323.875000,2105.358398,50.000000,19.388672,19.061523,-1994896.625000,1136.255371,2037348.750000,2123.554932,50.000000,14.558594,6.934570,-746439.437500,1391.095215,1549741.750000,5546414.000000,-5524232.500000,291659.625000,-269477.531250,110621.296875,-158856.265625
ml,mean,-1,2026-08-06,2105.361816,10.000000,2060.172119,50.000000,20.121094,1.020508,-103282.078125,379.155518,2062605.875000,2105.358398,50.000000,22.220703,2.832031,-267003.312500,518.208984,2304352.000000,2123.824707,50.000000,16.246094,1.687500,-157988.218750,1056.125244,1707965.125000,6074923.000000,-6052506.000000,293613.125000,-271195.968750,110621.296875,-160574.687500
ml,mean,-1,2026-08-07,2106.273438,10.000000,2060.172119,50.000000,7.958008,-12.163086,1242789.125000,626.984375,819816.750000,2105.358398,50.000000,7.812500,-14.408203,1489151.250000,773.921753,815200.875000,2124.704346,50.000000,-0.740234,-16.986328,1779550.750000,1562.315552,-71631.742188,1563385.875000,-1541015.125000,296576.375000,-274205.468750,110621.296875,-163584.187500
ml,mean,-1,2026-08-08,2107.718994,10.000000,2060.172119,50.000000,7.958008,0.000000,0.000000,0.000000,819816.750000,2105.358398,50.000000,7.812500,0.000000,0.000000,0.000000,815200.875000,2126.804199,50.000000,-0.740234,0.000000,0.000000,0.000000,-72454.062500,1562563.500000,-1541015.125000,296576.375000,-275027.812500,110621.296875,-164406.500000
ml,mean,-1,2026-08-09,2107.760254,10.000000,2060.172119,50.000000,7.958008,0.000000,0.000000,0.000000,819816.750000,2105.358398,50.000000,7.812500,0.000000,0.000000,0.000000,815200.875000,2126.363281,50.000000,-0.740234,0.000000,0.000000,0.000000,-71596.101562,1563421.500000,-1541015.125000,296576.375000,-274169.843750,110621.296875,-163548.546875
ml,mean,-1,2026-08-10,2108.074463,10.000000,2060.172119,50.000000,3.032227,-4.925781,507800.906250,270.046692,312015.843750,2105.358398,50.000000,3.623047,-4.189453,444211.312500,313.727173,370989.500000,2126.291016,50.000000,13.744141,14.484375,-1532899.375000,1775.635986,1460748.000000,2143753.500000,-2121902.000000,298935.750000,-277084.656250,110621.296875,-166463.390625
ml,mean,-1,2026-08-11,2108.157959,10.000000,2060.172119,50.000000,-0.622070,-3.654297,374971.437500,281.159210,-62955.578125,2105.358398,50.000000,0.416992,-3.206055,335334.531250,318.322510,35654.992188,2126.176758,50.000000,2.826172,-10.917969,1173207.375000,1603.941650,288128.843750,260828.296875,-238388.921875,301139.187500,-278699.812500,110621.296875,-168078.515625
ml,mean,-1,2026-08-12,2109.125244,10.000000,2060.172119,50.000000,-2.240234,-1.618164,164075.468750,369.638245,-227031.078125,2105.358398,50.000000,-2.379883,-2.796875,293966.875000,440.711517,-258311.875000,2126.655762,50.000000,6.266602,3.440430,-386164.375000,1491.116821,674064.625000,188721.703125,-166510.953125,303440.656250,-281229.937500,110621.296875,-170608.625000
ml,mean,-1,2026-08-13,2109.491943,10.000000,2060.172119,50.000000,-4.594727,-2.354492,239892.890625,337.350891,-466923.937500,2105.358398,50.000000,-4.088867,-1.708984,154647.359375,507.601410,-412959.218750,2126.807129,50.000000,8.750000,2.483398,-262860.125000,1609.038086,936352.000000,56468.734375,-34830.828125,305894.656250,-284256.718750,110621.296875,-173635.453125
ml,mean,-1,2026-08-14,2110.845459,10.000000,2060.172119,50.000000,-5.738281,-1.143555,114551.421875,385.414825,-581475.375000,2105.358398,50.000000,-3.478516,0.610352,-81410.835938,568.367432,-331548.375000,2126.735352,50.000000,6.341797,-2.408203,269331.750000,1541.296143,668045.937500,-244977.843750,267641.468750,308389.718750,-285726.093750,110621.296875,-175104.812500
ml,mean,-1,2026-08-15,2110.827637,10.000000,2060.172119,50.000000,-5.738281,0.000000,0.000000,0.000000,-581475.375000,2105.358398,50.000000,-3.478516,0.000000,0.000000,0.000000,-331548.375000,2126.677734,50.000000,6.341797,0.000000,0.000000,0.000000,669085.250000,-243938.546875,267641.468750,308389.718750,-284686.812500,110621.296875,-174065.500000
ml,mean,-1,2026-08-16,2111.807617,10.000000,2060.172119,50.000000,-5.738281,0.000000,0.000000,0.000000,-581475.375000,2105.358398,50.000000,-3.478516,0.000000,0.000000,0.000000,-331548.375000,2127.018799,50.000000,6.341797,0.000000,0.000000,0.000000,669994.562500,-243029.203125,267641.468750,308389.718750,-283777.437500,110621.296875,-173156.156250
ml,mean,-1,2026-08-17,2112.635498,10.000000,2060.172119,50.000000,-6.375000,-0.636719,65192.605469,386.745361,-646668.000000,2105.358398,50.000000,-1.450195,2.028320,-215667.203125,643.421265,-115881.179688,2128.078125,50.000000,6.729492,0.387695,-67586.898438,1570.574707,737664.250000,-24884.943359,49579.976562,310990.468750,-286295.406250,110621.296875,-175674.140625
ml,mean,-1,2026-08-18,2112.376221,10.000000,2060.172119,50.000000,-6.720703,-0.345703,36767.078125,416.156860,-683435.125000,2105.358398,50.000000,0.192383,1.642578,-149588.093750,627.597839,33706.906250,2127.689453,50.000000,6.457031,-0.272461,71280.734375,1550.843262,667061.000000,17332.878906,8039.699219,313585.062500,-288212.500000,110621.296875,-177591.187500
ml,mean,-1,2026-08-19,2112.408203,10.000000,2060.172119,50.000000,-7.178711,-0.458008,46770.578125,404.111145,-730205.625000,2105.358398,50.000000,0.057617,-0.134766,11421.363281,543.412170,22285.544922,2127.645508,50.000000,6.362305,-0.094727,-35465.820312,1577.525269,700775.750000,-7144.390625,30765.851562,316110.125000,-292488.656250,110621.296875,-181867.375000
ml,mean,-1,2026-08-20,2112.955811,10.000000,2060.172119,50.000000,-6.196289,0.982422,-102161.671875,460.544312,-628043.937500,2105.358398,50.000000,-0.509766,-0.567383,62223.687500,519.555115,-39938.148438,2128.099609,50.000000,8.732422,2.370117,-221761.859375,1588.384399,922814.875000,254832.656250,-230934.000000,318678.625000,-294779.875000,110621.296875,-184158.609375
ml,mean,-1,2026-08-21,2114.033447,10.000000,2060.172119,50.000000,-5.910156,0.286133,-31219.277344,439.994415,-596824.687500,2105.358398,50.000000,-0.013672,0.496094,-55287.945312,523.252258,15349.814453,2128.925781,50.000000,5.340820,-3.391602,362127.312500,1542.279541,561791.250000,-19683.630859,44686.093750,321184.125000,-296181.656250,110621.296875,-185560.375000
ml,mean,-1,2026-08-22,2114.576904,10.000000,2060.172119,50.000000,-5.910156,0.000000,0.000000,0.000000,-596824.687500,2105.358398,50.000000,-0.013672,0.000000,0.000000,0.000000,15349.814453,2129.273682,50.000000,5.340820,0.000000,0.000000,0.000000,563286.875000,-18188.050781,44686.093750,321184.125000,-294686.093750,110621.296875,-184064.796875
ml,mean,-1,2026-08-23,2114.293701,10.000000,2060.172119,50.000000,-5.910156,0.000000,0.000000,0.000000,-596824.687500,2105.358398,50.000000,-0.013672,0.000000,0.000000,0.000000,15349.814453,2128.321533,50.000000,5.340820,0.000000,0.000000,0.000000,562568.000000,-18906.882812,44686.093750,321184.125000,-295404.906250,110621.296875,-184783.640625
ml,mean,-1,2026-08-24,2115.354004,10.000000,2060.172119,50.000000,-6.830078,-0.919922,97256.945312,290.996399,-694081.625000,2105.358398,50.000000,-3.362305,-3.348633,355354.312500,378.631592,-340004.531250,2129.267822,50.000000,6.529297,1.188477,-146473.125000,1572.616699,707746.125000,-326340.125000,350824.250000,323426.375000,-298942.218750,110621.296875,-188320.937500
ml,mean,-1,2026-08-25,2115.075195,10.000000,2060.172119,50.000000,-5.072266,1.757812,-178055.625000,257.521515,-516026.000000,2105.358398,50.000000,-3.860352,-0.498047,56072.078125,262.858032,-396076.625000,2128.618164,50.000000,-0.491211,-7.020508,761281.000000,583.376831,-54911.535156,-967014.187500,990121.625000,324530.125000,-301422.625000,110621.296875,-190801.343750
ml,mean,-1,2026-08-26,2116.147705,10.000000,2060.172119,50.000000,-4.007812,1.064453,-106537.687500,257.521515,-409488.312500,2105.358398,50.000000,-4.657227,-0.796875,85402.304688,262.530701,-481478.937500,2129.123535,50.000000,-2.130859,-1.639648,162761.390625,362.938690,-216464.109375,-1107431.375000,1131747.750000,325413.093750,-301096.812500,110621.296875,-190475.500000
ml,mean,-1,2026-08-27,2116.968262,10.000000,2060.172119,50.000000,-4.457031,-0.449219,47811.726562,257.521515,-457300.062500,2105.358398,50.000000,-5.276367,-0.619141,67651.562500,260.308777,-549130.437500,2130.468262,50.000000,-3.289062,-1.158203,129298.062500,347.518982,-344963.656250,-1351394.250000,1376509.000000,326278.468750,-301163.718750,110621.296875,-190542.406250
ml,mean,-1,2026-08-28,2117.836914,10.000000,2060.172119,50.000000,-4.642578,-0.185547,20157.781250,257.521515,-477457.843750,2105.358398,50.000000,-6.724609,-1.448242,156547.421875,262.989471,-705677.875000,2131.544189,50.000000,-2.855469,0.433594,-40721.531250,378.805573,-304174.718750,-1487310.375000,1512492.625000,327177.781250,-301995.531250,110621.296875,-191374.234375
ml,mean,-1,2026-08-29,2118.157471,10.000000,2060.172119,50.000000,-4.642578,0.000000,0.000000,0.000000,-477457.843750,2105.358398,50.000000,-6.724609,0.000000,0.000000,0.000000,-705677.875000,2131.066650,50.000000,-2.855469,0.000000,0.000000,0.000000,-303560.187500,-1486695.875000,1512492.625000,327177.781250,-301381.000000,110621.296875,-190759.703125
ml,mean,-1,2026-08-30,2118.594238,10.000000,2060.172119,50.000000,-4.642578,0.000000,0.000000,0.000000,-477457.843750,2105.358398,50.000000,-6.724609,0.000000,0.000000,0.000000,-705677.875000,2131.309082,50.000000,-2.855469,0.000000,0.000000,0.000000,-302698.812500,-1485834.500000,1512492.625000,327177.781250,-300519.656250,110621.296875,-189898.343750
ml,mean,-1,2026-08-31,2119.824707,10.000000,2060.172119,50.000000,-5.238281,-0.595703,62188.359375,257.521515,-539646.187500,2105.358398,50.000000,-6.952148,-0.227539,22537.632812,263.019440,-728215.500000,2131.833496,50.000000,-3.772461,-0.916992,93495.976562,368.350739,-396693.625000,-1664555.250000,1690714.500000,328066.656250,-301907.406250,110621.296875,-191286.093750
ml,mean,-1,2026-09-01,2120.561035,10.000000,2060.172119,50.000000,-4.789062,0.449219,-46092.636719,257.521515,-493553.562500,2105.358398,50.000000,-7.208984,-0.256836,27865.765625,263.025696,-756081.312500,2132.932617,50.000000,-4.493164,-0.720703,73333.296875,380.729462,-469586.125000,-1719220.875000,1745821.000000,328967.906250,-302367.812500,110621.296875,-191746.546875
ml,mean,-1,2026-09-02,2121.195557,10.000000,2060.172119,50.000000,-4.974609,-0.185547,19192.695312,257.521515,-512746.281250,2105.358398,50.000000,-6.897461,0.311523,-32096.875000,262.232056,-723984.437500,2133.717285,50.000000,-5.288086,-0.794922,90321.179688,361.781738,-559742.937500,-1796473.625000,1823238.125000,329849.468750,-303085.031250,110621.296875,-192463.734375
ml,mean,-1,2026-09-03,2122.009521,10.000000,2060.172119,50.000000,-4.652344,0.322266,-33336.125000,257.521515,-479410.156250,2105.358398,50.000000,-7.115234,-0.217773,22167.138672,262.986511,-746151.500000,2134.664795,50.000000,-5.937500,-0.649414,60721.515625,369.187225,-620308.062500,-1845869.625000,1872790.750000,330739.156250,-303818.312500,110621.296875,-193197.031250
ml,mean,-1,2026-09-04,2121.775146,10.000000,2060.172119,50.000000,-4.662109,-0.009766,1776.956787,257.521515,-481187.093750,2105.358398,50.000000,-6.721680,0.393555,-40505.242188,262.807648,-705646.375000,2133.434326,50.000000,-6.478516,-0.541016,61140.078125,352.842041,-680516.750000,-1867350.250000,1895202.375000,331612.312500,-303760.062500,110621.296875,-193138.796875
ml,mean,-1,2026-09-05,2122.192871,10.000000,2060.172119,50.000000,-4.662109,0.000000,0.000000,0.000000,-481187.093750,2105.358398,50.000000,-6.721680,0.000000,0.000000,0.000000,-705646.375000,2133.638672,50.000000,-6.478516,0.000000,0.000000,0.000000,-679828.875000,-1866662.375000,1895202.375000,331612.312500,-303072.250000,110621.296875,-192450.953125
ml,mean,-1,2026-09-06,2123.489258,10.000000,2060.172119,50.000000,-4.662109,0.000000,0.000000,0.000000,-481187.093750,2105.358398,50.000000,-6.721680,0.000000,0.000000,0.000000,-705646.375000,2135.423340,50.000000,-6.478516,0.000000,0.000000,0.000000,-680023.812500,-1866857.250000,1895202.375000,331612.312500,-303267.125000,110621.296875,-192645.859375
ml,mean,-1,2026-09-07,2124.676025,10.000000,2060.172119,50.000000,-4.662109,0.000000,0.000000,0.000000,-481187.093750,2105.358398,50.000000,-6.721680,0.000000,0.000000,0.000000,-705646.375000,2135.663818,50.000000,-6.478516,0.000000,0.000000,0.000000,-680400.312500,-1867233.750000,1895202.375000,331612.312500,-303643.687500,110621.296875,-193022.406250
ml,mean,-1,2026-09-08,2125.346924,10.000000,2060.172119,50.000000,-4.330078,0.332031,-34173.742188,257.521515,-447013.343750,2105.358398,50.000000,-6.815430,-0.093750,11552.734375,262.858002,-717199.062500,2136.572266,50.000000,-6.817383,-0.338867,34321.968750,330.134491,-715000.562500,-1879213.000000,1906903.250000,332462.843750,-304772.500000,110621.296875,-194151.203125
ml,mean,-1,2026-09-09,2125.596680,10.000000,2060.172119,50.000000,-4.466797,-0.136719,13964.239258,257.521515,-460977.593750,2105.358398,50.000000,-6.610352,0.205078,-22797.697266,262.857208,-694401.312500,2135.537842,50.000000,-6.933594,-0.116211,8436.847656,324.619751,-723026.687500,-1878405.625000,1906506.875000,333307.875000,-305206.781250,110621.296875,-194585.484375
ml,mean,-1,2026-09-10,2126.255859,10.000000,2060.172119,50.000000,-4.222656,0.244141,-25411.162109,257.521515,-435566.437500,2105.358398,50.000000,-6.649414,-0.039062,6057.218750,263.169769,-700458.562500,2136.436768,50.000000,-6.726562,0.207031,-23655.179688,343.658173,-699199.437500,-1835224.500000,1863497.625000,334172.187500,-305899.000000,110621.296875,-195277.750000
ml,mean,-1,2026-09-11,2126.465820,10.000000,2060.172119,50.000000,-4.496094,-0.273438,29254.222656,257.521515,-464820.687500,2105.358398,50.000000,-6.483398,0.166016,-19047.880859,262.877838,-681410.687500,2136.119141,50.000000,-6.911133,-0.184570,27053.111328,342.967773,-725913.625000,-1872145.000000,1900757.000000,335035.593750,-306423.406250,110621.296875,-195802.140625
ml,mean,-1,2026-09-12,2126.460938,10.000000,2060.172119,50.000000,-4.496094,0.000000,0.000000,0.000000,-464820.687500,2105.358398,50.000000,-6.483398,0.000000,0.000000,0.000000,-681410.687500,2136.797852,50.000000,-6.911133,0.000000,0.000000,0.000000,-724861.000000,-1871092.625000,1900757.000000,335035.593750,-305370.875000,110621.296875,-194749.578125
ml,mean,-1,2026-09-13,2126.887939,10.000000,2060.172119,50.000000,-4.496094,0.000000,0.000000,0.000000,-464820.687500,2105.358398,50.000000,-6.483398,0.000000,0.000000,0.000000,-681410.687500,2137.373779,50.000000,-6.911133,0.000000,0.000000,0.000000,-725801.750000,-1872033.000000,1900757.000000,335035.593750,-306311.593750,110621.296875,-195690.296875
ml,mean,-1,2026-09-14,2126.864746,10.000000,2060.172119,50.000000,-4.251953,0.244141,-25853.253906,257.521515,-438967.406250,2105.358398,50.000000,-6.502930,-0.019531,3709.442627,263.169769,-685120.187500,2136.542236,50.000000,-6.758789,0.152344,-19486.246094,349.422852,-705507.500000,-1829595.125000,1859127.000000,335905.687500,-306373.656250,110621.296875,-195752.375000
ml,mean,-1,2026-09-15,2126.431396,10.000000,2060.172119,50.000000,-4.330078,-0.078125,8201.407227,257.521515,-447168.812500,2105.358398,50.000000,-6.417969,0.084961,-9951.089844,263.042572,-675169.000000,2135.281982,50.000000,-7.100586,-0.341797,36884.488281,350.113373,-742878.687500,-1865216.500000,1894261.625000,336776.375000,-307731.000000,110621.296875,-197109.734375
ml,mean,-1,2026-09-16,2127.743408,10.000000,2060.172119,50.000000,-4.154297,0.175781,-18124.359375,257.521515,-429044.437500,2105.358398,50.000000,-6.564453,-0.146484,16503.070312,263.169769,-691672.062500,2137.156738,50.000000,-7.230469,-0.129883,8029.993164,351.319244,-751383.750000,-1872100.250000,1900670.500000,337648.406250,-309078.156250,110621.296875,-198456.859375
ml,mean,-1,2026-09-17,2126.910400,10.000000,2060.172119,50.000000,-4.271484,-0.117188,12369.972656,257.521515,-441414.406250,2105.358398,50.000000,-6.417969,0.146484,-16201.154297,263.169769,-675470.937500,2136.332520,50.000000,-7.560547,-0.330078,40757.265625,337.705688,-791835.125000,-1908720.500000,1937596.625000,338506.750000,-309630.750000,110621.296875,-199009.468750
ml,mean,-1,2026-09-18,2127.697754,10.000000,2060.172119,50.000000,-4.007812,0.263672,-27659.816406,257.521515,-413754.625000,2105.358398,50.000000,-6.512695,-0.094727,10039.336914,263.021179,-685510.312500,2135.975342,50.000000,-7.525391,0.035156,7405.224609,323.480957,-799071.875000,-1898336.750000,1927381.375000,339350.812500,-310306.156250,110621.296875,-199684.859375
ml,mean,-1,2026-09-19,2126.959229,10.000000,2060.172119,50.000000,-4.007812,0.000000,0.000000,0.000000,-413754.625000,2105.358398,50.000000,-6.512695,0.000000,0.000000,0.000000,-685510.312500,2134.875000,50.000000,-7.525391,0.000000,0.000000,0.000000,-798965.375000,-1898230.250000,1927381.375000,339350.812500,-310199.687500,110621.296875,-199578.406250
ml,mean,-1,2026-09-20,2127.593262,10.000000,2060.172119,50.000000,-4.007812,0.000000,0.000000,0.000000,-413754.625000,2105.358398,50.000000,-6.512695,0.000000,0.000000,0.000000,-685510.312500,2135.503174,50.000000,-7.525391,0.000000,0.000000,0.000000,-799602.875000,-1898867.750000,1927381.375000,339350.812500,-310837.218750,110621.296875,-200215.937500
ml,mean,-1,2026-09-21,2128.872559,10.000000,2060.172119,50.000000,-4.339844,-0.332031,34684.687500,257.521515,-448439.250000,2105.358398,50.000000,-6.330078,0.182617,-19426.433594,263.020111,-666083.812500,2136.972412,50.000000,-7.753906,-0.228516,22727.083984,332.188599,-822161.062500,-1936684.125000,1965366.750000,340203.500000,-311521.031250,110621.296875,-200899.718750
ml,mean,-1,2026-09-22,2130.475098,10.000000,2060.172119,50.000000,-4.007812,0.332031,-34620.554688,257.521515,-413818.750000,2105.358398,50.000000,-6.154297,0.175781,-19871.496094,263.169769,-646212.312500,2138.429688,50.000000,-7.818359,-0.064453,6594.657227,319.669098,-829290.687500,-1889321.750000,1917469.250000,341043.875000,-312896.281250,110621.296875,-202275.000000
ml,mean,-1,2026-09-23,2132.000488,10.000000,2060.172119,50.000000,-4.281250,-0.273438,27389.417969,257.521515,-441208.125000,2105.358398,50.000000,-6.154297,0.000000,1604.158203,263.169769,-647816.500000,2139.872803,50.000000,-7.808594,0.009766,-77.476562,320.671417,-829545.312500,-1918570.000000,1946385.500000,341885.250000,-314069.812500,110621.296875,-203448.531250
ml,mean,-1,2026-09-24,2132.396729,10.000000,2060.172119,50.000000,-3.929688,0.351562,-35386.242188,257.521515,-405821.906250,2105.358398,50.000000,-6.193359,-0.039062,4752.234863,263.169769,-652568.750000,2139.626221,50.000000,-8.133789,-0.325195,38335.222656,316.665802,-867367.125000,-1925757.750000,1954086.625000,342722.593750,-314393.781250,110621.296875,-203772.500000
ml,mean,-1,2026-09-25,2133.740967,10.000000,2060.172119,50.000000,-4.085938,-0.156250,15799.889648,257.521515,-421621.812500,2105.358398,50.000000,-6.066406,0.126953,-13527.740234,263.169769,-639041.000000,2141.615234,50.000000,-8.098633,0.035156,1627.202148,321.284485,-869461.687500,-1930124.625000,1957986.000000,343564.593750,-315703.156250,110621.296875,-205081.859375
ml,mean,-1,2026-09-26,2132.860596,10.000000,2060.172119,50.000000,-4.085938,0.000000,0.000000,0.000000,-421621.812500,2105.358398,50.000000,-6.066406,0.000000,0.000000,0.000000,-639041.000000,2140.766602,50.000000,-8.098633,0.000000,0.000000,0.000000,-868570.875000,-1929233.750000,1957986.000000,343564.593750,-314812.375000,110621.296875,-204191.078125
ml,mean,-1,2026-09-27,2132.689209,10.000000,2060.172119,50.000000,-4.085938,0.000000,0.000000,0.000000,-421621.812500,2105.358398,50.000000,-6.066406,0.000000,0.000000,0.000000,-639041.000000,2140.338867,50.000000,-8.098633,0.000000,0.000000,0.000000,-867230.000000,-1927892.875000,1957986.000000,343564.593750,-313471.437500,110621.296875,-202850.140625
ml,mean,-1,2026-09-28,2132.876709,10.000000,2060.172119,50.000000,-3.949219,0.136719,-14220.120117,257.521515,-407401.687500,2105.358398,50.000000,-6.085938,-0.019531,-659.810547,263.169769,-638381.187500,2140.989502,50.000000,-8.240234,-0.141602,20085.601562,300.054871,-887215.500000,-1932998.500000,1963191.750000,344385.343750,-314192.062500,110621.296875,-203570.781250
ml,mean,-1,2026-09-29,2133.171143,10.000000,2060.172119,50.000000,-4.017578,-0.068359,7153.231934,257.521515,-414554.875000,2105.358398,50.000000,-6.095703,-0.009766,2904.794922,263.169769,-641286.000000,2139.988770,50.000000,-7.855469,0.384766,-47283.683594,308.354126,-839571.625000,-1895412.625000,1925965.875000,345214.375000,-314660.937500,110621.296875,-204039.640625
ml,mean,-1,2026-09-30,2133.133057,10.000000,2060.172119,50.000000,-4.056641,-0.039062,4247.850586,257.521515,-418802.750000,2105.358398,50.000000,-6.154297,-0.058594,6802.646484,263.169769,-648088.687500,2139.199707,50.000000,-7.921875,-0.066406,3887.862793,316.484863,-841885.000000,-1908776.250000,1940904.375000,346051.562500,-313923.531250,110621.296875,-203302.250000
ml,mean,-1,2026-10-01,2134.281982,10.000000,2060.172119,50.000000,-4.115234,-0.058594,6434.677246,257.521515,-425237.437500,2105.358398,50.000000,-6.007812,0.146484,-15866.515625,263.169769,-632222.125000,2139.774170,50.000000,-8.082031,-0.160156,19153.457031,310.600647,-860728.937500,-1918188.500000,1950626.000000,346882.843750,-314445.343750,110621.296875,-203824.031250
ml,mean,-1,2026-10-02,2133.977051,10.000000,2060.172119,50.000000,-3.968750,0.146484,-15406.237305,257.521515,-409831.187500,2105.358398,50.000000,-6.017578,-0.009766,1256.989502,263.169769,-633479.125000,2140.116455,50.000000,-8.191406,-0.109375,13510.688477,301.833496,-873513.875000,-1916824.125000,1949987.375000,347705.375000,-314542.125000,110621.296875,-203920.843750
ml,mean,-1,2026-10-03,2134.538574,10.000000,2060.172119,50.000000,-3.968750,0.000000,0.000000,0.000000,-409831.187500,2105.358398,50.000000,-6.017578,0.000000,0.000000,0.000000,-633479.125000,2140.312500,50.000000,-8.191406,0.000000,0.000000,0.000000,-872983.125000,-1916293.500000,1949987.375000,347705.375000,-314011.406250,110621.296875,-203390.109375
ml,mean,-1,2026-10-04,2135.719238,10.000000,2060.172119,50.000000,-3.968750,0.000000,0.000000,0.000000,-409831.187500,2105.358398,50.000000,-6.017578,0.000000,0.000000,0.000000,-633479.125000,2141.734863,50.000000,-8.191406,0.000000,0.000000,0.000000,-874023.500000,-1917333.750000,1949987.375000,347705.375000,-315051.781250,110621.296875,-204430.500000
ml,mean,-1,2026-10-05,2135.208740,10.000000,2060.172119,50.000000,-0.707031,3.261719,-336908.750000,257.521515,-72922.437500,2105.358398,50.000000,-2.248047,3.769531,-396170.250000,263.169769,-237308.843750,2141.197021,50.000000,-6.023438,2.167969,-224485.000000,273.937561,-650128.062500,-960359.312500,992423.500000,348499.968750,-316435.937500,110621.296875,-205814.640625
ml,mean,-1,2026-10-06,2135.076660,10.000000,2060.172119,50.000000,-0.921875,-0.214844,21758.265625,257.521515,-94680.710938,2105.358398,50.000000,-1.789062,0.458984,-50173.558594,263.169769,-187135.312500,2140.922852,50.000000,-4.776367,1.247070,-129941.109375,270.909729,-520250.250000,-802066.312500,834067.000000,349291.593750,-317290.843750,110621.296875,-206669.562500
ml,mean,-1,2026-10-07,2135.302979,10.000000,2060.172119,50.000000,-0.619141,0.302734,-30740.427734,257.521515,-63940.277344,2105.358398,50.000000,-1.964844,-0.175781,19285.724609,263.169769,-206421.031250,2139.718750,50.000000,-4.162109,0.614258,-69223.312500,271.274139,-450579.593750,-720940.875000,753389.000000,350083.562500,-317635.468750,110621.296875,-207014.156250
ml,mean,-1,2026-10-08,2135.849365,10.000000,2060.172119,50.000000,-0.892578,-0.273438,27961.519531,257.521515,-91901.804688,2105.358398,50.000000,-1.779297,0.185547,-20756.390625,263.169769,-185664.640625,2139.681641,50.000000,-3.569336,0.592773,-56553.835938,275.954712,-394525.093750,-672091.562500,704040.312500,350880.218750,-318931.437500,110621.296875,-208310.140625
ml,mean,-1,2026-10-09,2135.876221,10.000000,2060.172119,50.000000,-0.619141,0.273438,-27979.677734,257.521515,-63922.121094,2105.358398,50.000000,-1.847656,-0.068359,8691.266602,263.169769,-194355.937500,2139.381836,50.000000,-3.477539,0.091797,-8867.132812,265.467712,-385982.437500,-644260.437500,675884.750000,351666.375000,-320042.093750,110621.296875,-209420.750000
ml,mean,-1,2026-10-10,2136.623779,10.000000,2060.172119,50.000000,-0.619141,0.000000,0.000000,0.000000,-63922.121094,2105.358398,50.000000,-1.847656,0.000000,0.000000,0.000000,-194355.937500,2140.540039,50.000000,-3.477539,0.000000,0.000000,0.000000,-386984.250000,-645262.250000,675884.750000,351666.375000,-321043.875000,110621.296875,-210422.578125
ml,mean,-1,2026-10-11,2136.488770,10.000000,2060.172119,50.000000,-0.619141,0.000000,0.000000,0.000000,-63922.121094,2105.358398,50.000000,-1.847656,0.000000,0.000000,0.000000,-194355.937500,2139.480469,50.000000,-3.477539,0.000000,0.000000,0.000000,-387577.406250,-645855.500000,675884.750000,351666.375000,-321637.093750,110621.296875,-211015.781250
ml,mean,-1,2026-10-12,2136.515381,10.000000,2060.172119,50.000000,-0.619141,0.000000,0.000000,0.000000,-63922.121094,2105.358398,50.000000,-1.847656,0.000000,0.000000,0.000000,-194355.937500,2139.693848,50.000000,-3.477539,0.000000,0.000000,0.000000,-386895.031250,-645173.062500,675884.750000,351666.375000,-320954.625000,110621.296875,-210333.359375
ml,mean,-1,2026-10-13,2137.123779,10.000000,2060.172119,50.000000,-0.716797,-0.097656,9714.441406,257.521515,-73636.570312,2105.358398,50.000000,-1.564453,0.283203,-31277.455078,263.169769,-163078.468750,2140.261719,50.000000,-2.587891,0.889648,-98470.468750,265.681763,-288594.937500,-525309.937500,555851.312500,352452.750000,-321911.406250,110621.296875,-211290.109375
ml,mean,-1,2026-10-14,2138.384277,10.000000,2060.172119,50.000000,-0.404297,0.312500,-32075.845703,257.521515,-41560.714844,2105.358398,50.000000,-1.505859,0.058594,-4443.165039,263.169769,-158635.281250,2141.381348,50.000000,-1.878906,0.708984,-74270.656250,269.849854,-215424.812500,-415620.812500,445061.625000,353243.312500,-323802.468750,110621.296875,-213181.156250
ml,mean,-1,2026-10-15,2138.975342,10.000000,2060.172119,50.000000,-0.638672,-0.234375,23885.515625,257.521515,-65446.238281,2105.358398,50.000000,-1.476562,0.029297,-3951.238281,263.169769,-154684.062500,2141.894043,50.000000,-1.077148,0.801758,-87645.687500,265.487091,-127891.437500,-348021.687500,377350.218750,354029.500000,-324700.968750,110621.296875,-214079.656250
ml,mean,-1,2026-10-16,2140.604980,10.000000,2060.172119,50.000000,-0.296875,0.341797,-35217.140625,257.521515,-30229.089844,2105.358398,50.000000,-1.496094,-0.019531,2477.801514,263.169769,-157161.843750,2143.755371,50.000000,-0.351562,0.725586,-76351.968750,268.165619,-51070.601562,-238461.562500,268258.937500,354818.343750,-325020.937500,110621.296875,-214399.656250
ml,mean,-1,2026-10-17,2141.971436,10.000000,2060.172119,50.000000,-0.296875,0.000000,0.000000,0.000000,-30229.089844,2105.358398,50.000000,-1.496094,0.000000,0.000000,0.000000,-157161.843750,2144.935791,50.000000,-0.351562,0.000000,0.000000,0.000000,-50874.265625,-238265.218750,268258.937500,354818.343750,-324824.625000,110621.296875,-214203.312500
ml,mean,-1,2026-10-18,2141.718750,10.000000,2060.172119,50.000000,-0.296875,0.000000,0.000000,0.000000,-30229.089844,2105.358398,50.000000,-1.496094,0.000000,0.000000,0.000000,-157161.843750,2144.378906,50.000000,-0.351562,0.000000,0.000000,0.000000,-51241.437500,-238632.390625,268258.937500,354818.343750,-325191.781250,110621.296875,-214570.484375
ml,mean,-1,2026-10-19,2139.760010,10.000000,2060.172119,50.000000,-0.501953,-0.205078,21236.902344,257.521515,-51465.996094,2105.358398,50.000000,-1.085938,0.410156,-44481.636719,263.169769,-112680.218750,2142.039307,50.000000,1.475586,1.827148,-196240.359375,275.692596,145161.750000,-18984.472656,48773.832031,355614.687500,-325825.312500,110621.296875,-215204.046875
ml,mean,-1,2026-10-20,2140.264160,10.000000,2060.172119,50.000000,-0.208984,0.292969,-29835.027344,257.521515,-21630.966797,2105.358398,50.000000,-1.037109,0.048828,-2675.849121,263.169769,-110004.375000,2142.382812,50.000000,2.309570,0.833984,-88417.804688,273.882202,233426.046875,101790.726562,-72154.851562,356409.281250,-326773.406250,110621.296875,-216152.109375
ml,mean,-1,2026-10-21,2140.025391,10.000000,2060.172119,50.000000,-0.453125,-0.244141,24692.769531,257.521515,-46323.738281,2105.358398,50.000000,-0.968750,0.068359,-8365.958008,263.169769,-101638.414062,2141.584473,50.000000,3.415039,1.105469,-123318.601562,267.655701,355913.312500,207951.156250,-179146.625000,357197.625000,-328393.125000,110621.296875,-217771.812500
ml,mean,-1,2026-10-22,2141.062500,10.000000,2060.172119,50.000000,-0.003906,0.449219,-46020.382812,257.521515,-303.358276,2105.358398,50.000000,-0.949219,0.019531,-423.030273,263.169769,-101215.390625,2142.536621,50.000000,3.874023,0.458984,-53495.187500,265.331055,410022.687500,308503.968750,-279085.250000,357983.625000,-328564.937500,110621.296875,-217943.640625
ml,mean,-1,2026-10-23,2141.251953,10.000000,2060.172119,50.000000,-0.365234,-0.361328,36999.628906,257.521515,-37302.984375,2105.358398,50.000000,-0.646484,0.302734,-31701.121094,263.169769,-69514.257812,2142.197510,50.000000,4.621094,0.747070,-82912.046875,256.918274,492434.500000,385617.250000,-356698.718750,358761.250000,-329842.781250,110621.296875,-219221.484375
ml,mean,-1,2026-10-24,2141.639404,10.000000,2060.172119,50.000000,-0.365234,0.000000,0.000000,0.000000,-37302.984375,2105.358398,50.000000,-0.646484,0.000000,0.000000,0.000000,-69514.257812,2143.059570,50.000000,4.621094,0.000000,0.000000,0.000000,492354.125000,385536.843750,-356698.718750,358761.250000,-329923.156250,110621.296875,-219301.859375
ml,mean,-1,2026-10-25,2141.716797,10.000000,2060.172119,50.000000,-0.365234,0.000000,0.000000,0.000000,-37302.984375,2105.358398,50.000000,-0.646484,0.000000,0.000000,0.000000,-69514.257812,2143.273438,50.000000,4.621094,0.000000,0.000000,0.000000,492240.281250,385423.062500,-356698.718750,358761.250000,-330036.937500,110621.296875,-219415.671875
ml,mean,-1,2026-10-26,2141.849609,10.000000,2060.172119,50.000000,0.865234,1.230469,-126336.515625,257.521515,89033.515625,2105.358398,50.000000,0.507812,1.154297,-121730.382812,263.266449,52216.125000,2143.064941,50.000000,5.056641,0.435547,-42882.539062,233.953064,535094.937500,676344.562500,-647648.125000,359516.031250,-330819.625000,110621.296875,-220198.328125
ml,mean,-1,2026-10-27,2142.348877,10.000000,2060.172119,50.000000,1.883789,1.018555,-103346.570312,256.669037,192380.093750,2105.358398,50.000000,1.864258,1.356445,-142405.453125,262.844421,194621.593750,2142.662109,50.000000,5.583008,0.526367,-54441.265625,207.131943,588806.500000,975808.125000,-947841.437500,360242.656250,-332276.000000,110621.296875,-221654.718750
ml,mean,-1,2026-10-28,2142.381348,10.000000,2060.172119,50.000000,3.475586,1.591797,-163921.625000,246.589661,356301.687500,2105.358398,50.000000,3.519531,1.655273,-174960.203125,251.162659,369581.781250,2142.810059,50.000000,5.743164,0.160156,-19386.539062,167.667679,608106.500000,1333990.000000,-1306109.875000,360908.062500,-333027.875000,110621.296875,-222406.578125
ml,mean,-1,2026-10-29,2143.090088,10.000000,2060.172119,50.000000,0.000000,-3.475586,356301.687500,219.035370,0.000000,2105.358398,50.000000,0.000000,-3.519531,369581.781250,242.181793,0.000000,2143.609375,50.000000,0.000000,-5.743164,607915.375000,326.184723,0.000000,0.000000,27689.023438,361695.468750,-334006.437500,110621.296875,-223385.125000
ml,mean,-1,2026-10-30,2142.528809,10.000000,2060.172119,50.000000,0.000000,0.000000,0.000000,0.000000,0.000000,2105.358398,50.000000,0.000000,0.000000,0.000000,0.000000,0.000000,2143.609375,50.000000,0.000000,0.000000,0.000000,0.000000,0.000000,0.000000,27689.023438,361695.468750,-334006.437500,110621.296875,-223385.125000
