policy,case,path_idx,day,spot,spread_bps,PL_APR_2026_futures,PL_APR_2026_contract_size,PL_APR_2026_position,PL_APR_2026_trade,PL_APR_2026_trade_cash,PL_APR_2026_trade_cost,PL_APR_2026_position_mtm,PL_JUL_2026_futures,PL_JUL_2026_contract_size,PL_JUL_2026_position,PL_JUL_2026_trade,PL_JUL_2026_trade_cash,PL_JUL_2026_trade_cost,PL_JUL_2026_position_mtm,PL_OCT_2026_futures,PL_OCT_2026_contract_size,PL_OCT_2026_position,PL_OCT_2026_trade,PL_OCT_2026_trade_cash,PL_OCT_2026_trade_cost,PL_OCT_2026_position_mtm,portfolio_position_mtm,portfolio_cum_trade_cash,portfolio_cum_trade_cost,hedge_portfolio_ex_funding,mtm_ex_post_settle_discount,total_ex_funding_discount
ml,worst,356,2026-04-10,2055.000244,10.000000,2026.171509,50.000000,-3.000000,-3.000000,303925.718750,151.962860,-303925.718750,2047.068848,50.000000,-3.000000,-3.000000,307060.312500,153.530151,-307060.312500,2070.749756,50.000000,-7.000000,-7.000000,724762.375000,362.381195,-724762.375000,-1335748.375000,1335748.375000,667.874207,-667.874207,4854.181641,4186.307617
ml,worst,356,2026-04-11,2030.958862,10.000000,2041.167236,50.000000,-3.000000,0.000000,-0.000000,0.000000,-306175.093750,2062.593506,50.000000,-3.000000,0.000000,-0.000000,0.000000,-309389.000000,2086.301514,50.000000,-7.000000,0.000000,-0.000000,0.000000,-730205.500000,-1345769.625000,1335748.375000,667.874207,-10689.124023,-53425.378906,-64114.503906
ml,worst,356,2026-04-12,1951.942017,10.000000,1949.473267,50.000000,-3.000000,0.000000,-0.000000,0.000000,-292421.000000,1971.012085,50.000000,-3.000000,0.000000,-0.000000,0.000000,-295651.812500,1993.324341,50.000000,-7.000000,0.000000,-0.000000,0.000000,-697663.500000,-1285736.250000,1335748.375000,667.874207,49344.250000,-248450.953125,-199106.703125
ml,worst,356,2026-04-13,1975.459351,10.000000,1987.353882,50.000000,-1.000000,2.000000,-198735.390625,99.367691,-99367.695312,2010.740112,50.000000,-1.000000,2.000000,-201074.015625,100.537003,-100537.007812,2034.969604,50.000000,-4.000000,3.000000,-305245.437500,152.622711,-406993.906250,-606898.625000,630693.562500,1020.401611,22774.535156,-188956.328125,-166181.796875
ml,worst,356,2026-04-14,1974.983765,10.000000,1976.391357,50.000000,-4.000000,-3.000000,296458.687500,148.229340,-395278.281250,1999.661865,50.000000,-9.000000,-8.000000,799864.750000,399.932373,-899847.875000,2023.516602,50.000000,-2.000000,2.000000,-202351.656250,101.175819,-202351.656250,-1497477.750000,1524665.250000,1669.739014,25517.761719,-194820.656250,-169302.890625
ml,worst,356,2026-04-15,1990.164307,10.000000,1998.077515,50.000000,-1.000000,3.000000,-299711.625000,149.855804,-99903.875000,2019.527466,50.000000,-5.000000,4.000000,-403905.500000,201.952744,-504881.875000,2043.162720,50.000000,-10.000000,-8.000000,817265.062500,408.632507,-1021581.375000,-1626367.125000,1638313.250000,2430.180176,9515.945312,-148277.125000,-138761.187500
ml,worst,356,2026-04-16,1953.364624,10.000000,1936.267822,50.000000,-4.000000,-3.000000,290440.187500,145.220078,-387253.562500,1956.706543,50.000000,-2.000000,3.000000,-293505.968750,146.752975,-195670.656250,1979.166504,50.000000,-7.000000,3.000000,-296874.968750,148.437485,-692708.312500,-1275632.500000,1338372.500000,2870.590820,59869.410156,-234475.031250,-174605.625000
ml,worst,356,2026-04-17,1971.202515,10.000000,1967.382935,50.000000,-2.000000,2.000000,-196738.296875,98.369148,-196738.296875,1986.880249,50.000000,0.000000,2.000000,-198688.031250,99.344009,0.000000,2008.385498,50.000000,-4.000000,3.000000,-301257.812500,150.628906,-401677.093750,-598415.375000,641688.375000,3218.932861,40054.066406,-188170.078125,-148116.015625
ml,worst,356,2026-04-18,1954.061523,10.000000,1935.657471,50.000000,-2.000000,0.000000,-0.000000,0.000000,-193565.750000,1954.716431,50.000000,0.000000,0.000000,-0.000000,0.000000,0.000000,1975.760620,50.000000,-4.000000,0.000000,-0.000000,0.000000,-395152.125000,-588717.875000,641688.375000,3218.932861,49751.566406,-223046.906250,-173295.343750
ml,worst,356,2026-04-19,1892.598999,10.000000,1889.662720,50.000000,-2.000000,0.000000,-0.000000,0.000000,-188966.265625,1907.378296,50.000000,0.000000,0.000000,-0.000000,0.000000,0.000000,1928.014526,50.000000,-4.000000,0.000000,-0.000000,0.000000,-385602.906250,-574569.187500,641688.375000,3218.932861,63900.253906,-375388.156250,-311487.906250
ml,worst,356,2026-04-20,1861.396484,10.000000,1856.493042,50.000000,-5.000000,-3.000000,278473.937500,139.236969,-464123.250000,1873.535156,50.000000,-3.000000,-3.000000,281030.281250,140.515121,-281030.281250,1894.685791,50.000000,-12.000000,-8.000000,757874.312500,378.937134,-1136811.500000,-1881965.000000,1959066.875000,3877.622070,73224.250000,-444656.281250,-371432.031250
ml,worst,356,2026-04-21,1810.769653,10.000000,1796.823608,50.000000,-2.000000,3.000000,-269523.531250,134.761765,-179682.359375,1812.601440,50.000000,-1.000000,2.000000,-181260.140625,90.630066,-90630.070312,1832.345215,50.000000,-9.000000,3.000000,-274851.781250,137.425888,-824555.375000,-1094867.750000,1233431.500000,4240.439941,134323.312500,-569712.750000,-435389.437500
ml,worst,356,2026-04-22,1813.511353,10.000000,1801.883423,50.000000,0.000000,2.000000,-180188.343750,90.094170,0.000000,1818.294067,50.000000,-4.000000,-3.000000,272744.125000,136.372040,-363658.812500,1837.487427,50.000000,-6.000000,3.000000,-275623.125000,137.811554,-551246.250000,-914905.062500,1050364.125000,4604.717773,130854.343750,-557558.500000,-426704.156250
ml,worst,356,2026-04-23,1806.498047,10.000000,1796.488647,50.000000,-3.000000,-3.000000,269473.281250,134.736649,-269473.281250,1812.342896,50.000000,-2.000000,2.000000,-181234.296875,90.617149,-181234.296875,1831.638062,50.000000,-3.000000,3.000000,-274745.687500,137.372849,-274745.687500,-725453.250000,863857.375000,4967.444336,133436.687500,-563917.562500,-430480.875000
ml,worst,356,2026-04-24,1793.883179,10.000000,1800.912109,50.000000,-1.000000,2.000000,-180091.218750,90.045609,-90045.609375,1817.936890,50.000000,-5.000000,-3.000000,272690.531250,136.345261,-454484.218750,1838.372437,50.000000,-11.000000,-8.000000,735349.000000,367.674500,-1011104.875000,-1555634.750000,1691805.750000,5561.509766,130609.492188,-587809.312500,-457199.812500
ml,worst,356,2026-04-25,1802.176392,10.000000,1833.093628,50.000000,-1.000000,0.000000,-0.000000,0.000000,-91654.679688,1850.034058,50.000000,-5.000000,0.000000,-0.000000,0.000000,-462508.500000,1870.063965,50.000000,-11.000000,0.000000,-0.000000,0.000000,-1028535.125000,-1582698.250000,1691805.750000,5561.509766,103545.992188,-560329.000000,-456783.000000
ml,worst,356,2026-04-26,1806.111328,10.000000,1829.594482,50.000000,-1.000000,0.000000,-0.000000,0.000000,-91479.726562,1846.256958,50.000000,-5.000000,0.000000,-0.000000,0.000000,-461564.250000,1865.471191,50.000000,-11.000000,0.000000,-0.000000,0.000000,-1026009.187500,-1579053.250000,1691805.750000,5561.509766,107190.992188,-556877.375000,-449686.375000
ml,worst,356,2026-04-27,1821.727783,10.000000,1833.998413,50.000000,-9.000000,-8.000000,733599.375000,366.799683,-825299.312500,1851.108032,50.000000,-2.000000,3.000000,-277666.218750,138.833099,-185110.796875,1870.388916,50.000000,-8.000000,3.000000,-280558.343750,140.279160,-748155.562500,-1758565.750000,1867180.500000,6207.421387,102407.328125,-512909.093750,-410501.750000
ml,worst,356,2026-04-28,1812.389404,10.000000,1800.346924,50.000000,-6.000000,3.000000,-270052.062500,135.026016,-540104.125000,1815.851440,50.000000,-5.000000,-3.000000,272377.718750,136.188843,-453962.843750,1833.147217,50.000000,-5.000000,3.000000,-274972.062500,137.486053,-458286.812500,-1452353.750000,1594534.250000,6616.122070,135564.375000,-530570.000000,-395005.625000
ml,worst,356,2026-04-29,1820.282959,10.000000,1807.912964,50.000000,-3.000000,3.000000,-271186.937500,135.593475,-271186.937500,1821.878174,50.000000,-2.000000,3.000000,-273281.750000,136.640854,-182187.812500,1838.608398,50.000000,-2.000000,3.000000,-275791.250000,137.895630,-183860.843750,-637235.625000,774274.187500,7026.252930,130012.312500,-505790.687500,-375778.375000
ml,worst,356,2026-04-30,1848.694336,10.000000,1807.912964,50.000000,0.000000,3.000000,-271186.937500,135.593475,0.000000,1851.061890,50.000000,0.000000,2.000000,-185106.187500,92.553093,0.000000,1868.185303,50.000000,-10.000000,-8.000000,747274.125000,373.637054,-934092.687500,-934092.687500,1065255.250000,7628.036133,123534.523438,-439160.312500,-315625.781250
ml,worst,356,2026-05-01,1809.965088,10.000000,1807.912964,50.000000,-3.000000,-3.000000,271186.937500,135.593475,-271186.937500,1796.049683,50.000000,-3.000000,-3.000000,269407.437500,134.703720,-269407.437500,1811.760620,50.000000,-7.000000,3.000000,-271764.093750,135.882050,-634116.187500,-1174710.500000,1334085.500000,8034.214844,151340.781250,-537333.125000,-385992.343750
ml,worst,356,2026-05-02,1828.694092,10.000000,1807.912964,50.000000,-3.000000,0.000000,-0.000000,0.000000,-271186.937500,1850.449219,50.000000,-3.000000,0.000000,-0.000000,0.000000,-277567.375000,1866.366333,50.000000,-7.000000,0.000000,-0.000000,0.000000,-653228.250000,-1201982.500000,1334085.500000,8034.214844,124068.781250,-487951.625000,-363882.843750
ml,worst,356,2026-05-03,1822.103149,10.000000,1807.912964,50.000000,-3.000000,0.000000,-0.000000,0.000000,-271186.937500,1835.342529,50.000000,-3.000000,0.000000,-0.000000,0.000000,-275301.375000,1850.593018,50.000000,-7.000000,0.000000,-0.000000,0.000000,-647707.562500,-1194195.875000,1334085.500000,8034.214844,131855.406250,-505265.781250,-373410.375000
ml,worst,356,2026-05-04,1821.606201,10.000000,1807.912964,50.000000,0.000000,3.000000,-271186.937500,135.593475,0.000000,1824.779297,50.000000,-1.000000,2.000000,-182477.937500,91.238968,-91238.968750,1838.659668,50.000000,-4.000000,3.000000,-275798.937500,137.899475,-367731.937500,-458970.906250,604621.687500,8398.947266,137251.828125,-507595.375000,-370343.562500
ml,worst,356,2026-05-05,1817.219727,10.000000,1807.912964,50.000000,-3.000000,-3.000000,271186.937500,135.593475,-271186.937500,1834.658325,50.000000,-9.000000,-8.000000,733863.312500,366.931641,-825596.312500,1849.025391,50.000000,-2.000000,2.000000,-184902.531250,92.451263,-184902.531250,-1281685.750000,1424769.500000,8993.923828,134089.828125,-519969.218750,-385879.375000
ml,worst,356,2026-05-06,1813.220825,10.000000,1807.912964,50.000000,0.000000,3.000000,-271186.937500,135.593475,0.000000,1841.637695,50.000000,-5.000000,4.000000,-368327.531250,184.163757,-460409.437500,1857.971680,50.000000,-10.000000,-8.000000,743188.687500,371.594330,-928985.812500,-1389395.250000,1528443.625000,9685.275391,129363.101562,-537027.937500,-407664.843750
ml,worst,356,2026-05-07,1782.454102,10.000000,1807.912964,50.000000,-3.000000,-3.000000,271186.937500,135.593475,-271186.937500,1788.751221,50.000000,-2.000000,3.000000,-268312.687500,134.156342,-178875.125000,1806.073730,50.000000,-7.000000,3.000000,-270911.062500,135.455536,-632125.750000,-1082187.750000,1260406.750000,10090.480469,168128.515625,-611962.750000,-443834.250000
ml,worst,356,2026-05-08,1786.922607,10.000000,1807.912964,50.000000,0.000000,3.000000,-271186.937500,135.593475,0.000000,1809.473877,50.000000,0.000000,2.000000,-180947.390625,90.473694,0.000000,1826.405151,50.000000,-4.000000,3.000000,-273960.781250,136.980377,-365281.031250,-365281.031250,534311.687500,10453.527344,158577.125000,-604419.812500,-445842.687500
ml,worst,356,2026-05-09,1765.121826,10.000000,1807.912964,50.000000,0.000000,0.000000,-0.000000,0.000000,0.000000,1773.872192,50.000000,0.000000,0.000000,-0.000000,0.000000,0.000000,1789.882446,50.000000,-4.000000,0.000000,-0.000000,0.000000,-357976.500000,-357976.500000,534311.687500,10453.527344,165881.656250,-661850.500000,-495968.843750
ml,worst,356,2026-05-10,1737.124023,10.000000,1807.912964,50.000000,0.000000,0.000000,-0.000000,0.000000,0.000000,1741.907715,50.000000,0.000000,0.000000,-0.000000,0.000000,0.000000,1757.912964,50.000000,-4.000000,0.000000,-0.000000,0.000000,-351582.593750,-351582.593750,534311.687500,10453.527344,172275.562500,-730824.812500,-558549.250000
ml,worst,356,2026-05-11,1730.774170,10.000000,1807.912964,50.000000,-3.000000,-3.000000,271186.937500,135.593475,-271186.937500,1734.682251,50.000000,-3.000000,-3.000000,260202.343750,130.101166,-260202.343750,1750.103638,50.000000,-12.000000,-8.000000,700041.437500,350.020721,-1050062.250000,-1581451.500000,1765742.500000,11069.244141,173221.750000,-744743.750000,-571522.000000
ml,worst,356,2026-05-12,1740.117798,10.000000,1807.912964,50.000000,0.000000,3.000000,-271186.937500,135.593475,0.000000,1738.396118,50.000000,-1.000000,2.000000,-173839.609375,86.919807,-86919.804688,1746.266846,50.000000,-9.000000,3.000000,-261940.031250,130.970001,-785820.062500,-872739.875000,1058775.875000,11422.726562,174613.281250,-727808.125000,-553194.875000
ml,worst,356,2026-05-13,1732.040649,10.000000,1807.912964,50.000000,-3.000000,-3.000000,271186.937500,135.593475,-271186.937500,1735.674683,50.000000,-4.000000,-3.000000,260351.203125,130.175598,-347134.937500,1743.257812,50.000000,-6.000000,3.000000,-261488.671875,130.744324,-522977.343750,-1141299.250000,1328825.250000,11819.240234,175706.765625,-749408.562500,-573701.812500
ml,worst,356,2026-05-14,1712.392334,10.000000,1807.912964,50.000000,0.000000,3.000000,-271186.937500,135.593475,0.000000,1727.368042,50.000000,-1.000000,3.000000,-259105.203125,129.552597,-86368.398438,1733.476074,50.000000,-3.000000,3.000000,-260021.406250,130.010712,-260021.406250,-346389.812500,538511.750000,12214.396484,179907.546875,-796508.062500,-616600.500000
ml,worst,356,2026-05-15,1712.474854,10.000000,1807.912964,50.000000,-3.000000,-3.000000,271186.937500,135.593475,-271186.937500,1718.231934,50.000000,-4.000000,-3.000000,257734.796875,128.867386,-343646.375000,1723.996582,50.000000,-11.000000,-8.000000,689598.625000,344.799286,-948198.125000,-1563031.500000,1757032.125000,12823.656250,181176.968750,-790659.187500,-609482.250000
ml,worst,356,2026-05-16,1709.241089,10.000000,1807.912964,50.000000,-3.000000,0.000000,-0.000000,0.000000,-271186.937500,1744.711304,50.000000,-4.000000,0.000000,-0.000000,0.000000,-348942.250000,1752.510498,50.000000,-11.000000,0.000000,-0.000000,0.000000,-963880.750000,-1584010.000000,1757032.125000,12823.656250,160198.468750,-797234.250000,-637035.750000
ml,worst,356,2026-05-17,1728.370972,10.000000,1807.912964,50.000000,-3.000000,0.000000,-0.000000,0.000000,-271186.937500,1759.100342,50.000000,-4.000000,0.000000,-0.000000,0.000000,-351820.062500,1765.677490,50.000000,-11.000000,0.000000,-0.000000,0.000000,-971122.625000,-1594129.625000,1757032.125000,12823.656250,150078.843750,-751000.437500,-600921.625000
ml,worst,356,2026-05-18,1721.309204,10.000000,1807.912964,50.000000,0.000000,3.000000,-271186.937500,135.593475,0.000000,1754.704590,50.000000,-2.000000,2.000000,-175470.453125,87.735222,-175470.453125,1761.448853,50.000000,-8.000000,3.000000,-264217.343750,132.108658,-704579.562500,-880050.000000,1046157.375000,13179.093750,152928.281250,-767724.500000,-614796.250000
ml,worst,356,2026-05-19,1735.725586,10.000000,1807.912964,50.000000,-3.000000,-3.000000,271186.937500,135.593475,-271186.937500,1749.046265,50.000000,-10.000000,-8.000000,699618.500000,349.809235,-874523.125000,1755.920166,50.000000,-5.000000,3.000000,-263388.031250,131.694000,-438980.031250,-1584690.000000,1753574.750000,13796.191406,155088.562500,-736537.687500,-581449.125000
ml,worst,356,2026-05-20,1713.223022,10.000000,1807.912964,50.000000,0.000000,3.000000,-271186.937500,135.593475,0.000000,1725.569092,50.000000,-7.000000,3.000000,-258835.343750,129.417679,-603949.187500,1732.082275,50.000000,-2.000000,3.000000,-259812.359375,129.906174,-173208.234375,-777157.437500,963740.125000,14191.109375,172391.578125,-790189.000000,-617797.437500
ml,worst,356,2026-05-21,1699.810303,10.000000,1807.912964,50.000000,-3.000000,-3.000000,271186.937500,135.593475,-271186.937500,1719.328613,50.000000,-4.000000,3.000000,-257899.296875,128.949646,-343865.718750,1727.744995,50.000000,-10.000000,-8.000000,691098.000000,345.548981,-863872.437500,-1478925.000000,1668125.750000,14801.201172,174399.546875,-825187.562500,-650788.000000
ml,worst,356,2026-05-22,1681.092041,10.000000,1807.912964,50.000000,0.000000,3.000000,-271186.937500,135.593475,0.000000,1697.829346,50.000000,-1.000000,3.000000,-254674.406250,127.337196,-84891.468750,1708.145508,50.000000,-7.000000,3.000000,-256221.828125,128.110901,-597850.937500,-682742.375000,886042.625000,15192.241211,188108.015625,-874384.812500,-686276.812500
ml,worst,356,2026-05-23,1681.861694,10.000000,1807.912964,50.000000,0.000000,0.000000,-0.000000,0.000000,0.000000,1696.076172,50.000000,-1.000000,0.000000,-0.000000,0.000000,-84803.812500,1712.255981,50.000000,-7.000000,0.000000,-0.000000,0.000000,-599289.625000,-684093.437500,886042.625000,15192.241211,186756.953125,-876048.625000,-689291.687500
ml,worst,356,2026-05-24,1658.516235,10.000000,1807.912964,50.000000,0.000000,0.000000,-0.000000,0.000000,0.000000,1656.055664,50.000000,-1.000000,0.000000,-0.000000,0.000000,-82802.781250,1673.429810,50.000000,-7.000000,0.000000,-0.000000,0.000000,-585700.437500,-668503.250000,886042.625000,15192.241211,202347.140625,-936962.312500,-734615.187500
ml,worst,356,2026-05-25,1649.760254,10.000000,1807.912964,50.000000,0.000000,0.000000,-0.000000,0.000000,0.000000,1652.095215,50.000000,-1.000000,0.000000,-0.000000,0.000000,-82604.757812,1670.524658,50.000000,-7.000000,0.000000,-0.000000,0.000000,-584683.625000,-667288.375000,886042.625000,15192.241211,203562.015625,-960284.250000,-756722.250000
ml,worst,356,2026-05-26,1651.641357,10.000000,1807.912964,50.000000,-3.000000,-3.000000,271186.937500,135.593475,-271186.937500,1655.851929,50.000000,-4.000000,-3.000000,248377.781250,124.188889,-331170.375000,1673.244019,50.000000,-4.000000,3.000000,-250986.593750,125.493301,-334648.812500,-937006.125000,1154620.750000,15577.517578,202037.109375,-956370.687500,-754333.562500
ml,worst,356,2026-05-27,1640.599121,10.000000,1807.912964,50.000000,0.000000,3.000000,-271186.937500,135.593475,0.000000,1643.385986,50.000000,-1.000000,3.000000,-246507.906250,123.253944,-82169.296875,1661.811157,50.000000,-2.000000,2.000000,-166181.109375,83.090553,-166181.109375,-248350.406250,470744.781250,15919.456055,206474.921875,-983050.812500,-776575.875000
ml,worst,356,2026-05-28,1641.143799,10.000000,1807.912964,50.000000,-3.000000,-3.000000,271186.937500,135.593475,-271186.937500,1643.336548,50.000000,-4.000000,-3.000000,246500.484375,123.250237,-328667.312500,1661.088745,50.000000,-10.000000,-8.000000,664435.500000,332.217743,-830544.312500,-1430398.500000,1652867.750000,16510.517578,205958.734375,-980061.937500,-774103.187500
ml,worst,356,2026-05-29,1644.124023,10.000000,1807.912964,50.000000,0.000000,3.000000,-271186.937500,135.593475,0.000000,1656.122192,50.000000,-1.000000,3.000000,-248418.328125,124.209167,-82806.109375,1672.773804,50.000000,-7.000000,3.000000,-250916.062500,125.458031,-585470.875000,-668277.000000,882346.375000,16895.777344,197173.593750,-970997.687500,-773824.125000
ml,worst,356,2026-05-30,1635.413696,10.000000,1807.912964,50.000000,0.000000,0.000000,-0.000000,0.000000,0.000000,1651.462280,50.000000,-1.000000,0.000000,-0.000000,0.000000,-82573.117188,1669.355469,50.000000,-7.000000,0.000000,-0.000000,0.000000,-584274.437500,-666847.562500,882346.375000,16895.777344,198603.031250,-995578.062500,-796975.000000
ml,worst,356,2026-05-31,1624.512329,10.000000,1807.912964,50.000000,0.000000,0.000000,-0.000000,0.000000,0.000000,1643.561035,50.000000,-1.000000,0.000000,-0.000000,0.000000,-82178.054688,1660.162231,50.000000,-7.000000,0.000000,-0.000000,0.000000,-581056.812500,-663234.875000,882346.375000,16895.777344,202215.718750,-1024634.375000,-822418.625000
ml,worst,356,2026-06-01,1632.134644,10.000000,1807.912964,50.000000,-3.000000,-3.000000,271186.937500,135.593475,-271186.937500,1649.011475,50.000000,-4.000000,-3.000000,247351.703125,123.675858,-329802.281250,1668.521240,50.000000,-4.000000,3.000000,-250278.171875,125.139099,-333704.250000,-934693.500000,1150606.875000,17280.185547,198633.187500,-1007819.312500,-809186.125000
ml,worst,356,2026-06-02,1618.131958,10.000000,1807.912964,50.000000,0.000000,3.000000,-271186.937500,135.593475,0.000000,1629.779175,50.000000,-1.000000,3.000000,-244466.875000,122.233444,-81488.960938,1648.574707,50.000000,-2.000000,2.000000,-164857.468750,82.428734,-164857.468750,-246346.437500,470095.562500,17620.441406,206128.687500,-1046216.062500,-840087.375000
ml,worst,356,2026-06-03,1613.983032,10.000000,1807.912964,50.000000,-3.000000,-3.000000,271186.937500,135.593475,-271186.937500,1640.904663,50.000000,-4.000000,-3.000000,246135.687500,123.067856,-328180.937500,1662.126099,50.000000,-10.000000,-8.000000,664850.437500,332.425201,-831063.062500,-1430431.000000,1652268.500000,18211.527344,203625.968750,-1054778.250000,-851152.250000
ml,worst,356,2026-06-04,1620.453613,10.000000,1807.912964,50.000000,0.000000,3.000000,-271186.937500,135.593475,0.000000,1639.942139,50.000000,-1.000000,3.000000,-245991.312500,122.995667,-81997.109375,1657.818604,50.000000,-7.000000,3.000000,-248672.796875,124.336395,-580236.500000,-662233.625000,886417.562500,18594.453125,205589.484375,-1038708.437500,-833118.937500
ml,worst,356,2026-06-05,1614.655029,10.000000,1807.912964,50.000000,-3.000000,-3.000000,271186.937500,135.593475,-271186.937500,1611.380493,50.000000,-4.000000,-3.000000,241707.078125,120.853531,-322276.093750,1630.404663,50.000000,-4.000000,3.000000,-244560.687500,122.280350,-326080.937500,-919543.937500,1154750.875000,18973.181641,216233.750000,-1054261.875000,-838028.125000
ml,worst,356,2026-06-06,1624.543335,10.000000,1807.912964,50.000000,-3.000000,0.000000,-0.000000,0.000000,-271186.937500,1632.958496,50.000000,-4.000000,0.000000,-0.000000,0.000000,-326591.687500,1653.825806,50.000000,-4.000000,0.000000,-0.000000,0.000000,-330765.156250,-928543.750000,1154750.875000,18973.181641,207233.937500,-1030103.937500,-822870.000000
ml,worst,356,2026-06-07,1623.158081,10.000000,1807.912964,50.000000,-3.000000,0.000000,-0.000000,0.000000,-271186.937500,1635.066895,50.000000,-4.000000,0.000000,-0.000000,0.000000,-327013.375000,1655.645264,50.000000,-4.000000,0.000000,-0.000000,0.000000,-331129.062500,-929329.375000,1154750.875000,18973.181641,206448.312500,-1037760.750000,-831312.437500
ml,worst,356,2026-06-08,1630.065674,10.000000,1807.912964,50.000000,0.000000,3.000000,-271186.937500,135.593475,0.000000,1645.970459,50.000000,-1.000000,3.000000,-246895.562500,123.447784,-82298.523438,1669.654053,50.000000,-2.000000,2.000000,-166965.406250,83.482697,-166965.406250,-249263.937500,469703.000000,19315.705078,201123.359375,-1020880.312500,-819756.937500
ml,worst,356,2026-06-09,1620.848511,10.000000,1807.912964,50.000000,-3.000000,-3.000000,271186.937500,135.593475,-271186.937500,1623.381348,50.000000,-4.000000,-3.000000,243507.203125,121.753601,-324676.281250,1644.866211,50.000000,-5.000000,-3.000000,246729.937500,123.364960,-411216.562500,-1007079.812500,1231127.125000,19696.417969,204350.890625,-1046148.562500,-841797.687500
ml,worst,356,2026-06-10,1630.350952,10.000000,1807.912964,50.000000,0.000000,3.000000,-271186.937500,135.593475,0.000000,1612.182617,50.000000,-1.000000,3.000000,-241827.390625,120.913696,-80609.132812,1633.755371,50.000000,-2.000000,3.000000,-245063.312500,122.531639,-163375.531250,-243984.656250,473049.437500,20075.457031,208989.328125,-1023334.500000,-814345.187500
ml,worst,356,2026-06-11,1625.651367,10.000000,1807.912964,50.000000,-3.000000,-3.000000,271186.937500,135.593475,-271186.937500,1638.672974,50.000000,-4.000000,-3.000000,245800.953125,122.900467,-327734.593750,1660.032349,50.000000,-10.000000,-8.000000,664012.937500,332.006470,-830016.187500,-1428937.750000,1654050.250000,20665.957031,204446.546875,-1038759.062500,-834312.500000
ml,worst,356,2026-06-12,1626.158447,10.000000,1807.912964,50.000000,0.000000,3.000000,-271186.937500,135.593475,0.000000,1637.174072,50.000000,-1.000000,3.000000,-245576.125000,122.788040,-81858.703125,1660.074097,50.000000,-7.000000,3.000000,-249011.109375,124.505554,-581025.937500,-662884.625000,888276.062500,21048.843750,204342.593750,-1038125.937500,-833783.375000
ml,worst,356,2026-06-13,1636.386353,10.000000,1807.912964,50.000000,0.000000,0.000000,-0.000000,0.000000,0.000000,1658.764404,50.000000,-1.000000,0.000000,-0.000000,0.000000,-82938.218750,1683.391968,50.000000,-7.000000,0.000000,-0.000000,0.000000,-589187.187500,-672125.375000,888276.062500,21048.843750,195101.843750,-1013913.000000,-818811.125000
ml,worst,356,2026-06-14,1613.091187,10.000000,1807.912964,50.000000,0.000000,0.000000,-0.000000,0.000000,0.000000,1612.684937,50.000000,-1.000000,0.000000,-0.000000,0.000000,-80634.250000,1641.325562,50.000000,-7.000000,0.000000,-0.000000,0.000000,-574463.937500,-655098.187500,888276.062500,21048.843750,212129.031250,-1075334.625000,-863205.625000
ml,worst,356,2026-06-15,1609.092651,10.000000,1807.912964,50.000000,-3.000000,-3.000000,271186.937500,135.593475,-271186.937500,1607.682983,50.000000,-4.000000,-3.000000,241152.437500,120.576218,-321536.593750,1636.555054,50.000000,-4.000000,3.000000,-245483.250000,122.741623,-327311.000000,-920034.500000,1155132.250000,21427.753906,213670.000000,-1084548.500000,-870878.500000
ml,worst,356,2026-06-16,1584.618042,10.000000,1807.912964,50.000000,0.000000,3.000000,-271186.937500,135.593475,0.000000,1583.156738,50.000000,-1.000000,3.000000,-237473.515625,118.736755,-79157.835938,1610.998169,50.000000,-1.000000,3.000000,-241649.734375,120.824860,-80549.906250,-159707.750000,404822.031250,21802.910156,223311.375000,-1148971.000000,-925659.625000
ml,worst,356,2026-06-17,1555.922485,10.000000,1807.912964,50.000000,-3.000000,-3.000000,271186.937500,135.593475,-271186.937500,1556.390625,50.000000,-4.000000,-3.000000,233458.593750,116.729294,-311278.125000,1580.405151,50.000000,-4.000000,-3.000000,237060.765625,118.530380,-316081.031250,-898546.125000,1146528.250000,22173.761719,225808.359375,-1221760.500000,-995952.125000
ml,worst,356,2026-06-18,1548.922729,10.000000,1807.912964,50.000000,0.000000,3.000000,-271186.937500,135.593475,0.000000,1556.134521,50.000000,-1.000000,3.000000,-233420.171875,116.710083,-77806.726562,1580.756348,50.000000,-2.000000,2.000000,-158075.640625,79.037819,-158075.640625,-235882.375000,483845.562500,22505.105469,225458.078125,-1241573.750000,-1016115.687500
ml,worst,356,2026-06-19,1550.582520,10.000000,1807.912964,50.000000,0.000000,0.000000,-0.000000,0.000000,0.000000,1562.163696,50.000000,-1.000000,0.000000,-0.000000,0.000000,-78108.187500,1584.258911,50.000000,-2.000000,0.000000,-0.000000,0.000000,-158425.890625,-236534.078125,483845.562500,22505.105469,224806.375000,-1237800.875000,-1012994.500000
ml,worst,356,2026-06-20,1542.776733,10.000000,1807.912964,50.000000,0.000000,0.000000,-0.000000,0.000000,0.000000,1550.617432,50.000000,-1.000000,0.000000,-0.000000,0.000000,-77530.875000,1574.294067,50.000000,-2.000000,0.000000,-0.000000,0.000000,-157429.406250,-234960.281250,483845.562500,22505.105469,226380.171875,-1255590.000000,-1029209.812500
ml,worst,356,2026-06-21,1526.503540,10.000000,1807.912964,50.000000,0.000000,0.000000,-0.000000,0.000000,0.000000,1525.829102,50.000000,-1.000000,0.000000,-0.000000,0.000000,-76291.453125,1547.692749,50.000000,-2.000000,0.000000,-0.000000,0.000000,-154769.281250,-231060.734375,483845.562500,22505.105469,230279.718750,-1297855.500000,-1067575.750000
ml,worst,356,2026-06-22,1510.290649,10.000000,1807.912964,50.000000,-3.000000,-3.000000,271186.937500,135.593475,-271186.937500,1497.064819,50.000000,-4.000000,-3.000000,224559.718750,112.279861,-299412.968750,1515.770020,50.000000,-5.000000,-3.000000,227365.500000,113.682747,-378942.500000,-949542.375000,1206957.750000,22866.660156,234548.718750,-1339158.125000,-1104609.375000
ml,worst,356,2026-06-23,1473.798096,10.000000,1807.912964,50.000000,0.000000,3.000000,-271186.937500,135.593475,0.000000,1458.576660,50.000000,-1.000000,3.000000,-218786.500000,109.393250,-72928.835938,1476.070068,50.000000,-2.000000,3.000000,-221410.500000,110.705246,-147607.000000,-220535.843750,495573.812500,23222.351562,251815.625000,-1430634.500000,-1178818.875000
ml,worst,356,2026-06-24,1479.863281,10.000000,1807.912964,50.000000,-3.000000,-3.000000,271186.937500,135.593475,-271186.937500,1474.627563,50.000000,-4.000000,-3.000000,221194.140625,110.597061,-294925.500000,1492.269287,50.000000,-5.000000,-3.000000,223840.375000,111.920197,-373067.343750,-939179.750000,1211795.250000,23580.464844,249035.031250,-1417264.375000,-1168229.375000
ml,worst,356,2026-06-25,1466.215210,10.000000,1807.912964,50.000000,0.000000,3.000000,-271186.937500,135.593475,0.000000,1470.252686,50.000000,-1.000000,3.000000,-220537.890625,110.268936,-73512.632812,1485.712036,50.000000,-2.000000,3.000000,-222856.812500,111.428398,-148571.203125,-222083.843750,497213.625000,23937.753906,251192.031250,-1452505.000000,-1201313.000000
ml,worst,356,2026-06-26,1449.791138,10.000000,1807.912964,50.000000,-3.000000,-3.000000,271186.937500,135.593475,-271186.937500,1431.677979,50.000000,-4.000000,-3.000000,214751.703125,107.375854,-286335.593750,1445.036743,50.000000,-5.000000,-3.000000,216755.515625,108.377762,-361259.187500,-918781.687500,1199907.750000,24289.101562,256836.968750,-1494679.750000,-1237842.750000
ml,worst,356,2026-06-27,1451.733643,10.000000,1807.912964,50.000000,-3.000000,0.000000,-0.000000,0.000000,-271186.937500,1438.463501,50.000000,-4.000000,0.000000,-0.000000,0.000000,-287692.687500,1451.808105,50.000000,-5.000000,0.000000,-0.000000,0.000000,-362952.031250,-921831.625000,1199907.750000,24289.101562,253787.031250,-1490467.000000,-1236680.000000
ml,worst,356,2026-06-28,1428.216919,10.000000,1807.912964,50.000000,-3.000000,0.000000,-0.000000,0.000000,-271186.937500,1427.387817,50.000000,-4.000000,0.000000,-0.000000,0.000000,-285477.562500,1440.733765,50.000000,-5.000000,0.000000,-0.000000,0.000000,-360183.437500,-916847.937500,1199907.750000,24289.101562,258770.718750,-1549643.000000,-1290872.250000
ml,worst,356,2026-06-29,1440.074341,10.000000,1807.912964,50.000000,0.000000,3.000000,-271186.937500,135.593475,0.000000,1443.512329,50.000000,-1.000000,3.000000,-216526.859375,108.263420,-72175.617188,1457.585693,50.000000,-2.000000,3.000000,-218637.843750,109.318924,-145758.562500,-217934.187500,493556.125000,24642.277344,250979.656250,-1520043.750000,-1269064.125000
ml,worst,356,2026-06-30,1431.781860,10.000000,1807.912964,50.000000,-3.000000,-3.000000,271186.937500,135.593475,-271186.937500,1476.395020,50.000000,-4.000000,-3.000000,221459.250000,110.729622,-295279.000000,1491.656860,50.000000,-5.000000,-3.000000,223748.531250,111.874260,-372914.218750,-939380.125000,1209950.750000,25000.474609,245570.156250,-1541637.750000,-1296067.625000
ml,worst,356,2026-07-01,1415.754395,10.000000,1807.912964,50.000000,0.000000,3.000000,-271186.937500,135.593475,0.000000,1460.945312,50.000000,-1.000000,3.000000,-219141.796875,109.570892,-73047.265625,1475.033447,50.000000,-2.000000,3.000000,-221255.031250,110.627502,-147503.343750,-220550.609375,498367.062500,25356.265625,252460.171875,-1581950.875000,-1329490.750000
ml,worst,356,2026-07-02,1449.719971,10.000000,1807.912964,50.000000,-3.000000,-3.000000,271186.937500,135.593475,-271186.937500,1469.494507,50.000000,-4.000000,-3.000000,220424.171875,110.212082,-293898.906250,1484.376099,50.000000,-5.000000,-3.000000,222656.421875,111.328201,-371094.031250,-936179.875000,1212634.500000,25713.398438,250741.218750,-1501230.250000,-1250489.000000
ml,worst,356,2026-07-03,1458.514771,10.000000,1807.912964,50.000000,0.000000,3.000000,-271186.937500,135.593475,0.000000,1449.865234,50.000000,-1.000000,3.000000,-217479.781250,108.739899,-72493.265625,1463.250488,50.000000,-2.000000,3.000000,-219487.578125,109.743782,-146325.046875,-218818.312500,504480.312500,26067.476562,259594.531250,-1482505.375000,-1222910.875000
ml,worst,356,2026-07-04,1408.814697,10.000000,1807.912964,50.000000,0.000000,0.000000,-0.000000,0.000000,0.000000,1414.991211,50.000000,-1.000000,0.000000,-0.000000,0.000000,-70749.562500,1428.343750,50.000000,-2.000000,0.000000,-0.000000,0.000000,-142834.375000,-213583.937500,504480.312500,26067.476562,264828.906250,-1590973.875000,-1326145.000000
ml,worst,356,2026-07-05,1399.189697,10.000000,1807.912964,50.000000,0.000000,0.000000,-0.000000,0.000000,0.000000,1390.684692,50.000000,-1.000000,0.000000,-0.000000,0.000000,-69534.234375,1404.292358,50.000000,-2.000000,0.000000,-0.000000,0.000000,-140429.234375,-209963.468750,504480.312500,26067.476562,268449.375000,-1612608.625000,-1344159.250000
ml,worst,356,2026-07-06,1411.108643,10.000000,1807.912964,50.000000,-3.000000,-3.000000,271186.937500,135.593475,-271186.937500,1413.839600,50.000000,-4.000000,-3.000000,212075.921875,106.037956,-282767.906250,1427.608887,50.000000,-5.000000,-3.000000,214141.328125,107.070663,-356902.218750,-910857.125000,1201884.500000,26416.179688,264611.187500,-1587476.750000,-1322865.500000
ml,worst,356,2026-07-07,1418.853027,10.000000,1807.912964,50.000000,0.000000,3.000000,-271186.937500,135.593475,0.000000,1424.919189,50.000000,-1.000000,3.000000,-213737.890625,106.868942,-71245.960938,1439.558838,50.000000,-2.000000,3.000000,-215933.843750,107.966919,-143955.890625,-215201.843750,501025.812500,26766.609375,259057.359375,-1572097.125000,-1313039.750000
ml,worst,356,2026-07-08,1413.224487,10.000000,1807.912964,50.000000,-3.000000,-3.000000,271186.937500,135.593475,-271186.937500,1414.182617,50.000000,-4.000000,-3.000000,212127.390625,106.063690,-282836.531250,1429.559692,50.000000,-5.000000,-3.000000,214433.953125,107.216980,-357389.906250,-911413.375000,1198774.125000,27115.482422,260245.265625,-1584016.625000,-1323771.375000
ml,worst,356,2026-07-09,1429.817627,10.000000,1807.912964,50.000000,0.000000,3.000000,-271186.937500,135.593475,0.000000,1440.125610,50.000000,-1.000000,3.000000,-216018.843750,108.009415,-72006.281250,1454.710693,50.000000,-2.000000,3.000000,-218206.593750,109.103287,-145471.062500,-217477.343750,493361.718750,27468.189453,248416.187500,-1554370.375000,-1305954.250000
ml,worst,356,2026-07-10,1445.574829,10.000000,1807.912964,50.000000,-3.000000,-3.000000,271186.937500,135.593475,-271186.937500,1437.741821,50.000000,-4.000000,-3.000000,215661.281250,107.830643,-287548.375000,1452.810059,50.000000,-5.000000,-3.000000,217921.515625,108.960739,-363202.500000,-921937.812500,1198131.500000,27820.574219,248373.109375,-1526957.875000,-1278584.750000
ml,worst,356,2026-07-11,1435.974487,10.000000,1807.912964,50.000000,-3.000000,0.000000,-0.000000,0.000000,-271186.937500,1442.889038,50.000000,-4.000000,0.000000,-0.000000,0.000000,-288577.812500,1457.722168,50.000000,-5.000000,0.000000,-0.000000,0.000000,-364430.531250,-924195.250000,1198131.500000,27820.574219,246115.671875,-1543265.250000,-1297149.625000
ml,worst,356,2026-07-12,1458.665039,10.000000,1807.912964,50.000000,-3.000000,0.000000,-0.000000,0.000000,-271186.937500,1454.585449,50.000000,-4.000000,0.000000,-0.000000,0.000000,-290917.093750,1469.731812,50.000000,-5.000000,0.000000,-0.000000,0.000000,-367432.968750,-929537.000000,1198131.500000,27820.574219,240773.921875,-1507109.125000,-1266335.250000
ml,worst,356,2026-07-13,1449.065552,10.000000,1807.912964,50.000000,0.000000,3.000000,-271186.937500,135.593475,0.000000,1446.537720,50.000000,-1.000000,3.000000,-216980.656250,108.490326,-72326.882812,1462.343506,50.000000,-2.000000,3.000000,-219351.515625,109.675758,-146234.343750,-218561.218750,490612.343750,28174.332031,243876.796875,-1523209.875000,-1279333.125000
ml,worst,356,2026-07-14,1452.505005,10.000000,1807.912964,50.000000,-3.000000,-3.000000,271186.937500,135.593475,-271186.937500,1453.086670,50.000000,-4.000000,-3.000000,217962.984375,108.981506,-290617.343750,1468.652832,50.000000,-5.000000,-3.000000,220297.921875,110.148949,-367163.218750,-928967.500000,1200060.250000,28529.058594,242563.687500,-1518774.250000,-1276210.500000
ml,worst,356,2026-07-15,1433.135620,10.000000,1807.912964,50.000000,0.000000,3.000000,-271186.937500,135.593475,0.000000,1452.734131,50.000000,-1.000000,3.000000,-217910.109375,108.955048,-72636.703125,1467.873291,50.000000,-2.000000,3.000000,-220181.000000,110.090492,-146787.328125,-219424.031250,490782.156250,28883.695312,242474.437500,-1546976.250000,-1304501.750000
ml,worst,356,2026-07-16,1426.814087,10.000000,1807.912964,50.000000,-3.000000,-3.000000,271186.937500,135.593475,-271186.937500,1451.223145,50.000000,-4.000000,-3.000000,217683.468750,108.841736,-290244.625000,1466.659424,50.000000,-5.000000,-3.000000,219998.921875,109.999451,-366664.843750,-928096.375000,1199651.500000,29238.130859,242317.000000,-1555702.500000,-1313385.500000
ml,worst,356,2026-07-17,1436.090088,10.000000,1807.912964,50.000000,0.000000,3.000000,-271186.937500,135.593475,0.000000,1463.801147,50.000000,-1.000000,3.000000,-219570.171875,109.785080,-73190.054688,1480.597412,50.000000,-2.000000,3.000000,-222089.593750,111.044800,-148059.734375,-221249.781250,486804.750000,29594.554688,235960.406250,-1545116.375000,-1309156.000000
ml,worst,356,2026-07-18,1408.560791,10.000000,1807.912964,50.000000,0.000000,0.000000,-0.000000,0.000000,0.000000,1435.988770,50.000000,-1.000000,0.000000,-0.000000,0.000000,-71799.437500,1451.992432,50.000000,-2.000000,0.000000,-0.000000,0.000000,-145199.250000,-216998.687500,486804.750000,29594.554688,240211.500000,-1575362.500000,-1335151.000000
ml,worst,356,2026-07-19,1379.165283,10.000000,1807.912964,50.000000,0.000000,0.000000,-0.000000,0.000000,0.000000,1375.925659,50.000000,-1.000000,0.000000,-0.000000,0.000000,-68796.281250,1391.615479,50.000000,-2.000000,0.000000,-0.000000,0.000000,-139161.546875,-207957.828125,486804.750000,29594.554688,249252.375000,-1607769.375000,-1358517.000000
ml,worst,356,2026-07-20,1394.150757,10.000000,1807.912964,50.000000,-3.000000,-3.000000,271186.937500,135.593475,-271186.937500,1403.436523,50.000000,-4.000000,-3.000000,210515.484375,105.257736,-280687.312500,1418.474976,50.000000,-5.000000,-3.000000,212771.234375,106.385628,-354618.750000,-906493.000000,1181278.500000,29941.792969,244843.703125,-1592050.875000,-1347207.125000
ml,worst,356,2026-07-21,1429.733032,10.000000,1807.912964,50.000000,0.000000,3.000000,-271186.937500,135.593475,0.000000,1433.742798,50.000000,-1.000000,3.000000,-215061.421875,107.530701,-71687.140625,1448.919189,50.000000,-2.000000,3.000000,-217337.890625,108.668945,-144891.921875,-216579.062500,477692.187500,30293.583984,230819.546875,-1557466.750000,-1326647.250000
ml,worst,356,2026-07-22,1452.671265,10.000000,1807.912964,50.000000,-3.000000,-3.000000,271186.937500,135.593475,-271186.937500,1444.674438,50.000000,-4.000000,-3.000000,216701.171875,108.350578,-288934.875000,1461.612915,50.000000,-5.000000,-3.000000,219241.937500,109.620972,-365403.218750,-925525.000000,1184822.250000,30647.150391,228650.093750,-1537924.000000,-1309273.875000
ml,worst,356,2026-07-23,1449.520142,10.000000,1807.912964,50.000000,0.000000,3.000000,-271186.937500,135.593475,0.000000,1434.572998,50.000000,-1.000000,3.000000,-215185.937500,107.592972,-71728.648438,1450.416626,50.000000,-2.000000,3.000000,-217562.500000,108.781235,-145041.656250,-216770.312500,480886.875000,30999.117188,233117.437500,-1540749.125000,-1307631.750000
ml,worst,356,2026-07-24,1436.896484,10.000000,1807.912964,50.000000,-3.000000,-3.000000,271186.937500,135.593475,-271186.937500,1428.651489,50.000000,-4.000000,-3.000000,214297.734375,107.148857,-285730.312500,1442.767578,50.000000,-5.000000,-3.000000,216415.140625,108.207565,-360691.906250,-917609.125000,1182786.625000,31350.068359,233827.437500,-1549364.750000,-1315537.250000
ml,worst,356,2026-07-25,1427.372070,10.000000,1807.912964,50.000000,-3.000000,0.000000,-0.000000,0.000000,-271186.937500,1402.230591,50.000000,-4.000000,0.000000,-0.000000,0.000000,-280446.125000,1416.130615,50.000000,-5.000000,0.000000,-0.000000,0.000000,-354032.656250,-905665.750000,1182786.625000,31350.068359,245770.812500,-1554910.375000,-1309139.500000
ml,worst,356,2026-07-26,1418.725830,10.000000,1807.912964,50.000000,-3.000000,0.000000,-0.000000,0.000000,-271186.937500,1404.528320,50.000000,-4.000000,0.000000,-0.000000,0.000000,-280905.656250,1418.469971,50.000000,-5.000000,0.000000,-0.000000,0.000000,-354617.468750,-906710.125000,1182786.625000,31350.068359,244726.437500,-1559911.750000,-1315185.250000
ml,worst,356,2026-07-27,1433.707031,10.000000,1807.912964,50.000000,0.000000,3.000000,-271186.937500,135.593475,0.000000,1436.948486,50.000000,-1.000000,3.000000,-215542.281250,107.771133,-71847.421875,1451.468506,50.000000,-2.000000,3.000000,-217720.265625,108.860138,-145146.843750,-216994.265625,478337.187500,31702.292969,229640.625000,-1552099.250000,-1322458.625000
ml,worst,356,2026-07-28,1446.083618,10.000000,1807.912964,50.000000,-3.000000,-3.000000,271186.937500,135.593475,-271186.937500,1463.525513,50.000000,-4.000000,-3.000000,219528.828125,109.764404,-292705.093750,1478.666748,50.000000,-5.000000,-3.000000,221800.000000,110.900002,-369666.687500,-933558.687500,1190853.000000,32058.550781,225235.765625,-1547005.375000,-1321769.625000
ml,worst,356,2026-07-29,1427.660645,10.000000,1807.912964,50.000000,0.000000,3.000000,-271186.937500,135.593475,0.000000,1426.423706,50.000000,-1.000000,3.000000,-213963.546875,106.981773,-71321.187500,1441.784546,50.000000,-2.000000,3.000000,-216267.671875,108.133835,-144178.453125,-215499.640625,489434.812500,32409.259766,241525.921875,-1553239.500000,-1311713.625000
ml,worst,356,2026-07-30,1426.911377,10.000000,1807.912964,50.000000,-3.000000,-3.000000,271186.937500,135.593475,-271186.937500,1426.423706,50.000000,2.000000,3.000000,-213963.546875,106.981773,142642.375000,1444.486450,50.000000,-5.000000,-3.000000,216672.968750,108.336479,-361121.593750,-489666.156250,763331.125000,32760.169922,240904.796875,-1553605.375000,-1312700.625000
ml,worst,356,2026-07-31,1440.429321,10.000000,1807.912964,50.000000,0.000000,3.000000,-271186.937500,135.593475,0.000000,1426.423706,50.000000,-1.000000,-3.000000,213963.546875,106.981773,-71321.187500,1468.314819,50.000000,-2.000000,3.000000,-220247.218750,110.123611,-146831.484375,-218152.671875,485860.562500,33112.867188,234595.000000,-1552292.000000,-1317697.000000
ml,worst,356,2026-08-01,1405.388184,10.000000,1807.912964,50.000000,0.000000,0.000000,-0.000000,0.000000,0.000000,1426.423706,50.000000,-1.000000,0.000000,-0.000000,0.000000,-71321.187500,1416.477295,50.000000,-2.000000,0.000000,-0.000000,0.000000,-141647.734375,-212968.921875,485860.562500,33112.867188,239778.750000,-1552410.750000,-1312632.000000
ml,worst,356,2026-08-02,1400.953491,10.000000,1807.912964,50.000000,0.000000,0.000000,-0.000000,0.000000,0.000000,1426.423706,50.000000,-1.000000,0.000000,-0.000000,0.000000,-71321.187500,1418.437744,50.000000,-2.000000,0.000000,-0.000000,0.000000,-141843.781250,-213164.968750,485860.562500,33112.867188,239582.718750,-1552547.375000,-1312964.625000
ml,worst,356,2026-08-03,1409.699707,10.000000,1807.912964,50.000000,-3.000000,-3.000000,271186.937500,135.593475,-271186.937500,1426.423706,50.000000,2.000000,3.000000,-213963.546875,106.981773,142642.375000,1432.966309,50.000000,-5.000000,-3.000000,214944.953125,107.472458,-358241.562500,-486786.125000,758028.875000,33462.914062,237779.843750,-1552679.750000,-1314899.875000
ml,worst,356,2026-08-04,1416.316284,10.000000,1807.912964,50.000000,0.000000,3.000000,-271186.937500,135.593475,0.000000,1426.423706,50.000000,-1.000000,-3.000000,213963.546875,106.981773,-71321.187500,1437.925171,50.000000,-2.000000,3.000000,-215688.765625,107.844383,-143792.515625,-215113.703125,485116.750000,33813.335938,236189.718750,-1552810.000000,-1316620.250000
ml,worst,356,2026-08-05,1389.768188,10.000000,1807.912964,50.000000,-3.000000,-3.000000,271186.937500,135.593475,-271186.937500,1426.423706,50.000000,2.000000,3.000000,-213963.546875,106.981773,142642.375000,1410.568481,50.000000,-5.000000,-3.000000,211585.281250,105.792633,-352642.125000,-481186.687500,753925.375000,34161.703125,238576.984375,-1552941.000000,-1314364.000000
ml,worst,356,2026-08-06,1393.252319,10.000000,1807.912964,50.000000,0.000000,3.000000,-271186.937500,135.593475,0.000000,1426.423706,50.000000,-1.000000,-3.000000,213963.546875,106.981773,-71321.187500,1420.333496,50.000000,-2.000000,3.000000,-213050.031250,106.525009,-142033.343750,-213354.531250,483652.000000,34510.804688,235786.656250,-1552941.000000,-1317154.375000
ml,worst,356,2026-08-07,1405.465820,10.000000,1807.912964,50.000000,-3.000000,-3.000000,271186.937500,135.593475,-271186.937500,1426.423706,50.000000,2.000000,3.000000,-213963.546875,106.981773,142642.375000,1441.661621,50.000000,-5.000000,-3.000000,216249.250000,108.124619,-360415.406250,-488959.968750,757124.625000,34861.507812,233303.156250,-1552941.000000,-1319637.875000
ml,worst,356,2026-08-08,1392.753418,10.000000,1807.912964,50.000000,-3.000000,0.000000,-0.000000,0.000000,-271186.937500,1426.423706,50.000000,2.000000,0.000000,-0.000000,0.000000,142642.375000,1406.622437,50.000000,-5.000000,0.000000,-0.000000,0.000000,-351655.625000,-480200.187500,757124.625000,34861.507812,242062.937500,-1552941.000000,-1310878.000000
ml,worst,356,2026-08-09,1416.166992,10.000000,1807.912964,50.000000,-3.000000,0.000000,-0.000000,0.000000,-271186.937500,1426.423706,50.000000,2.000000,0.000000,-0.000000,0.000000,142642.375000,1433.625122,50.000000,-5.000000,0.000000,-0.000000,0.000000,-358406.281250,-486950.843750,757124.625000,34861.507812,235312.281250,-1552941.000000,-1317628.750000
ml,worst,356,2026-08-10,1423.033569,10.000000,1807.912964,50.000000,0.000000,3.000000,-271186.937500,135.593475,0.000000,1426.423706,50.000000,-1.000000,-3.000000,213963.546875,106.981773,-71321.187500,1442.435425,50.000000,-2.000000,3.000000,-216365.312500,108.182663,-144243.546875,-215564.734375,483535.937500,35212.261719,232758.921875,-1552941.000000,-1320182.125000
ml,worst,356,2026-08-11,1411.417603,10.000000,1807.912964,50.000000,-3.000000,-3.000000,271186.937500,135.593475,-271186.937500,1426.423706,50.000000,2.000000,3.000000,-213963.546875,106.981773,142642.375000,1431.576172,50.000000,-5.000000,-3.000000,214736.421875,107.368217,-357894.031250,-486438.593750,755495.750000,35562.203125,233494.953125,-1552941.000000,-1319446.000000
ml,worst,356,2026-08-12,1425.816284,10.000000,1807.912964,50.000000,0.000000,3.000000,-271186.937500,135.593475,0.000000,1426.423706,50.000000,-1.000000,-3.000000,213963.546875,106.981773,-71321.187500,1449.686279,50.000000,-2.000000,3.000000,-217452.937500,108.726471,-144968.625000,-216289.812500,480819.437500,35913.507812,228616.125000,-1552941.000000,-1324324.875000
ml,worst,356,2026-08-13,1398.347900,10.000000,1807.912964,50.000000,-3.000000,-3.000000,271186.937500,135.593475,-271186.937500,1426.423706,50.000000,2.000000,3.000000,-213963.546875,106.981773,142642.375000,1380.784180,50.000000,-5.000000,-3.000000,207117.625000,103.558807,-345196.031250,-473740.593750,745160.437500,36259.640625,235160.203125,-1552941.000000,-1317780.750000
ml,worst,356,2026-08-14,1391.402710,10.000000,1807.912964,50.000000,0.000000,3.000000,-271186.937500,135.593475,0.000000,1426.423706,50.000000,-1.000000,-3.000000,213963.546875,106.981773,-71321.187500,1403.623413,50.000000,-2.000000,3.000000,-210543.500000,105.271759,-140362.343750,-211683.531250,477393.562500,36607.488281,229102.546875,-1552941.000000,-1323838.500000
ml,worst,356,2026-08-15,1389.295044,10.000000,1807.912964,50.000000,0.000000,0.000000,-0.000000,0.000000,0.000000,1426.423706,50.000000,-1.000000,0.000000,-0.000000,0.000000,-71321.187500,1428.359985,50.000000,-2.000000,0.000000,-0.000000,0.000000,-142836.000000,-214157.187500,477393.562500,36607.488281,226628.890625,-1552941.000000,-1326312.125000
ml,worst,356,2026-08-16,1372.816650,10.000000,1807.912964,50.000000,0.000000,0.000000,-0.000000,0.000000,0.000000,1426.423706,50.000000,-1.000000,0.000000,-0.000000,0.000000,-71321.187500,1396.341431,50.000000,-2.000000,0.000000,-0.000000,0.000000,-139634.140625,-210955.328125,477393.562500,36607.488281,229830.765625,-1552941.000000,-1323110.250000
ml,worst,356,2026-08-17,1376.379150,10.000000,1807.912964,50.000000,-3.000000,-3.000000,271186.937500,135.593475,-271186.937500,1426.423706,50.000000,2.000000,3.000000,-213963.546875,106.981773,142642.375000,1393.640869,50.000000,-5.000000,-3.000000,209046.140625,104.523071,-348410.218750,-476954.781250,743663.062500,36954.585938,229753.687500,-1552941.000000,-1323187.250000
ml,worst,356,2026-08-18,1373.584106,10.000000,1807.912964,50.000000,0.000000,3.000000,-271186.937500,135.593475,0.000000,1426.423706,50.000000,-1.000000,-3.000000,213963.546875,106.981773,-71321.187500,1408.728638,50.000000,-2.000000,3.000000,-211309.296875,105.654648,-140872.859375,-212194.046875,475130.375000,37302.816406,225633.500000,-1552941.000000,-1327307.500000
ml,worst,356,2026-08-19,1377.419800,10.000000,1807.912964,50.000000,-3.000000,-3.000000,271186.937500,135.593475,-271186.937500,1426.423706,50.000000,2.000000,3.000000,-213963.546875,106.981773,142642.375000,1378.621704,50.000000,-5.000000,-3.000000,206793.265625,103.396622,-344655.406250,-473199.968750,739147.000000,37648.789062,228298.250000,-1552941.000000,-1324642.750000
ml,worst,356,2026-08-20,1361.798218,10.000000,1807.912964,50.000000,0.000000,3.000000,-271186.937500,135.593475,0.000000,1426.423706,50.000000,-1.000000,-3.000000,213963.546875,106.981773,-71321.187500,1324.377808,50.000000,-2.000000,3.000000,-198656.671875,99.328331,-132437.781250,-203758.968750,483267.000000,37990.691406,241517.343750,-1552941.000000,-1311423.625000
ml,worst,356,2026-08-21,1342.931885,10.000000,1807.912964,50.000000,-3.000000,-3.000000,271186.937500,135.593475,-271186.937500,1426.423706,50.000000,2.000000,3.000000,-213963.546875,106.981773,142642.375000,1339.999878,50.000000,-5.000000,-3.000000,200999.968750,100.499985,-334999.968750,-463544.531250,741490.312500,38333.765625,239612.015625,-1552941.000000,-1313329.000000
ml,worst,356,2026-08-22,1336.944458,10.000000,1807.912964,50.000000,-3.000000,0.000000,-0.000000,0.000000,-271186.937500,1426.423706,50.000000,2.000000,0.000000,-0.000000,0.000000,142642.375000,1332.198364,50.000000,-5.000000,0.000000,-0.000000,0.000000,-333049.593750,-461594.156250,741490.312500,38333.765625,241562.390625,-1552941.000000,-1311378.625000
ml,worst,356,2026-08-23,1337.223755,10.000000,1807.912964,50.000000,-3.000000,0.000000,-0.000000,0.000000,-271186.937500,1426.423706,50.000000,2.000000,0.000000,-0.000000,0.000000,142642.375000,1329.615234,50.000000,-5.000000,0.000000,-0.000000,0.000000,-332403.812500,-460948.375000,741490.312500,38333.765625,242208.171875,-1552941.000000,-1310732.875000
ml,worst,356,2026-08-24,1327.297119,10.000000,1807.912964,50.000000,0.000000,3.000000,-271186.937500,135.593475,0.000000,1426.423706,50.000000,-1.000000,-3.000000,213963.546875,106.981773,-71321.187500,1338.206055,50.000000,-2.000000,3.000000,-200730.906250,100.365448,-133820.609375,-205141.796875,483536.062500,38676.710938,239717.531250,-1552941.000000,-1313223.500000
ml,worst,356,2026-08-25,1313.932007,10.000000,1807.912964,50.000000,-3.000000,-3.000000,271186.937500,135.593475,-271186.937500,1426.423706,50.000000,2.000000,3.000000,-213963.546875,106.981773,142642.375000,1338.880981,50.000000,-5.000000,-3.000000,200832.156250,100.416069,-334720.250000,-463264.812500,741591.562500,39019.699219,239307.046875,-1552941.000000,-1313634.000000
ml,worst,356,2026-08-26,1320.369751,10.000000,1807.912964,50.000000,0.000000,3.000000,-271186.937500,135.593475,0.000000,1426.423706,50.000000,-1.000000,-3.000000,213963.546875,106.981773,-71321.187500,1358.030762,50.000000,-2.000000,3.000000,-203704.609375,101.852303,-135803.078125,-207124.265625,480663.562500,39364.125000,234175.187500,-1552941.000000,-1318765.750000
ml,worst,356,2026-08-27,1302.287231,10.000000,1807.912964,50.000000,-3.000000,-3.000000,271186.937500,135.593475,-271186.937500,1426.423706,50.000000,2.000000,3.000000,-213963.546875,106.981773,142642.375000,1324.394043,50.000000,1.000000,3.000000,-198659.109375,99.329544,66219.703125,-62324.859375,339227.875000,39706.031250,237196.968750,-1552941.000000,-1315744.000000
ml,worst,356,2026-08-28,1320.596436,10.000000,1807.912964,50.000000,0.000000,3.000000,-271186.937500,135.593475,0.000000,1426.423706,50.000000,-1.000000,-3.000000,213963.546875,106.981773,-71321.187500,1371.217896,50.000000,-2.000000,-3.000000,205682.687500,102.841347,-137121.796875,-208442.984375,487687.187500,40051.449219,239192.734375,-1552941.000000,-1313748.250000
ml,worst,356,2026-08-29,1341.685669,10.000000,1807.912964,50.000000,0.000000,0.000000,-0.000000,0.000000,0.000000,1426.423706,50.000000,-1.000000,0.000000,-0.000000,0.000000,-71321.187500,1353.593750,50.000000,-2.000000,0.000000,-0.000000,0.000000,-135359.375000,-206680.562500,487687.187500,40051.449219,240955.171875,-1552941.000000,-1311985.875000
ml,worst,356,2026-08-30,1350.383179,10.000000,1807.912964,50.000000,0.000000,0.000000,-0.000000,0.000000,0.000000,1426.423706,50.000000,-1.000000,0.000000,-0.000000,0.000000,-71321.187500,1365.127686,50.000000,-2.000000,0.000000,-0.000000,0.000000,-136512.765625,-207833.953125,487687.187500,40051.449219,239801.796875,-1552941.000000,-1313139.250000
ml,worst,356,2026-08-31,1351.583374,10.000000,1807.912964,50.000000,-3.000000,-3.000000,271186.937500,135.593475,-271186.937500,1426.423706,50.000000,2.000000,3.000000,-213963.546875,106.981773,142642.375000,1362.646606,50.000000,1.000000,3.000000,-204397.000000,102.198486,68132.328125,-60412.234375,340513.562500,40396.222656,239705.093750,-1552941.000000,-1313235.875000
ml,worst,356,2026-09-01,1346.784668,10.000000,1807.912964,50.000000,0.000000,3.000000,-271186.937500,135.593475,0.000000,1426.423706,50.000000,-1.000000,-3.000000,213963.546875,106.981773,-71321.187500,1352.292480,50.000000,-2.000000,-3.000000,202843.875000,101.421936,-135229.250000,-206550.437500,486134.062500,40740.218750,238843.406250,-1552941.000000,-1314097.625000
ml,worst,356,2026-09-02,1344.270264,10.000000,1807.912964,50.000000,-3.000000,-3.000000,271186.937500,135.593475,-271186.937500,1426.423706,50.000000,2.000000,3.000000,-213963.546875,106.981773,142642.375000,1357.136841,50.000000,-5.000000,-3.000000,203570.531250,101.785263,-339284.218750,-467828.781250,746927.937500,41084.578125,238014.578125,-1552941.000000,-1314926.375000
ml,worst,356,2026-09-03,1356.895874,10.000000,1807.912964,50.000000,0.000000,3.000000,-271186.937500,135.593475,0.000000,1426.423706,50.000000,-1.000000,-3.000000,213963.546875,106.981773,-71321.187500,1366.489990,50.000000,-2.000000,3.000000,-204973.484375,102.486755,-136649.000000,-207970.187500,484731.062500,41429.640625,235331.234375,-1552941.000000,-1317609.750000
ml,worst,356,2026-09-04,1366.851196,10.000000,1807.912964,50.000000,-3.000000,-3.000000,271186.937500,135.593475,-271186.937500,1426.423706,50.000000,2.000000,3.000000,-213963.546875,106.981773,142642.375000,1358.796875,50.000000,1.000000,3.000000,-203819.531250,101.909760,67939.843750,-60604.718750,338134.937500,41774.125000,235756.093750,-1552941.000000,-1317184.875000
ml,worst,356,2026-09-05,1378.082031,10.000000,1807.912964,50.000000,-3.000000,0.000000,-0.000000,0.000000,-271186.937500,1426.423706,50.000000,2.000000,0.000000,-0.000000,0.000000,142642.375000,1385.974365,50.000000,1.000000,0.000000,-0.000000,0.000000,69298.718750,-59245.843750,338134.937500,41774.125000,237114.968750,-1552941.000000,-1315826.000000
ml,worst,356,2026-09-06,1387.752319,10.000000,1807.912964,50.000000,-3.000000,0.000000,-0.000000,0.000000,-271186.937500,1426.423706,50.000000,2.000000,0.000000,-0.000000,0.000000,142642.375000,1392.988403,50.000000,1.000000,0.000000,-0.000000,0.000000,69649.421875,-58895.140625,338134.937500,41774.125000,237465.687500,-1552941.000000,-1315475.250000
ml,worst,356,2026-09-07,1390.758545,10.000000,1807.912964,50.000000,-3.000000,0.000000,-0.000000,0.000000,-271186.937500,1426.423706,50.000000,2.000000,0.000000,-0.000000,0.000000,142642.375000,1385.095215,50.000000,1.000000,0.000000,-0.000000,0.000000,69254.757812,-59289.804688,338134.937500,41774.125000,237071.000000,-1552941.000000,-1315870.000000
ml,worst,356,2026-09-08,1389.796021,10.000000,1807.912964,50.000000,0.000000,3.000000,-271186.937500,135.593475,0.000000,1426.423706,50.000000,-1.000000,-3.000000,213963.546875,106.981773,-71321.187500,1399.174072,50.000000,-2.000000,-3.000000,209876.125000,104.938042,-139917.406250,-211238.593750,490787.687500,42121.640625,237427.453125,-1552941.000000,-1315513.500000
ml,worst,356,2026-09-09,1406.349365,10.000000,1807.912964,50.000000,-3.000000,-3.000000,271186.937500,135.593475,-271186.937500,1426.423706,50.000000,2.000000,3.000000,-213963.546875,106.981773,142642.375000,1382.299927,50.000000,1.000000,3.000000,-207345.000000,103.672501,69115.000000,-59429.562500,340666.062500,42467.890625,238768.609375,-1552941.000000,-1314172.375000
ml,worst,356,2026-09-10,1398.316650,10.000000,1807.912964,50.000000,0.000000,3.000000,-271186.937500,135.593475,0.000000,1426.423706,50.000000,-1.000000,-3.000000,213963.546875,106.981773,-71321.187500,1379.726807,50.000000,-2.000000,-3.000000,206959.031250,103.479515,-137972.687500,-209293.875000,490401.687500,42813.945312,238293.875000,-1552941.000000,-1314647.125000
ml,worst,356,2026-09-11,1388.785767,10.000000,1807.912964,50.000000,-3.000000,-3.000000,271186.937500,135.593475,-271186.937500,1426.423706,50.000000,2.000000,3.000000,-213963.546875,106.981773,142642.375000,1378.458618,50.000000,1.000000,3.000000,-206768.796875,103.384392,68922.929688,-59621.632812,340856.312500,43159.902344,238074.781250,-1552941.000000,-1314866.250000
ml,worst,356,2026-09-12,1377.848145,10.000000,1807.912964,50.000000,-3.000000,0.000000,-0.000000,0.000000,-271186.937500,1426.423706,50.000000,2.000000,0.000000,-0.000000,0.000000,142642.375000,1343.162720,50.000000,1.000000,0.000000,-0.000000,0.000000,67158.132812,-61386.429688,340856.312500,43159.902344,236309.968750,-1552941.000000,-1316631.000000
ml,worst,356,2026-09-13,1394.509766,10.000000,1807.912964,50.000000,-3.000000,0.000000,-0.000000,0.000000,-271186.937500,1426.423706,50.000000,2.000000,0.000000,-0.000000,0.000000,142642.375000,1383.266357,50.000000,1.000000,0.000000,-0.000000,0.000000,69163.320312,-59381.242188,340856.312500,43159.902344,238315.156250,-1552941.000000,-1314625.875000
ml,worst,356,2026-09-14,1398.603271,10.000000,1807.912964,50.000000,0.000000,3.000000,-271186.937500,135.593475,0.000000,1426.423706,50.000000,-1.000000,-3.000000,213963.546875,106.981773,-71321.187500,1402.185791,50.000000,-2.000000,-3.000000,210327.875000,105.163925,-140218.578125,-211539.765625,493960.812500,43507.640625,238913.421875,-1552941.000000,-1314027.625000
ml,worst,356,2026-09-15,1416.433105,10.000000,1807.912964,50.000000,-3.000000,-3.000000,271186.937500,135.593475,-271186.937500,1426.423706,50.000000,2.000000,3.000000,-213963.546875,106.981773,142642.375000,1413.556641,50.000000,1.000000,3.000000,-212033.500000,106.016739,70677.828125,-57866.734375,339150.687500,43856.234375,237427.703125,-1552941.000000,-1315513.250000
ml,worst,356,2026-09-16,1401.770020,10.000000,1807.912964,50.000000,0.000000,3.000000,-271186.937500,135.593475,0.000000,1426.423706,50.000000,-1.000000,-3.000000,213963.546875,106.981773,-71321.187500,1420.161987,50.000000,-2.000000,-3.000000,213024.296875,106.512146,-142016.203125,-213337.390625,494951.562500,44205.320312,237408.875000,-1552941.000000,-1315532.125000
ml,worst,356,2026-09-17,1390.219604,10.000000,1807.912964,50.000000,-3.000000,-3.000000,271186.937500,135.593475,-271186.937500,1426.423706,50.000000,2.000000,3.000000,-213963.546875,106.981773,142642.375000,1389.165771,50.000000,1.000000,3.000000,-208374.859375,104.187424,69458.289062,-59086.273438,343800.125000,44552.085938,240161.750000,-1552941.000000,-1312779.250000
ml,worst,356,2026-09-18,1441.486206,10.000000,1807.912964,50.000000,0.000000,3.000000,-271186.937500,135.593475,0.000000,1426.423706,50.000000,-1.000000,-3.000000,213963.546875,106.981773,-71321.187500,1464.424438,50.000000,-2.000000,-3.000000,219663.671875,109.831818,-146442.437500,-217763.625000,506240.375000,44904.492188,243572.250000,-1552941.000000,-1309368.750000
ml,worst,356,2026-09-19,1435.094849,10.000000,1807.912964,50.000000,0.000000,0.000000,-0.000000,0.000000,0.000000,1426.423706,50.000000,-1.000000,0.000000,-0.000000,0.000000,-71321.187500,1445.344116,50.000000,-2.000000,0.000000,-0.000000,0.000000,-144534.406250,-215855.593750,506240.375000,44904.492188,245480.281250,-1552941.000000,-1307460.750000
ml,worst,356,2026-09-20,1448.656372,10.000000,1807.912964,50.000000,0.000000,0.000000,-0.000000,0.000000,0.000000,1426.423706,50.000000,-1.000000,0.000000,-0.000000,0.000000,-71321.187500,1478.781738,50.000000,-2.000000,0.000000,-0.000000,0.000000,-147878.171875,-219199.359375,506240.375000,44904.492188,242136.500000,-1552941.000000,-1310804.500000
ml,worst,356,2026-09-21,1464.919556,10.000000,1807.912964,50.000000,-3.000000,-3.000000,271186.937500,135.593475,-271186.937500,1426.423706,50.000000,2.000000,3.000000,-213963.546875,106.981773,142642.375000,1468.202637,50.000000,1.000000,3.000000,-220230.390625,110.115189,73410.132812,-55134.429688,343233.375000,45257.179688,242841.750000,-1552941.000000,-1310099.250000
ml,worst,356,2026-09-22,1484.908203,10.000000,1807.912964,50.000000,0.000000,3.000000,-271186.937500,135.593475,0.000000,1426.423706,50.000000,-1.000000,-3.000000,213963.546875,106.981773,-71321.187500,1481.818237,50.000000,-2.000000,-3.000000,222272.734375,111.136368,-148181.828125,-219503.015625,508282.750000,45610.894531,243168.859375,-1552941.000000,-1309772.125000
ml,worst,356,2026-09-23,1483.975220,10.000000,1807.912964,50.000000,-3.000000,-3.000000,271186.937500,135.593475,-271186.937500,1426.423706,50.000000,2.000000,3.000000,-213963.546875,106.981773,142642.375000,1486.701172,50.000000,1.000000,3.000000,-223005.171875,111.502594,74335.062500,-54209.500000,342500.937500,45964.968750,242326.468750,-1552941.000000,-1310614.500000
ml,worst,356,2026-09-24,1440.296143,10.000000,1807.912964,50.000000,0.000000,3.000000,-271186.937500,135.593475,0.000000,1426.423706,50.000000,-1.000000,-3.000000,213963.546875,106.981773,-71321.187500,1433.724487,50.000000,-2.000000,-3.000000,215058.671875,107.529343,-143372.453125,-214693.640625,500336.250000,46315.074219,239327.546875,-1552941.000000,-1313613.500000
ml,worst,356,2026-09-25,1421.803223,10.000000,1807.912964,50.000000,-3.000000,-3.000000,271186.937500,135.593475,-271186.937500,1426.423706,50.000000,2.000000,3.000000,-213963.546875,106.981773,142642.375000,1438.922241,50.000000,1.000000,3.000000,-215838.328125,107.919174,71946.109375,-56598.453125,341721.312500,46665.570312,238457.312500,-1552941.000000,-1314483.750000
ml,worst,356,2026-09-26,1413.452271,10.000000,1807.912964,50.000000,-3.000000,0.000000,-0.000000,0.000000,-271186.937500,1426.423706,50.000000,2.000000,0.000000,-0.000000,0.000000,142642.375000,1423.863281,50.000000,1.000000,0.000000,-0.000000,0.000000,71193.164062,-57351.398438,341721.312500,46665.570312,237704.343750,-1552941.000000,-1315236.625000
ml,worst,356,2026-09-27,1410.703003,10.000000,1807.912964,50.000000,-3.000000,0.000000,-0.000000,0.000000,-271186.937500,1426.423706,50.000000,2.000000,0.000000,-0.000000,0.000000,142642.375000,1416.995972,50.000000,1.000000,0.000000,-0.000000,0.000000,70849.796875,-57694.765625,341721.312500,46665.570312,237361.000000,-1552941.000000,-1315580.000000
ml,worst,356,2026-09-28,1433.737183,10.000000,1807.912964,50.000000,0.000000,3.000000,-271186.937500,135.593475,0.000000,1426.423706,50.000000,-1.000000,-3.000000,213963.546875,106.981773,-71321.187500,1457.798096,50.000000,-2.000000,-3.000000,218669.718750,109.334862,-145779.812500,-217101.000000,503167.625000,47017.480469,239049.140625,-1552941.000000,-1313891.875000
ml,worst,356,2026-09-29,1433.038574,10.000000,1807.912964,50.000000,-3.000000,-3.000000,271186.937500,135.593475,-271186.937500,1426.423706,50.000000,2.000000,3.000000,-213963.546875,106.981773,142642.375000,1448.752075,50.000000,1.000000,3.000000,-217312.812500,108.656403,72437.601562,-56106.960938,343078.187500,47368.710938,239602.500000,-1552941.000000,-1313338.500000
ml,worst,356,2026-09-30,1436.964966,10.000000,1807.912964,50.000000,0.000000,3.000000,-271186.937500,135.593475,0.000000,1426.423706,50.000000,-1.000000,-3.000000,213963.546875,106.981773,-71321.187500,1454.216553,50.000000,-2.000000,-3.000000,218132.468750,109.066238,-145421.656250,-216742.843750,503987.312500,47720.351562,239524.125000,-1552941.000000,-1313416.875000
ml,worst,356,2026-10-01,1405.946533,10.000000,1807.912964,50.000000,-3.000000,-3.000000,271186.937500,135.593475,-271186.937500,1426.423706,50.000000,2.000000,3.000000,-213963.546875,106.981773,142642.375000,1425.603760,50.000000,1.000000,3.000000,-213840.578125,106.920273,71280.187500,-57264.375000,347370.093750,48069.851562,242035.875000,-1552941.000000,-1310905.125000
ml,worst,356,2026-10-02,1401.092529,10.000000,1807.912964,50.000000,0.000000,3.000000,-271186.937500,135.593475,0.000000,1426.423706,50.000000,-1.000000,-3.000000,213963.546875,106.981773,-71321.187500,1418.465576,50.000000,-2.000000,-3.000000,212769.828125,106.384918,-141846.562500,-213167.750000,502916.562500,48418.808594,241330.000000,-1552941.000000,-1311611.000000
ml,worst,356,2026-10-03,1390.461548,10.000000,1807.912964,50.000000,0.000000,0.000000,-0.000000,0.000000,0.000000,1426.423706,50.000000,-1.000000,0.000000,-0.000000,0.000000,-71321.187500,1385.255371,50.000000,-2.000000,0.000000,-0.000000,0.000000,-138525.531250,-209846.718750,502916.562500,48418.808594,244651.031250,-1552941.000000,-1308290.000000
ml,worst,356,2026-10-04,1386.535278,10.000000,1807.912964,50.000000,0.000000,0.000000,-0.000000,0.000000,0.000000,1426.423706,50.000000,-1.000000,0.000000,-0.000000,0.000000,-71321.187500,1392.191162,50.000000,-2.000000,0.000000,-0.000000,0.000000,-139219.109375,-210540.296875,502916.562500,48418.808594,243957.437500,-1552941.000000,-1308983.500000
ml,worst,356,2026-10-05,1391.658813,10.000000,1807.912964,50.000000,-3.000000,-3.000000,271186.937500,135.593475,-271186.937500,1426.423706,50.000000,2.000000,3.000000,-213963.546875,106.981773,142642.375000,1385.109253,50.000000,1.000000,3.000000,-207766.375000,103.883194,69255.460938,-59289.101562,352373.562500,48765.265625,244319.203125,-1552941.000000,-1308621.750000
ml,worst,356,2026-10-06,1417.126831,10.000000,1807.912964,50.000000,0.000000,3.000000,-271186.937500,135.593475,0.000000,1426.423706,50.000000,-1.000000,-3.000000,213963.546875,106.981773,-71321.187500,1408.647461,50.000000,-2.000000,-3.000000,211297.125000,105.648560,-140864.750000,-212185.937500,506447.312500,49113.492188,245147.875000,-1552941.000000,-1307793.125000
ml,worst,356,2026-10-07,1420.697876,10.000000,1807.912964,50.000000,-3.000000,-3.000000,271186.937500,135.593475,-271186.937500,1426.423706,50.000000,2.000000,3.000000,-213963.546875,106.981773,142642.375000,1412.978760,50.000000,1.000000,3.000000,-211946.828125,105.973404,70648.937500,-57895.625000,351723.843750,49462.039062,244366.187500,-1552941.000000,-1308574.750000
ml,worst,356,2026-10-08,1445.238403,10.000000,1807.912964,50.000000,0.000000,3.000000,-271186.937500,135.593475,0.000000,1426.423706,50.000000,-1.000000,-3.000000,213963.546875,106.981773,-71321.187500,1455.795898,50.000000,-2.000000,-3.000000,218369.390625,109.184692,-145579.593750,-216900.781250,512869.875000,49813.796875,246155.296875,-1552941.000000,-1306785.750000
ml,worst,356,2026-10-09,1444.244385,10.000000,1807.912964,50.000000,-3.000000,-3.000000,271186.937500,135.593475,-271186.937500,1426.423706,50.000000,2.000000,3.000000,-213963.546875,106.981773,142642.375000,1440.123413,50.000000,1.000000,3.000000,-216018.500000,108.009262,72006.171875,-56538.390625,354074.750000,50164.382812,247372.000000,-1552941.000000,-1305569.000000
ml,worst,356,2026-10-10,1468.148071,10.000000,1807.912964,50.000000,-3.000000,0.000000,-0.000000,0.000000,-271186.937500,1426.423706,50.000000,2.000000,0.000000,-0.000000,0.000000,142642.375000,1473.966187,50.000000,1.000000,0.000000,-0.000000,0.000000,73698.312500,-54846.250000,354074.750000,50164.382812,249064.125000,-1552941.000000,-1303876.875000
ml,worst,356,2026-10-11,1441.741211,10.000000,1807.912964,50.000000,-3.000000,0.000000,-0.000000,0.000000,-271186.937500,1426.423706,50.000000,2.000000,0.000000,-0.000000,0.000000,142642.375000,1448.691406,50.000000,1.000000,0.000000,-0.000000,0.000000,72434.570312,-56109.992188,354074.750000,50164.382812,247800.375000,-1552941.000000,-1305140.625000
ml,worst,356,2026-10-12,1480.374390,10.000000,1807.912964,50.000000,-3.000000,0.000000,-0.000000,0.000000,-271186.937500,1426.423706,50.000000,2.000000,0.000000,-0.000000,0.000000,142642.375000,1524.233887,50.000000,1.000000,0.000000,-0.000000,0.000000,76211.695312,-52332.867188,354074.750000,50164.382812,251577.500000,-1552941.000000,-1301363.500000
ml,worst,356,2026-10-13,1509.620972,10.000000,1807.912964,50.000000,0.000000,3.000000,-271186.937500,135.593475,0.000000,1426.423706,50.000000,-1.000000,-3.000000,213963.546875,106.981773,-71321.187500,1503.825317,50.000000,-2.000000,-3.000000,225573.796875,112.786896,-150382.531250,-221703.718750,522425.125000,50519.750000,250201.656250,-1552941.000000,-1302739.375000
ml,worst,356,2026-10-14,1524.865356,10.000000,1807.912964,50.000000,-3.000000,-3.000000,271186.937500,135.593475,-271186.937500,1426.423706,50.000000,2.000000,3.000000,-213963.546875,106.981773,142642.375000,1524.176147,50.000000,1.000000,3.000000,-228626.421875,114.313202,76208.804688,-52335.757812,351022.125000,50876.632812,247809.750000,-1552941.000000,-1305131.250000
ml,worst,356,2026-10-15,1528.379028,10.000000,1807.912964,50.000000,0.000000,3.000000,-271186.937500,135.593475,0.000000,1426.423706,50.000000,-1.000000,-3.000000,213963.546875,106.981773,-71321.187500,1539.947998,50.000000,-2.000000,-3.000000,230992.187500,115.496094,-153994.796875,-225315.984375,524790.937500,51234.703125,248240.234375,-1552941.000000,-1304700.750000
ml,worst,356,2026-10-16,1517.130249,10.000000,1807.912964,50.000000,-3.000000,-3.000000,271186.937500,135.593475,-271186.937500,1426.423706,50.000000,2.000000,3.000000,-213963.546875,106.981773,142642.375000,1508.754150,50.000000,1.000000,3.000000,-226313.140625,113.156570,75437.710938,-53106.851562,355701.156250,51590.437500,251003.875000,-1552941.000000,-1301937.125000
ml,worst,356,2026-10-17,1508.876831,10.000000,1807.912964,50.000000,-3.000000,0.000000,-0.000000,0.000000,-271186.937500,1426.423706,50.000000,2.000000,0.000000,-0.000000,0.000000,142642.375000,1489.975586,50.000000,1.000000,0.000000,-0.000000,0.000000,74498.781250,-54045.781250,355701.156250,51590.437500,250064.937500,-1552941.000000,-1302876.000000
ml,worst,356,2026-10-18,1489.701660,10.000000,1807.912964,50.000000,-3.000000,0.000000,-0.000000,0.000000,-271186.937500,1426.423706,50.000000,2.000000,0.000000,-0.000000,0.000000,142642.375000,1479.273560,50.000000,1.000000,0.000000,-0.000000,0.000000,73963.679688,-54580.882812,355701.156250,51590.437500,249529.843750,-1552941.000000,-1303411.125000
ml,worst,356,2026-10-19,1507.691650,10.000000,1807.912964,50.000000,0.000000,3.000000,-271186.937500,135.593475,0.000000,1426.423706,50.000000,-1.000000,-3.000000,213963.546875,106.981773,-71321.187500,1516.157959,50.000000,-2.000000,-3.000000,227423.687500,113.711853,-151615.796875,-222936.984375,525901.437500,51946.722656,251017.718750,-1552941.000000,-1301923.250000
ml,worst,356,2026-10-20,1487.690674,10.000000,1807.912964,50.000000,-3.000000,-3.000000,271186.937500,135.593475,-271186.937500,1426.423706,50.000000,2.000000,3.000000,-213963.546875,106.981773,142642.375000,1497.105957,50.000000,1.000000,3.000000,-224565.890625,112.282951,74855.296875,-53689.265625,358558.937500,52301.585938,252568.093750,-1552941.000000,-1300372.875000
ml,worst,356,2026-10-21,1467.906006,10.000000,1807.912964,50.000000,0.000000,3.000000,-271186.937500,135.593475,0.000000,1426.423706,50.000000,-1.000000,-3.000000,213963.546875,106.981773,-71321.187500,1457.660400,50.000000,-2.000000,-3.000000,218649.078125,109.324539,-145766.046875,-217087.234375,519984.625000,52653.484375,250243.890625,-1552941.000000,-1302697.125000
ml,worst,356,2026-10-22,1468.921143,10.000000,1807.912964,50.000000,-3.000000,-3.000000,271186.937500,135.593475,-271186.937500,1426.423706,50.000000,2.000000,3.000000,-213963.546875,106.981773,142642.375000,1471.744873,50.000000,1.000000,3.000000,-220761.718750,110.380859,73587.242188,-54957.320312,356446.312500,53006.437500,248482.562500,-1552941.000000,-1304458.500000
ml,worst,356,2026-10-23,1453.215820,10.000000,1807.912964,50.000000,0.000000,3.000000,-271186.937500,135.593475,0.000000,1426.423706,50.000000,-1.000000,-3.000000,213963.546875,106.981773,-71321.187500,1469.702393,50.000000,-2.000000,-3.000000,220455.375000,110.227676,-146970.234375,-218291.421875,519678.312500,53359.242188,248027.625000,-1552941.000000,-1304913.375000
ml,worst,356,2026-10-24,1469.544678,10.000000,1807.912964,50.000000,0.000000,0.000000,-0.000000,0.000000,0.000000,1426.423706,50.000000,-1.000000,0.000000,-0.000000,0.000000,-71321.187500,1521.260620,50.000000,-2.000000,0.000000,-0.000000,0.000000,-152126.062500,-223447.250000,519678.312500,53359.242188,242871.812500,-1552941.000000,-1310069.250000
ml,worst,356,2026-10-25,1482.093506,10.000000,1807.912964,50.000000,0.000000,0.000000,-0.000000,0.000000,0.000000,1426.423706,50.000000,-1.000000,0.000000,-0.000000,0.000000,-71321.187500,1515.375977,50.000000,-2.000000,0.000000,-0.000000,0.000000,-151537.593750,-222858.781250,519678.312500,53359.242188,243460.281250,-1552941.000000,-1309480.750000
ml,worst,356,2026-10-26,1488.228394,10.000000,1807.912964,50.000000,-3.000000,-3.000000,271186.937500,135.593475,-271186.937500,1426.423706,50.000000,2.000000,3.000000,-213963.546875,106.981773,142642.375000,1528.237427,50.000000,1.000000,3.000000,-229235.625000,114.617813,76411.875000,-52132.687500,347666.062500,53716.437500,241816.937500,-1552941.000000,-1311124.000000
ml,worst,356,2026-10-27,1510.350342,10.000000,1807.912964,50.000000,0.000000,3.000000,-271186.937500,135.593475,0.000000,1426.423706,50.000000,-1.000000,-3.000000,213963.546875,106.981773,-71321.187500,1527.401367,50.000000,-2.000000,-3.000000,229110.203125,114.555099,-152740.140625,-224061.328125,519552.875000,54073.562500,241418.000000,-1552941.000000,-1311523.000000
ml,worst,356,2026-10-28,1503.427368,10.000000,1807.912964,50.000000,-3.000000,-3.000000,271186.937500,135.593475,-271186.937500,1426.423706,50.000000,2.000000,3.000000,-213963.546875,106.981773,142642.375000,1530.651489,50.000000,1.000000,3.000000,-229597.734375,114.798859,76532.578125,-52011.984375,347178.531250,54430.941406,240735.625000,-1552941.000000,-1312205.375000
ml,worst,356,2026-10-29,1517.769287,10.000000,1807.912964,50.000000,0.000000,3.000000,-271186.937500,135.593475,0.000000,1426.423706,50.000000,0.000000,-2.000000,142642.375000,71.321182,0.000000,1502.721436,50.000000,0.000000,-1.000000,75136.070312,37.568035,0.000000,0.000000,293770.031250,54675.421875,239094.609375,-1552941.000000,-1313846.375000
ml,worst,356,2026-10-30,1560.302368,10.000000,1807.912964,50.000000,0.000000,0.000000,-0.000000,0.000000,0.000000,1426.423706,50.000000,0.000000,0.000000,-0.000000,0.000000,0.000000,1502.721436,50.000000,0.000000,0.000000,-0.000000,0.000000,0.000000,0.000000,293770.031250,54675.421875,239094.609375,-1552941.000000,-1313846.375000
ml,p5,230,2026-04-10,2055.000244,10.000000,2026.171509,50.000000,-3.000000,-3.000000,303925.718750,151.962860,-303925.718750,2047.068848,50.000000,-3.000000,-3.000000,307060.312500,153.530151,-307060.312500,2070.749756,50.000000,-7.000000,-7.000000,724762.375000,362.381195,-724762.375000,-1335748.375000,1335748.375000,667.874207,-667.874207,4854.181641,4186.307617
ml,p5,230,2026-04-11,2060.304443,10.000000,2047.522095,50.000000,-3.000000,0.000000,-0.000000,0.000000,-307128.312500,2068.732666,50.000000,-3.000000,0.000000,-0.000000,0.000000,-310309.906250,2092.872070,50.000000,-7.000000,0.000000,-0.000000,0.000000,-732505.250000,-1349943.500000,1335748.375000,667.874207,-14862.999023,13335.364258,-1527.634766
ml,p5,230,2026-04-12,2029.305542,10.000000,2038.185059,50.000000,-3.000000,0.000000,-0.000000,0.000000,-305727.750000,2059.918701,50.000000,-3.000000,0.000000,-0.000000,0.000000,-308987.781250,2082.770264,50.000000,-7.000000,0.000000,-0.000000,0.000000,-728969.562500,-1343685.000000,1335748.375000,667.874207,-8604.499023,-71290.171875,-79894.671875
ml,p5,230,2026-04-13,2019.484619,10.000000,2034.588257,50.000000,-1.000000,2.000000,-203458.828125,101.729408,-101729.414062,2055.959229,50.000000,-11.000000,-8.000000,822383.687500,411.191833,-1130777.500000,2078.397461,50.000000,-3.000000,4.000000,-415679.500000,207.839752,-311759.625000,-1544266.500000,1538993.750000,1388.635254,-6661.385254,-102013.773438,-108675.156250
ml,p5,230,2026-04-14,2028.115723,10.000000,2043.245850,50.000000,-9.000000,-8.000000,817298.312500,408.649139,-919460.625000,2062.402100,50.000000,-7.000000,4.000000,-412480.406250,206.240189,-721840.750000,2083.637207,50.000000,-11.000000,-8.000000,833454.875000,416.727448,-1146000.500000,-2787302.000000,2777266.500000,2420.251953,-12455.751953,-71750.898438,-84206.648438
ml,p5,230,2026-04-15,2008.979004,10.000000,2000.948608,50.000000,-6.000000,3.000000,-300142.281250,150.071152,-600284.562500,2019.880005,50.000000,-4.000000,3.000000,-302982.000000,151.490997,-403976.000000,2040.341187,50.000000,-8.000000,3.000000,-306051.187500,153.025589,-816136.500000,-1820397.000000,1868091.000000,2874.839844,44819.160156,-114881.664062,-70062.500000
ml,p5,230,2026-04-16,2019.856445,10.000000,2024.612915,50.000000,-3.000000,3.000000,-303691.937500,151.845963,-303691.937500,2045.099731,50.000000,-2.000000,2.000000,-204509.968750,102.254982,-204509.968750,2065.617432,50.000000,-5.000000,3.000000,-309842.625000,154.921310,-516404.343750,-1024606.250000,1050046.500000,3283.861816,22156.388672,-84472.937500,-62316.546875
ml,p5,230,2026-04-17,2040.470825,10.000000,2031.383057,50.000000,-1.000000,2.000000,-203138.312500,101.569153,-101569.156250,2052.322754,50.000000,0.000000,2.000000,-205232.281250,102.616135,0.000000,2071.903076,50.000000,-2.000000,3.000000,-310785.437500,155.392731,-207190.312500,-308759.468750,330890.500000,3643.439941,18487.591797,-29318.470703,-10830.878906
ml,p5,230,2026-04-18,2018.102173,10.000000,1986.440186,50.000000,-1.000000,0.000000,-0.000000,0.000000,-99322.007812,2007.014404,50.000000,0.000000,0.000000,-0.000000,0.000000,0.000000,2027.011475,50.000000,-2.000000,0.000000,-0.000000,0.000000,-202701.140625,-302023.156250,330890.500000,3643.439941,25223.904297,-79656.656250,-54432.750000
ml,p5,230,2026-04-19,2045.116333,10.000000,2035.764526,50.000000,-1.000000,0.000000,-0.000000,0.000000,-101788.226562,2057.475586,50.000000,0.000000,0.000000,-0.000000,0.000000,0.000000,2078.988281,50.000000,-2.000000,0.000000,-0.000000,0.000000,-207898.828125,-309687.062500,330890.500000,3643.439941,17559.998047,-2235.045166,15324.953125
ml,p5,230,2026-04-20,1981.121338,10.000000,1973.049072,50.000000,-9.000000,-8.000000,789219.625000,394.609802,-887872.062500,1994.847778,50.000000,-3.000000,-3.000000,299227.187500,149.613586,-299227.187500,2016.415527,50.000000,-10.000000,-8.000000,806566.187500,403.283081,-1008207.812500,-2195307.000000,2225903.500000,4590.946289,26005.554688,-156576.250000,-130570.695312
ml,p5,230,2026-04-21,1966.639648,10.000000,1960.981567,50.000000,-6.000000,3.000000,-294147.250000,147.073608,-588294.500000,1981.888550,50.000000,-1.000000,2.000000,-198188.859375,99.094429,-99094.429688,2002.401611,50.000000,-7.000000,3.000000,-300360.250000,150.180115,-700840.562500,-1388229.500000,1433207.250000,4987.294922,39990.453125,-187194.968750,-147204.515625
ml,p5,230,2026-04-22,1962.108032,10.000000,1967.251221,50.000000,-3.000000,3.000000,-295087.687500,147.543839,-295087.687500,1987.239746,50.000000,-4.000000,-3.000000,298085.968750,149.042969,-397447.937500,2006.428467,50.000000,-4.000000,3.000000,-300964.250000,150.482132,-401285.687500,-1093821.250000,1135241.250000,5434.363770,35985.636719,-189771.421875,-153785.781250
ml,p5,230,2026-04-23,1945.475586,10.000000,1946.222046,50.000000,0.000000,3.000000,-291933.312500,145.966644,0.000000,1967.557251,50.000000,-1.000000,3.000000,-295133.593750,147.566788,-98377.859375,1986.909912,50.000000,-2.000000,2.000000,-198690.984375,99.345490,-198690.984375,-297068.843750,349483.312500,5827.242188,46587.226562,-223809.265625,-177222.031250
ml,p5,230,2026-04-24,1967.177124,10.000000,1972.792358,50.000000,-3.000000,-3.000000,295918.843750,147.959427,-295918.843750,1995.792603,50.000000,-4.000000,-3.000000,299368.906250,149.684448,-399158.531250,2016.370972,50.000000,-10.000000,-8.000000,806548.375000,403.274200,-1008185.437500,-1703262.750000,1751319.375000,6528.160645,41528.464844,-151825.265625,-110296.796875
ml,p5,230,2026-04-25,1985.338135,10.000000,1994.635132,50.000000,-3.000000,0.000000,-0.000000,0.000000,-299195.250000,2016.020142,50.000000,-4.000000,0.000000,-0.000000,0.000000,-403204.031250,2035.231812,50.000000,-10.000000,0.000000,-0.000000,0.000000,-1017615.937500,-1720015.250000,1751319.375000,6528.160645,24775.964844,-97289.843750,-72513.875000
ml,p5,230,2026-04-26,1980.218384,10.000000,1983.250488,50.000000,-3.000000,0.000000,-0.000000,0.000000,-297487.562500,2004.231567,50.000000,-4.000000,0.000000,-0.000000,0.000000,-400846.312500,2023.473022,50.000000,-10.000000,0.000000,-0.000000,0.000000,-1011736.500000,-1710070.375000,1751319.375000,6528.160645,34720.839844,-108980.312500,-74259.468750
ml,p5,230,2026-04-27,1986.326538,10.000000,1989.806274,50.000000,-1.000000,2.000000,-198980.625000,99.490311,-99490.312500,2009.100342,50.000000,-1.000000,3.000000,-301365.031250,150.682510,-100455.015625,2027.140137,50.000000,-7.000000,3.000000,-304071.031250,152.035507,-709499.000000,-909444.312500,946902.750000,6930.369141,30528.068359,-89326.453125,-58798.382812
ml,p5,230,2026-04-28,2007.842285,10.000000,2033.442261,50.000000,-9.000000,-8.000000,813376.875000,406.688446,-915049.000000,2051.686768,50.000000,-9.000000,-8.000000,820674.687500,410.337341,-923259.062500,2069.573975,50.000000,-4.000000,3.000000,-310436.093750,155.218033,-413914.781250,-2252222.750000,2270518.250000,7902.612305,10392.887695,-27289.337891,-16896.449219
ml,p5,230,2026-04-29,2005.824219,10.000000,1993.751953,50.000000,-1.000000,8.000000,-797500.750000,398.750366,-99687.593750,2012.026489,50.000000,-6.000000,3.000000,-301803.968750,150.901993,-603607.937500,2028.329712,50.000000,-2.000000,2.000000,-202832.968750,101.416489,-202832.968750,-906128.500000,968380.500000,8553.681641,53698.320312,-27191.199219,26507.121094
ml,p5,230,2026-04-30,1994.893188,10.000000,1993.751953,50.000000,2.000000,3.000000,-299062.781250,149.531387,199375.187500,1990.250244,50.000000,-3.000000,3.000000,-298537.562500,149.268768,-298537.562500,2004.736572,50.000000,-5.000000,-3.000000,300710.500000,150.355240,-501184.125000,-600346.500000,671490.687500,9002.836914,62141.351562,-51921.996094,10219.355469
ml,p5,230,2026-05-01,1974.290894,10.000000,1993.751953,50.000000,-1.000000,-3.000000,299062.781250,149.531387,-99687.593750,1967.974976,50.000000,-1.000000,2.000000,-196797.500000,98.398750,-98398.750000,1982.316406,50.000000,-2.000000,3.000000,-297347.468750,148.673721,-198231.640625,-396318.000000,476408.500000,9399.440430,70691.062500,-101826.921875,-31135.859375
ml,p5,230,2026-05-02,1924.834717,10.000000,1993.751953,50.000000,-1.000000,0.000000,-0.000000,0.000000,-99687.593750,1932.563110,50.000000,-1.000000,0.000000,-0.000000,0.000000,-96628.156250,1946.249756,50.000000,-2.000000,0.000000,-0.000000,0.000000,-194624.968750,-390940.718750,476408.500000,9399.440430,76068.343750,-227775.875000,-151707.531250
ml,p5,230,2026-05-03,1889.877319,10.000000,1993.751953,50.000000,-1.000000,0.000000,-0.000000,0.000000,-99687.593750,1894.549683,50.000000,-1.000000,0.000000,-0.000000,0.000000,-94727.484375,1909.113403,50.000000,-2.000000,0.000000,-0.000000,0.000000,-190911.343750,-385326.437500,476408.500000,9399.440430,81682.625000,-314943.750000,-233261.125000
ml,p5,230,2026-05-04,1840.923340,10.000000,1993.751953,50.000000,2.000000,3.000000,-299062.781250,149.531387,199375.187500,1841.150391,50.000000,-4.000000,-3.000000,276172.562500,138.086273,-368230.062500,1855.709839,50.000000,-5.000000,-3.000000,278356.468750,139.178238,-463927.437500,-632782.312500,731874.750000,9826.237305,89266.203125,-440689.781250,-351423.562500
ml,p5,230,2026-05-05,1838.606445,10.000000,1993.751953,50.000000,-1.000000,-3.000000,299062.781250,149.531387,-99687.593750,1851.707153,50.000000,-2.000000,2.000000,-185170.718750,92.585358,-185170.718750,1866.569824,50.000000,-2.000000,3.000000,-279985.468750,139.992737,-186656.984375,-471515.312500,565781.312500,10208.345703,84057.656250,-445334.406250,-361276.750000
ml,p5,230,2026-05-06,1830.447510,10.000000,1993.751953,50.000000,2.000000,3.000000,-299062.781250,149.531387,199375.187500,1848.113159,50.000000,-5.000000,-3.000000,277216.968750,138.608490,-462028.281250,1865.028687,50.000000,-5.000000,-3.000000,279754.312500,139.877151,-466257.187500,-728910.250000,823689.812500,10636.363281,84143.203125,-459684.375000,-375541.187500
ml,p5,230,2026-05-07,1838.416260,10.000000,1993.751953,50.000000,-1.000000,-3.000000,299062.781250,149.531387,-99687.593750,1854.021484,50.000000,-2.000000,3.000000,-278103.218750,139.051605,-185402.156250,1871.081909,50.000000,-2.000000,3.000000,-280662.281250,140.331146,-187108.187500,-472197.937500,563987.125000,11065.277344,80723.906250,-445488.406250,-364764.500000
ml,p5,230,2026-05-08,1773.828613,10.000000,1993.751953,50.000000,2.000000,3.000000,-299062.781250,149.531387,199375.187500,1783.178711,50.000000,-5.000000,-3.000000,267476.812500,133.738403,-445794.687500,1799.509155,50.000000,-5.000000,-3.000000,269926.375000,134.963196,-449877.281250,-696296.750000,802327.562500,11483.510742,94547.304688,-613588.562500,-519041.250000
ml,p5,230,2026-05-09,1756.822388,10.000000,1993.751953,50.000000,2.000000,0.000000,-0.000000,0.000000,199375.187500,1762.107422,50.000000,-5.000000,0.000000,-0.000000,0.000000,-440526.843750,1778.650391,50.000000,-5.000000,0.000000,-0.000000,0.000000,-444662.593750,-685814.250000,802327.562500,11483.510742,105029.804688,-658940.312500,-553910.500000
ml,p5,230,2026-05-10,1771.069092,10.000000,1993.751953,50.000000,2.000000,0.000000,-0.000000,0.000000,199375.187500,1793.275391,50.000000,-5.000000,0.000000,-0.000000,0.000000,-448318.843750,1811.816284,50.000000,-5.000000,0.000000,-0.000000,0.000000,-452954.062500,-701897.750000,802327.562500,11483.510742,88946.304688,-623816.312500,-534870.000000
ml,p5,230,2026-05-11,1752.456543,10.000000,1993.751953,50.000000,-1.000000,-3.000000,299062.781250,149.531387,-99687.593750,1773.665649,50.000000,-2.000000,3.000000,-266049.843750,133.024918,-177366.562500,1791.903320,50.000000,-2.000000,3.000000,-268785.500000,134.392746,-179190.328125,-456244.500000,566554.937500,11900.458984,98409.976562,-671172.812500,-572762.812500
ml,p5,230,2026-05-12,1757.154053,10.000000,1993.751953,50.000000,2.000000,3.000000,-299062.781250,149.531387,199375.187500,1757.451172,50.000000,-5.000000,-3.000000,263617.687500,131.808838,-439362.781250,1781.870483,50.000000,-5.000000,-3.000000,267280.562500,133.640289,-445467.625000,-685455.250000,798390.437500,12315.439453,100619.750000,-657355.812500,-556736.062500
ml,p5,230,2026-05-13,1751.241089,10.000000,1993.751953,50.000000,-1.000000,-3.000000,299062.781250,149.531387,-99687.593750,1749.876587,50.000000,-2.000000,3.000000,-262481.500000,131.240723,-174987.656250,1774.437866,50.000000,-2.000000,3.000000,-266165.687500,133.082825,-177443.781250,-452119.031250,568806.000000,12729.294922,103957.671875,-670746.062500,-566788.375000
ml,p5,230,2026-05-14,1778.919189,10.000000,1993.751953,50.000000,2.000000,3.000000,-299062.781250,149.531387,199375.187500,1786.951172,50.000000,-5.000000,-3.000000,268042.687500,134.021332,-446737.781250,1812.489868,50.000000,-5.000000,-3.000000,271873.500000,135.936737,-453122.468750,-700485.062500,809659.437500,13148.784180,96025.593750,-599119.687500,-503094.093750
ml,p5,230,2026-05-15,1753.580933,10.000000,1993.751953,50.000000,-1.000000,-3.000000,299062.781250,149.531387,-99687.593750,1760.489014,50.000000,-2.000000,3.000000,-264073.343750,132.036667,-176048.906250,1786.336914,50.000000,-2.000000,3.000000,-267950.531250,133.975266,-178633.687500,-454370.187500,576698.312500,13564.328125,108763.796875,-665216.437500,-556452.625000
ml,p5,230,2026-05-16,1751.098389,10.000000,1993.751953,50.000000,-1.000000,0.000000,-0.000000,0.000000,-99687.593750,1773.066772,50.000000,-2.000000,0.000000,-0.000000,0.000000,-177306.671875,1798.432251,50.000000,-2.000000,0.000000,-0.000000,0.000000,-179843.218750,-456837.468750,576698.312500,13564.328125,106296.515625,-671262.062500,-564965.562500
ml,p5,230,2026-05-17,1746.282837,10.000000,1993.751953,50.000000,-1.000000,0.000000,-0.000000,0.000000,-99687.593750,1753.682129,50.000000,-2.000000,0.000000,-0.000000,0.000000,-175368.218750,1783.155151,50.000000,-2.000000,0.000000,-0.000000,0.000000,-178315.515625,-453371.312500,576698.312500,13564.328125,109762.671875,-684173.187500,-574410.500000
ml,p5,230,2026-05-18,1763.375366,10.000000,1993.751953,50.000000,2.000000,3.000000,-299062.781250,149.531387,199375.187500,1786.588257,50.000000,-5.000000,-3.000000,267988.218750,133.994110,-446647.062500,1813.776978,50.000000,-5.000000,-3.000000,272066.562500,136.033279,-453444.250000,-700716.125000,817690.312500,13983.886719,102990.296875,-643404.187500,-540413.875000
ml,p5,230,2026-05-19,1761.782715,10.000000,1993.751953,50.000000,-1.000000,-3.000000,299062.781250,149.531387,-99687.593750,1781.049561,50.000000,-2.000000,3.000000,-267157.437500,133.578705,-178104.953125,1808.276489,50.000000,-2.000000,3.000000,-271241.468750,135.620743,-180827.656250,-458620.218750,578354.187500,14402.617188,105331.351562,-647692.687500,-542361.312500
ml,p5,230,2026-05-20,1774.218506,10.000000,1993.751953,50.000000,2.000000,3.000000,-299062.781250,149.531387,199375.187500,1794.077393,50.000000,-5.000000,-3.000000,269111.625000,134.555801,-448519.343750,1822.885132,50.000000,-5.000000,-3.000000,273432.750000,136.716385,-455721.281250,-704865.437500,821835.812500,14823.420898,102146.953125,-620595.875000,-518448.937500
ml,p5,230,2026-05-21,1758.227661,10.000000,1993.751953,50.000000,-1.000000,-3.000000,299062.781250,149.531387,-99687.593750,1757.337891,50.000000,-2.000000,3.000000,-263600.687500,131.800323,-175733.781250,1783.534912,50.000000,-2.000000,3.000000,-267530.218750,133.765106,-178353.484375,-453774.875000,589767.687500,15238.517578,120754.296875,-662121.250000,-541366.937500
ml,p5,230,2026-05-22,1758.966553,10.000000,1993.751953,50.000000,2.000000,3.000000,-299062.781250,149.531387,199375.187500,1766.468872,50.000000,-5.000000,-3.000000,264970.343750,132.485168,-441617.250000,1793.168701,50.000000,-5.000000,-3.000000,268975.281250,134.487640,-448292.187500,-690534.250000,824650.562500,15655.021484,118461.289062,-664566.812500,-546105.500000
ml,p5,230,2026-05-23,1761.641602,10.000000,1993.751953,50.000000,2.000000,0.000000,-0.000000,0.000000,199375.187500,1793.510376,50.000000,-5.000000,0.000000,-0.000000,0.000000,-448377.593750,1818.694702,50.000000,-5.000000,0.000000,-0.000000,0.000000,-454673.687500,-703676.125000,824650.562500,15655.021484,105319.414062,-660206.187500,-554886.750000
ml,p5,230,2026-05-24,1752.166504,10.000000,1993.751953,50.000000,2.000000,0.000000,-0.000000,0.000000,199375.187500,1744.572021,50.000000,-5.000000,0.000000,-0.000000,0.000000,-436143.031250,1764.497559,50.000000,-5.000000,0.000000,-0.000000,0.000000,-441124.406250,-677892.250000,824650.562500,15655.021484,131103.296875,-687783.125000,-556679.812500
ml,p5,230,2026-05-25,1736.454224,10.000000,1993.751953,50.000000,2.000000,0.000000,-0.000000,0.000000,199375.187500,1739.670898,50.000000,-5.000000,0.000000,-0.000000,0.000000,-434917.718750,1759.442871,50.000000,-5.000000,0.000000,-0.000000,0.000000,-439860.750000,-675403.250000,824650.562500,15655.021484,133592.296875,-728149.437500,-594557.125000
ml,p5,230,2026-05-26,1727.434082,10.000000,1993.751953,50.000000,-1.000000,-3.000000,299062.781250,149.531387,-99687.593750,1738.671387,50.000000,-2.000000,3.000000,-260800.703125,130.400345,-173867.140625,1756.179443,50.000000,-2.000000,3.000000,-263426.906250,131.713455,-175617.937500,-449172.687500,599485.687500,16066.666992,134246.328125,-753796.687500,-619550.375000
ml,p5,230,2026-05-27,1720.971069,10.000000,1993.751953,50.000000,2.000000,3.000000,-299062.781250,149.531387,199375.187500,1735.215576,50.000000,-5.000000,-3.000000,260282.328125,130.141174,-433803.906250,1751.763062,50.000000,-5.000000,-3.000000,262764.437500,131.382233,-437940.781250,-672369.500000,823469.687500,16477.720703,134622.468750,-770300.187500,-635677.750000
ml,p5,230,2026-05-28,1715.924316,10.000000,1993.751953,50.000000,-1.000000,-3.000000,299062.781250,149.531387,-99687.593750,1720.609009,50.000000,-2.000000,3.000000,-258091.359375,129.045670,-172060.906250,1733.003784,50.000000,-2.000000,3.000000,-259950.562500,129.975281,-173300.375000,-445048.875000,604490.500000,16886.275391,142555.343750,-788199.125000,-645643.750000
ml,p5,230,2026-05-29,1714.555908,10.000000,1993.751953,50.000000,2.000000,3.000000,-299062.781250,149.531387,199375.187500,1726.341309,50.000000,-5.000000,-3.000000,258951.203125,129.475586,-431585.343750,1738.865479,50.000000,-5.000000,-3.000000,260829.828125,130.414917,-434716.343750,-666926.500000,825208.750000,17295.695312,140986.562500,-795485.250000,-654498.687500
ml,p5,230,2026-05-30,1725.116211,10.000000,1993.751953,50.000000,2.000000,0.000000,-0.000000,0.000000,199375.187500,1747.811768,50.000000,-5.000000,0.000000,-0.000000,0.000000,-436952.937500,1759.645142,50.000000,-5.000000,0.000000,-0.000000,0.000000,-439911.281250,-677489.000000,825208.750000,17295.695312,130424.054688,-772157.562500,-641733.500000
ml,p5,230,2026-05-31,1744.855469,10.000000,1993.751953,50.000000,2.000000,0.000000,-0.000000,0.000000,199375.187500,1765.315796,50.000000,-5.000000,0.000000,-0.000000,0.000000,-441328.968750,1778.105103,50.000000,-5.000000,0.000000,-0.000000,0.000000,-444526.281250,-686480.062500,825208.750000,17295.695312,121432.992188,-723144.812500,-601711.812500
ml,p5,230,2026-06-01,1747.611572,10.000000,1993.751953,50.000000,-1.000000,-3.000000,299062.781250,149.531387,-99687.593750,1749.951782,50.000000,-2.000000,3.000000,-262492.781250,131.246368,-174995.171875,1761.191528,50.000000,-2.000000,3.000000,-264178.750000,132.089355,-176119.156250,-450801.906250,597600.000000,17708.562500,129089.531250,-717036.000000,-587946.500000
ml,p5,230,2026-06-02,1753.722168,10.000000,1993.751953,50.000000,2.000000,3.000000,-299062.781250,149.531387,199375.187500,1763.341553,50.000000,-5.000000,-3.000000,264501.218750,132.250610,-440835.406250,1773.176514,50.000000,-5.000000,-3.000000,265976.468750,132.988235,-443294.125000,-684754.375000,829014.937500,18123.333984,126137.226562,-702119.750000,-575982.500000
ml,p5,230,2026-06-03,1769.342041,10.000000,1993.751953,50.000000,-1.000000,-3.000000,299062.781250,149.531387,-99687.593750,1735.845215,50.000000,-2.000000,3.000000,-260376.781250,130.188385,-173584.515625,1743.914429,50.000000,-2.000000,3.000000,-261587.156250,130.793579,-174391.437500,-447663.562500,606113.750000,18533.847656,139916.343750,-662480.437500,-522564.093750
ml,p5,230,2026-06-04,1760.642334,10.000000,1993.751953,50.000000,2.000000,3.000000,-299062.781250,149.531387,199375.187500,1761.225952,50.000000,-5.000000,-3.000000,264183.875000,132.091949,-440306.500000,1768.307861,50.000000,-5.000000,-3.000000,265246.187500,132.623077,-442076.937500,-683008.250000,836481.125000,18948.093750,134524.781250,-684366.437500,-549841.625000
ml,p5,230,2026-06-05,1758.294800,10.000000,1993.751953,50.000000,-1.000000,-3.000000,299062.781250,149.531387,-99687.593750,1763.676025,50.000000,-2.000000,3.000000,-264551.406250,132.275711,-176367.609375,1771.575806,50.000000,-2.000000,3.000000,-265736.375000,132.868179,-177157.578125,-453212.750000,605256.062500,19362.769531,132680.546875,-692562.937500,-559882.375000
ml,p5,230,2026-06-06,1767.617554,10.000000,1993.751953,50.000000,-1.000000,0.000000,-0.000000,0.000000,-99687.593750,1785.583252,50.000000,-2.000000,0.000000,-0.000000,0.000000,-178558.328125,1795.570068,50.000000,-2.000000,0.000000,-0.000000,0.000000,-179557.000000,-457802.937500,605256.062500,19362.769531,128090.359375,-670148.437500,-542058.062500
ml,p5,230,2026-06-07,1777.095581,10.000000,1993.751953,50.000000,-1.000000,0.000000,-0.000000,0.000000,-99687.593750,1779.578979,50.000000,-2.000000,0.000000,-0.000000,0.000000,-177957.890625,1786.800537,50.000000,-2.000000,0.000000,-0.000000,0.000000,-178680.046875,-456325.562500,605256.062500,19362.769531,129567.734375,-647037.875000,-517470.125000
ml,p5,230,2026-06-08,1780.343262,10.000000,1993.751953,50.000000,2.000000,3.000000,-299062.781250,149.531387,199375.187500,1773.073853,50.000000,-5.000000,-3.000000,265961.093750,132.980545,-443268.468750,1781.242920,50.000000,-5.000000,-3.000000,267186.437500,133.593231,-445310.750000,-689204.000000,839340.875000,19778.875000,130358.000000,-640108.937500,-509750.937500
ml,p5,230,2026-06-09,1775.910522,10.000000,1993.751953,50.000000,-1.000000,-3.000000,299062.781250,149.531387,-99687.593750,1775.034790,50.000000,-2.000000,3.000000,-266255.218750,133.127609,-177503.484375,1784.548096,50.000000,-2.000000,3.000000,-267682.218750,133.841095,-178454.812500,-455645.875000,604466.125000,20195.373047,128624.875000,-654075.500000,-525450.625000
ml,p5,230,2026-06-10,1798.676392,10.000000,1993.751953,50.000000,2.000000,3.000000,-299062.781250,149.531387,199375.187500,1818.896973,50.000000,0.000000,2.000000,-181889.703125,90.944847,0.000000,1833.627808,50.000000,-5.000000,-3.000000,275044.156250,137.522079,-458406.937500,-259031.750000,398557.812500,20573.371094,118952.687500,-599358.625000,-480405.937500
ml,p5,230,2026-06-11,1827.506714,10.000000,1993.751953,50.000000,-1.000000,-3.000000,299062.781250,149.531387,-99687.593750,1842.235962,50.000000,-3.000000,-3.000000,276335.406250,138.167694,-276335.406250,1858.283936,50.000000,-2.000000,3.000000,-278742.562500,139.371292,-185828.390625,-561851.375000,695213.500000,21000.441406,112361.687500,-530220.812500,-417859.125000
ml,p5,230,2026-06-12,1819.718872,10.000000,1993.751953,50.000000,2.000000,3.000000,-299062.781250,149.531387,199375.187500,1836.236572,50.000000,0.000000,3.000000,-275435.500000,137.717728,0.000000,1851.725464,50.000000,-5.000000,-3.000000,277758.812500,138.879410,-462931.343750,-263556.156250,398474.000000,21426.572266,113491.273438,-551205.062500,-437713.781250
ml,p5,230,2026-06-13,1781.384399,10.000000,1993.751953,50.000000,2.000000,0.000000,-0.000000,0.000000,199375.187500,1794.245483,50.000000,0.000000,0.000000,-0.000000,0.000000,0.000000,1810.137329,50.000000,-5.000000,0.000000,-0.000000,0.000000,-452534.312500,-253159.125000,398474.000000,21426.572266,123888.304688,-648078.875000,-524190.562500
ml,p5,230,2026-06-14,1784.513794,10.000000,1993.751953,50.000000,2.000000,0.000000,-0.000000,0.000000,199375.187500,1810.232178,50.000000,0.000000,0.000000,-0.000000,0.000000,0.000000,1827.455322,50.000000,-5.000000,0.000000,-0.000000,0.000000,-456863.812500,-257488.625000,398474.000000,21426.572266,119558.804688,-638914.500000,-519355.687500
ml,p5,230,2026-06-15,1768.972534,10.000000,1993.751953,50.000000,-1.000000,-3.000000,299062.781250,149.531387,-99687.593750,1781.143433,50.000000,-3.000000,-3.000000,267171.500000,133.585754,-267171.500000,1795.295532,50.000000,-2.000000,3.000000,-269294.343750,134.647156,-179529.546875,-546388.625000,695413.937500,21844.335938,127180.976562,-677731.187500,-550550.187500
ml,p5,230,2026-06-16,1756.747070,10.000000,1993.751953,50.000000,2.000000,3.000000,-299062.781250,149.531387,199375.187500,1755.758423,50.000000,0.000000,3.000000,-263363.781250,131.681885,0.000000,1770.930420,50.000000,-5.000000,-3.000000,265639.562500,132.819794,-442732.625000,-243357.437500,398626.937500,22258.369141,133011.125000,-711488.062500,-578476.937500
ml,p5,230,2026-06-17,1751.900879,10.000000,1993.751953,50.000000,-1.000000,-3.000000,299062.781250,149.531387,-99687.593750,1747.379883,50.000000,-3.000000,-3.000000,262106.984375,131.053482,-262106.984375,1760.203369,50.000000,-2.000000,3.000000,-264030.531250,132.015259,-176020.343750,-537814.875000,695766.125000,22670.968750,135280.281250,-723994.312500,-588714.000000
ml,p5,230,2026-06-18,1755.551147,10.000000,1993.751953,50.000000,2.000000,3.000000,-299062.781250,149.531387,199375.187500,1756.334717,50.000000,-1.000000,2.000000,-175633.468750,87.816734,-87816.734375,1769.786499,50.000000,-5.000000,-3.000000,265467.968750,132.733994,-442446.625000,-330888.187500,486537.875000,23041.050781,132608.640625,-716406.687500,-583798.062500
ml,p5,230,2026-06-19,1759.379272,10.000000,1993.751953,50.000000,2.000000,0.000000,-0.000000,0.000000,199375.187500,1757.327881,50.000000,-1.000000,0.000000,-0.000000,0.000000,-87866.390625,1769.721924,50.000000,-5.000000,0.000000,-0.000000,0.000000,-442430.468750,-330921.687500,486537.875000,23041.050781,132575.140625,-708201.312500,-575626.187500
ml,p5,230,2026-06-20,1753.024048,10.000000,1993.751953,50.000000,2.000000,0.000000,-0.000000,0.000000,199375.187500,1748.767456,50.000000,-1.000000,0.000000,-0.000000,0.000000,-87438.375000,1762.434814,50.000000,-5.000000,0.000000,-0.000000,0.000000,-440608.687500,-328671.875000,486537.875000,23041.050781,134824.953125,-724968.562500,-590143.625000
ml,p5,230,2026-06-21,1746.318726,10.000000,1993.751953,50.000000,2.000000,0.000000,-0.000000,0.000000,199375.187500,1751.450317,50.000000,-1.000000,0.000000,-0.000000,0.000000,-87572.515625,1767.375122,50.000000,-5.000000,0.000000,-0.000000,0.000000,-441843.812500,-330041.125000,486537.875000,23041.050781,133455.703125,-742178.562500,-608722.875000
ml,p5,230,2026-06-22,1740.130249,10.000000,1993.751953,50.000000,-1.000000,-3.000000,299062.781250,149.531387,-99687.593750,1746.546509,50.000000,-4.000000,-3.000000,261981.984375,130.990982,-349309.312500,1760.403442,50.000000,-2.000000,3.000000,-264060.531250,132.030258,-176040.343750,-625037.250000,783522.125000,23453.603516,135031.265625,-757118.750000,-622087.500000
ml,p5,230,2026-06-23,1732.458618,10.000000,1993.751953,50.000000,2.000000,3.000000,-299062.781250,149.531387,199375.187500,1733.483521,50.000000,-1.000000,3.000000,-260022.531250,130.011261,-86674.179688,1744.163696,50.000000,-5.000000,-3.000000,261624.562500,130.812271,-436040.906250,-323339.906250,486061.375000,23863.958984,138857.515625,-779070.000000,-640212.500000
ml,p5,230,2026-06-24,1755.432251,10.000000,1993.751953,50.000000,-1.000000,-3.000000,299062.781250,149.531387,-99687.593750,1754.147949,50.000000,-4.000000,-3.000000,263122.187500,131.561096,-350829.593750,1765.022583,50.000000,-2.000000,3.000000,-264753.406250,132.376694,-176502.265625,-627019.437500,783492.937500,24277.425781,132196.078125,-723183.437500,-590987.375000
ml,p5,230,2026-06-25,1771.190674,10.000000,1993.751953,50.000000,2.000000,3.000000,-299062.781250,149.531387,199375.187500,1775.698486,50.000000,-2.000000,2.000000,-177569.843750,88.784920,-177569.843750,1785.656006,50.000000,-5.000000,-3.000000,267848.375000,133.924194,-446414.000000,-424608.656250,574708.687500,24649.667969,125450.359375,-685957.250000,-560506.875000
ml,p5,230,2026-06-26,1771.871582,10.000000,1993.751953,50.000000,-1.000000,-3.000000,299062.781250,149.531387,-99687.593750,1799.699829,50.000000,0.000000,2.000000,-179969.984375,89.984993,0.000000,1811.139038,50.000000,-2.000000,3.000000,-271670.843750,135.835419,-181113.906250,-280801.500000,422130.625000,25025.019531,116304.109375,-686465.875000,-570161.750000
ml,p5,230,2026-06-27,1781.348633,10.000000,1993.751953,50.000000,-1.000000,0.000000,-0.000000,0.000000,-99687.593750,1798.103760,50.000000,0.000000,0.000000,-0.000000,0.000000,0.000000,1808.399902,50.000000,-2.000000,0.000000,-0.000000,0.000000,-180839.984375,-280527.562500,422130.625000,25025.019531,116578.046875,-664087.437500,-547509.375000
ml,p5,230,2026-06-28,1784.899292,10.000000,1993.751953,50.000000,-1.000000,0.000000,-0.000000,0.000000,-99687.593750,1794.341675,50.000000,0.000000,0.000000,-0.000000,0.000000,0.000000,1805.279541,50.000000,-2.000000,0.000000,-0.000000,0.000000,-180527.953125,-280215.562500,422130.625000,25025.019531,116890.046875,-656790.687500,-539900.625000
ml,p5,230,2026-06-29,1797.583984,10.000000,1993.751953,50.000000,2.000000,3.000000,-299062.781250,149.531387,199375.187500,1804.910278,50.000000,-3.000000,-3.000000,270736.562500,135.368271,-270736.562500,1817.492310,50.000000,-5.000000,-3.000000,272623.843750,136.311920,-454373.093750,-525734.500000,666428.250000,25446.230469,115247.515625,-625469.937500,-510222.437500
ml,p5,230,2026-06-30,1791.591309,10.000000,1993.751953,50.000000,-1.000000,-3.000000,299062.781250,149.531387,-99687.593750,1789.129028,50.000000,0.000000,3.000000,-268369.375000,134.184677,0.000000,1801.984741,50.000000,-2.000000,3.000000,-270297.718750,135.148849,-180198.468750,-279886.062500,426823.937500,25865.097656,121072.781250,-642058.562500,-520985.781250
ml,p5,230,2026-07-01,1799.350586,10.000000,1993.751953,50.000000,2.000000,3.000000,-299062.781250,149.531387,199375.187500,1803.943237,50.000000,-3.000000,-3.000000,270591.468750,135.295746,-270591.468750,1816.244507,50.000000,-5.000000,-3.000000,272436.656250,136.218338,-454061.125000,-525277.375000,670789.312500,26286.140625,119225.796875,-622922.312500,-503696.500000
ml,p5,230,2026-07-02,1781.200806,10.000000,1993.751953,50.000000,-1.000000,-3.000000,299062.781250,149.531387,-99687.593750,1775.248901,50.000000,0.000000,3.000000,-266287.343750,133.143661,0.000000,1786.290161,50.000000,-2.000000,3.000000,-267943.531250,133.971756,-178629.015625,-278316.625000,435621.187500,26702.789062,130601.773438,-667286.687500,-536684.937500
ml,p5,230,2026-07-03,1796.716675,10.000000,1993.751953,50.000000,2.000000,3.000000,-299062.781250,149.531387,199375.187500,1808.682617,50.000000,-3.000000,-3.000000,271302.406250,135.651184,-271302.406250,1820.112183,50.000000,-5.000000,-3.000000,273016.812500,136.508408,-455028.031250,-526955.250000,680877.625000,27124.478516,126797.898438,-632320.250000,-505522.343750
ml,p5,230,2026-07-04,1764.848389,10.000000,1993.751953,50.000000,2.000000,0.000000,-0.000000,0.000000,199375.187500,1769.565186,50.000000,-3.000000,0.000000,-0.000000,0.000000,-265434.750000,1780.725830,50.000000,-5.000000,0.000000,-0.000000,0.000000,-445181.437500,-511241.000000,680877.625000,27124.478516,142512.140625,-702923.687500,-560411.562500
ml,p5,230,2026-07-05,1759.200684,10.000000,1993.751953,50.000000,2.000000,0.000000,-0.000000,0.000000,199375.187500,1751.995239,50.000000,-3.000000,0.000000,-0.000000,0.000000,-262799.281250,1763.079834,50.000000,-5.000000,0.000000,-0.000000,0.000000,-440769.968750,-504194.062500,680877.625000,27124.478516,149559.078125,-716676.500000,-567117.437500
ml,p5,230,2026-07-06,1780.165039,10.000000,1993.751953,50.000000,-1.000000,-3.000000,299062.781250,149.531387,-99687.593750,1788.072754,50.000000,0.000000,3.000000,-268210.906250,134.105453,0.000000,1801.863525,50.000000,-2.000000,3.000000,-270279.531250,135.139771,-180186.359375,-279873.937500,441449.968750,27543.253906,134032.781250,-671478.062500,-537445.250000
ml,p5,230,2026-07-07,1795.573364,10.000000,1993.751953,50.000000,2.000000,3.000000,-299062.781250,149.531387,199375.187500,1829.487183,50.000000,-3.000000,-3.000000,274423.062500,137.211533,-274423.062500,1842.921265,50.000000,-5.000000,-3.000000,276438.187500,138.219086,-460730.312500,-535778.187500,693248.437500,27968.218750,129502.031250,-640923.437500,-511421.406250
ml,p5,230,2026-07-08,1784.490845,10.000000,1993.751953,50.000000,-1.000000,-3.000000,299062.781250,149.531387,-99687.593750,1797.766724,50.000000,0.000000,3.000000,-269665.000000,134.832504,0.000000,1808.917480,50.000000,-2.000000,3.000000,-271337.625000,135.668808,-180891.750000,-280579.343750,451308.593750,28388.250000,142341.000000,-663763.062500,-521422.062500
ml,p5,230,2026-07-09,1779.648071,10.000000,1993.751953,50.000000,2.000000,3.000000,-299062.781250,149.531387,199375.187500,1794.811523,50.000000,-3.000000,-3.000000,269221.718750,134.610855,-269221.718750,1806.959351,50.000000,-5.000000,-3.000000,271043.906250,135.521957,-451739.843750,-521586.375000,692511.437500,28807.914062,142117.156250,-673439.000000,-531321.875000
ml,p5,230,2026-07-10,1760.602905,10.000000,1993.751953,50.000000,-1.000000,-3.000000,299062.781250,149.531387,-99687.593750,1799.948242,50.000000,-1.000000,2.000000,-179994.828125,89.997414,-89997.414062,1810.049683,50.000000,-2.000000,3.000000,-271507.437500,135.753723,-181004.968750,-370689.968750,540072.000000,29183.195312,140198.843750,-707000.750000,-566801.875000
ml,p5,230,2026-07-11,1709.626587,10.000000,1993.751953,50.000000,-1.000000,0.000000,-0.000000,0.000000,-99687.593750,1724.673950,50.000000,-1.000000,0.000000,-0.000000,0.000000,-86233.695312,1735.780518,50.000000,-2.000000,0.000000,-0.000000,0.000000,-173578.046875,-359499.312500,540072.000000,29183.195312,151389.500000,-790605.375000,-639215.875000
ml,p5,230,2026-07-12,1700.214111,10.000000,1993.751953,50.000000,-1.000000,0.000000,-0.000000,0.000000,-99687.593750,1712.160034,50.000000,-1.000000,0.000000,-0.000000,0.000000,-85608.000000,1721.999634,50.000000,-2.000000,0.000000,-0.000000,0.000000,-172199.968750,-357495.562500,540072.000000,29183.195312,153393.250000,-806553.125000,-653159.875000
ml,p5,230,2026-07-13,1701.200317,10.000000,1993.751953,50.000000,2.000000,3.000000,-299062.781250,149.531387,199375.187500,1711.547363,50.000000,-4.000000,-3.000000,256732.109375,128.366058,-342309.468750,1721.924438,50.000000,-5.000000,-3.000000,258288.671875,129.144318,-430481.093750,-573415.375000,756029.937500,29590.238281,153024.328125,-805418.062500,-652393.750000
ml,p5,230,2026-07-14,1688.819580,10.000000,1993.751953,50.000000,-1.000000,-3.000000,299062.781250,149.531387,-99687.593750,1685.970825,50.000000,-1.000000,3.000000,-252895.625000,126.447807,-84298.539062,1696.140381,50.000000,-2.000000,3.000000,-254421.046875,127.210510,-169614.031250,-353600.156250,547776.062500,29993.429688,164182.468750,-824718.687500,-660536.250000
ml,p5,230,2026-07-15,1666.000977,10.000000,1993.751953,50.000000,2.000000,3.000000,-299062.781250,149.531387,199375.187500,1673.200073,50.000000,-4.000000,-3.000000,250980.000000,125.489990,-334640.000000,1685.234985,50.000000,-5.000000,-3.000000,252785.250000,126.392624,-421308.750000,-556573.562500,752478.500000,30394.841797,165510.093750,-857617.687500,-692107.625000
ml,p5,230,2026-07-16,1669.696655,10.000000,1993.751953,50.000000,-1.000000,-3.000000,299062.781250,149.531387,-99687.593750,1679.141846,50.000000,-1.000000,3.000000,-251871.281250,125.935638,-83957.093750,1690.343140,50.000000,-2.000000,3.000000,-253551.468750,126.775726,-169034.312500,-352679.000000,546118.562500,30797.085938,162642.468750,-853400.375000,-690757.875000
ml,p5,230,2026-07-17,1665.991455,10.000000,1993.751953,50.000000,2.000000,3.000000,-299062.781250,149.531387,199375.187500,1661.045288,50.000000,-4.000000,-3.000000,249156.781250,124.578392,-332209.062500,1673.110718,50.000000,-5.000000,-3.000000,250966.593750,125.483299,-418277.687500,-551111.562500,747179.125000,31196.679688,164870.875000,-858017.687500,-693146.812500
ml,p5,230,2026-07-18,1660.789062,10.000000,1993.751953,50.000000,2.000000,0.000000,-0.000000,0.000000,199375.187500,1660.453247,50.000000,-4.000000,0.000000,-0.000000,0.000000,-332090.656250,1672.376099,50.000000,-5.000000,0.000000,-0.000000,0.000000,-418094.031250,-550809.500000,747179.125000,31196.679688,165172.937500,-864251.750000,-699078.812500
ml,p5,230,2026-07-19,1682.016479,10.000000,1993.751953,50.000000,2.000000,0.000000,-0.000000,0.000000,199375.187500,1686.955322,50.000000,-4.000000,0.000000,-0.000000,0.000000,-337391.062500,1699.040771,50.000000,-5.000000,0.000000,-0.000000,0.000000,-424760.218750,-562776.125000,747179.125000,31196.679688,153206.312500,-841548.562500,-688342.250000
ml,p5,230,2026-07-20,1673.277710,10.000000,1993.751953,50.000000,-1.000000,-3.000000,299062.781250,149.531387,-99687.593750,1670.776123,50.000000,-1.000000,3.000000,-250616.406250,125.308205,-83538.804688,1683.033691,50.000000,-2.000000,3.000000,-252455.046875,126.227531,-168303.375000,-351529.781250,543170.500000,31597.746094,160042.968750,-851548.500000,-691505.500000
ml,p5,230,2026-07-21,1651.947021,10.000000,1993.751953,50.000000,2.000000,3.000000,-299062.781250,149.531387,199375.187500,1655.981079,50.000000,-4.000000,-3.000000,248397.171875,124.198586,-331196.218750,1669.747559,50.000000,-5.000000,-3.000000,250462.140625,125.231064,-417436.906250,-549257.937500,742967.000000,31996.707031,161712.359375,-872893.187500,-711180.812500
ml,p5,230,2026-07-22,1650.606201,10.000000,1993.751953,50.000000,-1.000000,-3.000000,299062.781250,149.531387,-99687.593750,1652.323853,50.000000,-1.000000,3.000000,-247848.578125,123.924286,-82616.195312,1665.906006,50.000000,-2.000000,3.000000,-249885.890625,124.942947,-166590.593750,-348894.375000,544295.312500,32395.105469,163005.828125,-874304.937500,-711299.125000
ml,p5,230,2026-07-23,1652.978394,10.000000,1993.751953,50.000000,2.000000,3.000000,-299062.781250,149.531387,199375.187500,1665.469116,50.000000,-4.000000,-3.000000,249820.359375,124.910172,-333093.812500,1680.184448,50.000000,-5.000000,-3.000000,252027.656250,126.013824,-420046.093750,-553764.750000,747080.562500,32795.558594,160520.250000,-872716.562500,-712196.312500
ml,p5,230,2026-07-24,1649.240356,10.000000,1993.751953,50.000000,-1.000000,-3.000000,299062.781250,149.531387,-99687.593750,1654.913452,50.000000,-1.000000,3.000000,-248237.015625,124.118515,-82745.671875,1669.538452,50.000000,-2.000000,3.000000,-250430.765625,125.215378,-166953.843750,-349387.125000,547475.562500,33194.425781,164894.015625,-875446.562500,-710552.562500
ml,p5,230,2026-07-25,1648.476929,10.000000,1993.751953,50.000000,-1.000000,0.000000,-0.000000,0.000000,-99687.593750,1657.937134,50.000000,-1.000000,0.000000,-0.000000,0.000000,-82896.859375,1672.167358,50.000000,-2.000000,0.000000,-0.000000,0.000000,-167216.734375,-349801.187500,547475.562500,33194.425781,164479.953125,-876117.437500,-711637.500000
ml,p5,230,2026-07-26,1648.297729,10.000000,1993.751953,50.000000,-1.000000,0.000000,-0.000000,0.000000,-99687.593750,1659.320068,50.000000,-1.000000,0.000000,-0.000000,0.000000,-82966.000000,1674.332031,50.000000,-2.000000,0.000000,-0.000000,0.000000,-167433.203125,-350086.812500,547475.562500,33194.425781,164194.328125,-876463.562500,-712269.250000
ml,p5,230,2026-07-27,1670.799805,10.000000,1993.751953,50.000000,2.000000,3.000000,-299062.781250,149.531387,199375.187500,1671.845337,50.000000,-4.000000,-3.000000,250776.812500,125.388397,-334369.062500,1686.771240,50.000000,-5.000000,-3.000000,253015.671875,126.507843,-421692.812500,-556686.687500,752205.312500,33595.851562,161922.781250,-864467.625000,-702544.875000
ml,p5,230,2026-07-28,1683.476074,10.000000,1993.751953,50.000000,-1.000000,-3.000000,299062.781250,149.531387,-99687.593750,1684.217285,50.000000,-1.000000,3.000000,-252632.593750,126.316299,-84210.867188,1699.530884,50.000000,-2.000000,3.000000,-254929.640625,127.464821,-169953.093750,-353851.562500,543705.812500,33999.164062,155855.093750,-859197.937500,-703342.875000
ml,p5,230,2026-07-29,1695.495728,10.000000,1993.751953,50.000000,2.000000,3.000000,-299062.781250,149.531387,199375.187500,1694.908813,50.000000,2.000000,3.000000,-254236.328125,127.118156,169490.875000,1711.382690,50.000000,-5.000000,-3.000000,256707.390625,128.353699,-427845.656250,-58979.593750,247114.109375,34404.171875,153730.343750,-855483.062500,-701752.750000
ml,p5,230,2026-07-30,1693.520264,10.000000,1993.751953,50.000000,-1.000000,-3.000000,299062.781250,149.531387,-99687.593750,1694.908813,50.000000,-1.000000,-3.000000,254236.328125,127.118156,-84745.437500,1723.261230,50.000000,-2.000000,3.000000,-258489.187500,129.244598,-172326.125000,-356759.156250,541924.000000,34810.062500,150354.781250,-856076.937500,-705722.125000
ml,p5,230,2026-07-31,1702.871338,10.000000,1993.751953,50.000000,2.000000,3.000000,-299062.781250,149.531387,199375.187500,1694.908813,50.000000,2.000000,3.000000,-254236.328125,127.118156,169490.875000,1720.583252,50.000000,-5.000000,-3.000000,258087.500000,129.043732,-430145.812500,-61279.750000,246712.421875,35215.757812,150216.906250,-855168.187500,-704951.250000
ml,p5,230,2026-08-01,1721.769653,10.000000,1993.751953,50.000000,2.000000,0.000000,-0.000000,0.000000,199375.187500,1694.908813,50.000000,2.000000,0.000000,-0.000000,0.000000,169490.875000,1732.345825,50.000000,-5.000000,0.000000,-0.000000,0.000000,-433086.468750,-64220.406250,246712.421875,35215.757812,147276.250000,-855249.562500,-707973.312500
ml,p5,230,2026-08-02,1721.865723,10.000000,1993.751953,50.000000,2.000000,0.000000,-0.000000,0.000000,199375.187500,1694.908813,50.000000,2.000000,0.000000,-0.000000,0.000000,169490.875000,1738.375366,50.000000,-5.000000,0.000000,-0.000000,0.000000,-434593.843750,-65727.781250,246712.421875,35215.757812,145768.875000,-855336.187500,-709567.312500
ml,p5,230,2026-08-03,1734.458130,10.000000,1993.751953,50.000000,-1.000000,-3.000000,299062.781250,149.531387,-99687.593750,1694.908813,50.000000,-1.000000,-3.000000,254236.328125,127.118156,-84745.437500,1767.369507,50.000000,-2.000000,3.000000,-265105.406250,132.552704,-176736.953125,-361170.000000,534906.125000,35624.957031,138111.171875,-855415.875000,-717304.687500
ml,p5,230,2026-08-04,1750.003052,10.000000,1993.751953,50.000000,2.000000,3.000000,-299062.781250,149.531387,199375.187500,1694.908813,50.000000,2.000000,3.000000,-254236.328125,127.118156,169490.875000,1779.003296,50.000000,-5.000000,-3.000000,266850.500000,133.425232,-444750.843750,-75884.781250,248457.484375,36035.031250,136537.671875,-855500.250000,-718962.562500
ml,p5,230,2026-08-05,1763.785767,10.000000,1993.751953,50.000000,-1.000000,-3.000000,299062.781250,149.531387,-99687.593750,1694.908813,50.000000,-1.000000,-3.000000,254236.328125,127.118156,-84745.437500,1780.714111,50.000000,-2.000000,3.000000,-267107.125000,133.553543,-178071.406250,-362504.437500,534649.500000,36445.238281,135699.828125,-855579.250000,-719879.437500
ml,p5,230,2026-08-06,1761.882690,10.000000,1993.751953,50.000000,2.000000,3.000000,-299062.781250,149.531387,199375.187500,1694.908813,50.000000,2.000000,3.000000,-254236.328125,127.118156,169490.875000,1790.121094,50.000000,-5.000000,-3.000000,268518.156250,134.259094,-447530.281250,-78664.218750,249868.546875,36856.144531,134348.187500,-855579.250000,-721231.062500
ml,p5,230,2026-08-07,1771.756714,10.000000,1993.751953,50.000000,-1.000000,-3.000000,299062.781250,149.531387,-99687.593750,1694.908813,50.000000,-1.000000,-3.000000,254236.328125,127.118156,-84745.437500,1796.389404,50.000000,-2.000000,3.000000,-269458.406250,134.729202,-179638.937500,-364071.968750,533709.250000,37267.523438,132369.750000,-855579.250000,-723209.500000
ml,p5,230,2026-08-08,1795.583618,10.000000,1993.751953,50.000000,-1.000000,0.000000,-0.000000,0.000000,-99687.593750,1694.908813,50.000000,-1.000000,0.000000,-0.000000,0.000000,-84745.437500,1803.685791,50.000000,-2.000000,0.000000,-0.000000,0.000000,-180368.578125,-364801.625000,533709.250000,37267.523438,131640.093750,-855579.250000,-723939.125000
ml,p5,230,2026-08-09,1811.719727,10.000000,1993.751953,50.000000,-1.000000,0.000000,-0.000000,0.000000,-99687.593750,1694.908813,50.000000,-1.000000,0.000000,-0.000000,0.000000,-84745.437500,1819.900146,50.000000,-2.000000,0.000000,-0.000000,0.000000,-181990.015625,-366423.062500,533709.250000,37267.523438,130018.664062,-855579.250000,-725560.562500
ml,p5,230,2026-08-10,1802.856323,10.000000,1993.751953,50.000000,2.000000,3.000000,-299062.781250,149.531387,199375.187500,1694.908813,50.000000,2.000000,3.000000,-254236.328125,127.118156,169490.875000,1833.623779,50.000000,-5.000000,-3.000000,275043.562500,137.521774,-458405.968750,-89539.906250,255453.671875,37681.695312,128232.070312,-855579.250000,-727347.187500
ml,p5,230,2026-08-11,1793.971313,10.000000,1993.751953,50.000000,-1.000000,-3.000000,299062.781250,149.531387,-99687.593750,1694.908813,50.000000,-1.000000,-3.000000,254236.328125,127.118156,-84745.437500,1820.439331,50.000000,-2.000000,3.000000,-273065.906250,136.532944,-182043.937500,-366476.968750,535686.875000,38094.878906,131115.031250,-855579.250000,-724464.250000
ml,p5,230,2026-08-12,1799.415039,10.000000,1993.751953,50.000000,2.000000,3.000000,-299062.781250,149.531387,199375.187500,1694.908813,50.000000,2.000000,3.000000,-254236.328125,127.118156,169490.875000,1820.539429,50.000000,-5.000000,-3.000000,273080.906250,136.540451,-455134.875000,-86268.812500,255468.671875,38508.066406,130691.796875,-855579.250000,-724887.437500
ml,p5,230,2026-08-13,1772.539917,10.000000,1993.751953,50.000000,-1.000000,-3.000000,299062.781250,149.531387,-99687.593750,1694.908813,50.000000,-1.000000,-3.000000,254236.328125,127.118156,-84745.437500,1799.549683,50.000000,-2.000000,3.000000,-269932.437500,134.966232,-179954.968750,-364388.000000,538835.375000,38919.683594,135527.687500,-855579.250000,-720051.562500
ml,p5,230,2026-08-14,1763.403931,10.000000,1993.751953,50.000000,2.000000,3.000000,-299062.781250,149.531387,199375.187500,1694.908813,50.000000,2.000000,3.000000,-254236.328125,127.118156,169490.875000,1779.504761,50.000000,-5.000000,-3.000000,266925.718750,133.462860,-444876.187500,-76010.125000,252461.984375,39329.796875,137122.062500,-855579.250000,-718457.187500
ml,p5,230,2026-08-15,1749.020386,10.000000,1993.751953,50.000000,2.000000,0.000000,-0.000000,0.000000,199375.187500,1694.908813,50.000000,2.000000,0.000000,-0.000000,0.000000,169490.875000,1773.826660,50.000000,-5.000000,0.000000,-0.000000,0.000000,-443456.625000,-74590.562500,252461.984375,39329.796875,138541.625000,-855579.250000,-717037.625000
ml,p5,230,2026-08-16,1710.781372,10.000000,1993.751953,50.000000,2.000000,0.000000,-0.000000,0.000000,199375.187500,1694.908813,50.000000,2.000000,0.000000,-0.000000,0.000000,169490.875000,1696.151123,50.000000,-5.000000,0.000000,-0.000000,0.000000,-424037.781250,-55171.718750,252461.984375,39329.796875,157960.468750,-855579.250000,-697618.750000
ml,p5,230,2026-08-17,1712.657837,10.000000,1993.751953,50.000000,-1.000000,-3.000000,299062.781250,149.531387,-99687.593750,1694.908813,50.000000,-1.000000,-3.000000,254236.328125,127.118156,-84745.437500,1707.137085,50.000000,-2.000000,3.000000,-256070.562500,128.035278,-170713.703125,-355146.750000,549690.500000,39734.480469,154809.265625,-855579.250000,-700770.000000
ml,p5,230,2026-08-18,1725.529175,10.000000,1993.751953,50.000000,2.000000,3.000000,-299062.781250,149.531387,199375.187500,1694.908813,50.000000,2.000000,3.000000,-254236.328125,127.118156,169490.875000,1749.801392,50.000000,0.000000,2.000000,-174980.140625,87.490067,0.000000,368866.062500,-178588.734375,40098.621094,150178.703125,-855579.250000,-705400.562500
ml,p5,230,2026-08-19,1721.650635,10.000000,1993.751953,50.000000,-1.000000,-3.000000,299062.781250,149.531387,-99687.593750,1694.908813,50.000000,-1.000000,-3.000000,254236.328125,127.118156,-84745.437500,1746.743652,50.000000,-3.000000,-3.000000,262011.546875,131.005768,-262011.546875,-446444.562500,636721.875000,40506.277344,149771.031250,-855579.250000,-705808.250000
ml,p5,230,2026-08-20,1734.158813,10.000000,1993.751953,50.000000,2.000000,3.000000,-299062.781250,149.531387,199375.187500,1694.908813,50.000000,2.000000,3.000000,-254236.328125,127.118156,169490.875000,1755.330811,50.000000,-1.000000,2.000000,-175533.078125,87.766533,-87766.539062,281099.531250,-92110.265625,40870.691406,148118.578125,-855579.250000,-707460.687500
ml,p5,230,2026-08-21,1746.896606,10.000000,1993.751953,50.000000,-1.000000,-3.000000,299062.781250,149.531387,-99687.593750,1694.908813,50.000000,-1.000000,-3.000000,254236.328125,127.118156,-84745.437500,1755.161987,50.000000,-4.000000,-3.000000,263274.281250,131.637146,-351032.406250,-535465.437500,724463.125000,41278.976562,147718.718750,-855579.250000,-707860.500000
ml,p5,230,2026-08-22,1737.846558,10.000000,1993.751953,50.000000,-1.000000,0.000000,-0.000000,0.000000,-99687.593750,1694.908813,50.000000,-1.000000,0.000000,-0.000000,0.000000,-84745.437500,1734.139526,50.000000,-4.000000,0.000000,-0.000000,0.000000,-346827.906250,-531260.937500,724463.125000,41278.976562,151923.218750,-855579.250000,-703656.000000
ml,p5,230,2026-08-23,1717.201172,10.000000,1993.751953,50.000000,-1.000000,0.000000,-0.000000,0.000000,-99687.593750,1694.908813,50.000000,-1.000000,0.000000,-0.000000,0.000000,-84745.437500,1722.550537,50.000000,-4.000000,0.000000,-0.000000,0.000000,-344510.093750,-528943.125000,724463.125000,41278.976562,154241.031250,-855579.250000,-701338.250000
ml,p5,230,2026-08-24,1716.623169,10.000000,1993.751953,50.000000,2.000000,3.000000,-299062.781250,149.531387,199375.187500,1694.908813,50.000000,2.000000,3.000000,-254236.328125,127.118156,169490.875000,1739.155640,50.000000,-1.000000,3.000000,-260873.343750,130.436676,-86957.781250,281908.281250,-89709.328125,41686.062500,150512.890625,-855579.250000,-705066.375000
ml,p5,230,2026-08-25,1701.364868,10.000000,1993.751953,50.000000,-1.000000,-3.000000,299062.781250,149.531387,-99687.593750,1694.908813,50.000000,-1.000000,-3.000000,254236.328125,127.118156,-84745.437500,1722.972290,50.000000,-4.000000,-3.000000,258445.843750,129.222916,-344594.468750,-529027.500000,722035.625000,42091.937500,150916.187500,-855579.250000,-704663.062500
ml,p5,230,2026-08-26,1691.907593,10.000000,1993.751953,50.000000,2.000000,3.000000,-299062.781250,149.531387,199375.187500,1694.908813,50.000000,2.000000,3.000000,-254236.328125,127.118156,169490.875000,1730.708984,50.000000,-1.000000,3.000000,-259606.343750,129.803162,-86535.453125,282330.625000,-90869.828125,42498.390625,148962.406250,-855579.250000,-706616.875000
ml,p5,230,2026-08-27,1716.228760,10.000000,1993.751953,50.000000,-1.000000,-3.000000,299062.781250,149.531387,-99687.593750,1694.908813,50.000000,-1.000000,-3.000000,254236.328125,127.118156,-84745.437500,1742.740234,50.000000,-4.000000,-3.000000,261411.031250,130.705505,-348548.062500,-532981.125000,723840.312500,42905.746094,147953.437500,-855579.250000,-707625.812500
ml,p5,230,2026-08-28,1707.264893,10.000000,1993.751953,50.000000,2.000000,3.000000,-299062.781250,149.531387,199375.187500,1694.908813,50.000000,2.000000,3.000000,-254236.328125,127.118156,169490.875000,1723.097534,50.000000,-1.000000,3.000000,-258464.625000,129.232300,-86154.875000,282711.187500,-87923.421875,43311.628906,151476.140625,-855579.250000,-704103.125000
ml,p5,230,2026-08-29,1688.000854,10.000000,1993.751953,50.000000,2.000000,0.000000,-0.000000,0.000000,199375.187500,1694.908813,50.000000,2.000000,0.000000,-0.000000,0.000000,169490.875000,1706.226196,50.000000,-1.000000,0.000000,-0.000000,0.000000,-85311.312500,283554.750000,-87923.421875,43311.628906,152319.703125,-855579.250000,-703259.562500
ml,p5,230,2026-08-30,1682.512207,10.000000,1993.751953,50.000000,2.000000,0.000000,-0.000000,0.000000,199375.187500,1694.908813,50.000000,2.000000,0.000000,-0.000000,0.000000,169490.875000,1693.992310,50.000000,-1.000000,0.000000,-0.000000,0.000000,-84699.617188,284166.437500,-87923.421875,43311.628906,152931.390625,-855579.250000,-702647.875000
ml,p5,230,2026-08-31,1674.989990,10.000000,1993.751953,50.000000,-1.000000,-3.000000,299062.781250,149.531387,-99687.593750,1694.908813,50.000000,-1.000000,-3.000000,254236.328125,127.118156,-84745.437500,1689.013062,50.000000,-4.000000,-3.000000,253351.953125,126.675980,-337802.625000,-522235.656250,718727.625000,43714.953125,152777.015625,-855579.250000,-702802.250000
ml,p5,230,2026-09-01,1687.955811,10.000000,1993.751953,50.000000,2.000000,3.000000,-299062.781250,149.531387,199375.187500,1694.908813,50.000000,2.000000,3.000000,-254236.328125,127.118156,169490.875000,1706.949829,50.000000,-1.000000,3.000000,-256042.484375,128.021240,-85347.492188,283518.562500,-90613.953125,44119.621094,148784.984375,-855579.250000,-706794.250000
ml,p5,230,2026-09-02,1698.415283,10.000000,1993.751953,50.000000,-1.000000,-3.000000,299062.781250,149.531387,-99687.593750,1694.908813,50.000000,-1.000000,-3.000000,254236.328125,127.118156,-84745.437500,1713.418091,50.000000,-4.000000,-3.000000,257012.718750,128.506363,-342683.625000,-527116.625000,719697.875000,44524.781250,148056.468750,-855579.250000,-707522.750000
ml,p5,230,2026-09-03,1696.760742,10.000000,1993.751953,50.000000,2.000000,3.000000,-299062.781250,149.531387,199375.187500,1694.908813,50.000000,2.000000,3.000000,-254236.328125,127.118156,169490.875000,1697.572876,50.000000,-1.000000,3.000000,-254635.937500,127.317947,-84878.640625,283987.437500,-88237.171875,44928.746094,150821.515625,-855579.250000,-704757.750000
ml,p5,230,2026-09-04,1682.418335,10.000000,1993.751953,50.000000,-1.000000,-3.000000,299062.781250,149.531387,-99687.593750,1694.908813,50.000000,-1.000000,-3.000000,254236.328125,127.118156,-84745.437500,1684.421021,50.000000,-4.000000,-3.000000,252663.156250,126.331581,-336884.218750,-521317.250000,717725.125000,45331.726562,151076.156250,-855579.250000,-704503.125000
ml,p5,230,2026-09-05,1668.174194,10.000000,1993.751953,50.000000,-1.000000,0.000000,-0.000000,0.000000,-99687.593750,1694.908813,50.000000,-1.000000,0.000000,-0.000000,0.000000,-84745.437500,1675.849365,50.000000,-4.000000,0.000000,-0.000000,0.000000,-335169.875000,-519602.906250,717725.125000,45331.726562,152790.500000,-855579.250000,-702788.750000
ml,p5,230,2026-09-06,1664.595459,10.000000,1993.751953,50.000000,-1.000000,0.000000,-0.000000,0.000000,-99687.593750,1694.908813,50.000000,-1.000000,0.000000,-0.000000,0.000000,-84745.437500,1673.495972,50.000000,-4.000000,0.000000,-0.000000,0.000000,-334699.187500,-519132.218750,717725.125000,45331.726562,153261.187500,-855579.250000,-702318.062500
ml,p5,230,2026-09-07,1665.559448,10.000000,1993.751953,50.000000,-1.000000,0.000000,-0.000000,0.000000,-99687.593750,1694.908813,50.000000,-1.000000,0.000000,-0.000000,0.000000,-84745.437500,1673.955322,50.000000,-4.000000,0.000000,-0.000000,0.000000,-334791.062500,-519224.093750,717725.125000,45331.726562,153169.312500,-855579.250000,-702409.937500
ml,p5,230,2026-09-08,1664.483521,10.000000,1993.751953,50.000000,2.000000,3.000000,-299062.781250,149.531387,199375.187500,1694.908813,50.000000,2.000000,3.000000,-254236.328125,127.118156,169490.875000,1686.418701,50.000000,-1.000000,3.000000,-252962.796875,126.481407,-84320.937500,284545.125000,-88536.812500,45734.859375,150273.453125,-855579.250000,-705305.812500
ml,p5,230,2026-09-09,1675.864746,10.000000,1993.751953,50.000000,-1.000000,-3.000000,299062.781250,149.531387,-99687.593750,1694.908813,50.000000,-1.000000,-3.000000,254236.328125,127.118156,-84745.437500,1693.519043,50.000000,-4.000000,-3.000000,254027.859375,127.013924,-338703.812500,-523136.843750,718790.125000,46138.523438,149514.750000,-855579.250000,-706064.500000
ml,p5,230,2026-09-10,1694.512939,10.000000,1993.751953,50.000000,2.000000,3.000000,-299062.781250,149.531387,199375.187500,1694.908813,50.000000,2.000000,3.000000,-254236.328125,127.118156,169490.875000,1731.003418,50.000000,-2.000000,2.000000,-173100.343750,86.550171,-173100.343750,195765.718750,-7609.296875,46501.722656,141654.703125,-855579.250000,-713924.562500
ml,p5,230,2026-09-11,1666.303711,10.000000,1993.751953,50.000000,-1.000000,-3.000000,299062.781250,149.531387,-99687.593750,1694.908813,50.000000,-1.000000,-3.000000,254236.328125,127.118156,-84745.437500,1688.272949,50.000000,1.000000,3.000000,-253240.937500,126.620476,84413.648438,-100019.382812,292448.875000,46904.992188,145524.500000,-855579.250000,-710054.750000
ml,p5,230,2026-09-12,1651.493530,10.000000,1993.751953,50.000000,-1.000000,0.000000,-0.000000,0.000000,-99687.593750,1694.908813,50.000000,-1.000000,0.000000,-0.000000,0.000000,-84745.437500,1673.174316,50.000000,1.000000,0.000000,-0.000000,0.000000,83658.718750,-100774.312500,292448.875000,46904.992188,144769.562500,-855579.250000,-710809.687500
ml,p5,230,2026-09-13,1637.059082,10.000000,1993.751953,50.000000,-1.000000,0.000000,-0.000000,0.000000,-99687.593750,1694.908813,50.000000,-1.000000,0.000000,-0.000000,0.000000,-84745.437500,1649.144653,50.000000,1.000000,0.000000,-0.000000,0.000000,82457.234375,-101975.796875,292448.875000,46904.992188,143568.093750,-855579.250000,-712011.125000
ml,p5,230,2026-09-14,1661.735718,10.000000,1993.751953,50.000000,2.000000,3.000000,-299062.781250,149.531387,199375.187500,1694.908813,50.000000,2.000000,3.000000,-254236.328125,127.118156,169490.875000,1662.090332,50.000000,-2.000000,-3.000000,249313.546875,124.656761,-166209.031250,202657.031250,-11536.687500,47306.300781,143814.046875,-855579.250000,-711765.187500
ml,p5,230,2026-09-15,1669.016113,10.000000,1993.751953,50.000000,-1.000000,-3.000000,299062.781250,149.531387,-99687.593750,1694.908813,50.000000,-1.000000,-3.000000,254236.328125,127.118156,-84745.437500,1669.206543,50.000000,1.000000,3.000000,-250380.984375,125.190475,83460.328125,-100972.703125,291381.437500,47708.140625,142700.593750,-855579.250000,-712878.625000
ml,p5,230,2026-09-16,1672.642822,10.000000,1993.751953,50.000000,2.000000,3.000000,-299062.781250,149.531387,199375.187500,1694.908813,50.000000,2.000000,3.000000,-254236.328125,127.118156,169490.875000,1677.038086,50.000000,-2.000000,-3.000000,251555.718750,125.777863,-167703.812500,201162.250000,-10361.953125,48110.566406,142689.734375,-855579.250000,-712889.500000
ml,p5,230,2026-09-17,1641.021606,10.000000,1993.751953,50.000000,-1.000000,-3.000000,299062.781250,149.531387,-99687.593750,1694.908813,50.000000,-1.000000,-3.000000,254236.328125,127.118156,-84745.437500,1645.511108,50.000000,1.000000,3.000000,-246826.656250,123.413330,82275.554688,-102157.476562,296110.500000,48510.628906,145442.406250,-855579.250000,-710136.875000
ml,p5,230,2026-09-18,1655.211548,10.000000,1993.751953,50.000000,2.000000,3.000000,-299062.781250,149.531387,199375.187500,1694.908813,50.000000,2.000000,3.000000,-254236.328125,127.118156,169490.875000,1673.080688,50.000000,-2.000000,-3.000000,250962.109375,125.481049,-167308.062500,201558.000000,-6226.500000,48912.761719,146418.734375,-855579.250000,-709160.500000
ml,p5,230,2026-09-19,1668.486816,10.000000,1993.751953,50.000000,2.000000,0.000000,-0.000000,0.000000,199375.187500,1694.908813,50.000000,2.000000,0.000000,-0.000000,0.000000,169490.875000,1665.255249,50.000000,-2.000000,0.000000,-0.000000,0.000000,-166525.531250,202340.531250,-6226.500000,48912.761719,147201.265625,-855579.250000,-708378.000000
ml,p5,230,2026-09-20,1679.000366,10.000000,1993.751953,50.000000,2.000000,0.000000,-0.000000,0.000000,199375.187500,1694.908813,50.000000,2.000000,0.000000,-0.000000,0.000000,169490.875000,1689.050781,50.000000,-2.000000,0.000000,-0.000000,0.000000,-168905.078125,199960.984375,-6226.500000,48912.761719,144821.718750,-855579.250000,-710757.500000
ml,p5,230,2026-09-21,1685.787842,10.000000,1993.751953,50.000000,-1.000000,-3.000000,299062.781250,149.531387,-99687.593750,1694.908813,50.000000,-1.000000,-3.000000,254236.328125,127.118156,-84745.437500,1718.264160,50.000000,1.000000,3.000000,-257739.625000,128.869812,85913.210938,-98519.820312,289333.000000,49318.277344,141494.906250,-855579.250000,-714084.375000
ml,p5,230,2026-09-22,1687.136597,10.000000,1993.751953,50.000000,2.000000,3.000000,-299062.781250,149.531387,199375.187500,1694.908813,50.000000,2.000000,3.000000,-254236.328125,127.118156,169490.875000,1700.629272,50.000000,-2.000000,-3.000000,255094.390625,127.547195,-170062.921875,198803.140625,-8871.734375,49722.476562,140208.937500,-855579.250000,-715370.312500
ml,p5,230,2026-09-23,1692.573242,10.000000,1993.751953,50.000000,-1.000000,-3.000000,299062.781250,149.531387,-99687.593750,1694.908813,50.000000,-1.000000,-3.000000,254236.328125,127.118156,-84745.437500,1698.459595,50.000000,0.000000,2.000000,-169845.953125,84.922974,0.000000,-184433.031250,374581.437500,50084.050781,140064.359375,-855579.250000,-715514.875000
ml,p5,230,2026-09-24,1709.807617,10.000000,1993.751953,50.000000,2.000000,3.000000,-299062.781250,149.531387,199375.187500,1694.908813,50.000000,2.000000,3.000000,-254236.328125,127.118156,169490.875000,1714.542114,50.000000,-3.000000,-3.000000,257181.328125,128.590668,-257181.328125,111684.734375,78463.640625,50489.289062,139659.093750,-855579.250000,-715920.125000
ml,p5,230,2026-09-25,1693.324707,10.000000,1993.751953,50.000000,-1.000000,-3.000000,299062.781250,149.531387,-99687.593750,1694.908813,50.000000,-1.000000,-3.000000,254236.328125,127.118156,-84745.437500,1697.046265,50.000000,0.000000,3.000000,-254556.937500,127.278465,0.000000,-184433.031250,377205.812500,50893.214844,141879.562500,-855579.250000,-713699.687500
ml,p5,230,2026-09-26,1707.129761,10.000000,1993.751953,50.000000,-1.000000,0.000000,-0.000000,0.000000,-99687.593750,1694.908813,50.000000,-1.000000,0.000000,-0.000000,0.000000,-84745.437500,1713.303101,50.000000,0.000000,0.000000,-0.000000,0.000000,0.000000,-184433.031250,377205.812500,50893.214844,141879.562500,-855579.250000,-713699.687500
ml,p5,230,2026-09-27,1689.747559,10.000000,1993.751953,50.000000,-1.000000,0.000000,-0.000000,0.000000,-99687.593750,1694.908813,50.000000,-1.000000,0.000000,-0.000000,0.000000,-84745.437500,1687.400513,50.000000,0.000000,0.000000,-0.000000,0.000000,0.000000,-184433.031250,377205.812500,50893.214844,141879.562500,-855579.250000,-713699.687500
ml,p5,230,2026-09-28,1680.796265,10.000000,1993.751953,50.000000,2.000000,3.000000,-299062.781250,149.531387,199375.187500,1694.908813,50.000000,2.000000,3.000000,-254236.328125,127.118156,169490.875000,1669.516724,50.000000,-3.000000,-3.000000,250427.515625,125.213760,-250427.515625,118438.546875,74334.234375,51295.078125,141477.703125,-855579.250000,-714101.562500
ml,p5,230,2026-09-29,1680.809082,10.000000,1993.751953,50.000000,-1.000000,-3.000000,299062.781250,149.531387,-99687.593750,1694.908813,50.000000,-1.000000,-3.000000,254236.328125,127.118156,-84745.437500,1667.078979,50.000000,0.000000,3.000000,-250061.843750,125.030914,0.000000,-184433.031250,377571.500000,51696.757812,141441.718750,-855579.250000,-714137.500000
ml,p5,230,2026-09-30,1665.937500,10.000000,1993.751953,50.000000,2.000000,3.000000,-299062.781250,149.531387,199375.187500,1694.908813,50.000000,2.000000,3.000000,-254236.328125,127.118156,169490.875000,1659.632446,50.000000,-3.000000,-3.000000,248944.875000,124.472427,-248944.875000,119921.187500,73217.234375,52097.882812,141040.531250,-855579.250000,-714538.750000
ml,p5,230,2026-10-01,1662.869263,10.000000,1993.751953,50.000000,-1.000000,-3.000000,299062.781250,149.531387,-99687.593750,1694.908813,50.000000,-1.000000,-3.000000,254236.328125,127.118156,-84745.437500,1659.775024,50.000000,0.000000,3.000000,-248966.265625,124.483124,0.000000,-184433.031250,377550.093750,52499.015625,140618.046875,-855579.250000,-714961.187500
ml,p5,230,2026-10-02,1675.772949,10.000000,1993.751953,50.000000,2.000000,3.000000,-299062.781250,149.531387,199375.187500,1694.908813,50.000000,2.000000,3.000000,-254236.328125,127.118156,169490.875000,1675.479248,50.000000,-3.000000,-3.000000,251321.875000,125.660950,-251321.875000,117544.187500,75572.859375,52901.328125,140215.718750,-855579.250000,-715363.500000
ml,p5,230,2026-10-03,1686.347534,10.000000,1993.751953,50.000000,2.000000,0.000000,-0.000000,0.000000,199375.187500,1694.908813,50.000000,2.000000,0.000000,-0.000000,0.000000,169490.875000,1702.158447,50.000000,-3.000000,0.000000,-0.000000,0.000000,-255323.781250,113542.281250,75572.859375,52901.328125,136213.812500,-855579.250000,-719365.437500
ml,p5,230,2026-10-04,1672.188965,10.000000,1993.751953,50.000000,2.000000,0.000000,-0.000000,0.000000,199375.187500,1694.908813,50.000000,2.000000,0.000000,-0.000000,0.000000,169490.875000,1675.217651,50.000000,-3.000000,0.000000,-0.000000,0.000000,-251282.640625,117583.421875,75572.859375,52901.328125,140254.953125,-855579.250000,-715324.312500
ml,p5,230,2026-10-05,1664.128906,10.000000,1993.751953,50.000000,-1.000000,-3.000000,299062.781250,149.531387,-99687.593750,1694.908813,50.000000,-1.000000,-3.000000,254236.328125,127.118156,-84745.437500,1670.115845,50.000000,0.000000,3.000000,-250517.375000,125.258675,0.000000,-184433.031250,378354.593750,53303.234375,140618.328125,-855579.250000,-714960.937500
ml,p5,230,2026-10-06,1674.319336,10.000000,1993.751953,50.000000,2.000000,3.000000,-299062.781250,149.531387,199375.187500,1694.908813,50.000000,2.000000,3.000000,-254236.328125,127.118156,169490.875000,1701.191406,50.000000,-3.000000,-3.000000,255178.718750,127.589355,-255178.718750,113687.343750,80234.203125,53707.472656,140214.078125,-855579.250000,-715365.187500
ml,p5,230,2026-10-07,1665.345703,10.000000,1993.751953,50.000000,-1.000000,-3.000000,299062.781250,149.531387,-99687.593750,1694.908813,50.000000,-1.000000,-3.000000,254236.328125,127.118156,-84745.437500,1662.093140,50.000000,0.000000,3.000000,-249313.968750,124.656982,0.000000,-184433.031250,384219.343750,54108.777344,145677.531250,-855579.250000,-709901.750000
ml,p5,230,2026-10-08,1664.529663,10.000000,1993.751953,50.000000,2.000000,3.000000,-299062.781250,149.531387,199375.187500,1694.908813,50.000000,2.000000,3.000000,-254236.328125,127.118156,169490.875000,1659.267944,50.000000,-3.000000,-3.000000,248890.187500,124.445091,-248890.187500,119975.875000,79810.421875,54509.871094,145276.421875,-855579.250000,-710302.812500
ml,p5,230,2026-10-09,1648.463501,10.000000,1993.751953,50.000000,-1.000000,-3.000000,299062.781250,149.531387,-99687.593750,1694.908813,50.000000,-1.000000,-3.000000,254236.328125,127.118156,-84745.437500,1650.565063,50.000000,0.000000,3.000000,-247584.765625,123.792374,0.000000,-184433.031250,385524.750000,54910.316406,146181.406250,-855579.250000,-709397.875000
ml,p5,230,2026-10-10,1656.958984,10.000000,1993.751953,50.000000,-1.000000,0.000000,-0.000000,0.000000,-99687.593750,1694.908813,50.000000,-1.000000,0.000000,-0.000000,0.000000,-84745.437500,1662.322632,50.000000,0.000000,0.000000,-0.000000,0.000000,0.000000,-184433.031250,385524.750000,54910.316406,146181.406250,-855579.250000,-709397.875000
ml,p5,230,2026-10-11,1672.093994,10.000000,1993.751953,50.000000,-1.000000,0.000000,-0.000000,0.000000,-99687.593750,1694.908813,50.000000,-1.000000,0.000000,-0.000000,0.000000,-84745.437500,1673.512451,50.000000,0.000000,0.000000,-0.000000,0.000000,0.000000,-184433.031250,385524.750000,54910.316406,146181.406250,-855579.250000,-709397.875000
ml,p5,230,2026-10-12,1725.139160,10.000000,1993.751953,50.000000,-1.000000,0.000000,-0.000000,0.000000,-99687.593750,1694.908813,50.000000,-1.000000,0.000000,-0.000000,0.000000,-84745.437500,1730.403687,50.000000,0.000000,0.000000,-0.000000,0.000000,0.000000,-184433.031250,385524.750000,54910.316406,146181.406250,-855579.250000,-709397.875000
ml,p5,230,2026-10-13,1718.692993,10.000000,1993.751953,50.000000,2.000000,3.000000,-299062.781250,149.531387,199375.187500,1694.908813,50.000000,2.000000,3.000000,-254236.328125,127.118156,169490.875000,1737.475220,50.000000,-3.000000,-3.000000,260621.281250,130.310638,-260621.281250,108244.781250,92846.921875,55317.273438,145774.437500,-855579.250000,-709804.812500
ml,p5,230,2026-10-14,1708.541138,10.000000,1993.751953,50.000000,-1.000000,-3.000000,299062.781250,149.531387,-99687.593750,1694.908813,50.000000,-1.000000,-3.000000,254236.328125,127.118156,-84745.437500,1708.073608,50.000000,0.000000,3.000000,-256211.031250,128.105515,0.000000,-184433.031250,389935.000000,55722.031250,149779.937500,-855579.250000,-705799.312500
ml,p5,230,2026-10-15,1711.487183,10.000000,1993.751953,50.000000,2.000000,3.000000,-299062.781250,149.531387,199375.187500,1694.908813,50.000000,2.000000,3.000000,-254236.328125,127.118156,169490.875000,1714.729126,50.000000,-3.000000,-3.000000,257209.375000,128.604675,-257209.375000,111656.687500,93845.296875,56127.285156,149374.703125,-855579.250000,-706204.562500
ml,p5,230,2026-10-16,1710.691650,10.000000,1993.751953,50.000000,-1.000000,-3.000000,299062.781250,149.531387,-99687.593750,1694.908813,50.000000,-1.000000,-3.000000,254236.328125,127.118156,-84745.437500,1716.187744,50.000000,0.000000,3.000000,-257428.171875,128.714081,0.000000,-184433.031250,389716.218750,56532.648438,148750.531250,-855579.250000,-706828.750000
ml,p5,230,2026-10-17,1710.642700,10.000000,1993.751953,50.000000,-1.000000,0.000000,-0.000000,0.000000,-99687.593750,1694.908813,50.000000,-1.000000,0.000000,-0.000000,0.000000,-84745.437500,1716.503906,50.000000,0.000000,0.000000,-0.000000,0.000000,0.000000,-184433.031250,389716.218750,56532.648438,148750.531250,-855579.250000,-706828.750000
ml,p5,230,2026-10-18,1708.756958,10.000000,1993.751953,50.000000,-1.000000,0.000000,-0.000000,0.000000,-99687.593750,1694.908813,50.000000,-1.000000,0.000000,-0.000000,0.000000,-84745.437500,1713.572266,50.000000,0.000000,0.000000,-0.000000,0.000000,0.000000,-184433.031250,389716.218750,56532.648438,148750.531250,-855579.250000,-706828.750000
ml,p5,230,2026-10-19,1727.140869,10.000000,1993.751953,50.000000,2.000000,3.000000,-299062.781250,149.531387,199375.187500,1694.908813,50.000000,2.000000,3.000000,-254236.328125,127.118156,169490.875000,1741.751465,50.000000,-3.000000,-3.000000,261262.718750,130.631348,-261262.718750,107603.343750,97679.828125,56939.929688,148343.250000,-855579.250000,-707236.000000
ml,p5,230,2026-10-20,1729.593628,10.000000,1993.751953,50.000000,-1.000000,-3.000000,299062.781250,149.531387,-99687.593750,1694.908813,50.000000,-1.000000,-3.000000,254236.328125,127.118156,-84745.437500,1745.742065,50.000000,-1.000000,2.000000,-174574.203125,87.287094,-87287.101562,-271720.125000,476404.750000,57303.863281,147380.765625,-855579.250000,-708198.500000
ml,p5,230,2026-10-21,1724.454834,10.000000,1993.751953,50.000000,2.000000,3.000000,-299062.781250,149.531387,199375.187500,1694.908813,50.000000,2.000000,3.000000,-254236.328125,127.118156,169490.875000,1739.951416,50.000000,-4.000000,-3.000000,260992.718750,130.496353,-347990.281250,20875.781250,184098.359375,57711.007812,147263.125000,-855579.250000,-708316.125000
ml,p5,230,2026-10-22,1727.437378,10.000000,1993.751953,50.000000,-1.000000,-3.000000,299062.781250,149.531387,-99687.593750,1694.908813,50.000000,-1.000000,-3.000000,254236.328125,127.118156,-84745.437500,1737.955444,50.000000,-1.000000,3.000000,-260693.312500,130.346664,-86897.773438,-271330.812500,476704.125000,58118.011719,147255.296875,-855579.250000,-708323.937500
ml,p5,230,2026-10-23,1733.612183,10.000000,1993.751953,50.000000,2.000000,3.000000,-299062.781250,149.531387,199375.187500,1694.908813,50.000000,2.000000,3.000000,-254236.328125,127.118156,169490.875000,1743.910278,50.000000,-4.000000,-3.000000,261586.546875,130.793274,-348782.062500,20084.000000,184991.578125,58525.453125,146550.125000,-855579.250000,-709029.125000
ml,p5,230,2026-10-24,1729.266235,10.000000,1993.751953,50.000000,2.000000,0.000000,-0.000000,0.000000,199375.187500,1694.908813,50.000000,2.000000,0.000000,-0.000000,0.000000,169490.875000,1753.821533,50.000000,-4.000000,0.000000,-0.000000,0.000000,-350764.312500,18101.750000,184991.578125,58525.453125,144567.875000,-855579.250000,-711011.375000
ml,p5,230,2026-10-25,1748.699463,10.000000,1993.751953,50.000000,2.000000,0.000000,-0.000000,0.000000,199375.187500,1694.908813,50.000000,2.000000,0.000000,-0.000000,0.000000,169490.875000,1768.918213,50.000000,-4.000000,0.000000,-0.000000,0.000000,-353783.656250,15082.406250,184991.578125,58525.453125,141548.531250,-855579.250000,-714030.750000
ml,p5,230,2026-10-26,1765.526733,10.000000,1993.751953,50.000000,-1.000000,-3.000000,299062.781250,149.531387,-99687.593750,1694.908813,50.000000,-1.000000,-3.000000,254236.328125,127.118156,-84745.437500,1773.284180,50.000000,-1.000000,3.000000,-265992.625000,132.996307,-88664.210938,-273097.250000,472298.062500,58935.097656,140265.718750,-855579.250000,-715313.500000
ml,p5,230,2026-10-27,1750.767578,10.000000,1993.751953,50.000000,2.000000,3.000000,-299062.781250,149.531387,199375.187500,1694.908813,50.000000,2.000000,3.000000,-254236.328125,127.118156,169490.875000,1758.836792,50.000000,-4.000000,-3.000000,263825.500000,131.912750,-351767.343750,17098.718750,182824.453125,59343.656250,140579.515625,-855579.250000,-714999.750000
ml,p5,230,2026-10-28,1727.563354,10.000000,1993.751953,50.000000,-1.000000,-3.000000,299062.781250,149.531387,-99687.593750,1694.908813,50.000000,-1.000000,-3.000000,254236.328125,127.118156,-84745.437500,1735.883301,50.000000,-1.000000,3.000000,-260382.500000,130.191238,-86794.164062,-271227.187500,475741.062500,59750.500000,144763.375000,-855579.250000,-710815.875000
ml,p5,230,2026-10-29,1735.776001,10.000000,1993.751953,50.000000,0.000000,1.000000,-99687.593750,49.843796,0.000000,1694.908813,50.000000,0.000000,1.000000,-84745.437500,42.372719,0.000000,1729.624512,50.000000,0.000000,1.000000,-86481.226562,43.240612,0.000000,0.000000,204826.812500,59885.957031,144940.859375,-855579.250000,-710638.375000
ml,p5,230,2026-10-30,1748.561768,10.000000,1993.751953,50.000000,0.000000,0.000000,-0.000000,0.000000,0.000000,1694.908813,50.000000,0.000000,0.000000,-0.000000,0.000000,0.000000,1729.624512,50.000000,0.000000,0.000000,-0.000000,0.000000,0.000000,0.000000,204826.812500,59885.957031,144940.859375,-855579.250000,-710638.375000
ml,p95,855,2026-04-10,2055.000244,10.000000,2026.171509,50.000000,-3.000000,-3.000000,303925.718750,151.962860,-303925.718750,2047.068848,50.000000,-3.000000,-3.000000,307060.312500,153.530151,-307060.312500,2070.749756,50.000000,-7.000000,-7.000000,724762.375000,362.381195,-724762.375000,-1335748.375000,1335748.375000,667.874207,-667.874207,4854.181641,4186.307617
ml,p95,855,2026-04-11,2051.782959,10.000000,2074.023926,50.000000,-3.000000,0.000000,-0.000000,0.000000,-311103.593750,2094.715332,50.000000,-3.000000,0.000000,-0.000000,0.000000,-314207.312500,2118.737305,50.000000,-7.000000,0.000000,-0.000000,0.000000,-741558.062500,-1366869.000000,1335748.375000,667.874207,-31788.500000,-6551.132812,-38339.632812
ml,p95,855,2026-04-12,2044.119019,10.000000,2048.921387,50.000000,-3.000000,0.000000,-0.000000,0.000000,-307338.218750,2067.058350,50.000000,-3.000000,0.000000,-0.000000,0.000000,-310058.750000,2089.502197,50.000000,-7.000000,0.000000,-0.000000,0.000000,-731325.750000,-1348722.750000,1335748.375000,667.874207,-13642.249023,-26661.687500,-40303.937500
ml,p95,855,2026-04-13,2055.758789,10.000000,2062.332275,50.000000,-1.000000,2.000000,-206233.234375,103.116615,-103116.617188,2079.729736,50.000000,-11.000000,-8.000000,831891.875000,415.945953,-1143851.375000,2101.230225,50.000000,-3.000000,4.000000,-420246.031250,210.123016,-315184.531250,-1562152.500000,1541161.125000,1397.059814,-22388.435547,1127.141724,-21261.292969
ml,p95,855,2026-04-14,2053.448730,10.000000,2056.967041,50.000000,-9.000000,-8.000000,822786.812500,411.393402,-925635.125000,2071.664551,50.000000,-7.000000,4.000000,-414332.906250,207.166443,-725082.625000,2090.019531,50.000000,-11.000000,-8.000000,836007.812500,418.003876,-1149510.750000,-2800228.500000,2785622.500000,2433.623535,-17039.623047,2378.055420,-14661.567383
ml,p95,855,2026-04-15,2035.098511,10.000000,2015.334106,50.000000,-6.000000,3.000000,-302300.125000,151.150055,-604600.250000,2031.620728,50.000000,-4.000000,3.000000,-304743.125000,152.371552,-406324.156250,2049.709473,50.000000,-8.000000,3.000000,-307456.406250,153.728210,-819883.812500,-1830808.250000,1871123.125000,2890.873291,37424.000000,-34635.675781,2788.324219
ml,p95,855,2026-04-16,2036.254517,10.000000,2017.181763,50.000000,-3.000000,3.000000,-302577.281250,151.288635,-302577.281250,2034.645020,50.000000,-2.000000,2.000000,-203464.500000,101.732246,-203464.500000,2053.063965,50.000000,-5.000000,3.000000,-307959.593750,153.979782,-513266.000000,-1019307.750000,1057121.625000,3297.874023,34516.000000,-24926.623047,9589.376953
ml,p95,855,2026-04-17,2024.416260,10.000000,2013.369385,50.000000,-1.000000,2.000000,-201336.937500,100.668465,-100668.468750,2032.319824,50.000000,-5.000000,-3.000000,304847.968750,152.423981,-508079.968750,2050.641113,50.000000,-2.000000,3.000000,-307596.156250,153.798080,-205064.109375,-813812.562500,853036.562500,3704.764648,35519.234375,-46347.687500,-10828.453125
ml,p95,855,2026-04-18,2018.966553,10.000000,2028.677490,50.000000,-1.000000,0.000000,-0.000000,0.000000,-101433.875000,2047.900513,50.000000,-5.000000,0.000000,-0.000000,0.000000,-511975.156250,2067.256836,50.000000,-2.000000,0.000000,-0.000000,0.000000,-206725.687500,-820134.687500,853036.562500,3704.764648,29197.109375,-49212.871094,-20015.761719
ml,p95,855,2026-04-19,2027.346069,10.000000,2046.497803,50.000000,-1.000000,0.000000,-0.000000,0.000000,-102324.890625,2069.158447,50.000000,-5.000000,0.000000,-0.000000,0.000000,-517289.593750,2091.519531,50.000000,-2.000000,0.000000,-0.000000,0.000000,-209151.953125,-828766.437500,853036.562500,3704.764648,20565.359375,-22346.074219,-1780.714844
ml,p95,855,2026-04-20,2066.238037,10.000000,2088.056641,50.000000,-4.000000,-3.000000,313208.500000,156.604233,-417611.312500,2111.238525,50.000000,-3.000000,2.000000,-211123.859375,105.561920,-316685.781250,2133.519043,50.000000,-10.000000,-8.000000,853407.625000,426.703796,-1066759.625000,-1801056.750000,1808528.750000,4393.634766,3078.365234,71975.093750,75053.460938
ml,p95,855,2026-04-21,2105.131104,10.000000,2120.759277,50.000000,-1.000000,3.000000,-318113.906250,159.056931,-106037.960938,2143.552002,50.000000,-11.000000,-8.000000,857420.812500,428.710388,-1178953.625000,2165.875000,50.000000,-6.000000,4.000000,-433175.000000,216.587494,-649762.500000,-1934754.125000,1914660.750000,5197.989258,-25291.363281,168906.250000,143614.890625
ml,p95,855,2026-04-22,2137.589844,10.000000,2146.464844,50.000000,-4.000000,-3.000000,321969.718750,160.984848,-429292.968750,2170.657227,50.000000,-7.000000,4.000000,-434131.437500,217.065720,-759730.000000,2194.237305,50.000000,-4.000000,2.000000,-219423.734375,109.711861,-438847.468750,-1627870.500000,1583075.250000,5685.751953,-50481.000000,247261.750000,196780.750000
ml,p95,855,2026-04-23,2165.267822,10.000000,2172.470215,50.000000,-2.000000,2.000000,-217247.015625,108.623512,-217247.015625,2195.951660,50.000000,-3.000000,4.000000,-439190.343750,219.595169,-329392.750000,2220.148438,50.000000,-12.000000,-8.000000,888059.375000,444.029694,-1332089.000000,-1878728.750000,1814697.250000,6458.000000,-70489.500000,328477.437500,257987.937500
ml,p95,855,2026-04-24,2157.144043,10.000000,2194.476318,50.000000,-10.000000,-8.000000,877790.500000,438.895233,-1097238.125000,2218.838379,50.000000,-11.000000,-8.000000,887535.375000,443.767700,-1220361.125000,2244.042725,50.000000,-8.000000,4.000000,-448808.531250,224.404266,-897617.062500,-3215216.250000,3131214.750000,7565.067383,-91566.570312,309538.000000,217971.437500
ml,p95,855,2026-04-25,2119.968994,10.000000,2119.697510,50.000000,-10.000000,0.000000,-0.000000,0.000000,-1059848.750000,2143.821289,50.000000,-11.000000,0.000000,-0.000000,0.000000,-1179101.750000,2167.889160,50.000000,-8.000000,0.000000,-0.000000,0.000000,-867155.687500,-3106106.250000,3131214.750000,7565.067383,17543.433594,225827.656250,243371.093750
ml,p95,855,2026-04-26,2116.296875,10.000000,2098.446289,50.000000,-10.000000,0.000000,-0.000000,0.000000,-1049223.125000,2122.953125,50.000000,-11.000000,0.000000,-0.000000,0.000000,-1167624.250000,2146.379395,50.000000,-8.000000,0.000000,-0.000000,0.000000,-858551.750000,-3075399.250000,3131214.750000,7565.067383,48250.433594,221394.640625,269645.062500
ml,p95,855,2026-04-27,2105.273682,10.000000,2123.569580,50.000000,-6.000000,4.000000,-424713.906250,212.356949,-637070.875000,2149.543945,50.000000,-7.000000,4.000000,-429908.781250,214.954391,-752340.375000,2174.002930,50.000000,-4.000000,4.000000,-434800.593750,217.400299,-434800.593750,-1824211.875000,1841791.375000,8209.779297,9369.720703,192626.937500,201996.656250
ml,p95,855,2026-04-28,2070.874023,10.000000,2077.201660,50.000000,-3.000000,3.000000,-311580.250000,155.790131,-311580.250000,2100.057861,50.000000,-4.000000,3.000000,-315008.687500,157.504333,-420011.562500,2121.568848,50.000000,-2.000000,2.000000,-212156.890625,106.078445,-212156.890625,-943748.687500,1003045.500000,8629.151367,50667.660156,105284.750000,155952.406250
ml,p95,855,2026-04-29,2078.902588,10.000000,2084.836670,50.000000,0.000000,3.000000,-312725.500000,156.362762,0.000000,2107.073486,50.000000,-1.000000,3.000000,-316061.031250,158.030518,-105353.671875,2127.718262,50.000000,-10.000000,-8.000000,851087.312500,425.543640,-1063859.125000,-1169212.750000,1225346.250000,9369.088867,46764.410156,133445.984375,180210.390625
ml,p95,855,2026-04-30,2089.041748,10.000000,2084.836670,50.000000,-3.000000,-3.000000,312725.500000,156.362762,-312725.500000,2110.723389,50.000000,-9.000000,-8.000000,844289.375000,422.144684,-949825.500000,2131.685791,50.000000,-6.000000,4.000000,-426337.156250,213.168564,-639505.750000,-1902056.750000,1956024.000000,10160.764648,43806.484375,154995.796875,198802.281250
ml,p95,855,2026-05-01,2134.665527,10.000000,2084.836670,50.000000,0.000000,3.000000,-312725.500000,156.362762,0.000000,2162.400879,50.000000,-5.000000,4.000000,-432480.187500,216.240097,-540600.187500,2183.243896,50.000000,-2.000000,4.000000,-436648.781250,218.324402,-218324.390625,-758924.562500,774169.625000,10751.692383,4493.370117,267499.968750,271993.343750
ml,p95,855,2026-05-02,2111.522949,10.000000,2084.836670,50.000000,0.000000,0.000000,-0.000000,0.000000,0.000000,2125.159180,50.000000,-5.000000,0.000000,-0.000000,0.000000,-531289.812500,2144.342285,50.000000,-2.000000,0.000000,-0.000000,0.000000,-214434.234375,-745724.062500,774169.625000,10751.692383,17693.871094,206511.921875,224205.796875
ml,p95,855,2026-05-03,2110.334229,10.000000,2084.836670,50.000000,0.000000,0.000000,-0.000000,0.000000,0.000000,2136.350830,50.000000,-5.000000,0.000000,-0.000000,0.000000,-534087.687500,2155.397217,50.000000,-2.000000,0.000000,-0.000000,0.000000,-215539.718750,-749627.375000,774169.625000,10751.692383,13790.557617,209033.500000,222824.062500
ml,p95,855,2026-05-04,2126.502441,10.000000,2084.836670,50.000000,-3.000000,-3.000000,312725.500000,156.362762,-312725.500000,2180.111572,50.000000,-3.000000,2.000000,-218011.156250,109.005569,-327016.750000,2200.979004,50.000000,-10.000000,-8.000000,880391.625000,440.195801,-1100489.500000,-1740231.750000,1749275.500000,11457.255859,-2413.505859,251378.984375,248965.484375
ml,p95,855,2026-05-05,2110.990234,10.000000,2084.836670,50.000000,0.000000,3.000000,-312725.500000,156.362762,0.000000,2138.388428,50.000000,-11.000000,-8.000000,855355.375000,427.677704,-1176113.625000,2159.229492,50.000000,-6.000000,4.000000,-431845.906250,215.922943,-647768.875000,-1823882.500000,1860059.625000,12257.219727,23919.906250,207352.281250,231272.187500
ml,p95,855,2026-05-06,2122.469482,10.000000,2084.836670,50.000000,-3.000000,-3.000000,312725.500000,156.362762,-312725.500000,2131.115479,50.000000,-7.000000,4.000000,-426223.093750,213.111542,-745890.437500,2150.291260,50.000000,-3.000000,3.000000,-322543.687500,161.271835,-322543.687500,-1381159.750000,1424018.250000,12787.965820,30070.535156,230910.500000,260981.031250
ml,p95,855,2026-05-07,2095.242676,10.000000,2084.836670,50.000000,0.000000,3.000000,-312725.500000,156.362762,0.000000,2124.070557,50.000000,-4.000000,3.000000,-318610.593750,159.305283,-424814.125000,2143.564209,50.000000,-1.000000,2.000000,-214356.421875,107.178207,-107178.210938,-531992.312500,578325.687500,13210.812500,33122.562500,162952.718750,196075.281250
ml,p95,855,2026-05-08,2119.756836,10.000000,2084.836670,50.000000,-3.000000,-3.000000,312725.500000,156.362762,-312725.500000,2106.799805,50.000000,-1.000000,3.000000,-316019.968750,158.009979,-105339.992188,2125.122803,50.000000,-9.000000,-8.000000,850049.125000,425.024536,-956305.250000,-1374370.750000,1425080.375000,13950.208984,36759.414062,228688.515625,265447.937500
ml,p95,855,2026-05-09,2112.986328,10.000000,2084.836670,50.000000,-3.000000,0.000000,-0.000000,0.000000,-312725.500000,2140.881348,50.000000,-1.000000,0.000000,-0.000000,0.000000,-107044.070312,2159.880615,50.000000,-9.000000,0.000000,-0.000000,0.000000,-971946.312500,-1391715.875000,1425080.375000,13950.208984,19414.291016,205807.640625,225221.937500
ml,p95,855,2026-05-10,2123.988037,10.000000,2084.836670,50.000000,-3.000000,0.000000,-0.000000,0.000000,-312725.500000,2149.838379,50.000000,-1.000000,0.000000,-0.000000,0.000000,-107491.921875,2168.865234,50.000000,-9.000000,0.000000,-0.000000,0.000000,-975989.375000,-1396206.750000,1425080.375000,13950.208984,14923.416016,230846.968750,245770.390625
ml,p95,855,2026-05-11,2128.554688,10.000000,2084.836670,50.000000,0.000000,3.000000,-312725.500000,156.362762,0.000000,2147.778564,50.000000,-4.000000,-3.000000,322166.812500,161.083389,-429555.718750,2167.090088,50.000000,-5.000000,4.000000,-433418.031250,216.709015,-541772.500000,-971328.250000,1001103.625000,14484.365234,15291.009766,246844.671875,262135.687500
ml,p95,855,2026-05-12,2129.718994,10.000000,2084.836670,50.000000,-3.000000,-3.000000,312725.500000,156.362762,-312725.500000,2152.458252,50.000000,-1.000000,3.000000,-322868.750000,161.434357,-107622.914062,2168.244385,50.000000,-3.000000,2.000000,-216824.437500,108.412224,-325236.656250,-745585.062500,774135.937500,14910.574219,13640.300781,244493.187500,258133.484375
ml,p95,855,2026-05-13,2107.394775,10.000000,2084.836670,50.000000,0.000000,3.000000,-312725.500000,156.362762,0.000000,2111.595947,50.000000,-4.000000,-3.000000,316739.406250,158.369690,-422319.187500,2128.720703,50.000000,-11.000000,-8.000000,851488.250000,425.744080,-1170796.375000,-1593115.500000,1629638.125000,15651.050781,20871.574219,189816.031250,210687.609375
ml,p95,855,2026-05-14,2128.582031,10.000000,2084.836670,50.000000,-3.000000,-3.000000,312725.500000,156.362762,-312725.500000,2164.095459,50.000000,-2.000000,2.000000,-216409.546875,108.204773,-216409.546875,2186.458252,50.000000,-7.000000,4.000000,-437291.656250,218.645813,-765260.375000,-1294395.500000,1288662.500000,16134.264648,-21867.265625,244216.218750,222348.953125
ml,p95,855,2026-05-15,2141.964844,10.000000,2084.836670,50.000000,0.000000,3.000000,-312725.500000,156.362762,0.000000,2174.377197,50.000000,-10.000000,-8.000000,869750.875000,434.875427,-1087188.625000,2197.977539,50.000000,-3.000000,4.000000,-439595.500000,219.797745,-329696.625000,-1416885.250000,1406092.375000,16945.298828,-27738.173828,275875.031250,248136.859375
ml,p95,855,2026-05-16,2115.306885,10.000000,2084.836670,50.000000,0.000000,0.000000,-0.000000,0.000000,0.000000,2127.309570,50.000000,-10.000000,0.000000,-0.000000,0.000000,-1063654.750000,2150.422363,50.000000,-3.000000,0.000000,-0.000000,0.000000,-322563.343750,-1386218.125000,1406092.375000,16945.298828,2928.951172,206391.109375,209320.062500
ml,p95,855,2026-05-17,2143.052002,10.000000,2084.836670,50.000000,0.000000,0.000000,-0.000000,0.000000,0.000000,2157.332031,50.000000,-10.000000,0.000000,-0.000000,0.000000,-1078666.000000,2178.609375,50.000000,-3.000000,0.000000,-0.000000,0.000000,-326791.406250,-1405457.375000,1406092.375000,16945.298828,-16310.298828,269807.187500,253496.890625
ml,p95,855,2026-05-18,2137.192383,10.000000,2084.836670,50.000000,-3.000000,-3.000000,312725.500000,156.362762,-312725.500000,2168.667969,50.000000,-6.000000,4.000000,-433733.593750,216.866791,-650600.375000,2189.077637,50.000000,-11.000000,-8.000000,875631.062500,437.815552,-1203992.625000,-2167318.500000,2160715.250000,17756.343750,-24359.593750,253944.734375,229585.140625
ml,p95,855,2026-05-19,2245.997559,10.000000,2084.836670,50.000000,0.000000,3.000000,-312725.500000,156.362762,0.000000,2285.560791,50.000000,-4.000000,2.000000,-228556.078125,114.278038,-457112.156250,2307.420654,50.000000,-7.000000,4.000000,-461484.125000,230.742050,-807597.187500,-1264709.375000,1157949.625000,18257.726562,-125017.476562,531318.687500,406301.218750
ml,p95,855,2026-05-20,2253.860596,10.000000,2084.836670,50.000000,-3.000000,-3.000000,312725.500000,156.362762,-312725.500000,2274.763672,50.000000,-2.000000,2.000000,-227476.375000,113.738182,-227476.375000,2295.755615,50.000000,-3.000000,4.000000,-459151.125000,229.575546,-344363.343750,-884565.250000,784047.562500,18757.404297,-119275.093750,552352.875000,433077.781250
ml,p95,855,2026-05-21,2221.713867,10.000000,2084.836670,50.000000,0.000000,3.000000,-312725.500000,156.362762,0.000000,2223.746094,50.000000,-10.000000,-8.000000,889498.437500,444.749176,-1111873.000000,2245.903076,50.000000,-11.000000,-8.000000,898361.250000,449.180603,-1235246.625000,-2347119.500000,2259181.750000,19807.695312,-107745.445312,473321.250000,365575.812500
ml,p95,855,2026-05-22,2218.383545,10.000000,2084.836670,50.000000,-3.000000,-3.000000,312725.500000,156.362762,-312725.500000,2237.024902,50.000000,-6.000000,4.000000,-447404.968750,223.702469,-671107.500000,2257.645996,50.000000,-7.000000,4.000000,-451529.187500,225.764587,-790176.062500,-1774009.000000,1672973.125000,20413.527344,-121449.406250,465778.531250,344329.125000
ml,p95,855,2026-05-23,2225.788818,10.000000,2084.836670,50.000000,-3.000000,0.000000,-0.000000,0.000000,-312725.500000,2242.548096,50.000000,-6.000000,0.000000,-0.000000,0.000000,-672764.437500,2261.538086,50.000000,-7.000000,0.000000,-0.000000,0.000000,-791538.312500,-1777028.250000,1672973.125000,20413.527344,-124468.656250,478589.718750,354121.062500
ml,p95,855,2026-05-24,2266.198730,10.000000,2084.836670,50.000000,-3.000000,0.000000,-0.000000,0.000000,-312725.500000,2294.852051,50.000000,-6.000000,0.000000,-0.000000,0.000000,-688455.625000,2316.645752,50.000000,-7.000000,0.000000,-0.000000,0.000000,-810826.000000,-1812007.125000,1672973.125000,20413.527344,-159447.531250,571187.000000,411739.468750
ml,p95,855,2026-05-25,2233.125000,10.000000,2084.836670,50.000000,-3.000000,0.000000,-0.000000,0.000000,-312725.500000,2263.183105,50.000000,-6.000000,0.000000,-0.000000,0.000000,-678954.937500,2284.083496,50.000000,-7.000000,0.000000,-0.000000,0.000000,-799429.187500,-1791109.625000,1672973.125000,20413.527344,-138550.031250,489199.718750,350649.687500
ml,p95,855,2026-05-26,2254.934570,10.000000,2084.836670,50.000000,0.000000,3.000000,-312725.500000,156.362762,0.000000,2286.673096,50.000000,-4.000000,2.000000,-228667.312500,114.333649,-457334.625000,2308.737061,50.000000,-3.000000,4.000000,-461747.406250,230.873688,-346310.562500,-803645.187500,669832.875000,20915.097656,-154727.406250,544026.187500,389298.781250
ml,p95,855,2026-05-27,2265.364746,10.000000,2084.836670,50.000000,-3.000000,-3.000000,312725.500000,156.362762,-312725.500000,2272.328857,50.000000,-2.000000,2.000000,-227232.890625,113.616447,-227232.890625,2298.028076,50.000000,-11.000000,-8.000000,919211.250000,459.605591,-1263915.375000,-1803873.750000,1674536.750000,21644.681641,-150981.687500,564530.375000,413548.687500
ml,p95,855,2026-05-28,2289.486816,10.000000,2084.836670,50.000000,0.000000,3.000000,-312725.500000,156.362762,0.000000,2293.246826,50.000000,-10.000000,-8.000000,917298.750000,458.649384,-1146623.500000,2318.026123,50.000000,-7.000000,4.000000,-463605.218750,231.802597,-811309.125000,-1957932.625000,1815504.875000,22491.496094,-164919.250000,627902.875000,462983.625000
ml,p95,855,2026-05-29,2296.789062,10.000000,2084.836670,50.000000,-3.000000,-3.000000,312725.500000,156.362762,-312725.500000,2308.695068,50.000000,-6.000000,4.000000,-461739.000000,230.869492,-692608.500000,2333.192383,50.000000,-3.000000,4.000000,-466638.468750,233.319214,-349978.843750,-1355312.875000,1199852.750000,23112.046875,-178572.171875,646453.000000,467880.812500
ml,p95,855,2026-05-30,2292.952393,10.000000,2084.836670,50.000000,-3.000000,0.000000,-0.000000,0.000000,-312725.500000,2318.007812,50.000000,-6.000000,0.000000,-0.000000,0.000000,-695402.375000,2344.559570,50.000000,-3.000000,0.000000,-0.000000,0.000000,-351683.937500,-1359811.750000,1199852.750000,23112.046875,-183071.046875,632277.875000,449206.812500
ml,p95,855,2026-05-31,2301.768799,10.000000,2084.836670,50.000000,-3.000000,0.000000,-0.000000,0.000000,-312725.500000,2322.496826,50.000000,-6.000000,0.000000,-0.000000,0.000000,-696749.000000,2350.885742,50.000000,-3.000000,0.000000,-0.000000,0.000000,-352632.875000,-1362107.375000,1199852.750000,23112.046875,-185366.671875,652481.125000,467114.437500
ml,p95,855,2026-06-01,2319.928955,10.000000,2084.836670,50.000000,0.000000,3.000000,-312725.500000,156.362762,0.000000,2352.513672,50.000000,-4.000000,2.000000,-235251.375000,117.625687,-470502.750000,2375.275391,50.000000,-11.000000,-8.000000,950110.125000,475.055023,-1306401.500000,-1776904.250000,1601986.000000,23861.091797,-198779.343750,695520.125000,496740.781250
ml,p95,855,2026-06-02,2391.552246,10.000000,2084.836670,50.000000,-3.000000,-3.000000,312725.500000,156.362762,-312725.500000,2417.868164,50.000000,-2.000000,2.000000,-241786.812500,120.893394,-241786.812500,2441.133545,50.000000,-7.000000,4.000000,-488226.718750,244.113342,-854396.750000,-1408909.000000,1184698.000000,24382.460938,-248593.468750,869497.375000,620903.875000
ml,p95,855,2026-06-03,2382.541992,10.000000,2084.836670,50.000000,0.000000,3.000000,-312725.500000,156.362762,0.000000,2408.765137,50.000000,-10.000000,-8.000000,963506.062500,481.753052,-1204382.625000,2435.069336,50.000000,-3.000000,4.000000,-487013.875000,243.506943,-365260.406250,-1569643.000000,1348464.625000,25264.082031,-246442.453125,846474.125000,600031.687500
ml,p95,855,2026-06-04,2402.656738,10.000000,2084.836670,50.000000,-3.000000,-3.000000,312725.500000,156.362762,-312725.500000,2436.423584,50.000000,-6.000000,4.000000,-487284.718750,243.642349,-730927.062500,2462.534180,50.000000,-11.000000,-8.000000,985013.687500,492.506836,-1354393.750000,-2398046.250000,2158919.250000,26156.595703,-265283.593750,893366.187500,628082.625000
ml,p95,855,2026-06-05,2393.044189,10.000000,2084.836670,50.000000,0.000000,3.000000,-312725.500000,156.362762,0.000000,2401.449463,50.000000,-2.000000,4.000000,-480289.906250,240.144943,-240144.953125,2427.843994,50.000000,-7.000000,4.000000,-485568.812500,242.784393,-849745.437500,-1089890.375000,880335.000000,26795.886719,-236351.265625,864277.937500,627926.687500
ml,p95,855,2026-06-06,2347.457031,10.000000,2084.836670,50.000000,0.000000,0.000000,-0.000000,0.000000,0.000000,2364.538086,50.000000,-2.000000,0.000000,-0.000000,0.000000,-236453.812500,2392.874023,50.000000,-7.000000,0.000000,-0.000000,0.000000,-837505.875000,-1073959.750000,880335.000000,26795.886719,-220420.640625,750225.937500,529805.312500
ml,p95,855,2026-06-07,2309.384033,10.000000,2084.836670,50.000000,0.000000,0.000000,-0.000000,0.000000,0.000000,2322.782715,50.000000,-2.000000,0.000000,-0.000000,0.000000,-232278.265625,2350.121582,50.000000,-7.000000,0.000000,-0.000000,0.000000,-822542.562500,-1054820.875000,880335.000000,26795.886719,-201281.765625,657417.375000,456135.625000
ml,p95,855,2026-06-08,2344.689453,10.000000,2084.836670,50.000000,-3.000000,-3.000000,312725.500000,156.362762,-312725.500000,2350.908936,50.000000,-10.000000,-8.000000,940363.562500,470.181793,-1175454.500000,2379.901123,50.000000,-3.000000,4.000000,-475980.218750,237.990097,-356985.156250,-1845165.125000,1657443.875000,27660.421875,-215381.671875,744400.437500,529018.750000
ml,p95,855,2026-06-09,2331.064453,10.000000,2084.836670,50.000000,0.000000,3.000000,-312725.500000,156.362762,0.000000,2348.398682,50.000000,-6.000000,4.000000,-469679.750000,234.839874,-704519.625000,2375.616699,50.000000,-11.000000,-8.000000,950246.687500,475.123352,-1306589.125000,-2011108.750000,1825285.250000,28526.750000,-214350.250000,711409.125000,497058.875000
ml,p95,855,2026-06-10,2371.546387,10.000000,2084.836670,50.000000,-3.000000,-3.000000,312725.500000,156.362762,-312725.500000,2391.522461,50.000000,-4.000000,2.000000,-239152.250000,119.576118,-478304.500000,2414.671143,50.000000,-7.000000,4.000000,-482934.218750,241.467087,-845134.875000,-1636164.875000,1415924.250000,29044.154297,-249284.781250,808748.812500,559464.000000
ml,p95,855,2026-06-11,2402.535156,10.000000,2084.836670,50.000000,0.000000,3.000000,-312725.500000,156.362762,0.000000,2413.065918,50.000000,-2.000000,2.000000,-241306.593750,120.653297,-241306.593750,2437.312256,50.000000,-3.000000,4.000000,-487462.437500,243.731216,-365596.812500,-606903.375000,374429.750000,29564.900391,-262038.531250,884850.000000,622811.500000
ml,p95,855,2026-06-12,2442.276611,10.000000,2084.836670,50.000000,-3.000000,-3.000000,312725.500000,156.362762,-312725.500000,2463.215820,50.000000,-10.000000,-8.000000,985286.312500,492.643127,-1231607.875000,2485.059082,50.000000,-11.000000,-8.000000,994023.625000,497.011780,-1366782.500000,-2911116.000000,2666465.250000,30710.917969,-275361.656250,982586.687500,707225.000000
ml,p95,855,2026-06-13,2433.532471,10.000000,2084.836670,50.000000,-3.000000,0.000000,-0.000000,0.000000,-312725.500000,2457.744629,50.000000,-10.000000,0.000000,-0.000000,0.000000,-1228872.250000,2476.277100,50.000000,-11.000000,0.000000,-0.000000,0.000000,-1361952.500000,-2903550.250000,2666465.250000,30710.917969,-267795.906250,960820.812500,693024.875000
ml,p95,855,2026-06-14,2467.236328,10.000000,2084.836670,50.000000,-3.000000,0.000000,-0.000000,0.000000,-312725.500000,2461.001953,50.000000,-10.000000,0.000000,-0.000000,0.000000,-1230501.000000,2477.952637,50.000000,-11.000000,0.000000,-0.000000,0.000000,-1362873.875000,-2906100.500000,2666465.250000,30710.917969,-270346.156250,1044494.562500,774148.375000
ml,p95,855,2026-06-15,2469.459717,10.000000,2084.836670,50.000000,0.000000,3.000000,-312725.500000,156.362762,0.000000,2493.051025,50.000000,-6.000000,4.000000,-498610.218750,249.305099,-747915.312500,2511.244141,50.000000,-7.000000,4.000000,-502248.812500,251.124390,-878935.437500,-1626850.750000,1352880.750000,31367.710938,-305337.718750,1053527.000000,748189.250000
ml,p95,855,2026-06-16,2470.068604,10.000000,2084.836670,50.000000,-3.000000,-3.000000,312725.500000,156.362762,-312725.500000,2505.271240,50.000000,-4.000000,2.000000,-250527.125000,125.263557,-501054.250000,2520.155273,50.000000,-3.000000,4.000000,-504031.062500,252.015518,-378023.281250,-1191803.000000,911048.000000,31901.353516,-312656.343750,1051949.250000,739292.875000
ml,p95,855,2026-06-17,2469.963867,10.000000,2084.836670,50.000000,0.000000,3.000000,-312725.500000,156.362762,0.000000,2514.766357,50.000000,-2.000000,2.000000,-251476.640625,125.738319,-251476.640625,2532.741699,50.000000,-11.000000,-8.000000,1013096.687500,506.548340,-1393007.875000,-1644484.500000,1359942.500000,32690.000000,-317232.000000,1051665.125000,734433.125000
ml,p95,855,2026-06-18,2451.857666,10.000000,2084.836670,50.000000,-3.000000,-3.000000,312725.500000,156.362762,-312725.500000,2480.147705,50.000000,-10.000000,-8.000000,992059.062500,496.029541,-1240073.875000,2498.002686,50.000000,-7.000000,4.000000,-499600.531250,249.800262,-874301.000000,-2427100.500000,2165126.500000,33592.195312,-295566.187500,1007447.687500,711881.500000
ml,p95,855,2026-06-19,2507.054443,10.000000,2084.836670,50.000000,-3.000000,0.000000,-0.000000,0.000000,-312725.500000,2540.348633,50.000000,-10.000000,0.000000,-0.000000,0.000000,-1270174.375000,2558.970703,50.000000,-7.000000,0.000000,-0.000000,0.000000,-895639.750000,-2478539.500000,2165126.500000,33592.195312,-347005.187500,1148126.875000,801121.687500
ml,p95,855,2026-06-20,2531.362793,10.000000,2084.836670,50.000000,-3.000000,0.000000,-0.000000,0.000000,-312725.500000,2596.120605,50.000000,-10.000000,0.000000,-0.000000,0.000000,-1298060.375000,2618.519043,50.000000,-7.000000,0.000000,-0.000000,0.000000,-916481.625000,-2527267.500000,2165126.500000,33592.195312,-395733.187500,1209582.875000,813849.687500
ml,p95,855,2026-06-21,2515.793945,10.000000,2084.836670,50.000000,-3.000000,0.000000,-0.000000,0.000000,-312725.500000,2550.840820,50.000000,-10.000000,0.000000,-0.000000,0.000000,-1275420.375000,2571.817139,50.000000,-7.000000,0.000000,-0.000000,0.000000,-900136.062500,-2488282.000000,2165126.500000,33592.195312,-356747.687500,1170567.000000,813819.312500
ml,p95,855,2026-06-22,2473.207031,10.000000,2084.836670,50.000000,0.000000,3.000000,-312725.500000,156.362762,0.000000,2461.780518,50.000000,-6.000000,4.000000,-492356.093750,246.178040,-738534.187500,2482.453369,50.000000,-3.000000,4.000000,-496490.687500,248.245346,-372368.031250,-1110902.250000,863554.187500,34242.984375,-281591.062500,1060819.125000,779228.062500
ml,p95,855,2026-06-23,2454.333984,10.000000,2084.836670,50.000000,-3.000000,-3.000000,312725.500000,156.362762,-312725.500000,2457.758545,50.000000,-4.000000,2.000000,-245775.859375,122.887924,-491551.718750,2478.439697,50.000000,-11.000000,-8.000000,991375.875000,495.687927,-1363141.750000,-2167419.000000,1921879.750000,35017.921875,-280557.187500,1011111.750000,730554.562500
ml,p95,855,2026-06-24,2457.503906,10.000000,2084.836670,50.000000,0.000000,3.000000,-312725.500000,156.362762,0.000000,2437.574707,50.000000,-2.000000,2.000000,-243757.468750,121.878731,-243757.468750,2458.594971,50.000000,-7.000000,4.000000,-491719.000000,245.859497,-860508.187500,-1104265.625000,873677.750000,35542.023438,-266129.906250,1018356.500000,752226.625000
ml,p95,855,2026-06-25,2415.834717,10.000000,2084.836670,50.000000,-3.000000,-3.000000,312725.500000,156.362762,-312725.500000,2417.477783,50.000000,-10.000000,-8.000000,966991.125000,483.495544,-1208738.875000,2440.105469,50.000000,-3.000000,4.000000,-488021.093750,244.010544,-366015.812500,-1887480.250000,1665373.375000,36425.890625,-258532.765625,913190.375000,654657.625000
ml,p95,855,2026-06-26,2414.956055,10.000000,2084.836670,50.000000,0.000000,3.000000,-312725.500000,156.362762,0.000000,2434.444580,50.000000,-6.000000,4.000000,-486888.906250,243.444443,-730333.375000,2458.591064,50.000000,-11.000000,-8.000000,983436.437500,491.718201,-1352225.125000,-2082558.500000,1849195.375000,37317.414062,-270680.531250,911042.875000,640362.375000
ml,p95,855,2026-06-27,2391.144043,10.000000,2084.836670,50.000000,0.000000,0.000000,-0.000000,0.000000,0.000000,2401.289795,50.000000,-6.000000,0.000000,-0.000000,0.000000,-720386.937500,2426.475342,50.000000,-11.000000,0.000000,-0.000000,0.000000,-1334561.375000,-2054948.250000,1849195.375000,37317.414062,-243070.281250,850409.437500,607339.125000
ml,p95,855,2026-06-28,2332.307373,10.000000,2084.836670,50.000000,0.000000,0.000000,-0.000000,0.000000,0.000000,2341.266602,50.000000,-6.000000,0.000000,-0.000000,0.000000,-702380.000000,2365.292236,50.000000,-11.000000,0.000000,-0.000000,0.000000,-1300910.750000,-2003290.750000,1849195.375000,37317.414062,-191412.781250,702595.875000,511183.093750
ml,p95,855,2026-06-29,2345.622070,10.000000,2084.836670,50.000000,-3.000000,-3.000000,312725.500000,156.362762,-312725.500000,2342.771729,50.000000,-4.000000,2.000000,-234277.171875,117.138588,-468554.343750,2366.463379,50.000000,-7.000000,4.000000,-473292.687500,236.646347,-828262.187500,-1609542.000000,1454351.000000,37827.562500,-193018.562500,734277.875000,541259.312500
ml,p95,855,2026-06-30,2373.781982,10.000000,2084.836670,50.000000,0.000000,3.000000,-312725.500000,156.362762,0.000000,2377.313721,50.000000,-2.000000,2.000000,-237731.375000,118.865685,-237731.375000,2397.743652,50.000000,-5.000000,2.000000,-239774.359375,119.887169,-599435.937500,-837167.312500,664119.750000,38222.679688,-211270.250000,804226.375000,592956.125000
ml,p95,855,2026-07-01,2399.455566,10.000000,2084.836670,50.000000,-3.000000,-3.000000,312725.500000,156.362762,-312725.500000,2406.904053,50.000000,-10.000000,-8.000000,962761.625000,481.380798,-1203452.000000,2428.435059,50.000000,-3.000000,2.000000,-242843.500000,121.421745,-364265.250000,-1880442.750000,1696763.375000,38981.843750,-222661.218750,868627.750000,645966.500000
ml,p95,855,2026-07-02,2431.429443,10.000000,2084.836670,50.000000,0.000000,3.000000,-312725.500000,156.362762,0.000000,2444.095947,50.000000,-6.000000,4.000000,-488819.187500,244.409592,-733228.812500,2465.437744,50.000000,-11.000000,-8.000000,986175.125000,493.087524,-1355990.750000,-2089219.500000,1881393.875000,39875.703125,-247701.328125,944998.187500,697296.875000
ml,p95,855,2026-07-03,2418.068359,10.000000,2084.836670,50.000000,-3.000000,-3.000000,312725.500000,156.362762,-312725.500000,2430.709473,50.000000,-4.000000,2.000000,-243070.953125,121.535469,-486141.906250,2452.787842,50.000000,-7.000000,4.000000,-490557.562500,245.278763,-858475.750000,-1657343.125000,1460490.750000,40398.882812,-237251.250000,914566.750000,677315.500000
ml,p95,855,2026-07-04,2377.552979,10.000000,2084.836670,50.000000,-3.000000,0.000000,-0.000000,0.000000,-312725.500000,2371.431641,50.000000,-4.000000,0.000000,-0.000000,0.000000,-474286.312500,2393.552246,50.000000,-7.000000,0.000000,-0.000000,0.000000,-837743.250000,-1624755.000000,1460490.750000,40398.882812,-204663.125000,825299.875000,620636.750000
ml,p95,855,2026-07-05,2356.962646,10.000000,2084.836670,50.000000,-3.000000,0.000000,-0.000000,0.000000,-312725.500000,2376.071289,50.000000,-4.000000,0.000000,-0.000000,0.000000,-475214.250000,2399.911621,50.000000,-7.000000,0.000000,-0.000000,0.000000,-839969.062500,-1627908.750000,1460490.750000,40398.882812,-207816.875000,780343.687500,572526.812500
ml,p95,855,2026-07-06,2352.740723,10.000000,2084.836670,50.000000,0.000000,3.000000,-312725.500000,156.362762,0.000000,2373.149414,50.000000,-2.000000,2.000000,-237314.937500,118.657471,-237314.937500,2399.630859,50.000000,-5.000000,2.000000,-239963.093750,119.981544,-599907.687500,-837222.625000,670487.250000,40793.882812,-207529.250000,771106.312500,563577.062500
ml,p95,855,2026-07-07,2357.208984,10.000000,2084.836670,50.000000,-3.000000,-3.000000,312725.500000,156.362762,-312725.500000,2394.941162,50.000000,-5.000000,-3.000000,359241.156250,179.620575,-598735.312500,2419.620117,50.000000,-3.000000,2.000000,-241962.015625,120.981010,-362943.031250,-1274403.875000,1100492.000000,41250.847656,-215162.718750,779984.125000,564821.375000
ml,p95,855,2026-07-08,2376.100098,10.000000,2084.836670,50.000000,0.000000,3.000000,-312725.500000,156.362762,0.000000,2406.334229,50.000000,-3.000000,2.000000,-240633.421875,120.316711,-360950.156250,2430.330811,50.000000,-11.000000,-8.000000,972132.312500,486.066132,-1336681.875000,-1697632.000000,1519265.250000,42013.593750,-220380.343750,816159.750000,595779.375000
ml,p95,855,2026-07-09,2456.062988,10.000000,2084.836670,50.000000,-3.000000,-3.000000,312725.500000,156.362762,-312725.500000,2494.563721,50.000000,-1.000000,2.000000,-249456.375000,124.728188,-124728.187500,2519.173340,50.000000,-7.000000,4.000000,-503834.656250,251.917313,-881710.625000,-1319164.250000,1078699.750000,42546.601562,-283011.093750,963578.812500,680567.750000
ml,p95,855,2026-07-10,2427.396973,10.000000,2084.836670,50.000000,0.000000,3.000000,-312725.500000,156.362762,0.000000,2429.353516,50.000000,-4.000000,-3.000000,364403.031250,182.201508,-485870.687500,2450.922607,50.000000,-3.000000,4.000000,-490184.531250,245.092270,-367638.375000,-853509.062500,640192.812500,43130.257812,-256446.500000,913168.187500,656721.687500
ml,p95,855,2026-07-11,2403.770508,10.000000,2084.836670,50.000000,0.000000,0.000000,-0.000000,0.000000,0.000000,2405.758057,50.000000,-4.000000,0.000000,-0.000000,0.000000,-481151.625000,2427.197510,50.000000,-3.000000,0.000000,-0.000000,0.000000,-364079.625000,-845231.250000,640192.812500,43130.257812,-248168.687500,874511.625000,626342.937500
ml,p95,855,2026-07-12,2408.900879,10.000000,2084.836670,50.000000,0.000000,0.000000,-0.000000,0.000000,0.000000,2400.850830,50.000000,-4.000000,0.000000,-0.000000,0.000000,-480170.156250,2424.348145,50.000000,-3.000000,0.000000,-0.000000,0.000000,-363652.218750,-843822.375000,640192.812500,43130.257812,-246759.812500,882653.812500,635894.000000
ml,p95,855,2026-07-13,2489.252686,10.000000,2084.836670,50.000000,-3.000000,-3.000000,312725.500000,156.362762,-312725.500000,2496.063477,50.000000,-2.000000,2.000000,-249606.343750,124.803169,-249606.343750,2520.957275,50.000000,-11.000000,-8.000000,1008382.937500,504.191437,-1386526.500000,-1948858.375000,1711694.875000,43915.617188,-281079.125000,1012796.562500,731717.437500
ml,p95,855,2026-07-14,2518.432129,10.000000,2084.836670,50.000000,0.000000,3.000000,-312725.500000,156.362762,0.000000,2520.995117,50.000000,-5.000000,-3.000000,378149.281250,189.074646,-630248.750000,2543.518799,50.000000,-7.000000,4.000000,-508703.750000,254.351868,-890231.562500,-1520480.250000,1268414.875000,44515.406250,-296580.781250,1056996.000000,760415.250000
ml,p95,855,2026-07-15,2532.389893,10.000000,2084.836670,50.000000,-3.000000,-3.000000,312725.500000,156.362762,-312725.500000,2523.749023,50.000000,-3.000000,2.000000,-252374.906250,126.187447,-378562.343750,2546.903076,50.000000,-5.000000,2.000000,-254690.312500,127.345146,-636725.750000,-1328013.625000,1074075.250000,44925.296875,-298863.687500,1076100.125000,777236.437500
ml,p95,855,2026-07-16,2628.317627,10.000000,2084.836670,50.000000,0.000000,3.000000,-312725.500000,156.362762,0.000000,2631.306396,50.000000,-1.000000,2.000000,-263130.625000,131.565308,-131565.312500,2656.180908,50.000000,-3.000000,2.000000,-265618.093750,132.809052,-398427.156250,-529992.500000,232600.968750,45346.035156,-342737.562500,1200511.125000,857773.562500
ml,p95,855,2026-07-17,2586.384033,10.000000,2084.836670,50.000000,-3.000000,-3.000000,312725.500000,156.362762,-312725.500000,2588.598145,50.000000,-4.000000,-3.000000,388289.718750,194.144852,-517719.625000,2613.787109,50.000000,-11.000000,-8.000000,1045514.875000,522.757446,-1437582.875000,-2268028.000000,1979131.125000,46219.304688,-335116.187500,1150224.375000,815108.187500
ml,p95,855,2026-07-18,2625.622070,10.000000,2084.836670,50.000000,-3.000000,0.000000,-0.000000,0.000000,-312725.500000,2616.333984,50.000000,-4.000000,0.000000,-0.000000,0.000000,-523266.812500,2640.019287,50.000000,-11.000000,0.000000,-0.000000,0.000000,-1452010.625000,-2288003.000000,1979131.125000,46219.304688,-355091.187500,1192611.375000,837520.187500
ml,p95,855,2026-07-19,2586.797119,10.000000,2084.836670,50.000000,-3.000000,0.000000,-0.000000,0.000000,-312725.500000,2558.989502,50.000000,-4.000000,0.000000,-0.000000,0.000000,-511797.906250,2582.326172,50.000000,-11.000000,0.000000,-0.000000,0.000000,-1420279.375000,-2244802.750000,1979131.125000,46219.304688,-311890.937500,1150468.250000,838577.312500
ml,p95,855,2026-07-20,2629.813232,10.000000,2084.836670,50.000000,0.000000,3.000000,-312725.500000,156.362762,0.000000,2637.255127,50.000000,-2.000000,2.000000,-263725.500000,131.862747,-263725.500000,2660.027100,50.000000,-7.000000,4.000000,-532005.437500,266.002716,-931009.500000,-1194735.000000,870674.625000,46773.531250,-370833.906250,1197045.000000,826211.125000
ml,p95,855,2026-07-21,2644.779541,10.000000,2084.836670,50.000000,-3.000000,-3.000000,312725.500000,156.362762,-312725.500000,2673.835205,50.000000,-5.000000,-3.000000,401075.281250,200.537628,-668458.812500,2698.394775,50.000000,-5.000000,2.000000,-269839.468750,134.919739,-674598.687500,-1655783.000000,1314636.000000,47265.351562,-388412.343750,1211595.500000,823183.125000
ml,p95,855,2026-07-22,2673.853271,10.000000,2084.836670,50.000000,0.000000,3.000000,-312725.500000,156.362762,0.000000,2683.462158,50.000000,-3.000000,2.000000,-268346.218750,134.173111,-402519.343750,2709.755859,50.000000,-3.000000,2.000000,-270975.593750,135.487793,-406463.375000,-808982.750000,462588.625000,47691.375000,-394085.500000,1236578.750000,842493.250000
ml,p95,855,2026-07-23,2675.409180,10.000000,2084.836670,50.000000,-3.000000,-3.000000,312725.500000,156.362762,-312725.500000,2682.120361,50.000000,-1.000000,2.000000,-268212.031250,134.106003,-134106.015625,2711.409424,50.000000,-11.000000,-8.000000,1084563.750000,542.281860,-1491275.250000,-1938106.750000,1591665.875000,48524.125000,-394965.000000,1237501.000000,842536.000000
ml,p95,855,2026-07-24,2691.422607,10.000000,2084.836670,50.000000,0.000000,3.000000,-312725.500000,156.362762,0.000000,2685.529541,50.000000,-4.000000,-3.000000,402829.437500,201.414734,-537105.937500,2715.162842,50.000000,-7.000000,4.000000,-543032.562500,271.516266,-950307.000000,-1487413.000000,1138737.250000,49153.417969,-397829.156250,1247706.375000,849877.250000
ml,p95,855,2026-07-25,2681.020752,10.000000,2084.836670,50.000000,0.000000,0.000000,-0.000000,0.000000,0.000000,2711.043213,50.000000,-4.000000,0.000000,-0.000000,0.000000,-542208.625000,2739.278076,50.000000,-7.000000,0.000000,-0.000000,0.000000,-958747.375000,-1500956.000000,1138737.250000,49153.417969,-411372.156250,1241839.875000,830467.750000
ml,p95,855,2026-07-26,2625.996338,10.000000,2084.836670,50.000000,0.000000,0.000000,-0.000000,0.000000,0.000000,2646.977539,50.000000,-4.000000,0.000000,-0.000000,0.000000,-529395.500000,2678.208984,50.000000,-7.000000,0.000000,-0.000000,0.000000,-937373.125000,-1466768.625000,1138737.250000,49153.417969,-377184.781250,1211859.000000,834674.250000
ml,p95,855,2026-07-27,2624.022461,10.000000,2084.836670,50.000000,-3.000000,-3.000000,312725.500000,156.362762,-312725.500000,2630.100342,50.000000,-2.000000,2.000000,-263010.031250,131.505005,-263010.031250,2663.763428,50.000000,-3.000000,4.000000,-532752.687500,266.376343,-399564.500000,-975300.000000,655700.000000,49707.664062,-369307.656250,1210614.000000,841306.375000
ml,p95,855,2026-07-28,2553.203857,10.000000,2084.836670,50.000000,0.000000,3.000000,-312725.500000,156.362762,0.000000,2543.207520,50.000000,0.000000,2.000000,-254320.750000,127.160370,0.000000,2576.286133,50.000000,-1.000000,2.000000,-257628.609375,128.814301,-128814.304688,-128814.304688,-168974.859375,50120.000000,-347909.156250,1179722.250000,831813.125000
ml,p95,855,2026-07-29,2538.270508,10.000000,2084.836670,50.000000,-3.000000,-3.000000,312725.500000,156.362762,-312725.500000,2547.798584,50.000000,-3.000000,-3.000000,382169.781250,191.084885,-382169.781250,2579.738770,50.000000,-9.000000,-8.000000,1031895.500000,515.947754,-1160882.375000,-1855777.625000,1557816.000000,50983.390625,-348945.000000,1174845.000000,825900.000000
ml,p95,855,2026-07-30,2472.176758,10.000000,2084.836670,50.000000,0.000000,3.000000,-312725.500000,156.362762,0.000000,2547.798584,50.000000,0.000000,3.000000,-382169.781250,191.084885,0.000000,2507.649414,50.000000,-5.000000,4.000000,-501529.875000,250.764938,-626912.375000,-626912.375000,361390.750000,51581.609375,-317103.250000,1160519.250000,843416.000000
ml,p95,855,2026-07-31,2483.907959,10.000000,2084.836670,50.000000,-3.000000,-3.000000,312725.500000,156.362762,-312725.500000,2547.798584,50.000000,-3.000000,-3.000000,382169.781250,191.084885,-382169.781250,2522.739258,50.000000,-3.000000,2.000000,-252273.921875,126.136963,-378410.875000,-1073306.125000,804012.125000,52055.191406,-321349.187500,1161906.375000,840557.187500
ml,p95,855,2026-08-01,2482.752197,10.000000,2084.836670,50.000000,-3.000000,0.000000,-0.000000,0.000000,-312725.500000,2547.798584,50.000000,-3.000000,0.000000,-0.000000,0.000000,-382169.781250,2501.629395,50.000000,-3.000000,0.000000,-0.000000,0.000000,-375244.406250,-1070139.625000,804012.125000,52055.191406,-318182.687500,1162019.750000,843837.062500
ml,p95,855,2026-08-02,2499.302002,10.000000,2084.836670,50.000000,-3.000000,0.000000,-0.000000,0.000000,-312725.500000,2547.798584,50.000000,-3.000000,0.000000,-0.000000,0.000000,-382169.781250,2535.142578,50.000000,-3.000000,0.000000,-0.000000,0.000000,-380271.375000,-1075166.625000,804012.125000,52055.191406,-323209.687500,1162145.625000,838935.937500
ml,p95,855,2026-08-03,2499.931152,10.000000,2084.836670,50.000000,0.000000,3.000000,-312725.500000,156.362762,0.000000,2547.798584,50.000000,0.000000,3.000000,-382169.781250,191.084885,0.000000,2520.949219,50.000000,-1.000000,2.000000,-252094.921875,126.047462,-126047.460938,-126047.460938,-142978.078125,52528.687500,-321554.218750,1162266.375000,840712.125000
ml,p95,855,2026-08-04,2483.931396,10.000000,2084.836670,50.000000,-3.000000,-3.000000,312725.500000,156.362762,-312725.500000,2547.798584,50.000000,-3.000000,-3.000000,382169.781250,191.084885,-382169.781250,2509.802979,50.000000,-4.000000,-3.000000,376470.468750,188.235229,-501960.593750,-1196855.875000,928387.687500,53064.371094,-321532.562500,1162387.375000,840854.812500
ml,p95,855,2026-08-05,2507.730957,10.000000,2084.836670,50.000000,0.000000,3.000000,-312725.500000,156.362762,0.000000,2547.798584,50.000000,0.000000,3.000000,-382169.781250,191.084885,0.000000,2539.536865,50.000000,-2.000000,2.000000,-253953.687500,126.976845,-253953.687500,-253953.687500,-20461.296875,53538.796875,-327953.812500,1162511.000000,834557.187500
ml,p95,855,2026-08-06,2481.163818,10.000000,2084.836670,50.000000,-3.000000,-3.000000,312725.500000,156.362762,-312725.500000,2547.798584,50.000000,-3.000000,-3.000000,382169.781250,191.084885,-382169.781250,2499.884277,50.000000,-5.000000,-3.000000,374982.656250,187.491318,-624971.125000,-1319866.375000,1049416.625000,54073.734375,-324523.500000,1162511.000000,837987.500000
ml,p95,855,2026-08-07,2549.640137,10.000000,2084.836670,50.000000,0.000000,3.000000,-312725.500000,156.362762,0.000000,2547.798584,50.000000,0.000000,3.000000,-382169.781250,191.084885,0.000000,2577.554932,50.000000,-3.000000,2.000000,-257755.500000,128.877747,-386633.250000,-386633.250000,96765.859375,54550.058594,-344417.437500,1162511.000000,818093.562500
ml,p95,855,2026-08-08,2548.452637,10.000000,2084.836670,50.000000,0.000000,0.000000,-0.000000,0.000000,0.000000,2547.798584,50.000000,0.000000,0.000000,-0.000000,0.000000,0.000000,2545.140137,50.000000,-3.000000,0.000000,-0.000000,0.000000,-381771.031250,-381771.031250,96765.859375,54550.058594,-339555.250000,1162511.000000,822955.750000
ml,p95,855,2026-08-09,2516.097412,10.000000,2084.836670,50.000000,0.000000,0.000000,-0.000000,0.000000,0.000000,2547.798584,50.000000,0.000000,0.000000,-0.000000,0.000000,0.000000,2523.868652,50.000000,-3.000000,0.000000,-0.000000,0.000000,-378580.312500,-378580.312500,96765.859375,54550.058594,-336364.500000,1162511.000000,826146.500000
ml,p95,855,2026-08-10,2561.061279,10.000000,2084.836670,50.000000,-3.000000,-3.000000,312725.500000,156.362762,-312725.500000,2547.798584,50.000000,-3.000000,-3.000000,382169.781250,191.084885,-382169.781250,2589.736572,50.000000,-1.000000,2.000000,-258973.656250,129.486816,-129486.828125,-824382.062500,532687.500000,55026.992188,-346721.562500,1162511.000000,815789.437500
ml,p95,855,2026-08-11,2540.236816,10.000000,2084.836670,50.000000,0.000000,3.000000,-312725.500000,156.362762,0.000000,2547.798584,50.000000,0.000000,3.000000,-382169.781250,191.084885,0.000000,2563.331787,50.000000,-4.000000,-3.000000,384499.750000,192.249878,-512666.343750,-512666.343750,222291.953125,55566.687500,-345941.062500,1162511.000000,816569.937500
ml,p95,855,2026-08-12,2664.889893,10.000000,2084.836670,50.000000,-3.000000,-3.000000,312725.500000,156.362762,-312725.500000,2547.798584,50.000000,-3.000000,-3.000000,382169.781250,191.084885,-382169.781250,2691.491211,50.000000,-2.000000,2.000000,-269149.125000,134.574554,-269149.125000,-964044.375000,648038.125000,56048.710938,-372054.968750,1162511.000000,790456.000000
ml,p95,855,2026-08-13,2685.587158,10.000000,2084.836670,50.000000,0.000000,3.000000,-312725.500000,156.362762,0.000000,2547.798584,50.000000,0.000000,3.000000,-382169.781250,191.084885,0.000000,2687.614746,50.000000,-5.000000,-3.000000,403142.218750,201.571106,-671903.687500,-671903.687500,356285.062500,56597.730469,-372216.343750,1162511.000000,790294.625000
ml,p95,855,2026-08-14,2652.884521,10.000000,2084.836670,50.000000,-3.000000,-3.000000,312725.500000,156.362762,-312725.500000,2547.798584,50.000000,-3.000000,-3.000000,382169.781250,191.084885,-382169.781250,2658.017334,50.000000,-3.000000,2.000000,-265801.718750,132.900864,-398702.593750,-1093597.875000,785378.625000,57078.082031,-365297.343750,1162511.000000,797213.625000
ml,p95,855,2026-08-15,2614.631348,10.000000,2084.836670,50.000000,-3.000000,0.000000,-0.000000,0.000000,-312725.500000,2547.798584,50.000000,-3.000000,0.000000,-0.000000,0.000000,-382169.781250,2617.503906,50.000000,-3.000000,0.000000,-0.000000,0.000000,-392625.593750,-1087520.875000,785378.625000,57078.082031,-359220.343750,1162511.000000,803290.625000
ml,p95,855,2026-08-16,2660.217529,10.000000,2084.836670,50.000000,-3.000000,0.000000,-0.000000,0.000000,-312725.500000,2547.798584,50.000000,-3.000000,0.000000,-0.000000,0.000000,-382169.781250,2710.586182,50.000000,-3.000000,0.000000,-0.000000,0.000000,-406587.937500,-1101483.250000,785378.625000,57078.082031,-373182.718750,1162511.000000,789328.250000
ml,p95,855,2026-08-17,2649.252686,10.000000,2084.836670,50.000000,0.000000,3.000000,-312725.500000,156.362762,0.000000,2547.798584,50.000000,0.000000,3.000000,-382169.781250,191.084885,0.000000,2697.559814,50.000000,-1.000000,2.000000,-269755.968750,134.877991,-134877.984375,-134877.984375,-179272.640625,57560.406250,-371711.031250,1162511.000000,790800.000000
ml,p95,855,2026-08-18,2657.279053,10.000000,2084.836670,50.000000,-3.000000,-3.000000,312725.500000,156.362762,-312725.500000,2547.798584,50.000000,-3.000000,-3.000000,382169.781250,191.084885,-382169.781250,2690.192383,50.000000,-4.000000,-3.000000,403528.843750,201.764435,-538038.500000,-1232933.750000,919151.500000,58109.617188,-371891.875000,1162511.000000,790619.125000
ml,p95,855,2026-08-19,2642.477783,10.000000,2084.836670,50.000000,0.000000,3.000000,-312725.500000,156.362762,0.000000,2547.798584,50.000000,0.000000,3.000000,-382169.781250,191.084885,0.000000,2666.300293,50.000000,-2.000000,2.000000,-266630.031250,133.315002,-266630.031250,-266630.031250,-42373.828125,58590.378906,-367594.250000,1162511.000000,794916.750000
ml,p95,855,2026-08-20,2636.406250,10.000000,2084.836670,50.000000,-3.000000,-3.000000,312725.500000,156.362762,-312725.500000,2547.798584,50.000000,-3.000000,-3.000000,382169.781250,191.084885,-382169.781250,2650.986816,50.000000,-5.000000,-3.000000,397648.031250,198.824020,-662746.687500,-1357642.000000,1050169.500000,59136.652344,-366609.156250,1162511.000000,795901.875000
ml,p95,855,2026-08-21,2616.604492,10.000000,2084.836670,50.000000,0.000000,3.000000,-312725.500000,156.362762,0.000000,2547.798584,50.000000,0.000000,3.000000,-382169.781250,191.084885,0.000000,2620.634521,50.000000,-3.000000,2.000000,-262063.453125,131.031723,-393095.156250,-393095.156250,93210.750000,59615.128906,-359499.531250,1162511.000000,803011.500000
ml,p95,855,2026-08-22,2573.108643,10.000000,2084.836670,50.000000,0.000000,0.000000,-0.000000,0.000000,0.000000,2547.798584,50.000000,0.000000,0.000000,-0.000000,0.000000,0.000000,2608.682373,50.000000,-3.000000,0.000000,-0.000000,0.000000,-391302.343750,-391302.343750,93210.750000,59615.128906,-357706.718750,1162511.000000,804804.250000
ml,p95,855,2026-08-23,2609.110107,10.000000,2084.836670,50.000000,0.000000,0.000000,-0.000000,0.000000,0.000000,2547.798584,50.000000,0.000000,0.000000,-0.000000,0.000000,0.000000,2651.964355,50.000000,-3.000000,0.000000,-0.000000,0.000000,-397794.656250,-397794.656250,93210.750000,59615.128906,-364199.031250,1162511.000000,798312.000000
ml,p95,855,2026-08-24,2610.211426,10.000000,2084.836670,50.000000,-3.000000,-3.000000,312725.500000,156.362762,-312725.500000,2547.798584,50.000000,-3.000000,-3.000000,382169.781250,191.084885,-382169.781250,2647.385254,50.000000,-1.000000,2.000000,-264738.531250,132.369263,-132369.265625,-827264.500000,523367.500000,60094.953125,-363991.937500,1162511.000000,798519.062500
ml,p95,855,2026-08-25,2643.100098,10.000000,2084.836670,50.000000,0.000000,3.000000,-312725.500000,156.362762,0.000000,2547.798584,50.000000,0.000000,3.000000,-382169.781250,191.084885,0.000000,2680.963623,50.000000,-4.000000,-3.000000,402144.531250,201.072281,-536192.750000,-536192.750000,230616.765625,60643.468750,-366219.468750,1162511.000000,796291.500000
ml,p95,855,2026-08-26,2642.283691,10.000000,2084.836670,50.000000,-3.000000,-3.000000,312725.500000,156.362762,-312725.500000,2547.798584,50.000000,-3.000000,-3.000000,382169.781250,191.084885,-382169.781250,2687.493652,50.000000,-2.000000,2.000000,-268749.375000,134.374680,-268749.375000,-963644.625000,656762.687500,61125.289062,-368007.218750,1162511.000000,794503.750000
ml,p95,855,2026-08-27,2637.624756,10.000000,2084.836670,50.000000,0.000000,3.000000,-312725.500000,156.362762,0.000000,2547.798584,50.000000,0.000000,3.000000,-382169.781250,191.084885,0.000000,2694.451904,50.000000,-5.000000,-3.000000,404167.781250,202.083893,-673613.000000,-673613.000000,366035.125000,61674.820312,-369252.687500,1162511.000000,793258.312500
ml,p95,855,2026-08-28,2647.657715,10.000000,2084.836670,50.000000,-3.000000,-3.000000,312725.500000,156.362762,-312725.500000,2547.798584,50.000000,-3.000000,-3.000000,382169.781250,191.084885,-382169.781250,2678.164795,50.000000,-2.000000,3.000000,-401724.718750,200.862350,-267816.468750,-962711.750000,659205.750000,62223.132812,-365729.125000,1162511.000000,796781.875000
ml,p95,855,2026-08-29,2616.505859,10.000000,2084.836670,50.000000,-3.000000,0.000000,-0.000000,0.000000,-312725.500000,2547.798584,50.000000,-3.000000,0.000000,-0.000000,0.000000,-382169.781250,2633.458008,50.000000,-2.000000,0.000000,-0.000000,0.000000,-263345.812500,-958241.062500,659205.750000,62223.132812,-361258.437500,1162511.000000,801252.562500
ml,p95,855,2026-08-30,2698.611572,10.000000,2084.836670,50.000000,-3.000000,0.000000,-0.000000,0.000000,-312725.500000,2547.798584,50.000000,-3.000000,0.000000,-0.000000,0.000000,-382169.781250,2725.593506,50.000000,-2.000000,0.000000,-0.000000,0.000000,-272559.343750,-967454.625000,659205.750000,62223.132812,-370472.000000,1162511.000000,792039.000000
ml,p95,855,2026-08-31,2719.040527,10.000000,2084.836670,50.000000,0.000000,3.000000,-312725.500000,156.362762,0.000000,2547.798584,50.000000,0.000000,3.000000,-382169.781250,191.084885,0.000000,2715.287842,50.000000,-5.000000,-3.000000,407293.156250,203.646576,-678822.000000,-678822.000000,371603.562500,62774.226562,-369992.656250,1162511.000000,792518.375000
ml,p95,855,2026-09-01,2697.386719,10.000000,2084.836670,50.000000,-3.000000,-3.000000,312725.500000,156.362762,-312725.500000,2547.798584,50.000000,-3.000000,-3.000000,382169.781250,191.084885,-382169.781250,2716.164795,50.000000,-2.000000,3.000000,-407424.718750,203.712341,-271616.468750,-966511.750000,659074.187500,63325.386719,-370762.937500,1162511.000000,791748.062500
ml,p95,855,2026-09-02,2776.302979,10.000000,2084.836670,50.000000,0.000000,3.000000,-312725.500000,156.362762,0.000000,2547.798584,50.000000,0.000000,3.000000,-382169.781250,191.084885,0.000000,2778.255615,50.000000,-5.000000,-3.000000,416738.343750,208.369141,-694563.937500,-694563.937500,380917.187500,63881.203125,-377527.937500,1162511.000000,784983.062500
ml,p95,855,2026-09-03,2717.221924,10.000000,2084.836670,50.000000,-3.000000,-3.000000,312725.500000,156.362762,-312725.500000,2547.798584,50.000000,-3.000000,-3.000000,382169.781250,191.084885,-382169.781250,2739.646240,50.000000,-2.000000,3.000000,-410946.937500,205.473480,-273964.625000,-968859.875000,664865.562500,64434.125000,-368428.437500,1162511.000000,794082.562500
ml,p95,855,2026-09-04,2741.082275,10.000000,2084.836670,50.000000,0.000000,3.000000,-312725.500000,156.362762,0.000000,2547.798584,50.000000,0.000000,3.000000,-382169.781250,191.084885,0.000000,2748.488281,50.000000,-5.000000,-3.000000,412273.250000,206.136597,-687122.062500,-687122.062500,382243.500000,64987.707031,-369866.281250,1162511.000000,792644.750000
ml,p95,855,2026-09-05,2747.854736,10.000000,2084.836670,50.000000,0.000000,0.000000,-0.000000,0.000000,0.000000,2547.798584,50.000000,0.000000,0.000000,-0.000000,0.000000,0.000000,2767.189941,50.000000,-5.000000,0.000000,-0.000000,0.000000,-691797.437500,-691797.437500,382243.500000,64987.707031,-374541.656250,1162511.000000,787969.375000
ml,p95,855,2026-09-06,2667.665283,10.000000,2084.836670,50.000000,0.000000,0.000000,-0.000000,0.000000,0.000000,2547.798584,50.000000,0.000000,0.000000,-0.000000,0.000000,0.000000,2694.851562,50.000000,-5.000000,0.000000,-0.000000,0.000000,-673712.875000,-673712.875000,382243.500000,64987.707031,-356457.093750,1162511.000000,806053.875000
ml,p95,855,2026-09-07,2689.413818,10.000000,2084.836670,50.000000,0.000000,0.000000,-0.000000,0.000000,0.000000,2547.798584,50.000000,0.000000,0.000000,-0.000000,0.000000,0.000000,2719.078369,50.000000,-5.000000,0.000000,-0.000000,0.000000,-679769.562500,-679769.562500,382243.500000,64987.707031,-362513.781250,1162511.000000,799997.250000
ml,p95,855,2026-09-08,2687.900879,10.000000,2084.836670,50.000000,-3.000000,-3.000000,312725.500000,156.362762,-312725.500000,2547.798584,50.000000,-3.000000,-3.000000,382169.781250,191.084885,-382169.781250,2711.462646,50.000000,-2.000000,3.000000,-406719.375000,203.359680,-271146.250000,-966041.500000,670419.437500,65538.515625,-361160.562500,1162511.000000,801350.437500
ml,p95,855,2026-09-09,2715.856689,10.000000,2084.836670,50.000000,0.000000,3.000000,-312725.500000,156.362762,0.000000,2547.798584,50.000000,0.000000,3.000000,-382169.781250,191.084885,0.000000,2753.344238,50.000000,-5.000000,-3.000000,413001.656250,206.500824,-688336.062500,-688336.062500,388525.812500,66092.468750,-365902.718750,1162511.000000,796608.250000
ml,p95,855,2026-09-10,2742.891846,10.000000,2084.836670,50.000000,-3.000000,-3.000000,312725.500000,156.362762,-312725.500000,2547.798584,50.000000,-3.000000,-3.000000,382169.781250,191.084885,-382169.781250,2747.033691,50.000000,-2.000000,3.000000,-412055.062500,206.027527,-274703.375000,-969598.625000,671366.062500,66645.937500,-364878.500000,1162511.000000,797632.500000
ml,p95,855,2026-09-11,2740.832520,10.000000,2084.836670,50.000000,0.000000,3.000000,-312725.500000,156.362762,0.000000,2547.798584,50.000000,0.000000,3.000000,-382169.781250,191.084885,0.000000,2736.541992,50.000000,-5.000000,-3.000000,410481.312500,205.240662,-684135.500000,-684135.500000,386952.062500,67198.625000,-364382.062500,1162511.000000,798128.937500
ml,p95,855,2026-09-12,2759.704346,10.000000,2084.836670,50.000000,0.000000,0.000000,-0.000000,0.000000,0.000000,2547.798584,50.000000,0.000000,0.000000,-0.000000,0.000000,0.000000,2774.782471,50.000000,-5.000000,0.000000,-0.000000,0.000000,-693695.625000,-693695.625000,386952.062500,67198.625000,-373942.187500,1162511.000000,788568.812500
ml,p95,855,2026-09-13,2716.128662,10.000000,2084.836670,50.000000,0.000000,0.000000,-0.000000,0.000000,0.000000,2547.798584,50.000000,0.000000,0.000000,-0.000000,0.000000,0.000000,2735.323730,50.000000,-5.000000,0.000000,-0.000000,0.000000,-683830.937500,-683830.937500,386952.062500,67198.625000,-364077.500000,1162511.000000,798433.500000
ml,p95,855,2026-09-14,2755.806396,10.000000,2084.836670,50.000000,-3.000000,-3.000000,312725.500000,156.362762,-312725.500000,2547.798584,50.000000,-3.000000,-3.000000,382169.781250,191.084885,-382169.781250,2775.959473,50.000000,-3.000000,2.000000,-277595.937500,138.797974,-416393.937500,-1111289.250000,804251.437500,67684.875000,-374722.687500,1162511.000000,787788.312500
ml,p95,855,2026-09-15,2767.443604,10.000000,2084.836670,50.000000,0.000000,3.000000,-312725.500000,156.362762,0.000000,2547.798584,50.000000,0.000000,3.000000,-382169.781250,191.084885,0.000000,2722.128418,50.000000,-1.000000,2.000000,-272212.843750,136.106415,-136106.421875,-136106.421875,-162856.718750,68168.421875,-367131.562500,1162511.000000,795379.437500
ml,p95,855,2026-09-16,2782.932861,10.000000,2084.836670,50.000000,-3.000000,-3.000000,312725.500000,156.362762,-312725.500000,2547.798584,50.000000,-3.000000,-3.000000,382169.781250,191.084885,-382169.781250,2757.809082,50.000000,-4.000000,-3.000000,413671.375000,206.835663,-551561.812500,-1246457.000000,945709.937500,68722.710938,-369469.781250,1162511.000000,793041.250000
ml,p95,855,2026-09-17,2756.094238,10.000000,2084.836670,50.000000,0.000000,3.000000,-312725.500000,156.362762,0.000000,2547.798584,50.000000,0.000000,3.000000,-382169.781250,191.084885,0.000000,2785.094482,50.000000,-2.000000,2.000000,-278509.437500,139.254715,-278509.437500,-278509.437500,-27694.781250,69209.414062,-375413.625000,1162511.000000,787097.375000
ml,p95,855,2026-09-18,2723.953613,10.000000,2084.836670,50.000000,-3.000000,-3.000000,312725.500000,156.362762,-312725.500000,2547.798584,50.000000,-3.000000,-3.000000,382169.781250,191.084885,-382169.781250,2756.416504,50.000000,-5.000000,-3.000000,413462.500000,206.731232,-689104.125000,-1383999.375000,1080663.000000,69763.593750,-373099.968750,1162511.000000,789411.000000
ml,p95,855,2026-09-19,2671.292969,10.000000,2084.836670,50.000000,-3.000000,0.000000,-0.000000,0.000000,-312725.500000,2547.798584,50.000000,-3.000000,0.000000,-0.000000,0.000000,-382169.781250,2672.028809,50.000000,-5.000000,0.000000,-0.000000,0.000000,-668007.250000,-1362902.500000,1080663.000000,69763.593750,-352003.093750,1162511.000000,810507.875000
ml,p95,855,2026-09-20,2671.164307,10.000000,2084.836670,50.000000,-3.000000,0.000000,-0.000000,0.000000,-312725.500000,2547.798584,50.000000,-3.000000,0.000000,-0.000000,0.000000,-382169.781250,2680.800537,50.000000,-5.000000,0.000000,-0.000000,0.000000,-670200.125000,-1365095.375000,1080663.000000,69763.593750,-354195.968750,1162511.000000,808315.000000
ml,p95,855,2026-09-21,2675.456299,10.000000,2084.836670,50.000000,0.000000,3.000000,-312725.500000,156.362762,0.000000,2547.798584,50.000000,0.000000,3.000000,-382169.781250,191.084885,0.000000,2681.533447,50.000000,-2.000000,3.000000,-402230.031250,201.115021,-268153.343750,-268153.343750,-16462.312500,70312.156250,-354927.812500,1162511.000000,807583.187500
ml,p95,855,2026-09-22,2697.286377,10.000000,2084.836670,50.000000,-3.000000,-3.000000,312725.500000,156.362762,-312725.500000,2547.798584,50.000000,-3.000000,-3.000000,382169.781250,191.084885,-382169.781250,2718.339844,50.000000,-5.000000,-3.000000,407750.968750,203.875488,-679584.937500,-1374480.250000,1086184.000000,70863.484375,-359159.750000,1162511.000000,803351.250000
ml,p95,855,2026-09-23,2675.413086,10.000000,2084.836670,50.000000,0.000000,3.000000,-312725.500000,156.362762,0.000000,2547.798584,50.000000,0.000000,3.000000,-382169.781250,191.084885,0.000000,2688.466064,50.000000,-2.000000,3.000000,-403269.937500,201.634949,-268846.593750,-268846.593750,-11981.281250,71412.562500,-352240.437500,1162511.000000,810270.562500
ml,p95,855,2026-09-24,2695.580322,10.000000,2084.836670,50.000000,-3.000000,-3.000000,312725.500000,156.362762,-312725.500000,2547.798584,50.000000,-3.000000,-3.000000,382169.781250,191.084885,-382169.781250,2719.577881,50.000000,-5.000000,-3.000000,407936.656250,203.968323,-679894.500000,-1374789.750000,1090850.750000,71963.976562,-355902.968750,1162511.000000,806608.000000
ml,p95,855,2026-09-25,2747.904541,10.000000,2084.836670,50.000000,0.000000,3.000000,-312725.500000,156.362762,0.000000,2547.798584,50.000000,0.000000,3.000000,-382169.781250,191.084885,0.000000,2766.244629,50.000000,-3.000000,2.000000,-276624.468750,138.312241,-414936.718750,-414936.718750,119330.906250,72449.734375,-368055.562500,1162511.000000,794455.437500
ml,p95,855,2026-09-26,2771.484375,10.000000,2084.836670,50.000000,0.000000,0.000000,-0.000000,0.000000,0.000000,2547.798584,50.000000,0.000000,0.000000,-0.000000,0.000000,0.000000,2788.750732,50.000000,-3.000000,0.000000,-0.000000,0.000000,-418312.593750,-418312.593750,119330.906250,72449.734375,-371431.437500,1162511.000000,791079.562500
ml,p95,855,2026-09-27,2794.970947,10.000000,2084.836670,50.000000,0.000000,0.000000,-0.000000,0.000000,0.000000,2547.798584,50.000000,0.000000,0.000000,-0.000000,0.000000,0.000000,2795.984131,50.000000,-3.000000,0.000000,-0.000000,0.000000,-419397.593750,-419397.593750,119330.906250,72449.734375,-372516.437500,1162511.000000,789994.562500
ml,p95,855,2026-09-28,2778.230957,10.000000,2084.836670,50.000000,-3.000000,-3.000000,312725.500000,156.362762,-312725.500000,2547.798584,50.000000,-3.000000,-3.000000,382169.781250,191.084885,-382169.781250,2771.418701,50.000000,-1.000000,2.000000,-277141.875000,138.570938,-138570.937500,-833466.187500,537084.312500,72935.757812,-369317.625000,1162511.000000,793193.375000
ml,p95,855,2026-09-29,2770.677002,10.000000,2084.836670,50.000000,0.000000,3.000000,-312725.500000,156.362762,0.000000,2547.798584,50.000000,0.000000,3.000000,-382169.781250,191.084885,0.000000,2765.555908,50.000000,-4.000000,-3.000000,414833.406250,207.416702,-553111.187500,-553111.187500,257022.453125,73490.617188,-369579.375000,1162511.000000,792931.625000
ml,p95,855,2026-09-30,2742.277100,10.000000,2084.836670,50.000000,-3.000000,-3.000000,312725.500000,156.362762,-312725.500000,2547.798584,50.000000,-3.000000,-3.000000,382169.781250,191.084885,-382169.781250,2720.831055,50.000000,-1.000000,3.000000,-408124.656250,204.062317,-136041.546875,-830936.812500,543793.062500,74042.132812,-361185.875000,1162511.000000,801325.125000
ml,p95,855,2026-10-01,2772.446533,10.000000,2084.836670,50.000000,0.000000,3.000000,-312725.500000,156.362762,0.000000,2547.798584,50.000000,0.000000,3.000000,-382169.781250,191.084885,0.000000,2764.175049,50.000000,-4.000000,-3.000000,414626.281250,207.313110,-552835.000000,-552835.000000,263524.062500,74596.890625,-363907.812500,1162511.000000,798603.187500
ml,p95,855,2026-10-02,2772.471680,10.000000,2084.836670,50.000000,-3.000000,-3.000000,312725.500000,156.362762,-312725.500000,2547.798584,50.000000,-3.000000,-3.000000,382169.781250,191.084885,-382169.781250,2766.811523,50.000000,-2.000000,2.000000,-276681.156250,138.340576,-276681.156250,-971576.375000,681738.187500,75082.679688,-364920.875000,1162511.000000,797590.125000
ml,p95,855,2026-10-03,2768.098145,10.000000,2084.836670,50.000000,-3.000000,0.000000,-0.000000,0.000000,-312725.500000,2547.798584,50.000000,-3.000000,0.000000,-0.000000,0.000000,-382169.781250,2762.833740,50.000000,-2.000000,0.000000,-0.000000,0.000000,-276283.375000,-971178.625000,681738.187500,75082.679688,-364523.125000,1162511.000000,797987.875000
ml,p95,855,2026-10-04,2745.715820,10.000000,2084.836670,50.000000,-3.000000,0.000000,-0.000000,0.000000,-312725.500000,2547.798584,50.000000,-3.000000,0.000000,-0.000000,0.000000,-382169.781250,2741.148926,50.000000,-2.000000,0.000000,-0.000000,0.000000,-274114.906250,-969010.125000,681738.187500,75082.679688,-362354.625000,1162511.000000,800156.375000
ml,p95,855,2026-10-05,2769.193848,10.000000,2084.836670,50.000000,0.000000,3.000000,-312725.500000,156.362762,0.000000,2547.798584,50.000000,0.000000,3.000000,-382169.781250,191.084885,0.000000,2783.096680,50.000000,0.000000,2.000000,-278309.656250,139.154816,0.000000,0.000000,-291466.750000,75569.281250,-367036.031250,1162511.000000,795475.000000
ml,p95,855,2026-10-06,2724.300537,10.000000,2084.836670,50.000000,2.000000,2.000000,-208483.671875,104.241837,208483.671875,2547.798584,50.000000,-3.000000,-3.000000,382169.781250,191.084885,-382169.781250,2753.453369,50.000000,-3.000000,-3.000000,413018.031250,206.509003,-413018.031250,-586704.125000,295237.375000,76071.117188,-367537.875000,1162511.000000,794973.125000
ml,p95,855,2026-10-07,2719.207764,10.000000,2084.836670,50.000000,-1.000000,-3.000000,312725.500000,156.362762,-104241.835938,2547.798584,50.000000,0.000000,3.000000,-382169.781250,191.084885,0.000000,2733.772705,50.000000,0.000000,3.000000,-410065.906250,205.032944,0.000000,-104241.835938,-184272.796875,76623.593750,-365138.218750,1162511.000000,797372.750000
ml,p95,855,2026-10-08,2721.816406,10.000000,2084.836670,50.000000,2.000000,3.000000,-312725.500000,156.362762,208483.671875,2547.798584,50.000000,-3.000000,-3.000000,382169.781250,191.084885,-382169.781250,2739.106689,50.000000,-3.000000,-3.000000,410866.000000,205.432983,-410866.000000,-584552.125000,296037.500000,77176.476562,-365691.093750,1162511.000000,796819.875000
ml,p95,855,2026-10-09,2723.350830,10.000000,2084.836670,50.000000,-1.000000,-3.000000,312725.500000,156.362762,-104241.835938,2547.798584,50.000000,0.000000,3.000000,-382169.781250,191.084885,0.000000,2720.353271,50.000000,0.000000,3.000000,-408052.968750,204.026459,0.000000,-104241.835938,-181459.765625,77727.953125,-363429.562500,1162511.000000,799081.437500
ml,p95,855,2026-10-10,2678.527588,10.000000,2084.836670,50.000000,-1.000000,0.000000,-0.000000,0.000000,-104241.835938,2547.798584,50.000000,0.000000,0.000000,-0.000000,0.000000,0.000000,2721.760986,50.000000,0.000000,0.000000,-0.000000,0.000000,0.000000,-104241.835938,-181459.765625,77727.953125,-363429.562500,1162511.000000,799081.437500
ml,p95,855,2026-10-11,2732.758545,10.000000,2084.836670,50.000000,-1.000000,0.000000,-0.000000,0.000000,-104241.835938,2547.798584,50.000000,0.000000,0.000000,-0.000000,0.000000,0.000000,2756.370361,50.000000,0.000000,0.000000,-0.000000,0.000000,0.000000,-104241.835938,-181459.765625,77727.953125,-363429.562500,1162511.000000,799081.437500
ml,p95,855,2026-10-12,2779.681885,10.000000,2084.836670,50.000000,-1.000000,0.000000,-0.000000,0.000000,-104241.835938,2547.798584,50.000000,0.000000,0.000000,-0.000000,0.000000,0.000000,2821.295898,50.000000,0.000000,0.000000,-0.000000,0.000000,0.000000,-104241.835938,-181459.765625,77727.953125,-363429.562500,1162511.000000,799081.437500
ml,p95,855,2026-10-13,2791.519775,10.000000,2084.836670,50.000000,2.000000,3.000000,-312725.500000,156.362762,208483.671875,2547.798584,50.000000,-3.000000,-3.000000,382169.781250,191.084885,-382169.781250,2825.101807,50.000000,-3.000000,-3.000000,423765.281250,211.882645,-423765.281250,-597451.375000,311749.812500,78287.281250,-363988.843750,1162511.000000,798522.125000
ml,p95,855,2026-10-14,2817.997559,10.000000,2084.836670,50.000000,-1.000000,-3.000000,312725.500000,156.362762,-104241.835938,2547.798584,50.000000,0.000000,3.000000,-382169.781250,191.084885,0.000000,2839.376221,50.000000,-1.000000,2.000000,-283937.625000,141.968811,-141968.812500,-246210.656250,-41632.109375,78776.703125,-366619.437500,1162511.000000,795891.562500
ml,p95,855,2026-10-15,2849.774414,10.000000,2084.836670,50.000000,2.000000,3.000000,-312725.500000,156.362762,208483.671875,2547.798584,50.000000,-3.000000,-3.000000,382169.781250,191.084885,-382169.781250,2856.927979,50.000000,-4.000000,-3.000000,428539.218750,214.269592,-571385.625000,-745071.750000,456351.375000,79338.414062,-368058.781250,1162511.000000,794452.250000
ml,p95,855,2026-10-16,2830.844727,10.000000,2084.836670,50.000000,-1.000000,-3.000000,312725.500000,156.362762,-104241.835938,2547.798584,50.000000,0.000000,3.000000,-382169.781250,191.084885,0.000000,2821.485352,50.000000,-1.000000,3.000000,-423222.812500,211.611389,-141074.265625,-245316.093750,-36315.703125,79897.468750,-361529.281250,1162511.000000,800981.750000
ml,p95,855,2026-10-17,2804.901367,10.000000,2084.836670,50.000000,-1.000000,0.000000,-0.000000,0.000000,-104241.835938,2547.798584,50.000000,0.000000,0.000000,-0.000000,0.000000,0.000000,2803.355469,50.000000,-1.000000,0.000000,-0.000000,0.000000,-140167.781250,-244409.625000,-36315.703125,79897.468750,-360622.781250,1162511.000000,801888.250000
ml,p95,855,2026-10-18,2787.833740,10.000000,2084.836670,50.000000,-1.000000,0.000000,-0.000000,0.000000,-104241.835938,2547.798584,50.000000,0.000000,0.000000,-0.000000,0.000000,0.000000,2801.528076,50.000000,-1.000000,0.000000,-0.000000,0.000000,-140076.406250,-244318.250000,-36315.703125,79897.468750,-360531.406250,1162511.000000,801979.625000
ml,p95,855,2026-10-19,2764.744873,10.000000,2084.836670,50.000000,2.000000,3.000000,-312725.500000,156.362762,208483.671875,2547.798584,50.000000,-3.000000,-3.000000,382169.781250,191.084885,-382169.781250,2790.612061,50.000000,2.000000,3.000000,-418591.812500,209.295914,279061.218750,105375.109375,-385463.250000,80454.218750,-360542.343750,1162511.000000,801968.625000
ml,p95,855,2026-10-20,2783.276367,10.000000,2084.836670,50.000000,-1.000000,-3.000000,312725.500000,156.362762,-104241.835938,2547.798584,50.000000,0.000000,3.000000,-382169.781250,191.084885,0.000000,2786.098145,50.000000,-1.000000,-3.000000,417914.750000,208.957352,-139304.906250,-243546.750000,-36992.765625,81010.625000,-361550.125000,1162511.000000,800960.875000
ml,p95,855,2026-10-21,2802.580566,10.000000,2084.836670,50.000000,2.000000,3.000000,-312725.500000,156.362762,208483.671875,2547.798584,50.000000,-3.000000,-3.000000,382169.781250,191.084885,-382169.781250,2805.943115,50.000000,1.000000,2.000000,-280594.312500,140.297150,140297.156250,-33388.953125,-248142.812500,81498.367188,-363030.125000,1162511.000000,799480.875000
ml,p95,855,2026-10-22,2820.032715,10.000000,2084.836670,50.000000,-1.000000,-3.000000,312725.500000,156.362762,-104241.835938,2547.798584,50.000000,0.000000,3.000000,-382169.781250,191.084885,0.000000,2783.575928,50.000000,-2.000000,-3.000000,417536.375000,208.768204,-278357.593750,-382599.437500,99949.296875,82054.578125,-364704.687500,1162511.000000,797806.312500
ml,p95,855,2026-10-23,2827.747070,10.000000,2084.836670,50.000000,2.000000,3.000000,-312725.500000,156.362762,208483.671875,2547.798584,50.000000,-3.000000,-3.000000,382169.781250,191.084885,-382169.781250,2807.994141,50.000000,1.000000,3.000000,-421199.125000,210.599548,140399.703125,-33286.406250,-251805.562500,82612.632812,-367704.593750,1162511.000000,794806.375000
ml,p95,855,2026-10-24,2806.854736,10.000000,2084.836670,50.000000,2.000000,0.000000,-0.000000,0.000000,208483.671875,2547.798584,50.000000,-3.000000,0.000000,-0.000000,0.000000,-382169.781250,2811.995117,50.000000,1.000000,0.000000,-0.000000,0.000000,140599.750000,-33086.359375,-251805.562500,82612.632812,-367504.562500,1162511.000000,795006.437500
ml,p95,855,2026-10-25,2825.641602,10.000000,2084.836670,50.000000,2.000000,0.000000,-0.000000,0.000000,208483.671875,2547.798584,50.000000,-3.000000,0.000000,-0.000000,0.000000,-382169.781250,2826.628174,50.000000,1.000000,0.000000,-0.000000,0.000000,141331.406250,-32354.703125,-251805.562500,82612.632812,-366772.875000,1162511.000000,795738.125000
ml,p95,855,2026-10-26,2812.453369,10.000000,2084.836670,50.000000,-1.000000,-3.000000,312725.500000,156.362762,-104241.835938,2547.798584,50.000000,0.000000,3.000000,-382169.781250,191.084885,0.000000,2817.833984,50.000000,-2.000000,-3.000000,422675.093750,211.337540,-281783.406250,-386025.250000,101425.265625,83171.421875,-367771.437500,1162511.000000,794739.562500
ml,p95,855,2026-10-27,2791.716797,10.000000,2084.836670,50.000000,2.000000,3.000000,-312725.500000,156.362762,208483.671875,2547.798584,50.000000,-3.000000,-3.000000,382169.781250,191.084885,-382169.781250,2810.634277,50.000000,1.000000,3.000000,-421595.125000,210.797577,140531.718750,-33154.390625,-250725.562500,83729.656250,-367609.593750,1162511.000000,794901.375000
ml,p95,855,2026-10-28,2759.385742,10.000000,2084.836670,50.000000,-1.000000,-3.000000,312725.500000,156.362762,-104241.835938,2547.798584,50.000000,0.000000,3.000000,-382169.781250,191.084885,0.000000,2745.827881,50.000000,-2.000000,-3.000000,411874.156250,205.937073,-274582.781250,-378824.625000,91704.296875,84283.046875,-371403.375000,1162511.000000,791107.625000
ml,p95,855,2026-10-29,2749.700195,10.000000,2084.836670,50.000000,0.000000,1.000000,-104241.835938,52.120918,0.000000,2547.798584,50.000000,0.000000,0.000000,-0.000000,0.000000,0.000000,2737.755371,50.000000,0.000000,2.000000,-273775.531250,136.887756,0.000000,0.000000,-286313.062500,84472.054688,-370785.125000,1162511.000000,791725.875000
ml,p95,855,2026-10-30,2726.461426,10.000000,2084.836670,50.000000,0.000000,0.000000,-0.000000,0.000000,0.000000,2547.798584,50.000000,0.000000,0.000000,-0.000000,0.000000,0.000000,2737.755371,50.000000,0.000000,0.000000,-0.000000,0.000000,0.000000,0.000000,-286313.062500,84472.054688,-370785.125000,1162511.000000,791725.875000
ml,best,366,2026-04-10,2055.000244,10.000000,2026.171509,50.000000,-3.000000,-3.000000,303925.718750,151.962860,-303925.718750,2047.068848,50.000000,-3.000000,-3.000000,307060.312500,153.530151,-307060.312500,2070.749756,50.000000,-7.000000,-7.000000,724762.375000,362.381195,-724762.375000,-1335748.375000,1335748.375000,667.874207,-667.874207,4854.181641,4186.307617
ml,best,366,2026-04-11,2052.935791,10.000000,2030.951294,50.000000,-3.000000,0.000000,-0.000000,0.000000,-304642.687500,2050.106689,50.000000,-3.000000,0.000000,-0.000000,0.000000,-307516.000000,2072.135498,50.000000,-7.000000,0.000000,-0.000000,0.000000,-725247.437500,-1337406.125000,1335748.375000,667.874207,-2325.624268,-689.464722,-3015.088867
ml,best,366,2026-04-12,2065.181152,10.000000,2044.003906,50.000000,-3.000000,0.000000,-0.000000,0.000000,-306600.593750,2066.468262,50.000000,-3.000000,0.000000,-0.000000,0.000000,-309970.250000,2090.094971,50.000000,-7.000000,0.000000,-0.000000,0.000000,-731533.250000,-1348104.125000,1335748.375000,667.874207,-13023.624023,21594.300781,8570.676758
ml,best,366,2026-04-13,2054.001953,10.000000,2035.732422,50.000000,-1.000000,2.000000,-203573.250000,101.786621,-101786.625000,2059.213135,50.000000,-11.000000,-8.000000,823685.250000,411.842621,-1132567.250000,2084.794678,50.000000,-3.000000,4.000000,-416958.937500,208.479477,-312719.187500,-1547073.000000,1538901.500000,1389.982910,-9561.482422,-7584.478516,-17145.960938
ml,best,366,2026-04-14,2063.853027,10.000000,2044.586304,50.000000,-9.000000,-8.000000,817834.500000,408.917236,-920063.875000,2067.177246,50.000000,-7.000000,4.000000,-413435.437500,206.717712,-723512.000000,2092.009033,50.000000,-11.000000,-8.000000,836803.625000,418.401794,-1150605.000000,-2794181.000000,2780104.000000,2424.019531,-16501.019531,26339.847656,9838.828125
ml,best,366,2026-04-15,2040.058350,10.000000,2033.217163,50.000000,-6.000000,3.000000,-304982.562500,152.491287,-609965.125000,2054.571533,50.000000,-3.000000,4.000000,-410914.312500,205.457138,-308185.750000,2078.549072,50.000000,-8.000000,3.000000,-311782.375000,155.891174,-831419.625000,-1749570.500000,1752424.875000,2937.859375,-83.484375,-30171.214844,-30254.699219
ml,best,366,2026-04-16,2033.448486,10.000000,2017.393311,50.000000,-3.000000,3.000000,-302609.000000,151.304489,-302609.000000,2037.312012,50.000000,-1.000000,2.000000,-203731.203125,101.865601,-101865.601562,2060.710205,50.000000,-5.000000,3.000000,-309106.531250,154.553253,-515177.531250,-919652.125000,936978.125000,3345.582520,13980.417969,-45775.253906,-31794.835938
ml,best,366,2026-04-17,1975.194824,10.000000,1960.356079,50.000000,0.000000,3.000000,-294053.406250,147.026703,0.000000,1982.632324,50.000000,-9.000000,-8.000000,793052.937500,396.526459,-892184.562500,2007.459595,50.000000,-2.000000,3.000000,-301118.937500,150.559448,-200745.953125,-1092930.500000,1134858.750000,4039.695312,37888.554688,-185667.140625,-147778.593750
ml,best,366,2026-04-18,1951.109985,10.000000,1949.122559,50.000000,0.000000,0.000000,-0.000000,0.000000,0.000000,1972.996216,50.000000,-9.000000,0.000000,-0.000000,0.000000,-887848.312500,1998.712646,50.000000,-2.000000,0.000000,-0.000000,0.000000,-199871.265625,-1087719.625000,1134858.750000,4039.695312,43099.429688,-239919.046875,-196819.625000
ml,best,366,2026-04-19,1952.045288,10.000000,1963.390259,50.000000,0.000000,0.000000,-0.000000,0.000000,0.000000,1988.061401,50.000000,-9.000000,0.000000,-0.000000,0.000000,-894627.625000,2015.413208,50.000000,-2.000000,0.000000,-0.000000,0.000000,-201541.328125,-1096169.000000,1134858.750000,4039.695312,34650.054688,-237200.171875,-202550.125000
ml,best,366,2026-04-20,1918.169067,10.000000,1931.318604,50.000000,-3.000000,-3.000000,289697.812500,144.848892,-289697.812500,1954.025269,50.000000,-6.000000,3.000000,-293103.781250,146.551895,-586207.562500,1980.406250,50.000000,-10.000000,-8.000000,792162.500000,396.081238,-990203.125000,-1866108.500000,1923615.250000,4727.177246,52779.574219,-318169.437500,-265389.875000
ml,best,366,2026-04-21,1921.431641,10.000000,1920.276611,50.000000,0.000000,3.000000,-288041.500000,144.020737,0.000000,1944.495972,50.000000,-3.000000,3.000000,-291674.375000,145.837204,-291674.375000,1970.982300,50.000000,-7.000000,3.000000,-295647.343750,147.823669,-689843.812500,-981518.187500,1048252.062500,5164.858887,61569.015625,-301559.781250,-239990.765625
ml,best,366,2026-04-22,1976.461060,10.000000,1955.659302,50.000000,-3.000000,-3.000000,293348.906250,146.674454,-293348.906250,1981.447388,50.000000,-1.000000,2.000000,-198144.734375,99.072365,-99072.367188,2009.312134,50.000000,-4.000000,3.000000,-301396.812500,150.698410,-401862.437500,-794283.750000,842059.437500,5561.304199,42214.382812,-160952.734375,-118738.351562
ml,best,366,2026-04-23,2041.286377,10.000000,2067.241211,50.000000,-1.000000,2.000000,-206724.125000,103.362061,-103362.062500,2092.339600,50.000000,-4.000000,-3.000000,313850.937500,156.925461,-418467.906250,2120.733887,50.000000,-12.000000,-8.000000,848293.562500,424.146790,-1272440.375000,-1794270.375000,1797479.750000,6245.738281,-3036.363281,11623.311523,8586.948242
ml,best,366,2026-04-24,2436.379395,10.000000,2501.243408,50.000000,-9.000000,-8.000000,1000497.375000,500.248688,-1125559.625000,2531.195312,50.000000,-12.000000,-8.000000,1012478.125000,506.239044,-1518717.250000,2564.094727,50.000000,-8.000000,4.000000,-512818.937500,256.409454,-1025637.875000,-3669915.000000,3297636.500000,7508.635742,-379787.125000,1000744.625000,620957.500000
ml,best,366,2026-04-25,2387.709961,10.000000,2403.081543,50.000000,-9.000000,0.000000,-0.000000,0.000000,-1081386.750000,2431.636719,50.000000,-12.000000,0.000000,-0.000000,0.000000,-1458982.000000,2462.823975,50.000000,-8.000000,0.000000,-0.000000,0.000000,-985129.562500,-3525498.250000,3297636.500000,7508.635742,-235370.390625,879407.375000,644037.000000
ml,best,366,2026-04-26,2411.932861,10.000000,2440.093018,50.000000,-9.000000,0.000000,-0.000000,0.000000,-1098041.875000,2468.455566,50.000000,-12.000000,0.000000,-0.000000,0.000000,-1481073.375000,2499.487793,50.000000,-8.000000,0.000000,-0.000000,0.000000,-999795.125000,-3578910.500000,3297636.500000,7508.635742,-288782.625000,939416.937500,650634.312500
ml,best,366,2026-04-27,2427.560059,10.000000,2455.056885,50.000000,-5.000000,4.000000,-491011.375000,245.505692,-613764.187500,2481.161865,50.000000,-8.000000,4.000000,-496232.375000,248.116196,-992464.750000,2510.820801,50.000000,-4.000000,4.000000,-502164.156250,251.082062,-502164.156250,-2108393.250000,1808228.500000,8253.339844,-308418.093750,987762.562500,679344.500000
ml,best,366,2026-04-28,2462.694824,10.000000,2473.977539,50.000000,-3.000000,2.000000,-247397.750000,123.698875,-371096.625000,2501.071533,50.000000,-4.000000,4.000000,-500214.312500,250.107147,-500214.312500,2530.326904,50.000000,-12.000000,-8.000000,1012130.750000,506.065399,-1518196.125000,-2389507.000000,2072747.125000,9133.210938,-325893.093750,1081840.625000,755947.500000
ml,best,366,2026-04-29,2456.633301,10.000000,2482.070068,50.000000,0.000000,3.000000,-372310.500000,186.155243,0.000000,2510.158447,50.000000,-12.000000,-8.000000,1004063.375000,502.031677,-1506095.125000,2540.529297,50.000000,-8.000000,4.000000,-508105.875000,254.052948,-1016211.750000,-2522307.000000,2196394.000000,10075.450195,-335988.437500,1072617.250000,736628.812500
ml,best,366,2026-04-30,2473.631836,10.000000,2482.070068,50.000000,-3.000000,-3.000000,372310.500000,186.155243,-372310.500000,2513.149170,50.000000,-8.000000,4.000000,-502629.843750,251.314926,-1005259.687500,2542.920410,50.000000,-4.000000,4.000000,-508584.093750,254.292038,-508584.093750,-1886154.375000,1557490.750000,10767.212891,-339430.843750,1111239.500000,771808.625000
ml,best,366,2026-05-01,2495.711182,10.000000,2482.070068,50.000000,0.000000,3.000000,-372310.500000,186.155243,0.000000,2544.928467,50.000000,-4.000000,4.000000,-508985.687500,254.492844,-508985.687500,2572.889404,50.000000,-12.000000,-8.000000,1029155.750000,514.577881,-1543733.625000,-2052719.250000,1705350.250000,11722.438477,-359091.437500,1161251.750000,802160.312500
ml,best,366,2026-05-02,2501.953857,10.000000,2482.070068,50.000000,0.000000,0.000000,-0.000000,0.000000,0.000000,2537.386475,50.000000,-4.000000,0.000000,-0.000000,0.000000,-507477.281250,2565.490723,50.000000,-12.000000,0.000000,-0.000000,0.000000,-1539294.375000,-2046771.625000,1705350.250000,11722.438477,-353143.812500,1176414.000000,823270.187500
ml,best,366,2026-05-03,2524.007812,10.000000,2482.070068,50.000000,0.000000,0.000000,-0.000000,0.000000,0.000000,2565.665771,50.000000,-4.000000,0.000000,-0.000000,0.000000,-513133.156250,2594.496338,50.000000,-12.000000,0.000000,-0.000000,0.000000,-1556697.875000,-2069831.000000,1705350.250000,11722.438477,-376203.187500,1229007.125000,852803.937500
ml,best,366,2026-05-04,2467.182373,10.000000,2482.070068,50.000000,-3.000000,-3.000000,372310.500000,186.155243,-372310.500000,2514.761230,50.000000,-2.000000,2.000000,-251476.125000,125.738060,-251476.125000,2542.383789,50.000000,-8.000000,4.000000,-508476.750000,254.238373,-1016953.500000,-1640740.125000,1317708.000000,12288.570312,-335320.687500,1077225.625000,741904.937500
ml,best,366,2026-05-05,2488.405518,10.000000,2482.070068,50.000000,0.000000,3.000000,-372310.500000,186.155243,0.000000,2512.695312,50.000000,-10.000000,-8.000000,1005078.125000,502.539032,-1256347.625000,2539.474121,50.000000,-4.000000,4.000000,-507894.812500,253.947388,-507894.812500,-1764242.500000,1442580.750000,13231.212891,-334892.968750,1125838.125000,790945.125000
ml,best,366,2026-05-06,2514.587402,10.000000,2482.070068,50.000000,-3.000000,-3.000000,372310.500000,186.155243,-372310.500000,2515.609863,50.000000,-6.000000,4.000000,-503121.968750,251.560974,-754682.937500,2541.849854,50.000000,-12.000000,-8.000000,1016739.937500,508.369934,-1525110.000000,-2652103.500000,2328509.250000,14177.297852,-337771.562500,1192317.000000,854545.437500
ml,best,366,2026-05-07,2545.990723,10.000000,2482.070068,50.000000,0.000000,3.000000,-372310.500000,186.155243,0.000000,2559.500244,50.000000,-4.000000,2.000000,-255950.031250,127.975006,-511900.062500,2588.901855,50.000000,-8.000000,4.000000,-517780.375000,258.890198,-1035560.750000,-1547460.750000,1182468.250000,14750.318359,-379742.812500,1265715.250000,885972.437500
ml,best,366,2026-05-08,2555.327881,10.000000,2482.070068,50.000000,-3.000000,-3.000000,372310.500000,186.155243,-372310.500000,2582.717285,50.000000,-12.000000,-8.000000,1033086.937500,516.543457,-1549630.375000,2611.310547,50.000000,-4.000000,4.000000,-522262.125000,261.131042,-522262.125000,-2444203.000000,2065603.500000,15714.148438,-394313.656250,1287317.500000,893003.875000
ml,best,366,2026-05-09,2533.443359,10.000000,2482.070068,50.000000,-3.000000,0.000000,-0.000000,0.000000,-372310.500000,2550.376709,50.000000,-12.000000,0.000000,-0.000000,0.000000,-1530226.000000,2578.706055,50.000000,-4.000000,0.000000,-0.000000,0.000000,-515741.218750,-2418277.750000,2065603.500000,15714.148438,-368388.406250,1234247.500000,865859.125000
ml,best,366,2026-05-10,2549.493164,10.000000,2482.070068,50.000000,-3.000000,0.000000,-0.000000,0.000000,-372310.500000,2566.572266,50.000000,-12.000000,0.000000,-0.000000,0.000000,-1539943.375000,2596.502197,50.000000,-4.000000,0.000000,-0.000000,0.000000,-519300.437500,-2431554.250000,2065603.500000,15714.148438,-381664.906250,1274986.375000,893321.500000
ml,best,366,2026-05-11,2541.836182,10.000000,2482.070068,50.000000,0.000000,3.000000,-372310.500000,186.155243,0.000000,2572.836670,50.000000,-8.000000,4.000000,-514567.343750,257.283661,-1029134.687500,2600.906006,50.000000,-12.000000,-8.000000,1040362.375000,520.181213,-1560543.500000,-2589678.250000,2219088.000000,16677.767578,-387268.031250,1252774.250000,865506.250000
ml,best,366,2026-05-12,2537.263672,10.000000,2482.070068,50.000000,-3.000000,-3.000000,372310.500000,186.155243,-372310.500000,2569.794922,50.000000,-4.000000,4.000000,-513959.000000,256.979492,-513959.000000,2602.524170,50.000000,-8.000000,4.000000,-520504.843750,260.252411,-1041009.687500,-1927279.250000,1556934.750000,17381.156250,-387725.656250,1238194.625000,850469.000000
ml,best,366,2026-05-13,2528.485352,10.000000,2482.070068,50.000000,0.000000,3.000000,-372310.500000,186.155243,0.000000,2560.926025,50.000000,-2.000000,2.000000,-256092.609375,128.046295,-256092.609375,2586.745361,50.000000,-4.000000,4.000000,-517349.062500,258.674530,-517349.062500,-773441.687500,411182.625000,17954.031250,-380213.093750,1220493.000000,840279.875000
ml,best,366,2026-05-14,2528.176758,10.000000,2482.070068,50.000000,-3.000000,-3.000000,372310.500000,186.155243,-372310.500000,2571.571533,50.000000,-10.000000,-8.000000,1028628.625000,514.314270,-1285785.750000,2600.012451,50.000000,-12.000000,-8.000000,1040005.000000,520.002502,-1560007.375000,-3218103.500000,2852126.750000,19174.503906,-385151.250000,1219633.000000,834481.750000
ml,best,366,2026-05-15,2565.500488,10.000000,2482.070068,50.000000,0.000000,3.000000,-372310.500000,186.155243,0.000000,2595.307373,50.000000,-6.000000,4.000000,-519061.468750,259.530731,-778592.187500,2623.885498,50.000000,-8.000000,4.000000,-524777.125000,262.388550,-1049554.250000,-1828146.500000,1435977.625000,19882.578125,-412051.437500,1313685.750000,901634.312500
ml,best,366,2026-05-16,2573.697754,10.000000,2482.070068,50.000000,0.000000,0.000000,-0.000000,0.000000,0.000000,2592.057373,50.000000,-6.000000,0.000000,-0.000000,0.000000,-777617.187500,2618.074219,50.000000,-8.000000,0.000000,-0.000000,0.000000,-1047229.687500,-1824846.875000,1435977.625000,19882.578125,-408751.812500,1336603.875000,927852.062500
ml,best,366,2026-05-17,2613.295166,10.000000,2482.070068,50.000000,0.000000,0.000000,-0.000000,0.000000,0.000000,2646.329346,50.000000,-6.000000,0.000000,-0.000000,0.000000,-793898.812500,2672.229980,50.000000,-8.000000,0.000000,-0.000000,0.000000,-1068892.000000,-1862790.750000,1435977.625000,19882.578125,-446695.687500,1434119.750000,987424.062500
ml,best,366,2026-05-18,2646.206299,10.000000,2482.070068,50.000000,-3.000000,-3.000000,372310.500000,186.155243,-372310.500000,2676.653564,50.000000,-2.000000,4.000000,-535330.687500,267.665344,-267665.343750,2701.351318,50.000000,-4.000000,4.000000,-540270.250000,270.135132,-540270.250000,-1180246.125000,732687.250000,20606.533203,-468165.406250,1517439.625000,1049274.250000
ml,best,366,2026-05-19,2593.489990,10.000000,2482.070068,50.000000,0.000000,3.000000,-372310.500000,186.155243,0.000000,2600.903076,50.000000,-10.000000,-8.000000,1040361.250000,520.180603,-1300451.500000,2629.414062,50.000000,-12.000000,-8.000000,1051765.625000,525.882812,-1577648.500000,-2878100.000000,2452503.500000,21838.751953,-447435.250000,1390172.125000,942736.875000
ml,best,366,2026-05-20,2608.268311,10.000000,2482.070068,50.000000,-3.000000,-3.000000,372310.500000,186.155243,-372310.500000,2647.461426,50.000000,-6.000000,4.000000,-529492.312500,264.746155,-794238.437500,2675.118896,50.000000,-8.000000,4.000000,-535023.750000,267.511871,-1070047.500000,-2236596.500000,1760298.000000,22557.167969,-498855.656250,1423423.375000,924567.750000
ml,best,366,2026-05-21,2599.416748,10.000000,2482.070068,50.000000,0.000000,3.000000,-372310.500000,186.155243,0.000000,2622.566162,50.000000,-2.000000,4.000000,-524513.250000,262.256622,-262256.625000,2654.058105,50.000000,-4.000000,4.000000,-530811.625000,265.405792,-530811.625000,-793068.250000,332662.625000,23270.984375,-483676.625000,1408310.250000,924633.625000
ml,best,366,2026-05-22,2618.179443,10.000000,2482.070068,50.000000,-3.000000,-3.000000,372310.500000,186.155243,-372310.500000,2627.785645,50.000000,-10.000000,-8.000000,1051114.250000,525.557068,-1313892.750000,2659.400879,50.000000,-12.000000,-8.000000,1063760.375000,531.880188,-1595640.500000,-3281843.750000,2819847.750000,24514.574219,-486510.562500,1457125.000000,970614.437500
ml,best,366,2026-05-23,2642.733398,10.000000,2482.070068,50.000000,-3.000000,0.000000,-0.000000,0.000000,-372310.500000,2669.349609,50.000000,-10.000000,0.000000,-0.000000,0.000000,-1334674.750000,2704.219482,50.000000,-12.000000,0.000000,-0.000000,0.000000,-1622531.625000,-3329517.000000,2819847.750000,24514.574219,-534183.812500,1515586.000000,981402.187500
ml,best,366,2026-05-24,2644.480469,10.000000,2482.070068,50.000000,-3.000000,0.000000,-0.000000,0.000000,-372310.500000,2679.087646,50.000000,-10.000000,0.000000,-0.000000,0.000000,-1339543.875000,2711.395020,50.000000,-12.000000,0.000000,-0.000000,0.000000,-1626837.000000,-3338691.500000,2819847.750000,24514.574219,-543358.312500,1515368.625000,972010.312500
ml,best,366,2026-05-25,2692.737061,10.000000,2482.070068,50.000000,-3.000000,0.000000,-0.000000,0.000000,-372310.500000,2718.252441,50.000000,-10.000000,0.000000,-0.000000,0.000000,-1359126.125000,2750.653809,50.000000,-12.000000,0.000000,-0.000000,0.000000,-1650392.250000,-3381829.000000,2819847.750000,24514.574219,-586495.812500,1638275.750000,1051780.000000
ml,best,366,2026-05-26,2720.247803,10.000000,2482.070068,50.000000,0.000000,3.000000,-372310.500000,186.155243,0.000000,2765.433350,50.000000,-6.000000,4.000000,-553086.687500,276.543335,-829630.000000,2801.356689,50.000000,-8.000000,4.000000,-560271.312500,280.135651,-1120542.625000,-1950172.625000,1334179.250000,25257.410156,-641250.812500,1704174.875000,1062924.000000
ml,best,366,2026-05-27,2740.720215,10.000000,2482.070068,50.000000,-3.000000,-3.000000,372310.500000,186.155243,-372310.500000,2767.664795,50.000000,-2.000000,4.000000,-553532.937500,276.766479,-276766.468750,2803.921875,50.000000,-4.000000,4.000000,-560784.375000,280.392181,-560784.375000,-1209861.375000,592172.500000,26000.724609,-643689.625000,1757289.625000,1113600.000000
ml,best,366,2026-05-28,2778.796631,10.000000,2482.070068,50.000000,0.000000,3.000000,-372310.500000,186.155243,0.000000,2811.844727,50.000000,-10.000000,-8.000000,1124737.875000,562.368958,-1405922.375000,2844.841309,50.000000,-12.000000,-8.000000,1137936.500000,568.968262,-1706904.750000,-3112827.000000,2482536.500000,27318.214844,-657608.687500,1850402.250000,1192793.500000
ml,best,366,2026-05-29,2785.719482,10.000000,2482.070068,50.000000,-3.000000,-3.000000,372310.500000,186.155243,-372310.500000,2800.427002,50.000000,-6.000000,4.000000,-560085.375000,280.042694,-840128.125000,2828.756104,50.000000,-8.000000,4.000000,-565751.250000,282.875610,-1131502.500000,-2343941.000000,1729010.250000,28067.291016,-642998.062500,1866127.000000,1223129.000000
ml,best,366,2026-05-30,2754.259033,10.000000,2482.070068,50.000000,-3.000000,0.000000,-0.000000,0.000000,-372310.500000,2776.701660,50.000000,-6.000000,0.000000,-0.000000,0.000000,-833010.562500,2812.183838,50.000000,-8.000000,0.000000,-0.000000,0.000000,-1124873.500000,-2330194.500000,1729010.250000,28067.291016,-629251.562500,1782809.750000,1153558.250000
ml,best,366,2026-05-31,2745.668701,10.000000,2482.070068,50.000000,-3.000000,0.000000,-0.000000,0.000000,-372310.500000,2739.549316,50.000000,-6.000000,0.000000,-0.000000,0.000000,-821864.875000,2769.116211,50.000000,-8.000000,0.000000,-0.000000,0.000000,-1107646.500000,-2301822.000000,1729010.250000,28067.291016,-600879.062500,1759494.625000,1158615.500000
ml,best,366,2026-06-01,2794.025879,10.000000,2482.070068,50.000000,0.000000,3.000000,-372310.500000,186.155243,0.000000,2825.500000,50.000000,-4.000000,2.000000,-282550.000000,141.274994,-565100.000000,2854.509521,50.000000,-4.000000,4.000000,-570901.875000,285.450928,-570901.875000,-1136001.875000,503247.812500,28680.171875,-661434.250000,1878539.625000,1217105.375000
ml,best,366,2026-06-02,2815.665771,10.000000,2482.070068,50.000000,-3.000000,-3.000000,372310.500000,186.155243,-372310.500000,2879.063477,50.000000,-2.000000,2.000000,-287906.343750,143.953171,-287906.343750,2910.147949,50.000000,-12.000000,-8.000000,1164059.125000,582.029541,-1746088.625000,-2406305.500000,1751711.125000,29592.310547,-684186.687500,1930871.875000,1246685.250000
ml,best,366,2026-06-03,2851.731934,10.000000,2482.070068,50.000000,0.000000,3.000000,-372310.500000,186.155243,0.000000,2879.550049,50.000000,-10.000000,-8.000000,1151820.000000,575.909973,-1439775.000000,2912.593018,50.000000,-8.000000,4.000000,-582518.625000,291.259308,-1165037.250000,-2604812.250000,1948702.000000,30645.634766,-686755.875000,2017261.875000,1330506.000000
ml,best,366,2026-06-04,2831.094482,10.000000,2482.070068,50.000000,-3.000000,-3.000000,372310.500000,186.155243,-372310.500000,2856.623291,50.000000,-6.000000,4.000000,-571324.687500,285.662354,-856987.000000,2893.680664,50.000000,-4.000000,4.000000,-578736.125000,289.368042,-578736.125000,-1808033.625000,1170951.750000,31406.820312,-668488.687500,1964995.625000,1296507.000000
ml,best,366,2026-06-05,2825.586670,10.000000,2482.070068,50.000000,0.000000,3.000000,-372310.500000,186.155243,0.000000,2848.676270,50.000000,-2.000000,4.000000,-569735.250000,284.867615,-284867.625000,2887.507812,50.000000,-12.000000,-8.000000,1155003.125000,577.501526,-1732504.750000,-2017372.375000,1383909.125000,32455.343750,-665918.625000,1953714.000000,1287795.375000
ml,best,366,2026-06-06,2818.199219,10.000000,2482.070068,50.000000,0.000000,0.000000,-0.000000,0.000000,0.000000,2850.260010,50.000000,-2.000000,0.000000,-0.000000,0.000000,-285026.000000,2890.779297,50.000000,-12.000000,0.000000,-0.000000,0.000000,-1734467.625000,-2019493.625000,1383909.125000,32455.343750,-668039.875000,1935212.125000,1267172.250000
ml,best,366,2026-06-07,2846.220459,10.000000,2482.070068,50.000000,0.000000,0.000000,-0.000000,0.000000,0.000000,2874.607422,50.000000,-2.000000,0.000000,-0.000000,0.000000,-287460.750000,2910.836426,50.000000,-12.000000,0.000000,-0.000000,0.000000,-1746502.000000,-2033962.750000,1383909.125000,32455.343750,-682509.000000,2003250.125000,1320741.125000
ml,best,366,2026-06-08,2880.729736,10.000000,2482.070068,50.000000,-3.000000,-3.000000,372310.500000,186.155243,-372310.500000,2900.954102,50.000000,-10.000000,-8.000000,1160381.625000,580.190796,-1450477.000000,2937.096924,50.000000,-8.000000,4.000000,-587419.375000,293.709686,-1174838.750000,-2997626.250000,2329182.000000,33515.398438,-701959.625000,2088136.875000,1386177.250000
ml,best,366,2026-06-09,2884.351562,10.000000,2482.070068,50.000000,0.000000,3.000000,-372310.500000,186.155243,0.000000,2890.372803,50.000000,-6.000000,4.000000,-578074.562500,289.037262,-867111.812500,2923.764404,50.000000,-4.000000,4.000000,-584752.875000,292.376434,-584752.875000,-1451864.750000,794043.875000,34282.968750,-692103.875000,2099717.500000,1407613.625000
ml,best,366,2026-06-10,2837.852051,10.000000,2482.070068,50.000000,-3.000000,-3.000000,372310.500000,186.155243,-372310.500000,2816.097412,50.000000,-2.000000,4.000000,-563219.500000,281.609741,-281609.750000,2847.061035,50.000000,-12.000000,-8.000000,1138824.375000,569.412170,-1708236.750000,-2362157.000000,1741959.250000,35320.144531,-655517.875000,1981895.375000,1326377.500000
ml,best,366,2026-06-11,2847.636475,10.000000,2482.070068,50.000000,0.000000,3.000000,-372310.500000,186.155243,0.000000,2867.855225,50.000000,-10.000000,-8.000000,1147142.125000,573.571045,-1433927.625000,2900.387695,50.000000,-8.000000,4.000000,-580077.562500,290.038757,-1160155.125000,-2594082.750000,1936713.250000,36369.910156,-693739.437500,2006453.625000,1312714.250000
ml,best,366,2026-06-12,2809.919922,10.000000,2482.070068,50.000000,-3.000000,-3.000000,372310.500000,186.155243,-372310.500000,2824.593506,50.000000,-6.000000,4.000000,-564918.687500,282.459351,-847378.000000,2857.910645,50.000000,-4.000000,4.000000,-571582.125000,285.791046,-571582.125000,-1791270.625000,1172523.000000,37124.316406,-655871.937500,1911417.000000,1255545.000000
ml,best,366,2026-06-13,2908.387939,10.000000,2482.070068,50.000000,-3.000000,0.000000,-0.000000,0.000000,-372310.500000,2915.665527,50.000000,-6.000000,0.000000,-0.000000,0.000000,-874699.625000,2951.258301,50.000000,-4.000000,0.000000,-0.000000,0.000000,-590251.687500,-1837261.750000,1172523.000000,37124.316406,-701863.062500,2156322.000000,1454459.000000
ml,best,366,2026-06-14,2928.460449,10.000000,2482.070068,50.000000,-3.000000,0.000000,-0.000000,0.000000,-372310.500000,2930.805420,50.000000,-6.000000,0.000000,-0.000000,0.000000,-879241.625000,2968.859131,50.000000,-4.000000,0.000000,-0.000000,0.000000,-593771.812500,-1845324.000000,1172523.000000,37124.316406,-709925.312500,2205263.500000,1495338.250000
ml,best,366,2026-06-15,2945.717529,10.000000,2482.070068,50.000000,0.000000,3.000000,-372310.500000,186.155243,0.000000,2955.188721,50.000000,-4.000000,2.000000,-295518.875000,147.759430,-591037.750000,2994.347412,50.000000,-12.000000,-8.000000,1197739.000000,598.869507,-1796608.375000,-2387646.000000,1702432.625000,38057.101562,-723270.500000,2249765.500000,1526495.000000
ml,best,366,2026-06-16,2912.845703,10.000000,2482.070068,50.000000,-3.000000,-3.000000,372310.500000,186.155243,-372310.500000,2924.699219,50.000000,-2.000000,2.000000,-292469.937500,146.234970,-292469.937500,2965.412354,50.000000,-8.000000,4.000000,-593082.500000,296.541229,-1186165.000000,-1850945.500000,1189190.625000,38686.035156,-700440.937500,2162325.750000,1461884.750000
ml,best,366,2026-06-17,2918.894043,10.000000,2482.070068,50.000000,0.000000,3.000000,-372310.500000,186.155243,0.000000,2939.402832,50.000000,-10.000000,-8.000000,1175761.125000,587.880554,-1469701.375000,2982.363037,50.000000,-4.000000,4.000000,-596472.625000,298.236298,-596472.625000,-2066174.000000,1396168.625000,39758.304688,-709763.687500,2178374.750000,1468611.000000
ml,best,366,2026-06-18,2936.215088,10.000000,2482.070068,50.000000,-3.000000,-3.000000,372310.500000,186.155243,-372310.500000,2920.755371,50.000000,-6.000000,4.000000,-584151.062500,292.075531,-876226.562500,2969.699463,50.000000,-12.000000,-8.000000,1187879.750000,593.939880,-1781819.750000,-3030356.750000,2372208.000000,40830.476562,-698979.250000,2223580.250000,1524601.000000
ml,best,366,2026-06-19,2937.688477,10.000000,2482.070068,50.000000,-3.000000,0.000000,-0.000000,0.000000,-372310.500000,2943.899902,50.000000,-6.000000,0.000000,-0.000000,0.000000,-883169.937500,2987.096680,50.000000,-12.000000,0.000000,-0.000000,0.000000,-1792258.000000,-3047738.500000,2372208.000000,40830.476562,-716361.000000,2227879.750000,1511518.750000
ml,best,366,2026-06-20,2985.660889,10.000000,2482.070068,50.000000,-3.000000,0.000000,-0.000000,0.000000,-372310.500000,3006.002441,50.000000,-6.000000,0.000000,-0.000000,0.000000,-901800.750000,3048.240479,50.000000,-12.000000,0.000000,-0.000000,0.000000,-1828944.375000,-3103055.500000,2372208.000000,40830.476562,-771678.000000,2347972.250000,1576294.250000
ml,best,366,2026-06-21,2965.835449,10.000000,2482.070068,50.000000,-3.000000,0.000000,-0.000000,0.000000,-372310.500000,2982.411133,50.000000,-6.000000,0.000000,-0.000000,0.000000,-894723.312500,3022.613037,50.000000,-12.000000,0.000000,-0.000000,0.000000,-1813567.750000,-3080601.500000,2372208.000000,40830.476562,-749224.000000,2298321.750000,1549097.750000
ml,best,366,2026-06-22,3003.017578,10.000000,2482.070068,50.000000,0.000000,3.000000,-372310.500000,186.155243,0.000000,3014.994141,50.000000,-4.000000,2.000000,-301499.406250,150.749695,-602998.812500,3052.617676,50.000000,-8.000000,4.000000,-610523.562500,305.261780,-1221047.125000,-1824046.000000,1087874.375000,41472.640625,-777644.250000,2393140.750000,1615496.500000
ml,best,366,2026-06-23,3024.544678,10.000000,2482.070068,50.000000,-3.000000,-3.000000,372310.500000,186.155243,-372310.500000,3037.059326,50.000000,-2.000000,2.000000,-303705.937500,151.852966,-303705.937500,3074.368896,50.000000,-4.000000,4.000000,-614873.750000,307.436859,-614873.750000,-1290890.250000,541605.250000,42118.085938,-791403.062500,2444593.250000,1653190.250000
ml,best,366,2026-06-24,2989.416016,10.000000,2482.070068,50.000000,0.000000,3.000000,-372310.500000,186.155243,0.000000,2977.120605,50.000000,-10.000000,-8.000000,1190848.250000,595.424072,-1488560.375000,3012.541992,50.000000,-12.000000,-8.000000,1205016.750000,602.508362,-1807525.250000,-3296085.500000,2565159.750000,43502.175781,-774427.937500,2359831.500000,1585403.500000
ml,best,366,2026-06-25,3025.193848,10.000000,2482.070068,50.000000,-3.000000,-3.000000,372310.500000,186.155243,-372310.500000,3021.005859,50.000000,-6.000000,4.000000,-604201.187500,302.100586,-906301.750000,3056.907471,50.000000,-8.000000,4.000000,-611381.500000,305.690735,-1222763.000000,-2501375.250000,1721887.500000,44296.121094,-823783.875000,2446916.250000,1623132.375000
ml,best,366,2026-06-26,3070.961670,10.000000,2482.070068,50.000000,0.000000,3.000000,-372310.500000,186.155243,0.000000,3072.602295,50.000000,-4.000000,2.000000,-307260.218750,153.630112,-614520.437500,3109.430664,50.000000,-4.000000,4.000000,-621886.125000,310.943054,-621886.125000,-1236406.500000,420430.687500,44946.851562,-860922.687500,2558477.250000,1697554.500000
ml,best,366,2026-06-27,3050.258789,10.000000,2482.070068,50.000000,0.000000,0.000000,-0.000000,0.000000,0.000000,3047.126953,50.000000,-4.000000,0.000000,-0.000000,0.000000,-609425.375000,3080.194092,50.000000,-4.000000,0.000000,-0.000000,0.000000,-616038.812500,-1225464.250000,420430.687500,44946.851562,-849980.437500,2503770.750000,1653790.250000
ml,best,366,2026-06-28,3068.842041,10.000000,2482.070068,50.000000,0.000000,0.000000,-0.000000,0.000000,0.000000,3081.439941,50.000000,-4.000000,0.000000,-0.000000,0.000000,-616288.000000,3114.950928,50.000000,-4.000000,0.000000,-0.000000,0.000000,-622990.187500,-1239278.250000,420430.687500,44946.851562,-863794.437500,2548520.250000,1684725.750000
ml,best,366,2026-06-29,3055.292236,10.000000,2482.070068,50.000000,-3.000000,-3.000000,372310.500000,186.155243,-372310.500000,3066.952881,50.000000,-2.000000,2.000000,-306695.281250,153.347641,-306695.281250,3100.664551,50.000000,-12.000000,-8.000000,1240265.875000,620.132935,-1860398.875000,-2539404.500000,1726311.750000,45906.484375,-858999.250000,2513374.750000,1654375.500000
ml,best,366,2026-06-30,3050.261475,10.000000,2482.070068,50.000000,0.000000,3.000000,-372310.500000,186.155243,0.000000,3051.007812,50.000000,-10.000000,-8.000000,1220403.125000,610.201538,-1525503.875000,3083.000977,50.000000,-8.000000,4.000000,-616600.187500,308.300079,-1233200.375000,-2758704.250000,1957804.250000,47011.144531,-847911.125000,2499229.750000,1651318.625000
ml,best,366,2026-07-01,3078.597412,10.000000,2482.070068,50.000000,-3.000000,-3.000000,372310.500000,186.155243,-372310.500000,3081.883789,50.000000,-6.000000,4.000000,-616376.750000,308.188354,-924565.125000,3109.885254,50.000000,-4.000000,4.000000,-621977.062500,310.988525,-621977.062500,-1918852.750000,1091760.875000,47816.476562,-874908.375000,2569144.000000,1694235.625000
ml,best,366,2026-07-02,3139.593018,10.000000,2482.070068,50.000000,0.000000,3.000000,-372310.500000,186.155243,0.000000,3161.867188,50.000000,-4.000000,2.000000,-316186.718750,158.093353,-632373.437500,3191.111328,50.000000,-12.000000,-8.000000,1276444.500000,638.222229,-1914666.750000,-2547040.250000,1679708.250000,48798.945312,-916130.937500,2715212.500000,1799081.500000
ml,best,366,2026-07-03,3187.401611,10.000000,2482.070068,50.000000,-3.000000,-3.000000,372310.500000,186.155243,-372310.500000,3210.787598,50.000000,-2.000000,2.000000,-321078.750000,160.539368,-321078.750000,3246.034180,50.000000,-8.000000,4.000000,-649206.812500,324.603394,-1298413.625000,-1991802.875000,1081733.000000,49470.242188,-959540.125000,2822239.000000,1862698.875000
ml,best,366,2026-07-04,3153.570801,10.000000,2482.070068,50.000000,-3.000000,0.000000,-0.000000,0.000000,-372310.500000,3174.017578,50.000000,-2.000000,0.000000,-0.000000,0.000000,-317401.750000,3207.027344,50.000000,-8.000000,0.000000,-0.000000,0.000000,-1282811.000000,-1972523.250000,1081733.000000,49470.242188,-940260.500000,2748602.500000,1808342.000000
ml,best,366,2026-07-05,3139.335693,10.000000,2482.070068,50.000000,-3.000000,0.000000,-0.000000,0.000000,-372310.500000,3154.943604,50.000000,-2.000000,0.000000,-0.000000,0.000000,-315494.375000,3188.608154,50.000000,-8.000000,0.000000,-0.000000,0.000000,-1275443.250000,-1963248.125000,1081733.000000,49470.242188,-930985.375000,2715002.500000,1784017.125000
ml,best,366,2026-07-06,3149.167725,10.000000,2482.070068,50.000000,0.000000,3.000000,-372310.500000,186.155243,0.000000,3163.509766,50.000000,-10.000000,-8.000000,1265403.875000,632.701904,-1581754.875000,3195.231201,50.000000,-4.000000,4.000000,-639046.250000,319.523102,-639046.250000,-2220801.000000,1335780.250000,50608.625000,-935629.375000,2734763.750000,1799134.375000
ml,best,366,2026-07-07,3118.757324,10.000000,2482.070068,50.000000,-3.000000,-3.000000,372310.500000,186.155243,-372310.500000,3131.408936,50.000000,-6.000000,4.000000,-626281.812500,313.140900,-939422.625000,3165.343750,50.000000,-2.000000,2.000000,-316534.375000,158.267181,-316534.375000,-1628267.500000,765274.500000,51266.187500,-914259.187500,2671811.500000,1757552.250000
ml,best,366,2026-07-08,3189.472412,10.000000,2482.070068,50.000000,0.000000,3.000000,-372310.500000,186.155243,0.000000,3183.467773,50.000000,-4.000000,2.000000,-318346.781250,159.173386,-636693.562500,3216.286377,50.000000,-10.000000,-8.000000,1286514.500000,643.257263,-1608143.125000,-2244836.750000,1361131.750000,52254.773438,-935959.750000,2809108.000000,1873148.250000
ml,best,366,2026-07-09,3207.903320,10.000000,2482.070068,50.000000,-3.000000,-3.000000,372310.500000,186.155243,-372310.500000,3205.648438,50.000000,-2.000000,2.000000,-320564.843750,160.282425,-320564.843750,3240.161865,50.000000,-6.000000,4.000000,-648032.375000,324.016205,-972048.562500,-1664924.000000,764845.000000,52925.226562,-953004.250000,2842763.000000,1889758.750000
ml,best,366,2026-07-10,3258.498291,10.000000,2482.070068,50.000000,0.000000,3.000000,-372310.500000,186.155243,0.000000,3270.061279,50.000000,-10.000000,-8.000000,1308024.500000,654.012207,-1635030.625000,3306.810547,50.000000,-4.000000,2.000000,-330681.062500,165.340515,-661362.125000,-2296392.750000,1369878.000000,53930.734375,-980445.500000,2929873.500000,1949428.000000
ml,best,366,2026-07-11,3221.920898,10.000000,2482.070068,50.000000,0.000000,0.000000,-0.000000,0.000000,0.000000,3228.602295,50.000000,-10.000000,0.000000,-0.000000,0.000000,-1614301.125000,3268.205811,50.000000,-4.000000,0.000000,-0.000000,0.000000,-653641.187500,-2267942.250000,1369878.000000,53930.734375,-951995.000000,2870277.500000,1918282.500000
ml,best,366,2026-07-12,3321.058838,10.000000,2482.070068,50.000000,0.000000,0.000000,-0.000000,0.000000,0.000000,3314.215820,50.000000,-10.000000,0.000000,-0.000000,0.000000,-1657107.750000,3352.890381,50.000000,-4.000000,0.000000,-0.000000,0.000000,-670578.062500,-2327685.750000,1369878.000000,53930.734375,-1011738.500000,3031952.500000,2020214.000000
ml,best,366,2026-07-13,3497.425293,10.000000,2482.070068,50.000000,-3.000000,-3.000000,372310.500000,186.155243,-372310.500000,3518.139404,50.000000,-6.000000,4.000000,-703627.875000,351.813934,-1055441.750000,3561.936523,50.000000,-2.000000,2.000000,-356193.656250,178.096817,-356193.656250,-1783945.875000,682366.937500,54646.796875,-1156225.750000,3318361.250000,2162135.500000
ml,best,366,2026-07-14,3556.122314,10.000000,2482.070068,50.000000,0.000000,3.000000,-372310.500000,186.155243,0.000000,3583.048340,50.000000,-4.000000,2.000000,-358304.843750,179.152420,-716609.687500,3625.375732,50.000000,-10.000000,-8.000000,1450150.250000,725.075073,-1812687.875000,-2529297.500000,1401901.750000,55737.183594,-1183132.875000,3406587.750000,2223455.000000
ml,best,366,2026-07-15,3506.068359,10.000000,2482.070068,50.000000,-3.000000,-3.000000,372310.500000,186.155243,-372310.500000,3480.607666,50.000000,-2.000000,2.000000,-348060.781250,174.030380,-348060.781250,3519.638184,50.000000,-6.000000,4.000000,-703927.625000,351.963806,-1055891.375000,-1776262.625000,722223.937500,56449.335938,-1110488.125000,3335230.500000,2224742.500000
ml,best,366,2026-07-16,3570.122314,10.000000,2482.070068,50.000000,0.000000,3.000000,-372310.500000,186.155243,0.000000,3560.114502,50.000000,-10.000000,-8.000000,1424045.750000,712.022888,-1780057.250000,3600.375488,50.000000,-4.000000,2.000000,-360037.562500,180.018768,-720075.125000,-2500132.500000,1413921.625000,57527.531250,-1143738.375000,3417800.750000,2274062.500000
ml,best,366,2026-07-17,3559.549316,10.000000,2482.070068,50.000000,-3.000000,-3.000000,372310.500000,186.155243,-372310.500000,3578.078613,50.000000,-6.000000,4.000000,-715615.750000,357.807861,-1073423.625000,3619.310303,50.000000,-2.000000,2.000000,-361931.031250,180.965515,-361931.031250,-1807665.125000,708685.375000,58252.460938,-1157232.250000,3404963.250000,2247731.000000
ml,best,366,2026-07-18,3411.768066,10.000000,2482.070068,50.000000,-3.000000,0.000000,-0.000000,0.000000,-372310.500000,3374.837891,50.000000,-6.000000,0.000000,-0.000000,0.000000,-1012451.375000,3414.550293,50.000000,-2.000000,0.000000,-0.000000,0.000000,-341455.031250,-1726216.875000,708685.375000,58252.460938,-1075784.000000,3244225.500000,2168441.500000
ml,best,366,2026-07-19,3210.884521,10.000000,2482.070068,50.000000,-3.000000,0.000000,-0.000000,0.000000,-372310.500000,3187.483887,50.000000,-6.000000,0.000000,-0.000000,0.000000,-956245.125000,3219.033447,50.000000,-2.000000,0.000000,-0.000000,0.000000,-321903.343750,-1650459.000000,708685.375000,58252.460938,-1000026.062500,3025737.750000,2025711.750000
ml,best,366,2026-07-20,3189.815918,10.000000,2482.070068,50.000000,0.000000,3.000000,-372310.500000,186.155243,0.000000,3167.653809,50.000000,-4.000000,2.000000,-316765.375000,158.382690,-633530.750000,3198.815918,50.000000,-10.000000,-8.000000,1279526.375000,639.763184,-1599408.000000,-2232938.750000,1299135.875000,59236.761719,-993039.625000,3002487.000000,2009447.375000
ml,best,366,2026-07-21,3190.080566,10.000000,2482.070068,50.000000,-3.000000,-3.000000,372310.500000,186.155243,-372310.500000,3182.578613,50.000000,-2.000000,2.000000,-318257.875000,159.128937,-318257.875000,3213.513672,50.000000,-6.000000,4.000000,-642702.750000,321.351379,-964054.125000,-1654622.500000,710485.750000,59903.394531,-1004040.125000,3002379.000000,1998338.875000
ml,best,366,2026-07-22,3147.129395,10.000000,2482.070068,50.000000,0.000000,3.000000,-372310.500000,186.155243,0.000000,3130.969727,50.000000,-5.000000,-3.000000,469645.468750,234.822723,-782742.437500,3162.124023,50.000000,-4.000000,2.000000,-316212.406250,158.106201,-632424.812500,-1415167.250000,491608.281250,60482.476562,-984041.500000,2965180.750000,1981139.250000
ml,best,366,2026-07-23,3147.660645,10.000000,2482.070068,50.000000,-3.000000,-3.000000,372310.500000,186.155243,-372310.500000,3170.666016,50.000000,-3.000000,2.000000,-317066.593750,158.533295,-475599.906250,3202.529785,50.000000,-2.000000,2.000000,-320252.968750,160.126480,-320252.968750,-1168163.375000,226599.218750,60987.296875,-1002551.437500,2965496.250000,1962944.750000
ml,best,366,2026-07-24,3183.810547,10.000000,2482.070068,50.000000,0.000000,3.000000,-372310.500000,186.155243,0.000000,3237.186768,50.000000,-1.000000,2.000000,-323718.687500,161.859344,-161859.343750,3269.422607,50.000000,-10.000000,-8.000000,1307769.000000,653.884460,-1634711.375000,-1796570.750000,838339.062500,61989.191406,-1020220.875000,2989176.000000,1968955.125000
ml,best,366,2026-07-25,3241.433105,10.000000,2482.070068,50.000000,0.000000,0.000000,-0.000000,0.000000,0.000000,3267.598877,50.000000,-1.000000,0.000000,-0.000000,0.000000,-163379.937500,3299.085205,50.000000,-10.000000,0.000000,-0.000000,0.000000,-1649542.625000,-1812922.500000,838339.062500,61989.191406,-1036572.625000,3020483.000000,1983910.375000
ml,best,366,2026-07-26,3278.985352,10.000000,2482.070068,50.000000,0.000000,0.000000,-0.000000,0.000000,0.000000,3289.823242,50.000000,-1.000000,0.000000,-0.000000,0.000000,-164491.156250,3320.140137,50.000000,-10.000000,0.000000,-0.000000,0.000000,-1660070.125000,-1824561.250000,838339.062500,61989.191406,-1048211.375000,3041202.500000,1992991.125000
ml,best,366,2026-07-27,3222.348389,10.000000,2482.070068,50.000000,-3.000000,-3.000000,372310.500000,186.155243,-372310.500000,3220.641113,50.000000,-4.000000,-3.000000,483096.187500,241.548096,-644128.250000,3249.190186,50.000000,-6.000000,4.000000,-649838.062500,324.919006,-974757.000000,-1991195.750000,1043907.625000,62741.816406,-1010029.937500,3010644.000000,2000614.000000
ml,best,366,2026-07-28,3173.064941,10.000000,2482.070068,50.000000,0.000000,3.000000,-372310.500000,186.155243,0.000000,3157.140625,50.000000,-2.000000,2.000000,-315714.062500,157.857025,-315714.062500,3184.262451,50.000000,-4.000000,2.000000,-318426.250000,159.213120,-636852.500000,-952566.562500,37456.859375,63245.039062,-978354.750000,2989445.250000,2011090.500000
ml,best,366,2026-07-29,3176.404785,10.000000,2482.070068,50.000000,-3.000000,-3.000000,372310.500000,186.155243,-372310.500000,3209.344482,50.000000,0.000000,2.000000,-320934.437500,160.467224,0.000000,3236.050293,50.000000,-2.000000,2.000000,-323605.031250,161.802505,-323605.031250,-695915.500000,-234772.093750,63753.464844,-994441.062500,2990779.000000,1996338.000000
ml,best,366,2026-07-30,3203.345215,10.000000,2482.070068,50.000000,0.000000,3.000000,-372310.500000,186.155243,0.000000,3209.344482,50.000000,-3.000000,-3.000000,481401.656250,240.700836,-481401.656250,3262.784668,50.000000,-10.000000,-8.000000,1305113.875000,652.556946,-1631392.375000,-2112794.000000,1179432.875000,64832.875000,-998194.000000,2996828.000000,1998634.000000
ml,best,366,2026-07-31,3212.501709,10.000000,2482.070068,50.000000,-3.000000,-3.000000,372310.500000,186.155243,-372310.500000,3209.344482,50.000000,0.000000,3.000000,-481401.656250,240.700836,0.000000,3271.999512,50.000000,-6.000000,4.000000,-654399.875000,327.199951,-981599.812500,-1353910.250000,415941.906250,65586.937500,-1003555.312500,2998177.750000,1994622.500000
ml,best,366,2026-08-01,3159.064209,10.000000,2482.070068,50.000000,-3.000000,0.000000,-0.000000,0.000000,-372310.500000,3209.344482,50.000000,0.000000,0.000000,-0.000000,0.000000,0.000000,3198.049805,50.000000,-6.000000,0.000000,-0.000000,0.000000,-959414.937500,-1331725.500000,415941.906250,65586.937500,-981370.562500,2998527.750000,2017157.250000
ml,best,366,2026-08-02,3170.152344,10.000000,2482.070068,50.000000,-3.000000,0.000000,-0.000000,0.000000,-372310.500000,3209.344482,50.000000,0.000000,0.000000,-0.000000,0.000000,0.000000,3197.805908,50.000000,-6.000000,0.000000,-0.000000,0.000000,-959341.812500,-1331652.250000,415941.906250,65586.937500,-981297.312500,2998910.500000,2017613.250000
ml,best,366,2026-08-03,3186.343994,10.000000,2482.070068,50.000000,0.000000,3.000000,-372310.500000,186.155243,0.000000,3209.344482,50.000000,-3.000000,-3.000000,481401.656250,240.700836,-481401.656250,3189.645752,50.000000,-4.000000,2.000000,-318964.562500,159.482269,-637929.125000,-1119330.750000,206068.484375,66173.273438,-979435.500000,2999253.500000,2019818.000000
ml,best,366,2026-08-04,3248.312256,10.000000,2482.070068,50.000000,-3.000000,-3.000000,372310.500000,186.155243,-372310.500000,3209.344482,50.000000,0.000000,3.000000,-481401.656250,240.700836,0.000000,3278.192871,50.000000,-2.000000,2.000000,-327819.281250,163.909637,-327819.281250,-700129.750000,-230841.937500,66764.039062,-997735.750000,2999620.250000,2001884.500000
ml,best,366,2026-08-05,3274.282471,10.000000,2482.070068,50.000000,0.000000,3.000000,-372310.500000,186.155243,0.000000,3209.344482,50.000000,-3.000000,-3.000000,481401.656250,240.700836,-481401.656250,3297.097168,50.000000,-10.000000,-8.000000,1318838.875000,659.419434,-1648548.625000,-2129950.250000,1197088.000000,67850.312500,-1000712.562500,2999982.250000,1999269.750000
ml,best,366,2026-08-06,3236.064941,10.000000,2482.070068,50.000000,-3.000000,-3.000000,372310.500000,186.155243,-372310.500000,3209.344482,50.000000,0.000000,3.000000,-481401.656250,240.700836,0.000000,3287.374512,50.000000,-6.000000,4.000000,-657474.875000,328.737427,-986212.312500,-1358522.750000,430522.062500,68605.906250,-996606.625000,2999982.250000,2003375.625000
ml,best,366,2026-08-07,3192.052734,10.000000,2482.070068,50.000000,0.000000,3.000000,-372310.500000,186.155243,0.000000,3209.344482,50.000000,-3.000000,-3.000000,481401.656250,240.700836,-481401.656250,3223.986572,50.000000,-4.000000,2.000000,-322398.656250,161.199326,-644797.312500,-1126199.000000,217214.546875,69193.968750,-978178.375000,2999982.250000,2021803.875000
ml,best,366,2026-08-08,3211.775635,10.000000,2482.070068,50.000000,0.000000,0.000000,-0.000000,0.000000,0.000000,3209.344482,50.000000,-3.000000,0.000000,-0.000000,0.000000,-481401.656250,3230.748779,50.000000,-4.000000,0.000000,-0.000000,0.000000,-646149.750000,-1127551.375000,217214.546875,69193.968750,-979530.750000,2999982.250000,2020451.500000
ml,best,366,2026-08-09,3204.888184,10.000000,2482.070068,50.000000,0.000000,0.000000,-0.000000,0.000000,0.000000,3209.344482,50.000000,-3.000000,0.000000,-0.000000,0.000000,-481401.656250,3216.050049,50.000000,-4.000000,0.000000,-0.000000,0.000000,-643210.000000,-1124611.625000,217214.546875,69193.968750,-976591.000000,2999982.250000,2023391.250000
ml,best,366,2026-08-10,3175.244385,10.000000,2482.070068,50.000000,-3.000000,-3.000000,372310.500000,186.155243,-372310.500000,3209.344482,50.000000,0.000000,3.000000,-481401.656250,240.700836,0.000000,3190.492188,50.000000,-2.000000,2.000000,-319049.218750,159.524612,-319049.218750,-691359.750000,-210925.812500,69780.343750,-972065.875000,2999982.250000,2027916.375000
ml,best,366,2026-08-11,3231.768555,10.000000,2482.070068,50.000000,0.000000,3.000000,-372310.500000,186.155243,0.000000,3209.344482,50.000000,-3.000000,-3.000000,481401.656250,240.700836,-481401.656250,3258.866699,50.000000,-5.000000,-3.000000,488829.968750,244.414978,-814716.687500,-1296118.375000,386995.312500,70451.617188,-979574.687500,2999982.250000,2020407.500000
ml,best,366,2026-08-12,3276.993896,10.000000,2482.070068,50.000000,-3.000000,-3.000000,372310.500000,186.155243,-372310.500000,3209.344482,50.000000,0.000000,3.000000,-481401.656250,240.700836,0.000000,3297.585449,50.000000,-3.000000,2.000000,-329758.531250,164.879257,-494637.781250,-866948.250000,-51854.375000,71043.351562,-989846.000000,2999982.250000,2010136.250000
ml,best,366,2026-08-13,3349.887451,10.000000,2482.070068,50.000000,0.000000,3.000000,-372310.500000,186.155243,0.000000,3209.344482,50.000000,-3.000000,-3.000000,481401.656250,240.700836,-481401.656250,3367.995850,50.000000,-1.000000,2.000000,-336799.593750,168.399796,-168399.796875,-649801.437500,-279562.812500,71638.609375,-1001002.875000,2999982.250000,1998979.375000
ml,best,366,2026-08-14,3333.230469,10.000000,2482.070068,50.000000,-3.000000,-3.000000,372310.500000,186.155243,-372310.500000,3209.344482,50.000000,0.000000,3.000000,-481401.656250,240.700836,0.000000,3358.238525,50.000000,-4.000000,-3.000000,503735.781250,251.867889,-671647.687500,-1043958.187500,115081.812500,72317.328125,-1001193.687500,2999982.250000,1998788.500000
ml,best,366,2026-08-15,3385.705078,10.000000,2482.070068,50.000000,-3.000000,0.000000,-0.000000,0.000000,-372310.500000,3209.344482,50.000000,0.000000,0.000000,-0.000000,0.000000,0.000000,3422.554932,50.000000,-4.000000,0.000000,-0.000000,0.000000,-684511.000000,-1056821.500000,115081.812500,72317.328125,-1014057.000000,2999982.250000,1985925.250000
ml,best,366,2026-08-16,3360.033203,10.000000,2482.070068,50.000000,-3.000000,0.000000,-0.000000,0.000000,-372310.500000,3209.344482,50.000000,0.000000,0.000000,-0.000000,0.000000,0.000000,3403.382568,50.000000,-4.000000,0.000000,-0.000000,0.000000,-680676.500000,-1052987.000000,115081.812500,72317.328125,-1010222.500000,2999982.250000,1989759.750000
ml,best,366,2026-08-17,3319.361816,10.000000,2482.070068,50.000000,0.000000,3.000000,-372310.500000,186.155243,0.000000,3209.344482,50.000000,-3.000000,-3.000000,481401.656250,240.700836,-481401.656250,3350.650635,50.000000,-2.000000,2.000000,-335065.062500,167.532516,-335065.062500,-816466.750000,-110892.109375,72911.718750,-1000270.625000,2999982.250000,1999711.625000
ml,best,366,2026-08-18,3336.808594,10.000000,2482.070068,50.000000,-3.000000,-3.000000,372310.500000,186.155243,-372310.500000,3209.344482,50.000000,0.000000,3.000000,-481401.656250,240.700836,0.000000,3371.350830,50.000000,-5.000000,-3.000000,505702.625000,252.851318,-842837.687500,-1215148.250000,285719.375000,73591.421875,-1003020.312500,2999982.250000,1996962.000000
ml,best,366,2026-08-19,3334.285889,10.000000,2482.070068,50.000000,0.000000,3.000000,-372310.500000,186.155243,0.000000,3209.344482,50.000000,-3.000000,-3.000000,481401.656250,240.700836,-481401.656250,3362.410889,50.000000,-3.000000,2.000000,-336241.093750,168.120544,-504361.625000,-985763.250000,58569.421875,74186.398438,-1001380.187500,2999982.250000,1998602.000000
ml,best,366,2026-08-20,3287.291992,10.000000,2482.070068,50.000000,-3.000000,-3.000000,372310.500000,186.155243,-372310.500000,3209.344482,50.000000,0.000000,3.000000,-481401.656250,240.700836,0.000000,3322.373535,50.000000,-1.000000,2.000000,-332237.343750,166.118668,-166118.671875,-538429.187500,-382759.062500,74779.375000,-995967.625000,2999982.250000,2004014.625000
ml,best,366,2026-08-21,3311.482422,10.000000,2482.070068,50.000000,0.000000,3.000000,-372310.500000,186.155243,0.000000,3209.344482,50.000000,-3.000000,-3.000000,481401.656250,240.700836,-481401.656250,3349.947998,50.000000,-4.000000,-3.000000,502492.187500,251.246094,-669989.625000,-1151391.250000,228824.265625,75457.484375,-998024.500000,2999982.250000,2001957.750000
ml,best,366,2026-08-22,3280.649170,10.000000,2482.070068,50.000000,0.000000,0.000000,-0.000000,0.000000,0.000000,3209.344482,50.000000,-3.000000,0.000000,-0.000000,0.000000,-481401.656250,3330.235352,50.000000,-4.000000,0.000000,-0.000000,0.000000,-666047.062500,-1147448.750000,228824.265625,75457.484375,-994082.000000,2999982.250000,2005900.250000
ml,best,366,2026-08-23,3287.921875,10.000000,2482.070068,50.000000,0.000000,0.000000,-0.000000,0.000000,0.000000,3209.344482,50.000000,-3.000000,0.000000,-0.000000,0.000000,-481401.656250,3314.367188,50.000000,-4.000000,0.000000,-0.000000,0.000000,-662873.437500,-1144275.125000,228824.265625,75457.484375,-990908.375000,2999982.250000,2009073.875000
ml,best,366,2026-08-24,3230.357422,10.000000,2482.070068,50.000000,-3.000000,-3.000000,372310.500000,186.155243,-372310.500000,3209.344482,50.000000,0.000000,3.000000,-481401.656250,240.700836,0.000000,3241.728516,50.000000,-2.000000,2.000000,-324172.843750,162.086426,-324172.843750,-696483.375000,-204439.718750,76046.421875,-976969.562500,2999982.250000,2023012.750000
ml,best,366,2026-08-25,3249.492676,10.000000,2482.070068,50.000000,0.000000,3.000000,-372310.500000,186.155243,0.000000,3209.344482,50.000000,-3.000000,-3.000000,481401.656250,240.700836,-481401.656250,3269.759277,50.000000,-5.000000,-3.000000,490463.875000,245.231964,-817439.875000,-1298841.500000,395115.312500,76718.515625,-980444.687500,2999982.250000,2019537.500000
ml,best,366,2026-08-26,3270.927246,10.000000,2482.070068,50.000000,-3.000000,-3.000000,372310.500000,186.155243,-372310.500000,3209.344482,50.000000,0.000000,3.000000,-481401.656250,240.700836,0.000000,3300.399170,50.000000,-3.000000,2.000000,-330039.906250,165.019943,-495059.875000,-867370.375000,-44015.750000,77310.382812,-988696.500000,2999982.250000,2011285.750000
ml,best,366,2026-08-27,3284.803711,10.000000,2482.070068,50.000000,0.000000,3.000000,-372310.500000,186.155243,0.000000,3209.344482,50.000000,-3.000000,-3.000000,481401.656250,240.700836,-481401.656250,3295.305176,50.000000,-1.000000,2.000000,-329530.531250,164.765259,-164765.265625,-646166.937500,-264455.125000,77902.007812,-988524.062500,2999982.250000,2011458.250000
ml,best,366,2026-08-28,3248.519775,10.000000,2482.070068,50.000000,-3.000000,-3.000000,372310.500000,186.155243,-372310.500000,3209.344482,50.000000,0.000000,3.000000,-481401.656250,240.700836,0.000000,3277.629395,50.000000,-4.000000,-3.000000,491644.437500,245.822205,-655525.875000,-1027836.375000,118098.156250,78574.687500,-988312.937500,2999982.250000,2011669.250000
ml,best,366,2026-08-29,3250.127930,10.000000,2482.070068,50.000000,-3.000000,0.000000,-0.000000,0.000000,-372310.500000,3209.344482,50.000000,0.000000,0.000000,-0.000000,0.000000,0.000000,3267.028076,50.000000,-4.000000,0.000000,-0.000000,0.000000,-653405.625000,-1025716.125000,118098.156250,78574.687500,-986192.687500,2999982.250000,2013789.500000
ml,best,366,2026-08-30,3310.389893,10.000000,2482.070068,50.000000,-3.000000,0.000000,-0.000000,0.000000,-372310.500000,3209.344482,50.000000,0.000000,0.000000,-0.000000,0.000000,0.000000,3342.138428,50.000000,-4.000000,0.000000,-0.000000,0.000000,-668427.687500,-1040738.187500,118098.156250,78574.687500,-1001214.687500,2999982.250000,1998767.500000
ml,best,366,2026-08-31,3142.043213,10.000000,2482.070068,50.000000,0.000000,3.000000,-372310.500000,186.155243,0.000000,3209.344482,50.000000,-3.000000,-3.000000,481401.656250,240.700836,-481401.656250,3159.037842,50.000000,-1.000000,3.000000,-473855.656250,236.927826,-157951.890625,-639353.562500,-246666.359375,79238.468750,-965258.375000,2999982.250000,2034723.875000
ml,best,366,2026-09-01,3132.116455,10.000000,2482.070068,50.000000,-3.000000,-3.000000,372310.500000,186.155243,-372310.500000,3209.344482,50.000000,0.000000,3.000000,-481401.656250,240.700836,0.000000,3153.186279,50.000000,-4.000000,-3.000000,472977.937500,236.488953,-630637.250000,-1002947.750000,117220.437500,79901.812500,-965629.125000,2999982.250000,2034353.125000
ml,best,366,2026-09-02,3164.231934,10.000000,2482.070068,50.000000,0.000000,3.000000,-372310.500000,186.155243,0.000000,3209.344482,50.000000,-3.000000,-3.000000,481401.656250,240.700836,-481401.656250,3192.338867,50.000000,-2.000000,2.000000,-319233.875000,159.616928,-319233.875000,-800635.500000,-92922.296875,80488.289062,-974046.125000,2999982.250000,2025936.125000
ml,best,366,2026-09-03,3184.916016,10.000000,2482.070068,50.000000,-3.000000,-3.000000,372310.500000,186.155243,-372310.500000,3209.344482,50.000000,0.000000,3.000000,-481401.656250,240.700836,0.000000,3204.048584,50.000000,-5.000000,-3.000000,480607.281250,240.303635,-801012.187500,-1173322.750000,278593.843750,81155.445312,-975884.312500,2999982.250000,2024098.000000
ml,best,366,2026-09-04,3142.366943,10.000000,2482.070068,50.000000,0.000000,3.000000,-372310.500000,186.155243,0.000000,3209.344482,50.000000,-3.000000,-3.000000,481401.656250,240.700836,-481401.656250,3153.550537,50.000000,-2.000000,3.000000,-473032.562500,236.516281,-315355.062500,-796756.750000,-85347.578125,81818.820312,-963923.125000,2999982.250000,2036059.125000
ml,best,366,2026-09-05,3164.476562,10.000000,2482.070068,50.000000,0.000000,0.000000,-0.000000,0.000000,0.000000,3209.344482,50.000000,-3.000000,0.000000,-0.000000,0.000000,-481401.656250,3196.285400,50.000000,-2.000000,0.000000,-0.000000,0.000000,-319628.531250,-801030.187500,-85347.578125,81818.820312,-968196.562500,2999982.250000,2031785.750000
ml,best,366,2026-09-06,3141.983154,10.000000,2482.070068,50.000000,0.000000,0.000000,-0.000000,0.000000,0.000000,3209.344482,50.000000,-3.000000,0.000000,-0.000000,0.000000,-481401.656250,3167.493652,50.000000,-2.000000,0.000000,-0.000000,0.000000,-316749.375000,-798151.000000,-85347.578125,81818.820312,-965317.375000,2999982.250000,2034664.875000
ml,best,366,2026-09-07,3166.816406,10.000000,2482.070068,50.000000,0.000000,0.000000,-0.000000,0.000000,0.000000,3209.344482,50.000000,-3.000000,0.000000,-0.000000,0.000000,-481401.656250,3200.011475,50.000000,-2.000000,0.000000,-0.000000,0.000000,-320001.156250,-801402.812500,-85347.578125,81818.820312,-968569.187500,2999982.250000,2031413.000000
ml,best,366,2026-09-08,3160.483398,10.000000,2482.070068,50.000000,-3.000000,-3.000000,372310.500000,186.155243,-372310.500000,3209.344482,50.000000,0.000000,3.000000,-481401.656250,240.700836,0.000000,3170.145020,50.000000,-5.000000,-3.000000,475521.781250,237.760864,-792536.250000,-1164846.750000,281083.062500,82483.437500,-966247.125000,2999982.250000,2033735.125000
ml,best,366,2026-09-09,3112.639160,10.000000,2482.070068,50.000000,0.000000,3.000000,-372310.500000,186.155243,0.000000,3209.344482,50.000000,-3.000000,-3.000000,481401.656250,240.700836,-481401.656250,3115.085449,50.000000,-2.000000,3.000000,-467262.781250,233.631378,-311508.531250,-792910.187500,-77088.578125,83143.921875,-953142.687500,2999982.250000,2046839.500000
ml,best,366,2026-09-10,3112.205811,10.000000,2482.070068,50.000000,-3.000000,-3.000000,372310.500000,186.155243,-372310.500000,3209.344482,50.000000,0.000000,3.000000,-481401.656250,240.700836,0.000000,3148.337891,50.000000,-5.000000,-3.000000,472250.687500,236.125336,-787084.500000,-1159395.000000,286070.968750,83806.906250,-957130.875000,2999982.250000,2042851.375000
ml,best,366,2026-09-11,3087.962891,10.000000,2482.070068,50.000000,0.000000,3.000000,-372310.500000,186.155243,0.000000,3209.344482,50.000000,-3.000000,-3.000000,481401.656250,240.700836,-481401.656250,3118.740479,50.000000,-2.000000,3.000000,-467811.093750,233.905548,-311874.062500,-793275.750000,-72648.984375,84467.664062,-950392.437500,2999982.250000,2049589.750000
ml,best,366,2026-09-12,3176.770996,10.000000,2482.070068,50.000000,0.000000,0.000000,-0.000000,0.000000,0.000000,3209.344482,50.000000,-3.000000,0.000000,-0.000000,0.000000,-481401.656250,3215.004883,50.000000,-2.000000,0.000000,-0.000000,0.000000,-321500.500000,-802902.125000,-72648.984375,84467.664062,-960018.812500,2999982.250000,2039963.500000
ml,best,366,2026-09-13,3120.616943,10.000000,2482.070068,50.000000,0.000000,0.000000,-0.000000,0.000000,0.000000,3209.344482,50.000000,-3.000000,0.000000,-0.000000,0.000000,-481401.656250,3134.982422,50.000000,-2.000000,0.000000,-0.000000,0.000000,-313498.250000,-794899.875000,-72648.984375,84467.664062,-952016.562500,2999982.250000,2047965.750000
ml,best,366,2026-09-14,3195.902832,10.000000,2482.070068,50.000000,-3.000000,-3.000000,372310.500000,186.155243,-372310.500000,3209.344482,50.000000,0.000000,3.000000,-481401.656250,240.700836,0.000000,3221.843262,50.000000,-5.000000,-3.000000,483276.468750,241.638214,-805460.812500,-1177771.250000,301536.343750,85136.156250,-961371.000000,2999982.250000,2038611.250000
ml,best,366,2026-09-15,3134.752197,10.000000,2482.070068,50.000000,0.000000,3.000000,-372310.500000,186.155243,0.000000,3209.344482,50.000000,-3.000000,-3.000000,481401.656250,240.700836,-481401.656250,3137.536377,50.000000,-2.000000,3.000000,-470630.468750,235.315216,-313753.625000,-795155.250000,-60002.984375,85798.328125,-940956.562500,2999982.250000,2059025.750000
ml,best,366,2026-09-16,3084.551514,10.000000,2482.070068,50.000000,-3.000000,-3.000000,372310.500000,186.155243,-372310.500000,3209.344482,50.000000,0.000000,3.000000,-481401.656250,240.700836,0.000000,3096.533936,50.000000,-5.000000,-3.000000,464480.062500,232.240036,-774133.500000,-1146444.000000,295385.937500,86457.421875,-937515.500000,2999982.250000,2062466.750000
ml,best,366,2026-09-17,3131.002441,10.000000,2482.070068,50.000000,0.000000,3.000000,-372310.500000,186.155243,0.000000,3209.344482,50.000000,-3.000000,-3.000000,481401.656250,240.700836,-481401.656250,3165.094727,50.000000,-3.000000,2.000000,-316509.468750,158.254730,-474764.218750,-956165.875000,87967.609375,87042.546875,-955240.812500,2999982.250000,2044741.500000
ml,best,366,2026-09-18,3134.211182,10.000000,2482.070068,50.000000,-3.000000,-3.000000,372310.500000,186.155243,-372310.500000,3209.344482,50.000000,0.000000,3.000000,-481401.656250,240.700836,0.000000,3167.075684,50.000000,-1.000000,2.000000,-316707.562500,158.353775,-158353.781250,-530664.250000,-337831.093750,87627.750000,-956123.125000,2999982.250000,2043859.125000
ml,best,366,2026-09-19,3075.868408,10.000000,2482.070068,50.000000,-3.000000,0.000000,-0.000000,0.000000,-372310.500000,3209.344482,50.000000,0.000000,0.000000,-0.000000,0.000000,0.000000,3086.843018,50.000000,-1.000000,0.000000,-0.000000,0.000000,-154342.156250,-526652.625000,-337831.093750,87627.750000,-952111.500000,2999982.250000,2047870.750000
ml,best,366,2026-09-20,3098.358398,10.000000,2482.070068,50.000000,-3.000000,0.000000,-0.000000,0.000000,-372310.500000,3209.344482,50.000000,0.000000,0.000000,-0.000000,0.000000,0.000000,3086.498291,50.000000,-1.000000,0.000000,-0.000000,0.000000,-154324.921875,-526635.437500,-337831.093750,87627.750000,-952094.250000,2999982.250000,2047888.000000
ml,best,366,2026-09-21,3042.440674,10.000000,2482.070068,50.000000,0.000000,3.000000,-372310.500000,186.155243,0.000000,3209.344482,50.000000,-3.000000,-3.000000,481401.656250,240.700836,-481401.656250,3037.709961,50.000000,-4.000000,-3.000000,455656.500000,227.828247,-607542.000000,-1088943.625000,226916.546875,88282.437500,-950309.500000,2999982.250000,2049672.750000
ml,best,366,2026-09-22,2960.641602,10.000000,2482.070068,50.000000,-3.000000,-3.000000,372310.500000,186.155243,-372310.500000,3209.344482,50.000000,0.000000,3.000000,-481401.656250,240.700836,0.000000,2958.554199,50.000000,-1.000000,3.000000,-443783.093750,221.891556,-147927.703125,-520238.187500,-325957.687500,88931.179688,-935127.062500,2999982.250000,2064855.250000
ml,best,366,2026-09-23,2949.716553,10.000000,2482.070068,50.000000,0.000000,3.000000,-372310.500000,186.155243,0.000000,3209.344482,50.000000,-3.000000,-3.000000,481401.656250,240.700836,-481401.656250,2949.983643,50.000000,-4.000000,-3.000000,442497.562500,221.248779,-589996.750000,-1071398.375000,225631.015625,89579.281250,-935346.625000,2999982.250000,2064635.625000
ml,best,366,2026-09-24,2942.231934,10.000000,2482.070068,50.000000,-3.000000,-3.000000,372310.500000,186.155243,-372310.500000,3209.344482,50.000000,0.000000,3.000000,-481401.656250,240.700836,0.000000,2927.448975,50.000000,-1.000000,3.000000,-439117.343750,219.558685,-146372.453125,-518682.937500,-322577.468750,90225.703125,-931486.062500,2999982.250000,2068496.250000
ml,best,366,2026-09-25,2938.491455,10.000000,2482.070068,50.000000,0.000000,3.000000,-372310.500000,186.155243,0.000000,3209.344482,50.000000,-3.000000,-3.000000,481401.656250,240.700836,-481401.656250,2915.698730,50.000000,-4.000000,-3.000000,437354.781250,218.677399,-583139.750000,-1064541.375000,223868.453125,90871.234375,-931544.187500,2999982.250000,2068438.000000
ml,best,366,2026-09-26,2965.631836,10.000000,2482.070068,50.000000,0.000000,0.000000,-0.000000,0.000000,0.000000,3209.344482,50.000000,-3.000000,0.000000,-0.000000,0.000000,-481401.656250,2960.312988,50.000000,-4.000000,0.000000,-0.000000,0.000000,-592062.625000,-1073464.250000,223868.453125,90871.234375,-940467.062500,2999982.250000,2059515.250000
ml,best,366,2026-09-27,2927.572510,10.000000,2482.070068,50.000000,0.000000,0.000000,-0.000000,0.000000,0.000000,3209.344482,50.000000,-3.000000,0.000000,-0.000000,0.000000,-481401.656250,2923.187012,50.000000,-4.000000,0.000000,-0.000000,0.000000,-584637.375000,-1066039.000000,223868.453125,90871.234375,-933041.812500,2999982.250000,2066940.500000
ml,best,366,2026-09-28,2901.318115,10.000000,2482.070068,50.000000,-3.000000,-3.000000,372310.500000,186.155243,-372310.500000,3209.344482,50.000000,0.000000,3.000000,-481401.656250,240.700836,0.000000,2889.953613,50.000000,-1.000000,3.000000,-433493.062500,216.746521,-144497.687500,-516808.187500,-318715.750000,91514.843750,-927038.750000,2999982.250000,2072943.500000
ml,best,366,2026-09-29,2951.040283,10.000000,2482.070068,50.000000,0.000000,3.000000,-372310.500000,186.155243,0.000000,3209.344482,50.000000,-3.000000,-3.000000,481401.656250,240.700836,-481401.656250,2945.755615,50.000000,-4.000000,-3.000000,441863.343750,220.931641,-589151.125000,-1070552.750000,232238.734375,92162.625000,-930476.625000,2999982.250000,2069505.625000
ml,best,366,2026-09-30,3058.563477,10.000000,2482.070068,50.000000,-3.000000,-3.000000,372310.500000,186.155243,-372310.500000,3209.344482,50.000000,0.000000,3.000000,-481401.656250,240.700836,0.000000,3092.267822,50.000000,-2.000000,2.000000,-309226.781250,154.613388,-309226.781250,-681537.250000,-186079.187500,92744.093750,-960360.500000,2999982.250000,2039621.750000
ml,best,366,2026-10-01,3063.859131,10.000000,2482.070068,50.000000,0.000000,3.000000,-372310.500000,186.155243,0.000000,3209.344482,50.000000,-3.000000,-3.000000,481401.656250,240.700836,-481401.656250,3096.957031,50.000000,-5.000000,-3.000000,464543.562500,232.271759,-774239.250000,-1255640.875000,387555.500000,93403.218750,-961488.625000,2999982.250000,2038493.625000
ml,best,366,2026-10-02,3035.189697,10.000000,2482.070068,50.000000,-3.000000,-3.000000,372310.500000,186.155243,-372310.500000,3209.344482,50.000000,0.000000,3.000000,-481401.656250,240.700836,0.000000,3029.689941,50.000000,-2.000000,3.000000,-454453.500000,227.226746,-302969.000000,-675279.500000,-175989.125000,94057.304688,-945325.937500,2999982.250000,2054656.250000
ml,best,366,2026-10-03,3037.958252,10.000000,2482.070068,50.000000,-3.000000,0.000000,-0.000000,0.000000,-372310.500000,3209.344482,50.000000,0.000000,0.000000,-0.000000,0.000000,0.000000,3046.884521,50.000000,-2.000000,0.000000,-0.000000,0.000000,-304688.437500,-676998.937500,-175989.125000,94057.304688,-947045.375000,2999982.250000,2052936.875000
ml,best,366,2026-10-04,3034.552979,10.000000,2482.070068,50.000000,-3.000000,0.000000,-0.000000,0.000000,-372310.500000,3209.344482,50.000000,0.000000,0.000000,-0.000000,0.000000,0.000000,3049.207275,50.000000,-2.000000,0.000000,-0.000000,0.000000,-304920.718750,-677231.250000,-175989.125000,94057.304688,-947277.687500,2999982.250000,2052704.500000
ml,best,366,2026-10-05,3077.649414,10.000000,2482.070068,50.000000,0.000000,3.000000,-372310.500000,186.155243,0.000000,3209.344482,50.000000,-3.000000,-3.000000,481401.656250,240.700836,-481401.656250,3096.402588,50.000000,0.000000,2.000000,-309640.250000,154.820114,0.000000,-481401.656250,-376538.187500,94638.984375,-952578.875000,2999982.250000,2047403.375000
ml,best,366,2026-10-06,3063.958496,10.000000,2482.070068,50.000000,-3.000000,-3.000000,372310.500000,186.155243,-372310.500000,3209.344482,50.000000,0.000000,3.000000,-481401.656250,240.700836,0.000000,3073.518555,50.000000,-3.000000,-3.000000,461027.781250,230.513885,-461027.781250,-833338.250000,-24601.593750,95296.343750,-953236.250000,2999982.250000,2046746.000000
ml,best,366,2026-10-07,3057.405518,10.000000,2482.070068,50.000000,0.000000,3.000000,-372310.500000,186.155243,0.000000,3209.344482,50.000000,-3.000000,-3.000000,481401.656250,240.700836,-481401.656250,3062.277588,50.000000,0.000000,3.000000,-459341.656250,229.670807,0.000000,-481401.656250,-374852.062500,95952.875000,-952206.625000,2999982.250000,2047775.625000
ml,best,366,2026-10-08,3026.607910,10.000000,2482.070068,50.000000,-3.000000,-3.000000,372310.500000,186.155243,-372310.500000,3209.344482,50.000000,0.000000,3.000000,-481401.656250,240.700836,0.000000,3039.135742,50.000000,-3.000000,-3.000000,455870.375000,227.935150,-455870.375000,-828180.875000,-28072.875000,96607.671875,-952861.437500,2999982.250000,2047120.750000
ml,best,366,2026-10-09,3023.518311,10.000000,2482.070068,50.000000,0.000000,3.000000,-372310.500000,186.155243,0.000000,3209.344482,50.000000,-3.000000,-3.000000,481401.656250,240.700836,-481401.656250,3039.286621,50.000000,0.000000,3.000000,-455892.968750,227.946487,0.000000,-481401.656250,-374874.687500,97262.468750,-953538.875000,2999982.250000,2046443.375000
ml,best,366,2026-10-10,2962.926514,10.000000,2482.070068,50.000000,0.000000,0.000000,-0.000000,0.000000,0.000000,3209.344482,50.000000,-3.000000,0.000000,-0.000000,0.000000,-481401.656250,2954.649658,50.000000,0.000000,0.000000,-0.000000,0.000000,0.000000,-481401.656250,-374874.687500,97262.468750,-953538.875000,2999982.250000,2046443.375000
ml,best,366,2026-10-11,2972.305664,10.000000,2482.070068,50.000000,0.000000,0.000000,-0.000000,0.000000,0.000000,3209.344482,50.000000,-3.000000,0.000000,-0.000000,0.000000,-481401.656250,2982.899170,50.000000,0.000000,0.000000,-0.000000,0.000000,0.000000,-481401.656250,-374874.687500,97262.468750,-953538.875000,2999982.250000,2046443.375000
ml,best,366,2026-10-12,3004.802246,10.000000,2482.070068,50.000000,0.000000,0.000000,-0.000000,0.000000,0.000000,3209.344482,50.000000,-3.000000,0.000000,-0.000000,0.000000,-481401.656250,3008.795166,50.000000,0.000000,0.000000,-0.000000,0.000000,0.000000,-481401.656250,-374874.687500,97262.468750,-953538.875000,2999982.250000,2046443.375000
ml,best,366,2026-10-13,3016.772705,10.000000,2482.070068,50.000000,-3.000000,-3.000000,372310.500000,186.155243,-372310.500000,3209.344482,50.000000,0.000000,3.000000,-481401.656250,240.700836,0.000000,3016.464600,50.000000,-3.000000,-3.000000,452469.687500,226.234833,-452469.687500,-824780.187500,-31496.156250,97915.562500,-954191.937500,2999982.250000,2045790.250000
ml,best,366,2026-10-14,3021.059814,10.000000,2482.070068,50.000000,0.000000,3.000000,-372310.500000,186.155243,0.000000,3209.344482,50.000000,-3.000000,-3.000000,481401.656250,240.700836,-481401.656250,2997.101318,50.000000,0.000000,3.000000,-449565.187500,224.782593,0.000000,-481401.656250,-371970.187500,98567.203125,-951939.062500,2999982.250000,2048043.250000
ml,best,366,2026-10-15,2998.698975,10.000000,2482.070068,50.000000,-3.000000,-3.000000,372310.500000,186.155243,-372310.500000,3209.344482,50.000000,0.000000,3.000000,-481401.656250,240.700836,0.000000,2993.856201,50.000000,-3.000000,-3.000000,449078.406250,224.539215,-449078.406250,-821388.875000,-31982.937500,99218.593750,-952590.375000,2999982.250000,2047391.875000
ml,best,366,2026-10-16,2998.401611,10.000000,2482.070068,50.000000,0.000000,3.000000,-372310.500000,186.155243,0.000000,3209.344482,50.000000,-3.000000,-3.000000,481401.656250,240.700836,-481401.656250,3005.284180,50.000000,-1.000000,2.000000,-300528.406250,150.264191,-150264.203125,-631665.875000,-223420.203125,99795.718750,-954881.750000,2999982.250000,2045100.500000
ml,best,366,2026-10-17,2977.264648,10.000000,2482.070068,50.000000,0.000000,0.000000,-0.000000,0.000000,0.000000,3209.344482,50.000000,-3.000000,0.000000,-0.000000,0.000000,-481401.656250,2980.791016,50.000000,-1.000000,0.000000,-0.000000,0.000000,-149039.546875,-630441.187500,-223420.203125,99795.718750,-953657.125000,2999982.250000,2046325.125000
ml,best,366,2026-10-18,2930.372803,10.000000,2482.070068,50.000000,0.000000,0.000000,-0.000000,0.000000,0.000000,3209.344482,50.000000,-3.000000,0.000000,-0.000000,0.000000,-481401.656250,2913.590332,50.000000,-1.000000,0.000000,-0.000000,0.000000,-145679.515625,-627081.187500,-223420.203125,99795.718750,-950297.125000,2999982.250000,2049685.125000
ml,best,366,2026-10-19,2915.487549,10.000000,2482.070068,50.000000,-3.000000,-3.000000,372310.500000,186.155243,-372310.500000,3209.344482,50.000000,0.000000,3.000000,-481401.656250,240.700836,0.000000,2925.352051,50.000000,1.000000,2.000000,-292535.218750,146.267609,146267.609375,-226042.890625,-625046.625000,100368.843750,-951458.375000,2999982.250000,2048523.875000
ml,best,366,2026-10-20,2916.534424,10.000000,2482.070068,50.000000,0.000000,3.000000,-372310.500000,186.155243,0.000000,3209.344482,50.000000,-3.000000,-3.000000,481401.656250,240.700836,-481401.656250,2936.514648,50.000000,-2.000000,-3.000000,440477.187500,220.238586,-293651.468750,-775053.125000,-75478.234375,101015.937500,-951547.312500,2999982.250000,2048435.000000
ml,best,366,2026-10-21,2946.119385,10.000000,2482.070068,50.000000,-3.000000,-3.000000,372310.500000,186.155243,-372310.500000,3209.344482,50.000000,0.000000,3.000000,-481401.656250,240.700836,0.000000,2958.569580,50.000000,1.000000,3.000000,-443785.437500,221.892731,147928.484375,-224382.015625,-628354.875000,101664.687500,-954401.562500,2999982.250000,2045580.750000
ml,best,366,2026-10-22,2933.146484,10.000000,2482.070068,50.000000,0.000000,3.000000,-372310.500000,186.155243,0.000000,3209.344482,50.000000,-3.000000,-3.000000,481401.656250,240.700836,-481401.656250,2936.384521,50.000000,-2.000000,-3.000000,440457.656250,220.228821,-293638.437500,-775040.125000,-78806.015625,102311.773438,-956157.875000,2999982.250000,2043824.375000
ml,best,366,2026-10-23,2919.670654,10.000000,2482.070068,50.000000,-3.000000,-3.000000,372310.500000,186.155243,-372310.500000,3209.344482,50.000000,0.000000,3.000000,-481401.656250,240.700836,0.000000,2942.418945,50.000000,0.000000,2.000000,-294241.906250,147.120941,0.000000,-372310.500000,-482139.062500,102885.750000,-957335.312500,2999982.250000,2042647.000000
ml,best,366,2026-10-24,2898.182129,10.000000,2482.070068,50.000000,-3.000000,0.000000,-0.000000,0.000000,-372310.500000,3209.344482,50.000000,0.000000,0.000000,-0.000000,0.000000,0.000000,2919.008301,50.000000,0.000000,0.000000,-0.000000,0.000000,0.000000,-372310.500000,-482139.062500,102885.750000,-957335.312500,2999982.250000,2042647.000000
ml,best,366,2026-10-25,2905.958984,10.000000,2482.070068,50.000000,-3.000000,0.000000,-0.000000,0.000000,-372310.500000,3209.344482,50.000000,0.000000,0.000000,-0.000000,0.000000,0.000000,2921.422363,50.000000,0.000000,0.000000,-0.000000,0.000000,0.000000,-372310.500000,-482139.062500,102885.750000,-957335.312500,2999982.250000,2042647.000000
ml,best,366,2026-10-26,2904.229004,10.000000,2482.070068,50.000000,0.000000,3.000000,-372310.500000,186.155243,0.000000,3209.344482,50.000000,-3.000000,-3.000000,481401.656250,240.700836,-481401.656250,2912.111816,50.000000,-3.000000,-3.000000,436816.812500,218.408386,-436816.812500,-918218.500000,63768.890625,103531.015625,-957980.625000,2999982.250000,2042001.625000
ml,best,366,2026-10-27,2848.328857,10.000000,2482.070068,50.000000,-3.000000,-3.000000,372310.500000,186.155243,-372310.500000,3209.344482,50.000000,0.000000,3.000000,-481401.656250,240.700836,0.000000,2849.820557,50.000000,0.000000,3.000000,-427473.093750,213.736542,0.000000,-372310.500000,-472795.343750,104171.609375,-949277.500000,2999982.250000,2050704.750000
ml,best,366,2026-10-28,2855.980225,10.000000,2482.070068,50.000000,0.000000,3.000000,-372310.500000,186.155243,0.000000,3209.344482,50.000000,-3.000000,-3.000000,481401.656250,240.700836,-481401.656250,2848.738770,50.000000,-3.000000,-3.000000,427310.843750,213.655396,-427310.843750,-908712.500000,63606.640625,104812.109375,-949918.000000,2999982.250000,2050064.250000
ml,best,366,2026-10-29,2829.609863,10.000000,2482.070068,50.000000,0.000000,0.000000,-0.000000,0.000000,0.000000,3209.344482,50.000000,0.000000,3.000000,-481401.656250,240.700836,0.000000,2817.220947,50.000000,0.000000,3.000000,-422583.156250,211.291580,0.000000,0.000000,-840378.125000,105264.109375,-945642.250000,2999982.250000,2054340.000000
ml,best,366,2026-10-30,2785.536133,10.000000,2482.070068,50.000000,0.000000,0.000000,-0.000000,0.000000,0.000000,3209.344482,50.000000,0.000000,0.000000,-0.000000,0.000000,0.000000,2817.220947,50.000000,0.000000,0.000000,-0.000000,0.000000,0.000000,0.000000,-840378.125000,105264.109375,-945642.250000,2999982.250000,2054340.000000
ml,mean,-1,2026-04-10,2055.000244,10.000000,2026.171753,50.000000,-3.000000,-3.000000,303925.718750,151.962875,-303925.718750,2047.068481,50.000000,-3.000000,-3.000000,307060.281250,153.530151,-307060.281250,2070.749756,50.000000,-7.000000,-7.000000,724762.375000,362.381165,-724762.375000,-1335748.125000,1335748.125000,667.874084,-667.874084,4854.180176,4186.308105
ml,mean,-1,2026-04-11,2054.917969,10.000000,2045.042114,50.000000,-3.000000,0.000000,0.000000,0.000000,-306756.343750,2066.141602,50.000000,-3.000000,0.000000,0.000000,0.000000,-309921.250000,2089.852539,50.000000,-7.000000,0.000000,0.000000,0.000000,-731448.375000,-1348125.750000,1335748.125000,667.874084,-13045.411133,4659.617676,-8385.792969
ml,mean,-1,2026-04-12,2054.396484,10.000000,2052.063477,50.000000,-3.000000,0.000000,0.000000,0.000000,-307809.531250,2073.190918,50.000000,-3.000000,0.000000,0.000000,0.000000,-310978.656250,2096.788086,50.000000,-7.000000,0.000000,0.000000,0.000000,-733875.812500,-1352664.000000,1335748.125000,667.874084,-17583.535156,3106.955566,-14476.578125
ml,mean,-1,2026-04-13,2054.778320,10.000000,2055.091064,50.000000,-1.200195,1.799805,-183064.234375,114.536324,-125199.437500,2076.218750,50.000000,-8.246094,-5.246094,551752.625000,331.623260,-863185.375000,2099.687500,50.000000,-3.371094,3.628906,-381763.187500,190.881577,-353127.531250,-1341512.375000,1322673.750000,1304.915283,-20143.679688,4082.126953,-16061.551758
ml,mean,-1,2026-04-14,2055.307617,10.000000,2056.458496,50.000000,-7.689453,-6.489258,668622.937500,345.595337,-793821.625000,2077.494629,50.000000,-7.250000,0.996094,-110498.937500,225.091583,-752569.500000,2100.764160,50.000000,-8.740234,-5.369141,570782.437500,340.412781,-924159.437500,-2470550.500000,2451580.250000,2216.014648,-21186.597656,9501.706055,-11684.890625
ml,mean,-1,2026-04-15,2055.031006,10.000000,2056.541504,50.000000,-4.256836,3.432617,-353933.093750,176.966553,-439711.156250,2077.521484,50.000000,-3.768555,3.481445,-362505.000000,182.101593,-390167.156250,2100.622559,50.000000,-7.680664,1.059570,-118867.375000,244.591827,-804876.750000,-1634754.875000,1616274.500000,2819.675049,-21300.156250,12981.291992,-8318.865234
ml,mean,-1,2026-04-16,2055.713135,10.000000,2058.324707,50.000000,-3.588867,0.667969,-71114.539062,155.021820,-369020.218750,2079.191895,50.000000,-6.311523,-2.542969,272768.000000,267.299194,-663367.125000,2102.151367,50.000000,-4.176758,3.503906,-369228.468750,192.585129,-436397.562500,-1468784.875000,1448699.500000,3434.581055,-23520.070312,19040.593750,-4479.477051
ml,mean,-1,2026-04-17,2054.457520,10.000000,2057.232178,50.000000,-2.847656,0.741211,-71450.953125,164.521179,-297332.343750,2078.005859,50.000000,-6.312500,-0.000977,-4504.227051,224.613632,-658323.500000,2100.802246,50.000000,-7.833008,-3.656250,394240.312500,309.263519,-830428.000000,-1786083.750000,1766984.500000,4132.979492,-23232.234375,20194.140625,-3038.092773
ml,mean,-1,2026-04-18,2055.090576,10.000000,2057.563721,50.000000,-2.847656,0.000000,0.000000,0.000000,-297455.937500,2078.244629,50.000000,-6.312500,0.000000,0.000000,0.000000,-658277.125000,2100.915527,50.000000,-7.833008,0.000000,0.000000,0.000000,-830034.187500,-1785767.250000,1766984.500000,4132.979492,-22915.638672,26195.082031,3279.440918
ml,mean,-1,2026-04-19,2055.919434,10.000000,2058.169678,50.000000,-2.847656,0.000000,0.000000,0.000000,-297537.437500,2078.764404,50.000000,-6.312500,0.000000,0.000000,0.000000,-658631.375000,2101.323486,50.000000,-7.833008,0.000000,0.000000,0.000000,-830389.000000,-1786557.750000,1766984.500000,4132.979492,-23706.218750,32624.458984,8918.246094
ml,mean,-1,2026-04-20,2055.373779,10.000000,2057.042969,50.000000,-6.004883,-3.157227,324116.625000,262.121124,-621495.312500,2077.570068,50.000000,-4.403320,1.909180,-202968.203125,195.397507,-455214.375000,2100.056885,50.000000,-7.071289,0.761719,-85686.718750,235.881866,-744211.437500,-1820921.125000,1802446.125000,4826.379883,-23301.277344,35379.621094,12078.340820
ml,mean,-1,2026-04-21,2056.397217,10.000000,2057.737061,50.000000,-3.275391,2.729492,-281979.750000,176.054474,-339975.281250,2078.182373,50.000000,-5.814453,-1.411133,156715.953125,242.456055,-612064.125000,2100.499268,50.000000,-5.107422,1.963867,-213128.078125,218.555573,-531023.437500,-1483062.875000,1464054.500000,5463.446289,-24471.902344,41852.085938,17380.179688
ml,mean,-1,2026-04-22,2055.747803,10.000000,2056.697266,50.000000,-4.047852,-0.772461,79013.820312,182.669678,-418923.437500,2077.115234,50.000000,-5.681641,0.132812,-16831.703125,217.204071,-594956.437500,2099.313232,50.000000,-7.185547,-2.078125,231526.968750,278.589783,-762353.750000,-1776233.750000,1757763.500000,6141.910156,-24612.058594,44518.812500,19906.750000
ml,mean,-1,2026-04-23,2056.399902,10.000000,2058.184326,50.000000,-2.994141,1.053711,-106205.835938,173.669037,-313034.906250,2078.568604,50.000000,-4.414062,1.267578,-137592.750000,198.790009,-457526.125000,2100.700439,50.000000,-6.696289,0.489258,-55431.335938,234.186920,-707146.625000,-1477707.625000,1458533.500000,6748.555664,-25922.738281,50515.375000,24592.636719
ml,mean,-1,2026-04-24,2057.510254,10.000000,2057.958496,50.000000,-5.083984,-2.089844,213475.500000,233.849228,-526358.062500,2078.256592,50.000000,-5.833984,-1.419922,155944.312500,242.225861,-613630.750000,2100.254639,50.000000,-5.115234,1.581055,-173783.968750,218.227234,-533569.312500,-1673558.250000,1654169.250000,7442.857422,-26831.578125,57714.183594,30882.607422
ml,mean,-1,2026-04-25,2057.923584,10.000000,2059.004883,50.000000,-5.083984,0.000000,0.000000,0.000000,-526440.875000,2079.188721,50.000000,-5.833984,0.000000,0.000000,0.000000,-613770.500000,2101.057129,50.000000,-5.115234,0.000000,0.000000,0.000000,-533784.562500,-1673995.750000,1654169.250000,7442.857422,-27269.308594,62897.980469,35628.671875
ml,mean,-1,2026-04-26,2057.012207,10.000000,2057.113770,50.000000,-5.083984,0.000000,0.000000,0.000000,-525838.187500,2077.230469,50.000000,-5.833984,0.000000,0.000000,0.000000,-613116.812500,2098.946289,50.000000,-5.115234,0.000000,0.000000,0.000000,-533075.687500,-1672030.625000,1654169.250000,7442.857422,-25304.257812,65063.023438,39758.765625
ml,mean,-1,2026-04-27,2057.780762,10.000000,2057.564453,50.000000,-3.293945,1.790039,-181939.265625,173.757141,-343981.125000,2077.619873,50.000000,-5.168945,0.665039,-68966.984375,197.015152,-544157.062500,2099.245117,50.000000,-7.387695,-2.272461,249320.781250,285.649536,-782428.312500,-1670566.500000,1652583.875000,8099.279297,-26081.869141,71364.960938,45283.097656
ml,mean,-1,2026-04-28,2058.302734,10.000000,2058.917236,50.000000,-4.160156,-0.866211,87486.171875,191.503006,-431536.750000,2078.923584,50.000000,-4.113281,1.055664,-115690.453125,191.519012,-428772.500000,2100.478516,50.000000,-6.235352,1.152344,-122686.546875,216.230652,-659996.187500,-1520305.500000,1501693.000000,8698.533203,-27310.945312,76979.070312,49668.128906
ml,mean,-1,2026-04-29,2058.319580,10.000000,2057.881836,50.000000,-0.628906,3.531250,-366001.031250,193.571228,-65536.804688,2077.827881,50.000000,-5.503906,-1.390625,152140.828125,235.566071,-580749.375000,2099.275391,50.000000,-4.968750,1.266602,-140377.734375,215.499283,-519069.968750,-1165356.250000,1147455.250000,9343.168945,-27244.203125,81355.031250,54110.820312
ml,mean,-1,2026-04-30,2059.009277,10.000000,2057.881836,50.000000,-0.452148,0.176758,-17989.984375,144.346100,-47546.812500,2078.920898,50.000000,-5.102539,0.401367,-43985.742188,202.919632,-536680.812500,2100.280273,50.000000,-7.349609,-2.380859,259873.187500,283.718445,-779460.250000,-1363688.000000,1345352.500000,9974.153320,-28309.488281,82360.640625,54051.160156
ml,mean,-1,2026-05-01,2058.481445,10.000000,2057.881836,50.000000,-1.270508,-0.818359,83126.773438,163.862823,-130673.570312,2078.410889,50.000000,-4.101562,1.000977,-108258.109375,192.177261,-428523.062500,2099.687988,50.000000,-6.376953,0.972656,-105438.445312,220.549637,-673412.750000,-1232609.500000,1214783.000000,10550.742188,-28377.289062,79999.703125,51622.414062
ml,mean,-1,2026-05-02,2058.085938,10.000000,2057.881836,50.000000,-1.270508,0.000000,0.000000,0.000000,-130673.570312,2077.235352,50.000000,-4.101562,0.000000,0.000000,0.000000,-428082.406250,2098.446289,50.000000,-6.376953,0.000000,0.000000,0.000000,-672931.250000,-1231687.250000,1214783.000000,10550.742188,-27455.156250,77959.000000,50503.839844
ml,mean,-1,2026-05-03,2058.033203,10.000000,2057.881836,50.000000,-1.270508,0.000000,0.000000,0.000000,-130673.570312,2076.815918,50.000000,-4.101562,0.000000,0.000000,0.000000,-428046.031250,2098.004395,50.000000,-6.376953,0.000000,0.000000,0.000000,-673012.250000,-1231731.875000,1214783.000000,10550.742188,-27499.765625,76936.031250,49436.265625
ml,mean,-1,2026-05-04,2057.393555,10.000000,2057.881836,50.000000,-0.892578,0.377930,-38187.089844,146.785858,-92486.484375,2075.788086,50.000000,-5.029297,-0.927734,103871.812500,218.755402,-531657.750000,2096.900879,50.000000,-4.648438,1.728516,-185368.375000,195.407562,-487094.937500,-1111239.125000,1095099.250000,11111.691406,-27251.625000,74490.757812,47239.132812
ml,mean,-1,2026-05-05,2057.917236,10.000000,2057.881836,50.000000,-0.990234,-0.097656,12034.777344,154.189331,-104521.265625,2076.559326,50.000000,-4.946289,0.083008,-9869.683594,204.316330,-522096.062500,2097.664795,50.000000,-6.767578,-2.119141,233667.718750,267.339844,-720771.937500,-1347389.375000,1330932.000000,11737.536133,-28194.847656,74818.468750,46623.628906
ml,mean,-1,2026-05-06,2058.353271,10.000000,2057.881836,50.000000,-0.897461,0.092773,-11478.431641,154.290985,-93042.835938,2076.677002,50.000000,-4.089844,0.856445,-93867.984375,189.337494,-427891.937500,2097.740723,50.000000,-6.202148,0.565430,-64492.128906,218.870499,-655905.187500,-1176839.875000,1161093.500000,12300.037109,-28046.535156,74943.718750,46897.179688
ml,mean,-1,2026-05-07,2059.674805,10.000000,2057.881836,50.000000,-0.985352,-0.087891,11015.214844,154.341141,-104058.046875,2078.500000,50.000000,-4.929688,-0.839844,94064.429688,215.740021,-522189.125000,2099.525635,50.000000,-4.863281,1.338867,-146866.265625,202.531509,-509428.375000,-1135675.500000,1119306.750000,12872.649414,-29241.369141,77359.125000,48117.753906
ml,mean,-1,2026-05-08,2060.469238,10.000000,2057.881836,50.000000,-0.897461,0.087891,-11015.214844,154.341141,-93042.835938,2078.061523,50.000000,-4.752930,0.176758,-19346.119141,200.993698,-502798.250000,2099.075195,50.000000,-6.323242,-1.459961,166301.187500,250.158752,-675565.625000,-1271406.750000,1255246.750000,13478.143555,-29638.156250,78313.406250,48675.250000
ml,mean,-1,2026-05-09,2061.218994,10.000000,2057.881836,50.000000,-0.897461,0.000000,0.000000,0.000000,-93042.835938,2078.136719,50.000000,-4.752930,0.000000,0.000000,0.000000,-502886.093750,2099.082031,50.000000,-6.323242,0.000000,0.000000,0.000000,-675709.625000,-1271638.625000,1255246.750000,13478.143555,-29869.994141,79317.015625,49447.019531
ml,mean,-1,2026-05-10,2061.253906,10.000000,2057.881836,50.000000,-0.897461,0.000000,0.000000,0.000000,-93042.835938,2078.531738,50.000000,-4.752930,0.000000,0.000000,0.000000,-502955.093750,2099.499268,50.000000,-6.323242,0.000000,0.000000,0.000000,-675984.500000,-1271982.375000,1255246.750000,13478.143555,-30213.925781,78481.773438,48267.839844
ml,mean,-1,2026-05-11,2063.797119,10.000000,2057.881836,50.000000,-0.985352,-0.087891,11015.214844,154.341141,-104058.046875,2081.081055,50.000000,-4.128906,0.624023,-69774.179688,190.300461,-433792.625000,2102.057373,50.000000,-5.908203,0.415039,-48404.148438,215.232071,-628331.937500,-1166182.500000,1148083.625000,14038.014648,-32137.023438,83896.000000,51758.976562
ml,mean,-1,2026-05-12,2064.426025,10.000000,2057.881836,50.000000,-0.897461,0.087891,-11015.214844,154.341141,-93042.835938,2079.818604,50.000000,-4.813477,-0.684570,77621.359375,215.603119,-511182.875000,2103.093750,50.000000,-4.891602,1.016602,-114232.859375,203.924759,-514350.312500,-1118576.000000,1100456.750000,14611.884766,-32731.033203,84612.726562,51881.691406
ml,mean,-1,2026-05-13,2064.223633,10.000000,2057.881836,50.000000,-0.985352,-0.087891,11015.214844,154.341141,-104058.046875,2078.957520,50.000000,-4.615234,0.198242,-22050.955078,197.396149,-488911.906250,2102.127686,50.000000,-6.030273,-1.138672,131535.781250,241.023972,-645935.250000,-1238905.250000,1220956.875000,15204.646484,-33152.957031,83179.320312,50026.359375
ml,mean,-1,2026-05-14,2064.829834,10.000000,2057.881836,50.000000,-0.897461,0.087891,-11015.214844,154.341141,-93042.835938,2080.294922,50.000000,-4.098633,0.516602,-57579.835938,194.653610,-431613.625000,2103.467285,50.000000,-5.752930,0.277344,-32724.462891,215.580688,-613645.562500,-1138302.125000,1119637.250000,15769.222656,-34433.937500,83859.085938,49425.156250
ml,mean,-1,2026-05-15,2065.791260,10.000000,2057.881836,50.000000,-0.985352,-0.087891,11015.214844,154.341141,-104058.046875,2080.995605,50.000000,-4.670898,-0.572266,65366.484375,212.488312,-497108.000000,2104.038330,50.000000,-4.855469,0.897461,-102273.804688,204.445984,-511502.562500,-1112668.625000,1093745.250000,16340.497070,-35263.812500,85387.281250,50123.468750
ml,mean,-1,2026-05-16,2066.817871,10.000000,2057.881836,50.000000,-0.985352,0.000000,0.000000,0.000000,-104058.046875,2082.173340,50.000000,-4.670898,0.000000,0.000000,0.000000,-497318.812500,2105.253906,50.000000,-4.855469,0.000000,0.000000,0.000000,-511723.312500,-1113100.250000,1093745.250000,16340.497070,-35695.433594,87025.750000,51330.308594
ml,mean,-1,2026-05-17,2067.632080,10.000000,2057.881836,50.000000,-0.985352,0.000000,0.000000,0.000000,-104058.046875,2082.709229,50.000000,-4.670898,0.000000,0.000000,0.000000,-497560.031250,2105.780762,50.000000,-4.855469,0.000000,0.000000,0.000000,-511739.906250,-1113358.000000,1093745.250000,16340.497070,-35953.273438,88171.734375,52218.460938
ml,mean,-1,2026-05-18,2068.699219,10.000000,2057.881836,50.000000,-0.897461,0.087891,-11015.214844,154.341141,-93042.835938,2083.227051,50.000000,-4.475586,0.195312,-21536.169922,194.695770,-476013.812500,2106.267578,50.000000,-6.017578,-1.162109,134661.468750,243.505600,-646884.875000,-1215941.375000,1195855.250000,16933.039062,-37019.136719,89785.781250,52766.636719
ml,mean,-1,2026-05-19,2069.196533,10.000000,2057.881836,50.000000,-0.985352,-0.087891,11015.214844,154.341141,-104058.046875,2083.495605,50.000000,-3.936523,0.539062,-61569.824219,191.046036,-414712.312500,2106.455078,50.000000,-5.506836,0.510742,-57639.335938,208.878204,-589499.000000,-1108269.375000,1087661.375000,17487.304688,-38095.273438,90246.195312,52150.929688
ml,mean,-1,2026-05-20,2069.464355,10.000000,2057.881836,50.000000,-0.897461,0.087891,-11015.214844,154.341141,-93042.835938,2083.327148,50.000000,-4.598633,-0.662109,76649.171875,211.601379,-491101.375000,2106.116699,50.000000,-4.696289,0.810547,-92591.398438,202.508514,-496607.968750,-1080752.125000,1060704.000000,18055.755859,-38103.957031,90182.171875,52078.210938
ml,mean,-1,2026-05-21,2069.502197,10.000000,2057.881836,50.000000,-0.985352,-0.087891,11015.214844,154.341141,-104058.046875,2083.624023,50.000000,-4.357422,0.241211,-27700.863281,193.511078,-463420.156250,2106.291016,50.000000,-5.770508,-1.074219,124646.046875,235.733002,-621410.437500,-1188888.625000,1168664.250000,18639.339844,-38863.593750,89261.328125,50397.730469
ml,mean,-1,2026-05-22,2069.421875,10.000000,2057.881836,50.000000,-0.897461,0.087891,-11015.214844,154.341141,-93042.835938,2083.977539,50.000000,-3.889648,0.467773,-52888.539062,190.010101,-410725.031250,2106.760742,50.000000,-5.512695,0.257812,-31178.863281,213.357498,-590193.437500,-1093961.250000,1073581.750000,19197.048828,-39576.574219,88122.562500,48545.984375
ml,mean,-1,2026-05-23,2070.128174,10.000000,2057.881836,50.000000,-0.897461,0.000000,0.000000,0.000000,-93042.835938,2084.499756,50.000000,-3.889648,0.000000,0.000000,0.000000,-410777.812500,2107.326416,50.000000,-5.512695,0.000000,0.000000,0.000000,-590183.250000,-1094004.000000,1073581.750000,19197.048828,-39619.250000,88854.328125,49235.085938
ml,mean,-1,2026-05-24,2070.739990,10.000000,2057.881836,50.000000,-0.897461,0.000000,0.000000,0.000000,-93042.835938,2085.152344,50.000000,-3.889648,0.000000,0.000000,0.000000,-411042.218750,2108.011963,50.000000,-5.512695,0.000000,0.000000,0.000000,-590537.500000,-1094622.500000,1073581.750000,19197.048828,-40237.839844,89461.984375,49224.148438
ml,mean,-1,2026-05-25,2071.530762,10.000000,2057.881836,50.000000,-0.897461,0.000000,0.000000,0.000000,-93042.835938,2085.615967,50.000000,-3.889648,0.000000,0.000000,0.000000,-411252.218750,2108.351074,50.000000,-5.512695,0.000000,0.000000,0.000000,-590602.375000,-1094897.375000,1073581.750000,19197.048828,-40512.714844,90514.031250,50001.328125
ml,mean,-1,2026-05-26,2072.395020,10.000000,2057.881836,50.000000,-0.985352,-0.087891,11015.214844,154.341141,-104058.046875,2085.708252,50.000000,-4.369141,-0.479492,57681.851562,205.569702,-468969.687500,2108.467041,50.000000,-4.665039,0.847656,-95091.648438,195.204956,-495437.437500,-1068465.125000,1047187.125000,19752.166016,-41030.171875,91690.843750,50660.664062
ml,mean,-1,2026-05-27,2072.616943,10.000000,2057.881836,50.000000,-0.897461,0.087891,-11015.214844,154.341141,-93042.835938,2085.790527,50.000000,-4.330078,0.039062,-5659.485352,195.933105,-463176.125000,2108.416260,50.000000,-5.606445,-0.941406,110439.085938,234.732697,-606018.625000,-1162237.750000,1140951.625000,20337.171875,-41623.277344,91398.265625,49774.988281
ml,mean,-1,2026-05-28,2072.864502,10.000000,2057.881836,50.000000,-0.985352,-0.087891,11015.214844,154.341141,-104058.046875,2086.158203,50.000000,-3.840820,0.489258,-57793.339844,187.585175,-405499.656250,2108.605225,50.000000,-5.345703,0.260742,-31334.816406,205.526917,-574759.375000,-1084317.125000,1062838.625000,20884.625000,-42363.117188,91184.406250,48821.289062
ml,mean,-1,2026-05-29,2073.693848,10.000000,2057.881836,50.000000,-0.897461,0.087891,-11015.214844,154.341141,-93042.835938,2086.586914,50.000000,-4.223633,-0.382812,47444.121094,203.550568,-453194.375000,2109.026855,50.000000,-4.503906,0.841797,-96001.750000,196.742981,-478960.531250,-1025197.750000,1003265.750000,21439.259766,-43371.289062,92458.289062,49087.000000
ml,mean,-1,2026-05-30,2073.535400,10.000000,2057.881836,50.000000,-0.897461,0.000000,0.000000,0.000000,-93042.835938,2085.557617,50.000000,-4.223633,0.000000,0.000000,0.000000,-452858.500000,2108.007812,50.000000,-4.503906,0.000000,0.000000,0.000000,-478715.468750,-1024616.812500,1003265.750000,21439.259766,-42790.281250,91122.531250,48332.257812
ml,mean,-1,2026-05-31,2072.944580,10.000000,2057.881836,50.000000,-0.897461,0.000000,0.000000,0.000000,-93042.835938,2084.236084,50.000000,-4.223633,0.000000,0.000000,0.000000,-452822.156250,2106.563232,50.000000,-4.503906,0.000000,0.000000,0.000000,-478276.718750,-1024141.750000,1003265.750000,21439.259766,-42315.234375,88722.156250,46406.921875
ml,mean,-1,2026-06-01,2073.146240,10.000000,2057.881836,50.000000,-0.985352,-0.087891,11015.214844,154.341141,-104058.046875,2084.734619,50.000000,-4.048828,0.174805,-19682.568359,187.911255,-433203.312500,2107.058105,50.000000,-5.204102,-0.700195,84487.140625,217.745026,-562831.375000,-1100092.750000,1079085.500000,21999.257812,-43006.378906,88228.187500,45221.804688
ml,mean,-1,2026-06-02,2073.343018,10.000000,2057.881836,50.000000,-0.897461,0.087891,-11015.214844,154.341141,-93042.835938,2085.082520,50.000000,-3.670898,0.377930,-43297.039062,187.507202,-390034.093750,2107.351318,50.000000,-5.137695,0.066406,-9791.181641,206.563904,-553134.375000,-1036211.187500,1014982.125000,22547.671875,-43776.808594,87806.367188,44029.566406
ml,mean,-1,2026-06-03,2073.043945,10.000000,2057.881836,50.000000,-0.985352,-0.087891,11015.214844,154.341141,-104058.046875,2084.400635,50.000000,-4.007812,-0.336914,38149.011719,194.855591,-428239.312500,2106.626221,50.000000,-4.526367,0.611328,-70366.632812,193.595062,-482464.312500,-1014761.625000,993779.687500,23090.462891,-44072.371094,86086.156250,42013.777344
ml,mean,-1,2026-06-04,2074.162354,10.000000,2057.881836,50.000000,-0.897461,0.087891,-11015.214844,154.341141,-93042.835938,2085.473145,50.000000,-3.968750,0.039062,-2999.488770,190.363815,-425447.656250,2107.656738,50.000000,-5.162109,-0.635742,76259.085938,217.989746,-558948.062500,-1077438.625000,1056024.125000,23653.158203,-45067.664062,87960.093750,42892.437500
ml,mean,-1,2026-06-05,2073.713379,10.000000,2057.881836,50.000000,-0.985352,-0.087891,11015.214844,154.341141,-104058.046875,2084.272461,50.000000,-3.674805,0.293945,-34950.390625,183.935287,-390232.437500,2106.415039,50.000000,-5.004883,0.157227,-19423.173828,200.825378,-539226.375000,-1033516.875000,1012665.687500,24192.259766,-45043.394531,85978.132812,40934.742188
ml,mean,-1,2026-06-06,2074.119385,10.000000,2057.881836,50.000000,-0.985352,0.000000,0.000000,0.000000,-104058.046875,2085.420898,50.000000,-3.674805,0.000000,0.000000,0.000000,-390498.375000,2107.486572,50.000000,-5.004883,0.000000,0.000000,0.000000,-539537.500000,-1034093.875000,1012665.687500,24192.259766,-45620.464844,85969.117188,40348.660156
ml,mean,-1,2026-06-07,2073.340820,10.000000,2057.881836,50.000000,-0.985352,0.000000,0.000000,0.000000,-104058.046875,2084.359619,50.000000,-3.674805,0.000000,0.000000,0.000000,-390323.062500,2106.339111,50.000000,-5.004883,0.000000,0.000000,0.000000,-539319.437500,-1033700.500000,1012665.687500,24192.259766,-45227.082031,83159.570312,37932.488281
ml,mean,-1,2026-06-08,2074.252197,10.000000,2057.881836,50.000000,-0.897461,0.087891,-11015.214844,154.341141,-93042.835938,2085.347412,50.000000,-3.784180,-0.109375,15190.533203,186.232788,-405471.125000,2107.312256,50.000000,-4.458984,0.545898,-63296.441406,192.374771,-476230.093750,-974744.000000,953544.625000,24725.207031,-45924.664062,84597.140625,38672.468750
ml,mean,-1,2026-06-09,2075.738281,10.000000,2057.881836,50.000000,-0.985352,-0.087891,11015.214844,154.341141,-104058.046875,2086.544922,50.000000,-3.919922,-0.135742,14117.213867,191.504974,-419684.656250,2108.395752,50.000000,-4.960938,-0.501953,62104.328125,210.718079,-538505.187500,-1062247.875000,1040781.375000,25281.771484,-46748.273438,87453.929688,40705.652344
ml,mean,-1,2026-06-10,2077.496094,10.000000,2057.881836,50.000000,-0.897461,0.087891,-11015.214844,154.341141,-93042.835938,2087.281250,50.000000,-3.631836,0.288086,-31867.488281,182.587982,-388119.062500,2109.134766,50.000000,-4.895508,0.065430,-9456.802734,200.697205,-529314.625000,-1010476.500000,988441.875000,25819.398438,-47854.023438,90875.593750,43021.566406
ml,mean,-1,2026-06-11,2077.612793,10.000000,2057.881836,50.000000,-0.985352,-0.087891,11015.214844,154.341141,-104058.046875,2088.195312,50.000000,-3.612305,0.019531,-491.695557,181.669128,-387848.250000,2110.064941,50.000000,-4.522461,0.373047,-45461.925781,194.141479,-484324.625000,-976230.937500,953503.500000,26349.548828,-49076.976562,90189.125000,41112.136719
ml,mean,-1,2026-06-12,2078.480225,10.000000,2057.881836,50.000000,-0.897461,0.087891,-11015.214844,154.341141,-93042.835938,2088.086914,50.000000,-3.636719,-0.024414,3897.908691,180.676590,-391615.062500,2109.833008,50.000000,-4.902344,-0.379883,47269.593750,206.365906,-531527.500000,-1016185.375000,993655.750000,26890.933594,-49420.527344,91450.921875,42030.382812
ml,mean,-1,2026-06-13,2079.627686,10.000000,2057.881836,50.000000,-0.897461,0.000000,0.000000,0.000000,-93042.835938,2089.340088,50.000000,-3.636719,0.000000,0.000000,0.000000,-391887.250000,2111.048096,50.000000,-4.902344,0.000000,0.000000,0.000000,-532014.250000,-1016944.312500,993655.750000,26890.933594,-50179.500000,93329.679688,43150.179688
ml,mean,-1,2026-06-14,2078.731445,10.000000,2057.881836,50.000000,-0.897461,0.000000,0.000000,0.000000,-93042.835938,2086.861084,50.000000,-3.636719,0.000000,0.000000,0.000000,-391396.781250,2108.473633,50.000000,-4.902344,0.000000,0.000000,0.000000,-531187.812500,-1015627.375000,993655.750000,26890.933594,-48862.597656,89995.414062,41132.812500
ml,mean,-1,2026-06-15,2078.775635,10.000000,2057.881836,50.000000,-0.985352,-0.087891,11015.214844,154.341141,-104058.046875,2087.780029,50.000000,-3.507812,0.128906,-17733.050781,176.710815,-373724.750000,2109.263184,50.000000,-4.680664,0.221680,-24305.250000,194.627197,-506753.375000,-984536.187500,962632.625000,27416.611328,-49320.128906,89263.757812,39943.625000
ml,mean,-1,2026-06-16,2081.052734,10.000000,2057.881836,50.000000,-0.897461,0.087891,-11015.214844,154.341141,-93042.835938,2089.956299,50.000000,-3.504883,0.002930,2437.046875,180.686829,-376666.375000,2111.353760,50.000000,-4.568359,0.112305,-16387.527344,194.660339,-491122.312500,-960831.562500,937667.000000,27946.300781,-51110.878906,93887.335938,42776.453125
ml,mean,-1,2026-06-17,2081.390381,10.000000,2057.881836,50.000000,-0.985352,-0.087891,11015.214844,154.341141,-104058.046875,2089.604736,50.000000,-3.507812,-0.002930,610.152588,176.782791,-377441.406250,2110.962891,50.000000,-4.627930,-0.059570,10802.741211,199.090836,-501673.625000,-983173.062500,960095.125000,28476.515625,-51554.535156,93752.039062,42197.511719
ml,mean,-1,2026-06-18,2083.297363,10.000000,2057.881836,50.000000,-0.897461,0.087891,-11015.214844,154.341141,-93042.835938,2091.728516,50.000000,-3.389648,0.118164,-14046.618164,174.761719,-363738.625000,2113.123535,50.000000,-4.856445,-0.228516,25485.257812,200.552048,-527561.250000,-984342.687500,960518.437500,29006.171875,-52830.402344,97624.781250,44794.382812
ml,mean,-1,2026-06-19,2084.840820,10.000000,2057.881836,50.000000,-0.897461,0.000000,0.000000,0.000000,-93042.835938,2093.447266,50.000000,-3.389648,0.000000,0.000000,0.000000,-364101.531250,2114.782715,50.000000,-4.856445,0.000000,0.000000,0.000000,-527914.062500,-985058.375000,960518.437500,29006.171875,-53546.058594,100594.179688,47048.128906
ml,mean,-1,2026-06-20,2084.552979,10.000000,2057.881836,50.000000,-0.897461,0.000000,0.000000,0.000000,-93042.835938,2092.570801,50.000000,-3.389648,0.000000,0.000000,0.000000,-364023.218750,2113.817383,50.000000,-4.856445,0.000000,0.000000,0.000000,-527795.625000,-984861.625000,960518.437500,29006.171875,-53349.316406,98954.843750,45605.515625
ml,mean,-1,2026-06-21,2083.950928,10.000000,2057.881836,50.000000,-0.897461,0.000000,0.000000,0.000000,-93042.835938,2091.096924,50.000000,-3.389648,0.000000,0.000000,0.000000,-363608.562500,2112.273438,50.000000,-4.856445,0.000000,0.000000,0.000000,-527549.437500,-984200.812500,960518.437500,29006.171875,-52688.519531,96513.335938,43824.820312
ml,mean,-1,2026-06-22,2084.369629,10.000000,2057.881836,50.000000,-0.985352,-0.087891,11015.214844,154.341141,-104058.046875,2091.373535,50.000000,-3.229492,0.160156,-19122.126953,167.102509,-344611.593750,2112.395752,50.000000,-4.175781,0.680664,-77136.523438,180.702408,-450665.531250,-899335.125000,875275.062500,29508.314453,-53568.421875,96619.484375,43051.058594
ml,mean,-1,2026-06-23,2084.692139,10.000000,2057.881836,50.000000,-0.897461,0.087891,-11015.214844,154.341141,-93042.835938,2091.401855,50.000000,-3.253906,-0.024414,3242.982178,170.633255,-348063.062500,2112.336670,50.000000,-4.646484,-0.470703,53315.921875,198.746811,-503758.843750,-944864.687500,920818.687500,30032.037109,-54078.023438,96499.390625,42421.371094
ml,mean,-1,2026-06-24,2084.270996,10.000000,2057.881836,50.000000,-0.985352,-0.087891,11015.214844,154.341141,-104058.046875,2091.360840,50.000000,-3.236328,0.017578,68.778870,169.420334,-348175.656250,2112.270996,50.000000,-4.550781,0.095703,-9345.552734,192.820114,-494312.093750,-946545.750000,922557.250000,30548.619141,-54537.246094,94459.656250,39922.414062
ml,mean,-1,2026-06-25,2084.037109,10.000000,2057.881836,50.000000,-0.897461,0.087891,-11015.214844,154.341141,-93042.835938,2091.141113,50.000000,-3.188477,0.047852,-6420.537109,167.060791,-341869.000000,2112.055420,50.000000,-4.332031,0.218750,-27365.986328,183.834641,-466943.062500,-901854.812500,877755.500000,31053.855469,-55153.269531,92939.031250,37785.757812
ml,mean,-1,2026-06-26,2084.725098,10.000000,2057.881836,50.000000,-0.985352,-0.087891,11015.214844,154.341141,-104058.046875,2091.648438,50.000000,-3.040039,0.148438,-16635.957031,163.329971,-325265.500000,2112.509277,50.000000,-4.269531,0.062500,-3316.054688,188.038727,-463783.156250,-893106.750000,868818.625000,31559.564453,-55847.578125,93740.375000,37892.789062
ml,mean,-1,2026-06-27,2084.357910,10.000000,2057.881836,50.000000,-0.985352,0.000000,0.000000,0.000000,-104058.046875,2090.697998,50.000000,-3.040039,0.000000,0.000000,0.000000,-325292.125000,2111.487549,50.000000,-4.269531,0.000000,0.000000,0.000000,-463393.875000,-892744.062500,868818.625000,31559.564453,-55484.917969,91842.953125,36358.031250
ml,mean,-1,2026-06-28,2084.930664,10.000000,2057.881836,50.000000,-0.985352,0.000000,0.000000,0.000000,-104058.046875,2091.075439,50.000000,-3.040039,0.000000,0.000000,0.000000,-325315.062500,2111.949707,50.000000,-4.269531,0.000000,0.000000,0.000000,-463470.312500,-892843.375000,868818.625000,31559.564453,-55584.316406,92288.257812,36703.937500
ml,mean,-1,2026-06-29,2085.214844,10.000000,2057.881836,50.000000,-0.897461,0.087891,-11015.214844,154.341141,-93042.835938,2091.091553,50.000000,-3.184570,-0.144531,14812.050781,164.074631,-340110.968750,2112.018555,50.000000,-4.462891,-0.193359,20278.136719,185.668930,-483922.062500,-917075.875000,892893.625000,32063.650391,-56245.894531,92068.179688,35822.289062
ml,mean,-1,2026-06-30,2085.845215,10.000000,2057.881836,50.000000,-0.985352,-0.087891,11015.214844,154.341141,-104058.046875,2091.674316,50.000000,-2.990234,0.194336,-19045.988281,161.460175,-321256.968750,2112.632324,50.000000,-4.194336,0.268555,-30600.371094,182.223206,-453440.125000,-878755.187500,854262.500000,32561.673828,-57054.328125,92657.351562,35603.015625
ml,mean,-1,2026-07-01,2085.566895,10.000000,2057.881836,50.000000,-0.897461,0.087891,-11015.214844,154.341141,-93042.835938,2091.154541,50.000000,-3.015625,-0.025391,2155.317871,159.513062,-323360.937500,2112.097168,50.000000,-4.267578,-0.073242,8212.388672,182.789612,-461212.281250,-877616.062500,853615.000000,33058.320312,-57059.394531,91004.937500,33945.546875
ml,mean,-1,2026-07-02,2085.987793,10.000000,2057.881836,50.000000,-0.985352,-0.087891,11015.214844,154.341141,-104058.046875,2091.409668,50.000000,-2.844727,0.170898,-19474.291016,153.968109,-303918.906250,2112.248047,50.000000,-4.141602,0.125977,-10447.671875,182.874710,-450650.687500,-858627.687500,834708.187500,33549.500000,-57468.933594,91075.492188,33606.566406
ml,mean,-1,2026-07-03,2087.114502,10.000000,2057.881836,50.000000,-0.897461,0.087891,-11015.214844,154.341141,-93042.835938,2092.927246,50.000000,-2.904297,-0.059570,5800.588379,157.592010,-309820.000000,2113.782715,50.000000,-4.168945,-0.027344,325.080078,180.100021,-451286.500000,-854149.312500,829818.687500,34041.535156,-58372.171875,92797.312500,34425.144531
ml,mean,-1,2026-07-04,2087.336182,10.000000,2057.881836,50.000000,-0.897461,0.000000,0.000000,0.000000,-93042.835938,2092.635254,50.000000,-2.904297,0.000000,0.000000,0.000000,-309836.437500,2113.393066,50.000000,-4.168945,0.000000,0.000000,0.000000,-451236.875000,-854116.125000,829818.687500,34041.535156,-58338.960938,92480.578125,34141.625000
ml,mean,-1,2026-07-05,2088.151855,10.000000,2057.881836,50.000000,-0.897461,0.000000,0.000000,0.000000,-93042.835938,2092.675049,50.000000,-2.904297,0.000000,0.000000,0.000000,-309896.906250,2113.418945,50.000000,-4.168945,0.000000,0.000000,0.000000,-451243.343750,-854183.125000,829818.687500,34041.535156,-58405.960938,93449.820312,35043.855469
ml,mean,-1,2026-07-06,2088.401611,10.000000,2057.881836,50.000000,-0.985352,-0.087891,11015.214844,154.341141,-104058.046875,2092.908203,50.000000,-2.841797,0.062500,-4821.194336,154.598083,-304895.625000,2113.635986,50.000000,-3.907227,0.261719,-29682.181641,174.051682,-421568.875000,-830522.562500,806330.500000,34524.523438,-58716.601562,93140.000000,34423.390625
ml,mean,-1,2026-07-07,2089.930176,10.000000,2057.881836,50.000000,-0.897461,0.087891,-11015.214844,154.341141,-93042.835938,2094.229492,50.000000,-2.797852,0.043945,-6689.069336,147.653152,-298353.500000,2114.886719,50.000000,-4.029297,-0.122070,14510.933594,177.461456,-436160.000000,-827556.312500,803137.187500,35003.984375,-59423.109375,95517.742188,36094.628906
ml,mean,-1,2026-07-08,2090.672852,10.000000,2057.881836,50.000000,-0.985352,-0.087891,11015.214844,154.341141,-104058.046875,2095.093750,50.000000,-2.641602,0.156250,-16207.663086,146.331024,-282260.062500,2115.633545,50.000000,-3.885742,0.143555,-13108.076172,176.419571,-423006.968750,-809325.000000,784836.625000,35481.078125,-59969.464844,96235.460938,36265.992188
ml,mean,-1,2026-07-09,2090.360840,10.000000,2057.881836,50.000000,-0.897461,0.087891,-11015.214844,154.341141,-93042.835938,2094.689453,50.000000,-2.777344,-0.135742,13441.372070,146.326263,-295544.750000,2115.217285,50.000000,-3.907227,-0.021484,52.407959,171.680191,-422975.312500,-811562.875000,787315.250000,35953.421875,-60201.062500,94934.796875,34733.734375
ml,mean,-1,2026-07-10,2091.148193,10.000000,2057.881836,50.000000,-0.985352,-0.087891,11015.214844,154.341141,-104058.046875,2095.262451,50.000000,-2.568359,0.208984,-21217.359375,146.119537,-274373.187500,2115.750244,50.000000,-3.723633,0.183594,-19963.654297,170.047882,-403172.000000,-781603.250000,757149.500000,36423.929688,-60877.777344,95637.421875,34759.656250
ml,mean,-1,2026-07-11,2090.412109,10.000000,2057.881836,50.000000,-0.985352,0.000000,0.000000,0.000000,-104058.046875,2093.043457,50.000000,-2.568359,0.000000,0.000000,0.000000,-274146.343750,2113.480957,50.000000,-3.723633,0.000000,0.000000,0.000000,-402895.625000,-781100.062500,757149.500000,36423.929688,-60374.554688,93823.093750,33448.531250
ml,mean,-1,2026-07-12,2091.422852,10.000000,2057.881836,50.000000,-0.985352,0.000000,0.000000,0.000000,-104058.046875,2094.570557,50.000000,-2.568359,0.000000,0.000000,0.000000,-274347.156250,2114.962646,50.000000,-3.723633,0.000000,0.000000,0.000000,-403144.718750,-781550.000000,757149.500000,36423.929688,-60824.433594,94848.632812,34024.187500
ml,mean,-1,2026-07-13,2091.047119,10.000000,2057.881836,50.000000,-0.897461,0.087891,-11015.214844,154.341141,-93042.835938,2093.870850,50.000000,-2.683594,-0.115234,10340.039062,143.075928,-284581.468750,2114.214844,50.000000,-3.701172,0.022461,-2507.451416,166.378418,-400373.656250,-777998.000000,753966.750000,36887.722656,-60918.929688,93620.304688,32701.375000
ml,mean,-1,2026-07-14,2091.722412,10.000000,2057.881836,50.000000,-0.985352,-0.087891,11015.214844,154.341141,-104058.046875,2094.609863,50.000000,-2.516602,0.166992,-17539.294922,139.452805,-267172.875000,2115.003906,50.000000,-3.687500,0.013672,-468.366211,169.886932,-399996.843750,-771227.750000,746974.312500,37351.406250,-61604.851562,94055.945312,32451.091797
ml,mean,-1,2026-07-15,2090.976562,10.000000,2057.881836,50.000000,-0.897461,0.087891,-11015.214844,154.341141,-93042.835938,2094.184082,50.000000,-2.617188,-0.100586,8700.627930,139.382004,-275756.250000,2114.531494,50.000000,-3.717773,-0.030273,1797.884277,167.255905,-401671.343750,-770470.562500,746457.687500,37812.382812,-61825.203125,92447.250000,30622.050781
ml,mean,-1,2026-07-16,2092.110107,10.000000,2057.881836,50.000000,-0.985352,-0.087891,11015.214844,154.341141,-104058.046875,2094.636719,50.000000,-2.539062,0.078125,-4685.569336,141.021301,-271218.562500,2114.952637,50.000000,-3.456055,0.261719,-28608.519531,160.178726,-373218.250000,-748494.875000,724178.750000,38267.929688,-62583.980469,93416.015625,30832.037109
ml,mean,-1,2026-07-17,2090.942871,10.000000,2057.881836,50.000000,-0.897461,0.087891,-11015.214844,154.341141,-93042.835938,2093.329346,50.000000,-2.546875,-0.007812,-3590.738770,138.114563,-267458.937500,2113.582520,50.000000,-3.493164,-0.037109,2704.814453,159.129944,-375626.562500,-736128.312500,712277.625000,38719.515625,-62570.203125,91565.015625,28994.808594
ml,mean,-1,2026-07-18,2090.528809,10.000000,2057.881836,50.000000,-0.897461,0.000000,0.000000,0.000000,-93042.835938,2093.261719,50.000000,-2.546875,0.000000,0.000000,0.000000,-267520.062500,2113.441650,50.000000,-3.493164,0.000000,0.000000,0.000000,-375526.531250,-736089.500000,712277.625000,38719.515625,-62531.363281,90697.851562,28166.490234
ml,mean,-1,2026-07-19,2090.732666,10.000000,2057.881836,50.000000,-0.897461,0.000000,0.000000,0.000000,-93042.835938,2092.703857,50.000000,-2.546875,0.000000,0.000000,0.000000,-267474.718750,2112.770508,50.000000,-3.493164,0.000000,0.000000,0.000000,-375531.968750,-736049.562500,712277.625000,38719.515625,-62491.441406,90488.359375,27996.912109
ml,mean,-1,2026-07-20,2092.140137,10.000000,2057.881836,50.000000,-0.985352,-0.087891,11015.214844,154.341141,-104058.046875,2094.208252,50.000000,-2.491211,0.055664,-3061.606934,140.694885,-264594.250000,2114.277588,50.000000,-3.406250,0.086914,-8362.556641,160.386047,-367576.187500,-736228.500000,711868.687500,39174.937500,-63534.777344,91597.656250,28062.880859
ml,mean,-1,2026-07-21,2091.859131,10.000000,2057.881836,50.000000,-0.897461,0.087891,-11015.214844,154.341141,-93042.835938,2093.681396,50.000000,-2.520508,-0.029297,846.285278,138.526062,-265435.312500,2113.720215,50.000000,-3.354492,0.051758,-7864.031250,153.772476,-359572.750000,-718050.875000,693835.750000,39621.574219,-63836.750000,90944.789062,27108.035156
ml,mean,-1,2026-07-22,2092.159424,10.000000,2057.881836,50.000000,-0.985352,-0.087891,11015.214844,154.341141,-104058.046875,2093.861084,50.000000,-2.402344,0.118164,-11328.457031,139.202896,-254246.968750,2113.944092,50.000000,-3.202148,0.152344,-17020.871094,150.665634,-342504.968750,-700810.000000,676501.625000,40065.781250,-64374.171875,90876.234375,26502.056641
ml,mean,-1,2026-07-23,2092.864014,10.000000,2057.881836,50.000000,-0.897461,0.087891,-11015.214844,154.341141,-93042.835938,2094.154785,50.000000,-2.567383,-0.165039,17316.974609,140.852676,-271584.968750,2114.251221,50.000000,-3.298828,-0.096680,11243.898438,153.510193,-353803.187500,-718430.937500,694047.250000,40514.488281,-64898.191406,91117.976562,26219.792969
ml,mean,-1,2026-07-24,2093.396973,10.000000,2057.881836,50.000000,-0.985352,-0.087891,11015.214844,154.341141,-104058.046875,2094.672363,50.000000,-2.319336,0.248047,-26915.117188,137.633850,-244779.296875,2114.794922,50.000000,-3.175781,0.123047,-13627.410156,152.086304,-340455.937500,-689293.250000,664519.875000,40958.546875,-65731.851562,91212.187500,25480.341797
ml,mean,-1,2026-07-25,2093.668213,10.000000,2057.881836,50.000000,-0.985352,0.000000,0.000000,0.000000,-104058.046875,2095.348145,50.000000,-2.319336,0.000000,0.000000,0.000000,-245007.671875,2115.454346,50.000000,-3.175781,0.000000,0.000000,0.000000,-340638.750000,-689704.437500,664519.875000,40958.546875,-66143.046875,91154.804688,25011.750000
ml,mean,-1,2026-07-26,2093.871826,10.000000,2057.881836,50.000000,-0.985352,0.000000,0.000000,0.000000,-104058.046875,2094.663330,50.000000,-2.319336,0.000000,0.000000,0.000000,-245020.046875,2114.747559,50.000000,-3.175781,0.000000,0.000000,0.000000,-340523.656250,-689601.750000,664519.875000,40958.546875,-66040.328125,91058.031250,25017.710938
ml,mean,-1,2026-07-27,2094.272461,10.000000,2057.881836,50.000000,-0.897461,0.087891,-11015.214844,154.341141,-93042.835938,2094.760742,50.000000,-2.478516,-0.159180,16889.361328,140.652618,-261910.312500,2114.838867,50.000000,-3.171875,0.003906,-3328.967285,147.819672,-336967.718750,-691920.875000,667065.125000,41401.359375,-66257.085938,91068.617188,24811.537109
ml,mean,-1,2026-07-28,2095.041260,10.000000,2057.881836,50.000000,-0.985352,-0.087891,11015.214844,154.341141,-104058.046875,2095.001465,50.000000,-2.333008,0.145508,-14969.495117,139.769348,-246851.171875,2115.107422,50.000000,-3.002930,0.168945,-17171.296875,144.971603,-319758.281250,-670667.500000,645939.562500,41840.441406,-66568.406250,91239.070312,24670.675781
ml,mean,-1,2026-07-29,2095.106689,10.000000,2057.881836,50.000000,-0.897461,0.087891,-11015.214844,154.341141,-93042.835938,2094.606934,50.000000,-0.058594,2.274414,-238784.250000,151.410645,-8026.663086,2114.760986,50.000000,-3.100586,-0.097656,8951.671875,143.556610,-328789.562500,-429859.031250,405091.750000,42289.750000,-67057.046875,91140.554688,24083.511719
ml,mean,-1,2026-07-30,2095.871582,10.000000,2057.881836,50.000000,-0.985352,-0.087891,11015.214844,154.341141,-104058.046875,2094.606934,50.000000,-0.609375,-0.550781,60459.835938,151.155334,-68486.500000,2115.524902,50.000000,-2.956055,0.144531,-13145.317383,143.968567,-315750.312500,-488294.875000,463421.500000,42739.218750,-67612.625000,91229.484375,23616.851562
ml,mean,-1,2026-07-31,2096.724609,10.000000,2057.881836,50.000000,-0.897461,0.087891,-11015.214844,154.341141,-93042.835938,2094.606934,50.000000,-0.175781,0.433594,-47403.195312,156.507385,-21083.298828,2116.508057,50.000000,-3.085938,-0.129883,12423.957031,143.578278,-328355.531250,-442481.656250,417427.000000,43193.648438,-68248.296875,91307.328125,23059.027344
ml,mean,-1,2026-08-01,2096.291992,10.000000,2057.881836,50.000000,-0.897461,0.000000,0.000000,0.000000,-93042.835938,2094.606934,50.000000,-0.175781,0.000000,0.000000,0.000000,-21083.298828,2115.580566,50.000000,-3.085938,0.000000,0.000000,0.000000,-328286.656250,-442412.812500,417427.000000,43193.648438,-68179.429688,91315.960938,23136.535156
ml,mean,-1,2026-08-02,2097.012695,10.000000,2057.881836,50.000000,-0.897461,0.000000,0.000000,0.000000,-93042.835938,2094.606934,50.000000,-0.175781,0.000000,0.000000,0.000000,-21083.298828,2116.052246,50.000000,-3.085938,0.000000,0.000000,0.000000,-328413.687500,-442539.843750,417427.000000,43193.648438,-68306.445312,91324.507812,23018.058594
ml,mean,-1,2026-08-03,2097.166504,10.000000,2057.881836,50.000000,-0.985352,-0.087891,11015.214844,154.341141,-104058.046875,2094.606934,50.000000,-0.622070,-0.446289,48704.410156,157.033051,-69787.703125,2115.350342,50.000000,-2.855469,0.230469,-25709.750000,140.824020,-302606.625000,-476452.375000,451436.906250,43645.843750,-68661.335938,91332.968750,22671.636719
ml,mean,-1,2026-08-04,2097.874756,10.000000,2057.881836,50.000000,-0.897461,0.087891,-11015.214844,154.341141,-93042.835938,2094.606934,50.000000,-0.177734,0.444336,-48485.023438,157.048309,-21302.685547,2116.560059,50.000000,-2.938477,-0.083008,8520.167969,139.743317,-311315.593750,-425661.125000,400456.843750,44096.972656,-69301.265625,91341.500000,22040.226562
ml,mean,-1,2026-08-05,2097.502686,10.000000,2057.881836,50.000000,-0.985352,-0.087891,11015.214844,154.341141,-104058.046875,2094.606934,50.000000,-0.626953,-0.449219,49014.894531,156.877808,-70317.585938,2116.185547,50.000000,-2.972656,-0.034180,5525.184570,144.606583,-316720.156250,-491095.750000,466012.125000,44552.804688,-69636.429688,91349.914062,21713.492188
ml,mean,-1,2026-08-06,2098.176270,10.000000,2057.881836,50.000000,-0.897461,0.087891,-11015.214844,154.341141,-93042.835938,2094.606934,50.000000,-0.181641,0.445312,-48579.460938,157.095520,-21738.119141,2116.884277,50.000000,-2.944336,0.028320,-3770.998047,140.306183,-313137.593750,-427918.531250,402646.437500,45004.542969,-70276.648438,91349.914062,21073.271484
ml,mean,-1,2026-08-07,2097.707520,10.000000,2057.881836,50.000000,-0.985352,-0.087891,11015.214844,154.341141,-104058.046875,2094.606934,50.000000,-0.626953,-0.445312,48579.460938,157.095520,-70317.585938,2116.072754,50.000000,-2.929688,0.014648,-2491.346680,139.327362,-310591.437500,-484967.125000,459749.781250,45455.304688,-70672.617188,91349.914062,20677.300781
ml,mean,-1,2026-08-08,2098.583984,10.000000,2057.881836,50.000000,-0.985352,0.000000,0.000000,0.000000,-104058.046875,2094.606934,50.000000,-0.626953,0.000000,0.000000,0.000000,-70317.585938,2116.599854,50.000000,-2.929688,0.000000,0.000000,0.000000,-310697.875000,-485073.500000,459749.781250,45455.304688,-70779.062500,91349.914062,20570.865234
ml,mean,-1,2026-08-09,2099.180908,10.000000,2057.881836,50.000000,-0.985352,0.000000,0.000000,0.000000,-104058.046875,2094.606934,50.000000,-0.626953,0.000000,0.000000,0.000000,-70317.585938,2116.690430,50.000000,-2.929688,0.000000,0.000000,0.000000,-310683.781250,-485059.468750,459749.781250,45455.304688,-70764.968750,91349.914062,20584.949219
ml,mean,-1,2026-08-10,2099.271240,10.000000,2057.881836,50.000000,-0.897461,0.087891,-11015.214844,154.341141,-93042.835938,2094.606934,50.000000,-0.181641,0.445312,-48579.460938,157.095520,-21738.119141,2117.020020,50.000000,-2.870117,0.059570,-8814.444336,137.605927,-301871.343750,-416652.281250,391340.625000,45904.351562,-71215.968750,91349.914062,20133.945312
ml,mean,-1,2026-08-11,2098.653809,10.000000,2057.881836,50.000000,-0.985352,-0.087891,11015.214844,154.341141,-104058.046875,2094.606934,50.000000,-0.626953,-0.445312,48579.460938,157.095520,-70317.585938,2115.369629,50.000000,-2.922852,-0.052734,9699.730469,140.511292,-311374.437500,-485750.062500,460635.062500,46356.296875,-71471.296875,91349.914062,19878.625000
ml,mean,-1,2026-08-12,2099.440186,10.000000,2057.881836,50.000000,-0.897461,0.087891,-11015.214844,154.341141,-93042.835938,2094.606934,50.000000,-0.181641,0.445312,-48579.460938,157.095520,-21738.119141,2116.148438,50.000000,-2.900391,0.022461,-6166.299805,137.350128,-305351.343750,-420132.343750,394874.125000,46805.085938,-72063.296875,91349.914062,19286.621094
ml,mean,-1,2026-08-13,2099.416504,10.000000,2057.881836,50.000000,-0.985352,-0.087891,11015.214844,154.341141,-104058.046875,2094.606934,50.000000,-0.626953,-0.445312,48579.460938,157.095520,-70317.585938,2115.539551,50.000000,-2.823242,0.077148,-5787.585449,138.232849,-299478.000000,-473853.625000,448681.187500,47254.753906,-72427.187500,91349.914062,18922.730469
ml,mean,-1,2026-08-14,2099.000244,10.000000,2057.881836,50.000000,-0.897461,0.087891,-11015.214844,154.341141,-93042.835938,2094.606934,50.000000,-0.181641,0.445312,-48579.460938,157.095520,-21738.119141,2114.887695,50.000000,-2.922852,-0.099609,9364.999023,137.997208,-308759.500000,-423540.468750,398451.500000,47704.195312,-72793.156250,91349.914062,18556.769531
ml,mean,-1,2026-08-15,2099.441406,10.000000,2057.881836,50.000000,-0.897461,0.000000,0.000000,0.000000,-93042.835938,2094.606934,50.000000,-0.181641,0.000000,0.000000,0.000000,-21738.119141,2116.062500,50.000000,-2.922852,0.000000,0.000000,0.000000,-308950.500000,-423731.468750,398451.500000,47704.195312,-72984.132812,91349.914062,18365.789062
ml,mean,-1,2026-08-16,2100.762207,10.000000,2057.881836,50.000000,-0.897461,0.000000,0.000000,0.000000,-93042.835938,2094.606934,50.000000,-0.181641,0.000000,0.000000,0.000000,-21738.119141,2117.184570,50.000000,-2.922852,0.000000,0.000000,0.000000,-309118.218750,-423899.125000,398451.500000,47704.195312,-73151.859375,91349.914062,18198.074219
ml,mean,-1,2026-08-17,2101.108154,10.000000,2057.881836,50.000000,-0.985352,-0.087891,11015.214844,154.341141,-104058.046875,2094.606934,50.000000,-0.626953,-0.445312,48579.460938,157.095520,-70317.585938,2117.057129,50.000000,-2.801758,0.121094,-13618.785156,137.454407,-295488.062500,-469863.687500,444427.312500,48153.078125,-73589.382812,91349.914062,17760.542969
ml,mean,-1,2026-08-18,2102.306152,10.000000,2057.881836,50.000000,-0.897461,0.087891,-11015.214844,154.341141,-93042.835938,2094.606934,50.000000,-0.181641,0.445312,-48579.460938,157.095520,-21738.119141,2117.740234,50.000000,-2.950195,-0.148438,18271.949219,139.405167,-313781.718750,-428562.687500,403104.687500,48603.921875,-74061.953125,91349.914062,17287.976562
ml,mean,-1,2026-08-19,2102.906006,10.000000,2057.881836,50.000000,-0.985352,-0.087891,11015.214844,154.341141,-104058.046875,2094.606934,50.000000,-0.626953,-0.445312,48579.460938,157.095520,-70317.585938,2118.073242,50.000000,-2.834961,0.115234,-13583.010742,136.855469,-300159.406250,-474535.031250,449116.343750,49052.210938,-74470.937500,91349.914062,16878.976562
ml,mean,-1,2026-08-20,2102.733887,10.000000,2057.881836,50.000000,-0.897461,0.087891,-11015.214844,154.341141,-93042.835938,2094.606934,50.000000,-0.181641,0.445312,-48579.460938,157.095520,-21738.119141,2116.780273,50.000000,-2.860352,-0.025391,2466.841309,138.420914,-302353.281250,-417134.218750,391988.500000,49502.070312,-74647.812500,91349.914062,16702.113281
ml,mean,-1,2026-08-21,2105.013672,10.000000,2057.881836,50.000000,-0.985352,-0.087891,11015.214844,154.341141,-104058.046875,2094.606934,50.000000,-0.626953,-0.445312,48579.460938,157.095520,-70317.585938,2120.700684,50.000000,-2.853516,0.006836,1542.243652,138.488510,-304484.093750,-478859.718750,453125.437500,49951.996094,-75686.296875,91349.914062,15663.625000
ml,mean,-1,2026-08-22,2105.281250,10.000000,2057.881836,50.000000,-0.985352,0.000000,0.000000,0.000000,-104058.046875,2094.606934,50.000000,-0.626953,0.000000,0.000000,0.000000,-70317.585938,2120.240967,50.000000,-2.853516,0.000000,0.000000,0.000000,-304486.875000,-478862.468750,453125.437500,49951.996094,-75689.078125,91349.914062,15660.839844
ml,mean,-1,2026-08-23,2104.397461,10.000000,2057.881836,50.000000,-0.985352,0.000000,0.000000,0.000000,-104058.046875,2094.606934,50.000000,-0.626953,0.000000,0.000000,0.000000,-70317.585938,2118.095215,50.000000,-2.853516,0.000000,0.000000,0.000000,-304149.687500,-478525.312500,453125.437500,49951.996094,-75351.898438,91349.914062,15998.023438
ml,mean,-1,2026-08-24,2104.971436,10.000000,2057.881836,50.000000,-0.897461,0.087891,-11015.214844,154.341141,-93042.835938,2094.606934,50.000000,-0.181641,0.445312,-48579.460938,157.095520,-21738.119141,2118.574219,50.000000,-2.788086,0.065430,-11089.566406,138.881012,-293179.500000,-407960.437500,382441.187500,50402.316406,-75921.578125,91349.914062,15428.338867
ml,mean,-1,2026-08-25,2103.840576,10.000000,2057.881836,50.000000,-0.985352,-0.087891,11015.214844,154.341141,-104058.046875,2094.606934,50.000000,-0.626953,-0.445312,48579.460938,157.095520,-70317.585938,2118.068115,50.000000,-2.548828,0.239258,-15314.779297,146.865158,-277829.937500,-452205.562500,426721.062500,50860.617188,-76345.125000,91349.914062,15004.798828
ml,mean,-1,2026-08-26,2103.205566,10.000000,2057.881836,50.000000,-0.897461,0.087891,-11015.214844,154.341141,-93042.835938,2094.606934,50.000000,-0.181641,0.445312,-48579.460938,157.095520,-21738.119141,2116.817383,50.000000,-2.434570,0.114258,-13944.943359,146.849289,-263749.875000,-378530.875000,353181.437500,51318.898438,-76668.281250,91349.914062,14681.639648
ml,mean,-1,2026-08-27,2103.194824,10.000000,2057.881836,50.000000,-0.985352,-0.087891,11015.214844,154.341141,-104058.046875,2094.606934,50.000000,-0.626953,-0.445312,48579.460938,157.095520,-70317.585938,2116.672607,50.000000,-2.519531,-0.084961,11068.236328,147.997162,-274783.906250,-449159.531250,423844.375000,51778.335938,-77093.507812,91349.914062,14256.416016
ml,mean,-1,2026-08-28,2103.068115,10.000000,2057.881836,50.000000,-0.897461,0.087891,-11015.214844,154.341141,-93042.835938,2094.606934,50.000000,-0.181641,0.445312,-48579.460938,157.095520,-21738.119141,2115.979492,50.000000,-2.543945,-0.024414,783.851562,149.181366,-275445.937500,-390226.875000,365033.531250,52238.953125,-77432.312500,91349.914062,13917.607422
ml,mean,-1,2026-08-29,2104.618164,10.000000,2057.881836,50.000000,-0.897461,0.000000,0.000000,0.000000,-93042.835938,2094.606934,50.000000,-0.181641,0.000000,0.000000,0.000000,-21738.119141,2117.437256,50.000000,-2.543945,0.000000,0.000000,0.000000,-275503.906250,-390284.875000,365033.531250,52238.953125,-77490.281250,91349.914062,13859.642578
ml,mean,-1,2026-08-30,2105.015869,10.000000,2057.881836,50.000000,-0.897461,0.000000,0.000000,0.000000,-93042.835938,2094.606934,50.000000,-0.181641,0.000000,0.000000,0.000000,-21738.119141,2117.863525,50.000000,-2.543945,0.000000,0.000000,0.000000,-275466.718750,-390247.687500,365033.531250,52238.953125,-77453.101562,91349.914062,13896.824219
ml,mean,-1,2026-08-31,2104.886963,10.000000,2057.881836,50.000000,-0.985352,-0.087891,11015.214844,154.341141,-104058.046875,2094.606934,50.000000,-0.626953,-0.445312,48579.460938,157.095520,-70317.585938,2116.677246,50.000000,-2.506836,0.037109,-3407.149170,149.184402,-271896.625000,-446272.250000,421221.062500,52699.574219,-77750.742188,91349.914062,13599.179688
ml,mean,-1,2026-09-01,2104.425293,10.000000,2057.881836,50.000000,-0.897461,0.087891,-11015.214844,154.341141,-93042.835938,2094.606934,50.000000,-0.181641,0.445312,-48579.460938,157.095520,-21738.119141,2115.626709,50.000000,-2.491211,0.015625,-943.875977,150.245956,-270718.625000,-385499.593750,360682.500000,53161.257812,-77978.335938,91349.914062,13371.591797
ml,mean,-1,2026-09-02,2104.091309,10.000000,2057.881836,50.000000,-0.985352,-0.087891,11015.214844,154.341141,-104058.046875,2094.606934,50.000000,-0.626953,-0.445312,48579.460938,157.095520,-70317.585938,2115.051270,50.000000,-2.476562,0.014648,-2356.923828,149.662064,-268204.687500,-442580.343750,417920.250000,53622.359375,-78282.414062,91349.914062,13067.508789
ml,mean,-1,2026-09-03,2104.451660,10.000000,2057.881836,50.000000,-0.897461,0.087891,-11015.214844,154.341141,-93042.835938,2094.606934,50.000000,-0.181641,0.445312,-48579.460938,157.095520,-21738.119141,2115.879639,50.000000,-2.510742,-0.034180,6465.975586,151.003448,-274644.187500,-389425.156250,364791.593750,54084.792969,-78718.375000,91349.914062,12631.550781
ml,mean,-1,2026-09-04,2106.407959,10.000000,2057.881836,50.000000,-0.985352,-0.087891,11015.214844,154.341141,-104058.046875,2094.606934,50.000000,-0.626953,-0.445312,48579.460938,157.095520,-70317.585938,2118.179932,50.000000,-2.500000,0.010742,-3765.840332,149.652298,-271188.750000,-445564.375000,420620.375000,54545.878906,-79489.867188,91349.914062,11860.059570
ml,mean,-1,2026-09-05,2106.731201,10.000000,2057.881836,50.000000,-0.985352,0.000000,0.000000,0.000000,-104058.046875,2094.606934,50.000000,-0.626953,0.000000,0.000000,0.000000,-70317.585938,2118.583984,50.000000,-2.500000,0.000000,0.000000,0.000000,-271049.562500,-445425.156250,420620.375000,54545.878906,-79350.679688,91349.914062,11999.243164
ml,mean,-1,2026-09-06,2106.023926,10.000000,2057.881836,50.000000,-0.985352,0.000000,0.000000,0.000000,-104058.046875,2094.606934,50.000000,-0.626953,0.000000,0.000000,0.000000,-70317.585938,2117.011719,50.000000,-2.500000,0.000000,0.000000,0.000000,-270975.187500,-445350.812500,420620.375000,54545.878906,-79276.312500,91349.914062,12073.609375
ml,mean,-1,2026-09-07,2106.199219,10.000000,2057.881836,50.000000,-0.985352,0.000000,0.000000,0.000000,-104058.046875,2094.606934,50.000000,-0.626953,0.000000,0.000000,0.000000,-70317.585938,2117.494141,50.000000,-2.500000,0.000000,0.000000,0.000000,-270968.375000,-445344.031250,420620.375000,54545.878906,-79269.515625,91349.914062,12080.416992
ml,mean,-1,2026-09-08,2107.976074,10.000000,2057.881836,50.000000,-0.897461,0.087891,-11015.214844,154.341141,-93042.835938,2094.606934,50.000000,-0.181641,0.445312,-48579.460938,157.095520,-21738.119141,2118.833984,50.000000,-2.405273,0.094727,-6819.625000,150.991150,-264349.531250,-379130.500000,354206.093750,55008.312500,-79932.703125,91349.914062,11417.216797
ml,mean,-1,2026-09-09,2108.385254,10.000000,2057.881836,50.000000,-0.985352,-0.087891,11015.214844,154.341141,-104058.046875,2094.606934,50.000000,-0.626953,-0.445312,48579.460938,157.095520,-70317.585938,2119.031982,50.000000,-2.430664,-0.025391,351.237549,151.311493,-264636.968750,-439012.593750,414152.000000,55471.062500,-80331.656250,91349.914062,11018.267578
ml,mean,-1,2026-09-10,2110.024902,10.000000,2057.881836,50.000000,-0.897461,0.087891,-11015.214844,154.341141,-93042.835938,2094.606934,50.000000,-0.181641,0.445312,-48579.460938,157.095520,-21738.119141,2120.191650,50.000000,-2.350586,0.080078,-6579.699707,152.032089,-258077.906250,-372858.843750,347977.625000,55934.531250,-80815.757812,91349.914062,10534.167969
ml,mean,-1,2026-09-11,2109.728027,10.000000,2057.881836,50.000000,-0.985352,-0.087891,11015.214844,154.341141,-104058.046875,2094.606934,50.000000,-0.626953,-0.445312,48579.460938,157.095520,-70317.585938,2119.292236,50.000000,-2.422852,-0.072266,6563.365234,152.280823,-264469.031250,-438844.687500,414135.687500,56398.246094,-81107.203125,91349.914062,10242.718750
ml,mean,-1,2026-09-12,2110.885498,10.000000,2057.881836,50.000000,-0.985352,0.000000,0.000000,0.000000,-104058.046875,2094.606934,50.000000,-0.626953,0.000000,0.000000,0.000000,-70317.585938,2120.429688,50.000000,-2.422852,0.000000,0.000000,0.000000,-264623.875000,-438999.468750,414135.687500,56398.246094,-81262.070312,91349.914062,10087.857422
ml,mean,-1,2026-09-13,2111.576172,10.000000,2057.881836,50.000000,-0.985352,0.000000,0.000000,0.000000,-104058.046875,2094.606934,50.000000,-0.626953,0.000000,0.000000,0.000000,-70317.585938,2121.308594,50.000000,-2.422852,0.000000,0.000000,0.000000,-264717.250000,-439092.875000,414135.687500,56398.246094,-81355.437500,91349.914062,9994.489258
ml,mean,-1,2026-09-14,2111.904541,10.000000,2057.881836,50.000000,-0.897461,0.087891,-11015.214844,154.341141,-93042.835938,2094.606934,50.000000,-0.181641,0.445312,-48579.460938,157.095520,-21738.119141,2121.941162,50.000000,-2.370117,0.052734,-3787.870117,152.284149,-260966.000000,-375746.937500,350753.125000,56861.972656,-81855.773438,91349.914062,9494.151367
ml,mean,-1,2026-09-15,2112.127930,10.000000,2057.881836,50.000000,-0.985352,-0.087891,11015.214844,154.341141,-104058.046875,2094.606934,50.000000,-0.626953,-0.445312,48579.460938,157.095520,-70317.585938,2121.830811,50.000000,-2.390625,-0.020508,762.342773,152.827713,-261495.593750,-435871.218750,411110.156250,57326.230469,-82087.296875,91349.914062,9262.630859
ml,mean,-1,2026-09-16,2111.126953,10.000000,2057.881836,50.000000,-0.897461,0.087891,-11015.214844,154.341141,-93042.835938,2094.606934,50.000000,-0.181641,0.445312,-48579.460938,157.095520,-21738.119141,2119.333496,50.000000,-2.380859,0.009766,706.536987,152.712967,-261730.078125,-376511.062500,352222.000000,57790.382812,-82079.406250,91349.914062,9270.515625
ml,mean,-1,2026-09-17,2111.610107,10.000000,2057.881836,50.000000,-0.985352,-0.087891,11015.214844,154.341141,-104058.046875,2094.606934,50.000000,-0.626953,-0.445312,48579.460938,157.095520,-70317.585938,2120.120850,50.000000,-2.332031,0.048828,-7166.314453,152.310242,-254614.937500,-428990.593750,404650.375000,58254.125000,-82594.328125,91349.914062,8755.589844
ml,mean,-1,2026-09-18,2112.366699,10.000000,2057.881836,50.000000,-0.897461,0.087891,-11015.214844,154.341141,-93042.835938,2094.606934,50.000000,-0.181641,0.445312,-48579.460938,157.095520,-21738.119141,2121.050293,50.000000,-2.328125,0.003906,2339.933350,153.076813,-256967.765625,-371748.718750,347395.593750,58718.640625,-83071.742188,91349.914062,8278.182617
ml,mean,-1,2026-09-19,2112.364258,10.000000,2057.881836,50.000000,-0.897461,0.000000,0.000000,0.000000,-93042.835938,2094.606934,50.000000,-0.181641,0.000000,0.000000,0.000000,-21738.119141,2121.422363,50.000000,-2.328125,0.000000,0.000000,0.000000,-257006.234375,-371787.187500,347395.593750,58718.640625,-83110.210938,91349.914062,8239.717773
ml,mean,-1,2026-09-20,2113.513672,10.000000,2057.881836,50.000000,-0.897461,0.000000,0.000000,0.000000,-93042.835938,2094.606934,50.000000,-0.181641,0.000000,0.000000,0.000000,-21738.119141,2121.309326,50.000000,-2.328125,0.000000,0.000000,0.000000,-257144.406250,-371925.375000,347395.593750,58718.640625,-83248.382812,91349.914062,8101.545410
ml,mean,-1,2026-09-21,2113.504639,10.000000,2057.881836,50.000000,-0.985352,-0.087891,11015.214844,154.341141,-104058.046875,2094.606934,50.000000,-0.626953,-0.445312,48579.460938,157.095520,-70317.585938,2121.096924,50.000000,-2.352539,-0.024414,75.731934,154.309006,-256976.109375,-431351.750000,407066.031250,59184.390625,-83470.078125,91349.914062,7879.851074
ml,mean,-1,2026-09-22,2113.168457,10.000000,2057.881836,50.000000,-0.897461,0.087891,-11015.214844,154.341141,-93042.835938,2094.606934,50.000000,-0.181641,0.445312,-48579.460938,157.095520,-21738.119141,2120.793213,50.000000,-2.352539,0.000000,2297.166748,153.264603,-259186.750000,-373967.687500,349768.562500,59649.085938,-83848.234375,91349.914062,7501.684570
ml,mean,-1,2026-09-23,2114.633545,10.000000,2057.881836,50.000000,-0.985352,-0.087891,11015.214844,154.341141,-104058.046875,2094.606934,50.000000,-0.626953,-0.445312,48579.460938,157.095520,-70317.585938,2122.343750,50.000000,-2.364258,-0.011719,-1455.977783,153.350769,-257873.937500,-432249.562500,407907.218750,60113.875000,-84456.210938,91349.914062,6893.712891
ml,mean,-1,2026-09-24,2114.543213,10.000000,2057.881836,50.000000,-0.897461,0.087891,-11015.214844,154.341141,-93042.835938,2094.606934,50.000000,-0.181641,0.445312,-48579.460938,157.095520,-21738.119141,2122.484863,50.000000,-2.312500,0.051758,-1575.978516,154.454041,-256178.171875,-370959.125000,346736.593750,60579.765625,-84802.343750,91349.914062,6547.579102
ml,mean,-1,2026-09-25,2113.362061,10.000000,2057.881836,50.000000,-0.985352,-0.087891,11015.214844,154.341141,-104058.046875,2094.606934,50.000000,-0.626953,-0.445312,48579.460938,157.095520,-70317.585938,2120.171875,50.000000,-2.349609,-0.037109,376.111328,154.771896,-256135.703125,-430511.312500,406707.343750,61045.976562,-84849.953125,91349.914062,6499.968262
ml,mean,-1,2026-09-26,2114.881836,10.000000,2057.881836,50.000000,-0.985352,0.000000,0.000000,0.000000,-104058.046875,2094.606934,50.000000,-0.626953,0.000000,0.000000,0.000000,-70317.585938,2121.253418,50.000000,-2.349609,0.000000,0.000000,0.000000,-256330.859375,-430706.500000,406707.343750,61045.976562,-85045.117188,91349.914062,6304.811035
ml,mean,-1,2026-09-27,2114.364990,10.000000,2057.881836,50.000000,-0.985352,0.000000,0.000000,0.000000,-104058.046875,2094.606934,50.000000,-0.626953,0.000000,0.000000,0.000000,-70317.585938,2120.915771,50.000000,-2.349609,0.000000,0.000000,0.000000,-256334.296875,-430709.937500,406707.343750,61045.976562,-85048.546875,91349.914062,6301.381836
ml,mean,-1,2026-09-28,2114.140381,10.000000,2057.881836,50.000000,-0.897461,0.087891,-11015.214844,154.341141,-93042.835938,2094.606934,50.000000,-0.181641,0.445312,-48579.460938,157.095520,-21738.119141,2120.343018,50.000000,-2.329102,0.020508,1195.701172,155.077209,-257507.843750,-372288.781250,348308.375000,61512.488281,-85492.890625,91349.914062,5857.024414
ml,mean,-1,2026-09-29,2112.413574,10.000000,2057.881836,50.000000,-0.985352,-0.087891,11015.214844,154.341141,-104058.046875,2094.606934,50.000000,-0.626953,-0.445312,48579.460938,157.095520,-70317.585938,2117.507812,50.000000,-2.297852,0.031250,-5849.083984,155.067505,-251337.843750,-425713.468750,402053.968750,61978.992188,-85638.468750,91349.914062,5711.447266
ml,mean,-1,2026-09-30,2113.272217,10.000000,2057.881836,50.000000,-0.897461,0.087891,-11015.214844,154.341141,-93042.835938,2094.606934,50.000000,-0.181641,0.445312,-48579.460938,157.095520,-21738.119141,2119.491211,50.000000,-2.271484,0.026367,584.143555,155.002167,-252038.875000,-366819.781250,343043.437500,62445.429688,-86221.812500,91349.914062,5128.116211
ml,mean,-1,2026-10-01,2114.045410,10.000000,2057.881836,50.000000,-0.985352,-0.087891,11015.214844,154.341141,-104058.046875,2094.606934,50.000000,-0.626953,-0.445312,48579.460938,157.095520,-70317.585938,2119.969238,50.000000,-2.309570,-0.038086,1184.053955,154.934631,-253246.843750,-427622.500000,403822.125000,62911.804688,-86712.101562,91349.914062,4637.821289
ml,mean,-1,2026-10-02,2114.463135,10.000000,2057.881836,50.000000,-0.897461,0.087891,-11015.214844,154.341141,-93042.835938,2094.606934,50.000000,-0.181641,0.445312,-48579.460938,157.095520,-21738.119141,2120.475098,50.000000,-2.336914,-0.027344,5199.001953,155.317551,-258576.421875,-373357.343750,349426.500000,63378.562500,-87309.437500,91349.914062,4040.485352
ml,mean,-1,2026-10-03,2115.217285,10.000000,2057.881836,50.000000,-0.897461,0.000000,0.000000,0.000000,-93042.835938,2094.606934,50.000000,-0.181641,0.000000,0.000000,0.000000,-21738.119141,2120.518555,50.000000,-2.336914,0.000000,0.000000,0.000000,-258483.250000,-373264.218750,349426.500000,63378.562500,-87216.281250,91349.914062,4133.637207
ml,mean,-1,2026-10-04,2116.420654,10.000000,2057.881836,50.000000,-0.897461,0.000000,0.000000,0.000000,-93042.835938,2094.606934,50.000000,-0.181641,0.000000,0.000000,0.000000,-21738.119141,2121.241211,50.000000,-2.336914,0.000000,0.000000,0.000000,-258643.640625,-373424.593750,349426.500000,63378.562500,-87376.656250,91349.914062,3973.266113
ml,mean,-1,2026-10-05,2115.911865,10.000000,2057.881836,50.000000,-0.980469,-0.083008,10502.894531,154.289902,-103545.718750,2094.606934,50.000000,-0.626953,-0.445312,48579.460938,157.095520,-70317.585938,2121.196289,50.000000,-0.923828,1.413086,-157557.406250,145.968140,-101227.476562,-275090.812500,250951.437500,63835.910156,-87975.242188,91349.914062,3374.680664
ml,mean,-1,2026-10-06,2116.699707,10.000000,2057.881836,50.000000,-0.805664,0.174805,-20055.802734,153.375595,-83489.929688,2094.606934,50.000000,-0.181641,0.445312,-48579.460938,157.095520,-21738.119141,2121.487061,50.000000,-1.012695,-0.088867,12520.952148,144.025833,-113633.578125,-218861.625000,194837.171875,64290.406250,-88314.890625,91349.914062,3035.031250
ml,mean,-1,2026-10-07,2115.564941,10.000000,2057.881836,50.000000,-0.847656,-0.041992,5805.636230,152.723007,-89295.562500,2094.606934,50.000000,-0.626953,-0.445312,48579.460938,157.095520,-70317.585938,2120.445312,50.000000,-1.232422,-0.219727,22552.148438,152.470627,-136091.843750,-295704.968750,271774.406250,64752.703125,-88683.289062,91349.914062,2666.627930
ml,mean,-1,2026-10-08,2114.591309,10.000000,2057.881836,50.000000,-0.796875,0.050781,-6641.939453,153.933884,-82653.625000,2094.606934,50.000000,-0.181641,0.445312,-48579.460938,157.095520,-21738.119141,2119.497070,50.000000,-1.097656,0.134766,-12647.660156,150.931763,-123311.476562,-227703.218750,203905.343750,65214.656250,-89012.546875,91349.914062,2337.373535
ml,mean,-1,2026-10-09,2115.481689,10.000000,2057.881836,50.000000,-0.791992,0.004883,757.088379,153.671188,-83410.710938,2094.606934,50.000000,-0.626953,-0.445312,48579.460938,157.095520,-70317.585938,2119.213867,50.000000,-1.339844,-0.242188,24304.597656,153.833923,-147577.000000,-301305.281250,277546.500000,65679.257812,-89438.078125,91349.914062,1911.854004
ml,mean,-1,2026-10-10,2116.010254,10.000000,2057.881836,50.000000,-0.791992,0.000000,0.000000,0.000000,-83410.710938,2094.606934,50.000000,-0.626953,0.000000,0.000000,0.000000,-70317.585938,2120.530029,50.000000,-1.339844,0.000000,0.000000,0.000000,-147688.187500,-301416.468750,277546.500000,65679.257812,-89549.257812,91349.914062,1800.670898
ml,mean,-1,2026-10-11,2116.801514,10.000000,2057.881836,50.000000,-0.791992,0.000000,0.000000,0.000000,-83410.710938,2094.606934,50.000000,-0.626953,0.000000,0.000000,0.000000,-70317.585938,2120.393066,50.000000,-1.339844,0.000000,0.000000,0.000000,-147783.796875,-301512.125000,277546.500000,65679.257812,-89644.882812,91349.914062,1705.045898
ml,mean,-1,2026-10-12,2118.106934,10.000000,2057.881836,50.000000,-0.791992,0.000000,0.000000,0.000000,-83410.710938,2094.606934,50.000000,-0.626953,0.000000,0.000000,0.000000,-70317.585938,2121.669922,50.000000,-1.339844,0.000000,0.000000,0.000000,-147825.453125,-301553.750000,277546.500000,65679.257812,-89686.531250,91349.914062,1663.396973
ml,mean,-1,2026-10-13,2118.249512,10.000000,2057.881836,50.000000,-0.760742,0.031250,-4507.329102,153.832123,-78903.375000,2094.606934,50.000000,-0.181641,0.445312,-48579.460938,157.095520,-21738.119141,2122.054688,50.000000,-1.090820,0.249023,-25867.994141,153.181808,-122050.226562,-222691.750000,198591.687500,66143.367188,-90243.414062,91349.914062,1106.513672
ml,mean,-1,2026-10-14,2118.222168,10.000000,2057.881836,50.000000,-0.748047,0.012695,-103.229736,153.778275,-78800.156250,2094.606934,50.000000,-0.626953,-0.445312,48579.460938,157.095520,-70317.585938,2120.846924,50.000000,-1.287109,-0.196289,19405.164062,154.256714,-141363.375000,-290481.093750,266473.093750,66608.500000,-90616.515625,91349.914062,733.415039
ml,mean,-1,2026-10-15,2118.962646,10.000000,2057.881836,50.000000,-0.747070,0.000977,-1302.949219,154.087936,-77497.203125,2094.606934,50.000000,-0.181641,0.445312,-48579.460938,157.095520,-21738.119141,2122.116699,50.000000,-1.061523,0.225586,-23636.287109,153.251450,-117908.296875,-217143.609375,192954.390625,67072.937500,-91262.164062,91349.914062,87.752441
ml,mean,-1,2026-10-16,2120.269287,10.000000,2057.881836,50.000000,-0.713867,0.033203,-2289.551025,153.931244,-75207.656250,2094.606934,50.000000,-0.626953,-0.445312,48579.460938,157.095520,-70317.585938,2123.279785,50.000000,-1.298828,-0.237305,25079.070312,154.511368,-142949.453125,-288474.687500,264323.343750,67538.468750,-91689.781250,91349.914062,-339.854492
ml,mean,-1,2026-10-17,2120.188965,10.000000,2057.881836,50.000000,-0.713867,0.000000,0.000000,0.000000,-75207.656250,2094.606934,50.000000,-0.626953,0.000000,0.000000,0.000000,-70317.585938,2122.577148,50.000000,-1.298828,0.000000,0.000000,0.000000,-142815.031250,-288340.250000,264323.343750,67538.468750,-91555.359375,91349.914062,-205.442383
ml,mean,-1,2026-10-18,2121.161133,10.000000,2057.881836,50.000000,-0.713867,0.000000,0.000000,0.000000,-75207.656250,2094.606934,50.000000,-0.626953,0.000000,0.000000,0.000000,-70317.585938,2123.307617,50.000000,-1.298828,0.000000,0.000000,0.000000,-142801.218750,-288326.437500,264323.343750,67538.468750,-91541.554688,91349.914062,-191.631836
ml,mean,-1,2026-10-19,2121.725342,10.000000,2057.881836,50.000000,-0.710938,0.002930,-1450.577148,153.885147,-73757.078125,2094.606934,50.000000,-0.181641,0.445312,-48579.460938,157.095520,-21738.119141,2124.321533,50.000000,-1.048828,0.250000,-26243.533203,154.995026,-116728.656250,-212223.859375,188049.812500,68004.453125,-92178.500000,91349.914062,-828.574219
ml,mean,-1,2026-10-20,2123.672119,10.000000,2057.881836,50.000000,-0.693359,0.017578,-873.183594,154.017563,-72883.890625,2094.606934,50.000000,-0.626953,-0.445312,48579.460938,157.095520,-70317.585938,2126.145508,50.000000,-1.303711,-0.254883,26276.570312,155.303696,-142977.562500,-286179.062500,262032.625000,68470.867188,-92617.257812,91349.914062,-1267.335938
ml,mean,-1,2026-10-21,2123.899414,10.000000,2057.881836,50.000000,-0.682617,0.010742,-2036.059570,153.985489,-70847.828125,2094.606934,50.000000,-0.181641,0.445312,-48579.460938,157.095520,-21738.119141,2124.686035,50.000000,-0.939453,0.364258,-39114.914062,155.117233,-103659.484375,-196245.421875,172302.203125,68937.062500,-92880.273438,91349.914062,-1530.357422
ml,mean,-1,2026-10-22,2123.699951,10.000000,2057.881836,50.000000,-0.666016,0.016602,-1025.403320,153.963867,-69822.429688,2094.606934,50.000000,-0.626953,-0.445312,48579.460938,157.095520,-70317.585938,2123.838867,50.000000,-1.238281,-0.298828,32533.304688,156.057037,-136062.218750,-276202.187500,252389.562500,69404.179688,-93216.828125,91349.914062,-1866.902344
ml,mean,-1,2026-10-23,2125.576660,10.000000,2057.881836,50.000000,-0.630859,0.035156,-4296.035156,153.733536,-65526.390625,2094.606934,50.000000,-0.181641,0.445312,-48579.460938,157.095520,-21738.119141,2126.884766,50.000000,-0.975586,0.262695,-29298.945312,154.156677,-106927.601562,-194192.125000,170215.125000,69869.171875,-93846.164062,91349.914062,-2496.233398
ml,mean,-1,2026-10-24,2127.110596,10.000000,2057.881836,50.000000,-0.630859,0.000000,0.000000,0.000000,-65526.390625,2094.606934,50.000000,-0.181641,0.000000,0.000000,0.000000,-21738.119141,2128.522949,50.000000,-0.975586,0.000000,0.000000,0.000000,-107088.398438,-194352.921875,170215.125000,69869.171875,-94006.953125,91349.914062,-2657.027832
ml,mean,-1,2026-10-25,2127.343994,10.000000,2057.881836,50.000000,-0.630859,0.000000,0.000000,0.000000,-65526.390625,2094.606934,50.000000,-0.181641,0.000000,0.000000,0.000000,-21738.119141,2128.609619,50.000000,-0.975586,0.000000,0.000000,0.000000,-107047.187500,-194311.703125,170215.125000,69869.171875,-93965.742188,91349.914062,-2615.814453
ml,mean,-1,2026-10-26,2127.644043,10.000000,2057.881836,50.000000,-0.628906,0.001953,186.599609,153.808670,-65712.992188,2094.606934,50.000000,-0.626953,-0.445312,48579.460938,157.095520,-70317.585938,2127.945312,50.000000,-1.222656,-0.247070,28135.386719,155.680466,-135169.031250,-271199.593750,247116.562500,70335.750000,-94418.773438,91349.914062,-3068.850098
ml,mean,-1,2026-10-27,2127.359619,10.000000,2057.881836,50.000000,-0.547852,0.081055,-8780.320312,153.375244,-56932.671875,2094.606934,50.000000,-0.181641,0.445312,-48579.460938,157.095520,-21738.119141,2127.680420,50.000000,-0.907227,0.315430,-35619.804688,154.898483,-99476.679688,-178147.468750,154137.000000,70801.117188,-94811.609375,91349.914062,-3461.676270
ml,mean,-1,2026-10-28,2128.947998,10.000000,2057.881836,50.000000,-0.564453,-0.016602,1754.617188,153.445389,-58687.289062,2094.606934,50.000000,-0.622070,-0.440430,47872.691406,157.024841,-69610.812500,2129.601807,50.000000,-1.147461,-0.240234,27071.828125,155.443237,-126536.601562,-254834.718750,230836.125000,71267.031250,-95265.617188,91349.914062,-3915.684570
ml,mean,-1,2026-10-29,2128.487305,10.000000,2057.881836,50.000000,0.000000,0.564453,-58687.289062,65.963112,0.000000,2094.606934,50.000000,0.000000,0.622070,-69610.812500,86.164284,0.000000,2128.565430,50.000000,0.000000,1.147461,-126470.632812,97.429314,0.000000,0.000000,-23932.599609,71516.593750,-95449.187500,91349.914062,-4099.260254
ml,mean,-1,2026-10-30,2130.516113,10.000000,2057.881836,50.000000,0.000000,0.000000,0.000000,0.000000,0.000000,2094.606934,50.000000,0.000000,0.000000,0.000000,0.000000,0.000000,2128.565430,50.000000,0.000000,0.000000,0.000000,0.000000,0.000000,0.000000,-23932.599609,71516.593750,-95449.187500,91349.914062,-4099.260254
