policy,case,path_idx,day,spot,spread_bps,PL_APR_2026_futures,PL_APR_2026_contract_size,PL_APR_2026_position,PL_APR_2026_trade,PL_APR_2026_trade_cash,PL_APR_2026_trade_cost,PL_APR_2026_position_mtm,PL_JUL_2026_futures,PL_JUL_2026_contract_size,PL_JUL_2026_position,PL_JUL_2026_trade,PL_JUL_2026_trade_cash,PL_JUL_2026_trade_cost,PL_JUL_2026_position_mtm,PL_OCT_2026_futures,PL_OCT_2026_contract_size,PL_OCT_2026_position,PL_OCT_2026_trade,PL_OCT_2026_trade_cash,PL_OCT_2026_trade_cost,PL_OCT_2026_position_mtm,portfolio_position_mtm,portfolio_cum_trade_cash,portfolio_cum_trade_cost,hedge_portfolio_ex_funding,mtm_ex_post_settle_discount,total_ex_funding_discount
ml,worst,518,2026-04-10,2055.000244,10.000000,2026.171509,50.000000,-1.000000,-1.000000,101308.578125,50.654285,-101308.578125,2047.068848,50.000000,-1.000000,-1.000000,102353.445312,51.176720,-102353.445312,2070.749756,50.000000,-1.000000,-1.000000,103537.484375,51.768742,-103537.484375,-307199.500000,307199.500000,153.599747,-153.599747,4854.181641,4700.582031
ml,worst,518,2026-04-11,2053.808105,10.000000,2037.502197,50.000000,-1.000000,0.000000,-0.000000,0.000000,-101875.109375,2057.216064,50.000000,-1.000000,0.000000,-0.000000,0.000000,-102860.804688,2079.216553,50.000000,-1.000000,0.000000,-0.000000,0.000000,-103960.828125,-308696.750000,307199.500000,153.599747,-1650.849731,428.877197,-1221.972534
ml,worst,518,2026-04-12,2040.501099,10.000000,2046.190674,50.000000,-1.000000,0.000000,-0.000000,0.000000,-102309.531250,2067.898682,50.000000,-1.000000,0.000000,-0.000000,0.000000,-103394.937500,2092.517334,50.000000,-1.000000,0.000000,-0.000000,0.000000,-104625.867188,-310330.343750,307199.500000,153.599747,-3284.443604,-38411.234375,-41695.679688
ml,worst,518,2026-04-13,1963.416504,10.000000,1952.026123,50.000000,-2.000000,-1.000000,97601.304688,48.800652,-195202.609375,1973.188354,50.000000,-2.000000,-1.000000,98659.414062,49.329704,-197318.828125,1996.588501,50.000000,-2.000000,-1.000000,99829.421875,49.914711,-199658.843750,-592180.250000,603289.625000,301.644836,10807.730469,-231725.140625,-220917.406250
ml,worst,518,2026-04-14,1970.856689,10.000000,1985.226196,50.000000,-3.000000,-1.000000,99261.312500,49.630653,-297783.937500,2007.584595,50.000000,-3.000000,-1.000000,100379.226562,50.189610,-301137.687500,2032.471802,50.000000,-3.000000,-1.000000,101623.593750,50.811794,-304870.781250,-903792.375000,904553.750000,452.276855,309.098145,-207819.109375,-207510.015625
ml,worst,518,2026-04-15,1947.978149,10.000000,1953.230591,50.000000,-4.000000,-1.000000,97661.531250,48.830765,-390646.125000,1974.220581,50.000000,-4.000000,-1.000000,98711.031250,49.355515,-394844.125000,1997.890625,50.000000,-4.000000,-1.000000,99894.531250,49.947266,-399578.125000,-1185068.375000,1200820.875000,600.410400,15152.089844,-261678.359375,-246526.265625
ml,worst,518,2026-04-16,1932.192261,10.000000,1935.497437,50.000000,-5.000000,-1.000000,96774.875000,48.387436,-483874.375000,1955.953735,50.000000,-5.000000,-1.000000,97797.687500,48.898842,-488988.437500,1978.679321,50.000000,-5.000000,-1.000000,98933.968750,49.466984,-494669.812500,-1467532.625000,1494327.375000,747.163696,26047.585938,-300290.281250,-274242.687500
ml,worst,518,2026-04-17,1944.281982,10.000000,1939.505249,50.000000,-6.000000,-1.000000,96975.265625,48.487629,-581851.562500,1961.128662,50.000000,-6.000000,-1.000000,98056.429688,49.028214,-588338.562500,1984.728027,50.000000,-6.000000,-1.000000,99236.398438,49.618198,-595418.437500,-1765608.500000,1788595.500000,894.297729,22092.703125,-268842.625000,-246749.921875
ml,worst,518,2026-04-18,1902.688110,10.000000,1891.862671,50.000000,-6.000000,0.000000,-0.000000,0.000000,-567558.812500,1914.586426,50.000000,-6.000000,0.000000,-0.000000,0.000000,-574375.937500,1939.158569,50.000000,-6.000000,0.000000,-0.000000,0.000000,-581747.562500,-1723682.250000,1788595.500000,894.297729,64018.953125,-370217.812500,-306198.875000
ml,worst,518,2026-04-19,1837.906128,10.000000,1831.109009,50.000000,-6.000000,0.000000,-0.000000,0.000000,-549332.687500,1854.233643,50.000000,-6.000000,0.000000,-0.000000,0.000000,-556270.125000,1879.115845,50.000000,-6.000000,0.000000,-0.000000,0.000000,-563734.750000,-1669337.500000,1788595.500000,894.297729,118363.703125,-525727.312500,-407363.625000
ml,worst,518,2026-04-20,1819.958496,10.000000,1805.101562,50.000000,-7.000000,-1.000000,90255.078125,45.127537,-631785.562500,1828.188232,50.000000,-7.000000,-1.000000,91409.414062,45.704704,-639865.875000,1852.092285,50.000000,-7.000000,-1.000000,92604.617188,46.302307,-648232.312500,-1919883.750000,2062864.500000,1031.432373,141949.312500,-561118.000000,-419168.687500
ml,worst,518,2026-04-21,1824.137451,10.000000,1819.887695,50.000000,-8.000000,-1.000000,90994.382812,45.497189,-727955.062500,1844.171021,50.000000,-8.000000,-1.000000,92208.554688,46.104279,-737668.437500,1869.716309,50.000000,-8.000000,-1.000000,93485.812500,46.742905,-747886.500000,-2213510.000000,2339553.250000,1169.776611,124873.476562,-543670.250000,-418796.781250
ml,worst,518,2026-04-22,1857.829102,10.000000,1848.469238,50.000000,-9.000000,-1.000000,92423.460938,46.211731,-831811.125000,1872.598755,50.000000,-9.000000,-1.000000,93629.937500,46.814968,-842669.437500,1897.620728,50.000000,-9.000000,-1.000000,94881.039062,47.440517,-853929.312500,-2528409.750000,2620488.000000,1310.243896,90768.007812,-457946.937500,-367178.937500
ml,worst,518,2026-04-23,1882.675415,10.000000,1865.808960,50.000000,-10.000000,-1.000000,93290.445312,46.645222,-932904.500000,1892.552612,50.000000,-10.000000,-1.000000,94627.632812,47.313816,-946276.250000,1919.144409,50.000000,-10.000000,-1.000000,95957.218750,47.978607,-959572.187500,-2838753.000000,2904363.000000,1452.181519,64157.820312,-393165.437500,-329007.625000
ml,worst,518,2026-04-24,1881.643311,10.000000,1863.627441,50.000000,-11.000000,-1.000000,93181.375000,46.590687,-1024995.125000,1888.635132,50.000000,-11.000000,-1.000000,94431.757812,47.215878,-1038749.312500,1914.574585,50.000000,-11.000000,-1.000000,95728.726562,47.864361,-1053016.000000,-3116760.500000,3187704.750000,1593.852539,69350.398438,-389698.593750,-320348.187500
ml,worst,518,2026-04-25,1905.522705,10.000000,1887.032349,50.000000,-11.000000,0.000000,-0.000000,0.000000,-1037867.750000,1913.123535,50.000000,-11.000000,0.000000,-0.000000,0.000000,-1052218.000000,1940.065674,50.000000,-11.000000,0.000000,-0.000000,0.000000,-1067036.125000,-3157122.000000,3187704.750000,1593.852539,28988.898438,-328872.625000,-299883.718750
ml,worst,518,2026-04-26,1918.437012,10.000000,1897.534302,50.000000,-11.000000,0.000000,-0.000000,0.000000,-1043643.875000,1922.604248,50.000000,-11.000000,0.000000,-0.000000,0.000000,-1057432.375000,1948.120483,50.000000,-11.000000,0.000000,-0.000000,0.000000,-1071466.250000,-3172542.500000,3187704.750000,1593.852539,13568.397461,-293595.343750,-280026.937500
ml,worst,518,2026-04-27,1945.928345,10.000000,1940.803101,50.000000,-12.000000,-1.000000,97040.156250,48.520077,-1164481.875000,1965.822510,50.000000,-12.000000,-1.000000,98291.125000,49.145561,-1179493.500000,1990.808472,50.000000,-12.000000,-1.000000,99540.421875,49.770210,-1194485.000000,-3538460.500000,3482576.750000,1741.288208,-57625.039062,-212762.734375,-270387.781250
ml,worst,518,2026-04-28,1926.769531,10.000000,1959.493896,50.000000,-13.000000,-1.000000,97974.695312,48.987347,-1273671.000000,1984.121704,50.000000,-13.000000,-1.000000,99206.085938,49.603043,-1289679.125000,2009.851929,50.000000,-13.000000,-1.000000,100492.593750,50.246296,-1306403.750000,-3869753.750000,3780250.000000,1890.125000,-91393.875000,-261480.968750,-352874.843750
ml,worst,518,2026-04-29,1931.543701,10.000000,1953.134399,50.000000,-14.000000,-1.000000,97656.718750,48.828358,-1367194.000000,1978.192505,50.000000,-14.000000,-1.000000,98909.625000,49.454811,-1384734.750000,2005.184448,50.000000,-14.000000,-1.000000,100259.218750,50.129608,-1403629.125000,-4155558.000000,4077075.500000,2038.537842,-80521.039062,-244216.500000,-324737.531250
ml,worst,518,2026-04-30,1930.642334,10.000000,1953.134399,50.000000,-15.000000,-1.000000,97656.718750,48.828358,-1464850.750000,1964.466675,50.000000,-15.000000,-1.000000,98223.335938,49.111668,-1473350.000000,1990.495117,50.000000,-15.000000,-1.000000,99524.757812,49.762379,-1492871.250000,-4431072.000000,4372480.000000,2186.240234,-60778.242188,-246660.921875,-307439.156250
ml,worst,518,2026-05-01,1915.692871,10.000000,1953.134399,50.000000,-16.000000,-1.000000,97656.718750,48.828358,-1562507.500000,1957.359619,50.000000,-16.000000,-1.000000,97867.984375,48.933994,-1565887.750000,1983.001221,50.000000,-16.000000,-1.000000,99150.062500,49.575031,-1586401.000000,-4714796.000000,4667155.500000,2333.577393,-49974.078125,-284251.187500,-334225.250000
ml,worst,518,2026-05-02,1894.547363,10.000000,1953.134399,50.000000,-16.000000,0.000000,-0.000000,0.000000,-1562507.500000,1946.086060,50.000000,-16.000000,0.000000,-0.000000,0.000000,-1556868.875000,1970.756104,50.000000,-16.000000,0.000000,-0.000000,0.000000,-1576604.875000,-4695981.500000,4667155.500000,2333.577393,-31159.578125,-335683.750000,-366843.312500
ml,worst,518,2026-05-03,1882.223022,10.000000,1953.134399,50.000000,-16.000000,0.000000,-0.000000,0.000000,-1562507.500000,1919.116455,50.000000,-16.000000,0.000000,-0.000000,0.000000,-1535293.125000,1943.826904,50.000000,-16.000000,0.000000,-0.000000,0.000000,-1555061.500000,-4652862.000000,4667155.500000,2333.577393,11959.922852,-364555.500000,-352595.562500
ml,worst,518,2026-05-04,1853.849609,10.000000,1953.134399,50.000000,-17.000000,-1.000000,97656.718750,48.828358,-1660164.250000,1871.016968,50.000000,-17.000000,-1.000000,93550.851562,46.775425,-1590364.500000,1895.456787,50.000000,-17.000000,-1.000000,94772.835938,47.386417,-1611138.250000,-4861667.000000,4953136.000000,2476.567627,88992.429688,-437492.937500,-348500.500000
ml,worst,518,2026-05-05,1884.146484,10.000000,1953.134399,50.000000,-18.000000,-1.000000,97656.718750,48.828358,-1757820.875000,1909.845703,50.000000,-18.000000,-1.000000,95492.281250,47.746140,-1718861.125000,1931.844727,50.000000,-18.000000,-1.000000,96592.234375,48.296116,-1738660.125000,-5215342.000000,5242877.000000,2621.438477,24913.562500,-361591.937500,-336678.375000
ml,worst,518,2026-05-06,1915.771362,10.000000,1953.134399,50.000000,-19.000000,-1.000000,97656.718750,48.828358,-1855477.750000,1952.425415,50.000000,-19.000000,-1.000000,97621.273438,48.810635,-1854804.125000,1976.058716,50.000000,-19.000000,-1.000000,98802.937500,49.401466,-1877255.875000,-5587538.000000,5536958.000000,2768.478760,-53348.480469,-283226.718750,-336575.187500
ml,worst,518,2026-05-07,1883.213989,10.000000,1953.134399,50.000000,-20.000000,-1.000000,97656.718750,48.828358,-1953134.375000,1910.282227,50.000000,-20.000000,-1.000000,95514.109375,47.757053,-1910282.250000,1932.766968,50.000000,-20.000000,-1.000000,96638.351562,48.319172,-1932767.000000,-5796183.500000,5826767.000000,2913.383545,27670.117188,-373213.593750,-345543.468750
ml,worst,518,2026-05-08,1843.348633,10.000000,1953.134399,50.000000,-21.000000,-1.000000,97656.718750,48.828358,-2050791.250000,1858.536011,50.000000,-21.000000,-1.000000,92926.796875,46.463398,-1951462.875000,1880.091431,50.000000,-21.000000,-1.000000,94004.570312,47.002285,-1974096.125000,-5976350.000000,6111355.000000,3055.677246,131949.328125,-475517.593750,-343568.250000
ml,worst,518,2026-05-09,1878.699097,10.000000,1953.134399,50.000000,-21.000000,0.000000,-0.000000,0.000000,-2050791.250000,1899.368774,50.000000,-21.000000,0.000000,-0.000000,0.000000,-1994337.250000,1920.674438,50.000000,-21.000000,0.000000,-0.000000,0.000000,-2016708.250000,-6061837.000000,6111355.000000,3055.677246,46462.324219,-384824.000000,-338361.687500
ml,worst,518,2026-05-10,1898.276733,10.000000,1953.134399,50.000000,-21.000000,0.000000,-0.000000,0.000000,-2050791.250000,1925.270020,50.000000,-21.000000,0.000000,-0.000000,0.000000,-2021533.625000,1946.777710,50.000000,-21.000000,0.000000,-0.000000,0.000000,-2044116.625000,-6116441.500000,6111355.000000,3055.677246,-8142.177246,-336795.718750,-344937.906250
ml,worst,518,2026-05-11,1929.062256,10.000000,1953.134399,50.000000,-22.000000,-1.000000,97656.718750,48.828358,-2148447.750000,1948.504150,50.000000,-22.000000,-1.000000,97425.210938,48.712605,-2143354.500000,1970.398438,50.000000,-22.000000,-1.000000,98519.921875,49.259960,-2167438.250000,-6459240.000000,6404957.000000,3202.478516,-57485.476562,-262769.750000,-320255.218750
ml,worst,518,2026-05-12,1931.375244,10.000000,1953.134399,50.000000,-23.000000,-1.000000,97656.718750,48.828358,-2246104.500000,1939.932739,50.000000,-23.000000,-1.000000,96996.640625,48.498318,-2230922.750000,1971.706787,50.000000,-23.000000,-1.000000,98585.335938,49.292667,-2267463.000000,-6744490.000000,6698195.500000,3349.097656,-49643.597656,-257565.593750,-307209.187500
ml,worst,518,2026-05-13,1934.733154,10.000000,1953.134399,50.000000,-24.000000,-1.000000,97656.718750,48.828358,-2343761.250000,1947.722534,50.000000,-24.000000,-1.000000,97386.125000,48.693062,-2337267.000000,1974.739136,50.000000,-24.000000,-1.000000,98736.953125,49.368473,-2369687.000000,-7050715.000000,6991975.000000,3495.987793,-62235.988281,-250024.765625,-312260.750000
ml,worst,518,2026-05-14,1925.999756,10.000000,1953.134399,50.000000,-25.000000,-1.000000,97656.718750,48.828358,-2441418.000000,1935.842773,50.000000,-25.000000,-1.000000,96792.140625,48.396069,-2419803.500000,1959.667969,50.000000,-25.000000,-1.000000,97983.398438,48.991699,-2449585.000000,-7310806.500000,7284407.500000,3642.203613,-30041.203125,-276199.968750,-306241.187500
ml,worst,518,2026-05-15,1927.655396,10.000000,1953.134399,50.000000,-26.000000,-1.000000,97656.718750,48.828358,-2539074.750000,1942.485962,50.000000,-26.000000,-1.000000,97124.296875,48.562149,-2525231.750000,1969.841797,50.000000,-26.000000,-1.000000,98492.093750,49.246044,-2560794.250000,-7625101.000000,7577680.500000,3788.840332,-51209.339844,-271053.187500,-322262.531250
ml,worst,518,2026-05-16,1948.057007,10.000000,1953.134399,50.000000,-26.000000,0.000000,-0.000000,0.000000,-2539074.750000,1965.660034,50.000000,-26.000000,0.000000,-0.000000,0.000000,-2555358.000000,1987.517822,50.000000,-26.000000,0.000000,-0.000000,0.000000,-2583773.250000,-7678206.000000,7577680.500000,3788.840332,-104314.343750,-221035.343750,-325349.687500
ml,worst,518,2026-05-17,1933.833984,10.000000,1953.134399,50.000000,-26.000000,0.000000,-0.000000,0.000000,-2539074.750000,1945.606567,50.000000,-26.000000,0.000000,-0.000000,0.000000,-2529288.500000,1966.139282,50.000000,-26.000000,0.000000,-0.000000,0.000000,-2555981.000000,-7624344.000000,7577680.500000,3788.840332,-50452.339844,-258045.500000,-308497.843750
ml,worst,518,2026-05-18,1983.418213,10.000000,1953.134399,50.000000,-27.000000,-1.000000,97656.718750,48.828358,-2636731.500000,1991.919067,50.000000,-27.000000,-1.000000,99595.953125,49.797974,-2689090.750000,2012.973877,50.000000,-27.000000,-1.000000,100648.695312,50.324345,-2717514.750000,-8043337.000000,7875582.000000,3937.791016,-171692.796875,-141694.078125,-313386.875000
ml,worst,518,2026-05-19,2009.862549,10.000000,1953.134399,50.000000,-28.000000,-1.000000,97656.718750,48.828358,-2734388.000000,2032.760864,50.000000,-28.000000,-1.000000,101638.046875,50.819023,-2845865.250000,2051.481445,50.000000,-28.000000,-1.000000,102574.070312,51.287033,-2872074.000000,-8452327.000000,8177451.000000,4088.725586,-278964.718750,-73458.351562,-352423.062500
ml,worst,518,2026-05-20,1998.367188,10.000000,1953.134399,50.000000,-29.000000,-1.000000,97656.718750,48.828358,-2832045.000000,2013.156860,50.000000,-29.000000,-1.000000,100657.843750,50.328922,-2919077.500000,2028.718872,50.000000,-29.000000,-1.000000,101435.945312,50.717972,-2941642.500000,-8692765.000000,8477201.000000,4238.600586,-219802.593750,-98630.976562,-318433.562500
ml,worst,518,2026-05-21,1995.065186,10.000000,1953.134399,50.000000,-30.000000,-1.000000,97656.718750,48.828358,-2929701.500000,2001.564697,50.000000,-30.000000,-1.000000,100078.234375,50.039116,-3002347.000000,2015.147583,50.000000,-30.000000,-1.000000,100757.382812,50.378689,-3022721.250000,-8954770.000000,8775694.000000,4387.846680,-183463.843750,-109539.257812,-293003.093750
ml,worst,518,2026-05-22,1958.867920,10.000000,1953.134399,50.000000,-31.000000,-1.000000,97656.718750,48.828358,-3027358.500000,1944.871948,50.000000,-31.000000,-1.000000,97243.593750,48.621796,-3014551.500000,1961.891968,50.000000,-31.000000,-1.000000,98094.601562,49.047298,-3040932.500000,-9082842.000000,9068689.000000,4534.344238,-18687.343750,-199150.281250,-217837.625000
ml,worst,518,2026-05-23,1999.422241,10.000000,1953.134399,50.000000,-31.000000,0.000000,-0.000000,0.000000,-3027358.500000,2011.727295,50.000000,-31.000000,0.000000,-0.000000,0.000000,-3118177.250000,2029.754761,50.000000,-31.000000,0.000000,-0.000000,0.000000,-3146120.000000,-9291656.000000,9068689.000000,4534.344238,-227501.343750,-101384.953125,-328886.312500
ml,worst,518,2026-05-24,1987.914673,10.000000,1953.134399,50.000000,-31.000000,0.000000,-0.000000,0.000000,-3027358.500000,2033.442627,50.000000,-31.000000,0.000000,-0.000000,0.000000,-3151836.250000,2052.296143,50.000000,-31.000000,0.000000,-0.000000,0.000000,-3181059.000000,-9360254.000000,9068689.000000,4534.344238,-296099.343750,-130718.953125,-426818.312500
ml,worst,518,2026-05-25,1985.691162,10.000000,1953.134399,50.000000,-31.000000,0.000000,-0.000000,0.000000,-3027358.500000,2015.183960,50.000000,-31.000000,0.000000,-0.000000,0.000000,-3123535.250000,2033.440186,50.000000,-31.000000,0.000000,-0.000000,0.000000,-3151832.250000,-9302726.000000,9068689.000000,4534.344238,-238571.343750,-135998.937500,-374570.281250
ml,worst,518,2026-05-26,1987.025635,10.000000,1953.134399,50.000000,-32.000000,-1.000000,97656.718750,48.828358,-3125015.000000,2015.804199,50.000000,-32.000000,-1.000000,100790.210938,50.395103,-3225286.750000,2031.962769,50.000000,-32.000000,-1.000000,101598.140625,50.799068,-3251140.500000,-9601442.000000,9368733.000000,4684.366699,-237393.359375,-130050.007812,-367443.375000
ml,worst,518,2026-05-27,1934.309814,10.000000,1953.134399,50.000000,-33.000000,-1.000000,97656.718750,48.828358,-3222671.750000,1948.935425,50.000000,-33.000000,-1.000000,97446.773438,48.723385,-3215743.250000,1968.368408,50.000000,-33.000000,-1.000000,98418.421875,49.209209,-3247807.750000,-9686223.000000,9662256.000000,4831.127930,-28798.128906,-263616.843750,-292414.968750
ml,worst,518,2026-05-28,1886.360596,10.000000,1953.134399,50.000000,-34.000000,-1.000000,97656.718750,48.828358,-3320328.500000,1894.873291,50.000000,-34.000000,-1.000000,94743.664062,47.371830,-3221284.500000,1912.629517,50.000000,-34.000000,-1.000000,95631.476562,47.815735,-3251470.000000,-9793083.000000,9950287.000000,4975.143555,152228.859375,-385875.375000,-233646.515625
ml,worst,518,2026-05-29,1871.145386,10.000000,1953.134399,50.000000,-35.000000,-1.000000,97656.718750,48.828358,-3417985.250000,1876.489868,50.000000,-35.000000,-1.000000,93824.492188,46.912247,-3283857.500000,1894.250488,50.000000,-35.000000,-1.000000,94712.523438,47.356262,-3314938.250000,-10016781.000000,10236481.000000,5118.240234,214581.765625,-422594.437500,-208012.671875
ml,worst,518,2026-05-30,1903.729980,10.000000,1953.134399,50.000000,-35.000000,0.000000,-0.000000,0.000000,-3417985.250000,1923.566895,50.000000,-35.000000,0.000000,-0.000000,0.000000,-3366242.250000,1941.374878,50.000000,-35.000000,0.000000,-0.000000,0.000000,-3397405.750000,-10181633.000000,10236481.000000,5118.240234,49729.757812,-341002.093750,-291272.343750
ml,worst,518,2026-05-31,1930.436035,10.000000,1953.134399,50.000000,-35.000000,0.000000,-0.000000,0.000000,-3417985.250000,1945.738037,50.000000,-35.000000,0.000000,-0.000000,0.000000,-3405041.500000,1963.779541,50.000000,-35.000000,0.000000,-0.000000,0.000000,-3436614.000000,-10259641.000000,10236481.000000,5118.240234,-28278.240234,-274737.343750,-303015.593750
ml,worst,518,2026-06-01,1958.676514,10.000000,1953.134399,50.000000,-36.000000,-1.000000,97656.718750,48.828358,-3515641.750000,1976.446777,50.000000,-36.000000,-1.000000,98822.335938,49.411167,-3557604.250000,1996.234863,50.000000,-36.000000,-1.000000,99811.742188,49.905872,-3593222.750000,-10666469.000000,10532772.000000,5266.385742,-138963.390625,-199632.921875,-338596.312500
ml,worst,518,2026-06-02,1950.869141,10.000000,1953.134399,50.000000,-37.000000,-1.000000,97656.718750,48.828358,-3613298.750000,1961.103516,50.000000,-37.000000,-1.000000,98055.171875,49.027588,-3628041.500000,1981.952759,50.000000,-37.000000,-1.000000,99097.640625,49.548817,-3666612.500000,-10907952.000000,10827582.000000,5413.790527,-85783.789062,-219700.609375,-305484.406250
ml,worst,518,2026-06-03,1942.349976,10.000000,1953.134399,50.000000,-38.000000,-1.000000,97656.718750,48.828358,-3710955.500000,1965.791138,50.000000,-38.000000,-1.000000,98289.554688,49.144775,-3735003.000000,1985.972778,50.000000,-38.000000,-1.000000,99298.640625,49.649319,-3773348.500000,-11219307.000000,11122827.000000,5561.413086,-102041.414062,-242207.875000,-344249.281250
ml,worst,518,2026-06-04,1917.780273,10.000000,1953.134399,50.000000,-39.000000,-1.000000,97656.718750,48.828358,-3808612.000000,1934.665649,50.000000,-39.000000,-1.000000,96733.281250,48.366638,-3772598.000000,1956.043945,50.000000,-39.000000,-1.000000,97802.195312,48.901096,-3814285.500000,-11395496.000000,11415019.000000,5707.508789,13815.491211,-303439.125000,-289623.625000
ml,worst,518,2026-06-05,1917.834351,10.000000,1953.134399,50.000000,-40.000000,-1.000000,97656.718750,48.828358,-3906268.750000,1920.699951,50.000000,-40.000000,-1.000000,96035.000000,48.017498,-3841400.000000,1939.736816,50.000000,-40.000000,-1.000000,96986.843750,48.493420,-3879473.500000,-11627142.000000,11705697.000000,5852.848633,72702.148438,-302889.687500,-230187.531250
ml,worst,518,2026-06-06,1930.292480,10.000000,1953.134399,50.000000,-40.000000,0.000000,-0.000000,0.000000,-3906268.750000,1929.569702,50.000000,-40.000000,0.000000,-0.000000,0.000000,-3859139.500000,1949.340332,50.000000,-40.000000,0.000000,-0.000000,0.000000,-3898680.500000,-11664088.000000,11705697.000000,5852.848633,35756.152344,-273797.125000,-238040.968750
ml,worst,518,2026-06-07,1909.756226,10.000000,1953.134399,50.000000,-40.000000,0.000000,-0.000000,0.000000,-3906268.750000,1909.794189,50.000000,-40.000000,0.000000,-0.000000,0.000000,-3819588.250000,1929.812378,50.000000,-40.000000,0.000000,-0.000000,0.000000,-3859624.500000,-11585482.000000,11705697.000000,5852.848633,114362.148438,-324218.406250,-209856.250000
ml,worst,518,2026-06-08,1938.857666,10.000000,1953.134399,50.000000,-41.000000,-1.000000,97656.718750,48.828358,-4003925.500000,1939.839600,50.000000,-41.000000,-1.000000,96991.976562,48.495987,-3976671.000000,1961.210083,50.000000,-41.000000,-1.000000,98060.507812,49.030251,-4020480.750000,-12001077.000000,11998406.000000,5999.203125,-8670.203125,-249377.640625,-258047.843750
ml,worst,518,2026-06-09,1978.768555,10.000000,1953.134399,50.000000,-42.000000,-1.000000,97656.718750,48.828358,-4101582.500000,1968.872314,50.000000,-42.000000,-1.000000,98443.617188,49.221809,-4134632.000000,1988.724731,50.000000,-42.000000,-1.000000,99436.234375,49.718117,-4176322.000000,-12412536.000000,12293943.000000,6146.971680,-124739.968750,-151082.609375,-275822.562500
ml,worst,518,2026-06-10,1967.570190,10.000000,1953.134399,50.000000,-43.000000,-1.000000,97656.718750,48.828358,-4199239.000000,2031.397217,50.000000,-43.000000,-1.000000,101569.859375,50.784931,-4367504.000000,2051.268799,50.000000,-43.000000,-1.000000,102563.437500,51.281719,-4410227.500000,-12976970.000000,12595733.000000,6297.866211,-387534.875000,-182051.921875,-569586.812500
ml,worst,518,2026-06-11,1968.043213,10.000000,1953.134399,50.000000,-38.000000,5.000000,-488283.593750,244.141785,-3710955.500000,2010.357910,50.000000,-44.000000,-1.000000,100517.898438,50.258949,-4422787.500000,2032.371338,50.000000,-44.000000,-1.000000,101618.570312,50.809284,-4471217.000000,-12604960.000000,12309586.000000,6643.076172,-302017.062500,-183570.390625,-485587.437500
ml,worst,518,2026-06-12,2004.865112,10.000000,1953.134399,50.000000,-39.000000,-1.000000,97656.718750,48.828358,-3808612.000000,2027.010132,50.000000,-45.000000,-1.000000,101350.507812,50.675251,-4560772.500000,2055.816650,50.000000,-45.000000,-1.000000,102790.835938,51.395416,-4625587.500000,-12994972.000000,12611384.000000,6793.975586,-390381.968750,-93244.828125,-483626.812500
ml,worst,518,2026-06-13,2044.008911,10.000000,1953.134399,50.000000,-39.000000,0.000000,-0.000000,0.000000,-3808612.000000,2050.714600,50.000000,-45.000000,0.000000,-0.000000,0.000000,-4614108.000000,2079.998535,50.000000,-45.000000,0.000000,-0.000000,0.000000,-4679997.000000,-13102717.000000,12611384.000000,6793.975586,-498126.968750,2073.326416,-496053.656250
ml,worst,518,2026-06-14,2044.679565,10.000000,1953.134399,50.000000,-39.000000,0.000000,-0.000000,0.000000,-3808612.000000,2018.534424,50.000000,-45.000000,0.000000,-0.000000,0.000000,-4541702.500000,2048.886230,50.000000,-45.000000,0.000000,-0.000000,0.000000,-4609994.000000,-12960308.000000,12611384.000000,6793.975586,-355717.968750,2424.990234,-353292.968750
ml,worst,518,2026-06-15,2012.293457,10.000000,1953.134399,50.000000,-40.000000,-1.000000,97656.718750,48.828358,-3906268.750000,1998.540527,50.000000,-46.000000,-1.000000,99927.023438,49.963512,-4596643.500000,2027.748901,50.000000,-46.000000,-1.000000,101387.445312,50.693722,-4663822.500000,-13166734.000000,12910355.000000,6943.460938,-263322.468750,-77422.734375,-340745.187500
ml,worst,518,2026-06-16,2027.736694,10.000000,1953.134399,50.000000,-41.000000,-1.000000,97656.718750,48.828358,-4003925.500000,2030.246948,50.000000,-47.000000,-1.000000,101512.343750,50.756172,-4771080.500000,2057.218018,50.000000,-47.000000,-1.000000,102860.898438,51.430450,-4834462.500000,-13609468.000000,13212385.000000,7094.476074,-404177.468750,-40538.765625,-444716.250000
ml,worst,518,2026-06-17,2072.035400,10.000000,1953.134399,50.000000,-42.000000,-1.000000,97656.718750,48.828358,-4101582.500000,2086.007324,50.000000,-48.000000,-1.000000,104300.367188,52.150185,-5006417.500000,2111.513184,50.000000,-48.000000,-1.000000,105575.656250,52.787823,-5067631.500000,-14175632.000000,13519918.000000,7248.242188,-662962.250000,71620.593750,-591341.625000
ml,worst,518,2026-06-18,2069.068604,10.000000,1953.134399,50.000000,-37.000000,5.000000,-488283.593750,244.141785,-3613298.750000,2077.364990,50.000000,-49.000000,-1.000000,103868.250000,51.934124,-5089544.000000,2103.579102,50.000000,-49.000000,-1.000000,105178.953125,52.589474,-5153769.000000,-13856612.000000,13240682.000000,7596.907715,-623526.937500,63414.832031,-560112.125000
ml,worst,518,2026-06-19,2104.560059,10.000000,1953.134399,50.000000,-37.000000,0.000000,-0.000000,0.000000,-3613298.750000,2130.416260,50.000000,-49.000000,0.000000,-0.000000,0.000000,-5219520.000000,2158.392822,50.000000,-49.000000,0.000000,-0.000000,0.000000,-5288062.500000,-14120882.000000,13240682.000000,7596.907715,-887796.937500,151102.250000,-736694.687500
ml,worst,518,2026-06-20,2309.533936,10.000000,1953.134399,50.000000,-37.000000,0.000000,-0.000000,0.000000,-3613298.750000,2347.104492,50.000000,-49.000000,0.000000,-0.000000,0.000000,-5750406.000000,2375.974365,50.000000,-49.000000,0.000000,-0.000000,0.000000,-5821137.000000,-15184842.000000,13240682.000000,7596.907715,-1951756.875000,663189.687500,-1288567.250000
ml,worst,518,2026-06-21,2353.239990,10.000000,1953.134399,50.000000,-37.000000,0.000000,-0.000000,0.000000,-3613298.750000,2398.145264,50.000000,-49.000000,0.000000,-0.000000,0.000000,-5875456.000000,2424.311523,50.000000,-49.000000,0.000000,-0.000000,0.000000,-5939563.500000,-15428318.000000,13240682.000000,7596.907715,-2195233.000000,770351.875000,-1424881.125000
ml,worst,518,2026-06-22,2332.574463,10.000000,1953.134399,50.000000,-38.000000,-1.000000,97656.718750,48.828358,-3710955.500000,2351.436035,50.000000,-50.000000,-1.000000,117571.804688,58.785900,-5878590.000000,2376.123535,50.000000,-50.000000,-1.000000,118806.179688,59.403088,-5940309.000000,-15529855.000000,13574716.000000,7763.924805,-1962902.875000,719761.937500,-1243141.000000
ml,worst,518,2026-06-23,2295.269531,10.000000,1953.134399,50.000000,-39.000000,-1.000000,97656.718750,48.828358,-3808612.000000,2329.298584,50.000000,-51.000000,-1.000000,116464.929688,58.232460,-5939711.500000,2354.439697,50.000000,-51.000000,-1.000000,117721.984375,58.860992,-6003821.000000,-15752145.000000,13906560.000000,7929.846680,-1853514.875000,623567.437500,-1229947.500000
ml,worst,518,2026-06-24,2301.367188,10.000000,1953.134399,50.000000,-40.000000,-1.000000,97656.718750,48.828358,-3906268.750000,2325.211426,50.000000,-52.000000,-1.000000,116260.570312,58.130287,-6045549.500000,2348.449463,50.000000,-52.000000,-1.000000,117422.476562,58.711235,-6105969.000000,-16057787.000000,14237899.000000,8095.516602,-1827983.500000,637269.375000,-1190714.125000
ml,worst,518,2026-06-25,2319.506592,10.000000,1953.134399,50.000000,-41.000000,-1.000000,97656.718750,48.828358,-4003925.500000,2346.038818,50.000000,-53.000000,-1.000000,117301.937500,58.650967,-6217002.500000,2371.912354,50.000000,-53.000000,-1.000000,118595.617188,59.297806,-6285567.500000,-16506496.000000,14571454.000000,8262.293945,-1943304.250000,681578.750000,-1261725.500000
ml,worst,518,2026-06-26,2320.715576,10.000000,1953.134399,50.000000,-36.000000,5.000000,-488283.593750,244.141785,-3515641.750000,2321.029541,50.000000,-54.000000,-1.000000,116051.476562,58.025738,-6266779.500000,2348.019531,50.000000,-54.000000,-1.000000,117400.976562,58.700485,-6339652.500000,-16122074.000000,14316622.000000,8623.162109,-1814075.125000,682708.187500,-1131367.000000
ml,worst,518,2026-06-27,2382.321533,10.000000,1953.134399,50.000000,-36.000000,0.000000,-0.000000,0.000000,-3515641.750000,2400.061035,50.000000,-54.000000,0.000000,-0.000000,0.000000,-6480165.000000,2423.414795,50.000000,-54.000000,0.000000,-0.000000,0.000000,-6543220.000000,-16539027.000000,14316622.000000,8623.162109,-2231028.250000,835243.125000,-1395785.125000
ml,worst,518,2026-06-28,2381.741211,10.000000,1953.134399,50.000000,-36.000000,0.000000,-0.000000,0.000000,-3515641.750000,2374.175537,50.000000,-54.000000,0.000000,-0.000000,0.000000,-6410274.000000,2395.625488,50.000000,-54.000000,0.000000,-0.000000,0.000000,-6468188.500000,-16394104.000000,14316622.000000,8623.162109,-2086105.125000,833349.625000,-1252755.500000
ml,worst,518,2026-06-29,2452.390625,10.000000,1953.134399,50.000000,-37.000000,-1.000000,97656.718750,48.828358,-3613298.750000,2474.027100,50.000000,-55.000000,-1.000000,123701.351562,61.850674,-6803574.000000,2496.761719,50.000000,-55.000000,-1.000000,124838.085938,62.419041,-6866094.500000,-17282968.000000,14662818.000000,8796.259766,-2628946.250000,1007238.750000,-1621707.500000
ml,worst,518,2026-06-30,2371.098633,10.000000,1953.134399,50.000000,-38.000000,-1.000000,97656.718750,48.828358,-3710955.500000,2363.567139,50.000000,-56.000000,-1.000000,118178.359375,59.089180,-6617988.500000,2387.687744,50.000000,-56.000000,-1.000000,119384.390625,59.692192,-6685526.000000,-17014470.000000,14998039.000000,8963.869141,-2025394.875000,804561.500000,-1220833.375000
ml,worst,518,2026-07-01,2420.334961,10.000000,1953.134399,50.000000,-39.000000,-1.000000,97656.718750,48.828358,-3808612.000000,2435.359619,50.000000,-57.000000,-1.000000,121767.984375,60.883991,-6940775.000000,2461.277588,50.000000,-57.000000,-1.000000,123063.882812,61.531940,-7014641.500000,-17764028.000000,15340527.000000,9135.114258,-2432636.000000,925861.875000,-1506774.125000
ml,worst,518,2026-07-02,2411.096680,10.000000,1953.134399,50.000000,-40.000000,-1.000000,97656.718750,48.828358,-3906268.750000,2424.302734,50.000000,-58.000000,-1.000000,121215.140625,60.607567,-7030478.000000,2454.004639,50.000000,-58.000000,-1.000000,122700.234375,61.350117,-7116613.500000,-18053360.000000,15682099.000000,9305.900391,-2380567.000000,903761.187500,-1476805.750000
ml,worst,518,2026-07-03,2435.505859,10.000000,1953.134399,50.000000,-41.000000,-1.000000,97656.718750,48.828358,-4003925.500000,2441.980713,50.000000,-59.000000,-1.000000,122099.039062,61.049519,-7203843.000000,2470.940186,50.000000,-59.000000,-1.000000,123547.007812,61.773506,-7289273.500000,-18497042.000000,16025402.000000,9477.550781,-2481117.500000,958434.000000,-1522683.500000
ml,worst,518,2026-07-04,2397.587646,10.000000,1953.134399,50.000000,-41.000000,0.000000,-0.000000,0.000000,-4003925.500000,2404.171875,50.000000,-59.000000,0.000000,-0.000000,0.000000,-7092307.000000,2433.153320,50.000000,-59.000000,0.000000,-0.000000,0.000000,-7177802.500000,-18274034.000000,16025402.000000,9477.550781,-2258109.500000,874037.625000,-1384071.875000
ml,worst,518,2026-07-05,2477.295654,10.000000,1953.134399,50.000000,-41.000000,0.000000,-0.000000,0.000000,-4003925.500000,2493.335693,50.000000,-59.000000,0.000000,-0.000000,0.000000,-7355340.500000,2520.765381,50.000000,-59.000000,0.000000,-0.000000,0.000000,-7436258.000000,-18795524.000000,16025402.000000,9477.550781,-2779599.500000,1047276.437500,-1732323.000000
ml,worst,518,2026-07-06,2388.660889,10.000000,1953.134399,50.000000,-36.000000,5.000000,-488283.593750,244.141785,-3515641.750000,2383.668701,50.000000,-60.000000,-1.000000,119183.437500,59.591717,-7151006.000000,2410.378906,50.000000,-60.000000,-1.000000,120518.945312,60.259472,-7231136.500000,-17897784.000000,15776821.000000,9841.543945,-2130804.500000,854006.625000,-1276797.875000
ml,worst,518,2026-07-07,2377.989502,10.000000,1953.134399,50.000000,-37.000000,-1.000000,97656.718750,48.828358,-3613298.750000,2359.629639,50.000000,-61.000000,-1.000000,117981.484375,58.990742,-7196870.500000,2385.511719,50.000000,-61.000000,-1.000000,119275.585938,59.637791,-7275811.000000,-18085980.000000,16111734.000000,10009.000977,-1984255.000000,831684.562500,-1152570.500000
ml,worst,518,2026-07-08,2345.354736,10.000000,1953.134399,50.000000,-38.000000,-1.000000,97656.718750,48.828358,-3710955.500000,2337.292480,50.000000,-62.000000,-1.000000,116864.625000,58.432312,-7245607.000000,2364.083008,50.000000,-62.000000,-1.000000,118204.148438,59.102074,-7328657.000000,-18285220.000000,16444460.000000,10175.364258,-1850935.375000,766848.562500,-1084086.750000
ml,worst,518,2026-07-09,2374.417969,10.000000,1953.134399,50.000000,-39.000000,-1.000000,97656.718750,48.828358,-3808612.000000,2368.866699,50.000000,-63.000000,-1.000000,118443.335938,59.221668,-7461930.500000,2394.843262,50.000000,-63.000000,-1.000000,119742.164062,59.871078,-7543756.000000,-18814298.000000,16780302.000000,10343.285156,-2044339.250000,820237.500000,-1224101.750000
ml,worst,518,2026-07-10,2400.194824,10.000000,1953.134399,50.000000,-40.000000,-1.000000,97656.718750,48.828358,-3906268.750000,2410.367920,50.000000,-64.000000,-1.000000,120518.398438,60.259197,-7713177.500000,2436.203613,50.000000,-64.000000,-1.000000,121810.179688,60.905087,-7795851.500000,-19415298.000000,17120288.000000,10513.278320,-2305523.250000,864037.187500,-1441486.000000
ml,worst,518,2026-07-11,2395.119629,10.000000,1953.134399,50.000000,-40.000000,0.000000,-0.000000,0.000000,-3906268.750000,2436.253174,50.000000,-64.000000,0.000000,-0.000000,0.000000,-7796010.000000,2462.396484,50.000000,-64.000000,0.000000,-0.000000,0.000000,-7879669.000000,-19581948.000000,17120288.000000,10513.278320,-2472173.250000,855552.875000,-1616620.375000
ml,worst,518,2026-07-12,2398.451172,10.000000,1953.134399,50.000000,-40.000000,0.000000,-0.000000,0.000000,-3906268.750000,2333.833496,50.000000,-64.000000,0.000000,-0.000000,0.000000,-7468267.000000,2356.424072,50.000000,-64.000000,0.000000,-0.000000,0.000000,-7540557.000000,-18915092.000000,17120288.000000,10513.278320,-1805317.250000,860425.750000,-944891.500000
ml,worst,518,2026-07-13,2405.948242,10.000000,1953.134399,50.000000,-41.000000,-1.000000,97656.718750,48.828358,-4003925.500000,2392.044189,50.000000,-65.000000,-1.000000,119602.210938,59.801105,-7774144.000000,2415.380615,50.000000,-65.000000,-1.000000,120769.031250,60.384510,-7849986.500000,-19628056.000000,17458316.000000,10682.291016,-2180422.250000,872430.000000,-1307992.250000
ml,worst,518,2026-07-14,2423.689941,10.000000,1953.134399,50.000000,-36.000000,5.000000,-488283.593750,244.141785,-3515641.750000,2416.255615,50.000000,-66.000000,-1.000000,120812.781250,60.406387,-7973644.000000,2440.780273,50.000000,-66.000000,-1.000000,122039.015625,61.019505,-8054575.000000,-19543860.000000,17212884.000000,11047.859375,-2342023.750000,898727.125000,-1443296.625000
ml,worst,518,2026-07-15,2406.445068,10.000000,1953.134399,50.000000,-37.000000,-1.000000,97656.718750,48.828358,-3613298.750000,2386.685059,50.000000,-67.000000,-1.000000,119334.250000,59.667122,-7995395.500000,2407.947021,50.000000,-67.000000,-1.000000,120397.351562,60.198673,-8066622.500000,-19675316.000000,17550272.000000,11216.553711,-2136260.500000,873286.937500,-1262973.500000
ml,worst,518,2026-07-16,2607.109131,10.000000,1953.134399,50.000000,-38.000000,-1.000000,97656.718750,48.828358,-3710955.500000,2622.219482,50.000000,-68.000000,-1.000000,131110.968750,65.555489,-8915546.000000,2646.596924,50.000000,-68.000000,-1.000000,132329.843750,66.164925,-8998430.000000,-21624932.000000,17911370.000000,11397.102539,-3724959.000000,1135036.250000,-2589922.750000
ml,worst,518,2026-07-17,2596.098389,10.000000,1953.134399,50.000000,-39.000000,-1.000000,97656.718750,48.828358,-3808612.000000,2621.840576,50.000000,-69.000000,-1.000000,131092.031250,65.546013,-9045350.000000,2647.041260,50.000000,-69.000000,-1.000000,132352.062500,66.176033,-9132292.000000,-21986254.000000,18272470.000000,11577.652344,-3725361.750000,1121447.875000,-2603914.000000
ml,worst,518,2026-07-18,2661.135010,10.000000,1953.134399,50.000000,-39.000000,0.000000,-0.000000,0.000000,-3808612.000000,2713.511230,50.000000,-69.000000,0.000000,-0.000000,0.000000,-9361614.000000,2735.966064,50.000000,-69.000000,0.000000,-0.000000,0.000000,-9439083.000000,-22609308.000000,18272470.000000,11577.652344,-4348415.500000,1191706.250000,-3156709.250000
ml,worst,518,2026-07-19,2691.334229,10.000000,1953.134399,50.000000,-39.000000,0.000000,-0.000000,0.000000,-3808612.000000,2721.409424,50.000000,-69.000000,0.000000,-0.000000,0.000000,-9388862.000000,2743.595703,50.000000,-69.000000,0.000000,-0.000000,0.000000,-9465405.000000,-22662880.000000,18272470.000000,11577.652344,-4401987.500000,1223865.875000,-3178121.500000
ml,worst,518,2026-07-20,2744.518066,10.000000,1953.134399,50.000000,-40.000000,-1.000000,97656.718750,48.828358,-3906268.750000,2771.751465,50.000000,-70.000000,-1.000000,138587.578125,69.293785,-9701130.000000,2794.046387,50.000000,-70.000000,-1.000000,139702.312500,69.851158,-9779162.000000,-23386560.000000,18648416.000000,11765.625977,-4749909.500000,1281182.500000,-3468727.000000
ml,worst,518,2026-07-21,2766.831299,10.000000,1953.134399,50.000000,-35.000000,5.000000,-488283.593750,244.141785,-3417985.250000,2776.809570,50.000000,-71.000000,-1.000000,138840.484375,69.420242,-9857674.000000,2798.259521,50.000000,-71.000000,-1.000000,139912.968750,69.956482,-9933821.000000,-23209480.000000,18438888.000000,12149.144531,-4782741.000000,1302384.750000,-3480356.250000
ml,worst,518,2026-07-22,2707.095947,10.000000,1953.134399,50.000000,-36.000000,-1.000000,97656.718750,48.828358,-3515641.750000,2691.058838,50.000000,-72.000000,-1.000000,134552.937500,67.276466,-9687812.000000,2712.432373,50.000000,-72.000000,-1.000000,135621.625000,67.810814,-9764756.000000,-22968210.000000,18806718.000000,12333.060547,-4173825.000000,1250031.000000,-2923794.000000
ml,worst,518,2026-07-23,2685.232422,10.000000,1953.134399,50.000000,-37.000000,-1.000000,97656.718750,48.828358,-3613298.750000,2669.322266,50.000000,-73.000000,-1.000000,133466.109375,66.733055,-9743027.000000,2693.036865,50.000000,-73.000000,-1.000000,134651.843750,67.325920,-9829584.000000,-23185910.000000,19172492.000000,12515.947266,-4025934.000000,1233046.000000,-2792888.000000
ml,worst,518,2026-07-24,2710.464355,10.000000,1953.134399,50.000000,-38.000000,-1.000000,97656.718750,48.828358,-3710955.500000,2694.986572,50.000000,-74.000000,-1.000000,134749.328125,67.374664,-9971450.000000,2718.222900,50.000000,-74.000000,-1.000000,135911.140625,67.955566,-10057425.000000,-23739832.000000,19540810.000000,12700.105469,-4211722.000000,1249292.875000,-2962429.000000
ml,worst,518,2026-07-25,2718.209473,10.000000,1953.134399,50.000000,-38.000000,0.000000,-0.000000,0.000000,-3710955.500000,2667.970703,50.000000,-74.000000,0.000000,-0.000000,0.000000,-9871491.000000,2689.640869,50.000000,-74.000000,0.000000,-0.000000,0.000000,-9951671.000000,-23534116.000000,19540810.000000,12700.105469,-4006006.000000,1253408.500000,-2752597.500000
ml,worst,518,2026-07-26,2713.541016,10.000000,1953.134399,50.000000,-38.000000,0.000000,-0.000000,0.000000,-3710955.500000,2715.371826,50.000000,-74.000000,0.000000,-0.000000,0.000000,-10046876.000000,2736.985596,50.000000,-74.000000,0.000000,-0.000000,0.000000,-10126847.000000,-23884680.000000,19540810.000000,12700.105469,-4356570.000000,1250689.875000,-3105880.000000
ml,worst,518,2026-07-27,2697.627197,10.000000,1953.134399,50.000000,-39.000000,-1.000000,97656.718750,48.828358,-3808612.000000,2673.831543,50.000000,-75.000000,-1.000000,133691.578125,66.845787,-10026868.000000,2695.167725,50.000000,-75.000000,-1.000000,134758.390625,67.379189,-10106879.000000,-23942360.000000,19906916.000000,12883.159180,-4048327.250000,1241869.750000,-2806457.500000
ml,worst,518,2026-07-28,2742.314941,10.000000,1953.134399,50.000000,-40.000000,-1.000000,97656.718750,48.828358,-3906268.750000,2736.125244,50.000000,-76.000000,-1.000000,136806.265625,68.403130,-10397276.000000,2755.343506,50.000000,-76.000000,-1.000000,137767.171875,68.883583,-10470305.000000,-24773850.000000,20279148.000000,13069.275391,-4507771.500000,1261185.000000,-3246586.500000
ml,worst,518,2026-07-29,2752.077148,10.000000,1953.134399,50.000000,-41.000000,-1.000000,97656.718750,48.828358,-4003925.500000,2762.752930,50.000000,-71.000000,5.000000,-690688.250000,345.344086,-9807773.000000,2781.064209,50.000000,-77.000000,-1.000000,139053.203125,69.526596,-10707097.000000,-24518796.000000,19825168.000000,13532.973633,-4707161.000000,1264318.875000,-3442842.000000
ml,worst,518,2026-07-30,2720.844482,10.000000,1953.134399,50.000000,-36.000000,5.000000,-488283.593750,244.141785,-3515641.750000,2762.752930,50.000000,-66.000000,5.000000,-690688.250000,345.344086,-9117084.000000,2755.640625,50.000000,-78.000000,-1.000000,137782.031250,68.891014,-10746998.000000,-23379724.000000,18783980.000000,14191.350586,-4609935.500000,1257505.750000,-3352429.750000
ml,worst,518,2026-07-31,2755.478027,10.000000,1953.134399,50.000000,-37.000000,-1.000000,97656.718750,48.828358,-3613298.750000,2762.752930,50.000000,-61.000000,5.000000,-690688.250000,345.344086,-8426396.000000,2782.815186,50.000000,-79.000000,-1.000000,139140.765625,69.570381,-10992120.000000,-23031816.000000,18330088.000000,14655.093750,-4716383.000000,1261375.375000,-3455007.500000
ml,worst,518,2026-08-01,2833.750977,10.000000,1953.134399,50.000000,-37.000000,0.000000,-0.000000,0.000000,-3613298.750000,2762.752930,50.000000,-61.000000,0.000000,-0.000000,0.000000,-8426396.000000,2887.761475,50.000000,-79.000000,0.000000,-0.000000,0.000000,-11406658.000000,-23446352.000000,18330088.000000,14655.093750,-5130919.000000,1261500.750000,-3869418.250000
ml,worst,518,2026-08-02,2873.563965,10.000000,1953.134399,50.000000,-37.000000,0.000000,-0.000000,0.000000,-3613298.750000,2762.752930,50.000000,-61.000000,0.000000,-0.000000,0.000000,-8426396.000000,2900.727783,50.000000,-79.000000,0.000000,-0.000000,0.000000,-11457875.000000,-23497570.000000,18330088.000000,14655.093750,-5182137.000000,1261620.375000,-3920516.500000
ml,worst,518,2026-08-03,2906.767334,10.000000,1953.134399,50.000000,-38.000000,-1.000000,97656.718750,48.828358,-3710955.500000,2762.752930,50.000000,-56.000000,5.000000,-690688.250000,345.344086,-7735708.000000,2925.375488,50.000000,-80.000000,-1.000000,146268.781250,73.134384,-11701502.000000,-23148166.000000,17883324.000000,15122.399414,-5279964.500000,1261745.625000,-4018219.000000
ml,worst,518,2026-08-04,2923.092041,10.000000,1953.134399,50.000000,-39.000000,-1.000000,97656.718750,48.828358,-3808612.000000,2762.752930,50.000000,-57.000000,-1.000000,138137.640625,69.068817,-7873846.000000,2964.987793,50.000000,-81.000000,-1.000000,148249.390625,74.124695,-12008201.000000,-23690660.000000,18267368.000000,15314.421875,-5438606.500000,1261868.125000,-4176738.500000
ml,worst,518,2026-08-05,2884.895996,10.000000,1953.134399,50.000000,-40.000000,-1.000000,97656.718750,48.828358,-3906268.750000,2762.752930,50.000000,-58.000000,-1.000000,138137.640625,69.068817,-8011983.500000,2895.318115,50.000000,-82.000000,-1.000000,144765.906250,72.382950,-11870804.000000,-23789056.000000,18647928.000000,15504.701172,-5156632.500000,1261992.750000,-3894639.750000
ml,worst,518,2026-08-06,2851.706055,10.000000,1953.134399,50.000000,-41.000000,-1.000000,97656.718750,48.828358,-4003925.500000,2762.752930,50.000000,-59.000000,-1.000000,138137.640625,69.068817,-8150121.000000,2862.871582,50.000000,-83.000000,-1.000000,143143.578125,71.571785,-11880917.000000,-24034964.000000,19026868.000000,15694.170898,-5023790.000000,1261992.750000,-3761797.250000
ml,worst,518,2026-08-07,2881.753174,10.000000,1953.134399,50.000000,-36.000000,5.000000,-488283.593750,244.141785,-3515641.750000,2762.752930,50.000000,-54.000000,5.000000,-690688.250000,345.344086,-7459433.000000,2938.947998,50.000000,-84.000000,-1.000000,146947.406250,73.473701,-12343581.000000,-23318656.000000,17994844.000000,16357.130859,-5340169.000000,1261992.750000,-4078176.250000
ml,worst,518,2026-08-08,2915.533203,10.000000,1953.134399,50.000000,-36.000000,0.000000,-0.000000,0.000000,-3515641.750000,2762.752930,50.000000,-54.000000,0.000000,-0.000000,0.000000,-7459433.000000,2976.081543,50.000000,-84.000000,0.000000,-0.000000,0.000000,-12499542.000000,-23474616.000000,17994844.000000,16357.130859,-5496129.000000,1261992.750000,-4234136.000000
ml,worst,518,2026-08-09,2948.005371,10.000000,1953.134399,50.000000,-36.000000,0.000000,-0.000000,0.000000,-3515641.750000,2762.752930,50.000000,-54.000000,0.000000,-0.000000,0.000000,-7459433.000000,3002.525635,50.000000,-84.000000,0.000000,-0.000000,0.000000,-12610608.000000,-23585684.000000,17994844.000000,16357.130859,-5607197.000000,1261992.750000,-4345204.000000
ml,worst,518,2026-08-10,2943.416504,10.000000,1953.134399,50.000000,-37.000000,-1.000000,97656.718750,48.828358,-3613298.750000,2762.752930,50.000000,-55.000000,-1.000000,138137.640625,69.068817,-7597570.500000,2983.406982,50.000000,-85.000000,-1.000000,149170.343750,74.585175,-12679480.000000,-23890348.000000,18379808.000000,16549.613281,-5527089.500000,1261992.750000,-4265097.000000
ml,worst,518,2026-08-11,2927.174805,10.000000,1953.134399,50.000000,-38.000000,-1.000000,97656.718750,48.828358,-3710955.500000,2762.752930,50.000000,-56.000000,-1.000000,138137.640625,69.068817,-7735708.000000,2953.825684,50.000000,-86.000000,-1.000000,147691.281250,73.845634,-12701451.000000,-24148116.000000,18763292.000000,16741.355469,-5401565.500000,1261992.750000,-4139572.750000
ml,worst,518,2026-08-12,2933.168701,10.000000,1953.134399,50.000000,-39.000000,-1.000000,97656.718750,48.828358,-3808612.000000,2762.752930,50.000000,-57.000000,-1.000000,138137.640625,69.068817,-7873846.000000,2942.707031,50.000000,-87.000000,-1.000000,147135.343750,73.567673,-12800776.000000,-24483234.000000,19146224.000000,16932.820312,-5353943.000000,1261992.750000,-4091950.250000
ml,worst,518,2026-08-13,2980.403809,10.000000,1953.134399,50.000000,-40.000000,-1.000000,97656.718750,48.828358,-3906268.750000,2762.752930,50.000000,-52.000000,5.000000,-690688.250000,345.344086,-7183158.000000,2994.007568,50.000000,-88.000000,-1.000000,149700.375000,74.850189,-13173633.000000,-24263060.000000,18702892.000000,17401.843750,-5577570.000000,1261992.750000,-4315577.000000
ml,worst,518,2026-08-14,3017.739502,10.000000,1953.134399,50.000000,-35.000000,5.000000,-488283.593750,244.141785,-3417985.250000,2762.752930,50.000000,-53.000000,-1.000000,138137.640625,69.068817,-7321295.500000,3057.071289,50.000000,-89.000000,-1.000000,152853.562500,76.426781,-13603967.000000,-24343248.000000,18505600.000000,17791.480469,-5855439.500000,1261992.750000,-4593447.000000
ml,worst,518,2026-08-15,3016.312500,10.000000,1953.134399,50.000000,-35.000000,0.000000,-0.000000,0.000000,-3417985.250000,2762.752930,50.000000,-53.000000,0.000000,-0.000000,0.000000,-7321295.500000,3047.638672,50.000000,-89.000000,0.000000,-0.000000,0.000000,-13561992.000000,-24301272.000000,18505600.000000,17791.480469,-5813463.500000,1261992.750000,-4551471.000000
ml,worst,518,2026-08-16,3005.323730,10.000000,1953.134399,50.000000,-35.000000,0.000000,-0.000000,0.000000,-3417985.250000,2762.752930,50.000000,-53.000000,0.000000,-0.000000,0.000000,-7321295.500000,3039.598389,50.000000,-89.000000,0.000000,-0.000000,0.000000,-13526212.000000,-24265492.000000,18505600.000000,17791.480469,-5777683.500000,1261992.750000,-4515691.000000
ml,worst,518,2026-08-17,3151.763672,10.000000,1953.134399,50.000000,-36.000000,-1.000000,97656.718750,48.828358,-3515641.750000,2762.752930,50.000000,-54.000000,-1.000000,138137.640625,69.068817,-7459433.000000,3208.720703,50.000000,-90.000000,-1.000000,160436.031250,80.218010,-14439244.000000,-25414320.000000,18901830.000000,17989.595703,-6530479.500000,1261992.750000,-5268487.000000
ml,worst,518,2026-08-18,3144.270508,10.000000,1953.134399,50.000000,-37.000000,-1.000000,97656.718750,48.828358,-3613298.750000,2762.752930,50.000000,-55.000000,-1.000000,138137.640625,69.068817,-7597570.500000,3196.648926,50.000000,-91.000000,-1.000000,159832.453125,79.916222,-14544753.000000,-25755622.000000,19297456.000000,18187.410156,-6476353.500000,1261992.750000,-5214361.000000
ml,worst,518,2026-08-19,3137.976562,10.000000,1953.134399,50.000000,-38.000000,-1.000000,97656.718750,48.828358,-3710955.500000,2762.752930,50.000000,-56.000000,-1.000000,138137.640625,69.068817,-7735708.000000,3177.014160,50.000000,-92.000000,-1.000000,158850.703125,79.425346,-14614266.000000,-26060930.000000,19692100.000000,18384.732422,-6387214.500000,1261992.750000,-5125222.000000
ml,worst,518,2026-08-20,3201.952393,10.000000,1953.134399,50.000000,-39.000000,-1.000000,97656.718750,48.828358,-3808612.000000,2762.752930,50.000000,-51.000000,5.000000,-690688.250000,345.344086,-7045020.500000,3257.460693,50.000000,-93.000000,-1.000000,162873.031250,81.436508,-15147192.000000,-26000824.000000,19261944.000000,18860.341797,-6757740.500000,1261992.750000,-5495748.000000
ml,worst,518,2026-08-21,3198.399902,10.000000,1953.134399,50.000000,-34.000000,5.000000,-488283.593750,244.141785,-3320328.500000,2762.752930,50.000000,-52.000000,-1.000000,138137.640625,69.068817,-7183158.000000,3211.045898,50.000000,-94.000000,-1.000000,160552.296875,80.276146,-15091916.000000,-25595402.000000,19072348.000000,19253.828125,-6542308.000000,1261992.750000,-5280315.000000
ml,worst,518,2026-08-22,3205.380371,10.000000,1953.134399,50.000000,-34.000000,0.000000,-0.000000,0.000000,-3320328.500000,2762.752930,50.000000,-52.000000,0.000000,-0.000000,0.000000,-7183158.000000,3237.903564,50.000000,-94.000000,0.000000,-0.000000,0.000000,-15218147.000000,-25721632.000000,19072348.000000,19253.828125,-6668538.000000,1261992.750000,-5406545.000000
ml,worst,518,2026-08-23,3265.049316,10.000000,1953.134399,50.000000,-34.000000,0.000000,-0.000000,0.000000,-3320328.500000,2762.752930,50.000000,-52.000000,0.000000,-0.000000,0.000000,-7183158.000000,3280.053223,50.000000,-94.000000,0.000000,-0.000000,0.000000,-15416250.000000,-25919736.000000,19072348.000000,19253.828125,-6866642.000000,1261992.750000,-5604649.000000
ml,worst,518,2026-08-24,3236.956787,10.000000,1953.134399,50.000000,-35.000000,-1.000000,97656.718750,48.828358,-3417985.250000,2762.752930,50.000000,-47.000000,5.000000,-690688.250000,345.344086,-6492469.500000,3264.156006,50.000000,-95.000000,-1.000000,163207.796875,81.603897,-15504741.000000,-25415196.000000,18642524.000000,19729.603516,-6792401.500000,1261992.750000,-5530409.000000
ml,worst,518,2026-08-25,3291.912842,10.000000,1953.134399,50.000000,-30.000000,5.000000,-488283.593750,244.141785,-2929701.500000,2762.752930,50.000000,-42.000000,5.000000,-690688.250000,345.344086,-5801781.000000,3309.402832,50.000000,-96.000000,-1.000000,165470.140625,82.735069,-15885134.000000,-24616616.000000,17629024.000000,20401.824219,-7007994.000000,1261992.750000,-5746001.000000
ml,worst,518,2026-08-26,3281.744629,10.000000,1953.134399,50.000000,-25.000000,5.000000,-488283.593750,244.141785,-2441418.000000,2762.752930,50.000000,-43.000000,-1.000000,138137.640625,69.068817,-5939919.000000,3298.670654,50.000000,-97.000000,-1.000000,164933.531250,82.466759,-15998553.000000,-24379890.000000,17443812.000000,20797.501953,-6956875.500000,1261992.750000,-5694883.000000
ml,worst,518,2026-08-27,3251.067139,10.000000,1953.134399,50.000000,-26.000000,-1.000000,97656.718750,48.828358,-2539074.750000,2762.752930,50.000000,-44.000000,-1.000000,138137.640625,69.068817,-6078056.000000,3259.263184,50.000000,-98.000000,-1.000000,162963.156250,81.481575,-15970389.000000,-24587520.000000,17842568.000000,20996.880859,-6765949.000000,1261992.750000,-5503956.000000
ml,worst,518,2026-08-28,3247.488281,10.000000,1953.134399,50.000000,-27.000000,-1.000000,97656.718750,48.828358,-2636731.500000,2762.752930,50.000000,-45.000000,-1.000000,138137.640625,69.068817,-6216194.000000,3244.731201,50.000000,-99.000000,-1.000000,162236.562500,81.118279,-16061419.000000,-24914344.000000,18240600.000000,21195.896484,-6694940.000000,1261992.750000,-5432947.000000
ml,worst,518,2026-08-29,3241.197998,10.000000,1953.134399,50.000000,-27.000000,0.000000,-0.000000,0.000000,-2636731.500000,2762.752930,50.000000,-45.000000,0.000000,-0.000000,0.000000,-6216194.000000,3247.556152,50.000000,-99.000000,0.000000,-0.000000,0.000000,-16075403.000000,-24928328.000000,18240600.000000,21195.896484,-6708924.000000,1261992.750000,-5446931.000000
ml,worst,518,2026-08-30,3222.200928,10.000000,1953.134399,50.000000,-27.000000,0.000000,-0.000000,0.000000,-2636731.500000,2762.752930,50.000000,-45.000000,0.000000,-0.000000,0.000000,-6216194.000000,3243.787598,50.000000,-99.000000,0.000000,-0.000000,0.000000,-16056748.000000,-24909674.000000,18240600.000000,21195.896484,-6690270.000000,1261992.750000,-5428277.000000
ml,worst,518,2026-08-31,3276.418701,10.000000,1953.134399,50.000000,-28.000000,-1.000000,97656.718750,48.828358,-2734388.000000,2762.752930,50.000000,-40.000000,5.000000,-690688.250000,345.344086,-5525506.000000,3304.504150,50.000000,-100.000000,-1.000000,165225.203125,82.612595,-16522520.000000,-24782414.000000,17812794.000000,21672.681641,-6991292.500000,1261992.750000,-5729300.000000
ml,worst,518,2026-09-01,3267.771973,10.000000,1953.134399,50.000000,-29.000000,-1.000000,97656.718750,48.828358,-2832045.000000,2762.752930,50.000000,-41.000000,-1.000000,138137.640625,69.068817,-5663643.500000,3290.416260,50.000000,-101.000000,-1.000000,164520.812500,82.260406,-16616602.000000,-25112290.000000,18213108.000000,21872.839844,-6921055.000000,1261992.750000,-5659062.000000
ml,worst,518,2026-09-02,3312.492920,10.000000,1953.134399,50.000000,-30.000000,-1.000000,97656.718750,48.828358,-2929701.500000,2762.752930,50.000000,-42.000000,-1.000000,138137.640625,69.068817,-5801781.000000,3318.266113,50.000000,-102.000000,-1.000000,165913.312500,82.956657,-16923158.000000,-25654640.000000,18614816.000000,22073.691406,-7061897.500000,1261992.750000,-5799905.000000
ml,worst,518,2026-09-03,3271.887939,10.000000,1953.134399,50.000000,-25.000000,5.000000,-488283.593750,244.141785,-2441418.000000,2762.752930,50.000000,-43.000000,-1.000000,138137.640625,69.068817,-5939919.000000,3289.707520,50.000000,-103.000000,-1.000000,164485.375000,82.242683,-16941994.000000,-25323332.000000,18429156.000000,22469.146484,-6916645.000000,1261992.750000,-5654652.000000
ml,worst,518,2026-09-04,3235.012695,10.000000,1953.134399,50.000000,-26.000000,-1.000000,97656.718750,48.828358,-2539074.750000,2762.752930,50.000000,-44.000000,-1.000000,138137.640625,69.068817,-6078056.000000,3243.934326,50.000000,-104.000000,-1.000000,162196.718750,81.098358,-16868458.000000,-25485588.000000,18827146.000000,22668.140625,-6681110.000000,1261992.750000,-5419117.000000
ml,worst,518,2026-09-05,3200.981689,10.000000,1953.134399,50.000000,-26.000000,0.000000,-0.000000,0.000000,-2539074.750000,2762.752930,50.000000,-44.000000,0.000000,-0.000000,0.000000,-6078056.000000,3202.800537,50.000000,-104.000000,0.000000,-0.000000,0.000000,-16654562.000000,-25271692.000000,18827146.000000,22668.140625,-6467214.000000,1261992.750000,-5205221.000000
ml,worst,518,2026-09-06,3187.669189,10.000000,1953.134399,50.000000,-26.000000,0.000000,-0.000000,0.000000,-2539074.750000,2762.752930,50.000000,-44.000000,0.000000,-0.000000,0.000000,-6078056.000000,3202.016846,50.000000,-104.000000,0.000000,-0.000000,0.000000,-16650488.000000,-25267620.000000,18827146.000000,22668.140625,-6463142.000000,1261992.750000,-5201149.000000
ml,worst,518,2026-09-07,3183.300537,10.000000,1953.134399,50.000000,-26.000000,0.000000,-0.000000,0.000000,-2539074.750000,2762.752930,50.000000,-44.000000,0.000000,-0.000000,0.000000,-6078056.000000,3195.790771,50.000000,-104.000000,0.000000,-0.000000,0.000000,-16618112.000000,-25235244.000000,18827146.000000,22668.140625,-6430766.000000,1261992.750000,-5168773.000000
ml,worst,518,2026-09-08,3180.387451,10.000000,1953.134399,50.000000,-27.000000,-1.000000,97656.718750,48.828358,-2636731.500000,2762.752930,50.000000,-39.000000,5.000000,-690688.250000,345.344086,-5387368.500000,3206.862549,50.000000,-105.000000,-1.000000,160343.125000,80.171562,-16836028.000000,-24860128.000000,18394458.000000,23142.486328,-6488812.500000,1261992.750000,-5226820.000000
ml,worst,518,2026-09-09,3217.364502,10.000000,1953.134399,50.000000,-28.000000,-1.000000,97656.718750,48.828358,-2734388.000000,2762.752930,50.000000,-40.000000,-1.000000,138137.640625,69.068817,-5525506.000000,3234.880615,50.000000,-106.000000,-1.000000,161744.031250,80.872009,-17144868.000000,-25404762.000000,18791996.000000,23341.253906,-6636107.500000,1261992.750000,-5374115.000000
ml,worst,518,2026-09-10,3207.251709,10.000000,1953.134399,50.000000,-29.000000,-1.000000,97656.718750,48.828358,-2832045.000000,2762.752930,50.000000,-41.000000,-1.000000,138137.640625,69.068817,-5663643.500000,3226.047852,50.000000,-107.000000,-1.000000,161302.390625,80.651192,-17259356.000000,-25755044.000000,19189094.000000,23539.804688,-6589490.000000,1261992.750000,-5327497.000000
ml,worst,518,2026-09-11,3227.973877,10.000000,1953.134399,50.000000,-24.000000,5.000000,-488283.593750,244.141785,-2343761.250000,2762.752930,50.000000,-42.000000,-1.000000,138137.640625,69.068817,-5801781.000000,3249.467773,50.000000,-108.000000,-1.000000,162473.390625,81.236694,-17547126.000000,-25692668.000000,19001420.000000,23934.250000,-6715182.000000,1261992.750000,-5453189.000000
ml,worst,518,2026-09-12,3269.137207,10.000000,1953.134399,50.000000,-24.000000,0.000000,-0.000000,0.000000,-2343761.250000,2762.752930,50.000000,-42.000000,0.000000,-0.000000,0.000000,-5801781.000000,3304.841553,50.000000,-108.000000,0.000000,-0.000000,0.000000,-17846144.000000,-25991686.000000,19001420.000000,23934.250000,-7014200.000000,1261992.750000,-5752207.000000
ml,worst,518,2026-09-13,3294.098633,10.000000,1953.134399,50.000000,-24.000000,0.000000,-0.000000,0.000000,-2343761.250000,2762.752930,50.000000,-42.000000,0.000000,-0.000000,0.000000,-5801781.000000,3323.269287,50.000000,-108.000000,0.000000,-0.000000,0.000000,-17945654.000000,-26091196.000000,19001420.000000,23934.250000,-7113710.000000,1261992.750000,-5851717.000000
ml,worst,518,2026-09-14,3252.233398,10.000000,1953.134399,50.000000,-25.000000,-1.000000,97656.718750,48.828358,-2441418.000000,2762.752930,50.000000,-43.000000,-1.000000,138137.640625,69.068817,-5939919.000000,3266.787842,50.000000,-109.000000,-1.000000,163339.390625,81.669693,-17803994.000000,-26185332.000000,19400554.000000,24133.818359,-6808912.000000,1261992.750000,-5546919.000000
ml,worst,518,2026-09-15,3261.122070,10.000000,1953.134399,50.000000,-26.000000,-1.000000,97656.718750,48.828358,-2539074.750000,2762.752930,50.000000,-38.000000,5.000000,-690688.250000,345.344086,-5249230.500000,3320.666260,50.000000,-110.000000,-1.000000,166033.312500,83.016655,-18263664.000000,-26051968.000000,18973556.000000,24611.007812,-7103023.000000,1261992.750000,-5841030.000000
ml,worst,518,2026-09-16,3299.943848,10.000000,1953.134399,50.000000,-27.000000,-1.000000,97656.718750,48.828358,-2636731.500000,2762.752930,50.000000,-39.000000,-1.000000,138137.640625,69.068817,-5387368.500000,3329.886230,50.000000,-111.000000,-1.000000,166494.312500,83.247154,-18480868.000000,-26504968.000000,19375844.000000,24812.150391,-7153936.000000,1261992.750000,-5891943.000000
ml,worst,518,2026-09-17,3301.848389,10.000000,1953.134399,50.000000,-28.000000,-1.000000,97656.718750,48.828358,-2734388.000000,2762.752930,50.000000,-40.000000,-1.000000,138137.640625,69.068817,-5525506.000000,3315.526611,50.000000,-112.000000,-1.000000,165776.328125,82.888161,-18566948.000000,-26826842.000000,19777416.000000,25012.937500,-7074439.000000,1261992.750000,-5812446.000000
ml,worst,518,2026-09-18,3331.161865,10.000000,1953.134399,50.000000,-29.000000,-1.000000,97656.718750,48.828358,-2832045.000000,2762.752930,50.000000,-41.000000,-1.000000,138137.640625,69.068817,-5663643.500000,3350.456787,50.000000,-113.000000,-1.000000,167522.843750,83.761421,-18930082.000000,-27425770.000000,20180732.000000,25214.593750,-7270252.500000,1261992.750000,-6008260.000000
ml,worst,518,2026-09-19,3323.045410,10.000000,1953.134399,50.000000,-29.000000,0.000000,-0.000000,0.000000,-2832045.000000,2762.752930,50.000000,-41.000000,0.000000,-0.000000,0.000000,-5663643.500000,3344.778320,50.000000,-113.000000,0.000000,-0.000000,0.000000,-18897996.000000,-27393684.000000,20180732.000000,25214.593750,-7238166.500000,1261992.750000,-5976174.000000
ml,worst,518,2026-09-20,3309.325928,10.000000,1953.134399,50.000000,-29.000000,0.000000,-0.000000,0.000000,-2832045.000000,2762.752930,50.000000,-41.000000,0.000000,-0.000000,0.000000,-5663643.500000,3304.688232,50.000000,-113.000000,0.000000,-0.000000,0.000000,-18671490.000000,-27167178.000000,20180732.000000,25214.593750,-7011660.500000,1261992.750000,-5749668.000000
ml,worst,518,2026-09-21,3341.677734,10.000000,1953.134399,50.000000,-24.000000,5.000000,-488283.593750,244.141785,-2343761.250000,2762.752930,50.000000,-42.000000,-1.000000,138137.640625,69.068817,-5801781.000000,3348.216064,50.000000,-114.000000,-1.000000,167410.796875,83.705399,-19084832.000000,-27230374.000000,19997998.000000,25611.509766,-7257987.500000,1261992.750000,-5995995.000000
ml,worst,518,2026-09-22,3373.956299,10.000000,1953.134399,50.000000,-25.000000,-1.000000,97656.718750,48.828358,-2441418.000000,2762.752930,50.000000,-37.000000,5.000000,-690688.250000,345.344086,-5111093.000000,3384.143311,50.000000,-109.000000,5.000000,-846035.812500,423.017914,-18443582.000000,-25996092.000000,18558930.000000,26428.701172,-7463590.500000,1261992.750000,-6201598.000000
ml,worst,518,2026-09-23,3407.212891,10.000000,1953.134399,50.000000,-26.000000,-1.000000,97656.718750,48.828358,-2539074.750000,2762.752930,50.000000,-38.000000,-1.000000,138137.640625,69.068817,-5249230.500000,3422.608643,50.000000,-110.000000,-1.000000,171130.437500,85.565216,-18824346.000000,-26612652.000000,18965856.000000,26632.162109,-7673428.000000,1261992.750000,-6411435.000000
ml,worst,518,2026-09-24,3464.117676,10.000000,1953.134399,50.000000,-27.000000,-1.000000,97656.718750,48.828358,-2636731.500000,2762.752930,50.000000,-39.000000,-1.000000,138137.640625,69.068817,-5387368.500000,3479.356934,50.000000,-111.000000,-1.000000,173967.843750,86.983925,-19310432.000000,-27334532.000000,19375616.000000,26837.044922,-7985753.000000,1261992.750000,-6723760.000000
ml,worst,518,2026-09-25,3469.572998,10.000000,1953.134399,50.000000,-28.000000,-1.000000,97656.718750,48.828358,-2734388.000000,2762.752930,50.000000,-40.000000,-1.000000,138137.640625,69.068817,-5525506.000000,3516.278076,50.000000,-112.000000,-1.000000,175813.906250,87.906944,-19691158.000000,-27951052.000000,19787226.000000,27042.847656,-8190869.000000,1261992.750000,-6928876.000000
ml,worst,518,2026-09-26,3502.041260,10.000000,1953.134399,50.000000,-28.000000,0.000000,-0.000000,0.000000,-2734388.000000,2762.752930,50.000000,-40.000000,0.000000,-0.000000,0.000000,-5525506.000000,3547.650879,50.000000,-112.000000,0.000000,-0.000000,0.000000,-19866846.000000,-28126740.000000,19787226.000000,27042.847656,-8366557.000000,1261992.750000,-7104564.000000
ml,worst,518,2026-09-27,3503.414307,10.000000,1953.134399,50.000000,-28.000000,0.000000,-0.000000,0.000000,-2734388.000000,2762.752930,50.000000,-40.000000,0.000000,-0.000000,0.000000,-5525506.000000,3533.097656,50.000000,-112.000000,0.000000,-0.000000,0.000000,-19785346.000000,-28045240.000000,19787226.000000,27042.847656,-8285057.000000,1261992.750000,-7023064.000000
ml,worst,518,2026-09-28,3515.610596,10.000000,1953.134399,50.000000,-23.000000,5.000000,-488283.593750,244.141785,-2246104.500000,2762.752930,50.000000,-41.000000,-1.000000,138137.640625,69.068817,-5663643.500000,3541.953369,50.000000,-113.000000,-1.000000,177097.671875,88.548836,-20012036.000000,-27921784.000000,19614178.000000,27444.609375,-8335050.500000,1261992.750000,-7073058.000000
ml,worst,518,2026-09-29,3525.995850,10.000000,1953.134399,50.000000,-24.000000,-1.000000,97656.718750,48.828358,-2343761.250000,2762.752930,50.000000,-36.000000,5.000000,-690688.250000,345.344086,-4972955.500000,3544.021484,50.000000,-114.000000,-1.000000,177201.078125,88.600533,-20200922.000000,-27517640.000000,19198348.000000,27927.382812,-8347219.500000,1261992.750000,-7085227.000000
ml,worst,518,2026-09-30,3524.147217,10.000000,1953.134399,50.000000,-25.000000,-1.000000,97656.718750,48.828358,-2441418.000000,2762.752930,50.000000,-37.000000,-1.000000,138137.640625,69.068817,-5111093.000000,3544.573975,50.000000,-115.000000,-1.000000,177228.703125,88.614349,-20381300.000000,-27933812.000000,19611370.000000,28133.890625,-8350576.000000,1261992.750000,-7088583.000000
ml,worst,518,2026-10-01,3562.673584,10.000000,1953.134399,50.000000,-26.000000,-1.000000,97656.718750,48.828358,-2539074.750000,2762.752930,50.000000,-38.000000,-1.000000,138137.640625,69.068817,-5249230.500000,3606.460938,50.000000,-110.000000,5.000000,-901615.250000,450.807617,-19835534.000000,-27623840.000000,18945550.000000,28702.597656,-8706993.000000,1261992.750000,-7445000.000000
ml,worst,518,2026-10-02,3552.180176,10.000000,1953.134399,50.000000,-27.000000,-1.000000,97656.718750,48.828358,-2636731.500000,2762.752930,50.000000,-39.000000,-1.000000,138137.640625,69.068817,-5387368.500000,3572.854980,50.000000,-111.000000,-1.000000,178642.750000,89.321373,-19829346.000000,-27853446.000000,19359986.000000,28909.816406,-8522370.000000,1261992.750000,-7260377.000000
ml,worst,518,2026-10-03,3535.511719,10.000000,1953.134399,50.000000,-27.000000,0.000000,-0.000000,0.000000,-2636731.500000,2762.752930,50.000000,-39.000000,0.000000,-0.000000,0.000000,-5387368.500000,3547.518311,50.000000,-111.000000,0.000000,-0.000000,0.000000,-19688726.000000,-27712826.000000,19359986.000000,28909.816406,-8381750.000000,1261992.750000,-7119757.000000
ml,worst,518,2026-10-04,3556.315674,10.000000,1953.134399,50.000000,-27.000000,0.000000,-0.000000,0.000000,-2636731.500000,2762.752930,50.000000,-39.000000,0.000000,-0.000000,0.000000,-5387368.500000,3541.006592,50.000000,-111.000000,0.000000,-0.000000,0.000000,-19652586.000000,-27676686.000000,19359986.000000,28909.816406,-8345610.000000,1261992.750000,-7083617.000000
ml,worst,518,2026-10-05,3562.863770,10.000000,1953.134399,50.000000,-22.000000,5.000000,-488283.593750,244.141785,-2148447.750000,2762.752930,50.000000,-34.000000,5.000000,-690688.250000,345.344086,-4696680.000000,3570.103760,50.000000,-106.000000,5.000000,-892526.000000,446.262970,-18921550.000000,-25766678.000000,17288488.000000,29945.564453,-8508136.000000,1261992.750000,-7246143.000000
ml,worst,518,2026-10-06,3552.515381,10.000000,1953.134399,50.000000,-23.000000,-1.000000,97656.718750,48.828358,-2246104.500000,2762.752930,50.000000,-29.000000,5.000000,-690688.250000,345.344086,-4005991.750000,3552.741699,50.000000,-107.000000,-1.000000,177637.078125,88.818535,-19007168.000000,-25259264.000000,16873094.000000,30428.554688,-8416599.000000,1261992.750000,-7154606.000000
ml,worst,518,2026-10-07,3559.824219,10.000000,1953.134399,50.000000,-18.000000,5.000000,-488283.593750,244.141785,-1757820.875000,2762.752930,50.000000,-30.000000,-1.000000,138137.640625,69.068817,-4144129.250000,3546.208740,50.000000,-108.000000,-1.000000,177310.437500,88.655220,-19149526.000000,-25051476.000000,16700258.000000,30830.421875,-8382048.500000,1261992.750000,-7120056.000000
ml,worst,518,2026-10-08,3566.253174,10.000000,1953.134399,50.000000,-19.000000,-1.000000,97656.718750,48.828358,-1855477.750000,2762.752930,50.000000,-31.000000,-1.000000,138137.640625,69.068817,-4282267.000000,3597.611816,50.000000,-103.000000,5.000000,-899402.937500,449.701508,-18527702.000000,-24665448.000000,16036650.000000,31398.021484,-8660196.000000,1261992.750000,-7398203.000000
ml,worst,518,2026-10-09,3520.962158,10.000000,1953.134399,50.000000,-20.000000,-1.000000,97656.718750,48.828358,-1953134.375000,2762.752930,50.000000,-32.000000,-1.000000,138137.640625,69.068817,-4420404.500000,3534.393799,50.000000,-104.000000,-1.000000,176719.687500,88.359840,-18378848.000000,-24752388.000000,16449164.000000,31604.277344,-8334828.500000,1261992.750000,-7072836.000000
ml,worst,518,2026-10-10,3501.834473,10.000000,1953.134399,50.000000,-20.000000,0.000000,-0.000000,0.000000,-1953134.375000,2762.752930,50.000000,-32.000000,0.000000,-0.000000,0.000000,-4420404.500000,3521.576660,50.000000,-104.000000,0.000000,-0.000000,0.000000,-18312198.000000,-24685736.000000,16449164.000000,31604.277344,-8268176.500000,1261992.750000,-7006184.000000
ml,worst,518,2026-10-11,3537.545410,10.000000,1953.134399,50.000000,-20.000000,0.000000,-0.000000,0.000000,-1953134.375000,2762.752930,50.000000,-32.000000,0.000000,-0.000000,0.000000,-4420404.500000,3547.071289,50.000000,-104.000000,0.000000,-0.000000,0.000000,-18444770.000000,-24818308.000000,16449164.000000,31604.277344,-8400748.000000,1261992.750000,-7138755.000000
ml,worst,518,2026-10-12,3543.288818,10.000000,1953.134399,50.000000,-20.000000,0.000000,-0.000000,0.000000,-1953134.375000,2762.752930,50.000000,-32.000000,0.000000,-0.000000,0.000000,-4420404.500000,3551.072510,50.000000,-104.000000,0.000000,-0.000000,0.000000,-18465576.000000,-24839116.000000,16449164.000000,31604.277344,-8421556.000000,1261992.750000,-7159563.000000
ml,worst,518,2026-10-13,3537.896484,10.000000,1953.134399,50.000000,-21.000000,-1.000000,97656.718750,48.828358,-2050791.250000,2762.752930,50.000000,-33.000000,-1.000000,138137.640625,69.068817,-4558542.000000,3535.935059,50.000000,-105.000000,-1.000000,176796.750000,88.398376,-18563660.000000,-25172992.000000,16861756.000000,31810.572266,-8343046.500000,1261992.750000,-7081054.000000
ml,worst,518,2026-10-14,3570.946289,10.000000,1953.134399,50.000000,-22.000000,-1.000000,97656.718750,48.828358,-2148447.750000,2762.752930,50.000000,-28.000000,5.000000,-690688.250000,345.344086,-3867854.000000,3585.600586,50.000000,-100.000000,5.000000,-896400.187500,448.200043,-17928004.000000,-23944306.000000,15372323.000000,32652.945312,-8604636.000000,1261992.750000,-7342643.000000
ml,worst,518,2026-10-15,3567.273682,10.000000,1953.134399,50.000000,-23.000000,-1.000000,97656.718750,48.828358,-2246104.500000,2762.752930,50.000000,-29.000000,-1.000000,138137.640625,69.068817,-4005991.750000,3561.516113,50.000000,-101.000000,-1.000000,178075.812500,89.037903,-17985656.000000,-24237752.000000,15786194.000000,32859.882812,-8484418.000000,1261992.750000,-7222425.000000
ml,worst,518,2026-10-16,3560.750977,10.000000,1953.134399,50.000000,-18.000000,5.000000,-488283.593750,244.141785,-1757820.875000,2762.752930,50.000000,-30.000000,-1.000000,138137.640625,69.068817,-4144129.250000,3554.794434,50.000000,-102.000000,-1.000000,177739.718750,88.869858,-18129452.000000,-24031402.000000,15613788.000000,33261.960938,-8450876.000000,1261992.750000,-7188883.000000
ml,worst,518,2026-10-17,3585.069824,10.000000,1953.134399,50.000000,-18.000000,0.000000,-0.000000,0.000000,-1757820.875000,2762.752930,50.000000,-30.000000,0.000000,-0.000000,0.000000,-4144129.250000,3592.090088,50.000000,-102.000000,0.000000,-0.000000,0.000000,-18319660.000000,-24221610.000000,15613788.000000,33261.960938,-8641084.000000,1261992.750000,-7379091.000000
ml,worst,518,2026-10-18,3542.521729,10.000000,1953.134399,50.000000,-18.000000,0.000000,-0.000000,0.000000,-1757820.875000,2762.752930,50.000000,-30.000000,0.000000,-0.000000,0.000000,-4144129.250000,3549.834229,50.000000,-102.000000,0.000000,-0.000000,0.000000,-18104154.000000,-24006104.000000,15613788.000000,33261.960938,-8425578.000000,1261992.750000,-7163585.000000
ml,worst,518,2026-10-19,3554.599854,10.000000,1953.134399,50.000000,-19.000000,-1.000000,97656.718750,48.828358,-1855477.750000,2762.752930,50.000000,-31.000000,-1.000000,138137.640625,69.068817,-4282267.000000,3546.837402,50.000000,-97.000000,5.000000,-886709.375000,443.354675,-17202160.000000,-23339904.000000,14962872.000000,33823.210938,-8410855.000000,1261992.750000,-7148862.000000
ml,worst,518,2026-10-20,3570.278809,10.000000,1953.134399,50.000000,-20.000000,-1.000000,97656.718750,48.828358,-1953134.375000,2762.752930,50.000000,-32.000000,-1.000000,138137.640625,69.068817,-4420404.500000,3565.433350,50.000000,-92.000000,5.000000,-891358.312500,445.679169,-16400994.000000,-22774532.000000,14307308.000000,34386.789062,-8501611.000000,1261992.750000,-7239618.000000
ml,worst,518,2026-10-21,3595.852051,10.000000,1953.134399,50.000000,-21.000000,-1.000000,97656.718750,48.828358,-2050791.250000,2762.752930,50.000000,-27.000000,5.000000,-690688.250000,345.344086,-3729716.500000,3594.037842,50.000000,-87.000000,5.000000,-898509.500000,449.254730,-15634064.000000,-21414572.000000,12815767.000000,35230.214844,-8634035.000000,1261992.750000,-7372042.000000
ml,worst,518,2026-10-22,3649.822021,10.000000,1953.134399,50.000000,-16.000000,5.000000,-488283.593750,244.141785,-1562507.500000,2762.752930,50.000000,-28.000000,-1.000000,138137.640625,69.068817,-3867854.000000,3665.054443,50.000000,-82.000000,5.000000,-916263.562500,458.131775,-15026723.000000,-20457084.000000,11549358.000000,36001.558594,-8943728.000000,1261992.750000,-7681735.000000
ml,worst,518,2026-10-23,3622.869385,10.000000,1953.134399,50.000000,-17.000000,-1.000000,97656.718750,48.828358,-1660164.250000,2762.752930,50.000000,-29.000000,-1.000000,138137.640625,69.068817,-4005991.750000,3626.578125,50.000000,-83.000000,-1.000000,181328.906250,90.664444,-15050300.000000,-20716456.000000,11966481.000000,36210.121094,-8786185.000000,1261992.750000,-7524192.000000
ml,worst,518,2026-10-24,3655.695068,10.000000,1953.134399,50.000000,-17.000000,0.000000,-0.000000,0.000000,-1660164.250000,2762.752930,50.000000,-29.000000,0.000000,-0.000000,0.000000,-4005991.750000,3673.519287,50.000000,-83.000000,0.000000,-0.000000,0.000000,-15245105.000000,-20911260.000000,11966481.000000,36210.121094,-8980989.000000,1261992.750000,-7718996.000000
ml,worst,518,2026-10-25,3633.630615,10.000000,1953.134399,50.000000,-17.000000,0.000000,-0.000000,0.000000,-1660164.250000,2762.752930,50.000000,-29.000000,0.000000,-0.000000,0.000000,-4005991.750000,3639.103760,50.000000,-83.000000,0.000000,-0.000000,0.000000,-15102281.000000,-20768436.000000,11966481.000000,36210.121094,-8838165.000000,1261992.750000,-7576172.000000
ml,worst,518,2026-10-26,3663.257812,10.000000,1953.134399,50.000000,-18.000000,-1.000000,97656.718750,48.828358,-1757820.875000,2762.752930,50.000000,-30.000000,-1.000000,138137.640625,69.068817,-4144129.250000,3656.938965,50.000000,-78.000000,5.000000,-914234.750000,457.117340,-14262062.000000,-20164012.000000,11288040.000000,36785.132812,-8912757.000000,1261992.750000,-7650764.000000
ml,worst,518,2026-10-27,3667.099121,10.000000,1953.134399,50.000000,-19.000000,-1.000000,97656.718750,48.828358,-1855477.750000,2762.752930,50.000000,-25.000000,5.000000,-690688.250000,345.344086,-3453441.000000,3654.015137,50.000000,-79.000000,-1.000000,182700.750000,91.350372,-14433359.000000,-19742278.000000,10877710.000000,37270.656250,-8901839.000000,1261992.750000,-7639846.000000
ml,worst,518,2026-10-28,3625.067383,10.000000,1953.134399,50.000000,-14.000000,5.000000,-488283.593750,244.141785,-1367194.000000,2762.752930,50.000000,-26.000000,-1.000000,138137.640625,69.068817,-3591579.000000,3610.401123,50.000000,-80.000000,-1.000000,180520.062500,90.260033,-14441605.000000,-19400378.000000,10708084.000000,37674.128906,-8729968.000000,1261992.750000,-7467975.000000
ml,worst,518,2026-10-29,3642.957520,10.000000,1953.134399,50.000000,0.000000,14.000000,-1367194.000000,683.596985,0.000000,2762.752930,50.000000,0.000000,26.000000,-3591579.000000,1795.789307,0.000000,3644.214844,50.000000,0.000000,80.000000,-14576859.000000,7288.429688,0.000000,0.000000,-8827548.000000,47441.945312,-8874990.000000,1261992.750000,-7612997.000000
ml,worst,518,2026-10-30,3612.674072,10.000000,1953.134399,50.000000,0.000000,0.000000,-0.000000,0.000000,0.000000,2762.752930,50.000000,0.000000,0.000000,-0.000000,0.000000,0.000000,3644.214844,50.000000,0.000000,0.000000,-0.000000,0.000000,0.000000,0.000000,-8827548.000000,47441.945312,-8874990.000000,1261992.750000,-7612997.000000
ml,p5,598,2026-04-10,2055.000244,10.000000,2026.171509,50.000000,-1.000000,-1.000000,101308.578125,50.654285,-101308.578125,2047.068848,50.000000,-1.000000,-1.000000,102353.445312,51.176720,-102353.445312,2070.749756,50.000000,-1.000000,-1.000000,103537.484375,51.768742,-103537.484375,-307199.500000,307199.500000,153.599747,-153.599747,4854.181641,4700.582031
ml,p5,598,2026-04-11,2050.904541,10.000000,2031.462402,50.000000,-1.000000,0.000000,-0.000000,0.000000,-101573.117188,2053.871338,50.000000,-1.000000,0.000000,-0.000000,0.000000,-102693.570312,2078.028564,50.000000,-1.000000,0.000000,-0.000000,0.000000,-103901.429688,-308168.125000,307199.500000,153.599747,-1122.224731,4302.408691,3180.184082
ml,p5,598,2026-04-12,2033.933350,10.000000,2028.735962,50.000000,-1.000000,0.000000,-0.000000,0.000000,-101436.796875,2050.854004,50.000000,-1.000000,0.000000,-0.000000,0.000000,-102542.703125,2074.505615,50.000000,-1.000000,0.000000,-0.000000,0.000000,-103725.281250,-307704.781250,307199.500000,153.599747,-658.880981,-48965.902344,-49624.785156
ml,p5,598,2026-04-13,2039.557617,10.000000,2029.236694,50.000000,-2.000000,-1.000000,101461.835938,50.730919,-202923.671875,2052.837646,50.000000,-2.000000,-1.000000,102641.882812,51.320938,-205283.765625,2076.835449,50.000000,-2.000000,-1.000000,103841.773438,51.920887,-207683.546875,-615891.000000,615145.000000,307.572510,-1053.572510,-34859.375000,-35912.949219
ml,p5,598,2026-04-14,2043.220459,10.000000,2048.321289,50.000000,-3.000000,-1.000000,102416.062500,51.208031,-307248.187500,2071.223389,50.000000,-3.000000,-1.000000,103561.171875,51.780586,-310683.500000,2094.276123,50.000000,-3.000000,-1.000000,104713.804688,52.356903,-314141.406250,-932073.125000,925836.062500,462.917999,-6699.980469,-21835.253906,-28535.234375
ml,p5,598,2026-04-15,2049.456543,10.000000,1998.546997,50.000000,-4.000000,-1.000000,99927.351562,49.963673,-399709.406250,2019.674438,50.000000,-4.000000,-1.000000,100983.718750,50.491859,-403934.875000,2039.373413,50.000000,-4.000000,-1.000000,101968.671875,50.984337,-407874.687500,-1211519.000000,1228715.750000,614.357910,16582.392578,3324.503906,19906.896484
ml,p5,598,2026-04-16,2014.933838,10.000000,1994.019897,50.000000,-5.000000,-1.000000,99700.992188,49.850494,-498504.968750,2014.950317,50.000000,-5.000000,-1.000000,100747.515625,50.373756,-503737.593750,2035.200073,50.000000,-5.000000,-1.000000,101760.000000,50.879997,-508800.000000,-1511042.500000,1530924.250000,765.462158,19116.287109,-82140.390625,-63024.101562
ml,p5,598,2026-04-17,2023.350830,10.000000,2022.224487,50.000000,-6.000000,-1.000000,101111.226562,50.555611,-606667.312500,2043.154541,50.000000,-6.000000,-1.000000,102157.726562,51.078861,-612946.375000,2063.489746,50.000000,-6.000000,-1.000000,103174.484375,51.587242,-619046.937500,-1838660.750000,1837367.750000,918.683838,-2211.683838,-56381.941406,-58593.625000
ml,p5,598,2026-04-18,1964.010132,10.000000,1968.869019,50.000000,-6.000000,0.000000,-0.000000,0.000000,-590660.687500,1987.589111,50.000000,-6.000000,0.000000,-0.000000,0.000000,-596276.750000,2006.457642,50.000000,-6.000000,0.000000,-0.000000,0.000000,-601937.312500,-1788874.750000,1837367.750000,918.683838,47574.316406,-203152.734375,-155578.421875
ml,p5,598,2026-04-19,1896.110107,10.000000,1892.154785,50.000000,-6.000000,0.000000,-0.000000,0.000000,-567646.437500,1911.813965,50.000000,-6.000000,0.000000,-0.000000,0.000000,-573544.187500,1930.948120,50.000000,-6.000000,0.000000,-0.000000,0.000000,-579284.437500,-1720475.000000,1837367.750000,918.683838,115974.062500,-366344.937500,-250370.875000
ml,p5,598,2026-04-20,1918.674805,10.000000,1908.455811,50.000000,-7.000000,-1.000000,95422.789062,47.711391,-667959.500000,1927.023193,50.000000,-7.000000,-1.000000,96351.156250,48.175575,-674458.125000,1946.159180,50.000000,-7.000000,-1.000000,97307.960938,48.653980,-681155.687500,-2023573.250000,2126449.750000,1063.224854,101813.273438,-307614.968750,-205801.687500
ml,p5,598,2026-04-21,1932.733276,10.000000,1935.660034,50.000000,-8.000000,-1.000000,96783.000000,48.391499,-774264.000000,1953.158447,50.000000,-8.000000,-1.000000,97657.921875,48.828960,-781263.375000,1971.508545,50.000000,-8.000000,-1.000000,98575.429688,49.287716,-788603.437500,-2344130.750000,2419466.000000,1209.733032,74125.515625,-266014.781250,-191889.265625
ml,p5,598,2026-04-22,1937.442749,10.000000,1938.552856,50.000000,-9.000000,-1.000000,96927.640625,48.463818,-872348.812500,1956.043701,50.000000,-9.000000,-1.000000,97802.187500,48.901093,-880219.625000,1974.369385,50.000000,-9.000000,-1.000000,98718.468750,49.359234,-888466.187500,-2641034.750000,2712914.250000,1356.457153,70523.039062,-250630.343750,-180107.312500
ml,p5,598,2026-04-23,1877.916260,10.000000,1873.093262,50.000000,-10.000000,-1.000000,93654.664062,46.827332,-936546.687500,1890.784912,50.000000,-10.000000,-1.000000,94539.242188,47.269619,-945392.500000,1908.834839,50.000000,-10.000000,-1.000000,95441.742188,47.720871,-954417.375000,-2836356.500000,2996550.000000,1498.274902,158695.218750,-398076.343750,-239381.125000
ml,p5,598,2026-04-24,1867.227295,10.000000,1871.417358,50.000000,-11.000000,-1.000000,93570.867188,46.785435,-1029279.562500,1889.243042,50.000000,-11.000000,-1.000000,94462.148438,47.231075,-1039083.687500,1908.011719,50.000000,-11.000000,-1.000000,95400.585938,47.700291,-1049406.500000,-3117769.750000,3279983.500000,1639.991699,160573.765625,-423098.031250,-262524.250000
ml,p5,598,2026-04-25,1854.313843,10.000000,1845.460571,50.000000,-11.000000,0.000000,-0.000000,0.000000,-1015003.312500,1864.384033,50.000000,-11.000000,0.000000,-0.000000,0.000000,-1025411.250000,1883.439087,50.000000,-11.000000,0.000000,-0.000000,0.000000,-1035891.500000,-3076306.000000,3279983.500000,1639.991699,202037.515625,-446892.593750,-244855.078125
ml,p5,598,2026-04-26,1876.017090,10.000000,1875.637939,50.000000,-11.000000,0.000000,-0.000000,0.000000,-1031600.875000,1894.669312,50.000000,-11.000000,0.000000,-0.000000,0.000000,-1042068.187500,1914.335083,50.000000,-11.000000,0.000000,-0.000000,0.000000,-1052884.250000,-3126553.250000,3279983.500000,1639.991699,151790.265625,-386780.562500,-234990.296875
ml,p5,598,2026-04-27,1877.238525,10.000000,1889.367188,50.000000,-12.000000,-1.000000,94468.359375,47.234180,-1133620.250000,1908.582031,50.000000,-12.000000,-1.000000,95429.101562,47.714550,-1145149.250000,1929.715942,50.000000,-12.000000,-1.000000,96485.796875,48.242897,-1157829.625000,-3436599.000000,3566366.750000,1783.183350,127984.570312,-373192.687500,-245208.125000
ml,p5,598,2026-04-28,1904.350098,10.000000,1907.761963,50.000000,-13.000000,-1.000000,95388.101562,47.694050,-1240045.250000,1929.959595,50.000000,-13.000000,-1.000000,96497.976562,48.248985,-1254473.750000,1952.871216,50.000000,-13.000000,-1.000000,97643.562500,48.821781,-1269366.250000,-3763885.250000,3855896.500000,1927.948242,90083.304688,-299592.125000,-209508.812500
ml,p5,598,2026-04-29,1917.409058,10.000000,1918.064087,50.000000,-14.000000,-1.000000,95903.203125,47.951599,-1342644.875000,1940.577026,50.000000,-14.000000,-1.000000,97028.851562,48.514423,-1358403.875000,1963.172363,50.000000,-14.000000,-1.000000,98158.617188,49.079308,-1374220.750000,-4075269.500000,4146987.000000,2073.493652,69644.007812,-264328.250000,-194684.250000
ml,p5,598,2026-04-30,1897.640503,10.000000,1918.064087,50.000000,-15.000000,-1.000000,95903.203125,47.951599,-1438548.000000,1912.588989,50.000000,-15.000000,-1.000000,95629.453125,47.814724,-1434441.750000,1932.425171,50.000000,-15.000000,-1.000000,96621.257812,48.310627,-1449318.875000,-4322308.500000,4435141.000000,2217.570557,110614.929688,-320229.406250,-209614.468750
ml,p5,598,2026-05-01,1886.887817,10.000000,1918.064087,50.000000,-16.000000,-1.000000,95903.203125,47.951599,-1534451.250000,1919.452759,50.000000,-16.000000,-1.000000,95972.640625,47.986317,-1535562.250000,1940.432007,50.000000,-16.000000,-1.000000,97021.601562,48.510799,-1552345.625000,-4622359.000000,4724038.500000,2362.019043,99317.484375,-347092.250000,-247774.765625
ml,p5,598,2026-05-02,1899.877808,10.000000,1918.064087,50.000000,-16.000000,0.000000,-0.000000,0.000000,-1534451.250000,1935.117310,50.000000,-16.000000,0.000000,-0.000000,0.000000,-1548093.875000,1955.310547,50.000000,-16.000000,0.000000,-0.000000,0.000000,-1564248.500000,-4646793.500000,4724038.500000,2362.019043,74882.984375,-317232.437500,-242349.453125
ml,p5,598,2026-05-03,1924.089478,10.000000,1918.064087,50.000000,-16.000000,0.000000,-0.000000,0.000000,-1534451.250000,1964.590210,50.000000,-16.000000,0.000000,-0.000000,0.000000,-1571672.125000,1984.357910,50.000000,-16.000000,0.000000,-0.000000,0.000000,-1587486.375000,-4693610.000000,4724038.500000,2362.019043,28066.480469,-256367.750000,-228301.265625
ml,p5,598,2026-05-04,1944.274658,10.000000,1918.064087,50.000000,-17.000000,-1.000000,95903.203125,47.951599,-1630354.500000,1970.582031,50.000000,-17.000000,-1.000000,98529.101562,49.264549,-1674994.750000,1991.229614,50.000000,-17.000000,-1.000000,99561.484375,49.780743,-1692545.125000,-4997894.500000,5018032.000000,2509.016113,17628.484375,-204347.000000,-186718.515625
ml,p5,598,2026-05-05,1948.514038,10.000000,1918.064087,50.000000,-18.000000,-1.000000,95903.203125,47.951599,-1726257.625000,1970.810547,50.000000,-18.000000,-1.000000,98540.531250,49.270264,-1773729.500000,1992.390625,50.000000,-18.000000,-1.000000,99619.531250,49.809765,-1793151.500000,-5293138.500000,5312095.500000,2656.047852,16300.952148,-191912.640625,-175611.687500
ml,p5,598,2026-05-06,1957.329224,10.000000,1918.064087,50.000000,-19.000000,-1.000000,95903.203125,47.951599,-1822161.000000,1972.235718,50.000000,-19.000000,-1.000000,98611.789062,49.305893,-1873624.000000,1992.768311,50.000000,-19.000000,-1.000000,99638.414062,49.819206,-1893129.875000,-5588915.000000,5606249.000000,2803.124512,14530.875000,-172065.671875,-157534.796875
ml,p5,598,2026-05-07,1958.529785,10.000000,1918.064087,50.000000,-20.000000,-1.000000,95903.203125,47.951599,-1918064.000000,1993.188110,50.000000,-20.000000,-1.000000,99659.406250,49.829700,-1993188.125000,2014.987671,50.000000,-20.000000,-1.000000,100749.382812,50.374691,-2014987.750000,-5926240.000000,5902561.000000,2951.280273,-26630.281250,-169919.421875,-196549.703125
ml,p5,598,2026-05-08,1944.804077,10.000000,1918.064087,50.000000,-21.000000,-1.000000,95903.203125,47.951599,-2013967.375000,1974.144653,50.000000,-21.000000,-1.000000,98707.234375,49.353619,-2072852.000000,1996.242310,50.000000,-21.000000,-1.000000,99812.117188,49.906059,-2096054.500000,-6182874.000000,6196983.500000,3098.491699,11011.007812,-202605.406250,-191594.406250
ml,p5,598,2026-05-09,1935.565552,10.000000,1918.064087,50.000000,-21.000000,0.000000,-0.000000,0.000000,-2013967.375000,1960.452881,50.000000,-21.000000,0.000000,-0.000000,0.000000,-2058475.625000,1981.721680,50.000000,-21.000000,0.000000,-0.000000,0.000000,-2080807.750000,-6153251.000000,6196983.500000,3098.491699,40634.007812,-225322.593750,-184688.593750
ml,p5,598,2026-05-10,1916.487671,10.000000,1918.064087,50.000000,-21.000000,0.000000,-0.000000,0.000000,-2013967.375000,1934.982056,50.000000,-21.000000,0.000000,-0.000000,0.000000,-2031731.250000,1955.287720,50.000000,-21.000000,0.000000,-0.000000,0.000000,-2053052.125000,-6098750.500000,6196983.500000,3098.491699,95134.507812,-275877.187500,-180742.687500
ml,p5,598,2026-05-11,1925.294556,10.000000,1918.064087,50.000000,-22.000000,-1.000000,95903.203125,47.951599,-2109870.500000,1945.696899,50.000000,-22.000000,-1.000000,97284.843750,48.642422,-2140266.500000,1966.489258,50.000000,-22.000000,-1.000000,98324.460938,49.162231,-2163138.250000,-6413275.000000,6488496.000000,3244.247803,71976.750000,-254632.906250,-182656.156250
ml,p5,598,2026-05-12,1907.191772,10.000000,1918.064087,50.000000,-23.000000,-1.000000,95903.203125,47.951599,-2205773.750000,1929.962158,50.000000,-23.000000,-1.000000,96498.109375,48.249054,-2219456.500000,1954.782715,50.000000,-23.000000,-1.000000,97739.132812,48.869564,-2248000.250000,-6673230.000000,6778637.000000,3389.317871,102017.679688,-299408.781250,-197391.093750
ml,p5,598,2026-05-13,1900.740234,10.000000,1918.064087,50.000000,-24.000000,-1.000000,95903.203125,47.951599,-2301677.000000,1930.403442,50.000000,-24.000000,-1.000000,96520.171875,48.260086,-2316484.250000,1949.048096,50.000000,-24.000000,-1.000000,97452.406250,48.726200,-2338857.750000,-6957019.000000,7068512.000000,3534.256104,107958.742188,-313542.031250,-205583.281250
ml,p5,598,2026-05-14,1913.945190,10.000000,1918.064087,50.000000,-25.000000,-1.000000,95903.203125,47.951599,-2397580.000000,1946.664429,50.000000,-25.000000,-1.000000,97333.218750,48.666607,-2433330.500000,1964.180298,50.000000,-25.000000,-1.000000,98209.015625,49.104504,-2455225.500000,-7286136.000000,7359958.000000,3679.978760,70142.023438,-272847.843750,-202705.812500
ml,p5,598,2026-05-15,1943.008667,10.000000,1918.064087,50.000000,-26.000000,-1.000000,95903.203125,47.951599,-2493483.500000,1977.272949,50.000000,-26.000000,-1.000000,98863.648438,49.431824,-2570455.000000,1997.481934,50.000000,-26.000000,-1.000000,99874.093750,49.937046,-2596726.500000,-7660665.000000,7654598.000000,3827.299316,-9894.298828,-201474.578125,-211368.875000
ml,p5,598,2026-05-16,1965.208252,10.000000,1918.064087,50.000000,-26.000000,0.000000,-0.000000,0.000000,-2493483.500000,1990.436157,50.000000,-26.000000,0.000000,-0.000000,0.000000,-2587567.000000,2010.588867,50.000000,-26.000000,0.000000,-0.000000,0.000000,-2613765.500000,-7694816.000000,7654598.000000,3827.299316,-44045.300781,-147316.000000,-191361.296875
ml,p5,598,2026-05-17,1965.310303,10.000000,1918.064087,50.000000,-26.000000,0.000000,-0.000000,0.000000,-2493483.500000,1997.020996,50.000000,-26.000000,0.000000,-0.000000,0.000000,-2596127.250000,2019.057617,50.000000,-26.000000,0.000000,-0.000000,0.000000,-2624775.000000,-7714386.000000,7654598.000000,3827.299316,-63615.300781,-150173.921875,-213789.218750
ml,p5,598,2026-05-18,1987.876709,10.000000,1918.064087,50.000000,-27.000000,-1.000000,95903.203125,47.951599,-2589386.500000,2009.223511,50.000000,-27.000000,-1.000000,100461.171875,50.230587,-2712451.750000,2033.755981,50.000000,-27.000000,-1.000000,101687.796875,50.843899,-2745570.500000,-8047408.500000,7952650.500000,3976.325195,-98734.328125,-93786.960938,-192521.281250
ml,p5,598,2026-05-19,1975.652466,10.000000,1918.064087,50.000000,-28.000000,-1.000000,95903.203125,47.951599,-2685289.750000,1975.976807,50.000000,-28.000000,-1.000000,98798.843750,49.399422,-2766367.500000,1997.381958,50.000000,-28.000000,-1.000000,99869.101562,49.934547,-2796334.750000,-8247992.000000,8247222.000000,4123.610840,-4893.610840,-125340.421875,-130234.031250
ml,p5,598,2026-05-20,1973.041016,10.000000,1918.064087,50.000000,-29.000000,-1.000000,95903.203125,47.951599,-2781193.000000,1992.941040,50.000000,-29.000000,-1.000000,99647.054688,49.823528,-2889764.500000,2011.327148,50.000000,-29.000000,-1.000000,100566.359375,50.283180,-2916424.500000,-8587382.000000,8543338.000000,4271.668945,-48315.667969,-135143.703125,-183459.375000
ml,p5,598,2026-05-21,1990.017334,10.000000,1918.064087,50.000000,-30.000000,-1.000000,95903.203125,47.951599,-2877096.000000,2008.852417,50.000000,-30.000000,-1.000000,100442.617188,50.221310,-3013278.750000,2026.747070,50.000000,-30.000000,-1.000000,101337.351562,50.668674,-3040120.750000,-8930496.000000,8841022.000000,4420.510742,-93894.507812,-92781.375000,-186675.875000
ml,p5,598,2026-05-22,2011.047485,10.000000,1918.064087,50.000000,-31.000000,-1.000000,95903.203125,47.951599,-2972999.500000,2024.463379,50.000000,-31.000000,-1.000000,101223.171875,50.611588,-3137918.250000,2043.112061,50.000000,-31.000000,-1.000000,102155.601562,51.077797,-3166823.750000,-9277742.000000,9140304.000000,4570.151855,-142008.156250,-43382.660156,-185390.812500
ml,p5,598,2026-05-23,2007.976318,10.000000,1918.064087,50.000000,-31.000000,0.000000,-0.000000,0.000000,-2972999.500000,2006.791138,50.000000,-31.000000,0.000000,-0.000000,0.000000,-3110526.250000,2021.324951,50.000000,-31.000000,0.000000,-0.000000,0.000000,-3133053.750000,-9216580.000000,9140304.000000,4570.151855,-80846.148438,-53004.308594,-133850.453125
ml,p5,598,2026-05-24,1969.568726,10.000000,1918.064087,50.000000,-31.000000,0.000000,-0.000000,0.000000,-2972999.500000,1952.696167,50.000000,-31.000000,0.000000,-0.000000,0.000000,-3026679.000000,1967.360352,50.000000,-31.000000,0.000000,-0.000000,0.000000,-3049408.500000,-9049087.000000,9140304.000000,4570.151855,86646.851562,-153006.218750,-66359.367188
ml,p5,598,2026-05-25,1965.549438,10.000000,1918.064087,50.000000,-31.000000,0.000000,-0.000000,0.000000,-2972999.500000,1957.402710,50.000000,-31.000000,0.000000,-0.000000,0.000000,-3033974.250000,1970.807251,50.000000,-31.000000,0.000000,-0.000000,0.000000,-3054751.250000,-9061725.000000,9140304.000000,4570.151855,74008.851562,-160661.250000,-86652.398438
ml,p5,598,2026-05-26,1945.766846,10.000000,1918.064087,50.000000,-32.000000,-1.000000,95903.203125,47.951599,-3068902.500000,1937.132080,50.000000,-32.000000,-1.000000,96856.601562,48.428299,-3099411.250000,1948.945801,50.000000,-32.000000,-1.000000,97447.289062,48.723644,-3118313.250000,-9286627.000000,9430511.000000,4715.255371,139168.750000,-209927.187500,-70758.437500
ml,p5,598,2026-05-27,1923.649170,10.000000,1918.064087,50.000000,-33.000000,-1.000000,95903.203125,47.951599,-3164805.750000,1939.586060,50.000000,-33.000000,-1.000000,96979.304688,48.489651,-3200317.000000,1952.156982,50.000000,-33.000000,-1.000000,97607.851562,48.803925,-3221059.000000,-9586182.000000,9721001.000000,4860.500488,129958.500000,-265195.093750,-135236.593750
ml,p5,598,2026-05-28,1864.295898,10.000000,1918.064087,50.000000,-34.000000,-1.000000,95903.203125,47.951599,-3260709.000000,1866.811401,50.000000,-34.000000,-1.000000,93340.570312,46.670284,-3173579.250000,1876.493652,50.000000,-34.000000,-1.000000,93824.679688,46.912338,-3190039.250000,-9624327.000000,10004069.000000,5002.034668,374739.968750,-419515.937500,-44775.968750
ml,p5,598,2026-05-29,1879.957275,10.000000,1918.064087,50.000000,-35.000000,-1.000000,95903.203125,47.951599,-3356612.000000,1888.447021,50.000000,-35.000000,-1.000000,94422.351562,47.211174,-3304782.500000,1900.322144,50.000000,-35.000000,-1.000000,95016.109375,47.508057,-3325563.750000,-9986958.000000,10289412.000000,5144.705566,297309.281250,-384433.843750,-87124.562500
ml,p5,598,2026-05-30,1871.116821,10.000000,1918.064087,50.000000,-35.000000,0.000000,-0.000000,0.000000,-3356612.000000,1888.522461,50.000000,-35.000000,0.000000,-0.000000,0.000000,-3304914.500000,1900.045898,50.000000,-35.000000,0.000000,-0.000000,0.000000,-3325080.500000,-9986607.000000,10289412.000000,5144.705566,297660.281250,-406029.156250,-108368.875000
ml,p5,598,2026-05-31,1868.309326,10.000000,1918.064087,50.000000,-35.000000,0.000000,-0.000000,0.000000,-3356612.000000,1893.690308,50.000000,-35.000000,0.000000,-0.000000,0.000000,-3313958.250000,1905.017944,50.000000,-35.000000,0.000000,-0.000000,0.000000,-3333781.250000,-10004351.000000,10289412.000000,5144.705566,279916.281250,-415554.375000,-135638.093750
ml,p5,598,2026-06-01,1815.387085,10.000000,1918.064087,50.000000,-36.000000,-1.000000,95903.203125,47.951599,-3452515.250000,1828.955444,50.000000,-36.000000,-1.000000,91447.773438,45.723885,-3292120.000000,1839.418579,50.000000,-36.000000,-1.000000,91970.929688,45.985466,-3310953.500000,-10055588.000000,10568733.000000,5284.366211,507860.625000,-551573.500000,-43712.875000
ml,p5,598,2026-06-02,1786.330688,10.000000,1918.064087,50.000000,-37.000000,-1.000000,95903.203125,47.951599,-3548418.750000,1783.093750,50.000000,-37.000000,-1.000000,89154.687500,44.577343,-3298723.500000,1792.355469,50.000000,-37.000000,-1.000000,89617.773438,44.808887,-3315857.750000,-10163000.000000,10843408.000000,5421.704102,674986.312500,-626778.312500,48208.000000
ml,p5,598,2026-06-03,1763.609985,10.000000,1918.064087,50.000000,-38.000000,-1.000000,95903.203125,47.951599,-3644322.000000,1751.359253,50.000000,-38.000000,-1.000000,87567.960938,43.783981,-3327582.500000,1759.901245,50.000000,-38.000000,-1.000000,87995.062500,43.997532,-3343812.500000,-10315717.000000,11114875.000000,5557.437500,793600.562500,-684139.187500,109461.375000
ml,p5,598,2026-06-04,1748.732666,10.000000,1918.064087,50.000000,-39.000000,-1.000000,95903.203125,47.951599,-3740225.000000,1756.945068,50.000000,-39.000000,-1.000000,87847.250000,43.923622,-3426043.000000,1766.035400,50.000000,-39.000000,-1.000000,88301.773438,44.150887,-3443769.250000,-10610037.000000,11386927.000000,5693.463379,771196.562500,-719906.062500,51290.500000
ml,p5,598,2026-06-05,1799.942749,10.000000,1918.064087,50.000000,-40.000000,-1.000000,95903.203125,47.951599,-3836128.000000,1802.116211,50.000000,-40.000000,-1.000000,90105.812500,45.052906,-3604232.500000,1807.878662,50.000000,-40.000000,-1.000000,90393.929688,45.196964,-3615757.500000,-11056118.000000,11663330.000000,5831.665039,601380.312500,-592845.812500,8534.500000
ml,p5,598,2026-06-06,1806.658203,10.000000,1918.064087,50.000000,-40.000000,0.000000,-0.000000,0.000000,-3836128.000000,1829.499268,50.000000,-40.000000,0.000000,-0.000000,0.000000,-3658998.500000,1834.708862,50.000000,-40.000000,0.000000,-0.000000,0.000000,-3669417.500000,-11164544.000000,11663330.000000,5831.665039,492954.343750,-577003.187500,-84048.843750
ml,p5,598,2026-06-07,1800.160645,10.000000,1918.064087,50.000000,-40.000000,0.000000,-0.000000,0.000000,-3836128.000000,1815.557861,50.000000,-40.000000,0.000000,-0.000000,0.000000,-3631115.500000,1820.521118,50.000000,-40.000000,0.000000,-0.000000,0.000000,-3641042.250000,-11108286.000000,11663330.000000,5831.665039,549212.312500,-594245.062500,-45032.750000
ml,p5,598,2026-06-08,1814.080566,10.000000,1918.064087,50.000000,-35.000000,5.000000,-479516.000000,239.757996,-3356612.000000,1829.206177,50.000000,-41.000000,-1.000000,91460.312500,45.730156,-3749872.750000,1835.974731,50.000000,-41.000000,-1.000000,91798.734375,45.899368,-3763748.000000,-10870233.000000,11367074.000000,6163.052734,490677.937500,-561710.062500,-71032.125000
ml,p5,598,2026-06-09,1789.969727,10.000000,1918.064087,50.000000,-36.000000,-1.000000,95903.203125,47.951599,-3452515.250000,1802.654541,50.000000,-42.000000,-1.000000,90132.726562,45.066360,-3785574.500000,1809.052124,50.000000,-42.000000,-1.000000,90452.609375,45.226307,-3799009.500000,-11037100.000000,11643562.000000,6301.296875,600160.687500,-622153.375000,-21992.687500
ml,p5,598,2026-06-10,1786.808472,10.000000,1918.064087,50.000000,-37.000000,-1.000000,95903.203125,47.951599,-3548418.750000,1806.690430,50.000000,-43.000000,-1.000000,90334.523438,45.167263,-3884384.500000,1814.150513,50.000000,-43.000000,-1.000000,90707.523438,45.353760,-3900423.500000,-11333226.000000,11920507.000000,6439.769531,580841.250000,-630589.125000,-49747.875000
ml,p5,598,2026-06-11,1771.683228,10.000000,1918.064087,50.000000,-38.000000,-1.000000,95903.203125,47.951599,-3644322.000000,1763.544678,50.000000,-44.000000,-1.000000,88177.234375,44.088619,-3879798.500000,1774.354370,50.000000,-44.000000,-1.000000,88717.718750,44.358860,-3903579.750000,-11427700.000000,12193305.000000,6576.168457,759028.812500,-668930.625000,90098.187500
ml,p5,598,2026-06-12,1769.002808,10.000000,1918.064087,50.000000,-39.000000,-1.000000,95903.203125,47.951599,-3740225.000000,1770.305908,50.000000,-45.000000,-1.000000,88515.296875,44.257648,-3983188.250000,1779.835938,50.000000,-45.000000,-1.000000,88991.796875,44.495899,-4004630.750000,-11728044.000000,12466716.000000,6712.873047,731959.125000,-678222.625000,53736.500000
ml,p5,598,2026-06-13,1769.159790,10.000000,1918.064087,50.000000,-39.000000,0.000000,-0.000000,0.000000,-3740225.000000,1779.919556,50.000000,-45.000000,0.000000,-0.000000,0.000000,-4004819.250000,1790.985474,50.000000,-45.000000,0.000000,-0.000000,0.000000,-4029717.250000,-11774761.000000,12466716.000000,6712.873047,685242.125000,-677924.937500,7317.187500
ml,p5,598,2026-06-14,1747.864014,10.000000,1918.064087,50.000000,-39.000000,0.000000,-0.000000,0.000000,-3740225.000000,1763.183838,50.000000,-45.000000,0.000000,-0.000000,0.000000,-3967163.750000,1774.651001,50.000000,-45.000000,0.000000,-0.000000,0.000000,-3992964.750000,-11700354.000000,12466716.000000,6712.873047,759649.125000,-730326.125000,29323.000000
ml,p5,598,2026-06-15,1761.171265,10.000000,1918.064087,50.000000,-34.000000,5.000000,-479516.000000,239.757996,-3260709.000000,1779.628052,50.000000,-46.000000,-1.000000,88981.406250,44.490704,-4093144.500000,1792.195801,50.000000,-46.000000,-1.000000,89609.789062,44.804893,-4122050.500000,-11475904.000000,12165791.000000,7041.927246,682845.062500,-698617.937500,-15772.875000
ml,p5,598,2026-06-16,1758.058472,10.000000,1918.064087,50.000000,-35.000000,-1.000000,95903.203125,47.951599,-3356612.000000,1777.651733,50.000000,-47.000000,-1.000000,88882.585938,44.441292,-4177481.750000,1789.314087,50.000000,-47.000000,-1.000000,89465.703125,44.732849,-4204888.500000,-11738982.000000,12440042.000000,7179.052734,693880.937500,-707707.875000,-13826.937500
ml,p5,598,2026-06-17,1763.953247,10.000000,1918.064087,50.000000,-36.000000,-1.000000,95903.203125,47.951599,-3452515.250000,1775.891602,50.000000,-48.000000,-1.000000,88794.578125,44.397285,-4262140.000000,1788.238403,50.000000,-48.000000,-1.000000,89411.921875,44.705963,-4291772.500000,-12006428.000000,12714152.000000,7316.107910,700407.875000,-694920.187500,5487.687500
ml,p5,598,2026-06-18,1757.364502,10.000000,1918.064087,50.000000,-37.000000,-1.000000,95903.203125,47.951599,-3548418.750000,1711.877075,50.000000,-49.000000,-1.000000,85593.851562,42.796925,-4194098.750000,1724.072754,50.000000,-49.000000,-1.000000,86203.640625,43.101818,-4223978.000000,-11966496.000000,12981853.000000,7449.958008,1007907.062500,-712810.562500,295096.500000
ml,p5,598,2026-06-19,1766.625732,10.000000,1918.064087,50.000000,-37.000000,0.000000,-0.000000,0.000000,-3548418.750000,1751.994019,50.000000,-49.000000,0.000000,-0.000000,0.000000,-4292385.000000,1765.959351,50.000000,-49.000000,0.000000,-0.000000,0.000000,-4326600.500000,-12167404.000000,12981853.000000,7449.958008,806999.062500,-691812.937500,115186.125000
ml,p5,598,2026-06-20,1761.584595,10.000000,1918.064087,50.000000,-37.000000,0.000000,-0.000000,0.000000,-3548418.750000,1762.073608,50.000000,-49.000000,0.000000,-0.000000,0.000000,-4317080.500000,1778.878662,50.000000,-49.000000,0.000000,-0.000000,0.000000,-4358252.500000,-12223752.000000,12981853.000000,7449.958008,750651.062500,-706915.125000,43735.937500
ml,p5,598,2026-06-21,1782.829834,10.000000,1918.064087,50.000000,-37.000000,0.000000,-0.000000,0.000000,-3548418.750000,1789.946899,50.000000,-49.000000,0.000000,-0.000000,0.000000,-4385370.000000,1807.048218,50.000000,-49.000000,0.000000,-0.000000,0.000000,-4427268.000000,-12361057.000000,12981853.000000,7449.958008,613346.062500,-654812.625000,-41466.562500
ml,p5,598,2026-06-22,1822.172729,10.000000,1918.064087,50.000000,-38.000000,-1.000000,95903.203125,47.951599,-3644322.000000,1852.063721,50.000000,-50.000000,-1.000000,92603.187500,46.301594,-4630159.500000,1870.918335,50.000000,-50.000000,-1.000000,93545.914062,46.772957,-4677295.500000,-12951777.000000,13263904.000000,7590.984375,304536.000000,-559204.750000,-254668.750000
ml,p5,598,2026-06-23,1843.450562,10.000000,1918.064087,50.000000,-33.000000,5.000000,-479516.000000,239.757996,-3164805.750000,1859.810791,50.000000,-51.000000,-1.000000,92990.539062,46.495266,-4742517.500000,1877.230225,50.000000,-51.000000,-1.000000,93861.507812,46.930752,-4786937.000000,-12694260.000000,12971241.000000,7924.167969,269056.843750,-506483.875000,-237427.031250
ml,p5,598,2026-06-24,1871.203369,10.000000,1918.064087,50.000000,-34.000000,-1.000000,95903.203125,47.951599,-3260709.000000,1908.411011,50.000000,-52.000000,-1.000000,95420.546875,47.710274,-4961869.000000,1927.997437,50.000000,-52.000000,-1.000000,96399.875000,48.199936,-5012793.500000,-13235372.000000,13258964.000000,8068.029785,15523.970703,-438076.406250,-422552.437500
ml,p5,598,2026-06-25,1840.496704,10.000000,1918.064087,50.000000,-35.000000,-1.000000,95903.203125,47.951599,-3356612.000000,1874.073730,50.000000,-53.000000,-1.000000,93703.687500,46.851841,-4966295.500000,1893.124878,50.000000,-53.000000,-1.000000,94656.242188,47.328121,-5016781.000000,-13339688.000000,13543228.000000,8210.162109,195329.843750,-515824.968750,-320495.125000
ml,p5,598,2026-06-26,1835.608765,10.000000,1918.064087,50.000000,-36.000000,-1.000000,95903.203125,47.951599,-3452515.250000,1864.578003,50.000000,-54.000000,-1.000000,93228.898438,46.614449,-5034360.500000,1882.596191,50.000000,-54.000000,-1.000000,94129.812500,47.064903,-5083010.000000,-13569886.000000,13826490.000000,8351.792969,248252.203125,-528566.500000,-280314.312500
ml,p5,598,2026-06-27,1817.400879,10.000000,1918.064087,50.000000,-36.000000,0.000000,-0.000000,0.000000,-3452515.250000,1828.661255,50.000000,-54.000000,0.000000,-0.000000,0.000000,-4937385.500000,1842.318115,50.000000,-54.000000,0.000000,-0.000000,0.000000,-4974259.000000,-13364160.000000,13826490.000000,8351.792969,453978.218750,-573728.250000,-119750.031250
ml,p5,598,2026-06-28,1838.942261,10.000000,1918.064087,50.000000,-36.000000,0.000000,-0.000000,0.000000,-3452515.250000,1843.047363,50.000000,-54.000000,0.000000,-0.000000,0.000000,-4976227.500000,1855.545044,50.000000,-54.000000,0.000000,-0.000000,0.000000,-5009971.500000,-13438714.000000,13826490.000000,8351.792969,379424.218750,-519452.031250,-140027.812500
ml,p5,598,2026-06-29,1803.703247,10.000000,1918.064087,50.000000,-37.000000,-1.000000,95903.203125,47.951599,-3548418.750000,1791.866333,50.000000,-55.000000,-1.000000,89593.320312,44.796658,-4927632.500000,1804.967407,50.000000,-55.000000,-1.000000,90248.367188,45.124184,-4963660.500000,-13439712.000000,14102234.000000,8489.665039,654032.312500,-607372.000000,46660.312500
ml,p5,598,2026-06-30,1808.120728,10.000000,1918.064087,50.000000,-32.000000,5.000000,-479516.000000,239.757996,-3068902.500000,1805.274292,50.000000,-56.000000,-1.000000,90263.710938,45.131855,-5054768.000000,1817.082642,50.000000,-56.000000,-1.000000,90854.132812,45.427063,-5087831.000000,-13211502.000000,13803836.000000,8819.982422,583514.000000,-596649.125000,-13135.125000
ml,p5,598,2026-07-01,1829.561890,10.000000,1918.064087,50.000000,-33.000000,-1.000000,95903.203125,47.951599,-3164805.750000,1827.747681,50.000000,-57.000000,-1.000000,91387.382812,45.693691,-5209081.000000,1836.782349,50.000000,-57.000000,-1.000000,91839.117188,45.919559,-5234829.500000,-13608716.000000,14082966.000000,8959.546875,465290.437500,-542709.562500,-77419.125000
ml,p5,598,2026-07-02,1859.683472,10.000000,1918.064087,50.000000,-34.000000,-1.000000,95903.203125,47.951599,-3260709.000000,1863.433960,50.000000,-58.000000,-1.000000,93171.695312,46.585846,-5403958.500000,1874.100342,50.000000,-58.000000,-1.000000,93705.015625,46.852505,-5434891.000000,-14099559.000000,14365746.000000,9100.936523,257086.062500,-471373.125000,-214287.062500
ml,p5,598,2026-07-03,1849.921875,10.000000,1918.064087,50.000000,-35.000000,-1.000000,95903.203125,47.951599,-3356612.000000,1847.056274,50.000000,-59.000000,-1.000000,92352.812500,46.176407,-5448816.000000,1855.707397,50.000000,-59.000000,-1.000000,92785.367188,46.392685,-5474336.500000,-14279764.000000,14646788.000000,9241.457031,357782.531250,-495339.375000,-137556.843750
ml,p5,598,2026-07-04,1835.129150,10.000000,1918.064087,50.000000,-35.000000,0.000000,-0.000000,0.000000,-3356612.000000,1835.710815,50.000000,-59.000000,0.000000,-0.000000,0.000000,-5415347.000000,1844.222290,50.000000,-59.000000,0.000000,-0.000000,0.000000,-5440456.000000,-14212415.000000,14646788.000000,9241.457031,425131.531250,-529201.437500,-104069.906250
ml,p5,598,2026-07-05,1849.575195,10.000000,1918.064087,50.000000,-35.000000,0.000000,-0.000000,0.000000,-3356612.000000,1866.807861,50.000000,-59.000000,0.000000,-0.000000,0.000000,-5507083.000000,1877.279419,50.000000,-59.000000,0.000000,-0.000000,0.000000,-5537974.000000,-14401669.000000,14646788.000000,9241.457031,235877.546875,-499189.187500,-263311.625000
ml,p5,598,2026-07-06,1863.280029,10.000000,1918.064087,50.000000,-36.000000,-1.000000,95903.203125,47.951599,-3452515.250000,1879.242554,50.000000,-60.000000,-1.000000,93962.125000,46.981060,-5637727.500000,1889.209595,50.000000,-60.000000,-1.000000,94460.476562,47.230236,-5667629.000000,-14757872.000000,14931113.000000,9383.620117,163857.375000,-471038.750000,-307181.375000
ml,p5,598,2026-07-07,1828.139404,10.000000,1918.064087,50.000000,-31.000000,5.000000,-479516.000000,239.757996,-2972999.500000,1837.815918,50.000000,-61.000000,-1.000000,91890.796875,45.945400,-5605338.500000,1849.321411,50.000000,-61.000000,-1.000000,92466.070312,46.233032,-5640430.500000,-14218768.000000,14635954.000000,9715.556641,407470.437500,-544013.937500,-136543.500000
ml,p5,598,2026-07-08,1863.703003,10.000000,1918.064087,50.000000,-32.000000,-1.000000,95903.203125,47.951599,-3068902.500000,1876.411377,50.000000,-62.000000,-1.000000,93820.570312,46.910282,-5816875.500000,1888.040161,50.000000,-62.000000,-1.000000,94402.007812,47.201000,-5852924.500000,-14738702.000000,14920080.000000,9857.619141,171520.375000,-475742.625000,-304222.250000
ml,p5,598,2026-07-09,1902.164673,10.000000,1918.064087,50.000000,-33.000000,-1.000000,95903.203125,47.951599,-3164805.750000,1907.080933,50.000000,-63.000000,-1.000000,95354.046875,47.677025,-6007305.000000,1918.435181,50.000000,-63.000000,-1.000000,95921.757812,47.960876,-6043070.500000,-15215182.000000,15207258.000000,10001.208984,-17925.208984,-405544.625000,-423469.843750
ml,p5,598,2026-07-10,1935.623657,10.000000,1918.064087,50.000000,-34.000000,-1.000000,95903.203125,47.951599,-3260709.000000,1956.499512,50.000000,-64.000000,-1.000000,97824.976562,48.912487,-6260798.500000,1967.539795,50.000000,-64.000000,-1.000000,98376.992188,49.188496,-6296127.500000,-15817636.000000,15499364.000000,10147.261719,-328419.250000,-347465.250000,-675884.500000
ml,p5,598,2026-07-11,1959.734863,10.000000,1918.064087,50.000000,-34.000000,0.000000,-0.000000,0.000000,-3260709.000000,1947.851196,50.000000,-64.000000,0.000000,-0.000000,0.000000,-6233124.000000,1958.406616,50.000000,-64.000000,0.000000,-0.000000,0.000000,-6266901.000000,-15760734.000000,15499364.000000,10147.261719,-271517.250000,-309268.218750,-580785.500000
ml,p5,598,2026-07-12,1954.721436,10.000000,1918.064087,50.000000,-34.000000,0.000000,-0.000000,0.000000,-3260709.000000,1949.352783,50.000000,-64.000000,0.000000,-0.000000,0.000000,-6237929.000000,1960.162598,50.000000,-64.000000,0.000000,-0.000000,0.000000,-6272520.500000,-15771158.000000,15499364.000000,10147.261719,-281941.250000,-318217.156250,-600158.375000
ml,p5,598,2026-07-13,1938.883423,10.000000,1918.064087,50.000000,-35.000000,-1.000000,95903.203125,47.951599,-3356612.000000,1922.440186,50.000000,-65.000000,-1.000000,96122.007812,48.061001,-6247930.500000,1932.719238,50.000000,-65.000000,-1.000000,96635.960938,48.317982,-6281337.500000,-15885880.000000,15788025.000000,10291.592773,-108146.593750,-345109.843750,-453256.437500
ml,p5,598,2026-07-14,1936.343628,10.000000,1918.064087,50.000000,-36.000000,-1.000000,95903.203125,47.951599,-3452515.250000,1923.769409,50.000000,-66.000000,-1.000000,96188.468750,48.094234,-6348439.000000,1935.108032,50.000000,-66.000000,-1.000000,96755.398438,48.377697,-6385856.500000,-16186810.000000,16076872.000000,10436.016602,-120374.015625,-349309.062500,-469683.062500
ml,p5,598,2026-07-15,1935.618164,10.000000,1918.064087,50.000000,-31.000000,5.000000,-479516.000000,239.757996,-2972999.500000,1952.688843,50.000000,-67.000000,-1.000000,97634.445312,48.817219,-6541508.000000,1964.754272,50.000000,-67.000000,-1.000000,98237.710938,49.118855,-6581926.500000,-16096434.000000,15793228.000000,10773.709961,-313979.718750,-350974.031250,-664953.750000
ml,p5,598,2026-07-16,1963.161743,10.000000,1918.064087,50.000000,-32.000000,-1.000000,95903.203125,47.951599,-3068902.500000,2050.624023,50.000000,-68.000000,-1.000000,102531.203125,51.265598,-6972122.000000,2063.835693,50.000000,-68.000000,-1.000000,103191.781250,51.595890,-7017041.500000,-17058066.000000,16094855.000000,10924.523438,-974135.500000,-315981.906250,-1290117.375000
ml,p5,598,2026-07-17,1982.672119,10.000000,1918.064087,50.000000,-33.000000,-1.000000,95903.203125,47.951599,-3164805.750000,2012.994263,50.000000,-69.000000,-1.000000,100649.710938,50.324856,-6944830.500000,2026.622070,50.000000,-69.000000,-1.000000,101331.101562,50.665550,-6991846.000000,-17101482.000000,16392739.000000,11073.464844,-719816.437500,-293453.468750,-1013269.875000
ml,p5,598,2026-07-18,2012.396118,10.000000,1918.064087,50.000000,-33.000000,0.000000,-0.000000,0.000000,-3164805.750000,2019.026367,50.000000,-69.000000,0.000000,-0.000000,0.000000,-6965640.500000,2035.424927,50.000000,-69.000000,0.000000,-0.000000,0.000000,-7022215.500000,-17152662.000000,16392739.000000,11073.464844,-770996.437500,-261587.265625,-1032583.687500
ml,p5,598,2026-07-19,2016.964111,10.000000,1918.064087,50.000000,-33.000000,0.000000,-0.000000,0.000000,-3164805.750000,2008.183960,50.000000,-69.000000,0.000000,-0.000000,0.000000,-6928234.500000,2023.855225,50.000000,-69.000000,0.000000,-0.000000,0.000000,-6982301.000000,-17075340.000000,16392739.000000,11073.464844,-693674.437500,-257379.156250,-951053.625000
ml,p5,598,2026-07-20,2017.062256,10.000000,1918.064087,50.000000,-34.000000,-1.000000,95903.203125,47.951599,-3260709.000000,2015.571411,50.000000,-70.000000,-1.000000,100778.570312,50.389282,-7054500.000000,2031.541748,50.000000,-70.000000,-1.000000,101577.085938,50.788544,-7110396.000000,-17425604.000000,16690997.000000,11222.593750,-745829.625000,-257832.078125,-1003661.687500
ml,p5,598,2026-07-21,2022.552979,10.000000,1918.064087,50.000000,-35.000000,-1.000000,95903.203125,47.951599,-3356612.000000,2031.827026,50.000000,-71.000000,-1.000000,101591.351562,50.795673,-7212986.000000,2048.681396,50.000000,-71.000000,-1.000000,102434.070312,51.217033,-7272819.000000,-17842416.000000,16990926.000000,11372.558594,-862862.562500,-252914.937500,-1115777.500000
ml,p5,598,2026-07-22,2038.277954,10.000000,1918.064087,50.000000,-30.000000,5.000000,-479516.000000,239.757996,-2877096.000000,2049.506104,50.000000,-72.000000,-1.000000,102475.304688,51.237652,-7378222.000000,2065.090088,50.000000,-72.000000,-1.000000,103254.507812,51.627251,-7434324.000000,-17689642.000000,16717140.000000,11715.181641,-984217.187500,-239831.625000,-1224048.750000
ml,p5,598,2026-07-23,2032.317139,10.000000,1918.064087,50.000000,-31.000000,-1.000000,95903.203125,47.951599,-2972999.500000,2039.770508,50.000000,-73.000000,-1.000000,101988.523438,50.994263,-7445162.500000,2055.912354,50.000000,-73.000000,-1.000000,102795.617188,51.397808,-7504080.500000,-17922242.000000,17017828.000000,11865.525391,-916279.500000,-244796.031250,-1161075.500000
ml,p5,598,2026-07-24,1995.279175,10.000000,1918.064087,50.000000,-32.000000,-1.000000,95903.203125,47.951599,-3068902.500000,1997.938843,50.000000,-74.000000,-1.000000,99896.945312,49.948471,-7392373.500000,2013.530762,50.000000,-74.000000,-1.000000,100676.539062,50.338268,-7450064.000000,-17911340.000000,17314304.000000,12013.763672,-609049.750000,-269307.187500,-878356.937500
ml,p5,598,2026-07-25,2009.427490,10.000000,1918.064087,50.000000,-32.000000,0.000000,-0.000000,0.000000,-3068902.500000,2019.226440,50.000000,-74.000000,0.000000,-0.000000,0.000000,-7471137.500000,2036.561768,50.000000,-74.000000,0.000000,-0.000000,0.000000,-7535279.000000,-18075320.000000,17314304.000000,12013.763672,-773029.750000,-261861.187500,-1034890.937500
ml,p5,598,2026-07-26,2016.740112,10.000000,1918.064087,50.000000,-32.000000,0.000000,-0.000000,0.000000,-3068902.500000,1990.786743,50.000000,-74.000000,0.000000,-0.000000,0.000000,-7365911.000000,2008.187378,50.000000,-74.000000,0.000000,-0.000000,0.000000,-7430293.000000,-17865108.000000,17314304.000000,12013.763672,-562817.750000,-258224.562500,-821042.312500
ml,p5,598,2026-07-27,2020.316772,10.000000,1918.064087,50.000000,-33.000000,-1.000000,95903.203125,47.951599,-3164805.750000,2025.136597,50.000000,-75.000000,-1.000000,101256.828125,50.628410,-7594262.500000,2041.747070,50.000000,-75.000000,-1.000000,102087.351562,51.043674,-7656551.500000,-18415620.000000,17613552.000000,12163.386719,-814231.375000,-256638.578125,-1070870.000000
ml,p5,598,2026-07-28,2023.430908,10.000000,1918.064087,50.000000,-34.000000,-1.000000,95903.203125,47.951599,-3260709.000000,2002.877197,50.000000,-76.000000,-1.000000,100143.859375,50.071930,-7610933.500000,2021.074341,50.000000,-76.000000,-1.000000,101053.718750,50.526859,-7680083.000000,-18551724.000000,17910652.000000,12311.937500,-653383.937500,-255549.156250,-908933.125000
ml,p5,598,2026-07-29,2120.797119,10.000000,1918.064087,50.000000,-35.000000,-1.000000,95903.203125,47.951599,-3356612.000000,2160.353027,50.000000,-71.000000,5.000000,-540088.250000,270.044128,-7669253.000000,2180.444092,50.000000,-77.000000,-1.000000,109022.203125,54.511097,-8394709.000000,-19420574.000000,17575488.000000,12684.443359,-1857770.500000,-224046.343750,-2081816.875000
ml,p5,598,2026-07-30,2112.473633,10.000000,1918.064087,50.000000,-30.000000,5.000000,-479516.000000,239.757996,-2877096.000000,2160.353027,50.000000,-66.000000,5.000000,-540088.250000,270.044128,-7129165.000000,2142.903564,50.000000,-78.000000,-1.000000,107145.179688,53.572586,-8357324.000000,-18363584.000000,16663030.000000,13247.819336,-1713801.875000,-226029.625000,-1939831.500000
ml,p5,598,2026-07-31,2088.952881,10.000000,1918.064087,50.000000,-31.000000,-1.000000,95903.203125,47.951599,-2972999.500000,2160.353027,50.000000,-61.000000,5.000000,-540088.250000,270.044128,-6589076.500000,2114.617676,50.000000,-79.000000,-1.000000,105730.882812,52.865444,-8352740.000000,-17914816.000000,16324576.000000,13618.680664,-1603858.625000,-228666.265625,-1832524.875000
ml,p5,598,2026-08-01,2082.179443,10.000000,1918.064087,50.000000,-31.000000,0.000000,-0.000000,0.000000,-2972999.500000,2160.353027,50.000000,-61.000000,0.000000,-0.000000,0.000000,-6589076.500000,2093.794678,50.000000,-79.000000,0.000000,-0.000000,0.000000,-8270489.000000,-17832564.000000,16324576.000000,13618.680664,-1521606.625000,-228688.218750,-1750294.875000
ml,p5,598,2026-08-02,2092.660889,10.000000,1918.064087,50.000000,-31.000000,0.000000,-0.000000,0.000000,-2972999.500000,2160.353027,50.000000,-61.000000,0.000000,-0.000000,0.000000,-6589076.500000,2115.934082,50.000000,-79.000000,0.000000,-0.000000,0.000000,-8357940.000000,-17920016.000000,16324576.000000,13618.680664,-1609058.625000,-228711.140625,-1837769.750000
ml,p5,598,2026-08-03,2121.746826,10.000000,1918.064087,50.000000,-32.000000,-1.000000,95903.203125,47.951599,-3068902.500000,2160.353027,50.000000,-56.000000,5.000000,-540088.250000,270.044128,-6048988.500000,2145.793213,50.000000,-80.000000,-1.000000,107289.664062,53.644829,-8583173.000000,-17701064.000000,15987681.000000,13990.320312,-1727373.375000,-228733.312500,-1956106.750000
ml,p5,598,2026-08-04,2127.199951,10.000000,1918.064087,50.000000,-33.000000,-1.000000,95903.203125,47.951599,-3164805.750000,2160.353027,50.000000,-57.000000,-1.000000,108017.648438,54.008823,-6157006.000000,2135.485596,50.000000,-81.000000,-1.000000,106774.281250,53.387135,-8648716.000000,-17970528.000000,16298376.000000,14145.667969,-1686297.625000,-228756.328125,-1915054.000000
ml,p5,598,2026-08-05,2154.126953,10.000000,1918.064087,50.000000,-34.000000,-1.000000,95903.203125,47.951599,-3260709.000000,2160.353027,50.000000,-58.000000,-1.000000,108017.648438,54.008823,-6265024.000000,2155.886475,50.000000,-82.000000,-1.000000,107794.320312,53.897160,-8839134.000000,-18364868.000000,16610090.000000,14301.525391,-1769079.500000,-228780.828125,-1997860.375000
ml,p5,598,2026-08-06,2213.779541,10.000000,1918.064087,50.000000,-29.000000,5.000000,-479516.000000,239.757996,-2781193.000000,2160.353027,50.000000,-53.000000,5.000000,-540088.250000,270.044128,-5724935.500000,2223.249756,50.000000,-83.000000,-1.000000,111162.484375,55.581242,-9226487.000000,-17732616.000000,15701649.000000,14866.910156,-2045833.875000,-228780.828125,-2274614.750000
ml,p5,598,2026-08-07,2193.993164,10.000000,1918.064087,50.000000,-30.000000,-1.000000,95903.203125,47.951599,-2877096.000000,2160.353027,50.000000,-54.000000,-1.000000,108017.648438,54.008823,-5832953.000000,2201.589844,50.000000,-84.000000,-1.000000,110079.492188,55.039742,-9246677.000000,-17956726.000000,16015650.000000,15023.910156,-1956099.875000,-228780.828125,-2184880.750000
ml,p5,598,2026-08-08,2206.067871,10.000000,1918.064087,50.000000,-30.000000,0.000000,-0.000000,0.000000,-2877096.000000,2160.353027,50.000000,-54.000000,0.000000,-0.000000,0.000000,-5832953.000000,2223.770020,50.000000,-84.000000,0.000000,-0.000000,0.000000,-9339834.000000,-18049884.000000,16015650.000000,15023.910156,-2049257.875000,-228780.828125,-2278038.750000
ml,p5,598,2026-08-09,2193.046631,10.000000,1918.064087,50.000000,-30.000000,0.000000,-0.000000,0.000000,-2877096.000000,2160.353027,50.000000,-54.000000,0.000000,-0.000000,0.000000,-5832953.000000,2217.477295,50.000000,-84.000000,0.000000,-0.000000,0.000000,-9313405.000000,-18023454.000000,16015650.000000,15023.910156,-2022827.875000,-228780.828125,-2251608.750000
ml,p5,598,2026-08-10,2182.602051,10.000000,1918.064087,50.000000,-31.000000,-1.000000,95903.203125,47.951599,-2972999.500000,2160.353027,50.000000,-55.000000,-1.000000,108017.648438,54.008823,-5940970.500000,2198.722412,50.000000,-85.000000,-1.000000,109936.117188,54.968056,-9344570.000000,-18258540.000000,16329506.000000,15180.837891,-1944214.875000,-228780.828125,-2172995.750000
ml,p5,598,2026-08-11,2193.095947,10.000000,1918.064087,50.000000,-32.000000,-1.000000,95903.203125,47.951599,-3068902.500000,2160.353027,50.000000,-56.000000,-1.000000,108017.648438,54.008823,-6048988.500000,2195.097412,50.000000,-86.000000,-1.000000,109754.867188,54.877430,-9438919.000000,-18556810.000000,16643182.000000,15337.675781,-1928965.625000,-228780.828125,-2157746.500000
ml,p5,598,2026-08-12,2173.002441,10.000000,1918.064087,50.000000,-33.000000,-1.000000,95903.203125,47.951599,-3164805.750000,2160.353027,50.000000,-51.000000,5.000000,-540088.250000,270.044128,-5508900.500000,2165.511963,50.000000,-87.000000,-1.000000,108275.601562,54.137798,-9419977.000000,-18093684.000000,16307273.000000,15709.809570,-1802120.750000,-228780.828125,-2030901.625000
ml,p5,598,2026-08-13,2169.219482,10.000000,1918.064087,50.000000,-34.000000,-1.000000,95903.203125,47.951599,-3260709.000000,2160.353027,50.000000,-52.000000,-1.000000,108017.648438,54.008823,-5616918.000000,2177.525879,50.000000,-88.000000,-1.000000,108876.296875,54.438148,-9581114.000000,-18458740.000000,16620070.000000,15866.208008,-1854536.250000,-228780.828125,-2083317.125000
ml,p5,598,2026-08-14,2172.031738,10.000000,1918.064087,50.000000,-29.000000,5.000000,-479516.000000,239.757996,-2781193.000000,2160.353027,50.000000,-53.000000,-1.000000,108017.648438,54.008823,-5724935.500000,2186.197754,50.000000,-89.000000,-1.000000,109309.890625,54.654942,-9728580.000000,-18234708.000000,16357882.000000,16214.628906,-1893040.625000,-228780.828125,-2121821.500000
ml,p5,598,2026-08-15,2172.974365,10.000000,1918.064087,50.000000,-29.000000,0.000000,-0.000000,0.000000,-2781193.000000,2160.353027,50.000000,-53.000000,0.000000,-0.000000,0.000000,-5724935.500000,2184.562500,50.000000,-89.000000,0.000000,-0.000000,0.000000,-9721303.000000,-18227432.000000,16357882.000000,16214.628906,-1885764.625000,-228780.828125,-2114545.500000
ml,p5,598,2026-08-16,2165.772705,10.000000,1918.064087,50.000000,-29.000000,0.000000,-0.000000,0.000000,-2781193.000000,2160.353027,50.000000,-53.000000,0.000000,-0.000000,0.000000,-5724935.500000,2184.434082,50.000000,-89.000000,0.000000,-0.000000,0.000000,-9720732.000000,-18226860.000000,16357882.000000,16214.628906,-1885192.625000,-228780.828125,-2113973.500000
ml,p5,598,2026-08-17,2135.524902,10.000000,1918.064087,50.000000,-30.000000,-1.000000,95903.203125,47.951599,-2877096.000000,2160.353027,50.000000,-54.000000,-1.000000,108017.648438,54.008823,-5832953.000000,2132.966309,50.000000,-90.000000,-1.000000,106648.312500,53.324154,-9598348.000000,-18308396.000000,16668450.000000,16369.914062,-1656315.875000,-228780.828125,-1885096.750000
ml,p5,598,2026-08-18,2144.149658,10.000000,1918.064087,50.000000,-31.000000,-1.000000,95903.203125,47.951599,-2972999.500000,2160.353027,50.000000,-55.000000,-1.000000,108017.648438,54.008823,-5940970.500000,2140.956055,50.000000,-91.000000,-1.000000,107047.804688,53.523899,-9741350.000000,-18655320.000000,16979420.000000,16525.398438,-1692425.375000,-228780.828125,-1921206.250000
ml,p5,598,2026-08-19,2153.313721,10.000000,1918.064087,50.000000,-32.000000,-1.000000,95903.203125,47.951599,-3068902.500000,2160.353027,50.000000,-50.000000,5.000000,-540088.250000,270.044128,-5400882.500000,2161.334229,50.000000,-92.000000,-1.000000,108066.710938,54.033356,-9942138.000000,-18411924.000000,16643301.000000,16897.427734,-1785520.375000,-228780.828125,-2014301.250000
ml,p5,598,2026-08-20,2157.743652,10.000000,1918.064087,50.000000,-33.000000,-1.000000,95903.203125,47.951599,-3164805.750000,2160.353027,50.000000,-51.000000,-1.000000,108017.648438,54.008823,-5508900.500000,2160.773193,50.000000,-93.000000,-1.000000,108038.656250,54.019325,-10047595.000000,-18721300.000000,16955260.000000,17053.406250,-1783093.375000,-228780.828125,-2011874.250000
ml,p5,598,2026-08-21,2144.431885,10.000000,1918.064087,50.000000,-28.000000,5.000000,-479516.000000,239.757996,-2685289.750000,2160.353027,50.000000,-52.000000,-1.000000,108017.648438,54.008823,-5616918.000000,2150.260254,50.000000,-94.000000,-1.000000,107513.015625,53.756504,-10106223.000000,-18408432.000000,16691276.000000,17400.931641,-1734556.875000,-228780.828125,-1963337.750000
ml,p5,598,2026-08-22,2136.290527,10.000000,1918.064087,50.000000,-28.000000,0.000000,-0.000000,0.000000,-2685289.750000,2160.353027,50.000000,-52.000000,0.000000,-0.000000,0.000000,-5616918.000000,2159.484375,50.000000,-94.000000,0.000000,-0.000000,0.000000,-10149577.000000,-18451784.000000,16691276.000000,17400.931641,-1777908.875000,-228780.828125,-2006689.750000
ml,p5,598,2026-08-23,2133.736328,10.000000,1918.064087,50.000000,-28.000000,0.000000,-0.000000,0.000000,-2685289.750000,2160.353027,50.000000,-52.000000,0.000000,-0.000000,0.000000,-5616918.000000,2141.708008,50.000000,-94.000000,0.000000,-0.000000,0.000000,-10066027.000000,-18368236.000000,16691276.000000,17400.931641,-1694360.875000,-228780.828125,-1923141.750000
ml,p5,598,2026-08-24,2173.138184,10.000000,1918.064087,50.000000,-23.000000,5.000000,-479516.000000,239.757996,-2205773.750000,2160.353027,50.000000,-47.000000,5.000000,-540088.250000,270.044128,-5076829.500000,2177.071045,50.000000,-95.000000,-1.000000,108853.554688,54.426773,-10341088.000000,-17623692.000000,15780524.000000,17965.160156,-1861133.125000,-228780.828125,-2089914.000000
ml,p5,598,2026-08-25,2188.472168,10.000000,1918.064087,50.000000,-24.000000,-1.000000,95903.203125,47.951599,-2301677.000000,2160.353027,50.000000,-42.000000,5.000000,-540088.250000,270.044128,-4536741.500000,2204.161621,50.000000,-96.000000,-1.000000,110208.078125,55.104034,-10579976.000000,-17418394.000000,15446547.000000,18338.257812,-1990185.250000,-228780.828125,-2218966.000000
ml,p5,598,2026-08-26,2184.044922,10.000000,1918.064087,50.000000,-25.000000,-1.000000,95903.203125,47.951599,-2397580.000000,2160.353027,50.000000,-43.000000,-1.000000,108017.648438,54.008823,-4644759.000000,2196.957031,50.000000,-97.000000,-1.000000,109847.851562,54.923923,-10655241.000000,-17697580.000000,15760316.000000,18495.144531,-1955759.125000,-228780.828125,-2184540.000000
ml,p5,598,2026-08-27,2188.537842,10.000000,1918.064087,50.000000,-20.000000,5.000000,-479516.000000,239.757996,-1918064.000000,2160.353027,50.000000,-38.000000,5.000000,-540088.250000,270.044128,-4104670.750000,2206.553711,50.000000,-98.000000,-1.000000,110327.687500,55.163841,-10812113.000000,-16834848.000000,14851040.000000,19060.109375,-2002868.125000,-228780.828125,-2231649.000000
ml,p5,598,2026-08-28,2184.049072,10.000000,1918.064087,50.000000,-21.000000,-1.000000,95903.203125,47.951599,-2013967.375000,2160.353027,50.000000,-39.000000,-1.000000,108017.648438,54.008823,-4212688.500000,2198.693604,50.000000,-99.000000,-1.000000,109934.679688,54.967335,-10883534.000000,-17110190.000000,15164894.000000,19217.037109,-1964513.000000,-228780.828125,-2193293.750000
ml,p5,598,2026-08-29,2178.149902,10.000000,1918.064087,50.000000,-21.000000,0.000000,-0.000000,0.000000,-2013967.375000,2160.353027,50.000000,-39.000000,0.000000,-0.000000,0.000000,-4212688.500000,2199.786621,50.000000,-99.000000,0.000000,-0.000000,0.000000,-10888944.000000,-17115600.000000,15164894.000000,19217.037109,-1969923.000000,-228780.828125,-2198703.750000
ml,p5,598,2026-08-30,2177.448975,10.000000,1918.064087,50.000000,-21.000000,0.000000,-0.000000,0.000000,-2013967.375000,2160.353027,50.000000,-39.000000,0.000000,-0.000000,0.000000,-4212688.500000,2191.952637,50.000000,-99.000000,0.000000,-0.000000,0.000000,-10850166.000000,-17076822.000000,15164894.000000,19217.037109,-1931145.000000,-228780.828125,-2159925.750000
ml,p5,598,2026-08-31,2232.488525,10.000000,1918.064087,50.000000,-22.000000,-1.000000,95903.203125,47.951599,-2109870.500000,2160.353027,50.000000,-40.000000,-1.000000,108017.648438,54.008823,-4320706.000000,2261.504883,50.000000,-100.000000,-1.000000,113075.242188,56.537617,-11307524.000000,-17738100.000000,15481892.000000,19375.535156,-2275583.500000,-228780.828125,-2504364.250000
ml,p5,598,2026-09-01,2193.427246,10.000000,1918.064087,50.000000,-23.000000,-1.000000,95903.203125,47.951599,-2205773.750000,2160.353027,50.000000,-41.000000,-1.000000,108017.648438,54.008823,-4428724.000000,2210.583008,50.000000,-101.000000,-1.000000,110529.148438,55.264572,-11163445.000000,-17797944.000000,15796341.000000,19532.761719,-2021135.750000,-228780.828125,-2249916.500000
ml,p5,598,2026-09-02,2182.571777,10.000000,1918.064087,50.000000,-24.000000,-1.000000,95903.203125,47.951599,-2301677.000000,2160.353027,50.000000,-42.000000,-1.000000,108017.648438,54.008823,-4536741.500000,2201.849365,50.000000,-102.000000,-1.000000,110092.468750,55.046238,-11229432.000000,-18067850.000000,16110354.000000,19689.767578,-1977185.750000,-228780.828125,-2205966.500000
ml,p5,598,2026-09-03,2185.310547,10.000000,1918.064087,50.000000,-19.000000,5.000000,-479516.000000,239.757996,-1822161.000000,2160.353027,50.000000,-43.000000,-1.000000,108017.648438,54.008823,-4644759.000000,2212.980713,50.000000,-103.000000,-1.000000,110649.039062,55.324516,-11396851.000000,-17863772.000000,15849505.000000,20038.859375,-2034305.875000,-228780.828125,-2263086.750000
ml,p5,598,2026-09-04,2204.401123,10.000000,1918.064087,50.000000,-20.000000,-1.000000,95903.203125,47.951599,-1918064.000000,2160.353027,50.000000,-38.000000,5.000000,-540088.250000,270.044128,-4104670.750000,2218.887207,50.000000,-104.000000,-1.000000,110944.359375,55.472179,-11538213.000000,-17560948.000000,15516265.000000,20412.326172,-2065095.375000,-228780.828125,-2293876.250000
ml,p5,598,2026-09-05,2192.309570,10.000000,1918.064087,50.000000,-20.000000,0.000000,-0.000000,0.000000,-1918064.000000,2160.353027,50.000000,-38.000000,0.000000,-0.000000,0.000000,-4104670.750000,2186.971436,50.000000,-104.000000,0.000000,-0.000000,0.000000,-11372252.000000,-17394988.000000,15516265.000000,20412.326172,-1899135.375000,-228780.828125,-2127916.250000
ml,p5,598,2026-09-06,2193.052979,10.000000,1918.064087,50.000000,-20.000000,0.000000,-0.000000,0.000000,-1918064.000000,2160.353027,50.000000,-38.000000,0.000000,-0.000000,0.000000,-4104670.750000,2207.241699,50.000000,-104.000000,0.000000,-0.000000,0.000000,-11477657.000000,-17500392.000000,15516265.000000,20412.326172,-2004539.375000,-228780.828125,-2233320.250000
ml,p5,598,2026-09-07,2205.734619,10.000000,1918.064087,50.000000,-20.000000,0.000000,-0.000000,0.000000,-1918064.000000,2160.353027,50.000000,-38.000000,0.000000,-0.000000,0.000000,-4104670.750000,2219.875977,50.000000,-104.000000,0.000000,-0.000000,0.000000,-11543355.000000,-17566090.000000,15516265.000000,20412.326172,-2070237.375000,-228780.828125,-2299018.250000
ml,p5,598,2026-09-08,2210.194336,10.000000,1918.064087,50.000000,-21.000000,-1.000000,95903.203125,47.951599,-2013967.375000,2160.353027,50.000000,-39.000000,-1.000000,108017.648438,54.008823,-4212688.500000,2228.549561,50.000000,-105.000000,-1.000000,111427.476562,55.713737,-11699885.000000,-17926540.000000,15831612.000000,20570.000000,-2115498.000000,-228780.828125,-2344278.750000
ml,p5,598,2026-09-09,2212.387451,10.000000,1918.064087,50.000000,-22.000000,-1.000000,95903.203125,47.951599,-2109870.500000,2160.353027,50.000000,-40.000000,-1.000000,108017.648438,54.008823,-4320706.000000,2218.686279,50.000000,-106.000000,-1.000000,110934.312500,55.467155,-11759038.000000,-18189614.000000,16146468.000000,20727.427734,-2063873.375000,-228780.828125,-2292654.250000
ml,p5,598,2026-09-10,2192.089111,10.000000,1918.064087,50.000000,-23.000000,-1.000000,95903.203125,47.951599,-2205773.750000,2160.353027,50.000000,-41.000000,-1.000000,108017.648438,54.008823,-4428724.000000,2211.718018,50.000000,-107.000000,-1.000000,110585.898438,55.292950,-11832691.000000,-18467188.000000,16460974.000000,20884.681641,-2027098.625000,-228780.828125,-2255879.500000
ml,p5,598,2026-09-11,2188.648682,10.000000,1918.064087,50.000000,-24.000000,-1.000000,95903.203125,47.951599,-2301677.000000,2160.353027,50.000000,-42.000000,-1.000000,108017.648438,54.008823,-4536741.500000,2190.471924,50.000000,-108.000000,-1.000000,109523.593750,54.761799,-11828548.000000,-18666966.000000,16774419.000000,21041.404297,-1913588.375000,-228780.828125,-2142369.250000
ml,p5,598,2026-09-12,2157.107910,10.000000,1918.064087,50.000000,-24.000000,0.000000,-0.000000,0.000000,-2301677.000000,2160.353027,50.000000,-42.000000,0.000000,-0.000000,0.000000,-4536741.500000,2168.529053,50.000000,-108.000000,0.000000,-0.000000,0.000000,-11710057.000000,-18548476.000000,16774419.000000,21041.404297,-1795098.375000,-228780.828125,-2023879.250000
ml,p5,598,2026-09-13,2146.210938,10.000000,1918.064087,50.000000,-24.000000,0.000000,-0.000000,0.000000,-2301677.000000,2160.353027,50.000000,-42.000000,0.000000,-0.000000,0.000000,-4536741.500000,2165.687744,50.000000,-108.000000,0.000000,-0.000000,0.000000,-11694714.000000,-18533132.000000,16774419.000000,21041.404297,-1779754.375000,-228780.828125,-2008535.250000
ml,p5,598,2026-09-14,2159.659424,10.000000,1918.064087,50.000000,-19.000000,5.000000,-479516.000000,239.757996,-1822161.000000,2160.353027,50.000000,-37.000000,5.000000,-540088.250000,270.044128,-3996653.000000,2163.301025,50.000000,-109.000000,-1.000000,108165.054688,54.082523,-11789991.000000,-17608804.000000,15862980.000000,21605.289062,-1767429.250000,-228780.828125,-1996210.125000
ml,p5,598,2026-09-15,2195.175781,10.000000,1918.064087,50.000000,-20.000000,-1.000000,95903.203125,47.951599,-1918064.000000,2160.353027,50.000000,-38.000000,-1.000000,108017.648438,54.008823,-4104670.750000,2178.685791,50.000000,-104.000000,5.000000,-544671.437500,272.335724,-11329166.000000,-17351900.000000,15522230.000000,21979.583984,-1851649.625000,-228780.828125,-2080430.500000
ml,p5,598,2026-09-16,2185.200195,10.000000,1918.064087,50.000000,-21.000000,-1.000000,95903.203125,47.951599,-2013967.375000,2160.353027,50.000000,-39.000000,-1.000000,108017.648438,54.008823,-4212688.500000,2167.912354,50.000000,-105.000000,-1.000000,108395.617188,54.197803,-11381540.000000,-17608196.000000,15834546.000000,22135.742188,-1795785.750000,-228780.828125,-2024566.625000
ml,p5,598,2026-09-17,2187.452881,10.000000,1918.064087,50.000000,-22.000000,-1.000000,95903.203125,47.951599,-2109870.500000,2160.353027,50.000000,-40.000000,-1.000000,108017.648438,54.008823,-4320706.000000,2195.707031,50.000000,-100.000000,5.000000,-548926.750000,274.463379,-10978535.000000,-17409112.000000,15489540.000000,22512.166016,-1942084.125000,-228780.828125,-2170865.000000
ml,p5,598,2026-09-18,2184.505127,10.000000,1918.064087,50.000000,-23.000000,-1.000000,95903.203125,47.951599,-2205773.750000,2160.353027,50.000000,-41.000000,-1.000000,108017.648438,54.008823,-4428724.000000,2194.370361,50.000000,-101.000000,-1.000000,109718.515625,54.859257,-11081570.000000,-17716068.000000,15803179.000000,22668.984375,-1935558.000000,-228780.828125,-2164338.750000
ml,p5,598,2026-09-19,2182.101318,10.000000,1918.064087,50.000000,-23.000000,0.000000,-0.000000,0.000000,-2205773.750000,2160.353027,50.000000,-41.000000,0.000000,-0.000000,0.000000,-4428724.000000,2182.210449,50.000000,-101.000000,0.000000,-0.000000,0.000000,-11020162.000000,-17654660.000000,15803179.000000,22668.984375,-1874150.000000,-228780.828125,-2102930.750000
ml,p5,598,2026-09-20,2180.882324,10.000000,1918.064087,50.000000,-23.000000,0.000000,-0.000000,0.000000,-2205773.750000,2160.353027,50.000000,-41.000000,0.000000,-0.000000,0.000000,-4428724.000000,2192.137695,50.000000,-101.000000,0.000000,-0.000000,0.000000,-11070295.000000,-17704792.000000,15803179.000000,22668.984375,-1924282.000000,-228780.828125,-2153062.750000
ml,p5,598,2026-09-21,2180.932129,10.000000,1918.064087,50.000000,-18.000000,5.000000,-479516.000000,239.757996,-1726257.625000,2160.353027,50.000000,-36.000000,5.000000,-540088.250000,270.044128,-3888635.500000,2186.969238,50.000000,-102.000000,-1.000000,109348.460938,54.674229,-11153543.000000,-16768436.000000,14892923.000000,23233.464844,-1898746.500000,-228780.828125,-2127527.250000
ml,p5,598,2026-09-22,2188.624512,10.000000,1918.064087,50.000000,-19.000000,-1.000000,95903.203125,47.951599,-1822161.000000,2160.353027,50.000000,-37.000000,-1.000000,108017.648438,54.008823,-3996653.000000,2194.929199,50.000000,-97.000000,5.000000,-548732.312500,274.366150,-10645406.000000,-16464220.000000,14548112.000000,23609.789062,-1939717.750000,-228780.828125,-2168498.500000
ml,p5,598,2026-09-23,2180.406982,10.000000,1918.064087,50.000000,-20.000000,-1.000000,95903.203125,47.951599,-1918064.000000,2160.353027,50.000000,-38.000000,-1.000000,108017.648438,54.008823,-4104670.750000,2187.032959,50.000000,-98.000000,-1.000000,109351.648438,54.675823,-10716462.000000,-16739197.000000,14861385.000000,23766.423828,-1901578.375000,-228780.828125,-2130359.250000
ml,p5,598,2026-09-24,2193.926270,10.000000,1918.064087,50.000000,-21.000000,-1.000000,95903.203125,47.951599,-2013967.375000,2160.353027,50.000000,-39.000000,-1.000000,108017.648438,54.008823,-4212688.500000,2203.525635,50.000000,-99.000000,-1.000000,110176.281250,55.088135,-10907452.000000,-17134108.000000,15175482.000000,23923.472656,-1982549.500000,-228780.828125,-2211330.250000
ml,p5,598,2026-09-25,2214.569092,10.000000,1918.064087,50.000000,-22.000000,-1.000000,95903.203125,47.951599,-2109870.500000,2160.353027,50.000000,-40.000000,-1.000000,108017.648438,54.008823,-4320706.000000,2224.057373,50.000000,-100.000000,-1.000000,111202.867188,55.601429,-11120287.000000,-17550864.000000,15490606.000000,24081.035156,-2084339.000000,-228780.828125,-2313119.750000
ml,p5,598,2026-09-26,2185.081299,10.000000,1918.064087,50.000000,-22.000000,0.000000,-0.000000,0.000000,-2109870.500000,2160.353027,50.000000,-40.000000,0.000000,-0.000000,0.000000,-4320706.000000,2176.383057,50.000000,-100.000000,0.000000,-0.000000,0.000000,-10881916.000000,-17312492.000000,15490606.000000,24081.035156,-1845967.000000,-228780.828125,-2074747.875000
ml,p5,598,2026-09-27,2214.456299,10.000000,1918.064087,50.000000,-22.000000,0.000000,-0.000000,0.000000,-2109870.500000,2160.353027,50.000000,-40.000000,0.000000,-0.000000,0.000000,-4320706.000000,2224.244141,50.000000,-100.000000,0.000000,-0.000000,0.000000,-11121220.000000,-17551796.000000,15490606.000000,24081.035156,-2085271.000000,-228780.828125,-2314051.750000
ml,p5,598,2026-09-28,2188.907471,10.000000,1918.064087,50.000000,-23.000000,-1.000000,95903.203125,47.951599,-2205773.750000,2160.353027,50.000000,-35.000000,5.000000,-540088.250000,270.044128,-3780618.000000,2204.607666,50.000000,-101.000000,-1.000000,110230.382812,55.115192,-11133269.000000,-17119660.000000,15156650.000000,24454.146484,-1987464.125000,-228780.828125,-2216245.000000
ml,p5,598,2026-09-29,2201.448486,10.000000,1918.064087,50.000000,-18.000000,5.000000,-479516.000000,239.757996,-1726257.625000,2160.353027,50.000000,-36.000000,-1.000000,108017.648438,54.008823,-3888635.500000,2201.863770,50.000000,-102.000000,-1.000000,110093.187500,55.046593,-11229505.000000,-16844398.000000,14895246.000000,24802.960938,-1973955.000000,-228780.828125,-2202735.750000
ml,p5,598,2026-09-30,2205.948975,10.000000,1918.064087,50.000000,-19.000000,-1.000000,95903.203125,47.951599,-1822161.000000,2160.353027,50.000000,-37.000000,-1.000000,108017.648438,54.008823,-3996653.000000,2189.623047,50.000000,-103.000000,-1.000000,109481.156250,54.740574,-11276559.000000,-17095372.000000,15208648.000000,24959.660156,-1911683.625000,-228780.828125,-2140464.500000
ml,p5,598,2026-10-01,2190.200928,10.000000,1918.064087,50.000000,-20.000000,-1.000000,95903.203125,47.951599,-1918064.000000,2160.353027,50.000000,-38.000000,-1.000000,108017.648438,54.008823,-4104670.750000,2204.145264,50.000000,-98.000000,5.000000,-551036.312500,275.518158,-10800312.000000,-16823048.000000,14861532.000000,25337.138672,-1986853.125000,-228780.828125,-2215634.000000
ml,p5,598,2026-10-02,2219.669189,10.000000,1918.064087,50.000000,-21.000000,-1.000000,95903.203125,47.951599,-2013967.375000,2160.353027,50.000000,-39.000000,-1.000000,108017.648438,54.008823,-4212688.500000,2240.959961,50.000000,-99.000000,-1.000000,112048.000000,56.023998,-11092752.000000,-17319408.000000,15177500.000000,25495.125000,-2167403.000000,-228780.828125,-2396183.750000
ml,p5,598,2026-10-03,2202.782959,10.000000,1918.064087,50.000000,-21.000000,0.000000,-0.000000,0.000000,-2013967.375000,2160.353027,50.000000,-39.000000,0.000000,-0.000000,0.000000,-4212688.500000,2198.377930,50.000000,-99.000000,0.000000,-0.000000,0.000000,-10881971.000000,-17108628.000000,15177500.000000,25495.125000,-1956623.125000,-228780.828125,-2185404.000000
ml,p5,598,2026-10-04,2252.907471,10.000000,1918.064087,50.000000,-21.000000,0.000000,-0.000000,0.000000,-2013967.375000,2160.353027,50.000000,-39.000000,0.000000,-0.000000,0.000000,-4212688.500000,2261.248047,50.000000,-99.000000,0.000000,-0.000000,0.000000,-11193178.000000,-17419834.000000,15177500.000000,25495.125000,-2267829.000000,-228780.828125,-2496609.750000
ml,p5,598,2026-10-05,2251.563965,10.000000,1918.064087,50.000000,-16.000000,5.000000,-479516.000000,239.757996,-1534451.250000,2160.353027,50.000000,-34.000000,5.000000,-540088.250000,270.044128,-3672600.000000,2222.638184,50.000000,-100.000000,-1.000000,111131.906250,55.565948,-11113191.000000,-16320242.000000,14269028.000000,26060.492188,-2077274.500000,-228780.828125,-2306055.250000
ml,p5,598,2026-10-06,2275.353760,10.000000,1918.064087,50.000000,-17.000000,-1.000000,95903.203125,47.951599,-1630354.500000,2160.353027,50.000000,-29.000000,5.000000,-540088.250000,270.044128,-3132512.000000,2244.707275,50.000000,-95.000000,5.000000,-561176.812500,280.588409,-10662359.000000,-15425226.000000,13263666.000000,26659.076172,-2188219.000000,-228780.828125,-2416999.750000
ml,p5,598,2026-10-07,2280.704834,10.000000,1918.064087,50.000000,-18.000000,-1.000000,95903.203125,47.951599,-1726257.625000,2160.353027,50.000000,-30.000000,-1.000000,108017.648438,54.008823,-3240529.500000,2276.813477,50.000000,-90.000000,5.000000,-569203.375000,284.601685,-10245661.000000,-15212448.000000,12898384.000000,27045.638672,-2341109.750000,-228780.828125,-2569890.500000
ml,p5,598,2026-10-08,2282.262451,10.000000,1918.064087,50.000000,-19.000000,-1.000000,95903.203125,47.951599,-1822161.000000,2160.353027,50.000000,-31.000000,-1.000000,108017.648438,54.008823,-3348547.250000,2288.127197,50.000000,-85.000000,5.000000,-572031.812500,286.015900,-9724541.000000,-14895249.000000,12530274.000000,27433.615234,-2392408.500000,-228780.828125,-2621189.250000
ml,p5,598,2026-10-09,2294.630127,10.000000,1918.064087,50.000000,-14.000000,5.000000,-479516.000000,239.757996,-1342644.875000,2160.353027,50.000000,-32.000000,-1.000000,108017.648438,54.008823,-3456564.750000,2299.381592,50.000000,-80.000000,5.000000,-574845.437500,287.422668,-9197527.000000,-13996736.000000,11583930.000000,28014.804688,-2440820.750000,-228780.828125,-2669601.500000
ml,p5,598,2026-10-10,2291.102051,10.000000,1918.064087,50.000000,-14.000000,0.000000,-0.000000,0.000000,-1342644.875000,2160.353027,50.000000,-32.000000,0.000000,-0.000000,0.000000,-3456564.750000,2284.987305,50.000000,-80.000000,0.000000,-0.000000,0.000000,-9139949.000000,-13939158.000000,11583930.000000,28014.804688,-2383242.750000,-228780.828125,-2612023.500000
ml,p5,598,2026-10-11,2301.157471,10.000000,1918.064087,50.000000,-14.000000,0.000000,-0.000000,0.000000,-1342644.875000,2160.353027,50.000000,-32.000000,0.000000,-0.000000,0.000000,-3456564.750000,2303.846680,50.000000,-80.000000,0.000000,-0.000000,0.000000,-9215387.000000,-14014596.000000,11583930.000000,28014.804688,-2458680.750000,-228780.828125,-2687461.500000
ml,p5,598,2026-10-12,2310.340088,10.000000,1918.064087,50.000000,-14.000000,0.000000,-0.000000,0.000000,-1342644.875000,2160.353027,50.000000,-32.000000,0.000000,-0.000000,0.000000,-3456564.750000,2313.611572,50.000000,-80.000000,0.000000,-0.000000,0.000000,-9254446.000000,-14053656.000000,11583930.000000,28014.804688,-2497740.750000,-228780.828125,-2726521.500000
ml,p5,598,2026-10-13,2290.928467,10.000000,1918.064087,50.000000,-15.000000,-1.000000,95903.203125,47.951599,-1438548.000000,2160.353027,50.000000,-27.000000,5.000000,-540088.250000,270.044128,-2916476.500000,2276.982422,50.000000,-81.000000,-1.000000,113849.125000,56.924561,-9221779.000000,-13576804.000000,11253594.000000,28389.722656,-2351599.750000,-228780.828125,-2580380.500000
ml,p5,598,2026-10-14,2260.968262,10.000000,1918.064087,50.000000,-16.000000,-1.000000,95903.203125,47.951599,-1534451.250000,2160.353027,50.000000,-28.000000,-1.000000,108017.648438,54.008823,-3024494.250000,2229.539062,50.000000,-82.000000,-1.000000,111476.953125,55.738472,-9141110.000000,-13700056.000000,11568992.000000,28547.423828,-2159611.500000,-228780.828125,-2388392.250000
ml,p5,598,2026-10-15,2255.848633,10.000000,1918.064087,50.000000,-17.000000,-1.000000,95903.203125,47.951599,-1630354.500000,2160.353027,50.000000,-29.000000,-1.000000,108017.648438,54.008823,-3132512.000000,2247.046631,50.000000,-77.000000,5.000000,-561761.687500,280.880798,-8651130.000000,-13413996.000000,11211150.000000,28930.265625,-2231776.250000,-228780.828125,-2460557.000000
ml,p5,598,2026-10-16,2254.938721,10.000000,1918.064087,50.000000,-18.000000,-1.000000,95903.203125,47.951599,-1726257.625000,2160.353027,50.000000,-30.000000,-1.000000,108017.648438,54.008823,-3240529.500000,2243.169678,50.000000,-78.000000,-1.000000,112158.484375,56.079243,-8748362.000000,-13715149.000000,11527230.000000,29088.304688,-2217007.250000,-228780.828125,-2445788.000000
ml,p5,598,2026-10-17,2290.971191,10.000000,1918.064087,50.000000,-18.000000,0.000000,-0.000000,0.000000,-1726257.625000,2160.353027,50.000000,-30.000000,0.000000,-0.000000,0.000000,-3240529.500000,2296.156494,50.000000,-78.000000,0.000000,-0.000000,0.000000,-8955010.000000,-13921797.000000,11527230.000000,29088.304688,-2423655.250000,-228780.828125,-2652436.000000
ml,p5,598,2026-10-18,2288.740234,10.000000,1918.064087,50.000000,-18.000000,0.000000,-0.000000,0.000000,-1726257.625000,2160.353027,50.000000,-30.000000,0.000000,-0.000000,0.000000,-3240529.500000,2291.365234,50.000000,-78.000000,0.000000,-0.000000,0.000000,-8936324.000000,-13903111.000000,11527230.000000,29088.304688,-2404969.250000,-228780.828125,-2633750.000000
ml,p5,598,2026-10-19,2251.113037,10.000000,1918.064087,50.000000,-13.000000,5.000000,-479516.000000,239.757996,-1246741.750000,2160.353027,50.000000,-31.000000,-1.000000,108017.648438,54.008823,-3348547.250000,2246.056641,50.000000,-79.000000,-1.000000,112302.828125,56.151413,-8871923.000000,-13467212.000000,11268034.000000,29438.222656,-2228616.250000,-228780.828125,-2457397.000000
ml,p5,598,2026-10-20,2253.301758,10.000000,1918.064087,50.000000,-14.000000,-1.000000,95903.203125,47.951599,-1342644.875000,2160.353027,50.000000,-26.000000,5.000000,-540088.250000,270.044128,-2808459.000000,2250.112549,50.000000,-74.000000,5.000000,-562528.125000,281.264069,-8325416.500000,-12476520.000000,10261322.000000,30037.482422,-2245235.500000,-228780.828125,-2474016.250000
ml,p5,598,2026-10-21,2238.239258,10.000000,1918.064087,50.000000,-15.000000,-1.000000,95903.203125,47.951599,-1438548.000000,2160.353027,50.000000,-27.000000,-1.000000,108017.648438,54.008823,-2916476.500000,2250.666992,50.000000,-75.000000,-1.000000,112533.351562,56.266674,-8440002.000000,-12795026.000000,10577776.000000,30195.710938,-2247445.750000,-228780.828125,-2476226.500000
ml,p5,598,2026-10-22,2213.589355,10.000000,1918.064087,50.000000,-16.000000,-1.000000,95903.203125,47.951599,-1534451.250000,2160.353027,50.000000,-28.000000,-1.000000,108017.648438,54.008823,-3024494.250000,2222.647949,50.000000,-76.000000,-1.000000,111132.398438,55.566200,-8446062.000000,-13005008.000000,10892828.000000,30353.238281,-2142533.250000,-228780.828125,-2371314.000000
ml,p5,598,2026-10-23,2224.412842,10.000000,1918.064087,50.000000,-17.000000,-1.000000,95903.203125,47.951599,-1630354.500000,2160.353027,50.000000,-29.000000,-1.000000,108017.648438,54.008823,-3132512.000000,2239.806396,50.000000,-71.000000,5.000000,-559951.625000,279.975830,-7951312.500000,-12714179.000000,10536798.000000,30735.173828,-2208116.250000,-228780.828125,-2436897.000000
ml,p5,598,2026-10-24,2228.625488,10.000000,1918.064087,50.000000,-17.000000,0.000000,-0.000000,0.000000,-1630354.500000,2160.353027,50.000000,-29.000000,0.000000,-0.000000,0.000000,-3132512.000000,2243.954834,50.000000,-71.000000,0.000000,-0.000000,0.000000,-7966040.000000,-12728906.000000,10536798.000000,30735.173828,-2222843.250000,-228780.828125,-2451624.000000
ml,p5,598,2026-10-25,2225.401611,10.000000,1918.064087,50.000000,-17.000000,0.000000,-0.000000,0.000000,-1630354.500000,2160.353027,50.000000,-29.000000,0.000000,-0.000000,0.000000,-3132512.000000,2237.971680,50.000000,-71.000000,0.000000,-0.000000,0.000000,-7944799.000000,-12707666.000000,10536798.000000,30735.173828,-2201603.250000,-228780.828125,-2430384.000000
ml,p5,598,2026-10-26,2225.435547,10.000000,1918.064087,50.000000,-12.000000,5.000000,-479516.000000,239.757996,-1150838.500000,2160.353027,50.000000,-24.000000,5.000000,-540088.250000,270.044128,-2592423.750000,2224.866943,50.000000,-72.000000,-1.000000,111243.343750,55.621674,-8009521.000000,-11752783.000000,9628437.000000,31300.597656,-2155646.500000,-228780.828125,-2384427.250000
ml,p5,598,2026-10-27,2209.882568,10.000000,1918.064087,50.000000,-13.000000,-1.000000,95903.203125,47.951599,-1246741.750000,2160.353027,50.000000,-19.000000,5.000000,-540088.250000,270.044128,-2052335.375000,2229.776855,50.000000,-67.000000,5.000000,-557444.250000,278.722107,-7469752.500000,-10768830.000000,8626808.000000,31897.314453,-2173919.250000,-228780.828125,-2402700.000000
ml,p5,598,2026-10-28,2213.265381,10.000000,1918.064087,50.000000,-8.000000,5.000000,-479516.000000,239.757996,-767225.625000,2160.353027,50.000000,-20.000000,-1.000000,108017.648438,54.008823,-2160353.000000,2207.916260,50.000000,-62.000000,5.000000,-551979.062500,275.989532,-6844540.500000,-9772119.000000,7703330.000000,32467.070312,-2101256.000000,-228780.828125,-2330036.750000
ml,p5,598,2026-10-29,2255.833496,10.000000,1918.064087,50.000000,0.000000,8.000000,-767225.625000,383.612793,0.000000,2160.353027,50.000000,0.000000,20.000000,-2160353.000000,1080.176514,0.000000,2261.893555,50.000000,0.000000,62.000000,-7011870.500000,3505.934814,0.000000,0.000000,-2236119.000000,37436.792969,-2273555.750000,-228780.828125,-2502336.500000
ml,p5,598,2026-10-30,2273.589355,10.000000,1918.064087,50.000000,0.000000,0.000000,-0.000000,0.000000,0.000000,2160.353027,50.000000,0.000000,0.000000,-0.000000,0.000000,0.000000,2261.893555,50.000000,0.000000,0.000000,-0.000000,0.000000,0.000000,0.000000,-2236119.000000,37436.792969,-2273555.750000,-228780.828125,-2502336.500000
ml,p95,650,2026-04-10,2055.000244,10.000000,2026.171509,50.000000,-1.000000,-1.000000,101308.578125,50.654285,-101308.578125,2047.068848,50.000000,-1.000000,-1.000000,102353.445312,51.176720,-102353.445312,2070.749756,50.000000,-1.000000,-1.000000,103537.484375,51.768742,-103537.484375,-307199.500000,307199.500000,153.599747,-153.599747,4854.181641,4700.582031
ml,p95,650,2026-04-11,2011.014771,10.000000,1999.071411,50.000000,-1.000000,0.000000,-0.000000,0.000000,-99953.570312,2019.285278,50.000000,-1.000000,0.000000,-0.000000,0.000000,-100964.265625,2041.496460,50.000000,-1.000000,0.000000,-0.000000,0.000000,-102074.820312,-302992.656250,307199.500000,153.599747,4053.243896,-100763.242188,-96710.000000
ml,p95,650,2026-04-12,2011.270752,10.000000,2005.749268,50.000000,-1.000000,0.000000,-0.000000,0.000000,-100287.460938,2027.425415,50.000000,-1.000000,0.000000,-0.000000,0.000000,-101371.273438,2050.273926,50.000000,-1.000000,0.000000,-0.000000,0.000000,-102513.695312,-304172.437500,307199.500000,153.599747,2873.462646,-102846.234375,-99972.773438
ml,p95,650,2026-04-13,2000.292969,10.000000,1996.640015,50.000000,-2.000000,-1.000000,99832.000000,49.916000,-199664.000000,2016.299194,50.000000,-2.000000,-1.000000,100814.960938,50.407478,-201629.921875,2037.087280,50.000000,-2.000000,-1.000000,101854.367188,50.927181,-203708.734375,-605002.687500,609700.875000,304.850403,4393.336914,-132216.312500,-127822.976562
ml,p95,650,2026-04-14,2007.556030,10.000000,2009.167114,50.000000,-3.000000,-1.000000,100458.359375,50.229179,-301375.062500,2027.383301,50.000000,-3.000000,-1.000000,101369.164062,50.684582,-304107.500000,2046.775635,50.000000,-3.000000,-1.000000,102338.781250,51.169388,-307016.343750,-912498.875000,913867.125000,456.933533,911.316467,-115237.804688,-114326.484375
ml,p95,650,2026-04-15,2008.808594,10.000000,2023.470337,50.000000,-4.000000,-1.000000,101173.515625,50.586754,-404694.062500,2043.484009,50.000000,-4.000000,-1.000000,102174.203125,51.087097,-408696.812500,2063.826660,50.000000,-4.000000,-1.000000,103191.335938,51.595669,-412765.343750,-1226156.250000,1220406.250000,610.203064,-6360.203125,-107583.453125,-113943.656250
ml,p95,650,2026-04-16,2021.475952,10.000000,2034.952759,50.000000,-5.000000,-1.000000,101747.640625,50.873817,-508738.187500,2054.662354,50.000000,-5.000000,-1.000000,102733.117188,51.366558,-513665.562500,2075.503174,50.000000,-5.000000,-1.000000,103775.156250,51.887577,-518875.781250,-1541279.500000,1528662.125000,764.331055,-13381.706055,-68010.148438,-81391.851562
ml,p95,650,2026-04-17,2021.539551,10.000000,2035.545166,50.000000,-6.000000,-1.000000,101777.257812,50.888626,-610663.562500,2053.262207,50.000000,-6.000000,-1.000000,102663.109375,51.331554,-615978.687500,2072.928711,50.000000,-6.000000,-1.000000,103646.437500,51.823219,-621878.625000,-1848520.875000,1836749.000000,918.374390,-12690.249023,-63045.019531,-75735.265625
ml,p95,650,2026-04-18,2000.836670,10.000000,2006.155640,50.000000,-6.000000,0.000000,-0.000000,0.000000,-601846.687500,2022.809082,50.000000,-6.000000,0.000000,-0.000000,0.000000,-606842.750000,2042.431519,50.000000,-6.000000,0.000000,-0.000000,0.000000,-612729.437500,-1821419.000000,1836749.000000,918.374390,14411.625977,-110262.273438,-95850.648438
ml,p95,650,2026-04-19,2010.654297,10.000000,2018.416260,50.000000,-6.000000,0.000000,-0.000000,0.000000,-605524.875000,2036.707397,50.000000,-6.000000,0.000000,-0.000000,0.000000,-611012.187500,2057.353516,50.000000,-6.000000,0.000000,-0.000000,0.000000,-617206.062500,-1833743.000000,1836749.000000,918.374390,2087.625488,-80467.484375,-78379.859375
ml,p95,650,2026-04-20,2023.526367,10.000000,2015.914185,50.000000,-7.000000,-1.000000,100795.710938,50.397854,-705570.000000,2032.124268,50.000000,-7.000000,-1.000000,101606.210938,50.803104,-711243.500000,2050.580811,50.000000,-7.000000,-1.000000,102529.039062,51.264519,-717703.250000,-2134516.750000,2141680.000000,1070.839844,6092.410156,-41991.101562,-35898.691406
ml,p95,650,2026-04-21,2056.372803,10.000000,2073.255859,50.000000,-8.000000,-1.000000,103662.796875,51.831398,-829302.375000,2090.705566,50.000000,-8.000000,-1.000000,104535.281250,52.267639,-836282.250000,2110.974365,50.000000,-8.000000,-1.000000,105548.718750,52.774361,-844389.750000,-2509974.500000,2455426.750000,1227.713379,-55775.464844,41733.710938,-14041.753906
ml,p95,650,2026-04-22,2020.957520,10.000000,2015.749878,50.000000,-9.000000,-1.000000,100787.492188,50.393745,-907087.375000,2030.633789,50.000000,-9.000000,-1.000000,101531.687500,50.765842,-913785.125000,2048.455078,50.000000,-9.000000,-1.000000,102422.750000,51.211372,-921804.812500,-2742677.250000,2760168.500000,1380.084229,16111.166016,-40588.226562,-24477.060547
ml,p95,650,2026-04-23,2033.385254,10.000000,2030.887207,50.000000,-10.000000,-1.000000,101544.359375,50.772179,-1015443.562500,2046.578979,50.000000,-10.000000,-1.000000,102328.945312,51.164471,-1023289.437500,2064.114258,50.000000,-10.000000,-1.000000,103205.710938,51.602856,-1032057.125000,-3070790.000000,3067247.500000,1533.623779,-5076.124023,-7274.713867,-12350.837891
ml,p95,650,2026-04-24,2042.992554,10.000000,2044.056763,50.000000,-11.000000,-1.000000,102202.835938,51.101418,-1124231.250000,2059.424805,50.000000,-11.000000,-1.000000,102971.242188,51.485622,-1132683.625000,2075.812988,50.000000,-11.000000,-1.000000,103790.648438,51.895325,-1141697.125000,-3398612.000000,3376212.500000,1688.106201,-24087.605469,14649.625000,-9437.980469
ml,p95,650,2026-04-25,2040.007812,10.000000,2041.966309,50.000000,-11.000000,0.000000,-0.000000,0.000000,-1123081.500000,2056.591553,50.000000,-11.000000,0.000000,-0.000000,0.000000,-1131125.375000,2071.790283,50.000000,-11.000000,0.000000,-0.000000,0.000000,-1139484.625000,-3393691.500000,3376212.500000,1688.106201,-19167.105469,7455.854004,-11711.251953
ml,p95,650,2026-04-26,2005.058105,10.000000,2033.002808,50.000000,-11.000000,0.000000,-0.000000,0.000000,-1118151.500000,2049.259277,50.000000,-11.000000,0.000000,-0.000000,0.000000,-1127092.625000,2066.247314,50.000000,-11.000000,0.000000,-0.000000,0.000000,-1136436.000000,-3381680.000000,3376212.500000,1688.106201,-7155.606445,-73623.843750,-80779.453125
ml,p95,650,2026-04-27,1999.759766,10.000000,2023.780640,50.000000,-12.000000,-1.000000,101189.031250,50.594513,-1214268.375000,2040.140747,50.000000,-12.000000,-1.000000,102007.039062,51.003517,-1224084.500000,2057.943359,50.000000,-12.000000,-1.000000,102897.171875,51.448586,-1234766.000000,-3673119.000000,3682305.500000,1841.152710,7345.347168,-87107.835938,-79762.492188
ml,p95,650,2026-04-28,2002.359985,10.000000,2018.408203,50.000000,-13.000000,-1.000000,100920.406250,50.460201,-1311965.375000,2036.224976,50.000000,-13.000000,-1.000000,101811.250000,50.905624,-1323546.250000,2053.264160,50.000000,-13.000000,-1.000000,102663.210938,51.331604,-1334621.625000,-3970133.000000,3987700.250000,1993.850098,15573.400391,-70147.679688,-54574.281250
ml,p95,650,2026-04-29,2007.955200,10.000000,2008.597290,50.000000,-14.000000,-1.000000,100429.867188,50.214931,-1406018.125000,2026.411377,50.000000,-14.000000,-1.000000,101320.570312,50.660282,-1418488.000000,2044.666138,50.000000,-14.000000,-1.000000,102233.304688,51.116653,-1431266.250000,-4255772.000000,4291684.000000,2145.842041,33766.156250,-52826.070312,-19059.914062
ml,p95,650,2026-04-30,2013.117920,10.000000,2008.597290,50.000000,-15.000000,-1.000000,100429.867188,50.214931,-1506448.000000,2041.185059,50.000000,-15.000000,-1.000000,102059.250000,51.029625,-1530888.750000,2060.371338,50.000000,-15.000000,-1.000000,103018.570312,51.509285,-1545278.500000,-4582615.000000,4597192.000000,2298.595947,12278.404297,-39873.625000,-27595.220703
ml,p95,650,2026-05-01,1998.895142,10.000000,2008.597290,50.000000,-16.000000,-1.000000,100429.867188,50.214931,-1606877.875000,2031.450806,50.000000,-16.000000,-1.000000,101572.539062,50.786266,-1625160.625000,2050.040771,50.000000,-16.000000,-1.000000,102502.039062,51.251019,-1640032.625000,-4872071.000000,4901696.000000,2450.848145,27174.152344,-74607.843750,-47433.691406
ml,p95,650,2026-05-02,1983.128784,10.000000,2008.597290,50.000000,-16.000000,0.000000,-0.000000,0.000000,-1606877.875000,2004.685547,50.000000,-16.000000,0.000000,-0.000000,0.000000,-1603748.500000,2023.255249,50.000000,-16.000000,0.000000,-0.000000,0.000000,-1618604.250000,-4829231.000000,4901696.000000,2450.848145,70014.148438,-118127.882812,-48113.734375
ml,p95,650,2026-05-03,1991.273926,10.000000,2008.597290,50.000000,-16.000000,0.000000,-0.000000,0.000000,-1606877.875000,2026.083862,50.000000,-16.000000,0.000000,-0.000000,0.000000,-1620867.125000,2046.726074,50.000000,-16.000000,0.000000,-0.000000,0.000000,-1637380.875000,-4865126.000000,4901696.000000,2450.848145,34119.152344,-96562.031250,-62442.878906
ml,p95,650,2026-05-04,2021.479858,10.000000,2008.597290,50.000000,-17.000000,-1.000000,100429.867188,50.214931,-1707307.625000,2042.154541,50.000000,-17.000000,-1.000000,102107.726562,51.053860,-1735831.500000,2063.984375,50.000000,-17.000000,-1.000000,103199.218750,51.599609,-1754386.750000,-5197526.000000,5207433.000000,2603.716553,7303.283203,-22164.443359,-14861.160156
ml,p95,650,2026-05-05,2040.419312,10.000000,2008.597290,50.000000,-18.000000,-1.000000,100429.867188,50.214931,-1807737.500000,2069.469238,50.000000,-18.000000,-1.000000,103473.460938,51.736729,-1862522.250000,2090.594971,50.000000,-18.000000,-1.000000,104529.750000,52.264874,-1881535.500000,-5551795.000000,5515866.000000,2757.933105,-38686.933594,24586.730469,-14100.203125
ml,p95,650,2026-05-06,2040.577881,10.000000,2008.597290,50.000000,-19.000000,-1.000000,100429.867188,50.214931,-1908167.375000,2063.541260,50.000000,-19.000000,-1.000000,103177.062500,51.588531,-1960364.250000,2083.606934,50.000000,-19.000000,-1.000000,104180.343750,52.090172,-1979426.500000,-5847958.000000,5823653.500000,2911.826660,-27216.326172,22269.650391,-4946.675781
ml,p95,650,2026-05-07,2050.460693,10.000000,2008.597290,50.000000,-20.000000,-1.000000,100429.867188,50.214931,-2008597.250000,2077.916260,50.000000,-20.000000,-1.000000,103895.812500,51.947906,-2077916.250000,2099.025391,50.000000,-20.000000,-1.000000,104951.265625,52.475632,-2099025.500000,-6185539.000000,6132930.000000,3066.465332,-55675.464844,46497.445312,-9178.019531
ml,p95,650,2026-05-08,2034.415405,10.000000,2008.597290,50.000000,-21.000000,-1.000000,100429.867188,50.214931,-2109027.250000,2044.433105,50.000000,-21.000000,-1.000000,102221.656250,51.110828,-2146654.750000,2064.003906,50.000000,-21.000000,-1.000000,103200.195312,51.600094,-2167204.000000,-6422886.000000,6438782.500000,3219.391113,12677.109375,6463.978027,19141.087891
ml,p95,650,2026-05-09,2041.849976,10.000000,2008.597290,50.000000,-21.000000,0.000000,-0.000000,0.000000,-2109027.250000,2041.951416,50.000000,-21.000000,0.000000,-0.000000,0.000000,-2144049.000000,2059.569580,50.000000,-21.000000,0.000000,-0.000000,0.000000,-2162548.000000,-6415624.000000,6438782.500000,3219.391113,19939.109375,25984.542969,45923.652344
ml,p95,650,2026-05-10,2033.795532,10.000000,2008.597290,50.000000,-21.000000,0.000000,-0.000000,0.000000,-2109027.250000,2051.859375,50.000000,-21.000000,0.000000,-0.000000,0.000000,-2154452.250000,2067.984131,50.000000,-21.000000,0.000000,-0.000000,0.000000,-2171383.500000,-6434863.000000,6438782.500000,3219.391113,700.108887,5468.783691,6168.892578
ml,p95,650,2026-05-11,2063.052246,10.000000,2008.597290,50.000000,-22.000000,-1.000000,100429.867188,50.214931,-2209457.000000,2080.753662,50.000000,-22.000000,-1.000000,104037.679688,52.018841,-2288829.000000,2098.071045,50.000000,-22.000000,-1.000000,104903.554688,52.451775,-2307878.000000,-6806164.000000,6748153.000000,3374.076660,-61385.078125,79334.593750,17949.515625
ml,p95,650,2026-05-12,2068.287354,10.000000,2008.597290,50.000000,-23.000000,-1.000000,100429.867188,50.214931,-2309887.000000,2100.226318,50.000000,-23.000000,-1.000000,105011.312500,52.505653,-2415260.250000,2113.809082,50.000000,-23.000000,-1.000000,105690.453125,52.845222,-2430880.500000,-7156027.500000,7059285.000000,3529.642334,-100272.140625,87801.804688,-12470.335938
ml,p95,650,2026-05-13,2063.179199,10.000000,2008.597290,50.000000,-24.000000,-1.000000,100429.867188,50.214931,-2410316.750000,2089.655762,50.000000,-24.000000,-1.000000,104482.789062,52.241394,-2507587.000000,2105.175537,50.000000,-24.000000,-1.000000,105258.773438,52.629387,-2526210.500000,-7444114.500000,7369456.000000,3684.728027,-78343.226562,72398.226562,-5945.000000
ml,p95,650,2026-05-14,2059.967529,10.000000,2008.597290,50.000000,-25.000000,-1.000000,100429.867188,50.214931,-2510746.750000,2069.818848,50.000000,-25.000000,-1.000000,103490.945312,51.745472,-2587273.750000,2087.306152,50.000000,-25.000000,-1.000000,104365.304688,52.182652,-2609132.500000,-7707153.000000,7677742.500000,3838.871094,-33249.371094,62618.644531,29369.273438
ml,p95,650,2026-05-15,1994.833130,10.000000,2008.597290,50.000000,-26.000000,-1.000000,100429.867188,50.214931,-2611176.500000,1762.099487,50.000000,-26.000000,-1.000000,88104.976562,44.052486,-2290729.250000,1776.587524,50.000000,-26.000000,-1.000000,88829.375000,44.414688,-2309563.750000,-7211470.000000,7955107.000000,3977.553223,739659.437500,-98485.125000,641174.312500
ml,p95,650,2026-05-16,2012.849121,10.000000,2008.597290,50.000000,-26.000000,0.000000,-0.000000,0.000000,-2611176.500000,1923.521362,50.000000,-26.000000,0.000000,-0.000000,0.000000,-2500577.750000,1942.122803,50.000000,-26.000000,0.000000,-0.000000,0.000000,-2524759.500000,-7636513.500000,7955107.000000,3977.553223,314615.937500,-56421.597656,258194.343750
ml,p95,650,2026-05-17,2011.462646,10.000000,2008.597290,50.000000,-26.000000,0.000000,-0.000000,0.000000,-2611176.500000,1978.449341,50.000000,-26.000000,0.000000,-0.000000,0.000000,-2571984.250000,1996.938843,50.000000,-26.000000,0.000000,-0.000000,0.000000,-2596020.500000,-7779181.500000,7955107.000000,3977.553223,171947.953125,-64883.300781,107064.656250
ml,p95,650,2026-05-18,2024.375610,10.000000,2008.597290,50.000000,-27.000000,-1.000000,100429.867188,50.214931,-2711606.250000,2021.362671,50.000000,-27.000000,-1.000000,101068.132812,50.534065,-2728839.750000,2041.317505,50.000000,-27.000000,-1.000000,102065.875000,51.032936,-2755778.750000,-8196225.000000,8258670.000000,4129.335449,58315.664062,-37364.957031,20950.707031
ml,p95,650,2026-05-19,2029.637451,10.000000,2008.597290,50.000000,-28.000000,-1.000000,100429.867188,50.214931,-2812036.250000,2028.761475,50.000000,-28.000000,-1.000000,101438.070312,50.719032,-2840266.000000,2046.445557,50.000000,-28.000000,-1.000000,102322.281250,51.161140,-2865023.750000,-8517326.000000,8562861.000000,4281.430176,41253.570312,-23695.984375,17557.585938
ml,p95,650,2026-05-20,2034.083496,10.000000,2008.597290,50.000000,-29.000000,-1.000000,100429.867188,50.214931,-2912466.000000,2067.937500,50.000000,-29.000000,-1.000000,103396.875000,51.698437,-2998509.500000,2090.010986,50.000000,-29.000000,-1.000000,104500.546875,52.250275,-3030516.000000,-8941492.000000,8871188.000000,4435.593750,-74739.593750,-13604.771484,-88344.367188
ml,p95,650,2026-05-21,2026.072266,10.000000,2008.597290,50.000000,-30.000000,-1.000000,100429.867188,50.214931,-3012896.000000,2040.179932,50.000000,-30.000000,-1.000000,102009.000000,51.004498,-3060270.000000,2059.891602,50.000000,-30.000000,-1.000000,102994.578125,51.497288,-3089837.500000,-9163004.000000,9176621.000000,4588.310547,9028.689453,-36597.953125,-27569.263672
ml,p95,650,2026-05-22,2024.668213,10.000000,2008.597290,50.000000,-31.000000,-1.000000,100429.867188,50.214931,-3113325.750000,2086.672119,50.000000,-31.000000,-1.000000,104333.609375,52.166805,-3234341.750000,2109.203857,50.000000,-31.000000,-1.000000,105460.195312,52.730099,-3269266.000000,-9616934.000000,9486845.000000,4743.422363,-134832.421875,-40045.746094,-174878.171875
ml,p95,650,2026-05-23,2024.284912,10.000000,2008.597290,50.000000,-31.000000,0.000000,-0.000000,0.000000,-3113325.750000,2061.247559,50.000000,-31.000000,0.000000,-0.000000,0.000000,-3194933.750000,2085.498535,50.000000,-31.000000,0.000000,-0.000000,0.000000,-3232522.750000,-9540782.000000,9486845.000000,4743.422363,-58680.421875,-40048.136719,-98728.562500
ml,p95,650,2026-05-24,2042.645630,10.000000,2008.597290,50.000000,-31.000000,0.000000,-0.000000,0.000000,-3113325.750000,2063.097656,50.000000,-31.000000,0.000000,-0.000000,0.000000,-3197801.250000,2085.426514,50.000000,-31.000000,0.000000,-0.000000,0.000000,-3232411.250000,-9543538.000000,9486845.000000,4743.422363,-61436.421875,4926.824707,-56509.597656
ml,p95,650,2026-05-25,2060.530518,10.000000,2008.597290,50.000000,-31.000000,0.000000,-0.000000,0.000000,-3113325.750000,2049.283691,50.000000,-31.000000,0.000000,-0.000000,0.000000,-3176389.750000,2067.962646,50.000000,-31.000000,0.000000,-0.000000,0.000000,-3205342.250000,-9495058.000000,9486845.000000,4743.422363,-12956.421875,47130.089844,34173.667969
ml,p95,650,2026-05-26,2016.896729,10.000000,2008.597290,50.000000,-32.000000,-1.000000,100429.867188,50.214931,-3213755.750000,2005.320435,50.000000,-32.000000,-1.000000,100266.023438,50.133011,-3208512.750000,2022.385132,50.000000,-32.000000,-1.000000,101119.257812,50.559628,-3235816.250000,-9658085.000000,9788661.000000,4894.330078,125681.671875,-61520.515625,64161.156250
ml,p95,650,2026-05-27,2041.041138,10.000000,2008.597290,50.000000,-33.000000,-1.000000,100429.867188,50.214931,-3314185.500000,2048.956299,50.000000,-33.000000,-1.000000,102447.812500,51.223904,-3380777.750000,2070.908936,50.000000,-33.000000,-1.000000,103545.445312,51.772720,-3416999.500000,-10111962.000000,10095083.000000,5047.541992,-21926.542969,2375.145996,-19551.396484
ml,p95,650,2026-05-28,2029.378174,10.000000,2008.597290,50.000000,-34.000000,-1.000000,100429.867188,50.214931,-3414615.250000,2008.400635,50.000000,-34.000000,-1.000000,100420.031250,50.210014,-3414281.250000,2030.787720,50.000000,-34.000000,-1.000000,101539.382812,50.769688,-3452339.000000,-10281236.000000,10397472.000000,5198.736328,111037.265625,-23046.363281,87990.906250
ml,p95,650,2026-05-29,2027.896240,10.000000,2008.597290,50.000000,-35.000000,-1.000000,100429.867188,50.214931,-3515045.250000,2022.813843,50.000000,-35.000000,-1.000000,101140.695312,50.570347,-3539924.250000,2047.602051,50.000000,-35.000000,-1.000000,102380.101562,51.190048,-3583303.500000,-10638273.000000,10701424.000000,5350.711426,57800.289062,-26625.068359,31175.220703
ml,p95,650,2026-05-30,2038.656128,10.000000,2008.597290,50.000000,-35.000000,0.000000,-0.000000,0.000000,-3515045.250000,2039.095581,50.000000,-35.000000,0.000000,-0.000000,0.000000,-3568417.250000,2063.625244,50.000000,-35.000000,0.000000,-0.000000,0.000000,-3611344.250000,-10694807.000000,10701424.000000,5350.711426,1266.288574,-2540.178711,-1273.890137
ml,p95,650,2026-05-31,2039.653809,10.000000,2008.597290,50.000000,-35.000000,0.000000,-0.000000,0.000000,-3515045.250000,2043.602295,50.000000,-35.000000,0.000000,-0.000000,0.000000,-3576304.000000,2067.374756,50.000000,-35.000000,0.000000,-0.000000,0.000000,-3617905.750000,-10709255.000000,10701424.000000,5350.711426,-13181.710938,-41.835182,-13223.545898
ml,p95,650,2026-06-01,2063.859863,10.000000,2008.597290,50.000000,-36.000000,-1.000000,100429.867188,50.214931,-3615475.000000,2073.553223,50.000000,-36.000000,-1.000000,103677.664062,51.838829,-3732395.750000,2100.106689,50.000000,-36.000000,-1.000000,105005.335938,52.502666,-3780192.250000,-11128063.000000,11010536.000000,5505.267578,-123032.265625,62753.804688,-60278.460938
ml,p95,650,2026-06-02,2075.635986,10.000000,2008.597290,50.000000,-37.000000,-1.000000,100429.867188,50.214931,-3715905.000000,2088.623535,50.000000,-37.000000,-1.000000,104431.179688,52.215588,-3863953.500000,2115.098877,50.000000,-37.000000,-1.000000,105754.945312,52.877472,-3912932.750000,-11492791.000000,11321152.000000,5660.576172,-177299.578125,91887.867188,-85411.710938
ml,p95,650,2026-06-03,2071.221436,10.000000,2008.597290,50.000000,-32.000000,5.000000,-502149.312500,251.074661,-3213755.750000,2071.191162,50.000000,-38.000000,-1.000000,103559.554688,51.779778,-3935263.250000,2094.729736,50.000000,-38.000000,-1.000000,104736.484375,52.368244,-3979986.250000,-11129005.000000,11027299.000000,6015.798828,-107721.796875,80044.304688,-27677.492188
ml,p95,650,2026-06-04,2045.979492,10.000000,2008.597290,50.000000,-33.000000,-1.000000,100429.867188,50.214931,-3314185.500000,2045.595215,50.000000,-39.000000,-1.000000,102279.757812,51.139877,-3988910.500000,2070.541260,50.000000,-39.000000,-1.000000,103527.062500,51.763531,-4037555.500000,-11340652.000000,11333536.000000,6168.916992,-13284.916992,18680.339844,5395.422852
ml,p95,650,2026-06-05,2046.221436,10.000000,2008.597290,50.000000,-34.000000,-1.000000,100429.867188,50.214931,-3414615.250000,2052.879395,50.000000,-40.000000,-1.000000,102643.968750,51.321983,-4105758.500000,2079.646484,50.000000,-40.000000,-1.000000,103982.328125,51.991161,-4159293.000000,-11679667.000000,11640592.000000,6322.445312,-45397.445312,18004.818359,-27392.626953
ml,p95,650,2026-06-06,2033.677124,10.000000,2008.597290,50.000000,-34.000000,0.000000,-0.000000,0.000000,-3414615.250000,2047.347168,50.000000,-40.000000,0.000000,-0.000000,0.000000,-4094694.500000,2075.062744,50.000000,-40.000000,0.000000,-0.000000,0.000000,-4150125.500000,-11659436.000000,11640592.000000,6322.445312,-25166.445312,-13668.919922,-38835.367188
ml,p95,650,2026-06-07,2041.391479,10.000000,2008.597290,50.000000,-34.000000,0.000000,-0.000000,0.000000,-3414615.250000,2040.411865,50.000000,-40.000000,0.000000,-0.000000,0.000000,-4080823.750000,2068.586182,50.000000,-40.000000,0.000000,-0.000000,0.000000,-4137172.250000,-11632611.000000,11640592.000000,6322.445312,1658.554688,2491.150391,4149.705078
ml,p95,650,2026-06-08,2044.339233,10.000000,2008.597290,50.000000,-35.000000,-1.000000,100429.867188,50.214931,-3515045.250000,2042.804077,50.000000,-41.000000,-1.000000,102140.203125,51.070099,-4187748.500000,2068.000488,50.000000,-41.000000,-1.000000,103400.023438,51.700012,-4239401.000000,-11942195.000000,11946562.000000,6475.430176,-2108.430176,12435.426758,10326.996094
ml,p95,650,2026-06-09,2061.181152,10.000000,2008.597290,50.000000,-36.000000,-1.000000,100429.867188,50.214931,-3615475.000000,2077.626465,50.000000,-42.000000,-1.000000,103881.320312,51.940659,-4363015.500000,2104.011719,50.000000,-42.000000,-1.000000,105200.585938,52.600292,-4418424.500000,-12396915.000000,12256074.000000,6630.185547,-147471.187500,57371.914062,-90099.273438
ml,p95,650,2026-06-10,2070.113770,10.000000,2008.597290,50.000000,-37.000000,-1.000000,100429.867188,50.214931,-3715905.000000,2083.367920,50.000000,-43.000000,-1.000000,104168.398438,52.084198,-4479241.000000,2110.355469,50.000000,-43.000000,-1.000000,105517.773438,52.758884,-4537264.000000,-12732410.000000,12566189.000000,6785.244141,-173006.250000,77936.203125,-95070.046875
ml,p95,650,2026-06-11,2062.549561,10.000000,2008.597290,50.000000,-32.000000,5.000000,-502149.312500,251.074661,-3213755.750000,2062.843750,50.000000,-44.000000,-1.000000,103142.187500,51.571091,-4538256.000000,2088.517090,50.000000,-44.000000,-1.000000,104425.851562,52.212925,-4594737.500000,-12346750.000000,12271608.000000,7140.102539,-82282.101562,59119.019531,-23163.082031
ml,p95,650,2026-06-12,2046.703491,10.000000,2008.597290,50.000000,-33.000000,-1.000000,100429.867188,50.214931,-3314185.500000,2054.723877,50.000000,-45.000000,-1.000000,102736.195312,51.368095,-4623129.000000,2080.150879,50.000000,-45.000000,-1.000000,104007.546875,52.003773,-4680339.500000,-12617654.000000,12578782.000000,7293.689453,-46165.687500,16138.936523,-30026.750000
ml,p95,650,2026-06-13,2048.498291,10.000000,2008.597290,50.000000,-33.000000,0.000000,-0.000000,0.000000,-3314185.500000,2071.417969,50.000000,-45.000000,0.000000,-0.000000,0.000000,-4660690.500000,2093.837891,50.000000,-45.000000,0.000000,-0.000000,0.000000,-4711135.000000,-12686011.000000,12578782.000000,7293.689453,-114522.687500,19578.583984,-94944.101562
ml,p95,650,2026-06-14,2053.459473,10.000000,2008.597290,50.000000,-33.000000,0.000000,-0.000000,0.000000,-3314185.500000,2067.968262,50.000000,-45.000000,0.000000,-0.000000,0.000000,-4652928.500000,2089.839600,50.000000,-45.000000,0.000000,-0.000000,0.000000,-4702139.000000,-12669253.000000,12578782.000000,7293.689453,-97764.687500,29079.912109,-68684.773438
ml,p95,650,2026-06-15,2059.410645,10.000000,2008.597290,50.000000,-34.000000,-1.000000,100429.867188,50.214931,-3414615.250000,2063.951904,50.000000,-46.000000,-1.000000,103197.593750,51.598797,-4747089.500000,2086.765381,50.000000,-46.000000,-1.000000,104338.265625,52.169128,-4799560.500000,-12961266.000000,12886748.000000,7447.672363,-81965.671875,44035.957031,-37929.714844
ml,p95,650,2026-06-16,2099.661377,10.000000,2008.597290,50.000000,-35.000000,-1.000000,100429.867188,50.214931,-3515045.250000,2093.353271,50.000000,-47.000000,-1.000000,104667.664062,52.333832,-4919380.000000,2115.925293,50.000000,-47.000000,-1.000000,105796.265625,52.898129,-4972424.500000,-13406850.000000,13197642.000000,7603.119141,-216811.125000,145644.343750,-71166.781250
ml,p95,650,2026-06-17,2081.597900,10.000000,2008.597290,50.000000,-36.000000,-1.000000,100429.867188,50.214931,-3615475.000000,2076.300293,50.000000,-48.000000,-1.000000,103815.015625,51.907505,-4983120.500000,2100.451904,50.000000,-48.000000,-1.000000,105022.593750,52.511299,-5041084.500000,-13639680.000000,13506910.000000,7757.752930,-140527.750000,99532.703125,-40995.046875
ml,p95,650,2026-06-18,2069.683350,10.000000,2008.597290,50.000000,-37.000000,-1.000000,100429.867188,50.214931,-3715905.000000,2077.458008,50.000000,-49.000000,-1.000000,103872.898438,51.936447,-5089772.500000,2102.964111,50.000000,-49.000000,-1.000000,105148.203125,52.574100,-5152262.000000,-13957940.000000,13816360.000000,7912.478516,-149492.484375,66656.398438,-82836.085938
ml,p95,650,2026-06-19,2052.330811,10.000000,2008.597290,50.000000,-37.000000,0.000000,-0.000000,0.000000,-3715905.000000,2054.142090,50.000000,-49.000000,0.000000,-0.000000,0.000000,-5032648.000000,2080.260986,50.000000,-49.000000,0.000000,-0.000000,0.000000,-5096639.500000,-13845192.000000,13816360.000000,7912.478516,-36744.476562,24481.365234,-12263.111328
ml,p95,650,2026-06-20,2025.863647,10.000000,2008.597290,50.000000,-37.000000,0.000000,-0.000000,0.000000,-3715905.000000,2014.923462,50.000000,-49.000000,0.000000,-0.000000,0.000000,-4936562.500000,2040.680298,50.000000,-49.000000,0.000000,-0.000000,0.000000,-4999667.000000,-13652135.000000,13816360.000000,7912.478516,156312.515625,-43993.746094,112318.765625
ml,p95,650,2026-06-21,2039.003174,10.000000,2008.597290,50.000000,-37.000000,0.000000,-0.000000,0.000000,-3715905.000000,2046.746216,50.000000,-49.000000,0.000000,-0.000000,0.000000,-5014528.000000,2072.739502,50.000000,-49.000000,0.000000,-0.000000,0.000000,-5078211.500000,-13808644.000000,13816360.000000,7912.478516,-196.478516,-13088.336914,-13284.815430
ml,p95,650,2026-06-22,2037.033447,10.000000,2008.597290,50.000000,-32.000000,5.000000,-502149.312500,251.074661,-3213755.750000,2054.766113,50.000000,-50.000000,-1.000000,102738.304688,51.369152,-5136915.000000,2082.865967,50.000000,-50.000000,-1.000000,104143.296875,52.071648,-5207165.000000,-13557836.000000,13521092.000000,8266.994141,-45010.992188,-19232.466797,-64243.460938
ml,p95,650,2026-06-23,2061.859375,10.000000,2008.597290,50.000000,-33.000000,-1.000000,100429.867188,50.214931,-3314185.500000,2074.308350,50.000000,-51.000000,-1.000000,103715.414062,51.857704,-5289486.500000,2098.379395,50.000000,-51.000000,-1.000000,104918.968750,52.459488,-5350867.500000,-13954540.000000,13830156.000000,8421.525391,-132805.531250,43645.089844,-89160.437500
ml,p95,650,2026-06-24,2048.989746,10.000000,2008.597290,50.000000,-34.000000,-1.000000,100429.867188,50.214931,-3414615.250000,2065.613037,50.000000,-52.000000,-1.000000,103280.648438,51.640324,-5370594.000000,2089.697266,50.000000,-52.000000,-1.000000,104484.859375,52.242432,-5433213.000000,-14218422.000000,14138352.000000,8575.624023,-88645.625000,11368.572266,-77277.054688
ml,p95,650,2026-06-25,2094.542725,10.000000,2008.597290,50.000000,-35.000000,-1.000000,100429.867188,50.214931,-3515045.250000,2119.028564,50.000000,-53.000000,-1.000000,105951.429688,52.975712,-5615426.000000,2143.008301,50.000000,-53.000000,-1.000000,107150.414062,53.575207,-5678972.000000,-14809443.000000,14451884.000000,8732.389648,-366291.375000,122737.265625,-243554.109375
ml,p95,650,2026-06-26,2111.050781,10.000000,2008.597290,50.000000,-36.000000,-1.000000,100429.867188,50.214931,-3615475.000000,2138.897949,50.000000,-54.000000,-1.000000,106944.898438,53.472450,-5775024.500000,2164.553467,50.000000,-54.000000,-1.000000,108227.671875,54.113834,-5844294.500000,-15234794.000000,14767486.000000,8890.190430,-476198.187500,163228.390625,-312969.812500
ml,p95,650,2026-06-27,2131.076416,10.000000,2008.597290,50.000000,-36.000000,0.000000,-0.000000,0.000000,-3615475.000000,2157.297119,50.000000,-54.000000,0.000000,-0.000000,0.000000,-5824702.500000,2181.103516,50.000000,-54.000000,0.000000,-0.000000,0.000000,-5888979.500000,-15329158.000000,14767486.000000,8890.190430,-570562.187500,211399.703125,-359162.500000
ml,p95,650,2026-06-28,2110.678467,10.000000,2008.597290,50.000000,-36.000000,0.000000,-0.000000,0.000000,-3615475.000000,2127.534180,50.000000,-54.000000,0.000000,-0.000000,0.000000,-5744342.000000,2150.190918,50.000000,-54.000000,0.000000,-0.000000,0.000000,-5805515.500000,-15165332.000000,14767486.000000,8890.190430,-406736.187500,157781.875000,-248954.312500
ml,p95,650,2026-06-29,2102.679199,10.000000,2008.597290,50.000000,-31.000000,5.000000,-502149.312500,251.074661,-3113325.750000,2108.980469,50.000000,-55.000000,-1.000000,105449.023438,52.724510,-5799696.000000,2131.413086,50.000000,-55.000000,-1.000000,106570.656250,53.285324,-5861386.000000,-14774408.000000,14477357.000000,9247.275391,-306298.281250,135908.546875,-170389.734375
ml,p95,650,2026-06-30,2136.829590,10.000000,2008.597290,50.000000,-32.000000,-1.000000,100429.867188,50.214931,-3213755.750000,2132.202637,50.000000,-56.000000,-1.000000,106610.132812,53.305069,-5970167.000000,2154.173096,50.000000,-56.000000,-1.000000,107708.656250,53.854324,-6031685.000000,-15215608.000000,14792104.000000,9404.649414,-432908.656250,218687.859375,-214220.796875
ml,p95,650,2026-07-01,2104.137451,10.000000,2008.597290,50.000000,-33.000000,-1.000000,100429.867188,50.214931,-3314185.500000,2096.634033,50.000000,-57.000000,-1.000000,104831.703125,52.415848,-5975407.000000,2117.754395,50.000000,-57.000000,-1.000000,105887.718750,52.943863,-6035600.000000,-15325192.000000,15103254.000000,9560.224609,-231498.218750,135886.109375,-95612.109375
ml,p95,650,2026-07-02,2130.335693,10.000000,2008.597290,50.000000,-34.000000,-1.000000,100429.867188,50.214931,-3414615.250000,2132.687012,50.000000,-58.000000,-1.000000,106634.351562,53.317173,-6184792.000000,2155.825928,50.000000,-58.000000,-1.000000,107791.296875,53.895649,-6251895.500000,-15851302.000000,15418110.000000,9717.652344,-442909.656250,198182.828125,-244726.828125
ml,p95,650,2026-07-03,2100.441406,10.000000,2008.597290,50.000000,-35.000000,-1.000000,100429.867188,50.214931,-3515045.250000,2106.854248,50.000000,-59.000000,-1.000000,105342.710938,52.671356,-6215220.000000,2129.671875,50.000000,-59.000000,-1.000000,106483.593750,53.241798,-6282532.000000,-16012797.000000,15730366.000000,9873.779297,-292304.781250,128017.679688,-164287.093750
ml,p95,650,2026-07-04,2110.400635,10.000000,2008.597290,50.000000,-35.000000,0.000000,-0.000000,0.000000,-3515045.250000,2111.236572,50.000000,-59.000000,0.000000,-0.000000,0.000000,-6228148.000000,2133.776123,50.000000,-59.000000,0.000000,-0.000000,0.000000,-6294639.500000,-16037832.000000,15730366.000000,9873.779297,-317339.781250,149111.281250,-168228.500000
ml,p95,650,2026-07-05,2093.838623,10.000000,2008.597290,50.000000,-35.000000,0.000000,-0.000000,0.000000,-3515045.250000,2093.281982,50.000000,-59.000000,0.000000,-0.000000,0.000000,-6175182.000000,2116.161621,50.000000,-59.000000,0.000000,-0.000000,0.000000,-6242677.000000,-15932904.000000,15730366.000000,9873.779297,-212411.781250,112752.687500,-99659.093750
ml,p95,650,2026-07-06,2102.528809,10.000000,2008.597290,50.000000,-30.000000,5.000000,-502149.312500,251.074661,-3012896.000000,2088.420166,50.000000,-60.000000,-1.000000,104421.007812,52.210503,-6265260.500000,2111.804932,50.000000,-60.000000,-1.000000,105590.250000,52.795124,-6335415.000000,-15613571.000000,15438228.000000,10229.860352,-185572.859375,131361.953125,-54210.906250
ml,p95,650,2026-07-07,2147.208984,10.000000,2008.597290,50.000000,-31.000000,-1.000000,100429.867188,50.214931,-3113325.750000,2148.780518,50.000000,-61.000000,-1.000000,107439.023438,53.719513,-6553780.500000,2173.471191,50.000000,-61.000000,-1.000000,108673.562500,54.336781,-6629087.500000,-16296194.000000,15754771.000000,10388.130859,-551811.125000,222673.921875,-329137.187500
ml,p95,650,2026-07-08,2149.887939,10.000000,2008.597290,50.000000,-32.000000,-1.000000,100429.867188,50.214931,-3213755.750000,2146.115479,50.000000,-62.000000,-1.000000,107305.773438,53.652885,-6652958.000000,2170.921387,50.000000,-62.000000,-1.000000,108546.070312,54.273037,-6729856.000000,-16596570.000000,16071052.000000,10546.272461,-536064.250000,227447.234375,-308617.000000
ml,p95,650,2026-07-09,2146.269287,10.000000,2008.597290,50.000000,-33.000000,-1.000000,100429.867188,50.214931,-3314185.500000,2140.807861,50.000000,-63.000000,-1.000000,107040.390625,53.520191,-6743544.500000,2163.393311,50.000000,-63.000000,-1.000000,108169.664062,54.084831,-6814689.000000,-16872420.000000,16386692.000000,10704.091797,-496432.093750,220275.718750,-276156.375000
ml,p95,650,2026-07-10,2154.644775,10.000000,2008.597290,50.000000,-34.000000,-1.000000,100429.867188,50.214931,-3414615.250000,2167.003418,50.000000,-64.000000,-1.000000,108350.171875,54.175087,-6934411.000000,2192.589844,50.000000,-64.000000,-1.000000,109629.492188,54.814743,-7016287.500000,-17365314.000000,16705102.000000,10863.296875,-671075.312500,233542.406250,-437532.906250
ml,p95,650,2026-07-11,2155.509033,10.000000,2008.597290,50.000000,-34.000000,0.000000,-0.000000,0.000000,-3414615.250000,2167.282227,50.000000,-64.000000,0.000000,-0.000000,0.000000,-6935303.000000,2194.900635,50.000000,-64.000000,0.000000,-0.000000,0.000000,-7023682.000000,-17373600.000000,16705102.000000,10863.296875,-679361.312500,234510.734375,-444850.562500
ml,p95,650,2026-07-12,2144.496338,10.000000,2008.597290,50.000000,-34.000000,0.000000,-0.000000,0.000000,-3414615.250000,2130.742676,50.000000,-64.000000,0.000000,-0.000000,0.000000,-6818376.500000,2157.862793,50.000000,-64.000000,0.000000,-0.000000,0.000000,-6905161.000000,-17138152.000000,16705102.000000,10863.296875,-443913.312500,216577.640625,-227335.671875
ml,p95,650,2026-07-13,2107.236084,10.000000,2008.597290,50.000000,-35.000000,-1.000000,100429.867188,50.214931,-3515045.250000,2098.074219,50.000000,-65.000000,-1.000000,104903.710938,52.451855,-6818741.500000,2126.270020,50.000000,-65.000000,-1.000000,106313.500000,53.156750,-6910377.500000,-17244164.000000,17016748.000000,11019.121094,-238435.125000,154985.203125,-83449.921875
ml,p95,650,2026-07-14,2211.325439,10.000000,2008.597290,50.000000,-30.000000,5.000000,-502149.312500,251.074661,-3012896.000000,2219.814941,50.000000,-66.000000,-1.000000,110990.750000,55.495373,-7325389.000000,2251.213135,50.000000,-66.000000,-1.000000,112560.656250,56.280323,-7429003.000000,-17767288.000000,16738150.000000,11381.970703,-1040520.000000,312707.375000,-727812.625000
ml,p95,650,2026-07-15,2229.345947,10.000000,2008.597290,50.000000,-31.000000,-1.000000,100429.867188,50.214931,-3113325.750000,2255.127441,50.000000,-67.000000,-1.000000,112756.375000,56.378185,-7554676.500000,2288.348633,50.000000,-67.000000,-1.000000,114417.429688,57.208710,-7665968.000000,-18333970.000000,17065754.000000,11545.773438,-1279761.750000,337909.531250,-941852.250000
ml,p95,650,2026-07-16,2157.875488,10.000000,2008.597290,50.000000,-32.000000,-1.000000,100429.867188,50.214931,-3213755.750000,2184.168945,50.000000,-68.000000,-1.000000,109208.445312,54.604225,-7426174.000000,2216.425293,50.000000,-68.000000,-1.000000,110821.265625,55.410629,-7535846.000000,-18175776.000000,17386214.000000,11706.002930,-801268.000000,244227.328125,-557040.687500
ml,p95,650,2026-07-17,2158.322998,10.000000,2008.597290,50.000000,-33.000000,-1.000000,100429.867188,50.214931,-3314185.500000,2157.479492,50.000000,-69.000000,-1.000000,107873.976562,53.936985,-7443304.000000,2187.287109,50.000000,-69.000000,-1.000000,109364.359375,54.682178,-7546140.500000,-18303630.000000,17703882.000000,11864.836914,-611612.812500,244072.468750,-367540.343750
ml,p95,650,2026-07-18,2188.482666,10.000000,2008.597290,50.000000,-33.000000,0.000000,-0.000000,0.000000,-3314185.500000,2192.713379,50.000000,-69.000000,0.000000,-0.000000,0.000000,-7564861.000000,2221.280518,50.000000,-69.000000,0.000000,-0.000000,0.000000,-7663418.000000,-18542464.000000,17703882.000000,11864.836914,-850446.812500,276538.406250,-573908.375000
ml,p95,650,2026-07-19,2184.026123,10.000000,2008.597290,50.000000,-33.000000,0.000000,-0.000000,0.000000,-3314185.500000,2217.212402,50.000000,-69.000000,0.000000,-0.000000,0.000000,-7649383.000000,2246.570557,50.000000,-69.000000,0.000000,-0.000000,0.000000,-7750669.000000,-18714236.000000,17703882.000000,11864.836914,-1022218.812500,271150.062500,-751068.750000
ml,p95,650,2026-07-20,2169.686035,10.000000,2008.597290,50.000000,-34.000000,-1.000000,100429.867188,50.214931,-3414615.250000,2159.734131,50.000000,-70.000000,-1.000000,107986.703125,53.993347,-7559069.500000,2188.455811,50.000000,-70.000000,-1.000000,109422.789062,54.711391,-7659595.500000,-18633280.000000,18021720.000000,12023.755859,-623583.750000,255169.828125,-368413.937500
ml,p95,650,2026-07-21,2151.183105,10.000000,2008.597290,50.000000,-29.000000,5.000000,-502149.312500,251.074661,-2912466.000000,2131.524414,50.000000,-71.000000,-1.000000,106576.218750,53.288113,-7566911.500000,2159.404297,50.000000,-71.000000,-1.000000,107970.218750,53.985111,-7665885.000000,-18145264.000000,17734118.000000,12382.104492,-423528.093750,236704.000000,-186824.093750
ml,p95,650,2026-07-22,2152.494629,10.000000,2008.597290,50.000000,-30.000000,-1.000000,100429.867188,50.214931,-3012896.000000,2144.699707,50.000000,-72.000000,-1.000000,107234.984375,53.617493,-7720919.000000,2170.905273,50.000000,-72.000000,-1.000000,108545.265625,54.272629,-7815259.500000,-18549074.000000,18050330.000000,12540.208984,-511284.218750,237517.750000,-273766.468750
ml,p95,650,2026-07-23,2165.617676,10.000000,2008.597290,50.000000,-31.000000,-1.000000,100429.867188,50.214931,-3113325.750000,2150.998535,50.000000,-73.000000,-1.000000,107549.929688,53.774960,-7851144.500000,2177.231445,50.000000,-73.000000,-1.000000,108861.570312,54.430786,-7946894.500000,-18911364.000000,18367170.000000,12698.629883,-556892.625000,247272.250000,-309620.375000
ml,p95,650,2026-07-24,2160.448242,10.000000,2008.597290,50.000000,-32.000000,-1.000000,100429.867188,50.214931,-3213755.750000,2158.273193,50.000000,-74.000000,-1.000000,107913.656250,53.956825,-7985611.000000,2184.491211,50.000000,-74.000000,-1.000000,109224.562500,54.612278,-8082617.000000,-19281984.000000,18684738.000000,12857.414062,-610103.437500,243746.250000,-366357.187500
ml,p95,650,2026-07-25,2111.886475,10.000000,2008.597290,50.000000,-32.000000,0.000000,-0.000000,0.000000,-3213755.750000,2098.704102,50.000000,-74.000000,0.000000,-0.000000,0.000000,-7765205.500000,2123.894531,50.000000,-74.000000,0.000000,-0.000000,0.000000,-7858409.500000,-18837370.000000,18684738.000000,12857.414062,-165489.406250,217222.218750,51732.812500
ml,p95,650,2026-07-26,2093.376221,10.000000,2008.597290,50.000000,-32.000000,0.000000,-0.000000,0.000000,-3213755.750000,2093.649658,50.000000,-74.000000,0.000000,-0.000000,0.000000,-7746504.000000,2118.023926,50.000000,-74.000000,0.000000,-0.000000,0.000000,-7836688.500000,-18796948.000000,18684738.000000,12857.414062,-125067.414062,206926.125000,81858.710938
ml,p95,650,2026-07-27,2062.756104,10.000000,2008.597290,50.000000,-33.000000,-1.000000,100429.867188,50.214931,-3314185.500000,2052.491211,50.000000,-75.000000,-1.000000,102624.562500,51.312279,-7696842.000000,2077.246338,50.000000,-75.000000,-1.000000,103862.320312,51.931156,-7789673.500000,-18800702.000000,18991656.000000,13010.873047,177943.125000,190126.875000,368070.000000
ml,p95,650,2026-07-28,2075.010498,10.000000,2008.597290,50.000000,-34.000000,-1.000000,100429.867188,50.214931,-3414615.250000,2075.257080,50.000000,-70.000000,5.000000,-518814.250000,259.407104,-7263400.000000,2099.377930,50.000000,-76.000000,-1.000000,104968.898438,52.484447,-7977636.000000,-18655652.000000,18678240.000000,13372.978516,9215.021484,195313.125000,204528.140625
ml,p95,650,2026-07-29,2078.212891,10.000000,2008.597290,50.000000,-29.000000,5.000000,-502149.312500,251.074661,-2912466.000000,2078.587402,50.000000,-65.000000,5.000000,-519646.875000,259.823425,-6755409.500000,2103.085938,50.000000,-77.000000,-1.000000,105154.296875,52.577148,-8096881.000000,-17764756.000000,17761596.000000,13936.454102,-17096.453125,196268.062500,179171.609375
ml,p95,650,2026-07-30,2075.215332,10.000000,2008.597290,50.000000,-30.000000,-1.000000,100429.867188,50.214931,-3012896.000000,2078.587402,50.000000,-60.000000,5.000000,-519646.875000,259.823425,-6235762.000000,2121.878662,50.000000,-78.000000,-1.000000,106093.929688,53.046963,-8275326.500000,-17523984.000000,17448476.000000,14299.540039,-89807.539062,195573.515625,105765.976562
ml,p95,650,2026-07-31,2065.465820,10.000000,2008.597290,50.000000,-31.000000,-1.000000,100429.867188,50.214931,-3113325.750000,2078.587402,50.000000,-55.000000,5.000000,-519646.875000,259.823425,-5716115.000000,2096.574463,50.000000,-79.000000,-1.000000,104828.726562,52.414360,-8281469.000000,-17110910.000000,17134086.000000,14661.992188,8514.007812,194531.406250,203045.406250
ml,p95,650,2026-08-01,2077.146973,10.000000,2008.597290,50.000000,-31.000000,0.000000,-0.000000,0.000000,-3113325.750000,2078.587402,50.000000,-55.000000,0.000000,-0.000000,0.000000,-5716115.000000,2085.276367,50.000000,-79.000000,0.000000,-0.000000,0.000000,-8236841.500000,-17066282.000000,17134086.000000,14661.992188,53142.007812,194554.031250,247696.031250
ml,p95,650,2026-08-02,2090.266357,10.000000,2008.597290,50.000000,-31.000000,0.000000,-0.000000,0.000000,-3113325.750000,2078.587402,50.000000,-55.000000,0.000000,-0.000000,0.000000,-5716115.000000,2104.944336,50.000000,-79.000000,0.000000,-0.000000,0.000000,-8314530.500000,-17143972.000000,17134086.000000,14661.992188,-24547.992188,194574.437500,170026.437500
ml,p95,650,2026-08-03,2050.836182,10.000000,2008.597290,50.000000,-32.000000,-1.000000,100429.867188,50.214931,-3213755.750000,2078.587402,50.000000,-50.000000,5.000000,-519646.875000,259.823425,-5196468.500000,2080.011963,50.000000,-80.000000,-1.000000,104000.601562,52.000298,-8320047.500000,-16730272.000000,16818870.000000,15024.031250,73573.968750,194595.359375,268169.312500
ml,p95,650,2026-08-04,2043.426147,10.000000,2008.597290,50.000000,-33.000000,-1.000000,100429.867188,50.214931,-3314185.500000,2078.587402,50.000000,-45.000000,5.000000,-519646.875000,259.823425,-4676821.500000,2079.285889,50.000000,-81.000000,-1.000000,103964.296875,51.982147,-8421108.000000,-16412115.000000,16503618.000000,15386.051758,76116.945312,194615.562500,270732.500000
ml,p95,650,2026-08-05,2057.532959,10.000000,2008.597290,50.000000,-28.000000,5.000000,-502149.312500,251.074661,-2812036.250000,2078.587402,50.000000,-46.000000,-1.000000,103929.367188,51.964684,-4780751.000000,2087.426025,50.000000,-82.000000,-1.000000,104371.304688,52.185654,-8558447.000000,-16151234.000000,16209769.000000,15741.276367,42793.722656,194636.234375,237429.953125
ml,p95,650,2026-08-06,2077.183350,10.000000,2008.597290,50.000000,-29.000000,-1.000000,100429.867188,50.214931,-2912466.000000,2078.587402,50.000000,-47.000000,-1.000000,103929.367188,51.964684,-4884680.500000,2101.616699,50.000000,-83.000000,-1.000000,105080.835938,52.540417,-8721709.000000,-16518856.000000,16519208.000000,15895.996094,-15543.996094,194636.234375,179092.234375
ml,p95,650,2026-08-07,2066.047852,10.000000,2008.597290,50.000000,-30.000000,-1.000000,100429.867188,50.214931,-3012896.000000,2078.587402,50.000000,-48.000000,-1.000000,103929.367188,51.964684,-4988610.000000,2094.926270,50.000000,-84.000000,-1.000000,104746.312500,52.373154,-8798691.000000,-16800196.000000,16828314.000000,16050.548828,12067.451172,194636.234375,206703.687500
ml,p95,650,2026-08-08,2060.686768,10.000000,2008.597290,50.000000,-30.000000,0.000000,-0.000000,0.000000,-3012896.000000,2078.587402,50.000000,-48.000000,0.000000,-0.000000,0.000000,-4988610.000000,2078.510254,50.000000,-84.000000,0.000000,-0.000000,0.000000,-8729743.000000,-16731249.000000,16828314.000000,16050.548828,81014.453125,194636.234375,275650.687500
ml,p95,650,2026-08-09,2021.097168,10.000000,2008.597290,50.000000,-30.000000,0.000000,-0.000000,0.000000,-3012896.000000,2078.587402,50.000000,-48.000000,0.000000,-0.000000,0.000000,-4988610.000000,2026.105347,50.000000,-84.000000,0.000000,-0.000000,0.000000,-8509642.000000,-16511148.000000,16828314.000000,16050.548828,301115.437500,194636.234375,495751.687500
ml,p95,650,2026-08-10,2007.208618,10.000000,2008.597290,50.000000,-31.000000,-1.000000,100429.867188,50.214931,-3113325.750000,2078.587402,50.000000,-49.000000,-1.000000,103929.367188,51.964684,-5092539.000000,2009.649292,50.000000,-85.000000,-1.000000,100482.460938,50.241230,-8541009.000000,-16746874.000000,17133156.000000,16202.970703,370079.031250,194636.234375,564715.250000
ml,p95,650,2026-08-11,1995.173706,10.000000,2008.597290,50.000000,-32.000000,-1.000000,100429.867188,50.214931,-3213755.750000,2078.587402,50.000000,-44.000000,5.000000,-519646.875000,259.823425,-4572892.000000,2010.328491,50.000000,-86.000000,-1.000000,100516.421875,50.258213,-8644412.000000,-16431060.000000,16814456.000000,16563.265625,366832.750000,194636.234375,561469.000000
ml,p95,650,2026-08-12,1974.481079,10.000000,2008.597290,50.000000,-27.000000,5.000000,-502149.312500,251.074661,-2711606.250000,2078.587402,50.000000,-45.000000,-1.000000,103929.367188,51.964684,-4676821.500000,1977.723267,50.000000,-87.000000,-1.000000,98886.164062,49.443081,-8603096.000000,-15991524.000000,16515121.000000,16915.750000,506681.250000,194636.234375,701317.500000
ml,p95,650,2026-08-13,1968.023315,10.000000,2008.597290,50.000000,-28.000000,-1.000000,100429.867188,50.214931,-2812036.250000,2078.587402,50.000000,-46.000000,-1.000000,103929.367188,51.964684,-4780751.000000,1971.682983,50.000000,-88.000000,-1.000000,98584.148438,49.292072,-8675405.000000,-16268192.000000,16818064.000000,17067.220703,532804.750000,194636.234375,727441.000000
ml,p95,650,2026-08-14,1984.782349,10.000000,2008.597290,50.000000,-29.000000,-1.000000,100429.867188,50.214931,-2912466.000000,2078.587402,50.000000,-47.000000,-1.000000,103929.367188,51.964684,-4884680.500000,1984.096069,50.000000,-89.000000,-1.000000,99204.804688,49.602402,-8829227.000000,-16626374.000000,17121628.000000,17219.001953,478035.000000,194636.234375,672671.250000
ml,p95,650,2026-08-15,1985.602173,10.000000,2008.597290,50.000000,-29.000000,0.000000,-0.000000,0.000000,-2912466.000000,2078.587402,50.000000,-47.000000,0.000000,-0.000000,0.000000,-4884680.500000,2001.357178,50.000000,-89.000000,0.000000,-0.000000,0.000000,-8906039.000000,-16703186.000000,17121628.000000,17219.001953,401223.000000,194636.234375,595859.250000
ml,p95,650,2026-08-16,1975.375610,10.000000,2008.597290,50.000000,-29.000000,0.000000,-0.000000,0.000000,-2912466.000000,2078.587402,50.000000,-47.000000,0.000000,-0.000000,0.000000,-4884680.500000,1978.567383,50.000000,-89.000000,0.000000,-0.000000,0.000000,-8804625.000000,-16601772.000000,17121628.000000,17219.001953,502637.000000,194636.234375,697273.250000
ml,p95,650,2026-08-17,1985.072021,10.000000,2008.597290,50.000000,-30.000000,-1.000000,100429.867188,50.214931,-3012896.000000,2078.587402,50.000000,-48.000000,-1.000000,103929.367188,51.964684,-4988610.000000,1992.888916,50.000000,-90.000000,-1.000000,99644.445312,49.822220,-8968000.000000,-16969506.000000,17425632.000000,17371.003906,438755.000000,194636.234375,633391.250000
ml,p95,650,2026-08-18,1987.001099,10.000000,2008.597290,50.000000,-31.000000,-1.000000,100429.867188,50.214931,-3113325.750000,2078.587402,50.000000,-43.000000,5.000000,-519646.875000,259.823425,-4468963.000000,1993.064697,50.000000,-91.000000,-1.000000,99653.234375,49.826618,-9068445.000000,-16650734.000000,17106068.000000,17730.869141,437603.125000,194636.234375,632239.375000
ml,p95,650,2026-08-19,1981.314941,10.000000,2008.597290,50.000000,-32.000000,-1.000000,100429.867188,50.214931,-3213755.750000,2078.587402,50.000000,-44.000000,-1.000000,103929.367188,51.964684,-4572892.000000,1992.262451,50.000000,-92.000000,-1.000000,99613.125000,49.806561,-9164407.000000,-16951056.000000,17410040.000000,17882.855469,441101.156250,194636.234375,635737.375000
ml,p95,650,2026-08-20,1966.216919,10.000000,2008.597290,50.000000,-27.000000,5.000000,-502149.312500,251.074661,-2711606.250000,2078.587402,50.000000,-45.000000,-1.000000,103929.367188,51.964684,-4676821.500000,1969.808350,50.000000,-93.000000,-1.000000,98490.414062,49.245205,-9159609.000000,-16548037.000000,17110312.000000,18235.140625,544039.875000,194636.234375,738676.125000
ml,p95,650,2026-08-21,1981.192017,10.000000,2008.597290,50.000000,-28.000000,-1.000000,100429.867188,50.214931,-2812036.250000,2078.587402,50.000000,-46.000000,-1.000000,103929.367188,51.964684,-4780751.000000,1994.593018,50.000000,-94.000000,-1.000000,99729.648438,49.864822,-9374588.000000,-16967376.000000,17414400.000000,18387.183594,428636.812500,194636.234375,623273.062500
ml,p95,650,2026-08-22,1954.058838,10.000000,2008.597290,50.000000,-28.000000,0.000000,-0.000000,0.000000,-2812036.250000,2078.587402,50.000000,-46.000000,0.000000,-0.000000,0.000000,-4780751.000000,1965.781494,50.000000,-94.000000,0.000000,-0.000000,0.000000,-9239173.000000,-16831960.000000,17414400.000000,18387.183594,564052.812500,194636.234375,758689.062500
ml,p95,650,2026-08-23,1959.542358,10.000000,2008.597290,50.000000,-28.000000,0.000000,-0.000000,0.000000,-2812036.250000,2078.587402,50.000000,-46.000000,0.000000,-0.000000,0.000000,-4780751.000000,1987.439575,50.000000,-94.000000,0.000000,-0.000000,0.000000,-9340966.000000,-16933752.000000,17414400.000000,18387.183594,462260.812500,194636.234375,656897.062500
ml,p95,650,2026-08-24,1944.630493,10.000000,2008.597290,50.000000,-23.000000,5.000000,-502149.312500,251.074661,-2309887.000000,2078.587402,50.000000,-41.000000,5.000000,-519646.875000,259.823425,-4261104.500000,1957.156494,50.000000,-95.000000,-1.000000,97857.828125,48.928913,-9296493.000000,-15867484.000000,16490462.000000,18947.011719,604031.000000,194636.234375,798667.250000
ml,p95,650,2026-08-25,1919.201904,10.000000,2008.597290,50.000000,-24.000000,-1.000000,100429.867188,50.214931,-2410316.750000,2078.587402,50.000000,-36.000000,5.000000,-519646.875000,259.823425,-3741457.500000,1920.536743,50.000000,-90.000000,5.000000,-480134.187500,240.067078,-8642416.000000,-14794190.000000,15591111.000000,19497.117188,777423.875000,194636.234375,972060.125000
ml,p95,650,2026-08-26,1924.243774,10.000000,2008.597290,50.000000,-19.000000,5.000000,-502149.312500,251.074661,-1908167.375000,2078.587402,50.000000,-31.000000,5.000000,-519646.875000,259.823425,-3221810.500000,1939.904907,50.000000,-85.000000,5.000000,-484976.218750,242.488098,-8244596.000000,-13374574.000000,14084338.000000,20250.503906,689513.500000,194636.234375,884149.750000
ml,p95,650,2026-08-27,1908.113159,10.000000,2008.597290,50.000000,-20.000000,-1.000000,100429.867188,50.214931,-2008597.250000,2078.587402,50.000000,-32.000000,-1.000000,103929.367188,51.964684,-3325739.750000,1909.834351,50.000000,-80.000000,5.000000,-477458.593750,238.729279,-7639337.500000,-12973674.000000,13811240.000000,20591.412109,816974.562500,194636.234375,1011610.812500
ml,p95,650,2026-08-28,1922.234375,10.000000,2008.597290,50.000000,-21.000000,-1.000000,100429.867188,50.214931,-2109027.250000,2078.587402,50.000000,-33.000000,-1.000000,103929.367188,51.964684,-3429669.250000,1919.462891,50.000000,-75.000000,5.000000,-479865.718750,239.932846,-7197986.000000,-12736682.000000,13535732.000000,20933.523438,778116.500000,194636.234375,972752.750000
ml,p95,650,2026-08-29,1909.558594,10.000000,2008.597290,50.000000,-21.000000,0.000000,-0.000000,0.000000,-2109027.250000,2078.587402,50.000000,-33.000000,0.000000,-0.000000,0.000000,-3429669.250000,1920.375122,50.000000,-75.000000,0.000000,-0.000000,0.000000,-7201407.000000,-12740104.000000,13535732.000000,20933.523438,774694.500000,194636.234375,969330.750000
ml,p95,650,2026-08-30,1898.455078,10.000000,2008.597290,50.000000,-21.000000,0.000000,-0.000000,0.000000,-2109027.250000,2078.587402,50.000000,-33.000000,0.000000,-0.000000,0.000000,-3429669.250000,1911.230469,50.000000,-75.000000,0.000000,-0.000000,0.000000,-7167114.000000,-12705810.000000,13535732.000000,20933.523438,808988.500000,194636.234375,1003624.750000
ml,p95,650,2026-08-31,1864.856812,10.000000,2008.597290,50.000000,-22.000000,-1.000000,100429.867188,50.214931,-2209457.000000,2078.587402,50.000000,-34.000000,-1.000000,103929.367188,51.964684,-3533598.500000,1870.603882,50.000000,-76.000000,-1.000000,93530.195312,46.765095,-7108294.500000,-12851350.000000,13833622.000000,21082.468750,961189.500000,194636.234375,1155825.750000
ml,p95,650,2026-09-01,1860.179932,10.000000,2008.597290,50.000000,-23.000000,-1.000000,100429.867188,50.214931,-2309887.000000,2078.587402,50.000000,-35.000000,-1.000000,103929.367188,51.964684,-3637528.000000,1858.515747,50.000000,-77.000000,-1.000000,92925.789062,46.462894,-7155286.000000,-13102701.000000,14130907.000000,21231.111328,1006974.875000,194636.234375,1201611.125000
ml,p95,650,2026-09-02,1846.672363,10.000000,2008.597290,50.000000,-18.000000,5.000000,-502149.312500,251.074661,-1807737.500000,2078.587402,50.000000,-30.000000,5.000000,-519646.875000,259.823425,-3117881.000000,1852.798950,50.000000,-72.000000,5.000000,-463199.750000,231.599854,-6670076.500000,-11595695.000000,12645912.000000,21973.609375,1028243.375000,194636.234375,1222879.625000
ml,p95,650,2026-09-03,1845.755859,10.000000,2008.597290,50.000000,-19.000000,-1.000000,100429.867188,50.214931,-1908167.375000,2078.587402,50.000000,-31.000000,-1.000000,103929.367188,51.964684,-3221810.500000,1845.828003,50.000000,-73.000000,-1.000000,92291.398438,46.145699,-6737272.000000,-11867250.000000,12942562.000000,22121.935547,1053190.125000,194636.234375,1247826.375000
ml,p95,650,2026-09-04,1862.800293,10.000000,2008.597290,50.000000,-20.000000,-1.000000,100429.867188,50.214931,-2008597.250000,2078.587402,50.000000,-32.000000,-1.000000,103929.367188,51.964684,-3325739.750000,1869.989380,50.000000,-74.000000,-1.000000,93499.468750,46.749733,-6918961.000000,-12253298.000000,13240421.000000,22270.863281,964852.125000,194636.234375,1159488.375000
ml,p95,650,2026-09-05,1858.147217,10.000000,2008.597290,50.000000,-20.000000,0.000000,-0.000000,0.000000,-2008597.250000,2078.587402,50.000000,-32.000000,0.000000,-0.000000,0.000000,-3325739.750000,1851.305420,50.000000,-74.000000,0.000000,-0.000000,0.000000,-6849829.500000,-12184166.000000,13240421.000000,22270.863281,1033984.125000,194636.234375,1228620.375000
ml,p95,650,2026-09-06,1845.932007,10.000000,2008.597290,50.000000,-20.000000,0.000000,-0.000000,0.000000,-2008597.250000,2078.587402,50.000000,-32.000000,0.000000,-0.000000,0.000000,-3325739.750000,1852.862061,50.000000,-74.000000,0.000000,-0.000000,0.000000,-6855590.000000,-12189927.000000,13240421.000000,22270.863281,1028223.125000,194636.234375,1222859.375000
ml,p95,650,2026-09-07,1833.487427,10.000000,2008.597290,50.000000,-20.000000,0.000000,-0.000000,0.000000,-2008597.250000,2078.587402,50.000000,-32.000000,0.000000,-0.000000,0.000000,-3325739.750000,1843.982422,50.000000,-74.000000,0.000000,-0.000000,0.000000,-6822735.000000,-12157072.000000,13240421.000000,22270.863281,1061078.125000,194636.234375,1255714.375000
ml,p95,650,2026-09-08,1816.942627,10.000000,2008.597290,50.000000,-21.000000,-1.000000,100429.867188,50.214931,-2109027.250000,2078.587402,50.000000,-33.000000,-1.000000,103929.367188,51.964684,-3429669.250000,1808.961548,50.000000,-75.000000,-1.000000,90448.078125,45.224037,-6783605.500000,-12322302.000000,13535228.000000,22418.267578,1190507.750000,194636.234375,1385144.000000
ml,p95,650,2026-09-09,1828.621704,10.000000,2008.597290,50.000000,-22.000000,-1.000000,100429.867188,50.214931,-2209457.000000,2078.587402,50.000000,-34.000000,-1.000000,103929.367188,51.964684,-3533598.500000,1835.231445,50.000000,-76.000000,-1.000000,91761.570312,45.880783,-6973879.500000,-12716935.000000,13831349.000000,22566.328125,1091847.625000,194636.234375,1286483.875000
ml,p95,650,2026-09-10,1810.395874,10.000000,2008.597290,50.000000,-23.000000,-1.000000,100429.867188,50.214931,-2309887.000000,2078.587402,50.000000,-29.000000,5.000000,-519646.875000,259.823425,-3013951.750000,1821.571899,50.000000,-71.000000,5.000000,-455392.968750,227.696472,-6466580.000000,-11790419.000000,12956739.000000,23104.064453,1143215.875000,194636.234375,1337852.125000
ml,p95,650,2026-09-11,1811.400024,10.000000,2008.597290,50.000000,-18.000000,5.000000,-502149.312500,251.074661,-1807737.500000,2078.587402,50.000000,-30.000000,-1.000000,103929.367188,51.964684,-3117881.000000,1802.393799,50.000000,-72.000000,-1.000000,90119.687500,45.059841,-6488617.500000,-11414236.000000,12648638.000000,23452.164062,1210949.875000,194636.234375,1405586.125000
ml,p95,650,2026-09-12,1796.570190,10.000000,2008.597290,50.000000,-18.000000,0.000000,-0.000000,0.000000,-1807737.500000,2078.587402,50.000000,-30.000000,0.000000,-0.000000,0.000000,-3117881.000000,1798.549927,50.000000,-72.000000,0.000000,-0.000000,0.000000,-6474779.500000,-11400398.000000,12648638.000000,23452.164062,1224787.875000,194636.234375,1419424.125000
ml,p95,650,2026-09-13,1812.452393,10.000000,2008.597290,50.000000,-18.000000,0.000000,-0.000000,0.000000,-1807737.500000,2078.587402,50.000000,-30.000000,0.000000,-0.000000,0.000000,-3117881.000000,1819.827148,50.000000,-72.000000,0.000000,-0.000000,0.000000,-6551377.500000,-11476996.000000,12648638.000000,23452.164062,1148189.875000,194636.234375,1342826.125000
ml,p95,650,2026-09-14,1807.719971,10.000000,2008.597290,50.000000,-19.000000,-1.000000,100429.867188,50.214931,-1908167.375000,2078.587402,50.000000,-31.000000,-1.000000,103929.367188,51.964684,-3221810.500000,1847.073364,50.000000,-73.000000,-1.000000,92353.671875,46.176838,-6741818.000000,-11871796.000000,12945352.000000,23600.519531,1049955.500000,194636.234375,1244591.750000
ml,p95,650,2026-09-15,1790.901978,10.000000,2008.597290,50.000000,-20.000000,-1.000000,100429.867188,50.214931,-2008597.250000,2078.587402,50.000000,-32.000000,-1.000000,103929.367188,51.964684,-3325739.750000,1809.542603,50.000000,-74.000000,-1.000000,90477.132812,45.238564,-6695308.000000,-12029645.000000,13240188.000000,23747.935547,1186795.125000,194636.234375,1381431.375000
ml,p95,650,2026-09-16,1789.392822,10.000000,2008.597290,50.000000,-21.000000,-1.000000,100429.867188,50.214931,-2109027.250000,2078.587402,50.000000,-33.000000,-1.000000,103929.367188,51.964684,-3429669.250000,1796.074585,50.000000,-69.000000,5.000000,-449018.656250,224.509308,-6196457.500000,-11735154.000000,12995528.000000,24074.625000,1236299.375000,194636.234375,1430935.625000
ml,p95,650,2026-09-17,1788.873291,10.000000,2008.597290,50.000000,-22.000000,-1.000000,100429.867188,50.214931,-2209457.000000,2078.587402,50.000000,-28.000000,5.000000,-519646.875000,259.823425,-2910022.250000,1810.690796,50.000000,-70.000000,-1.000000,90534.539062,45.267269,-6337418.000000,-11456897.000000,12666846.000000,24429.931641,1185519.125000,194636.234375,1380155.375000
ml,p95,650,2026-09-18,1773.108887,10.000000,2008.597290,50.000000,-17.000000,5.000000,-502149.312500,251.074661,-1707307.625000,2078.587402,50.000000,-29.000000,-1.000000,103929.367188,51.964684,-3013951.750000,1783.438721,50.000000,-71.000000,-1.000000,89171.937500,44.585968,-6331207.500000,-11052467.000000,12357798.000000,24777.556641,1280553.500000,194636.234375,1475189.750000
ml,p95,650,2026-09-19,1774.460571,10.000000,2008.597290,50.000000,-17.000000,0.000000,-0.000000,0.000000,-1707307.625000,2078.587402,50.000000,-29.000000,0.000000,-0.000000,0.000000,-3013951.750000,1784.466553,50.000000,-71.000000,0.000000,-0.000000,0.000000,-6334856.000000,-11056116.000000,12357798.000000,24777.556641,1276904.500000,194636.234375,1471540.750000
ml,p95,650,2026-09-20,1789.035400,10.000000,2008.597290,50.000000,-17.000000,0.000000,-0.000000,0.000000,-1707307.625000,2078.587402,50.000000,-29.000000,0.000000,-0.000000,0.000000,-3013951.750000,1767.147217,50.000000,-71.000000,0.000000,-0.000000,0.000000,-6273372.500000,-10994632.000000,12357798.000000,24777.556641,1338388.500000,194636.234375,1533024.750000
ml,p95,650,2026-09-21,1741.697388,10.000000,2008.597290,50.000000,-18.000000,-1.000000,100429.867188,50.214931,-1807737.500000,2078.587402,50.000000,-30.000000,-1.000000,103929.367188,51.964684,-3117881.000000,1742.076294,50.000000,-72.000000,-1.000000,87103.812500,43.551907,-6271474.500000,-11197093.000000,12649261.000000,24923.289062,1427244.750000,194636.234375,1621881.000000
ml,p95,650,2026-09-22,1732.168579,10.000000,2008.597290,50.000000,-19.000000,-1.000000,100429.867188,50.214931,-1908167.375000,2078.587402,50.000000,-31.000000,-1.000000,103929.367188,51.964684,-3221810.500000,1739.848755,50.000000,-67.000000,5.000000,-434962.218750,217.481079,-5828493.500000,-10958472.000000,12418658.000000,25242.949219,1434943.000000,194636.234375,1629579.250000
ml,p95,650,2026-09-23,1743.503906,10.000000,2008.597290,50.000000,-20.000000,-1.000000,100429.867188,50.214931,-2008597.250000,2078.587402,50.000000,-32.000000,-1.000000,103929.367188,51.964684,-3325739.750000,1763.879028,50.000000,-68.000000,-1.000000,88193.953125,44.096973,-5997188.500000,-11331526.000000,12711212.000000,25389.224609,1354296.750000,194636.234375,1548933.000000
ml,p95,650,2026-09-24,1722.886597,10.000000,2008.597290,50.000000,-21.000000,-1.000000,100429.867188,50.214931,-2109027.250000,2078.587402,50.000000,-27.000000,5.000000,-519646.875000,259.823425,-2806093.000000,1723.114380,50.000000,-69.000000,-1.000000,86155.718750,43.077858,-5944744.500000,-10859864.000000,12378150.000000,25742.341797,1492543.625000,194636.234375,1687179.875000
ml,p95,650,2026-09-25,1750.222656,10.000000,2008.597290,50.000000,-22.000000,-1.000000,100429.867188,50.214931,-2209457.000000,2078.587402,50.000000,-28.000000,-1.000000,103929.367188,51.964684,-2910022.250000,1744.854492,50.000000,-70.000000,-1.000000,87242.726562,43.621361,-6106990.500000,-11226470.000000,12669752.000000,25888.142578,1417393.875000,194636.234375,1612030.125000
ml,p95,650,2026-09-26,1739.493896,10.000000,2008.597290,50.000000,-22.000000,0.000000,-0.000000,0.000000,-2209457.000000,2078.587402,50.000000,-28.000000,0.000000,-0.000000,0.000000,-2910022.250000,1755.525513,50.000000,-70.000000,0.000000,-0.000000,0.000000,-6144339.500000,-11263818.000000,12669752.000000,25888.142578,1380045.875000,194636.234375,1574682.125000
ml,p95,650,2026-09-27,1786.341675,10.000000,2008.597290,50.000000,-22.000000,0.000000,-0.000000,0.000000,-2209457.000000,2078.587402,50.000000,-28.000000,0.000000,-0.000000,0.000000,-2910022.250000,1814.825928,50.000000,-70.000000,0.000000,-0.000000,0.000000,-6351890.500000,-11471370.000000,12669752.000000,25888.142578,1172493.875000,194636.234375,1367130.125000
ml,p95,650,2026-09-28,1788.376099,10.000000,2008.597290,50.000000,-17.000000,5.000000,-502149.312500,251.074661,-1707307.625000,2078.587402,50.000000,-29.000000,-1.000000,103929.367188,51.964684,-3013951.750000,1795.083862,50.000000,-71.000000,-1.000000,89754.195312,44.877094,-6372547.500000,-11093807.000000,12361286.000000,26236.058594,1241243.000000,194636.234375,1435879.250000
ml,p95,650,2026-09-29,1759.117432,10.000000,2008.597290,50.000000,-18.000000,-1.000000,100429.867188,50.214931,-1807737.500000,2078.587402,50.000000,-30.000000,-1.000000,103929.367188,51.964684,-3117881.000000,1769.052979,50.000000,-66.000000,5.000000,-442263.218750,221.131607,-5837875.000000,-10763494.000000,12123382.000000,26559.371094,1333328.625000,194636.234375,1527964.875000
ml,p95,650,2026-09-30,1767.131226,10.000000,2008.597290,50.000000,-19.000000,-1.000000,100429.867188,50.214931,-1908167.375000,2078.587402,50.000000,-31.000000,-1.000000,103929.367188,51.964684,-3221810.500000,1787.139160,50.000000,-67.000000,-1.000000,89356.960938,44.678478,-5986916.000000,-11116894.000000,12417098.000000,26706.228516,1273497.750000,194636.234375,1468134.000000
ml,p95,650,2026-10-01,1745.955566,10.000000,2008.597290,50.000000,-20.000000,-1.000000,100429.867188,50.214931,-2008597.250000,2078.587402,50.000000,-26.000000,5.000000,-519646.875000,259.823425,-2702163.750000,1764.577881,50.000000,-68.000000,-1.000000,88228.890625,44.114441,-5999565.000000,-10710326.000000,12086110.000000,27060.382812,1348723.625000,194636.234375,1543359.875000
ml,p95,650,2026-10-02,1766.340332,10.000000,2008.597290,50.000000,-21.000000,-1.000000,100429.867188,50.214931,-2109027.250000,2078.587402,50.000000,-27.000000,-1.000000,103929.367188,51.964684,-2806093.000000,1771.417480,50.000000,-69.000000,-1.000000,88570.875000,44.285435,-6111390.000000,-11026510.000000,12379040.000000,27206.847656,1325323.125000,194636.234375,1519959.375000
ml,p95,650,2026-10-03,1745.243896,10.000000,2008.597290,50.000000,-21.000000,0.000000,-0.000000,0.000000,-2109027.250000,2078.587402,50.000000,-27.000000,0.000000,-0.000000,0.000000,-2806093.000000,1758.369141,50.000000,-69.000000,0.000000,-0.000000,0.000000,-6066373.500000,-10981494.000000,12379040.000000,27206.847656,1370339.125000,194636.234375,1564975.375000
ml,p95,650,2026-10-04,1742.659424,10.000000,2008.597290,50.000000,-21.000000,0.000000,-0.000000,0.000000,-2109027.250000,2078.587402,50.000000,-27.000000,0.000000,-0.000000,0.000000,-2806093.000000,1737.346558,50.000000,-69.000000,0.000000,-0.000000,0.000000,-5993845.500000,-10908966.000000,12379040.000000,27206.847656,1442867.125000,194636.234375,1637503.375000
ml,p95,650,2026-10-05,1744.095093,10.000000,2008.597290,50.000000,-16.000000,5.000000,-502149.312500,251.074661,-1606877.875000,2078.587402,50.000000,-22.000000,5.000000,-519646.875000,259.823425,-2286446.000000,1753.883057,50.000000,-64.000000,5.000000,-438470.750000,219.235382,-5612426.000000,-9505750.000000,10918773.000000,27936.980469,1385086.000000,194636.234375,1579722.250000
ml,p95,650,2026-10-06,1748.279175,10.000000,2008.597290,50.000000,-17.000000,-1.000000,100429.867188,50.214931,-1707307.625000,2078.587402,50.000000,-23.000000,-1.000000,103929.367188,51.964684,-2390375.500000,1744.465332,50.000000,-59.000000,5.000000,-436116.312500,218.058151,-5146172.500000,-9243856.000000,10687016.000000,28257.216797,1414902.750000,194636.234375,1609539.000000
ml,p95,650,2026-10-07,1748.081665,10.000000,2008.597290,50.000000,-18.000000,-1.000000,100429.867188,50.214931,-1807737.500000,2078.587402,50.000000,-24.000000,-1.000000,103929.367188,51.964684,-2494305.000000,1745.689331,50.000000,-60.000000,-1.000000,87284.468750,43.642235,-5237068.000000,-9539110.000000,10978660.000000,28403.039062,1411147.000000,194636.234375,1605783.250000
ml,p95,650,2026-10-08,1710.172974,10.000000,2008.597290,50.000000,-13.000000,5.000000,-502149.312500,251.074661,-1305588.250000,2078.587402,50.000000,-25.000000,-1.000000,103929.367188,51.964684,-2598234.250000,1719.163940,50.000000,-61.000000,-1.000000,85958.195312,42.979095,-5243450.000000,-9147272.000000,10666398.000000,28749.058594,1490377.000000,194636.234375,1685013.250000
ml,p95,650,2026-10-09,1737.201172,10.000000,2008.597290,50.000000,-14.000000,-1.000000,100429.867188,50.214931,-1406018.125000,2078.587402,50.000000,-20.000000,5.000000,-519646.875000,259.823425,-2078587.500000,1738.491089,50.000000,-56.000000,5.000000,-434622.750000,217.311386,-4867775.000000,-8352380.500000,9812558.000000,29276.408203,1430901.125000,194636.234375,1625537.375000
ml,p95,650,2026-10-10,1737.177124,10.000000,2008.597290,50.000000,-14.000000,0.000000,-0.000000,0.000000,-1406018.125000,2078.587402,50.000000,-20.000000,0.000000,-0.000000,0.000000,-2078587.500000,1722.723267,50.000000,-56.000000,0.000000,-0.000000,0.000000,-4823625.000000,-8308230.500000,9812558.000000,29276.408203,1475051.125000,194636.234375,1669687.375000
ml,p95,650,2026-10-11,1781.367310,10.000000,2008.597290,50.000000,-14.000000,0.000000,-0.000000,0.000000,-1406018.125000,2078.587402,50.000000,-20.000000,0.000000,-0.000000,0.000000,-2078587.500000,1821.733765,50.000000,-56.000000,0.000000,-0.000000,0.000000,-5100854.500000,-8585460.000000,9812558.000000,29276.408203,1197821.625000,194636.234375,1392457.875000
ml,p95,650,2026-10-12,1730.326050,10.000000,2008.597290,50.000000,-14.000000,0.000000,-0.000000,0.000000,-1406018.125000,2078.587402,50.000000,-20.000000,0.000000,-0.000000,0.000000,-2078587.500000,1735.139038,50.000000,-56.000000,0.000000,-0.000000,0.000000,-4858389.500000,-8342995.000000,9812558.000000,29276.408203,1440286.625000,194636.234375,1634922.875000
ml,p95,650,2026-10-13,1733.582397,10.000000,2008.597290,50.000000,-15.000000,-1.000000,100429.867188,50.214931,-1506448.000000,2078.587402,50.000000,-21.000000,-1.000000,103929.367188,51.964684,-2182516.750000,1728.837158,50.000000,-57.000000,-1.000000,86441.859375,43.220932,-4927186.000000,-8616151.000000,10103360.000000,29421.808594,1457787.250000,194636.234375,1652423.500000
ml,p95,650,2026-10-14,1714.830688,10.000000,2008.597290,50.000000,-16.000000,-1.000000,100429.867188,50.214931,-1606877.875000,2078.587402,50.000000,-22.000000,-1.000000,103929.367188,51.964684,-2286446.000000,1748.458130,50.000000,-58.000000,-1.000000,87422.906250,43.711452,-5070528.500000,-8963852.000000,10395142.000000,29567.699219,1401722.250000,194636.234375,1596358.500000
ml,p95,650,2026-10-15,1711.125610,10.000000,2008.597290,50.000000,-17.000000,-1.000000,100429.867188,50.214931,-1707307.625000,2078.587402,50.000000,-23.000000,-1.000000,103929.367188,51.964684,-2390375.500000,1753.847900,50.000000,-53.000000,5.000000,-438461.968750,219.230988,-4647697.000000,-8745380.000000,10161039.000000,29889.109375,1385769.875000,194636.234375,1580406.125000
ml,p95,650,2026-10-16,1726.808960,10.000000,2008.597290,50.000000,-12.000000,5.000000,-502149.312500,251.074661,-1205158.375000,2078.587402,50.000000,-24.000000,-1.000000,103929.367188,51.964684,-2494305.000000,1767.576416,50.000000,-54.000000,-1.000000,88378.820312,44.189407,-4772456.000000,-8471920.000000,9851198.000000,30236.339844,1349041.625000,194636.234375,1543677.875000
ml,p95,650,2026-10-17,1701.714600,10.000000,2008.597290,50.000000,-12.000000,0.000000,-0.000000,0.000000,-1205158.375000,2078.587402,50.000000,-24.000000,0.000000,-0.000000,0.000000,-2494305.000000,1718.673340,50.000000,-54.000000,0.000000,-0.000000,0.000000,-4640418.000000,-8339881.500000,9851198.000000,30236.339844,1481080.125000,194636.234375,1675716.375000
ml,p95,650,2026-10-18,1683.005737,10.000000,2008.597290,50.000000,-12.000000,0.000000,-0.000000,0.000000,-1205158.375000,2078.587402,50.000000,-24.000000,0.000000,-0.000000,0.000000,-2494305.000000,1695.166504,50.000000,-54.000000,0.000000,-0.000000,0.000000,-4576949.500000,-8276413.000000,9851198.000000,30236.339844,1544548.625000,194636.234375,1739184.875000
ml,p95,650,2026-10-19,1724.157227,10.000000,2008.597290,50.000000,-13.000000,-1.000000,100429.867188,50.214931,-1305588.250000,2078.587402,50.000000,-19.000000,5.000000,-519646.875000,259.823425,-1974658.000000,1745.883911,50.000000,-55.000000,-1.000000,87294.195312,43.647095,-4801181.000000,-8081427.000000,9519275.000000,30590.023438,1407258.000000,194636.234375,1601894.250000
ml,p95,650,2026-10-20,1730.975586,10.000000,2008.597290,50.000000,-14.000000,-1.000000,100429.867188,50.214931,-1406018.125000,2078.587402,50.000000,-20.000000,-1.000000,103929.367188,51.964684,-2078587.500000,1724.781372,50.000000,-56.000000,-1.000000,86239.070312,43.119534,-4829388.000000,-8313993.500000,9809873.000000,30735.324219,1465144.125000,194636.234375,1659780.375000
ml,p95,650,2026-10-21,1720.381226,10.000000,2008.597290,50.000000,-15.000000,-1.000000,100429.867188,50.214931,-1506448.000000,2078.587402,50.000000,-21.000000,-1.000000,103929.367188,51.964684,-2182516.750000,1703.877808,50.000000,-57.000000,-1.000000,85193.890625,42.596943,-4856051.500000,-8545016.000000,10099426.000000,30880.097656,1523529.875000,194636.234375,1718166.125000
ml,p95,650,2026-10-22,1700.481689,10.000000,2008.597290,50.000000,-16.000000,-1.000000,100429.867188,50.214931,-1606877.875000,2078.587402,50.000000,-22.000000,-1.000000,103929.367188,51.964684,-2286446.000000,1684.117554,50.000000,-58.000000,-1.000000,84205.875000,42.102936,-4883941.000000,-8777265.000000,10387992.000000,31024.380859,1579702.625000,194636.234375,1774338.875000
ml,p95,650,2026-10-23,1701.140259,10.000000,2008.597290,50.000000,-17.000000,-1.000000,100429.867188,50.214931,-1707307.625000,2078.587402,50.000000,-23.000000,-1.000000,103929.367188,51.964684,-2390375.500000,1707.058594,50.000000,-53.000000,5.000000,-426764.656250,213.382324,-4523705.500000,-8621388.000000,10165586.000000,31339.943359,1512858.000000,194636.234375,1707494.250000
ml,p95,650,2026-10-24,1700.617920,10.000000,2008.597290,50.000000,-17.000000,0.000000,-0.000000,0.000000,-1707307.625000,2078.587402,50.000000,-23.000000,0.000000,-0.000000,0.000000,-2390375.500000,1699.015137,50.000000,-53.000000,0.000000,-0.000000,0.000000,-4502390.000000,-8600073.000000,10165586.000000,31339.943359,1534173.000000,194636.234375,1728809.250000
ml,p95,650,2026-10-25,1648.103516,10.000000,2008.597290,50.000000,-17.000000,0.000000,-0.000000,0.000000,-1707307.625000,2078.587402,50.000000,-23.000000,0.000000,-0.000000,0.000000,-2390375.500000,1613.939331,50.000000,-53.000000,0.000000,-0.000000,0.000000,-4276939.000000,-8374622.000000,10165586.000000,31339.943359,1759624.000000,194636.234375,1954260.250000
ml,p95,650,2026-10-26,1633.800903,10.000000,2008.597290,50.000000,-12.000000,5.000000,-502149.312500,251.074661,-1205158.375000,2078.587402,50.000000,-18.000000,5.000000,-519646.875000,259.823425,-1870728.750000,1638.922729,50.000000,-48.000000,5.000000,-409730.656250,204.865326,-3933414.500000,-7009301.500000,8734059.000000,32055.707031,1692701.750000,194636.234375,1887338.000000
ml,p95,650,2026-10-27,1649.917603,10.000000,2008.597290,50.000000,-13.000000,-1.000000,100429.867188,50.214931,-1305588.250000,2078.587402,50.000000,-13.000000,5.000000,-519646.875000,259.823425,-1351081.875000,1689.150879,50.000000,-43.000000,5.000000,-422287.687500,211.143875,-3631674.250000,-6288344.000000,7892554.500000,32576.890625,1571633.625000,194636.234375,1766269.875000
ml,p95,650,2026-10-28,1672.664185,10.000000,2008.597290,50.000000,-8.000000,5.000000,-502149.312500,251.074661,-803438.937500,2078.587402,50.000000,-14.000000,-1.000000,103929.367188,51.964684,-1455011.125000,1696.555176,50.000000,-38.000000,5.000000,-424138.781250,212.069382,-3223455.000000,-5481905.000000,7070196.000000,33092.000000,1555199.000000,194636.234375,1749835.250000
ml,p95,650,2026-10-29,1665.281494,10.000000,2008.597290,50.000000,0.000000,8.000000,-803438.937500,401.719452,0.000000,2078.587402,50.000000,0.000000,14.000000,-1455011.125000,727.505554,0.000000,1678.536133,50.000000,0.000000,38.000000,-3189218.750000,1594.609253,0.000000,0.000000,1622527.125000,35815.835938,1586711.250000,194636.234375,1781347.500000
ml,p95,650,2026-10-30,1677.724609,10.000000,2008.597290,50.000000,0.000000,0.000000,-0.000000,0.000000,0.000000,2078.587402,50.000000,0.000000,0.000000,-0.000000,0.000000,0.000000,1678.536133,50.000000,0.000000,0.000000,-0.000000,0.000000,0.000000,0.000000,1622527.125000,35815.835938,1586711.250000,194636.234375,1781347.500000
ml,best,659,2026-04-10,2055.000244,10.000000,2026.171509,50.000000,-1.000000,-1.000000,101308.578125,50.654285,-101308.578125,2047.068848,50.000000,-1.000000,-1.000000,102353.445312,51.176720,-102353.445312,2070.749756,50.000000,-1.000000,-1.000000,103537.484375,51.768742,-103537.484375,-307199.500000,307199.500000,153.599747,-153.599747,4854.181641,4700.582031
ml,best,659,2026-04-11,2059.706299,10.000000,2054.419434,50.000000,-1.000000,0.000000,-0.000000,0.000000,-102720.968750,2077.562012,50.000000,-1.000000,0.000000,-0.000000,0.000000,-103878.101562,2103.465088,50.000000,-1.000000,0.000000,-0.000000,0.000000,-105173.257812,-311772.312500,307199.500000,153.599747,-4726.412109,22354.255859,17627.843750
ml,best,659,2026-04-12,2037.490967,10.000000,2035.968506,50.000000,-1.000000,0.000000,-0.000000,0.000000,-101798.421875,2058.373291,50.000000,-1.000000,0.000000,-0.000000,0.000000,-102918.664062,2084.422363,50.000000,-1.000000,0.000000,-0.000000,0.000000,-104221.117188,-308938.218750,307199.500000,153.599747,-1892.318481,-31663.804688,-33556.125000
ml,best,659,2026-04-13,2025.056274,10.000000,2032.037720,50.000000,-2.000000,-1.000000,101601.882812,50.800938,-203203.765625,2058.166016,50.000000,-2.000000,-1.000000,102908.296875,51.454147,-205816.593750,2086.468506,50.000000,-2.000000,-1.000000,104323.421875,52.161713,-208646.843750,-617667.250000,616033.125000,308.016541,-1942.141602,-56937.515625,-58879.656250
ml,best,659,2026-04-14,2049.370605,10.000000,2040.661987,50.000000,-3.000000,-1.000000,102033.101562,51.016548,-306099.281250,2066.214355,50.000000,-3.000000,-1.000000,103310.718750,51.655357,-309932.156250,2093.793701,50.000000,-3.000000,-1.000000,104689.687500,52.344841,-314069.031250,-930100.500000,926066.625000,463.033295,-4496.908203,14266.477539,9769.569336
ml,best,659,2026-04-15,2068.022217,10.000000,2068.020264,50.000000,-4.000000,-1.000000,103401.015625,51.700504,-413604.062500,2094.629150,50.000000,-4.000000,-1.000000,104731.460938,52.365730,-418925.843750,2122.278076,50.000000,-4.000000,-1.000000,106113.906250,53.056950,-424455.625000,-1256985.500000,1240313.000000,620.156494,-17292.656250,61885.878906,44593.222656
ml,best,659,2026-04-16,2061.705078,10.000000,2045.219116,50.000000,-5.000000,-1.000000,102260.953125,51.130474,-511304.781250,2070.841309,50.000000,-5.000000,-1.000000,103542.062500,51.771030,-517710.343750,2097.159668,50.000000,-5.000000,-1.000000,104857.984375,52.428993,-524289.937500,-1553305.000000,1550974.000000,775.486938,-3106.486816,51921.550781,48815.062500
ml,best,659,2026-04-17,2060.324951,10.000000,2064.069580,50.000000,-6.000000,-1.000000,103203.476562,51.601738,-619220.875000,2088.640137,50.000000,-6.000000,-1.000000,104432.007812,52.216003,-626592.062500,2114.688477,50.000000,-6.000000,-1.000000,105734.421875,52.867210,-634406.562500,-1880219.500000,1864343.875000,932.171875,-16807.796875,45986.472656,29178.675781
ml,best,659,2026-04-18,2034.276733,10.000000,2036.796631,50.000000,-6.000000,0.000000,-0.000000,0.000000,-611038.937500,2060.381104,50.000000,-6.000000,0.000000,-0.000000,0.000000,-618114.375000,2085.471680,50.000000,-6.000000,0.000000,-0.000000,0.000000,-625641.500000,-1854794.750000,1864343.875000,932.171875,8616.953125,-15464.540039,-6847.586914
ml,best,659,2026-04-19,2048.155273,10.000000,2049.380371,50.000000,-6.000000,0.000000,-0.000000,0.000000,-614814.125000,2074.786133,50.000000,-6.000000,0.000000,-0.000000,0.000000,-622435.812500,2100.118408,50.000000,-6.000000,0.000000,-0.000000,0.000000,-630035.562500,-1867285.500000,1864343.875000,932.171875,-3873.796875,12142.472656,8268.675781
ml,best,659,2026-04-20,2047.846802,10.000000,2063.349854,50.000000,-7.000000,-1.000000,103167.492188,51.583744,-722172.437500,2092.588379,50.000000,-7.000000,-1.000000,104629.421875,52.314713,-732405.937500,2121.052246,50.000000,-7.000000,-1.000000,106052.609375,53.026306,-742368.250000,-2196946.500000,2178193.500000,1089.096680,-19842.097656,17465.576172,-2376.521484
ml,best,659,2026-04-21,2084.519043,10.000000,2088.826904,50.000000,-8.000000,-1.000000,104441.343750,52.220669,-835530.750000,2117.886475,50.000000,-8.000000,-1.000000,105894.320312,52.947163,-847154.562500,2146.798828,50.000000,-8.000000,-1.000000,107339.937500,53.669968,-858719.500000,-2541404.750000,2495869.000000,1247.934448,-46783.683594,110123.710938,63340.027344
ml,best,659,2026-04-22,2097.002930,10.000000,2121.040039,50.000000,-9.000000,-1.000000,106052.000000,53.025997,-954468.000000,2149.760498,50.000000,-9.000000,-1.000000,107488.023438,53.744011,-967392.187500,2178.606201,50.000000,-9.000000,-1.000000,108930.312500,54.465157,-980372.750000,-2902233.000000,2818339.500000,1409.169678,-85302.671875,148063.328125,62760.656250
ml,best,659,2026-04-23,2131.322266,10.000000,2136.885986,50.000000,-10.000000,-1.000000,106844.296875,53.422150,-1068443.000000,2163.896240,50.000000,-10.000000,-1.000000,108194.812500,54.097404,-1081948.125000,2190.656494,50.000000,-10.000000,-1.000000,109532.828125,54.766411,-1095328.250000,-3245719.250000,3142911.500000,1571.455688,-104379.203125,237978.046875,133598.843750
ml,best,659,2026-04-24,2114.842041,10.000000,2113.552002,50.000000,-11.000000,-1.000000,105677.601562,52.838799,-1162453.625000,2138.440430,50.000000,-11.000000,-1.000000,106922.023438,53.461010,-1176142.250000,2164.001953,50.000000,-11.000000,-1.000000,108200.093750,54.100048,-1190201.125000,-3528797.000000,3463711.250000,1731.855469,-66817.609375,203961.375000,137143.765625
ml,best,659,2026-04-25,2122.667969,10.000000,2120.580811,50.000000,-11.000000,0.000000,-0.000000,0.000000,-1166319.375000,2145.694580,50.000000,-11.000000,0.000000,-0.000000,0.000000,-1180132.000000,2170.470947,50.000000,-11.000000,0.000000,-0.000000,0.000000,-1193759.000000,-3540210.500000,3463711.250000,1731.855469,-78231.109375,230154.703125,151923.593750
ml,best,659,2026-04-26,2115.971680,10.000000,2134.654785,50.000000,-11.000000,0.000000,-0.000000,0.000000,-1174060.125000,2159.332764,50.000000,-11.000000,0.000000,-0.000000,0.000000,-1187633.000000,2184.557373,50.000000,-11.000000,0.000000,-0.000000,0.000000,-1201506.500000,-3563199.500000,3463711.250000,1731.855469,-101220.109375,208241.515625,107021.406250
ml,best,659,2026-04-27,2133.617188,10.000000,2144.461182,50.000000,-12.000000,-1.000000,107223.062500,53.611530,-1286676.750000,2169.194824,50.000000,-12.000000,-1.000000,108459.742188,54.229866,-1301516.875000,2193.407715,50.000000,-12.000000,-1.000000,109670.382812,54.835194,-1316044.625000,-3904238.000000,3789064.000000,1894.531982,-117068.531250,256879.359375,139810.828125
ml,best,659,2026-04-28,2147.954346,10.000000,2144.971191,50.000000,-13.000000,-1.000000,107248.562500,53.624279,-1394231.250000,2169.758057,50.000000,-13.000000,-1.000000,108487.906250,54.243950,-1410342.750000,2194.672363,50.000000,-13.000000,-1.000000,109733.617188,54.866806,-1426537.000000,-4231111.000000,4114534.250000,2057.267090,-118634.015625,287795.718750,169161.703125
ml,best,659,2026-04-29,2151.558594,10.000000,2156.409668,50.000000,-14.000000,-1.000000,107820.484375,53.910244,-1509486.750000,2181.182373,50.000000,-14.000000,-1.000000,109059.117188,54.529556,-1526827.625000,2206.344971,50.000000,-14.000000,-1.000000,110317.250000,55.158623,-1544441.500000,-4580756.000000,4441731.000000,2220.865723,-141245.859375,304940.468750,163694.609375
ml,best,659,2026-04-30,2186.073486,10.000000,2156.409668,50.000000,-15.000000,-1.000000,107820.484375,53.910244,-1617307.250000,2225.046875,50.000000,-15.000000,-1.000000,111252.343750,55.626175,-1668785.125000,2251.419678,50.000000,-15.000000,-1.000000,112570.984375,56.285492,-1688564.875000,-4974657.500000,4773375.000000,2386.687500,-203669.187500,397242.000000,193572.812500
ml,best,659,2026-05-01,2179.062012,10.000000,2156.409668,50.000000,-16.000000,-1.000000,107820.484375,53.910244,-1725127.750000,2237.306152,50.000000,-16.000000,-1.000000,111865.304688,55.932648,-1789844.875000,2264.153564,50.000000,-16.000000,-1.000000,113207.679688,56.603836,-1811322.875000,-5326295.500000,5106268.500000,2553.134277,-222580.140625,378299.187500,155719.046875
ml,best,659,2026-05-02,2169.705811,10.000000,2156.409668,50.000000,-16.000000,0.000000,-0.000000,0.000000,-1725127.750000,2193.100586,50.000000,-16.000000,0.000000,-0.000000,0.000000,-1754480.500000,2218.275635,50.000000,-16.000000,0.000000,-0.000000,0.000000,-1774620.500000,-5254229.000000,5106268.500000,2553.134277,-150513.640625,355238.875000,204725.234375
ml,best,659,2026-05-03,2181.433350,10.000000,2156.409668,50.000000,-16.000000,0.000000,-0.000000,0.000000,-1725127.750000,2192.465576,50.000000,-16.000000,0.000000,-0.000000,0.000000,-1753972.500000,2216.009277,50.000000,-16.000000,0.000000,-0.000000,0.000000,-1772807.375000,-5251907.500000,5106268.500000,2553.134277,-148192.140625,381912.437500,233720.296875
ml,best,659,2026-05-04,2194.260010,10.000000,2156.409668,50.000000,-17.000000,-1.000000,107820.484375,53.910244,-1832948.250000,2198.913818,50.000000,-17.000000,-1.000000,109945.687500,54.972843,-1869076.750000,2220.740967,50.000000,-17.000000,-1.000000,111037.046875,55.518524,-1887629.875000,-5589655.000000,5435071.500000,2717.535645,-157301.031250,415113.625000,257812.593750
ml,best,659,2026-05-05,2229.220703,10.000000,2156.409668,50.000000,-18.000000,-1.000000,107820.484375,53.910244,-1940768.750000,2246.473389,50.000000,-18.000000,-1.000000,112323.671875,56.161835,-2021826.000000,2270.054443,50.000000,-18.000000,-1.000000,113502.718750,56.751362,-2043049.000000,-6005644.000000,5768718.500000,2884.359375,-239809.859375,502599.031250,262789.187500
ml,best,659,2026-05-06,2243.990479,10.000000,2156.409668,50.000000,-19.000000,-1.000000,107820.484375,53.910244,-2048589.250000,2273.497314,50.000000,-19.000000,-1.000000,113674.867188,56.837429,-2159822.500000,2297.743652,50.000000,-19.000000,-1.000000,114887.179688,57.443584,-2182856.500000,-6391268.500000,6105101.000000,3052.550293,-289220.062500,538590.375000,249370.312500
ml,best,659,2026-05-07,2261.820068,10.000000,2156.409668,50.000000,-20.000000,-1.000000,107820.484375,53.910244,-2156409.750000,2274.232178,50.000000,-20.000000,-1.000000,113711.609375,56.855804,-2274232.250000,2296.907959,50.000000,-20.000000,-1.000000,114845.398438,57.422699,-2296908.000000,-6727550.000000,6441478.500000,3220.739258,-289292.250000,578311.375000,289019.125000
ml,best,659,2026-05-08,2246.867432,10.000000,2156.409668,50.000000,-21.000000,-1.000000,107820.484375,53.910244,-2264230.000000,2252.081787,50.000000,-21.000000,-1.000000,112604.085938,56.302044,-2364686.000000,2273.855469,50.000000,-21.000000,-1.000000,113692.773438,56.846386,-2387548.250000,-7016464.000000,6775596.000000,3387.797852,-244255.796875,537862.500000,293606.687500
ml,best,659,2026-05-09,2228.947510,10.000000,2156.409668,50.000000,-21.000000,0.000000,-0.000000,0.000000,-2264230.000000,2250.686768,50.000000,-21.000000,0.000000,-0.000000,0.000000,-2363221.000000,2272.846436,50.000000,-21.000000,0.000000,-0.000000,0.000000,-2386488.750000,-7013940.000000,6775596.000000,3387.797852,-241731.796875,491298.687500,249566.890625
ml,best,659,2026-05-10,2222.808594,10.000000,2156.409668,50.000000,-21.000000,0.000000,-0.000000,0.000000,-2264230.000000,2244.603271,50.000000,-21.000000,0.000000,-0.000000,0.000000,-2356833.500000,2267.741943,50.000000,-21.000000,0.000000,-0.000000,0.000000,-2381129.000000,-7002192.500000,6775596.000000,3387.797852,-229984.296875,470975.593750,240991.296875
ml,best,659,2026-05-11,2218.285156,10.000000,2156.409668,50.000000,-22.000000,-1.000000,107820.484375,53.910244,-2372050.500000,2265.193115,50.000000,-22.000000,-1.000000,113259.656250,56.629822,-2491712.500000,2289.191406,50.000000,-22.000000,-1.000000,114459.570312,57.229786,-2518110.500000,-7381873.500000,7111135.000000,3555.567871,-274294.062500,454490.281250,180196.218750
ml,best,659,2026-05-12,2227.283691,10.000000,2156.409668,50.000000,-23.000000,-1.000000,107820.484375,53.910244,-2479871.000000,2252.619873,50.000000,-23.000000,-1.000000,112630.992188,56.315491,-2590513.000000,2285.857178,50.000000,-23.000000,-1.000000,114292.859375,57.146431,-2628735.750000,-7699120.000000,7445880.000000,3722.939941,-256962.937500,473010.343750,216047.406250
ml,best,659,2026-05-13,2220.846436,10.000000,2156.409668,50.000000,-24.000000,-1.000000,107820.484375,53.910244,-2587691.500000,2229.017090,50.000000,-24.000000,-1.000000,111450.851562,55.725422,-2674820.500000,2259.445801,50.000000,-24.000000,-1.000000,112972.289062,56.486141,-2711335.000000,-7973847.000000,7778123.500000,3889.061768,-199612.562500,457088.218750,257475.656250
ml,best,659,2026-05-14,2214.461670,10.000000,2156.409668,50.000000,-25.000000,-1.000000,107820.484375,53.910244,-2695512.000000,2235.805908,50.000000,-25.000000,-1.000000,111790.296875,55.895149,-2794757.500000,2266.276123,50.000000,-25.000000,-1.000000,113313.804688,56.656898,-2832845.000000,-8323114.500000,8111048.000000,4055.523926,-216122.031250,443246.187500,227124.156250
ml,best,659,2026-05-15,2241.158936,10.000000,2156.409668,50.000000,-26.000000,-1.000000,107820.484375,53.910244,-2803332.500000,2265.886230,50.000000,-26.000000,-1.000000,113294.312500,56.647156,-2945652.250000,2295.956543,50.000000,-26.000000,-1.000000,114797.828125,57.398911,-2984743.500000,-8733728.000000,8446961.000000,4223.480469,-290990.468750,510257.937500,219267.468750
ml,best,659,2026-05-16,2231.498535,10.000000,2156.409668,50.000000,-26.000000,0.000000,-0.000000,0.000000,-2803332.500000,2239.036865,50.000000,-26.000000,0.000000,-0.000000,0.000000,-2910747.750000,2269.038574,50.000000,-26.000000,0.000000,-0.000000,0.000000,-2949750.250000,-8663830.000000,8446961.000000,4223.480469,-221092.484375,484574.812500,263482.312500
ml,best,659,2026-05-17,2258.707520,10.000000,2156.409668,50.000000,-26.000000,0.000000,-0.000000,0.000000,-2803332.500000,2285.352051,50.000000,-26.000000,0.000000,-0.000000,0.000000,-2970957.500000,2319.559570,50.000000,-26.000000,0.000000,-0.000000,0.000000,-3015427.250000,-8789717.000000,8446961.000000,4223.480469,-346979.468750,550235.937500,203256.468750
ml,best,659,2026-05-18,2253.025635,10.000000,2156.409668,50.000000,-27.000000,-1.000000,107820.484375,53.910244,-2911153.000000,2280.811523,50.000000,-27.000000,-1.000000,114040.578125,57.020287,-3079095.500000,2313.082031,50.000000,-27.000000,-1.000000,115654.101562,57.827049,-3122660.750000,-9112909.000000,8784476.000000,4392.238281,-332825.250000,536749.125000,203923.875000
ml,best,659,2026-05-19,2262.467285,10.000000,2156.409668,50.000000,-28.000000,-1.000000,107820.484375,53.910244,-3018973.500000,2256.409668,50.000000,-28.000000,-1.000000,112820.484375,56.410244,-3158973.500000,2283.141602,50.000000,-28.000000,-1.000000,114157.078125,57.078537,-3196398.250000,-9374345.000000,9119274.000000,4559.636719,-259630.640625,559639.937500,300009.312500
ml,best,659,2026-05-20,2271.221680,10.000000,2156.409668,50.000000,-29.000000,-1.000000,107820.484375,53.910244,-3126794.000000,2259.381348,50.000000,-29.000000,-1.000000,112969.070312,56.484535,-3276103.000000,2280.512939,50.000000,-29.000000,-1.000000,114025.648438,57.012825,-3306743.750000,-9709641.000000,9454089.000000,4727.044434,-260279.046875,581420.187500,321141.125000
ml,best,659,2026-05-21,2290.104736,10.000000,2156.409668,50.000000,-30.000000,-1.000000,107820.484375,53.910244,-3234614.500000,2294.501221,50.000000,-30.000000,-1.000000,114725.062500,57.362530,-3441752.000000,2317.455811,50.000000,-30.000000,-1.000000,115872.789062,57.936394,-3476183.500000,-10152550.000000,9792508.000000,4896.253906,-364938.250000,624595.937500,259657.687500
ml,best,659,2026-05-22,2297.910889,10.000000,2156.409668,50.000000,-31.000000,-1.000000,107820.484375,53.910244,-3342435.250000,2317.553467,50.000000,-31.000000,-1.000000,115877.671875,57.938835,-3592207.750000,2341.658447,50.000000,-31.000000,-1.000000,117082.921875,58.541462,-3629570.750000,-10564214.000000,10133288.000000,5066.644043,-435992.656250,645076.937500,209084.281250
ml,best,659,2026-05-23,2281.336426,10.000000,2156.409668,50.000000,-31.000000,0.000000,-0.000000,0.000000,-3342435.250000,2307.652832,50.000000,-31.000000,0.000000,-0.000000,0.000000,-3576861.750000,2333.320068,50.000000,-31.000000,0.000000,-0.000000,0.000000,-3616646.000000,-10535943.000000,10133288.000000,5066.644043,-407721.656250,599901.062500,192179.406250
ml,best,659,2026-05-24,2265.738281,10.000000,2156.409668,50.000000,-31.000000,0.000000,-0.000000,0.000000,-3342435.250000,2286.073242,50.000000,-31.000000,0.000000,-0.000000,0.000000,-3543413.750000,2312.553955,50.000000,-31.000000,0.000000,-0.000000,0.000000,-3584458.500000,-10470308.000000,10133288.000000,5066.644043,-342086.656250,562223.437500,220136.781250
ml,best,659,2026-05-25,2257.293701,10.000000,2156.409668,50.000000,-31.000000,0.000000,-0.000000,0.000000,-3342435.250000,2258.551758,50.000000,-31.000000,0.000000,-0.000000,0.000000,-3500755.000000,2282.841064,50.000000,-31.000000,0.000000,-0.000000,0.000000,-3538403.500000,-10381594.000000,10133288.000000,5066.644043,-253372.640625,539168.625000,285796.000000
ml,best,659,2026-05-26,2267.494873,10.000000,2156.409668,50.000000,-32.000000,-1.000000,107820.484375,53.910244,-3450255.500000,2278.966553,50.000000,-32.000000,-1.000000,113948.328125,56.974159,-3646346.500000,2302.801758,50.000000,-32.000000,-1.000000,115140.085938,57.570042,-3684482.750000,-10781085.000000,10470198.000000,5235.098633,-316122.093750,563537.125000,247415.031250
ml,best,659,2026-05-27,2264.692871,10.000000,2156.409668,50.000000,-33.000000,-1.000000,107820.484375,53.910244,-3558075.750000,2278.691895,50.000000,-33.000000,-1.000000,113934.593750,56.967300,-3759841.750000,2300.464844,50.000000,-33.000000,-1.000000,115023.242188,57.511616,-3795767.250000,-11113685.000000,10806976.000000,5403.487793,-312112.500000,556656.750000,244544.250000
ml,best,659,2026-05-28,2261.807129,10.000000,2156.409668,50.000000,-34.000000,-1.000000,107820.484375,53.910244,-3665896.500000,2280.725342,50.000000,-34.000000,-1.000000,114036.265625,57.018131,-3877233.250000,2299.727295,50.000000,-34.000000,-1.000000,114986.367188,57.493179,-3909536.250000,-11452666.000000,11143819.000000,5571.909180,-314418.906250,547045.375000,232626.468750
ml,best,659,2026-05-29,2298.465332,10.000000,2156.409668,50.000000,-35.000000,-1.000000,107820.484375,53.910244,-3773716.750000,2317.896240,50.000000,-35.000000,-1.000000,115894.812500,57.947403,-4056318.250000,2337.536621,50.000000,-35.000000,-1.000000,116876.828125,58.438412,-4090689.000000,-11920724.000000,11484411.000000,5742.205566,-442055.218750,636516.250000,194461.031250
ml,best,659,2026-05-30,2281.756592,10.000000,2156.409668,50.000000,-35.000000,0.000000,-0.000000,0.000000,-3773716.750000,2280.563232,50.000000,-35.000000,0.000000,-0.000000,0.000000,-3990985.500000,2300.722656,50.000000,-35.000000,0.000000,-0.000000,0.000000,-4026264.750000,-11790967.000000,11484411.000000,5742.205566,-312298.218750,595048.500000,282750.281250
ml,best,659,2026-05-31,2280.850342,10.000000,2156.409668,50.000000,-35.000000,0.000000,-0.000000,0.000000,-3773716.750000,2281.975342,50.000000,-35.000000,0.000000,-0.000000,0.000000,-3993457.000000,2301.158936,50.000000,-35.000000,0.000000,-0.000000,0.000000,-4027028.000000,-11794202.000000,11484411.000000,5742.205566,-315533.218750,594206.812500,278673.593750
ml,best,659,2026-06-01,2260.916504,10.000000,2156.409668,50.000000,-36.000000,-1.000000,107820.484375,53.910244,-3881537.500000,2275.004639,50.000000,-36.000000,-1.000000,113750.234375,56.875118,-4095008.250000,2295.108154,50.000000,-36.000000,-1.000000,114755.406250,57.377697,-4131194.500000,-12107740.000000,11820738.000000,5910.368652,-292912.375000,544503.062500,251590.687500
ml,best,659,2026-06-02,2257.234619,10.000000,2156.409668,50.000000,-37.000000,-1.000000,107820.484375,53.910244,-3989357.750000,2283.747070,50.000000,-37.000000,-1.000000,114187.351562,57.093674,-4224932.000000,2304.330322,50.000000,-37.000000,-1.000000,115216.515625,57.608253,-4263011.000000,-12477301.000000,12157962.000000,6078.980469,-325417.968750,533711.750000,208293.781250
ml,best,659,2026-06-03,2265.125977,10.000000,2156.409668,50.000000,-38.000000,-1.000000,107820.484375,53.910244,-4097178.500000,2288.958252,50.000000,-38.000000,-1.000000,114447.914062,57.223953,-4349020.500000,2306.556641,50.000000,-38.000000,-1.000000,115327.828125,57.663910,-4382458.000000,-12828657.000000,12495558.000000,6247.778320,-339346.781250,554609.187500,215262.406250
ml,best,659,2026-06-04,2254.189453,10.000000,2156.409668,50.000000,-39.000000,-1.000000,107820.484375,53.910244,-4204999.000000,2260.015137,50.000000,-39.000000,-1.000000,113000.757812,56.500381,-4407029.500000,2280.371582,50.000000,-39.000000,-1.000000,114018.578125,57.009285,-4446724.500000,-13058752.000000,12830398.000000,6415.199219,-234769.203125,524955.375000,290186.187500
ml,best,659,2026-06-05,2268.488525,10.000000,2156.409668,50.000000,-40.000000,-1.000000,107820.484375,53.910244,-4312819.500000,2285.567383,50.000000,-40.000000,-1.000000,114278.367188,57.139179,-4571135.000000,2308.595215,50.000000,-40.000000,-1.000000,115429.757812,57.714878,-4617190.500000,-13501144.000000,13167926.000000,6583.962891,-339801.968750,561102.812500,221300.843750
ml,best,659,2026-06-06,2236.811523,10.000000,2156.409668,50.000000,-40.000000,0.000000,-0.000000,0.000000,-4312819.500000,2248.791260,50.000000,-40.000000,0.000000,-0.000000,0.000000,-4497582.500000,2269.430908,50.000000,-40.000000,0.000000,-0.000000,0.000000,-4538861.500000,-13349264.000000,13167926.000000,6583.962891,-187921.968750,480722.218750,292800.250000
ml,best,659,2026-06-07,2218.138184,10.000000,2156.409668,50.000000,-40.000000,0.000000,-0.000000,0.000000,-4312819.500000,2222.199219,50.000000,-40.000000,0.000000,-0.000000,0.000000,-4444398.500000,2245.498535,50.000000,-40.000000,0.000000,-0.000000,0.000000,-4490997.000000,-13248215.000000,13167926.000000,6583.962891,-86872.960938,435160.468750,348287.500000
ml,best,659,2026-06-08,2235.683350,10.000000,2156.409668,50.000000,-41.000000,-1.000000,107820.484375,53.910244,-4420640.000000,2243.920166,50.000000,-41.000000,-1.000000,112196.007812,56.098003,-4600036.500000,2266.939941,50.000000,-41.000000,-1.000000,113347.000000,56.673500,-4647227.000000,-13667903.000000,13501290.000000,6750.645020,-173363.640625,476872.968750,303509.312500
ml,best,659,2026-06-09,2235.913574,10.000000,2156.409668,50.000000,-42.000000,-1.000000,107820.484375,53.910244,-4528460.000000,2241.977295,50.000000,-42.000000,-1.000000,112098.867188,56.049431,-4708152.500000,2266.855713,50.000000,-42.000000,-1.000000,113342.789062,56.671391,-4760397.000000,-13997009.000000,13834552.000000,6917.275879,-169374.281250,479009.375000,309635.093750
ml,best,659,2026-06-10,2267.590088,10.000000,2156.409668,50.000000,-43.000000,-1.000000,107820.484375,53.910244,-4636281.000000,2285.268066,50.000000,-43.000000,-1.000000,114263.406250,57.131699,-4913326.000000,2309.702148,50.000000,-43.000000,-1.000000,115485.109375,57.742554,-4965860.000000,-14515467.000000,14172121.000000,7086.060547,-350432.062500,556006.625000,205574.562500
ml,best,659,2026-06-11,2255.389404,10.000000,2156.409668,50.000000,-38.000000,5.000000,-539102.437500,269.551208,-4097178.500000,2265.229004,50.000000,-44.000000,-1.000000,113261.453125,56.630722,-4983504.000000,2286.843994,50.000000,-44.000000,-1.000000,114342.203125,57.171097,-5031056.500000,-14111738.000000,13860622.000000,7469.413574,-258585.406250,524395.562500,265810.156250
ml,best,659,2026-06-12,2282.458252,10.000000,2156.409668,50.000000,-39.000000,-1.000000,107820.484375,53.910244,-4204999.000000,2293.792236,50.000000,-45.000000,-1.000000,114689.609375,57.344807,-5161032.500000,2315.424561,50.000000,-45.000000,-1.000000,115771.226562,57.885612,-5209705.000000,-14575737.000000,14198904.000000,7638.553711,-384471.562500,590996.062500,206524.500000
ml,best,659,2026-06-13,2265.481445,10.000000,2156.409668,50.000000,-39.000000,0.000000,-0.000000,0.000000,-4204999.000000,2277.810547,50.000000,-45.000000,0.000000,-0.000000,0.000000,-5125074.000000,2303.655518,50.000000,-45.000000,0.000000,-0.000000,0.000000,-5183225.000000,-14513298.000000,14198904.000000,7638.553711,-322032.562500,547243.062500,225210.500000
ml,best,659,2026-06-14,2286.351562,10.000000,2156.409668,50.000000,-39.000000,0.000000,-0.000000,0.000000,-4204999.000000,2304.979980,50.000000,-45.000000,0.000000,-0.000000,0.000000,-5186205.000000,2331.163330,50.000000,-45.000000,0.000000,-0.000000,0.000000,-5245117.500000,-14636322.000000,14198904.000000,7638.553711,-445056.562500,599825.562500,154769.000000
ml,best,659,2026-06-15,2283.841064,10.000000,2156.409668,50.000000,-40.000000,-1.000000,107820.484375,53.910244,-4312819.500000,2284.452393,50.000000,-46.000000,-1.000000,114222.617188,57.111305,-5254240.500000,2313.726074,50.000000,-46.000000,-1.000000,115686.304688,57.843147,-5321570.000000,-14888630.000000,14536633.000000,7807.418945,-359804.406250,593959.750000,234155.343750
ml,best,659,2026-06-16,2269.083740,10.000000,2156.409668,50.000000,-41.000000,-1.000000,107820.484375,53.910244,-4420640.000000,2282.710693,50.000000,-47.000000,-1.000000,114135.531250,57.067760,-5364370.500000,2307.205322,50.000000,-47.000000,-1.000000,115360.265625,57.680130,-5421932.500000,-15206942.000000,14873949.000000,7976.077148,-340969.062500,556209.062500,215240.000000
ml,best,659,2026-06-17,2264.058105,10.000000,2156.409668,50.000000,-42.000000,-1.000000,107820.484375,53.910244,-4528460.000000,2277.132812,50.000000,-48.000000,-1.000000,113856.640625,56.928318,-5465119.000000,2300.913818,50.000000,-48.000000,-1.000000,115045.687500,57.522842,-5522193.000000,-15515772.000000,15210672.000000,8144.437988,-313244.437500,544422.375000,231177.937500
ml,best,659,2026-06-18,2243.836426,10.000000,2156.409668,50.000000,-37.000000,5.000000,-539102.437500,269.551208,-3989357.750000,2247.612793,50.000000,-49.000000,-1.000000,112380.640625,56.190319,-5506651.000000,2274.021484,50.000000,-49.000000,-1.000000,113701.078125,56.850536,-5571352.500000,-15067362.000000,14897651.000000,8527.030273,-178238.031250,491045.500000,312807.468750
ml,best,659,2026-06-19,2236.606689,10.000000,2156.409668,50.000000,-37.000000,0.000000,-0.000000,0.000000,-3989357.750000,2217.120605,50.000000,-49.000000,0.000000,-0.000000,0.000000,-5431945.500000,2241.741943,50.000000,-49.000000,0.000000,-0.000000,0.000000,-5492267.500000,-14913570.000000,14897651.000000,8527.030273,-24446.031250,471778.406250,447332.375000
ml,best,659,2026-06-20,2176.968262,10.000000,2156.409668,50.000000,-37.000000,0.000000,-0.000000,0.000000,-3989357.750000,2159.834717,50.000000,-49.000000,0.000000,-0.000000,0.000000,-5291595.000000,2185.576660,50.000000,-49.000000,0.000000,-0.000000,0.000000,-5354663.000000,-14635616.000000,14897651.000000,8527.030273,253507.968750,322681.125000,576189.125000
ml,best,659,2026-06-21,2161.598389,10.000000,2156.409668,50.000000,-37.000000,0.000000,-0.000000,0.000000,-3989357.750000,2154.078125,50.000000,-49.000000,0.000000,-0.000000,0.000000,-5277491.500000,2182.691650,50.000000,-49.000000,0.000000,-0.000000,0.000000,-5347594.500000,-14614444.000000,14897651.000000,8527.030273,274679.968750,284790.218750,559470.187500
ml,best,659,2026-06-22,2156.006592,10.000000,2156.409668,50.000000,-38.000000,-1.000000,107820.484375,53.910244,-4097178.500000,2157.664307,50.000000,-50.000000,-1.000000,107883.218750,53.941612,-5394161.000000,2186.379883,50.000000,-50.000000,-1.000000,109318.992188,54.659492,-5465949.500000,-14957290.000000,15222674.000000,8689.541992,256694.453125,269970.312500,526664.750000
ml,best,659,2026-06-23,2159.490479,10.000000,2156.409668,50.000000,-39.000000,-1.000000,107820.484375,53.910244,-4204999.000000,2155.845215,50.000000,-51.000000,-1.000000,107792.257812,53.896130,-5497405.500000,2184.994385,50.000000,-51.000000,-1.000000,109249.718750,54.624863,-5571735.500000,-15274140.000000,15547536.000000,8851.972656,264544.031250,276894.281250,541438.312500
ml,best,659,2026-06-24,2152.820801,10.000000,2156.409668,50.000000,-40.000000,-1.000000,107820.484375,53.910244,-4312819.500000,2150.818848,50.000000,-52.000000,-1.000000,107540.945312,53.770473,-5592129.000000,2180.280029,50.000000,-52.000000,-1.000000,109014.000000,54.507000,-5668728.000000,-15573676.000000,15871912.000000,9014.161133,289221.843750,258402.359375,547624.187500
ml,best,659,2026-06-25,2159.407227,10.000000,2156.409668,50.000000,-41.000000,-1.000000,107820.484375,53.910244,-4420640.000000,2173.492188,50.000000,-53.000000,-1.000000,108674.609375,54.337303,-5759754.500000,2202.490723,50.000000,-53.000000,-1.000000,110124.539062,55.062267,-5836600.500000,-16016994.000000,16198532.000000,9177.470703,172360.531250,275456.187500,447816.718750
ml,best,659,2026-06-26,2141.011230,10.000000,2156.409668,50.000000,-42.000000,-1.000000,107820.484375,53.910244,-4528460.000000,2166.319824,50.000000,-54.000000,-1.000000,108315.992188,54.157993,-5849063.500000,2194.027588,50.000000,-54.000000,-1.000000,109701.382812,54.850693,-5923874.500000,-16301398.000000,16524370.000000,9340.389648,213631.609375,229731.828125,443363.437500
ml,best,659,2026-06-27,2094.400635,10.000000,2156.409668,50.000000,-42.000000,0.000000,-0.000000,0.000000,-4528460.000000,2116.557617,50.000000,-54.000000,0.000000,-0.000000,0.000000,-5714705.500000,2139.746582,50.000000,-54.000000,0.000000,-0.000000,0.000000,-5777315.500000,-16020482.000000,16524370.000000,9340.389648,494547.625000,111429.757812,605977.375000
ml,best,659,2026-06-28,2094.555664,10.000000,2156.409668,50.000000,-42.000000,0.000000,-0.000000,0.000000,-4528460.000000,2107.398926,50.000000,-54.000000,0.000000,-0.000000,0.000000,-5689977.000000,2130.702393,50.000000,-54.000000,0.000000,-0.000000,0.000000,-5752896.500000,-15971334.000000,16524370.000000,9340.389648,543695.625000,110333.078125,654028.687500
ml,best,659,2026-06-29,2099.501221,10.000000,2156.409668,50.000000,-43.000000,-1.000000,107820.484375,53.910244,-4636281.000000,2108.613281,50.000000,-55.000000,-1.000000,105430.664062,52.715328,-5798686.500000,2133.888916,50.000000,-55.000000,-1.000000,106694.445312,53.347225,-5868194.500000,-16303162.000000,16844316.000000,9500.362305,531653.625000,122185.781250,653839.375000
ml,best,659,2026-06-30,2123.558838,10.000000,2156.409668,50.000000,-44.000000,-1.000000,107820.484375,53.910244,-4744101.000000,2148.408936,50.000000,-56.000000,-1.000000,107420.445312,53.710224,-6015545.000000,2172.791992,50.000000,-56.000000,-1.000000,108639.601562,54.319798,-6083817.500000,-16843464.000000,17168196.000000,9662.302734,315069.687500,182853.484375,497923.187500
ml,best,659,2026-07-01,2126.987061,10.000000,2156.409668,50.000000,-45.000000,-1.000000,107820.484375,53.910244,-4851922.000000,2153.055908,50.000000,-57.000000,-1.000000,107652.796875,53.826397,-6136209.500000,2176.604248,50.000000,-57.000000,-1.000000,108830.210938,54.415104,-6203322.500000,-17191454.000000,17492500.000000,9824.454102,291221.531250,189920.250000,481141.781250
ml,best,659,2026-07-02,2143.559814,10.000000,2156.409668,50.000000,-40.000000,5.000000,-539102.437500,269.551208,-4312819.500000,2162.945312,50.000000,-58.000000,-1.000000,108147.265625,54.073631,-6272541.500000,2185.013184,50.000000,-58.000000,-1.000000,109250.656250,54.625324,-6336538.500000,-16921900.000000,17170794.000000,10202.704102,238691.296875,228356.734375,467048.031250
ml,best,659,2026-07-03,2157.430908,10.000000,2156.409668,50.000000,-41.000000,-1.000000,107820.484375,53.910244,-4420640.000000,2170.047363,50.000000,-59.000000,-1.000000,108502.367188,54.251179,-6401640.000000,2190.380371,50.000000,-59.000000,-1.000000,109519.015625,54.759506,-6461622.500000,-17283902.000000,17496636.000000,10365.625000,202368.375000,258140.687500,460509.062500
ml,best,659,2026-07-04,2163.688721,10.000000,2156.409668,50.000000,-41.000000,0.000000,-0.000000,0.000000,-4420640.000000,2172.646484,50.000000,-59.000000,0.000000,-0.000000,0.000000,-6409307.000000,2191.800049,50.000000,-59.000000,0.000000,-0.000000,0.000000,-6465810.000000,-17295756.000000,17496636.000000,10365.625000,190514.375000,271521.781250,462036.156250
ml,best,659,2026-07-05,2159.401855,10.000000,2156.409668,50.000000,-41.000000,0.000000,-0.000000,0.000000,-4420640.000000,2171.652832,50.000000,-59.000000,0.000000,-0.000000,0.000000,-6406376.000000,2188.352051,50.000000,-59.000000,0.000000,-0.000000,0.000000,-6455638.500000,-17282654.000000,17496636.000000,10365.625000,203616.375000,260972.953125,464589.312500
ml,best,659,2026-07-06,2104.881104,10.000000,2156.409668,50.000000,-42.000000,-1.000000,107820.484375,53.910244,-4528460.000000,2108.822510,50.000000,-60.000000,-1.000000,105441.125000,52.720562,-6326467.500000,2127.468994,50.000000,-60.000000,-1.000000,106373.453125,53.186722,-6382407.000000,-17237336.000000,17816272.000000,10525.442383,568410.562500,143358.671875,711769.250000
ml,best,659,2026-07-07,2119.766846,10.000000,2156.409668,50.000000,-43.000000,-1.000000,107820.484375,53.910244,-4636281.000000,2132.199463,50.000000,-61.000000,-1.000000,106609.976562,53.304985,-6503208.000000,2151.097656,50.000000,-61.000000,-1.000000,107554.882812,53.777443,-6560847.500000,-17700336.000000,18138256.000000,10686.435547,427233.562500,174338.968750,601572.500000
ml,best,659,2026-07-08,2124.960693,10.000000,2156.409668,50.000000,-44.000000,-1.000000,107820.484375,53.910244,-4744101.000000,2133.167725,50.000000,-62.000000,-1.000000,106658.382812,53.329193,-6612820.500000,2152.516846,50.000000,-62.000000,-1.000000,107625.843750,53.812923,-6672802.500000,-18029724.000000,18460362.000000,10847.488281,419790.500000,184612.843750,604403.375000
ml,best,659,2026-07-09,2125.851318,10.000000,2156.409668,50.000000,-39.000000,5.000000,-539102.437500,269.551208,-4204999.000000,2115.325684,50.000000,-63.000000,-1.000000,105766.281250,52.883137,-6663276.000000,2135.404297,50.000000,-63.000000,-1.000000,106770.218750,53.385113,-6726523.500000,-17594798.000000,18133796.000000,11223.306641,527774.687500,186672.156250,714446.875000
ml,best,659,2026-07-10,2112.812012,10.000000,2156.409668,50.000000,-40.000000,-1.000000,107820.484375,53.910244,-4312819.500000,2145.234863,50.000000,-64.000000,-1.000000,107261.742188,53.630867,-6864751.500000,2167.025635,50.000000,-64.000000,-1.000000,108351.281250,54.175636,-6934482.000000,-18112052.000000,18457228.000000,11385.023438,333790.968750,163039.343750,496830.312500
ml,best,659,2026-07-11,2105.054688,10.000000,2156.409668,50.000000,-40.000000,0.000000,-0.000000,0.000000,-4312819.500000,2124.667236,50.000000,-64.000000,0.000000,-0.000000,0.000000,-6798935.000000,2147.887695,50.000000,-64.000000,0.000000,-0.000000,0.000000,-6873240.500000,-17984994.000000,18457228.000000,11385.023438,460848.968750,150303.546875,611152.500000
ml,best,659,2026-07-12,2098.823486,10.000000,2156.409668,50.000000,-40.000000,0.000000,-0.000000,0.000000,-4312819.500000,2094.128662,50.000000,-64.000000,0.000000,-0.000000,0.000000,-6701211.500000,2116.363281,50.000000,-64.000000,0.000000,-0.000000,0.000000,-6772362.500000,-17786394.000000,18457228.000000,11385.023438,659449.000000,139556.609375,799005.625000
ml,best,659,2026-07-13,2075.841797,10.000000,2156.409668,50.000000,-41.000000,-1.000000,107820.484375,53.910244,-4420640.000000,2084.596680,50.000000,-65.000000,-1.000000,104229.835938,52.114918,-6774939.000000,2106.182129,50.000000,-65.000000,-1.000000,105309.109375,52.654556,-6845092.000000,-18040672.000000,18774588.000000,11543.704102,722372.312500,101437.046875,823809.375000
ml,best,659,2026-07-14,2081.322754,10.000000,2156.409668,50.000000,-42.000000,-1.000000,107820.484375,53.910244,-4528460.000000,2101.446045,50.000000,-66.000000,-1.000000,105072.304688,52.536148,-6934772.000000,2123.123291,50.000000,-66.000000,-1.000000,106156.164062,53.078079,-7006307.000000,-18469540.000000,19093638.000000,11703.228516,612394.750000,109682.507812,722077.250000
ml,best,659,2026-07-15,2064.083496,10.000000,2156.409668,50.000000,-43.000000,-1.000000,107820.484375,53.910244,-4636281.000000,2081.771729,50.000000,-67.000000,-1.000000,104088.585938,52.044292,-6973935.000000,2104.146240,50.000000,-67.000000,-1.000000,105207.312500,52.603657,-7048890.000000,-18659106.000000,19410754.000000,11861.786133,739786.187500,84737.007812,824523.187500
ml,best,659,2026-07-16,2046.796265,10.000000,2156.409668,50.000000,-38.000000,5.000000,-539102.437500,269.551208,-4097178.500000,2052.830566,50.000000,-68.000000,-1.000000,102641.531250,51.320763,-6979624.000000,2073.694336,50.000000,-68.000000,-1.000000,103684.718750,51.842358,-7050561.000000,-18127364.000000,19077978.000000,12234.500977,938379.500000,61722.781250,1000102.250000
ml,best,659,2026-07-17,2019.240967,10.000000,2156.409668,50.000000,-39.000000,-1.000000,107820.484375,53.910244,-4204999.000000,2016.106567,50.000000,-69.000000,-1.000000,100805.328125,50.402660,-6955568.000000,2036.173096,50.000000,-69.000000,-1.000000,101808.656250,50.904327,-7024797.000000,-18185364.000000,19388412.000000,12389.717773,1190658.250000,28406.673828,1219064.875000
ml,best,659,2026-07-18,1998.166260,10.000000,2156.409668,50.000000,-39.000000,0.000000,-0.000000,0.000000,-4204999.000000,1985.484741,50.000000,-69.000000,0.000000,-0.000000,0.000000,-6849922.500000,2004.094727,50.000000,-69.000000,0.000000,-0.000000,0.000000,-6914126.500000,-17969048.000000,19388412.000000,12389.717773,1406974.250000,5065.663574,1412039.875000
ml,best,659,2026-07-19,1995.797974,10.000000,2156.409668,50.000000,-39.000000,0.000000,-0.000000,0.000000,-4204999.000000,2001.570312,50.000000,-69.000000,0.000000,-0.000000,0.000000,-6905417.000000,2020.152710,50.000000,-69.000000,0.000000,-0.000000,0.000000,-6969526.500000,-18079942.000000,19388412.000000,12389.717773,1296080.250000,2135.184326,1298215.375000
ml,best,659,2026-07-20,2023.353638,10.000000,2156.409668,50.000000,-40.000000,-1.000000,107820.484375,53.910244,-4312819.500000,2006.303467,50.000000,-70.000000,-1.000000,100315.171875,50.157585,-7022062.500000,2025.428467,50.000000,-70.000000,-1.000000,101271.421875,50.635712,-7089000.000000,-18423882.000000,19697818.000000,12544.421875,1261391.625000,31659.666016,1293051.250000
ml,best,659,2026-07-21,2024.029053,10.000000,2156.409668,50.000000,-41.000000,-1.000000,107820.484375,53.910244,-4420640.000000,2020.417725,50.000000,-71.000000,-1.000000,101020.882812,50.510441,-7172483.000000,2040.036743,50.000000,-71.000000,-1.000000,102001.835938,51.000919,-7242130.500000,-18835254.000000,20008662.000000,12699.842773,1160708.125000,32115.289062,1192823.375000
ml,best,659,2026-07-22,2015.502808,10.000000,2156.409668,50.000000,-42.000000,-1.000000,107820.484375,53.910244,-4528460.000000,2026.276978,50.000000,-72.000000,-1.000000,101313.851562,50.656925,-7294597.000000,2044.433472,50.000000,-72.000000,-1.000000,102221.671875,51.110836,-7359960.000000,-19183016.000000,20320018.000000,12855.521484,1124146.500000,24336.871094,1148483.375000
ml,best,659,2026-07-23,2004.060303,10.000000,2156.409668,50.000000,-43.000000,-1.000000,107820.484375,53.910244,-4636281.000000,2025.768555,50.000000,-73.000000,-1.000000,101288.429688,50.644215,-7394055.500000,2043.672485,50.000000,-73.000000,-1.000000,102183.625000,51.091812,-7459404.500000,-19489740.000000,20631312.000000,13011.166992,1128560.875000,15328.133789,1143889.000000
ml,best,659,2026-07-24,1995.851196,10.000000,2156.409668,50.000000,-38.000000,5.000000,-539102.437500,269.551208,-4097178.500000,1998.406128,50.000000,-74.000000,-1.000000,99920.304688,49.960152,-7394102.500000,2016.722534,50.000000,-74.000000,-1.000000,100836.125000,50.418060,-7461873.500000,-18953154.000000,20292964.000000,13381.096680,1326428.875000,9791.971680,1336220.875000
ml,best,659,2026-07-25,1999.292725,10.000000,2156.409668,50.000000,-38.000000,0.000000,-0.000000,0.000000,-4097178.500000,1998.576904,50.000000,-74.000000,0.000000,-0.000000,0.000000,-7394734.500000,2015.507080,50.000000,-74.000000,0.000000,-0.000000,0.000000,-7457376.500000,-18949290.000000,20292964.000000,13381.096680,1330292.875000,11491.958008,1341784.875000
ml,best,659,2026-07-26,1977.050171,10.000000,2156.409668,50.000000,-38.000000,0.000000,-0.000000,0.000000,-4097178.500000,1971.909302,50.000000,-74.000000,0.000000,-0.000000,0.000000,-7296064.000000,1987.559814,50.000000,-74.000000,0.000000,-0.000000,0.000000,-7353971.000000,-18747212.000000,20292964.000000,13381.096680,1532370.875000,-864.628967,1531506.250000
ml,best,659,2026-07-27,1985.081543,10.000000,2156.409668,50.000000,-39.000000,-1.000000,107820.484375,53.910244,-4204999.000000,1986.950439,50.000000,-75.000000,-1.000000,99347.523438,49.673759,-7451064.000000,2003.600098,50.000000,-75.000000,-1.000000,100180.007812,50.090000,-7513500.000000,-19169564.000000,20600312.000000,13534.771484,1417213.250000,3315.561768,1420528.750000
ml,best,659,2026-07-28,1985.609741,10.000000,2156.409668,50.000000,-40.000000,-1.000000,107820.484375,53.910244,-4312819.500000,1985.613892,50.000000,-76.000000,-1.000000,99280.695312,49.640347,-7545333.000000,2000.007568,50.000000,-76.000000,-1.000000,100000.375000,50.000187,-7600029.000000,-19458180.000000,20907414.000000,13688.320312,1435545.625000,3373.266357,1438918.875000
ml,best,659,2026-07-29,1963.896729,10.000000,2156.409668,50.000000,-41.000000,-1.000000,107820.484375,53.910244,-4420640.000000,1972.561157,50.000000,-71.000000,5.000000,-493140.281250,246.570129,-7002592.000000,1986.320312,50.000000,-77.000000,-1.000000,99316.015625,49.658005,-7647333.000000,-19070564.000000,20621410.000000,14038.458984,1536807.500000,-3837.719482,1532969.750000
ml,best,659,2026-07-30,1942.757568,10.000000,2156.409668,50.000000,-42.000000,-1.000000,107820.484375,53.910244,-4528460.000000,1972.561157,50.000000,-66.000000,5.000000,-493140.281250,246.570129,-6509452.000000,1951.597290,50.000000,-78.000000,-1.000000,97579.867188,48.789932,-7611229.500000,-18649142.000000,20333672.000000,14387.730469,1670142.250000,-8511.242188,1661631.000000
ml,best,659,2026-07-31,1969.532104,10.000000,2156.409668,50.000000,-43.000000,-1.000000,107820.484375,53.910244,-4636281.000000,1972.561157,50.000000,-61.000000,5.000000,-493140.281250,246.570129,-6016311.500000,1975.779663,50.000000,-79.000000,-1.000000,98788.984375,49.394493,-7804329.500000,-18456922.000000,20047140.000000,14737.605469,1575480.375000,-5626.498535,1569853.875000
ml,best,659,2026-08-01,1954.407227,10.000000,2156.409668,50.000000,-43.000000,0.000000,-0.000000,0.000000,-4636281.000000,1972.561157,50.000000,-61.000000,0.000000,-0.000000,0.000000,-6016311.500000,1975.842407,50.000000,-79.000000,0.000000,-0.000000,0.000000,-7804577.500000,-18457170.000000,20047140.000000,14737.605469,1575232.375000,-5627.003418,1569605.375000
ml,best,659,2026-08-02,1920.893799,10.000000,2156.409668,50.000000,-43.000000,0.000000,-0.000000,0.000000,-4636281.000000,1972.561157,50.000000,-61.000000,0.000000,-0.000000,0.000000,-6016311.500000,1948.850220,50.000000,-79.000000,0.000000,-0.000000,0.000000,-7697958.500000,-18350550.000000,20047140.000000,14737.605469,1681852.375000,-5627.538086,1676224.875000
ml,best,659,2026-08-03,1890.383789,10.000000,2156.409668,50.000000,-44.000000,-1.000000,107820.484375,53.910244,-4744101.000000,1972.561157,50.000000,-56.000000,5.000000,-493140.281250,246.570129,-5523171.000000,1893.431396,50.000000,-80.000000,-1.000000,94671.570312,47.335785,-7573726.000000,-17840998.000000,19756492.000000,15085.420898,1900408.625000,-5628.124512,1894780.500000
ml,best,659,2026-08-04,1876.966431,10.000000,2156.409668,50.000000,-39.000000,5.000000,-539102.437500,269.551208,-4204999.000000,1972.561157,50.000000,-51.000000,5.000000,-493140.281250,246.570129,-5030031.000000,1879.511719,50.000000,-81.000000,-1.000000,93975.585938,46.987793,-7612022.500000,-16847052.000000,18818224.000000,15648.529297,1955523.500000,-5628.701172,1949894.750000
ml,best,659,2026-08-05,1867.782959,10.000000,2156.409668,50.000000,-40.000000,-1.000000,107820.484375,53.910244,-4312819.500000,1972.561157,50.000000,-46.000000,5.000000,-493140.281250,246.570129,-4536890.500000,1859.312134,50.000000,-82.000000,-1.000000,92965.609375,46.482803,-7623179.500000,-16472890.000000,18525870.000000,15995.493164,2036984.500000,-5629.272461,2031355.250000
ml,best,659,2026-08-06,1890.482056,10.000000,2156.409668,50.000000,-41.000000,-1.000000,107820.484375,53.910244,-4420640.000000,1972.561157,50.000000,-47.000000,-1.000000,98628.054688,49.314026,-4635519.000000,1904.781494,50.000000,-83.000000,-1.000000,95239.078125,47.619537,-7904843.000000,-16961002.000000,18827558.000000,16146.337891,1850409.625000,-5629.272461,1844780.375000
ml,best,659,2026-08-07,1868.067139,10.000000,2156.409668,50.000000,-42.000000,-1.000000,107820.484375,53.910244,-4528460.000000,1972.561157,50.000000,-48.000000,-1.000000,98628.054688,49.314026,-4734147.000000,1896.267334,50.000000,-84.000000,-1.000000,94813.367188,47.406685,-7964322.500000,-17226930.000000,19128820.000000,16296.968750,1885593.000000,-5629.272461,1879963.750000
ml,best,659,2026-08-08,1875.677124,10.000000,2156.409668,50.000000,-42.000000,0.000000,-0.000000,0.000000,-4528460.000000,1972.561157,50.000000,-48.000000,0.000000,-0.000000,0.000000,-4734147.000000,1894.527710,50.000000,-84.000000,0.000000,-0.000000,0.000000,-7957016.500000,-17219624.000000,19128820.000000,16296.968750,1892899.000000,-5629.272461,1887269.750000
ml,best,659,2026-08-09,1858.277466,10.000000,2156.409668,50.000000,-42.000000,0.000000,-0.000000,0.000000,-4528460.000000,1972.561157,50.000000,-48.000000,0.000000,-0.000000,0.000000,-4734147.000000,1874.388428,50.000000,-84.000000,0.000000,-0.000000,0.000000,-7872431.000000,-17135038.000000,19128820.000000,16296.968750,1977485.000000,-5629.272461,1971855.750000
ml,best,659,2026-08-10,1845.441650,10.000000,2156.409668,50.000000,-37.000000,5.000000,-539102.437500,269.551208,-3989357.750000,1972.561157,50.000000,-43.000000,5.000000,-493140.281250,246.570129,-4241006.500000,1845.479370,50.000000,-85.000000,-1.000000,92273.968750,46.136982,-7843287.500000,-16073652.000000,18188852.000000,16859.226562,2098340.750000,-5629.272461,2092711.500000
ml,best,659,2026-08-11,1822.814941,10.000000,2156.409668,50.000000,-38.000000,-1.000000,107820.484375,53.910244,-4097178.500000,1972.561157,50.000000,-44.000000,-1.000000,98628.054688,49.314026,-4339634.500000,1849.755371,50.000000,-86.000000,-1.000000,92487.765625,46.243881,-7953948.500000,-16390762.000000,18487788.000000,17008.695312,2080017.250000,-5629.272461,2074388.000000
ml,best,659,2026-08-12,1767.757446,10.000000,2156.409668,50.000000,-39.000000,-1.000000,107820.484375,53.910244,-4204999.000000,1972.561157,50.000000,-45.000000,-1.000000,98628.054688,49.314026,-4438262.500000,1786.416992,50.000000,-87.000000,-1.000000,89320.851562,44.660423,-7770914.000000,-16414176.000000,18783556.000000,17156.578125,2352223.500000,-5629.272461,2346594.250000
ml,best,659,2026-08-13,1769.984253,10.000000,2156.409668,50.000000,-40.000000,-1.000000,107820.484375,53.910244,-4312819.500000,1972.561157,50.000000,-46.000000,-1.000000,98628.054688,49.314026,-4536890.500000,1805.470703,50.000000,-88.000000,-1.000000,90273.531250,45.136765,-7944071.000000,-16793780.000000,19080278.000000,17304.939453,2269193.000000,-5629.272461,2263563.750000
ml,best,659,2026-08-14,1764.287231,10.000000,2156.409668,50.000000,-41.000000,-1.000000,107820.484375,53.910244,-4420640.000000,1972.561157,50.000000,-47.000000,-1.000000,98628.054688,49.314026,-4635519.000000,1805.067871,50.000000,-89.000000,-1.000000,90253.390625,45.126694,-8032552.500000,-17088712.000000,19376980.000000,17453.291016,2270814.750000,-5629.272461,2265185.500000
ml,best,659,2026-08-15,1760.910889,10.000000,2156.409668,50.000000,-41.000000,0.000000,-0.000000,0.000000,-4420640.000000,1972.561157,50.000000,-47.000000,0.000000,-0.000000,0.000000,-4635519.000000,1807.371826,50.000000,-89.000000,0.000000,-0.000000,0.000000,-8042804.500000,-17098964.000000,19376980.000000,17453.291016,2260562.750000,-5629.272461,2254933.500000
ml,best,659,2026-08-16,1721.127075,10.000000,2156.409668,50.000000,-41.000000,0.000000,-0.000000,0.000000,-4420640.000000,1972.561157,50.000000,-47.000000,0.000000,-0.000000,0.000000,-4635519.000000,1682.727905,50.000000,-89.000000,0.000000,-0.000000,0.000000,-7488139.000000,-16544298.000000,19376980.000000,17453.291016,2815228.750000,-5629.272461,2809599.500000
ml,best,659,2026-08-17,1756.761230,10.000000,2156.409668,50.000000,-36.000000,5.000000,-539102.437500,269.551208,-3881537.500000,1972.561157,50.000000,-42.000000,5.000000,-493140.281250,246.570129,-4142378.500000,1762.878052,50.000000,-90.000000,-1.000000,88143.906250,44.071953,-7932951.500000,-15956868.000000,18432882.000000,18013.484375,2458000.500000,-5629.272461,2452371.250000
ml,best,659,2026-08-18,1719.360962,10.000000,2156.409668,50.000000,-37.000000,-1.000000,107820.484375,53.910244,-3989357.750000,1972.561157,50.000000,-43.000000,-1.000000,98628.054688,49.314026,-4241006.500000,1718.253418,50.000000,-91.000000,-1.000000,85912.671875,42.956337,-7818053.000000,-16048417.000000,18725244.000000,18159.664062,2658667.250000,-5629.272461,2653038.000000
ml,best,659,2026-08-19,1697.859009,10.000000,2156.409668,50.000000,-38.000000,-1.000000,107820.484375,53.910244,-4097178.500000,1972.561157,50.000000,-44.000000,-1.000000,98628.054688,49.314026,-4339634.500000,1691.429077,50.000000,-92.000000,-1.000000,84571.453125,42.285725,-7780573.500000,-16217386.000000,19016264.000000,18305.175781,2780572.750000,-5629.272461,2774943.500000
ml,best,659,2026-08-20,1645.809692,10.000000,2156.409668,50.000000,-39.000000,-1.000000,107820.484375,53.910244,-4204999.000000,1972.561157,50.000000,-45.000000,-1.000000,98628.054688,49.314026,-4438262.500000,1678.058960,50.000000,-93.000000,-1.000000,83902.945312,41.951469,-7802974.000000,-16446236.000000,19306616.000000,18450.351562,2841929.750000,-5629.272461,2836300.500000
ml,best,659,2026-08-21,1630.143433,10.000000,2156.409668,50.000000,-40.000000,-1.000000,107820.484375,53.910244,-4312819.500000,1972.561157,50.000000,-40.000000,5.000000,-493140.281250,246.570129,-3945122.250000,1646.569702,50.000000,-94.000000,-1.000000,82328.484375,41.164242,-7738877.500000,-15996820.000000,19003624.000000,18791.996094,2988012.000000,-5629.272461,2982382.750000
ml,best,659,2026-08-22,1636.614990,10.000000,2156.409668,50.000000,-40.000000,0.000000,-0.000000,0.000000,-4312819.500000,1972.561157,50.000000,-40.000000,0.000000,-0.000000,0.000000,-3945122.250000,1644.598267,50.000000,-94.000000,0.000000,-0.000000,0.000000,-7729611.500000,-15987554.000000,19003624.000000,18791.996094,2997278.000000,-5629.272461,2991648.750000
ml,best,659,2026-08-23,1635.182861,10.000000,2156.409668,50.000000,-40.000000,0.000000,-0.000000,0.000000,-4312819.500000,1972.561157,50.000000,-40.000000,0.000000,-0.000000,0.000000,-3945122.250000,1638.892700,50.000000,-94.000000,0.000000,-0.000000,0.000000,-7702795.500000,-15960738.000000,19003624.000000,18791.996094,3024094.000000,-5629.272461,3018464.750000
ml,best,659,2026-08-24,1650.619507,10.000000,2156.409668,50.000000,-35.000000,5.000000,-539102.437500,269.551208,-3773716.750000,1972.561157,50.000000,-35.000000,5.000000,-493140.281250,246.570129,-3451982.000000,1649.001221,50.000000,-89.000000,5.000000,-412250.281250,206.125153,-7338055.500000,-14563754.000000,17559130.000000,19514.242188,2975861.750000,-5629.272461,2970232.500000
ml,best,659,2026-08-25,1648.205688,10.000000,2156.409668,50.000000,-30.000000,5.000000,-539102.437500,269.551208,-3234614.500000,1972.561157,50.000000,-30.000000,5.000000,-493140.281250,246.570129,-2958841.750000,1647.020752,50.000000,-84.000000,5.000000,-411755.187500,205.877594,-6917487.500000,-13110944.000000,16115133.000000,20236.242188,2983952.750000,-5629.272461,2978323.500000
ml,best,659,2026-08-26,1641.883423,10.000000,2156.409668,50.000000,-31.000000,-1.000000,107820.484375,53.910244,-3342435.250000,1972.561157,50.000000,-31.000000,-1.000000,98628.054688,49.314026,-3057469.750000,1637.044922,50.000000,-79.000000,5.000000,-409261.218750,204.630615,-6466327.500000,-12866232.000000,15912320.000000,20544.095703,3025544.000000,-5629.272461,3019914.750000
ml,best,659,2026-08-27,1631.684082,10.000000,2156.409668,50.000000,-26.000000,5.000000,-539102.437500,269.551208,-2803332.500000,1972.561157,50.000000,-32.000000,-1.000000,98628.054688,49.314026,-3156097.750000,1628.265381,50.000000,-80.000000,-1.000000,81413.265625,40.706631,-6513061.500000,-12472492.000000,15553259.000000,20903.667969,3059863.250000,-5629.272461,3054234.000000
ml,best,659,2026-08-28,1623.902100,10.000000,2156.409668,50.000000,-27.000000,-1.000000,107820.484375,53.910244,-2911153.000000,1972.561157,50.000000,-33.000000,-1.000000,98628.054688,49.314026,-3254726.000000,1623.934326,50.000000,-75.000000,5.000000,-405983.593750,202.991791,-6089754.000000,-12255633.000000,15353724.000000,21209.884766,3076881.000000,-5629.272461,3071251.750000
ml,best,659,2026-08-29,1621.778687,10.000000,2156.409668,50.000000,-27.000000,0.000000,-0.000000,0.000000,-2911153.000000,1972.561157,50.000000,-33.000000,0.000000,-0.000000,0.000000,-3254726.000000,1608.741211,50.000000,-75.000000,0.000000,-0.000000,0.000000,-6032779.500000,-12198658.000000,15353724.000000,21209.884766,3133856.000000,-5629.272461,3128226.750000
ml,best,659,2026-08-30,1601.575439,10.000000,2156.409668,50.000000,-27.000000,0.000000,-0.000000,0.000000,-2911153.000000,1972.561157,50.000000,-33.000000,0.000000,-0.000000,0.000000,-3254726.000000,1595.748047,50.000000,-75.000000,0.000000,-0.000000,0.000000,-5984055.000000,-12149934.000000,15353724.000000,21209.884766,3182580.000000,-5629.272461,3176950.750000
ml,best,659,2026-08-31,1604.385376,10.000000,2156.409668,50.000000,-28.000000,-1.000000,107820.484375,53.910244,-3018973.500000,1972.561157,50.000000,-28.000000,5.000000,-493140.281250,246.570129,-2761585.500000,1609.472412,50.000000,-76.000000,-1.000000,80473.617188,40.236809,-6115995.500000,-11896554.000000,15048878.000000,21550.601562,3130773.500000,-5629.272461,3125144.250000
ml,best,659,2026-09-01,1620.960693,10.000000,2156.409668,50.000000,-29.000000,-1.000000,107820.484375,53.910244,-3126794.000000,1972.561157,50.000000,-29.000000,-1.000000,98628.054688,49.314026,-2860213.750000,1653.537231,50.000000,-77.000000,-1.000000,82676.859375,41.338428,-6366118.500000,-12353126.000000,15338003.000000,21695.164062,2963181.750000,-5629.272461,2957552.500000
ml,best,659,2026-09-02,1619.536011,10.000000,2156.409668,50.000000,-30.000000,-1.000000,107820.484375,53.910244,-3234614.500000,1972.561157,50.000000,-30.000000,-1.000000,98628.054688,49.314026,-2958841.750000,1636.821655,50.000000,-78.000000,-1.000000,81841.085938,40.920544,-6383604.500000,-12577060.000000,15626293.000000,21839.308594,3027393.750000,-5629.272461,3021764.500000
ml,best,659,2026-09-03,1579.898071,10.000000,2156.409668,50.000000,-25.000000,5.000000,-539102.437500,269.551208,-2695512.000000,1972.561157,50.000000,-31.000000,-1.000000,98628.054688,49.314026,-3057469.750000,1583.571899,50.000000,-79.000000,-1.000000,79178.593750,39.589294,-6255109.000000,-12008091.000000,15264996.000000,22197.763672,3234707.250000,-5629.272461,3229078.000000
ml,best,659,2026-09-04,1583.080444,10.000000,2156.409668,50.000000,-26.000000,-1.000000,107820.484375,53.910244,-2803332.500000,1972.561157,50.000000,-32.000000,-1.000000,98628.054688,49.314026,-3156097.750000,1601.734009,50.000000,-80.000000,-1.000000,80086.703125,40.043350,-6406936.000000,-12366366.000000,15551532.000000,22341.031250,3162825.000000,-5629.272461,3157195.750000
ml,best,659,2026-09-05,1568.638794,10.000000,2156.409668,50.000000,-26.000000,0.000000,-0.000000,0.000000,-2803332.500000,1972.561157,50.000000,-32.000000,0.000000,-0.000000,0.000000,-3156097.750000,1574.250488,50.000000,-80.000000,0.000000,-0.000000,0.000000,-6297002.000000,-12256432.000000,15551532.000000,22341.031250,3272759.000000,-5629.272461,3267129.750000
ml,best,659,2026-09-06,1563.378906,10.000000,2156.409668,50.000000,-26.000000,0.000000,-0.000000,0.000000,-2803332.500000,1972.561157,50.000000,-32.000000,0.000000,-0.000000,0.000000,-3156097.750000,1561.578735,50.000000,-80.000000,0.000000,-0.000000,0.000000,-6246315.000000,-12205745.000000,15551532.000000,22341.031250,3323446.000000,-5629.272461,3317816.750000
ml,best,659,2026-09-07,1569.057007,10.000000,2156.409668,50.000000,-26.000000,0.000000,-0.000000,0.000000,-2803332.500000,1972.561157,50.000000,-32.000000,0.000000,-0.000000,0.000000,-3156097.750000,1566.443481,50.000000,-80.000000,0.000000,-0.000000,0.000000,-6265774.000000,-12225204.000000,15551532.000000,22341.031250,3303987.000000,-5629.272461,3298357.750000
ml,best,659,2026-09-08,1579.757935,10.000000,2156.409668,50.000000,-27.000000,-1.000000,107820.484375,53.910244,-2911153.000000,1972.561157,50.000000,-33.000000,-1.000000,98628.054688,49.314026,-3254726.000000,1583.025269,50.000000,-75.000000,5.000000,-395756.312500,197.878143,-5936345.000000,-12102224.000000,15362224.000000,22642.132812,3237357.750000,-5629.272461,3231728.500000
ml,best,659,2026-09-09,1580.047241,10.000000,2156.409668,50.000000,-28.000000,-1.000000,107820.484375,53.910244,-3018973.500000,1972.561157,50.000000,-28.000000,5.000000,-493140.281250,246.570129,-2761585.500000,1586.523560,50.000000,-76.000000,-1.000000,79326.179688,39.663090,-6028789.500000,-11809348.000000,15056230.000000,22982.277344,3223899.750000,-5629.272461,3218270.500000
ml,best,659,2026-09-10,1590.098999,10.000000,2156.409668,50.000000,-29.000000,-1.000000,107820.484375,53.910244,-3126794.000000,1972.561157,50.000000,-29.000000,-1.000000,98628.054688,49.314026,-2860213.750000,1607.588867,50.000000,-77.000000,-1.000000,80379.445312,40.189720,-6189217.000000,-12176225.000000,15343058.000000,23125.691406,3143707.250000,-5629.272461,3138078.000000
ml,best,659,2026-09-11,1567.642944,10.000000,2156.409668,50.000000,-30.000000,-1.000000,107820.484375,53.910244,-3234614.500000,1972.561157,50.000000,-30.000000,-1.000000,98628.054688,49.314026,-2958841.750000,1570.805664,50.000000,-78.000000,-1.000000,78540.281250,39.270138,-6126142.000000,-12319598.000000,15628048.000000,23268.183594,3285181.750000,-5629.272461,3279552.500000
ml,best,659,2026-09-12,1586.193604,10.000000,2156.409668,50.000000,-30.000000,0.000000,-0.000000,0.000000,-3234614.500000,1972.561157,50.000000,-30.000000,0.000000,-0.000000,0.000000,-2958841.750000,1595.105103,50.000000,-78.000000,0.000000,-0.000000,0.000000,-6220910.000000,-12414366.000000,15628048.000000,23268.183594,3190413.750000,-5629.272461,3184784.500000
ml,best,659,2026-09-13,1593.121826,10.000000,2156.409668,50.000000,-30.000000,0.000000,-0.000000,0.000000,-3234614.500000,1972.561157,50.000000,-30.000000,0.000000,-0.000000,0.000000,-2958841.750000,1603.179321,50.000000,-78.000000,0.000000,-0.000000,0.000000,-6252399.000000,-12445855.000000,15628048.000000,23268.183594,3158924.750000,-5629.272461,3153295.500000
ml,best,659,2026-09-14,1569.746216,10.000000,2156.409668,50.000000,-25.000000,5.000000,-539102.437500,269.551208,-2695512.000000,1972.561157,50.000000,-31.000000,-1.000000,98628.054688,49.314026,-3057469.750000,1583.508301,50.000000,-73.000000,5.000000,-395877.062500,197.938522,-5779805.500000,-11532788.000000,14791696.000000,23784.990234,3235123.000000,-5629.272461,3229493.750000
ml,best,659,2026-09-15,1566.263550,10.000000,2156.409668,50.000000,-26.000000,-1.000000,107820.484375,53.910244,-2803332.500000,1972.561157,50.000000,-32.000000,-1.000000,98628.054688,49.314026,-3156097.750000,1589.015259,50.000000,-74.000000,-1.000000,79450.765625,39.725380,-5879356.500000,-11838786.000000,15077596.000000,23927.937500,3214882.000000,-5629.272461,3209252.750000
ml,best,659,2026-09-16,1598.488647,10.000000,2156.409668,50.000000,-27.000000,-1.000000,107820.484375,53.910244,-2911153.000000,1972.561157,50.000000,-27.000000,5.000000,-493140.281250,246.570129,-2662957.500000,1589.902222,50.000000,-75.000000,-1.000000,79495.109375,39.747555,-5962133.000000,-11536244.000000,14771770.000000,24268.166016,3211257.750000,-5629.272461,3205628.500000
ml,best,659,2026-09-17,1591.638794,10.000000,2156.409668,50.000000,-28.000000,-1.000000,107820.484375,53.910244,-3018973.500000,1972.561157,50.000000,-28.000000,-1.000000,98628.054688,49.314026,-2761585.500000,1595.769409,50.000000,-70.000000,5.000000,-398942.343750,199.471161,-5585193.000000,-11365752.000000,14579276.000000,24570.861328,3188953.250000,-5629.272461,3183324.000000
ml,best,659,2026-09-18,1591.487061,10.000000,2156.409668,50.000000,-29.000000,-1.000000,107820.484375,53.910244,-3126794.000000,1972.561157,50.000000,-29.000000,-1.000000,98628.054688,49.314026,-2860213.750000,1585.712646,50.000000,-71.000000,-1.000000,79285.632812,39.642815,-5629280.000000,-11616288.000000,14865010.000000,24713.728516,3224008.250000,-5629.272461,3218379.000000
ml,best,659,2026-09-19,1589.960938,10.000000,2156.409668,50.000000,-29.000000,0.000000,-0.000000,0.000000,-3126794.000000,1972.561157,50.000000,-29.000000,0.000000,-0.000000,0.000000,-2860213.750000,1582.968384,50.000000,-71.000000,0.000000,-0.000000,0.000000,-5619538.000000,-11606546.000000,14865010.000000,24713.728516,3233750.250000,-5629.272461,3228121.000000
ml,best,659,2026-09-20,1585.178833,10.000000,2156.409668,50.000000,-29.000000,0.000000,-0.000000,0.000000,-3126794.000000,1972.561157,50.000000,-29.000000,0.000000,-0.000000,0.000000,-2860213.750000,1575.051147,50.000000,-71.000000,0.000000,-0.000000,0.000000,-5591431.500000,-11578440.000000,14865010.000000,24713.728516,3261856.250000,-5629.272461,3256227.000000
ml,best,659,2026-09-21,1570.809570,10.000000,2156.409668,50.000000,-24.000000,5.000000,-539102.437500,269.551208,-2587691.500000,1972.561157,50.000000,-30.000000,-1.000000,98628.054688,49.314026,-2958841.750000,1573.004883,50.000000,-72.000000,-1.000000,78650.242188,39.325119,-5662817.500000,-11209350.000000,14503187.000000,25071.921875,3268765.000000,-5629.272461,3263135.750000
ml,best,659,2026-09-22,1580.641846,10.000000,2156.409668,50.000000,-25.000000,-1.000000,107820.484375,53.910244,-2695512.000000,1972.561157,50.000000,-31.000000,-1.000000,98628.054688,49.314026,-3057469.750000,1580.253784,50.000000,-73.000000,-1.000000,79012.687500,39.506344,-5767926.000000,-11520908.000000,14788648.000000,25214.650391,3242525.250000,-5629.272461,3236896.000000
ml,best,659,2026-09-23,1577.967651,10.000000,2156.409668,50.000000,-26.000000,-1.000000,107820.484375,53.910244,-2803332.500000,1972.561157,50.000000,-26.000000,5.000000,-493140.281250,246.570129,-2564329.500000,1586.258423,50.000000,-74.000000,-1.000000,79312.921875,39.656460,-5869156.000000,-11236818.000000,14482641.000000,25554.787109,3220268.250000,-5629.272461,3214639.000000
ml,best,659,2026-09-24,1556.463501,10.000000,2156.409668,50.000000,-27.000000,-1.000000,107820.484375,53.910244,-2911153.000000,1972.561157,50.000000,-27.000000,-1.000000,98628.054688,49.314026,-2662957.500000,1575.026611,50.000000,-69.000000,5.000000,-393756.625000,196.878296,-5433842.000000,-11007952.000000,14295333.000000,25854.888672,3261526.000000,-5629.272461,3255896.750000
ml,best,659,2026-09-25,1585.516846,10.000000,2156.409668,50.000000,-28.000000,-1.000000,107820.484375,53.910244,-3018973.500000,1972.561157,50.000000,-28.000000,-1.000000,98628.054688,49.314026,-2761585.500000,1616.326416,50.000000,-70.000000,-1.000000,80816.320312,40.408157,-5657142.500000,-11437702.000000,14582598.000000,25998.523438,3118897.500000,-5629.272461,3113268.250000
ml,best,659,2026-09-26,1589.944946,10.000000,2156.409668,50.000000,-28.000000,0.000000,-0.000000,0.000000,-3018973.500000,1972.561157,50.000000,-28.000000,0.000000,-0.000000,0.000000,-2761585.500000,1604.805664,50.000000,-70.000000,0.000000,-0.000000,0.000000,-5616820.000000,-11397379.000000,14582598.000000,25998.523438,3159220.500000,-5629.272461,3153591.250000
ml,best,659,2026-09-27,1570.796143,10.000000,2156.409668,50.000000,-28.000000,0.000000,-0.000000,0.000000,-3018973.500000,1972.561157,50.000000,-28.000000,0.000000,-0.000000,0.000000,-2761585.500000,1573.711060,50.000000,-70.000000,0.000000,-0.000000,0.000000,-5507988.500000,-11288548.000000,14582598.000000,25998.523438,3268051.500000,-5629.272461,3262422.250000
ml,best,659,2026-09-28,1562.237183,10.000000,2156.409668,50.000000,-29.000000,-1.000000,107820.484375,53.910244,-3126794.000000,1972.561157,50.000000,-29.000000,-1.000000,98628.054688,49.314026,-2860213.750000,1563.572144,50.000000,-71.000000,-1.000000,78178.609375,39.089306,-5550681.000000,-11537689.000000,14867225.000000,26140.835938,3303395.250000,-5629.272461,3297766.000000
ml,best,659,2026-09-29,1560.415405,10.000000,2156.409668,50.000000,-24.000000,5.000000,-539102.437500,269.551208,-2587691.500000,1972.561157,50.000000,-30.000000,-1.000000,98628.054688,49.314026,-2958841.750000,1574.301636,50.000000,-72.000000,-1.000000,78715.078125,39.357536,-5667486.000000,-11214019.000000,14505466.000000,26499.058594,3264948.000000,-5629.272461,3259318.750000
ml,best,659,2026-09-30,1549.483398,10.000000,2156.409668,50.000000,-25.000000,-1.000000,107820.484375,53.910244,-2695512.000000,1972.561157,50.000000,-31.000000,-1.000000,98628.054688,49.314026,-3057469.750000,1560.129150,50.000000,-73.000000,-1.000000,78006.460938,39.003231,-5694471.500000,-11447454.000000,14789920.000000,26641.285156,3315824.750000,-5629.272461,3310195.500000
ml,best,659,2026-10-01,1561.697998,10.000000,2156.409668,50.000000,-26.000000,-1.000000,107820.484375,53.910244,-2803332.500000,1972.561157,50.000000,-26.000000,5.000000,-493140.281250,246.570129,-2564329.500000,1567.999634,50.000000,-74.000000,-1.000000,78399.984375,39.199993,-5801599.000000,-11169261.000000,14483001.000000,26980.964844,3286759.000000,-5629.272461,3281129.750000
ml,best,659,2026-10-02,1574.937500,10.000000,2156.409668,50.000000,-27.000000,-1.000000,107820.484375,53.910244,-2911153.000000,1972.561157,50.000000,-27.000000,-1.000000,98628.054688,49.314026,-2662957.500000,1590.456421,50.000000,-75.000000,-1.000000,79522.820312,39.761410,-5964211.500000,-11538322.000000,14768972.000000,27123.951172,3203526.000000,-5629.272461,3197896.750000
ml,best,659,2026-10-03,1565.610107,10.000000,2156.409668,50.000000,-27.000000,0.000000,-0.000000,0.000000,-2911153.000000,1972.561157,50.000000,-27.000000,0.000000,-0.000000,0.000000,-2662957.500000,1598.301147,50.000000,-75.000000,0.000000,-0.000000,0.000000,-5993629.500000,-11567740.000000,14768972.000000,27123.951172,3174108.000000,-5629.272461,3168478.750000
ml,best,659,2026-10-04,1568.700928,10.000000,2156.409668,50.000000,-27.000000,0.000000,-0.000000,0.000000,-2911153.000000,1972.561157,50.000000,-27.000000,0.000000,-0.000000,0.000000,-2662957.500000,1571.920288,50.000000,-75.000000,0.000000,-0.000000,0.000000,-5894701.000000,-11468812.000000,14768972.000000,27123.951172,3273036.000000,-5629.272461,3267406.750000
ml,best,659,2026-10-05,1567.399902,10.000000,2156.409668,50.000000,-22.000000,5.000000,-539102.437500,269.551208,-2372050.500000,1972.561157,50.000000,-22.000000,5.000000,-493140.281250,246.570129,-2169817.250000,1570.677979,50.000000,-70.000000,5.000000,-392669.468750,196.334747,-5497373.000000,-10039241.000000,13344060.000000,27836.408203,3276982.500000,-5629.272461,3271353.250000
ml,best,659,2026-10-06,1584.646851,10.000000,2156.409668,50.000000,-23.000000,-1.000000,107820.484375,53.910244,-2479871.000000,1972.561157,50.000000,-23.000000,-1.000000,98628.054688,49.314026,-2268445.250000,1585.543579,50.000000,-65.000000,5.000000,-396385.875000,198.192932,-5153017.000000,-9901333.000000,13154123.000000,28137.824219,3224652.250000,-5629.272461,3219023.000000
ml,best,659,2026-10-07,1597.229980,10.000000,2156.409668,50.000000,-18.000000,5.000000,-539102.437500,269.551208,-1940768.750000,1972.561157,50.000000,-24.000000,-1.000000,98628.054688,49.314026,-2367073.500000,1597.369263,50.000000,-60.000000,5.000000,-399342.312500,199.671158,-4792108.000000,-9099950.000000,12314306.000000,28656.361328,3185699.750000,-5629.272461,3180070.500000
ml,best,659,2026-10-08,1584.890991,10.000000,2156.409668,50.000000,-19.000000,-1.000000,107820.484375,53.910244,-2048589.250000,1972.561157,50.000000,-25.000000,-1.000000,98628.054688,49.314026,-2465701.250000,1579.637817,50.000000,-61.000000,-1.000000,78981.890625,39.490944,-4817895.500000,-9332186.000000,12599736.000000,28799.078125,3238751.000000,-5629.272461,3233121.750000
ml,best,659,2026-10-09,1566.172485,10.000000,2156.409668,50.000000,-20.000000,-1.000000,107820.484375,53.910244,-2156409.750000,1972.561157,50.000000,-26.000000,-1.000000,98628.054688,49.314026,-2564329.500000,1561.012451,50.000000,-62.000000,-1.000000,78050.625000,39.025311,-4839138.500000,-9559878.000000,12884236.000000,28941.324219,3295416.750000,-5629.272461,3289787.500000
ml,best,659,2026-10-10,1540.998901,10.000000,2156.409668,50.000000,-20.000000,0.000000,-0.000000,0.000000,-2156409.750000,1972.561157,50.000000,-26.000000,0.000000,-0.000000,0.000000,-2564329.500000,1526.684814,50.000000,-62.000000,0.000000,-0.000000,0.000000,-4732723.000000,-9453462.000000,12884236.000000,28941.324219,3401832.750000,-5629.272461,3396203.500000
ml,best,659,2026-10-11,1539.333252,10.000000,2156.409668,50.000000,-20.000000,0.000000,-0.000000,0.000000,-2156409.750000,1972.561157,50.000000,-26.000000,0.000000,-0.000000,0.000000,-2564329.500000,1539.297607,50.000000,-62.000000,0.000000,-0.000000,0.000000,-4771822.500000,-9492562.000000,12884236.000000,28941.324219,3362732.750000,-5629.272461,3357103.500000
ml,best,659,2026-10-12,1526.639648,10.000000,2156.409668,50.000000,-20.000000,0.000000,-0.000000,0.000000,-2156409.750000,1972.561157,50.000000,-26.000000,0.000000,-0.000000,0.000000,-2564329.500000,1531.502319,50.000000,-62.000000,0.000000,-0.000000,0.000000,-4747657.000000,-9468396.000000,12884236.000000,28941.324219,3386898.750000,-5629.272461,3381269.500000
ml,best,659,2026-10-13,1524.943848,10.000000,2156.409668,50.000000,-21.000000,-1.000000,107820.484375,53.910244,-2264230.000000,1972.561157,50.000000,-21.000000,5.000000,-493140.281250,246.570129,-2071189.250000,1532.535156,50.000000,-57.000000,5.000000,-383133.781250,191.566895,-4367725.000000,-8703144.000000,12115782.000000,29433.371094,3383204.750000,-5629.272461,3377575.500000
ml,best,659,2026-10-14,1504.221069,10.000000,2156.409668,50.000000,-22.000000,-1.000000,107820.484375,53.910244,-2372050.500000,1972.561157,50.000000,-22.000000,-1.000000,98628.054688,49.314026,-2169817.250000,1512.314575,50.000000,-58.000000,-1.000000,75615.726562,37.807861,-4385712.000000,-8927580.000000,12397846.000000,29574.406250,3440691.500000,-5629.272461,3435062.250000
ml,best,659,2026-10-15,1505.794312,10.000000,2156.409668,50.000000,-17.000000,5.000000,-539102.437500,269.551208,-1832948.250000,1972.561157,50.000000,-23.000000,-1.000000,98628.054688,49.314026,-2268445.250000,1511.284302,50.000000,-59.000000,-1.000000,75564.218750,37.782108,-4458288.500000,-8559682.000000,12032936.000000,29931.052734,3443323.000000,-5629.272461,3437693.750000
ml,best,659,2026-10-16,1508.817139,10.000000,2156.409668,50.000000,-18.000000,-1.000000,107820.484375,53.910244,-1940768.750000,1972.561157,50.000000,-24.000000,-1.000000,98628.054688,49.314026,-2367073.500000,1511.878662,50.000000,-54.000000,5.000000,-377969.687500,188.984833,-4082072.250000,-8389914.000000,11861414.000000,30223.263672,3441276.750000,-5629.272461,3435647.500000
ml,best,659,2026-10-17,1513.046265,10.000000,2156.409668,50.000000,-18.000000,0.000000,-0.000000,0.000000,-1940768.750000,1972.561157,50.000000,-24.000000,0.000000,-0.000000,0.000000,-2367073.500000,1508.051270,50.000000,-54.000000,0.000000,-0.000000,0.000000,-4071738.250000,-8379580.000000,11861414.000000,30223.263672,3451610.750000,-5629.272461,3445981.500000
ml,best,659,2026-10-18,1523.418335,10.000000,2156.409668,50.000000,-18.000000,0.000000,-0.000000,0.000000,-1940768.750000,1972.561157,50.000000,-24.000000,0.000000,-0.000000,0.000000,-2367073.500000,1523.232422,50.000000,-54.000000,0.000000,-0.000000,0.000000,-4112727.250000,-8420569.000000,11861414.000000,30223.263672,3410621.750000,-5629.272461,3404992.500000
ml,best,659,2026-10-19,1528.467285,10.000000,2156.409668,50.000000,-19.000000,-1.000000,107820.484375,53.910244,-2048589.250000,1972.561157,50.000000,-19.000000,5.000000,-493140.281250,246.570129,-1873933.000000,1539.602295,50.000000,-55.000000,-1.000000,76980.117188,38.490059,-4233906.000000,-8156428.000000,11553075.000000,30562.232422,3366084.750000,-5629.272461,3360455.500000
ml,best,659,2026-10-20,1524.337524,10.000000,2156.409668,50.000000,-20.000000,-1.000000,107820.484375,53.910244,-2156409.750000,1972.561157,50.000000,-20.000000,-1.000000,98628.054688,49.314026,-1972561.125000,1545.250122,50.000000,-56.000000,-1.000000,77262.507812,38.631252,-4326700.500000,-8455672.000000,11836786.000000,30704.087891,3350410.000000,-5629.272461,3344780.750000
ml,best,659,2026-10-21,1499.813477,10.000000,2156.409668,50.000000,-21.000000,-1.000000,107820.484375,53.910244,-2264230.000000,1972.561157,50.000000,-21.000000,-1.000000,98628.054688,49.314026,-2071189.250000,1504.154175,50.000000,-57.000000,-1.000000,75207.710938,37.603855,-4286839.500000,-8622258.000000,12118443.000000,30844.917969,3465340.000000,-5629.272461,3459710.750000
ml,best,659,2026-10-22,1506.365845,10.000000,2156.409668,50.000000,-16.000000,5.000000,-539102.437500,269.551208,-1725127.750000,1972.561157,50.000000,-22.000000,-1.000000,98628.054688,49.314026,-2169817.250000,1506.984009,50.000000,-52.000000,5.000000,-376746.000000,188.372986,-3918158.500000,-7813103.500000,11301222.000000,31352.156250,3456766.250000,-5629.272461,3451137.000000
ml,best,659,2026-10-23,1505.904175,10.000000,2156.409668,50.000000,-17.000000,-1.000000,107820.484375,53.910244,-1832948.250000,1972.561157,50.000000,-23.000000,-1.000000,98628.054688,49.314026,-2268445.250000,1494.552246,50.000000,-53.000000,-1.000000,74727.609375,37.363804,-3960563.250000,-8061957.000000,11582398.000000,31492.742188,3488948.250000,-5629.272461,3483319.000000
ml,best,659,2026-10-24,1505.676392,10.000000,2156.409668,50.000000,-17.000000,0.000000,-0.000000,0.000000,-1832948.250000,1972.561157,50.000000,-23.000000,0.000000,-0.000000,0.000000,-2268445.250000,1483.011475,50.000000,-53.000000,0.000000,-0.000000,0.000000,-3929980.500000,-8031374.000000,11582398.000000,31492.742188,3519531.250000,-5629.272461,3513902.000000
ml,best,659,2026-10-25,1509.457642,10.000000,2156.409668,50.000000,-17.000000,0.000000,-0.000000,0.000000,-1832948.250000,1972.561157,50.000000,-23.000000,0.000000,-0.000000,0.000000,-2268445.250000,1519.122192,50.000000,-53.000000,0.000000,-0.000000,0.000000,-4025673.750000,-8127067.000000,11582398.000000,31492.742188,3423838.250000,-5629.272461,3418209.000000
ml,best,659,2026-10-26,1500.464478,10.000000,2156.409668,50.000000,-18.000000,-1.000000,107820.484375,53.910244,-1940768.750000,1972.561157,50.000000,-18.000000,5.000000,-493140.281250,246.570129,-1775305.125000,1509.741699,50.000000,-48.000000,5.000000,-377435.437500,188.717712,-3623380.000000,-7339454.000000,10819643.000000,31981.939453,3448207.000000,-5629.272461,3442577.750000
ml,best,659,2026-10-27,1495.900269,10.000000,2156.409668,50.000000,-13.000000,5.000000,-539102.437500,269.551208,-1401666.250000,1972.561157,50.000000,-19.000000,-1.000000,98628.054688,49.314026,-1873933.000000,1506.368896,50.000000,-43.000000,5.000000,-376592.250000,188.296112,-3238693.250000,-6514292.500000,10002576.000000,32489.101562,3455794.500000,-5629.272461,3450165.250000
ml,best,659,2026-10-28,1501.198730,10.000000,2156.409668,50.000000,-14.000000,-1.000000,107820.484375,53.910244,-1509486.750000,1972.561157,50.000000,-14.000000,5.000000,-493140.281250,246.570129,-1380792.750000,1516.495361,50.000000,-38.000000,5.000000,-379123.812500,189.561905,-2881341.250000,-5771621.000000,9238133.000000,32979.144531,3433532.750000,-5629.272461,3427903.500000
ml,best,659,2026-10-29,1498.199463,10.000000,2156.409668,50.000000,0.000000,14.000000,-1509486.750000,754.743408,0.000000,1972.561157,50.000000,0.000000,14.000000,-1380792.750000,690.396362,0.000000,1515.414429,50.000000,0.000000,38.000000,-2879287.500000,1439.643555,0.000000,0.000000,3468565.750000,35863.929688,3432701.750000,-5629.272461,3427072.500000
ml,best,659,2026-10-30,1503.787231,10.000000,2156.409668,50.000000,0.000000,0.000000,-0.000000,0.000000,0.000000,1972.561157,50.000000,0.000000,0.000000,-0.000000,0.000000,0.000000,1515.414429,50.000000,0.000000,0.000000,-0.000000,0.000000,0.000000,0.000000,3468565.750000,35863.929688,3432701.750000,-5629.272461,3427072.500000
ml,mean,-1,2026-04-10,2055.000244,10.000000,2026.171753,50.000000,-1.000000,-1.000000,101308.578125,50.654293,-101308.578125,2047.068481,50.000000,-1.000000,-1.000000,102353.453125,51.176720,-102353.453125,2070.749756,50.000000,-1.000000,-1.000000,103537.492188,51.768742,-103537.492188,-307199.500000,307199.500000,153.599747,-153.599747,4854.180176,4700.582031
ml,mean,-1,2026-04-11,2056.232422,10.000000,2045.532593,50.000000,-1.000000,0.000000,0.000000,0.000000,-102276.617188,2066.496338,50.000000,-1.000000,0.000000,0.000000,0.000000,-103324.812500,2090.139160,50.000000,-1.000000,0.000000,0.000000,0.000000,-104506.953125,-310108.406250,307199.500000,153.599747,-3062.493652,7880.342285,4817.847656
ml,mean,-1,2026-04-12,2057.253418,10.000000,2054.150879,50.000000,-1.000000,0.000000,0.000000,0.000000,-102707.539062,2075.156494,50.000000,-1.000000,0.000000,0.000000,0.000000,-103757.828125,2098.714844,50.000000,-1.000000,0.000000,0.000000,0.000000,-104935.742188,-311401.093750,307199.500000,153.599747,-4355.212891,10550.434570,6195.222168
ml,mean,-1,2026-04-13,2058.864258,10.000000,2060.491211,50.000000,-2.000000,-1.000000,103024.562500,51.512280,-206049.125000,2081.515137,50.000000,-2.000000,-1.000000,104075.757812,52.037880,-208151.515625,2104.979004,50.000000,-2.000000,-1.000000,105248.945312,52.624470,-210497.890625,-624698.500000,619548.750000,309.774384,-5459.530762,14619.737305,9160.207031
ml,mean,-1,2026-04-14,2058.441406,10.000000,2060.238770,50.000000,-3.000000,-1.000000,103011.945312,51.505966,-309035.843750,2081.217529,50.000000,-3.000000,-1.000000,104060.882812,52.030441,-312182.625000,2104.476074,50.000000,-3.000000,-1.000000,105223.812500,52.611900,-315671.406250,-936889.875000,931845.375000,465.922699,-5510.405273,17761.224609,12250.819336
ml,mean,-1,2026-04-15,2058.634033,10.000000,2060.735840,50.000000,-4.000000,-1.000000,103036.796875,51.518394,-412147.187500,2081.620361,50.000000,-4.000000,-1.000000,104081.023438,52.040508,-416324.093750,2104.709961,50.000000,-4.000000,-1.000000,105235.492188,52.617744,-420941.968750,-1249413.250000,1244198.750000,622.099365,-5836.619141,22565.509766,16728.890625
ml,mean,-1,2026-04-16,2058.881836,10.000000,2061.456543,50.000000,-5.000000,-1.000000,103072.828125,51.536411,-515364.156250,2082.231445,50.000000,-5.000000,-1.000000,104111.562500,52.055786,-520557.875000,2105.145508,50.000000,-5.000000,-1.000000,105257.273438,52.628635,-526286.375000,-1562208.250000,1556640.250000,778.320129,-6346.290039,27454.707031,21108.416016
ml,mean,-1,2026-04-17,2058.192139,10.000000,2060.467041,50.000000,-6.000000,-1.000000,103023.343750,51.511673,-618140.062500,2081.120850,50.000000,-6.000000,-1.000000,104056.046875,52.028023,-624336.250000,2103.833008,50.000000,-6.000000,-1.000000,105191.648438,52.595825,-631149.875000,-1873626.250000,1868911.500000,934.455688,-5649.303223,30099.806641,24450.505859
ml,mean,-1,2026-04-18,2058.662842,10.000000,2061.297363,50.000000,-6.000000,0.000000,0.000000,0.000000,-618389.187500,2081.878418,50.000000,-6.000000,0.000000,0.000000,0.000000,-624563.625000,2104.439941,50.000000,-6.000000,0.000000,0.000000,0.000000,-631331.875000,-1874284.625000,1868911.500000,934.455688,-6307.787598,35406.773438,29098.982422
ml,mean,-1,2026-04-19,2059.101562,10.000000,2061.690674,50.000000,-6.000000,0.000000,0.000000,0.000000,-618507.187500,2082.219971,50.000000,-6.000000,0.000000,0.000000,0.000000,-624666.062500,2104.699707,50.000000,-6.000000,0.000000,0.000000,0.000000,-631409.937500,-1874583.125000,1868911.500000,934.455688,-6606.211426,40823.000000,34216.792969
ml,mean,-1,2026-04-20,2060.580811,10.000000,2062.596924,50.000000,-7.000000,-1.000000,103129.851562,51.564919,-721909.000000,2083.077637,50.000000,-7.000000,-1.000000,104153.882812,52.076935,-729077.125000,2105.464355,50.000000,-7.000000,-1.000000,105273.226562,52.636608,-736912.500000,-2187898.750000,2181468.250000,1090.734131,-7520.959473,48998.750000,41477.800781
ml,mean,-1,2026-04-21,2061.582764,10.000000,2063.469727,50.000000,-8.000000,-1.000000,103173.484375,51.586742,-825387.875000,2083.889404,50.000000,-8.000000,-1.000000,104194.460938,52.097233,-833555.687500,2106.181641,50.000000,-8.000000,-1.000000,105309.093750,52.654545,-842472.750000,-2501416.500000,2494145.250000,1247.072632,-8517.970703,55748.902344,47230.929688
ml,mean,-1,2026-04-22,2063.310303,10.000000,2064.714355,50.000000,-9.000000,-1.000000,103235.718750,51.617855,-929121.437500,2085.079102,50.000000,-9.000000,-1.000000,104253.945312,52.126976,-938285.562500,2107.275879,50.000000,-9.000000,-1.000000,105363.796875,52.681904,-948274.125000,-2815681.250000,2806999.000000,1403.499390,-10085.829102,64402.792969,54316.960938
ml,mean,-1,2026-04-23,2065.482666,10.000000,2066.709717,50.000000,-10.000000,-1.000000,103335.484375,51.667747,-1033354.875000,2087.086182,50.000000,-10.000000,-1.000000,104354.296875,52.177147,-1043543.000000,2109.230469,50.000000,-10.000000,-1.000000,105461.523438,52.730762,-1054615.250000,-3131513.000000,3120150.250000,1560.075073,-12923.068359,73972.070312,61049.003906
ml,mean,-1,2026-04-24,2065.077881,10.000000,2066.257568,50.000000,-11.000000,-1.000000,103312.890625,51.656445,-1136441.750000,2086.523926,50.000000,-11.000000,-1.000000,104326.187500,52.163094,-1147588.125000,2108.537842,50.000000,-11.000000,-1.000000,105426.890625,52.713448,-1159695.750000,-3443725.750000,3433216.000000,1716.608032,-12226.146484,77281.906250,65055.761719
ml,mean,-1,2026-04-25,2065.900146,10.000000,2066.260742,50.000000,-11.000000,0.000000,0.000000,0.000000,-1136443.500000,2086.484863,50.000000,-11.000000,0.000000,0.000000,0.000000,-1147566.625000,2108.378174,50.000000,-11.000000,0.000000,0.000000,0.000000,-1159608.000000,-3443618.250000,3433216.000000,1716.608032,-12118.561523,83657.789062,71539.234375
ml,mean,-1,2026-04-26,2067.892822,10.000000,2068.335938,50.000000,-11.000000,0.000000,0.000000,0.000000,-1137584.750000,2088.472412,50.000000,-11.000000,0.000000,0.000000,0.000000,-1148659.750000,2110.266357,50.000000,-11.000000,0.000000,0.000000,0.000000,-1160646.375000,-3446891.000000,3433216.000000,1716.608032,-15391.466797,93043.992188,77652.515625
ml,mean,-1,2026-04-27,2067.684570,10.000000,2068.216797,50.000000,-12.000000,-1.000000,103410.843750,51.705421,-1240930.000000,2088.280029,50.000000,-12.000000,-1.000000,104414.000000,52.206997,-1252968.000000,2109.984863,50.000000,-12.000000,-1.000000,105499.250000,52.749626,-1265991.000000,-3759889.500000,3746540.250000,1873.270142,-15222.173828,96939.500000,81717.320312
ml,mean,-1,2026-04-28,2067.957275,10.000000,2068.822998,50.000000,-13.000000,-1.000000,103441.148438,51.720573,-1344735.000000,2088.835449,50.000000,-13.000000,-1.000000,104441.765625,52.220886,-1357743.000000,2110.466064,50.000000,-13.000000,-1.000000,105523.296875,52.761650,-1371802.875000,-4074281.000000,4059946.500000,2029.973267,-16364.391602,102037.984375,85673.593750
ml,mean,-1,2026-04-29,2069.495605,10.000000,2070.036621,50.000000,-14.000000,-1.000000,103501.835938,51.750919,-1449025.750000,2090.024414,50.000000,-14.000000,-1.000000,104501.218750,52.250603,-1463017.000000,2111.633301,50.000000,-14.000000,-1.000000,105581.656250,52.790829,-1478143.125000,-4390186.000000,4373531.000000,2186.765625,-18841.410156,110381.093750,91539.687500
ml,mean,-1,2026-04-30,2070.181641,10.000000,2070.036621,50.000000,-15.000000,-1.000000,103501.835938,51.750919,-1552527.500000,2090.179443,50.000000,-15.000000,-1.000000,104508.968750,52.254486,-1567634.625000,2111.754883,50.000000,-15.000000,-1.000000,105587.742188,52.793869,-1583816.000000,-4703978.000000,4687129.500000,2343.564941,-19191.964844,111098.156250,91906.187500
ml,mean,-1,2026-05-01,2069.226318,10.000000,2070.036621,50.000000,-16.000000,-1.000000,103501.835938,51.750919,-1656029.375000,2088.002686,50.000000,-16.000000,-1.000000,104400.132812,52.200066,-1670402.125000,2109.462402,50.000000,-16.000000,-1.000000,105473.117188,52.736557,-1687569.875000,-5014001.500000,5000505.000000,2500.252197,-15996.761719,107914.218750,91917.460938
ml,mean,-1,2026-05-02,2069.446289,10.000000,2070.036621,50.000000,-16.000000,0.000000,0.000000,0.000000,-1656029.375000,2088.699951,50.000000,-16.000000,0.000000,0.000000,0.000000,-1670960.250000,2110.116211,50.000000,-16.000000,0.000000,0.000000,0.000000,-1688092.875000,-5015082.000000,5000505.000000,2500.252197,-17077.705078,107577.562500,90499.843750
ml,mean,-1,2026-05-03,2070.466553,10.000000,2070.036621,50.000000,-16.000000,0.000000,0.000000,0.000000,-1656029.375000,2089.484619,50.000000,-16.000000,0.000000,0.000000,0.000000,-1671587.750000,2110.791016,50.000000,-16.000000,0.000000,0.000000,0.000000,-1688632.750000,-5016250.000000,5000505.000000,2500.252197,-18245.162109,109284.945312,91039.781250
ml,mean,-1,2026-05-04,2070.263428,10.000000,2070.036621,50.000000,-17.000000,-1.000000,103501.835938,51.750919,-1759531.125000,2089.679688,50.000000,-17.000000,-1.000000,104483.992188,52.241989,-1776227.750000,2110.972900,50.000000,-17.000000,-1.000000,105548.640625,52.774319,-1794326.750000,-5330086.000000,5314039.000000,2657.019531,-18703.535156,107834.710938,89131.171875
ml,mean,-1,2026-05-05,2070.885254,10.000000,2070.036621,50.000000,-18.000000,-1.000000,103501.835938,51.750919,-1863032.875000,2089.456299,50.000000,-18.000000,-1.000000,104472.820312,52.236404,-1880510.750000,2110.653320,50.000000,-18.000000,-1.000000,105532.671875,52.766331,-1899588.125000,-5643132.000000,5627547.000000,2813.773193,-18398.910156,108633.546875,90234.625000
ml,mean,-1,2026-05-06,2071.672119,10.000000,2070.036621,50.000000,-19.000000,-1.000000,103501.835938,51.750919,-1966534.875000,2089.942627,50.000000,-19.000000,-1.000000,104497.125000,52.248558,-1985445.625000,2111.125000,50.000000,-19.000000,-1.000000,105556.242188,52.778130,-2005568.875000,-5957549.000000,5941102.000000,2970.550781,-19417.826172,109671.515625,90253.687500
ml,mean,-1,2026-05-07,2071.117920,10.000000,2070.036621,50.000000,-20.000000,-1.000000,103501.835938,51.750919,-2070036.625000,2088.898438,50.000000,-20.000000,-1.000000,104444.921875,52.222458,-2088898.500000,2109.996094,50.000000,-20.000000,-1.000000,105499.796875,52.749893,-2109995.750000,-6268931.000000,6254548.500000,3127.274170,-17509.902344,107204.468750,89694.578125
ml,mean,-1,2026-05-08,2071.567871,10.000000,2070.036621,50.000000,-21.000000,-1.000000,103501.835938,51.750919,-2173538.500000,2089.628418,50.000000,-21.000000,-1.000000,104481.414062,52.240707,-2194109.750000,2110.677734,50.000000,-21.000000,-1.000000,105533.890625,52.766941,-2216211.500000,-6583859.500000,6568065.000000,3284.032715,-19078.306641,107340.875000,88262.578125
ml,mean,-1,2026-05-09,2072.642578,10.000000,2070.036621,50.000000,-21.000000,0.000000,0.000000,0.000000,-2173538.500000,2090.275879,50.000000,-21.000000,0.000000,0.000000,0.000000,-2194789.750000,2111.296631,50.000000,-21.000000,0.000000,0.000000,0.000000,-2216861.250000,-6585190.000000,6568065.000000,3284.032715,-20408.355469,109165.296875,88756.945312
ml,mean,-1,2026-05-10,2073.074707,10.000000,2070.036621,50.000000,-21.000000,0.000000,0.000000,0.000000,-2173538.500000,2090.052734,50.000000,-21.000000,0.000000,0.000000,0.000000,-2194555.500000,2110.981689,50.000000,-21.000000,0.000000,0.000000,0.000000,-2216530.750000,-6584624.500000,6568065.000000,3284.032715,-19843.072266,109390.273438,89547.203125
ml,mean,-1,2026-05-11,2073.277588,10.000000,2070.036621,50.000000,-22.000000,-1.000000,103501.835938,51.750919,-2277040.250000,2090.212646,50.000000,-22.000000,-1.000000,104510.632812,52.255310,-2299234.000000,2111.125000,50.000000,-22.000000,-1.000000,105556.265625,52.778126,-2322237.500000,-6898512.500000,6881634.000000,3440.816895,-20318.433594,109032.820312,88714.398438
ml,mean,-1,2026-05-12,2073.415039,10.000000,2070.036621,50.000000,-23.000000,-1.000000,103501.835938,51.750919,-2380542.250000,2088.834229,50.000000,-23.000000,-1.000000,104441.710938,52.220852,-2402159.250000,2111.798584,50.000000,-23.000000,-1.000000,105589.929688,52.794960,-2428568.250000,-7211270.000000,7195167.500000,3597.583496,-19699.744141,108495.593750,88795.859375
ml,mean,-1,2026-05-13,2074.408203,10.000000,2070.036621,50.000000,-24.000000,-1.000000,103501.835938,51.750919,-2484044.250000,2089.626709,50.000000,-24.000000,-1.000000,104481.335938,52.240669,-2507552.000000,2112.526367,50.000000,-24.000000,-1.000000,105626.320312,52.813156,-2535031.500000,-7526628.000000,7508777.000000,3754.388428,-21604.982422,109972.234375,88367.250000
ml,mean,-1,2026-05-14,2075.485596,10.000000,2070.036621,50.000000,-25.000000,-1.000000,103501.835938,51.750919,-2587546.000000,2091.156250,50.000000,-25.000000,-1.000000,104557.812500,52.278900,-2613945.250000,2114.028564,50.000000,-25.000000,-1.000000,105701.429688,52.850712,-2642535.750000,-7844026.500000,7822538.000000,3911.269043,-25399.796875,111668.273438,86268.476562
ml,mean,-1,2026-05-15,2075.712158,10.000000,2070.036621,50.000000,-26.000000,-1.000000,103501.835938,51.750919,-2691047.750000,2091.204346,50.000000,-26.000000,-1.000000,104560.226562,52.280113,-2718566.000000,2114.072266,50.000000,-26.000000,-1.000000,105703.625000,52.851807,-2748294.000000,-8157907.500000,8136304.000000,4068.152100,-25671.740234,111354.289062,85682.546875
ml,mean,-1,2026-05-16,2075.720703,10.000000,2070.036621,50.000000,-26.000000,0.000000,0.000000,0.000000,-2691047.750000,2090.719238,50.000000,-26.000000,0.000000,0.000000,0.000000,-2717935.000000,2113.482178,50.000000,-26.000000,0.000000,0.000000,0.000000,-2747527.000000,-8156509.500000,8136304.000000,4068.152100,-24273.916016,110496.531250,86222.609375
ml,mean,-1,2026-05-17,2075.688477,10.000000,2070.036621,50.000000,-26.000000,0.000000,0.000000,0.000000,-2691047.750000,2089.920166,50.000000,-26.000000,0.000000,0.000000,0.000000,-2716896.250000,2112.416992,50.000000,-26.000000,0.000000,0.000000,0.000000,-2746142.250000,-8154086.000000,8136304.000000,4068.152100,-21850.242188,109692.460938,87842.210938
ml,mean,-1,2026-05-18,2076.183594,10.000000,2070.036621,50.000000,-27.000000,-1.000000,103501.835938,51.750919,-2794549.500000,2090.301758,50.000000,-27.000000,-1.000000,104515.078125,52.257542,-2821907.500000,2112.859619,50.000000,-27.000000,-1.000000,105642.984375,52.821491,-2852360.750000,-8468818.000000,8449964.000000,4224.981934,-23078.628906,109893.984375,86815.359375
ml,mean,-1,2026-05-19,2076.536133,10.000000,2070.036621,50.000000,-28.000000,-1.000000,103501.835938,51.750919,-2898051.500000,2090.901123,50.000000,-28.000000,-1.000000,104545.046875,52.272526,-2927261.250000,2113.485596,50.000000,-28.000000,-1.000000,105674.289062,52.837143,-2958880.000000,-8784194.000000,8763685.000000,4381.842285,-24889.662109,109979.281250,85089.625000
ml,mean,-1,2026-05-20,2077.664307,10.000000,2070.036621,50.000000,-29.000000,-1.000000,103501.835938,51.750919,-3001553.500000,2092.033936,50.000000,-29.000000,-1.000000,104601.703125,52.300850,-3033449.250000,2114.529785,50.000000,-29.000000,-1.000000,105726.484375,52.863239,-3066068.000000,-9101070.000000,9077515.000000,4538.757324,-28094.117188,111781.250000,83687.132812
ml,mean,-1,2026-05-21,2077.783203,10.000000,2070.036621,50.000000,-30.000000,-1.000000,103501.835938,51.750919,-3105055.000000,2091.672852,50.000000,-30.000000,-1.000000,104583.640625,52.291817,-3137509.500000,2114.165771,50.000000,-30.000000,-1.000000,105708.296875,52.854145,-3171249.000000,-9413813.000000,9391309.000000,4695.653809,-27199.970703,111153.500000,83953.531250
ml,mean,-1,2026-05-22,2077.781738,10.000000,2070.036621,50.000000,-31.000000,-1.000000,103501.835938,51.750919,-3208557.000000,2092.379883,50.000000,-31.000000,-1.000000,104619.000000,52.309502,-3243189.000000,2114.878662,50.000000,-31.000000,-1.000000,105743.921875,52.871964,-3278061.500000,-9729808.000000,9705173.000000,4852.586914,-29486.517578,110300.609375,80814.093750
ml,mean,-1,2026-05-23,2078.004395,10.000000,2070.036621,50.000000,-31.000000,0.000000,0.000000,0.000000,-3208557.000000,2092.219727,50.000000,-31.000000,0.000000,0.000000,0.000000,-3242940.500000,2114.677246,50.000000,-31.000000,0.000000,0.000000,0.000000,-3277750.000000,-9729247.000000,9705173.000000,4852.586914,-28926.423828,110189.226562,81262.804688
ml,mean,-1,2026-05-24,2079.006836,10.000000,2070.036621,50.000000,-31.000000,0.000000,0.000000,0.000000,-3208557.000000,2092.777344,50.000000,-31.000000,0.000000,0.000000,0.000000,-3243805.250000,2115.165039,50.000000,-31.000000,0.000000,0.000000,0.000000,-3278506.000000,-9730868.000000,9705173.000000,4852.586914,-30546.964844,111585.117188,81038.148438
ml,mean,-1,2026-05-25,2078.955078,10.000000,2070.036621,50.000000,-31.000000,0.000000,0.000000,0.000000,-3208557.000000,2091.910645,50.000000,-31.000000,0.000000,0.000000,0.000000,-3242461.500000,2114.141357,50.000000,-31.000000,0.000000,0.000000,0.000000,-3276919.250000,-9727938.000000,9705173.000000,4852.586914,-27616.886719,110566.390625,82949.500000
ml,mean,-1,2026-05-26,2079.393066,10.000000,2070.036621,50.000000,-32.000000,-1.000000,103501.835938,51.750919,-3312058.750000,2092.507812,50.000000,-32.000000,-1.000000,104625.390625,52.312695,-3348012.500000,2114.672363,50.000000,-32.000000,-1.000000,105733.609375,52.866798,-3383475.500000,-10043546.000000,10019034.000000,5009.517090,-29521.988281,110833.593750,81311.609375
ml,mean,-1,2026-05-27,2081.133057,10.000000,2070.036621,50.000000,-33.000000,-1.000000,103501.835938,51.750919,-3415560.250000,2094.274170,50.000000,-33.000000,-1.000000,104713.703125,52.356853,-3455552.000000,2116.434082,50.000000,-33.000000,-1.000000,105821.703125,52.910851,-3492116.750000,-10363229.000000,10333072.000000,5166.535645,-35324.093750,114228.960938,78904.882812
ml,mean,-1,2026-05-28,2080.677734,10.000000,2070.036621,50.000000,-34.000000,-1.000000,103501.835938,51.750919,-3519062.250000,2093.549316,50.000000,-34.000000,-1.000000,104677.453125,52.338730,-3559033.500000,2115.522705,50.000000,-34.000000,-1.000000,105776.140625,52.888077,-3596389.000000,-10674485.000000,10647027.000000,5323.513184,-32781.414062,112061.921875,79280.515625
ml,mean,-1,2026-05-29,2081.883789,10.000000,2070.036621,50.000000,-35.000000,-1.000000,103501.835938,51.750919,-3622564.000000,2094.361816,50.000000,-35.000000,-1.000000,104718.085938,52.359047,-3665133.500000,2116.286865,50.000000,-35.000000,-1.000000,105814.343750,52.907173,-3703501.750000,-10991200.000000,10961062.000000,5480.530273,-35618.875000,114069.695312,78450.820312
ml,mean,-1,2026-05-30,2081.872070,10.000000,2070.036621,50.000000,-35.000000,0.000000,0.000000,0.000000,-3622564.000000,2094.238770,50.000000,-35.000000,0.000000,0.000000,0.000000,-3664917.500000,2116.064941,50.000000,-35.000000,0.000000,0.000000,0.000000,-3703113.750000,-10990595.000000,10961062.000000,5480.530273,-35014.824219,113118.078125,78103.250000
ml,mean,-1,2026-05-31,2081.723633,10.000000,2070.036621,50.000000,-35.000000,0.000000,0.000000,0.000000,-3622564.000000,2093.421875,50.000000,-35.000000,0.000000,0.000000,0.000000,-3663488.000000,2115.196777,50.000000,-35.000000,0.000000,0.000000,0.000000,-3701594.500000,-10987647.000000,10961062.000000,5480.530273,-32066.005859,111719.640625,79653.640625
ml,mean,-1,2026-06-01,2082.207031,10.000000,2070.036621,50.000000,-35.970703,-0.970703,100414.101562,52.780159,-3722978.000000,2093.854248,50.000000,-36.000000,-1.000000,104692.703125,52.346355,-3768937.500000,2115.716309,50.000000,-36.000000,-1.000000,105785.828125,52.892910,-3808289.500000,-11300206.000000,11271954.000000,5638.549805,-33889.917969,111917.367188,78027.453125
ml,mean,-1,2026-06-02,2082.831299,10.000000,2070.036621,50.000000,-36.853516,-0.882812,91422.335938,55.777412,-3814400.500000,2093.882324,50.000000,-37.000000,-1.000000,104694.117188,52.347057,-3873682.500000,2115.702148,50.000000,-37.000000,-1.000000,105785.109375,52.892551,-3914048.750000,-11602132.000000,11573856.000000,5799.566895,-34076.000000,112485.609375,78409.609375
ml,mean,-1,2026-06-03,2082.842773,10.000000,2070.036621,50.000000,-37.583984,-0.730469,75934.093750,60.940163,-3890334.500000,2094.240723,50.000000,-38.000000,-1.000000,104712.046875,52.356022,-3979057.500000,2115.968750,50.000000,-38.000000,-1.000000,105798.429688,52.899216,-4020340.500000,-11889733.000000,11860299.000000,5965.762695,-35398.425781,111450.921875,76052.484375
ml,mean,-1,2026-06-04,2082.293945,10.000000,2070.036621,50.000000,-37.775391,-0.191406,21694.554688,79.020012,-3912029.000000,2092.990479,50.000000,-39.000000,-1.000000,104649.531250,52.324760,-4081331.250000,2114.683350,50.000000,-39.000000,-1.000000,105734.171875,52.867085,-4123633.000000,-12116994.000000,12092378.000000,6149.974121,-30765.091797,109201.406250,78436.312500
ml,mean,-1,2026-06-05,2082.515137,10.000000,2070.036621,50.000000,-37.767578,0.007812,3669.316895,85.028419,-3915698.500000,2092.622559,50.000000,-40.000000,-1.000000,104631.125000,52.315563,-4185244.750000,2114.322510,50.000000,-40.000000,-1.000000,105716.125000,52.858063,-4228645.000000,-12329588.000000,12306395.000000,6340.175781,-29533.917969,108784.539062,79250.617188
ml,mean,-1,2026-06-06,2083.107422,10.000000,2070.036621,50.000000,-37.767578,0.000000,0.000000,0.000000,-3915698.500000,2094.097412,50.000000,-40.000000,0.000000,0.000000,0.000000,-4188194.500000,2115.702393,50.000000,-40.000000,0.000000,0.000000,0.000000,-4231404.500000,-12335298.000000,12306395.000000,6340.175781,-35242.914062,109344.492188,74101.585938
ml,mean,-1,2026-06-07,2084.095703,10.000000,2070.036621,50.000000,-37.767578,0.000000,0.000000,0.000000,-3915698.500000,2094.513672,50.000000,-40.000000,0.000000,0.000000,0.000000,-4189026.750000,2116.068848,50.000000,-40.000000,0.000000,0.000000,0.000000,-4232138.000000,-12336864.000000,12306395.000000,6340.175781,-36808.535156,110780.500000,73971.968750
ml,mean,-1,2026-06-08,2083.652588,10.000000,2070.036621,50.000000,-38.117188,-0.349609,40126.367188,72.876068,-3955825.000000,2094.721191,50.000000,-41.000000,-1.000000,104736.078125,52.368034,-4294179.000000,2116.065918,50.000000,-41.000000,-1.000000,105803.296875,52.901646,-4337935.000000,-12587940.000000,12557061.000000,6518.322266,-37396.617188,108664.343750,71267.726562
ml,mean,-1,2026-06-09,2082.648438,10.000000,2070.036621,50.000000,-38.818359,-0.701172,73051.523438,61.901016,-4028876.250000,2093.080078,50.000000,-42.000000,-1.000000,104654.000000,52.326992,-4395467.500000,2114.398926,50.000000,-42.000000,-1.000000,105719.937500,52.859978,-4440237.500000,-12864581.000000,12840486.000000,6685.410156,-30781.023438,105243.500000,74462.468750
ml,mean,-1,2026-06-10,2082.239990,10.000000,2070.036621,50.000000,-39.009766,-0.191406,19213.214844,79.847122,-4048089.500000,2092.903564,50.000000,-43.000000,-1.000000,104645.179688,52.322586,-4499742.500000,2114.188232,50.000000,-43.000000,-1.000000,105709.414062,52.854706,-4545504.500000,-13093338.000000,13070054.000000,6870.433594,-30153.386719,103264.359375,73110.968750
ml,mean,-1,2026-06-11,2082.808838,10.000000,2070.036621,50.000000,-38.503906,0.505859,-54419.070312,104.391220,-3993670.500000,2092.389160,50.000000,-44.000000,-1.000000,104619.468750,52.309731,-4603256.000000,2113.602295,50.000000,-44.000000,-1.000000,105680.109375,52.840054,-4649924.500000,-13246851.000000,13225934.000000,7079.975098,-27997.363281,103775.414062,75778.046875
ml,mean,-1,2026-06-12,2083.000488,10.000000,2070.036621,50.000000,-37.746094,0.757812,-79860.609375,112.871719,-3913810.000000,2092.399414,50.000000,-45.000000,-1.000000,104619.968750,52.309986,-4707899.000000,2113.478516,50.000000,-45.000000,-1.000000,105673.921875,52.836956,-4755326.500000,-13377035.000000,13356368.000000,7297.994141,-27965.332031,103156.773438,75191.437500
ml,mean,-1,2026-06-13,2082.747559,10.000000,2070.036621,50.000000,-37.746094,0.000000,0.000000,0.000000,-3913810.000000,2092.133301,50.000000,-45.000000,0.000000,0.000000,0.000000,-4707299.500000,2113.130127,50.000000,-45.000000,0.000000,0.000000,0.000000,-4754543.000000,-13375652.000000,13356368.000000,7297.994141,-26582.746094,101467.421875,74884.679688
ml,mean,-1,2026-06-14,2082.921387,10.000000,2070.036621,50.000000,-37.746094,0.000000,0.000000,0.000000,-3913810.000000,2092.114502,50.000000,-45.000000,0.000000,0.000000,0.000000,-4707257.500000,2113.145996,50.000000,-45.000000,0.000000,0.000000,0.000000,-4754578.500000,-13375647.000000,13356368.000000,7297.994141,-26576.560547,101009.843750,74433.289062
ml,mean,-1,2026-06-15,2083.246582,10.000000,2070.036621,50.000000,-37.474609,0.271484,-24878.431641,94.544327,-3888931.250000,2092.342285,50.000000,-46.000000,-1.000000,104617.109375,52.308552,-4812387.000000,2113.333008,50.000000,-46.000000,-1.000000,105666.640625,52.833313,-4860665.000000,-13561984.000000,13541772.000000,7497.680176,-27709.048828,100855.914062,73146.867188
ml,mean,-1,2026-06-16,2083.434326,10.000000,2070.036621,50.000000,-38.093750,-0.619141,65155.398438,64.533058,-3954087.000000,2092.382324,50.000000,-47.000000,-1.000000,104619.109375,52.309555,-4917098.000000,2113.309326,50.000000,-47.000000,-1.000000,105665.468750,52.832733,-4966277.000000,-13837462.000000,13817213.000000,7667.355469,-27916.417969,100303.453125,72387.031250
ml,mean,-1,2026-06-17,2084.651855,10.000000,2070.036621,50.000000,-38.689453,-0.595703,61478.765625,65.758606,-4015565.750000,2093.323730,50.000000,-48.000000,-1.000000,104666.179688,52.333088,-5023977.000000,2114.190918,50.000000,-48.000000,-1.000000,105709.539062,52.854771,-5074058.500000,-14113600.000000,14089067.000000,7838.302734,-32371.533203,102418.492188,70046.960938
ml,mean,-1,2026-06-18,2085.328125,10.000000,2070.036621,50.000000,-38.558594,0.130859,-14521.290039,91.091965,-4001044.250000,2094.252930,50.000000,-49.000000,-1.000000,104712.640625,52.356323,-5130919.500000,2115.043945,50.000000,-49.000000,-1.000000,105752.203125,52.876095,-5181857.500000,-14313821.000000,14285010.000000,8034.626465,-36845.593750,103118.945312,66273.351562
ml,mean,-1,2026-06-19,2086.125732,10.000000,2070.036621,50.000000,-38.558594,0.000000,0.000000,0.000000,-4001044.250000,2094.847900,50.000000,-49.000000,0.000000,0.000000,0.000000,-5132377.000000,2115.715820,50.000000,-49.000000,0.000000,0.000000,0.000000,-5183504.000000,-14316926.000000,14285010.000000,8034.626465,-39949.921875,104120.539062,64170.617188
ml,mean,-1,2026-06-20,2086.480469,10.000000,2070.036621,50.000000,-38.558594,0.000000,0.000000,0.000000,-4001044.250000,2094.524658,50.000000,-49.000000,0.000000,0.000000,0.000000,-5131585.000000,2115.427734,50.000000,-49.000000,0.000000,0.000000,0.000000,-5182798.000000,-14315428.000000,14285010.000000,8034.626465,-38451.582031,104177.070312,65725.492188
ml,mean,-1,2026-06-21,2087.659424,10.000000,2070.036621,50.000000,-38.558594,0.000000,0.000000,0.000000,-4001044.250000,2095.799805,50.000000,-49.000000,0.000000,0.000000,0.000000,-5134709.500000,2116.617188,50.000000,-49.000000,0.000000,0.000000,0.000000,-5185712.000000,-14321466.000000,14285010.000000,8034.626465,-44489.570312,106171.343750,61681.769531
ml,mean,-1,2026-06-22,2089.033447,10.000000,2070.036621,50.000000,-37.419922,1.138672,-120026.023438,126.260208,-3881018.000000,2096.495361,50.000000,-50.000000,-1.000000,104824.765625,52.412380,-5241238.000000,2117.309570,50.000000,-50.000000,-1.000000,105865.476562,52.932735,-5293274.000000,-14415530.000000,14375675.000000,8266.231445,-48121.539062,108606.617188,60485.082031
ml,mean,-1,2026-06-23,2089.274658,10.000000,2070.036621,50.000000,-36.873047,0.546875,-53938.296875,104.230957,-3827080.000000,2096.486084,50.000000,-51.000000,-1.000000,104824.312500,52.412148,-5346040.000000,2117.355469,50.000000,-51.000000,-1.000000,105867.781250,52.933884,-5399256.000000,-14572377.000000,14532430.000000,8475.808594,-48422.835938,108210.789062,59787.953125
ml,mean,-1,2026-06-24,2089.405029,10.000000,2070.036621,50.000000,-37.193359,-0.320312,34193.167969,74.853806,-3861273.250000,2096.695068,50.000000,-52.000000,-1.000000,104834.765625,52.417381,-5451407.500000,2117.487549,50.000000,-52.000000,-1.000000,105874.375000,52.937187,-5505467.500000,-14818149.000000,14777331.000000,8656.017578,-49472.929688,107556.687500,58083.757812
ml,mean,-1,2026-06-25,2091.216064,10.000000,2070.036621,50.000000,-37.906250,-0.712891,73178.476562,61.858700,-3934452.000000,2098.031250,50.000000,-53.000000,-1.000000,104901.562500,52.450779,-5559783.000000,2118.764893,50.000000,-53.000000,-1.000000,105938.242188,52.969116,-5614727.000000,-15108962.000000,15061350.000000,8823.295898,-56434.820312,111111.367188,54676.554688
ml,mean,-1,2026-06-26,2090.856445,10.000000,2070.036621,50.000000,-38.273438,-0.367188,37917.414062,73.612389,-3972369.500000,2098.091553,50.000000,-54.000000,-1.000000,104904.578125,52.452286,-5664846.500000,2118.764404,50.000000,-54.000000,-1.000000,105938.218750,52.969112,-5720663.500000,-15357880.000000,15310110.000000,9002.329102,-56772.328125,109227.406250,52455.070312
ml,mean,-1,2026-06-27,2090.534180,10.000000,2070.036621,50.000000,-38.273438,0.000000,0.000000,0.000000,-3972369.500000,2097.193848,50.000000,-54.000000,0.000000,0.000000,0.000000,-5662423.500000,2117.906982,50.000000,-54.000000,0.000000,0.000000,0.000000,-5718349.500000,-15353142.000000,15310110.000000,9002.329102,-52034.140625,107460.640625,55426.492188
ml,mean,-1,2026-06-28,2090.969727,10.000000,2070.036621,50.000000,-38.273438,0.000000,0.000000,0.000000,-3972369.500000,2097.236084,50.000000,-54.000000,0.000000,0.000000,0.000000,-5662538.000000,2117.802490,50.000000,-54.000000,0.000000,0.000000,0.000000,-5718067.000000,-15352973.000000,15310110.000000,9002.329102,-51865.972656,107545.140625,55679.171875
ml,mean,-1,2026-06-29,2091.816650,10.000000,2070.036621,50.000000,-37.492188,0.781250,-82802.117188,113.852234,-3889567.000000,2097.614014,50.000000,-55.000000,-1.000000,104880.703125,52.440353,-5768438.500000,2118.204590,50.000000,-55.000000,-1.000000,105910.234375,52.955112,-5825063.000000,-15483069.000000,15438099.000000,9221.576172,-54191.148438,108722.234375,54531.085938
ml,mean,-1,2026-06-30,2091.764893,10.000000,2070.036621,50.000000,-36.552734,0.939453,-96923.460938,118.559341,-3792643.500000,2097.013184,50.000000,-56.000000,-1.000000,104850.648438,52.425323,-5871636.000000,2117.596191,50.000000,-56.000000,-1.000000,105879.796875,52.939896,-5929269.000000,-15593549.000000,15551906.000000,9445.501953,-51088.757812,107669.906250,56581.148438
ml,mean,-1,2026-07-01,2092.913574,10.000000,2070.036621,50.000000,-36.445312,0.107422,-8435.267578,89.063271,-3784208.500000,2099.071289,50.000000,-57.000000,-1.000000,104953.554688,52.476780,-5982353.500000,2119.688721,50.000000,-57.000000,-1.000000,105984.445312,52.992218,-6041113.500000,-15807674.000000,15754407.000000,9640.034180,-62906.234375,109550.265625,46644.039062
ml,mean,-1,2026-07-02,2094.014893,10.000000,2070.036621,50.000000,-37.082031,-0.636719,65335.488281,64.473030,-3849543.500000,2099.473877,50.000000,-58.000000,-1.000000,104973.687500,52.486847,-6088474.000000,2120.130615,50.000000,-58.000000,-1.000000,106006.523438,53.003262,-6148378.500000,-16086396.000000,16030724.000000,9809.998047,-65482.367188,111257.679688,45775.316406
ml,mean,-1,2026-07-03,2094.148193,10.000000,2070.036621,50.000000,-37.759766,-0.677734,69941.046875,62.937840,-3919485.000000,2099.180176,50.000000,-59.000000,-1.000000,104959.000000,52.479500,-6192581.000000,2119.756348,50.000000,-59.000000,-1.000000,105987.820312,52.993912,-6253281.000000,-16365347.000000,16311612.000000,9978.408203,-63713.957031,110669.187500,46955.226562
ml,mean,-1,2026-07-04,2093.741455,10.000000,2070.036621,50.000000,-37.759766,0.000000,0.000000,0.000000,-3919485.000000,2098.319336,50.000000,-59.000000,0.000000,0.000000,0.000000,-6190042.000000,2118.904541,50.000000,-59.000000,0.000000,0.000000,0.000000,-6250768.000000,-16360295.000000,16311612.000000,9978.408203,-58661.265625,108968.890625,50307.621094
ml,mean,-1,2026-07-05,2095.481445,10.000000,2070.036621,50.000000,-37.759766,0.000000,0.000000,0.000000,-3919485.000000,2100.507080,50.000000,-59.000000,0.000000,0.000000,0.000000,-6196496.000000,2121.032227,50.000000,-59.000000,0.000000,0.000000,0.000000,-6257045.000000,-16373026.000000,16311612.000000,9978.408203,-71391.914062,111874.507812,40482.601562
ml,mean,-1,2026-07-06,2094.379639,10.000000,2070.036621,50.000000,-37.552734,0.207031,-21937.025391,93.563866,-3897548.000000,2099.617432,50.000000,-60.000000,-1.000000,104980.890625,52.490440,-6298853.000000,2120.089111,50.000000,-60.000000,-1.000000,106004.460938,53.002228,-6360267.500000,-16556668.000000,16500659.000000,10177.463867,-66185.382812,108608.796875,42423.414062
ml,mean,-1,2026-07-07,2095.134033,10.000000,2070.036621,50.000000,-36.707031,0.845703,-88773.992188,115.842850,-3808774.000000,2099.636719,50.000000,-61.000000,-1.000000,104981.851562,52.490929,-6403892.500000,2120.167969,50.000000,-61.000000,-1.000000,106008.406250,53.004192,-6466512.000000,-16679179.000000,16622876.000000,10398.801758,-66700.835938,109348.648438,42647.808594
ml,mean,-1,2026-07-08,2094.789062,10.000000,2070.036621,50.000000,-35.908203,0.798828,-80211.531250,112.988701,-3728562.500000,2098.897461,50.000000,-62.000000,-1.000000,104944.867188,52.472431,-6506582.000000,2119.413330,50.000000,-62.000000,-1.000000,105970.656250,52.985329,-6570181.000000,-16805326.000000,16753581.000000,10617.249023,-62361.933594,107914.500000,45552.562500
ml,mean,-1,2026-07-09,2095.236572,10.000000,2070.036621,50.000000,-36.246094,-0.337891,35319.382812,74.478401,-3763881.750000,2099.110840,50.000000,-63.000000,-1.000000,104955.539062,52.477768,-6612199.500000,2119.572266,50.000000,-63.000000,-1.000000,105978.617188,52.989304,-6676652.500000,-17052734.000000,16999834.000000,10797.195312,-63696.609375,108044.609375,44348.003906
ml,mean,-1,2026-07-10,2095.566895,10.000000,2070.036621,50.000000,-36.976562,-0.730469,74584.640625,61.389980,-3838466.250000,2099.836914,50.000000,-64.000000,-1.000000,104991.843750,52.495926,-6719478.000000,2120.190430,50.000000,-64.000000,-1.000000,106009.531250,53.004761,-6784610.000000,-17342556.000000,17285420.000000,10964.085938,-68097.890625,107940.468750,39842.570312
ml,mean,-1,2026-07-11,2095.485352,10.000000,2070.036621,50.000000,-36.976562,0.000000,0.000000,0.000000,-3838466.250000,2099.638916,50.000000,-64.000000,0.000000,0.000000,0.000000,-6718844.000000,2119.968262,50.000000,-64.000000,0.000000,0.000000,0.000000,-6783897.500000,-17341208.000000,17285420.000000,10964.085938,-66752.578125,107186.679688,40434.097656
ml,mean,-1,2026-07-12,2095.084473,10.000000,2070.036621,50.000000,-36.976562,0.000000,0.000000,0.000000,-3838466.250000,2098.248535,50.000000,-64.000000,0.000000,0.000000,0.000000,-6714394.500000,2118.508057,50.000000,-64.000000,0.000000,0.000000,0.000000,-6779225.000000,-17332086.000000,17285420.000000,10964.085938,-57630.679688,105913.820312,48283.140625
ml,mean,-1,2026-07-13,2096.121826,10.000000,2070.036621,50.000000,-37.384766,-0.408203,42212.093750,72.180832,-3880678.250000,2099.173828,50.000000,-65.000000,-1.000000,104958.687500,52.479347,-6822315.000000,2119.447998,50.000000,-65.000000,-1.000000,105972.406250,52.986202,-6888206.000000,-17591198.000000,17538564.000000,11141.731445,-63778.093750,106983.070312,43204.964844
ml,mean,-1,2026-07-14,2096.845947,10.000000,2070.036621,50.000000,-36.832031,0.552734,-57542.121094,105.432236,-3823136.500000,2099.112549,50.000000,-66.000000,-1.000000,104955.640625,52.477818,-6927072.000000,2119.420410,50.000000,-66.000000,-1.000000,105971.015625,52.985508,-6994087.000000,-17744296.000000,17691948.000000,11352.627930,-63700.410156,107488.562500,43788.144531
ml,mean,-1,2026-07-15,2097.169189,10.000000,2070.036621,50.000000,-35.687500,1.144531,-118141.539062,125.632042,-3704994.750000,2100.629639,50.000000,-67.000000,-1.000000,105031.484375,52.515739,-7037109.000000,2120.935791,50.000000,-67.000000,-1.000000,106046.789062,53.023392,-7105134.500000,-17847240.000000,17784884.000000,11583.797852,-73938.437500,107388.906250,33450.468750
ml,mean,-1,2026-07-16,2097.892822,10.000000,2070.036621,50.000000,-35.462891,0.224609,-21580.898438,93.445160,-3683414.000000,2101.297363,50.000000,-68.000000,-1.000000,105064.875000,52.532440,-7144412.000000,2121.515381,50.000000,-68.000000,-1.000000,106075.765625,53.037884,-7213152.500000,-18040978.000000,17974446.000000,11782.813477,-78316.585938,107836.468750,29519.882812
ml,mean,-1,2026-07-17,2097.804199,10.000000,2070.036621,50.000000,-36.093750,-0.630859,63816.207031,64.979454,-3747229.750000,2101.457275,50.000000,-69.000000,-1.000000,105072.859375,52.536430,-7250027.500000,2121.676514,50.000000,-69.000000,-1.000000,106083.820312,53.041908,-7319784.000000,-18317040.000000,18249416.000000,11953.372070,-79577.812500,107271.257812,27693.441406
ml,mean,-1,2026-07-18,2097.606689,10.000000,2070.036621,50.000000,-36.093750,0.000000,0.000000,0.000000,-3747229.750000,2100.864014,50.000000,-69.000000,0.000000,0.000000,0.000000,-7247980.000000,2121.074707,50.000000,-69.000000,0.000000,0.000000,0.000000,-7317707.500000,-18312920.000000,18249416.000000,11953.372070,-75454.390625,106636.210938,31181.820312
ml,mean,-1,2026-07-19,2097.040039,10.000000,2070.036621,50.000000,-36.093750,0.000000,0.000000,0.000000,-3747229.750000,2098.598633,50.000000,-69.000000,0.000000,0.000000,0.000000,-7240166.000000,2118.754150,50.000000,-69.000000,0.000000,0.000000,0.000000,-7309702.500000,-18297098.000000,18249416.000000,11953.372070,-59634.101562,105592.562500,45958.472656
ml,mean,-1,2026-07-20,2097.678955,10.000000,2070.036621,50.000000,-36.683594,-0.589844,60859.203125,65.965126,-3808089.250000,2099.395508,50.000000,-70.000000,-1.000000,104969.781250,52.484886,-7347884.500000,2119.525879,50.000000,-70.000000,-1.000000,105976.289062,52.988144,-7418341.000000,-18574314.000000,18521224.000000,12124.810547,-65217.074219,105859.296875,40642.222656
ml,mean,-1,2026-07-21,2098.054688,10.000000,2070.036621,50.000000,-36.693359,-0.009766,1199.588257,85.851669,-3809289.000000,2099.338379,50.000000,-71.000000,-1.000000,104966.914062,52.483463,-7452651.500000,2119.417969,50.000000,-71.000000,-1.000000,105970.898438,52.985443,-7523933.500000,-18785874.000000,18733360.000000,12316.129883,-64829.722656,105845.828125,41016.109375
ml,mean,-1,2026-07-22,2098.519775,10.000000,2070.036621,50.000000,-35.718750,0.974609,-100358.015625,119.704208,-3708931.000000,2100.093018,50.000000,-71.988281,-0.988281,103716.765625,52.931618,-7559046.500000,2120.178711,50.000000,-72.000000,-1.000000,106008.937500,53.004467,-7632643.000000,-18900622.000000,18842726.000000,12541.771484,-70435.179688,105918.578125,35483.398438
ml,mean,-1,2026-07-23,2098.531250,10.000000,2070.036621,50.000000,-34.990234,0.728516,-74017.851562,110.924141,-3634912.750000,2100.333008,50.000000,-72.953125,-0.964844,101216.765625,53.774952,-7661126.000000,2120.399414,50.000000,-73.000000,-1.000000,106019.976562,53.009987,-7739458.000000,-19035498.000000,18975946.000000,12759.480469,-72310.093750,105638.937500,33328.847656
ml,mean,-1,2026-07-24,2098.563232,10.000000,2070.036621,50.000000,-35.281250,-0.291016,29430.523438,76.441345,-3664343.500000,2099.680420,50.000000,-73.906250,-0.953125,99856.398438,54.201210,-7758609.500000,2119.752197,50.000000,-74.000000,-1.000000,105987.617188,52.993809,-7843083.500000,-19266034.000000,19211220.000000,12943.116211,-67758.476562,105413.750000,37655.269531
ml,mean,-1,2026-07-25,2099.474854,10.000000,2070.036621,50.000000,-35.281250,0.000000,0.000000,0.000000,-3664343.500000,2099.932861,50.000000,-73.906250,0.000000,0.000000,0.000000,-7759591.500000,2120.017090,50.000000,-74.000000,0.000000,0.000000,0.000000,-7844064.500000,-19268000.000000,19211220.000000,12943.116211,-69721.125000,105702.593750,35981.468750
ml,mean,-1,2026-07-26,2100.260010,10.000000,2070.036621,50.000000,-35.281250,0.000000,0.000000,0.000000,-3664343.500000,2101.287109,50.000000,-73.906250,0.000000,0.000000,0.000000,-7764609.000000,2121.319092,50.000000,-74.000000,0.000000,0.000000,0.000000,-7848880.000000,-19277832.000000,19211220.000000,12943.116211,-79554.609375,105922.906250,26368.291016
ml,mean,-1,2026-07-27,2100.012451,10.000000,2070.036621,50.000000,-35.947266,-0.666016,67569.890625,63.728230,-3731913.500000,2100.462402,50.000000,-74.824219,-0.917969,96259.656250,55.432716,-7857824.000000,2120.461182,50.000000,-75.000000,-1.000000,106023.062500,53.011528,-7951729.500000,-19541468.000000,19481072.000000,13115.289062,-73508.578125,105583.554688,32074.968750
ml,mean,-1,2026-07-28,2099.371582,10.000000,2070.036621,50.000000,-36.326172,-0.378906,39444.015625,73.103523,-3771357.500000,2099.347168,50.000000,-75.707031,-0.882812,92422.023438,56.665451,-7946132.000000,2119.299805,50.000000,-76.000000,-1.000000,105964.984375,52.982491,-8053338.000000,-19770830.000000,19718904.000000,13298.040039,-65221.542969,105142.015625,39920.468750
ml,mean,-1,2026-07-29,2098.205566,10.000000,2070.036621,50.000000,-36.857422,-0.531250,55588.054688,67.722176,-3826945.500000,2098.011719,50.000000,-70.707031,5.000000,-524502.937500,262.251434,-7416593.000000,2117.898193,50.000000,-77.000000,-1.000000,105894.906250,52.947449,-8153907.500000,-19397446.000000,19355884.000000,13680.960938,-55242.558594,104642.835938,49400.281250
ml,mean,-1,2026-07-30,2098.141113,10.000000,2070.036621,50.000000,-36.509766,0.347656,-32297.240234,97.017273,-3794648.500000,2098.011719,50.000000,-65.707031,5.000000,-524502.937500,262.251434,-6892090.000000,2117.226074,50.000000,-78.000000,-1.000000,105861.304688,52.930649,-8257182.000000,-18943920.000000,18904946.000000,14093.160156,-53067.867188,104552.484375,51484.632812
ml,mean,-1,2026-07-31,2098.841797,10.000000,2070.036621,50.000000,-35.810547,0.699219,-68318.312500,109.024300,-3726330.000000,2098.011719,50.000000,-60.707031,5.000000,-524502.937500,262.251434,-6367587.000000,2118.147461,50.000000,-79.000000,-1.000000,105907.359375,52.953678,-8366681.000000,-18460598.000000,18418030.000000,14517.390625,-57084.746094,104615.867188,47531.117188
ml,mean,-1,2026-08-01,2099.302979,10.000000,2070.036621,50.000000,-35.810547,0.000000,0.000000,0.000000,-3726330.000000,2098.011719,50.000000,-60.707031,0.000000,0.000000,0.000000,-6367587.000000,2118.507324,50.000000,-79.000000,0.000000,0.000000,0.000000,-8368103.500000,-18462020.000000,18418030.000000,14517.390625,-58506.222656,104626.304688,46120.089844
ml,mean,-1,2026-08-02,2100.114502,10.000000,2070.036621,50.000000,-35.810547,0.000000,0.000000,0.000000,-3726330.000000,2098.011719,50.000000,-60.707031,0.000000,0.000000,0.000000,-6367587.000000,2119.078613,50.000000,-79.000000,0.000000,0.000000,0.000000,-8370361.500000,-18464280.000000,18418030.000000,14517.390625,-60764.464844,104636.515625,43872.054688
ml,mean,-1,2026-08-03,2099.845215,10.000000,2070.036621,50.000000,-35.650391,0.160156,-21053.234375,93.269272,-3705276.500000,2098.011719,50.000000,-55.712891,4.994141,-523860.312500,262.037231,-5843727.000000,2118.599121,50.000000,-80.000000,-1.000000,105929.945312,52.964973,-8474396.000000,-18023398.000000,17979048.000000,14925.661133,-59277.070312,104646.828125,45369.753906
ml,mean,-1,2026-08-04,2099.528320,10.000000,2070.036621,50.000000,-35.923828,-0.273438,25593.484375,77.720367,-3730870.000000,2098.011719,50.000000,-51.298828,4.414062,-452812.343750,238.354584,-5390915.000000,2117.737549,50.000000,-81.000000,-1.000000,105886.890625,52.943436,-8576837.000000,-17698622.000000,17657716.000000,15294.678711,-56200.757812,104657.070312,48456.312500
ml,mean,-1,2026-08-05,2099.931152,10.000000,2070.036621,50.000000,-35.341797,0.582031,-59881.925781,106.212158,-3670988.250000,2098.011719,50.000000,-48.718750,2.580078,-246672.015625,169.641144,-5144243.000000,2117.902832,50.000000,-82.000000,-1.000000,105895.156250,52.947571,-8683402.000000,-17498632.000000,17457056.000000,15623.481445,-57199.070312,104667.210938,47468.144531
ml,mean,-1,2026-08-06,2100.075439,10.000000,2070.036621,50.000000,-34.478516,0.863281,-83363.453125,114.039345,-3587625.000000,2098.011719,50.000000,-47.281250,1.437500,-131957.921875,131.403107,-5012285.000000,2118.510254,50.000000,-83.000000,-1.000000,105925.500000,52.962749,-8791818.000000,-17391726.000000,17347660.000000,15921.886719,-59987.472656,104667.210938,44679.742188
ml,mean,-1,2026-08-07,2100.295898,10.000000,2070.036621,50.000000,-34.705078,-0.226562,24652.917969,78.033882,-3612277.750000,2098.011719,50.000000,-47.794922,-0.513672,48593.746094,71.219238,-5060878.500000,2118.695312,50.000000,-84.000000,-1.000000,105934.781250,52.967388,-8898521.000000,-17571678.000000,17526844.000000,16124.107422,-60958.648438,104667.210938,43708.562500
ml,mean,-1,2026-08-08,2102.867676,10.000000,2070.036621,50.000000,-34.705078,0.000000,0.000000,0.000000,-3612277.750000,2098.011719,50.000000,-47.794922,0.000000,0.000000,0.000000,-5060878.500000,2121.194580,50.000000,-84.000000,0.000000,0.000000,0.000000,-8909017.000000,-17582174.000000,17526844.000000,16124.107422,-71454.429688,104667.210938,33212.781250
ml,mean,-1,2026-08-09,2103.603271,10.000000,2070.036621,50.000000,-34.705078,0.000000,0.000000,0.000000,-3612277.750000,2098.011719,50.000000,-47.794922,0.000000,0.000000,0.000000,-5060878.500000,2121.342285,50.000000,-84.000000,0.000000,0.000000,0.000000,-8909637.000000,-17582794.000000,17526844.000000,16124.107422,-72074.640625,104667.210938,32592.568359
ml,mean,-1,2026-08-10,2104.107666,10.000000,2070.036621,50.000000,-34.767578,-0.062500,3292.963867,85.153870,-3615570.750000,2098.011719,50.000000,-47.458984,0.335938,-28475.250000,96.908905,-5032403.500000,2120.639648,50.000000,-85.000000,-1.000000,106031.992188,53.015991,-9012720.000000,-17660692.000000,17607692.000000,16359.185547,-69359.570312,104667.210938,35307.640625
ml,mean,-1,2026-08-11,2103.541016,10.000000,2070.036621,50.000000,-34.947266,-0.179688,14093.386719,81.553726,-3629664.000000,2098.011719,50.000000,-47.251953,0.207031,-30162.236328,97.471230,-5002241.000000,2120.251465,50.000000,-86.000000,-1.000000,106012.578125,53.006287,-9117082.000000,-17748986.000000,17697636.000000,16591.216797,-67941.546875,104667.210938,36725.660156
ml,mean,-1,2026-08-12,2105.075684,10.000000,2070.036621,50.000000,-35.279297,-0.332031,33814.148438,74.980148,-3663478.250000,2098.011719,50.000000,-47.378906,-0.126953,4959.433594,85.764000,-5007201.000000,2122.005615,50.000000,-87.000000,-1.000000,106100.281250,53.050137,-9230725.000000,-17901404.000000,17842510.000000,16805.011719,-75698.062500,104667.210938,28969.148438
ml,mean,-1,2026-08-13,2105.913574,10.000000,2070.036621,50.000000,-34.902344,0.376953,-36026.152344,98.260239,-3627452.000000,2098.011719,50.000000,-47.488281,-0.109375,9001.500977,84.416641,-5016202.000000,2122.395752,50.000000,-88.000000,-1.000000,106119.789062,53.059895,-9338542.000000,-17982196.000000,17921606.000000,17040.748047,-77631.164062,104667.210938,27036.050781
ml,mean,-1,2026-08-14,2106.511475,10.000000,2070.036621,50.000000,-34.296875,0.605469,-57483.664062,105.412743,-3569968.500000,2098.011719,50.000000,-47.187500,0.300781,-24581.148438,95.610855,-4991621.000000,2122.532471,50.000000,-89.000000,-1.000000,106126.625000,53.063309,-9445270.000000,-18006858.000000,17945668.000000,17294.835938,-78486.242188,104667.210938,26180.966797
ml,mean,-1,2026-08-15,2105.754883,10.000000,2070.036621,50.000000,-34.296875,0.000000,0.000000,0.000000,-3569968.500000,2098.011719,50.000000,-47.187500,0.000000,0.000000,0.000000,-4991621.000000,2121.404297,50.000000,-89.000000,0.000000,0.000000,0.000000,-9440250.000000,-18001838.000000,17945668.000000,17294.835938,-73466.187500,104667.210938,31201.019531
ml,mean,-1,2026-08-16,2106.435547,10.000000,2070.036621,50.000000,-34.296875,0.000000,0.000000,0.000000,-3569968.500000,2098.011719,50.000000,-47.187500,0.000000,0.000000,0.000000,-4991621.000000,2121.908691,50.000000,-89.000000,0.000000,0.000000,0.000000,-9442494.000000,-18004084.000000,17945668.000000,17294.835938,-75711.218750,104667.210938,28955.988281
ml,mean,-1,2026-08-17,2107.963867,10.000000,2070.036621,50.000000,-33.966797,0.330078,-36133.300781,98.295959,-3533835.000000,2098.011719,50.000000,-46.464844,0.722656,-63648.695312,108.633369,-4927972.000000,2123.769043,50.000000,-89.988281,-0.988281,104911.023438,53.520035,-9555683.000000,-18017492.000000,17950796.000000,17555.283203,-84249.312500,104667.210938,20417.898438
ml,mean,-1,2026-08-18,2109.121826,10.000000,2070.036621,50.000000,-34.152344,-0.185547,14432.192383,81.440796,-3548267.250000,2098.011719,50.000000,-46.363281,0.101562,-17234.589844,93.162010,-4910738.000000,2124.800049,50.000000,-90.970703,-0.982422,104380.843750,53.739716,-9664695.000000,-18123700.000000,18052376.000000,17783.625000,-89109.390625,104667.210938,15557.824219
ml,mean,-1,2026-08-19,2110.139648,10.000000,2070.036621,50.000000,-34.531250,-0.378906,37570.328125,73.728088,-3585837.500000,2098.011719,50.000000,-46.425781,-0.062500,-2468.059082,88.239838,-4908269.500000,2125.370605,50.000000,-91.935547,-0.964844,102648.250000,54.341026,-9769930.000000,-18264038.000000,18190126.000000,17999.935547,-91912.265625,104667.210938,12754.950195
ml,mean,-1,2026-08-20,2112.256836,10.000000,2070.036621,50.000000,-34.189453,0.341797,-33022.320312,97.258965,-3552815.250000,2098.011719,50.000000,-46.242188,0.183594,-20371.218750,94.207550,-4887898.500000,2128.331543,50.000000,-92.876953,-0.941406,100219.515625,55.273983,-9883800.000000,-18324516.000000,18236952.000000,18246.675781,-105809.218750,104667.210938,-1142.009766
ml,mean,-1,2026-08-21,2112.465088,10.000000,2070.036621,50.000000,-33.308594,0.880859,-84733.054688,114.495880,-3468082.250000,2098.011719,50.000000,-45.648438,0.593750,-51891.445312,104.714302,-4836007.000000,2127.700928,50.000000,-93.818359,-0.941406,100090.984375,55.290550,-9980906.000000,-18284996.000000,18200418.000000,18521.175781,-103098.171875,104667.210938,1569.047852
ml,mean,-1,2026-08-22,2114.320557,10.000000,2070.036621,50.000000,-33.308594,0.000000,0.000000,0.000000,-3468082.250000,2098.011719,50.000000,-45.648438,0.000000,0.000000,0.000000,-4836007.000000,2128.977539,50.000000,-93.818359,0.000000,0.000000,0.000000,-9986840.000000,-18290928.000000,18200418.000000,18521.175781,-109032.156250,104667.210938,-4364.936523
ml,mean,-1,2026-08-23,2115.076660,10.000000,2070.036621,50.000000,-33.308594,0.000000,0.000000,0.000000,-3468082.250000,2098.011719,50.000000,-45.648438,0.000000,0.000000,0.000000,-4836007.000000,2128.913330,50.000000,-93.818359,0.000000,0.000000,0.000000,-9986532.000000,-18290620.000000,18200418.000000,18521.175781,-108724.593750,104667.210938,-4057.371094
ml,mean,-1,2026-08-24,2115.746094,10.000000,2070.036621,50.000000,-29.726562,3.582031,-375915.218750,211.556595,-3092167.000000,2098.011719,50.000000,-40.800781,4.847656,-505511.406250,255.920929,-4330496.000000,2129.411133,50.000000,-92.796875,1.021484,-89681.867188,118.619415,-9899181.000000,-17321842.000000,17229308.000000,19107.273438,-111640.625000,104667.210938,-6973.415039
ml,mean,-1,2026-08-25,2117.671387,10.000000,2070.036621,50.000000,-26.484375,3.242188,-339565.062500,199.439880,-2752601.750000,2098.011719,50.000000,-35.818359,4.982422,-522868.687500,261.706696,-3807626.750000,2131.739258,50.000000,-90.750000,2.046875,-186432.968750,150.966782,-9723534.000000,-16283763.000000,16180444.000000,19719.386719,-123040.000000,104667.210938,-18372.796875
ml,mean,-1,2026-08-26,2118.307617,10.000000,2070.036621,50.000000,-25.398438,1.085938,-110314.625000,123.023064,-2642287.250000,2098.011719,50.000000,-34.808594,1.009766,-104799.796875,122.350410,-3702827.250000,2132.303223,50.000000,-88.685547,2.064453,-188777.671875,151.771851,-9537210.000000,-15882324.000000,15776552.000000,20116.533203,-125890.546875,104667.210938,-21223.326172
ml,mean,-1,2026-08-27,2119.332520,10.000000,2070.036621,50.000000,-23.984375,1.414062,-142526.843750,133.760468,-2499760.500000,2098.011719,50.000000,-34.777344,0.031250,-13051.958984,91.767799,-3689775.250000,2132.688965,50.000000,-87.166016,1.519531,-136989.171875,134.525101,-9401578.000000,-15591114.000000,15483983.000000,20476.585938,-127607.625000,104667.210938,-22940.398438
ml,mean,-1,2026-08-28,2120.080322,10.000000,2070.036621,50.000000,-24.234375,-0.250000,21136.519531,79.206017,-2520897.000000,2098.011719,50.000000,-34.652344,0.125000,-18435.810547,93.562416,-3671339.500000,2133.909180,50.000000,-86.531250,0.634766,-52847.597656,106.528732,-9354034.000000,-15546270.000000,15433836.000000,20755.882812,-133191.062500,104667.210938,-28523.853516
ml,mean,-1,2026-08-29,2121.284424,10.000000,2070.036621,50.000000,-24.234375,0.000000,0.000000,0.000000,-2520897.000000,2098.011719,50.000000,-34.652344,0.000000,0.000000,0.000000,-3671339.500000,2135.074463,50.000000,-86.531250,0.000000,0.000000,0.000000,-9359550.000000,-15551785.000000,15433836.000000,20755.882812,-138706.750000,104667.210938,-34039.515625
ml,mean,-1,2026-08-30,2122.956299,10.000000,2070.036621,50.000000,-24.234375,0.000000,0.000000,0.000000,-2520897.000000,2098.011719,50.000000,-34.652344,0.000000,0.000000,0.000000,-3671339.500000,2135.570068,50.000000,-86.531250,0.000000,0.000000,0.000000,-9361530.000000,-15553766.000000,15433836.000000,20755.882812,-140686.000000,104667.210938,-36018.789062
ml,mean,-1,2026-08-31,2122.450439,10.000000,2070.036621,50.000000,-25.011719,-0.777344,79048.992188,59.901863,-2599946.250000,2098.011719,50.000000,-33.830078,0.822266,-78854.648438,113.702026,-3592484.750000,2135.265137,50.000000,-86.435547,0.095703,-3096.900879,90.001663,-9357624.000000,-15550054.000000,15430932.000000,21019.488281,-140141.109375,104667.210938,-35473.886719
ml,mean,-1,2026-09-01,2121.736816,10.000000,2070.036621,50.000000,-25.548828,-0.537109,55708.003906,67.682190,-2655654.000000,2098.011719,50.000000,-33.558594,0.271484,-17944.328125,93.398598,-3574540.500000,2133.915527,50.000000,-86.410156,0.025391,3497.456299,87.747330,-9354956.000000,-15585150.000000,15472195.000000,21268.316406,-134224.296875,104667.210938,-29557.082031
ml,mean,-1,2026-09-02,2122.253418,10.000000,2070.036621,50.000000,-25.177734,0.371094,-37719.378906,98.824654,-2617934.500000,2098.011719,50.000000,-33.703125,-0.144531,10420.240234,83.943741,-3584960.750000,2134.631592,50.000000,-86.378906,0.031250,4022.402344,87.602180,-9362189.000000,-15565084.000000,15448918.000000,21538.687500,-137705.828125,104667.210938,-33038.613281
ml,mean,-1,2026-09-03,2122.148438,10.000000,2070.036621,50.000000,-23.693359,1.484375,-150966.984375,136.573853,-2466967.750000,2098.011719,50.000000,-33.759766,-0.056641,-3430.801270,88.560745,-3581529.750000,2134.689209,50.000000,-86.283203,0.095703,-241.232910,89.025787,-9360725.000000,-15409223.000000,15294278.000000,21852.847656,-136796.343750,104667.210938,-32129.115234
ml,mean,-1,2026-09-04,2121.604980,10.000000,2070.036621,50.000000,-23.322266,0.371094,-39625.414062,99.459991,-2427342.250000,2098.011719,50.000000,-33.816406,-0.056641,-1064.947388,87.772133,-3580465.000000,2133.541016,50.000000,-86.240234,0.042969,3000.023926,87.897545,-9358970.000000,-15366778.000000,15256590.000000,22127.978516,-132317.531250,104667.210938,-27650.328125
ml,mean,-1,2026-09-05,2122.311279,10.000000,2070.036621,50.000000,-23.322266,0.000000,0.000000,0.000000,-2427342.250000,2098.011719,50.000000,-33.816406,0.000000,0.000000,0.000000,-3580465.000000,2133.914551,50.000000,-86.240234,0.000000,0.000000,0.000000,-9360181.000000,-15367989.000000,15256590.000000,22127.978516,-133527.953125,104667.210938,-28860.753906
ml,mean,-1,2026-09-06,2122.718750,10.000000,2070.036621,50.000000,-23.322266,0.000000,0.000000,0.000000,-2427342.250000,2098.011719,50.000000,-33.816406,0.000000,0.000000,0.000000,-3580465.000000,2133.857178,50.000000,-86.240234,0.000000,0.000000,0.000000,-9360280.000000,-15368086.000000,15256590.000000,22127.978516,-133626.218750,104667.210938,-28959.009766
ml,mean,-1,2026-09-07,2123.650635,10.000000,2070.036621,50.000000,-23.322266,0.000000,0.000000,0.000000,-2427342.250000,2098.011719,50.000000,-33.816406,0.000000,0.000000,0.000000,-3580465.000000,2135.097656,50.000000,-86.240234,0.000000,0.000000,0.000000,-9366662.000000,-15374468.000000,15256590.000000,22127.978516,-140008.421875,104667.210938,-35341.203125
ml,mean,-1,2026-09-08,2122.871582,10.000000,2070.036621,50.000000,-24.082031,-0.759766,76466.078125,60.762833,-2503808.250000,2098.011719,50.000000,-33.175781,0.640625,-60184.726562,107.478729,-3520280.250000,2133.971436,50.000000,-86.085938,0.154297,-10399.122070,92.381844,-9350274.000000,-15374362.000000,15262470.000000,22388.601562,-134280.609375,104667.210938,-29613.390625
ml,mean,-1,2026-09-09,2124.331787,10.000000,2070.036621,50.000000,-24.847656,-0.765625,79155.507812,59.866356,-2582963.750000,2098.011719,50.000000,-32.687500,0.488281,-38333.417969,100.194954,-3481947.000000,2135.831055,50.000000,-85.755859,0.330078,-29647.253906,98.875381,-9327970.000000,-15392880.000000,15273646.000000,22647.537109,-141883.171875,104667.210938,-37215.960938
ml,mean,-1,2026-09-10,2124.341309,10.000000,2070.036621,50.000000,-25.039062,-0.191406,20215.494141,79.513031,-2603179.500000,2098.011719,50.000000,-32.820312,-0.132812,11042.473633,83.736328,-3492989.250000,2135.928223,50.000000,-85.326172,0.429688,-36064.406250,101.018471,-9292497.000000,-15388667.000000,15268839.000000,22911.806641,-142738.968750,104667.210938,-38071.753906
ml,mean,-1,2026-09-11,2123.975586,10.000000,2070.036621,50.000000,-23.947266,1.091797,-111715.921875,123.490166,-2491463.250000,2098.011719,50.000000,-32.935547,-0.115234,3459.353271,86.264030,-3496448.500000,2134.979980,50.000000,-85.195312,0.130859,-9072.937500,91.981804,-9278996.000000,-15266907.000000,15151510.000000,23213.541016,-138612.250000,104667.210938,-33945.023438
ml,mean,-1,2026-09-12,2124.671143,10.000000,2070.036621,50.000000,-23.947266,0.000000,0.000000,0.000000,-2491463.250000,2098.011719,50.000000,-32.935547,0.000000,0.000000,0.000000,-3496448.500000,2135.236328,50.000000,-85.195312,0.000000,0.000000,0.000000,-9280456.000000,-15268368.000000,15151510.000000,23213.541016,-140073.359375,104667.210938,-35406.140625
ml,mean,-1,2026-09-13,2124.244385,10.000000,2070.036621,50.000000,-23.947266,0.000000,0.000000,0.000000,-2491463.250000,2098.011719,50.000000,-32.935547,0.000000,0.000000,0.000000,-3496448.500000,2134.028809,50.000000,-85.195312,0.000000,0.000000,0.000000,-9275465.000000,-15263377.000000,15151510.000000,23213.541016,-135080.937500,104667.210938,-30413.718750
ml,mean,-1,2026-09-14,2125.113525,10.000000,2070.036621,50.000000,-22.568359,1.378906,-141066.781250,133.273788,-2350396.500000,2098.011719,50.000000,-32.933594,0.001953,-8838.755859,90.363403,-3487609.750000,2134.857178,50.000000,-84.824219,0.371094,-38521.921875,101.793022,-9240804.000000,-15078812.000000,14963082.000000,23538.970703,-139268.390625,104667.210938,-34601.187500
ml,mean,-1,2026-09-15,2125.794434,10.000000,2070.036621,50.000000,-23.169922,-0.601562,59484.292969,66.423431,-2409880.750000,2098.011719,50.000000,-32.720703,0.212891,-18909.273438,93.720245,-3468700.750000,2135.386475,50.000000,-84.488281,0.335938,-35719.945312,100.881073,-9207196.000000,-15085778.000000,14967937.000000,23799.996094,-141639.968750,104667.210938,-36972.757812
ml,mean,-1,2026-09-16,2125.982910,10.000000,2070.036621,50.000000,-23.988281,-0.818359,84174.460938,58.193375,-2494055.250000,2098.011719,50.000000,-32.062500,0.658203,-55745.796875,105.999077,-3412954.750000,2135.823730,50.000000,-84.128906,0.359375,-36294.910156,101.090942,-9173929.000000,-15080939.000000,14960070.000000,24065.277344,-144932.750000,104667.210938,-40265.535156
ml,mean,-1,2026-09-17,2127.686035,10.000000,2070.036621,50.000000,-24.601562,-0.613281,63527.015625,65.075859,-2557582.000000,2098.011719,50.000000,-31.996094,0.066406,-5331.447266,89.194298,-3407623.250000,2137.075439,50.000000,-83.699219,0.429688,-40520.765625,102.551727,-9138180.000000,-15103386.000000,14977746.000000,24322.101562,-149963.062500,104667.210938,-45295.855469
ml,mean,-1,2026-09-18,2126.952148,10.000000,2070.036621,50.000000,-24.330078,0.271484,-27722.421875,95.492340,-2529860.000000,2098.011719,50.000000,-32.140625,-0.144531,7521.990723,84.909813,-3415145.500000,2136.458008,50.000000,-83.556641,0.142578,-12613.482422,93.223572,-9123077.000000,-15068082.000000,14944932.000000,24595.726562,-147745.765625,104667.210938,-43078.546875
ml,mean,-1,2026-09-19,2126.761230,10.000000,2070.036621,50.000000,-24.330078,0.000000,0.000000,0.000000,-2529860.000000,2098.011719,50.000000,-32.140625,0.000000,0.000000,0.000000,-3415145.500000,2136.216797,50.000000,-83.556641,0.000000,0.000000,0.000000,-9122068.000000,-15067073.000000,14944932.000000,24595.726562,-146737.031250,104667.210938,-42069.832031
ml,mean,-1,2026-09-20,2127.567627,10.000000,2070.036621,50.000000,-24.330078,0.000000,0.000000,0.000000,-2529860.000000,2098.011719,50.000000,-32.140625,0.000000,0.000000,0.000000,-3415145.500000,2137.597412,50.000000,-83.556641,0.000000,0.000000,0.000000,-9129718.000000,-15074724.000000,14944932.000000,24595.726562,-154387.640625,104667.210938,-49720.414062
ml,mean,-1,2026-09-21,2127.856201,10.000000,2070.036621,50.000000,-22.447266,1.882812,-193676.093750,150.810226,-2336183.750000,2098.011719,50.000000,-32.244141,-0.103516,-109.593994,87.453682,-3415035.750000,2136.341797,50.000000,-83.349609,0.207031,-20741.753906,95.928169,-9102327.000000,-14853546.000000,14730404.000000,24929.919922,-148071.812500,104667.210938,-43404.585938
ml,mean,-1,2026-09-22,2127.688232,10.000000,2070.036621,50.000000,-22.240234,0.207031,-21712.015625,93.488861,-2314471.750000,2098.011719,50.000000,-32.218750,0.025391,-2077.189453,88.109543,-3412958.500000,2135.875977,50.000000,-82.667969,0.681641,-74752.656250,113.912392,-9025603.000000,-14753033.000000,14631862.000000,25225.427734,-146396.500000,104667.210938,-41729.281250
ml,mean,-1,2026-09-23,2127.812988,10.000000,2070.036621,50.000000,-23.099609,-0.859375,87702.546875,57.017349,-2402174.500000,2098.011719,50.000000,-31.613281,0.605469,-53383.601562,105.211678,-3359575.000000,2136.324219,50.000000,-82.138672,0.529297,-53303.527344,106.781342,-8973483.000000,-14735233.000000,14612878.000000,25494.439453,-147849.437500,104667.210938,-43182.203125
ml,mean,-1,2026-09-24,2128.801025,10.000000,2070.036621,50.000000,-23.888672,-0.789062,81609.203125,59.048458,-2483783.750000,2098.011719,50.000000,-31.142578,0.470703,-40751.953125,101.001129,-3318823.000000,2137.136963,50.000000,-81.673828,0.464844,-49776.421875,105.639534,-8926219.000000,-14728825.000000,14603960.000000,25760.130859,-150627.406250,104667.210938,-45960.171875
ml,mean,-1,2026-09-25,2129.661377,10.000000,2070.036621,50.000000,-24.173828,-0.285156,29687.455078,76.355713,-2513471.000000,2098.011719,50.000000,-31.339844,-0.197266,14024.075195,82.742455,-3332847.000000,2137.452148,50.000000,-81.683594,-0.009766,1699.578369,88.493965,-8929652.000000,-14775971.000000,14649370.000000,26007.720703,-152608.828125,104667.210938,-47941.597656
ml,mean,-1,2026-09-26,2129.187012,10.000000,2070.036621,50.000000,-24.173828,0.000000,0.000000,0.000000,-2513471.000000,2098.011719,50.000000,-31.339844,0.000000,0.000000,0.000000,-3332847.000000,2136.678467,50.000000,-81.683594,0.000000,0.000000,0.000000,-8926198.000000,-14772516.000000,14649370.000000,26007.720703,-149154.453125,104667.210938,-44487.246094
ml,mean,-1,2026-09-27,2129.785156,10.000000,2070.036621,50.000000,-24.173828,0.000000,0.000000,0.000000,-2513471.000000,2098.011719,50.000000,-31.339844,0.000000,0.000000,0.000000,-3332847.000000,2137.993896,50.000000,-81.683594,0.000000,0.000000,0.000000,-8931636.000000,-14777955.000000,14649370.000000,26007.720703,-154592.734375,104667.210938,-49925.511719
ml,mean,-1,2026-09-28,2129.192383,10.000000,2070.036621,50.000000,-23.023438,1.150391,-118249.234375,125.667946,-2395221.750000,2098.011719,50.000000,-31.484375,-0.144531,3631.735596,86.206566,-3336479.000000,2136.140869,50.000000,-81.382812,0.300781,-33001.378906,100.006325,-8891072.000000,-14622773.000000,14501752.000000,26319.603516,-147341.625000,104667.210938,-42674.410156
ml,mean,-1,2026-09-29,2129.526123,10.000000,2070.036621,50.000000,-21.662109,1.361328,-139897.531250,132.884033,-2255324.000000,2098.011719,50.000000,-31.669922,-0.185547,17101.160156,81.716766,-3353580.000000,2136.311523,50.000000,-80.935547,0.447266,-47382.863281,104.807274,-8843342.000000,-14452245.000000,14331572.000000,26639.011719,-147312.531250,104667.210938,-42645.320312
ml,mean,-1,2026-09-30,2129.506348,10.000000,2070.036621,50.000000,-22.146484,-0.484375,48165.636719,70.196312,-2303490.000000,2098.011719,50.000000,-31.222656,0.447266,-40373.535156,100.874992,-3313206.500000,2135.601318,50.000000,-80.212891,0.722656,-76411.445312,114.453880,-8764092.000000,-14380789.000000,14262952.000000,26924.535156,-144761.718750,104667.210938,-40094.500000
ml,mean,-1,2026-10-01,2130.663330,10.000000,2070.036621,50.000000,-23.017578,-0.871094,90081.375000,56.224407,-2393571.000000,2098.011719,50.000000,-30.470703,0.751953,-65497.246094,109.249573,-3247709.000000,2136.969482,50.000000,-79.871094,0.341797,-34959.304688,100.693497,-8736071.000000,-14377352.000000,14252576.000000,27190.703125,-151964.812500,104667.210938,-47297.605469
ml,mean,-1,2026-10-02,2131.039551,10.000000,2070.036621,50.000000,-23.695312,-0.677734,70196.023438,62.852852,-2463767.250000,2098.011719,50.000000,-30.527344,-0.056641,1233.337524,87.006042,-3248942.500000,2137.352539,50.000000,-79.998047,-0.126953,12196.978516,84.990685,-8749824.000000,-14462535.000000,14336204.000000,27425.552734,-153756.218750,104667.210938,-49089.007812
ml,mean,-1,2026-10-03,2131.522217,10.000000,2070.036621,50.000000,-23.695312,0.000000,0.000000,0.000000,-2463767.250000,2098.011719,50.000000,-30.527344,0.000000,0.000000,0.000000,-3248942.500000,2137.196289,50.000000,-79.998047,0.000000,0.000000,0.000000,-8748666.000000,-14461377.000000,14336204.000000,27425.552734,-152598.312500,104667.210938,-47931.101562
ml,mean,-1,2026-10-04,2132.149658,10.000000,2070.036621,50.000000,-23.695312,0.000000,0.000000,0.000000,-2463767.250000,2098.011719,50.000000,-30.527344,0.000000,0.000000,0.000000,-3248942.500000,2138.117676,50.000000,-79.998047,0.000000,0.000000,0.000000,-8751618.000000,-14464327.000000,14336204.000000,27425.552734,-155549.500000,104667.210938,-50882.289062
ml,mean,-1,2026-10-05,2131.209229,10.000000,2070.036621,50.000000,-18.929688,4.765625,-493244.250000,250.666275,-1970523.000000,2098.011719,50.000000,-25.556641,4.970703,-521214.000000,261.155151,-2727728.250000,2137.113281,50.000000,-76.111328,3.886719,-405001.218750,224.046799,-8341778.000000,-13040030.000000,12916744.000000,28161.419922,-151447.046875,104667.210938,-46779.835938
ml,mean,-1,2026-10-06,2131.806152,10.000000,2070.036621,50.000000,-19.062500,-0.132812,13336.605469,81.805984,-1983859.625000,2098.011719,50.000000,-25.478516,0.078125,-25300.609375,95.850677,-2702428.000000,2137.825928,50.000000,-72.769531,3.341797,-353610.812500,206.946365,-7990581.000000,-12676868.000000,12551169.000000,28546.023438,-154245.484375,104667.210938,-49578.269531
ml,mean,-1,2026-10-07,2131.960449,10.000000,2070.036621,50.000000,-18.562500,0.500000,-55862.621094,104.872391,-1927997.000000,2098.011719,50.000000,-25.957031,-0.478516,50707.871094,70.514526,-2753136.000000,2137.636719,50.000000,-71.167969,1.601562,-181473.906250,149.559479,-7809315.000000,-12490448.000000,12364541.000000,28870.970703,-154778.640625,104667.210938,-50111.425781
ml,mean,-1,2026-10-08,2131.565918,10.000000,2070.036621,50.000000,-17.769531,0.792969,-85308.656250,114.687744,-1842688.125000,2098.011719,50.000000,-25.574219,0.382812,-39129.167969,100.460213,-2714006.250000,2136.257812,50.000000,-69.882812,1.285156,-145672.312500,137.568176,-7659843.000000,-12216539.000000,12094430.000000,29223.685547,-151331.781250,104667.210938,-46664.566406
ml,mean,-1,2026-10-09,2131.331055,10.000000,2070.036621,50.000000,-17.205078,0.564453,-51274.730469,103.343102,-1791413.625000,2098.011719,50.000000,-24.148438,1.425781,-141421.609375,134.557678,-2572585.250000,2136.065674,50.000000,-68.591797,1.291016,-146935.968750,137.981369,-7513210.000000,-11877210.000000,11754798.000000,29599.566406,-152010.640625,104667.210938,-47343.429688
ml,mean,-1,2026-10-10,2131.262207,10.000000,2070.036621,50.000000,-17.205078,0.000000,0.000000,0.000000,-1791413.625000,2098.011719,50.000000,-24.148438,0.000000,0.000000,0.000000,-2572585.250000,2135.718750,50.000000,-68.591797,0.000000,0.000000,0.000000,-7512889.000000,-11876888.000000,11754798.000000,29599.566406,-151688.671875,104667.210938,-47021.453125
ml,mean,-1,2026-10-11,2132.369141,10.000000,2070.036621,50.000000,-17.205078,0.000000,0.000000,0.000000,-1791413.625000,2098.011719,50.000000,-24.148438,0.000000,0.000000,0.000000,-2572585.250000,2136.998047,50.000000,-68.591797,0.000000,0.000000,0.000000,-7517505.000000,-11881504.000000,11754798.000000,29599.566406,-156305.453125,104667.210938,-51638.250000
ml,mean,-1,2026-10-12,2131.175537,10.000000,2070.036621,50.000000,-17.205078,0.000000,0.000000,0.000000,-1791413.625000,2098.011719,50.000000,-24.148438,0.000000,0.000000,0.000000,-2572585.250000,2135.450684,50.000000,-68.591797,0.000000,0.000000,0.000000,-7511354.000000,-11875353.000000,11754798.000000,29599.566406,-150154.468750,104667.210938,-45487.261719
ml,mean,-1,2026-10-13,2130.611328,10.000000,2070.036621,50.000000,-17.970703,-0.765625,79813.921875,59.646889,-1871227.500000,2098.011719,50.000000,-23.794922,0.353516,-43821.148438,102.024200,-2528764.000000,2133.893799,50.000000,-67.265625,1.326172,-148518.671875,138.418472,-7356596.500000,-11756587.000000,11642272.000000,29899.656250,-144215.265625,104667.210938,-39548.058594
ml,mean,-1,2026-10-14,2130.597168,10.000000,2070.036621,50.000000,-18.355469,-0.384766,40012.832031,72.913910,-1911240.375000,2098.011719,50.000000,-24.490234,-0.695312,69367.187500,64.294754,-2598131.250000,2133.427002,50.000000,-66.214844,1.050781,-120247.132812,128.975174,-7234604.000000,-11743974.000000,11631404.000000,30165.843750,-142735.562500,104667.210938,-38068.351562
ml,mean,-1,2026-10-15,2131.893066,10.000000,2070.036621,50.000000,-18.089844,0.265625,-30390.062500,96.381546,-1880850.375000,2098.011719,50.000000,-25.062500,-0.572266,60618.238281,67.211075,-2658749.250000,2135.057129,50.000000,-65.228516,0.986328,-113504.296875,126.795471,-7128217.000000,-11667818.000000,11548128.000000,30456.228516,-150144.546875,104667.210938,-45477.324219
ml,mean,-1,2026-10-16,2132.469482,10.000000,2070.036621,50.000000,-17.466797,0.623047,-70261.757812,109.672104,-1810588.500000,2098.011719,50.000000,-24.796875,0.265625,-25880.748047,96.044067,-2632868.500000,2135.487305,50.000000,-64.552734,0.675781,-79789.046875,115.574997,-7050074.500000,-11493532.000000,11372197.000000,30777.523438,-152112.406250,104667.210938,-47445.214844
ml,mean,-1,2026-10-17,2131.676758,10.000000,2070.036621,50.000000,-17.466797,0.000000,0.000000,0.000000,-1810588.500000,2098.011719,50.000000,-24.796875,0.000000,0.000000,0.000000,-2632868.500000,2134.553223,50.000000,-64.552734,0.000000,0.000000,0.000000,-7047063.000000,-11490520.000000,11372197.000000,30777.523438,-149100.625000,104667.210938,-44433.414062
ml,mean,-1,2026-10-18,2132.375244,10.000000,2070.036621,50.000000,-17.466797,0.000000,0.000000,0.000000,-1810588.500000,2098.011719,50.000000,-24.796875,0.000000,0.000000,0.000000,-2632868.500000,2134.869629,50.000000,-64.552734,0.000000,0.000000,0.000000,-7049788.000000,-11493245.000000,11372197.000000,30777.523438,-151825.828125,104667.210938,-47158.625000
ml,mean,-1,2026-10-19,2134.007324,10.000000,2070.036621,50.000000,-16.369141,1.097656,-106913.429688,121.889336,-1703675.000000,2098.011719,50.000000,-22.779297,2.017578,-204762.781250,155.671417,-2428105.750000,2136.081055,50.000000,-63.578125,0.974609,-111772.703125,126.260956,-6942525.500000,-11074307.000000,10948748.000000,31181.341797,-156740.046875,104667.210938,-52072.835938
ml,mean,-1,2026-10-20,2134.647461,10.000000,2070.036621,50.000000,-17.023438,-0.654297,69549.343750,63.068409,-1773224.375000,2098.011719,50.000000,-22.783203,-0.003906,-6114.560547,89.455330,-2421991.000000,2136.780029,50.000000,-62.585938,0.992188,-106320.398438,124.472641,-6837969.500000,-11033186.000000,10905862.000000,31458.337891,-158781.109375,104667.210938,-54113.886719
ml,mean,-1,2026-10-21,2135.016602,10.000000,2070.036621,50.000000,-17.601562,-0.578125,60073.734375,66.226952,-1833298.125000,2098.011719,50.000000,-23.490234,-0.707031,71207.890625,63.681183,-2493199.000000,2137.094482,50.000000,-61.810547,0.775391,-86083.718750,117.740173,-6753321.500000,-11079818.000000,10951061.000000,31705.988281,-160463.796875,104667.210938,-55796.570312
ml,mean,-1,2026-10-22,2136.362305,10.000000,2070.036621,50.000000,-17.423828,0.177734,-20350.310547,93.034966,-1812947.750000,2098.011719,50.000000,-23.945312,-0.455078,48494.445312,71.252342,-2541693.500000,2138.906738,50.000000,-61.216797,0.593750,-67171.820312,111.511711,-6692484.000000,-11047126.000000,10912032.000000,31981.787109,-167074.625000,104667.210938,-62407.386719
ml,mean,-1,2026-10-23,2135.467285,10.000000,2070.036621,50.000000,-16.695312,0.728516,-81357.906250,113.370834,-1731590.000000,2098.011719,50.000000,-23.216797,0.728516,-71606.125000,111.285858,-2470087.500000,2136.873291,50.000000,-60.810547,0.406250,-46168.042969,104.425735,-6640657.500000,-10842334.000000,10712900.000000,32310.869141,-161745.093750,104667.210938,-57077.875000
ml,mean,-1,2026-10-24,2136.231934,10.000000,2070.036621,50.000000,-16.695312,0.000000,0.000000,0.000000,-1731590.000000,2098.011719,50.000000,-23.216797,0.000000,0.000000,0.000000,-2470087.500000,2136.982422,50.000000,-60.810547,0.000000,0.000000,0.000000,-6640683.500000,-10842361.000000,10712900.000000,32310.869141,-161770.875000,104667.210938,-57103.652344
ml,mean,-1,2026-10-25,2136.069336,10.000000,2070.036621,50.000000,-16.695312,0.000000,0.000000,0.000000,-1731590.000000,2098.011719,50.000000,-23.216797,0.000000,0.000000,0.000000,-2470087.500000,2136.510742,50.000000,-60.810547,0.000000,0.000000,0.000000,-6639910.500000,-10841588.000000,10712900.000000,32310.869141,-160998.359375,104667.210938,-56331.136719
ml,mean,-1,2026-10-26,2136.715576,10.000000,2070.036621,50.000000,-14.912109,1.783203,-176854.906250,145.203156,-1554735.125000,2098.011719,50.000000,-20.625000,2.591797,-273060.812500,178.437408,-2197026.750000,2136.868408,50.000000,-57.744141,3.066406,-311271.250000,192.793274,-6329905.000000,-10081666.000000,9951714.000000,32827.304688,-162780.062500,104667.210938,-58112.855469
ml,mean,-1,2026-10-27,2137.189209,10.000000,2070.036621,50.000000,-13.867188,1.044922,-113881.140625,124.211884,-1440853.875000,2098.011719,50.000000,-18.238281,2.386719,-244477.859375,168.909775,-1952548.750000,2137.679443,50.000000,-53.816406,3.927734,-401233.406250,222.814453,-5930857.000000,-9324259.000000,9192121.000000,33343.238281,-165481.234375,104667.210938,-60814.011719
ml,mean,-1,2026-10-28,2137.055664,10.000000,2070.036621,50.000000,-12.183594,1.683594,-174092.593750,144.282394,-1266761.250000,2098.011719,50.000000,-16.103516,2.134766,-232224.296875,164.825256,-1720324.375000,2137.077148,50.000000,-49.091797,4.724609,-497130.843750,254.755157,-5433052.000000,-8420138.000000,8288673.500000,33907.101562,-165371.703125,104667.210938,-60704.488281
ml,mean,-1,2026-10-29,2137.120117,10.000000,2070.036621,50.000000,0.000000,12.183594,-1266761.250000,633.380676,0.000000,2098.011719,50.000000,0.000000,16.103516,-1720324.375000,860.162109,0.000000,2136.801270,50.000000,0.000000,49.091797,-5432021.000000,2716.010742,0.000000,0.000000,-130433.656250,38116.656250,-168550.296875,104667.210938,-63883.082031
ml,mean,-1,2026-10-30,2137.832520,10.000000,2070.036621,50.000000,0.000000,0.000000,0.000000,0.000000,0.000000,2098.011719,50.000000,0.000000,0.000000,0.000000,0.000000,0.000000,2136.801270,50.000000,0.000000,0.000000,0.000000,0.000000,0.000000,0.000000,-130433.656250,38116.656250,-168550.296875,104667.210938,-63883.082031
