policy,case,path_idx,day,spot,spread_bps,PL_APR_2026_futures,PL_APR_2026_contract_size,PL_APR_2026_position,PL_APR_2026_trade,PL_APR_2026_trade_cash,PL_APR_2026_trade_cost,PL_APR_2026_position_mtm,PL_JUL_2026_futures,PL_JUL_2026_contract_size,PL_JUL_2026_position,PL_JUL_2026_trade,PL_JUL_2026_trade_cash,PL_JUL_2026_trade_cost,PL_JUL_2026_position_mtm,PL_OCT_2026_futures,PL_OCT_2026_contract_size,PL_OCT_2026_position,PL_OCT_2026_trade,PL_OCT_2026_trade_cash,PL_OCT_2026_trade_cost,PL_OCT_2026_position_mtm,portfolio_position_mtm,portfolio_cum_trade_cash,portfolio_cum_trade_cost,hedge_portfolio_ex_funding,mtm_ex_post_settle_discount,total_ex_funding_discount
ml,worst,6048,2026-04-10,2055.000244,10.000000,2026.171509,50.000000,-1.000000,-1.000000,101308.578125,50.654285,-101308.578125,2047.068848,50.000000,-1.000000,-1.000000,102353.445312,51.176720,-102353.445312,2070.749756,50.000000,-1.000000,-1.000000,103537.484375,51.768742,-103537.484375,-307199.500000,307199.500000,153.599747,-153.599747,29559.361328,29405.761719
ml,worst,6048,2026-04-11,2052.544189,10.000000,2058.866699,50.000000,-1.000000,0.000000,-0.000000,0.000000,-102943.335938,2083.919434,50.000000,-1.000000,0.000000,-0.000000,0.000000,-104195.968750,2111.487061,50.000000,-1.000000,0.000000,-0.000000,0.000000,-105574.351562,-312713.656250,307199.500000,153.599747,-5667.755859,21731.367188,16063.611328
ml,worst,6048,2026-04-12,2033.809082,10.000000,2026.324341,50.000000,-1.000000,0.000000,-0.000000,0.000000,-101316.218750,2051.533447,50.000000,-1.000000,0.000000,-0.000000,0.000000,-102576.671875,2077.183594,50.000000,-1.000000,0.000000,-0.000000,0.000000,-103859.179688,-307752.062500,307199.500000,153.599747,-706.162231,-25718.298828,-26424.460938
ml,worst,6048,2026-04-13,1949.778198,10.000000,1935.269409,50.000000,-2.000000,-1.000000,96763.468750,48.381733,-193526.937500,1959.790039,50.000000,-2.000000,-1.000000,97989.500000,48.994747,-195979.000000,1983.195190,50.000000,-4.000000,-3.000000,297479.281250,148.739624,-396639.031250,-786145.000000,799431.750000,399.715851,12887.034180,-241334.562500,-228447.531250
ml,worst,6048,2026-04-14,1968.291870,10.000000,1976.446777,50.000000,-3.000000,-1.000000,98822.335938,49.411167,-296467.031250,2000.102905,50.000000,-3.000000,-1.000000,100005.148438,50.002575,-300015.437500,2022.203125,50.000000,-7.000000,-3.000000,303330.468750,151.665222,-707771.125000,-1304253.625000,1301589.750000,650.794800,-3314.669922,-198265.000000,-201579.671875
ml,worst,6048,2026-04-15,2003.325562,10.000000,2018.243774,50.000000,-4.000000,-1.000000,100912.187500,50.456093,-403648.750000,2042.871460,50.000000,-4.000000,-1.000000,102143.570312,51.071785,-408574.281250,2066.101562,50.000000,-10.000000,-3.000000,309915.250000,154.957611,-1033050.750000,-1845273.750000,1814560.750000,907.280273,-31620.281250,-107712.781250,-139333.062500
ml,worst,6048,2026-04-16,1972.819946,10.000000,1987.097046,50.000000,-4.000000,0.000000,-0.000000,0.000000,-397419.406250,2011.610596,50.000000,-5.000000,-1.000000,100580.531250,50.290264,-502902.625000,2035.318237,50.000000,-13.000000,-3.000000,305297.718750,152.648865,-1322956.875000,-2223279.000000,2220439.000000,1110.219482,-3950.219482,-182942.234375,-186892.453125
ml,worst,6048,2026-04-17,1886.218384,10.000000,1888.619019,50.000000,-5.000000,-1.000000,94430.953125,47.215473,-472154.750000,1909.914673,50.000000,-7.000000,-2.000000,190991.468750,95.495735,-668470.125000,1932.216675,50.000000,-11.000000,2.000000,-193221.671875,96.610832,-1062719.125000,-2203344.000000,2312639.750000,1349.541504,107946.210938,-395119.843750,-287173.625000
ml,worst,6048,2026-04-18,1875.464355,10.000000,1907.643433,50.000000,-5.000000,0.000000,-0.000000,0.000000,-476910.843750,1929.885132,50.000000,-7.000000,0.000000,-0.000000,0.000000,-675459.812500,1952.789917,50.000000,-11.000000,0.000000,-0.000000,0.000000,-1074034.500000,-2226405.000000,2312639.750000,1349.541504,84885.210938,-424702.031250,-339816.812500
ml,worst,6048,2026-04-19,1866.501709,10.000000,1865.794800,50.000000,-5.000000,0.000000,-0.000000,0.000000,-466448.687500,1886.006104,50.000000,-7.000000,0.000000,-0.000000,0.000000,-660102.125000,1908.103149,50.000000,-11.000000,0.000000,-0.000000,0.000000,-1049456.750000,-2176007.500000,2312639.750000,1349.541504,135282.703125,-442182.593750,-306899.875000
ml,worst,6048,2026-04-20,1855.079590,10.000000,1858.536499,50.000000,-6.000000,-1.000000,92926.828125,46.463409,-557560.937500,1877.231567,50.000000,-9.000000,-2.000000,187723.156250,93.861572,-844754.187500,1898.148926,50.000000,-9.000000,2.000000,-189814.890625,94.907440,-854167.000000,-2256482.000000,2403475.000000,1584.773926,145408.218750,-471105.375000,-325697.156250
ml,worst,6048,2026-04-21,1801.698730,10.000000,1786.470459,50.000000,-7.000000,-1.000000,89323.523438,44.661762,-625264.625000,1805.064453,50.000000,-8.000000,1.000000,-90253.218750,45.126610,-722025.750000,1825.088623,50.000000,-11.000000,-2.000000,182508.859375,91.254433,-1003798.750000,-2351089.000000,2585054.000000,1765.816650,232199.187500,-599765.937500,-367566.750000
ml,worst,6048,2026-04-22,1753.094238,10.000000,1779.421997,50.000000,-6.000000,1.000000,-88971.101562,44.485550,-533826.625000,1796.942017,50.000000,-7.000000,1.000000,-89847.101562,44.923550,-628929.687500,1815.773682,50.000000,-9.000000,2.000000,-181577.375000,90.788689,-817098.125000,-1979854.375000,2224658.500000,1946.014404,242858.109375,-718863.812500,-476005.687500
ml,worst,6048,2026-04-23,1769.207031,10.000000,1770.285278,50.000000,-7.000000,-1.000000,88514.265625,44.257130,-619599.875000,1790.216309,50.000000,-8.000000,-1.000000,89510.812500,44.755405,-716086.500000,1809.619019,50.000000,-11.000000,-2.000000,180961.906250,90.480949,-995290.437500,-2330976.750000,2583645.500000,2125.507812,250543.250000,-674184.687500,-423641.437500
ml,worst,6048,2026-04-24,1765.668335,10.000000,1771.086914,50.000000,-6.000000,1.000000,-88554.343750,44.277172,-531326.062500,1790.056641,50.000000,-7.000000,1.000000,-89502.828125,44.751411,-626519.812500,1808.279663,50.000000,-9.000000,2.000000,-180827.968750,90.413986,-813725.812500,-1971571.750000,2224760.250000,2304.950684,250883.546875,-677854.625000,-426971.062500
ml,worst,6048,2026-04-25,1786.298218,10.000000,1802.860229,50.000000,-6.000000,0.000000,-0.000000,0.000000,-540858.062500,1822.263428,50.000000,-7.000000,0.000000,-0.000000,0.000000,-637792.187500,1842.019043,50.000000,-9.000000,0.000000,-0.000000,0.000000,-828908.625000,-2007558.875000,2224760.250000,2304.950684,214896.421875,-617782.750000,-402886.312500
ml,worst,6048,2026-04-26,1784.802246,10.000000,1779.915527,50.000000,-6.000000,0.000000,-0.000000,0.000000,-533974.687500,1798.757080,50.000000,-7.000000,0.000000,-0.000000,0.000000,-629565.000000,1818.314941,50.000000,-9.000000,0.000000,-0.000000,0.000000,-818241.687500,-1981781.500000,2224760.250000,2304.950684,240673.796875,-616738.937500,-376065.125000
ml,worst,6048,2026-04-27,1738.996216,10.000000,1734.897827,50.000000,-5.000000,1.000000,-86744.890625,43.372444,-433724.468750,1753.330811,50.000000,-9.000000,-2.000000,175333.078125,87.666534,-788998.875000,1773.658569,50.000000,-11.000000,-2.000000,177365.859375,88.682930,-975512.187500,-2198235.500000,2490714.250000,2524.672363,289954.062500,-727053.187500,-437099.125000
ml,worst,6048,2026-04-28,1726.334839,10.000000,1736.366699,50.000000,-6.000000,-1.000000,86818.335938,43.409168,-520910.000000,1752.309082,50.000000,-8.000000,1.000000,-87615.453125,43.807724,-700923.625000,1770.842407,50.000000,-9.000000,2.000000,-177084.234375,88.542114,-796879.125000,-2018712.750000,2312833.000000,2700.431396,291419.812500,-761559.687500,-470139.875000
ml,worst,6048,2026-04-29,1738.018921,10.000000,1746.099121,50.000000,-5.000000,1.000000,-87304.953125,43.652473,-436524.812500,1761.723999,50.000000,-9.000000,-1.000000,88086.203125,44.043098,-792775.750000,1779.905640,50.000000,-10.000000,-1.000000,88995.281250,44.497639,-889952.812500,-2119253.250000,2402609.500000,2832.624512,280523.625000,-730479.562500,-449955.937500
ml,worst,6048,2026-04-30,1734.280273,10.000000,1746.099121,50.000000,-4.000000,1.000000,-87304.953125,43.652473,-349219.812500,1729.632812,50.000000,-8.000000,1.000000,-86481.640625,43.240818,-691853.125000,1747.830566,50.000000,-8.000000,2.000000,-174783.062500,87.391525,-699132.250000,-1740205.250000,2054039.875000,3006.909424,310827.718750,-744330.437500,-433502.718750
ml,worst,6048,2026-05-01,1751.905029,10.000000,1746.099121,50.000000,-4.000000,0.000000,-0.000000,0.000000,-349219.812500,1774.742676,50.000000,-9.000000,-1.000000,88737.132812,44.368565,-798634.187500,1794.219604,50.000000,-9.000000,-1.000000,89710.976562,44.855488,-807398.812500,-1955252.750000,2232488.000000,3096.133545,274139.125000,-698918.125000,-424779.000000
ml,worst,6048,2026-05-02,1749.433350,10.000000,1746.099121,50.000000,-4.000000,0.000000,-0.000000,0.000000,-349219.812500,1778.841919,50.000000,-9.000000,0.000000,-0.000000,0.000000,-800478.875000,1798.289795,50.000000,-9.000000,0.000000,-0.000000,0.000000,-809230.437500,-1958929.250000,2232488.000000,3096.133545,270462.625000,-708503.000000,-438040.375000
ml,worst,6048,2026-05-03,1754.249878,10.000000,1746.099121,50.000000,-4.000000,0.000000,-0.000000,0.000000,-349219.812500,1775.967041,50.000000,-9.000000,0.000000,-0.000000,0.000000,-799185.125000,1794.165894,50.000000,-9.000000,0.000000,-0.000000,0.000000,-807374.687500,-1955779.750000,2232488.000000,3096.133545,273612.125000,-702654.812500,-429042.687500
ml,worst,6048,2026-05-04,1748.707642,10.000000,1746.099121,50.000000,-4.000000,0.000000,-0.000000,0.000000,-349219.812500,1765.872803,50.000000,-10.000000,-1.000000,88293.640625,44.146816,-882936.437500,1784.619629,50.000000,-11.000000,-2.000000,178461.968750,89.230988,-981540.812500,-2213697.000000,2499243.500000,3229.511230,282317.000000,-717523.250000,-435206.250000
ml,worst,6048,2026-05-05,1714.838867,10.000000,1746.099121,50.000000,-4.000000,0.000000,-0.000000,0.000000,-349219.812500,1720.600464,50.000000,-9.000000,1.000000,-86030.023438,43.015011,-774270.187500,1739.137207,50.000000,-13.000000,-2.000000,173913.718750,86.956863,-1130439.125000,-2253929.000000,2587127.500000,3359.483398,329839.031250,-800551.000000,-470711.968750
ml,worst,6048,2026-05-06,1701.303223,10.000000,1746.099121,50.000000,-4.000000,0.000000,-0.000000,0.000000,-349219.812500,1699.298462,50.000000,-10.000000,-1.000000,84964.921875,42.482460,-849649.250000,1717.862305,50.000000,-11.000000,2.000000,-171786.234375,85.893120,-944824.250000,-2143693.250000,2500306.000000,3487.858887,353124.906250,-837173.437500,-484048.531250
ml,worst,6048,2026-05-07,1670.319458,10.000000,1746.099121,50.000000,-4.000000,0.000000,-0.000000,0.000000,-349219.812500,1664.709473,50.000000,-9.000000,1.000000,-83235.476562,41.617737,-749119.250000,1682.925903,50.000000,-13.000000,-2.000000,168292.593750,84.146301,-1093901.875000,-2192241.000000,2585363.000000,3613.622803,389508.375000,-911100.875000,-521592.500000
ml,worst,6048,2026-05-08,1643.637939,10.000000,1746.099121,50.000000,-4.000000,0.000000,-0.000000,0.000000,-349219.812500,1657.377930,50.000000,-10.000000,-1.000000,82868.898438,41.434448,-828688.937500,1675.370850,50.000000,-11.000000,2.000000,-167537.078125,83.768532,-921454.000000,-2099362.750000,2500695.000000,3738.825684,397593.437500,-984413.875000,-586820.437500
ml,worst,6048,2026-05-09,1638.807861,10.000000,1746.099121,50.000000,-4.000000,0.000000,-0.000000,0.000000,-349219.812500,1637.734131,50.000000,-10.000000,0.000000,-0.000000,0.000000,-818867.062500,1655.613159,50.000000,-11.000000,0.000000,-0.000000,0.000000,-910587.187500,-2078674.000000,2500695.000000,3738.825684,418282.187500,-997792.000000,-579509.812500
ml,worst,6048,2026-05-10,1658.460938,10.000000,1746.099121,50.000000,-4.000000,0.000000,-0.000000,0.000000,-349219.812500,1713.664062,50.000000,-10.000000,0.000000,-0.000000,0.000000,-856832.000000,1731.357056,50.000000,-11.000000,0.000000,-0.000000,0.000000,-952246.375000,-2158298.000000,2500695.000000,3738.825684,338658.187500,-952064.125000,-613405.937500
ml,worst,6048,2026-05-11,1646.378784,10.000000,1746.099121,50.000000,-4.000000,0.000000,-0.000000,0.000000,-349219.812500,1683.330078,50.000000,-9.000000,1.000000,-84166.500000,42.083248,-757498.562500,1699.900146,50.000000,-13.000000,-2.000000,169990.015625,84.995003,-1104935.000000,-2211653.500000,2586518.500000,3865.903809,370999.093750,-983884.687500,-612885.625000
ml,worst,6048,2026-05-12,1636.769653,10.000000,1746.099121,50.000000,-4.000000,0.000000,-0.000000,0.000000,-349219.812500,1649.444336,50.000000,-10.000000,-1.000000,82472.218750,41.236107,-824722.187500,1666.281982,50.000000,-11.000000,2.000000,-166628.203125,83.314095,-916455.062500,-2090397.000000,2502362.500000,3990.454102,407975.031250,-1006900.437500,-598925.375000
ml,worst,6048,2026-05-13,1640.094604,10.000000,1746.099121,50.000000,-4.000000,0.000000,-0.000000,0.000000,-349219.812500,1630.813354,50.000000,-9.000000,1.000000,-81540.664062,40.770329,-733866.000000,1646.229004,50.000000,-10.000000,1.000000,-82311.453125,41.155724,-823114.437500,-1906200.250000,2338510.250000,4072.380371,428237.625000,-996304.250000,-568066.625000
ml,worst,6048,2026-05-14,1631.515259,10.000000,1746.099121,50.000000,-4.000000,0.000000,-0.000000,0.000000,-349219.812500,1635.750610,50.000000,-10.000000,-1.000000,81787.531250,40.893764,-817875.312500,1653.514771,50.000000,-12.000000,-2.000000,165351.484375,82.675743,-992108.875000,-2159204.000000,2585649.500000,4195.950195,422249.562500,-1018129.250000,-595879.687500
ml,worst,6048,2026-05-15,1637.441650,10.000000,1746.099121,50.000000,-4.000000,0.000000,-0.000000,0.000000,-349219.812500,1655.694702,50.000000,-9.000000,1.000000,-82784.734375,41.392368,-745062.625000,1673.570557,50.000000,-10.000000,2.000000,-167357.062500,83.678528,-836785.250000,-1931067.750000,2335507.500000,4321.020508,400118.718750,-1003980.062500,-603861.375000
ml,worst,6048,2026-05-16,1640.848755,10.000000,1746.099121,50.000000,-4.000000,0.000000,-0.000000,0.000000,-349219.812500,1653.813599,50.000000,-9.000000,0.000000,-0.000000,0.000000,-744216.125000,1671.319702,50.000000,-10.000000,0.000000,-0.000000,0.000000,-835659.875000,-1929095.875000,2335507.500000,4321.020508,402090.593750,-999744.500000,-597653.875000
ml,worst,6048,2026-05-17,1635.489380,10.000000,1746.099121,50.000000,-4.000000,0.000000,-0.000000,0.000000,-349219.812500,1654.767090,50.000000,-9.000000,0.000000,-0.000000,0.000000,-744645.187500,1676.125977,50.000000,-10.000000,0.000000,-0.000000,0.000000,-838063.000000,-1931928.000000,2335507.500000,4321.020508,399258.468750,-1013348.812500,-614090.375000
ml,worst,6048,2026-05-18,1613.364380,10.000000,1746.099121,50.000000,-4.000000,0.000000,-0.000000,0.000000,-349219.812500,1610.156860,50.000000,-8.000000,1.000000,-80507.843750,40.253922,-644062.750000,1629.948242,50.000000,-12.000000,-2.000000,162994.828125,81.497414,-977968.937500,-1971251.500000,2417994.500000,4442.771973,442300.218750,-1068577.500000,-626277.250000
ml,worst,6048,2026-05-19,1587.215698,10.000000,1746.099121,50.000000,-4.000000,0.000000,-0.000000,0.000000,-349219.812500,1576.737915,50.000000,-9.000000,-1.000000,78836.898438,39.418449,-709532.062500,1598.991089,50.000000,-10.000000,2.000000,-159899.109375,79.949554,-799495.562500,-1858247.500000,2336932.500000,4562.140137,474122.875000,-1133102.500000,-658979.625000
ml,worst,6048,2026-05-20,1616.180176,10.000000,1746.099121,50.000000,-4.000000,0.000000,-0.000000,0.000000,-349219.812500,1641.299438,50.000000,-10.000000,-1.000000,82064.968750,41.032482,-820649.687500,1666.064819,50.000000,-12.000000,-2.000000,166606.484375,83.303238,-999638.875000,-2169508.500000,2585603.750000,4686.475586,411408.781250,-1063915.750000,-652507.000000
ml,worst,6048,2026-05-21,1608.654541,10.000000,1746.099121,50.000000,-4.000000,0.000000,-0.000000,0.000000,-349219.812500,1657.945679,50.000000,-9.000000,1.000000,-82897.281250,41.448639,-746075.562500,1684.360840,50.000000,-14.000000,-2.000000,168436.078125,84.218033,-1179052.500000,-2274348.000000,2671142.500000,4812.142578,391982.343750,-1081482.000000,-689499.625000
ml,worst,6048,2026-05-22,1571.809814,10.000000,1746.099121,50.000000,-4.000000,0.000000,-0.000000,0.000000,-349219.812500,1587.878540,50.000000,-8.000000,1.000000,-79393.929688,39.696964,-635151.437500,1615.206177,50.000000,-12.000000,2.000000,-161520.625000,80.760307,-969123.750000,-1953495.000000,2430228.000000,4932.599609,471800.406250,-1178549.250000,-706748.875000
ml,worst,6048,2026-05-23,1551.082397,10.000000,1746.099121,50.000000,-4.000000,0.000000,-0.000000,0.000000,-349219.812500,1555.863159,50.000000,-8.000000,0.000000,-0.000000,0.000000,-622345.250000,1583.319458,50.000000,-12.000000,0.000000,-0.000000,0.000000,-949991.687500,-1921556.750000,2430228.000000,4932.599609,503738.656250,-1230586.375000,-726847.750000
ml,worst,6048,2026-05-24,1553.804321,10.000000,1746.099121,50.000000,-4.000000,0.000000,-0.000000,0.000000,-349219.812500,1557.681396,50.000000,-8.000000,0.000000,-0.000000,0.000000,-623072.562500,1586.015625,50.000000,-12.000000,0.000000,-0.000000,0.000000,-951609.375000,-1923901.750000,2430228.000000,4932.599609,501393.656250,-1222409.875000,-721016.250000
ml,worst,6048,2026-05-25,1539.951416,10.000000,1746.099121,50.000000,-4.000000,0.000000,-0.000000,0.000000,-349219.812500,1554.729858,50.000000,-8.000000,0.000000,-0.000000,0.000000,-621891.937500,1580.608521,50.000000,-12.000000,0.000000,-0.000000,0.000000,-948365.125000,-1919476.875000,2430228.000000,4932.599609,505818.531250,-1254505.000000,-748686.500000
ml,worst,6048,2026-05-26,1548.361572,10.000000,1746.099121,50.000000,-4.000000,0.000000,-0.000000,0.000000,-349219.812500,1538.174438,50.000000,-7.000000,1.000000,-76908.718750,38.454357,-538361.062500,1560.336182,50.000000,-10.000000,2.000000,-156033.625000,78.016808,-780168.062500,-1667749.000000,2197285.500000,5049.071289,524487.437500,-1236131.875000,-711644.437500
ml,worst,6048,2026-05-27,1536.462158,10.000000,1746.099121,50.000000,-4.000000,0.000000,-0.000000,0.000000,-349219.812500,1534.028931,50.000000,-9.000000,-2.000000,153402.890625,76.701439,-690313.062500,1551.926025,50.000000,-8.000000,2.000000,-155192.609375,77.596306,-620770.437500,-1660303.250000,2195496.000000,5203.368164,529989.375000,-1265589.500000,-735600.125000
ml,worst,6048,2026-05-28,1506.549683,10.000000,1746.099121,50.000000,-4.000000,0.000000,-0.000000,0.000000,-349219.812500,1523.222290,50.000000,-8.000000,1.000000,-76161.117188,38.080559,-609288.937500,1540.029785,50.000000,-10.000000,-2.000000,154002.984375,77.001495,-770014.875000,-1728523.625000,2273337.750000,5318.450684,539495.687500,-1340813.875000,-801318.187500
ml,worst,6048,2026-05-29,1486.395874,10.000000,1746.099121,50.000000,-3.000000,1.000000,-87304.953125,43.652473,-261914.875000,1505.997559,50.000000,-10.000000,-2.000000,150599.750000,75.299873,-752998.750000,1522.280273,50.000000,-12.000000,-2.000000,152228.031250,76.114014,-913368.187500,-1928281.750000,2488860.500000,5513.517578,555065.250000,-1392902.500000,-837837.250000
ml,worst,6048,2026-05-30,1497.138306,10.000000,1746.099121,50.000000,-3.000000,0.000000,-0.000000,0.000000,-261914.875000,1505.243042,50.000000,-10.000000,0.000000,-0.000000,0.000000,-752621.562500,1523.594971,50.000000,-12.000000,0.000000,-0.000000,0.000000,-914157.000000,-1928693.500000,2488860.500000,5513.517578,554653.500000,-1367250.250000,-812596.750000
ml,worst,6048,2026-05-31,1491.839111,10.000000,1746.099121,50.000000,-3.000000,0.000000,-0.000000,0.000000,-261914.875000,1506.256348,50.000000,-10.000000,0.000000,-0.000000,0.000000,-753128.187500,1522.653320,50.000000,-12.000000,0.000000,-0.000000,0.000000,-913592.000000,-1928635.000000,2488860.500000,5513.517578,554712.000000,-1382536.125000,-827824.125000
ml,worst,6048,2026-06-01,1461.254028,10.000000,1746.099121,50.000000,-3.000000,0.000000,-0.000000,0.000000,-261914.875000,1444.639038,50.000000,-8.000000,2.000000,-144463.906250,72.231949,-577855.625000,1459.372437,50.000000,-10.000000,2.000000,-145937.250000,72.968620,-729686.250000,-1569456.750000,2198459.500000,5658.717773,623344.062500,-1456348.875000,-833004.812500
ml,worst,6048,2026-06-02,1505.532104,10.000000,1746.099121,50.000000,-3.000000,0.000000,-0.000000,0.000000,-261914.875000,1519.171143,50.000000,-9.000000,-1.000000,75958.554688,37.979279,-683627.000000,1534.151855,50.000000,-8.000000,2.000000,-153415.187500,76.707588,-613660.750000,-1559202.625000,2121002.750000,5773.404297,556026.750000,-1346389.750000,-790363.000000
ml,worst,6048,2026-06-03,1493.523926,10.000000,1746.099121,50.000000,-3.000000,0.000000,-0.000000,0.000000,-261914.875000,1483.802124,50.000000,-7.000000,2.000000,-148380.218750,74.190109,-519330.750000,1499.806641,50.000000,-10.000000,-2.000000,149980.656250,74.990326,-749903.312500,-1531149.000000,2122603.250000,5922.584961,585531.687500,-1375605.750000,-790074.062500
ml,worst,6048,2026-06-04,1474.900391,10.000000,1746.099121,50.000000,-3.000000,0.000000,-0.000000,0.000000,-261914.875000,1446.261108,50.000000,-6.000000,1.000000,-72313.054688,36.156528,-433878.312500,1463.022339,50.000000,-8.000000,2.000000,-146302.234375,73.151115,-585208.937500,-1281002.125000,1903988.000000,6031.892578,616954.000000,-1425168.750000,-808214.750000
ml,worst,6048,2026-06-05,1478.528931,10.000000,1746.099121,50.000000,-3.000000,0.000000,-0.000000,0.000000,-261914.875000,1453.637573,50.000000,-8.000000,-2.000000,145363.750000,72.681870,-581455.000000,1470.102783,50.000000,-11.000000,-3.000000,220515.437500,110.257706,-808556.562500,-1651926.500000,2269867.000000,6214.832031,611725.687500,-1416668.750000,-804943.062500
ml,worst,6048,2026-06-06,1488.178711,10.000000,1746.099121,50.000000,-3.000000,0.000000,-0.000000,0.000000,-261914.875000,1478.361694,50.000000,-8.000000,0.000000,-0.000000,0.000000,-591344.687500,1493.912476,50.000000,-11.000000,0.000000,-0.000000,0.000000,-821651.875000,-1674911.500000,2269867.000000,6214.832031,588740.687500,-1394232.625000,-805491.937500
ml,worst,6048,2026-06-07,1494.110840,10.000000,1746.099121,50.000000,-3.000000,0.000000,-0.000000,0.000000,-261914.875000,1494.834595,50.000000,-8.000000,0.000000,-0.000000,0.000000,-597933.812500,1507.588623,50.000000,-11.000000,0.000000,-0.000000,0.000000,-829173.750000,-1689022.500000,2269867.000000,6214.832031,574629.687500,-1380338.375000,-805708.687500
ml,worst,6048,2026-06-08,1504.531738,10.000000,1746.099121,50.000000,-3.000000,0.000000,-0.000000,0.000000,-261914.875000,1500.723877,50.000000,-7.000000,1.000000,-75036.195312,37.518097,-525253.375000,1512.255737,50.000000,-9.000000,2.000000,-151225.578125,75.612785,-680515.062500,-1467683.250000,2043605.500000,6327.962891,569594.312500,-1354112.375000,-784518.062500
ml,worst,6048,2026-06-09,1502.935547,10.000000,1746.099121,50.000000,-3.000000,0.000000,-0.000000,0.000000,-261914.875000,1504.356934,50.000000,-10.000000,-3.000000,225653.546875,112.826767,-752178.437500,1516.027588,50.000000,-12.000000,-3.000000,227404.156250,113.702065,-909616.625000,-1923710.000000,2496663.000000,6554.492188,566398.500000,-1358062.125000,-791663.625000
ml,worst,6048,2026-06-10,1514.429321,10.000000,1746.099121,50.000000,-3.000000,0.000000,-0.000000,0.000000,-261914.875000,1540.488403,50.000000,-8.000000,2.000000,-154048.843750,77.024422,-616195.375000,1553.033447,50.000000,-10.000000,2.000000,-155303.343750,77.651672,-776516.687500,-1654627.000000,2187311.000000,6709.167969,525974.812500,-1328079.625000,-802104.812500
ml,worst,6048,2026-06-11,1548.227173,10.000000,1746.099121,50.000000,-3.000000,0.000000,-0.000000,0.000000,-261914.875000,1560.576904,50.000000,-7.000000,1.000000,-78028.843750,39.014420,-546201.875000,1571.480835,50.000000,-8.000000,2.000000,-157148.078125,78.574036,-628592.312500,-1436709.000000,1952133.875000,6826.755859,508598.125000,-1245777.125000,-737179.000000
ml,worst,6048,2026-06-12,1558.059326,10.000000,1746.099121,50.000000,-3.000000,0.000000,-0.000000,0.000000,-261914.875000,1575.512939,50.000000,-10.000000,-3.000000,236326.953125,118.163475,-787756.437500,1588.783447,50.000000,-11.000000,-3.000000,238317.531250,119.158752,-873830.875000,-1923502.125000,2426778.500000,7064.078613,496212.281250,-1221321.500000,-725109.250000
ml,worst,6048,2026-06-13,1524.271362,10.000000,1746.099121,50.000000,-3.000000,0.000000,-0.000000,0.000000,-261914.875000,1552.895752,50.000000,-10.000000,0.000000,-0.000000,0.000000,-776447.875000,1566.331177,50.000000,-11.000000,0.000000,-0.000000,0.000000,-861482.125000,-1899844.875000,2426778.500000,7064.078613,519869.531250,-1303976.250000,-784106.750000
ml,worst,6048,2026-06-14,1537.420898,10.000000,1746.099121,50.000000,-3.000000,0.000000,-0.000000,0.000000,-261914.875000,1552.072266,50.000000,-10.000000,0.000000,-0.000000,0.000000,-776036.125000,1564.364380,50.000000,-11.000000,0.000000,-0.000000,0.000000,-860400.375000,-1898351.375000,2426778.500000,7064.078613,521363.031250,-1271288.125000,-749925.125000
ml,worst,6048,2026-06-15,1539.358887,10.000000,1746.099121,50.000000,-2.000000,1.000000,-87304.953125,43.652473,-174609.906250,1547.312622,50.000000,-7.000000,3.000000,-232096.906250,116.048447,-541559.437500,1558.224243,50.000000,-8.000000,3.000000,-233733.640625,116.866814,-623289.687500,-1339459.000000,1873643.000000,7340.646484,526843.375000,-1263683.375000,-736840.000000
ml,worst,6048,2026-06-16,1515.422607,10.000000,1746.099121,50.000000,-2.000000,0.000000,-0.000000,0.000000,-174609.906250,1506.425903,50.000000,-5.000000,2.000000,-150642.593750,75.321297,-376606.468750,1517.243774,50.000000,-11.000000,-3.000000,227586.578125,113.793274,-834484.062500,-1385700.500000,1950587.000000,7529.760742,557356.750000,-1322970.125000,-765613.375000
ml,worst,6048,2026-06-17,1500.837280,10.000000,1746.099121,50.000000,-2.000000,0.000000,-0.000000,0.000000,-174609.906250,1507.024292,50.000000,-8.000000,-3.000000,226053.640625,113.026817,-602809.687500,1518.832275,50.000000,-8.000000,3.000000,-227824.859375,113.912430,-607532.937500,-1384952.500000,1948815.750000,7756.700195,556106.562500,-1360239.000000,-804132.437500
ml,worst,6048,2026-06-18,1455.702148,10.000000,1746.099121,50.000000,-2.000000,0.000000,-0.000000,0.000000,-174609.906250,1450.213623,50.000000,-6.000000,2.000000,-145021.359375,72.510681,-435064.062500,1463.196655,50.000000,-11.000000,-3.000000,219479.500000,109.739754,-804758.125000,-1414432.125000,2023273.750000,7938.950195,600902.687500,-1472002.875000,-871100.187500
ml,worst,6048,2026-06-19,1424.402954,10.000000,1746.099121,50.000000,-2.000000,0.000000,-0.000000,0.000000,-174609.906250,1442.327881,50.000000,-6.000000,0.000000,-0.000000,0.000000,-432698.343750,1452.856445,50.000000,-11.000000,0.000000,-0.000000,0.000000,-799071.062500,-1406379.250000,2023273.750000,7938.950195,608955.562500,-1549470.750000,-940515.187500
ml,worst,6048,2026-06-20,1391.691284,10.000000,1746.099121,50.000000,-2.000000,0.000000,-0.000000,0.000000,-174609.906250,1417.536133,50.000000,-6.000000,0.000000,-0.000000,0.000000,-425260.843750,1426.076172,50.000000,-11.000000,0.000000,-0.000000,0.000000,-784341.875000,-1384212.625000,2023273.750000,7938.950195,631122.187500,-1631967.000000,-1000844.812500
ml,worst,6048,2026-06-21,1399.231079,10.000000,1746.099121,50.000000,-2.000000,0.000000,-0.000000,0.000000,-174609.906250,1401.805542,50.000000,-6.000000,0.000000,-0.000000,0.000000,-420541.656250,1406.729370,50.000000,-11.000000,0.000000,-0.000000,0.000000,-773701.187500,-1368852.750000,2023273.750000,7938.950195,646482.062500,-1613103.375000,-966621.312500
ml,worst,6048,2026-06-22,1382.721802,10.000000,1746.099121,50.000000,-2.000000,0.000000,-0.000000,0.000000,-174609.906250,1378.435913,50.000000,-9.000000,-3.000000,206765.375000,103.382698,-620296.125000,1385.055786,50.000000,-8.000000,3.000000,-207758.375000,103.879181,-554022.312500,-1348928.250000,2022280.875000,8146.212891,665206.437500,-1653298.750000,-988092.312500
ml,worst,6048,2026-06-23,1384.721680,10.000000,1746.099121,50.000000,-2.000000,0.000000,-0.000000,0.000000,-174609.906250,1391.403198,50.000000,-6.000000,3.000000,-208710.468750,104.355225,-417420.937500,1398.956299,50.000000,-11.000000,-3.000000,209843.453125,104.921707,-769426.000000,-1361456.875000,2023413.875000,8355.490234,653601.500000,-1649167.625000,-995566.125000
ml,worst,6048,2026-06-24,1379.203491,10.000000,1746.099121,50.000000,-2.000000,0.000000,-0.000000,0.000000,-174609.906250,1367.958130,50.000000,-4.000000,2.000000,-136795.812500,68.397903,-273591.625000,1375.802002,50.000000,-8.000000,3.000000,-206370.312500,103.185150,-550320.812500,-998522.375000,1680247.750000,8527.072266,673198.312500,-1662928.500000,-989730.187500
ml,worst,6048,2026-06-25,1371.398193,10.000000,1746.099121,50.000000,-2.000000,0.000000,-0.000000,0.000000,-174609.906250,1382.508423,50.000000,-7.000000,-3.000000,207376.265625,103.688126,-483877.937500,1391.988647,50.000000,-11.000000,-3.000000,208798.296875,104.399139,-765593.750000,-1424081.625000,2096422.250000,8735.160156,663605.437500,-1682309.125000,-1018703.687500
ml,worst,6048,2026-06-26,1369.295532,10.000000,1746.099121,50.000000,-2.000000,0.000000,-0.000000,0.000000,-174609.906250,1409.331787,50.000000,-10.000000,-3.000000,211399.750000,105.699875,-704665.937500,1419.777710,50.000000,-8.000000,3.000000,-212966.656250,106.483315,-567911.062500,-1447187.000000,2094855.500000,8947.342773,638721.187500,-1687239.375000,-1048518.187500
ml,worst,6048,2026-06-27,1341.702393,10.000000,1746.099121,50.000000,-2.000000,0.000000,-0.000000,0.000000,-174609.906250,1360.663208,50.000000,-10.000000,0.000000,-0.000000,0.000000,-680331.562500,1371.444458,50.000000,-8.000000,0.000000,-0.000000,0.000000,-548577.812500,-1403519.250000,2094855.500000,8947.342773,682388.937500,-1755891.500000,-1073502.500000
ml,worst,6048,2026-06-28,1343.941528,10.000000,1746.099121,50.000000,-2.000000,0.000000,-0.000000,0.000000,-174609.906250,1307.833130,50.000000,-10.000000,0.000000,-0.000000,0.000000,-653916.562500,1319.938354,50.000000,-8.000000,0.000000,-0.000000,0.000000,-527975.312500,-1356501.750000,2094855.500000,8947.342773,729406.437500,-1751173.875000,-1021767.437500
ml,worst,6048,2026-06-29,1330.342285,10.000000,1746.099121,50.000000,-2.000000,0.000000,-0.000000,0.000000,-174609.906250,1322.367432,50.000000,-7.000000,3.000000,-198355.109375,99.177551,-462828.625000,1334.496338,50.000000,-5.000000,3.000000,-200174.453125,100.087219,-333624.062500,-971062.562500,1696325.750000,9146.607422,716116.562500,-1785334.250000,-1069217.750000
ml,worst,6048,2026-06-30,1333.660889,10.000000,1746.099121,50.000000,-2.000000,0.000000,-0.000000,0.000000,-174609.906250,1352.819580,50.000000,-4.000000,3.000000,-202922.937500,101.461464,-270563.906250,1366.025146,50.000000,-8.000000,-3.000000,204903.765625,102.451881,-546410.062500,-991583.875000,1698306.625000,9350.521484,697372.250000,-1777393.250000,-1080021.000000
ml,worst,6048,2026-07-01,1323.377563,10.000000,1746.099121,50.000000,-2.000000,0.000000,-0.000000,0.000000,-174609.906250,1329.796143,50.000000,-7.000000,-3.000000,199469.421875,99.734711,-465428.656250,1343.388916,50.000000,-5.000000,3.000000,-201508.343750,100.754166,-335847.218750,-975885.750000,1696267.750000,9551.009766,710831.000000,-1803151.125000,-1092320.125000
ml,worst,6048,2026-07-02,1303.702637,10.000000,1746.099121,50.000000,-2.000000,0.000000,-0.000000,0.000000,-174609.906250,1321.414673,50.000000,-4.000000,3.000000,-198212.203125,99.106094,-264282.937500,1333.827637,50.000000,-8.000000,-3.000000,200074.140625,100.037079,-533531.062500,-972423.875000,1698129.625000,9750.153320,715955.625000,-1849989.250000,-1134033.625000
ml,worst,6048,2026-07-03,1306.546631,10.000000,1746.099121,50.000000,-1.000000,1.000000,-87304.953125,43.652473,-87304.953125,1298.828491,50.000000,-7.000000,-3.000000,194824.265625,97.412132,-454590.000000,1310.029541,50.000000,-5.000000,3.000000,-196504.437500,98.252213,-327507.375000,-869402.312500,1609144.500000,9989.469727,729752.687500,-1843253.125000,-1113500.500000
ml,worst,6048,2026-07-04,1317.408203,10.000000,1746.099121,50.000000,-1.000000,0.000000,-0.000000,0.000000,-87304.953125,1294.421997,50.000000,-7.000000,0.000000,-0.000000,0.000000,-453047.718750,1303.722778,50.000000,-5.000000,0.000000,-0.000000,0.000000,-325930.687500,-866283.375000,1609144.500000,9989.469727,732871.625000,-1819775.375000,-1086903.750000
ml,worst,6048,2026-07-05,1301.110352,10.000000,1746.099121,50.000000,-1.000000,0.000000,-0.000000,0.000000,-87304.953125,1308.249634,50.000000,-7.000000,0.000000,-0.000000,0.000000,-457887.343750,1318.685425,50.000000,-5.000000,0.000000,-0.000000,0.000000,-329671.375000,-874863.687500,1609144.500000,9989.469727,724291.312500,-1855053.750000,-1130762.500000
ml,worst,6048,2026-07-06,1284.557739,10.000000,1746.099121,50.000000,-1.000000,0.000000,-0.000000,0.000000,-87304.953125,1281.297607,50.000000,-4.000000,3.000000,-192194.640625,96.097321,-256259.515625,1292.632080,50.000000,-8.000000,-3.000000,193894.812500,96.947411,-517052.843750,-860617.312500,1610844.750000,10182.514648,740044.937500,-1890862.625000,-1150817.750000
ml,worst,6048,2026-07-07,1284.054443,10.000000,1746.099121,50.000000,-1.000000,0.000000,-0.000000,0.000000,-87304.953125,1287.343384,50.000000,-7.000000,-3.000000,193101.515625,96.550751,-450570.156250,1300.347046,50.000000,-5.000000,3.000000,-195052.046875,97.526024,-325086.781250,-862961.875000,1608894.250000,10376.591797,735555.812500,-1891628.000000,-1156072.250000
ml,worst,6048,2026-07-08,1298.396362,10.000000,1746.099121,50.000000,-1.000000,0.000000,-0.000000,0.000000,-87304.953125,1321.972290,50.000000,-4.000000,3.000000,-198295.843750,99.147926,-264394.468750,1335.501099,50.000000,-8.000000,-3.000000,200325.171875,100.162582,-534200.437500,-885899.875000,1610923.500000,10575.902344,714447.750000,-1863441.000000,-1148993.250000
ml,worst,6048,2026-07-09,1324.282227,10.000000,1746.099121,50.000000,-1.000000,0.000000,-0.000000,0.000000,-87304.953125,1327.833862,50.000000,-7.000000,-3.000000,199175.078125,99.587540,-464741.843750,1340.984985,50.000000,-5.000000,3.000000,-201147.750000,100.573868,-335246.250000,-887293.062500,1608950.750000,10776.063477,710881.625000,-1815338.750000,-1104457.125000
ml,worst,6048,2026-07-10,1316.340698,10.000000,1746.099121,50.000000,-1.000000,0.000000,-0.000000,0.000000,-87304.953125,1304.655518,50.000000,-4.000000,3.000000,-195698.328125,97.849159,-260931.109375,1317.825195,50.000000,-8.000000,-3.000000,197673.781250,98.836884,-527130.062500,-875366.125000,1610926.250000,10972.750000,724587.375000,-1828692.625000,-1104105.250000
ml,worst,6048,2026-07-11,1320.659424,10.000000,1746.099121,50.000000,-1.000000,0.000000,-0.000000,0.000000,-87304.953125,1329.445923,50.000000,-4.000000,0.000000,-0.000000,0.000000,-265889.187500,1342.674438,50.000000,-8.000000,0.000000,-0.000000,0.000000,-537069.750000,-890263.875000,1610926.250000,10972.750000,709689.625000,-1822019.125000,-1112329.500000
ml,worst,6048,2026-07-12,1313.037720,10.000000,1746.099121,50.000000,-1.000000,0.000000,-0.000000,0.000000,-87304.953125,1328.916626,50.000000,-4.000000,0.000000,-0.000000,0.000000,-265783.312500,1343.305664,50.000000,-8.000000,0.000000,-0.000000,0.000000,-537322.250000,-890410.500000,1610926.250000,10972.750000,709543.000000,-1834455.000000,-1124912.000000
ml,worst,6048,2026-07-13,1345.919312,10.000000,1746.099121,50.000000,-1.000000,0.000000,-0.000000,0.000000,-87304.953125,1362.661499,50.000000,-7.000000,-3.000000,204399.218750,102.199608,-476931.531250,1376.814941,50.000000,-5.000000,3.000000,-206522.234375,103.261124,-344203.750000,-908440.250000,1608803.250000,11178.209961,689184.812500,-1780735.875000,-1091551.000000
ml,worst,6048,2026-07-14,1327.245728,10.000000,1746.099121,50.000000,-1.000000,0.000000,-0.000000,0.000000,-87304.953125,1326.266113,50.000000,-4.000000,3.000000,-198939.921875,99.469955,-265253.218750,1339.558350,50.000000,-8.000000,-3.000000,200933.750000,100.466873,-535823.312500,-888381.500000,1610797.000000,11378.146484,711037.375000,-1809046.500000,-1098009.125000
ml,worst,6048,2026-07-15,1305.649170,10.000000,1746.099121,50.000000,-1.000000,0.000000,-0.000000,0.000000,-87304.953125,1338.949097,50.000000,-7.000000,-3.000000,200842.359375,100.421173,-468632.187500,1352.269531,50.000000,-5.000000,3.000000,-202840.437500,101.420212,-338067.375000,-894004.500000,1608799.000000,11579.988281,703214.500000,-1839219.875000,-1136005.375000
ml,worst,6048,2026-07-16,1296.685059,10.000000,1746.099121,50.000000,-1.000000,0.000000,-0.000000,0.000000,-87304.953125,1322.150146,50.000000,-4.000000,3.000000,-198322.515625,99.161255,-264430.031250,1335.726807,50.000000,-8.000000,-3.000000,200359.015625,100.179504,-534290.750000,-886025.750000,1610835.500000,11779.329102,713030.437500,-1851033.000000,-1138002.500000
ml,worst,6048,2026-07-17,1296.679443,10.000000,1746.099121,50.000000,-1.000000,0.000000,-0.000000,0.000000,-87304.953125,1304.997803,50.000000,-1.000000,3.000000,-195749.671875,97.874832,-65249.890625,1319.320801,50.000000,-5.000000,3.000000,-197898.125000,98.949051,-329830.187500,-482385.031250,1217187.750000,11976.152344,722826.625000,-1851277.875000,-1128451.250000
ml,worst,6048,2026-07-18,1333.522949,10.000000,1746.099121,50.000000,-1.000000,0.000000,-0.000000,0.000000,-87304.953125,1317.951782,50.000000,-1.000000,0.000000,-0.000000,0.000000,-65897.585938,1332.980225,50.000000,-5.000000,0.000000,-0.000000,0.000000,-333245.062500,-486447.593750,1217187.750000,11976.152344,718764.000000,-1811144.250000,-1092380.250000
ml,worst,6048,2026-07-19,1340.894531,10.000000,1746.099121,50.000000,-1.000000,0.000000,-0.000000,0.000000,-87304.953125,1324.238525,50.000000,-1.000000,0.000000,-0.000000,0.000000,-66211.929688,1339.298340,50.000000,-5.000000,0.000000,-0.000000,0.000000,-334824.593750,-488341.468750,1217187.750000,11976.152344,716870.125000,-1803455.625000,-1086585.500000
ml,worst,6048,2026-07-20,1330.576294,10.000000,1746.099121,50.000000,-1.000000,0.000000,-0.000000,0.000000,-87304.953125,1325.974609,50.000000,-4.000000,-3.000000,198896.187500,99.448105,-265194.937500,1341.086304,50.000000,-2.000000,3.000000,-201162.937500,100.581467,-134108.625000,-486608.500000,1214921.000000,12176.181641,716136.312500,-1814659.750000,-1098523.500000
ml,worst,6048,2026-07-21,1317.806519,10.000000,1746.099121,50.000000,-1.000000,0.000000,-0.000000,0.000000,-87304.953125,1316.086670,50.000000,-1.000000,3.000000,-197413.000000,98.706505,-65804.335938,1330.183228,50.000000,-5.000000,-3.000000,199527.484375,99.763748,-332545.812500,-485655.093750,1217035.500000,12374.652344,719005.750000,-1827031.750000,-1108026.000000
ml,worst,6048,2026-07-22,1336.474731,10.000000,1746.099121,50.000000,-1.000000,0.000000,-0.000000,0.000000,-87304.953125,1337.804932,50.000000,-4.000000,-3.000000,200670.734375,100.335373,-267561.000000,1353.593628,50.000000,-2.000000,3.000000,-203039.031250,101.519516,-135359.359375,-490225.312500,1214667.125000,12576.507812,711865.312500,-1810856.500000,-1098991.250000
ml,worst,6048,2026-07-23,1344.352295,10.000000,1746.099121,50.000000,-1.000000,0.000000,-0.000000,0.000000,-87304.953125,1353.194214,50.000000,-1.000000,3.000000,-202979.125000,101.489571,-67659.710938,1368.748657,50.000000,-5.000000,-3.000000,205312.312500,102.656143,-342187.156250,-497151.812500,1217000.375000,12780.652344,707067.937500,-1804942.625000,-1097874.750000
ml,worst,6048,2026-07-24,1351.610474,10.000000,1746.099121,50.000000,-1.000000,0.000000,-0.000000,0.000000,-87304.953125,1354.036621,50.000000,-4.000000,-3.000000,203105.500000,101.552734,-270807.312500,1369.135254,50.000000,-2.000000,3.000000,-205370.281250,102.685150,-136913.531250,-495025.781250,1214735.500000,12984.890625,706724.875000,-1800350.750000,-1093625.875000
ml,worst,6048,2026-07-25,1353.395630,10.000000,1746.099121,50.000000,-1.000000,0.000000,-0.000000,0.000000,-87304.953125,1354.646606,50.000000,-4.000000,0.000000,-0.000000,0.000000,-270929.312500,1369.910400,50.000000,-2.000000,0.000000,-0.000000,0.000000,-136991.046875,-495225.312500,1214735.500000,12984.890625,706525.312500,-1799537.375000,-1093012.000000
ml,worst,6048,2026-07-26,1342.787842,10.000000,1746.099121,50.000000,-1.000000,0.000000,-0.000000,0.000000,-87304.953125,1355.654053,50.000000,-4.000000,0.000000,-0.000000,0.000000,-271130.812500,1371.129761,50.000000,-2.000000,0.000000,-0.000000,0.000000,-137112.968750,-495548.718750,1214735.500000,12984.890625,706201.875000,-1805443.875000,-1099242.000000
ml,worst,6048,2026-07-27,1350.080688,10.000000,1746.099121,50.000000,-1.000000,0.000000,-0.000000,0.000000,-87304.953125,1363.779053,50.000000,-1.000000,3.000000,-204566.859375,102.283424,-68188.953125,1379.528076,50.000000,-5.000000,-3.000000,206929.203125,103.464600,-344882.031250,-500375.937500,1217097.875000,13190.638672,703531.312500,-1801661.500000,-1098130.250000
ml,worst,6048,2026-07-28,1342.663574,10.000000,1746.099121,50.000000,0.000000,1.000000,-87304.953125,43.652473,0.000000,1350.289185,50.000000,-4.000000,-3.000000,202543.390625,101.271683,-270057.843750,1365.772339,50.000000,-2.000000,3.000000,-204865.843750,102.432930,-136577.234375,-406635.062500,1127470.500000,13437.996094,707397.437500,-1805041.000000,-1097643.500000
ml,worst,6048,2026-07-29,1378.651855,10.000000,1746.099121,50.000000,0.000000,0.000000,-0.000000,0.000000,0.000000,1385.754639,50.000000,-1.000000,3.000000,-207863.187500,103.931602,-69287.734375,1401.958252,50.000000,-5.000000,-3.000000,210293.750000,105.146866,-350489.562500,-419777.312500,1129901.000000,13647.074219,696476.625000,-1793498.375000,-1097021.750000
ml,worst,6048,2026-07-30,1404.875000,10.000000,1746.099121,50.000000,0.000000,0.000000,-0.000000,0.000000,0.000000,1385.754639,50.000000,0.000000,1.000000,-69287.734375,34.643867,0.000000,1421.021484,50.000000,-2.000000,3.000000,-213153.218750,106.576607,-142102.156250,-142102.156250,847460.125000,13788.294922,691569.687500,-1787989.625000,-1096420.000000
ml,worst,6048,2026-07-31,1403.630127,10.000000,1746.099121,50.000000,0.000000,0.000000,-0.000000,0.000000,0.000000,1385.754639,50.000000,0.000000,0.000000,-0.000000,0.000000,0.000000,1416.183472,50.000000,-5.000000,-3.000000,212427.515625,106.213760,-354045.875000,-354045.875000,1059887.625000,13894.509766,691947.250000,-1788285.125000,-1096337.875000
ml,worst,6048,2026-08-01,1391.512817,10.000000,1746.099121,50.000000,0.000000,0.000000,-0.000000,0.000000,0.000000,1385.754639,50.000000,0.000000,0.000000,-0.000000,0.000000,0.000000,1428.098267,50.000000,-5.000000,0.000000,-0.000000,0.000000,-357024.562500,-357024.562500,1059887.625000,13894.509766,688968.562500,-1788440.500000,-1099472.000000
ml,worst,6048,2026-08-02,1383.298218,10.000000,1746.099121,50.000000,0.000000,0.000000,-0.000000,0.000000,0.000000,1385.754639,50.000000,0.000000,0.000000,-0.000000,0.000000,0.000000,1394.961548,50.000000,-5.000000,0.000000,-0.000000,0.000000,-348740.375000,-348740.375000,1059887.625000,13894.509766,697252.750000,-1788612.125000,-1091359.375000
ml,worst,6048,2026-08-03,1397.085571,10.000000,1746.099121,50.000000,0.000000,0.000000,-0.000000,0.000000,0.000000,1385.754639,50.000000,0.000000,0.000000,-0.000000,0.000000,0.000000,1398.940918,50.000000,-2.000000,3.000000,-209841.140625,104.920578,-139894.093750,-139894.093750,850046.500000,13999.429688,696152.937500,-1788817.000000,-1092664.000000
ml,worst,6048,2026-08-04,1419.732178,10.000000,1746.099121,50.000000,0.000000,0.000000,-0.000000,0.000000,0.000000,1385.754639,50.000000,0.000000,0.000000,-0.000000,0.000000,0.000000,1402.639160,50.000000,-1.000000,1.000000,-70131.960938,35.065979,-70131.960938,-70131.960938,779914.500000,14034.496094,695748.062500,-1789016.500000,-1093268.500000
ml,worst,6048,2026-08-05,1424.344360,10.000000,1746.099121,50.000000,0.000000,0.000000,-0.000000,0.000000,0.000000,1385.754639,50.000000,0.000000,0.000000,-0.000000,0.000000,0.000000,1427.734375,50.000000,-4.000000,-3.000000,214160.156250,107.080078,-285546.875000,-285546.875000,994074.625000,14141.576172,694386.187500,-1789221.750000,-1094835.500000
ml,worst,6048,2026-08-06,1460.650757,10.000000,1746.099121,50.000000,0.000000,0.000000,-0.000000,0.000000,0.000000,1385.754639,50.000000,0.000000,0.000000,-0.000000,0.000000,0.000000,1451.611450,50.000000,-1.000000,3.000000,-217741.718750,108.870850,-72580.570312,-72580.570312,776332.937500,14250.447266,689501.937500,-1789221.750000,-1099719.750000
ml,worst,6048,2026-08-07,1452.385864,10.000000,1746.099121,50.000000,0.000000,0.000000,-0.000000,0.000000,0.000000,1385.754639,50.000000,0.000000,0.000000,-0.000000,0.000000,0.000000,1447.560425,50.000000,-4.000000,-3.000000,217134.062500,108.567032,-289512.093750,-289512.093750,993467.000000,14359.013672,689595.875000,-1789221.750000,-1099625.875000
ml,worst,6048,2026-08-08,1452.889526,10.000000,1746.099121,50.000000,0.000000,0.000000,-0.000000,0.000000,0.000000,1385.754639,50.000000,0.000000,0.000000,-0.000000,0.000000,0.000000,1455.650269,50.000000,-4.000000,0.000000,-0.000000,0.000000,-291130.062500,-291130.062500,993467.000000,14359.013672,687977.937500,-1789221.750000,-1101243.750000
ml,worst,6048,2026-08-09,1441.252441,10.000000,1746.099121,50.000000,0.000000,0.000000,-0.000000,0.000000,0.000000,1385.754639,50.000000,0.000000,0.000000,-0.000000,0.000000,0.000000,1482.658813,50.000000,-4.000000,0.000000,-0.000000,0.000000,-296531.750000,-296531.750000,993467.000000,14359.013672,682576.250000,-1789221.750000,-1106645.500000
ml,worst,6048,2026-08-10,1443.110596,10.000000,1746.099121,50.000000,0.000000,0.000000,-0.000000,0.000000,0.000000,1385.754639,50.000000,0.000000,0.000000,-0.000000,0.000000,0.000000,1495.363892,50.000000,-1.000000,3.000000,-224304.593750,112.152283,-74768.195312,-74768.195312,769162.375000,14471.166016,679923.000000,-1789221.750000,-1109298.750000
ml,worst,6048,2026-08-11,1425.061768,10.000000,1746.099121,50.000000,0.000000,0.000000,-0.000000,0.000000,0.000000,1385.754639,50.000000,0.000000,0.000000,-0.000000,0.000000,0.000000,1468.289917,50.000000,-4.000000,-3.000000,220243.484375,110.121735,-293657.968750,-293657.968750,989405.875000,14581.288086,681166.562500,-1789221.750000,-1108055.250000
ml,worst,6048,2026-08-12,1447.058960,10.000000,1746.099121,50.000000,0.000000,0.000000,-0.000000,0.000000,0.000000,1385.754639,50.000000,0.000000,0.000000,-0.000000,0.000000,0.000000,1480.084351,50.000000,-1.000000,3.000000,-222012.640625,111.006332,-74004.218750,-74004.218750,767393.250000,14692.293945,678696.687500,-1789221.750000,-1110525.000000
ml,worst,6048,2026-08-13,1473.973022,10.000000,1746.099121,50.000000,0.000000,0.000000,-0.000000,0.000000,0.000000,1385.754639,50.000000,0.000000,0.000000,-0.000000,0.000000,0.000000,1489.831055,50.000000,-4.000000,-3.000000,223474.656250,111.737335,-297966.218750,-297966.218750,990867.875000,14804.031250,678097.625000,-1789221.750000,-1111124.125000
ml,worst,6048,2026-08-14,1428.631104,10.000000,1746.099121,50.000000,0.000000,0.000000,-0.000000,0.000000,0.000000,1385.754639,50.000000,0.000000,0.000000,-0.000000,0.000000,0.000000,1435.005493,50.000000,-1.000000,3.000000,-215250.828125,107.625412,-71750.273438,-71750.273438,775617.062500,14911.657227,688955.125000,-1789221.750000,-1100266.625000
ml,worst,6048,2026-08-15,1432.686035,10.000000,1746.099121,50.000000,0.000000,0.000000,-0.000000,0.000000,0.000000,1385.754639,50.000000,0.000000,0.000000,-0.000000,0.000000,0.000000,1449.679565,50.000000,-1.000000,0.000000,-0.000000,0.000000,-72483.976562,-72483.976562,775617.062500,14911.657227,688221.375000,-1789221.750000,-1101000.375000
ml,worst,6048,2026-08-16,1414.688110,10.000000,1746.099121,50.000000,0.000000,0.000000,-0.000000,0.000000,0.000000,1385.754639,50.000000,0.000000,0.000000,-0.000000,0.000000,0.000000,1428.067871,50.000000,-1.000000,0.000000,-0.000000,0.000000,-71403.390625,-71403.390625,775617.062500,14911.657227,689302.000000,-1789221.750000,-1099919.750000
ml,worst,6048,2026-08-17,1408.535400,10.000000,1746.099121,50.000000,0.000000,0.000000,-0.000000,0.000000,0.000000,1385.754639,50.000000,0.000000,0.000000,-0.000000,0.000000,0.000000,1422.814941,50.000000,0.000000,1.000000,-71140.750000,35.570374,0.000000,0.000000,704476.312500,14947.227539,689529.062500,-1789221.750000,-1099692.750000
ml,worst,6048,2026-08-18,1396.715942,10.000000,1746.099121,50.000000,0.000000,0.000000,-0.000000,0.000000,0.000000,1385.754639,50.000000,0.000000,0.000000,-0.000000,0.000000,0.000000,1388.215820,50.000000,0.000000,0.000000,-0.000000,0.000000,0.000000,0.000000,704476.312500,14947.227539,689529.062500,-1789221.750000,-1099692.750000
ml,worst,6048,2026-08-19,1363.326416,10.000000,1746.099121,50.000000,0.000000,0.000000,-0.000000,0.000000,0.000000,1385.754639,50.000000,0.000000,0.000000,-0.000000,0.000000,0.000000,1361.581787,50.000000,0.000000,0.000000,-0.000000,0.000000,0.000000,0.000000,704476.312500,14947.227539,689529.062500,-1789221.750000,-1099692.750000
ml,worst,6048,2026-08-20,1342.632812,10.000000,1746.099121,50.000000,0.000000,0.000000,-0.000000,0.000000,0.000000,1385.754639,50.000000,0.000000,0.000000,-0.000000,0.000000,0.000000,1329.446167,50.000000,0.000000,0.000000,-0.000000,0.000000,0.000000,0.000000,704476.312500,14947.227539,689529.062500,-1789221.750000,-1099692.750000
ml,worst,6048,2026-08-21,1389.723755,10.000000,1746.099121,50.000000,0.000000,0.000000,-0.000000,0.000000,0.000000,1385.754639,50.000000,0.000000,0.000000,-0.000000,0.000000,0.000000,1368.575195,50.000000,0.000000,0.000000,-0.000000,0.000000,0.000000,0.000000,704476.312500,14947.227539,689529.062500,-1789221.750000,-1099692.750000
ml,worst,6048,2026-08-22,1388.301025,10.000000,1746.099121,50.000000,0.000000,0.000000,-0.000000,0.000000,0.000000,1385.754639,50.000000,0.000000,0.000000,-0.000000,0.000000,0.000000,1378.679199,50.000000,0.000000,0.000000,-0.000000,0.000000,0.000000,0.000000,704476.312500,14947.227539,689529.062500,-1789221.750000,-1099692.750000
ml,worst,6048,2026-08-23,1361.005615,10.000000,1746.099121,50.000000,0.000000,0.000000,-0.000000,0.000000,0.000000,1385.754639,50.000000,0.000000,0.000000,-0.000000,0.000000,0.000000,1342.637695,50.000000,0.000000,0.000000,-0.000000,0.000000,0.000000,0.000000,704476.312500,14947.227539,689529.062500,-1789221.750000,-1099692.750000
ml,worst,6048,2026-08-24,1364.756714,10.000000,1746.099121,50.000000,0.000000,0.000000,-0.000000,0.000000,0.000000,1385.754639,50.000000,0.000000,0.000000,-0.000000,0.000000,0.000000,1358.566772,50.000000,0.000000,0.000000,-0.000000,0.000000,0.000000,0.000000,704476.312500,14947.227539,689529.062500,-1789221.750000,-1099692.750000
ml,worst,6048,2026-08-25,1346.866333,10.000000,1746.099121,50.000000,0.000000,0.000000,-0.000000,0.000000,0.000000,1385.754639,50.000000,0.000000,0.000000,-0.000000,0.000000,0.000000,1328.753174,50.000000,0.000000,0.000000,-0.000000,0.000000,0.000000,0.000000,704476.312500,14947.227539,689529.062500,-1789221.750000,-1099692.750000
ml,worst,6048,2026-08-26,1343.838989,10.000000,1746.099121,50.000000,0.000000,0.000000,-0.000000,0.000000,0.000000,1385.754639,50.000000,0.000000,0.000000,-0.000000,0.000000,0.000000,1328.897339,50.000000,0.000000,0.000000,-0.000000,0.000000,0.000000,0.000000,704476.312500,14947.227539,689529.062500,-1789221.750000,-1099692.750000
ml,worst,6048,2026-08-27,1323.446411,10.000000,1746.099121,50.000000,0.000000,0.000000,-0.000000,0.000000,0.000000,1385.754639,50.000000,0.000000,0.000000,-0.000000,0.000000,0.000000,1340.386597,50.000000,0.000000,0.000000,-0.000000,0.000000,0.000000,0.000000,704476.312500,14947.227539,689529.062500,-1789221.750000,-1099692.750000
ml,worst,6048,2026-08-28,1335.961914,10.000000,1746.099121,50.000000,0.000000,0.000000,-0.000000,0.000000,0.000000,1385.754639,50.000000,0.000000,0.000000,-0.000000,0.000000,0.000000,1350.404907,50.000000,0.000000,0.000000,-0.000000,0.000000,0.000000,0.000000,704476.312500,14947.227539,689529.062500,-1789221.750000,-1099692.750000
ml,worst,6048,2026-08-29,1330.139282,10.000000,1746.099121,50.000000,0.000000,0.000000,-0.000000,0.000000,0.000000,1385.754639,50.000000,0.000000,0.000000,-0.000000,0.000000,0.000000,1357.571411,50.000000,0.000000,0.000000,-0.000000,0.000000,0.000000,0.000000,704476.312500,14947.227539,689529.062500,-1789221.750000,-1099692.750000
ml,worst,6048,2026-08-30,1321.070679,10.000000,1746.099121,50.000000,0.000000,0.000000,-0.000000,0.000000,0.000000,1385.754639,50.000000,0.000000,0.000000,-0.000000,0.000000,0.000000,1332.893799,50.000000,0.000000,0.000000,-0.000000,0.000000,0.000000,0.000000,704476.312500,14947.227539,689529.062500,-1789221.750000,-1099692.750000
ml,worst,6048,2026-08-31,1318.194336,10.000000,1746.099121,50.000000,0.000000,0.000000,-0.000000,0.000000,0.000000,1385.754639,50.000000,0.000000,0.000000,-0.000000,0.000000,0.000000,1313.265747,50.000000,0.000000,0.000000,-0.000000,0.000000,0.000000,0.000000,704476.312500,14947.227539,689529.062500,-1789221.750000,-1099692.750000
ml,worst,6048,2026-09-01,1316.393433,10.000000,1746.099121,50.000000,0.000000,0.000000,-0.000000,0.000000,0.000000,1385.754639,50.000000,0.000000,0.000000,-0.000000,0.000000,0.000000,1310.652588,50.000000,0.000000,0.000000,-0.000000,0.000000,0.000000,0.000000,704476.312500,14947.227539,689529.062500,-1789221.750000,-1099692.750000
ml,worst,6048,2026-09-02,1304.582520,10.000000,1746.099121,50.000000,0.000000,0.000000,-0.000000,0.000000,0.000000,1385.754639,50.000000,0.000000,0.000000,-0.000000,0.000000,0.000000,1290.967773,50.000000,0.000000,0.000000,-0.000000,0.000000,0.000000,0.000000,704476.312500,14947.227539,689529.062500,-1789221.750000,-1099692.750000
ml,worst,6048,2026-09-03,1296.970215,10.000000,1746.099121,50.000000,0.000000,0.000000,-0.000000,0.000000,0.000000,1385.754639,50.000000,0.000000,0.000000,-0.000000,0.000000,0.000000,1327.961426,50.000000,0.000000,0.000000,-0.000000,0.000000,0.000000,0.000000,704476.312500,14947.227539,689529.062500,-1789221.750000,-1099692.750000
ml,worst,6048,2026-09-04,1313.055176,10.000000,1746.099121,50.000000,0.000000,0.000000,-0.000000,0.000000,0.000000,1385.754639,50.000000,0.000000,0.000000,-0.000000,0.000000,0.000000,1301.630737,50.000000,0.000000,0.000000,-0.000000,0.000000,0.000000,0.000000,704476.312500,14947.227539,689529.062500,-1789221.750000,-1099692.750000
ml,worst,6048,2026-09-05,1291.805298,10.000000,1746.099121,50.000000,0.000000,0.000000,-0.000000,0.000000,0.000000,1385.754639,50.000000,0.000000,0.000000,-0.000000,0.000000,0.000000,1305.180054,50.000000,0.000000,0.000000,-0.000000,0.000000,0.000000,0.000000,704476.312500,14947.227539,689529.062500,-1789221.750000,-1099692.750000
ml,worst,6048,2026-09-06,1289.389771,10.000000,1746.099121,50.000000,0.000000,0.000000,-0.000000,0.000000,0.000000,1385.754639,50.000000,0.000000,0.000000,-0.000000,0.000000,0.000000,1297.646240,50.000000,0.000000,0.000000,-0.000000,0.000000,0.000000,0.000000,704476.312500,14947.227539,689529.062500,-1789221.750000,-1099692.750000
ml,worst,6048,2026-09-07,1286.960449,10.000000,1746.099121,50.000000,0.000000,0.000000,-0.000000,0.000000,0.000000,1385.754639,50.000000,0.000000,0.000000,-0.000000,0.000000,0.000000,1312.751465,50.000000,0.000000,0.000000,-0.000000,0.000000,0.000000,0.000000,704476.312500,14947.227539,689529.062500,-1789221.750000,-1099692.750000
ml,worst,6048,2026-09-08,1282.614502,10.000000,1746.099121,50.000000,0.000000,0.000000,-0.000000,0.000000,0.000000,1385.754639,50.000000,0.000000,0.000000,-0.000000,0.000000,0.000000,1293.172974,50.000000,0.000000,0.000000,-0.000000,0.000000,0.000000,0.000000,704476.312500,14947.227539,689529.062500,-1789221.750000,-1099692.750000
ml,worst,6048,2026-09-09,1246.414673,10.000000,1746.099121,50.000000,0.000000,0.000000,-0.000000,0.000000,0.000000,1385.754639,50.000000,0.000000,0.000000,-0.000000,0.000000,0.000000,1260.586548,50.000000,0.000000,0.000000,-0.000000,0.000000,0.000000,0.000000,704476.312500,14947.227539,689529.062500,-1789221.750000,-1099692.750000
ml,worst,6048,2026-09-10,1243.887207,10.000000,1746.099121,50.000000,0.000000,0.000000,-0.000000,0.000000,0.000000,1385.754639,50.000000,0.000000,0.000000,-0.000000,0.000000,0.000000,1253.627563,50.000000,0.000000,0.000000,-0.000000,0.000000,0.000000,0.000000,704476.312500,14947.227539,689529.062500,-1789221.750000,-1099692.750000
ml,worst,6048,2026-09-11,1250.729980,10.000000,1746.099121,50.000000,0.000000,0.000000,-0.000000,0.000000,0.000000,1385.754639,50.000000,0.000000,0.000000,-0.000000,0.000000,0.000000,1255.890869,50.000000,0.000000,0.000000,-0.000000,0.000000,0.000000,0.000000,704476.312500,14947.227539,689529.062500,-1789221.750000,-1099692.750000
ml,worst,6048,2026-09-12,1249.534790,10.000000,1746.099121,50.000000,0.000000,0.000000,-0.000000,0.000000,0.000000,1385.754639,50.000000,0.000000,0.000000,-0.000000,0.000000,0.000000,1287.639771,50.000000,0.000000,0.000000,-0.000000,0.000000,0.000000,0.000000,704476.312500,14947.227539,689529.062500,-1789221.750000,-1099692.750000
ml,worst,6048,2026-09-13,1236.758667,10.000000,1746.099121,50.000000,0.000000,0.000000,-0.000000,0.000000,0.000000,1385.754639,50.000000,0.000000,0.000000,-0.000000,0.000000,0.000000,1251.459595,50.000000,0.000000,0.000000,-0.000000,0.000000,0.000000,0.000000,704476.312500,14947.227539,689529.062500,-1789221.750000,-1099692.750000
ml,worst,6048,2026-09-14,1260.233032,10.000000,1746.099121,50.000000,0.000000,0.000000,-0.000000,0.000000,0.000000,1385.754639,50.000000,0.000000,0.000000,-0.000000,0.000000,0.000000,1286.997681,50.000000,0.000000,0.000000,-0.000000,0.000000,0.000000,0.000000,704476.312500,14947.227539,689529.062500,-1789221.750000,-1099692.750000
ml,worst,6048,2026-09-15,1243.797729,10.000000,1746.099121,50.000000,0.000000,0.000000,-0.000000,0.000000,0.000000,1385.754639,50.000000,0.000000,0.000000,-0.000000,0.000000,0.000000,1278.302002,50.000000,0.000000,0.000000,-0.000000,0.000000,0.000000,0.000000,704476.312500,14947.227539,689529.062500,-1789221.750000,-1099692.750000
ml,worst,6048,2026-09-16,1250.051392,10.000000,1746.099121,50.000000,0.000000,0.000000,-0.000000,0.000000,0.000000,1385.754639,50.000000,0.000000,0.000000,-0.000000,0.000000,0.000000,1273.115356,50.000000,0.000000,0.000000,-0.000000,0.000000,0.000000,0.000000,704476.312500,14947.227539,689529.062500,-1789221.750000,-1099692.750000
ml,worst,6048,2026-09-17,1251.615356,10.000000,1746.099121,50.000000,0.000000,0.000000,-0.000000,0.000000,0.000000,1385.754639,50.000000,0.000000,0.000000,-0.000000,0.000000,0.000000,1269.849609,50.000000,0.000000,0.000000,-0.000000,0.000000,0.000000,0.000000,704476.312500,14947.227539,689529.062500,-1789221.750000,-1099692.750000
ml,worst,6048,2026-09-18,1253.327026,10.000000,1746.099121,50.000000,0.000000,0.000000,-0.000000,0.000000,0.000000,1385.754639,50.000000,0.000000,0.000000,-0.000000,0.000000,0.000000,1249.609863,50.000000,0.000000,0.000000,-0.000000,0.000000,0.000000,0.000000,704476.312500,14947.227539,689529.062500,-1789221.750000,-1099692.750000
ml,worst,6048,2026-09-19,1265.195557,10.000000,1746.099121,50.000000,0.000000,0.000000,-0.000000,0.000000,0.000000,1385.754639,50.000000,0.000000,0.000000,-0.000000,0.000000,0.000000,1276.116455,50.000000,0.000000,0.000000,-0.000000,0.000000,0.000000,0.000000,704476.312500,14947.227539,689529.062500,-1789221.750000,-1099692.750000
ml,worst,6048,2026-09-20,1274.813477,10.000000,1746.099121,50.000000,0.000000,0.000000,-0.000000,0.000000,0.000000,1385.754639,50.000000,0.000000,0.000000,-0.000000,0.000000,0.000000,1298.313843,50.000000,0.000000,0.000000,-0.000000,0.000000,0.000000,0.000000,704476.312500,14947.227539,689529.062500,-1789221.750000,-1099692.750000
ml,worst,6048,2026-09-21,1300.635864,10.000000,1746.099121,50.000000,0.000000,0.000000,-0.000000,0.000000,0.000000,1385.754639,50.000000,0.000000,0.000000,-0.000000,0.000000,0.000000,1304.355469,50.000000,0.000000,0.000000,-0.000000,0.000000,0.000000,0.000000,704476.312500,14947.227539,689529.062500,-1789221.750000,-1099692.750000
ml,worst,6048,2026-09-22,1301.148804,10.000000,1746.099121,50.000000,0.000000,0.000000,-0.000000,0.000000,0.000000,1385.754639,50.000000,0.000000,0.000000,-0.000000,0.000000,0.000000,1305.092773,50.000000,0.000000,0.000000,-0.000000,0.000000,0.000000,0.000000,704476.312500,14947.227539,689529.062500,-1789221.750000,-1099692.750000
ml,worst,6048,2026-09-23,1278.586060,10.000000,1746.099121,50.000000,0.000000,0.000000,-0.000000,0.000000,0.000000,1385.754639,50.000000,0.000000,0.000000,-0.000000,0.000000,0.000000,1283.076172,50.000000,0.000000,0.000000,-0.000000,0.000000,0.000000,0.000000,704476.312500,14947.227539,689529.062500,-1789221.750000,-1099692.750000
ml,worst,6048,2026-09-24,1262.571533,10.000000,1746.099121,50.000000,0.000000,0.000000,-0.000000,0.000000,0.000000,1385.754639,50.000000,0.000000,0.000000,-0.000000,0.000000,0.000000,1251.466675,50.000000,0.000000,0.000000,-0.000000,0.000000,0.000000,0.000000,704476.312500,14947.227539,689529.062500,-1789221.750000,-1099692.750000
ml,worst,6048,2026-09-25,1236.970947,10.000000,1746.099121,50.000000,0.000000,0.000000,-0.000000,0.000000,0.000000,1385.754639,50.000000,0.000000,0.000000,-0.000000,0.000000,0.000000,1224.104980,50.000000,0.000000,0.000000,-0.000000,0.000000,0.000000,0.000000,704476.312500,14947.227539,689529.062500,-1789221.750000,-1099692.750000
ml,worst,6048,2026-09-26,1273.380859,10.000000,1746.099121,50.000000,0.000000,0.000000,-0.000000,0.000000,0.000000,1385.754639,50.000000,0.000000,0.000000,-0.000000,0.000000,0.000000,1267.736328,50.000000,0.000000,0.000000,-0.000000,0.000000,0.000000,0.000000,704476.312500,14947.227539,689529.062500,-1789221.750000,-1099692.750000
ml,worst,6048,2026-09-27,1279.564453,10.000000,1746.099121,50.000000,0.000000,0.000000,-0.000000,0.000000,0.000000,1385.754639,50.000000,0.000000,0.000000,-0.000000,0.000000,0.000000,1279.638428,50.000000,0.000000,0.000000,-0.000000,0.000000,0.000000,0.000000,704476.312500,14947.227539,689529.062500,-1789221.750000,-1099692.750000
ml,worst,6048,2026-09-28,1308.035278,10.000000,1746.099121,50.000000,0.000000,0.000000,-0.000000,0.000000,0.000000,1385.754639,50.000000,0.000000,0.000000,-0.000000,0.000000,0.000000,1325.943726,50.000000,0.000000,0.000000,-0.000000,0.000000,0.000000,0.000000,704476.312500,14947.227539,689529.062500,-1789221.750000,-1099692.750000
ml,worst,6048,2026-09-29,1298.724609,10.000000,1746.099121,50.000000,0.000000,0.000000,-0.000000,0.000000,0.000000,1385.754639,50.000000,0.000000,0.000000,-0.000000,0.000000,0.000000,1303.004150,50.000000,0.000000,0.000000,-0.000000,0.000000,0.000000,0.000000,704476.312500,14947.227539,689529.062500,-1789221.750000,-1099692.750000
ml,worst,6048,2026-09-30,1296.194824,10.000000,1746.099121,50.000000,0.000000,0.000000,-0.000000,0.000000,0.000000,1385.754639,50.000000,0.000000,0.000000,-0.000000,0.000000,0.000000,1272.566040,50.000000,0.000000,0.000000,-0.000000,0.000000,0.000000,0.000000,704476.312500,14947.227539,689529.062500,-1789221.750000,-1099692.750000
ml,worst,6048,2026-10-01,1259.391968,10.000000,1746.099121,50.000000,0.000000,0.000000,-0.000000,0.000000,0.000000,1385.754639,50.000000,0.000000,0.000000,-0.000000,0.000000,0.000000,1237.628662,50.000000,0.000000,0.000000,-0.000000,0.000000,0.000000,0.000000,704476.312500,14947.227539,689529.062500,-1789221.750000,-1099692.750000
ml,worst,6048,2026-10-02,1269.324097,10.000000,1746.099121,50.000000,0.000000,0.000000,-0.000000,0.000000,0.000000,1385.754639,50.000000,0.000000,0.000000,-0.000000,0.000000,0.000000,1276.429565,50.000000,0.000000,0.000000,-0.000000,0.000000,0.000000,0.000000,704476.312500,14947.227539,689529.062500,-1789221.750000,-1099692.750000
ml,worst,6048,2026-10-03,1261.334961,10.000000,1746.099121,50.000000,0.000000,0.000000,-0.000000,0.000000,0.000000,1385.754639,50.000000,0.000000,0.000000,-0.000000,0.000000,0.000000,1263.429199,50.000000,0.000000,0.000000,-0.000000,0.000000,0.000000,0.000000,704476.312500,14947.227539,689529.062500,-1789221.750000,-1099692.750000
ml,worst,6048,2026-10-04,1253.899658,10.000000,1746.099121,50.000000,0.000000,0.000000,-0.000000,0.000000,0.000000,1385.754639,50.000000,0.000000,0.000000,-0.000000,0.000000,0.000000,1244.203125,50.000000,0.000000,0.000000,-0.000000,0.000000,0.000000,0.000000,704476.312500,14947.227539,689529.062500,-1789221.750000,-1099692.750000
ml,worst,6048,2026-10-05,1252.011719,10.000000,1746.099121,50.000000,0.000000,0.000000,-0.000000,0.000000,0.000000,1385.754639,50.000000,0.000000,0.000000,-0.000000,0.000000,0.000000,1242.018921,50.000000,0.000000,0.000000,-0.000000,0.000000,0.000000,0.000000,704476.312500,14947.227539,689529.062500,-1789221.750000,-1099692.750000
ml,worst,6048,2026-10-06,1245.174316,10.000000,1746.099121,50.000000,0.000000,0.000000,-0.000000,0.000000,0.000000,1385.754639,50.000000,0.000000,0.000000,-0.000000,0.000000,0.000000,1253.673828,50.000000,0.000000,0.000000,-0.000000,0.000000,0.000000,0.000000,704476.312500,14947.227539,689529.062500,-1789221.750000,-1099692.750000
ml,worst,6048,2026-10-07,1206.022705,10.000000,1746.099121,50.000000,0.000000,0.000000,-0.000000,0.000000,0.000000,1385.754639,50.000000,0.000000,0.000000,-0.000000,0.000000,0.000000,1196.382446,50.000000,0.000000,0.000000,-0.000000,0.000000,0.000000,0.000000,704476.312500,14947.227539,689529.062500,-1789221.750000,-1099692.750000
ml,worst,6048,2026-10-08,1226.483154,10.000000,1746.099121,50.000000,0.000000,0.000000,-0.000000,0.000000,0.000000,1385.754639,50.000000,0.000000,0.000000,-0.000000,0.000000,0.000000,1220.579224,50.000000,0.000000,0.000000,-0.000000,0.000000,0.000000,0.000000,704476.312500,14947.227539,689529.062500,-1789221.750000,-1099692.750000
ml,worst,6048,2026-10-09,1239.048950,10.000000,1746.099121,50.000000,0.000000,0.000000,-0.000000,0.000000,0.000000,1385.754639,50.000000,0.000000,0.000000,-0.000000,0.000000,0.000000,1243.238403,50.000000,0.000000,0.000000,-0.000000,0.000000,0.000000,0.000000,704476.312500,14947.227539,689529.062500,-1789221.750000,-1099692.750000
ml,worst,6048,2026-10-10,1241.173584,10.000000,1746.099121,50.000000,0.000000,0.000000,-0.000000,0.000000,0.000000,1385.754639,50.000000,0.000000,0.000000,-0.000000,0.000000,0.000000,1249.930786,50.000000,0.000000,0.000000,-0.000000,0.000000,0.000000,0.000000,704476.312500,14947.227539,689529.062500,-1789221.750000,-1099692.750000
ml,worst,6048,2026-10-11,1259.791382,10.000000,1746.099121,50.000000,0.000000,0.000000,-0.000000,0.000000,0.000000,1385.754639,50.000000,0.000000,0.000000,-0.000000,0.000000,0.000000,1259.894287,50.000000,0.000000,0.000000,-0.000000,0.000000,0.000000,0.000000,704476.312500,14947.227539,689529.062500,-1789221.750000,-1099692.750000
ml,worst,6048,2026-10-12,1252.089966,10.000000,1746.099121,50.000000,0.000000,0.000000,-0.000000,0.000000,0.000000,1385.754639,50.000000,0.000000,0.000000,-0.000000,0.000000,0.000000,1232.755859,50.000000,0.000000,0.000000,-0.000000,0.000000,0.000000,0.000000,704476.312500,14947.227539,689529.062500,-1789221.750000,-1099692.750000
ml,worst,6048,2026-10-13,1255.098999,10.000000,1746.099121,50.000000,0.000000,0.000000,-0.000000,0.000000,0.000000,1385.754639,50.000000,0.000000,0.000000,-0.000000,0.000000,0.000000,1238.054565,50.000000,0.000000,0.000000,-0.000000,0.000000,0.000000,0.000000,704476.312500,14947.227539,689529.062500,-1789221.750000,-1099692.750000
ml,worst,6048,2026-10-14,1260.406006,10.000000,1746.099121,50.000000,0.000000,0.000000,-0.000000,0.000000,0.000000,1385.754639,50.000000,0.000000,0.000000,-0.000000,0.000000,0.000000,1250.167114,50.000000,0.000000,0.000000,-0.000000,0.000000,0.000000,0.000000,704476.312500,14947.227539,689529.062500,-1789221.750000,-1099692.750000
ml,worst,6048,2026-10-15,1264.183105,10.000000,1746.099121,50.000000,0.000000,0.000000,-0.000000,0.000000,0.000000,1385.754639,50.000000,0.000000,0.000000,-0.000000,0.000000,0.000000,1247.947632,50.000000,0.000000,0.000000,-0.000000,0.000000,0.000000,0.000000,704476.312500,14947.227539,689529.062500,-1789221.750000,-1099692.750000
ml,worst,6048,2026-10-16,1266.698120,10.000000,1746.099121,50.000000,0.000000,0.000000,-0.000000,0.000000,0.000000,1385.754639,50.000000,0.000000,0.000000,-0.000000,0.000000,0.000000,1259.203247,50.000000,0.000000,0.000000,-0.000000,0.000000,0.000000,0.000000,704476.312500,14947.227539,689529.062500,-1789221.750000,-1099692.750000
ml,worst,6048,2026-10-17,1267.589966,10.000000,1746.099121,50.000000,0.000000,0.000000,-0.000000,0.000000,0.000000,1385.754639,50.000000,0.000000,0.000000,-0.000000,0.000000,0.000000,1272.876343,50.000000,0.000000,0.000000,-0.000000,0.000000,0.000000,0.000000,704476.312500,14947.227539,689529.062500,-1789221.750000,-1099692.750000
ml,worst,6048,2026-10-18,1258.374512,10.000000,1746.099121,50.000000,0.000000,0.000000,-0.000000,0.000000,0.000000,1385.754639,50.000000,0.000000,0.000000,-0.000000,0.000000,0.000000,1252.799194,50.000000,0.000000,0.000000,-0.000000,0.000000,0.000000,0.000000,704476.312500,14947.227539,689529.062500,-1789221.750000,-1099692.750000
ml,worst,6048,2026-10-19,1238.505005,10.000000,1746.099121,50.000000,0.000000,0.000000,-0.000000,0.000000,0.000000,1385.754639,50.000000,0.000000,0.000000,-0.000000,0.000000,0.000000,1246.576416,50.000000,0.000000,0.000000,-0.000000,0.000000,0.000000,0.000000,704476.312500,14947.227539,689529.062500,-1789221.750000,-1099692.750000
ml,worst,6048,2026-10-20,1264.178223,10.000000,1746.099121,50.000000,0.000000,0.000000,-0.000000,0.000000,0.000000,1385.754639,50.000000,0.000000,0.000000,-0.000000,0.000000,0.000000,1268.958374,50.000000,0.000000,0.000000,-0.000000,0.000000,0.000000,0.000000,704476.312500,14947.227539,689529.062500,-1789221.750000,-1099692.750000
ml,worst,6048,2026-10-21,1259.583618,10.000000,1746.099121,50.000000,0.000000,0.000000,-0.000000,0.000000,0.000000,1385.754639,50.000000,0.000000,0.000000,-0.000000,0.000000,0.000000,1265.483032,50.000000,0.000000,0.000000,-0.000000,0.000000,0.000000,0.000000,704476.312500,14947.227539,689529.062500,-1789221.750000,-1099692.750000
ml,worst,6048,2026-10-22,1251.894043,10.000000,1746.099121,50.000000,0.000000,0.000000,-0.000000,0.000000,0.000000,1385.754639,50.000000,0.000000,0.000000,-0.000000,0.000000,0.000000,1241.017456,50.000000,0.000000,0.000000,-0.000000,0.000000,0.000000,0.000000,704476.312500,14947.227539,689529.062500,-1789221.750000,-1099692.750000
ml,worst,6048,2026-10-23,1279.765747,10.000000,1746.099121,50.000000,0.000000,0.000000,-0.000000,0.000000,0.000000,1385.754639,50.000000,0.000000,0.000000,-0.000000,0.000000,0.000000,1275.233521,50.000000,0.000000,0.000000,-0.000000,0.000000,0.000000,0.000000,704476.312500,14947.227539,689529.062500,-1789221.750000,-1099692.750000
ml,worst,6048,2026-10-24,1244.026123,10.000000,1746.099121,50.000000,0.000000,0.000000,-0.000000,0.000000,0.000000,1385.754639,50.000000,0.000000,0.000000,-0.000000,0.000000,0.000000,1243.850342,50.000000,0.000000,0.000000,-0.000000,0.000000,0.000000,0.000000,704476.312500,14947.227539,689529.062500,-1789221.750000,-1099692.750000
ml,worst,6048,2026-10-25,1257.240967,10.000000,1746.099121,50.000000,0.000000,0.000000,-0.000000,0.000000,0.000000,1385.754639,50.000000,0.000000,0.000000,-0.000000,0.000000,0.000000,1258.120483,50.000000,0.000000,0.000000,-0.000000,0.000000,0.000000,0.000000,704476.312500,14947.227539,689529.062500,-1789221.750000,-1099692.750000
ml,worst,6048,2026-10-26,1248.287720,10.000000,1746.099121,50.000000,0.000000,0.000000,-0.000000,0.000000,0.000000,1385.754639,50.000000,0.000000,0.000000,-0.000000,0.000000,0.000000,1267.555908,50.000000,0.000000,0.000000,-0.000000,0.000000,0.000000,0.000000,704476.312500,14947.227539,689529.062500,-1789221.750000,-1099692.750000
ml,worst,6048,2026-10-27,1230.343750,10.000000,1746.099121,50.000000,0.000000,0.000000,-0.000000,0.000000,0.000000,1385.754639,50.000000,0.000000,0.000000,-0.000000,0.000000,0.000000,1232.648926,50.000000,0.000000,0.000000,-0.000000,0.000000,0.000000,0.000000,704476.312500,14947.227539,689529.062500,-1789221.750000,-1099692.750000
ml,worst,6048,2026-10-28,1254.280518,10.000000,1746.099121,50.000000,0.000000,0.000000,-0.000000,0.000000,0.000000,1385.754639,50.000000,0.000000,0.000000,-0.000000,0.000000,0.000000,1253.092529,50.000000,0.000000,0.000000,-0.000000,0.000000,0.000000,0.000000,704476.312500,14947.227539,689529.062500,-1789221.750000,-1099692.750000
ml,worst,6048,2026-10-29,1268.997925,10.000000,1746.099121,50.000000,0.000000,0.000000,-0.000000,0.000000,0.000000,1385.754639,50.000000,0.000000,0.000000,-0.000000,0.000000,0.000000,1264.020508,50.000000,0.000000,0.000000,-0.000000,0.000000,0.000000,0.000000,704476.312500,14947.227539,689529.062500,-1789221.750000,-1099692.750000
ml,worst,6048,2026-10-30,1258.321777,10.000000,1746.099121,50.000000,0.000000,0.000000,-0.000000,0.000000,0.000000,1385.754639,50.000000,0.000000,0.000000,-0.000000,0.000000,0.000000,1264.020508,50.000000,0.000000,0.000000,-0.000000,0.000000,0.000000,0.000000,704476.312500,14947.227539,689529.062500,-1789221.750000,-1099692.750000
ml,p5,352,2026-04-10,2055.000244,10.000000,2026.171509,50.000000,-1.000000,-1.000000,101308.578125,50.654285,-101308.578125,2047.068848,50.000000,-1.000000,-1.000000,102353.445312,51.176720,-102353.445312,2070.749756,50.000000,-1.000000,-1.000000,103537.484375,51.768742,-103537.484375,-307199.500000,307199.500000,153.599747,-153.599747,29559.361328,29405.761719
ml,p5,352,2026-04-11,2040.284058,10.000000,2019.694092,50.000000,-1.000000,0.000000,-0.000000,0.000000,-100984.703125,2038.094116,50.000000,-1.000000,0.000000,-0.000000,0.000000,-101904.703125,2059.956299,50.000000,-1.000000,0.000000,-0.000000,0.000000,-102997.812500,-305887.218750,307199.500000,153.599747,1158.681519,-2007.401245,-848.719727
ml,p5,352,2026-04-12,2056.062744,10.000000,2047.715332,50.000000,-1.000000,0.000000,-0.000000,0.000000,-102385.765625,2068.060547,50.000000,-1.000000,0.000000,-0.000000,0.000000,-103403.031250,2090.995117,50.000000,-1.000000,0.000000,-0.000000,0.000000,-104549.757812,-310338.562500,307199.500000,153.599747,-3292.662354,41686.582031,38393.917969
ml,p5,352,2026-04-13,2042.832764,10.000000,2038.135742,50.000000,-2.000000,-1.000000,101906.789062,50.953392,-203813.578125,2056.477295,50.000000,-2.000000,-1.000000,102823.867188,51.411934,-205647.734375,2077.407959,50.000000,-2.000000,-1.000000,103870.398438,51.935200,-207740.796875,-617202.125000,615800.562500,307.900269,-1709.462769,7937.031250,6227.568359
ml,p5,352,2026-04-14,2059.170166,10.000000,2080.333252,50.000000,-3.000000,-1.000000,104016.664062,52.008331,-312050.000000,2098.305420,50.000000,-3.000000,-1.000000,104915.273438,52.457638,-314745.812500,2119.352295,50.000000,-3.000000,-1.000000,105967.617188,52.983807,-317902.843750,-944698.625000,930700.125000,465.350037,-14463.849609,53007.648438,38543.796875
ml,p5,352,2026-04-15,2054.862061,10.000000,2086.994873,50.000000,-4.000000,-1.000000,104349.742188,52.174870,-417398.968750,2105.458008,50.000000,-4.000000,-1.000000,105272.898438,52.636448,-421091.593750,2127.325195,50.000000,-6.000000,-3.000000,319098.781250,159.549377,-638197.562500,-1476688.125000,1459421.500000,729.710754,-17996.335938,51413.656250,33417.320312
ml,p5,352,2026-04-16,2030.318970,10.000000,2042.876343,50.000000,-5.000000,-1.000000,102143.820312,51.071907,-510719.093750,2061.484863,50.000000,-7.000000,-3.000000,309222.718750,154.611359,-721519.750000,2082.940674,50.000000,-9.000000,-3.000000,312441.125000,156.220535,-937323.312500,-2169562.250000,2183229.000000,1091.614502,12575.135742,-2697.985840,9877.150391
ml,p5,352,2026-04-17,2025.635742,10.000000,2024.704468,50.000000,-6.000000,-1.000000,101235.226562,50.617611,-607411.312500,2043.389893,50.000000,-10.000000,-3.000000,306508.500000,153.254242,-1021694.937500,2063.940674,50.000000,-12.000000,-3.000000,309591.125000,154.795547,-1238364.500000,-2867470.750000,2900564.000000,1450.281982,31642.968750,-8916.687500,22726.281250
ml,p5,352,2026-04-18,2032.860840,10.000000,2026.204224,50.000000,-6.000000,0.000000,-0.000000,0.000000,-607861.250000,2044.478027,50.000000,-10.000000,0.000000,-0.000000,0.000000,-1022239.062500,2062.723877,50.000000,-12.000000,0.000000,-0.000000,0.000000,-1237634.375000,-2867734.500000,2900564.000000,1450.281982,31379.218750,17623.146484,49002.367188
ml,p5,352,2026-04-19,2040.084595,10.000000,2022.300903,50.000000,-6.000000,0.000000,-0.000000,0.000000,-606690.312500,2040.525269,50.000000,-10.000000,0.000000,-0.000000,0.000000,-1020262.625000,2059.177490,50.000000,-12.000000,0.000000,-0.000000,0.000000,-1235506.500000,-2862459.500000,2900564.000000,1450.281982,36654.218750,41326.386719,77980.609375
ml,p5,352,2026-04-20,2034.900391,10.000000,2028.257935,50.000000,-7.000000,-1.000000,101412.898438,50.706448,-709890.312500,2046.340088,50.000000,-9.000000,1.000000,-102317.007812,51.158501,-920853.000000,2064.108154,50.000000,-11.000000,1.000000,-103205.406250,51.602703,-1135259.500000,-2766002.750000,2796454.500000,1603.749512,28848.000000,31827.667969,60675.667969
ml,p5,352,2026-04-21,1997.129761,10.000000,1993.834595,50.000000,-6.000000,1.000000,-99691.726562,49.845860,-598150.375000,2012.312012,50.000000,-8.000000,1.000000,-100615.601562,50.307800,-804924.812500,2030.676636,50.000000,-9.000000,2.000000,-203067.656250,101.533821,-913804.500000,-2316879.750000,2393079.500000,1805.437012,74394.312500,-54508.941406,19885.371094
ml,p5,352,2026-04-22,2027.864258,10.000000,2016.016602,50.000000,-9.000000,-3.000000,302402.500000,151.201233,-907207.437500,2036.875610,50.000000,-11.000000,-3.000000,305531.343750,152.765671,-1120281.500000,2056.541260,50.000000,-12.000000,-3.000000,308481.187500,154.240585,-1233924.750000,-3261413.750000,3309494.500000,2263.644531,45817.105469,24773.945312,70591.046875
ml,p5,352,2026-04-23,2006.516724,10.000000,2030.330078,50.000000,-8.000000,1.000000,-101516.500000,50.758247,-812132.000000,2050.913086,50.000000,-10.000000,1.000000,-102545.656250,51.272827,-1025456.562500,2070.233643,50.000000,-10.000000,2.000000,-207023.359375,103.511681,-1035116.812500,-2872705.250000,2898409.000000,2469.187500,23234.562500,-27591.121094,-4356.558594
ml,p5,352,2026-04-24,2027.294800,10.000000,2042.655518,50.000000,-7.000000,1.000000,-102132.773438,51.066387,-714929.437500,2064.209717,50.000000,-9.000000,1.000000,-103210.484375,51.605244,-928894.312500,2084.942871,50.000000,-13.000000,-3.000000,312741.437500,156.370697,-1355212.875000,-2999036.500000,3005807.250000,2728.229736,4042.520264,27733.636719,31776.156250
ml,p5,352,2026-04-25,1986.722412,10.000000,1984.663086,50.000000,-7.000000,0.000000,-0.000000,0.000000,-694632.062500,2006.076294,50.000000,-9.000000,0.000000,-0.000000,0.000000,-902734.375000,2027.894775,50.000000,-13.000000,0.000000,-0.000000,0.000000,-1318131.625000,-2915498.000000,3005807.250000,2728.229736,87581.023438,-70584.523438,16996.500000
ml,p5,352,2026-04-26,1977.876221,10.000000,1972.451904,50.000000,-7.000000,0.000000,-0.000000,0.000000,-690358.125000,1994.611450,50.000000,-9.000000,0.000000,-0.000000,0.000000,-897575.187500,2016.892334,50.000000,-13.000000,0.000000,-0.000000,0.000000,-1310980.000000,-2898913.250000,3005807.250000,2728.229736,104165.773438,-88738.898438,15426.875000
ml,p5,352,2026-04-27,1990.704468,10.000000,1997.311768,50.000000,-7.000000,0.000000,-0.000000,0.000000,-699059.125000,2017.745728,50.000000,-8.000000,1.000000,-100887.289062,50.443642,-807098.312500,2038.084229,50.000000,-11.000000,2.000000,-203808.421875,101.904213,-1120946.250000,-2627103.750000,2701111.500000,2880.577637,71127.171875,-55067.140625,16060.031250
ml,p5,352,2026-04-28,1997.757446,10.000000,1996.652832,50.000000,-6.000000,1.000000,-99832.640625,49.916317,-598995.875000,2016.084473,50.000000,-7.000000,1.000000,-100804.226562,50.402111,-705629.562500,2035.449463,50.000000,-10.000000,1.000000,-101772.476562,50.886238,-1017724.687500,-2322350.250000,2398702.000000,3031.782227,73319.968750,-36968.542969,36351.425781
ml,p5,352,2026-04-29,1994.226318,10.000000,1981.114380,50.000000,-5.000000,1.000000,-99055.718750,49.527859,-495278.625000,2001.802856,50.000000,-9.000000,-2.000000,200180.281250,100.090134,-900811.312500,2021.920288,50.000000,-12.000000,-2.000000,202192.031250,101.096008,-1213152.125000,-2609242.000000,2702019.000000,3282.496094,89494.500000,-48516.972656,40977.527344
ml,p5,352,2026-04-30,1981.263916,10.000000,1981.114380,50.000000,-4.000000,1.000000,-99055.718750,49.527859,-396222.875000,1992.615234,50.000000,-8.000000,1.000000,-99630.765625,49.815380,-797046.125000,2013.460327,50.000000,-10.000000,2.000000,-201346.031250,100.673012,-1006730.187500,-2199999.250000,2301986.500000,3482.512207,98504.734375,-76000.015625,22504.718750
ml,p5,352,2026-05-01,1981.479370,10.000000,1981.114380,50.000000,-4.000000,0.000000,-0.000000,0.000000,-396222.875000,1993.689697,50.000000,-10.000000,-2.000000,199368.968750,99.684486,-996844.812500,2014.142090,50.000000,-12.000000,-2.000000,201414.203125,100.707100,-1208485.250000,-2601553.000000,2702769.500000,3682.904053,97533.593750,-76538.945312,20994.648438
ml,p5,352,2026-05-02,1970.051392,10.000000,1981.114380,50.000000,-4.000000,0.000000,-0.000000,0.000000,-396222.875000,2001.241333,50.000000,-10.000000,0.000000,-0.000000,0.000000,-1000620.687500,2022.105469,50.000000,-12.000000,0.000000,-0.000000,0.000000,-1213263.250000,-2610106.750000,2702769.500000,3682.904053,88979.843750,-106224.304688,-17244.460938
ml,p5,352,2026-05-03,1989.335205,10.000000,1981.114380,50.000000,-4.000000,0.000000,-0.000000,0.000000,-396222.875000,2002.364136,50.000000,-10.000000,0.000000,-0.000000,0.000000,-1001182.000000,2022.740112,50.000000,-12.000000,0.000000,-0.000000,0.000000,-1213644.000000,-2611049.000000,2702769.500000,3682.904053,88037.593750,-58494.406250,29543.187500
ml,p5,352,2026-05-04,1979.285645,10.000000,1981.114380,50.000000,-4.000000,0.000000,-0.000000,0.000000,-396222.875000,2002.139282,50.000000,-9.000000,1.000000,-100106.960938,50.053478,-900962.687500,2021.866211,50.000000,-14.000000,-2.000000,202186.625000,101.093307,-1415306.375000,-2712492.000000,2804849.000000,3834.050781,88522.953125,-87750.750000,772.203125
ml,p5,352,2026-05-05,1972.149414,10.000000,1981.114380,50.000000,-4.000000,0.000000,-0.000000,0.000000,-396222.875000,1974.061157,50.000000,-10.000000,-1.000000,98703.054688,49.351528,-987030.562500,1993.497314,50.000000,-12.000000,2.000000,-199349.734375,99.674866,-1196098.500000,-2579352.000000,2704202.500000,3983.077148,120867.421875,-110728.453125,10138.968750
ml,p5,352,2026-05-06,1980.563965,10.000000,1981.114380,50.000000,-4.000000,0.000000,-0.000000,0.000000,-396222.875000,2001.521606,50.000000,-9.000000,1.000000,-100076.078125,50.038036,-900684.750000,2021.425049,50.000000,-14.000000,-2.000000,202142.500000,101.071251,-1414997.500000,-2711905.000000,2806268.750000,4134.186523,90229.562500,-93561.804688,-3332.242188
ml,p5,352,2026-05-07,2010.820190,10.000000,1981.114380,50.000000,-4.000000,0.000000,-0.000000,0.000000,-396222.875000,2044.984863,50.000000,-10.000000,-1.000000,102249.242188,51.124622,-1022492.375000,2065.937500,50.000000,-13.000000,1.000000,-103296.875000,51.648438,-1342859.375000,-2761574.500000,2805221.000000,4236.959473,39409.539062,-20372.695312,19036.843750
ml,p5,352,2026-05-08,2006.068970,10.000000,1981.114380,50.000000,-4.000000,0.000000,-0.000000,0.000000,-396222.875000,2024.618408,50.000000,-9.000000,1.000000,-101230.921875,50.615459,-911078.312500,2045.523682,50.000000,-11.000000,2.000000,-204552.375000,102.276184,-1125038.000000,-2432339.250000,2499438.000000,4389.851074,62708.898438,-32021.785156,30687.113281
ml,p5,352,2026-05-09,2028.624390,10.000000,1981.114380,50.000000,-4.000000,0.000000,-0.000000,0.000000,-396222.875000,2032.143677,50.000000,-9.000000,0.000000,-0.000000,0.000000,-914464.625000,2053.072998,50.000000,-11.000000,0.000000,-0.000000,0.000000,-1129190.125000,-2439877.500000,2499438.000000,4389.851074,55170.648438,24529.642578,79700.289062
ml,p5,352,2026-05-10,2052.322021,10.000000,1981.114380,50.000000,-4.000000,0.000000,-0.000000,0.000000,-396222.875000,2066.084961,50.000000,-9.000000,0.000000,-0.000000,0.000000,-929738.250000,2086.244873,50.000000,-11.000000,0.000000,-0.000000,0.000000,-1147434.625000,-2473395.750000,2499438.000000,4389.851074,21652.398438,84156.835938,105809.234375
ml,p5,352,2026-05-11,2074.226074,10.000000,1981.114380,50.000000,-3.000000,1.000000,-99055.718750,49.527859,-297167.156250,2079.833984,50.000000,-8.000000,1.000000,-103991.703125,51.995850,-831933.625000,2097.692871,50.000000,-9.000000,2.000000,-209769.281250,104.884636,-943961.812500,-2073062.500000,2086621.125000,4596.259766,8962.365234,137161.375000,146123.734375
ml,p5,352,2026-05-12,2088.090576,10.000000,1981.114380,50.000000,-3.000000,0.000000,-0.000000,0.000000,-297167.156250,2104.985840,50.000000,-7.000000,1.000000,-105249.289062,52.624641,-736745.000000,2120.744141,50.000000,-12.000000,-3.000000,318111.625000,159.055801,-1272446.500000,-2306358.500000,2299483.500000,4807.939453,-11682.939453,173436.687500,161753.750000
ml,p5,352,2026-05-13,2110.909912,10.000000,1981.114380,50.000000,-3.000000,0.000000,-0.000000,0.000000,-297167.156250,2127.729248,50.000000,-10.000000,-3.000000,319159.375000,159.579681,-1063864.625000,2138.365967,50.000000,-9.000000,3.000000,-320754.875000,160.377441,-962264.625000,-2323296.500000,2297888.000000,5127.896973,-30536.396484,237550.078125,207013.687500
ml,p5,352,2026-05-14,2072.223145,10.000000,1981.114380,50.000000,-3.000000,0.000000,-0.000000,0.000000,-297167.156250,2077.643066,50.000000,-9.000000,1.000000,-103882.156250,51.941078,-934939.375000,2088.940918,50.000000,-12.000000,-3.000000,313341.125000,156.670563,-1253364.500000,-2485471.000000,2507347.000000,5336.508789,16539.492188,139089.953125,155629.437500
ml,p5,352,2026-05-15,2066.808594,10.000000,1981.114380,50.000000,-3.000000,0.000000,-0.000000,0.000000,-297167.156250,2097.075928,50.000000,-8.000000,1.000000,-104853.796875,52.426899,-838830.375000,2105.928223,50.000000,-9.000000,3.000000,-315889.218750,157.944611,-947667.687500,-2083665.250000,2086604.000000,5546.879883,-2608.129883,123868.109375,121259.976562
ml,p5,352,2026-05-16,2054.399658,10.000000,1981.114380,50.000000,-3.000000,0.000000,-0.000000,0.000000,-297167.156250,2077.393555,50.000000,-8.000000,0.000000,-0.000000,0.000000,-830957.437500,2088.633057,50.000000,-9.000000,0.000000,-0.000000,0.000000,-939884.875000,-2068009.500000,2086604.000000,5546.879883,13047.620117,91018.406250,104066.023438
ml,p5,352,2026-05-17,2047.202393,10.000000,1981.114380,50.000000,-3.000000,0.000000,-0.000000,0.000000,-297167.156250,2057.944336,50.000000,-8.000000,0.000000,-0.000000,0.000000,-823177.750000,2071.480469,50.000000,-9.000000,0.000000,-0.000000,0.000000,-932166.187500,-2052511.000000,2086604.000000,5546.879883,28546.121094,71625.593750,100171.718750
ml,p5,352,2026-05-18,2038.309204,10.000000,1981.114380,50.000000,-3.000000,0.000000,-0.000000,0.000000,-297167.156250,2059.538086,50.000000,-11.000000,-3.000000,308930.718750,154.465363,-1132745.875000,2070.564941,50.000000,-12.000000,-3.000000,310584.750000,155.292358,-1242339.000000,-2672252.000000,2706119.500000,5856.637695,28010.863281,48274.257812,76285.125000
ml,p5,352,2026-05-19,2038.389893,10.000000,1981.114380,50.000000,-3.000000,0.000000,-0.000000,0.000000,-297167.156250,2056.104736,50.000000,-9.000000,2.000000,-205610.468750,102.805237,-925247.187500,2069.222412,50.000000,-10.000000,2.000000,-206922.234375,103.461113,-1034611.250000,-2257025.500000,2293586.750000,6062.904297,30498.345703,47613.730469,78112.078125
ml,p5,352,2026-05-20,2012.657104,10.000000,1981.114380,50.000000,-3.000000,0.000000,-0.000000,0.000000,-297167.156250,2019.907349,50.000000,-8.000000,1.000000,-100995.367188,50.497684,-807962.937500,2034.046997,50.000000,-8.000000,2.000000,-203404.703125,101.702347,-813618.812500,-1918749.000000,1989186.750000,6215.104492,64222.644531,-19865.929688,44356.714844
ml,p5,352,2026-05-21,2008.660156,10.000000,1981.114380,50.000000,-3.000000,0.000000,-0.000000,0.000000,-297167.156250,2052.532959,50.000000,-11.000000,-3.000000,307879.937500,153.939972,-1128893.125000,2070.731201,50.000000,-11.000000,-3.000000,310609.656250,155.304840,-1138902.125000,-2564962.500000,2607676.250000,6524.349609,36189.398438,-30224.140625,5965.257812
ml,p5,352,2026-05-22,2047.314697,10.000000,1981.114380,50.000000,-3.000000,0.000000,-0.000000,0.000000,-297167.156250,2100.925049,50.000000,-8.000000,3.000000,-315138.781250,157.569366,-840370.000000,2119.987061,50.000000,-8.000000,3.000000,-317998.062500,158.999023,-847994.812500,-1985532.000000,1974539.500000,6840.917969,-17833.417969,66845.023438,49011.605469
ml,p5,352,2026-05-23,2043.134644,10.000000,1981.114380,50.000000,-3.000000,0.000000,-0.000000,0.000000,-297167.156250,2071.888184,50.000000,-8.000000,0.000000,-0.000000,0.000000,-828755.250000,2091.018066,50.000000,-8.000000,0.000000,-0.000000,0.000000,-836407.250000,-1962329.625000,1974539.500000,6840.917969,5368.957031,57675.089844,63044.046875
ml,p5,352,2026-05-24,2052.315186,10.000000,1981.114380,50.000000,-3.000000,0.000000,-0.000000,0.000000,-297167.156250,2088.934814,50.000000,-8.000000,0.000000,-0.000000,0.000000,-835573.937500,2108.729248,50.000000,-8.000000,0.000000,-0.000000,0.000000,-843491.687500,-1976232.750000,1974539.500000,6840.917969,-8534.167969,78647.101562,70112.937500
ml,p5,352,2026-05-25,2054.613281,10.000000,1981.114380,50.000000,-3.000000,0.000000,-0.000000,0.000000,-297167.156250,2082.147705,50.000000,-8.000000,0.000000,-0.000000,0.000000,-832859.062500,2100.312988,50.000000,-8.000000,0.000000,-0.000000,0.000000,-840125.187500,-1970151.500000,1974539.500000,6840.917969,-2452.917969,81062.093750,78609.171875
ml,p5,352,2026-05-26,2037.310181,10.000000,1981.114380,50.000000,-3.000000,0.000000,-0.000000,0.000000,-297167.156250,2041.113647,50.000000,-6.000000,2.000000,-204111.359375,102.055679,-612334.062500,2057.784912,50.000000,-11.000000,-3.000000,308667.718750,154.333862,-1131781.750000,-2041283.000000,2079095.750000,7097.307129,30715.443359,36664.476562,67379.921875
ml,p5,352,2026-05-27,1986.988770,10.000000,1981.114380,50.000000,-3.000000,0.000000,-0.000000,0.000000,-297167.156250,1980.874023,50.000000,-9.000000,-3.000000,297131.093750,148.565552,-891393.375000,1995.190552,50.000000,-9.000000,2.000000,-199519.062500,99.759529,-897835.750000,-2086396.250000,2176708.000000,7345.631836,82966.117188,-95120.406250,-12154.289062
ml,p5,352,2026-05-28,1995.320312,10.000000,1981.114380,50.000000,-3.000000,0.000000,-0.000000,0.000000,-297167.156250,1990.874023,50.000000,-8.000000,1.000000,-99543.703125,49.771851,-796349.625000,2002.769531,50.000000,-12.000000,-3.000000,300415.437500,150.207703,-1201661.750000,-2295178.500000,2377579.500000,7545.611816,74855.390625,-79186.054688,-4330.664062
ml,p5,352,2026-05-29,1997.608887,10.000000,1981.114380,50.000000,-3.000000,0.000000,-0.000000,0.000000,-297167.156250,1988.195068,50.000000,-7.000000,1.000000,-99409.750000,49.704872,-695868.250000,1997.779907,50.000000,-9.000000,3.000000,-299667.000000,149.833496,-899001.000000,-1892036.375000,1978502.875000,7745.149902,78721.351562,-76348.492188,2372.859375
ml,p5,352,2026-05-30,1985.586182,10.000000,1981.114380,50.000000,-3.000000,0.000000,-0.000000,0.000000,-297167.156250,1986.446655,50.000000,-7.000000,0.000000,-0.000000,0.000000,-695256.375000,1994.059937,50.000000,-9.000000,0.000000,-0.000000,0.000000,-897326.937500,-1889750.500000,1978502.875000,7745.149902,81007.226562,-109287.617188,-28280.390625
ml,p5,352,2026-05-31,1962.335449,10.000000,1981.114380,50.000000,-3.000000,0.000000,-0.000000,0.000000,-297167.156250,1972.644165,50.000000,-7.000000,0.000000,-0.000000,0.000000,-690425.437500,1981.083374,50.000000,-9.000000,0.000000,-0.000000,0.000000,-891487.500000,-1879080.125000,1978502.875000,7745.149902,91677.601562,-171155.062500,-79477.460938
ml,p5,352,2026-06-01,1962.218384,10.000000,1981.114380,50.000000,-3.000000,0.000000,-0.000000,0.000000,-297167.156250,1971.222534,50.000000,-10.000000,-3.000000,295683.375000,147.841675,-985611.250000,1978.887573,50.000000,-12.000000,-3.000000,296833.125000,148.416565,-1187332.500000,-2470111.000000,2571019.500000,8041.408203,92867.093750,-173040.671875,-80173.578125
ml,p5,352,2026-06-02,1984.322632,10.000000,1981.114380,50.000000,-3.000000,0.000000,-0.000000,0.000000,-297167.156250,2001.404541,50.000000,-8.000000,2.000000,-200140.453125,100.070221,-800561.812500,2011.602905,50.000000,-10.000000,2.000000,-201160.296875,100.580147,-1005801.437500,-2103530.500000,2169718.500000,8242.058594,57945.941406,-115917.828125,-57971.886719
ml,p5,352,2026-06-03,1983.727539,10.000000,1981.114380,50.000000,-3.000000,0.000000,-0.000000,0.000000,-297167.156250,2002.243164,50.000000,-7.000000,1.000000,-100112.156250,50.056076,-700785.125000,2010.178467,50.000000,-8.000000,2.000000,-201017.843750,100.508919,-804071.375000,-1802023.625000,1868588.625000,8392.624023,58172.375000,-119475.007812,-61302.632812
ml,p5,352,2026-06-04,1994.908325,10.000000,1981.114380,50.000000,-3.000000,0.000000,-0.000000,0.000000,-297167.156250,1995.879395,50.000000,-6.000000,1.000000,-99793.968750,49.896984,-598763.812500,2002.523193,50.000000,-11.000000,-3.000000,300378.468750,150.189224,-1101387.750000,-1997318.750000,2069173.000000,8592.709961,63261.539062,-92207.460938,-28945.921875
ml,p5,352,2026-06-05,1984.496582,10.000000,1981.114380,50.000000,-3.000000,0.000000,-0.000000,0.000000,-297167.156250,2000.214355,50.000000,-9.000000,-3.000000,300032.156250,150.016083,-900096.500000,2007.974365,50.000000,-9.000000,2.000000,-200797.437500,100.398720,-903588.500000,-2100852.000000,2168407.750000,8843.125000,58712.625000,-115484.179688,-56771.554688
ml,p5,352,2026-06-06,1972.622314,10.000000,1981.114380,50.000000,-3.000000,0.000000,-0.000000,0.000000,-297167.156250,1984.860474,50.000000,-9.000000,0.000000,-0.000000,0.000000,-893187.187500,1992.674072,50.000000,-9.000000,0.000000,-0.000000,0.000000,-896703.312500,-2087057.750000,2168407.750000,8843.125000,72506.875000,-149433.125000,-76926.250000
ml,p5,352,2026-06-07,1960.377075,10.000000,1981.114380,50.000000,-3.000000,0.000000,-0.000000,0.000000,-297167.156250,1963.310913,50.000000,-9.000000,0.000000,-0.000000,0.000000,-883489.937500,1971.339600,50.000000,-9.000000,0.000000,-0.000000,0.000000,-887102.812500,-2067760.000000,2168407.750000,8843.125000,91804.625000,-179114.546875,-87309.921875
ml,p5,352,2026-06-08,1958.315063,10.000000,1981.114380,50.000000,-3.000000,0.000000,-0.000000,0.000000,-297167.156250,1932.651978,50.000000,-7.000000,2.000000,-193265.203125,96.632599,-676428.187500,1938.166626,50.000000,-7.000000,2.000000,-193816.656250,96.908325,-678358.312500,-1651953.750000,1781326.000000,9036.666016,120335.585938,-184096.046875,-63760.460938
ml,p5,352,2026-06-09,1956.335449,10.000000,1981.114380,50.000000,-3.000000,0.000000,-0.000000,0.000000,-297167.156250,1947.404663,50.000000,-10.000000,-3.000000,292110.687500,146.055344,-973702.375000,1952.487915,50.000000,-10.000000,-3.000000,292873.187500,146.436600,-976243.937500,-2247113.500000,2366310.000000,9329.158203,109867.343750,-189483.265625,-79615.921875
ml,p5,352,2026-06-10,1949.478882,10.000000,1981.114380,50.000000,-3.000000,0.000000,-0.000000,0.000000,-297167.156250,1946.185059,50.000000,-7.000000,3.000000,-291927.750000,145.963867,-681164.750000,1953.455444,50.000000,-8.000000,2.000000,-195345.546875,97.672775,-781382.187500,-1759714.000000,1879036.500000,9572.794922,109749.703125,-207082.640625,-97332.937500
ml,p5,352,2026-06-11,1948.300415,10.000000,1981.114380,50.000000,-3.000000,0.000000,-0.000000,0.000000,-297167.156250,1974.908203,50.000000,-10.000000,-3.000000,296236.218750,148.118103,-987454.125000,1982.849609,50.000000,-11.000000,-3.000000,297427.437500,148.713730,-1090567.250000,-2375188.500000,2472700.250000,9869.625977,87642.125000,-210773.078125,-123130.953125
ml,p5,352,2026-06-12,1973.044678,10.000000,1981.114380,50.000000,-3.000000,0.000000,-0.000000,0.000000,-297167.156250,1975.552002,50.000000,-7.000000,3.000000,-296332.812500,148.166397,-691443.187500,1983.334351,50.000000,-8.000000,3.000000,-297500.156250,148.750076,-793333.750000,-1781944.125000,1878867.250000,10166.542969,86756.578125,-147263.078125,-60506.500000
ml,p5,352,2026-06-13,1966.053711,10.000000,1981.114380,50.000000,-3.000000,0.000000,-0.000000,0.000000,-297167.156250,1971.022339,50.000000,-7.000000,0.000000,-0.000000,0.000000,-689857.812500,1975.767212,50.000000,-8.000000,0.000000,-0.000000,0.000000,-790306.875000,-1777331.875000,1878867.250000,10166.542969,91368.828125,-166460.578125,-75091.750000
ml,p5,352,2026-06-14,1953.789551,10.000000,1981.114380,50.000000,-3.000000,0.000000,-0.000000,0.000000,-297167.156250,1964.171387,50.000000,-7.000000,0.000000,-0.000000,0.000000,-687459.937500,1970.199707,50.000000,-8.000000,0.000000,-0.000000,0.000000,-788079.875000,-1772707.000000,1878867.250000,10166.542969,95993.703125,-201365.187500,-105371.484375
ml,p5,352,2026-06-15,1939.248779,10.000000,1981.114380,50.000000,-2.000000,1.000000,-99055.718750,49.527859,-198111.437500,1944.729004,50.000000,-10.000000,-3.000000,291709.343750,145.854675,-972364.437500,1953.027832,50.000000,-11.000000,-3.000000,292954.187500,146.477081,-1074165.375000,-2244641.250000,2364475.000000,10508.402344,109325.343750,-236083.250000,-126757.906250
ml,p5,352,2026-06-16,1935.308105,10.000000,1981.114380,50.000000,-2.000000,0.000000,-0.000000,0.000000,-198111.437500,1940.589355,50.000000,-7.000000,3.000000,-291088.406250,145.544189,-679206.250000,1949.913940,50.000000,-8.000000,3.000000,-292487.093750,146.243530,-779965.562500,-1657283.250000,1780899.500000,10800.189453,112816.062500,-246319.671875,-133503.609375
ml,p5,352,2026-06-17,1933.916870,10.000000,1981.114380,50.000000,-2.000000,0.000000,-0.000000,0.000000,-198111.437500,1943.956421,50.000000,-10.000000,-3.000000,291593.468750,145.796722,-971978.250000,1955.519897,50.000000,-11.000000,-3.000000,293327.968750,146.663986,-1075536.000000,-2245625.750000,2365821.000000,11092.650391,109102.601562,-251385.828125,-142283.218750
ml,p5,352,2026-06-18,1926.419434,10.000000,1981.114380,50.000000,-2.000000,0.000000,-0.000000,0.000000,-198111.437500,1930.224976,50.000000,-7.000000,3.000000,-289533.750000,144.766876,-675578.750000,1941.906738,50.000000,-8.000000,3.000000,-291286.000000,145.643005,-776762.687500,-1650452.875000,1785001.250000,11383.060547,123165.312500,-271247.375000,-148082.062500
ml,p5,352,2026-06-19,1953.082520,10.000000,1981.114380,50.000000,-2.000000,0.000000,-0.000000,0.000000,-198111.437500,1968.459106,50.000000,-7.000000,0.000000,-0.000000,0.000000,-688960.687500,1981.162720,50.000000,-8.000000,0.000000,-0.000000,0.000000,-792465.062500,-1679537.250000,1785001.250000,11383.060547,94080.937500,-203768.781250,-109687.843750
ml,p5,352,2026-06-20,1916.791016,10.000000,1981.114380,50.000000,-2.000000,0.000000,-0.000000,0.000000,-198111.437500,1936.372803,50.000000,-7.000000,0.000000,-0.000000,0.000000,-677730.500000,1950.588501,50.000000,-8.000000,0.000000,-0.000000,0.000000,-780235.375000,-1656077.250000,1785001.250000,11383.060547,117540.937500,-294421.468750,-176880.531250
ml,p5,352,2026-06-21,1908.844849,10.000000,1981.114380,50.000000,-2.000000,0.000000,-0.000000,0.000000,-198111.437500,1920.885010,50.000000,-7.000000,0.000000,-0.000000,0.000000,-672309.750000,1933.745728,50.000000,-8.000000,0.000000,-0.000000,0.000000,-773498.312500,-1643919.500000,1785001.250000,11383.060547,129698.687500,-315247.406250,-185548.718750
ml,p5,352,2026-06-22,1910.636963,10.000000,1981.114380,50.000000,-2.000000,0.000000,-0.000000,0.000000,-198111.437500,1923.022339,50.000000,-4.000000,3.000000,-288453.343750,144.226669,-384604.468750,1934.414429,50.000000,-11.000000,-3.000000,290162.156250,145.081085,-1063927.875000,-1646643.750000,1786710.000000,11672.368164,128393.882812,-315081.250000,-186687.375000
ml,p5,352,2026-06-23,1923.152954,10.000000,1981.114380,50.000000,-2.000000,0.000000,-0.000000,0.000000,-198111.437500,1925.969971,50.000000,-7.000000,-3.000000,288895.500000,144.447754,-674089.500000,1938.155762,50.000000,-8.000000,3.000000,-290723.375000,145.361679,-775262.312500,-1647463.250000,1784882.125000,11962.177734,125456.695312,-283960.656250,-158503.968750
ml,p5,352,2026-06-24,1922.284790,10.000000,1981.114380,50.000000,-2.000000,0.000000,-0.000000,0.000000,-198111.437500,1925.889526,50.000000,-4.000000,3.000000,-288883.437500,144.441711,-385177.906250,1934.162476,50.000000,-5.000000,3.000000,-290124.375000,145.062180,-483540.625000,-1066830.000000,1205874.250000,12251.681641,126792.570312,-286249.156250,-159456.593750
ml,p5,352,2026-06-25,1938.174561,10.000000,1981.114380,50.000000,-2.000000,0.000000,-0.000000,0.000000,-198111.437500,1941.911133,50.000000,-7.000000,-3.000000,291286.656250,145.643326,-679668.875000,1952.747070,50.000000,-8.000000,-3.000000,292912.062500,146.456024,-781098.812500,-1658879.125000,1790073.000000,12543.781250,118650.093750,-246529.234375,-127879.140625
ml,p5,352,2026-06-26,1924.875122,10.000000,1981.114380,50.000000,-2.000000,0.000000,-0.000000,0.000000,-198111.437500,1940.256836,50.000000,-4.000000,3.000000,-291038.531250,145.519257,-388051.375000,1951.919800,50.000000,-11.000000,-3.000000,292787.968750,146.393982,-1073555.875000,-1659718.750000,1791822.500000,12835.693359,119268.054688,-280705.593750,-161437.531250
ml,p5,352,2026-06-27,1932.089111,10.000000,1981.114380,50.000000,-2.000000,0.000000,-0.000000,0.000000,-198111.437500,1944.180054,50.000000,-4.000000,0.000000,-0.000000,0.000000,-388836.000000,1956.428711,50.000000,-11.000000,0.000000,-0.000000,0.000000,-1076035.750000,-1662983.250000,1791822.500000,12835.693359,116003.554688,-263407.531250,-147403.968750
ml,p5,352,2026-06-28,1901.607910,10.000000,1981.114380,50.000000,-2.000000,0.000000,-0.000000,0.000000,-198111.437500,1925.357788,50.000000,-4.000000,0.000000,-0.000000,0.000000,-385071.562500,1940.051636,50.000000,-11.000000,0.000000,-0.000000,0.000000,-1067028.375000,-1650211.375000,1791822.500000,12835.693359,128775.429688,-340176.062500,-211400.625000
ml,p5,352,2026-06-29,1878.031860,10.000000,1981.114380,50.000000,-2.000000,0.000000,-0.000000,0.000000,-198111.437500,1884.256958,50.000000,-7.000000,-3.000000,282638.562500,141.319275,-659489.937500,1897.530640,50.000000,-8.000000,3.000000,-284629.593750,142.314789,-759012.250000,-1616613.625000,1789831.500000,13119.328125,160098.546875,-399807.468750,-239708.921875
ml,p5,352,2026-06-30,1848.400757,10.000000,1981.114380,50.000000,-2.000000,0.000000,-0.000000,0.000000,-198111.437500,1840.256348,50.000000,-4.000000,3.000000,-276038.437500,138.019226,-368051.281250,1854.897583,50.000000,-5.000000,3.000000,-278234.656250,139.117325,-463724.406250,-1029887.125000,1235558.250000,13396.464844,192274.656250,-475329.000000,-283054.343750
ml,p5,352,2026-07-01,1842.161377,10.000000,1981.114380,50.000000,-2.000000,0.000000,-0.000000,0.000000,-198111.437500,1844.173340,50.000000,-7.000000,-3.000000,276626.000000,138.312988,-645460.625000,1858.603882,50.000000,-8.000000,-3.000000,278790.562500,139.395294,-743441.562500,-1587013.625000,1790974.875000,13674.173828,190287.078125,-491140.593750,-300853.500000
ml,p5,352,2026-07-02,1823.414673,10.000000,1981.114380,50.000000,-2.000000,0.000000,-0.000000,0.000000,-198111.437500,1831.299927,50.000000,-4.000000,3.000000,-274695.000000,137.347488,-366260.000000,1846.539551,50.000000,-5.000000,3.000000,-276980.937500,138.490463,-461634.875000,-1026006.312500,1239299.000000,13950.010742,199342.671875,-536479.875000,-337137.187500
ml,p5,352,2026-07-03,1834.876343,10.000000,1981.114380,50.000000,-2.000000,0.000000,-0.000000,0.000000,-198111.437500,1841.541016,50.000000,-7.000000,-3.000000,276231.156250,138.115570,-644539.375000,1857.921387,50.000000,-8.000000,-3.000000,278688.218750,139.344101,-743168.562500,-1585819.375000,1794218.375000,14227.470703,194171.531250,-512083.781250,-317912.250000
ml,p5,352,2026-07-04,1819.972290,10.000000,1981.114380,50.000000,-2.000000,0.000000,-0.000000,0.000000,-198111.437500,1813.112549,50.000000,-7.000000,0.000000,-0.000000,0.000000,-634589.375000,1828.019775,50.000000,-8.000000,0.000000,-0.000000,0.000000,-731207.937500,-1563908.750000,1794218.375000,14227.470703,216082.156250,-545962.625000,-329880.468750
ml,p5,352,2026-07-05,1801.075073,10.000000,1981.114380,50.000000,-2.000000,0.000000,-0.000000,0.000000,-198111.437500,1809.522339,50.000000,-7.000000,0.000000,-0.000000,0.000000,-633332.812500,1823.037476,50.000000,-8.000000,0.000000,-0.000000,0.000000,-729215.000000,-1560659.250000,1794218.375000,14227.470703,219331.656250,-587818.687500,-368487.031250
ml,p5,352,2026-07-06,1801.013306,10.000000,1981.114380,50.000000,-1.000000,1.000000,-99055.718750,49.527859,-99055.718750,1820.586792,50.000000,-4.000000,3.000000,-273088.000000,136.544006,-364117.343750,1832.461304,50.000000,-5.000000,3.000000,-274869.187500,137.434601,-458115.343750,-921288.375000,1147205.500000,14550.976562,211366.156250,-589060.312500,-377694.156250
ml,p5,352,2026-07-07,1782.477051,10.000000,1981.114380,50.000000,-1.000000,0.000000,-0.000000,0.000000,-99055.718750,1800.391846,50.000000,-7.000000,-3.000000,270058.781250,135.029388,-630137.187500,1812.683472,50.000000,-8.000000,-3.000000,271902.500000,135.951263,-725073.375000,-1454266.250000,1689166.750000,14821.957031,220078.546875,-627969.750000,-407891.187500
ml,p5,352,2026-07-08,1768.261597,10.000000,1981.114380,50.000000,-1.000000,0.000000,-0.000000,0.000000,-99055.718750,1786.021851,50.000000,-4.000000,3.000000,-267903.281250,133.951645,-357204.375000,1796.658447,50.000000,-5.000000,3.000000,-269498.781250,134.749390,-449164.593750,-905424.687500,1151764.625000,15090.658203,231249.281250,-656199.000000,-424949.718750
ml,p5,352,2026-07-09,1771.802246,10.000000,1981.114380,50.000000,-1.000000,0.000000,-0.000000,0.000000,-99055.718750,1782.570801,50.000000,-7.000000,-3.000000,267385.625000,133.692795,-623899.812500,1793.204468,50.000000,-8.000000,-3.000000,268980.656250,134.490341,-717281.812500,-1440237.250000,1688131.000000,15358.841797,232534.906250,-650278.500000,-417743.593750
ml,p5,352,2026-07-10,1766.440430,10.000000,1981.114380,50.000000,-1.000000,0.000000,-0.000000,0.000000,-99055.718750,1771.100586,50.000000,-4.000000,3.000000,-265665.093750,132.832550,-354220.125000,1781.186890,50.000000,-5.000000,3.000000,-267178.031250,133.589020,-445296.718750,-898572.562500,1155287.750000,15625.263672,241089.921875,-660347.750000,-419257.812500
ml,p5,352,2026-07-11,1767.363037,10.000000,1981.114380,50.000000,-1.000000,0.000000,-0.000000,0.000000,-99055.718750,1759.998779,50.000000,-4.000000,0.000000,-0.000000,0.000000,-351999.750000,1772.054688,50.000000,-5.000000,0.000000,-0.000000,0.000000,-443013.687500,-894069.125000,1155287.750000,15625.263672,245593.359375,-659001.437500,-413408.062500
ml,p5,352,2026-07-12,1776.982910,10.000000,1981.114380,50.000000,-1.000000,0.000000,-0.000000,0.000000,-99055.718750,1772.189697,50.000000,-4.000000,0.000000,-0.000000,0.000000,-354437.937500,1784.091187,50.000000,-5.000000,0.000000,-0.000000,0.000000,-446022.812500,-899516.500000,1155287.750000,15625.263672,240145.984375,-644209.750000,-404063.750000
ml,p5,352,2026-07-13,1773.612793,10.000000,1981.114380,50.000000,-1.000000,0.000000,-0.000000,0.000000,-99055.718750,1772.267822,50.000000,-7.000000,-3.000000,265840.187500,132.920074,-620293.750000,1784.344116,50.000000,-8.000000,-3.000000,267651.625000,133.825806,-713737.625000,-1433087.125000,1688779.625000,15892.009766,239800.484375,-650524.125000,-410723.625000
ml,p5,352,2026-07-14,1780.632812,10.000000,1981.114380,50.000000,-1.000000,0.000000,-0.000000,0.000000,-99055.718750,1787.372314,50.000000,-4.000000,3.000000,-268105.875000,134.052917,-357474.468750,1798.167725,50.000000,-5.000000,3.000000,-269725.156250,134.862564,-449541.937500,-906072.125000,1150948.625000,16160.925781,228715.578125,-640411.125000,-411695.562500
ml,p5,352,2026-07-15,1752.677124,10.000000,1981.114380,50.000000,-1.000000,0.000000,-0.000000,0.000000,-99055.718750,1765.156128,50.000000,-1.000000,3.000000,-264773.406250,132.386703,-88257.804688,1776.093628,50.000000,-2.000000,3.000000,-266414.031250,133.207016,-177609.359375,-364922.875000,619761.125000,16426.519531,238411.734375,-680411.937500,-442000.187500
ml,p5,352,2026-07-16,1784.192993,10.000000,1981.114380,50.000000,-1.000000,0.000000,-0.000000,0.000000,-99055.718750,1792.272461,50.000000,-4.000000,-3.000000,268840.875000,134.420441,-358454.500000,1803.104614,50.000000,-5.000000,-3.000000,270465.687500,135.232849,-450776.187500,-908286.375000,1159067.750000,16696.171875,234085.203125,-640040.125000,-405954.937500
ml,p5,352,2026-07-17,1786.427734,10.000000,1981.114380,50.000000,-1.000000,0.000000,-0.000000,0.000000,-99055.718750,1786.667725,50.000000,-1.000000,3.000000,-268000.156250,134.000076,-89333.382812,1798.258179,50.000000,-2.000000,3.000000,-269738.718750,134.869354,-179825.812500,-368214.906250,621328.875000,16965.041016,236148.921875,-637832.812500,-401683.875000
ml,p5,352,2026-07-18,1780.853516,10.000000,1981.114380,50.000000,-1.000000,0.000000,-0.000000,0.000000,-99055.718750,1769.813354,50.000000,-1.000000,0.000000,-0.000000,0.000000,-88490.664062,1781.033691,50.000000,-2.000000,0.000000,-0.000000,0.000000,-178103.375000,-365649.750000,621328.875000,16965.041016,238714.078125,-644338.687500,-405624.625000
ml,p5,352,2026-07-19,1777.838135,10.000000,1981.114380,50.000000,-1.000000,0.000000,-0.000000,0.000000,-99055.718750,1768.175415,50.000000,-1.000000,0.000000,-0.000000,0.000000,-88408.773438,1779.567749,50.000000,-2.000000,0.000000,-0.000000,0.000000,-177956.781250,-365421.281250,621328.875000,16965.041016,238942.546875,-647821.500000,-408878.937500
ml,p5,352,2026-07-20,1752.968140,10.000000,1981.114380,50.000000,-1.000000,0.000000,-0.000000,0.000000,-99055.718750,1735.342651,50.000000,-4.000000,-3.000000,260301.390625,130.150696,-347068.531250,1746.200562,50.000000,-5.000000,-3.000000,261930.078125,130.965042,-436550.156250,-882674.375000,1143560.250000,17226.156250,243659.718750,-675024.000000,-431364.281250
ml,p5,352,2026-07-21,1738.461548,10.000000,1981.114380,50.000000,-1.000000,0.000000,-0.000000,0.000000,-99055.718750,1721.609131,50.000000,-1.000000,3.000000,-258241.359375,129.120667,-86080.453125,1732.964600,50.000000,-2.000000,3.000000,-259944.671875,129.972336,-173296.453125,-358432.625000,625374.250000,17485.250000,249456.375000,-689538.375000,-440082.000000
ml,p5,352,2026-07-22,1744.600830,10.000000,1981.114380,50.000000,-1.000000,0.000000,-0.000000,0.000000,-99055.718750,1737.531372,50.000000,-4.000000,-3.000000,260629.718750,130.314850,-347506.281250,1750.129761,50.000000,-5.000000,-3.000000,262519.468750,131.259735,-437532.437500,-884094.437500,1148523.500000,17746.824219,246682.234375,-684589.562500,-437907.312500
ml,p5,352,2026-07-23,1734.890747,10.000000,1981.114380,50.000000,-1.000000,0.000000,-0.000000,0.000000,-99055.718750,1738.727539,50.000000,-1.000000,3.000000,-260809.125000,130.404556,-86936.375000,1752.372559,50.000000,-2.000000,3.000000,-262855.875000,131.427933,-175237.250000,-361229.343750,624858.500000,18008.656250,245620.500000,-692213.562500,-446593.062500
ml,p5,352,2026-07-24,1731.125732,10.000000,1981.114380,50.000000,-1.000000,0.000000,-0.000000,0.000000,-99055.718750,1741.179443,50.000000,-1.000000,0.000000,-0.000000,0.000000,-87058.968750,1754.667969,50.000000,-5.000000,-3.000000,263200.187500,131.600098,-438667.000000,-624781.687500,888058.687500,18140.257812,245136.750000,-694881.125000,-449744.375000
ml,p5,352,2026-07-25,1728.613159,10.000000,1981.114380,50.000000,-1.000000,0.000000,-0.000000,0.000000,-99055.718750,1733.685425,50.000000,-1.000000,0.000000,-0.000000,0.000000,-86684.273438,1746.603149,50.000000,-5.000000,0.000000,-0.000000,0.000000,-436650.781250,-622390.750000,888058.687500,18140.257812,247527.687500,-696449.062500,-448921.375000
ml,p5,352,2026-07-26,1700.595215,10.000000,1981.114380,50.000000,-1.000000,0.000000,-0.000000,0.000000,-99055.718750,1709.058594,50.000000,-1.000000,0.000000,-0.000000,0.000000,-85452.929688,1721.369507,50.000000,-5.000000,0.000000,-0.000000,0.000000,-430342.375000,-614851.000000,888058.687500,18140.257812,255067.437500,-711899.562500,-456832.125000
ml,p5,352,2026-07-27,1706.242798,10.000000,1981.114380,50.000000,-1.000000,0.000000,-0.000000,0.000000,-99055.718750,1711.948730,50.000000,-1.000000,0.000000,-0.000000,0.000000,-85597.437500,1723.847290,50.000000,-2.000000,3.000000,-258577.093750,129.288544,-172384.734375,-357037.875000,629481.625000,18269.544922,254174.203125,-709103.437500,-454929.250000
ml,p5,352,2026-07-28,1713.039307,10.000000,1981.114380,50.000000,-1.000000,0.000000,-0.000000,0.000000,-99055.718750,1713.198853,50.000000,-4.000000,-3.000000,256979.828125,128.489914,-342639.781250,1727.883911,50.000000,-5.000000,-3.000000,259182.593750,129.591278,-431971.000000,-873666.500000,1145644.000000,18527.626953,253449.875000,-706391.125000,-452941.250000
ml,p5,352,2026-07-29,1711.961304,10.000000,1981.114380,50.000000,-1.000000,0.000000,-0.000000,0.000000,-99055.718750,1711.198975,50.000000,-1.000000,3.000000,-256679.828125,128.339920,-85559.945312,1725.899414,50.000000,-2.000000,3.000000,-258884.906250,129.442444,-172589.937500,-357205.593750,630079.250000,18785.410156,254088.250000,-706909.875000,-452821.625000
ml,p5,352,2026-07-30,1708.118408,10.000000,1981.114380,50.000000,0.000000,1.000000,-99055.718750,49.527859,0.000000,1711.198975,50.000000,0.000000,1.000000,-85559.945312,42.779972,0.000000,1721.055176,50.000000,-5.000000,-3.000000,258158.281250,129.079132,-430263.781250,-430263.781250,703621.875000,19006.796875,254351.296875,-707914.875000,-453563.562500
ml,p5,352,2026-07-31,1715.808960,10.000000,1981.114380,50.000000,0.000000,0.000000,-0.000000,0.000000,0.000000,1711.198975,50.000000,0.000000,0.000000,-0.000000,0.000000,0.000000,1733.245483,50.000000,-2.000000,3.000000,-259986.812500,129.993408,-173324.546875,-173324.546875,443635.062500,19136.789062,251173.718750,-707180.375000,-456006.656250
ml,p5,352,2026-08-01,1720.568970,10.000000,1981.114380,50.000000,0.000000,0.000000,-0.000000,0.000000,0.000000,1711.198975,50.000000,0.000000,0.000000,-0.000000,0.000000,0.000000,1744.170898,50.000000,-2.000000,0.000000,-0.000000,0.000000,-174417.093750,-174417.093750,443635.062500,19136.789062,250081.187500,-707263.187500,-457182.000000
ml,p5,352,2026-08-02,1739.938599,10.000000,1981.114380,50.000000,0.000000,0.000000,-0.000000,0.000000,0.000000,1711.198975,50.000000,0.000000,0.000000,-0.000000,0.000000,0.000000,1778.057739,50.000000,-2.000000,0.000000,-0.000000,0.000000,-177805.781250,-177805.781250,443635.062500,19136.789062,246692.500000,-707338.625000,-460646.125000
ml,p5,352,2026-08-03,1737.015625,10.000000,1981.114380,50.000000,0.000000,0.000000,-0.000000,0.000000,0.000000,1711.198975,50.000000,0.000000,0.000000,-0.000000,0.000000,0.000000,1769.004028,50.000000,-5.000000,-3.000000,265350.625000,132.675293,-442251.031250,-442251.031250,708985.687500,19269.464844,247465.187500,-707420.312500,-459955.125000
ml,p5,352,2026-08-04,1734.728638,10.000000,1981.114380,50.000000,0.000000,0.000000,-0.000000,0.000000,0.000000,1711.198975,50.000000,0.000000,0.000000,-0.000000,0.000000,0.000000,1761.390869,50.000000,-2.000000,3.000000,-264208.656250,132.104324,-176139.093750,-176139.093750,444777.062500,19401.568359,249236.406250,-707502.250000,-458265.843750
ml,p5,352,2026-08-05,1747.324951,10.000000,1981.114380,50.000000,0.000000,0.000000,-0.000000,0.000000,0.000000,1711.198975,50.000000,0.000000,0.000000,-0.000000,0.000000,0.000000,1756.191772,50.000000,-1.000000,1.000000,-87809.585938,43.904793,-87809.585938,-87809.585938,356967.437500,19445.472656,249712.375000,-707586.062500,-457873.687500
ml,p5,352,2026-08-06,1747.711548,10.000000,1981.114380,50.000000,0.000000,0.000000,-0.000000,0.000000,0.000000,1711.198975,50.000000,0.000000,0.000000,-0.000000,0.000000,0.000000,1766.996948,50.000000,-4.000000,-3.000000,265049.531250,132.524750,-353399.375000,-353399.375000,622017.000000,19577.998047,249039.625000,-707586.062500,-458546.437500
ml,p5,352,2026-08-07,1791.618652,10.000000,1981.114380,50.000000,0.000000,0.000000,-0.000000,0.000000,0.000000,1711.198975,50.000000,0.000000,0.000000,-0.000000,0.000000,0.000000,1819.221436,50.000000,-1.000000,3.000000,-272883.187500,136.441605,-90961.070312,-90961.070312,349133.812500,19714.441406,238458.312500,-707586.062500,-469127.750000
ml,p5,352,2026-08-08,1796.017822,10.000000,1981.114380,50.000000,0.000000,0.000000,-0.000000,0.000000,0.000000,1711.198975,50.000000,0.000000,0.000000,-0.000000,0.000000,0.000000,1826.390015,50.000000,-1.000000,0.000000,-0.000000,0.000000,-91319.500000,-91319.500000,349133.812500,19714.441406,238099.875000,-707586.062500,-469486.187500
ml,p5,352,2026-08-09,1774.506104,10.000000,1981.114380,50.000000,0.000000,0.000000,-0.000000,0.000000,0.000000,1711.198975,50.000000,0.000000,0.000000,-0.000000,0.000000,0.000000,1799.823120,50.000000,-1.000000,0.000000,-0.000000,0.000000,-89991.156250,-89991.156250,349133.812500,19714.441406,239428.218750,-707586.062500,-468157.843750
ml,p5,352,2026-08-10,1779.248413,10.000000,1981.114380,50.000000,0.000000,0.000000,-0.000000,0.000000,0.000000,1711.198975,50.000000,0.000000,0.000000,-0.000000,0.000000,0.000000,1790.929443,50.000000,-4.000000,-3.000000,268639.406250,134.319702,-358185.875000,-358185.875000,617773.187500,19848.759766,239738.546875,-707586.062500,-467847.500000
ml,p5,352,2026-08-11,1792.506592,10.000000,1981.114380,50.000000,0.000000,0.000000,-0.000000,0.000000,0.000000,1711.198975,50.000000,0.000000,0.000000,-0.000000,0.000000,0.000000,1799.746460,50.000000,-1.000000,3.000000,-269961.968750,134.980988,-89987.320312,-89987.320312,347811.250000,19983.740234,237840.203125,-707586.062500,-469745.875000
ml,p5,352,2026-08-12,1757.394531,10.000000,1981.114380,50.000000,0.000000,0.000000,-0.000000,0.000000,0.000000,1711.198975,50.000000,0.000000,0.000000,-0.000000,0.000000,0.000000,1772.026855,50.000000,-4.000000,-3.000000,265804.031250,132.902008,-354405.375000,-354405.375000,613615.250000,20116.642578,239093.234375,-707586.062500,-468492.812500
ml,p5,352,2026-08-13,1777.154175,10.000000,1981.114380,50.000000,0.000000,0.000000,-0.000000,0.000000,0.000000,1711.198975,50.000000,0.000000,0.000000,-0.000000,0.000000,0.000000,1798.094849,50.000000,-1.000000,3.000000,-269714.218750,134.857117,-89904.742188,-89904.742188,343901.062500,20251.500000,233744.812500,-707586.062500,-473841.250000
ml,p5,352,2026-08-14,1776.755859,10.000000,1981.114380,50.000000,0.000000,0.000000,-0.000000,0.000000,0.000000,1711.198975,50.000000,0.000000,0.000000,-0.000000,0.000000,0.000000,1790.827881,50.000000,0.000000,1.000000,-89541.390625,44.770691,0.000000,0.000000,254359.656250,20296.269531,234063.390625,-707586.062500,-473522.687500
ml,p5,352,2026-08-15,1755.379517,10.000000,1981.114380,50.000000,0.000000,0.000000,-0.000000,0.000000,0.000000,1711.198975,50.000000,0.000000,0.000000,-0.000000,0.000000,0.000000,1775.178955,50.000000,0.000000,0.000000,-0.000000,0.000000,0.000000,0.000000,254359.656250,20296.269531,234063.390625,-707586.062500,-473522.687500
ml,p5,352,2026-08-16,1759.193848,10.000000,1981.114380,50.000000,0.000000,0.000000,-0.000000,0.000000,0.000000,1711.198975,50.000000,0.000000,0.000000,-0.000000,0.000000,0.000000,1791.464355,50.000000,0.000000,0.000000,-0.000000,0.000000,0.000000,0.000000,254359.656250,20296.269531,234063.390625,-707586.062500,-473522.687500
ml,p5,352,2026-08-17,1778.468018,10.000000,1981.114380,50.000000,0.000000,0.000000,-0.000000,0.000000,0.000000,1711.198975,50.000000,0.000000,0.000000,-0.000000,0.000000,0.000000,1811.302368,50.000000,0.000000,0.000000,-0.000000,0.000000,0.000000,0.000000,254359.656250,20296.269531,234063.390625,-707586.062500,-473522.687500
ml,p5,352,2026-08-18,1765.548706,10.000000,1981.114380,50.000000,0.000000,0.000000,-0.000000,0.000000,0.000000,1711.198975,50.000000,0.000000,0.000000,-0.000000,0.000000,0.000000,1788.347412,50.000000,0.000000,0.000000,-0.000000,0.000000,0.000000,0.000000,254359.656250,20296.269531,234063.390625,-707586.062500,-473522.687500
ml,p5,352,2026-08-19,1763.894409,10.000000,1981.114380,50.000000,0.000000,0.000000,-0.000000,0.000000,0.000000,1711.198975,50.000000,0.000000,0.000000,-0.000000,0.000000,0.000000,1768.918579,50.000000,0.000000,0.000000,-0.000000,0.000000,0.000000,0.000000,254359.656250,20296.269531,234063.390625,-707586.062500,-473522.687500
ml,p5,352,2026-08-20,1756.096924,10.000000,1981.114380,50.000000,0.000000,0.000000,-0.000000,0.000000,0.000000,1711.198975,50.000000,0.000000,0.000000,-0.000000,0.000000,0.000000,1769.809204,50.000000,0.000000,0.000000,-0.000000,0.000000,0.000000,0.000000,254359.656250,20296.269531,234063.390625,-707586.062500,-473522.687500
ml,p5,352,2026-08-21,1769.637329,10.000000,1981.114380,50.000000,0.000000,0.000000,-0.000000,0.000000,0.000000,1711.198975,50.000000,0.000000,0.000000,-0.000000,0.000000,0.000000,1779.323975,50.000000,0.000000,0.000000,-0.000000,0.000000,0.000000,0.000000,254359.656250,20296.269531,234063.390625,-707586.062500,-473522.687500
ml,p5,352,2026-08-22,1759.730835,10.000000,1981.114380,50.000000,0.000000,0.000000,-0.000000,0.000000,0.000000,1711.198975,50.000000,0.000000,0.000000,-0.000000,0.000000,0.000000,1762.680786,50.000000,0.000000,0.000000,-0.000000,0.000000,0.000000,0.000000,254359.656250,20296.269531,234063.390625,-707586.062500,-473522.687500
ml,p5,352,2026-08-23,1757.605835,10.000000,1981.114380,50.000000,0.000000,0.000000,-0.000000,0.000000,0.000000,1711.198975,50.000000,0.000000,0.000000,-0.000000,0.000000,0.000000,1762.386963,50.000000,0.000000,0.000000,-0.000000,0.000000,0.000000,0.000000,254359.656250,20296.269531,234063.390625,-707586.062500,-473522.687500
ml,p5,352,2026-08-24,1736.130371,10.000000,1981.114380,50.000000,0.000000,0.000000,-0.000000,0.000000,0.000000,1711.198975,50.000000,0.000000,0.000000,-0.000000,0.000000,0.000000,1740.919556,50.000000,0.000000,0.000000,-0.000000,0.000000,0.000000,0.000000,254359.656250,20296.269531,234063.390625,-707586.062500,-473522.687500
ml,p5,352,2026-08-25,1708.136230,10.000000,1981.114380,50.000000,0.000000,0.000000,-0.000000,0.000000,0.000000,1711.198975,50.000000,0.000000,0.000000,-0.000000,0.000000,0.000000,1707.852905,50.000000,0.000000,0.000000,-0.000000,0.000000,0.000000,0.000000,254359.656250,20296.269531,234063.390625,-707586.062500,-473522.687500
ml,p5,352,2026-08-26,1704.234375,10.000000,1981.114380,50.000000,0.000000,0.000000,-0.000000,0.000000,0.000000,1711.198975,50.000000,0.000000,0.000000,-0.000000,0.000000,0.000000,1712.115845,50.000000,0.000000,0.000000,-0.000000,0.000000,0.000000,0.000000,254359.656250,20296.269531,234063.390625,-707586.062500,-473522.687500
ml,p5,352,2026-08-27,1682.948853,10.000000,1981.114380,50.000000,0.000000,0.000000,-0.000000,0.000000,0.000000,1711.198975,50.000000,0.000000,0.000000,-0.000000,0.000000,0.000000,1686.246338,50.000000,0.000000,0.000000,-0.000000,0.000000,0.000000,0.000000,254359.656250,20296.269531,234063.390625,-707586.062500,-473522.687500
ml,p5,352,2026-08-28,1672.805420,10.000000,1981.114380,50.000000,0.000000,0.000000,-0.000000,0.000000,0.000000,1711.198975,50.000000,0.000000,0.000000,-0.000000,0.000000,0.000000,1680.459961,50.000000,0.000000,0.000000,-0.000000,0.000000,0.000000,0.000000,254359.656250,20296.269531,234063.390625,-707586.062500,-473522.687500
ml,p5,352,2026-08-29,1669.086914,10.000000,1981.114380,50.000000,0.000000,0.000000,-0.000000,0.000000,0.000000,1711.198975,50.000000,0.000000,0.000000,-0.000000,0.000000,0.000000,1693.818359,50.000000,0.000000,0.000000,-0.000000,0.000000,0.000000,0.000000,254359.656250,20296.269531,234063.390625,-707586.062500,-473522.687500
ml,p5,352,2026-08-30,1670.248535,10.000000,1981.114380,50.000000,0.000000,0.000000,-0.000000,0.000000,0.000000,1711.198975,50.000000,0.000000,0.000000,-0.000000,0.000000,0.000000,1677.763306,50.000000,0.000000,0.000000,-0.000000,0.000000,0.000000,0.000000,254359.656250,20296.269531,234063.390625,-707586.062500,-473522.687500
ml,p5,352,2026-08-31,1659.182251,10.000000,1981.114380,50.000000,0.000000,0.000000,-0.000000,0.000000,0.000000,1711.198975,50.000000,0.000000,0.000000,-0.000000,0.000000,0.000000,1666.523804,50.000000,0.000000,0.000000,-0.000000,0.000000,0.000000,0.000000,254359.656250,20296.269531,234063.390625,-707586.062500,-473522.687500
ml,p5,352,2026-09-01,1655.249390,10.000000,1981.114380,50.000000,0.000000,0.000000,-0.000000,0.000000,0.000000,1711.198975,50.000000,0.000000,0.000000,-0.000000,0.000000,0.000000,1657.835205,50.000000,0.000000,0.000000,-0.000000,0.000000,0.000000,0.000000,254359.656250,20296.269531,234063.390625,-707586.062500,-473522.687500
ml,p5,352,2026-09-02,1655.948730,10.000000,1981.114380,50.000000,0.000000,0.000000,-0.000000,0.000000,0.000000,1711.198975,50.000000,0.000000,0.000000,-0.000000,0.000000,0.000000,1667.209473,50.000000,0.000000,0.000000,-0.000000,0.000000,0.000000,0.000000,254359.656250,20296.269531,234063.390625,-707586.062500,-473522.687500
ml,p5,352,2026-09-03,1655.340942,10.000000,1981.114380,50.000000,0.000000,0.000000,-0.000000,0.000000,0.000000,1711.198975,50.000000,0.000000,0.000000,-0.000000,0.000000,0.000000,1658.960693,50.000000,0.000000,0.000000,-0.000000,0.000000,0.000000,0.000000,254359.656250,20296.269531,234063.390625,-707586.062500,-473522.687500
ml,p5,352,2026-09-04,1676.008667,10.000000,1981.114380,50.000000,0.000000,0.000000,-0.000000,0.000000,0.000000,1711.198975,50.000000,0.000000,0.000000,-0.000000,0.000000,0.000000,1680.619263,50.000000,0.000000,0.000000,-0.000000,0.000000,0.000000,0.000000,254359.656250,20296.269531,234063.390625,-707586.062500,-473522.687500
ml,p5,352,2026-09-05,1674.863037,10.000000,1981.114380,50.000000,0.000000,0.000000,-0.000000,0.000000,0.000000,1711.198975,50.000000,0.000000,0.000000,-0.000000,0.000000,0.000000,1683.311401,50.000000,0.000000,0.000000,-0.000000,0.000000,0.000000,0.000000,254359.656250,20296.269531,234063.390625,-707586.062500,-473522.687500
ml,p5,352,2026-09-06,1681.602661,10.000000,1981.114380,50.000000,0.000000,0.000000,-0.000000,0.000000,0.000000,1711.198975,50.000000,0.000000,0.000000,-0.000000,0.000000,0.000000,1680.957642,50.000000,0.000000,0.000000,-0.000000,0.000000,0.000000,0.000000,254359.656250,20296.269531,234063.390625,-707586.062500,-473522.687500
ml,p5,352,2026-09-07,1694.350464,10.000000,1981.114380,50.000000,0.000000,0.000000,-0.000000,0.000000,0.000000,1711.198975,50.000000,0.000000,0.000000,-0.000000,0.000000,0.000000,1701.462769,50.000000,0.000000,0.000000,-0.000000,0.000000,0.000000,0.000000,254359.656250,20296.269531,234063.390625,-707586.062500,-473522.687500
ml,p5,352,2026-09-08,1697.612793,10.000000,1981.114380,50.000000,0.000000,0.000000,-0.000000,0.000000,0.000000,1711.198975,50.000000,0.000000,0.000000,-0.000000,0.000000,0.000000,1703.682495,50.000000,0.000000,0.000000,-0.000000,0.000000,0.000000,0.000000,254359.656250,20296.269531,234063.390625,-707586.062500,-473522.687500
ml,p5,352,2026-09-09,1699.307983,10.000000,1981.114380,50.000000,0.000000,0.000000,-0.000000,0.000000,0.000000,1711.198975,50.000000,0.000000,0.000000,-0.000000,0.000000,0.000000,1704.204712,50.000000,0.000000,0.000000,-0.000000,0.000000,0.000000,0.000000,254359.656250,20296.269531,234063.390625,-707586.062500,-473522.687500
ml,p5,352,2026-09-10,1665.294067,10.000000,1981.114380,50.000000,0.000000,0.000000,-0.000000,0.000000,0.000000,1711.198975,50.000000,0.000000,0.000000,-0.000000,0.000000,0.000000,1662.156494,50.000000,0.000000,0.000000,-0.000000,0.000000,0.000000,0.000000,254359.656250,20296.269531,234063.390625,-707586.062500,-473522.687500
ml,p5,352,2026-09-11,1666.037598,10.000000,1981.114380,50.000000,0.000000,0.000000,-0.000000,0.000000,0.000000,1711.198975,50.000000,0.000000,0.000000,-0.000000,0.000000,0.000000,1663.001099,50.000000,0.000000,0.000000,-0.000000,0.000000,0.000000,0.000000,254359.656250,20296.269531,234063.390625,-707586.062500,-473522.687500
ml,p5,352,2026-09-12,1667.288452,10.000000,1981.114380,50.000000,0.000000,0.000000,-0.000000,0.000000,0.000000,1711.198975,50.000000,0.000000,0.000000,-0.000000,0.000000,0.000000,1667.173340,50.000000,0.000000,0.000000,-0.000000,0.000000,0.000000,0.000000,254359.656250,20296.269531,234063.390625,-707586.062500,-473522.687500
ml,p5,352,2026-09-13,1667.392578,10.000000,1981.114380,50.000000,0.000000,0.000000,-0.000000,0.000000,0.000000,1711.198975,50.000000,0.000000,0.000000,-0.000000,0.000000,0.000000,1660.553955,50.000000,0.000000,0.000000,-0.000000,0.000000,0.000000,0.000000,254359.656250,20296.269531,234063.390625,-707586.062500,-473522.687500
ml,p5,352,2026-09-14,1663.617188,10.000000,1981.114380,50.000000,0.000000,0.000000,-0.000000,0.000000,0.000000,1711.198975,50.000000,0.000000,0.000000,-0.000000,0.000000,0.000000,1630.662231,50.000000,0.000000,0.000000,-0.000000,0.000000,0.000000,0.000000,254359.656250,20296.269531,234063.390625,-707586.062500,-473522.687500
ml,p5,352,2026-09-15,1671.748047,10.000000,1981.114380,50.000000,0.000000,0.000000,-0.000000,0.000000,0.000000,1711.198975,50.000000,0.000000,0.000000,-0.000000,0.000000,0.000000,1662.610474,50.000000,0.000000,0.000000,-0.000000,0.000000,0.000000,0.000000,254359.656250,20296.269531,234063.390625,-707586.062500,-473522.687500
ml,p5,352,2026-09-16,1681.116211,10.000000,1981.114380,50.000000,0.000000,0.000000,-0.000000,0.000000,0.000000,1711.198975,50.000000,0.000000,0.000000,-0.000000,0.000000,0.000000,1690.838013,50.000000,0.000000,0.000000,-0.000000,0.000000,0.000000,0.000000,254359.656250,20296.269531,234063.390625,-707586.062500,-473522.687500
ml,p5,352,2026-09-17,1673.838745,10.000000,1981.114380,50.000000,0.000000,0.000000,-0.000000,0.000000,0.000000,1711.198975,50.000000,0.000000,0.000000,-0.000000,0.000000,0.000000,1675.006592,50.000000,0.000000,0.000000,-0.000000,0.000000,0.000000,0.000000,254359.656250,20296.269531,234063.390625,-707586.062500,-473522.687500
ml,p5,352,2026-09-18,1649.954590,10.000000,1981.114380,50.000000,0.000000,0.000000,-0.000000,0.000000,0.000000,1711.198975,50.000000,0.000000,0.000000,-0.000000,0.000000,0.000000,1645.808838,50.000000,0.000000,0.000000,-0.000000,0.000000,0.000000,0.000000,254359.656250,20296.269531,234063.390625,-707586.062500,-473522.687500
ml,p5,352,2026-09-19,1638.916382,10.000000,1981.114380,50.000000,0.000000,0.000000,-0.000000,0.000000,0.000000,1711.198975,50.000000,0.000000,0.000000,-0.000000,0.000000,0.000000,1612.611816,50.000000,0.000000,0.000000,-0.000000,0.000000,0.000000,0.000000,254359.656250,20296.269531,234063.390625,-707586.062500,-473522.687500
ml,p5,352,2026-09-20,1641.550659,10.000000,1981.114380,50.000000,0.000000,0.000000,-0.000000,0.000000,0.000000,1711.198975,50.000000,0.000000,0.000000,-0.000000,0.000000,0.000000,1643.130981,50.000000,0.000000,0.000000,-0.000000,0.000000,0.000000,0.000000,254359.656250,20296.269531,234063.390625,-707586.062500,-473522.687500
ml,p5,352,2026-09-21,1646.726562,10.000000,1981.114380,50.000000,0.000000,0.000000,-0.000000,0.000000,0.000000,1711.198975,50.000000,0.000000,0.000000,-0.000000,0.000000,0.000000,1642.920654,50.000000,0.000000,0.000000,-0.000000,0.000000,0.000000,0.000000,254359.656250,20296.269531,234063.390625,-707586.062500,-473522.687500
ml,p5,352,2026-09-22,1655.671631,10.000000,1981.114380,50.000000,0.000000,0.000000,-0.000000,0.000000,0.000000,1711.198975,50.000000,0.000000,0.000000,-0.000000,0.000000,0.000000,1652.953979,50.000000,0.000000,0.000000,-0.000000,0.000000,0.000000,0.000000,254359.656250,20296.269531,234063.390625,-707586.062500,-473522.687500
ml,p5,352,2026-09-23,1652.302368,10.000000,1981.114380,50.000000,0.000000,0.000000,-0.000000,0.000000,0.000000,1711.198975,50.000000,0.000000,0.000000,-0.000000,0.000000,0.000000,1644.162720,50.000000,0.000000,0.000000,-0.000000,0.000000,0.000000,0.000000,254359.656250,20296.269531,234063.390625,-707586.062500,-473522.687500
ml,p5,352,2026-09-24,1661.177979,10.000000,1981.114380,50.000000,0.000000,0.000000,-0.000000,0.000000,0.000000,1711.198975,50.000000,0.000000,0.000000,-0.000000,0.000000,0.000000,1665.038452,50.000000,0.000000,0.000000,-0.000000,0.000000,0.000000,0.000000,254359.656250,20296.269531,234063.390625,-707586.062500,-473522.687500
ml,p5,352,2026-09-25,1673.029541,10.000000,1981.114380,50.000000,0.000000,0.000000,-0.000000,0.000000,0.000000,1711.198975,50.000000,0.000000,0.000000,-0.000000,0.000000,0.000000,1675.540894,50.000000,0.000000,0.000000,-0.000000,0.000000,0.000000,0.000000,254359.656250,20296.269531,234063.390625,-707586.062500,-473522.687500
ml,p5,352,2026-09-26,1685.060669,10.000000,1981.114380,50.000000,0.000000,0.000000,-0.000000,0.000000,0.000000,1711.198975,50.000000,0.000000,0.000000,-0.000000,0.000000,0.000000,1667.520020,50.000000,0.000000,0.000000,-0.000000,0.000000,0.000000,0.000000,254359.656250,20296.269531,234063.390625,-707586.062500,-473522.687500
ml,p5,352,2026-09-27,1675.649902,10.000000,1981.114380,50.000000,0.000000,0.000000,-0.000000,0.000000,0.000000,1711.198975,50.000000,0.000000,0.000000,-0.000000,0.000000,0.000000,1670.639893,50.000000,0.000000,0.000000,-0.000000,0.000000,0.000000,0.000000,254359.656250,20296.269531,234063.390625,-707586.062500,-473522.687500
ml,p5,352,2026-09-28,1682.749878,10.000000,1981.114380,50.000000,0.000000,0.000000,-0.000000,0.000000,0.000000,1711.198975,50.000000,0.000000,0.000000,-0.000000,0.000000,0.000000,1679.704102,50.000000,0.000000,0.000000,-0.000000,0.000000,0.000000,0.000000,254359.656250,20296.269531,234063.390625,-707586.062500,-473522.687500
ml,p5,352,2026-09-29,1681.892334,10.000000,1981.114380,50.000000,0.000000,0.000000,-0.000000,0.000000,0.000000,1711.198975,50.000000,0.000000,0.000000,-0.000000,0.000000,0.000000,1670.472168,50.000000,0.000000,0.000000,-0.000000,0.000000,0.000000,0.000000,254359.656250,20296.269531,234063.390625,-707586.062500,-473522.687500
ml,p5,352,2026-09-30,1678.792969,10.000000,1981.114380,50.000000,0.000000,0.000000,-0.000000,0.000000,0.000000,1711.198975,50.000000,0.000000,0.000000,-0.000000,0.000000,0.000000,1682.794678,50.000000,0.000000,0.000000,-0.000000,0.000000,0.000000,0.000000,254359.656250,20296.269531,234063.390625,-707586.062500,-473522.687500
ml,p5,352,2026-10-01,1659.037598,10.000000,1981.114380,50.000000,0.000000,0.000000,-0.000000,0.000000,0.000000,1711.198975,50.000000,0.000000,0.000000,-0.000000,0.000000,0.000000,1663.978516,50.000000,0.000000,0.000000,-0.000000,0.000000,0.000000,0.000000,254359.656250,20296.269531,234063.390625,-707586.062500,-473522.687500
ml,p5,352,2026-10-02,1650.628174,10.000000,1981.114380,50.000000,0.000000,0.000000,-0.000000,0.000000,0.000000,1711.198975,50.000000,0.000000,0.000000,-0.000000,0.000000,0.000000,1667.473145,50.000000,0.000000,0.000000,-0.000000,0.000000,0.000000,0.000000,254359.656250,20296.269531,234063.390625,-707586.062500,-473522.687500
ml,p5,352,2026-10-03,1662.126343,10.000000,1981.114380,50.000000,0.000000,0.000000,-0.000000,0.000000,0.000000,1711.198975,50.000000,0.000000,0.000000,-0.000000,0.000000,0.000000,1668.104492,50.000000,0.000000,0.000000,-0.000000,0.000000,0.000000,0.000000,254359.656250,20296.269531,234063.390625,-707586.062500,-473522.687500
ml,p5,352,2026-10-04,1663.675903,10.000000,1981.114380,50.000000,0.000000,0.000000,-0.000000,0.000000,0.000000,1711.198975,50.000000,0.000000,0.000000,-0.000000,0.000000,0.000000,1652.236816,50.000000,0.000000,0.000000,-0.000000,0.000000,0.000000,0.000000,254359.656250,20296.269531,234063.390625,-707586.062500,-473522.687500
ml,p5,352,2026-10-05,1668.464722,10.000000,1981.114380,50.000000,0.000000,0.000000,-0.000000,0.000000,0.000000,1711.198975,50.000000,0.000000,0.000000,-0.000000,0.000000,0.000000,1676.442017,50.000000,0.000000,0.000000,-0.000000,0.000000,0.000000,0.000000,254359.656250,20296.269531,234063.390625,-707586.062500,-473522.687500
ml,p5,352,2026-10-06,1663.312622,10.000000,1981.114380,50.000000,0.000000,0.000000,-0.000000,0.000000,0.000000,1711.198975,50.000000,0.000000,0.000000,-0.000000,0.000000,0.000000,1653.254639,50.000000,0.000000,0.000000,-0.000000,0.000000,0.000000,0.000000,254359.656250,20296.269531,234063.390625,-707586.062500,-473522.687500
ml,p5,352,2026-10-07,1679.643433,10.000000,1981.114380,50.000000,0.000000,0.000000,-0.000000,0.000000,0.000000,1711.198975,50.000000,0.000000,0.000000,-0.000000,0.000000,0.000000,1673.659058,50.000000,0.000000,0.000000,-0.000000,0.000000,0.000000,0.000000,254359.656250,20296.269531,234063.390625,-707586.062500,-473522.687500
ml,p5,352,2026-10-08,1678.309570,10.000000,1981.114380,50.000000,0.000000,0.000000,-0.000000,0.000000,0.000000,1711.198975,50.000000,0.000000,0.000000,-0.000000,0.000000,0.000000,1685.812378,50.000000,0.000000,0.000000,-0.000000,0.000000,0.000000,0.000000,254359.656250,20296.269531,234063.390625,-707586.062500,-473522.687500
ml,p5,352,2026-10-09,1675.938354,10.000000,1981.114380,50.000000,0.000000,0.000000,-0.000000,0.000000,0.000000,1711.198975,50.000000,0.000000,0.000000,-0.000000,0.000000,0.000000,1653.288208,50.000000,0.000000,0.000000,-0.000000,0.000000,0.000000,0.000000,254359.656250,20296.269531,234063.390625,-707586.062500,-473522.687500
ml,p5,352,2026-10-10,1663.279175,10.000000,1981.114380,50.000000,0.000000,0.000000,-0.000000,0.000000,0.000000,1711.198975,50.000000,0.000000,0.000000,-0.000000,0.000000,0.000000,1653.701416,50.000000,0.000000,0.000000,-0.000000,0.000000,0.000000,0.000000,254359.656250,20296.269531,234063.390625,-707586.062500,-473522.687500
ml,p5,352,2026-10-11,1673.446899,10.000000,1981.114380,50.000000,0.000000,0.000000,-0.000000,0.000000,0.000000,1711.198975,50.000000,0.000000,0.000000,-0.000000,0.000000,0.000000,1686.726685,50.000000,0.000000,0.000000,-0.000000,0.000000,0.000000,0.000000,254359.656250,20296.269531,234063.390625,-707586.062500,-473522.687500
ml,p5,352,2026-10-12,1657.492432,10.000000,1981.114380,50.000000,0.000000,0.000000,-0.000000,0.000000,0.000000,1711.198975,50.000000,0.000000,0.000000,-0.000000,0.000000,0.000000,1654.609985,50.000000,0.000000,0.000000,-0.000000,0.000000,0.000000,0.000000,254359.656250,20296.269531,234063.390625,-707586.062500,-473522.687500
ml,p5,352,2026-10-13,1670.374390,10.000000,1981.114380,50.000000,0.000000,0.000000,-0.000000,0.000000,0.000000,1711.198975,50.000000,0.000000,0.000000,-0.000000,0.000000,0.000000,1685.953491,50.000000,0.000000,0.000000,-0.000000,0.000000,0.000000,0.000000,254359.656250,20296.269531,234063.390625,-707586.062500,-473522.687500
ml,p5,352,2026-10-14,1688.631958,10.000000,1981.114380,50.000000,0.000000,0.000000,-0.000000,0.000000,0.000000,1711.198975,50.000000,0.000000,0.000000,-0.000000,0.000000,0.000000,1701.628052,50.000000,0.000000,0.000000,-0.000000,0.000000,0.000000,0.000000,254359.656250,20296.269531,234063.390625,-707586.062500,-473522.687500
ml,p5,352,2026-10-15,1695.611328,10.000000,1981.114380,50.000000,0.000000,0.000000,-0.000000,0.000000,0.000000,1711.198975,50.000000,0.000000,0.000000,-0.000000,0.000000,0.000000,1696.197510,50.000000,0.000000,0.000000,-0.000000,0.000000,0.000000,0.000000,254359.656250,20296.269531,234063.390625,-707586.062500,-473522.687500
ml,p5,352,2026-10-16,1718.184082,10.000000,1981.114380,50.000000,0.000000,0.000000,-0.000000,0.000000,0.000000,1711.198975,50.000000,0.000000,0.000000,-0.000000,0.000000,0.000000,1760.675903,50.000000,0.000000,0.000000,-0.000000,0.000000,0.000000,0.000000,254359.656250,20296.269531,234063.390625,-707586.062500,-473522.687500
ml,p5,352,2026-10-17,1751.339600,10.000000,1981.114380,50.000000,0.000000,0.000000,-0.000000,0.000000,0.000000,1711.198975,50.000000,0.000000,0.000000,-0.000000,0.000000,0.000000,1786.264526,50.000000,0.000000,0.000000,-0.000000,0.000000,0.000000,0.000000,254359.656250,20296.269531,234063.390625,-707586.062500,-473522.687500
ml,p5,352,2026-10-18,1745.505249,10.000000,1981.114380,50.000000,0.000000,0.000000,-0.000000,0.000000,0.000000,1711.198975,50.000000,0.000000,0.000000,-0.000000,0.000000,0.000000,1762.911499,50.000000,0.000000,0.000000,-0.000000,0.000000,0.000000,0.000000,254359.656250,20296.269531,234063.390625,-707586.062500,-473522.687500
ml,p5,352,2026-10-19,1710.893066,10.000000,1981.114380,50.000000,0.000000,0.000000,-0.000000,0.000000,0.000000,1711.198975,50.000000,0.000000,0.000000,-0.000000,0.000000,0.000000,1708.988892,50.000000,0.000000,0.000000,-0.000000,0.000000,0.000000,0.000000,254359.656250,20296.269531,234063.390625,-707586.062500,-473522.687500
ml,p5,352,2026-10-20,1657.356445,10.000000,1981.114380,50.000000,0.000000,0.000000,-0.000000,0.000000,0.000000,1711.198975,50.000000,0.000000,0.000000,-0.000000,0.000000,0.000000,1650.129272,50.000000,0.000000,0.000000,-0.000000,0.000000,0.000000,0.000000,254359.656250,20296.269531,234063.390625,-707586.062500,-473522.687500
ml,p5,352,2026-10-21,1654.100464,10.000000,1981.114380,50.000000,0.000000,0.000000,-0.000000,0.000000,0.000000,1711.198975,50.000000,0.000000,0.000000,-0.000000,0.000000,0.000000,1648.705078,50.000000,0.000000,0.000000,-0.000000,0.000000,0.000000,0.000000,254359.656250,20296.269531,234063.390625,-707586.062500,-473522.687500
ml,p5,352,2026-10-22,1676.892944,10.000000,1981.114380,50.000000,0.000000,0.000000,-0.000000,0.000000,0.000000,1711.198975,50.000000,0.000000,0.000000,-0.000000,0.000000,0.000000,1664.629150,50.000000,0.000000,0.000000,-0.000000,0.000000,0.000000,0.000000,254359.656250,20296.269531,234063.390625,-707586.062500,-473522.687500
ml,p5,352,2026-10-23,1673.873047,10.000000,1981.114380,50.000000,0.000000,0.000000,-0.000000,0.000000,0.000000,1711.198975,50.000000,0.000000,0.000000,-0.000000,0.000000,0.000000,1661.886353,50.000000,0.000000,0.000000,-0.000000,0.000000,0.000000,0.000000,254359.656250,20296.269531,234063.390625,-707586.062500,-473522.687500
ml,p5,352,2026-10-24,1698.912476,10.000000,1981.114380,50.000000,0.000000,0.000000,-0.000000,0.000000,0.000000,1711.198975,50.000000,0.000000,0.000000,-0.000000,0.000000,0.000000,1708.518555,50.000000,0.000000,0.000000,-0.000000,0.000000,0.000000,0.000000,254359.656250,20296.269531,234063.390625,-707586.062500,-473522.687500
ml,p5,352,2026-10-25,1692.474731,10.000000,1981.114380,50.000000,0.000000,0.000000,-0.000000,0.000000,0.000000,1711.198975,50.000000,0.000000,0.000000,-0.000000,0.000000,0.000000,1688.185425,50.000000,0.000000,0.000000,-0.000000,0.000000,0.000000,0.000000,254359.656250,20296.269531,234063.390625,-707586.062500,-473522.687500
ml,p5,352,2026-10-26,1703.069458,10.000000,1981.114380,50.000000,0.000000,0.000000,-0.000000,0.000000,0.000000,1711.198975,50.000000,0.000000,0.000000,-0.000000,0.000000,0.000000,1701.923584,50.000000,0.000000,0.000000,-0.000000,0.000000,0.000000,0.000000,254359.656250,20296.269531,234063.390625,-707586.062500,-473522.687500
ml,p5,352,2026-10-27,1687.715088,10.000000,1981.114380,50.000000,0.000000,0.000000,-0.000000,0.000000,0.000000,1711.198975,50.000000,0.000000,0.000000,-0.000000,0.000000,0.000000,1694.524658,50.000000,0.000000,0.000000,-0.000000,0.000000,0.000000,0.000000,254359.656250,20296.269531,234063.390625,-707586.062500,-473522.687500
ml,p5,352,2026-10-28,1707.700439,10.000000,1981.114380,50.000000,0.000000,0.000000,-0.000000,0.000000,0.000000,1711.198975,50.000000,0.000000,0.000000,-0.000000,0.000000,0.000000,1728.128540,50.000000,0.000000,0.000000,-0.000000,0.000000,0.000000,0.000000,254359.656250,20296.269531,234063.390625,-707586.062500,-473522.687500
ml,p5,352,2026-10-29,1734.386963,10.000000,1981.114380,50.000000,0.000000,0.000000,-0.000000,0.000000,0.000000,1711.198975,50.000000,0.000000,0.000000,-0.000000,0.000000,0.000000,1773.346069,50.000000,0.000000,0.000000,-0.000000,0.000000,0.000000,0.000000,254359.656250,20296.269531,234063.390625,-707586.062500,-473522.687500
ml,p5,352,2026-10-30,1760.765747,10.000000,1981.114380,50.000000,0.000000,0.000000,-0.000000,0.000000,0.000000,1711.198975,50.000000,0.000000,0.000000,-0.000000,0.000000,0.000000,1773.346069,50.000000,0.000000,0.000000,-0.000000,0.000000,0.000000,0.000000,254359.656250,20296.269531,234063.390625,-707586.062500,-473522.687500
ml,p95,2608,2026-04-10,2055.000244,10.000000,2026.171509,50.000000,-1.000000,-1.000000,101308.578125,50.654285,-101308.578125,2047.068848,50.000000,-1.000000,-1.000000,102353.445312,51.176720,-102353.445312,2070.749756,50.000000,-1.000000,-1.000000,103537.484375,51.768742,-103537.484375,-307199.500000,307199.500000,153.599747,-153.599747,29559.361328,29405.761719
ml,p95,2608,2026-04-11,2042.784912,10.000000,2060.046631,50.000000,-1.000000,0.000000,-0.000000,0.000000,-103002.328125,2081.095215,50.000000,-1.000000,0.000000,-0.000000,0.000000,-104054.757812,2105.299072,50.000000,-1.000000,0.000000,-0.000000,0.000000,-105264.953125,-312322.062500,307199.500000,153.599747,-5276.162109,2827.897217,-2448.264893
ml,p95,2608,2026-04-12,2020.963257,10.000000,2016.234985,50.000000,-1.000000,0.000000,-0.000000,0.000000,-100811.750000,2039.078491,50.000000,-1.000000,0.000000,-0.000000,0.000000,-101953.921875,2063.428711,50.000000,-1.000000,0.000000,-0.000000,0.000000,-103171.437500,-305937.125000,307199.500000,153.599747,1108.775269,-50758.621094,-49649.847656
ml,p95,2608,2026-04-13,2056.289307,10.000000,2051.153076,50.000000,-2.000000,-1.000000,102557.656250,51.278828,-205115.312500,2076.543213,50.000000,-2.000000,-1.000000,103827.164062,51.913578,-207654.328125,2101.708740,50.000000,-2.000000,-1.000000,105085.437500,52.542717,-210170.875000,-622940.500000,618669.750000,309.334869,-4580.084961,45128.082031,40547.996094
ml,p95,2608,2026-04-14,2045.264526,10.000000,2046.595337,50.000000,-2.000000,0.000000,-0.000000,0.000000,-204659.531250,2071.366699,50.000000,-3.000000,-1.000000,103568.335938,51.784168,-310705.000000,2095.260986,50.000000,-3.000000,-1.000000,104763.046875,52.381523,-314289.156250,-829653.687500,827001.125000,413.500549,-3066.062988,16318.608398,13252.544922
ml,p95,2608,2026-04-15,2020.488159,10.000000,2030.801147,50.000000,-3.000000,-1.000000,101540.054688,50.770027,-304620.156250,2056.438477,50.000000,-4.000000,-1.000000,102821.921875,51.410961,-411287.687500,2082.227783,50.000000,-6.000000,-3.000000,312334.187500,156.167068,-624668.375000,-1340576.250000,1343697.250000,671.848633,2449.151367,-39632.386719,-37183.234375
ml,p95,2608,2026-04-16,2011.894287,10.000000,2007.689331,50.000000,-4.000000,-1.000000,100384.468750,50.192234,-401537.875000,2030.716553,50.000000,-7.000000,-3.000000,304607.468750,152.303726,-710750.750000,2054.364258,50.000000,-9.000000,-3.000000,308154.625000,154.077316,-924463.875000,-2036752.500000,2056843.750000,1028.421875,19062.828125,-63269.683594,-44206.855469
ml,p95,2608,2026-04-17,1972.355225,10.000000,1972.662476,50.000000,-5.000000,-1.000000,98633.125000,49.316563,-493165.625000,1995.981323,50.000000,-9.000000,-2.000000,199598.125000,99.799057,-898191.625000,2019.685913,50.000000,-11.000000,-2.000000,201968.593750,100.984299,-1110827.250000,-2502184.500000,2557043.500000,1278.521851,53580.476562,-154151.078125,-100570.601562
ml,p95,2608,2026-04-18,1978.978027,10.000000,1965.852905,50.000000,-5.000000,0.000000,-0.000000,0.000000,-491463.218750,1988.661377,50.000000,-9.000000,0.000000,-0.000000,0.000000,-894897.625000,2010.905762,50.000000,-11.000000,0.000000,-0.000000,0.000000,-1105998.125000,-2492359.000000,2557043.500000,1278.521851,63405.976562,-136751.578125,-73345.601562
ml,p95,2608,2026-04-19,1970.123901,10.000000,1967.509521,50.000000,-5.000000,0.000000,-0.000000,0.000000,-491877.406250,1990.910156,50.000000,-9.000000,0.000000,-0.000000,0.000000,-895909.562500,2013.804565,50.000000,-11.000000,0.000000,-0.000000,0.000000,-1107592.500000,-2495379.500000,2557043.500000,1278.521851,60385.476562,-154704.562500,-94319.085938
ml,p95,2608,2026-04-20,2011.180786,10.000000,2016.058472,50.000000,-5.000000,0.000000,-0.000000,0.000000,-504014.593750,2038.736694,50.000000,-8.000000,1.000000,-101936.835938,50.968418,-815494.687500,2061.708252,50.000000,-14.000000,-3.000000,309256.250000,154.628113,-1443195.750000,-2762705.000000,2764363.000000,1484.118408,173.881592,-51304.074219,-51130.191406
ml,p95,2608,2026-04-21,2020.510376,10.000000,2032.118530,50.000000,-5.000000,0.000000,-0.000000,0.000000,-508029.625000,2056.162109,50.000000,-7.000000,1.000000,-102808.109375,51.404057,-719656.750000,2080.136230,50.000000,-12.000000,2.000000,-208013.625000,104.006813,-1248081.750000,-2475768.000000,2453541.500000,1639.529297,-23866.029297,-23284.484375,-47150.515625
ml,p95,2608,2026-04-22,2009.748413,10.000000,2022.199951,50.000000,-5.000000,0.000000,-0.000000,0.000000,-505550.000000,2046.349854,50.000000,-8.000000,-1.000000,102317.492188,51.158745,-818539.937500,2069.541748,50.000000,-10.000000,2.000000,-206954.171875,103.477081,-1034770.875000,-2358861.000000,2348904.750000,1794.165039,-11750.415039,-44991.414062,-56741.828125
ml,p95,2608,2026-04-23,2009.407349,10.000000,2021.636353,50.000000,-5.000000,0.000000,-0.000000,0.000000,-505409.093750,2044.913208,50.000000,-7.000000,1.000000,-102245.664062,51.122829,-715719.625000,2067.313477,50.000000,-9.000000,1.000000,-103365.671875,51.682835,-930291.000000,-2151419.750000,2143293.500000,1896.970703,-10023.220703,-46448.859375,-56472.078125
ml,p95,2608,2026-04-24,2031.538086,10.000000,2044.678223,50.000000,-5.000000,0.000000,-0.000000,0.000000,-511169.531250,2067.816406,50.000000,-10.000000,-3.000000,310172.468750,155.086227,-1033908.187500,2090.019043,50.000000,-12.000000,-3.000000,313502.843750,156.751419,-1254011.375000,-2799089.000000,2766968.750000,2208.808350,-34329.058594,11737.298828,-22591.759766
ml,p95,2608,2026-04-25,2009.276001,10.000000,2023.816895,50.000000,-5.000000,0.000000,-0.000000,0.000000,-505954.187500,2046.228149,50.000000,-10.000000,0.000000,-0.000000,0.000000,-1023114.062500,2067.991699,50.000000,-12.000000,0.000000,-0.000000,0.000000,-1240795.000000,-2769863.250000,2766968.750000,2208.808350,-5103.308594,-40709.003906,-45812.312500
ml,p95,2608,2026-04-26,2038.407349,10.000000,2052.249023,50.000000,-5.000000,0.000000,-0.000000,0.000000,-513062.250000,2073.565186,50.000000,-10.000000,0.000000,-0.000000,0.000000,-1036782.625000,2094.814209,50.000000,-12.000000,0.000000,-0.000000,0.000000,-1256888.500000,-2806733.500000,2766968.750000,2208.808350,-41973.558594,34970.636719,-7002.921875
ml,p95,2608,2026-04-27,2038.459717,10.000000,2041.909790,50.000000,-5.000000,0.000000,-0.000000,0.000000,-510477.437500,2061.066895,50.000000,-9.000000,1.000000,-103053.343750,51.526672,-927480.062500,2081.289551,50.000000,-10.000000,2.000000,-208128.953125,104.064476,-1040644.750000,-2478602.250000,2455786.500000,2364.399414,-25180.148438,43768.304688,18588.156250
ml,p95,2608,2026-04-28,2067.532227,10.000000,2061.884033,50.000000,-5.000000,0.000000,-0.000000,0.000000,-515471.000000,2081.297363,50.000000,-8.000000,1.000000,-104064.867188,52.032433,-832518.937500,2101.233398,50.000000,-9.000000,1.000000,-105061.671875,52.530838,-945555.062500,-2293545.000000,2246660.000000,2468.962891,-49353.960938,125479.195312,76125.234375
ml,p95,2608,2026-04-29,2037.004272,10.000000,2031.732910,50.000000,-4.000000,1.000000,-101586.648438,50.793324,-406346.593750,2052.141846,50.000000,-7.000000,1.000000,-102607.093750,51.303547,-718249.687500,2071.858154,50.000000,-12.000000,-3.000000,310778.718750,155.389359,-1243114.875000,-2367711.000000,2353245.000000,2726.448975,-17192.449219,55235.449219,38043.000000
ml,p95,2608,2026-04-30,2030.869019,10.000000,2031.732910,50.000000,-4.000000,0.000000,-0.000000,0.000000,-406346.593750,2037.798706,50.000000,-6.000000,1.000000,-101889.937500,50.944969,-611339.625000,2057.260986,50.000000,-10.000000,2.000000,-205726.093750,102.863045,-1028630.500000,-2046316.750000,2045628.750000,2880.257080,-3568.257080,35132.109375,31563.851562
ml,p95,2608,2026-05-01,2041.463501,10.000000,2031.732910,50.000000,-4.000000,0.000000,-0.000000,0.000000,-406346.593750,2069.246338,50.000000,-9.000000,-3.000000,310386.968750,155.193481,-931160.812500,2089.272949,50.000000,-8.000000,2.000000,-208927.296875,104.463646,-835709.187500,-2173216.500000,2147088.500000,3139.914062,-29267.914062,62454.019531,33186.105469
ml,p95,2608,2026-05-02,2003.628296,10.000000,2031.732910,50.000000,-4.000000,0.000000,-0.000000,0.000000,-406346.593750,2010.444824,50.000000,-9.000000,0.000000,-0.000000,0.000000,-904700.187500,2029.706665,50.000000,-8.000000,0.000000,-0.000000,0.000000,-811882.687500,-2122929.500000,2147088.500000,3139.914062,21019.085938,-33475.558594,-12456.472656
ml,p95,2608,2026-05-03,2030.180542,10.000000,2031.732910,50.000000,-4.000000,0.000000,-0.000000,0.000000,-406346.593750,2028.886108,50.000000,-9.000000,0.000000,-0.000000,0.000000,-912998.750000,2048.963135,50.000000,-8.000000,0.000000,-0.000000,0.000000,-819585.250000,-2138930.500000,2147088.500000,3139.914062,5018.085938,34403.031250,39421.117188
ml,p95,2608,2026-05-04,2034.220337,10.000000,2031.732910,50.000000,-4.000000,0.000000,-0.000000,0.000000,-406346.593750,2064.903076,50.000000,-8.000000,1.000000,-103245.156250,51.622578,-825961.250000,2084.938721,50.000000,-11.000000,-3.000000,312740.812500,156.370392,-1146716.250000,-2379024.000000,2356584.000000,3347.907227,-25787.906250,41725.593750,15937.687500
ml,p95,2608,2026-05-05,2035.652588,10.000000,2031.732910,50.000000,-4.000000,0.000000,-0.000000,0.000000,-406346.593750,2055.670898,50.000000,-11.000000,-3.000000,308350.625000,154.175323,-1130619.000000,2077.354004,50.000000,-9.000000,2.000000,-207735.406250,103.867699,-934809.250000,-2471775.000000,2457199.500000,3605.950195,-18181.449219,44881.519531,26700.070312
ml,p95,2608,2026-05-06,2053.063965,10.000000,2031.732910,50.000000,-4.000000,0.000000,-0.000000,0.000000,-406346.593750,2073.823975,50.000000,-9.000000,2.000000,-207382.390625,103.691193,-933220.812500,2095.505371,50.000000,-12.000000,-3.000000,314325.812500,157.162888,-1257303.250000,-2596870.500000,2564142.750000,3866.804199,-36594.554688,86236.953125,49642.398438
ml,p95,2608,2026-05-07,2070.961670,10.000000,2031.732910,50.000000,-4.000000,0.000000,-0.000000,0.000000,-406346.593750,2081.125488,50.000000,-8.000000,1.000000,-104056.273438,52.028137,-832450.187500,2102.326660,50.000000,-9.000000,3.000000,-315349.000000,157.674500,-946047.000000,-2184843.750000,2144737.500000,4076.506836,-44182.757812,126002.085938,81819.328125
ml,p95,2608,2026-05-08,2056.346191,10.000000,2031.732910,50.000000,-4.000000,0.000000,-0.000000,0.000000,-406346.593750,2072.072510,50.000000,-11.000000,-3.000000,310810.875000,155.405426,-1139639.875000,2093.742432,50.000000,-12.000000,-3.000000,314061.375000,157.030685,-1256245.500000,-2802232.000000,2769609.750000,4388.942871,-37011.191406,81076.226562,44065.035156
ml,p95,2608,2026-05-09,2039.641113,10.000000,2031.732910,50.000000,-4.000000,0.000000,-0.000000,0.000000,-406346.593750,2064.065674,50.000000,-11.000000,0.000000,-0.000000,0.000000,-1135236.125000,2085.989990,50.000000,-12.000000,0.000000,-0.000000,0.000000,-1251594.000000,-2793176.750000,2769609.750000,4388.942871,-27955.943359,43499.566406,15543.623047
ml,p95,2608,2026-05-10,2090.685791,10.000000,2031.732910,50.000000,-4.000000,0.000000,-0.000000,0.000000,-406346.593750,2138.528076,50.000000,-11.000000,0.000000,-0.000000,0.000000,-1176190.375000,2161.236084,50.000000,-12.000000,0.000000,-0.000000,0.000000,-1296741.625000,-2879278.500000,2769609.750000,4388.942871,-114057.695312,171415.093750,57357.398438
ml,p95,2608,2026-05-11,2107.953613,10.000000,2031.732910,50.000000,-3.000000,1.000000,-101586.648438,50.793324,-304759.937500,2135.479980,50.000000,-9.000000,2.000000,-213548.000000,106.773994,-960966.000000,2158.681641,50.000000,-9.000000,3.000000,-323802.250000,161.901108,-971406.750000,-2237132.750000,2130673.000000,4708.411621,-111168.164062,211868.343750,100700.179688
ml,p95,2608,2026-05-12,2082.774414,10.000000,2031.732910,50.000000,-3.000000,0.000000,-0.000000,0.000000,-304759.937500,2109.145020,50.000000,-12.000000,-3.000000,316371.750000,158.185867,-1265487.000000,2137.592773,50.000000,-12.000000,-3.000000,320638.906250,160.319443,-1282555.625000,-2852802.500000,2767683.500000,5026.916504,-90145.914062,147603.718750,57457.804688
ml,p95,2608,2026-05-13,2100.379395,10.000000,2031.732910,50.000000,-3.000000,0.000000,-0.000000,0.000000,-304759.937500,2107.578613,50.000000,-9.000000,3.000000,-316136.781250,158.068390,-948410.375000,2130.401367,50.000000,-9.000000,3.000000,-319560.218750,159.780106,-958680.687500,-2211851.000000,2131986.500000,5344.765625,-85209.265625,195465.171875,110255.906250
ml,p95,2608,2026-05-14,2087.203613,10.000000,2031.732910,50.000000,-3.000000,0.000000,-0.000000,0.000000,-304759.937500,2075.021240,50.000000,-12.000000,-3.000000,311253.187500,155.626587,-1245012.750000,2101.695312,50.000000,-12.000000,-3.000000,315254.312500,157.627136,-1261017.250000,-2810790.000000,2758494.000000,5658.018555,-57954.019531,163861.000000,105906.984375
ml,p95,2608,2026-05-15,2114.862305,10.000000,2031.732910,50.000000,-3.000000,0.000000,-0.000000,0.000000,-304759.937500,2107.941650,50.000000,-9.000000,3.000000,-316191.250000,158.095627,-948573.750000,2138.196533,50.000000,-9.000000,3.000000,-320729.500000,160.364731,-962188.500000,-2215522.250000,2121573.250000,5976.479492,-99925.476562,234249.250000,134323.781250
ml,p95,2608,2026-05-16,2163.134766,10.000000,2031.732910,50.000000,-3.000000,0.000000,-0.000000,0.000000,-304759.937500,2187.907471,50.000000,-9.000000,0.000000,-0.000000,0.000000,-984558.375000,2217.904785,50.000000,-9.000000,0.000000,-0.000000,0.000000,-998057.125000,-2287375.500000,2121573.250000,5976.479492,-171778.734375,351643.250000,179864.515625
ml,p95,2608,2026-05-17,2202.472168,10.000000,2031.732910,50.000000,-3.000000,0.000000,-0.000000,0.000000,-304759.937500,2238.239014,50.000000,-9.000000,0.000000,-0.000000,0.000000,-1007207.500000,2268.502930,50.000000,-9.000000,0.000000,-0.000000,0.000000,-1020826.375000,-2332794.000000,2121573.250000,5976.479492,-217197.234375,447494.250000,230297.015625
ml,p95,2608,2026-05-18,2166.313965,10.000000,2031.732910,50.000000,-3.000000,0.000000,-0.000000,0.000000,-304759.937500,2210.649170,50.000000,-12.000000,-3.000000,331597.375000,165.798691,-1326389.500000,2242.708496,50.000000,-12.000000,-3.000000,336406.281250,168.203125,-1345625.125000,-2976774.500000,2789577.000000,6310.480957,-193507.984375,352377.593750,158869.609375
ml,p95,2608,2026-05-19,2167.375977,10.000000,2031.732910,50.000000,-3.000000,0.000000,-0.000000,0.000000,-304759.937500,2206.570312,50.000000,-9.000000,3.000000,-330985.562500,165.492767,-992956.625000,2236.264893,50.000000,-9.000000,3.000000,-335439.750000,167.719849,-1006319.250000,-2304035.750000,2123151.500000,6643.693848,-187527.937500,355432.093750,167904.156250
ml,p95,2608,2026-05-20,2158.485840,10.000000,2031.732910,50.000000,-3.000000,0.000000,-0.000000,0.000000,-304759.937500,2236.564697,50.000000,-7.000000,2.000000,-223656.468750,111.828232,-782797.625000,2266.395752,50.000000,-12.000000,-3.000000,339959.375000,169.979675,-1359837.500000,-2447395.000000,2239454.500000,6925.501465,-214866.000000,330026.062500,115160.062500
ml,p95,2608,2026-05-21,2219.226807,10.000000,2031.732910,50.000000,-3.000000,0.000000,-0.000000,0.000000,-304759.937500,2271.762207,50.000000,-10.000000,-3.000000,340764.343750,170.382172,-1135881.000000,2302.175537,50.000000,-9.000000,3.000000,-345326.312500,172.663162,-1035979.000000,-2476620.000000,2234892.500000,7268.546875,-248996.046875,476389.031250,227392.984375
ml,p95,2608,2026-05-22,2209.501953,10.000000,2031.732910,50.000000,-3.000000,0.000000,-0.000000,0.000000,-304759.937500,2239.431152,50.000000,-8.000000,2.000000,-223943.109375,111.971550,-895772.437500,2268.156738,50.000000,-12.000000,-3.000000,340223.500000,170.111755,-1360894.000000,-2561426.500000,2351173.000000,7550.630371,-217804.125000,449815.281250,232011.156250
ml,p95,2608,2026-05-23,2202.373535,10.000000,2031.732910,50.000000,-3.000000,0.000000,-0.000000,0.000000,-304759.937500,2266.598877,50.000000,-8.000000,0.000000,-0.000000,0.000000,-906639.562500,2294.119385,50.000000,-12.000000,0.000000,-0.000000,0.000000,-1376471.625000,-2587871.000000,2351173.000000,7550.630371,-244248.625000,434740.343750,190491.718750
ml,p95,2608,2026-05-24,2231.043213,10.000000,2031.732910,50.000000,-3.000000,0.000000,-0.000000,0.000000,-304759.937500,2265.405762,50.000000,-8.000000,0.000000,-0.000000,0.000000,-906162.312500,2294.042236,50.000000,-12.000000,0.000000,-0.000000,0.000000,-1376425.375000,-2587347.500000,2351173.000000,7550.630371,-243725.125000,502202.343750,258477.218750
ml,p95,2608,2026-05-25,2263.972656,10.000000,2031.732910,50.000000,-3.000000,0.000000,-0.000000,0.000000,-304759.937500,2309.554932,50.000000,-8.000000,0.000000,-0.000000,0.000000,-923822.000000,2341.229004,50.000000,-12.000000,0.000000,-0.000000,0.000000,-1404737.375000,-2633319.500000,2351173.000000,7550.630371,-289697.125000,585672.750000,295975.625000
ml,p95,2608,2026-05-26,2275.449463,10.000000,2031.732910,50.000000,-3.000000,0.000000,-0.000000,0.000000,-304759.937500,2292.614746,50.000000,-11.000000,-3.000000,343892.218750,171.946106,-1260938.125000,2324.109131,50.000000,-9.000000,3.000000,-348616.343750,174.308167,-1045849.125000,-2611547.000000,2346448.750000,7896.884766,-272995.125000,615975.125000,342980.000000
ml,p95,2608,2026-05-27,2269.871338,10.000000,2031.732910,50.000000,-3.000000,0.000000,-0.000000,0.000000,-304759.937500,2282.791992,50.000000,-8.000000,3.000000,-342418.812500,171.209396,-913116.812500,2316.428223,50.000000,-12.000000,-3.000000,347464.218750,173.732117,-1389856.875000,-2607733.500000,2351494.250000,8241.826172,-264481.062500,601835.937500,337354.875000
ml,p95,2608,2026-05-28,2270.842529,10.000000,2031.732910,50.000000,-3.000000,0.000000,-0.000000,0.000000,-304759.937500,2284.215332,50.000000,-5.000000,3.000000,-342632.312500,171.316147,-571053.812500,2317.929443,50.000000,-9.000000,3.000000,-347689.406250,173.844696,-1043068.250000,-1918882.000000,1661172.500000,8586.986328,-266296.500000,603651.750000,337355.250000
ml,p95,2608,2026-05-29,2279.180420,10.000000,2031.732910,50.000000,-3.000000,0.000000,-0.000000,0.000000,-304759.937500,2294.395264,50.000000,-8.000000,-3.000000,344159.281250,172.079636,-917758.125000,2322.348633,50.000000,-6.000000,3.000000,-348352.281250,174.176132,-696704.562500,-1919222.500000,1656979.500000,8933.242188,-271176.250000,624734.875000,353558.625000
ml,p95,2608,2026-05-30,2319.245361,10.000000,2031.732910,50.000000,-3.000000,0.000000,-0.000000,0.000000,-304759.937500,2337.672852,50.000000,-8.000000,0.000000,-0.000000,0.000000,-935069.125000,2364.441406,50.000000,-6.000000,0.000000,-0.000000,0.000000,-709332.437500,-1949161.500000,1656979.500000,8933.242188,-301115.250000,722847.000000,421731.750000
ml,p95,2608,2026-05-31,2273.251953,10.000000,2031.732910,50.000000,-3.000000,0.000000,-0.000000,0.000000,-304759.937500,2294.266602,50.000000,-8.000000,0.000000,-0.000000,0.000000,-917706.625000,2320.380127,50.000000,-6.000000,0.000000,-0.000000,0.000000,-696114.062500,-1918580.500000,1656979.500000,8933.242188,-270534.250000,610199.312500,339665.062500
ml,p95,2608,2026-06-01,2282.827148,10.000000,2031.732910,50.000000,-3.000000,0.000000,-0.000000,0.000000,-304759.937500,2316.099121,50.000000,-5.000000,3.000000,-347414.875000,173.707428,-579024.812500,2343.862793,50.000000,-9.000000,-3.000000,351579.406250,175.789703,-1054738.250000,-1938523.000000,1661144.000000,9282.740234,-286661.750000,634727.062500,348065.312500
ml,p95,2608,2026-06-02,2294.885254,10.000000,2031.732910,50.000000,-3.000000,0.000000,-0.000000,0.000000,-304759.937500,2337.446533,50.000000,-8.000000,-3.000000,350617.000000,175.308487,-934978.625000,2365.329834,50.000000,-6.000000,3.000000,-354799.468750,177.399734,-709598.937500,-1949337.500000,1656961.500000,9635.447266,-302011.437500,664772.125000,362760.687500
ml,p95,2608,2026-06-03,2257.954834,10.000000,2031.732910,50.000000,-3.000000,0.000000,-0.000000,0.000000,-304759.937500,2254.295166,50.000000,-11.000000,-3.000000,338144.281250,169.072144,-1239862.250000,2276.324219,50.000000,-9.000000,-3.000000,341448.625000,170.724304,-1024345.875000,-2568968.000000,2336554.500000,9975.244141,-242388.750000,567817.500000,325428.750000
ml,p95,2608,2026-06-04,2251.756104,10.000000,2031.732910,50.000000,-3.000000,0.000000,-0.000000,0.000000,-304759.937500,2257.221436,50.000000,-8.000000,3.000000,-338583.187500,169.291595,-902888.562500,2284.125244,50.000000,-12.000000,-3.000000,342618.812500,171.309387,-1370475.250000,-2578123.750000,2340590.000000,10315.845703,-247849.593750,550683.562500,302833.968750
ml,p95,2608,2026-06-05,2228.625488,10.000000,2031.732910,50.000000,-3.000000,0.000000,-0.000000,0.000000,-304759.937500,2239.292236,50.000000,-11.000000,-3.000000,335893.843750,167.946915,-1231610.750000,2262.175049,50.000000,-9.000000,3.000000,-339326.281250,169.663116,-1017978.812500,-2554349.500000,2337157.750000,10653.455078,-227845.203125,492893.812500,265048.625000
ml,p95,2608,2026-06-06,2246.018066,10.000000,2031.732910,50.000000,-3.000000,0.000000,-0.000000,0.000000,-304759.937500,2237.428223,50.000000,-11.000000,0.000000,-0.000000,0.000000,-1230585.500000,2258.059814,50.000000,-9.000000,0.000000,-0.000000,0.000000,-1016126.937500,-2551472.500000,2337157.750000,10653.455078,-224968.203125,531065.687500,306097.500000
ml,p95,2608,2026-06-07,2278.503418,10.000000,2031.732910,50.000000,-3.000000,0.000000,-0.000000,0.000000,-304759.937500,2274.006348,50.000000,-11.000000,0.000000,-0.000000,0.000000,-1250703.500000,2296.452148,50.000000,-9.000000,0.000000,-0.000000,0.000000,-1033403.500000,-2588867.000000,2337157.750000,10653.455078,-262362.718750,608347.375000,345984.656250
ml,p95,2608,2026-06-08,2301.581055,10.000000,2031.732910,50.000000,-3.000000,0.000000,-0.000000,0.000000,-304759.937500,2311.581543,50.000000,-8.000000,3.000000,-346737.218750,173.368607,-924632.625000,2336.854980,50.000000,-6.000000,3.000000,-350528.250000,175.264130,-701056.500000,-1930449.000000,1639892.250000,11002.087891,-301558.843750,663416.312500,361857.468750
ml,p95,2608,2026-06-09,2292.265869,10.000000,2031.732910,50.000000,-3.000000,0.000000,-0.000000,0.000000,-304759.937500,2285.120850,50.000000,-5.000000,3.000000,-342768.125000,171.384048,-571280.250000,2305.282471,50.000000,-9.000000,-3.000000,345792.375000,172.896179,-1037377.125000,-1913417.250000,1642916.500000,11346.368164,-281847.125000,641511.125000,359664.000000
ml,p95,2608,2026-06-10,2314.947510,10.000000,2031.732910,50.000000,-2.000000,1.000000,-101586.648438,50.793324,-203173.296875,2326.942871,50.000000,-8.000000,-3.000000,349041.437500,174.520706,-930777.125000,2347.189209,50.000000,-6.000000,3.000000,-352078.375000,176.039185,-704156.750000,-1838107.125000,1538292.875000,11747.720703,-311561.968750,700477.500000,388915.531250
ml,p95,2608,2026-06-11,2348.520508,10.000000,2031.732910,50.000000,-2.000000,0.000000,-0.000000,0.000000,-203173.296875,2364.081055,50.000000,-5.000000,3.000000,-354612.156250,177.306076,-591020.250000,2387.372803,50.000000,-9.000000,-3.000000,358105.906250,179.052948,-1074317.750000,-1868511.250000,1541786.500000,12104.080078,-338828.843750,784532.187500,445703.343750
ml,p95,2608,2026-06-12,2348.564209,10.000000,2031.732910,50.000000,-2.000000,0.000000,-0.000000,0.000000,-203173.296875,2386.657715,50.000000,-8.000000,-3.000000,357998.656250,178.999329,-954663.062500,2410.387939,50.000000,-6.000000,3.000000,-361558.187500,180.779083,-723116.375000,-1880952.750000,1538227.000000,12463.859375,-355189.625000,786647.437500,431457.812500
ml,p95,2608,2026-06-13,2376.259766,10.000000,2031.732910,50.000000,-2.000000,0.000000,-0.000000,0.000000,-203173.296875,2399.738525,50.000000,-8.000000,0.000000,-0.000000,0.000000,-959895.437500,2426.206543,50.000000,-6.000000,0.000000,-0.000000,0.000000,-727861.937500,-1890930.750000,1538227.000000,12463.859375,-365167.625000,856958.437500,491790.812500
ml,p95,2608,2026-06-14,2386.056152,10.000000,2031.732910,50.000000,-2.000000,0.000000,-0.000000,0.000000,-203173.296875,2408.558838,50.000000,-8.000000,0.000000,-0.000000,0.000000,-963423.562500,2433.192627,50.000000,-6.000000,0.000000,-0.000000,0.000000,-729957.812500,-1896554.750000,1538227.000000,12463.859375,-370791.625000,883511.250000,512719.625000
ml,p95,2608,2026-06-15,2361.791504,10.000000,2031.732910,50.000000,-2.000000,0.000000,-0.000000,0.000000,-203173.296875,2380.870605,50.000000,-5.000000,3.000000,-357130.593750,178.565292,-595217.687500,2399.831787,50.000000,-9.000000,-3.000000,359974.750000,179.987381,-1079924.375000,-1878315.375000,1541071.250000,12822.412109,-350066.531250,821254.062500,471187.531250
ml,p95,2608,2026-06-16,2354.108887,10.000000,2031.732910,50.000000,-2.000000,0.000000,-0.000000,0.000000,-203173.296875,2348.871826,50.000000,-8.000000,-3.000000,352330.750000,176.165390,-939548.750000,2363.497070,50.000000,-6.000000,3.000000,-354524.562500,177.262268,-709049.125000,-1851771.125000,1538877.375000,13175.839844,-326069.593750,801019.375000,474949.781250
ml,p95,2608,2026-06-17,2338.144531,10.000000,2031.732910,50.000000,-2.000000,0.000000,-0.000000,0.000000,-203173.296875,2337.111816,50.000000,-5.000000,3.000000,-350566.781250,175.283401,-584277.937500,2349.972168,50.000000,-9.000000,-3.000000,352495.812500,176.247925,-1057487.500000,-1844938.750000,1540806.500000,13527.371094,-317659.625000,759723.125000,442063.500000
ml,p95,2608,2026-06-18,2371.463867,10.000000,2031.732910,50.000000,-2.000000,0.000000,-0.000000,0.000000,-203173.296875,2385.758789,50.000000,-8.000000,-3.000000,357863.812500,178.931900,-954303.500000,2400.968262,50.000000,-6.000000,3.000000,-360145.250000,180.072617,-720290.500000,-1877767.250000,1538525.000000,13886.375000,-353128.625000,843386.875000,490258.250000
ml,p95,2608,2026-06-19,2362.880615,10.000000,2031.732910,50.000000,-2.000000,0.000000,-0.000000,0.000000,-203173.296875,2377.459229,50.000000,-8.000000,0.000000,-0.000000,0.000000,-950983.687500,2394.105469,50.000000,-6.000000,0.000000,-0.000000,0.000000,-718231.625000,-1872388.625000,1538525.000000,13886.375000,-347750.000000,823962.000000,476212.000000
ml,p95,2608,2026-06-20,2325.155273,10.000000,2031.732910,50.000000,-2.000000,0.000000,-0.000000,0.000000,-203173.296875,2311.997803,50.000000,-8.000000,0.000000,-0.000000,0.000000,-924799.125000,2329.261963,50.000000,-6.000000,0.000000,-0.000000,0.000000,-698778.625000,-1826751.000000,1538525.000000,13886.375000,-302112.375000,729869.000000,427756.625000
ml,p95,2608,2026-06-21,2279.047852,10.000000,2031.732910,50.000000,-2.000000,0.000000,-0.000000,0.000000,-203173.296875,2278.405273,50.000000,-8.000000,0.000000,-0.000000,0.000000,-911362.125000,2295.959961,50.000000,-6.000000,0.000000,-0.000000,0.000000,-688788.000000,-1803323.375000,1538525.000000,13886.375000,-278684.750000,614063.000000,335378.250000
ml,p95,2608,2026-06-22,2305.894043,10.000000,2031.732910,50.000000,-2.000000,0.000000,-0.000000,0.000000,-203173.296875,2329.752930,50.000000,-5.000000,3.000000,-349462.937500,174.731476,-582438.250000,2347.297363,50.000000,-9.000000,-3.000000,352094.593750,176.047287,-1056283.750000,-1841895.250000,1541156.750000,14237.154297,-314975.656250,680661.500000,365685.843750
ml,p95,2608,2026-06-23,2316.883301,10.000000,2031.732910,50.000000,-2.000000,0.000000,-0.000000,0.000000,-203173.296875,2342.739746,50.000000,-8.000000,-3.000000,351410.968750,175.705475,-937095.875000,2364.179443,50.000000,-6.000000,3.000000,-354626.906250,177.313446,-709253.812500,-1849523.000000,1537940.750000,14590.172852,-326172.437500,706029.000000,379856.562500
ml,p95,2608,2026-06-24,2305.845459,10.000000,2031.732910,50.000000,-2.000000,0.000000,-0.000000,0.000000,-203173.296875,2322.493652,50.000000,-5.000000,3.000000,-348374.062500,174.187012,-580623.437500,2341.506104,50.000000,-9.000000,-3.000000,351225.937500,175.612946,-1053677.750000,-1837474.500000,1540792.500000,14939.972656,-311621.968750,677532.500000,365910.531250
ml,p95,2608,2026-06-25,2297.938232,10.000000,2031.732910,50.000000,-2.000000,0.000000,-0.000000,0.000000,-203173.296875,2306.897217,50.000000,-8.000000,-3.000000,346034.562500,173.017288,-922758.875000,2324.459961,50.000000,-6.000000,3.000000,-348669.000000,174.334503,-697338.000000,-1823270.125000,1538158.125000,15287.324219,-300399.312500,656066.437500,355667.125000
ml,p95,2608,2026-06-26,2291.626465,10.000000,2031.732910,50.000000,-2.000000,0.000000,-0.000000,0.000000,-203173.296875,2304.657471,50.000000,-5.000000,3.000000,-345698.625000,172.849304,-576164.375000,2322.093750,50.000000,-9.000000,-3.000000,348314.062500,174.157028,-1044942.187500,-1824279.875000,1540773.500000,15634.331055,-299140.718750,639515.437500,340374.718750
ml,p95,2608,2026-06-27,2323.840820,10.000000,2031.732910,50.000000,-2.000000,0.000000,-0.000000,0.000000,-203173.296875,2365.276611,50.000000,-5.000000,0.000000,-0.000000,0.000000,-591319.125000,2384.113525,50.000000,-9.000000,0.000000,-0.000000,0.000000,-1072851.125000,-1867343.500000,1540773.500000,15634.331055,-342204.343750,720699.750000,378495.406250
ml,p95,2608,2026-06-28,2362.962891,10.000000,2031.732910,50.000000,-2.000000,0.000000,-0.000000,0.000000,-203173.296875,2385.802002,50.000000,-5.000000,0.000000,-0.000000,0.000000,-596450.500000,2400.869629,50.000000,-9.000000,0.000000,-0.000000,0.000000,-1080391.250000,-1880015.000000,1540773.500000,15634.331055,-354875.843750,817797.000000,462921.156250
ml,p95,2608,2026-06-29,2369.118652,10.000000,2031.732910,50.000000,-2.000000,0.000000,-0.000000,0.000000,-203173.296875,2418.718018,50.000000,-2.000000,3.000000,-362807.718750,181.403839,-241871.796875,2431.988037,50.000000,-6.000000,3.000000,-364798.187500,182.399094,-729596.375000,-1174641.500000,813167.687500,15998.133789,-377471.937500,833535.750000,456063.812500
ml,p95,2608,2026-06-30,2370.494873,10.000000,2031.732910,50.000000,-2.000000,0.000000,-0.000000,0.000000,-203173.296875,2404.052002,50.000000,-5.000000,-3.000000,360607.812500,180.303894,-601013.000000,2417.150146,50.000000,-9.000000,-3.000000,362572.500000,181.286255,-1087717.625000,-1891904.000000,1536348.000000,16359.723633,-371915.718750,833554.375000,461638.656250
ml,p95,2608,2026-07-01,2449.817139,10.000000,2031.732910,50.000000,-2.000000,0.000000,-0.000000,0.000000,-203173.296875,2468.570312,50.000000,-2.000000,3.000000,-370285.562500,185.142761,-246857.031250,2480.320068,50.000000,-6.000000,3.000000,-372048.000000,186.024002,-744096.000000,-1194126.250000,794014.437500,16730.890625,-416842.687500,1029933.437500,613090.750000
ml,p95,2608,2026-07-02,2477.099609,10.000000,2031.732910,50.000000,-1.000000,1.000000,-101586.648438,50.793324,-101586.648438,2486.650635,50.000000,-5.000000,-3.000000,372997.593750,186.498779,-621662.625000,2499.841797,50.000000,-3.000000,3.000000,-374976.281250,187.488144,-374976.281250,-1098225.500000,690449.125000,17155.671875,-424932.062500,1093838.875000,668906.812500
ml,p95,2608,2026-07-03,2481.477295,10.000000,2031.732910,50.000000,-1.000000,0.000000,-0.000000,0.000000,-101586.648438,2511.276123,50.000000,-2.000000,3.000000,-376691.406250,188.345703,-251127.609375,2526.287354,50.000000,-6.000000,-3.000000,378943.125000,189.471542,-757886.250000,-1110600.500000,692700.875000,17533.488281,-435433.125000,1102012.500000,666579.375000
ml,p95,2608,2026-07-04,2485.951660,10.000000,2031.732910,50.000000,-1.000000,0.000000,-0.000000,0.000000,-101586.648438,2516.119629,50.000000,-2.000000,0.000000,-0.000000,0.000000,-251611.968750,2531.261719,50.000000,-6.000000,0.000000,-0.000000,0.000000,-759378.500000,-1112577.125000,692700.875000,17533.488281,-437409.750000,1110788.125000,673378.375000
ml,p95,2608,2026-07-05,2468.272949,10.000000,2031.732910,50.000000,-1.000000,0.000000,-0.000000,0.000000,-101586.648438,2480.765625,50.000000,-2.000000,0.000000,-0.000000,0.000000,-248076.562500,2497.125732,50.000000,-6.000000,0.000000,-0.000000,0.000000,-749137.687500,-1098800.875000,692700.875000,17533.488281,-423633.500000,1070349.500000,646716.000000
ml,p95,2608,2026-07-06,2457.113770,10.000000,2031.732910,50.000000,-1.000000,0.000000,-0.000000,0.000000,-101586.648438,2410.525391,50.000000,-5.000000,-3.000000,361578.812500,180.789398,-602631.375000,2425.364990,50.000000,-3.000000,3.000000,-363804.750000,181.902374,-363804.750000,-1068022.750000,690474.937500,17896.179688,-395444.000000,1044851.500000,649407.500000
ml,p95,2608,2026-07-07,2460.361328,10.000000,2031.732910,50.000000,-1.000000,0.000000,-0.000000,0.000000,-101586.648438,2449.981201,50.000000,-2.000000,3.000000,-367497.156250,183.748596,-244998.125000,2464.612061,50.000000,-6.000000,-3.000000,369691.812500,184.845901,-739383.625000,-1085968.375000,692669.562500,18264.773438,-411563.593750,1050934.125000,639370.500000
ml,p95,2608,2026-07-08,2470.999268,10.000000,2031.732910,50.000000,-1.000000,0.000000,-0.000000,0.000000,-101586.648438,2477.062744,50.000000,-5.000000,-3.000000,371559.437500,185.779694,-619265.687500,2491.659424,50.000000,-3.000000,3.000000,-373748.937500,186.874451,-373748.937500,-1094601.250000,690480.062500,18637.427734,-422758.625000,1071444.000000,648685.375000
ml,p95,2608,2026-07-09,2458.614014,10.000000,2031.732910,50.000000,-1.000000,0.000000,-0.000000,0.000000,-101586.648438,2436.803223,50.000000,-2.000000,3.000000,-365520.468750,182.760239,-243680.328125,2454.327637,50.000000,-6.000000,-3.000000,368149.156250,184.074585,-736298.312500,-1081565.250000,693108.750000,19004.263672,-407460.750000,1047284.250000,639823.500000
ml,p95,2608,2026-07-10,2437.690186,10.000000,2031.732910,50.000000,-1.000000,0.000000,-0.000000,0.000000,-101586.648438,2425.121582,50.000000,-5.000000,-3.000000,363768.250000,181.884109,-606280.375000,2441.103271,50.000000,-3.000000,3.000000,-366165.468750,183.082733,-366165.468750,-1074032.500000,690711.562500,19369.230469,-402690.156250,1009570.750000,606880.625000
ml,p95,2608,2026-07-11,2445.601318,10.000000,2031.732910,50.000000,-1.000000,0.000000,-0.000000,0.000000,-101586.648438,2477.832275,50.000000,-5.000000,0.000000,-0.000000,0.000000,-619458.062500,2495.928711,50.000000,-3.000000,0.000000,-0.000000,0.000000,-374389.312500,-1095434.000000,690711.562500,19369.230469,-424091.656250,1021852.937500,597761.250000
ml,p95,2608,2026-07-12,2433.376953,10.000000,2031.732910,50.000000,-1.000000,0.000000,-0.000000,0.000000,-101586.648438,2451.886963,50.000000,-5.000000,0.000000,-0.000000,0.000000,-612971.750000,2467.383789,50.000000,-3.000000,0.000000,-0.000000,0.000000,-370107.562500,-1084666.000000,690711.562500,19369.230469,-413323.656250,1000607.312500,587283.625000
ml,p95,2608,2026-07-13,2406.535645,10.000000,2031.732910,50.000000,-1.000000,0.000000,-0.000000,0.000000,-101586.648438,2411.338623,50.000000,-2.000000,3.000000,-361700.781250,180.850388,-241133.859375,2425.706299,50.000000,-6.000000,-3.000000,363855.968750,181.927963,-727711.937500,-1070432.500000,692866.687500,19732.007812,-397297.812500,957125.812500,559828.000000
ml,p95,2608,2026-07-14,2431.311279,10.000000,2031.732910,50.000000,-1.000000,0.000000,-0.000000,0.000000,-101586.648438,2440.293701,50.000000,-5.000000,-3.000000,366044.031250,183.022034,-610073.437500,2457.412354,50.000000,-3.000000,3.000000,-368611.875000,184.305923,-368611.875000,-1080272.000000,690298.875000,20099.335938,-410072.468750,994143.500000,584071.000000
ml,p95,2608,2026-07-15,2410.532471,10.000000,2031.732910,50.000000,-1.000000,0.000000,-0.000000,0.000000,-101586.648438,2434.190918,50.000000,-2.000000,3.000000,-365128.625000,182.564331,-243419.093750,2453.958740,50.000000,-6.000000,-3.000000,368093.812500,184.046906,-736187.625000,-1081193.375000,693264.000000,20465.947266,-408395.312500,964400.625000,556005.312500
ml,p95,2608,2026-07-16,2476.359131,10.000000,2031.732910,50.000000,-1.000000,0.000000,-0.000000,0.000000,-101586.648438,2471.346191,50.000000,-5.000000,-3.000000,370701.937500,185.350952,-617836.500000,2493.986328,50.000000,-3.000000,3.000000,-374097.937500,187.048965,-374097.937500,-1093521.000000,689868.062500,20838.347656,-424491.281250,1049859.750000,625368.500000
ml,p95,2608,2026-07-17,2511.839355,10.000000,2031.732910,50.000000,-1.000000,0.000000,-0.000000,0.000000,-101586.648438,2502.756104,50.000000,-2.000000,3.000000,-375413.437500,187.706696,-250275.609375,2524.472412,50.000000,-6.000000,-3.000000,378670.843750,189.335419,-757341.687500,-1109204.000000,693125.500000,21215.388672,-437293.875000,1091680.750000,654386.875000
ml,p95,2608,2026-07-18,2506.637207,10.000000,2031.732910,50.000000,-1.000000,0.000000,-0.000000,0.000000,-101586.648438,2522.641602,50.000000,-2.000000,0.000000,-0.000000,0.000000,-252264.156250,2545.492676,50.000000,-6.000000,0.000000,-0.000000,0.000000,-763647.812500,-1117498.625000,693125.500000,21215.388672,-445588.500000,1085324.750000,639736.250000
ml,p95,2608,2026-07-19,2527.242920,10.000000,2031.732910,50.000000,-1.000000,0.000000,-0.000000,0.000000,-101586.648438,2539.330811,50.000000,-2.000000,0.000000,-0.000000,0.000000,-253933.078125,2564.158936,50.000000,-6.000000,0.000000,-0.000000,0.000000,-769247.625000,-1124767.375000,693125.500000,21215.388672,-452857.250000,1107329.375000,654472.125000
ml,p95,2608,2026-07-20,2568.443115,10.000000,2031.732910,50.000000,-1.000000,0.000000,-0.000000,0.000000,-101586.648438,2582.197754,50.000000,-5.000000,-3.000000,387329.656250,193.664825,-645549.437500,2606.453369,50.000000,-3.000000,3.000000,-390968.031250,195.484009,-390968.031250,-1138104.125000,689487.062500,21604.539062,-470221.593750,1151526.500000,681304.875000
ml,p95,2608,2026-07-21,2610.897461,10.000000,2031.732910,50.000000,-1.000000,0.000000,-0.000000,0.000000,-101586.648438,2598.456299,50.000000,-2.000000,3.000000,-389768.468750,194.884216,-259845.625000,2623.281250,50.000000,-6.000000,-3.000000,393492.187500,196.746094,-786984.375000,-1148416.625000,693210.750000,21996.167969,-477202.031250,1192733.500000,715531.500000
ml,p95,2608,2026-07-22,2635.272461,10.000000,2031.732910,50.000000,-1.000000,0.000000,-0.000000,0.000000,-101586.648438,2615.126953,50.000000,-1.000000,1.000000,-130756.343750,65.378174,-130756.343750,2641.215820,50.000000,-3.000000,3.000000,-396182.375000,198.091187,-396182.375000,-628525.375000,166272.062500,22259.638672,-484512.937500,1213374.250000,728861.312500
ml,p95,2608,2026-07-23,2654.973877,10.000000,2031.732910,50.000000,-1.000000,0.000000,-0.000000,0.000000,-101586.648438,2648.547119,50.000000,-4.000000,-3.000000,397282.093750,198.641022,-529709.437500,2674.129639,50.000000,0.000000,3.000000,-401119.437500,200.559723,0.000000,-631296.062500,162434.718750,22658.839844,-491520.187500,1227767.500000,736247.312500
ml,p95,2608,2026-07-24,2701.641113,10.000000,2031.732910,50.000000,-1.000000,0.000000,-0.000000,0.000000,-101586.648438,2698.731445,50.000000,-1.000000,3.000000,-404809.718750,202.404846,-134936.578125,2725.572510,50.000000,0.000000,0.000000,-0.000000,0.000000,0.000000,-236523.218750,-242375.000000,22861.244141,-501759.468750,1258074.500000,756315.000000
ml,p95,2608,2026-07-25,2731.281250,10.000000,2031.732910,50.000000,-1.000000,0.000000,-0.000000,0.000000,-101586.648438,2728.096436,50.000000,-1.000000,0.000000,-0.000000,0.000000,-136404.828125,2754.007324,50.000000,0.000000,0.000000,-0.000000,0.000000,0.000000,-237991.468750,-242375.000000,22861.244141,-503227.718750,1274022.125000,770794.375000
ml,p95,2608,2026-07-26,2752.017822,10.000000,2031.732910,50.000000,-1.000000,0.000000,-0.000000,0.000000,-101586.648438,2738.734375,50.000000,-1.000000,0.000000,-0.000000,0.000000,-136936.718750,2764.963379,50.000000,0.000000,0.000000,-0.000000,0.000000,0.000000,-238523.375000,-242375.000000,22861.244141,-503759.625000,1285124.750000,781365.125000
ml,p95,2608,2026-07-27,2758.283203,10.000000,2031.732910,50.000000,0.000000,1.000000,-101586.648438,50.793324,0.000000,2752.929932,50.000000,-4.000000,-3.000000,412939.500000,206.469757,-550586.000000,2778.699219,50.000000,0.000000,0.000000,-0.000000,0.000000,0.000000,-550586.000000,68977.812500,23118.507812,-504726.687500,1288332.250000,783605.562500
ml,p95,2608,2026-07-28,2737.276123,10.000000,2031.732910,50.000000,0.000000,0.000000,-0.000000,0.000000,0.000000,2727.646484,50.000000,-1.000000,3.000000,-409146.968750,204.573486,-136382.328125,2754.511963,50.000000,0.000000,0.000000,-0.000000,0.000000,0.000000,-136382.328125,-340169.125000,23323.082031,-499874.531250,1279099.250000,779224.750000
ml,p95,2608,2026-07-29,2711.095215,10.000000,2031.732910,50.000000,0.000000,0.000000,-0.000000,0.000000,0.000000,2698.155273,50.000000,0.000000,1.000000,-134907.765625,67.453880,0.000000,2727.545898,50.000000,0.000000,0.000000,-0.000000,0.000000,0.000000,0.000000,-475076.875000,23390.535156,-498467.406250,1270454.625000,771987.250000
ml,p95,2608,2026-07-30,2780.286621,10.000000,2031.732910,50.000000,0.000000,0.000000,-0.000000,0.000000,0.000000,2698.155273,50.000000,0.000000,0.000000,-0.000000,0.000000,0.000000,2819.737305,50.000000,0.000000,0.000000,-0.000000,0.000000,0.000000,0.000000,-475076.875000,23390.535156,-498467.406250,1285484.250000,787016.875000
ml,p95,2608,2026-07-31,2766.066162,10.000000,2031.732910,50.000000,0.000000,0.000000,-0.000000,0.000000,0.000000,2698.155273,50.000000,0.000000,0.000000,-0.000000,0.000000,0.000000,2812.938477,50.000000,0.000000,0.000000,-0.000000,0.000000,0.000000,0.000000,-475076.875000,23390.535156,-498467.406250,1284011.375000,785544.000000
ml,p95,2608,2026-08-01,2757.049805,10.000000,2031.732910,50.000000,0.000000,0.000000,-0.000000,0.000000,0.000000,2698.155273,50.000000,0.000000,0.000000,-0.000000,0.000000,0.000000,2804.760986,50.000000,0.000000,0.000000,-0.000000,0.000000,0.000000,0.000000,-475076.875000,23390.535156,-498467.406250,1284137.375000,785670.000000
ml,p95,2608,2026-08-02,2758.902832,10.000000,2031.732910,50.000000,0.000000,0.000000,-0.000000,0.000000,0.000000,2698.155273,50.000000,0.000000,0.000000,-0.000000,0.000000,0.000000,2776.468506,50.000000,0.000000,0.000000,-0.000000,0.000000,0.000000,0.000000,-475076.875000,23390.535156,-498467.406250,1284270.000000,785802.625000
ml,p95,2608,2026-08-03,2742.966309,10.000000,2031.732910,50.000000,0.000000,0.000000,-0.000000,0.000000,0.000000,2698.155273,50.000000,0.000000,0.000000,-0.000000,0.000000,0.000000,2744.567139,50.000000,0.000000,0.000000,-0.000000,0.000000,0.000000,0.000000,-475076.875000,23390.535156,-498467.406250,1284402.750000,785935.375000
ml,p95,2608,2026-08-04,2737.483887,10.000000,2031.732910,50.000000,0.000000,0.000000,-0.000000,0.000000,0.000000,2698.155273,50.000000,0.000000,0.000000,-0.000000,0.000000,0.000000,2753.802490,50.000000,0.000000,0.000000,-0.000000,0.000000,0.000000,0.000000,-475076.875000,23390.535156,-498467.406250,1284536.125000,786068.750000
ml,p95,2608,2026-08-05,2761.472168,10.000000,2031.732910,50.000000,0.000000,0.000000,-0.000000,0.000000,0.000000,2698.155273,50.000000,0.000000,0.000000,-0.000000,0.000000,0.000000,2813.521973,50.000000,0.000000,0.000000,-0.000000,0.000000,0.000000,0.000000,-475076.875000,23390.535156,-498467.406250,1284672.250000,786204.875000
ml,p95,2608,2026-08-06,2776.890625,10.000000,2031.732910,50.000000,0.000000,0.000000,-0.000000,0.000000,0.000000,2698.155273,50.000000,0.000000,0.000000,-0.000000,0.000000,0.000000,2793.045166,50.000000,0.000000,0.000000,-0.000000,0.000000,0.000000,0.000000,-475076.875000,23390.535156,-498467.406250,1284672.250000,786204.875000
ml,p95,2608,2026-08-07,2782.389893,10.000000,2031.732910,50.000000,0.000000,0.000000,-0.000000,0.000000,0.000000,2698.155273,50.000000,0.000000,0.000000,-0.000000,0.000000,0.000000,2811.470703,50.000000,0.000000,0.000000,-0.000000,0.000000,0.000000,0.000000,-475076.875000,23390.535156,-498467.406250,1284672.250000,786204.875000
ml,p95,2608,2026-08-08,2810.103516,10.000000,2031.732910,50.000000,0.000000,0.000000,-0.000000,0.000000,0.000000,2698.155273,50.000000,0.000000,0.000000,-0.000000,0.000000,0.000000,2846.126221,50.000000,0.000000,0.000000,-0.000000,0.000000,0.000000,0.000000,-475076.875000,23390.535156,-498467.406250,1284672.250000,786204.875000
ml,p95,2608,2026-08-09,2751.313477,10.000000,2031.732910,50.000000,0.000000,0.000000,-0.000000,0.000000,0.000000,2698.155273,50.000000,0.000000,0.000000,-0.000000,0.000000,0.000000,2786.213379,50.000000,0.000000,0.000000,-0.000000,0.000000,0.000000,0.000000,-475076.875000,23390.535156,-498467.406250,1284672.250000,786204.875000
ml,p95,2608,2026-08-10,2713.524170,10.000000,2031.732910,50.000000,0.000000,0.000000,-0.000000,0.000000,0.000000,2698.155273,50.000000,0.000000,0.000000,-0.000000,0.000000,0.000000,2713.014893,50.000000,0.000000,0.000000,-0.000000,0.000000,0.000000,0.000000,-475076.875000,23390.535156,-498467.406250,1284672.250000,786204.875000
ml,p95,2608,2026-08-11,2747.406738,10.000000,2031.732910,50.000000,0.000000,0.000000,-0.000000,0.000000,0.000000,2698.155273,50.000000,0.000000,0.000000,-0.000000,0.000000,0.000000,2762.634766,50.000000,0.000000,0.000000,-0.000000,0.000000,0.000000,0.000000,-475076.875000,23390.535156,-498467.406250,1284672.250000,786204.875000
ml,p95,2608,2026-08-12,2703.829346,10.000000,2031.732910,50.000000,0.000000,0.000000,-0.000000,0.000000,0.000000,2698.155273,50.000000,0.000000,0.000000,-0.000000,0.000000,0.000000,2734.628906,50.000000,0.000000,0.000000,-0.000000,0.000000,0.000000,0.000000,-475076.875000,23390.535156,-498467.406250,1284672.250000,786204.875000
ml,p95,2608,2026-08-13,2684.406738,10.000000,2031.732910,50.000000,0.000000,0.000000,-0.000000,0.000000,0.000000,2698.155273,50.000000,0.000000,0.000000,-0.000000,0.000000,0.000000,2701.090820,50.000000,0.000000,0.000000,-0.000000,0.000000,0.000000,0.000000,-475076.875000,23390.535156,-498467.406250,1284672.250000,786204.875000
ml,p95,2608,2026-08-14,2672.248535,10.000000,2031.732910,50.000000,0.000000,0.000000,-0.000000,0.000000,0.000000,2698.155273,50.000000,0.000000,0.000000,-0.000000,0.000000,0.000000,2674.814209,50.000000,0.000000,0.000000,-0.000000,0.000000,0.000000,0.000000,-475076.875000,23390.535156,-498467.406250,1284672.250000,786204.875000
ml,p95,2608,2026-08-15,2676.856201,10.000000,2031.732910,50.000000,0.000000,0.000000,-0.000000,0.000000,0.000000,2698.155273,50.000000,0.000000,0.000000,-0.000000,0.000000,0.000000,2687.464355,50.000000,0.000000,0.000000,-0.000000,0.000000,0.000000,0.000000,-475076.875000,23390.535156,-498467.406250,1284672.250000,786204.875000
ml,p95,2608,2026-08-16,2671.147705,10.000000,2031.732910,50.000000,0.000000,0.000000,-0.000000,0.000000,0.000000,2698.155273,50.000000,0.000000,0.000000,-0.000000,0.000000,0.000000,2686.769775,50.000000,0.000000,0.000000,-0.000000,0.000000,0.000000,0.000000,-475076.875000,23390.535156,-498467.406250,1284672.250000,786204.875000
ml,p95,2608,2026-08-17,2688.898193,10.000000,2031.732910,50.000000,0.000000,0.000000,-0.000000,0.000000,0.000000,2698.155273,50.000000,0.000000,0.000000,-0.000000,0.000000,0.000000,2700.908936,50.000000,0.000000,0.000000,-0.000000,0.000000,0.000000,0.000000,-475076.875000,23390.535156,-498467.406250,1284672.250000,786204.875000
ml,p95,2608,2026-08-18,2658.939209,10.000000,2031.732910,50.000000,0.000000,0.000000,-0.000000,0.000000,0.000000,2698.155273,50.000000,0.000000,0.000000,-0.000000,0.000000,0.000000,2677.527832,50.000000,0.000000,0.000000,-0.000000,0.000000,0.000000,0.000000,-475076.875000,23390.535156,-498467.406250,1284672.250000,786204.875000
ml,p95,2608,2026-08-19,2671.783447,10.000000,2031.732910,50.000000,0.000000,0.000000,-0.000000,0.000000,0.000000,2698.155273,50.000000,0.000000,0.000000,-0.000000,0.000000,0.000000,2691.790527,50.000000,0.000000,0.000000,-0.000000,0.000000,0.000000,0.000000,-475076.875000,23390.535156,-498467.406250,1284672.250000,786204.875000
ml,p95,2608,2026-08-20,2725.989746,10.000000,2031.732910,50.000000,0.000000,0.000000,-0.000000,0.000000,0.000000,2698.155273,50.000000,0.000000,0.000000,-0.000000,0.000000,0.000000,2752.451416,50.000000,0.000000,0.000000,-0.000000,0.000000,0.000000,0.000000,-475076.875000,23390.535156,-498467.406250,1284672.250000,786204.875000
ml,p95,2608,2026-08-21,2808.505371,10.000000,2031.732910,50.000000,0.000000,0.000000,-0.000000,0.000000,0.000000,2698.155273,50.000000,0.000000,0.000000,-0.000000,0.000000,0.000000,2840.750244,50.000000,0.000000,0.000000,-0.000000,0.000000,0.000000,0.000000,-475076.875000,23390.535156,-498467.406250,1284672.250000,786204.875000
ml,p95,2608,2026-08-22,2859.269775,10.000000,2031.732910,50.000000,0.000000,0.000000,-0.000000,0.000000,0.000000,2698.155273,50.000000,0.000000,0.000000,-0.000000,0.000000,0.000000,2890.332764,50.000000,0.000000,0.000000,-0.000000,0.000000,0.000000,0.000000,-475076.875000,23390.535156,-498467.406250,1284672.250000,786204.875000
ml,p95,2608,2026-08-23,2853.867676,10.000000,2031.732910,50.000000,0.000000,0.000000,-0.000000,0.000000,0.000000,2698.155273,50.000000,0.000000,0.000000,-0.000000,0.000000,0.000000,2885.403076,50.000000,0.000000,0.000000,-0.000000,0.000000,0.000000,0.000000,-475076.875000,23390.535156,-498467.406250,1284672.250000,786204.875000
ml,p95,2608,2026-08-24,2847.895752,10.000000,2031.732910,50.000000,0.000000,0.000000,-0.000000,0.000000,0.000000,2698.155273,50.000000,0.000000,0.000000,-0.000000,0.000000,0.000000,2898.844727,50.000000,0.000000,0.000000,-0.000000,0.000000,0.000000,0.000000,-475076.875000,23390.535156,-498467.406250,1284672.250000,786204.875000
ml,p95,2608,2026-08-25,2825.799316,10.000000,2031.732910,50.000000,0.000000,0.000000,-0.000000,0.000000,0.000000,2698.155273,50.000000,0.000000,0.000000,-0.000000,0.000000,0.000000,2847.932373,50.000000,0.000000,0.000000,-0.000000,0.000000,0.000000,0.000000,-475076.875000,23390.535156,-498467.406250,1284672.250000,786204.875000
ml,p95,2608,2026-08-26,2825.156738,10.000000,2031.732910,50.000000,0.000000,0.000000,-0.000000,0.000000,0.000000,2698.155273,50.000000,0.000000,0.000000,-0.000000,0.000000,0.000000,2847.930176,50.000000,0.000000,0.000000,-0.000000,0.000000,0.000000,0.000000,-475076.875000,23390.535156,-498467.406250,1284672.250000,786204.875000
ml,p95,2608,2026-08-27,2790.457520,10.000000,2031.732910,50.000000,0.000000,0.000000,-0.000000,0.000000,0.000000,2698.155273,50.000000,0.000000,0.000000,-0.000000,0.000000,0.000000,2801.992676,50.000000,0.000000,0.000000,-0.000000,0.000000,0.000000,0.000000,-475076.875000,23390.535156,-498467.406250,1284672.250000,786204.875000
ml,p95,2608,2026-08-28,2671.508301,10.000000,2031.732910,50.000000,0.000000,0.000000,-0.000000,0.000000,0.000000,2698.155273,50.000000,0.000000,0.000000,-0.000000,0.000000,0.000000,2668.142090,50.000000,0.000000,0.000000,-0.000000,0.000000,0.000000,0.000000,-475076.875000,23390.535156,-498467.406250,1284672.250000,786204.875000
ml,p95,2608,2026-08-29,2665.018311,10.000000,2031.732910,50.000000,0.000000,0.000000,-0.000000,0.000000,0.000000,2698.155273,50.000000,0.000000,0.000000,-0.000000,0.000000,0.000000,2701.255859,50.000000,0.000000,0.000000,-0.000000,0.000000,0.000000,0.000000,-475076.875000,23390.535156,-498467.406250,1284672.250000,786204.875000
ml,p95,2608,2026-08-30,2637.509033,10.000000,2031.732910,50.000000,0.000000,0.000000,-0.000000,0.000000,0.000000,2698.155273,50.000000,0.000000,0.000000,-0.000000,0.000000,0.000000,2668.720947,50.000000,0.000000,0.000000,-0.000000,0.000000,0.000000,0.000000,-475076.875000,23390.535156,-498467.406250,1284672.250000,786204.875000
ml,p95,2608,2026-08-31,2627.117432,10.000000,2031.732910,50.000000,0.000000,0.000000,-0.000000,0.000000,0.000000,2698.155273,50.000000,0.000000,0.000000,-0.000000,0.000000,0.000000,2683.816895,50.000000,0.000000,0.000000,-0.000000,0.000000,0.000000,0.000000,-475076.875000,23390.535156,-498467.406250,1284672.250000,786204.875000
ml,p95,2608,2026-09-01,2606.534912,10.000000,2031.732910,50.000000,0.000000,0.000000,-0.000000,0.000000,0.000000,2698.155273,50.000000,0.000000,0.000000,-0.000000,0.000000,0.000000,2623.529785,50.000000,0.000000,0.000000,-0.000000,0.000000,0.000000,0.000000,-475076.875000,23390.535156,-498467.406250,1284672.250000,786204.875000
ml,p95,2608,2026-09-02,2622.020020,10.000000,2031.732910,50.000000,0.000000,0.000000,-0.000000,0.000000,0.000000,2698.155273,50.000000,0.000000,0.000000,-0.000000,0.000000,0.000000,2649.246338,50.000000,0.000000,0.000000,-0.000000,0.000000,0.000000,0.000000,-475076.875000,23390.535156,-498467.406250,1284672.250000,786204.875000
ml,p95,2608,2026-09-03,2636.433838,10.000000,2031.732910,50.000000,0.000000,0.000000,-0.000000,0.000000,0.000000,2698.155273,50.000000,0.000000,0.000000,-0.000000,0.000000,0.000000,2666.932617,50.000000,0.000000,0.000000,-0.000000,0.000000,0.000000,0.000000,-475076.875000,23390.535156,-498467.406250,1284672.250000,786204.875000
ml,p95,2608,2026-09-04,2659.687500,10.000000,2031.732910,50.000000,0.000000,0.000000,-0.000000,0.000000,0.000000,2698.155273,50.000000,0.000000,0.000000,-0.000000,0.000000,0.000000,2672.545410,50.000000,0.000000,0.000000,-0.000000,0.000000,0.000000,0.000000,-475076.875000,23390.535156,-498467.406250,1284672.250000,786204.875000
ml,p95,2608,2026-09-05,2664.344727,10.000000,2031.732910,50.000000,0.000000,0.000000,-0.000000,0.000000,0.000000,2698.155273,50.000000,0.000000,0.000000,-0.000000,0.000000,0.000000,2697.388428,50.000000,0.000000,0.000000,-0.000000,0.000000,0.000000,0.000000,-475076.875000,23390.535156,-498467.406250,1284672.250000,786204.875000
ml,p95,2608,2026-09-06,2677.932617,10.000000,2031.732910,50.000000,0.000000,0.000000,-0.000000,0.000000,0.000000,2698.155273,50.000000,0.000000,0.000000,-0.000000,0.000000,0.000000,2680.857666,50.000000,0.000000,0.000000,-0.000000,0.000000,0.000000,0.000000,-475076.875000,23390.535156,-498467.406250,1284672.250000,786204.875000
ml,p95,2608,2026-09-07,2588.445557,10.000000,2031.732910,50.000000,0.000000,0.000000,-0.000000,0.000000,0.000000,2698.155273,50.000000,0.000000,0.000000,-0.000000,0.000000,0.000000,2573.334473,50.000000,0.000000,0.000000,-0.000000,0.000000,0.000000,0.000000,-475076.875000,23390.535156,-498467.406250,1284672.250000,786204.875000
ml,p95,2608,2026-09-08,2687.612549,10.000000,2031.732910,50.000000,0.000000,0.000000,-0.000000,0.000000,0.000000,2698.155273,50.000000,0.000000,0.000000,-0.000000,0.000000,0.000000,2682.628418,50.000000,0.000000,0.000000,-0.000000,0.000000,0.000000,0.000000,-475076.875000,23390.535156,-498467.406250,1284672.250000,786204.875000
ml,p95,2608,2026-09-09,2705.226074,10.000000,2031.732910,50.000000,0.000000,0.000000,-0.000000,0.000000,0.000000,2698.155273,50.000000,0.000000,0.000000,-0.000000,0.000000,0.000000,2709.054199,50.000000,0.000000,0.000000,-0.000000,0.000000,0.000000,0.000000,-475076.875000,23390.535156,-498467.406250,1284672.250000,786204.875000
ml,p95,2608,2026-09-10,2677.937744,10.000000,2031.732910,50.000000,0.000000,0.000000,-0.000000,0.000000,0.000000,2698.155273,50.000000,0.000000,0.000000,-0.000000,0.000000,0.000000,2767.135254,50.000000,0.000000,0.000000,-0.000000,0.000000,0.000000,0.000000,-475076.875000,23390.535156,-498467.406250,1284672.250000,786204.875000
ml,p95,2608,2026-09-11,2644.495850,10.000000,2031.732910,50.000000,0.000000,0.000000,-0.000000,0.000000,0.000000,2698.155273,50.000000,0.000000,0.000000,-0.000000,0.000000,0.000000,2696.678223,50.000000,0.000000,0.000000,-0.000000,0.000000,0.000000,0.000000,-475076.875000,23390.535156,-498467.406250,1284672.250000,786204.875000
ml,p95,2608,2026-09-12,2672.820557,10.000000,2031.732910,50.000000,0.000000,0.000000,-0.000000,0.000000,0.000000,2698.155273,50.000000,0.000000,0.000000,-0.000000,0.000000,0.000000,2722.754150,50.000000,0.000000,0.000000,-0.000000,0.000000,0.000000,0.000000,-475076.875000,23390.535156,-498467.406250,1284672.250000,786204.875000
ml,p95,2608,2026-09-13,2633.777588,10.000000,2031.732910,50.000000,0.000000,0.000000,-0.000000,0.000000,0.000000,2698.155273,50.000000,0.000000,0.000000,-0.000000,0.000000,0.000000,2649.534668,50.000000,0.000000,0.000000,-0.000000,0.000000,0.000000,0.000000,-475076.875000,23390.535156,-498467.406250,1284672.250000,786204.875000
ml,p95,2608,2026-09-14,2606.523682,10.000000,2031.732910,50.000000,0.000000,0.000000,-0.000000,0.000000,0.000000,2698.155273,50.000000,0.000000,0.000000,-0.000000,0.000000,0.000000,2617.240479,50.000000,0.000000,0.000000,-0.000000,0.000000,0.000000,0.000000,-475076.875000,23390.535156,-498467.406250,1284672.250000,786204.875000
ml,p95,2608,2026-09-15,2553.811279,10.000000,2031.732910,50.000000,0.000000,0.000000,-0.000000,0.000000,0.000000,2698.155273,50.000000,0.000000,0.000000,-0.000000,0.000000,0.000000,2556.157227,50.000000,0.000000,0.000000,-0.000000,0.000000,0.000000,0.000000,-475076.875000,23390.535156,-498467.406250,1284672.250000,786204.875000
ml,p95,2608,2026-09-16,2536.768799,10.000000,2031.732910,50.000000,0.000000,0.000000,-0.000000,0.000000,0.000000,2698.155273,50.000000,0.000000,0.000000,-0.000000,0.000000,0.000000,2549.258057,50.000000,0.000000,0.000000,-0.000000,0.000000,0.000000,0.000000,-475076.875000,23390.535156,-498467.406250,1284672.250000,786204.875000
ml,p95,2608,2026-09-17,2473.021973,10.000000,2031.732910,50.000000,0.000000,0.000000,-0.000000,0.000000,0.000000,2698.155273,50.000000,0.000000,0.000000,-0.000000,0.000000,0.000000,2477.142334,50.000000,0.000000,0.000000,-0.000000,0.000000,0.000000,0.000000,-475076.875000,23390.535156,-498467.406250,1284672.250000,786204.875000
ml,p95,2608,2026-09-18,2497.411377,10.000000,2031.732910,50.000000,0.000000,0.000000,-0.000000,0.000000,0.000000,2698.155273,50.000000,0.000000,0.000000,-0.000000,0.000000,0.000000,2497.261475,50.000000,0.000000,0.000000,-0.000000,0.000000,0.000000,0.000000,-475076.875000,23390.535156,-498467.406250,1284672.250000,786204.875000
ml,p95,2608,2026-09-19,2478.688721,10.000000,2031.732910,50.000000,0.000000,0.000000,-0.000000,0.000000,0.000000,2698.155273,50.000000,0.000000,0.000000,-0.000000,0.000000,0.000000,2458.454102,50.000000,0.000000,0.000000,-0.000000,0.000000,0.000000,0.000000,-475076.875000,23390.535156,-498467.406250,1284672.250000,786204.875000
ml,p95,2608,2026-09-20,2460.710938,10.000000,2031.732910,50.000000,0.000000,0.000000,-0.000000,0.000000,0.000000,2698.155273,50.000000,0.000000,0.000000,-0.000000,0.000000,0.000000,2448.596924,50.000000,0.000000,0.000000,-0.000000,0.000000,0.000000,0.000000,-475076.875000,23390.535156,-498467.406250,1284672.250000,786204.875000
ml,p95,2608,2026-09-21,2460.491455,10.000000,2031.732910,50.000000,0.000000,0.000000,-0.000000,0.000000,0.000000,2698.155273,50.000000,0.000000,0.000000,-0.000000,0.000000,0.000000,2438.305664,50.000000,0.000000,0.000000,-0.000000,0.000000,0.000000,0.000000,-475076.875000,23390.535156,-498467.406250,1284672.250000,786204.875000
ml,p95,2608,2026-09-22,2490.536377,10.000000,2031.732910,50.000000,0.000000,0.000000,-0.000000,0.000000,0.000000,2698.155273,50.000000,0.000000,0.000000,-0.000000,0.000000,0.000000,2509.238525,50.000000,0.000000,0.000000,-0.000000,0.000000,0.000000,0.000000,-475076.875000,23390.535156,-498467.406250,1284672.250000,786204.875000
ml,p95,2608,2026-09-23,2445.679443,10.000000,2031.732910,50.000000,0.000000,0.000000,-0.000000,0.000000,0.000000,2698.155273,50.000000,0.000000,0.000000,-0.000000,0.000000,0.000000,2462.707764,50.000000,0.000000,0.000000,-0.000000,0.000000,0.000000,0.000000,-475076.875000,23390.535156,-498467.406250,1284672.250000,786204.875000
ml,p95,2608,2026-09-24,2468.462646,10.000000,2031.732910,50.000000,0.000000,0.000000,-0.000000,0.000000,0.000000,2698.155273,50.000000,0.000000,0.000000,-0.000000,0.000000,0.000000,2482.727539,50.000000,0.000000,0.000000,-0.000000,0.000000,0.000000,0.000000,-475076.875000,23390.535156,-498467.406250,1284672.250000,786204.875000
ml,p95,2608,2026-09-25,2432.990479,10.000000,2031.732910,50.000000,0.000000,0.000000,-0.000000,0.000000,0.000000,2698.155273,50.000000,0.000000,0.000000,-0.000000,0.000000,0.000000,2459.185791,50.000000,0.000000,0.000000,-0.000000,0.000000,0.000000,0.000000,-475076.875000,23390.535156,-498467.406250,1284672.250000,786204.875000
ml,p95,2608,2026-09-26,2448.497314,10.000000,2031.732910,50.000000,0.000000,0.000000,-0.000000,0.000000,0.000000,2698.155273,50.000000,0.000000,0.000000,-0.000000,0.000000,0.000000,2500.964600,50.000000,0.000000,0.000000,-0.000000,0.000000,0.000000,0.000000,-475076.875000,23390.535156,-498467.406250,1284672.250000,786204.875000
ml,p95,2608,2026-09-27,2457.174561,10.000000,2031.732910,50.000000,0.000000,0.000000,-0.000000,0.000000,0.000000,2698.155273,50.000000,0.000000,0.000000,-0.000000,0.000000,0.000000,2472.864014,50.000000,0.000000,0.000000,-0.000000,0.000000,0.000000,0.000000,-475076.875000,23390.535156,-498467.406250,1284672.250000,786204.875000
ml,p95,2608,2026-09-28,2431.816650,10.000000,2031.732910,50.000000,0.000000,0.000000,-0.000000,0.000000,0.000000,2698.155273,50.000000,0.000000,0.000000,-0.000000,0.000000,0.000000,2448.379150,50.000000,0.000000,0.000000,-0.000000,0.000000,0.000000,0.000000,-475076.875000,23390.535156,-498467.406250,1284672.250000,786204.875000
ml,p95,2608,2026-09-29,2419.079834,10.000000,2031.732910,50.000000,0.000000,0.000000,-0.000000,0.000000,0.000000,2698.155273,50.000000,0.000000,0.000000,-0.000000,0.000000,0.000000,2449.469482,50.000000,0.000000,0.000000,-0.000000,0.000000,0.000000,0.000000,-475076.875000,23390.535156,-498467.406250,1284672.250000,786204.875000
ml,p95,2608,2026-09-30,2436.253906,10.000000,2031.732910,50.000000,0.000000,0.000000,-0.000000,0.000000,0.000000,2698.155273,50.000000,0.000000,0.000000,-0.000000,0.000000,0.000000,2467.993408,50.000000,0.000000,0.000000,-0.000000,0.000000,0.000000,0.000000,-475076.875000,23390.535156,-498467.406250,1284672.250000,786204.875000
ml,p95,2608,2026-10-01,2435.397949,10.000000,2031.732910,50.000000,0.000000,0.000000,-0.000000,0.000000,0.000000,2698.155273,50.000000,0.000000,0.000000,-0.000000,0.000000,0.000000,2448.739502,50.000000,0.000000,0.000000,-0.000000,0.000000,0.000000,0.000000,-475076.875000,23390.535156,-498467.406250,1284672.250000,786204.875000
ml,p95,2608,2026-10-02,2527.950195,10.000000,2031.732910,50.000000,0.000000,0.000000,-0.000000,0.000000,0.000000,2698.155273,50.000000,0.000000,0.000000,-0.000000,0.000000,0.000000,2548.645752,50.000000,0.000000,0.000000,-0.000000,0.000000,0.000000,0.000000,-475076.875000,23390.535156,-498467.406250,1284672.250000,786204.875000
ml,p95,2608,2026-10-03,2395.834717,10.000000,2031.732910,50.000000,0.000000,0.000000,-0.000000,0.000000,0.000000,2698.155273,50.000000,0.000000,0.000000,-0.000000,0.000000,0.000000,2399.682373,50.000000,0.000000,0.000000,-0.000000,0.000000,0.000000,0.000000,-475076.875000,23390.535156,-498467.406250,1284672.250000,786204.875000
ml,p95,2608,2026-10-04,2353.296143,10.000000,2031.732910,50.000000,0.000000,0.000000,-0.000000,0.000000,0.000000,2698.155273,50.000000,0.000000,0.000000,-0.000000,0.000000,0.000000,2362.335205,50.000000,0.000000,0.000000,-0.000000,0.000000,0.000000,0.000000,-475076.875000,23390.535156,-498467.406250,1284672.250000,786204.875000
ml,p95,2608,2026-10-05,2311.713379,10.000000,2031.732910,50.000000,0.000000,0.000000,-0.000000,0.000000,0.000000,2698.155273,50.000000,0.000000,0.000000,-0.000000,0.000000,0.000000,2293.461426,50.000000,0.000000,0.000000,-0.000000,0.000000,0.000000,0.000000,-475076.875000,23390.535156,-498467.406250,1284672.250000,786204.875000
ml,p95,2608,2026-10-06,2278.580566,10.000000,2031.732910,50.000000,0.000000,0.000000,-0.000000,0.000000,0.000000,2698.155273,50.000000,0.000000,0.000000,-0.000000,0.000000,0.000000,2269.506348,50.000000,0.000000,0.000000,-0.000000,0.000000,0.000000,0.000000,-475076.875000,23390.535156,-498467.406250,1284672.250000,786204.875000
ml,p95,2608,2026-10-07,2285.841309,10.000000,2031.732910,50.000000,0.000000,0.000000,-0.000000,0.000000,0.000000,2698.155273,50.000000,0.000000,0.000000,-0.000000,0.000000,0.000000,2277.689697,50.000000,0.000000,0.000000,-0.000000,0.000000,0.000000,0.000000,-475076.875000,23390.535156,-498467.406250,1284672.250000,786204.875000
ml,p95,2608,2026-10-08,2239.026855,10.000000,2031.732910,50.000000,0.000000,0.000000,-0.000000,0.000000,0.000000,2698.155273,50.000000,0.000000,0.000000,-0.000000,0.000000,0.000000,2245.835205,50.000000,0.000000,0.000000,-0.000000,0.000000,0.000000,0.000000,-475076.875000,23390.535156,-498467.406250,1284672.250000,786204.875000
ml,p95,2608,2026-10-09,2282.839355,10.000000,2031.732910,50.000000,0.000000,0.000000,-0.000000,0.000000,0.000000,2698.155273,50.000000,0.000000,0.000000,-0.000000,0.000000,0.000000,2318.122314,50.000000,0.000000,0.000000,-0.000000,0.000000,0.000000,0.000000,-475076.875000,23390.535156,-498467.406250,1284672.250000,786204.875000
ml,p95,2608,2026-10-10,2297.382568,10.000000,2031.732910,50.000000,0.000000,0.000000,-0.000000,0.000000,0.000000,2698.155273,50.000000,0.000000,0.000000,-0.000000,0.000000,0.000000,2355.995605,50.000000,0.000000,0.000000,-0.000000,0.000000,0.000000,0.000000,-475076.875000,23390.535156,-498467.406250,1284672.250000,786204.875000
ml,p95,2608,2026-10-11,2284.570557,10.000000,2031.732910,50.000000,0.000000,0.000000,-0.000000,0.000000,0.000000,2698.155273,50.000000,0.000000,0.000000,-0.000000,0.000000,0.000000,2282.381348,50.000000,0.000000,0.000000,-0.000000,0.000000,0.000000,0.000000,-475076.875000,23390.535156,-498467.406250,1284672.250000,786204.875000
ml,p95,2608,2026-10-12,2293.497070,10.000000,2031.732910,50.000000,0.000000,0.000000,-0.000000,0.000000,0.000000,2698.155273,50.000000,0.000000,0.000000,-0.000000,0.000000,0.000000,2273.816650,50.000000,0.000000,0.000000,-0.000000,0.000000,0.000000,0.000000,-475076.875000,23390.535156,-498467.406250,1284672.250000,786204.875000
ml,p95,2608,2026-10-13,2314.451904,10.000000,2031.732910,50.000000,0.000000,0.000000,-0.000000,0.000000,0.000000,2698.155273,50.000000,0.000000,0.000000,-0.000000,0.000000,0.000000,2290.007080,50.000000,0.000000,0.000000,-0.000000,0.000000,0.000000,0.000000,-475076.875000,23390.535156,-498467.406250,1284672.250000,786204.875000
ml,p95,2608,2026-10-14,2311.088379,10.000000,2031.732910,50.000000,0.000000,0.000000,-0.000000,0.000000,0.000000,2698.155273,50.000000,0.000000,0.000000,-0.000000,0.000000,0.000000,2312.099121,50.000000,0.000000,0.000000,-0.000000,0.000000,0.000000,0.000000,-475076.875000,23390.535156,-498467.406250,1284672.250000,786204.875000
ml,p95,2608,2026-10-15,2352.265137,10.000000,2031.732910,50.000000,0.000000,0.000000,-0.000000,0.000000,0.000000,2698.155273,50.000000,0.000000,0.000000,-0.000000,0.000000,0.000000,2325.494385,50.000000,0.000000,0.000000,-0.000000,0.000000,0.000000,0.000000,-475076.875000,23390.535156,-498467.406250,1284672.250000,786204.875000
ml,p95,2608,2026-10-16,2304.252930,10.000000,2031.732910,50.000000,0.000000,0.000000,-0.000000,0.000000,0.000000,2698.155273,50.000000,0.000000,0.000000,-0.000000,0.000000,0.000000,2281.588135,50.000000,0.000000,0.000000,-0.000000,0.000000,0.000000,0.000000,-475076.875000,23390.535156,-498467.406250,1284672.250000,786204.875000
ml,p95,2608,2026-10-17,2273.053711,10.000000,2031.732910,50.000000,0.000000,0.000000,-0.000000,0.000000,0.000000,2698.155273,50.000000,0.000000,0.000000,-0.000000,0.000000,0.000000,2275.822754,50.000000,0.000000,0.000000,-0.000000,0.000000,0.000000,0.000000,-475076.875000,23390.535156,-498467.406250,1284672.250000,786204.875000
ml,p95,2608,2026-10-18,2170.943359,10.000000,2031.732910,50.000000,0.000000,0.000000,-0.000000,0.000000,0.000000,2698.155273,50.000000,0.000000,0.000000,-0.000000,0.000000,0.000000,2158.647949,50.000000,0.000000,0.000000,-0.000000,0.000000,0.000000,0.000000,-475076.875000,23390.535156,-498467.406250,1284672.250000,786204.875000
ml,p95,2608,2026-10-19,2168.320801,10.000000,2031.732910,50.000000,0.000000,0.000000,-0.000000,0.000000,0.000000,2698.155273,50.000000,0.000000,0.000000,-0.000000,0.000000,0.000000,2159.098877,50.000000,0.000000,0.000000,-0.000000,0.000000,0.000000,0.000000,-475076.875000,23390.535156,-498467.406250,1284672.250000,786204.875000
ml,p95,2608,2026-10-20,2126.916016,10.000000,2031.732910,50.000000,0.000000,0.000000,-0.000000,0.000000,0.000000,2698.155273,50.000000,0.000000,0.000000,-0.000000,0.000000,0.000000,2109.455322,50.000000,0.000000,0.000000,-0.000000,0.000000,0.000000,0.000000,-475076.875000,23390.535156,-498467.406250,1284672.250000,786204.875000
ml,p95,2608,2026-10-21,2096.265137,10.000000,2031.732910,50.000000,0.000000,0.000000,-0.000000,0.000000,0.000000,2698.155273,50.000000,0.000000,0.000000,-0.000000,0.000000,0.000000,2059.398193,50.000000,0.000000,0.000000,-0.000000,0.000000,0.000000,0.000000,-475076.875000,23390.535156,-498467.406250,1284672.250000,786204.875000
ml,p95,2608,2026-10-22,2058.101074,10.000000,2031.732910,50.000000,0.000000,0.000000,-0.000000,0.000000,0.000000,2698.155273,50.000000,0.000000,0.000000,-0.000000,0.000000,0.000000,2050.719727,50.000000,0.000000,0.000000,-0.000000,0.000000,0.000000,0.000000,-475076.875000,23390.535156,-498467.406250,1284672.250000,786204.875000
ml,p95,2608,2026-10-23,2087.781006,10.000000,2031.732910,50.000000,0.000000,0.000000,-0.000000,0.000000,0.000000,2698.155273,50.000000,0.000000,0.000000,-0.000000,0.000000,0.000000,2095.600098,50.000000,0.000000,0.000000,-0.000000,0.000000,0.000000,0.000000,-475076.875000,23390.535156,-498467.406250,1284672.250000,786204.875000
ml,p95,2608,2026-10-24,2145.133545,10.000000,2031.732910,50.000000,0.000000,0.000000,-0.000000,0.000000,0.000000,2698.155273,50.000000,0.000000,0.000000,-0.000000,0.000000,0.000000,2161.818848,50.000000,0.000000,0.000000,-0.000000,0.000000,0.000000,0.000000,-475076.875000,23390.535156,-498467.406250,1284672.250000,786204.875000
ml,p95,2608,2026-10-25,2148.394775,10.000000,2031.732910,50.000000,0.000000,0.000000,-0.000000,0.000000,0.000000,2698.155273,50.000000,0.000000,0.000000,-0.000000,0.000000,0.000000,2165.474365,50.000000,0.000000,0.000000,-0.000000,0.000000,0.000000,0.000000,-475076.875000,23390.535156,-498467.406250,1284672.250000,786204.875000
ml,p95,2608,2026-10-26,2144.443115,10.000000,2031.732910,50.000000,0.000000,0.000000,-0.000000,0.000000,0.000000,2698.155273,50.000000,0.000000,0.000000,-0.000000,0.000000,0.000000,2151.964111,50.000000,0.000000,0.000000,-0.000000,0.000000,0.000000,0.000000,-475076.875000,23390.535156,-498467.406250,1284672.250000,786204.875000
ml,p95,2608,2026-10-27,2146.297852,10.000000,2031.732910,50.000000,0.000000,0.000000,-0.000000,0.000000,0.000000,2698.155273,50.000000,0.000000,0.000000,-0.000000,0.000000,0.000000,2146.031250,50.000000,0.000000,0.000000,-0.000000,0.000000,0.000000,0.000000,-475076.875000,23390.535156,-498467.406250,1284672.250000,786204.875000
ml,p95,2608,2026-10-28,2190.552979,10.000000,2031.732910,50.000000,0.000000,0.000000,-0.000000,0.000000,0.000000,2698.155273,50.000000,0.000000,0.000000,-0.000000,0.000000,0.000000,2164.655762,50.000000,0.000000,0.000000,-0.000000,0.000000,0.000000,0.000000,-475076.875000,23390.535156,-498467.406250,1284672.250000,786204.875000
ml,p95,2608,2026-10-29,2142.275635,10.000000,2031.732910,50.000000,0.000000,0.000000,-0.000000,0.000000,0.000000,2698.155273,50.000000,0.000000,0.000000,-0.000000,0.000000,0.000000,2109.148926,50.000000,0.000000,0.000000,-0.000000,0.000000,0.000000,0.000000,-475076.875000,23390.535156,-498467.406250,1284672.250000,786204.875000
ml,p95,2608,2026-10-30,2169.922852,10.000000,2031.732910,50.000000,0.000000,0.000000,-0.000000,0.000000,0.000000,2698.155273,50.000000,0.000000,0.000000,-0.000000,0.000000,0.000000,2109.148926,50.000000,0.000000,0.000000,-0.000000,0.000000,0.000000,0.000000,-475076.875000,23390.535156,-498467.406250,1284672.250000,786204.875000
ml,best,6432,2026-04-10,2055.000244,10.000000,2026.171509,50.000000,-1.000000,-1.000000,101308.578125,50.654285,-101308.578125,2047.068848,50.000000,-1.000000,-1.000000,102353.445312,51.176720,-102353.445312,2070.749756,50.000000,-1.000000,-1.000000,103537.484375,51.768742,-103537.484375,-307199.500000,307199.500000,153.599747,-153.599747,29559.361328,29405.761719
ml,best,6432,2026-04-11,2089.393311,10.000000,2060.490723,50.000000,-1.000000,0.000000,-0.000000,0.000000,-103024.539062,2079.912842,50.000000,-1.000000,0.000000,-0.000000,0.000000,-103995.640625,2102.766846,50.000000,-1.000000,0.000000,-0.000000,0.000000,-105138.343750,-312158.531250,307199.500000,153.599747,-5112.630859,120494.648438,115382.015625
ml,best,6432,2026-04-12,2094.881104,10.000000,2077.209473,50.000000,-1.000000,0.000000,-0.000000,0.000000,-103860.476562,2096.866211,50.000000,-1.000000,0.000000,-0.000000,0.000000,-104843.312500,2119.405518,50.000000,-1.000000,0.000000,-0.000000,0.000000,-105970.273438,-314674.062500,307199.500000,153.599747,-7628.162109,135670.203125,128042.039062
ml,best,6432,2026-04-13,2135.912598,10.000000,2148.310547,50.000000,-2.000000,-1.000000,107415.531250,53.707760,-214831.062500,2167.713379,50.000000,-2.000000,-1.000000,108385.671875,54.192837,-216771.343750,2189.538330,50.000000,-4.000000,-3.000000,328430.750000,164.215363,-437907.656250,-869510.062500,851431.500000,425.715698,-18504.277344,240357.343750,221853.062500
ml,best,6432,2026-04-14,2187.407959,10.000000,2211.915039,50.000000,-3.000000,-1.000000,110595.750000,55.297874,-331787.250000,2235.255859,50.000000,-3.000000,-1.000000,111762.796875,55.881397,-335288.375000,2259.994873,50.000000,-7.000000,-3.000000,338999.218750,169.499603,-790998.187500,-1458073.750000,1412789.250000,706.394531,-45990.894531,375937.500000,329946.593750
ml,best,6432,2026-04-15,2220.282227,10.000000,2253.336670,50.000000,-4.000000,-1.000000,112666.835938,56.333416,-450667.343750,2277.785400,50.000000,-4.000000,-1.000000,113889.273438,56.944637,-455557.093750,2303.279053,50.000000,-10.000000,-3.000000,345491.843750,172.745926,-1151639.500000,-2057864.000000,1984837.125000,992.418518,-74019.296875,464771.531250,390752.250000
ml,best,6432,2026-04-16,2268.114502,10.000000,2275.484863,50.000000,-5.000000,-1.000000,113774.242188,56.887115,-568871.187500,2299.724609,50.000000,-7.000000,-3.000000,344958.687500,172.479355,-804903.625000,2325.299316,50.000000,-13.000000,-3.000000,348794.906250,174.397461,-1511444.500000,-2885219.250000,2792365.000000,1396.182495,-94250.429688,594060.312500,499809.875000
ml,best,6432,2026-04-17,2280.248047,10.000000,2274.152588,50.000000,-5.000000,0.000000,-0.000000,0.000000,-568538.125000,2298.302979,50.000000,-10.000000,-3.000000,344745.468750,172.372711,-1149151.500000,2324.261475,50.000000,-11.000000,2.000000,-232426.140625,116.213074,-1278343.875000,-2996033.500000,2904684.250000,1684.768311,-93034.015625,631900.687500,538866.687500
ml,best,6432,2026-04-18,2395.657715,10.000000,2411.388428,50.000000,-5.000000,0.000000,-0.000000,0.000000,-602847.125000,2436.236816,50.000000,-10.000000,0.000000,-0.000000,0.000000,-1218118.375000,2464.897705,50.000000,-11.000000,0.000000,-0.000000,0.000000,-1355693.750000,-3176659.250000,2904684.250000,1684.768311,-273659.781250,938668.125000,665008.375000
ml,best,6432,2026-04-19,2366.415527,10.000000,2386.524658,50.000000,-5.000000,0.000000,-0.000000,0.000000,-596631.125000,2409.176758,50.000000,-10.000000,0.000000,-0.000000,0.000000,-1204588.375000,2437.050293,50.000000,-11.000000,0.000000,-0.000000,0.000000,-1340377.625000,-3141597.000000,2904684.250000,1684.768311,-238597.515625,872285.875000,633688.375000
ml,best,6432,2026-04-20,2390.187500,10.000000,2403.977295,50.000000,-6.000000,-1.000000,120198.867188,60.099430,-721193.187500,2427.021729,50.000000,-9.000000,1.000000,-121351.085938,60.675541,-1092159.750000,2455.287842,50.000000,-9.000000,2.000000,-245528.781250,122.764381,-1104879.500000,-2918232.500000,2658003.250000,1928.307617,-262157.562500,937368.187500,675210.625000
ml,best,6432,2026-04-21,2459.386719,10.000000,2468.773438,50.000000,-5.000000,1.000000,-123438.671875,61.719337,-617193.375000,2491.430176,50.000000,-8.000000,1.000000,-124571.507812,62.285755,-996572.062500,2518.918457,50.000000,-12.000000,-3.000000,377837.781250,188.918884,-1511351.125000,-3125116.500000,2787831.000000,2241.231689,-339526.718750,1113144.125000,773617.375000
ml,best,6432,2026-04-22,2417.928711,10.000000,2405.289062,50.000000,-6.000000,-1.000000,120264.453125,60.132225,-721586.750000,2427.780762,50.000000,-10.000000,-2.000000,242778.078125,121.389038,-1213890.375000,2453.262451,50.000000,-10.000000,2.000000,-245326.250000,122.663124,-1226631.250000,-3162108.500000,2905547.250000,2545.416016,-259106.671875,1017185.000000,758078.312500
ml,best,6432,2026-04-23,2477.159912,10.000000,2474.239258,50.000000,-5.000000,1.000000,-123711.960938,61.855980,-618559.812500,2495.034180,50.000000,-8.000000,2.000000,-249503.421875,124.751709,-998013.687500,2519.197021,50.000000,-8.000000,2.000000,-251919.703125,125.959846,-1007678.812500,-2624252.250000,2280412.000000,2857.983398,-346698.218750,1165415.375000,818717.125000
ml,best,6432,2026-04-24,2446.219482,10.000000,2440.288574,50.000000,-6.000000,-1.000000,122014.429688,61.007210,-732086.562500,2459.431396,50.000000,-10.000000,-2.000000,245943.140625,122.971573,-1229715.750000,2481.273193,50.000000,-11.000000,-3.000000,372190.968750,186.095459,-1364700.250000,-3326502.500000,3020560.500000,3228.057617,-309170.062500,1102240.250000,793070.187500
ml,best,6432,2026-04-25,2483.534668,10.000000,2476.735596,50.000000,-6.000000,0.000000,-0.000000,0.000000,-743020.687500,2496.652832,50.000000,-10.000000,0.000000,-0.000000,0.000000,-1248326.375000,2518.735107,50.000000,-11.000000,0.000000,-0.000000,0.000000,-1385304.250000,-3376651.250000,3020560.500000,3228.057617,-359318.812500,1209547.000000,850228.187500
ml,best,6432,2026-04-26,2511.406006,10.000000,2489.570312,50.000000,-6.000000,0.000000,-0.000000,0.000000,-746871.125000,2510.056396,50.000000,-10.000000,0.000000,-0.000000,0.000000,-1255028.250000,2530.905518,50.000000,-11.000000,0.000000,-0.000000,0.000000,-1391998.000000,-3393897.500000,3020560.500000,3228.057617,-376565.062500,1283900.125000,907335.062500
ml,best,6432,2026-04-27,2508.866211,10.000000,2484.493652,50.000000,-6.000000,0.000000,-0.000000,0.000000,-745348.125000,2507.035889,50.000000,-9.000000,1.000000,-125351.796875,62.675900,-1128166.125000,2527.170898,50.000000,-9.000000,2.000000,-252717.093750,126.358543,-1137227.000000,-3010741.250000,2642491.750000,3417.092285,-371666.593750,1277762.000000,906095.375000
ml,best,6432,2026-04-28,2533.503662,10.000000,2540.584229,50.000000,-5.000000,1.000000,-127029.210938,63.514606,-635146.062500,2561.277100,50.000000,-8.000000,1.000000,-128063.851562,64.031921,-1024510.812500,2579.688232,50.000000,-12.000000,-3.000000,386953.218750,193.476608,-1547812.875000,-3207469.750000,2774352.000000,3738.115234,-436855.875000,1342853.750000,905997.875000
ml,best,6432,2026-04-29,2561.702393,10.000000,2556.775879,50.000000,-4.000000,1.000000,-127838.796875,63.919399,-511355.187500,2578.516602,50.000000,-7.000000,1.000000,-128925.828125,64.462914,-902480.875000,2597.947998,50.000000,-10.000000,2.000000,-259794.796875,129.897400,-1298974.000000,-2712810.000000,2257792.500000,3996.395020,-459013.906250,1421301.500000,962287.625000
ml,best,6432,2026-04-30,2612.295898,10.000000,2556.775879,50.000000,-3.000000,1.000000,-127838.796875,63.919399,-383516.375000,2657.486572,50.000000,-10.000000,-3.000000,398623.000000,199.311493,-1328743.250000,2676.917969,50.000000,-8.000000,2.000000,-267691.812500,133.845901,-1070767.250000,-2783027.000000,2260885.000000,4393.471680,-526535.500000,1557798.500000,1031263.000000
ml,best,6432,2026-05-01,2667.146240,10.000000,2556.775879,50.000000,-3.000000,0.000000,-0.000000,0.000000,-383516.375000,2731.366211,50.000000,-8.000000,2.000000,-273136.625000,136.568314,-1092546.500000,2753.064941,50.000000,-11.000000,-3.000000,412959.750000,206.479858,-1514185.750000,-2990248.500000,2400708.000000,4736.520508,-594277.000000,1687050.375000,1092773.375000
ml,best,6432,2026-05-02,2618.787598,10.000000,2556.775879,50.000000,-3.000000,0.000000,-0.000000,0.000000,-383516.375000,2635.820801,50.000000,-8.000000,0.000000,-0.000000,0.000000,-1054328.375000,2657.255127,50.000000,-11.000000,0.000000,-0.000000,0.000000,-1461490.375000,-2899335.000000,2400708.000000,4736.520508,-503363.531250,1555098.000000,1051734.500000
ml,best,6432,2026-05-03,2603.206055,10.000000,2556.775879,50.000000,-3.000000,0.000000,-0.000000,0.000000,-383516.375000,2611.490479,50.000000,-8.000000,0.000000,-0.000000,0.000000,-1044596.187500,2634.920654,50.000000,-11.000000,0.000000,-0.000000,0.000000,-1449206.375000,-2877319.000000,2400708.000000,4736.520508,-481347.531250,1520901.250000,1039553.750000
ml,best,6432,2026-05-04,2596.567627,10.000000,2556.775879,50.000000,-3.000000,0.000000,-0.000000,0.000000,-383516.375000,2606.136230,50.000000,-11.000000,-3.000000,390920.437500,195.460205,-1433374.875000,2626.338379,50.000000,-14.000000,-3.000000,393950.750000,196.975388,-1838436.875000,-3655328.000000,3185579.250000,5128.956055,-474877.718750,1502629.000000,1027751.250000
ml,best,6432,2026-05-05,2620.080322,10.000000,2556.775879,50.000000,-3.000000,0.000000,-0.000000,0.000000,-383516.375000,2643.436768,50.000000,-9.000000,2.000000,-264343.687500,132.171844,-1189546.625000,2664.389404,50.000000,-11.000000,3.000000,-399658.406250,199.829193,-1465414.125000,-3038477.000000,2521577.250000,5460.956543,-522360.718750,1567664.250000,1045303.500000
ml,best,6432,2026-05-06,2624.794434,10.000000,2556.775879,50.000000,-3.000000,0.000000,-0.000000,0.000000,-383516.375000,2653.377197,50.000000,-8.000000,1.000000,-132668.859375,66.334427,-1061350.875000,2674.401611,50.000000,-9.000000,2.000000,-267440.156250,133.720078,-1203480.750000,-2648348.000000,2121468.000000,5661.011230,-532541.000000,1571902.625000,1039361.625000
ml,best,6432,2026-05-07,2607.349121,10.000000,2556.775879,50.000000,-3.000000,0.000000,-0.000000,0.000000,-383516.375000,2611.884277,50.000000,-10.000000,-2.000000,261188.421875,130.594208,-1305942.250000,2631.701660,50.000000,-12.000000,-3.000000,394755.250000,197.377594,-1579021.000000,-3268479.500000,2777411.750000,5988.982910,-497056.718750,1514418.000000,1017361.250000
ml,best,6432,2026-05-08,2612.004395,10.000000,2556.775879,50.000000,-3.000000,0.000000,-0.000000,0.000000,-383516.375000,2642.134277,50.000000,-8.000000,2.000000,-264213.437500,132.106720,-1056853.750000,2660.676514,50.000000,-9.000000,3.000000,-399101.468750,199.550751,-1197304.375000,-2637674.500000,2114096.750000,6320.640625,-529898.375000,1521057.000000,991158.625000
ml,best,6432,2026-05-09,2654.009277,10.000000,2556.775879,50.000000,-3.000000,0.000000,-0.000000,0.000000,-383516.375000,2670.235840,50.000000,-8.000000,0.000000,-0.000000,0.000000,-1068094.375000,2688.732910,50.000000,-9.000000,0.000000,-0.000000,0.000000,-1209929.750000,-2661540.500000,2114096.750000,6320.640625,-553764.375000,1629776.500000,1076012.125000
ml,best,6432,2026-05-10,2652.864258,10.000000,2556.775879,50.000000,-3.000000,0.000000,-0.000000,0.000000,-383516.375000,2654.449951,50.000000,-8.000000,0.000000,-0.000000,0.000000,-1061780.000000,2673.691650,50.000000,-9.000000,0.000000,-0.000000,0.000000,-1203161.250000,-2648457.500000,2114096.750000,6320.640625,-540681.375000,1628136.875000,1087455.500000
ml,best,6432,2026-05-11,2632.117920,10.000000,2556.775879,50.000000,-3.000000,0.000000,-0.000000,0.000000,-383516.375000,2627.913574,50.000000,-11.000000,-3.000000,394187.031250,197.093506,-1445352.500000,2646.463379,50.000000,-12.000000,-3.000000,396969.500000,198.484741,-1587878.000000,-3416747.000000,2905253.500000,6716.218750,-518209.718750,1567548.500000,1049338.750000
ml,best,6432,2026-05-12,2615.652588,10.000000,2556.775879,50.000000,-3.000000,0.000000,-0.000000,0.000000,-383516.375000,2614.272949,50.000000,-9.000000,2.000000,-261427.296875,130.713654,-1176422.875000,2633.836182,50.000000,-10.000000,2.000000,-263383.625000,131.691803,-1316918.125000,-2876857.500000,2380442.500000,6978.624023,-503393.625000,1527001.875000,1023608.250000
ml,best,6432,2026-05-13,2649.669678,10.000000,2556.775879,50.000000,-3.000000,0.000000,-0.000000,0.000000,-383516.375000,2668.090332,50.000000,-7.000000,2.000000,-266809.031250,133.404510,-933831.625000,2688.003174,50.000000,-7.000000,3.000000,-403200.500000,201.600220,-940801.062500,-2258149.000000,1710433.000000,7313.628906,-555029.625000,1609350.625000,1054321.000000
ml,best,6432,2026-05-14,2636.071777,10.000000,2556.775879,50.000000,-3.000000,0.000000,-0.000000,0.000000,-383516.375000,2681.807373,50.000000,-10.000000,-3.000000,402271.093750,201.135559,-1340903.750000,2694.218262,50.000000,-10.000000,-3.000000,404132.750000,202.066345,-1347109.125000,-3071529.250000,2516837.000000,7716.831055,-562409.062500,1575320.875000,1012911.812500
ml,best,6432,2026-05-15,2689.488037,10.000000,2556.775879,50.000000,-3.000000,0.000000,-0.000000,0.000000,-383516.375000,2705.906982,50.000000,-7.000000,3.000000,-405886.031250,202.943024,-947067.500000,2718.309570,50.000000,-7.000000,3.000000,-407746.437500,203.873230,-951408.375000,-2281992.250000,1703204.250000,8123.647461,-586911.625000,1713057.500000,1126145.875000
ml,best,6432,2026-05-16,2719.757568,10.000000,2556.775879,50.000000,-3.000000,0.000000,-0.000000,0.000000,-383516.375000,2735.365967,50.000000,-7.000000,0.000000,-0.000000,0.000000,-957378.125000,2742.349121,50.000000,-7.000000,0.000000,-0.000000,0.000000,-959822.187500,-2300716.750000,1703204.250000,8123.647461,-605636.125000,1786333.625000,1180697.500000
ml,best,6432,2026-05-17,2737.190186,10.000000,2556.775879,50.000000,-3.000000,0.000000,-0.000000,0.000000,-383516.375000,2750.230225,50.000000,-7.000000,0.000000,-0.000000,0.000000,-962580.562500,2755.507568,50.000000,-7.000000,0.000000,-0.000000,0.000000,-964427.625000,-2310524.500000,1703204.250000,8123.647461,-615443.875000,1828362.750000,1212918.875000
ml,best,6432,2026-05-18,2742.096924,10.000000,2556.775879,50.000000,-2.000000,1.000000,-127838.796875,63.919399,-255677.593750,2757.388184,50.000000,-10.000000,-3.000000,413608.187500,206.804108,-1378694.125000,2766.452637,50.000000,-10.000000,-3.000000,414967.875000,207.483917,-1383226.375000,-3017598.000000,2403941.500000,8601.854492,-622258.375000,1840258.125000,1217999.750000
ml,best,6432,2026-05-19,2710.274414,10.000000,2556.775879,50.000000,-2.000000,0.000000,-0.000000,0.000000,-255677.593750,2713.040771,50.000000,-8.000000,2.000000,-271304.062500,135.652023,-1085216.250000,2718.802490,50.000000,-13.000000,-3.000000,407820.375000,203.910187,-1767221.625000,-3108115.500000,2540458.000000,8941.416992,-576598.937500,1761229.625000,1184630.750000
ml,best,6432,2026-05-20,2718.559570,10.000000,2556.775879,50.000000,-2.000000,0.000000,-0.000000,0.000000,-255677.593750,2726.939209,50.000000,-6.000000,2.000000,-272693.906250,136.346939,-818081.750000,2728.320312,50.000000,-10.000000,3.000000,-409248.062500,204.624023,-1364160.125000,-2437919.500000,1858516.000000,9282.387695,-588685.875000,1781296.375000,1192610.500000
ml,best,6432,2026-05-21,2710.022461,10.000000,2556.775879,50.000000,-2.000000,0.000000,-0.000000,0.000000,-255677.593750,2725.812744,50.000000,-9.000000,-3.000000,408871.937500,204.435944,-1226615.750000,2734.192871,50.000000,-8.000000,2.000000,-273419.281250,136.709641,-1093677.125000,-2575970.500000,1993968.625000,9623.533203,-591625.437500,1755207.875000,1163582.500000
ml,best,6432,2026-05-22,2707.849854,10.000000,2556.775879,50.000000,-2.000000,0.000000,-0.000000,0.000000,-255677.593750,2776.667969,50.000000,-7.000000,2.000000,-277666.812500,138.833389,-971833.812500,2786.681885,50.000000,-11.000000,-3.000000,418002.281250,209.001129,-1532675.000000,-2760186.500000,2134304.000000,9971.367188,-635853.875000,1742604.750000,1106750.875000
ml,best,6432,2026-05-23,2700.824463,10.000000,2556.775879,50.000000,-2.000000,0.000000,-0.000000,0.000000,-255677.593750,2738.863037,50.000000,-7.000000,0.000000,-0.000000,0.000000,-958602.062500,2746.907959,50.000000,-11.000000,0.000000,-0.000000,0.000000,-1510799.375000,-2725079.000000,2134304.000000,9971.367188,-600746.375000,1728795.000000,1128048.625000
ml,best,6432,2026-05-24,2752.460205,10.000000,2556.775879,50.000000,-2.000000,0.000000,-0.000000,0.000000,-255677.593750,2782.676270,50.000000,-7.000000,0.000000,-0.000000,0.000000,-973936.750000,2787.038574,50.000000,-11.000000,0.000000,-0.000000,0.000000,-1532871.250000,-2762485.500000,2134304.000000,9971.367188,-638152.875000,1858921.375000,1220768.500000
ml,best,6432,2026-05-25,2722.666748,10.000000,2556.775879,50.000000,-2.000000,0.000000,-0.000000,0.000000,-255677.593750,2753.895020,50.000000,-7.000000,0.000000,-0.000000,0.000000,-963863.250000,2764.057129,50.000000,-11.000000,0.000000,-0.000000,0.000000,-1520231.500000,-2739772.500000,2134304.000000,9971.367188,-615439.875000,1776966.625000,1161526.750000
ml,best,6432,2026-05-26,2724.170410,10.000000,2556.775879,50.000000,-2.000000,0.000000,-0.000000,0.000000,-255677.593750,2768.863525,50.000000,-10.000000,-3.000000,415329.531250,207.664764,-1384431.750000,2778.791016,50.000000,-8.000000,3.000000,-416818.656250,208.409317,-1111516.375000,-2751625.750000,2132815.000000,10387.441406,-629198.187500,1778778.375000,1149580.250000
ml,best,6432,2026-05-27,2653.010986,10.000000,2556.775879,50.000000,-2.000000,0.000000,-0.000000,0.000000,-255677.593750,2663.836182,50.000000,-8.000000,2.000000,-266383.625000,133.191803,-1065534.500000,2669.157715,50.000000,-11.000000,-3.000000,400373.656250,200.186829,-1468036.750000,-2789249.000000,2266805.000000,10720.820312,-533164.812500,1600281.750000,1067117.000000
ml,best,6432,2026-05-28,2599.988037,10.000000,2556.775879,50.000000,-2.000000,0.000000,-0.000000,0.000000,-255677.593750,2590.621582,50.000000,-11.000000,-3.000000,388593.250000,194.296600,-1424841.875000,2600.091553,50.000000,-8.000000,3.000000,-390013.718750,195.006866,-1040036.625000,-2720556.000000,2265384.500000,11110.123047,-466281.625000,1469398.750000,1003117.125000
ml,best,6432,2026-05-29,2683.931885,10.000000,2556.775879,50.000000,-2.000000,0.000000,-0.000000,0.000000,-255677.593750,2708.092041,50.000000,-8.000000,3.000000,-406213.812500,203.106903,-1083236.875000,2718.319092,50.000000,-11.000000,-3.000000,407747.843750,203.873901,-1495075.500000,-2833990.000000,2266918.500000,11517.104492,-578588.625000,1679354.250000,1100765.625000
ml,best,6432,2026-05-30,2678.873779,10.000000,2556.775879,50.000000,-2.000000,0.000000,-0.000000,0.000000,-255677.593750,2695.027588,50.000000,-8.000000,0.000000,-0.000000,0.000000,-1078011.000000,2702.354492,50.000000,-11.000000,0.000000,-0.000000,0.000000,-1486294.875000,-2819983.500000,2266918.500000,11517.104492,-564582.125000,1666564.625000,1101982.500000
ml,best,6432,2026-05-31,2781.611328,10.000000,2556.775879,50.000000,-2.000000,0.000000,-0.000000,0.000000,-255677.593750,2792.710693,50.000000,-8.000000,0.000000,-0.000000,0.000000,-1117084.250000,2796.396729,50.000000,-11.000000,0.000000,-0.000000,0.000000,-1538018.125000,-2910780.000000,2266918.500000,11517.104492,-655378.625000,1918142.125000,1262763.500000
ml,best,6432,2026-06-01,2787.380371,10.000000,2556.775879,50.000000,-2.000000,0.000000,-0.000000,0.000000,-255677.593750,2796.563965,50.000000,-5.000000,3.000000,-419484.562500,209.742310,-699141.000000,2797.790771,50.000000,-8.000000,3.000000,-419668.593750,209.834290,-1119116.250000,-2073934.875000,1427765.500000,11936.681641,-658106.062500,1930843.750000,1272737.750000
ml,best,6432,2026-06-02,2862.531494,10.000000,2556.775879,50.000000,-2.000000,0.000000,-0.000000,0.000000,-255677.593750,2875.789551,50.000000,-8.000000,-3.000000,431368.468750,215.684235,-1150315.875000,2876.545410,50.000000,-5.000000,3.000000,-431481.843750,215.740875,-719136.312500,-2125129.750000,1427652.000000,12368.106445,-709845.875000,2121462.750000,1411616.875000
ml,best,6432,2026-06-03,2927.510986,10.000000,2556.775879,50.000000,-2.000000,0.000000,-0.000000,0.000000,-255677.593750,2955.836914,50.000000,-5.000000,3.000000,-443375.531250,221.687759,-738959.250000,2954.479736,50.000000,-8.000000,-3.000000,443171.968750,221.585968,-1181791.875000,-2176428.750000,1427448.500000,12811.379883,-761791.625000,2289460.250000,1527668.625000
ml,best,6432,2026-06-04,2918.711670,10.000000,2556.775879,50.000000,-2.000000,0.000000,-0.000000,0.000000,-255677.593750,2932.336914,50.000000,-8.000000,-3.000000,439850.531250,219.925278,-1172934.750000,2932.979736,50.000000,-11.000000,-3.000000,439946.968750,219.973480,-1613138.875000,-3041751.250000,2307246.000000,13251.279297,-747756.500000,2262492.750000,1514736.250000
ml,best,6432,2026-06-05,3023.572998,10.000000,2556.775879,50.000000,-2.000000,0.000000,-0.000000,0.000000,-255677.593750,3062.017334,50.000000,-5.000000,3.000000,-459302.593750,229.651291,-765504.375000,3060.049805,50.000000,-8.000000,3.000000,-459007.468750,229.503723,-1224019.875000,-2245202.000000,1388936.000000,13710.433594,-869976.437500,2523843.250000,1653866.750000
ml,best,6432,2026-06-06,3049.365967,10.000000,2556.775879,50.000000,-2.000000,0.000000,-0.000000,0.000000,-255677.593750,3078.259277,50.000000,-5.000000,0.000000,-0.000000,0.000000,-769564.875000,3078.958740,50.000000,-8.000000,0.000000,-0.000000,0.000000,-1231583.500000,-2256826.000000,1388936.000000,13710.433594,-881600.437500,2585980.000000,1704379.500000
ml,best,6432,2026-06-07,3043.645020,10.000000,2556.775879,50.000000,-2.000000,0.000000,-0.000000,0.000000,-255677.593750,3066.862549,50.000000,-5.000000,0.000000,-0.000000,0.000000,-766715.625000,3066.950928,50.000000,-8.000000,0.000000,-0.000000,0.000000,-1226780.375000,-2249173.500000,1388936.000000,13710.433594,-873947.937500,2572861.000000,1698913.000000
ml,best,6432,2026-06-08,3090.676270,10.000000,2556.775879,50.000000,-2.000000,0.000000,-0.000000,0.000000,-255677.593750,3116.129883,50.000000,-8.000000,-3.000000,467419.468750,233.709747,-1246452.000000,3120.610107,50.000000,-5.000000,3.000000,-468091.500000,234.045746,-780152.562500,-2282282.250000,1388263.875000,14178.189453,-908196.562500,2693807.500000,1785611.000000
ml,best,6432,2026-06-09,3084.707520,10.000000,2556.775879,50.000000,-2.000000,0.000000,-0.000000,0.000000,-255677.593750,3111.753906,50.000000,-5.000000,3.000000,-466763.093750,233.381516,-777938.500000,3111.340088,50.000000,-8.000000,-3.000000,466701.031250,233.350494,-1244536.000000,-2278152.000000,1388201.750000,14644.921875,-904595.187500,2668633.750000,1764038.500000
ml,best,6432,2026-06-10,3081.817139,10.000000,2556.775879,50.000000,-2.000000,0.000000,-0.000000,0.000000,-255677.593750,3100.528809,50.000000,-8.000000,-3.000000,465079.312500,232.539642,-1240211.500000,3099.815674,50.000000,-11.000000,-3.000000,464972.375000,232.486145,-1704898.625000,-3200787.750000,2318253.500000,15109.947266,-897644.187500,2659327.500000,1761683.250000
ml,best,6432,2026-06-11,3085.437012,10.000000,2556.775879,50.000000,-2.000000,0.000000,-0.000000,0.000000,-255677.593750,3099.026123,50.000000,-5.000000,3.000000,-464853.906250,232.426971,-774756.562500,3101.701416,50.000000,-8.000000,3.000000,-465255.218750,232.627594,-1240680.625000,-2271114.750000,1388144.250000,15575.001953,-898545.500000,2669890.750000,1771345.250000
ml,best,6432,2026-06-12,3076.687012,10.000000,2556.775879,50.000000,-2.000000,0.000000,-0.000000,0.000000,-255677.593750,3088.587891,50.000000,-8.000000,-3.000000,463288.187500,231.644073,-1235435.125000,3092.487061,50.000000,-11.000000,-3.000000,463873.062500,231.936539,-1700868.000000,-3191980.750000,2315305.500000,16038.582031,-892713.812500,2643471.250000,1750757.500000
ml,best,6432,2026-06-13,3121.673584,10.000000,2556.775879,50.000000,-2.000000,0.000000,-0.000000,0.000000,-255677.593750,3129.591553,50.000000,-8.000000,0.000000,-0.000000,0.000000,-1251836.625000,3130.557617,50.000000,-11.000000,0.000000,-0.000000,0.000000,-1721806.625000,-3229321.000000,2315305.500000,16038.582031,-930054.062500,2756839.750000,1826785.750000
ml,best,6432,2026-06-14,3095.124512,10.000000,2556.775879,50.000000,-2.000000,0.000000,-0.000000,0.000000,-255677.593750,3122.242676,50.000000,-8.000000,0.000000,-0.000000,0.000000,-1248897.125000,3125.451660,50.000000,-11.000000,0.000000,-0.000000,0.000000,-1718998.500000,-3223573.250000,2315305.500000,16038.582031,-924306.312500,2687476.750000,1763170.500000
ml,best,6432,2026-06-15,3061.624756,10.000000,2556.775879,50.000000,-2.000000,0.000000,-0.000000,0.000000,-255677.593750,3085.716797,50.000000,-5.000000,3.000000,-462857.531250,231.428772,-771429.187500,3088.492920,50.000000,-8.000000,3.000000,-463273.937500,231.636963,-1235397.125000,-2262504.000000,1389174.125000,16501.648438,-889831.500000,2603111.000000,1713279.500000
ml,best,6432,2026-06-16,3057.385010,10.000000,2556.775879,50.000000,-2.000000,0.000000,-0.000000,0.000000,-255677.593750,3043.051270,50.000000,-8.000000,-3.000000,456457.718750,228.228836,-1217220.500000,3044.212646,50.000000,-11.000000,-3.000000,456631.875000,228.315918,-1674317.000000,-3147215.000000,2302263.750000,16958.191406,-861909.437500,2592743.250000,1730833.750000
ml,best,6432,2026-06-17,3045.416260,10.000000,2556.775879,50.000000,-2.000000,0.000000,-0.000000,0.000000,-255677.593750,3045.233398,50.000000,-5.000000,3.000000,-456785.000000,228.392517,-761308.375000,3046.751465,50.000000,-8.000000,3.000000,-457012.687500,228.506348,-1218700.625000,-2235686.500000,1388466.000000,17415.091797,-864635.562500,2557428.500000,1692793.000000
ml,best,6432,2026-06-18,3065.829102,10.000000,2556.775879,50.000000,-2.000000,0.000000,-0.000000,0.000000,-255677.593750,3069.652100,50.000000,-8.000000,-3.000000,460447.812500,230.223907,-1227860.875000,3075.530029,50.000000,-5.000000,3.000000,-461329.500000,230.664734,-768882.500000,-2252421.000000,1387584.375000,17875.980469,-882712.625000,2606511.250000,1723798.625000
ml,best,6432,2026-06-19,3117.198975,10.000000,2556.775879,50.000000,-2.000000,0.000000,-0.000000,0.000000,-255677.593750,3127.118896,50.000000,-8.000000,0.000000,-0.000000,0.000000,-1250847.500000,3132.872070,50.000000,-5.000000,0.000000,-0.000000,0.000000,-783218.000000,-2289743.000000,1387584.375000,17875.980469,-920034.625000,2731276.750000,1811242.125000
ml,best,6432,2026-06-20,3085.707764,10.000000,2556.775879,50.000000,-2.000000,0.000000,-0.000000,0.000000,-255677.593750,3107.229248,50.000000,-8.000000,0.000000,-0.000000,0.000000,-1242891.750000,3115.978516,50.000000,-5.000000,0.000000,-0.000000,0.000000,-778994.625000,-2277564.000000,1387584.375000,17875.980469,-907855.625000,2653332.750000,1745477.125000
ml,best,6432,2026-06-21,3080.835693,10.000000,2556.775879,50.000000,-2.000000,0.000000,-0.000000,0.000000,-255677.593750,3108.687988,50.000000,-8.000000,0.000000,-0.000000,0.000000,-1243475.250000,3116.266602,50.000000,-5.000000,0.000000,-0.000000,0.000000,-779066.625000,-2278219.500000,1387584.375000,17875.980469,-908511.125000,2640184.000000,1731672.875000
ml,best,6432,2026-06-22,3129.208496,10.000000,2556.775879,50.000000,-1.000000,1.000000,-127838.796875,63.919399,-127838.796875,3149.144043,50.000000,-5.000000,3.000000,-472371.593750,236.185791,-787286.062500,3154.193604,50.000000,-8.000000,-3.000000,473129.062500,236.564529,-1261677.500000,-2176802.500000,1260503.000000,18412.648438,-934712.125000,2756748.000000,1822035.875000
ml,best,6432,2026-06-23,3094.200684,10.000000,2556.775879,50.000000,-1.000000,0.000000,-0.000000,0.000000,-127838.796875,3104.375488,50.000000,-8.000000,-3.000000,465656.343750,232.828156,-1241750.250000,3109.736816,50.000000,-5.000000,3.000000,-466460.562500,233.230270,-777434.187500,-2147023.250000,1259698.875000,18878.707031,-906203.062500,2663564.000000,1757361.000000
ml,best,6432,2026-06-24,3126.857666,10.000000,2556.775879,50.000000,-1.000000,0.000000,-0.000000,0.000000,-127838.796875,3132.455322,50.000000,-5.000000,3.000000,-469868.312500,234.934143,-783113.812500,3136.396973,50.000000,-8.000000,-3.000000,470459.562500,235.229767,-1254558.750000,-2165511.500000,1260290.000000,19348.873047,-924570.375000,2743170.000000,1818599.625000
ml,best,6432,2026-06-25,3101.802490,10.000000,2556.775879,50.000000,-1.000000,0.000000,-0.000000,0.000000,-127838.796875,3111.944824,50.000000,-8.000000,-3.000000,466791.687500,233.395844,-1244777.875000,3113.367432,50.000000,-5.000000,3.000000,-467005.125000,233.502548,-778341.875000,-2150958.500000,1260076.625000,19815.769531,-910697.625000,2679764.750000,1769067.125000
ml,best,6432,2026-06-26,3125.331299,10.000000,2556.775879,50.000000,-1.000000,0.000000,-0.000000,0.000000,-127838.796875,3117.762451,50.000000,-5.000000,3.000000,-467664.343750,233.832184,-779440.625000,3123.240234,50.000000,-8.000000,-3.000000,468486.031250,234.243011,-1249296.125000,-2156575.500000,1260898.250000,20283.845703,-915961.125000,2737869.500000,1821908.375000
ml,best,6432,2026-06-27,3044.341797,10.000000,2556.775879,50.000000,-1.000000,0.000000,-0.000000,0.000000,-127838.796875,3039.284668,50.000000,-5.000000,0.000000,-0.000000,0.000000,-759821.187500,3042.946045,50.000000,-8.000000,0.000000,-0.000000,0.000000,-1217178.375000,-2104838.500000,1260898.250000,20283.845703,-864224.125000,2533669.250000,1669445.125000
ml,best,6432,2026-06-28,3004.830811,10.000000,2556.775879,50.000000,-1.000000,0.000000,-0.000000,0.000000,-127838.796875,3009.591797,50.000000,-5.000000,0.000000,-0.000000,0.000000,-752397.937500,3009.852539,50.000000,-8.000000,0.000000,-0.000000,0.000000,-1203941.000000,-2084177.750000,1260898.250000,20283.845703,-843563.375000,2430315.250000,1586751.875000
ml,best,6432,2026-06-29,3061.715332,10.000000,2556.775879,50.000000,-1.000000,0.000000,-0.000000,0.000000,-127838.796875,3082.343018,50.000000,-2.000000,3.000000,-462351.468750,231.175720,-308234.312500,3081.855469,50.000000,-5.000000,3.000000,-462278.312500,231.139160,-770463.875000,-1206537.000000,336268.531250,20746.160156,-891014.687500,2570413.750000,1679399.000000
ml,best,6432,2026-06-30,3067.215332,10.000000,2556.775879,50.000000,-1.000000,0.000000,-0.000000,0.000000,-127838.796875,3055.578613,50.000000,-5.000000,-3.000000,458336.812500,229.168396,-763894.625000,3058.658203,50.000000,-8.000000,-3.000000,458798.718750,229.399338,-1223463.250000,-2115196.750000,1253404.125000,21204.728516,-882997.375000,2582620.750000,1699623.375000
ml,best,6432,2026-07-01,3038.885498,10.000000,2556.775879,50.000000,-1.000000,0.000000,-0.000000,0.000000,-127838.796875,3042.494385,50.000000,-2.000000,3.000000,-456374.156250,228.187088,-304249.437500,3047.349365,50.000000,-5.000000,3.000000,-457102.406250,228.551208,-761837.375000,-1193925.625000,339927.500000,21661.466797,-875659.562500,2508333.250000,1632673.750000
ml,best,6432,2026-07-02,3067.970215,10.000000,2556.775879,50.000000,-1.000000,0.000000,-0.000000,0.000000,-127838.796875,3072.401123,50.000000,-5.000000,-3.000000,460860.156250,230.430084,-768100.312500,3079.640137,50.000000,-2.000000,3.000000,-461946.000000,230.972992,-307964.000000,-1203903.125000,338841.656250,22122.871094,-887184.375000,2576382.750000,1689198.375000
ml,best,6432,2026-07-03,3066.598389,10.000000,2556.775879,50.000000,-1.000000,0.000000,-0.000000,0.000000,-127838.796875,3075.971680,50.000000,-2.000000,3.000000,-461395.750000,230.697845,-307597.156250,3087.624268,50.000000,-5.000000,-3.000000,463143.656250,231.571838,-771906.062500,-1207342.000000,340589.562500,22585.140625,-889337.562500,2570970.500000,1681633.000000
ml,best,6432,2026-07-04,3095.372314,10.000000,2556.775879,50.000000,-1.000000,0.000000,-0.000000,0.000000,-127838.796875,3114.147217,50.000000,-2.000000,0.000000,-0.000000,0.000000,-311414.718750,3128.755859,50.000000,-5.000000,0.000000,-0.000000,0.000000,-782188.937500,-1221442.500000,340589.562500,22585.140625,-903438.062500,2632126.000000,1728688.000000
ml,best,6432,2026-07-05,3152.151367,10.000000,2556.775879,50.000000,-1.000000,0.000000,-0.000000,0.000000,-127838.796875,3192.358887,50.000000,-2.000000,0.000000,-0.000000,0.000000,-319235.875000,3207.545654,50.000000,-5.000000,0.000000,-0.000000,0.000000,-801886.437500,-1248961.125000,340589.562500,22585.140625,-930956.687500,2754204.750000,1823248.000000
ml,best,6432,2026-07-06,3171.382812,10.000000,2556.775879,50.000000,-1.000000,0.000000,-0.000000,0.000000,-127838.796875,3191.989014,50.000000,-5.000000,-3.000000,478798.343750,239.399170,-797997.250000,3208.541016,50.000000,-2.000000,3.000000,-481281.156250,240.640564,-320854.093750,-1246690.125000,338106.750000,23065.179688,-931648.562500,2795204.000000,1863555.500000
ml,best,6432,2026-07-07,3250.053467,10.000000,2556.775879,50.000000,-1.000000,0.000000,-0.000000,0.000000,-127838.796875,3283.669434,50.000000,-2.000000,3.000000,-492550.375000,246.275208,-328366.937500,3302.458984,50.000000,-5.000000,-3.000000,495368.843750,247.684418,-825614.750000,-1281820.500000,340925.218750,23559.140625,-964454.375000,2955141.000000,1990686.625000
ml,best,6432,2026-07-08,3250.183838,10.000000,2556.775879,50.000000,-1.000000,0.000000,-0.000000,0.000000,-127838.796875,3261.950684,50.000000,-5.000000,-3.000000,489292.562500,244.646271,-815487.687500,3280.993408,50.000000,-8.000000,-3.000000,492149.031250,246.074493,-1312397.375000,-2255724.000000,1322366.750000,24049.859375,-957407.125000,2953227.000000,1995819.875000
ml,best,6432,2026-07-09,3257.230713,10.000000,2556.775879,50.000000,-1.000000,0.000000,-0.000000,0.000000,-127838.796875,3242.041504,50.000000,-2.000000,3.000000,-486306.250000,243.153107,-324204.156250,3262.356934,50.000000,-5.000000,3.000000,-489353.500000,244.676758,-815589.250000,-1267632.250000,346707.062500,24537.689453,-945462.875000,2965215.000000,2019752.125000
ml,best,6432,2026-07-10,3263.134766,10.000000,2556.775879,50.000000,-1.000000,0.000000,-0.000000,0.000000,-127838.796875,3260.682617,50.000000,-5.000000,-3.000000,489102.406250,244.551178,-815170.625000,3282.913086,50.000000,-2.000000,3.000000,-492436.968750,246.218475,-328291.312500,-1271300.750000,343372.500000,25028.460938,-952956.687500,2974731.000000,2021774.250000
ml,best,6432,2026-07-11,3264.656982,10.000000,2556.775879,50.000000,-1.000000,0.000000,-0.000000,0.000000,-127838.796875,3305.381104,50.000000,-5.000000,0.000000,-0.000000,0.000000,-826345.312500,3327.010254,50.000000,-2.000000,0.000000,-0.000000,0.000000,-332701.031250,-1286885.125000,343372.500000,25028.460938,-968541.062500,2976640.500000,2008099.500000
ml,best,6432,2026-07-12,3263.243896,10.000000,2556.775879,50.000000,-1.000000,0.000000,-0.000000,0.000000,-127838.796875,3293.238281,50.000000,-5.000000,0.000000,-0.000000,0.000000,-823309.562500,3313.355469,50.000000,-2.000000,0.000000,-0.000000,0.000000,-331335.562500,-1282484.000000,343372.500000,25028.460938,-964139.937500,2973631.750000,2009491.750000
ml,best,6432,2026-07-13,3283.397217,10.000000,2556.775879,50.000000,-1.000000,0.000000,-0.000000,0.000000,-127838.796875,3313.350830,50.000000,-2.000000,3.000000,-497002.625000,248.501312,-331335.093750,3330.819336,50.000000,-5.000000,-3.000000,499622.906250,249.811462,-832704.875000,-1291878.750000,345992.781250,25526.771484,-971412.750000,3005018.750000,2033606.000000
ml,best,6432,2026-07-14,3290.795654,10.000000,2556.775879,50.000000,-1.000000,0.000000,-0.000000,0.000000,-127838.796875,3301.441406,50.000000,-5.000000,-3.000000,495216.218750,247.608078,-825360.375000,3319.539795,50.000000,-2.000000,3.000000,-497930.968750,248.965485,-331953.968750,-1285153.125000,343278.031250,26023.345703,-967898.500000,3015381.500000,2047483.000000
ml,best,6432,2026-07-15,3238.596436,10.000000,2556.775879,50.000000,-1.000000,0.000000,-0.000000,0.000000,-127838.796875,3227.371826,50.000000,-2.000000,3.000000,-484105.750000,242.052887,-322737.187500,3243.115234,50.000000,-5.000000,-3.000000,486467.281250,243.233643,-810778.812500,-1261354.750000,345639.562500,26508.632812,-942223.812500,2940048.750000,1997825.000000
ml,best,6432,2026-07-16,3330.866211,10.000000,2556.775879,50.000000,-1.000000,0.000000,-0.000000,0.000000,-127838.796875,3336.123535,50.000000,-5.000000,-3.000000,500418.562500,250.209259,-834030.875000,3353.644043,50.000000,-2.000000,3.000000,-503046.593750,251.523285,-335364.406250,-1297234.125000,343011.531250,27010.363281,-981233.000000,3059383.000000,2078150.000000
ml,best,6432,2026-07-17,3254.594482,10.000000,2556.775879,50.000000,-1.000000,0.000000,-0.000000,0.000000,-127838.796875,3239.130127,50.000000,-2.000000,3.000000,-485869.531250,242.934753,-323913.000000,3255.121826,50.000000,-5.000000,-3.000000,488268.250000,244.134155,-813780.500000,-1265532.250000,345410.250000,27497.433594,-947619.437500,2967292.000000,2019672.500000
ml,best,6432,2026-07-18,3325.058105,10.000000,2556.775879,50.000000,-1.000000,0.000000,-0.000000,0.000000,-127838.796875,3342.795166,50.000000,-2.000000,0.000000,-0.000000,0.000000,-334279.531250,3358.962158,50.000000,-5.000000,0.000000,-0.000000,0.000000,-839740.500000,-1301858.750000,345410.250000,27497.433594,-983945.937500,3042905.750000,2058959.750000
ml,best,6432,2026-07-19,3300.736816,10.000000,2556.775879,50.000000,-1.000000,0.000000,-0.000000,0.000000,-127838.796875,3308.452881,50.000000,-2.000000,0.000000,-0.000000,0.000000,-330845.281250,3323.612793,50.000000,-5.000000,0.000000,-0.000000,0.000000,-830903.250000,-1289587.250000,345410.250000,27497.433594,-971674.437500,3015950.750000,2044276.250000
ml,best,6432,2026-07-20,3360.151855,10.000000,2556.775879,50.000000,0.000000,1.000000,-127838.796875,63.919399,0.000000,3355.927002,50.000000,-5.000000,-3.000000,503389.062500,251.694519,-838981.750000,3371.450928,50.000000,-2.000000,3.000000,-505717.625000,252.858810,-337145.093750,-1176126.875000,215242.906250,28065.906250,-988949.875000,3079988.000000,2091038.125000
ml,best,6432,2026-07-21,3429.203613,10.000000,2556.775879,50.000000,0.000000,0.000000,-0.000000,0.000000,0.000000,3424.199707,50.000000,-2.000000,3.000000,-513629.968750,256.814972,-342419.968750,3438.738037,50.000000,-5.000000,-3.000000,515810.687500,257.905334,-859684.500000,-1202104.500000,217423.593750,28580.626953,-1013261.500000,3147141.000000,2133879.500000
ml,best,6432,2026-07-22,3435.708008,10.000000,2556.775879,50.000000,0.000000,0.000000,-0.000000,0.000000,0.000000,3425.266846,50.000000,-1.000000,1.000000,-171263.343750,85.631676,-171263.343750,3444.075684,50.000000,-2.000000,3.000000,-516611.312500,258.305664,-344407.562500,-515670.906250,-470451.031250,28924.564453,-1015046.500000,3152267.750000,2137221.250000
ml,best,6432,2026-07-23,3435.272217,10.000000,2556.775879,50.000000,0.000000,0.000000,-0.000000,0.000000,0.000000,3441.120361,50.000000,-4.000000,-3.000000,516168.062500,258.084015,-688224.062500,3461.991699,50.000000,-5.000000,-3.000000,519298.718750,259.649353,-865497.937500,-1553722.000000,565015.750000,29442.296875,-1018148.562500,3151461.750000,2133313.250000
ml,best,6432,2026-07-24,3441.883301,10.000000,2556.775879,50.000000,0.000000,0.000000,-0.000000,0.000000,0.000000,3448.551514,50.000000,-1.000000,3.000000,-517282.718750,258.641357,-172427.578125,3466.078369,50.000000,-2.000000,3.000000,-519911.781250,259.955872,-346607.843750,-519035.437500,-472178.781250,29960.894531,-1021175.125000,3155443.000000,2134268.000000
ml,best,6432,2026-07-25,3428.046143,10.000000,2556.775879,50.000000,0.000000,0.000000,-0.000000,0.000000,0.000000,3428.573975,50.000000,-1.000000,0.000000,-0.000000,0.000000,-171428.703125,3449.678467,50.000000,-2.000000,0.000000,-0.000000,0.000000,-344967.843750,-516396.562500,-472178.781250,29960.894531,-1018536.250000,3147668.250000,2129132.000000
ml,best,6432,2026-07-26,3345.245850,10.000000,2556.775879,50.000000,0.000000,0.000000,-0.000000,0.000000,0.000000,3339.386475,50.000000,-1.000000,0.000000,-0.000000,0.000000,-166969.328125,3363.552979,50.000000,-2.000000,0.000000,-0.000000,0.000000,-336355.312500,-503324.625000,-472178.781250,29960.894531,-1005464.250000,3102449.000000,2096984.750000
ml,best,6432,2026-07-27,3331.257080,10.000000,2556.775879,50.000000,0.000000,0.000000,-0.000000,0.000000,0.000000,3321.312988,50.000000,-1.000000,0.000000,-0.000000,0.000000,-166065.656250,3349.655762,50.000000,-5.000000,-3.000000,502448.343750,251.224152,-837413.937500,-1003479.625000,30269.562500,30212.119141,-1003422.187500,3094578.250000,2091156.000000
ml,best,6432,2026-07-28,3345.140381,10.000000,2556.775879,50.000000,0.000000,0.000000,-0.000000,0.000000,0.000000,3343.072510,50.000000,-4.000000,-3.000000,501460.875000,250.730438,-668614.500000,3370.012451,50.000000,-2.000000,3.000000,-505501.843750,252.750946,-337001.250000,-1005615.750000,26228.609375,30715.601562,-1010102.750000,3100431.250000,2090328.500000
ml,best,6432,2026-07-29,3329.573730,10.000000,2556.775879,50.000000,0.000000,0.000000,-0.000000,0.000000,0.000000,3313.680664,50.000000,-1.000000,3.000000,-497052.093750,248.526031,-165684.031250,3340.971436,50.000000,-5.000000,-3.000000,501145.687500,250.572845,-835242.875000,-1000926.875000,30322.218750,31214.699219,-1001819.312500,3095260.250000,2093441.000000
ml,best,6432,2026-07-30,3367.093506,10.000000,2556.775879,50.000000,0.000000,0.000000,-0.000000,0.000000,0.000000,3313.680664,50.000000,0.000000,1.000000,-165684.031250,82.842010,0.000000,3391.035156,50.000000,-2.000000,3.000000,-508655.281250,254.327606,-339103.500000,-339103.500000,-644017.125000,31551.869141,-1014672.500000,3103516.500000,2088844.000000
ml,best,6432,2026-07-31,3332.353271,10.000000,2556.775879,50.000000,0.000000,0.000000,-0.000000,0.000000,0.000000,3313.680664,50.000000,0.000000,0.000000,-0.000000,0.000000,0.000000,3347.354248,50.000000,-5.000000,-3.000000,502103.125000,251.051575,-836838.562500,-836838.562500,-141914.000000,31802.921875,-1010555.500000,3099969.750000,2089414.250000
ml,best,6432,2026-08-01,3343.182129,10.000000,2556.775879,50.000000,0.000000,0.000000,-0.000000,0.000000,0.000000,3313.680664,50.000000,0.000000,0.000000,-0.000000,0.000000,0.000000,3354.703613,50.000000,-5.000000,0.000000,-0.000000,0.000000,-838675.875000,-838675.875000,-141914.000000,31802.921875,-1012392.812500,3100345.000000,2087952.250000
ml,best,6432,2026-08-02,3380.249512,10.000000,2556.775879,50.000000,0.000000,0.000000,-0.000000,0.000000,0.000000,3313.680664,50.000000,0.000000,0.000000,-0.000000,0.000000,0.000000,3414.430176,50.000000,-5.000000,0.000000,-0.000000,0.000000,-853607.500000,-853607.500000,-141914.000000,31802.921875,-1027324.437500,3100667.500000,2073343.000000
ml,best,6432,2026-08-03,3340.294922,10.000000,2556.775879,50.000000,0.000000,0.000000,-0.000000,0.000000,0.000000,3313.680664,50.000000,0.000000,0.000000,-0.000000,0.000000,0.000000,3358.421143,50.000000,-2.000000,3.000000,-503763.187500,251.881577,-335842.125000,-335842.125000,-645677.187500,32054.800781,-1013574.125000,3101024.500000,2087450.375000
ml,best,6432,2026-08-04,3326.882080,10.000000,2556.775879,50.000000,0.000000,0.000000,-0.000000,0.000000,0.000000,3313.680664,50.000000,0.000000,0.000000,-0.000000,0.000000,0.000000,3376.890869,50.000000,1.000000,3.000000,-506533.656250,253.266815,168844.546875,168844.546875,-1152210.750000,32308.070312,-1015674.250000,3101406.000000,2085731.750000
ml,best,6432,2026-08-05,3329.370361,10.000000,2556.775879,50.000000,0.000000,0.000000,-0.000000,0.000000,0.000000,3313.680664,50.000000,0.000000,0.000000,-0.000000,0.000000,0.000000,3355.112061,50.000000,-4.000000,-5.000000,838778.000000,419.389038,-671022.437500,-671022.437500,-313432.843750,32727.457031,-1017182.687500,3101775.000000,2084592.250000
ml,best,6432,2026-08-06,3286.138428,10.000000,2556.775879,50.000000,0.000000,0.000000,-0.000000,0.000000,0.000000,3313.680664,50.000000,0.000000,0.000000,-0.000000,0.000000,0.000000,3303.516113,50.000000,-1.000000,3.000000,-495527.437500,247.763718,-165175.812500,-165175.812500,-808960.250000,32975.222656,-1007111.312500,3101775.000000,2094663.750000
ml,best,6432,2026-08-07,3263.181396,10.000000,2556.775879,50.000000,0.000000,0.000000,-0.000000,0.000000,0.000000,3313.680664,50.000000,0.000000,0.000000,-0.000000,0.000000,0.000000,3267.492920,50.000000,0.000000,1.000000,-163374.640625,81.687317,0.000000,0.000000,-972334.937500,33056.910156,-1005391.875000,3101775.000000,2096383.125000
ml,best,6432,2026-08-08,3229.929199,10.000000,2556.775879,50.000000,0.000000,0.000000,-0.000000,0.000000,0.000000,3313.680664,50.000000,0.000000,0.000000,-0.000000,0.000000,0.000000,3254.287842,50.000000,0.000000,0.000000,-0.000000,0.000000,0.000000,0.000000,-972334.937500,33056.910156,-1005391.875000,3101775.000000,2096383.125000
ml,best,6432,2026-08-09,3254.637939,10.000000,2556.775879,50.000000,0.000000,0.000000,-0.000000,0.000000,0.000000,3313.680664,50.000000,0.000000,0.000000,-0.000000,0.000000,0.000000,3282.424072,50.000000,0.000000,0.000000,-0.000000,0.000000,0.000000,0.000000,-972334.937500,33056.910156,-1005391.875000,3101775.000000,2096383.125000
ml,best,6432,2026-08-10,3262.948242,10.000000,2556.775879,50.000000,0.000000,0.000000,-0.000000,0.000000,0.000000,3313.680664,50.000000,0.000000,0.000000,-0.000000,0.000000,0.000000,3291.882812,50.000000,0.000000,0.000000,-0.000000,0.000000,0.000000,0.000000,-972334.937500,33056.910156,-1005391.875000,3101775.000000,2096383.125000
ml,best,6432,2026-08-11,3257.699707,10.000000,2556.775879,50.000000,0.000000,0.000000,-0.000000,0.000000,0.000000,3313.680664,50.000000,0.000000,0.000000,-0.000000,0.000000,0.000000,3287.748047,50.000000,0.000000,0.000000,-0.000000,0.000000,0.000000,0.000000,-972334.937500,33056.910156,-1005391.875000,3101775.000000,2096383.125000
ml,best,6432,2026-08-12,3236.518311,10.000000,2556.775879,50.000000,0.000000,0.000000,-0.000000,0.000000,0.000000,3313.680664,50.000000,0.000000,0.000000,-0.000000,0.000000,0.000000,3253.939941,50.000000,0.000000,0.000000,-0.000000,0.000000,0.000000,0.000000,-972334.937500,33056.910156,-1005391.875000,3101775.000000,2096383.125000
ml,best,6432,2026-08-13,3260.773682,10.000000,2556.775879,50.000000,0.000000,0.000000,-0.000000,0.000000,0.000000,3313.680664,50.000000,0.000000,0.000000,-0.000000,0.000000,0.000000,3282.102539,50.000000,0.000000,0.000000,-0.000000,0.000000,0.000000,0.000000,-972334.937500,33056.910156,-1005391.875000,3101775.000000,2096383.125000
ml,best,6432,2026-08-14,3271.869385,10.000000,2556.775879,50.000000,0.000000,0.000000,-0.000000,0.000000,0.000000,3313.680664,50.000000,0.000000,0.000000,-0.000000,0.000000,0.000000,3300.725342,50.000000,0.000000,0.000000,-0.000000,0.000000,0.000000,0.000000,-972334.937500,33056.910156,-1005391.875000,3101775.000000,2096383.125000
ml,best,6432,2026-08-15,3277.097168,10.000000,2556.775879,50.000000,0.000000,0.000000,-0.000000,0.000000,0.000000,3313.680664,50.000000,0.000000,0.000000,-0.000000,0.000000,0.000000,3312.699463,50.000000,0.000000,0.000000,-0.000000,0.000000,0.000000,0.000000,-972334.937500,33056.910156,-1005391.875000,3101775.000000,2096383.125000
ml,best,6432,2026-08-16,3291.985352,10.000000,2556.775879,50.000000,0.000000,0.000000,-0.000000,0.000000,0.000000,3313.680664,50.000000,0.000000,0.000000,-0.000000,0.000000,0.000000,3338.086914,50.000000,0.000000,0.000000,-0.000000,0.000000,0.000000,0.000000,-972334.937500,33056.910156,-1005391.875000,3101775.000000,2096383.125000
ml,best,6432,2026-08-17,3329.211670,10.000000,2556.775879,50.000000,0.000000,0.000000,-0.000000,0.000000,0.000000,3313.680664,50.000000,0.000000,0.000000,-0.000000,0.000000,0.000000,3377.262939,50.000000,0.000000,0.000000,-0.000000,0.000000,0.000000,0.000000,-972334.937500,33056.910156,-1005391.875000,3101775.000000,2096383.125000
ml,best,6432,2026-08-18,3328.884766,10.000000,2556.775879,50.000000,0.000000,0.000000,-0.000000,0.000000,0.000000,3313.680664,50.000000,0.000000,0.000000,-0.000000,0.000000,0.000000,3372.060059,50.000000,0.000000,0.000000,-0.000000,0.000000,0.000000,0.000000,-972334.937500,33056.910156,-1005391.875000,3101775.000000,2096383.125000
ml,best,6432,2026-08-19,3322.665283,10.000000,2556.775879,50.000000,0.000000,0.000000,-0.000000,0.000000,0.000000,3313.680664,50.000000,0.000000,0.000000,-0.000000,0.000000,0.000000,3394.002930,50.000000,0.000000,0.000000,-0.000000,0.000000,0.000000,0.000000,-972334.937500,33056.910156,-1005391.875000,3101775.000000,2096383.125000
ml,best,6432,2026-08-20,3380.433350,10.000000,2556.775879,50.000000,0.000000,0.000000,-0.000000,0.000000,0.000000,3313.680664,50.000000,0.000000,0.000000,-0.000000,0.000000,0.000000,3430.642334,50.000000,0.000000,0.000000,-0.000000,0.000000,0.000000,0.000000,-972334.937500,33056.910156,-1005391.875000,3101775.000000,2096383.125000
ml,best,6432,2026-08-21,3376.747070,10.000000,2556.775879,50.000000,0.000000,0.000000,-0.000000,0.000000,0.000000,3313.680664,50.000000,0.000000,0.000000,-0.000000,0.000000,0.000000,3449.738525,50.000000,0.000000,0.000000,-0.000000,0.000000,0.000000,0.000000,-972334.937500,33056.910156,-1005391.875000,3101775.000000,2096383.125000
ml,best,6432,2026-08-22,3301.470703,10.000000,2556.775879,50.000000,0.000000,0.000000,-0.000000,0.000000,0.000000,3313.680664,50.000000,0.000000,0.000000,-0.000000,0.000000,0.000000,3336.577637,50.000000,0.000000,0.000000,-0.000000,0.000000,0.000000,0.000000,-972334.937500,33056.910156,-1005391.875000,3101775.000000,2096383.125000
ml,best,6432,2026-08-23,3330.561279,10.000000,2556.775879,50.000000,0.000000,0.000000,-0.000000,0.000000,0.000000,3313.680664,50.000000,0.000000,0.000000,-0.000000,0.000000,0.000000,3352.355225,50.000000,0.000000,0.000000,-0.000000,0.000000,0.000000,0.000000,-972334.937500,33056.910156,-1005391.875000,3101775.000000,2096383.125000
ml,best,6432,2026-08-24,3275.259766,10.000000,2556.775879,50.000000,0.000000,0.000000,-0.000000,0.000000,0.000000,3313.680664,50.000000,0.000000,0.000000,-0.000000,0.000000,0.000000,3306.026367,50.000000,0.000000,0.000000,-0.000000,0.000000,0.000000,0.000000,-972334.937500,33056.910156,-1005391.875000,3101775.000000,2096383.125000
ml,best,6432,2026-08-25,3312.913086,10.000000,2556.775879,50.000000,0.000000,0.000000,-0.000000,0.000000,0.000000,3313.680664,50.000000,0.000000,0.000000,-0.000000,0.000000,0.000000,3364.272217,50.000000,0.000000,0.000000,-0.000000,0.000000,0.000000,0.000000,-972334.937500,33056.910156,-1005391.875000,3101775.000000,2096383.125000
ml,best,6432,2026-08-26,3323.736328,10.000000,2556.775879,50.000000,0.000000,0.000000,-0.000000,0.000000,0.000000,3313.680664,50.000000,0.000000,0.000000,-0.000000,0.000000,0.000000,3368.068359,50.000000,0.000000,0.000000,-0.000000,0.000000,0.000000,0.000000,-972334.937500,33056.910156,-1005391.875000,3101775.000000,2096383.125000
ml,best,6432,2026-08-27,3333.885498,10.000000,2556.775879,50.000000,0.000000,0.000000,-0.000000,0.000000,0.000000,3313.680664,50.000000,0.000000,0.000000,-0.000000,0.000000,0.000000,3365.293701,50.000000,0.000000,0.000000,-0.000000,0.000000,0.000000,0.000000,-972334.937500,33056.910156,-1005391.875000,3101775.000000,2096383.125000
ml,best,6432,2026-08-28,3334.222168,10.000000,2556.775879,50.000000,0.000000,0.000000,-0.000000,0.000000,0.000000,3313.680664,50.000000,0.000000,0.000000,-0.000000,0.000000,0.000000,3348.727539,50.000000,0.000000,0.000000,-0.000000,0.000000,0.000000,0.000000,-972334.937500,33056.910156,-1005391.875000,3101775.000000,2096383.125000
ml,best,6432,2026-08-29,3305.635742,10.000000,2556.775879,50.000000,0.000000,0.000000,-0.000000,0.000000,0.000000,3313.680664,50.000000,0.000000,0.000000,-0.000000,0.000000,0.000000,3307.011475,50.000000,0.000000,0.000000,-0.000000,0.000000,0.000000,0.000000,-972334.937500,33056.910156,-1005391.875000,3101775.000000,2096383.125000
ml,best,6432,2026-08-30,3291.241211,10.000000,2556.775879,50.000000,0.000000,0.000000,-0.000000,0.000000,0.000000,3313.680664,50.000000,0.000000,0.000000,-0.000000,0.000000,0.000000,3309.864014,50.000000,0.000000,0.000000,-0.000000,0.000000,0.000000,0.000000,-972334.937500,33056.910156,-1005391.875000,3101775.000000,2096383.125000
ml,best,6432,2026-08-31,3323.691895,10.000000,2556.775879,50.000000,0.000000,0.000000,-0.000000,0.000000,0.000000,3313.680664,50.000000,0.000000,0.000000,-0.000000,0.000000,0.000000,3352.030518,50.000000,0.000000,0.000000,-0.000000,0.000000,0.000000,0.000000,-972334.937500,33056.910156,-1005391.875000,3101775.000000,2096383.125000
ml,best,6432,2026-09-01,3310.285645,10.000000,2556.775879,50.000000,0.000000,0.000000,-0.000000,0.000000,0.000000,3313.680664,50.000000,0.000000,0.000000,-0.000000,0.000000,0.000000,3328.807617,50.000000,0.000000,0.000000,-0.000000,0.000000,0.000000,0.000000,-972334.937500,33056.910156,-1005391.875000,3101775.000000,2096383.125000
ml,best,6432,2026-09-02,3290.453613,10.000000,2556.775879,50.000000,0.000000,0.000000,-0.000000,0.000000,0.000000,3313.680664,50.000000,0.000000,0.000000,-0.000000,0.000000,0.000000,3310.632324,50.000000,0.000000,0.000000,-0.000000,0.000000,0.000000,0.000000,-972334.937500,33056.910156,-1005391.875000,3101775.000000,2096383.125000
ml,best,6432,2026-09-03,3256.659180,10.000000,2556.775879,50.000000,0.000000,0.000000,-0.000000,0.000000,0.000000,3313.680664,50.000000,0.000000,0.000000,-0.000000,0.000000,0.000000,3266.996338,50.000000,0.000000,0.000000,-0.000000,0.000000,0.000000,0.000000,-972334.937500,33056.910156,-1005391.875000,3101775.000000,2096383.125000
ml,best,6432,2026-09-04,3294.739746,10.000000,2556.775879,50.000000,0.000000,0.000000,-0.000000,0.000000,0.000000,3313.680664,50.000000,0.000000,0.000000,-0.000000,0.000000,0.000000,3315.844971,50.000000,0.000000,0.000000,-0.000000,0.000000,0.000000,0.000000,-972334.937500,33056.910156,-1005391.875000,3101775.000000,2096383.125000
ml,best,6432,2026-09-05,3287.100830,10.000000,2556.775879,50.000000,0.000000,0.000000,-0.000000,0.000000,0.000000,3313.680664,50.000000,0.000000,0.000000,-0.000000,0.000000,0.000000,3304.057617,50.000000,0.000000,0.000000,-0.000000,0.000000,0.000000,0.000000,-972334.937500,33056.910156,-1005391.875000,3101775.000000,2096383.125000
ml,best,6432,2026-09-06,3315.524170,10.000000,2556.775879,50.000000,0.000000,0.000000,-0.000000,0.000000,0.000000,3313.680664,50.000000,0.000000,0.000000,-0.000000,0.000000,0.000000,3345.650635,50.000000,0.000000,0.000000,-0.000000,0.000000,0.000000,0.000000,-972334.937500,33056.910156,-1005391.875000,3101775.000000,2096383.125000
ml,best,6432,2026-09-07,3296.927246,10.000000,2556.775879,50.000000,0.000000,0.000000,-0.000000,0.000000,0.000000,3313.680664,50.000000,0.000000,0.000000,-0.000000,0.000000,0.000000,3331.579346,50.000000,0.000000,0.000000,-0.000000,0.000000,0.000000,0.000000,-972334.937500,33056.910156,-1005391.875000,3101775.000000,2096383.125000
ml,best,6432,2026-09-08,3337.190430,10.000000,2556.775879,50.000000,0.000000,0.000000,-0.000000,0.000000,0.000000,3313.680664,50.000000,0.000000,0.000000,-0.000000,0.000000,0.000000,3374.003418,50.000000,0.000000,0.000000,-0.000000,0.000000,0.000000,0.000000,-972334.937500,33056.910156,-1005391.875000,3101775.000000,2096383.125000
ml,best,6432,2026-09-09,3312.704834,10.000000,2556.775879,50.000000,0.000000,0.000000,-0.000000,0.000000,0.000000,3313.680664,50.000000,0.000000,0.000000,-0.000000,0.000000,0.000000,3340.250977,50.000000,0.000000,0.000000,-0.000000,0.000000,0.000000,0.000000,-972334.937500,33056.910156,-1005391.875000,3101775.000000,2096383.125000
ml,best,6432,2026-09-10,3330.675781,10.000000,2556.775879,50.000000,0.000000,0.000000,-0.000000,0.000000,0.000000,3313.680664,50.000000,0.000000,0.000000,-0.000000,0.000000,0.000000,3370.041260,50.000000,0.000000,0.000000,-0.000000,0.000000,0.000000,0.000000,-972334.937500,33056.910156,-1005391.875000,3101775.000000,2096383.125000
ml,best,6432,2026-09-11,3293.611816,10.000000,2556.775879,50.000000,0.000000,0.000000,-0.000000,0.000000,0.000000,3313.680664,50.000000,0.000000,0.000000,-0.000000,0.000000,0.000000,3323.477539,50.000000,0.000000,0.000000,-0.000000,0.000000,0.000000,0.000000,-972334.937500,33056.910156,-1005391.875000,3101775.000000,2096383.125000
ml,best,6432,2026-09-12,3310.093018,10.000000,2556.775879,50.000000,0.000000,0.000000,-0.000000,0.000000,0.000000,3313.680664,50.000000,0.000000,0.000000,-0.000000,0.000000,0.000000,3330.851562,50.000000,0.000000,0.000000,-0.000000,0.000000,0.000000,0.000000,-972334.937500,33056.910156,-1005391.875000,3101775.000000,2096383.125000
ml,best,6432,2026-09-13,3289.308350,10.000000,2556.775879,50.000000,0.000000,0.000000,-0.000000,0.000000,0.000000,3313.680664,50.000000,0.000000,0.000000,-0.000000,0.000000,0.000000,3297.180176,50.000000,0.000000,0.000000,-0.000000,0.000000,0.000000,0.000000,-972334.937500,33056.910156,-1005391.875000,3101775.000000,2096383.125000
ml,best,6432,2026-09-14,3276.996826,10.000000,2556.775879,50.000000,0.000000,0.000000,-0.000000,0.000000,0.000000,3313.680664,50.000000,0.000000,0.000000,-0.000000,0.000000,0.000000,3286.711182,50.000000,0.000000,0.000000,-0.000000,0.000000,0.000000,0.000000,-972334.937500,33056.910156,-1005391.875000,3101775.000000,2096383.125000
ml,best,6432,2026-09-15,3340.699219,10.000000,2556.775879,50.000000,0.000000,0.000000,-0.000000,0.000000,0.000000,3313.680664,50.000000,0.000000,0.000000,-0.000000,0.000000,0.000000,3364.176270,50.000000,0.000000,0.000000,-0.000000,0.000000,0.000000,0.000000,-972334.937500,33056.910156,-1005391.875000,3101775.000000,2096383.125000
ml,best,6432,2026-09-16,3302.525391,10.000000,2556.775879,50.000000,0.000000,0.000000,-0.000000,0.000000,0.000000,3313.680664,50.000000,0.000000,0.000000,-0.000000,0.000000,0.000000,3307.242188,50.000000,0.000000,0.000000,-0.000000,0.000000,0.000000,0.000000,-972334.937500,33056.910156,-1005391.875000,3101775.000000,2096383.125000
ml,best,6432,2026-09-17,3280.755615,10.000000,2556.775879,50.000000,0.000000,0.000000,-0.000000,0.000000,0.000000,3313.680664,50.000000,0.000000,0.000000,-0.000000,0.000000,0.000000,3300.178223,50.000000,0.000000,0.000000,-0.000000,0.000000,0.000000,0.000000,-972334.937500,33056.910156,-1005391.875000,3101775.000000,2096383.125000
ml,best,6432,2026-09-18,3284.656494,10.000000,2556.775879,50.000000,0.000000,0.000000,-0.000000,0.000000,0.000000,3313.680664,50.000000,0.000000,0.000000,-0.000000,0.000000,0.000000,3302.743652,50.000000,0.000000,0.000000,-0.000000,0.000000,0.000000,0.000000,-972334.937500,33056.910156,-1005391.875000,3101775.000000,2096383.125000
ml,best,6432,2026-09-19,3280.602295,10.000000,2556.775879,50.000000,0.000000,0.000000,-0.000000,0.000000,0.000000,3313.680664,50.000000,0.000000,0.000000,-0.000000,0.000000,0.000000,3300.861816,50.000000,0.000000,0.000000,-0.000000,0.000000,0.000000,0.000000,-972334.937500,33056.910156,-1005391.875000,3101775.000000,2096383.125000
ml,best,6432,2026-09-20,3234.441895,10.000000,2556.775879,50.000000,0.000000,0.000000,-0.000000,0.000000,0.000000,3313.680664,50.000000,0.000000,0.000000,-0.000000,0.000000,0.000000,3240.845703,50.000000,0.000000,0.000000,-0.000000,0.000000,0.000000,0.000000,-972334.937500,33056.910156,-1005391.875000,3101775.000000,2096383.125000
ml,best,6432,2026-09-21,3261.370850,10.000000,2556.775879,50.000000,0.000000,0.000000,-0.000000,0.000000,0.000000,3313.680664,50.000000,0.000000,0.000000,-0.000000,0.000000,0.000000,3288.968262,50.000000,0.000000,0.000000,-0.000000,0.000000,0.000000,0.000000,-972334.937500,33056.910156,-1005391.875000,3101775.000000,2096383.125000
ml,best,6432,2026-09-22,3270.493652,10.000000,2556.775879,50.000000,0.000000,0.000000,-0.000000,0.000000,0.000000,3313.680664,50.000000,0.000000,0.000000,-0.000000,0.000000,0.000000,3282.979736,50.000000,0.000000,0.000000,-0.000000,0.000000,0.000000,0.000000,-972334.937500,33056.910156,-1005391.875000,3101775.000000,2096383.125000
ml,best,6432,2026-09-23,3284.286621,10.000000,2556.775879,50.000000,0.000000,0.000000,-0.000000,0.000000,0.000000,3313.680664,50.000000,0.000000,0.000000,-0.000000,0.000000,0.000000,3299.118652,50.000000,0.000000,0.000000,-0.000000,0.000000,0.000000,0.000000,-972334.937500,33056.910156,-1005391.875000,3101775.000000,2096383.125000
ml,best,6432,2026-09-24,3278.622559,10.000000,2556.775879,50.000000,0.000000,0.000000,-0.000000,0.000000,0.000000,3313.680664,50.000000,0.000000,0.000000,-0.000000,0.000000,0.000000,3288.782471,50.000000,0.000000,0.000000,-0.000000,0.000000,0.000000,0.000000,-972334.937500,33056.910156,-1005391.875000,3101775.000000,2096383.125000
ml,best,6432,2026-09-25,3250.515625,10.000000,2556.775879,50.000000,0.000000,0.000000,-0.000000,0.000000,0.000000,3313.680664,50.000000,0.000000,0.000000,-0.000000,0.000000,0.000000,3248.913574,50.000000,0.000000,0.000000,-0.000000,0.000000,0.000000,0.000000,-972334.937500,33056.910156,-1005391.875000,3101775.000000,2096383.125000
ml,best,6432,2026-09-26,3240.471680,10.000000,2556.775879,50.000000,0.000000,0.000000,-0.000000,0.000000,0.000000,3313.680664,50.000000,0.000000,0.000000,-0.000000,0.000000,0.000000,3225.712646,50.000000,0.000000,0.000000,-0.000000,0.000000,0.000000,0.000000,-972334.937500,33056.910156,-1005391.875000,3101775.000000,2096383.125000
ml,best,6432,2026-09-27,3208.695801,10.000000,2556.775879,50.000000,0.000000,0.000000,-0.000000,0.000000,0.000000,3313.680664,50.000000,0.000000,0.000000,-0.000000,0.000000,0.000000,3181.861328,50.000000,0.000000,0.000000,-0.000000,0.000000,0.000000,0.000000,-972334.937500,33056.910156,-1005391.875000,3101775.000000,2096383.125000
ml,best,6432,2026-09-28,3216.091309,10.000000,2556.775879,50.000000,0.000000,0.000000,-0.000000,0.000000,0.000000,3313.680664,50.000000,0.000000,0.000000,-0.000000,0.000000,0.000000,3221.895264,50.000000,0.000000,0.000000,-0.000000,0.000000,0.000000,0.000000,-972334.937500,33056.910156,-1005391.875000,3101775.000000,2096383.125000
ml,best,6432,2026-09-29,3226.324219,10.000000,2556.775879,50.000000,0.000000,0.000000,-0.000000,0.000000,0.000000,3313.680664,50.000000,0.000000,0.000000,-0.000000,0.000000,0.000000,3244.829834,50.000000,0.000000,0.000000,-0.000000,0.000000,0.000000,0.000000,-972334.937500,33056.910156,-1005391.875000,3101775.000000,2096383.125000
ml,best,6432,2026-09-30,3255.553467,10.000000,2556.775879,50.000000,0.000000,0.000000,-0.000000,0.000000,0.000000,3313.680664,50.000000,0.000000,0.000000,-0.000000,0.000000,0.000000,3240.186279,50.000000,0.000000,0.000000,-0.000000,0.000000,0.000000,0.000000,-972334.937500,33056.910156,-1005391.875000,3101775.000000,2096383.125000
ml,best,6432,2026-10-01,3232.585449,10.000000,2556.775879,50.000000,0.000000,0.000000,-0.000000,0.000000,0.000000,3313.680664,50.000000,0.000000,0.000000,-0.000000,0.000000,0.000000,3240.445068,50.000000,0.000000,0.000000,-0.000000,0.000000,0.000000,0.000000,-972334.937500,33056.910156,-1005391.875000,3101775.000000,2096383.125000
ml,best,6432,2026-10-02,3239.350098,10.000000,2556.775879,50.000000,0.000000,0.000000,-0.000000,0.000000,0.000000,3313.680664,50.000000,0.000000,0.000000,-0.000000,0.000000,0.000000,3241.883057,50.000000,0.000000,0.000000,-0.000000,0.000000,0.000000,0.000000,-972334.937500,33056.910156,-1005391.875000,3101775.000000,2096383.125000
ml,best,6432,2026-10-03,3293.106201,10.000000,2556.775879,50.000000,0.000000,0.000000,-0.000000,0.000000,0.000000,3313.680664,50.000000,0.000000,0.000000,-0.000000,0.000000,0.000000,3298.023193,50.000000,0.000000,0.000000,-0.000000,0.000000,0.000000,0.000000,-972334.937500,33056.910156,-1005391.875000,3101775.000000,2096383.125000
ml,best,6432,2026-10-04,3287.827881,10.000000,2556.775879,50.000000,0.000000,0.000000,-0.000000,0.000000,0.000000,3313.680664,50.000000,0.000000,0.000000,-0.000000,0.000000,0.000000,3291.288818,50.000000,0.000000,0.000000,-0.000000,0.000000,0.000000,0.000000,-972334.937500,33056.910156,-1005391.875000,3101775.000000,2096383.125000
ml,best,6432,2026-10-05,3300.246094,10.000000,2556.775879,50.000000,0.000000,0.000000,-0.000000,0.000000,0.000000,3313.680664,50.000000,0.000000,0.000000,-0.000000,0.000000,0.000000,3315.329834,50.000000,0.000000,0.000000,-0.000000,0.000000,0.000000,0.000000,-972334.937500,33056.910156,-1005391.875000,3101775.000000,2096383.125000
ml,best,6432,2026-10-06,3321.087402,10.000000,2556.775879,50.000000,0.000000,0.000000,-0.000000,0.000000,0.000000,3313.680664,50.000000,0.000000,0.000000,-0.000000,0.000000,0.000000,3352.290527,50.000000,0.000000,0.000000,-0.000000,0.000000,0.000000,0.000000,-972334.937500,33056.910156,-1005391.875000,3101775.000000,2096383.125000
ml,best,6432,2026-10-07,3303.609131,10.000000,2556.775879,50.000000,0.000000,0.000000,-0.000000,0.000000,0.000000,3313.680664,50.000000,0.000000,0.000000,-0.000000,0.000000,0.000000,3330.338135,50.000000,0.000000,0.000000,-0.000000,0.000000,0.000000,0.000000,-972334.937500,33056.910156,-1005391.875000,3101775.000000,2096383.125000
ml,best,6432,2026-10-08,3293.407715,10.000000,2556.775879,50.000000,0.000000,0.000000,-0.000000,0.000000,0.000000,3313.680664,50.000000,0.000000,0.000000,-0.000000,0.000000,0.000000,3296.852295,50.000000,0.000000,0.000000,-0.000000,0.000000,0.000000,0.000000,-972334.937500,33056.910156,-1005391.875000,3101775.000000,2096383.125000
ml,best,6432,2026-10-09,3291.724609,10.000000,2556.775879,50.000000,0.000000,0.000000,-0.000000,0.000000,0.000000,3313.680664,50.000000,0.000000,0.000000,-0.000000,0.000000,0.000000,3288.394287,50.000000,0.000000,0.000000,-0.000000,0.000000,0.000000,0.000000,-972334.937500,33056.910156,-1005391.875000,3101775.000000,2096383.125000
ml,best,6432,2026-10-10,3313.649658,10.000000,2556.775879,50.000000,0.000000,0.000000,-0.000000,0.000000,0.000000,3313.680664,50.000000,0.000000,0.000000,-0.000000,0.000000,0.000000,3325.956787,50.000000,0.000000,0.000000,-0.000000,0.000000,0.000000,0.000000,-972334.937500,33056.910156,-1005391.875000,3101775.000000,2096383.125000
ml,best,6432,2026-10-11,3309.297607,10.000000,2556.775879,50.000000,0.000000,0.000000,-0.000000,0.000000,0.000000,3313.680664,50.000000,0.000000,0.000000,-0.000000,0.000000,0.000000,3301.737061,50.000000,0.000000,0.000000,-0.000000,0.000000,0.000000,0.000000,-972334.937500,33056.910156,-1005391.875000,3101775.000000,2096383.125000
ml,best,6432,2026-10-12,3324.167236,10.000000,2556.775879,50.000000,0.000000,0.000000,-0.000000,0.000000,0.000000,3313.680664,50.000000,0.000000,0.000000,-0.000000,0.000000,0.000000,3327.064697,50.000000,0.000000,0.000000,-0.000000,0.000000,0.000000,0.000000,-972334.937500,33056.910156,-1005391.875000,3101775.000000,2096383.125000
ml,best,6432,2026-10-13,3348.239502,10.000000,2556.775879,50.000000,0.000000,0.000000,-0.000000,0.000000,0.000000,3313.680664,50.000000,0.000000,0.000000,-0.000000,0.000000,0.000000,3351.306396,50.000000,0.000000,0.000000,-0.000000,0.000000,0.000000,0.000000,-972334.937500,33056.910156,-1005391.875000,3101775.000000,2096383.125000
ml,best,6432,2026-10-14,3355.927734,10.000000,2556.775879,50.000000,0.000000,0.000000,-0.000000,0.000000,0.000000,3313.680664,50.000000,0.000000,0.000000,-0.000000,0.000000,0.000000,3355.491211,50.000000,0.000000,0.000000,-0.000000,0.000000,0.000000,0.000000,-972334.937500,33056.910156,-1005391.875000,3101775.000000,2096383.125000
ml,best,6432,2026-10-15,3352.485840,10.000000,2556.775879,50.000000,0.000000,0.000000,-0.000000,0.000000,0.000000,3313.680664,50.000000,0.000000,0.000000,-0.000000,0.000000,0.000000,3353.919678,50.000000,0.000000,0.000000,-0.000000,0.000000,0.000000,0.000000,-972334.937500,33056.910156,-1005391.875000,3101775.000000,2096383.125000
ml,best,6432,2026-10-16,3365.937744,10.000000,2556.775879,50.000000,0.000000,0.000000,-0.000000,0.000000,0.000000,3313.680664,50.000000,0.000000,0.000000,-0.000000,0.000000,0.000000,3380.140137,50.000000,0.000000,0.000000,-0.000000,0.000000,0.000000,0.000000,-972334.937500,33056.910156,-1005391.875000,3101775.000000,2096383.125000
ml,best,6432,2026-10-17,3340.632568,10.000000,2556.775879,50.000000,0.000000,0.000000,-0.000000,0.000000,0.000000,3313.680664,50.000000,0.000000,0.000000,-0.000000,0.000000,0.000000,3360.620605,50.000000,0.000000,0.000000,-0.000000,0.000000,0.000000,0.000000,-972334.937500,33056.910156,-1005391.875000,3101775.000000,2096383.125000
ml,best,6432,2026-10-18,3325.990723,10.000000,2556.775879,50.000000,0.000000,0.000000,-0.000000,0.000000,0.000000,3313.680664,50.000000,0.000000,0.000000,-0.000000,0.000000,0.000000,3365.555176,50.000000,0.000000,0.000000,-0.000000,0.000000,0.000000,0.000000,-972334.937500,33056.910156,-1005391.875000,3101775.000000,2096383.125000
ml,best,6432,2026-10-19,3337.721924,10.000000,2556.775879,50.000000,0.000000,0.000000,-0.000000,0.000000,0.000000,3313.680664,50.000000,0.000000,0.000000,-0.000000,0.000000,0.000000,3354.163086,50.000000,0.000000,0.000000,-0.000000,0.000000,0.000000,0.000000,-972334.937500,33056.910156,-1005391.875000,3101775.000000,2096383.125000
ml,best,6432,2026-10-20,3326.660156,10.000000,2556.775879,50.000000,0.000000,0.000000,-0.000000,0.000000,0.000000,3313.680664,50.000000,0.000000,0.000000,-0.000000,0.000000,0.000000,3336.325928,50.000000,0.000000,0.000000,-0.000000,0.000000,0.000000,0.000000,-972334.937500,33056.910156,-1005391.875000,3101775.000000,2096383.125000
ml,best,6432,2026-10-21,3321.423096,10.000000,2556.775879,50.000000,0.000000,0.000000,-0.000000,0.000000,0.000000,3313.680664,50.000000,0.000000,0.000000,-0.000000,0.000000,0.000000,3326.442627,50.000000,0.000000,0.000000,-0.000000,0.000000,0.000000,0.000000,-972334.937500,33056.910156,-1005391.875000,3101775.000000,2096383.125000
ml,best,6432,2026-10-22,3327.453125,10.000000,2556.775879,50.000000,0.000000,0.000000,-0.000000,0.000000,0.000000,3313.680664,50.000000,0.000000,0.000000,-0.000000,0.000000,0.000000,3346.298584,50.000000,0.000000,0.000000,-0.000000,0.000000,0.000000,0.000000,-972334.937500,33056.910156,-1005391.875000,3101775.000000,2096383.125000
ml,best,6432,2026-10-23,3363.197510,10.000000,2556.775879,50.000000,0.000000,0.000000,-0.000000,0.000000,0.000000,3313.680664,50.000000,0.000000,0.000000,-0.000000,0.000000,0.000000,3378.196045,50.000000,0.000000,0.000000,-0.000000,0.000000,0.000000,0.000000,-972334.937500,33056.910156,-1005391.875000,3101775.000000,2096383.125000
ml,best,6432,2026-10-24,3334.715088,10.000000,2556.775879,50.000000,0.000000,0.000000,-0.000000,0.000000,0.000000,3313.680664,50.000000,0.000000,0.000000,-0.000000,0.000000,0.000000,3335.687256,50.000000,0.000000,0.000000,-0.000000,0.000000,0.000000,0.000000,-972334.937500,33056.910156,-1005391.875000,3101775.000000,2096383.125000
ml,best,6432,2026-10-25,3312.878662,10.000000,2556.775879,50.000000,0.000000,0.000000,-0.000000,0.000000,0.000000,3313.680664,50.000000,0.000000,0.000000,-0.000000,0.000000,0.000000,3315.699707,50.000000,0.000000,0.000000,-0.000000,0.000000,0.000000,0.000000,-972334.937500,33056.910156,-1005391.875000,3101775.000000,2096383.125000
ml,best,6432,2026-10-26,3301.974365,10.000000,2556.775879,50.000000,0.000000,0.000000,-0.000000,0.000000,0.000000,3313.680664,50.000000,0.000000,0.000000,-0.000000,0.000000,0.000000,3294.584229,50.000000,0.000000,0.000000,-0.000000,0.000000,0.000000,0.000000,-972334.937500,33056.910156,-1005391.875000,3101775.000000,2096383.125000
ml,best,6432,2026-10-27,3323.818848,10.000000,2556.775879,50.000000,0.000000,0.000000,-0.000000,0.000000,0.000000,3313.680664,50.000000,0.000000,0.000000,-0.000000,0.000000,0.000000,3316.738281,50.000000,0.000000,0.000000,-0.000000,0.000000,0.000000,0.000000,-972334.937500,33056.910156,-1005391.875000,3101775.000000,2096383.125000
ml,best,6432,2026-10-28,3338.638672,10.000000,2556.775879,50.000000,0.000000,0.000000,-0.000000,0.000000,0.000000,3313.680664,50.000000,0.000000,0.000000,-0.000000,0.000000,0.000000,3333.981201,50.000000,0.000000,0.000000,-0.000000,0.000000,0.000000,0.000000,-972334.937500,33056.910156,-1005391.875000,3101775.000000,2096383.125000
ml,best,6432,2026-10-29,3328.999023,10.000000,2556.775879,50.000000,0.000000,0.000000,-0.000000,0.000000,0.000000,3313.680664,50.000000,0.000000,0.000000,-0.000000,0.000000,0.000000,3327.031250,50.000000,0.000000,0.000000,-0.000000,0.000000,0.000000,0.000000,-972334.937500,33056.910156,-1005391.875000,3101775.000000,2096383.125000
ml,best,6432,2026-10-30,3371.222412,10.000000,2556.775879,50.000000,0.000000,0.000000,-0.000000,0.000000,0.000000,3313.680664,50.000000,0.000000,0.000000,-0.000000,0.000000,0.000000,3327.031250,50.000000,0.000000,0.000000,-0.000000,0.000000,0.000000,0.000000,-972334.937500,33056.910156,-1005391.875000,3101775.000000,2096383.125000
ml,mean,-1,2026-04-10,2055.000244,10.000000,2026.171753,50.000000,-1.000000,-1.000000,101308.593750,50.654293,-101308.593750,2047.068481,50.000000,-1.000000,-1.000000,102353.468750,51.176712,-102353.468750,2070.749756,50.000000,-1.000000,-1.000000,103537.492188,51.768742,-103537.492188,-307199.500000,307199.500000,153.599747,-153.599747,29559.373047,29405.751953
ml,mean,-1,2026-04-11,2055.265869,10.000000,2045.552979,50.000000,-1.000000,0.000000,0.000000,0.000000,-102277.656250,2066.547852,50.000000,-1.000000,0.000000,0.000000,0.000000,-103327.390625,2090.216309,50.000000,-1.000000,0.000000,0.000000,0.000000,-104510.835938,-310115.875000,307199.500000,153.599747,-3069.963135,30287.658203,27217.695312
ml,mean,-1,2026-04-12,2055.449463,10.000000,2053.384766,50.000000,-1.000000,0.000000,0.000000,0.000000,-102669.234375,2074.352295,50.000000,-1.000000,0.000000,0.000000,0.000000,-103717.601562,2097.891113,50.000000,-1.000000,0.000000,0.000000,0.000000,-104894.554688,-311281.375000,307199.500000,153.599747,-4235.500000,30770.628906,26535.125000
ml,mean,-1,2026-04-13,2055.852295,10.000000,2056.702637,50.000000,-2.000000,-1.000000,102835.125000,51.417561,-205670.250000,2077.608398,50.000000,-2.001465,-1.001465,104029.351562,52.014668,-207909.765625,2100.973633,50.000000,-2.203125,-1.203125,126140.601562,63.070301,-231189.281250,-644769.312500,640204.625000,320.102264,-4884.814453,31867.949219,26983.134766
ml,mean,-1,2026-04-14,2056.199219,10.000000,2057.885254,50.000000,-2.927002,-0.927002,95441.101562,47.720551,-301229.625000,2078.754395,50.000000,-3.054199,-1.052734,109373.304688,54.686646,-317400.750000,2101.968750,50.000000,-4.112549,-1.909424,200675.750000,100.337868,-432008.718750,-1050639.000000,1045694.687500,522.847351,-5467.173340,36884.554688,31417.380859
ml,mean,-1,2026-04-15,2056.616943,10.000000,2058.718018,50.000000,-3.736206,-0.809204,83403.375000,41.701683,-384760.687500,2079.539062,50.000000,-4.428711,-1.374512,143103.812500,71.551903,-460664.531250,2102.603516,50.000000,-6.814331,-2.701782,284252.531250,142.126251,-716472.375000,-1561897.625000,1556454.375000,778.227173,-6221.381836,42236.093750,36014.714844
ml,mean,-1,2026-04-16,2057.150391,10.000000,2059.438721,50.000000,-4.475098,-0.738892,76093.406250,38.059471,-460995.781250,2080.167480,50.000000,-6.592896,-2.164185,225919.296875,113.577988,-686768.250000,2103.066162,50.000000,-9.651001,-2.836670,298623.625000,152.811172,-1015319.500000,-2163083.500000,2157091.000000,1082.675781,-7075.429199,47880.433594,40805.000000
ml,mean,-1,2026-04-17,2057.382568,10.000000,2059.698730,50.000000,-5.020020,-0.544922,55795.203125,29.801500,-516895.437500,2080.347656,50.000000,-8.484863,-1.891968,197148.562500,116.406662,-884013.625000,2103.086914,50.000000,-10.699585,-1.048584,109957.117188,133.241562,-1125320.375000,-2526229.500000,2519992.000000,1362.125610,-7600.052734,52705.289062,45105.238281
ml,mean,-1,2026-04-18,2057.605469,10.000000,2059.791016,50.000000,-5.020020,0.000000,0.000000,0.000000,-516986.562500,2080.361816,50.000000,-8.484863,0.000000,0.000000,0.000000,-884034.187500,2102.955078,50.000000,-10.699585,0.000000,0.000000,0.000000,-1125250.500000,-2526271.250000,2519992.000000,1362.125610,-7641.855469,57526.789062,49884.933594
ml,mean,-1,2026-04-19,2057.941406,10.000000,2060.417969,50.000000,-5.020020,0.000000,0.000000,0.000000,-517167.468750,2080.931641,50.000000,-8.484863,0.000000,0.000000,0.000000,-884260.750000,2103.430664,50.000000,-10.699585,0.000000,0.000000,0.000000,-1125508.500000,-2526936.750000,2519992.000000,1362.125610,-8307.237305,62725.796875,54418.554688
ml,mean,-1,2026-04-20,2058.410156,10.000000,2060.454346,50.000000,-5.293091,-0.273071,27544.037109,26.196730,-544762.375000,2080.891602,50.000000,-8.489990,-0.005127,-88.436646,73.606384,-884110.625000,2103.273193,50.000000,-10.849976,-0.150391,16044.796875,119.779282,-1141485.250000,-2570358.500000,2563492.000000,1581.708130,-8448.025391,68248.312500,59800.289062
ml,mean,-1,2026-04-21,2058.441406,10.000000,2060.199219,50.000000,-5.426758,-0.133667,13527.630859,24.850883,-558244.312500,2080.568359,50.000000,-8.577271,-0.087280,8987.876953,76.638260,-892942.187500,2102.843506,50.000000,-10.878784,-0.028809,3496.971924,116.504364,-1144706.250000,-2595892.500000,2589504.750000,1799.701416,-8187.865234,72641.789062,64453.929688
ml,mean,-1,2026-04-22,2058.767822,10.000000,2059.950195,50.000000,-5.489624,-0.062866,6208.991211,24.972858,-564417.312500,2080.262451,50.000000,-8.403442,0.173828,-18378.136719,69.699776,-874412.687500,2102.431641,50.000000,-10.790283,0.088501,-9200.362305,114.709381,-1135256.000000,-2574086.000000,2568135.250000,2009.083496,-7959.981934,77725.484375,69765.507812
ml,mean,-1,2026-04-23,2058.250732,10.000000,2059.266357,50.000000,-5.496582,-0.006958,623.251526,24.854588,-564890.625000,2079.518799,50.000000,-8.579590,-0.176147,18888.710938,77.930397,-892996.625000,2101.587158,50.000000,-10.595947,0.194336,-20881.500000,110.570808,-1113864.750000,-2571752.000000,2566765.500000,2222.439209,-7208.985352,80745.289062,73536.296875
ml,mean,-1,2026-04-24,2059.091553,10.000000,2059.885010,50.000000,-5.495483,0.001099,-273.369019,24.577995,-564823.125000,2080.090820,50.000000,-8.359985,0.219604,-23259.910156,68.518715,-869951.250000,2102.072266,50.000000,-10.626099,-0.030151,3378.071533,112.073906,-1117479.000000,-2552253.500000,2546610.250000,2427.609863,-8070.698242,87217.390625,79146.687500
ml,mean,-1,2026-04-25,2058.901123,10.000000,2059.534424,50.000000,-5.495483,0.000000,0.000000,0.000000,-564757.062500,2079.669922,50.000000,-8.359985,0.000000,0.000000,0.000000,-869789.375000,2101.551270,50.000000,-10.626099,0.000000,0.000000,0.000000,-1117170.625000,-2551717.250000,2546610.250000,2427.609863,-7534.395020,91023.625000,83489.234375
ml,mean,-1,2026-04-26,2059.817627,10.000000,2060.380371,50.000000,-5.495483,0.000000,0.000000,0.000000,-564967.187500,2080.439453,50.000000,-8.359985,0.000000,0.000000,0.000000,-870088.312500,2102.225098,50.000000,-10.626099,0.000000,0.000000,0.000000,-1117520.750000,-2552576.250000,2546610.250000,2427.609863,-8393.527344,97623.585938,89230.054688
ml,mean,-1,2026-04-27,2060.180908,10.000000,2060.791016,50.000000,-5.489746,0.005737,-908.658691,25.582531,-564169.000000,2080.804443,50.000000,-8.408447,-0.048462,5127.077148,74.034393,-875402.187500,2102.528320,50.000000,-10.543701,0.082397,-8641.164062,112.988739,-1109057.875000,-2548629.250000,2542187.750000,2640.215576,-9081.832031,102832.804688,93750.960938
ml,mean,-1,2026-04-28,2060.706299,10.000000,2061.128906,50.000000,-5.457397,0.032349,-3387.224609,23.943249,-560878.625000,2081.073975,50.000000,-8.266846,0.141602,-14808.195312,71.832085,-860681.812500,2102.715820,50.000000,-10.438477,0.105225,-11127.683594,112.765869,-1098028.625000,-2519589.000000,2512864.500000,2848.756836,-9573.497070,108551.859375,98978.367188
ml,mean,-1,2026-04-29,2060.994141,10.000000,2061.151367,50.000000,-4.546631,0.910767,-93920.984375,46.960495,-466976.187500,2081.053955,50.000000,-8.576904,-0.310059,32357.011719,75.299210,-893046.125000,2102.630371,50.000000,-10.959839,-0.521362,54942.218750,113.218529,-1152882.625000,-2512905.000000,2506242.500000,3084.235107,-9746.541016,113595.304688,103848.757812
ml,mean,-1,2026-04-30,2061.020020,10.000000,2061.151367,50.000000,-4.103394,0.443237,-44681.542969,22.340773,-422294.656250,2080.760742,50.000000,-8.635376,-0.058472,5591.889648,77.197929,-898509.375000,2102.263428,50.000000,-10.822998,0.136841,-14795.591797,116.086639,-1137838.750000,-2458642.750000,2452357.250000,3299.860107,-9585.144531,112773.937500,103188.781250
ml,mean,-1,2026-05-01,2061.230957,10.000000,2061.151367,50.000000,-3.923462,0.179932,-18140.033203,9.070016,-404154.593750,2080.582764,50.000000,-8.595947,0.039429,-3690.681152,77.748718,-894721.687500,2102.038086,50.000000,-10.858521,-0.035522,4210.384277,120.087280,-1141907.750000,-2440783.750000,2434737.000000,3506.766357,-9553.686523,112337.828125,102784.132812
ml,mean,-1,2026-05-02,2061.522461,10.000000,2061.151367,50.000000,-3.923462,0.000000,0.000000,0.000000,-404154.593750,2080.976807,50.000000,-8.595947,0.000000,0.000000,0.000000,-894862.875000,2102.376709,50.000000,-10.858521,0.000000,0.000000,0.000000,-1142026.000000,-2441043.500000,2434737.000000,3506.766357,-9813.240234,112269.906250,102456.679688
ml,mean,-1,2026-05-03,2062.020996,10.000000,2061.151367,50.000000,-3.923462,0.000000,0.000000,0.000000,-404154.593750,2081.147949,50.000000,-8.595947,0.000000,0.000000,0.000000,-894913.750000,2102.496826,50.000000,-10.858521,0.000000,0.000000,0.000000,-1142130.375000,-2441199.000000,2434737.000000,3506.766357,-9968.511719,112643.609375,102675.101562
ml,mean,-1,2026-05-04,2062.728027,10.000000,2061.151367,50.000000,-3.745483,0.177979,-18653.128906,9.326564,-385501.468750,2081.511230,50.000000,-9.552002,-0.956055,99814.148438,101.945923,-994863.812500,2102.811523,50.000000,-11.436279,-0.577759,59099.460938,126.543419,-1201363.875000,-2581729.000000,2574997.750000,3744.582031,-10476.096680,113523.507812,103047.414062
ml,mean,-1,2026-05-05,2062.749268,10.000000,2061.151367,50.000000,-3.654297,0.091187,-9586.854492,4.793427,-375914.625000,2081.428955,50.000000,-9.426880,0.125122,-14633.381836,92.878128,-980168.062500,2102.679199,50.000000,-11.467529,-0.031250,3135.382080,124.920685,-1204409.250000,-2560492.000000,2553912.750000,3967.174561,-10546.430664,112672.140625,102125.718750
ml,mean,-1,2026-05-06,2062.919922,10.000000,2061.151367,50.000000,-3.575317,0.078979,-8280.685547,4.140343,-367633.968750,2081.123291,50.000000,-9.418945,0.007935,-404.182037,94.575638,-979623.625000,2102.302490,50.000000,-11.361694,0.105835,-11110.569336,125.142563,-1193080.750000,-2540338.500000,2534117.250000,4191.033203,-10412.180664,112240.843750,101828.664062
ml,mean,-1,2026-05-07,2063.634033,10.000000,2061.151367,50.000000,-3.503540,0.071777,-7518.348633,3.759174,-360115.593750,2081.587891,50.000000,-9.421875,-0.002930,708.715027,98.859093,-980475.062500,2102.705566,50.000000,-11.340698,0.020996,-1896.037476,126.375015,-1191350.875000,-2531941.750000,2525411.500000,4420.025879,-10949.932617,113139.828125,102189.906250
ml,mean,-1,2026-05-08,2063.624268,10.000000,2061.151367,50.000000,-3.444824,0.058716,-6136.491699,3.068246,-353979.125000,2081.146240,50.000000,-9.254028,0.167847,-17772.716797,96.572548,-962435.312500,2102.210693,50.000000,-11.231689,0.109009,-11767.698242,126.573364,-1179245.875000,-2495660.250000,2489734.500000,4646.240723,-10571.778320,112227.968750,101656.187500
ml,mean,-1,2026-05-09,2064.140381,10.000000,2061.151367,50.000000,-3.444824,0.000000,0.000000,0.000000,-353979.125000,2081.960449,50.000000,-9.254028,0.000000,0.000000,0.000000,-962774.437500,2102.994629,50.000000,-11.231689,0.000000,0.000000,0.000000,-1179583.250000,-2496337.000000,2489734.500000,4646.240723,-11248.381836,112647.179688,101398.812500
ml,mean,-1,2026-05-10,2064.295654,10.000000,2061.151367,50.000000,-3.444824,0.000000,0.000000,0.000000,-353979.125000,2081.805176,50.000000,-9.254028,0.000000,0.000000,0.000000,-962661.125000,2102.791504,50.000000,-11.231689,0.000000,0.000000,0.000000,-1179440.500000,-2496080.750000,2489734.500000,4646.240723,-10992.208008,112164.875000,101172.656250
ml,mean,-1,2026-05-11,2064.733887,10.000000,2061.151367,50.000000,-3.359985,0.084839,-8864.389648,4.432195,-345114.718750,2081.931885,50.000000,-9.175537,0.078491,-7490.458008,101.099228,-955185.625000,2102.851562,50.000000,-11.052368,0.179321,-18557.087891,129.652023,-1160917.500000,-2461218.000000,2454822.500000,4881.423828,-11276.343750,112318.007812,101041.664062
ml,mean,-1,2026-05-12,2064.560303,10.000000,2061.151367,50.000000,-3.321655,0.038330,-3994.034180,1.997017,-341120.718750,2080.529785,50.000000,-9.140625,0.034912,-3424.420166,103.852478,-951047.250000,2103.389648,50.000000,-11.022949,0.029419,-3066.848877,130.114136,-1158062.000000,-2450230.000000,2444337.500000,5117.387207,-11009.832031,110981.312500,99971.476562
ml,mean,-1,2026-05-13,2064.960449,10.000000,2061.151367,50.000000,-3.296997,0.024658,-2536.288574,1.268144,-338584.406250,2080.829346,50.000000,-9.018555,0.122070,-12981.768555,104.193710,-938104.250000,2103.636475,50.000000,-10.901733,0.121216,-13133.013672,131.062622,-1144972.250000,-2421660.750000,2415686.500000,5353.912598,-11328.332031,111099.984375,99771.656250
ml,mean,-1,2026-05-14,2065.131836,10.000000,2061.151367,50.000000,-3.277466,0.019531,-2011.053467,1.005527,-336573.343750,2080.698730,50.000000,-8.990356,0.028198,-2672.557129,105.779930,-935282.937500,2103.474854,50.000000,-10.843750,0.057983,-5994.274902,132.155716,-1138805.250000,-2410661.250000,2405008.500000,5592.852539,-11245.862305,110654.000000,99408.140625
ml,mean,-1,2026-05-15,2065.027588,10.000000,2061.151367,50.000000,-3.261597,0.015869,-1615.136963,0.807569,-334958.250000,2080.216064,50.000000,-8.891113,0.099243,-10313.141602,105.971321,-924737.812500,2102.894775,50.000000,-10.740356,0.103394,-10481.537109,132.466599,-1127977.375000,-2387673.500000,2382598.750000,5832.098633,-10906.800781,109516.929688,98610.132812
ml,mean,-1,2026-05-16,2065.136719,10.000000,2061.151367,50.000000,-3.261597,0.000000,0.000000,0.000000,-334958.250000,2080.118652,50.000000,-8.891113,0.000000,0.000000,0.000000,-924616.312500,2102.750732,50.000000,-10.740356,0.000000,0.000000,0.000000,-1127806.250000,-2387380.750000,2382598.750000,5832.098633,-10614.206055,108829.406250,98215.203125
ml,mean,-1,2026-05-17,2065.528076,10.000000,2061.151367,50.000000,-3.261597,0.000000,0.000000,0.000000,-334958.250000,2080.453613,50.000000,-8.891113,0.000000,0.000000,0.000000,-924772.750000,2102.987793,50.000000,-10.740356,0.000000,0.000000,0.000000,-1127917.250000,-2387648.250000,2382598.750000,5832.098633,-10881.517578,108883.328125,98001.812500
ml,mean,-1,2026-05-18,2066.514160,10.000000,2061.151367,50.000000,-3.231812,0.029785,-3112.513916,1.556257,-331845.718750,2081.542969,50.000000,-8.694458,0.196655,-20786.652344,109.993698,-904486.625000,2104.034912,50.000000,-10.529541,0.210815,-22574.128906,134.904327,-1105894.250000,-2342226.750000,2336125.500000,6078.552734,-12179.708984,110455.804688,98276.093750
ml,mean,-1,2026-05-19,2067.062500,10.000000,2061.151367,50.000000,-3.209595,0.022217,-2332.581543,1.166291,-329513.093750,2081.709473,50.000000,-8.654297,0.040161,-3865.403809,112.000404,-900621.500000,2104.119873,50.000000,-10.457642,0.071899,-7161.333008,136.091797,-1098700.250000,-2328834.750000,2322766.000000,6327.811523,-12396.586914,110880.812500,98484.218750
ml,mean,-1,2026-05-20,2066.872070,10.000000,2061.151367,50.000000,-3.184204,0.025391,-2671.485107,1.335743,-326841.656250,2081.218750,50.000000,-8.534546,0.119751,-12650.891602,112.879120,-887664.875000,2103.578369,50.000000,-10.417114,0.040527,-4264.523438,136.499191,-1094031.750000,-2308538.250000,2303179.250000,6578.525879,-11937.446289,109511.234375,97573.789062
ml,mean,-1,2026-05-21,2067.562256,10.000000,2061.151367,50.000000,-3.156982,0.027222,-2842.578369,1.421289,-323999.062500,2081.684570,50.000000,-8.514404,0.020142,-1960.517578,115.371605,-885833.937500,2104.056641,50.000000,-10.338745,0.078369,-8429.801758,137.860229,-1085776.625000,-2295609.750000,2289946.000000,6833.178223,-12496.714844,110305.367188,97808.664062
ml,mean,-1,2026-05-22,2068.397949,10.000000,2061.151367,50.000000,-3.125122,0.031860,-3325.595947,1.662798,-320673.437500,2082.620117,50.000000,-8.414551,0.099854,-10855.537109,116.796112,-875328.687500,2104.908936,50.000000,-10.235474,0.103271,-11004.581055,138.959274,-1075175.250000,-2271177.250000,2264760.500000,7090.597168,-13507.329102,111426.140625,97918.796875
ml,mean,-1,2026-05-23,2068.952393,10.000000,2061.151367,50.000000,-3.125122,0.000000,0.000000,0.000000,-320673.437500,2082.946533,50.000000,-8.414551,0.000000,0.000000,0.000000,-875440.062500,2105.183838,50.000000,-10.235474,0.000000,0.000000,0.000000,-1075314.250000,-2271427.500000,2264760.500000,7090.597168,-13757.673828,111862.953125,98105.257812
ml,mean,-1,2026-05-24,2069.447510,10.000000,2061.151367,50.000000,-3.125122,0.000000,0.000000,0.000000,-320673.437500,2083.327881,50.000000,-8.414551,0.000000,0.000000,0.000000,-875580.000000,2105.546631,50.000000,-10.235474,0.000000,0.000000,0.000000,-1075449.250000,-2271702.750000,2264760.500000,7090.597168,-14032.680664,112157.750000,98125.054688
ml,mean,-1,2026-05-25,2069.789307,10.000000,2061.151367,50.000000,-3.125122,0.000000,0.000000,0.000000,-320673.437500,2083.127686,50.000000,-8.414551,0.000000,0.000000,0.000000,-875512.687500,2105.297119,50.000000,-10.235474,0.000000,0.000000,0.000000,-1075298.625000,-2271485.000000,2264760.500000,7090.597168,-13814.868164,112134.718750,98319.843750
ml,mean,-1,2026-05-26,2069.883545,10.000000,2061.151367,50.000000,-3.022339,0.102783,-10592.687500,5.296344,-310080.750000,2083.003906,50.000000,-8.173462,0.241089,-24539.933594,121.812592,-850950.312500,2105.088135,50.000000,-9.913574,0.321899,-34140.281250,142.380875,-1041057.250000,-2202088.250000,2195487.750000,7360.086914,-13960.721680,111395.687500,97434.960938
ml,mean,-1,2026-05-27,2070.255859,10.000000,2061.151367,50.000000,-2.935059,0.087280,-8980.672852,4.490336,-301100.125000,2083.047852,50.000000,-8.132446,0.041016,-4489.827637,123.612816,-846434.937500,2105.078125,50.000000,-9.887451,0.026123,-2806.334961,144.171448,-1038152.687500,-2185687.750000,2179211.000000,7632.361328,-14109.114258,111367.859375,97258.750000
ml,mean,-1,2026-05-28,2071.395020,10.000000,2061.151367,50.000000,-2.845337,0.089722,-9173.587891,4.586794,-291926.500000,2084.161377,50.000000,-8.083130,0.049316,-5148.687500,125.553879,-841724.875000,2106.172852,50.000000,-9.762207,0.125244,-13252.374023,144.588181,-1025372.312500,-2159023.500000,2151636.000000,7907.089844,-15294.449219,113318.328125,98023.890625
ml,mean,-1,2026-05-29,2071.888672,10.000000,2061.151367,50.000000,-2.759277,0.086060,-8761.534180,4.380767,-283165.000000,2084.577637,50.000000,-8.063599,0.019531,-2132.359131,127.405312,-839668.250000,2106.540039,50.000000,-9.758179,0.004028,-750.880859,146.010529,-1024674.250000,-2147507.500000,2139991.250000,8184.886719,-15700.954102,113608.117188,97907.156250
ml,mean,-1,2026-05-30,2072.605225,10.000000,2061.151367,50.000000,-2.759277,0.000000,0.000000,0.000000,-283165.000000,2085.251953,50.000000,-8.063599,0.000000,0.000000,0.000000,-839855.437500,2107.130371,50.000000,-9.758179,0.000000,0.000000,0.000000,-1024909.375000,-2147929.750000,2139991.250000,8184.886719,-16123.300781,114453.593750,98330.304688
ml,mean,-1,2026-05-31,2073.148193,10.000000,2061.151367,50.000000,-2.759277,0.000000,0.000000,0.000000,-283165.000000,2085.311279,50.000000,-8.063599,0.000000,0.000000,0.000000,-839812.500000,2107.177246,50.000000,-9.758179,0.000000,0.000000,0.000000,-1024891.750000,-2147869.250000,2139991.250000,8184.886719,-16062.636719,114903.406250,98840.765625
ml,mean,-1,2026-06-01,2073.191406,10.000000,2061.151367,50.000000,-2.618652,0.140625,-14402.704102,7.201353,-268762.281250,2085.014404,50.000000,-7.790039,0.273560,-29514.468750,132.640625,-810219.750000,2106.867676,50.000000,-9.554932,0.203247,-21379.617188,148.222519,-1003362.062500,-2082344.125000,2074694.625000,8472.951172,-16122.437500,114108.921875,97986.484375
ml,mean,-1,2026-06-02,2073.818604,10.000000,2061.151367,50.000000,-2.549438,0.069214,-7164.642578,3.582321,-261597.640625,2085.550293,50.000000,-7.778687,0.011353,-1343.173828,135.201065,-809017.750000,2107.366699,50.000000,-9.378418,0.176514,-18916.027344,148.616852,-984626.500000,-2055241.875000,2047270.875000,8760.351562,-16731.412109,114722.750000,97991.343750
ml,mean,-1,2026-06-03,2074.388184,10.000000,2061.151367,50.000000,-2.502930,0.046509,-4802.142090,2.401071,-256795.468750,2085.787109,50.000000,-7.618530,0.160156,-16927.152344,136.170792,-792130.062500,2107.525879,50.000000,-9.377197,0.001221,-417.780518,150.516434,-984230.750000,-2033156.250000,2025123.750000,9049.440430,-17081.998047,115184.179688,98102.187500
ml,mean,-1,2026-06-04,2074.434082,10.000000,2061.151367,50.000000,-2.465210,0.037720,-3890.760986,1.945380,-252904.718750,2085.582520,50.000000,-7.600708,0.017822,-1708.976196,137.274597,-790283.812500,2107.301270,50.000000,-9.209595,0.167603,-17592.113281,150.551620,-966483.750000,-2009672.375000,2001931.875000,9339.210938,-17079.634766,114329.226562,97249.578125
ml,mean,-1,2026-06-05,2074.569092,10.000000,2061.151367,50.000000,-2.435913,0.029297,-3010.457520,1.505229,-249894.250000,2085.602783,50.000000,-7.510498,0.090210,-10059.482422,139.043015,-780148.125000,2107.279785,50.000000,-9.192627,0.016968,-2102.539062,151.548187,-964345.250000,-1994387.625000,1986759.375000,9631.307617,-17259.611328,113723.656250,96464.046875
ml,mean,-1,2026-06-06,2074.761719,10.000000,2061.151367,50.000000,-2.435913,0.000000,0.000000,0.000000,-249894.250000,2085.473877,50.000000,-7.510498,0.000000,0.000000,0.000000,-780073.687500,2107.069824,50.000000,-9.192627,0.000000,0.000000,0.000000,-964246.812500,-1994214.750000,1986759.375000,9631.307617,-17086.726562,113261.859375,96175.132812
ml,mean,-1,2026-06-07,2075.041016,10.000000,2061.151367,50.000000,-2.435913,0.000000,0.000000,0.000000,-249894.250000,2085.711426,50.000000,-7.510498,0.000000,0.000000,0.000000,-780150.187500,2107.298340,50.000000,-9.192627,0.000000,0.000000,0.000000,-964317.937500,-1994362.375000,1986759.375000,9631.307617,-17234.345703,113005.882812,95771.546875
ml,mean,-1,2026-06-08,2075.284912,10.000000,2061.151367,50.000000,-2.387451,0.048462,-4968.962891,2.484481,-244925.296875,2085.668945,50.000000,-7.341187,0.169312,-17356.433594,140.835983,-762767.750000,2107.214111,50.000000,-8.856567,0.336060,-35260.128906,153.189148,-928996.375000,-1936689.375000,1929173.875000,9927.817383,-17443.369141,112640.656250,95197.289062
ml,mean,-1,2026-06-09,2075.952393,10.000000,2061.151367,50.000000,-2.361694,0.025757,-2614.309814,1.307155,-242310.984375,2086.124512,50.000000,-7.191895,0.149292,-16491.603516,142.361938,-746394.437500,2107.594482,50.000000,-8.842773,0.013794,-1973.248169,154.410507,-927149.312500,-1915854.625000,1908094.750000,10225.896484,-17985.894531,113340.718750,95354.828125
ml,mean,-1,2026-06-10,2076.149902,10.000000,2061.151367,50.000000,-2.339844,0.021851,-2190.885498,1.095443,-240120.093750,2086.075928,50.000000,-7.137207,0.054688,-5150.814941,144.020172,-741162.937500,2107.423096,50.000000,-8.680664,0.162109,-16456.660156,155.090378,-910557.875000,-1891841.000000,1884296.375000,10526.102539,-18070.693359,112898.539062,94827.851562
ml,mean,-1,2026-06-11,2076.481689,10.000000,2061.151367,50.000000,-2.316284,0.023560,-2343.285645,1.171643,-237776.828125,2086.173340,50.000000,-7.004761,0.132446,-14519.094727,144.882034,-726621.812500,2107.493652,50.000000,-8.674072,0.006592,-1355.781250,155.924316,-909204.437500,-1873603.000000,1866078.125000,10828.081055,-18352.914062,112796.187500,94443.281250
ml,mean,-1,2026-06-12,2076.997314,10.000000,2061.151367,50.000000,-2.293091,0.023193,-2302.263428,1.151132,-235474.562500,2086.382324,50.000000,-6.943726,0.061035,-5890.678711,146.060532,-720740.000000,2107.650146,50.000000,-8.487427,0.186646,-19007.460938,156.661774,-890151.062500,-1846365.625000,1838877.750000,11131.953125,-18619.837891,113146.781250,94526.937500
ml,mean,-1,2026-06-13,2077.139648,10.000000,2061.151367,50.000000,-2.293091,0.000000,0.000000,0.000000,-235474.562500,2086.659912,50.000000,-6.943726,0.000000,0.000000,0.000000,-720767.062500,2107.867432,50.000000,-8.487427,0.000000,0.000000,0.000000,-890156.062500,-1846397.750000,1838877.750000,11131.953125,-18651.816406,112538.304688,93886.476562
ml,mean,-1,2026-06-14,2077.609863,10.000000,2061.151367,50.000000,-2.293091,0.000000,0.000000,0.000000,-235474.562500,2086.869141,50.000000,-6.943726,0.000000,0.000000,0.000000,-720807.375000,2108.054688,50.000000,-8.487427,0.000000,0.000000,0.000000,-890251.437500,-1846533.375000,1838877.750000,11131.953125,-18787.566406,112786.250000,93998.687500
ml,mean,-1,2026-06-15,2078.151123,10.000000,2061.151367,50.000000,-2.206909,0.086182,-8520.628906,4.260314,-226953.921875,2087.026367,50.000000,-6.600464,0.343262,-36150.773438,148.954056,-684709.750000,2108.236816,50.000000,-8.209595,0.277832,-30210.228516,157.689377,-860102.000000,-1771765.625000,1763996.250000,11442.857422,-19212.425781,113147.859375,93935.445312
ml,mean,-1,2026-06-16,2078.520264,10.000000,2061.151367,50.000000,-2.150024,0.056885,-5693.481445,2.846740,-221260.437500,2086.959473,50.000000,-6.630005,-0.029541,3032.548828,150.468689,-687634.187500,2108.083740,50.000000,-8.053101,0.156494,-16052.815430,157.998184,-843893.375000,-1752787.750000,1745282.250000,11754.171875,-19259.662109,113117.140625,93857.476562
ml,mean,-1,2026-06-17,2079.141357,10.000000,2061.151367,50.000000,-2.103882,0.046143,-4662.604492,2.331302,-216597.828125,2087.337158,50.000000,-6.402466,0.227539,-23523.503906,151.349670,-664143.625000,2108.425537,50.000000,-7.945190,0.107910,-11228.489258,158.045059,-832816.312500,-1713557.750000,1705867.875000,12065.898438,-19755.843750,113727.007812,93971.171875
ml,mean,-1,2026-06-18,2079.589111,10.000000,2061.151367,50.000000,-2.061035,0.042847,-4377.955566,2.188978,-212219.890625,2087.742188,50.000000,-6.468872,-0.066406,6405.510742,152.547028,-670645.250000,2108.779053,50.000000,-7.811768,0.133423,-14393.513672,158.131470,-818518.875000,-1701384.125000,1693501.875000,12378.765625,-20260.988281,113917.179688,93656.195312
ml,mean,-1,2026-06-19,2080.072266,10.000000,2061.151367,50.000000,-2.061035,0.000000,0.000000,0.000000,-212219.890625,2088.118652,50.000000,-6.468872,0.000000,0.000000,0.000000,-670725.125000,2109.148682,50.000000,-7.811768,0.000000,0.000000,0.000000,-818630.875000,-1701575.875000,1693501.875000,12378.765625,-20452.794922,114157.046875,93704.257812
ml,mean,-1,2026-06-20,2080.540771,10.000000,2061.151367,50.000000,-2.061035,0.000000,0.000000,0.000000,-212219.890625,2088.584717,50.000000,-6.468872,0.000000,0.000000,0.000000,-670873.437500,2109.525146,50.000000,-7.811768,0.000000,0.000000,0.000000,-818800.500000,-1701893.875000,1693501.875000,12378.765625,-20770.687500,114377.585938,93606.906250
ml,mean,-1,2026-06-21,2081.113525,10.000000,2061.151367,50.000000,-2.061035,0.000000,0.000000,0.000000,-212219.890625,2088.968994,50.000000,-6.468872,0.000000,0.000000,0.000000,-670967.062500,2109.880371,50.000000,-7.811768,0.000000,0.000000,0.000000,-818944.062500,-1702130.875000,1693501.875000,12378.765625,-21007.859375,114856.492188,93848.632812
ml,mean,-1,2026-06-22,2081.199707,10.000000,2061.151367,50.000000,-1.955078,0.105957,-10952.576172,5.476288,-201267.312500,2088.833496,50.000000,-5.949097,0.519775,-53741.753906,153.247742,-617223.562500,2109.694824,50.000000,-7.392212,0.419556,-43309.902344,158.222473,-775508.875000,-1593999.750000,1585497.500000,12695.710938,-21197.812500,114105.546875,92907.726562
ml,mean,-1,2026-06-23,2081.756836,10.000000,2061.151367,50.000000,-1.894775,0.060303,-6295.465820,3.147733,-194971.843750,2089.176270,50.000000,-5.922852,0.026245,-3237.369629,152.610062,-614100.562500,2109.981934,50.000000,-7.268066,0.124146,-13104.304688,158.230652,-762436.625000,-1571509.125000,1562860.500000,13009.701172,-21658.207031,114530.046875,92871.851562
ml,mean,-1,2026-06-24,2081.815430,10.000000,2061.151367,50.000000,-1.844727,0.050049,-5225.206543,2.612603,-189746.625000,2089.151611,50.000000,-5.672485,0.250366,-25268.351562,152.886124,-588770.062500,2109.902344,50.000000,-7.102661,0.165405,-17002.339844,158.199692,-745397.000000,-1523913.625000,1515364.625000,13323.398438,-21872.550781,113727.585938,91855.031250
ml,mean,-1,2026-06-25,2082.141846,10.000000,2061.151367,50.000000,-1.791992,0.052734,-5546.992676,2.773497,-184199.640625,2089.097656,50.000000,-5.601074,0.071411,-8007.174805,152.554199,-580734.187500,2109.813965,50.000000,-6.991333,0.111328,-12873.319336,158.199463,-732482.500000,-1497416.250000,1488937.125000,13636.925781,-22116.097656,113575.539062,91459.437500
ml,mean,-1,2026-06-26,2082.433594,10.000000,2061.151367,50.000000,-1.735474,0.056519,-5919.337891,2.959669,-178280.312500,2089.242676,50.000000,-5.446533,0.154541,-14982.158203,152.119736,-565751.437500,2109.923340,50.000000,-6.794067,0.197266,-19839.181641,158.219620,-712589.125000,-1456620.875000,1448196.375000,13950.224609,-22374.691406,113329.234375,90954.531250
ml,mean,-1,2026-06-27,2082.934326,10.000000,2061.151367,50.000000,-1.735474,0.000000,0.000000,0.000000,-178280.312500,2089.496094,50.000000,-5.446533,0.000000,0.000000,0.000000,-565781.812500,2110.145020,50.000000,-6.794067,0.000000,0.000000,0.000000,-712616.375000,-1456678.500000,1448196.375000,13950.224609,-22432.312500,113620.015625,91187.695312
ml,mean,-1,2026-06-28,2083.190430,10.000000,2061.151367,50.000000,-1.735474,0.000000,0.000000,0.000000,-178280.312500,2089.592285,50.000000,-5.446533,0.000000,0.000000,0.000000,-565736.625000,2110.233398,50.000000,-6.794067,0.000000,0.000000,0.000000,-712589.625000,-1456606.500000,1448196.375000,13950.224609,-22360.373047,113301.703125,90941.328125
ml,mean,-1,2026-06-29,2083.403320,10.000000,2061.151367,50.000000,-1.617188,0.118286,-12211.895508,6.105947,-166068.406250,2089.654297,50.000000,-5.087402,0.359131,-37448.082031,150.144287,-528308.000000,2110.321533,50.000000,-6.481201,0.312866,-33893.601562,158.245728,-678819.750000,-1373196.250000,1364642.875000,14264.720703,-22818.066406,112866.937500,90048.867188
ml,mean,-1,2026-06-30,2083.583252,10.000000,2061.151367,50.000000,-1.538696,0.078491,-8074.876953,4.037438,-157993.531250,2089.551758,50.000000,-4.938354,0.149048,-15085.259766,148.477936,-513095.875000,2110.196045,50.000000,-6.268066,0.213135,-21443.689453,158.113403,-657270.250000,-1328359.750000,1320039.000000,14575.348633,-22896.015625,112329.101562,89433.093750
ml,mean,-1,2026-07-01,2084.429688,10.000000,2061.151367,50.000000,-1.474365,0.064331,-6588.355957,3.294178,-151405.187500,2090.364746,50.000000,-4.775391,0.162964,-17336.476562,147.814575,-495965.125000,2111.011719,50.000000,-6.207520,0.060547,-7143.454590,158.125824,-650312.000000,-1297682.250000,1288970.750000,14884.583984,-23596.146484,113482.882812,89886.734375
ml,mean,-1,2026-07-02,2084.757568,10.000000,2061.151367,50.000000,-1.414551,0.059814,-6056.417480,3.028209,-145348.750000,2090.476074,50.000000,-4.615479,0.159912,-16515.445312,146.991104,-479414.312500,2111.122314,50.000000,-5.997437,0.210083,-21135.884766,158.140732,-629169.312500,-1253932.375000,1245263.000000,15192.744141,-23862.181641,113330.726562,89468.546875
ml,mean,-1,2026-07-03,2084.991455,10.000000,2061.151367,50.000000,-1.347778,0.066772,-6735.104492,3.367552,-138613.656250,2090.265869,50.000000,-4.399780,0.215698,-22961.125000,144.663773,-456341.625000,2110.866455,50.000000,-5.901733,0.095703,-11002.108398,158.003723,-618011.625000,-1212967.000000,1204564.625000,15498.779297,-23901.044922,112965.140625,89064.078125
ml,mean,-1,2026-07-04,2085.377686,10.000000,2061.151367,50.000000,-1.347778,0.000000,0.000000,0.000000,-138613.656250,2090.592773,50.000000,-4.399780,0.000000,0.000000,0.000000,-456356.250000,2111.182373,50.000000,-5.901733,0.000000,0.000000,0.000000,-618107.875000,-1213077.875000,1204564.625000,15498.779297,-24011.996094,112958.117188,88946.125000
ml,mean,-1,2026-07-05,2085.602783,10.000000,2061.151367,50.000000,-1.347778,0.000000,0.000000,0.000000,-138613.656250,2090.712891,50.000000,-4.399780,0.000000,0.000000,0.000000,-456354.562500,2111.256836,50.000000,-5.901733,0.000000,0.000000,0.000000,-618134.500000,-1213102.625000,1204564.625000,15498.779297,-24036.808594,112589.914062,88553.101562
ml,mean,-1,2026-07-06,2085.987793,10.000000,2061.151367,50.000000,-1.204956,0.142822,-14539.625000,7.269812,-124074.031250,2090.653564,50.000000,-4.094238,0.305542,-31684.625000,140.241150,-424606.187500,2111.178223,50.000000,-5.510254,0.391479,-40553.523438,157.946533,-577526.750000,-1126207.000000,1117786.875000,15804.236328,-24224.367188,112592.445312,88368.085938
ml,mean,-1,2026-07-07,2086.279785,10.000000,2061.151367,50.000000,-1.140381,0.064575,-6634.644043,3.317322,-117439.382812,2090.911621,50.000000,-3.900757,0.193481,-20707.527344,135.572281,-403920.000000,2111.424316,50.000000,-5.416748,0.093506,-10080.944336,157.820374,-567435.812500,-1088795.125000,1080363.750000,16100.946289,-24532.378906,112381.851562,87849.476562
ml,mean,-1,2026-07-08,2086.773438,10.000000,2061.151367,50.000000,-1.100220,0.040161,-4122.372070,2.061186,-113317.015625,2091.226074,50.000000,-3.842529,0.058228,-5960.349609,132.821381,-398004.437500,2111.707764,50.000000,-5.268799,0.147949,-15474.538086,157.514786,-551993.312500,-1063314.750000,1054806.500000,16393.343750,-24901.632812,112576.273438,87674.640625
ml,mean,-1,2026-07-09,2087.191650,10.000000,2061.151367,50.000000,-1.068726,0.031494,-3230.987061,1.615493,-110086.031250,2091.274414,50.000000,-3.616089,0.226440,-23559.410156,130.035004,-374408.781250,2111.719727,50.000000,-5.137329,0.131470,-13965.915039,157.072601,-537957.375000,-1022452.187500,1014050.125000,16682.066406,-25084.078125,112626.218750,87542.125000
ml,mean,-1,2026-07-10,2087.700439,10.000000,2061.151367,50.000000,-1.044678,0.024048,-2467.346436,1.233673,-107618.687500,2091.615967,50.000000,-3.575073,0.041016,-4196.003906,126.604942,-370188.468750,2112.062500,50.000000,-4.994873,0.142456,-14794.097656,156.717438,-523174.062500,-1000981.312500,992592.687500,16966.621094,-25355.140625,112829.898438,87474.773438
ml,mean,-1,2026-07-11,2088.039062,10.000000,2061.151367,50.000000,-1.044678,0.000000,0.000000,0.000000,-107618.687500,2091.591309,50.000000,-3.575073,0.000000,0.000000,0.000000,-370106.000000,2111.997559,50.000000,-4.994873,0.000000,0.000000,0.000000,-523092.093750,-1000816.750000,992592.687500,16966.621094,-25190.664062,112749.250000,87558.593750
ml,mean,-1,2026-07-12,2088.184814,10.000000,2061.151367,50.000000,-1.044678,0.000000,0.000000,0.000000,-107618.687500,2091.564209,50.000000,-3.575073,0.000000,0.000000,0.000000,-370143.406250,2111.927734,50.000000,-4.994873,0.000000,0.000000,0.000000,-523068.000000,-1000830.000000,992592.687500,16966.621094,-25203.953125,112356.718750,87152.773438
ml,mean,-1,2026-07-13,2088.424805,10.000000,2061.151367,50.000000,-1.013916,0.030762,-3152.069580,1.576035,-104466.609375,2091.584717,50.000000,-3.208130,0.366943,-38578.503906,121.882416,-331524.750000,2111.924316,50.000000,-4.640625,0.354248,-37011.437500,155.721481,-486033.656250,-922025.062500,913850.750000,17245.802734,-25420.136719,112111.437500,86691.296875
ml,mean,-1,2026-07-14,2089.057373,10.000000,2061.151367,50.000000,-1.001831,0.012085,-1267.238647,0.633619,-103199.375000,2092.135498,50.000000,-3.189697,0.018433,-2623.118408,115.890686,-328936.093750,2112.445312,50.000000,-4.560669,0.079956,-8830.819336,154.949615,-477267.125000,-909402.625000,901129.562500,17517.277344,-25790.320312,112467.843750,86677.523438
ml,mean,-1,2026-07-15,2089.532471,10.000000,2061.151367,50.000000,-0.990967,0.010864,-1148.099976,0.574050,-102051.273438,2092.732422,50.000000,-3.008301,0.181396,-18501.919922,113.093536,-310434.000000,2113.022949,50.000000,-4.383911,0.176758,-17836.996094,154.567902,-459500.375000,-871985.687500,863642.500000,17785.513672,-26128.630859,112579.492188,86450.851562
ml,mean,-1,2026-07-16,2090.441162,10.000000,2061.151367,50.000000,-0.976074,0.014893,-1588.842773,0.794421,-100462.421875,2093.549316,50.000000,-2.924438,0.083862,-9272.804688,108.653999,-301194.687500,2113.819824,50.000000,-4.286133,0.097778,-10717.892578,153.172852,-448881.406250,-850538.625000,842063.062500,18048.134766,-26523.695312,113249.195312,86725.500000
ml,mean,-1,2026-07-17,2090.521729,10.000000,2061.151367,50.000000,-0.957520,0.018555,-1967.584106,0.983792,-98494.851562,2093.089111,50.000000,-2.757812,0.166626,-16902.431641,103.759682,-284197.062500,2113.335938,50.000000,-4.124756,0.161377,-16594.955078,152.043930,-432183.687500,-814875.625000,806598.062500,18304.919922,-26582.478516,112875.007812,86292.539062
ml,mean,-1,2026-07-18,2090.956299,10.000000,2061.151367,50.000000,-0.957520,0.000000,0.000000,0.000000,-98494.851562,2093.504639,50.000000,-2.757812,0.000000,0.000000,0.000000,-284191.312500,2113.735596,50.000000,-4.124756,0.000000,0.000000,0.000000,-432255.687500,-814941.875000,806598.062500,18304.919922,-26648.748047,112921.812500,86273.070312
ml,mean,-1,2026-07-19,2091.727295,10.000000,2061.151367,50.000000,-0.957520,0.000000,0.000000,0.000000,-98494.851562,2094.034668,50.000000,-2.757812,0.000000,0.000000,0.000000,-284221.093750,2114.263916,50.000000,-4.124756,0.000000,0.000000,0.000000,-432386.156250,-815102.125000,806598.062500,18304.919922,-26809.050781,113334.453125,86525.406250
ml,mean,-1,2026-07-20,2091.443359,10.000000,2061.151367,50.000000,-0.905518,0.052002,-5432.745605,2.716373,-93062.093750,2093.405518,50.000000,-2.471313,0.286499,-30224.345703,95.902924,-253952.312500,2113.597412,50.000000,-3.861206,0.263550,-27962.833984,150.090988,-404219.000000,-751233.437500,742978.062500,18553.630859,-26808.988281,112600.812500,85791.828125
ml,mean,-1,2026-07-21,2091.862549,10.000000,2061.151367,50.000000,-0.846924,0.058594,-6119.137695,3.059569,-86942.960938,2093.344727,50.000000,-2.229492,0.241821,-25051.537109,83.933571,-228822.031250,2113.511475,50.000000,-3.661377,0.199829,-20340.199219,146.931534,-383801.656250,-699566.625000,691467.250000,18787.556641,-26886.970703,112626.796875,85739.828125
ml,mean,-1,2026-07-22,2092.321045,10.000000,2061.151367,50.000000,-0.786133,0.060791,-6330.854004,3.165427,-80612.109375,2094.051270,50.000000,-2.077515,0.151978,-16348.730469,76.635864,-212447.062500,2114.181641,50.000000,-3.563354,0.098022,-11814.447266,143.654221,-371986.937500,-665046.125000,656973.187500,19011.011719,-27083.968750,112685.601562,85601.640625
ml,mean,-1,2026-07-23,2092.568359,10.000000,2061.151367,50.000000,-0.722412,0.063721,-6597.903320,3.298952,-74014.195312,2093.738037,50.000000,-1.880737,0.196777,-19581.755859,68.629669,-192783.437500,2113.858398,50.000000,-3.284668,0.278687,-28851.304688,139.398117,-343074.718750,-609872.375000,601942.250000,19222.337891,-27152.500000,112578.546875,85426.046875
ml,mean,-1,2026-07-24,2093.156982,10.000000,2061.151367,50.000000,-0.647461,0.074951,-7734.260254,3.867130,-66279.937500,2094.203125,50.000000,-1.755371,0.125366,-13795.969727,61.317268,-179005.187500,2114.307129,50.000000,-3.203613,0.081055,-9663.707031,134.973480,-333395.375000,-578680.500000,570748.250000,19422.494141,-27354.742188,112710.468750,85355.718750
ml,mean,-1,2026-07-25,2093.694336,10.000000,2061.151367,50.000000,-0.647461,0.000000,0.000000,0.000000,-66279.937500,2094.524902,50.000000,-1.755371,0.000000,0.000000,0.000000,-178966.953125,2114.578613,50.000000,-3.203613,0.000000,0.000000,0.000000,-333378.937500,-578625.875000,570748.250000,19422.494141,-27300.041016,112793.312500,85493.273438
ml,mean,-1,2026-07-26,2093.899902,10.000000,2061.151367,50.000000,-0.647461,0.000000,0.000000,0.000000,-66279.937500,2094.322998,50.000000,-1.755371,0.000000,0.000000,0.000000,-178979.703125,2114.347412,50.000000,-3.203613,0.000000,0.000000,0.000000,-333297.156250,-578556.812500,570748.250000,19422.494141,-27231.035156,112697.539062,85466.500000
ml,mean,-1,2026-07-27,2094.596680,10.000000,2061.151367,50.000000,-0.513184,0.134277,-13797.858398,6.898929,-52482.082031,2094.897217,50.000000,-1.517090,0.238281,-24219.808594,52.496693,-154781.968750,2114.908447,50.000000,-2.852051,0.351562,-36671.593750,129.027725,-296685.968750,-503949.937500,496059.000000,19610.919922,-27501.880859,112866.687500,85364.804688
ml,mean,-1,2026-07-28,2095.203369,10.000000,2061.151367,50.000000,-0.419556,0.093628,-9592.375000,4.796187,-42889.710938,2095.406982,50.000000,-1.377319,0.139771,-14889.654297,43.705746,-139913.375000,2115.402100,50.000000,-2.712646,0.139404,-15557.302734,121.250458,-281169.562500,-463972.687500,456019.718750,19780.669922,-27733.666016,112965.132812,85231.468750
ml,mean,-1,2026-07-29,2095.815430,10.000000,2061.151367,50.000000,-0.320923,0.098633,-10117.553711,5.058777,-32772.156250,2096.098389,50.000000,-0.513672,0.863647,-89187.460938,44.618576,-50700.121094,2116.089844,50.000000,-2.500610,0.212036,-21914.832031,115.896149,-259251.937500,-342724.218750,334799.843750,19946.246094,-27870.613281,113043.375000,85172.757812
ml,mean,-1,2026-07-30,2096.612549,10.000000,2061.151367,50.000000,-0.104492,0.216431,-22110.714844,11.055359,-10661.439453,2096.098389,50.000000,-0.205566,0.308105,-30589.742188,15.294872,-20110.378906,2116.557373,50.000000,-1.974854,0.525757,-55904.082031,103.770943,-203340.265625,-234112.078125,226195.281250,20076.367188,-27993.144531,113139.359375,85146.218750
ml,mean,-1,2026-07-31,2097.213379,10.000000,2061.151367,50.000000,-0.036255,0.068237,-6965.828613,3.482915,-3695.611084,2096.098389,50.000000,-0.081665,0.123901,-11966.144531,5.983072,-8144.232422,2116.830566,50.000000,-1.655640,0.319214,-32391.095703,85.501999,-170946.656250,-182786.484375,174872.234375,20171.333984,-28085.593750,113191.390625,85105.781250
ml,mean,-1,2026-08-01,2097.895020,10.000000,2061.151367,50.000000,-0.036255,0.000000,0.000000,0.000000,-3695.611084,2096.098389,50.000000,-0.081665,0.000000,0.000000,0.000000,-8144.232422,2117.275391,50.000000,-1.655640,0.000000,0.000000,0.000000,-170909.250000,-182749.093750,174872.234375,20171.333984,-28048.197266,113202.828125,85154.617188
ml,mean,-1,2026-08-02,2098.255371,10.000000,2061.151367,50.000000,-0.036255,0.000000,0.000000,0.000000,-3695.611084,2096.098389,50.000000,-0.081665,0.000000,0.000000,0.000000,-8144.232422,2117.369629,50.000000,-1.655640,0.000000,0.000000,0.000000,-170898.640625,-182738.468750,174872.234375,20171.333984,-28037.578125,113214.187500,85176.609375
ml,mean,-1,2026-08-03,2098.687256,10.000000,2061.151367,50.000000,-0.003662,0.032593,-3325.132568,1.662566,-370.478394,2096.098389,50.000000,-0.028687,0.052979,-5267.523438,2.633762,-2876.708984,2117.681885,50.000000,-1.299561,0.356079,-37426.429688,70.055061,-133497.828125,-136745.000000,128853.140625,20245.687500,-28137.542969,113225.507812,85087.968750
ml,mean,-1,2026-08-04,2099.052979,10.000000,2061.151367,50.000000,-0.000854,0.002808,-284.616974,0.142308,-85.861397,2096.098389,50.000000,-0.017944,0.010742,-1080.031128,0.540016,-1796.677856,2117.969727,50.000000,-1.244629,0.054932,-6595.430664,59.715405,-126854.078125,-128736.632812,120893.070312,20306.083984,-28149.644531,113236.859375,85087.210938
ml,mean,-1,2026-08-05,2099.037598,10.000000,2061.151367,50.000000,0.000000,0.000854,-85.861397,0.042931,0.000000,2096.098389,50.000000,-0.009521,0.008423,-848.028381,0.424014,-948.649536,2117.764404,50.000000,-1.158569,0.086060,-6903.652832,60.154171,-119950.257812,-120898.898438,113055.523438,20366.707031,-28210.080078,113248.226562,85038.140625
ml,mean,-1,2026-08-06,2099.559814,10.000000,2061.151367,50.000000,0.000000,0.000000,0.000000,0.000000,0.000000,2096.098389,50.000000,-0.000732,0.008789,-873.505615,0.436753,-75.143921,2118.041016,50.000000,-0.960815,0.197754,-24654.902344,51.428005,-95250.687500,-95325.828125,87527.117188,20418.568359,-28217.287109,113248.226562,85030.929688
ml,mean,-1,2026-08-07,2100.086426,10.000000,2061.151367,50.000000,0.000000,0.000000,0.000000,0.000000,0.000000,2096.098389,50.000000,-0.000366,0.000366,-39.183907,0.019592,-35.960014,2118.170898,50.000000,-0.856445,0.104370,-11485.699219,43.733185,-83733.976562,-83769.937500,76002.226562,20462.322266,-28230.035156,113248.226562,85018.187500
ml,mean,-1,2026-08-08,2101.108887,10.000000,2061.151367,50.000000,0.000000,0.000000,0.000000,0.000000,0.000000,2096.098389,50.000000,-0.000366,0.000000,0.000000,0.000000,-35.960014,2119.176270,50.000000,-0.856445,0.000000,0.000000,0.000000,-83753.898438,-83789.859375,76002.226562,20462.322266,-28249.949219,113248.226562,84998.273438
ml,mean,-1,2026-08-09,2101.169189,10.000000,2061.151367,50.000000,0.000000,0.000000,0.000000,0.000000,0.000000,2096.098389,50.000000,-0.000366,0.000000,0.000000,0.000000,-35.960014,2118.757080,50.000000,-0.856445,0.000000,0.000000,0.000000,-83708.718750,-83744.679688,76002.226562,20462.322266,-28204.767578,113248.226562,85043.453125
ml,mean,-1,2026-08-10,2101.366455,10.000000,2061.151367,50.000000,0.000000,0.000000,0.000000,0.000000,0.000000,2096.098389,50.000000,-0.000244,0.000122,-13.177059,0.006589,-22.782955,2118.652588,50.000000,-0.781982,0.074463,-8102.943359,38.092384,-75582.343750,-75605.125000,67886.109375,20500.421875,-28219.443359,113248.226562,85028.781250
ml,mean,-1,2026-08-11,2102.234863,10.000000,2061.151367,50.000000,0.000000,0.000000,0.000000,0.000000,0.000000,2096.098389,50.000000,0.000000,0.000244,-22.782955,0.011391,0.000000,2119.509033,50.000000,-0.713867,0.068115,-6646.398438,33.338444,-68972.476562,-68972.476562,61216.929688,20533.771484,-28289.326172,113248.226562,84958.898438
ml,mean,-1,2026-08-12,2102.565186,10.000000,2061.151367,50.000000,0.000000,0.000000,0.000000,0.000000,0.000000,2096.098389,50.000000,0.000000,0.000000,0.000000,0.000000,0.000000,2119.509277,50.000000,-0.642578,0.071289,-7178.609375,29.791552,-61795.937500,-61795.937500,54038.316406,20563.562500,-28321.179688,113248.226562,84927.039062
ml,mean,-1,2026-08-13,2102.853271,10.000000,2061.151367,50.000000,0.000000,0.000000,0.000000,0.000000,0.000000,2096.098389,50.000000,0.000000,0.000000,0.000000,0.000000,0.000000,2119.129395,50.000000,-0.537964,0.104614,-9981.634766,24.833096,-51795.023438,-51795.023438,44056.687500,20588.394531,-28326.736328,113248.226562,84921.492188
ml,mean,-1,2026-08-14,2103.392578,10.000000,2061.151367,50.000000,0.000000,0.000000,0.000000,0.000000,0.000000,2096.098389,50.000000,0.000000,0.000000,0.000000,0.000000,0.000000,2119.588867,50.000000,-0.468750,0.069214,-6450.467773,20.137850,-45305.878906,-45305.878906,37606.218750,20608.535156,-28308.197266,113248.226562,84940.023438
ml,mean,-1,2026-08-15,2103.409180,10.000000,2061.151367,50.000000,0.000000,0.000000,0.000000,0.000000,0.000000,2096.098389,50.000000,0.000000,0.000000,0.000000,0.000000,0.000000,2119.402100,50.000000,-0.468750,0.000000,0.000000,0.000000,-45263.117188,-45263.117188,37606.218750,20608.535156,-28265.431641,113248.226562,84982.796875
ml,mean,-1,2026-08-16,2103.459717,10.000000,2061.151367,50.000000,0.000000,0.000000,0.000000,0.000000,0.000000,2096.098389,50.000000,0.000000,0.000000,0.000000,0.000000,0.000000,2119.329590,50.000000,-0.468750,0.000000,0.000000,0.000000,-45239.644531,-45239.644531,37606.218750,20608.535156,-28241.964844,113248.226562,85006.257812
ml,mean,-1,2026-08-17,2103.760498,10.000000,2061.151367,50.000000,0.000000,0.000000,0.000000,0.000000,0.000000,2096.098389,50.000000,0.000000,0.000000,0.000000,0.000000,0.000000,2119.317139,50.000000,-0.269409,0.199341,-18638.121094,12.101202,-26596.623047,-26596.623047,18968.097656,20620.634766,-28249.162109,113248.226562,84999.062500
ml,mean,-1,2026-08-18,2104.273438,10.000000,2061.151367,50.000000,0.000000,0.000000,0.000000,0.000000,0.000000,2096.098389,50.000000,0.000000,0.000000,0.000000,0.000000,0.000000,2119.437744,50.000000,-0.192749,0.076660,-7132.877930,4.447600,-19425.103516,-19425.103516,11835.220703,20625.083984,-28214.968750,113248.226562,85033.257812
ml,mean,-1,2026-08-19,2104.494385,10.000000,2061.151367,50.000000,0.000000,0.000000,0.000000,0.000000,0.000000,2096.098389,50.000000,0.000000,0.000000,0.000000,0.000000,0.000000,2119.637939,50.000000,-0.154785,0.037964,-3590.256104,1.903907,-15822.285156,-15822.285156,8244.963867,20626.984375,-28204.308594,113248.226562,85043.914062
ml,mean,-1,2026-08-20,2104.983398,10.000000,2061.151367,50.000000,0.000000,0.000000,0.000000,0.000000,0.000000,2096.098389,50.000000,0.000000,0.000000,0.000000,0.000000,0.000000,2120.189453,50.000000,-0.140625,0.014160,-1364.749146,0.682375,-14452.480469,-14452.480469,6880.214844,20627.669922,-28199.937500,113248.226562,85048.289062
ml,mean,-1,2026-08-21,2105.899902,10.000000,2061.151367,50.000000,0.000000,0.000000,0.000000,0.000000,0.000000,2096.098389,50.000000,0.000000,0.000000,0.000000,0.000000,0.000000,2120.460449,50.000000,-0.132812,0.007812,-752.516113,0.376258,-13685.327148,-13685.327148,6127.698242,20628.044922,-28185.673828,113248.226562,85062.546875
ml,mean,-1,2026-08-22,2106.643555,10.000000,2061.151367,50.000000,0.000000,0.000000,0.000000,0.000000,0.000000,2096.098389,50.000000,0.000000,0.000000,0.000000,0.000000,0.000000,2121.178711,50.000000,-0.132812,0.000000,0.000000,0.000000,-13679.206055,-13679.206055,6127.698242,20628.044922,-28179.550781,113248.226562,85068.671875
ml,mean,-1,2026-08-23,2106.905029,10.000000,2061.151367,50.000000,0.000000,0.000000,0.000000,0.000000,0.000000,2096.098389,50.000000,0.000000,0.000000,0.000000,0.000000,0.000000,2121.049072,50.000000,-0.132812,0.000000,0.000000,0.000000,-13664.449219,-13664.449219,6127.698242,20628.044922,-28164.794922,113248.226562,85083.421875
ml,mean,-1,2026-08-24,2107.350586,10.000000,2061.151367,50.000000,0.000000,0.000000,0.000000,0.000000,0.000000,2096.098389,50.000000,0.000000,0.000000,0.000000,0.000000,0.000000,2121.419922,50.000000,-0.098022,0.034790,-3582.498047,1.791249,-10078.578125,-10078.578125,2545.200684,20629.837891,-28163.214844,113248.226562,85085.000000
ml,mean,-1,2026-08-25,2107.841309,10.000000,2061.151367,50.000000,0.000000,0.000000,0.000000,0.000000,0.000000,2096.098389,50.000000,0.000000,0.000000,0.000000,0.000000,0.000000,2121.686279,50.000000,-0.068848,0.029175,-3026.441895,1.513221,-7047.638184,-7047.638184,-481.240967,20631.349609,-28160.228516,113248.226562,85088.000000
ml,mean,-1,2026-08-26,2108.629639,10.000000,2061.151367,50.000000,0.000000,0.000000,0.000000,0.000000,0.000000,2096.098389,50.000000,0.000000,0.000000,0.000000,0.000000,0.000000,2122.317383,50.000000,-0.047729,0.021118,-2145.300049,1.072650,-4905.102539,-4905.102539,-2626.541016,20632.421875,-28164.066406,113248.226562,85084.156250
ml,mean,-1,2026-08-27,2109.105469,10.000000,2061.151367,50.000000,0.000000,0.000000,0.000000,0.000000,0.000000,2096.098389,50.000000,0.000000,0.000000,0.000000,0.000000,0.000000,2122.598877,50.000000,-0.035767,0.011963,-1229.296997,0.614648,-3673.405273,-3673.405273,-3855.838623,20633.037109,-28162.281250,113248.226562,85085.945312
ml,mean,-1,2026-08-28,2109.690918,10.000000,2061.151367,50.000000,0.000000,0.000000,0.000000,0.000000,0.000000,2096.098389,50.000000,0.000000,0.000000,0.000000,0.000000,0.000000,2123.122070,50.000000,-0.028809,0.006958,-730.468567,0.365234,-2947.775879,-2947.775879,-4586.306641,20633.404297,-28167.484375,113248.226562,85080.734375
ml,mean,-1,2026-08-29,2110.081787,10.000000,2061.151367,50.000000,0.000000,0.000000,0.000000,0.000000,0.000000,2096.098389,50.000000,0.000000,0.000000,0.000000,0.000000,0.000000,2123.141357,50.000000,-0.028809,0.000000,0.000000,0.000000,-2950.789062,-2950.789062,-4586.306641,20633.404297,-28170.496094,113248.226562,85077.726562
ml,mean,-1,2026-08-30,2110.814209,10.000000,2061.151367,50.000000,0.000000,0.000000,0.000000,0.000000,0.000000,2096.098389,50.000000,0.000000,0.000000,0.000000,0.000000,0.000000,2123.722412,50.000000,-0.028809,0.000000,0.000000,0.000000,-2954.312744,-2954.312744,-4586.306641,20633.404297,-28174.023438,113248.226562,85074.195312
ml,mean,-1,2026-08-31,2111.498779,10.000000,2061.151367,50.000000,0.000000,0.000000,0.000000,0.000000,0.000000,2096.098389,50.000000,0.000000,0.000000,0.000000,0.000000,0.000000,2124.434570,50.000000,-0.028320,0.000488,-51.874146,0.037913,-2907.312256,-2907.312256,-4638.180664,20633.441406,-28178.933594,113248.226562,85069.289062
ml,mean,-1,2026-09-01,2112.415527,10.000000,2061.151367,50.000000,0.000000,0.000000,0.000000,0.000000,0.000000,2096.098389,50.000000,0.000000,0.000000,0.000000,0.000000,0.000000,2124.718262,50.000000,-0.028442,-0.000122,13.368229,0.031726,-2922.920166,-2922.920166,-4624.812988,20633.472656,-28181.203125,113248.226562,85067.015625
ml,mean,-1,2026-09-02,2112.929199,10.000000,2061.151367,50.000000,0.000000,0.000000,0.000000,0.000000,0.000000,2096.098389,50.000000,0.000000,0.000000,0.000000,0.000000,0.000000,2125.420410,50.000000,-0.028198,0.000244,-25.549423,0.024794,-2897.142334,-2897.142334,-4650.362305,20633.498047,-28181.000000,113248.226562,85067.218750
ml,mean,-1,2026-09-03,2113.557373,10.000000,2061.151367,50.000000,0.000000,0.000000,0.000000,0.000000,0.000000,2096.098389,50.000000,0.000000,0.000000,0.000000,0.000000,0.000000,2125.534668,50.000000,-0.027710,0.000488,-45.074181,0.050535,-2852.299561,-2852.299561,-4695.436035,20633.548828,-28181.285156,113248.226562,85066.945312
ml,mean,-1,2026-09-04,2114.001221,10.000000,2061.151367,50.000000,0.000000,0.000000,0.000000,0.000000,0.000000,2096.098389,50.000000,0.000000,0.000000,0.000000,0.000000,0.000000,2125.636230,50.000000,-0.027344,0.000366,-39.242119,0.045451,-2817.284180,-2817.284180,-4734.678223,20633.591797,-28185.554688,113248.226562,85062.656250
ml,mean,-1,2026-09-05,2114.664551,10.000000,2061.151367,50.000000,0.000000,0.000000,0.000000,0.000000,0.000000,2096.098389,50.000000,0.000000,0.000000,0.000000,0.000000,0.000000,2126.338379,50.000000,-0.027344,0.000000,0.000000,0.000000,-2821.588379,-2821.588379,-4734.678223,20633.591797,-28189.859375,113248.226562,85058.367188
ml,mean,-1,2026-09-06,2115.328369,10.000000,2061.151367,50.000000,0.000000,0.000000,0.000000,0.000000,0.000000,2096.098389,50.000000,0.000000,0.000000,0.000000,0.000000,0.000000,2126.613770,50.000000,-0.027344,0.000000,0.000000,0.000000,-2824.503662,-2824.503662,-4734.678223,20633.591797,-28192.773438,113248.226562,85055.453125
ml,mean,-1,2026-09-07,2115.843750,10.000000,2061.151367,50.000000,0.000000,0.000000,0.000000,0.000000,0.000000,2096.098389,50.000000,0.000000,0.000000,0.000000,0.000000,0.000000,2127.062500,50.000000,-0.027344,0.000000,0.000000,0.000000,-2824.157959,-2824.157959,-4734.678223,20633.591797,-28192.429688,113248.226562,85055.789062
ml,mean,-1,2026-09-08,2116.178223,10.000000,2061.151367,50.000000,0.000000,0.000000,0.000000,0.000000,0.000000,2096.098389,50.000000,0.000000,0.000000,0.000000,0.000000,0.000000,2127.238525,50.000000,-0.026611,0.000732,-73.697784,0.060735,-2753.730469,-2753.730469,-4808.375977,20633.652344,-28195.759766,113248.226562,85052.460938
ml,mean,-1,2026-09-09,2116.767822,10.000000,2061.151367,50.000000,0.000000,0.000000,0.000000,0.000000,0.000000,2096.098389,50.000000,0.000000,0.000000,0.000000,0.000000,0.000000,2127.540771,50.000000,-0.026001,0.000610,-63.695328,0.031848,-2689.083008,-2689.083008,-4872.071289,20633.683594,-28194.839844,113248.226562,85053.390625
ml,mean,-1,2026-09-10,2117.067383,10.000000,2061.151367,50.000000,0.000000,0.000000,0.000000,0.000000,0.000000,2096.098389,50.000000,0.000000,0.000000,0.000000,0.000000,0.000000,2127.647217,50.000000,-0.025513,0.000488,-52.534954,0.052214,-2638.493652,-2638.493652,-4924.605957,20633.738281,-28196.837891,113248.226562,85051.390625
ml,mean,-1,2026-09-11,2117.429443,10.000000,2061.151367,50.000000,0.000000,0.000000,0.000000,0.000000,0.000000,2096.098389,50.000000,0.000000,0.000000,0.000000,0.000000,0.000000,2127.978271,50.000000,-0.025024,0.000488,-53.746952,0.052939,-2583.876709,-2583.876709,-4978.353027,20633.791016,-28196.019531,113248.226562,85052.203125
ml,mean,-1,2026-09-12,2117.831787,10.000000,2061.151367,50.000000,0.000000,0.000000,0.000000,0.000000,0.000000,2096.098389,50.000000,0.000000,0.000000,0.000000,0.000000,0.000000,2128.175537,50.000000,-0.025024,0.000000,0.000000,0.000000,-2585.223633,-2585.223633,-4978.353027,20633.791016,-28197.369141,113248.226562,85050.851562
ml,mean,-1,2026-09-13,2117.830566,10.000000,2061.151367,50.000000,0.000000,0.000000,0.000000,0.000000,0.000000,2096.098389,50.000000,0.000000,0.000000,0.000000,0.000000,0.000000,2127.814453,50.000000,-0.025024,0.000000,0.000000,0.000000,-2579.089600,-2579.089600,-4978.353027,20633.791016,-28191.232422,113248.226562,85056.992188
ml,mean,-1,2026-09-14,2118.577637,10.000000,2061.151367,50.000000,0.000000,0.000000,0.000000,0.000000,0.000000,2096.098389,50.000000,0.000000,0.000000,0.000000,0.000000,0.000000,2128.223145,50.000000,-0.024292,0.000732,-83.085770,0.065908,-2500.208008,-2500.208008,-5061.438477,20633.857422,-28195.501953,113248.226562,85052.718750
ml,mean,-1,2026-09-15,2118.428223,10.000000,2061.151367,50.000000,0.000000,0.000000,0.000000,0.000000,0.000000,2096.098389,50.000000,0.000000,0.000000,0.000000,0.000000,0.000000,2128.031738,50.000000,-0.024170,0.000122,-12.105016,0.045078,-2484.396973,-2484.396973,-5073.543945,20633.902344,-28191.845703,113248.226562,85056.382812
ml,mean,-1,2026-09-16,2118.927002,10.000000,2061.151367,50.000000,0.000000,0.000000,0.000000,0.000000,0.000000,2096.098389,50.000000,0.000000,0.000000,0.000000,0.000000,0.000000,2128.009033,50.000000,-0.023071,0.001099,-117.983131,0.058992,-2368.993896,-2368.993896,-5191.526855,20633.960938,-28194.482422,113248.226562,85053.742188
ml,mean,-1,2026-09-17,2119.096680,10.000000,2061.151367,50.000000,0.000000,0.000000,0.000000,0.000000,0.000000,2096.098389,50.000000,0.000000,0.000000,0.000000,0.000000,0.000000,2127.892090,50.000000,-0.023071,0.000000,-1.476375,0.038642,-2365.029785,-2365.029785,-5193.003418,20633.998047,-28192.031250,113248.226562,85056.187500
ml,mean,-1,2026-09-18,2119.932617,10.000000,2061.151367,50.000000,0.000000,0.000000,0.000000,0.000000,0.000000,2096.098389,50.000000,0.000000,0.000000,0.000000,0.000000,0.000000,2128.726318,50.000000,-0.022217,0.000854,-87.877129,0.043939,-2279.232666,-2279.232666,-5280.880371,20634.042969,-28194.156250,113248.226562,85054.070312
ml,mean,-1,2026-09-19,2120.510742,10.000000,2061.151367,50.000000,0.000000,0.000000,0.000000,0.000000,0.000000,2096.098389,50.000000,0.000000,0.000000,0.000000,0.000000,0.000000,2128.926758,50.000000,-0.022217,0.000000,0.000000,0.000000,-2282.869873,-2282.869873,-5280.880371,20634.042969,-28197.791016,113248.226562,85050.429688
ml,mean,-1,2026-09-20,2120.638672,10.000000,2061.151367,50.000000,0.000000,0.000000,0.000000,0.000000,0.000000,2096.098389,50.000000,0.000000,0.000000,0.000000,0.000000,0.000000,2128.867188,50.000000,-0.022217,0.000000,0.000000,0.000000,-2284.688477,-2284.688477,-5280.880371,20634.042969,-28199.613281,113248.226562,85048.609375
ml,mean,-1,2026-09-21,2121.430420,10.000000,2061.151367,50.000000,0.000000,0.000000,0.000000,0.000000,0.000000,2096.098389,50.000000,0.000000,0.000000,0.000000,0.000000,0.000000,2129.342773,50.000000,-0.021484,0.000732,-75.772453,0.037886,-2208.846680,-2208.846680,-5356.652832,20634.080078,-28199.580078,113248.226562,85048.640625
ml,mean,-1,2026-09-22,2121.961426,10.000000,2061.151367,50.000000,0.000000,0.000000,0.000000,0.000000,0.000000,2096.098389,50.000000,0.000000,0.000000,0.000000,0.000000,0.000000,2129.757080,50.000000,-0.020752,0.000732,-80.974953,0.040487,-2127.635986,-2127.635986,-5437.627930,20634.123047,-28199.384766,113248.226562,85048.835938
ml,mean,-1,2026-09-23,2122.422852,10.000000,2061.151367,50.000000,0.000000,0.000000,0.000000,0.000000,0.000000,2096.098389,50.000000,0.000000,0.000000,0.000000,0.000000,0.000000,2130.116699,50.000000,-0.020386,0.000366,-38.541416,0.019271,-2087.371582,-2087.371582,-5476.169434,20634.142578,-28197.683594,113248.226562,85050.546875
ml,mean,-1,2026-09-24,2122.580566,10.000000,2061.151367,50.000000,0.000000,0.000000,0.000000,0.000000,0.000000,2096.098389,50.000000,0.000000,0.000000,0.000000,0.000000,0.000000,2130.211426,50.000000,-0.020142,0.000244,-23.874249,0.011937,-2059.439453,-2059.439453,-5500.043945,20634.154297,-28193.638672,113248.226562,85054.585938
ml,mean,-1,2026-09-25,2122.941895,10.000000,2061.151367,50.000000,0.000000,0.000000,0.000000,0.000000,0.000000,2096.098389,50.000000,0.000000,0.000000,0.000000,0.000000,0.000000,2130.353271,50.000000,-0.019897,0.000244,-25.924152,0.012962,-2033.189331,-2033.189331,-5525.967773,20634.166016,-28193.324219,113248.226562,85054.906250
ml,mean,-1,2026-09-26,2123.053223,10.000000,2061.151367,50.000000,0.000000,0.000000,0.000000,0.000000,0.000000,2096.098389,50.000000,0.000000,0.000000,0.000000,0.000000,0.000000,2130.337891,50.000000,-0.019897,0.000000,0.000000,0.000000,-2033.115479,-2033.115479,-5525.967773,20634.166016,-28193.248047,113248.226562,85054.968750
ml,mean,-1,2026-09-27,2123.375732,10.000000,2061.151367,50.000000,0.000000,0.000000,0.000000,0.000000,0.000000,2096.098389,50.000000,0.000000,0.000000,0.000000,0.000000,0.000000,2130.232910,50.000000,-0.019897,0.000000,0.000000,0.000000,-2030.085083,-2030.085083,-5525.967773,20634.166016,-28190.218750,113248.226562,85058.000000
ml,mean,-1,2026-09-28,2123.271973,10.000000,2061.151367,50.000000,0.000000,0.000000,0.000000,0.000000,0.000000,2096.098389,50.000000,0.000000,0.000000,0.000000,0.000000,0.000000,2130.046387,50.000000,-0.019653,0.000244,-25.852732,0.012926,-2003.297119,-2003.297119,-5551.820312,20634.177734,-28189.296875,113248.226562,85058.921875
ml,mean,-1,2026-09-29,2123.373047,10.000000,2061.151367,50.000000,0.000000,0.000000,0.000000,0.000000,0.000000,2096.098389,50.000000,0.000000,0.000000,0.000000,0.000000,0.000000,2130.078857,50.000000,-0.018921,0.000732,-77.625107,0.038813,-1924.046631,-1924.046631,-5629.445801,20634.218750,-28187.710938,113248.226562,85060.515625
ml,mean,-1,2026-09-30,2123.829346,10.000000,2061.151367,50.000000,0.000000,0.000000,0.000000,0.000000,0.000000,2096.098389,50.000000,0.000000,0.000000,0.000000,0.000000,0.000000,2130.132080,50.000000,-0.018555,0.000366,-38.972858,0.019486,-1886.485962,-1886.485962,-5668.418457,20634.236328,-28189.142578,113248.226562,85059.078125
ml,mean,-1,2026-10-01,2124.689697,10.000000,2061.151367,50.000000,0.000000,0.000000,0.000000,0.000000,0.000000,2096.098389,50.000000,0.000000,0.000000,0.000000,0.000000,0.000000,2130.896973,50.000000,-0.018066,0.000488,-52.453262,0.026227,-1836.990723,-1836.990723,-5720.871582,20634.261719,-28192.126953,113248.226562,85056.093750
ml,mean,-1,2026-10-02,2125.160400,10.000000,2061.151367,50.000000,0.000000,0.000000,0.000000,0.000000,0.000000,2096.098389,50.000000,0.000000,0.000000,0.000000,0.000000,0.000000,2131.351074,50.000000,-0.017334,0.000732,-78.408035,0.039204,-1762.105591,-1762.105591,-5799.279785,20634.300781,-28195.689453,113248.226562,85052.531250
ml,mean,-1,2026-10-03,2125.641113,10.000000,2061.151367,50.000000,0.000000,0.000000,0.000000,0.000000,0.000000,2096.098389,50.000000,0.000000,0.000000,0.000000,0.000000,0.000000,2131.633057,50.000000,-0.017334,0.000000,0.000000,0.000000,-1763.294556,-1763.294556,-5799.279785,20634.300781,-28196.875000,113248.226562,85051.343750
ml,mean,-1,2026-10-04,2126.408936,10.000000,2061.151367,50.000000,0.000000,0.000000,0.000000,0.000000,0.000000,2096.098389,50.000000,0.000000,0.000000,0.000000,0.000000,0.000000,2131.883545,50.000000,-0.017334,0.000000,0.000000,0.000000,-1762.240479,-1762.240479,-5799.279785,20634.300781,-28195.822266,113248.226562,85052.398438
ml,mean,-1,2026-10-05,2126.728027,10.000000,2061.151367,50.000000,0.000000,0.000000,0.000000,0.000000,0.000000,2096.098389,50.000000,0.000000,0.000000,0.000000,0.000000,0.000000,2132.018555,50.000000,-0.017334,0.000000,0.000000,0.000000,-1761.509644,-1761.509644,-5799.279785,20634.300781,-28195.093750,113248.226562,85053.125000
ml,mean,-1,2026-10-06,2127.341064,10.000000,2061.151367,50.000000,0.000000,0.000000,0.000000,0.000000,0.000000,2096.098389,50.000000,0.000000,0.000000,0.000000,0.000000,0.000000,2132.330811,50.000000,-0.017334,0.000000,0.000000,0.000000,-1764.229980,-1764.229980,-5799.279785,20634.300781,-28197.810547,113248.226562,85050.406250
ml,mean,-1,2026-10-07,2127.603271,10.000000,2061.151367,50.000000,0.000000,0.000000,0.000000,0.000000,0.000000,2096.098389,50.000000,0.000000,0.000000,0.000000,0.000000,0.000000,2132.336914,50.000000,-0.017334,0.000000,0.000000,0.000000,-1763.950928,-1763.950928,-5799.279785,20634.300781,-28197.531250,113248.226562,85050.687500
ml,mean,-1,2026-10-08,2128.142334,10.000000,2061.151367,50.000000,0.000000,0.000000,0.000000,0.000000,0.000000,2096.098389,50.000000,0.000000,0.000000,0.000000,0.000000,0.000000,2132.509277,50.000000,-0.017334,0.000000,0.000000,0.000000,-1759.810913,-1759.810913,-5799.279785,20634.300781,-28193.394531,113248.226562,85054.828125
ml,mean,-1,2026-10-09,2128.690918,10.000000,2061.151367,50.000000,0.000000,0.000000,0.000000,0.000000,0.000000,2096.098389,50.000000,0.000000,0.000000,0.000000,0.000000,0.000000,2132.912109,50.000000,-0.017334,0.000000,0.000000,0.000000,-1757.285034,-1757.285034,-5799.279785,20634.300781,-28190.867188,113248.226562,85057.351562
ml,mean,-1,2026-10-10,2129.197998,10.000000,2061.151367,50.000000,0.000000,0.000000,0.000000,0.000000,0.000000,2096.098389,50.000000,0.000000,0.000000,0.000000,0.000000,0.000000,2133.301270,50.000000,-0.017334,0.000000,0.000000,0.000000,-1758.114014,-1758.114014,-5799.279785,20634.300781,-28191.695312,113248.226562,85056.523438
ml,mean,-1,2026-10-11,2129.652832,10.000000,2061.151367,50.000000,0.000000,0.000000,0.000000,0.000000,0.000000,2096.098389,50.000000,0.000000,0.000000,0.000000,0.000000,0.000000,2133.765137,50.000000,-0.017334,0.000000,0.000000,0.000000,-1758.690430,-1758.690430,-5799.279785,20634.300781,-28192.273438,113248.226562,85055.945312
ml,mean,-1,2026-10-12,2129.745361,10.000000,2061.151367,50.000000,0.000000,0.000000,0.000000,0.000000,0.000000,2096.098389,50.000000,0.000000,0.000000,0.000000,0.000000,0.000000,2133.774414,50.000000,-0.017334,0.000000,0.000000,0.000000,-1756.744263,-1756.744263,-5799.279785,20634.300781,-28190.328125,113248.226562,85057.898438
ml,mean,-1,2026-10-13,2130.271973,10.000000,2061.151367,50.000000,0.000000,0.000000,0.000000,0.000000,0.000000,2096.098389,50.000000,0.000000,0.000000,0.000000,0.000000,0.000000,2134.225342,50.000000,-0.017334,0.000000,0.000000,0.000000,-1756.040771,-1756.040771,-5799.279785,20634.300781,-28189.623047,113248.226562,85058.593750
ml,mean,-1,2026-10-14,2130.670410,10.000000,2061.151367,50.000000,0.000000,0.000000,0.000000,0.000000,0.000000,2096.098389,50.000000,0.000000,0.000000,0.000000,0.000000,0.000000,2134.085205,50.000000,-0.017334,0.000000,0.000000,0.000000,-1751.989624,-1751.989624,-5799.279785,20634.300781,-28185.572266,113248.226562,85062.648438
ml,mean,-1,2026-10-15,2131.764160,10.000000,2061.151367,50.000000,0.000000,0.000000,0.000000,0.000000,0.000000,2096.098389,50.000000,0.000000,0.000000,0.000000,0.000000,0.000000,2134.815186,50.000000,-0.017334,0.000000,0.000000,0.000000,-1751.147217,-1751.147217,-5799.279785,20634.300781,-28184.728516,113248.226562,85063.500000
ml,mean,-1,2026-10-16,2131.813232,10.000000,2061.151367,50.000000,0.000000,0.000000,0.000000,0.000000,0.000000,2096.098389,50.000000,0.000000,0.000000,0.000000,0.000000,0.000000,2134.811279,50.000000,-0.017334,0.000000,0.000000,0.000000,-1751.635986,-1751.635986,-5799.279785,20634.300781,-28185.216797,113248.226562,85063.000000
ml,mean,-1,2026-10-17,2132.566162,10.000000,2061.151367,50.000000,0.000000,0.000000,0.000000,0.000000,0.000000,2096.098389,50.000000,0.000000,0.000000,0.000000,0.000000,0.000000,2135.336426,50.000000,-0.017334,0.000000,0.000000,0.000000,-1749.613281,-1749.613281,-5799.279785,20634.300781,-28183.197266,113248.226562,85065.023438
ml,mean,-1,2026-10-18,2133.054199,10.000000,2061.151367,50.000000,0.000000,0.000000,0.000000,0.000000,0.000000,2096.098389,50.000000,0.000000,0.000000,0.000000,0.000000,0.000000,2135.577393,50.000000,-0.017334,0.000000,0.000000,0.000000,-1747.620239,-1747.620239,-5799.279785,20634.300781,-28181.201172,113248.226562,85067.015625
ml,mean,-1,2026-10-19,2133.254395,10.000000,2061.151367,50.000000,0.000000,0.000000,0.000000,0.000000,0.000000,2096.098389,50.000000,0.000000,0.000000,0.000000,0.000000,0.000000,2135.613037,50.000000,-0.017334,0.000000,0.000000,0.000000,-1751.259888,-1751.259888,-5799.279785,20634.300781,-28184.843750,113248.226562,85063.382812
ml,mean,-1,2026-10-20,2134.104980,10.000000,2061.151367,50.000000,0.000000,0.000000,0.000000,0.000000,0.000000,2096.098389,50.000000,0.000000,0.000000,0.000000,0.000000,0.000000,2136.271729,50.000000,-0.017334,0.000000,0.000000,0.000000,-1752.520264,-1752.520264,-5799.279785,20634.300781,-28186.105469,113248.226562,85062.117188
ml,mean,-1,2026-10-21,2134.849609,10.000000,2061.151367,50.000000,0.000000,0.000000,0.000000,0.000000,0.000000,2096.098389,50.000000,0.000000,0.000000,0.000000,0.000000,0.000000,2136.700195,50.000000,-0.017334,0.000000,0.000000,0.000000,-1748.008545,-1748.008545,-5799.279785,20634.300781,-28181.589844,113248.226562,85066.632812
ml,mean,-1,2026-10-22,2135.574707,10.000000,2061.151367,50.000000,0.000000,0.000000,0.000000,0.000000,0.000000,2096.098389,50.000000,0.000000,0.000000,0.000000,0.000000,0.000000,2137.331787,50.000000,-0.017334,0.000000,0.000000,0.000000,-1748.323486,-1748.323486,-5799.279785,20634.300781,-28181.906250,113248.226562,85066.320312
ml,mean,-1,2026-10-23,2136.544922,10.000000,2061.151367,50.000000,0.000000,0.000000,0.000000,0.000000,0.000000,2096.098389,50.000000,0.000000,0.000000,0.000000,0.000000,0.000000,2138.105957,50.000000,-0.017334,0.000000,0.000000,0.000000,-1752.198120,-1752.198120,-5799.279785,20634.300781,-28185.781250,113248.226562,85062.437500
ml,mean,-1,2026-10-24,2136.789795,10.000000,2061.151367,50.000000,0.000000,0.000000,0.000000,0.000000,0.000000,2096.098389,50.000000,0.000000,0.000000,0.000000,0.000000,0.000000,2138.090820,50.000000,-0.017334,0.000000,0.000000,0.000000,-1751.383789,-1751.383789,-5799.279785,20634.300781,-28184.966797,113248.226562,85063.265625
ml,mean,-1,2026-10-25,2137.221680,10.000000,2061.151367,50.000000,0.000000,0.000000,0.000000,0.000000,0.000000,2096.098389,50.000000,0.000000,0.000000,0.000000,0.000000,0.000000,2138.167725,50.000000,-0.017334,0.000000,0.000000,0.000000,-1750.406860,-1750.406860,-5799.279785,20634.300781,-28183.988281,113248.226562,85064.234375
ml,mean,-1,2026-10-26,2137.710693,10.000000,2061.151367,50.000000,0.000000,0.000000,0.000000,0.000000,0.000000,2096.098389,50.000000,0.000000,0.000000,0.000000,0.000000,0.000000,2138.480713,50.000000,-0.017334,0.000000,0.000000,0.000000,-1752.551025,-1752.551025,-5799.279785,20634.300781,-28186.132812,113248.226562,85062.093750
ml,mean,-1,2026-10-27,2137.758789,10.000000,2061.151367,50.000000,0.000000,0.000000,0.000000,0.000000,0.000000,2096.098389,50.000000,0.000000,0.000000,0.000000,0.000000,0.000000,2138.459229,50.000000,-0.017334,0.000000,0.000000,0.000000,-1752.730591,-1752.730591,-5799.279785,20634.300781,-28186.312500,113248.226562,85061.906250
ml,mean,-1,2026-10-28,2138.197754,10.000000,2061.151367,50.000000,0.000000,0.000000,0.000000,0.000000,0.000000,2096.098389,50.000000,0.000000,0.000000,0.000000,0.000000,0.000000,2138.758545,50.000000,-0.017334,0.000000,0.000000,0.000000,-1752.270386,-1752.270386,-5799.279785,20634.300781,-28185.855469,113248.226562,85062.375000
ml,mean,-1,2026-10-29,2138.226562,10.000000,2061.151367,50.000000,0.000000,0.000000,0.000000,0.000000,0.000000,2096.098389,50.000000,0.000000,0.000000,0.000000,0.000000,0.000000,2138.375732,50.000000,0.000000,0.017334,-1748.964600,0.874482,0.000000,0.000000,-7548.244629,20635.175781,-28183.421875,113248.226562,85064.804688
ml,mean,-1,2026-10-30,2138.821533,10.000000,2061.151367,50.000000,0.000000,0.000000,0.000000,0.000000,0.000000,2096.098389,50.000000,0.000000,0.000000,0.000000,0.000000,0.000000,2138.375732,50.000000,0.000000,0.000000,0.000000,0.000000,0.000000,0.000000,-7548.244629,20635.175781,-28183.421875,113248.226562,85064.804688
