{"MarketData": {"System Parameters": {"Base_Currency": "USD", "Base_Date": null, "Correlations_Healing_Method": "Eigenvalue_Raising", "Exclude_Deals_With_Missing_Market_Data": "No", "Grouping_File": null, "Proxying_Rules_File": null, "Script_Base_Scenario_Multiplier": 1}, "Model Configuration": {".ModelParams": {"modeldefaults": {"CommodityPrice": "MarkovHMMSpotModel", "InterestRate": "PCAInterestRateModel", "ForwardPrice": "CSForwardPriceModel", "ForwardRate": "VARMixedFactorInterestRateModel", "FxRate": "GBMAssetPriceModel", "CommodityBasis": "BasisLinkedSpotModel"}, "modelfilters": {}}}, "Price Factor Interpolation": {".ModelParams": {"modeldefaults": {"InterestRate": "Hermite"}, "modelfilters": {}}}, "Price Factors": {}, "Price Models": {"BasisLinkedSpotModel.LME_CME": {"A": 0.09669598390591203, "Phi": 0.41000734664846944, "Nu": 5.218771312556701, "Mu": 0.0, "Sigma_By_State": [11.113828129420702, 14.601724689295658, 19.524700479355083], "Calibration_DT_Years": 0.003968253968253968}, "MarkovHMMSpotModel.PLATINUM_LME": {"Log_Price": true, "States": [{"Mu": -0.0997052293504531, "Sigma": 0.15171719016534066, "Nu": 8.410770426856043}, {"Mu": 0.15925936192029885, "Sigma": 0.24138966217119134, "Nu": 8.410770426856043}, {"Mu": -0.4259163702050015, "Sigma": 0.6216348894195312, "Nu": 8.410770426856043}], "Transition_Matrix": [[0.9903413013204756, 0.009412628327557179, 0.0002460703519671834], [0.007917212174787837, 0.9783132181049096, 0.013769569720302594], [0.0011542393670975122, 0.32217292523078384, 0.6766728354021186]], "Initial_State_Probs": [0.43683527885862516, 0.5535667963683528, 0.00959792477302205], "Calibration_DT_Years": 0.003968253968253968}, "VARMixedFactorInterestRateModel.PLATINUM_CARRY": {"Mean": [0.0008880724449220997, -0.002831559611252587, -4.8022944085047154e-05], "Phi": [[0.9126993978653534, -0.02305295745706843, 0.042337636623351646], [-0.19044184433189715, 0.9492473873103663, -0.05301875309233761], [-0.029375338181100028, 0.00861054191101421, 0.8789321026842036]], "Sigma": [0.0014119033339756474, 0.005234725345207252, 0.0018055964841139993], "Calibration_Tenors": [0.086111111, 0.336111111, 0.591666667], "Contract_Cycle_Years": 0.255555555, "Calibration_DT_Years": 0.003968253968253968}, "PCAInterestRateModel.USD-SOFR": {"Reversion_Speed": 0.19771435480100208, "Historical_Yield": {".Curve": {"meta": [], "data": [[0.00274, 0.04585903321192492], [0.005479, 0.0483047215311728], [0.008219, 0.04625828652432182], [0.010959, 0.04607162980040805], [0.013699, 0.047878920186428996], [0.016438, 0.0518482397811507], [0.019178, 0.057228968986431566], [0.038356, 0.08474799215572068], [0.057534, 1.0146169364009867], [0.082192, 4.441223617090138e+26], [0.164384, 8.882447234180276e+26], [0.246575, 1.5278472698698238e+26], [0.328767, 5.758410656447154], [0.410959, 7494.136057533399], [0.493151, 1057059.9018945144], [0.575342, 75.51697936476943], [0.657534, 72.10767380233675], [0.739726, 6.887516088936165], [0.821918, 1.0293885231391435], [0.90411, 0.6513214341233209], [0.986301, 0.40301913818606233], [1.068493, 0.28383871279436756], [1.150685, 0.21647172496662181], [1.232877, 0.17434442077315762], [1.315068, 0.14488610613380706], [1.39726, 0.12327299876637286], [1.479452, 0.10747716320623923], [1.561644, 0.09554863161715993], [1.643836, 0.08631200739818685], [1.726027, 0.07891369191960908], [1.808219, 0.07302992117715561], [1.890411, 0.06810878205908764], [1.972603, 0.06394361450768751], [2.0, 0.0626961891383119], [4.0, 0.04142477809174257], [5.0, 0.04102984237113225], [6.0, 0.04151899858801076], [7.0, 0.04218719097659569], [8.0, 0.042835200765594], [9.0, 0.043591451876220856], [10.0, 0.04424656731808702], [11.0, 0.04484405127066036], [12.0, 0.04538166047596132], [15.0, 0.04647097475359306], [20.0, 0.047501892166886855], [25.0, 0.047600173520321414], [30.0, 0.047410073461977474]]}}, "Yield_Volatility": {".Curve": {"meta": [], "data": [[0.00274, 0.3362538818223775], [0.005479, 0.31630835530700424], [0.008219, 0.33085160975777195], [0.010959, 0.33191137544174243], [0.013699, 0.3172803500182588], [0.016438, 0.29359915425162053], [0.019178, 0.271960688610179], [0.038356, 0.22394007438000746], [0.057534, 0.1592197372773997], [0.082192, 0.1055277949703988], [0.164384, 0.09458405206573621], [0.246575, 0.0866395173198354], [0.328767, 0.12897349782662026], [0.410959, 0.11593431473986054], [0.493151, 0.11015867372631527], [0.575342, 0.11665449480702408], [0.657534, 0.11522642155350926], [0.739726, 0.1186350399356774], [0.821918, 0.12724547577554657], [0.90411, 0.1302043019667115], [0.986301, 0.13387712876961125], [1.068493, 0.13755561161522442], [1.150685, 0.1412410251121981], [1.232877, 0.14481762345143126], [1.315068, 0.148197358667808], [1.39726, 0.1515288902542243], [1.479452, 0.1546220815220993], [1.561644, 0.15749516240812497], [1.643836, 0.1602425122299126], [1.726027, 0.16296047913633202], [1.808219, 0.1654266735372521], [1.890411, 0.1679173831386513], [1.972603, 0.17045236591361854], [2.0, 0.17131054211998037], [4.0, 0.20087549404640925], [5.0, 0.20557340446934216], [6.0, 0.2058471688611236], [7.0, 0.2094269131179421], [8.0, 0.2124570355628064], [9.0, 0.21952617594875495], [10.0, 0.22566708178578282], [11.0, 0.2304073508081005], [12.0, 0.23532559946947482], [15.0, 0.24183453615849235], [20.0, 0.24793992595937397], [25.0, 0.2515817829583712], [30.0, 0.2542532803224637]]}}, "Eigenvectors": [{"Eigenvector": {".Curve": {"meta": [], "data": [[0.00274, 0.042936209888813574], [0.005479, 0.06446762778871853], [0.008219, 0.07610978741331051], [0.010959, 0.07881422790317057], [0.013699, 0.07603447454559761], [0.016438, 0.06995608383756867], [0.019178, 0.062425298409910505], [0.038356, 0.044062421700254886], [0.057534, 0.036416431248703404], [0.082192, 0.02891234594057765], [0.164384, 0.03256144829078012], [0.246575, 0.03480847927164743], [0.328767, 0.04849469110270287], [0.410959, 0.06075198646876638], [0.493151, 0.06875924705270996], [0.575342, 0.07749963842776601], [0.657534, 0.08503250732130363], [0.739726, 0.09134278920515215], [0.821918, 0.09905327202420101], [0.90411, 0.10559074705252992], [0.986301, 0.11107062567630796], [1.068493, 0.11647860000167917], [1.150685, 0.12176999043144848], [1.232877, 0.12697162888577698], [1.315068, 0.13183042495523986], [1.39726, 0.1364406960704175], [1.479452, 0.1408163061765547], [1.561644, 0.14494721490921442], [1.643836, 0.148822124694542], [1.726027, 0.15248630712786165], [1.808219, 0.15559189346884214], [1.890411, 0.15853865295301245], [1.972603, 0.16134976153866876], [2.0, 0.1622617330121368], [4.0, 0.19745475571283494], [5.0, 0.20551120889571264], [6.0, 0.213784653087445], [7.0, 0.21953196374132422], [8.0, 0.22234474941968896], [9.0, 0.22652876116186865], [10.0, 0.2284274366923578], [11.0, 0.22870007633346132], [12.0, 0.22939487598057792], [15.0, 0.22591770253750718], [20.0, 0.22181220131743365], [25.0, 0.21794703916574448], [30.0, 0.2149975650616841]]}}, "Eigenvalue": 0.7904946588701849}, {"Eigenvector": {".Curve": {"meta": [],