policy,case,path_idx,day,spot,spread_bps,PL_APR_2026_futures,PL_APR_2026_contract_size,PL_APR_2026_position,PL_APR_2026_trade,PL_APR_2026_trade_cash,PL_APR_2026_trade_cost,PL_APR_2026_position_mtm,PL_JUL_2026_futures,PL_JUL_2026_contract_size,PL_JUL_2026_position,PL_JUL_2026_trade,PL_JUL_2026_trade_cash,PL_JUL_2026_trade_cost,PL_JUL_2026_position_mtm,PL_OCT_2026_futures,PL_OCT_2026_contract_size,PL_OCT_2026_position,PL_OCT_2026_trade,PL_OCT_2026_trade_cash,PL_OCT_2026_trade_cost,PL_OCT_2026_position_mtm,portfolio_position_mtm,portfolio_cum_trade_cash,portfolio_cum_trade_cost,hedge_portfolio_ex_funding,mtm_ex_post_settle_discount,total_ex_funding_discount
ml,worst,2460,2026-04-10,2055.000244,10.000000,2026.171509,50.000000,-1.000000,-1.000000,101308.578125,50.654285,-101308.578125,2047.068848,50.000000,-1.000000,-1.000000,102353.445312,51.176720,-102353.445312,2070.749756,50.000000,-1.000000,-1.000000,103537.484375,51.768742,-103537.484375,-307199.500000,307199.500000,153.599747,-153.599747,29559.361328,29405.761719
ml,worst,2460,2026-04-11,2054.896484,10.000000,2048.726074,50.000000,-1.000000,0.000000,-0.000000,0.000000,-102436.304688,2071.083008,50.000000,-1.000000,0.000000,-0.000000,0.000000,-103554.148438,2095.653809,50.000000,-1.000000,0.000000,-0.000000,0.000000,-104782.687500,-310773.125000,307199.500000,153.599747,-3727.224854,19008.685547,15281.460938
ml,worst,2460,2026-04-12,2065.389893,10.000000,2073.054932,50.000000,-1.000000,0.000000,-0.000000,0.000000,-103652.750000,2094.444824,50.000000,-1.000000,0.000000,-0.000000,0.000000,-104722.242188,2118.562012,50.000000,-1.000000,0.000000,-0.000000,0.000000,-105928.101562,-314303.093750,307199.500000,153.599747,-7257.193359,41208.414062,33951.218750
ml,worst,2460,2026-04-13,2052.285889,10.000000,2054.939453,50.000000,-2.000000,-1.000000,102746.968750,51.373482,-205493.937500,2077.066895,50.000000,-2.000000,-1.000000,103853.343750,51.926670,-207706.687500,2101.358887,50.000000,-2.000000,-1.000000,105067.945312,52.533974,-210135.890625,-623336.500000,618867.750000,309.433899,-4778.184082,12721.150391,7942.966309
ml,worst,2460,2026-04-14,2035.134277,10.000000,2030.747681,50.000000,-3.000000,-1.000000,101537.382812,50.768688,-304612.156250,2053.592529,50.000000,-3.000000,-1.000000,102679.625000,51.339809,-308038.875000,2078.762451,50.000000,-3.000000,-1.000000,103938.125000,51.969063,-311814.343750,-924465.375000,927022.937500,463.511414,2094.051025,-27866.205078,-25772.154297
ml,worst,2460,2026-04-15,2038.040894,10.000000,2033.956055,50.000000,-4.000000,-1.000000,101697.804688,50.848904,-406791.218750,2054.644287,50.000000,-4.000000,-1.000000,102732.210938,51.366104,-410928.843750,2076.714844,50.000000,-4.000000,-1.000000,103835.742188,51.917870,-415342.968750,-1233063.000000,1235288.750000,617.644287,1608.105713,-14253.848633,-12645.743164
ml,worst,2460,2026-04-16,2023.319824,10.000000,2029.779907,50.000000,-5.000000,-1.000000,101488.992188,50.744495,-507444.968750,2051.475342,50.000000,-5.000000,-1.000000,102573.765625,51.286880,-512868.843750,2074.343018,50.000000,-5.000000,-1.000000,103717.148438,51.858574,-518585.750000,-1538899.500000,1543068.500000,771.534302,3397.465820,-42711.890625,-39314.425781
ml,worst,2460,2026-04-17,2014.176880,10.000000,2019.381104,50.000000,-6.000000,-1.000000,100969.054688,50.484528,-605814.375000,2041.068726,50.000000,-6.000000,-1.000000,102053.437500,51.026718,-612320.625000,2063.747559,50.000000,-6.000000,-1.000000,103187.375000,51.593685,-619124.250000,-1837259.250000,1849278.250000,924.639221,11094.360352,-58717.597656,-47623.238281
ml,worst,2460,2026-04-18,2008.050903,10.000000,2008.367676,50.000000,-6.000000,0.000000,-0.000000,0.000000,-602510.312500,2029.541992,50.000000,-6.000000,0.000000,-0.000000,0.000000,-608862.625000,2051.536133,50.000000,-6.000000,0.000000,-0.000000,0.000000,-615460.812500,-1826833.750000,1849278.250000,924.639221,21519.861328,-69160.140625,-47640.281250
ml,worst,2460,2026-04-19,2015.995850,10.000000,2026.551392,50.000000,-6.000000,0.000000,-0.000000,0.000000,-607965.437500,2049.165527,50.000000,-6.000000,0.000000,-0.000000,0.000000,-614749.687500,2072.436523,50.000000,-6.000000,0.000000,-0.000000,0.000000,-621730.937500,-1844446.000000,1849278.250000,924.639221,3907.610840,-42891.218750,-38983.609375
ml,worst,2460,2026-04-20,2007.747559,10.000000,2009.065796,50.000000,-7.000000,-1.000000,100453.289062,50.226643,-703173.062500,2032.214478,50.000000,-7.000000,-1.000000,101610.726562,50.805363,-711275.062500,2054.804688,50.000000,-7.000000,-1.000000,102740.234375,51.370117,-719181.625000,-2133629.750000,2154082.750000,1077.041260,19375.958984,-64138.457031,-44762.500000
ml,worst,2460,2026-04-21,1992.828979,10.000000,1985.454956,50.000000,-8.000000,-1.000000,99272.750000,49.636375,-794182.000000,2008.664795,50.000000,-8.000000,-1.000000,100433.242188,50.216621,-803465.937500,2032.056396,50.000000,-8.000000,-1.000000,101602.820312,50.801407,-812822.562500,-2410470.500000,2455391.500000,1227.695801,43693.304688,-96927.718750,-53234.414062
ml,worst,2460,2026-04-22,1963.861206,10.000000,1957.916870,50.000000,-9.000000,-1.000000,97895.843750,48.947922,-881062.625000,1979.876099,50.000000,-9.000000,-1.000000,98993.804688,49.496902,-890944.250000,2003.481812,50.000000,-9.000000,-1.000000,100174.093750,50.087044,-901566.812500,-2673573.750000,2752455.250000,1376.227661,77505.273438,-164829.453125,-87324.179688
ml,worst,2460,2026-04-23,1994.844482,10.000000,1995.008057,50.000000,-7.000000,2.000000,-199500.812500,99.750404,-698252.812500,2016.165283,50.000000,-8.000000,1.000000,-100808.265625,50.404129,-806466.125000,2038.297607,50.000000,-10.000000,-1.000000,101914.882812,50.957439,-1019148.812500,-2523867.750000,2554061.000000,1577.339600,28615.910156,-72210.101562,-43594.191406
ml,worst,2460,2026-04-24,1994.161743,10.000000,1990.937866,50.000000,-8.000000,-1.000000,99546.890625,49.773441,-796375.125000,2013.319458,50.000000,-9.000000,-1.000000,100665.976562,50.332985,-905993.750000,2036.193848,50.000000,-11.000000,-1.000000,101809.695312,50.904846,-1119906.625000,-2822275.500000,2856083.500000,1728.350830,32079.648438,-64916.492188,-32836.843750
ml,worst,2460,2026-04-25,2033.346680,10.000000,2035.517700,50.000000,-8.000000,0.000000,-0.000000,0.000000,-814207.062500,2057.204590,50.000000,-9.000000,0.000000,-0.000000,0.000000,-925742.062500,2080.079102,50.000000,-11.000000,0.000000,-0.000000,0.000000,-1144043.500000,-2883992.500000,2856083.500000,1728.350830,-29637.351562,47295.820312,17658.468750
ml,worst,2460,2026-04-26,2033.394043,10.000000,2036.010986,50.000000,-8.000000,0.000000,-0.000000,0.000000,-814404.375000,2055.506348,50.000000,-9.000000,0.000000,-0.000000,0.000000,-924977.812500,2077.000977,50.000000,-11.000000,0.000000,-0.000000,0.000000,-1142350.625000,-2881733.000000,2856083.500000,1728.350830,-27377.851562,54111.261719,26733.410156
ml,worst,2460,2026-04-27,2025.427979,10.000000,2030.274902,50.000000,-7.000000,1.000000,-101513.742188,50.756870,-710596.187500,2048.916016,50.000000,-10.000000,-1.000000,102445.796875,51.222900,-1024458.000000,2069.963867,50.000000,-8.000000,3.000000,-310494.593750,155.247284,-827985.562500,-2563039.750000,2546521.000000,1985.577881,-18504.328125,36798.773438,18294.445312
ml,worst,2460,2026-04-28,1985.154419,10.000000,1979.915161,50.000000,-8.000000,-1.000000,98995.757812,49.497875,-791966.062500,2000.651611,50.000000,-11.000000,-1.000000,100032.578125,50.016285,-1100358.375000,2022.333740,50.000000,-9.000000,-1.000000,101116.687500,50.558342,-910050.187500,-2802374.750000,2846666.000000,2135.650391,42155.601562,-68144.851562,-25989.250000
ml,worst,2460,2026-04-29,1984.336670,10.000000,1988.604980,50.000000,-6.000000,2.000000,-198860.500000,99.430244,-596581.500000,2008.449951,50.000000,-9.000000,2.000000,-200845.000000,100.422501,-903802.437500,2029.899902,50.000000,-10.000000,-1.000000,101494.992188,50.747494,-1014950.000000,-2515334.000000,2548455.500000,2386.250732,30735.250000,-64412.937500,-33677.687500
ml,worst,2460,2026-04-30,1987.113892,10.000000,1988.604980,50.000000,-5.000000,1.000000,-99430.250000,49.715122,-497151.281250,2010.127197,50.000000,-8.000000,1.000000,-100506.359375,50.253181,-804050.875000,2031.661621,50.000000,-11.000000,-1.000000,101583.078125,50.791534,-1117413.875000,-2418616.000000,2450102.000000,2537.010498,28948.990234,-58753.933594,-29804.943359
ml,worst,2460,2026-05-01,1969.830688,10.000000,1988.604980,50.000000,-4.000000,1.000000,-99430.250000,49.715122,-397721.000000,2003.293335,50.000000,-9.000000,-1.000000,100164.664062,50.082329,-901482.000000,2025.513306,50.000000,-12.000000,-1.000000,101275.664062,50.637829,-1215308.000000,-2514511.000000,2552112.000000,2687.445801,34913.554688,-100586.804688,-65673.250000
ml,worst,2460,2026-05-02,1951.189087,10.000000,1988.604980,50.000000,-4.000000,0.000000,-0.000000,0.000000,-397721.000000,1978.699219,50.000000,-9.000000,0.000000,-0.000000,0.000000,-890414.625000,2002.680298,50.000000,-12.000000,0.000000,-0.000000,0.000000,-1201608.250000,-2489744.000000,2552112.000000,2687.445801,59680.554688,-152635.375000,-92954.820312
ml,worst,2460,2026-05-03,1957.722168,10.000000,1988.604980,50.000000,-4.000000,0.000000,-0.000000,0.000000,-397721.000000,1981.235229,50.000000,-9.000000,0.000000,-0.000000,0.000000,-891555.875000,2005.412354,50.000000,-12.000000,0.000000,-0.000000,0.000000,-1203247.500000,-2492524.500000,2552112.000000,2687.445801,56900.054688,-134869.187500,-77969.132812
ml,worst,2460,2026-05-04,1987.365967,10.000000,1988.604980,50.000000,-4.000000,0.000000,-0.000000,0.000000,-397721.000000,2008.300049,50.000000,-7.000000,2.000000,-200830.000000,100.415001,-702905.000000,2031.933228,50.000000,-10.000000,2.000000,-203193.328125,101.596657,-1015966.625000,-2116592.500000,2148088.750000,2889.457520,28606.792969,-66314.398438,-37707.605469
ml,worst,2460,2026-05-05,1971.424316,10.000000,1988.604980,50.000000,-4.000000,0.000000,-0.000000,0.000000,-397721.000000,1998.524292,50.000000,-8.000000,-1.000000,99926.210938,49.963104,-799409.687500,2023.292969,50.000000,-11.000000,-1.000000,101164.648438,50.582325,-1112811.125000,-2309942.000000,2349179.750000,2990.002930,36247.746094,-106414.773438,-70167.031250
ml,worst,2460,2026-05-06,1970.307007,10.000000,1988.604980,50.000000,-4.000000,0.000000,-0.000000,0.000000,-397721.000000,2013.452881,50.000000,-7.000000,1.000000,-100672.640625,50.336319,-704708.500000,2037.955688,50.000000,-9.000000,2.000000,-203795.562500,101.897781,-917080.062500,-2019509.500000,2044711.375000,3142.237061,22059.638672,-109737.804688,-87678.164062
ml,worst,2460,2026-05-07,1977.623413,10.000000,1988.604980,50.000000,-3.000000,1.000000,-99430.250000,49.715122,-298290.750000,1990.772217,50.000000,-8.000000,-1.000000,99538.609375,49.769306,-796308.875000,2014.455811,50.000000,-10.000000,-1.000000,100722.789062,50.361393,-1007227.937500,-2101827.500000,2145542.750000,3292.082764,40423.167969,-91483.570312,-51060.402344
ml,worst,2460,2026-05-08,1966.934082,10.000000,1988.604980,50.000000,-3.000000,0.000000,-0.000000,0.000000,-298290.750000,2017.977539,50.000000,-6.000000,2.000000,-201797.750000,100.898872,-605393.250000,2043.156128,50.000000,-8.000000,2.000000,-204315.609375,102.157806,-817262.437500,-1720946.500000,1739429.250000,3495.139648,14987.610352,-123478.179688,-108490.570312
ml,worst,2460,2026-05-09,1919.791382,10.000000,1988.604980,50.000000,-3.000000,0.000000,-0.000000,0.000000,-298290.750000,1942.774048,50.000000,-6.000000,0.000000,-0.000000,0.000000,-582832.250000,1967.189453,50.000000,-8.000000,0.000000,-0.000000,0.000000,-786875.750000,-1667998.750000,1739429.250000,3495.139648,67935.359375,-243331.640625,-175396.281250
ml,worst,2460,2026-05-10,1853.374023,10.000000,1988.604980,50.000000,-3.000000,0.000000,-0.000000,0.000000,-298290.750000,1851.622314,50.000000,-6.000000,0.000000,-0.000000,0.000000,-555486.750000,1874.052246,50.000000,-8.000000,0.000000,-0.000000,0.000000,-749620.875000,-1603398.375000,1739429.250000,3495.139648,132535.734375,-409350.625000,-276814.875000
ml,worst,2460,2026-05-11,1835.800415,10.000000,1988.604980,50.000000,-3.000000,0.000000,-0.000000,0.000000,-298290.750000,1819.112305,50.000000,-7.000000,-1.000000,90955.617188,45.477810,-636689.312500,1840.330200,50.000000,-9.000000,-1.000000,92016.507812,46.008251,-828148.625000,-1763128.750000,1922401.375000,3586.625488,155686.000000,-453603.031250,-297917.031250
ml,worst,2460,2026-05-12,1847.346924,10.000000,1988.604980,50.000000,-3.000000,0.000000,-0.000000,0.000000,-298290.750000,1833.575928,50.000000,-8.000000,-1.000000,91678.796875,45.839397,-733430.375000,1855.065308,50.000000,-10.000000,-1.000000,92753.265625,46.376629,-927532.625000,-1959253.750000,2106833.250000,3678.841553,143900.656250,-421798.906250,-277898.250000
ml,worst,2460,2026-05-13,1835.880127,10.000000,1988.604980,50.000000,-3.000000,0.000000,-0.000000,0.000000,-298290.750000,1839.385376,50.000000,-9.000000,-1.000000,91969.265625,45.984631,-827723.437500,1859.250122,50.000000,-8.000000,2.000000,-185925.015625,92.962502,-743700.062500,-1869714.250000,2012877.750000,3817.788574,139345.718750,-449898.343750,-310552.625000
ml,worst,2460,2026-05-14,1783.501587,10.000000,1988.604980,50.000000,-3.000000,0.000000,-0.000000,0.000000,-298290.750000,1791.984741,50.000000,-10.000000,-1.000000,89599.234375,44.799618,-895992.375000,1812.162354,50.000000,-9.000000,-1.000000,90608.117188,45.304058,-815473.062500,-2009756.250000,2193085.000000,3907.892334,179420.859375,-588445.875000,-409025.000000
ml,worst,2460,2026-05-15,1791.182251,10.000000,1988.604980,50.000000,-3.000000,0.000000,-0.000000,0.000000,-298290.750000,1815.501221,50.000000,-8.000000,2.000000,-181550.125000,90.775063,-726200.500000,1841.971069,50.000000,-10.000000,-1.000000,92098.554688,46.049278,-920985.562500,-1945476.750000,2103633.500000,4044.716797,154112.031250,-565569.312500,-411457.281250
ml,worst,2460,2026-05-16,1750.860352,10.000000,1988.604980,50.000000,-3.000000,0.000000,-0.000000,0.000000,-298290.750000,1773.892578,50.000000,-8.000000,0.000000,-0.000000,0.000000,-709557.000000,1796.673218,50.000000,-10.000000,0.000000,-0.000000,0.000000,-898336.625000,-1906184.375000,2103633.500000,4044.716797,193404.406250,-670898.937500,-477494.531250
ml,worst,2460,2026-05-17,1746.864990,10.000000,1988.604980,50.000000,-3.000000,0.000000,-0.000000,0.000000,-298290.750000,1755.024536,50.000000,-8.000000,0.000000,-0.000000,0.000000,-702009.812500,1775.437622,50.000000,-10.000000,0.000000,-0.000000,0.000000,-887718.875000,-1888019.500000,2103633.500000,4044.716797,211569.281250,-679393.000000,-467823.718750
ml,worst,2460,2026-05-18,1709.535278,10.000000,1988.604980,50.000000,-3.000000,0.000000,-0.000000,0.000000,-298290.750000,1708.602173,50.000000,-9.000000,-1.000000,85430.109375,42.715054,-768871.000000,1729.487549,50.000000,-11.000000,-1.000000,86474.375000,43.237186,-951218.187500,-2018380.000000,2275538.000000,4130.668945,253027.328125,-772720.062500,-519692.750000
ml,worst,2460,2026-05-19,1720.891479,10.000000,1988.604980,50.000000,-3.000000,0.000000,-0.000000,0.000000,-298290.750000,1714.395142,50.000000,-7.000000,2.000000,-171439.515625,85.719757,-600038.250000,1734.908081,50.000000,-9.000000,2.000000,-173490.812500,86.745407,-780708.625000,-1679037.625000,1930607.625000,4303.134277,247266.859375,-748406.312500,-501139.437500
ml,worst,2460,2026-05-20,1689.437378,10.000000,1988.604980,50.000000,-3.000000,0.000000,-0.000000,0.000000,-298290.750000,1685.041748,50.000000,-8.000000,-1.000000,84252.085938,42.126041,-674016.687500,1703.234131,50.000000,-10.000000,-1.000000,85161.703125,42.580849,-851617.062500,-1823924.500000,2100021.500000,4387.840820,271709.156250,-826535.562500,-554826.375000
ml,worst,2460,2026-05-21,1689.629883,10.000000,1988.604980,50.000000,-3.000000,0.000000,-0.000000,0.000000,-298290.750000,1696.835083,50.000000,-9.000000,-1.000000,84841.757812,42.420876,-763575.750000,1717.629761,50.000000,-8.000000,2.000000,-171762.968750,85.881485,-687051.875000,-1748918.375000,2013100.250000,4516.143555,259665.734375,-825223.562500,-565557.812500
ml,worst,2460,2026-05-22,1695.998779,10.000000,1988.604980,50.000000,-3.000000,0.000000,-0.000000,0.000000,-298290.750000,1691.806885,50.000000,-7.000000,2.000000,-169180.687500,84.590340,-592132.437500,1709.999390,50.000000,-9.000000,-1.000000,85499.968750,42.749985,-769499.687500,-1659922.875000,1929419.500000,4643.483398,264853.156250,-812505.187500,-547652.000000
ml,worst,2460,2026-05-23,1669.020874,10.000000,1988.604980,50.000000,-3.000000,0.000000,-0.000000,0.000000,-298290.750000,1683.394165,50.000000,-7.000000,0.000000,-0.000000,0.000000,-589187.937500,1699.829346,50.000000,-9.000000,0.000000,-0.000000,0.000000,-764923.187500,-1652401.875000,1929419.500000,4643.483398,272374.156250,-881267.812500,-608893.625000
ml,worst,2460,2026-05-24,1651.421753,10.000000,1988.604980,50.000000,-3.000000,0.000000,-0.000000,0.000000,-298290.750000,1685.999146,50.000000,-7.000000,0.000000,-0.000000,0.000000,-590099.687500,1701.424438,50.000000,-9.000000,0.000000,-0.000000,0.000000,-765641.000000,-1654031.500000,1929419.500000,4643.483398,270744.531250,-923447.000000,-652702.500000
ml,worst,2460,2026-05-25,1587.196045,10.000000,1988.604980,50.000000,-3.000000,0.000000,-0.000000,0.000000,-298290.750000,1595.719360,50.000000,-7.000000,0.000000,-0.000000,0.000000,-558501.750000,1607.724854,50.000000,-9.000000,0.000000,-0.000000,0.000000,-723476.187500,-1580268.750000,1929419.500000,4643.483398,344507.281250,-1088224.250000,-743717.000000
ml,worst,2460,2026-05-26,1588.171875,10.000000,1988.604980,50.000000,-3.000000,0.000000,-0.000000,0.000000,-298290.750000,1612.384033,50.000000,-8.000000,-1.000000,80619.203125,40.309601,-644953.625000,1623.060059,50.000000,-10.000000,-1.000000,81153.000000,40.576500,-811530.000000,-1754774.375000,2091191.750000,4724.369629,331693.000000,-1085555.125000,-753862.125000
ml,worst,2460,2026-05-27,1583.299438,10.000000,1988.604980,50.000000,-3.000000,0.000000,-0.000000,0.000000,-298290.750000,1593.195190,50.000000,-9.000000,-1.000000,79659.757812,39.829876,-716937.812500,1602.207275,50.000000,-11.000000,-1.000000,80110.367188,40.055183,-881213.937500,-1896442.500000,2250962.000000,4804.254883,349715.250000,-1099790.500000,-750075.250000
ml,worst,2460,2026-05-28,1588.268066,10.000000,1988.604980,50.000000,-3.000000,0.000000,-0.000000,0.000000,-298290.750000,1610.318481,50.000000,-7.000000,2.000000,-161031.843750,80.515923,-563611.500000,1622.642578,50.000000,-9.000000,2.000000,-162264.250000,81.132126,-730189.187500,-1592091.500000,1927665.750000,4965.903320,330608.343750,-1086371.875000,-755763.500000
ml,worst,2460,2026-05-29,1549.439209,10.000000,1988.604980,50.000000,-3.000000,0.000000,-0.000000,0.000000,-298290.750000,1569.790405,50.000000,-8.000000,-1.000000,78489.523438,39.244762,-627916.187500,1583.020386,50.000000,-10.000000,-1.000000,79151.015625,39.575504,-791510.187500,-1717717.125000,2085306.250000,5044.723145,362544.406250,-1186707.000000,-824162.625000
ml,worst,2460,2026-05-30,1542.147827,10.000000,1988.604980,50.000000,-3.000000,0.000000,-0.000000,0.000000,-298290.750000,1551.921265,50.000000,-8.000000,0.000000,-0.000000,0.000000,-620768.500000,1567.449463,50.000000,-10.000000,0.000000,-0.000000,0.000000,-783724.687500,-1702784.000000,2085306.250000,5044.723145,377477.531250,-1206240.000000,-828762.500000
ml,worst,2460,2026-05-31,1528.480347,10.000000,1988.604980,50.000000,-3.000000,0.000000,-0.000000,0.000000,-298290.750000,1520.597656,50.000000,-8.000000,0.000000,-0.000000,0.000000,-608239.062500,1535.817505,50.000000,-10.000000,0.000000,-0.000000,0.000000,-767908.750000,-1674438.500000,2085306.250000,5044.723145,405823.031250,-1242027.875000,-836204.875000
ml,worst,2460,2026-06-01,1516.348511,10.000000,1988.604980,50.000000,-3.000000,0.000000,-0.000000,0.000000,-298290.750000,1504.470215,50.000000,-9.000000,-1.000000,75223.507812,37.611752,-677011.625000,1518.980591,50.000000,-8.000000,2.000000,-151898.062500,75.949028,-607592.250000,-1582894.625000,2008631.750000,5158.284180,420578.843750,-1277248.250000,-856669.375000
ml,worst,2460,2026-06-02,1515.401611,10.000000,1988.604980,50.000000,-3.000000,0.000000,-0.000000,0.000000,-298290.750000,1517.106812,50.000000,-7.000000,2.000000,-151710.687500,75.855339,-530987.375000,1531.875977,50.000000,-9.000000,-1.000000,76593.796875,38.296898,-689344.187500,-1518622.250000,1933514.750000,5272.436035,409620.062500,-1279515.875000,-869895.812500
ml,worst,2460,2026-06-03,1535.529907,10.000000,1988.604980,50.000000,-3.000000,0.000000,-0.000000,0.000000,-298290.750000,1534.061890,50.000000,-6.000000,1.000000,-76703.093750,38.351547,-460218.562500,1549.342773,50.000000,-7.000000,2.000000,-154934.281250,77.467133,-542270.000000,-1300779.250000,1701877.500000,5388.254883,395710.000000,-1230412.125000,-834702.125000
ml,worst,2460,2026-06-04,1533.775879,10.000000,1988.604980,50.000000,-3.000000,0.000000,-0.000000,0.000000,-298290.750000,1547.217529,50.000000,-7.000000,-1.000000,77360.875000,38.680435,-541526.125000,1563.403809,50.000000,-8.000000,-1.000000,78170.187500,39.085094,-625361.500000,-1465178.375000,1857408.500000,5466.020508,386764.093750,-1234234.750000,-847470.625000
ml,worst,2460,2026-06-05,1520.804077,10.000000,1988.604980,50.000000,-3.000000,0.000000,-0.000000,0.000000,-298290.750000,1497.064453,50.000000,-8.000000,-1.000000,74853.218750,37.426609,-598825.750000,1512.328613,50.000000,-9.000000,-1.000000,75616.429688,37.808216,-680547.875000,-1577664.375000,2007878.250000,5541.255371,424672.625000,-1266071.625000,-841399.000000
ml,worst,2460,2026-06-06,1507.251099,10.000000,1988.604980,50.000000,-3.000000,0.000000,-0.000000,0.000000,-298290.750000,1508.005127,50.000000,-8.000000,0.000000,-0.000000,0.000000,-603202.062500,1521.194702,50.000000,-9.000000,0.000000,-0.000000,0.000000,-684537.625000,-1586030.500000,2007878.250000,5541.255371,416306.500000,-1303251.750000,-886945.250000
ml,worst,2460,2026-06-07,1482.721802,10.000000,1988.604980,50.000000,-3.000000,0.000000,-0.000000,0.000000,-298290.750000,1488.820312,50.000000,-8.000000,0.000000,-0.000000,0.000000,-595528.125000,1501.783813,50.000000,-9.000000,0.000000,-0.000000,0.000000,-675802.750000,-1569621.625000,2007878.250000,5541.255371,432715.375000,-1361859.875000,-929144.500000
ml,worst,2460,2026-06-08,1489.266235,10.000000,1988.604980,50.000000,-3.000000,0.000000,-0.000000,0.000000,-298290.750000,1548.343140,50.000000,-6.000000,2.000000,-154834.312500,77.417152,-464502.937500,1563.088867,50.000000,-7.000000,2.000000,-156308.890625,78.154442,-547081.125000,-1309874.750000,1696735.000000,5696.826660,381163.437500,-1345388.875000,-964225.437500
ml,worst,2460,2026-06-09,1474.918701,10.000000,1988.604980,50.000000,-3.000000,0.000000,-0.000000,0.000000,-298290.750000,1495.396118,50.000000,-7.000000,-1.000000,74769.804688,37.384903,-523388.625000,1512.658813,50.000000,-8.000000,-1.000000,75632.937500,37.816467,-605063.500000,-1426742.875000,1847137.750000,5772.028320,414622.843750,-1382429.250000,-967806.375000
ml,worst,2460,2026-06-10,1457.064697,10.000000,1988.604980,50.000000,-3.000000,0.000000,-0.000000,0.000000,-298290.750000,1441.230591,50.000000,-8.000000,-1.000000,72061.531250,36.030766,-576492.250000,1456.122559,50.000000,-9.000000,-1.000000,72806.125000,36.403061,-655255.187500,-1530038.250000,1992005.375000,5844.461914,456122.656250,-1431810.875000,-975688.250000
ml,worst,2460,2026-06-11,1451.609741,10.000000,1988.604980,50.000000,-3.000000,0.000000,-0.000000,0.000000,-298290.750000,1445.703735,50.000000,-6.000000,2.000000,-144570.375000,72.285187,-433711.125000,1460.358276,50.000000,-7.000000,2.000000,-146035.828125,73.017914,-511125.375000,-1243127.250000,1701399.125000,5989.765137,452282.125000,-1449379.125000,-997097.000000
ml,worst,2460,2026-06-12,1444.410278,10.000000,1988.604980,50.000000,-3.000000,0.000000,-0.000000,0.000000,-298290.750000,1413.491455,50.000000,-7.000000,-1.000000,70674.570312,35.337284,-494722.031250,1429.398804,50.000000,-8.000000,-1.000000,71469.937500,35.734966,-571759.500000,-1364772.250000,1843543.625000,6060.837402,472710.531250,-1467136.625000,-994426.125000
ml,worst,2460,2026-06-13,1452.641479,10.000000,1988.604980,50.000000,-3.000000,0.000000,-0.000000,0.000000,-298290.750000,1439.888184,50.000000,-7.000000,0.000000,-0.000000,0.000000,-503960.843750,1456.921387,50.000000,-8.000000,0.000000,-0.000000,0.000000,-582768.562500,-1385020.250000,1843543.625000,6060.837402,452462.531250,-1449668.000000,-997205.500000
ml,worst,2460,2026-06-14,1452.524414,10.000000,1988.604980,50.000000,-3.000000,0.000000,-0.000000,0.000000,-298290.750000,1440.037720,50.000000,-7.000000,0.000000,-0.000000,0.000000,-504013.187500,1458.089600,50.000000,-8.000000,0.000000,-0.000000,0.000000,-583235.812500,-1385539.750000,1843543.625000,6060.837402,451943.031250,-1449845.875000,-997902.875000
ml,worst,2460,2026-06-15,1456.474976,10.000000,1988.604980,50.000000,-3.000000,0.000000,-0.000000,0.000000,-298290.750000,1454.355225,50.000000,-5.000000,2.000000,-145435.515625,72.717758,-363588.812500,1472.609131,50.000000,-6.000000,2.000000,-147260.906250,73.630447,-441782.718750,-1103662.250000,1550847.250000,6207.185547,440977.812500,-1439621.750000,-998643.937500
ml,worst,2460,2026-06-16,1471.313721,10.000000,1988.604980,50.000000,-2.000000,1.000000,-99430.250000,49.715122,-198860.500000,1495.795776,50.000000,-4.000000,1.000000,-74789.789062,37.394894,-299159.156250,1515.060547,50.000000,-7.000000,-1.000000,75753.031250,37.876514,-530271.187500,-1028290.875000,1452380.250000,6332.171875,417757.187500,-1403303.625000,-985546.437500
ml,worst,2460,2026-06-17,1471.084351,10.000000,1988.604980,50.000000,-2.000000,0.000000,-0.000000,0.000000,-198860.500000,1477.042969,50.000000,-5.000000,-1.000000,73852.148438,36.926075,-369260.750000,1495.577881,50.000000,-8.000000,-1.000000,74778.890625,37.389442,-598231.125000,-1166352.375000,1601011.250000,6406.487305,428252.375000,-1405760.750000,-977508.375000
ml,worst,2460,2026-06-18,1463.220947,10.000000,1988.604980,50.000000,-2.000000,0.000000,-0.000000,0.000000,-198860.500000,1471.302490,50.000000,-6.000000,-1.000000,73565.125000,36.782562,-441390.718750,1488.326538,50.000000,-6.000000,2.000000,-148832.656250,74.416321,-446497.937500,-1086749.250000,1525743.750000,6517.686523,432476.812500,-1426193.500000,-993716.687500
ml,worst,2460,2026-06-19,1459.630127,10.000000,1988.604980,50.000000,-2.000000,0.000000,-0.000000,0.000000,-198860.500000,1467.205933,50.000000,-6.000000,0.000000,-0.000000,0.000000,-440161.781250,1481.789673,50.000000,-6.000000,0.000000,-0.000000,0.000000,-444536.906250,-1083559.125000,1525743.750000,6517.686523,435666.937500,-1435421.500000,-999754.562500
ml,worst,2460,2026-06-20,1462.180298,10.000000,1988.604980,50.000000,-2.000000,0.000000,-0.000000,0.000000,-198860.500000,1469.271606,50.000000,-6.000000,0.000000,-0.000000,0.000000,-440781.500000,1481.721802,50.000000,-6.000000,0.000000,-0.000000,0.000000,-444516.562500,-1084158.500000,1525743.750000,6517.686523,435067.562500,-1430481.875000,-995414.312500
ml,worst,2460,2026-06-21,1481.287354,10.000000,1988.604980,50.000000,-2.000000,0.000000,-0.000000,0.000000,-198860.500000,1488.767822,50.000000,-6.000000,0.000000,-0.000000,0.000000,-446630.375000,1503.116943,50.000000,-6.000000,0.000000,-0.000000,0.000000,-450935.062500,-1096426.000000,1525743.750000,6517.686523,422800.062500,-1384896.375000,-962096.312500
ml,worst,2460,2026-06-22,1473.713013,10.000000,1988.604980,50.000000,-2.000000,0.000000,-0.000000,0.000000,-198860.500000,1476.936279,50.000000,-4.000000,2.000000,-147693.625000,73.846809,-295387.250000,1493.159302,50.000000,-7.000000,-1.000000,74657.968750,37.328983,-522605.750000,-1016853.500000,1452708.000000,6628.862305,429225.625000,-1403978.750000,-974753.125000
ml,worst,2460,2026-06-23,1476.138672,10.000000,1988.604980,50.000000,-2.000000,0.000000,-0.000000,0.000000,-198860.500000,1482.699951,50.000000,-5.000000,-1.000000,74135.000000,37.067497,-370675.000000,1498.671021,50.000000,-5.000000,2.000000,-149867.109375,74.933556,-374667.750000,-944203.250000,1376976.000000,6740.863281,426031.875000,-1400431.625000,-974399.750000
ml,worst,2460,2026-06-24,1473.655396,10.000000,1988.604980,50.000000,-2.000000,0.000000,-0.000000,0.000000,-198860.500000,1482.443237,50.000000,-4.000000,1.000000,-74122.164062,37.061081,-296488.656250,1497.509277,50.000000,-6.000000,-1.000000,74875.460938,37.437729,-449252.781250,-944601.937500,1377729.250000,6815.362305,426311.937500,-1407399.500000,-981087.562500
ml,worst,2460,2026-06-25,1459.595215,10.000000,1988.604980,50.000000,-2.000000,0.000000,-0.000000,0.000000,-198860.500000,1462.017578,50.000000,-5.000000,-1.000000,73100.875000,36.550438,-365504.406250,1478.435913,50.000000,-5.000000,1.000000,-73921.796875,36.960899,-369609.000000,-933973.875000,1376908.250000,6888.873047,436045.500000,-1442531.500000,-1006486.000000
ml,worst,2460,2026-06-26,1437.565308,10.000000,1988.604980,50.000000,-2.000000,0.000000,-0.000000,0.000000,-198860.500000,1436.874878,50.000000,-4.000000,1.000000,-71843.742188,35.921871,-287374.968750,1454.124634,50.000000,-6.000000,-1.000000,72706.234375,36.353119,-436237.406250,-922472.875000,1377770.750000,6961.148438,448336.718750,-1498726.500000,-1050389.750000
ml,worst,2460,2026-06-27,1427.574829,10.000000,1988.604980,50.000000,-2.000000,0.000000,-0.000000,0.000000,-198860.500000,1420.591187,50.000000,-4.000000,0.000000,-0.000000,0.000000,-284118.250000,1436.491577,50.000000,-6.000000,0.000000,-0.000000,0.000000,-430947.468750,-913926.250000,1377770.750000,6961.148438,456883.343750,-1525627.500000,-1068744.125000
ml,worst,2460,2026-06-28,1418.844238,10.000000,1988.604980,50.000000,-2.000000,0.000000,-0.000000,0.000000,-198860.500000,1418.835327,50.000000,-4.000000,0.000000,-0.000000,0.000000,-283767.062500,1434.600952,50.000000,-6.000000,0.000000,-0.000000,0.000000,-430380.281250,-913007.875000,1377770.750000,6961.148438,457801.718750,-1548346.750000,-1090545.000000
ml,worst,2460,2026-06-29,1419.112183,10.000000,1988.604980,50.000000,-2.000000,0.000000,-0.000000,0.000000,-198860.500000,1409.228027,50.000000,-3.000000,1.000000,-70461.398438,35.230698,-211384.203125,1424.699463,50.000000,-5.000000,1.000000,-71234.976562,35.617485,-356174.843750,-766419.500000,1236074.500000,7031.996582,462623.000000,-1547945.125000,-1085322.125000
ml,worst,2460,2026-06-30,1417.035645,10.000000,1988.604980,50.000000,-2.000000,0.000000,-0.000000,0.000000,-198860.500000,1417.867920,50.000000,-2.000000,1.000000,-70893.398438,35.446697,-141786.796875,1434.570068,50.000000,-4.000000,1.000000,-71728.500000,35.864250,-286914.000000,-627561.312500,1093452.500000,7103.307617,458787.875000,-1554558.625000,-1095770.750000
ml,worst,2460,2026-07-01,1408.148560,10.000000,1988.604980,50.000000,-2.000000,0.000000,-0.000000,0.000000,-198860.500000,1410.214844,50.000000,-3.000000,-1.000000,70510.742188,35.255371,-211532.218750,1427.915405,50.000000,-3.000000,1.000000,-71395.773438,35.697887,-214187.312500,-624580.000000,1092567.500000,7174.260742,460813.250000,-1577850.875000,-1117037.625000
ml,worst,2460,2026-07-02,1422.386963,10.000000,1988.604980,50.000000,-2.000000,0.000000,-0.000000,0.000000,-198860.500000,1430.859131,50.000000,-2.000000,1.000000,-71542.953125,35.771473,-143085.906250,1448.768799,50.000000,-4.000000,-1.000000,72438.437500,36.219219,-289753.750000,-631700.125000,1093463.000000,7246.251465,454516.625000,-1544557.750000,-1090041.125000
ml,worst,2460,2026-07-03,1424.193604,10.000000,1988.604980,50.000000,-2.000000,0.000000,-0.000000,0.000000,-198860.500000,1426.988525,50.000000,-3.000000,-1.000000,71349.429688,35.674713,-214048.296875,1444.947998,50.000000,-3.000000,1.000000,-72247.398438,36.123699,-216742.187500,-629651.000000,1092565.000000,7318.049805,455595.937500,-1540763.375000,-1085167.500000
ml,worst,2460,2026-07-04,1398.261963,10.000000,1988.604980,50.000000,-2.000000,0.000000,-0.000000,0.000000,-198860.500000,1399.026733,50.000000,-3.000000,0.000000,-0.000000,0.000000,-209854.000000,1416.083862,50.000000,-3.000000,0.000000,-0.000000,0.000000,-212412.578125,-621127.062500,1092565.000000,7318.049805,464119.875000,-1597976.375000,-1133856.500000
ml,worst,2460,2026-07-05,1370.640503,10.000000,1988.604980,50.000000,-2.000000,0.000000,-0.000000,0.000000,-198860.500000,1352.092407,50.000000,-3.000000,0.000000,-0.000000,0.000000,-202813.875000,1367.612549,50.000000,-3.000000,0.000000,-0.000000,0.000000,-205141.890625,-606816.250000,1092565.000000,7318.049805,478430.687500,-1658690.250000,-1180259.500000
ml,worst,2460,2026-07-06,1361.178223,10.000000,1988.604980,50.000000,-2.000000,0.000000,-0.000000,0.000000,-198860.500000,1364.354126,50.000000,-2.000000,1.000000,-68217.703125,34.108849,-136435.406250,1379.416870,50.000000,-2.000000,1.000000,-68970.843750,34.485420,-137941.687500,-473237.593750,955376.500000,7386.644043,474752.250000,-1679395.125000,-1204642.875000
ml,worst,2460,2026-07-07,1350.343384,10.000000,1988.604980,50.000000,-2.000000,0.000000,-0.000000,0.000000,-198860.500000,1368.607422,50.000000,-2.000000,0.000000,-0.000000,0.000000,-136860.750000,1384.241699,50.000000,-3.000000,-1.000000,69212.085938,34.606045,-207636.250000,-543357.500000,1024588.562500,7421.250000,473809.812500,-1702427.875000,-1228618.000000
ml,worst,2460,2026-07-08,1345.028809,10.000000,1988.604980,50.000000,-1.000000,1.000000,-99430.250000,49.715122,-99430.250000,1353.582397,50.000000,-2.000000,0.000000,-0.000000,0.000000,-135358.234375,1370.060425,50.000000,-4.000000,-1.000000,68503.023438,34.251511,-274012.093750,-508800.562500,993661.375000,7505.216797,477355.593750,-1713313.125000,-1235957.500000
ml,worst,2460,2026-07-09,1335.065796,10.000000,1988.604980,50.000000,-1.000000,0.000000,-0.000000,0.000000,-99430.250000,1328.780273,50.000000,-2.000000,0.000000,-0.000000,0.000000,-132878.031250,1343.578003,50.000000,-3.000000,1.000000,-67178.898438,33.589451,-201536.687500,-433844.968750,926482.437500,7538.806152,485098.656250,-1731983.875000,-1246885.250000
ml,worst,2460,2026-07-10,1331.245239,10.000000,1988.604980,50.000000,-1.000000,0.000000,-0.000000,0.000000,-99430.250000,1336.647949,50.000000,-2.000000,0.000000,-0.000000,0.000000,-133664.796875,1351.701782,50.000000,-2.000000,1.000000,-67585.085938,33.792542,-135170.171875,-368265.218750,858897.375000,7572.598633,483059.562500,-1739035.125000,-1255975.500000
ml,worst,2460,2026-07-11,1325.796143,10.000000,1988.604980,50.000000,-1.000000,0.000000,-0.000000,0.000000,-99430.250000,1325.395874,50.000000,-2.000000,0.000000,-0.000000,0.000000,-132539.593750,1339.752686,50.000000,-2.000000,0.000000,-0.000000,0.000000,-133975.265625,-365945.125000,858897.375000,7572.598633,485379.656250,-1748627.250000,-1263247.625000
ml,worst,2460,2026-07-12,1327.100952,10.000000,1988.604980,50.000000,-1.000000,0.000000,-0.000000,0.000000,-99430.250000,1310.097778,50.000000,-2.000000,0.000000,-0.000000,0.000000,-131009.781250,1322.650757,50.000000,-2.000000,0.000000,-0.000000,0.000000,-132265.078125,-362705.125000,858897.375000,7572.598633,488619.656250,-1746913.625000,-1258294.000000
ml,worst,2460,2026-07-13,1331.266846,10.000000,1988.604980,50.000000,-1.000000,0.000000,-0.000000,0.000000,-99430.250000,1335.907349,50.000000,-2.000000,0.000000,-0.000000,0.000000,-133590.734375,1348.569702,50.000000,-3.000000,-1.000000,67428.484375,33.714241,-202285.453125,-435306.437500,926325.875000,7606.312988,483413.125000,-1741007.625000,-1257594.500000
ml,worst,2460,2026-07-14,1325.384521,10.000000,1988.604980,50.000000,-1.000000,0.000000,-0.000000,0.000000,-99430.250000,1336.392456,50.000000,-2.000000,0.000000,-0.000000,0.000000,-133639.250000,1349.703613,50.000000,-2.000000,1.000000,-67485.179688,33.742588,-134970.359375,-368039.875000,858840.687500,7640.055664,483160.750000,-1750581.750000,-1267421.000000
ml,worst,2460,2026-07-15,1326.721924,10.000000,1988.604980,50.000000,-1.000000,0.000000,-0.000000,0.000000,-99430.250000,1342.904053,50.000000,-2.000000,0.000000,-0.000000,0.000000,-134290.406250,1356.984741,50.000000,-2.000000,0.000000,-0.000000,0.000000,-135698.468750,-369419.125000,858840.687500,7640.055664,481781.500000,-1749339.875000,-1267558.375000
ml,worst,2460,2026-07-16,1332.793091,10.000000,1988.604980,50.000000,-1.000000,0.000000,-0.000000,0.000000,-99430.250000,1337.926270,50.000000,-1.000000,1.000000,-66896.312500,33.448154,-66896.312500,1353.028931,50.000000,-3.000000,-1.000000,67651.445312,33.825722,-202954.343750,-369280.906250,859595.812500,7707.329590,482607.562500,-1741903.250000,-1259295.750000
ml,worst,2460,2026-07-17,1344.753784,10.000000,1988.604980,50.000000,-1.000000,0.000000,-0.000000,0.000000,-99430.250000,1337.791382,50.000000,-1.000000,0.000000,-0.000000,0.000000,-66889.570312,1353.250488,50.000000,-2.000000,1.000000,-67662.523438,33.831261,-135325.046875,-301644.875000,791933.250000,7741.161133,482547.218750,-1727989.875000,-1245442.625000
ml,worst,2460,2026-07-18,1329.775879,10.000000,1988.604980,50.000000,-1.000000,0.000000,-0.000000,0.000000,-99430.250000,1325.841064,50.000000,-1.000000,0.000000,-0.000000,0.000000,-66292.054688,1340.672485,50.000000,-2.000000,0.000000,-0.000000,0.000000,-134067.250000,-299789.562500,791933.250000,7741.161133,484402.531250,-1744529.875000,-1260127.375000
ml,worst,2460,2026-07-19,1310.049561,10.000000,1988.604980,50.000000,-1.000000,0.000000,-0.000000,0.000000,-99430.250000,1301.283447,50.000000,-1.000000,0.000000,-0.000000,0.000000,-65064.171875,1316.183350,50.000000,-2.000000,0.000000,-0.000000,0.000000,-131618.328125,-296112.750000,791933.250000,7741.161133,488079.343750,-1766497.750000,-1278418.375000
ml,worst,2460,2026-07-20,1306.321777,10.000000,1988.604980,50.000000,-1.000000,0.000000,-0.000000,0.000000,-99430.250000,1307.762817,50.000000,-1.000000,0.000000,-0.000000,0.000000,-65388.140625,1322.806763,50.000000,-1.000000,1.000000,-66140.335938,33.070168,-66140.335938,-230958.718750,725792.937500,7774.230957,487060.000000,-1770997.125000,-1283937.125000
ml,worst,2460,2026-07-21,1322.640137,10.000000,1988.604980,50.000000,-1.000000,0.000000,-0.000000,0.000000,-99430.250000,1350.467041,50.000000,-1.000000,0.000000,-0.000000,0.000000,-67523.351562,1365.835205,50.000000,-1.000000,0.000000,-0.000000,0.000000,-68291.757812,-235245.343750,725792.937500,7774.230957,482773.375000,-1755570.625000,-1272797.250000
ml,worst,2460,2026-07-22,1326.048340,10.000000,1988.604980,50.000000,-1.000000,0.000000,-0.000000,0.000000,-99430.250000,1316.993530,50.000000,-1.000000,0.000000,-0.000000,0.000000,-65849.679688,1332.223877,50.000000,-2.000000,-1.000000,66611.195312,33.305595,-133222.390625,-298502.312500,792404.125000,7807.536621,486094.281250,-1753030.375000,-1266936.125000
ml,worst,2460,2026-07-23,1322.827393,10.000000,1988.604980,50.000000,-1.000000,0.000000,-0.000000,0.000000,-99430.250000,1314.432617,50.000000,-1.000000,0.000000,-0.000000,0.000000,-65721.632812,1330.201904,50.000000,-1.000000,1.000000,-66510.093750,33.255047,-66510.093750,-231661.968750,725894.062500,7840.791504,486391.312500,-1755800.375000,-1269409.000000
ml,worst,2460,2026-07-24,1313.678223,10.000000,1988.604980,50.000000,-1.000000,0.000000,-0.000000,0.000000,-99430.250000,1312.341187,50.000000,-1.000000,0.000000,-0.000000,0.000000,-65617.062500,1328.704468,50.000000,-2.000000,-1.000000,66435.226562,33.217613,-132870.453125,-297917.750000,792329.250000,7874.009277,486537.500000,-1762172.750000,-1275635.250000
ml,worst,2460,2026-07-25,1332.094849,10.000000,1988.604980,50.000000,-1.000000,0.000000,-0.000000,0.000000,-99430.250000,1310.690918,50.000000,-1.000000,0.000000,-0.000000,0.000000,-65534.546875,1327.032715,50.000000,-2.000000,0.000000,-0.000000,0.000000,-132703.265625,-297668.062500,792329.250000,7874.009277,486787.187500,-1752515.125000,-1265728.000000
ml,worst,2460,2026-07-26,1341.854614,10.000000,1988.604980,50.000000,-1.000000,0.000000,-0.000000,0.000000,-99430.250000,1342.872925,50.000000,-1.000000,0.000000,-0.000000,0.000000,-67143.648438,1359.197632,50.000000,-2.000000,0.000000,-0.000000,0.000000,-135919.765625,-302493.687500,792329.250000,7874.009277,481961.562500,-1747553.500000,-1265592.000000
ml,worst,2460,2026-07-27,1337.157471,10.000000,1988.604980,50.000000,-1.000000,0.000000,-0.000000,0.000000,-99430.250000,1325.558594,50.000000,-1.000000,0.000000,-0.000000,0.000000,-66277.929688,1341.295044,50.000000,-1.000000,1.000000,-67064.750000,33.532375,-67064.750000,-232772.937500,725264.500000,7907.541504,484584.031250,-1750436.875000,-1265852.875000
ml,worst,2460,2026-07-28,1331.383057,10.000000,1988.604980,50.000000,-1.000000,0.000000,-0.000000,0.000000,-99430.250000,1332.605469,50.000000,-1.000000,0.000000,-0.000000,0.000000,-66630.273438,1347.896484,50.000000,-2.000000,-1.000000,67394.828125,33.697411,-134789.656250,-300850.187500,792659.375000,7941.239258,483867.937500,-1753200.125000,-1269332.250000
ml,worst,2460,2026-07-29,1337.087280,10.000000,1988.604980,50.000000,-1.000000,0.000000,-0.000000,0.000000,-99430.250000,1343.372559,50.000000,-1.000000,0.000000,-0.000000,0.000000,-67168.625000,1357.416870,50.000000,-1.000000,1.000000,-67870.843750,33.935421,-67870.843750,-234469.718750,724788.500000,7975.174316,482343.593750,-1751577.500000,-1269233.875000
ml,worst,2460,2026-07-30,1335.326172,10.000000,1988.604980,50.000000,-1.000000,0.000000,-0.000000,0.000000,-99430.250000,1343.372559,50.000000,-1.000000,0.000000,-0.000000,0.000000,-67168.625000,1367.448486,50.000000,-2.000000,-1.000000,68372.421875,34.186211,-136744.843750,-303343.718750,793160.937500,8009.360352,481807.843750,-1752177.375000,-1270369.500000
ml,worst,2460,2026-07-31,1329.878052,10.000000,1988.604980,50.000000,-1.000000,0.000000,-0.000000,0.000000,-99430.250000,1343.372559,50.000000,-1.000000,0.000000,-0.000000,0.000000,-67168.625000,1349.519531,50.000000,-1.000000,1.000000,-67475.976562,33.737988,-67475.976562,-234074.843750,725684.937500,8043.098633,483567.000000,-1752923.875000,-1269356.875000
ml,worst,2460,2026-08-01,1337.265869,10.000000,1988.604980,50.000000,-1.000000,0.000000,-0.000000,0.000000,-99430.250000,1343.372559,50.000000,-1.000000,0.000000,-0.000000,0.000000,-67168.625000,1332.238281,50.000000,-1.000000,0.000000,-0.000000,0.000000,-66611.914062,-233210.781250,725684.937500,8043.098633,484431.062500,-1753069.750000,-1268638.750000
ml,worst,2460,2026-08-02,1351.961792,10.000000,1988.604980,50.000000,-1.000000,0.000000,-0.000000,0.000000,-99430.250000,1343.372559,50.000000,-1.000000,0.000000,-0.000000,0.000000,-67168.625000,1357.808472,50.000000,-1.000000,0.000000,-0.000000,0.000000,-67890.421875,-234489.296875,725684.937500,8043.098633,483152.531250,-1753222.625000,-1270070.125000
ml,worst,2460,2026-08-03,1352.111450,10.000000,1988.604980,50.000000,-1.000000,0.000000,-0.000000,0.000000,-99430.250000,1343.372559,50.000000,-1.000000,0.000000,-0.000000,0.000000,-67168.625000,1337.462280,50.000000,-1.000000,0.000000,-0.000000,0.000000,-66873.117188,-233472.000000,725684.937500,8043.098633,484169.843750,-1753389.625000,-1269219.750000
ml,worst,2460,2026-08-04,1343.174561,10.000000,1988.604980,50.000000,-1.000000,0.000000,-0.000000,0.000000,-99430.250000,1343.372559,50.000000,-1.000000,0.000000,-0.000000,0.000000,-67168.625000,1403.946899,50.000000,-1.000000,0.000000,-0.000000,0.000000,-70197.343750,-236796.218750,725684.937500,8043.098633,480845.625000,-1753551.875000,-1272706.250000
ml,worst,2460,2026-08-05,1353.147095,10.000000,1988.604980,50.000000,-1.000000,0.000000,-0.000000,0.000000,-99430.250000,1343.372559,50.000000,-1.000000,0.000000,-0.000000,0.000000,-67168.625000,1382.965088,50.000000,-1.000000,0.000000,-0.000000,0.000000,-69148.257812,-235747.125000,725684.937500,8043.098633,481894.718750,-1753710.625000,-1271815.875000
ml,worst,2460,2026-08-06,1351.093140,10.000000,1988.604980,50.000000,-1.000000,0.000000,-0.000000,0.000000,-99430.250000,1343.372559,50.000000,-1.000000,0.000000,-0.000000,0.000000,-67168.625000,1382.086060,50.000000,-2.000000,-1.000000,69104.304688,34.552151,-138208.609375,-304807.500000,794789.250000,8077.650879,481904.093750,-1753710.625000,-1271806.500000
ml,worst,2460,2026-08-07,1361.205444,10.000000,1988.604980,50.000000,-1.000000,0.000000,-0.000000,0.000000,-99430.250000,1343.372559,50.000000,-1.000000,0.000000,-0.000000,0.000000,-67168.625000,1385.045166,50.000000,-1.000000,1.000000,-69252.257812,34.626129,-69252.257812,-235851.125000,725537.000000,8112.276855,481573.593750,-1753710.625000,-1272137.000000
ml,worst,2460,2026-08-08,1337.305298,10.000000,1988.604980,50.000000,-1.000000,0.000000,-0.000000,0.000000,-99430.250000,1343.372559,50.000000,-1.000000,0.000000,-0.000000,0.000000,-67168.625000,1344.689575,50.000000,-1.000000,0.000000,-0.000000,0.000000,-67234.476562,-233833.343750,725537.000000,8112.276855,483591.375000,-1753710.625000,-1270119.250000
ml,worst,2460,2026-08-09,1338.543091,10.000000,1988.604980,50.000000,-1.000000,0.000000,-0.000000,0.000000,-99430.250000,1343.372559,50.000000,-1.000000,0.000000,-0.000000,0.000000,-67168.625000,1338.783813,50.000000,-1.000000,0.000000,-0.000000,0.000000,-66939.187500,-233538.062500,725537.000000,8112.276855,483886.656250,-1753710.625000,-1269824.000000
ml,worst,2460,2026-08-10,1344.308105,10.000000,1988.604980,50.000000,-1.000000,0.000000,-0.000000,0.000000,-99430.250000,1343.372559,50.000000,-1.000000,0.000000,-0.000000,0.000000,-67168.625000,1342.382935,50.000000,-1.000000,0.000000,-0.000000,0.000000,-67119.148438,-233718.031250,725537.000000,8112.276855,483706.687500,-1753710.625000,-1270004.000000
ml,worst,2460,2026-08-11,1334.903564,10.000000,1988.604980,50.000000,-1.000000,0.000000,-0.000000,0.000000,-99430.250000,1343.372559,50.000000,-1.000000,0.000000,-0.000000,0.000000,-67168.625000,1351.680054,50.000000,-1.000000,0.000000,-0.000000,0.000000,-67584.000000,-234182.875000,725537.000000,8112.276855,483241.843750,-1753710.625000,-1270468.750000
ml,worst,2460,2026-08-12,1310.079468,10.000000,1988.604980,50.000000,-1.000000,0.000000,-0.000000,0.000000,-99430.250000,1343.372559,50.000000,-1.000000,0.000000,-0.000000,0.000000,-67168.625000,1341.461304,50.000000,-1.000000,0.000000,-0.000000,0.000000,-67073.062500,-233671.937500,725537.000000,8112.276855,483752.781250,-1753710.625000,-1269957.875000
ml,worst,2460,2026-08-13,1321.470703,10.000000,1988.604980,50.000000,-1.000000,0.000000,-0.000000,0.000000,-99430.250000,1343.372559,50.000000,-1.000000,0.000000,-0.000000,0.000000,-67168.625000,1342.821655,50.000000,-1.000000,0.000000,-0.000000,0.000000,-67141.085938,-233739.968750,725537.000000,8112.276855,483684.750000,-1753710.625000,-1270025.875000
ml,worst,2460,2026-08-14,1327.362915,10.000000,1988.604980,50.000000,-1.000000,0.000000,-0.000000,0.000000,-99430.250000,1343.372559,50.000000,-1.000000,0.000000,-0.000000,0.000000,-67168.625000,1327.099976,50.000000,-1.000000,0.000000,-0.000000,0.000000,-66355.000000,-232953.875000,725537.000000,8112.276855,484470.843750,-1753710.625000,-1269239.750000
ml,worst,2460,2026-08-15,1389.399048,10.000000,1988.604980,50.000000,-1.000000,0.000000,-0.000000,0.000000,-99430.250000,1343.372559,50.000000,-1.000000,0.000000,-0.000000,0.000000,-67168.625000,1387.609619,50.000000,-1.000000,0.000000,-0.000000,0.000000,-69380.484375,-235979.359375,725537.000000,8112.276855,481445.343750,-1753710.625000,-1272265.250000
ml,worst,2460,2026-08-16,1399.863037,10.000000,1988.604980,50.000000,-1.000000,0.000000,-0.000000,0.000000,-99430.250000,1343.372559,50.000000,-1.000000,0.000000,-0.000000,0.000000,-67168.625000,1395.100708,50.000000,-1.000000,0.000000,-0.000000,0.000000,-69755.039062,-236353.906250,725537.000000,8112.276855,481070.812500,-1753710.625000,-1272639.750000
ml,worst,2460,2026-08-17,1411.011108,10.000000,1988.604980,50.000000,-1.000000,0.000000,-0.000000,0.000000,-99430.250000,1343.372559,50.000000,-1.000000,0.000000,-0.000000,0.000000,-67168.625000,1422.829956,50.000000,-1.000000,0.000000,-0.000000,0.000000,-71141.500000,-237740.375000,725537.000000,8112.276855,479684.343750,-1753710.625000,-1274026.250000
ml,worst,2460,2026-08-18,1431.615967,10.000000,1988.604980,50.000000,-1.000000,0.000000,-0.000000,0.000000,-99430.250000,1343.372559,50.000000,-1.000000,0.000000,-0.000000,0.000000,-67168.625000,1432.896240,50.000000,-1.000000,0.000000,-0.000000,0.000000,-71644.812500,-238243.687500,725537.000000,8112.276855,479181.031250,-1753710.625000,-1274529.625000
ml,worst,2460,2026-08-19,1436.924438,10.000000,1988.604980,50.000000,-1.000000,0.000000,-0.000000,0.000000,-99430.250000,1343.372559,50.000000,-1.000000,0.000000,-0.000000,0.000000,-67168.625000,1437.363159,50.000000,-1.000000,0.000000,-0.000000,0.000000,-71868.156250,-238467.031250,725537.000000,8112.276855,478957.687500,-1753710.625000,-1274753.000000
ml,worst,2460,2026-08-20,1418.337646,10.000000,1988.604980,50.000000,-1.000000,0.000000,-0.000000,0.000000,-99430.250000,1343.372559,50.000000,-1.000000,0.000000,-0.000000,0.000000,-67168.625000,1417.607666,50.000000,-1.000000,0.000000,-0.000000,0.000000,-70880.382812,-237479.250000,725537.000000,8112.276855,479945.468750,-1753710.625000,-1273765.125000
ml,worst,2460,2026-08-21,1425.723877,10.000000,1988.604980,50.000000,-1.000000,0.000000,-0.000000,0.000000,-99430.250000,1343.372559,50.000000,-1.000000,0.000000,-0.000000,0.000000,-67168.625000,1438.744995,50.000000,-1.000000,0.000000,-0.000000,0.000000,-71937.250000,-238536.125000,725537.000000,8112.276855,478888.593750,-1753710.625000,-1274822.000000
ml,worst,2460,2026-08-22,1424.483643,10.000000,1988.604980,50.000000,-1.000000,0.000000,-0.000000,0.000000,-99430.250000,1343.372559,50.000000,-1.000000,0.000000,-0.000000,0.000000,-67168.625000,1425.674561,50.000000,-1.000000,0.000000,-0.000000,0.000000,-71283.726562,-237882.593750,725537.000000,8112.276855,479542.125000,-1753710.625000,-1274168.500000
ml,worst,2460,2026-08-23,1435.277588,10.000000,1988.604980,50.000000,-1.000000,0.000000,-0.000000,0.000000,-99430.250000,1343.372559,50.000000,-1.000000,0.000000,-0.000000,0.000000,-67168.625000,1456.479614,50.000000,-1.000000,0.000000,-0.000000,0.000000,-72823.984375,-239422.859375,725537.000000,8112.276855,478001.843750,-1753710.625000,-1275708.750000
ml,worst,2460,2026-08-24,1454.637817,10.000000,1988.604980,50.000000,-1.000000,0.000000,-0.000000,0.000000,-99430.250000,1343.372559,50.000000,-1.000000,0.000000,-0.000000,0.000000,-67168.625000,1446.043335,50.000000,-1.000000,0.000000,-0.000000,0.000000,-72302.164062,-238901.031250,725537.000000,8112.276855,478523.687500,-1753710.625000,-1275187.000000
ml,worst,2460,2026-08-25,1469.931641,10.000000,1988.604980,50.000000,-1.000000,0.000000,-0.000000,0.000000,-99430.250000,1343.372559,50.000000,-1.000000,0.000000,-0.000000,0.000000,-67168.625000,1475.890259,50.000000,-1.000000,0.000000,-0.000000,0.000000,-73794.515625,-240393.390625,725537.000000,8112.276855,477031.343750,-1753710.625000,-1276679.250000
ml,worst,2460,2026-08-26,1506.554810,10.000000,1988.604980,50.000000,0.000000,1.000000,-99430.250000,49.715122,0.000000,1343.372559,50.000000,-1.000000,0.000000,-0.000000,0.000000,-67168.625000,1504.907715,50.000000,-1.000000,0.000000,-0.000000,0.000000,-75245.382812,-142414.000000,626106.750000,8161.992188,475530.750000,-1753710.625000,-1278179.875000
ml,worst,2460,2026-08-27,1507.215820,10.000000,1988.604980,50.000000,0.000000,0.000000,-0.000000,0.000000,0.000000,1343.372559,50.000000,-1.000000,0.000000,-0.000000,0.000000,-67168.625000,1510.770874,50.000000,-1.000000,0.000000,-0.000000,0.000000,-75538.546875,-142707.171875,626106.750000,8161.992188,475237.562500,-1753710.625000,-1278473.000000
ml,worst,2460,2026-08-28,1499.429565,10.000000,1988.604980,50.000000,0.000000,0.000000,-0.000000,0.000000,0.000000,1343.372559,50.000000,-1.000000,0.000000,-0.000000,0.000000,-67168.625000,1506.735474,50.000000,-1.000000,0.000000,-0.000000,0.000000,-75336.773438,-142505.406250,626106.750000,8161.992188,475439.343750,-1753710.625000,-1278271.250000
ml,worst,2460,2026-08-29,1485.853027,10.000000,1988.604980,50.000000,0.000000,0.000000,-0.000000,0.000000,0.000000,1343.372559,50.000000,-1.000000,0.000000,-0.000000,0.000000,-67168.625000,1505.062256,50.000000,-1.000000,0.000000,-0.000000,0.000000,-75253.109375,-142421.734375,626106.750000,8161.992188,475523.000000,-1753710.625000,-1278187.625000
ml,worst,2460,2026-08-30,1483.158203,10.000000,1988.604980,50.000000,0.000000,0.000000,-0.000000,0.000000,0.000000,1343.372559,50.000000,-1.000000,0.000000,-0.000000,0.000000,-67168.625000,1486.239014,50.000000,-1.000000,0.000000,-0.000000,0.000000,-74311.953125,-141480.578125,626106.750000,8161.992188,476464.187500,-1753710.625000,-1277246.500000
ml,worst,2460,2026-08-31,1498.876221,10.000000,1988.604980,50.000000,0.000000,0.000000,-0.000000,0.000000,0.000000,1343.372559,50.000000,-1.000000,0.000000,-0.000000,0.000000,-67168.625000,1538.067505,50.000000,-1.000000,0.000000,-0.000000,0.000000,-76903.375000,-144072.000000,626106.750000,8161.992188,473872.750000,-1753710.625000,-1279837.875000
ml,worst,2460,2026-09-01,1512.939575,10.000000,1988.604980,50.000000,0.000000,0.000000,-0.000000,0.000000,0.000000,1343.372559,50.000000,-1.000000,0.000000,-0.000000,0.000000,-67168.625000,1538.159302,50.000000,-1.000000,0.000000,-0.000000,0.000000,-76907.968750,-144076.593750,626106.750000,8161.992188,473868.156250,-1753710.625000,-1279842.500000
ml,worst,2460,2026-09-02,1532.964233,10.000000,1988.604980,50.000000,0.000000,0.000000,-0.000000,0.000000,0.000000,1343.372559,50.000000,-1.000000,0.000000,-0.000000,0.000000,-67168.625000,1558.661011,50.000000,-1.000000,0.000000,-0.000000,0.000000,-77933.046875,-145101.671875,626106.750000,8161.992188,472843.062500,-1753710.625000,-1280867.500000
ml,worst,2460,2026-09-03,1486.928223,10.000000,1988.604980,50.000000,0.000000,0.000000,-0.000000,0.000000,0.000000,1343.372559,50.000000,-1.000000,0.000000,-0.000000,0.000000,-67168.625000,1502.156982,50.000000,-1.000000,0.000000,-0.000000,0.000000,-75107.851562,-142276.468750,626106.750000,8161.992188,475668.281250,-1753710.625000,-1278042.375000
ml,worst,2460,2026-09-04,1479.419556,10.000000,1988.604980,50.000000,0.000000,0.000000,-0.000000,0.000000,0.000000,1343.372559,50.000000,-1.000000,0.000000,-0.000000,0.000000,-67168.625000,1494.693848,50.000000,-1.000000,0.000000,-0.000000,0.000000,-74734.695312,-141903.312500,626106.750000,8161.992188,476041.437500,-1753710.625000,-1277669.250000
ml,worst,2460,2026-09-05,1496.135620,10.000000,1988.604980,50.000000,0.000000,0.000000,-0.000000,0.000000,0.000000,1343.372559,50.000000,-1.000000,0.000000,-0.000000,0.000000,-67168.625000,1501.572754,50.000000,-1.000000,0.000000,-0.000000,0.000000,-75078.640625,-142247.265625,626106.750000,8161.992188,475697.500000,-1753710.625000,-1278013.125000
ml,worst,2460,2026-09-06,1504.170166,10.000000,1988.604980,50.000000,0.000000,0.000000,-0.000000,0.000000,0.000000,1343.372559,50.000000,-1.000000,0.000000,-0.000000,0.000000,-67168.625000,1515.649048,50.000000,-1.000000,0.000000,-0.000000,0.000000,-75782.453125,-142951.078125,626106.750000,8161.992188,474993.687500,-1753710.625000,-1278717.000000
ml,worst,2460,2026-09-07,1487.492676,10.000000,1988.604980,50.000000,0.000000,0.000000,-0.000000,0.000000,0.000000,1343.372559,50.000000,-1.000000,0.000000,-0.000000,0.000000,-67168.625000,1479.005127,50.000000,-1.000000,0.000000,-0.000000,0.000000,-73950.257812,-141118.875000,626106.750000,8161.992188,476825.875000,-1753710.625000,-1276884.750000
ml,worst,2460,2026-09-08,1496.260498,10.000000,1988.604980,50.000000,0.000000,0.000000,-0.000000,0.000000,0.000000,1343.372559,50.000000,-1.000000,0.000000,-0.000000,0.000000,-67168.625000,1499.415161,50.000000,-1.000000,0.000000,-0.000000,0.000000,-74970.757812,-142139.375000,626106.750000,8161.992188,475805.375000,-1753710.625000,-1277905.250000
ml,worst,2460,2026-09-09,1512.190186,10.000000,1988.604980,50.000000,0.000000,0.000000,-0.000000,0.000000,0.000000,1343.372559,50.000000,-1.000000,0.000000,-0.000000,0.000000,-67168.625000,1521.415527,50.000000,-1.000000,0.000000,-0.000000,0.000000,-76070.773438,-143239.406250,626106.750000,8161.992188,474705.343750,-1753710.625000,-1279005.250000
ml,worst,2460,2026-09-10,1543.182739,10.000000,1988.604980,50.000000,0.000000,0.000000,-0.000000,0.000000,0.000000,1343.372559,50.000000,-1.000000,0.000000,-0.000000,0.000000,-67168.625000,1551.616699,50.000000,-1.000000,0.000000,-0.000000,0.000000,-77580.835938,-144749.468750,626106.750000,8161.992188,473195.281250,-1753710.625000,-1280515.375000
ml,worst,2460,2026-09-11,1565.896240,10.000000,1988.604980,50.000000,0.000000,0.000000,-0.000000,0.000000,0.000000,1343.372559,50.000000,-1.000000,0.000000,-0.000000,0.000000,-67168.625000,1601.946899,50.000000,-1.000000,0.000000,-0.000000,0.000000,-80097.343750,-147265.968750,626106.750000,8161.992188,470678.781250,-1753710.625000,-1283031.875000
ml,worst,2460,2026-09-12,1571.738525,10.000000,1988.604980,50.000000,0.000000,0.000000,-0.000000,0.000000,0.000000,1343.372559,50.000000,-1.000000,0.000000,-0.000000,0.000000,-67168.625000,1574.153076,50.000000,-1.000000,0.000000,-0.000000,0.000000,-78707.656250,-145876.281250,626106.750000,8161.992188,472068.468750,-1753710.625000,-1281642.125000
ml,worst,2460,2026-09-13,1554.640991,10.000000,1988.604980,50.000000,0.000000,0.000000,-0.000000,0.000000,0.000000,1343.372559,50.000000,-1.000000,0.000000,-0.000000,0.000000,-67168.625000,1578.556152,50.000000,-1.000000,0.000000,-0.000000,0.000000,-78927.804688,-146096.437500,626106.750000,8161.992188,471848.312500,-1753710.625000,-1281862.250000
ml,worst,2460,2026-09-14,1582.961182,10.000000,1988.604980,50.000000,0.000000,0.000000,-0.000000,0.000000,0.000000,1343.372559,50.000000,-1.000000,0.000000,-0.000000,0.000000,-67168.625000,1609.049316,50.000000,-1.000000,0.000000,-0.000000,0.000000,-80452.468750,-147621.093750,626106.750000,8161.992188,470323.656250,-1753710.625000,-1283387.000000
ml,worst,2460,2026-09-15,1585.560669,10.000000,1988.604980,50.000000,0.000000,0.000000,-0.000000,0.000000,0.000000,1343.372559,50.000000,-1.000000,0.000000,-0.000000,0.000000,-67168.625000,1623.898438,50.000000,-1.000000,0.000000,-0.000000,0.000000,-81194.921875,-148363.546875,626106.750000,8161.992188,469581.187500,-1753710.625000,-1284129.500000
ml,worst,2460,2026-09-16,1558.748169,10.000000,1988.604980,50.000000,0.000000,0.000000,-0.000000,0.000000,0.000000,1343.372559,50.000000,-1.000000,0.000000,-0.000000,0.000000,-67168.625000,1566.915771,50.000000,-1.000000,0.000000,-0.000000,0.000000,-78345.789062,-145514.406250,626106.750000,8161.992188,472430.343750,-1753710.625000,-1281280.250000
ml,worst,2460,2026-09-17,1549.464844,10.000000,1988.604980,50.000000,0.000000,0.000000,-0.000000,0.000000,0.000000,1343.372559,50.000000,-1.000000,0.000000,-0.000000,0.000000,-67168.625000,1551.680664,50.000000,-1.000000,0.000000,-0.000000,0.000000,-77584.031250,-144752.656250,626106.750000,8161.992188,473192.093750,-1753710.625000,-1280518.500000
ml,worst,2460,2026-09-18,1526.531372,10.000000,1988.604980,50.000000,0.000000,0.000000,-0.000000,0.000000,0.000000,1343.372559,50.000000,-1.000000,0.000000,-0.000000,0.000000,-67168.625000,1538.020996,50.000000,-1.000000,0.000000,-0.000000,0.000000,-76901.046875,-144069.671875,626106.750000,8161.992188,473875.062500,-1753710.625000,-1279835.500000
ml,worst,2460,2026-09-19,1498.663940,10.000000,1988.604980,50.000000,0.000000,0.000000,-0.000000,0.000000,0.000000,1343.372559,50.000000,-1.000000,0.000000,-0.000000,0.000000,-67168.625000,1514.579956,50.000000,-1.000000,0.000000,-0.000000,0.000000,-75729.000000,-142897.625000,626106.750000,8161.992188,475047.125000,-1753710.625000,-1278663.500000
ml,worst,2460,2026-09-20,1523.753906,10.000000,1988.604980,50.000000,0.000000,0.000000,-0.000000,0.000000,0.000000,1343.372559,50.000000,-1.000000,0.000000,-0.000000,0.000000,-67168.625000,1507.976562,50.000000,-1.000000,0.000000,-0.000000,0.000000,-75398.828125,-142567.453125,626106.750000,8161.992188,475377.312500,-1753710.625000,-1278333.250000
ml,worst,2460,2026-09-21,1472.392578,10.000000,1988.604980,50.000000,0.000000,0.000000,-0.000000,0.000000,0.000000,1343.372559,50.000000,-1.000000,0.000000,-0.000000,0.000000,-67168.625000,1486.622803,50.000000,-1.000000,0.000000,-0.000000,0.000000,-74331.140625,-141499.765625,626106.750000,8161.992188,476445.000000,-1753710.625000,-1277265.625000
ml,worst,2460,2026-09-22,1489.968140,10.000000,1988.604980,50.000000,0.000000,0.000000,-0.000000,0.000000,0.000000,1343.372559,50.000000,-1.000000,0.000000,-0.000000,0.000000,-67168.625000,1502.286499,50.000000,-1.000000,0.000000,-0.000000,0.000000,-75114.328125,-142282.953125,626106.750000,8161.992188,475661.812500,-1753710.625000,-1278048.750000
ml,worst,2460,2026-09-23,1497.381836,10.000000,1988.604980,50.000000,0.000000,0.000000,-0.000000,0.000000,0.000000,1343.372559,50.000000,-1.000000,0.000000,-0.000000,0.000000,-67168.625000,1512.000488,50.000000,-1.000000,0.000000,-0.000000,0.000000,-75600.023438,-142768.656250,626106.750000,8161.992188,475176.093750,-1753710.625000,-1278534.500000
ml,worst,2460,2026-09-24,1515.401611,10.000000,1988.604980,50.000000,0.000000,0.000000,-0.000000,0.000000,0.000000,1343.372559,50.000000,-1.000000,0.000000,-0.000000,0.000000,-67168.625000,1526.278931,50.000000,-1.000000,0.000000,-0.000000,0.000000,-76313.945312,-143482.562500,626106.750000,8161.992188,474462.187500,-1753710.625000,-1279248.500000
ml,worst,2460,2026-09-25,1515.021606,10.000000,1988.604980,50.000000,0.000000,0.000000,-0.000000,0.000000,0.000000,1343.372559,50.000000,-1.000000,0.000000,-0.000000,0.000000,-67168.625000,1513.536987,50.000000,-1.000000,0.000000,-0.000000,0.000000,-75676.851562,-142845.468750,626106.750000,8161.992188,475099.281250,-1753710.625000,-1278611.375000
ml,worst,2460,2026-09-26,1513.265625,10.000000,1988.604980,50.000000,0.000000,0.000000,-0.000000,0.000000,0.000000,1343.372559,50.000000,-1.000000,0.000000,-0.000000,0.000000,-67168.625000,1537.105225,50.000000,-1.000000,0.000000,-0.000000,0.000000,-76855.257812,-144023.875000,626106.750000,8161.992188,473920.875000,-1753710.625000,-1279789.750000
ml,worst,2460,2026-09-27,1522.266602,10.000000,1988.604980,50.000000,0.000000,0.000000,-0.000000,0.000000,0.000000,1343.372559,50.000000,-1.000000,0.000000,-0.000000,0.000000,-67168.625000,1532.721436,50.000000,-1.000000,0.000000,-0.000000,0.000000,-76636.070312,-143804.687500,626106.750000,8161.992188,474140.062500,-1753710.625000,-1279570.500000
ml,worst,2460,2026-09-28,1506.551880,10.000000,1988.604980,50.000000,0.000000,0.000000,-0.000000,0.000000,0.000000,1343.372559,50.000000,-1.000000,0.000000,-0.000000,0.000000,-67168.625000,1497.486816,50.000000,-1.000000,0.000000,-0.000000,0.000000,-74874.343750,-142042.968750,626106.750000,8161.992188,475901.781250,-1753710.625000,-1277808.875000
ml,worst,2460,2026-09-29,1525.178711,10.000000,1988.604980,50.000000,0.000000,0.000000,-0.000000,0.000000,0.000000,1343.372559,50.000000,-1.000000,0.000000,-0.000000,0.000000,-67168.625000,1500.827759,50.000000,-1.000000,0.000000,-0.000000,0.000000,-75041.390625,-142210.015625,626106.750000,8161.992188,475734.750000,-1753710.625000,-1277975.875000
ml,worst,2460,2026-09-30,1511.734497,10.000000,1988.604980,50.000000,0.000000,0.000000,-0.000000,0.000000,0.000000,1343.372559,50.000000,-1.000000,0.000000,-0.000000,0.000000,-67168.625000,1500.039551,50.000000,-1.000000,0.000000,-0.000000,0.000000,-75001.976562,-142170.593750,626106.750000,8161.992188,475774.156250,-1753710.625000,-1277936.500000
ml,worst,2460,2026-10-01,1552.107788,10.000000,1988.604980,50.000000,0.000000,0.000000,-0.000000,0.000000,0.000000,1343.372559,50.000000,-1.000000,0.000000,-0.000000,0.000000,-67168.625000,1568.324097,50.000000,-1.000000,0.000000,-0.000000,0.000000,-78416.203125,-145584.828125,626106.750000,8161.992188,472359.937500,-1753710.625000,-1281350.750000
ml,worst,2460,2026-10-02,1580.490356,10.000000,1988.604980,50.000000,0.000000,0.000000,-0.000000,0.000000,0.000000,1343.372559,50.000000,-1.000000,0.000000,-0.000000,0.000000,-67168.625000,1586.151245,50.000000,-1.000000,0.000000,-0.000000,0.000000,-79307.562500,-146476.187500,626106.750000,8161.992188,471468.562500,-1753710.625000,-1282242.000000
ml,worst,2460,2026-10-03,1596.280518,10.000000,1988.604980,50.000000,0.000000,0.000000,-0.000000,0.000000,0.000000,1343.372559,50.000000,-1.000000,0.000000,-0.000000,0.000000,-67168.625000,1591.363159,50.000000,-1.000000,0.000000,-0.000000,0.000000,-79568.156250,-146736.781250,626106.750000,8161.992188,471207.968750,-1753710.625000,-1282502.625000
ml,worst,2460,2026-10-04,1593.754761,10.000000,1988.604980,50.000000,0.000000,0.000000,-0.000000,0.000000,0.000000,1343.372559,50.000000,-1.000000,0.000000,-0.000000,0.000000,-67168.625000,1583.046265,50.000000,-1.000000,0.000000,-0.000000,0.000000,-79152.312500,-146320.937500,626106.750000,8161.992188,471623.812500,-1753710.625000,-1282086.750000
ml,worst,2460,2026-10-05,1604.262939,10.000000,1988.604980,50.000000,0.000000,0.000000,-0.000000,0.000000,0.000000,1343.372559,50.000000,-1.000000,0.000000,-0.000000,0.000000,-67168.625000,1603.940674,50.000000,-2.000000,-1.000000,80197.031250,40.098515,-160394.062500,-227562.687500,706303.750000,8202.090820,470538.968750,-1753710.625000,-1283171.625000
ml,worst,2460,2026-10-06,1661.155762,10.000000,1988.604980,50.000000,0.000000,0.000000,-0.000000,0.000000,0.000000,1343.372559,50.000000,-1.000000,0.000000,-0.000000,0.000000,-67168.625000,1652.491699,50.000000,-3.000000,-1.000000,82624.585938,41.312294,-247873.750000,-315042.375000,788928.375000,8243.403320,465642.593750,-1753710.625000,-1288068.000000
ml,worst,2460,2026-10-07,1619.556152,10.000000,1988.604980,50.000000,0.000000,0.000000,-0.000000,0.000000,0.000000,1343.372559,50.000000,-1.000000,0.000000,-0.000000,0.000000,-67168.625000,1599.859619,50.000000,-4.000000,-1.000000,79992.984375,39.996494,-319971.937500,-387140.562500,868921.375000,8283.399414,473497.406250,-1753710.625000,-1280213.250000
ml,worst,2460,2026-10-08,1600.216797,10.000000,1988.604980,50.000000,0.000000,0.000000,-0.000000,0.000000,0.000000,1343.372559,50.000000,-1.000000,0.000000,-0.000000,0.000000,-67168.625000,1613.309448,50.000000,-3.000000,1.000000,-80665.468750,40.332733,-241996.406250,-309165.031250,788255.875000,8323.732422,470767.125000,-1753710.625000,-1282943.500000
ml,worst,2460,2026-10-09,1588.409058,10.000000,1988.604980,50.000000,0.000000,0.000000,-0.000000,0.000000,0.000000,1343.372559,50.000000,-1.000000,0.000000,-0.000000,0.000000,-67168.625000,1583.949707,50.000000,-4.000000,-1.000000,79197.484375,39.598743,-316789.937500,-383958.562500,867453.375000,8363.331055,475131.468750,-1753710.625000,-1278579.125000
ml,worst,2460,2026-10-10,1619.325195,10.000000,1988.604980,50.000000,0.000000,0.000000,-0.000000,0.000000,0.000000,1343.372559,50.000000,-1.000000,0.000000,-0.000000,0.000000,-67168.625000,1628.345581,50.000000,-4.000000,0.000000,-0.000000,0.000000,-325669.125000,-392837.750000,867453.375000,8363.331055,466252.281250,-1753710.625000,-1287458.375000
ml,worst,2460,2026-10-11,1647.252686,10.000000,1988.604980,50.000000,0.000000,0.000000,-0.000000,0.000000,0.000000,1343.372559,50.000000,-1.000000,0.000000,-0.000000,0.000000,-67168.625000,1652.340820,50.000000,-4.000000,0.000000,-0.000000,0.000000,-330468.156250,-397636.781250,867453.375000,8363.331055,461453.250000,-1753710.625000,-1292257.375000
ml,worst,2460,2026-10-12,1639.607544,10.000000,1988.604980,50.000000,0.000000,0.000000,-0.000000,0.000000,0.000000,1343.372559,50.000000,-1.000000,0.000000,-0.000000,0.000000,-67168.625000,1640.064331,50.000000,-4.000000,0.000000,-0.000000,0.000000,-328012.875000,-395181.500000,867453.375000,8363.331055,463908.531250,-1753710.625000,-1289802.125000
ml,worst,2460,2026-10-13,1646.068604,10.000000,1988.604980,50.000000,0.000000,0.000000,-0.000000,0.000000,0.000000,1343.372559,50.000000,-1.000000,0.000000,-0.000000,0.000000,-67168.625000,1659.016968,50.000000,-3.000000,1.000000,-82950.851562,41.475426,-248852.531250,-316021.156250,784502.500000,8404.806641,460076.531250,-1753710.625000,-1293634.125000
ml,worst,2460,2026-10-14,1641.439575,10.000000,1988.604980,50.000000,0.000000,0.000000,-0.000000,0.000000,0.000000,1343.372559,50.000000,-1.000000,0.000000,-0.000000,0.000000,-67168.625000,1649.463501,50.000000,-4.000000,-1.000000,82473.171875,41.236588,-329892.687500,-397061.312500,866975.687500,8446.042969,461468.343750,-1753710.625000,-1292242.250000
ml,worst,2460,2026-10-15,1660.034546,10.000000,1988.604980,50.000000,0.000000,0.000000,-0.000000,0.000000,0.000000,1343.372559,50.000000,-1.000000,0.000000,-0.000000,0.000000,-67168.625000,1667.993530,50.000000,-3.000000,1.000000,-83399.679688,41.699841,-250199.031250,-317367.656250,783576.000000,8487.742188,457720.593750,-1753710.625000,-1295990.000000
ml,worst,2460,2026-10-16,1661.740479,10.000000,1988.604980,50.000000,0.000000,0.000000,-0.000000,0.000000,0.000000,1343.372559,50.000000,-1.000000,0.000000,-0.000000,0.000000,-67168.625000,1700.038940,50.000000,-4.000000,-1.000000,85001.945312,42.500969,-340007.781250,-407176.406250,868577.937500,8530.244141,452871.281250,-1753710.625000,-1300839.375000
ml,worst,2460,2026-10-17,1618.820190,10.000000,1988.604980,50.000000,0.000000,0.000000,-0.000000,0.000000,0.000000,1343.372559,50.000000,-1.000000,0.000000,-0.000000,0.000000,-67168.625000,1636.146973,50.000000,-4.000000,0.000000,-0.000000,0.000000,-327229.406250,-394398.031250,868577.937500,8530.244141,465649.656250,-1753710.625000,-1288061.000000
ml,worst,2460,2026-10-18,1575.572998,10.000000,1988.604980,50.000000,0.000000,0.000000,-0.000000,0.000000,0.000000,1343.372559,50.000000,-1.000000,0.000000,-0.000000,0.000000,-67168.625000,1566.190308,50.000000,-4.000000,0.000000,-0.000000,0.000000,-313238.062500,-380406.687500,868577.937500,8530.244141,479641.000000,-1753710.625000,-1274069.625000
ml,worst,2460,2026-10-19,1543.175537,10.000000,1988.604980,50.000000,0.000000,0.000000,-0.000000,0.000000,0.000000,1343.372559,50.000000,-1.000000,0.000000,-0.000000,0.000000,-67168.625000,1552.197510,50.000000,-5.000000,-1.000000,77609.875000,38.804935,-388049.375000,-455218.000000,946187.812500,8569.048828,482400.750000,-1753710.625000,-1271309.875000
ml,worst,2460,2026-10-20,1533.567383,10.000000,1988.604980,50.000000,0.000000,0.000000,-0.000000,0.000000,0.000000,1343.372559,50.000000,-1.000000,0.000000,-0.000000,0.000000,-67168.625000,1566.394043,50.000000,-4.000000,1.000000,-78319.703125,39.159847,-313278.812500,-380447.437500,867868.125000,8608.208984,478812.468750,-1753710.625000,-1274898.125000
ml,worst,2460,2026-10-21,1528.826050,10.000000,1988.604980,50.000000,0.000000,0.000000,-0.000000,0.000000,0.000000,1343.372559,50.000000,-1.000000,0.000000,-0.000000,0.000000,-67168.625000,1545.333618,50.000000,-5.000000,-1.000000,77266.679688,38.633339,-386333.406250,-453502.031250,945134.812500,8646.841797,482985.937500,-1753710.625000,-1270724.750000
ml,worst,2460,2026-10-22,1533.536743,10.000000,1988.604980,50.000000,0.000000,0.000000,-0.000000,0.000000,0.000000,1343.372559,50.000000,-1.000000,0.000000,-0.000000,0.000000,-67168.625000,1561.184692,50.000000,-4.000000,1.000000,-78059.234375,39.029617,-312236.937500,-379405.562500,867075.562500,8685.871094,478984.125000,-1753710.625000,-1274726.500000
ml,worst,2460,2026-10-23,1538.115356,10.000000,1988.604980,50.000000,0.000000,0.000000,-0.000000,0.000000,0.000000,1343.372559,50.000000,-1.000000,0.000000,-0.000000,0.000000,-67168.625000,1518.992554,50.000000,-5.000000,-1.000000,75949.625000,37.974812,-379748.156250,-446916.781250,943025.187500,8723.845703,487384.562500,-1753710.625000,-1266326.000000
ml,worst,2460,2026-10-24,1532.513916,10.000000,1988.604980,50.000000,0.000000,0.000000,-0.000000,0.000000,0.000000,1343.372559,50.000000,-1.000000,0.000000,-0.000000,0.000000,-67168.625000,1509.315430,50.000000,-5.000000,0.000000,-0.000000,0.000000,-377328.843750,-444497.468750,943025.187500,8723.845703,489803.875000,-1753710.625000,-1263906.750000
ml,worst,2460,2026-10-25,1537.714111,10.000000,1988.604980,50.000000,0.000000,0.000000,-0.000000,0.000000,0.000000,1343.372559,50.000000,-1.000000,0.000000,-0.000000,0.000000,-67168.625000,1556.736938,50.000000,-5.000000,0.000000,-0.000000,0.000000,-389184.218750,-456352.843750,943025.187500,8723.845703,477948.500000,-1753710.625000,-1275762.125000
ml,worst,2460,2026-10-26,1513.213745,10.000000,1988.604980,50.000000,0.000000,0.000000,-0.000000,0.000000,0.000000,1343.372559,50.000000,-1.000000,0.000000,-0.000000,0.000000,-67168.625000,1517.322876,50.000000,-6.000000,-1.000000,75866.140625,37.933067,-455196.875000,-522365.500000,1018891.312500,8761.779297,487764.031250,-1753710.625000,-1265946.625000
ml,worst,2460,2026-10-27,1498.302368,10.000000,1988.604980,50.000000,0.000000,0.000000,-0.000000,0.000000,0.000000,1343.372559,50.000000,-1.000000,0.000000,-0.000000,0.000000,-67168.625000,1503.147583,50.000000,-5.000000,1.000000,-75157.382812,37.578690,-375786.875000,-442955.500000,943733.937500,8799.357422,491979.093750,-1753710.625000,-1261731.500000
ml,worst,2460,2026-10-28,1519.932495,10.000000,1988.604980,50.000000,0.000000,0.000000,-0.000000,0.000000,0.000000,1343.372559,50.000000,-1.000000,0.000000,-0.000000,0.000000,-67168.625000,1516.667847,50.000000,-4.000000,1.000000,-75833.390625,37.916695,-303333.562500,-370502.187500,867900.562500,8837.275391,488561.093750,-1753710.625000,-1265149.500000
ml,worst,2460,2026-10-29,1529.015503,10.000000,1988.604980,50.000000,0.000000,0.000000,-0.000000,0.000000,0.000000,1343.372559,50.000000,0.000000,1.000000,-67168.625000,33.584312,0.000000,1531.835571,50.000000,0.000000,4.000000,-306367.125000,153.183563,0.000000,0.000000,494364.812500,9024.042969,485340.781250,-1753710.625000,-1268369.875000
ml,worst,2460,2026-10-30,1535.259766,10.000000,1988.604980,50.000000,0.000000,0.000000,-0.000000,0.000000,0.000000,1343.372559,50.000000,0.000000,0.000000,-0.000000,0.000000,0.000000,1531.835571,50.000000,0.000000,0.000000,-0.000000,0.000000,0.000000,0.000000,494364.812500,9024.042969,485340.781250,-1753710.625000,-1268369.875000
ml,p5,6899,2026-04-10,2055.000244,10.000000,2026.171509,50.000000,-1.000000,-1.000000,101308.578125,50.654285,-101308.578125,2047.068848,50.000000,-1.000000,-1.000000,102353.445312,51.176720,-102353.445312,2070.749756,50.000000,-1.000000,-1.000000,103537.484375,51.768742,-103537.484375,-307199.500000,307199.500000,153.599747,-153.599747,29559.361328,29405.761719
ml,p5,6899,2026-04-11,2078.531982,10.000000,2055.490967,50.000000,-1.000000,0.000000,-0.000000,0.000000,-102774.546875,2077.417480,50.000000,-1.000000,0.000000,-0.000000,0.000000,-103870.875000,2102.600098,50.000000,-1.000000,0.000000,-0.000000,0.000000,-105130.007812,-311775.437500,307199.500000,153.599747,-4729.537109,90712.765625,85983.226562
ml,p5,6899,2026-04-12,2117.819092,10.000000,2120.754883,50.000000,-1.000000,0.000000,-0.000000,0.000000,-106037.742188,2146.136963,50.000000,-1.000000,0.000000,-0.000000,0.000000,-107306.851562,2174.142334,50.000000,-1.000000,0.000000,-0.000000,0.000000,-108707.117188,-322051.718750,307199.500000,153.599747,-15005.818359,197392.203125,182386.390625
ml,p5,6899,2026-04-13,2176.375732,10.000000,2187.653564,50.000000,-2.000000,-1.000000,109382.679688,54.691338,-218765.359375,2212.298828,50.000000,-2.000000,-1.000000,110614.937500,55.307468,-221229.875000,2240.071533,50.000000,-2.000000,-1.000000,112003.578125,56.001785,-224007.156250,-664002.375000,639200.687500,319.600342,-25121.287109,345197.281250,320076.000000
ml,p5,6899,2026-04-14,2178.099121,10.000000,2198.584961,50.000000,-3.000000,-1.000000,109929.250000,54.964622,-329787.750000,2224.610107,50.000000,-3.000000,-1.000000,111230.507812,55.615253,-333691.500000,2252.831787,50.000000,-3.000000,-1.000000,112641.585938,56.320793,-337924.750000,-1001404.000000,973002.000000,486.500977,-28888.500000,357716.500000,328828.000000
ml,p5,6899,2026-04-15,2188.076660,10.000000,2202.360596,50.000000,-4.000000,-1.000000,110118.031250,55.059010,-440472.125000,2228.451416,50.000000,-4.000000,-1.000000,111422.570312,55.711285,-445690.281250,2256.207520,50.000000,-4.000000,-1.000000,112810.375000,56.405186,-451241.500000,-1337403.875000,1307353.000000,653.676514,-30704.550781,391254.031250,360549.468750
ml,p5,6899,2026-04-16,2162.352051,10.000000,2174.138916,50.000000,-5.000000,-1.000000,108706.945312,54.353474,-543534.687500,2200.905273,50.000000,-5.000000,-1.000000,110045.265625,55.022629,-550226.312500,2228.658936,50.000000,-5.000000,-1.000000,111432.945312,55.716473,-557164.750000,-1650925.750000,1637538.250000,818.769043,-14206.269531,319394.812500,305188.531250
ml,p5,6899,2026-04-17,2170.851318,10.000000,2163.241699,50.000000,-6.000000,-1.000000,108162.085938,54.081043,-648972.500000,2189.164551,50.000000,-6.000000,-1.000000,109458.226562,54.729111,-656749.375000,2215.465820,50.000000,-6.000000,-1.000000,110773.289062,55.386642,-664639.750000,-1970361.625000,1965931.750000,982.965820,-5412.840820,346645.375000,341232.531250
ml,p5,6899,2026-04-18,2150.399658,10.000000,2122.754639,50.000000,-6.000000,0.000000,-0.000000,0.000000,-636826.375000,2146.634033,50.000000,-6.000000,0.000000,-0.000000,0.000000,-643990.250000,2171.346436,50.000000,-6.000000,0.000000,-0.000000,0.000000,-651403.875000,-1932220.500000,1965931.750000,982.965820,32728.285156,303515.625000,336243.906250
ml,p5,6899,2026-04-19,2159.952881,10.000000,2151.836426,50.000000,-6.000000,0.000000,-0.000000,0.000000,-645550.937500,2174.962158,50.000000,-6.000000,0.000000,-0.000000,0.000000,-652488.687500,2199.026367,50.000000,-6.000000,0.000000,-0.000000,0.000000,-659707.937500,-1957747.500000,1965931.750000,982.965820,7201.284180,326355.093750,333556.375000
ml,p5,6899,2026-04-20,2106.933594,10.000000,2039.906494,50.000000,-7.000000,-1.000000,101995.328125,50.997662,-713967.312500,2059.798340,50.000000,-7.000000,-1.000000,102989.914062,51.494953,-720929.375000,2079.989258,50.000000,-7.000000,-1.000000,103999.460938,51.999729,-727996.250000,-2162893.000000,2274916.500000,1137.458252,110886.039062,188858.281250,299744.312500
ml,p5,6899,2026-04-21,2121.008545,10.000000,2109.789307,50.000000,-6.000000,1.000000,-105489.468750,52.744736,-632936.812500,2129.366943,50.000000,-8.000000,-1.000000,106468.343750,53.234173,-851746.750000,2149.096436,50.000000,-8.000000,-1.000000,107454.820312,53.727409,-859638.562500,-2344322.000000,2383350.250000,1297.164551,37731.085938,234109.375000,271840.468750
ml,p5,6899,2026-04-22,2086.054443,10.000000,2097.154541,50.000000,-7.000000,-1.000000,104857.726562,52.428860,-734004.125000,2115.201416,50.000000,-9.000000,-1.000000,105760.070312,52.880035,-951840.625000,2133.256104,50.000000,-9.000000,-1.000000,106662.804688,53.331398,-959965.250000,-2645810.000000,2700630.750000,1455.804810,53364.945312,149916.718750,203281.656250
ml,p5,6899,2026-04-23,2095.742432,10.000000,2108.088623,50.000000,-6.000000,1.000000,-105404.429688,52.702209,-632426.562500,2126.577881,50.000000,-7.000000,2.000000,-212657.781250,106.328888,-744302.250000,2145.835205,50.000000,-7.000000,2.000000,-214583.515625,107.291763,-751042.312500,-2127771.000000,2167985.000000,1722.127686,38491.871094,177209.203125,215701.078125
ml,p5,6899,2026-04-24,2139.121338,10.000000,2157.550537,50.000000,-5.000000,1.000000,-107877.523438,53.938763,-539387.625000,2174.299316,50.000000,-6.000000,1.000000,-108714.968750,54.357487,-652289.812500,2192.521240,50.000000,-8.000000,-1.000000,109626.062500,54.813030,-877008.500000,-2068686.000000,2061018.625000,1885.237061,-9552.612305,294843.375000,285290.750000
ml,p5,6899,2026-04-25,2153.541748,10.000000,2148.515625,50.000000,-5.000000,0.000000,-0.000000,0.000000,-537128.875000,2164.502197,50.000000,-6.000000,0.000000,-0.000000,0.000000,-649350.687500,2181.204590,50.000000,-8.000000,0.000000,-0.000000,0.000000,-872481.812500,-2058961.250000,2061018.625000,1885.237061,172.137939,333978.250000,334150.375000
ml,p5,6899,2026-04-26,2137.408447,10.000000,2132.955078,50.000000,-5.000000,0.000000,-0.000000,0.000000,-533238.750000,2148.412354,50.000000,-6.000000,0.000000,-0.000000,0.000000,-644523.750000,2164.691895,50.000000,-8.000000,0.000000,-0.000000,0.000000,-865876.750000,-2043639.250000,2061018.625000,1885.237061,15494.137695,301935.906250,317430.031250
ml,p5,6899,2026-04-27,2141.561523,10.000000,2139.501221,50.000000,-4.000000,1.000000,-106975.062500,53.487530,-427900.250000,2154.420166,50.000000,-7.000000,-1.000000,107721.007812,53.860504,-754047.062500,2170.812256,50.000000,-9.000000,-1.000000,108540.609375,54.270306,-976865.500000,-2158812.750000,2170305.250000,2046.855225,9445.644531,312912.281250,322357.937500
ml,p5,6899,2026-04-28,2128.274658,10.000000,2116.584229,50.000000,-5.000000,-1.000000,105829.210938,52.914604,-529146.062500,2129.199707,50.000000,-8.000000,-1.000000,106459.984375,53.229992,-851679.875000,2144.232666,50.000000,-10.000000,-1.000000,107211.632812,53.605816,-1072116.250000,-2452942.250000,2489806.000000,2206.605713,34657.144531,288512.750000,323169.906250
ml,p5,6899,2026-04-29,2129.328369,10.000000,2115.521973,50.000000,-4.000000,1.000000,-105776.101562,52.888050,-423104.406250,2127.620361,50.000000,-7.000000,1.000000,-106381.015625,53.190506,-744667.125000,2142.166748,50.000000,-8.000000,2.000000,-214216.671875,107.108337,-856866.687500,-2024638.250000,2063432.250000,2419.792480,36374.207031,286234.062500,322608.281250
ml,p5,6899,2026-04-30,2159.845703,10.000000,2115.521973,50.000000,-3.000000,1.000000,-105776.101562,52.888050,-317328.281250,2174.303223,50.000000,-6.000000,1.000000,-108715.164062,54.357578,-652290.937500,2188.416016,50.000000,-9.000000,-1.000000,109420.796875,54.710400,-984787.187500,-1954406.500000,1958361.750000,2581.748535,1373.501465,366433.437500,367806.937500
ml,p5,6899,2026-05-01,2143.480225,10.000000,2115.521973,50.000000,-3.000000,0.000000,-0.000000,0.000000,-317328.281250,2145.205811,50.000000,-7.000000,-1.000000,107260.289062,53.630142,-750822.000000,2159.130127,50.000000,-10.000000,-1.000000,107956.507812,53.978256,-1079565.000000,-2147715.250000,2173578.500000,2689.356934,23173.892578,325793.718750,348967.625000
ml,p5,6899,2026-05-02,2200.927734,10.000000,2115.521973,50.000000,-3.000000,0.000000,-0.000000,0.000000,-317328.281250,2217.353516,50.000000,-7.000000,0.000000,-0.000000,0.000000,-776073.750000,2231.296387,50.000000,-10.000000,0.000000,-0.000000,0.000000,-1115648.250000,-2209050.250000,2173578.500000,2689.356934,-38161.105469,466435.843750,428274.750000
ml,p5,6899,2026-05-03,2198.178955,10.000000,2115.521973,50.000000,-3.000000,0.000000,-0.000000,0.000000,-317328.281250,2194.215088,50.000000,-7.000000,0.000000,-0.000000,0.000000,-767975.312500,2208.018311,50.000000,-10.000000,0.000000,-0.000000,0.000000,-1104009.125000,-2189312.750000,2173578.500000,2689.356934,-18423.607422,458875.312500,440451.718750
ml,p5,6899,2026-05-04,2183.816650,10.000000,2115.521973,50.000000,-3.000000,0.000000,-0.000000,0.000000,-317328.281250,2188.880615,50.000000,-8.000000,-1.000000,109444.031250,54.722012,-875552.250000,2203.840576,50.000000,-7.000000,3.000000,-330576.062500,165.288040,-771344.187500,-1964224.750000,1952446.500000,2909.367188,-14687.617188,418580.250000,403892.625000
ml,p5,6899,2026-05-05,2222.029541,10.000000,2115.521973,50.000000,-3.000000,0.000000,-0.000000,0.000000,-317328.281250,2239.674805,50.000000,-6.000000,2.000000,-223967.484375,111.983734,-671902.437500,2253.839600,50.000000,-8.000000,-1.000000,112691.976562,56.345985,-901535.812500,-1890766.500000,1841171.000000,3077.696777,-52673.195312,517848.125000,465174.937500
ml,p5,6899,2026-05-06,2224.733154,10.000000,2115.521973,50.000000,-3.000000,0.000000,-0.000000,0.000000,-317328.281250,2241.958496,50.000000,-7.000000,-1.000000,112097.921875,56.048962,-784685.437500,2255.649170,50.000000,-9.000000,-1.000000,112782.460938,56.391232,-1015042.062500,-2117055.750000,2066051.375000,3190.137207,-54194.511719,522199.812500,468005.312500
ml,p5,6899,2026-05-07,2170.472656,10.000000,2115.521973,50.000000,-3.000000,0.000000,-0.000000,0.000000,-317328.281250,2186.008545,50.000000,-8.000000,-1.000000,109300.429688,54.650211,-874403.437500,2198.486572,50.000000,-10.000000,-1.000000,109924.328125,54.962162,-1099243.250000,-2290975.000000,2285276.000000,3299.749512,-8998.750000,383135.843750,374137.093750
ml,p5,6899,2026-05-08,2197.880127,10.000000,2115.521973,50.000000,-3.000000,0.000000,-0.000000,0.000000,-317328.281250,2218.926758,50.000000,-6.000000,2.000000,-221892.671875,110.946335,-665678.000000,2231.502197,50.000000,-8.000000,2.000000,-223150.218750,111.575111,-892600.875000,-1875607.125000,1840233.250000,3522.270752,-38896.144531,452160.968750,413264.812500
ml,p5,6899,2026-05-09,2185.013672,10.000000,2115.521973,50.000000,-3.000000,0.000000,-0.000000,0.000000,-317328.281250,2199.751953,50.000000,-6.000000,0.000000,-0.000000,0.000000,-659925.562500,2212.488037,50.000000,-8.000000,0.000000,-0.000000,0.000000,-884995.187500,-1862249.000000,1840233.250000,3522.270752,-25538.021484,422070.000000,396531.968750
ml,p5,6899,2026-05-10,2235.712158,10.000000,2115.521973,50.000000,-3.000000,0.000000,-0.000000,0.000000,-317328.281250,2246.706299,50.000000,-6.000000,0.000000,-0.000000,0.000000,-674011.937500,2260.392090,50.000000,-8.000000,0.000000,-0.000000,0.000000,-904156.812500,-1895497.000000,1840233.250000,3522.270752,-58786.019531,550213.500000,491427.468750
ml,p5,6899,2026-05-11,2196.233398,10.000000,2115.521973,50.000000,-3.000000,0.000000,-0.000000,0.000000,-317328.281250,2204.780029,50.000000,-7.000000,-1.000000,110239.000000,55.119499,-771673.000000,2219.228516,50.000000,-9.000000,-1.000000,110961.421875,55.480713,-998652.812500,-2087654.000000,2061433.750000,3632.871094,-29853.121094,450349.437500,420496.312500
ml,p5,6899,2026-05-12,2235.222900,10.000000,2115.521973,50.000000,-3.000000,0.000000,-0.000000,0.000000,-317328.281250,2264.954590,50.000000,-5.000000,2.000000,-226495.453125,113.247719,-566238.687500,2263.830566,50.000000,-7.000000,2.000000,-226383.062500,113.191521,-792340.750000,-1675907.750000,1608555.250000,3859.310059,-71211.812500,554597.375000,483385.562500
ml,p5,6899,2026-05-13,2244.104004,10.000000,2115.521973,50.000000,-3.000000,0.000000,-0.000000,0.000000,-317328.281250,2263.965820,50.000000,-6.000000,-1.000000,113198.289062,56.599144,-679189.750000,2267.160400,50.000000,-8.000000,-1.000000,113358.023438,56.679012,-906864.187500,-1903382.250000,1835111.500000,3972.588379,-72243.335938,572302.750000,500059.406250
ml,p5,6899,2026-05-14,2244.320068,10.000000,2115.521973,50.000000,-3.000000,0.000000,-0.000000,0.000000,-317328.281250,2262.549561,50.000000,-7.000000,-1.000000,113127.476562,56.563736,-791892.312500,2268.725586,50.000000,-9.000000,-1.000000,113436.281250,56.718136,-1020926.562500,-2130147.250000,2061675.250000,4085.870117,-72557.867188,571282.125000,498724.250000
ml,p5,6899,2026-05-15,2249.159180,10.000000,2115.521973,50.000000,-3.000000,0.000000,-0.000000,0.000000,-317328.281250,2264.479980,50.000000,-5.000000,2.000000,-226448.000000,113.223999,-566120.000000,2274.338623,50.000000,-7.000000,2.000000,-227433.859375,113.716919,-796018.500000,-1679466.750000,1607793.500000,4312.811523,-75986.062500,580100.312500,504114.250000
ml,p5,6899,2026-05-16,2261.772705,10.000000,2115.521973,50.000000,-3.000000,0.000000,-0.000000,0.000000,-317328.281250,2254.671875,50.000000,-5.000000,0.000000,-0.000000,0.000000,-563668.000000,2261.287354,50.000000,-7.000000,0.000000,-0.000000,0.000000,-791450.562500,-1672446.750000,1607793.500000,4312.811523,-68966.062500,614725.375000,545759.312500
ml,p5,6899,2026-05-17,2282.250488,10.000000,2115.521973,50.000000,-3.000000,0.000000,-0.000000,0.000000,-317328.281250,2331.693848,50.000000,-5.000000,0.000000,-0.000000,0.000000,-582923.437500,2338.943115,50.000000,-7.000000,0.000000,-0.000000,0.000000,-818630.062500,-1718881.750000,1607793.500000,4312.811523,-115401.062500,665112.500000,549711.437500
ml,p5,6899,2026-05-18,2300.480469,10.000000,2115.521973,50.000000,-3.000000,0.000000,-0.000000,0.000000,-317328.281250,2326.480225,50.000000,-6.000000,-1.000000,116324.007812,58.162006,-697944.062500,2337.612793,50.000000,-8.000000,-1.000000,116880.640625,58.440319,-935045.125000,-1950317.500000,1840998.000000,4429.413574,-113748.914062,709528.562500,595779.625000
ml,p5,6899,2026-05-19,2292.075684,10.000000,2115.521973,50.000000,-3.000000,0.000000,-0.000000,0.000000,-317328.281250,2321.969238,50.000000,-7.000000,-1.000000,116098.460938,58.049229,-812689.250000,2330.200928,50.000000,-6.000000,2.000000,-233020.093750,116.510048,-699060.250000,-1829077.750000,1724076.375000,4603.972656,-109605.343750,685940.062500,576334.750000
ml,p5,6899,2026-05-20,2272.054443,10.000000,2115.521973,50.000000,-3.000000,0.000000,-0.000000,0.000000,-317328.281250,2295.493408,50.000000,-5.000000,2.000000,-229549.343750,114.774673,-573873.312500,2305.229980,50.000000,-7.000000,-1.000000,115261.500000,57.630749,-806830.500000,-1698032.125000,1609788.625000,4776.377930,-93019.875000,631475.937500,538456.062500
ml,p5,6899,2026-05-21,2281.659668,10.000000,2115.521973,50.000000,-3.000000,0.000000,-0.000000,0.000000,-317328.281250,2304.282715,50.000000,-6.000000,-1.000000,115214.132812,57.607067,-691284.812500,2317.559570,50.000000,-8.000000,-1.000000,115877.976562,57.938988,-927023.812500,-1935637.000000,1840880.750000,4891.924316,-99648.171875,653044.187500,553396.000000
ml,p5,6899,2026-05-22,2255.689453,10.000000,2115.521973,50.000000,-3.000000,0.000000,-0.000000,0.000000,-317328.281250,2283.091309,50.000000,-7.000000,-1.000000,114154.562500,57.077278,-799081.937500,2296.273926,50.000000,-5.000000,3.000000,-344441.093750,172.220551,-574068.437500,-1690478.750000,1610594.125000,5121.222168,-85005.843750,592010.562500,507004.718750
ml,p5,6899,2026-05-23,2191.691895,10.000000,2115.521973,50.000000,-3.000000,0.000000,-0.000000,0.000000,-317328.281250,2220.990723,50.000000,-7.000000,0.000000,-0.000000,0.000000,-777346.750000,2233.435059,50.000000,-5.000000,0.000000,-0.000000,0.000000,-558358.812500,-1653033.750000,1610594.125000,5121.222168,-47560.847656,428679.375000,381118.531250
ml,p5,6899,2026-05-24,2183.803223,10.000000,2115.521973,50.000000,-3.000000,0.000000,-0.000000,0.000000,-317328.281250,2222.172607,50.000000,-7.000000,0.000000,-0.000000,0.000000,-777760.375000,2236.174805,50.000000,-5.000000,0.000000,-0.000000,0.000000,-559043.687500,-1654132.250000,1610594.125000,5121.222168,-48659.347656,406369.406250,357710.062500
ml,p5,6899,2026-05-25,2171.932373,10.000000,2115.521973,50.000000,-3.000000,0.000000,-0.000000,0.000000,-317328.281250,2232.024658,50.000000,-7.000000,0.000000,-0.000000,0.000000,-781208.625000,2250.648682,50.000000,-5.000000,0.000000,-0.000000,0.000000,-562662.187500,-1661199.000000,1610594.125000,5121.222168,-55726.097656,379052.406250,323326.312500
ml,p5,6899,2026-05-26,2195.427002,10.000000,2115.521973,50.000000,-3.000000,0.000000,-0.000000,0.000000,-317328.281250,2218.257812,50.000000,-5.000000,2.000000,-221825.781250,110.912888,-554564.437500,2230.874512,50.000000,-6.000000,-1.000000,111543.726562,55.771862,-669262.375000,-1541155.125000,1500312.000000,5287.906738,-46131.031250,432490.406250,386359.375000
ml,p5,6899,2026-05-27,2211.906494,10.000000,2115.521973,50.000000,-3.000000,0.000000,-0.000000,0.000000,-317328.281250,2230.670898,50.000000,-6.000000,-1.000000,111533.546875,55.766773,-669201.250000,2243.186035,50.000000,-7.000000,-1.000000,112159.304688,56.079647,-785115.125000,-1771644.625000,1724004.875000,5399.752930,-53039.503906,470508.750000,417469.250000
ml,p5,6899,2026-05-28,2149.681885,10.000000,2115.521973,50.000000,-3.000000,0.000000,-0.000000,0.000000,-317328.281250,2146.929443,50.000000,-7.000000,-1.000000,107346.468750,53.673237,-751425.312500,2160.618164,50.000000,-5.000000,2.000000,-216061.812500,108.030899,-540154.562500,-1608908.250000,1615289.500000,5561.457031,819.792969,312967.281250,313787.062500
ml,p5,6899,2026-05-29,2114.468018,10.000000,2115.521973,50.000000,-3.000000,0.000000,-0.000000,0.000000,-317328.281250,2139.610840,50.000000,-5.000000,2.000000,-213961.078125,106.980537,-534902.750000,2153.582031,50.000000,-6.000000,-1.000000,107679.101562,53.839550,-646074.625000,-1498305.625000,1509007.500000,5722.277344,4979.597656,224393.937500,229373.531250
ml,p5,6899,2026-05-30,2095.974121,10.000000,2115.521973,50.000000,-3.000000,0.000000,-0.000000,0.000000,-317328.281250,2120.588135,50.000000,-5.000000,0.000000,-0.000000,0.000000,-530147.000000,2136.922363,50.000000,-6.000000,0.000000,-0.000000,0.000000,-641076.687500,-1488552.000000,1509007.500000,5722.277344,14733.222656,178537.140625,193270.359375
ml,p5,6899,2026-05-31,2092.256592,10.000000,2115.521973,50.000000,-3.000000,0.000000,-0.000000,0.000000,-317328.281250,2099.107910,50.000000,-5.000000,0.000000,-0.000000,0.000000,-524776.937500,2114.678467,50.000000,-6.000000,0.000000,-0.000000,0.000000,-634403.500000,-1476508.750000,1509007.500000,5722.277344,26776.472656,166512.953125,193289.421875
ml,p5,6899,2026-06-01,2113.953857,10.000000,2115.521973,50.000000,-3.000000,0.000000,-0.000000,0.000000,-317328.281250,2121.671875,50.000000,-4.000000,1.000000,-106083.593750,53.041798,-424334.375000,2138.536865,50.000000,-5.000000,1.000000,-106926.843750,53.463425,-534634.250000,-1276296.875000,1295997.250000,5828.782715,13871.591797,219967.953125,233839.546875
ml,p5,6899,2026-06-02,2120.458252,10.000000,2115.521973,50.000000,-2.000000,1.000000,-105776.101562,52.888050,-211552.203125,2158.054932,50.000000,-5.000000,-1.000000,107902.750000,53.951374,-539513.750000,2181.085205,50.000000,-6.000000,-1.000000,109054.257812,54.527130,-654325.562500,-1405391.500000,1407178.125000,5990.149414,-4203.524414,235446.593750,231243.062500
ml,p5,6899,2026-06-03,2126.482178,10.000000,2115.521973,50.000000,-2.000000,0.000000,-0.000000,0.000000,-211552.203125,2149.347900,50.000000,-4.000000,1.000000,-107467.398438,53.733700,-429869.593750,2174.394043,50.000000,-5.000000,1.000000,-108719.703125,54.359848,-543598.562500,-1185020.375000,1190991.000000,6098.243164,-127.618164,249068.828125,248941.203125
ml,p5,6899,2026-06-04,2128.406494,10.000000,2115.521973,50.000000,-2.000000,0.000000,-0.000000,0.000000,-211552.203125,2153.112305,50.000000,-3.000000,1.000000,-107655.617188,53.827805,-322966.843750,2178.106445,50.000000,-6.000000,-1.000000,108905.320312,54.452660,-653431.937500,-1187951.000000,1192240.625000,6206.523438,-1916.898438,249275.609375,247358.718750
ml,p5,6899,2026-06-05,2105.203369,10.000000,2115.521973,50.000000,-2.000000,0.000000,-0.000000,0.000000,-211552.203125,2119.566162,50.000000,-4.000000,-1.000000,105978.304688,52.989147,-423913.218750,2140.761230,50.000000,-7.000000,-1.000000,107038.062500,53.519032,-749266.375000,-1384731.750000,1405257.000000,6313.031250,14212.218750,191041.234375,205253.453125
ml,p5,6899,2026-06-06,2100.040771,10.000000,2115.521973,50.000000,-2.000000,0.000000,-0.000000,0.000000,-211552.203125,2113.966064,50.000000,-4.000000,0.000000,-0.000000,0.000000,-422793.218750,2134.171875,50.000000,-7.000000,0.000000,-0.000000,0.000000,-746960.125000,-1381305.500000,1405257.000000,6313.031250,17638.468750,179577.343750,197215.812500
ml,p5,6899,2026-06-07,2093.055908,10.000000,2115.521973,50.000000,-2.000000,0.000000,-0.000000,0.000000,-211552.203125,2103.089111,50.000000,-4.000000,0.000000,-0.000000,0.000000,-420617.812500,2118.128418,50.000000,-7.000000,0.000000,-0.000000,0.000000,-741344.937500,-1373515.000000,1405257.000000,6313.031250,25428.968750,160720.015625,186148.984375
ml,p5,6899,2026-06-08,2093.198730,10.000000,2115.521973,50.000000,-2.000000,0.000000,-0.000000,0.000000,-211552.203125,2134.171143,50.000000,-5.000000,-1.000000,106708.554688,53.354275,-533542.750000,2148.649658,50.000000,-5.000000,2.000000,-214864.968750,107.432487,-537162.375000,-1282257.250000,1297100.625000,6473.818359,8369.556641,157426.671875,165796.234375
ml,p5,6899,2026-06-09,2057.470215,10.000000,2115.521973,50.000000,-2.000000,0.000000,-0.000000,0.000000,-211552.203125,2058.525146,50.000000,-6.000000,-1.000000,102926.257812,51.463127,-617557.500000,2075.346680,50.000000,-6.000000,-1.000000,103767.335938,51.883667,-622604.000000,-1451713.750000,1503794.250000,6577.165039,45503.335938,65839.953125,111343.289062
ml,p5,6899,2026-06-10,2066.074463,10.000000,2115.521973,50.000000,-2.000000,0.000000,-0.000000,0.000000,-211552.203125,2072.539062,50.000000,-4.000000,2.000000,-207253.906250,103.626945,-414507.812500,2092.740723,50.000000,-4.000000,2.000000,-209274.078125,104.637032,-418548.156250,-1044608.125000,1087266.250000,6785.428711,35872.695312,87582.250000,123454.945312
ml,p5,6899,2026-06-11,2063.676025,10.000000,2115.521973,50.000000,-2.000000,0.000000,-0.000000,0.000000,-211552.203125,2070.685303,50.000000,-3.000000,1.000000,-103534.265625,51.767132,-310602.781250,2094.090576,50.000000,-5.000000,-1.000000,104704.531250,52.352264,-523522.656250,-1045677.625000,1088436.500000,6889.548340,35869.328125,81832.093750,117701.421875
ml,p5,6899,2026-06-12,2073.850098,10.000000,2115.521973,50.000000,-2.000000,0.000000,-0.000000,0.000000,-211552.203125,2081.154053,50.000000,-4.000000,-1.000000,104057.703125,52.028851,-416230.812500,2103.460205,50.000000,-4.000000,1.000000,-105173.007812,52.586506,-420692.031250,-1048475.000000,1087321.250000,6994.164062,31852.085938,107312.375000,139164.468750
ml,p5,6899,2026-06-13,2029.923950,10.000000,2115.521973,50.000000,-2.000000,0.000000,-0.000000,0.000000,-211552.203125,2013.479736,50.000000,-4.000000,0.000000,-0.000000,0.000000,-402695.937500,2031.885986,50.000000,-4.000000,0.000000,-0.000000,0.000000,-406377.187500,-1020625.312500,1087321.250000,6994.164062,59701.773438,-4797.473633,54904.300781
ml,p5,6899,2026-06-14,1975.767456,10.000000,2115.521973,50.000000,-2.000000,0.000000,-0.000000,0.000000,-211552.203125,1983.195190,50.000000,-4.000000,0.000000,-0.000000,0.000000,-396639.031250,1999.347656,50.000000,-4.000000,0.000000,-0.000000,0.000000,-399869.531250,-1008060.750000,1087321.250000,6994.164062,72266.335938,-137661.781250,-65395.445312
ml,p5,6899,2026-06-15,1963.048584,10.000000,2115.521973,50.000000,-2.000000,0.000000,-0.000000,0.000000,-211552.203125,1960.428711,50.000000,-5.000000,-1.000000,98021.437500,49.010719,-490107.187500,1979.274902,50.000000,-5.000000,-1.000000,98963.742188,49.481869,-494818.750000,-1196478.125000,1284306.375000,7092.656250,80735.593750,-169408.156250,-88672.562500
ml,p5,6899,2026-06-16,1926.460815,10.000000,2115.521973,50.000000,-2.000000,0.000000,-0.000000,0.000000,-211552.203125,1922.314819,50.000000,-4.000000,1.000000,-96115.742188,48.057869,-384462.968750,1940.232666,50.000000,-6.000000,-1.000000,97011.632812,48.505814,-582069.812500,-1178085.000000,1285202.250000,7189.220215,99928.031250,-261398.375000,-161470.343750
ml,p5,6899,2026-06-17,1951.801392,10.000000,2115.521973,50.000000,-2.000000,0.000000,-0.000000,0.000000,-211552.203125,1950.284912,50.000000,-3.000000,1.000000,-97514.242188,48.757122,-292542.718750,1967.658325,50.000000,-5.000000,1.000000,-98382.914062,49.191456,-491914.593750,-996009.500000,1089305.125000,7287.168945,86008.453125,-200140.828125,-114132.375000
ml,p5,6899,2026-06-18,1939.998779,10.000000,2115.521973,50.000000,-2.000000,0.000000,-0.000000,0.000000,-211552.203125,1945.583862,50.000000,-4.000000,-1.000000,97279.195312,48.639595,-389116.781250,1959.548584,50.000000,-4.000000,1.000000,-97977.429688,48.988716,-391909.718750,-992578.750000,1088606.875000,7384.796875,88643.328125,-230870.375000,-142227.046875
ml,p5,6899,2026-06-19,1921.952148,10.000000,2115.521973,50.000000,-2.000000,0.000000,-0.000000,0.000000,-211552.203125,1928.894043,50.000000,-4.000000,0.000000,-0.000000,0.000000,-385778.812500,1941.112183,50.000000,-4.000000,0.000000,-0.000000,0.000000,-388222.437500,-985553.437500,1088606.875000,7384.796875,95668.640625,-276802.312500,-181133.671875
ml,p5,6899,2026-06-20,1944.099365,10.000000,2115.521973,50.000000,-2.000000,0.000000,-0.000000,0.000000,-211552.203125,1967.696289,50.000000,-4.000000,0.000000,-0.000000,0.000000,-393539.250000,1982.419434,50.000000,-4.000000,0.000000,-0.000000,0.000000,-396483.875000,-1001575.312500,1088606.875000,7384.796875,79646.765625,-224231.375000,-144584.609375
ml,p5,6899,2026-06-21,1931.563232,10.000000,2115.521973,50.000000,-2.000000,0.000000,-0.000000,0.000000,-211552.203125,1942.924316,50.000000,-4.000000,0.000000,-0.000000,0.000000,-388584.875000,1958.619507,50.000000,-4.000000,0.000000,-0.000000,0.000000,-391723.906250,-991861.000000,1088606.875000,7384.796875,89361.078125,-256703.140625,-167342.062500
ml,p5,6899,2026-06-22,1915.678101,10.000000,2115.521973,50.000000,-2.000000,0.000000,-0.000000,0.000000,-211552.203125,1925.917847,50.000000,-3.000000,1.000000,-96295.890625,48.147942,-288887.656250,1941.692261,50.000000,-5.000000,-1.000000,97084.609375,48.542305,-485423.062500,-985862.937500,1089395.625000,7481.487305,96051.203125,-296485.375000,-200434.171875
ml,p5,6899,2026-06-23,1885.087402,10.000000,2115.521973,50.000000,-2.000000,0.000000,-0.000000,0.000000,-211552.203125,1908.256104,50.000000,-4.000000,-1.000000,95412.804688,47.706402,-381651.218750,1925.535645,50.000000,-4.000000,1.000000,-96276.781250,48.138390,-385107.125000,-978310.562500,1088531.625000,7577.332031,102643.734375,-373686.531250,-271042.812500
ml,p5,6899,2026-06-24,1856.672607,10.000000,2115.521973,50.000000,-2.000000,0.000000,-0.000000,0.000000,-211552.203125,1855.619751,50.000000,-3.000000,1.000000,-92780.984375,46.390491,-278342.968750,1873.490479,50.000000,-5.000000,-1.000000,93674.523438,46.837261,-468372.593750,-958267.750000,1089425.250000,7670.559570,123486.937500,-446544.031250,-323057.093750
ml,p5,6899,2026-06-25,1814.209351,10.000000,2115.521973,50.000000,-2.000000,0.000000,-0.000000,0.000000,-211552.203125,1802.156250,50.000000,-4.000000,-1.000000,90107.812500,45.053905,-360431.250000,1819.869873,50.000000,-4.000000,1.000000,-90993.492188,45.496746,-363973.968750,-935957.375000,1088539.500000,7761.110352,144821.015625,-553807.687500,-408986.687500
ml,p5,6899,2026-06-26,1817.285645,10.000000,2115.521973,50.000000,-2.000000,0.000000,-0.000000,0.000000,-211552.203125,1807.448364,50.000000,-3.000000,1.000000,-90372.421875,45.186211,-271117.250000,1822.636963,50.000000,-3.000000,1.000000,-91131.851562,45.565926,-273395.562500,-756065.000000,907035.187500,7851.862305,143118.328125,-547150.937500,-404032.625000
ml,p5,6899,2026-06-27,1785.464600,10.000000,2115.521973,50.000000,-2.000000,0.000000,-0.000000,0.000000,-211552.203125,1796.399780,50.000000,-3.000000,0.000000,-0.000000,0.000000,-269459.968750,1813.015503,50.000000,-3.000000,0.000000,-0.000000,0.000000,-271952.312500,-752964.500000,907035.187500,7851.862305,146218.828125,-627278.000000,-481059.187500
ml,p5,6899,2026-06-28,1764.632812,10.000000,2115.521973,50.000000,-2.000000,0.000000,-0.000000,0.000000,-211552.203125,1760.508911,50.000000,-3.000000,0.000000,-0.000000,0.000000,-264076.343750,1778.968994,50.000000,-3.000000,0.000000,-0.000000,0.000000,-266845.375000,-742473.937500,907035.187500,7851.862305,156709.390625,-680655.187500,-523945.812500
ml,p5,6899,2026-06-29,1743.876343,10.000000,2115.521973,50.000000,-2.000000,0.000000,-0.000000,0.000000,-211552.203125,1747.959106,50.000000,-4.000000,-1.000000,87397.953125,43.698975,-349591.812500,1766.566528,50.000000,-4.000000,-1.000000,88328.328125,44.164162,-353313.312500,-914457.312500,1082761.500000,7939.725586,160364.468750,-733098.500000,-572734.000000
ml,p5,6899,2026-06-30,1752.802490,10.000000,2115.521973,50.000000,-2.000000,0.000000,-0.000000,0.000000,-211552.203125,1763.090210,50.000000,-3.000000,1.000000,-88154.507812,44.077251,-264463.531250,1780.125122,50.000000,-3.000000,1.000000,-89006.257812,44.503128,-267018.781250,-743034.500000,905600.687500,8028.306152,154537.875000,-710787.125000,-556249.250000
ml,p5,6899,2026-07-01,1742.205811,10.000000,2115.521973,50.000000,-2.000000,0.000000,-0.000000,0.000000,-211552.203125,1746.249512,50.000000,-2.000000,1.000000,-87312.476562,43.656235,-174624.953125,1761.244141,50.000000,-4.000000,-1.000000,88062.203125,44.031097,-352248.812500,-738426.000000,906350.500000,8115.993164,159808.500000,-739254.750000,-579446.250000
ml,p5,6899,2026-07-02,1754.779419,10.000000,2115.521973,50.000000,-2.000000,0.000000,-0.000000,0.000000,-211552.203125,1762.430542,50.000000,-3.000000,-1.000000,88121.523438,44.060760,-264364.562500,1777.032471,50.000000,-3.000000,1.000000,-88851.625000,44.425812,-266554.875000,-742471.625000,905620.375000,8204.479492,154944.265625,-709427.375000,-554483.125000
ml,p5,6899,2026-07-03,1744.157471,10.000000,2115.521973,50.000000,-2.000000,0.000000,-0.000000,0.000000,-211552.203125,1752.744995,50.000000,-2.000000,1.000000,-87637.250000,43.818623,-175274.500000,1768.482910,50.000000,-4.000000,-1.000000,88424.148438,44.212074,-353696.593750,-740523.250000,906407.250000,8292.510742,157591.484375,-735535.437500,-577943.937500
ml,p5,6899,2026-07-04,1721.478271,10.000000,2115.521973,50.000000,-2.000000,0.000000,-0.000000,0.000000,-211552.203125,1731.602905,50.000000,-2.000000,0.000000,-0.000000,0.000000,-173160.296875,1745.281616,50.000000,-4.000000,0.000000,-0.000000,0.000000,-349056.312500,-733768.812500,906407.250000,8292.510742,164345.921875,-784986.125000,-620640.187500
ml,p5,6899,2026-07-05,1720.091675,10.000000,2115.521973,50.000000,-2.000000,0.000000,-0.000000,0.000000,-211552.203125,1744.468628,50.000000,-2.000000,0.000000,-0.000000,0.000000,-174446.859375,1758.898926,50.000000,-4.000000,0.000000,-0.000000,0.000000,-351779.781250,-737778.875000,906407.250000,8292.510742,160335.859375,-789109.312500,-628773.437500
ml,p5,6899,2026-07-06,1728.351074,10.000000,2115.521973,50.000000,-2.000000,0.000000,-0.000000,0.000000,-211552.203125,1735.780884,50.000000,-2.000000,0.000000,-0.000000,0.000000,-173578.093750,1751.199219,50.000000,-3.000000,1.000000,-87559.960938,43.779980,-262679.875000,-647810.187500,818847.250000,8336.291016,162700.765625,-772464.250000,-609763.500000
ml,p5,6899,2026-07-07,1739.964233,10.000000,2115.521973,50.000000,-2.000000,0.000000,-0.000000,0.000000,-211552.203125,1752.683594,50.000000,-2.000000,0.000000,-0.000000,0.000000,-175268.359375,1768.633667,50.000000,-2.000000,1.000000,-88431.679688,44.215839,-176863.359375,-563683.937500,730415.625000,8380.506836,158351.187500,-749889.625000,-591538.437500
ml,p5,6899,2026-07-08,1758.374390,10.000000,2115.521973,50.000000,-1.000000,1.000000,-105776.101562,52.888050,-105776.101562,1755.924683,50.000000,-2.000000,0.000000,-0.000000,0.000000,-175592.468750,1769.815918,50.000000,-3.000000,-1.000000,88490.796875,44.245399,-265472.375000,-546840.937500,713130.250000,8477.640625,157811.671875,-714169.937500,-556358.250000
ml,p5,6899,2026-07-09,1758.409790,10.000000,2115.521973,50.000000,-1.000000,0.000000,-0.000000,0.000000,-105776.101562,1754.257080,50.000000,-3.000000,-1.000000,87712.851562,43.856422,-263138.562500,1769.159668,50.000000,-2.000000,1.000000,-88457.984375,44.228992,-176915.968750,-545830.625000,712385.125000,8565.725586,157988.781250,-714894.375000,-556905.625000
ml,p5,6899,2026-07-10,1777.147217,10.000000,2115.521973,50.000000,-1.000000,0.000000,-0.000000,0.000000,-105776.101562,1781.699463,50.000000,-2.000000,1.000000,-89084.976562,44.542488,-178169.953125,1796.670044,50.000000,-3.000000,-1.000000,89833.500000,44.916748,-269500.500000,-553446.562500,713133.687500,8655.184570,151031.937500,-683214.937500,-532183.000000
ml,p5,6899,2026-07-11,1784.621094,10.000000,2115.521973,50.000000,-1.000000,0.000000,-0.000000,0.000000,-105776.101562,1767.274414,50.000000,-2.000000,0.000000,-0.000000,0.000000,-176727.437500,1782.092285,50.000000,-3.000000,0.000000,-0.000000,0.000000,-267313.843750,-549817.375000,713133.687500,8655.184570,154661.125000,-671423.812500,-516762.687500
ml,p5,6899,2026-07-12,1789.087402,10.000000,2115.521973,50.000000,-1.000000,0.000000,-0.000000,0.000000,-105776.101562,1777.523560,50.000000,-2.000000,0.000000,-0.000000,0.000000,-177752.359375,1789.846313,50.000000,-3.000000,0.000000,-0.000000,0.000000,-268476.937500,-552005.375000,713133.687500,8655.184570,152473.125000,-665101.375000,-512628.250000
ml,p5,6899,2026-07-13,1784.066284,10.000000,2115.521973,50.000000,-1.000000,0.000000,-0.000000,0.000000,-105776.101562,1789.415039,50.000000,-1.000000,1.000000,-89470.750000,44.735374,-89470.750000,1802.592896,50.000000,-2.000000,1.000000,-90129.648438,45.064823,-180259.296875,-375506.125000,533533.250000,8744.984375,149282.140625,-673988.625000,-524706.500000
ml,p5,6899,2026-07-14,1785.668945,10.000000,2115.521973,50.000000,-1.000000,0.000000,-0.000000,0.000000,-105776.101562,1785.166260,50.000000,-1.000000,0.000000,-0.000000,0.000000,-89258.312500,1798.537842,50.000000,-3.000000,-1.000000,89926.890625,44.963444,-269780.656250,-464815.062500,623460.187500,8789.947266,149855.171875,-672274.625000,-522419.437500
ml,p5,6899,2026-07-15,1774.252441,10.000000,2115.521973,50.000000,-1.000000,0.000000,-0.000000,0.000000,-105776.101562,1774.060059,50.000000,-1.000000,0.000000,-0.000000,0.000000,-88703.000000,1787.642944,50.000000,-2.000000,1.000000,-89382.148438,44.691074,-178764.296875,-373243.375000,534078.000000,8834.638672,151999.984375,-689270.937500,-537270.937500
ml,p5,6899,2026-07-16,1771.748169,10.000000,2115.521973,50.000000,-1.000000,0.000000,-0.000000,0.000000,-105776.101562,1787.818726,50.000000,-1.000000,0.000000,-0.000000,0.000000,-89390.937500,1801.909912,50.000000,-1.000000,1.000000,-90095.492188,45.047745,-90095.492188,-285262.531250,443982.531250,8879.686523,149840.312500,-693279.937500,-543439.625000
ml,p5,6899,2026-07-17,1765.392822,10.000000,2115.521973,50.000000,-1.000000,0.000000,-0.000000,0.000000,-105776.101562,1772.848022,50.000000,-1.000000,0.000000,-0.000000,0.000000,-88642.398438,1786.523071,50.000000,-1.000000,0.000000,-0.000000,0.000000,-89326.156250,-283744.656250,443982.531250,8879.686523,151358.187500,-701279.750000,-549921.562500
ml,p5,6899,2026-07-18,1759.314575,10.000000,2115.521973,50.000000,-1.000000,0.000000,-0.000000,0.000000,-105776.101562,1758.898560,50.000000,-1.000000,0.000000,-0.000000,0.000000,-87944.929688,1771.706543,50.000000,-1.000000,0.000000,-0.000000,0.000000,-88585.328125,-282306.375000,443982.531250,8879.686523,152796.468750,-708322.562500,-555526.125000
ml,p5,6899,2026-07-19,1756.890991,10.000000,2115.521973,50.000000,-1.000000,0.000000,-0.000000,0.000000,-105776.101562,1754.373779,50.000000,-1.000000,0.000000,-0.000000,0.000000,-87718.687500,1764.456787,50.000000,-1.000000,0.000000,-0.000000,0.000000,-88222.835938,-281717.625000,443982.531250,8879.686523,153385.218750,-711525.375000,-558140.125000
ml,p5,6899,2026-07-20,1792.344971,10.000000,2115.521973,50.000000,-1.000000,0.000000,-0.000000,0.000000,-105776.101562,1791.531006,50.000000,-2.000000,-1.000000,89576.546875,44.788273,-179153.093750,1803.014282,50.000000,-2.000000,-1.000000,90150.710938,45.075356,-180301.421875,-465230.625000,623709.750000,8969.550781,149509.578125,-673413.187500,-523903.625000
ml,p5,6899,2026-07-21,1807.711304,10.000000,2115.521973,50.000000,-1.000000,0.000000,-0.000000,0.000000,-105776.101562,1806.298218,50.000000,-1.000000,1.000000,-90314.914062,45.157455,-90314.914062,1818.724365,50.000000,-3.000000,-1.000000,90936.218750,45.468109,-272808.656250,-468899.687500,624331.125000,9060.175781,146371.265625,-658730.125000,-512358.875000
ml,p5,6899,2026-07-22,1804.012085,10.000000,2115.521973,50.000000,-1.000000,0.000000,-0.000000,0.000000,-105776.101562,1797.915894,50.000000,-2.000000,-1.000000,89895.796875,44.947899,-179791.593750,1809.909546,50.000000,-2.000000,1.000000,-90495.476562,45.247738,-180990.953125,-466558.625000,623731.437500,9150.371094,148022.437500,-662380.437500,-514358.000000
ml,p5,6899,2026-07-23,1815.158691,10.000000,2115.521973,50.000000,-1.000000,0.000000,-0.000000,0.000000,-105776.101562,1819.269653,50.000000,-1.000000,1.000000,-90963.484375,45.481743,-90963.484375,1830.992676,50.000000,-3.000000,-1.000000,91549.632812,45.774815,-274648.906250,-471388.500000,624317.562500,9241.628906,143687.437500,-654298.937500,-510611.500000
ml,p5,6899,2026-07-24,1827.094482,10.000000,2115.521973,50.000000,-1.000000,0.000000,-0.000000,0.000000,-105776.101562,1806.793823,50.000000,-2.000000,-1.000000,90339.687500,45.169842,-180679.375000,1818.070312,50.000000,-1.000000,2.000000,-181807.031250,90.903511,-90903.515625,-377359.000000,532850.250000,9377.701172,146113.546875,-646848.312500,-500734.750000
ml,p5,6899,2026-07-25,1825.507935,10.000000,2115.521973,50.000000,-1.000000,0.000000,-0.000000,0.000000,-105776.101562,1804.845337,50.000000,-2.000000,0.000000,-0.000000,0.000000,-180484.531250,1816.111694,50.000000,-1.000000,0.000000,-0.000000,0.000000,-90805.585938,-377066.218750,532850.250000,9377.701172,146406.328125,-647983.312500,-501577.000000
ml,p5,6899,2026-07-26,1820.502563,10.000000,2115.521973,50.000000,-1.000000,0.000000,-0.000000,0.000000,-105776.101562,1811.552856,50.000000,-2.000000,0.000000,-0.000000,0.000000,-181155.281250,1823.845337,50.000000,-1.000000,0.000000,-0.000000,0.000000,-91192.265625,-378123.625000,532850.250000,9377.701172,145348.921875,-651050.562500,-505701.625000
ml,p5,6899,2026-07-27,1820.663086,10.000000,2115.521973,50.000000,-1.000000,0.000000,-0.000000,0.000000,-105776.101562,1829.144897,50.000000,-1.000000,1.000000,-91457.242188,45.728622,-91457.242188,1842.452515,50.000000,-2.000000,-1.000000,92122.625000,46.061310,-184245.250000,-381478.593750,533515.625000,9469.492188,142567.531250,-651231.187500,-508663.656250
ml,p5,6899,2026-07-28,1814.764893,10.000000,2115.521973,50.000000,-1.000000,0.000000,-0.000000,0.000000,-105776.101562,1804.966797,50.000000,-1.000000,0.000000,-0.000000,0.000000,-90248.343750,1817.793701,50.000000,-1.000000,1.000000,-90889.687500,45.444843,-90889.687500,-286914.125000,442625.906250,9514.937500,146196.843750,-654052.125000,-507855.281250
ml,p5,6899,2026-07-29,1790.822632,10.000000,2115.521973,50.000000,-1.000000,0.000000,-0.000000,0.000000,-105776.101562,1776.656738,50.000000,-1.000000,0.000000,-0.000000,0.000000,-88832.835938,1789.226318,50.000000,-1.000000,0.000000,-0.000000,0.000000,-89461.312500,-284070.250000,442625.906250,9514.937500,149040.718750,-662064.687500,-513023.968750
ml,p5,6899,2026-07-30,1761.858398,10.000000,2115.521973,50.000000,-1.000000,0.000000,-0.000000,0.000000,-105776.101562,1776.656738,50.000000,-1.000000,0.000000,-0.000000,0.000000,-88832.835938,1770.654785,50.000000,-1.000000,0.000000,-0.000000,0.000000,-88532.742188,-283141.687500,442625.906250,9514.937500,149969.281250,-668523.000000,-518553.718750
ml,p5,6899,2026-07-31,1766.340332,10.000000,2115.521973,50.000000,-1.000000,0.000000,-0.000000,0.000000,-105776.101562,1776.656738,50.000000,-1.000000,0.000000,-0.000000,0.000000,-88832.835938,1751.736450,50.000000,-1.000000,0.000000,-0.000000,0.000000,-87586.820312,-282195.750000,442625.906250,9514.937500,150915.218750,-668129.812500,-517214.593750
ml,p5,6899,2026-08-01,1763.443604,10.000000,2115.521973,50.000000,-1.000000,0.000000,-0.000000,0.000000,-105776.101562,1776.656738,50.000000,-1.000000,0.000000,-0.000000,0.000000,-88832.835938,1736.507568,50.000000,-1.000000,0.000000,-0.000000,0.000000,-86825.375000,-281434.312500,442625.906250,9514.937500,151676.656250,-668198.062500,-516521.406250
ml,p5,6899,2026-08-02,1763.500732,10.000000,2115.521973,50.000000,-1.000000,0.000000,-0.000000,0.000000,-105776.101562,1776.656738,50.000000,-1.000000,0.000000,-0.000000,0.000000,-88832.835938,1788.984009,50.000000,-1.000000,0.000000,-0.000000,0.000000,-89449.203125,-284058.125000,442625.906250,9514.937500,149052.843750,-668266.687500,-519213.843750
ml,p5,6899,2026-08-03,1781.768311,10.000000,2115.521973,50.000000,-1.000000,0.000000,-0.000000,0.000000,-105776.101562,1776.656738,50.000000,-1.000000,0.000000,-0.000000,0.000000,-88832.835938,1791.234131,50.000000,-1.000000,0.000000,-0.000000,0.000000,-89561.703125,-284170.625000,442625.906250,9514.937500,148940.343750,-668326.562500,-519386.218750
ml,p5,6899,2026-08-04,1791.098389,10.000000,2115.521973,50.000000,-1.000000,0.000000,-0.000000,0.000000,-105776.101562,1776.656738,50.000000,-1.000000,0.000000,-0.000000,0.000000,-88832.835938,1792.096924,50.000000,-1.000000,0.000000,-0.000000,0.000000,-89604.843750,-284213.781250,442625.906250,9514.937500,148897.187500,-668384.812500,-519487.625000
ml,p5,6899,2026-08-05,1786.652588,10.000000,2115.521973,50.000000,-1.000000,0.000000,-0.000000,0.000000,-105776.101562,1776.656738,50.000000,-1.000000,0.000000,-0.000000,0.000000,-88832.835938,1779.258179,50.000000,-1.000000,0.000000,-0.000000,0.000000,-88962.906250,-283571.843750,442625.906250,9514.937500,149539.125000,-668446.625000,-518907.500000
ml,p5,6899,2026-08-06,1779.311157,10.000000,2115.521973,50.000000,-1.000000,0.000000,-0.000000,0.000000,-105776.101562,1776.656738,50.000000,-1.000000,0.000000,-0.000000,0.000000,-88832.835938,1780.514160,50.000000,-1.000000,0.000000,-0.000000,0.000000,-89025.710938,-283634.656250,442625.906250,9514.937500,149476.312500,-668446.625000,-518970.312500
ml,p5,6899,2026-08-07,1779.357056,10.000000,2115.521973,50.000000,-1.000000,0.000000,-0.000000,0.000000,-105776.101562,1776.656738,50.000000,-1.000000,0.000000,-0.000000,0.000000,-88832.835938,1784.989746,50.000000,-1.000000,0.000000,-0.000000,0.000000,-89249.484375,-283858.437500,442625.906250,9514.937500,149252.531250,-668446.625000,-519194.093750
ml,p5,6899,2026-08-08,1787.685425,10.000000,2115.521973,50.000000,-1.000000,0.000000,-0.000000,0.000000,-105776.101562,1776.656738,50.000000,-1.000000,0.000000,-0.000000,0.000000,-88832.835938,1789.073730,50.000000,-1.000000,0.000000,-0.000000,0.000000,-89453.687500,-284062.625000,442625.906250,9514.937500,149048.343750,-668446.625000,-519398.281250
ml,p5,6899,2026-08-09,1780.135254,10.000000,2115.521973,50.000000,-1.000000,0.000000,-0.000000,0.000000,-105776.101562,1776.656738,50.000000,-1.000000,0.000000,-0.000000,0.000000,-88832.835938,1769.235107,50.000000,-1.000000,0.000000,-0.000000,0.000000,-88461.757812,-283070.687500,442625.906250,9514.937500,150040.281250,-668446.625000,-518406.343750
ml,p5,6899,2026-08-10,1799.417480,10.000000,2115.521973,50.000000,-1.000000,0.000000,-0.000000,0.000000,-105776.101562,1776.656738,50.000000,-1.000000,0.000000,-0.000000,0.000000,-88832.835938,1804.132080,50.000000,-1.000000,0.000000,-0.000000,0.000000,-90206.601562,-284815.531250,442625.906250,9514.937500,148295.437500,-668446.625000,-520151.187500
ml,p5,6899,2026-08-11,1802.964600,10.000000,2115.521973,50.000000,-1.000000,0.000000,-0.000000,0.000000,-105776.101562,1776.656738,50.000000,-1.000000,0.000000,-0.000000,0.000000,-88832.835938,1815.429077,50.000000,-1.000000,0.000000,-0.000000,0.000000,-90771.453125,-285380.375000,442625.906250,9514.937500,147730.593750,-668446.625000,-520716.031250
ml,p5,6899,2026-08-12,1816.595215,10.000000,2115.521973,50.000000,-1.000000,0.000000,-0.000000,0.000000,-105776.101562,1776.656738,50.000000,-1.000000,0.000000,-0.000000,0.000000,-88832.835938,1829.832153,50.000000,-1.000000,0.000000,-0.000000,0.000000,-91491.609375,-286100.562500,442625.906250,9514.937500,147010.406250,-668446.625000,-521436.218750
ml,p5,6899,2026-08-13,1804.538574,10.000000,2115.521973,50.000000,-1.000000,0.000000,-0.000000,0.000000,-105776.101562,1776.656738,50.000000,-1.000000,0.000000,-0.000000,0.000000,-88832.835938,1817.646362,50.000000,-1.000000,0.000000,-0.000000,0.000000,-90882.320312,-285491.250000,442625.906250,9514.937500,147619.718750,-668446.625000,-520826.906250
ml,p5,6899,2026-08-14,1792.242554,10.000000,2115.521973,50.000000,-1.000000,0.000000,-0.000000,0.000000,-105776.101562,1776.656738,50.000000,-1.000000,0.000000,-0.000000,0.000000,-88832.835938,1769.808105,50.000000,-1.000000,0.000000,-0.000000,0.000000,-88490.406250,-283099.343750,442625.906250,9514.937500,150011.625000,-668446.625000,-518435.000000
ml,p5,6899,2026-08-15,1790.840576,10.000000,2115.521973,50.000000,-1.000000,0.000000,-0.000000,0.000000,-105776.101562,1776.656738,50.000000,-1.000000,0.000000,-0.000000,0.000000,-88832.835938,1796.789429,50.000000,-1.000000,0.000000,-0.000000,0.000000,-89839.468750,-284448.406250,442625.906250,9514.937500,148662.562500,-668446.625000,-519784.062500
ml,p5,6899,2026-08-16,1802.056885,10.000000,2115.521973,50.000000,-1.000000,0.000000,-0.000000,0.000000,-105776.101562,1776.656738,50.000000,-1.000000,0.000000,-0.000000,0.000000,-88832.835938,1814.224365,50.000000,-1.000000,0.000000,-0.000000,0.000000,-90711.218750,-285320.156250,442625.906250,9514.937500,147790.812500,-668446.625000,-520655.812500
ml,p5,6899,2026-08-17,1799.815674,10.000000,2115.521973,50.000000,-1.000000,0.000000,-0.000000,0.000000,-105776.101562,1776.656738,50.000000,-1.000000,0.000000,-0.000000,0.000000,-88832.835938,1796.693848,50.000000,-1.000000,0.000000,-0.000000,0.000000,-89834.695312,-284443.625000,442625.906250,9514.937500,148667.343750,-668446.625000,-519779.281250
ml,p5,6899,2026-08-18,1811.635010,10.000000,2115.521973,50.000000,-1.000000,0.000000,-0.000000,0.000000,-105776.101562,1776.656738,50.000000,-1.000000,0.000000,-0.000000,0.000000,-88832.835938,1819.857910,50.000000,-1.000000,0.000000,-0.000000,0.000000,-90992.898438,-285601.843750,442625.906250,9514.937500,147509.125000,-668446.625000,-520937.500000
ml,p5,6899,2026-08-19,1821.593262,10.000000,2115.521973,50.000000,-1.000000,0.000000,-0.000000,0.000000,-105776.101562,1776.656738,50.000000,-1.000000,0.000000,-0.000000,0.000000,-88832.835938,1831.708374,50.000000,-1.000000,0.000000,-0.000000,0.000000,-91585.421875,-286194.375000,442625.906250,9514.937500,146916.593750,-668446.625000,-521530.031250
ml,p5,6899,2026-08-20,1797.866821,10.000000,2115.521973,50.000000,-1.000000,0.000000,-0.000000,0.000000,-105776.101562,1776.656738,50.000000,-1.000000,0.000000,-0.000000,0.000000,-88832.835938,1799.399658,50.000000,-1.000000,0.000000,-0.000000,0.000000,-89969.984375,-284578.937500,442625.906250,9514.937500,148532.031250,-668446.625000,-519914.593750
ml,p5,6899,2026-08-21,1793.597412,10.000000,2115.521973,50.000000,-1.000000,0.000000,-0.000000,0.000000,-105776.101562,1776.656738,50.000000,-1.000000,0.000000,-0.000000,0.000000,-88832.835938,1804.831909,50.000000,-1.000000,0.000000,-0.000000,0.000000,-90241.593750,-284850.531250,442625.906250,9514.937500,148260.437500,-668446.625000,-520186.187500
ml,p5,6899,2026-08-22,1786.110840,10.000000,2115.521973,50.000000,-1.000000,0.000000,-0.000000,0.000000,-105776.101562,1776.656738,50.000000,-1.000000,0.000000,-0.000000,0.000000,-88832.835938,1794.341553,50.000000,-1.000000,0.000000,-0.000000,0.000000,-89717.078125,-284326.000000,442625.906250,9514.937500,148784.968750,-668446.625000,-519661.656250
ml,p5,6899,2026-08-23,1793.309204,10.000000,2115.521973,50.000000,-1.000000,0.000000,-0.000000,0.000000,-105776.101562,1776.656738,50.000000,-1.000000,0.000000,-0.000000,0.000000,-88832.835938,1806.054321,50.000000,-1.000000,0.000000,-0.000000,0.000000,-90302.718750,-284911.656250,442625.906250,9514.937500,148199.312500,-668446.625000,-520247.312500
ml,p5,6899,2026-08-24,1767.883911,10.000000,2115.521973,50.000000,-1.000000,0.000000,-0.000000,0.000000,-105776.101562,1776.656738,50.000000,-1.000000,0.000000,-0.000000,0.000000,-88832.835938,1712.702759,50.000000,-1.000000,0.000000,-0.000000,0.000000,-85635.140625,-280244.062500,442625.906250,9514.937500,152866.906250,-668446.625000,-515579.718750
ml,p5,6899,2026-08-25,1751.571899,10.000000,2115.521973,50.000000,-1.000000,0.000000,-0.000000,0.000000,-105776.101562,1776.656738,50.000000,-1.000000,0.000000,-0.000000,0.000000,-88832.835938,1741.525391,50.000000,-1.000000,0.000000,-0.000000,0.000000,-87076.265625,-281685.187500,442625.906250,9514.937500,151425.781250,-668446.625000,-517020.843750
ml,p5,6899,2026-08-26,1750.619019,10.000000,2115.521973,50.000000,0.000000,1.000000,-105776.101562,52.888050,0.000000,1776.656738,50.000000,-1.000000,0.000000,-0.000000,0.000000,-88832.835938,1749.995239,50.000000,-1.000000,0.000000,-0.000000,0.000000,-87499.765625,-176332.593750,336849.812500,9567.824219,150949.390625,-668446.625000,-517497.250000
ml,p5,6899,2026-08-27,1750.412964,10.000000,2115.521973,50.000000,0.000000,0.000000,-0.000000,0.000000,0.000000,1776.656738,50.000000,-1.000000,0.000000,-0.000000,0.000000,-88832.835938,1788.496704,50.000000,-1.000000,0.000000,-0.000000,0.000000,-89424.835938,-178257.671875,336849.812500,9567.824219,149024.312500,-668446.625000,-519422.312500
ml,p5,6899,2026-08-28,1745.985596,10.000000,2115.521973,50.000000,0.000000,0.000000,-0.000000,0.000000,0.000000,1776.656738,50.000000,-1.000000,0.000000,-0.000000,0.000000,-88832.835938,1772.503418,50.000000,-1.000000,0.000000,-0.000000,0.000000,-88625.171875,-177458.000000,336849.812500,9567.824219,149823.984375,-668446.625000,-518622.625000
ml,p5,6899,2026-08-29,1732.132446,10.000000,2115.521973,50.000000,0.000000,0.000000,-0.000000,0.000000,0.000000,1776.656738,50.000000,-1.000000,0.000000,-0.000000,0.000000,-88832.835938,1759.197876,50.000000,-1.000000,0.000000,-0.000000,0.000000,-87959.890625,-176792.718750,336849.812500,9567.824219,150489.265625,-668446.625000,-517957.375000
ml,p5,6899,2026-08-30,1730.369019,10.000000,2115.521973,50.000000,0.000000,0.000000,-0.000000,0.000000,0.000000,1776.656738,50.000000,-1.000000,0.000000,-0.000000,0.000000,-88832.835938,1743.119141,50.000000,-1.000000,0.000000,-0.000000,0.000000,-87155.953125,-175988.781250,336849.812500,9567.824219,151293.203125,-668446.625000,-517153.437500
ml,p5,6899,2026-08-31,1780.597900,10.000000,2115.521973,50.000000,0.000000,0.000000,-0.000000,0.000000,0.000000,1776.656738,50.000000,-1.000000,0.000000,-0.000000,0.000000,-88832.835938,1792.397705,50.000000,-1.000000,0.000000,-0.000000,0.000000,-89619.882812,-178452.718750,336849.812500,9567.824219,148829.265625,-668446.625000,-519617.375000
ml,p5,6899,2026-09-01,1754.414673,10.000000,2115.521973,50.000000,0.000000,0.000000,-0.000000,0.000000,0.000000,1776.656738,50.000000,-1.000000,0.000000,-0.000000,0.000000,-88832.835938,1765.515015,50.000000,-1.000000,0.000000,-0.000000,0.000000,-88275.750000,-177108.593750,336849.812500,9567.824219,150173.390625,-668446.625000,-518273.250000
ml,p5,6899,2026-09-02,1746.885742,10.000000,2115.521973,50.000000,0.000000,0.000000,-0.000000,0.000000,0.000000,1776.656738,50.000000,-1.000000,0.000000,-0.000000,0.000000,-88832.835938,1749.814331,50.000000,-1.000000,0.000000,-0.000000,0.000000,-87490.718750,-176323.562500,336849.812500,9567.824219,150958.421875,-668446.625000,-517488.187500
ml,p5,6899,2026-09-03,1747.748169,10.000000,2115.521973,50.000000,0.000000,0.000000,-0.000000,0.000000,0.000000,1776.656738,50.000000,-1.000000,0.000000,-0.000000,0.000000,-88832.835938,1754.804321,50.000000,-1.000000,0.000000,-0.000000,0.000000,-87740.218750,-176573.062500,336849.812500,9567.824219,150708.921875,-668446.625000,-517737.687500
ml,p5,6899,2026-09-04,1727.154907,10.000000,2115.521973,50.000000,0.000000,0.000000,-0.000000,0.000000,0.000000,1776.656738,50.000000,-1.000000,0.000000,-0.000000,0.000000,-88832.835938,1731.660522,50.000000,-1.000000,0.000000,-0.000000,0.000000,-86583.023438,-175415.859375,336849.812500,9567.824219,151866.125000,-668446.625000,-516580.500000
ml,p5,6899,2026-09-05,1761.572754,10.000000,2115.521973,50.000000,0.000000,0.000000,-0.000000,0.000000,0.000000,1776.656738,50.000000,-1.000000,0.000000,-0.000000,0.000000,-88832.835938,1776.054688,50.000000,-1.000000,0.000000,-0.000000,0.000000,-88802.734375,-177635.562500,336849.812500,9567.824219,149646.421875,-668446.625000,-518800.187500
ml,p5,6899,2026-09-06,1758.324219,10.000000,2115.521973,50.000000,0.000000,0.000000,-0.000000,0.000000,0.000000,1776.656738,50.000000,-1.000000,0.000000,-0.000000,0.000000,-88832.835938,1774.549438,50.000000,-1.000000,0.000000,-0.000000,0.000000,-88727.468750,-177560.312500,336849.812500,9567.824219,149721.671875,-668446.625000,-518724.937500
ml,p5,6899,2026-09-07,1757.869751,10.000000,2115.521973,50.000000,0.000000,0.000000,-0.000000,0.000000,0.000000,1776.656738,50.000000,-1.000000,0.000000,-0.000000,0.000000,-88832.835938,1778.437988,50.000000,-1.000000,0.000000,-0.000000,0.000000,-88921.898438,-177754.734375,336849.812500,9567.824219,149527.250000,-668446.625000,-518919.375000
ml,p5,6899,2026-09-08,1753.672729,10.000000,2115.521973,50.000000,0.000000,0.000000,-0.000000,0.000000,0.000000,1776.656738,50.000000,-1.000000,0.000000,-0.000000,0.000000,-88832.835938,1781.210815,50.000000,-1.000000,0.000000,-0.000000,0.000000,-89060.539062,-177893.375000,336849.812500,9567.824219,149388.609375,-668446.625000,-519058.000000
ml,p5,6899,2026-09-09,1771.001587,10.000000,2115.521973,50.000000,0.000000,0.000000,-0.000000,0.000000,0.000000,1776.656738,50.000000,-1.000000,0.000000,-0.000000,0.000000,-88832.835938,1779.129150,50.000000,-1.000000,0.000000,-0.000000,0.000000,-88956.460938,-177789.296875,336849.812500,9567.824219,149492.687500,-668446.625000,-518953.937500
ml,p5,6899,2026-09-10,1797.691040,10.000000,2115.521973,50.000000,0.000000,0.000000,-0.000000,0.000000,0.000000,1776.656738,50.000000,-1.000000,0.000000,-0.000000,0.000000,-88832.835938,1819.169800,50.000000,-1.000000,0.000000,-0.000000,0.000000,-90958.492188,-179791.328125,336849.812500,9567.824219,147490.656250,-668446.625000,-520955.968750
ml,p5,6899,2026-09-11,1802.269287,10.000000,2115.521973,50.000000,0.000000,0.000000,-0.000000,0.000000,0.000000,1776.656738,50.000000,-1.000000,0.000000,-0.000000,0.000000,-88832.835938,1816.515625,50.000000,-1.000000,0.000000,-0.000000,0.000000,-90825.781250,-179658.625000,336849.812500,9567.824219,147623.359375,-668446.625000,-520823.250000
ml,p5,6899,2026-09-12,1795.449219,10.000000,2115.521973,50.000000,0.000000,0.000000,-0.000000,0.000000,0.000000,1776.656738,50.000000,-1.000000,0.000000,-0.000000,0.000000,-88832.835938,1804.471069,50.000000,-1.000000,0.000000,-0.000000,0.000000,-90223.554688,-179056.390625,336849.812500,9567.824219,148225.593750,-668446.625000,-520221.031250
ml,p5,6899,2026-09-13,1776.494019,10.000000,2115.521973,50.000000,0.000000,0.000000,-0.000000,0.000000,0.000000,1776.656738,50.000000,-1.000000,0.000000,-0.000000,0.000000,-88832.835938,1788.478394,50.000000,-1.000000,0.000000,-0.000000,0.000000,-89423.921875,-178256.750000,336849.812500,9567.824219,149025.234375,-668446.625000,-519421.375000
ml,p5,6899,2026-09-14,1762.507935,10.000000,2115.521973,50.000000,0.000000,0.000000,-0.000000,0.000000,0.000000,1776.656738,50.000000,-1.000000,0.000000,-0.000000,0.000000,-88832.835938,1784.478394,50.000000,-1.000000,0.000000,-0.000000,0.000000,-89223.921875,-178056.750000,336849.812500,9567.824219,149225.234375,-668446.625000,-519221.375000
ml,p5,6899,2026-09-15,1752.790771,10.000000,2115.521973,50.000000,0.000000,0.000000,-0.000000,0.000000,0.000000,1776.656738,50.000000,-1.000000,0.000000,-0.000000,0.000000,-88832.835938,1764.192383,50.000000,-1.000000,0.000000,-0.000000,0.000000,-88209.617188,-177042.453125,336849.812500,9567.824219,150239.531250,-668446.625000,-518207.093750
ml,p5,6899,2026-09-16,1744.774780,10.000000,2115.521973,50.000000,0.000000,0.000000,-0.000000,0.000000,0.000000,1776.656738,50.000000,-1.000000,0.000000,-0.000000,0.000000,-88832.835938,1734.558472,50.000000,-1.000000,0.000000,-0.000000,0.000000,-86727.921875,-175560.750000,336849.812500,9567.824219,151721.234375,-668446.625000,-516725.375000
ml,p5,6899,2026-09-17,1748.327515,10.000000,2115.521973,50.000000,0.000000,0.000000,-0.000000,0.000000,0.000000,1776.656738,50.000000,-1.000000,0.000000,-0.000000,0.000000,-88832.835938,1749.198120,50.000000,-1.000000,0.000000,-0.000000,0.000000,-87459.906250,-176292.750000,336849.812500,9567.824219,150989.234375,-668446.625000,-517457.375000
ml,p5,6899,2026-09-18,1745.610229,10.000000,2115.521973,50.000000,0.000000,0.000000,-0.000000,0.000000,0.000000,1776.656738,50.000000,-1.000000,0.000000,-0.000000,0.000000,-88832.835938,1760.343994,50.000000,-1.000000,0.000000,-0.000000,0.000000,-88017.203125,-176850.031250,336849.812500,9567.824219,150431.953125,-668446.625000,-518014.687500
ml,p5,6899,2026-09-19,1740.150879,10.000000,2115.521973,50.000000,0.000000,0.000000,-0.000000,0.000000,0.000000,1776.656738,50.000000,-1.000000,0.000000,-0.000000,0.000000,-88832.835938,1750.592773,50.000000,-1.000000,0.000000,-0.000000,0.000000,-87529.640625,-176362.468750,336849.812500,9567.824219,150919.515625,-668446.625000,-517527.125000
ml,p5,6899,2026-09-20,1740.082031,10.000000,2115.521973,50.000000,0.000000,0.000000,-0.000000,0.000000,0.000000,1776.656738,50.000000,-1.000000,0.000000,-0.000000,0.000000,-88832.835938,1746.921753,50.000000,-1.000000,0.000000,-0.000000,0.000000,-87346.085938,-176178.921875,336849.812500,9567.824219,151103.062500,-668446.625000,-517343.562500
ml,p5,6899,2026-09-21,1732.804810,10.000000,2115.521973,50.000000,0.000000,0.000000,-0.000000,0.000000,0.000000,1776.656738,50.000000,-1.000000,0.000000,-0.000000,0.000000,-88832.835938,1742.764771,50.000000,-1.000000,0.000000,-0.000000,0.000000,-87138.242188,-175971.078125,336849.812500,9567.824219,151310.906250,-668446.625000,-517135.718750
ml,p5,6899,2026-09-22,1752.922852,10.000000,2115.521973,50.000000,0.000000,0.000000,-0.000000,0.000000,0.000000,1776.656738,50.000000,-1.000000,0.000000,-0.000000,0.000000,-88832.835938,1784.348511,50.000000,-1.000000,0.000000,-0.000000,0.000000,-89217.421875,-178050.250000,336849.812500,9567.824219,149231.734375,-668446.625000,-519214.875000
ml,p5,6899,2026-09-23,1740.475464,10.000000,2115.521973,50.000000,0.000000,0.000000,-0.000000,0.000000,0.000000,1776.656738,50.000000,-1.000000,0.000000,-0.000000,0.000000,-88832.835938,1761.146362,50.000000,-1.000000,0.000000,-0.000000,0.000000,-88057.320312,-176890.156250,336849.812500,9567.824219,150391.828125,-668446.625000,-518054.812500
ml,p5,6899,2026-09-24,1724.538818,10.000000,2115.521973,50.000000,0.000000,0.000000,-0.000000,0.000000,0.000000,1776.656738,50.000000,-1.000000,0.000000,-0.000000,0.000000,-88832.835938,1751.765137,50.000000,-1.000000,0.000000,-0.000000,0.000000,-87588.257812,-176421.093750,336849.812500,9567.824219,150860.890625,-668446.625000,-517585.750000
ml,p5,6899,2026-09-25,1720.220459,10.000000,2115.521973,50.000000,0.000000,0.000000,-0.000000,0.000000,0.000000,1776.656738,50.000000,0.000000,1.000000,-88832.835938,44.416416,0.000000,1734.523926,50.000000,-1.000000,0.000000,-0.000000,0.000000,-86726.195312,-86726.195312,248016.984375,9612.241211,151678.546875,-668446.625000,-516768.062500
ml,p5,6899,2026-09-26,1724.862793,10.000000,2115.521973,50.000000,0.000000,0.000000,-0.000000,0.000000,0.000000,1776.656738,50.000000,0.000000,0.000000,-0.000000,0.000000,0.000000,1718.322388,50.000000,-1.000000,0.000000,-0.000000,0.000000,-85916.117188,-85916.117188,248016.984375,9612.241211,152488.640625,-668446.625000,-515958.000000
ml,p5,6899,2026-09-27,1735.428589,10.000000,2115.521973,50.000000,0.000000,0.000000,-0.000000,0.000000,0.000000,1776.656738,50.000000,0.000000,0.000000,-0.000000,0.000000,0.000000,1737.537720,50.000000,-1.000000,0.000000,-0.000000,0.000000,-86876.882812,-86876.882812,248016.984375,9612.241211,151527.859375,-668446.625000,-516918.750000
ml,p5,6899,2026-09-28,1735.959961,10.000000,2115.521973,50.000000,0.000000,0.000000,-0.000000,0.000000,0.000000,1776.656738,50.000000,0.000000,0.000000,-0.000000,0.000000,0.000000,1745.761230,50.000000,-1.000000,0.000000,-0.000000,0.000000,-87288.062500,-87288.062500,248016.984375,9612.241211,151116.687500,-668446.625000,-517329.937500
ml,p5,6899,2026-09-29,1753.559937,10.000000,2115.521973,50.000000,0.000000,0.000000,-0.000000,0.000000,0.000000,1776.656738,50.000000,0.000000,0.000000,-0.000000,0.000000,0.000000,1748.592896,50.000000,-1.000000,0.000000,-0.000000,0.000000,-87429.648438,-87429.648438,248016.984375,9612.241211,150975.109375,-668446.625000,-517471.500000
ml,p5,6899,2026-09-30,1766.476562,10.000000,2115.521973,50.000000,0.000000,0.000000,-0.000000,0.000000,0.000000,1776.656738,50.000000,0.000000,0.000000,-0.000000,0.000000,0.000000,1772.067505,50.000000,-1.000000,0.000000,-0.000000,0.000000,-88603.375000,-88603.375000,248016.984375,9612.241211,149801.375000,-668446.625000,-518645.250000
ml,p5,6899,2026-10-01,1794.589844,10.000000,2115.521973,50.000000,0.000000,0.000000,-0.000000,0.000000,0.000000,1776.656738,50.000000,0.000000,0.000000,-0.000000,0.000000,0.000000,1802.335449,50.000000,-1.000000,0.000000,-0.000000,0.000000,-90116.773438,-90116.773438,248016.984375,9612.241211,148287.984375,-668446.625000,-520158.625000
ml,p5,6899,2026-10-02,1824.289673,10.000000,2115.521973,50.000000,0.000000,0.000000,-0.000000,0.000000,0.000000,1776.656738,50.000000,0.000000,0.000000,-0.000000,0.000000,0.000000,1833.929565,50.000000,-1.000000,0.000000,-0.000000,0.000000,-91696.476562,-91696.476562,248016.984375,9612.241211,146708.265625,-668446.625000,-521738.375000
ml,p5,6899,2026-10-03,1789.309326,10.000000,2115.521973,50.000000,0.000000,0.000000,-0.000000,0.000000,0.000000,1776.656738,50.000000,0.000000,0.000000,-0.000000,0.000000,0.000000,1797.914551,50.000000,-1.000000,0.000000,-0.000000,0.000000,-89895.726562,-89895.726562,248016.984375,9612.241211,148509.015625,-668446.625000,-519937.625000
ml,p5,6899,2026-10-04,1809.923584,10.000000,2115.521973,50.000000,0.000000,0.000000,-0.000000,0.000000,0.000000,1776.656738,50.000000,0.000000,0.000000,-0.000000,0.000000,0.000000,1799.158936,50.000000,-1.000000,0.000000,-0.000000,0.000000,-89957.945312,-89957.945312,248016.984375,9612.241211,148446.796875,-668446.625000,-519999.812500
ml,p5,6899,2026-10-05,1822.825317,10.000000,2115.521973,50.000000,0.000000,0.000000,-0.000000,0.000000,0.000000,1776.656738,50.000000,0.000000,0.000000,-0.000000,0.000000,0.000000,1825.280762,50.000000,-2.000000,-1.000000,91264.039062,45.632019,-182528.078125,-182528.078125,339281.000000,9657.873047,147095.046875,-668446.625000,-521351.562500
ml,p5,6899,2026-10-06,1795.302734,10.000000,2115.521973,50.000000,0.000000,0.000000,-0.000000,0.000000,0.000000,1776.656738,50.000000,0.000000,0.000000,-0.000000,0.000000,0.000000,1804.406128,50.000000,-3.000000,-1.000000,90220.304688,45.110153,-270660.906250,-270660.906250,429501.312500,9702.982422,149137.421875,-668446.625000,-519309.187500
ml,p5,6899,2026-10-07,1790.453003,10.000000,2115.521973,50.000000,0.000000,0.000000,-0.000000,0.000000,0.000000,1776.656738,50.000000,0.000000,0.000000,-0.000000,0.000000,0.000000,1794.340088,50.000000,-4.000000,-1.000000,89717.007812,44.858501,-358868.031250,-358868.031250,519218.312500,9747.841797,150602.437500,-668446.625000,-517844.187500
ml,p5,6899,2026-10-08,1829.109863,10.000000,2115.521973,50.000000,0.000000,0.000000,-0.000000,0.000000,0.000000,1776.656738,50.000000,0.000000,0.000000,-0.000000,0.000000,0.000000,1846.780273,50.000000,-3.000000,1.000000,-92339.015625,46.169506,-277017.031250,-277017.031250,426879.312500,9794.011719,140068.265625,-668446.625000,-528378.375000
ml,p5,6899,2026-10-09,1831.817505,10.000000,2115.521973,50.000000,0.000000,0.000000,-0.000000,0.000000,0.000000,1776.656738,50.000000,0.000000,0.000000,-0.000000,0.000000,0.000000,1836.084351,50.000000,-4.000000,-1.000000,91804.218750,45.902107,-367216.875000,-367216.875000,518683.562500,9839.913086,141626.781250,-668446.625000,-526819.875000
ml,p5,6899,2026-10-10,1830.548706,10.000000,2115.521973,50.000000,0.000000,0.000000,-0.000000,0.000000,0.000000,1776.656738,50.000000,0.000000,0.000000,-0.000000,0.000000,0.000000,1850.462036,50.000000,-4.000000,0.000000,-0.000000,0.000000,-370092.406250,-370092.406250,518683.562500,9839.913086,138751.250000,-668446.625000,-529695.375000
ml,p5,6899,2026-10-11,1818.124756,10.000000,2115.521973,50.000000,0.000000,0.000000,-0.000000,0.000000,0.000000,1776.656738,50.000000,0.000000,0.000000,-0.000000,0.000000,0.000000,1828.710327,50.000000,-4.000000,0.000000,-0.000000,0.000000,-365742.062500,-365742.062500,518683.562500,9839.913086,143101.593750,-668446.625000,-525345.000000
ml,p5,6899,2026-10-12,1809.952148,10.000000,2115.521973,50.000000,0.000000,0.000000,-0.000000,0.000000,0.000000,1776.656738,50.000000,0.000000,0.000000,-0.000000,0.000000,0.000000,1823.463379,50.000000,-4.000000,0.000000,-0.000000,0.000000,-364692.687500,-364692.687500,518683.562500,9839.913086,144150.968750,-668446.625000,-524295.625000
ml,p5,6899,2026-10-13,1807.501831,10.000000,2115.521973,50.000000,0.000000,0.000000,-0.000000,0.000000,0.000000,1776.656738,50.000000,0.000000,0.000000,-0.000000,0.000000,0.000000,1811.249023,50.000000,-5.000000,-1.000000,90562.453125,45.281223,-452812.250000,-452812.250000,609246.000000,9885.194336,146548.562500,-668446.625000,-521898.062500
ml,p5,6899,2026-10-14,1815.510986,10.000000,2115.521973,50.000000,0.000000,0.000000,-0.000000,0.000000,0.000000,1776.656738,50.000000,0.000000,0.000000,-0.000000,0.000000,0.000000,1826.416504,50.000000,-4.000000,1.000000,-91320.828125,45.660412,-365283.312500,-365283.312500,517925.187500,9930.855469,142711.015625,-668446.625000,-525735.625000
ml,p5,6899,2026-10-15,1861.672607,10.000000,2115.521973,50.000000,0.000000,0.000000,-0.000000,0.000000,0.000000,1776.656738,50.000000,0.000000,0.000000,-0.000000,0.000000,0.000000,1870.974243,50.000000,-3.000000,1.000000,-93548.710938,46.774357,-280646.156250,-280646.156250,424376.437500,9977.628906,133752.656250,-668446.625000,-534694.000000
ml,p5,6899,2026-10-16,1849.126343,10.000000,2115.521973,50.000000,0.000000,0.000000,-0.000000,0.000000,0.000000,1776.656738,50.000000,0.000000,0.000000,-0.000000,0.000000,0.000000,1845.121826,50.000000,-4.000000,-1.000000,92256.093750,46.128044,-369024.375000,-369024.375000,516632.562500,10023.757812,137584.437500,-668446.625000,-530862.187500
ml,p5,6899,2026-10-17,1854.354370,10.000000,2115.521973,50.000000,0.000000,0.000000,-0.000000,0.000000,0.000000,1776.656738,50.000000,0.000000,0.000000,-0.000000,0.000000,0.000000,1851.365967,50.000000,-4.000000,0.000000,-0.000000,0.000000,-370273.187500,-370273.187500,516632.562500,10023.757812,136335.625000,-668446.625000,-532111.000000
ml,p5,6899,2026-10-18,1850.083374,10.000000,2115.521973,50.000000,0.000000,0.000000,-0.000000,0.000000,0.000000,1776.656738,50.000000,0.000000,0.000000,-0.000000,0.000000,0.000000,1874.677246,50.000000,-4.000000,0.000000,-0.000000,0.000000,-374935.437500,-374935.437500,516632.562500,10023.757812,131673.375000,-668446.625000,-536773.250000
ml,p5,6899,2026-10-19,1865.228638,10.000000,2115.521973,50.000000,0.000000,0.000000,-0.000000,0.000000,0.000000,1776.656738,50.000000,0.000000,0.000000,-0.000000,0.000000,0.000000,1879.747559,50.000000,-3.000000,1.000000,-93987.375000,46.993687,-281962.125000,-281962.125000,422645.187500,10070.750977,130612.312500,-668446.625000,-537834.312500
ml,p5,6899,2026-10-20,1859.761475,10.000000,2115.521973,50.000000,0.000000,0.000000,-0.000000,0.000000,0.000000,1776.656738,50.000000,0.000000,0.000000,-0.000000,0.000000,0.000000,1871.159668,50.000000,-4.000000,-1.000000,93557.984375,46.778992,-374231.937500,-374231.937500,516203.187500,10117.529297,131853.718750,-668446.625000,-536592.875000
ml,p5,6899,2026-10-21,1843.289673,10.000000,2115.521973,50.000000,0.000000,0.000000,-0.000000,0.000000,0.000000,1776.656738,50.000000,0.000000,0.000000,-0.000000,0.000000,0.000000,1850.453125,50.000000,-5.000000,-1.000000,92522.656250,46.261326,-462613.281250,-462613.281250,608725.812500,10163.791016,135948.734375,-668446.625000,-532497.875000
ml,p5,6899,2026-10-22,1869.751343,10.000000,2115.521973,50.000000,0.000000,0.000000,-0.000000,0.000000,0.000000,1776.656738,50.000000,0.000000,0.000000,-0.000000,0.000000,0.000000,1872.180054,50.000000,-4.000000,1.000000,-93609.000000,46.804501,-374436.000000,-374436.000000,515116.812500,10210.595703,130470.218750,-668446.625000,-537976.375000
ml,p5,6899,2026-10-23,1927.181152,10.000000,2115.521973,50.000000,0.000000,0.000000,-0.000000,0.000000,0.000000,1776.656738,50.000000,0.000000,0.000000,-0.000000,0.000000,0.000000,1919.540039,50.000000,-3.000000,1.000000,-95977.000000,47.988499,-287931.000000,-287931.000000,419139.812500,10258.583984,120950.226562,-668446.625000,-547496.375000
ml,p5,6899,2026-10-24,1907.135376,10.000000,2115.521973,50.000000,0.000000,0.000000,-0.000000,0.000000,0.000000,1776.656738,50.000000,0.000000,0.000000,-0.000000,0.000000,0.000000,1906.916382,50.000000,-3.000000,0.000000,-0.000000,0.000000,-286037.437500,-286037.437500,419139.812500,10258.583984,122843.789062,-668446.625000,-545602.812500
ml,p5,6899,2026-10-25,1929.552612,10.000000,2115.521973,50.000000,0.000000,0.000000,-0.000000,0.000000,0.000000,1776.656738,50.000000,0.000000,0.000000,-0.000000,0.000000,0.000000,1927.752319,50.000000,-3.000000,0.000000,-0.000000,0.000000,-289162.843750,-289162.843750,419139.812500,10258.583984,119718.382812,-668446.625000,-548728.250000
ml,p5,6899,2026-10-26,1919.115723,10.000000,2115.521973,50.000000,0.000000,0.000000,-0.000000,0.000000,0.000000,1776.656738,50.000000,0.000000,0.000000,-0.000000,0.000000,0.000000,1906.564087,50.000000,-4.000000,-1.000000,95328.203125,47.664101,-381312.812500,-381312.812500,514468.000000,10306.248047,122848.937500,-668446.625000,-545597.687500
ml,p5,6899,2026-10-27,1921.370239,10.000000,2115.521973,50.000000,0.000000,0.000000,-0.000000,0.000000,0.000000,1776.656738,50.000000,0.000000,0.000000,-0.000000,0.000000,0.000000,1928.025269,50.000000,-3.000000,1.000000,-96401.265625,48.200630,-289203.781250,-289203.781250,418066.750000,10354.449219,118508.515625,-668446.625000,-549938.125000
ml,p5,6899,2026-10-28,1930.069702,10.000000,2115.521973,50.000000,0.000000,0.000000,-0.000000,0.000000,0.000000,1776.656738,50.000000,0.000000,0.000000,-0.000000,0.000000,0.000000,1929.188599,50.000000,-4.000000,-1.000000,96459.429688,48.229713,-385837.718750,-385837.718750,514526.187500,10402.678711,118285.789062,-668446.625000,-550160.812500
ml,p5,6899,2026-10-29,1942.875977,10.000000,2115.521973,50.000000,0.000000,0.000000,-0.000000,0.000000,0.000000,1776.656738,50.000000,0.000000,0.000000,-0.000000,0.000000,0.000000,1963.950684,50.000000,0.000000,4.000000,-392790.125000,196.395050,0.000000,0.000000,121736.054688,10599.074219,111136.984375,-668446.625000,-557309.625000
ml,p5,6899,2026-10-30,1949.700073,10.000000,2115.521973,50.000000,0.000000,0.000000,-0.000000,0.000000,0.000000,1776.656738,50.000000,0.000000,0.000000,-0.000000,0.000000,0.000000,1963.950684,50.000000,0.000000,0.000000,-0.000000,0.000000,0.000000,0.000000,121736.054688,10599.074219,111136.984375,-668446.625000,-557309.625000
ml,p95,1767,2026-04-10,2055.000244,10.000000,2026.171509,50.000000,-1.000000,-1.000000,101308.578125,50.654285,-101308.578125,2047.068848,50.000000,-1.000000,-1.000000,102353.445312,51.176720,-102353.445312,2070.749756,50.000000,-1.000000,-1.000000,103537.484375,51.768742,-103537.484375,-307199.500000,307199.500000,153.599747,-153.599747,29559.361328,29405.761719
ml,p95,1767,2026-04-11,2049.990234,10.000000,2046.010132,50.000000,-1.000000,0.000000,-0.000000,0.000000,-102300.507812,2069.602051,50.000000,-1.000000,0.000000,-0.000000,0.000000,-103480.101562,2095.007324,50.000000,-1.000000,0.000000,-0.000000,0.000000,-104750.367188,-310530.968750,307199.500000,153.599747,-3485.068604,13510.320312,10025.251953
ml,p95,1767,2026-04-12,2063.595215,10.000000,2057.161621,50.000000,-1.000000,0.000000,-0.000000,0.000000,-102858.078125,2081.082764,50.000000,-1.000000,0.000000,-0.000000,0.000000,-104054.140625,2106.472168,50.000000,-1.000000,0.000000,-0.000000,0.000000,-105323.609375,-312235.812500,307199.500000,153.599747,-5189.912109,49469.421875,44279.507812
ml,p95,1767,2026-04-13,2066.985107,10.000000,2088.493896,50.000000,-2.000000,-1.000000,104424.695312,52.212345,-208849.390625,2111.932861,50.000000,-2.000000,-1.000000,105596.640625,52.798317,-211193.281250,2138.098389,50.000000,-2.000000,-1.000000,106904.921875,53.452461,-213809.843750,-633852.500000,624125.750000,312.062866,-10038.812500,57757.347656,47718.535156
ml,p95,1767,2026-04-14,2068.930664,10.000000,2076.485840,50.000000,-3.000000,-1.000000,103824.289062,51.912144,-311472.875000,2098.545410,50.000000,-3.000000,-1.000000,104927.273438,52.463634,-314781.812500,2124.199463,50.000000,-3.000000,-1.000000,106209.976562,53.104984,-318629.937500,-944884.625000,939087.312500,469.543640,-6266.855957,66884.039062,60617.183594
ml,p95,1767,2026-04-15,2070.879883,10.000000,2081.662842,50.000000,-4.000000,-1.000000,104083.140625,52.041569,-416332.562500,2103.473877,50.000000,-4.000000,-1.000000,105173.695312,52.586849,-420694.781250,2128.916504,50.000000,-4.000000,-1.000000,106445.828125,53.222912,-425783.312500,-1262810.750000,1254790.000000,627.394958,-8648.144531,73012.125000,64363.980469
ml,p95,1767,2026-04-16,2072.531494,10.000000,2077.610352,50.000000,-5.000000,-1.000000,103880.515625,51.940254,-519402.593750,2099.786865,50.000000,-5.000000,-1.000000,104989.343750,52.494675,-524946.750000,2125.438721,50.000000,-5.000000,-1.000000,106271.937500,53.135967,-531359.687500,-1575709.000000,1569931.750000,784.965820,-6562.215820,86001.765625,79439.546875
ml,p95,1767,2026-04-17,2070.866943,10.000000,2066.921875,50.000000,-6.000000,-1.000000,103346.093750,51.673046,-620076.562500,2089.416992,50.000000,-6.000000,-1.000000,104470.851562,52.235424,-626825.125000,2114.934082,50.000000,-6.000000,-1.000000,105746.703125,52.873348,-634480.250000,-1881382.000000,1883495.375000,941.747681,1171.627319,76184.453125,77356.078125
ml,p95,1767,2026-04-18,2022.057373,10.000000,2066.843506,50.000000,-6.000000,0.000000,-0.000000,0.000000,-620053.000000,2089.943848,50.000000,-6.000000,0.000000,-0.000000,0.000000,-626983.125000,2115.907715,50.000000,-6.000000,0.000000,-0.000000,0.000000,-634772.312500,-1881808.500000,1883495.375000,941.747681,745.127319,-37407.554688,-36662.425781
ml,p95,1767,2026-04-19,2025.591309,10.000000,2043.735474,50.000000,-6.000000,0.000000,-0.000000,0.000000,-613120.625000,2064.265381,50.000000,-6.000000,0.000000,-0.000000,0.000000,-619279.562500,2088.527832,50.000000,-6.000000,0.000000,-0.000000,0.000000,-626558.375000,-1858958.625000,1883495.375000,941.747681,23595.001953,-26722.132812,-3127.130859
ml,p95,1767,2026-04-20,2010.669556,10.000000,2020.839844,50.000000,-7.000000,-1.000000,101041.992188,50.520996,-707293.937500,2040.752686,50.000000,-7.000000,-1.000000,102037.632812,51.018814,-714263.437500,2063.999512,50.000000,-7.000000,-1.000000,103199.976562,51.599987,-722399.812500,-2143957.250000,2189775.000000,1094.887451,44722.863281,-60642.441406,-15919.578125
ml,p95,1767,2026-04-21,1986.321777,10.000000,1984.983765,50.000000,-8.000000,-1.000000,99249.187500,49.624592,-793993.500000,2004.950684,50.000000,-8.000000,-1.000000,100247.531250,50.123764,-801980.250000,2026.992554,50.000000,-8.000000,-1.000000,101349.625000,50.674812,-810797.000000,-2406770.750000,2490621.500000,1245.310669,82605.437500,-122190.609375,-39585.171875
ml,p95,1767,2026-04-22,1984.822021,10.000000,1992.900513,50.000000,-7.000000,1.000000,-99645.023438,49.822510,-697515.187500,2014.302368,50.000000,-9.000000,-1.000000,100715.117188,50.357559,-906436.062500,2037.392700,50.000000,-9.000000,-1.000000,101869.632812,50.934814,-916826.750000,-2520778.000000,2593561.000000,1396.425537,71386.578125,-118412.734375,-47026.156250
ml,p95,1767,2026-04-23,1978.722290,10.000000,1993.600342,50.000000,-8.000000,-1.000000,99680.015625,49.840004,-797440.125000,2015.352417,50.000000,-10.000000,-1.000000,100767.617188,50.383808,-1007676.187500,2038.204346,50.000000,-10.000000,-1.000000,101910.218750,50.955109,-1019102.125000,-2824218.500000,2895919.000000,1547.604492,70152.898438,-129327.812500,-59174.914062
ml,p95,1767,2026-04-24,1978.744019,10.000000,1997.499756,50.000000,-7.000000,1.000000,-99874.984375,49.937492,-699124.875000,2019.527344,50.000000,-9.000000,1.000000,-100976.367188,50.488182,-908787.312500,2044.130737,50.000000,-11.000000,-1.000000,102206.539062,51.103268,-1124271.875000,-2732184.000000,2797274.000000,1699.133423,63390.867188,-124524.117188,-61133.250000
ml,p95,1767,2026-04-25,1977.443359,10.000000,1986.471924,50.000000,-7.000000,0.000000,-0.000000,0.000000,-695265.187500,2007.533081,50.000000,-9.000000,0.000000,-0.000000,0.000000,-903389.875000,2032.015015,50.000000,-11.000000,0.000000,-0.000000,0.000000,-1117608.250000,-2716263.250000,2797274.000000,1699.133423,79311.617188,-125923.304688,-46611.687500
ml,p95,1767,2026-04-26,1980.860596,10.000000,1978.813477,50.000000,-7.000000,0.000000,-0.000000,0.000000,-692584.687500,2000.718018,50.000000,-9.000000,0.000000,-0.000000,0.000000,-900323.125000,2025.711426,50.000000,-11.000000,0.000000,-0.000000,0.000000,-1114141.250000,-2707049.000000,2797274.000000,1699.133423,88525.867188,-109358.500000,-20832.632812
ml,p95,1767,2026-04-27,1985.731812,10.000000,1985.003662,50.000000,-6.000000,1.000000,-99250.179688,49.625088,-595501.062500,2006.688721,50.000000,-8.000000,1.000000,-100334.437500,50.167217,-802675.500000,2031.937866,50.000000,-9.000000,2.000000,-203193.781250,101.596886,-914372.062500,-2312548.500000,2394495.750000,1900.522705,80046.726562,-93596.695312,-13549.968750
ml,p95,1767,2026-04-28,1972.707886,10.000000,1972.113281,50.000000,-7.000000,-1.000000,98605.664062,49.302830,-690239.625000,1992.341431,50.000000,-9.000000,-1.000000,99617.070312,49.808533,-896553.625000,2016.182007,50.000000,-10.000000,-1.000000,100809.101562,50.404549,-1008091.000000,-2594884.250000,2693527.750000,2050.038574,96593.460938,-118636.750000,-22043.289062
ml,p95,1767,2026-04-29,1969.977173,10.000000,1983.094604,50.000000,-6.000000,1.000000,-99154.726562,49.577362,-594928.375000,2002.979614,50.000000,-10.000000,-1.000000,100148.984375,50.074493,-1001489.875000,2026.203979,50.000000,-11.000000,-1.000000,101310.195312,50.655094,-1114412.250000,-2710830.500000,2795832.000000,2200.345459,82801.156250,-116409.210938,-33608.054688
ml,p95,1767,2026-04-30,1976.822998,10.000000,1983.094604,50.000000,-5.000000,1.000000,-99154.726562,49.577362,-495773.625000,2000.951660,50.000000,-8.000000,2.000000,-200095.171875,100.047585,-800380.687500,2024.390015,50.000000,-12.000000,-1.000000,101219.500000,50.609749,-1214634.000000,-2510788.250000,2597801.500000,2400.580078,84612.671875,-100334.203125,-15721.531250
ml,p95,1767,2026-05-01,1940.908325,10.000000,1983.094604,50.000000,-4.000000,1.000000,-99154.726562,49.577362,-396618.906250,2019.110962,50.000000,-9.000000,-1.000000,100955.546875,50.477776,-908599.875000,2041.381470,50.000000,-10.000000,2.000000,-204138.140625,102.069069,-1020690.750000,-2325909.500000,2395464.250000,2602.704346,66952.046875,-185405.000000,-118452.953125
ml,p95,1767,2026-05-02,1921.535156,10.000000,1983.094604,50.000000,-4.000000,0.000000,-0.000000,0.000000,-396618.906250,1987.377930,50.000000,-9.000000,0.000000,-0.000000,0.000000,-894320.125000,2011.178101,50.000000,-10.000000,0.000000,-0.000000,0.000000,-1005589.062500,-2296528.000000,2395464.250000,2602.704346,96333.546875,-233530.218750,-137196.671875
ml,p95,1767,2026-05-03,1945.445801,10.000000,1983.094604,50.000000,-4.000000,0.000000,-0.000000,0.000000,-396618.906250,1984.099487,50.000000,-9.000000,0.000000,-0.000000,0.000000,-892844.750000,2008.982910,50.000000,-10.000000,0.000000,-0.000000,0.000000,-1004491.375000,-2293955.000000,2395464.250000,2602.704346,98906.546875,-173391.156250,-74484.609375
ml,p95,1767,2026-05-04,1938.707886,10.000000,1983.094604,50.000000,-4.000000,0.000000,-0.000000,0.000000,-396618.906250,1965.669678,50.000000,-10.000000,-1.000000,98283.484375,49.141743,-982834.875000,1990.497803,50.000000,-11.000000,-1.000000,99524.890625,49.762444,-1094773.875000,-2474227.500000,2593272.500000,2701.608398,116343.390625,-190122.515625,-73779.125000
ml,p95,1767,2026-05-05,1951.691528,10.000000,1983.094604,50.000000,-4.000000,0.000000,-0.000000,0.000000,-396618.906250,1972.108154,50.000000,-8.000000,2.000000,-197210.812500,98.605400,-788843.250000,1996.379028,50.000000,-9.000000,2.000000,-199637.906250,99.818947,-898370.625000,-2083832.750000,2196424.000000,2900.032959,109691.218750,-158199.343750,-48508.125000
ml,p95,1767,2026-05-06,1954.641113,10.000000,1983.094604,50.000000,-4.000000,0.000000,-0.000000,0.000000,-396618.906250,1975.143188,50.000000,-9.000000,-1.000000,98757.156250,49.378578,-888814.437500,1999.845581,50.000000,-10.000000,-1.000000,99992.281250,49.996140,-999922.750000,-2285356.000000,2395173.500000,2999.407715,106818.093750,-150497.156250,-43679.062500
ml,p95,1767,2026-05-07,1964.799683,10.000000,1983.094604,50.000000,-3.000000,1.000000,-99154.726562,49.577362,-297464.187500,1970.902954,50.000000,-7.000000,2.000000,-197090.296875,98.545151,-689816.000000,1994.365601,50.000000,-11.000000,-1.000000,99718.281250,49.859138,-1096901.125000,-2084181.250000,2198646.500000,3197.389160,111267.859375,-132990.875000,-21723.015625
ml,p95,1767,2026-05-08,1954.785645,10.000000,1983.094604,50.000000,-3.000000,0.000000,-0.000000,0.000000,-297464.187500,1974.154541,50.000000,-8.000000,-1.000000,98707.726562,49.353863,-789661.812500,1999.455078,50.000000,-9.000000,2.000000,-199945.500000,99.972748,-899754.812500,-1986880.750000,2097408.750000,3346.715820,107181.281250,-165538.875000,-58357.593750
ml,p95,1767,2026-05-09,1948.298706,10.000000,1983.094604,50.000000,-3.000000,0.000000,-0.000000,0.000000,-297464.187500,1977.368042,50.000000,-8.000000,0.000000,-0.000000,0.000000,-790947.187500,2002.800659,50.000000,-9.000000,0.000000,-0.000000,0.000000,-901260.250000,-1989671.625000,2097408.750000,3346.715820,104390.406250,-186932.703125,-82542.296875
ml,p95,1767,2026-05-10,1950.402100,10.000000,1983.094604,50.000000,-3.000000,0.000000,-0.000000,0.000000,-297464.187500,1972.823486,50.000000,-8.000000,0.000000,-0.000000,0.000000,-789129.375000,1999.384644,50.000000,-9.000000,0.000000,-0.000000,0.000000,-899723.062500,-1986316.500000,2097408.750000,3346.715820,107745.531250,-185543.515625,-77797.984375
ml,p95,1767,2026-05-11,1954.214233,10.000000,1983.094604,50.000000,-3.000000,0.000000,-0.000000,0.000000,-297464.187500,1986.885742,50.000000,-9.000000,-1.000000,99344.289062,49.672142,-894098.625000,2014.385620,50.000000,-10.000000,-1.000000,100719.281250,50.359638,-1007192.750000,-2198755.500000,2297472.500000,3446.747559,95270.250000,-172188.500000,-76918.250000
ml,p95,1767,2026-05-12,1948.498291,10.000000,1983.094604,50.000000,-3.000000,0.000000,-0.000000,0.000000,-297464.187500,1958.646973,50.000000,-10.000000,-1.000000,97932.351562,48.966175,-979323.437500,1997.273804,50.000000,-11.000000,-1.000000,99863.687500,49.931843,-1098500.625000,-2375288.250000,2495268.500000,3545.645996,116434.601562,-190073.156250,-73638.554688
ml,p95,1767,2026-05-13,1948.539185,10.000000,1983.094604,50.000000,-3.000000,0.000000,-0.000000,0.000000,-297464.187500,1938.143921,50.000000,-8.000000,2.000000,-193814.390625,96.907188,-775257.562500,1979.513550,50.000000,-9.000000,2.000000,-197951.359375,98.975677,-890781.062500,-1963502.750000,2103502.500000,3741.528564,136258.218750,-187709.406250,-51451.187500
ml,p95,1767,2026-05-14,1949.493774,10.000000,1983.094604,50.000000,-3.000000,0.000000,-0.000000,0.000000,-297464.187500,1953.588501,50.000000,-6.000000,2.000000,-195358.843750,97.679420,-586076.562500,1994.733765,50.000000,-7.000000,2.000000,-199473.375000,99.736687,-698156.812500,-1581697.500000,1708670.500000,3938.944580,123034.054688,-185574.671875,-62540.617188
ml,p95,1767,2026-05-15,1920.118164,10.000000,1983.094604,50.000000,-3.000000,0.000000,-0.000000,0.000000,-297464.187500,1948.701782,50.000000,-7.000000,-1.000000,97435.085938,48.717541,-682045.625000,1990.965454,50.000000,-8.000000,-1.000000,99548.273438,49.774136,-796386.187500,-1775896.000000,1905653.750000,4037.436279,125720.312500,-261182.093750,-135461.781250
ml,p95,1767,2026-05-16,1918.588745,10.000000,1983.094604,50.000000,-3.000000,0.000000,-0.000000,0.000000,-297464.187500,1930.437866,50.000000,-7.000000,0.000000,-0.000000,0.000000,-675653.250000,1972.680786,50.000000,-8.000000,0.000000,-0.000000,0.000000,-789072.312500,-1762189.750000,1905653.750000,4037.436279,139426.562500,-261749.921875,-122323.359375
ml,p95,1767,2026-05-17,1935.756470,10.000000,1983.094604,50.000000,-3.000000,0.000000,-0.000000,0.000000,-297464.187500,1923.644531,50.000000,-7.000000,0.000000,-0.000000,0.000000,-673275.562500,1964.797974,50.000000,-8.000000,0.000000,-0.000000,0.000000,-785919.187500,-1756659.000000,1905653.750000,4037.436279,144957.312500,-215810.000000,-70852.687500
ml,p95,1767,2026-05-18,1928.433228,10.000000,1983.094604,50.000000,-3.000000,0.000000,-0.000000,0.000000,-297464.187500,1935.928101,50.000000,-8.000000,-1.000000,96796.406250,48.398201,-774371.250000,1976.235962,50.000000,-9.000000,-1.000000,98811.796875,49.405899,-889306.125000,-1961141.625000,2101262.000000,4135.240234,135985.140625,-236938.515625,-100953.375000
ml,p95,1767,2026-05-19,1935.933716,10.000000,1983.094604,50.000000,-3.000000,0.000000,-0.000000,0.000000,-297464.187500,1951.134888,50.000000,-6.000000,2.000000,-195113.484375,97.556740,-585340.500000,1987.742188,50.000000,-10.000000,-1.000000,99387.109375,49.693554,-993871.125000,-1876675.750000,2005535.750000,4282.490723,124577.507812,-220339.890625,-95762.382812
ml,p95,1767,2026-05-20,1938.092163,10.000000,1983.094604,50.000000,-3.000000,0.000000,-0.000000,0.000000,-297464.187500,1940.603394,50.000000,-7.000000,-1.000000,97030.171875,48.515087,-679211.187500,1975.327881,50.000000,-8.000000,2.000000,-197532.781250,98.766388,-790131.125000,-1766806.500000,1905033.125000,4429.771973,133796.859375,-211244.453125,-77447.593750
ml,p95,1767,2026-05-21,1953.687012,10.000000,1983.094604,50.000000,-3.000000,0.000000,-0.000000,0.000000,-297464.187500,1955.401733,50.000000,-8.000000,-1.000000,97770.085938,48.885044,-782160.687500,1985.112671,50.000000,-9.000000,-1.000000,99255.632812,49.627815,-893300.687500,-1972925.500000,2102058.750000,4528.285156,124604.968750,-170910.500000,-46305.531250
ml,p95,1767,2026-05-22,1970.677246,10.000000,1983.094604,50.000000,-3.000000,0.000000,-0.000000,0.000000,-297464.187500,1980.637817,50.000000,-6.000000,2.000000,-198063.781250,99.031883,-594191.375000,2008.746704,50.000000,-10.000000,-1.000000,100437.335938,50.218666,-1004373.312500,-1896028.875000,2004432.375000,4677.535645,103725.960938,-128314.875000,-24588.914062
ml,p95,1767,2026-05-23,1988.065430,10.000000,1983.094604,50.000000,-3.000000,0.000000,-0.000000,0.000000,-297464.187500,2002.114136,50.000000,-6.000000,0.000000,-0.000000,0.000000,-600634.250000,2030.168091,50.000000,-10.000000,0.000000,-0.000000,0.000000,-1015084.062500,-1913182.500000,2004432.375000,4677.535645,86572.335938,-85017.906250,1554.429688
ml,p95,1767,2026-05-24,2011.770630,10.000000,1983.094604,50.000000,-3.000000,0.000000,-0.000000,0.000000,-297464.187500,2032.259766,50.000000,-6.000000,0.000000,-0.000000,0.000000,-609677.937500,2061.343262,50.000000,-10.000000,0.000000,-0.000000,0.000000,-1030671.687500,-1937813.750000,2004432.375000,4677.535645,61941.089844,-29934.160156,32006.929688
ml,p95,1767,2026-05-25,1985.879517,10.000000,1983.094604,50.000000,-3.000000,0.000000,-0.000000,0.000000,-297464.187500,1994.713623,50.000000,-6.000000,0.000000,-0.000000,0.000000,-598414.062500,2025.537720,50.000000,-10.000000,0.000000,-0.000000,0.000000,-1012768.875000,-1908647.125000,2004432.375000,4677.535645,91107.710938,-96012.414062,-4904.703125
ml,p95,1767,2026-05-26,1989.074341,10.000000,1983.094604,50.000000,-3.000000,0.000000,-0.000000,0.000000,-297464.187500,1998.048950,50.000000,-7.000000,-1.000000,99902.445312,49.951221,-699317.125000,2027.293823,50.000000,-8.000000,2.000000,-202729.375000,101.364685,-810917.500000,-1807698.750000,1901605.500000,4828.851562,89077.898438,-89910.945312,-833.046875
ml,p95,1767,2026-05-27,1996.471802,10.000000,1983.094604,50.000000,-3.000000,0.000000,-0.000000,0.000000,-297464.187500,2008.014893,50.000000,-8.000000,-1.000000,100400.742188,50.200371,-803205.937500,2033.895874,50.000000,-9.000000,-1.000000,101694.796875,50.847397,-915253.125000,-2015923.250000,2103701.000000,4929.899414,82847.851562,-72684.320312,10163.531250
ml,p95,1767,2026-05-28,1998.005005,10.000000,1983.094604,50.000000,-3.000000,0.000000,-0.000000,0.000000,-297464.187500,2009.077148,50.000000,-6.000000,2.000000,-200907.718750,100.453857,-602723.125000,2035.912109,50.000000,-7.000000,2.000000,-203591.218750,101.795609,-712569.250000,-1612756.500000,1699202.000000,5132.148438,81313.351562,-67783.601562,13529.750000
ml,p95,1767,2026-05-29,2015.436523,10.000000,1983.094604,50.000000,-3.000000,0.000000,-0.000000,0.000000,-297464.187500,2029.548462,50.000000,-7.000000,-1.000000,101477.421875,50.738712,-710341.937500,2051.533447,50.000000,-8.000000,-1.000000,102576.671875,51.288338,-820613.375000,-1828419.500000,1903256.125000,5234.175781,69602.453125,-24438.779297,45163.671875
ml,p95,1767,2026-05-30,1991.146729,10.000000,1983.094604,50.000000,-3.000000,0.000000,-0.000000,0.000000,-297464.187500,1979.632202,50.000000,-7.000000,0.000000,-0.000000,0.000000,-692871.312500,2003.382935,50.000000,-8.000000,0.000000,-0.000000,0.000000,-801353.187500,-1791688.750000,1903256.125000,5234.175781,106333.203125,-83701.539062,22631.664062
ml,p95,1767,2026-05-31,1982.515991,10.000000,1983.094604,50.000000,-3.000000,0.000000,-0.000000,0.000000,-297464.187500,1967.828003,50.000000,-7.000000,0.000000,-0.000000,0.000000,-688739.812500,1989.421143,50.000000,-8.000000,0.000000,-0.000000,0.000000,-795768.437500,-1781972.500000,1903256.125000,5234.175781,116049.453125,-105713.859375,10335.593750
ml,p95,1767,2026-06-01,1977.778198,10.000000,1983.094604,50.000000,-3.000000,0.000000,-0.000000,0.000000,-297464.187500,1964.040527,50.000000,-6.000000,1.000000,-98202.023438,49.101009,-589212.187500,1988.073853,50.000000,-9.000000,-1.000000,99403.695312,49.701847,-894633.187500,-1781309.500000,1904457.750000,5332.978516,117815.273438,-122261.257812,-4445.984375
ml,p95,1767,2026-06-02,1966.090332,10.000000,1983.094604,50.000000,-3.000000,0.000000,-0.000000,0.000000,-297464.187500,1978.687256,50.000000,-7.000000,-1.000000,98934.359375,49.467178,-692540.500000,2007.496094,50.000000,-7.000000,2.000000,-200749.609375,100.374802,-702623.625000,-1692628.250000,1802642.500000,5482.820801,104531.429688,-155333.046875,-50801.617188
ml,p95,1767,2026-06-03,1985.902344,10.000000,1983.094604,50.000000,-3.000000,0.000000,-0.000000,0.000000,-297464.187500,1993.165161,50.000000,-6.000000,1.000000,-99658.257812,49.829128,-597949.562500,2021.929321,50.000000,-8.000000,-1.000000,101096.468750,50.548233,-808771.750000,-1704185.500000,1804080.750000,5583.198242,94312.054688,-104110.937500,-9798.882812
ml,p95,1767,2026-06-04,1992.865967,10.000000,1983.094604,50.000000,-3.000000,0.000000,-0.000000,0.000000,-297464.187500,1991.172485,50.000000,-7.000000,-1.000000,99558.625000,49.779312,-696910.375000,2019.095581,50.000000,-9.000000,-1.000000,100954.781250,50.477390,-908593.000000,-1902967.500000,2004594.000000,5683.455078,95943.046875,-87248.171875,8694.875000
ml,p95,1767,2026-06-05,1970.624512,10.000000,1983.094604,50.000000,-3.000000,0.000000,-0.000000,0.000000,-297464.187500,1979.804321,50.000000,-6.000000,1.000000,-98990.218750,49.495110,-593941.312500,2007.832886,50.000000,-7.000000,2.000000,-200783.281250,100.391632,-702741.500000,-1594147.000000,1704820.750000,5833.341797,104840.406250,-143273.656250,-38433.250000
ml,p95,1767,2026-06-06,1970.658447,10.000000,1983.094604,50.000000,-3.000000,0.000000,-0.000000,0.000000,-297464.187500,1976.787720,50.000000,-6.000000,0.000000,-0.000000,0.000000,-593036.312500,2004.266235,50.000000,-7.000000,0.000000,-0.000000,0.000000,-701493.187500,-1591993.750000,1704820.750000,5833.341797,106993.656250,-145033.640625,-38039.984375
ml,p95,1767,2026-06-07,2012.833740,10.000000,1983.094604,50.000000,-3.000000,0.000000,-0.000000,0.000000,-297464.187500,1982.690552,50.000000,-6.000000,0.000000,-0.000000,0.000000,-594807.187500,2010.663086,50.000000,-7.000000,0.000000,-0.000000,0.000000,-703732.062500,-1596003.500000,1704820.750000,5833.341797,102983.906250,-42474.328125,60509.578125
ml,p95,1767,2026-06-08,2019.696533,10.000000,1983.094604,50.000000,-3.000000,0.000000,-0.000000,0.000000,-297464.187500,2036.554321,50.000000,-5.000000,1.000000,-101827.718750,50.913857,-509138.562500,2065.991943,50.000000,-5.000000,2.000000,-206599.187500,103.299591,-516498.000000,-1323100.750000,1396393.750000,5987.554688,67305.445312,-29702.529297,37602.914062
ml,p95,1767,2026-06-09,2051.795654,10.000000,1983.094604,50.000000,-2.000000,1.000000,-99154.726562,49.577362,-198309.453125,2080.429199,50.000000,-4.000000,1.000000,-104021.460938,52.010731,-416085.843750,2111.976807,50.000000,-6.000000,-1.000000,105598.843750,52.799423,-633593.062500,-1247988.375000,1298816.500000,6141.942383,44686.183594,50041.875000,94728.062500
ml,p95,1767,2026-06-10,2053.350830,10.000000,1983.094604,50.000000,-2.000000,0.000000,-0.000000,0.000000,-198309.453125,2085.407959,50.000000,-5.000000,-1.000000,104270.398438,52.135201,-521352.000000,2116.355957,50.000000,-5.000000,1.000000,-105817.796875,52.908897,-529088.937500,-1248750.375000,1297269.000000,6246.986328,42271.640625,53849.003906,96120.640625
ml,p95,1767,2026-06-11,2053.749268,10.000000,1983.094604,50.000000,-2.000000,0.000000,-0.000000,0.000000,-198309.453125,2068.552246,50.000000,-6.000000,-1.000000,103427.609375,51.713806,-620565.687500,2098.148926,50.000000,-6.000000,-1.000000,104907.445312,52.453724,-629444.687500,-1448319.750000,1505604.125000,6351.153809,50933.222656,54835.734375,105768.953125
ml,p95,1767,2026-06-12,2060.250488,10.000000,1983.094604,50.000000,-2.000000,0.000000,-0.000000,0.000000,-198309.453125,2065.545166,50.000000,-4.000000,2.000000,-206554.515625,103.277252,-413109.031250,2093.840088,50.000000,-5.000000,1.000000,-104692.007812,52.346001,-523460.000000,-1134878.500000,1194357.625000,6506.777344,52972.347656,68380.039062,121352.390625
ml,p95,1767,2026-06-13,2052.220215,10.000000,1983.094604,50.000000,-2.000000,0.000000,-0.000000,0.000000,-198309.453125,2055.920654,50.000000,-4.000000,0.000000,-0.000000,0.000000,-411184.125000,2084.832520,50.000000,-5.000000,0.000000,-0.000000,0.000000,-521208.093750,-1130701.625000,1194357.625000,6506.777344,57149.222656,45789.738281,102938.960938
ml,p95,1767,2026-06-14,2050.543701,10.000000,1983.094604,50.000000,-2.000000,0.000000,-0.000000,0.000000,-198309.453125,2077.226318,50.000000,-4.000000,0.000000,-0.000000,0.000000,-415445.250000,2103.116211,50.000000,-5.000000,0.000000,-0.000000,0.000000,-525779.062500,-1139533.750000,1194357.625000,6506.777344,48317.097656,43343.042969,91660.140625
ml,p95,1767,2026-06-15,2011.924072,10.000000,1983.094604,50.000000,-2.000000,0.000000,-0.000000,0.000000,-198309.453125,2011.120972,50.000000,-5.000000,-1.000000,100556.046875,50.278023,-502780.218750,2033.304443,50.000000,-6.000000,-1.000000,101665.218750,50.832607,-609991.312500,-1311081.000000,1396578.750000,6607.887695,78889.859375,-55590.527344,23299.332031
ml,p95,1767,2026-06-16,1989.250732,10.000000,1983.094604,50.000000,-2.000000,0.000000,-0.000000,0.000000,-198309.453125,1993.364502,50.000000,-4.000000,1.000000,-99668.226562,49.834110,-398672.906250,2014.989136,50.000000,-5.000000,1.000000,-100749.453125,50.374725,-503747.250000,-1100729.625000,1196161.125000,6708.096680,88723.406250,-112885.835938,-24162.429688
ml,p95,1767,2026-06-17,2000.337769,10.000000,1983.094604,50.000000,-2.000000,0.000000,-0.000000,0.000000,-198309.453125,2002.331177,50.000000,-5.000000,-1.000000,100116.562500,50.058281,-500582.812500,2018.154907,50.000000,-4.000000,1.000000,-100907.742188,50.453869,-403630.968750,-1102523.250000,1195370.000000,6808.608887,86038.140625,-88275.429688,-2237.289062
ml,p95,1767,2026-06-18,2013.490356,10.000000,1983.094604,50.000000,-2.000000,0.000000,-0.000000,0.000000,-198309.453125,2014.776001,50.000000,-4.000000,1.000000,-100738.796875,50.369400,-402955.187500,2030.707153,50.000000,-5.000000,-1.000000,101535.359375,50.767681,-507676.812500,-1108941.500000,1196166.500000,6909.746094,80315.250000,-52957.039062,27358.210938
ml,p95,1767,2026-06-19,2044.227173,10.000000,1983.094604,50.000000,-2.000000,0.000000,-0.000000,0.000000,-198309.453125,2042.823853,50.000000,-4.000000,0.000000,-0.000000,0.000000,-408564.781250,2059.318359,50.000000,-5.000000,0.000000,-0.000000,0.000000,-514829.593750,-1121703.875000,1196166.500000,6909.746094,67552.875000,23940.798828,91493.671875
ml,p95,1767,2026-06-20,1991.332886,10.000000,1983.094604,50.000000,-2.000000,0.000000,-0.000000,0.000000,-198309.453125,1965.592896,50.000000,-4.000000,0.000000,-0.000000,0.000000,-393118.593750,1982.759521,50.000000,-5.000000,0.000000,-0.000000,0.000000,-495689.906250,-1087118.000000,1196166.500000,6909.746094,102138.750000,-108136.132812,-5997.382812
ml,p95,1767,2026-06-21,2004.014404,10.000000,1983.094604,50.000000,-2.000000,0.000000,-0.000000,0.000000,-198309.453125,1994.894287,50.000000,-4.000000,0.000000,-0.000000,0.000000,-398978.843750,2013.354004,50.000000,-5.000000,0.000000,-0.000000,0.000000,-503338.468750,-1100626.750000,1196166.500000,6909.746094,88630.000000,-76283.015625,12346.984375
ml,p95,1767,2026-06-22,2075.078613,10.000000,1983.094604,50.000000,-2.000000,0.000000,-0.000000,0.000000,-198309.453125,2079.066650,50.000000,-3.000000,1.000000,-103953.335938,51.976669,-311860.000000,2097.960205,50.000000,-3.000000,2.000000,-209796.015625,104.898010,-314694.031250,-824863.500000,882417.250000,7066.620117,50487.128906,100490.867188,150978.000000
ml,p95,1767,2026-06-23,2145.223389,10.000000,1983.094604,50.000000,-2.000000,0.000000,-0.000000,0.000000,-198309.453125,2152.377441,50.000000,-2.000000,1.000000,-107618.875000,53.809437,-215237.750000,2172.514648,50.000000,-4.000000,-1.000000,108625.734375,54.312866,-434502.937500,-848050.125000,883424.000000,7174.743164,28199.132812,276000.937500,304200.062500
ml,p95,1767,2026-06-24,2154.824707,10.000000,1983.094604,50.000000,-2.000000,0.000000,-0.000000,0.000000,-198309.453125,2157.732178,50.000000,-3.000000,-1.000000,107886.609375,53.943306,-323659.812500,2178.309326,50.000000,-3.000000,1.000000,-108915.468750,54.457737,-326746.375000,-848715.625000,882395.125000,7283.144043,26396.355469,299721.812500,326118.156250
ml,p95,1767,2026-06-25,2136.984375,10.000000,1983.094604,50.000000,-2.000000,0.000000,-0.000000,0.000000,-198309.453125,2144.700439,50.000000,-4.000000,-1.000000,107235.023438,53.617512,-428940.093750,2166.332031,50.000000,-4.000000,-1.000000,108316.601562,54.158298,-433266.406250,-1060516.000000,1097946.750000,7390.919922,30039.830078,252248.468750,282288.312500
ml,p95,1767,2026-06-26,2161.181885,10.000000,1983.094604,50.000000,-2.000000,0.000000,-0.000000,0.000000,-198309.453125,2172.295898,50.000000,-3.000000,1.000000,-108614.796875,54.307400,-325844.375000,2196.591309,50.000000,-3.000000,1.000000,-109829.562500,54.914780,-329488.687500,-853642.500000,879502.375000,7500.141602,18359.734375,311197.156250,329556.875000
ml,p95,1767,2026-06-27,2169.189453,10.000000,1983.094604,50.000000,-2.000000,0.000000,-0.000000,0.000000,-198309.453125,2184.566650,50.000000,-3.000000,0.000000,-0.000000,0.000000,-327685.000000,2211.164307,50.000000,-3.000000,0.000000,-0.000000,0.000000,-331674.656250,-857669.125000,879502.375000,7500.141602,14333.108398,330527.031250,344860.125000
ml,p95,1767,2026-06-28,2175.770752,10.000000,1983.094604,50.000000,-2.000000,0.000000,-0.000000,0.000000,-198309.453125,2191.761475,50.000000,-3.000000,0.000000,-0.000000,0.000000,-328764.218750,2220.915039,50.000000,-3.000000,0.000000,-0.000000,0.000000,-333137.250000,-860210.937500,879502.375000,7500.141602,11791.295898,345276.468750,357067.750000
ml,p95,1767,2026-06-29,2214.463623,10.000000,1983.094604,50.000000,-1.000000,1.000000,-99154.726562,49.577362,-99154.726562,2224.630859,50.000000,-2.000000,1.000000,-111231.546875,55.615772,-222463.093750,2251.890869,50.000000,-2.000000,1.000000,-112594.546875,56.297272,-225189.093750,-546806.875000,556521.625000,7661.632324,2053.117676,440860.750000,442913.875000
ml,p95,1767,2026-06-30,2238.076904,10.000000,1983.094604,50.000000,-1.000000,0.000000,-0.000000,0.000000,-99154.726562,2232.303467,50.000000,-2.000000,0.000000,-0.000000,0.000000,-223230.343750,2260.536377,50.000000,-3.000000,-1.000000,113026.820312,56.513412,-339080.468750,-661465.500000,669548.437500,7718.145508,364.791992,498022.531250,498387.312500
ml,p95,1767,2026-07-01,2244.300781,10.000000,1983.094604,50.000000,-1.000000,0.000000,-0.000000,0.000000,-99154.726562,2235.788818,50.000000,-2.000000,0.000000,-0.000000,0.000000,-223578.875000,2266.155029,50.000000,-2.000000,1.000000,-113307.750000,56.653873,-226615.500000,-549349.125000,556240.687500,7774.799805,-883.237305,512336.531250,511453.281250
ml,p95,1767,2026-07-02,2277.352051,10.000000,1983.094604,50.000000,-1.000000,0.000000,-0.000000,0.000000,-99154.726562,2253.961914,50.000000,-2.000000,0.000000,-0.000000,0.000000,-225396.187500,2282.833984,50.000000,-2.000000,0.000000,-0.000000,0.000000,-228283.406250,-552834.312500,556240.687500,7774.799805,-4368.424805,590843.875000,586475.437500
ml,p95,1767,2026-07-03,2296.969727,10.000000,1983.094604,50.000000,-1.000000,0.000000,-0.000000,0.000000,-99154.726562,2300.239014,50.000000,-2.000000,0.000000,-0.000000,0.000000,-230023.906250,2330.996582,50.000000,-2.000000,0.000000,-0.000000,0.000000,-233099.656250,-562278.250000,556240.687500,7774.799805,-13812.362305,632984.937500,619172.562500
ml,p95,1767,2026-07-04,2343.449707,10.000000,1983.094604,50.000000,-1.000000,0.000000,-0.000000,0.000000,-99154.726562,2350.124512,50.000000,-2.000000,0.000000,-0.000000,0.000000,-235012.453125,2379.986084,50.000000,-2.000000,0.000000,-0.000000,0.000000,-237998.609375,-572165.812500,556240.687500,7774.799805,-23699.925781,733537.312500,709837.375000
ml,p95,1767,2026-07-05,2385.538574,10.000000,1983.094604,50.000000,-1.000000,0.000000,-0.000000,0.000000,-99154.726562,2394.610596,50.000000,-2.000000,0.000000,-0.000000,0.000000,-239461.062500,2425.122803,50.000000,-2.000000,0.000000,-0.000000,0.000000,-242512.281250,-581128.062500,556240.687500,7774.799805,-32662.175781,822639.875000,789977.687500
ml,p95,1767,2026-07-06,2372.452393,10.000000,1983.094604,50.000000,-1.000000,0.000000,-0.000000,0.000000,-99154.726562,2409.494629,50.000000,-1.000000,1.000000,-120474.734375,60.237366,-120474.734375,2437.433838,50.000000,-1.000000,1.000000,-121871.695312,60.935848,-121871.695312,-341501.156250,313894.250000,7895.973145,-35502.878906,793621.875000,758119.000000
ml,p95,1767,2026-07-07,2399.865234,10.000000,1983.094604,50.000000,-1.000000,0.000000,-0.000000,0.000000,-99154.726562,2417.673584,50.000000,-1.000000,0.000000,-0.000000,0.000000,-120883.679688,2444.541992,50.000000,-1.000000,0.000000,-0.000000,0.000000,-122227.101562,-342265.500000,313894.250000,7895.973145,-36267.222656,849228.500000,812961.250000
ml,p95,1767,2026-07-08,2416.886719,10.000000,1983.094604,50.000000,-1.000000,0.000000,-0.000000,0.000000,-99154.726562,2419.198975,50.000000,-1.000000,0.000000,-0.000000,0.000000,-120959.945312,2448.563721,50.000000,-1.000000,0.000000,-0.000000,0.000000,-122428.187500,-342542.875000,313894.250000,7895.973145,-36544.597656,882382.187500,845837.562500
ml,p95,1767,2026-07-09,2448.786865,10.000000,1983.094604,50.000000,-1.000000,0.000000,-0.000000,0.000000,-99154.726562,2455.835693,50.000000,-1.000000,0.000000,-0.000000,0.000000,-122791.781250,2485.842529,50.000000,-1.000000,0.000000,-0.000000,0.000000,-124292.125000,-346238.625000,313894.250000,7895.973145,-40240.347656,941296.125000,901055.750000
ml,p95,1767,2026-07-10,2411.502686,10.000000,1983.094604,50.000000,-1.000000,0.000000,-0.000000,0.000000,-99154.726562,2414.358154,50.000000,-1.000000,0.000000,-0.000000,0.000000,-120717.906250,2445.304199,50.000000,-1.000000,0.000000,-0.000000,0.000000,-122265.210938,-342137.843750,313894.250000,7895.973145,-36139.566406,875406.000000,839266.437500
ml,p95,1767,2026-07-11,2432.673828,10.000000,1983.094604,50.000000,-1.000000,0.000000,-0.000000,0.000000,-99154.726562,2426.944824,50.000000,-1.000000,0.000000,-0.000000,0.000000,-121347.242188,2458.332031,50.000000,-1.000000,0.000000,-0.000000,0.000000,-122916.601562,-343418.562500,313894.250000,7895.973145,-37420.285156,909650.937500,872230.625000
ml,p95,1767,2026-07-12,2409.892334,10.000000,1983.094604,50.000000,-1.000000,0.000000,-0.000000,0.000000,-99154.726562,2404.371094,50.000000,-1.000000,0.000000,-0.000000,0.000000,-120218.554688,2434.177979,50.000000,-1.000000,0.000000,-0.000000,0.000000,-121708.898438,-341082.187500,313894.250000,7895.973145,-35083.910156,871210.375000,836126.437500
ml,p95,1767,2026-07-13,2459.061768,10.000000,1983.094604,50.000000,-1.000000,0.000000,-0.000000,0.000000,-99154.726562,2501.183838,50.000000,-1.000000,0.000000,-0.000000,0.000000,-125059.195312,2531.846924,50.000000,-1.000000,0.000000,-0.000000,0.000000,-126592.343750,-350806.250000,313894.250000,7895.973145,-44807.972656,950817.187500,906009.187500
ml,p95,1767,2026-07-14,2488.322510,10.000000,1983.094604,50.000000,-1.000000,0.000000,-0.000000,0.000000,-99154.726562,2518.742188,50.000000,-1.000000,0.000000,-0.000000,0.000000,-125937.109375,2547.480225,50.000000,-1.000000,0.000000,-0.000000,0.000000,-127374.007812,-352465.843750,313894.250000,7895.973145,-46467.566406,994581.000000,948113.437500
ml,p95,1767,2026-07-15,2477.126709,10.000000,1983.094604,50.000000,-1.000000,0.000000,-0.000000,0.000000,-99154.726562,2499.488037,50.000000,0.000000,1.000000,-124974.398438,62.487198,0.000000,2528.488037,50.000000,-1.000000,0.000000,-0.000000,0.000000,-126424.398438,-225579.125000,188919.859375,7958.459961,-44617.726562,978241.375000,933623.625000
ml,p95,1767,2026-07-16,2468.030518,10.000000,1983.094604,50.000000,-1.000000,0.000000,-0.000000,0.000000,-99154.726562,2482.101074,50.000000,0.000000,0.000000,-0.000000,0.000000,0.000000,2511.324463,50.000000,-1.000000,0.000000,-0.000000,0.000000,-125566.226562,-224720.953125,188919.859375,7958.459961,-43759.554688,965815.062500,922055.500000
ml,p95,1767,2026-07-17,2411.694580,10.000000,1983.094604,50.000000,-1.000000,0.000000,-0.000000,0.000000,-99154.726562,2402.213867,50.000000,0.000000,0.000000,-0.000000,0.000000,0.000000,2430.365234,50.000000,0.000000,1.000000,-121518.265625,60.759129,0.000000,-99154.726562,67401.593750,8019.219238,-39772.351562,898478.687500,858706.312500
ml,p95,1767,2026-07-18,2472.204834,10.000000,1983.094604,50.000000,-1.000000,0.000000,-0.000000,0.000000,-99154.726562,2484.373047,50.000000,0.000000,0.000000,-0.000000,0.000000,0.000000,2510.502686,50.000000,0.000000,0.000000,-0.000000,0.000000,0.000000,-99154.726562,67401.593750,8019.219238,-39772.351562,964562.687500,924790.312500
ml,p95,1767,2026-07-19,2451.485840,10.000000,1983.094604,50.000000,-1.000000,0.000000,-0.000000,0.000000,-99154.726562,2460.929932,50.000000,0.000000,0.000000,-0.000000,0.000000,0.000000,2485.733398,50.000000,0.000000,0.000000,-0.000000,0.000000,0.000000,-99154.726562,67401.593750,8019.219238,-39772.351562,941756.500000,901984.125000
ml,p95,1767,2026-07-20,2463.144531,10.000000,1983.094604,50.000000,-1.000000,0.000000,-0.000000,0.000000,-99154.726562,2452.228027,50.000000,0.000000,0.000000,-0.000000,0.000000,0.000000,2474.363525,50.000000,0.000000,0.000000,-0.000000,0.000000,0.000000,-99154.726562,67401.593750,8019.219238,-39772.351562,954029.500000,914257.125000
ml,p95,1767,2026-07-21,2466.576660,10.000000,1983.094604,50.000000,-1.000000,0.000000,-0.000000,0.000000,-99154.726562,2498.945557,50.000000,0.000000,0.000000,-0.000000,0.000000,0.000000,2523.902100,50.000000,0.000000,0.000000,-0.000000,0.000000,0.000000,-99154.726562,67401.593750,8019.219238,-39772.351562,957242.062500,917469.687500
ml,p95,1767,2026-07-22,2424.322266,10.000000,1983.094604,50.000000,-1.000000,0.000000,-0.000000,0.000000,-99154.726562,2437.278809,50.000000,0.000000,0.000000,-0.000000,0.000000,0.000000,2462.062012,50.000000,0.000000,0.000000,-0.000000,0.000000,0.000000,-99154.726562,67401.593750,8019.219238,-39772.351562,920211.625000,880439.250000
ml,p95,1767,2026-07-23,2504.482910,10.000000,1983.094604,50.000000,-1.000000,0.000000,-0.000000,0.000000,-99154.726562,2531.074951,50.000000,0.000000,0.000000,-0.000000,0.000000,0.000000,2555.769531,50.000000,0.000000,0.000000,-0.000000,0.000000,0.000000,-99154.726562,67401.593750,8019.219238,-39772.351562,980874.625000,941102.250000
ml,p95,1767,2026-07-24,2458.198975,10.000000,1983.094604,50.000000,-1.000000,0.000000,-0.000000,0.000000,-99154.726562,2453.623291,50.000000,0.000000,0.000000,-0.000000,0.000000,0.000000,2475.528320,50.000000,0.000000,0.000000,-0.000000,0.000000,0.000000,-99154.726562,67401.593750,8019.219238,-39772.351562,950461.562500,910689.187500
ml,p95,1767,2026-07-25,2452.794189,10.000000,1983.094604,50.000000,-1.000000,0.000000,-0.000000,0.000000,-99154.726562,2456.500488,50.000000,0.000000,0.000000,-0.000000,0.000000,0.000000,2479.739990,50.000000,0.000000,0.000000,-0.000000,0.000000,0.000000,-99154.726562,67401.593750,8019.219238,-39772.351562,947472.187500,907699.812500
ml,p95,1767,2026-07-26,2487.998779,10.000000,1983.094604,50.000000,-1.000000,0.000000,-0.000000,0.000000,-99154.726562,2473.355469,50.000000,0.000000,0.000000,-0.000000,0.000000,0.000000,2498.878174,50.000000,0.000000,0.000000,-0.000000,0.000000,0.000000,-99154.726562,67401.593750,8019.219238,-39772.351562,966483.937500,926711.562500
ml,p95,1767,2026-07-27,2546.046631,10.000000,1983.094604,50.000000,-1.000000,0.000000,-0.000000,0.000000,-99154.726562,2533.221191,50.000000,0.000000,0.000000,-0.000000,0.000000,0.000000,2560.188477,50.000000,0.000000,0.000000,-0.000000,0.000000,0.000000,-99154.726562,67401.593750,8019.219238,-39772.351562,997868.687500,958096.312500
ml,p95,1767,2026-07-28,2550.744385,10.000000,1983.094604,50.000000,0.000000,1.000000,-99154.726562,49.577362,0.000000,2561.207764,50.000000,0.000000,0.000000,-0.000000,0.000000,0.000000,2587.010986,50.000000,0.000000,0.000000,-0.000000,0.000000,0.000000,0.000000,-31753.132812,8068.796875,-39821.929688,999837.125000,960015.187500
ml,p95,1767,2026-07-29,2460.432861,10.000000,1983.094604,50.000000,0.000000,0.000000,-0.000000,0.000000,0.000000,2447.898193,50.000000,0.000000,0.000000,-0.000000,0.000000,0.000000,2472.260498,50.000000,0.000000,0.000000,-0.000000,0.000000,0.000000,0.000000,-31753.132812,8068.796875,-39821.929688,970324.500000,930502.562500
ml,p95,1767,2026-07-30,2453.041016,10.000000,1983.094604,50.000000,0.000000,0.000000,-0.000000,0.000000,0.000000,2447.898193,50.000000,0.000000,0.000000,-0.000000,0.000000,0.000000,2466.789307,50.000000,0.000000,0.000000,-0.000000,0.000000,0.000000,0.000000,-31753.132812,8068.796875,-39821.929688,968728.500000,928906.562500
ml,p95,1767,2026-07-31,2454.766846,10.000000,1983.094604,50.000000,0.000000,0.000000,-0.000000,0.000000,0.000000,2447.898193,50.000000,0.000000,0.000000,-0.000000,0.000000,0.000000,2470.508057,50.000000,0.000000,0.000000,-0.000000,0.000000,0.000000,0.000000,-31753.132812,8068.796875,-39821.929688,968993.375000,929171.437500
ml,p95,1767,2026-08-01,2475.309570,10.000000,1983.094604,50.000000,0.000000,0.000000,-0.000000,0.000000,0.000000,2447.898193,50.000000,0.000000,0.000000,-0.000000,0.000000,0.000000,2489.276123,50.000000,0.000000,0.000000,-0.000000,0.000000,0.000000,0.000000,-31753.132812,8068.796875,-39821.929688,969083.812500,929261.875000
ml,p95,1767,2026-08-02,2475.465332,10.000000,1983.094604,50.000000,0.000000,0.000000,-0.000000,0.000000,0.000000,2447.898193,50.000000,0.000000,0.000000,-0.000000,0.000000,0.000000,2515.408447,50.000000,0.000000,0.000000,-0.000000,0.000000,0.000000,0.000000,-31753.132812,8068.796875,-39821.929688,969189.687500,929367.750000
ml,p95,1767,2026-08-03,2427.832031,10.000000,1983.094604,50.000000,0.000000,0.000000,-0.000000,0.000000,0.000000,2447.898193,50.000000,0.000000,0.000000,-0.000000,0.000000,0.000000,2440.332031,50.000000,0.000000,0.000000,-0.000000,0.000000,0.000000,0.000000,-31753.132812,8068.796875,-39821.929688,969284.687500,929462.750000
ml,p95,1767,2026-08-04,2439.771729,10.000000,1983.094604,50.000000,0.000000,0.000000,-0.000000,0.000000,0.000000,2447.898193,50.000000,0.000000,0.000000,-0.000000,0.000000,0.000000,2448.942871,50.000000,0.000000,0.000000,-0.000000,0.000000,0.000000,0.000000,-31753.132812,8068.796875,-39821.929688,969377.562500,929555.625000
ml,p95,1767,2026-08-05,2452.818604,10.000000,1983.094604,50.000000,0.000000,0.000000,-0.000000,0.000000,0.000000,2447.898193,50.000000,0.000000,0.000000,-0.000000,0.000000,0.000000,2479.682617,50.000000,0.000000,0.000000,-0.000000,0.000000,0.000000,0.000000,-31753.132812,8068.796875,-39821.929688,969469.000000,929647.062500
ml,p95,1767,2026-08-06,2469.250244,10.000000,1983.094604,50.000000,0.000000,0.000000,-0.000000,0.000000,0.000000,2447.898193,50.000000,0.000000,0.000000,-0.000000,0.000000,0.000000,2428.507568,50.000000,0.000000,0.000000,-0.000000,0.000000,0.000000,0.000000,-31753.132812,8068.796875,-39821.929688,969469.000000,929647.062500
ml,p95,1767,2026-08-07,2404.770020,10.000000,1983.094604,50.000000,0.000000,0.000000,-0.000000,0.000000,0.000000,2447.898193,50.000000,0.000000,0.000000,-0.000000,0.000000,0.000000,2407.762207,50.000000,0.000000,0.000000,-0.000000,0.000000,0.000000,0.000000,-31753.132812,8068.796875,-39821.929688,969469.000000,929647.062500
ml,p95,1767,2026-08-08,2395.071777,10.000000,1983.094604,50.000000,0.000000,0.000000,-0.000000,0.000000,0.000000,2447.898193,50.000000,0.000000,0.000000,-0.000000,0.000000,0.000000,2408.799316,50.000000,0.000000,0.000000,-0.000000,0.000000,0.000000,0.000000,-31753.132812,8068.796875,-39821.929688,969469.000000,929647.062500
ml,p95,1767,2026-08-09,2390.934082,10.000000,1983.094604,50.000000,0.000000,0.000000,-0.000000,0.000000,0.000000,2447.898193,50.000000,0.000000,0.000000,-0.000000,0.000000,0.000000,2408.084961,50.000000,0.000000,0.000000,-0.000000,0.000000,0.000000,0.000000,-31753.132812,8068.796875,-39821.929688,969469.000000,929647.062500
ml,p95,1767,2026-08-10,2368.752441,10.000000,1983.094604,50.000000,0.000000,0.000000,-0.000000,0.000000,0.000000,2447.898193,50.000000,0.000000,0.000000,-0.000000,0.000000,0.000000,2388.698242,50.000000,0.000000,0.000000,-0.000000,0.000000,0.000000,0.000000,-31753.132812,8068.796875,-39821.929688,969469.000000,929647.062500
ml,p95,1767,2026-08-11,2373.421875,10.000000,1983.094604,50.000000,0.000000,0.000000,-0.000000,0.000000,0.000000,2447.898193,50.000000,0.000000,0.000000,-0.000000,0.000000,0.000000,2382.563232,50.000000,0.000000,0.000000,-0.000000,0.000000,0.000000,0.000000,-31753.132812,8068.796875,-39821.929688,969469.000000,929647.062500
ml,p95,1767,2026-08-12,2361.503174,10.000000,1983.094604,50.000000,0.000000,0.000000,-0.000000,0.000000,0.000000,2447.898193,50.000000,0.000000,0.000000,-0.000000,0.000000,0.000000,2377.531982,50.000000,0.000000,0.000000,-0.000000,0.000000,0.000000,0.000000,-31753.132812,8068.796875,-39821.929688,969469.000000,929647.062500
ml,p95,1767,2026-08-13,2344.037598,10.000000,1983.094604,50.000000,0.000000,0.000000,-0.000000,0.000000,0.000000,2447.898193,50.000000,0.000000,0.000000,-0.000000,0.000000,0.000000,2367.107666,50.000000,0.000000,0.000000,-0.000000,0.000000,0.000000,0.000000,-31753.132812,8068.796875,-39821.929688,969469.000000,929647.062500
ml,p95,1767,2026-08-14,2328.364014,10.000000,1983.094604,50.000000,0.000000,0.000000,-0.000000,0.000000,0.000000,2447.898193,50.000000,0.000000,0.000000,-0.000000,0.000000,0.000000,2362.259277,50.000000,0.000000,0.000000,-0.000000,0.000000,0.000000,0.000000,-31753.132812,8068.796875,-39821.929688,969469.000000,929647.062500
ml,p95,1767,2026-08-15,2336.476074,10.000000,1983.094604,50.000000,0.000000,0.000000,-0.000000,0.000000,0.000000,2447.898193,50.000000,0.000000,0.000000,-0.000000,0.000000,0.000000,2359.020264,50.000000,0.000000,0.000000,-0.000000,0.000000,0.000000,0.000000,-31753.132812,8068.796875,-39821.929688,969469.000000,929647.062500
ml,p95,1767,2026-08-16,2346.815674,10.000000,1983.094604,50.000000,0.000000,0.000000,-0.000000,0.000000,0.000000,2447.898193,50.000000,0.000000,0.000000,-0.000000,0.000000,0.000000,2368.161865,50.000000,0.000000,0.000000,-0.000000,0.000000,0.000000,0.000000,-31753.132812,8068.796875,-39821.929688,969469.000000,929647.062500
ml,p95,1767,2026-08-17,2334.842285,10.000000,1983.094604,50.000000,0.000000,0.000000,-0.000000,0.000000,0.000000,2447.898193,50.000000,0.000000,0.000000,-0.000000,0.000000,0.000000,2344.588623,50.000000,0.000000,0.000000,-0.000000,0.000000,0.000000,0.000000,-31753.132812,8068.796875,-39821.929688,969469.000000,929647.062500
ml,p95,1767,2026-08-18,2345.484375,10.000000,1983.094604,50.000000,0.000000,0.000000,-0.000000,0.000000,0.000000,2447.898193,50.000000,0.000000,0.000000,-0.000000,0.000000,0.000000,2361.687012,50.000000,0.000000,0.000000,-0.000000,0.000000,0.000000,0.000000,-31753.132812,8068.796875,-39821.929688,969469.000000,929647.062500
ml,p95,1767,2026-08-19,2370.188477,10.000000,1983.094604,50.000000,0.000000,0.000000,-0.000000,0.000000,0.000000,2447.898193,50.000000,0.000000,0.000000,-0.000000,0.000000,0.000000,2399.963623,50.000000,0.000000,0.000000,-0.000000,0.000000,0.000000,0.000000,-31753.132812,8068.796875,-39821.929688,969469.000000,929647.062500
ml,p95,1767,2026-08-20,2379.032959,10.000000,1983.094604,50.000000,0.000000,0.000000,-0.000000,0.000000,0.000000,2447.898193,50.000000,0.000000,0.000000,-0.000000,0.000000,0.000000,2395.856934,50.000000,0.000000,0.000000,-0.000000,0.000000,0.000000,0.000000,-31753.132812,8068.796875,-39821.929688,969469.000000,929647.062500
ml,p95,1767,2026-08-21,2381.689941,10.000000,1983.094604,50.000000,0.000000,0.000000,-0.000000,0.000000,0.000000,2447.898193,50.000000,0.000000,0.000000,-0.000000,0.000000,0.000000,2381.646973,50.000000,0.000000,0.000000,-0.000000,0.000000,0.000000,0.000000,-31753.132812,8068.796875,-39821.929688,969469.000000,929647.062500
ml,p95,1767,2026-08-22,2393.725586,10.000000,1983.094604,50.000000,0.000000,0.000000,-0.000000,0.000000,0.000000,2447.898193,50.000000,0.000000,0.000000,-0.000000,0.000000,0.000000,2412.758057,50.000000,0.000000,0.000000,-0.000000,0.000000,0.000000,0.000000,-31753.132812,8068.796875,-39821.929688,969469.000000,929647.062500
ml,p95,1767,2026-08-23,2391.191650,10.000000,1983.094604,50.000000,0.000000,0.000000,-0.000000,0.000000,0.000000,2447.898193,50.000000,0.000000,0.000000,-0.000000,0.000000,0.000000,2407.037842,50.000000,0.000000,0.000000,-0.000000,0.000000,0.000000,0.000000,-31753.132812,8068.796875,-39821.929688,969469.000000,929647.062500
ml,p95,1767,2026-08-24,2368.884766,10.000000,1983.094604,50.000000,0.000000,0.000000,-0.000000,0.000000,0.000000,2447.898193,50.000000,0.000000,0.000000,-0.000000,0.000000,0.000000,2390.285645,50.000000,0.000000,0.000000,-0.000000,0.000000,0.000000,0.000000,-31753.132812,8068.796875,-39821.929688,969469.000000,929647.062500
ml,p95,1767,2026-08-25,2403.092041,10.000000,1983.094604,50.000000,0.000000,0.000000,-0.000000,0.000000,0.000000,2447.898193,50.000000,0.000000,0.000000,-0.000000,0.000000,0.000000,2416.869141,50.000000,0.000000,0.000000,-0.000000,0.000000,0.000000,0.000000,-31753.132812,8068.796875,-39821.929688,969469.000000,929647.062500
ml,p95,1767,2026-08-26,2375.226807,10.000000,1983.094604,50.000000,0.000000,0.000000,-0.000000,0.000000,0.000000,2447.898193,50.000000,0.000000,0.000000,-0.000000,0.000000,0.000000,2381.784668,50.000000,0.000000,0.000000,-0.000000,0.000000,0.000000,0.000000,-31753.132812,8068.796875,-39821.929688,969469.000000,929647.062500
ml,p95,1767,2026-08-27,2309.352295,10.000000,1983.094604,50.000000,0.000000,0.000000,-0.000000,0.000000,0.000000,2447.898193,50.000000,0.000000,0.000000,-0.000000,0.000000,0.000000,2302.603760,50.000000,0.000000,0.000000,-0.000000,0.000000,0.000000,0.000000,-31753.132812,8068.796875,-39821.929688,969469.000000,929647.062500
ml,p95,1767,2026-08-28,2313.241455,10.000000,1983.094604,50.000000,0.000000,0.000000,-0.000000,0.000000,0.000000,2447.898193,50.000000,0.000000,0.000000,-0.000000,0.000000,0.000000,2319.912354,50.000000,0.000000,0.000000,-0.000000,0.000000,0.000000,0.000000,-31753.132812,8068.796875,-39821.929688,969469.000000,929647.062500
ml,p95,1767,2026-08-29,2315.088623,10.000000,1983.094604,50.000000,0.000000,0.000000,-0.000000,0.000000,0.000000,2447.898193,50.000000,0.000000,0.000000,-0.000000,0.000000,0.000000,2334.477783,50.000000,0.000000,0.000000,-0.000000,0.000000,0.000000,0.000000,-31753.132812,8068.796875,-39821.929688,969469.000000,929647.062500
ml,p95,1767,2026-08-30,2317.643555,10.000000,1983.094604,50.000000,0.000000,0.000000,-0.000000,0.000000,0.000000,2447.898193,50.000000,0.000000,0.000000,-0.000000,0.000000,0.000000,2331.361084,50.000000,0.000000,0.000000,-0.000000,0.000000,0.000000,0.000000,-31753.132812,8068.796875,-39821.929688,969469.000000,929647.062500
ml,p95,1767,2026-08-31,2318.485840,10.000000,1983.094604,50.000000,0.000000,0.000000,-0.000000,0.000000,0.000000,2447.898193,50.000000,0.000000,0.000000,-0.000000,0.000000,0.000000,2325.017090,50.000000,0.000000,0.000000,-0.000000,0.000000,0.000000,0.000000,-31753.132812,8068.796875,-39821.929688,969469.000000,929647.062500
ml,p95,1767,2026-09-01,2323.053955,10.000000,1983.094604,50.000000,0.000000,0.000000,-0.000000,0.000000,0.000000,2447.898193,50.000000,0.000000,0.000000,-0.000000,0.000000,0.000000,2327.862305,50.000000,0.000000,0.000000,-0.000000,0.000000,0.000000,0.000000,-31753.132812,8068.796875,-39821.929688,969469.000000,929647.062500
ml,p95,1767,2026-09-02,2314.867920,10.000000,1983.094604,50.000000,0.000000,0.000000,-0.000000,0.000000,0.000000,2447.898193,50.000000,0.000000,0.000000,-0.000000,0.000000,0.000000,2326.921875,50.000000,0.000000,0.000000,-0.000000,0.000000,0.000000,0.000000,-31753.132812,8068.796875,-39821.929688,969469.000000,929647.062500
ml,p95,1767,2026-09-03,2313.652100,10.000000,1983.094604,50.000000,0.000000,0.000000,-0.000000,0.000000,0.000000,2447.898193,50.000000,0.000000,0.000000,-0.000000,0.000000,0.000000,2326.459961,50.000000,0.000000,0.000000,-0.000000,0.000000,0.000000,0.000000,-31753.132812,8068.796875,-39821.929688,969469.000000,929647.062500
ml,p95,1767,2026-09-04,2278.784912,10.000000,1983.094604,50.000000,0.000000,0.000000,-0.000000,0.000000,0.000000,2447.898193,50.000000,0.000000,0.000000,-0.000000,0.000000,0.000000,2296.955811,50.000000,0.000000,0.000000,-0.000000,0.000000,0.000000,0.000000,-31753.132812,8068.796875,-39821.929688,969469.000000,929647.062500
ml,p95,1767,2026-09-05,2280.290283,10.000000,1983.094604,50.000000,0.000000,0.000000,-0.000000,0.000000,0.000000,2447.898193,50.000000,0.000000,0.000000,-0.000000,0.000000,0.000000,2301.404785,50.000000,0.000000,0.000000,-0.000000,0.000000,0.000000,0.000000,-31753.132812,8068.796875,-39821.929688,969469.000000,929647.062500
ml,p95,1767,2026-09-06,2293.148193,10.000000,1983.094604,50.000000,0.000000,0.000000,-0.000000,0.000000,0.000000,2447.898193,50.000000,0.000000,0.000000,-0.000000,0.000000,0.000000,2311.986084,50.000000,0.000000,0.000000,-0.000000,0.000000,0.000000,0.000000,-31753.132812,8068.796875,-39821.929688,969469.000000,929647.062500
ml,p95,1767,2026-09-07,2279.533691,10.000000,1983.094604,50.000000,0.000000,0.000000,-0.000000,0.000000,0.000000,2447.898193,50.000000,0.000000,0.000000,-0.000000,0.000000,0.000000,2289.078613,50.000000,0.000000,0.000000,-0.000000,0.000000,0.000000,0.000000,-31753.132812,8068.796875,-39821.929688,969469.000000,929647.062500
ml,p95,1767,2026-09-08,2299.698730,10.000000,1983.094604,50.000000,0.000000,0.000000,-0.000000,0.000000,0.000000,2447.898193,50.000000,0.000000,0.000000,-0.000000,0.000000,0.000000,2318.686279,50.000000,0.000000,0.000000,-0.000000,0.000000,0.000000,0.000000,-31753.132812,8068.796875,-39821.929688,969469.000000,929647.062500
ml,p95,1767,2026-09-09,2304.226318,10.000000,1983.094604,50.000000,0.000000,0.000000,-0.000000,0.000000,0.000000,2447.898193,50.000000,0.000000,0.000000,-0.000000,0.000000,0.000000,2303.642334,50.000000,0.000000,0.000000,-0.000000,0.000000,0.000000,0.000000,-31753.132812,8068.796875,-39821.929688,969469.000000,929647.062500
ml,p95,1767,2026-09-10,2329.037842,10.000000,1983.094604,50.000000,0.000000,0.000000,-0.000000,0.000000,0.000000,2447.898193,50.000000,0.000000,0.000000,-0.000000,0.000000,0.000000,2349.146240,50.000000,0.000000,0.000000,-0.000000,0.000000,0.000000,0.000000,-31753.132812,8068.796875,-39821.929688,969469.000000,929647.062500
ml,p95,1767,2026-09-11,2330.603271,10.000000,1983.094604,50.000000,0.000000,0.000000,-0.000000,0.000000,0.000000,2447.898193,50.000000,0.000000,0.000000,-0.000000,0.000000,0.000000,2353.969238,50.000000,0.000000,0.000000,-0.000000,0.000000,0.000000,0.000000,-31753.132812,8068.796875,-39821.929688,969469.000000,929647.062500
ml,p95,1767,2026-09-12,2343.282227,10.000000,1983.094604,50.000000,0.000000,0.000000,-0.000000,0.000000,0.000000,2447.898193,50.000000,0.000000,0.000000,-0.000000,0.000000,0.000000,2366.487305,50.000000,0.000000,0.000000,-0.000000,0.000000,0.000000,0.000000,-31753.132812,8068.796875,-39821.929688,969469.000000,929647.062500
ml,p95,1767,2026-09-13,2327.803467,10.000000,1983.094604,50.000000,0.000000,0.000000,-0.000000,0.000000,0.000000,2447.898193,50.000000,0.000000,0.000000,-0.000000,0.000000,0.000000,2345.308105,50.000000,0.000000,0.000000,-0.000000,0.000000,0.000000,0.000000,-31753.132812,8068.796875,-39821.929688,969469.000000,929647.062500
ml,p95,1767,2026-09-14,2340.965820,10.000000,1983.094604,50.000000,0.000000,0.000000,-0.000000,0.000000,0.000000,2447.898193,50.000000,0.000000,0.000000,-0.000000,0.000000,0.000000,2343.455566,50.000000,0.000000,0.000000,-0.000000,0.000000,0.000000,0.000000,-31753.132812,8068.796875,-39821.929688,969469.000000,929647.062500
ml,p95,1767,2026-09-15,2340.955811,10.000000,1983.094604,50.000000,0.000000,0.000000,-0.000000,0.000000,0.000000,2447.898193,50.000000,0.000000,0.000000,-0.000000,0.000000,0.000000,2342.928223,50.000000,0.000000,0.000000,-0.000000,0.000000,0.000000,0.000000,-31753.132812,8068.796875,-39821.929688,969469.000000,929647.062500
ml,p95,1767,2026-09-16,2307.319336,10.000000,1983.094604,50.000000,0.000000,0.000000,-0.000000,0.000000,0.000000,2447.898193,50.000000,0.000000,0.000000,-0.000000,0.000000,0.000000,2315.830566,50.000000,0.000000,0.000000,-0.000000,0.000000,0.000000,0.000000,-31753.132812,8068.796875,-39821.929688,969469.000000,929647.062500
ml,p95,1767,2026-09-17,2312.641602,10.000000,1983.094604,50.000000,0.000000,0.000000,-0.000000,0.000000,0.000000,2447.898193,50.000000,0.000000,0.000000,-0.000000,0.000000,0.000000,2313.747559,50.000000,0.000000,0.000000,-0.000000,0.000000,0.000000,0.000000,-31753.132812,8068.796875,-39821.929688,969469.000000,929647.062500
ml,p95,1767,2026-09-18,2313.914551,10.000000,1983.094604,50.000000,0.000000,0.000000,-0.000000,0.000000,0.000000,2447.898193,50.000000,0.000000,0.000000,-0.000000,0.000000,0.000000,2331.463623,50.000000,0.000000,0.000000,-0.000000,0.000000,0.000000,0.000000,-31753.132812,8068.796875,-39821.929688,969469.000000,929647.062500
ml,p95,1767,2026-09-19,2294.806396,10.000000,1983.094604,50.000000,0.000000,0.000000,-0.000000,0.000000,0.000000,2447.898193,50.000000,0.000000,0.000000,-0.000000,0.000000,0.000000,2297.451172,50.000000,0.000000,0.000000,-0.000000,0.000000,0.000000,0.000000,-31753.132812,8068.796875,-39821.929688,969469.000000,929647.062500
ml,p95,1767,2026-09-20,2308.218262,10.000000,1983.094604,50.000000,0.000000,0.000000,-0.000000,0.000000,0.000000,2447.898193,50.000000,0.000000,0.000000,-0.000000,0.000000,0.000000,2317.806152,50.000000,0.000000,0.000000,-0.000000,0.000000,0.000000,0.000000,-31753.132812,8068.796875,-39821.929688,969469.000000,929647.062500
ml,p95,1767,2026-09-21,2292.455078,10.000000,1983.094604,50.000000,0.000000,0.000000,-0.000000,0.000000,0.000000,2447.898193,50.000000,0.000000,0.000000,-0.000000,0.000000,0.000000,2294.641846,50.000000,0.000000,0.000000,-0.000000,0.000000,0.000000,0.000000,-31753.132812,8068.796875,-39821.929688,969469.000000,929647.062500
ml,p95,1767,2026-09-22,2290.433594,10.000000,1983.094604,50.000000,0.000000,0.000000,-0.000000,0.000000,0.000000,2447.898193,50.000000,0.000000,0.000000,-0.000000,0.000000,0.000000,2267.218018,50.000000,0.000000,0.000000,-0.000000,0.000000,0.000000,0.000000,-31753.132812,8068.796875,-39821.929688,969469.000000,929647.062500
ml,p95,1767,2026-09-23,2277.681152,10.000000,1983.094604,50.000000,0.000000,0.000000,-0.000000,0.000000,0.000000,2447.898193,50.000000,0.000000,0.000000,-0.000000,0.000000,0.000000,2262.745605,50.000000,0.000000,0.000000,-0.000000,0.000000,0.000000,0.000000,-31753.132812,8068.796875,-39821.929688,969469.000000,929647.062500
ml,p95,1767,2026-09-24,2277.051270,10.000000,1983.094604,50.000000,0.000000,0.000000,-0.000000,0.000000,0.000000,2447.898193,50.000000,0.000000,0.000000,-0.000000,0.000000,0.000000,2280.946045,50.000000,0.000000,0.000000,-0.000000,0.000000,0.000000,0.000000,-31753.132812,8068.796875,-39821.929688,969469.000000,929647.062500
ml,p95,1767,2026-09-25,2289.075195,10.000000,1983.094604,50.000000,0.000000,0.000000,-0.000000,0.000000,0.000000,2447.898193,50.000000,0.000000,0.000000,-0.000000,0.000000,0.000000,2297.515625,50.000000,0.000000,0.000000,-0.000000,0.000000,0.000000,0.000000,-31753.132812,8068.796875,-39821.929688,969469.000000,929647.062500
ml,p95,1767,2026-09-26,2294.248291,10.000000,1983.094604,50.000000,0.000000,0.000000,-0.000000,0.000000,0.000000,2447.898193,50.000000,0.000000,0.000000,-0.000000,0.000000,0.000000,2313.889404,50.000000,0.000000,0.000000,-0.000000,0.000000,0.000000,0.000000,-31753.132812,8068.796875,-39821.929688,969469.000000,929647.062500
ml,p95,1767,2026-09-27,2255.603516,10.000000,1983.094604,50.000000,0.000000,0.000000,-0.000000,0.000000,0.000000,2447.898193,50.000000,0.000000,0.000000,-0.000000,0.000000,0.000000,2278.054932,50.000000,0.000000,0.000000,-0.000000,0.000000,0.000000,0.000000,-31753.132812,8068.796875,-39821.929688,969469.000000,929647.062500
ml,p95,1767,2026-09-28,2263.724365,10.000000,1983.094604,50.000000,0.000000,0.000000,-0.000000,0.000000,0.000000,2447.898193,50.000000,0.000000,0.000000,-0.000000,0.000000,0.000000,2276.516846,50.000000,0.000000,0.000000,-0.000000,0.000000,0.000000,0.000000,-31753.132812,8068.796875,-39821.929688,969469.000000,929647.062500
ml,p95,1767,2026-09-29,2282.804443,10.000000,1983.094604,50.000000,0.000000,0.000000,-0.000000,0.000000,0.000000,2447.898193,50.000000,0.000000,0.000000,-0.000000,0.000000,0.000000,2284.692383,50.000000,0.000000,0.000000,-0.000000,0.000000,0.000000,0.000000,-31753.132812,8068.796875,-39821.929688,969469.000000,929647.062500
ml,p95,1767,2026-09-30,2284.196045,10.000000,1983.094604,50.000000,0.000000,0.000000,-0.000000,0.000000,0.000000,2447.898193,50.000000,0.000000,0.000000,-0.000000,0.000000,0.000000,2264.642334,50.000000,0.000000,0.000000,-0.000000,0.000000,0.000000,0.000000,-31753.132812,8068.796875,-39821.929688,969469.000000,929647.062500
ml,p95,1767,2026-10-01,2281.026611,10.000000,1983.094604,50.000000,0.000000,0.000000,-0.000000,0.000000,0.000000,2447.898193,50.000000,0.000000,0.000000,-0.000000,0.000000,0.000000,2273.076904,50.000000,0.000000,0.000000,-0.000000,0.000000,0.000000,0.000000,-31753.132812,8068.796875,-39821.929688,969469.000000,929647.062500
ml,p95,1767,2026-10-02,2280.394775,10.000000,1983.094604,50.000000,0.000000,0.000000,-0.000000,0.000000,0.000000,2447.898193,50.000000,0.000000,0.000000,-0.000000,0.000000,0.000000,2287.339600,50.000000,0.000000,0.000000,-0.000000,0.000000,0.000000,0.000000,-31753.132812,8068.796875,-39821.929688,969469.000000,929647.062500
ml,p95,1767,2026-10-03,2291.060547,10.000000,1983.094604,50.000000,0.000000,0.000000,-0.000000,0.000000,0.000000,2447.898193,50.000000,0.000000,0.000000,-0.000000,0.000000,0.000000,2293.155762,50.000000,0.000000,0.000000,-0.000000,0.000000,0.000000,0.000000,-31753.132812,8068.796875,-39821.929688,969469.000000,929647.062500
ml,p95,1767,2026-10-04,2290.003418,10.000000,1983.094604,50.000000,0.000000,0.000000,-0.000000,0.000000,0.000000,2447.898193,50.000000,0.000000,0.000000,-0.000000,0.000000,0.000000,2296.445312,50.000000,0.000000,0.000000,-0.000000,0.000000,0.000000,0.000000,-31753.132812,8068.796875,-39821.929688,969469.000000,929647.062500
ml,p95,1767,2026-10-05,2287.287109,10.000000,1983.094604,50.000000,0.000000,0.000000,-0.000000,0.000000,0.000000,2447.898193,50.000000,0.000000,0.000000,-0.000000,0.000000,0.000000,2303.953613,50.000000,0.000000,0.000000,-0.000000,0.000000,0.000000,0.000000,-31753.132812,8068.796875,-39821.929688,969469.000000,929647.062500
ml,p95,1767,2026-10-06,2284.885498,10.000000,1983.094604,50.000000,0.000000,0.000000,-0.000000,0.000000,0.000000,2447.898193,50.000000,0.000000,0.000000,-0.000000,0.000000,0.000000,2287.781738,50.000000,0.000000,0.000000,-0.000000,0.000000,0.000000,0.000000,-31753.132812,8068.796875,-39821.929688,969469.000000,929647.062500
ml,p95,1767,2026-10-07,2287.134277,10.000000,1983.094604,50.000000,0.000000,0.000000,-0.000000,0.000000,0.000000,2447.898193,50.000000,0.000000,0.000000,-0.000000,0.000000,0.000000,2289.035645,50.000000,0.000000,0.000000,-0.000000,0.000000,0.000000,0.000000,-31753.132812,8068.796875,-39821.929688,969469.000000,929647.062500
ml,p95,1767,2026-10-08,2329.675537,10.000000,1983.094604,50.000000,0.000000,0.000000,-0.000000,0.000000,0.000000,2447.898193,50.000000,0.000000,0.000000,-0.000000,0.000000,0.000000,2339.603516,50.000000,0.000000,0.000000,-0.000000,0.000000,0.000000,0.000000,-31753.132812,8068.796875,-39821.929688,969469.000000,929647.062500
ml,p95,1767,2026-10-09,2327.893066,10.000000,1983.094604,50.000000,0.000000,0.000000,-0.000000,0.000000,0.000000,2447.898193,50.000000,0.000000,0.000000,-0.000000,0.000000,0.000000,2324.739502,50.000000,0.000000,0.000000,-0.000000,0.000000,0.000000,0.000000,-31753.132812,8068.796875,-39821.929688,969469.000000,929647.062500
ml,p95,1767,2026-10-10,2309.906250,10.000000,1983.094604,50.000000,0.000000,0.000000,-0.000000,0.000000,0.000000,2447.898193,50.000000,0.000000,0.000000,-0.000000,0.000000,0.000000,2308.095459,50.000000,0.000000,0.000000,-0.000000,0.000000,0.000000,0.000000,-31753.132812,8068.796875,-39821.929688,969469.000000,929647.062500
ml,p95,1767,2026-10-11,2320.285400,10.000000,1983.094604,50.000000,0.000000,0.000000,-0.000000,0.000000,0.000000,2447.898193,50.000000,0.000000,0.000000,-0.000000,0.000000,0.000000,2331.701416,50.000000,0.000000,0.000000,-0.000000,0.000000,0.000000,0.000000,-31753.132812,8068.796875,-39821.929688,969469.000000,929647.062500
ml,p95,1767,2026-10-12,2323.395264,10.000000,1983.094604,50.000000,0.000000,0.000000,-0.000000,0.000000,0.000000,2447.898193,50.000000,0.000000,0.000000,-0.000000,0.000000,0.000000,2313.505371,50.000000,0.000000,0.000000,-0.000000,0.000000,0.000000,0.000000,-31753.132812,8068.796875,-39821.929688,969469.000000,929647.062500
ml,p95,1767,2026-10-13,2304.973633,10.000000,1983.094604,50.000000,0.000000,0.000000,-0.000000,0.000000,0.000000,2447.898193,50.000000,0.000000,0.000000,-0.000000,0.000000,0.000000,2305.212158,50.000000,0.000000,0.000000,-0.000000,0.000000,0.000000,0.000000,-31753.132812,8068.796875,-39821.929688,969469.000000,929647.062500
ml,p95,1767,2026-10-14,2266.484131,10.000000,1983.094604,50.000000,0.000000,0.000000,-0.000000,0.000000,0.000000,2447.898193,50.000000,0.000000,0.000000,-0.000000,0.000000,0.000000,2261.463623,50.000000,0.000000,0.000000,-0.000000,0.000000,0.000000,0.000000,-31753.132812,8068.796875,-39821.929688,969469.000000,929647.062500
ml,p95,1767,2026-10-15,2296.655273,10.000000,1983.094604,50.000000,0.000000,0.000000,-0.000000,0.000000,0.000000,2447.898193,50.000000,0.000000,0.000000,-0.000000,0.000000,0.000000,2294.907715,50.000000,0.000000,0.000000,-0.000000,0.000000,0.000000,0.000000,-31753.132812,8068.796875,-39821.929688,969469.000000,929647.062500
ml,p95,1767,2026-10-16,2231.621094,10.000000,1983.094604,50.000000,0.000000,0.000000,-0.000000,0.000000,0.000000,2447.898193,50.000000,0.000000,0.000000,-0.000000,0.000000,0.000000,2211.486572,50.000000,0.000000,0.000000,-0.000000,0.000000,0.000000,0.000000,-31753.132812,8068.796875,-39821.929688,969469.000000,929647.062500
ml,p95,1767,2026-10-17,2239.051514,10.000000,1983.094604,50.000000,0.000000,0.000000,-0.000000,0.000000,0.000000,2447.898193,50.000000,0.000000,0.000000,-0.000000,0.000000,0.000000,2233.281494,50.000000,0.000000,0.000000,-0.000000,0.000000,0.000000,0.000000,-31753.132812,8068.796875,-39821.929688,969469.000000,929647.062500
ml,p95,1767,2026-10-18,2255.045410,10.000000,1983.094604,50.000000,0.000000,0.000000,-0.000000,0.000000,0.000000,2447.898193,50.000000,0.000000,0.000000,-0.000000,0.000000,0.000000,2253.156738,50.000000,0.000000,0.000000,-0.000000,0.000000,0.000000,0.000000,-31753.132812,8068.796875,-39821.929688,969469.000000,929647.062500
ml,p95,1767,2026-10-19,2245.665771,10.000000,1983.094604,50.000000,0.000000,0.000000,-0.000000,0.000000,0.000000,2447.898193,50.000000,0.000000,0.000000,-0.000000,0.000000,0.000000,2256.190186,50.000000,0.000000,0.000000,-0.000000,0.000000,0.000000,0.000000,-31753.132812,8068.796875,-39821.929688,969469.000000,929647.062500
ml,p95,1767,2026-10-20,2223.995850,10.000000,1983.094604,50.000000,0.000000,0.000000,-0.000000,0.000000,0.000000,2447.898193,50.000000,0.000000,0.000000,-0.000000,0.000000,0.000000,2219.260498,50.000000,0.000000,0.000000,-0.000000,0.000000,0.000000,0.000000,-31753.132812,8068.796875,-39821.929688,969469.000000,929647.062500
ml,p95,1767,2026-10-21,2204.113281,10.000000,1983.094604,50.000000,0.000000,0.000000,-0.000000,0.000000,0.000000,2447.898193,50.000000,0.000000,0.000000,-0.000000,0.000000,0.000000,2207.197021,50.000000,0.000000,0.000000,-0.000000,0.000000,0.000000,0.000000,-31753.132812,8068.796875,-39821.929688,969469.000000,929647.062500
ml,p95,1767,2026-10-22,2206.070068,10.000000,1983.094604,50.000000,0.000000,0.000000,-0.000000,0.000000,0.000000,2447.898193,50.000000,0.000000,0.000000,-0.000000,0.000000,0.000000,2192.196777,50.000000,0.000000,0.000000,-0.000000,0.000000,0.000000,0.000000,-31753.132812,8068.796875,-39821.929688,969469.000000,929647.062500
ml,p95,1767,2026-10-23,2212.162842,10.000000,1983.094604,50.000000,0.000000,0.000000,-0.000000,0.000000,0.000000,2447.898193,50.000000,0.000000,0.000000,-0.000000,0.000000,0.000000,2210.607910,50.000000,0.000000,0.000000,-0.000000,0.000000,0.000000,0.000000,-31753.132812,8068.796875,-39821.929688,969469.000000,929647.062500
ml,p95,1767,2026-10-24,2211.099854,10.000000,1983.094604,50.000000,0.000000,0.000000,-0.000000,0.000000,0.000000,2447.898193,50.000000,0.000000,0.000000,-0.000000,0.000000,0.000000,2212.030029,50.000000,0.000000,0.000000,-0.000000,0.000000,0.000000,0.000000,-31753.132812,8068.796875,-39821.929688,969469.000000,929647.062500
ml,p95,1767,2026-10-25,2204.798584,10.000000,1983.094604,50.000000,0.000000,0.000000,-0.000000,0.000000,0.000000,2447.898193,50.000000,0.000000,0.000000,-0.000000,0.000000,0.000000,2189.930176,50.000000,0.000000,0.000000,-0.000000,0.000000,0.000000,0.000000,-31753.132812,8068.796875,-39821.929688,969469.000000,929647.062500
ml,p95,1767,2026-10-26,2195.647949,10.000000,1983.094604,50.000000,0.000000,0.000000,-0.000000,0.000000,0.000000,2447.898193,50.000000,0.000000,0.000000,-0.000000,0.000000,0.000000,2180.655518,50.000000,0.000000,0.000000,-0.000000,0.000000,0.000000,0.000000,-31753.132812,8068.796875,-39821.929688,969469.000000,929647.062500
ml,p95,1767,2026-10-27,2196.412354,10.000000,1983.094604,50.000000,0.000000,0.000000,-0.000000,0.000000,0.000000,2447.898193,50.000000,0.000000,0.000000,-0.000000,0.000000,0.000000,2195.197510,50.000000,0.000000,0.000000,-0.000000,0.000000,0.000000,0.000000,-31753.132812,8068.796875,-39821.929688,969469.000000,929647.062500
ml,p95,1767,2026-10-28,2178.390869,10.000000,1983.094604,50.000000,0.000000,0.000000,-0.000000,0.000000,0.000000,2447.898193,50.000000,0.000000,0.000000,-0.000000,0.000000,0.000000,2124.406250,50.000000,0.000000,0.000000,-0.000000,0.000000,0.000000,0.000000,-31753.132812,8068.796875,-39821.929688,969469.000000,929647.062500
ml,p95,1767,2026-10-29,2190.973877,10.000000,1983.094604,50.000000,0.000000,0.000000,-0.000000,0.000000,0.000000,2447.898193,50.000000,0.000000,0.000000,-0.000000,0.000000,0.000000,2151.730957,50.000000,0.000000,0.000000,-0.000000,0.000000,0.000000,0.000000,-31753.132812,8068.796875,-39821.929688,969469.000000,929647.062500
ml,p95,1767,2026-10-30,2188.632080,10.000000,1983.094604,50.000000,0.000000,0.000000,-0.000000,0.000000,0.000000,2447.898193,50.000000,0.000000,0.000000,-0.000000,0.000000,0.000000,2151.730957,50.000000,0.000000,0.000000,-0.000000,0.000000,0.000000,0.000000,-31753.132812,8068.796875,-39821.929688,969469.000000,929647.062500
ml,best,325,2026-04-10,2055.000244,10.000000,2026.171509,50.000000,-1.000000,-1.000000,101308.578125,50.654285,-101308.578125,2047.068848,50.000000,-1.000000,-1.000000,102353.445312,51.176720,-102353.445312,2070.749756,50.000000,-1.000000,-1.000000,103537.484375,51.768742,-103537.484375,-307199.500000,307199.500000,153.599747,-153.599747,29559.361328,29405.761719
ml,best,325,2026-04-11,2077.659912,10.000000,2086.581787,50.000000,-1.000000,0.000000,-0.000000,0.000000,-104329.085938,2105.925537,50.000000,-1.000000,0.000000,-0.000000,0.000000,-105296.273438,2128.952148,50.000000,-1.000000,0.000000,-0.000000,0.000000,-106447.609375,-316072.968750,307199.500000,153.599747,-9027.068359,80643.484375,71616.414062
ml,best,325,2026-04-12,2080.110352,10.000000,2094.996582,50.000000,-1.000000,0.000000,-0.000000,0.000000,-104749.828125,2114.923828,50.000000,-1.000000,0.000000,-0.000000,0.000000,-105746.187500,2137.597900,50.000000,-1.000000,0.000000,-0.000000,0.000000,-106879.898438,-317375.906250,307199.500000,153.599747,-10330.005859,84836.765625,74506.757812
ml,best,325,2026-04-13,2073.761230,10.000000,2079.749023,50.000000,-2.000000,-1.000000,103987.453125,51.993725,-207974.906250,2101.913574,50.000000,-2.000000,-1.000000,105095.679688,52.547836,-210191.359375,2124.703369,50.000000,-2.000000,-1.000000,106235.171875,53.117588,-212470.343750,-630636.625000,622517.812500,311.258881,-8430.071289,65080.207031,56650.136719
ml,best,325,2026-04-14,2085.043945,10.000000,2073.198975,50.000000,-3.000000,-1.000000,103659.945312,51.829971,-310979.843750,2096.319336,50.000000,-3.000000,-1.000000,104815.968750,52.407982,-314447.906250,2118.910645,50.000000,-3.000000,-1.000000,105945.531250,52.972763,-317836.593750,-943264.375000,936939.250000,468.469635,-6793.594727,100944.539062,94150.945312
ml,best,325,2026-04-15,2117.156494,10.000000,2138.235840,50.000000,-4.000000,-1.000000,106911.789062,53.455891,-427647.156250,2161.851562,50.000000,-4.000000,-1.000000,108092.578125,54.046288,-432370.312500,2185.149414,50.000000,-4.000000,-1.000000,109257.468750,54.628735,-437029.875000,-1297047.375000,1261201.125000,630.600525,-36476.851562,187798.578125,151321.718750
ml,best,325,2026-04-16,2118.461426,10.000000,2133.824463,50.000000,-5.000000,-1.000000,106691.226562,53.345612,-533456.125000,2155.512939,50.000000,-5.000000,-1.000000,107775.648438,53.887825,-538878.250000,2177.406494,50.000000,-5.000000,-1.000000,108870.328125,54.435162,-544351.625000,-1616686.000000,1584538.250000,792.269104,-32940.019531,195114.875000,162174.859375
ml,best,325,2026-04-17,2071.261963,10.000000,2070.246338,50.000000,-6.000000,-1.000000,103512.320312,51.756157,-621073.937500,2089.495605,50.000000,-6.000000,-1.000000,104474.781250,52.237389,-626848.687500,2109.449463,50.000000,-6.000000,-1.000000,105472.476562,52.736237,-632834.875000,-1880757.500000,1897998.000000,948.998962,16291.500977,81942.812500,98234.312500
ml,best,325,2026-04-18,2105.525391,10.000000,2111.524658,50.000000,-6.000000,0.000000,-0.000000,0.000000,-633457.437500,2131.820312,50.000000,-6.000000,0.000000,-0.000000,0.000000,-639546.125000,2151.842529,50.000000,-6.000000,0.000000,-0.000000,0.000000,-645552.750000,-1918556.250000,1897998.000000,948.998962,-21507.248047,172289.765625,150782.515625
ml,best,325,2026-04-19,2122.204346,10.000000,2136.649902,50.000000,-6.000000,0.000000,-0.000000,0.000000,-640995.000000,2157.997559,50.000000,-6.000000,0.000000,-0.000000,0.000000,-647399.250000,2179.418945,50.000000,-6.000000,0.000000,-0.000000,0.000000,-653825.687500,-1942220.000000,1897998.000000,948.998962,-45171.000000,219252.640625,174081.640625
ml,best,325,2026-04-20,2136.887695,10.000000,2151.269531,50.000000,-7.000000,-1.000000,107563.476562,53.781734,-752944.312500,2173.758789,50.000000,-7.000000,-1.000000,108687.937500,54.343967,-760815.562500,2196.479004,50.000000,-7.000000,-1.000000,109823.953125,54.911972,-768767.687500,-2282527.500000,2224073.250000,1112.036621,-59566.285156,266610.000000,207043.718750
ml,best,325,2026-04-21,2132.611328,10.000000,2145.725098,50.000000,-6.000000,1.000000,-107286.257812,53.643131,-643717.500000,2167.370361,50.000000,-8.000000,-1.000000,108368.515625,54.184254,-866948.125000,2190.739258,50.000000,-8.000000,-1.000000,109536.960938,54.768478,-876295.687500,-2386961.250000,2334692.500000,1274.632446,-53543.382812,266857.281250,213313.906250
ml,best,325,2026-04-22,2150.999512,10.000000,2163.682129,50.000000,-7.000000,-1.000000,108184.109375,54.092056,-757288.750000,2186.513672,50.000000,-7.000000,1.000000,-109325.687500,54.662842,-765279.812500,2210.879395,50.000000,-9.000000,-1.000000,110543.968750,55.271988,-994895.687500,-2517464.250000,2444095.000000,1438.659302,-74807.906250,314271.562500,239463.656250
ml,best,325,2026-04-23,2158.334473,10.000000,2168.211670,50.000000,-6.000000,1.000000,-108410.585938,54.205292,-650463.500000,2192.469482,50.000000,-8.000000,-1.000000,109623.476562,54.811737,-876987.812500,2217.595215,50.000000,-10.000000,-1.000000,110879.757812,55.439880,-1108797.625000,-2636249.000000,2556187.500000,1603.116211,-81664.617188,341241.062500,259576.437500
ml,best,325,2026-04-24,2192.527100,10.000000,2203.131104,50.000000,-7.000000,-1.000000,110156.554688,55.078274,-771095.875000,2227.499023,50.000000,-9.000000,-1.000000,111374.953125,55.687473,-1002374.625000,2253.495361,50.000000,-8.000000,2.000000,-225349.531250,112.674759,-901398.125000,-2674868.500000,2552369.500000,1826.556763,-124325.554688,425025.031250,300699.468750
ml,best,325,2026-04-25,2216.277588,10.000000,2196.008301,50.000000,-7.000000,0.000000,-0.000000,0.000000,-768602.937500,2221.102783,50.000000,-9.000000,0.000000,-0.000000,0.000000,-999496.312500,2247.148926,50.000000,-8.000000,0.000000,-0.000000,0.000000,-898859.562500,-2666958.750000,2552369.500000,1826.556763,-116415.804688,491288.281250,374872.468750
ml,best,325,2026-04-26,2196.306641,10.000000,2192.730957,50.000000,-7.000000,0.000000,-0.000000,0.000000,-767455.875000,2220.142578,50.000000,-9.000000,0.000000,-0.000000,0.000000,-999064.187500,2248.038330,50.000000,-8.000000,0.000000,-0.000000,0.000000,-899215.312500,-2665735.250000,2552369.500000,1826.556763,-115192.304688,447132.375000,331940.062500
ml,best,325,2026-04-27,2187.066895,10.000000,2214.626953,50.000000,-6.000000,1.000000,-110731.343750,55.365673,-664388.062500,2243.395264,50.000000,-8.000000,1.000000,-112169.765625,56.084881,-897358.125000,2271.737305,50.000000,-9.000000,-1.000000,113586.867188,56.793430,-1022281.812500,-2584028.000000,2443055.250000,1994.800781,-142967.546875,426809.562500,283842.000000
ml,best,325,2026-04-28,2215.848389,10.000000,2245.851318,50.000000,-7.000000,-1.000000,112292.562500,56.146278,-786047.937500,2274.555420,50.000000,-7.000000,1.000000,-113727.773438,56.863888,-796094.375000,2303.877441,50.000000,-10.000000,-1.000000,115193.875000,57.596935,-1151938.625000,-2734081.000000,2556813.750000,2165.407715,-179432.656250,499988.093750,320555.437500
ml,best,325,2026-04-29,2229.236572,10.000000,2225.265869,50.000000,-5.000000,2.000000,-222526.593750,111.263298,-556316.437500,2253.376221,50.000000,-8.000000,-1.000000,112668.812500,56.334404,-901350.500000,2282.530518,50.000000,-7.000000,3.000000,-342379.593750,171.189789,-798885.687500,-2256552.750000,2104576.500000,2504.195312,-154480.437500,545922.250000,391441.812500
ml,best,325,2026-04-30,2220.207031,10.000000,2225.265869,50.000000,-4.000000,1.000000,-111263.296875,55.631649,-445053.187500,2253.994873,50.000000,-9.000000,-1.000000,112699.742188,56.349869,-1014297.625000,2282.173828,50.000000,-8.000000,-1.000000,114108.687500,57.054344,-912869.500000,-2372220.250000,2220121.500000,2673.231201,-154771.984375,514040.437500,359268.437500
ml,best,325,2026-05-01,2214.137451,10.000000,2225.265869,50.000000,-3.000000,1.000000,-111263.296875,55.631649,-333789.906250,2245.095215,50.000000,-7.000000,2.000000,-224509.515625,112.254761,-785783.312500,2272.297363,50.000000,-9.000000,-1.000000,113614.867188,56.807430,-1022533.812500,-2142107.000000,1997963.750000,2897.925049,-147041.171875,497988.437500,350947.250000
ml,best,325,2026-05-02,2226.655029,10.000000,2225.265869,50.000000,-3.000000,0.000000,-0.000000,0.000000,-333789.906250,2265.774658,50.000000,-7.000000,0.000000,-0.000000,0.000000,-793021.125000,2291.747314,50.000000,-9.000000,0.000000,-0.000000,0.000000,-1031286.312500,-2158097.250000,1997963.750000,2897.925049,-163031.421875,528002.312500,364970.875000
ml,best,325,2026-05-03,2269.630127,10.000000,2225.265869,50.000000,-3.000000,0.000000,-0.000000,0.000000,-333789.906250,2314.136230,50.000000,-7.000000,0.000000,-0.000000,0.000000,-809947.625000,2341.135010,50.000000,-9.000000,0.000000,-0.000000,0.000000,-1053510.750000,-2197248.250000,1997963.750000,2897.925049,-202182.421875,637509.812500,435327.375000
ml,best,325,2026-05-04,2294.436768,10.000000,2225.265869,50.000000,-3.000000,0.000000,-0.000000,0.000000,-333789.906250,2336.777100,50.000000,-8.000000,-1.000000,116838.851562,58.419422,-934710.812500,2365.526367,50.000000,-6.000000,3.000000,-354828.968750,177.414490,-709657.937500,-1978158.750000,1759973.500000,3133.759033,-221319.015625,701355.125000,480036.125000
ml,best,325,2026-05-05,2307.329102,10.000000,2225.265869,50.000000,-3.000000,0.000000,-0.000000,0.000000,-333789.906250,2363.614502,50.000000,-6.000000,2.000000,-236361.453125,118.180725,-709084.375000,2392.551025,50.000000,-7.000000,-1.000000,119627.554688,59.813774,-837392.875000,-1880267.125000,1643239.750000,3311.753418,-240339.125000,732316.812500,491977.687500
ml,best,325,2026-05-06,2341.075439,10.000000,2225.265869,50.000000,-3.000000,0.000000,-0.000000,0.000000,-333789.906250,2387.946533,50.000000,-7.000000,-1.000000,119397.328125,59.698662,-835781.250000,2417.335205,50.000000,-8.000000,-1.000000,120866.757812,60.433380,-966934.062500,-2136505.250000,1883503.750000,3431.885498,-256433.390625,819153.437500,562720.062500
ml,best,325,2026-05-07,2380.406006,10.000000,2225.265869,50.000000,-3.000000,0.000000,-0.000000,0.000000,-333789.906250,2425.884277,50.000000,-8.000000,-1.000000,121294.210938,60.647106,-970353.687500,2456.096924,50.000000,-9.000000,-1.000000,122804.843750,61.402424,-1105243.625000,-2409387.250000,2127602.750000,3553.935059,-285338.437500,919496.687500,634158.250000
ml,best,325,2026-05-08,2384.359375,10.000000,2225.265869,50.000000,-3.000000,0.000000,-0.000000,0.000000,-333789.906250,2420.666748,50.000000,-6.000000,2.000000,-242066.671875,121.033333,-726200.000000,2452.045898,50.000000,-6.000000,3.000000,-367806.875000,183.903442,-735613.750000,-1795603.625000,1517729.250000,3858.871826,-281733.250000,925484.500000,643751.250000
ml,best,325,2026-05-09,2417.990967,10.000000,2225.265869,50.000000,-3.000000,0.000000,-0.000000,0.000000,-333789.906250,2443.639160,50.000000,-6.000000,0.000000,-0.000000,0.000000,-733091.750000,2474.467773,50.000000,-6.000000,0.000000,-0.000000,0.000000,-742340.312500,-1809222.000000,1517729.250000,3858.871826,-295351.625000,1000914.687500,705563.062500
ml,best,325,2026-05-10,2411.445312,10.000000,2225.265869,50.000000,-3.000000,0.000000,-0.000000,0.000000,-333789.906250,2433.931641,50.000000,-6.000000,0.000000,-0.000000,0.000000,-730179.500000,2464.939941,50.000000,-6.000000,0.000000,-0.000000,0.000000,-739482.000000,-1803451.375000,1517729.250000,3858.871826,-289581.000000,980686.375000,691105.375000
ml,best,325,2026-05-11,2370.896240,10.000000,2225.265869,50.000000,-3.000000,0.000000,-0.000000,0.000000,-333789.906250,2374.228760,50.000000,-7.000000,-1.000000,118711.437500,59.355717,-830980.062500,2403.072998,50.000000,-7.000000,-1.000000,120153.648438,60.076824,-841075.562500,-2005845.500000,1756594.375000,3978.304199,-253229.421875,878586.062500,625356.625000
ml,best,325,2026-05-12,2407.736328,10.000000,2225.265869,50.000000,-2.000000,1.000000,-111263.296875,55.631649,-222526.593750,2445.165283,50.000000,-5.000000,2.000000,-244516.531250,122.258263,-611291.312500,2478.376709,50.000000,-8.000000,-1.000000,123918.835938,61.959415,-991350.687500,-1825168.500000,1524733.375000,4218.153809,-304653.281250,969552.062500,664898.750000
ml,best,325,2026-05-13,2383.004150,10.000000,2225.265869,50.000000,-2.000000,0.000000,-0.000000,0.000000,-222526.593750,2390.623779,50.000000,-6.000000,-1.000000,119531.187500,59.765591,-717187.125000,2420.910645,50.000000,-5.000000,3.000000,-363136.593750,181.568283,-605227.625000,-1544941.375000,1281128.000000,4459.487305,-268272.875000,911837.125000,643564.250000
ml,best,325,2026-05-14,2376.153320,10.000000,2225.265869,50.000000,-2.000000,0.000000,-0.000000,0.000000,-222526.593750,2389.766357,50.000000,-7.000000,-1.000000,119488.320312,59.744160,-836418.250000,2420.770508,50.000000,-6.000000,-1.000000,121038.523438,60.519260,-726231.125000,-1785176.000000,1521654.875000,4579.750977,-268100.875000,892935.125000,624834.250000
ml,best,325,2026-05-15,2337.338623,10.000000,2225.265869,50.000000,-2.000000,0.000000,-0.000000,0.000000,-222526.593750,2346.815430,50.000000,-4.000000,3.000000,-352022.312500,176.011169,-469363.093750,2377.354004,50.000000,-7.000000,-1.000000,118867.703125,59.433849,-832073.937500,-1523963.625000,1288500.250000,4815.195801,-240278.578125,793653.062500,553374.500000
ml,best,325,2026-05-16,2328.530273,10.000000,2225.265869,50.000000,-2.000000,0.000000,-0.000000,0.000000,-222526.593750,2343.208984,50.000000,-4.000000,0.000000,-0.000000,0.000000,-468641.812500,2369.914307,50.000000,-7.000000,0.000000,-0.000000,0.000000,-829470.000000,-1520638.375000,1288500.250000,4815.195801,-236953.328125,770464.062500,533510.750000
ml,best,325,2026-05-17,2322.375000,10.000000,2225.265869,50.000000,-2.000000,0.000000,-0.000000,0.000000,-222526.593750,2315.964600,50.000000,-4.000000,0.000000,-0.000000,0.000000,-463192.906250,2346.057129,50.000000,-7.000000,0.000000,-0.000000,0.000000,-821120.000000,-1506839.500000,1288500.250000,4815.195801,-223154.453125,752541.000000,529386.562500
ml,best,325,2026-05-18,2338.397705,10.000000,2225.265869,50.000000,-2.000000,0.000000,-0.000000,0.000000,-222526.593750,2298.143799,50.000000,-5.000000,-1.000000,114907.187500,57.453590,-574535.937500,2329.901123,50.000000,-8.000000,-1.000000,116495.054688,58.247524,-931960.437500,-1729023.000000,1519902.500000,4930.896973,-214051.390625,787605.625000,573554.250000
ml,best,325,2026-05-19,2371.219482,10.000000,2225.265869,50.000000,-2.000000,0.000000,-0.000000,0.000000,-222526.593750,2374.454590,50.000000,-6.000000,-1.000000,118722.726562,59.361362,-712336.375000,2406.048340,50.000000,-6.000000,2.000000,-240604.828125,120.302406,-721814.500000,-1656677.500000,1398020.250000,5110.560547,-263767.812500,870164.187500,606396.375000
ml,best,325,2026-05-20,2371.376709,10.000000,2225.265869,50.000000,-2.000000,0.000000,-0.000000,0.000000,-222526.593750,2407.080566,50.000000,-7.000000,-1.000000,120354.031250,60.177010,-842478.250000,2438.443115,50.000000,-7.000000,-1.000000,121922.156250,60.961075,-853455.062500,-1918460.000000,1640296.500000,5231.699219,-283395.187500,868999.000000,585603.812500
ml,best,325,2026-05-21,2357.257324,10.000000,2225.265869,50.000000,-2.000000,0.000000,-0.000000,0.000000,-222526.593750,2374.978027,50.000000,-5.000000,2.000000,-237497.796875,118.748894,-593744.500000,2404.551514,50.000000,-8.000000,-1.000000,120227.578125,60.113785,-961820.625000,-1778091.750000,1523026.250000,5410.561523,-260476.062500,832307.937500,571831.875000
ml,best,325,2026-05-22,2335.738770,10.000000,2225.265869,50.000000,-2.000000,0.000000,-0.000000,0.000000,-222526.593750,2370.887695,50.000000,-6.000000,-1.000000,118544.382812,59.272194,-711266.312500,2396.239014,50.000000,-6.000000,2.000000,-239623.906250,119.811951,-718871.687500,-1652664.500000,1401946.750000,5589.645508,-256307.390625,774254.562500,517947.187500
ml,best,325,2026-05-23,2374.938965,10.000000,2225.265869,50.000000,-2.000000,0.000000,-0.000000,0.000000,-222526.593750,2400.369873,50.000000,-6.000000,0.000000,-0.000000,0.000000,-720110.937500,2426.634033,50.000000,-6.000000,0.000000,-0.000000,0.000000,-727990.250000,-1670627.750000,1401946.750000,5589.645508,-274270.656250,872312.250000,598041.625000
ml,best,325,2026-05-24,2453.343994,10.000000,2225.265869,50.000000,-2.000000,0.000000,-0.000000,0.000000,-222526.593750,2483.562500,50.000000,-6.000000,0.000000,-0.000000,0.000000,-745068.750000,2513.325684,50.000000,-6.000000,0.000000,-0.000000,0.000000,-753997.687500,-1721593.000000,1401946.750000,5589.645508,-325235.906250,1069517.250000,744281.375000
ml,best,325,2026-05-25,2440.498779,10.000000,2225.265869,50.000000,-2.000000,0.000000,-0.000000,0.000000,-222526.593750,2457.968506,50.000000,-6.000000,0.000000,-0.000000,0.000000,-737390.500000,2491.132080,50.000000,-6.000000,0.000000,-0.000000,0.000000,-747339.625000,-1707256.750000,1401946.750000,5589.645508,-310899.656250,1037716.062500,726816.375000
ml,best,325,2026-05-26,2499.772705,10.000000,2225.265869,50.000000,-2.000000,0.000000,-0.000000,0.000000,-222526.593750,2529.262939,50.000000,-4.000000,2.000000,-252926.296875,126.463150,-505852.593750,2564.077881,50.000000,-7.000000,-1.000000,128203.890625,64.101944,-897427.250000,-1625806.500000,1277224.375000,5780.210938,-354362.343750,1185428.625000,831066.250000
ml,best,325,2026-05-27,2506.572510,10.000000,2225.265869,50.000000,-2.000000,0.000000,-0.000000,0.000000,-222526.593750,2530.796875,50.000000,-5.000000,-1.000000,126539.843750,63.269924,-632699.250000,2567.518311,50.000000,-5.000000,2.000000,-256751.828125,128.375916,-641879.562500,-1497105.500000,1147012.500000,5971.856445,-356064.843750,1202317.875000,846253.000000
ml,best,325,2026-05-28,2532.149658,10.000000,2225.265869,50.000000,-2.000000,0.000000,-0.000000,0.000000,-222526.593750,2552.337158,50.000000,-6.000000,-1.000000,127616.859375,63.808430,-765701.187500,2591.810547,50.000000,-6.000000,-1.000000,129590.531250,64.795258,-777543.187500,-1765771.000000,1404219.875000,6100.460449,-367651.593750,1271608.000000,903956.375000
ml,best,325,2026-05-29,2613.741211,10.000000,2225.265869,50.000000,-2.000000,0.000000,-0.000000,0.000000,-222526.593750,2633.715576,50.000000,-4.000000,2.000000,-263371.562500,131.685776,-526743.125000,2672.932129,50.000000,-7.000000,-1.000000,133646.609375,66.823303,-935526.250000,-1684796.000000,1274494.750000,6298.969727,-416600.218750,1478035.750000,1061435.500000
ml,best,325,2026-05-30,2636.044189,10.000000,2225.265869,50.000000,-2.000000,0.000000,-0.000000,0.000000,-222526.593750,2632.985352,50.000000,-4.000000,0.000000,-0.000000,0.000000,-526597.062500,2674.446289,50.000000,-7.000000,0.000000,-0.000000,0.000000,-936056.250000,-1685179.875000,1274494.750000,6298.969727,-416984.093750,1531602.750000,1114618.625000
ml,best,325,2026-05-31,2619.235840,10.000000,2225.265869,50.000000,-2.000000,0.000000,-0.000000,0.000000,-222526.593750,2622.742188,50.000000,-4.000000,0.000000,-0.000000,0.000000,-524548.437500,2663.031738,50.000000,-7.000000,0.000000,-0.000000,0.000000,-932061.125000,-1679136.125000,1274494.750000,6298.969727,-410940.343750,1480454.750000,1069514.375000
ml,best,325,2026-06-01,2660.208740,10.000000,2225.265869,50.000000,-2.000000,0.000000,-0.000000,0.000000,-222526.593750,2679.272217,50.000000,-5.000000,-1.000000,133963.609375,66.981804,-669818.062500,2720.010742,50.000000,-5.000000,2.000000,-272001.062500,136.000519,-680002.687500,-1572347.250000,1136457.375000,6501.952148,-442391.812500,1581664.250000,1139272.500000
ml,best,325,2026-06-02,2637.189697,10.000000,2225.265869,50.000000,-2.000000,0.000000,-0.000000,0.000000,-222526.593750,2658.705078,50.000000,-4.000000,1.000000,-132935.250000,66.467621,-531741.000000,2697.037109,50.000000,-6.000000,-1.000000,134851.859375,67.425926,-809111.125000,-1563378.750000,1138374.000000,6635.845703,-431640.593750,1522040.375000,1090399.750000
ml,best,325,2026-06-03,2592.808594,10.000000,2225.265869,50.000000,-2.000000,0.000000,-0.000000,0.000000,-222526.593750,2607.842773,50.000000,-5.000000,-1.000000,130392.140625,65.196068,-651960.687500,2647.698975,50.000000,-4.000000,2.000000,-264769.906250,132.384949,-529539.812500,-1404027.000000,1003996.250000,6833.426270,-406864.187500,1412625.500000,1005761.312500
ml,best,325,2026-06-04,2588.786377,10.000000,2225.265869,50.000000,-2.000000,0.000000,-0.000000,0.000000,-222526.593750,2592.304688,50.000000,-3.000000,2.000000,-259230.468750,129.615234,-388845.687500,2634.685303,50.000000,-5.000000,-1.000000,131734.265625,65.867126,-658671.312500,-1270043.500000,876500.000000,7028.908691,-400572.406250,1400948.875000,1000376.500000
ml,best,325,2026-06-05,2576.384033,10.000000,2225.265869,50.000000,-2.000000,0.000000,-0.000000,0.000000,-222526.593750,2588.291992,50.000000,-4.000000,-1.000000,129414.601562,64.707298,-517658.406250,2629.635498,50.000000,-6.000000,-1.000000,131481.781250,65.740883,-788890.625000,-1529075.625000,1137396.375000,7159.356934,-398838.593750,1365113.250000,966274.625000
ml,best,325,2026-06-06,2579.862061,10.000000,2225.265869,50.000000,-2.000000,0.000000,-0.000000,0.000000,-222526.593750,2596.176025,50.000000,-4.000000,0.000000,-0.000000,0.000000,-519235.218750,2637.029053,50.000000,-6.000000,0.000000,-0.000000,0.000000,-791108.687500,-1532870.500000,1137396.375000,7159.356934,-402633.468750,1372118.375000,969484.875000
ml,best,325,2026-06-07,2587.998779,10.000000,2225.265869,50.000000,-2.000000,0.000000,-0.000000,0.000000,-222526.593750,2599.069580,50.000000,-4.000000,0.000000,-0.000000,0.000000,-519813.906250,2646.105713,50.000000,-6.000000,0.000000,-0.000000,0.000000,-793831.750000,-1536172.250000,1137396.375000,7159.356934,-405935.218750,1392766.250000,986831.000000
ml,best,325,2026-06-08,2567.550293,10.000000,2225.265869,50.000000,-2.000000,0.000000,-0.000000,0.000000,-222526.593750,2569.417236,50.000000,-5.000000,-1.000000,128470.859375,64.235428,-642354.312500,2610.670898,50.000000,-4.000000,2.000000,-261067.093750,130.533554,-522134.187500,-1387015.000000,1004800.187500,7354.125977,-389568.937500,1340575.875000,951006.937500
ml,best,325,2026-06-09,2588.660400,10.000000,2225.265869,50.000000,-2.000000,0.000000,-0.000000,0.000000,-222526.593750,2591.573975,50.000000,-3.000000,2.000000,-259157.390625,129.578690,-388736.093750,2634.682129,50.000000,-5.000000,-1.000000,131734.109375,65.867058,-658670.500000,-1269933.250000,877376.875000,7549.572266,-400105.937500,1397226.125000,997120.187500
ml,best,325,2026-06-10,2605.624023,10.000000,2225.265869,50.000000,-2.000000,0.000000,-0.000000,0.000000,-222526.593750,2605.183594,50.000000,-4.000000,-1.000000,130259.179688,65.129585,-521036.718750,2645.179199,50.000000,-4.000000,1.000000,-132258.953125,66.129471,-529035.812500,-1272599.125000,875377.125000,7680.831055,-404902.843750,1437750.875000,1032848.000000
ml,best,325,2026-06-11,2615.719971,10.000000,2225.265869,50.000000,-2.000000,0.000000,-0.000000,0.000000,-222526.593750,2631.752197,50.000000,-3.000000,1.000000,-131587.609375,65.793808,-394762.843750,2670.489014,50.000000,-5.000000,-1.000000,133524.453125,66.762222,-667622.250000,-1284911.750000,877314.000000,7813.386719,-415411.125000,1458529.500000,1043118.375000
ml,best,325,2026-06-12,2583.505859,10.000000,2225.265869,50.000000,-2.000000,0.000000,-0.000000,0.000000,-222526.593750,2602.907715,50.000000,-4.000000,-1.000000,130145.382812,65.072693,-520581.531250,2639.422607,50.000000,-3.000000,2.000000,-263942.250000,131.971115,-395913.375000,-1139021.500000,743517.125000,8010.430664,-403514.812500,1377266.750000,973751.937500
ml,best,325,2026-06-13,2591.727295,10.000000,2225.265869,50.000000,-2.000000,0.000000,-0.000000,0.000000,-222526.593750,2615.288818,50.000000,-4.000000,0.000000,-0.000000,0.000000,-523057.750000,2650.077637,50.000000,-3.000000,0.000000,-0.000000,0.000000,-397511.656250,-1143096.000000,743517.125000,8010.430664,-407589.312500,1396512.250000,988922.937500
ml,best,325,2026-06-14,2587.379395,10.000000,2225.265869,50.000000,-2.000000,0.000000,-0.000000,0.000000,-222526.593750,2621.125000,50.000000,-4.000000,0.000000,-0.000000,0.000000,-524225.000000,2657.590088,50.000000,-3.000000,0.000000,-0.000000,0.000000,-398638.531250,-1145390.125000,743517.125000,8010.430664,-409883.437500,1385877.625000,975994.187500
ml,best,325,2026-06-15,2616.864014,10.000000,2225.265869,50.000000,-1.000000,1.000000,-111263.296875,55.631649,-111263.296875,2635.988281,50.000000,-3.000000,1.000000,-131799.406250,65.899696,-395398.250000,2670.301025,50.000000,-4.000000,-1.000000,133515.046875,66.757523,-534060.187500,-1040721.750000,633969.500000,8198.719727,-414950.968750,1458031.875000,1043080.875000
ml,best,325,2026-06-16,2652.344482,10.000000,2225.265869,50.000000,-1.000000,0.000000,-0.000000,0.000000,-111263.296875,2672.813965,50.000000,-4.000000,-1.000000,133640.703125,66.820351,-534562.812500,2705.609863,50.000000,-3.000000,1.000000,-135280.500000,67.640251,-405841.468750,-1051667.625000,632329.625000,8333.179688,-427671.187500,1547097.875000,1119426.750000
ml,best,325,2026-06-17,2607.231201,10.000000,2225.265869,50.000000,-1.000000,0.000000,-0.000000,0.000000,-111263.296875,2624.407227,50.000000,-2.000000,2.000000,-262440.718750,131.220352,-262440.718750,2653.605713,50.000000,-4.000000,-1.000000,132680.281250,66.340134,-530721.125000,-904425.125000,502569.218750,8530.740234,-410386.656250,1433706.125000,1023319.500000
ml,best,325,2026-06-18,2637.320312,10.000000,2225.265869,50.000000,-1.000000,0.000000,-0.000000,0.000000,-111263.296875,2643.389893,50.000000,-3.000000,-1.000000,132169.500000,66.084747,-396508.500000,2674.356689,50.000000,-3.000000,1.000000,-133717.828125,66.858910,-401153.500000,-908925.312500,501020.875000,8663.683594,-416568.125000,1507484.625000,1090916.500000
ml,best,325,2026-06-19,2631.873291,10.000000,2225.265869,50.000000,-1.000000,0.000000,-0.000000,0.000000,-111263.296875,2627.525391,50.000000,-3.000000,0.000000,-0.000000,0.000000,-394128.812500,2659.101807,50.000000,-3.000000,0.000000,-0.000000,0.000000,-398865.281250,-904257.375000,501020.875000,8663.683594,-411900.187500,1493913.000000,1082012.750000
ml,best,325,2026-06-20,2652.976807,10.000000,2225.265869,50.000000,-1.000000,0.000000,-0.000000,0.000000,-111263.296875,2663.759766,50.000000,-3.000000,0.000000,-0.000000,0.000000,-399563.968750,2695.271240,50.000000,-3.000000,0.000000,-0.000000,0.000000,-404290.687500,-915117.937500,501020.875000,8663.683594,-422760.750000,1545861.750000,1123101.000000
ml,best,325,2026-06-21,2675.686035,10.000000,2225.265869,50.000000,-1.000000,0.000000,-0.000000,0.000000,-111263.296875,2698.310547,50.000000,-3.000000,0.000000,-0.000000,0.000000,-404746.593750,2727.553467,50.000000,-3.000000,0.000000,-0.000000,0.000000,-409133.000000,-925142.875000,501020.875000,8663.683594,-432785.687500,1599675.250000,1166889.500000
ml,best,325,2026-06-22,2670.321289,10.000000,2225.265869,50.000000,-1.000000,0.000000,-0.000000,0.000000,-111263.296875,2714.736084,50.000000,-2.000000,1.000000,-135736.796875,67.868401,-271473.593750,2745.410156,50.000000,-4.000000,-1.000000,137270.500000,68.635246,-549082.000000,-931818.875000,502554.562500,8800.187500,-438064.500000,1583080.375000,1145015.875000
ml,best,325,2026-06-23,2706.733154,10.000000,2225.265869,50.000000,-1.000000,0.000000,-0.000000,0.000000,-111263.296875,2758.151367,50.000000,-3.000000,-1.000000,137907.562500,68.953781,-413722.718750,2787.427979,50.000000,-2.000000,2.000000,-278742.812500,139.371399,-278742.812500,-803728.812500,361719.343750,9008.512695,-451017.968750,1670937.750000,1219919.750000
ml,best,325,2026-06-24,2904.173584,10.000000,2225.265869,50.000000,-1.000000,0.000000,-0.000000,0.000000,-111263.296875,2926.171387,50.000000,-2.000000,1.000000,-146308.562500,73.154282,-292617.125000,2958.743408,50.000000,-3.000000,-1.000000,147937.171875,73.968582,-443811.531250,-847692.000000,363347.937500,9155.635742,-493499.687500,2165242.000000,1671742.250000
ml,best,325,2026-06-25,2903.413574,10.000000,2225.265869,50.000000,-1.000000,0.000000,-0.000000,0.000000,-111263.296875,2901.671387,50.000000,-1.000000,1.000000,-145083.562500,72.541779,-145083.562500,2933.386475,50.000000,-2.000000,1.000000,-146669.328125,73.334663,-293338.656250,-549685.500000,71595.054688,9301.511719,-487391.937500,2162681.750000,1675289.750000
ml,best,325,2026-06-26,3098.467529,10.000000,2225.265869,50.000000,-1.000000,0.000000,-0.000000,0.000000,-111263.296875,3141.600342,50.000000,-2.000000,-1.000000,157080.015625,78.540001,-314160.031250,3175.285156,50.000000,-3.000000,-1.000000,158764.250000,79.382126,-476292.781250,-901716.125000,387439.312500,9459.434570,-523736.250000,2651094.250000,2127358.000000
ml,best,325,2026-06-27,3268.769287,10.000000,2225.265869,50.000000,-1.000000,0.000000,-0.000000,0.000000,-111263.296875,3319.256348,50.000000,-2.000000,0.000000,-0.000000,0.000000,-331925.625000,3358.380859,50.000000,-3.000000,0.000000,-0.000000,0.000000,-503757.125000,-946946.062500,387439.312500,9459.434570,-568966.187500,3073906.250000,2504940.000000
ml,best,325,2026-06-28,3320.032959,10.000000,2225.265869,50.000000,-1.000000,0.000000,-0.000000,0.000000,-111263.296875,3382.594482,50.000000,-2.000000,0.000000,-0.000000,0.000000,-338259.437500,3420.667480,50.000000,-3.000000,0.000000,-0.000000,0.000000,-513100.093750,-962622.875000,387439.312500,9459.434570,-584643.000000,3202298.250000,2617655.250000
ml,best,325,2026-06-29,3349.082764,10.000000,2225.265869,50.000000,-1.000000,0.000000,-0.000000,0.000000,-111263.296875,3384.654541,50.000000,-1.000000,1.000000,-169232.734375,84.616364,-169232.734375,3423.520508,50.000000,-2.000000,1.000000,-171176.031250,85.588013,-342352.062500,-622848.125000,47030.554688,9629.638672,-585447.187500,3274274.250000,2688827.000000
ml,best,325,2026-06-30,3283.125000,10.000000,2225.265869,50.000000,-1.000000,0.000000,-0.000000,0.000000,-111263.296875,3305.515625,50.000000,-2.000000,-1.000000,165275.781250,82.637886,-330551.562500,3342.228027,50.000000,-1.000000,1.000000,-167111.406250,83.555695,-167111.406250,-608926.250000,45194.929688,9795.832031,-573527.125000,3106743.750000,2533216.500000
ml,best,325,2026-07-01,3301.080322,10.000000,2225.265869,50.000000,-1.000000,0.000000,-0.000000,0.000000,-111263.296875,3313.282959,50.000000,-1.000000,1.000000,-165664.140625,82.832069,-165664.140625,3354.232178,50.000000,-2.000000,-1.000000,167711.609375,83.855804,-335423.218750,-612350.625000,47242.398438,9962.519531,-575070.750000,3152087.500000,2577016.750000
ml,best,325,2026-07-02,3371.338135,10.000000,2225.265869,50.000000,-1.000000,0.000000,-0.000000,0.000000,-111263.296875,3391.152588,50.000000,-2.000000,-1.000000,169557.625000,84.778809,-339115.250000,3436.581055,50.000000,-1.000000,1.000000,-171829.046875,85.914520,-171829.046875,-622207.625000,44970.976562,10133.213867,-587369.812500,3316756.500000,2729386.750000
ml,best,325,2026-07-03,3364.711914,10.000000,2225.265869,50.000000,-1.000000,0.000000,-0.000000,0.000000,-111263.296875,3387.574707,50.000000,-1.000000,1.000000,-169378.734375,84.689369,-169378.734375,3427.280518,50.000000,-2.000000,-1.000000,171364.031250,85.682007,-342728.062500,-623370.125000,46956.273438,10303.585938,-586717.437500,3300595.250000,2713877.750000
ml,best,325,2026-07-04,3388.379639,10.000000,2225.265869,50.000000,-1.000000,0.000000,-0.000000,0.000000,-111263.296875,3391.872070,50.000000,-1.000000,0.000000,-0.000000,0.000000,-169593.609375,3427.932617,50.000000,-2.000000,0.000000,-0.000000,0.000000,-342793.250000,-623650.125000,46956.273438,10303.585938,-586997.437500,3352671.500000,2765674.000000
ml,best,325,2026-07-05,3404.676025,10.000000,2225.265869,50.000000,-1.000000,0.000000,-0.000000,0.000000,-111263.296875,3422.900391,50.000000,-1.000000,0.000000,-0.000000,0.000000,-171145.015625,3458.426514,50.000000,-2.000000,0.000000,-0.000000,0.000000,-345842.656250,-628251.000000,46956.273438,10303.585938,-591598.312500,3387001.500000,2795403.250000
ml,best,325,2026-07-06,3395.891357,10.000000,2225.265869,50.000000,-1.000000,0.000000,-0.000000,0.000000,-111263.296875,3404.029541,50.000000,0.000000,1.000000,-170201.484375,85.100739,0.000000,3438.405762,50.000000,-1.000000,1.000000,-171920.281250,85.960136,-171920.281250,-283183.562500,-295165.500000,10474.646484,-588823.687500,3369030.500000,2780206.750000
ml,best,325,2026-07-07,3420.306885,10.000000,2225.265869,50.000000,-1.000000,0.000000,-0.000000,0.000000,-111263.296875,3446.838379,50.000000,0.000000,0.000000,-0.000000,0.000000,0.000000,3481.558838,50.000000,-1.000000,0.000000,-0.000000,0.000000,-174077.937500,-285341.250000,-295165.500000,10474.646484,-590981.375000,3418269.750000,2827288.500000
ml,best,325,2026-07-08,3508.449951,10.000000,2225.265869,50.000000,-1.000000,0.000000,-0.000000,0.000000,-111263.296875,3521.545410,50.000000,0.000000,0.000000,-0.000000,0.000000,0.000000,3561.202637,50.000000,-1.000000,0.000000,-0.000000,0.000000,-178060.125000,-289323.437500,-295165.500000,10474.646484,-594963.562500,3589820.000000,2994856.500000
ml,best,325,2026-07-09,3431.353027,10.000000,2225.265869,50.000000,0.000000,1.000000,-111263.296875,55.631649,0.000000,3451.136719,50.000000,0.000000,0.000000,-0.000000,0.000000,0.000000,3486.217041,50.000000,0.000000,1.000000,-174310.859375,87.155426,0.000000,0.000000,-580739.625000,10617.432617,-591357.062500,3446862.000000,2855505.000000
ml,best,325,2026-07-10,3498.666504,10.000000,2225.265869,50.000000,0.000000,0.000000,-0.000000,0.000000,0.000000,3528.619629,50.000000,0.000000,0.000000,-0.000000,0.000000,0.000000,3565.070068,50.000000,-1.000000,-1.000000,178253.500000,89.126747,-178253.500000,-178253.500000,-402486.156250,10706.559570,-591446.187500,3563561.750000,2972115.500000
ml,best,325,2026-07-11,3499.644531,10.000000,2225.265869,50.000000,0.000000,0.000000,-0.000000,0.000000,0.000000,3525.897217,50.000000,0.000000,0.000000,-0.000000,0.000000,0.000000,3563.055176,50.000000,-1.000000,0.000000,-0.000000,0.000000,-178152.765625,-178152.765625,-402486.156250,10706.559570,-591345.500000,3565404.750000,2974059.250000
ml,best,325,2026-07-12,3451.316650,10.000000,2225.265869,50.000000,0.000000,0.000000,-0.000000,0.000000,0.000000,3457.306641,50.000000,0.000000,0.000000,-0.000000,0.000000,0.000000,3492.946533,50.000000,-1.000000,0.000000,-0.000000,0.000000,-174647.328125,-174647.328125,-402486.156250,10706.559570,-587840.062500,3484664.500000,2896824.500000
ml,best,325,2026-07-13,3528.293213,10.000000,2225.265869,50.000000,0.000000,0.000000,-0.000000,0.000000,0.000000,3534.494629,50.000000,0.000000,0.000000,-0.000000,0.000000,0.000000,3574.930176,50.000000,-1.000000,0.000000,-0.000000,0.000000,-178746.515625,-178746.515625,-402486.156250,10706.559570,-591939.250000,3609794.000000,3017854.750000
ml,best,325,2026-07-14,3516.928467,10.000000,2225.265869,50.000000,0.000000,0.000000,-0.000000,0.000000,0.000000,3529.985840,50.000000,0.000000,0.000000,-0.000000,0.000000,0.000000,3572.447754,50.000000,-1.000000,0.000000,-0.000000,0.000000,-178622.390625,-178622.390625,-402486.156250,10706.559570,-591815.125000,3592615.750000,3000800.500000
ml,best,325,2026-07-15,3534.753174,10.000000,2225.265869,50.000000,0.000000,0.000000,-0.000000,0.000000,0.000000,3544.687744,50.000000,0.000000,0.000000,-0.000000,0.000000,0.000000,3591.595215,50.000000,-1.000000,0.000000,-0.000000,0.000000,-179579.765625,-179579.765625,-402486.156250,10706.559570,-592772.500000,3617143.250000,3024370.750000
ml,best,325,2026-07-16,3460.261230,10.000000,2225.265869,50.000000,0.000000,0.000000,-0.000000,0.000000,0.000000,3443.592285,50.000000,0.000000,0.000000,-0.000000,0.000000,0.000000,3492.690186,50.000000,-1.000000,0.000000,-0.000000,0.000000,-174634.515625,-174634.515625,-402486.156250,10706.559570,-587827.250000,3519542.750000,2931715.500000
ml,best,325,2026-07-17,3446.047852,10.000000,2225.265869,50.000000,0.000000,0.000000,-0.000000,0.000000,0.000000,3430.630371,50.000000,0.000000,0.000000,-0.000000,0.000000,0.000000,3478.499268,50.000000,-1.000000,0.000000,-0.000000,0.000000,-173924.968750,-173924.968750,-402486.156250,10706.559570,-587117.687500,3501893.500000,2914775.750000
ml,best,325,2026-07-18,3441.042969,10.000000,2225.265869,50.000000,0.000000,0.000000,-0.000000,0.000000,0.000000,3436.200195,50.000000,0.000000,0.000000,-0.000000,0.000000,0.000000,3480.723389,50.000000,-1.000000,0.000000,-0.000000,0.000000,-174036.171875,-174036.171875,-402486.156250,10706.559570,-587228.875000,3495611.250000,2908382.500000
ml,best,325,2026-07-19,3377.810059,10.000000,2225.265869,50.000000,0.000000,0.000000,-0.000000,0.000000,0.000000,3366.381836,50.000000,0.000000,0.000000,-0.000000,0.000000,0.000000,3409.053711,50.000000,-1.000000,0.000000,-0.000000,0.000000,-170452.687500,-170452.687500,-402486.156250,10706.559570,-583645.437500,3426624.750000,2842979.250000
ml,best,325,2026-07-20,3394.861572,10.000000,2225.265869,50.000000,0.000000,0.000000,-0.000000,0.000000,0.000000,3395.585693,50.000000,0.000000,0.000000,-0.000000,0.000000,0.000000,3438.415771,50.000000,-1.000000,0.000000,-0.000000,0.000000,-171920.781250,-171920.781250,-402486.156250,10706.559570,-585113.500000,3444444.000000,2859330.500000
ml,best,325,2026-07-21,3322.788818,10.000000,2225.265869,50.000000,0.000000,0.000000,-0.000000,0.000000,0.000000,3312.216064,50.000000,0.000000,0.000000,-0.000000,0.000000,0.000000,3353.754639,50.000000,-1.000000,0.000000,-0.000000,0.000000,-167687.734375,-167687.734375,-402486.156250,10706.559570,-580880.437500,3373323.500000,2792443.000000
ml,best,325,2026-07-22,3288.458252,10.000000,2225.265869,50.000000,0.000000,0.000000,-0.000000,0.000000,0.000000,3275.964600,50.000000,0.000000,0.000000,-0.000000,0.000000,0.000000,3314.513916,50.000000,-1.000000,0.000000,-0.000000,0.000000,-165725.703125,-165725.703125,-402486.156250,10706.559570,-578918.437500,3343159.750000,2764241.250000
ml,best,325,2026-07-23,3341.862549,10.000000,2225.265869,50.000000,0.000000,0.000000,-0.000000,0.000000,0.000000,3333.275391,50.000000,0.000000,0.000000,-0.000000,0.000000,0.000000,3372.134033,50.000000,-1.000000,0.000000,-0.000000,0.000000,-168606.703125,-168606.703125,-402486.156250,10706.559570,-581799.437500,3383651.750000,2801852.250000
ml,best,325,2026-07-24,3363.794434,10.000000,2225.265869,50.000000,0.000000,0.000000,-0.000000,0.000000,0.000000,3367.522217,50.000000,0.000000,0.000000,-0.000000,0.000000,0.000000,3407.331299,50.000000,-1.000000,0.000000,-0.000000,0.000000,-170366.562500,-170366.562500,-402486.156250,10706.559570,-583559.312500,3397729.000000,2814169.750000
ml,best,325,2026-07-25,3349.153076,10.000000,2225.265869,50.000000,0.000000,0.000000,-0.000000,0.000000,0.000000,3337.034424,50.000000,0.000000,0.000000,-0.000000,0.000000,0.000000,3376.143799,50.000000,-1.000000,0.000000,-0.000000,0.000000,-168807.187500,-168807.187500,-402486.156250,10706.559570,-581999.937500,3389718.000000,2807718.000000
ml,best,325,2026-07-26,3340.779053,10.000000,2225.265869,50.000000,0.000000,0.000000,-0.000000,0.000000,0.000000,3340.696777,50.000000,0.000000,0.000000,-0.000000,0.000000,0.000000,3380.291260,50.000000,-1.000000,0.000000,-0.000000,0.000000,-169014.562500,-169014.562500,-402486.156250,10706.559570,-582207.312500,3384954.000000,2802746.750000
ml,best,325,2026-07-27,3296.175781,10.000000,2225.265869,50.000000,0.000000,0.000000,-0.000000,0.000000,0.000000,3303.900635,50.000000,0.000000,0.000000,-0.000000,0.000000,0.000000,3342.052979,50.000000,0.000000,1.000000,-167102.656250,83.551323,0.000000,0.000000,-569588.812500,10790.111328,-580378.937500,3360732.000000,2780353.000000
ml,best,325,2026-07-28,3342.484131,10.000000,2225.265869,50.000000,0.000000,0.000000,-0.000000,0.000000,0.000000,3340.599609,50.000000,0.000000,0.000000,-0.000000,0.000000,0.000000,3377.157715,50.000000,0.000000,0.000000,-0.000000,0.000000,0.000000,0.000000,-569588.812500,10790.111328,-580378.937500,3380761.500000,2800382.500000
ml,best,325,2026-07-29,3323.809082,10.000000,2225.265869,50.000000,0.000000,0.000000,-0.000000,0.000000,0.000000,3323.172363,50.000000,0.000000,0.000000,-0.000000,0.000000,0.000000,3358.721436,50.000000,0.000000,0.000000,-0.000000,0.000000,0.000000,0.000000,-569588.812500,10790.111328,-580378.937500,3374758.750000,2794379.750000
ml,best,325,2026-07-30,3292.195557,10.000000,2225.265869,50.000000,0.000000,0.000000,-0.000000,0.000000,0.000000,3323.172363,50.000000,0.000000,0.000000,-0.000000,0.000000,0.000000,3337.542969,50.000000,0.000000,0.000000,-0.000000,0.000000,0.000000,0.000000,-569588.812500,10790.111328,-580378.937500,3368060.250000,2787681.250000
ml,best,325,2026-07-31,3238.213623,10.000000,2225.265869,50.000000,0.000000,0.000000,-0.000000,0.000000,0.000000,3323.172363,50.000000,0.000000,0.000000,-0.000000,0.000000,0.000000,3285.092773,50.000000,0.000000,0.000000,-0.000000,0.000000,0.000000,0.000000,-569588.812500,10790.111328,-580378.937500,3362481.000000,2782102.000000
ml,best,325,2026-08-01,3254.898682,10.000000,2225.265869,50.000000,0.000000,0.000000,-0.000000,0.000000,0.000000,3323.172363,50.000000,0.000000,0.000000,-0.000000,0.000000,0.000000,3313.032959,50.000000,0.000000,0.000000,-0.000000,0.000000,0.000000,0.000000,-569588.812500,10790.111328,-580378.937500,3362760.500000,2782381.500000
ml,best,325,2026-08-02,3306.780029,10.000000,2225.265869,50.000000,0.000000,0.000000,-0.000000,0.000000,0.000000,3323.172363,50.000000,0.000000,0.000000,-0.000000,0.000000,0.000000,3351.185547,50.000000,0.000000,0.000000,-0.000000,0.000000,0.000000,0.000000,-569588.812500,10790.111328,-580378.937500,3363055.000000,2782676.000000
ml,best,325,2026-08-03,3283.137695,10.000000,2225.265869,50.000000,0.000000,0.000000,-0.000000,0.000000,0.000000,3323.172363,50.000000,0.000000,0.000000,-0.000000,0.000000,0.000000,3322.032959,50.000000,0.000000,0.000000,-0.000000,0.000000,0.000000,0.000000,-569588.812500,10790.111328,-580378.937500,3363328.500000,2782949.500000
ml,best,325,2026-08-04,3284.424561,10.000000,2225.265869,50.000000,0.000000,0.000000,-0.000000,0.000000,0.000000,3323.172363,50.000000,0.000000,0.000000,-0.000000,0.000000,0.000000,3280.868896,50.000000,0.000000,0.000000,-0.000000,0.000000,0.000000,0.000000,-569588.812500,10790.111328,-580378.937500,3363618.000000,2783239.000000
ml,best,325,2026-08-05,3261.327393,10.000000,2225.265869,50.000000,0.000000,0.000000,-0.000000,0.000000,0.000000,3323.172363,50.000000,0.000000,0.000000,-0.000000,0.000000,0.000000,3262.899902,50.000000,0.000000,0.000000,-0.000000,0.000000,0.000000,0.000000,-569588.812500,10790.111328,-580378.937500,3363883.000000,2783504.000000
ml,best,325,2026-08-06,3291.316406,10.000000,2225.265869,50.000000,0.000000,0.000000,-0.000000,0.000000,0.000000,3323.172363,50.000000,0.000000,0.000000,-0.000000,0.000000,0.000000,3315.997559,50.000000,0.000000,0.000000,-0.000000,0.000000,0.000000,0.000000,-569588.812500,10790.111328,-580378.937500,3363883.000000,2783504.000000
ml,best,325,2026-08-07,3277.296875,10.000000,2225.265869,50.000000,0.000000,0.000000,-0.000000,0.000000,0.000000,3323.172363,50.000000,0.000000,0.000000,-0.000000,0.000000,0.000000,3320.129639,50.000000,0.000000,0.000000,-0.000000,0.000000,0.000000,0.000000,-569588.812500,10790.111328,-580378.937500,3363883.000000,2783504.000000
ml,best,325,2026-08-08,3280.014160,10.000000,2225.265869,50.000000,0.000000,0.000000,-0.000000,0.000000,0.000000,3323.172363,50.000000,0.000000,0.000000,-0.000000,0.000000,0.000000,3307.065674,50.000000,0.000000,0.000000,-0.000000,0.000000,0.000000,0.000000,-569588.812500,10790.111328,-580378.937500,3363883.000000,2783504.000000
ml,best,325,2026-08-09,3300.425537,10.000000,2225.265869,50.000000,0.000000,0.000000,-0.000000,0.000000,0.000000,3323.172363,50.000000,0.000000,0.000000,-0.000000,0.000000,0.000000,3314.522461,50.000000,0.000000,0.000000,-0.000000,0.000000,0.000000,0.000000,-569588.812500,10790.111328,-580378.937500,3363883.000000,2783504.000000
ml,best,325,2026-08-10,3329.792725,10.000000,2225.265869,50.000000,0.000000,0.000000,-0.000000,0.000000,0.000000,3323.172363,50.000000,0.000000,0.000000,-0.000000,0.000000,0.000000,3326.092529,50.000000,0.000000,0.000000,-0.000000,0.000000,0.000000,0.000000,-569588.812500,10790.111328,-580378.937500,3363883.000000,2783504.000000
ml,best,325,2026-08-11,3367.273438,10.000000,2225.265869,50.000000,0.000000,0.000000,-0.000000,0.000000,0.000000,3323.172363,50.000000,0.000000,0.000000,-0.000000,0.000000,0.000000,3382.954346,50.000000,0.000000,0.000000,-0.000000,0.000000,0.000000,0.000000,-569588.812500,10790.111328,-580378.937500,3363883.000000,2783504.000000
ml,best,325,2026-08-12,3388.573730,10.000000,2225.265869,50.000000,0.000000,0.000000,-0.000000,0.000000,0.000000,3323.172363,50.000000,0.000000,0.000000,-0.000000,0.000000,0.000000,3394.601562,50.000000,0.000000,0.000000,-0.000000,0.000000,0.000000,0.000000,-569588.812500,10790.111328,-580378.937500,3363883.000000,2783504.000000
ml,best,325,2026-08-13,3429.805664,10.000000,2225.265869,50.000000,0.000000,0.000000,-0.000000,0.000000,0.000000,3323.172363,50.000000,0.000000,0.000000,-0.000000,0.000000,0.000000,3430.978271,50.000000,0.000000,0.000000,-0.000000,0.000000,0.000000,0.000000,-569588.812500,10790.111328,-580378.937500,3363883.000000,2783504.000000
ml,best,325,2026-08-14,3377.549072,10.000000,2225.265869,50.000000,0.000000,0.000000,-0.000000,0.000000,0.000000,3323.172363,50.000000,0.000000,0.000000,-0.000000,0.000000,0.000000,3385.613525,50.000000,0.000000,0.000000,-0.000000,0.000000,0.000000,0.000000,-569588.812500,10790.111328,-580378.937500,3363883.000000,2783504.000000
ml,best,325,2026-08-15,3458.245605,10.000000,2225.265869,50.000000,0.000000,0.000000,-0.000000,0.000000,0.000000,3323.172363,50.000000,0.000000,0.000000,-0.000000,0.000000,0.000000,3502.211914,50.000000,0.000000,0.000000,-0.000000,0.000000,0.000000,0.000000,-569588.812500,10790.111328,-580378.937500,3363883.000000,2783504.000000
ml,best,325,2026-08-16,3488.614502,10.000000,2225.265869,50.000000,0.000000,0.000000,-0.000000,0.000000,0.000000,3323.172363,50.000000,0.000000,0.000000,-0.000000,0.000000,0.000000,3523.953613,50.000000,0.000000,0.000000,-0.000000,0.000000,0.000000,0.000000,-569588.812500,10790.111328,-580378.937500,3363883.000000,2783504.000000
ml,best,325,2026-08-17,3475.796143,10.000000,2225.265869,50.000000,0.000000,0.000000,-0.000000,0.000000,0.000000,3323.172363,50.000000,0.000000,0.000000,-0.000000,0.000000,0.000000,3489.841309,50.000000,0.000000,0.000000,-0.000000,0.000000,0.000000,0.000000,-569588.812500,10790.111328,-580378.937500,3363883.000000,2783504.000000
ml,best,325,2026-08-18,3454.820557,10.000000,2225.265869,50.000000,0.000000,0.000000,-0.000000,0.000000,0.000000,3323.172363,50.000000,0.000000,0.000000,-0.000000,0.000000,0.000000,3471.796143,50.000000,0.000000,0.000000,-0.000000,0.000000,0.000000,0.000000,-569588.812500,10790.111328,-580378.937500,3363883.000000,2783504.000000
ml,best,325,2026-08-19,3431.725830,10.000000,2225.265869,50.000000,0.000000,0.000000,-0.000000,0.000000,0.000000,3323.172363,50.000000,0.000000,0.000000,-0.000000,0.000000,0.000000,3458.491455,50.000000,0.000000,0.000000,-0.000000,0.000000,0.000000,0.000000,-569588.812500,10790.111328,-580378.937500,3363883.000000,2783504.000000
ml,best,325,2026-08-20,3393.130127,10.000000,2225.265869,50.000000,0.000000,0.000000,-0.000000,0.000000,0.000000,3323.172363,50.000000,0.000000,0.000000,-0.000000,0.000000,0.000000,3406.573975,50.000000,0.000000,0.000000,-0.000000,0.000000,0.000000,0.000000,-569588.812500,10790.111328,-580378.937500,3363883.000000,2783504.000000
ml,best,325,2026-08-21,3400.444336,10.000000,2225.265869,50.000000,0.000000,0.000000,-0.000000,0.000000,0.000000,3323.172363,50.000000,0.000000,0.000000,-0.000000,0.000000,0.000000,3425.282227,50.000000,0.000000,0.000000,-0.000000,0.000000,0.000000,0.000000,-569588.812500,10790.111328,-580378.937500,3363883.000000,2783504.000000
ml,best,325,2026-08-22,3344.314453,10.000000,2225.265869,50.000000,0.000000,0.000000,-0.000000,0.000000,0.000000,3323.172363,50.000000,0.000000,0.000000,-0.000000,0.000000,0.000000,3362.253174,50.000000,0.000000,0.000000,-0.000000,0.000000,0.000000,0.000000,-569588.812500,10790.111328,-580378.937500,3363883.000000,2783504.000000
ml,best,325,2026-08-23,3272.693115,10.000000,2225.265869,50.000000,0.000000,0.000000,-0.000000,0.000000,0.000000,3323.172363,50.000000,0.000000,0.000000,-0.000000,0.000000,0.000000,3282.544434,50.000000,0.000000,0.000000,-0.000000,0.000000,0.000000,0.000000,-569588.812500,10790.111328,-580378.937500,3363883.000000,2783504.000000
ml,best,325,2026-08-24,3282.476807,10.000000,2225.265869,50.000000,0.000000,0.000000,-0.000000,0.000000,0.000000,3323.172363,50.000000,0.000000,0.000000,-0.000000,0.000000,0.000000,3300.020752,50.000000,0.000000,0.000000,-0.000000,0.000000,0.000000,0.000000,-569588.812500,10790.111328,-580378.937500,3363883.000000,2783504.000000
ml,best,325,2026-08-25,3298.018555,10.000000,2225.265869,50.000000,0.000000,0.000000,-0.000000,0.000000,0.000000,3323.172363,50.000000,0.000000,0.000000,-0.000000,0.000000,0.000000,3325.874268,50.000000,0.000000,0.000000,-0.000000,0.000000,0.000000,0.000000,-569588.812500,10790.111328,-580378.937500,3363883.000000,2783504.000000
ml,best,325,2026-08-26,3266.285645,10.000000,2225.265869,50.000000,0.000000,0.000000,-0.000000,0.000000,0.000000,3323.172363,50.000000,0.000000,0.000000,-0.000000,0.000000,0.000000,3274.947266,50.000000,0.000000,0.000000,-0.000000,0.000000,0.000000,0.000000,-569588.812500,10790.111328,-580378.937500,3363883.000000,2783504.000000
ml,best,325,2026-08-27,3266.366699,10.000000,2225.265869,50.000000,0.000000,0.000000,-0.000000,0.000000,0.000000,3323.172363,50.000000,0.000000,0.000000,-0.000000,0.000000,0.000000,3287.215088,50.000000,0.000000,0.000000,-0.000000,0.000000,0.000000,0.000000,-569588.812500,10790.111328,-580378.937500,3363883.000000,2783504.000000
ml,best,325,2026-08-28,3213.819580,10.000000,2225.265869,50.000000,0.000000,0.000000,-0.000000,0.000000,0.000000,3323.172363,50.000000,0.000000,0.000000,-0.000000,0.000000,0.000000,3243.012939,50.000000,0.000000,0.000000,-0.000000,0.000000,0.000000,0.000000,-569588.812500,10790.111328,-580378.937500,3363883.000000,2783504.000000
ml,best,325,2026-08-29,3273.167480,10.000000,2225.265869,50.000000,0.000000,0.000000,-0.000000,0.000000,0.000000,3323.172363,50.000000,0.000000,0.000000,-0.000000,0.000000,0.000000,3275.404541,50.000000,0.000000,0.000000,-0.000000,0.000000,0.000000,0.000000,-569588.812500,10790.111328,-580378.937500,3363883.000000,2783504.000000
ml,best,325,2026-08-30,3244.686768,10.000000,2225.265869,50.000000,0.000000,0.000000,-0.000000,0.000000,0.000000,3323.172363,50.000000,0.000000,0.000000,-0.000000,0.000000,0.000000,3253.168213,50.000000,0.000000,0.000000,-0.000000,0.000000,0.000000,0.000000,-569588.812500,10790.111328,-580378.937500,3363883.000000,2783504.000000
ml,best,325,2026-08-31,3224.776855,10.000000,2225.265869,50.000000,0.000000,0.000000,-0.000000,0.000000,0.000000,3323.172363,50.000000,0.000000,0.000000,-0.000000,0.000000,0.000000,3229.202881,50.000000,0.000000,0.000000,-0.000000,0.000000,0.000000,0.000000,-569588.812500,10790.111328,-580378.937500,3363883.000000,2783504.000000
ml,best,325,2026-09-01,3181.094482,10.000000,2225.265869,50.000000,0.000000,0.000000,-0.000000,0.000000,0.000000,3323.172363,50.000000,0.000000,0.000000,-0.000000,0.000000,0.000000,3189.073486,50.000000,0.000000,0.000000,-0.000000,0.000000,0.000000,0.000000,-569588.812500,10790.111328,-580378.937500,3363883.000000,2783504.000000
ml,best,325,2026-09-02,3163.139893,10.000000,2225.265869,50.000000,0.000000,0.000000,-0.000000,0.000000,0.000000,3323.172363,50.000000,0.000000,0.000000,-0.000000,0.000000,0.000000,3182.032715,50.000000,0.000000,0.000000,-0.000000,0.000000,0.000000,0.000000,-569588.812500,10790.111328,-580378.937500,3363883.000000,2783504.000000
ml,best,325,2026-09-03,3227.228760,10.000000,2225.265869,50.000000,0.000000,0.000000,-0.000000,0.000000,0.000000,3323.172363,50.000000,0.000000,0.000000,-0.000000,0.000000,0.000000,3231.710449,50.000000,0.000000,0.000000,-0.000000,0.000000,0.000000,0.000000,-569588.812500,10790.111328,-580378.937500,3363883.000000,2783504.000000
ml,best,325,2026-09-04,3246.940186,10.000000,2225.265869,50.000000,0.000000,0.000000,-0.000000,0.000000,0.000000,3323.172363,50.000000,0.000000,0.000000,-0.000000,0.000000,0.000000,3284.623291,50.000000,0.000000,0.000000,-0.000000,0.000000,0.000000,0.000000,-569588.812500,10790.111328,-580378.937500,3363883.000000,2783504.000000
ml,best,325,2026-09-05,3229.611816,10.000000,2225.265869,50.000000,0.000000,0.000000,-0.000000,0.000000,0.000000,3323.172363,50.000000,0.000000,0.000000,-0.000000,0.000000,0.000000,3264.333008,50.000000,0.000000,0.000000,-0.000000,0.000000,0.000000,0.000000,-569588.812500,10790.111328,-580378.937500,3363883.000000,2783504.000000
ml,best,325,2026-09-06,3236.882568,10.000000,2225.265869,50.000000,0.000000,0.000000,-0.000000,0.000000,0.000000,3323.172363,50.000000,0.000000,0.000000,-0.000000,0.000000,0.000000,3256.429199,50.000000,0.000000,0.000000,-0.000000,0.000000,0.000000,0.000000,-569588.812500,10790.111328,-580378.937500,3363883.000000,2783504.000000
ml,best,325,2026-09-07,3185.098389,10.000000,2225.265869,50.000000,0.000000,0.000000,-0.000000,0.000000,0.000000,3323.172363,50.000000,0.000000,0.000000,-0.000000,0.000000,0.000000,3202.241699,50.000000,0.000000,0.000000,-0.000000,0.000000,0.000000,0.000000,-569588.812500,10790.111328,-580378.937500,3363883.000000,2783504.000000
ml,best,325,2026-09-08,3213.978760,10.000000,2225.265869,50.000000,0.000000,0.000000,-0.000000,0.000000,0.000000,3323.172363,50.000000,0.000000,0.000000,-0.000000,0.000000,0.000000,3240.989258,50.000000,0.000000,0.000000,-0.000000,0.000000,0.000000,0.000000,-569588.812500,10790.111328,-580378.937500,3363883.000000,2783504.000000
ml,best,325,2026-09-09,3205.114258,10.000000,2225.265869,50.000000,0.000000,0.000000,-0.000000,0.000000,0.000000,3323.172363,50.000000,0.000000,0.000000,-0.000000,0.000000,0.000000,3221.067139,50.000000,0.000000,0.000000,-0.000000,0.000000,0.000000,0.000000,-569588.812500,10790.111328,-580378.937500,3363883.000000,2783504.000000
ml,best,325,2026-09-10,3174.838867,10.000000,2225.265869,50.000000,0.000000,0.000000,-0.000000,0.000000,0.000000,3323.172363,50.000000,0.000000,0.000000,-0.000000,0.000000,0.000000,3198.189697,50.000000,0.000000,0.000000,-0.000000,0.000000,0.000000,0.000000,-569588.812500,10790.111328,-580378.937500,3363883.000000,2783504.000000
ml,best,325,2026-09-11,3190.929932,10.000000,2225.265869,50.000000,0.000000,0.000000,-0.000000,0.000000,0.000000,3323.172363,50.000000,0.000000,0.000000,-0.000000,0.000000,0.000000,3207.831787,50.000000,0.000000,0.000000,-0.000000,0.000000,0.000000,0.000000,-569588.812500,10790.111328,-580378.937500,3363883.000000,2783504.000000
ml,best,325,2026-09-12,3260.798584,10.000000,2225.265869,50.000000,0.000000,0.000000,-0.000000,0.000000,0.000000,3323.172363,50.000000,0.000000,0.000000,-0.000000,0.000000,0.000000,3282.822266,50.000000,0.000000,0.000000,-0.000000,0.000000,0.000000,0.000000,-569588.812500,10790.111328,-580378.937500,3363883.000000,2783504.000000
ml,best,325,2026-09-13,3260.291748,10.000000,2225.265869,50.000000,0.000000,0.000000,-0.000000,0.000000,0.000000,3323.172363,50.000000,0.000000,0.000000,-0.000000,0.000000,0.000000,3276.434326,50.000000,0.000000,0.000000,-0.000000,0.000000,0.000000,0.000000,-569588.812500,10790.111328,-580378.937500,3363883.000000,2783504.000000
ml,best,325,2026-09-14,3237.259277,10.000000,2225.265869,50.000000,0.000000,0.000000,-0.000000,0.000000,0.000000,3323.172363,50.000000,0.000000,0.000000,-0.000000,0.000000,0.000000,3233.510498,50.000000,0.000000,0.000000,-0.000000,0.000000,0.000000,0.000000,-569588.812500,10790.111328,-580378.937500,3363883.000000,2783504.000000
ml,best,325,2026-09-15,3240.657227,10.000000,2225.265869,50.000000,0.000000,0.000000,-0.000000,0.000000,0.000000,3323.172363,50.000000,0.000000,0.000000,-0.000000,0.000000,0.000000,3244.761963,50.000000,0.000000,0.000000,-0.000000,0.000000,0.000000,0.000000,-569588.812500,10790.111328,-580378.937500,3363883.000000,2783504.000000
ml,best,325,2026-09-16,3227.662842,10.000000,2225.265869,50.000000,0.000000,0.000000,-0.000000,0.000000,0.000000,3323.172363,50.000000,0.000000,0.000000,-0.000000,0.000000,0.000000,3226.046875,50.000000,0.000000,0.000000,-0.000000,0.000000,0.000000,0.000000,-569588.812500,10790.111328,-580378.937500,3363883.000000,2783504.000000
ml,best,325,2026-09-17,3271.335938,10.000000,2225.265869,50.000000,0.000000,0.000000,-0.000000,0.000000,0.000000,3323.172363,50.000000,0.000000,0.000000,-0.000000,0.000000,0.000000,3279.635254,50.000000,0.000000,0.000000,-0.000000,0.000000,0.000000,0.000000,-569588.812500,10790.111328,-580378.937500,3363883.000000,2783504.000000
ml,best,325,2026-09-18,3218.579590,10.000000,2225.265869,50.000000,0.000000,0.000000,-0.000000,0.000000,0.000000,3323.172363,50.000000,0.000000,0.000000,-0.000000,0.000000,0.000000,3228.249756,50.000000,0.000000,0.000000,-0.000000,0.000000,0.000000,0.000000,-569588.812500,10790.111328,-580378.937500,3363883.000000,2783504.000000
ml,best,325,2026-09-19,3271.220459,10.000000,2225.265869,50.000000,0.000000,0.000000,-0.000000,0.000000,0.000000,3323.172363,50.000000,0.000000,0.000000,-0.000000,0.000000,0.000000,3259.646240,50.000000,0.000000,0.000000,-0.000000,0.000000,0.000000,0.000000,-569588.812500,10790.111328,-580378.937500,3363883.000000,2783504.000000
ml,best,325,2026-09-20,3268.990479,10.000000,2225.265869,50.000000,0.000000,0.000000,-0.000000,0.000000,0.000000,3323.172363,50.000000,0.000000,0.000000,-0.000000,0.000000,0.000000,3277.521484,50.000000,0.000000,0.000000,-0.000000,0.000000,0.000000,0.000000,-569588.812500,10790.111328,-580378.937500,3363883.000000,2783504.000000
ml,best,325,2026-09-21,3256.500732,10.000000,2225.265869,50.000000,0.000000,0.000000,-0.000000,0.000000,0.000000,3323.172363,50.000000,0.000000,0.000000,-0.000000,0.000000,0.000000,3235.751465,50.000000,0.000000,0.000000,-0.000000,0.000000,0.000000,0.000000,-569588.812500,10790.111328,-580378.937500,3363883.000000,2783504.000000
ml,best,325,2026-09-22,3289.195312,10.000000,2225.265869,50.000000,0.000000,0.000000,-0.000000,0.000000,0.000000,3323.172363,50.000000,0.000000,0.000000,-0.000000,0.000000,0.000000,3278.315674,50.000000,0.000000,0.000000,-0.000000,0.000000,0.000000,0.000000,-569588.812500,10790.111328,-580378.937500,3363883.000000,2783504.000000
ml,best,325,2026-09-23,3282.896484,10.000000,2225.265869,50.000000,0.000000,0.000000,-0.000000,0.000000,0.000000,3323.172363,50.000000,0.000000,0.000000,-0.000000,0.000000,0.000000,3292.673584,50.000000,0.000000,0.000000,-0.000000,0.000000,0.000000,0.000000,-569588.812500,10790.111328,-580378.937500,3363883.000000,2783504.000000
ml,best,325,2026-09-24,3241.943115,10.000000,2225.265869,50.000000,0.000000,0.000000,-0.000000,0.000000,0.000000,3323.172363,50.000000,0.000000,0.000000,-0.000000,0.000000,0.000000,3260.036621,50.000000,0.000000,0.000000,-0.000000,0.000000,0.000000,0.000000,-569588.812500,10790.111328,-580378.937500,3363883.000000,2783504.000000
ml,best,325,2026-09-25,3322.551025,10.000000,2225.265869,50.000000,0.000000,0.000000,-0.000000,0.000000,0.000000,3323.172363,50.000000,0.000000,0.000000,-0.000000,0.000000,0.000000,3333.031738,50.000000,0.000000,0.000000,-0.000000,0.000000,0.000000,0.000000,-569588.812500,10790.111328,-580378.937500,3363883.000000,2783504.000000
ml,best,325,2026-09-26,3341.183838,10.000000,2225.265869,50.000000,0.000000,0.000000,-0.000000,0.000000,0.000000,3323.172363,50.000000,0.000000,0.000000,-0.000000,0.000000,0.000000,3380.044678,50.000000,0.000000,0.000000,-0.000000,0.000000,0.000000,0.000000,-569588.812500,10790.111328,-580378.937500,3363883.000000,2783504.000000
ml,best,325,2026-09-27,3380.294434,10.000000,2225.265869,50.000000,0.000000,0.000000,-0.000000,0.000000,0.000000,3323.172363,50.000000,0.000000,0.000000,-0.000000,0.000000,0.000000,3390.627197,50.000000,0.000000,0.000000,-0.000000,0.000000,0.000000,0.000000,-569588.812500,10790.111328,-580378.937500,3363883.000000,2783504.000000
ml,best,325,2026-09-28,3333.503906,10.000000,2225.265869,50.000000,0.000000,0.000000,-0.000000,0.000000,0.000000,3323.172363,50.000000,0.000000,0.000000,-0.000000,0.000000,0.000000,3364.803467,50.000000,0.000000,0.000000,-0.000000,0.000000,0.000000,0.000000,-569588.812500,10790.111328,-580378.937500,3363883.000000,2783504.000000
ml,best,325,2026-09-29,3271.560547,10.000000,2225.265869,50.000000,0.000000,0.000000,-0.000000,0.000000,0.000000,3323.172363,50.000000,0.000000,0.000000,-0.000000,0.000000,0.000000,3278.058350,50.000000,0.000000,0.000000,-0.000000,0.000000,0.000000,0.000000,-569588.812500,10790.111328,-580378.937500,3363883.000000,2783504.000000
ml,best,325,2026-09-30,3245.181641,10.000000,2225.265869,50.000000,0.000000,0.000000,-0.000000,0.000000,0.000000,3323.172363,50.000000,0.000000,0.000000,-0.000000,0.000000,0.000000,3244.387695,50.000000,0.000000,0.000000,-0.000000,0.000000,0.000000,0.000000,-569588.812500,10790.111328,-580378.937500,3363883.000000,2783504.000000
ml,best,325,2026-10-01,3201.689697,10.000000,2225.265869,50.000000,0.000000,0.000000,-0.000000,0.000000,0.000000,3323.172363,50.000000,0.000000,0.000000,-0.000000,0.000000,0.000000,3195.549316,50.000000,0.000000,0.000000,-0.000000,0.000000,0.000000,0.000000,-569588.812500,10790.111328,-580378.937500,3363883.000000,2783504.000000
ml,best,325,2026-10-02,3258.575928,10.000000,2225.265869,50.000000,0.000000,0.000000,-0.000000,0.000000,0.000000,3323.172363,50.000000,0.000000,0.000000,-0.000000,0.000000,0.000000,3242.943604,50.000000,0.000000,0.000000,-0.000000,0.000000,0.000000,0.000000,-569588.812500,10790.111328,-580378.937500,3363883.000000,2783504.000000
ml,best,325,2026-10-03,3197.079590,10.000000,2225.265869,50.000000,0.000000,0.000000,-0.000000,0.000000,0.000000,3323.172363,50.000000,0.000000,0.000000,-0.000000,0.000000,0.000000,3187.215332,50.000000,0.000000,0.000000,-0.000000,0.000000,0.000000,0.000000,-569588.812500,10790.111328,-580378.937500,3363883.000000,2783504.000000
ml,best,325,2026-10-04,3249.656982,10.000000,2225.265869,50.000000,0.000000,0.000000,-0.000000,0.000000,0.000000,3323.172363,50.000000,0.000000,0.000000,-0.000000,0.000000,0.000000,3251.823486,50.000000,0.000000,0.000000,-0.000000,0.000000,0.000000,0.000000,-569588.812500,10790.111328,-580378.937500,3363883.000000,2783504.000000
ml,best,325,2026-10-05,3253.685059,10.000000,2225.265869,50.000000,0.000000,0.000000,-0.000000,0.000000,0.000000,3323.172363,50.000000,0.000000,0.000000,-0.000000,0.000000,0.000000,3241.525635,50.000000,0.000000,0.000000,-0.000000,0.000000,0.000000,0.000000,-569588.812500,10790.111328,-580378.937500,3363883.000000,2783504.000000
ml,best,325,2026-10-06,3231.444824,10.000000,2225.265869,50.000000,0.000000,0.000000,-0.000000,0.000000,0.000000,3323.172363,50.000000,0.000000,0.000000,-0.000000,0.000000,0.000000,3235.104004,50.000000,0.000000,0.000000,-0.000000,0.000000,0.000000,0.000000,-569588.812500,10790.111328,-580378.937500,3363883.000000,2783504.000000
ml,best,325,2026-10-07,3199.062012,10.000000,2225.265869,50.000000,0.000000,0.000000,-0.000000,0.000000,0.000000,3323.172363,50.000000,0.000000,0.000000,-0.000000,0.000000,0.000000,3194.354004,50.000000,0.000000,0.000000,-0.000000,0.000000,0.000000,0.000000,-569588.812500,10790.111328,-580378.937500,3363883.000000,2783504.000000
ml,best,325,2026-10-08,3206.970459,10.000000,2225.265869,50.000000,0.000000,0.000000,-0.000000,0.000000,0.000000,3323.172363,50.000000,0.000000,0.000000,-0.000000,0.000000,0.000000,3194.584473,50.000000,0.000000,0.000000,-0.000000,0.000000,0.000000,0.000000,-569588.812500,10790.111328,-580378.937500,3363883.000000,2783504.000000
ml,best,325,2026-10-09,3224.795410,10.000000,2225.265869,50.000000,0.000000,0.000000,-0.000000,0.000000,0.000000,3323.172363,50.000000,0.000000,0.000000,-0.000000,0.000000,0.000000,3228.220459,50.000000,0.000000,0.000000,-0.000000,0.000000,0.000000,0.000000,-569588.812500,10790.111328,-580378.937500,3363883.000000,2783504.000000
ml,best,325,2026-10-10,3268.248535,10.000000,2225.265869,50.000000,0.000000,0.000000,-0.000000,0.000000,0.000000,3323.172363,50.000000,0.000000,0.000000,-0.000000,0.000000,0.000000,3278.201172,50.000000,0.000000,0.000000,-0.000000,0.000000,0.000000,0.000000,-569588.812500,10790.111328,-580378.937500,3363883.000000,2783504.000000
ml,best,325,2026-10-11,3300.683350,10.000000,2225.265869,50.000000,0.000000,0.000000,-0.000000,0.000000,0.000000,3323.172363,50.000000,0.000000,0.000000,-0.000000,0.000000,0.000000,3318.132568,50.000000,0.000000,0.000000,-0.000000,0.000000,0.000000,0.000000,-569588.812500,10790.111328,-580378.937500,3363883.000000,2783504.000000
ml,best,325,2026-10-12,3362.552979,10.000000,2225.265869,50.000000,0.000000,0.000000,-0.000000,0.000000,0.000000,3323.172363,50.000000,0.000000,0.000000,-0.000000,0.000000,0.000000,3391.584717,50.000000,0.000000,0.000000,-0.000000,0.000000,0.000000,0.000000,-569588.812500,10790.111328,-580378.937500,3363883.000000,2783504.000000
ml,best,325,2026-10-13,3345.341309,10.000000,2225.265869,50.000000,0.000000,0.000000,-0.000000,0.000000,0.000000,3323.172363,50.000000,0.000000,0.000000,-0.000000,0.000000,0.000000,3361.318848,50.000000,0.000000,0.000000,-0.000000,0.000000,0.000000,0.000000,-569588.812500,10790.111328,-580378.937500,3363883.000000,2783504.000000
ml,best,325,2026-10-14,3327.116943,10.000000,2225.265869,50.000000,0.000000,0.000000,-0.000000,0.000000,0.000000,3323.172363,50.000000,0.000000,0.000000,-0.000000,0.000000,0.000000,3323.094238,50.000000,0.000000,0.000000,-0.000000,0.000000,0.000000,0.000000,-569588.812500,10790.111328,-580378.937500,3363883.000000,2783504.000000
ml,best,325,2026-10-15,3349.031494,10.000000,2225.265869,50.000000,0.000000,0.000000,-0.000000,0.000000,0.000000,3323.172363,50.000000,0.000000,0.000000,-0.000000,0.000000,0.000000,3349.548584,50.000000,0.000000,0.000000,-0.000000,0.000000,0.000000,0.000000,-569588.812500,10790.111328,-580378.937500,3363883.000000,2783504.000000
ml,best,325,2026-10-16,3345.252197,10.000000,2225.265869,50.000000,0.000000,0.000000,-0.000000,0.000000,0.000000,3323.172363,50.000000,0.000000,0.000000,-0.000000,0.000000,0.000000,3348.585449,50.000000,0.000000,0.000000,-0.000000,0.000000,0.000000,0.000000,-569588.812500,10790.111328,-580378.937500,3363883.000000,2783504.000000
ml,best,325,2026-10-17,3385.185059,10.000000,2225.265869,50.000000,0.000000,0.000000,-0.000000,0.000000,0.000000,3323.172363,50.000000,0.000000,0.000000,-0.000000,0.000000,0.000000,3414.161133,50.000000,0.000000,0.000000,-0.000000,0.000000,0.000000,0.000000,-569588.812500,10790.111328,-580378.937500,3363883.000000,2783504.000000
ml,best,325,2026-10-18,3351.434082,10.000000,2225.265869,50.000000,0.000000,0.000000,-0.000000,0.000000,0.000000,3323.172363,50.000000,0.000000,0.000000,-0.000000,0.000000,0.000000,3363.255615,50.000000,0.000000,0.000000,-0.000000,0.000000,0.000000,0.000000,-569588.812500,10790.111328,-580378.937500,3363883.000000,2783504.000000
ml,best,325,2026-10-19,3389.093994,10.000000,2225.265869,50.000000,0.000000,0.000000,-0.000000,0.000000,0.000000,3323.172363,50.000000,0.000000,0.000000,-0.000000,0.000000,0.000000,3396.509277,50.000000,0.000000,0.000000,-0.000000,0.000000,0.000000,0.000000,-569588.812500,10790.111328,-580378.937500,3363883.000000,2783504.000000
ml,best,325,2026-10-20,3358.261719,10.000000,2225.265869,50.000000,0.000000,0.000000,-0.000000,0.000000,0.000000,3323.172363,50.000000,0.000000,0.000000,-0.000000,0.000000,0.000000,3342.703369,50.000000,0.000000,0.000000,-0.000000,0.000000,0.000000,0.000000,-569588.812500,10790.111328,-580378.937500,3363883.000000,2783504.000000
ml,best,325,2026-10-21,3383.090820,10.000000,2225.265869,50.000000,0.000000,0.000000,-0.000000,0.000000,0.000000,3323.172363,50.000000,0.000000,0.000000,-0.000000,0.000000,0.000000,3373.249023,50.000000,0.000000,0.000000,-0.000000,0.000000,0.000000,0.000000,-569588.812500,10790.111328,-580378.937500,3363883.000000,2783504.000000
ml,best,325,2026-10-22,3405.504150,10.000000,2225.265869,50.000000,0.000000,0.000000,-0.000000,0.000000,0.000000,3323.172363,50.000000,0.000000,0.000000,-0.000000,0.000000,0.000000,3417.189697,50.000000,0.000000,0.000000,-0.000000,0.000000,0.000000,0.000000,-569588.812500,10790.111328,-580378.937500,3363883.000000,2783504.000000
ml,best,325,2026-10-23,3411.758301,10.000000,2225.265869,50.000000,0.000000,0.000000,-0.000000,0.000000,0.000000,3323.172363,50.000000,0.000000,0.000000,-0.000000,0.000000,0.000000,3410.338623,50.000000,0.000000,0.000000,-0.000000,0.000000,0.000000,0.000000,-569588.812500,10790.111328,-580378.937500,3363883.000000,2783504.000000
ml,best,325,2026-10-24,3491.809814,10.000000,2225.265869,50.000000,0.000000,0.000000,-0.000000,0.000000,0.000000,3323.172363,50.000000,0.000000,0.000000,-0.000000,0.000000,0.000000,3484.107910,50.000000,0.000000,0.000000,-0.000000,0.000000,0.000000,0.000000,-569588.812500,10790.111328,-580378.937500,3363883.000000,2783504.000000
ml,best,325,2026-10-25,3411.602295,10.000000,2225.265869,50.000000,0.000000,0.000000,-0.000000,0.000000,0.000000,3323.172363,50.000000,0.000000,0.000000,-0.000000,0.000000,0.000000,3405.895752,50.000000,0.000000,0.000000,-0.000000,0.000000,0.000000,0.000000,-569588.812500,10790.111328,-580378.937500,3363883.000000,2783504.000000
ml,best,325,2026-10-26,3360.248047,10.000000,2225.265869,50.000000,0.000000,0.000000,-0.000000,0.000000,0.000000,3323.172363,50.000000,0.000000,0.000000,-0.000000,0.000000,0.000000,3342.952148,50.000000,0.000000,0.000000,-0.000000,0.000000,0.000000,0.000000,-569588.812500,10790.111328,-580378.937500,3363883.000000,2783504.000000
ml,best,325,2026-10-27,3295.597656,10.000000,2225.265869,50.000000,0.000000,0.000000,-0.000000,0.000000,0.000000,3323.172363,50.000000,0.000000,0.000000,-0.000000,0.000000,0.000000,3271.875977,50.000000,0.000000,0.000000,-0.000000,0.000000,0.000000,0.000000,-569588.812500,10790.111328,-580378.937500,3363883.000000,2783504.000000
ml,best,325,2026-10-28,3352.066895,10.000000,2225.265869,50.000000,0.000000,0.000000,-0.000000,0.000000,0.000000,3323.172363,50.000000,0.000000,0.000000,-0.000000,0.000000,0.000000,3350.316895,50.000000,0.000000,0.000000,-0.000000,0.000000,0.000000,0.000000,-569588.812500,10790.111328,-580378.937500,3363883.000000,2783504.000000
ml,best,325,2026-10-29,3398.029541,10.000000,2225.265869,50.000000,0.000000,0.000000,-0.000000,0.000000,0.000000,3323.172363,50.000000,0.000000,0.000000,-0.000000,0.000000,0.000000,3402.364502,50.000000,0.000000,0.000000,-0.000000,0.000000,0.000000,0.000000,-569588.812500,10790.111328,-580378.937500,3363883.000000,2783504.000000
ml,best,325,2026-10-30,3316.852295,10.000000,2225.265869,50.000000,0.000000,0.000000,-0.000000,0.000000,0.000000,3323.172363,50.000000,0.000000,0.000000,-0.000000,0.000000,0.000000,3402.364502,50.000000,0.000000,0.000000,-0.000000,0.000000,0.000000,0.000000,-569588.812500,10790.111328,-580378.937500,3363883.000000,2783504.000000
ml,mean,-1,2026-04-10,2055.000244,10.000000,2026.171753,50.000000,-1.000000,-1.000000,101308.593750,50.654293,-101308.593750,2047.068481,50.000000,-1.000000,-1.000000,102353.468750,51.176712,-102353.468750,2070.749756,50.000000,-1.000000,-1.000000,103537.492188,51.768742,-103537.492188,-307199.500000,307199.500000,153.599747,-153.599747,29559.373047,29405.751953
ml,mean,-1,2026-04-11,2055.803223,10.000000,2046.004639,50.000000,-1.000000,0.000000,0.000000,0.000000,-102300.234375,2066.999756,50.000000,-1.000000,0.000000,0.000000,0.000000,-103349.984375,2090.661377,50.000000,-1.000000,0.000000,0.000000,0.000000,-104533.062500,-310183.281250,307199.500000,153.599747,-3137.390625,31626.000000,28488.605469
ml,mean,-1,2026-04-12,2056.635742,10.000000,2054.485107,50.000000,-1.000000,0.000000,0.000000,0.000000,-102724.257812,2075.484863,50.000000,-1.000000,0.000000,0.000000,0.000000,-103774.250000,2099.032715,50.000000,-1.000000,0.000000,0.000000,0.000000,-104951.632812,-311450.125000,307199.500000,153.599747,-4404.226074,33670.582031,29266.355469
ml,mean,-1,2026-04-13,2057.064209,10.000000,2058.266846,50.000000,-2.000000,-1.000000,102913.343750,51.456665,-205826.687500,2079.179688,50.000000,-2.000000,-1.000000,103958.984375,51.979488,-207917.968750,2102.547607,50.000000,-2.000000,-1.000000,105127.375000,52.563690,-210254.750000,-623999.375000,619199.250000,309.599579,-5109.791016,34834.890625,29725.095703
ml,mean,-1,2026-04-14,2057.450439,10.000000,2059.440674,50.000000,-3.000000,-1.000000,102972.031250,51.486015,-308916.093750,2080.294189,50.000000,-3.000000,-1.000000,104014.718750,52.007351,-312044.125000,2103.492676,50.000000,-3.000000,-1.000000,105174.625000,52.587315,-315523.906250,-936484.187500,931360.562500,465.680267,-5589.229004,40082.000000,34492.769531
ml,mean,-1,2026-04-15,2058.044189,10.000000,2060.555176,50.000000,-4.000000,-1.000000,103027.757812,51.513878,-412111.031250,2081.339844,50.000000,-4.000000,-1.000000,104067.000000,52.033497,-416268.000000,2104.381104,50.000000,-4.000000,-1.000000,105219.046875,52.609524,-420876.187500,-1249255.250000,1243674.375000,621.837280,-6202.687500,45811.460938,39608.773438
ml,mean,-1,2026-04-16,2058.390137,10.000000,2060.679688,50.000000,-4.997681,-0.997681,102796.726562,51.398365,-514932.687500,2081.389160,50.000000,-5.000000,-1.000000,104069.460938,52.034729,-520347.312500,2104.281250,50.000000,-5.000000,-1.000000,105214.062500,52.607033,-526070.375000,-1561350.125000,1555754.500000,777.877258,-6373.531250,50956.519531,44582.992188
ml,mean,-1,2026-04-17,2059.084229,10.000000,2061.204590,50.000000,-5.957520,-0.959839,98927.375000,51.399025,-613991.062500,2081.863770,50.000000,-6.000000,-1.000000,104093.187500,52.046593,-624559.187500,2104.614746,50.000000,-6.000000,-1.000000,105230.734375,52.615364,-631384.437500,-1869934.625000,1864005.875000,933.938232,-6862.593750,57006.250000,50143.652344
ml,mean,-1,2026-04-18,2059.718750,10.000000,2061.998047,50.000000,-5.957520,0.000000,0.000000,0.000000,-614220.062500,2082.581787,50.000000,-6.000000,0.000000,0.000000,0.000000,-624774.625000,2105.189697,50.000000,-6.000000,0.000000,0.000000,0.000000,-631556.937500,-1870551.625000,1864005.875000,933.938232,-7479.497559,62841.730469,55362.234375
ml,mean,-1,2026-04-19,2060.086426,10.000000,2062.268555,50.000000,-5.957520,0.000000,0.000000,0.000000,-614300.312500,2082.770020,50.000000,-6.000000,0.000000,0.000000,0.000000,-624831.062500,2105.246826,50.000000,-6.000000,0.000000,0.000000,0.000000,-631574.125000,-1870705.375000,1864005.875000,933.938232,-7633.348633,68067.937500,60434.585938
ml,mean,-1,2026-04-20,2059.794922,10.000000,2061.655273,50.000000,-6.451416,-0.493896,50438.218750,51.528809,-664555.000000,2082.069824,50.000000,-6.987061,-0.987061,102750.437500,52.051743,-727371.375000,2104.390869,50.000000,-7.000000,-1.000000,105219.531250,52.609764,-736536.687500,-2128463.000000,2122414.250000,1090.128418,-7139.075684,71610.531250,64471.460938
ml,mean,-1,2026-04-21,2060.164795,10.000000,2061.563477,50.000000,-6.413818,0.037598,-5293.138672,51.476311,-659267.125000,2081.910645,50.000000,-7.862793,-0.875732,91129.914062,52.047768,-818447.937500,2104.110352,50.000000,-7.998535,-0.998535,105050.781250,52.602753,-841489.312500,-2319204.500000,2313301.750000,1246.255371,-7148.975586,76799.750000,69650.773438
ml,mean,-1,2026-04-22,2060.639648,10.000000,2061.978271,50.000000,-6.751343,-0.337524,35421.375000,52.086823,-694878.750000,2082.264160,50.000000,-8.222290,-0.359497,36078.820312,52.079502,-854678.750000,2104.367676,50.000000,-8.971436,-0.972900,102358.703125,52.609192,-943952.437500,-2493510.000000,2487160.750000,1403.031006,-7752.329102,82322.281250,74569.945312
ml,mean,-1,2026-04-23,2060.883301,10.000000,2062.082031,50.000000,-6.563110,0.188232,-20615.214844,52.803024,-674332.687500,2082.305908,50.000000,-8.344238,-0.121948,11317.665039,57.706978,-866076.625000,2104.317871,50.000000,-9.786987,-0.815552,85667.671875,53.481300,-1029601.250000,-2570010.500000,2563531.000000,1567.022339,-8046.753906,87313.109375,79266.367188
ml,mean,-1,2026-04-24,2061.175537,10.000000,2062.003418,50.000000,-6.825562,-0.262451,27706.570312,52.831028,-702067.125000,2082.165771,50.000000,-8.482666,-0.138428,14687.994141,58.383682,-880753.250000,2104.069824,50.000000,-9.798828,-0.011841,-1800.859497,66.079803,-1027696.500000,-2610516.750000,2604124.500000,1744.316895,-8136.760742,92373.101562,84236.343750
ml,mean,-1,2026-04-25,2061.632080,10.000000,2062.482666,50.000000,-6.825562,0.000000,0.000000,0.000000,-702275.062500,2082.592285,50.000000,-8.482666,0.000000,0.000000,0.000000,-880998.437500,2104.406006,50.000000,-9.798828,0.000000,0.000000,0.000000,-1027959.125000,-2611232.750000,2604124.500000,1744.316895,-8852.475586,97837.531250,88985.046875
ml,mean,-1,2026-04-26,2061.807129,10.000000,2062.464355,50.000000,-6.825562,0.000000,0.000000,0.000000,-702266.062500,2082.517334,50.000000,-8.482666,0.000000,0.000000,0.000000,-880976.625000,2104.247803,50.000000,-9.798828,0.000000,0.000000,0.000000,-1027877.187500,-2611119.500000,2604124.500000,1744.316895,-8739.676758,102598.226562,93858.554688
ml,mean,-1,2026-04-27,2062.680908,10.000000,2063.191406,50.000000,-6.567505,0.258057,-28102.646484,53.299393,-674405.500000,2083.192871,50.000000,-8.282349,0.200317,-22420.023438,65.956253,-858856.625000,2104.849609,50.000000,-9.817871,-0.019043,926.984985,71.061737,-1029086.375000,-2562348.500000,2554528.750000,1934.634155,-9754.325195,109109.132812,99354.812500
ml,mean,-1,2026-04-28,2063.048340,10.000000,2063.235352,50.000000,-6.694336,-0.126831,13774.592773,53.311199,-688276.375000,2083.194824,50.000000,-8.331543,-0.049194,5016.025879,58.788219,-863972.750000,2104.782227,50.000000,-9.876709,-0.058838,6690.944824,67.587425,-1035841.250000,-2588090.500000,2580010.500000,2114.321045,-10194.413086,114423.546875,104229.140625
ml,mean,-1,2026-04-29,2063.434082,10.000000,2063.556152,50.000000,-5.169189,1.525146,-157908.562500,78.954285,-530563.062500,2083.466553,50.000000,-8.429199,-0.097656,10405.062500,61.671009,-874592.312500,2104.982178,50.000000,-9.896606,-0.019897,740.430054,70.526093,-1036818.875000,-2441974.500000,2433247.500000,2325.472412,-11052.490234,119722.843750,108670.367188
ml,mean,-1,2026-04-30,2063.961182,10.000000,2063.556152,50.000000,-4.171265,0.997925,-102930.109375,51.465050,-427632.937500,2083.404297,50.000000,-8.014648,0.414551,-43968.414062,70.997879,-830676.562500,2104.830078,50.000000,-9.470581,0.426025,-45049.460938,80.575623,-991844.062500,-2250153.500000,2241299.000000,2528.510986,-11382.792969,120155.164062,108772.375000
ml,mean,-1,2026-05-01,2064.166504,10.000000,2063.556152,50.000000,-3.458496,0.712769,-73270.656250,36.635330,-354362.218750,2083.795654,50.000000,-7.949951,0.064697,-6305.273438,65.836334,-824574.187500,2105.170166,50.000000,-9.277222,0.193359,-20619.574219,74.807434,-971439.812500,-2150376.250000,2141103.750000,2705.789795,-11978.264648,119683.132812,107704.867188
ml,mean,-1,2026-05-02,2064.096191,10.000000,2063.556152,50.000000,-3.458496,0.000000,0.000000,0.000000,-354362.218750,2083.500244,50.000000,-7.949951,0.000000,0.000000,0.000000,-824549.312500,2104.818115,50.000000,-9.277222,0.000000,0.000000,0.000000,-971412.812500,-2150324.500000,2141103.750000,2705.789795,-11926.406250,118595.976562,106669.562500
ml,mean,-1,2026-05-03,2064.843506,10.000000,2063.556152,50.000000,-3.458496,0.000000,0.000000,0.000000,-354362.218750,2084.141846,50.000000,-7.949951,0.000000,0.000000,0.000000,-824819.875000,2105.418457,50.000000,-9.277222,0.000000,0.000000,0.000000,-971751.687500,-2150933.500000,2141103.750000,2705.789795,-12535.820312,119629.664062,107093.843750
ml,mean,-1,2026-05-04,2065.024658,10.000000,2063.556152,50.000000,-3.235596,0.222900,-22002.992188,11.201830,-332359.281250,2083.914307,50.000000,-7.502441,0.447510,-47296.789062,79.644768,-777459.187500,2105.143555,50.000000,-8.751587,0.525635,-56429.089844,86.174995,-915232.375000,-2025050.875000,2015374.875000,2882.811768,-12558.769531,119148.921875,106590.164062
ml,mean,-1,2026-05-05,2065.659180,10.000000,2063.556152,50.000000,-3.185303,0.050293,-4942.418945,3.026776,-327416.843750,2084.352539,50.000000,-7.249146,0.253296,-26825.064453,75.113243,-750834.000000,2105.544189,50.000000,-8.587036,0.164551,-17235.048828,76.863800,-898211.312500,-1976462.125000,1966372.375000,3037.815186,-13127.656250,119832.554688,106704.890625
ml,mean,-1,2026-05-06,2066.364746,10.000000,2063.556152,50.000000,-3.145264,0.040039,-4094.435059,2.490785,-323322.437500,2084.676025,50.000000,-7.442993,-0.193848,21468.392578,65.600311,-772474.250000,2105.834717,50.000000,-8.555420,0.031616,-3055.419434,73.483780,-895383.875000,-1991180.375000,1980690.875000,3179.390137,-13669.019531,120709.226562,107040.210938
ml,mean,-1,2026-05-07,2066.654541,10.000000,2063.556152,50.000000,-3.122314,0.022949,-2238.832031,2.460521,-321083.562500,2084.774658,50.000000,-7.372681,0.070312,-7557.337891,70.996346,-764991.687500,2105.889404,50.000000,-8.581787,-0.026367,3144.545410,72.303391,-898626.125000,-1984701.375000,1974039.375000,3325.150635,-13987.291992,120485.867188,106498.570312
ml,mean,-1,2026-05-08,2067.327393,10.000000,2063.556152,50.000000,-3.092529,0.029785,-3108.738525,2.611747,-317974.843750,2085.225830,50.000000,-7.190552,0.182129,-20046.259766,73.711494,-745113.250000,2106.308594,50.000000,-8.463745,0.118042,-13001.365234,75.776520,-885842.875000,-1948930.875000,1937883.000000,3477.250244,-14525.277344,121256.429688,106731.156250
ml,mean,-1,2026-05-09,2068.371094,10.000000,2063.556152,50.000000,-3.092529,0.000000,0.000000,0.000000,-317974.843750,2086.065186,50.000000,-7.190552,0.000000,0.000000,0.000000,-745480.437500,2107.111328,50.000000,-8.463745,0.000000,0.000000,0.000000,-886250.312500,-1949705.500000,1937883.000000,3477.250244,-15299.929688,122944.140625,107644.203125
ml,mean,-1,2026-05-10,2068.771973,10.000000,2063.556152,50.000000,-3.092529,0.000000,0.000000,0.000000,-317974.843750,2086.048828,50.000000,-7.190552,0.000000,0.000000,0.000000,-745533.187500,2107.049561,50.000000,-8.463745,0.000000,0.000000,0.000000,-886279.125000,-1949787.000000,1937883.000000,3477.250244,-15381.427734,123076.476562,107695.046875
ml,mean,-1,2026-05-11,2069.259033,10.000000,2063.556152,50.000000,-3.002686,0.089844,-9472.952148,6.052430,-308501.906250,2086.520264,50.000000,-7.114746,0.075806,-7686.808594,69.800316,-738036.187500,2107.480957,50.000000,-8.316528,0.147217,-15851.228516,75.617493,-870619.250000,-1917157.125000,1904871.875000,3628.720459,-15913.986328,123372.906250,107458.929688
ml,mean,-1,2026-05-12,2070.048828,10.000000,2063.556152,50.000000,-2.946411,0.056274,-5935.162109,5.046445,-302566.750000,2086.299805,50.000000,-7.027222,0.087524,-9868.017578,70.202003,-728082.312500,2109.380859,50.000000,-8.274536,0.041992,-4127.263672,72.666840,-867296.250000,-1897945.500000,1884941.500000,3776.635986,-16780.556641,124382.804688,107602.234375
ml,mean,-1,2026-05-13,2070.808105,10.000000,2063.556152,50.000000,-2.897217,0.049194,-5141.844238,4.953967,-297424.906250,2086.617188,50.000000,-6.914917,0.112305,-12191.539062,70.382896,-716024.312500,2109.685791,50.000000,-8.166748,0.107788,-11970.208984,74.116547,-855530.625000,-1868979.750000,1855638.000000,3926.089355,-17267.955078,125364.992188,108097.031250
ml,mean,-1,2026-05-14,2071.113037,10.000000,2063.556152,50.000000,-2.846436,0.050781,-5374.479004,4.716267,-292050.406250,2086.871582,50.000000,-6.876953,0.037964,-3259.318115,68.625427,-712913.062500,2109.825195,50.000000,-8.105835,0.060913,-6884.109375,73.200623,-848810.312500,-1853773.875000,1840120.000000,4072.631592,-17726.505859,125226.031250,107499.523438
ml,mean,-1,2026-05-15,2071.324707,10.000000,2063.556152,50.000000,-2.798828,0.047607,-4961.838379,4.339942,-287088.562500,2087.045410,50.000000,-6.757935,0.119019,-12957.479492,70.044708,-700048.750000,2109.912354,50.000000,-8.013428,0.092407,-9636.644531,73.550201,-839270.375000,-1826407.750000,1812564.000000,4220.566406,-18064.292969,124823.968750,106759.679688
ml,mean,-1,2026-05-16,2071.198242,10.000000,2063.556152,50.000000,-2.798828,0.000000,0.000000,0.000000,-287088.562500,2086.610352,50.000000,-6.757935,0.000000,0.000000,0.000000,-699920.687500,2109.417725,50.000000,-8.013428,0.000000,0.000000,0.000000,-839132.937500,-1826142.250000,1812564.000000,4220.566406,-17798.820312,123570.656250,105771.851562
ml,mean,-1,2026-05-17,2071.973877,10.000000,2063.556152,50.000000,-2.798828,0.000000,0.000000,0.000000,-287088.562500,2087.103760,50.000000,-6.757935,0.000000,0.000000,0.000000,-700075.750000,2109.869873,50.000000,-8.013428,0.000000,0.000000,0.000000,-839297.500000,-1826461.750000,1812564.000000,4220.566406,-18118.330078,124622.593750,106504.281250
ml,mean,-1,2026-05-18,2072.474121,10.000000,2063.556152,50.000000,-2.696045,0.102783,-10739.540039,6.075182,-276349.031250,2087.142090,50.000000,-6.594971,0.162964,-17039.582031,70.141586,-683084.000000,2109.856934,50.000000,-7.772095,0.241333,-26003.240234,75.890526,-813336.125000,-1772769.250000,1758781.750000,4372.673828,-18360.203125,124945.234375,106585.023438
ml,mean,-1,2026-05-19,2072.871338,10.000000,2063.556152,50.000000,-2.646484,0.049561,-5123.672852,2.949598,-271225.343750,2087.357910,50.000000,-6.620850,-0.025879,3337.652588,66.610321,-686522.937500,2110.001953,50.000000,-7.719238,0.052856,-5699.966797,71.991028,-807750.500000,-1765498.750000,1751295.750000,4514.224609,-18717.392578,125088.312500,106370.921875
ml,mean,-1,2026-05-20,2073.202148,10.000000,2063.556152,50.000000,-2.612793,0.033691,-3492.578369,1.850765,-267732.812500,2087.550293,50.000000,-6.541748,0.079102,-8545.264648,68.206894,-678067.187500,2110.118652,50.000000,-7.702637,0.016602,-1063.938721,70.774193,-806772.000000,-1752571.875000,1738193.875000,4655.056641,-19033.134766,124968.343750,105935.203125
ml,mean,-1,2026-05-21,2073.366699,10.000000,2063.556152,50.000000,-2.588867,0.023926,-2443.427734,1.353715,-265289.343750,2087.799072,50.000000,-6.453735,0.088013,-9179.759766,68.074936,-668993.875000,2110.339844,50.000000,-7.607788,0.094849,-10294.819336,72.104713,-796607.687500,-1730890.875000,1716275.750000,4796.589844,-19411.597656,124460.640625,105049.039062
ml,mean,-1,2026-05-22,2074.015869,10.000000,2063.556152,50.000000,-2.570312,0.018555,-1908.596680,1.012704,-263380.781250,2088.255615,50.000000,-6.446777,0.006958,-486.188293,65.901886,-668689.937500,2110.696777,50.000000,-7.588989,0.018799,-2259.498535,70.709396,-794514.812500,-1726585.500000,1711621.625000,4934.214355,-19898.089844,125140.859375,105242.765625
ml,mean,-1,2026-05-23,2074.372803,10.000000,2063.556152,50.000000,-2.570312,0.000000,0.000000,0.000000,-263380.781250,2088.426270,50.000000,-6.446777,0.000000,0.000000,0.000000,-668768.562500,2110.759521,50.000000,-7.588989,0.000000,0.000000,0.000000,-794580.812500,-1726730.000000,1711621.625000,4934.214355,-20042.783203,125133.101562,105090.312500
ml,mean,-1,2026-05-24,2074.197021,10.000000,2063.556152,50.000000,-2.570312,0.000000,0.000000,0.000000,-263380.781250,2087.816650,50.000000,-6.446777,0.000000,0.000000,0.000000,-668588.500000,2110.056641,50.000000,-7.588989,0.000000,0.000000,0.000000,-794351.750000,-1726321.125000,1711621.625000,4934.214355,-19633.710938,123768.187500,104134.468750
ml,mean,-1,2026-05-25,2074.289062,10.000000,2063.556152,50.000000,-2.570312,0.000000,0.000000,0.000000,-263380.781250,2087.523926,50.000000,-6.446777,0.000000,0.000000,0.000000,-668531.000000,2109.697021,50.000000,-7.588989,0.000000,0.000000,0.000000,-794240.125000,-1726152.000000,1711621.625000,4934.214355,-19464.554688,123139.726562,103675.171875
ml,mean,-1,2026-05-26,2074.751465,10.000000,2063.556152,50.000000,-2.533203,0.037109,-3810.587158,1.905293,-259570.156250,2087.836914,50.000000,-6.051025,0.395752,-42898.964844,70.561111,-625728.437500,2109.924316,50.000000,-7.200317,0.388672,-41705.289062,76.268356,-752633.062500,-1637931.625000,1623206.750000,5082.948730,-19807.800781,123394.218750,103586.398438
ml,mean,-1,2026-05-27,2074.566162,10.000000,2063.556152,50.000000,-2.508545,0.024658,-2525.496338,1.262748,-257044.671875,2087.291016,50.000000,-5.991821,0.059204,-5700.417480,64.432869,-619920.187500,2109.280029,50.000000,-7.095581,0.104736,-11497.602539,71.201942,-740979.562500,-1617944.500000,1603483.250000,5219.846191,-19681.144531,121980.500000,102299.359375
ml,mean,-1,2026-05-28,2074.187500,10.000000,2063.556152,50.000000,-2.479736,0.028809,-2931.883545,1.465942,-254112.796875,2086.630371,50.000000,-5.865112,0.126709,-13787.728516,64.224663,-605963.625000,2108.544189,50.000000,-6.988403,0.107178,-11015.331055,71.000214,-729703.500000,-1589779.875000,1575748.375000,5356.537109,-19388.113281,120078.929688,100690.812500
ml,mean,-1,2026-05-29,2074.529785,10.000000,2063.556152,50.000000,-2.445435,0.034302,-3471.837158,1.735918,-250640.953125,2086.791260,50.000000,-5.822510,0.042603,-4344.983398,63.417084,-601664.875000,2108.681641,50.000000,-6.840454,0.147949,-15453.150391,71.601547,-714288.250000,-1566594.000000,1552478.250000,5493.291992,-19608.916016,119985.523438,100376.609375
ml,mean,-1,2026-05-30,2075.132568,10.000000,2063.556152,50.000000,-2.445435,0.000000,0.000000,0.000000,-250640.953125,2087.425293,50.000000,-5.822510,0.000000,0.000000,0.000000,-601907.375000,2109.258789,50.000000,-6.840454,0.000000,0.000000,0.000000,-714571.500000,-1567119.750000,1552478.250000,5493.291992,-20134.832031,120542.148438,100407.312500
ml,mean,-1,2026-05-31,2075.007812,10.000000,2063.556152,50.000000,-2.445435,0.000000,0.000000,0.000000,-250640.953125,2087.168457,50.000000,-5.822510,0.000000,0.000000,0.000000,-601846.125000,2108.977783,50.000000,-6.840454,0.000000,0.000000,0.000000,-714474.437500,-1566961.625000,1552478.250000,5493.291992,-19976.544922,119276.937500,99300.398438
ml,mean,-1,2026-06-01,2075.504883,10.000000,2063.556152,50.000000,-2.382690,0.062744,-6288.042969,3.144021,-244352.890625,2087.489746,50.000000,-5.575317,0.247192,-25437.619141,66.776276,-576515.250000,2109.265381,50.000000,-6.696655,0.143799,-15239.875000,71.300987,-699370.125000,-1520238.250000,1505512.750000,5634.512695,-20360.029297,119596.976562,99236.953125
ml,mean,-1,2026-06-02,2075.608887,10.000000,2063.556152,50.000000,-2.358032,0.024658,-2461.107422,1.230554,-241891.781250,2087.214600,50.000000,-5.474609,0.100708,-10959.042969,64.067467,-565509.500000,2108.921387,50.000000,-6.519165,0.177490,-18666.708984,71.224365,-680666.812500,-1488068.125000,1473425.875000,5771.035156,-20413.259766,118994.171875,98580.921875
ml,mean,-1,2026-06-03,2076.085938,10.000000,2063.556152,50.000000,-2.342163,0.015869,-1600.949829,0.800475,-240290.843750,2088.018066,50.000000,-5.358643,0.115967,-12032.244141,61.704548,-553734.562500,2109.677979,50.000000,-6.401245,0.117920,-13232.057617,69.583054,-667701.750000,-1461727.125000,1446560.625000,5903.123535,-21069.652344,119274.539062,98204.890625
ml,mean,-1,2026-06-04,2076.355957,10.000000,2063.556152,50.000000,-2.326904,0.015259,-1532.165771,0.782541,-238758.687500,2087.948975,50.000000,-5.250488,0.108154,-11380.715820,60.518196,-542392.375000,2109.594971,50.000000,-6.275635,0.125610,-13330.448242,68.882217,-654383.812500,-1435534.750000,1420317.250000,6033.306152,-21250.841797,119002.890625,97752.039062
ml,mean,-1,2026-06-05,2076.673340,10.000000,2063.556152,50.000000,-2.312622,0.014282,-1455.370117,0.727685,-237303.312500,2088.112793,50.000000,-5.149902,0.100586,-10746.754883,59.043533,-531695.750000,2109.690186,50.000000,-6.098389,0.177246,-18754.277344,69.471527,-635664.187500,-1404663.250000,1389361.000000,6162.548828,-21464.837891,118875.320312,97410.484375
ml,mean,-1,2026-06-06,2076.819824,10.000000,2063.556152,50.000000,-2.312622,0.000000,0.000000,0.000000,-237303.312500,2087.902832,50.000000,-5.149902,0.000000,0.000000,0.000000,-531675.312500,2109.419922,50.000000,-6.098389,0.000000,0.000000,0.000000,-635637.437500,-1404616.250000,1389361.000000,6162.548828,-21417.761719,118266.250000,96848.484375
ml,mean,-1,2026-06-07,2077.229248,10.000000,2063.556152,50.000000,-2.312622,0.000000,0.000000,0.000000,-237303.312500,2087.985596,50.000000,-5.149902,0.000000,0.000000,0.000000,-531722.125000,2109.438477,50.000000,-6.098389,0.000000,0.000000,0.000000,-635693.500000,-1404719.000000,1389361.000000,6162.548828,-21520.574219,118346.664062,96826.109375
ml,mean,-1,2026-06-08,2077.109619,10.000000,2063.556152,50.000000,-2.276001,0.036621,-3768.933105,1.884467,-233534.375000,2087.720215,50.000000,-4.921387,0.228516,-23571.880859,60.413635,-508091.187500,2109.055420,50.000000,-5.865479,0.232910,-24564.960938,69.928795,-611002.187500,-1352627.750000,1337455.125000,6294.775879,-21467.384766,117096.312500,95628.937500
ml,mean,-1,2026-06-09,2077.585205,10.000000,2063.556152,50.000000,-2.251099,0.024902,-2612.237793,1.306119,-230922.140625,2088.134766,50.000000,-4.809692,0.111694,-11761.968750,58.591492,-496472.437500,2109.493896,50.000000,-5.676636,0.188843,-19500.289062,68.737717,-591667.125000,-1319061.750000,1303580.625000,6423.411133,-21904.455078,117325.585938,95421.125000
ml,mean,-1,2026-06-10,2077.826172,10.000000,2063.556152,50.000000,-2.219116,0.031982,-3365.984863,1.682992,-227556.156250,2088.042480,50.000000,-4.691650,0.118042,-12445.443359,58.165794,-484038.875000,2109.363525,50.000000,-5.569214,0.107422,-11921.082031,65.792694,-579757.625000,-1291352.750000,1275848.250000,6549.052734,-22053.626953,116989.687500,94936.062500
ml,mean,-1,2026-06-11,2077.904297,10.000000,2063.556152,50.000000,-2.179565,0.039551,-4207.364258,2.103682,-223348.781250,2087.885742,50.000000,-4.500122,0.191528,-20869.626953,58.528702,-463150.843750,2109.140625,50.000000,-5.437744,0.131470,-14135.944336,64.383934,-565608.312500,-1252108.000000,1236635.125000,6674.068848,-22146.818359,116206.242188,94059.406250
ml,mean,-1,2026-06-12,2077.967529,10.000000,2063.556152,50.000000,-2.119385,0.060181,-6355.746094,3.177873,-216993.031250,2087.697266,50.000000,-4.362305,0.137817,-14009.136719,56.520683,-449104.343750,2108.899414,50.000000,-5.277466,0.160278,-16618.625000,63.772579,-548929.562500,-1215026.875000,1199651.750000,6797.540527,-22172.812500,115393.718750,93220.906250
ml,mean,-1,2026-06-13,2078.743164,10.000000,2063.556152,50.000000,-2.119385,0.000000,0.000000,0.000000,-216993.031250,2088.272949,50.000000,-4.362305,0.000000,0.000000,0.000000,-449264.218750,2109.513672,50.000000,-5.277466,0.000000,0.000000,0.000000,-549116.937500,-1215374.125000,1199651.750000,6797.540527,-22520.046875,116411.187500,93891.148438
ml,mean,-1,2026-06-14,2079.382812,10.000000,2063.556152,50.000000,-2.119385,0.000000,0.000000,0.000000,-216993.031250,2088.648926,50.000000,-4.362305,0.000000,0.000000,0.000000,-449317.406250,2109.831543,50.000000,-5.277466,0.000000,0.000000,0.000000,-549189.000000,-1215499.500000,1199651.750000,6797.540527,-22645.324219,117089.500000,94444.187500
ml,mean,-1,2026-06-15,2079.759521,10.000000,2063.556152,50.000000,-1.889404,0.229980,-23837.015625,11.918509,-193156.031250,2088.937988,50.000000,-4.037476,0.324829,-33509.609375,56.839340,-415875.937500,2110.035645,50.000000,-4.927734,0.349731,-36906.488281,65.676933,-512344.968750,-1121377.000000,1105398.625000,6931.974609,-22910.324219,117066.218750,94155.890625
ml,mean,-1,2026-06-16,2080.132080,10.000000,2063.556152,50.000000,-1.777588,0.111816,-11436.171875,5.718086,-181719.859375,2088.818604,50.000000,-4.011353,0.026123,-1949.181396,53.499352,-413929.437500,2109.902100,50.000000,-4.740723,0.187012,-19738.394531,63.068169,-492621.500000,-1088270.750000,1072274.750000,7054.260254,-23050.234375,117021.890625,93971.656250
ml,mean,-1,2026-06-17,2080.677734,10.000000,2063.556152,50.000000,-1.712769,0.064819,-6603.515137,3.301758,-175116.343750,2089.053223,50.000000,-3.855225,0.156128,-16918.648438,53.099289,-397087.312500,2110.100586,50.000000,-4.584473,0.156250,-16917.279297,60.652565,-475772.000000,-1047975.625000,1031835.375000,7171.314453,-23311.527344,117432.765625,94121.234375
ml,mean,-1,2026-06-18,2081.358398,10.000000,2063.556152,50.000000,-1.677002,0.035767,-3675.387695,1.837694,-171440.968750,2089.957031,50.000000,-3.744385,0.110840,-11685.482422,52.672466,-385585.062500,2111.029297,50.000000,-4.453857,0.130615,-13623.305664,59.240326,-462355.125000,-1019381.062500,1002851.250000,7285.064941,-23814.968750,118209.382812,94394.406250
ml,mean,-1,2026-06-19,2081.537109,10.000000,2063.556152,50.000000,-1.677002,0.000000,0.000000,0.000000,-171440.968750,2089.781006,50.000000,-3.744385,0.000000,0.000000,0.000000,-385583.343750,2110.811279,50.000000,-4.453857,0.000000,0.000000,0.000000,-462360.968750,-1019385.312500,1002851.250000,7285.064941,-23819.128906,117700.265625,93881.140625
ml,mean,-1,2026-06-20,2081.414551,10.000000,2063.556152,50.000000,-1.677002,0.000000,0.000000,0.000000,-171440.968750,2089.402588,50.000000,-3.744385,0.000000,0.000000,0.000000,-385515.062500,2110.388184,50.000000,-4.453857,0.000000,0.000000,0.000000,-462279.031250,-1019235.062500,1002851.250000,7285.064941,-23668.904297,116457.726562,92788.820312
ml,mean,-1,2026-06-21,2081.968262,10.000000,2063.556152,50.000000,-1.677002,0.000000,0.000000,0.000000,-171440.968750,2089.630127,50.000000,-3.744385,0.000000,0.000000,0.000000,-385551.687500,2110.550537,50.000000,-4.453857,0.000000,0.000000,0.000000,-462321.781250,-1019314.375000,1002851.250000,7285.064941,-23748.253906,116877.015625,93128.765625
ml,mean,-1,2026-06-22,2082.104492,10.000000,2063.556152,50.000000,-1.586304,0.090698,-9336.164062,4.668082,-162104.796875,2089.911133,50.000000,-3.118042,0.626343,-66317.320312,56.512367,-319276.937500,2110.798828,50.000000,-3.929932,0.523926,-54760.304688,62.441299,-407642.312500,-889024.125000,872437.437500,7408.686523,-23995.318359,116232.062500,92236.750000
ml,mean,-1,2026-06-23,2082.454834,10.000000,2063.556152,50.000000,-1.535645,0.050659,-5145.846191,2.572923,-156958.921875,2089.887695,50.000000,-3.080933,0.037109,-2450.802734,48.795013,-316850.687500,2110.675537,50.000000,-3.772949,0.156982,-17008.160156,56.185513,-390608.531250,-864418.187500,847832.625000,7516.239746,-24101.779297,116170.976562,92069.187500
ml,mean,-1,2026-06-24,2082.720215,10.000000,2063.556152,50.000000,-1.485718,0.049927,-5044.900391,2.522450,-151914.046875,2090.023926,50.000000,-2.909180,0.171753,-18316.033203,47.194878,-298578.218750,2110.783203,50.000000,-3.584595,0.188354,-19844.496094,54.646614,-370801.312500,-821293.562500,804627.125000,7620.604004,-24286.974609,115848.992188,91562.023438
ml,mean,-1,2026-06-25,2083.115967,10.000000,2063.556152,50.000000,-1.445312,0.040405,-4100.564941,2.050282,-147813.484375,2090.076904,50.000000,-2.874390,0.034790,-2877.437256,45.911724,-295703.937500,2110.827393,50.000000,-3.421631,0.162964,-17400.285156,53.682190,-353393.593750,-796911.000000,780248.937500,7722.248535,-24384.345703,115882.734375,91498.375000
ml,mean,-1,2026-06-26,2083.315430,10.000000,2063.556152,50.000000,-1.416626,0.028687,-2922.327393,1.461163,-144891.156250,2089.953857,50.000000,-2.703979,0.170410,-18858.822266,43.864010,-276870.281250,2110.685303,50.000000,-3.295532,0.126099,-12854.458008,51.922215,-340571.062500,-762332.375000,745613.375000,7819.495605,-24538.664062,115415.742188,90877.062500
ml,mean,-1,2026-06-27,2083.866455,10.000000,2063.556152,50.000000,-1.416626,0.000000,0.000000,0.000000,-144891.156250,2090.550537,50.000000,-2.703979,0.000000,0.000000,0.000000,-276938.375000,2111.272705,50.000000,-3.295532,0.000000,0.000000,0.000000,-340645.281250,-762474.812500,745613.375000,7819.495605,-24681.005859,115819.281250,91138.273438
ml,mean,-1,2026-06-28,2084.432129,10.000000,2063.556152,50.000000,-1.416626,0.000000,0.000000,0.000000,-144891.156250,2090.989258,50.000000,-2.703979,0.000000,0.000000,0.000000,-276999.937500,2111.702637,50.000000,-3.295532,0.000000,0.000000,0.000000,-340730.312500,-762621.375000,745613.375000,7819.495605,-24827.562500,116243.929688,91416.359375
ml,mean,-1,2026-06-29,2085.061523,10.000000,2063.556152,50.000000,-1.348145,0.068481,-7057.356445,3.528678,-137833.796875,2091.222900,50.000000,-2.250488,0.453491,-48297.828125,42.483700,-228720.593750,2111.899414,50.000000,-2.899536,0.395996,-41127.292969,52.283833,-299608.843750,-666163.250000,649130.812500,7917.791504,-24950.216797,116851.890625,91901.664062
ml,mean,-1,2026-06-30,2085.175293,10.000000,2063.556152,50.000000,-1.314697,0.033447,-3418.523438,1.709262,-134415.265625,2091.102783,50.000000,-2.138184,0.112305,-10784.265625,38.284512,-217910.812500,2111.711670,50.000000,-2.771973,0.127563,-13365.351562,48.067200,-286206.093750,-638532.187500,621562.687500,8005.852539,-24975.343750,116157.000000,91181.656250
ml,mean,-1,2026-07-01,2085.609131,10.000000,2063.556152,50.000000,-1.285034,0.029663,-3028.979004,1.514490,-131386.296875,2091.414795,50.000000,-1.943848,0.194336,-20876.351562,34.574329,-197074.687500,2111.974365,50.000000,-2.593750,0.178223,-19490.439453,46.146774,-266745.687500,-595206.625000,578166.937500,8088.087891,-25127.787109,116285.156250,91157.367188
ml,mean,-1,2026-07-02,2085.587158,10.000000,2063.556152,50.000000,-1.257812,0.027222,-2788.226562,1.394113,-128598.062500,2091.160889,50.000000,-1.854370,0.089478,-8987.458984,28.233521,-188054.296875,2111.700195,50.000000,-2.430908,0.162842,-17544.410156,43.844292,-249153.250000,-565805.625000,548846.812500,8161.559570,-25120.347656,115297.617188,90177.257812
ml,mean,-1,2026-07-03,2085.905029,10.000000,2063.556152,50.000000,-1.225098,0.032715,-3390.599121,1.695300,-125207.460938,2091.150391,50.000000,-1.739990,0.114380,-12145.132812,24.514648,-175921.390625,2111.645020,50.000000,-2.301514,0.129395,-13522.917969,42.744759,-235623.171875,-536752.062500,519788.156250,8230.514648,-25194.361328,115139.171875,89944.804688
ml,mean,-1,2026-07-04,2086.119629,10.000000,2063.556152,50.000000,-1.225098,0.000000,0.000000,0.000000,-125207.460938,2091.304199,50.000000,-1.739990,0.000000,0.000000,0.000000,-175936.031250,2111.792725,50.000000,-2.301514,0.000000,0.000000,0.000000,-235627.625000,-536771.125000,519788.156250,8230.514648,-25213.476562,114767.226562,89553.750000
ml,mean,-1,2026-07-05,2086.583252,10.000000,2063.556152,50.000000,-1.225098,0.000000,0.000000,0.000000,-125207.460938,2091.414307,50.000000,-1.739990,0.000000,0.000000,0.000000,-175939.968750,2111.859863,50.000000,-2.301514,0.000000,0.000000,0.000000,-235616.656250,-536764.125000,519788.156250,8230.514648,-25206.433594,114923.492188,89717.062500
ml,mean,-1,2026-07-06,2086.622803,10.000000,2063.556152,50.000000,-1.010132,0.214966,-22158.199219,11.079100,-103049.265625,2091.364014,50.000000,-1.534302,0.205688,-21029.585938,19.837719,-154931.843750,2111.770996,50.000000,-1.899170,0.402344,-41811.687500,40.105888,-193826.250000,-451807.375000,434788.718750,8301.538086,-25320.212891,114166.437500,88846.226562
ml,mean,-1,2026-07-07,2087.160156,10.000000,2063.556152,50.000000,-0.910645,0.099487,-10287.508789,5.143754,-92761.757812,2091.925293,50.000000,-1.486450,0.047852,-5454.257324,13.875478,-149524.359375,2112.329346,50.000000,-1.829102,0.070068,-7286.756836,28.822773,-186593.890625,-428879.968750,411760.156250,8349.379883,-25469.201172,114474.445312,89005.250000
ml,mean,-1,2026-07-08,2087.396973,10.000000,2063.556152,50.000000,-0.835815,0.074829,-7775.439941,3.887720,-84986.320312,2091.761475,50.000000,-1.398560,0.087891,-9157.539062,12.469461,-140368.718750,2112.139648,50.000000,-1.770752,0.058350,-6403.340820,26.285480,-180207.390625,-405562.437500,388423.843750,8392.022461,-25530.578125,114184.265625,88653.679688
ml,mean,-1,2026-07-09,2087.459473,10.000000,2063.556152,50.000000,-0.781738,0.054077,-5659.985352,2.829993,-79326.335938,2091.511719,50.000000,-1.343018,0.055542,-6089.565430,12.080502,-134254.187500,2111.852539,50.000000,-1.690186,0.080566,-8180.839844,24.441376,-171982.921875,-385563.437500,368493.437500,8431.374023,-25501.361328,113580.453125,88079.109375
ml,mean,-1,2026-07-10,2088.181396,10.000000,2063.556152,50.000000,-0.747925,0.033813,-3552.200439,1.776100,-75774.125000,2092.162109,50.000000,-1.240723,0.102295,-10590.640625,12.568429,-123698.671875,2112.461914,50.000000,-1.633179,0.057007,-6112.007324,22.068844,-165936.375000,-365409.187500,348238.625000,8467.787109,-25638.343750,114157.695312,88519.359375
ml,mean,-1,2026-07-11,2087.905518,10.000000,2063.556152,50.000000,-0.747925,0.000000,0.000000,0.000000,-75774.125000,2091.420898,50.000000,-1.240723,0.000000,0.000000,0.000000,-123672.406250,2111.710938,50.000000,-1.633179,0.000000,0.000000,0.000000,-165894.031250,-365340.593750,348238.625000,8467.787109,-25569.734375,113075.046875,87505.312500
ml,mean,-1,2026-07-12,2088.506104,10.000000,2063.556152,50.000000,-0.747925,0.000000,0.000000,0.000000,-75774.125000,2092.112061,50.000000,-1.240723,0.000000,0.000000,0.000000,-123689.164062,2112.404053,50.000000,-1.633179,0.000000,0.000000,0.000000,-165938.000000,-365401.281250,348238.625000,8467.787109,-25630.484375,113417.171875,87786.687500
ml,mean,-1,2026-07-13,2089.127441,10.000000,2063.556152,50.000000,-0.688232,0.059692,-6246.242188,3.123121,-69527.890625,2092.533691,50.000000,-1.021851,0.218872,-22182.867188,16.914982,-101513.679688,2112.799072,50.000000,-1.458374,0.174805,-18352.160156,21.600237,-147611.859375,-318653.406250,301457.312500,8509.425781,-25705.501953,113793.671875,88088.171875
ml,mean,-1,2026-07-14,2089.605469,10.000000,2063.556152,50.000000,-0.666748,0.021484,-2248.696777,1.124348,-67279.187500,2093.038818,50.000000,-0.883423,0.138428,-14203.470703,13.079868,-87305.265625,2113.274414,50.000000,-1.389038,0.069336,-7503.831055,17.658489,-140120.046875,-294704.468750,277501.343750,8541.289062,-25744.435547,113927.546875,88183.101562
ml,mean,-1,2026-07-15,2089.848145,10.000000,2063.556152,50.000000,-0.653076,0.013672,-1420.316528,0.710158,-65858.875000,2092.827637,50.000000,-0.789062,0.094360,-9815.745117,10.988000,-77469.859375,2113.039062,50.000000,-1.299194,0.089844,-9450.585938,16.865940,-130650.117188,-273978.843750,256814.703125,8569.852539,-25733.998047,113726.718750,87992.718750
ml,mean,-1,2026-07-16,2090.229980,10.000000,2063.556152,50.000000,-0.643555,0.009521,-990.969788,0.495485,-64867.906250,2093.137207,50.000000,-0.718140,0.070923,-7327.993652,9.308651,-70120.125000,2113.370850,50.000000,-1.216309,0.082886,-8508.747070,16.077013,-122137.687500,-257125.734375,239987.000000,8595.733398,-25734.460938,113720.195312,87985.718750
ml,mean,-1,2026-07-17,2090.514893,10.000000,2063.556152,50.000000,-0.631592,0.011963,-1245.648438,0.622824,-63622.257812,2093.125977,50.000000,-0.673096,0.045044,-4729.583496,8.149090,-65383.210938,2113.325684,50.000000,-1.141113,0.075195,-7896.391602,15.537895,-114241.429688,-243246.906250,226115.375000,8620.042969,-25751.580078,113593.812500,87842.226562
ml,mean,-1,2026-07-18,2091.017090,10.000000,2063.556152,50.000000,-0.631592,0.000000,0.000000,0.000000,-63622.257812,2093.456543,50.000000,-0.673096,0.000000,0.000000,0.000000,-65378.578125,2113.636719,50.000000,-1.141113,0.000000,0.000000,0.000000,-114243.390625,-243244.250000,226115.375000,8620.042969,-25748.921875,113725.156250,87976.234375
ml,mean,-1,2026-07-19,2091.251709,10.000000,2063.556152,50.000000,-0.631592,0.000000,0.000000,0.000000,-63622.257812,2093.589600,50.000000,-0.673096,0.000000,0.000000,0.000000,-65367.605469,2113.737305,50.000000,-1.141113,0.000000,0.000000,0.000000,-114212.640625,-243202.515625,226115.375000,8620.042969,-25707.185547,113560.492188,87853.296875
ml,mean,-1,2026-07-20,2091.724121,10.000000,2063.556152,50.000000,-0.594238,0.037354,-3808.783691,1.904392,-59813.472656,2093.689453,50.000000,-0.607178,0.065918,-6702.093750,7.325329,-58667.347656,2113.804932,50.000000,-0.979004,0.162109,-16266.349609,17.881203,-97936.054688,-216416.875000,199338.125000,8647.154297,-25725.894531,113651.750000,87925.843750
ml,mean,-1,2026-07-21,2092.468506,10.000000,2063.556152,50.000000,-0.569092,0.025146,-2569.721680,1.284861,-57243.750000,2094.524658,50.000000,-0.576172,0.031006,-3239.475098,5.203275,-55436.468750,2114.635010,50.000000,-0.881104,0.097900,-10122.958984,14.369143,-87845.773438,-200525.984375,183405.984375,8668.011719,-25788.021484,114000.890625,88212.875000
ml,mean,-1,2026-07-22,2093.186279,10.000000,2063.556152,50.000000,-0.544067,0.025024,-2552.988525,1.276494,-54690.761719,2094.633057,50.000000,-0.557251,0.018921,-2060.529053,4.450727,-53378.523438,2114.724609,50.000000,-0.825439,0.055664,-5941.358887,12.806360,-81892.125000,-189961.406250,172851.109375,8686.545898,-25796.855469,114289.718750,88492.875000
ml,mean,-1,2026-07-23,2093.437500,10.000000,2063.556152,50.000000,-0.518677,0.025391,-2578.344971,1.289172,-52112.421875,2094.746338,50.000000,-0.537476,0.019775,-2013.755859,3.756957,-51364.695312,2114.819336,50.000000,-0.775024,0.050415,-5253.344727,11.733582,-76631.968750,-180109.078125,163005.656250,8703.325195,-25806.742188,114189.609375,88382.875000
ml,mean,-1,2026-07-24,2093.834229,10.000000,2063.556152,50.000000,-0.500000,0.018677,-1904.882324,0.952441,-50207.535156,2094.957520,50.000000,-0.518188,0.019287,-1976.923950,3.147622,-49386.949219,2115.000488,50.000000,-0.730835,0.044189,-4521.406738,11.145119,-72100.156250,-171694.640625,154602.437500,8718.570312,-25810.763672,114200.859375,88390.093750
ml,mean,-1,2026-07-25,2094.362793,10.000000,2063.556152,50.000000,-0.500000,0.000000,0.000000,0.000000,-50207.535156,2095.183105,50.000000,-0.518188,0.000000,0.000000,0.000000,-49392.261719,2115.201172,50.000000,-0.730835,0.000000,0.000000,0.000000,-72098.359375,-171698.156250,154602.437500,8718.570312,-25814.281250,114281.906250,88467.617188
ml,mean,-1,2026-07-26,2094.639160,10.000000,2063.556152,50.000000,-0.500000,0.000000,0.000000,0.000000,-50207.535156,2095.308105,50.000000,-0.518188,0.000000,0.000000,0.000000,-49396.960938,2115.298828,50.000000,-0.730835,0.000000,0.000000,0.000000,-72117.984375,-171722.484375,154602.437500,8718.570312,-25838.611328,114226.992188,88388.367188
ml,mean,-1,2026-07-27,2095.124512,10.000000,2063.556152,50.000000,-0.451050,0.048950,-5003.062012,2.501531,-45204.472656,2095.647461,50.000000,-0.482056,0.036133,-3689.457520,2.866719,-45705.781250,2115.630127,50.000000,-0.657104,0.073730,-7636.934570,10.958749,-64472.296875,-155382.562500,138272.984375,8734.897461,-25844.453125,114284.531250,88440.085938
ml,mean,-1,2026-07-28,2095.719482,10.000000,2063.556152,50.000000,-0.422119,0.028931,-2951.785156,1.475893,-42252.687500,2095.743652,50.000000,-0.462402,0.019653,-2000.779907,1.491910,-43702.042969,2115.699219,50.000000,-0.625366,0.031738,-3396.028564,8.619164,-61067.250000,-147021.984375,129924.390625,8746.484375,-25844.058594,114380.046875,88535.984375
ml,mean,-1,2026-07-29,2096.782715,10.000000,2063.556152,50.000000,-0.410400,0.011719,-1199.501709,0.599751,-41053.187500,2096.940918,50.000000,-0.434082,0.028320,-2783.289062,1.391644,-40913.781250,2116.888428,50.000000,-0.633911,-0.008545,576.775330,8.258529,-61642.699219,-143609.671875,126518.390625,8756.734375,-25848.021484,114606.968750,88758.937500
ml,mean,-1,2026-07-30,2097.325928,10.000000,2063.556152,50.000000,-0.398071,0.012329,-1270.634766,0.635317,-39782.554688,2096.940918,50.000000,-0.428101,0.005981,-606.160278,0.303080,-40307.621094,2117.221191,50.000000,-0.585693,0.048218,-4818.157227,8.026052,-56840.808594,-136930.984375,119823.429688,8765.697266,-25873.253906,114648.796875,88775.539062
ml,mean,-1,2026-07-31,2097.658447,10.000000,2063.556152,50.000000,-0.389282,0.008789,-909.854919,0.454927,-38872.699219,2096.940918,50.000000,-0.426392,0.001709,-174.287415,0.087144,-40133.335938,2117.355957,50.000000,-0.576904,0.008789,-1079.331543,6.413424,-55755.675781,-134761.718750,117659.960938,8772.654297,-25874.410156,114672.445312,88798.031250
ml,mean,-1,2026-08-01,2098.500244,10.000000,2063.556152,50.000000,-0.389282,0.000000,0.000000,0.000000,-38872.699219,2096.940918,50.000000,-0.426392,0.000000,0.000000,0.000000,-40133.335938,2117.995605,50.000000,-0.576904,0.000000,0.000000,0.000000,-55771.839844,-134777.875000,117659.960938,8772.654297,-25890.578125,114683.835938,88793.265625
ml,mean,-1,2026-08-02,2099.434814,10.000000,2063.556152,50.000000,-0.389282,0.000000,0.000000,0.000000,-38872.699219,2096.940918,50.000000,-0.426392,0.000000,0.000000,0.000000,-40133.335938,2118.384521,50.000000,-0.576904,0.000000,0.000000,0.000000,-55775.496094,-134781.515625,117659.960938,8772.654297,-25894.224609,114695.250000,88801.015625
ml,mean,-1,2026-08-03,2099.854980,10.000000,2063.556152,50.000000,-0.385498,0.003784,-389.225372,0.194613,-38483.472656,2096.940918,50.000000,-0.425781,0.000610,-62.428211,0.031214,-40070.906250,2118.781250,50.000000,-0.557495,0.019409,-1963.104126,5.663482,-53827.984375,-132382.359375,115245.203125,8778.542969,-25915.707031,114706.625000,88790.921875
ml,mean,-1,2026-08-04,2100.080078,10.000000,2063.556152,50.000000,-0.382568,0.002930,-299.579376,0.149790,-38183.894531,2096.940918,50.000000,-0.425293,0.000488,-50.851894,0.025426,-40020.054688,2118.817139,50.000000,-0.543579,0.013916,-1469.542603,4.727104,-52364.460938,-130568.406250,113425.218750,8783.445312,-25926.632812,114718.031250,88791.398438
ml,mean,-1,2026-08-05,2100.760254,10.000000,2063.556152,50.000000,-0.371948,0.010620,-1112.247192,0.556124,-37071.644531,2096.940918,50.000000,-0.425293,0.000000,0.000000,0.000000,-40020.054688,2119.255615,50.000000,-0.513672,0.029907,-2805.385498,2.924900,-49569.992188,-126661.687500,109507.593750,8786.926758,-25941.031250,114729.453125,88788.414062
ml,mean,-1,2026-08-06,2100.699951,10.000000,2063.556152,50.000000,-0.361572,0.010376,-1064.831665,0.532416,-36006.812500,2096.940918,50.000000,-0.412964,0.012329,-1235.446411,0.617723,-38784.609375,2119.026123,50.000000,-0.593384,-0.079712,6703.295898,6.147535,-56273.199219,-131064.625000,113910.609375,8794.223633,-25948.238281,114729.453125,88781.218750
ml,mean,-1,2026-08-07,2101.071045,10.000000,2063.556152,50.000000,-0.357788,0.003784,-395.004150,0.197502,-35611.812500,2096.940918,50.000000,-0.411743,0.001221,-121.544540,0.060772,-38663.062500,2118.959473,50.000000,-0.484619,0.108765,-9673.031250,4.836516,-46605.500000,-120880.375000,103721.031250,8799.319336,-25958.666016,114729.453125,88770.781250
ml,mean,-1,2026-08-08,2101.459717,10.000000,2063.556152,50.000000,-0.357788,0.000000,0.000000,0.000000,-35611.812500,2096.940918,50.000000,-0.411743,0.000000,0.000000,0.000000,-38663.062500,2119.227539,50.000000,-0.484619,0.000000,0.000000,0.000000,-46588.718750,-120863.593750,103721.031250,8799.319336,-25941.880859,114729.453125,88787.570312
ml,mean,-1,2026-08-09,2101.719238,10.000000,2063.556152,50.000000,-0.357788,0.000000,0.000000,0.000000,-35611.812500,2096.940918,50.000000,-0.411743,0.000000,0.000000,0.000000,-38663.062500,2119.277588,50.000000,-0.484619,0.000000,0.000000,0.000000,-46597.097656,-120871.968750,103721.031250,8799.319336,-25950.261719,114729.453125,88779.195312
ml,mean,-1,2026-08-10,2102.183594,10.000000,2063.556152,50.000000,-0.355225,0.002563,-266.387878,0.133194,-35345.421875,2096.940918,50.000000,-0.411499,0.000244,-24.077606,0.012039,-38638.988281,2120.005371,50.000000,-0.483032,0.001587,-183.148132,0.091574,-46428.144531,-120412.554688,103247.414062,8799.556641,-25964.695312,114729.453125,88764.757812
ml,mean,-1,2026-08-11,2102.827148,10.000000,2063.556152,50.000000,-0.347290,0.007935,-810.476685,0.405238,-34534.945312,2096.940918,50.000000,-0.411255,0.000244,-25.454906,0.012727,-38613.535156,2120.197754,50.000000,-0.482300,0.000732,-84.222549,0.054441,-46335.730469,-119484.203125,102327.257812,8800.028320,-25956.974609,114729.453125,88772.468750
ml,mean,-1,2026-08-12,2103.053223,10.000000,2063.556152,50.000000,-0.345337,0.001953,-195.694168,0.097847,-34339.253906,2096.940918,50.000000,-0.411255,0.000000,0.000000,0.000000,-38613.535156,2120.104980,50.000000,-0.481567,0.000732,-74.218910,0.048926,-46258.968750,-119211.757812,102057.343750,8800.175781,-25954.580078,114729.453125,88774.875000
ml,mean,-1,2026-08-13,2103.789307,10.000000,2063.556152,50.000000,-0.344604,0.000732,-74.151489,0.037076,-34265.101562,2096.940918,50.000000,-0.411255,0.000000,0.000000,0.000000,-38613.535156,2120.557129,50.000000,-0.480225,0.001343,-143.181870,0.071591,-46119.472656,-118998.101562,101840.015625,8800.284180,-25958.373047,114729.453125,88771.085938
ml,mean,-1,2026-08-14,2103.701416,10.000000,2063.556152,50.000000,-0.344238,0.000366,-37.324123,0.018662,-34227.777344,2096.940918,50.000000,-0.411011,0.000244,-24.158970,0.012079,-38589.371094,2119.750732,50.000000,-0.479248,0.000977,-110.029793,0.055015,-45990.570312,-118807.718750,101668.500000,8800.370117,-25939.589844,114729.453125,88789.859375
ml,mean,-1,2026-08-15,2104.351562,10.000000,2063.556152,50.000000,-0.344238,0.000000,0.000000,0.000000,-34227.777344,2096.940918,50.000000,-0.411011,0.000000,0.000000,0.000000,-38589.371094,2120.110107,50.000000,-0.479248,0.000000,0.000000,0.000000,-45982.480469,-118799.632812,101668.500000,8800.370117,-25931.500000,114729.453125,88797.953125
ml,mean,-1,2026-08-16,2104.687012,10.000000,2063.556152,50.000000,-0.344238,0.000000,0.000000,0.000000,-34227.777344,2096.940918,50.000000,-0.411011,0.000000,0.000000,0.000000,-38589.371094,2120.184570,50.000000,-0.479248,0.000000,0.000000,0.000000,-45971.300781,-118788.445312,101668.500000,8800.370117,-25920.320312,114729.453125,88809.125000
ml,mean,-1,2026-08-17,2105.101074,10.000000,2063.556152,50.000000,-0.342651,0.001587,-160.908859,0.080454,-34066.867188,2096.940918,50.000000,-0.410767,0.000244,-24.231487,0.012116,-38565.140625,2120.635986,50.000000,-0.478882,0.000366,-43.810791,0.021905,-45937.199219,-118569.210938,101439.546875,8800.483398,-25930.140625,114729.453125,88799.304688
ml,mean,-1,2026-08-18,2105.812744,10.000000,2063.556152,50.000000,-0.340942,0.001709,-174.793747,0.087397,-33892.070312,2096.940918,50.000000,-0.410645,0.000122,-11.848842,0.005924,-38553.292969,2121.064697,50.000000,-0.478638,0.000244,-27.356014,0.013678,-45923.402344,-118368.765625,101225.554688,8800.590820,-25943.808594,114729.453125,88785.632812
ml,mean,-1,2026-08-19,2105.936035,10.000000,2063.556152,50.000000,-0.340210,0.000732,-74.742462,0.037371,-33817.328125,2096.940918,50.000000,-0.410400,0.000244,-24.552425,0.012276,-38528.742188,2120.746582,50.000000,-0.478516,0.000122,-13.905849,0.006953,-45901.914062,-118247.984375,101112.351562,8800.647461,-25936.275391,114729.453125,88793.171875
ml,mean,-1,2026-08-20,2106.558594,10.000000,2063.556152,50.000000,-0.337891,0.002319,-235.512390,0.117756,-33581.820312,2096.940918,50.000000,-0.410034,0.000366,-35.866001,0.017933,-38492.875000,2121.293701,50.000000,-0.478516,0.000000,0.000000,0.000000,-45902.195312,-117976.890625,100840.984375,8800.782227,-25936.699219,114729.453125,88792.750000
ml,mean,-1,2026-08-21,2106.854980,10.000000,2063.556152,50.000000,-0.323975,0.013916,-1438.071655,0.719036,-32143.748047,2096.940918,50.000000,-0.409912,0.000122,-12.767140,0.006384,-38480.109375,2121.408691,50.000000,-0.478516,0.000000,0.000000,0.000000,-45906.410156,-116530.265625,99390.125000,8801.509766,-25941.640625,114729.453125,88787.804688
ml,mean,-1,2026-08-22,2107.526855,10.000000,2063.556152,50.000000,-0.323975,0.000000,0.000000,0.000000,-32143.748047,2096.940918,50.000000,-0.409912,0.000000,0.000000,0.000000,-38480.109375,2122.055664,50.000000,-0.478516,0.000000,0.000000,0.000000,-45923.875000,-116547.734375,99390.125000,8801.509766,-25959.103516,114729.453125,88770.335938
ml,mean,-1,2026-08-23,2107.952148,10.000000,2063.556152,50.000000,-0.323975,0.000000,0.000000,0.000000,-32143.748047,2096.940918,50.000000,-0.409912,0.000000,0.000000,0.000000,-38480.109375,2122.619385,50.000000,-0.478516,0.000000,0.000000,0.000000,-45920.437500,-116544.312500,99390.125000,8801.509766,-25955.671875,114729.453125,88773.773438
ml,mean,-1,2026-08-24,2108.240967,10.000000,2063.556152,50.000000,-0.246094,0.077881,-7944.563477,3.972282,-24199.183594,2096.940918,50.000000,-0.400146,0.009766,-965.161255,0.482581,-37514.945312,2122.668945,50.000000,-0.478271,0.000244,-26.899075,0.013450,-45889.804688,-107603.937500,90453.507812,8805.977539,-25956.402344,114729.453125,88773.046875
ml,mean,-1,2026-08-25,2108.395996,10.000000,2063.556152,50.000000,-0.236450,0.009644,-970.299927,0.485150,-23228.882812,2096.940918,50.000000,-0.396729,0.003418,-340.772766,0.170386,-37174.171875,2122.592773,50.000000,-0.478149,0.000122,-13.233204,0.006617,-45874.765625,-106277.828125,89129.203125,8806.638672,-25955.253906,114729.453125,88774.195312
ml,mean,-1,2026-08-26,2108.982422,10.000000,2063.556152,50.000000,-0.058228,0.178223,-17665.261719,8.832631,-5563.621582,2096.940918,50.000000,-0.387207,0.009521,-960.555542,0.480278,-36213.617188,2122.963867,50.000000,-0.476807,0.001343,-143.690903,0.071845,-45737.226562,-87514.468750,70359.695312,8816.024414,-25970.796875,114729.453125,88758.648438
ml,mean,-1,2026-08-27,2109.718018,10.000000,2063.556152,50.000000,-0.044800,0.013428,-1304.531616,0.652266,-4259.089844,2096.940918,50.000000,-0.384399,0.002808,-278.479858,0.139240,-35935.136719,2123.349365,50.000000,-0.475830,0.000977,-103.711052,0.051856,-45642.027344,-85836.250000,68672.976562,8816.868164,-25980.144531,114729.453125,88749.296875
ml,mean,-1,2026-08-28,2109.788330,10.000000,2063.556152,50.000000,-0.037476,0.007324,-713.019409,0.356510,-3546.070312,2096.940918,50.000000,-0.383301,0.001099,-113.540848,0.056770,-35821.597656,2123.136963,50.000000,-0.474487,0.001343,-141.379395,0.070690,-45495.226562,-84862.890625,67705.031250,8817.351562,-25975.212891,114729.453125,88754.242188
ml,mean,-1,2026-08-29,2110.314209,10.000000,2063.556152,50.000000,-0.037476,0.000000,0.000000,0.000000,-3546.070312,2096.940918,50.000000,-0.383301,0.000000,0.000000,0.000000,-35821.597656,2123.432861,50.000000,-0.474487,0.000000,0.000000,0.000000,-45508.070312,-84875.734375,67705.031250,8817.351562,-25988.054688,114729.453125,88741.398438
ml,mean,-1,2026-08-30,2110.652100,10.000000,2063.556152,50.000000,-0.037476,0.000000,0.000000,0.000000,-3546.070312,2096.940918,50.000000,-0.383301,0.000000,0.000000,0.000000,-35821.597656,2123.214600,50.000000,-0.474487,0.000000,0.000000,0.000000,-45498.957031,-84866.625000,67705.031250,8817.351562,-25978.943359,114729.453125,88750.500000
ml,mean,-1,2026-08-31,2111.423828,10.000000,2063.556152,50.000000,0.000000,0.037476,-3546.070312,1.773035,0.000000,2096.940918,50.000000,-0.292480,0.090820,-8964.375977,4.482187,-26857.222656,2123.962402,50.000000,-0.474487,0.000000,0.000000,0.000000,-45510.359375,-72367.585938,55194.585938,8823.606445,-25996.603516,114729.453125,88732.843750
ml,mean,-1,2026-09-01,2112.200928,10.000000,2063.556152,50.000000,0.000000,0.000000,0.000000,0.000000,0.000000,2096.940918,50.000000,-0.279419,0.013062,-1284.982910,0.642492,-25572.238281,2124.631592,50.000000,-0.474365,0.000122,-13.526956,0.006763,-45503.484375,-71075.718750,53896.078125,8824.255859,-26003.900391,114729.453125,88725.546875
ml,mean,-1,2026-09-02,2112.869385,10.000000,2063.556152,50.000000,0.000000,0.000000,0.000000,0.000000,0.000000,2096.940918,50.000000,-0.270020,0.009399,-921.140503,0.460570,-24651.097656,2125.052246,50.000000,-0.474365,0.000000,0.000000,0.000000,-45507.792969,-70158.898438,52974.937500,8824.716797,-26008.671875,114729.453125,88720.773438
ml,mean,-1,2026-09-03,2113.427002,10.000000,2063.556152,50.000000,0.000000,0.000000,0.000000,0.000000,0.000000,2096.940918,50.000000,-0.261597,0.008423,-814.074280,0.407037,-23837.023438,2125.534180,50.000000,-0.474365,0.000000,0.000000,0.000000,-45514.316406,-69351.343750,52160.863281,8825.123047,-26015.599609,114729.453125,88713.835938
ml,mean,-1,2026-09-04,2113.612549,10.000000,2063.556152,50.000000,0.000000,0.000000,0.000000,0.000000,0.000000,2096.940918,50.000000,-0.253784,0.007812,-764.700134,0.382350,-23072.324219,2125.640625,50.000000,-0.474121,0.000244,-26.381798,0.013191,-45497.738281,-68570.062500,51369.781250,8825.519531,-26025.796875,114729.453125,88703.656250
ml,mean,-1,2026-09-05,2114.393066,10.000000,2063.556152,50.000000,0.000000,0.000000,0.000000,0.000000,0.000000,2096.940918,50.000000,-0.253784,0.000000,0.000000,0.000000,-23072.324219,2126.172852,50.000000,-0.474121,0.000000,0.000000,0.000000,-45516.046875,-68588.367188,51369.781250,8825.519531,-26044.107422,114729.453125,88685.343750
ml,mean,-1,2026-09-06,2114.996826,10.000000,2063.556152,50.000000,0.000000,0.000000,0.000000,0.000000,0.000000,2096.940918,50.000000,-0.253784,0.000000,0.000000,0.000000,-23072.324219,2126.720947,50.000000,-0.474121,0.000000,0.000000,0.000000,-45523.621094,-68595.945312,51369.781250,8825.519531,-26051.681641,114729.453125,88677.773438
ml,mean,-1,2026-09-07,2115.432373,10.000000,2063.556152,50.000000,0.000000,0.000000,0.000000,0.000000,0.000000,2096.940918,50.000000,-0.253784,0.000000,0.000000,0.000000,-23072.324219,2126.936523,50.000000,-0.474121,0.000000,0.000000,0.000000,-45519.117188,-68591.445312,51369.781250,8825.519531,-26047.175781,114729.453125,88682.273438
ml,mean,-1,2026-09-08,2115.577881,10.000000,2063.556152,50.000000,0.000000,0.000000,0.000000,0.000000,0.000000,2096.940918,50.000000,-0.226685,0.027100,-2631.401855,1.315701,-20440.923828,2126.809082,50.000000,-0.474121,0.000000,0.000000,0.000000,-45518.074219,-65959.007812,48738.382812,8826.834961,-26047.453125,114729.453125,88681.992188
ml,mean,-1,2026-09-09,2116.012207,10.000000,2063.556152,50.000000,0.000000,0.000000,0.000000,0.000000,0.000000,2096.940918,50.000000,-0.215454,0.011230,-1074.459717,0.537230,-19366.462891,2127.072754,50.000000,-0.474121,0.000000,0.000000,0.000000,-45527.503906,-64893.968750,47663.914062,8827.372070,-26057.419922,114729.453125,88672.031250
ml,mean,-1,2026-09-10,2116.172607,10.000000,2063.556152,50.000000,0.000000,0.000000,0.000000,0.000000,0.000000,2096.940918,50.000000,-0.204224,0.011230,-1079.377441,0.539689,-18287.085938,2127.125000,50.000000,-0.473633,0.000488,-58.284756,0.029142,-45458.437500,-63745.523438,46526.257812,8827.940430,-26047.205078,114729.453125,88682.242188
ml,mean,-1,2026-09-11,2117.137451,10.000000,2063.556152,50.000000,0.000000,0.000000,0.000000,0.000000,0.000000,2096.940918,50.000000,-0.196167,0.008057,-765.577026,0.382789,-17521.507812,2127.672607,50.000000,-0.473633,0.000000,0.000000,0.000000,-45468.843750,-62990.359375,45760.679688,8828.323242,-26058.001953,114729.453125,88671.453125
ml,mean,-1,2026-09-12,2117.443604,10.000000,2063.556152,50.000000,0.000000,0.000000,0.000000,0.000000,0.000000,2096.940918,50.000000,-0.196167,0.000000,0.000000,0.000000,-17521.507812,2127.470215,50.000000,-0.473633,0.000000,0.000000,0.000000,-45472.632812,-62994.140625,45760.679688,8828.323242,-26061.783203,114729.453125,88667.671875
ml,mean,-1,2026-09-13,2117.798340,10.000000,2063.556152,50.000000,0.000000,0.000000,0.000000,0.000000,0.000000,2096.940918,50.000000,-0.196167,0.000000,0.000000,0.000000,-17521.507812,2127.581543,50.000000,-0.473633,0.000000,0.000000,0.000000,-45484.539062,-63006.042969,45760.679688,8828.323242,-26073.683594,114729.453125,88655.765625
ml,mean,-1,2026-09-14,2118.029541,10.000000,2063.556152,50.000000,0.000000,0.000000,0.000000,0.000000,0.000000,2096.940918,50.000000,-0.172974,0.023193,-2194.182373,1.097091,-15327.326172,2127.738281,50.000000,-0.473389,0.000244,-26.539169,0.013270,-45465.886719,-60793.214844,43539.957031,8829.433594,-26082.687500,114729.453125,88646.757812
ml,mean,-1,2026-09-15,2118.467529,10.000000,2063.556152,50.000000,0.000000,0.000000,0.000000,0.000000,0.000000,2096.940918,50.000000,-0.160767,0.012207,-1150.330200,0.575165,-14176.996094,2127.956055,50.000000,-0.473145,0.000244,-26.481430,0.013241,-45448.433594,-59625.429688,42363.144531,8830.022461,-26092.304688,114729.453125,88637.140625
ml,mean,-1,2026-09-16,2119.172119,10.000000,2063.556152,50.000000,0.000000,0.000000,0.000000,0.000000,0.000000,2096.940918,50.000000,-0.150635,0.010132,-940.862549,0.470431,-13236.133789,2128.540527,50.000000,-0.472778,0.000366,-44.934200,0.022467,-45423.441406,-58659.578125,41377.355469,8830.515625,-26112.740234,114729.453125,88616.703125
ml,mean,-1,2026-09-17,2119.611816,10.000000,2063.556152,50.000000,0.000000,0.000000,0.000000,0.000000,0.000000,2096.940918,50.000000,-0.140991,0.009644,-895.157959,0.447579,-12340.975586,2128.627930,50.000000,-0.472534,0.000244,-25.847874,0.012924,-45409.949219,-57750.921875,40456.343750,8830.976562,-26125.556641,114729.453125,88603.898438
ml,mean,-1,2026-09-18,2119.969727,10.000000,2063.556152,50.000000,0.000000,0.000000,0.000000,0.000000,0.000000,2096.940918,50.000000,-0.131470,0.009521,-877.954529,0.438977,-11463.021484,2129.065918,50.000000,-0.472168,0.000366,-41.447037,0.020724,-45374.457031,-56837.480469,39536.945312,8831.435547,-26131.970703,114729.453125,88597.484375
ml,mean,-1,2026-09-19,2120.373535,10.000000,2063.556152,50.000000,0.000000,0.000000,0.000000,0.000000,0.000000,2096.940918,50.000000,-0.131470,0.000000,0.000000,0.000000,-11463.021484,2129.084229,50.000000,-0.472168,0.000000,0.000000,0.000000,-45384.726562,-56847.750000,39536.945312,8831.435547,-26142.242188,114729.453125,88587.203125
ml,mean,-1,2026-09-20,2120.575195,10.000000,2063.556152,50.000000,0.000000,0.000000,0.000000,0.000000,0.000000,2096.940918,50.000000,-0.131470,0.000000,0.000000,0.000000,-11463.021484,2129.026855,50.000000,-0.472168,0.000000,0.000000,0.000000,-45376.882812,-56839.906250,39536.945312,8831.435547,-26134.394531,114729.453125,88595.046875
ml,mean,-1,2026-09-21,2121.294678,10.000000,2063.556152,50.000000,0.000000,0.000000,0.000000,0.000000,0.000000,2096.940918,50.000000,-0.108398,0.023071,-2110.001953,1.055001,-9353.019531,2129.489990,50.000000,-0.471680,0.000488,-60.872120,0.030436,-45330.421875,-54683.437500,37366.070312,8832.520508,-26149.886719,114729.453125,88579.562500
ml,mean,-1,2026-09-22,2121.288574,10.000000,2063.556152,50.000000,0.000000,0.000000,0.000000,0.000000,0.000000,2096.940918,50.000000,-0.096802,0.011597,-1041.104980,0.520552,-8311.914062,2129.285156,50.000000,-0.470947,0.000732,-83.475075,0.041738,-45236.199219,-53548.113281,36241.492188,8833.083008,-26139.707031,114729.453125,88589.734375
ml,mean,-1,2026-09-23,2121.618896,10.000000,2063.556152,50.000000,0.000000,0.000000,0.000000,0.000000,0.000000,2096.940918,50.000000,-0.086182,0.010620,-958.279358,0.479140,-7353.635254,2129.523926,50.000000,-0.470581,0.000366,-39.171684,0.019586,-45184.718750,-52538.359375,35244.042969,8833.582031,-26127.898438,114729.453125,88601.546875
ml,mean,-1,2026-09-24,2122.191895,10.000000,2063.556152,50.000000,0.000000,0.000000,0.000000,0.000000,0.000000,2096.940918,50.000000,-0.078369,0.007812,-696.944336,0.348472,-6656.690918,2129.875977,50.000000,-0.470093,0.000488,-56.293037,0.028147,-45142.328125,-51799.015625,34490.804688,8833.958984,-26142.171875,114729.453125,88587.273438
ml,mean,-1,2026-09-25,2123.233887,10.000000,2063.556152,50.000000,0.000000,0.000000,0.000000,0.000000,0.000000,2096.940918,50.000000,-0.070312,0.008057,-718.190552,0.359095,-5938.499512,2130.661377,50.000000,-0.469849,0.000244,-28.454937,0.014227,-45134.644531,-51073.144531,33744.156250,8834.331055,-26163.316406,114729.453125,88566.132812
ml,mean,-1,2026-09-26,2123.250488,10.000000,2063.556152,50.000000,0.000000,0.000000,0.000000,0.000000,0.000000,2096.940918,50.000000,-0.070312,0.000000,0.000000,0.000000,-5938.499512,2130.542725,50.000000,-0.469849,0.000000,0.000000,0.000000,-45136.593750,-51075.093750,33744.156250,8834.331055,-26165.267578,114729.453125,88564.187500
ml,mean,-1,2026-09-27,2123.725586,10.000000,2063.556152,50.000000,0.000000,0.000000,0.000000,0.000000,0.000000,2096.940918,50.000000,-0.070312,0.000000,0.000000,0.000000,-5938.499512,2130.829834,50.000000,-0.469849,0.000000,0.000000,0.000000,-45147.480469,-51085.984375,33744.156250,8834.331055,-26176.160156,114729.453125,88553.296875
ml,mean,-1,2026-09-28,2123.858887,10.000000,2063.556152,50.000000,0.000000,0.000000,0.000000,0.000000,0.000000,2096.940918,50.000000,-0.052490,0.017822,-1564.078003,0.782039,-4374.421875,2130.971924,50.000000,-0.469116,0.000732,-84.993240,0.042497,-45068.953125,-49443.382812,32095.085938,8835.156250,-26183.449219,114729.453125,88546.000000
ml,mean,-1,2026-09-29,2123.846680,10.000000,2063.556152,50.000000,0.000000,0.000000,0.000000,0.000000,0.000000,2096.940918,50.000000,-0.043701,0.008789,-763.119507,0.381560,-3611.302734,2130.507324,50.000000,-0.467773,0.001343,-155.306091,0.077653,-44896.359375,-48507.667969,31176.662109,8835.616211,-26166.621094,114729.453125,88562.820312
ml,mean,-1,2026-09-30,2124.413330,10.000000,2063.556152,50.000000,0.000000,0.000000,0.000000,0.000000,0.000000,2096.940918,50.000000,-0.039185,0.004517,-397.341492,0.198671,-3213.960938,2131.055908,50.000000,-0.467163,0.000610,-67.803177,0.033902,-44836.468750,-48050.429688,30711.515625,8835.847656,-26174.761719,114729.453125,88554.695312
ml,mean,-1,2026-10-01,2124.911133,10.000000,2063.556152,50.000000,0.000000,0.000000,0.000000,0.000000,0.000000,2096.940918,50.000000,-0.034546,0.004639,-393.975220,0.196988,-2819.985840,2131.306885,50.000000,-0.466431,0.000732,-83.476547,0.041738,-44752.726562,-47572.718750,30234.062500,8836.085938,-26174.740234,114729.453125,88554.710938
ml,mean,-1,2026-10-02,2125.934814,10.000000,2063.556152,50.000000,0.000000,0.000000,0.000000,0.000000,0.000000,2096.940918,50.000000,-0.029053,0.005493,-463.883423,0.231942,-2356.102539,2132.028320,50.000000,-0.465942,0.000488,-59.039803,0.029520,-44708.406250,-47064.507812,29711.140625,8836.347656,-26189.718750,114729.453125,88539.734375
ml,mean,-1,2026-10-03,2126.380615,10.000000,2063.556152,50.000000,0.000000,0.000000,0.000000,0.000000,0.000000,2096.940918,50.000000,-0.029053,0.000000,0.000000,0.000000,-2356.102539,2132.207764,50.000000,-0.465942,0.000000,0.000000,0.000000,-44708.726562,-47064.828125,29711.140625,8836.347656,-26190.039062,114729.453125,88539.406250
ml,mean,-1,2026-10-04,2127.203369,10.000000,2063.556152,50.000000,0.000000,0.000000,0.000000,0.000000,0.000000,2096.940918,50.000000,-0.029053,0.000000,0.000000,0.000000,-2356.102539,2132.827148,50.000000,-0.465942,0.000000,0.000000,0.000000,-44718.968750,-47075.074219,29711.140625,8836.347656,-26200.281250,114729.453125,88529.171875
ml,mean,-1,2026-10-05,2127.524414,10.000000,2063.556152,50.000000,0.000000,0.000000,0.000000,0.000000,0.000000,2096.940918,50.000000,-0.029053,0.000000,0.000000,0.000000,-2356.102539,2132.841553,50.000000,-0.793335,-0.327393,30679.720703,15.339859,-75399.609375,-77755.710938,60390.859375,8851.687500,-26216.541016,114729.453125,88512.906250
ml,mean,-1,2026-10-06,2127.520264,10.000000,2063.556152,50.000000,0.000000,0.000000,0.000000,0.000000,0.000000,2096.940918,50.000000,-0.029053,0.000000,0.000000,0.000000,-2356.102539,2132.721680,50.000000,-1.090820,-0.297485,27783.339844,13.891670,-103215.320312,-105571.414062,88174.195312,8865.580078,-26262.804688,114729.453125,88466.640625
ml,mean,-1,2026-10-07,2127.708252,10.000000,2063.556152,50.000000,0.000000,0.000000,0.000000,0.000000,0.000000,2096.940918,50.000000,-0.029053,0.000000,0.000000,0.000000,-2356.102539,2132.562012,50.000000,-1.356079,-0.265259,24742.316406,12.591919,-127961.000000,-130317.093750,112916.515625,8878.171875,-26278.751953,114729.453125,88450.687500
ml,mean,-1,2026-10-08,2127.921631,10.000000,2063.556152,50.000000,0.000000,0.000000,0.000000,0.000000,0.000000,2096.940918,50.000000,-0.029053,0.000000,0.000000,0.000000,-2356.102539,2132.714844,50.000000,-1.449951,-0.093872,8611.374023,13.953537,-136624.234375,-138980.343750,121527.890625,8892.125000,-26344.574219,114729.453125,88384.875000
ml,mean,-1,2026-10-09,2128.223389,10.000000,2063.556152,50.000000,0.000000,0.000000,0.000000,0.000000,0.000000,2096.940918,50.000000,-0.029053,0.000000,0.000000,0.000000,-2356.102539,2132.736572,50.000000,-1.550171,-0.100220,9495.551758,14.218060,-146154.625000,-148510.718750,131023.453125,8906.343750,-26393.630859,114729.453125,88335.820312
ml,mean,-1,2026-10-10,2128.495605,10.000000,2063.556152,50.000000,0.000000,0.000000,0.000000,0.000000,0.000000,2096.940918,50.000000,-0.029053,0.000000,0.000000,0.000000,-2356.102539,2132.866699,50.000000,-1.550171,0.000000,0.000000,0.000000,-146196.140625,-148552.250000,131023.453125,8906.343750,-26435.152344,114729.453125,88294.296875
ml,mean,-1,2026-10-11,2128.867432,10.000000,2063.556152,50.000000,0.000000,0.000000,0.000000,0.000000,0.000000,2096.940918,50.000000,-0.029053,0.000000,0.000000,0.000000,-2356.102539,2132.770020,50.000000,-1.550171,0.000000,0.000000,0.000000,-146240.015625,-148596.109375,131023.453125,8906.343750,-26479.015625,114729.453125,88250.429688
ml,mean,-1,2026-10-12,2129.264648,10.000000,2063.556152,50.000000,0.000000,0.000000,0.000000,0.000000,0.000000,2096.940918,50.000000,-0.029053,0.000000,0.000000,0.000000,-2356.102539,2132.849609,50.000000,-1.550171,0.000000,0.000000,0.000000,-146217.843750,-148573.953125,131023.453125,8906.343750,-26456.853516,114729.453125,88272.593750
ml,mean,-1,2026-10-13,2129.188721,10.000000,2063.556152,50.000000,0.000000,0.000000,0.000000,0.000000,0.000000,2096.940918,50.000000,-0.029053,0.000000,0.000000,0.000000,-2356.102539,2132.623291,50.000000,-1.567749,-0.017578,1640.317627,14.971149,-147878.484375,-150234.593750,132663.765625,8921.314453,-26492.148438,114729.453125,88237.304688
ml,mean,-1,2026-10-14,2129.273926,10.000000,2063.556152,50.000000,0.000000,0.000000,0.000000,0.000000,0.000000,2096.940918,50.000000,-0.029053,0.000000,0.000000,0.000000,-2356.102539,2132.408447,50.000000,-1.603882,-0.036133,3328.995361,14.954591,-151269.843750,-153625.953125,135992.765625,8936.268555,-26569.464844,114729.453125,88159.976562
ml,mean,-1,2026-10-15,2129.638672,10.000000,2063.556152,50.000000,0.000000,0.000000,0.000000,0.000000,0.000000,2096.940918,50.000000,-0.029053,0.000000,0.000000,0.000000,-2356.102539,2132.760742,50.000000,-1.604736,-0.000854,5.427319,15.659305,-151313.750000,-153669.843750,135998.187500,8951.928711,-26623.589844,114729.453125,88105.867188
ml,mean,-1,2026-10-16,2129.894531,10.000000,2063.556152,50.000000,0.000000,0.000000,0.000000,0.000000,0.000000,2096.940918,50.000000,-0.029053,0.000000,0.000000,0.000000,-2356.102539,2132.791748,50.000000,-1.630615,-0.025879,2457.765137,15.463642,-153821.843750,-156177.953125,138455.953125,8967.391602,-26689.396484,114729.453125,88040.046875
ml,mean,-1,2026-10-17,2130.560303,10.000000,2063.556152,50.000000,0.000000,0.000000,0.000000,0.000000,0.000000,2096.940918,50.000000,-0.029053,0.000000,0.000000,0.000000,-2356.102539,2133.209229,50.000000,-1.630615,0.000000,0.000000,0.000000,-153898.312500,-156254.421875,138455.953125,8967.391602,-26765.859375,114729.453125,87963.593750
ml,mean,-1,2026-10-18,2131.279785,10.000000,2063.556152,50.000000,0.000000,0.000000,0.000000,0.000000,0.000000,2096.940918,50.000000,-0.029053,0.000000,0.000000,0.000000,-2356.102539,2133.730713,50.000000,-1.630615,0.000000,0.000000,0.000000,-153981.250000,-156337.375000,138455.953125,8967.391602,-26848.816406,114729.453125,87880.640625
ml,mean,-1,2026-10-19,2131.911621,10.000000,2063.556152,50.000000,0.000000,0.000000,0.000000,0.000000,0.000000,2096.940918,50.000000,-0.029053,0.000000,0.000000,0.000000,-2356.102539,2134.390625,50.000000,-1.629150,0.001465,-272.126465,15.451288,-153682.500000,-156038.593750,138183.812500,8982.842773,-26837.617188,114729.453125,87891.835938
ml,mean,-1,2026-10-20,2132.341797,10.000000,2063.556152,50.000000,0.000000,0.000000,0.000000,0.000000,0.000000,2096.940918,50.000000,-0.029053,0.000000,0.000000,0.000000,-2356.102539,2134.416016,50.000000,-1.639282,-0.010132,964.328735,15.491726,-154744.359375,-157100.453125,139148.156250,8998.334961,-26950.650391,114729.453125,87778.796875
ml,mean,-1,2026-10-21,2133.047607,10.000000,2063.556152,50.000000,0.000000,0.000000,0.000000,0.000000,0.000000,2096.940918,50.000000,-0.029053,0.000000,0.000000,0.000000,-2356.102539,2134.990479,50.000000,-1.631348,0.007935,-939.295288,15.523396,-153882.531250,-156238.625000,138208.859375,9013.858398,-27043.628906,114729.453125,87685.812500
ml,mean,-1,2026-10-22,2133.221436,10.000000,2063.556152,50.000000,0.000000,0.000000,0.000000,0.000000,0.000000,2096.940918,50.000000,-0.029053,0.000000,0.000000,0.000000,-2356.102539,2134.935059,50.000000,-1.643311,-0.011963,1105.010254,15.316363,-155003.375000,-157359.468750,139313.859375,9029.174805,-27074.796875,114729.453125,87654.656250
ml,mean,-1,2026-10-23,2134.134277,10.000000,2063.556152,50.000000,0.000000,0.000000,0.000000,0.000000,0.000000,2096.940918,50.000000,-0.029053,0.000000,0.000000,0.000000,-2356.102539,2135.594238,50.000000,-1.628540,0.014771,-1414.533447,15.321989,-153709.906250,-156066.000000,137899.328125,9044.496094,-27211.177734,114729.453125,87518.273438
ml,mean,-1,2026-10-24,2134.283203,10.000000,2063.556152,50.000000,0.000000,0.000000,0.000000,0.000000,0.000000,2096.940918,50.000000,-0.029053,0.000000,0.000000,0.000000,-2356.102539,2135.200928,50.000000,-1.628540,0.000000,0.000000,0.000000,-153688.609375,-156044.718750,137899.328125,9044.496094,-27189.884766,114729.453125,87539.562500
ml,mean,-1,2026-10-25,2134.487793,10.000000,2063.556152,50.000000,0.000000,0.000000,0.000000,0.000000,0.000000,2096.940918,50.000000,-0.029053,0.000000,0.000000,0.000000,-2356.102539,2135.260010,50.000000,-1.628540,0.000000,0.000000,0.000000,-153644.546875,-156000.625000,137899.328125,9044.496094,-27145.810547,114729.453125,87583.640625
ml,mean,-1,2026-10-26,2135.121582,10.000000,2063.556152,50.000000,0.000000,0.000000,0.000000,0.000000,0.000000,2096.940918,50.000000,-0.029053,0.000000,0.000000,0.000000,-2356.102539,2135.800781,50.000000,-1.635498,-0.006958,622.143616,15.061306,-154342.687500,-156698.812500,138521.468750,9059.557617,-27236.884766,114729.453125,87492.562500
ml,mean,-1,2026-10-27,2135.113281,10.000000,2063.556152,50.000000,0.000000,0.000000,0.000000,0.000000,0.000000,2096.940918,50.000000,-0.029053,0.000000,0.000000,0.000000,-2356.102539,2135.443848,50.000000,-1.619751,0.015747,-1592.191284,15.050729,-152806.765625,-155162.843750,136929.296875,9074.609375,-27308.179688,114729.453125,87421.265625
ml,mean,-1,2026-10-28,2135.384277,10.000000,2063.556152,50.000000,0.000000,0.000000,0.000000,0.000000,0.000000,2096.940918,50.000000,-0.029053,0.000000,0.000000,0.000000,-2356.102539,2135.469727,50.000000,-1.636230,-0.016479,1476.435181,14.920599,-154291.343750,-156647.468750,138405.718750,9089.529297,-27331.263672,114729.453125,87398.187500
ml,mean,-1,2026-10-29,2135.665039,10.000000,2063.556152,50.000000,0.000000,0.000000,0.000000,0.000000,0.000000,2096.940918,50.000000,0.000000,0.029053,-2356.102539,1.178051,0.000000,2135.839355,50.000000,0.000000,1.636230,-154408.375000,77.204193,0.000000,0.000000,-18358.767578,9167.912109,-27526.681641,114729.453125,87202.765625
ml,mean,-1,2026-10-30,2135.291504,10.000000,2063.556152,50.000000,0.000000,0.000000,0.000000,0.000000,0.000000,2096.940918,50.000000,0.000000,0.000000,0.000000,0.000000,0.000000,2135.839355,50.000000,0.000000,0.000000,0.000000,0.000000,0.000000,0.000000,-18358.767578,9167.912109,-27526.681641,114729.453125,87202.765625
