policy,case,path_idx,day,spot,spread_bps,PL_APR_2026_futures,PL_APR_2026_contract_size,PL_APR_2026_position,PL_APR_2026_trade,PL_APR_2026_trade_cash,PL_APR_2026_trade_cost,PL_APR_2026_position_mtm,PL_JUL_2026_futures,PL_JUL_2026_contract_size,PL_JUL_2026_position,PL_JUL_2026_trade,PL_JUL_2026_trade_cash,PL_JUL_2026_trade_cost,PL_JUL_2026_position_mtm,PL_OCT_2026_futures,PL_OCT_2026_contract_size,PL_OCT_2026_position,PL_OCT_2026_trade,PL_OCT_2026_trade_cash,PL_OCT_2026_trade_cost,PL_OCT_2026_position_mtm,portfolio_position_mtm,portfolio_cum_trade_cash,portfolio_cum_trade_cost,hedge_portfolio_ex_funding,mtm_ex_post_settle_discount,total_ex_funding_discount
ml,worst,863,2026-04-10,2055.000244,10.000000,2026.171509,50.000000,-4.000000,-4.000000,405234.312500,202.617142,-405234.312500,2047.068848,50.000000,-4.000000,-4.000000,409413.781250,204.706879,-409413.781250,2070.749756,50.000000,-4.000000,-4.000000,414149.937500,207.074966,-414149.937500,-1228798.000000,1228798.000000,614.398987,-614.398987,4854.181641,4239.782715
ml,worst,863,2026-04-11,2058.646729,10.000000,2055.972412,50.000000,-4.000000,0.000000,-0.000000,0.000000,-411194.468750,2077.447021,50.000000,-4.000000,0.000000,-0.000000,0.000000,-415489.406250,2101.117920,50.000000,-4.000000,0.000000,-0.000000,0.000000,-420223.593750,-1246907.500000,1228798.000000,614.398987,-18723.898438,21683.638672,2959.740234
ml,worst,863,2026-04-12,2031.215698,10.000000,2027.140747,50.000000,-4.000000,0.000000,-0.000000,0.000000,-405428.156250,2047.100708,50.000000,-4.000000,0.000000,-0.000000,0.000000,-409420.156250,2069.129639,50.000000,-4.000000,0.000000,-0.000000,0.000000,-413825.937500,-1228674.250000,1228798.000000,614.398987,-490.648987,-40667.851562,-41158.500000
ml,worst,863,2026-04-13,2026.295532,10.000000,1987.505005,50.000000,-3.000000,1.000000,-99375.250000,49.687622,-298125.750000,2006.772095,50.000000,-3.000000,1.000000,-100338.601562,50.169300,-301015.812500,2028.122314,50.000000,-3.000000,1.000000,-101406.117188,50.703056,-304218.375000,-903359.937500,927678.062500,764.958984,23553.166016,-57035.457031,-33482.289062
ml,worst,863,2026-04-14,2012.497803,10.000000,1969.400269,50.000000,-2.000000,1.000000,-98470.015625,49.235004,-196940.031250,1990.747192,50.000000,-2.000000,1.000000,-99537.359375,49.768681,-199074.718750,2012.699463,50.000000,-2.000000,1.000000,-100634.976562,50.317486,-201269.953125,-597284.687500,629035.750000,914.280151,30836.783203,-85533.093750,-54696.312500
ml,worst,863,2026-04-15,2008.121826,10.000000,1995.371704,50.000000,-1.000000,1.000000,-99768.585938,49.884293,-99768.585938,2016.599365,50.000000,-1.000000,1.000000,-100829.968750,50.414982,-100829.968750,2039.428955,50.000000,-1.000000,1.000000,-101971.445312,50.985722,-101971.445312,-302570.000000,326465.718750,1065.565186,22830.154297,-103443.640625,-80613.484375
ml,worst,863,2026-04-16,2017.688477,10.000000,1996.043091,50.000000,0.000000,1.000000,-99802.156250,49.901077,0.000000,2017.841797,50.000000,0.000000,1.000000,-100892.093750,50.446045,0.000000,2040.152466,50.000000,0.000000,1.000000,-102007.625000,51.003811,0.000000,0.000000,23763.835938,1216.916138,22546.919922,-80249.093750,-57702.171875
ml,worst,863,2026-04-17,1976.137695,10.000000,1956.831543,50.000000,-4.000000,-4.000000,391366.312500,195.683151,-391366.312500,1980.533325,50.000000,-4.000000,-4.000000,396106.656250,198.053314,-396106.656250,2004.123291,50.000000,-4.000000,-4.000000,400824.656250,200.412323,-400824.656250,-1188297.625000,1212061.500000,1811.064941,21952.810547,-180376.578125,-158423.765625
ml,worst,863,2026-04-18,1993.906860,10.000000,1982.333618,50.000000,-4.000000,0.000000,-0.000000,0.000000,-396466.718750,2007.893311,50.000000,-4.000000,0.000000,-0.000000,0.000000,-401578.656250,2032.343384,50.000000,-4.000000,0.000000,-0.000000,0.000000,-406468.687500,-1204514.000000,1212061.500000,1811.064941,5736.435059,-131904.062500,-126167.625000
ml,worst,863,2026-04-19,2002.256836,10.000000,1986.831299,50.000000,-4.000000,0.000000,-0.000000,0.000000,-397366.250000,2012.886841,50.000000,-4.000000,0.000000,-0.000000,0.000000,-402577.375000,2037.769897,50.000000,-4.000000,0.000000,-0.000000,0.000000,-407553.968750,-1207497.625000,1212061.500000,1811.064941,2752.810059,-106888.375000,-104135.562500
ml,worst,863,2026-04-20,1999.045776,10.000000,1991.849609,50.000000,-3.000000,1.000000,-99592.484375,49.796242,-298777.437500,2017.610596,50.000000,-3.000000,1.000000,-100880.531250,50.440266,-302641.593750,2041.649536,50.000000,-3.000000,1.000000,-102082.476562,51.041237,-306247.437500,-907666.437500,909505.937500,1962.342529,-122.842529,-109735.859375,-109858.703125
ml,worst,863,2026-04-21,1986.129639,10.000000,1996.211304,50.000000,-2.000000,1.000000,-99810.562500,49.905281,-199621.125000,2021.422241,50.000000,-2.000000,1.000000,-101071.109375,50.535557,-202142.218750,2043.817871,50.000000,-2.000000,1.000000,-102190.890625,51.095444,-204381.781250,-606145.125000,606433.375000,2113.878906,-1825.628906,-136114.187500,-137939.812500
ml,worst,863,2026-04-22,2004.614624,10.000000,2006.605591,50.000000,-1.000000,1.000000,-100330.281250,50.165138,-100330.281250,2031.944458,50.000000,-1.000000,1.000000,-101597.226562,50.798611,-101597.226562,2054.131592,50.000000,-1.000000,1.000000,-102706.578125,51.353287,-102706.578125,-304634.062500,301799.312500,2266.195801,-5100.945801,-95865.695312,-100966.640625
ml,worst,863,2026-04-23,1998.875122,10.000000,2003.948242,50.000000,0.000000,1.000000,-100197.414062,50.098705,0.000000,2028.405396,50.000000,0.000000,1.000000,-101420.273438,50.710136,0.000000,2051.321777,50.000000,0.000000,1.000000,-102566.085938,51.283043,0.000000,0.000000,-2384.453125,2418.287598,-4802.740723,-101646.789062,-106449.531250
ml,worst,863,2026-04-24,1990.379761,10.000000,2015.476074,50.000000,1.000000,1.000000,-100773.804688,50.386902,100773.804688,2038.348633,50.000000,1.000000,1.000000,-101917.429688,50.958714,101917.429688,2061.453613,50.000000,-4.000000,-4.000000,412290.718750,206.145355,-412290.718750,-209599.484375,207215.031250,2725.778809,-5110.231934,-124763.507812,-129873.742188
ml,worst,863,2026-04-25,2008.572876,10.000000,2023.775146,50.000000,1.000000,0.000000,-0.000000,0.000000,101188.757812,2045.817261,50.000000,1.000000,0.000000,-0.000000,0.000000,102290.859375,2068.845459,50.000000,-4.000000,0.000000,-0.000000,0.000000,-413769.093750,-210289.468750,207215.031250,2725.778809,-5800.216309,-64164.855469,-69965.070312
ml,worst,863,2026-04-26,1981.832642,10.000000,1973.564575,50.000000,1.000000,0.000000,-0.000000,0.000000,98678.226562,1994.689209,50.000000,1.000000,0.000000,-0.000000,0.000000,99734.460938,2017.367554,50.000000,-4.000000,0.000000,-0.000000,0.000000,-403473.500000,-205060.812500,207215.031250,2725.778809,-571.560059,-126133.007812,-126704.570312
ml,worst,863,2026-04-27,1956.215088,10.000000,1951.072754,50.000000,-5.000000,-6.000000,585321.812500,292.660889,-487768.156250,1971.947876,50.000000,-24.000000,-25.000000,2464934.750000,1232.467285,-2366337.500000,1993.978638,50.000000,-3.000000,1.000000,-99698.929688,49.849464,-299096.812500,-3153202.500000,3157772.750000,4300.756348,269.493652,-182766.203125,-182496.703125
ml,worst,863,2026-04-28,1941.552612,10.000000,1923.812256,50.000000,-4.000000,1.000000,-96190.609375,48.095306,-384762.437500,1944.878052,50.000000,-9.000000,15.000000,-1458658.500000,729.329285,-875195.125000,1967.155396,50.000000,-2.000000,1.000000,-98357.773438,49.178886,-196715.546875,-1456673.000000,1504565.750000,5127.359863,42765.390625,-215509.062500,-172743.671875
ml,worst,863,2026-04-29,1958.089966,10.000000,1949.201538,50.000000,-3.000000,1.000000,-97460.078125,48.730038,-292380.218750,1969.934814,50.000000,-8.000000,1.000000,-98496.742188,49.248371,-787973.937500,1992.874634,50.000000,-1.000000,1.000000,-99643.734375,49.821869,-99643.734375,-1179997.875000,1208965.125000,5275.160156,23692.089844,-174097.125000,-150405.031250
ml,worst,863,2026-04-30,1891.086060,10.000000,1949.201538,50.000000,-2.000000,1.000000,-97460.078125,48.730038,-194920.156250,1876.439209,50.000000,-7.000000,1.000000,-93821.960938,46.910980,-656753.687500,1897.979614,50.000000,0.000000,1.000000,-94898.984375,47.449493,0.000000,-851673.875000,922784.187500,5418.250488,65692.062500,-344735.437500,-279043.375000
ml,worst,863,2026-05-01,1890.985107,10.000000,1949.201538,50.000000,-1.000000,1.000000,-97460.078125,48.730038,-97460.078125,1872.033936,50.000000,-6.000000,1.000000,-93601.695312,46.800846,-561610.125000,1893.578125,50.000000,-4.000000,-4.000000,378715.625000,189.357803,-378715.625000,-1037785.812500,1110438.000000,5703.139648,66949.046875,-346663.187500,-279714.125000
ml,worst,863,2026-05-02,1895.925659,10.000000,1949.201538,50.000000,-1.000000,0.000000,-0.000000,0.000000,-97460.078125,1929.601074,50.000000,-6.000000,0.000000,-0.000000,0.000000,-578880.312500,1952.498535,50.000000,-4.000000,0.000000,-0.000000,0.000000,-390499.718750,-1066840.125000,1110438.000000,5703.139648,37894.734375,-337439.656250,-299544.937500
ml,worst,863,2026-05-03,1871.513184,10.000000,1949.201538,50.000000,-1.000000,0.000000,-0.000000,0.000000,-97460.078125,1848.104736,50.000000,-6.000000,0.000000,-0.000000,0.000000,-554431.437500,1868.445312,50.000000,-4.000000,0.000000,-0.000000,0.000000,-373689.062500,-1025580.562500,1110438.000000,5703.139648,79154.296875,-404191.687500,-325037.375000
ml,worst,863,2026-05-04,1883.748413,10.000000,1949.201538,50.000000,0.000000,1.000000,-97460.078125,48.730038,0.000000,1877.413940,50.000000,-5.000000,1.000000,-93870.695312,46.935345,-469353.468750,1898.328003,50.000000,-3.000000,1.000000,-94916.398438,47.458199,-284749.187500,-754102.625000,824190.875000,5846.262695,64241.988281,-373010.218750,-308768.218750
ml,worst,863,2026-05-05,1852.155762,10.000000,1949.201538,50.000000,1.000000,1.000000,-97460.078125,48.730038,97460.078125,1864.893066,50.000000,-4.000000,1.000000,-93244.656250,46.622326,-372978.625000,1885.424805,50.000000,-2.000000,1.000000,-94271.242188,47.135620,-188542.484375,-464061.062500,539214.875000,5988.750977,69165.062500,-457486.656250,-388321.593750
ml,worst,863,2026-05-06,1801.355957,10.000000,1949.201538,50.000000,-3.000000,-4.000000,389840.312500,194.920151,-292380.218750,1828.499512,50.000000,-3.000000,1.000000,-91424.976562,45.712486,-274274.937500,1849.181763,50.000000,-1.000000,1.000000,-92459.085938,46.229542,-92459.085938,-659114.187500,745171.125000,6275.612793,79781.328125,-586160.750000,-506379.437500
ml,worst,863,2026-05-07,1794.254395,10.000000,1949.201538,50.000000,-2.000000,1.000000,-97460.078125,48.730038,-194920.156250,1821.548462,50.000000,-2.000000,1.000000,-91077.421875,45.538712,-182154.843750,1841.514282,50.000000,0.000000,1.000000,-92075.710938,46.037853,0.000000,-377075.000000,464557.937500,6415.919922,81067.015625,-604835.562500,-523768.562500
ml,worst,863,2026-05-08,1801.402344,10.000000,1949.201538,50.000000,-1.000000,1.000000,-97460.078125,48.730038,-97460.078125,1816.271484,50.000000,-1.000000,1.000000,-90813.578125,45.406788,-90813.578125,1836.062500,50.000000,-4.000000,-4.000000,367212.500000,183.606247,-367212.500000,-555486.125000,643496.750000,6693.662598,81316.960938,-589009.750000,-507692.781250
ml,worst,863,2026-05-09,1780.700684,10.000000,1949.201538,50.000000,-1.000000,0.000000,-0.000000,0.000000,-97460.078125,1775.594849,50.000000,-1.000000,0.000000,-0.000000,0.000000,-88779.742188,1794.865479,50.000000,-4.000000,0.000000,-0.000000,0.000000,-358973.093750,-545212.875000,643496.750000,6693.662598,91590.210938,-638925.750000,-547335.562500
ml,worst,863,2026-05-10,1797.186279,10.000000,1949.201538,50.000000,-1.000000,0.000000,-0.000000,0.000000,-97460.078125,1812.970337,50.000000,-1.000000,0.000000,-0.000000,0.000000,-90648.515625,1833.998169,50.000000,-4.000000,0.000000,-0.000000,0.000000,-366799.625000,-554908.250000,643496.750000,6693.662598,81894.835938,-599100.250000,-517205.406250
ml,worst,863,2026-05-11,1790.756836,10.000000,1949.201538,50.000000,0.000000,1.000000,-97460.078125,48.730038,0.000000,1810.564209,50.000000,0.000000,1.000000,-90528.210938,45.264107,0.000000,1831.146240,50.000000,-3.000000,1.000000,-91557.312500,45.778656,-274671.937500,-274671.937500,363951.187500,6833.435547,82445.812500,-617270.750000,-534824.937500
ml,worst,863,2026-05-12,1837.753540,10.000000,1949.201538,50.000000,1.000000,1.000000,-97460.078125,48.730038,97460.078125,1827.571045,50.000000,1.000000,1.000000,-91378.554688,45.689278,91378.554688,1851.315186,50.000000,-2.000000,1.000000,-92565.757812,46.282875,-185131.515625,3707.109375,82546.796875,6974.137695,79279.765625,-497544.812500,-418265.062500
ml,worst,863,2026-05-13,1791.651123,10.000000,1949.201538,50.000000,-3.000000,-4.000000,389840.312500,194.920151,-292380.218750,1775.942383,50.000000,-3.000000,-4.000000,355188.468750,177.594238,-266391.343750,1794.692139,50.000000,-1.000000,1.000000,-89734.609375,44.867306,-89734.609375,-648506.187500,737840.937500,7391.519531,81943.234375,-612013.937500,-530070.687500
ml,worst,863,2026-05-14,1779.707397,10.000000,1949.201538,50.000000,-2.000000,1.000000,-97460.078125,48.730038,-194920.156250,1790.019775,50.000000,-2.000000,1.000000,-89500.992188,44.750496,-179001.984375,1803.725830,50.000000,0.000000,1.000000,-90186.289062,45.093143,0.000000,-373922.125000,460693.593750,7530.092773,79241.375000,-643534.625000,-564293.250000
ml,worst,863,2026-05-15,1787.707642,10.000000,1949.201538,50.000000,-1.000000,1.000000,-97460.078125,48.730038,-97460.078125,1769.129272,50.000000,-1.000000,1.000000,-88456.460938,44.228230,-88456.460938,1779.654541,50.000000,-4.000000,-4.000000,355930.906250,177.965439,-355930.906250,-541847.437500,630708.000000,7801.016602,81059.546875,-625015.625000,-543956.062500
ml,worst,863,2026-05-16,1793.684814,10.000000,1949.201538,50.000000,-1.000000,0.000000,-0.000000,0.000000,-97460.078125,1788.839966,50.000000,-1.000000,0.000000,-0.000000,0.000000,-89442.000000,1801.825195,50.000000,-4.000000,0.000000,-0.000000,0.000000,-360365.031250,-547267.125000,630708.000000,7801.016602,75639.859375,-613091.062500,-537451.187500
ml,worst,863,2026-05-17,1787.477417,10.000000,1949.201538,50.000000,-1.000000,0.000000,-0.000000,0.000000,-97460.078125,1794.472290,50.000000,-1.000000,0.000000,-0.000000,0.000000,-89723.617188,1810.241943,50.000000,-4.000000,0.000000,-0.000000,0.000000,-362048.375000,-549232.062500,630708.000000,7801.016602,73674.921875,-628998.437500,-555323.500000
ml,worst,863,2026-05-18,1779.969849,10.000000,1949.201538,50.000000,0.000000,1.000000,-97460.078125,48.730038,0.000000,1779.102539,50.000000,0.000000,1.000000,-88955.125000,44.477562,0.000000,1794.276611,50.000000,-3.000000,1.000000,-89713.828125,44.856911,-269141.500000,-269141.500000,354578.937500,7939.081055,77498.359375,-646300.687500,-568802.312500
ml,worst,863,2026-05-19,1777.849854,10.000000,1949.201538,50.000000,1.000000,1.000000,-97460.078125,48.730038,97460.078125,1770.950806,50.000000,-4.000000,-4.000000,354190.156250,177.095078,-354190.156250,1783.350220,50.000000,-2.000000,1.000000,-89167.507812,44.583752,-178335.015625,-435065.093750,522141.500000,8209.490234,78866.914062,-651290.250000,-572423.312500
ml,worst,863,2026-05-20,1763.792480,10.000000,1949.201538,50.000000,-3.000000,-4.000000,389840.312500,194.920151,-292380.218750,1785.025879,50.000000,-3.000000,1.000000,-89251.296875,44.625648,-267753.875000,1800.672485,50.000000,-1.000000,1.000000,-90033.625000,45.016811,-90033.625000,-650167.750000,732696.875000,8494.052734,74035.070312,-688397.750000,-614362.687500
ml,worst,863,2026-05-21,1758.974854,10.000000,1949.201538,50.000000,-2.000000,1.000000,-97460.078125,48.730038,-194920.156250,1769.001221,50.000000,-2.000000,1.000000,-88450.062500,44.225029,-176900.125000,1782.582642,50.000000,0.000000,1.000000,-89129.132812,44.564564,0.000000,-371820.281250,457657.625000,8631.572266,77205.773438,-707670.750000,-630465.000000
ml,worst,863,2026-05-22,1766.125488,10.000000,1949.201538,50.000000,-1.000000,1.000000,-97460.078125,48.730038,-97460.078125,1804.463623,50.000000,-1.000000,1.000000,-90223.179688,45.111591,-90223.179688,1818.929321,50.000000,-4.000000,-4.000000,363785.875000,181.892929,-363785.875000,-551469.125000,633760.250000,8907.307617,73383.820312,-692660.125000,-619276.312500
ml,worst,863,2026-05-23,1743.200562,10.000000,1949.201538,50.000000,-1.000000,0.000000,-0.000000,0.000000,-97460.078125,1775.038330,50.000000,-1.000000,0.000000,-0.000000,0.000000,-88751.914062,1788.580078,50.000000,-4.000000,0.000000,-0.000000,0.000000,-357716.000000,-543928.000000,633760.250000,8907.307617,80924.945312,-754286.437500,-673361.500000
ml,worst,863,2026-05-24,1746.471802,10.000000,1949.201538,50.000000,-1.000000,0.000000,-0.000000,0.000000,-97460.078125,1778.363159,50.000000,-1.000000,0.000000,-0.000000,0.000000,-88918.156250,1794.296509,50.000000,-4.000000,0.000000,-0.000000,0.000000,-358859.312500,-545237.562500,633760.250000,8907.307617,79615.382812,-743909.125000,-664293.750000
ml,worst,863,2026-05-25,1706.320923,10.000000,1949.201538,50.000000,-1.000000,0.000000,-0.000000,0.000000,-97460.078125,1717.358643,50.000000,-1.000000,0.000000,-0.000000,0.000000,-85867.929688,1730.682861,50.000000,-4.000000,0.000000,-0.000000,0.000000,-346136.562500,-529464.562500,633760.250000,8907.307617,95388.382812,-841838.562500,-746450.187500
ml,worst,863,2026-05-26,1688.854248,10.000000,1949.201538,50.000000,0.000000,1.000000,-97460.078125,48.730038,0.000000,1694.730469,50.000000,0.000000,1.000000,-84736.523438,42.368263,0.000000,1710.959351,50.000000,-3.000000,1.000000,-85547.968750,42.773983,-256643.890625,-256643.890625,366015.687500,9041.179688,100330.617188,-881853.125000,-781522.500000
ml,worst,863,2026-05-27,1696.871460,10.000000,1949.201538,50.000000,1.000000,1.000000,-97460.078125,48.730038,97460.078125,1692.664551,50.000000,-4.000000,-4.000000,338532.906250,169.266449,-338532.906250,1709.293945,50.000000,-2.000000,1.000000,-85464.695312,42.732346,-170929.390625,-412002.218750,521623.812500,9301.908203,100319.687500,-863624.625000,-763304.937500
ml,worst,863,2026-05-28,1554.150391,10.000000,1949.201538,50.000000,-3.000000,-4.000000,389840.312500,194.920151,-292380.218750,1521.330566,50.000000,-3.000000,1.000000,-76066.531250,38.033264,-228199.578125,1540.428223,50.000000,-1.000000,1.000000,-77021.414062,38.510704,-77021.414062,-597601.250000,758376.125000,9573.372070,151201.500000,-1221909.875000,-1070708.375000
ml,worst,863,2026-05-29,1498.878296,10.000000,1949.201538,50.000000,-2.000000,1.000000,-97460.078125,48.730038,-194920.156250,1482.710938,50.000000,-2.000000,1.000000,-74135.546875,37.067776,-148271.093750,1501.268677,50.000000,0.000000,1.000000,-75063.437500,37.531719,0.000000,-343191.250000,511717.125000,9696.702148,158829.171875,-1360278.500000,-1201449.375000
ml,worst,863,2026-05-30,1533.251465,10.000000,1949.201538,50.000000,-2.000000,0.000000,-0.000000,0.000000,-194920.156250,1542.559692,50.000000,-2.000000,0.000000,-0.000000,0.000000,-154255.968750,1561.151978,50.000000,0.000000,0.000000,-0.000000,0.000000,0.000000,-349176.125000,511717.125000,9696.702148,152844.296875,-1278273.500000,-1125429.250000
ml,worst,863,2026-05-31,1528.203369,10.000000,1949.201538,50.000000,-2.000000,0.000000,-0.000000,0.000000,-194920.156250,1555.953613,50.000000,-2.000000,0.000000,-0.000000,0.000000,-155595.359375,1574.263062,50.000000,0.000000,0.000000,-0.000000,0.000000,0.000000,-350515.500000,511717.125000,9696.702148,151504.921875,-1292667.375000,-1141162.500000
ml,worst,863,2026-06-01,1523.968994,10.000000,1949.201538,50.000000,-1.000000,1.000000,-97460.078125,48.730038,-97460.078125,1535.701050,50.000000,-1.000000,1.000000,-76785.054688,38.392529,-76785.054688,1555.094116,50.000000,-4.000000,-4.000000,311018.812500,155.509399,-311018.812500,-485263.937500,648490.812500,9939.333984,153287.546875,-1304891.875000,-1151604.375000
ml,worst,863,2026-06-02,1523.817871,10.000000,1949.201538,50.000000,0.000000,1.000000,-97460.078125,48.730038,0.000000,1513.928833,50.000000,0.000000,1.000000,-75696.445312,37.848221,0.000000,1535.225220,50.000000,-3.000000,1.000000,-76761.257812,38.380627,-230283.781250,-230283.781250,398573.000000,10064.292969,158224.921875,-1307673.750000,-1149448.875000
ml,worst,863,2026-06-03,1477.862793,10.000000,1949.201538,50.000000,1.000000,1.000000,-97460.078125,48.730038,97460.078125,1466.676758,50.000000,-4.000000,-4.000000,293335.343750,146.667679,-293335.343750,1488.059937,50.000000,-2.000000,1.000000,-74403.000000,37.201500,-148806.000000,-344681.250000,520045.250000,10296.891602,165067.109375,-1421223.000000,-1256155.875000
ml,worst,863,2026-06-04,1459.329468,10.000000,1949.201538,50.000000,-3.000000,-4.000000,389840.312500,194.920151,-292380.218750,1449.145996,50.000000,-3.000000,1.000000,-72457.296875,36.228649,-217371.906250,1472.105713,50.000000,-1.000000,1.000000,-73605.289062,36.802643,-73605.289062,-583357.437500,763823.000000,10564.843750,169900.718750,-1467697.750000,-1297797.000000
ml,worst,863,2026-06-05,1478.115112,10.000000,1949.201538,50.000000,-2.000000,1.000000,-97460.078125,48.730038,-194920.156250,1488.788818,50.000000,-2.000000,1.000000,-74439.437500,37.219719,-148878.875000,1508.862427,50.000000,0.000000,1.000000,-75443.125000,37.721561,0.000000,-343799.031250,516480.375000,10688.514648,161992.828125,-1421319.125000,-1259326.250000
ml,worst,863,2026-06-06,1468.877075,10.000000,1949.201538,50.000000,-2.000000,0.000000,-0.000000,0.000000,-194920.156250,1469.878052,50.000000,-2.000000,0.000000,-0.000000,0.000000,-146987.812500,1490.169189,50.000000,0.000000,0.000000,-0.000000,0.000000,0.000000,-341907.968750,516480.375000,10688.514648,163883.890625,-1447725.625000,-1283841.750000
ml,worst,863,2026-06-07,1474.602295,10.000000,1949.201538,50.000000,-2.000000,0.000000,-0.000000,0.000000,-194920.156250,1468.968140,50.000000,-2.000000,0.000000,-0.000000,0.000000,-146896.812500,1490.075806,50.000000,0.000000,0.000000,-0.000000,0.000000,0.000000,-341816.968750,516480.375000,10688.514648,163974.890625,-1434059.625000,-1270084.750000
ml,worst,863,2026-06-08,1460.047729,10.000000,1949.201538,50.000000,-1.000000,1.000000,-97460.078125,48.730038,-97460.078125,1449.856812,50.000000,-1.000000,1.000000,-72492.843750,36.246422,-72492.843750,1470.866089,50.000000,-4.000000,-4.000000,294173.218750,147.086609,-294173.218750,-464126.125000,640700.625000,10920.577148,165653.921875,-1468767.250000,-1303113.375000
ml,worst,863,2026-06-09,1473.101807,10.000000,1949.201538,50.000000,0.000000,1.000000,-97460.078125,48.730038,0.000000,1438.818726,50.000000,0.000000,1.000000,-71940.937500,35.970467,0.000000,1459.154785,50.000000,-3.000000,1.000000,-72957.742188,36.478870,-218873.218750,-218873.218750,398341.875000,11041.756836,168426.906250,-1435735.375000,-1267308.500000
ml,worst,863,2026-06-10,1431.757935,10.000000,1949.201538,50.000000,1.000000,1.000000,-97460.078125,48.730038,97460.078125,1412.914673,50.000000,-4.000000,-4.000000,282582.937500,141.291473,-282582.937500,1430.852905,50.000000,-2.000000,1.000000,-71542.648438,35.771324,-143085.296875,-328208.156250,511922.125000,11267.549805,172446.421875,-1538743.500000,-1366297.125000
ml,worst,863,2026-06-11,1411.319336,10.000000,1949.201538,50.000000,-3.000000,-4.000000,389840.312500,194.920151,-292380.218750,1399.721558,50.000000,-3.000000,1.000000,-69986.078125,34.993038,-209958.234375,1414.520508,50.000000,-1.000000,1.000000,-70726.023438,35.363010,-70726.023438,-573064.437500,761050.250000,11532.826172,176452.984375,-1588972.000000,-1412519.000000
ml,worst,863,2026-06-12,1432.452393,10.000000,1949.201538,50.000000,-2.000000,1.000000,-97460.078125,48.730038,-194920.156250,1427.586670,50.000000,-2.000000,1.000000,-71379.335938,35.689667,-142758.671875,1441.049316,50.000000,0.000000,1.000000,-72052.468750,36.026234,0.000000,-337678.812500,520158.437500,11653.272461,170826.359375,-1534231.750000,-1363405.375000
ml,worst,863,2026-06-13,1450.126465,10.000000,1949.201538,50.000000,-2.000000,0.000000,-0.000000,0.000000,-194920.156250,1458.418823,50.000000,-2.000000,0.000000,-0.000000,0.000000,-145841.875000,1472.620239,50.000000,0.000000,0.000000,-0.000000,0.000000,0.000000,-340762.031250,520158.437500,11653.272461,167743.140625,-1488520.875000,-1320777.750000
ml,worst,863,2026-06-14,1454.322876,10.000000,1949.201538,50.000000,-2.000000,0.000000,-0.000000,0.000000,-194920.156250,1517.269287,50.000000,-2.000000,0.000000,-0.000000,0.000000,-151726.921875,1534.082397,50.000000,0.000000,0.000000,-0.000000,0.000000,0.000000,-346647.062500,520158.437500,11653.272461,161858.109375,-1479734.125000,-1317876.000000
ml,worst,863,2026-06-15,1417.398560,10.000000,1949.201538,50.000000,-1.000000,1.000000,-97460.078125,48.730038,-97460.078125,1436.064331,50.000000,-1.000000,1.000000,-71803.218750,35.901608,-71803.218750,1451.661011,50.000000,-4.000000,-4.000000,290332.187500,145.166092,-290332.187500,-459595.500000,641227.375000,11883.070312,169748.812500,-1572191.000000,-1402442.250000
ml,worst,863,2026-06-16,1383.996216,10.000000,1949.201538,50.000000,0.000000,1.000000,-97460.078125,48.730038,0.000000,1375.717651,50.000000,0.000000,1.000000,-68785.882812,34.392941,0.000000,1391.770752,50.000000,-3.000000,1.000000,-69588.539062,34.794270,-208765.625000,-208765.625000,405392.843750,12000.987305,184626.234375,-1656722.250000,-1472096.000000
ml,worst,863,2026-06-17,1390.023926,10.000000,1949.201538,50.000000,1.000000,1.000000,-97460.078125,48.730038,97460.078125,1396.858887,50.000000,1.000000,1.000000,-69842.945312,34.921471,69842.945312,1410.557129,50.000000,-2.000000,1.000000,-70527.859375,35.263931,-141055.718750,26247.312500,167561.937500,12119.902344,181689.343750,-1641938.000000,-1460248.625000
ml,worst,863,2026-06-18,1369.653320,10.000000,1949.201538,50.000000,-3.000000,-4.000000,389840.312500,194.920151,-292380.218750,1395.564209,50.000000,-3.000000,-4.000000,279112.843750,139.556427,-209334.625000,1410.873413,50.000000,-1.000000,1.000000,-70543.671875,35.271835,-70543.671875,-572258.500000,765971.437500,12489.651367,181223.281250,-1690864.125000,-1509640.875000
ml,worst,863,2026-06-19,1343.031738,10.000000,1949.201538,50.000000,-3.000000,0.000000,-0.000000,0.000000,-292380.218750,1342.033691,50.000000,-3.000000,0.000000,-0.000000,0.000000,-201305.046875,1357.176147,50.000000,-1.000000,0.000000,-0.000000,0.000000,-67858.804688,-561544.062500,765971.437500,12489.651367,191937.718750,-1758283.375000,-1566345.625000
ml,worst,863,2026-06-20,1330.410034,10.000000,1949.201538,50.000000,-3.000000,0.000000,-0.000000,0.000000,-292380.218750,1344.792847,50.000000,-3.000000,0.000000,-0.000000,0.000000,-201718.921875,1359.223267,50.000000,-1.000000,0.000000,-0.000000,0.000000,-67961.164062,-562060.312500,765971.437500,12489.651367,191421.468750,-1790751.500000,-1599330.000000
ml,worst,863,2026-06-21,1301.460938,10.000000,1949.201538,50.000000,-3.000000,0.000000,-0.000000,0.000000,-292380.218750,1305.020508,50.000000,-3.000000,0.000000,-0.000000,0.000000,-195753.078125,1319.173340,50.000000,-1.000000,0.000000,-0.000000,0.000000,-65958.664062,-554092.000000,765971.437500,12489.651367,199389.781250,-1862925.375000,-1663535.625000
ml,worst,863,2026-06-22,1296.571289,10.000000,1949.201538,50.000000,-2.000000,1.000000,-97460.078125,48.730038,-194920.156250,1292.071167,50.000000,-2.000000,1.000000,-64603.558594,32.301777,-129207.117188,1306.038330,50.000000,0.000000,1.000000,-65301.917969,32.650959,0.000000,-324127.281250,538605.875000,12603.333984,201875.265625,-1876128.000000,-1674252.750000
ml,worst,863,2026-06-23,1321.898071,10.000000,1949.201538,50.000000,-1.000000,1.000000,-97460.078125,48.730038,-97460.078125,1325.857666,50.000000,-1.000000,1.000000,-66292.882812,33.146439,-66292.882812,1341.418213,50.000000,1.000000,1.000000,-67070.914062,33.535454,67070.914062,-96682.054688,307782.000000,12718.746094,198381.187500,-1814167.500000,-1615786.250000
ml,worst,863,2026-06-24,1303.793945,10.000000,1949.201538,50.000000,0.000000,1.000000,-97460.078125,48.730038,0.000000,1316.363892,50.000000,0.000000,1.000000,-65818.195312,32.909096,0.000000,1331.444458,50.000000,-3.000000,-4.000000,266288.906250,133.144440,-199716.671875,-199716.671875,410792.625000,12933.529297,198142.421875,-1859691.500000,-1661549.125000
ml,worst,863,2026-06-25,1288.679199,10.000000,1949.201538,50.000000,1.000000,1.000000,-97460.078125,48.730038,97460.078125,1321.717651,50.000000,1.000000,1.000000,-66085.882812,33.042938,66085.882812,1336.006348,50.000000,-2.000000,1.000000,-66800.320312,33.400158,-133600.640625,29945.328125,180446.359375,13048.702148,197342.984375,-1898921.625000,-1701578.625000
ml,worst,863,2026-06-26,1298.290039,10.000000,1949.201538,50.000000,-3.000000,-4.000000,389840.312500,194.920151,-292380.218750,1338.480713,50.000000,-3.000000,-4.000000,267696.156250,133.848068,-200772.109375,1355.869507,50.000000,-1.000000,1.000000,-67793.476562,33.896736,-67793.476562,-560945.812500,770189.312500,13411.367188,195832.125000,-1874966.500000,-1679134.375000
ml,worst,863,2026-06-27,1286.400269,10.000000,1949.201538,50.000000,-3.000000,0.000000,-0.000000,0.000000,-292380.218750,1294.884399,50.000000,-3.000000,0.000000,-0.000000,0.000000,-194232.671875,1313.536621,50.000000,-1.000000,0.000000,-0.000000,0.000000,-65676.828125,-552289.687500,770189.312500,13411.367188,204488.250000,-1904958.625000,-1700470.375000
ml,worst,863,2026-06-28,1283.351074,10.000000,1949.201538,50.000000,-3.000000,0.000000,-0.000000,0.000000,-292380.218750,1278.004395,50.000000,-3.000000,0.000000,-0.000000,0.000000,-191700.656250,1295.567871,50.000000,-1.000000,0.000000,-0.000000,0.000000,-64778.394531,-548859.250000,770189.312500,13411.367188,207918.687500,-1913126.500000,-1705207.750000
ml,worst,863,2026-06-29,1280.749268,10.000000,1949.201538,50.000000,-2.000000,1.000000,-97460.078125,48.730038,-194920.156250,1278.927246,50.000000,-2.000000,1.000000,-63946.363281,31.973181,-127892.726562,1295.132202,50.000000,0.000000,1.000000,-64756.609375,32.378304,0.000000,-322812.875000,544026.312500,13524.449219,207688.984375,-1920098.125000,-1712409.125000
ml,worst,863,2026-06-30,1267.198364,10.000000,1949.201538,50.000000,-1.000000,1.000000,-97460.078125,48.730038,-97460.078125,1295.132202,50.000000,-1.000000,1.000000,-64756.609375,32.378304,-64756.609375,1311.280396,50.000000,1.000000,1.000000,-65564.023438,32.782013,65564.023438,-96652.664062,316245.562500,13638.338867,205954.562500,-1954939.625000,-1748985.000000
ml,worst,863,2026-07-01,1264.111938,10.000000,1949.201538,50.000000,0.000000,1.000000,-97460.078125,48.730038,0.000000,1290.453613,50.000000,0.000000,1.000000,-64522.679688,32.261341,0.000000,1304.925537,50.000000,-3.000000,-4.000000,260985.109375,130.492554,-195738.828125,-195738.828125,415247.937500,13849.823242,205659.281250,-1962371.750000,-1756712.500000
ml,worst,863,2026-07-02,1251.032959,10.000000,1949.201538,50.000000,1.000000,1.000000,-97460.078125,48.730038,97460.078125,1263.152710,50.000000,-4.000000,-4.000000,252630.546875,126.315269,-252630.546875,1275.891724,50.000000,-2.000000,1.000000,-63794.585938,31.897293,-127589.171875,-282759.625000,506623.812500,14056.765625,209807.421875,-1994471.875000,-1784664.500000
ml,worst,863,2026-07-03,1265.538940,10.000000,1949.201538,50.000000,-3.000000,-4.000000,389840.312500,194.920151,-292380.218750,1249.498901,50.000000,-3.000000,1.000000,-62474.945312,31.237471,-187424.828125,1262.948853,50.000000,-1.000000,1.000000,-63147.441406,31.573721,-63147.441406,-542952.500000,770841.750000,14314.497070,213574.750000,-1961566.125000,-1747991.375000
ml,worst,863,2026-07-04,1224.123169,10.000000,1949.201538,50.000000,-3.000000,0.000000,-0.000000,0.000000,-292380.218750,1203.082520,50.000000,-3.000000,0.000000,-0.000000,0.000000,-180462.375000,1216.254028,50.000000,-1.000000,0.000000,-0.000000,0.000000,-60812.703125,-533655.312500,770841.750000,14314.497070,222871.937500,-2052168.750000,-1829296.750000
ml,worst,863,2026-07-05,1210.067749,10.000000,1949.201538,50.000000,-3.000000,0.000000,-0.000000,0.000000,-292380.218750,1184.125610,50.000000,-3.000000,0.000000,-0.000000,0.000000,-177618.843750,1196.843750,50.000000,-1.000000,0.000000,-0.000000,0.000000,-59842.187500,-529841.250000,770841.750000,14314.497070,226686.000000,-2083281.000000,-1856595.000000
ml,worst,863,2026-07-06,1196.683594,10.000000,1949.201538,50.000000,-2.000000,1.000000,-97460.078125,48.730038,-194920.156250,1191.304443,50.000000,-2.000000,1.000000,-59565.222656,29.782612,-119130.445312,1204.705566,50.000000,0.000000,1.000000,-60235.277344,30.117638,0.000000,-314050.593750,553581.187500,14423.126953,225107.468750,-2113087.250000,-1887979.750000
ml,worst,863,2026-07-07,1202.884644,10.000000,1949.201538,50.000000,-1.000000,1.000000,-97460.078125,48.730038,-97460.078125,1198.234497,50.000000,-1.000000,1.000000,-59911.726562,29.955862,-59911.726562,1211.316772,50.000000,1.000000,1.000000,-60565.839844,30.282919,60565.839844,-96805.968750,335643.531250,14532.095703,224305.468750,-2101227.500000,-1876922.000000
ml,worst,863,2026-07-08,1208.860107,10.000000,1949.201538,50.000000,0.000000,1.000000,-97460.078125,48.730038,0.000000,1228.082153,50.000000,0.000000,1.000000,-61404.109375,30.702055,0.000000,1241.536011,50.000000,-3.000000,-4.000000,248307.203125,124.153595,-186230.390625,-186230.390625,425086.562500,14735.682617,224120.484375,-2089971.375000,-1865850.875000
ml,worst,863,2026-07-09,1188.335083,10.000000,1949.201538,50.000000,1.000000,1.000000,-97460.078125,48.730038,97460.078125,1195.398804,50.000000,-4.000000,-4.000000,239079.765625,119.539886,-239079.765625,1207.786987,50.000000,-2.000000,1.000000,-60389.347656,30.194674,-120778.695312,-262398.375000,506316.875000,14934.146484,228984.359375,-2128696.000000,-1899711.625000
ml,worst,863,2026-07-10,1197.955078,10.000000,1949.201538,50.000000,-3.000000,-4.000000,389840.312500,194.920151,-292380.218750,1220.162476,50.000000,-3.000000,1.000000,-61008.125000,30.504063,-183024.359375,1232.659912,50.000000,-1.000000,1.000000,-61632.996094,30.816496,-61632.996094,-537037.562500,773516.000000,15190.386719,221288.046875,-2112051.500000,-1890763.500000
ml,worst,863,2026-07-11,1203.651245,10.000000,1949.201538,50.000000,-3.000000,0.000000,-0.000000,0.000000,-292380.218750,1211.709717,50.000000,-3.000000,0.000000,-0.000000,0.000000,-181756.453125,1223.854370,50.000000,-1.000000,0.000000,-0.000000,0.000000,-61192.718750,-535329.375000,773516.000000,15190.386719,222996.234375,-2103468.250000,-1880472.000000
ml,worst,863,2026-07-12,1164.522827,10.000000,1949.201538,50.000000,-3.000000,0.000000,-0.000000,0.000000,-292380.218750,1159.897217,50.000000,-3.000000,0.000000,-0.000000,0.000000,-173984.578125,1172.005371,50.000000,-1.000000,0.000000,-0.000000,0.000000,-58600.269531,-524965.062500,773516.000000,15190.386719,233360.546875,-2167828.500000,-1934468.000000
ml,worst,863,2026-07-13,1161.806763,10.000000,1949.201538,50.000000,-2.000000,1.000000,-97460.078125,48.730038,-194920.156250,1152.133057,50.000000,-2.000000,1.000000,-57606.652344,28.803324,-115213.304688,1164.101440,50.000000,0.000000,1.000000,-58205.070312,29.102533,0.000000,-310133.468750,560244.250000,15297.022461,234813.765625,-2172884.750000,-1938071.000000
ml,worst,863,2026-07-14,1141.477905,10.000000,1949.201538,50.000000,-1.000000,1.000000,-97460.078125,48.730038,-97460.078125,1139.324463,50.000000,-1.000000,1.000000,-56966.222656,28.483112,-56966.222656,1150.010010,50.000000,-4.000000,-4.000000,230002.000000,115.000999,-230002.000000,-384428.312500,635820.000000,15489.236328,235902.453125,-2204359.750000,-1968457.250000
ml,worst,863,2026-07-15,1132.583984,10.000000,1949.201538,50.000000,0.000000,1.000000,-97460.078125,48.730038,0.000000,1149.208740,50.000000,0.000000,1.000000,-57460.437500,28.730219,0.000000,1160.539795,50.000000,-3.000000,1.000000,-58026.988281,29.013493,-174080.968750,-174080.968750,422872.468750,15595.710938,233195.781250,-2217200.500000,-1984004.750000
ml,worst,863,2026-07-16,1142.084961,10.000000,1949.201538,50.000000,1.000000,1.000000,-97460.078125,48.730038,97460.078125,1139.011719,50.000000,-4.000000,-4.000000,227802.343750,113.901169,-227802.343750,1149.947388,50.000000,-2.000000,1.000000,-57497.371094,28.748684,-114994.742188,-245337.000000,495717.343750,15787.089844,234593.250000,-2205413.000000,-1970819.750000
ml,worst,863,2026-07-17,1142.265747,10.000000,1949.201538,50.000000,-3.000000,-4.000000,389840.312500,194.920151,-292380.218750,1137.282104,50.000000,-3.000000,1.000000,-56864.105469,28.432053,-170592.312500,1147.959106,50.000000,-1.000000,1.000000,-57397.957031,28.698977,-57397.957031,-520370.500000,771295.625000,16039.142578,234885.984375,-2205647.250000,-1970761.250000
ml,worst,863,2026-07-18,1132.461426,10.000000,1949.201538,50.000000,-3.000000,0.000000,-0.000000,0.000000,-292380.218750,1139.622314,50.000000,-3.000000,0.000000,-0.000000,0.000000,-170943.343750,1150.249023,50.000000,-1.000000,0.000000,-0.000000,0.000000,-57512.453125,-520836.000000,771295.625000,16039.142578,234420.484375,-2216551.500000,-1982131.000000
ml,worst,863,2026-07-19,1130.382812,10.000000,1949.201538,50.000000,-3.000000,0.000000,-0.000000,0.000000,-292380.218750,1156.482544,50.000000,-3.000000,0.000000,-0.000000,0.000000,-173472.390625,1167.329102,50.000000,-1.000000,0.000000,-0.000000,0.000000,-58366.453125,-524219.062500,771295.625000,16039.142578,231037.421875,-2219244.500000,-1988207.125000
ml,worst,863,2026-07-20,1122.807129,10.000000,1949.201538,50.000000,-2.000000,1.000000,-97460.078125,48.730038,-194920.156250,1129.536621,50.000000,-2.000000,1.000000,-56476.832031,28.238415,-112953.664062,1139.414185,50.000000,0.000000,1.000000,-56970.710938,28.485355,0.000000,-307873.812500,560388.000000,16144.595703,236369.593750,-2227932.750000,-1991563.125000
ml,worst,863,2026-07-21,1149.523682,10.000000,1949.201538,50.000000,-1.000000,1.000000,-97460.078125,48.730038,-97460.078125,1143.472046,50.000000,-1.000000,1.000000,-57173.601562,28.586800,-57173.601562,1153.152588,50.000000,1.000000,1.000000,-57657.628906,28.828815,57657.628906,-96976.062500,348096.687500,16250.741211,234869.890625,-2202339.000000,-1967469.125000
ml,worst,863,2026-07-22,1166.422363,10.000000,1949.201538,50.000000,0.000000,1.000000,-97460.078125,48.730038,0.000000,1159.793335,50.000000,0.000000,1.000000,-57989.667969,28.994833,0.000000,1171.193481,50.000000,-3.000000,-4.000000,234238.703125,117.119347,-175679.031250,-175679.031250,426885.656250,16445.585938,234761.031250,-2188152.750000,-1953391.750000
ml,worst,863,2026-07-23,1151.714966,10.000000,1949.201538,50.000000,1.000000,1.000000,-97460.078125,48.730038,97460.078125,1135.965088,50.000000,-4.000000,-4.000000,227193.015625,113.596512,-227193.015625,1146.609619,50.000000,-2.000000,1.000000,-57330.480469,28.665239,-114660.960938,-244393.906250,499288.062500,16636.578125,238257.578125,-2199713.250000,-1961455.625000
ml,worst,863,2026-07-24,1132.431152,10.000000,1949.201538,50.000000,-3.000000,-4.000000,389840.312500,194.920151,-292380.218750,1115.854736,50.000000,-3.000000,1.000000,-55792.738281,27.896368,-167378.203125,1126.777344,50.000000,-1.000000,1.000000,-56338.867188,28.169434,-56338.867188,-516097.312500,776996.750000,16887.562500,244011.875000,-2212630.250000,-1968618.375000
ml,worst,863,2026-07-25,1139.428833,10.000000,1949.201538,50.000000,-3.000000,0.000000,-0.000000,0.000000,-292380.218750,1140.434814,50.000000,-3.000000,0.000000,-0.000000,0.000000,-171065.218750,1152.373901,50.000000,-1.000000,0.000000,-0.000000,0.000000,-57618.695312,-521064.125000,776996.750000,16887.562500,239045.062500,-2209145.250000,-1970100.250000
ml,worst,863,2026-07-26,1145.695312,10.000000,1949.201538,50.000000,-3.000000,0.000000,-0.000000,0.000000,-292380.218750,1156.038818,50.000000,-3.000000,0.000000,-0.000000,0.000000,-173405.828125,1169.028198,50.000000,-1.000000,0.000000,-0.000000,0.000000,-58451.410156,-524237.468750,776996.750000,16887.562500,235871.718750,-2206062.250000,-1970190.500000
ml,worst,863,2026-07-27,1146.595459,10.000000,1949.201538,50.000000,-2.000000,1.000000,-97460.078125,48.730038,-194920.156250,1169.944580,50.000000,-2.000000,1.000000,-58497.230469,29.248615,-116994.460938,1182.668945,50.000000,0.000000,1.000000,-59133.445312,29.566721,0.000000,-311914.625000,561906.062500,16995.109375,232996.328125,-2205929.500000,-1972933.125000
ml,worst,863,2026-07-28,1134.395264,10.000000,1949.201538,50.000000,-1.000000,1.000000,-97460.078125,48.730038,-97460.078125,1166.819580,50.000000,-1.000000,1.000000,-58340.980469,29.170490,-58340.980469,1179.751465,50.000000,-4.000000,-4.000000,235950.296875,117.975143,-235950.296875,-391751.375000,642055.250000,17190.984375,233112.890625,-2211567.500000,-1978454.625000
ml,worst,863,2026-07-29,1150.267212,10.000000,1949.201538,50.000000,0.000000,1.000000,-97460.078125,48.730038,0.000000,1189.331543,50.000000,0.000000,1.000000,-59466.578125,29.733286,0.000000,1202.315796,50.000000,-3.000000,1.000000,-60115.789062,30.057894,-180347.359375,-180347.359375,425012.843750,17299.503906,227365.984375,-2206663.250000,-1979297.250000
ml,worst,863,2026-07-30,1162.748413,10.000000,1949.201538,50.000000,1.000000,1.000000,-97460.078125,48.730038,97460.078125,1189.331543,50.000000,1.000000,1.000000,-59466.578125,29.733286,59466.578125,1191.102295,50.000000,-2.000000,1.000000,-59555.113281,29.777555,-119110.226562,37816.429688,208531.062500,17407.746094,228939.750000,-2204192.750000,-1975253.000000
ml,worst,863,2026-07-31,1135.217773,10.000000,1949.201538,50.000000,-3.000000,-4.000000,389840.312500,194.920151,-292380.218750,1189.331543,50.000000,-3.000000,-4.000000,237866.312500,118.933144,-178399.734375,1137.789307,50.000000,-1.000000,1.000000,-56889.464844,28.444731,-56889.464844,-527669.375000,779348.250000,17750.042969,233928.828125,-2207416.500000,-1973487.625000
ml,worst,863,2026-08-01,1128.478394,10.000000,1949.201538,50.000000,-3.000000,0.000000,-0.000000,0.000000,-292380.218750,1189.331543,50.000000,-3.000000,0.000000,-0.000000,0.000000,-178399.734375,1135.326416,50.000000,-1.000000,0.000000,-0.000000,0.000000,-56766.320312,-527546.250000,779348.250000,17750.042969,234051.953125,-2207610.750000,-1973558.750000
ml,worst,863,2026-08-02,1147.176270,10.000000,1949.201538,50.000000,-3.000000,0.000000,-0.000000,0.000000,-292380.218750,1189.331543,50.000000,-3.000000,0.000000,-0.000000,0.000000,-178399.734375,1161.669800,50.000000,-1.000000,0.000000,-0.000000,0.000000,-58083.488281,-528863.437500,779348.250000,17750.042969,232734.765625,-2207811.500000,-1975076.750000
ml,worst,863,2026-08-03,1136.225098,10.000000,1949.201538,50.000000,-2.000000,1.000000,-97460.078125,48.730038,-194920.156250,1189.331543,50.000000,-2.000000,1.000000,-59466.578125,29.733286,-118933.156250,1154.944336,50.000000,0.000000,1.000000,-57747.218750,28.873610,0.000000,-313853.312500,564674.375000,17857.382812,232963.687500,-2208019.500000,-1975055.750000
ml,worst,863,2026-08-04,1156.134399,10.000000,1949.201538,50.000000,-1.000000,1.000000,-97460.078125,48.730038,-97460.078125,1189.331543,50.000000,-1.000000,1.000000,-59466.578125,29.733286,-59466.578125,1167.785400,50.000000,1.000000,1.000000,-58389.269531,29.194633,58389.269531,-98537.390625,349358.437500,17965.039062,232856.000000,-2208212.750000,-1975356.750000
ml,worst,863,2026-08-05,1145.073242,10.000000,1949.201538,50.000000,0.000000,1.000000,-97460.078125,48.730038,0.000000,1189.331543,50.000000,0.000000,1.000000,-59466.578125,29.733286,0.000000,1147.885132,50.000000,-3.000000,-4.000000,229577.031250,114.788513,-172182.765625,-172182.765625,422008.812500,18158.291016,231667.750000,-2208397.250000,-1976729.500000
ml,worst,863,2026-08-06,1150.706055,10.000000,1949.201538,50.000000,1.000000,1.000000,-97460.078125,48.730038,97460.078125,1189.331543,50.000000,1.000000,1.000000,-59466.578125,29.733286,59466.578125,1168.765503,50.000000,-2.000000,1.000000,-58438.273438,29.219137,-116876.546875,40050.109375,206643.875000,18265.972656,228428.015625,-2208397.250000,-1979969.250000
ml,worst,863,2026-08-07,1155.738770,10.000000,1949.201538,50.000000,-3.000000,-4.000000,389840.312500,194.920151,-292380.218750,1189.331543,50.000000,-3.000000,-4.000000,237866.312500,118.933144,-178399.734375,1188.310303,50.000000,-1.000000,1.000000,-59415.515625,29.707756,-59415.515625,-530195.437500,774935.000000,18609.535156,226130.031250,-2208397.250000,-1982267.250000
ml,worst,863,2026-08-08,1151.045776,10.000000,1949.201538,50.000000,-3.000000,0.000000,-0.000000,0.000000,-292380.218750,1189.331543,50.000000,-3.000000,0.000000,-0.000000,0.000000,-178399.734375,1166.604370,50.000000,-1.000000,0.000000,-0.000000,0.000000,-58330.218750,-529110.125000,774935.000000,18609.535156,227215.343750,-2208397.250000,-1981181.875000
ml,worst,863,2026-08-09,1148.687500,10.000000,1949.201538,50.000000,-3.000000,0.000000,-0.000000,0.000000,-292380.218750,1189.331543,50.000000,-3.000000,0.000000,-0.000000,0.000000,-178399.734375,1169.603638,50.000000,-1.000000,0.000000,-0.000000,0.000000,-58480.183594,-529260.125000,774935.000000,18609.535156,227065.343750,-2208397.250000,-1981331.875000
ml,worst,863,2026-08-10,1125.476074,10.000000,1949.201538,50.000000,-2.000000,1.000000,-97460.078125,48.730038,-194920.156250,1189.331543,50.000000,-2.000000,1.000000,-59466.578125,29.733286,-118933.156250,1159.214111,50.000000,0.000000,1.000000,-57960.707031,28.980352,0.000000,-313853.312500,560047.625000,18716.976562,227477.343750,-2208397.250000,-1980919.875000
ml,worst,863,2026-08-11,1120.102905,10.000000,1949.201538,50.000000,-1.000000,1.000000,-97460.078125,48.730038,-97460.078125,1189.331543,50.000000,-1.000000,1.000000,-59466.578125,29.733286,-59466.578125,1140.135742,50.000000,-4.000000,-4.000000,228027.156250,114.013573,-228027.156250,-384953.812500,631148.125000,18909.457031,227284.859375,-2208397.250000,-1981112.375000
ml,worst,863,2026-08-12,1118.472900,10.000000,1949.201538,50.000000,0.000000,1.000000,-97460.078125,48.730038,0.000000,1189.331543,50.000000,0.000000,1.000000,-59466.578125,29.733286,0.000000,1143.118286,50.000000,-3.000000,1.000000,-57155.914062,28.577955,-171467.750000,-171467.750000,417065.562500,19016.496094,226581.312500,-2208397.250000,-1981816.000000
ml,worst,863,2026-08-13,1115.138306,10.000000,1949.201538,50.000000,1.000000,1.000000,-97460.078125,48.730038,97460.078125,1189.331543,50.000000,1.000000,1.000000,-59466.578125,29.733286,59466.578125,1135.566772,50.000000,-2.000000,1.000000,-56778.339844,28.389168,-113556.679688,43369.976562,203360.562500,19123.349609,227607.187500,-2208397.250000,-1980790.000000
ml,worst,863,2026-08-14,1120.236450,10.000000,1949.201538,50.000000,-3.000000,-4.000000,389840.312500,194.920151,-292380.218750,1189.331543,50.000000,-3.000000,-4.000000,237866.312500,118.933144,-178399.734375,1165.993896,50.000000,-1.000000,1.000000,-58299.695312,29.149847,-58299.695312,-529079.625000,772767.500000,19466.351562,224221.531250,-2208397.250000,-1984175.750000
ml,worst,863,2026-08-15,1117.482422,10.000000,1949.201538,50.000000,-3.000000,0.000000,-0.000000,0.000000,-292380.218750,1189.331543,50.000000,-3.000000,0.000000,-0.000000,0.000000,-178399.734375,1138.284790,50.000000,-1.000000,0.000000,-0.000000,0.000000,-56914.238281,-527694.187500,772767.500000,19466.351562,225606.968750,-2208397.250000,-1982790.250000
ml,worst,863,2026-08-16,1084.653198,10.000000,1949.201538,50.000000,-3.000000,0.000000,-0.000000,0.000000,-292380.218750,1189.331543,50.000000,-3.000000,0.000000,-0.000000,0.000000,-178399.734375,1079.665527,50.000000,-1.000000,0.000000,-0.000000,0.000000,-53983.277344,-524763.187500,772767.500000,19466.351562,228537.968750,-2208397.250000,-1979859.250000
ml,worst,863,2026-08-17,1068.084717,10.000000,1949.201538,50.000000,-2.000000,1.000000,-97460.078125,48.730038,-194920.156250,1189.331543,50.000000,-2.000000,1.000000,-59466.578125,29.733286,-118933.156250,1085.290649,50.000000,0.000000,1.000000,-54264.531250,27.132265,0.000000,-313853.312500,561576.312500,19571.947266,228151.046875,-2208397.250000,-1980246.250000
ml,worst,863,2026-08-18,1086.915771,10.000000,1949.201538,50.000000,-1.000000,1.000000,-97460.078125,48.730038,-97460.078125,1189.331543,50.000000,-1.000000,1.000000,-59466.578125,29.733286,-59466.578125,1103.375854,50.000000,1.000000,1.000000,-55168.792969,27.584396,55168.792969,-101757.859375,349480.843750,19677.996094,228044.984375,-2208397.250000,-1980352.250000
ml,worst,863,2026-08-19,1092.194214,10.000000,1949.201538,50.000000,0.000000,1.000000,-97460.078125,48.730038,0.000000,1189.331543,50.000000,0.000000,1.000000,-59466.578125,29.733286,0.000000,1076.217529,50.000000,-3.000000,-4.000000,215243.500000,107.621750,-161432.625000,-161432.625000,407797.687500,19864.082031,226500.984375,-2208397.250000,-1981896.250000
ml,worst,863,2026-08-20,1068.131592,10.000000,1949.201538,50.000000,1.000000,1.000000,-97460.078125,48.730038,97460.078125,1189.331543,50.000000,1.000000,1.000000,-59466.578125,29.733286,59466.578125,1062.120972,50.000000,-2.000000,1.000000,-53106.046875,26.553024,-106212.093750,50714.562500,197765.000000,19969.097656,228510.468750,-2208397.250000,-1979886.750000
ml,worst,863,2026-08-21,1057.060547,10.000000,1949.201538,50.000000,-3.000000,-4.000000,389840.312500,194.920151,-292380.218750,1189.331543,50.000000,-3.000000,-4.000000,237866.312500,118.933144,-178399.734375,1044.628540,50.000000,-1.000000,1.000000,-52231.425781,26.115711,-52231.425781,-523011.375000,773240.250000,20309.066406,229919.812500,-2208397.250000,-1978477.500000
ml,worst,863,2026-08-22,1050.922119,10.000000,1949.201538,50.000000,-3.000000,0.000000,-0.000000,0.000000,-292380.218750,1189.331543,50.000000,-3.000000,0.000000,-0.000000,0.000000,-178399.734375,1050.016479,50.000000,-1.000000,0.000000,-0.000000,0.000000,-52500.824219,-523280.750000,773240.250000,20309.066406,229650.437500,-2208397.250000,-1978746.750000
ml,worst,863,2026-08-23,1054.488037,10.000000,1949.201538,50.000000,-3.000000,0.000000,-0.000000,0.000000,-292380.218750,1189.331543,50.000000,-3.000000,0.000000,-0.000000,0.000000,-178399.734375,1046.044312,50.000000,-1.000000,0.000000,-0.000000,0.000000,-52302.214844,-523082.156250,773240.250000,20309.066406,229849.031250,-2208397.250000,-1978548.250000
ml,worst,863,2026-08-24,1067.390259,10.000000,1949.201538,50.000000,-2.000000,1.000000,-97460.078125,48.730038,-194920.156250,1189.331543,50.000000,-2.000000,1.000000,-59466.578125,29.733286,-118933.156250,1064.358521,50.000000,0.000000,1.000000,-53217.925781,26.608961,0.000000,-313853.312500,563095.625000,20414.138672,228828.171875,-2208397.250000,-1979569.125000
ml,worst,863,2026-08-25,1069.373047,10.000000,1949.201538,50.000000,-1.000000,1.000000,-97460.078125,48.730038,-97460.078125,1189.331543,50.000000,-1.000000,1.000000,-59466.578125,29.733286,-59466.578125,1054.811646,50.000000,1.000000,1.000000,-52740.582031,26.370291,52740.582031,-104186.078125,353428.375000,20518.972656,228723.328125,-2208397.250000,-1979673.875000
ml,worst,863,2026-08-26,1063.156372,10.000000,1949.201538,50.000000,0.000000,1.000000,-97460.078125,48.730038,0.000000,1189.331543,50.000000,0.000000,1.000000,-59466.578125,29.733286,0.000000,1052.295898,50.000000,-3.000000,-4.000000,210459.187500,105.229599,-157844.390625,-157844.390625,406960.906250,20702.664062,228413.843750,-2208397.250000,-1979983.375000
ml,worst,863,2026-08-27,1078.375000,10.000000,1949.201538,50.000000,1.000000,1.000000,-97460.078125,48.730038,97460.078125,1189.331543,50.000000,1.000000,1.000000,-59466.578125,29.733286,59466.578125,1077.027222,50.000000,-2.000000,1.000000,-53851.359375,26.925680,-107702.718750,49223.937500,196182.875000,20808.054688,224598.750000,-2208397.250000,-1983798.500000
ml,worst,863,2026-08-28,1110.094482,10.000000,1949.201538,50.000000,-3.000000,-4.000000,389840.312500,194.920151,-292380.218750,1189.331543,50.000000,-3.000000,-4.000000,237866.312500,118.933144,-178399.734375,1117.788086,50.000000,-1.000000,1.000000,-55889.406250,27.944702,-55889.406250,-526669.375000,768000.125000,21149.851562,220180.906250,-2208397.250000,-1988216.375000
ml,worst,863,2026-08-29,1112.776123,10.000000,1949.201538,50.000000,-3.000000,0.000000,-0.000000,0.000000,-292380.218750,1189.331543,50.000000,-3.000000,0.000000,-0.000000,0.000000,-178399.734375,1145.922852,50.000000,-1.000000,0.000000,-0.000000,0.000000,-57296.140625,-528076.062500,768000.125000,21149.851562,218774.218750,-2208397.250000,-1989623.000000
ml,worst,863,2026-08-30,1134.732788,10.000000,1949.201538,50.000000,-3.000000,0.000000,-0.000000,0.000000,-292380.218750,1189.331543,50.000000,-3.000000,0.000000,-0.000000,0.000000,-178399.734375,1140.093506,50.000000,-1.000000,0.000000,-0.000000,0.000000,-57004.675781,-527784.625000,768000.125000,21149.851562,219065.656250,-2208397.250000,-1989331.625000
ml,worst,863,2026-08-31,1132.836304,10.000000,1949.201538,50.000000,0.000000,3.000000,-292380.218750,146.190109,0.000000,1189.331543,50.000000,-2.000000,1.000000,-59466.578125,29.733286,-118933.156250,1142.241333,50.000000,0.000000,1.000000,-57112.066406,28.556034,0.000000,-118933.156250,359041.250000,21354.330078,218753.765625,-2208397.250000,-1989643.500000
ml,worst,863,2026-09-01,1133.141479,10.000000,1949.201538,50.000000,1.000000,1.000000,-97460.078125,48.730038,97460.078125,1189.331543,50.000000,-1.000000,1.000000,-59466.578125,29.733286,-59466.578125,1159.959717,50.000000,1.000000,1.000000,-57997.984375,28.998993,57997.984375,95991.484375,144116.609375,21461.792969,218646.296875,-2208397.250000,-1989751.000000
ml,worst,863,2026-09-02,1142.251099,10.000000,1949.201538,50.000000,-3.000000,-4.000000,389840.312500,194.920151,-292380.218750,1189.331543,50.000000,0.000000,1.000000,-59466.578125,29.733286,0.000000,1145.056763,50.000000,-3.000000,-4.000000,229011.359375,114.505669,-171758.515625,-464138.750000,703501.687500,21800.953125,217561.984375,-2208397.250000,-1990835.250000
ml,worst,863,2026-09-03,1117.010010,10.000000,1949.201538,50.000000,0.000000,3.000000,-292380.218750,146.190109,0.000000,1189.331543,50.000000,1.000000,1.000000,-59466.578125,29.733286,59466.578125,1111.158569,50.000000,-2.000000,1.000000,-55557.929688,27.778965,-111115.859375,-51649.281250,296096.968750,22004.656250,222443.031250,-2208397.250000,-1985954.250000
ml,worst,863,2026-09-04,1109.012573,10.000000,1949.201538,50.000000,1.000000,1.000000,-97460.078125,48.730038,97460.078125,1189.331543,50.000000,-3.000000,-4.000000,237866.312500,118.933144,-178399.734375,1107.092407,50.000000,-1.000000,1.000000,-55354.621094,27.677309,-55354.621094,-136294.281250,381148.562500,22199.996094,222654.281250,-2208397.250000,-1985743.000000
ml,worst,863,2026-09-05,1118.726807,10.000000,1949.201538,50.000000,1.000000,0.000000,-0.000000,0.000000,97460.078125,1189.331543,50.000000,-3.000000,0.000000,-0.000000,0.000000,-178399.734375,1120.177368,50.000000,-1.000000,0.000000,-0.000000,0.000000,-56008.867188,-136948.531250,381148.562500,22199.996094,222000.031250,-2208397.250000,-1986397.250000
ml,worst,863,2026-09-06,1099.750000,10.000000,1949.201538,50.000000,1.000000,0.000000,-0.000000,0.000000,97460.078125,1189.331543,50.000000,-3.000000,0.000000,-0.000000,0.000000,-178399.734375,1112.019775,50.000000,-1.000000,0.000000,-0.000000,0.000000,-55600.988281,-136540.640625,381148.562500,22199.996094,222407.921875,-2208397.250000,-1985989.375000
ml,worst,863,2026-09-07,1097.438721,10.000000,1949.201538,50.000000,1.000000,0.000000,-0.000000,0.000000,97460.078125,1189.331543,50.000000,-3.000000,0.000000,-0.000000,0.000000,-178399.734375,1089.255127,50.000000,-1.000000,0.000000,-0.000000,0.000000,-54462.757812,-135402.406250,381148.562500,22199.996094,223546.156250,-2208397.250000,-1984851.125000
ml,worst,863,2026-09-08,1104.357544,10.000000,1949.201538,50.000000,-3.000000,-4.000000,389840.312500,194.920151,-292380.218750,1189.331543,50.000000,-2.000000,1.000000,-59466.578125,29.733286,-118933.156250,1103.584351,50.000000,0.000000,1.000000,-55179.218750,27.589609,0.000000,-411313.375000,656343.125000,22452.238281,222577.515625,-2208397.250000,-1985819.750000
ml,worst,863,2026-09-09,1109.612305,10.000000,1949.201538,50.000000,0.000000,3.000000,-292380.218750,146.190109,0.000000,1189.331543,50.000000,-1.000000,1.000000,-59466.578125,29.733286,-59466.578125,1128.164795,50.000000,1.000000,1.000000,-56408.238281,28.204119,56408.238281,-3058.339844,248088.062500,22656.367188,222373.343750,-2208397.250000,-1986023.875000
ml,worst,863,2026-09-10,1116.771973,10.000000,1949.201538,50.000000,1.000000,1.000000,-97460.078125,48.730038,97460.078125,1189.331543,50.000000,0.000000,1.000000,-59466.578125,29.733286,0.000000,1127.193481,50.000000,-3.000000,-4.000000,225438.703125,112.719345,-169079.031250,-71618.953125,316600.093750,22847.548828,222133.593750,-2208397.250000,-1986263.625000
ml,worst,863,2026-09-11,1114.964355,10.000000,1949.201538,50.000000,-3.000000,-4.000000,389840.312500,194.920151,-292380.218750,1189.331543,50.000000,1.000000,1.000000,-59466.578125,29.733286,59466.578125,1133.994751,50.000000,-2.000000,1.000000,-56699.738281,28.349869,-113399.476562,-346313.125000,590274.125000,23100.550781,220860.453125,-2208397.250000,-1987536.750000
ml,worst,863,2026-09-12,1131.720215,10.000000,1949.201538,50.000000,-3.000000,0.000000,-0.000000,0.000000,-292380.218750,1189.331543,50.000000,1.000000,0.000000,-0.000000,0.000000,59466.578125,1149.445923,50.000000,-2.000000,0.000000,-0.000000,0.000000,-114944.593750,-347858.250000,590274.125000,23100.550781,219315.328125,-2208397.250000,-1989081.875000
ml,worst,863,2026-09-13,1136.070068,10.000000,1949.201538,50.000000,-3.000000,0.000000,-0.000000,0.000000,-292380.218750,1189.331543,50.000000,1.000000,0.000000,-0.000000,0.000000,59466.578125,1160.607056,50.000000,-2.000000,0.000000,-0.000000,0.000000,-116060.703125,-348974.343750,590274.125000,23100.550781,218199.234375,-2208397.250000,-1990198.000000
ml,worst,863,2026-09-14,1136.934448,10.000000,1949.201538,50.000000,0.000000,3.000000,-292380.218750,146.190109,0.000000,1189.331543,50.000000,-3.000000,-4.000000,237866.312500,118.933144,-178399.734375,1150.223267,50.000000,-1.000000,1.000000,-57511.164062,28.755581,-57511.164062,-235910.906250,478249.062500,23394.429688,218943.718750,-2208397.250000,-1989453.500000
ml,worst,863,2026-09-15,1127.445679,10.000000,1949.201538,50.000000,1.000000,1.000000,-97460.078125,48.730038,97460.078125,1189.331543,50.000000,-2.000000,1.000000,-59466.578125,29.733286,-118933.156250,1137.090576,50.000000,0.000000,1.000000,-56854.527344,28.427261,0.000000,-21473.078125,264467.875000,23501.322266,219493.468750,-2208397.250000,-1988903.750000
ml,worst,863,2026-09-16,1169.211548,10.000000,1949.201538,50.000000,-3.000000,-4.000000,389840.312500,194.920151,-292380.218750,1189.331543,50.000000,-1.000000,1.000000,-59466.578125,29.733286,-59466.578125,1188.027710,50.000000,1.000000,1.000000,-59401.386719,29.700693,59401.386719,-292445.437500,535440.187500,23755.675781,219239.078125,-2208397.250000,-1989158.125000
ml,worst,863,2026-09-17,1160.234985,10.000000,1949.201538,50.000000,0.000000,3.000000,-292380.218750,146.190109,0.000000,1189.331543,50.000000,0.000000,1.000000,-59466.578125,29.733286,0.000000,1175.192261,50.000000,-3.000000,-4.000000,235038.453125,117.519218,-176278.828125,-176278.828125,418631.875000,24049.117188,218303.937500,-2208397.250000,-1990093.250000
ml,worst,863,2026-09-18,1166.397339,10.000000,1949.201538,50.000000,1.000000,1.000000,-97460.078125,48.730038,97460.078125,1189.331543,50.000000,1.000000,1.000000,-59466.578125,29.733286,59466.578125,1183.965332,50.000000,-2.000000,1.000000,-59198.265625,29.599131,-118396.531250,38530.125000,202506.937500,24157.179688,216879.875000,-2208397.250000,-1991517.375000
ml,worst,863,2026-09-19,1173.151123,10.000000,1949.201538,50.000000,1.000000,0.000000,-0.000000,0.000000,97460.078125,1189.331543,50.000000,1.000000,0.000000,-0.000000,0.000000,59466.578125,1173.569092,50.000000,-2.000000,0.000000,-0.000000,0.000000,-117356.906250,39569.750000,202506.937500,24157.179688,217919.500000,-2208397.250000,-1990477.750000
ml,worst,863,2026-09-20,1181.884277,10.000000,1949.201538,50.000000,1.000000,0.000000,-0.000000,0.000000,97460.078125,1189.331543,50.000000,1.000000,0.000000,-0.000000,0.000000,59466.578125,1167.418457,50.000000,-2.000000,0.000000,-0.000000,0.000000,-116741.843750,40184.812500,202506.937500,24157.179688,218534.562500,-2208397.250000,-1989862.750000
ml,worst,863,2026-09-21,1181.299561,10.000000,1949.201538,50.000000,-3.000000,-4.000000,389840.312500,194.920151,-292380.218750,1189.331543,50.000000,-3.000000,-4.000000,237866.312500,118.933144,-178399.734375,1189.238647,50.000000,-1.000000,1.000000,-59461.933594,29.730965,-59461.933594,-530241.875000,770751.625000,24500.765625,216008.984375,-2208397.250000,-1992388.250000
ml,worst,863,2026-09-22,1198.536133,10.000000,1949.201538,50.000000,0.000000,3.000000,-292380.218750,146.190109,0.000000,1189.331543,50.000000,-2.000000,1.000000,-59466.578125,29.733286,-118933.156250,1211.666382,50.000000,0.000000,1.000000,-60583.320312,30.291658,0.000000,-118933.156250,358321.500000,24706.980469,214681.359375,-2208397.250000,-1993715.875000
ml,worst,863,2026-09-23,1182.720947,10.000000,1949.201538,50.000000,1.000000,1.000000,-97460.078125,48.730038,97460.078125,1189.331543,50.000000,-1.000000,1.000000,-59466.578125,29.733286,-59466.578125,1190.936401,50.000000,1.000000,1.000000,-59546.820312,29.773409,59546.820312,97540.320312,141848.031250,24815.218750,214573.125000,-2208397.250000,-1993824.125000
ml,worst,863,2026-09-24,1144.266479,10.000000,1949.201538,50.000000,-3.000000,-4.000000,389840.312500,194.920151,-292380.218750,1189.331543,50.000000,0.000000,1.000000,-59466.578125,29.733286,0.000000,1143.153320,50.000000,-3.000000,-4.000000,228630.656250,114.315323,-171473.000000,-463853.218750,700852.375000,25154.185547,211844.968750,-2208397.250000,-1996552.250000
ml,worst,863,2026-09-25,1138.730347,10.000000,1949.201538,50.000000,0.000000,3.000000,-292380.218750,146.190109,0.000000,1189.331543,50.000000,1.000000,1.000000,-59466.578125,29.733286,59466.578125,1130.125732,50.000000,-2.000000,1.000000,-56506.285156,28.253143,-113012.570312,-53545.992188,292499.343750,25358.363281,213594.984375,-2208397.250000,-1994802.250000
ml,worst,863,2026-09-26,1125.178833,10.000000,1949.201538,50.000000,0.000000,0.000000,-0.000000,0.000000,0.000000,1189.331543,50.000000,1.000000,0.000000,-0.000000,0.000000,59466.578125,1106.963135,50.000000,-2.000000,0.000000,-0.000000,0.000000,-110696.312500,-51229.734375,292499.343750,25358.363281,215911.250000,-2208397.250000,-1992486.000000
ml,worst,863,2026-09-27,1123.385620,10.000000,1949.201538,50.000000,0.000000,0.000000,-0.000000,0.000000,0.000000,1189.331543,50.000000,1.000000,0.000000,-0.000000,0.000000,59466.578125,1108.122559,50.000000,-2.000000,0.000000,-0.000000,0.000000,-110812.257812,-51345.679688,292499.343750,25358.363281,215795.296875,-2208397.250000,-1992602.000000
ml,worst,863,2026-09-28,1119.980103,10.000000,1949.201538,50.000000,1.000000,1.000000,-97460.078125,48.730038,97460.078125,1189.331543,50.000000,-3.000000,-4.000000,237866.312500,118.933144,-178399.734375,1037.504150,50.000000,-1.000000,1.000000,-51875.207031,25.937603,-51875.207031,-132814.859375,381030.375000,25551.962891,222663.546875,-2208397.250000,-1985733.750000
ml,worst,863,2026-09-29,1112.503418,10.000000,1949.201538,50.000000,-3.000000,-4.000000,389840.312500,194.920151,-292380.218750,1189.331543,50.000000,-2.000000,1.000000,-59466.578125,29.733286,-118933.156250,1076.541992,50.000000,0.000000,1.000000,-53827.101562,26.913549,0.000000,-411313.375000,657577.000000,25803.527344,220460.093750,-2208397.250000,-1987937.125000
ml,worst,863,2026-09-30,1104.010010,10.000000,1949.201538,50.000000,0.000000,3.000000,-292380.218750,146.190109,0.000000,1189.331543,50.000000,-1.000000,1.000000,-59466.578125,29.733286,-59466.578125,1084.425293,50.000000,1.000000,1.000000,-54221.265625,27.110630,54221.265625,-5245.312500,251508.953125,26006.564453,220257.078125,-2208397.250000,-1988140.125000
ml,worst,863,2026-10-01,1098.295166,10.000000,1949.201538,50.000000,1.000000,1.000000,-97460.078125,48.730038,97460.078125,1189.331543,50.000000,0.000000,1.000000,-59466.578125,29.733286,0.000000,1087.563843,50.000000,-3.000000,-4.000000,217512.765625,108.756386,-163134.562500,-65674.484375,312095.062500,26193.785156,220226.796875,-2208397.250000,-1988170.500000
ml,worst,863,2026-10-02,1102.514893,10.000000,1949.201538,50.000000,-3.000000,-4.000000,389840.312500,194.920151,-292380.218750,1189.331543,50.000000,1.000000,1.000000,-59466.578125,29.733286,59466.578125,1105.451782,50.000000,-2.000000,1.000000,-55272.589844,27.636293,-110545.179688,-343458.812500,587196.187500,26446.074219,217291.296875,-2208397.250000,-1991106.000000
ml,worst,863,2026-10-03,1095.625488,10.000000,1949.201538,50.000000,-3.000000,0.000000,-0.000000,0.000000,-292380.218750,1189.331543,50.000000,1.000000,0.000000,-0.000000,0.000000,59466.578125,1087.226318,50.000000,-2.000000,0.000000,-0.000000,0.000000,-108722.632812,-341636.281250,587196.187500,26446.074219,219113.828125,-2208397.250000,-1989283.375000
ml,worst,863,2026-10-04,1085.709839,10.000000,1949.201538,50.000000,-3.000000,0.000000,-0.000000,0.000000,-292380.218750,1189.331543,50.000000,1.000000,0.000000,-0.000000,0.000000,59466.578125,1075.515869,50.000000,-2.000000,0.000000,-0.000000,0.000000,-107551.585938,-340465.218750,587196.187500,26446.074219,220284.890625,-2208397.250000,-1988112.375000
ml,worst,863,2026-10-05,1094.690186,10.000000,1949.201538,50.000000,0.000000,3.000000,-292380.218750,146.190109,0.000000,1189.331543,50.000000,-3.000000,-4.000000,237866.312500,118.933144,-178399.734375,1088.129517,50.000000,-1.000000,1.000000,-54406.476562,27.203238,-54406.476562,-232806.218750,478275.812500,26738.398438,218731.187500,-2208397.250000,-1989666.000000
ml,worst,863,2026-10-06,1081.824097,10.000000,1949.201538,50.000000,1.000000,1.000000,-97460.078125,48.730038,97460.078125,1189.331543,50.000000,-2.000000,1.000000,-59466.578125,29.733286,-118933.156250,1095.982910,50.000000,0.000000,1.000000,-54799.144531,27.399570,0.000000,-21473.078125,266550.000000,26844.263672,218232.656250,-2208397.250000,-1990164.625000
ml,worst,863,2026-10-07,1087.963745,10.000000,1949.201538,50.000000,-3.000000,-4.000000,389840.312500,194.920151,-292380.218750,1189.331543,50.000000,-1.000000,1.000000,-59466.578125,29.733286,-59466.578125,1109.386841,50.000000,1.000000,1.000000,-55469.343750,27.734671,55469.343750,-296377.468750,541454.437500,27096.650391,217980.312500,-2208397.250000,-1990417.000000
ml,worst,863,2026-10-08,1096.830811,10.000000,1949.201538,50.000000,0.000000,3.000000,-292380.218750,146.190109,0.000000,1189.331543,50.000000,0.000000,1.000000,-59466.578125,29.733286,0.000000,1123.357056,50.000000,-3.000000,-4.000000,224671.406250,112.335693,-168503.562500,-168503.562500,414279.000000,27384.910156,218390.531250,-2208397.250000,-1990006.750000
ml,worst,863,2026-10-09,1101.320557,10.000000,1949.201538,50.000000,1.000000,1.000000,-97460.078125,48.730038,97460.078125,1189.331543,50.000000,1.000000,1.000000,-59466.578125,29.733286,59466.578125,1119.069458,50.000000,-2.000000,1.000000,-55953.472656,27.976736,-111906.945312,45019.710938,201398.875000,27491.349609,218927.250000,-2208397.250000,-1989470.000000
ml,worst,863,2026-10-10,1093.516846,10.000000,1949.201538,50.000000,1.000000,0.000000,-0.000000,0.000000,97460.078125,1189.331543,50.000000,1.000000,0.000000,-0.000000,0.000000,59466.578125,1087.675537,50.000000,-2.000000,0.000000,-0.000000,0.000000,-108767.554688,48159.101562,201398.875000,27491.349609,222066.625000,-2208397.250000,-1986330.625000
ml,worst,863,2026-10-11,1108.749146,10.000000,1949.201538,50.000000,1.000000,0.000000,-0.000000,0.000000,97460.078125,1189.331543,50.000000,1.000000,0.000000,-0.000000,0.000000,59466.578125,1089.785034,50.000000,-2.000000,0.000000,-0.000000,0.000000,-108978.500000,47948.156250,201398.875000,27491.349609,221855.687500,-2208397.250000,-1986541.500000
ml,worst,863,2026-10-12,1102.813599,10.000000,1949.201538,50.000000,1.000000,0.000000,-0.000000,0.000000,97460.078125,1189.331543,50.000000,1.000000,0.000000,-0.000000,0.000000,59466.578125,1086.879883,50.000000,-2.000000,0.000000,-0.000000,0.000000,-108687.984375,48238.671875,201398.875000,27491.349609,222146.203125,-2208397.250000,-1986251.000000
ml,worst,863,2026-10-13,1107.770996,10.000000,1949.201538,50.000000,-3.000000,-4.000000,389840.312500,194.920151,-292380.218750,1189.331543,50.000000,-3.000000,-4.000000,237866.312500,118.933144,-178399.734375,1081.596680,50.000000,-1.000000,1.000000,-54079.835938,27.039919,-54079.835938,-524859.750000,775025.625000,27832.242188,222333.625000,-2208397.250000,-1986063.625000
ml,worst,863,2026-10-14,1135.667114,10.000000,1949.201538,50.000000,0.000000,3.000000,-292380.218750,146.190109,0.000000,1189.331543,50.000000,-2.000000,1.000000,-59466.578125,29.733286,-118933.156250,1151.328369,50.000000,0.000000,1.000000,-57566.417969,28.783209,0.000000,-118933.156250,365612.468750,28036.949219,218642.359375,-2208397.250000,-1989754.875000
ml,worst,863,2026-10-15,1123.557495,10.000000,1949.201538,50.000000,1.000000,1.000000,-97460.078125,48.730038,97460.078125,1189.331543,50.000000,-1.000000,1.000000,-59466.578125,29.733286,-59466.578125,1123.387817,50.000000,1.000000,1.000000,-56169.390625,28.084694,56169.390625,94162.890625,152516.406250,28143.498047,218535.796875,-2208397.250000,-1989861.500000
ml,worst,863,2026-10-16,1123.160522,10.000000,1949.201538,50.000000,-3.000000,-4.000000,389840.312500,194.920151,-292380.218750,1189.331543,50.000000,0.000000,1.000000,-59466.578125,29.733286,0.000000,1121.463501,50.000000,-3.000000,-4.000000,224292.703125,112.146347,-168219.531250,-460599.750000,707182.875000,28480.298828,218102.828125,-2208397.250000,-1990294.375000
ml,worst,863,2026-10-17,1131.509277,10.000000,1949.201538,50.000000,-3.000000,0.000000,-0.000000,0.000000,-292380.218750,1189.331543,50.000000,0.000000,0.000000,-0.000000,0.000000,0.000000,1140.408936,50.000000,-3.000000,0.000000,-0.000000,0.000000,-171061.343750,-463441.562500,707182.875000,28480.298828,215261.015625,-2208397.250000,-1993136.250000
ml,worst,863,2026-10-18,1134.997437,10.000000,1949.201538,50.000000,-3.000000,0.000000,-0.000000,0.000000,-292380.218750,1189.331543,50.000000,0.000000,0.000000,-0.000000,0.000000,0.000000,1159.087036,50.000000,-3.000000,0.000000,-0.000000,0.000000,-173863.062500,-466243.281250,707182.875000,28480.298828,212459.296875,-2208397.250000,-1995938.000000
ml,worst,863,2026-10-19,1125.080078,10.000000,1949.201538,50.000000,0.000000,3.000000,-292380.218750,146.190109,0.000000,1189.331543,50.000000,1.000000,1.000000,-59466.578125,29.733286,59466.578125,1133.814453,50.000000,-2.000000,1.000000,-56690.722656,28.345362,-113381.445312,-53914.867188,298645.343750,28684.566406,216045.906250,-2208397.250000,-1992351.375000
ml,worst,863,2026-10-20,1134.555908,10.000000,1949.201538,50.000000,1.000000,1.000000,-97460.078125,48.730038,97460.078125,1189.331543,50.000000,-3.000000,-4.000000,237866.312500,118.933144,-178399.734375,1140.786011,50.000000,-1.000000,1.000000,-57039.300781,28.519650,-57039.300781,-137978.953125,382012.250000,28880.750000,215152.546875,-2208397.250000,-1993244.750000
ml,worst,863,2026-10-21,1126.011230,10.000000,1949.201538,50.000000,-3.000000,-4.000000,389840.312500,194.920151,-292380.218750,1189.331543,50.000000,-2.000000,1.000000,-59466.578125,29.733286,-118933.156250,1123.648315,50.000000,0.000000,1.000000,-56182.414062,28.091206,0.000000,-411313.375000,656203.562500,29133.492188,215756.687500,-2208397.250000,-1992640.500000
ml,worst,863,2026-10-22,1121.261475,10.000000,1949.201538,50.000000,0.000000,3.000000,-292380.218750,146.190109,0.000000,1189.331543,50.000000,-1.000000,1.000000,-59466.578125,29.733286,-59466.578125,1117.066284,50.000000,1.000000,1.000000,-55853.312500,27.926655,55853.312500,-3613.265625,248503.468750,29337.343750,215552.859375,-2208397.250000,-1992844.375000
ml,worst,863,2026-10-23,1108.778809,10.000000,1949.201538,50.000000,1.000000,1.000000,-97460.078125,48.730038,97460.078125,1189.331543,50.000000,0.000000,1.000000,-59466.578125,29.733286,0.000000,1099.938965,50.000000,-3.000000,-4.000000,219987.796875,109.993896,-164990.843750,-67530.765625,311564.593750,29525.800781,214508.031250,-2208397.250000,-1993889.250000
ml,worst,863,2026-10-24,1095.243042,10.000000,1949.201538,50.000000,1.000000,0.000000,-0.000000,0.000000,97460.078125,1189.331543,50.000000,0.000000,0.000000,-0.000000,0.000000,0.000000,1081.843018,50.000000,-3.000000,0.000000,-0.000000,0.000000,-162276.453125,-64816.375000,311564.593750,29525.800781,217222.421875,-2208397.250000,-1991174.875000
ml,worst,863,2026-10-25,1094.570068,10.000000,1949.201538,50.000000,1.000000,0.000000,-0.000000,0.000000,97460.078125,1189.331543,50.000000,0.000000,0.000000,-0.000000,0.000000,0.000000,1080.067139,50.000000,-3.000000,0.000000,-0.000000,0.000000,-162010.078125,-64550.000000,311564.593750,29525.800781,217488.796875,-2208397.250000,-1990908.500000
ml,worst,863,2026-10-26,1085.649292,10.000000,1949.201538,50.000000,-3.000000,-4.000000,389840.312500,194.920151,-292380.218750,1189.331543,50.000000,1.000000,1.000000,-59466.578125,29.733286,59466.578125,1072.971436,50.000000,-2.000000,1.000000,-53648.570312,26.824284,-107297.140625,-340210.781250,588289.750000,29777.279297,218301.687500,-2208397.250000,-1990095.500000
ml,worst,863,2026-10-27,1090.522217,10.000000,1949.201538,50.000000,0.000000,3.000000,-292380.218750,146.190109,0.000000,1189.331543,50.000000,-3.000000,-4.000000,237866.312500,118.933144,-178399.734375,1081.967773,50.000000,-1.000000,1.000000,-54098.390625,27.049192,-54098.390625,-232498.125000,479677.500000,30069.451172,217109.921875,-2208397.250000,-1991287.375000
ml,worst,863,2026-10-28,1094.882324,10.000000,1949.201538,50.000000,1.000000,1.000000,-97460.078125,48.730038,97460.078125,1189.331543,50.000000,-2.000000,1.000000,-59466.578125,29.733286,-118933.156250,1072.123291,50.000000,0.000000,1.000000,-53606.164062,26.803082,0.000000,-21473.078125,269144.687500,30174.716797,217496.890625,-2208397.250000,-1990900.375000
ml,worst,863,2026-10-29,1110.321655,10.000000,1949.201538,50.000000,0.000000,-1.000000,97460.078125,48.730038,0.000000,1189.331543,50.000000,0.000000,2.000000,-118933.156250,59.466572,0.000000,1086.795898,50.000000,0.000000,0.000000,-0.000000,0.000000,0.000000,0.000000,247671.578125,30282.914062,217388.656250,-2208397.250000,-1991008.625000
ml,worst,863,2026-10-30,1108.412476,10.000000,1949.201538,50.000000,0.000000,0.000000,-0.000000,0.000000,0.000000,1189.331543,50.000000,0.000000,0.000000,-0.000000,0.000000,0.000000,1086.795898,50.000000,0.000000,0.000000,-0.000000,0.000000,0.000000,0.000000,247671.578125,30282.914062,217388.656250,-2208397.250000,-1991008.625000
ml,p5,70,2026-04-10,2055.000244,10.000000,2026.171509,50.000000,-4.000000,-4.000000,405234.312500,202.617142,-405234.312500,2047.068848,50.000000,-4.000000,-4.000000,409413.781250,204.706879,-409413.781250,2070.749756,50.000000,-4.000000,-4.000000,414149.937500,207.074966,-414149.937500,-1228798.000000,1228798.000000,614.398987,-614.398987,4854.181641,4239.782715
ml,p5,70,2026-04-11,2058.805908,10.000000,2048.063477,50.000000,-4.000000,0.000000,-0.000000,0.000000,-409612.687500,2066.790527,50.000000,-4.000000,0.000000,-0.000000,0.000000,-413358.093750,2089.694824,50.000000,-4.000000,0.000000,-0.000000,0.000000,-417938.968750,-1240909.750000,1228798.000000,614.398987,-12726.149414,13793.176758,1067.027344
ml,p5,70,2026-04-12,2029.825317,10.000000,2029.748657,50.000000,-4.000000,0.000000,-0.000000,0.000000,-405949.718750,2047.755615,50.000000,-4.000000,0.000000,-0.000000,0.000000,-409551.125000,2069.984863,50.000000,-4.000000,0.000000,-0.000000,0.000000,-413996.968750,-1229497.875000,1228798.000000,614.398987,-1314.273926,-59282.570312,-60596.843750
ml,p5,70,2026-04-13,2067.947021,10.000000,2089.781982,50.000000,-3.000000,1.000000,-104489.101562,52.244549,-313467.281250,2110.664551,50.000000,-3.000000,1.000000,-105533.226562,52.766613,-316599.687500,2134.481689,50.000000,-3.000000,1.000000,-106724.085938,53.362041,-320172.250000,-950239.250000,912051.625000,772.772217,-38960.398438,24376.220703,-14584.177734
ml,p5,70,2026-04-14,2081.606934,10.000000,2088.898193,50.000000,-2.000000,1.000000,-104444.906250,52.222450,-208889.812500,2107.409424,50.000000,-2.000000,1.000000,-105370.468750,52.685238,-210740.937500,2129.148926,50.000000,-2.000000,1.000000,-106457.445312,53.228725,-212914.890625,-632545.625000,595778.812500,930.908569,-37697.722656,62221.738281,24524.015625
ml,p5,70,2026-04-15,2049.688232,10.000000,2034.856079,50.000000,-1.000000,1.000000,-101742.804688,50.871403,-101742.804688,2052.718018,50.000000,-1.000000,1.000000,-102635.898438,51.317947,-102635.898438,2074.447510,50.000000,-1.000000,1.000000,-103722.375000,51.861187,-103722.375000,-308101.062500,287677.718750,1084.959229,-21508.302734,-4274.059082,-25782.361328
ml,p5,70,2026-04-16,2038.887451,10.000000,2034.733643,50.000000,0.000000,1.000000,-101736.679688,50.868340,0.000000,2052.593750,50.000000,0.000000,1.000000,-102629.687500,51.314842,0.000000,2073.392334,50.000000,0.000000,1.000000,-103669.617188,51.834808,0.000000,0.000000,-20358.265625,1238.977051,-21597.242188,-24447.904297,-46045.148438
ml,p5,70,2026-04-17,2049.143799,10.000000,2078.689941,50.000000,1.000000,1.000000,-103934.500000,51.967247,103934.500000,2098.020264,50.000000,1.000000,1.000000,-104901.015625,52.450504,104901.015625,2120.514404,50.000000,1.000000,1.000000,-106025.718750,53.012859,106025.718750,314861.250000,-335219.500000,1396.407715,-21754.658203,4963.263184,-16791.394531
ml,p5,70,2026-04-18,1995.362183,10.000000,2035.673950,50.000000,1.000000,0.000000,-0.000000,0.000000,101783.695312,2054.447998,50.000000,1.000000,0.000000,-0.000000,0.000000,102722.398438,2076.822266,50.000000,1.000000,0.000000,-0.000000,0.000000,103841.109375,308347.187500,-335219.500000,1396.407715,-28268.720703,-123507.835938,-151776.562500
ml,p5,70,2026-04-19,2008.111328,10.000000,2025.640503,50.000000,1.000000,0.000000,-0.000000,0.000000,101282.023438,2044.462402,50.000000,1.000000,0.000000,-0.000000,0.000000,102223.117188,2066.397949,50.000000,1.000000,0.000000,-0.000000,0.000000,103319.898438,306825.031250,-335219.500000,1396.407715,-29790.876953,-87122.351562,-116913.226562
ml,p5,70,2026-04-20,1962.520630,10.000000,1952.547241,50.000000,-24.000000,-25.000000,2440684.000000,1220.341919,-2343056.750000,1969.527954,50.000000,-24.000000,-25.000000,2461910.000000,1230.954956,-2363433.500000,1989.919922,50.000000,-24.000000,-25.000000,2487400.000000,1243.699951,-2387904.000000,-7094394.000000,7054775.000000,5091.404785,-44710.406250,-192206.437500,-236916.843750
ml,p5,70,2026-04-21,1982.077515,10.000000,1984.297607,50.000000,-9.000000,15.000000,-1488223.250000,744.111633,-892933.875000,2000.373413,50.000000,-21.000000,3.000000,-300056.000000,150.028000,-2100392.000000,2020.795776,50.000000,-21.000000,3.000000,-303119.375000,151.559677,-2121835.500000,-5115161.500000,4963376.000000,6137.104004,-157922.609375,-144056.500000,-301979.125000
ml,p5,70,2026-04-22,1976.210449,10.000000,2026.787231,50.000000,-8.000000,1.000000,-101339.359375,50.669682,-810714.875000,2042.282959,50.000000,-18.000000,3.000000,-306342.437500,153.171234,-1838054.750000,2061.103760,50.000000,-20.000000,1.000000,-103055.187500,51.527592,-2061103.750000,-4709873.000000,4452639.000000,6392.472656,-263626.468750,-157265.640625,-420892.125000
ml,p5,70,2026-04-23,1984.796631,10.000000,2008.738770,50.000000,-7.000000,1.000000,-100436.937500,50.218468,-703058.625000,2024.213989,50.000000,-17.000000,1.000000,-101210.703125,50.605350,-1720581.875000,2043.394531,50.000000,-19.000000,1.000000,-102169.726562,51.084862,-1941224.750000,-4364865.000000,4148821.500000,6544.380859,-222587.875000,-133559.265625,-356147.125000
ml,p5,70,2026-04-24,1965.501709,10.000000,1960.675171,50.000000,-6.000000,1.000000,-98033.757812,49.016876,-588202.562500,1976.452148,50.000000,-16.000000,1.000000,-98822.609375,49.411304,-1581161.750000,1994.629883,50.000000,-18.000000,1.000000,-99731.492188,49.865746,-1795166.750000,-3964531.000000,3852233.500000,6692.674805,-118990.171875,-176766.984375,-295757.156250
ml,p5,70,2026-04-25,1924.434570,10.000000,1927.600586,50.000000,-6.000000,0.000000,-0.000000,0.000000,-578280.187500,1944.815674,50.000000,-16.000000,0.000000,-0.000000,0.000000,-1555852.500000,1963.248291,50.000000,-18.000000,0.000000,-0.000000,0.000000,-1766923.500000,-3901056.250000,3852233.500000,6692.674805,-55515.425781,-275632.906250,-331148.343750
ml,p5,70,2026-04-26,1977.804443,10.000000,1975.798828,50.000000,-6.000000,0.000000,-0.000000,0.000000,-592739.625000,1992.202271,50.000000,-16.000000,0.000000,-0.000000,0.000000,-1593761.875000,2011.116699,50.000000,-18.000000,0.000000,-0.000000,0.000000,-1810005.125000,-3996506.500000,3852233.500000,6692.674805,-150965.671875,-137251.953125,-288217.625000
ml,p5,70,2026-04-27,1959.019287,10.000000,1955.322388,50.000000,-5.000000,1.000000,-97766.117188,48.883057,-488830.625000,1971.718018,50.000000,-15.000000,1.000000,-98585.898438,49.292950,-1478788.500000,1989.355957,50.000000,-17.000000,1.000000,-99467.796875,49.733898,-1690952.500000,-3658571.500000,3556414.000000,6840.584473,-108998.085938,-178754.359375,-287752.437500
ml,p5,70,2026-04-28,1962.907227,10.000000,1954.229004,50.000000,-4.000000,1.000000,-97711.453125,48.855724,-390845.812500,1970.645142,50.000000,-14.000000,1.000000,-98532.257812,49.266129,-1379451.500000,1986.770264,50.000000,-16.000000,1.000000,-99338.515625,49.669254,-1589416.250000,-3359713.500000,3260831.500000,6988.375977,-105870.375000,-165324.953125,-271195.312500
ml,p5,70,2026-04-29,1987.058838,10.000000,1982.511597,50.000000,-3.000000,1.000000,-99125.578125,49.562786,-297376.718750,1999.429077,50.000000,-13.000000,1.000000,-99971.453125,49.985725,-1299628.875000,2016.376343,50.000000,-15.000000,1.000000,-100818.820312,50.409409,-1512282.250000,-3109288.000000,2960915.750000,7138.333984,-155510.578125,-102700.539062,-258211.125000
ml,p5,70,2026-04-30,2061.457031,10.000000,1982.511597,50.000000,-2.000000,1.000000,-99125.578125,49.562786,-198251.156250,2082.969727,50.000000,-12.000000,1.000000,-104148.484375,52.074242,-1249781.875000,2100.801025,50.000000,-14.000000,1.000000,-105040.054688,52.520023,-1470560.750000,-2918593.750000,2652601.500000,7292.491211,-273284.750000,86954.812500,-186329.937500
ml,p5,70,2026-05-01,2044.758423,10.000000,1982.511597,50.000000,-1.000000,1.000000,-99125.578125,49.562786,-99125.578125,2059.465820,50.000000,-11.000000,1.000000,-102973.289062,51.486641,-1132706.250000,2075.605469,50.000000,-13.000000,1.000000,-103780.273438,51.890137,-1349143.500000,-2580975.500000,2346722.500000,7445.430664,-241698.437500,46235.429688,-195463.000000
ml,p5,70,2026-05-02,2063.494873,10.000000,1982.511597,50.000000,-1.000000,0.000000,-0.000000,0.000000,-99125.578125,2082.676514,50.000000,-11.000000,0.000000,-0.000000,0.000000,-1145472.125000,2099.038574,50.000000,-13.000000,0.000000,-0.000000,0.000000,-1364375.125000,-2608973.000000,2346722.500000,7445.430664,-269695.937500,85051.453125,-184644.484375
ml,p5,70,2026-05-03,2036.115601,10.000000,1982.511597,50.000000,-1.000000,0.000000,-0.000000,0.000000,-99125.578125,2077.488770,50.000000,-11.000000,0.000000,-0.000000,0.000000,-1142618.875000,2094.621826,50.000000,-13.000000,0.000000,-0.000000,0.000000,-1361504.250000,-2603248.750000,2346722.500000,7445.430664,-263971.687500,16893.091797,-247078.593750
ml,p5,70,2026-05-04,2062.258545,10.000000,1982.511597,50.000000,0.000000,1.000000,-99125.578125,49.562786,0.000000,2091.159912,50.000000,-10.000000,1.000000,-104557.992188,52.278996,-1045580.000000,2109.352539,50.000000,-12.000000,1.000000,-105467.625000,52.733810,-1265611.500000,-2311191.500000,2037571.375000,7600.006348,-281220.125000,77302.835938,-203917.281250
ml,p5,70,2026-05-05,2026.632690,10.000000,1982.511597,50.000000,1.000000,1.000000,-99125.578125,49.562786,99125.578125,2047.584473,50.000000,-9.000000,1.000000,-102379.226562,51.189610,-921413.000000,2065.308838,50.000000,-11.000000,1.000000,-103265.445312,51.632721,-1135919.875000,-1958207.250000,1732801.000000,7752.391113,-233158.640625,-9209.952148,-242368.593750
ml,p5,70,2026-05-06,2019.611694,10.000000,1982.511597,50.000000,-3.000000,-4.000000,396502.312500,198.251144,-297376.718750,2000.356567,50.000000,-8.000000,1.000000,-100017.828125,50.008911,-800142.625000,2018.292114,50.000000,-10.000000,1.000000,-100914.609375,50.457306,-1009146.125000,-2106665.500000,1928371.000000,8051.108398,-186345.609375,-30704.035156,-217049.640625
ml,p5,70,2026-05-07,2022.539429,10.000000,1982.511597,50.000000,-2.000000,1.000000,-99125.578125,49.562786,-198251.156250,2033.158813,50.000000,-7.000000,1.000000,-101657.937500,50.828968,-711605.562500,2051.158936,50.000000,-9.000000,1.000000,-102557.945312,51.278969,-923021.500000,-1832878.250000,1625029.500000,8202.779297,-216051.531250,-23041.921875,-239093.453125
ml,p5,70,2026-05-08,2029.832031,10.000000,1982.511597,50.000000,-1.000000,1.000000,-99125.578125,49.562786,-99125.578125,2046.787476,50.000000,-6.000000,1.000000,-102339.375000,51.169685,-614036.250000,2065.205322,50.000000,-8.000000,1.000000,-103260.265625,51.630131,-826082.125000,-1539244.000000,1320304.250000,8355.141602,-227294.890625,-3520.101807,-230815.000000
ml,p5,70,2026-05-09,2005.773438,10.000000,1982.511597,50.000000,-1.000000,0.000000,-0.000000,0.000000,-99125.578125,2036.188110,50.000000,-6.000000,0.000000,-0.000000,0.000000,-610856.437500,2054.903320,50.000000,-8.000000,0.000000,-0.000000,0.000000,-821961.312500,-1531943.250000,1320304.250000,8355.141602,-219994.140625,-66551.960938,-286546.093750
ml,p5,70,2026-05-10,2030.327637,10.000000,1982.511597,50.000000,-1.000000,0.000000,-0.000000,0.000000,-99125.578125,2044.933472,50.000000,-6.000000,0.000000,-0.000000,0.000000,-613480.000000,2063.831299,50.000000,-8.000000,0.000000,-0.000000,0.000000,-825532.500000,-1538138.000000,1320304.250000,8355.141602,-226188.890625,-4715.653320,-230904.546875
ml,p5,70,2026-05-11,2009.922729,10.000000,1982.511597,50.000000,0.000000,1.000000,-99125.578125,49.562786,0.000000,2024.567261,50.000000,-5.000000,1.000000,-101228.359375,50.614182,-506141.812500,2043.824707,50.000000,-7.000000,1.000000,-102191.234375,51.095619,-715338.687500,-1221480.500000,1017759.062500,8506.414062,-212227.843750,-56037.000000,-268264.843750
ml,p5,70,2026-05-12,1984.812744,10.000000,1982.511597,50.000000,1.000000,1.000000,-99125.578125,49.562786,99125.578125,1986.615234,50.000000,-4.000000,1.000000,-99330.765625,49.665379,-397323.062500,2008.896973,50.000000,-6.000000,1.000000,-100444.851562,50.222424,-602669.062500,-900866.562500,718857.937500,8655.865234,-190664.484375,-117288.953125,-307953.437500
ml,p5,70,2026-05-13,1991.479126,10.000000,1982.511597,50.000000,-3.000000,-4.000000,396502.312500,198.251144,-297376.718750,1998.035645,50.000000,-3.000000,1.000000,-99901.781250,49.950890,-299705.343750,2024.616821,50.000000,-5.000000,1.000000,-101230.843750,50.615421,-506154.187500,-1103236.250000,914227.625000,8954.681641,-197963.312500,-101337.265625,-299300.562500
ml,p5,70,2026-05-14,2006.105225,10.000000,1982.511597,50.000000,-2.000000,1.000000,-99125.578125,49.562786,-198251.156250,2007.428711,50.000000,-2.000000,1.000000,-100371.437500,50.185719,-200742.875000,2034.278931,50.000000,-4.000000,1.000000,-101713.945312,50.856972,-406855.781250,-805849.812500,613016.625000,9105.288086,-201938.468750,-62927.175781,-264865.656250
ml,p5,70,2026-05-15,1989.611206,10.000000,1982.511597,50.000000,-1.000000,1.000000,-99125.578125,49.562786,-99125.578125,1995.667236,50.000000,-1.000000,1.000000,-99783.359375,49.891682,-99783.359375,2020.624512,50.000000,-3.000000,1.000000,-101031.226562,50.515610,-303093.687500,-502002.625000,313076.468750,9255.257812,-198181.406250,-106960.710938,-305142.125000
ml,p5,70,2026-05-16,1994.431763,10.000000,1982.511597,50.000000,-1.000000,0.000000,-0.000000,0.000000,-99125.578125,2001.856079,50.000000,-1.000000,0.000000,-0.000000,0.000000,-100092.804688,2028.677368,50.000000,-3.000000,0.000000,-0.000000,0.000000,-304301.625000,-503520.000000,313076.468750,9255.257812,-199698.781250,-97254.296875,-296953.062500
ml,p5,70,2026-05-17,2003.776489,10.000000,1982.511597,50.000000,-1.000000,0.000000,-0.000000,0.000000,-99125.578125,2017.644287,50.000000,-1.000000,0.000000,-0.000000,0.000000,-100882.210938,2048.474854,50.000000,-3.000000,0.000000,-0.000000,0.000000,-307271.250000,-507279.031250,313076.468750,9255.257812,-203457.812500,-68537.406250,-271995.218750
ml,p5,70,2026-05-18,1960.708862,10.000000,1982.511597,50.000000,0.000000,1.000000,-99125.578125,49.562786,0.000000,1977.909668,50.000000,0.000000,1.000000,-98895.484375,49.447742,0.000000,2009.891113,50.000000,-2.000000,1.000000,-100494.554688,50.247276,-200989.109375,-200989.109375,14560.843750,9404.515625,-195832.781250,-174485.359375,-370318.125000
ml,p5,70,2026-05-19,1958.849121,10.000000,1982.511597,50.000000,1.000000,1.000000,-99125.578125,49.562786,99125.578125,1984.119751,50.000000,-4.000000,-4.000000,396823.937500,198.411972,-396823.937500,2013.499634,50.000000,-1.000000,1.000000,-100674.984375,50.337494,-100674.984375,-398373.375000,211584.234375,9702.828125,-196491.968750,-181121.171875,-377613.125000
ml,p5,70,2026-05-20,1960.610596,10.000000,1982.511597,50.000000,-3.000000,-4.000000,396502.312500,198.251144,-297376.718750,1983.032471,50.000000,-3.000000,1.000000,-99151.625000,49.575809,-297454.875000,2014.072266,50.000000,0.000000,1.000000,-100703.609375,50.351807,0.000000,-594831.625000,408231.312500,10001.006836,-196601.312500,-177229.375000,-373830.687500
ml,p5,70,2026-05-21,1946.323608,10.000000,1982.511597,50.000000,-2.000000,1.000000,-99125.578125,49.562786,-198251.156250,1982.295410,50.000000,-2.000000,1.000000,-99114.773438,49.557384,-198229.546875,2012.828003,50.000000,-4.000000,-4.000000,402565.593750,201.282791,-402565.593750,-799046.250000,612556.500000,10301.410156,-196791.156250,-216997.875000,-413789.031250
ml,p5,70,2026-05-22,1944.864258,10.000000,1982.511597,50.000000,-1.000000,1.000000,-99125.578125,49.562786,-99125.578125,1958.257935,50.000000,-1.000000,1.000000,-97912.898438,48.956448,-97912.898438,1987.112061,50.000000,-3.000000,1.000000,-99355.601562,49.677799,-298066.812500,-495105.281250,316162.468750,10449.607422,-189392.421875,-222055.390625,-411447.812500
ml,p5,70,2026-05-23,1963.979126,10.000000,1982.511597,50.000000,-1.000000,0.000000,-0.000000,0.000000,-99125.578125,1983.868530,50.000000,-1.000000,0.000000,-0.000000,0.000000,-99193.429688,2010.249023,50.000000,-3.000000,0.000000,-0.000000,0.000000,-301537.343750,-499856.343750,316162.468750,10449.607422,-194143.484375,-171123.234375,-365266.718750
ml,p5,70,2026-05-24,1967.344116,10.000000,1982.511597,50.000000,-1.000000,0.000000,-0.000000,0.000000,-99125.578125,1978.692627,50.000000,-1.000000,0.000000,-0.000000,0.000000,-98934.632812,2004.125610,50.000000,-3.000000,0.000000,-0.000000,0.000000,-300618.843750,-498679.062500,316162.468750,10449.607422,-192966.203125,-165855.578125,-358821.781250
ml,p5,70,2026-05-25,1972.596069,10.000000,1982.511597,50.000000,-1.000000,0.000000,-0.000000,0.000000,-99125.578125,1988.804688,50.000000,-1.000000,0.000000,-0.000000,0.000000,-99440.234375,2011.819702,50.000000,-3.000000,0.000000,-0.000000,0.000000,-301772.937500,-500338.750000,316162.468750,10449.607422,-194625.890625,-152296.484375,-346922.375000
ml,p5,70,2026-05-26,1986.491333,10.000000,1982.511597,50.000000,0.000000,1.000000,-99125.578125,49.562786,0.000000,2004.721558,50.000000,0.000000,1.000000,-100236.078125,50.118034,0.000000,2028.215576,50.000000,-2.000000,1.000000,-101410.781250,50.705391,-202821.562500,-202821.562500,15390.031250,10599.993164,-198031.531250,-119702.796875,-317734.312500
ml,p5,70,2026-05-27,1985.490479,10.000000,1982.511597,50.000000,1.000000,1.000000,-99125.578125,49.562786,99125.578125,2005.296997,50.000000,-4.000000,-4.000000,401059.406250,200.529694,-401059.406250,2027.695557,50.000000,-1.000000,1.000000,-101384.781250,50.692390,-101384.781250,-403318.593750,215939.093750,10900.778320,-198280.281250,-124597.710938,-322878.000000
ml,p5,70,2026-05-28,1980.336304,10.000000,1982.511597,50.000000,-3.000000,-4.000000,396502.312500,198.251144,-297376.718750,1999.874634,50.000000,-3.000000,1.000000,-99993.734375,49.996868,-299981.187500,2019.722900,50.000000,0.000000,1.000000,-100986.148438,50.493073,0.000000,-597357.875000,411461.500000,11199.519531,-197095.890625,-136539.921875,-333635.812500
ml,p5,70,2026-05-29,1996.331909,10.000000,1982.511597,50.000000,-2.000000,1.000000,-99125.578125,49.562786,-198251.156250,2009.153564,50.000000,-2.000000,1.000000,-100457.679688,50.228840,-200915.359375,2030.198364,50.000000,-4.000000,-4.000000,406039.687500,203.019852,-406039.687500,-805206.187500,617917.875000,11502.331055,-198790.640625,-97353.984375,-296144.625000
ml,p5,70,2026-05-30,1994.602051,10.000000,1982.511597,50.000000,-2.000000,0.000000,-0.000000,0.000000,-198251.156250,2007.740723,50.000000,-2.000000,0.000000,-0.000000,0.000000,-200774.078125,2032.225220,50.000000,-4.000000,0.000000,-0.000000,0.000000,-406445.031250,-805470.250000,617917.875000,11502.331055,-199054.703125,-102305.273438,-301359.968750
ml,p5,70,2026-05-31,2003.598633,10.000000,1982.511597,50.000000,-2.000000,0.000000,-0.000000,0.000000,-198251.156250,2015.860840,50.000000,-2.000000,0.000000,-0.000000,0.000000,-201586.078125,2043.337646,50.000000,-4.000000,0.000000,-0.000000,0.000000,-408667.531250,-808504.750000,617917.875000,11502.331055,-202089.203125,-80073.695312,-282162.906250
ml,p5,70,2026-06-01,2013.086060,10.000000,1982.511597,50.000000,-1.000000,1.000000,-99125.578125,49.562786,-99125.578125,2023.555908,50.000000,-1.000000,1.000000,-101177.796875,50.588898,-101177.796875,2047.799194,50.000000,-3.000000,1.000000,-102389.960938,51.194981,-307169.875000,-507473.250000,315224.593750,11653.677734,-203902.328125,-57347.148438,-261249.468750
ml,p5,70,2026-06-02,2007.275635,10.000000,1982.511597,50.000000,0.000000,1.000000,-99125.578125,49.562786,0.000000,2020.950806,50.000000,0.000000,1.000000,-101047.539062,50.523769,0.000000,2042.134766,50.000000,-2.000000,1.000000,-102106.734375,51.053368,-204213.468750,-204213.468750,12944.750000,11804.817383,-203073.531250,-72003.640625,-275077.187500
ml,p5,70,2026-06-03,1998.179443,10.000000,1982.511597,50.000000,1.000000,1.000000,-99125.578125,49.562786,99125.578125,2012.700928,50.000000,-4.000000,-4.000000,402540.187500,201.270096,-402540.187500,2035.296875,50.000000,-1.000000,1.000000,-101764.843750,50.882420,-101764.843750,-405179.468750,214594.531250,12106.532227,-202691.468750,-95038.375000,-297729.843750
ml,p5,70,2026-06-04,1991.777344,10.000000,1982.511597,50.000000,-3.000000,-4.000000,396502.312500,198.251144,-297376.718750,2001.310059,50.000000,-3.000000,1.000000,-100065.500000,50.032749,-300196.500000,2026.638916,50.000000,0.000000,1.000000,-101331.945312,50.665970,0.000000,-597573.250000,409699.375000,12405.482422,-200279.359375,-111805.765625,-312085.125000
ml,p5,70,2026-06-05,1981.972534,10.000000,1982.511597,50.000000,-2.000000,1.000000,-99125.578125,49.562786,-198251.156250,1996.439087,50.000000,-2.000000,1.000000,-99821.953125,49.910973,-199643.906250,2019.427246,50.000000,-4.000000,-4.000000,403885.437500,201.942719,-403885.437500,-801780.500000,614637.250000,12706.898438,-199850.156250,-136309.421875,-336159.562500
ml,p5,70,2026-06-06,1962.044434,10.000000,1982.511597,50.000000,-2.000000,0.000000,-0.000000,0.000000,-198251.156250,1976.189697,50.000000,-2.000000,0.000000,-0.000000,0.000000,-197618.968750,1999.045898,50.000000,-4.000000,0.000000,-0.000000,0.000000,-399809.187500,-795679.312500,614637.250000,12706.898438,-193748.968750,-192082.125000,-385831.093750
ml,p5,70,2026-06-07,1980.506348,10.000000,1982.511597,50.000000,-2.000000,0.000000,-0.000000,0.000000,-198251.156250,1996.644653,50.000000,-2.000000,0.000000,-0.000000,0.000000,-199664.468750,2023.028442,50.000000,-4.000000,0.000000,-0.000000,0.000000,-404605.687500,-802521.312500,614637.250000,12706.898438,-200590.968750,-146611.609375,-347202.562500
ml,p5,70,2026-06-08,1972.967651,10.000000,1982.511597,50.000000,-1.000000,1.000000,-99125.578125,49.562786,-99125.578125,1977.346191,50.000000,-1.000000,1.000000,-98867.312500,49.433655,-98867.312500,1998.830444,50.000000,-3.000000,1.000000,-99941.523438,49.970760,-299824.562500,-497817.437500,316702.875000,12855.865234,-193970.421875,-169793.031250,-363763.437500
ml,p5,70,2026-06-09,1931.019775,10.000000,1982.511597,50.000000,0.000000,1.000000,-99125.578125,49.562786,0.000000,1919.615967,50.000000,0.000000,1.000000,-95980.796875,47.990398,0.000000,1938.260864,50.000000,-2.000000,1.000000,-96913.046875,48.456524,-193826.093750,-193826.093750,24683.437500,13001.875977,-182144.531250,-273893.281250,-456037.812500
ml,p5,70,2026-06-10,1980.082397,10.000000,1982.511597,50.000000,1.000000,1.000000,-99125.578125,49.562786,99125.578125,1981.250244,50.000000,1.000000,1.000000,-99062.515625,49.531254,99062.515625,1999.961426,50.000000,-1.000000,1.000000,-99998.070312,49.999035,-99998.070312,98190.023438,-273502.718750,13150.968750,-188463.656250,-153570.546875,-342034.187500
ml,p5,70,2026-06-11,1967.251221,10.000000,1982.511597,50.000000,-3.000000,-4.000000,396502.312500,198.251144,-297376.718750,1979.346924,50.000000,-3.000000,-4.000000,395869.375000,197.934677,-296902.062500,2002.040771,50.000000,0.000000,1.000000,-100102.039062,50.051018,0.000000,-594278.750000,418766.937500,13597.205078,-189109.015625,-185619.609375,-374728.625000
ml,p5,70,2026-06-12,1971.571899,10.000000,1982.511597,50.000000,-2.000000,1.000000,-99125.578125,49.562786,-198251.156250,1975.972168,50.000000,-2.000000,1.000000,-98798.609375,49.399303,-197597.218750,1997.120483,50.000000,-4.000000,-4.000000,399424.093750,199.712051,-399424.093750,-795272.500000,620266.875000,13895.880859,-188901.500000,-173109.515625,-362011.000000
ml,p5,70,2026-06-13,1965.047119,10.000000,1982.511597,50.000000,-2.000000,0.000000,-0.000000,0.000000,-198251.156250,1974.717285,50.000000,-2.000000,0.000000,-0.000000,0.000000,-197471.734375,1991.484375,50.000000,-4.000000,0.000000,-0.000000,0.000000,-398296.875000,-794019.750000,620266.875000,13895.880859,-187648.750000,-189874.218750,-377522.968750
ml,p5,70,2026-06-14,1927.680298,10.000000,1982.511597,50.000000,-2.000000,0.000000,-0.000000,0.000000,-198251.156250,1940.231445,50.000000,-2.000000,0.000000,-0.000000,0.000000,-194023.140625,1958.927979,50.000000,-4.000000,0.000000,-0.000000,0.000000,-391785.593750,-784059.875000,620266.875000,13895.880859,-177688.875000,-283910.625000,-461599.500000
ml,p5,70,2026-06-15,1940.191284,10.000000,1982.511597,50.000000,-1.000000,1.000000,-99125.578125,49.562786,-99125.578125,1988.949097,50.000000,-1.000000,1.000000,-99447.453125,49.723724,-99447.453125,2007.482300,50.000000,-3.000000,1.000000,-100374.117188,50.187057,-301122.343750,-499695.375000,321319.687500,14045.353516,-192421.046875,-255531.187500,-447952.250000
ml,p5,70,2026-06-16,1946.207642,10.000000,1982.511597,50.000000,0.000000,1.000000,-99125.578125,49.562786,0.000000,1977.223633,50.000000,0.000000,1.000000,-98861.179688,49.430588,0.000000,1995.031860,50.000000,-2.000000,1.000000,-99751.593750,49.875797,-199503.187500,-199503.187500,23581.335938,14194.222656,-190116.062500,-240891.453125,-431007.500000
ml,p5,70,2026-06-17,1947.284424,10.000000,1982.511597,50.000000,1.000000,1.000000,-99125.578125,49.562786,99125.578125,1946.776978,50.000000,-4.000000,-4.000000,389355.406250,194.677689,-389355.406250,1964.532715,50.000000,-1.000000,1.000000,-98226.632812,49.113316,-98226.632812,-388456.437500,215584.562500,14487.576172,-187359.453125,-238521.593750,-425881.062500
ml,p5,70,2026-06-18,1962.921265,10.000000,1982.511597,50.000000,-3.000000,-4.000000,396502.312500,198.251144,-297376.718750,1960.930054,50.000000,-3.000000,1.000000,-98046.500000,49.023251,-294139.500000,1981.493530,50.000000,0.000000,1.000000,-99074.679688,49.537338,0.000000,-591516.250000,414965.687500,14784.387695,-191334.953125,-201080.984375,-392415.937500
ml,p5,70,2026-06-19,1961.172729,10.000000,1982.511597,50.000000,-3.000000,0.000000,-0.000000,0.000000,-297376.718750,1955.061157,50.000000,-3.000000,0.000000,-0.000000,0.000000,-293259.187500,1974.868164,50.000000,0.000000,0.000000,-0.000000,0.000000,0.000000,-590635.875000,414965.687500,14784.387695,-190454.578125,-206948.437500,-397403.000000
ml,p5,70,2026-06-20,1950.966797,10.000000,1982.511597,50.000000,-3.000000,0.000000,-0.000000,0.000000,-297376.718750,1949.824707,50.000000,-3.000000,0.000000,-0.000000,0.000000,-292473.718750,1968.569946,50.000000,0.000000,0.000000,-0.000000,0.000000,0.000000,-589850.437500,414965.687500,14784.387695,-189669.140625,-233125.140625,-422794.281250
ml,p5,70,2026-06-21,1958.576416,10.000000,1982.511597,50.000000,-3.000000,0.000000,-0.000000,0.000000,-297376.718750,1978.283936,50.000000,-3.000000,0.000000,-0.000000,0.000000,-296742.562500,1997.632446,50.000000,0.000000,0.000000,-0.000000,0.000000,0.000000,-594119.250000,414965.687500,14784.387695,-193937.953125,-215503.578125,-409441.531250
ml,p5,70,2026-06-22,1962.509399,10.000000,1982.511597,50.000000,-2.000000,1.000000,-99125.578125,49.562786,-198251.156250,1946.859619,50.000000,-2.000000,1.000000,-97342.984375,48.671494,-194685.968750,1965.563721,50.000000,-4.000000,-4.000000,393112.750000,196.556366,-393112.750000,-786049.875000,611609.875000,15079.179688,-189519.187500,-206832.640625,-396351.812500
ml,p5,70,2026-06-23,1911.686890,10.000000,1982.511597,50.000000,-1.000000,1.000000,-99125.578125,49.562786,-99125.578125,1903.047607,50.000000,-1.000000,1.000000,-95152.382812,47.576191,-95152.382812,1923.988647,50.000000,-3.000000,1.000000,-96199.429688,48.099716,-288598.281250,-482876.250000,321132.437500,15224.417969,-176968.234375,-334855.531250,-511823.750000
ml,p5,70,2026-06-24,1902.032349,10.000000,1982.511597,50.000000,0.000000,1.000000,-99125.578125,49.562786,0.000000,1892.627563,50.000000,0.000000,1.000000,-94631.375000,47.315685,0.000000,1914.815552,50.000000,-2.000000,1.000000,-95740.781250,47.870388,-191481.562500,-191481.562500,31634.718750,15369.166016,-175216.015625,-360209.843750,-535425.875000
ml,p5,70,2026-06-25,1926.002563,10.000000,1982.511597,50.000000,1.000000,1.000000,-99125.578125,49.562786,99125.578125,1917.669312,50.000000,1.000000,1.000000,-95883.468750,47.941734,95883.468750,1940.850464,50.000000,-1.000000,1.000000,-97042.523438,48.521263,-97042.523438,97966.523438,-260416.828125,15515.192383,-177965.500000,-301598.500000,-479564.000000
ml,p5,70,2026-06-26,1926.164185,10.000000,1982.511597,50.000000,-3.000000,-4.000000,396502.312500,198.251144,-297376.718750,1925.995117,50.000000,-3.000000,-4.000000,385199.031250,192.599503,-288899.281250,1950.848267,50.000000,0.000000,1.000000,-97542.414062,48.771206,0.000000,-586276.000000,423742.093750,15954.814453,-178488.718750,-302407.000000,-480895.718750
ml,p5,70,2026-06-27,1937.259888,10.000000,1982.511597,50.000000,-3.000000,0.000000,-0.000000,0.000000,-297376.718750,1945.848267,50.000000,-3.000000,0.000000,-0.000000,0.000000,-291877.250000,1968.110962,50.000000,0.000000,0.000000,-0.000000,0.000000,0.000000,-589254.000000,423742.093750,15954.814453,-181466.718750,-273239.781250,-454706.500000
ml,p5,70,2026-06-28,1901.399414,10.000000,1982.511597,50.000000,-3.000000,0.000000,-0.000000,0.000000,-297376.718750,1894.224243,50.000000,-3.000000,0.000000,-0.000000,0.000000,-284133.656250,1916.147705,50.000000,0.000000,0.000000,-0.000000,0.000000,0.000000,-581510.375000,423742.093750,15954.814453,-173723.093750,-362989.031250,-536712.125000
ml,p5,70,2026-06-29,1912.236694,10.000000,1982.511597,50.000000,-2.000000,1.000000,-99125.578125,49.562786,-198251.156250,1895.011963,50.000000,-2.000000,1.000000,-94750.601562,47.375298,-189501.203125,1918.605103,50.000000,-4.000000,-4.000000,383721.031250,191.860504,-383721.031250,-771473.375000,613586.937500,16243.612305,-174130.046875,-336868.625000,-510998.687500
ml,p5,70,2026-06-30,1894.351440,10.000000,1982.511597,50.000000,-1.000000,1.000000,-99125.578125,49.562786,-99125.578125,1852.046021,50.000000,-1.000000,1.000000,-92602.304688,46.301151,-92602.304688,1873.850708,50.000000,-3.000000,1.000000,-93692.539062,46.846268,-281077.625000,-472805.500000,328166.500000,16386.322266,-161025.328125,-383467.937500,-544493.250000
ml,p5,70,2026-07-01,1888.721436,10.000000,1982.511597,50.000000,0.000000,1.000000,-99125.578125,49.562786,0.000000,1884.929810,50.000000,0.000000,1.000000,-94246.492188,47.123245,0.000000,1907.442383,50.000000,-2.000000,1.000000,-95372.117188,47.686058,-190744.234375,-190744.234375,39422.320312,16530.695312,-167852.593750,-397992.593750,-565845.187500
ml,p5,70,2026-07-02,1848.428101,10.000000,1982.511597,50.000000,1.000000,1.000000,-99125.578125,49.562786,99125.578125,1853.870728,50.000000,-4.000000,-4.000000,370774.156250,185.387070,-370774.156250,1878.274780,50.000000,-1.000000,1.000000,-93913.742188,46.956871,-93913.742188,-365562.312500,217157.171875,16812.601562,-165217.750000,-496305.062500,-661522.812500
ml,p5,70,2026-07-03,1859.343872,10.000000,1982.511597,50.000000,-3.000000,-4.000000,396502.312500,198.251144,-297376.718750,1872.197388,50.000000,-3.000000,1.000000,-93609.867188,46.804932,-280829.625000,1894.746216,50.000000,0.000000,1.000000,-94737.312500,47.368656,0.000000,-578206.375000,425312.312500,17105.025391,-169999.093750,-472365.750000,-642364.875000
ml,p5,70,2026-07-04,1848.421143,10.000000,1982.511597,50.000000,-3.000000,0.000000,-0.000000,0.000000,-297376.718750,1862.868530,50.000000,-3.000000,0.000000,-0.000000,0.000000,-279430.281250,1884.523560,50.000000,0.000000,0.000000,-0.000000,0.000000,0.000000,-576807.000000,425312.312500,17105.025391,-168599.718750,-497589.062500,-666188.750000
ml,p5,70,2026-07-05,1839.136841,10.000000,1982.511597,50.000000,-3.000000,0.000000,-0.000000,0.000000,-297376.718750,1854.951538,50.000000,-3.000000,0.000000,-0.000000,0.000000,-278242.718750,1878.598877,50.000000,0.000000,0.000000,-0.000000,0.000000,0.000000,-575619.437500,425312.312500,17105.025391,-167412.156250,-518733.625000,-686145.750000
ml,p5,70,2026-07-06,1825.585449,10.000000,1982.511597,50.000000,-2.000000,1.000000,-99125.578125,49.562786,-198251.156250,1830.713257,50.000000,-2.000000,1.000000,-91535.664062,45.767830,-183071.328125,1854.996338,50.000000,-4.000000,-4.000000,370999.281250,185.499634,-370999.281250,-752321.750000,605650.312500,17385.855469,-164057.296875,-548646.187500,-712703.500000
ml,p5,70,2026-07-07,1829.874268,10.000000,1982.511597,50.000000,-1.000000,1.000000,-99125.578125,49.562786,-99125.578125,1833.489502,50.000000,-1.000000,1.000000,-91674.476562,45.837234,-91674.476562,1856.600708,50.000000,-3.000000,1.000000,-92830.039062,46.415016,-278490.125000,-469290.187500,322020.250000,17527.671875,-164797.609375,-540480.625000,-705278.250000
ml,p5,70,2026-07-08,1811.606567,10.000000,1982.511597,50.000000,0.000000,1.000000,-99125.578125,49.562786,0.000000,1813.616577,50.000000,0.000000,1.000000,-90680.828125,45.340412,0.000000,1835.573486,50.000000,-2.000000,1.000000,-91778.671875,45.889336,-183557.343750,-183557.343750,40435.171875,17668.464844,-160790.640625,-576631.250000,-737421.875000
ml,p5,70,2026-07-09,1837.683350,10.000000,1982.511597,50.000000,1.000000,1.000000,-99125.578125,49.562786,99125.578125,1862.032837,50.000000,1.000000,1.000000,-93101.640625,46.550819,93101.640625,1883.856445,50.000000,-1.000000,1.000000,-94192.820312,47.096409,-94192.820312,98034.398438,-245984.859375,17811.673828,-165762.140625,-529460.062500,-695222.187500
ml,p5,70,2026-07-10,1834.778320,10.000000,1982.511597,50.000000,-3.000000,-4.000000,396502.312500,198.251144,-297376.718750,1859.767822,50.000000,-3.000000,-4.000000,371953.562500,185.976776,-278965.187500,1883.379150,50.000000,0.000000,1.000000,-94168.960938,47.084480,0.000000,-576341.875000,428302.062500,18242.986328,-166282.796875,-535012.312500,-701295.125000
ml,p5,70,2026-07-11,1836.812622,10.000000,1982.511597,50.000000,-3.000000,0.000000,-0.000000,0.000000,-297376.718750,1850.329224,50.000000,-3.000000,0.000000,-0.000000,0.000000,-277549.375000,1871.861816,50.000000,0.000000,0.000000,-0.000000,0.000000,0.000000,-574926.125000,428302.062500,18242.986328,-164867.046875,-532602.125000,-697469.187500
ml,p5,70,2026-07-12,1837.612549,10.000000,1982.511597,50.000000,-3.000000,0.000000,-0.000000,0.000000,-297376.718750,1829.446533,50.000000,-3.000000,0.000000,-0.000000,0.000000,-274417.000000,1850.943237,50.000000,0.000000,0.000000,-0.000000,0.000000,0.000000,-571793.750000,428302.062500,18242.986328,-161734.671875,-532055.937500,-693790.625000
ml,p5,70,2026-07-13,1838.543457,10.000000,1982.511597,50.000000,-2.000000,1.000000,-99125.578125,49.562786,-198251.156250,1841.200439,50.000000,-2.000000,1.000000,-92060.023438,46.030010,-184120.046875,1859.983276,50.000000,1.000000,1.000000,-92999.164062,46.499580,92999.164062,-289372.031250,144117.265625,18385.078125,-163639.843750,-531521.250000,-695161.125000
ml,p5,70,2026-07-14,1830.186523,10.000000,1982.511597,50.000000,-1.000000,1.000000,-99125.578125,49.562786,-99125.578125,1822.811523,50.000000,-1.000000,1.000000,-91140.578125,45.570286,-91140.578125,1841.860107,50.000000,-3.000000,-4.000000,368372.031250,184.186005,-276279.000000,-466545.156250,322223.156250,18664.398438,-162986.406250,-544610.187500,-707596.625000
ml,p5,70,2026-07-15,1813.215698,10.000000,1982.511597,50.000000,0.000000,1.000000,-99125.578125,49.562786,0.000000,1810.826172,50.000000,0.000000,1.000000,-90541.312500,45.270657,0.000000,1827.651978,50.000000,-2.000000,1.000000,-91382.601562,45.691299,-182765.203125,-182765.203125,41173.648438,18804.921875,-160396.484375,-569238.062500,-729634.562500
ml,p5,70,2026-07-16,1831.020264,10.000000,1982.511597,50.000000,1.000000,1.000000,-99125.578125,49.562786,99125.578125,1812.462769,50.000000,1.000000,1.000000,-90623.140625,45.311569,90623.140625,1828.713379,50.000000,-1.000000,1.000000,-91435.671875,45.717834,-91435.671875,98313.046875,-240010.718750,18945.515625,-160643.187500,-546774.000000,-707417.187500
ml,p5,70,2026-07-17,1810.356079,10.000000,1982.511597,50.000000,-3.000000,-4.000000,396502.312500,198.251144,-297376.718750,1799.607422,50.000000,-3.000000,-4.000000,359921.500000,179.960739,-269941.125000,1815.852905,50.000000,0.000000,1.000000,-90792.648438,45.396324,0.000000,-567317.875000,425620.437500,19369.123047,-161066.562500,-572108.812500,-733175.375000
ml,p5,70,2026-07-18,1799.082886,10.000000,1982.511597,50.000000,-3.000000,0.000000,-0.000000,0.000000,-297376.718750,1809.312866,50.000000,-3.000000,0.000000,-0.000000,0.000000,-271396.937500,1826.642334,50.000000,0.000000,0.000000,-0.000000,0.000000,0.000000,-568773.625000,425620.437500,19369.123047,-162522.312500,-584736.937500,-747259.250000
ml,p5,70,2026-07-19,1817.173950,10.000000,1982.511597,50.000000,-3.000000,0.000000,-0.000000,0.000000,-297376.718750,1834.680786,50.000000,-3.000000,0.000000,-0.000000,0.000000,-275202.125000,1851.427490,50.000000,0.000000,0.000000,-0.000000,0.000000,0.000000,-572578.875000,425620.437500,19369.123047,-166327.562500,-565597.375000,-731924.937500
ml,p5,70,2026-07-20,1832.208862,10.000000,1982.511597,50.000000,-2.000000,1.000000,-99125.578125,49.562786,-198251.156250,1829.324341,50.000000,-2.000000,1.000000,-91466.218750,45.733109,-182932.437500,1846.547119,50.000000,-4.000000,-4.000000,369309.437500,184.654724,-369309.437500,-750493.000000,604338.062500,19649.074219,-165804.015625,-549643.312500,-715447.312500
ml,p5,70,2026-07-21,1839.653442,10.000000,1982.511597,50.000000,-1.000000,1.000000,-99125.578125,49.562786,-99125.578125,1841.163818,50.000000,-1.000000,1.000000,-92058.187500,46.029091,-92058.187500,1857.644775,50.000000,-3.000000,1.000000,-92882.242188,46.441120,-278646.718750,-469830.500000,320272.062500,19791.107422,-169349.546875,-542862.812500,-712212.375000
ml,p5,70,2026-07-22,1833.283813,10.000000,1982.511597,50.000000,0.000000,1.000000,-99125.578125,49.562786,0.000000,1822.772339,50.000000,0.000000,1.000000,-91138.617188,45.569309,0.000000,1839.729492,50.000000,-2.000000,1.000000,-91986.476562,45.993237,-183972.953125,-183972.953125,38021.390625,19932.232422,-165883.796875,-548776.250000,-714660.062500
ml,p5,70,2026-07-23,1821.513306,10.000000,1982.511597,50.000000,1.000000,1.000000,-99125.578125,49.562786,99125.578125,1802.015259,50.000000,-4.000000,-4.000000,360403.062500,180.201523,-360403.062500,1818.856812,50.000000,-1.000000,1.000000,-90942.843750,45.471420,-90942.843750,-352220.312500,208356.031250,20207.468750,-164071.750000,-558094.437500,-722166.187500
ml,p5,70,2026-07-24,1820.311523,10.000000,1982.511597,50.000000,-3.000000,-4.000000,396502.312500,198.251144,-297376.718750,1819.545288,50.000000,-3.000000,1.000000,-90977.265625,45.488628,-272931.781250,1838.180664,50.000000,0.000000,1.000000,-91909.031250,45.954514,0.000000,-570308.500000,421972.062500,20497.160156,-168833.593750,-559092.062500,-727925.625000
ml,p5,70,2026-07-25,1828.561523,10.000000,1982.511597,50.000000,-3.000000,0.000000,-0.000000,0.000000,-297376.718750,1826.979858,50.000000,-3.000000,0.000000,-0.000000,0.000000,-274046.968750,1844.750244,50.000000,0.000000,0.000000,-0.000000,0.000000,0.000000,-571423.687500,421972.062500,20497.160156,-169948.781250,-554797.500000,-724746.250000
ml,p5,70,2026-07-26,1817.133057,10.000000,1982.511597,50.000000,-3.000000,0.000000,-0.000000,0.000000,-297376.718750,1821.765503,50.000000,-3.000000,0.000000,-0.000000,0.000000,-273264.812500,1839.831665,50.000000,0.000000,0.000000,-0.000000,0.000000,0.000000,-570641.500000,421972.062500,20497.160156,-169166.593750,-561233.937500,-730400.500000
ml,p5,70,2026-07-27,1826.293213,10.000000,1982.511597,50.000000,-2.000000,1.000000,-99125.578125,49.562786,-198251.156250,1822.501709,50.000000,-2.000000,1.000000,-91125.085938,45.562542,-182250.171875,1839.573364,50.000000,-4.000000,-4.000000,367914.687500,183.957352,-367914.687500,-748416.000000,599636.062500,20776.244141,-169556.187500,-556488.562500,-726044.750000
ml,p5,70,2026-07-28,1816.444458,10.000000,1982.511597,50.000000,-1.000000,1.000000,-99125.578125,49.562786,-99125.578125,1817.133545,50.000000,-1.000000,1.000000,-90856.679688,45.428341,-90856.679688,1833.978271,50.000000,-3.000000,1.000000,-91698.914062,45.849457,-275096.718750,-465078.968750,317954.906250,20917.085938,-168041.156250,-561004.187500,-729045.375000
ml,p5,70,2026-07-29,1812.683228,10.000000,1982.511597,50.000000,0.000000,1.000000,-99125.578125,49.562786,0.000000,1819.252686,50.000000,0.000000,1.000000,-90962.632812,45.481316,0.000000,1835.764893,50.000000,-2.000000,1.000000,-91788.242188,45.894119,-183576.484375,-183576.484375,36078.445312,21058.023438,-168556.062500,-562390.875000,-730946.937500
ml,p5,70,2026-07-30,1815.433960,10.000000,1982.511597,50.000000,1.000000,1.000000,-99125.578125,49.562786,99125.578125,1819.252686,50.000000,1.000000,1.000000,-90962.632812,45.481316,90962.632812,1829.852783,50.000000,-1.000000,1.000000,-91492.640625,45.746319,-91492.640625,98595.578125,-245502.390625,21198.812500,-168105.625000,-561910.312500,-730015.937500
ml,p5,70,2026-07-31,1818.991943,10.000000,1982.511597,50.000000,-3.000000,-4.000000,396502.312500,198.251144,-297376.718750,1819.252686,50.000000,-3.000000,-4.000000,363850.531250,181.925262,-272887.875000,1833.686646,50.000000,0.000000,1.000000,-91684.335938,45.842167,0.000000,-570264.625000,423166.125000,21624.832031,-168723.328125,-561589.562500,-730312.875000
ml,p5,70,2026-08-01,1816.924438,10.000000,1982.511597,50.000000,-3.000000,0.000000,-0.000000,0.000000,-297376.718750,1819.252686,50.000000,-3.000000,0.000000,-0.000000,0.000000,-272887.875000,1819.826904,50.000000,0.000000,0.000000,-0.000000,0.000000,0.000000,-570264.625000,423166.125000,21624.832031,-168723.328125,-561634.875000,-730358.187500
ml,p5,70,2026-08-02,1827.040649,10.000000,1982.511597,50.000000,-3.000000,0.000000,-0.000000,0.000000,-297376.718750,1819.252686,50.000000,-3.000000,0.000000,-0.000000,0.000000,-272887.875000,1835.305420,50.000000,0.000000,0.000000,-0.000000,0.000000,0.000000,-570264.625000,423166.125000,21624.832031,-168723.328125,-561680.750000,-730404.062500
ml,p5,70,2026-08-03,1831.915405,10.000000,1982.511597,50.000000,-2.000000,1.000000,-99125.578125,49.562786,-198251.156250,1819.252686,50.000000,-2.000000,1.000000,-90962.632812,45.481316,-181925.265625,1863.340820,50.000000,1.000000,1.000000,-93167.039062,46.583519,93167.039062,-287009.406250,139910.828125,21766.460938,-168865.031250,-561727.500000,-730592.500000
ml,p5,70,2026-08-04,1815.523926,10.000000,1982.511597,50.000000,-1.000000,1.000000,-99125.578125,49.562786,-99125.578125,1819.252686,50.000000,-1.000000,1.000000,-90962.632812,45.481316,-90962.632812,1831.869385,50.000000,-3.000000,-4.000000,366373.875000,183.186935,-274780.406250,-464868.625000,316196.500000,22044.691406,-170716.812500,-561780.187500,-732497.000000
ml,p5,70,2026-08-05,1805.686768,10.000000,1982.511597,50.000000,0.000000,1.000000,-99125.578125,49.562786,0.000000,1819.252686,50.000000,0.000000,1.000000,-90962.632812,45.481316,0.000000,1814.746460,50.000000,-2.000000,1.000000,-90737.320312,45.368660,-181474.640625,-181474.640625,35370.976562,22185.103516,-168288.765625,-561830.437500,-730119.187500
ml,p5,70,2026-08-06,1835.617554,10.000000,1982.511597,50.000000,1.000000,1.000000,-99125.578125,49.562786,99125.578125,1819.252686,50.000000,1.000000,1.000000,-90962.632812,45.481316,90962.632812,1843.744263,50.000000,-1.000000,1.000000,-92187.210938,46.093605,-92187.210938,97901.007812,-246904.421875,22326.242188,-171329.656250,-561830.437500,-733160.125000
ml,p5,70,2026-08-07,1845.688110,10.000000,1982.511597,50.000000,-3.000000,-4.000000,396502.312500,198.251144,-297376.718750,1819.252686,50.000000,-3.000000,-4.000000,363850.531250,181.925262,-272887.875000,1864.923828,50.000000,0.000000,1.000000,-93246.187500,46.623093,0.000000,-570264.625000,420202.250000,22753.041016,-172815.421875,-561830.437500,-734645.875000
ml,p5,70,2026-08-08,1839.833374,10.000000,1982.511597,50.000000,-3.000000,0.000000,-0.000000,0.000000,-297376.718750,1819.252686,50.000000,-3.000000,0.000000,-0.000000,0.000000,-272887.875000,1865.159058,50.000000,0.000000,0.000000,-0.000000,0.000000,0.000000,-570264.625000,420202.250000,22753.041016,-172815.421875,-561830.437500,-734645.875000
ml,p5,70,2026-08-09,1846.355347,10.000000,1982.511597,50.000000,-3.000000,0.000000,-0.000000,0.000000,-297376.718750,1819.252686,50.000000,-3.000000,0.000000,-0.000000,0.000000,-272887.875000,1856.517456,50.000000,0.000000,0.000000,-0.000000,0.000000,0.000000,-570264.625000,420202.250000,22753.041016,-172815.421875,-561830.437500,-734645.875000
ml,p5,70,2026-08-10,1898.201538,10.000000,1982.511597,50.000000,-2.000000,1.000000,-99125.578125,49.562786,-198251.156250,1819.252686,50.000000,-2.000000,1.000000,-90962.632812,45.481316,-181925.265625,1909.924927,50.000000,1.000000,1.000000,-95496.250000,47.748123,95496.250000,-284680.187500,134617.734375,22895.833984,-172958.281250,-561830.437500,-734788.750000
ml,p5,70,2026-08-11,1887.712891,10.000000,1982.511597,50.000000,-1.000000,1.000000,-99125.578125,49.562786,-99125.578125,1819.252686,50.000000,-1.000000,1.000000,-90962.632812,45.481316,-90962.632812,1894.967407,50.000000,-3.000000,-4.000000,378993.468750,189.496735,-284245.125000,-474333.343750,323523.000000,23180.375000,-173990.718750,-561830.437500,-735821.125000
ml,p5,70,2026-08-12,1893.374268,10.000000,1982.511597,50.000000,0.000000,1.000000,-99125.578125,49.562786,0.000000,1819.252686,50.000000,0.000000,1.000000,-90962.632812,45.481316,0.000000,1894.630859,50.000000,-2.000000,1.000000,-94731.546875,47.365772,-189463.093750,-189463.093750,38703.257812,23322.785156,-174082.625000,-561830.437500,-735913.062500
ml,p5,70,2026-08-13,1891.408936,10.000000,1982.511597,50.000000,1.000000,1.000000,-99125.578125,49.562786,99125.578125,1819.252686,50.000000,1.000000,1.000000,-90962.632812,45.481316,90962.632812,1902.608887,50.000000,-1.000000,1.000000,-95130.445312,47.565220,-95130.445312,94957.773438,-246515.375000,23465.394531,-175022.984375,-561830.437500,-736853.437500
ml,p5,70,2026-08-14,1888.869141,10.000000,1982.511597,50.000000,-3.000000,-4.000000,396502.312500,198.251144,-297376.718750,1819.252686,50.000000,-3.000000,-4.000000,363850.531250,181.925262,-272887.875000,1890.739380,50.000000,0.000000,1.000000,-94536.968750,47.268482,0.000000,-570264.625000,419300.500000,23892.837891,-174856.968750,-561830.437500,-736687.375000
ml,p5,70,2026-08-15,1868.019043,10.000000,1982.511597,50.000000,-3.000000,0.000000,-0.000000,0.000000,-297376.718750,1819.252686,50.000000,-3.000000,0.000000,-0.000000,0.000000,-272887.875000,1882.026855,50.000000,0.000000,0.000000,-0.000000,0.000000,0.000000,-570264.625000,419300.500000,23892.837891,-174856.968750,-561830.437500,-736687.375000
ml,p5,70,2026-08-16,1891.379272,10.000000,1982.511597,50.000000,-3.000000,0.000000,-0.000000,0.000000,-297376.718750,1819.252686,50.000000,-3.000000,0.000000,-0.000000,0.000000,-272887.875000,1913.833130,50.000000,0.000000,0.000000,-0.000000,0.000000,0.000000,-570264.625000,419300.500000,23892.837891,-174856.968750,-561830.437500,-736687.375000
ml,p5,70,2026-08-17,1894.307129,10.000000,1982.511597,50.000000,-2.000000,1.000000,-99125.578125,49.562786,-198251.156250,1819.252686,50.000000,-2.000000,1.000000,-90962.632812,45.481316,-181925.265625,1900.100830,50.000000,1.000000,1.000000,-95005.039062,47.502518,95005.039062,-285171.406250,134207.203125,24035.386719,-174999.593750,-561830.437500,-736830.000000
ml,p5,70,2026-08-18,1947.514648,10.000000,1982.511597,50.000000,-1.000000,1.000000,-99125.578125,49.562786,-99125.578125,1819.252686,50.000000,-1.000000,1.000000,-90962.632812,45.481316,-90962.632812,1932.736816,50.000000,-3.000000,-4.000000,386547.375000,193.273682,-289910.531250,-479998.750000,330666.375000,24323.703125,-173656.078125,-561830.437500,-735486.500000
ml,p5,70,2026-08-19,1908.220581,10.000000,1982.511597,50.000000,0.000000,1.000000,-99125.578125,49.562786,0.000000,1819.252686,50.000000,0.000000,1.000000,-90962.632812,45.481316,0.000000,1894.704468,50.000000,-2.000000,1.000000,-94735.226562,47.367611,-189470.453125,-189470.453125,45842.945312,24466.113281,-168093.609375,-561830.437500,-729924.062500
ml,p5,70,2026-08-20,1875.757690,10.000000,1982.511597,50.000000,1.000000,1.000000,-99125.578125,49.562786,99125.578125,1819.252686,50.000000,1.000000,1.000000,-90962.632812,45.481316,90962.632812,1877.464966,50.000000,-1.000000,1.000000,-93873.250000,46.936623,-93873.250000,96214.968750,-238118.500000,24608.093750,-166511.625000,-561830.437500,-728342.062500
ml,p5,70,2026-08-21,1860.978516,10.000000,1982.511597,50.000000,-3.000000,-4.000000,396502.312500,198.251144,-297376.718750,1819.252686,50.000000,-3.000000,-4.000000,363850.531250,181.925262,-272887.875000,1873.904663,50.000000,0.000000,1.000000,-93695.234375,46.847618,0.000000,-570264.625000,428539.125000,25035.121094,-166760.625000,-561830.437500,-728591.062500
ml,p5,70,2026-08-22,1855.813110,10.000000,1982.511597,50.000000,-3.000000,0.000000,-0.000000,0.000000,-297376.718750,1819.252686,50.000000,-3.000000,0.000000,-0.000000,0.000000,-272887.875000,1879.768677,50.000000,0.000000,0.000000,-0.000000,0.000000,0.000000,-570264.625000,428539.125000,25035.121094,-166760.625000,-561830.437500,-728591.062500
ml,p5,70,2026-08-23,1860.359253,10.000000,1982.511597,50.000000,-3.000000,0.000000,-0.000000,0.000000,-297376.718750,1819.252686,50.000000,-3.000000,0.000000,-0.000000,0.000000,-272887.875000,1904.712646,50.000000,0.000000,0.000000,-0.000000,0.000000,0.000000,-570264.625000,428539.125000,25035.121094,-166760.625000,-561830.437500,-728591.062500
ml,p5,70,2026-08-24,1869.999390,10.000000,1982.511597,50.000000,-2.000000,1.000000,-99125.578125,49.562786,-198251.156250,1819.252686,50.000000,-2.000000,1.000000,-90962.632812,45.481316,-181925.265625,1896.016479,50.000000,1.000000,1.000000,-94800.820312,47.400410,94800.820312,-285375.625000,143650.046875,25177.562500,-166903.140625,-561830.437500,-728733.562500
ml,p5,70,2026-08-25,1864.331421,10.000000,1982.511597,50.000000,-1.000000,1.000000,-99125.578125,49.562786,-99125.578125,1819.252686,50.000000,-1.000000,1.000000,-90962.632812,45.481316,-90962.632812,1880.004150,50.000000,-3.000000,-4.000000,376000.843750,188.000427,-282000.625000,-472088.843750,329562.687500,25460.607422,-167986.765625,-561830.437500,-729817.187500
ml,p5,70,2026-08-26,1864.582031,10.000000,1982.511597,50.000000,0.000000,1.000000,-99125.578125,49.562786,0.000000,1819.252686,50.000000,0.000000,1.000000,-90962.632812,45.481316,0.000000,1870.226562,50.000000,-2.000000,1.000000,-93511.328125,46.755661,-187022.656250,-187022.656250,45963.164062,25602.406250,-166661.906250,-561830.437500,-728492.375000
ml,p5,70,2026-08-27,1845.592163,10.000000,1982.511597,50.000000,1.000000,1.000000,-99125.578125,49.562786,99125.578125,1819.252686,50.000000,1.000000,1.000000,-90962.632812,45.481316,90962.632812,1839.112793,50.000000,-1.000000,1.000000,-91955.640625,45.977818,-91955.640625,98132.578125,-236080.671875,25743.429688,-163691.531250,-561830.437500,-725522.000000
ml,p5,70,2026-08-28,1888.434204,10.000000,1982.511597,50.000000,-3.000000,-4.000000,396502.312500,198.251144,-297376.718750,1819.252686,50.000000,-3.000000,-4.000000,363850.531250,181.925262,-272887.875000,1898.101440,50.000000,0.000000,1.000000,-94905.070312,47.452534,0.000000,-570264.625000,429367.093750,26171.058594,-167068.593750,-561830.437500,-728899.000000
ml,p5,70,2026-08-29,1885.382080,10.000000,1982.511597,50.000000,-3.000000,0.000000,-0.000000,0.000000,-297376.718750,1819.252686,50.000000,-3.000000,0.000000,-0.000000,0.000000,-272887.875000,1930.300171,50.000000,0.000000,0.000000,-0.000000,0.000000,0.000000,-570264.625000,429367.093750,26171.058594,-167068.593750,-561830.437500,-728899.000000
ml,p5,70,2026-08-30,1847.217529,10.000000,1982.511597,50.000000,-3.000000,0.000000,-0.000000,0.000000,-297376.718750,1819.252686,50.000000,-3.000000,0.000000,-0.000000,0.000000,-272887.875000,1881.503662,50.000000,0.000000,0.000000,-0.000000,0.000000,0.000000,-570264.625000,429367.093750,26171.058594,-167068.593750,-561830.437500,-728899.000000
ml,p5,70,2026-08-31,1835.019897,10.000000,1982.511597,50.000000,0.000000,3.000000,-297376.718750,148.688354,0.000000,1819.252686,50.000000,-2.000000,1.000000,-90962.632812,45.481316,-181925.265625,1855.225098,50.000000,1.000000,1.000000,-92761.257812,46.380627,92761.257812,-89164.007812,-51733.523438,26411.609375,-167309.140625,-561830.437500,-729139.562500
ml,p5,70,2026-09-01,1835.244751,10.000000,1982.511597,50.000000,1.000000,1.000000,-99125.578125,49.562786,99125.578125,1819.252686,50.000000,-1.000000,1.000000,-90962.632812,45.481316,-90962.632812,1843.296387,50.000000,-3.000000,-4.000000,368659.281250,184.329636,-276494.468750,-268331.531250,126837.539062,26690.984375,-168184.984375,-561830.437500,-730015.437500
ml,p5,70,2026-09-02,1854.106812,10.000000,1982.511597,50.000000,-3.000000,-4.000000,396502.312500,198.251144,-297376.718750,1819.252686,50.000000,0.000000,1.000000,-90962.632812,45.481316,0.000000,1818.091309,50.000000,-2.000000,1.000000,-90904.562500,45.452282,-181809.125000,-479185.843750,341472.656250,26980.166016,-164693.359375,-561830.437500,-726523.812500
ml,p5,70,2026-09-03,1856.622070,10.000000,1982.511597,50.000000,0.000000,3.000000,-297376.718750,148.688354,0.000000,1819.252686,50.000000,1.000000,1.000000,-90962.632812,45.481316,90962.632812,1847.342163,50.000000,-1.000000,1.000000,-92367.109375,46.183556,-92367.109375,-1404.476562,-139233.796875,27220.521484,-167858.796875,-561830.437500,-729689.250000
ml,p5,70,2026-09-04,1852.992310,10.000000,1982.511597,50.000000,1.000000,1.000000,-99125.578125,49.562786,99125.578125,1819.252686,50.000000,-3.000000,-4.000000,363850.531250,181.925262,-272887.875000,1860.967896,50.000000,0.000000,1.000000,-93048.398438,46.524200,0.000000,-173762.296875,32442.773438,27498.531250,-168818.062500,-561830.437500,-730648.500000
ml,p5,70,2026-09-05,1860.567627,10.000000,1982.511597,50.000000,1.000000,0.000000,-0.000000,0.000000,99125.578125,1819.252686,50.000000,-3.000000,0.000000,-0.000000,0.000000,-272887.875000,1861.886597,50.000000,0.000000,0.000000,-0.000000,0.000000,0.000000,-173762.296875,32442.773438,27498.531250,-168818.062500,-561830.437500,-730648.500000
ml,p5,70,2026-09-06,1887.721924,10.000000,1982.511597,50.000000,1.000000,0.000000,-0.000000,0.000000,99125.578125,1819.252686,50.000000,-3.000000,0.000000,-0.000000,0.000000,-272887.875000,1901.610107,50.000000,0.000000,0.000000,-0.000000,0.000000,0.000000,-173762.296875,32442.773438,27498.531250,-168818.062500,-561830.437500,-730648.500000
ml,p5,70,2026-09-07,1882.403320,10.000000,1982.511597,50.000000,1.000000,0.000000,-0.000000,0.000000,99125.578125,1819.252686,50.000000,-3.000000,0.000000,-0.000000,0.000000,-272887.875000,1907.031128,50.000000,0.000000,0.000000,-0.000000,0.000000,0.000000,-173762.296875,32442.773438,27498.531250,-168818.062500,-561830.437500,-730648.500000
ml,p5,70,2026-09-08,1889.121338,10.000000,1982.511597,50.000000,-3.000000,-4.000000,396502.312500,198.251144,-297376.718750,1819.252686,50.000000,-2.000000,1.000000,-90962.632812,45.481316,-181925.265625,1903.160522,50.000000,1.000000,1.000000,-95158.023438,47.579010,95158.023438,-384143.968750,242824.406250,27789.843750,-169109.406250,-561830.437500,-730939.875000
ml,p5,70,2026-09-09,1874.672119,10.000000,1982.511597,50.000000,0.000000,3.000000,-297376.718750,148.688354,0.000000,1819.252686,50.000000,-1.000000,1.000000,-90962.632812,45.481316,-90962.632812,1891.847778,50.000000,-3.000000,-4.000000,378369.562500,189.184769,-283777.187500,-374739.812500,232854.625000,28173.199219,-170058.390625,-561830.437500,-731888.812500
ml,p5,70,2026-09-10,1899.703857,10.000000,1982.511597,50.000000,1.000000,1.000000,-99125.578125,49.562786,99125.578125,1819.252686,50.000000,0.000000,1.000000,-90962.632812,45.481316,0.000000,1906.386230,50.000000,-2.000000,1.000000,-95319.312500,47.659657,-190638.625000,-91513.046875,-52552.906250,28315.902344,-172381.859375,-561830.437500,-734212.312500
ml,p5,70,2026-09-11,1913.630249,10.000000,1982.511597,50.000000,-3.000000,-4.000000,396502.312500,198.251144,-297376.718750,1819.252686,50.000000,1.000000,1.000000,-90962.632812,45.481316,90962.632812,1924.525024,50.000000,-1.000000,1.000000,-96226.250000,48.113125,-96226.250000,-302640.343750,156760.531250,28607.750000,-174487.562500,-561830.437500,-736318.000000
ml,p5,70,2026-09-12,1907.921265,10.000000,1982.511597,50.000000,-3.000000,0.000000,-0.000000,0.000000,-297376.718750,1819.252686,50.000000,1.000000,0.000000,-0.000000,0.000000,90962.632812,1907.790527,50.000000,-1.000000,0.000000,-0.000000,0.000000,-95389.523438,-301803.625000,156760.531250,28607.750000,-173650.843750,-561830.437500,-735481.250000
ml,p5,70,2026-09-13,1864.307373,10.000000,1982.511597,50.000000,-3.000000,0.000000,-0.000000,0.000000,-297376.718750,1819.252686,50.000000,1.000000,0.000000,-0.000000,0.000000,90962.632812,1870.106934,50.000000,-1.000000,0.000000,-0.000000,0.000000,-93505.343750,-299919.437500,156760.531250,28607.750000,-171766.656250,-561830.437500,-733597.125000
ml,p5,70,2026-09-14,1849.855713,10.000000,1982.511597,50.000000,0.000000,3.000000,-297376.718750,148.688354,0.000000,1819.252686,50.000000,-3.000000,-4.000000,363850.531250,181.925262,-272887.875000,1868.333008,50.000000,0.000000,1.000000,-93416.648438,46.708324,0.000000,-272887.875000,129817.695312,28985.070312,-172055.250000,-561830.437500,-733885.687500
ml,p5,70,2026-09-15,1874.291260,10.000000,1982.511597,50.000000,1.000000,1.000000,-99125.578125,49.562786,99125.578125,1819.252686,50.000000,-2.000000,1.000000,-90962.632812,45.481316,-181925.265625,1889.324585,50.000000,1.000000,1.000000,-94466.226562,47.233112,94466.226562,11666.539062,-154736.734375,29127.347656,-172197.531250,-561830.437500,-734028.000000
ml,p5,70,2026-09-16,1885.159180,10.000000,1982.511597,50.000000,-3.000000,-4.000000,396502.312500,198.251144,-297376.718750,1819.252686,50.000000,-1.000000,1.000000,-90962.632812,45.481316,-90962.632812,1891.729980,50.000000,-3.000000,-4.000000,378346.000000,189.172989,-283759.500000,-672098.875000,529148.937500,29560.251953,-172510.187500,-561830.437500,-734340.625000
ml,p5,70,2026-09-17,1914.418091,10.000000,1982.511597,50.000000,0.000000,3.000000,-297376.718750,148.688354,0.000000,1819.252686,50.000000,0.000000,1.000000,-90962.632812,45.481316,0.000000,1910.694214,50.000000,-2.000000,1.000000,-95534.710938,47.767357,-191069.421875,-191069.421875,45274.867188,29802.191406,-175596.750000,-561830.437500,-737427.187500
ml,p5,70,2026-09-18,1920.557739,10.000000,1982.511597,50.000000,1.000000,1.000000,-99125.578125,49.562786,99125.578125,1819.252686,50.000000,1.000000,1.000000,-90962.632812,45.481316,90962.632812,1918.080566,50.000000,-1.000000,1.000000,-95904.031250,47.952015,-95904.031250,94184.187500,-240717.375000,29945.185547,-176478.375000,-561830.437500,-738308.812500
ml,p5,70,2026-09-19,1906.130737,10.000000,1982.511597,50.000000,1.000000,0.000000,-0.000000,0.000000,99125.578125,1819.252686,50.000000,1.000000,0.000000,-0.000000,0.000000,90962.632812,1907.973022,50.000000,-1.000000,0.000000,-0.000000,0.000000,-95398.648438,94689.570312,-240717.375000,29945.185547,-175973.000000,-561830.437500,-737803.437500
ml,p5,70,2026-09-20,1915.288086,10.000000,1982.511597,50.000000,1.000000,0.000000,-0.000000,0.000000,99125.578125,1819.252686,50.000000,1.000000,0.000000,-0.000000,0.000000,90962.632812,1915.075195,50.000000,-1.000000,0.000000,-0.000000,0.000000,-95753.757812,94334.460938,-240717.375000,29945.185547,-176328.093750,-561830.437500,-738158.500000
ml,p5,70,2026-09-21,1880.851196,10.000000,1982.511597,50.000000,-3.000000,-4.000000,396502.312500,198.251144,-297376.718750,1819.252686,50.000000,-3.000000,-4.000000,363850.531250,181.925262,-272887.875000,1857.664185,50.000000,0.000000,1.000000,-92883.210938,46.441605,0.000000,-570264.625000,426752.250000,30371.804688,-173884.187500,-561830.437500,-735714.625000
ml,p5,70,2026-09-22,1877.484619,10.000000,1982.511597,50.000000,0.000000,3.000000,-297376.718750,148.688354,0.000000,1819.252686,50.000000,-2.000000,1.000000,-90962.632812,45.481316,-181925.265625,1877.013916,50.000000,1.000000,1.000000,-93850.695312,46.925346,93850.695312,-88074.570312,-55437.789062,30612.900391,-174125.265625,-561830.437500,-735955.687500
ml,p5,70,2026-09-23,1904.955078,10.000000,1982.511597,50.000000,1.000000,1.000000,-99125.578125,49.562786,99125.578125,1819.252686,50.000000,-1.000000,1.000000,-90962.632812,45.481316,-90962.632812,1918.180786,50.000000,-3.000000,-4.000000,383636.156250,191.818069,-287727.125000,-279564.187500,138110.156250,30899.761719,-172353.796875,-561830.437500,-734184.250000
ml,p5,70,2026-09-24,1896.862427,10.000000,1982.511597,50.000000,-3.000000,-4.000000,396502.312500,198.251144,-297376.718750,1819.252686,50.000000,0.000000,1.000000,-90962.632812,45.481316,0.000000,1913.977051,50.000000,-2.000000,1.000000,-95698.851562,47.849422,-191397.703125,-488774.437500,347951.000000,31191.343750,-172014.781250,-561830.437500,-733845.250000
ml,p5,70,2026-09-25,1917.845215,10.000000,1982.511597,50.000000,0.000000,3.000000,-297376.718750,148.688354,0.000000,1819.252686,50.000000,1.000000,1.000000,-90962.632812,45.481316,90962.632812,1938.295532,50.000000,-1.000000,1.000000,-96914.773438,48.457386,-96914.773438,-5952.140625,-137303.125000,31433.970703,-174689.234375,-561830.437500,-736519.687500
ml,p5,70,2026-09-26,1924.211670,10.000000,1982.511597,50.000000,0.000000,0.000000,-0.000000,0.000000,0.000000,1819.252686,50.000000,1.000000,0.000000,-0.000000,0.000000,90962.632812,1942.941406,50.000000,-1.000000,0.000000,-0.000000,0.000000,-97147.070312,-6184.437500,-137303.125000,31433.970703,-174921.531250,-561830.437500,-736752.000000
ml,p5,70,2026-09-27,1906.749756,10.000000,1982.511597,50.000000,0.000000,0.000000,-0.000000,0.000000,0.000000,1819.252686,50.000000,1.000000,0.000000,-0.000000,0.000000,90962.632812,1916.292236,50.000000,-1.000000,0.000000,-0.000000,0.000000,-95814.609375,-4851.976562,-137303.125000,31433.970703,-173589.062500,-561830.437500,-735419.500000
ml,p5,70,2026-09-28,1887.265625,10.000000,1982.511597,50.000000,1.000000,1.000000,-99125.578125,49.562786,99125.578125,1819.252686,50.000000,-3.000000,-4.000000,363850.531250,181.925262,-272887.875000,1888.917236,50.000000,0.000000,1.000000,-94445.859375,47.222931,0.000000,-173762.296875,32975.960938,31712.681641,-172499.031250,-561830.437500,-734329.500000
ml,p5,70,2026-09-29,1881.772583,10.000000,1982.511597,50.000000,-3.000000,-4.000000,396502.312500,198.251144,-297376.718750,1819.252686,50.000000,-2.000000,1.000000,-90962.632812,45.481316,-181925.265625,1877.354370,50.000000,1.000000,1.000000,-93867.718750,46.933857,93867.718750,-385434.281250,244647.906250,32003.347656,-172789.718750,-561830.437500,-734620.125000
ml,p5,70,2026-09-30,1929.824097,10.000000,1982.511597,50.000000,0.000000,3.000000,-297376.718750,148.688354,0.000000,1819.252686,50.000000,-1.000000,1.000000,-90962.632812,45.481316,-90962.632812,1939.389526,50.000000,-3.000000,-4.000000,387877.906250,193.938950,-290908.437500,-381871.062500,244186.484375,32391.457031,-170076.031250,-561830.437500,-731906.500000
ml,p5,70,2026-10-01,1925.380005,10.000000,1982.511597,50.000000,1.000000,1.000000,-99125.578125,49.562786,99125.578125,1819.252686,50.000000,0.000000,1.000000,-90962.632812,45.481316,0.000000,1956.415771,50.000000,-2.000000,1.000000,-97820.789062,48.910393,-195641.578125,-96516.000000,-43722.515625,32535.410156,-172773.921875,-561830.437500,-734604.375000
ml,p5,70,2026-10-02,1960.462036,10.000000,1982.511597,50.000000,-3.000000,-4.000000,396502.312500,198.251144,-297376.718750,1819.252686,50.000000,1.000000,1.000000,-90962.632812,45.481316,90962.632812,2007.921265,50.000000,-1.000000,1.000000,-100396.062500,50.198029,-100396.062500,-306810.156250,161421.109375,32829.339844,-178218.390625,-561830.437500,-740048.812500
ml,p5,70,2026-10-03,1960.061035,10.000000,1982.511597,50.000000,-3.000000,0.000000,-0.000000,0.000000,-297376.718750,1819.252686,50.000000,1.000000,0.000000,-0.000000,0.000000,90962.632812,1992.568481,50.000000,-1.000000,0.000000,-0.000000,0.000000,-99628.421875,-306042.500000,161421.109375,32829.339844,-177450.734375,-561830.437500,-739281.187500
ml,p5,70,2026-10-04,1962.218384,10.000000,1982.511597,50.000000,-3.000000,0.000000,-0.000000,0.000000,-297376.718750,1819.252686,50.000000,1.000000,0.000000,-0.000000,0.000000,90962.632812,1988.116821,50.000000,-1.000000,0.000000,-0.000000,0.000000,-99405.843750,-305819.937500,161421.109375,32829.339844,-177228.171875,-561830.437500,-739058.625000
ml,p5,70,2026-10-05,1935.479614,10.000000,1982.511597,50.000000,0.000000,3.000000,-297376.718750,148.688354,0.000000,1819.252686,50.000000,-3.000000,-4.000000,363850.531250,181.925262,-272887.875000,1943.120972,50.000000,0.000000,1.000000,-97156.046875,48.578022,0.000000,-272887.875000,130738.875000,33208.535156,-175357.531250,-561830.437500,-737188.000000
ml,p5,70,2026-10-06,1936.179321,10.000000,1982.511597,50.000000,1.000000,1.000000,-99125.578125,49.562786,99125.578125,1819.252686,50.000000,-2.000000,1.000000,-90962.632812,45.481316,-181925.265625,1944.513672,50.000000,1.000000,1.000000,-97225.687500,48.612843,97225.687500,14426.000000,-156575.046875,33352.191406,-175501.234375,-561830.437500,-737331.687500
ml,p5,70,2026-10-07,1930.174683,10.000000,1982.511597,50.000000,-3.000000,-4.000000,396502.312500,198.251144,-297376.718750,1819.252686,50.000000,-1.000000,1.000000,-90962.632812,45.481316,-90962.632812,1927.952271,50.000000,-3.000000,-4.000000,385590.468750,192.795227,-289192.843750,-677532.187500,534555.125000,33788.718750,-176765.781250,-561830.437500,-738596.250000
ml,p5,70,2026-10-08,1918.270508,10.000000,1982.511597,50.000000,0.000000,3.000000,-297376.718750,148.688354,0.000000,1819.252686,50.000000,0.000000,1.000000,-90962.632812,45.481316,0.000000,1931.618774,50.000000,-2.000000,1.000000,-96580.937500,48.290466,-193161.875000,-193161.875000,49634.820312,34031.179688,-177558.250000,-561830.437500,-739388.687500
ml,p5,70,2026-10-09,1912.498291,10.000000,1982.511597,50.000000,1.000000,1.000000,-99125.578125,49.562786,99125.578125,1819.252686,50.000000,1.000000,1.000000,-90962.632812,45.481316,90962.632812,1936.831909,50.000000,-1.000000,1.000000,-96841.593750,48.420795,-96841.593750,93246.625000,-237294.968750,34174.640625,-178222.984375,-561830.437500,-740053.437500
ml,p5,70,2026-10-10,1911.908325,10.000000,1982.511597,50.000000,1.000000,0.000000,-0.000000,0.000000,99125.578125,1819.252686,50.000000,1.000000,0.000000,-0.000000,0.000000,90962.632812,1925.485229,50.000000,-1.000000,0.000000,-0.000000,0.000000,-96274.257812,93813.960938,-237294.968750,34174.640625,-177655.640625,-561830.437500,-739486.062500
ml,p5,70,2026-10-11,1918.351929,10.000000,1982.511597,50.000000,1.000000,0.000000,-0.000000,0.000000,99125.578125,1819.252686,50.000000,1.000000,0.000000,-0.000000,0.000000,90962.632812,1929.138916,50.000000,-1.000000,0.000000,-0.000000,0.000000,-96456.945312,93631.273438,-237294.968750,34174.640625,-177838.328125,-561830.437500,-739668.750000
ml,p5,70,2026-10-12,1961.116455,10.000000,1982.511597,50.000000,1.000000,0.000000,-0.000000,0.000000,99125.578125,1819.252686,50.000000,1.000000,0.000000,-0.000000,0.000000,90962.632812,1969.516846,50.000000,-1.000000,0.000000,-0.000000,0.000000,-98475.843750,91612.375000,-237294.968750,34174.640625,-179857.234375,-561830.437500,-741687.687500
ml,p5,70,2026-10-13,1949.377441,10.000000,1982.511597,50.000000,-3.000000,-4.000000,396502.312500,198.251144,-297376.718750,1819.252686,50.000000,-3.000000,-4.000000,363850.531250,181.925262,-272887.875000,1958.498169,50.000000,0.000000,1.000000,-97924.906250,48.962452,0.000000,-570264.625000,425132.968750,34603.781250,-179735.437500,-561830.437500,-741565.875000
ml,p5,70,2026-10-14,1937.684814,10.000000,1982.511597,50.000000,0.000000,3.000000,-297376.718750,148.688354,0.000000,1819.252686,50.000000,-2.000000,1.000000,-90962.632812,45.481316,-181925.265625,1946.777466,50.000000,1.000000,1.000000,-97338.875000,48.669437,97338.875000,-84586.390625,-60545.273438,34846.621094,-179978.281250,-561830.437500,-741808.750000
ml,p5,70,2026-10-15,1946.866577,10.000000,1982.511597,50.000000,1.000000,1.000000,-99125.578125,49.562786,99125.578125,1819.252686,50.000000,-1.000000,1.000000,-90962.632812,45.481316,-90962.632812,1958.070801,50.000000,-3.000000,-4.000000,391614.156250,195.807068,-293710.625000,-285547.687500,140980.656250,35137.472656,-179704.500000,-561830.437500,-741534.937500
ml,p5,70,2026-10-16,1964.097168,10.000000,1982.511597,50.000000,-3.000000,-4.000000,396502.312500,198.251144,-297376.718750,1819.252686,50.000000,0.000000,1.000000,-90962.632812,45.481316,0.000000,1967.937744,50.000000,-2.000000,1.000000,-98396.890625,49.198444,-196793.781250,-494170.500000,348123.437500,35430.402344,-181477.468750,-561830.437500,-743307.875000
ml,p5,70,2026-10-17,1934.832886,10.000000,1982.511597,50.000000,-3.000000,0.000000,-0.000000,0.000000,-297376.718750,1819.252686,50.000000,0.000000,0.000000,-0.000000,0.000000,0.000000,1934.239014,50.000000,-2.000000,0.000000,-0.000000,0.000000,-193423.906250,-490800.625000,348123.437500,35430.402344,-178107.593750,-561830.437500,-739938.000000
ml,p5,70,2026-10-18,1927.257446,10.000000,1982.511597,50.000000,-3.000000,0.000000,-0.000000,0.000000,-297376.718750,1819.252686,50.000000,0.000000,0.000000,-0.000000,0.000000,0.000000,1925.812988,50.000000,-2.000000,0.000000,-0.000000,0.000000,-192581.296875,-489958.000000,348123.437500,35430.402344,-177264.968750,-561830.437500,-739095.375000
ml,p5,70,2026-10-19,1897.362671,10.000000,1982.511597,50.000000,0.000000,3.000000,-297376.718750,148.688354,0.000000,1819.252686,50.000000,1.000000,1.000000,-90962.632812,45.481316,90962.632812,1898.770508,50.000000,-1.000000,1.000000,-94938.523438,47.469261,-94938.523438,-3975.890625,-135154.406250,35672.039062,-174802.343750,-561830.437500,-736632.750000
ml,p5,70,2026-10-20,1906.944458,10.000000,1982.511597,50.000000,1.000000,1.000000,-99125.578125,49.562786,99125.578125,1819.252686,50.000000,-3.000000,-4.000000,363850.531250,181.925262,-272887.875000,1901.815430,50.000000,0.000000,1.000000,-95090.773438,47.545387,0.000000,-173762.296875,34479.781250,35951.074219,-175233.593750,-561830.437500,-737064.000000
ml,p5,70,2026-10-21,1909.267334,10.000000,1982.511597,50.000000,-3.000000,-4.000000,396502.312500,198.251144,-297376.718750,1819.252686,50.000000,-2.000000,1.000000,-90962.632812,45.481316,-181925.265625,1897.827393,50.000000,1.000000,1.000000,-94891.367188,47.445683,94891.367188,-384410.625000,245128.093750,36242.253906,-175524.781250,-561830.437500,-737355.250000
ml,p5,70,2026-10-22,1907.937622,10.000000,1982.511597,50.000000,0.000000,3.000000,-297376.718750,148.688354,0.000000,1819.252686,50.000000,-1.000000,1.000000,-90962.632812,45.481316,-90962.632812,1895.163940,50.000000,-3.000000,-4.000000,379032.781250,189.516388,-284274.593750,-375237.218750,235821.500000,36625.937500,-176041.656250,-561830.437500,-737872.125000
ml,p5,70,2026-10-23,1921.233643,10.000000,1982.511597,50.000000,1.000000,1.000000,-99125.578125,49.562786,99125.578125,1819.252686,50.000000,0.000000,1.000000,-90962.632812,45.481316,0.000000,1924.507935,50.000000,-2.000000,1.000000,-96225.398438,48.112698,-192450.796875,-93325.218750,-50492.109375,36769.093750,-180586.421875,-561830.437500,-742416.875000
ml,p5,70,2026-10-24,1914.655396,10.000000,1982.511597,50.000000,1.000000,0.000000,-0.000000,0.000000,99125.578125,1819.252686,50.000000,0.000000,0.000000,-0.000000,0.000000,0.000000,1921.734741,50.000000,-2.000000,0.000000,-0.000000,0.000000,-192173.468750,-93047.890625,-50492.109375,36769.093750,-180309.093750,-561830.437500,-742139.500000
ml,p5,70,2026-10-25,1924.998047,10.000000,1982.511597,50.000000,1.000000,0.000000,-0.000000,0.000000,99125.578125,1819.252686,50.000000,0.000000,0.000000,-0.000000,0.000000,0.000000,1925.195679,50.000000,-2.000000,0.000000,-0.000000,0.000000,-192519.562500,-93393.984375,-50492.109375,36769.093750,-180655.187500,-561830.437500,-742485.625000
ml,p5,70,2026-10-26,1903.671021,10.000000,1982.511597,50.000000,-3.000000,-4.000000,396502.312500,198.251144,-297376.718750,1819.252686,50.000000,1.000000,1.000000,-90962.632812,45.481316,90962.632812,1899.176514,50.000000,-1.000000,1.000000,-94958.828125,47.479412,-94958.828125,-301372.937500,160088.750000,37060.304688,-178344.500000,-561830.437500,-740174.937500
ml,p5,70,2026-10-27,1919.749268,10.000000,1982.511597,50.000000,0.000000,3.000000,-297376.718750,148.688354,0.000000,1819.252686,50.000000,-3.000000,-4.000000,363850.531250,181.925262,-272887.875000,1912.261841,50.000000,0.000000,1.000000,-95613.093750,47.806545,0.000000,-272887.875000,130949.468750,37438.726562,-179377.125000,-561830.437500,-741207.562500
ml,p5,70,2026-10-28,1914.841553,10.000000,1982.511597,50.000000,1.000000,1.000000,-99125.578125,49.562786,99125.578125,1819.252686,50.000000,-2.000000,1.000000,-90962.632812,45.481316,-181925.265625,1911.067871,50.000000,1.000000,1.000000,-95553.390625,47.776691,95553.390625,12753.703125,-154692.125000,37581.546875,-179519.968750,-561830.437500,-741350.375000
ml,p5,70,2026-10-29,1909.635986,10.000000,1982.511597,50.000000,0.000000,-1.000000,99125.578125,49.562786,0.000000,1819.252686,50.000000,0.000000,2.000000,-181925.265625,90.962631,0.000000,1913.506958,50.000000,0.000000,-1.000000,95675.351562,47.837673,0.000000,0.000000,-141816.468750,37769.910156,-179586.375000,-561830.437500,-741416.812500
ml,p5,70,2026-10-30,1915.472656,10.000000,1982.511597,50.000000,0.000000,0.000000,-0.000000,0.000000,0.000000,1819.252686,50.000000,0.000000,0.000000,-0.000000,0.000000,0.000000,1913.506958,50.000000,0.000000,0.000000,-0.000000,0.000000,0.000000,0.000000,-141816.468750,37769.910156,-179586.375000,-561830.437500,-741416.812500
ml,p95,328,2026-04-10,2055.000244,10.000000,2026.171509,50.000000,-4.000000,-4.000000,405234.312500,202.617142,-405234.312500,2047.068848,50.000000,-4.000000,-4.000000,409413.781250,204.706879,-409413.781250,2070.749756,50.000000,-4.000000,-4.000000,414149.937500,207.074966,-414149.937500,-1228798.000000,1228798.000000,614.398987,-614.398987,4854.181641,4239.782715
ml,p95,328,2026-04-11,2021.527100,10.000000,2004.833496,50.000000,-4.000000,0.000000,-0.000000,0.000000,-400966.687500,2024.614136,50.000000,-4.000000,0.000000,-0.000000,0.000000,-404922.812500,2046.348511,50.000000,-4.000000,0.000000,-0.000000,0.000000,-409269.687500,-1215159.250000,1228798.000000,614.398987,13024.350586,-73573.007812,-60548.656250
ml,p95,328,2026-04-12,2081.351562,10.000000,2079.683350,50.000000,-4.000000,0.000000,-0.000000,0.000000,-415936.656250,2101.392090,50.000000,-4.000000,0.000000,-0.000000,0.000000,-420278.406250,2124.066895,50.000000,-4.000000,0.000000,-0.000000,0.000000,-424813.375000,-1261028.500000,1228798.000000,614.398987,-32844.898438,78046.328125,45201.429688
ml,p95,328,2026-04-13,2086.993652,10.000000,2095.583496,50.000000,-3.000000,1.000000,-104779.171875,52.389587,-314337.531250,2117.821045,50.000000,-3.000000,1.000000,-105891.054688,52.945522,-317673.156250,2140.001221,50.000000,-3.000000,1.000000,-107000.062500,53.500031,-321000.187500,-953010.875000,911127.750000,773.234131,-42656.359375,94156.734375,51500.375000
ml,p95,328,2026-04-14,2067.817871,10.000000,2078.605713,50.000000,-2.000000,1.000000,-103930.289062,51.965141,-207860.578125,2102.421875,50.000000,-2.000000,1.000000,-105121.093750,52.560547,-210242.187500,2124.866455,50.000000,-2.000000,1.000000,-106243.320312,53.121662,-212486.640625,-630589.375000,595833.000000,930.881470,-35687.257812,43655.097656,7967.839844
ml,p95,328,2026-04-15,2075.750732,10.000000,2082.748291,50.000000,-1.000000,1.000000,-104137.414062,52.068707,-104137.414062,2105.677490,50.000000,-1.000000,1.000000,-105283.875000,52.641937,-105283.875000,2128.859131,50.000000,-1.000000,1.000000,-106442.953125,53.221474,-106442.953125,-315864.250000,279968.781250,1088.813599,-36984.281250,71552.093750,34567.812500
ml,p95,328,2026-04-16,2089.171143,10.000000,2096.351318,50.000000,0.000000,1.000000,-104817.562500,52.408779,0.000000,2118.174072,50.000000,0.000000,1.000000,-105908.703125,52.954350,0.000000,2140.846680,50.000000,0.000000,1.000000,-107042.335938,53.521168,0.000000,0.000000,-37799.804688,1247.697876,-39047.503906,108592.070312,69544.562500
ml,p95,328,2026-04-17,2088.872314,10.000000,2092.666016,50.000000,-4.000000,-4.000000,418533.187500,209.266602,-418533.187500,2115.011230,50.000000,-4.000000,-4.000000,423002.250000,211.501114,-423002.250000,2137.509521,50.000000,-4.000000,-4.000000,427501.906250,213.750946,-427501.906250,-1269037.375000,1231237.500000,1882.216553,-39682.089844,112027.968750,72345.875000
ml,p95,328,2026-04-18,2097.044922,10.000000,2113.687988,50.000000,-4.000000,0.000000,-0.000000,0.000000,-422737.593750,2136.415283,50.000000,-4.000000,0.000000,-0.000000,0.000000,-427283.062500,2159.385254,50.000000,-4.000000,0.000000,-0.000000,0.000000,-431877.062500,-1281897.750000,1231237.500000,1882.216553,-52542.464844,138108.796875,85566.328125
ml,p95,328,2026-04-19,2113.005615,10.000000,2128.800049,50.000000,-4.000000,0.000000,-0.000000,0.000000,-425760.000000,2154.190918,50.000000,-4.000000,0.000000,-0.000000,0.000000,-430838.187500,2177.796143,50.000000,-4.000000,0.000000,-0.000000,0.000000,-435559.218750,-1292157.375000,1231237.500000,1882.216553,-62802.089844,177387.125000,114585.031250
ml,p95,328,2026-04-20,2106.211426,10.000000,2121.247803,50.000000,-3.000000,1.000000,-106062.390625,53.031193,-318187.156250,2143.753906,50.000000,-3.000000,1.000000,-107187.695312,53.593849,-321563.093750,2164.713379,50.000000,-3.000000,1.000000,-108235.671875,54.117836,-324707.000000,-964457.250000,909751.812500,2042.959473,-56748.398438,152000.250000,95251.851562
ml,p95,328,2026-04-21,2078.739014,10.000000,2093.854492,50.000000,-2.000000,1.000000,-104692.726562,52.346363,-209385.453125,2114.724121,50.000000,-2.000000,1.000000,-105736.203125,52.868099,-211472.406250,2134.894775,50.000000,-2.000000,1.000000,-106744.742188,53.372368,-213489.484375,-634347.375000,592578.125000,2201.546143,-43970.796875,86339.992188,42369.195312
ml,p95,328,2026-04-22,2060.599365,10.000000,2048.224854,50.000000,-1.000000,1.000000,-102411.242188,51.205620,-102411.242188,2069.415039,50.000000,-1.000000,1.000000,-103470.750000,51.735374,-103470.750000,2089.201904,50.000000,-1.000000,1.000000,-104460.093750,52.230045,-104460.093750,-310342.093750,282236.031250,2356.717285,-30462.779297,49769.179688,19306.400391
ml,p95,328,2026-04-23,2077.570801,10.000000,2074.574219,50.000000,0.000000,1.000000,-103728.710938,51.864353,0.000000,2096.425537,50.000000,0.000000,1.000000,-104821.273438,52.410637,0.000000,2117.028076,50.000000,0.000000,1.000000,-105851.406250,52.925697,0.000000,0.000000,-32165.367188,2513.917969,-34679.285156,99156.101562,64476.816406
ml,p95,328,2026-04-24,2041.420776,10.000000,2038.016846,50.000000,-4.000000,-4.000000,407603.375000,203.801682,-407603.375000,2058.550537,50.000000,-4.000000,-4.000000,411710.093750,205.855042,-411710.093750,2077.738525,50.000000,-4.000000,-4.000000,415547.718750,207.773865,-415547.718750,-1234861.250000,1202695.875000,3131.348633,-35296.722656,10050.010742,-25246.710938
ml,p95,328,2026-04-25,2032.093384,10.000000,2048.783936,50.000000,-4.000000,0.000000,-0.000000,0.000000,-409756.781250,2069.362305,50.000000,-4.000000,0.000000,-0.000000,0.000000,-413872.468750,2088.356934,50.000000,-4.000000,0.000000,-0.000000,0.000000,-417671.375000,-1241300.625000,1202695.875000,3131.348633,-41736.097656,-11767.639648,-53503.738281
ml,p95,328,2026-04-26,2023.904541,10.000000,2038.663940,50.000000,-4.000000,0.000000,-0.000000,0.000000,-407732.781250,2058.511719,50.000000,-4.000000,0.000000,-0.000000,0.000000,-411702.343750,2077.401123,50.000000,-4.000000,0.000000,-0.000000,0.000000,-415480.218750,-1234915.375000,1202695.875000,3131.348633,-35350.847656,-25758.896484,-61109.742188
ml,p95,328,2026-04-27,2060.703369,10.000000,2061.131836,50.000000,-3.000000,1.000000,-103056.593750,51.528297,-309169.781250,2081.485352,50.000000,-3.000000,1.000000,-104074.265625,52.037128,-312222.812500,2099.790527,50.000000,-3.000000,1.000000,-104989.523438,52.494762,-314968.593750,-936361.250000,890575.437500,3287.408691,-49073.222656,75319.015625,26245.792969
ml,p95,328,2026-04-28,2143.626465,10.000000,2160.705078,50.000000,-2.000000,1.000000,-108035.250000,54.017624,-216070.500000,2181.619385,50.000000,-2.000000,1.000000,-109080.968750,54.540485,-218161.937500,2200.253418,50.000000,-2.000000,1.000000,-110012.671875,55.006336,-220025.343750,-654257.750000,563446.562500,3450.973145,-94262.164062,286188.593750,191926.437500
ml,p95,328,2026-04-29,2145.781982,10.000000,2153.183105,50.000000,-1.000000,1.000000,-107659.156250,53.829575,-107659.156250,2172.995605,50.000000,-1.000000,1.000000,-108649.781250,54.324886,-108649.781250,2190.514404,50.000000,-1.000000,1.000000,-109525.718750,54.762859,-109525.718750,-325834.656250,237611.890625,3613.890625,-91836.656250,289794.781250,197958.125000
ml,p95,328,2026-04-30,2156.448730,10.000000,2153.183105,50.000000,0.000000,1.000000,-107659.156250,53.829575,0.000000,2186.912354,50.000000,0.000000,1.000000,-109345.617188,54.672806,0.000000,2205.036865,50.000000,0.000000,1.000000,-110251.843750,55.125923,0.000000,0.000000,-89644.726562,3777.519043,-93422.242188,315308.750000,221886.500000
ml,p95,328,2026-05-01,2165.137695,10.000000,2153.183105,50.000000,1.000000,1.000000,-107659.156250,53.829575,107659.156250,2171.462158,50.000000,-4.000000,-4.000000,434292.437500,217.146225,-434292.437500,2187.360352,50.000000,-4.000000,-4.000000,437472.062500,218.736023,-437472.062500,-764105.375000,674460.625000,4267.230469,-93911.984375,332531.312500,238619.328125
ml,p95,328,2026-05-02,2113.226318,10.000000,2153.183105,50.000000,1.000000,0.000000,-0.000000,0.000000,107659.156250,2103.818604,50.000000,-4.000000,0.000000,-0.000000,0.000000,-420763.718750,2120.204346,50.000000,-4.000000,0.000000,-0.000000,0.000000,-424040.875000,-737145.437500,674460.625000,4267.230469,-66952.046875,199546.125000,132594.078125
ml,p95,328,2026-05-03,2105.523682,10.000000,2153.183105,50.000000,1.000000,0.000000,-0.000000,0.000000,107659.156250,2124.685791,50.000000,-4.000000,0.000000,-0.000000,0.000000,-424937.156250,2141.338623,50.000000,-4.000000,0.000000,-0.000000,0.000000,-428267.718750,-745545.750000,674460.625000,4267.230469,-75352.359375,174335.562500,98983.203125
ml,p95,328,2026-05-04,2115.685303,10.000000,2153.183105,50.000000,-3.000000,-4.000000,430636.625000,215.318298,-322977.468750,2151.303955,50.000000,-3.000000,1.000000,-107565.195312,53.782600,-322695.593750,2168.892334,50.000000,-3.000000,1.000000,-108444.617188,54.222305,-325333.843750,-971006.875000,889087.375000,4590.553711,-86510.054688,199053.843750,112543.789062
ml,p95,328,2026-05-05,2076.351807,10.000000,2153.183105,50.000000,-2.000000,1.000000,-107659.156250,53.829575,-215318.312500,2083.440918,50.000000,-2.000000,1.000000,-104172.046875,52.086025,-208344.093750,2101.040771,50.000000,-2.000000,1.000000,-105052.039062,52.526016,-210104.078125,-633766.500000,572204.187500,4748.995605,-66311.304688,99028.468750,32717.164062
ml,p95,328,2026-05-06,2087.441406,10.000000,2153.183105,50.000000,-1.000000,1.000000,-107659.156250,53.829575,-107659.156250,2113.728760,50.000000,-1.000000,1.000000,-105686.437500,52.843216,-105686.437500,2130.555420,50.000000,-1.000000,1.000000,-106527.773438,53.263885,-106527.773438,-319873.375000,252330.812500,4908.932129,-72451.492188,129352.968750,56901.476562
ml,p95,328,2026-05-07,2098.301270,10.000000,2153.183105,50.000000,0.000000,1.000000,-107659.156250,53.829575,0.000000,2127.619141,50.000000,0.000000,1.000000,-106380.953125,53.190475,0.000000,2145.168701,50.000000,0.000000,1.000000,-107258.437500,53.629219,0.000000,0.000000,-68967.726562,5069.581543,-74037.304688,160899.984375,86862.679688
ml,p95,328,2026-05-08,2100.514648,10.000000,2153.183105,50.000000,1.000000,1.000000,-107659.156250,53.829575,107659.156250,2131.271973,50.000000,-4.000000,-4.000000,426254.406250,213.127197,-426254.406250,2148.945068,50.000000,-4.000000,-4.000000,429789.000000,214.894501,-429789.000000,-748384.250000,679416.500000,5551.432617,-74519.179688,166421.093750,91901.914062
ml,p95,328,2026-05-09,2111.877441,10.000000,2153.183105,50.000000,1.000000,0.000000,-0.000000,0.000000,107659.156250,2121.409424,50.000000,-4.000000,0.000000,-0.000000,0.000000,-424281.875000,2137.875732,50.000000,-4.000000,0.000000,-0.000000,0.000000,-427575.156250,-744197.875000,679416.500000,5551.432617,-70332.804688,190935.421875,120602.617188
ml,p95,328,2026-05-10,2105.296631,10.000000,2153.183105,50.000000,1.000000,0.000000,-0.000000,0.000000,107659.156250,2107.850098,50.000000,-4.000000,0.000000,-0.000000,0.000000,-421570.031250,2124.521729,50.000000,-4.000000,0.000000,-0.000000,0.000000,-424904.343750,-738815.250000,679416.500000,5551.432617,-64950.183594,167027.906250,102077.718750
ml,p95,328,2026-05-11,2052.819092,10.000000,2153.183105,50.000000,-3.000000,-4.000000,430636.625000,215.318298,-322977.468750,2089.403564,50.000000,-3.000000,1.000000,-104470.179688,52.235088,-313410.562500,2108.563232,50.000000,-3.000000,1.000000,-105428.164062,52.714081,-316284.468750,-952672.500000,900154.812500,5871.700195,-58389.386719,33602.386719,-24787.000000
ml,p95,328,2026-05-12,2064.834717,10.000000,2153.183105,50.000000,-2.000000,1.000000,-107659.156250,53.829575,-215318.312500,2097.120361,50.000000,-2.000000,1.000000,-104856.015625,52.428005,-209712.031250,2116.343994,50.000000,-2.000000,1.000000,-105817.203125,52.908600,-211634.406250,-636664.750000,581822.437500,6030.866211,-60873.179688,63042.250000,2169.070312
ml,p95,328,2026-05-13,2096.001221,10.000000,2153.183105,50.000000,-1.000000,1.000000,-107659.156250,53.829575,-107659.156250,2138.041992,50.000000,-1.000000,1.000000,-106902.101562,53.451050,-106902.101562,2155.039307,50.000000,-1.000000,1.000000,-107751.968750,53.875988,-107751.968750,-322313.218750,259509.203125,6192.022461,-68996.039062,145315.890625,76319.851562
ml,p95,328,2026-05-14,2095.765381,10.000000,2153.183105,50.000000,0.000000,1.000000,-107659.156250,53.829575,0.000000,2120.020752,50.000000,0.000000,1.000000,-106001.039062,53.000519,0.000000,2139.542725,50.000000,0.000000,1.000000,-106977.132812,53.488567,0.000000,0.000000,-61128.125000,6352.341797,-67480.468750,142751.812500,75271.343750
ml,p95,328,2026-05-15,2090.869385,10.000000,2153.183105,50.000000,1.000000,1.000000,-107659.156250,53.829575,107659.156250,2094.608643,50.000000,-4.000000,-4.000000,418921.718750,209.460861,-418921.718750,2113.487549,50.000000,-4.000000,-4.000000,422697.500000,211.348740,-422697.500000,-733960.062500,672831.937500,6826.980957,-67955.109375,131424.140625,63469.031250
ml,p95,328,2026-05-16,2074.320068,10.000000,2153.183105,50.000000,1.000000,0.000000,-0.000000,0.000000,107659.156250,2096.887207,50.000000,-4.000000,0.000000,-0.000000,0.000000,-419377.437500,2115.045898,50.000000,-4.000000,0.000000,-0.000000,0.000000,-423009.187500,-734727.500000,672831.937500,6826.980957,-68722.546875,89468.570312,20746.023438
ml,p95,328,2026-05-17,2067.694824,10.000000,2153.183105,50.000000,1.000000,0.000000,-0.000000,0.000000,107659.156250,2077.872314,50.000000,-4.000000,0.000000,-0.000000,0.000000,-415574.468750,2099.870117,50.000000,-4.000000,0.000000,-0.000000,0.000000,-419974.031250,-727889.375000,672831.937500,6826.980957,-61884.417969,71537.781250,9653.363281
ml,p95,328,2026-05-18,2118.724121,10.000000,2153.183105,50.000000,-3.000000,-4.000000,430636.625000,215.318298,-322977.468750,2130.787842,50.000000,-3.000000,1.000000,-106539.390625,53.269691,-319618.156250,2156.577881,50.000000,-3.000000,1.000000,-107828.890625,53.914444,-323486.656250,-966082.250000,889100.312500,7149.483398,-84131.421875,206590.390625,122458.968750
ml,p95,328,2026-05-19,2110.114746,10.000000,2153.183105,50.000000,-2.000000,1.000000,-107659.156250,53.829575,-215318.312500,2118.326416,50.000000,-2.000000,1.000000,-105916.320312,52.958160,-211832.640625,2140.131348,50.000000,-2.000000,1.000000,-107006.570312,53.503284,-214013.140625,-641164.062500,568518.250000,7309.774414,-79955.585938,183125.796875,103170.210938
ml,p95,328,2026-05-20,2105.977295,10.000000,2153.183105,50.000000,-1.000000,1.000000,-107659.156250,53.829575,-107659.156250,2105.405273,50.000000,-1.000000,1.000000,-105270.265625,52.635128,-105270.265625,2128.115234,50.000000,-1.000000,1.000000,-106405.765625,53.202881,-106405.765625,-319335.187500,249183.046875,7469.441895,-77621.585938,169466.765625,91845.179688
ml,p95,328,2026-05-21,2113.839844,10.000000,2153.183105,50.000000,0.000000,1.000000,-107659.156250,53.829575,0.000000,2148.060791,50.000000,0.000000,1.000000,-107403.039062,53.701519,0.000000,2170.125244,50.000000,0.000000,1.000000,-108506.265625,54.253128,0.000000,0.000000,-74385.414062,7631.225586,-82016.640625,191555.062500,109538.421875
ml,p95,328,2026-05-22,2151.790527,10.000000,2153.183105,50.000000,1.000000,1.000000,-107659.156250,53.829575,107659.156250,2142.776123,50.000000,-4.000000,-4.000000,428555.218750,214.277588,-428555.218750,2164.375000,50.000000,-4.000000,-4.000000,432875.000000,216.437500,-432875.000000,-753771.062500,679385.625000,8115.770508,-82501.210938,285179.031250,202677.812500
ml,p95,328,2026-05-23,2194.950928,10.000000,2153.183105,50.000000,1.000000,0.000000,-0.000000,0.000000,107659.156250,2213.805664,50.000000,-4.000000,0.000000,-0.000000,0.000000,-442761.125000,2240.384033,50.000000,-4.000000,0.000000,-0.000000,0.000000,-448076.812500,-783178.750000,679385.625000,8115.770508,-111908.898438,396897.437500,284988.531250
ml,p95,328,2026-05-24,2224.244141,10.000000,2153.183105,50.000000,1.000000,0.000000,-0.000000,0.000000,107659.156250,2245.690430,50.000000,-4.000000,0.000000,-0.000000,0.000000,-449138.093750,2270.395508,50.000000,-4.000000,0.000000,-0.000000,0.000000,-454079.093750,-795558.000000,679385.625000,8115.770508,-124288.148438,469572.500000,345284.343750
ml,p95,328,2026-05-25,2249.276123,10.000000,2153.183105,50.000000,1.000000,0.000000,-0.000000,0.000000,107659.156250,2261.676025,50.000000,-4.000000,0.000000,-0.000000,0.000000,-452335.218750,2289.659912,50.000000,-4.000000,0.000000,-0.000000,0.000000,-457931.968750,-802608.000000,679385.625000,8115.770508,-131338.140625,528187.437500,396849.312500
ml,p95,328,2026-05-26,2235.936035,10.000000,2153.183105,50.000000,-3.000000,-4.000000,430636.625000,215.318298,-322977.468750,2295.216309,50.000000,-3.000000,1.000000,-114760.812500,57.380405,-344282.437500,2323.450195,50.000000,-3.000000,1.000000,-116172.507812,58.086254,-348517.531250,-1015777.375000,879088.937500,8446.555664,-145135.000000,498052.125000,352917.125000
ml,p95,328,2026-05-27,2228.234375,10.000000,2153.183105,50.000000,-2.000000,1.000000,-107659.156250,53.829575,-215318.312500,2254.150391,50.000000,-2.000000,1.000000,-112707.515625,56.353756,-225415.031250,2277.761963,50.000000,-2.000000,1.000000,-113888.101562,56.944050,-227776.203125,-668509.562500,544834.187500,8613.682617,-132289.062500,482124.718750,349835.656250
ml,p95,328,2026-05-28,2248.189941,10.000000,2153.183105,50.000000,-1.000000,1.000000,-107659.156250,53.829575,-107659.156250,2265.553955,50.000000,-1.000000,1.000000,-113277.695312,56.638847,-113277.695312,2287.348877,50.000000,-1.000000,1.000000,-114367.445312,57.183723,-114367.445312,-335304.281250,209529.875000,8781.334961,-134555.734375,532438.625000,397882.875000
ml,p95,328,2026-05-29,2214.244141,10.000000,2153.183105,50.000000,0.000000,1.000000,-107659.156250,53.829575,0.000000,2243.342773,50.000000,0.000000,1.000000,-112167.140625,56.083569,0.000000,2264.080322,50.000000,0.000000,1.000000,-113204.015625,56.602005,0.000000,0.000000,-123500.429688,8947.850586,-132448.281250,447560.562500,315112.281250
ml,p95,328,2026-05-30,2270.362061,10.000000,2153.183105,50.000000,0.000000,0.000000,-0.000000,0.000000,0.000000,2271.687012,50.000000,0.000000,0.000000,-0.000000,0.000000,0.000000,2293.734375,50.000000,0.000000,0.000000,-0.000000,0.000000,0.000000,0.000000,-123500.429688,8947.850586,-132448.281250,590775.000000,458326.718750
ml,p95,328,2026-05-31,2264.379883,10.000000,2153.183105,50.000000,0.000000,0.000000,-0.000000,0.000000,0.000000,2281.159424,50.000000,0.000000,0.000000,-0.000000,0.000000,0.000000,2303.637695,50.000000,0.000000,0.000000,-0.000000,0.000000,0.000000,0.000000,-123500.429688,8947.850586,-132448.281250,575690.500000,443242.218750
ml,p95,328,2026-06-01,2245.398926,10.000000,2153.183105,50.000000,1.000000,1.000000,-107659.156250,53.829575,107659.156250,2262.852783,50.000000,-4.000000,-4.000000,452570.562500,226.285263,-452570.562500,2284.714111,50.000000,-4.000000,-4.000000,456942.812500,228.471390,-456942.812500,-801854.250000,678353.750000,9456.436523,-132956.937500,530685.500000,397728.562500
ml,p95,328,2026-06-02,2246.382324,10.000000,2153.183105,50.000000,-3.000000,-4.000000,430636.625000,215.318298,-322977.468750,2264.646484,50.000000,-3.000000,1.000000,-113232.328125,56.616161,-339696.968750,2284.953125,50.000000,-3.000000,1.000000,-114247.656250,57.123825,-342742.968750,-1005417.375000,881510.375000,9785.495117,-133692.500000,529212.000000,395519.500000
ml,p95,328,2026-06-03,2228.546875,10.000000,2153.183105,50.000000,-2.000000,1.000000,-107659.156250,53.829575,-215318.312500,2255.984619,50.000000,-2.000000,1.000000,-112799.234375,56.399616,-225598.468750,2277.268066,50.000000,-2.000000,1.000000,-113863.406250,56.931698,-227726.812500,-668643.625000,547188.625000,9952.655273,-131407.656250,482911.625000,351503.968750
ml,p95,328,2026-06-04,2177.356689,10.000000,2153.183105,50.000000,-1.000000,1.000000,-107659.156250,53.829575,-107659.156250,2189.969482,50.000000,-1.000000,1.000000,-109498.476562,54.749237,-109498.476562,2209.082764,50.000000,-1.000000,1.000000,-110454.140625,55.227066,-110454.140625,-327611.750000,219576.875000,10116.461914,-118151.335938,352764.093750,234612.750000
ml,p95,328,2026-06-05,2207.737061,10.000000,2153.183105,50.000000,0.000000,1.000000,-107659.156250,53.829575,0.000000,2237.768066,50.000000,0.000000,1.000000,-111888.406250,55.944199,0.000000,2259.707031,50.000000,0.000000,1.000000,-112985.351562,56.492672,0.000000,0.000000,-112956.054688,10282.727539,-123238.781250,426299.312500,303060.531250
ml,p95,328,2026-06-06,2215.710938,10.000000,2153.183105,50.000000,0.000000,0.000000,-0.000000,0.000000,0.000000,2272.062500,50.000000,0.000000,0.000000,-0.000000,0.000000,0.000000,2293.139648,50.000000,0.000000,0.000000,-0.000000,0.000000,0.000000,0.000000,-112956.054688,10282.727539,-123238.781250,442309.281250,319070.500000
ml,p95,328,2026-06-07,2275.123779,10.000000,2153.183105,50.000000,0.000000,0.000000,-0.000000,0.000000,0.000000,2311.250000,50.000000,0.000000,0.000000,-0.000000,0.000000,0.000000,2329.164062,50.000000,0.000000,0.000000,-0.000000,0.000000,0.000000,0.000000,-112956.054688,10282.727539,-123238.781250,589803.187500,466564.406250
ml,p95,328,2026-06-08,2295.465332,10.000000,2153.183105,50.000000,1.000000,1.000000,-107659.156250,53.829575,107659.156250,2313.337646,50.000000,-4.000000,-4.000000,462667.531250,231.333771,-462667.531250,2329.268555,50.000000,-4.000000,-4.000000,465853.718750,232.926849,-465853.718750,-820862.125000,707906.062500,10800.818359,-123756.882812,637360.375000,513603.500000
ml,p95,328,2026-06-09,2319.884766,10.000000,2153.183105,50.000000,-3.000000,-4.000000,430636.625000,215.318298,-322977.468750,2326.539795,50.000000,-3.000000,1.000000,-116326.992188,58.163494,-348980.968750,2342.438965,50.000000,-3.000000,1.000000,-117121.945312,58.560974,-351365.843750,-1023324.250000,905093.750000,11132.861328,-129363.359375,695954.187500,566590.812500
ml,p95,328,2026-06-10,2315.178223,10.000000,2153.183105,50.000000,-2.000000,1.000000,-107659.156250,53.829575,-215318.312500,2314.178223,50.000000,-2.000000,1.000000,-115708.914062,57.854454,-231417.828125,2333.542969,50.000000,-2.000000,1.000000,-116677.148438,58.338573,-233354.296875,-680090.437500,565048.500000,11302.882812,-126344.820312,681449.062500,555104.250000
ml,p95,328,2026-06-11,2334.849121,10.000000,2153.183105,50.000000,-1.000000,1.000000,-107659.156250,53.829575,-107659.156250,2353.218262,50.000000,-1.000000,1.000000,-117660.914062,58.830456,-117660.914062,2374.613037,50.000000,-1.000000,1.000000,-118730.648438,59.365322,-118730.648438,-344050.718750,220997.781250,11474.909180,-134527.843750,726865.000000,592337.125000
ml,p95,328,2026-06-12,2287.917725,10.000000,2153.183105,50.000000,0.000000,1.000000,-107659.156250,53.829575,0.000000,2295.379150,50.000000,0.000000,1.000000,-114768.960938,57.384480,0.000000,2314.695557,50.000000,0.000000,1.000000,-115734.781250,57.867386,0.000000,0.000000,-117165.109375,11643.990234,-128809.101562,609401.937500,480592.843750
ml,p95,328,2026-06-13,2281.245361,10.000000,2153.183105,50.000000,0.000000,0.000000,-0.000000,0.000000,0.000000,2302.665771,50.000000,0.000000,0.000000,-0.000000,0.000000,0.000000,2319.850342,50.000000,0.000000,0.000000,-0.000000,0.000000,0.000000,0.000000,-117165.109375,11643.990234,-128809.101562,588869.062500,460059.968750
ml,p95,328,2026-06-14,2271.248779,10.000000,2153.183105,50.000000,0.000000,0.000000,-0.000000,0.000000,0.000000,2253.421143,50.000000,0.000000,0.000000,-0.000000,0.000000,0.000000,2269.763916,50.000000,0.000000,0.000000,-0.000000,0.000000,0.000000,0.000000,-117165.109375,11643.990234,-128809.101562,563790.937500,434981.843750
ml,p95,328,2026-06-15,2306.854980,10.000000,2153.183105,50.000000,1.000000,1.000000,-107659.156250,53.829575,107659.156250,2300.780762,50.000000,1.000000,1.000000,-115039.039062,57.519516,115039.039062,2314.472900,50.000000,-4.000000,-4.000000,462894.593750,231.447296,-462894.593750,-240196.406250,123031.312500,11986.787109,-129151.882812,652574.937500,523423.062500
ml,p95,328,2026-06-16,2316.877930,10.000000,2153.183105,50.000000,-3.000000,-4.000000,430636.625000,215.318298,-322977.468750,2297.879883,50.000000,-3.000000,-4.000000,459575.968750,229.787964,-344681.968750,2307.630127,50.000000,-3.000000,1.000000,-115381.507812,57.690754,-346144.531250,-1013804.000000,897862.437500,12489.583008,-128431.148438,679542.187500,551111.062500
ml,p95,328,2026-06-17,2309.954834,10.000000,2153.183105,50.000000,-2.000000,1.000000,-107659.156250,53.829575,-215318.312500,2325.580566,50.000000,-2.000000,1.000000,-116279.031250,58.139511,-232558.062500,2333.966309,50.000000,-2.000000,1.000000,-116698.312500,58.349155,-233396.625000,-681273.000000,557225.875000,12659.902344,-136707.031250,661311.875000,524604.875000
ml,p95,328,2026-06-18,2346.539307,10.000000,2153.183105,50.000000,-1.000000,1.000000,-107659.156250,53.829575,-107659.156250,2334.346924,50.000000,-1.000000,1.000000,-116717.343750,58.358673,-116717.343750,2342.298096,50.000000,-1.000000,1.000000,-117114.906250,58.557449,-117114.906250,-341491.406250,215734.468750,12830.648438,-138587.593750,753174.500000,614586.875000
ml,p95,328,2026-06-19,2343.617432,10.000000,2153.183105,50.000000,-1.000000,0.000000,-0.000000,0.000000,-107659.156250,2355.534668,50.000000,-1.000000,0.000000,-0.000000,0.000000,-117776.734375,2362.729492,50.000000,-1.000000,0.000000,-0.000000,0.000000,-118136.476562,-343572.375000,215734.468750,12830.648438,-140668.562500,746271.562500,605603.000000
ml,p95,328,2026-06-20,2338.172363,10.000000,2153.183105,50.000000,-1.000000,0.000000,-0.000000,0.000000,-107659.156250,2350.950439,50.000000,-1.000000,0.000000,-0.000000,0.000000,-117547.523438,2358.046143,50.000000,-1.000000,0.000000,-0.000000,0.000000,-117902.304688,-343109.000000,215734.468750,12830.648438,-140205.187500,731352.375000,591147.187500
ml,p95,328,2026-06-21,2343.934814,10.000000,2153.183105,50.000000,-1.000000,0.000000,-0.000000,0.000000,-107659.156250,2365.519775,50.000000,-1.000000,0.000000,-0.000000,0.000000,-118275.992188,2375.799805,50.000000,-1.000000,0.000000,-0.000000,0.000000,-118789.992188,-344725.156250,215734.468750,12830.648438,-141821.343750,745174.500000,603353.125000
ml,p95,328,2026-06-22,2330.708740,10.000000,2153.183105,50.000000,0.000000,1.000000,-107659.156250,53.829575,0.000000,2311.245605,50.000000,0.000000,1.000000,-115562.281250,57.781136,0.000000,2324.740723,50.000000,0.000000,1.000000,-116237.039062,58.118519,0.000000,0.000000,-123724.007812,13000.376953,-136724.390625,711953.437500,575229.062500
ml,p95,328,2026-06-23,2386.143799,10.000000,2153.183105,50.000000,1.000000,1.000000,-107659.156250,53.829575,107659.156250,2384.242676,50.000000,1.000000,1.000000,-119212.132812,59.606068,119212.132812,2401.458008,50.000000,1.000000,1.000000,-120072.898438,60.036449,120072.898438,346944.187500,-470668.187500,13173.849609,-136897.843750,848577.250000,711679.375000
ml,p95,328,2026-06-24,2357.389893,10.000000,2153.183105,50.000000,-3.000000,-4.000000,430636.625000,215.318298,-322977.468750,2351.824707,50.000000,-3.000000,-4.000000,470364.937500,235.182465,-352773.718750,2369.112061,50.000000,-3.000000,-4.000000,473822.406250,236.911194,-355366.812500,-1031118.000000,904155.812500,13861.261719,-140823.453125,778002.500000,637179.062500
ml,p95,328,2026-06-25,2352.376221,10.000000,2153.183105,50.000000,-2.000000,1.000000,-107659.156250,53.829575,-215318.312500,2358.955078,50.000000,-2.000000,1.000000,-117947.750000,58.973873,-235895.500000,2377.470947,50.000000,-2.000000,1.000000,-118873.546875,59.436775,-237747.093750,-688960.875000,559675.312500,14033.501953,-143319.062500,764748.062500,621429.000000
ml,p95,328,2026-06-26,2345.791992,10.000000,2153.183105,50.000000,-1.000000,1.000000,-107659.156250,53.829575,-107659.156250,2360.249268,50.000000,-1.000000,1.000000,-118012.460938,59.006229,-118012.460938,2379.829346,50.000000,-1.000000,1.000000,-118991.468750,59.495735,-118991.468750,-344663.093750,215012.234375,14205.832031,-143856.687500,747557.000000,603700.312500
ml,p95,328,2026-06-27,2372.598145,10.000000,2153.183105,50.000000,-1.000000,0.000000,-0.000000,0.000000,-107659.156250,2388.109863,50.000000,-1.000000,0.000000,-0.000000,0.000000,-119405.492188,2407.439941,50.000000,-1.000000,0.000000,-0.000000,0.000000,-120372.000000,-347436.656250,215012.234375,14205.832031,-146630.250000,815382.312500,668752.062500
ml,p95,328,2026-06-28,2402.861816,10.000000,2153.183105,50.000000,-1.000000,0.000000,-0.000000,0.000000,-107659.156250,2418.684814,50.000000,-1.000000,0.000000,-0.000000,0.000000,-120934.242188,2436.923828,50.000000,-1.000000,0.000000,-0.000000,0.000000,-121846.187500,-350439.593750,215012.234375,14205.832031,-149633.187500,888939.562500,739306.375000
ml,p95,328,2026-06-29,2436.873291,10.000000,2153.183105,50.000000,0.000000,1.000000,-107659.156250,53.829575,0.000000,2462.880371,50.000000,0.000000,1.000000,-123144.015625,61.572006,0.000000,2481.867920,50.000000,0.000000,1.000000,-124093.398438,62.046700,0.000000,0.000000,-139884.343750,14383.281250,-154267.625000,972763.375000,818495.750000
ml,p95,328,2026-06-30,2425.014893,10.000000,2153.183105,50.000000,1.000000,1.000000,-107659.156250,53.829575,107659.156250,2429.322998,50.000000,-4.000000,-4.000000,485864.593750,242.932297,-485864.593750,2448.845947,50.000000,-4.000000,-4.000000,489769.187500,244.884598,-489769.187500,-867974.625000,728090.250000,14924.927734,-154809.296875,941883.125000,787073.812500
ml,p95,328,2026-07-01,2390.285645,10.000000,2153.183105,50.000000,-3.000000,-4.000000,430636.625000,215.318298,-322977.468750,2423.146240,50.000000,-3.000000,1.000000,-121157.312500,60.578655,-363471.937500,2441.483398,50.000000,-3.000000,1.000000,-122074.171875,61.037086,-366222.500000,-1052671.875000,915495.375000,15261.861328,-152438.359375,854339.062500,701900.687500
ml,p95,328,2026-07-02,2383.147461,10.000000,2153.183105,50.000000,-2.000000,1.000000,-107659.156250,53.829575,-215318.312500,2401.572754,50.000000,-2.000000,1.000000,-120078.640625,60.039318,-240157.281250,2419.205811,50.000000,-2.000000,1.000000,-120960.289062,60.480141,-241920.578125,-697396.187500,566797.375000,15436.210938,-146035.031250,835740.000000,689705.000000
ml,p95,328,2026-07-03,2363.721436,10.000000,2153.183105,50.000000,-1.000000,1.000000,-107659.156250,53.829575,-107659.156250,2375.443115,50.000000,-1.000000,1.000000,-118772.156250,59.386074,-118772.156250,2393.881104,50.000000,-1.000000,1.000000,-119694.054688,59.847023,-119694.054688,-346125.375000,220671.968750,15609.273438,-141062.687500,789895.250000,648832.562500
ml,p95,328,2026-07-04,2385.513428,10.000000,2153.183105,50.000000,-1.000000,0.000000,-0.000000,0.000000,-107659.156250,2395.813721,50.000000,-1.000000,0.000000,-0.000000,0.000000,-119790.687500,2416.273438,50.000000,-1.000000,0.000000,-0.000000,0.000000,-120813.671875,-348263.500000,220671.968750,15609.273438,-143200.812500,836558.187500,693357.375000
ml,p95,328,2026-07-05,2360.822021,10.000000,2153.183105,50.000000,-1.000000,0.000000,-0.000000,0.000000,-107659.156250,2358.740723,50.000000,-1.000000,0.000000,-0.000000,0.000000,-117937.039062,2379.378418,50.000000,-1.000000,0.000000,-0.000000,0.000000,-118968.921875,-344565.125000,220671.968750,15609.273438,-139502.437500,781366.250000,641863.812500
ml,p95,328,2026-07-06,2379.228027,10.000000,2153.183105,50.000000,0.000000,1.000000,-107659.156250,53.829575,0.000000,2385.159180,50.000000,0.000000,1.000000,-119257.960938,59.628979,0.000000,2407.572021,50.000000,0.000000,1.000000,-120378.601562,60.189297,0.000000,0.000000,-126623.742188,15782.919922,-142406.656250,820712.812500,678306.125000
ml,p95,328,2026-07-07,2360.755371,10.000000,2153.183105,50.000000,1.000000,1.000000,-107659.156250,53.829575,107659.156250,2378.186768,50.000000,-4.000000,-4.000000,475637.343750,237.818665,-475637.343750,2402.338623,50.000000,-4.000000,-4.000000,480467.718750,240.233841,-480467.718750,-848445.875000,721822.187500,16314.802734,-142938.484375,781739.937500,638801.437500
ml,p95,328,2026-07-08,2379.718262,10.000000,2153.183105,50.000000,-3.000000,-4.000000,430636.625000,215.318298,-322977.468750,2391.919434,50.000000,-3.000000,1.000000,-119595.968750,59.797985,-358787.906250,2418.857666,50.000000,-3.000000,1.000000,-120942.882812,60.471443,-362828.656250,-1044594.000000,911919.875000,16650.390625,-149324.515625,819173.750000,669849.250000
ml,p95,328,2026-07-09,2408.341309,10.000000,2153.183105,50.000000,-2.000000,1.000000,-107659.156250,53.829575,-215318.312500,2425.036865,50.000000,-2.000000,1.000000,-121251.843750,60.625923,-242503.687500,2450.498535,50.000000,-2.000000,1.000000,-122524.929688,61.262463,-245049.859375,-702871.875000,560484.000000,16826.109375,-159213.984375,871261.062500,712047.062500
ml,p95,328,2026-07-10,2403.976807,10.000000,2153.183105,50.000000,-1.000000,1.000000,-107659.156250,53.829575,-107659.156250,2419.316162,50.000000,-1.000000,1.000000,-120965.804688,60.482899,-120965.804688,2444.944580,50.000000,-1.000000,1.000000,-122247.226562,61.123611,-122247.226562,-350872.187500,209611.812500,17001.544922,-158261.921875,862293.625000,704031.687500
ml,p95,328,2026-07-11,2401.298340,10.000000,2153.183105,50.000000,-1.000000,0.000000,-0.000000,0.000000,-107659.156250,2406.862061,50.000000,-1.000000,0.000000,-0.000000,0.000000,-120343.101562,2431.666748,50.000000,-1.000000,0.000000,-0.000000,0.000000,-121583.335938,-349585.593750,209611.812500,17001.544922,-156975.328125,857736.000000,700760.687500
ml,p95,328,2026-07-12,2426.887695,10.000000,2153.183105,50.000000,-1.000000,0.000000,-0.000000,0.000000,-107659.156250,2448.463379,50.000000,-1.000000,0.000000,-0.000000,0.000000,-122423.171875,2473.441162,50.000000,-1.000000,0.000000,-0.000000,0.000000,-123672.054688,-353754.375000,209611.812500,17001.544922,-161144.109375,898730.250000,737586.125000
ml,p95,328,2026-07-13,2491.852539,10.000000,2153.183105,50.000000,0.000000,1.000000,-107659.156250,53.829575,0.000000,2532.327393,50.000000,0.000000,1.000000,-126616.367188,63.308178,0.000000,2556.657227,50.000000,0.000000,1.000000,-127832.859375,63.916431,0.000000,0.000000,-152496.562500,17182.599609,-169679.156250,1003362.812500,833683.625000
ml,p95,328,2026-07-14,2507.771729,10.000000,2153.183105,50.000000,1.000000,1.000000,-107659.156250,53.829575,107659.156250,2498.302246,50.000000,-4.000000,-4.000000,499660.437500,249.830215,-499660.437500,2520.732910,50.000000,-4.000000,-4.000000,504146.593750,252.073288,-504146.593750,-896147.875000,743651.312500,17738.332031,-170234.890625,1027484.625000,857249.750000
ml,p95,328,2026-07-15,2489.052246,10.000000,2153.183105,50.000000,-3.000000,-4.000000,430636.625000,215.318298,-322977.468750,2473.464355,50.000000,-3.000000,1.000000,-123673.218750,61.836613,-371019.656250,2496.392334,50.000000,-3.000000,1.000000,-124819.617188,62.409805,-374458.843750,-1068456.000000,925795.125000,18077.896484,-160738.765625,1000644.125000,839905.375000
ml,p95,328,2026-07-16,2491.178955,10.000000,2153.183105,50.000000,-2.000000,1.000000,-107659.156250,53.829575,-215318.312500,2485.317871,50.000000,-2.000000,1.000000,-124265.890625,62.132942,-248531.781250,2507.110840,50.000000,-2.000000,1.000000,-125355.539062,62.677769,-250711.078125,-714561.187500,568514.500000,18256.537109,-164303.218750,1002686.437500,838383.250000
ml,p95,328,2026-07-17,2590.838867,10.000000,2153.183105,50.000000,-1.000000,1.000000,-107659.156250,53.829575,-107659.156250,2629.914795,50.000000,-1.000000,1.000000,-131495.734375,65.747864,-131495.734375,2654.024414,50.000000,-1.000000,1.000000,-132701.218750,66.350609,-132701.218750,-371856.125000,196658.406250,18442.464844,-193640.187500,1121206.000000,927565.812500
ml,p95,328,2026-07-18,2596.491943,10.000000,2153.183105,50.000000,-1.000000,0.000000,-0.000000,0.000000,-107659.156250,2634.361328,50.000000,-1.000000,0.000000,-0.000000,0.000000,-131718.062500,2658.030029,50.000000,-1.000000,0.000000,-0.000000,0.000000,-132901.500000,-372278.718750,196658.406250,18442.464844,-194062.781250,1126402.750000,932340.000000
ml,p95,328,2026-07-19,2626.284424,10.000000,2153.183105,50.000000,-1.000000,0.000000,-0.000000,0.000000,-107659.156250,2654.747559,50.000000,-1.000000,0.000000,-0.000000,0.000000,-132737.375000,2675.182373,50.000000,-1.000000,0.000000,-0.000000,0.000000,-133759.125000,-374155.656250,196658.406250,18442.464844,-195939.718750,1157845.375000,961905.625000
ml,p95,328,2026-07-20,2631.574463,10.000000,2153.183105,50.000000,0.000000,1.000000,-107659.156250,53.829575,0.000000,2649.470459,50.000000,0.000000,1.000000,-132473.515625,66.236755,0.000000,2669.562988,50.000000,0.000000,1.000000,-133478.156250,66.739075,0.000000,0.000000,-176952.421875,18629.271484,-195581.687500,1163241.875000,967660.187500
ml,p95,328,2026-07-21,2654.382812,10.000000,2153.183105,50.000000,1.000000,1.000000,-107659.156250,53.829575,107659.156250,2681.358154,50.000000,1.000000,1.000000,-134067.906250,67.033951,134067.906250,2703.616699,50.000000,1.000000,1.000000,-135180.828125,67.590408,135180.828125,376907.875000,-553860.312500,18817.724609,-195770.156250,1184933.125000,989163.000000
ml,p95,328,2026-07-22,2638.407227,10.000000,2153.183105,50.000000,-3.000000,-4.000000,430636.625000,215.318298,-322977.468750,2651.873291,50.000000,-3.000000,-4.000000,530374.687500,265.187347,-397781.000000,2676.555908,50.000000,-3.000000,-4.000000,535311.187500,267.655579,-401483.406250,-1122241.875000,942462.187500,19565.886719,-199345.578125,1170708.125000,971362.562500
ml,p95,328,2026-07-23,2635.575439,10.000000,2153.183105,50.000000,-2.000000,1.000000,-107659.156250,53.829575,-215318.312500,2640.484131,50.000000,-2.000000,1.000000,-132024.203125,66.012100,-264048.406250,2665.562256,50.000000,-2.000000,1.000000,-133278.109375,66.639053,-266556.218750,-745922.937500,569500.750000,19752.367188,-196174.562500,1168287.875000,972113.312500
ml,p95,328,2026-07-24,2645.876953,10.000000,2153.183105,50.000000,-1.000000,1.000000,-107659.156250,53.829575,-107659.156250,2638.026367,50.000000,-1.000000,1.000000,-131901.312500,65.950653,-131901.312500,2662.425049,50.000000,-1.000000,1.000000,-133121.250000,66.560623,-133121.250000,-372681.718750,196819.000000,19938.707031,-195801.421875,1174846.750000,979045.312500
ml,p95,328,2026-07-25,2727.430420,10.000000,2153.183105,50.000000,-1.000000,0.000000,-0.000000,0.000000,-107659.156250,2732.758057,50.000000,-1.000000,0.000000,-0.000000,0.000000,-136637.906250,2757.642578,50.000000,-1.000000,0.000000,-0.000000,0.000000,-137882.125000,-382179.187500,196819.000000,19938.707031,-205298.890625,1218928.250000,1013629.375000
ml,p95,328,2026-07-26,2761.972412,10.000000,2153.183105,50.000000,-1.000000,0.000000,-0.000000,0.000000,-107659.156250,2775.079346,50.000000,-1.000000,0.000000,-0.000000,0.000000,-138753.968750,2800.829590,50.000000,-1.000000,0.000000,-0.000000,0.000000,-140041.484375,-386454.625000,196819.000000,19938.707031,-209574.328125,1237435.000000,1027860.687500
ml,p95,328,2026-07-27,2728.063721,10.000000,2153.183105,50.000000,0.000000,1.000000,-107659.156250,53.829575,0.000000,2707.877686,50.000000,0.000000,1.000000,-135393.890625,67.696945,0.000000,2735.818848,50.000000,0.000000,1.000000,-136790.937500,68.395470,0.000000,0.000000,-183024.984375,20128.628906,-203153.609375,1218920.000000,1015766.375000
ml,p95,328,2026-07-28,2804.952148,10.000000,2153.183105,50.000000,1.000000,1.000000,-107659.156250,53.829575,107659.156250,2801.020996,50.000000,1.000000,1.000000,-140051.046875,70.025520,140051.046875,2831.100098,50.000000,1.000000,1.000000,-141555.000000,70.777496,141555.000000,389265.187500,-572290.125000,20323.261719,-203348.203125,1252279.000000,1048930.750000
ml,p95,328,2026-07-29,2773.680176,10.000000,2153.183105,50.000000,-3.000000,-4.000000,430636.625000,215.318298,-322977.468750,2781.514648,50.000000,-3.000000,-4.000000,556302.937500,278.151459,-417227.187500,2811.781738,50.000000,-3.000000,-4.000000,562356.375000,281.178192,-421767.281250,-1161971.875000,977005.750000,21097.910156,-206064.031250,1242059.375000,1035995.375000
ml,p95,328,2026-07-30,2782.675293,10.000000,2153.183105,50.000000,-2.000000,1.000000,-107659.156250,53.829575,-215318.312500,2781.514648,50.000000,-2.000000,1.000000,-139075.734375,69.537865,-278151.468750,2833.546875,50.000000,-2.000000,1.000000,-141677.343750,70.838676,-283354.687500,-776824.500000,588593.500000,21292.115234,-209523.109375,1244044.125000,1034521.000000
ml,p95,328,2026-07-31,2817.427979,10.000000,2153.183105,50.000000,-1.000000,1.000000,-107659.156250,53.829575,-107659.156250,2781.514648,50.000000,-1.000000,1.000000,-139075.734375,69.537865,-139075.734375,2872.362061,50.000000,-1.000000,1.000000,-143618.109375,71.809052,-143618.109375,-390353.000000,198240.500000,21487.292969,-213599.796875,1247925.500000,1034325.687500
ml,p95,328,2026-08-01,2786.717285,10.000000,2153.183105,50.000000,-1.000000,0.000000,-0.000000,0.000000,-107659.156250,2781.514648,50.000000,-1.000000,0.000000,-0.000000,0.000000,-139075.734375,2845.971436,50.000000,-1.000000,0.000000,-0.000000,0.000000,-142298.578125,-389033.468750,198240.500000,21487.292969,-212280.265625,1248090.375000,1035810.125000
ml,p95,328,2026-08-02,2798.053955,10.000000,2153.183105,50.000000,-1.000000,0.000000,-0.000000,0.000000,-107659.156250,2781.514648,50.000000,-1.000000,0.000000,-0.000000,0.000000,-139075.734375,2857.692139,50.000000,-1.000000,0.000000,-0.000000,0.000000,-142884.609375,-389619.500000,198240.500000,21487.292969,-212866.296875,1248217.500000,1035351.187500
ml,p95,328,2026-08-03,2788.862793,10.000000,2153.183105,50.000000,0.000000,1.000000,-107659.156250,53.829575,0.000000,2781.514648,50.000000,0.000000,1.000000,-139075.734375,69.537865,0.000000,2839.990723,50.000000,0.000000,1.000000,-141999.531250,70.999763,0.000000,0.000000,-190493.906250,21681.660156,-212175.562500,1248354.500000,1036178.937500
ml,p95,328,2026-08-04,2856.389160,10.000000,2153.183105,50.000000,1.000000,1.000000,-107659.156250,53.829575,107659.156250,2781.514648,50.000000,1.000000,1.000000,-139075.734375,69.537865,139075.734375,2913.210449,50.000000,1.000000,1.000000,-145660.515625,72.830254,145660.515625,392395.406250,-582889.250000,21877.857422,-212371.703125,1248495.500000,1036123.812500
ml,p95,328,2026-08-05,2790.282227,10.000000,2153.183105,50.000000,-3.000000,-4.000000,430636.625000,215.318298,-322977.468750,2781.514648,50.000000,-3.000000,-4.000000,556302.937500,278.151459,-417227.187500,2824.064453,50.000000,-3.000000,-4.000000,564812.875000,282.406433,-423609.656250,-1163814.250000,968863.125000,22653.732422,-217604.859375,1248640.125000,1031035.250000
ml,p95,328,2026-08-06,2794.894775,10.000000,2153.183105,50.000000,-2.000000,1.000000,-107659.156250,53.829575,-215318.312500,2781.514648,50.000000,-2.000000,1.000000,-139075.734375,69.537865,-278151.468750,2814.267090,50.000000,-2.000000,1.000000,-140713.359375,70.356682,-281426.718750,-774896.500000,581414.875000,22847.457031,-216329.078125,1248640.125000,1032311.062500
ml,p95,328,2026-08-07,2845.597656,10.000000,2153.183105,50.000000,-1.000000,1.000000,-107659.156250,53.829575,-107659.156250,2781.514648,50.000000,-1.000000,1.000000,-139075.734375,69.537865,-139075.734375,2866.302490,50.000000,-1.000000,1.000000,-143315.125000,71.657562,-143315.125000,-390050.000000,191364.843750,23042.482422,-221727.640625,1248640.125000,1026912.500000
ml,p95,328,2026-08-08,2888.556152,10.000000,2153.183105,50.000000,-1.000000,0.000000,-0.000000,0.000000,-107659.156250,2781.514648,50.000000,-1.000000,0.000000,-0.000000,0.000000,-139075.734375,2940.578857,50.000000,-1.000000,0.000000,-0.000000,0.000000,-147028.937500,-393763.812500,191364.843750,23042.482422,-225441.453125,1248640.125000,1023198.687500
ml,p95,328,2026-08-09,2862.025146,10.000000,2153.183105,50.000000,-1.000000,0.000000,-0.000000,0.000000,-107659.156250,2781.514648,50.000000,-1.000000,0.000000,-0.000000,0.000000,-139075.734375,2896.896973,50.000000,-1.000000,0.000000,-0.000000,0.000000,-144844.843750,-391579.750000,191364.843750,23042.482422,-223257.390625,1248640.125000,1025382.750000
ml,p95,328,2026-08-10,2840.498779,10.000000,2153.183105,50.000000,0.000000,1.000000,-107659.156250,53.829575,0.000000,2781.514648,50.000000,0.000000,1.000000,-139075.734375,69.537865,0.000000,2860.752441,50.000000,0.000000,1.000000,-143037.625000,71.518814,0.000000,0.000000,-198407.656250,23237.369141,-221645.031250,1248640.125000,1026995.125000
ml,p95,328,2026-08-11,2842.508301,10.000000,2153.183105,50.000000,1.000000,1.000000,-107659.156250,53.829575,107659.156250,2781.514648,50.000000,1.000000,1.000000,-139075.734375,69.537865,139075.734375,2882.900391,50.000000,1.000000,1.000000,-144145.015625,72.072502,144145.015625,390879.906250,-589287.500000,23432.808594,-221840.406250,1248640.125000,1026799.750000
ml,p95,328,2026-08-12,2843.497803,10.000000,2153.183105,50.000000,-3.000000,-4.000000,430636.625000,215.318298,-322977.468750,2781.514648,50.000000,-3.000000,-4.000000,556302.937500,278.151459,-417227.187500,2862.658691,50.000000,-3.000000,-4.000000,572531.750000,286.265869,-429398.812500,-1169603.500000,970183.750000,24212.544922,-223632.296875,1248640.125000,1025007.812500
ml,p95,328,2026-08-13,2841.708740,10.000000,2153.183105,50.000000,-2.000000,1.000000,-107659.156250,53.829575,-215318.312500,2781.514648,50.000000,-2.000000,1.000000,-139075.734375,69.537865,-278151.468750,2868.209229,50.000000,-2.000000,1.000000,-143410.468750,71.705238,-286820.937500,-780290.750000,580038.375000,24407.617188,-224660.000000,1248640.125000,1023980.125000
ml,p95,328,2026-08-14,2875.914795,10.000000,2153.183105,50.000000,-1.000000,1.000000,-107659.156250,53.829575,-107659.156250,2781.514648,50.000000,-1.000000,1.000000,-139075.734375,69.537865,-139075.734375,2886.340088,50.000000,-1.000000,1.000000,-144317.000000,72.158501,-144317.000000,-391051.875000,188986.500000,24603.142578,-226668.515625,1248640.125000,1021971.625000
ml,p95,328,2026-08-15,2884.598877,10.000000,2153.183105,50.000000,-1.000000,0.000000,-0.000000,0.000000,-107659.156250,2781.514648,50.000000,-1.000000,0.000000,-0.000000,0.000000,-139075.734375,2908.021729,50.000000,-1.000000,0.000000,-0.000000,0.000000,-145401.093750,-392136.000000,188986.500000,24603.142578,-227752.640625,1248640.125000,1020887.500000
ml,p95,328,2026-08-16,2868.163330,10.000000,2153.183105,50.000000,-1.000000,0.000000,-0.000000,0.000000,-107659.156250,2781.514648,50.000000,-1.000000,0.000000,-0.000000,0.000000,-139075.734375,2946.493896,50.000000,-1.000000,0.000000,-0.000000,0.000000,-147324.687500,-394059.562500,188986.500000,24603.142578,-229676.203125,1248640.125000,1018963.937500
ml,p95,328,2026-08-17,2894.591064,10.000000,2153.183105,50.000000,0.000000,1.000000,-107659.156250,53.829575,0.000000,2781.514648,50.000000,0.000000,1.000000,-139075.734375,69.537865,0.000000,2930.538574,50.000000,0.000000,1.000000,-146526.921875,73.263458,0.000000,0.000000,-204275.312500,24799.773438,-229075.093750,1248640.125000,1019565.000000
ml,p95,328,2026-08-18,2917.412109,10.000000,2153.183105,50.000000,1.000000,1.000000,-107659.156250,53.829575,107659.156250,2781.514648,50.000000,1.000000,1.000000,-139075.734375,69.537865,139075.734375,2941.170654,50.000000,1.000000,1.000000,-147058.531250,73.529259,147058.531250,393793.437500,-598068.750000,24996.671875,-229271.984375,1248640.125000,1019368.125000
ml,p95,328,2026-08-19,2957.472412,10.000000,2153.183105,50.000000,-3.000000,-4.000000,430636.625000,215.318298,-322977.468750,2781.514648,50.000000,-3.000000,-4.000000,556302.937500,278.151459,-417227.187500,2973.840332,50.000000,-3.000000,-4.000000,594768.062500,297.384003,-446076.062500,-1186280.750000,983638.875000,25787.525391,-228429.406250,1248640.125000,1020210.750000
ml,p95,328,2026-08-20,2936.909668,10.000000,2153.183105,50.000000,-2.000000,1.000000,-107659.156250,53.829575,-215318.312500,2781.514648,50.000000,-2.000000,1.000000,-139075.734375,69.537865,-278151.468750,2950.235352,50.000000,-2.000000,1.000000,-147511.765625,73.755882,-295023.531250,-788493.312500,589392.250000,25984.648438,-225085.718750,1248640.125000,1023554.375000
ml,p95,328,2026-08-21,2965.169434,10.000000,2153.183105,50.000000,-1.000000,1.000000,-107659.156250,53.829575,-107659.156250,2781.514648,50.000000,-1.000000,1.000000,-139075.734375,69.537865,-139075.734375,2973.777832,50.000000,-1.000000,1.000000,-148688.890625,74.344444,-148688.890625,-395423.781250,193968.437500,26182.359375,-227637.703125,1248640.125000,1021002.437500
ml,p95,328,2026-08-22,2894.962402,10.000000,2153.183105,50.000000,-1.000000,0.000000,-0.000000,0.000000,-107659.156250,2781.514648,50.000000,-1.000000,0.000000,-0.000000,0.000000,-139075.734375,2909.365479,50.000000,-1.000000,0.000000,-0.000000,0.000000,-145468.281250,-392203.187500,193968.437500,26182.359375,-224417.109375,1248640.125000,1024223.000000
ml,p95,328,2026-08-23,2915.444336,10.000000,2153.183105,50.000000,-1.000000,0.000000,-0.000000,0.000000,-107659.156250,2781.514648,50.000000,-1.000000,0.000000,-0.000000,0.000000,-139075.734375,2935.956055,50.000000,-1.000000,0.000000,-0.000000,0.000000,-146797.796875,-393532.687500,193968.437500,26182.359375,-225746.609375,1248640.125000,1022893.500000
ml,p95,328,2026-08-24,2924.660645,10.000000,2153.183105,50.000000,0.000000,1.000000,-107659.156250,53.829575,0.000000,2781.514648,50.000000,0.000000,1.000000,-139075.734375,69.537865,0.000000,2977.584473,50.000000,0.000000,1.000000,-148879.218750,74.439613,0.000000,0.000000,-201645.656250,26380.167969,-228025.828125,1248640.125000,1020614.312500
ml,p95,328,2026-08-25,2904.600098,10.000000,2153.183105,50.000000,1.000000,1.000000,-107659.156250,53.829575,107659.156250,2781.514648,50.000000,1.000000,1.000000,-139075.734375,69.537865,139075.734375,2939.258545,50.000000,1.000000,1.000000,-146962.921875,73.481461,146962.921875,393697.812500,-595343.437500,26577.015625,-228222.640625,1248640.125000,1020417.500000
ml,p95,328,2026-08-26,2878.012451,10.000000,2153.183105,50.000000,-3.000000,-4.000000,430636.625000,215.318298,-322977.468750,2781.514648,50.000000,-3.000000,-4.000000,556302.937500,278.151459,-417227.187500,2892.351074,50.000000,-3.000000,-4.000000,578470.187500,289.235107,-433852.625000,-1174057.250000,970066.312500,27359.718750,-231350.656250,1248640.125000,1017289.500000
ml,p95,328,2026-08-27,2884.350098,10.000000,2153.183105,50.000000,0.000000,3.000000,-322977.468750,161.488724,0.000000,2781.514648,50.000000,-2.000000,1.000000,-139075.734375,69.537865,-278151.468750,2921.833008,50.000000,-2.000000,1.000000,-146091.656250,73.045822,-292183.312500,-570334.750000,361921.437500,27663.792969,-236077.109375,1248640.125000,1012563.000000
ml,p95,328,2026-08-28,2920.839111,10.000000,2153.183105,50.000000,1.000000,1.000000,-107659.156250,53.829575,107659.156250,2781.514648,50.000000,-1.000000,1.000000,-139075.734375,69.537865,-139075.734375,2958.668213,50.000000,-1.000000,1.000000,-147933.406250,73.966698,-147933.406250,-179349.984375,-32746.867188,27861.126953,-239957.968750,1248640.125000,1008682.125000
ml,p95,328,2026-08-29,2921.354492,10.000000,2153.183105,50.000000,1.000000,0.000000,-0.000000,0.000000,107659.156250,2781.514648,50.000000,-1.000000,0.000000,-0.000000,0.000000,-139075.734375,2948.269775,50.000000,-1.000000,0.000000,-0.000000,0.000000,-147413.484375,-178830.062500,-32746.867188,27861.126953,-239438.062500,1248640.125000,1009202.062500
ml,p95,328,2026-08-30,2906.471924,10.000000,2153.183105,50.000000,1.000000,0.000000,-0.000000,0.000000,107659.156250,2781.514648,50.000000,-1.000000,0.000000,-0.000000,0.000000,-139075.734375,2895.593750,50.000000,-1.000000,0.000000,-0.000000,0.000000,-144779.687500,-176196.265625,-32746.867188,27861.126953,-236804.250000,1248640.125000,1011835.875000
ml,p95,328,2026-08-31,2927.127197,10.000000,2153.183105,50.000000,-3.000000,-4.000000,430636.625000,215.318298,-322977.468750,2781.514648,50.000000,0.000000,1.000000,-139075.734375,69.537865,0.000000,2922.974121,50.000000,0.000000,1.000000,-146148.703125,73.074348,0.000000,-322977.468750,112665.320312,28219.056641,-238531.218750,1248640.125000,1010108.875000
ml,p95,328,2026-09-01,2930.949951,10.000000,2153.183105,50.000000,0.000000,3.000000,-322977.468750,161.488724,0.000000,2781.514648,50.000000,1.000000,1.000000,-139075.734375,69.537865,139075.734375,2940.323730,50.000000,1.000000,1.000000,-147016.187500,73.508095,147016.187500,286091.937500,-496404.093750,28523.591797,-238835.750000,1248640.125000,1009804.375000
ml,p95,328,2026-09-02,2904.942383,10.000000,2153.183105,50.000000,1.000000,1.000000,-107659.156250,53.829575,107659.156250,2781.514648,50.000000,-3.000000,-4.000000,556302.937500,278.151459,-417227.187500,2917.860107,50.000000,-3.000000,-4.000000,583572.000000,291.785980,-437679.000000,-747247.000000,535811.750000,29147.359375,-240582.609375,1248640.125000,1008057.500000
ml,p95,328,2026-09-03,2899.611572,10.000000,2153.183105,50.000000,-3.000000,-4.000000,430636.625000,215.318298,-322977.468750,2781.514648,50.000000,-2.000000,1.000000,-139075.734375,69.537865,-278151.468750,2930.315186,50.000000,-2.000000,1.000000,-146515.765625,73.257881,-293031.531250,-894160.500000,680856.875000,29505.472656,-242809.093750,1248640.125000,1005831.000000
ml,p95,328,2026-09-04,2878.877197,10.000000,2153.183105,50.000000,0.000000,3.000000,-322977.468750,161.488724,0.000000,2781.514648,50.000000,-1.000000,1.000000,-139075.734375,69.537865,-139075.734375,2894.952881,50.000000,-1.000000,1.000000,-144747.640625,72.373817,-144747.640625,-283823.375000,74055.984375,29808.873047,-239576.265625,1248640.125000,1009063.875000
ml,p95,328,2026-09-05,2864.236816,10.000000,2153.183105,50.000000,0.000000,0.000000,-0.000000,0.000000,0.000000,2781.514648,50.000000,-1.000000,0.000000,-0.000000,0.000000,-139075.734375,2874.354492,50.000000,-1.000000,0.000000,-0.000000,0.000000,-143717.718750,-282793.437500,74055.984375,29808.873047,-238546.328125,1248640.125000,1010093.812500
ml,p95,328,2026-09-06,2827.071533,10.000000,2153.183105,50.000000,0.000000,0.000000,-0.000000,0.000000,0.000000,2781.514648,50.000000,-1.000000,0.000000,-0.000000,0.000000,-139075.734375,2838.364746,50.000000,-1.000000,0.000000,-0.000000,0.000000,-141918.234375,-280993.968750,74055.984375,29808.873047,-236746.859375,1248640.125000,1011893.250000
ml,p95,328,2026-09-07,2849.082764,10.000000,2153.183105,50.000000,0.000000,0.000000,-0.000000,0.000000,0.000000,2781.514648,50.000000,-1.000000,0.000000,-0.000000,0.000000,-139075.734375,2855.107666,50.000000,-1.000000,0.000000,-0.000000,0.000000,-142755.390625,-281831.125000,74055.984375,29808.873047,-237584.015625,1248640.125000,1011056.125000
ml,p95,328,2026-09-08,2812.447998,10.000000,2153.183105,50.000000,1.000000,1.000000,-107659.156250,53.829575,107659.156250,2781.514648,50.000000,0.000000,1.000000,-139075.734375,69.537865,0.000000,2799.317871,50.000000,0.000000,1.000000,-139965.890625,69.982941,0.000000,107659.156250,-312644.781250,30002.222656,-234987.843750,1248640.125000,1013652.250000
ml,p95,328,2026-09-09,2808.146484,10.000000,2153.183105,50.000000,-3.000000,-4.000000,430636.625000,215.318298,-322977.468750,2781.514648,50.000000,1.000000,1.000000,-139075.734375,69.537865,139075.734375,2819.491211,50.000000,1.000000,1.000000,-140974.562500,70.487282,140974.562500,-42927.171875,-162058.453125,30357.566406,-235343.187500,1248640.125000,1013296.937500
ml,p95,328,2026-09-10,2812.268555,10.000000,2153.183105,50.000000,0.000000,3.000000,-322977.468750,161.488724,0.000000,2781.514648,50.000000,-3.000000,-4.000000,556302.937500,278.151459,-417227.187500,2838.197510,50.000000,-3.000000,-4.000000,567639.500000,283.819733,-425729.625000,-842956.812500,638906.500000,31081.027344,-235131.343750,1248640.125000,1013508.750000
ml,p95,328,2026-09-11,2798.614014,10.000000,2153.183105,50.000000,1.000000,1.000000,-107659.156250,53.829575,107659.156250,2781.514648,50.000000,0.000000,3.000000,-417227.187500,208.613586,0.000000,2800.060791,50.000000,-2.000000,1.000000,-140003.046875,70.001526,-280006.093750,-172346.937500,-25982.890625,31413.472656,-229743.296875,1248640.125000,1018896.812500
ml,p95,328,2026-09-12,2675.783203,10.000000,2153.183105,50.000000,1.000000,0.000000,-0.000000,0.000000,107659.156250,2781.514648,50.000000,0.000000,0.000000,-0.000000,0.000000,0.000000,2707.093506,50.000000,-2.000000,0.000000,-0.000000,0.000000,-270709.343750,-163050.187500,-25982.890625,31413.472656,-220446.546875,1248640.125000,1028193.562500
ml,p95,328,2026-09-13,2704.338867,10.000000,2153.183105,50.000000,1.000000,0.000000,-0.000000,0.000000,107659.156250,2781.514648,50.000000,0.000000,0.000000,-0.000000,0.000000,0.000000,2713.088135,50.000000,-2.000000,0.000000,-0.000000,0.000000,-271308.812500,-163649.656250,-25982.890625,31413.472656,-221046.015625,1248640.125000,1027594.125000
ml,p95,328,2026-09-14,2825.362793,10.000000,2153.183105,50.000000,-3.000000,-4.000000,430636.625000,215.318298,-322977.468750,2781.514648,50.000000,1.000000,1.000000,-139075.734375,69.537865,139075.734375,2867.530762,50.000000,-1.000000,1.000000,-143376.531250,71.688263,-143376.531250,-327278.250000,122201.476562,31770.015625,-236846.796875,1248640.125000,1011793.312500
ml,p95,328,2026-09-15,2788.666016,10.000000,2153.183105,50.000000,0.000000,3.000000,-322977.468750,161.488724,0.000000,2781.514648,50.000000,-3.000000,-4.000000,556302.937500,278.151459,-417227.187500,2832.416016,50.000000,0.000000,1.000000,-141620.796875,70.810402,0.000000,-417227.187500,213906.156250,32280.468750,-235601.500000,1248640.125000,1013038.625000
ml,p95,328,2026-09-16,2802.009766,10.000000,2153.183105,50.000000,1.000000,1.000000,-107659.156250,53.829575,107659.156250,2781.514648,50.000000,-2.000000,1.000000,-139075.734375,69.537865,-278151.468750,2830.467529,50.000000,1.000000,1.000000,-141523.375000,70.761688,141523.375000,-28968.937500,-174352.109375,32474.597656,-235795.640625,1248640.125000,1012844.500000
ml,p95,328,2026-09-17,2775.622559,10.000000,2153.183105,50.000000,-3.000000,-4.000000,430636.625000,215.318298,-322977.468750,2781.514648,50.000000,-1.000000,1.000000,-139075.734375,69.537865,-139075.734375,2785.047363,50.000000,-3.000000,-4.000000,557009.500000,278.504730,-417757.125000,-879810.312500,674218.250000,33037.957031,-238630.015625,1248640.125000,1010010.125000
ml,p95,328,2026-09-18,2804.551025,10.000000,2153.183105,50.000000,0.000000,3.000000,-322977.468750,161.488724,0.000000,2781.514648,50.000000,0.000000,1.000000,-139075.734375,69.537865,0.000000,2834.988525,50.000000,-2.000000,1.000000,-141749.421875,70.874710,-283498.843750,-283498.843750,70415.632812,33339.859375,-246423.078125,1248640.125000,1002217.062500
ml,p95,328,2026-09-19,2737.251465,10.000000,2153.183105,50.000000,0.000000,0.000000,-0.000000,0.000000,0.000000,2781.514648,50.000000,0.000000,0.000000,-0.000000,0.000000,0.000000,2742.870117,50.000000,-2.000000,0.000000,-0.000000,0.000000,-274287.000000,-274287.000000,70415.632812,33339.859375,-237211.234375,1248640.125000,1011428.875000
ml,p95,328,2026-09-20,2734.163574,10.000000,2153.183105,50.000000,0.000000,0.000000,-0.000000,0.000000,0.000000,2781.514648,50.000000,0.000000,0.000000,-0.000000,0.000000,0.000000,2757.887451,50.000000,-2.000000,0.000000,-0.000000,0.000000,-275788.750000,-275788.750000,70415.632812,33339.859375,-238712.984375,1248640.125000,1009927.125000
ml,p95,328,2026-09-21,2725.244873,10.000000,2153.183105,50.000000,1.000000,1.000000,-107659.156250,53.829575,107659.156250,2781.514648,50.000000,1.000000,1.000000,-139075.734375,69.537865,139075.734375,2734.577881,50.000000,-1.000000,1.000000,-136728.890625,68.364441,-136728.890625,110006.000000,-313048.125000,33531.589844,-236573.718750,1248640.125000,1012066.375000
ml,p95,328,2026-09-22,2729.169678,10.000000,2153.183105,50.000000,-3.000000,-4.000000,430636.625000,215.318298,-322977.468750,2781.514648,50.000000,-3.000000,-4.000000,556302.937500,278.151459,-417227.187500,2727.346924,50.000000,0.000000,1.000000,-136367.343750,68.183670,0.000000,-740204.625000,537524.062500,34093.242188,-236773.812500,1248640.125000,1011866.312500
ml,p95,328,2026-09-23,2676.391602,10.000000,2153.183105,50.000000,0.000000,3.000000,-322977.468750,161.488724,0.000000,2781.514648,50.000000,-2.000000,1.000000,-139075.734375,69.537865,-278151.468750,2689.768799,50.000000,1.000000,1.000000,-134488.437500,67.244217,134488.437500,-143663.031250,-59017.562500,34391.515625,-237072.109375,1248640.125000,1011568.000000
ml,p95,328,2026-09-24,2681.193359,10.000000,2153.183105,50.000000,1.000000,1.000000,-107659.156250,53.829575,107659.156250,2781.514648,50.000000,-1.000000,1.000000,-139075.734375,69.537865,-139075.734375,2680.982910,50.000000,-3.000000,-4.000000,536196.562500,268.098267,-402147.437500,-433564.000000,230444.125000,34782.980469,-237902.859375,1248640.125000,1010737.250000
ml,p95,328,2026-09-25,2686.380127,10.000000,2153.183105,50.000000,-3.000000,-4.000000,430636.625000,215.318298,-322977.468750,2781.514648,50.000000,0.000000,1.000000,-139075.734375,69.537865,0.000000,2686.935547,50.000000,-2.000000,1.000000,-134346.781250,67.173386,-268693.562500,-591671.000000,387658.250000,35135.007812,-239147.750000,1248640.125000,1009492.375000
ml,p95,328,2026-09-26,2711.193604,10.000000,2153.183105,50.000000,-3.000000,0.000000,-0.000000,0.000000,-322977.468750,2781.514648,50.000000,0.000000,0.000000,-0.000000,0.000000,0.000000,2716.793945,50.000000,-2.000000,0.000000,-0.000000,0.000000,-271679.406250,-594656.875000,387658.250000,35135.007812,-242133.625000,1248640.125000,1006506.500000
ml,p95,328,2026-09-27,2671.927490,10.000000,2153.183105,50.000000,-3.000000,0.000000,-0.000000,0.000000,-322977.468750,2781.514648,50.000000,0.000000,0.000000,-0.000000,0.000000,0.000000,2669.415283,50.000000,-2.000000,0.000000,-0.000000,0.000000,-266941.531250,-589919.000000,387658.250000,35135.007812,-237395.750000,1248640.125000,1011244.375000
ml,p95,328,2026-09-28,2697.854980,10.000000,2153.183105,50.000000,0.000000,3.000000,-322977.468750,161.488724,0.000000,2781.514648,50.000000,1.000000,1.000000,-139075.734375,69.537865,139075.734375,2715.716797,50.000000,-1.000000,1.000000,-135785.843750,67.892921,-135785.843750,3289.890625,-210180.812500,35433.929688,-242324.843750,1248640.125000,1006315.250000
ml,p95,328,2026-09-29,2714.085693,10.000000,2153.183105,50.000000,1.000000,1.000000,-107659.156250,53.829575,107659.156250,2781.514648,50.000000,-3.000000,-4.000000,556302.937500,278.151459,-417227.187500,2690.069824,50.000000,0.000000,1.000000,-134503.484375,67.251740,0.000000,-309568.031250,103959.476562,35833.160156,-241441.718750,1248640.125000,1007198.375000
ml,p95,328,2026-09-30,2734.159912,10.000000,2153.183105,50.000000,-3.000000,-4.000000,430636.625000,215.318298,-322977.468750,2781.514648,50.000000,0.000000,3.000000,-417227.187500,208.613586,0.000000,2739.210693,50.000000,1.000000,1.000000,-136960.531250,68.480263,136960.531250,-186016.937500,-19591.625000,36325.574219,-241934.140625,1248640.125000,1006706.000000
ml,p95,328,2026-10-01,2704.104248,10.000000,2153.183105,50.000000,0.000000,3.000000,-322977.468750,161.488724,0.000000,2781.514648,50.000000,1.000000,1.000000,-139075.734375,69.537865,139075.734375,2727.341797,50.000000,-3.000000,-4.000000,545468.375000,272.734192,-409101.281250,-270025.562500,63823.531250,36829.335938,-243031.375000,1248640.125000,1005608.750000
ml,p95,328,2026-10-02,2767.475098,10.000000,2153.183105,50.000000,1.000000,1.000000,-107659.156250,53.829575,107659.156250,2781.514648,50.000000,-3.000000,-4.000000,556302.937500,278.151459,-417227.187500,2795.977295,50.000000,-2.000000,1.000000,-139798.859375,69.899429,-279597.718750,-589165.750000,372668.468750,37231.218750,-253728.500000,1248640.125000,994911.625000
ml,p95,328,2026-10-03,2728.310791,10.000000,2153.183105,50.000000,1.000000,0.000000,-0.000000,0.000000,107659.156250,2781.514648,50.000000,-3.000000,0.000000,-0.000000,0.000000,-417227.187500,2735.469727,50.000000,-2.000000,0.000000,-0.000000,0.000000,-273546.968750,-583115.000000,372668.468750,37231.218750,-247677.750000,1248640.125000,1000962.375000
ml,p95,328,2026-10-04,2810.107422,10.000000,2153.183105,50.000000,1.000000,0.000000,-0.000000,0.000000,107659.156250,2781.514648,50.000000,-3.000000,0.000000,-0.000000,0.000000,-417227.187500,2837.799805,50.000000,-2.000000,0.000000,-0.000000,0.000000,-283779.968750,-593348.000000,372668.468750,37231.218750,-257910.750000,1248640.125000,990729.375000
ml,p95,328,2026-10-05,2817.802734,10.000000,2153.183105,50.000000,-3.000000,-4.000000,430636.625000,215.318298,-322977.468750,2781.514648,50.000000,-2.000000,1.000000,-139075.734375,69.537865,-278151.468750,2851.107910,50.000000,-1.000000,1.000000,-142555.390625,71.277695,-142555.390625,-743684.312500,521673.968750,37587.351562,-259597.687500,1248640.125000,989042.437500
ml,p95,328,2026-10-06,2821.481445,10.000000,2153.183105,50.000000,0.000000,3.000000,-322977.468750,161.488724,0.000000,2781.514648,50.000000,-1.000000,1.000000,-139075.734375,69.537865,-139075.734375,2820.570801,50.000000,0.000000,1.000000,-141028.546875,70.514275,0.000000,-139075.734375,-81407.781250,37888.890625,-258372.406250,1248640.125000,990267.750000
ml,p95,328,2026-10-07,2797.189209,10.000000,2153.183105,50.000000,1.000000,1.000000,-107659.156250,53.829575,107659.156250,2781.514648,50.000000,0.000000,1.000000,-139075.734375,69.537865,0.000000,2802.701172,50.000000,1.000000,1.000000,-140135.062500,70.067528,140135.062500,247794.218750,-468277.718750,38082.328125,-258565.828125,1248640.125000,990074.312500
ml,p95,328,2026-10-08,2781.838135,10.000000,2153.183105,50.000000,-3.000000,-4.000000,430636.625000,215.318298,-322977.468750,2781.514648,50.000000,1.000000,1.000000,-139075.734375,69.537865,139075.734375,2793.106934,50.000000,-3.000000,-4.000000,558621.375000,279.310699,-418966.000000,-602867.750000,381904.562500,38646.492188,-259609.687500,1248640.125000,989030.437500
ml,p95,328,2026-10-09,2835.702881,10.000000,2153.183105,50.000000,0.000000,3.000000,-322977.468750,161.488724,0.000000,2781.514648,50.000000,-3.000000,-4.000000,556302.937500,278.151459,-417227.187500,2852.430176,50.000000,-2.000000,1.000000,-142621.515625,71.310753,-285243.031250,-702470.250000,472608.468750,39157.445312,-269019.218750,1248640.125000,979620.875000
ml,p95,328,2026-10-10,2826.412598,10.000000,2153.183105,50.000000,0.000000,0.000000,-0.000000,0.000000,0.000000,2781.514648,50.000000,-3.000000,0.000000,-0.000000,0.000000,-417227.187500,2831.282959,50.000000,-2.000000,0.000000,-0.000000,0.000000,-283128.281250,-700355.500000,472608.468750,39157.445312,-266904.468750,1248640.125000,981735.625000
ml,p95,328,2026-10-11,2840.542236,10.000000,2153.183105,50.000000,0.000000,0.000000,-0.000000,0.000000,0.000000,2781.514648,50.000000,-3.000000,0.000000,-0.000000,0.000000,-417227.187500,2829.027588,50.000000,-2.000000,0.000000,-0.000000,0.000000,-282902.750000,-700129.937500,472608.468750,39157.445312,-266678.906250,1248640.125000,981961.250000
ml,p95,328,2026-10-12,2806.026367,10.000000,2153.183105,50.000000,0.000000,0.000000,-0.000000,0.000000,0.000000,2781.514648,50.000000,-3.000000,0.000000,-0.000000,0.000000,-417227.187500,2809.715332,50.000000,-2.000000,0.000000,-0.000000,0.000000,-280971.531250,-698198.750000,472608.468750,39157.445312,-264747.718750,1248640.125000,983892.375000
ml,p95,328,2026-10-13,2804.081543,10.000000,2153.183105,50.000000,1.000000,1.000000,-107659.156250,53.829575,107659.156250,2781.514648,50.000000,-2.000000,1.000000,-139075.734375,69.537865,-278151.468750,2800.252441,50.000000,-1.000000,1.000000,-140012.625000,70.006310,-140012.625000,-310504.937500,85860.976562,39350.816406,-263994.781250,1248640.125000,984645.375000
ml,p95,328,2026-10-14,2893.919189,10.000000,2153.183105,50.000000,-3.000000,-4.000000,430636.625000,215.318298,-322977.468750,2781.514648,50.000000,-1.000000,1.000000,-139075.734375,69.537865,-139075.734375,2907.945312,50.000000,0.000000,1.000000,-145397.265625,72.698631,0.000000,-462053.187500,232024.625000,39708.371094,-269736.937500,1248640.125000,978903.187500
ml,p95,328,2026-10-15,2904.407715,10.000000,2153.183105,50.000000,0.000000,3.000000,-322977.468750,161.488724,0.000000,2781.514648,50.000000,0.000000,1.000000,-139075.734375,69.537865,0.000000,2902.009521,50.000000,1.000000,1.000000,-145100.468750,72.550232,145100.468750,145100.468750,-375129.062500,40011.949219,-270040.531250,1248640.125000,978599.625000
ml,p95,328,2026-10-16,2929.576416,10.000000,2153.183105,50.000000,1.000000,1.000000,-107659.156250,53.829575,107659.156250,2781.514648,50.000000,1.000000,1.000000,-139075.734375,69.537865,139075.734375,2914.229492,50.000000,-3.000000,-4.000000,582845.875000,291.422943,-437134.437500,-190399.546875,-39018.093750,40426.738281,-269844.375000,1248640.125000,978795.750000
ml,p95,328,2026-10-17,2926.474121,10.000000,2153.183105,50.000000,1.000000,0.000000,-0.000000,0.000000,107659.156250,2781.514648,50.000000,1.000000,0.000000,-0.000000,0.000000,139075.734375,2915.599365,50.000000,-3.000000,0.000000,-0.000000,0.000000,-437339.906250,-190605.015625,-39018.093750,40426.738281,-270049.843750,1248640.125000,978590.250000
ml,p95,328,2026-10-18,2928.411621,10.000000,2153.183105,50.000000,1.000000,0.000000,-0.000000,0.000000,107659.156250,2781.514648,50.000000,1.000000,0.000000,-0.000000,0.000000,139075.734375,2920.161865,50.000000,-3.000000,0.000000,-0.000000,0.000000,-438024.281250,-191289.390625,-39018.093750,40426.738281,-270734.218750,1248640.125000,977905.875000
ml,p95,328,2026-10-19,2903.638916,10.000000,2153.183105,50.000000,-3.000000,-4.000000,430636.625000,215.318298,-322977.468750,2781.514648,50.000000,-3.000000,-4.000000,556302.937500,278.151459,-417227.187500,2889.336182,50.000000,-2.000000,1.000000,-144466.812500,72.233406,-288933.625000,-1029138.250000,803454.625000,40992.441406,-266676.062500,1248640.125000,981964.062500
ml,p95,328,2026-10-20,2871.861328,10.000000,2153.183105,50.000000,0.000000,3.000000,-322977.468750,161.488724,0.000000,2781.514648,50.000000,0.000000,3.000000,-417227.187500,208.613586,0.000000,2874.119385,50.000000,-1.000000,1.000000,-143705.968750,71.852989,-143705.968750,-143705.968750,-80455.968750,41434.398438,-265596.343750,1248640.125000,983043.750000
ml,p95,328,2026-10-21,2904.201172,10.000000,2153.183105,50.000000,1.000000,1.000000,-107659.156250,53.829575,107659.156250,2781.514648,50.000000,1.000000,1.000000,-139075.734375,69.537865,139075.734375,2917.273193,50.000000,0.000000,1.000000,-145863.656250,72.931824,0.000000,246734.890625,-473054.500000,41630.695312,-267950.312500,1248640.125000,980689.812500
ml,p95,328,2026-10-22,2885.197510,10.000000,2153.183105,50.000000,-3.000000,-4.000000,430636.625000,215.318298,-322977.468750,2781.514648,50.000000,-3.000000,-4.000000,556302.937500,278.151459,-417227.187500,2899.515625,50.000000,-4.000000,-4.000000,579903.125000,289.951538,-579903.125000,-1320107.750000,1093788.125000,42414.117188,-268733.750000,1248640.125000,979906.375000
ml,p95,328,2026-10-23,2896.393066,10.000000,2153.183105,50.000000,0.000000,3.000000,-322977.468750,161.488724,0.000000,2781.514648,50.000000,0.000000,3.000000,-417227.187500,208.613586,0.000000,2886.849365,50.000000,-3.000000,1.000000,-144342.468750,72.171234,-433027.406250,-433027.406250,209241.062500,42856.390625,-266642.750000,1248640.125000,981997.375000
ml,p95,328,2026-10-24,2889.260010,10.000000,2153.183105,50.000000,0.000000,0.000000,-0.000000,0.000000,0.000000,2781.514648,50.000000,0.000000,0.000000,-0.000000,0.000000,0.000000,2887.091309,50.000000,-3.000000,0.000000,-0.000000,0.000000,-433063.687500,-433063.687500,209241.062500,42856.390625,-266679.000000,1248640.125000,981961.125000
ml,p95,328,2026-10-25,2722.070801,10.000000,2153.183105,50.000000,0.000000,0.000000,-0.000000,0.000000,0.000000,2781.514648,50.000000,0.000000,0.000000,-0.000000,0.000000,0.000000,2703.153564,50.000000,-3.000000,0.000000,-0.000000,0.000000,-405473.062500,-405473.062500,209241.062500,42856.390625,-239088.390625,1248640.125000,1009551.750000
ml,p95,328,2026-10-26,2739.919189,10.000000,2153.183105,50.000000,1.000000,1.000000,-107659.156250,53.829575,107659.156250,2781.514648,50.000000,1.000000,1.000000,-139075.734375,69.537865,139075.734375,2744.615479,50.000000,-2.000000,1.000000,-137230.781250,68.615387,-274461.562500,-27726.671875,-174724.593750,43048.375000,-245499.640625,1248640.125000,1003140.500000
ml,p95,328,2026-10-27,2730.376465,10.000000,2153.183105,50.000000,-3.000000,-4.000000,430636.625000,215.318298,-322977.468750,2781.514648,50.000000,-3.000000,-4.000000,556302.937500,278.151459,-417227.187500,2746.013184,50.000000,-1.000000,1.000000,-137300.656250,68.650322,-137300.656250,-877505.250000,674914.312500,43610.492188,-246201.437500,1248640.125000,1002438.687500
ml,p95,328,2026-10-28,2730.316406,10.000000,2153.183105,50.000000,0.000000,3.000000,-322977.468750,161.488724,0.000000,2781.514648,50.000000,0.000000,3.000000,-417227.187500,208.613586,0.000000,2743.943604,50.000000,0.000000,1.000000,-137197.187500,68.598595,0.000000,0.000000,-202487.562500,44049.195312,-246536.750000,1248640.125000,1002103.375000
ml,p95,328,2026-10-29,2633.424561,10.000000,2153.183105,50.000000,0.000000,0.000000,-0.000000,0.000000,0.000000,2781.514648,50.000000,0.000000,0.000000,-0.000000,0.000000,0.000000,2637.344482,50.000000,0.000000,0.000000,-0.000000,0.000000,0.000000,0.000000,-202487.562500,44049.195312,-246536.750000,1248640.125000,1002103.375000
ml,p95,328,2026-10-30,2568.978271,10.000000,2153.183105,50.000000,0.000000,0.000000,-0.000000,0.000000,0.000000,2781.514648,50.000000,0.000000,0.000000,-0.000000,0.000000,0.000000,2637.344482,50.000000,0.000000,0.000000,-0.000000,0.000000,0.000000,0.000000,-202487.562500,44049.195312,-246536.750000,1248640.125000,1002103.375000
ml,best,136,2026-04-10,2055.000244,10.000000,2026.171509,50.000000,-4.000000,-4.000000,405234.312500,202.617142,-405234.312500,2047.068848,50.000000,-4.000000,-4.000000,409413.781250,204.706879,-409413.781250,2070.749756,50.000000,-4.000000,-4.000000,414149.937500,207.074966,-414149.937500,-1228798.000000,1228798.000000,614.398987,-614.398987,4854.181641,4239.782715
ml,best,136,2026-04-11,1941.219360,10.000000,1926.672119,50.000000,-4.000000,0.000000,-0.000000,0.000000,-385334.437500,1947.608765,50.000000,-4.000000,0.000000,-0.000000,0.000000,-389521.750000,1970.729004,50.000000,-4.000000,0.000000,-0.000000,0.000000,-394145.812500,-1169002.000000,1228798.000000,614.398987,59181.601562,-275183.250000,-216001.656250
ml,best,136,2026-04-12,1972.707886,10.000000,1976.880249,50.000000,-4.000000,0.000000,-0.000000,0.000000,-395376.062500,1997.601562,50.000000,-4.000000,0.000000,-0.000000,0.000000,-399520.312500,2021.069580,50.000000,-4.000000,0.000000,-0.000000,0.000000,-404213.906250,-1199110.250000,1228798.000000,614.398987,29073.351562,-200157.343750,-171084.000000
ml,best,136,2026-04-13,1982.092529,10.000000,1968.283203,50.000000,-3.000000,1.000000,-98414.156250,49.207077,-295242.468750,1989.360107,50.000000,-3.000000,1.000000,-99468.007812,49.734001,-298404.000000,2012.426880,50.000000,-3.000000,1.000000,-100621.343750,50.310669,-301864.031250,-895510.500000,930294.500000,763.650757,34020.347656,-173767.640625,-139747.296875
ml,best,136,2026-04-14,2011.312012,10.000000,2027.893311,50.000000,-2.000000,1.000000,-101394.664062,50.697330,-202789.328125,2046.165405,50.000000,-2.000000,1.000000,-102308.273438,51.154137,-204616.546875,2067.347168,50.000000,-2.000000,1.000000,-103367.359375,51.683681,-206734.718750,-614140.625000,623224.250000,917.185913,8166.438965,-98898.765625,-90732.328125
ml,best,136,2026-04-15,1990.600952,10.000000,2009.097900,50.000000,-1.000000,1.000000,-100454.898438,50.227448,-100454.898438,2024.156250,50.000000,-1.000000,1.000000,-101207.812500,50.603905,-101207.812500,2043.196899,50.000000,-1.000000,1.000000,-102159.843750,51.079922,-102159.843750,-303822.562500,319401.687500,1069.097168,14510.027344,-149471.421875,-134961.390625
ml,best,136,2026-04-16,1978.442017,10.000000,1989.287598,50.000000,0.000000,1.000000,-99464.382812,49.732189,0.000000,2003.238281,50.000000,0.000000,1.000000,-100161.914062,50.080956,0.000000,2021.289307,50.000000,0.000000,1.000000,-101064.468750,50.532234,0.000000,0.000000,18710.906250,1219.442627,17491.462891,-179711.546875,-162220.078125
ml,best,136,2026-04-17,1950.287720,10.000000,1965.265503,50.000000,-4.000000,-4.000000,393053.093750,196.526550,-393053.093750,1980.678101,50.000000,-4.000000,-4.000000,396135.625000,198.067810,-396135.625000,1999.817383,50.000000,-4.000000,-4.000000,399963.468750,199.981735,-399963.468750,-1189152.250000,1207863.125000,1814.018677,16896.855469,-238733.015625,-221836.156250
ml,best,136,2026-04-18,1915.570312,10.000000,1932.835205,50.000000,-4.000000,0.000000,-0.000000,0.000000,-386567.031250,1946.807373,50.000000,-4.000000,0.000000,-0.000000,0.000000,-389361.468750,1965.081299,50.000000,-4.000000,0.000000,-0.000000,0.000000,-393016.250000,-1168944.750000,1207863.125000,1814.018677,37104.355469,-324875.906250,-287771.562500
ml,best,136,2026-04-19,1923.332764,10.000000,1926.246094,50.000000,-4.000000,0.000000,-0.000000,0.000000,-385249.218750,1943.364990,50.000000,-4.000000,0.000000,-0.000000,0.000000,-388673.000000,1962.660645,50.000000,-4.000000,0.000000,-0.000000,0.000000,-392532.125000,-1166454.375000,1207863.125000,1814.018677,39594.730469,-308262.031250,-268667.312500
ml,best,136,2026-04-20,1975.709961,10.000000,1960.761719,50.000000,-3.000000,1.000000,-98038.085938,49.019043,-294114.250000,1979.166138,50.000000,-3.000000,1.000000,-98958.304688,49.479153,-296874.937500,2000.233887,50.000000,-3.000000,1.000000,-100011.695312,50.005844,-300035.093750,-891024.250000,910855.000000,1962.522705,17868.226562,-177950.640625,-160082.406250
ml,best,136,2026-04-21,1946.230713,10.000000,1932.529053,50.000000,-2.000000,1.000000,-96626.453125,48.313225,-193252.906250,1949.692871,50.000000,-2.000000,1.000000,-97484.640625,48.742317,-194969.281250,1969.856323,50.000000,-2.000000,1.000000,-98492.812500,49.246407,-196985.625000,-585207.812500,618251.125000,2108.824707,30934.488281,-252801.015625,-221866.531250
ml,best,136,2026-04-22,2036.126343,10.000000,2030.785767,50.000000,-1.000000,1.000000,-101539.289062,50.769642,-101539.289062,2047.672363,50.000000,-1.000000,1.000000,-102383.617188,51.191807,-102383.617188,2067.374023,50.000000,-1.000000,1.000000,-103368.703125,51.684349,-103368.703125,-307291.625000,310959.500000,2262.470459,1405.404541,-21005.101562,-19599.697266
ml,best,136,2026-04-23,2043.801147,10.000000,2032.410645,50.000000,0.000000,1.000000,-101620.531250,50.810265,0.000000,2049.483398,50.000000,0.000000,1.000000,-102474.171875,51.237087,0.000000,2069.966797,50.000000,0.000000,1.000000,-103498.343750,51.749172,0.000000,0.000000,3366.445312,2416.267090,950.178223,1333.584106,2283.762207
ml,best,136,2026-04-24,2040.000977,10.000000,2043.312378,50.000000,1.000000,1.000000,-102165.617188,51.082809,102165.617188,2060.200439,50.000000,1.000000,1.000000,-103010.023438,51.505013,103010.023438,2080.275146,50.000000,-4.000000,-4.000000,416055.031250,208.027512,-416055.031250,-210879.390625,214245.843750,2726.882324,639.570801,-2489.604980,-1850.034180
ml,best,136,2026-04-25,2054.074463,10.000000,2042.029541,50.000000,1.000000,0.000000,-0.000000,0.000000,102101.476562,2058.904541,50.000000,1.000000,0.000000,-0.000000,0.000000,102945.226562,2077.630615,50.000000,-4.000000,0.000000,-0.000000,0.000000,-415526.125000,-210479.421875,214245.843750,2726.882324,1039.539551,35600.710938,36640.250000
ml,best,136,2026-04-26,2059.853760,10.000000,2043.531006,50.000000,1.000000,0.000000,-0.000000,0.000000,102176.546875,2061.793701,50.000000,1.000000,0.000000,-0.000000,0.000000,103089.687500,2081.334229,50.000000,-4.000000,0.000000,-0.000000,0.000000,-416266.843750,-211000.609375,214245.843750,2726.882324,518.352051,58973.386719,59491.738281
ml,best,136,2026-04-27,2076.396240,10.000000,2053.656738,50.000000,-5.000000,-6.000000,616097.000000,308.048523,-513414.156250,2073.002686,50.000000,-5.000000,-6.000000,621900.750000,310.950378,-518250.687500,2093.475342,50.000000,-3.000000,1.000000,-104673.765625,52.336880,-314021.281250,-1345686.125000,1347569.750000,3398.218262,-1514.593262,102594.812500,101080.218750
ml,best,136,2026-04-28,2101.376221,10.000000,2085.755859,50.000000,-4.000000,1.000000,-104287.796875,52.143898,-417151.187500,2104.919922,50.000000,-4.000000,1.000000,-105246.000000,52.622997,-420984.000000,2125.597412,50.000000,-2.000000,1.000000,-106279.867188,53.139931,-212559.734375,-1050694.875000,1031756.125000,3556.124756,-22494.875000,168905.187500,146410.312500
ml,best,136,2026-04-29,2091.139404,10.000000,2101.604492,50.000000,-3.000000,1.000000,-105080.226562,52.540112,-315240.687500,2122.523926,50.000000,-3.000000,1.000000,-106126.195312,53.063099,-318378.593750,2144.179199,50.000000,-1.000000,1.000000,-107208.960938,53.604481,-107208.960938,-740828.187500,713340.750000,3715.332520,-31202.769531,144441.687500,113238.921875
ml,best,136,2026-04-30,2148.633545,10.000000,2101.604492,50.000000,-2.000000,1.000000,-105080.226562,52.540112,-210160.453125,2178.803467,50.000000,-2.000000,1.000000,-108940.171875,54.470085,-217880.343750,2203.619873,50.000000,0.000000,1.000000,-110180.992188,55.090492,0.000000,-428040.812500,389139.406250,3877.433105,-42778.839844,290028.000000,247249.156250
ml,best,136,2026-05-01,2182.372803,10.000000,2101.604492,50.000000,-1.000000,1.000000,-105080.226562,52.540112,-105080.226562,2225.541504,50.000000,-1.000000,1.000000,-111277.078125,55.638535,-111277.078125,2251.038086,50.000000,1.000000,1.000000,-112551.906250,56.275948,112551.906250,-103805.406250,60230.171875,4041.887695,-47617.121094,373959.312500,326342.187500
ml,best,136,2026-05-02,2124.727539,10.000000,2101.604492,50.000000,-1.000000,0.000000,-0.000000,0.000000,-105080.226562,2135.456055,50.000000,-1.000000,0.000000,-0.000000,0.000000,-106772.804688,2160.229492,50.000000,1.000000,0.000000,-0.000000,0.000000,108011.476562,-103841.554688,60230.171875,4041.887695,-47653.269531,227415.890625,179762.625000
ml,best,136,2026-05-03,2143.702881,10.000000,2101.604492,50.000000,-1.000000,0.000000,-0.000000,0.000000,-105080.226562,2172.594727,50.000000,-1.000000,0.000000,-0.000000,0.000000,-108629.734375,2198.344971,50.000000,1.000000,0.000000,-0.000000,0.000000,109917.250000,-103792.718750,60230.171875,4041.887695,-47604.433594,272890.500000,225286.062500
ml,best,136,2026-05-04,2171.762451,10.000000,2101.604492,50.000000,0.000000,1.000000,-105080.226562,52.540112,0.000000,2208.743652,50.000000,0.000000,1.000000,-110437.179688,55.218586,0.000000,2236.898926,50.000000,-3.000000,-4.000000,447379.781250,223.689896,-335534.843750,-335534.843750,292092.562500,4373.336426,-47815.617188,347523.187500,299707.562500
ml,best,136,2026-05-05,2165.379150,10.000000,2101.604492,50.000000,1.000000,1.000000,-105080.226562,52.540112,105080.226562,2187.949951,50.000000,-4.000000,-4.000000,437590.000000,218.794998,-437590.000000,2215.629150,50.000000,-2.000000,1.000000,-110781.460938,55.390728,-221562.921875,-554072.687500,513820.843750,4700.062500,-44951.906250,329397.625000,284445.718750
ml,best,136,2026-05-06,2145.833252,10.000000,2101.604492,50.000000,-3.000000,-4.000000,420320.906250,210.160446,-315240.687500,2170.614990,50.000000,-3.000000,1.000000,-108530.750000,54.265373,-325592.250000,2197.885010,50.000000,-1.000000,1.000000,-109894.250000,54.947124,-109894.250000,-750727.187500,715716.750000,5019.435059,-40029.871094,277483.000000,237453.125000
ml,best,136,2026-05-07,2147.343018,10.000000,2101.604492,50.000000,-2.000000,1.000000,-105080.226562,52.540112,-210160.453125,2182.262207,50.000000,-2.000000,1.000000,-109113.109375,54.556557,-218226.218750,2209.997070,50.000000,0.000000,1.000000,-110499.851562,55.249924,0.000000,-428386.687500,391023.593750,5181.781738,-42544.875000,277660.562500,235115.687500
ml,best,136,2026-05-08,2107.337646,10.000000,2101.604492,50.000000,-1.000000,1.000000,-105080.226562,52.540112,-105080.226562,2112.341309,50.000000,-1.000000,1.000000,-105617.062500,52.808529,-105617.062500,2137.685059,50.000000,-4.000000,-4.000000,427537.000000,213.768494,-427537.000000,-638234.250000,607863.250000,5500.898926,-35871.898438,175592.609375,139720.718750
ml,best,136,2026-05-09,2147.533447,10.000000,2101.604492,50.000000,-1.000000,0.000000,-0.000000,0.000000,-105080.226562,2145.556641,50.000000,-1.000000,0.000000,-0.000000,0.000000,-107277.828125,2170.654297,50.000000,-4.000000,0.000000,-0.000000,0.000000,-434130.875000,-646488.937500,607863.250000,5500.898926,-44126.585938,282849.312500,238722.718750
ml,best,136,2026-05-10,2132.748535,10.000000,2101.604492,50.000000,-1.000000,0.000000,-0.000000,0.000000,-105080.226562,2147.151855,50.000000,-1.000000,0.000000,-0.000000,0.000000,-107357.593750,2173.681396,50.000000,-4.000000,0.000000,-0.000000,0.000000,-434736.281250,-647174.125000,607863.250000,5500.898926,-44811.773438,247006.906250,202195.125000
ml,best,136,2026-05-11,2132.258545,10.000000,2101.604492,50.000000,0.000000,1.000000,-105080.226562,52.540112,0.000000,2136.711182,50.000000,0.000000,1.000000,-106835.562500,53.417778,0.000000,2162.495117,50.000000,-3.000000,1.000000,-108124.757812,54.062382,-324374.281250,-324374.281250,287822.750000,5660.918945,-42212.449219,239938.734375,197726.281250
ml,best,136,2026-05-12,2170.437256,10.000000,2101.604492,50.000000,1.000000,1.000000,-105080.226562,52.540112,105080.226562,2186.380371,50.000000,1.000000,1.000000,-109319.015625,54.659504,109319.015625,2213.143799,50.000000,-2.000000,1.000000,-110657.187500,55.328594,-221314.375000,-6915.125000,-37233.687500,5823.447266,-49972.257812,332379.468750,282407.218750
ml,best,136,2026-05-13,2231.717773,10.000000,2101.604492,50.000000,-3.000000,-4.000000,420320.906250,210.160446,-315240.687500,2244.380615,50.000000,-5.000000,-6.000000,673314.187500,336.657074,-561095.187500,2272.023193,50.000000,-1.000000,1.000000,-113601.156250,56.800575,-113601.156250,-989937.000000,942800.250000,6427.065430,-53563.816406,486984.906250,433421.093750
ml,best,136,2026-05-14,2254.763672,10.000000,2101.604492,50.000000,-2.000000,1.000000,-105080.226562,52.540112,-210160.453125,2262.776367,50.000000,-4.000000,1.000000,-113138.820312,56.569412,-452555.281250,2292.625244,50.000000,0.000000,1.000000,-114631.265625,57.315628,0.000000,-662715.750000,609949.937500,6593.491211,-59359.304688,550001.000000,490641.687500
ml,best,136,2026-05-15,2220.377441,10.000000,2101.604492,50.000000,-1.000000,1.000000,-105080.226562,52.540112,-105080.226562,2230.981934,50.000000,-3.000000,1.000000,-111549.093750,55.774548,-334647.281250,2262.562744,50.000000,-4.000000,-4.000000,452512.562500,226.256271,-452512.562500,-892240.062500,845833.125000,6928.061523,-53335.000000,459627.218750,406292.218750
ml,best,136,2026-05-16,2267.501465,10.000000,2101.604492,50.000000,-1.000000,0.000000,-0.000000,0.000000,-105080.226562,2289.868408,50.000000,-3.000000,0.000000,-0.000000,0.000000,-343480.281250,2321.818359,50.000000,-4.000000,0.000000,-0.000000,0.000000,-464363.687500,-912924.187500,845833.125000,6928.061523,-74019.125000,580090.687500,506071.562500
ml,best,136,2026-05-17,2287.532471,10.000000,2101.604492,50.000000,-1.000000,0.000000,-0.000000,0.000000,-105080.226562,2284.620361,50.000000,-3.000000,0.000000,-0.000000,0.000000,-342693.062500,2316.454590,50.000000,-4.000000,0.000000,-0.000000,0.000000,-463290.906250,-911064.187500,845833.125000,6928.061523,-72159.125000,635510.250000,563351.125000
ml,best,136,2026-05-18,2326.502686,10.000000,2101.604492,50.000000,0.000000,1.000000,-105080.226562,52.540112,0.000000,2324.127441,50.000000,-2.000000,1.000000,-116206.375000,58.103188,-232412.750000,2356.887207,50.000000,-3.000000,1.000000,-117844.359375,58.922180,-353533.093750,-585945.875000,506702.218750,7097.626953,-86341.281250,737318.500000,650977.250000
ml,best,136,2026-05-19,2306.120361,10.000000,2101.604492,50.000000,1.000000,1.000000,-105080.226562,52.540112,105080.226562,2319.613037,50.000000,-1.000000,1.000000,-115980.648438,57.990322,-115980.648438,2352.726807,50.000000,-2.000000,1.000000,-117636.343750,58.818172,-235272.687500,-246173.109375,168005.000000,7266.975586,-85435.085938,686084.250000,600649.187500
ml,best,136,2026-05-20,2312.968018,10.000000,2101.604492,50.000000,-3.000000,-4.000000,420320.906250,210.160446,-315240.687500,2334.028564,50.000000,0.000000,1.000000,-116701.429688,58.350712,0.000000,2369.061768,50.000000,-1.000000,1.000000,-118453.085938,59.226543,-118453.085938,-433693.781250,353171.406250,7594.713867,-88117.085938,697342.125000,609225.062500
ml,best,136,2026-05-21,2308.999756,10.000000,2101.604492,50.000000,-2.000000,1.000000,-105080.226562,52.540112,-210160.453125,2317.054443,50.000000,-4.000000,-4.000000,463410.875000,231.705444,-463410.875000,2352.369873,50.000000,0.000000,1.000000,-117618.492188,58.809242,0.000000,-673571.312500,593883.562500,7937.768555,-87625.515625,688854.000000,601228.500000
ml,best,136,2026-05-22,2349.332764,10.000000,2101.604492,50.000000,-1.000000,1.000000,-105080.226562,52.540112,-105080.226562,2371.002441,50.000000,-3.000000,1.000000,-118550.125000,59.275063,-355650.375000,2408.098389,50.000000,-4.000000,-4.000000,481619.687500,240.809845,-481619.687500,-942350.250000,851872.875000,8290.392578,-98767.765625,789443.375000,690675.625000
ml,best,136,2026-05-23,2341.492920,10.000000,2101.604492,50.000000,-1.000000,0.000000,-0.000000,0.000000,-105080.226562,2395.783447,50.000000,-3.000000,0.000000,-0.000000,0.000000,-359367.531250,2433.642578,50.000000,-4.000000,0.000000,-0.000000,0.000000,-486728.500000,-951176.250000,851872.875000,8290.392578,-107593.765625,770521.125000,662927.375000
ml,best,136,2026-05-24,2319.809570,10.000000,2101.604492,50.000000,-1.000000,0.000000,-0.000000,0.000000,-105080.226562,2344.062988,50.000000,-3.000000,0.000000,-0.000000,0.000000,-351609.437500,2377.411133,50.000000,-4.000000,0.000000,-0.000000,0.000000,-475482.218750,-932171.875000,851872.875000,8290.392578,-88589.390625,718879.437500,630290.062500
ml,best,136,2026-05-25,2299.915771,10.000000,2101.604492,50.000000,-1.000000,0.000000,-0.000000,0.000000,-105080.226562,2318.447021,50.000000,-3.000000,0.000000,-0.000000,0.000000,-347767.031250,2351.512451,50.000000,-4.000000,0.000000,-0.000000,0.000000,-470302.500000,-923149.750000,851872.875000,8290.392578,-79567.265625,666461.312500,586894.062500
ml,best,136,2026-05-26,2280.181641,10.000000,2101.604492,50.000000,0.000000,1.000000,-105080.226562,52.540112,0.000000,2285.391357,50.000000,-2.000000,1.000000,-114269.570312,57.134785,-228539.140625,2318.246826,50.000000,-3.000000,1.000000,-115912.343750,57.956173,-347737.000000,-576276.125000,516610.750000,8458.024414,-68123.398438,619657.312500,551533.937500
ml,best,136,2026-05-27,2250.487305,10.000000,2101.604492,50.000000,1.000000,1.000000,-105080.226562,52.540112,105080.226562,2256.201416,50.000000,-1.000000,1.000000,-112810.070312,56.405037,-112810.070312,2286.390137,50.000000,-2.000000,1.000000,-114319.507812,57.159756,-228639.015625,-236368.859375,184400.937500,8624.128906,-60592.050781,548746.375000,488154.312500
ml,best,136,2026-05-28,2283.256348,10.000000,2101.604492,50.000000,-3.000000,-4.000000,420320.906250,210.160446,-315240.687500,2300.450195,50.000000,0.000000,1.000000,-115022.507812,57.511253,0.000000,2336.013916,50.000000,-1.000000,1.000000,-116800.695312,58.400349,-116800.695312,-432041.375000,372898.656250,8950.201172,-68092.921875,630770.625000,562677.687500
ml,best,136,2026-05-29,2321.929932,10.000000,2101.604492,50.000000,-2.000000,1.000000,-105080.226562,52.540112,-210160.453125,2340.630371,50.000000,1.000000,1.000000,-117031.515625,58.515755,117031.515625,2376.863037,50.000000,0.000000,1.000000,-118843.148438,59.421574,0.000000,-93128.937500,31943.750000,9120.678711,-70305.867188,736334.312500,666028.437500
ml,best,136,2026-05-30,2310.934082,10.000000,2101.604492,50.000000,-2.000000,0.000000,-0.000000,0.000000,-210160.453125,2319.557373,50.000000,1.000000,0.000000,-0.000000,0.000000,115977.867188,2352.152344,50.000000,0.000000,0.000000,-0.000000,0.000000,0.000000,-94182.585938,31943.750000,9120.678711,-71359.515625,705981.125000,634621.625000
ml,best,136,2026-05-31,2337.141357,10.000000,2101.604492,50.000000,-2.000000,0.000000,-0.000000,0.000000,-210160.453125,2362.220703,50.000000,1.000000,0.000000,-0.000000,0.000000,118111.031250,2392.310547,50.000000,0.000000,0.000000,-0.000000,0.000000,0.000000,-92049.421875,31943.750000,9120.678711,-69226.351562,772595.750000,703369.375000
ml,best,136,2026-06-01,2340.605225,10.000000,2101.604492,50.000000,-1.000000,1.000000,-105080.226562,52.540112,-105080.226562,2363.003418,50.000000,-3.000000,-4.000000,472600.687500,236.300339,-354450.500000,2395.872314,50.000000,-4.000000,-4.000000,479174.468750,239.587219,-479174.468750,-938705.187500,878638.687500,9649.106445,-69715.609375,781308.625000,711593.000000
ml,best,136,2026-06-02,2345.749512,10.000000,2101.604492,50.000000,0.000000,1.000000,-105080.226562,52.540112,0.000000,2357.931152,50.000000,-2.000000,1.000000,-117896.554688,58.948273,-235793.109375,2387.854492,50.000000,-3.000000,1.000000,-119392.726562,59.696362,-358178.187500,-593971.312500,536269.187500,9820.291016,-67522.414062,791267.562500,723745.125000
ml,best,136,2026-06-03,2358.956299,10.000000,2101.604492,50.000000,1.000000,1.000000,-105080.226562,52.540112,105080.226562,2383.173584,50.000000,-1.000000,1.000000,-119158.679688,59.579334,-119158.679688,2409.881104,50.000000,-2.000000,1.000000,-120494.054688,60.247025,-240988.109375,-255066.562500,191536.218750,9992.657227,-73523.000000,822288.562500,748765.562500
ml,best,136,2026-06-04,2365.497314,10.000000,2101.604492,50.000000,-3.000000,-4.000000,420320.906250,210.160446,-315240.687500,2393.119385,50.000000,0.000000,1.000000,-119655.968750,59.827988,0.000000,2423.821289,50.000000,-1.000000,1.000000,-121191.062500,60.595531,-121191.062500,-436431.750000,371010.093750,10323.241211,-75744.898438,837823.875000,762079.000000
ml,best,136,2026-06-05,2358.411865,10.000000,2101.604492,50.000000,-2.000000,1.000000,-105080.226562,52.540112,-210160.453125,2359.927979,50.000000,-4.000000,-4.000000,471985.593750,235.992798,-471985.593750,2391.631836,50.000000,0.000000,1.000000,-119581.593750,59.790798,0.000000,-682146.062500,618333.875000,10671.565430,-74483.750000,817124.125000,742640.375000
ml,best,136,2026-06-06,2389.454834,10.000000,2101.604492,50.000000,-2.000000,0.000000,-0.000000,0.000000,-210160.453125,2377.368408,50.000000,-4.000000,0.000000,-0.000000,0.000000,-475473.687500,2405.417725,50.000000,0.000000,0.000000,-0.000000,0.000000,0.000000,-685634.125000,618333.875000,10671.565430,-77971.812500,893610.375000,815638.562500
ml,best,136,2026-06-07,2442.376709,10.000000,2101.604492,50.000000,-2.000000,0.000000,-0.000000,0.000000,-210160.453125,2456.460449,50.000000,-4.000000,0.000000,-0.000000,0.000000,-491292.093750,2486.118896,50.000000,0.000000,0.000000,-0.000000,0.000000,0.000000,-701452.562500,618333.875000,10671.565430,-93790.250000,1027241.500000,933451.250000
ml,best,136,2026-06-08,2450.947998,10.000000,2101.604492,50.000000,-1.000000,1.000000,-105080.226562,52.540112,-105080.226562,2486.916016,50.000000,-3.000000,1.000000,-124345.796875,62.172897,-373037.406250,2514.180908,50.000000,-4.000000,-4.000000,502836.187500,251.418091,-502836.187500,-980953.812500,891744.000000,11037.696289,-100247.507812,1049307.625000,949060.125000
ml,best,136,2026-06-09,2470.663574,10.000000,2101.604492,50.000000,0.000000,1.000000,-105080.226562,52.540112,0.000000,2495.347656,50.000000,-2.000000,1.000000,-124767.382812,62.383694,-249534.765625,2522.013428,50.000000,-3.000000,1.000000,-126100.671875,63.050335,-378302.000000,-627836.750000,535795.750000,11215.669922,-103256.671875,1101982.125000,998725.437500
ml,best,136,2026-06-10,2556.239258,10.000000,2101.604492,50.000000,1.000000,1.000000,-105080.226562,52.540112,105080.226562,2575.730225,50.000000,-1.000000,1.000000,-128786.507812,64.393257,-128786.507812,2602.091553,50.000000,-2.000000,1.000000,-130104.578125,65.052284,-260209.156250,-283915.437500,171824.437500,11397.656250,-123488.656250,1317651.625000,1194163.000000
ml,best,136,2026-06-11,2541.735596,10.000000,2101.604492,50.000000,-3.000000,-4.000000,420320.906250,210.160446,-315240.687500,2548.983154,50.000000,0.000000,1.000000,-127449.156250,63.724575,0.000000,2572.294922,50.000000,-1.000000,1.000000,-128614.750000,64.307373,-128614.750000,-443855.437500,336081.437500,11735.848633,-119509.851562,1282881.125000,1163371.250000
ml,best,136,2026-06-12,2526.277588,10.000000,2101.604492,50.000000,-2.000000,1.000000,-105080.226562,52.540112,-210160.453125,2521.475098,50.000000,-4.000000,-4.000000,504295.031250,252.147522,-504295.031250,2544.636719,50.000000,0.000000,1.000000,-127231.835938,63.615917,0.000000,-714455.500000,608064.375000,12104.152344,-118495.281250,1239588.625000,1121093.375000
ml,best,136,2026-06-13,2512.222900,10.000000,2101.604492,50.000000,-2.000000,0.000000,-0.000000,0.000000,-210160.453125,2530.515869,50.000000,-4.000000,0.000000,-0.000000,0.000000,-506103.187500,2550.904053,50.000000,0.000000,0.000000,-0.000000,0.000000,0.000000,-716263.625000,608064.375000,12104.152344,-120303.406250,1203083.250000,1082779.875000
ml,best,136,2026-06-14,2542.207275,10.000000,2101.604492,50.000000,-2.000000,0.000000,-0.000000,0.000000,-210160.453125,2536.664551,50.000000,-4.000000,0.000000,-0.000000,0.000000,-507332.906250,2556.619141,50.000000,0.000000,0.000000,-0.000000,0.000000,0.000000,-717493.375000,608064.375000,12104.152344,-121533.156250,1279164.500000,1157631.375000
ml,best,136,2026-06-15,2559.984375,10.000000,2101.604492,50.000000,-1.000000,1.000000,-105080.226562,52.540112,-105080.226562,2563.203857,50.000000,-3.000000,1.000000,-128160.195312,64.080101,-384480.562500,2585.945801,50.000000,-4.000000,-4.000000,517189.156250,258.594574,-517189.156250,-1006749.937500,892013.125000,12479.367188,-127216.179688,1321370.375000,1194154.250000
ml,best,136,2026-06-16,2667.606689,10.000000,2101.604492,50.000000,0.000000,1.000000,-105080.226562,52.540112,0.000000,2699.863525,50.000000,-2.000000,1.000000,-134993.171875,67.496582,-269986.343750,2718.927002,50.000000,-3.000000,1.000000,-135946.343750,67.973175,-407839.062500,-677825.375000,515993.375000,12667.376953,-174499.375000,1593165.375000,1418666.000000
ml,best,136,2026-06-17,2663.140625,10.000000,2101.604492,50.000000,1.000000,1.000000,-105080.226562,52.540112,105080.226562,2690.860596,50.000000,-1.000000,1.000000,-134543.031250,67.271507,-134543.031250,2713.287354,50.000000,-2.000000,1.000000,-135664.375000,67.832184,-271328.750000,-300791.562500,140705.750000,12855.019531,-172940.828125,1581214.125000,1408273.250000
ml,best,136,2026-06-18,2653.145264,10.000000,2101.604492,50.000000,-3.000000,-4.000000,420320.906250,210.160446,-315240.687500,2673.609375,50.000000,0.000000,1.000000,-133680.468750,66.840233,0.000000,2692.715332,50.000000,-1.000000,1.000000,-134635.765625,67.317879,-134635.765625,-449876.437500,292710.437500,13199.338867,-170365.343750,1556682.500000,1386317.125000
ml,best,136,2026-06-19,2693.462891,10.000000,2101.604492,50.000000,-3.000000,0.000000,-0.000000,0.000000,-315240.687500,2732.846191,50.000000,0.000000,0.000000,-0.000000,0.000000,0.000000,2749.901855,50.000000,-1.000000,0.000000,-0.000000,0.000000,-137495.093750,-452735.781250,292710.437500,13199.338867,-173224.687500,1660613.250000,1487388.500000
ml,best,136,2026-06-20,2717.394287,10.000000,2101.604492,50.000000,-3.000000,0.000000,-0.000000,0.000000,-315240.687500,2732.630371,50.000000,0.000000,0.000000,-0.000000,0.000000,0.000000,2751.479004,50.000000,-1.000000,0.000000,-0.000000,0.000000,-137573.953125,-452814.625000,292710.437500,13199.338867,-173303.531250,1718337.000000,1545033.500000
ml,best,136,2026-06-21,2733.287598,10.000000,2101.604492,50.000000,-3.000000,0.000000,-0.000000,0.000000,-315240.687500,2742.162109,50.000000,0.000000,0.000000,-0.000000,0.000000,0.000000,2760.331787,50.000000,-1.000000,0.000000,-0.000000,0.000000,-138016.593750,-453257.281250,292710.437500,13199.338867,-173746.187500,1753745.750000,1579999.500000
ml,best,136,2026-06-22,2772.305176,10.000000,2101.604492,50.000000,-2.000000,1.000000,-105080.226562,52.540112,-210160.453125,2791.730957,50.000000,1.000000,1.000000,-139586.546875,69.793274,139586.546875,2809.290771,50.000000,0.000000,1.000000,-140464.531250,70.232262,0.000000,-70573.906250,-92420.867188,13391.904297,-176386.687500,1848720.500000,1672333.750000
ml,best,136,2026-06-23,2785.934570,10.000000,2101.604492,50.000000,-1.000000,1.000000,-105080.226562,52.540112,-105080.226562,2818.190186,50.000000,-3.000000,-4.000000,563638.062500,281.819031,-422728.500000,2835.571289,50.000000,-4.000000,-4.000000,567114.250000,283.557129,-567114.250000,-1094923.000000,933251.250000,14009.820312,-175681.562500,1881338.625000,1705657.000000
ml,best,136,2026-06-24,2826.954346,10.000000,2101.604492,50.000000,0.000000,1.000000,-105080.226562,52.540112,0.000000,2849.784424,50.000000,-2.000000,1.000000,-142489.218750,71.244614,-284978.437500,2863.621338,50.000000,-3.000000,1.000000,-143181.062500,71.590530,-429543.218750,-714521.625000,542500.750000,14205.196289,-186226.078125,1982612.875000,1796386.750000
ml,best,136,2026-06-25,2806.754150,10.000000,2101.604492,50.000000,1.000000,1.000000,-105080.226562,52.540112,105080.226562,2809.654541,50.000000,-1.000000,1.000000,-140482.734375,70.241364,-140482.734375,2823.242188,50.000000,-2.000000,1.000000,-141162.109375,70.581055,-282324.218750,-317726.718750,155775.625000,14398.558594,-176349.656250,1930824.000000,1754474.375000
ml,best,136,2026-06-26,2790.721191,10.000000,2101.604492,50.000000,-3.000000,-4.000000,420320.906250,210.160446,-315240.687500,2809.087402,50.000000,0.000000,1.000000,-140454.375000,70.227188,0.000000,2822.524902,50.000000,-1.000000,1.000000,-141126.250000,70.563126,-141126.250000,-456366.937500,294515.906250,14749.509766,-176600.546875,1887570.625000,1710970.125000
ml,best,136,2026-06-27,2855.940918,10.000000,2101.604492,50.000000,-3.000000,0.000000,-0.000000,0.000000,-315240.687500,2896.706787,50.000000,0.000000,0.000000,-0.000000,0.000000,0.000000,2912.888428,50.000000,-1.000000,0.000000,-0.000000,0.000000,-145644.421875,-460885.125000,294515.906250,14749.509766,-181118.734375,2049538.750000,1868420.000000
ml,best,136,2026-06-28,2823.673828,10.000000,2101.604492,50.000000,-3.000000,0.000000,-0.000000,0.000000,-315240.687500,2811.108887,50.000000,0.000000,0.000000,-0.000000,0.000000,0.000000,2827.744141,50.000000,-1.000000,0.000000,-0.000000,0.000000,-141387.203125,-456627.875000,294515.906250,14749.509766,-176861.484375,1963213.625000,1786352.125000
ml,best,136,2026-06-29,2953.929199,10.000000,2101.604492,50.000000,-2.000000,1.000000,-105080.226562,52.540112,-210160.453125,3011.807129,50.000000,1.000000,1.000000,-150590.359375,75.295181,150590.359375,3030.420410,50.000000,0.000000,1.000000,-151521.015625,75.760506,0.000000,-59570.093750,-112675.679688,14953.105469,-187198.890625,2285994.000000,2098795.000000
ml,best,136,2026-06-30,3002.178467,10.000000,2101.604492,50.000000,-1.000000,1.000000,-105080.226562,52.540112,-105080.226562,3032.817139,50.000000,-3.000000,-4.000000,606563.437500,303.281708,-454922.562500,3055.276367,50.000000,-4.000000,-4.000000,611055.250000,305.527618,-611055.250000,-1171058.000000,999862.750000,15614.455078,-186809.703125,2405087.250000,2218277.500000
ml,best,136,2026-07-01,2975.808350,10.000000,2101.604492,50.000000,0.000000,1.000000,-105080.226562,52.540112,0.000000,2972.070068,50.000000,-2.000000,1.000000,-148603.500000,74.301750,-297207.000000,2995.686035,50.000000,-3.000000,1.000000,-149784.296875,74.892151,-449352.937500,-746559.937500,596394.750000,15816.189453,-165981.375000,2335716.500000,2169735.000000
ml,best,136,2026-07-02,2960.580811,10.000000,2101.604492,50.000000,1.000000,1.000000,-105080.226562,52.540112,105080.226562,2966.679932,50.000000,-1.000000,1.000000,-148334.000000,74.167000,-148334.000000,2992.463379,50.000000,-2.000000,1.000000,-149623.171875,74.811584,-299246.343750,-342500.125000,193357.359375,16017.707031,-165160.468750,2298740.250000,2133579.750000
ml,best,136,2026-07-03,2958.400391,10.000000,2101.604492,50.000000,-3.000000,-4.000000,420320.906250,210.160446,-315240.687500,2958.695312,50.000000,0.000000,1.000000,-147934.765625,73.967377,0.000000,2986.465820,50.000000,-1.000000,1.000000,-149323.296875,74.661652,-149323.296875,-464564.000000,316420.187500,16376.496094,-164520.312500,2292145.500000,2127625.250000
ml,best,136,2026-07-04,2932.012451,10.000000,2101.604492,50.000000,-3.000000,0.000000,-0.000000,0.000000,-315240.687500,2914.885010,50.000000,0.000000,0.000000,-0.000000,0.000000,0.000000,2940.248535,50.000000,-1.000000,0.000000,-0.000000,0.000000,-147012.421875,-462253.125000,316420.187500,16376.496094,-162209.437500,2232976.250000,2070766.750000
ml,best,136,2026-07-05,3018.700928,10.000000,2101.604492,50.000000,-3.000000,0.000000,-0.000000,0.000000,-315240.687500,3022.800293,50.000000,0.000000,0.000000,-0.000000,0.000000,0.000000,3049.533691,50.000000,-1.000000,0.000000,-0.000000,0.000000,-152476.687500,-467717.375000,316420.187500,16376.496094,-167673.687500,2422496.250000,2254822.500000
ml,best,136,2026-07-06,3049.706055,10.000000,2101.604492,50.000000,-2.000000,1.000000,-105080.226562,52.540112,-210160.453125,3065.055664,50.000000,1.000000,1.000000,-153252.781250,76.626389,153252.781250,3090.357422,50.000000,0.000000,1.000000,-154517.875000,77.258934,0.000000,-56907.671875,-96430.695312,16582.921875,-169921.296875,2485571.250000,2315650.000000
ml,best,136,2026-07-07,3033.305908,10.000000,2101.604492,50.000000,-1.000000,1.000000,-105080.226562,52.540112,-105080.226562,3054.909180,50.000000,-3.000000,-4.000000,610981.812500,305.490906,-458236.375000,3078.226562,50.000000,-4.000000,-4.000000,615645.312500,307.822632,-615645.312500,-1178962.000000,1025116.187500,17248.777344,-171094.593750,2447816.250000,2276721.750000
ml,best,136,2026-07-08,3025.770996,10.000000,2101.604492,50.000000,0.000000,1.000000,-105080.226562,52.540112,0.000000,3040.234131,50.000000,-2.000000,1.000000,-152011.703125,76.005852,-304023.406250,3063.636963,50.000000,-3.000000,1.000000,-153181.843750,76.590919,-459545.562500,-763569.000000,614842.437500,17453.912109,-166180.468750,2431040.000000,2264859.500000
ml,best,136,2026-07-09,3058.531250,10.000000,2101.604492,50.000000,1.000000,1.000000,-105080.226562,52.540112,105080.226562,3057.580322,50.000000,-1.000000,1.000000,-152879.015625,76.439507,-152879.015625,3080.158691,50.000000,-2.000000,1.000000,-154007.937500,77.003967,-308015.875000,-355814.656250,202875.250000,17659.896484,-170599.296875,2488177.250000,2317578.000000
ml,best,136,2026-07-10,3081.720215,10.000000,2101.604492,50.000000,-3.000000,-4.000000,420320.906250,210.160446,-315240.687500,3093.508057,50.000000,0.000000,1.000000,-154675.406250,77.337700,0.000000,3118.159668,50.000000,-1.000000,1.000000,-155907.984375,77.953995,-155907.984375,-471148.687500,312612.781250,18025.349609,-176561.250000,2526961.500000,2350400.250000
ml,best,136,2026-07-11,3046.802002,10.000000,2101.604492,50.000000,-3.000000,0.000000,-0.000000,0.000000,-315240.687500,3043.092529,50.000000,0.000000,0.000000,-0.000000,0.000000,0.000000,3068.334229,50.000000,-1.000000,0.000000,-0.000000,0.000000,-153416.718750,-468657.406250,312612.781250,18025.349609,-174069.968750,2469226.000000,2295156.000000
ml,best,136,2026-07-12,3083.093018,10.000000,2101.604492,50.000000,-3.000000,0.000000,-0.000000,0.000000,-315240.687500,3067.482178,50.000000,0.000000,0.000000,-0.000000,0.000000,0.000000,3092.687988,50.000000,-1.000000,0.000000,-0.000000,0.000000,-154634.406250,-469875.093750,312612.781250,18025.349609,-175287.656250,2526964.750000,2351677.000000
ml,best,136,2026-07-13,3172.786865,10.000000,2101.604492,50.000000,-2.000000,1.000000,-105080.226562,52.540112,-210160.453125,3171.554932,50.000000,1.000000,1.000000,-158577.750000,79.288872,158577.750000,3198.976562,50.000000,0.000000,1.000000,-159948.828125,79.974411,0.000000,-51582.703125,-110994.039062,18237.152344,-180813.906250,2672227.250000,2491413.250000
ml,best,136,2026-07-14,3127.000977,10.000000,2101.604492,50.000000,-1.000000,1.000000,-105080.226562,52.540112,-105080.226562,3137.659424,50.000000,-3.000000,-4.000000,627531.875000,313.765930,-470648.937500,3167.222900,50.000000,-4.000000,-4.000000,633444.562500,316.722260,-633444.562500,-1209173.750000,1044902.187500,18920.179688,-183191.750000,2600482.000000,2417290.250000
ml,best,136,2026-07-15,3109.544678,10.000000,2101.604492,50.000000,0.000000,1.000000,-105080.226562,52.540112,0.000000,3109.948486,50.000000,-2.000000,1.000000,-155497.421875,77.748711,-310994.843750,3141.465088,50.000000,-3.000000,1.000000,-157073.250000,78.536621,-471219.781250,-782214.625000,627251.250000,19129.005859,-174092.375000,2574563.500000,2400471.000000
ml,best,136,2026-07-16,3068.517334,10.000000,2101.604492,50.000000,1.000000,1.000000,-105080.226562,52.540112,105080.226562,3053.714355,50.000000,-1.000000,1.000000,-152685.718750,76.342857,-152685.718750,3084.615967,50.000000,-2.000000,1.000000,-154230.796875,77.115395,-308461.593750,-356067.093750,215254.546875,19335.003906,-160147.546875,2519463.250000,2359315.750000
ml,best,136,2026-07-17,3065.682861,10.000000,2101.604492,50.000000,-3.000000,-4.000000,420320.906250,210.160446,-315240.687500,3066.314453,50.000000,0.000000,1.000000,-153315.718750,76.657860,0.000000,3099.399902,50.000000,-1.000000,1.000000,-154970.000000,77.485001,-154970.000000,-470210.687500,327289.750000,19699.308594,-162620.250000,2514724.500000,2352104.250000
ml,best,136,2026-07-18,3063.701416,10.000000,2101.604492,50.000000,-3.000000,0.000000,-0.000000,0.000000,-315240.687500,3069.179199,50.000000,0.000000,0.000000,-0.000000,0.000000,0.000000,3102.167236,50.000000,-1.000000,0.000000,-0.000000,0.000000,-155108.359375,-470349.062500,327289.750000,19699.308594,-162758.625000,2511651.500000,2348893.000000
ml,best,136,2026-07-19,3045.427979,10.000000,2101.604492,50.000000,-3.000000,0.000000,-0.000000,0.000000,-315240.687500,3046.380127,50.000000,0.000000,0.000000,-0.000000,0.000000,0.000000,3078.600830,50.000000,-1.000000,0.000000,-0.000000,0.000000,-153930.046875,-469170.750000,327289.750000,19699.308594,-161580.312500,2491123.250000,2329543.000000
ml,best,136,2026-07-20,3023.618896,10.000000,2101.604492,50.000000,-2.000000,1.000000,-105080.226562,52.540112,-210160.453125,3026.094238,50.000000,-4.000000,-4.000000,605218.875000,302.609436,-605218.875000,3057.576904,50.000000,0.000000,1.000000,-152878.843750,76.439423,0.000000,-815379.312500,674549.500000,20130.894531,-160960.703125,2466533.500000,2305572.750000
ml,best,136,2026-07-21,3044.321289,10.000000,2101.604492,50.000000,-1.000000,1.000000,-105080.226562,52.540112,-105080.226562,3042.976562,50.000000,-3.000000,1.000000,-152148.828125,76.074409,-456446.500000,3076.500244,50.000000,-4.000000,-4.000000,615300.062500,307.650024,-615300.062500,-1176826.750000,1032620.500000,20567.160156,-164773.406250,2485728.500000,2320955.000000
ml,best,136,2026-07-22,3046.842529,10.000000,2101.604492,50.000000,0.000000,1.000000,-105080.226562,52.540112,0.000000,3051.927490,50.000000,-2.000000,1.000000,-152596.375000,76.298187,-305192.750000,3084.541504,50.000000,-3.000000,1.000000,-154227.078125,77.113533,-462681.250000,-767874.000000,620716.875000,20773.113281,-167930.234375,2487257.000000,2319326.750000
ml,best,136,2026-07-23,3108.800293,10.000000,2101.604492,50.000000,1.000000,1.000000,-105080.226562,52.540112,105080.226562,3125.105957,50.000000,-1.000000,1.000000,-156255.296875,78.127647,-156255.296875,3160.879639,50.000000,-2.000000,1.000000,-158043.984375,79.021996,-316087.968750,-367263.031250,201337.359375,20982.802734,-186908.468750,2533650.500000,2346742.000000
ml,best,136,2026-07-24,3178.410645,10.000000,2101.604492,50.000000,-3.000000,-4.000000,420320.906250,210.160446,-315240.687500,3192.119629,50.000000,0.000000,1.000000,-159605.984375,79.802994,0.000000,3230.496582,50.000000,-1.000000,1.000000,-161524.828125,80.762413,-161524.828125,-476765.500000,300527.437500,21353.529297,-197591.593750,2578408.250000,2380816.750000
ml,best,136,2026-07-25,3119.250977,10.000000,2101.604492,50.000000,-3.000000,0.000000,-0.000000,0.000000,-315240.687500,3128.273682,50.000000,0.000000,0.000000,-0.000000,0.000000,0.000000,3162.849854,50.000000,-1.000000,0.000000,-0.000000,0.000000,-158142.500000,-473383.187500,300527.437500,21353.529297,-194209.281250,2545717.500000,2351508.250000
ml,best,136,2026-07-26,3130.641357,10.000000,2101.604492,50.000000,-3.000000,0.000000,-0.000000,0.000000,-315240.687500,3135.022705,50.000000,0.000000,0.000000,-0.000000,0.000000,0.000000,3170.788574,50.000000,-1.000000,0.000000,-0.000000,0.000000,-158539.421875,-473780.125000,300527.437500,21353.529297,-194606.218750,2551377.750000,2356771.500000
ml,best,136,2026-07-27,3098.050781,10.000000,2101.604492,50.000000,-2.000000,1.000000,-105080.226562,52.540112,-210160.453125,3100.475830,50.000000,-4.000000,-4.000000,620095.187500,310.047607,-620095.187500,3138.028809,50.000000,0.000000,1.000000,-156901.437500,78.450714,0.000000,-830255.625000,658640.937500,21794.566406,-193409.250000,2533178.500000,2339769.250000
ml,best,136,2026-07-28,3046.770020,10.000000,2101.604492,50.000000,-1.000000,1.000000,-105080.226562,52.540112,-105080.226562,3033.639404,50.000000,-3.000000,1.000000,-151681.968750,75.840988,-455045.906250,3068.225342,50.000000,-4.000000,-4.000000,613645.062500,306.822510,-613645.062500,-1173771.250000,1015523.812500,22229.769531,-180477.203125,2510561.500000,2330084.250000
ml,best,136,2026-07-29,3049.799072,10.000000,2101.604492,50.000000,0.000000,1.000000,-105080.226562,52.540112,0.000000,3032.359863,50.000000,-2.000000,1.000000,-151618.000000,75.808998,-303236.000000,3067.176270,50.000000,-3.000000,1.000000,-153358.812500,76.679405,-460076.468750,-763312.500000,605466.750000,22434.798828,-180280.546875,2511373.500000,2331093.000000
ml,best,136,2026-07-30,3049.179688,10.000000,2101.604492,50.000000,1.000000,1.000000,-105080.226562,52.540112,105080.226562,3032.359863,50.000000,-1.000000,1.000000,-151618.000000,75.808998,-151618.000000,3088.531982,50.000000,-2.000000,1.000000,-154426.593750,77.213295,-308853.187500,-355390.968750,194341.968750,22640.361328,-183689.359375,2511235.750000,2327546.500000
ml,best,136,2026-07-31,3026.593506,10.000000,2101.604492,50.000000,-3.000000,-4.000000,420320.906250,210.160446,-315240.687500,3032.359863,50.000000,0.000000,1.000000,-151618.000000,75.808998,0.000000,3054.778320,50.000000,-1.000000,1.000000,-152738.921875,76.369461,-152738.921875,-467979.625000,310305.968750,23002.699219,-180676.359375,2508896.500000,2328220.250000
ml,best,136,2026-08-01,3049.714600,10.000000,2101.604492,50.000000,-3.000000,0.000000,-0.000000,0.000000,-315240.687500,3032.359863,50.000000,0.000000,0.000000,-0.000000,0.000000,0.000000,3063.343750,50.000000,-1.000000,0.000000,-0.000000,0.000000,-153167.187500,-468407.875000,310305.968750,23002.699219,-181104.609375,2509174.750000,2328070.250000
ml,best,136,2026-08-02,3068.877197,10.000000,2101.604492,50.000000,-3.000000,0.000000,-0.000000,0.000000,-315240.687500,3032.359863,50.000000,0.000000,0.000000,-0.000000,0.000000,0.000000,3090.020264,50.000000,-1.000000,0.000000,-0.000000,0.000000,-154501.015625,-469741.687500,310305.968750,23002.699219,-182438.421875,2509437.000000,2326998.500000
ml,best,136,2026-08-03,3089.600586,10.000000,2101.604492,50.000000,-2.000000,1.000000,-105080.226562,52.540112,-210160.453125,3032.359863,50.000000,1.000000,1.000000,-151618.000000,75.808998,151618.000000,3118.233887,50.000000,0.000000,1.000000,-155911.687500,77.955841,0.000000,-58542.453125,-102303.960938,23209.003906,-184055.406250,2509711.000000,2325655.500000
ml,best,136,2026-08-04,3096.674316,10.000000,2101.604492,50.000000,-1.000000,1.000000,-105080.226562,52.540112,-105080.226562,3032.359863,50.000000,-3.000000,-4.000000,606472.000000,303.235992,-454854.000000,3131.439209,50.000000,1.000000,1.000000,-156571.953125,78.285973,156571.953125,-403362.312500,242515.843750,23643.066406,-184489.531250,2510006.250000,2325516.750000
ml,best,136,2026-08-05,3106.968750,10.000000,2101.604492,50.000000,0.000000,1.000000,-105080.226562,52.540112,0.000000,3032.359863,50.000000,-2.000000,1.000000,-151618.000000,75.808998,-303236.000000,3168.968018,50.000000,-3.000000,-4.000000,633793.625000,316.896790,-475345.218750,-778581.250000,619611.250000,24088.312500,-183058.312500,2510298.500000,2327240.250000
ml,best,136,2026-08-06,3128.910156,10.000000,2101.604492,50.000000,1.000000,1.000000,-105080.226562,52.540112,105080.226562,3032.359863,50.000000,-1.000000,1.000000,-151618.000000,75.808998,-151618.000000,3169.474854,50.000000,-2.000000,1.000000,-158473.750000,79.236870,-316947.500000,-363485.281250,204439.281250,24295.898438,-183341.906250,2510298.500000,2326956.500000
ml,best,136,2026-08-07,3125.095947,10.000000,2101.604492,50.000000,-3.000000,-4.000000,420320.906250,210.160446,-315240.687500,3032.359863,50.000000,0.000000,1.000000,-151618.000000,75.808998,0.000000,3167.882324,50.000000,-1.000000,1.000000,-158394.109375,79.197052,-158394.109375,-473634.812500,314748.093750,24661.066406,-183547.781250,2510298.500000,2326750.750000
ml,best,136,2026-08-08,3154.271484,10.000000,2101.604492,50.000000,-3.000000,0.000000,-0.000000,0.000000,-315240.687500,3032.359863,50.000000,0.000000,0.000000,-0.000000,0.000000,0.000000,3186.373291,50.000000,-1.000000,0.000000,-0.000000,0.000000,-159318.671875,-474559.375000,314748.093750,24661.066406,-184472.343750,2510298.500000,2325826.250000
ml,best,136,2026-08-09,3182.635986,10.000000,2101.604492,50.000000,-3.000000,0.000000,-0.000000,0.000000,-315240.687500,3032.359863,50.000000,0.000000,0.000000,-0.000000,0.000000,0.000000,3220.795410,50.000000,-1.000000,0.000000,-0.000000,0.000000,-161039.765625,-476280.437500,314748.093750,24661.066406,-186193.406250,2510298.500000,2324105.000000
ml,best,136,2026-08-10,3196.573486,10.000000,2101.604492,50.000000,-2.000000,1.000000,-105080.226562,52.540112,-210160.453125,3032.359863,50.000000,1.000000,1.000000,-151618.000000,75.808998,151618.000000,3230.248291,50.000000,0.000000,1.000000,-161512.421875,80.756210,0.000000,-58542.453125,-103462.570312,24870.171875,-186875.203125,2510298.500000,2323423.250000
ml,best,136,2026-08-11,3175.889648,10.000000,2101.604492,50.000000,-1.000000,1.000000,-105080.226562,52.540112,-105080.226562,3032.359863,50.000000,-3.000000,-4.000000,606472.000000,303.235992,-454854.000000,3202.263916,50.000000,-4.000000,-4.000000,640452.812500,320.226379,-640452.812500,-1200387.000000,1038382.000000,25546.171875,-187551.171875,2510298.500000,2322747.250000
ml,best,136,2026-08-12,3182.587158,10.000000,2101.604492,50.000000,0.000000,1.000000,-105080.226562,52.540112,0.000000,3032.359863,50.000000,-2.000000,1.000000,-151618.000000,75.808998,-303236.000000,3193.071777,50.000000,-3.000000,1.000000,-159653.593750,79.826797,-478960.750000,-782196.750000,622030.187500,25754.349609,-185920.906250,2510298.500000,2324377.500000
ml,best,136,2026-08-13,3177.040771,10.000000,2101.604492,50.000000,1.000000,1.000000,-105080.226562,52.540112,105080.226562,3032.359863,50.000000,-1.000000,1.000000,-151618.000000,75.808998,-151618.000000,3186.754883,50.000000,-2.000000,1.000000,-159337.750000,79.668877,-318675.500000,-365213.281250,205994.218750,25962.367188,-185181.437500,2510298.500000,2325117.000000
ml,best,136,2026-08-14,3163.073486,10.000000,2101.604492,50.000000,-3.000000,-4.000000,420320.906250,210.160446,-315240.687500,3032.359863,50.000000,0.000000,1.000000,-151618.000000,75.808998,0.000000,3178.024170,50.000000,-1.000000,1.000000,-158901.203125,79.450600,-158901.203125,-474141.875000,315795.937500,26327.789062,-184673.718750,2510298.500000,2325624.750000
ml,best,136,2026-08-15,3179.744629,10.000000,2101.604492,50.000000,-3.000000,0.000000,-0.000000,0.000000,-315240.687500,3032.359863,50.000000,0.000000,0.000000,-0.000000,0.000000,0.000000,3208.914307,50.000000,-1.000000,0.000000,-0.000000,0.000000,-160445.718750,-475686.406250,315795.937500,26327.789062,-186218.250000,2510298.500000,2324080.250000
ml,best,136,2026-08-16,3174.472412,10.000000,2101.604492,50.000000,-3.000000,0.000000,-0.000000,0.000000,-315240.687500,3032.359863,50.000000,0.000000,0.000000,-0.000000,0.000000,0.000000,3209.345703,50.000000,-1.000000,0.000000,-0.000000,0.000000,-160467.281250,-475707.968750,315795.937500,26327.789062,-186239.812500,2510298.500000,2324058.750000
ml,best,136,2026-08-17,3147.123535,10.000000,2101.604492,50.000000,-2.000000,1.000000,-105080.226562,52.540112,-210160.453125,3032.359863,50.000000,1.000000,1.000000,-151618.000000,75.808998,151618.000000,3173.830322,50.000000,0.000000,1.000000,-158691.515625,79.345757,0.000000,-58542.453125,-99593.820312,26535.482422,-184671.765625,2510298.500000,2325626.750000
ml,best,136,2026-08-18,3152.184570,10.000000,2101.604492,50.000000,-1.000000,1.000000,-105080.226562,52.540112,-105080.226562,3032.359863,50.000000,-3.000000,-4.000000,606472.000000,303.235992,-454854.000000,3167.341553,50.000000,-4.000000,-4.000000,633468.312500,316.734131,-633468.312500,-1193402.500000,1035266.250000,27207.994141,-185344.250000,2510298.500000,2324954.250000
ml,best,136,2026-08-19,3136.917236,10.000000,2101.604492,50.000000,0.000000,1.000000,-105080.226562,52.540112,0.000000,3032.359863,50.000000,-2.000000,1.000000,-151618.000000,75.808998,-303236.000000,3162.802246,50.000000,-3.000000,1.000000,-158140.109375,79.070053,-474420.312500,-777656.312500,620427.937500,27415.412109,-184643.781250,2510298.500000,2325654.750000
ml,best,136,2026-08-20,3124.067871,10.000000,2101.604492,50.000000,1.000000,1.000000,-105080.226562,52.540112,105080.226562,3032.359863,50.000000,-1.000000,1.000000,-151618.000000,75.808998,-151618.000000,3137.171387,50.000000,-2.000000,1.000000,-156858.562500,78.429276,-313717.125000,-360254.906250,206871.156250,27622.187500,-181005.937500,2510298.500000,2329292.500000
ml,best,136,2026-08-21,3099.280273,10.000000,2101.604492,50.000000,-3.000000,-4.000000,420320.906250,210.160446,-315240.687500,3032.359863,50.000000,0.000000,1.000000,-151618.000000,75.808998,0.000000,3121.995850,50.000000,-1.000000,1.000000,-156099.796875,78.049896,-156099.796875,-471340.500000,319474.250000,27986.208984,-179852.453125,2510298.500000,2330446.000000
ml,best,136,2026-08-22,3096.234375,10.000000,2101.604492,50.000000,-3.000000,0.000000,-0.000000,0.000000,-315240.687500,3032.359863,50.000000,0.000000,0.000000,-0.000000,0.000000,0.000000,3119.133057,50.000000,-1.000000,0.000000,-0.000000,0.000000,-155956.656250,-471197.343750,319474.250000,27986.208984,-179709.296875,2510298.500000,2330589.250000
ml,best,136,2026-08-23,3117.353516,10.000000,2101.604492,50.000000,-3.000000,0.000000,-0.000000,0.000000,-315240.687500,3032.359863,50.000000,0.000000,0.000000,-0.000000,0.000000,0.000000,3115.110107,50.000000,-1.000000,0.000000,-0.000000,0.000000,-155755.500000,-470996.187500,319474.250000,27986.208984,-179508.140625,2510298.500000,2330790.250000
ml,best,136,2026-08-24,3094.038330,10.000000,2101.604492,50.000000,-2.000000,1.000000,-105080.226562,52.540112,-210160.453125,3032.359863,50.000000,1.000000,1.000000,-151618.000000,75.808998,151618.000000,3102.849365,50.000000,0.000000,1.000000,-155142.468750,77.571236,0.000000,-58542.453125,-92366.445312,28192.128906,-179101.031250,2510298.500000,2331197.500000
ml,best,136,2026-08-25,3082.654785,10.000000,2101.604492,50.000000,-1.000000,1.000000,-105080.226562,52.540112,-105080.226562,3032.359863,50.000000,-3.000000,-4.000000,606472.000000,303.235992,-454854.000000,3118.056152,50.000000,1.000000,1.000000,-155902.812500,77.951401,155902.812500,-404031.437500,253122.500000,28625.855469,-179534.796875,2510298.500000,2330763.750000
ml,best,136,2026-08-26,3076.880371,10.000000,2101.604492,50.000000,0.000000,1.000000,-105080.226562,52.540112,0.000000,3032.359863,50.000000,-2.000000,1.000000,-151618.000000,75.808998,-303236.000000,3094.418457,50.000000,-3.000000,-4.000000,618883.687500,309.441833,-464162.781250,-767398.750000,615308.000000,29063.648438,-181154.406250,2510298.500000,2329144.000000
ml,best,136,2026-08-27,3080.591797,10.000000,2101.604492,50.000000,1.000000,1.000000,-105080.226562,52.540112,105080.226562,3032.359863,50.000000,-1.000000,1.000000,-151618.000000,75.808998,-151618.000000,3103.999756,50.000000,-2.000000,1.000000,-155199.984375,77.599991,-310399.968750,-356937.750000,203409.781250,29269.597656,-182797.562500,2510298.500000,2327501.000000
ml,best,136,2026-08-28,3080.224365,10.000000,2101.604492,50.000000,-3.000000,-4.000000,420320.906250,210.160446,-315240.687500,3032.359863,50.000000,0.000000,1.000000,-151618.000000,75.808998,0.000000,3107.193604,50.000000,-1.000000,1.000000,-155359.687500,77.679840,-155359.687500,-470600.375000,316753.000000,29633.246094,-183480.625000,2510298.500000,2326818.000000
ml,best,136,2026-08-29,3041.274658,10.000000,2101.604492,50.000000,-3.000000,0.000000,-0.000000,0.000000,-315240.687500,3032.359863,50.000000,0.000000,0.000000,-0.000000,0.000000,0.000000,3042.158936,50.000000,-1.000000,0.000000,-0.000000,0.000000,-152107.953125,-467348.625000,316753.000000,29633.246094,-180228.875000,2510298.500000,2330069.500000
ml,best,136,2026-08-30,3026.957275,10.000000,2101.604492,50.000000,-3.000000,0.000000,-0.000000,0.000000,-315240.687500,3032.359863,50.000000,0.000000,0.000000,-0.000000,0.000000,0.000000,3034.115967,50.000000,-1.000000,0.000000,-0.000000,0.000000,-151705.796875,-466946.500000,316753.000000,29633.246094,-179826.750000,2510298.500000,2330471.750000
ml,best,136,2026-08-31,3017.831787,10.000000,2101.604492,50.000000,0.000000,3.000000,-315240.687500,157.620331,0.000000,3032.359863,50.000000,1.000000,1.000000,-151618.000000,75.808998,151618.000000,3068.904053,50.000000,0.000000,1.000000,-153445.203125,76.722595,0.000000,151618.000000,-303550.906250,29943.398438,-181876.312500,2510298.500000,2328422.250000
ml,best,136,2026-09-01,3014.949219,10.000000,2101.604492,50.000000,1.000000,1.000000,-105080.226562,52.540112,105080.226562,3032.359863,50.000000,-3.000000,-4.000000,606472.000000,303.235992,-454854.000000,3054.098633,50.000000,1.000000,1.000000,-152704.937500,76.352470,152704.937500,-197068.843750,45135.937500,30375.527344,-182308.437500,2510298.500000,2327990.000000
ml,best,136,2026-09-02,2994.683594,10.000000,2101.604492,50.000000,-3.000000,-4.000000,420320.906250,210.160446,-315240.687500,3032.359863,50.000000,-2.000000,1.000000,-151618.000000,75.808998,-303236.000000,3014.380859,50.000000,-3.000000,-4.000000,602876.187500,301.438080,-452157.125000,-1070633.750000,916715.000000,30962.935547,-184881.687500,2510298.500000,2325416.750000
ml,best,136,2026-09-03,2978.964600,10.000000,2101.604492,50.000000,0.000000,3.000000,-315240.687500,157.620331,0.000000,3032.359863,50.000000,-1.000000,1.000000,-151618.000000,75.808998,-151618.000000,3006.424072,50.000000,-2.000000,1.000000,-150321.203125,75.160599,-300642.406250,-452260.406250,299535.156250,31271.523438,-183996.781250,2510298.500000,2326301.750000
ml,best,136,2026-09-04,3014.400146,10.000000,2101.604492,50.000000,1.000000,1.000000,-105080.226562,52.540112,105080.226562,3032.359863,50.000000,0.000000,1.000000,-151618.000000,75.808998,0.000000,3023.317627,50.000000,-1.000000,1.000000,-151165.875000,75.582939,-151165.875000,-46085.648438,-108328.960938,31475.457031,-185890.062500,2510298.500000,2324408.500000
ml,best,136,2026-09-05,3025.563232,10.000000,2101.604492,50.000000,1.000000,0.000000,-0.000000,0.000000,105080.226562,3032.359863,50.000000,0.000000,0.000000,-0.000000,0.000000,0.000000,3014.891846,50.000000,-1.000000,0.000000,-0.000000,0.000000,-150744.593750,-45664.367188,-108328.960938,31475.457031,-185468.781250,2510298.500000,2324829.750000
ml,best,136,2026-09-06,3021.431152,10.000000,2101.604492,50.000000,1.000000,0.000000,-0.000000,0.000000,105080.226562,3032.359863,50.000000,0.000000,0.000000,-0.000000,0.000000,0.000000,3026.924561,50.000000,-1.000000,0.000000,-0.000000,0.000000,-151346.234375,-46266.007812,-108328.960938,31475.457031,-186070.421875,2510298.500000,2324228.000000
ml,best,136,2026-09-07,3030.515625,10.000000,2101.604492,50.000000,1.000000,0.000000,-0.000000,0.000000,105080.226562,3032.359863,50.000000,0.000000,0.000000,-0.000000,0.000000,0.000000,3034.572021,50.000000,-1.000000,0.000000,-0.000000,0.000000,-151728.593750,-46648.367188,-108328.960938,31475.457031,-186452.781250,2510298.500000,2323845.750000
ml,best,136,2026-09-08,3020.803223,10.000000,2101.604492,50.000000,-3.000000,-4.000000,420320.906250,210.160446,-315240.687500,3032.359863,50.000000,1.000000,1.000000,-151618.000000,75.808998,151618.000000,3035.426514,50.000000,0.000000,1.000000,-151771.328125,75.885658,0.000000,-163622.687500,8602.601562,31837.312500,-186857.406250,2510298.500000,2323441.000000
ml,best,136,2026-09-09,3030.654297,10.000000,2101.604492,50.000000,0.000000,3.000000,-315240.687500,157.620331,0.000000,3032.359863,50.000000,-3.000000,-4.000000,606472.000000,303.235992,-454854.000000,3026.994629,50.000000,1.000000,1.000000,-151349.734375,75.674866,151349.734375,-303504.250000,148484.187500,32373.843750,-187393.906250,2510298.500000,2322904.500000
ml,best,136,2026-09-10,3033.343506,10.000000,2101.604492,50.000000,1.000000,1.000000,-105080.226562,52.540112,105080.226562,3032.359863,50.000000,-2.000000,1.000000,-151618.000000,75.808998,-303236.000000,3042.370605,50.000000,-3.000000,-4.000000,608474.125000,304.237030,-456355.562500,-654511.375000,500260.093750,32806.429688,-187057.718750,2510298.500000,2323240.750000
ml,best,136,2026-09-11,3026.394287,10.000000,2101.604492,50.000000,-3.000000,-4.000000,420320.906250,210.160446,-315240.687500,3032.359863,50.000000,-1.000000,1.000000,-151618.000000,75.808998,-151618.000000,3051.920410,50.000000,-2.000000,1.000000,-152596.015625,76.298004,-305192.031250,-772050.750000,616367.000000,33168.695312,-188852.437500,2510298.500000,2321446.000000
ml,best,136,2026-09-12,3059.867432,10.000000,2101.604492,50.000000,-3.000000,0.000000,-0.000000,0.000000,-315240.687500,3032.359863,50.000000,-1.000000,0.000000,-0.000000,0.000000,-151618.000000,3089.729980,50.000000,-2.000000,0.000000,-0.000000,0.000000,-308973.000000,-775831.687500,616367.000000,33168.695312,-192633.375000,2510298.500000,2317665.000000
ml,best,136,2026-09-13,3083.048828,10.000000,2101.604492,50.000000,-3.000000,0.000000,-0.000000,0.000000,-315240.687500,3032.359863,50.000000,-1.000000,0.000000,-0.000000,0.000000,-151618.000000,3102.365479,50.000000,-2.000000,0.000000,-0.000000,0.000000,-310236.562500,-777095.250000,616367.000000,33168.695312,-193896.937500,2510298.500000,2316401.500000
ml,best,136,2026-09-14,3036.709961,10.000000,2101.604492,50.000000,0.000000,3.000000,-315240.687500,157.620331,0.000000,3032.359863,50.000000,0.000000,1.000000,-151618.000000,75.808998,0.000000,3050.112793,50.000000,-1.000000,1.000000,-152505.640625,76.252815,-152505.640625,-152505.640625,-2997.343750,33478.378906,-188981.359375,2510298.500000,2321317.250000
ml,best,136,2026-09-15,3050.497070,10.000000,2101.604492,50.000000,1.000000,1.000000,-105080.226562,52.540112,105080.226562,3032.359863,50.000000,1.000000,1.000000,-151618.000000,75.808998,151618.000000,3077.320557,50.000000,0.000000,1.000000,-153866.031250,76.933014,0.000000,256698.218750,-413561.593750,33683.660156,-190547.031250,2510298.500000,2319751.500000
ml,best,136,2026-09-16,3086.879395,10.000000,2101.604492,50.000000,-3.000000,-4.000000,420320.906250,210.160446,-315240.687500,3032.359863,50.000000,-3.000000,-4.000000,606472.000000,303.235992,-454854.000000,3097.886475,50.000000,1.000000,1.000000,-154894.328125,77.447159,154894.328125,-615200.375000,458336.968750,34274.503906,-191137.906250,2510298.500000,2319160.500000
ml,best,136,2026-09-17,3104.036621,10.000000,2101.604492,50.000000,0.000000,3.000000,-315240.687500,157.620331,0.000000,3032.359863,50.000000,-2.000000,1.000000,-151618.000000,75.808998,-303236.000000,3113.229980,50.000000,-3.000000,-4.000000,622646.000000,311.322998,-466984.468750,-770220.500000,614124.250000,34819.257812,-190915.500000,2510298.500000,2319383.000000
ml,best,136,2026-09-18,3113.019043,10.000000,2101.604492,50.000000,1.000000,1.000000,-105080.226562,52.540112,105080.226562,3032.359863,50.000000,-1.000000,1.000000,-151618.000000,75.808998,-151618.000000,3137.322754,50.000000,-2.000000,1.000000,-156866.140625,78.433067,-313732.281250,-360270.062500,200559.937500,35026.039062,-194736.156250,2510298.500000,2315562.250000
ml,best,136,2026-09-19,3110.722168,10.000000,2101.604492,50.000000,1.000000,0.000000,-0.000000,0.000000,105080.226562,3032.359863,50.000000,-1.000000,0.000000,-0.000000,0.000000,-151618.000000,3118.853271,50.000000,-2.000000,0.000000,-0.000000,0.000000,-311885.312500,-358423.093750,200559.937500,35026.039062,-192889.187500,2510298.500000,2317409.250000
ml,best,136,2026-09-20,3112.170166,10.000000,2101.604492,50.000000,1.000000,0.000000,-0.000000,0.000000,105080.226562,3032.359863,50.000000,-1.000000,0.000000,-0.000000,0.000000,-151618.000000,3085.731445,50.000000,-2.000000,0.000000,-0.000000,0.000000,-308573.156250,-355110.937500,200559.937500,35026.039062,-189577.031250,2510298.500000,2320721.500000
ml,best,136,2026-09-21,3118.382568,10.000000,2101.604492,50.000000,-3.000000,-4.000000,420320.906250,210.160446,-315240.687500,3032.359863,50.000000,0.000000,1.000000,-151618.000000,75.808998,0.000000,3133.377197,50.000000,-1.000000,1.000000,-156668.859375,78.334427,-156668.859375,-471909.562500,312593.937500,35390.343750,-194705.968750,2510298.500000,2315592.500000
ml,best,136,2026-09-22,3093.354004,10.000000,2101.604492,50.000000,0.000000,3.000000,-315240.687500,157.620331,0.000000,3032.359863,50.000000,1.000000,1.000000,-151618.000000,75.808998,151618.000000,3096.557617,50.000000,0.000000,1.000000,-154827.875000,77.413933,0.000000,151618.000000,-309092.593750,35701.187500,-193175.781250,2510298.500000,2317122.750000
ml,best,136,2026-09-23,3058.119873,10.000000,2101.604492,50.000000,1.000000,1.000000,-105080.226562,52.540112,105080.226562,3032.359863,50.000000,-3.000000,-4.000000,606472.000000,303.235992,-454854.000000,3069.039795,50.000000,1.000000,1.000000,-153451.984375,76.725990,153451.984375,-196321.796875,38847.187500,36133.687500,-193608.296875,2510298.500000,2316690.250000
ml,best,136,2026-09-24,3014.969482,10.000000,2101.604492,50.000000,-3.000000,-4.000000,420320.906250,210.160446,-315240.687500,3032.359863,50.000000,-2.000000,1.000000,-151618.000000,75.808998,-303236.000000,3020.667480,50.000000,-3.000000,-4.000000,604133.500000,302.066742,-453100.093750,-1071576.750000,911683.625000,36721.726562,-196614.843750,2510298.500000,2313683.750000
ml,best,136,2026-09-25,3032.788330,10.000000,2101.604492,50.000000,0.000000,3.000000,-315240.687500,157.620331,0.000000,3032.359863,50.000000,-1.000000,1.000000,-151618.000000,75.808998,-151618.000000,3040.806396,50.000000,-2.000000,1.000000,-152040.312500,76.020157,-304080.625000,-455698.625000,292784.625000,37031.171875,-199945.171875,2510298.500000,2310353.250000
ml,best,136,2026-09-26,2976.624512,10.000000,2101.604492,50.000000,0.000000,0.000000,-0.000000,0.000000,0.000000,3032.359863,50.000000,-1.000000,0.000000,-0.000000,0.000000,-151618.000000,2996.264648,50.000000,-2.000000,0.000000,-0.000000,0.000000,-299626.468750,-451244.468750,292784.625000,37031.171875,-195491.015625,2510298.500000,2314807.500000
ml,best,136,2026-09-27,2966.841309,10.000000,2101.604492,50.000000,0.000000,0.000000,-0.000000,0.000000,0.000000,3032.359863,50.000000,-1.000000,0.000000,-0.000000,0.000000,-151618.000000,2970.086670,50.000000,-2.000000,0.000000,-0.000000,0.000000,-297008.656250,-448626.656250,292784.625000,37031.171875,-192873.203125,2510298.500000,2317425.250000
ml,best,136,2026-09-28,2989.538818,10.000000,2101.604492,50.000000,1.000000,1.000000,-105080.226562,52.540112,105080.226562,3032.359863,50.000000,0.000000,1.000000,-151618.000000,75.808998,0.000000,2981.561523,50.000000,-1.000000,1.000000,-149078.078125,74.539032,-149078.078125,-43997.851562,-112991.710938,37234.062500,-194223.625000,2510298.500000,2316075.000000
ml,best,136,2026-09-29,2994.144043,10.000000,2101.604492,50.000000,-3.000000,-4.000000,420320.906250,210.160446,-315240.687500,3032.359863,50.000000,1.000000,1.000000,-151618.000000,75.808998,151618.000000,2992.621338,50.000000,0.000000,1.000000,-149631.062500,74.815529,0.000000,-163622.687500,6080.132812,37594.847656,-195137.406250,2510298.500000,2315161.000000
ml,best,136,2026-09-30,2989.527344,10.000000,2101.604492,50.000000,0.000000,3.000000,-315240.687500,157.620331,0.000000,3032.359863,50.000000,-3.000000,-4.000000,606472.000000,303.235992,-454854.000000,2974.868408,50.000000,1.000000,1.000000,-148743.421875,74.371712,148743.421875,-306110.562500,148568.031250,38130.074219,-195672.609375,2510298.500000,2314626.000000
ml,best,136,2026-10-01,2989.604248,10.000000,2101.604492,50.000000,1.000000,1.000000,-105080.226562,52.540112,105080.226562,3032.359863,50.000000,0.000000,3.000000,-454854.000000,227.427002,0.000000,2996.213867,50.000000,-3.000000,-4.000000,599242.750000,299.621368,-449432.093750,-344351.875000,187876.562500,38709.664062,-195184.968750,2510298.500000,2315113.500000
ml,best,136,2026-10-02,3020.094482,10.000000,2101.604492,50.000000,-3.000000,-4.000000,420320.906250,210.160446,-315240.687500,3032.359863,50.000000,1.000000,1.000000,-151618.000000,75.808998,151618.000000,3010.768311,50.000000,-2.000000,1.000000,-150538.421875,75.269211,-301076.843750,-464699.531250,306041.031250,39070.902344,-197729.406250,2510298.500000,2312569.000000
ml,best,136,2026-10-03,3013.253174,10.000000,2101.604492,50.000000,-3.000000,0.000000,-0.000000,0.000000,-315240.687500,3032.359863,50.000000,1.000000,0.000000,-0.000000,0.000000,151618.000000,3030.375488,50.000000,-2.000000,0.000000,-0.000000,0.000000,-303037.562500,-466660.250000,306041.031250,39070.902344,-199690.125000,2510298.500000,2310608.500000
ml,best,136,2026-10-04,2945.950928,10.000000,2101.604492,50.000000,-3.000000,0.000000,-0.000000,0.000000,-315240.687500,3032.359863,50.000000,1.000000,0.000000,-0.000000,0.000000,151618.000000,2940.606445,50.000000,-2.000000,0.000000,-0.000000,0.000000,-294060.656250,-457683.343750,306041.031250,39070.902344,-190713.218750,2510298.500000,2319585.250000
ml,best,136,2026-10-05,2962.888428,10.000000,2101.604492,50.000000,0.000000,3.000000,-315240.687500,157.620331,0.000000,3032.359863,50.000000,-3.000000,-4.000000,606472.000000,303.235992,-454854.000000,2979.436523,50.000000,-1.000000,1.000000,-148971.828125,74.485909,-148971.828125,-603825.812500,448300.531250,39606.242188,-195131.531250,2510298.500000,2315167.000000
ml,best,136,2026-10-06,2932.742188,10.000000,2101.604492,50.000000,1.000000,1.000000,-105080.226562,52.540112,105080.226562,3032.359863,50.000000,0.000000,3.000000,-454854.000000,227.427002,0.000000,2944.155762,50.000000,0.000000,1.000000,-147207.781250,73.603882,0.000000,105080.226562,-258841.468750,39959.816406,-193721.062500,2510298.500000,2316577.500000
ml,best,136,2026-10-07,2947.511719,10.000000,2101.604492,50.000000,-3.000000,-4.000000,420320.906250,210.160446,-315240.687500,3032.359863,50.000000,1.000000,1.000000,-151618.000000,75.808998,151618.000000,2971.792969,50.000000,1.000000,1.000000,-148589.656250,74.294823,148589.656250,-15033.031250,-138728.218750,40320.078125,-194081.328125,2510298.500000,2316217.250000
ml,best,136,2026-10-08,2924.818359,10.000000,2101.604492,50.000000,0.000000,3.000000,-315240.687500,157.620331,0.000000,3032.359863,50.000000,-3.000000,-4.000000,606472.000000,303.235992,-454854.000000,2941.475098,50.000000,-3.000000,-4.000000,588295.000000,294.147491,-441221.281250,-896075.250000,740798.062500,41075.082031,-196352.265625,2510298.500000,2313946.250000
ml,best,136,2026-10-09,2921.857422,10.000000,2101.604492,50.000000,1.000000,1.000000,-105080.226562,52.540112,105080.226562,3032.359863,50.000000,0.000000,3.000000,-454854.000000,227.427002,0.000000,2921.408936,50.000000,-2.000000,1.000000,-146070.453125,73.035225,-292140.906250,-187060.687500,34793.390625,41428.085938,-193695.375000,2510298.500000,2316603.000000
ml,best,136,2026-10-10,2958.398926,10.000000,2101.604492,50.000000,1.000000,0.000000,-0.000000,0.000000,105080.226562,3032.359863,50.000000,0.000000,0.000000,-0.000000,0.000000,0.000000,2958.695312,50.000000,-2.000000,0.000000,-0.000000,0.000000,-295869.531250,-190789.312500,34793.390625,41428.085938,-197424.000000,2510298.500000,2312874.500000
ml,best,136,2026-10-11,2977.343994,10.000000,2101.604492,50.000000,1.000000,0.000000,-0.000000,0.000000,105080.226562,3032.359863,50.000000,0.000000,0.000000,-0.000000,0.000000,0.000000,3012.195312,50.000000,-2.000000,0.000000,-0.000000,0.000000,-301219.531250,-196139.312500,34793.390625,41428.085938,-202774.000000,2510298.500000,2307524.500000
ml,best,136,2026-10-12,2974.771240,10.000000,2101.604492,50.000000,1.000000,0.000000,-0.000000,0.000000,105080.226562,3032.359863,50.000000,0.000000,0.000000,-0.000000,0.000000,0.000000,2987.520752,50.000000,-2.000000,0.000000,-0.000000,0.000000,-298752.062500,-193671.843750,34793.390625,41428.085938,-200306.531250,2510298.500000,2309992.000000
ml,best,136,2026-10-13,2945.579834,10.000000,2101.604492,50.000000,-3.000000,-4.000000,420320.906250,210.160446,-315240.687500,3032.359863,50.000000,1.000000,1.000000,-151618.000000,75.808998,151618.000000,2966.515625,50.000000,-1.000000,1.000000,-148325.781250,74.162888,-148325.781250,-311948.468750,155170.500000,41788.218750,-198566.187500,2510298.500000,2311732.250000
ml,best,136,2026-10-14,2941.550293,10.000000,2101.604492,50.000000,0.000000,3.000000,-315240.687500,157.620331,0.000000,3032.359863,50.000000,-3.000000,-4.000000,606472.000000,303.235992,-454854.000000,2954.660889,50.000000,0.000000,1.000000,-147733.046875,73.866524,0.000000,-454854.000000,298668.781250,42322.941406,-198508.156250,2510298.500000,2311790.250000
ml,best,136,2026-10-15,2962.861572,10.000000,2101.604492,50.000000,1.000000,1.000000,-105080.226562,52.540112,105080.226562,3032.359863,50.000000,-2.000000,1.000000,-151618.000000,75.808998,-303236.000000,2962.352295,50.000000,1.000000,1.000000,-148117.609375,74.058807,148117.609375,-50038.171875,-106147.062500,42525.347656,-198710.578125,2510298.500000,2311588.000000
ml,best,136,2026-10-16,2962.714600,10.000000,2101.604492,50.000000,-3.000000,-4.000000,420320.906250,210.160446,-315240.687500,3032.359863,50.000000,-1.000000,1.000000,-151618.000000,75.808998,-151618.000000,2935.256348,50.000000,-3.000000,-4.000000,587051.250000,293.525604,-440288.468750,-907147.125000,749607.125000,43104.843750,-200644.843750,2510298.500000,2309653.750000
ml,best,136,2026-10-17,2954.041748,10.000000,2101.604492,50.000000,-3.000000,0.000000,-0.000000,0.000000,-315240.687500,3032.359863,50.000000,-1.000000,0.000000,-0.000000,0.000000,-151618.000000,2950.738770,50.000000,-3.000000,0.000000,-0.000000,0.000000,-442610.843750,-909469.500000,749607.125000,43104.843750,-202967.218750,2510298.500000,2307331.250000
ml,best,136,2026-10-18,2994.178223,10.000000,2101.604492,50.000000,-3.000000,0.000000,-0.000000,0.000000,-315240.687500,3032.359863,50.000000,-1.000000,0.000000,-0.000000,0.000000,-151618.000000,2990.016602,50.000000,-3.000000,0.000000,-0.000000,0.000000,-448502.500000,-915361.187500,749607.125000,43104.843750,-208858.906250,2510298.500000,2301439.500000
ml,best,136,2026-10-19,2992.676514,10.000000,2101.604492,50.000000,0.000000,3.000000,-315240.687500,157.620331,0.000000,3032.359863,50.000000,0.000000,1.000000,-151618.000000,75.808998,0.000000,2995.541992,50.000000,-2.000000,1.000000,-149777.093750,74.888550,-299554.187500,-299554.187500,132971.312500,43413.164062,-209996.031250,2510298.500000,2300302.500000
ml,best,136,2026-10-20,2875.569336,10.000000,2101.604492,50.000000,1.000000,1.000000,-105080.226562,52.540112,105080.226562,3032.359863,50.000000,1.000000,1.000000,-151618.000000,75.808998,151618.000000,2836.659668,50.000000,-1.000000,1.000000,-141832.984375,70.916489,-141832.984375,114865.234375,-265559.875000,43612.429688,-194307.062500,2510298.500000,2315991.500000
ml,best,136,2026-10-21,2786.698486,10.000000,2101.604492,50.000000,-3.000000,-4.000000,420320.906250,210.160446,-315240.687500,3032.359863,50.000000,-3.000000,-4.000000,606472.000000,303.235992,-454854.000000,2769.413086,50.000000,0.000000,1.000000,-138470.656250,69.235321,0.000000,-770094.687500,622762.375000,44195.058594,-191527.375000,2510298.500000,2318771.000000
ml,best,136,2026-10-22,2771.908691,10.000000,2101.604492,50.000000,0.000000,3.000000,-315240.687500,157.620331,0.000000,3032.359863,50.000000,-2.000000,1.000000,-151618.000000,75.808998,-303236.000000,2766.204102,50.000000,1.000000,1.000000,-138310.203125,69.155098,138310.203125,-164925.796875,17593.468750,44497.640625,-191829.968750,2510298.500000,2318468.500000
ml,best,136,2026-10-23,2773.787354,10.000000,2101.604492,50.000000,1.000000,1.000000,-105080.226562,52.540112,105080.226562,3032.359863,50.000000,-1.000000,1.000000,-151618.000000,75.808998,-151618.000000,2775.605957,50.000000,-3.000000,-4.000000,555121.187500,277.560608,-416340.906250,-462878.687500,316016.437500,44903.554688,-191765.812500,2510298.500000,2318532.750000
ml,best,136,2026-10-24,2784.747314,10.000000,2101.604492,50.000000,1.000000,0.000000,-0.000000,0.000000,105080.226562,3032.359863,50.000000,-1.000000,0.000000,-0.000000,0.000000,-151618.000000,2790.879395,50.000000,-3.000000,0.000000,-0.000000,0.000000,-418631.937500,-465169.718750,316016.437500,44903.554688,-194056.843750,2510298.500000,2316241.750000
ml,best,136,2026-10-25,2766.833740,10.000000,2101.604492,50.000000,1.000000,0.000000,-0.000000,0.000000,105080.226562,3032.359863,50.000000,-1.000000,0.000000,-0.000000,0.000000,-151618.000000,2765.036621,50.000000,-3.000000,0.000000,-0.000000,0.000000,-414755.468750,-461293.250000,316016.437500,44903.554688,-190180.375000,2510298.500000,2320118.000000
ml,best,136,2026-10-26,2777.051025,10.000000,2101.604492,50.000000,-3.000000,-4.000000,420320.906250,210.160446,-315240.687500,3032.359863,50.000000,0.000000,1.000000,-151618.000000,75.808998,0.000000,2800.289551,50.000000,-2.000000,1.000000,-140014.484375,70.007240,-280028.968750,-595269.625000,444704.843750,45259.531250,-195824.312500,2510298.500000,2314474.250000
ml,best,136,2026-10-27,2798.528809,10.000000,2101.604492,50.000000,0.000000,3.000000,-315240.687500,157.620331,0.000000,3032.359863,50.000000,1.000000,1.000000,-151618.000000,75.808998,151618.000000,2805.116943,50.000000,-1.000000,1.000000,-140255.843750,70.127922,-140255.843750,11362.156250,-162409.687500,45563.085938,-196610.625000,2510298.500000,2313688.000000
ml,best,136,2026-10-28,2872.737793,10.000000,2101.604492,50.000000,1.000000,1.000000,-105080.226562,52.540112,105080.226562,3032.359863,50.000000,-3.000000,-4.000000,606472.000000,303.235992,-454854.000000,2880.611572,50.000000,0.000000,1.000000,-144030.578125,72.015289,0.000000,-349773.781250,194951.500000,45990.878906,-200813.156250,2510298.500000,2309485.250000
ml,best,136,2026-10-29,2870.598877,10.000000,2101.604492,50.000000,0.000000,-1.000000,105080.226562,52.540112,0.000000,3032.359863,50.000000,0.000000,3.000000,-454854.000000,227.427002,0.000000,2860.979736,50.000000,0.000000,0.000000,-0.000000,0.000000,0.000000,0.000000,-154822.250000,46270.843750,-201093.093750,2510298.500000,2309205.500000
ml,best,136,2026-10-30,2936.159180,10.000000,2101.604492,50.000000,0.000000,0.000000,-0.000000,0.000000,0.000000,3032.359863,50.000000,0.000000,0.000000,-0.000000,0.000000,0.000000,2860.979736,50.000000,0.000000,0.000000,-0.000000,0.000000,0.000000,0.000000,-154822.250000,46270.843750,-201093.093750,2510298.500000,2309205.500000
ml,mean,-1,2026-04-10,2055.000244,10.000000,2026.171753,50.000000,-4.000000,-4.000000,405234.312500,202.617172,-405234.312500,2047.068481,50.000000,-4.000000,-4.000000,409413.812500,204.706879,-409413.812500,2070.749756,50.000000,-4.000000,-4.000000,414149.968750,207.074966,-414149.968750,-1228798.000000,1228798.000000,614.398987,-614.398987,4854.180176,4239.781738
ml,mean,-1,2026-04-11,2054.853760,10.000000,2045.881348,50.000000,-4.000000,0.000000,0.000000,0.000000,-409176.312500,2066.890625,50.000000,-4.000000,0.000000,0.000000,0.000000,-413378.093750,2090.610352,50.000000,-4.000000,0.000000,0.000000,0.000000,-418122.093750,-1240676.500000,1228798.000000,614.398987,-12492.847656,4482.644043,-8010.203125
ml,mean,-1,2026-04-12,2055.330078,10.000000,2054.254150,50.000000,-4.000000,0.000000,0.000000,0.000000,-410850.812500,2075.211670,50.000000,-4.000000,0.000000,0.000000,0.000000,-415042.312500,2098.792480,50.000000,-4.000000,0.000000,0.000000,0.000000,-419758.500000,-1245651.625000,1228798.000000,614.398987,-17468.074219,5720.631836,-11747.441406
ml,mean,-1,2026-04-13,2055.988525,10.000000,2057.243896,50.000000,-3.000000,1.000000,-102862.210938,51.431103,-308586.593750,2078.168701,50.000000,-3.000000,1.000000,-103908.437500,51.954216,-311725.281250,2101.602051,50.000000,-3.000000,1.000000,-105080.101562,52.540047,-315240.281250,-935552.250000,916947.375000,770.324341,-19375.240234,7425.407227,-11949.833008
ml,mean,-1,2026-04-14,2055.864502,10.000000,2058.362061,50.000000,-2.000000,1.000000,-102918.109375,51.459053,-205836.218750,2079.230469,50.000000,-2.000000,1.000000,-103961.523438,51.980766,-207923.046875,2102.518799,50.000000,-2.000000,1.000000,-105125.929688,52.562962,-210251.859375,-624011.125000,604941.750000,926.327148,-19995.687500,11295.359375,-8700.328125
ml,mean,-1,2026-04-15,2056.350830,10.000000,2059.666504,50.000000,-1.000000,1.000000,-102983.320312,51.491661,-102983.320312,2080.494385,50.000000,-1.000000,1.000000,-104024.710938,52.012352,-104024.710938,2103.681885,50.000000,-1.000000,1.000000,-105184.093750,52.592045,-105184.093750,-312192.093750,292749.656250,1082.423340,-20524.914062,16836.273438,-3688.640869
ml,mean,-1,2026-04-16,2056.683594,10.000000,2058.865479,50.000000,0.000000,1.000000,-102943.273438,51.471630,0.000000,2079.594238,50.000000,0.000000,1.000000,-103979.703125,51.989853,0.000000,2102.589844,50.000000,0.000000,1.000000,-105129.500000,52.564747,0.000000,0.000000,-19302.851562,1238.449341,-20541.300781,22017.898438,1476.600464
ml,mean,-1,2026-04-17,2057.338135,10.000000,2059.905029,50.000000,-1.607422,-1.607422,163441.343750,131.428604,-163441.343750,2080.565430,50.000000,-1.949219,-1.949219,200526.218750,143.380478,-200526.218750,2103.419189,50.000000,-2.593750,-2.593750,270893.531250,165.404816,-270893.531250,-634861.125000,615558.250000,1678.663330,-20981.515625,27833.378906,6851.863281
ml,mean,-1,2026-04-18,2057.913330,10.000000,2060.522705,50.000000,-1.607422,0.000000,0.000000,0.000000,-164010.109375,2081.097900,50.000000,-1.949219,0.000000,0.000000,0.000000,-201116.343750,2103.800293,50.000000,-2.593750,0.000000,0.000000,0.000000,-271421.843750,-636548.375000,615558.250000,1678.663330,-22668.738281,33876.292969,11207.556641
ml,mean,-1,2026-04-19,2058.078125,10.000000,2060.020996,50.000000,-1.607422,0.000000,0.000000,0.000000,-164094.281250,2080.471680,50.000000,-1.949219,0.000000,0.000000,0.000000,-201195.156250,2102.990234,50.000000,-2.593750,0.000000,0.000000,0.000000,-271503.375000,-636792.875000,615558.250000,1678.663330,-22913.259766,38640.300781,15727.041992
ml,mean,-1,2026-04-20,2058.237061,10.000000,2059.865723,50.000000,-4.697266,-3.089844,320130.593750,213.512878,-484375.125000,2080.187012,50.000000,-8.057617,-6.108398,637490.750000,379.818176,-838845.437500,2102.552979,50.000000,-8.423828,-5.830078,618065.875000,384.375336,-889650.187500,-2212870.750000,2191245.750000,2656.369629,-24281.695312,43338.027344,19056.332031
ml,mean,-1,2026-04-21,2058.163086,10.000000,2059.365479,50.000000,-3.041016,1.656250,-170588.250000,85.294113,-313763.031250,2079.597168,50.000000,-4.313477,3.744141,-389879.687500,194.939850,-448406.906250,2101.779785,50.000000,-5.889648,2.534180,-267439.375000,146.473557,-621413.625000,-1383583.625000,1363338.125000,3083.077148,-23328.550781,47263.367188,23934.820312
ml,mean,-1,2026-04-22,2059.670410,10.000000,2061.132324,50.000000,-2.041016,1.000000,-103056.609375,51.528305,-211045.093750,2081.336670,50.000000,-3.269531,1.043945,-108903.890625,57.241043,-339775.656250,2103.446777,50.000000,-4.689453,1.200195,-126679.343750,78.463425,-495708.437500,-1046529.125000,1024698.375000,3270.310059,-25101.169922,55260.425781,30159.253906
ml,mean,-1,2026-04-23,2060.055664,10.000000,2061.235596,50.000000,-1.041016,1.000000,-103061.781250,51.530888,-108099.421875,2081.428711,50.000000,-2.195312,1.074219,-111233.195312,55.616592,-228903.468750,2103.456543,50.000000,-3.440430,1.249023,-131001.460938,74.558311,-365364.718750,-702367.625000,679401.875000,3452.015625,-26417.781250,60609.375000,34191.601562
ml,mean,-1,2026-04-24,2060.682861,10.000000,2061.515625,50.000000,-1.554688,-0.513672,50846.949219,97.714714,-158976.765625,2081.602051,50.000000,-2.956055,-0.760742,76971.687500,106.517029,-306103.062500,2103.479004,50.000000,-5.215820,-1.775391,184571.093750,146.067947,-549958.937500,-1015038.750000,991791.687500,3802.315430,-27049.449219,66680.437500,39630.984375
ml,mean,-1,2026-04-25,2061.277832,10.000000,2061.792725,50.000000,-1.554688,0.000000,0.000000,0.000000,-159257.484375,2081.818115,50.000000,-2.956055,0.000000,0.000000,0.000000,-306229.000000,2103.593994,50.000000,-5.215820,0.000000,0.000000,0.000000,-550423.500000,-1015909.875000,991791.687500,3802.315430,-27920.595703,72672.195312,44751.605469
ml,mean,-1,2026-04-26,2061.284424,10.000000,2061.550293,50.000000,-1.554688,0.000000,0.000000,0.000000,-159363.812500,2081.495117,50.000000,-2.956055,0.000000,0.000000,0.000000,-306210.437500,2103.147949,50.000000,-5.215820,0.000000,0.000000,0.000000,-550260.250000,-1015834.500000,991791.687500,3802.315430,-27845.164062,77148.718750,49303.550781
ml,mean,-1,2026-04-27,2063.092285,10.000000,2064.249023,50.000000,-2.762695,-1.208008,124873.515625,135.355515,-284512.312500,2084.177246,50.000000,-5.450195,-2.494141,260674.781250,208.838348,-567031.187500,2105.798584,50.000000,-8.158203,-2.942383,311398.781250,254.770721,-862446.500000,-1713990.000000,1688738.625000,4401.279785,-29652.542969,86076.515625,56423.968750
ml,mean,-1,2026-04-28,2062.244629,10.000000,2063.111816,50.000000,-2.548828,0.213867,-22295.574219,92.948486,-262287.593750,2082.965820,50.000000,-3.761719,1.688477,-176434.328125,135.128143,-390629.593750,2104.498779,50.000000,-6.281250,1.876953,-198295.984375,123.434967,-664208.125000,-1317125.250000,1291712.750000,4752.791504,-30165.210938,88394.601562,58229.390625
ml,mean,-1,2026-04-29,2062.433594,10.000000,2062.454346,50.000000,-2.339844,0.208984,-20090.830078,76.470924,-242303.750000,2082.279785,50.000000,-3.165039,0.596680,-60974.050781,70.135918,-329837.000000,2103.754395,50.000000,-5.078125,1.203125,-125616.453125,77.556648,-539300.437500,-1111441.125000,1085031.500000,4976.954590,-31386.642578,93078.710938,61692.070312
ml,mean,-1,2026-04-30,2063.263916,10.000000,2062.454346,50.000000,-1.339844,1.000000,-103122.718750,51.561359,-139181.015625,2083.139160,50.000000,-2.158203,1.006836,-104808.335938,52.404163,-225103.281250,2104.593994,50.000000,-4.013672,1.064453,-112427.132812,60.390511,-426832.437500,-791116.750000,764673.375000,5141.311035,-31584.714844,94254.406250,62669.691406
ml,mean,-1,2026-05-01,2063.805664,10.000000,2062.454346,50.000000,-0.339844,1.000000,-103122.718750,51.561359,-36058.312500,2083.135742,50.000000,-2.642578,-0.484375,48337.117188,98.248032,-273383.812500,2104.560059,50.000000,-5.597656,-1.583984,164977.687500,138.235733,-591371.875000,-900813.937500,874865.437500,5429.356445,-31377.919922,94620.242188,63242.320312
ml,mean,-1,2026-05-02,2065.068359,10.000000,2062.454346,50.000000,-0.339844,0.000000,0.000000,0.000000,-36058.312500,2084.468506,50.000000,-2.642578,0.000000,0.000000,0.000000,-273666.687500,2105.836914,50.000000,-5.597656,0.000000,0.000000,0.000000,-591496.000000,-901221.000000,874865.437500,5429.356445,-31785.000000,96582.562500,64797.566406
ml,mean,-1,2026-05-03,2067.183838,10.000000,2062.454346,50.000000,-0.339844,0.000000,0.000000,0.000000,-36058.312500,2086.430908,50.000000,-2.642578,0.000000,0.000000,0.000000,-274042.687500,2107.829102,50.000000,-5.597656,0.000000,0.000000,0.000000,-591784.062500,-901885.125000,874865.437500,5429.356445,-32449.015625,101158.140625,68709.140625
ml,mean,-1,2026-05-04,2067.002441,10.000000,2062.454346,50.000000,-1.180664,-0.840820,84373.000000,107.810066,-120431.312500,2085.275146,50.000000,-1.984375,0.658203,-68466.851562,63.712292,-205452.531250,2106.568604,50.000000,-4.634766,0.962891,-101006.734375,60.025879,-490508.250000,-816392.000000,789764.812500,5660.903809,-32288.154297,99815.820312,67527.664062
ml,mean,-1,2026-05-05,2066.684326,10.000000,2062.454346,50.000000,-0.180664,1.000000,-103122.718750,51.561359,-17308.593750,2084.946777,50.000000,-3.093750,-1.109375,117187.734375,118.554199,-322530.375000,2106.155762,50.000000,-4.449219,0.185547,-19517.519531,78.892807,-471304.843750,-811143.750000,784312.250000,5909.913086,-32741.396484,98142.382812,65400.980469
ml,mean,-1,2026-05-06,2065.518311,10.000000,2062.454346,50.000000,-2.261719,-2.081055,216864.984375,147.557663,-234173.578125,2083.462402,50.000000,-2.446289,0.647461,-67354.953125,63.693821,-254991.718750,2104.606445,50.000000,-3.474609,0.974609,-102429.835938,53.788460,-367865.906250,-857031.125000,831392.437500,6174.952148,-31813.615234,94188.250000,62374.644531
ml,mean,-1,2026-05-07,2065.920898,10.000000,2062.454346,50.000000,-1.261719,1.000000,-103122.718750,51.561359,-131050.859375,2084.458008,50.000000,-1.548828,0.897461,-93047.312500,55.464115,-162123.687500,2105.503418,50.000000,-2.483398,0.991211,-104223.781250,55.359421,-263742.468750,-556917.062500,530998.750000,6337.337891,-32255.638672,94430.515625,62174.875000
ml,mean,-1,2026-05-08,2066.156250,10.000000,2062.454346,50.000000,-0.261719,1.000000,-103122.718750,51.561359,-27928.134766,2083.858643,50.000000,-1.940430,-0.391602,39575.359375,95.226952,-201555.828125,2104.895996,50.000000,-4.118164,-1.634766,170135.078125,136.509644,-433638.625000,-663122.562500,637586.375000,6620.635254,-32156.787109,94325.429688,62168.644531
ml,mean,-1,2026-05-09,2067.232666,10.000000,2062.454346,50.000000,-0.261719,0.000000,0.000000,0.000000,-27928.134766,2084.375488,50.000000,-1.940430,0.000000,0.000000,0.000000,-201715.453125,2105.361572,50.000000,-4.118164,0.000000,0.000000,0.000000,-433918.750000,-663562.375000,637586.375000,6620.635254,-32596.593750,96245.140625,63648.562500
ml,mean,-1,2026-05-10,2068.552734,10.000000,2062.454346,50.000000,-0.261719,0.000000,0.000000,0.000000,-27928.134766,2085.682373,50.000000,-1.940430,0.000000,0.000000,0.000000,-201851.984375,2106.656738,50.000000,-4.118164,0.000000,0.000000,0.000000,-434424.562500,-664204.687500,637586.375000,6620.635254,-33238.890625,98586.578125,65347.683594
ml,mean,-1,2026-05-11,2067.920410,10.000000,2062.454346,50.000000,-1.107422,-0.845703,84863.742188,107.957283,-112791.882812,2084.719482,50.000000,-1.318359,0.622070,-65705.039062,64.345291,-136135.906250,2105.635498,50.000000,-3.118164,1.000000,-105263.148438,53.067417,-328854.875000,-577782.625000,551482.000000,6846.005371,-33146.703125,95882.250000,62735.546875
ml,mean,-1,2026-05-12,2068.104248,10.000000,2062.454346,50.000000,-0.107422,1.000000,-103122.718750,51.561359,-9669.156250,2084.481445,50.000000,-2.754883,-1.436523,151560.781250,128.847473,-287601.781250,2107.411621,50.000000,-3.412109,-0.293945,31368.220703,93.706932,-360165.625000,-657436.562500,631288.250000,7120.121094,-33268.429688,95286.851562,62018.421875
ml,mean,-1,2026-05-13,2068.520752,10.000000,2062.454346,50.000000,-2.261719,-2.154297,224504.437500,149.849503,-234173.578125,2084.086670,50.000000,-2.259766,0.495117,-51992.960938,68.028214,-235762.937500,2106.960449,50.000000,-2.433594,0.978516,-103087.468750,53.393337,-256901.921875,-726838.500000,700712.250000,7391.392090,-33517.617188,95363.890625,61846.269531
ml,mean,-1,2026-05-14,2069.591553,10.000000,2062.454346,50.000000,-1.261719,1.000000,-103122.718750,51.561359,-131050.859375,2084.916016,50.000000,-1.440430,0.819336,-84708.585938,57.984066,-151207.125000,2107.570557,50.000000,-1.545898,0.887695,-93011.546875,56.399357,-164028.984375,-446287.000000,419869.375000,7557.337402,-33974.933594,97016.546875,63041.605469
ml,mean,-1,2026-05-15,2070.275391,10.000000,2062.454346,50.000000,-0.261719,1.000000,-103122.718750,51.561359,-27928.134766,2085.555420,50.000000,-1.636719,-0.196289,19284.197266,89.207474,-170491.734375,2108.068848,50.000000,-3.207031,-1.661133,173516.375000,136.377670,-337314.781250,-535734.625000,509547.218750,7834.483887,-34021.859375,97772.562500,63750.710938
ml,mean,-1,2026-05-16,2071.720703,10.000000,2062.454346,50.000000,-0.261719,0.000000,0.000000,0.000000,-27928.134766,2087.251953,50.000000,-1.636719,0.000000,0.000000,0.000000,-170634.125000,2109.916992,50.000000,-3.207031,0.000000,0.000000,0.000000,-337668.000000,-536230.250000,509547.218750,7834.483887,-34517.488281,100543.039062,66025.562500
ml,mean,-1,2026-05-17,2072.793945,10.000000,2062.454346,50.000000,-0.261719,0.000000,0.000000,0.000000,-27928.134766,2088.105713,50.000000,-1.636719,0.000000,0.000000,0.000000,-170696.718750,2110.764160,50.000000,-3.207031,0.000000,0.000000,0.000000,-337828.250000,-536453.062500,509547.218750,7834.483887,-34740.343750,102268.328125,67527.984375
ml,mean,-1,2026-05-18,2073.209473,10.000000,2062.454346,50.000000,-1.107422,-0.845703,84863.742188,107.957283,-112791.882812,2088.344238,50.000000,-1.158203,0.478516,-50948.121094,68.983368,-119821.953125,2111.043945,50.000000,-2.211914,0.995117,-105050.812500,52.926506,-232721.062500,-465334.843750,438412.062500,8064.351074,-34987.195312,102384.015625,67396.828125
ml,mean,-1,2026-05-19,2074.562256,10.000000,2062.454346,50.000000,-0.107422,1.000000,-103122.718750,51.561359,-9669.156250,2089.312500,50.000000,-2.467773,-1.309570,138561.656250,125.140991,-258374.828125,2111.843018,50.000000,-2.701172,-0.489258,52740.367188,100.295845,-285521.250000,-553565.250000,526591.312500,8341.349609,-35315.269531,104899.960938,69584.687500
ml,mean,-1,2026-05-20,2075.204590,10.000000,2062.454346,50.000000,-2.261719,-2.154297,224504.437500,149.849503,-234173.578125,2089.990723,50.000000,-2.231445,0.236328,-24507.603516,76.754814,-234153.859375,2112.413574,50.000000,-1.733398,0.967773,-101904.984375,54.110390,-183695.484375,-652022.875000,624683.125000,8622.064453,-35961.828125,105545.085938,69583.265625
ml,mean,-1,2026-05-21,2077.042236,10.000000,2062.454346,50.000000,-1.261719,1.000000,-103122.718750,51.561359,-131050.859375,2091.063721,50.000000,-1.431641,0.799805,-83057.117188,58.725410,-151193.187500,2113.398438,50.000000,-1.187500,0.545898,-56894.800781,67.467499,-126938.742188,-409182.781250,381608.500000,8799.817383,-36374.089844,109208.312500,72834.226562
ml,mean,-1,2026-05-22,2077.294434,10.000000,2062.454346,50.000000,-0.261719,1.000000,-103122.718750,51.561359,-27928.134766,2091.263672,50.000000,-1.510742,-0.079102,6677.202148,85.653717,-157793.296875,2113.525391,50.000000,-2.853516,-1.666016,173807.171875,136.683167,-300672.968750,-486394.437500,458970.125000,9073.715820,-36497.953125,108907.156250,72409.203125
ml,mean,-1,2026-05-23,2078.216797,10.000000,2062.454346,50.000000,-0.261719,0.000000,0.000000,0.000000,-27928.134766,2092.618652,50.000000,-1.510742,0.000000,0.000000,0.000000,-157915.859375,2114.809082,50.000000,-2.853516,0.000000,0.000000,0.000000,-300824.500000,-486668.468750,458970.125000,9073.715820,-36772.039062,110290.562500,73518.531250
ml,mean,-1,2026-05-24,2078.353271,10.000000,2062.454346,50.000000,-0.261719,0.000000,0.000000,0.000000,-27928.134766,2091.792725,50.000000,-1.510742,0.000000,0.000000,0.000000,-157924.265625,2113.843994,50.000000,-2.853516,0.000000,0.000000,0.000000,-300584.000000,-486436.406250,458970.125000,9073.715820,-36539.949219,109600.289062,73060.335938
ml,mean,-1,2026-05-25,2078.228516,10.000000,2062.454346,50.000000,-0.261719,0.000000,0.000000,0.000000,-27928.134766,2092.071777,50.000000,-1.510742,0.000000,0.000000,0.000000,-157990.937500,2114.029541,50.000000,-2.853516,0.000000,0.000000,0.000000,-300697.968750,-486617.062500,458970.125000,9073.715820,-36720.601562,108295.281250,71574.687500
ml,mean,-1,2026-05-26,2078.091309,10.000000,2062.454346,50.000000,-1.107422,-0.845703,84863.742188,107.957283,-112791.882812,2091.290039,50.000000,-1.103516,0.407227,-43615.324219,71.255814,-114349.109375,2113.160156,50.000000,-1.901367,0.952148,-100478.679688,54.592178,-200178.718750,-427319.687500,399739.906250,9307.521484,-36887.320312,107017.523438,70130.210938
ml,mean,-1,2026-05-27,2077.423096,10.000000,2062.454346,50.000000,-0.107422,1.000000,-103122.718750,51.561359,-9669.156250,2090.636230,50.000000,-2.339844,-1.236328,131269.078125,123.006180,-245527.421875,2112.355469,50.000000,-2.502930,-0.601562,64782.023438,103.928825,-264751.875000,-519948.437500,492668.312500,9586.017578,-36866.191406,104497.609375,67631.429688
ml,mean,-1,2026-05-28,2078.105713,10.000000,2062.454346,50.000000,-2.261719,-2.154297,224504.437500,149.849503,-234173.578125,2091.357422,50.000000,-2.228516,0.111328,-11832.421875,80.574493,-233749.078125,2113.002686,50.000000,-1.552734,0.950195,-100419.648438,54.530155,-164384.093750,-632306.750000,604920.625000,9870.971680,-37257.093750,105371.492188,68114.398438
ml,mean,-1,2026-05-29,2078.842773,10.000000,2062.454346,50.000000,-1.261719,1.000000,-103122.718750,51.561359,-131050.859375,2091.789551,50.000000,-1.418945,0.809570,-83581.640625,58.597095,-150135.109375,2113.484619,50.000000,-1.177734,0.375000,-38345.035156,73.035873,-126137.312500,-407323.218750,379871.187500,10054.166016,-37506.203125,106204.445312,68698.242188
ml,mean,-1,2026-05-30,2079.348633,10.000000,2062.454346,50.000000,-1.261719,0.000000,0.000000,0.000000,-131050.859375,2091.578125,50.000000,-1.418945,0.000000,0.000000,0.000000,-150185.312500,2113.245850,50.000000,-1.177734,0.000000,0.000000,0.000000,-126154.726562,-407390.906250,379871.187500,10054.166016,-37573.835938,106404.250000,68830.414062
ml,mean,-1,2026-05-31,2079.709717,10.000000,2062.454346,50.000000,-1.261719,0.000000,0.000000,0.000000,-131050.859375,2092.179199,50.000000,-1.418945,0.000000,0.000000,0.000000,-150221.250000,2113.854980,50.000000,-1.177734,0.000000,0.000000,0.000000,-126238.421875,-407510.531250,379871.187500,10054.166016,-37693.464844,106382.820312,68689.359375
ml,mean,-1,2026-06-01,2079.891602,10.000000,2062.454346,50.000000,-0.261719,1.000000,-103122.718750,51.561359,-27928.134766,2092.329102,50.000000,-1.489258,-0.070312,5879.723145,85.578369,-156052.984375,2114.013916,50.000000,-2.803711,-1.625977,169670.812500,135.544128,-295873.750000,-479854.875000,452299.062500,10326.849609,-37882.644531,105814.593750,67931.937500
ml,mean,-1,2026-06-02,2080.731201,10.000000,2062.454346,50.000000,-1.107422,-0.845703,84863.742188,107.957283,-112791.882812,2092.439941,50.000000,-1.050781,0.438477,-47448.429688,69.463074,-108733.984375,2114.059082,50.000000,-1.886719,0.916992,-97654.343750,55.266060,-198367.093750,-419892.937500,392060.000000,10559.536133,-38392.460938,107078.703125,68686.250000
ml,mean,-1,2026-06-03,2081.087402,10.000000,2062.454346,50.000000,-0.107422,1.000000,-103122.718750,51.561359,-9669.156250,2092.953857,50.000000,-2.194336,-1.143555,120673.273438,119.920135,-229470.656250,2114.538574,50.000000,-2.478516,-0.591797,63921.898438,103.758102,-262288.531250,-501428.375000,473532.468750,10834.776367,-38730.644531,107059.460938,68328.820312
ml,mean,-1,2026-06-04,2080.605957,10.000000,2062.454346,50.000000,-2.261719,-2.154297,224504.437500,149.849503,-234173.578125,2093.254883,50.000000,-2.191406,0.002930,-392.836914,83.745850,-229348.625000,2114.905518,50.000000,-1.536133,0.942383,-99725.742188,54.879894,-162687.187500,-626209.437500,597918.312500,11123.251953,-39414.312500,104763.070312,65348.750000
ml,mean,-1,2026-06-05,2079.804688,10.000000,2062.454346,50.000000,-1.261719,1.000000,-103122.718750,51.561359,-131050.859375,2091.876709,50.000000,-1.479492,0.711914,-72136.429688,62.034126,-157132.375000,2113.422852,50.000000,-1.175781,0.360352,-36580.921875,73.562637,-125950.265625,-414133.531250,386078.250000,11310.409180,-39365.695312,101757.687500,62391.992188
ml,mean,-1,2026-06-06,2081.003662,10.000000,2062.454346,50.000000,-1.261719,0.000000,0.000000,0.000000,-131050.859375,2092.414062,50.000000,-1.479492,0.000000,0.000000,0.000000,-157285.921875,2113.902588,50.000000,-1.175781,0.000000,0.000000,0.000000,-125971.023438,-414307.812500,386078.250000,11310.409180,-39539.988281,103879.296875,64339.312500
ml,mean,-1,2026-06-07,2079.901855,10.000000,2062.454346,50.000000,-1.261719,0.000000,0.000000,0.000000,-131050.859375,2090.176758,50.000000,-1.479492,0.000000,0.000000,0.000000,-156990.812500,2111.669189,50.000000,-1.175781,0.000000,0.000000,0.000000,-125796.250000,-413837.906250,386078.250000,11310.409180,-39070.093750,100077.562500,61007.476562
ml,mean,-1,2026-06-08,2080.696777,10.000000,2062.454346,50.000000,-0.261719,1.000000,-103122.718750,51.561359,-27928.134766,2091.568359,50.000000,-1.406250,0.073242,-9095.612305,81.032402,-148019.171875,2113.010010,50.000000,-2.753906,-1.578125,165113.312500,134.054382,-290966.156250,-466913.500000,438973.187500,11577.058594,-39517.312500,101117.937500,61600.632812
ml,mean,-1,2026-06-09,2081.337891,10.000000,2062.454346,50.000000,-1.107422,-0.845703,84863.742188,107.957283,-112791.882812,2092.402344,50.000000,-1.060547,0.345703,-38606.484375,72.114143,-109691.500000,2113.782959,50.000000,-1.897461,0.856445,-91488.195312,57.145943,-199568.328125,-422051.718750,393742.250000,11814.275391,-40123.710938,101781.257812,61657.539062
ml,mean,-1,2026-06-10,2081.290527,10.000000,2062.454346,50.000000,-0.107422,1.000000,-103122.718750,51.561359,-9669.156250,2091.658447,50.000000,-2.003906,-0.943359,99765.648438,113.596031,-209385.109375,2112.962402,50.000000,-2.425781,-0.528320,57470.187500,101.759544,-256880.843750,-475935.062500,447855.406250,12081.192383,-40160.894531,100810.046875,60649.148438
ml,mean,-1,2026-06-11,2082.037354,10.000000,2062.454346,50.000000,-2.261719,-2.154297,224504.437500,149.849503,-234173.578125,2091.594482,50.000000,-2.186523,-0.182617,19267.927734,89.586464,-228869.421875,2112.864502,50.000000,-1.528320,0.897461,-95089.617188,56.124908,-161859.703125,-624902.687500,596538.125000,12376.752930,-40741.324219,101759.882812,61018.558594
ml,mean,-1,2026-06-12,2082.310059,10.000000,2062.454346,50.000000,-1.261719,1.000000,-103122.718750,51.561359,-131050.859375,2091.335693,50.000000,-1.435547,0.750977,-76701.500000,60.642967,-152068.578125,2112.651855,50.000000,-1.167969,0.360352,-36573.144531,73.534119,-125224.460938,-408343.906250,380140.750000,12562.491211,-40765.656250,101459.125000,60693.476562
ml,mean,-1,2026-06-13,2082.619385,10.000000,2062.454346,50.000000,-1.261719,0.000000,0.000000,0.000000,-131050.859375,2092.463623,50.000000,-1.435547,0.000000,0.000000,0.000000,-152161.000000,2113.782227,50.000000,-1.167969,0.000000,0.000000,0.000000,-125295.515625,-408507.375000,380140.750000,12562.491211,-40929.117188,101227.085938,60297.980469
ml,mean,-1,2026-06-14,2083.254150,10.000000,2062.454346,50.000000,-1.261719,0.000000,0.000000,0.000000,-131050.859375,2093.164795,50.000000,-1.435547,0.000000,0.000000,0.000000,-152261.406250,2114.545654,50.000000,-1.167969,0.000000,0.000000,0.000000,-125440.968750,-408753.218750,380140.750000,12562.491211,-41174.968750,101843.007812,60668.039062
ml,mean,-1,2026-06-15,2082.432129,10.000000,2062.454346,50.000000,-0.261719,1.000000,-103122.718750,51.561359,-27928.134766,2092.615967,50.000000,-1.399414,0.036133,-5058.124023,82.233025,-147278.421875,2113.885498,50.000000,-2.570312,-1.402344,147449.703125,128.790329,-272871.437500,-448077.968750,419409.593750,12825.076172,-41493.464844,98902.179688,57408.726562
ml,mean,-1,2026-06-16,2082.837891,10.000000,2062.454346,50.000000,-1.107422,-0.845703,84863.742188,107.957283,-112791.882812,2092.946777,50.000000,-1.048828,0.350586,-39053.597656,72.001793,-108430.710938,2114.260742,50.000000,-1.895508,0.674805,-73540.421875,62.681820,-199529.671875,-420752.281250,391679.312500,13067.716797,-42140.683594,99022.101562,56881.429688
ml,mean,-1,2026-06-17,2083.918945,10.000000,2062.454346,50.000000,-0.107422,1.000000,-103122.718750,51.561359,-9669.156250,2092.648682,50.000000,-1.879883,-0.831055,87618.640625,109.991531,-195906.984375,2113.874023,50.000000,-2.277344,-0.381836,42470.976562,97.296257,-241841.656250,-447417.781250,418646.218750,13326.566406,-42098.148438,100743.390625,58645.230469
ml,mean,-1,2026-06-18,2085.037842,10.000000,2062.454346,50.000000,-2.261719,-2.154297,224504.437500,149.849503,-234173.578125,2094.009277,50.000000,-2.177734,-0.297852,31883.839844,93.422791,-228206.062500,2115.091309,50.000000,-1.540039,0.737305,-78865.773438,61.143444,-163364.531250,-625744.125000,596168.750000,13630.982422,-43206.429688,102555.109375,59348.679688
ml,mean,-1,2026-06-19,2086.192139,10.000000,2062.454346,50.000000,-2.261719,0.000000,0.000000,0.000000,-234173.578125,2094.869141,50.000000,-2.177734,0.000000,0.000000,0.000000,-228198.359375,2115.914307,50.000000,-1.540039,0.000000,0.000000,0.000000,-163334.109375,-625706.000000,596168.750000,13630.982422,-43168.328125,104455.710938,61287.386719
ml,mean,-1,2026-06-20,2087.446289,10.000000,2062.454346,50.000000,-2.261719,0.000000,0.000000,0.000000,-234173.578125,2096.292480,50.000000,-2.177734,0.000000,0.000000,0.000000,-228381.265625,2117.302002,50.000000,-1.540039,0.000000,0.000000,0.000000,-163436.875000,-625991.687500,596168.750000,13630.982422,-43453.980469,106683.460938,63229.476562
ml,mean,-1,2026-06-21,2087.350830,10.000000,2062.454346,50.000000,-2.261719,0.000000,0.000000,0.000000,-234173.578125,2095.406494,50.000000,-2.177734,0.000000,0.000000,0.000000,-228224.671875,2116.397217,50.000000,-1.540039,0.000000,0.000000,0.000000,-163413.968750,-625812.187500,596168.750000,13630.982422,-43274.492188,105504.062500,62229.570312
ml,mean,-1,2026-06-22,2088.844238,10.000000,2062.454346,50.000000,-1.261719,1.000000,-103122.718750,51.561359,-131050.859375,2096.770752,50.000000,-1.387695,0.790039,-81627.273438,59.382648,-146724.265625,2117.733887,50.000000,-1.140625,0.399414,-40513.132812,72.555420,-122970.843750,-400745.968750,370905.562500,13814.480469,-43654.875000,108312.070312,64657.203125
ml,mean,-1,2026-06-23,2090.060791,10.000000,2062.454346,50.000000,-0.261719,1.000000,-103122.718750,51.561359,-27928.134766,2097.665527,50.000000,-1.349609,0.038086,-4848.784180,82.451981,-141991.343750,2118.549805,50.000000,-2.420898,-1.280273,135047.875000,125.256355,-258034.171875,-427953.625000,397981.968750,14073.751953,-44045.445312,110325.054688,66279.617188
ml,mean,-1,2026-06-24,2090.397705,10.000000,2062.454346,50.000000,-1.107422,-0.845703,84863.742188,107.957283,-112791.882812,2098.014160,50.000000,-1.052734,0.296875,-32850.343750,74.065460,-109296.148438,2118.931396,50.000000,-1.884766,0.536133,-59720.914062,66.840973,-198473.203125,-420561.250000,390274.437500,14322.615234,-44609.414062,110184.687500,65575.273438
ml,mean,-1,2026-06-25,2090.554688,10.000000,2062.454346,50.000000,-0.107422,1.000000,-103122.718750,51.561359,-9669.156250,2098.474365,50.000000,-1.703125,-0.650391,68710.335938,104.552071,-177999.343750,2119.284180,50.000000,-2.217773,-0.333008,38335.089844,96.271889,-236751.265625,-424419.718750,394197.125000,14575.000000,-44797.609375,109598.562500,64800.968750
ml,mean,-1,2026-06-26,2090.155518,10.000000,2062.454346,50.000000,-2.261719,-2.154297,224504.437500,149.849503,-234173.578125,2096.563477,50.000000,-2.167969,-0.464844,49069.292969,98.583328,-227089.359375,2117.255859,50.000000,-1.527344,0.690430,-74465.406250,62.403305,-162053.750000,-623316.625000,593305.437500,14885.835938,-44897.070312,107604.242188,62707.179688
ml,mean,-1,2026-06-27,2091.482422,10.000000,2062.454346,50.000000,-2.261719,0.000000,0.000000,0.000000,-234173.578125,2097.756836,50.000000,-2.167969,0.000000,0.000000,0.000000,-227248.484375,2118.469238,50.000000,-1.527344,0.000000,0.000000,0.000000,-162122.437500,-623544.500000,593305.437500,14885.835938,-45124.914062,109955.875000,64830.957031
ml,mean,-1,2026-06-28,2092.441162,10.000000,2062.454346,50.000000,-2.261719,0.000000,0.000000,0.000000,-234173.578125,2098.912598,50.000000,-2.167969,0.000000,0.000000,0.000000,-227416.375000,2119.636475,50.000000,-1.527344,0.000000,0.000000,0.000000,-162223.625000,-623813.500000,593305.437500,14885.835938,-45393.933594,111378.937500,65985.000000
ml,mean,-1,2026-06-29,2092.649170,10.000000,2062.454346,50.000000,-1.261719,1.000000,-103122.718750,51.561359,-131050.859375,2098.999268,50.000000,-1.382812,0.785156,-80657.781250,59.762630,-146808.593750,2119.731934,50.000000,-1.108398,0.418945,-42475.539062,72.046616,-119809.656250,-397669.093750,367049.375000,15069.207031,-45688.898438,110893.187500,65204.285156
ml,mean,-1,2026-06-30,2093.579590,10.000000,2062.454346,50.000000,-0.261719,1.000000,-103122.718750,51.561359,-27928.134766,2099.354248,50.000000,-1.291016,0.091797,-10650.067383,80.779144,-136216.203125,2119.991455,50.000000,-2.224609,-1.116211,118228.359375,120.321648,-238040.359375,-402184.687500,371505.000000,15321.869141,-46001.578125,112239.414062,66237.835938
ml,mean,-1,2026-07-01,2093.629395,10.000000,2062.454346,50.000000,-1.107422,-0.845703,84863.742188,107.957283,-112791.882812,2099.608643,50.000000,-1.057617,0.233398,-26846.820312,75.930298,-109495.078125,2120.161621,50.000000,-1.878906,0.345703,-40280.101562,72.722427,-197979.328125,-420266.250000,389241.812500,15578.477539,-46602.968750,111384.328125,64781.351562
ml,mean,-1,2026-07-02,2094.036377,10.000000,2062.454346,50.000000,-0.107422,1.000000,-103122.718750,51.561359,-9669.156250,2099.692383,50.000000,-1.708008,-0.650391,66806.070312,104.029510,-176301.984375,2120.329590,50.000000,-2.138672,-0.259766,29297.371094,93.602394,-227319.140625,-413290.343750,382222.500000,15827.672852,-46895.453125,111436.179688,64540.730469
ml,mean,-1,2026-07-03,2094.086914,10.000000,2062.454346,50.000000,-2.261719,-2.154297,224504.437500,149.849503,-234173.578125,2099.906738,50.000000,-2.167969,-0.459961,50884.343750,99.261566,-227588.531250,2120.550293,50.000000,-1.524414,0.614258,-65627.359375,65.133804,-161898.515625,-623660.625000,591983.875000,16141.916992,-47818.644531,110686.453125,62867.808594
ml,mean,-1,2026-07-04,2094.540283,10.000000,2062.454346,50.000000,-2.261719,0.000000,0.000000,0.000000,-234173.578125,2099.588867,50.000000,-2.167969,0.000000,0.000000,0.000000,-227582.656250,2120.081299,50.000000,-1.524414,0.000000,0.000000,0.000000,-161800.187500,-623556.437500,591983.875000,16141.916992,-47714.429688,110807.484375,63093.054688
ml,mean,-1,2026-07-05,2095.430420,10.000000,2062.454346,50.000000,-2.261719,0.000000,0.000000,0.000000,-234173.578125,2100.608643,50.000000,-2.167969,0.000000,0.000000,0.000000,-227732.281250,2121.136963,50.000000,-1.524414,0.000000,0.000000,0.000000,-162030.718750,-623936.625000,591983.875000,16141.916992,-48094.562500,111891.656250,63797.093750
ml,mean,-1,2026-07-06,2095.819336,10.000000,2062.454346,50.000000,-1.261719,1.000000,-103122.718750,51.561359,-131050.859375,2100.016846,50.000000,-1.373047,0.794922,-82441.046875,59.268360,-145332.187500,2120.430664,50.000000,-1.022461,0.501953,-51625.808594,69.329483,-110353.632812,-386736.625000,354794.312500,16322.075195,-48264.402344,111869.320312,63604.941406
ml,mean,-1,2026-07-07,2096.982422,10.000000,2062.454346,50.000000,-0.261719,1.000000,-103122.718750,51.561359,-27928.134766,2101.154297,50.000000,-1.300781,0.072266,-8929.955078,81.367180,-136630.000000,2121.454590,50.000000,-1.975586,-0.953125,100495.210938,115.006744,-210994.078125,-375552.218750,343236.875000,16570.011719,-48885.343750,113458.406250,64573.054688
ml,mean,-1,2026-07-08,2098.122314,10.000000,2062.454346,50.000000,-1.107422,-0.845703,84863.742188,107.957283,-112791.882812,2101.417480,50.000000,-1.072266,0.228516,-25646.271484,76.362823,-111135.828125,2121.764404,50.000000,-1.878906,0.096680,-13152.060547,80.924957,-198082.156250,-422009.875000,389302.250000,16835.255859,-49542.851562,114931.031250,65388.191406
ml,mean,-1,2026-07-09,2097.269531,10.000000,2062.454346,50.000000,-0.107422,1.000000,-103122.718750,51.561359,-9669.156250,2100.703857,50.000000,-1.556641,-0.484375,50900.843750,99.298416,-161958.828125,2120.993164,50.000000,-1.909180,-0.030273,5746.598633,86.563690,-203627.500000,-375255.500000,342827.000000,17072.681641,-49501.164062,112654.921875,63153.750000
ml,mean,-1,2026-07-10,2097.449219,10.000000,2062.454346,50.000000,-2.261719,-2.154297,224504.437500,149.849503,-234173.578125,2100.998535,50.000000,-2.167969,-0.611328,65773.250000,103.771919,-228018.750000,2121.324219,50.000000,-1.526367,0.382812,-41456.660156,72.465057,-162311.578125,-624503.937500,591648.000000,17398.767578,-50254.660156,112299.046875,62044.390625
ml,mean,-1,2026-07-11,2097.128418,10.000000,2062.454346,50.000000,-2.261719,0.000000,0.000000,0.000000,-234173.578125,2100.128906,50.000000,-2.167969,0.000000,0.000000,0.000000,-227819.093750,2120.351318,50.000000,-1.526367,0.000000,0.000000,0.000000,-162212.250000,-624205.000000,591648.000000,17398.767578,-49955.683594,111150.203125,61194.515625
ml,mean,-1,2026-07-12,2097.587646,10.000000,2062.454346,50.000000,-2.261719,0.000000,0.000000,0.000000,-234173.578125,2100.641602,50.000000,-2.167969,0.000000,0.000000,0.000000,-227898.062500,2120.813965,50.000000,-1.526367,0.000000,0.000000,0.000000,-162236.265625,-624307.875000,591648.000000,17398.767578,-50058.664062,111254.367188,61195.710938
ml,mean,-1,2026-07-13,2098.209229,10.000000,2062.454346,50.000000,-1.261719,1.000000,-103122.718750,51.561359,-131050.859375,2101.498779,50.000000,-1.368164,0.799805,-82730.562500,59.240776,-145295.234375,2121.655273,50.000000,-0.936523,0.589844,-60889.269531,66.599434,-101350.523438,-377696.656250,344905.468750,17576.167969,-50367.328125,111625.218750,61257.894531
ml,mean,-1,2026-07-14,2099.472900,10.000000,2062.454346,50.000000,-0.261719,1.000000,-103122.718750,51.561359,-27928.134766,2101.559326,50.000000,-1.276367,0.091797,-12157.166016,80.415215,-133209.187500,2121.688232,50.000000,-1.938477,-1.001953,104150.054688,116.112541,-205675.687500,-366813.000000,333775.625000,17824.257812,-50861.636719,112941.562500,62079.917969
ml,mean,-1,2026-07-15,2099.926270,10.000000,2062.454346,50.000000,-1.107422,-0.845703,84863.742188,107.957283,-112791.882812,2102.427246,50.000000,-1.062500,0.213867,-23524.675781,77.039680,-109935.546875,2122.613281,50.000000,-1.871094,0.067383,-8761.605469,82.276047,-197269.656250,-419997.062500,386353.093750,18091.529297,-51735.539062,113027.351562,61291.812500
ml,mean,-1,2026-07-16,2099.880371,10.000000,2062.454346,50.000000,-0.107422,1.000000,-103122.718750,51.561359,-9669.156250,2101.606201,50.000000,-1.708008,-0.645508,68427.078125,104.592361,-178409.812500,2121.735840,50.000000,-1.920898,-0.049805,6558.576172,86.837006,-203762.062500,-391841.031250,358216.000000,18334.521484,-51959.535156,112463.367188,60503.843750
ml,mean,-1,2026-07-17,2099.354980,10.000000,2062.454346,50.000000,-2.261719,-2.154297,224504.437500,149.849503,-234173.578125,2101.471436,50.000000,-2.167969,-0.459961,49458.214844,98.896324,-227980.546875,2121.596924,50.000000,-1.521484,0.399414,-42175.566406,72.211197,-161621.421875,-623775.625000,590003.125000,18655.476562,-52427.972656,111367.125000,58939.152344
ml,mean,-1,2026-07-18,2100.778809,10.000000,2062.454346,50.000000,-2.261719,0.000000,0.000000,0.000000,-234173.578125,2103.034180,50.000000,-2.167969,0.000000,0.000000,0.000000,-228191.578125,2123.153809,50.000000,-1.521484,0.000000,0.000000,0.000000,-161710.515625,-624075.625000,590003.125000,18655.476562,-52728.058594,112493.593750,59765.539062
ml,mean,-1,2026-07-19,2101.047852,10.000000,2062.454346,50.000000,-2.261719,0.000000,0.000000,0.000000,-234173.578125,2102.898193,50.000000,-2.167969,0.000000,0.000000,0.000000,-228226.781250,2122.942871,50.000000,-1.521484,0.000000,0.000000,0.000000,-161634.562500,-624034.937500,590003.125000,18655.476562,-52687.312500,112367.007812,59679.695312
ml,mean,-1,2026-07-20,2100.837646,10.000000,2062.454346,50.000000,-1.261719,1.000000,-103122.718750,51.561359,-131050.859375,2102.220459,50.000000,-1.348633,0.819336,-85323.085938,58.491886,-142879.187500,2122.234131,50.000000,-0.956055,0.565430,-58236.246094,67.418488,-103378.820312,-377308.875000,343321.000000,18832.949219,-52820.796875,111712.054688,58891.261719
ml,mean,-1,2026-07-21,2101.330322,10.000000,2062.454346,50.000000,-0.261719,1.000000,-103122.718750,51.561359,-27928.134766,2104.227295,50.000000,-1.173828,0.174805,-18694.001953,78.560898,-124311.804688,2124.279053,50.000000,-1.669922,-0.713867,75428.460938,107.599693,-178979.281250,-331219.187500,296932.750000,19070.671875,-53357.125000,111814.804688,58457.675781
ml,mean,-1,2026-07-22,2101.401367,10.000000,2062.454346,50.000000,-1.107422,-0.845703,84863.742188,107.957283,-112791.882812,2103.225098,50.000000,-1.052734,0.121094,-15519.577148,79.473145,-108847.328125,2123.223145,50.000000,-1.875977,-0.206055,18696.136719,90.537766,-197782.625000,-419421.843750,384973.031250,19348.640625,-53797.421875,111538.718750,57741.304688
ml,mean,-1,2026-07-23,2102.762451,10.000000,2062.454346,50.000000,-0.107422,1.000000,-103122.718750,51.561359,-9669.156250,2104.370605,50.000000,-1.537109,-0.484375,51178.093750,99.528259,-160068.515625,2124.423828,50.000000,-1.833008,0.042969,-4291.508789,83.689499,-193588.437500,-363326.125000,328736.937500,19583.417969,-54172.605469,112279.726562,58107.125000
ml,mean,-1,2026-07-24,2103.262207,10.000000,2062.454346,50.000000,-2.261719,-2.154297,224504.437500,149.849503,-234173.578125,2104.541016,50.000000,-2.167969,-0.630859,68141.195312,104.623993,-228459.437500,2124.601807,50.000000,-1.523438,0.309570,-31685.769531,75.531372,-162027.656250,-624660.687500,589696.750000,19913.425781,-54877.320312,112356.398438,57479.070312
ml,mean,-1,2026-07-25,2103.539551,10.000000,2062.454346,50.000000,-2.261719,0.000000,0.000000,0.000000,-234173.578125,2104.974365,50.000000,-2.167969,0.000000,0.000000,0.000000,-228482.093750,2125.005127,50.000000,-1.523438,0.000000,0.000000,0.000000,-161998.750000,-624654.437500,589696.750000,19913.425781,-54871.050781,112301.218750,57430.160156
ml,mean,-1,2026-07-26,2103.852539,10.000000,2062.454346,50.000000,-2.261719,0.000000,0.000000,0.000000,-234173.578125,2104.319580,50.000000,-2.167969,0.000000,0.000000,0.000000,-228402.906250,2124.320801,50.000000,-1.523438,0.000000,0.000000,0.000000,-162005.953125,-624582.437500,589696.750000,19913.425781,-54799.093750,112264.898438,57465.796875
ml,mean,-1,2026-07-27,2104.474854,10.000000,2062.454346,50.000000,-1.261719,1.000000,-103122.718750,51.561359,-131050.859375,2104.270508,50.000000,-1.353516,0.814453,-84224.539062,58.903454,-144158.703125,2124.259521,50.000000,-0.943359,0.580078,-60351.234375,66.865005,-101674.328125,-376883.875000,341998.281250,20090.753906,-54976.347656,112398.632812,57422.289062
ml,mean,-1,2026-07-28,2105.796631,10.000000,2062.454346,50.000000,-0.261719,1.000000,-103122.718750,51.561359,-27928.134766,2106.763428,50.000000,-1.061523,0.291992,-29975.330078,75.277939,-114350.523438,2126.755371,50.000000,-1.486328,-0.542969,57574.093750,102.342438,-159332.171875,-301610.812500,266474.312500,20319.935547,-55456.457031,112810.968750,57354.515625
ml,mean,-1,2026-07-29,2105.693848,10.000000,2062.454346,50.000000,-1.107422,-0.845703,84863.742188,107.957283,-112791.882812,2106.055908,50.000000,-1.038086,0.023438,-6902.613770,82.171448,-107422.593750,2126.083740,50.000000,-1.882812,-0.396484,39402.765625,96.864189,-198869.671875,-419084.125000,383838.218750,20606.929688,-55852.843750,112659.210938,56806.367188
ml,mean,-1,2026-07-30,2107.762207,10.000000,2062.454346,50.000000,-0.107422,1.000000,-103122.718750,51.561359,-9669.156250,2106.055908,50.000000,-0.072266,0.965820,-101402.476562,53.821495,-6020.117188,2128.613037,50.000000,-1.571289,0.311523,-32654.833984,75.348068,-166410.453125,-182099.750000,146658.171875,20787.658203,-56229.203125,113033.109375,56803.906250
ml,mean,-1,2026-07-31,2108.201660,10.000000,2062.454346,50.000000,-2.261719,-2.154297,224504.437500,149.849503,-234173.578125,2106.055908,50.000000,-2.167969,-2.095703,222575.671875,151.014923,-228595.796875,2127.528809,50.000000,-1.518555,0.052734,-4959.416992,83.613327,-161450.421875,-624219.750000,588778.812500,21172.136719,-56613.070312,113068.367188,56455.304688
ml,mean,-1,2026-08-01,2108.789795,10.000000,2062.454346,50.000000,-2.261719,0.000000,0.000000,0.000000,-234173.578125,2106.055908,50.000000,-2.167969,0.000000,0.000000,0.000000,-228595.796875,2128.062012,50.000000,-1.518555,0.000000,0.000000,0.000000,-161494.312500,-624263.750000,588778.812500,21172.136719,-56656.953125,113079.796875,56422.832031
ml,mean,-1,2026-08-02,2109.856934,10.000000,2062.454346,50.000000,-2.261719,0.000000,0.000000,0.000000,-234173.578125,2106.055908,50.000000,-2.167969,0.000000,0.000000,0.000000,-228595.796875,2129.302246,50.000000,-1.518555,0.000000,0.000000,0.000000,-161615.250000,-624384.562500,588778.812500,21172.136719,-56777.890625,113091.429688,56313.542969
ml,mean,-1,2026-08-03,2110.334961,10.000000,2062.454346,50.000000,-1.261719,1.000000,-103122.718750,51.561359,-131050.859375,2106.055908,50.000000,-1.167969,1.000000,-105302.789062,52.651398,-123292.984375,2129.334717,50.000000,-0.850586,0.667969,-69321.601562,64.376907,-92271.867188,-346615.687500,311031.750000,21340.726562,-56924.703125,113103.132812,56178.429688
ml,mean,-1,2026-08-04,2110.677490,10.000000,2062.454346,50.000000,-0.261719,1.000000,-103122.718750,51.561359,-27928.134766,2106.055908,50.000000,-0.553711,0.614258,-62110.500000,65.609077,-61182.492188,2129.676758,50.000000,-1.349609,-0.499023,53561.359375,101.255486,-145860.906250,-234971.531250,199359.875000,21559.152344,-57170.789062,113114.765625,55943.972656
ml,mean,-1,2026-08-05,2112.200928,10.000000,2062.454346,50.000000,-1.107422,-0.845703,84863.742188,107.957283,-112791.882812,2106.055908,50.000000,-1.038086,-0.484375,46240.101562,98.114265,-107422.593750,2130.649170,50.000000,-1.882812,-0.533203,53502.121094,101.276611,-199563.703125,-419778.187500,383965.812500,21866.501953,-57678.843750,113126.437500,55447.585938
ml,mean,-1,2026-08-06,2114.760498,10.000000,2062.454346,50.000000,-0.107422,1.000000,-103122.718750,51.561359,-9669.156250,2106.055908,50.000000,-0.072266,0.965820,-101402.476562,53.821495,-6020.117188,2133.265625,50.000000,-1.517578,0.365234,-40266.945312,73.250526,-159552.968750,-175242.234375,139173.703125,22045.132812,-58113.664062,113126.437500,55012.761719
ml,mean,-1,2026-08-07,2115.013428,10.000000,2062.454346,50.000000,-2.261719,-2.154297,224504.437500,149.849503,-234173.578125,2106.055908,50.000000,-2.167969,-2.095703,222575.671875,151.014923,-228595.796875,2132.671143,50.000000,-1.518555,-0.000977,2192.948242,85.964729,-161812.781250,-624582.125000,588446.750000,22431.962891,-58567.378906,113126.437500,54559.054688
ml,mean,-1,2026-08-08,2115.416504,10.000000,2062.454346,50.000000,-2.261719,0.000000,0.000000,0.000000,-234173.578125,2106.055908,50.000000,-2.167969,0.000000,0.000000,0.000000,-228595.796875,2133.842773,50.000000,-1.518555,0.000000,0.000000,0.000000,-161878.468750,-624647.812500,588446.750000,22431.962891,-58633.054688,113126.437500,54493.378906
ml,mean,-1,2026-08-09,2115.652100,10.000000,2062.454346,50.000000,-2.261719,0.000000,0.000000,0.000000,-234173.578125,2106.055908,50.000000,-2.167969,0.000000,0.000000,0.000000,-228595.796875,2133.302002,50.000000,-1.518555,0.000000,0.000000,0.000000,-161937.593750,-624707.000000,588446.750000,22431.962891,-58692.187500,113126.437500,54434.246094
ml,mean,-1,2026-08-10,2115.825195,10.000000,2062.454346,50.000000,-1.261719,1.000000,-103122.718750,51.561359,-131050.859375,2106.055908,50.000000,-1.167969,1.000000,-105302.789062,52.651398,-123292.984375,2133.555176,50.000000,-0.826172,0.692383,-73245.679688,63.368504,-88759.539062,-343103.375000,306775.500000,22599.546875,-58927.390625,113126.437500,54199.042969
ml,mean,-1,2026-08-11,2117.024658,10.000000,2062.454346,50.000000,-0.261719,1.000000,-103122.718750,51.561359,-27928.134766,2106.055908,50.000000,-0.553711,0.614258,-62110.500000,65.609077,-61182.492188,2134.173828,50.000000,-1.188477,-0.362305,40199.218750,97.426727,-129069.703125,-218180.312500,181741.531250,22814.140625,-59252.921875,113126.437500,53873.511719
ml,mean,-1,2026-08-12,2118.106445,10.000000,2062.454346,50.000000,-1.107422,-0.845703,84863.742188,107.957283,-112791.882812,2106.055908,50.000000,-1.038086,-0.484375,46240.101562,98.114265,-107422.593750,2135.224854,50.000000,-1.868164,-0.679688,68767.968750,106.039391,-198177.171875,-418391.656250,381613.375000,23126.251953,-59904.542969,113126.437500,53221.886719
ml,mean,-1,2026-08-13,2119.073730,10.000000,2062.454346,50.000000,-0.107422,1.000000,-103122.718750,51.561359,-9669.156250,2106.055908,50.000000,-0.072266,0.965820,-101402.476562,53.821495,-6020.117188,2135.519287,50.000000,-1.458984,0.409180,-42553.875000,72.654617,-155593.968750,-171283.218750,134534.281250,23304.287109,-60053.234375,113126.437500,53073.195312
ml,mean,-1,2026-08-14,2121.851074,10.000000,2062.454346,50.000000,-2.261719,-2.154297,224504.437500,149.849503,-234173.578125,2106.055908,50.000000,-2.167969,-2.095703,222575.671875,151.014923,-228595.796875,2138.468018,50.000000,-1.518555,-0.059570,6297.528320,87.427979,-162351.265625,-625120.625000,587911.875000,23692.582031,-60901.304688,113126.437500,52225.125000
ml,mean,-1,2026-08-15,2124.048584,10.000000,2062.454346,50.000000,-2.261719,0.000000,0.000000,0.000000,-234173.578125,2106.055908,50.000000,-2.167969,0.000000,0.000000,0.000000,-228595.796875,2141.804932,50.000000,-1.518555,0.000000,0.000000,0.000000,-162682.968750,-625452.375000,587911.875000,23692.582031,-61233.023438,113126.437500,51893.410156
ml,mean,-1,2026-08-16,2125.158691,10.000000,2062.454346,50.000000,-2.261719,0.000000,0.000000,0.000000,-234173.578125,2106.055908,50.000000,-2.167969,0.000000,0.000000,0.000000,-228595.796875,2142.005859,50.000000,-1.518555,0.000000,0.000000,0.000000,-162622.875000,-625392.250000,587911.875000,23692.582031,-61172.914062,113126.437500,51953.523438
ml,mean,-1,2026-08-17,2126.489746,10.000000,2062.454346,50.000000,-1.261719,1.000000,-103122.718750,51.561359,-131050.859375,2106.055908,50.000000,-1.167969,1.000000,-105302.789062,52.651398,-123292.984375,2144.272461,50.000000,-0.743164,0.775391,-81799.421875,61.231068,-81054.546875,-335398.406250,297686.968750,23858.025391,-61569.453125,113126.437500,51556.972656
ml,mean,-1,2026-08-18,2127.657471,10.000000,2062.454346,50.000000,-0.261719,1.000000,-103122.718750,51.561359,-27928.134766,2106.055908,50.000000,-0.553711,0.614258,-62110.500000,65.609077,-61182.492188,2143.935303,50.000000,-0.851562,-0.108398,13629.312500,89.846184,-94627.953125,-183738.593750,146083.062500,24065.041016,-61720.558594,113126.437500,51405.859375
ml,mean,-1,2026-08-19,2127.023682,10.000000,2062.454346,50.000000,-1.107422,-0.845703,84863.742188,107.957283,-112791.882812,2106.055908,50.000000,-1.038086,-0.484375,46240.101562,98.114265,-107422.593750,2142.600342,50.000000,-1.863281,-1.011719,103569.734375,116.774933,-198296.109375,-418510.562500,380756.625000,24387.890625,-62141.816406,113126.437500,50984.617188
ml,mean,-1,2026-08-20,2128.303955,10.000000,2062.454346,50.000000,-0.107422,1.000000,-103122.718750,51.561359,-9669.156250,2106.055908,50.000000,-0.072266,0.965820,-101402.476562,53.821495,-6020.117188,2142.771973,50.000000,-1.131836,0.731445,-77249.335938,62.536091,-121063.710938,-136752.984375,98982.109375,24555.808594,-62326.687500,113126.437500,50799.746094
ml,mean,-1,2026-08-21,2127.314941,10.000000,2062.454346,50.000000,-2.261719,-2.154297,224504.437500,149.849503,-234173.578125,2106.055908,50.000000,-2.167969,-2.095703,222575.671875,151.014923,-228595.796875,2141.506348,50.000000,-1.518555,-0.386719,41595.492188,98.138885,-162642.000000,-625411.375000,587657.625000,24954.812500,-62708.484375,113126.437500,50417.945312
ml,mean,-1,2026-08-22,2128.158447,10.000000,2062.454346,50.000000,-2.261719,0.000000,0.000000,0.000000,-234173.578125,2106.055908,50.000000,-2.167969,0.000000,0.000000,0.000000,-228595.796875,2143.518555,50.000000,-1.518555,0.000000,0.000000,0.000000,-162686.031250,-625455.375000,587657.625000,24954.812500,-62752.515625,113126.437500,50373.914062
ml,mean,-1,2026-08-23,2129.222656,10.000000,2062.454346,50.000000,-2.261719,0.000000,0.000000,0.000000,-234173.578125,2106.055908,50.000000,-2.167969,0.000000,0.000000,0.000000,-228595.796875,2144.154541,50.000000,-1.518555,0.000000,0.000000,0.000000,-162671.968750,-625441.312500,587657.625000,24954.812500,-62738.449219,113126.437500,50387.968750
ml,mean,-1,2026-08-24,2129.734619,10.000000,2062.454346,50.000000,-1.261719,1.000000,-103122.718750,51.561359,-131050.859375,2106.055908,50.000000,-1.167969,1.000000,-105302.789062,52.651398,-123292.984375,2144.341553,50.000000,-0.518555,1.000000,-107217.085938,53.608543,-55596.789062,-309940.593750,272015.093750,25112.632812,-63038.171875,113126.437500,50088.250000
ml,mean,-1,2026-08-25,2129.909668,10.000000,2062.454346,50.000000,-0.261719,1.000000,-103122.718750,51.561359,-27928.134766,2106.055908,50.000000,-0.553711,0.614258,-62110.500000,65.609077,-61182.492188,2144.683838,50.000000,-0.211914,0.306641,-30213.189453,76.723389,-25350.845703,-114461.476562,76568.679688,25306.527344,-63199.316406,113126.437500,49927.113281
ml,mean,-1,2026-08-26,2128.270508,10.000000,2062.454346,50.000000,-1.107422,-0.845703,84863.742188,107.957283,-112791.882812,2106.055908,50.000000,-1.038086,-0.484375,46240.101562,98.114265,-107422.593750,2142.550049,50.000000,-1.863281,-1.651367,173204.109375,137.663223,-198378.062500,-418592.531250,380876.656250,25650.261719,-63366.160156,113126.437500,49760.273438
ml,mean,-1,2026-08-27,2129.011963,10.000000,2062.454346,50.000000,0.630859,1.738281,-178317.296875,89.158646,65525.429688,2106.055908,50.000000,-0.072266,0.965820,-101402.476562,53.821495,-6020.117188,2143.892822,50.000000,-0.887695,0.975586,-104504.351562,54.404411,-94005.164062,-34499.847656,-3347.494141,25847.644531,-63694.984375,113126.437500,49431.437500
ml,mean,-1,2026-08-28,2129.690186,10.000000,2062.454346,50.000000,-1.523438,-2.154297,224504.437500,149.849503,-158978.984375,2106.055908,50.000000,-2.167969,-2.095703,222575.671875,151.014923,-228595.796875,2143.040527,50.000000,-1.518555,-0.630859,68683.718750,106.326736,-162632.218750,-550207.000000,512416.312500,26254.835938,-64045.519531,113126.437500,49080.914062
ml,mean,-1,2026-08-29,2129.877930,10.000000,2062.454346,50.000000,-1.523438,0.000000,0.000000,0.000000,-158978.984375,2106.055908,50.000000,-2.167969,0.000000,0.000000,0.000000,-228595.796875,2143.342285,50.000000,-1.518555,0.000000,0.000000,0.000000,-162641.406250,-550216.187500,512416.312500,26254.835938,-64054.699219,113126.437500,49071.730469
ml,mean,-1,2026-08-30,2131.382324,10.000000,2062.454346,50.000000,-1.523438,0.000000,0.000000,0.000000,-158978.984375,2106.055908,50.000000,-2.167969,0.000000,0.000000,0.000000,-228595.796875,2144.463135,50.000000,-1.518555,0.000000,0.000000,0.000000,-162750.031250,-550324.750000,512416.312500,26254.835938,-64163.328125,113126.437500,48963.101562
ml,mean,-1,2026-08-31,2131.048340,10.000000,2062.454346,50.000000,-1.107422,0.416016,-46187.117188,173.482727,-112791.882812,2106.055908,50.000000,-1.167969,1.000000,-105302.789062,52.651398,-123292.984375,2143.769043,50.000000,-0.518555,1.000000,-107188.453125,53.594223,-55450.644531,-291535.500000,253737.937500,26534.564453,-64332.128906,113126.437500,48794.296875
ml,mean,-1,2026-09-01,2132.408203,10.000000,2062.454346,50.000000,0.630859,1.738281,-178317.296875,89.158646,65525.429688,2106.055908,50.000000,-0.553711,0.614258,-62110.500000,65.609077,-61182.492188,2145.660400,50.000000,-0.211914,0.306641,-30291.853516,76.738853,-25236.101562,-20893.167969,-16981.707031,26766.072266,-64640.949219,113126.437500,48485.480469
ml,mean,-1,2026-09-02,2132.847656,10.000000,2062.454346,50.000000,-1.523438,-2.154297,224504.437500,149.849503,-158978.984375,2106.055908,50.000000,-1.038086,-0.484375,46240.101562,98.114265,-107422.593750,2145.187012,50.000000,-1.863281,-1.651367,173269.703125,137.788391,-198609.859375,-465011.437500,427032.468750,27151.822266,-65130.757812,113126.437500,47995.664062
ml,mean,-1,2026-09-03,2132.977539,10.000000,2062.454346,50.000000,-1.107422,0.416016,-46187.117188,173.482727,-112791.882812,2106.055908,50.000000,-0.070312,0.967773,-101688.476562,53.964493,-5734.120117,2145.141846,50.000000,-0.887695,0.975586,-104600.734375,54.425453,-94051.335938,-212577.312500,174556.171875,27433.695312,-65454.835938,113126.437500,47671.589844
ml,mean,-1,2026-09-04,2133.374023,10.000000,2062.454346,50.000000,0.630859,1.738281,-178317.296875,89.158646,65525.429688,2106.055908,50.000000,-2.166016,-2.095703,222575.671875,151.014923,-228309.796875,2145.798584,50.000000,-1.518555,-0.630859,68769.929688,106.462929,-162807.031250,-325591.406250,287584.500000,27780.333984,-65787.257812,113126.437500,47339.171875
ml,mean,-1,2026-09-05,2132.821045,10.000000,2062.454346,50.000000,0.630859,0.000000,0.000000,0.000000,65525.429688,2106.055908,50.000000,-2.166016,0.000000,0.000000,0.000000,-228309.796875,2144.590820,50.000000,-1.518555,0.000000,0.000000,0.000000,-162763.203125,-325547.562500,287584.500000,27780.333984,-65743.414062,113126.437500,47383.007812
ml,mean,-1,2026-09-06,2132.562744,10.000000,2062.454346,50.000000,0.630859,0.000000,0.000000,0.000000,65525.429688,2106.055908,50.000000,-2.166016,0.000000,0.000000,0.000000,-228309.796875,2143.645996,50.000000,-1.518555,0.000000,0.000000,0.000000,-162763.703125,-325548.062500,287584.500000,27780.333984,-65743.929688,113126.437500,47382.507812
ml,mean,-1,2026-09-07,2132.193359,10.000000,2062.454346,50.000000,0.630859,0.000000,0.000000,0.000000,65525.429688,2106.055908,50.000000,-2.166016,0.000000,0.000000,0.000000,-228309.796875,2142.700195,50.000000,-1.518555,0.000000,0.000000,0.000000,-162697.781250,-325482.156250,287584.500000,27780.333984,-65678.007812,113126.437500,47448.421875
ml,mean,-1,2026-09-08,2132.042236,10.000000,2062.454346,50.000000,-1.521484,-2.152344,224320.437500,149.757507,-158794.984375,2106.055908,50.000000,-1.153320,1.012695,-106835.203125,53.989590,-121474.593750,2142.606445,50.000000,-0.518555,1.000000,-107130.312500,53.565155,-55658.410156,-335928.000000,297939.375000,28037.648438,-66026.242188,113126.437500,47100.187500
ml,mean,-1,2026-09-09,2132.868408,10.000000,2062.454346,50.000000,-1.108398,0.413086,-45914.515625,173.251038,-112880.492188,2106.055908,50.000000,-0.539062,0.614258,-62110.500000,65.609077,-59364.089844,2143.299316,50.000000,-0.211914,0.306641,-29923.023438,76.755051,-25723.791016,-197968.343750,159991.343750,28353.261719,-66330.265625,113126.437500,46796.156250
ml,mean,-1,2026-09-10,2134.814453,10.000000,2062.454346,50.000000,0.627930,1.736328,-178126.500000,89.063248,65246.039062,2106.055908,50.000000,-1.054688,-0.515625,50191.207031,100.061508,-109555.296875,2146.112061,50.000000,-1.863281,-1.651367,172572.906250,137.616364,-198363.187500,-242672.468750,204628.953125,28680.000000,-66723.515625,113126.437500,46402.917969
ml,mean,-1,2026-09-11,2134.917969,10.000000,2062.454346,50.000000,-1.515625,-2.143555,223491.906250,149.527237,-158245.875000,2106.055908,50.000000,-0.071289,0.983398,-103543.015625,54.891766,-6012.278320,2145.859863,50.000000,-0.887695,0.975586,-104616.093750,54.449562,-93798.718750,-258056.843750,219961.734375,28938.871094,-67034.007812,113126.437500,46092.414062
ml,mean,-1,2026-09-12,2136.962158,10.000000,2062.454346,50.000000,-1.515625,0.000000,0.000000,0.000000,-158245.875000,2106.055908,50.000000,-0.071289,0.000000,0.000000,0.000000,-6012.278320,2148.272461,50.000000,-0.887695,0.000000,0.000000,0.000000,-93846.070312,-258104.187500,219961.734375,28938.871094,-67081.359375,113126.437500,46045.078125
ml,mean,-1,2026-09-13,2137.040771,10.000000,2062.454346,50.000000,-1.515625,0.000000,0.000000,0.000000,-158245.875000,2106.055908,50.000000,-0.071289,0.000000,0.000000,0.000000,-6012.278320,2146.564697,50.000000,-0.887695,0.000000,0.000000,0.000000,-93695.140625,-257953.281250,219961.734375,28938.871094,-66930.421875,113126.437500,46196.003906
ml,mean,-1,2026-09-14,2138.113770,10.000000,2062.454346,50.000000,-1.089844,0.425781,-47210.675781,172.329269,-111035.171875,2106.055908,50.000000,-2.142578,-2.071289,219338.171875,150.043671,-225350.406250,2147.757324,50.000000,-1.518555,-0.630859,69326.000000,106.708084,-163155.625000,-499541.250000,461415.187500,29367.951172,-67493.984375,113126.437500,45632.437500
ml,mean,-1,2026-09-15,2138.893555,10.000000,2062.454346,50.000000,0.605469,1.695312,-174073.687500,87.323013,63038.480469,2106.055908,50.000000,-1.085938,1.056641,-111015.898438,60.361027,-114334.539062,2148.694092,50.000000,-0.518555,1.000000,-107434.710938,53.717354,-55790.582031,-107086.640625,68890.929688,29569.355469,-67765.062500,113126.437500,45361.367188
ml,mean,-1,2026-09-16,2138.782959,10.000000,2062.454346,50.000000,-1.511719,-2.117188,220910.250000,148.328918,-157871.750000,2106.055908,50.000000,-0.452148,0.633789,-64491.468750,64.894791,-49843.058594,2148.045654,50.000000,-0.211914,0.306641,-29941.218750,76.939453,-25754.935547,-233469.781250,195368.484375,29859.515625,-67960.796875,113126.437500,45165.632812
ml,mean,-1,2026-09-17,2139.034180,10.000000,2062.454346,50.000000,-1.046875,0.464844,-51068.476562,167.904419,-106803.289062,2106.055908,50.000000,-1.191406,-0.739258,74787.539062,107.041153,-124630.601562,2147.818604,50.000000,-1.863281,-1.651367,172900.250000,137.782806,-198575.953125,-430009.875000,391987.812500,30272.246094,-68294.296875,113126.437500,44832.132812
ml,mean,-1,2026-09-18,2139.454590,10.000000,2062.454346,50.000000,0.543945,1.590820,-163789.015625,89.396179,56985.738281,2106.055908,50.000000,-0.178711,1.012695,-106513.898438,56.377197,-18116.701172,2147.537354,50.000000,-0.887695,0.975586,-104681.187500,54.497128,-93874.210938,-55005.171875,17003.675781,30472.515625,-68474.015625,113126.437500,44652.414062
ml,mean,-1,2026-09-19,2140.434326,10.000000,2062.454346,50.000000,0.543945,0.000000,0.000000,0.000000,56985.738281,2106.055908,50.000000,-0.178711,0.000000,0.000000,0.000000,-18116.701172,2148.551270,50.000000,-0.887695,0.000000,0.000000,0.000000,-94000.906250,-55131.863281,17003.675781,30472.515625,-68600.703125,113126.437500,44525.730469
ml,mean,-1,2026-09-20,2142.406982,10.000000,2062.454346,50.000000,0.543945,0.000000,0.000000,0.000000,56985.738281,2106.055908,50.000000,-0.178711,0.000000,0.000000,0.000000,-18116.701172,2150.785889,50.000000,-0.887695,0.000000,0.000000,0.000000,-94035.140625,-55166.101562,17003.675781,30472.515625,-68634.937500,113126.437500,44491.492188
ml,mean,-1,2026-09-21,2142.642578,10.000000,2062.454346,50.000000,-1.439453,-1.983398,207685.859375,146.718414,-150700.125000,2106.055908,50.000000,-1.992188,-1.813477,190606.718750,141.757187,-208723.406250,2151.118896,50.000000,-1.518555,-0.630859,69140.625000,106.786942,-163238.437500,-522661.968750,484436.843750,30867.777344,-69092.875000,113126.437500,44033.550781
ml,mean,-1,2026-09-22,2142.701172,10.000000,2062.454346,50.000000,-1.040039,0.399414,-44565.929688,165.860550,-106134.179688,2106.055908,50.000000,-1.058594,0.933594,-97299.843750,63.725845,-111423.570312,2150.311035,50.000000,-0.518555,1.000000,-107515.562500,53.757786,-55766.757812,-273324.500000,235055.515625,31151.125000,-69420.101562,113126.437500,43706.320312
ml,mean,-1,2026-09-23,2143.016357,10.000000,2062.454346,50.000000,0.474609,1.514648,-156190.062500,86.243088,50055.855469,2106.055908,50.000000,-0.424805,0.633789,-64584.429688,64.866913,-46839.136719,2150.688232,50.000000,-0.211914,0.306641,-29857.470703,77.070290,-25841.082031,-22624.365234,-15576.416992,31379.302734,-69580.085938,113126.437500,43546.343750
ml,mean,-1,2026-09-24,2142.181641,10.000000,2062.454346,50.000000,-1.393555,-1.868164,195980.796875,143.022812,-145924.937500,2106.055908,50.000000,-1.260742,-0.835938,85231.171875,113.280411,-132070.312500,2149.293457,50.000000,-1.863281,-1.651367,172957.453125,137.858978,-198766.375000,-476761.625000,438593.000000,31773.460938,-69942.101562,113126.437500,43184.324219
ml,mean,-1,2026-09-25,2142.762451,10.000000,2062.454346,50.000000,-0.924805,0.468750,-51146.453125,155.504974,-94778.476562,2106.055908,50.000000,-0.082031,1.178711,-123330.664062,63.953270,-8739.648438,2149.398926,50.000000,-0.887695,0.975586,-104775.312500,54.543358,-94031.257812,-197549.390625,159340.578125,32047.466797,-70256.289062,113126.437500,42870.140625
ml,mean,-1,2026-09-26,2142.999512,10.000000,2062.454346,50.000000,-0.924805,0.000000,0.000000,0.000000,-94778.476562,2106.055908,50.000000,-0.082031,0.000000,0.000000,0.000000,-8739.648438,2149.477783,50.000000,-0.887695,0.000000,0.000000,0.000000,-94083.078125,-197601.203125,159340.578125,32047.466797,-70308.093750,113126.437500,42818.335938
ml,mean,-1,2026-09-27,2143.662598,10.000000,2062.454346,50.000000,-0.924805,0.000000,0.000000,0.000000,-94778.476562,2106.055908,50.000000,-0.082031,0.000000,0.000000,0.000000,-8739.648438,2150.989502,50.000000,-0.887695,0.000000,0.000000,0.000000,-94151.015625,-197669.140625,159340.578125,32047.466797,-70376.039062,113126.437500,42750.390625
ml,mean,-1,2026-09-28,2143.770752,10.000000,2062.454346,50.000000,0.286133,1.210938,-125883.882812,90.788162,31105.406250,2106.055908,50.000000,-1.748047,-1.666016,174758.031250,136.669632,-183497.687500,2151.031250,50.000000,-1.518555,-0.630859,68971.546875,106.732712,-163124.046875,-315516.312500,277186.250000,32381.656250,-70711.726562,113126.437500,42414.703125
ml,mean,-1,2026-09-29,2143.802002,10.000000,2062.454346,50.000000,-1.178711,-1.464844,155005.125000,135.429871,-123899.718750,2106.055908,50.000000,-1.101562,0.646484,-68369.453125,91.036255,-115128.226562,2149.923340,50.000000,-0.518555,1.000000,-107496.164062,53.748081,-55554.011719,-294581.937500,256325.796875,32661.873047,-70918.062500,113126.437500,42208.363281
ml,mean,-1,2026-09-30,2145.091553,10.000000,2062.454346,50.000000,-1.005859,0.172852,-20664.828125,147.212875,-103234.906250,2106.055908,50.000000,-0.360352,0.741211,-76743.578125,62.274437,-38384.648438,2151.472900,50.000000,-0.211914,0.306641,-29788.353516,77.122406,-25803.064453,-167422.609375,129129.007812,32948.480469,-71242.085938,113126.437500,41884.347656
ml,mean,-1,2026-10-01,2145.664795,10.000000,2062.454346,50.000000,0.124023,1.129883,-117777.632812,98.053627,14542.735352,2106.055908,50.000000,-1.502930,-1.142578,119692.523438,122.536270,-158077.171875,2152.135498,50.000000,-1.863281,-1.651367,173471.609375,138.126907,-199199.406250,-342733.843750,304515.531250,33307.195312,-71525.507812,113126.437500,41600.917969
ml,mean,-1,2026-10-02,2146.490234,10.000000,2062.454346,50.000000,-0.874023,-0.998047,107098.109375,128.067566,-92555.375000,2106.055908,50.000000,-0.280273,1.222656,-128864.289062,69.358292,-29212.888672,2152.946777,50.000000,-0.887695,0.975586,-104969.257812,54.627087,-94359.179688,-216127.437500,177780.078125,33559.250000,-71906.585938,113126.437500,41219.839844
ml,mean,-1,2026-10-03,2147.040283,10.000000,2062.454346,50.000000,-0.874023,0.000000,0.000000,0.000000,-92555.375000,2106.055908,50.000000,-0.280273,0.000000,0.000000,0.000000,-29212.888672,2153.845215,50.000000,-0.887695,0.000000,0.000000,0.000000,-94493.296875,-216261.531250,177780.078125,33559.250000,-72040.710938,113126.437500,41085.718750
ml,mean,-1,2026-10-04,2147.000977,10.000000,2062.454346,50.000000,-0.874023,0.000000,0.000000,0.000000,-92555.375000,2106.055908,50.000000,-0.280273,0.000000,0.000000,0.000000,-29212.888672,2152.477295,50.000000,-0.887695,0.000000,0.000000,0.000000,-94632.257812,-216400.500000,177780.078125,33559.250000,-72179.671875,113126.437500,40946.757812
ml,mean,-1,2026-10-05,2147.952148,10.000000,2062.454346,50.000000,-1.199219,-0.325195,30531.597656,157.931854,-123086.960938,2106.055908,50.000000,-1.207031,-0.926758,96625.382812,113.439514,-125838.265625,2153.296143,50.000000,-1.518555,-0.630859,68569.828125,106.702805,-163077.156250,-412002.375000,373506.875000,33937.324219,-72432.804688,113126.437500,40693.621094
ml,mean,-1,2026-10-06,2148.273682,10.000000,2062.454346,50.000000,0.041016,1.240234,-129113.320312,113.043243,6026.356934,2106.055908,50.000000,-1.533203,-0.326172,36465.675781,95.418839,-162303.953125,2152.935059,50.000000,-0.528320,0.990234,-106326.015625,54.219604,-56736.808594,-213014.406250,174533.234375,34200.007812,-72681.156250,113126.437500,40445.269531
ml,mean,-1,2026-10-07,2148.850098,10.000000,2062.454346,50.000000,-0.738281,-0.779297,84590.445312,127.269943,-78564.093750,2106.055908,50.000000,-0.731445,0.801758,-83770.585938,60.346420,-78533.351562,2153.695068,50.000000,-0.231445,0.296875,-28935.722656,77.467087,-27798.478516,-184895.937500,146417.390625,34465.089844,-72943.640625,113126.437500,40182.792969
ml,mean,-1,2026-10-08,2148.027100,10.000000,2062.454346,50.000000,-1.302734,-0.564453,55143.613281,166.867310,-133707.703125,2106.055908,50.000000,-1.225586,-0.494141,49117.757812,98.977562,-127651.117188,2152.992432,50.000000,-1.863281,-1.631836,171459.656250,137.557587,-199420.406250,-460779.218750,422138.406250,34868.492188,-73509.296875,113126.437500,39617.128906
ml,mean,-1,2026-10-09,2147.919922,10.000000,2062.454346,50.000000,0.041016,1.343750,-139734.062500,118.353600,6026.356934,2106.055908,50.000000,-0.291016,0.934570,-96927.328125,55.954056,-30723.785156,2152.569092,50.000000,-0.926758,0.936523,-100030.046875,56.093758,-99323.265625,-124020.703125,85446.984375,35098.894531,-73672.617188,113126.437500,39453.820312
ml,mean,-1,2026-10-10,2147.716309,10.000000,2062.454346,50.000000,0.041016,0.000000,0.000000,0.000000,6026.356934,2106.055908,50.000000,-0.291016,0.000000,0.000000,0.000000,-30723.785156,2151.763916,50.000000,-0.926758,0.000000,0.000000,0.000000,-99302.687500,-124000.109375,85446.984375,35098.894531,-73652.039062,113126.437500,39474.398438
ml,mean,-1,2026-10-11,2148.547363,10.000000,2062.454346,50.000000,0.041016,0.000000,0.000000,0.000000,6026.356934,2106.055908,50.000000,-0.291016,0.000000,0.000000,0.000000,-30723.785156,2153.129883,50.000000,-0.926758,0.000000,0.000000,0.000000,-99303.632812,-124001.054688,85446.984375,35098.894531,-73652.968750,113126.437500,39473.460938
ml,mean,-1,2026-10-12,2149.938477,10.000000,2062.454346,50.000000,0.041016,0.000000,0.000000,0.000000,6026.356934,2106.055908,50.000000,-0.291016,0.000000,0.000000,0.000000,-30723.785156,2154.180908,50.000000,-0.926758,0.000000,0.000000,0.000000,-99346.656250,-124044.078125,85446.984375,35098.894531,-73695.992188,113126.437500,39430.433594
ml,mean,-1,2026-10-13,2152.491455,10.000000,2062.454346,50.000000,-0.738281,-0.779297,84590.445312,127.269943,-78564.093750,2106.055908,50.000000,-1.212891,-0.921875,95902.421875,113.208740,-126626.195312,2156.738037,50.000000,-1.518555,-0.591797,63872.105469,105.431160,-163372.703125,-368563.000000,329811.937500,35444.804688,-74195.843750,113126.437500,38930.582031
ml,mean,-1,2026-10-14,2152.123535,10.000000,2062.454346,50.000000,-1.302734,-0.564453,55143.613281,166.867310,-133707.703125,2106.055908,50.000000,-1.486328,-0.273438,30310.902344,97.382858,-156937.109375,2155.949951,50.000000,-0.528320,0.990234,-106945.390625,54.154381,-56337.640625,-346982.437500,308321.062500,35763.207031,-74424.578125,113126.437500,38701.851562
ml,mean,-1,2026-10-15,2151.913818,10.000000,2062.454346,50.000000,0.041016,1.343750,-139734.062500,118.353600,6026.356934,2106.055908,50.000000,-0.691406,0.794922,-82811.820312,60.356483,-74125.289062,2154.426025,50.000000,-0.324219,0.204102,-17598.623047,80.897453,-38680.914062,-106779.843750,68176.570312,36022.816406,-74626.085938,113126.437500,38500.339844
ml,mean,-1,2026-10-16,2152.212891,10.000000,2062.454346,50.000000,-0.738281,-0.779297,84590.445312,127.269943,-78564.093750,2106.055908,50.000000,-1.262695,-0.571289,57531.003906,102.914284,-131656.312500,2155.856445,50.000000,-1.868164,-1.543945,161406.453125,134.656189,-200119.734375,-410340.125000,371704.468750,36387.656250,-75023.304688,113126.437500,38103.125000
ml,mean,-1,2026-10-17,2152.990234,10.000000,2062.454346,50.000000,-0.738281,0.000000,0.000000,0.000000,-78564.093750,2106.055908,50.000000,-1.262695,0.000000,0.000000,0.000000,-131656.312500,2155.935303,50.000000,-1.868164,0.000000,0.000000,0.000000,-200066.859375,-410287.218750,371704.468750,36387.656250,-74970.406250,113126.437500,38156.015625
ml,mean,-1,2026-10-18,2153.275391,10.000000,2062.454346,50.000000,-0.738281,0.000000,0.000000,0.000000,-78564.093750,2106.055908,50.000000,-1.262695,0.000000,0.000000,0.000000,-131656.312500,2156.100586,50.000000,-1.868164,0.000000,0.000000,0.000000,-200145.375000,-410365.750000,371704.468750,36387.656250,-75048.929688,113126.437500,38077.496094
ml,mean,-1,2026-10-19,2154.348633,10.000000,2062.454346,50.000000,-1.302734,-0.564453,55143.613281,166.867310,-133707.703125,2106.055908,50.000000,-0.271484,0.991211,-102484.265625,60.637554,-29172.037109,2157.219727,50.000000,-0.951172,0.916992,-99032.492188,56.579052,-101208.773438,-264088.531250,225331.312500,36671.738281,-75428.914062,113126.437500,37697.511719
ml,mean,-1,2026-10-20,2155.045166,10.000000,2062.454346,50.000000,0.041016,1.343750,-139734.062500,118.353600,6026.356934,2106.055908,50.000000,-1.120117,-0.848633,87642.351562,110.752243,-116814.390625,2157.177246,50.000000,-1.518555,-0.567383,62161.750000,104.935616,-163408.109375,-274196.156250,235401.390625,37005.781250,-75800.546875,113126.437500,37325.890625
ml,mean,-1,2026-10-21,2155.662842,10.000000,2062.454346,50.000000,-0.738281,-0.779297,84590.445312,127.269943,-78564.093750,2106.055908,50.000000,-1.493164,-0.373047,40923.468750,107.533577,-157737.859375,2157.025635,50.000000,-0.552734,0.965820,-103453.757812,55.244896,-60059.046875,-296361.000000,257461.531250,37295.828125,-76195.281250,113126.437500,36931.144531
ml,mean,-1,2026-10-22,2156.971680,10.000000,2062.454346,50.000000,-1.302734,-0.564453,55143.613281,166.867310,-133707.703125,2106.055908,50.000000,-0.648438,0.844727,-88557.445312,60.240707,-69180.406250,2159.399170,50.000000,-0.426758,0.125977,-11055.158203,83.059418,-48999.093750,-251887.187500,212992.546875,37605.996094,-76500.656250,113126.437500,36625.781250
ml,mean,-1,2026-10-23,2157.814697,10.000000,2062.454346,50.000000,0.041016,1.343750,-139734.062500,118.353600,6026.356934,2106.055908,50.000000,-1.336914,-0.688477,69653.281250,106.537407,-138833.687500,2159.052246,50.000000,-1.873047,-1.446289,151855.062500,131.918610,-200960.843750,-333768.187500,294766.812500,37962.804688,-76964.140625,113126.437500,36162.281250
ml,mean,-1,2026-10-24,2158.260742,10.000000,2062.454346,50.000000,0.041016,0.000000,0.000000,0.000000,6026.356934,2106.055908,50.000000,-1.336914,0.000000,0.000000,0.000000,-138833.687500,2159.647461,50.000000,-1.873047,0.000000,0.000000,0.000000,-201065.125000,-333872.500000,294766.812500,37962.804688,-77068.429688,113126.437500,36058.000000
ml,mean,-1,2026-10-25,2159.438965,10.000000,2062.454346,50.000000,0.041016,0.000000,0.000000,0.000000,6026.356934,2106.055908,50.000000,-1.336914,0.000000,0.000000,0.000000,-138833.687500,2160.597412,50.000000,-1.873047,0.000000,0.000000,0.000000,-201076.000000,-333883.312500,294766.812500,37962.804688,-77079.312500,113126.437500,36047.121094
ml,mean,-1,2026-10-26,2159.522217,10.000000,2062.454346,50.000000,-0.738281,-0.779297,84590.445312,127.269943,-78564.093750,2106.055908,50.000000,-0.357422,0.979492,-99954.953125,65.243919,-38878.738281,2160.632080,50.000000,-1.092773,0.780273,-83773.578125,61.293209,-117389.171875,-234832.000000,195628.750000,38216.613281,-77419.859375,113126.437500,35706.562500
ml,mean,-1,2026-10-27,2160.848389,10.000000,2062.454346,50.000000,-1.302734,-0.564453,55143.613281,166.867310,-133707.703125,2106.055908,50.000000,-0.908203,-0.550781,56356.039062,102.357620,-95234.781250,2161.549072,50.000000,-1.518555,-0.425781,46354.878906,100.368423,-163804.687500,-392747.156250,353483.250000,38586.207031,-77850.093750,113126.437500,35276.328125
ml,mean,-1,2026-10-28,2162.606445,10.000000,2062.454346,50.000000,0.041016,1.343750,-139734.062500,118.353600,6026.356934,2106.055908,50.000000,-1.515625,-0.607422,63330.257812,117.386322,-158565.031250,2163.792236,50.000000,-0.547852,0.970703,-104550.640625,55.186497,-59362.007812,-211900.687500,172528.843750,38877.132812,-78248.976562,113126.437500,34877.453125
ml,mean,-1,2026-10-29,2162.714111,10.000000,2062.454346,50.000000,0.000000,-0.041016,6026.356934,39.378109,0.000000,2106.055908,50.000000,0.000000,1.515625,-158565.031250,83.153877,0.000000,2163.119629,50.000000,0.000000,0.547852,-59395.070312,44.550255,0.000000,0.000000,-39404.914062,39044.214844,-78449.132812,113126.437500,34677.300781
ml,mean,-1,2026-10-30,2164.120605,10.000000,2062.454346,50.000000,0.000000,0.000000,0.000000,0.000000,0.000000,2106.055908,50.000000,0.000000,0.000000,0.000000,0.000000,0.000000,2163.119629,50.000000,0.000000,0.000000,0.000000,0.000000,0.000000,0.000000,-39404.914062,39044.214844,-78449.132812,113126.437500,34677.300781
