policy,case,path_idx,day,spot,spread_bps,PL_APR_2026_futures,PL_APR_2026_contract_size,PL_APR_2026_position,PL_APR_2026_trade,PL_APR_2026_trade_cash,PL_APR_2026_trade_cost,PL_APR_2026_position_mtm,PL_JUL_2026_futures,PL_JUL_2026_contract_size,PL_JUL_2026_position,PL_JUL_2026_trade,PL_JUL_2026_trade_cash,PL_JUL_2026_trade_cost,PL_JUL_2026_position_mtm,PL_OCT_2026_futures,PL_OCT_2026_contract_size,PL_OCT_2026_position,PL_OCT_2026_trade,PL_OCT_2026_trade_cash,PL_OCT_2026_trade_cost,PL_OCT_2026_position_mtm,portfolio_position_mtm,portfolio_cum_trade_cash,portfolio_cum_trade_cost,hedge_portfolio_ex_funding,mtm_ex_post_settle_discount,total_ex_funding_discount
ml,worst,446,2026-04-10,2055.000244,10.000000,2026.171509,50.000000,-7.000000,-7.000000,709160.000000,354.579987,-709160.000000,2047.068848,50.000000,-7.000000,-7.000000,716474.125000,358.237030,-716474.125000,2070.749756,50.000000,-7.000000,-7.000000,724762.375000,362.381195,-724762.375000,-2150396.500000,2150396.500000,1075.198242,-1075.198242,4854.181641,3778.983398
ml,worst,446,2026-04-11,2054.153809,10.000000,2052.232910,50.000000,-7.000000,0.000000,-0.000000,0.000000,-718281.562500,2075.079590,50.000000,-7.000000,0.000000,-0.000000,0.000000,-726277.812500,2101.060547,50.000000,-7.000000,0.000000,-0.000000,0.000000,-735371.187500,-2179930.500000,2150396.500000,1075.198242,-30609.199219,80.828957,-30528.371094
ml,worst,446,2026-04-12,2028.083740,10.000000,2022.866333,50.000000,-7.000000,0.000000,-0.000000,0.000000,-708003.250000,2047.953491,50.000000,-7.000000,0.000000,-0.000000,0.000000,-716783.750000,2074.674561,50.000000,-7.000000,0.000000,-0.000000,0.000000,-726136.062500,-2150923.000000,2150396.500000,1075.198242,-1601.698242,-64963.031250,-66564.726562
ml,worst,446,2026-04-13,2044.614136,10.000000,2020.312134,50.000000,0.000000,7.000000,-707109.250000,353.554626,0.000000,2045.426025,50.000000,0.000000,7.000000,-715899.125000,357.949554,0.000000,2070.898682,50.000000,0.000000,7.000000,-724814.562500,362.407288,0.000000,0.000000,2573.562500,2149.109863,424.452637,-18950.523438,-18526.070312
ml,worst,446,2026-04-14,2032.623535,10.000000,2016.461426,50.000000,-7.000000,-7.000000,705761.500000,352.880737,-705761.500000,2042.856934,50.000000,-7.000000,-7.000000,714999.875000,357.499939,-714999.875000,2069.121826,50.000000,-7.000000,-7.000000,724192.625000,362.096313,-724192.625000,-2144954.000000,2147527.500000,3221.586670,-648.086670,-38905.066406,-39553.152344
ml,worst,446,2026-04-15,2024.030029,10.000000,1983.458008,50.000000,0.000000,7.000000,-694210.312500,347.105133,0.000000,2006.723877,50.000000,0.000000,7.000000,-702353.375000,351.176666,0.000000,2031.449585,50.000000,0.000000,7.000000,-711007.375000,355.503662,0.000000,0.000000,39956.500000,4275.372070,35681.128906,-55782.097656,-20100.968750
ml,worst,446,2026-04-16,1992.313965,10.000000,1976.618408,50.000000,-7.000000,-7.000000,691816.437500,345.908234,-691816.437500,1996.774170,50.000000,-7.000000,-7.000000,698870.937500,349.435486,-698870.937500,2020.267944,50.000000,-7.000000,-7.000000,707093.812500,353.546875,-707093.812500,-2097781.250000,2137737.500000,5324.262695,34631.988281,-131884.015625,-97252.031250
ml,worst,446,2026-04-17,2035.682739,10.000000,2035.867676,50.000000,0.000000,7.000000,-712553.687500,356.276825,0.000000,2057.065186,50.000000,0.000000,7.000000,-719972.812500,359.986389,0.000000,2080.790527,50.000000,0.000000,7.000000,-728276.687500,364.138306,0.000000,0.000000,-23065.500000,6404.664551,-29470.164062,-13381.950195,-42852.113281
ml,worst,446,2026-04-18,2032.929688,10.000000,2027.189087,50.000000,0.000000,0.000000,-0.000000,0.000000,0.000000,2048.137939,50.000000,0.000000,0.000000,-0.000000,0.000000,0.000000,2072.372559,50.000000,0.000000,0.000000,-0.000000,0.000000,0.000000,0.000000,-23065.500000,6404.664551,-29470.164062,-15867.924805,-45338.089844
ml,worst,446,2026-04-19,2039.008057,10.000000,2016.707397,50.000000,0.000000,0.000000,-0.000000,0.000000,0.000000,2037.388550,50.000000,0.000000,0.000000,-0.000000,0.000000,0.000000,2060.567871,50.000000,0.000000,0.000000,-0.000000,0.000000,0.000000,0.000000,-23065.500000,6404.664551,-29470.164062,1230.560669,-28239.603516
ml,worst,446,2026-04-20,2053.510498,10.000000,2041.007935,50.000000,0.000000,0.000000,-0.000000,0.000000,0.000000,2062.531982,50.000000,-7.000000,-7.000000,721886.187500,360.943085,-721886.187500,2086.899658,50.000000,-7.000000,-7.000000,730414.875000,365.207458,-730414.875000,-1452301.000000,1429235.500000,7130.814453,-30196.314453,44340.710938,14144.396484
ml,worst,446,2026-04-21,2056.396240,10.000000,2059.851074,50.000000,0.000000,0.000000,-0.000000,0.000000,0.000000,2083.308350,50.000000,0.000000,7.000000,-729157.937500,364.578949,0.000000,2109.154053,50.000000,0.000000,7.000000,-738203.875000,369.101929,0.000000,0.000000,-38126.250000,7864.496094,-45990.746094,59168.183594,13177.437500
ml,worst,446,2026-04-22,2070.967773,10.000000,2076.047607,50.000000,0.000000,0.000000,-0.000000,0.000000,0.000000,2097.576172,50.000000,-7.000000,-7.000000,734151.687500,367.075836,-734151.687500,2123.129639,50.000000,-7.000000,-7.000000,743095.375000,371.547699,-743095.375000,-1477247.000000,1439120.750000,8603.119141,-46729.367188,95683.664062,48954.296875
ml,worst,446,2026-04-23,2131.797119,10.000000,2157.684082,50.000000,0.000000,0.000000,-0.000000,0.000000,0.000000,2178.356934,50.000000,0.000000,7.000000,-762424.875000,381.212463,0.000000,2204.199219,50.000000,0.000000,7.000000,-771469.750000,385.734863,0.000000,0.000000,-94773.812500,9370.066406,-104143.875000,250682.484375,146538.609375
ml,worst,446,2026-04-24,2113.499268,10.000000,2136.633301,50.000000,-7.000000,-7.000000,747821.687500,373.910797,-747821.687500,2156.173828,50.000000,-7.000000,-7.000000,754660.812500,377.330383,-754660.812500,2181.755371,50.000000,-7.000000,-7.000000,763614.375000,381.807159,-763614.375000,-2266097.000000,2171323.000000,10503.115234,-105277.117188,210095.484375,104818.367188
ml,worst,446,2026-04-25,2117.656494,10.000000,2121.035156,50.000000,-7.000000,0.000000,-0.000000,0.000000,-742362.312500,2139.095947,50.000000,-7.000000,0.000000,-0.000000,0.000000,-748683.625000,2163.214355,50.000000,-7.000000,0.000000,-0.000000,0.000000,-757125.000000,-2248171.000000,2171323.000000,10503.115234,-87351.117188,233408.968750,146057.843750
ml,worst,446,2026-04-26,2009.753174,10.000000,2034.993774,50.000000,-7.000000,0.000000,-0.000000,0.000000,-712247.812500,2053.197021,50.000000,-7.000000,0.000000,-0.000000,0.000000,-718618.937500,2076.562744,50.000000,-7.000000,0.000000,-0.000000,0.000000,-726797.000000,-2157663.750000,2171323.000000,10503.115234,3156.134766,-29213.535156,-26057.400391
ml,worst,446,2026-04-27,1972.469116,10.000000,1956.485840,50.000000,0.000000,7.000000,-684770.000000,342.385010,0.000000,1975.163452,50.000000,0.000000,7.000000,-691307.250000,345.653595,0.000000,1997.283203,50.000000,0.000000,7.000000,-699049.125000,349.524536,0.000000,0.000000,96196.687500,11540.677734,84656.007812,-120417.390625,-35761.382812
ml,worst,446,2026-04-28,1941.583130,10.000000,1964.942993,50.000000,0.000000,0.000000,-0.000000,0.000000,0.000000,1981.485596,50.000000,-7.000000,-7.000000,693520.000000,346.759979,-693520.000000,2001.761963,50.000000,-7.000000,-7.000000,700616.687500,350.308350,-700616.687500,-1394136.750000,1490333.375000,12237.746094,83958.875000,-191505.046875,-107546.171875
ml,worst,446,2026-04-29,1968.000000,10.000000,1985.684814,50.000000,0.000000,0.000000,-0.000000,0.000000,0.000000,2001.993286,50.000000,0.000000,7.000000,-700697.625000,350.348816,0.000000,2022.045654,50.000000,0.000000,7.000000,-707715.937500,353.857971,0.000000,0.000000,81919.812500,12941.953125,68977.859375,-119921.812500,-50943.953125
ml,worst,446,2026-04-30,1992.075562,10.000000,1985.684814,50.000000,0.000000,0.000000,-0.000000,0.000000,0.000000,2008.764893,50.000000,-7.000000,-7.000000,703067.750000,351.533844,-703067.750000,2027.917358,50.000000,-7.000000,-7.000000,709771.125000,354.885529,-709771.125000,-1412838.875000,1494758.750000,13648.373047,68271.500000,-66764.968750,1506.531250
ml,worst,446,2026-05-01,1995.633179,10.000000,1985.684814,50.000000,0.000000,0.000000,-0.000000,0.000000,0.000000,1953.274170,50.000000,0.000000,7.000000,-683645.937500,341.822998,0.000000,1971.853760,50.000000,0.000000,7.000000,-690148.812500,345.074402,0.000000,0.000000,120963.937500,14335.269531,106628.671875,-54866.527344,51762.144531
ml,worst,446,2026-05-02,2009.428467,10.000000,1985.684814,50.000000,0.000000,0.000000,-0.000000,0.000000,0.000000,2006.673706,50.000000,0.000000,0.000000,-0.000000,0.000000,0.000000,2025.937378,50.000000,0.000000,0.000000,-0.000000,0.000000,0.000000,0.000000,120963.937500,14335.269531,106628.671875,-19765.894531,86862.781250
ml,worst,446,2026-05-03,2020.137573,10.000000,1985.684814,50.000000,0.000000,0.000000,-0.000000,0.000000,0.000000,2029.137817,50.000000,0.000000,0.000000,-0.000000,0.000000,0.000000,2049.179443,50.000000,0.000000,0.000000,-0.000000,0.000000,0.000000,0.000000,120963.937500,14335.269531,106628.671875,4542.131836,111170.804688
ml,worst,446,2026-05-04,1986.105957,10.000000,1985.684814,50.000000,0.000000,0.000000,-0.000000,0.000000,0.000000,1992.766968,50.000000,-7.000000,-7.000000,697468.437500,348.734192,-697468.437500,2013.582031,50.000000,-7.000000,-7.000000,704753.687500,352.376862,-704753.687500,-1402222.125000,1523186.000000,15036.380859,105927.492188,-78301.125000,27626.367188
ml,worst,446,2026-05-05,2012.579346,10.000000,1985.684814,50.000000,0.000000,0.000000,-0.000000,0.000000,0.000000,2035.259399,50.000000,0.000000,7.000000,-712340.750000,356.170410,0.000000,2056.475586,50.000000,0.000000,7.000000,-719766.437500,359.883209,0.000000,0.000000,91078.875000,15752.434570,75326.437500,-17765.376953,57561.062500
ml,worst,446,2026-05-06,1989.903320,10.000000,1985.684814,50.000000,0.000000,0.000000,-0.000000,0.000000,0.000000,1999.730835,50.000000,-7.000000,-7.000000,699905.812500,349.952881,-699905.812500,2020.162720,50.000000,-7.000000,-7.000000,707056.937500,353.528442,-707056.937500,-1406962.750000,1498041.625000,16455.916016,74622.960938,-73715.023438,907.937500
ml,worst,446,2026-05-07,2003.015991,10.000000,1985.684814,50.000000,0.000000,0.000000,-0.000000,0.000000,0.000000,2027.557739,50.000000,0.000000,7.000000,-709645.187500,354.822601,0.000000,2048.867920,50.000000,0.000000,7.000000,-717103.750000,358.551880,0.000000,0.000000,71292.687500,17169.289062,54123.398438,-43989.347656,10134.050781
ml,worst,446,2026-05-08,1985.376831,10.000000,1985.684814,50.000000,0.000000,0.000000,-0.000000,0.000000,0.000000,1996.449951,50.000000,-7.000000,-7.000000,698757.500000,349.378723,-698757.500000,2018.557129,50.000000,-7.000000,-7.000000,706495.000000,353.247498,-706495.000000,-1405252.500000,1476545.250000,17871.916016,53420.835938,-90991.585938,-37570.750000
ml,worst,446,2026-05-09,2007.080322,10.000000,1985.684814,50.000000,0.000000,0.000000,-0.000000,0.000000,0.000000,2021.287842,50.000000,-7.000000,0.000000,-0.000000,0.000000,-707450.750000,2042.692871,50.000000,-7.000000,0.000000,-0.000000,0.000000,-714942.500000,-1422393.250000,1476545.250000,17871.916016,36280.085938,-39479.648438,-3199.562500
ml,worst,446,2026-05-10,1962.462769,10.000000,1985.684814,50.000000,0.000000,0.000000,-0.000000,0.000000,0.000000,1966.718384,50.000000,-7.000000,0.000000,-0.000000,0.000000,-688351.437500,1986.057739,50.000000,-7.000000,0.000000,-0.000000,0.000000,-695120.187500,-1383471.625000,1476545.250000,17871.916016,75201.710938,-150494.578125,-75292.867188
ml,worst,446,2026-05-11,1958.118042,10.000000,1985.684814,50.000000,0.000000,0.000000,-0.000000,0.000000,0.000000,1967.485352,50.000000,0.000000,7.000000,-688619.875000,344.309906,0.000000,1986.381714,50.000000,0.000000,7.000000,-695233.625000,347.616791,0.000000,0.000000,92691.687500,18563.843750,74127.843750,-162716.406250,-88588.562500
ml,worst,446,2026-05-12,1945.735229,10.000000,1985.684814,50.000000,0.000000,0.000000,-0.000000,0.000000,0.000000,1946.839966,50.000000,-7.000000,-7.000000,681394.000000,340.696991,-681394.000000,1966.336182,50.000000,-7.000000,-7.000000,688217.687500,344.108826,-688217.687500,-1369611.750000,1462303.375000,19248.648438,73442.976562,-194430.218750,-120987.242188
ml,worst,446,2026-05-13,1929.673096,10.000000,1985.684814,50.000000,0.000000,0.000000,-0.000000,0.000000,0.000000,1917.900269,50.000000,0.000000,7.000000,-671265.062500,335.632538,0.000000,1943.610962,50.000000,0.000000,7.000000,-680263.812500,340.131927,0.000000,0.000000,110774.500000,19924.414062,90850.085938,-239381.921875,-148531.843750
ml,worst,446,2026-05-14,1912.927856,10.000000,1985.684814,50.000000,0.000000,0.000000,-0.000000,0.000000,0.000000,1908.566040,50.000000,-7.000000,-7.000000,667998.125000,333.999084,-667998.125000,1940.907837,50.000000,-7.000000,-7.000000,679317.750000,339.658844,-679317.750000,-1347315.875000,1458090.375000,20598.070312,90176.429688,-283483.187500,-193306.750000
ml,worst,446,2026-05-15,1856.210449,10.000000,1985.684814,50.000000,0.000000,0.000000,-0.000000,0.000000,0.000000,1842.663208,50.000000,0.000000,7.000000,-644932.125000,322.466064,0.000000,1875.107300,50.000000,0.000000,7.000000,-656287.562500,328.143768,0.000000,0.000000,156870.687500,21248.679688,135622.000000,-427009.781250,-291387.781250
ml,worst,446,2026-05-16,1870.690430,10.000000,1985.684814,50.000000,0.000000,0.000000,-0.000000,0.000000,0.000000,1887.101807,50.000000,0.000000,0.000000,-0.000000,0.000000,0.000000,1919.476929,50.000000,0.000000,0.000000,-0.000000,0.000000,0.000000,0.000000,156870.687500,21248.679688,135622.000000,-389960.781250,-254338.781250
ml,worst,446,2026-05-17,1838.255859,10.000000,1985.684814,50.000000,0.000000,0.000000,-0.000000,0.000000,0.000000,1850.926147,50.000000,0.000000,0.000000,-0.000000,0.000000,0.000000,1886.100098,50.000000,0.000000,0.000000,-0.000000,0.000000,0.000000,0.000000,156870.687500,21248.679688,135622.000000,-475651.875000,-340029.875000
ml,worst,446,2026-05-18,1772.887451,10.000000,1985.684814,50.000000,0.000000,0.000000,-0.000000,0.000000,0.000000,1784.851929,50.000000,-7.000000,-7.000000,624698.187500,312.349060,-624698.187500,1817.657837,50.000000,-7.000000,-7.000000,636180.250000,318.090118,-636180.250000,-1260878.500000,1417749.125000,21879.121094,134991.500000,-643764.125000,-508772.625000
ml,worst,446,2026-05-19,1773.945312,10.000000,1985.684814,50.000000,0.000000,0.000000,-0.000000,0.000000,0.000000,1787.697266,50.000000,0.000000,7.000000,-625694.062500,312.846985,0.000000,1814.130859,50.000000,0.000000,7.000000,-634945.812500,317.472931,0.000000,0.000000,157109.250000,22509.441406,134599.812500,-644401.812500,-509802.000000
ml,worst,446,2026-05-20,1772.786011,10.000000,1985.684814,50.000000,0.000000,0.000000,-0.000000,0.000000,0.000000,1779.221558,50.000000,-7.000000,-7.000000,622727.562500,311.363770,-622727.562500,1806.368042,50.000000,-7.000000,-7.000000,632228.812500,316.114380,-632228.812500,-1254956.375000,1412065.625000,23136.917969,133972.328125,-652536.437500,-518564.125000
ml,worst,446,2026-05-21,1753.736328,10.000000,1985.684814,50.000000,0.000000,0.000000,-0.000000,0.000000,0.000000,1790.989868,50.000000,0.000000,7.000000,-626846.437500,313.423218,0.000000,1821.735229,50.000000,0.000000,7.000000,-637607.312500,318.803650,0.000000,0.000000,147611.875000,23769.144531,123842.734375,-702209.625000,-578366.875000
ml,worst,446,2026-05-22,1745.752441,10.000000,1985.684814,50.000000,0.000000,0.000000,-0.000000,0.000000,0.000000,1780.181641,50.000000,-7.000000,-7.000000,623063.562500,311.531738,-623063.562500,1810.379883,50.000000,-7.000000,-7.000000,633632.937500,316.816467,-633632.937500,-1256696.500000,1404308.375000,24397.494141,123214.382812,-719431.062500,-596216.687500
ml,worst,446,2026-05-23,1744.842041,10.000000,1985.684814,50.000000,0.000000,0.000000,-0.000000,0.000000,0.000000,1779.547729,50.000000,-7.000000,0.000000,-0.000000,0.000000,-622841.687500,1808.119873,50.000000,-7.000000,0.000000,-0.000000,0.000000,-632841.937500,-1255683.625000,1404308.375000,24397.494141,124227.257812,-721461.062500,-597233.812500
ml,worst,446,2026-05-24,1717.491943,10.000000,1985.684814,50.000000,0.000000,0.000000,-0.000000,0.000000,0.000000,1752.315308,50.000000,-7.000000,0.000000,-0.000000,0.000000,-613310.375000,1782.272095,50.000000,-7.000000,0.000000,-0.000000,0.000000,-623795.187500,-1237105.500000,1404308.375000,24397.494141,142805.375000,-794762.562500,-651957.187500
ml,worst,446,2026-05-25,1683.895996,10.000000,1985.684814,50.000000,0.000000,0.000000,-0.000000,0.000000,0.000000,1698.541504,50.000000,-7.000000,0.000000,-0.000000,0.000000,-594489.562500,1730.882935,50.000000,-7.000000,0.000000,-0.000000,0.000000,-605809.062500,-1200298.625000,1404308.375000,24397.494141,179612.250000,-880901.062500,-701288.812500
ml,worst,446,2026-05-26,1674.048706,10.000000,1985.684814,50.000000,0.000000,0.000000,-0.000000,0.000000,0.000000,1687.593994,50.000000,0.000000,7.000000,-590657.937500,295.328949,0.000000,1715.364258,50.000000,0.000000,7.000000,-600377.500000,300.188751,0.000000,0.000000,213272.937500,24993.011719,188279.921875,-906349.750000,-718069.812500
ml,worst,446,2026-05-27,1669.073364,10.000000,1985.684814,50.000000,0.000000,0.000000,-0.000000,0.000000,0.000000,1670.024414,50.000000,-7.000000,-7.000000,584508.562500,292.254242,-584508.562500,1692.124268,50.000000,-7.000000,-7.000000,592243.500000,296.121735,-592243.500000,-1176752.000000,1390025.000000,25581.386719,187691.609375,-916702.812500,-729011.187500
ml,worst,446,2026-05-28,1666.176636,10.000000,1985.684814,50.000000,0.000000,0.000000,-0.000000,0.000000,0.000000,1679.142090,50.000000,0.000000,7.000000,-587699.687500,293.849854,0.000000,1699.909058,50.000000,0.000000,7.000000,-594968.187500,297.484070,0.000000,0.000000,207357.125000,26172.722656,181184.406250,-923164.437500,-741980.000000
ml,worst,446,2026-05-29,1653.594116,10.000000,1985.684814,50.000000,0.000000,0.000000,-0.000000,0.000000,0.000000,1670.354126,50.000000,-7.000000,-7.000000,584623.937500,292.311951,-584623.937500,1692.409668,50.000000,-7.000000,-7.000000,592343.375000,296.171692,-592343.375000,-1176967.250000,1384324.500000,26761.205078,180596.046875,-952778.375000,-772182.312500
ml,worst,446,2026-05-30,1595.695312,10.000000,1985.684814,50.000000,0.000000,0.000000,-0.000000,0.000000,0.000000,1578.783813,50.000000,-7.000000,0.000000,-0.000000,0.000000,-552574.312500,1598.632324,50.000000,-7.000000,0.000000,-0.000000,0.000000,-559521.312500,-1112095.625000,1384324.500000,26761.205078,245467.671875,-1101298.125000,-855830.437500
ml,worst,446,2026-05-31,1607.847046,10.000000,1985.684814,50.000000,0.000000,0.000000,-0.000000,0.000000,0.000000,1595.029175,50.000000,-7.000000,0.000000,-0.000000,0.000000,-558260.187500,1616.216797,50.000000,-7.000000,0.000000,-0.000000,0.000000,-565675.875000,-1123936.000000,1384324.500000,26761.205078,233627.296875,-1072969.625000,-839342.312500
ml,worst,446,2026-06-01,1591.098511,10.000000,1985.684814,50.000000,0.000000,0.000000,-0.000000,0.000000,0.000000,1588.484863,50.000000,0.000000,7.000000,-555969.750000,277.984833,0.000000,1607.989258,50.000000,0.000000,7.000000,-562796.250000,281.398102,0.000000,0.000000,265558.437500,27320.587891,238237.843750,-1116779.125000,-878541.250000
ml,worst,446,2026-06-02,1589.180176,10.000000,1985.684814,50.000000,0.000000,0.000000,-0.000000,0.000000,0.000000,1596.113647,50.000000,0.000000,0.000000,-0.000000,0.000000,0.000000,1615.966553,50.000000,-7.000000,-7.000000,565588.250000,282.794128,-565588.250000,-565588.250000,831146.687500,27603.382812,237955.062500,-1122235.750000,-884280.687500
ml,worst,446,2026-06-03,1582.582275,10.000000,1985.684814,50.000000,0.000000,0.000000,-0.000000,0.000000,0.000000,1591.920044,50.000000,0.000000,0.000000,-0.000000,0.000000,0.000000,1610.456299,50.000000,0.000000,7.000000,-563659.687500,281.829834,0.000000,0.000000,267487.000000,27885.210938,239601.781250,-1137600.375000,-897998.625000
ml,worst,446,2026-06-04,1571.437378,10.000000,1985.684814,50.000000,0.000000,0.000000,-0.000000,0.000000,0.000000,1583.195679,50.000000,0.000000,0.000000,-0.000000,0.000000,0.000000,1601.034912,50.000000,-7.000000,-7.000000,560362.187500,280.181091,-560362.187500,-560362.187500,827849.187500,28165.394531,239321.609375,-1165801.250000,-926479.625000
ml,worst,446,2026-06-05,1568.784790,10.000000,1985.684814,50.000000,0.000000,0.000000,-0.000000,0.000000,0.000000,1596.259399,50.000000,0.000000,0.000000,-0.000000,0.000000,0.000000,1613.084473,50.000000,0.000000,7.000000,-564579.562500,282.289764,0.000000,0.000000,263269.625000,28447.683594,234821.937500,-1174527.875000,-939705.937500
ml,worst,446,2026-06-06,1601.534302,10.000000,1985.684814,50.000000,0.000000,0.000000,-0.000000,0.000000,0.000000,1623.113159,50.000000,0.000000,0.000000,-0.000000,0.000000,0.000000,1641.318359,50.000000,0.000000,0.000000,-0.000000,0.000000,0.000000,0.000000,263269.625000,28447.683594,234821.937500,-1095175.125000,-860353.187500
ml,worst,446,2026-06-07,1595.651978,10.000000,1985.684814,50.000000,0.000000,0.000000,-0.000000,0.000000,0.000000,1601.795654,50.000000,0.000000,0.000000,-0.000000,0.000000,0.000000,1620.965576,50.000000,0.000000,0.000000,-0.000000,0.000000,0.000000,0.000000,263269.625000,28447.683594,234821.937500,-1111698.500000,-876876.562500
ml,worst,446,2026-06-08,1590.662354,10.000000,1985.684814,50.000000,0.000000,0.000000,-0.000000,0.000000,0.000000,1581.457275,50.000000,0.000000,0.000000,-0.000000,0.000000,0.000000,1604.400513,50.000000,-7.000000,-7.000000,561540.187500,280.770081,-561540.187500,-561540.187500,824809.812500,28728.453125,234541.171875,-1123461.500000,-888920.312500
ml,worst,446,2026-06-09,1609.198486,10.000000,1985.684814,50.000000,0.000000,0.000000,-0.000000,0.000000,0.000000,1601.137329,50.000000,0.000000,0.000000,-0.000000,0.000000,0.000000,1624.881592,50.000000,0.000000,7.000000,-568708.562500,284.354248,0.000000,0.000000,256101.250000,29012.808594,227088.437500,-1079870.500000,-852782.062500
ml,worst,446,2026-06-10,1607.686035,10.000000,1985.684814,50.000000,0.000000,0.000000,-0.000000,0.000000,0.000000,1616.984985,50.000000,0.000000,0.000000,-0.000000,0.000000,0.000000,1639.491455,50.000000,-7.000000,-7.000000,573822.000000,286.910980,-573822.000000,-573822.000000,829923.250000,29299.718750,226801.531250,-1084599.375000,-857797.875000
ml,worst,446,2026-06-11,1595.231323,10.000000,1985.684814,50.000000,0.000000,0.000000,-0.000000,0.000000,0.000000,1609.290161,50.000000,0.000000,0.000000,-0.000000,0.000000,0.000000,1633.816650,50.000000,0.000000,7.000000,-571835.812500,285.917908,0.000000,0.000000,258087.437500,29585.636719,228501.796875,-1116386.250000,-887884.437500
ml,worst,446,2026-06-12,1585.470703,10.000000,1985.684814,50.000000,0.000000,0.000000,-0.000000,0.000000,0.000000,1596.217529,50.000000,0.000000,0.000000,-0.000000,0.000000,0.000000,1620.217285,50.000000,-7.000000,-7.000000,567076.062500,283.538025,-567076.062500,-567076.062500,825163.500000,29869.173828,228218.265625,-1140559.625000,-912341.375000
ml,worst,446,2026-06-13,1613.744385,10.000000,1985.684814,50.000000,0.000000,0.000000,-0.000000,0.000000,0.000000,1612.792358,50.000000,0.000000,0.000000,-0.000000,0.000000,0.000000,1637.140625,50.000000,-7.000000,0.000000,-0.000000,0.000000,-572999.250000,-572999.250000,825163.500000,29869.173828,222295.078125,-1072151.000000,-849855.937500
ml,worst,446,2026-06-14,1578.712769,10.000000,1985.684814,50.000000,0.000000,0.000000,-0.000000,0.000000,0.000000,1580.545410,50.000000,0.000000,0.000000,-0.000000,0.000000,0.000000,1602.622192,50.000000,-7.000000,0.000000,-0.000000,0.000000,-560917.750000,-560917.750000,825163.500000,29869.173828,234376.578125,-1160055.375000,-925678.812500
ml,worst,446,2026-06-15,1588.038696,10.000000,1985.684814,50.000000,0.000000,0.000000,-0.000000,0.000000,0.000000,1582.597656,50.000000,0.000000,0.000000,-0.000000,0.000000,0.000000,1606.706299,50.000000,0.000000,7.000000,-562347.187500,281.173584,0.000000,0.000000,262816.312500,30150.347656,232665.968750,-1139100.875000,-906434.875000
ml,worst,446,2026-06-16,1589.898804,10.000000,1985.684814,50.000000,0.000000,0.000000,-0.000000,0.000000,0.000000,1612.249512,50.000000,0.000000,0.000000,-0.000000,0.000000,0.000000,1637.927979,50.000000,0.000000,0.000000,-0.000000,0.000000,0.000000,0.000000,262816.312500,30150.347656,232665.968750,-1134049.750000,-901383.750000
ml,worst,446,2026-06-17,1573.462524,10.000000,1985.684814,50.000000,0.000000,0.000000,-0.000000,0.000000,0.000000,1593.717896,50.000000,0.000000,0.000000,-0.000000,0.000000,0.000000,1615.145996,50.000000,-7.000000,-7.000000,565301.062500,282.650543,-565301.062500,-565301.062500,828117.375000,30432.998047,232383.312500,-1176635.875000,-944252.562500
ml,worst,446,2026-06-18,1559.084106,10.000000,1985.684814,50.000000,0.000000,0.000000,-0.000000,0.000000,0.000000,1588.018433,50.000000,0.000000,0.000000,-0.000000,0.000000,0.000000,1606.777466,50.000000,0.000000,7.000000,-562372.125000,281.186066,0.000000,0.000000,265745.250000,30714.183594,235031.062500,-1213379.875000,-978348.812500
ml,worst,446,2026-06-19,1559.356323,10.000000,1985.684814,50.000000,0.000000,0.000000,-0.000000,0.000000,0.000000,1571.229248,50.000000,0.000000,0.000000,-0.000000,0.000000,0.000000,1592.770996,50.000000,0.000000,0.000000,-0.000000,0.000000,0.000000,0.000000,265745.250000,30714.183594,235031.062500,-1213337.750000,-978306.687500
ml,worst,446,2026-06-20,1560.225830,10.000000,1985.684814,50.000000,0.000000,0.000000,-0.000000,0.000000,0.000000,1568.780518,50.000000,0.000000,0.000000,-0.000000,0.000000,0.000000,1589.501831,50.000000,0.000000,0.000000,-0.000000,0.000000,0.000000,0.000000,265745.250000,30714.183594,235031.062500,-1211997.125000,-976966.062500
ml,worst,446,2026-06-21,1533.443848,10.000000,1985.684814,50.000000,0.000000,0.000000,-0.000000,0.000000,0.000000,1533.873901,50.000000,0.000000,0.000000,-0.000000,0.000000,0.000000,1554.591553,50.000000,0.000000,0.000000,-0.000000,0.000000,0.000000,0.000000,265745.250000,30714.183594,235031.062500,-1279720.875000,-1044689.812500
ml,worst,446,2026-06-22,1523.772827,10.000000,1985.684814,50.000000,0.000000,0.000000,-0.000000,0.000000,0.000000,1527.250244,50.000000,0.000000,0.000000,-0.000000,0.000000,0.000000,1547.802246,50.000000,0.000000,0.000000,-0.000000,0.000000,0.000000,0.000000,265745.250000,30714.183594,235031.062500,-1304450.125000,-1069419.000000
ml,worst,446,2026-06-23,1483.378052,10.000000,1985.684814,50.000000,0.000000,0.000000,-0.000000,0.000000,0.000000,1500.954590,50.000000,0.000000,0.000000,-0.000000,0.000000,0.000000,1523.460571,50.000000,-7.000000,-7.000000,533211.187500,266.605591,-533211.187500,-533211.187500,798956.437500,30980.789062,234764.468750,-1406049.875000,-1171285.375000
ml,worst,446,2026-06-24,1454.827148,10.000000,1985.684814,50.000000,0.000000,0.000000,-0.000000,0.000000,0.000000,1457.312744,50.000000,0.000000,0.000000,-0.000000,0.000000,0.000000,1478.464722,50.000000,0.000000,7.000000,-517462.656250,258.731323,0.000000,0.000000,281493.781250,31239.521484,250254.265625,-1477169.500000,-1226915.250000
ml,worst,446,2026-06-25,1477.982544,10.000000,1985.684814,50.000000,0.000000,0.000000,-0.000000,0.000000,0.000000,1465.141235,50.000000,0.000000,0.000000,-0.000000,0.000000,0.000000,1485.105957,50.000000,0.000000,0.000000,-0.000000,0.000000,0.000000,0.000000,281493.781250,31239.521484,250254.265625,-1420685.000000,-1170430.750000
ml,worst,446,2026-06-26,1463.690552,10.000000,1985.684814,50.000000,0.000000,0.000000,-0.000000,0.000000,0.000000,1482.105103,50.000000,0.000000,0.000000,-0.000000,0.000000,0.000000,1501.224731,50.000000,0.000000,0.000000,-0.000000,0.000000,0.000000,0.000000,281493.781250,31239.521484,250254.265625,-1457530.625000,-1207276.375000
ml,worst,446,2026-06-27,1484.017700,10.000000,1985.684814,50.000000,0.000000,0.000000,-0.000000,0.000000,0.000000,1464.380981,50.000000,0.000000,0.000000,-0.000000,0.000000,0.000000,1482.217407,50.000000,0.000000,0.000000,-0.000000,0.000000,0.000000,0.000000,281493.781250,31239.521484,250254.265625,-1407194.500000,-1156940.250000
ml,worst,446,2026-06-28,1475.064209,10.000000,1985.684814,50.000000,0.000000,0.000000,-0.000000,0.000000,0.000000,1457.124512,50.000000,0.000000,0.000000,-0.000000,0.000000,0.000000,1474.108887,50.000000,0.000000,0.000000,-0.000000,0.000000,0.000000,0.000000,281493.781250,31239.521484,250254.265625,-1430903.125000,-1180648.875000
ml,worst,446,2026-06-29,1480.198608,10.000000,1985.684814,50.000000,0.000000,0.000000,-0.000000,0.000000,0.000000,1471.509399,50.000000,0.000000,0.000000,-0.000000,0.000000,0.000000,1488.886841,50.000000,0.000000,0.000000,-0.000000,0.000000,0.000000,0.000000,281493.781250,31239.521484,250254.265625,-1419654.000000,-1169399.750000
ml,worst,446,2026-06-30,1487.299194,10.000000,1985.684814,50.000000,0.000000,0.000000,-0.000000,0.000000,0.000000,1511.918091,50.000000,0.000000,0.000000,-0.000000,0.000000,0.000000,1528.917725,50.000000,0.000000,0.000000,-0.000000,0.000000,0.000000,0.000000,281493.781250,31239.521484,250254.265625,-1402633.250000,-1152379.000000
ml,worst,446,2026-07-01,1478.551392,10.000000,1985.684814,50.000000,0.000000,0.000000,-0.000000,0.000000,0.000000,1504.648071,50.000000,0.000000,0.000000,-0.000000,0.000000,0.000000,1521.911011,50.000000,0.000000,0.000000,-0.000000,0.000000,0.000000,0.000000,281493.781250,31239.521484,250254.265625,-1425321.500000,-1175067.250000
ml,worst,446,2026-07-02,1472.780762,10.000000,1985.684814,50.000000,0.000000,0.000000,-0.000000,0.000000,0.000000,1477.668701,50.000000,0.000000,0.000000,-0.000000,0.000000,0.000000,1495.019775,50.000000,0.000000,0.000000,-0.000000,0.000000,0.000000,0.000000,281493.781250,31239.521484,250254.265625,-1440832.000000,-1190577.750000
ml,worst,446,2026-07-03,1471.006470,10.000000,1985.684814,50.000000,0.000000,0.000000,-0.000000,0.000000,0.000000,1495.637817,50.000000,0.000000,0.000000,-0.000000,0.000000,0.000000,1513.920898,50.000000,0.000000,0.000000,-0.000000,0.000000,0.000000,0.000000,281493.781250,31239.521484,250254.265625,-1445064.750000,-1194810.500000
ml,worst,446,2026-07-04,1463.272583,10.000000,1985.684814,50.000000,0.000000,0.000000,-0.000000,0.000000,0.000000,1463.477661,50.000000,0.000000,0.000000,-0.000000,0.000000,0.000000,1479.941528,50.000000,0.000000,0.000000,-0.000000,0.000000,0.000000,0.000000,281493.781250,31239.521484,250254.265625,-1462377.125000,-1212122.875000
ml,worst,446,2026-07-05,1471.470215,10.000000,1985.684814,50.000000,0.000000,0.000000,-0.000000,0.000000,0.000000,1509.495239,50.000000,0.000000,0.000000,-0.000000,0.000000,0.000000,1526.975464,50.000000,0.000000,0.000000,-0.000000,0.000000,0.000000,0.000000,281493.781250,31239.521484,250254.265625,-1445755.000000,-1195500.750000
ml,worst,446,2026-07-06,1450.302124,10.000000,1985.684814,50.000000,0.000000,0.000000,-0.000000,0.000000,0.000000,1453.425781,50.000000,0.000000,0.000000,-0.000000,0.000000,0.000000,1469.817505,50.000000,0.000000,0.000000,-0.000000,0.000000,0.000000,0.000000,281493.781250,31239.521484,250254.265625,-1492093.625000,-1241839.375000
ml,worst,446,2026-07-07,1443.382446,10.000000,1985.684814,50.000000,0.000000,0.000000,-0.000000,0.000000,0.000000,1441.338989,50.000000,0.000000,0.000000,-0.000000,0.000000,0.000000,1459.588501,50.000000,0.000000,0.000000,-0.000000,0.000000,0.000000,0.000000,281493.781250,31239.521484,250254.265625,-1507141.875000,-1256887.625000
ml,worst,446,2026-07-08,1449.331421,10.000000,1985.684814,50.000000,0.000000,0.000000,-0.000000,0.000000,0.000000,1441.420044,50.000000,0.000000,0.000000,-0.000000,0.000000,0.000000,1459.952026,50.000000,0.000000,0.000000,-0.000000,0.000000,0.000000,0.000000,281493.781250,31239.521484,250254.265625,-1496226.125000,-1245971.875000
ml,worst,446,2026-07-09,1453.371704,10.000000,1985.684814,50.000000,0.000000,0.000000,-0.000000,0.000000,0.000000,1449.701294,50.000000,0.000000,0.000000,-0.000000,0.000000,0.000000,1468.380127,50.000000,0.000000,0.000000,-0.000000,0.000000,0.000000,0.000000,281493.781250,31239.521484,250254.265625,-1489364.375000,-1239110.125000
ml,worst,446,2026-07-10,1463.782715,10.000000,1985.684814,50.000000,0.000000,0.000000,-0.000000,0.000000,0.000000,1477.021240,50.000000,0.000000,0.000000,-0.000000,0.000000,0.000000,1496.340698,50.000000,0.000000,0.000000,-0.000000,0.000000,0.000000,0.000000,281493.781250,31239.521484,250254.265625,-1471684.375000,-1221430.125000
ml,worst,446,2026-07-11,1466.640991,10.000000,1985.684814,50.000000,0.000000,0.000000,-0.000000,0.000000,0.000000,1467.968872,50.000000,0.000000,0.000000,-0.000000,0.000000,0.000000,1485.698242,50.000000,0.000000,0.000000,-0.000000,0.000000,0.000000,0.000000,281493.781250,31239.521484,250254.265625,-1468158.125000,-1217903.875000
ml,worst,446,2026-07-12,1466.194824,10.000000,1985.684814,50.000000,0.000000,0.000000,-0.000000,0.000000,0.000000,1488.473999,50.000000,0.000000,0.000000,-0.000000,0.000000,0.000000,1507.211304,50.000000,0.000000,0.000000,-0.000000,0.000000,0.000000,0.000000,281493.781250,31239.521484,250254.265625,-1469792.375000,-1219538.125000
ml,worst,446,2026-07-13,1457.521851,10.000000,1985.684814,50.000000,0.000000,0.000000,-0.000000,0.000000,0.000000,1471.545288,50.000000,0.000000,0.000000,-0.000000,0.000000,0.000000,1490.639038,50.000000,0.000000,0.000000,-0.000000,0.000000,0.000000,0.000000,281493.781250,31239.521484,250254.265625,-1484435.125000,-1234180.875000
ml,worst,446,2026-07-14,1451.068604,10.000000,1985.684814,50.000000,0.000000,0.000000,-0.000000,0.000000,0.000000,1459.391602,50.000000,0.000000,0.000000,-0.000000,0.000000,0.000000,1477.455933,50.000000,0.000000,0.000000,-0.000000,0.000000,0.000000,0.000000,281493.781250,31239.521484,250254.265625,-1495006.625000,-1244752.375000
ml,worst,446,2026-07-15,1445.439697,10.000000,1985.684814,50.000000,0.000000,0.000000,-0.000000,0.000000,0.000000,1424.741943,50.000000,0.000000,0.000000,-0.000000,0.000000,0.000000,1440.768555,50.000000,0.000000,0.000000,-0.000000,0.000000,0.000000,0.000000,281493.781250,31239.521484,250254.265625,-1503242.625000,-1252988.375000
ml,worst,446,2026-07-16,1463.493042,10.000000,1985.684814,50.000000,0.000000,0.000000,-0.000000,0.000000,0.000000,1464.862427,50.000000,0.000000,0.000000,-0.000000,0.000000,0.000000,1481.228149,50.000000,0.000000,0.000000,-0.000000,0.000000,0.000000,0.000000,281493.781250,31239.521484,250254.265625,-1480162.750000,-1229908.500000
ml,worst,446,2026-07-17,1451.712891,10.000000,1985.684814,50.000000,0.000000,0.000000,-0.000000,0.000000,0.000000,1445.771606,50.000000,0.000000,0.000000,-0.000000,0.000000,0.000000,1463.442871,50.000000,0.000000,0.000000,-0.000000,0.000000,0.000000,0.000000,281493.781250,31239.521484,250254.265625,-1494712.000000,-1244457.750000
ml,worst,446,2026-07-18,1398.978149,10.000000,1985.684814,50.000000,0.000000,0.000000,-0.000000,0.000000,0.000000,1383.564331,50.000000,0.000000,0.000000,-0.000000,0.000000,0.000000,1400.266235,50.000000,0.000000,0.000000,-0.000000,0.000000,0.000000,0.000000,281493.781250,31239.521484,250254.265625,-1552383.125000,-1302128.875000
ml,worst,446,2026-07-19,1392.361084,10.000000,1985.684814,50.000000,0.000000,0.000000,-0.000000,0.000000,0.000000,1378.790161,50.000000,0.000000,0.000000,-0.000000,0.000000,0.000000,1394.559692,50.000000,0.000000,0.000000,-0.000000,0.000000,0.000000,0.000000,281493.781250,31239.521484,250254.265625,-1559866.750000,-1309612.500000
ml,worst,446,2026-07-20,1391.285156,10.000000,1985.684814,50.000000,0.000000,0.000000,-0.000000,0.000000,0.000000,1380.262573,50.000000,0.000000,0.000000,-0.000000,0.000000,0.000000,1396.165771,50.000000,0.000000,0.000000,-0.000000,0.000000,0.000000,0.000000,281493.781250,31239.521484,250254.265625,-1561389.250000,-1311135.000000
ml,worst,446,2026-07-21,1410.843018,10.000000,1985.684814,50.000000,0.000000,0.000000,-0.000000,0.000000,0.000000,1409.015747,50.000000,0.000000,0.000000,-0.000000,0.000000,0.000000,1424.636719,50.000000,0.000000,0.000000,-0.000000,0.000000,0.000000,0.000000,281493.781250,31239.521484,250254.265625,-1542571.250000,-1292317.000000
ml,worst,446,2026-07-22,1380.406250,10.000000,1985.684814,50.000000,0.000000,0.000000,-0.000000,0.000000,0.000000,1372.989136,50.000000,0.000000,0.000000,-0.000000,0.000000,0.000000,1389.134766,50.000000,0.000000,0.000000,-0.000000,0.000000,0.000000,0.000000,281493.781250,31239.521484,250254.265625,-1569431.375000,-1319177.125000
ml,worst,446,2026-07-23,1386.020386,10.000000,1985.684814,50.000000,0.000000,0.000000,-0.000000,0.000000,0.000000,1365.367310,50.000000,0.000000,0.000000,-0.000000,0.000000,0.000000,1382.739746,50.000000,0.000000,0.000000,-0.000000,0.000000,0.000000,0.000000,281493.781250,31239.521484,250254.265625,-1565572.750000,-1315318.500000
ml,worst,446,2026-07-24,1360.941895,10.000000,1985.684814,50.000000,0.000000,0.000000,-0.000000,0.000000,0.000000,1345.547119,50.000000,0.000000,0.000000,-0.000000,0.000000,0.000000,1362.588379,50.000000,0.000000,0.000000,-0.000000,0.000000,0.000000,0.000000,281493.781250,31239.521484,250254.265625,-1582178.875000,-1331924.625000
ml,worst,446,2026-07-25,1365.087891,10.000000,1985.684814,50.000000,0.000000,0.000000,-0.000000,0.000000,0.000000,1367.981934,50.000000,0.000000,0.000000,-0.000000,0.000000,0.000000,1383.395386,50.000000,0.000000,0.000000,-0.000000,0.000000,0.000000,0.000000,281493.781250,31239.521484,250254.265625,-1580236.375000,-1329982.125000
ml,worst,446,2026-07-26,1363.111816,10.000000,1985.684814,50.000000,0.000000,0.000000,-0.000000,0.000000,0.000000,1355.755127,50.000000,0.000000,0.000000,-0.000000,0.000000,0.000000,1370.804565,50.000000,0.000000,0.000000,-0.000000,0.000000,0.000000,0.000000,281493.781250,31239.521484,250254.265625,-1581611.750000,-1331357.500000
ml,worst,446,2026-07-27,1377.220215,10.000000,1985.684814,50.000000,0.000000,0.000000,-0.000000,0.000000,0.000000,1363.392212,50.000000,0.000000,0.000000,-0.000000,0.000000,0.000000,1378.551270,50.000000,0.000000,0.000000,-0.000000,0.000000,0.000000,0.000000,281493.781250,31239.521484,250254.265625,-1574258.250000,-1324004.000000
ml,worst,446,2026-07-28,1383.942139,10.000000,1985.684814,50.000000,0.000000,0.000000,-0.000000,0.000000,0.000000,1358.958984,50.000000,0.000000,0.000000,-0.000000,0.000000,0.000000,1373.895264,50.000000,0.000000,0.000000,-0.000000,0.000000,0.000000,0.000000,281493.781250,31239.521484,250254.265625,-1571591.000000,-1321336.750000
ml,worst,446,2026-07-29,1388.698975,10.000000,1985.684814,50.000000,0.000000,0.000000,-0.000000,0.000000,0.000000,1390.429688,50.000000,0.000000,0.000000,-0.000000,0.000000,0.000000,1406.367798,50.000000,0.000000,0.000000,-0.000000,0.000000,0.000000,0.000000,281493.781250,31239.521484,250254.265625,-1570283.625000,-1320029.375000
ml,worst,446,2026-07-30,1388.898315,10.000000,1985.684814,50.000000,0.000000,0.000000,-0.000000,0.000000,0.000000,1390.429688,50.000000,0.000000,0.000000,-0.000000,0.000000,0.000000,1389.247925,50.000000,0.000000,0.000000,-0.000000,0.000000,0.000000,0.000000,281493.781250,31239.521484,250254.265625,-1570439.125000,-1320184.875000
ml,worst,446,2026-07-31,1394.275757,10.000000,1985.684814,50.000000,0.000000,0.000000,-0.000000,0.000000,0.000000,1390.429688,50.000000,0.000000,0.000000,-0.000000,0.000000,0.000000,1409.433838,50.000000,0.000000,0.000000,-0.000000,0.000000,0.000000,0.000000,281493.781250,31239.521484,250254.265625,-1570017.875000,-1319763.625000
ml,worst,446,2026-08-01,1400.928101,10.000000,1985.684814,50.000000,0.000000,0.000000,-0.000000,0.000000,0.000000,1390.429688,50.000000,0.000000,0.000000,-0.000000,0.000000,0.000000,1423.590698,50.000000,0.000000,0.000000,-0.000000,0.000000,0.000000,0.000000,281493.781250,31239.521484,250254.265625,-1570149.500000,-1319895.250000
ml,worst,446,2026-08-02,1403.621460,10.000000,1985.684814,50.000000,0.000000,0.000000,-0.000000,0.000000,0.000000,1390.429688,50.000000,0.000000,0.000000,-0.000000,0.000000,0.000000,1406.598633,50.000000,0.000000,0.000000,-0.000000,0.000000,0.000000,0.000000,281493.781250,31239.521484,250254.265625,-1570285.125000,-1320030.875000
ml,worst,446,2026-08-03,1392.395630,10.000000,1985.684814,50.000000,0.000000,0.000000,-0.000000,0.000000,0.000000,1390.429688,50.000000,0.000000,0.000000,-0.000000,0.000000,0.000000,1411.870728,50.000000,0.000000,0.000000,-0.000000,0.000000,0.000000,0.000000,281493.781250,31239.521484,250254.265625,-1570438.875000,-1320184.625000
ml,worst,446,2026-08-04,1386.341064,10.000000,1985.684814,50.000000,0.000000,0.000000,-0.000000,0.000000,0.000000,1390.429688,50.000000,0.000000,0.000000,-0.000000,0.000000,0.000000,1409.094116,50.000000,0.000000,0.000000,-0.000000,0.000000,0.000000,0.000000,281493.781250,31239.521484,250254.265625,-1570582.875000,-1320328.625000
ml,worst,446,2026-08-05,1398.231934,10.000000,1985.684814,50.000000,0.000000,0.000000,-0.000000,0.000000,0.000000,1390.429688,50.000000,0.000000,0.000000,-0.000000,0.000000,0.000000,1418.608032,50.000000,0.000000,0.000000,-0.000000,0.000000,0.000000,0.000000,281493.781250,31239.521484,250254.265625,-1570730.625000,-1320476.375000
ml,worst,446,2026-08-06,1402.000000,10.000000,1985.684814,50.000000,0.000000,0.000000,-0.000000,0.000000,0.000000,1390.429688,50.000000,0.000000,0.000000,-0.000000,0.000000,0.000000,1418.407837,50.000000,0.000000,0.000000,-0.000000,0.000000,0.000000,0.000000,281493.781250,31239.521484,250254.265625,-1570730.625000,-1320476.375000
ml,worst,446,2026-08-07,1400.492065,10.000000,1985.684814,50.000000,0.000000,0.000000,-0.000000,0.000000,0.000000,1390.429688,50.000000,0.000000,0.000000,-0.000000,0.000000,0.000000,1421.881470,50.000000,0.000000,0.000000,-0.000000,0.000000,0.000000,0.000000,281493.781250,31239.521484,250254.265625,-1570730.625000,-1320476.375000
ml,worst,446,2026-08-08,1402.280151,10.000000,1985.684814,50.000000,0.000000,0.000000,-0.000000,0.000000,0.000000,1390.429688,50.000000,0.000000,0.000000,-0.000000,0.000000,0.000000,1409.749390,50.000000,0.000000,0.000000,-0.000000,0.000000,0.000000,0.000000,281493.781250,31239.521484,250254.265625,-1570730.625000,-1320476.375000
ml,worst,446,2026-08-09,1398.588013,10.000000,1985.684814,50.000000,0.000000,0.000000,-0.000000,0.000000,0.000000,1390.429688,50.000000,0.000000,0.000000,-0.000000,0.000000,0.000000,1420.446777,50.000000,0.000000,0.000000,-0.000000,0.000000,0.000000,0.000000,281493.781250,31239.521484,250254.265625,-1570730.625000,-1320476.375000
ml,worst,446,2026-08-10,1384.629150,10.000000,1985.684814,50.000000,0.000000,0.000000,-0.000000,0.000000,0.000000,1390.429688,50.000000,0.000000,0.000000,-0.000000,0.000000,0.000000,1398.073853,50.000000,0.000000,0.000000,-0.000000,0.000000,0.000000,0.000000,281493.781250,31239.521484,250254.265625,-1570730.625000,-1320476.375000
ml,worst,446,2026-08-11,1384.641113,10.000000,1985.684814,50.000000,0.000000,0.000000,-0.000000,0.000000,0.000000,1390.429688,50.000000,0.000000,0.000000,-0.000000,0.000000,0.000000,1403.231689,50.000000,0.000000,0.000000,-0.000000,0.000000,0.000000,0.000000,281493.781250,31239.521484,250254.265625,-1570730.625000,-1320476.375000
ml,worst,446,2026-08-12,1386.547241,10.000000,1985.684814,50.000000,0.000000,0.000000,-0.000000,0.000000,0.000000,1390.429688,50.000000,0.000000,0.000000,-0.000000,0.000000,0.000000,1395.033203,50.000000,0.000000,0.000000,-0.000000,0.000000,0.000000,0.000000,281493.781250,31239.521484,250254.265625,-1570730.625000,-1320476.375000
ml,worst,446,2026-08-13,1380.225952,10.000000,1985.684814,50.000000,0.000000,0.000000,-0.000000,0.000000,0.000000,1390.429688,50.000000,0.000000,0.000000,-0.000000,0.000000,0.000000,1364.478271,50.000000,0.000000,0.000000,-0.000000,0.000000,0.000000,0.000000,281493.781250,31239.521484,250254.265625,-1570730.625000,-1320476.375000
ml,worst,446,2026-08-14,1385.009521,10.000000,1985.684814,50.000000,0.000000,0.000000,-0.000000,0.000000,0.000000,1390.429688,50.000000,0.000000,0.000000,-0.000000,0.000000,0.000000,1346.328369,50.000000,0.000000,0.000000,-0.000000,0.000000,0.000000,0.000000,281493.781250,31239.521484,250254.265625,-1570730.625000,-1320476.375000
ml,worst,446,2026-08-15,1388.085938,10.000000,1985.684814,50.000000,0.000000,0.000000,-0.000000,0.000000,0.000000,1390.429688,50.000000,0.000000,0.000000,-0.000000,0.000000,0.000000,1380.852661,50.000000,0.000000,0.000000,-0.000000,0.000000,0.000000,0.000000,281493.781250,31239.521484,250254.265625,-1570730.625000,-1320476.375000
ml,worst,446,2026-08-16,1380.656372,10.000000,1985.684814,50.000000,0.000000,0.000000,-0.000000,0.000000,0.000000,1390.429688,50.000000,0.000000,0.000000,-0.000000,0.000000,0.000000,1368.874146,50.000000,0.000000,0.000000,-0.000000,0.000000,0.000000,0.000000,281493.781250,31239.521484,250254.265625,-1570730.625000,-1320476.375000
ml,worst,446,2026-08-17,1379.740234,10.000000,1985.684814,50.000000,0.000000,0.000000,-0.000000,0.000000,0.000000,1390.429688,50.000000,0.000000,0.000000,-0.000000,0.000000,0.000000,1379.291382,50.000000,0.000000,0.000000,-0.000000,0.000000,0.000000,0.000000,281493.781250,31239.521484,250254.265625,-1570730.625000,-1320476.375000
ml,worst,446,2026-08-18,1381.538208,10.000000,1985.684814,50.000000,0.000000,0.000000,-0.000000,0.000000,0.000000,1390.429688,50.000000,0.000000,0.000000,-0.000000,0.000000,0.000000,1397.949707,50.000000,0.000000,0.000000,-0.000000,0.000000,0.000000,0.000000,281493.781250,31239.521484,250254.265625,-1570730.625000,-1320476.375000
ml,worst,446,2026-08-19,1394.733276,10.000000,1985.684814,50.000000,0.000000,0.000000,-0.000000,0.000000,0.000000,1390.429688,50.000000,0.000000,0.000000,-0.000000,0.000000,0.000000,1407.303223,50.000000,0.000000,0.000000,-0.000000,0.000000,0.000000,0.000000,281493.781250,31239.521484,250254.265625,-1570730.625000,-1320476.375000
ml,worst,446,2026-08-20,1390.523193,10.000000,1985.684814,50.000000,0.000000,0.000000,-0.000000,0.000000,0.000000,1390.429688,50.000000,0.000000,0.000000,-0.000000,0.000000,0.000000,1400.023804,50.000000,0.000000,0.000000,-0.000000,0.000000,0.000000,0.000000,281493.781250,31239.521484,250254.265625,-1570730.625000,-1320476.375000
ml,worst,446,2026-08-21,1421.842407,10.000000,1985.684814,50.000000,0.000000,0.000000,-0.000000,0.000000,0.000000,1390.429688,50.000000,0.000000,0.000000,-0.000000,0.000000,0.000000,1439.679443,50.000000,0.000000,0.000000,-0.000000,0.000000,0.000000,0.000000,281493.781250,31239.521484,250254.265625,-1570730.625000,-1320476.375000
ml,worst,446,2026-08-22,1421.105835,10.000000,1985.684814,50.000000,0.000000,0.000000,-0.000000,0.000000,0.000000,1390.429688,50.000000,0.000000,0.000000,-0.000000,0.000000,0.000000,1440.990234,50.000000,0.000000,0.000000,-0.000000,0.000000,0.000000,0.000000,281493.781250,31239.521484,250254.265625,-1570730.625000,-1320476.375000
ml,worst,446,2026-08-23,1430.756714,10.000000,1985.684814,50.000000,0.000000,0.000000,-0.000000,0.000000,0.000000,1390.429688,50.000000,0.000000,0.000000,-0.000000,0.000000,0.000000,1431.958374,50.000000,0.000000,0.000000,-0.000000,0.000000,0.000000,0.000000,281493.781250,31239.521484,250254.265625,-1570730.625000,-1320476.375000
ml,worst,446,2026-08-24,1422.804199,10.000000,1985.684814,50.000000,0.000000,0.000000,-0.000000,0.000000,0.000000,1390.429688,50.000000,0.000000,0.000000,-0.000000,0.000000,0.000000,1426.546265,50.000000,0.000000,0.000000,-0.000000,0.000000,0.000000,0.000000,281493.781250,31239.521484,250254.265625,-1570730.625000,-1320476.375000
ml,worst,446,2026-08-25,1417.391846,10.000000,1985.684814,50.000000,0.000000,0.000000,-0.000000,0.000000,0.000000,1390.429688,50.000000,0.000000,0.000000,-0.000000,0.000000,0.000000,1436.274902,50.000000,0.000000,0.000000,-0.000000,0.000000,0.000000,0.000000,281493.781250,31239.521484,250254.265625,-1570730.625000,-1320476.375000
ml,worst,446,2026-08-26,1413.775879,10.000000,1985.684814,50.000000,0.000000,0.000000,-0.000000,0.000000,0.000000,1390.429688,50.000000,0.000000,0.000000,-0.000000,0.000000,0.000000,1428.239624,50.000000,0.000000,0.000000,-0.000000,0.000000,0.000000,0.000000,281493.781250,31239.521484,250254.265625,-1570730.625000,-1320476.375000
ml,worst,446,2026-08-27,1414.389404,10.000000,1985.684814,50.000000,0.000000,0.000000,-0.000000,0.000000,0.000000,1390.429688,50.000000,0.000000,0.000000,-0.000000,0.000000,0.000000,1425.507080,50.000000,0.000000,0.000000,-0.000000,0.000000,0.000000,0.000000,281493.781250,31239.521484,250254.265625,-1570730.625000,-1320476.375000
ml,worst,446,2026-08-28,1429.147583,10.000000,1985.684814,50.000000,0.000000,0.000000,-0.000000,0.000000,0.000000,1390.429688,50.000000,0.000000,0.000000,-0.000000,0.000000,0.000000,1442.224731,50.000000,0.000000,0.000000,-0.000000,0.000000,0.000000,0.000000,281493.781250,31239.521484,250254.265625,-1570730.625000,-1320476.375000
ml,worst,446,2026-08-29,1445.161255,10.000000,1985.684814,50.000000,0.000000,0.000000,-0.000000,0.000000,0.000000,1390.429688,50.000000,0.000000,0.000000,-0.000000,0.000000,0.000000,1449.421143,50.000000,0.000000,0.000000,-0.000000,0.000000,0.000000,0.000000,281493.781250,31239.521484,250254.265625,-1570730.625000,-1320476.375000
ml,worst,446,2026-08-30,1434.613892,10.000000,1985.684814,50.000000,0.000000,0.000000,-0.000000,0.000000,0.000000,1390.429688,50.000000,0.000000,0.000000,-0.000000,0.000000,0.000000,1433.421997,50.000000,0.000000,0.000000,-0.000000,0.000000,0.000000,0.000000,281493.781250,31239.521484,250254.265625,-1570730.625000,-1320476.375000
ml,worst,446,2026-08-31,1452.352051,10.000000,1985.684814,50.000000,0.000000,0.000000,-0.000000,0.000000,0.000000,1390.429688,50.000000,0.000000,0.000000,-0.000000,0.000000,0.000000,1463.537964,50.000000,0.000000,0.000000,-0.000000,0.000000,0.000000,0.000000,281493.781250,31239.521484,250254.265625,-1570730.625000,-1320476.375000
ml,worst,446,2026-09-01,1463.023438,10.000000,1985.684814,50.000000,0.000000,0.000000,-0.000000,0.000000,0.000000,1390.429688,50.000000,0.000000,0.000000,-0.000000,0.000000,0.000000,1481.647461,50.000000,0.000000,0.000000,-0.000000,0.000000,0.000000,0.000000,281493.781250,31239.521484,250254.265625,-1570730.625000,-1320476.375000
ml,worst,446,2026-09-02,1476.731445,10.000000,1985.684814,50.000000,0.000000,0.000000,-0.000000,0.000000,0.000000,1390.429688,50.000000,0.000000,0.000000,-0.000000,0.000000,0.000000,1499.226807,50.000000,0.000000,0.000000,-0.000000,0.000000,0.000000,0.000000,281493.781250,31239.521484,250254.265625,-1570730.625000,-1320476.375000
ml,worst,446,2026-09-03,1472.031006,10.000000,1985.684814,50.000000,0.000000,0.000000,-0.000000,0.000000,0.000000,1390.429688,50.000000,0.000000,0.000000,-0.000000,0.000000,0.000000,1475.636353,50.000000,0.000000,0.000000,-0.000000,0.000000,0.000000,0.000000,281493.781250,31239.521484,250254.265625,-1570730.625000,-1320476.375000
ml,worst,446,2026-09-04,1488.444214,10.000000,1985.684814,50.000000,0.000000,0.000000,-0.000000,0.000000,0.000000,1390.429688,50.000000,0.000000,0.000000,-0.000000,0.000000,0.000000,1502.971436,50.000000,0.000000,0.000000,-0.000000,0.000000,0.000000,0.000000,281493.781250,31239.521484,250254.265625,-1570730.625000,-1320476.375000
ml,worst,446,2026-09-05,1498.283813,10.000000,1985.684814,50.000000,0.000000,0.000000,-0.000000,0.000000,0.000000,1390.429688,50.000000,0.000000,0.000000,-0.000000,0.000000,0.000000,1506.488159,50.000000,0.000000,0.000000,-0.000000,0.000000,0.000000,0.000000,281493.781250,31239.521484,250254.265625,-1570730.625000,-1320476.375000
ml,worst,446,2026-09-06,1471.884277,10.000000,1985.684814,50.000000,0.000000,0.000000,-0.000000,0.000000,0.000000,1390.429688,50.000000,0.000000,0.000000,-0.000000,0.000000,0.000000,1484.521729,50.000000,0.000000,0.000000,-0.000000,0.000000,0.000000,0.000000,281493.781250,31239.521484,250254.265625,-1570730.625000,-1320476.375000
ml,worst,446,2026-09-07,1468.270020,10.000000,1985.684814,50.000000,0.000000,0.000000,-0.000000,0.000000,0.000000,1390.429688,50.000000,0.000000,0.000000,-0.000000,0.000000,0.000000,1469.876831,50.000000,0.000000,0.000000,-0.000000,0.000000,0.000000,0.000000,281493.781250,31239.521484,250254.265625,-1570730.625000,-1320476.375000
ml,worst,446,2026-09-08,1458.836060,10.000000,1985.684814,50.000000,0.000000,0.000000,-0.000000,0.000000,0.000000,1390.429688,50.000000,0.000000,0.000000,-0.000000,0.000000,0.000000,1453.789551,50.000000,0.000000,0.000000,-0.000000,0.000000,0.000000,0.000000,281493.781250,31239.521484,250254.265625,-1570730.625000,-1320476.375000
ml,worst,446,2026-09-09,1461.736206,10.000000,1985.684814,50.000000,0.000000,0.000000,-0.000000,0.000000,0.000000,1390.429688,50.000000,0.000000,0.000000,-0.000000,0.000000,0.000000,1459.846069,50.000000,0.000000,0.000000,-0.000000,0.000000,0.000000,0.000000,281493.781250,31239.521484,250254.265625,-1570730.625000,-1320476.375000
ml,worst,446,2026-09-10,1479.461182,10.000000,1985.684814,50.000000,0.000000,0.000000,-0.000000,0.000000,0.000000,1390.429688,50.000000,0.000000,0.000000,-0.000000,0.000000,0.000000,1476.814209,50.000000,0.000000,0.000000,-0.000000,0.000000,0.000000,0.000000,281493.781250,31239.521484,250254.265625,-1570730.625000,-1320476.375000
ml,worst,446,2026-09-11,1494.014038,10.000000,1985.684814,50.000000,0.000000,0.000000,-0.000000,0.000000,0.000000,1390.429688,50.000000,0.000000,0.000000,-0.000000,0.000000,0.000000,1507.555786,50.000000,0.000000,0.000000,-0.000000,0.000000,0.000000,0.000000,281493.781250,31239.521484,250254.265625,-1570730.625000,-1320476.375000
ml,worst,446,2026-09-12,1480.939209,10.000000,1985.684814,50.000000,0.000000,0.000000,-0.000000,0.000000,0.000000,1390.429688,50.000000,0.000000,0.000000,-0.000000,0.000000,0.000000,1485.485962,50.000000,0.000000,0.000000,-0.000000,0.000000,0.000000,0.000000,281493.781250,31239.521484,250254.265625,-1570730.625000,-1320476.375000
ml,worst,446,2026-09-13,1507.283325,10.000000,1985.684814,50.000000,0.000000,0.000000,-0.000000,0.000000,0.000000,1390.429688,50.000000,0.000000,0.000000,-0.000000,0.000000,0.000000,1557.377075,50.000000,0.000000,0.000000,-0.000000,0.000000,0.000000,0.000000,281493.781250,31239.521484,250254.265625,-1570730.625000,-1320476.375000
ml,worst,446,2026-09-14,1547.578369,10.000000,1985.684814,50.000000,0.000000,0.000000,-0.000000,0.000000,0.000000,1390.429688,50.000000,0.000000,0.000000,-0.000000,0.000000,0.000000,1577.185181,50.000000,0.000000,0.000000,-0.000000,0.000000,0.000000,0.000000,281493.781250,31239.521484,250254.265625,-1570730.625000,-1320476.375000
ml,worst,446,2026-09-15,1542.538330,10.000000,1985.684814,50.000000,0.000000,0.000000,-0.000000,0.000000,0.000000,1390.429688,50.000000,0.000000,0.000000,-0.000000,0.000000,0.000000,1566.292236,50.000000,0.000000,0.000000,-0.000000,0.000000,0.000000,0.000000,281493.781250,31239.521484,250254.265625,-1570730.625000,-1320476.375000
ml,worst,446,2026-09-16,1550.644653,10.000000,1985.684814,50.000000,0.000000,0.000000,-0.000000,0.000000,0.000000,1390.429688,50.000000,0.000000,0.000000,-0.000000,0.000000,0.000000,1583.219116,50.000000,0.000000,0.000000,-0.000000,0.000000,0.000000,0.000000,281493.781250,31239.521484,250254.265625,-1570730.625000,-1320476.375000
ml,worst,446,2026-09-17,1547.292847,10.000000,1985.684814,50.000000,0.000000,0.000000,-0.000000,0.000000,0.000000,1390.429688,50.000000,0.000000,0.000000,-0.000000,0.000000,0.000000,1566.408203,50.000000,0.000000,0.000000,-0.000000,0.000000,0.000000,0.000000,281493.781250,31239.521484,250254.265625,-1570730.625000,-1320476.375000
ml,worst,446,2026-09-18,1572.317993,10.000000,1985.684814,50.000000,0.000000,0.000000,-0.000000,0.000000,0.000000,1390.429688,50.000000,0.000000,0.000000,-0.000000,0.000000,0.000000,1585.986572,50.000000,0.000000,0.000000,-0.000000,0.000000,0.000000,0.000000,281493.781250,31239.521484,250254.265625,-1570730.625000,-1320476.375000
ml,worst,446,2026-09-19,1561.686157,10.000000,1985.684814,50.000000,0.000000,0.000000,-0.000000,0.000000,0.000000,1390.429688,50.000000,0.000000,0.000000,-0.000000,0.000000,0.000000,1584.860229,50.000000,0.000000,0.000000,-0.000000,0.000000,0.000000,0.000000,281493.781250,31239.521484,250254.265625,-1570730.625000,-1320476.375000
ml,worst,446,2026-09-20,1612.567627,10.000000,1985.684814,50.000000,0.000000,0.000000,-0.000000,0.000000,0.000000,1390.429688,50.000000,0.000000,0.000000,-0.000000,0.000000,0.000000,1656.551270,50.000000,0.000000,0.000000,-0.000000,0.000000,0.000000,0.000000,281493.781250,31239.521484,250254.265625,-1570730.625000,-1320476.375000
ml,worst,446,2026-09-21,1598.455078,10.000000,1985.684814,50.000000,0.000000,0.000000,-0.000000,0.000000,0.000000,1390.429688,50.000000,0.000000,0.000000,-0.000000,0.000000,0.000000,1617.864746,50.000000,0.000000,0.000000,-0.000000,0.000000,0.000000,0.000000,281493.781250,31239.521484,250254.265625,-1570730.625000,-1320476.375000
ml,worst,446,2026-09-22,1613.342041,10.000000,1985.684814,50.000000,0.000000,0.000000,-0.000000,0.000000,0.000000,1390.429688,50.000000,0.000000,0.000000,-0.000000,0.000000,0.000000,1624.305420,50.000000,0.000000,0.000000,-0.000000,0.000000,0.000000,0.000000,281493.781250,31239.521484,250254.265625,-1570730.625000,-1320476.375000
ml,worst,446,2026-09-23,1616.020630,10.000000,1985.684814,50.000000,0.000000,0.000000,-0.000000,0.000000,0.000000,1390.429688,50.000000,0.000000,0.000000,-0.000000,0.000000,0.000000,1620.562500,50.000000,0.000000,0.000000,-0.000000,0.000000,0.000000,0.000000,281493.781250,31239.521484,250254.265625,-1570730.625000,-1320476.375000
ml,worst,446,2026-09-24,1627.903320,10.000000,1985.684814,50.000000,0.000000,0.000000,-0.000000,0.000000,0.000000,1390.429688,50.000000,0.000000,0.000000,-0.000000,0.000000,0.000000,1644.742676,50.000000,0.000000,0.000000,-0.000000,0.000000,0.000000,0.000000,281493.781250,31239.521484,250254.265625,-1570730.625000,-1320476.375000
ml,worst,446,2026-09-25,1645.928101,10.000000,1985.684814,50.000000,0.000000,0.000000,-0.000000,0.000000,0.000000,1390.429688,50.000000,0.000000,0.000000,-0.000000,0.000000,0.000000,1651.560181,50.000000,0.000000,0.000000,-0.000000,0.000000,0.000000,0.000000,281493.781250,31239.521484,250254.265625,-1570730.625000,-1320476.375000
ml,worst,446,2026-09-26,1639.025879,10.000000,1985.684814,50.000000,0.000000,0.000000,-0.000000,0.000000,0.000000,1390.429688,50.000000,0.000000,0.000000,-0.000000,0.000000,0.000000,1643.420654,50.000000,0.000000,0.000000,-0.000000,0.000000,0.000000,0.000000,281493.781250,31239.521484,250254.265625,-1570730.625000,-1320476.375000
ml,worst,446,2026-09-27,1627.450806,10.000000,1985.684814,50.000000,0.000000,0.000000,-0.000000,0.000000,0.000000,1390.429688,50.000000,0.000000,0.000000,-0.000000,0.000000,0.000000,1612.323975,50.000000,0.000000,0.000000,-0.000000,0.000000,0.000000,0.000000,281493.781250,31239.521484,250254.265625,-1570730.625000,-1320476.375000
ml,worst,446,2026-09-28,1608.856323,10.000000,1985.684814,50.000000,0.000000,0.000000,-0.000000,0.000000,0.000000,1390.429688,50.000000,0.000000,0.000000,-0.000000,0.000000,0.000000,1610.169434,50.000000,0.000000,0.000000,-0.000000,0.000000,0.000000,0.000000,281493.781250,31239.521484,250254.265625,-1570730.625000,-1320476.375000
ml,worst,446,2026-09-29,1640.276123,10.000000,1985.684814,50.000000,0.000000,0.000000,-0.000000,0.000000,0.000000,1390.429688,50.000000,0.000000,0.000000,-0.000000,0.000000,0.000000,1637.415527,50.000000,0.000000,0.000000,-0.000000,0.000000,0.000000,0.000000,281493.781250,31239.521484,250254.265625,-1570730.625000,-1320476.375000
ml,worst,446,2026-09-30,1644.972534,10.000000,1985.684814,50.000000,0.000000,0.000000,-0.000000,0.000000,0.000000,1390.429688,50.000000,0.000000,0.000000,-0.000000,0.000000,0.000000,1626.429565,50.000000,0.000000,0.000000,-0.000000,0.000000,0.000000,0.000000,281493.781250,31239.521484,250254.265625,-1570730.625000,-1320476.375000
ml,worst,446,2026-10-01,1649.615479,10.000000,1985.684814,50.000000,0.000000,0.000000,-0.000000,0.000000,0.000000,1390.429688,50.000000,0.000000,0.000000,-0.000000,0.000000,0.000000,1644.427856,50.000000,0.000000,0.000000,-0.000000,0.000000,0.000000,0.000000,281493.781250,31239.521484,250254.265625,-1570730.625000,-1320476.375000
ml,worst,446,2026-10-02,1659.765503,10.000000,1985.684814,50.000000,0.000000,0.000000,-0.000000,0.000000,0.000000,1390.429688,50.000000,0.000000,0.000000,-0.000000,0.000000,0.000000,1691.571411,50.000000,0.000000,0.000000,-0.000000,0.000000,0.000000,0.000000,281493.781250,31239.521484,250254.265625,-1570730.625000,-1320476.375000
ml,worst,446,2026-10-03,1642.733032,10.000000,1985.684814,50.000000,0.000000,0.000000,-0.000000,0.000000,0.000000,1390.429688,50.000000,0.000000,0.000000,-0.000000,0.000000,0.000000,1678.023438,50.000000,0.000000,0.000000,-0.000000,0.000000,0.000000,0.000000,281493.781250,31239.521484,250254.265625,-1570730.625000,-1320476.375000
ml,worst,446,2026-10-04,1622.078735,10.000000,1985.684814,50.000000,0.000000,0.000000,-0.000000,0.000000,0.000000,1390.429688,50.000000,0.000000,0.000000,-0.000000,0.000000,0.000000,1641.004150,50.000000,0.000000,0.000000,-0.000000,0.000000,0.000000,0.000000,281493.781250,31239.521484,250254.265625,-1570730.625000,-1320476.375000
ml,worst,446,2026-10-05,1607.292114,10.000000,1985.684814,50.000000,0.000000,0.000000,-0.000000,0.000000,0.000000,1390.429688,50.000000,0.000000,0.000000,-0.000000,0.000000,0.000000,1631.566162,50.000000,-7.000000,-7.000000,571048.125000,285.524048,-571048.125000,-571048.125000,852541.875000,31525.044922,249968.703125,-1570730.625000,-1320761.875000
ml,worst,446,2026-10-06,1632.833740,10.000000,1985.684814,50.000000,0.000000,0.000000,-0.000000,0.000000,0.000000,1390.429688,50.000000,0.000000,0.000000,-0.000000,0.000000,0.000000,1649.100464,50.000000,0.000000,7.000000,-577185.125000,288.592590,0.000000,0.000000,275356.781250,31813.638672,243543.140625,-1570730.625000,-1327187.500000
ml,worst,446,2026-10-07,1654.535156,10.000000,1985.684814,50.000000,0.000000,0.000000,-0.000000,0.000000,0.000000,1390.429688,50.000000,0.000000,0.000000,-0.000000,0.000000,0.000000,1650.028198,50.000000,0.000000,0.000000,-0.000000,0.000000,0.000000,0.000000,275356.781250,31813.638672,243543.140625,-1570730.625000,-1327187.500000
ml,worst,446,2026-10-08,1671.959351,10.000000,1985.684814,50.000000,0.000000,0.000000,-0.000000,0.000000,0.000000,1390.429688,50.000000,0.000000,0.000000,-0.000000,0.000000,0.000000,1660.458496,50.000000,0.000000,0.000000,-0.000000,0.000000,0.000000,0.000000,275356.781250,31813.638672,243543.140625,-1570730.625000,-1327187.500000
ml,worst,446,2026-10-09,1650.318115,10.000000,1985.684814,50.000000,0.000000,0.000000,-0.000000,0.000000,0.000000,1390.429688,50.000000,0.000000,0.000000,-0.000000,0.000000,0.000000,1632.343750,50.000000,0.000000,0.000000,-0.000000,0.000000,0.000000,0.000000,275356.781250,31813.638672,243543.140625,-1570730.625000,-1327187.500000
ml,worst,446,2026-10-10,1656.856323,10.000000,1985.684814,50.000000,0.000000,0.000000,-0.000000,0.000000,0.000000,1390.429688,50.000000,0.000000,0.000000,-0.000000,0.000000,0.000000,1646.178833,50.000000,0.000000,0.000000,-0.000000,0.000000,0.000000,0.000000,275356.781250,31813.638672,243543.140625,-1570730.625000,-1327187.500000
ml,worst,446,2026-10-11,1648.605835,10.000000,1985.684814,50.000000,0.000000,0.000000,-0.000000,0.000000,0.000000,1390.429688,50.000000,0.000000,0.000000,-0.000000,0.000000,0.000000,1642.967896,50.000000,0.000000,0.000000,-0.000000,0.000000,0.000000,0.000000,275356.781250,31813.638672,243543.140625,-1570730.625000,-1327187.500000
ml,worst,446,2026-10-12,1632.936523,10.000000,1985.684814,50.000000,0.000000,0.000000,-0.000000,0.000000,0.000000,1390.429688,50.000000,0.000000,0.000000,-0.000000,0.000000,0.000000,1630.699341,50.000000,0.000000,0.000000,-0.000000,0.000000,0.000000,0.000000,275356.781250,31813.638672,243543.140625,-1570730.625000,-1327187.500000
ml,worst,446,2026-10-13,1614.444824,10.000000,1985.684814,50.000000,0.000000,0.000000,-0.000000,0.000000,0.000000,1390.429688,50.000000,0.000000,0.000000,-0.000000,0.000000,0.000000,1608.395752,50.000000,0.000000,0.000000,-0.000000,0.000000,0.000000,0.000000,275356.781250,31813.638672,243543.140625,-1570730.625000,-1327187.500000
ml,worst,446,2026-10-14,1601.447998,10.000000,1985.684814,50.000000,0.000000,0.000000,-0.000000,0.000000,0.000000,1390.429688,50.000000,0.000000,0.000000,-0.000000,0.000000,0.000000,1599.845703,50.000000,0.000000,0.000000,-0.000000,0.000000,0.000000,0.000000,275356.781250,31813.638672,243543.140625,-1570730.625000,-1327187.500000
ml,worst,446,2026-10-15,1625.838257,10.000000,1985.684814,50.000000,0.000000,0.000000,-0.000000,0.000000,0.000000,1390.429688,50.000000,0.000000,0.000000,-0.000000,0.000000,0.000000,1629.109253,50.000000,0.000000,0.000000,-0.000000,0.000000,0.000000,0.000000,275356.781250,31813.638672,243543.140625,-1570730.625000,-1327187.500000
ml,worst,446,2026-10-16,1643.527588,10.000000,1985.684814,50.000000,0.000000,0.000000,-0.000000,0.000000,0.000000,1390.429688,50.000000,0.000000,0.000000,-0.000000,0.000000,0.000000,1641.806152,50.000000,0.000000,0.000000,-0.000000,0.000000,0.000000,0.000000,275356.781250,31813.638672,243543.140625,-1570730.625000,-1327187.500000
ml,worst,446,2026-10-17,1646.933105,10.000000,1985.684814,50.000000,0.000000,0.000000,-0.000000,0.000000,0.000000,1390.429688,50.000000,0.000000,0.000000,-0.000000,0.000000,0.000000,1642.054688,50.000000,0.000000,0.000000,-0.000000,0.000000,0.000000,0.000000,275356.781250,31813.638672,243543.140625,-1570730.625000,-1327187.500000
ml,worst,446,2026-10-18,1679.162109,10.000000,1985.684814,50.000000,0.000000,0.000000,-0.000000,0.000000,0.000000,1390.429688,50.000000,0.000000,0.000000,-0.000000,0.000000,0.000000,1693.663208,50.000000,0.000000,0.000000,-0.000000,0.000000,0.000000,0.000000,275356.781250,31813.638672,243543.140625,-1570730.625000,-1327187.500000
ml,worst,446,2026-10-19,1692.335083,10.000000,1985.684814,50.000000,0.000000,0.000000,-0.000000,0.000000,0.000000,1390.429688,50.000000,0.000000,0.000000,-0.000000,0.000000,0.000000,1686.210938,50.000000,0.000000,0.000000,-0.000000,0.000000,0.000000,0.000000,275356.781250,31813.638672,243543.140625,-1570730.625000,-1327187.500000
ml,worst,446,2026-10-20,1710.776367,10.000000,1985.684814,50.000000,0.000000,0.000000,-0.000000,0.000000,0.000000,1390.429688,50.000000,0.000000,0.000000,-0.000000,0.000000,0.000000,1674.715332,50.000000,0.000000,0.000000,-0.000000,0.000000,0.000000,0.000000,275356.781250,31813.638672,243543.140625,-1570730.625000,-1327187.500000
ml,worst,446,2026-10-21,1703.346436,10.000000,1985.684814,50.000000,0.000000,0.000000,-0.000000,0.000000,0.000000,1390.429688,50.000000,0.000000,0.000000,-0.000000,0.000000,0.000000,1688.375244,50.000000,0.000000,0.000000,-0.000000,0.000000,0.000000,0.000000,275356.781250,31813.638672,243543.140625,-1570730.625000,-1327187.500000
ml,worst,446,2026-10-22,1696.598999,10.000000,1985.684814,50.000000,0.000000,0.000000,-0.000000,0.000000,0.000000,1390.429688,50.000000,0.000000,0.000000,-0.000000,0.000000,0.000000,1697.618164,50.000000,0.000000,0.000000,-0.000000,0.000000,0.000000,0.000000,275356.781250,31813.638672,243543.140625,-1570730.625000,-1327187.500000
ml,worst,446,2026-10-23,1688.804321,10.000000,1985.684814,50.000000,0.000000,0.000000,-0.000000,0.000000,0.000000,1390.429688,50.000000,0.000000,0.000000,-0.000000,0.000000,0.000000,1689.629761,50.000000,0.000000,0.000000,-0.000000,0.000000,0.000000,0.000000,275356.781250,31813.638672,243543.140625,-1570730.625000,-1327187.500000
ml,worst,446,2026-10-24,1676.255615,10.000000,1985.684814,50.000000,0.000000,0.000000,-0.000000,0.000000,0.000000,1390.429688,50.000000,0.000000,0.000000,-0.000000,0.000000,0.000000,1672.174072,50.000000,0.000000,0.000000,-0.000000,0.000000,0.000000,0.000000,275356.781250,31813.638672,243543.140625,-1570730.625000,-1327187.500000
ml,worst,446,2026-10-25,1622.556030,10.000000,1985.684814,50.000000,0.000000,0.000000,-0.000000,0.000000,0.000000,1390.429688,50.000000,0.000000,0.000000,-0.000000,0.000000,0.000000,1620.751099,50.000000,0.000000,0.000000,-0.000000,0.000000,0.000000,0.000000,275356.781250,31813.638672,243543.140625,-1570730.625000,-1327187.500000
ml,worst,446,2026-10-26,1657.494751,10.000000,1985.684814,50.000000,0.000000,0.000000,-0.000000,0.000000,0.000000,1390.429688,50.000000,0.000000,0.000000,-0.000000,0.000000,0.000000,1663.069946,50.000000,0.000000,0.000000,-0.000000,0.000000,0.000000,0.000000,275356.781250,31813.638672,243543.140625,-1570730.625000,-1327187.500000
ml,worst,446,2026-10-27,1631.494995,10.000000,1985.684814,50.000000,0.000000,0.000000,-0.000000,0.000000,0.000000,1390.429688,50.000000,0.000000,0.000000,-0.000000,0.000000,0.000000,1644.512329,50.000000,0.000000,0.000000,-0.000000,0.000000,0.000000,0.000000,275356.781250,31813.638672,243543.140625,-1570730.625000,-1327187.500000
ml,worst,446,2026-10-28,1610.303101,10.000000,1985.684814,50.000000,0.000000,0.000000,-0.000000,0.000000,0.000000,1390.429688,50.000000,0.000000,0.000000,-0.000000,0.000000,0.000000,1612.210327,50.000000,0.000000,0.000000,-0.000000,0.000000,0.000000,0.000000,275356.781250,31813.638672,243543.140625,-1570730.625000,-1327187.500000
ml,worst,446,2026-10-29,1602.755859,10.000000,1985.684814,50.000000,0.000000,0.000000,-0.000000,0.000000,0.000000,1390.429688,50.000000,0.000000,0.000000,-0.000000,0.000000,0.000000,1616.223999,50.000000,0.000000,0.000000,-0.000000,0.000000,0.000000,0.000000,275356.781250,31813.638672,243543.140625,-1570730.625000,-1327187.500000
ml,worst,446,2026-10-30,1594.310303,10.000000,1985.684814,50.000000,0.000000,0.000000,-0.000000,0.000000,0.000000,1390.429688,50.000000,0.000000,0.000000,-0.000000,0.000000,0.000000,1616.223999,50.000000,0.000000,0.000000,-0.000000,0.000000,0.000000,0.000000,275356.781250,31813.638672,243543.140625,-1570730.625000,-1327187.500000
ml,p5,973,2026-04-10,2055.000244,10.000000,2026.171509,50.000000,-7.000000,-7.000000,709160.000000,354.579987,-709160.000000,2047.068848,50.000000,-7.000000,-7.000000,716474.125000,358.237030,-716474.125000,2070.749756,50.000000,-7.000000,-7.000000,724762.375000,362.381195,-724762.375000,-2150396.500000,2150396.500000,1075.198242,-1075.198242,4854.181641,3778.983398
ml,p5,973,2026-04-11,2079.071045,10.000000,2069.199463,50.000000,-7.000000,0.000000,-0.000000,0.000000,-724219.812500,2090.091309,50.000000,-7.000000,0.000000,-0.000000,0.000000,-731531.937500,2112.171631,50.000000,-7.000000,0.000000,-0.000000,0.000000,-739260.062500,-2195011.750000,2150396.500000,1075.198242,-45690.449219,71943.382812,26252.933594
ml,p5,973,2026-04-12,2090.611084,10.000000,2099.936523,50.000000,-7.000000,0.000000,-0.000000,0.000000,-734977.812500,2122.894287,50.000000,-7.000000,0.000000,-0.000000,0.000000,-743013.000000,2147.044678,50.000000,-7.000000,0.000000,-0.000000,0.000000,-751465.625000,-2229456.500000,2150396.500000,1075.198242,-80135.195312,103161.156250,23025.960938
ml,p5,973,2026-04-13,2085.472656,10.000000,2072.010498,50.000000,0.000000,7.000000,-725203.687500,362.601837,0.000000,2093.746582,50.000000,0.000000,7.000000,-732811.312500,366.405640,0.000000,2116.980957,50.000000,0.000000,7.000000,-740943.375000,370.471649,0.000000,0.000000,-48561.875000,2174.677246,-50736.550781,83845.062500,33108.511719
ml,p5,973,2026-04-14,2075.894287,10.000000,2074.194580,50.000000,0.000000,0.000000,-0.000000,0.000000,0.000000,2094.739746,50.000000,-7.000000,-7.000000,733158.875000,366.579437,-733158.875000,2116.961426,50.000000,-7.000000,-7.000000,740936.500000,370.468262,-740936.500000,-1474095.375000,1425533.500000,2911.725098,-51473.601562,65234.718750,13761.117188
ml,p5,973,2026-04-15,2092.437256,10.000000,2108.369141,50.000000,0.000000,0.000000,-0.000000,0.000000,0.000000,2129.296875,50.000000,0.000000,7.000000,-745253.875000,372.626953,0.000000,2153.355957,50.000000,0.000000,7.000000,-753674.625000,376.837311,0.000000,0.000000,-73395.000000,3661.189453,-77056.187500,110827.265625,33771.078125
ml,p5,973,2026-04-16,2036.116577,10.000000,2026.445435,50.000000,-7.000000,-7.000000,709255.937500,354.627960,-709255.937500,2043.917847,50.000000,-7.000000,-7.000000,715371.250000,357.685608,-715371.250000,2064.495850,50.000000,-7.000000,-7.000000,722573.562500,361.286743,-722573.562500,-2147200.750000,2073805.750000,4734.789551,-78129.789062,-19921.388672,-98051.179688
ml,p5,973,2026-04-17,2040.546753,10.000000,2039.879272,50.000000,0.000000,7.000000,-713957.750000,356.978851,0.000000,2058.127197,50.000000,0.000000,7.000000,-720344.500000,360.172241,0.000000,2079.986572,50.000000,0.000000,7.000000,-727995.312500,363.997620,0.000000,0.000000,-88491.812500,5815.938477,-94307.750000,-3696.571777,-98004.320312
ml,p5,973,2026-04-18,2044.286621,10.000000,2039.333740,50.000000,0.000000,0.000000,-0.000000,0.000000,0.000000,2056.168457,50.000000,0.000000,0.000000,-0.000000,0.000000,0.000000,2076.316650,50.000000,0.000000,0.000000,-0.000000,0.000000,0.000000,0.000000,-88491.812500,5815.938477,-94307.750000,11521.254883,-82786.492188
ml,p5,973,2026-04-19,2037.527832,10.000000,2027.747803,50.000000,0.000000,0.000000,-0.000000,0.000000,0.000000,2044.222778,50.000000,0.000000,0.000000,-0.000000,0.000000,0.000000,2064.456787,50.000000,0.000000,0.000000,-0.000000,0.000000,0.000000,0.000000,-88491.812500,5815.938477,-94307.750000,-8354.805664,-102662.554688
ml,p5,973,2026-04-20,2018.352539,10.000000,2014.320801,50.000000,-7.000000,-7.000000,705012.312500,352.506104,-705012.312500,2030.343872,50.000000,-7.000000,-7.000000,710620.375000,355.310150,-710620.375000,2049.216553,50.000000,-7.000000,-7.000000,717225.750000,358.612885,-717225.750000,-2132858.500000,2044366.625000,6882.367188,-95374.242188,-61413.265625,-156787.500000
ml,p5,973,2026-04-21,2022.471924,10.000000,2006.689941,50.000000,-2.000000,5.000000,-501672.468750,250.836243,-200669.000000,2022.693604,50.000000,0.000000,7.000000,-707942.750000,353.971375,0.000000,2041.905273,50.000000,0.000000,7.000000,-714666.875000,357.333405,0.000000,-200669.000000,120084.531250,7844.508789,-88428.976562,-49735.632812,-138164.609375
ml,p5,973,2026-04-22,2050.237549,10.000000,2038.219971,50.000000,0.000000,2.000000,-203822.000000,101.910995,0.000000,2056.262695,50.000000,-7.000000,-7.000000,719691.937500,359.845947,-719691.937500,2076.141602,50.000000,-7.000000,-7.000000,726649.562500,363.324768,-726649.562500,-1446341.500000,1362604.000000,8669.589844,-92407.093750,23289.183594,-69117.906250
ml,p5,973,2026-04-23,2043.728149,10.000000,2035.782227,50.000000,0.000000,0.000000,-0.000000,0.000000,0.000000,2053.216553,50.000000,0.000000,7.000000,-718625.750000,359.312866,0.000000,2072.385498,50.000000,0.000000,7.000000,-725334.937500,362.667450,0.000000,0.000000,-81356.656250,9391.570312,-90748.226562,9852.958008,-80895.265625
ml,p5,973,2026-04-24,2043.772949,10.000000,2043.059937,50.000000,0.000000,0.000000,-0.000000,0.000000,0.000000,2061.614502,50.000000,-7.000000,-7.000000,721565.062500,360.782532,-721565.062500,2080.659668,50.000000,-7.000000,-7.000000,728230.875000,364.115448,-728230.875000,-1449796.000000,1368439.250000,10116.468750,-91473.218750,13500.388672,-77972.828125
ml,p5,973,2026-04-25,2010.150024,10.000000,2001.806152,50.000000,0.000000,0.000000,-0.000000,0.000000,0.000000,2019.408691,50.000000,-7.000000,0.000000,-0.000000,0.000000,-706793.062500,2037.369507,50.000000,-7.000000,0.000000,-0.000000,0.000000,-713079.375000,-1419872.500000,1368439.250000,10116.468750,-61549.718750,-74197.375000,-135747.093750
ml,p5,973,2026-04-26,2005.735229,10.000000,1997.635010,50.000000,0.000000,0.000000,-0.000000,0.000000,0.000000,2015.417114,50.000000,-7.000000,0.000000,-0.000000,0.000000,-705396.000000,2033.197021,50.000000,-7.000000,0.000000,-0.000000,0.000000,-711618.937500,-1417015.000000,1368439.250000,10116.468750,-58692.218750,-90000.664062,-148692.875000
ml,p5,973,2026-04-27,1998.594849,10.000000,1977.711670,50.000000,0.000000,0.000000,-0.000000,0.000000,0.000000,1995.167358,50.000000,0.000000,7.000000,-698308.625000,349.154297,0.000000,2012.686890,50.000000,0.000000,7.000000,-704440.437500,352.220184,0.000000,0.000000,-34309.781250,10817.842773,-45127.625000,-101487.539062,-146615.156250
ml,p5,973,2026-04-28,1976.835205,10.000000,1964.747803,50.000000,0.000000,0.000000,-0.000000,0.000000,0.000000,1982.592529,50.000000,-7.000000,-7.000000,693907.375000,346.953674,-693907.375000,2000.791504,50.000000,-7.000000,-7.000000,700277.062500,350.138519,-700277.062500,-1394184.500000,1359874.625000,11514.935547,-45824.812500,-154833.031250,-200657.843750
ml,p5,973,2026-04-29,1987.023926,10.000000,1990.019287,50.000000,0.000000,0.000000,-0.000000,0.000000,0.000000,2009.098389,50.000000,0.000000,7.000000,-703184.437500,351.592224,0.000000,2028.515869,50.000000,0.000000,7.000000,-709980.562500,354.990295,0.000000,0.000000,-53290.343750,12221.517578,-65511.859375,-127298.656250,-192810.515625
ml,p5,973,2026-04-30,1985.839844,10.000000,1990.019287,50.000000,0.000000,0.000000,-0.000000,0.000000,0.000000,2000.317261,50.000000,-7.000000,-7.000000,700111.062500,350.055511,-700111.062500,2018.500610,50.000000,-7.000000,-7.000000,706475.187500,353.237579,-706475.187500,-1406586.250000,1353295.875000,12924.810547,-66215.187500,-135832.078125,-202047.265625
ml,p5,973,2026-05-01,1994.884521,10.000000,1990.019287,50.000000,0.000000,0.000000,-0.000000,0.000000,0.000000,2046.519409,50.000000,0.000000,7.000000,-716281.812500,358.140869,0.000000,2064.347656,50.000000,0.000000,7.000000,-722521.687500,361.260803,0.000000,0.000000,-85507.593750,13644.212891,-99151.804688,-112712.562500,-211864.375000
ml,p5,973,2026-05-02,1958.746582,10.000000,1990.019287,50.000000,0.000000,0.000000,-0.000000,0.000000,0.000000,1984.576294,50.000000,0.000000,0.000000,-0.000000,0.000000,0.000000,2002.782837,50.000000,0.000000,0.000000,-0.000000,0.000000,0.000000,0.000000,-85507.593750,13644.212891,-99151.804688,-200073.375000,-299225.187500
ml,p5,973,2026-05-03,1958.925903,10.000000,1990.019287,50.000000,0.000000,0.000000,-0.000000,0.000000,0.000000,1985.477661,50.000000,0.000000,0.000000,-0.000000,0.000000,0.000000,2003.128662,50.000000,0.000000,0.000000,-0.000000,0.000000,0.000000,0.000000,-85507.593750,13644.212891,-99151.804688,-198117.546875,-297269.343750
ml,p5,973,2026-05-04,1940.971313,10.000000,1990.019287,50.000000,0.000000,0.000000,-0.000000,0.000000,0.000000,1981.442627,50.000000,-7.000000,-7.000000,693504.937500,346.752441,-693504.937500,1998.969360,50.000000,-7.000000,-7.000000,699639.250000,349.819611,-699639.250000,-1393144.250000,1307636.500000,14340.785156,-99848.531250,-239289.953125,-339138.500000
ml,p5,973,2026-05-05,1947.605713,10.000000,1990.019287,50.000000,0.000000,0.000000,-0.000000,0.000000,0.000000,1976.089111,50.000000,0.000000,7.000000,-691631.187500,345.815582,0.000000,1994.347778,50.000000,0.000000,7.000000,-698021.750000,349.010834,0.000000,0.000000,-82016.343750,15035.611328,-97051.953125,-220618.296875,-317670.250000
ml,p5,973,2026-05-06,1960.074219,10.000000,1990.019287,50.000000,0.000000,0.000000,-0.000000,0.000000,0.000000,1974.103394,50.000000,-7.000000,-7.000000,690936.187500,345.468079,-690936.187500,1992.999146,50.000000,-7.000000,-7.000000,697549.687500,348.774872,-697549.687500,-1388485.875000,1306469.500000,15729.853516,-97746.226562,-196332.312500,-294078.531250
ml,p5,973,2026-05-07,1963.485718,10.000000,1990.019287,50.000000,0.000000,0.000000,-0.000000,0.000000,0.000000,1978.075195,50.000000,0.000000,7.000000,-692326.312500,346.163147,0.000000,1995.472046,50.000000,0.000000,7.000000,-698415.250000,349.207581,0.000000,0.000000,-84272.031250,16425.224609,-100697.257812,-189462.390625,-290159.656250
ml,p5,973,2026-05-08,1962.528076,10.000000,1990.019287,50.000000,0.000000,0.000000,-0.000000,0.000000,0.000000,2014.750854,50.000000,-7.000000,-7.000000,705162.812500,352.581360,-705162.812500,2034.487793,50.000000,-7.000000,-7.000000,712070.687500,356.035370,-712070.687500,-1417233.500000,1332961.500000,17133.839844,-101405.843750,-189644.562500,-291050.406250
ml,p5,973,2026-05-09,1988.799194,10.000000,1990.019287,50.000000,0.000000,0.000000,-0.000000,0.000000,0.000000,2028.651367,50.000000,-7.000000,0.000000,-0.000000,0.000000,-710028.000000,2048.732422,50.000000,-7.000000,0.000000,-0.000000,0.000000,-717056.375000,-1427084.375000,1332961.500000,17133.839844,-111256.718750,-121442.976562,-232699.687500
ml,p5,973,2026-05-10,1991.075562,10.000000,1990.019287,50.000000,0.000000,0.000000,-0.000000,0.000000,0.000000,2017.523193,50.000000,-7.000000,0.000000,-0.000000,0.000000,-706133.125000,2037.700073,50.000000,-7.000000,0.000000,-0.000000,0.000000,-713195.000000,-1419328.125000,1332961.500000,17133.839844,-103500.468750,-110691.265625,-214191.734375
ml,p5,973,2026-05-11,1987.927979,10.000000,1990.019287,50.000000,0.000000,0.000000,-0.000000,0.000000,0.000000,2013.460815,50.000000,0.000000,7.000000,-704711.250000,352.355621,0.000000,2032.878418,50.000000,0.000000,7.000000,-711507.437500,355.753723,0.000000,0.000000,-83257.218750,17841.949219,-101099.171875,-124934.429688,-226033.593750
ml,p5,973,2026-05-12,1998.682495,10.000000,1990.019287,50.000000,0.000000,0.000000,-0.000000,0.000000,0.000000,2016.926636,50.000000,-7.000000,-7.000000,705924.312500,352.962128,-705924.312500,2037.660645,50.000000,-7.000000,-7.000000,713181.250000,356.590576,-713181.250000,-1419105.500000,1335848.375000,18551.503906,-101808.625000,-97015.140625,-198823.765625
ml,p5,973,2026-05-13,2001.841553,10.000000,1990.019287,50.000000,0.000000,0.000000,-0.000000,0.000000,0.000000,2019.798340,50.000000,0.000000,7.000000,-706929.375000,353.464661,0.000000,2035.061035,50.000000,0.000000,7.000000,-712271.375000,356.135681,0.000000,0.000000,-83352.406250,19261.103516,-102613.507812,-88805.179688,-191418.687500
ml,p5,973,2026-05-14,2008.052979,10.000000,1990.019287,50.000000,0.000000,0.000000,-0.000000,0.000000,0.000000,2019.841064,50.000000,-7.000000,-7.000000,706944.375000,353.472168,-706944.375000,2035.049316,50.000000,-7.000000,-7.000000,712267.312500,356.133636,-712267.312500,-1419211.750000,1335859.250000,19970.708984,-103323.210938,-74973.390625,-178296.593750
ml,p5,973,2026-05-15,2023.538818,10.000000,1990.019287,50.000000,0.000000,0.000000,-0.000000,0.000000,0.000000,2045.323975,50.000000,0.000000,7.000000,-715863.375000,357.931671,0.000000,2059.878906,50.000000,0.000000,7.000000,-720957.625000,360.478790,0.000000,0.000000,-100961.718750,20689.121094,-121650.843750,-33384.085938,-155034.937500
ml,p5,973,2026-05-16,1984.753052,10.000000,1990.019287,50.000000,0.000000,0.000000,-0.000000,0.000000,0.000000,1994.876953,50.000000,0.000000,0.000000,-0.000000,0.000000,0.000000,2013.916626,50.000000,0.000000,0.000000,-0.000000,0.000000,0.000000,0.000000,-100961.718750,20689.121094,-121650.843750,-131279.281250,-252930.125000
ml,p5,973,2026-05-17,1992.520996,10.000000,1990.019287,50.000000,0.000000,0.000000,-0.000000,0.000000,0.000000,2002.421021,50.000000,0.000000,0.000000,-0.000000,0.000000,0.000000,2021.532471,50.000000,0.000000,0.000000,-0.000000,0.000000,0.000000,0.000000,-100961.718750,20689.121094,-121650.843750,-113302.468750,-234953.312500
ml,p5,973,2026-05-18,1989.435547,10.000000,1990.019287,50.000000,0.000000,0.000000,-0.000000,0.000000,0.000000,1972.810181,50.000000,-7.000000,-7.000000,690483.562500,345.241760,-690483.562500,1993.671753,50.000000,-7.000000,-7.000000,697785.125000,348.892548,-697785.125000,-1388268.750000,1287307.000000,21383.253906,-122345.000000,-119995.570312,-242340.562500
ml,p5,973,2026-05-19,1988.706299,10.000000,1990.019287,50.000000,0.000000,0.000000,-0.000000,0.000000,0.000000,1981.046631,50.000000,0.000000,7.000000,-693366.312500,346.683136,0.000000,2003.447754,50.000000,0.000000,7.000000,-701206.750000,350.603363,0.000000,0.000000,-107266.093750,22080.539062,-129346.632812,-124101.734375,-253448.375000
ml,p5,973,2026-05-20,1976.905029,10.000000,1990.019287,50.000000,0.000000,0.000000,-0.000000,0.000000,0.000000,1977.087769,50.000000,-7.000000,-7.000000,691980.687500,345.990356,-691980.687500,1991.770874,50.000000,-7.000000,-7.000000,697119.812500,348.559906,-697119.812500,-1389100.500000,1281834.375000,22775.089844,-130041.218750,-150580.328125,-280621.562500
ml,p5,973,2026-05-21,1993.359253,10.000000,1990.019287,50.000000,0.000000,0.000000,-0.000000,0.000000,0.000000,1983.142578,50.000000,0.000000,7.000000,-694099.875000,347.049927,0.000000,1994.484253,50.000000,0.000000,7.000000,-698069.500000,349.034729,0.000000,0.000000,-110334.968750,23471.175781,-133806.140625,-115985.570312,-249791.718750
ml,p5,973,2026-05-22,2000.001099,10.000000,1990.019287,50.000000,0.000000,0.000000,-0.000000,0.000000,0.000000,1992.844482,50.000000,0.000000,0.000000,-0.000000,0.000000,0.000000,1999.892090,50.000000,-7.000000,-7.000000,699962.187500,349.981079,-699962.187500,-699962.187500,589627.250000,23821.156250,-134156.093750,-100723.171875,-234879.265625
ml,p5,973,2026-05-23,1997.747803,10.000000,1990.019287,50.000000,0.000000,0.000000,-0.000000,0.000000,0.000000,1988.345459,50.000000,0.000000,0.000000,-0.000000,0.000000,0.000000,2000.553833,50.000000,-7.000000,0.000000,-0.000000,0.000000,-700193.875000,-700193.875000,589627.250000,23821.156250,-134387.781250,-107349.359375,-241737.140625
ml,p5,973,2026-05-24,2017.380615,10.000000,1990.019287,50.000000,0.000000,0.000000,-0.000000,0.000000,0.000000,2018.506470,50.000000,0.000000,0.000000,-0.000000,0.000000,0.000000,2027.283936,50.000000,-7.000000,0.000000,-0.000000,0.000000,-709549.375000,-709549.375000,589627.250000,23821.156250,-143743.281250,-61354.140625,-205097.421875
ml,p5,973,2026-05-25,2011.673706,10.000000,1990.019287,50.000000,0.000000,0.000000,-0.000000,0.000000,0.000000,2014.028442,50.000000,0.000000,0.000000,-0.000000,0.000000,0.000000,2027.343994,50.000000,-7.000000,0.000000,-0.000000,0.000000,-709570.437500,-709570.437500,589627.250000,23821.156250,-143764.343750,-76689.421875,-220453.765625
ml,p5,973,2026-05-26,2008.826782,10.000000,1990.019287,50.000000,0.000000,0.000000,-0.000000,0.000000,0.000000,2006.394775,50.000000,-7.000000,-7.000000,702238.187500,351.119080,-702238.187500,2019.416016,50.000000,0.000000,7.000000,-706795.625000,353.397766,0.000000,-702238.187500,585069.812500,24525.673828,-141694.046875,-78490.226562,-220184.281250
ml,p5,973,2026-05-27,2003.386597,10.000000,1990.019287,50.000000,0.000000,0.000000,-0.000000,0.000000,0.000000,2021.936279,50.000000,0.000000,7.000000,-707677.687500,353.838837,0.000000,2035.884155,50.000000,-7.000000,-7.000000,712559.500000,356.279755,-712559.500000,-712559.500000,589951.625000,25235.792969,-147843.671875,-94972.085938,-242815.750000
ml,p5,973,2026-05-28,2012.879883,10.000000,1990.019287,50.000000,0.000000,0.000000,-0.000000,0.000000,0.000000,2025.669678,50.000000,0.000000,0.000000,-0.000000,0.000000,0.000000,2038.549927,50.000000,0.000000,7.000000,-713492.500000,356.746246,0.000000,0.000000,-123540.906250,25592.539062,-149133.437500,-72210.953125,-221344.390625
ml,p5,973,2026-05-29,2011.993164,10.000000,1990.019287,50.000000,0.000000,0.000000,-0.000000,0.000000,0.000000,2013.182373,50.000000,-7.000000,-7.000000,704613.812500,352.306915,-704613.812500,2023.466309,50.000000,-7.000000,-7.000000,708213.187500,354.106567,-708213.187500,-1412827.000000,1289286.125000,26298.953125,-149839.828125,-71943.843750,-221783.671875
ml,p5,973,2026-05-30,2021.790161,10.000000,1990.019287,50.000000,0.000000,0.000000,-0.000000,0.000000,0.000000,2021.774048,50.000000,-7.000000,0.000000,-0.000000,0.000000,-707620.875000,2031.879028,50.000000,-7.000000,0.000000,-0.000000,0.000000,-711157.687500,-1418778.500000,1289286.125000,26298.953125,-155791.328125,-51004.769531,-206796.093750
ml,p5,973,2026-05-31,2036.951782,10.000000,1990.019287,50.000000,0.000000,0.000000,-0.000000,0.000000,0.000000,2031.414429,50.000000,-7.000000,0.000000,-0.000000,0.000000,-710995.062500,2044.841919,50.000000,-7.000000,0.000000,-0.000000,0.000000,-715694.687500,-1426689.750000,1289286.125000,26298.953125,-163702.578125,-13661.536133,-177364.109375
ml,p5,973,2026-06-01,2033.774292,10.000000,1990.019287,50.000000,0.000000,0.000000,-0.000000,0.000000,0.000000,2032.242432,50.000000,0.000000,7.000000,-711284.875000,355.642426,0.000000,2045.280396,50.000000,0.000000,7.000000,-715848.125000,357.924072,0.000000,0.000000,-137846.906250,27012.519531,-164859.421875,-22853.890625,-187713.312500
ml,p5,973,2026-06-02,2020.133667,10.000000,1990.019287,50.000000,0.000000,0.000000,-0.000000,0.000000,0.000000,2023.720703,50.000000,0.000000,0.000000,-0.000000,0.000000,0.000000,2036.887939,50.000000,-7.000000,-7.000000,712910.812500,356.455383,-712910.812500,-712910.812500,575063.875000,27368.974609,-165215.906250,-60098.031250,-225313.937500
ml,p5,973,2026-06-03,2027.234009,10.000000,1990.019287,50.000000,0.000000,0.000000,-0.000000,0.000000,0.000000,2024.470215,50.000000,0.000000,0.000000,-0.000000,0.000000,0.000000,2036.161011,50.000000,0.000000,7.000000,-712656.375000,356.328156,0.000000,0.000000,-137592.468750,27725.302734,-165317.765625,-44955.457031,-210273.218750
ml,p5,973,2026-06-04,2047.259033,10.000000,1990.019287,50.000000,0.000000,0.000000,-0.000000,0.000000,0.000000,2050.256104,50.000000,0.000000,0.000000,-0.000000,0.000000,0.000000,2061.535400,50.000000,-7.000000,-7.000000,721537.375000,360.768707,-721537.375000,-721537.375000,583944.875000,28086.070312,-165678.562500,2694.696045,-162983.859375
ml,p5,973,2026-06-05,2039.454468,10.000000,1990.019287,50.000000,0.000000,0.000000,-0.000000,0.000000,0.000000,2043.235107,50.000000,0.000000,0.000000,-0.000000,0.000000,0.000000,2055.893799,50.000000,0.000000,7.000000,-719562.812500,359.781403,0.000000,0.000000,-135617.906250,28445.851562,-164063.750000,-14918.335938,-178982.093750
ml,p5,973,2026-06-06,2026.982544,10.000000,1990.019287,50.000000,0.000000,0.000000,-0.000000,0.000000,0.000000,2031.652710,50.000000,0.000000,0.000000,-0.000000,0.000000,0.000000,2043.634033,50.000000,0.000000,0.000000,-0.000000,0.000000,0.000000,0.000000,-135617.906250,28445.851562,-164063.750000,-46372.472656,-210436.218750
ml,p5,973,2026-06-07,2025.607788,10.000000,1990.019287,50.000000,0.000000,0.000000,-0.000000,0.000000,0.000000,2036.935303,50.000000,0.000000,0.000000,-0.000000,0.000000,0.000000,2050.168945,50.000000,0.000000,0.000000,-0.000000,0.000000,0.000000,0.000000,-135617.906250,28445.851562,-164063.750000,-52429.488281,-216493.234375
ml,p5,973,2026-06-08,2018.864624,10.000000,1990.019287,50.000000,0.000000,0.000000,-0.000000,0.000000,0.000000,2034.738281,50.000000,0.000000,0.000000,-0.000000,0.000000,0.000000,2053.510010,50.000000,-7.000000,-7.000000,718728.500000,359.364258,-718728.500000,-718728.500000,583110.625000,28805.216797,-164423.093750,-70394.570312,-234817.656250
ml,p5,973,2026-06-09,2024.057129,10.000000,1990.019287,50.000000,0.000000,0.000000,-0.000000,0.000000,0.000000,2055.598145,50.000000,0.000000,0.000000,-0.000000,0.000000,0.000000,2074.848877,50.000000,0.000000,7.000000,-726197.125000,363.098541,0.000000,0.000000,-143086.531250,29168.316406,-172254.843750,-59554.488281,-231809.328125
ml,p5,973,2026-06-10,2050.111328,10.000000,1990.019287,50.000000,0.000000,0.000000,-0.000000,0.000000,0.000000,2083.450684,50.000000,0.000000,0.000000,-0.000000,0.000000,0.000000,2103.277100,50.000000,-7.000000,-7.000000,736147.000000,368.073486,-736147.000000,-736147.000000,593060.500000,29536.388672,-172622.890625,1794.020142,-170828.875000
ml,p5,973,2026-06-11,2042.669922,10.000000,1990.019287,50.000000,0.000000,0.000000,-0.000000,0.000000,0.000000,2063.391846,50.000000,0.000000,0.000000,-0.000000,0.000000,0.000000,2082.888428,50.000000,0.000000,7.000000,-729010.937500,364.505493,0.000000,0.000000,-135950.468750,29900.894531,-165851.359375,-17055.587891,-182906.953125
ml,p5,973,2026-06-12,2026.924561,10.000000,1990.019287,50.000000,0.000000,0.000000,-0.000000,0.000000,0.000000,2057.975586,50.000000,0.000000,0.000000,-0.000000,0.000000,0.000000,2076.062744,50.000000,-7.000000,-7.000000,726622.000000,363.310974,-726622.000000,-726622.000000,590671.500000,30264.205078,-166214.703125,-59788.292969,-226003.000000
ml,p5,973,2026-06-13,2018.134888,10.000000,1990.019287,50.000000,0.000000,0.000000,-0.000000,0.000000,0.000000,2026.551147,50.000000,0.000000,0.000000,-0.000000,0.000000,0.000000,2045.831909,50.000000,-7.000000,0.000000,-0.000000,0.000000,-716041.187500,-716041.187500,590671.500000,30264.205078,-155633.890625,-80384.796875,-236018.687500
ml,p5,973,2026-06-14,1974.253174,10.000000,1990.019287,50.000000,0.000000,0.000000,-0.000000,0.000000,0.000000,1992.896606,50.000000,0.000000,0.000000,-0.000000,0.000000,0.000000,2012.976440,50.000000,-7.000000,0.000000,-0.000000,0.000000,-704541.750000,-704541.750000,590671.500000,30264.205078,-144134.453125,-188685.515625,-332819.968750
ml,p5,973,2026-06-15,1984.997192,10.000000,1990.019287,50.000000,0.000000,0.000000,-0.000000,0.000000,0.000000,2005.143188,50.000000,0.000000,0.000000,-0.000000,0.000000,0.000000,2025.867310,50.000000,0.000000,7.000000,-709053.562500,354.526794,0.000000,0.000000,-118382.031250,30618.730469,-149000.765625,-162743.406250,-311744.187500
ml,p5,973,2026-06-16,1982.035889,10.000000,1990.019287,50.000000,0.000000,0.000000,-0.000000,0.000000,0.000000,1982.318604,50.000000,0.000000,0.000000,-0.000000,0.000000,0.000000,1999.243164,50.000000,-7.000000,-7.000000,699735.125000,349.867523,-699735.125000,-699735.125000,581353.125000,30968.597656,-149350.593750,-174558.828125,-323909.437500
ml,p5,973,2026-06-17,1964.116943,10.000000,1990.019287,50.000000,0.000000,0.000000,-0.000000,0.000000,0.000000,1963.857300,50.000000,0.000000,0.000000,-0.000000,0.000000,0.000000,1977.441895,50.000000,0.000000,7.000000,-692104.687500,346.052338,0.000000,0.000000,-110751.593750,31314.652344,-142066.250000,-218090.453125,-360156.687500
ml,p5,973,2026-06-18,1952.228638,10.000000,1990.019287,50.000000,0.000000,0.000000,-0.000000,0.000000,0.000000,1958.279297,50.000000,0.000000,0.000000,-0.000000,0.000000,0.000000,1972.204468,50.000000,-7.000000,-7.000000,690271.562500,345.135773,-690271.562500,-690271.562500,579520.000000,31659.789062,-142411.343750,-248165.843750,-390577.187500
ml,p5,973,2026-06-19,1946.702393,10.000000,1990.019287,50.000000,0.000000,0.000000,-0.000000,0.000000,0.000000,1959.929321,50.000000,0.000000,0.000000,-0.000000,0.000000,0.000000,1971.300659,50.000000,-7.000000,0.000000,-0.000000,0.000000,-689955.250000,-689955.250000,579520.000000,31659.789062,-142095.031250,-262510.312500,-404605.343750
ml,p5,973,2026-06-20,1934.493286,10.000000,1990.019287,50.000000,0.000000,0.000000,-0.000000,0.000000,0.000000,1926.615967,50.000000,0.000000,0.000000,-0.000000,0.000000,0.000000,1935.064819,50.000000,-7.000000,0.000000,-0.000000,0.000000,-677272.687500,-677272.687500,579520.000000,31659.789062,-129412.476562,-293762.906250,-423175.375000
ml,p5,973,2026-06-21,1936.410156,10.000000,1990.019287,50.000000,0.000000,0.000000,-0.000000,0.000000,0.000000,1937.760986,50.000000,0.000000,0.000000,-0.000000,0.000000,0.000000,1947.332764,50.000000,-7.000000,0.000000,-0.000000,0.000000,-681566.437500,-681566.437500,579520.000000,31659.789062,-133706.218750,-290330.218750,-424036.437500
ml,p5,973,2026-06-22,1891.895142,10.000000,1990.019287,50.000000,0.000000,0.000000,-0.000000,0.000000,0.000000,1891.831909,50.000000,0.000000,0.000000,-0.000000,0.000000,0.000000,1901.906372,50.000000,0.000000,7.000000,-665667.250000,332.833588,0.000000,0.000000,-86147.281250,31992.621094,-118139.906250,-402044.031250,-520183.937500
ml,p5,973,2026-06-23,1904.192017,10.000000,1990.019287,50.000000,0.000000,0.000000,-0.000000,0.000000,0.000000,1924.901733,50.000000,0.000000,0.000000,-0.000000,0.000000,0.000000,1938.380371,50.000000,0.000000,0.000000,-0.000000,0.000000,0.000000,0.000000,-86147.281250,31992.621094,-118139.906250,-371724.125000,-489864.031250
ml,p5,973,2026-06-24,1897.096802,10.000000,1990.019287,50.000000,0.000000,0.000000,-0.000000,0.000000,0.000000,1904.422729,50.000000,0.000000,0.000000,-0.000000,0.000000,0.000000,1919.335083,50.000000,0.000000,0.000000,-0.000000,0.000000,0.000000,0.000000,-86147.281250,31992.621094,-118139.906250,-388210.343750,-506350.250000
ml,p5,973,2026-06-25,1897.033447,10.000000,1990.019287,50.000000,0.000000,0.000000,-0.000000,0.000000,0.000000,1918.435547,50.000000,0.000000,0.000000,-0.000000,0.000000,0.000000,1937.530884,50.000000,0.000000,0.000000,-0.000000,0.000000,0.000000,0.000000,-86147.281250,31992.621094,-118139.906250,-389571.968750,-507711.875000
ml,p5,973,2026-06-26,1897.224243,10.000000,1990.019287,50.000000,0.000000,0.000000,-0.000000,0.000000,0.000000,1900.604614,50.000000,0.000000,0.000000,-0.000000,0.000000,0.000000,1920.187744,50.000000,0.000000,0.000000,-0.000000,0.000000,0.000000,0.000000,-86147.281250,31992.621094,-118139.906250,-390663.781250,-508803.687500
ml,p5,973,2026-06-27,1893.477295,10.000000,1990.019287,50.000000,0.000000,0.000000,-0.000000,0.000000,0.000000,1895.525513,50.000000,0.000000,0.000000,-0.000000,0.000000,0.000000,1913.479980,50.000000,0.000000,0.000000,-0.000000,0.000000,0.000000,0.000000,-86147.281250,31992.621094,-118139.906250,-399879.468750,-518019.375000
ml,p5,973,2026-06-28,1899.799805,10.000000,1990.019287,50.000000,0.000000,0.000000,-0.000000,0.000000,0.000000,1891.619507,50.000000,0.000000,0.000000,-0.000000,0.000000,0.000000,1909.724121,50.000000,0.000000,0.000000,-0.000000,0.000000,0.000000,0.000000,-86147.281250,31992.621094,-118139.906250,-385053.437500,-503193.343750
ml,p5,973,2026-06-29,1891.702881,10.000000,1990.019287,50.000000,0.000000,0.000000,-0.000000,0.000000,0.000000,1900.275879,50.000000,0.000000,0.000000,-0.000000,0.000000,0.000000,1920.438843,50.000000,0.000000,0.000000,-0.000000,0.000000,0.000000,0.000000,-86147.281250,31992.621094,-118139.906250,-405556.031250,-523695.937500
ml,p5,973,2026-06-30,1875.714844,10.000000,1990.019287,50.000000,0.000000,0.000000,-0.000000,0.000000,0.000000,1919.237305,50.000000,0.000000,0.000000,-0.000000,0.000000,0.000000,1938.438110,50.000000,0.000000,0.000000,-0.000000,0.000000,0.000000,0.000000,-86147.281250,31992.621094,-118139.906250,-444644.750000,-562784.625000
ml,p5,973,2026-07-01,1896.982788,10.000000,1990.019287,50.000000,0.000000,0.000000,-0.000000,0.000000,0.000000,1916.157837,50.000000,0.000000,0.000000,-0.000000,0.000000,0.000000,1934.862549,50.000000,0.000000,0.000000,-0.000000,0.000000,0.000000,0.000000,-86147.281250,31992.621094,-118139.906250,-392224.000000,-510363.906250
ml,p5,973,2026-07-02,1885.508057,10.000000,1990.019287,50.000000,0.000000,0.000000,-0.000000,0.000000,0.000000,1899.551636,50.000000,0.000000,0.000000,-0.000000,0.000000,0.000000,1918.515991,50.000000,0.000000,0.000000,-0.000000,0.000000,0.000000,0.000000,-86147.281250,31992.621094,-118139.906250,-419557.562500,-537697.500000
ml,p5,973,2026-07-03,1890.821899,10.000000,1990.019287,50.000000,0.000000,0.000000,-0.000000,0.000000,0.000000,1916.171997,50.000000,0.000000,0.000000,-0.000000,0.000000,0.000000,1934.352539,50.000000,0.000000,0.000000,-0.000000,0.000000,0.000000,0.000000,-86147.281250,31992.621094,-118139.906250,-407211.625000,-525351.500000
ml,p5,973,2026-07-04,1899.573364,10.000000,1990.019287,50.000000,0.000000,0.000000,-0.000000,0.000000,0.000000,1885.501465,50.000000,0.000000,0.000000,-0.000000,0.000000,0.000000,1905.882568,50.000000,0.000000,0.000000,-0.000000,0.000000,0.000000,0.000000,-86147.281250,31992.621094,-118139.906250,-387929.312500,-506069.218750
ml,p5,973,2026-07-05,1881.925903,10.000000,1990.019287,50.000000,0.000000,0.000000,-0.000000,0.000000,0.000000,1891.454956,50.000000,0.000000,0.000000,-0.000000,0.000000,0.000000,1913.016479,50.000000,0.000000,0.000000,-0.000000,0.000000,0.000000,0.000000,-86147.281250,31992.621094,-118139.906250,-425619.156250,-543759.062500
ml,p5,973,2026-07-06,1844.579590,10.000000,1990.019287,50.000000,0.000000,0.000000,-0.000000,0.000000,0.000000,1834.579590,50.000000,0.000000,0.000000,-0.000000,0.000000,0.000000,1853.151855,50.000000,0.000000,0.000000,-0.000000,0.000000,0.000000,0.000000,-86147.281250,31992.621094,-118139.906250,-507591.187500,-625731.125000
ml,p5,973,2026-07-07,1828.903320,10.000000,1990.019287,50.000000,0.000000,0.000000,-0.000000,0.000000,0.000000,1821.606567,50.000000,0.000000,0.000000,-0.000000,0.000000,0.000000,1840.799194,50.000000,0.000000,0.000000,-0.000000,0.000000,0.000000,0.000000,-86147.281250,31992.621094,-118139.906250,-540085.750000,-658225.625000
ml,p5,973,2026-07-08,1818.982300,10.000000,1990.019287,50.000000,0.000000,0.000000,-0.000000,0.000000,0.000000,1821.763428,50.000000,0.000000,0.000000,-0.000000,0.000000,0.000000,1840.329956,50.000000,0.000000,0.000000,-0.000000,0.000000,0.000000,0.000000,-86147.281250,31992.621094,-118139.906250,-560207.437500,-678347.375000
ml,p5,973,2026-07-09,1781.636719,10.000000,1990.019287,50.000000,0.000000,0.000000,-0.000000,0.000000,0.000000,1781.588623,50.000000,0.000000,0.000000,-0.000000,0.000000,0.000000,1799.914062,50.000000,0.000000,0.000000,-0.000000,0.000000,0.000000,0.000000,-86147.281250,31992.621094,-118139.906250,-629463.812500,-747603.750000
ml,p5,973,2026-07-10,1771.496460,10.000000,1990.019287,50.000000,0.000000,0.000000,-0.000000,0.000000,0.000000,1765.119629,50.000000,0.000000,0.000000,-0.000000,0.000000,0.000000,1782.755981,50.000000,0.000000,0.000000,-0.000000,0.000000,0.000000,0.000000,-86147.281250,31992.621094,-118139.906250,-647101.312500,-765241.250000
ml,p5,973,2026-07-11,1779.295166,10.000000,1990.019287,50.000000,0.000000,0.000000,-0.000000,0.000000,0.000000,1784.197876,50.000000,0.000000,0.000000,-0.000000,0.000000,0.000000,1802.425537,50.000000,0.000000,0.000000,-0.000000,0.000000,0.000000,0.000000,-86147.281250,31992.621094,-118139.906250,-634852.375000,-752992.250000
ml,p5,973,2026-07-12,1787.710938,10.000000,1990.019287,50.000000,0.000000,0.000000,-0.000000,0.000000,0.000000,1793.711182,50.000000,0.000000,0.000000,-0.000000,0.000000,0.000000,1811.767334,50.000000,0.000000,0.000000,-0.000000,0.000000,0.000000,0.000000,-86147.281250,31992.621094,-118139.906250,-621457.187500,-739597.125000
ml,p5,973,2026-07-13,1782.060547,10.000000,1990.019287,50.000000,0.000000,0.000000,-0.000000,0.000000,0.000000,1783.897095,50.000000,0.000000,0.000000,-0.000000,0.000000,0.000000,1801.545898,50.000000,0.000000,0.000000,-0.000000,0.000000,0.000000,0.000000,-86147.281250,31992.621094,-118139.906250,-630553.062500,-748693.000000
ml,p5,973,2026-07-14,1812.534424,10.000000,1990.019287,50.000000,0.000000,0.000000,-0.000000,0.000000,0.000000,1815.679443,50.000000,0.000000,0.000000,-0.000000,0.000000,0.000000,1834.302124,50.000000,0.000000,0.000000,-0.000000,0.000000,0.000000,0.000000,-86147.281250,31992.621094,-118139.906250,-584071.750000,-702211.625000
ml,p5,973,2026-07-15,1809.038452,10.000000,1990.019287,50.000000,0.000000,0.000000,-0.000000,0.000000,0.000000,1806.060425,50.000000,0.000000,0.000000,-0.000000,0.000000,0.000000,1825.305664,50.000000,0.000000,0.000000,-0.000000,0.000000,0.000000,0.000000,-86147.281250,31992.621094,-118139.906250,-589336.125000,-707476.000000
ml,p5,973,2026-07-16,1844.524048,10.000000,1990.019287,50.000000,0.000000,0.000000,-0.000000,0.000000,0.000000,1865.840088,50.000000,0.000000,0.000000,-0.000000,0.000000,0.000000,1886.926880,50.000000,0.000000,0.000000,-0.000000,0.000000,0.000000,0.000000,-86147.281250,31992.621094,-118139.906250,-542868.625000,-661008.500000
ml,p5,973,2026-07-17,1881.871094,10.000000,1990.019287,50.000000,0.000000,0.000000,-0.000000,0.000000,0.000000,1899.407837,50.000000,0.000000,0.000000,-0.000000,0.000000,0.000000,1922.682373,50.000000,0.000000,0.000000,-0.000000,0.000000,0.000000,0.000000,-86147.281250,31992.621094,-118139.906250,-498529.500000,-616669.375000
ml,p5,973,2026-07-18,1799.008179,10.000000,1990.019287,50.000000,0.000000,0.000000,-0.000000,0.000000,0.000000,1795.005493,50.000000,0.000000,0.000000,-0.000000,0.000000,0.000000,1816.175293,50.000000,0.000000,0.000000,-0.000000,0.000000,0.000000,0.000000,-86147.281250,31992.621094,-118139.906250,-588443.687500,-706583.625000
ml,p5,973,2026-07-19,1812.620850,10.000000,1990.019287,50.000000,0.000000,0.000000,-0.000000,0.000000,0.000000,1832.670654,50.000000,0.000000,0.000000,-0.000000,0.000000,0.000000,1851.588867,50.000000,0.000000,0.000000,-0.000000,0.000000,0.000000,0.000000,-86147.281250,31992.621094,-118139.906250,-573710.375000,-691850.250000
ml,p5,973,2026-07-20,1813.960205,10.000000,1990.019287,50.000000,0.000000,0.000000,-0.000000,0.000000,0.000000,1803.961792,50.000000,0.000000,0.000000,-0.000000,0.000000,0.000000,1821.757202,50.000000,0.000000,0.000000,-0.000000,0.000000,0.000000,0.000000,-86147.281250,31992.621094,-118139.906250,-572403.000000,-690542.875000
ml,p5,973,2026-07-21,1824.267090,10.000000,1990.019287,50.000000,0.000000,0.000000,-0.000000,0.000000,0.000000,1815.310547,50.000000,0.000000,0.000000,-0.000000,0.000000,0.000000,1834.306152,50.000000,0.000000,0.000000,-0.000000,0.000000,0.000000,0.000000,-86147.281250,31992.621094,-118139.906250,-562489.250000,-680629.125000
ml,p5,973,2026-07-22,1800.892212,10.000000,1990.019287,50.000000,0.000000,0.000000,-0.000000,0.000000,0.000000,1777.363037,50.000000,0.000000,0.000000,-0.000000,0.000000,0.000000,1796.561035,50.000000,0.000000,0.000000,-0.000000,0.000000,0.000000,0.000000,-86147.281250,31992.621094,-118139.906250,-582888.750000,-701028.625000
ml,p5,973,2026-07-23,1764.302368,10.000000,1990.019287,50.000000,0.000000,0.000000,-0.000000,0.000000,0.000000,1762.125244,50.000000,0.000000,0.000000,-0.000000,0.000000,0.000000,1780.917969,50.000000,0.000000,0.000000,-0.000000,0.000000,0.000000,0.000000,-86147.281250,31992.621094,-118139.906250,-610753.125000,-728893.000000
ml,p5,973,2026-07-24,1740.842285,10.000000,1990.019287,50.000000,0.000000,0.000000,-0.000000,0.000000,0.000000,1728.063599,50.000000,0.000000,0.000000,-0.000000,0.000000,0.000000,1746.383423,50.000000,0.000000,0.000000,-0.000000,0.000000,0.000000,0.000000,-86147.281250,31992.621094,-118139.906250,-626070.125000,-744210.000000
ml,p5,973,2026-07-25,1725.376953,10.000000,1990.019287,50.000000,0.000000,0.000000,-0.000000,0.000000,0.000000,1732.279663,50.000000,0.000000,0.000000,-0.000000,0.000000,0.000000,1750.787354,50.000000,0.000000,0.000000,-0.000000,0.000000,0.000000,0.000000,-86147.281250,31992.621094,-118139.906250,-634557.687500,-752697.625000
ml,p5,973,2026-07-26,1714.384399,10.000000,1990.019287,50.000000,0.000000,0.000000,-0.000000,0.000000,0.000000,1725.086304,50.000000,0.000000,0.000000,-0.000000,0.000000,0.000000,1743.648682,50.000000,0.000000,0.000000,-0.000000,0.000000,0.000000,0.000000,-86147.281250,31992.621094,-118139.906250,-640587.687500,-758727.625000
ml,p5,973,2026-07-27,1731.350342,10.000000,1990.019287,50.000000,0.000000,0.000000,-0.000000,0.000000,0.000000,1730.970459,50.000000,0.000000,0.000000,-0.000000,0.000000,0.000000,1749.478882,50.000000,0.000000,0.000000,-0.000000,0.000000,0.000000,0.000000,-86147.281250,31992.621094,-118139.906250,-631425.125000,-749565.000000
ml,p5,973,2026-07-28,1715.159424,10.000000,1990.019287,50.000000,0.000000,0.000000,-0.000000,0.000000,0.000000,1730.846558,50.000000,0.000000,0.000000,-0.000000,0.000000,0.000000,1750.405029,50.000000,0.000000,0.000000,-0.000000,0.000000,0.000000,0.000000,-86147.281250,31992.621094,-118139.906250,-638574.312500,-756714.250000
ml,p5,973,2026-07-29,1684.430054,10.000000,1990.019287,50.000000,0.000000,0.000000,-0.000000,0.000000,0.000000,1695.410034,50.000000,0.000000,0.000000,-0.000000,0.000000,0.000000,1714.856689,50.000000,0.000000,0.000000,-0.000000,0.000000,0.000000,0.000000,-86147.281250,31992.621094,-118139.906250,-648683.875000,-766823.750000
ml,p5,973,2026-07-30,1689.326904,10.000000,1990.019287,50.000000,0.000000,0.000000,-0.000000,0.000000,0.000000,1695.410034,50.000000,0.000000,0.000000,-0.000000,0.000000,0.000000,1730.708984,50.000000,0.000000,0.000000,-0.000000,0.000000,0.000000,0.000000,-86147.281250,31992.621094,-118139.906250,-647703.625000,-765843.500000
ml,p5,973,2026-07-31,1696.811646,10.000000,1990.019287,50.000000,0.000000,0.000000,-0.000000,0.000000,0.000000,1695.410034,50.000000,0.000000,0.000000,-0.000000,0.000000,0.000000,1710.999146,50.000000,0.000000,0.000000,-0.000000,0.000000,0.000000,0.000000,-86147.281250,31992.621094,-118139.906250,-646951.750000,-765091.625000
ml,p5,973,2026-08-01,1703.525024,10.000000,1990.019287,50.000000,0.000000,0.000000,-0.000000,0.000000,0.000000,1695.410034,50.000000,0.000000,0.000000,-0.000000,0.000000,0.000000,1702.135742,50.000000,0.000000,0.000000,-0.000000,0.000000,0.000000,0.000000,-86147.281250,31992.621094,-118139.906250,-647009.625000,-765149.500000
ml,p5,973,2026-08-02,1726.631226,10.000000,1990.019287,50.000000,0.000000,0.000000,-0.000000,0.000000,0.000000,1695.410034,50.000000,0.000000,0.000000,-0.000000,0.000000,0.000000,1738.246094,50.000000,0.000000,0.000000,-0.000000,0.000000,0.000000,0.000000,-86147.281250,31992.621094,-118139.906250,-647075.312500,-765215.250000
ml,p5,973,2026-08-03,1737.932007,10.000000,1990.019287,50.000000,0.000000,0.000000,-0.000000,0.000000,0.000000,1695.410034,50.000000,0.000000,0.000000,-0.000000,0.000000,0.000000,1733.802246,50.000000,0.000000,0.000000,-0.000000,0.000000,0.000000,0.000000,-86147.281250,31992.621094,-118139.906250,-647138.812500,-765278.750000
ml,p5,973,2026-08-04,1736.118896,10.000000,1990.019287,50.000000,0.000000,0.000000,-0.000000,0.000000,0.000000,1695.410034,50.000000,0.000000,0.000000,-0.000000,0.000000,0.000000,1743.425049,50.000000,0.000000,0.000000,-0.000000,0.000000,0.000000,0.000000,-86147.281250,31992.621094,-118139.906250,-647193.875000,-765333.750000
ml,p5,973,2026-08-05,1720.406616,10.000000,1990.019287,50.000000,0.000000,0.000000,-0.000000,0.000000,0.000000,1695.410034,50.000000,0.000000,0.000000,-0.000000,0.000000,0.000000,1730.520264,50.000000,0.000000,0.000000,-0.000000,0.000000,0.000000,0.000000,-86147.281250,31992.621094,-118139.906250,-647251.875000,-765391.750000
ml,p5,973,2026-08-06,1739.536987,10.000000,1990.019287,50.000000,0.000000,0.000000,-0.000000,0.000000,0.000000,1695.410034,50.000000,0.000000,0.000000,-0.000000,0.000000,0.000000,1736.142212,50.000000,0.000000,0.000000,-0.000000,0.000000,0.000000,0.000000,-86147.281250,31992.621094,-118139.906250,-647251.875000,-765391.750000
ml,p5,973,2026-08-07,1726.159424,10.000000,1990.019287,50.000000,0.000000,0.000000,-0.000000,0.000000,0.000000,1695.410034,50.000000,0.000000,0.000000,-0.000000,0.000000,0.000000,1726.412842,50.000000,0.000000,0.000000,-0.000000,0.000000,0.000000,0.000000,-86147.281250,31992.621094,-118139.906250,-647251.875000,-765391.750000
ml,p5,973,2026-08-08,1731.158813,10.000000,1990.019287,50.000000,0.000000,0.000000,-0.000000,0.000000,0.000000,1695.410034,50.000000,0.000000,0.000000,-0.000000,0.000000,0.000000,1745.882568,50.000000,0.000000,0.000000,-0.000000,0.000000,0.000000,0.000000,-86147.281250,31992.621094,-118139.906250,-647251.875000,-765391.750000
ml,p5,973,2026-08-09,1726.497803,10.000000,1990.019287,50.000000,0.000000,0.000000,-0.000000,0.000000,0.000000,1695.410034,50.000000,0.000000,0.000000,-0.000000,0.000000,0.000000,1732.905273,50.000000,0.000000,0.000000,-0.000000,0.000000,0.000000,0.000000,-86147.281250,31992.621094,-118139.906250,-647251.875000,-765391.750000
ml,p5,973,2026-08-10,1759.091431,10.000000,1990.019287,50.000000,0.000000,0.000000,-0.000000,0.000000,0.000000,1695.410034,50.000000,0.000000,0.000000,-0.000000,0.000000,0.000000,1818.684692,50.000000,0.000000,0.000000,-0.000000,0.000000,0.000000,0.000000,-86147.281250,31992.621094,-118139.906250,-647251.875000,-765391.750000
ml,p5,973,2026-08-11,1795.096558,10.000000,1990.019287,50.000000,0.000000,0.000000,-0.000000,0.000000,0.000000,1695.410034,50.000000,0.000000,0.000000,-0.000000,0.000000,0.000000,1849.405762,50.000000,0.000000,0.000000,-0.000000,0.000000,0.000000,0.000000,-86147.281250,31992.621094,-118139.906250,-647251.875000,-765391.750000
ml,p5,973,2026-08-12,1802.037964,10.000000,1990.019287,50.000000,0.000000,0.000000,-0.000000,0.000000,0.000000,1695.410034,50.000000,0.000000,0.000000,-0.000000,0.000000,0.000000,1822.934326,50.000000,0.000000,0.000000,-0.000000,0.000000,0.000000,0.000000,-86147.281250,31992.621094,-118139.906250,-647251.875000,-765391.750000
ml,p5,973,2026-08-13,1795.319092,10.000000,1990.019287,50.000000,0.000000,0.000000,-0.000000,0.000000,0.000000,1695.410034,50.000000,0.000000,0.000000,-0.000000,0.000000,0.000000,1823.366943,50.000000,0.000000,0.000000,-0.000000,0.000000,0.000000,0.000000,-86147.281250,31992.621094,-118139.906250,-647251.875000,-765391.750000
ml,p5,973,2026-08-14,1781.169434,10.000000,1990.019287,50.000000,0.000000,0.000000,-0.000000,0.000000,0.000000,1695.410034,50.000000,0.000000,0.000000,-0.000000,0.000000,0.000000,1804.632690,50.000000,0.000000,0.000000,-0.000000,0.000000,0.000000,0.000000,-86147.281250,31992.621094,-118139.906250,-647251.875000,-765391.750000
ml,p5,973,2026-08-15,1794.597534,10.000000,1990.019287,50.000000,0.000000,0.000000,-0.000000,0.000000,0.000000,1695.410034,50.000000,0.000000,0.000000,-0.000000,0.000000,0.000000,1820.982910,50.000000,0.000000,0.000000,-0.000000,0.000000,0.000000,0.000000,-86147.281250,31992.621094,-118139.906250,-647251.875000,-765391.750000
ml,p5,973,2026-08-16,1732.784912,10.000000,1990.019287,50.000000,0.000000,0.000000,-0.000000,0.000000,0.000000,1695.410034,50.000000,0.000000,0.000000,-0.000000,0.000000,0.000000,1739.406616,50.000000,0.000000,0.000000,-0.000000,0.000000,0.000000,0.000000,-86147.281250,31992.621094,-118139.906250,-647251.875000,-765391.750000
ml,p5,973,2026-08-17,1751.221924,10.000000,1990.019287,50.000000,0.000000,0.000000,-0.000000,0.000000,0.000000,1695.410034,50.000000,0.000000,0.000000,-0.000000,0.000000,0.000000,1762.092896,50.000000,0.000000,0.000000,-0.000000,0.000000,0.000000,0.000000,-86147.281250,31992.621094,-118139.906250,-647251.875000,-765391.750000
ml,p5,973,2026-08-18,1736.849976,10.000000,1990.019287,50.000000,0.000000,0.000000,-0.000000,0.000000,0.000000,1695.410034,50.000000,0.000000,0.000000,-0.000000,0.000000,0.000000,1725.882324,50.000000,0.000000,0.000000,-0.000000,0.000000,0.000000,0.000000,-86147.281250,31992.621094,-118139.906250,-647251.875000,-765391.750000
ml,p5,973,2026-08-19,1733.229492,10.000000,1990.019287,50.000000,0.000000,0.000000,-0.000000,0.000000,0.000000,1695.410034,50.000000,0.000000,0.000000,-0.000000,0.000000,0.000000,1781.087280,50.000000,0.000000,0.000000,-0.000000,0.000000,0.000000,0.000000,-86147.281250,31992.621094,-118139.906250,-647251.875000,-765391.750000
ml,p5,973,2026-08-20,1723.310669,10.000000,1990.019287,50.000000,0.000000,0.000000,-0.000000,0.000000,0.000000,1695.410034,50.000000,0.000000,0.000000,-0.000000,0.000000,0.000000,1757.194214,50.000000,0.000000,0.000000,-0.000000,0.000000,0.000000,0.000000,-86147.281250,31992.621094,-118139.906250,-647251.875000,-765391.750000
ml,p5,973,2026-08-21,1738.212036,10.000000,1990.019287,50.000000,0.000000,0.000000,-0.000000,0.000000,0.000000,1695.410034,50.000000,0.000000,0.000000,-0.000000,0.000000,0.000000,1764.343750,50.000000,0.000000,0.000000,-0.000000,0.000000,0.000000,0.000000,-86147.281250,31992.621094,-118139.906250,-647251.875000,-765391.750000
ml,p5,973,2026-08-22,1754.289185,10.000000,1990.019287,50.000000,0.000000,0.000000,-0.000000,0.000000,0.000000,1695.410034,50.000000,0.000000,0.000000,-0.000000,0.000000,0.000000,1773.710571,50.000000,0.000000,0.000000,-0.000000,0.000000,0.000000,0.000000,-86147.281250,31992.621094,-118139.906250,-647251.875000,-765391.750000
ml,p5,973,2026-08-23,1770.519409,10.000000,1990.019287,50.000000,0.000000,0.000000,-0.000000,0.000000,0.000000,1695.410034,50.000000,0.000000,0.000000,-0.000000,0.000000,0.000000,1792.617432,50.000000,0.000000,0.000000,-0.000000,0.000000,0.000000,0.000000,-86147.281250,31992.621094,-118139.906250,-647251.875000,-765391.750000
ml,p5,973,2026-08-24,1763.572998,10.000000,1990.019287,50.000000,0.000000,0.000000,-0.000000,0.000000,0.000000,1695.410034,50.000000,0.000000,0.000000,-0.000000,0.000000,0.000000,1788.910278,50.000000,0.000000,0.000000,-0.000000,0.000000,0.000000,0.000000,-86147.281250,31992.621094,-118139.906250,-647251.875000,-765391.750000
ml,p5,973,2026-08-25,1740.867310,10.000000,1990.019287,50.000000,0.000000,0.000000,-0.000000,0.000000,0.000000,1695.410034,50.000000,0.000000,0.000000,-0.000000,0.000000,0.000000,1752.022705,50.000000,0.000000,0.000000,-0.000000,0.000000,0.000000,0.000000,-86147.281250,31992.621094,-118139.906250,-647251.875000,-765391.750000
ml,p5,973,2026-08-26,1756.640625,10.000000,1990.019287,50.000000,0.000000,0.000000,-0.000000,0.000000,0.000000,1695.410034,50.000000,0.000000,0.000000,-0.000000,0.000000,0.000000,1757.686157,50.000000,0.000000,0.000000,-0.000000,0.000000,0.000000,0.000000,-86147.281250,31992.621094,-118139.906250,-647251.875000,-765391.750000
ml,p5,973,2026-08-27,1747.564087,10.000000,1990.019287,50.000000,0.000000,0.000000,-0.000000,0.000000,0.000000,1695.410034,50.000000,0.000000,0.000000,-0.000000,0.000000,0.000000,1758.444580,50.000000,0.000000,0.000000,-0.000000,0.000000,0.000000,0.000000,-86147.281250,31992.621094,-118139.906250,-647251.875000,-765391.750000
ml,p5,973,2026-08-28,1741.962402,10.000000,1990.019287,50.000000,0.000000,0.000000,-0.000000,0.000000,0.000000,1695.410034,50.000000,0.000000,0.000000,-0.000000,0.000000,0.000000,1750.689697,50.000000,0.000000,0.000000,-0.000000,0.000000,0.000000,0.000000,-86147.281250,31992.621094,-118139.906250,-647251.875000,-765391.750000
ml,p5,973,2026-08-29,1748.187378,10.000000,1990.019287,50.000000,0.000000,0.000000,-0.000000,0.000000,0.000000,1695.410034,50.000000,0.000000,0.000000,-0.000000,0.000000,0.000000,1770.139160,50.000000,0.000000,0.000000,-0.000000,0.000000,0.000000,0.000000,-86147.281250,31992.621094,-118139.906250,-647251.875000,-765391.750000
ml,p5,973,2026-08-30,1744.230713,10.000000,1990.019287,50.000000,0.000000,0.000000,-0.000000,0.000000,0.000000,1695.410034,50.000000,0.000000,0.000000,-0.000000,0.000000,0.000000,1762.735474,50.000000,0.000000,0.000000,-0.000000,0.000000,0.000000,0.000000,-86147.281250,31992.621094,-118139.906250,-647251.875000,-765391.750000
ml,p5,973,2026-08-31,1742.597168,10.000000,1990.019287,50.000000,0.000000,0.000000,-0.000000,0.000000,0.000000,1695.410034,50.000000,0.000000,0.000000,-0.000000,0.000000,0.000000,1738.591431,50.000000,0.000000,0.000000,-0.000000,0.000000,0.000000,0.000000,-86147.281250,31992.621094,-118139.906250,-647251.875000,-765391.750000
ml,p5,973,2026-09-01,1695.462646,10.000000,1990.019287,50.000000,0.000000,0.000000,-0.000000,0.000000,0.000000,1695.410034,50.000000,0.000000,0.000000,-0.000000,0.000000,0.000000,1679.746094,50.000000,0.000000,0.000000,-0.000000,0.000000,0.000000,0.000000,-86147.281250,31992.621094,-118139.906250,-647251.875000,-765391.750000
ml,p5,973,2026-09-02,1700.680420,10.000000,1990.019287,50.000000,0.000000,0.000000,-0.000000,0.000000,0.000000,1695.410034,50.000000,0.000000,0.000000,-0.000000,0.000000,0.000000,1721.140503,50.000000,0.000000,0.000000,-0.000000,0.000000,0.000000,0.000000,-86147.281250,31992.621094,-118139.906250,-647251.875000,-765391.750000
ml,p5,973,2026-09-03,1723.042847,10.000000,1990.019287,50.000000,0.000000,0.000000,-0.000000,0.000000,0.000000,1695.410034,50.000000,0.000000,0.000000,-0.000000,0.000000,0.000000,1729.916626,50.000000,0.000000,0.000000,-0.000000,0.000000,0.000000,0.000000,-86147.281250,31992.621094,-118139.906250,-647251.875000,-765391.750000
ml,p5,973,2026-09-04,1738.985474,10.000000,1990.019287,50.000000,0.000000,0.000000,-0.000000,0.000000,0.000000,1695.410034,50.000000,0.000000,0.000000,-0.000000,0.000000,0.000000,1713.869751,50.000000,0.000000,0.000000,-0.000000,0.000000,0.000000,0.000000,-86147.281250,31992.621094,-118139.906250,-647251.875000,-765391.750000
ml,p5,973,2026-09-05,1693.094604,10.000000,1990.019287,50.000000,0.000000,0.000000,-0.000000,0.000000,0.000000,1695.410034,50.000000,0.000000,0.000000,-0.000000,0.000000,0.000000,1686.650146,50.000000,0.000000,0.000000,-0.000000,0.000000,0.000000,0.000000,-86147.281250,31992.621094,-118139.906250,-647251.875000,-765391.750000
ml,p5,973,2026-09-06,1692.938110,10.000000,1990.019287,50.000000,0.000000,0.000000,-0.000000,0.000000,0.000000,1695.410034,50.000000,0.000000,0.000000,-0.000000,0.000000,0.000000,1707.164185,50.000000,0.000000,0.000000,-0.000000,0.000000,0.000000,0.000000,-86147.281250,31992.621094,-118139.906250,-647251.875000,-765391.750000
ml,p5,973,2026-09-07,1665.221924,10.000000,1990.019287,50.000000,0.000000,0.000000,-0.000000,0.000000,0.000000,1695.410034,50.000000,0.000000,0.000000,-0.000000,0.000000,0.000000,1688.385620,50.000000,0.000000,0.000000,-0.000000,0.000000,0.000000,0.000000,-86147.281250,31992.621094,-118139.906250,-647251.875000,-765391.750000
ml,p5,973,2026-09-08,1687.792358,10.000000,1990.019287,50.000000,0.000000,0.000000,-0.000000,0.000000,0.000000,1695.410034,50.000000,0.000000,0.000000,-0.000000,0.000000,0.000000,1724.872559,50.000000,0.000000,0.000000,-0.000000,0.000000,0.000000,0.000000,-86147.281250,31992.621094,-118139.906250,-647251.875000,-765391.750000
ml,p5,973,2026-09-09,1676.507446,10.000000,1990.019287,50.000000,0.000000,0.000000,-0.000000,0.000000,0.000000,1695.410034,50.000000,0.000000,0.000000,-0.000000,0.000000,0.000000,1676.899414,50.000000,0.000000,0.000000,-0.000000,0.000000,0.000000,0.000000,-86147.281250,31992.621094,-118139.906250,-647251.875000,-765391.750000
ml,p5,973,2026-09-10,1665.809448,10.000000,1990.019287,50.000000,0.000000,0.000000,-0.000000,0.000000,0.000000,1695.410034,50.000000,0.000000,0.000000,-0.000000,0.000000,0.000000,1669.844604,50.000000,0.000000,0.000000,-0.000000,0.000000,0.000000,0.000000,-86147.281250,31992.621094,-118139.906250,-647251.875000,-765391.750000
ml,p5,973,2026-09-11,1673.555298,10.000000,1990.019287,50.000000,0.000000,0.000000,-0.000000,0.000000,0.000000,1695.410034,50.000000,0.000000,0.000000,-0.000000,0.000000,0.000000,1664.247559,50.000000,0.000000,0.000000,-0.000000,0.000000,0.000000,0.000000,-86147.281250,31992.621094,-118139.906250,-647251.875000,-765391.750000
ml,p5,973,2026-09-12,1733.427002,10.000000,1990.019287,50.000000,0.000000,0.000000,-0.000000,0.000000,0.000000,1695.410034,50.000000,0.000000,0.000000,-0.000000,0.000000,0.000000,1751.401367,50.000000,0.000000,0.000000,-0.000000,0.000000,0.000000,0.000000,-86147.281250,31992.621094,-118139.906250,-647251.875000,-765391.750000
ml,p5,973,2026-09-13,1725.543945,10.000000,1990.019287,50.000000,0.000000,0.000000,-0.000000,0.000000,0.000000,1695.410034,50.000000,0.000000,0.000000,-0.000000,0.000000,0.000000,1727.446899,50.000000,0.000000,0.000000,-0.000000,0.000000,0.000000,0.000000,-86147.281250,31992.621094,-118139.906250,-647251.875000,-765391.750000
ml,p5,973,2026-09-14,1713.562988,10.000000,1990.019287,50.000000,0.000000,0.000000,-0.000000,0.000000,0.000000,1695.410034,50.000000,0.000000,0.000000,-0.000000,0.000000,0.000000,1713.021729,50.000000,0.000000,0.000000,-0.000000,0.000000,0.000000,0.000000,-86147.281250,31992.621094,-118139.906250,-647251.875000,-765391.750000
ml,p5,973,2026-09-15,1709.827148,10.000000,1990.019287,50.000000,0.000000,0.000000,-0.000000,0.000000,0.000000,1695.410034,50.000000,0.000000,0.000000,-0.000000,0.000000,0.000000,1730.337524,50.000000,0.000000,0.000000,-0.000000,0.000000,0.000000,0.000000,-86147.281250,31992.621094,-118139.906250,-647251.875000,-765391.750000
ml,p5,973,2026-09-16,1738.777466,10.000000,1990.019287,50.000000,0.000000,0.000000,-0.000000,0.000000,0.000000,1695.410034,50.000000,0.000000,0.000000,-0.000000,0.000000,0.000000,1748.371704,50.000000,0.000000,0.000000,-0.000000,0.000000,0.000000,0.000000,-86147.281250,31992.621094,-118139.906250,-647251.875000,-765391.750000
ml,p5,973,2026-09-17,1747.519043,10.000000,1990.019287,50.000000,0.000000,0.000000,-0.000000,0.000000,0.000000,1695.410034,50.000000,0.000000,0.000000,-0.000000,0.000000,0.000000,1773.060181,50.000000,0.000000,0.000000,-0.000000,0.000000,0.000000,0.000000,-86147.281250,31992.621094,-118139.906250,-647251.875000,-765391.750000
ml,p5,973,2026-09-18,1786.650146,10.000000,1990.019287,50.000000,0.000000,0.000000,-0.000000,0.000000,0.000000,1695.410034,50.000000,0.000000,0.000000,-0.000000,0.000000,0.000000,1808.094116,50.000000,0.000000,0.000000,-0.000000,0.000000,0.000000,0.000000,-86147.281250,31992.621094,-118139.906250,-647251.875000,-765391.750000
ml,p5,973,2026-09-19,1806.873657,10.000000,1990.019287,50.000000,0.000000,0.000000,-0.000000,0.000000,0.000000,1695.410034,50.000000,0.000000,0.000000,-0.000000,0.000000,0.000000,1805.216675,50.000000,0.000000,0.000000,-0.000000,0.000000,0.000000,0.000000,-86147.281250,31992.621094,-118139.906250,-647251.875000,-765391.750000
ml,p5,973,2026-09-20,1808.908203,10.000000,1990.019287,50.000000,0.000000,0.000000,-0.000000,0.000000,0.000000,1695.410034,50.000000,0.000000,0.000000,-0.000000,0.000000,0.000000,1810.256226,50.000000,0.000000,0.000000,-0.000000,0.000000,0.000000,0.000000,-86147.281250,31992.621094,-118139.906250,-647251.875000,-765391.750000
ml,p5,973,2026-09-21,1786.816162,10.000000,1990.019287,50.000000,0.000000,0.000000,-0.000000,0.000000,0.000000,1695.410034,50.000000,0.000000,0.000000,-0.000000,0.000000,0.000000,1795.053345,50.000000,0.000000,0.000000,-0.000000,0.000000,0.000000,0.000000,-86147.281250,31992.621094,-118139.906250,-647251.875000,-765391.750000
ml,p5,973,2026-09-22,1796.231934,10.000000,1990.019287,50.000000,0.000000,0.000000,-0.000000,0.000000,0.000000,1695.410034,50.000000,0.000000,0.000000,-0.000000,0.000000,0.000000,1791.787476,50.000000,0.000000,0.000000,-0.000000,0.000000,0.000000,0.000000,-86147.281250,31992.621094,-118139.906250,-647251.875000,-765391.750000
ml,p5,973,2026-09-23,1805.161743,10.000000,1990.019287,50.000000,0.000000,0.000000,-0.000000,0.000000,0.000000,1695.410034,50.000000,0.000000,0.000000,-0.000000,0.000000,0.000000,1810.021973,50.000000,0.000000,0.000000,-0.000000,0.000000,0.000000,0.000000,-86147.281250,31992.621094,-118139.906250,-647251.875000,-765391.750000
ml,p5,973,2026-09-24,1790.798706,10.000000,1990.019287,50.000000,0.000000,0.000000,-0.000000,0.000000,0.000000,1695.410034,50.000000,0.000000,0.000000,-0.000000,0.000000,0.000000,1781.428101,50.000000,0.000000,0.000000,-0.000000,0.000000,0.000000,0.000000,-86147.281250,31992.621094,-118139.906250,-647251.875000,-765391.750000
ml,p5,973,2026-09-25,1787.736694,10.000000,1990.019287,50.000000,0.000000,0.000000,-0.000000,0.000000,0.000000,1695.410034,50.000000,0.000000,0.000000,-0.000000,0.000000,0.000000,1787.151611,50.000000,0.000000,0.000000,-0.000000,0.000000,0.000000,0.000000,-86147.281250,31992.621094,-118139.906250,-647251.875000,-765391.750000
ml,p5,973,2026-09-26,1782.896118,10.000000,1990.019287,50.000000,0.000000,0.000000,-0.000000,0.000000,0.000000,1695.410034,50.000000,0.000000,0.000000,-0.000000,0.000000,0.000000,1837.401001,50.000000,0.000000,0.000000,-0.000000,0.000000,0.000000,0.000000,-86147.281250,31992.621094,-118139.906250,-647251.875000,-765391.750000
ml,p5,973,2026-09-27,1755.454834,10.000000,1990.019287,50.000000,0.000000,0.000000,-0.000000,0.000000,0.000000,1695.410034,50.000000,0.000000,0.000000,-0.000000,0.000000,0.000000,1782.145874,50.000000,0.000000,0.000000,-0.000000,0.000000,0.000000,0.000000,-86147.281250,31992.621094,-118139.906250,-647251.875000,-765391.750000
ml,p5,973,2026-09-28,1768.238892,10.000000,1990.019287,50.000000,0.000000,0.000000,-0.000000,0.000000,0.000000,1695.410034,50.000000,0.000000,0.000000,-0.000000,0.000000,0.000000,1786.348999,50.000000,0.000000,0.000000,-0.000000,0.000000,0.000000,0.000000,-86147.281250,31992.621094,-118139.906250,-647251.875000,-765391.750000
ml,p5,973,2026-09-29,1757.612549,10.000000,1990.019287,50.000000,0.000000,0.000000,-0.000000,0.000000,0.000000,1695.410034,50.000000,0.000000,0.000000,-0.000000,0.000000,0.000000,1761.226562,50.000000,0.000000,0.000000,-0.000000,0.000000,0.000000,0.000000,-86147.281250,31992.621094,-118139.906250,-647251.875000,-765391.750000
ml,p5,973,2026-09-30,1742.898804,10.000000,1990.019287,50.000000,0.000000,0.000000,-0.000000,0.000000,0.000000,1695.410034,50.000000,0.000000,0.000000,-0.000000,0.000000,0.000000,1750.249756,50.000000,0.000000,0.000000,-0.000000,0.000000,0.000000,0.000000,-86147.281250,31992.621094,-118139.906250,-647251.875000,-765391.750000
ml,p5,973,2026-10-01,1737.897095,10.000000,1990.019287,50.000000,0.000000,0.000000,-0.000000,0.000000,0.000000,1695.410034,50.000000,0.000000,0.000000,-0.000000,0.000000,0.000000,1709.126465,50.000000,0.000000,0.000000,-0.000000,0.000000,0.000000,0.000000,-86147.281250,31992.621094,-118139.906250,-647251.875000,-765391.750000
ml,p5,973,2026-10-02,1704.971558,10.000000,1990.019287,50.000000,0.000000,0.000000,-0.000000,0.000000,0.000000,1695.410034,50.000000,0.000000,0.000000,-0.000000,0.000000,0.000000,1678.172974,50.000000,0.000000,0.000000,-0.000000,0.000000,0.000000,0.000000,-86147.281250,31992.621094,-118139.906250,-647251.875000,-765391.750000
ml,p5,973,2026-10-03,1744.243164,10.000000,1990.019287,50.000000,0.000000,0.000000,-0.000000,0.000000,0.000000,1695.410034,50.000000,0.000000,0.000000,-0.000000,0.000000,0.000000,1738.563477,50.000000,0.000000,0.000000,-0.000000,0.000000,0.000000,0.000000,-86147.281250,31992.621094,-118139.906250,-647251.875000,-765391.750000
ml,p5,973,2026-10-04,1747.443237,10.000000,1990.019287,50.000000,0.000000,0.000000,-0.000000,0.000000,0.000000,1695.410034,50.000000,0.000000,0.000000,-0.000000,0.000000,0.000000,1753.342285,50.000000,0.000000,0.000000,-0.000000,0.000000,0.000000,0.000000,-86147.281250,31992.621094,-118139.906250,-647251.875000,-765391.750000
ml,p5,973,2026-10-05,1736.097168,10.000000,1990.019287,50.000000,0.000000,0.000000,-0.000000,0.000000,0.000000,1695.410034,50.000000,0.000000,0.000000,-0.000000,0.000000,0.000000,1732.079834,50.000000,-7.000000,-7.000000,606227.937500,303.113953,-606227.937500,-606227.937500,520080.656250,32295.734375,-118443.015625,-647251.875000,-765694.875000
ml,p5,973,2026-10-06,1732.939575,10.000000,1990.019287,50.000000,0.000000,0.000000,-0.000000,0.000000,0.000000,1695.410034,50.000000,0.000000,0.000000,-0.000000,0.000000,0.000000,1724.075928,50.000000,0.000000,7.000000,-603426.562500,301.713287,0.000000,0.000000,-83345.906250,32597.449219,-115943.359375,-647251.875000,-763195.250000
ml,p5,973,2026-10-07,1737.267456,10.000000,1990.019287,50.000000,0.000000,0.000000,-0.000000,0.000000,0.000000,1695.410034,50.000000,0.000000,0.000000,-0.000000,0.000000,0.000000,1740.027344,50.000000,0.000000,0.000000,-0.000000,0.000000,0.000000,0.000000,-83345.906250,32597.449219,-115943.359375,-647251.875000,-763195.250000
ml,p5,973,2026-10-08,1753.263184,10.000000,1990.019287,50.000000,0.000000,0.000000,-0.000000,0.000000,0.000000,1695.410034,50.000000,0.000000,0.000000,-0.000000,0.000000,0.000000,1771.170898,50.000000,0.000000,0.000000,-0.000000,0.000000,0.000000,0.000000,-83345.906250,32597.449219,-115943.359375,-647251.875000,-763195.250000
ml,p5,973,2026-10-09,1746.829224,10.000000,1990.019287,50.000000,0.000000,0.000000,-0.000000,0.000000,0.000000,1695.410034,50.000000,0.000000,0.000000,-0.000000,0.000000,0.000000,1776.706299,50.000000,0.000000,0.000000,-0.000000,0.000000,0.000000,0.000000,-83345.906250,32597.449219,-115943.359375,-647251.875000,-763195.250000
ml,p5,973,2026-10-10,1748.653442,10.000000,1990.019287,50.000000,0.000000,0.000000,-0.000000,0.000000,0.000000,1695.410034,50.000000,0.000000,0.000000,-0.000000,0.000000,0.000000,1757.445190,50.000000,0.000000,0.000000,-0.000000,0.000000,0.000000,0.000000,-83345.906250,32597.449219,-115943.359375,-647251.875000,-763195.250000
ml,p5,973,2026-10-11,1738.077759,10.000000,1990.019287,50.000000,0.000000,0.000000,-0.000000,0.000000,0.000000,1695.410034,50.000000,0.000000,0.000000,-0.000000,0.000000,0.000000,1733.964233,50.000000,0.000000,0.000000,-0.000000,0.000000,0.000000,0.000000,-83345.906250,32597.449219,-115943.359375,-647251.875000,-763195.250000
ml,p5,973,2026-10-12,1737.328735,10.000000,1990.019287,50.000000,0.000000,0.000000,-0.000000,0.000000,0.000000,1695.410034,50.000000,0.000000,0.000000,-0.000000,0.000000,0.000000,1721.862305,50.000000,0.000000,0.000000,-0.000000,0.000000,0.000000,0.000000,-83345.906250,32597.449219,-115943.359375,-647251.875000,-763195.250000
ml,p5,973,2026-10-13,1723.005859,10.000000,1990.019287,50.000000,0.000000,0.000000,-0.000000,0.000000,0.000000,1695.410034,50.000000,0.000000,0.000000,-0.000000,0.000000,0.000000,1711.994751,50.000000,0.000000,0.000000,-0.000000,0.000000,0.000000,0.000000,-83345.906250,32597.449219,-115943.359375,-647251.875000,-763195.250000
ml,p5,973,2026-10-14,1726.340576,10.000000,1990.019287,50.000000,0.000000,0.000000,-0.000000,0.000000,0.000000,1695.410034,50.000000,0.000000,0.000000,-0.000000,0.000000,0.000000,1728.435059,50.000000,0.000000,0.000000,-0.000000,0.000000,0.000000,0.000000,-83345.906250,32597.449219,-115943.359375,-647251.875000,-763195.250000
ml,p5,973,2026-10-15,1728.941284,10.000000,1990.019287,50.000000,0.000000,0.000000,-0.000000,0.000000,0.000000,1695.410034,50.000000,0.000000,0.000000,-0.000000,0.000000,0.000000,1741.436035,50.000000,0.000000,0.000000,-0.000000,0.000000,0.000000,0.000000,-83345.906250,32597.449219,-115943.359375,-647251.875000,-763195.250000
ml,p5,973,2026-10-16,1740.476318,10.000000,1990.019287,50.000000,0.000000,0.000000,-0.000000,0.000000,0.000000,1695.410034,50.000000,0.000000,0.000000,-0.000000,0.000000,0.000000,1742.398438,50.000000,0.000000,0.000000,-0.000000,0.000000,0.000000,0.000000,-83345.906250,32597.449219,-115943.359375,-647251.875000,-763195.250000
ml,p5,973,2026-10-17,1767.759277,10.000000,1990.019287,50.000000,0.000000,0.000000,-0.000000,0.000000,0.000000,1695.410034,50.000000,0.000000,0.000000,-0.000000,0.000000,0.000000,1780.153687,50.000000,0.000000,0.000000,-0.000000,0.000000,0.000000,0.000000,-83345.906250,32597.449219,-115943.359375,-647251.875000,-763195.250000
ml,p5,973,2026-10-18,1774.744019,10.000000,1990.019287,50.000000,0.000000,0.000000,-0.000000,0.000000,0.000000,1695.410034,50.000000,0.000000,0.000000,-0.000000,0.000000,0.000000,1789.967529,50.000000,0.000000,0.000000,-0.000000,0.000000,0.000000,0.000000,-83345.906250,32597.449219,-115943.359375,-647251.875000,-763195.250000
ml,p5,973,2026-10-19,1758.939697,10.000000,1990.019287,50.000000,0.000000,0.000000,-0.000000,0.000000,0.000000,1695.410034,50.000000,0.000000,0.000000,-0.000000,0.000000,0.000000,1760.721069,50.000000,0.000000,0.000000,-0.000000,0.000000,0.000000,0.000000,-83345.906250,32597.449219,-115943.359375,-647251.875000,-763195.250000
ml,p5,973,2026-10-20,1759.520142,10.000000,1990.019287,50.000000,0.000000,0.000000,-0.000000,0.000000,0.000000,1695.410034,50.000000,0.000000,0.000000,-0.000000,0.000000,0.000000,1748.240112,50.000000,0.000000,0.000000,-0.000000,0.000000,0.000000,0.000000,-83345.906250,32597.449219,-115943.359375,-647251.875000,-763195.250000
ml,p5,973,2026-10-21,1772.937378,10.000000,1990.019287,50.000000,0.000000,0.000000,-0.000000,0.000000,0.000000,1695.410034,50.000000,0.000000,0.000000,-0.000000,0.000000,0.000000,1749.811279,50.000000,0.000000,0.000000,-0.000000,0.000000,0.000000,0.000000,-83345.906250,32597.449219,-115943.359375,-647251.875000,-763195.250000
ml,p5,973,2026-10-22,1765.021851,10.000000,1990.019287,50.000000,0.000000,0.000000,-0.000000,0.000000,0.000000,1695.410034,50.000000,0.000000,0.000000,-0.000000,0.000000,0.000000,1756.901245,50.000000,0.000000,0.000000,-0.000000,0.000000,0.000000,0.000000,-83345.906250,32597.449219,-115943.359375,-647251.875000,-763195.250000
ml,p5,973,2026-10-23,1781.103271,10.000000,1990.019287,50.000000,0.000000,0.000000,-0.000000,0.000000,0.000000,1695.410034,50.000000,0.000000,0.000000,-0.000000,0.000000,0.000000,1786.218872,50.000000,0.000000,0.000000,-0.000000,0.000000,0.000000,0.000000,-83345.906250,32597.449219,-115943.359375,-647251.875000,-763195.250000
ml,p5,973,2026-10-24,1806.866821,10.000000,1990.019287,50.000000,0.000000,0.000000,-0.000000,0.000000,0.000000,1695.410034,50.000000,0.000000,0.000000,-0.000000,0.000000,0.000000,1798.753052,50.000000,0.000000,0.000000,-0.000000,0.000000,0.000000,0.000000,-83345.906250,32597.449219,-115943.359375,-647251.875000,-763195.250000
ml,p5,973,2026-10-25,1804.229736,10.000000,1990.019287,50.000000,0.000000,0.000000,-0.000000,0.000000,0.000000,1695.410034,50.000000,0.000000,0.000000,-0.000000,0.000000,0.000000,1798.862427,50.000000,0.000000,0.000000,-0.000000,0.000000,0.000000,0.000000,-83345.906250,32597.449219,-115943.359375,-647251.875000,-763195.250000
ml,p5,973,2026-10-26,1786.244629,10.000000,1990.019287,50.000000,0.000000,0.000000,-0.000000,0.000000,0.000000,1695.410034,50.000000,0.000000,0.000000,-0.000000,0.000000,0.000000,1772.120850,50.000000,0.000000,0.000000,-0.000000,0.000000,0.000000,0.000000,-83345.906250,32597.449219,-115943.359375,-647251.875000,-763195.250000
ml,p5,973,2026-10-27,1781.540649,10.000000,1990.019287,50.000000,0.000000,0.000000,-0.000000,0.000000,0.000000,1695.410034,50.000000,0.000000,0.000000,-0.000000,0.000000,0.000000,1768.920166,50.000000,0.000000,0.000000,-0.000000,0.000000,0.000000,0.000000,-83345.906250,32597.449219,-115943.359375,-647251.875000,-763195.250000
ml,p5,973,2026-10-28,1782.105591,10.000000,1990.019287,50.000000,0.000000,0.000000,-0.000000,0.000000,0.000000,1695.410034,50.000000,0.000000,0.000000,-0.000000,0.000000,0.000000,1781.143555,50.000000,0.000000,0.000000,-0.000000,0.000000,0.000000,0.000000,-83345.906250,32597.449219,-115943.359375,-647251.875000,-763195.250000
ml,p5,973,2026-10-29,1775.100220,10.000000,1990.019287,50.000000,0.000000,0.000000,-0.000000,0.000000,0.000000,1695.410034,50.000000,0.000000,0.000000,-0.000000,0.000000,0.000000,1784.880615,50.000000,0.000000,0.000000,-0.000000,0.000000,0.000000,0.000000,-83345.906250,32597.449219,-115943.359375,-647251.875000,-763195.250000
ml,p5,973,2026-10-30,1771.165405,10.000000,1990.019287,50.000000,0.000000,0.000000,-0.000000,0.000000,0.000000,1695.410034,50.000000,0.000000,0.000000,-0.000000,0.000000,0.000000,1784.880615,50.000000,0.000000,0.000000,-0.000000,0.000000,0.000000,0.000000,-83345.906250,32597.449219,-115943.359375,-647251.875000,-763195.250000
ml,p95,293,2026-04-10,2055.000244,10.000000,2026.171509,50.000000,-7.000000,-7.000000,709160.000000,354.579987,-709160.000000,2047.068848,50.000000,-7.000000,-7.000000,716474.125000,358.237030,-716474.125000,2070.749756,50.000000,-7.000000,-7.000000,724762.375000,362.381195,-724762.375000,-2150396.500000,2150396.500000,1075.198242,-1075.198242,4854.181641,3778.983398
ml,p95,293,2026-04-11,2049.559326,10.000000,2028.704468,50.000000,-7.000000,0.000000,-0.000000,0.000000,-710046.562500,2049.383789,50.000000,-7.000000,0.000000,-0.000000,0.000000,-717284.312500,2071.580078,50.000000,-7.000000,0.000000,-0.000000,0.000000,-725053.000000,-2152384.000000,2150396.500000,1075.198242,-3062.698242,-8184.407715,-11247.105469
ml,p95,293,2026-04-12,2068.424316,10.000000,2073.531982,50.000000,-7.000000,0.000000,-0.000000,0.000000,-725736.187500,2094.873291,50.000000,-7.000000,0.000000,-0.000000,0.000000,-733205.687500,2118.580322,50.000000,-7.000000,0.000000,-0.000000,0.000000,-741503.125000,-2200445.000000,2150396.500000,1075.198242,-51123.699219,36176.476562,-14947.222656
ml,p95,293,2026-04-13,2073.841309,10.000000,2069.861572,50.000000,0.000000,7.000000,-724451.562500,362.225769,0.000000,2090.374756,50.000000,0.000000,7.000000,-731631.125000,365.815582,0.000000,2113.537109,50.000000,0.000000,7.000000,-739738.000000,369.868988,0.000000,0.000000,-45424.187500,2173.108643,-47597.296875,49062.917969,1465.621094
ml,p95,293,2026-04-14,2149.690186,10.000000,2154.381348,50.000000,0.000000,0.000000,-0.000000,0.000000,0.000000,2177.571533,50.000000,-7.000000,-7.000000,762150.062500,381.075012,-762150.062500,2201.214600,50.000000,-7.000000,-7.000000,770425.125000,385.212524,-770425.125000,-1532575.250000,1487151.000000,2939.395996,-48363.644531,240352.343750,191988.703125
ml,p95,293,2026-04-15,2156.121826,10.000000,2149.792236,50.000000,0.000000,0.000000,-0.000000,0.000000,0.000000,2171.270508,50.000000,0.000000,7.000000,-759944.687500,379.972321,0.000000,2193.157471,50.000000,0.000000,7.000000,-767605.125000,383.802551,0.000000,0.000000,-40398.812500,3703.170898,-44101.984375,256676.593750,212574.609375
ml,p95,293,2026-04-16,2115.137695,10.000000,2113.026855,50.000000,-7.000000,-7.000000,739559.375000,369.779694,-739559.375000,2133.761719,50.000000,-7.000000,-7.000000,746816.625000,373.408295,-746816.625000,2154.900879,50.000000,-7.000000,-7.000000,754215.312500,377.107666,-754215.312500,-2240591.250000,2200192.500000,4823.466797,-45222.218750,160951.296875,115729.078125
ml,p95,293,2026-04-17,2123.344971,10.000000,2139.041260,50.000000,0.000000,7.000000,-748664.437500,374.332214,0.000000,2160.033203,50.000000,0.000000,7.000000,-756011.625000,378.005768,0.000000,2182.403809,50.000000,0.000000,7.000000,-763841.312500,381.920654,0.000000,0.000000,-68324.875000,5957.725098,-74282.601562,184669.187500,110386.585938
ml,p95,293,2026-04-18,2086.323730,10.000000,2109.002197,50.000000,0.000000,0.000000,-0.000000,0.000000,0.000000,2129.323486,50.000000,0.000000,0.000000,-0.000000,0.000000,0.000000,2151.623535,50.000000,0.000000,0.000000,-0.000000,0.000000,0.000000,0.000000,-68324.875000,5957.725098,-74282.601562,106194.648438,31912.046875
ml,p95,293,2026-04-19,2073.350830,10.000000,2076.478760,50.000000,0.000000,0.000000,-0.000000,0.000000,0.000000,2095.164551,50.000000,0.000000,0.000000,-0.000000,0.000000,0.000000,2115.840088,50.000000,0.000000,0.000000,-0.000000,0.000000,0.000000,0.000000,-68324.875000,5957.725098,-74282.601562,83309.281250,9026.679688
ml,p95,293,2026-04-20,2066.145508,10.000000,2056.273682,50.000000,-7.000000,-7.000000,719695.812500,359.847900,-719695.812500,2075.108643,50.000000,-7.000000,-7.000000,726288.062500,363.144012,-726288.062500,2096.416992,50.000000,-7.000000,-7.000000,733745.937500,366.872955,-733745.937500,-2179729.750000,2111405.000000,7047.590332,-75372.343750,66055.343750,-9317.000000
ml,p95,293,2026-04-21,2045.336670,10.000000,2057.090088,50.000000,0.000000,7.000000,-719981.562500,359.990784,0.000000,2076.321777,50.000000,0.000000,7.000000,-726712.625000,363.356293,0.000000,2097.352051,50.000000,0.000000,7.000000,-734073.250000,367.036591,0.000000,0.000000,-69362.500000,8137.973633,-77500.476562,15979.632812,-61520.843750
ml,p95,293,2026-04-22,2035.725464,10.000000,2048.558350,50.000000,0.000000,0.000000,-0.000000,0.000000,0.000000,2066.644287,50.000000,-7.000000,-7.000000,723325.500000,361.662720,-723325.500000,2086.146484,50.000000,-7.000000,-7.000000,730151.250000,365.075623,-730151.250000,-1453476.750000,1384114.250000,8864.712891,-78227.210938,-8914.187500,-87141.398438
ml,p95,293,2026-04-23,2056.911133,10.000000,2103.125000,50.000000,0.000000,0.000000,-0.000000,0.000000,0.000000,2121.475098,50.000000,0.000000,7.000000,-742516.312500,371.258179,0.000000,2141.547607,50.000000,0.000000,7.000000,-749541.625000,374.770844,0.000000,0.000000,-107943.687500,9610.741211,-117554.429688,47038.636719,-70515.796875
ml,p95,293,2026-04-24,2048.366455,10.000000,2057.790527,50.000000,-7.000000,-7.000000,720226.687500,360.113312,-720226.687500,2075.037354,50.000000,-7.000000,-7.000000,726263.062500,363.131531,-726263.062500,2093.251221,50.000000,-7.000000,-7.000000,732637.937500,366.318970,-732637.937500,-2179127.750000,2071184.000000,10700.304688,-118644.054688,33778.820312,-84865.234375
ml,p95,293,2026-04-25,2046.602051,10.000000,2050.807861,50.000000,-7.000000,0.000000,-0.000000,0.000000,-717782.750000,2067.336182,50.000000,-7.000000,0.000000,-0.000000,0.000000,-723567.687500,2086.221924,50.000000,-7.000000,0.000000,-0.000000,0.000000,-730177.687500,-2171528.250000,2071184.000000,10700.304688,-111044.554688,32083.183594,-78961.375000
ml,p95,293,2026-04-26,2028.626465,10.000000,2044.039062,50.000000,-7.000000,0.000000,-0.000000,0.000000,-715413.687500,2060.602783,50.000000,-7.000000,0.000000,-0.000000,0.000000,-721211.000000,2080.438477,50.000000,-7.000000,0.000000,-0.000000,0.000000,-728153.437500,-2164778.250000,2071184.000000,10700.304688,-104294.554688,-4750.070312,-109044.625000
ml,p95,293,2026-04-27,2043.096680,10.000000,2060.188721,50.000000,0.000000,7.000000,-721066.062500,360.533020,0.000000,2077.117920,50.000000,0.000000,7.000000,-726991.250000,363.495636,0.000000,2097.369873,50.000000,0.000000,7.000000,-734079.437500,367.039703,0.000000,0.000000,-110952.750000,11791.373047,-122744.125000,37139.781250,-85604.343750
ml,p95,293,2026-04-28,2011.876953,10.000000,2047.564209,50.000000,0.000000,0.000000,-0.000000,0.000000,0.000000,2064.859619,50.000000,-7.000000,-7.000000,722700.875000,361.350464,-722700.875000,2085.639648,50.000000,-7.000000,-7.000000,729973.875000,364.986938,-729973.875000,-1452674.750000,1341722.000000,12517.710938,-123470.460938,-37547.597656,-161018.062500
ml,p95,293,2026-04-29,1991.874268,10.000000,2007.090210,50.000000,0.000000,0.000000,-0.000000,0.000000,0.000000,2024.468140,50.000000,0.000000,7.000000,-708563.875000,354.281921,0.000000,2045.688721,50.000000,0.000000,7.000000,-715991.062500,357.995514,0.000000,0.000000,-82832.937500,13229.988281,-96062.921875,-82887.531250,-178950.453125
ml,p95,293,2026-04-30,1988.643799,10.000000,2007.090210,50.000000,0.000000,0.000000,-0.000000,0.000000,0.000000,2000.447754,50.000000,-7.000000,-7.000000,700156.750000,350.078339,-700156.750000,2020.357422,50.000000,-7.000000,-7.000000,707125.125000,353.562561,-707125.125000,-1407281.875000,1324449.000000,13933.628906,-96766.500000,-92786.929688,-189553.437500
ml,p95,293,2026-05-01,1951.247803,10.000000,2007.090210,50.000000,0.000000,0.000000,-0.000000,0.000000,0.000000,1974.903687,50.000000,0.000000,7.000000,-691216.312500,345.608154,0.000000,1995.542114,50.000000,0.000000,7.000000,-698439.750000,349.219879,0.000000,0.000000,-65207.125000,14628.457031,-79835.578125,-194864.593750,-274700.187500
ml,p95,293,2026-05-02,1947.426514,10.000000,2007.090210,50.000000,0.000000,0.000000,-0.000000,0.000000,0.000000,1961.074951,50.000000,0.000000,0.000000,-0.000000,0.000000,0.000000,1982.084961,50.000000,0.000000,0.000000,-0.000000,0.000000,0.000000,0.000000,-65207.125000,14628.457031,-79835.578125,-212123.281250,-291958.875000
ml,p95,293,2026-05-03,1983.646973,10.000000,2007.090210,50.000000,0.000000,0.000000,-0.000000,0.000000,0.000000,2006.000977,50.000000,0.000000,0.000000,-0.000000,0.000000,0.000000,2027.772949,50.000000,0.000000,0.000000,-0.000000,0.000000,0.000000,0.000000,-65207.125000,14628.457031,-79835.578125,-119617.367188,-199452.937500
ml,p95,293,2026-05-04,1970.845459,10.000000,2007.090210,50.000000,0.000000,0.000000,-0.000000,0.000000,0.000000,1994.135254,50.000000,-7.000000,-7.000000,697947.375000,348.973633,-697947.375000,2016.165161,50.000000,-7.000000,-7.000000,705657.812500,352.828888,-705657.812500,-1403605.250000,1338398.000000,15330.259766,-80537.507812,-151326.531250,-231864.031250
ml,p95,293,2026-05-05,1958.523193,10.000000,2007.090210,50.000000,0.000000,0.000000,-0.000000,0.000000,0.000000,1985.960938,50.000000,0.000000,7.000000,-695086.312500,347.543182,0.000000,2008.211426,50.000000,0.000000,7.000000,-702874.000000,351.436981,0.000000,0.000000,-59562.250000,16029.240234,-75591.492188,-184729.359375,-260320.843750
ml,p95,293,2026-05-06,1869.827148,10.000000,2007.090210,50.000000,0.000000,0.000000,-0.000000,0.000000,0.000000,1885.096802,50.000000,-7.000000,-7.000000,659783.875000,329.891968,-659783.875000,1905.941406,50.000000,-7.000000,-7.000000,667079.500000,333.539734,-667079.500000,-1326863.375000,1267301.125000,16692.671875,-76254.921875,-407172.750000,-483427.687500
ml,p95,293,2026-05-07,1855.662598,10.000000,2007.090210,50.000000,0.000000,0.000000,-0.000000,0.000000,0.000000,1867.336548,50.000000,0.000000,7.000000,-653567.750000,326.783875,0.000000,1886.745850,50.000000,0.000000,7.000000,-660361.062500,330.180511,0.000000,0.000000,-46627.687500,17349.636719,-63977.324219,-443647.218750,-507624.531250
ml,p95,293,2026-05-08,1897.504639,10.000000,2007.090210,50.000000,0.000000,0.000000,-0.000000,0.000000,0.000000,1924.596680,50.000000,-7.000000,-7.000000,673608.812500,336.804413,-673608.812500,1946.953613,50.000000,-7.000000,-7.000000,681433.812500,340.716888,-681433.812500,-1355042.625000,1308415.000000,18027.156250,-64654.781250,-338373.562500,-403028.343750
ml,p95,293,2026-05-09,1907.822876,10.000000,2007.090210,50.000000,0.000000,0.000000,-0.000000,0.000000,0.000000,1928.580566,50.000000,-7.000000,0.000000,-0.000000,0.000000,-675003.250000,1951.859253,50.000000,-7.000000,0.000000,-0.000000,0.000000,-683150.750000,-1358154.000000,1308415.000000,18027.156250,-67766.156250,-315416.031250,-383182.187500
ml,p95,293,2026-05-10,1912.312378,10.000000,2007.090210,50.000000,0.000000,0.000000,-0.000000,0.000000,0.000000,1925.300171,50.000000,-7.000000,0.000000,-0.000000,0.000000,-673855.062500,1947.214722,50.000000,-7.000000,0.000000,-0.000000,0.000000,-681525.125000,-1355380.250000,1308415.000000,18027.156250,-64992.406250,-301266.031250,-366258.437500
ml,p95,293,2026-05-11,1868.723755,10.000000,2007.090210,50.000000,0.000000,0.000000,-0.000000,0.000000,0.000000,1850.699097,50.000000,0.000000,7.000000,-647744.687500,323.872314,0.000000,1871.170776,50.000000,0.000000,7.000000,-654909.750000,327.454865,0.000000,0.000000,5760.500000,18678.484375,-12917.984375,-415149.062500,-428067.062500
ml,p95,293,2026-05-12,1873.532715,10.000000,2007.090210,50.000000,0.000000,0.000000,-0.000000,0.000000,0.000000,1873.192749,50.000000,-7.000000,-7.000000,655617.500000,327.808716,-655617.500000,1894.032349,50.000000,-7.000000,-7.000000,662911.312500,331.455658,-662911.312500,-1318528.750000,1324289.250000,19337.750000,-13577.250000,-402628.312500,-416205.562500
ml,p95,293,2026-05-13,1984.456909,10.000000,2007.090210,50.000000,0.000000,0.000000,-0.000000,0.000000,0.000000,1978.463257,50.000000,0.000000,7.000000,-692462.187500,346.231049,0.000000,1998.692627,50.000000,0.000000,7.000000,-699542.437500,349.771210,0.000000,0.000000,-67715.312500,20033.750000,-87749.062500,-124398.453125,-212147.515625
ml,p95,293,2026-05-14,2048.032227,10.000000,2007.090210,50.000000,0.000000,0.000000,-0.000000,0.000000,0.000000,2062.652100,50.000000,-7.000000,-7.000000,721928.250000,360.964111,-721928.250000,2090.241943,50.000000,-7.000000,-7.000000,731584.687500,365.792328,-731584.687500,-1453513.000000,1385797.625000,20760.507812,-88475.882812,40684.558594,-47791.324219
ml,p95,293,2026-05-15,2051.453125,10.000000,2007.090210,50.000000,0.000000,0.000000,-0.000000,0.000000,0.000000,2067.926025,50.000000,0.000000,7.000000,-723774.125000,361.887054,0.000000,2097.101074,50.000000,0.000000,7.000000,-733985.375000,366.992706,0.000000,0.000000,-71961.875000,21489.386719,-93451.265625,41033.035156,-52418.230469
ml,p95,293,2026-05-16,2187.885742,10.000000,2007.090210,50.000000,0.000000,0.000000,-0.000000,0.000000,0.000000,2194.244873,50.000000,0.000000,0.000000,-0.000000,0.000000,0.000000,2222.130127,50.000000,0.000000,0.000000,-0.000000,0.000000,0.000000,0.000000,-71961.875000,21489.386719,-93451.265625,373482.218750,280030.937500
ml,p95,293,2026-05-17,2159.718994,10.000000,2007.090210,50.000000,0.000000,0.000000,-0.000000,0.000000,0.000000,2166.458740,50.000000,0.000000,0.000000,-0.000000,0.000000,0.000000,2198.804443,50.000000,0.000000,0.000000,-0.000000,0.000000,0.000000,0.000000,-71961.875000,21489.386719,-93451.265625,298214.718750,204763.453125
ml,p95,293,2026-05-18,2117.796875,10.000000,2007.090210,50.000000,0.000000,0.000000,-0.000000,0.000000,0.000000,2120.985596,50.000000,-7.000000,-7.000000,742345.000000,371.172455,-742345.000000,2151.341797,50.000000,-7.000000,-7.000000,752969.625000,376.484863,-752969.625000,-1495314.625000,1423352.750000,22237.044922,-94198.921875,192096.625000,97897.703125
ml,p95,293,2026-05-19,2085.696289,10.000000,2007.090210,50.000000,0.000000,0.000000,-0.000000,0.000000,0.000000,2079.175293,50.000000,0.000000,7.000000,-727711.312500,363.855682,0.000000,2111.715332,50.000000,0.000000,7.000000,-739100.375000,369.550171,0.000000,0.000000,-43458.937500,22970.449219,-66429.390625,110696.187500,44266.796875
ml,p95,293,2026-05-20,2074.237793,10.000000,2007.090210,50.000000,0.000000,0.000000,-0.000000,0.000000,0.000000,2076.176025,50.000000,-7.000000,-7.000000,726661.625000,363.330811,-726661.625000,2110.331055,50.000000,-7.000000,-7.000000,738615.875000,369.307922,-738615.875000,-1465277.500000,1421818.500000,23703.089844,-67162.093750,81555.195312,14393.101562
ml,p95,293,2026-05-21,2072.297363,10.000000,2007.090210,50.000000,0.000000,0.000000,-0.000000,0.000000,0.000000,2079.163818,50.000000,0.000000,7.000000,-727707.312500,363.853638,0.000000,2109.274658,50.000000,0.000000,7.000000,-738246.125000,369.123077,0.000000,0.000000,-44134.875000,24436.066406,-68570.937500,74941.914062,6370.976562
ml,p95,293,2026-05-22,2059.778076,10.000000,2007.090210,50.000000,0.000000,0.000000,-0.000000,0.000000,0.000000,2046.847168,50.000000,-7.000000,-7.000000,716396.500000,358.198273,-716396.500000,2074.057129,50.000000,-7.000000,-7.000000,725920.000000,362.959991,-725920.000000,-1442316.500000,1398181.625000,25157.222656,-69292.093750,41332.390625,-27959.703125
ml,p95,293,2026-05-23,2020.389038,10.000000,2007.090210,50.000000,0.000000,0.000000,-0.000000,0.000000,0.000000,2009.972534,50.000000,-7.000000,0.000000,-0.000000,0.000000,-703490.375000,2035.901733,50.000000,-7.000000,0.000000,-0.000000,0.000000,-712565.625000,-1416056.000000,1398181.625000,25157.222656,-43031.597656,-55592.253906,-98623.851562
ml,p95,293,2026-05-24,2068.922607,10.000000,2007.090210,50.000000,0.000000,0.000000,-0.000000,0.000000,0.000000,2080.982422,50.000000,-7.000000,0.000000,-0.000000,0.000000,-728343.875000,2107.644287,50.000000,-7.000000,0.000000,-0.000000,0.000000,-737675.500000,-1466019.375000,1398181.625000,25157.222656,-92994.968750,68817.140625,-24177.828125
ml,p95,293,2026-05-25,2087.841553,10.000000,2007.090210,50.000000,0.000000,0.000000,-0.000000,0.000000,0.000000,2110.240967,50.000000,-7.000000,0.000000,-0.000000,0.000000,-738584.312500,2140.276611,50.000000,-7.000000,0.000000,-0.000000,0.000000,-749096.812500,-1487681.125000,1398181.625000,25157.222656,-114656.718750,115040.992188,384.273438
ml,p95,293,2026-05-26,2103.921875,10.000000,2007.090210,50.000000,0.000000,0.000000,-0.000000,0.000000,0.000000,2124.508057,50.000000,0.000000,7.000000,-743577.812500,371.788879,0.000000,2153.500244,50.000000,0.000000,7.000000,-753725.125000,376.862549,0.000000,0.000000,-99121.312500,25905.875000,-125027.187500,156256.656250,31229.468750
ml,p95,293,2026-05-27,2091.423828,10.000000,2007.090210,50.000000,0.000000,0.000000,-0.000000,0.000000,0.000000,2158.313477,50.000000,0.000000,0.000000,-0.000000,0.000000,0.000000,2184.593262,50.000000,-7.000000,-7.000000,764607.625000,382.303802,-764607.625000,-764607.625000,665486.312500,26288.179688,-125409.492188,121951.117188,-3458.375000
ml,p95,293,2026-05-28,2080.188721,10.000000,2007.090210,50.000000,0.000000,0.000000,-0.000000,0.000000,0.000000,2125.059814,50.000000,-7.000000,-7.000000,743770.937500,371.885437,-743770.937500,2152.965332,50.000000,0.000000,7.000000,-753537.875000,376.768921,0.000000,-743770.937500,655719.375000,27036.832031,-115088.390625,95530.921875,-19557.468750
ml,p95,293,2026-05-29,2094.147949,10.000000,2007.090210,50.000000,0.000000,0.000000,-0.000000,0.000000,0.000000,2114.750000,50.000000,0.000000,7.000000,-740162.500000,370.081238,0.000000,2143.057861,50.000000,-7.000000,-7.000000,750070.250000,375.035095,-750070.250000,-750070.250000,665627.125000,27781.949219,-112225.078125,128977.710938,16752.632812
ml,p95,293,2026-05-30,2157.395996,10.000000,2007.090210,50.000000,0.000000,0.000000,-0.000000,0.000000,0.000000,2201.369629,50.000000,0.000000,0.000000,-0.000000,0.000000,0.000000,2231.327148,50.000000,-7.000000,0.000000,-0.000000,0.000000,-780964.500000,-780964.500000,665627.125000,27781.949219,-143119.328125,282167.875000,139048.546875
ml,p95,293,2026-05-31,2104.880127,10.000000,2007.090210,50.000000,0.000000,0.000000,-0.000000,0.000000,0.000000,2130.225586,50.000000,0.000000,0.000000,-0.000000,0.000000,0.000000,2156.492188,50.000000,-7.000000,0.000000,-0.000000,0.000000,-754772.250000,-754772.250000,665627.125000,27781.949219,-116927.078125,151012.187500,34085.109375
ml,p95,293,2026-06-01,2067.419678,10.000000,2007.090210,50.000000,0.000000,0.000000,-0.000000,0.000000,0.000000,2065.141357,50.000000,-7.000000,-7.000000,722799.437500,361.399719,-722799.437500,2090.646240,50.000000,0.000000,7.000000,-731726.187500,365.863098,0.000000,-722799.437500,656700.375000,28509.212891,-94608.273438,56005.257812,-38603.015625
ml,p95,293,2026-06-02,2073.840332,10.000000,2007.090210,50.000000,0.000000,0.000000,-0.000000,0.000000,0.000000,2078.880615,50.000000,0.000000,7.000000,-727608.187500,363.804108,0.000000,2104.313721,50.000000,-7.000000,-7.000000,736509.812500,368.254883,-736509.812500,-736509.812500,665602.000000,29241.271484,-100149.085938,71892.250000,-28256.835938
ml,p95,293,2026-06-03,2043.428955,10.000000,2007.090210,50.000000,0.000000,0.000000,-0.000000,0.000000,0.000000,2040.201904,50.000000,0.000000,0.000000,-0.000000,0.000000,0.000000,2064.315674,50.000000,0.000000,7.000000,-722510.500000,361.255249,0.000000,0.000000,-56908.500000,29602.527344,-86511.031250,-1422.664551,-87933.695312
ml,p95,293,2026-06-04,2050.909180,10.000000,2007.090210,50.000000,0.000000,0.000000,-0.000000,0.000000,0.000000,2052.605469,50.000000,0.000000,0.000000,-0.000000,0.000000,0.000000,2078.009766,50.000000,-7.000000,-7.000000,727303.437500,363.651672,-727303.437500,-727303.437500,670394.937500,29966.179688,-86874.679688,17952.533203,-68922.148438
ml,p95,293,2026-06-05,2056.157959,10.000000,2007.090210,50.000000,0.000000,0.000000,-0.000000,0.000000,0.000000,2057.648682,50.000000,0.000000,0.000000,-0.000000,0.000000,0.000000,2083.958740,50.000000,0.000000,7.000000,-729385.562500,364.692780,0.000000,0.000000,-58990.625000,30330.871094,-89321.500000,32311.792969,-57009.707031
ml,p95,293,2026-06-06,2069.800781,10.000000,2007.090210,50.000000,0.000000,0.000000,-0.000000,0.000000,0.000000,2064.891357,50.000000,0.000000,0.000000,-0.000000,0.000000,0.000000,2092.794189,50.000000,0.000000,0.000000,-0.000000,0.000000,0.000000,0.000000,-58990.625000,30330.871094,-89321.500000,65288.164062,-24033.335938
ml,p95,293,2026-06-07,2100.253174,10.000000,2007.090210,50.000000,0.000000,0.000000,-0.000000,0.000000,0.000000,2100.746094,50.000000,0.000000,0.000000,-0.000000,0.000000,0.000000,2127.153076,50.000000,0.000000,0.000000,-0.000000,0.000000,0.000000,0.000000,-58990.625000,30330.871094,-89321.500000,136970.218750,47648.718750
ml,p95,293,2026-06-08,2099.446045,10.000000,2007.090210,50.000000,0.000000,0.000000,-0.000000,0.000000,0.000000,2115.679199,50.000000,0.000000,0.000000,-0.000000,0.000000,0.000000,2139.593750,50.000000,-7.000000,-7.000000,748857.812500,374.428894,-748857.812500,-748857.812500,689867.187500,30705.300781,-89695.921875,138781.687500,49085.765625
ml,p95,293,2026-06-09,2075.483643,10.000000,2007.090210,50.000000,0.000000,0.000000,-0.000000,0.000000,0.000000,2092.625488,50.000000,0.000000,0.000000,-0.000000,0.000000,0.000000,2114.663574,50.000000,0.000000,7.000000,-740132.250000,370.066101,0.000000,0.000000,-50265.062500,31075.367188,-81340.429688,78785.546875,-2554.882812
ml,p95,293,2026-06-10,2103.200684,10.000000,2007.090210,50.000000,0.000000,0.000000,-0.000000,0.000000,0.000000,2115.532715,50.000000,0.000000,0.000000,-0.000000,0.000000,0.000000,2136.067871,50.000000,-7.000000,-7.000000,747623.750000,373.811829,-747623.750000,-747623.750000,697358.687500,31449.177734,-81714.242188,148967.531250,67253.289062
ml,p95,293,2026-06-11,2103.061035,10.000000,2007.090210,50.000000,0.000000,0.000000,-0.000000,0.000000,0.000000,2129.701904,50.000000,0.000000,0.000000,-0.000000,0.000000,0.000000,2155.133301,50.000000,0.000000,7.000000,-754296.687500,377.148315,0.000000,0.000000,-56938.000000,31826.326172,-88764.328125,146394.156250,57629.828125
ml,p95,293,2026-06-12,2124.212891,10.000000,2007.090210,50.000000,0.000000,0.000000,-0.000000,0.000000,0.000000,2149.121338,50.000000,0.000000,0.000000,-0.000000,0.000000,0.000000,2174.960938,50.000000,-7.000000,-7.000000,761236.312500,380.618164,-761236.312500,-761236.312500,704298.312500,32206.945312,-89144.945312,198415.281250,109270.335938
ml,p95,293,2026-06-13,2160.649170,10.000000,2007.090210,50.000000,0.000000,0.000000,-0.000000,0.000000,0.000000,2155.986572,50.000000,0.000000,0.000000,-0.000000,0.000000,0.000000,2182.445557,50.000000,-7.000000,0.000000,-0.000000,0.000000,-763855.937500,-763855.937500,704298.312500,32206.945312,-91764.570312,288953.781250,197189.218750
ml,p95,293,2026-06-14,2163.962158,10.000000,2007.090210,50.000000,0.000000,0.000000,-0.000000,0.000000,0.000000,2165.897705,50.000000,0.000000,0.000000,-0.000000,0.000000,0.000000,2192.525635,50.000000,-7.000000,0.000000,-0.000000,0.000000,-767384.000000,-767384.000000,704298.312500,32206.945312,-95292.632812,300244.375000,204951.750000
ml,p95,293,2026-06-15,2204.119629,10.000000,2007.090210,50.000000,0.000000,0.000000,-0.000000,0.000000,0.000000,2229.678223,50.000000,0.000000,0.000000,-0.000000,0.000000,0.000000,2257.619873,50.000000,0.000000,7.000000,-790166.937500,395.083435,0.000000,0.000000,-85868.625000,32602.027344,-118470.656250,401300.062500,282829.406250
ml,p95,293,2026-06-16,2203.428955,10.000000,2007.090210,50.000000,0.000000,0.000000,-0.000000,0.000000,0.000000,2203.069824,50.000000,0.000000,0.000000,-0.000000,0.000000,0.000000,2230.363037,50.000000,-7.000000,-7.000000,780627.062500,390.313538,-780627.062500,-780627.062500,694758.437500,32992.343750,-118860.968750,397722.531250,278861.562500
ml,p95,293,2026-06-17,2213.323486,10.000000,2007.090210,50.000000,0.000000,0.000000,-0.000000,0.000000,0.000000,2220.190918,50.000000,0.000000,0.000000,-0.000000,0.000000,0.000000,2249.560547,50.000000,0.000000,7.000000,-787346.187500,393.673065,0.000000,0.000000,-92587.750000,33386.015625,-125973.765625,422803.187500,296829.437500
ml,p95,293,2026-06-18,2186.255859,10.000000,2007.090210,50.000000,0.000000,0.000000,-0.000000,0.000000,0.000000,2184.923584,50.000000,0.000000,0.000000,-0.000000,0.000000,0.000000,2209.584717,50.000000,-7.000000,-7.000000,773354.625000,386.677307,-773354.625000,-773354.625000,680766.875000,33772.691406,-126360.437500,354080.187500,227719.750000
ml,p95,293,2026-06-19,2294.680664,10.000000,2007.090210,50.000000,0.000000,0.000000,-0.000000,0.000000,0.000000,2295.392578,50.000000,0.000000,0.000000,-0.000000,0.000000,0.000000,2322.564209,50.000000,-7.000000,0.000000,-0.000000,0.000000,-812897.437500,-812897.437500,680766.875000,33772.691406,-165903.250000,625422.937500,459519.687500
ml,p95,293,2026-06-20,2328.510498,10.000000,2007.090210,50.000000,0.000000,0.000000,-0.000000,0.000000,0.000000,2320.475830,50.000000,0.000000,0.000000,-0.000000,0.000000,0.000000,2346.642822,50.000000,-7.000000,0.000000,-0.000000,0.000000,-821325.000000,-821325.000000,680766.875000,33772.691406,-174330.812500,706972.687500,532641.875000
ml,p95,293,2026-06-21,2385.857178,10.000000,2007.090210,50.000000,0.000000,0.000000,-0.000000,0.000000,0.000000,2384.897461,50.000000,0.000000,0.000000,-0.000000,0.000000,0.000000,2413.917969,50.000000,-7.000000,0.000000,-0.000000,0.000000,-844871.312500,-844871.312500,680766.875000,33772.691406,-197877.125000,851492.062500,653614.937500
ml,p95,293,2026-06-22,2419.540039,10.000000,2007.090210,50.000000,0.000000,0.000000,-0.000000,0.000000,0.000000,2425.260742,50.000000,0.000000,0.000000,-0.000000,0.000000,0.000000,2454.033203,50.000000,0.000000,7.000000,-858911.625000,429.455750,0.000000,0.000000,-178144.750000,34202.148438,-212346.906250,935390.187500,723043.250000
ml,p95,293,2026-06-23,2463.737793,10.000000,2007.090210,50.000000,0.000000,0.000000,-0.000000,0.000000,0.000000,2455.796631,50.000000,0.000000,0.000000,-0.000000,0.000000,0.000000,2481.029785,50.000000,0.000000,0.000000,-0.000000,0.000000,0.000000,0.000000,-178144.750000,34202.148438,-212346.906250,1046197.750000,833850.875000
ml,p95,293,2026-06-24,2492.374268,10.000000,2007.090210,50.000000,0.000000,0.000000,-0.000000,0.000000,0.000000,2504.021484,50.000000,0.000000,0.000000,-0.000000,0.000000,0.000000,2527.417725,50.000000,0.000000,0.000000,-0.000000,0.000000,0.000000,0.000000,-178144.750000,34202.148438,-212346.906250,1117547.250000,905200.375000
ml,p95,293,2026-06-25,2493.959961,10.000000,2007.090210,50.000000,0.000000,0.000000,-0.000000,0.000000,0.000000,2487.671143,50.000000,0.000000,0.000000,-0.000000,0.000000,0.000000,2515.933838,50.000000,-7.000000,-7.000000,880576.875000,440.288452,-880576.875000,-880576.875000,702432.125000,34642.437500,-212787.187500,1122532.000000,909744.812500
ml,p95,293,2026-06-26,2490.349854,10.000000,2007.090210,50.000000,0.000000,0.000000,-0.000000,0.000000,0.000000,2508.499023,50.000000,0.000000,0.000000,-0.000000,0.000000,0.000000,2532.835449,50.000000,0.000000,7.000000,-886492.375000,443.246185,0.000000,0.000000,-184060.250000,35085.679688,-219145.937500,1111552.000000,892406.062500
ml,p95,293,2026-06-27,2480.242432,10.000000,2007.090210,50.000000,0.000000,0.000000,-0.000000,0.000000,0.000000,2503.930420,50.000000,0.000000,0.000000,-0.000000,0.000000,0.000000,2527.672852,50.000000,0.000000,0.000000,-0.000000,0.000000,0.000000,0.000000,-184060.250000,35085.679688,-219145.937500,1085674.500000,866528.562500
ml,p95,293,2026-06-28,2473.451416,10.000000,2007.090210,50.000000,0.000000,0.000000,-0.000000,0.000000,0.000000,2494.132812,50.000000,0.000000,0.000000,-0.000000,0.000000,0.000000,2519.164795,50.000000,0.000000,0.000000,-0.000000,0.000000,0.000000,0.000000,-184060.250000,35085.679688,-219145.937500,1068208.875000,849062.937500
ml,p95,293,2026-06-29,2552.264160,10.000000,2007.090210,50.000000,0.000000,0.000000,-0.000000,0.000000,0.000000,2572.947266,50.000000,0.000000,0.000000,-0.000000,0.000000,0.000000,2597.922607,50.000000,0.000000,0.000000,-0.000000,0.000000,0.000000,0.000000,-184060.250000,35085.679688,-219145.937500,1261950.750000,1042804.812500
ml,p95,293,2026-06-30,2523.477295,10.000000,2007.090210,50.000000,0.000000,0.000000,-0.000000,0.000000,0.000000,2501.066895,50.000000,0.000000,0.000000,-0.000000,0.000000,0.000000,2525.328857,50.000000,-7.000000,-7.000000,883865.125000,441.932556,-883865.125000,-883865.125000,699804.875000,35527.617188,-219587.875000,1188358.250000,968770.375000
ml,p95,293,2026-07-01,2511.549805,10.000000,2007.090210,50.000000,0.000000,0.000000,-0.000000,0.000000,0.000000,2504.451172,50.000000,0.000000,0.000000,-0.000000,0.000000,0.000000,2529.354004,50.000000,0.000000,7.000000,-885273.937500,442.636932,0.000000,0.000000,-185469.062500,35970.250000,-221439.312500,1158989.250000,937549.937500
ml,p95,293,2026-07-02,2535.308105,10.000000,2007.090210,50.000000,0.000000,0.000000,-0.000000,0.000000,0.000000,2535.255127,50.000000,0.000000,0.000000,-0.000000,0.000000,0.000000,2559.697510,50.000000,0.000000,0.000000,-0.000000,0.000000,0.000000,0.000000,-185469.062500,35970.250000,-221439.312500,1214822.125000,993382.812500
ml,p95,293,2026-07-03,2503.517090,10.000000,2007.090210,50.000000,0.000000,0.000000,-0.000000,0.000000,0.000000,2487.274902,50.000000,0.000000,0.000000,-0.000000,0.000000,0.000000,2511.238525,50.000000,-7.000000,-7.000000,878933.500000,439.466736,-878933.500000,-878933.500000,693464.437500,36409.718750,-221878.781250,1140112.875000,918234.125000
ml,p95,293,2026-07-04,2500.820557,10.000000,2007.090210,50.000000,0.000000,0.000000,-0.000000,0.000000,0.000000,2481.289062,50.000000,0.000000,0.000000,-0.000000,0.000000,0.000000,2504.339600,50.000000,-7.000000,0.000000,-0.000000,0.000000,-876518.875000,-876518.875000,693464.437500,36409.718750,-219464.156250,1132922.125000,913458.000000
ml,p95,293,2026-07-05,2520.679932,10.000000,2007.090210,50.000000,0.000000,0.000000,-0.000000,0.000000,0.000000,2512.694092,50.000000,0.000000,0.000000,-0.000000,0.000000,0.000000,2534.410400,50.000000,-7.000000,0.000000,-0.000000,0.000000,-887043.625000,-887043.625000,693464.437500,36409.718750,-229988.906250,1175609.250000,945620.375000
ml,p95,293,2026-07-06,2509.153320,10.000000,2007.090210,50.000000,0.000000,0.000000,-0.000000,0.000000,0.000000,2513.062988,50.000000,0.000000,0.000000,-0.000000,0.000000,0.000000,2537.505859,50.000000,0.000000,7.000000,-888127.062500,444.063538,0.000000,0.000000,-194662.625000,36853.781250,-231516.406250,1149822.000000,918305.625000
ml,p95,293,2026-07-07,2512.199951,10.000000,2007.090210,50.000000,0.000000,0.000000,-0.000000,0.000000,0.000000,2513.461914,50.000000,0.000000,0.000000,-0.000000,0.000000,0.000000,2538.647461,50.000000,0.000000,0.000000,-0.000000,0.000000,0.000000,0.000000,-194662.625000,36853.781250,-231516.406250,1154730.875000,923214.500000
ml,p95,293,2026-07-08,2550.643311,10.000000,2007.090210,50.000000,0.000000,0.000000,-0.000000,0.000000,0.000000,2575.360840,50.000000,0.000000,0.000000,-0.000000,0.000000,0.000000,2600.165039,50.000000,0.000000,0.000000,-0.000000,0.000000,0.000000,0.000000,-194662.625000,36853.781250,-231516.406250,1229521.750000,998005.375000
ml,p95,293,2026-07-09,2542.852051,10.000000,2007.090210,50.000000,0.000000,0.000000,-0.000000,0.000000,0.000000,2540.633057,50.000000,0.000000,0.000000,-0.000000,0.000000,0.000000,2565.007812,50.000000,0.000000,0.000000,-0.000000,0.000000,0.000000,0.000000,-194662.625000,36853.781250,-231516.406250,1214122.375000,982606.000000
ml,p95,293,2026-07-10,2571.826660,10.000000,2007.090210,50.000000,0.000000,0.000000,-0.000000,0.000000,0.000000,2574.652588,50.000000,0.000000,0.000000,-0.000000,0.000000,0.000000,2599.297852,50.000000,0.000000,0.000000,-0.000000,0.000000,0.000000,0.000000,-194662.625000,36853.781250,-231516.406250,1263358.125000,1031841.750000
ml,p95,293,2026-07-11,2571.188965,10.000000,2007.090210,50.000000,0.000000,0.000000,-0.000000,0.000000,0.000000,2596.724854,50.000000,0.000000,0.000000,-0.000000,0.000000,0.000000,2624.009766,50.000000,0.000000,0.000000,-0.000000,0.000000,0.000000,0.000000,-194662.625000,36853.781250,-231516.406250,1261372.500000,1029856.125000
ml,p95,293,2026-07-12,2523.929688,10.000000,2007.090210,50.000000,0.000000,0.000000,-0.000000,0.000000,0.000000,2521.782227,50.000000,0.000000,0.000000,-0.000000,0.000000,0.000000,2549.502197,50.000000,0.000000,0.000000,-0.000000,0.000000,0.000000,0.000000,-194662.625000,36853.781250,-231516.406250,1182825.250000,951308.875000
ml,p95,293,2026-07-13,2533.210205,10.000000,2007.090210,50.000000,0.000000,0.000000,-0.000000,0.000000,0.000000,2541.407227,50.000000,0.000000,0.000000,-0.000000,0.000000,0.000000,2570.561279,50.000000,0.000000,0.000000,-0.000000,0.000000,0.000000,0.000000,-194662.625000,36853.781250,-231516.406250,1196707.375000,965191.000000
ml,p95,293,2026-07-14,2557.974365,10.000000,2007.090210,50.000000,0.000000,0.000000,-0.000000,0.000000,0.000000,2570.983887,50.000000,0.000000,0.000000,-0.000000,0.000000,0.000000,2600.062988,50.000000,0.000000,0.000000,-0.000000,0.000000,0.000000,0.000000,-194662.625000,36853.781250,-231516.406250,1233430.750000,1001914.375000
ml,p95,293,2026-07-15,2558.317383,10.000000,2007.090210,50.000000,0.000000,0.000000,-0.000000,0.000000,0.000000,2565.562012,50.000000,0.000000,0.000000,-0.000000,0.000000,0.000000,2591.407471,50.000000,0.000000,0.000000,-0.000000,0.000000,0.000000,0.000000,-194662.625000,36853.781250,-231516.406250,1233698.875000,1002182.500000
ml,p95,293,2026-07-16,2607.035889,10.000000,2007.090210,50.000000,0.000000,0.000000,-0.000000,0.000000,0.000000,2625.586670,50.000000,0.000000,0.000000,-0.000000,0.000000,0.000000,2652.526611,50.000000,0.000000,0.000000,-0.000000,0.000000,0.000000,0.000000,-194662.625000,36853.781250,-231516.406250,1296961.000000,1065444.625000
ml,p95,293,2026-07-17,2598.994141,10.000000,2007.090210,50.000000,0.000000,0.000000,-0.000000,0.000000,0.000000,2600.481934,50.000000,0.000000,0.000000,-0.000000,0.000000,0.000000,2627.181152,50.000000,0.000000,0.000000,-0.000000,0.000000,0.000000,0.000000,-194662.625000,36853.781250,-231516.406250,1286793.250000,1055276.875000
ml,p95,293,2026-07-18,2576.125977,10.000000,2007.090210,50.000000,0.000000,0.000000,-0.000000,0.000000,0.000000,2583.610840,50.000000,0.000000,0.000000,-0.000000,0.000000,0.000000,2609.941406,50.000000,0.000000,0.000000,-0.000000,0.000000,0.000000,0.000000,-194662.625000,36853.781250,-231516.406250,1261617.250000,1030100.875000
ml,p95,293,2026-07-19,2560.705811,10.000000,2007.090210,50.000000,0.000000,0.000000,-0.000000,0.000000,0.000000,2561.921875,50.000000,0.000000,0.000000,-0.000000,0.000000,0.000000,2588.791992,50.000000,0.000000,0.000000,-0.000000,0.000000,0.000000,0.000000,-194662.625000,36853.781250,-231516.406250,1244762.500000,1013246.125000
ml,p95,293,2026-07-20,2523.945312,10.000000,2007.090210,50.000000,0.000000,0.000000,-0.000000,0.000000,0.000000,2529.495605,50.000000,0.000000,0.000000,-0.000000,0.000000,0.000000,2554.422363,50.000000,0.000000,0.000000,-0.000000,0.000000,0.000000,0.000000,-194662.625000,36853.781250,-231516.406250,1204344.375000,972828.000000
ml,p95,293,2026-07-21,2526.230713,10.000000,2007.090210,50.000000,0.000000,0.000000,-0.000000,0.000000,0.000000,2536.712402,50.000000,0.000000,0.000000,-0.000000,0.000000,0.000000,2559.633301,50.000000,0.000000,0.000000,-0.000000,0.000000,0.000000,0.000000,-194662.625000,36853.781250,-231516.406250,1206135.125000,974618.750000
ml,p95,293,2026-07-22,2532.505859,10.000000,2007.090210,50.000000,0.000000,0.000000,-0.000000,0.000000,0.000000,2543.009277,50.000000,0.000000,0.000000,-0.000000,0.000000,0.000000,2564.414307,50.000000,0.000000,0.000000,-0.000000,0.000000,0.000000,0.000000,-194662.625000,36853.781250,-231516.406250,1211323.000000,979806.625000
ml,p95,293,2026-07-23,2550.401611,10.000000,2007.090210,50.000000,0.000000,0.000000,-0.000000,0.000000,0.000000,2548.483398,50.000000,0.000000,0.000000,-0.000000,0.000000,0.000000,2571.000977,50.000000,0.000000,0.000000,-0.000000,0.000000,0.000000,0.000000,-194662.625000,36853.781250,-231516.406250,1224605.875000,993089.500000
ml,p95,293,2026-07-24,2554.125488,10.000000,2007.090210,50.000000,0.000000,0.000000,-0.000000,0.000000,0.000000,2548.686523,50.000000,0.000000,0.000000,-0.000000,0.000000,0.000000,2572.956055,50.000000,0.000000,0.000000,-0.000000,0.000000,0.000000,0.000000,-194662.625000,36853.781250,-231516.406250,1226815.750000,995299.375000
ml,p95,293,2026-07-25,2546.937744,10.000000,2007.090210,50.000000,0.000000,0.000000,-0.000000,0.000000,0.000000,2554.086426,50.000000,0.000000,0.000000,-0.000000,0.000000,0.000000,2580.534912,50.000000,0.000000,0.000000,-0.000000,0.000000,0.000000,0.000000,-194662.625000,36853.781250,-231516.406250,1222656.875000,991140.500000
ml,p95,293,2026-07-26,2561.647461,10.000000,2007.090210,50.000000,0.000000,0.000000,-0.000000,0.000000,0.000000,2563.305908,50.000000,0.000000,0.000000,-0.000000,0.000000,0.000000,2591.145264,50.000000,0.000000,0.000000,-0.000000,0.000000,0.000000,0.000000,-194662.625000,36853.781250,-231516.406250,1230432.500000,998916.125000
ml,p95,293,2026-07-27,2553.991455,10.000000,2007.090210,50.000000,0.000000,0.000000,-0.000000,0.000000,0.000000,2591.938721,50.000000,0.000000,0.000000,-0.000000,0.000000,0.000000,2616.910889,50.000000,0.000000,0.000000,-0.000000,0.000000,0.000000,0.000000,-194662.625000,36853.781250,-231516.406250,1226160.375000,994644.000000
ml,p95,293,2026-07-28,2558.340576,10.000000,2007.090210,50.000000,0.000000,0.000000,-0.000000,0.000000,0.000000,2584.887939,50.000000,0.000000,0.000000,-0.000000,0.000000,0.000000,2608.837402,50.000000,0.000000,0.000000,-0.000000,0.000000,0.000000,0.000000,-194662.625000,36853.781250,-231516.406250,1227938.125000,996421.750000
ml,p95,293,2026-07-29,2586.753906,10.000000,2007.090210,50.000000,0.000000,0.000000,-0.000000,0.000000,0.000000,2596.878174,50.000000,0.000000,0.000000,-0.000000,0.000000,0.000000,2620.590088,50.000000,0.000000,0.000000,-0.000000,0.000000,0.000000,0.000000,-194662.625000,36853.781250,-231516.406250,1237162.875000,1005646.500000
ml,p95,293,2026-07-30,2606.062500,10.000000,2007.090210,50.000000,0.000000,0.000000,-0.000000,0.000000,0.000000,2596.878174,50.000000,0.000000,0.000000,-0.000000,0.000000,0.000000,2645.438232,50.000000,0.000000,0.000000,-0.000000,0.000000,0.000000,0.000000,-194662.625000,36853.781250,-231516.406250,1241360.375000,1009844.000000
ml,p95,293,2026-07-31,2587.612793,10.000000,2007.090210,50.000000,0.000000,0.000000,-0.000000,0.000000,0.000000,2596.878174,50.000000,0.000000,0.000000,-0.000000,0.000000,0.000000,2613.792480,50.000000,0.000000,0.000000,-0.000000,0.000000,0.000000,0.000000,-194662.625000,36853.781250,-231516.406250,1239442.500000,1007926.125000
ml,p95,293,2026-08-01,2608.802979,10.000000,2007.090210,50.000000,0.000000,0.000000,-0.000000,0.000000,0.000000,2596.878174,50.000000,0.000000,0.000000,-0.000000,0.000000,0.000000,2644.215820,50.000000,0.000000,0.000000,-0.000000,0.000000,0.000000,0.000000,-194662.625000,36853.781250,-231516.406250,1239545.875000,1008029.500000
ml,p95,293,2026-08-02,2595.335938,10.000000,2007.090210,50.000000,0.000000,0.000000,-0.000000,0.000000,0.000000,2596.878174,50.000000,0.000000,0.000000,-0.000000,0.000000,0.000000,2625.390625,50.000000,0.000000,0.000000,-0.000000,0.000000,0.000000,0.000000,-194662.625000,36853.781250,-231516.406250,1239648.125000,1008131.750000
ml,p95,293,2026-08-03,2608.064209,10.000000,2007.090210,50.000000,0.000000,0.000000,-0.000000,0.000000,0.000000,2596.878174,50.000000,0.000000,0.000000,-0.000000,0.000000,0.000000,2658.529785,50.000000,0.000000,0.000000,-0.000000,0.000000,0.000000,0.000000,-194662.625000,36853.781250,-231516.406250,1239750.875000,1008234.500000
ml,p95,293,2026-08-04,2612.836426,10.000000,2007.090210,50.000000,0.000000,0.000000,-0.000000,0.000000,0.000000,2596.878174,50.000000,0.000000,0.000000,-0.000000,0.000000,0.000000,2634.984131,50.000000,0.000000,0.000000,-0.000000,0.000000,0.000000,0.000000,-194662.625000,36853.781250,-231516.406250,1239852.375000,1008336.000000
ml,p95,293,2026-08-05,2622.762939,10.000000,2007.090210,50.000000,0.000000,0.000000,-0.000000,0.000000,0.000000,2596.878174,50.000000,0.000000,0.000000,-0.000000,0.000000,0.000000,2649.013428,50.000000,0.000000,0.000000,-0.000000,0.000000,0.000000,0.000000,-194662.625000,36853.781250,-231516.406250,1239951.750000,1008435.375000
ml,p95,293,2026-08-06,2664.057617,10.000000,2007.090210,50.000000,0.000000,0.000000,-0.000000,0.000000,0.000000,2596.878174,50.000000,0.000000,0.000000,-0.000000,0.000000,0.000000,2689.314453,50.000000,0.000000,0.000000,-0.000000,0.000000,0.000000,0.000000,-194662.625000,36853.781250,-231516.406250,1239951.750000,1008435.375000
ml,p95,293,2026-08-07,2640.540527,10.000000,2007.090210,50.000000,0.000000,0.000000,-0.000000,0.000000,0.000000,2596.878174,50.000000,0.000000,0.000000,-0.000000,0.000000,0.000000,2666.066162,50.000000,0.000000,0.000000,-0.000000,0.000000,0.000000,0.000000,-194662.625000,36853.781250,-231516.406250,1239951.750000,1008435.375000
ml,p95,293,2026-08-08,2619.671631,10.000000,2007.090210,50.000000,0.000000,0.000000,-0.000000,0.000000,0.000000,2596.878174,50.000000,0.000000,0.000000,-0.000000,0.000000,0.000000,2647.297119,50.000000,0.000000,0.000000,-0.000000,0.000000,0.000000,0.000000,-194662.625000,36853.781250,-231516.406250,1239951.750000,1008435.375000
ml,p95,293,2026-08-09,2616.093018,10.000000,2007.090210,50.000000,0.000000,0.000000,-0.000000,0.000000,0.000000,2596.878174,50.000000,0.000000,0.000000,-0.000000,0.000000,0.000000,2650.616211,50.000000,0.000000,0.000000,-0.000000,0.000000,0.000000,0.000000,-194662.625000,36853.781250,-231516.406250,1239951.750000,1008435.375000
ml,p95,293,2026-08-10,2600.797852,10.000000,2007.090210,50.000000,0.000000,0.000000,-0.000000,0.000000,0.000000,2596.878174,50.000000,0.000000,0.000000,-0.000000,0.000000,0.000000,2626.795410,50.000000,0.000000,0.000000,-0.000000,0.000000,0.000000,0.000000,-194662.625000,36853.781250,-231516.406250,1239951.750000,1008435.375000
ml,p95,293,2026-08-11,2578.257080,10.000000,2007.090210,50.000000,0.000000,0.000000,-0.000000,0.000000,0.000000,2596.878174,50.000000,0.000000,0.000000,-0.000000,0.000000,0.000000,2580.940918,50.000000,0.000000,0.000000,-0.000000,0.000000,0.000000,0.000000,-194662.625000,36853.781250,-231516.406250,1239951.750000,1008435.375000
ml,p95,293,2026-08-12,2602.585449,10.000000,2007.090210,50.000000,0.000000,0.000000,-0.000000,0.000000,0.000000,2596.878174,50.000000,0.000000,0.000000,-0.000000,0.000000,0.000000,2624.842529,50.000000,0.000000,0.000000,-0.000000,0.000000,0.000000,0.000000,-194662.625000,36853.781250,-231516.406250,1239951.750000,1008435.375000
ml,p95,293,2026-08-13,2644.166504,10.000000,2007.090210,50.000000,0.000000,0.000000,-0.000000,0.000000,0.000000,2596.878174,50.000000,0.000000,0.000000,-0.000000,0.000000,0.000000,2667.308838,50.000000,0.000000,0.000000,-0.000000,0.000000,0.000000,0.000000,-194662.625000,36853.781250,-231516.406250,1239951.750000,1008435.375000
ml,p95,293,2026-08-14,2641.404297,10.000000,2007.090210,50.000000,0.000000,0.000000,-0.000000,0.000000,0.000000,2596.878174,50.000000,0.000000,0.000000,-0.000000,0.000000,0.000000,2663.431152,50.000000,0.000000,0.000000,-0.000000,0.000000,0.000000,0.000000,-194662.625000,36853.781250,-231516.406250,1239951.750000,1008435.375000
ml,p95,293,2026-08-15,2611.203857,10.000000,2007.090210,50.000000,0.000000,0.000000,-0.000000,0.000000,0.000000,2596.878174,50.000000,0.000000,0.000000,-0.000000,0.000000,0.000000,2626.996094,50.000000,0.000000,0.000000,-0.000000,0.000000,0.000000,0.000000,-194662.625000,36853.781250,-231516.406250,1239951.750000,1008435.375000
ml,p95,293,2026-08-16,2641.249512,10.000000,2007.090210,50.000000,0.000000,0.000000,-0.000000,0.000000,0.000000,2596.878174,50.000000,0.000000,0.000000,-0.000000,0.000000,0.000000,2651.407959,50.000000,0.000000,0.000000,-0.000000,0.000000,0.000000,0.000000,-194662.625000,36853.781250,-231516.406250,1239951.750000,1008435.375000
ml,p95,293,2026-08-17,2630.641113,10.000000,2007.090210,50.000000,0.000000,0.000000,-0.000000,0.000000,0.000000,2596.878174,50.000000,0.000000,0.000000,-0.000000,0.000000,0.000000,2636.351807,50.000000,0.000000,0.000000,-0.000000,0.000000,0.000000,0.000000,-194662.625000,36853.781250,-231516.406250,1239951.750000,1008435.375000
ml,p95,293,2026-08-18,2635.693359,10.000000,2007.090210,50.000000,0.000000,0.000000,-0.000000,0.000000,0.000000,2596.878174,50.000000,0.000000,0.000000,-0.000000,0.000000,0.000000,2648.464844,50.000000,0.000000,0.000000,-0.000000,0.000000,0.000000,0.000000,-194662.625000,36853.781250,-231516.406250,1239951.750000,1008435.375000
ml,p95,293,2026-08-19,2642.767578,10.000000,2007.090210,50.000000,0.000000,0.000000,-0.000000,0.000000,0.000000,2596.878174,50.000000,0.000000,0.000000,-0.000000,0.000000,0.000000,2707.194580,50.000000,0.000000,0.000000,-0.000000,0.000000,0.000000,0.000000,-194662.625000,36853.781250,-231516.406250,1239951.750000,1008435.375000
ml,p95,293,2026-08-20,2657.268799,10.000000,2007.090210,50.000000,0.000000,0.000000,-0.000000,0.000000,0.000000,2596.878174,50.000000,0.000000,0.000000,-0.000000,0.000000,0.000000,2694.055176,50.000000,0.000000,0.000000,-0.000000,0.000000,0.000000,0.000000,-194662.625000,36853.781250,-231516.406250,1239951.750000,1008435.375000
ml,p95,293,2026-08-21,2653.555176,10.000000,2007.090210,50.000000,0.000000,0.000000,-0.000000,0.000000,0.000000,2596.878174,50.000000,0.000000,0.000000,-0.000000,0.000000,0.000000,2672.917480,50.000000,0.000000,0.000000,-0.000000,0.000000,0.000000,0.000000,-194662.625000,36853.781250,-231516.406250,1239951.750000,1008435.375000
ml,p95,293,2026-08-22,2659.768555,10.000000,2007.090210,50.000000,0.000000,0.000000,-0.000000,0.000000,0.000000,2596.878174,50.000000,0.000000,0.000000,-0.000000,0.000000,0.000000,2669.929688,50.000000,0.000000,0.000000,-0.000000,0.000000,0.000000,0.000000,-194662.625000,36853.781250,-231516.406250,1239951.750000,1008435.375000
ml,p95,293,2026-08-23,2646.331055,10.000000,2007.090210,50.000000,0.000000,0.000000,-0.000000,0.000000,0.000000,2596.878174,50.000000,0.000000,0.000000,-0.000000,0.000000,0.000000,2660.780273,50.000000,0.000000,0.000000,-0.000000,0.000000,0.000000,0.000000,-194662.625000,36853.781250,-231516.406250,1239951.750000,1008435.375000
ml,p95,293,2026-08-24,2643.692627,10.000000,2007.090210,50.000000,0.000000,0.000000,-0.000000,0.000000,0.000000,2596.878174,50.000000,0.000000,0.000000,-0.000000,0.000000,0.000000,2660.050537,50.000000,0.000000,0.000000,-0.000000,0.000000,0.000000,0.000000,-194662.625000,36853.781250,-231516.406250,1239951.750000,1008435.375000
ml,p95,293,2026-08-25,2631.450195,10.000000,2007.090210,50.000000,0.000000,0.000000,-0.000000,0.000000,0.000000,2596.878174,50.000000,0.000000,0.000000,-0.000000,0.000000,0.000000,2641.418457,50.000000,0.000000,0.000000,-0.000000,0.000000,0.000000,0.000000,-194662.625000,36853.781250,-231516.406250,1239951.750000,1008435.375000
ml,p95,293,2026-08-26,2615.159912,10.000000,2007.090210,50.000000,0.000000,0.000000,-0.000000,0.000000,0.000000,2596.878174,50.000000,0.000000,0.000000,-0.000000,0.000000,0.000000,2595.845947,50.000000,0.000000,0.000000,-0.000000,0.000000,0.000000,0.000000,-194662.625000,36853.781250,-231516.406250,1239951.750000,1008435.375000
ml,p95,293,2026-08-27,2639.481689,10.000000,2007.090210,50.000000,0.000000,0.000000,-0.000000,0.000000,0.000000,2596.878174,50.000000,0.000000,0.000000,-0.000000,0.000000,0.000000,2647.884521,50.000000,0.000000,0.000000,-0.000000,0.000000,0.000000,0.000000,-194662.625000,36853.781250,-231516.406250,1239951.750000,1008435.375000
ml,p95,293,2026-08-28,2547.209717,10.000000,2007.090210,50.000000,0.000000,0.000000,-0.000000,0.000000,0.000000,2596.878174,50.000000,0.000000,0.000000,-0.000000,0.000000,0.000000,2558.699219,50.000000,0.000000,0.000000,-0.000000,0.000000,0.000000,0.000000,-194662.625000,36853.781250,-231516.406250,1239951.750000,1008435.375000
ml,p95,293,2026-08-29,2529.565918,10.000000,2007.090210,50.000000,0.000000,0.000000,-0.000000,0.000000,0.000000,2596.878174,50.000000,0.000000,0.000000,-0.000000,0.000000,0.000000,2545.818848,50.000000,0.000000,0.000000,-0.000000,0.000000,0.000000,0.000000,-194662.625000,36853.781250,-231516.406250,1239951.750000,1008435.375000
ml,p95,293,2026-08-30,2573.890381,10.000000,2007.090210,50.000000,0.000000,0.000000,-0.000000,0.000000,0.000000,2596.878174,50.000000,0.000000,0.000000,-0.000000,0.000000,0.000000,2583.476562,50.000000,0.000000,0.000000,-0.000000,0.000000,0.000000,0.000000,-194662.625000,36853.781250,-231516.406250,1239951.750000,1008435.375000
ml,p95,293,2026-08-31,2568.274170,10.000000,2007.090210,50.000000,0.000000,0.000000,-0.000000,0.000000,0.000000,2596.878174,50.000000,0.000000,0.000000,-0.000000,0.000000,0.000000,2587.699951,50.000000,0.000000,0.000000,-0.000000,0.000000,0.000000,0.000000,-194662.625000,36853.781250,-231516.406250,1239951.750000,1008435.375000
ml,p95,293,2026-09-01,2579.583740,10.000000,2007.090210,50.000000,0.000000,0.000000,-0.000000,0.000000,0.000000,2596.878174,50.000000,0.000000,0.000000,-0.000000,0.000000,0.000000,2611.355957,50.000000,0.000000,0.000000,-0.000000,0.000000,0.000000,0.000000,-194662.625000,36853.781250,-231516.406250,1239951.750000,1008435.375000
ml,p95,293,2026-09-02,2568.315674,10.000000,2007.090210,50.000000,0.000000,0.000000,-0.000000,0.000000,0.000000,2596.878174,50.000000,0.000000,0.000000,-0.000000,0.000000,0.000000,2598.234375,50.000000,0.000000,0.000000,-0.000000,0.000000,0.000000,0.000000,-194662.625000,36853.781250,-231516.406250,1239951.750000,1008435.375000
ml,p95,293,2026-09-03,2634.463379,10.000000,2007.090210,50.000000,0.000000,0.000000,-0.000000,0.000000,0.000000,2596.878174,50.000000,0.000000,0.000000,-0.000000,0.000000,0.000000,2667.703369,50.000000,0.000000,0.000000,-0.000000,0.000000,0.000000,0.000000,-194662.625000,36853.781250,-231516.406250,1239951.750000,1008435.375000
ml,p95,293,2026-09-04,2646.904053,10.000000,2007.090210,50.000000,0.000000,0.000000,-0.000000,0.000000,0.000000,2596.878174,50.000000,0.000000,0.000000,-0.000000,0.000000,0.000000,2636.868652,50.000000,0.000000,0.000000,-0.000000,0.000000,0.000000,0.000000,-194662.625000,36853.781250,-231516.406250,1239951.750000,1008435.375000
ml,p95,293,2026-09-05,2642.481445,10.000000,2007.090210,50.000000,0.000000,0.000000,-0.000000,0.000000,0.000000,2596.878174,50.000000,0.000000,0.000000,-0.000000,0.000000,0.000000,2638.161133,50.000000,0.000000,0.000000,-0.000000,0.000000,0.000000,0.000000,-194662.625000,36853.781250,-231516.406250,1239951.750000,1008435.375000
ml,p95,293,2026-09-06,2650.350830,10.000000,2007.090210,50.000000,0.000000,0.000000,-0.000000,0.000000,0.000000,2596.878174,50.000000,0.000000,0.000000,-0.000000,0.000000,0.000000,2661.660889,50.000000,0.000000,0.000000,-0.000000,0.000000,0.000000,0.000000,-194662.625000,36853.781250,-231516.406250,1239951.750000,1008435.375000
ml,p95,293,2026-09-07,2637.344238,10.000000,2007.090210,50.000000,0.000000,0.000000,-0.000000,0.000000,0.000000,2596.878174,50.000000,0.000000,0.000000,-0.000000,0.000000,0.000000,2649.781006,50.000000,0.000000,0.000000,-0.000000,0.000000,0.000000,0.000000,-194662.625000,36853.781250,-231516.406250,1239951.750000,1008435.375000
ml,p95,293,2026-09-08,2655.628418,10.000000,2007.090210,50.000000,0.000000,0.000000,-0.000000,0.000000,0.000000,2596.878174,50.000000,0.000000,0.000000,-0.000000,0.000000,0.000000,2687.718994,50.000000,0.000000,0.000000,-0.000000,0.000000,0.000000,0.000000,-194662.625000,36853.781250,-231516.406250,1239951.750000,1008435.375000
ml,p95,293,2026-09-09,2658.589600,10.000000,2007.090210,50.000000,0.000000,0.000000,-0.000000,0.000000,0.000000,2596.878174,50.000000,0.000000,0.000000,-0.000000,0.000000,0.000000,2659.505859,50.000000,0.000000,0.000000,-0.000000,0.000000,0.000000,0.000000,-194662.625000,36853.781250,-231516.406250,1239951.750000,1008435.375000
ml,p95,293,2026-09-10,2679.701660,10.000000,2007.090210,50.000000,0.000000,0.000000,-0.000000,0.000000,0.000000,2596.878174,50.000000,0.000000,0.000000,-0.000000,0.000000,0.000000,2683.111084,50.000000,0.000000,0.000000,-0.000000,0.000000,0.000000,0.000000,-194662.625000,36853.781250,-231516.406250,1239951.750000,1008435.375000
ml,p95,293,2026-09-11,2657.085205,10.000000,2007.090210,50.000000,0.000000,0.000000,-0.000000,0.000000,0.000000,2596.878174,50.000000,0.000000,0.000000,-0.000000,0.000000,0.000000,2655.847168,50.000000,0.000000,0.000000,-0.000000,0.000000,0.000000,0.000000,-194662.625000,36853.781250,-231516.406250,1239951.750000,1008435.375000
ml,p95,293,2026-09-12,2654.802979,10.000000,2007.090210,50.000000,0.000000,0.000000,-0.000000,0.000000,0.000000,2596.878174,50.000000,0.000000,0.000000,-0.000000,0.000000,0.000000,2657.371338,50.000000,0.000000,0.000000,-0.000000,0.000000,0.000000,0.000000,-194662.625000,36853.781250,-231516.406250,1239951.750000,1008435.375000
ml,p95,293,2026-09-13,2665.831543,10.000000,2007.090210,50.000000,0.000000,0.000000,-0.000000,0.000000,0.000000,2596.878174,50.000000,0.000000,0.000000,-0.000000,0.000000,0.000000,2659.375488,50.000000,0.000000,0.000000,-0.000000,0.000000,0.000000,0.000000,-194662.625000,36853.781250,-231516.406250,1239951.750000,1008435.375000
ml,p95,293,2026-09-14,2646.680908,10.000000,2007.090210,50.000000,0.000000,0.000000,-0.000000,0.000000,0.000000,2596.878174,50.000000,0.000000,0.000000,-0.000000,0.000000,0.000000,2659.462646,50.000000,0.000000,0.000000,-0.000000,0.000000,0.000000,0.000000,-194662.625000,36853.781250,-231516.406250,1239951.750000,1008435.375000
ml,p95,293,2026-09-15,2662.628906,10.000000,2007.090210,50.000000,0.000000,0.000000,-0.000000,0.000000,0.000000,2596.878174,50.000000,0.000000,0.000000,-0.000000,0.000000,0.000000,2667.597412,50.000000,0.000000,0.000000,-0.000000,0.000000,0.000000,0.000000,-194662.625000,36853.781250,-231516.406250,1239951.750000,1008435.375000
ml,p95,293,2026-09-16,2662.476562,10.000000,2007.090210,50.000000,0.000000,0.000000,-0.000000,0.000000,0.000000,2596.878174,50.000000,0.000000,0.000000,-0.000000,0.000000,0.000000,2662.929199,50.000000,0.000000,0.000000,-0.000000,0.000000,0.000000,0.000000,-194662.625000,36853.781250,-231516.406250,1239951.750000,1008435.375000
ml,p95,293,2026-09-17,2671.701904,10.000000,2007.090210,50.000000,0.000000,0.000000,-0.000000,0.000000,0.000000,2596.878174,50.000000,0.000000,0.000000,-0.000000,0.000000,0.000000,2683.207031,50.000000,0.000000,0.000000,-0.000000,0.000000,0.000000,0.000000,-194662.625000,36853.781250,-231516.406250,1239951.750000,1008435.375000
ml,p95,293,2026-09-18,2655.058594,10.000000,2007.090210,50.000000,0.000000,0.000000,-0.000000,0.000000,0.000000,2596.878174,50.000000,0.000000,0.000000,-0.000000,0.000000,0.000000,2666.061035,50.000000,0.000000,0.000000,-0.000000,0.000000,0.000000,0.000000,-194662.625000,36853.781250,-231516.406250,1239951.750000,1008435.375000
ml,p95,293,2026-09-19,2655.397949,10.000000,2007.090210,50.000000,0.000000,0.000000,-0.000000,0.000000,0.000000,2596.878174,50.000000,0.000000,0.000000,-0.000000,0.000000,0.000000,2658.114258,50.000000,0.000000,0.000000,-0.000000,0.000000,0.000000,0.000000,-194662.625000,36853.781250,-231516.406250,1239951.750000,1008435.375000
ml,p95,293,2026-09-20,2669.277344,10.000000,2007.090210,50.000000,0.000000,0.000000,-0.000000,0.000000,0.000000,2596.878174,50.000000,0.000000,0.000000,-0.000000,0.000000,0.000000,2665.028564,50.000000,0.000000,0.000000,-0.000000,0.000000,0.000000,0.000000,-194662.625000,36853.781250,-231516.406250,1239951.750000,1008435.375000
ml,p95,293,2026-09-21,2648.165283,10.000000,2007.090210,50.000000,0.000000,0.000000,-0.000000,0.000000,0.000000,2596.878174,50.000000,0.000000,0.000000,-0.000000,0.000000,0.000000,2637.767334,50.000000,0.000000,0.000000,-0.000000,0.000000,0.000000,0.000000,-194662.625000,36853.781250,-231516.406250,1239951.750000,1008435.375000
ml,p95,293,2026-09-22,2621.416260,10.000000,2007.090210,50.000000,0.000000,0.000000,-0.000000,0.000000,0.000000,2596.878174,50.000000,0.000000,0.000000,-0.000000,0.000000,0.000000,2614.712891,50.000000,0.000000,0.000000,-0.000000,0.000000,0.000000,0.000000,-194662.625000,36853.781250,-231516.406250,1239951.750000,1008435.375000
ml,p95,293,2026-09-23,2623.355713,10.000000,2007.090210,50.000000,0.000000,0.000000,-0.000000,0.000000,0.000000,2596.878174,50.000000,0.000000,0.000000,-0.000000,0.000000,0.000000,2623.707520,50.000000,0.000000,0.000000,-0.000000,0.000000,0.000000,0.000000,-194662.625000,36853.781250,-231516.406250,1239951.750000,1008435.375000
ml,p95,293,2026-09-24,2596.410156,10.000000,2007.090210,50.000000,0.000000,0.000000,-0.000000,0.000000,0.000000,2596.878174,50.000000,0.000000,0.000000,-0.000000,0.000000,0.000000,2600.457764,50.000000,0.000000,0.000000,-0.000000,0.000000,0.000000,0.000000,-194662.625000,36853.781250,-231516.406250,1239951.750000,1008435.375000
ml,p95,293,2026-09-25,2617.095947,10.000000,2007.090210,50.000000,0.000000,0.000000,-0.000000,0.000000,0.000000,2596.878174,50.000000,0.000000,0.000000,-0.000000,0.000000,0.000000,2625.319824,50.000000,0.000000,0.000000,-0.000000,0.000000,0.000000,0.000000,-194662.625000,36853.781250,-231516.406250,1239951.750000,1008435.375000
ml,p95,293,2026-09-26,2618.476807,10.000000,2007.090210,50.000000,0.000000,0.000000,-0.000000,0.000000,0.000000,2596.878174,50.000000,0.000000,0.000000,-0.000000,0.000000,0.000000,2631.866699,50.000000,0.000000,0.000000,-0.000000,0.000000,0.000000,0.000000,-194662.625000,36853.781250,-231516.406250,1239951.750000,1008435.375000
ml,p95,293,2026-09-27,2655.850098,10.000000,2007.090210,50.000000,0.000000,0.000000,-0.000000,0.000000,0.000000,2596.878174,50.000000,0.000000,0.000000,-0.000000,0.000000,0.000000,2626.983643,50.000000,0.000000,0.000000,-0.000000,0.000000,0.000000,0.000000,-194662.625000,36853.781250,-231516.406250,1239951.750000,1008435.375000
ml,p95,293,2026-09-28,2665.666504,10.000000,2007.090210,50.000000,0.000000,0.000000,-0.000000,0.000000,0.000000,2596.878174,50.000000,0.000000,0.000000,-0.000000,0.000000,0.000000,2650.352783,50.000000,0.000000,0.000000,-0.000000,0.000000,0.000000,0.000000,-194662.625000,36853.781250,-231516.406250,1239951.750000,1008435.375000
ml,p95,293,2026-09-29,2682.726562,10.000000,2007.090210,50.000000,0.000000,0.000000,-0.000000,0.000000,0.000000,2596.878174,50.000000,0.000000,0.000000,-0.000000,0.000000,0.000000,2684.414062,50.000000,0.000000,0.000000,-0.000000,0.000000,0.000000,0.000000,-194662.625000,36853.781250,-231516.406250,1239951.750000,1008435.375000
ml,p95,293,2026-09-30,2710.419189,10.000000,2007.090210,50.000000,0.000000,0.000000,-0.000000,0.000000,0.000000,2596.878174,50.000000,0.000000,0.000000,-0.000000,0.000000,0.000000,2720.414062,50.000000,0.000000,0.000000,-0.000000,0.000000,0.000000,0.000000,-194662.625000,36853.781250,-231516.406250,1239951.750000,1008435.375000
ml,p95,293,2026-10-01,2711.920166,10.000000,2007.090210,50.000000,0.000000,0.000000,-0.000000,0.000000,0.000000,2596.878174,50.000000,0.000000,0.000000,-0.000000,0.000000,0.000000,2732.505371,50.000000,0.000000,0.000000,-0.000000,0.000000,0.000000,0.000000,-194662.625000,36853.781250,-231516.406250,1239951.750000,1008435.375000
ml,p95,293,2026-10-02,2694.491699,10.000000,2007.090210,50.000000,0.000000,0.000000,-0.000000,0.000000,0.000000,2596.878174,50.000000,0.000000,0.000000,-0.000000,0.000000,0.000000,2700.826904,50.000000,0.000000,0.000000,-0.000000,0.000000,0.000000,0.000000,-194662.625000,36853.781250,-231516.406250,1239951.750000,1008435.375000
ml,p95,293,2026-10-03,2700.916016,10.000000,2007.090210,50.000000,0.000000,0.000000,-0.000000,0.000000,0.000000,2596.878174,50.000000,0.000000,0.000000,-0.000000,0.000000,0.000000,2683.905029,50.000000,0.000000,0.000000,-0.000000,0.000000,0.000000,0.000000,-194662.625000,36853.781250,-231516.406250,1239951.750000,1008435.375000
ml,p95,293,2026-10-04,2694.255371,10.000000,2007.090210,50.000000,0.000000,0.000000,-0.000000,0.000000,0.000000,2596.878174,50.000000,0.000000,0.000000,-0.000000,0.000000,0.000000,2673.903564,50.000000,0.000000,0.000000,-0.000000,0.000000,0.000000,0.000000,-194662.625000,36853.781250,-231516.406250,1239951.750000,1008435.375000
ml,p95,293,2026-10-05,2717.013428,10.000000,2007.090210,50.000000,0.000000,0.000000,-0.000000,0.000000,0.000000,2596.878174,50.000000,0.000000,0.000000,-0.000000,0.000000,0.000000,2704.740967,50.000000,0.000000,0.000000,-0.000000,0.000000,0.000000,0.000000,-194662.625000,36853.781250,-231516.406250,1239951.750000,1008435.375000
ml,p95,293,2026-10-06,2681.994873,10.000000,2007.090210,50.000000,0.000000,0.000000,-0.000000,0.000000,0.000000,2596.878174,50.000000,0.000000,0.000000,-0.000000,0.000000,0.000000,2654.385742,50.000000,-7.000000,-7.000000,929034.937500,464.517456,-929034.937500,-929034.937500,734372.312500,37318.296875,-231980.921875,1239951.750000,1007970.812500
ml,p95,293,2026-10-07,2656.593506,10.000000,2007.090210,50.000000,0.000000,0.000000,-0.000000,0.000000,0.000000,2596.878174,50.000000,0.000000,0.000000,-0.000000,0.000000,0.000000,2619.151123,50.000000,-14.000000,-7.000000,916702.937500,458.351440,-1833405.875000,-1833405.875000,1651075.250000,37776.648438,-220107.281250,1239951.750000,1019844.500000
ml,p95,293,2026-10-08,2668.330566,10.000000,2007.090210,50.000000,0.000000,0.000000,-0.000000,0.000000,0.000000,2596.878174,50.000000,0.000000,0.000000,-0.000000,0.000000,0.000000,2652.747070,50.000000,-7.000000,7.000000,-928461.500000,464.230774,-928461.500000,-928461.500000,722613.750000,38240.882812,-244088.625000,1239951.750000,995863.125000
ml,p95,293,2026-10-09,2631.856934,10.000000,2007.090210,50.000000,0.000000,0.000000,-0.000000,0.000000,0.000000,2596.878174,50.000000,0.000000,0.000000,-0.000000,0.000000,0.000000,2617.403320,50.000000,-14.000000,-7.000000,916091.187500,458.045563,-1832182.375000,-1832182.375000,1638704.875000,38698.929688,-232176.437500,1239951.750000,1007775.312500
ml,p95,293,2026-10-10,2647.818115,10.000000,2007.090210,50.000000,0.000000,0.000000,-0.000000,0.000000,0.000000,2596.878174,50.000000,0.000000,0.000000,-0.000000,0.000000,0.000000,2648.012939,50.000000,-14.000000,0.000000,-0.000000,0.000000,-1853609.000000,-1853609.000000,1638704.875000,38698.929688,-253603.062500,1239951.750000,986348.687500
ml,p95,293,2026-10-11,2647.898682,10.000000,2007.090210,50.000000,0.000000,0.000000,-0.000000,0.000000,0.000000,2596.878174,50.000000,0.000000,0.000000,-0.000000,0.000000,0.000000,2644.270996,50.000000,-14.000000,0.000000,-0.000000,0.000000,-1850989.625000,-1850989.625000,1638704.875000,38698.929688,-250983.687500,1239951.750000,988968.062500
ml,p95,293,2026-10-12,2672.161865,10.000000,2007.090210,50.000000,0.000000,0.000000,-0.000000,0.000000,0.000000,2596.878174,50.000000,0.000000,0.000000,-0.000000,0.000000,0.000000,2664.910645,50.000000,-14.000000,0.000000,-0.000000,0.000000,-1865437.500000,-1865437.500000,1638704.875000,38698.929688,-265431.562500,1239951.750000,974520.187500
ml,p95,293,2026-10-13,2670.895752,10.000000,2007.090210,50.000000,0.000000,0.000000,-0.000000,0.000000,0.000000,2596.878174,50.000000,0.000000,0.000000,-0.000000,0.000000,0.000000,2665.236084,50.000000,-7.000000,7.000000,-932832.625000,466.416290,-932832.625000,-932832.625000,705872.312500,39165.343750,-266125.656250,1239951.750000,973826.125000
ml,p95,293,2026-10-14,2674.904053,10.000000,2007.090210,50.000000,0.000000,0.000000,-0.000000,0.000000,0.000000,2596.878174,50.000000,0.000000,0.000000,-0.000000,0.000000,0.000000,2660.366699,50.000000,0.000000,7.000000,-931128.312500,465.564148,0.000000,0.000000,-225256.000000,39630.906250,-264886.906250,1239951.750000,975064.875000
ml,p95,293,2026-10-15,2674.860596,10.000000,2007.090210,50.000000,0.000000,0.000000,-0.000000,0.000000,0.000000,2596.878174,50.000000,0.000000,0.000000,-0.000000,0.000000,0.000000,2656.256592,50.000000,0.000000,0.000000,-0.000000,0.000000,0.000000,0.000000,-225256.000000,39630.906250,-264886.906250,1239951.750000,975064.875000
ml,p95,293,2026-10-16,2687.547119,10.000000,2007.090210,50.000000,0.000000,0.000000,-0.000000,0.000000,0.000000,2596.878174,50.000000,0.000000,0.000000,-0.000000,0.000000,0.000000,2700.000977,50.000000,0.000000,0.000000,-0.000000,0.000000,0.000000,0.000000,-225256.000000,39630.906250,-264886.906250,1239951.750000,975064.875000
ml,p95,293,2026-10-17,2669.692383,10.000000,2007.090210,50.000000,0.000000,0.000000,-0.000000,0.000000,0.000000,2596.878174,50.000000,0.000000,0.000000,-0.000000,0.000000,0.000000,2679.202881,50.000000,0.000000,0.000000,-0.000000,0.000000,0.000000,0.000000,-225256.000000,39630.906250,-264886.906250,1239951.750000,975064.875000
ml,p95,293,2026-10-18,2669.997803,10.000000,2007.090210,50.000000,0.000000,0.000000,-0.000000,0.000000,0.000000,2596.878174,50.000000,0.000000,0.000000,-0.000000,0.000000,0.000000,2666.338135,50.000000,0.000000,0.000000,-0.000000,0.000000,0.000000,0.000000,-225256.000000,39630.906250,-264886.906250,1239951.750000,975064.875000
ml,p95,293,2026-10-19,2670.481689,10.000000,2007.090210,50.000000,0.000000,0.000000,-0.000000,0.000000,0.000000,2596.878174,50.000000,0.000000,0.000000,-0.000000,0.000000,0.000000,2686.004639,50.000000,0.000000,0.000000,-0.000000,0.000000,0.000000,0.000000,-225256.000000,39630.906250,-264886.906250,1239951.750000,975064.875000
ml,p95,293,2026-10-20,2694.083252,10.000000,2007.090210,50.000000,0.000000,0.000000,-0.000000,0.000000,0.000000,2596.878174,50.000000,0.000000,0.000000,-0.000000,0.000000,0.000000,2703.469971,50.000000,0.000000,0.000000,-0.000000,0.000000,0.000000,0.000000,-225256.000000,39630.906250,-264886.906250,1239951.750000,975064.875000
ml,p95,293,2026-10-21,2710.880615,10.000000,2007.090210,50.000000,0.000000,0.000000,-0.000000,0.000000,0.000000,2596.878174,50.000000,0.000000,0.000000,-0.000000,0.000000,0.000000,2721.156494,50.000000,0.000000,0.000000,-0.000000,0.000000,0.000000,0.000000,-225256.000000,39630.906250,-264886.906250,1239951.750000,975064.875000
ml,p95,293,2026-10-22,2731.239746,10.000000,2007.090210,50.000000,0.000000,0.000000,-0.000000,0.000000,0.000000,2596.878174,50.000000,0.000000,0.000000,-0.000000,0.000000,0.000000,2755.798096,50.000000,0.000000,0.000000,-0.000000,0.000000,0.000000,0.000000,-225256.000000,39630.906250,-264886.906250,1239951.750000,975064.875000
ml,p95,293,2026-10-23,2702.664307,10.000000,2007.090210,50.000000,0.000000,0.000000,-0.000000,0.000000,0.000000,2596.878174,50.000000,0.000000,0.000000,-0.000000,0.000000,0.000000,2696.494629,50.000000,0.000000,0.000000,-0.000000,0.000000,0.000000,0.000000,-225256.000000,39630.906250,-264886.906250,1239951.750000,975064.875000
ml,p95,293,2026-10-24,2692.447021,10.000000,2007.090210,50.000000,0.000000,0.000000,-0.000000,0.000000,0.000000,2596.878174,50.000000,0.000000,0.000000,-0.000000,0.000000,0.000000,2702.465820,50.000000,0.000000,0.000000,-0.000000,0.000000,0.000000,0.000000,-225256.000000,39630.906250,-264886.906250,1239951.750000,975064.875000
ml,p95,293,2026-10-25,2708.532959,10.000000,2007.090210,50.000000,0.000000,0.000000,-0.000000,0.000000,0.000000,2596.878174,50.000000,0.000000,0.000000,-0.000000,0.000000,0.000000,2722.582031,50.000000,0.000000,0.000000,-0.000000,0.000000,0.000000,0.000000,-225256.000000,39630.906250,-264886.906250,1239951.750000,975064.875000
ml,p95,293,2026-10-26,2682.509033,10.000000,2007.090210,50.000000,0.000000,0.000000,-0.000000,0.000000,0.000000,2596.878174,50.000000,0.000000,0.000000,-0.000000,0.000000,0.000000,2676.829834,50.000000,0.000000,0.000000,-0.000000,0.000000,0.000000,0.000000,-225256.000000,39630.906250,-264886.906250,1239951.750000,975064.875000
ml,p95,293,2026-10-27,2673.380371,10.000000,2007.090210,50.000000,0.000000,0.000000,-0.000000,0.000000,0.000000,2596.878174,50.000000,0.000000,0.000000,-0.000000,0.000000,0.000000,2685.855957,50.000000,0.000000,0.000000,-0.000000,0.000000,0.000000,0.000000,-225256.000000,39630.906250,-264886.906250,1239951.750000,975064.875000
ml,p95,293,2026-10-28,2720.986084,10.000000,2007.090210,50.000000,0.000000,0.000000,-0.000000,0.000000,0.000000,2596.878174,50.000000,0.000000,0.000000,-0.000000,0.000000,0.000000,2736.631104,50.000000,0.000000,0.000000,-0.000000,0.000000,0.000000,0.000000,-225256.000000,39630.906250,-264886.906250,1239951.750000,975064.875000
ml,p95,293,2026-10-29,2656.378174,10.000000,2007.090210,50.000000,0.000000,0.000000,-0.000000,0.000000,0.000000,2596.878174,50.000000,0.000000,0.000000,-0.000000,0.000000,0.000000,2661.220703,50.000000,0.000000,0.000000,-0.000000,0.000000,0.000000,0.000000,-225256.000000,39630.906250,-264886.906250,1239951.750000,975064.875000
ml,p95,293,2026-10-30,2676.275635,10.000000,2007.090210,50.000000,0.000000,0.000000,-0.000000,0.000000,0.000000,2596.878174,50.000000,0.000000,0.000000,-0.000000,0.000000,0.000000,2661.220703,50.000000,0.000000,0.000000,-0.000000,0.000000,0.000000,0.000000,-225256.000000,39630.906250,-264886.906250,1239951.750000,975064.875000
ml,best,368,2026-04-10,2055.000244,10.000000,2026.171509,50.000000,-7.000000,-7.000000,709160.000000,354.579987,-709160.000000,2047.068848,50.000000,-7.000000,-7.000000,716474.125000,358.237030,-716474.125000,2070.749756,50.000000,-7.000000,-7.000000,724762.375000,362.381195,-724762.375000,-2150396.500000,2150396.500000,1075.198242,-1075.198242,4854.181641,3778.983398
ml,best,368,2026-04-11,2071.796387,10.000000,2090.917969,50.000000,-7.000000,0.000000,-0.000000,0.000000,-731821.312500,2115.338379,50.000000,-7.000000,0.000000,-0.000000,0.000000,-740368.437500,2142.262207,50.000000,-7.000000,0.000000,-0.000000,0.000000,-749791.812500,-2221981.500000,2150396.500000,1075.198242,-72660.195312,52852.429688,-19807.765625
ml,best,368,2026-04-12,2037.810547,10.000000,2041.308350,50.000000,-7.000000,0.000000,-0.000000,0.000000,-714457.937500,2062.816406,50.000000,-7.000000,0.000000,-0.000000,0.000000,-721985.750000,2087.806641,50.000000,-7.000000,0.000000,-0.000000,0.000000,-730732.312500,-2167176.000000,2150396.500000,1075.198242,-17854.699219,-33087.816406,-50942.515625
ml,best,368,2026-04-13,2139.397949,10.000000,2113.770508,50.000000,0.000000,7.000000,-739819.687500,369.909821,0.000000,2139.205078,50.000000,0.000000,7.000000,-748721.750000,374.360870,0.000000,2166.712402,50.000000,0.000000,7.000000,-758349.312500,379.174622,0.000000,0.000000,-96494.250000,2198.643555,-98692.890625,221576.343750,122883.453125
ml,best,368,2026-04-14,2168.074707,10.000000,2144.789307,50.000000,0.000000,0.000000,-0.000000,0.000000,0.000000,2171.226562,50.000000,-7.000000,-7.000000,759929.312500,379.964630,-759929.312500,2198.494385,50.000000,-7.000000,-7.000000,769473.062500,384.736511,-769473.062500,-1529402.375000,1432908.125000,2963.344727,-99457.593750,293205.531250,193747.937500
ml,best,368,2026-04-15,2142.474609,10.000000,2129.481689,50.000000,-7.000000,-7.000000,745318.625000,372.659302,-745318.625000,2155.912842,50.000000,0.000000,7.000000,-754569.500000,377.284698,0.000000,2183.215332,50.000000,0.000000,7.000000,-764125.375000,382.062653,0.000000,-745318.625000,659531.875000,4095.351318,-89882.101562,238792.890625,148910.781250
ml,best,368,2026-04-16,2137.940430,10.000000,2127.155273,50.000000,0.000000,7.000000,-744504.375000,372.252136,0.000000,2152.464600,50.000000,-7.000000,-7.000000,753362.625000,376.681274,-753362.625000,2180.098145,50.000000,-7.000000,-7.000000,763034.375000,381.517151,-763034.375000,-1516397.000000,1431424.500000,5225.801758,-90198.304688,230435.593750,140237.281250
ml,best,368,2026-04-17,2131.188232,10.000000,2134.516602,50.000000,0.000000,0.000000,-0.000000,0.000000,0.000000,2161.656006,50.000000,0.000000,7.000000,-756579.562500,378.289795,0.000000,2190.664307,50.000000,0.000000,7.000000,-766732.500000,383.366302,0.000000,0.000000,-91887.562500,5987.458008,-97875.023438,214001.625000,116126.601562
ml,best,368,2026-04-18,2138.018066,10.000000,2119.938721,50.000000,0.000000,0.000000,-0.000000,0.000000,0.000000,2144.272461,50.000000,0.000000,0.000000,-0.000000,0.000000,0.000000,2170.857178,50.000000,0.000000,0.000000,-0.000000,0.000000,0.000000,0.000000,-91887.562500,5987.458008,-97875.023438,235182.734375,137307.718750
ml,best,368,2026-04-19,2144.531982,10.000000,2136.024414,50.000000,0.000000,0.000000,-0.000000,0.000000,0.000000,2160.491699,50.000000,0.000000,0.000000,-0.000000,0.000000,0.000000,2185.991699,50.000000,0.000000,0.000000,-0.000000,0.000000,0.000000,0.000000,-91887.562500,5987.458008,-97875.023438,251476.765625,153601.750000
ml,best,368,2026-04-20,2184.226074,10.000000,2163.666016,50.000000,0.000000,0.000000,-0.000000,0.000000,0.000000,2188.963623,50.000000,-7.000000,-7.000000,766137.250000,383.068604,-766137.250000,2214.334473,50.000000,-7.000000,-7.000000,775017.062500,387.508514,-775017.062500,-1541154.250000,1449266.750000,6758.035156,-98645.531250,358164.875000,259519.343750
ml,best,368,2026-04-21,2188.976318,10.000000,2200.012451,50.000000,0.000000,0.000000,-0.000000,0.000000,0.000000,2223.565430,50.000000,0.000000,7.000000,-778247.875000,389.123932,0.000000,2248.738037,50.000000,0.000000,7.000000,-787058.312500,393.529144,0.000000,0.000000,-116039.437500,7540.688477,-123580.125000,372907.125000,249327.000000
ml,best,368,2026-04-22,2203.973633,10.000000,2240.924072,50.000000,0.000000,0.000000,-0.000000,0.000000,0.000000,2263.120850,50.000000,-7.000000,-7.000000,792092.312500,396.046143,-792092.312500,2288.691895,50.000000,-7.000000,-7.000000,801042.187500,400.521118,-801042.187500,-1593134.500000,1477095.000000,8337.254883,-124376.757812,416788.562500,292411.812500
ml,best,368,2026-04-23,2216.360840,10.000000,2242.195557,50.000000,0.000000,0.000000,-0.000000,0.000000,0.000000,2264.972168,50.000000,0.000000,7.000000,-792740.250000,396.370148,0.000000,2291.030518,50.000000,0.000000,7.000000,-801860.687500,400.930328,0.000000,0.000000,-117505.875000,9134.556641,-126640.429688,452759.812500,326119.375000
ml,best,368,2026-04-24,2220.261963,10.000000,2225.376953,50.000000,-7.000000,-7.000000,778881.937500,389.440948,-778881.937500,2247.875732,50.000000,-7.000000,-7.000000,786756.500000,393.378235,-786756.500000,2273.025146,50.000000,-7.000000,-7.000000,795558.812500,397.779419,-795558.812500,-2361197.250000,2243691.500000,10315.154297,-127820.906250,470421.343750,342600.437500
ml,best,368,2026-04-25,2218.531738,10.000000,2223.775635,50.000000,-7.000000,0.000000,-0.000000,0.000000,-778321.500000,2247.220215,50.000000,-7.000000,0.000000,-0.000000,0.000000,-786527.062500,2274.632080,50.000000,-7.000000,0.000000,-0.000000,0.000000,-796121.250000,-2360969.750000,2243691.500000,10315.154297,-127593.406250,462851.312500,335257.906250
ml,best,368,2026-04-26,2172.670898,10.000000,2187.075439,50.000000,-7.000000,0.000000,-0.000000,0.000000,-765476.437500,2208.655029,50.000000,-7.000000,0.000000,-0.000000,0.000000,-773029.250000,2234.425293,50.000000,-7.000000,0.000000,-0.000000,0.000000,-782048.812500,-2320554.500000,2243691.500000,10315.154297,-87178.156250,349839.968750,262661.812500
ml,best,368,2026-04-27,2199.470703,10.000000,2209.456787,50.000000,-2.000000,5.000000,-552364.187500,276.182068,-220945.671875,2231.168945,50.000000,0.000000,7.000000,-780909.125000,390.454559,0.000000,2257.361328,50.000000,0.000000,7.000000,-790076.437500,395.038208,0.000000,-220945.671875,120341.625000,11376.829102,-111980.875000,425954.250000,313973.375000
ml,best,368,2026-04-28,2216.916992,10.000000,2214.379395,50.000000,0.000000,2.000000,-221437.937500,110.718971,0.000000,2235.399658,50.000000,-7.000000,-7.000000,782389.875000,391.194946,-782389.875000,2262.056152,50.000000,-7.000000,-7.000000,791719.625000,395.859802,-791719.625000,-1574109.500000,1473013.250000,12274.603516,-113370.851562,478473.531250,365102.687500
ml,best,368,2026-04-29,2211.941406,10.000000,2223.844727,50.000000,0.000000,0.000000,-0.000000,0.000000,0.000000,2245.315918,50.000000,0.000000,7.000000,-785860.562500,392.930298,0.000000,2272.022949,50.000000,0.000000,7.000000,-795208.000000,397.604034,0.000000,0.000000,-108055.375000,13065.136719,-121120.515625,470157.906250,349037.375000
ml,best,368,2026-04-30,2164.884766,10.000000,2223.844727,50.000000,0.000000,0.000000,-0.000000,0.000000,0.000000,2165.043945,50.000000,-7.000000,-7.000000,757765.375000,378.882690,-757765.375000,2190.180664,50.000000,-7.000000,-7.000000,766563.250000,383.281586,-766563.250000,-1524328.625000,1416273.250000,13827.301758,-121882.679688,351226.031250,229343.343750
ml,best,368,2026-05-01,2162.282715,10.000000,2223.844727,50.000000,0.000000,0.000000,-0.000000,0.000000,0.000000,2178.516602,50.000000,0.000000,7.000000,-762480.812500,381.240356,0.000000,2204.678711,50.000000,0.000000,7.000000,-771637.562500,385.818756,0.000000,0.000000,-117845.125000,14594.361328,-132439.484375,346760.375000,214320.890625
ml,best,368,2026-05-02,2156.044678,10.000000,2223.844727,50.000000,0.000000,0.000000,-0.000000,0.000000,0.000000,2178.372559,50.000000,0.000000,0.000000,-0.000000,0.000000,0.000000,2204.825928,50.000000,0.000000,0.000000,-0.000000,0.000000,0.000000,0.000000,-117845.125000,14594.361328,-132439.484375,328253.437500,195813.953125
ml,best,368,2026-05-03,2120.184326,10.000000,2223.844727,50.000000,0.000000,0.000000,-0.000000,0.000000,0.000000,2143.368408,50.000000,0.000000,0.000000,-0.000000,0.000000,0.000000,2169.005371,50.000000,0.000000,0.000000,-0.000000,0.000000,0.000000,0.000000,-117845.125000,14594.361328,-132439.484375,235569.671875,103130.187500
ml,best,368,2026-05-04,2198.282471,10.000000,2223.844727,50.000000,0.000000,0.000000,-0.000000,0.000000,0.000000,2221.627197,50.000000,-7.000000,-7.000000,777569.500000,388.784760,-777569.500000,2247.804443,50.000000,-7.000000,-7.000000,786731.562500,393.365784,-786731.562500,-1564301.000000,1446456.000000,15376.511719,-133221.515625,424838.906250,291617.375000
ml,best,368,2026-05-05,2187.389404,10.000000,2223.844727,50.000000,0.000000,0.000000,-0.000000,0.000000,0.000000,2206.651611,50.000000,0.000000,7.000000,-772328.062500,386.164001,0.000000,2233.192871,50.000000,0.000000,7.000000,-781617.500000,390.808716,0.000000,0.000000,-107489.625000,16153.484375,-123643.109375,397195.125000,273552.000000
ml,best,368,2026-05-06,2307.335938,10.000000,2223.844727,50.000000,0.000000,0.000000,-0.000000,0.000000,0.000000,2337.965088,50.000000,-7.000000,-7.000000,818287.812500,409.143921,-818287.812500,2365.217285,50.000000,-7.000000,-7.000000,827826.062500,413.912994,-827826.062500,-1646113.875000,1538624.250000,16976.541016,-124466.164062,695605.187500,571139.000000
ml,best,368,2026-05-07,2289.230469,10.000000,2223.844727,50.000000,0.000000,0.000000,-0.000000,0.000000,0.000000,2301.759521,50.000000,0.000000,7.000000,-805615.812500,402.807922,0.000000,2328.812744,50.000000,0.000000,7.000000,-815084.500000,407.542236,0.000000,0.000000,-82076.062500,17786.890625,-99862.953125,650315.437500,550452.500000
ml,best,368,2026-05-08,2324.117676,10.000000,2223.844727,50.000000,0.000000,0.000000,-0.000000,0.000000,0.000000,2339.129395,50.000000,-7.000000,-7.000000,818695.312500,409.347656,-818695.312500,2368.021729,50.000000,-7.000000,-7.000000,828807.625000,414.403809,-828807.625000,-1647503.000000,1565426.875000,18610.642578,-100686.765625,732786.000000,632099.250000
ml,best,368,2026-05-09,2340.580811,10.000000,2223.844727,50.000000,0.000000,0.000000,-0.000000,0.000000,0.000000,2365.319336,50.000000,-7.000000,0.000000,-0.000000,0.000000,-827861.750000,2395.234131,50.000000,-7.000000,0.000000,-0.000000,0.000000,-838331.937500,-1666193.750000,1565426.875000,18610.642578,-119377.515625,772827.812500,653450.312500
ml,best,368,2026-05-10,2343.553711,10.000000,2223.844727,50.000000,0.000000,0.000000,-0.000000,0.000000,0.000000,2391.964600,50.000000,-7.000000,0.000000,-0.000000,0.000000,-837187.625000,2422.012939,50.000000,-7.000000,0.000000,-0.000000,0.000000,-847704.500000,-1684892.125000,1565426.875000,18610.642578,-138075.890625,786640.875000,648565.000000
ml,best,368,2026-05-11,2407.623535,10.000000,2223.844727,50.000000,0.000000,0.000000,-0.000000,0.000000,0.000000,2437.267822,50.000000,0.000000,7.000000,-853043.750000,426.521851,0.000000,2466.202393,50.000000,0.000000,7.000000,-863170.812500,431.585388,0.000000,0.000000,-150787.687500,19468.750000,-170256.437500,947153.500000,776897.062500
ml,best,368,2026-05-12,2440.165039,10.000000,2223.844727,50.000000,0.000000,0.000000,-0.000000,0.000000,0.000000,2466.686279,50.000000,-7.000000,-7.000000,863340.250000,431.670105,-863340.250000,2501.753906,50.000000,-7.000000,-7.000000,875613.875000,437.806946,-875613.875000,-1738954.125000,1588166.500000,20338.226562,-171125.843750,1025622.750000,854496.875000
ml,best,368,2026-05-13,2425.620850,10.000000,2223.844727,50.000000,0.000000,0.000000,-0.000000,0.000000,0.000000,2450.027100,50.000000,0.000000,7.000000,-857509.500000,428.754730,0.000000,2478.407715,50.000000,0.000000,7.000000,-867442.687500,433.721344,0.000000,0.000000,-136785.750000,21200.703125,-157986.453125,993962.562500,835976.125000
ml,best,368,2026-05-14,2413.440918,10.000000,2223.844727,50.000000,0.000000,0.000000,-0.000000,0.000000,0.000000,2441.411621,50.000000,-7.000000,-7.000000,854494.062500,427.247009,-854494.062500,2470.927734,50.000000,-7.000000,-7.000000,864824.687500,432.412354,-864824.687500,-1719318.750000,1582533.000000,22060.363281,-158846.109375,958701.937500,799855.812500
ml,best,368,2026-05-15,2467.809326,10.000000,2223.844727,50.000000,0.000000,0.000000,-0.000000,0.000000,0.000000,2486.967041,50.000000,0.000000,7.000000,-870438.500000,435.219238,0.000000,2513.440186,50.000000,0.000000,7.000000,-879704.125000,439.852051,0.000000,0.000000,-167609.625000,22935.433594,-190545.062500,1094538.625000,903993.562500
ml,best,368,2026-05-16,2479.714844,10.000000,2223.844727,50.000000,0.000000,0.000000,-0.000000,0.000000,0.000000,2501.754639,50.000000,0.000000,0.000000,-0.000000,0.000000,0.000000,2532.951416,50.000000,0.000000,0.000000,-0.000000,0.000000,0.000000,0.000000,-167609.625000,22935.433594,-190545.062500,1123264.125000,932719.062500
ml,best,368,2026-05-17,2558.362305,10.000000,2223.844727,50.000000,0.000000,0.000000,-0.000000,0.000000,0.000000,2584.002686,50.000000,0.000000,0.000000,-0.000000,0.000000,0.000000,2613.573975,50.000000,0.000000,0.000000,-0.000000,0.000000,0.000000,0.000000,-167609.625000,22935.433594,-190545.062500,1321144.000000,1130599.000000
ml,best,368,2026-05-18,2567.533203,10.000000,2223.844727,50.000000,0.000000,0.000000,-0.000000,0.000000,0.000000,2589.295654,50.000000,-7.000000,-7.000000,906253.500000,453.126678,-906253.500000,2620.558350,50.000000,-7.000000,-7.000000,917195.437500,458.597687,-917195.437500,-1823449.000000,1655839.250000,23847.158203,-191456.906250,1343029.875000,1151573.000000
ml,best,368,2026-05-19,2632.263428,10.000000,2223.844727,50.000000,0.000000,0.000000,-0.000000,0.000000,0.000000,2666.854004,50.000000,0.000000,7.000000,-933398.937500,466.699432,0.000000,2697.937744,50.000000,0.000000,7.000000,-944278.250000,472.139099,0.000000,0.000000,-221837.875000,24785.996094,-246623.875000,1504789.000000,1258165.125000
ml,best,368,2026-05-20,2627.355469,10.000000,2223.844727,50.000000,0.000000,0.000000,-0.000000,0.000000,0.000000,2639.805664,50.000000,-7.000000,-7.000000,923932.000000,461.965942,-923932.000000,2666.553955,50.000000,-7.000000,-7.000000,933293.875000,466.646942,-933293.875000,-1857225.875000,1635388.000000,25714.609375,-247552.484375,1491403.000000,1243850.500000
ml,best,368,2026-05-21,2616.492188,10.000000,2223.844727,50.000000,0.000000,0.000000,-0.000000,0.000000,0.000000,2641.319092,50.000000,0.000000,7.000000,-924461.750000,462.230835,0.000000,2665.500244,50.000000,0.000000,7.000000,-932925.125000,466.462524,0.000000,0.000000,-221998.875000,26643.302734,-248642.171875,1464639.750000,1215997.625000
ml,best,368,2026-05-22,2593.462891,10.000000,2223.844727,50.000000,0.000000,0.000000,-0.000000,0.000000,0.000000,2599.234863,50.000000,-7.000000,-7.000000,909732.250000,454.866058,-909732.250000,2621.258301,50.000000,-7.000000,-7.000000,917440.437500,458.720184,-917440.437500,-1827172.750000,1605173.750000,27556.890625,-249555.890625,1401891.875000,1152336.000000
ml,best,368,2026-05-23,2583.934570,10.000000,2223.844727,50.000000,0.000000,0.000000,-0.000000,0.000000,0.000000,2592.168457,50.000000,-7.000000,0.000000,-0.000000,0.000000,-907259.000000,2611.944092,50.000000,-7.000000,0.000000,-0.000000,0.000000,-914180.500000,-1821439.500000,1605173.750000,27556.890625,-243822.640625,1374051.375000,1130228.750000
ml,best,368,2026-05-24,2635.903320,10.000000,2223.844727,50.000000,0.000000,0.000000,-0.000000,0.000000,0.000000,2670.710938,50.000000,-7.000000,0.000000,-0.000000,0.000000,-934748.812500,2691.252686,50.000000,-7.000000,0.000000,-0.000000,0.000000,-941938.500000,-1876687.250000,1605173.750000,27556.890625,-299070.375000,1498442.750000,1199372.375000
ml,best,368,2026-05-25,2658.580566,10.000000,2223.844727,50.000000,0.000000,0.000000,-0.000000,0.000000,0.000000,2692.319580,50.000000,-7.000000,0.000000,-0.000000,0.000000,-942311.812500,2714.133789,50.000000,-7.000000,0.000000,-0.000000,0.000000,-949946.875000,-1892258.750000,1605173.750000,27556.890625,-314641.875000,1551230.750000,1236588.875000
ml,best,368,2026-05-26,2793.113525,10.000000,2223.844727,50.000000,0.000000,0.000000,-0.000000,0.000000,0.000000,2853.537842,50.000000,0.000000,7.000000,-998738.250000,499.369080,0.000000,2878.536133,50.000000,0.000000,7.000000,-1007487.687500,503.743805,0.000000,0.000000,-401052.125000,28560.001953,-429612.125000,1882966.000000,1453353.875000
ml,best,368,2026-05-27,2843.176514,10.000000,2223.844727,50.000000,0.000000,0.000000,-0.000000,0.000000,0.000000,2867.976318,50.000000,0.000000,0.000000,-0.000000,0.000000,0.000000,2888.153564,50.000000,-7.000000,-7.000000,1010853.687500,505.426849,-1010853.687500,-1010853.687500,609801.562500,29065.429688,-430117.562500,2009179.500000,1579062.000000
ml,best,368,2026-05-28,2911.265625,10.000000,2223.844727,50.000000,0.000000,0.000000,-0.000000,0.000000,0.000000,2946.008789,50.000000,0.000000,0.000000,-0.000000,0.000000,0.000000,2969.630127,50.000000,0.000000,7.000000,-1039370.500000,519.685242,0.000000,0.000000,-429568.937500,29585.113281,-459154.062500,2175829.000000,1716675.000000
ml,best,368,2026-05-29,3006.814697,10.000000,2223.844727,50.000000,0.000000,0.000000,-0.000000,0.000000,0.000000,3029.845947,50.000000,0.000000,0.000000,-0.000000,0.000000,0.000000,3053.005371,50.000000,-7.000000,-7.000000,1068551.875000,534.275879,-1068551.875000,-1068551.875000,638982.937500,30119.390625,-459688.312500,2417631.500000,1957943.250000
ml,best,368,2026-05-30,3063.032227,10.000000,2223.844727,50.000000,0.000000,0.000000,-0.000000,0.000000,0.000000,3077.724609,50.000000,0.000000,0.000000,-0.000000,0.000000,0.000000,3106.507324,50.000000,-7.000000,0.000000,-0.000000,0.000000,-1087277.500000,-1087277.500000,638982.937500,30119.390625,-478413.937500,2551995.500000,2073581.500000
ml,best,368,2026-05-31,3057.595215,10.000000,2223.844727,50.000000,0.000000,0.000000,-0.000000,0.000000,0.000000,3086.384521,50.000000,0.000000,0.000000,-0.000000,0.000000,0.000000,3113.858154,50.000000,-7.000000,0.000000,-0.000000,0.000000,-1089850.375000,-1089850.375000,638982.937500,30119.390625,-480986.812500,2529844.500000,2048857.750000
ml,best,368,2026-06-01,3130.623535,10.000000,2223.844727,50.000000,0.000000,0.000000,-0.000000,0.000000,0.000000,3153.676514,50.000000,0.000000,0.000000,-0.000000,0.000000,0.000000,3184.343018,50.000000,0.000000,7.000000,-1114520.000000,557.260010,0.000000,0.000000,-475537.062500,30676.650391,-506213.718750,2706741.500000,2200527.750000
ml,best,368,2026-06-02,3130.220215,10.000000,2223.844727,50.000000,0.000000,0.000000,-0.000000,0.000000,0.000000,3143.563721,50.000000,-7.000000,-7.000000,1100247.250000,550.123596,-1100247.250000,3172.995605,50.000000,-7.000000,-7.000000,1110548.500000,555.274170,-1110548.500000,-2210795.750000,1735258.750000,31782.046875,-507319.062500,2700504.500000,2193185.500000
ml,best,368,2026-06-03,3184.135498,10.000000,2223.844727,50.000000,0.000000,0.000000,-0.000000,0.000000,0.000000,3219.600342,50.000000,0.000000,7.000000,-1126860.125000,563.430054,0.000000,3250.314941,50.000000,0.000000,7.000000,-1137610.250000,568.805115,0.000000,0.000000,-529211.687500,32914.281250,-562126.000000,2838190.000000,2276064.000000
ml,best,368,2026-06-04,3213.813232,10.000000,2223.844727,50.000000,0.000000,0.000000,-0.000000,0.000000,0.000000,3224.913086,50.000000,0.000000,0.000000,-0.000000,0.000000,0.000000,3252.255859,50.000000,-7.000000,-7.000000,1138289.500000,569.144775,-1138289.500000,-1138289.500000,609077.812500,33483.429688,-562695.125000,2908060.500000,2345365.500000
ml,best,368,2026-06-05,3281.957275,10.000000,2223.844727,50.000000,0.000000,0.000000,-0.000000,0.000000,0.000000,3267.364746,50.000000,0.000000,0.000000,-0.000000,0.000000,0.000000,3293.208008,50.000000,0.000000,7.000000,-1152622.875000,576.311401,0.000000,0.000000,-543545.062500,34059.742188,-577604.812500,3080698.000000,2503093.250000
ml,best,368,2026-06-06,3307.741943,10.000000,2223.844727,50.000000,0.000000,0.000000,-0.000000,0.000000,0.000000,3296.054443,50.000000,0.000000,0.000000,-0.000000,0.000000,0.000000,3321.354736,50.000000,0.000000,0.000000,-0.000000,0.000000,0.000000,0.000000,-543545.062500,34059.742188,-577604.812500,3154086.000000,2576481.250000
ml,best,368,2026-06-07,3337.062988,10.000000,2223.844727,50.000000,0.000000,0.000000,-0.000000,0.000000,0.000000,3354.761719,50.000000,0.000000,0.000000,-0.000000,0.000000,0.000000,3383.216064,50.000000,0.000000,0.000000,-0.000000,0.000000,0.000000,0.000000,-543545.062500,34059.742188,-577604.812500,3223243.000000,2645638.250000
ml,best,368,2026-06-08,3358.120850,10.000000,2223.844727,50.000000,0.000000,0.000000,-0.000000,0.000000,0.000000,3380.768311,50.000000,0.000000,0.000000,-0.000000,0.000000,0.000000,3402.319580,50.000000,-7.000000,-7.000000,1190811.875000,595.405945,-1190811.875000,-1190811.875000,647266.812500,34655.144531,-578200.187500,3275419.750000,2697219.500000
ml,best,368,2026-06-09,3300.179932,10.000000,2223.844727,50.000000,0.000000,0.000000,-0.000000,0.000000,0.000000,3320.302002,50.000000,0.000000,0.000000,-0.000000,0.000000,0.000000,3338.460449,50.000000,0.000000,7.000000,-1168461.125000,584.230530,0.000000,0.000000,-521194.312500,35239.375000,-556433.687500,3127181.750000,2570748.000000
ml,best,368,2026-06-10,3358.066406,10.000000,2223.844727,50.000000,0.000000,0.000000,-0.000000,0.000000,0.000000,3377.248535,50.000000,0.000000,0.000000,-0.000000,0.000000,0.000000,3393.463867,50.000000,-7.000000,-7.000000,1187712.250000,593.856140,-1187712.250000,-1187712.250000,666517.937500,35833.234375,-557027.562500,3268861.750000,2711834.250000
ml,best,368,2026-06-11,3318.595703,10.000000,2223.844727,50.000000,0.000000,0.000000,-0.000000,0.000000,0.000000,3326.189453,50.000000,0.000000,0.000000,-0.000000,0.000000,0.000000,3347.396240,50.000000,0.000000,7.000000,-1171588.625000,585.794312,0.000000,0.000000,-505070.687500,36419.023438,-541489.687500,3170198.000000,2628708.250000
ml,best,368,2026-06-12,3336.515869,10.000000,2223.844727,50.000000,0.000000,0.000000,-0.000000,0.000000,0.000000,3344.576416,50.000000,0.000000,0.000000,-0.000000,0.000000,0.000000,3369.305908,50.000000,-7.000000,-7.000000,1179257.000000,589.628540,-1179257.000000,-1179257.000000,674186.312500,37008.656250,-542079.375000,3210479.500000,2668400.000000
ml,best,368,2026-06-13,3298.137939,10.000000,2223.844727,50.000000,0.000000,0.000000,-0.000000,0.000000,0.000000,3307.004395,50.000000,0.000000,0.000000,-0.000000,0.000000,0.000000,3334.781494,50.000000,-7.000000,0.000000,-0.000000,0.000000,-1167173.500000,-1167173.500000,674186.312500,37008.656250,-529995.875000,3116116.000000,2586120.000000
ml,best,368,2026-06-14,3339.922119,10.000000,2223.844727,50.000000,0.000000,0.000000,-0.000000,0.000000,0.000000,3355.982910,50.000000,0.000000,0.000000,-0.000000,0.000000,0.000000,3390.153809,50.000000,-7.000000,0.000000,-0.000000,0.000000,-1186553.750000,-1186553.750000,674186.312500,37008.656250,-549376.125000,3217618.750000,2668242.500000
ml,best,368,2026-06-15,3371.473389,10.000000,2223.844727,50.000000,0.000000,0.000000,-0.000000,0.000000,0.000000,3379.472900,50.000000,0.000000,0.000000,-0.000000,0.000000,0.000000,3414.060547,50.000000,0.000000,7.000000,-1194921.250000,597.460571,0.000000,0.000000,-520734.937500,37606.117188,-558341.062500,3291525.500000,2733184.500000
ml,best,368,2026-06-16,3356.619141,10.000000,2223.844727,50.000000,0.000000,0.000000,-0.000000,0.000000,0.000000,3381.437988,50.000000,0.000000,0.000000,-0.000000,0.000000,0.000000,3411.963379,50.000000,-7.000000,-7.000000,1194187.250000,597.093628,-1194187.250000,-1194187.250000,673452.312500,38203.210938,-558938.125000,3252717.000000,2693779.000000
ml,best,368,2026-06-17,3354.491211,10.000000,2223.844727,50.000000,0.000000,0.000000,-0.000000,0.000000,0.000000,3375.177490,50.000000,0.000000,0.000000,-0.000000,0.000000,0.000000,3400.440918,50.000000,0.000000,7.000000,-1190154.250000,595.077148,0.000000,0.000000,-516701.937500,38798.285156,-555500.250000,3249687.750000,2694187.500000
ml,best,368,2026-06-18,3359.331787,10.000000,2223.844727,50.000000,0.000000,0.000000,-0.000000,0.000000,0.000000,3385.076172,50.000000,0.000000,0.000000,-0.000000,0.000000,0.000000,3407.561035,50.000000,0.000000,0.000000,-0.000000,0.000000,0.000000,0.000000,-516701.937500,38798.285156,-555500.250000,3262654.250000,2707154.000000
ml,best,368,2026-06-19,3345.204346,10.000000,2223.844727,50.000000,0.000000,0.000000,-0.000000,0.000000,0.000000,3370.167725,50.000000,0.000000,0.000000,-0.000000,0.000000,0.000000,3387.580811,50.000000,0.000000,0.000000,-0.000000,0.000000,0.000000,0.000000,-516701.937500,38798.285156,-555500.250000,3224331.250000,2668831.000000
ml,best,368,2026-06-20,3352.556152,10.000000,2223.844727,50.000000,0.000000,0.000000,-0.000000,0.000000,0.000000,3344.427734,50.000000,0.000000,0.000000,-0.000000,0.000000,0.000000,3362.419922,50.000000,0.000000,0.000000,-0.000000,0.000000,0.000000,0.000000,-516701.937500,38798.285156,-555500.250000,3243478.250000,2687978.000000
ml,best,368,2026-06-21,3333.163818,10.000000,2223.844727,50.000000,0.000000,0.000000,-0.000000,0.000000,0.000000,3320.657715,50.000000,0.000000,0.000000,-0.000000,0.000000,0.000000,3343.587402,50.000000,0.000000,0.000000,-0.000000,0.000000,0.000000,0.000000,-516701.937500,38798.285156,-555500.250000,3195439.750000,2639939.500000
ml,best,368,2026-06-22,3314.872559,10.000000,2223.844727,50.000000,0.000000,0.000000,-0.000000,0.000000,0.000000,3315.631836,50.000000,0.000000,0.000000,-0.000000,0.000000,0.000000,3341.594727,50.000000,-7.000000,-7.000000,1169558.250000,584.779053,-1169558.250000,-1169558.250000,652856.312500,39383.062500,-556085.000000,3147136.000000,2591051.000000
ml,best,368,2026-06-23,3374.062500,10.000000,2223.844727,50.000000,0.000000,0.000000,-0.000000,0.000000,0.000000,3399.959229,50.000000,0.000000,0.000000,-0.000000,0.000000,0.000000,3426.552734,50.000000,0.000000,7.000000,-1199293.500000,599.646729,0.000000,0.000000,-546437.187500,39982.710938,-586419.875000,3295149.250000,2708729.500000
ml,best,368,2026-06-24,3349.433838,10.000000,2223.844727,50.000000,0.000000,0.000000,-0.000000,0.000000,0.000000,3349.019531,50.000000,0.000000,0.000000,-0.000000,0.000000,0.000000,3372.600830,50.000000,-7.000000,-7.000000,1180410.250000,590.205200,-1180410.250000,-1180410.250000,633973.062500,40572.917969,-587010.125000,3231459.000000,2644449.000000
ml,best,368,2026-06-25,3398.810303,10.000000,2223.844727,50.000000,0.000000,0.000000,-0.000000,0.000000,0.000000,3422.165771,50.000000,0.000000,0.000000,-0.000000,0.000000,0.000000,3448.427246,50.000000,0.000000,7.000000,-1206949.500000,603.474731,0.000000,0.000000,-572976.437500,41176.390625,-614152.812500,3355091.500000,2740938.750000
ml,best,368,2026-06-26,3392.524658,10.000000,2223.844727,50.000000,0.000000,0.000000,-0.000000,0.000000,0.000000,3421.137939,50.000000,0.000000,0.000000,-0.000000,0.000000,0.000000,3449.890869,50.000000,0.000000,0.000000,-0.000000,0.000000,0.000000,0.000000,-572976.437500,41176.390625,-614152.812500,3338295.750000,2724143.000000
ml,best,368,2026-06-27,3422.140381,10.000000,2223.844727,50.000000,0.000000,0.000000,-0.000000,0.000000,0.000000,3438.055176,50.000000,0.000000,0.000000,-0.000000,0.000000,0.000000,3468.882324,50.000000,0.000000,0.000000,-0.000000,0.000000,0.000000,0.000000,-572976.437500,41176.390625,-614152.812500,3412313.750000,2798161.000000
ml,best,368,2026-06-28,3456.593750,10.000000,2223.844727,50.000000,0.000000,0.000000,-0.000000,0.000000,0.000000,3480.405518,50.000000,0.000000,0.000000,-0.000000,0.000000,0.000000,3510.451172,50.000000,0.000000,0.000000,-0.000000,0.000000,0.000000,0.000000,-572976.437500,41176.390625,-614152.812500,3495108.000000,2880955.250000
ml,best,368,2026-06-29,3489.882324,10.000000,2223.844727,50.000000,0.000000,0.000000,-0.000000,0.000000,0.000000,3511.324463,50.000000,0.000000,0.000000,-0.000000,0.000000,0.000000,3539.676514,50.000000,0.000000,0.000000,-0.000000,0.000000,0.000000,0.000000,-572976.437500,41176.390625,-614152.812500,3578821.000000,2964668.250000
ml,best,368,2026-06-30,3558.405273,10.000000,2223.844727,50.000000,0.000000,0.000000,-0.000000,0.000000,0.000000,3564.401611,50.000000,0.000000,0.000000,-0.000000,0.000000,0.000000,3592.829346,50.000000,0.000000,0.000000,-0.000000,0.000000,0.000000,0.000000,-572976.437500,41176.390625,-614152.812500,3749760.250000,3135607.500000
ml,best,368,2026-07-01,3584.081543,10.000000,2223.844727,50.000000,0.000000,0.000000,-0.000000,0.000000,0.000000,3623.602051,50.000000,0.000000,0.000000,-0.000000,0.000000,0.000000,3653.597412,50.000000,0.000000,0.000000,-0.000000,0.000000,0.000000,0.000000,-572976.437500,41176.390625,-614152.812500,3814934.750000,3200782.000000
ml,best,368,2026-07-02,3608.511230,10.000000,2223.844727,50.000000,0.000000,0.000000,-0.000000,0.000000,0.000000,3632.552734,50.000000,0.000000,0.000000,-0.000000,0.000000,0.000000,3663.819580,50.000000,0.000000,0.000000,-0.000000,0.000000,0.000000,0.000000,-572976.437500,41176.390625,-614152.812500,3876653.000000,3262500.250000
ml,best,368,2026-07-03,3596.181396,10.000000,2223.844727,50.000000,0.000000,0.000000,-0.000000,0.000000,0.000000,3631.980713,50.000000,0.000000,0.000000,-0.000000,0.000000,0.000000,3661.872070,50.000000,0.000000,0.000000,-0.000000,0.000000,0.000000,0.000000,-572976.437500,41176.390625,-614152.812500,3847522.500000,3233369.750000
ml,best,368,2026-07-04,3681.858887,10.000000,2223.844727,50.000000,0.000000,0.000000,-0.000000,0.000000,0.000000,3710.890137,50.000000,0.000000,0.000000,-0.000000,0.000000,0.000000,3743.385986,50.000000,0.000000,0.000000,-0.000000,0.000000,0.000000,0.000000,-572976.437500,41176.390625,-614152.812500,4032412.250000,3418259.500000
ml,best,368,2026-07-05,3576.873535,10.000000,2223.844727,50.000000,0.000000,0.000000,-0.000000,0.000000,0.000000,3567.379395,50.000000,0.000000,0.000000,-0.000000,0.000000,0.000000,3598.076416,50.000000,0.000000,0.000000,-0.000000,0.000000,0.000000,0.000000,-572976.437500,41176.390625,-614152.812500,3803924.500000,3189771.750000
ml,best,368,2026-07-06,3634.261230,10.000000,2223.844727,50.000000,0.000000,0.000000,-0.000000,0.000000,0.000000,3639.835938,50.000000,0.000000,0.000000,-0.000000,0.000000,0.000000,3672.814209,50.000000,0.000000,0.000000,-0.000000,0.000000,0.000000,0.000000,-572976.437500,41176.390625,-614152.812500,3928643.750000,3314491.000000
ml,best,368,2026-07-07,3641.394287,10.000000,2223.844727,50.000000,0.000000,0.000000,-0.000000,0.000000,0.000000,3679.395020,50.000000,0.000000,0.000000,-0.000000,0.000000,0.000000,3715.378174,50.000000,0.000000,0.000000,-0.000000,0.000000,0.000000,0.000000,-572976.437500,41176.390625,-614152.812500,3944497.750000,3330345.000000
ml,best,368,2026-07-08,3659.106201,10.000000,2223.844727,50.000000,0.000000,0.000000,-0.000000,0.000000,0.000000,3665.111084,50.000000,0.000000,0.000000,-0.000000,0.000000,0.000000,3704.939697,50.000000,0.000000,0.000000,-0.000000,0.000000,0.000000,0.000000,-572976.437500,41176.390625,-614152.812500,3978390.750000,3364238.000000
ml,best,368,2026-07-09,3654.781738,10.000000,2223.844727,50.000000,0.000000,0.000000,-0.000000,0.000000,0.000000,3645.309814,50.000000,0.000000,0.000000,-0.000000,0.000000,0.000000,3683.218262,50.000000,0.000000,0.000000,-0.000000,0.000000,0.000000,0.000000,-572976.437500,41176.390625,-614152.812500,3969477.750000,3355325.000000
ml,best,368,2026-07-10,3634.136475,10.000000,2223.844727,50.000000,0.000000,0.000000,-0.000000,0.000000,0.000000,3625.638184,50.000000,0.000000,0.000000,-0.000000,0.000000,0.000000,3665.643799,50.000000,0.000000,0.000000,-0.000000,0.000000,0.000000,0.000000,-572976.437500,41176.390625,-614152.812500,3934236.750000,3320084.000000
ml,best,368,2026-07-11,3661.162109,10.000000,2223.844727,50.000000,0.000000,0.000000,-0.000000,0.000000,0.000000,3661.267822,50.000000,0.000000,0.000000,-0.000000,0.000000,0.000000,3703.975830,50.000000,0.000000,0.000000,-0.000000,0.000000,0.000000,0.000000,-572976.437500,41176.390625,-614152.812500,3977703.000000,3363550.250000
ml,best,368,2026-07-12,3683.998047,10.000000,2223.844727,50.000000,0.000000,0.000000,-0.000000,0.000000,0.000000,3682.477295,50.000000,0.000000,0.000000,-0.000000,0.000000,0.000000,3723.371826,50.000000,0.000000,0.000000,-0.000000,0.000000,0.000000,0.000000,-572976.437500,41176.390625,-614152.812500,4016138.000000,3401985.250000
ml,best,368,2026-07-13,3682.610352,10.000000,2223.844727,50.000000,0.000000,0.000000,-0.000000,0.000000,0.000000,3660.794434,50.000000,0.000000,0.000000,-0.000000,0.000000,0.000000,3701.725586,50.000000,0.000000,0.000000,-0.000000,0.000000,0.000000,0.000000,-572976.437500,41176.390625,-614152.812500,4013356.250000,3399203.500000
ml,best,368,2026-07-14,3696.075684,10.000000,2223.844727,50.000000,0.000000,0.000000,-0.000000,0.000000,0.000000,3701.291748,50.000000,0.000000,0.000000,-0.000000,0.000000,0.000000,3740.379395,50.000000,0.000000,0.000000,-0.000000,0.000000,0.000000,0.000000,-572976.437500,41176.390625,-614152.812500,4034535.500000,3420382.750000
ml,best,368,2026-07-15,3667.008057,10.000000,2223.844727,50.000000,0.000000,0.000000,-0.000000,0.000000,0.000000,3671.903564,50.000000,0.000000,0.000000,-0.000000,0.000000,0.000000,3706.416260,50.000000,0.000000,0.000000,-0.000000,0.000000,0.000000,0.000000,-572976.437500,41176.390625,-614152.812500,3992956.250000,3378803.500000
ml,best,368,2026-07-16,3594.933105,10.000000,2223.844727,50.000000,0.000000,0.000000,-0.000000,0.000000,0.000000,3588.112549,50.000000,0.000000,0.000000,-0.000000,0.000000,0.000000,3621.933594,50.000000,0.000000,0.000000,-0.000000,0.000000,0.000000,0.000000,-572976.437500,41176.390625,-614152.812500,3899771.750000,3285619.000000
ml,best,368,2026-07-17,3514.762451,10.000000,2223.844727,50.000000,0.000000,0.000000,-0.000000,0.000000,0.000000,3508.718018,50.000000,0.000000,0.000000,-0.000000,0.000000,0.000000,3540.059082,50.000000,0.000000,0.000000,-0.000000,0.000000,0.000000,0.000000,-572976.437500,41176.390625,-614152.812500,3804506.000000,3190353.250000
ml,best,368,2026-07-18,3509.366699,10.000000,2223.844727,50.000000,0.000000,0.000000,-0.000000,0.000000,0.000000,3531.582275,50.000000,0.000000,0.000000,-0.000000,0.000000,0.000000,3563.409424,50.000000,0.000000,0.000000,-0.000000,0.000000,0.000000,0.000000,-572976.437500,41176.390625,-614152.812500,3798595.500000,3184442.750000
ml,best,368,2026-07-19,3498.149414,10.000000,2223.844727,50.000000,0.000000,0.000000,-0.000000,0.000000,0.000000,3502.299072,50.000000,0.000000,0.000000,-0.000000,0.000000,0.000000,3532.779053,50.000000,0.000000,0.000000,-0.000000,0.000000,0.000000,0.000000,-572976.437500,41176.390625,-614152.812500,3786606.750000,3172454.000000
ml,best,368,2026-07-20,3552.912109,10.000000,2223.844727,50.000000,0.000000,0.000000,-0.000000,0.000000,0.000000,3572.149170,50.000000,0.000000,0.000000,-0.000000,0.000000,0.000000,3601.512695,50.000000,0.000000,0.000000,-0.000000,0.000000,0.000000,0.000000,-572976.437500,41176.390625,-614152.812500,3846197.000000,3232044.250000
ml,best,368,2026-07-21,3602.895752,10.000000,2223.844727,50.000000,0.000000,0.000000,-0.000000,0.000000,0.000000,3619.766357,50.000000,0.000000,0.000000,-0.000000,0.000000,0.000000,3652.041016,50.000000,0.000000,0.000000,-0.000000,0.000000,0.000000,0.000000,-572976.437500,41176.390625,-614152.812500,3895368.000000,3281215.250000
ml,best,368,2026-07-22,3598.527832,10.000000,2223.844727,50.000000,0.000000,0.000000,-0.000000,0.000000,0.000000,3592.451172,50.000000,0.000000,0.000000,-0.000000,0.000000,0.000000,3624.488770,50.000000,0.000000,0.000000,-0.000000,0.000000,0.000000,0.000000,-572976.437500,41176.390625,-614152.812500,3891429.500000,3277276.750000
ml,best,368,2026-07-23,3605.349854,10.000000,2223.844727,50.000000,0.000000,0.000000,-0.000000,0.000000,0.000000,3609.067139,50.000000,0.000000,0.000000,-0.000000,0.000000,0.000000,3641.665039,50.000000,0.000000,0.000000,-0.000000,0.000000,0.000000,0.000000,-572976.437500,41176.390625,-614152.812500,3897024.750000,3282872.000000
ml,best,368,2026-07-24,3485.149658,10.000000,2223.844727,50.000000,0.000000,0.000000,-0.000000,0.000000,0.000000,3463.828369,50.000000,0.000000,0.000000,-0.000000,0.000000,0.000000,3495.132324,50.000000,0.000000,0.000000,-0.000000,0.000000,0.000000,0.000000,-572976.437500,41176.390625,-614152.812500,3818787.250000,3204634.500000
ml,best,368,2026-07-25,3464.924072,10.000000,2223.844727,50.000000,0.000000,0.000000,-0.000000,0.000000,0.000000,3449.072266,50.000000,0.000000,0.000000,-0.000000,0.000000,0.000000,3482.054199,50.000000,0.000000,0.000000,-0.000000,0.000000,0.000000,0.000000,-572976.437500,41176.390625,-614152.812500,3808062.500000,3193909.750000
ml,best,368,2026-07-26,3414.114746,10.000000,2223.844727,50.000000,0.000000,0.000000,-0.000000,0.000000,0.000000,3387.946045,50.000000,0.000000,0.000000,-0.000000,0.000000,0.000000,3418.435791,50.000000,0.000000,0.000000,-0.000000,0.000000,0.000000,0.000000,-572976.437500,41176.390625,-614152.812500,3780700.000000,3166547.250000
ml,best,368,2026-07-27,3396.441895,10.000000,2223.844727,50.000000,0.000000,0.000000,-0.000000,0.000000,0.000000,3406.424805,50.000000,0.000000,0.000000,-0.000000,0.000000,0.000000,3436.309814,50.000000,0.000000,0.000000,-0.000000,0.000000,0.000000,0.000000,-572976.437500,41176.390625,-614152.812500,3771387.500000,3157234.750000
ml,best,368,2026-07-28,3418.086182,10.000000,2223.844727,50.000000,0.000000,0.000000,-0.000000,0.000000,0.000000,3406.201416,50.000000,0.000000,0.000000,-0.000000,0.000000,0.000000,3434.205078,50.000000,0.000000,0.000000,-0.000000,0.000000,0.000000,0.000000,-572976.437500,41176.390625,-614152.812500,3781067.250000,3166914.500000
ml,best,368,2026-07-29,3421.278809,10.000000,2223.844727,50.000000,0.000000,0.000000,-0.000000,0.000000,0.000000,3419.742676,50.000000,0.000000,0.000000,-0.000000,0.000000,0.000000,3447.649902,50.000000,0.000000,0.000000,-0.000000,0.000000,0.000000,0.000000,-572976.437500,41176.390625,-614152.812500,3782386.500000,3168233.750000
ml,best,368,2026-07-30,3520.468750,10.000000,2223.844727,50.000000,0.000000,0.000000,-0.000000,0.000000,0.000000,3419.742676,50.000000,0.000000,0.000000,-0.000000,0.000000,0.000000,3586.222168,50.000000,0.000000,0.000000,-0.000000,0.000000,0.000000,0.000000,-572976.437500,41176.390625,-614152.812500,3804337.000000,3190184.250000
ml,best,368,2026-07-31,3527.115967,10.000000,2223.844727,50.000000,0.000000,0.000000,-0.000000,0.000000,0.000000,3419.742676,50.000000,0.000000,0.000000,-0.000000,0.000000,0.000000,3564.490967,50.000000,0.000000,0.000000,-0.000000,0.000000,0.000000,0.000000,-572976.437500,41176.390625,-614152.812500,3805488.750000,3191336.000000
ml,best,368,2026-08-01,3543.407227,10.000000,2223.844727,50.000000,0.000000,0.000000,-0.000000,0.000000,0.000000,3419.742676,50.000000,0.000000,0.000000,-0.000000,0.000000,0.000000,3588.701904,50.000000,0.000000,0.000000,-0.000000,0.000000,0.000000,0.000000,-572976.437500,41176.390625,-614152.812500,3805899.250000,3191746.500000
ml,best,368,2026-08-02,3565.593262,10.000000,2223.844727,50.000000,0.000000,0.000000,-0.000000,0.000000,0.000000,3419.742676,50.000000,0.000000,0.000000,-0.000000,0.000000,0.000000,3593.659912,50.000000,0.000000,0.000000,-0.000000,0.000000,0.000000,0.000000,-572976.437500,41176.390625,-614152.812500,3806355.000000,3192202.250000
ml,best,368,2026-08-03,3556.271484,10.000000,2223.844727,50.000000,0.000000,0.000000,-0.000000,0.000000,0.000000,3419.742676,50.000000,0.000000,0.000000,-0.000000,0.000000,0.000000,3575.184570,50.000000,0.000000,0.000000,-0.000000,0.000000,0.000000,0.000000,-572976.437500,41176.390625,-614152.812500,3806803.500000,3192650.750000
ml,best,368,2026-08-04,3577.746582,10.000000,2223.844727,50.000000,0.000000,0.000000,-0.000000,0.000000,0.000000,3419.742676,50.000000,0.000000,0.000000,-0.000000,0.000000,0.000000,3605.978027,50.000000,0.000000,0.000000,-0.000000,0.000000,0.000000,0.000000,-572976.437500,41176.390625,-614152.812500,3807246.250000,3193093.500000
ml,best,368,2026-08-05,3544.830078,10.000000,2223.844727,50.000000,0.000000,0.000000,-0.000000,0.000000,0.000000,3419.742676,50.000000,0.000000,0.000000,-0.000000,0.000000,0.000000,3566.700195,50.000000,0.000000,0.000000,-0.000000,0.000000,0.000000,0.000000,-572976.437500,41176.390625,-614152.812500,3807725.250000,3193572.500000
ml,best,368,2026-08-06,3589.243164,10.000000,2223.844727,50.000000,0.000000,0.000000,-0.000000,0.000000,0.000000,3419.742676,50.000000,0.000000,0.000000,-0.000000,0.000000,0.000000,3598.790039,50.000000,0.000000,0.000000,-0.000000,0.000000,0.000000,0.000000,-572976.437500,41176.390625,-614152.812500,3807725.250000,3193572.500000
ml,best,368,2026-08-07,3643.245850,10.000000,2223.844727,50.000000,0.000000,0.000000,-0.000000,0.000000,0.000000,3419.742676,50.000000,0.000000,0.000000,-0.000000,0.000000,0.000000,3665.973389,50.000000,0.000000,0.000000,-0.000000,0.000000,0.000000,0.000000,-572976.437500,41176.390625,-614152.812500,3807725.250000,3193572.500000
ml,best,368,2026-08-08,3647.667725,10.000000,2223.844727,50.000000,0.000000,0.000000,-0.000000,0.000000,0.000000,3419.742676,50.000000,0.000000,0.000000,-0.000000,0.000000,0.000000,3682.973145,50.000000,0.000000,0.000000,-0.000000,0.000000,0.000000,0.000000,-572976.437500,41176.390625,-614152.812500,3807725.250000,3193572.500000
ml,best,368,2026-08-09,3729.304688,10.000000,2223.844727,50.000000,0.000000,0.000000,-0.000000,0.000000,0.000000,3419.742676,50.000000,0.000000,0.000000,-0.000000,0.000000,0.000000,3768.203125,50.000000,0.000000,0.000000,-0.000000,0.000000,0.000000,0.000000,-572976.437500,41176.390625,-614152.812500,3807725.250000,3193572.500000
ml,best,368,2026-08-10,3714.375977,10.000000,2223.844727,50.000000,0.000000,0.000000,-0.000000,0.000000,0.000000,3419.742676,50.000000,0.000000,0.000000,-0.000000,0.000000,0.000000,3731.889160,50.000000,0.000000,0.000000,-0.000000,0.000000,0.000000,0.000000,-572976.437500,41176.390625,-614152.812500,3807725.250000,3193572.500000
ml,best,368,2026-08-11,3724.009521,10.000000,2223.844727,50.000000,0.000000,0.000000,-0.000000,0.000000,0.000000,3419.742676,50.000000,0.000000,0.000000,-0.000000,0.000000,0.000000,3763.483643,50.000000,0.000000,0.000000,-0.000000,0.000000,0.000000,0.000000,-572976.437500,41176.390625,-614152.812500,3807725.250000,3193572.500000
ml,best,368,2026-08-12,3625.907715,10.000000,2223.844727,50.000000,0.000000,0.000000,-0.000000,0.000000,0.000000,3419.742676,50.000000,0.000000,0.000000,-0.000000,0.000000,0.000000,3660.632568,50.000000,0.000000,0.000000,-0.000000,0.000000,0.000000,0.000000,-572976.437500,41176.390625,-614152.812500,3807725.250000,3193572.500000
ml,best,368,2026-08-13,3552.458008,10.000000,2223.844727,50.000000,0.000000,0.000000,-0.000000,0.000000,0.000000,3419.742676,50.000000,0.000000,0.000000,-0.000000,0.000000,0.000000,3590.544678,50.000000,0.000000,0.000000,-0.000000,0.000000,0.000000,0.000000,-572976.437500,41176.390625,-614152.812500,3807725.250000,3193572.500000
ml,best,368,2026-08-14,3571.239258,10.000000,2223.844727,50.000000,0.000000,0.000000,-0.000000,0.000000,0.000000,3419.742676,50.000000,0.000000,0.000000,-0.000000,0.000000,0.000000,3596.708740,50.000000,0.000000,0.000000,-0.000000,0.000000,0.000000,0.000000,-572976.437500,41176.390625,-614152.812500,3807725.250000,3193572.500000
ml,best,368,2026-08-15,3580.726562,10.000000,2223.844727,50.000000,0.000000,0.000000,-0.000000,0.000000,0.000000,3419.742676,50.000000,0.000000,0.000000,-0.000000,0.000000,0.000000,3595.867676,50.000000,0.000000,0.000000,-0.000000,0.000000,0.000000,0.000000,-572976.437500,41176.390625,-614152.812500,3807725.250000,3193572.500000
ml,best,368,2026-08-16,3542.663574,10.000000,2223.844727,50.000000,0.000000,0.000000,-0.000000,0.000000,0.000000,3419.742676,50.000000,0.000000,0.000000,-0.000000,0.000000,0.000000,3560.918457,50.000000,0.000000,0.000000,-0.000000,0.000000,0.000000,0.000000,-572976.437500,41176.390625,-614152.812500,3807725.250000,3193572.500000
ml,best,368,2026-08-17,3541.511719,10.000000,2223.844727,50.000000,0.000000,0.000000,-0.000000,0.000000,0.000000,3419.742676,50.000000,0.000000,0.000000,-0.000000,0.000000,0.000000,3553.009766,50.000000,0.000000,0.000000,-0.000000,0.000000,0.000000,0.000000,-572976.437500,41176.390625,-614152.812500,3807725.250000,3193572.500000
ml,best,368,2026-08-18,3475.507568,10.000000,2223.844727,50.000000,0.000000,0.000000,-0.000000,0.000000,0.000000,3419.742676,50.000000,0.000000,0.000000,-0.000000,0.000000,0.000000,3513.101807,50.000000,0.000000,0.000000,-0.000000,0.000000,0.000000,0.000000,-572976.437500,41176.390625,-614152.812500,3807725.250000,3193572.500000
ml,best,368,2026-08-19,3488.281738,10.000000,2223.844727,50.000000,0.000000,0.000000,-0.000000,0.000000,0.000000,3419.742676,50.000000,0.000000,0.000000,-0.000000,0.000000,0.000000,3494.358643,50.000000,0.000000,0.000000,-0.000000,0.000000,0.000000,0.000000,-572976.437500,41176.390625,-614152.812500,3807725.250000,3193572.500000
ml,best,368,2026-08-20,3590.054688,10.000000,2223.844727,50.000000,0.000000,0.000000,-0.000000,0.000000,0.000000,3419.742676,50.000000,0.000000,0.000000,-0.000000,0.000000,0.000000,3612.076172,50.000000,0.000000,0.000000,-0.000000,0.000000,0.000000,0.000000,-572976.437500,41176.390625,-614152.812500,3807725.250000,3193572.500000
ml,best,368,2026-08-21,3620.303223,10.000000,2223.844727,50.000000,0.000000,0.000000,-0.000000,0.000000,0.000000,3419.742676,50.000000,0.000000,0.000000,-0.000000,0.000000,0.000000,3621.262207,50.000000,0.000000,0.000000,-0.000000,0.000000,0.000000,0.000000,-572976.437500,41176.390625,-614152.812500,3807725.250000,3193572.500000
ml,best,368,2026-08-22,3633.828125,10.000000,2223.844727,50.000000,0.000000,0.000000,-0.000000,0.000000,0.000000,3419.742676,50.000000,0.000000,0.000000,-0.000000,0.000000,0.000000,3652.004395,50.000000,0.000000,0.000000,-0.000000,0.000000,0.000000,0.000000,-572976.437500,41176.390625,-614152.812500,3807725.250000,3193572.500000
ml,best,368,2026-08-23,3630.062988,10.000000,2223.844727,50.000000,0.000000,0.000000,-0.000000,0.000000,0.000000,3419.742676,50.000000,0.000000,0.000000,-0.000000,0.000000,0.000000,3619.385498,50.000000,0.000000,0.000000,-0.000000,0.000000,0.000000,0.000000,-572976.437500,41176.390625,-614152.812500,3807725.250000,3193572.500000
ml,best,368,2026-08-24,3595.509277,10.000000,2223.844727,50.000000,0.000000,0.000000,-0.000000,0.000000,0.000000,3419.742676,50.000000,0.000000,0.000000,-0.000000,0.000000,0.000000,3640.100586,50.000000,0.000000,0.000000,-0.000000,0.000000,0.000000,0.000000,-572976.437500,41176.390625,-614152.812500,3807725.250000,3193572.500000
ml,best,368,2026-08-25,3590.801025,10.000000,2223.844727,50.000000,0.000000,0.000000,-0.000000,0.000000,0.000000,3419.742676,50.000000,0.000000,0.000000,-0.000000,0.000000,0.000000,3633.081543,50.000000,0.000000,0.000000,-0.000000,0.000000,0.000000,0.000000,-572976.437500,41176.390625,-614152.812500,3807725.250000,3193572.500000
ml,best,368,2026-08-26,3601.106201,10.000000,2223.844727,50.000000,0.000000,0.000000,-0.000000,0.000000,0.000000,3419.742676,50.000000,0.000000,0.000000,-0.000000,0.000000,0.000000,3611.903809,50.000000,0.000000,0.000000,-0.000000,0.000000,0.000000,0.000000,-572976.437500,41176.390625,-614152.812500,3807725.250000,3193572.500000
ml,best,368,2026-08-27,3558.290039,10.000000,2223.844727,50.000000,0.000000,0.000000,-0.000000,0.000000,0.000000,3419.742676,50.000000,0.000000,0.000000,-0.000000,0.000000,0.000000,3570.390625,50.000000,0.000000,0.000000,-0.000000,0.000000,0.000000,0.000000,-572976.437500,41176.390625,-614152.812500,3807725.250000,3193572.500000
ml,best,368,2026-08-28,3646.228027,10.000000,2223.844727,50.000000,0.000000,0.000000,-0.000000,0.000000,0.000000,3419.742676,50.000000,0.000000,0.000000,-0.000000,0.000000,0.000000,3682.525391,50.000000,0.000000,0.000000,-0.000000,0.000000,0.000000,0.000000,-572976.437500,41176.390625,-614152.812500,3807725.250000,3193572.500000
ml,best,368,2026-08-29,3619.419678,10.000000,2223.844727,50.000000,0.000000,0.000000,-0.000000,0.000000,0.000000,3419.742676,50.000000,0.000000,0.000000,-0.000000,0.000000,0.000000,3658.181152,50.000000,0.000000,0.000000,-0.000000,0.000000,0.000000,0.000000,-572976.437500,41176.390625,-614152.812500,3807725.250000,3193572.500000
ml,best,368,2026-08-30,3649.108398,10.000000,2223.844727,50.000000,0.000000,0.000000,-0.000000,0.000000,0.000000,3419.742676,50.000000,0.000000,0.000000,-0.000000,0.000000,0.000000,3695.577637,50.000000,0.000000,0.000000,-0.000000,0.000000,0.000000,0.000000,-572976.437500,41176.390625,-614152.812500,3807725.250000,3193572.500000
ml,best,368,2026-08-31,3624.075439,10.000000,2223.844727,50.000000,0.000000,0.000000,-0.000000,0.000000,0.000000,3419.742676,50.000000,0.000000,0.000000,-0.000000,0.000000,0.000000,3647.047119,50.000000,0.000000,0.000000,-0.000000,0.000000,0.000000,0.000000,-572976.437500,41176.390625,-614152.812500,3807725.250000,3193572.500000
ml,best,368,2026-09-01,3596.489990,10.000000,2223.844727,50.000000,0.000000,0.000000,-0.000000,0.000000,0.000000,3419.742676,50.000000,0.000000,0.000000,-0.000000,0.000000,0.000000,3624.174316,50.000000,0.000000,0.000000,-0.000000,0.000000,0.000000,0.000000,-572976.437500,41176.390625,-614152.812500,3807725.250000,3193572.500000
ml,best,368,2026-09-02,3538.551025,10.000000,2223.844727,50.000000,0.000000,0.000000,-0.000000,0.000000,0.000000,3419.742676,50.000000,0.000000,0.000000,-0.000000,0.000000,0.000000,3561.278564,50.000000,0.000000,0.000000,-0.000000,0.000000,0.000000,0.000000,-572976.437500,41176.390625,-614152.812500,3807725.250000,3193572.500000
ml,best,368,2026-09-03,3507.860840,10.000000,2223.844727,50.000000,0.000000,0.000000,-0.000000,0.000000,0.000000,3419.742676,50.000000,0.000000,0.000000,-0.000000,0.000000,0.000000,3585.782959,50.000000,0.000000,0.000000,-0.000000,0.000000,0.000000,0.000000,-572976.437500,41176.390625,-614152.812500,3807725.250000,3193572.500000
ml,best,368,2026-09-04,3492.189697,10.000000,2223.844727,50.000000,0.000000,0.000000,-0.000000,0.000000,0.000000,3419.742676,50.000000,0.000000,0.000000,-0.000000,0.000000,0.000000,3543.721191,50.000000,0.000000,0.000000,-0.000000,0.000000,0.000000,0.000000,-572976.437500,41176.390625,-614152.812500,3807725.250000,3193572.500000
ml,best,368,2026-09-05,3496.485107,10.000000,2223.844727,50.000000,0.000000,0.000000,-0.000000,0.000000,0.000000,3419.742676,50.000000,0.000000,0.000000,-0.000000,0.000000,0.000000,3524.617188,50.000000,0.000000,0.000000,-0.000000,0.000000,0.000000,0.000000,-572976.437500,41176.390625,-614152.812500,3807725.250000,3193572.500000
ml,best,368,2026-09-06,3513.009766,10.000000,2223.844727,50.000000,0.000000,0.000000,-0.000000,0.000000,0.000000,3419.742676,50.000000,0.000000,0.000000,-0.000000,0.000000,0.000000,3546.322998,50.000000,0.000000,0.000000,-0.000000,0.000000,0.000000,0.000000,-572976.437500,41176.390625,-614152.812500,3807725.250000,3193572.500000
ml,best,368,2026-09-07,3559.841064,10.000000,2223.844727,50.000000,0.000000,0.000000,-0.000000,0.000000,0.000000,3419.742676,50.000000,0.000000,0.000000,-0.000000,0.000000,0.000000,3588.465088,50.000000,0.000000,0.000000,-0.000000,0.000000,0.000000,0.000000,-572976.437500,41176.390625,-614152.812500,3807725.250000,3193572.500000
ml,best,368,2026-09-08,3552.617432,10.000000,2223.844727,50.000000,0.000000,0.000000,-0.000000,0.000000,0.000000,3419.742676,50.000000,0.000000,0.000000,-0.000000,0.000000,0.000000,3580.282227,50.000000,0.000000,0.000000,-0.000000,0.000000,0.000000,0.000000,-572976.437500,41176.390625,-614152.812500,3807725.250000,3193572.500000
ml,best,368,2026-09-09,3511.341797,10.000000,2223.844727,50.000000,0.000000,0.000000,-0.000000,0.000000,0.000000,3419.742676,50.000000,0.000000,0.000000,-0.000000,0.000000,0.000000,3512.217773,50.000000,0.000000,0.000000,-0.000000,0.000000,0.000000,0.000000,-572976.437500,41176.390625,-614152.812500,3807725.250000,3193572.500000
ml,best,368,2026-09-10,3514.313477,10.000000,2223.844727,50.000000,0.000000,0.000000,-0.000000,0.000000,0.000000,3419.742676,50.000000,0.000000,0.000000,-0.000000,0.000000,0.000000,3534.451660,50.000000,0.000000,0.000000,-0.000000,0.000000,0.000000,0.000000,-572976.437500,41176.390625,-614152.812500,3807725.250000,3193572.500000
ml,best,368,2026-09-11,3522.571289,10.000000,2223.844727,50.000000,0.000000,0.000000,-0.000000,0.000000,0.000000,3419.742676,50.000000,0.000000,0.000000,-0.000000,0.000000,0.000000,3548.689453,50.000000,0.000000,0.000000,-0.000000,0.000000,0.000000,0.000000,-572976.437500,41176.390625,-614152.812500,3807725.250000,3193572.500000
ml,best,368,2026-09-12,3512.674805,10.000000,2223.844727,50.000000,0.000000,0.000000,-0.000000,0.000000,0.000000,3419.742676,50.000000,0.000000,0.000000,-0.000000,0.000000,0.000000,3523.850586,50.000000,0.000000,0.000000,-0.000000,0.000000,0.000000,0.000000,-572976.437500,41176.390625,-614152.812500,3807725.250000,3193572.500000
ml,best,368,2026-09-13,3503.330811,10.000000,2223.844727,50.000000,0.000000,0.000000,-0.000000,0.000000,0.000000,3419.742676,50.000000,0.000000,0.000000,-0.000000,0.000000,0.000000,3528.495605,50.000000,0.000000,0.000000,-0.000000,0.000000,0.000000,0.000000,-572976.437500,41176.390625,-614152.812500,3807725.250000,3193572.500000
ml,best,368,2026-09-14,3523.810791,10.000000,2223.844727,50.000000,0.000000,0.000000,-0.000000,0.000000,0.000000,3419.742676,50.000000,0.000000,0.000000,-0.000000,0.000000,0.000000,3575.167725,50.000000,0.000000,0.000000,-0.000000,0.000000,0.000000,0.000000,-572976.437500,41176.390625,-614152.812500,3807725.250000,3193572.500000
ml,best,368,2026-09-15,3510.973633,10.000000,2223.844727,50.000000,0.000000,0.000000,-0.000000,0.000000,0.000000,3419.742676,50.000000,0.000000,0.000000,-0.000000,0.000000,0.000000,3536.171875,50.000000,0.000000,0.000000,-0.000000,0.000000,0.000000,0.000000,-572976.437500,41176.390625,-614152.812500,3807725.250000,3193572.500000
ml,best,368,2026-09-16,3582.472168,10.000000,2223.844727,50.000000,0.000000,0.000000,-0.000000,0.000000,0.000000,3419.742676,50.000000,0.000000,0.000000,-0.000000,0.000000,0.000000,3619.717285,50.000000,0.000000,0.000000,-0.000000,0.000000,0.000000,0.000000,-572976.437500,41176.390625,-614152.812500,3807725.250000,3193572.500000
ml,best,368,2026-09-17,3536.759277,10.000000,2223.844727,50.000000,0.000000,0.000000,-0.000000,0.000000,0.000000,3419.742676,50.000000,0.000000,0.000000,-0.000000,0.000000,0.000000,3528.715088,50.000000,0.000000,0.000000,-0.000000,0.000000,0.000000,0.000000,-572976.437500,41176.390625,-614152.812500,3807725.250000,3193572.500000
ml,best,368,2026-09-18,3518.945068,10.000000,2223.844727,50.000000,0.000000,0.000000,-0.000000,0.000000,0.000000,3419.742676,50.000000,0.000000,0.000000,-0.000000,0.000000,0.000000,3521.235596,50.000000,0.000000,0.000000,-0.000000,0.000000,0.000000,0.000000,-572976.437500,41176.390625,-614152.812500,3807725.250000,3193572.500000
ml,best,368,2026-09-19,3502.161621,10.000000,2223.844727,50.000000,0.000000,0.000000,-0.000000,0.000000,0.000000,3419.742676,50.000000,0.000000,0.000000,-0.000000,0.000000,0.000000,3505.853271,50.000000,0.000000,0.000000,-0.000000,0.000000,0.000000,0.000000,-572976.437500,41176.390625,-614152.812500,3807725.250000,3193572.500000
ml,best,368,2026-09-20,3512.798828,10.000000,2223.844727,50.000000,0.000000,0.000000,-0.000000,0.000000,0.000000,3419.742676,50.000000,0.000000,0.000000,-0.000000,0.000000,0.000000,3532.318359,50.000000,0.000000,0.000000,-0.000000,0.000000,0.000000,0.000000,-572976.437500,41176.390625,-614152.812500,3807725.250000,3193572.500000
ml,best,368,2026-09-21,3475.600586,10.000000,2223.844727,50.000000,0.000000,0.000000,-0.000000,0.000000,0.000000,3419.742676,50.000000,0.000000,0.000000,-0.000000,0.000000,0.000000,3488.011475,50.000000,0.000000,0.000000,-0.000000,0.000000,0.000000,0.000000,-572976.437500,41176.390625,-614152.812500,3807725.250000,3193572.500000
ml,best,368,2026-09-22,3387.610596,10.000000,2223.844727,50.000000,0.000000,0.000000,-0.000000,0.000000,0.000000,3419.742676,50.000000,0.000000,0.000000,-0.000000,0.000000,0.000000,3413.358643,50.000000,0.000000,0.000000,-0.000000,0.000000,0.000000,0.000000,-572976.437500,41176.390625,-614152.812500,3807725.250000,3193572.500000
ml,best,368,2026-09-23,3389.452637,10.000000,2223.844727,50.000000,0.000000,0.000000,-0.000000,0.000000,0.000000,3419.742676,50.000000,0.000000,0.000000,-0.000000,0.000000,0.000000,3410.740967,50.000000,0.000000,0.000000,-0.000000,0.000000,0.000000,0.000000,-572976.437500,41176.390625,-614152.812500,3807725.250000,3193572.500000
ml,best,368,2026-09-24,3374.342529,10.000000,2223.844727,50.000000,0.000000,0.000000,-0.000000,0.000000,0.000000,3419.742676,50.000000,0.000000,0.000000,-0.000000,0.000000,0.000000,3407.097656,50.000000,0.000000,0.000000,-0.000000,0.000000,0.000000,0.000000,-572976.437500,41176.390625,-614152.812500,3807725.250000,3193572.500000
ml,best,368,2026-09-25,3362.155273,10.000000,2223.844727,50.000000,0.000000,0.000000,-0.000000,0.000000,0.000000,3419.742676,50.000000,0.000000,0.000000,-0.000000,0.000000,0.000000,3383.808350,50.000000,0.000000,0.000000,-0.000000,0.000000,0.000000,0.000000,-572976.437500,41176.390625,-614152.812500,3807725.250000,3193572.500000
ml,best,368,2026-09-26,3344.180420,10.000000,2223.844727,50.000000,0.000000,0.000000,-0.000000,0.000000,0.000000,3419.742676,50.000000,0.000000,0.000000,-0.000000,0.000000,0.000000,3350.205566,50.000000,0.000000,0.000000,-0.000000,0.000000,0.000000,0.000000,-572976.437500,41176.390625,-614152.812500,3807725.250000,3193572.500000
ml,best,368,2026-09-27,3342.235352,10.000000,2223.844727,50.000000,0.000000,0.000000,-0.000000,0.000000,0.000000,3419.742676,50.000000,0.000000,0.000000,-0.000000,0.000000,0.000000,3349.273438,50.000000,0.000000,0.000000,-0.000000,0.000000,0.000000,0.000000,-572976.437500,41176.390625,-614152.812500,3807725.250000,3193572.500000
ml,best,368,2026-09-28,3323.619141,10.000000,2223.844727,50.000000,0.000000,0.000000,-0.000000,0.000000,0.000000,3419.742676,50.000000,0.000000,0.000000,-0.000000,0.000000,0.000000,3340.409668,50.000000,0.000000,0.000000,-0.000000,0.000000,0.000000,0.000000,-572976.437500,41176.390625,-614152.812500,3807725.250000,3193572.500000
ml,best,368,2026-09-29,3313.880127,10.000000,2223.844727,50.000000,0.000000,0.000000,-0.000000,0.000000,0.000000,3419.742676,50.000000,0.000000,0.000000,-0.000000,0.000000,0.000000,3327.727295,50.000000,0.000000,0.000000,-0.000000,0.000000,0.000000,0.000000,-572976.437500,41176.390625,-614152.812500,3807725.250000,3193572.500000
ml,best,368,2026-09-30,3282.840088,10.000000,2223.844727,50.000000,0.000000,0.000000,-0.000000,0.000000,0.000000,3419.742676,50.000000,0.000000,0.000000,-0.000000,0.000000,0.000000,3343.748047,50.000000,0.000000,0.000000,-0.000000,0.000000,0.000000,0.000000,-572976.437500,41176.390625,-614152.812500,3807725.250000,3193572.500000
ml,best,368,2026-10-01,3302.821533,10.000000,2223.844727,50.000000,0.000000,0.000000,-0.000000,0.000000,0.000000,3419.742676,50.000000,0.000000,0.000000,-0.000000,0.000000,0.000000,3339.869141,50.000000,0.000000,0.000000,-0.000000,0.000000,0.000000,0.000000,-572976.437500,41176.390625,-614152.812500,3807725.250000,3193572.500000
ml,best,368,2026-10-02,3328.887939,10.000000,2223.844727,50.000000,0.000000,0.000000,-0.000000,0.000000,0.000000,3419.742676,50.000000,0.000000,0.000000,-0.000000,0.000000,0.000000,3379.045898,50.000000,0.000000,0.000000,-0.000000,0.000000,0.000000,0.000000,-572976.437500,41176.390625,-614152.812500,3807725.250000,3193572.500000
ml,best,368,2026-10-03,3326.916992,10.000000,2223.844727,50.000000,0.000000,0.000000,-0.000000,0.000000,0.000000,3419.742676,50.000000,0.000000,0.000000,-0.000000,0.000000,0.000000,3364.127930,50.000000,0.000000,0.000000,-0.000000,0.000000,0.000000,0.000000,-572976.437500,41176.390625,-614152.812500,3807725.250000,3193572.500000
ml,best,368,2026-10-04,3272.474854,10.000000,2223.844727,50.000000,0.000000,0.000000,-0.000000,0.000000,0.000000,3419.742676,50.000000,0.000000,0.000000,-0.000000,0.000000,0.000000,3288.453613,50.000000,0.000000,0.000000,-0.000000,0.000000,0.000000,0.000000,-572976.437500,41176.390625,-614152.812500,3807725.250000,3193572.500000
ml,best,368,2026-10-05,3240.085449,10.000000,2223.844727,50.000000,0.000000,0.000000,-0.000000,0.000000,0.000000,3419.742676,50.000000,0.000000,0.000000,-0.000000,0.000000,0.000000,3257.560791,50.000000,-7.000000,-7.000000,1140146.250000,570.073181,-1140146.250000,-1140146.250000,567169.812500,41746.464844,-614722.875000,3807725.250000,3193002.500000
ml,best,368,2026-10-06,3197.515381,10.000000,2223.844727,50.000000,0.000000,0.000000,-0.000000,0.000000,0.000000,3419.742676,50.000000,0.000000,0.000000,-0.000000,0.000000,0.000000,3206.226807,50.000000,-14.000000,-7.000000,1122179.375000,561.089722,-2244358.750000,-2244358.750000,1689349.250000,42307.554688,-597317.062500,3807725.250000,3210408.250000
ml,best,368,2026-10-07,3138.661865,10.000000,2223.844727,50.000000,0.000000,0.000000,-0.000000,0.000000,0.000000,3419.742676,50.000000,0.000000,0.000000,-0.000000,0.000000,0.000000,3128.302002,50.000000,-21.000000,-7.000000,1094905.625000,547.452881,-3284717.250000,-3284717.250000,2784254.750000,42855.007812,-543317.500000,3807725.250000,3264407.750000
ml,best,368,2026-10-08,3112.817383,10.000000,2223.844727,50.000000,0.000000,0.000000,-0.000000,0.000000,0.000000,3419.742676,50.000000,0.000000,0.000000,-0.000000,0.000000,0.000000,3109.672852,50.000000,-14.000000,7.000000,-1088385.500000,544.192688,-2176771.000000,-2176771.000000,1695869.250000,43399.203125,-524300.937500,3807725.250000,3283424.250000
ml,best,368,2026-10-09,3122.167725,10.000000,2223.844727,50.000000,0.000000,0.000000,-0.000000,0.000000,0.000000,3419.742676,50.000000,0.000000,0.000000,-0.000000,0.000000,0.000000,3119.672363,50.000000,-4.000000,10.000000,-1559836.125000,779.918152,-623934.500000,-623934.500000,136033.187500,44179.117188,-532080.437500,3807725.250000,3275644.750000
ml,best,368,2026-10-10,3174.763184,10.000000,2223.844727,50.000000,0.000000,0.000000,-0.000000,0.000000,0.000000,3419.742676,50.000000,0.000000,0.000000,-0.000000,0.000000,0.000000,3189.298340,50.000000,-4.000000,0.000000,-0.000000,0.000000,-637859.687500,-637859.687500,136033.187500,44179.117188,-546005.625000,3807725.250000,3261719.500000
ml,best,368,2026-10-11,3168.362793,10.000000,2223.844727,50.000000,0.000000,0.000000,-0.000000,0.000000,0.000000,3419.742676,50.000000,0.000000,0.000000,-0.000000,0.000000,0.000000,3150.158203,50.000000,-4.000000,0.000000,-0.000000,0.000000,-630031.625000,-630031.625000,136033.187500,44179.117188,-538177.562500,3807725.250000,3269547.750000
ml,best,368,2026-10-12,3182.930176,10.000000,2223.844727,50.000000,0.000000,0.000000,-0.000000,0.000000,0.000000,3419.742676,50.000000,0.000000,0.000000,-0.000000,0.000000,0.000000,3211.598389,50.000000,-4.000000,0.000000,-0.000000,0.000000,-642319.687500,-642319.687500,136033.187500,44179.117188,-550465.625000,3807725.250000,3257259.500000
ml,best,368,2026-10-13,3169.181885,10.000000,2223.844727,50.000000,0.000000,0.000000,-0.000000,0.000000,0.000000,3419.742676,50.000000,0.000000,0.000000,-0.000000,0.000000,0.000000,3190.284180,50.000000,-11.000000,-7.000000,1116599.375000,558.299683,-1754656.250000,-1754656.250000,1252632.500000,44737.417969,-546761.187500,3807725.250000,3260964.000000
ml,best,368,2026-10-14,3150.150146,10.000000,2223.844727,50.000000,0.000000,0.000000,-0.000000,0.000000,0.000000,3419.742676,50.000000,0.000000,0.000000,-0.000000,0.000000,0.000000,3179.952637,50.000000,-4.000000,7.000000,-1112983.375000,556.491699,-635990.500000,-635990.500000,139649.187500,45293.910156,-541635.250000,3807725.250000,3266090.000000
ml,best,368,2026-10-15,3149.615234,10.000000,2223.844727,50.000000,0.000000,0.000000,-0.000000,0.000000,0.000000,3419.742676,50.000000,0.000000,0.000000,-0.000000,0.000000,0.000000,3169.673096,50.000000,-3.000000,1.000000,-158483.656250,79.241821,-475450.968750,-475450.968750,-18834.468750,45373.152344,-539658.562500,3807725.250000,3268066.750000
ml,best,368,2026-10-16,3238.787842,10.000000,2223.844727,50.000000,0.000000,0.000000,-0.000000,0.000000,0.000000,3419.742676,50.000000,0.000000,0.000000,-0.000000,0.000000,0.000000,3255.122314,50.000000,0.000000,3.000000,-488268.375000,244.134155,0.000000,0.000000,-507102.843750,45617.285156,-552720.125000,3807725.250000,3255005.000000
ml,best,368,2026-10-17,3244.250244,10.000000,2223.844727,50.000000,0.000000,0.000000,-0.000000,0.000000,0.000000,3419.742676,50.000000,0.000000,0.000000,-0.000000,0.000000,0.000000,3255.584717,50.000000,0.000000,0.000000,-0.000000,0.000000,0.000000,0.000000,-507102.843750,45617.285156,-552720.125000,3807725.250000,3255005.000000
ml,best,368,2026-10-18,3192.957031,10.000000,2223.844727,50.000000,0.000000,0.000000,-0.000000,0.000000,0.000000,3419.742676,50.000000,0.000000,0.000000,-0.000000,0.000000,0.000000,3220.451172,50.000000,0.000000,0.000000,-0.000000,0.000000,0.000000,0.000000,-507102.843750,45617.285156,-552720.125000,3807725.250000,3255005.000000
ml,best,368,2026-10-19,3193.800537,10.000000,2223.844727,50.000000,0.000000,0.000000,-0.000000,0.000000,0.000000,3419.742676,50.000000,0.000000,0.000000,-0.000000,0.000000,0.000000,3199.700928,50.000000,0.000000,0.000000,-0.000000,0.000000,0.000000,0.000000,-507102.843750,45617.285156,-552720.125000,3807725.250000,3255005.000000
ml,best,368,2026-10-20,3187.602295,10.000000,2223.844727,50.000000,0.000000,0.000000,-0.000000,0.000000,0.000000,3419.742676,50.000000,0.000000,0.000000,-0.000000,0.000000,0.000000,3190.263672,50.000000,0.000000,0.000000,-0.000000,0.000000,0.000000,0.000000,-507102.843750,45617.285156,-552720.125000,3807725.250000,3255005.000000
ml,best,368,2026-10-21,3116.676025,10.000000,2223.844727,50.000000,0.000000,0.000000,-0.000000,0.000000,0.000000,3419.742676,50.000000,0.000000,0.000000,-0.000000,0.000000,0.000000,3096.246582,50.000000,0.000000,0.000000,-0.000000,0.000000,0.000000,0.000000,-507102.843750,45617.285156,-552720.125000,3807725.250000,3255005.000000
ml,best,368,2026-10-22,3131.456543,10.000000,2223.844727,50.000000,0.000000,0.000000,-0.000000,0.000000,0.000000,3419.742676,50.000000,0.000000,0.000000,-0.000000,0.000000,0.000000,3134.762207,50.000000,0.000000,0.000000,-0.000000,0.000000,0.000000,0.000000,-507102.843750,45617.285156,-552720.125000,3807725.250000,3255005.000000
ml,best,368,2026-10-23,3133.825439,10.000000,2223.844727,50.000000,0.000000,0.000000,-0.000000,0.000000,0.000000,3419.742676,50.000000,0.000000,0.000000,-0.000000,0.000000,0.000000,3134.383057,50.000000,0.000000,0.000000,-0.000000,0.000000,0.000000,0.000000,-507102.843750,45617.285156,-552720.125000,3807725.250000,3255005.000000
ml,best,368,2026-10-24,3150.198242,10.000000,2223.844727,50.000000,0.000000,0.000000,-0.000000,0.000000,0.000000,3419.742676,50.000000,0.000000,0.000000,-0.000000,0.000000,0.000000,3148.732910,50.000000,0.000000,0.000000,-0.000000,0.000000,0.000000,0.000000,-507102.843750,45617.285156,-552720.125000,3807725.250000,3255005.000000
ml,best,368,2026-10-25,3247.051514,10.000000,2223.844727,50.000000,0.000000,0.000000,-0.000000,0.000000,0.000000,3419.742676,50.000000,0.000000,0.000000,-0.000000,0.000000,0.000000,3259.284912,50.000000,0.000000,0.000000,-0.000000,0.000000,0.000000,0.000000,-507102.843750,45617.285156,-552720.125000,3807725.250000,3255005.000000
ml,best,368,2026-10-26,3350.973877,10.000000,2223.844727,50.000000,0.000000,0.000000,-0.000000,0.000000,0.000000,3419.742676,50.000000,0.000000,0.000000,-0.000000,0.000000,0.000000,3358.729004,50.000000,0.000000,0.000000,-0.000000,0.000000,0.000000,0.000000,-507102.843750,45617.285156,-552720.125000,3807725.250000,3255005.000000
ml,best,368,2026-10-27,3276.896973,10.000000,2223.844727,50.000000,0.000000,0.000000,-0.000000,0.000000,0.000000,3419.742676,50.000000,0.000000,0.000000,-0.000000,0.000000,0.000000,3268.185791,50.000000,0.000000,0.000000,-0.000000,0.000000,0.000000,0.000000,-507102.843750,45617.285156,-552720.125000,3807725.250000,3255005.000000
ml,best,368,2026-10-28,3280.402100,10.000000,2223.844727,50.000000,0.000000,0.000000,-0.000000,0.000000,0.000000,3419.742676,50.000000,0.000000,0.000000,-0.000000,0.000000,0.000000,3287.262207,50.000000,0.000000,0.000000,-0.000000,0.000000,0.000000,0.000000,-507102.843750,45617.285156,-552720.125000,3807725.250000,3255005.000000
ml,best,368,2026-10-29,3273.520508,10.000000,2223.844727,50.000000,0.000000,0.000000,-0.000000,0.000000,0.000000,3419.742676,50.000000,0.000000,0.000000,-0.000000,0.000000,0.000000,3284.798096,50.000000,0.000000,0.000000,-0.000000,0.000000,0.000000,0.000000,-507102.843750,45617.285156,-552720.125000,3807725.250000,3255005.000000
ml,best,368,2026-10-30,3285.489746,10.000000,2223.844727,50.000000,0.000000,0.000000,-0.000000,0.000000,0.000000,3419.742676,50.000000,0.000000,0.000000,-0.000000,0.000000,0.000000,3284.798096,50.000000,0.000000,0.000000,-0.000000,0.000000,0.000000,0.000000,-507102.843750,45617.285156,-552720.125000,3807725.250000,3255005.000000
ml,mean,-1,2026-04-10,2055.000244,10.000000,2026.171753,50.000000,-7.000000,-7.000000,709160.000000,354.580048,-709160.000000,2047.068481,50.000000,-7.000000,-7.000000,716474.062500,358.237000,-716474.062500,2070.749756,50.000000,-7.000000,-7.000000,724762.375000,362.381165,-724762.375000,-2150396.250000,2150396.250000,1075.198242,-1075.198242,4854.180176,3778.984131
ml,mean,-1,2026-04-11,2054.335938,10.000000,2044.938721,50.000000,-7.000000,0.000000,0.000000,0.000000,-715728.437500,2065.900146,50.000000,-7.000000,0.000000,0.000000,0.000000,-723065.062500,2089.521973,50.000000,-7.000000,0.000000,0.000000,0.000000,-731332.750000,-2170126.000000,2150396.250000,1075.198242,-20804.972656,3187.984131,-17616.990234
ml,mean,-1,2026-04-12,2054.470703,10.000000,2052.451416,50.000000,-7.000000,0.000000,0.000000,0.000000,-718358.062500,2073.425293,50.000000,-7.000000,0.000000,0.000000,0.000000,-725698.750000,2096.919434,50.000000,-7.000000,0.000000,0.000000,0.000000,-733921.812500,-2177978.500000,2150396.250000,1075.198242,-28657.285156,3543.687988,-25113.601562
ml,mean,-1,2026-04-13,2054.145996,10.000000,2054.524902,50.000000,-0.160156,6.839844,-703026.187500,351.513092,-16057.431641,2075.344727,50.000000,0.000000,7.000000,-726370.687500,363.185333,0.000000,2098.625000,50.000000,0.000000,7.000000,-734518.750000,367.259369,0.000000,-16057.431641,-13519.193359,2157.156006,-31733.781250,2912.308105,-28821.474609
ml,mean,-1,2026-04-14,2054.384766,10.000000,2056.877441,50.000000,-3.028320,-2.868164,292511.625000,161.697327,-308622.062500,2077.683350,50.000000,-7.000000,-7.000000,727189.187500,363.594604,-727189.187500,2100.823242,50.000000,-7.000000,-7.000000,735288.125000,367.644043,-735288.125000,-1771099.250000,1741469.750000,3050.092285,-32679.707031,7834.154785,-24845.550781
ml,mean,-1,2026-04-15,2054.309570,10.000000,2056.830811,50.000000,-2.026367,1.001953,-101340.570312,250.528290,-207743.125000,2077.617676,50.000000,0.000000,7.000000,-727166.187500,363.583099,0.000000,2100.643311,50.000000,0.000000,7.000000,-735225.125000,367.612549,0.000000,-207743.125000,177737.781250,4031.815918,-34037.164062,11973.058594,-22064.105469
ml,mean,-1,2026-04-16,2054.539307,10.000000,2056.709229,50.000000,-2.392578,-0.366211,36038.417969,216.416458,-244097.125000,2077.408203,50.000000,-7.000000,-7.000000,727093.000000,363.546478,-727093.000000,2100.278076,50.000000,-7.000000,-7.000000,735097.312500,367.548645,-735097.312500,-1706287.375000,1675966.375000,4979.327148,-35300.230469,16761.013672,-18539.218750
ml,mean,-1,2026-04-17,2054.618896,10.000000,2056.806641,50.000000,-1.662109,0.730469,-74130.007812,198.752975,-170060.250000,2077.422119,50.000000,0.000000,7.000000,-727097.687500,363.548859,0.000000,2100.125977,50.000000,0.000000,7.000000,-735044.250000,367.522095,0.000000,-170060.250000,139694.500000,5909.151855,-36274.898438,21162.986328,-15111.915039
ml,mean,-1,2026-04-18,2054.872314,10.000000,2057.426758,50.000000,-1.662109,0.000000,0.000000,0.000000,-170123.031250,2077.897949,50.000000,0.000000,0.000000,0.000000,0.000000,0.000000,2100.446533,50.000000,0.000000,0.000000,0.000000,0.000000,0.000000,-170123.031250,139694.500000,5909.151855,-36337.675781,26190.808594,-10146.866211
ml,mean,-1,2026-04-19,2056.841309,10.000000,2059.185303,50.000000,-1.662109,0.000000,0.000000,0.000000,-170427.156250,2079.624756,50.000000,0.000000,0.000000,0.000000,0.000000,0.000000,2102.054443,50.000000,0.000000,0.000000,0.000000,0.000000,0.000000,-170427.156250,139694.500000,5909.151855,-36641.804688,35362.773438,-1279.032959
ml,mean,-1,2026-04-20,2057.156982,10.000000,2059.033447,50.000000,-2.234375,-0.572266,57546.453125,187.109360,-228159.890625,2079.404541,50.000000,-7.000000,-7.000000,727791.625000,363.895782,-727791.625000,2101.701904,50.000000,-7.000000,-7.000000,735595.687500,367.797852,-735595.687500,-1691547.250000,1660628.250000,6827.954102,-37746.871094,40511.304688,2764.431885
ml,mean,-1,2026-04-21,2058.063721,10.000000,2059.722656,50.000000,-0.986328,1.248047,-127087.171875,155.137451,-101376.796875,2080.014648,50.000000,0.000000,7.000000,-728005.187500,364.002563,0.000000,2102.224365,50.000000,0.000000,7.000000,-735778.437500,367.889221,0.000000,-101376.796875,69757.484375,7714.983398,-39334.300781,47169.347656,7835.049316
ml,mean,-1,2026-04-22,2059.640381,10.000000,2061.058838,50.000000,-1.924805,-0.938477,95305.757812,144.193680,-197024.359375,2081.266602,50.000000,-7.000000,-7.000000,728443.250000,364.221649,-728443.250000,2103.344482,50.000000,-7.000000,-7.000000,736170.562500,368.085266,-736170.562500,-1661638.125000,1629677.125000,8591.484375,-40552.601562,55541.292969,14988.688477
ml,mean,-1,2026-04-23,2060.014893,10.000000,2060.426025,50.000000,-0.705078,1.219727,-125108.093750,123.009766,-72190.531250,2080.623779,50.000000,0.000000,7.000000,-728218.187500,364.109131,0.000000,2102.653320,50.000000,0.000000,7.000000,-735928.625000,367.964294,0.000000,-72190.531250,40422.136719,9446.568359,-41214.957031,60645.101562,19430.140625
ml,mean,-1,2026-04-24,2060.026855,10.000000,2061.040283,50.000000,-1.673828,-0.968750,98802.867188,115.557632,-170968.234375,2081.216309,50.000000,-7.000000,-7.000000,728425.750000,364.212799,-728425.750000,2103.174316,50.000000,-7.000000,-7.000000,736111.000000,368.055511,-736111.000000,-1635505.000000,1603761.875000,10294.393555,-42037.636719,65208.121094,23170.492188
ml,mean,-1,2026-04-25,2061.520508,10.000000,2061.377441,50.000000,-1.673828,0.000000,0.000000,0.000000,-171190.906250,2081.463379,50.000000,-7.000000,0.000000,0.000000,0.000000,-728512.125000,2103.258057,50.000000,-7.000000,0.000000,0.000000,0.000000,-736140.312500,-1635843.250000,1603761.875000,10294.393555,-42375.992188,73149.250000,30773.255859
ml,mean,-1,2026-04-26,2061.566650,10.000000,2062.661133,50.000000,-1.673828,0.000000,0.000000,0.000000,-171251.500000,2082.691895,50.000000,-7.000000,0.000000,0.000000,0.000000,-728942.187500,2104.430908,50.000000,-7.000000,0.000000,0.000000,0.000000,-736550.875000,-1636744.500000,1603761.875000,10294.393555,-43277.140625,77675.085938,34397.945312
ml,mean,-1,2026-04-27,2061.535400,10.000000,2062.308838,50.000000,-0.461914,1.211914,-123886.484375,91.295570,-47509.339844,2082.352783,50.000000,0.000000,7.000000,-728823.500000,364.411713,0.000000,2104.028809,50.000000,0.000000,7.000000,-736410.062500,368.205017,0.000000,-47509.339844,14641.726562,11118.305664,-43985.917969,81884.671875,37898.757812
ml,mean,-1,2026-04-28,2060.801514,10.000000,2061.678223,50.000000,-0.863281,-0.401367,41696.585938,66.080086,-89183.484375,2081.614502,50.000000,-7.000000,-7.000000,728565.187500,364.282593,-728565.187500,2103.153076,50.000000,-7.000000,-7.000000,736103.687500,368.051819,-736103.687500,-1553852.375000,1521007.125000,11916.720703,-44761.902344,84238.382812,39476.476562
ml,mean,-1,2026-04-29,2060.460205,10.000000,2060.172119,50.000000,-0.240234,0.623047,-64605.886719,32.302944,-24937.500000,2080.032227,50.000000,0.000000,7.000000,-728011.375000,364.005646,0.000000,2101.499756,50.000000,0.000000,7.000000,-735524.875000,367.762421,0.000000,-24937.500000,-7134.926270,12680.791992,-44753.218750,87732.398438,42979.183594
ml,mean,-1,2026-04-30,2060.913574,10.000000,2060.172119,50.000000,0.000000,0.240234,-24937.500000,12.468749,0.000000,2080.809326,50.000000,-7.000000,-7.000000,728283.312500,364.141602,-728283.312500,2102.241943,50.000000,-7.000000,-7.000000,735784.625000,367.892303,-735784.625000,-1464067.875000,1431995.500000,13425.293945,-45497.718750,87907.125000,42409.406250
ml,mean,-1,2026-05-01,2060.985352,10.000000,2060.172119,50.000000,0.000000,0.000000,0.000000,0.000000,0.000000,2080.526367,50.000000,0.000000,7.000000,-728184.187500,364.092072,0.000000,2101.949463,50.000000,0.000000,7.000000,-735682.312500,367.841156,0.000000,0.000000,-31870.982422,14157.228516,-46028.210938,87194.781250,41166.570312
ml,mean,-1,2026-05-02,2061.996826,10.000000,2060.172119,50.000000,0.000000,0.000000,0.000000,0.000000,0.000000,2081.818359,50.000000,0.000000,0.000000,0.000000,0.000000,0.000000,2103.236572,50.000000,0.000000,0.000000,0.000000,0.000000,0.000000,0.000000,-31870.982422,14157.228516,-46028.210938,89123.640625,43095.425781
ml,mean,-1,2026-05-03,2061.772949,10.000000,2060.172119,50.000000,0.000000,0.000000,0.000000,0.000000,0.000000,2080.757812,50.000000,0.000000,0.000000,0.000000,0.000000,0.000000,2102.046631,50.000000,0.000000,0.000000,0.000000,0.000000,0.000000,0.000000,-31870.982422,14157.228516,-46028.210938,87795.453125,41767.246094
ml,mean,-1,2026-05-04,2062.498047,10.000000,2060.172119,50.000000,0.000000,0.000000,0.000000,0.000000,0.000000,2080.651367,50.000000,-7.000000,-7.000000,728228.000000,364.114014,-728228.000000,2101.877197,50.000000,-7.000000,-7.000000,735657.062500,367.828522,-735657.062500,-1463885.000000,1432014.000000,14889.169922,-46760.156250,88563.828125,41803.671875
ml,mean,-1,2026-05-05,2063.635498,10.000000,2060.172119,50.000000,0.000000,0.000000,0.000000,0.000000,0.000000,2081.843018,50.000000,0.000000,7.000000,-728645.125000,364.322571,0.000000,2102.996582,50.000000,0.000000,7.000000,-736048.812500,368.024414,0.000000,0.000000,-32679.906250,15621.517578,-48301.425781,90440.062500,42138.636719
ml,mean,-1,2026-05-06,2064.204346,10.000000,2060.172119,50.000000,0.000000,0.000000,0.000000,0.000000,0.000000,2082.711426,50.000000,-7.000000,-7.000000,728949.000000,364.474487,-728949.000000,2103.753906,50.000000,-7.000000,-7.000000,736313.875000,368.156891,-736313.875000,-1465262.875000,1432582.875000,16354.148438,-49034.050781,91081.585938,42047.531250
ml,mean,-1,2026-05-07,2065.369141,10.000000,2060.172119,50.000000,0.000000,0.000000,0.000000,0.000000,0.000000,2083.945557,50.000000,0.000000,7.000000,-729381.000000,364.690430,0.000000,2105.020996,50.000000,0.000000,7.000000,-736757.437500,368.378662,0.000000,0.000000,-33555.335938,17087.216797,-50642.550781,93134.960938,42492.406250
ml,mean,-1,2026-05-08,2065.914062,10.000000,2060.172119,50.000000,0.000000,0.000000,0.000000,0.000000,0.000000,2083.324707,50.000000,-7.000000,-7.000000,729163.625000,364.581787,-729163.625000,2104.324219,50.000000,-7.000000,-7.000000,736513.500000,368.256744,-736513.500000,-1465677.250000,1432121.875000,17820.054688,-51375.390625,93432.210938,42056.816406
ml,mean,-1,2026-05-09,2067.594727,10.000000,2060.172119,50.000000,0.000000,0.000000,0.000000,0.000000,0.000000,2084.428955,50.000000,-7.000000,0.000000,0.000000,0.000000,-729550.125000,2105.429688,50.000000,-7.000000,0.000000,0.000000,0.000000,-736900.500000,-1466450.500000,1432121.875000,17820.054688,-52148.832031,96735.976562,44587.156250
ml,mean,-1,2026-05-10,2068.429199,10.000000,2060.172119,50.000000,0.000000,0.000000,0.000000,0.000000,0.000000,2085.407715,50.000000,-7.000000,0.000000,0.000000,0.000000,-729892.687500,2106.413574,50.000000,-7.000000,0.000000,0.000000,0.000000,-737244.562500,-1467137.250000,1432121.875000,17820.054688,-52835.480469,97794.554688,44959.074219
ml,mean,-1,2026-05-11,2068.085938,10.000000,2060.172119,50.000000,0.000000,0.000000,0.000000,0.000000,0.000000,2084.901367,50.000000,0.000000,7.000000,-729715.500000,364.857727,0.000000,2105.840088,50.000000,0.000000,7.000000,-737044.000000,368.521973,0.000000,0.000000,-34637.675781,18553.435547,-53191.109375,96024.398438,42833.289062
ml,mean,-1,2026-05-12,2068.893066,10.000000,2060.172119,50.000000,0.000000,0.000000,0.000000,0.000000,0.000000,2084.792969,50.000000,-7.000000,-7.000000,729677.500000,364.838745,-729677.500000,2108.065430,50.000000,-7.000000,-7.000000,737822.875000,368.911438,-737822.875000,-1467500.250000,1432862.625000,19287.185547,-53924.855469,97142.750000,43217.894531
ml,mean,-1,2026-05-13,2069.015625,10.000000,2060.172119,50.000000,0.000000,0.000000,0.000000,0.000000,0.000000,2084.014160,50.000000,0.000000,7.000000,-729404.875000,364.702423,0.000000,2107.198975,50.000000,0.000000,7.000000,-737519.625000,368.759827,0.000000,0.000000,-34061.906250,20020.646484,-54082.554688,96629.031250,42546.468750
ml,mean,-1,2026-05-14,2070.552490,10.000000,2060.172119,50.000000,0.000000,0.000000,0.000000,0.000000,0.000000,2085.388428,50.000000,-7.000000,-7.000000,729886.000000,364.942993,-729886.000000,2108.495361,50.000000,-7.000000,-7.000000,737973.437500,368.986694,-737973.437500,-1467859.375000,1433797.500000,20754.576172,-54816.492188,99426.945312,44610.460938
ml,mean,-1,2026-05-15,2071.031494,10.000000,2060.172119,50.000000,0.000000,0.000000,0.000000,0.000000,0.000000,2086.235840,50.000000,0.000000,7.000000,-730182.562500,365.091248,0.000000,2109.224121,50.000000,0.000000,7.000000,-738228.500000,369.114197,0.000000,0.000000,-34613.542969,21488.783203,-56102.328125,99616.367188,43514.035156
ml,mean,-1,2026-05-16,2069.833496,10.000000,2060.172119,50.000000,0.000000,0.000000,0.000000,0.000000,0.000000,2084.785156,50.000000,0.000000,0.000000,0.000000,0.000000,0.000000,2107.743896,50.000000,0.000000,0.000000,0.000000,0.000000,0.000000,0.000000,-34613.542969,21488.783203,-56102.328125,95872.343750,39770.019531
ml,mean,-1,2026-05-17,2070.027832,10.000000,2060.172119,50.000000,0.000000,0.000000,0.000000,0.000000,0.000000,2084.609863,50.000000,0.000000,0.000000,0.000000,0.000000,0.000000,2107.560791,50.000000,0.000000,0.000000,0.000000,0.000000,0.000000,0.000000,-34613.542969,21488.783203,-56102.328125,95469.265625,39366.949219
ml,mean,-1,2026-05-18,2070.402832,10.000000,2060.172119,50.000000,0.000000,0.000000,0.000000,0.000000,0.000000,2084.463867,50.000000,-6.644531,-6.644531,694919.000000,347.459473,-694919.000000,2107.372559,50.000000,-7.000000,-7.000000,737580.437500,368.790253,-737580.437500,-1432499.375000,1397886.000000,22205.033203,-56818.574219,95380.414062,38561.843750
ml,mean,-1,2026-05-19,2070.309570,10.000000,2060.172119,50.000000,0.000000,0.000000,0.000000,0.000000,0.000000,2084.461914,50.000000,-0.225586,6.418945,-672739.687500,358.494965,-22125.185547,2107.304688,50.000000,0.000000,7.000000,-737556.750000,368.778381,0.000000,-22125.185547,-12410.529297,22932.306641,-57468.019531,94093.515625,36625.496094
ml,mean,-1,2026-05-20,2069.921143,10.000000,2060.172119,50.000000,0.000000,0.000000,0.000000,0.000000,0.000000,2084.121338,50.000000,-5.885742,-5.660156,598059.125000,321.046844,-620076.500000,2106.892090,50.000000,-7.000000,-7.000000,737412.250000,368.706116,-737412.250000,-1357488.750000,1323060.750000,23622.060547,-58049.902344,92145.023438,34095.121094
ml,mean,-1,2026-05-21,2070.716309,10.000000,2060.172119,50.000000,0.000000,0.000000,0.000000,0.000000,0.000000,2085.260986,50.000000,-0.567383,5.318359,-565398.000000,337.925232,-55226.257812,2108.041016,50.000000,0.000000,7.000000,-737814.312500,368.907135,0.000000,-55226.257812,19848.521484,24328.892578,-59706.625000,93154.484375,33447.859375
ml,mean,-1,2026-05-22,2072.869629,10.000000,2060.172119,50.000000,0.000000,0.000000,0.000000,0.000000,0.000000,2087.928223,50.000000,-4.450195,-3.882812,415655.968750,263.345764,-471173.718750,2110.634521,50.000000,-7.000000,-7.000000,738722.000000,369.360992,-738722.000000,-1209895.750000,1174226.375000,24961.599609,-60630.847656,97545.187500,36914.347656
ml,mean,-1,2026-05-23,2073.804932,10.000000,2060.172119,50.000000,0.000000,0.000000,0.000000,0.000000,0.000000,2087.693604,50.000000,-4.450195,0.000000,0.000000,0.000000,-471367.500000,2110.406738,50.000000,-7.000000,0.000000,0.000000,0.000000,-738642.250000,-1210009.875000,1174226.375000,24961.599609,-60744.960938,98873.804688,38128.847656
ml,mean,-1,2026-05-24,2074.571777,10.000000,2060.172119,50.000000,0.000000,0.000000,0.000000,0.000000,0.000000,2088.413086,50.000000,-4.450195,0.000000,0.000000,0.000000,-471783.187500,2111.130127,50.000000,-7.000000,0.000000,0.000000,0.000000,-738895.500000,-1210678.750000,1174226.375000,24961.599609,-61413.859375,99700.484375,38286.625000
ml,mean,-1,2026-05-25,2074.482910,10.000000,2060.172119,50.000000,0.000000,0.000000,0.000000,0.000000,0.000000,2088.281250,50.000000,-4.450195,0.000000,0.000000,0.000000,-471804.250000,2110.924316,50.000000,-7.000000,0.000000,0.000000,0.000000,-738823.562500,-1210627.750000,1174226.375000,24961.599609,-61362.968750,98551.656250,37188.695312
ml,mean,-1,2026-05-26,2074.308350,10.000000,2060.172119,50.000000,0.000000,0.000000,0.000000,0.000000,0.000000,2087.650635,50.000000,-1.045898,3.404297,-365632.125000,289.008118,-106192.093750,2110.273682,50.000000,0.000000,7.000000,-738595.750000,369.297852,0.000000,-106192.093750,69998.601562,25619.904297,-61813.390625,97288.617188,35475.234375
ml,mean,-1,2026-05-27,2075.546143,10.000000,2060.172119,50.000000,0.000000,0.000000,0.000000,0.000000,0.000000,2088.086914,50.000000,-2.959961,-1.914062,201494.625000,207.306061,-308053.343750,2110.564453,50.000000,-7.000000,-7.000000,738697.500000,369.348755,-738697.500000,-1046750.875000,1010190.750000,26196.558594,-62756.707031,99359.718750,36603.015625
ml,mean,-1,2026-05-28,2075.752930,10.000000,2060.172119,50.000000,0.000000,0.000000,0.000000,0.000000,0.000000,2088.302734,50.000000,-1.298828,1.661133,-171686.828125,222.647736,-136804.343750,2110.686279,50.000000,0.000000,7.000000,-738740.187500,369.370117,0.000000,-136804.343750,99763.664062,26788.576172,-63829.246094,98893.031250,35063.789062
ml,mean,-1,2026-05-29,2075.441895,10.000000,2060.172119,50.000000,0.000000,0.000000,0.000000,0.000000,0.000000,2087.711670,50.000000,-2.508789,-1.209961,123895.468750,198.923279,-260871.015625,2109.959473,50.000000,-7.000000,-7.000000,738485.812500,369.242889,-738485.812500,-999356.812500,962145.000000,27356.740234,-64568.621094,97355.875000,32787.250000
ml,mean,-1,2026-05-30,2076.009766,10.000000,2060.172119,50.000000,0.000000,0.000000,0.000000,0.000000,0.000000,2088.498291,50.000000,-2.508789,0.000000,0.000000,0.000000,-261312.640625,2110.613770,50.000000,-7.000000,0.000000,0.000000,0.000000,-738714.875000,-1000027.500000,962145.000000,27356.740234,-65239.296875,97799.414062,32560.117188
ml,mean,-1,2026-05-31,2076.327637,10.000000,2060.172119,50.000000,0.000000,0.000000,0.000000,0.000000,0.000000,2087.668945,50.000000,-2.508789,0.000000,0.000000,0.000000,-261595.984375,2109.769531,50.000000,-7.000000,0.000000,0.000000,0.000000,-738419.312500,-1000015.437500,962145.000000,27356.740234,-65227.210938,97653.578125,32426.369141
ml,mean,-1,2026-06-01,2077.110352,10.000000,2060.172119,50.000000,0.000000,0.000000,0.000000,0.000000,0.000000,2089.135742,50.000000,-0.382812,2.125977,-219938.718750,151.722260,-41752.914062,2111.115234,50.000000,0.000000,7.000000,-738890.250000,369.445099,0.000000,-41752.914062,3315.998779,27877.912109,-66314.828125,98713.890625,32399.066406
ml,mean,-1,2026-06-02,2077.506836,10.000000,2060.172119,50.000000,0.000000,0.000000,0.000000,0.000000,0.000000,2089.034180,50.000000,-1.743164,-1.360352,142413.218750,113.195290,-184401.906250,2110.920898,50.000000,-7.000000,-7.000000,738822.375000,369.411133,-738822.375000,-923224.187500,884551.562500,28360.515625,-67033.187500,98791.304688,31758.101562
ml,mean,-1,2026-06-03,2078.506592,10.000000,2060.172119,50.000000,0.000000,0.000000,0.000000,0.000000,0.000000,2089.801758,50.000000,-0.088867,1.654297,-175394.328125,97.319244,-9622.089844,2111.582275,50.000000,0.000000,7.000000,-739053.812500,369.526917,0.000000,-9622.089844,-29896.578125,28827.363281,-68346.031250,100402.976562,32056.957031
ml,mean,-1,2026-06-04,2078.684082,10.000000,2060.172119,50.000000,0.000000,0.000000,0.000000,0.000000,0.000000,2090.029053,50.000000,-1.011719,-0.922852,99364.281250,59.389332,-109071.476562,2111.792480,50.000000,-7.000000,-7.000000,739127.312500,369.563629,-739127.312500,-848198.812500,808595.000000,29256.314453,-68860.085938,99952.578125,31092.494141
ml,mean,-1,2026-06-05,2079.252441,10.000000,2060.172119,50.000000,0.000000,0.000000,0.000000,0.000000,0.000000,2090.606445,50.000000,-0.034180,0.977539,-105921.070312,56.440376,-3479.838867,2112.312500,50.000000,0.000000,7.000000,-739309.250000,369.654663,0.000000,-3479.838867,-36635.359375,29682.410156,-69797.609375,100331.562500,30533.953125
ml,mean,-1,2026-06-06,2078.703369,10.000000,2060.172119,50.000000,0.000000,0.000000,0.000000,0.000000,0.000000,2089.977295,50.000000,-0.034180,0.000000,0.000000,0.000000,-3537.988770,2111.666992,50.000000,0.000000,0.000000,0.000000,0.000000,0.000000,-3537.988770,-36635.359375,29682.410156,-69855.757812,98146.726562,28290.960938
ml,mean,-1,2026-06-07,2080.274658,10.000000,2060.172119,50.000000,0.000000,0.000000,0.000000,0.000000,0.000000,2090.887695,50.000000,-0.034180,0.000000,0.000000,0.000000,-3576.885254,2112.526611,50.000000,0.000000,0.000000,0.000000,0.000000,0.000000,-3576.885254,-36635.359375,29682.410156,-69894.648438,101180.578125,31285.921875
ml,mean,-1,2026-06-08,2082.339600,10.000000,2060.172119,50.000000,0.000000,0.000000,0.000000,0.000000,0.000000,2092.432373,50.000000,-0.068359,-0.034180,4027.899170,5.648128,-7662.078125,2114.005127,50.000000,-7.000000,-7.000000,739901.812500,369.950928,-739901.812500,-747563.875000,707294.375000,30058.009766,-70327.546875,105365.570312,35038.015625
ml,mean,-1,2026-06-09,2083.500977,10.000000,2060.172119,50.000000,0.000000,0.000000,0.000000,0.000000,0.000000,2094.054688,50.000000,0.000000,0.068359,-7643.931152,3.821965,0.000000,2115.605469,50.000000,0.000000,7.000000,-740461.875000,370.230957,0.000000,0.000000,-40811.492188,30432.062500,-71243.554688,107337.765625,36094.218750
ml,mean,-1,2026-06-10,2085.075195,10.000000,2060.172119,50.000000,0.000000,0.000000,0.000000,0.000000,0.000000,2095.559814,50.000000,-0.034180,-0.034180,3848.780762,1.924390,-3848.780762,2117.000000,50.000000,-6.753906,-6.753906,717541.625000,358.770782,-717541.625000,-721390.437500,680578.875000,30792.757812,-71604.250000,110357.140625,38752.898438
ml,mean,-1,2026-06-11,2085.121094,10.000000,2060.172119,50.000000,0.000000,0.000000,0.000000,0.000000,0.000000,2094.505859,50.000000,0.000000,0.034180,-3846.672363,1.923336,0.000000,2115.901855,50.000000,-0.184570,6.569336,-699887.875000,367.336151,-17392.255859,-17392.255859,-23155.593750,31162.019531,-71709.867188,109482.671875,37772.812500
ml,mean,-1,2026-06-12,2085.151855,10.000000,2060.172119,50.000000,0.000000,0.000000,0.000000,0.000000,0.000000,2095.221436,50.000000,-0.013672,-0.013672,1225.702148,0.612851,-1225.702148,2116.596436,50.000000,-5.981445,-5.796875,623264.812500,328.962830,-640595.250000,-641820.937500,601334.937500,31491.595703,-71977.617188,108613.750000,36636.125000
ml,mean,-1,2026-06-13,2085.890137,10.000000,2060.172119,50.000000,0.000000,0.000000,0.000000,0.000000,0.000000,2096.136230,50.000000,-0.013672,0.000000,0.000000,0.000000,-1202.256348,2117.575195,50.000000,-5.981445,0.000000,0.000000,0.000000,-641013.062500,-642215.312500,601334.937500,31491.595703,-72371.968750,109429.203125,37057.230469
ml,mean,-1,2026-06-14,2085.805420,10.000000,2060.172119,50.000000,0.000000,0.000000,0.000000,0.000000,0.000000,2095.231445,50.000000,-0.013672,0.000000,0.000000,0.000000,-1182.380615,2116.534668,50.000000,-5.981445,0.000000,0.000000,0.000000,-640688.687500,-641871.062500,601334.937500,31491.595703,-72027.726562,108279.125000,36251.402344
ml,mean,-1,2026-06-15,2085.678223,10.000000,2060.172119,50.000000,0.000000,0.000000,0.000000,0.000000,0.000000,2095.033203,50.000000,-0.003906,0.009766,-854.943970,0.427472,-341.977600,2116.320312,50.000000,-0.635742,5.345703,-578634.312500,351.402710,-62085.535156,-62427.511719,21845.675781,31843.423828,-72425.265625,107073.093750,34647.839844
ml,mean,-1,2026-06-16,2085.896729,10.000000,2060.172119,50.000000,0.000000,0.000000,0.000000,0.000000,0.000000,2095.213135,50.000000,-0.000977,0.002930,-260.508606,0.130254,-80.750679,2116.408936,50.000000,-3.616211,-2.980469,321872.062500,223.176926,-384112.968750,-384193.718750,343457.250000,32066.730469,-72803.203125,106652.992188,33849.785156
ml,mean,-1,2026-06-17,2086.038818,10.000000,2060.172119,50.000000,0.000000,0.000000,0.000000,0.000000,0.000000,2094.350830,50.000000,0.000000,0.000977,-82.439575,0.041220,0.000000,2115.444824,50.000000,-2.002930,1.613281,-175199.750000,297.007660,-209407.796875,-209407.796875,168175.046875,32363.779297,-73596.539062,106050.343750,32453.798828
ml,mean,-1,2026-06-18,2087.285889,10.000000,2060.172119,50.000000,0.000000,0.000000,0.000000,0.000000,0.000000,2095.640137,50.000000,0.000000,0.000000,0.000000,0.000000,0.000000,2116.778809,50.000000,-2.522461,-0.519531,56149.914062,237.709320,-265784.312500,-265784.312500,224324.937500,32601.488281,-74060.828125,108207.687500,34146.863281
ml,mean,-1,2026-06-19,2087.759033,10.000000,2060.172119,50.000000,0.000000,0.000000,0.000000,0.000000,0.000000,2095.904297,50.000000,0.000000,0.000000,0.000000,0.000000,0.000000,2116.932129,50.000000,-2.522461,0.000000,0.000000,0.000000,-266175.843750,-266175.843750,224324.937500,32601.488281,-74452.390625,108467.242188,34014.855469
ml,mean,-1,2026-06-20,2087.760742,10.000000,2060.172119,50.000000,0.000000,0.000000,0.000000,0.000000,0.000000,2095.598633,50.000000,0.000000,0.000000,0.000000,0.000000,0.000000,2116.594727,50.000000,-2.522461,0.000000,0.000000,0.000000,-266297.125000,-266297.125000,224324.937500,32601.488281,-74573.640625,107545.484375,32971.832031
ml,mean,-1,2026-06-21,2088.441406,10.000000,2060.172119,50.000000,0.000000,0.000000,0.000000,0.000000,0.000000,2096.162109,50.000000,0.000000,0.000000,0.000000,0.000000,0.000000,2117.133057,50.000000,-2.522461,0.000000,0.000000,0.000000,-266643.125000,-266643.125000,224324.937500,32601.488281,-74919.671875,108255.031250,33335.367188
ml,mean,-1,2026-06-22,2088.860840,10.000000,2060.172119,50.000000,0.000000,0.000000,0.000000,0.000000,0.000000,2096.533691,50.000000,0.000000,0.000000,0.000000,0.000000,0.000000,2117.472900,50.000000,-1.804688,0.717773,-74985.226562,229.069260,-191576.640625,-191576.640625,149339.718750,32830.554688,-75067.484375,108378.492188,33311.000000
ml,mean,-1,2026-06-23,2089.170898,10.000000,2060.172119,50.000000,0.000000,0.000000,0.000000,0.000000,0.000000,2095.815430,50.000000,0.000000,0.000000,0.000000,0.000000,0.000000,2116.671143,50.000000,-2.119141,-0.314453,31587.351562,207.735855,-223529.531250,-223529.531250,180927.078125,33038.292969,-75640.757812,108233.992188,32593.232422
ml,mean,-1,2026-06-24,2090.967773,10.000000,2060.172119,50.000000,0.000000,0.000000,0.000000,0.000000,0.000000,2098.374512,50.000000,0.000000,0.000000,0.000000,0.000000,0.000000,2119.167725,50.000000,-1.435547,0.683594,-68815.750000,189.674973,-155267.125000,-155267.125000,112111.328125,33227.968750,-76383.750000,111695.609375,35311.855469
ml,mean,-1,2026-06-25,2092.867188,10.000000,2060.172119,50.000000,0.000000,0.000000,0.000000,0.000000,0.000000,2099.860107,50.000000,0.000000,0.000000,0.000000,0.000000,0.000000,2120.620117,50.000000,-1.667969,-0.232422,21967.656250,167.057938,-178041.765625,-178041.765625,134078.968750,33395.027344,-77357.812500,115448.804688,38090.996094
ml,mean,-1,2026-06-26,2092.865234,10.000000,2060.172119,50.000000,0.000000,0.000000,0.000000,0.000000,0.000000,2099.348145,50.000000,0.000000,0.000000,0.000000,0.000000,0.000000,2120.024414,50.000000,-1.285156,0.382812,-40012.222656,158.543533,-138537.437500,-138537.437500,94066.773438,33553.570312,-78024.242188,114450.804688,36426.570312
ml,mean,-1,2026-06-27,2093.321777,10.000000,2060.172119,50.000000,0.000000,0.000000,0.000000,0.000000,0.000000,2100.376465,50.000000,0.000000,0.000000,0.000000,0.000000,0.000000,2121.087402,50.000000,-1.285156,0.000000,0.000000,0.000000,-138999.015625,-138999.015625,94066.773438,33553.570312,-78485.812500,114598.093750,36112.281250
ml,mean,-1,2026-06-28,2094.037842,10.000000,2060.172119,50.000000,0.000000,0.000000,0.000000,0.000000,0.000000,2100.791504,50.000000,0.000000,0.000000,0.000000,0.000000,0.000000,2121.440918,50.000000,-1.285156,0.000000,0.000000,0.000000,-139263.015625,-139263.015625,94066.773438,33553.570312,-78749.812500,115392.796875,36642.992188
ml,mean,-1,2026-06-29,2095.322266,10.000000,2060.172119,50.000000,0.000000,0.000000,0.000000,0.000000,0.000000,2102.121094,50.000000,0.000000,0.000000,0.000000,0.000000,0.000000,2122.715088,50.000000,-0.553711,0.731445,-78502.664062,100.383850,-61132.527344,-61132.527344,15564.105469,33653.953125,-79222.375000,117604.468750,38382.093750
ml,mean,-1,2026-06-30,2094.772217,10.000000,2060.172119,50.000000,0.000000,0.000000,0.000000,0.000000,0.000000,2100.988770,50.000000,0.000000,0.000000,0.000000,0.000000,0.000000,2121.565186,50.000000,-0.594727,-0.041016,4177.991211,63.403393,-65492.390625,-65492.390625,19742.097656,33717.359375,-79467.656250,115260.585938,35792.945312
ml,mean,-1,2026-07-01,2092.830811,10.000000,2060.172119,50.000000,0.000000,0.000000,0.000000,0.000000,0.000000,2097.862305,50.000000,0.000000,0.000000,0.000000,0.000000,0.000000,2118.449219,50.000000,-0.410156,0.184570,-20188.472656,55.264877,-45170.644531,-45170.644531,-446.376587,33772.625000,-79389.640625,109447.093750,30057.460938
ml,mean,-1,2026-07-02,2092.874512,10.000000,2060.172119,50.000000,0.000000,0.000000,0.000000,0.000000,0.000000,2097.791016,50.000000,0.000000,0.000000,0.000000,0.000000,0.000000,2118.376953,50.000000,-0.287109,0.123047,-13078.724609,38.920170,-32380.810547,-32380.810547,-13525.100586,33811.542969,-79717.453125,108601.812500,28884.355469
ml,mean,-1,2026-07-03,2093.614258,10.000000,2060.172119,50.000000,0.000000,0.000000,0.000000,0.000000,0.000000,2098.937744,50.000000,0.000000,0.000000,0.000000,0.000000,0.000000,2119.500977,50.000000,-0.191406,0.095703,-10495.043945,27.322638,-22075.117188,-22075.117188,-24020.146484,33838.867188,-79934.125000,109367.750000,29433.617188
ml,mean,-1,2026-07-04,2093.985596,10.000000,2060.172119,50.000000,0.000000,0.000000,0.000000,0.000000,0.000000,2098.885010,50.000000,0.000000,0.000000,0.000000,0.000000,0.000000,2119.357178,50.000000,-0.191406,0.000000,0.000000,0.000000,-22142.564453,-22142.564453,-24020.146484,33838.867188,-80001.578125,109346.835938,29345.261719
ml,mean,-1,2026-07-05,2094.745605,10.000000,2060.172119,50.000000,0.000000,0.000000,0.000000,0.000000,0.000000,2099.672607,50.000000,0.000000,0.000000,0.000000,0.000000,0.000000,2120.095215,50.000000,-0.191406,0.000000,0.000000,0.000000,-22314.207031,-22314.207031,-24020.146484,33838.867188,-80173.210938,110155.132812,29981.921875
ml,mean,-1,2026-07-06,2095.731201,10.000000,2060.172119,50.000000,0.000000,0.000000,0.000000,0.000000,0.000000,2100.138428,50.000000,0.000000,0.000000,0.000000,0.000000,0.000000,2120.523193,50.000000,-0.075195,0.116211,-13857.162109,15.429806,-8501.226562,-8501.226562,-37877.308594,33854.296875,-80232.828125,111447.304688,31214.480469
ml,mean,-1,2026-07-07,2095.227295,10.000000,2060.172119,50.000000,0.000000,0.000000,0.000000,0.000000,0.000000,2099.512207,50.000000,0.000000,0.000000,0.000000,0.000000,0.000000,2119.759033,50.000000,-0.034180,0.041016,-4803.338379,6.142847,-3741.177246,-3741.177246,-42680.648438,33860.437500,-80282.250000,109590.125000,29307.867188
ml,mean,-1,2026-07-08,2095.014160,10.000000,2060.172119,50.000000,0.000000,0.000000,0.000000,0.000000,0.000000,2099.333984,50.000000,0.000000,0.000000,0.000000,0.000000,0.000000,2119.582520,50.000000,-0.095703,-0.061523,6625.550781,7.145553,-10458.329102,-10458.329102,-36055.093750,33867.582031,-80381.007812,108396.757812,28015.744141
ml,mean,-1,2026-07-09,2095.790527,10.000000,2060.172119,50.000000,0.000000,0.000000,0.000000,0.000000,0.000000,2099.754883,50.000000,0.000000,0.000000,0.000000,0.000000,0.000000,2120.028320,50.000000,-0.082031,0.013672,-1217.138428,9.916517,-9307.948242,-9307.948242,-37272.238281,33877.500000,-80457.687500,109125.835938,28668.156250
ml,mean,-1,2026-07-10,2097.050293,10.000000,2060.172119,50.000000,0.000000,0.000000,0.000000,0.000000,0.000000,2101.799805,50.000000,0.000000,0.000000,0.000000,0.000000,0.000000,2122.085205,50.000000,-0.020508,0.061523,-7329.865723,5.692851,-2027.917969,-2027.917969,-44602.101562,33883.195312,-80513.203125,110623.250000,30110.025391
ml,mean,-1,2026-07-11,2098.906006,10.000000,2060.172119,50.000000,0.000000,0.000000,0.000000,0.000000,0.000000,2103.436035,50.000000,0.000000,0.000000,0.000000,0.000000,0.000000,2123.715576,50.000000,-0.020508,0.000000,0.000000,0.000000,-2030.224121,-2030.224121,-44602.101562,33883.195312,-80515.515625,112995.656250,32480.128906
ml,mean,-1,2026-07-12,2098.749268,10.000000,2060.172119,50.000000,0.000000,0.000000,0.000000,0.000000,0.000000,2101.753906,50.000000,0.000000,0.000000,0.000000,0.000000,0.000000,2122.046875,50.000000,-0.020508,0.000000,0.000000,0.000000,-2061.424072,-2061.424072,-44602.101562,33883.195312,-80546.710938,112110.562500,31563.847656
ml,mean,-1,2026-07-13,2098.267578,10.000000,2060.172119,50.000000,0.000000,0.000000,0.000000,0.000000,0.000000,2100.272461,50.000000,0.000000,0.000000,0.000000,0.000000,0.000000,2120.533203,50.000000,-0.013672,0.006836,-744.385437,1.669765,-1297.572632,-1297.572632,-45346.484375,33884.863281,-80528.914062,110691.968750,30163.058594
ml,mean,-1,2026-07-14,2099.085449,10.000000,2060.172119,50.000000,0.000000,0.000000,0.000000,0.000000,0.000000,2101.373047,50.000000,0.000000,0.000000,0.000000,0.000000,0.000000,2121.663086,50.000000,-0.013672,0.000000,134.453491,1.378625,-1445.852051,-1445.852051,-45212.031250,33886.242188,-80544.117188,111326.421875,30782.289062
ml,mean,-1,2026-07-15,2099.940918,10.000000,2060.172119,50.000000,0.000000,0.000000,0.000000,0.000000,0.000000,2103.406006,50.000000,0.000000,0.000000,0.000000,0.000000,0.000000,2123.722656,50.000000,0.000000,0.013672,-1487.874512,0.743937,0.000000,0.000000,-46699.906250,33886.984375,-80586.890625,111983.062500,31396.175781
ml,mean,-1,2026-07-16,2100.104492,10.000000,2060.172119,50.000000,0.000000,0.000000,0.000000,0.000000,0.000000,2103.433350,50.000000,0.000000,0.000000,0.000000,0.000000,0.000000,2123.741699,50.000000,-0.020508,-0.020508,2556.791016,1.278396,-2556.791016,-2556.791016,-44143.113281,33888.261719,-80588.164062,111697.789062,31109.621094
ml,mean,-1,2026-07-17,2100.119141,10.000000,2060.172119,50.000000,0.000000,0.000000,0.000000,0.000000,0.000000,2102.817871,50.000000,0.000000,0.000000,0.000000,0.000000,0.000000,2123.147461,50.000000,-0.006836,0.013672,-1700.370850,1.696728,-846.542725,-846.542725,-45843.484375,33889.960938,-80579.984375,111249.203125,30669.210938
ml,mean,-1,2026-07-18,2098.822754,10.000000,2060.172119,50.000000,0.000000,0.000000,0.000000,0.000000,0.000000,2100.874756,50.000000,0.000000,0.000000,0.000000,0.000000,0.000000,2121.120117,50.000000,-0.006836,0.000000,0.000000,0.000000,-853.214050,-853.214050,-45843.484375,33889.960938,-80586.656250,109416.453125,28829.802734
ml,mean,-1,2026-07-19,2098.775146,10.000000,2060.172119,50.000000,0.000000,0.000000,0.000000,0.000000,0.000000,2100.771240,50.000000,0.000000,0.000000,0.000000,0.000000,0.000000,2121.022217,50.000000,-0.006836,0.000000,0.000000,0.000000,-855.486938,-855.486938,-45843.484375,33889.960938,-80588.929688,108949.179688,28360.244141
ml,mean,-1,2026-07-20,2098.735596,10.000000,2060.172119,50.000000,0.000000,0.000000,0.000000,0.000000,0.000000,2101.195557,50.000000,0.000000,0.000000,0.000000,0.000000,0.000000,2121.461426,50.000000,-0.006836,0.000000,45.839111,0.888318,-911.237549,-911.237549,-45797.644531,33890.851562,-80599.734375,108494.218750,27894.494141
ml,mean,-1,2026-07-21,2099.724609,10.000000,2060.172119,50.000000,0.000000,0.000000,0.000000,0.000000,0.000000,2102.025391,50.000000,0.000000,0.000000,0.000000,0.000000,0.000000,2122.255127,50.000000,-0.006836,0.000000,-191.392944,0.815976,-720.279846,-720.279846,-45989.039062,33891.664062,-80600.984375,109086.453125,28485.464844
ml,mean,-1,2026-07-22,2100.259277,10.000000,2060.172119,50.000000,0.000000,0.000000,0.000000,0.000000,0.000000,2101.928223,50.000000,0.000000,0.000000,0.000000,0.000000,0.000000,2122.117920,50.000000,0.000000,0.006836,-733.953125,0.366977,0.000000,0.000000,-46722.992188,33892.031250,-80615.023438,109216.539062,28601.507812
ml,mean,-1,2026-07-23,2100.820068,10.000000,2060.172119,50.000000,0.000000,0.000000,0.000000,0.000000,0.000000,2101.896973,50.000000,0.000000,0.000000,0.000000,0.000000,0.000000,2122.046143,50.000000,-0.006836,-0.006836,638.543823,0.319272,-638.543823,-638.543823,-46084.449219,33892.351562,-80615.343750,109346.625000,28731.292969
ml,mean,-1,2026-07-24,2101.418457,10.000000,2060.172119,50.000000,0.000000,0.000000,0.000000,0.000000,0.000000,2103.077148,50.000000,0.000000,0.000000,0.000000,0.000000,0.000000,2123.184814,50.000000,0.000000,0.006836,-660.685608,0.330343,0.000000,0.000000,-46745.132812,33892.679688,-80637.812500,109489.687500,28851.861328
ml,mean,-1,2026-07-25,2102.278320,10.000000,2060.172119,50.000000,0.000000,0.000000,0.000000,0.000000,0.000000,2103.168213,50.000000,0.000000,0.000000,0.000000,0.000000,0.000000,2123.272461,50.000000,0.000000,0.000000,0.000000,0.000000,0.000000,0.000000,-46745.132812,33892.679688,-80637.812500,109751.656250,29113.843750
ml,mean,-1,2026-07-26,2102.261230,10.000000,2060.172119,50.000000,0.000000,0.000000,0.000000,0.000000,0.000000,2103.210205,50.000000,0.000000,0.000000,0.000000,0.000000,0.000000,2123.280273,50.000000,0.000000,0.000000,0.000000,0.000000,0.000000,0.000000,-46745.132812,33892.679688,-80637.812500,109535.718750,28897.904297
ml,mean,-1,2026-07-27,2103.529053,10.000000,2060.172119,50.000000,0.000000,0.000000,0.000000,0.000000,0.000000,2104.252930,50.000000,0.000000,0.000000,0.000000,0.000000,0.000000,2124.300781,50.000000,-0.006836,-0.006836,1075.657959,0.537829,-1075.657959,-1075.657959,-45669.476562,33893.218750,-80638.351562,110018.992188,29380.646484
ml,mean,-1,2026-07-28,2104.724365,10.000000,2060.172119,50.000000,0.000000,0.000000,0.000000,0.000000,0.000000,2105.413086,50.000000,0.000000,0.000000,0.000000,0.000000,0.000000,2125.467529,50.000000,0.000000,0.006836,-1068.452148,0.534226,0.000000,0.000000,-46737.929688,33893.753906,-80631.679688,110374.804688,29743.117188
ml,mean,-1,2026-07-29,2105.175537,10.000000,2060.172119,50.000000,0.000000,0.000000,0.000000,0.000000,0.000000,2105.358398,50.000000,0.000000,0.000000,0.000000,0.000000,0.000000,2125.389160,50.000000,-0.054688,-0.054688,6125.113281,3.062557,-6125.113281,-6125.113281,-40612.816406,33896.816406,-80634.750000,110402.718750,29767.972656
ml,mean,-1,2026-07-30,2106.156494,10.000000,2060.172119,50.000000,0.000000,0.000000,0.000000,0.000000,0.000000,2105.358398,50.000000,0.000000,0.000000,0.000000,0.000000,0.000000,2126.384766,50.000000,-0.013672,0.041016,-4755.701172,3.797104,-1419.253784,-1419.253784,-45368.515625,33900.613281,-80688.382812,110539.796875,29851.414062
ml,mean,-1,2026-07-31,2106.521240,10.000000,2060.172119,50.000000,0.000000,0.000000,0.000000,0.000000,0.000000,2105.358398,50.000000,0.000000,0.000000,0.000000,0.000000,0.000000,2126.106934,50.000000,-0.020508,-0.006836,611.914124,1.735788,-2041.745117,-2041.745117,-44756.601562,33902.347656,-80700.695312,110566.585938,29865.886719
ml,mean,-1,2026-08-01,2105.290039,10.000000,2060.172119,50.000000,0.000000,0.000000,0.000000,0.000000,0.000000,2105.358398,50.000000,0.000000,0.000000,0.000000,0.000000,0.000000,2124.245117,50.000000,-0.020508,0.000000,0.000000,0.000000,-2063.538574,-2063.538574,-44756.601562,33902.347656,-80722.492188,110577.640625,29855.150391
ml,mean,-1,2026-08-02,2104.838379,10.000000,2060.172119,50.000000,0.000000,0.000000,0.000000,0.000000,0.000000,2105.358398,50.000000,0.000000,0.000000,0.000000,0.000000,0.000000,2124.120605,50.000000,-0.020508,0.000000,0.000000,0.000000,-2085.791504,-2085.791504,-44756.601562,33902.347656,-80744.742188,110588.570312,29843.832031
ml,mean,-1,2026-08-03,2104.616211,10.000000,2060.172119,50.000000,0.000000,0.000000,0.000000,0.000000,0.000000,2105.358398,50.000000,0.000000,0.000000,0.000000,0.000000,0.000000,2123.105713,50.000000,-0.013672,0.006836,-504.325195,1.831825,-1579.662476,-1579.662476,-45260.925781,33904.179688,-80744.765625,110599.507812,29854.734375
ml,mean,-1,2026-08-04,2104.888184,10.000000,2060.172119,50.000000,0.000000,0.000000,0.000000,0.000000,0.000000,2105.358398,50.000000,0.000000,0.000000,0.000000,0.000000,0.000000,2123.635986,50.000000,0.000000,0.013672,-1581.954346,0.790977,0.000000,0.000000,-46842.882812,33904.972656,-80747.851562,110610.390625,29862.535156
ml,mean,-1,2026-08-05,2104.366943,10.000000,2060.172119,50.000000,0.000000,0.000000,0.000000,0.000000,0.000000,2105.358398,50.000000,0.000000,0.000000,0.000000,0.000000,0.000000,2123.554932,50.000000,0.000000,0.000000,0.000000,0.000000,0.000000,0.000000,-46842.882812,33904.972656,-80747.851562,110621.296875,29873.437500
ml,mean,-1,2026-08-06,2105.361816,10.000000,2060.172119,50.000000,0.000000,0.000000,0.000000,0.000000,0.000000,2105.358398,50.000000,0.000000,0.000000,0.000000,0.000000,0.000000,2123.824707,50.000000,0.000000,0.000000,0.000000,0.000000,0.000000,0.000000,-46842.882812,33904.972656,-80747.851562,110621.296875,29873.437500
ml,mean,-1,2026-08-07,2106.273438,10.000000,2060.172119,50.000000,0.000000,0.000000,0.000000,0.000000,0.000000,2105.358398,50.000000,0.000000,0.000000,0.000000,0.000000,0.000000,2124.704346,50.000000,-0.006836,-0.006836,649.730164,0.324865,-649.730164,-649.730164,-46193.148438,33905.296875,-80748.171875,110621.296875,29873.113281
ml,mean,-1,2026-08-08,2107.718994,10.000000,2060.172119,50.000000,0.000000,0.000000,0.000000,0.000000,0.000000,2105.358398,50.000000,0.000000,0.000000,0.000000,0.000000,0.000000,2126.804199,50.000000,-0.006836,0.000000,0.000000,0.000000,-663.421936,-663.421936,-46193.148438,33905.296875,-80761.867188,110621.296875,29859.421875
ml,mean,-1,2026-08-09,2107.760254,10.000000,2060.172119,50.000000,0.000000,0.000000,0.000000,0.000000,0.000000,2105.358398,50.000000,0.000000,0.000000,0.000000,0.000000,0.000000,2126.363281,50.000000,-0.006836,0.000000,0.000000,0.000000,-668.671875,-668.671875,-46193.148438,33905.296875,-80767.117188,110621.296875,29854.171875
ml,mean,-1,2026-08-10,2108.074463,10.000000,2060.172119,50.000000,0.000000,0.000000,0.000000,0.000000,0.000000,2105.358398,50.000000,0.000000,0.000000,0.000000,0.000000,0.000000,2126.291016,50.000000,0.000000,0.006836,-662.040466,0.331020,0.000000,0.000000,-46855.195312,33905.628906,-80760.820312,110621.296875,29860.468750
ml,mean,-1,2026-08-11,2108.157959,10.000000,2060.172119,50.000000,0.000000,0.000000,0.000000,0.000000,0.000000,2105.358398,50.000000,0.000000,0.000000,0.000000,0.000000,0.000000,2126.176758,50.000000,0.000000,0.000000,0.000000,0.000000,0.000000,0.000000,-46855.195312,33905.628906,-80760.820312,110621.296875,29860.468750
ml,mean,-1,2026-08-12,2109.125244,10.000000,2060.172119,50.000000,0.000000,0.000000,0.000000,0.000000,0.000000,2105.358398,50.000000,0.000000,0.000000,0.000000,0.000000,0.000000,2126.655762,50.000000,0.000000,0.000000,0.000000,0.000000,0.000000,0.000000,-46855.195312,33905.628906,-80760.820312,110621.296875,29860.468750
ml,mean,-1,2026-08-13,2109.491943,10.000000,2060.172119,50.000000,0.000000,0.000000,0.000000,0.000000,0.000000,2105.358398,50.000000,0.000000,0.000000,0.000000,0.000000,0.000000,2126.807129,50.000000,0.000000,0.000000,0.000000,0.000000,0.000000,0.000000,-46855.195312,33905.628906,-80760.820312,110621.296875,29860.468750
ml,mean,-1,2026-08-14,2110.845459,10.000000,2060.172119,50.000000,0.000000,0.000000,0.000000,0.000000,0.000000,2105.358398,50.000000,0.000000,0.000000,0.000000,0.000000,0.000000,2126.735352,50.000000,0.000000,0.000000,0.000000,0.000000,0.000000,0.000000,-46855.195312,33905.628906,-80760.820312,110621.296875,29860.468750
ml,mean,-1,2026-08-15,2110.827637,10.000000,2060.172119,50.000000,0.000000,0.000000,0.000000,0.000000,0.000000,2105.358398,50.000000,0.000000,0.000000,0.000000,0.000000,0.000000,2126.677734,50.000000,0.000000,0.000000,0.000000,0.000000,0.000000,0.000000,-46855.195312,33905.628906,-80760.820312,110621.296875,29860.468750
ml,mean,-1,2026-08-16,2111.807617,10.000000,2060.172119,50.000000,0.000000,0.000000,0.000000,0.000000,0.000000,2105.358398,50.000000,0.000000,0.000000,0.000000,0.000000,0.000000,2127.018799,50.000000,0.000000,0.000000,0.000000,0.000000,0.000000,0.000000,-46855.195312,33905.628906,-80760.820312,110621.296875,29860.468750
ml,mean,-1,2026-08-17,2112.635498,10.000000,2060.172119,50.000000,0.000000,0.000000,0.000000,0.000000,0.000000,2105.358398,50.000000,0.000000,0.000000,0.000000,0.000000,0.000000,2128.078125,50.000000,-0.006836,-0.006836,619.924133,0.309962,-619.924133,-619.924133,-46235.269531,33905.937500,-80761.125000,110621.296875,29860.160156
ml,mean,-1,2026-08-18,2112.376221,10.000000,2060.172119,50.000000,0.000000,0.000000,0.000000,0.000000,0.000000,2105.358398,50.000000,0.000000,0.000000,0.000000,0.000000,0.000000,2127.689453,50.000000,0.000000,0.006836,-636.882202,0.318441,0.000000,0.000000,-46872.152344,33906.257812,-80778.406250,110621.296875,29842.882812
ml,mean,-1,2026-08-19,2112.408203,10.000000,2060.172119,50.000000,0.000000,0.000000,0.000000,0.000000,0.000000,2105.358398,50.000000,0.000000,0.000000,0.000000,0.000000,0.000000,2127.645508,50.000000,0.000000,0.000000,0.000000,0.000000,0.000000,0.000000,-46872.152344,33906.257812,-80778.406250,110621.296875,29842.882812
ml,mean,-1,2026-08-20,2112.955811,10.000000,2060.172119,50.000000,0.000000,0.000000,0.000000,0.000000,0.000000,2105.358398,50.000000,0.000000,0.000000,0.000000,0.000000,0.000000,2128.099609,50.000000,0.000000,0.000000,0.000000,0.000000,0.000000,0.000000,-46872.152344,33906.257812,-80778.406250,110621.296875,29842.882812
ml,mean,-1,2026-08-21,2114.033447,10.000000,2060.172119,50.000000,0.000000,0.000000,0.000000,0.000000,0.000000,2105.358398,50.000000,0.000000,0.000000,0.000000,0.000000,0.000000,2128.925781,50.000000,-0.006836,-0.006836,713.163208,0.356582,-713.163208,-713.163208,-46158.988281,33906.613281,-80778.765625,110621.296875,29842.525391
ml,mean,-1,2026-08-22,2114.576904,10.000000,2060.172119,50.000000,0.000000,0.000000,0.000000,0.000000,0.000000,2105.358398,50.000000,0.000000,0.000000,0.000000,0.000000,0.000000,2129.273682,50.000000,-0.006836,0.000000,0.000000,0.000000,-649.716064,-649.716064,-46158.988281,33906.613281,-80715.320312,110621.296875,29905.972656
ml,mean,-1,2026-08-23,2114.293701,10.000000,2060.172119,50.000000,0.000000,0.000000,0.000000,0.000000,0.000000,2105.358398,50.000000,0.000000,0.000000,0.000000,0.000000,0.000000,2128.321533,50.000000,-0.006836,0.000000,0.000000,0.000000,-633.014526,-633.014526,-46158.988281,33906.613281,-80698.617188,110621.296875,29922.673828
ml,mean,-1,2026-08-24,2115.354004,10.000000,2060.172119,50.000000,0.000000,0.000000,0.000000,0.000000,0.000000,2105.358398,50.000000,0.000000,0.000000,0.000000,0.000000,0.000000,2129.267822,50.000000,-0.001953,0.004883,-457.246246,0.228623,-182.898514,-182.898514,-46616.234375,33906.843750,-80705.976562,110621.296875,29915.314453
ml,mean,-1,2026-08-25,2115.075195,10.000000,2060.172119,50.000000,0.000000,0.000000,0.000000,0.000000,0.000000,2105.358398,50.000000,0.000000,0.000000,0.000000,0.000000,0.000000,2128.618164,50.000000,0.000000,0.001953,-184.967804,0.092484,0.000000,0.000000,-46801.203125,33906.933594,-80708.140625,110621.296875,29913.152344
ml,mean,-1,2026-08-26,2116.147705,10.000000,2060.172119,50.000000,0.000000,0.000000,0.000000,0.000000,0.000000,2105.358398,50.000000,0.000000,0.000000,0.000000,0.000000,0.000000,2129.123535,50.000000,0.000000,0.000000,0.000000,0.000000,0.000000,0.000000,-46801.203125,33906.933594,-80708.140625,110621.296875,29913.152344
ml,mean,-1,2026-08-27,2116.968262,10.000000,2060.172119,50.000000,0.000000,0.000000,0.000000,0.000000,0.000000,2105.358398,50.000000,0.000000,0.000000,0.000000,0.000000,0.000000,2130.468262,50.000000,0.000000,0.000000,0.000000,0.000000,0.000000,0.000000,-46801.203125,33906.933594,-80708.140625,110621.296875,29913.152344
ml,mean,-1,2026-08-28,2117.836914,10.000000,2060.172119,50.000000,0.000000,0.000000,0.000000,0.000000,0.000000,2105.358398,50.000000,0.000000,0.000000,0.000000,0.000000,0.000000,2131.544189,50.000000,0.000000,0.000000,0.000000,0.000000,0.000000,0.000000,-46801.203125,33906.933594,-80708.140625,110621.296875,29913.152344
ml,mean,-1,2026-08-29,2118.157471,10.000000,2060.172119,50.000000,0.000000,0.000000,0.000000,0.000000,0.000000,2105.358398,50.000000,0.000000,0.000000,0.000000,0.000000,0.000000,2131.066650,50.000000,0.000000,0.000000,0.000000,0.000000,0.000000,0.000000,-46801.203125,33906.933594,-80708.140625,110621.296875,29913.152344
ml,mean,-1,2026-08-30,2118.594238,10.000000,2060.172119,50.000000,0.000000,0.000000,0.000000,0.000000,0.000000,2105.358398,50.000000,0.000000,0.000000,0.000000,0.000000,0.000000,2131.309082,50.000000,0.000000,0.000000,0.000000,0.000000,0.000000,0.000000,-46801.203125,33906.933594,-80708.140625,110621.296875,29913.152344
ml,mean,-1,2026-08-31,2119.824707,10.000000,2060.172119,50.000000,0.000000,0.000000,0.000000,0.000000,0.000000,2105.358398,50.000000,0.000000,0.000000,0.000000,0.000000,0.000000,2131.833496,50.000000,0.000000,0.000000,0.000000,0.000000,0.000000,0.000000,-46801.203125,33906.933594,-80708.140625,110621.296875,29913.152344
ml,mean,-1,2026-09-01,2120.561035,10.000000,2060.172119,50.000000,0.000000,0.000000,0.000000,0.000000,0.000000,2105.358398,50.000000,0.000000,0.000000,0.000000,0.000000,0.000000,2132.932617,50.000000,0.000000,0.000000,0.000000,0.000000,0.000000,0.000000,-46801.203125,33906.933594,-80708.140625,110621.296875,29913.152344
ml,mean,-1,2026-09-02,2121.195557,10.000000,2060.172119,50.000000,0.000000,0.000000,0.000000,0.000000,0.000000,2105.358398,50.000000,0.000000,0.000000,0.000000,0.000000,0.000000,2133.717285,50.000000,0.000000,0.000000,0.000000,0.000000,0.000000,0.000000,-46801.203125,33906.933594,-80708.140625,110621.296875,29913.152344
ml,mean,-1,2026-09-03,2122.009521,10.000000,2060.172119,50.000000,0.000000,0.000000,0.000000,0.000000,0.000000,2105.358398,50.000000,0.000000,0.000000,0.000000,0.000000,0.000000,2134.664795,50.000000,0.000000,0.000000,0.000000,0.000000,0.000000,0.000000,-46801.203125,33906.933594,-80708.140625,110621.296875,29913.152344
ml,mean,-1,2026-09-04,2121.775146,10.000000,2060.172119,50.000000,0.000000,0.000000,0.000000,0.000000,0.000000,2105.358398,50.000000,0.000000,0.000000,0.000000,0.000000,0.000000,2133.434326,50.000000,0.000000,0.000000,0.000000,0.000000,0.000000,0.000000,-46801.203125,33906.933594,-80708.140625,110621.296875,29913.152344
ml,mean,-1,2026-09-05,2122.192871,10.000000,2060.172119,50.000000,0.000000,0.000000,0.000000,0.000000,0.000000,2105.358398,50.000000,0.000000,0.000000,0.000000,0.000000,0.000000,2133.638672,50.000000,0.000000,0.000000,0.000000,0.000000,0.000000,0.000000,-46801.203125,33906.933594,-80708.140625,110621.296875,29913.152344
ml,mean,-1,2026-09-06,2123.489258,10.000000,2060.172119,50.000000,0.000000,0.000000,0.000000,0.000000,0.000000,2105.358398,50.000000,0.000000,0.000000,0.000000,0.000000,0.000000,2135.423340,50.000000,0.000000,0.000000,0.000000,0.000000,0.000000,0.000000,-46801.203125,33906.933594,-80708.140625,110621.296875,29913.152344
ml,mean,-1,2026-09-07,2124.676025,10.000000,2060.172119,50.000000,0.000000,0.000000,0.000000,0.000000,0.000000,2105.358398,50.000000,0.000000,0.000000,0.000000,0.000000,0.000000,2135.663818,50.000000,0.000000,0.000000,0.000000,0.000000,0.000000,0.000000,-46801.203125,33906.933594,-80708.140625,110621.296875,29913.152344
ml,mean,-1,2026-09-08,2125.346924,10.000000,2060.172119,50.000000,0.000000,0.000000,0.000000,0.000000,0.000000,2105.358398,50.000000,0.000000,0.000000,0.000000,0.000000,0.000000,2136.572266,50.000000,0.000000,0.000000,0.000000,0.000000,0.000000,0.000000,-46801.203125,33906.933594,-80708.140625,110621.296875,29913.152344
ml,mean,-1,2026-09-09,2125.596680,10.000000,2060.172119,50.000000,0.000000,0.000000,0.000000,0.000000,0.000000,2105.358398,50.000000,0.000000,0.000000,0.000000,0.000000,0.000000,2135.537842,50.000000,0.000000,0.000000,0.000000,0.000000,0.000000,0.000000,-46801.203125,33906.933594,-80708.140625,110621.296875,29913.152344
ml,mean,-1,2026-09-10,2126.255859,10.000000,2060.172119,50.000000,0.000000,0.000000,0.000000,0.000000,0.000000,2105.358398,50.000000,0.000000,0.000000,0.000000,0.000000,0.000000,2136.436768,50.000000,0.000000,0.000000,0.000000,0.000000,0.000000,0.000000,-46801.203125,33906.933594,-80708.140625,110621.296875,29913.152344
ml,mean,-1,2026-09-11,2126.465820,10.000000,2060.172119,50.000000,0.000000,0.000000,0.000000,0.000000,0.000000,2105.358398,50.000000,0.000000,0.000000,0.000000,0.000000,0.000000,2136.119141,50.000000,0.000000,0.000000,0.000000,0.000000,0.000000,0.000000,-46801.203125,33906.933594,-80708.140625,110621.296875,29913.152344
ml,mean,-1,2026-09-12,2126.460938,10.000000,2060.172119,50.000000,0.000000,0.000000,0.000000,0.000000,0.000000,2105.358398,50.000000,0.000000,0.000000,0.000000,0.000000,0.000000,2136.797852,50.000000,0.000000,0.000000,0.000000,0.000000,0.000000,0.000000,-46801.203125,33906.933594,-80708.140625,110621.296875,29913.152344
ml,mean,-1,2026-09-13,2126.887939,10.000000,2060.172119,50.000000,0.000000,0.000000,0.000000,0.000000,0.000000,2105.358398,50.000000,0.000000,0.000000,0.000000,0.000000,0.000000,2137.373779,50.000000,0.000000,0.000000,0.000000,0.000000,0.000000,0.000000,-46801.203125,33906.933594,-80708.140625,110621.296875,29913.152344
ml,mean,-1,2026-09-14,2126.864746,10.000000,2060.172119,50.000000,0.000000,0.000000,0.000000,0.000000,0.000000,2105.358398,50.000000,0.000000,0.000000,0.000000,0.000000,0.000000,2136.542236,50.000000,0.000000,0.000000,0.000000,0.000000,0.000000,0.000000,-46801.203125,33906.933594,-80708.140625,110621.296875,29913.152344
ml,mean,-1,2026-09-15,2126.431396,10.000000,2060.172119,50.000000,0.000000,0.000000,0.000000,0.000000,0.000000,2105.358398,50.000000,0.000000,0.000000,0.000000,0.000000,0.000000,2135.281982,50.000000,0.000000,0.000000,0.000000,0.000000,0.000000,0.000000,-46801.203125,33906.933594,-80708.140625,110621.296875,29913.152344
ml,mean,-1,2026-09-16,2127.743408,10.000000,2060.172119,50.000000,0.000000,0.000000,0.000000,0.000000,0.000000,2105.358398,50.000000,0.000000,0.000000,0.000000,0.000000,0.000000,2137.156738,50.000000,0.000000,0.000000,0.000000,0.000000,0.000000,0.000000,-46801.203125,33906.933594,-80708.140625,110621.296875,29913.152344
ml,mean,-1,2026-09-17,2126.910400,10.000000,2060.172119,50.000000,0.000000,0.000000,0.000000,0.000000,0.000000,2105.358398,50.000000,0.000000,0.000000,0.000000,0.000000,0.000000,2136.332520,50.000000,0.000000,0.000000,0.000000,0.000000,0.000000,0.000000,-46801.203125,33906.933594,-80708.140625,110621.296875,29913.152344
ml,mean,-1,2026-09-18,2127.697754,10.000000,2060.172119,50.000000,0.000000,0.000000,0.000000,0.000000,0.000000,2105.358398,50.000000,0.000000,0.000000,0.000000,0.000000,0.000000,2135.975342,50.000000,0.000000,0.000000,0.000000,0.000000,0.000000,0.000000,-46801.203125,33906.933594,-80708.140625,110621.296875,29913.152344
ml,mean,-1,2026-09-19,2126.959229,10.000000,2060.172119,50.000000,0.000000,0.000000,0.000000,0.000000,0.000000,2105.358398,50.000000,0.000000,0.000000,0.000000,0.000000,0.000000,2134.875000,50.000000,0.000000,0.000000,0.000000,0.000000,0.000000,0.000000,-46801.203125,33906.933594,-80708.140625,110621.296875,29913.152344
ml,mean,-1,2026-09-20,2127.593262,10.000000,2060.172119,50.000000,0.000000,0.000000,0.000000,0.000000,0.000000,2105.358398,50.000000,0.000000,0.000000,0.000000,0.000000,0.000000,2135.503174,50.000000,0.000000,0.000000,0.000000,0.000000,0.000000,0.000000,-46801.203125,33906.933594,-80708.140625,110621.296875,29913.152344
ml,mean,-1,2026-09-21,2128.872559,10.000000,2060.172119,50.000000,0.000000,0.000000,0.000000,0.000000,0.000000,2105.358398,50.000000,0.000000,0.000000,0.000000,0.000000,0.000000,2136.972412,50.000000,0.000000,0.000000,0.000000,0.000000,0.000000,0.000000,-46801.203125,33906.933594,-80708.140625,110621.296875,29913.152344
ml,mean,-1,2026-09-22,2130.475098,10.000000,2060.172119,50.000000,0.000000,0.000000,0.000000,0.000000,0.000000,2105.358398,50.000000,0.000000,0.000000,0.000000,0.000000,0.000000,2138.429688,50.000000,0.000000,0.000000,0.000000,0.000000,0.000000,0.000000,-46801.203125,33906.933594,-80708.140625,110621.296875,29913.152344
ml,mean,-1,2026-09-23,2132.000488,10.000000,2060.172119,50.000000,0.000000,0.000000,0.000000,0.000000,0.000000,2105.358398,50.000000,0.000000,0.000000,0.000000,0.000000,0.000000,2139.872803,50.000000,0.000000,0.000000,0.000000,0.000000,0.000000,0.000000,-46801.203125,33906.933594,-80708.140625,110621.296875,29913.152344
ml,mean,-1,2026-09-24,2132.396729,10.000000,2060.172119,50.000000,0.000000,0.000000,0.000000,0.000000,0.000000,2105.358398,50.000000,0.000000,0.000000,0.000000,0.000000,0.000000,2139.626221,50.000000,0.000000,0.000000,0.000000,0.000000,0.000000,0.000000,-46801.203125,33906.933594,-80708.140625,110621.296875,29913.152344
ml,mean,-1,2026-09-25,2133.740967,10.000000,2060.172119,50.000000,0.000000,0.000000,0.000000,0.000000,0.000000,2105.358398,50.000000,0.000000,0.000000,0.000000,0.000000,0.000000,2141.615234,50.000000,0.000000,0.000000,0.000000,0.000000,0.000000,0.000000,-46801.203125,33906.933594,-80708.140625,110621.296875,29913.152344
ml,mean,-1,2026-09-26,2132.860596,10.000000,2060.172119,50.000000,0.000000,0.000000,0.000000,0.000000,0.000000,2105.358398,50.000000,0.000000,0.000000,0.000000,0.000000,0.000000,2140.766602,50.000000,0.000000,0.000000,0.000000,0.000000,0.000000,0.000000,-46801.203125,33906.933594,-80708.140625,110621.296875,29913.152344
ml,mean,-1,2026-09-27,2132.689209,10.000000,2060.172119,50.000000,0.000000,0.000000,0.000000,0.000000,0.000000,2105.358398,50.000000,0.000000,0.000000,0.000000,0.000000,0.000000,2140.338867,50.000000,0.000000,0.000000,0.000000,0.000000,0.000000,0.000000,-46801.203125,33906.933594,-80708.140625,110621.296875,29913.152344
ml,mean,-1,2026-09-28,2132.876709,10.000000,2060.172119,50.000000,0.000000,0.000000,0.000000,0.000000,0.000000,2105.358398,50.000000,0.000000,0.000000,0.000000,0.000000,0.000000,2140.989502,50.000000,0.000000,0.000000,0.000000,0.000000,0.000000,0.000000,-46801.203125,33906.933594,-80708.140625,110621.296875,29913.152344
ml,mean,-1,2026-09-29,2133.171143,10.000000,2060.172119,50.000000,0.000000,0.000000,0.000000,0.000000,0.000000,2105.358398,50.000000,0.000000,0.000000,0.000000,0.000000,0.000000,2139.988770,50.000000,0.000000,0.000000,0.000000,0.000000,0.000000,0.000000,-46801.203125,33906.933594,-80708.140625,110621.296875,29913.152344
ml,mean,-1,2026-09-30,2133.133057,10.000000,2060.172119,50.000000,0.000000,0.000000,0.000000,0.000000,0.000000,2105.358398,50.000000,0.000000,0.000000,0.000000,0.000000,0.000000,2139.199707,50.000000,0.000000,0.000000,0.000000,0.000000,0.000000,0.000000,-46801.203125,33906.933594,-80708.140625,110621.296875,29913.152344
ml,mean,-1,2026-10-01,2134.281982,10.000000,2060.172119,50.000000,0.000000,0.000000,0.000000,0.000000,0.000000,2105.358398,50.000000,0.000000,0.000000,0.000000,0.000000,0.000000,2139.774170,50.000000,0.000000,0.000000,0.000000,0.000000,0.000000,0.000000,-46801.203125,33906.933594,-80708.140625,110621.296875,29913.152344
ml,mean,-1,2026-10-02,2133.977051,10.000000,2060.172119,50.000000,0.000000,0.000000,0.000000,0.000000,0.000000,2105.358398,50.000000,0.000000,0.000000,0.000000,0.000000,0.000000,2140.116455,50.000000,0.000000,0.000000,0.000000,0.000000,0.000000,0.000000,-46801.203125,33906.933594,-80708.140625,110621.296875,29913.152344
ml,mean,-1,2026-10-03,2134.538574,10.000000,2060.172119,50.000000,0.000000,0.000000,0.000000,0.000000,0.000000,2105.358398,50.000000,0.000000,0.000000,0.000000,0.000000,0.000000,2140.312500,50.000000,0.000000,0.000000,0.000000,0.000000,0.000000,0.000000,-46801.203125,33906.933594,-80708.140625,110621.296875,29913.152344
ml,mean,-1,2026-10-04,2135.719238,10.000000,2060.172119,50.000000,0.000000,0.000000,0.000000,0.000000,0.000000,2105.358398,50.000000,0.000000,0.000000,0.000000,0.000000,0.000000,2141.734863,50.000000,0.000000,0.000000,0.000000,0.000000,0.000000,0.000000,-46801.203125,33906.933594,-80708.140625,110621.296875,29913.152344
ml,mean,-1,2026-10-05,2135.208740,10.000000,2060.172119,50.000000,0.000000,0.000000,0.000000,0.000000,0.000000,2105.358398,50.000000,0.000000,0.000000,0.000000,0.000000,0.000000,2141.197021,50.000000,-2.770508,-2.770508,296110.125000,148.055069,-296110.125000,-296110.125000,249308.937500,34054.992188,-80856.187500,110621.296875,29765.105469
ml,mean,-1,2026-10-06,2135.076660,10.000000,2060.172119,50.000000,0.000000,0.000000,0.000000,0.000000,0.000000,2105.358398,50.000000,0.000000,0.000000,0.000000,0.000000,0.000000,2140.922852,50.000000,-2.203125,0.567383,-54931.703125,226.398544,-241389.703125,-241389.703125,194377.218750,34281.386719,-81293.859375,110621.296875,29327.433594
ml,mean,-1,2026-10-07,2135.302979,10.000000,2060.172119,50.000000,0.000000,0.000000,0.000000,0.000000,0.000000,2105.358398,50.000000,0.000000,0.000000,0.000000,0.000000,0.000000,2139.718750,50.000000,-2.319336,-0.116211,12420.065430,186.177948,-253824.875000,-253824.875000,206797.281250,34467.562500,-81495.164062,110621.296875,29126.134766
ml,mean,-1,2026-10-08,2135.849365,10.000000,2060.172119,50.000000,0.000000,0.000000,0.000000,0.000000,0.000000,2105.358398,50.000000,0.000000,0.000000,0.000000,0.000000,0.000000,2139.681641,50.000000,-1.816406,0.502930,-49448.308594,175.471222,-204443.375000,-204443.375000,157348.968750,34643.035156,-81737.421875,110621.296875,28883.867188
ml,mean,-1,2026-10-09,2135.876221,10.000000,2060.172119,50.000000,0.000000,0.000000,0.000000,0.000000,0.000000,2105.358398,50.000000,0.000000,0.000000,0.000000,0.000000,0.000000,2139.381836,50.000000,-1.388672,0.427734,-49642.507812,141.574432,-154995.875000,-154995.875000,107706.460938,34784.613281,-82074.015625,110621.296875,28547.273438
ml,mean,-1,2026-10-10,2136.623779,10.000000,2060.172119,50.000000,0.000000,0.000000,0.000000,0.000000,0.000000,2105.358398,50.000000,0.000000,0.000000,0.000000,0.000000,0.000000,2140.540039,50.000000,-1.388672,0.000000,0.000000,0.000000,-155269.468750,-155269.468750,107706.460938,34784.613281,-82347.617188,110621.296875,28273.679688
ml,mean,-1,2026-10-11,2136.488770,10.000000,2060.172119,50.000000,0.000000,0.000000,0.000000,0.000000,0.000000,2105.358398,50.000000,0.000000,0.000000,0.000000,0.000000,0.000000,2139.480469,50.000000,-1.388672,0.000000,0.000000,0.000000,-155518.031250,-155518.031250,107706.460938,34784.613281,-82596.179688,110621.296875,28025.109375
ml,mean,-1,2026-10-12,2136.515381,10.000000,2060.172119,50.000000,0.000000,0.000000,0.000000,0.000000,0.000000,2105.358398,50.000000,0.000000,0.000000,0.000000,0.000000,0.000000,2139.693848,50.000000,-1.388672,0.000000,0.000000,0.000000,-155393.140625,-155393.140625,107706.460938,34784.613281,-82471.289062,110621.296875,28149.998047
ml,mean,-1,2026-10-13,2137.123779,10.000000,2060.172119,50.000000,0.000000,0.000000,0.000000,0.000000,0.000000,2105.358398,50.000000,0.000000,0.000000,0.000000,0.000000,0.000000,2140.261719,50.000000,-0.439453,0.949219,-105056.390625,83.990494,-50691.285156,-50691.285156,2650.064697,34868.601562,-82909.820312,110621.296875,27711.474609
ml,mean,-1,2026-10-14,2138.384277,10.000000,2060.172119,50.000000,0.000000,0.000000,0.000000,0.000000,0.000000,2105.358398,50.000000,0.000000,0.000000,0.000000,0.000000,0.000000,2141.381348,50.000000,-0.362305,0.077148,-9647.293945,33.285755,-41063.285156,-41063.285156,-6997.228516,34901.886719,-82962.406250,110621.296875,27658.894531
ml,mean,-1,2026-10-15,2138.975342,10.000000,2060.172119,50.000000,0.000000,0.000000,0.000000,0.000000,0.000000,2105.358398,50.000000,0.000000,0.000000,0.000000,0.000000,0.000000,2141.894043,50.000000,-0.222656,0.139648,-15783.892578,24.486603,-25135.898438,-25135.898438,-22781.119141,34926.375000,-82843.382812,110621.296875,27777.900391
ml,mean,-1,2026-10-16,2140.604980,10.000000,2060.172119,50.000000,0.000000,0.000000,0.000000,0.000000,0.000000,2105.358398,50.000000,0.000000,0.000000,0.000000,0.000000,0.000000,2143.755371,50.000000,-0.126953,0.095703,-9300.634766,15.087572,-15756.349609,-15756.349609,-32081.755859,34941.460938,-82779.562500,110621.296875,27841.724609
ml,mean,-1,2026-10-17,2141.971436,10.000000,2060.172119,50.000000,0.000000,0.000000,0.000000,0.000000,0.000000,2105.358398,50.000000,0.000000,0.000000,0.000000,0.000000,0.000000,2144.935791,50.000000,-0.126953,0.000000,0.000000,0.000000,-15762.439453,-15762.439453,-32081.755859,34941.460938,-82785.656250,110621.296875,27835.636719
ml,mean,-1,2026-10-18,2141.718750,10.000000,2060.172119,50.000000,0.000000,0.000000,0.000000,0.000000,0.000000,2105.358398,50.000000,0.000000,0.000000,0.000000,0.000000,0.000000,2144.378906,50.000000,-0.126953,0.000000,0.000000,0.000000,-15839.421875,-15839.421875,-32081.755859,34941.460938,-82862.632812,110621.296875,27758.652344
ml,mean,-1,2026-10-19,2139.760010,10.000000,2060.172119,50.000000,0.000000,0.000000,0.000000,0.000000,0.000000,2105.358398,50.000000,0.000000,0.000000,0.000000,0.000000,0.000000,2142.039307,50.000000,-0.050781,0.076172,-10181.424805,8.105049,-5670.354004,-5670.354004,-42263.179688,34949.562500,-82883.101562,110621.296875,27738.191406
ml,mean,-1,2026-10-20,2140.264160,10.000000,2060.172119,50.000000,0.000000,0.000000,0.000000,0.000000,0.000000,2105.358398,50.000000,0.000000,0.000000,0.000000,0.000000,0.000000,2142.382812,50.000000,-0.019531,0.031250,-3359.708740,2.543835,-2358.381592,-2358.381592,-45622.890625,34952.109375,-82933.382812,110621.296875,27687.912109
ml,mean,-1,2026-10-21,2140.025391,10.000000,2060.172119,50.000000,0.000000,0.000000,0.000000,0.000000,0.000000,2105.358398,50.000000,0.000000,0.000000,0.000000,0.000000,0.000000,2141.584473,50.000000,-0.039062,-0.019531,2314.233887,2.114798,-4674.213867,-4674.213867,-43308.648438,34954.222656,-82937.093750,110621.296875,27684.197266
ml,mean,-1,2026-10-22,2141.062500,10.000000,2060.172119,50.000000,0.000000,0.000000,0.000000,0.000000,0.000000,2105.358398,50.000000,0.000000,0.000000,0.000000,0.000000,0.000000,2142.536621,50.000000,-0.027344,0.011719,-1298.600586,2.384068,-3443.894043,-3443.894043,-44607.257812,34956.609375,-83007.757812,110621.296875,27613.533203
ml,mean,-1,2026-10-23,2141.251953,10.000000,2060.172119,50.000000,0.000000,0.000000,0.000000,0.000000,0.000000,2105.358398,50.000000,0.000000,0.000000,0.000000,0.000000,0.000000,2142.197510,50.000000,-0.040039,-0.012695,1430.554443,2.587451,-4859.597656,-4859.597656,-43176.703125,34959.195312,-82995.492188,110621.296875,27625.796875
ml,mean,-1,2026-10-24,2141.639404,10.000000,2060.172119,50.000000,0.000000,0.000000,0.000000,0.000000,0.000000,2105.358398,50.000000,0.000000,0.000000,0.000000,0.000000,0.000000,2143.059570,50.000000,-0.040039,0.000000,0.000000,0.000000,-4852.660645,-4852.660645,-43176.703125,34959.195312,-82988.562500,110621.296875,27632.734375
ml,mean,-1,2026-10-25,2141.716797,10.000000,2060.172119,50.000000,0.000000,0.000000,0.000000,0.000000,0.000000,2105.358398,50.000000,0.000000,0.000000,0.000000,0.000000,0.000000,2143.273438,50.000000,-0.040039,0.000000,0.000000,0.000000,-4873.568359,-4873.568359,-43176.703125,34959.195312,-83009.460938,110621.296875,27611.824219
ml,mean,-1,2026-10-26,2141.849609,10.000000,2060.172119,50.000000,0.000000,0.000000,0.000000,0.000000,0.000000,2105.358398,50.000000,0.000000,0.000000,0.000000,0.000000,0.000000,2143.064941,50.000000,-0.030273,0.009766,-1253.554321,2.305190,-3632.109619,-3632.109619,-44430.253906,34961.500000,-83023.867188,110621.296875,27597.425781
ml,mean,-1,2026-10-27,2142.348877,10.000000,2060.172119,50.000000,0.000000,0.000000,0.000000,0.000000,0.000000,2105.358398,50.000000,0.000000,0.000000,0.000000,0.000000,0.000000,2142.662109,50.000000,-0.024414,0.005859,-606.502441,1.975050,-2996.563232,-2996.563232,-45036.753906,34963.476562,-82996.796875,110621.296875,27624.492188
ml,mean,-1,2026-10-28,2142.381348,10.000000,2060.172119,50.000000,0.000000,0.000000,0.000000,0.000000,0.000000,2105.358398,50.000000,0.000000,0.000000,0.000000,0.000000,0.000000,2142.810059,50.000000,-0.021484,0.002930,-313.266815,1.906361,-2706.550293,-2706.550293,-45350.019531,34965.382812,-83021.953125,110621.296875,27599.332031
ml,mean,-1,2026-10-29,2143.090088,10.000000,2060.172119,50.000000,0.000000,0.000000,0.000000,0.000000,0.000000,2105.358398,50.000000,0.000000,0.000000,0.000000,0.000000,0.000000,2143.609375,50.000000,0.000000,0.021484,-2745.283203,1.372642,0.000000,0.000000,-48095.308594,34966.757812,-83062.054688,110621.296875,27559.226562
ml,mean,-1,2026-10-30,2142.528809,10.000000,2060.172119,50.000000,0.000000,0.000000,0.000000,0.000000,0.000000,2105.358398,50.000000,0.000000,0.000000,0.000000,0.000000,0.000000,2143.609375,50.000000,0.000000,0.000000,0.000000,0.000000,0.000000,0.000000,-48095.308594,34966.757812,-83062.054688,110621.296875,27559.226562
