{"epochs": [{"epoch": 0, "policy_loss": -0.0015965523198246956, "value_loss": 157893771264.0, "entropy": 9.619487762451172, "advantage_mean": -529413.8125, "advantage_std": 188423.171875, "average_reward": -1.5769107341766357, "min_util_terminal": -7.045248985290527, "average_net_pnl": -283626.39252471924, "std_net_pnl": 523546.04109326645, "worst_net_pnl": -2015122.5, "p5_net_pnl": -1137406.7125, "action_abs_mean": 9.914177894592285, "min_entropy_decision": 8.833317756652832, "min_n_feasible_decision": 57.0, "frac_post_settle_holding": 1.0, "rollout_time_seconds": 1.3921746029991482, "update_time_seconds": 2.4847343750006985, "decision_interval_business_days": 1}, {"epoch": 1, "policy_loss": -0.0016820535529404879, "value_loss": 148440023040.0, "entropy": 9.612199783325195, "advantage_mean": -513553.21875, "advantage_std": 182096.828125, "average_reward": -1.4889914989471436, "min_util_terminal": -8.336957931518555, "average_net_pnl": -269846.3766336441, "std_net_pnl": 492831.4661003804, "worst_net_pnl": -2564615.0, "p5_net_pnl": -1122301.825, "action_abs_mean": 9.882168769836426, "min_entropy_decision": 8.829864501953125, "min_n_feasible_decision": 57.0, "frac_post_settle_holding": 1.0, "rollout_time_seconds": 2.343187256999954, "update_time_seconds": 2.4107313140011684, "decision_interval_business_days": 1}, {"epoch": 2, "policy_loss": -0.0016189186135306954, "value_loss": 137077940224.0, "entropy": 9.59935188293457, "advantage_mean": -493023.46875, "advantage_std": 176267.15625, "average_reward": -1.4729046821594238, "min_util_terminal": -7.057478904724121, "average_net_pnl": -267616.19875717163, "std_net_pnl": 479148.4060722696, "worst_net_pnl": -2019999.75, "p5_net_pnl": -1076180.1125, "action_abs_mean": 9.743279457092285, "min_entropy_decision": 8.821372032165527, "min_n_feasible_decision": 57.0, "frac_post_settle_holding": 1.0, "rollout_time_seconds": 1.2777273719984805, "update_time_seconds": 2.35880076399917, "decision_interval_business_days": 1}, {"epoch": 3, "policy_loss": -0.0012386293383315206, "value_loss": 126988148736.0, "entropy": 9.583459854125977, "advantage_mean": -474276.9375, "advantage_std": 170242.640625, "average_reward": -1.4986857175827026, "min_util_terminal": -7.511833190917969, "average_net_pnl": -275429.56729125977, "std_net_pnl": 483084.5767066731, "worst_net_pnl": -2205470.25, "p5_net_pnl": -1121216.53125, "action_abs_mean": 9.577861785888672, "min_entropy_decision": 8.80816650390625, "min_n_feasible_decision": 57.0, "frac_post_settle_holding": 1.0, "rollout_time_seconds": 1.232729126997583, "update_time_seconds": 2.3633294539977214, "decision_interval_business_days": 1}, {"epoch": 4, "policy_loss": -0.0019745153840631247, "value_loss": 117966700544.0, "entropy": 9.566169738769531, "advantage_mean": -456733.03125, "advantage_std": 165295.03125, "average_reward": -1.4258049726486206, "min_util_terminal": -7.134213924407959, "average_net_pnl": -256934.89024543762, "std_net_pnl": 482054.06654564064, "worst_net_pnl": -2050735.0, "p5_net_pnl": -1092222.4375, "action_abs_mean": 9.493658065795898, "min_entropy_decision": 8.784001350402832, "min_n_feasible_decision": 57.0, "frac_post_settle_holding": 1.0, "rollout_time_seconds": 1.2265670519991545, "update_time_seconds": 2.36464018800325, "decision_interval_business_days": 1}, {"epoch": 5, "policy_loss": -0.002025871304795146, "value_loss": 109485760512.0, "entropy": 9.54941177368164, "advantage_mean": -439862.46875, "advantage_std": 159612.875, "average_reward": -1.4307351112365723, "min_util_terminal": -6.973013401031494, "average_net_pnl": -249305.66072559357, "std_net_pnl": 488083.69494635786, "worst_net_pnl": -1986439.375, "p5_net_pnl": -1070699.75625, "action_abs_mean": 9.553239822387695, "min_entropy_decision": 8.771498680114746, "min_n_feasible_decision": 57.0, "frac_post_settle_holding": 1.0, "rollout_time_seconds": 2.4379402340018714, "update_time_seconds": 2.37915620199783, "decision_interval_business_days": 1}, {"epoch": 6, "policy_loss": -0.0018949516816064715, "value_loss": 102687408128.0, "entropy": 9.533855438232422, "advantage_mean": -425655.5, "advantage_std": 155456.5, "average_reward": -1.5141276121139526, "min_util_terminal": -7.25034761428833, "average_net_pnl": -269826.8153152466, "std_net_pnl": 504903.78056878416, "worst_net_pnl": -2097701.75, "p5_net_pnl": -1110336.68125, "action_abs_mean": 9.495294570922852, "min_entropy_decision": 8.75918960571289, "min_n_feasible_decision": 57.0, "frac_post_settle_holding": 1.0, "rollout_time_seconds": 1.217120380999404, "update_time_seconds": 2.3659516600018833, "decision_interval_business_days": 1}, {"epoch": 7, "policy_loss": -0.002108087530359626, "value_loss": 89811730432.0, "entropy": 9.48784351348877, "advantage_mean": -397686.5625, "advantage_std": 146440.109375, "average_reward": -1.3907783031463623, "min_util_terminal": -7.511699676513672, "average_net_pnl": -245820.76747703552, "std_net_pnl": 454644.7089616922, "worst_net_pnl": -2205414.5, "p5_net_pnl": -1012062.2531249999, "action_abs_mean": 9.360836029052734, "min_entropy_decision": 8.764321327209473, "min_n_feasible_decision": 57.0, "frac_post_settle_holding": 1.0, "rollout_time_seconds": 1.2933317250026448, "update_time_seconds": 2.36661863700283, "decision_interval_business_days": 1}, {"epoch": 8, "policy_loss": -0.002167779253795743, "value_loss": 78593581056.0, "entropy": 9.442779541015625, "advantage_mean": -372102.5, "advantage_std": 136880.03125, "average_reward": -1.413871169090271, "min_util_terminal": -6.824985504150391, "average_net_pnl": -240449.934841156, "std_net_pnl": 479493.0143827051, "worst_net_pnl": -1928304.0, "p5_net_pnl": -1029551.9749999999, "action_abs_mean": 9.278749465942383, "min_entropy_decision": 8.741202354431152, "min_n_feasible_decision": 57.0, "frac_post_settle_holding": 1.0, "rollout_time_seconds": 1.2998497830012639, "update_time_seconds": 2.366108547001204, "decision_interval_business_days": 1}, {"epoch": 9, "policy_loss": -0.0026854961179196835, "value_loss": 71633043456.0, "entropy": 9.410017967224121, "advantage_mean": -354650.8125, "advantage_std": 132279.8125, "average_reward": -1.4186680316925049, "min_util_terminal": -6.874753952026367, "average_net_pnl": -244766.78628635406, "std_net_pnl": 479292.4869498105, "worst_net_pnl": -1947753.625, "p5_net_pnl": -1021733.846875, "action_abs_mean": 9.289609909057617, "min_entropy_decision": 8.757109642028809, "min_n_feasible_decision": 57.0, "frac_post_settle_holding": 1.0, "rollout_time_seconds": 2.201307634000841, "update_time_seconds": 2.378891936998116, "decision_interval_business_days": 1}, {"epoch": 10, "policy_loss": -0.002543590497225523, "value_loss": 58539257856.0, "entropy": 9.345914840698242, "advantage_mean": -320562.9375, "advantage_std": 119682.453125, "average_reward": -1.3307536840438843, "min_util_terminal": -7.116107940673828, "average_net_pnl": -225500.9194393158, "std_net_pnl": 470695.808768463, "worst_net_pnl": -2043461.25, "p5_net_pnl": -1018629.85, "action_abs_mean": 9.117205619812012, "min_entropy_decision": 8.758004188537598, "min_n_feasible_decision": 57.0, "frac_post_settle_holding": 1.0, "rollout_time_seconds": 1.2519560780019674, "update_time_seconds": 2.3805641280014243, "decision_interval_business_days": 1}, {"epoch": 11, "policy_loss": -0.0031779776327311993, "value_loss": 49119961088.0, "entropy": 9.277189254760742, "advantage_mean": -292932.9375, "advantage_std": 111476.15625, "average_reward": -1.3304128646850586, "min_util_terminal": -7.3568339347839355, "average_net_pnl": -218717.19646263123, "std_net_pnl": 484601.05611909274, "worst_net_pnl": -2141249.0, "p5_net_pnl": -1029629.184375, "action_abs_mean": 8.936731338500977, "min_entropy_decision": 8.74472713470459, "min_n_feasible_decision": 57.0, "frac_post_settle_holding": 1.0, "rollout_time_seconds": 1.2204090980012552, "update_time_seconds": 2.379112204998819, "decision_interval_business_days": 1}, {"epoch": 12, "policy_loss": -0.0030582791659981012,